Rx_Number,Path_Power_dBm,Interaction_Description,Total_Interactions_for_Path,RSS_dBm,Interaction_Coordinates
1,0.0000,Tx-Rx,0,-74.5641,"-6.00000 -5.60000 0.90000, -9.85000 -7.85000 0.10000"
2,0.0000,Tx-Rx,0,-75.1278,"-6.00000 -5.60000 0.90000, -9.55000 -7.85000 0.10000"
3,0.0000,Tx-Rx,0,-74.1586,"-6.00000 -5.60000 0.90000, -9.25000 -7.85000 0.10000"
4,0.0000,Tx-Rx,0,-77.3797,"-6.00000 -5.60000 0.90000, -8.95000 -7.85000 0.10000"
5,0.0000,Tx-Rx,0,-82.4078,"-6.00000 -5.60000 0.90000, -8.65000 -7.85000 0.10000"
6,0.0000,Tx-Rx,0,-96.4269,"-6.00000 -5.60000 0.90000, -8.35000 -7.85000 0.10000"
7,0.0000,Tx-Rx,0,-71.5301,"-6.00000 -5.60000 0.90000, -8.05000 -7.85000 0.10000"
8,0.0000,Tx-Rx,0,-68.9209,"-6.00000 -5.60000 0.90000, -7.75000 -7.85000 0.10000"
9,0.0000,Tx-Rx,0,-65.6065,"-6.00000 -5.60000 0.90000, -7.45000 -7.85000 0.10000"
10,0.0000,Tx-Rx,0,-62.8140,"-6.00000 -5.60000 0.90000, -7.15000 -7.85000 0.10000"
11,0.0000,Tx-Rx,0,-63.9548,"-6.00000 -5.60000 0.90000, -6.85000 -7.85000 0.10000"
12,0.0000,Tx-Rx,0,-63.9226,"-6.00000 -5.60000 0.90000, -6.55000 -7.85000 0.10000"
13,0.0000,Tx-Rx,0,-61.9692,"-6.00000 -5.60000 0.90000, -6.25000 -7.85000 0.10000"
14,0.0000,Tx-Rx,0,-54.5841,"-6.00000 -5.60000 0.90000, -5.95000 -7.85000 0.10000"
15,0.0000,Tx-Rx,0,-46.0908,"-6.00000 -5.60000 0.90000, -5.65000 -7.85000 0.10000"
16,0.0000,Tx-Rx,0,-46.7630,"-6.00000 -5.60000 0.90000, -5.35000 -7.85000 0.10000"
17,0.0000,Tx-Rx,0,-49.4765,"-6.00000 -5.60000 0.90000, -5.05000 -7.85000 0.10000"
18,0.0000,Tx-Rx,0,-46.2967,"-6.00000 -5.60000 0.90000, -4.75000 -7.85000 0.10000"
19,0.0000,Tx-Rx,0,-46.4173,"-6.00000 -5.60000 0.90000, -4.45000 -7.85000 0.10000"
20,0.0000,Tx-Rx,0,-46.8747,"-6.00000 -5.60000 0.90000, -4.15000 -7.85000 0.10000"
21,0.0000,Tx-Rx,0,-47.2269,"-6.00000 -5.60000 0.90000, -3.85000 -7.85000 0.10000"
22,0.0000,Tx-Rx,0,-47.6627,"-6.00000 -5.60000 0.90000, -3.55000 -7.85000 0.10000"
23,0.0000,Tx-Rx,0,-48.0706,"-6.00000 -5.60000 0.90000, -3.25000 -7.85000 0.10000"
24,0.0000,Tx-Rx,0,-48.5643,"-6.00000 -5.60000 0.90000, -2.95000 -7.85000 0.10000"
25,0.0000,Tx-Rx,0,-49.0681,"-6.00000 -5.60000 0.90000, -2.65000 -7.85000 0.10000"
26,0.0000,Tx-Rx,0,-49.5283,"-6.00000 -5.60000 0.90000, -2.35000 -7.85000 0.10000"
27,0.0000,Tx-Rx,0,-49.8310,"-6.00000 -5.60000 0.90000, -2.05000 -7.85000 0.10000"
28,0.0000,Tx-Rx,0,-50.9875,"-6.00000 -5.60000 0.90000, -1.75000 -7.85000 0.10000"
29,0.0000,Tx-Rx,0,-52.6785,"-6.00000 -5.60000 0.90000, -1.45000 -7.85000 0.10000"
30,0.0000,Tx-Rx,0,-52.5143,"-6.00000 -5.60000 0.90000, -1.15000 -7.85000 0.10000"
31,0.0000,Tx-Rx,0,-52.5127,"-6.00000 -5.60000 0.90000, -0.85000 -7.85000 0.10000"
32,0.0000,Tx-Rx,0,-52.3137,"-6.00000 -5.60000 0.90000, -0.55000 -7.85000 0.10000"
33,0.0000,Tx-Rx,0,-49.2436,"-6.00000 -5.60000 0.90000, -0.25000 -7.85000 0.10000"
34,0.0000,Tx-Rx,0,-54.0284,"-6.00000 -5.60000 0.90000, 0.05000 -7.85000 0.10000"
35,0.0000,Tx-Rx,0,-76.3977,"-6.00000 -5.60000 0.90000, 0.35000 -7.85000 0.10000"
36,0.0000,Tx-Rx,0,-75.7642,"-6.00000 -5.60000 0.90000, 0.65000 -7.85000 0.10000"
37,0.0000,Tx-Rx,0,-75.2854,"-6.00000 -5.60000 0.90000, 0.95000 -7.85000 0.10000"
38,0.0000,Tx-Rx,0,-76.9101,"-6.00000 -5.60000 0.90000, 1.25000 -7.85000 0.10000"
39,0.0000,Tx-Rx,0,-76.2650,"-6.00000 -5.60000 0.90000, 1.55000 -7.85000 0.10000"
40,0.0000,Tx-Rx,0,-75.9314,"-6.00000 -5.60000 0.90000, 1.85000 -7.85000 0.10000"
41,0.0000,Tx-Rx,0,-75.7916,"-6.00000 -5.60000 0.90000, 2.15000 -7.85000 0.10000"
42,0.0000,Tx-Rx,0,-75.2945,"-6.00000 -5.60000 0.90000, 2.45000 -7.85000 0.10000"
43,0.0000,Tx-Rx,0,-83.4529,"-6.00000 -5.60000 0.90000, 2.75000 -7.85000 0.10000"
44,0.0000,Tx-Rx,0,-83.6524,"-6.00000 -5.60000 0.90000, 3.05000 -7.85000 0.10000"
45,0.0000,Tx-Rx,0,-85.2377,"-6.00000 -5.60000 0.90000, 3.35000 -7.85000 0.10000"
46,0.0000,Tx-Rx,0,-86.0551,"-6.00000 -5.60000 0.90000, 3.65000 -7.85000 0.10000"
47,0.0000,Tx-Rx,0,-82.5800,"-6.00000 -5.60000 0.90000, 3.95000 -7.85000 0.10000"
48,0.0000,Tx-Rx,0,-80.8755,"-6.00000 -5.60000 0.90000, 4.25000 -7.85000 0.10000"
49,0.0000,Tx-Rx,0,-87.6351,"-6.00000 -5.60000 0.90000, 4.55000 -7.85000 0.10000"
50,0.0000,Tx-Rx,0,-83.6850,"-6.00000 -5.60000 0.90000, 4.85000 -7.85000 0.10000"
51,0.0000,Tx-Rx,0,-82.6223,"-6.00000 -5.60000 0.90000, 5.15000 -7.85000 0.10000"
52,0.0000,Tx-Rx,0,-79.9810,"-6.00000 -5.60000 0.90000, 5.45000 -7.85000 0.10000"
53,0.0000,Tx-Rx,0,-78.1225,"-6.00000 -5.60000 0.90000, 5.75000 -7.85000 0.10000"
54,0.0000,Tx-Rx,0,-80.6240,"-6.00000 -5.60000 0.90000, 6.05000 -7.85000 0.10000"
55,0.0000,Tx-Rx,0,-77.7804,"-6.00000 -5.60000 0.90000, 6.35000 -7.85000 0.10000"
56,0.0000,Tx-Rx,0,-77.8994,"-6.00000 -5.60000 0.90000, 6.65000 -7.85000 0.10000"
57,0.0000,Tx-Rx,0,-79.1004,"-6.00000 -5.60000 0.90000, 6.95000 -7.85000 0.10000"
58,0.0000,Tx-Rx,0,-77.7166,"-6.00000 -5.60000 0.90000, 7.25000 -7.85000 0.10000"
59,0.0000,Tx-Rx,0,-78.9711,"-6.00000 -5.60000 0.90000, 7.55000 -7.85000 0.10000"
60,0.0000,Tx-Rx,0,-76.3753,"-6.00000 -5.60000 0.90000, 7.85000 -7.85000 0.10000"
61,0.0000,Tx-Rx,0,-74.4961,"-6.00000 -5.60000 0.90000, -9.85000 -7.55000 0.10000"
62,0.0000,Tx-Rx,0,-73.9816,"-6.00000 -5.60000 0.90000, -9.55000 -7.55000 0.10000"
63,0.0000,Tx-Rx,0,-74.3046,"-6.00000 -5.60000 0.90000, -9.25000 -7.55000 0.10000"
64,0.0000,Tx-Rx,0,-79.3895,"-6.00000 -5.60000 0.90000, -8.95000 -7.55000 0.10000"
65,0.0000,Tx-Rx,0,-78.0316,"-6.00000 -5.60000 0.90000, -8.65000 -7.55000 0.10000"
66,0.0000,Tx-Rx,0,-80.5790,"-6.00000 -5.60000 0.90000, -8.35000 -7.55000 0.10000"
67,0.0000,Tx-Rx,0,-71.1555,"-6.00000 -5.60000 0.90000, -8.05000 -7.55000 0.10000"
68,0.0000,Tx-Rx,0,-64.3803,"-6.00000 -5.60000 0.90000, -7.75000 -7.55000 0.10000"
69,0.0000,Tx-Rx,0,-64.7118,"-6.00000 -5.60000 0.90000, -7.45000 -7.55000 0.10000"
70,0.0000,Tx-Rx,0,-62.8670,"-6.00000 -5.60000 0.90000, -7.15000 -7.55000 0.10000"
71,0.0000,Tx-Rx,0,-61.4548,"-6.00000 -5.60000 0.90000, -6.85000 -7.55000 0.10000"
72,0.0000,Tx-Rx,0,-60.8298,"-6.00000 -5.60000 0.90000, -6.55000 -7.55000 0.10000"
73,0.0000,Tx-Rx,0,-56.3182,"-6.00000 -5.60000 0.90000, -6.25000 -7.55000 0.10000"
74,0.0000,Tx-Rx,0,-53.4654,"-6.00000 -5.60000 0.90000, -5.95000 -7.55000 0.10000"
75,0.0000,Tx-Rx,0,-45.0565,"-6.00000 -5.60000 0.90000, -5.65000 -7.55000 0.10000"
76,0.0000,Tx-Rx,0,-44.6069,"-6.00000 -5.60000 0.90000, -5.35000 -7.55000 0.10000"
77,0.0000,Tx-Rx,0,-45.1607,"-6.00000 -5.60000 0.90000, -5.05000 -7.55000 0.10000"
78,0.0000,Tx-Rx,0,-45.5263,"-6.00000 -5.60000 0.90000, -4.75000 -7.55000 0.10000"
79,0.0000,Tx-Rx,0,-45.7030,"-6.00000 -5.60000 0.90000, -4.45000 -7.55000 0.10000"
80,0.0000,Tx-Rx,0,-46.3161,"-6.00000 -5.60000 0.90000, -4.15000 -7.55000 0.10000"
81,0.0000,Tx-Rx,0,-46.9439,"-6.00000 -5.60000 0.90000, -3.85000 -7.55000 0.10000"
82,0.0000,Tx-Rx,0,-47.3466,"-6.00000 -5.60000 0.90000, -3.55000 -7.55000 0.10000"
83,0.0000,Tx-Rx,0,-47.9477,"-6.00000 -5.60000 0.90000, -3.25000 -7.55000 0.10000"
84,0.0000,Tx-Rx,0,-48.4552,"-6.00000 -5.60000 0.90000, -2.95000 -7.55000 0.10000"
85,0.0000,Tx-Rx,0,-48.8816,"-6.00000 -5.60000 0.90000, -2.65000 -7.55000 0.10000"
86,0.0000,Tx-Rx,0,-49.4071,"-6.00000 -5.60000 0.90000, -2.35000 -7.55000 0.10000"
87,0.0000,Tx-Rx,0,-49.7815,"-6.00000 -5.60000 0.90000, -2.05000 -7.55000 0.10000"
88,0.0000,Tx-Rx,0,-50.8595,"-6.00000 -5.60000 0.90000, -1.75000 -7.55000 0.10000"
89,0.0000,Tx-Rx,0,-51.9940,"-6.00000 -5.60000 0.90000, -1.45000 -7.55000 0.10000"
90,0.0000,Tx-Rx,0,-52.2822,"-6.00000 -5.60000 0.90000, -1.15000 -7.55000 0.10000"
91,0.0000,Tx-Rx,0,-52.5619,"-6.00000 -5.60000 0.90000, -0.85000 -7.55000 0.10000"
92,0.0000,Tx-Rx,0,-52.3052,"-6.00000 -5.60000 0.90000, -0.55000 -7.55000 0.10000"
93,0.0000,Tx-Rx,0,-49.1850,"-6.00000 -5.60000 0.90000, -0.25000 -7.55000 0.10000"
94,0.0000,Tx-Rx,0,-53.8349,"-6.00000 -5.60000 0.90000, 0.05000 -7.55000 0.10000"
95,0.0000,Tx-Rx,0,-75.7659,"-6.00000 -5.60000 0.90000, 0.35000 -7.55000 0.10000"
96,0.0000,Tx-Rx,0,-75.1122,"-6.00000 -5.60000 0.90000, 0.65000 -7.55000 0.10000"
97,0.0000,Tx-Rx,0,-74.9253,"-6.00000 -5.60000 0.90000, 0.95000 -7.55000 0.10000"
98,0.0000,Tx-Rx,0,-75.6134,"-6.00000 -5.60000 0.90000, 1.25000 -7.55000 0.10000"
99,0.0000,Tx-Rx,0,-75.6772,"-6.00000 -5.60000 0.90000, 1.55000 -7.55000 0.10000"
100,0.0000,Tx-Rx,0,-75.9403,"-6.00000 -5.60000 0.90000, 1.85000 -7.55000 0.10000"
101,0.0000,Tx-Rx,0,-75.7765,"-6.00000 -5.60000 0.90000, 2.15000 -7.55000 0.10000"
102,0.0000,Tx-Rx,0,-75.6928,"-6.00000 -5.60000 0.90000, 2.45000 -7.55000 0.10000"
103,0.0000,Tx-Rx,0,-84.0859,"-6.00000 -5.60000 0.90000, 2.75000 -7.55000 0.10000"
104,0.0000,Tx-Rx,0,-84.9112,"-6.00000 -5.60000 0.90000, 3.05000 -7.55000 0.10000"
105,0.0000,Tx-Rx,0,-85.2599,"-6.00000 -5.60000 0.90000, 3.35000 -7.55000 0.10000"
106,0.0000,Tx-Rx,0,-84.1678,"-6.00000 -5.60000 0.90000, 3.65000 -7.55000 0.10000"
107,0.0000,Tx-Rx,0,-78.8994,"-6.00000 -5.60000 0.90000, 3.95000 -7.55000 0.10000"
108,0.0000,Tx-Rx,0,-81.4128,"-6.00000 -5.60000 0.90000, 4.25000 -7.55000 0.10000"
109,0.0000,Tx-Rx,0,-85.9924,"-6.00000 -5.60000 0.90000, 4.55000 -7.55000 0.10000"
110,0.0000,Tx-Rx,0,-81.6886,"-6.00000 -5.60000 0.90000, 4.85000 -7.55000 0.10000"
111,0.0000,Tx-Rx,0,-80.6590,"-6.00000 -5.60000 0.90000, 5.15000 -7.55000 0.10000"
112,0.0000,Tx-Rx,0,-79.2002,"-6.00000 -5.60000 0.90000, 5.45000 -7.55000 0.10000"
113,0.0000,Tx-Rx,0,-73.8219,"-6.00000 -5.60000 0.90000, 5.75000 -7.55000 0.10000"
114,0.0000,Tx-Rx,0,-76.2192,"-6.00000 -5.60000 0.90000, 6.05000 -7.55000 0.10000"
115,0.0000,Tx-Rx,0,-76.9044,"-6.00000 -5.60000 0.90000, 6.35000 -7.55000 0.10000"
116,0.0000,Tx-Rx,0,-75.8380,"-6.00000 -5.60000 0.90000, 6.65000 -7.55000 0.10000"
117,0.0000,Tx-Rx,0,-75.3668,"-6.00000 -5.60000 0.90000, 6.95000 -7.55000 0.10000"
118,0.0000,Tx-Rx,0,-75.7118,"-6.00000 -5.60000 0.90000, 7.25000 -7.55000 0.10000"
119,0.0000,Tx-Rx,0,-74.8548,"-6.00000 -5.60000 0.90000, 7.55000 -7.55000 0.10000"
120,0.0000,Tx-Rx,0,-73.1636,"-6.00000 -5.60000 0.90000, 7.85000 -7.55000 0.10000"
121,0.0000,Tx-Rx,0,-74.0417,"-6.00000 -5.60000 0.90000, -9.85000 -7.25000 0.10000"
122,0.0000,Tx-Rx,0,-72.9713,"-6.00000 -5.60000 0.90000, -9.55000 -7.25000 0.10000"
123,0.0000,Tx-Rx,0,-73.2374,"-6.00000 -5.60000 0.90000, -9.25000 -7.25000 0.10000"
124,0.0000,Tx-Rx,0,-77.3644,"-6.00000 -5.60000 0.90000, -8.95000 -7.25000 0.10000"
125,0.0000,Tx-Rx,0,-76.3139,"-6.00000 -5.60000 0.90000, -8.65000 -7.25000 0.10000"
126,0.0000,Tx-Rx,0,-76.3078,"-6.00000 -5.60000 0.90000, -8.35000 -7.25000 0.10000"
127,0.0000,Tx-Rx,0,-53.1299,"-6.00000 -5.60000 0.90000, -8.05000 -7.25000 0.10000"
128,0.0000,Tx-Rx,0,-48.6881,"-6.00000 -5.60000 0.90000, -7.75000 -7.25000 0.10000"
129,0.0000,Tx-Rx,0,-54.4810,"-6.00000 -5.60000 0.90000, -7.45000 -7.25000 0.10000"
130,0.0000,Tx-Rx,0,-56.5388,"-6.00000 -5.60000 0.90000, -7.15000 -7.25000 0.10000"
131,0.0000,Tx-Rx,0,-55.5396,"-6.00000 -5.60000 0.90000, -6.85000 -7.25000 0.10000"
132,0.0000,Tx-Rx,0,-54.5705,"-6.00000 -5.60000 0.90000, -6.55000 -7.25000 0.10000"
133,0.0000,Tx-Rx,0,-48.9114,"-6.00000 -5.60000 0.90000, -6.25000 -7.25000 0.10000"
134,0.0000,Tx-Rx,0,-49.5890,"-6.00000 -5.60000 0.90000, -5.95000 -7.25000 0.10000"
135,0.0000,Tx-Rx,0,-42.7704,"-6.00000 -5.60000 0.90000, -5.65000 -7.25000 0.10000"
136,0.0000,Tx-Rx,0,-43.3136,"-6.00000 -5.60000 0.90000, -5.35000 -7.25000 0.10000"
137,0.0000,Tx-Rx,0,-43.9363,"-6.00000 -5.60000 0.90000, -5.05000 -7.25000 0.10000"
138,0.0000,Tx-Rx,0,-44.5951,"-6.00000 -5.60000 0.90000, -4.75000 -7.25000 0.10000"
139,0.0000,Tx-Rx,0,-44.9953,"-6.00000 -5.60000 0.90000, -4.45000 -7.25000 0.10000"
140,0.0000,Tx-Rx,0,-45.9815,"-6.00000 -5.60000 0.90000, -4.15000 -7.25000 0.10000"
141,0.0000,Tx-Rx,0,-46.6544,"-6.00000 -5.60000 0.90000, -3.85000 -7.25000 0.10000"
142,0.0000,Tx-Rx,0,-47.1517,"-6.00000 -5.60000 0.90000, -3.55000 -7.25000 0.10000"
143,0.0000,Tx-Rx,0,-47.7840,"-6.00000 -5.60000 0.90000, -3.25000 -7.25000 0.10000"
144,0.0000,Tx-Rx,0,-48.2922,"-6.00000 -5.60000 0.90000, -2.95000 -7.25000 0.10000"
145,0.0000,Tx-Rx,0,-48.8038,"-6.00000 -5.60000 0.90000, -2.65000 -7.25000 0.10000"
146,0.0000,Tx-Rx,0,-49.0502,"-6.00000 -5.60000 0.90000, -2.35000 -7.25000 0.10000"
147,0.0000,Tx-Rx,0,-49.4799,"-6.00000 -5.60000 0.90000, -2.05000 -7.25000 0.10000"
148,0.0000,Tx-Rx,0,-50.5640,"-6.00000 -5.60000 0.90000, -1.75000 -7.25000 0.10000"
149,0.0000,Tx-Rx,0,-52.0598,"-6.00000 -5.60000 0.90000, -1.45000 -7.25000 0.10000"
150,0.0000,Tx-Rx,0,-52.3619,"-6.00000 -5.60000 0.90000, -1.15000 -7.25000 0.10000"
151,0.0000,Tx-Rx,0,-52.6317,"-6.00000 -5.60000 0.90000, -0.85000 -7.25000 0.10000"
152,0.0000,Tx-Rx,0,-51.9223,"-6.00000 -5.60000 0.90000, -0.55000 -7.25000 0.10000"
153,0.0000,Tx-Rx,0,-49.0758,"-6.00000 -5.60000 0.90000, -0.25000 -7.25000 0.10000"
154,0.0000,Tx-Rx,0,-54.0066,"-6.00000 -5.60000 0.90000, 0.05000 -7.25000 0.10000"
155,0.0000,Tx-Rx,0,-74.5219,"-6.00000 -5.60000 0.90000, 0.35000 -7.25000 0.10000"
156,0.0000,Tx-Rx,0,-75.7987,"-6.00000 -5.60000 0.90000, 0.65000 -7.25000 0.10000"
157,0.0000,Tx-Rx,0,-75.3460,"-6.00000 -5.60000 0.90000, 0.95000 -7.25000 0.10000"
158,0.0000,Tx-Rx,0,-75.3306,"-6.00000 -5.60000 0.90000, 1.25000 -7.25000 0.10000"
159,0.0000,Tx-Rx,0,-75.8804,"-6.00000 -5.60000 0.90000, 1.55000 -7.25000 0.10000"
160,0.0000,Tx-Rx,0,-75.3786,"-6.00000 -5.60000 0.90000, 1.85000 -7.25000 0.10000"
161,0.0000,Tx-Rx,0,-75.6432,"-6.00000 -5.60000 0.90000, 2.15000 -7.25000 0.10000"
162,0.0000,Tx-Rx,0,-76.5183,"-6.00000 -5.60000 0.90000, 2.45000 -7.25000 0.10000"
163,0.0000,Tx-Rx,0,-83.4333,"-6.00000 -5.60000 0.90000, 2.75000 -7.25000 0.10000"
164,0.0000,Tx-Rx,0,-83.7630,"-6.00000 -5.60000 0.90000, 3.05000 -7.25000 0.10000"
165,0.0000,Tx-Rx,0,-84.4683,"-6.00000 -5.60000 0.90000, 3.35000 -7.25000 0.10000"
166,0.0000,Tx-Rx,0,-81.8463,"-6.00000 -5.60000 0.90000, 3.65000 -7.25000 0.10000"
167,0.0000,Tx-Rx,0,-77.7005,"-6.00000 -5.60000 0.90000, 3.95000 -7.25000 0.10000"
168,0.0000,Tx-Rx,0,-83.0335,"-6.00000 -5.60000 0.90000, 4.25000 -7.25000 0.10000"
169,0.0000,Tx-Rx,0,-86.4746,"-6.00000 -5.60000 0.90000, 4.55000 -7.25000 0.10000"
170,0.0000,Tx-Rx,0,-81.1868,"-6.00000 -5.60000 0.90000, 4.85000 -7.25000 0.10000"
171,0.0000,Tx-Rx,0,-81.2659,"-6.00000 -5.60000 0.90000, 5.15000 -7.25000 0.10000"
172,0.0000,Tx-Rx,0,-79.4584,"-6.00000 -5.60000 0.90000, 5.45000 -7.25000 0.10000"
173,0.0000,Tx-Rx,0,-72.9611,"-6.00000 -5.60000 0.90000, 5.75000 -7.25000 0.10000"
174,0.0000,Tx-Rx,0,-73.0787,"-6.00000 -5.60000 0.90000, 6.05000 -7.25000 0.10000"
175,0.0000,Tx-Rx,0,-75.3263,"-6.00000 -5.60000 0.90000, 6.35000 -7.25000 0.10000"
176,0.0000,Tx-Rx,0,-75.6416,"-6.00000 -5.60000 0.90000, 6.65000 -7.25000 0.10000"
177,0.0000,Tx-Rx,0,-74.7318,"-6.00000 -5.60000 0.90000, 6.95000 -7.25000 0.10000"
178,0.0000,Tx-Rx,0,-75.0745,"-6.00000 -5.60000 0.90000, 7.25000 -7.25000 0.10000"
179,0.0000,Tx-Rx,0,-71.4716,"-6.00000 -5.60000 0.90000, 7.55000 -7.25000 0.10000"
180,0.0000,Tx-Rx,0,-71.5657,"-6.00000 -5.60000 0.90000, 7.85000 -7.25000 0.10000"
181,0.0000,Tx-Rx,0,-73.7283,"-6.00000 -5.60000 0.90000, -9.85000 -6.95000 0.10000"
182,0.0000,Tx-Rx,0,-73.2880,"-6.00000 -5.60000 0.90000, -9.55000 -6.95000 0.10000"
183,0.0000,Tx-Rx,0,-72.8135,"-6.00000 -5.60000 0.90000, -9.25000 -6.95000 0.10000"
184,0.0000,Tx-Rx,0,-77.8193,"-6.00000 -5.60000 0.90000, -8.95000 -6.95000 0.10000"
185,0.0000,Tx-Rx,0,-75.8051,"-6.00000 -5.60000 0.90000, -8.65000 -6.95000 0.10000"
186,0.0000,Tx-Rx,0,-75.1481,"-6.00000 -5.60000 0.90000, -8.35000 -6.95000 0.10000"
187,0.0000,Tx-Rx,0,-49.7892,"-6.00000 -5.60000 0.90000, -8.05000 -6.95000 0.10000"
188,0.0000,Tx-Rx,0,-44.7327,"-6.00000 -5.60000 0.90000, -7.75000 -6.95000 0.10000"
189,0.0000,Tx-Rx,0,-45.3435,"-6.00000 -5.60000 0.90000, -7.45000 -6.95000 0.10000"
190,0.0000,Tx-Rx,0,-51.2223,"-6.00000 -5.60000 0.90000, -7.15000 -6.95000 0.10000"
191,0.0000,Tx-Rx,0,-52.9420,"-6.00000 -5.60000 0.90000, -6.85000 -6.95000 0.10000"
192,0.0000,Tx-Rx,0,-51.9533,"-6.00000 -5.60000 0.90000, -6.55000 -6.95000 0.10000"
193,0.0000,Tx-Rx,0,-44.5204,"-6.00000 -5.60000 0.90000, -6.25000 -6.95000 0.10000"
194,0.0000,Tx-Rx,0,-47.1618,"-6.00000 -5.60000 0.90000, -5.95000 -6.95000 0.10000"
195,0.0000,Tx-Rx,0,-41.9762,"-6.00000 -5.60000 0.90000, -5.65000 -6.95000 0.10000"
196,0.0000,Tx-Rx,0,-42.4121,"-6.00000 -5.60000 0.90000, -5.35000 -6.95000 0.10000"
197,0.0000,Tx-Rx,0,-43.2249,"-6.00000 -5.60000 0.90000, -5.05000 -6.95000 0.10000"
198,0.0000,Tx-Rx,0,-43.9240,"-6.00000 -5.60000 0.90000, -4.75000 -6.95000 0.10000"
199,0.0000,Tx-Rx,0,-44.2965,"-6.00000 -5.60000 0.90000, -4.45000 -6.95000 0.10000"
200,0.0000,Tx-Rx,0,-45.2222,"-6.00000 -5.60000 0.90000, -4.15000 -6.95000 0.10000"
201,0.0000,Tx-Rx,0,-46.0269,"-6.00000 -5.60000 0.90000, -3.85000 -6.95000 0.10000"
202,0.0000,Tx-Rx,0,-46.8979,"-6.00000 -5.60000 0.90000, -3.55000 -6.95000 0.10000"
203,0.0000,Tx-Rx,0,-47.5313,"-6.00000 -5.60000 0.90000, -3.25000 -6.95000 0.10000"
204,0.0000,Tx-Rx,0,-48.1166,"-6.00000 -5.60000 0.90000, -2.95000 -6.95000 0.10000"
205,0.0000,Tx-Rx,0,-48.5575,"-6.00000 -5.60000 0.90000, -2.65000 -6.95000 0.10000"
206,0.0000,Tx-Rx,0,-49.0054,"-6.00000 -5.60000 0.90000, -2.35000 -6.95000 0.10000"
207,0.0000,Tx-Rx,0,-49.3784,"-6.00000 -5.60000 0.90000, -2.05000 -6.95000 0.10000"
208,0.0000,Tx-Rx,0,-50.5193,"-6.00000 -5.60000 0.90000, -1.75000 -6.95000 0.10000"
209,0.0000,Tx-Rx,0,-51.5281,"-6.00000 -5.60000 0.90000, -1.45000 -6.95000 0.10000"
210,0.0000,Tx-Rx,0,-52.0383,"-6.00000 -5.60000 0.90000, -1.15000 -6.95000 0.10000"
211,0.0000,Tx-Rx,0,-51.7898,"-6.00000 -5.60000 0.90000, -0.85000 -6.95000 0.10000"
212,0.0000,Tx-Rx,0,-51.8635,"-6.00000 -5.60000 0.90000, -0.55000 -6.95000 0.10000"
213,0.0000,Tx-Rx,0,-49.0277,"-6.00000 -5.60000 0.90000, -0.25000 -6.95000 0.10000"
214,0.0000,Tx-Rx,0,-53.9340,"-6.00000 -5.60000 0.90000, 0.05000 -6.95000 0.10000"
215,0.0000,Tx-Rx,0,-74.7292,"-6.00000 -5.60000 0.90000, 0.35000 -6.95000 0.10000"
216,0.0000,Tx-Rx,0,-76.0333,"-6.00000 -5.60000 0.90000, 0.65000 -6.95000 0.10000"
217,0.0000,Tx-Rx,0,-76.8241,"-6.00000 -5.60000 0.90000, 0.95000 -6.95000 0.10000"
218,0.0000,Tx-Rx,0,-75.5788,"-6.00000 -5.60000 0.90000, 1.25000 -6.95000 0.10000"
219,0.0000,Tx-Rx,0,-75.5985,"-6.00000 -5.60000 0.90000, 1.55000 -6.95000 0.10000"
220,0.0000,Tx-Rx,0,-75.8425,"-6.00000 -5.60000 0.90000, 1.85000 -6.95000 0.10000"
221,0.0000,Tx-Rx,0,-75.5986,"-6.00000 -5.60000 0.90000, 2.15000 -6.95000 0.10000"
222,0.0000,Tx-Rx,0,-75.2414,"-6.00000 -5.60000 0.90000, 2.45000 -6.95000 0.10000"
223,0.0000,Tx-Rx,0,-80.5094,"-6.00000 -5.60000 0.90000, 2.75000 -6.95000 0.10000"
224,0.0000,Tx-Rx,0,-79.1373,"-6.00000 -5.60000 0.90000, 3.05000 -6.95000 0.10000"
225,0.0000,Tx-Rx,0,-79.1094,"-6.00000 -5.60000 0.90000, 3.35000 -6.95000 0.10000"
226,0.0000,Tx-Rx,0,-77.8200,"-6.00000 -5.60000 0.90000, 3.65000 -6.95000 0.10000"
227,0.0000,Tx-Rx,0,-78.5910,"-6.00000 -5.60000 0.90000, 3.95000 -6.95000 0.10000"
228,0.0000,Tx-Rx,0,-79.3641,"-6.00000 -5.60000 0.90000, 4.25000 -6.95000 0.10000"
229,0.0000,Tx-Rx,0,-78.7455,"-6.00000 -5.60000 0.90000, 4.55000 -6.95000 0.10000"
230,0.0000,Tx-Rx,0,-78.8271,"-6.00000 -5.60000 0.90000, 4.85000 -6.95000 0.10000"
231,0.0000,Tx-Rx,0,-75.7509,"-6.00000 -5.60000 0.90000, 5.15000 -6.95000 0.10000"
232,0.0000,Tx-Rx,0,-75.5854,"-6.00000 -5.60000 0.90000, 5.45000 -6.95000 0.10000"
233,0.0000,Tx-Rx,0,-72.5361,"-6.00000 -5.60000 0.90000, 5.75000 -6.95000 0.10000"
234,0.0000,Tx-Rx,0,-72.6228,"-6.00000 -5.60000 0.90000, 6.05000 -6.95000 0.10000"
235,0.0000,Tx-Rx,0,-72.8425,"-6.00000 -5.60000 0.90000, 6.35000 -6.95000 0.10000"
236,0.0000,Tx-Rx,0,-74.8640,"-6.00000 -5.60000 0.90000, 6.65000 -6.95000 0.10000"
237,0.0000,Tx-Rx,0,-74.7851,"-6.00000 -5.60000 0.90000, 6.95000 -6.95000 0.10000"
238,0.0000,Tx-Rx,0,-72.0508,"-6.00000 -5.60000 0.90000, 7.25000 -6.95000 0.10000"
239,0.0000,Tx-Rx,0,-71.6784,"-6.00000 -5.60000 0.90000, 7.55000 -6.95000 0.10000"
240,0.0000,Tx-Rx,0,-69.9987,"-6.00000 -5.60000 0.90000, 7.85000 -6.95000 0.10000"
241,0.0000,Tx-Rx,0,-73.1605,"-6.00000 -5.60000 0.90000, -9.85000 -6.65000 0.10000"
242,0.0000,Tx-Rx,0,-72.8481,"-6.00000 -5.60000 0.90000, -9.55000 -6.65000 0.10000"
243,0.0000,Tx-Rx,0,-72.4600,"-6.00000 -5.60000 0.90000, -9.25000 -6.65000 0.10000"
244,0.0000,Tx-Rx,0,-75.9649,"-6.00000 -5.60000 0.90000, -8.95000 -6.65000 0.10000"
245,0.0000,Tx-Rx,0,-75.2812,"-6.00000 -5.60000 0.90000, -8.65000 -6.65000 0.10000"
246,0.0000,Tx-Rx,0,-74.6642,"-6.00000 -5.60000 0.90000, -8.35000 -6.65000 0.10000"
247,0.0000,Tx-Rx,0,-49.7290,"-6.00000 -5.60000 0.90000, -8.05000 -6.65000 0.10000"
248,0.0000,Tx-Rx,0,-44.5625,"-6.00000 -5.60000 0.90000, -7.75000 -6.65000 0.10000"
249,0.0000,Tx-Rx,0,-43.6914,"-6.00000 -5.60000 0.90000, -7.45000 -6.65000 0.10000"
250,0.0000,Tx-Rx,0,-43.5816,"-6.00000 -5.60000 0.90000, -7.15000 -6.65000 0.10000"
251,0.0000,Tx-Rx,0,-45.0001,"-6.00000 -5.60000 0.90000, -6.85000 -6.65000 0.10000"
252,0.0000,Tx-Rx,0,-46.3709,"-6.00000 -5.60000 0.90000, -6.55000 -6.65000 0.10000"
253,0.0000,Tx-Rx,0,-41.1741,"-6.00000 -5.60000 0.90000, -6.25000 -6.65000 0.10000"
254,0.0000,Tx-Rx,0,-44.3901,"-6.00000 -5.60000 0.90000, -5.95000 -6.65000 0.10000"
255,0.0000,Tx-Rx,0,-40.3304,"-6.00000 -5.60000 0.90000, -5.65000 -6.65000 0.10000"
256,0.0000,Tx-Rx,0,-41.1303,"-6.00000 -5.60000 0.90000, -5.35000 -6.65000 0.10000"
257,0.0000,Tx-Rx,0,-42.2388,"-6.00000 -5.60000 0.90000, -5.05000 -6.65000 0.10000"
258,0.0000,Tx-Rx,0,-43.0762,"-6.00000 -5.60000 0.90000, -4.75000 -6.65000 0.10000"
259,0.0000,Tx-Rx,0,-43.7676,"-6.00000 -5.60000 0.90000, -4.45000 -6.65000 0.10000"
260,0.0000,Tx-Rx,0,-44.8587,"-6.00000 -5.60000 0.90000, -4.15000 -6.65000 0.10000"
261,0.0000,Tx-Rx,0,-45.1992,"-6.00000 -5.60000 0.90000, -3.85000 -6.65000 0.10000"
262,0.0000,Tx-Rx,0,-46.2916,"-6.00000 -5.60000 0.90000, -3.55000 -6.65000 0.10000"
263,0.0000,Tx-Rx,0,-47.0739,"-6.00000 -5.60000 0.90000, -3.25000 -6.65000 0.10000"
264,0.0000,Tx-Rx,0,-47.9457,"-6.00000 -5.60000 0.90000, -2.95000 -6.65000 0.10000"
265,0.0000,Tx-Rx,0,-48.3032,"-6.00000 -5.60000 0.90000, -2.65000 -6.65000 0.10000"
266,0.0000,Tx-Rx,0,-48.6135,"-6.00000 -5.60000 0.90000, -2.35000 -6.65000 0.10000"
267,0.0000,Tx-Rx,0,-49.0034,"-6.00000 -5.60000 0.90000, -2.05000 -6.65000 0.10000"
268,0.0000,Tx-Rx,0,-50.1293,"-6.00000 -5.60000 0.90000, -1.75000 -6.65000 0.10000"
269,0.0000,Tx-Rx,0,-51.6580,"-6.00000 -5.60000 0.90000, -1.45000 -6.65000 0.10000"
270,0.0000,Tx-Rx,0,-51.4841,"-6.00000 -5.60000 0.90000, -1.15000 -6.65000 0.10000"
271,0.0000,Tx-Rx,0,-51.7911,"-6.00000 -5.60000 0.90000, -0.85000 -6.65000 0.10000"
272,0.0000,Tx-Rx,0,-51.5349,"-6.00000 -5.60000 0.90000, -0.55000 -6.65000 0.10000"
273,0.0000,Tx-Rx,0,-49.0458,"-6.00000 -5.60000 0.90000, -0.25000 -6.65000 0.10000"
274,0.0000,Tx-Rx,0,-53.7706,"-6.00000 -5.60000 0.90000, 0.05000 -6.65000 0.10000"
275,0.0000,Tx-Rx,0,-75.6726,"-6.00000 -5.60000 0.90000, 0.35000 -6.65000 0.10000"
276,0.0000,Tx-Rx,0,-76.0892,"-6.00000 -5.60000 0.90000, 0.65000 -6.65000 0.10000"
277,0.0000,Tx-Rx,0,-76.5009,"-6.00000 -5.60000 0.90000, 0.95000 -6.65000 0.10000"
278,0.0000,Tx-Rx,0,-75.8021,"-6.00000 -5.60000 0.90000, 1.25000 -6.65000 0.10000"
279,0.0000,Tx-Rx,0,-76.7622,"-6.00000 -5.60000 0.90000, 1.55000 -6.65000 0.10000"
280,0.0000,Tx-Rx,0,-75.5555,"-6.00000 -5.60000 0.90000, 1.85000 -6.65000 0.10000"
281,0.0000,Tx-Rx,0,-77.2071,"-6.00000 -5.60000 0.90000, 2.15000 -6.65000 0.10000"
282,0.0000,Tx-Rx,0,-75.2492,"-6.00000 -5.60000 0.90000, 2.45000 -6.65000 0.10000"
283,0.0000,Tx-Rx,0,-74.9669,"-6.00000 -5.60000 0.90000, 2.75000 -6.65000 0.10000"
284,0.0000,Tx-Rx,0,-75.0270,"-6.00000 -5.60000 0.90000, 3.05000 -6.65000 0.10000"
285,0.0000,Tx-Rx,0,-75.4714,"-6.00000 -5.60000 0.90000, 3.35000 -6.65000 0.10000"
286,0.0000,Tx-Rx,0,-74.6360,"-6.00000 -5.60000 0.90000, 3.65000 -6.65000 0.10000"
287,0.0000,Tx-Rx,0,-76.0233,"-6.00000 -5.60000 0.90000, 3.95000 -6.65000 0.10000"
288,0.0000,Tx-Rx,0,-77.0664,"-6.00000 -5.60000 0.90000, 4.25000 -6.65000 0.10000"
289,0.0000,Tx-Rx,0,-76.6264,"-6.00000 -5.60000 0.90000, 4.55000 -6.65000 0.10000"
290,0.0000,Tx-Rx,0,-75.7890,"-6.00000 -5.60000 0.90000, 4.85000 -6.65000 0.10000"
291,0.0000,Tx-Rx,0,-72.4051,"-6.00000 -5.60000 0.90000, 5.15000 -6.65000 0.10000"
292,0.0000,Tx-Rx,0,-72.1269,"-6.00000 -5.60000 0.90000, 5.45000 -6.65000 0.10000"
293,0.0000,Tx-Rx,0,-72.1208,"-6.00000 -5.60000 0.90000, 5.75000 -6.65000 0.10000"
294,0.0000,Tx-Rx,0,-72.1658,"-6.00000 -5.60000 0.90000, 6.05000 -6.65000 0.10000"
295,0.0000,Tx-Rx,0,-71.5720,"-6.00000 -5.60000 0.90000, 6.35000 -6.65000 0.10000"
296,0.0000,Tx-Rx,0,-73.2172,"-6.00000 -5.60000 0.90000, 6.65000 -6.65000 0.10000"
297,0.0000,Tx-Rx,0,-74.0520,"-6.00000 -5.60000 0.90000, 6.95000 -6.65000 0.10000"
298,0.0000,Tx-Rx,0,-71.1629,"-6.00000 -5.60000 0.90000, 7.25000 -6.65000 0.10000"
299,0.0000,Tx-Rx,0,-69.9709,"-6.00000 -5.60000 0.90000, 7.55000 -6.65000 0.10000"
300,0.0000,Tx-Rx,0,-70.0897,"-6.00000 -5.60000 0.90000, 7.85000 -6.65000 0.10000"
301,0.0000,Tx-Rx,0,-73.1712,"-6.00000 -5.60000 0.90000, -9.85000 -6.35000 0.10000"
302,0.0000,Tx-Rx,0,-72.4939,"-6.00000 -5.60000 0.90000, -9.55000 -6.35000 0.10000"
303,0.0000,Tx-Rx,0,-72.0298,"-6.00000 -5.60000 0.90000, -9.25000 -6.35000 0.10000"
304,0.0000,Tx-Rx,0,-75.0889,"-6.00000 -5.60000 0.90000, -8.95000 -6.35000 0.10000"
305,0.0000,Tx-Rx,0,-74.3235,"-6.00000 -5.60000 0.90000, -8.65000 -6.35000 0.10000"
306,0.0000,Tx-Rx,0,-73.7734,"-6.00000 -5.60000 0.90000, -8.35000 -6.35000 0.10000"
307,0.0000,Tx-Rx,0,-49.4750,"-6.00000 -5.60000 0.90000, -8.05000 -6.35000 0.10000"
308,0.0000,Tx-Rx,0,-44.1943,"-6.00000 -5.60000 0.90000, -7.75000 -6.35000 0.10000"
309,0.0000,Tx-Rx,0,-43.2884,"-6.00000 -5.60000 0.90000, -7.45000 -6.35000 0.10000"
310,0.0000,Tx-Rx,0,-42.1327,"-6.00000 -5.60000 0.90000, -7.15000 -6.35000 0.10000"
311,0.0000,Tx-Rx,0,-41.0252,"-6.00000 -5.60000 0.90000, -6.85000 -6.35000 0.10000"
312,0.0000,Tx-Rx,0,-40.1673,"-6.00000 -5.60000 0.90000, -6.55000 -6.35000 0.10000"
313,0.0000,Tx-Rx,0,-39.2399,"-6.00000 -5.60000 0.90000, -6.25000 -6.35000 0.10000"
314,0.0000,Tx-Rx,0,-39.5313,"-6.00000 -5.60000 0.90000, -5.95000 -6.35000 0.10000"
315,0.0000,Tx-Rx,0,-39.1414,"-6.00000 -5.60000 0.90000, -5.65000 -6.35000 0.10000"
316,0.0000,Tx-Rx,0,-40.2014,"-6.00000 -5.60000 0.90000, -5.35000 -6.35000 0.10000"
317,0.0000,Tx-Rx,0,-41.3416,"-6.00000 -5.60000 0.90000, -5.05000 -6.35000 0.10000"
318,0.0000,Tx-Rx,0,-42.3106,"-6.00000 -5.60000 0.90000, -4.75000 -6.35000 0.10000"
319,0.0000,Tx-Rx,0,-43.1347,"-6.00000 -5.60000 0.90000, -4.45000 -6.35000 0.10000"
320,0.0000,Tx-Rx,0,-44.2921,"-6.00000 -5.60000 0.90000, -4.15000 -6.35000 0.10000"
321,0.0000,Tx-Rx,0,-45.0994,"-6.00000 -5.60000 0.90000, -3.85000 -6.35000 0.10000"
322,0.0000,Tx-Rx,0,-46.0177,"-6.00000 -5.60000 0.90000, -3.55000 -6.35000 0.10000"
323,0.0000,Tx-Rx,0,-46.8460,"-6.00000 -5.60000 0.90000, -3.25000 -6.35000 0.10000"
324,0.0000,Tx-Rx,0,-47.3802,"-6.00000 -5.60000 0.90000, -2.95000 -6.35000 0.10000"
325,0.0000,Tx-Rx,0,-48.0825,"-6.00000 -5.60000 0.90000, -2.65000 -6.35000 0.10000"
326,0.0000,Tx-Rx,0,-48.4905,"-6.00000 -5.60000 0.90000, -2.35000 -6.35000 0.10000"
327,0.0000,Tx-Rx,0,-49.0199,"-6.00000 -5.60000 0.90000, -2.05000 -6.35000 0.10000"
328,0.0000,Tx-Rx,0,-50.1032,"-6.00000 -5.60000 0.90000, -1.75000 -6.35000 0.10000"
329,0.0000,Tx-Rx,0,-51.2809,"-6.00000 -5.60000 0.90000, -1.45000 -6.35000 0.10000"
330,0.0000,Tx-Rx,0,-51.2219,"-6.00000 -5.60000 0.90000, -1.15000 -6.35000 0.10000"
331,0.0000,Tx-Rx,0,-52.0131,"-6.00000 -5.60000 0.90000, -0.85000 -6.35000 0.10000"
332,0.0000,Tx-Rx,0,-51.6040,"-6.00000 -5.60000 0.90000, -0.55000 -6.35000 0.10000"
333,0.0000,Tx-Rx,0,-49.1205,"-6.00000 -5.60000 0.90000, -0.25000 -6.35000 0.10000"
334,0.0000,Tx-Rx,0,-53.9421,"-6.00000 -5.60000 0.90000, 0.05000 -6.35000 0.10000"
335,0.0000,Tx-Rx,0,-75.7419,"-6.00000 -5.60000 0.90000, 0.35000 -6.35000 0.10000"
336,0.0000,Tx-Rx,0,-75.7631,"-6.00000 -5.60000 0.90000, 0.65000 -6.35000 0.10000"
337,0.0000,Tx-Rx,0,-76.0911,"-6.00000 -5.60000 0.90000, 0.95000 -6.35000 0.10000"
338,0.0000,Tx-Rx,0,-75.6714,"-6.00000 -5.60000 0.90000, 1.25000 -6.35000 0.10000"
339,0.0000,Tx-Rx,0,-76.3468,"-6.00000 -5.60000 0.90000, 1.55000 -6.35000 0.10000"
340,0.0000,Tx-Rx,0,-75.1306,"-6.00000 -5.60000 0.90000, 1.85000 -6.35000 0.10000"
341,0.0000,Tx-Rx,0,-76.0252,"-6.00000 -5.60000 0.90000, 2.15000 -6.35000 0.10000"
342,0.0000,Tx-Rx,0,-74.7206,"-6.00000 -5.60000 0.90000, 2.45000 -6.35000 0.10000"
343,0.0000,Tx-Rx,0,-74.7012,"-6.00000 -5.60000 0.90000, 2.75000 -6.35000 0.10000"
344,0.0000,Tx-Rx,0,-75.7814,"-6.00000 -5.60000 0.90000, 3.05000 -6.35000 0.10000"
345,0.0000,Tx-Rx,0,-78.0882,"-6.00000 -5.60000 0.90000, 3.35000 -6.35000 0.10000"
346,0.0000,Tx-Rx,0,-75.0371,"-6.00000 -5.60000 0.90000, 3.65000 -6.35000 0.10000"
347,0.0000,Tx-Rx,0,-78.0382,"-6.00000 -5.60000 0.90000, 3.95000 -6.35000 0.10000"
348,0.0000,Tx-Rx,0,-77.8285,"-6.00000 -5.60000 0.90000, 4.25000 -6.35000 0.10000"
349,0.0000,Tx-Rx,0,-77.3341,"-6.00000 -5.60000 0.90000, 4.55000 -6.35000 0.10000"
350,0.0000,Tx-Rx,0,-75.7102,"-6.00000 -5.60000 0.90000, 4.85000 -6.35000 0.10000"
351,0.0000,Tx-Rx,0,-77.2643,"-6.00000 -5.60000 0.90000, 5.15000 -6.35000 0.10000"
352,0.0000,Tx-Rx,0,-73.0800,"-6.00000 -5.60000 0.90000, 5.45000 -6.35000 0.10000"
353,0.0000,Tx-Rx,0,-72.0789,"-6.00000 -5.60000 0.90000, 5.75000 -6.35000 0.10000"
354,0.0000,Tx-Rx,0,-71.8951,"-6.00000 -5.60000 0.90000, 6.05000 -6.35000 0.10000"
355,0.0000,Tx-Rx,0,-71.8733,"-6.00000 -5.60000 0.90000, 6.35000 -6.35000 0.10000"
356,0.0000,Tx-Rx,0,-71.8387,"-6.00000 -5.60000 0.90000, 6.65000 -6.35000 0.10000"
357,0.0000,Tx-Rx,0,-71.3017,"-6.00000 -5.60000 0.90000, 6.95000 -6.35000 0.10000"
358,0.0000,Tx-Rx,0,-71.6763,"-6.00000 -5.60000 0.90000, 7.25000 -6.35000 0.10000"
359,0.0000,Tx-Rx,0,-69.6878,"-6.00000 -5.60000 0.90000, 7.55000 -6.35000 0.10000"
360,0.0000,Tx-Rx,0,-69.5133,"-6.00000 -5.60000 0.90000, 7.85000 -6.35000 0.10000"
361,0.0000,Tx-Rx,0,-72.9999,"-6.00000 -5.60000 0.90000, -9.85000 -6.05000 0.10000"
362,0.0000,Tx-Rx,0,-71.9717,"-6.00000 -5.60000 0.90000, -9.55000 -6.05000 0.10000"
363,0.0000,Tx-Rx,0,-71.4931,"-6.00000 -5.60000 0.90000, -9.25000 -6.05000 0.10000"
364,0.0000,Tx-Rx,0,-75.1745,"-6.00000 -5.60000 0.90000, -8.95000 -6.05000 0.10000"
365,0.0000,Tx-Rx,0,-74.1752,"-6.00000 -5.60000 0.90000, -8.65000 -6.05000 0.10000"
366,0.0000,Tx-Rx,0,-72.6216,"-6.00000 -5.60000 0.90000, -8.35000 -6.05000 0.10000"
367,0.0000,Tx-Rx,0,-48.4485,"-6.00000 -5.60000 0.90000, -8.05000 -6.05000 0.10000"
368,0.0000,Tx-Rx,0,-43.2046,"-6.00000 -5.60000 0.90000, -7.75000 -6.05000 0.10000"
369,0.0000,Tx-Rx,0,-42.5162,"-6.00000 -5.60000 0.90000, -7.45000 -6.05000 0.10000"
370,0.0000,Tx-Rx,0,-41.3007,"-6.00000 -5.60000 0.90000, -7.15000 -6.05000 0.10000"
371,0.0000,Tx-Rx,0,-39.9834,"-6.00000 -5.60000 0.90000, -6.85000 -6.05000 0.10000"
372,0.0000,Tx-Rx,0,-38.8121,"-6.00000 -5.60000 0.90000, -6.55000 -6.05000 0.10000"
373,0.0000,Tx-Rx,0,-37.9543,"-6.00000 -5.60000 0.90000, -6.25000 -6.05000 0.10000"
374,0.0000,Tx-Rx,0,-38.2992,"-6.00000 -5.60000 0.90000, -5.95000 -6.05000 0.10000"
375,0.0000,Tx-Rx,0,-38.3802,"-6.00000 -5.60000 0.90000, -5.65000 -6.05000 0.10000"
376,0.0000,Tx-Rx,0,-39.2386,"-6.00000 -5.60000 0.90000, -5.35000 -6.05000 0.10000"
377,0.0000,Tx-Rx,0,-40.3360,"-6.00000 -5.60000 0.90000, -5.05000 -6.05000 0.10000"
378,0.0000,Tx-Rx,0,-41.4441,"-6.00000 -5.60000 0.90000, -4.75000 -6.05000 0.10000"
379,0.0000,Tx-Rx,0,-42.1808,"-6.00000 -5.60000 0.90000, -4.45000 -6.05000 0.10000"
380,0.0000,Tx-Rx,0,-43.4994,"-6.00000 -5.60000 0.90000, -4.15000 -6.05000 0.10000"
381,0.0000,Tx-Rx,0,-44.4469,"-6.00000 -5.60000 0.90000, -3.85000 -6.05000 0.10000"
382,0.0000,Tx-Rx,0,-45.3526,"-6.00000 -5.60000 0.90000, -3.55000 -6.05000 0.10000"
383,0.0000,Tx-Rx,0,-46.3958,"-6.00000 -5.60000 0.90000, -3.25000 -6.05000 0.10000"
384,0.0000,Tx-Rx,0,-46.9447,"-6.00000 -5.60000 0.90000, -2.95000 -6.05000 0.10000"
385,0.0000,Tx-Rx,0,-47.5695,"-6.00000 -5.60000 0.90000, -2.65000 -6.05000 0.10000"
386,0.0000,Tx-Rx,0,-47.6808,"-6.00000 -5.60000 0.90000, -2.35000 -6.05000 0.10000"
387,0.0000,Tx-Rx,0,-48.0335,"-6.00000 -5.60000 0.90000, -2.05000 -6.05000 0.10000"
388,0.0000,Tx-Rx,0,-49.4850,"-6.00000 -5.60000 0.90000, -1.75000 -6.05000 0.10000"
389,0.0000,Tx-Rx,0,-51.3423,"-6.00000 -5.60000 0.90000, -1.45000 -6.05000 0.10000"
390,0.0000,Tx-Rx,0,-51.6864,"-6.00000 -5.60000 0.90000, -1.15000 -6.05000 0.10000"
391,0.0000,Tx-Rx,0,-51.8923,"-6.00000 -5.60000 0.90000, -0.85000 -6.05000 0.10000"
392,0.0000,Tx-Rx,0,-51.5584,"-6.00000 -5.60000 0.90000, -0.55000 -6.05000 0.10000"
393,0.0000,Tx-Rx,0,-49.1330,"-6.00000 -5.60000 0.90000, -0.25000 -6.05000 0.10000"
394,0.0000,Tx-Rx,0,-53.9704,"-6.00000 -5.60000 0.90000, 0.05000 -6.05000 0.10000"
395,0.0000,Tx-Rx,0,-75.4193,"-6.00000 -5.60000 0.90000, 0.35000 -6.05000 0.10000"
396,0.0000,Tx-Rx,0,-76.0241,"-6.00000 -5.60000 0.90000, 0.65000 -6.05000 0.10000"
397,0.0000,Tx-Rx,0,-75.9217,"-6.00000 -5.60000 0.90000, 0.95000 -6.05000 0.10000"
398,0.0000,Tx-Rx,0,-74.9441,"-6.00000 -5.60000 0.90000, 1.25000 -6.05000 0.10000"
399,0.0000,Tx-Rx,0,-75.8109,"-6.00000 -5.60000 0.90000, 1.55000 -6.05000 0.10000"
400,0.0000,Tx-Rx,0,-75.0019,"-6.00000 -5.60000 0.90000, 1.85000 -6.05000 0.10000"
401,0.0000,Tx-Rx,0,-75.5573,"-6.00000 -5.60000 0.90000, 2.15000 -6.05000 0.10000"
402,0.0000,Tx-Rx,0,-74.6941,"-6.00000 -5.60000 0.90000, 2.45000 -6.05000 0.10000"
403,0.0000,Tx-Rx,0,-75.2436,"-6.00000 -5.60000 0.90000, 2.75000 -6.05000 0.10000"
404,0.0000,Tx-Rx,0,-76.9052,"-6.00000 -5.60000 0.90000, 3.05000 -6.05000 0.10000"
405,0.0000,Tx-Rx,0,-76.3412,"-6.00000 -5.60000 0.90000, 3.35000 -6.05000 0.10000"
406,0.0000,Tx-Rx,0,-75.3980,"-6.00000 -5.60000 0.90000, 3.65000 -6.05000 0.10000"
407,0.0000,Tx-Rx,0,-77.1159,"-6.00000 -5.60000 0.90000, 3.95000 -6.05000 0.10000"
408,0.0000,Tx-Rx,0,-76.7008,"-6.00000 -5.60000 0.90000, 4.25000 -6.05000 0.10000"
409,0.0000,Tx-Rx,0,-75.6218,"-6.00000 -5.60000 0.90000, 4.55000 -6.05000 0.10000"
410,0.0000,Tx-Rx,0,-76.8092,"-6.00000 -5.60000 0.90000, 4.85000 -6.05000 0.10000"
411,0.0000,Tx-Rx,0,-77.1636,"-6.00000 -5.60000 0.90000, 5.15000 -6.05000 0.10000"
412,0.0000,Tx-Rx,0,-76.1837,"-6.00000 -5.60000 0.90000, 5.45000 -6.05000 0.10000"
413,0.0000,Tx-Rx,0,-72.6029,"-6.00000 -5.60000 0.90000, 5.75000 -6.05000 0.10000"
414,0.0000,Tx-Rx,0,-71.6291,"-6.00000 -5.60000 0.90000, 6.05000 -6.05000 0.10000"
415,0.0000,Tx-Rx,0,-71.8658,"-6.00000 -5.60000 0.90000, 6.35000 -6.05000 0.10000"
416,0.0000,Tx-Rx,0,-71.0714,"-6.00000 -5.60000 0.90000, 6.65000 -6.05000 0.10000"
417,0.0000,Tx-Rx,0,-71.0655,"-6.00000 -5.60000 0.90000, 6.95000 -6.05000 0.10000"
418,0.0000,Tx-Rx,0,-70.1804,"-6.00000 -5.60000 0.90000, 7.25000 -6.05000 0.10000"
419,0.0000,Tx-Rx,0,-70.4583,"-6.00000 -5.60000 0.90000, 7.55000 -6.05000 0.10000"
420,0.0000,Tx-Rx,0,-69.6450,"-6.00000 -5.60000 0.90000, 7.85000 -6.05000 0.10000"
421,0.0000,Tx-Rx,0,-72.7146,"-6.00000 -5.60000 0.90000, -9.85000 -5.75000 0.10000"
422,0.0000,Tx-Rx,0,-72.1483,"-6.00000 -5.60000 0.90000, -9.55000 -5.75000 0.10000"
423,0.0000,Tx-Rx,0,-71.5479,"-6.00000 -5.60000 0.90000, -9.25000 -5.75000 0.10000"
424,0.0000,Tx-Rx,0,-75.1185,"-6.00000 -5.60000 0.90000, -8.95000 -5.75000 0.10000"
425,0.0000,Tx-Rx,0,-73.1924,"-6.00000 -5.60000 0.90000, -8.65000 -5.75000 0.10000"
426,0.0000,Tx-Rx,0,-72.9945,"-6.00000 -5.60000 0.90000, -8.35000 -5.75000 0.10000"
427,0.0000,Tx-Rx,0,-49.0172,"-6.00000 -5.60000 0.90000, -8.05000 -5.75000 0.10000"
428,0.0000,Tx-Rx,0,-43.5965,"-6.00000 -5.60000 0.90000, -7.75000 -5.75000 0.10000"
429,0.0000,Tx-Rx,0,-43.2293,"-6.00000 -5.60000 0.90000, -7.45000 -5.75000 0.10000"
430,0.0000,Tx-Rx,0,-41.6447,"-6.00000 -5.60000 0.90000, -7.15000 -5.75000 0.10000"
431,0.0000,Tx-Rx,0,-39.5765,"-6.00000 -5.60000 0.90000, -6.85000 -5.75000 0.10000"
432,0.0000,Tx-Rx,0,-38.2831,"-6.00000 -5.60000 0.90000, -6.55000 -5.75000 0.10000"
433,0.0000,Tx-Rx,0,-38.1654,"-6.00000 -5.60000 0.90000, -6.25000 -5.75000 0.10000"
434,0.0000,Tx-Rx,0,-38.3628,"-6.00000 -5.60000 0.90000, -5.95000 -5.75000 0.10000"
435,0.0000,Tx-Rx,0,-38.2725,"-6.00000 -5.60000 0.90000, -5.65000 -5.75000 0.10000"
436,0.0000,Tx-Rx,0,-38.7669,"-6.00000 -5.60000 0.90000, -5.35000 -5.75000 0.10000"
437,0.0000,Tx-Rx,0,-40.0098,"-6.00000 -5.60000 0.90000, -5.05000 -5.75000 0.10000"
438,0.0000,Tx-Rx,0,-41.5373,"-6.00000 -5.60000 0.90000, -4.75000 -5.75000 0.10000"
439,0.0000,Tx-Rx,0,-42.5207,"-6.00000 -5.60000 0.90000, -4.45000 -5.75000 0.10000"
440,0.0000,Tx-Rx,0,-43.9898,"-6.00000 -5.60000 0.90000, -4.15000 -5.75000 0.10000"
441,0.0000,Tx-Rx,0,-44.9574,"-6.00000 -5.60000 0.90000, -3.85000 -5.75000 0.10000"
442,0.0000,Tx-Rx,0,-45.8620,"-6.00000 -5.60000 0.90000, -3.55000 -5.75000 0.10000"
443,0.0000,Tx-Rx,0,-47.2857,"-6.00000 -5.60000 0.90000, -3.25000 -5.75000 0.10000"
444,0.0000,Tx-Rx,0,-47.9660,"-6.00000 -5.60000 0.90000, -2.95000 -5.75000 0.10000"
445,0.0000,Tx-Rx,0,-48.8490,"-6.00000 -5.60000 0.90000, -2.65000 -5.75000 0.10000"
446,0.0000,Tx-Rx,0,-48.6770,"-6.00000 -5.60000 0.90000, -2.35000 -5.75000 0.10000"
447,0.0000,Tx-Rx,0,-49.0863,"-6.00000 -5.60000 0.90000, -2.05000 -5.75000 0.10000"
448,0.0000,Tx-Rx,0,-49.7271,"-6.00000 -5.60000 0.90000, -1.75000 -5.75000 0.10000"
449,0.0000,Tx-Rx,0,-50.8079,"-6.00000 -5.60000 0.90000, -1.45000 -5.75000 0.10000"
450,0.0000,Tx-Rx,0,-51.6661,"-6.00000 -5.60000 0.90000, -1.15000 -5.75000 0.10000"
451,0.0000,Tx-Rx,0,-51.7410,"-6.00000 -5.60000 0.90000, -0.85000 -5.75000 0.10000"
452,0.0000,Tx-Rx,0,-51.9336,"-6.00000 -5.60000 0.90000, -0.55000 -5.75000 0.10000"
453,0.0000,Tx-Rx,0,-49.0822,"-6.00000 -5.60000 0.90000, -0.25000 -5.75000 0.10000"
454,0.0000,Tx-Rx,0,-54.0673,"-6.00000 -5.60000 0.90000, 0.05000 -5.75000 0.10000"
455,0.0000,Tx-Rx,0,-75.5739,"-6.00000 -5.60000 0.90000, 0.35000 -5.75000 0.10000"
456,0.0000,Tx-Rx,0,-75.7420,"-6.00000 -5.60000 0.90000, 0.65000 -5.75000 0.10000"
457,0.0000,Tx-Rx,0,-75.3606,"-6.00000 -5.60000 0.90000, 0.95000 -5.75000 0.10000"
458,0.0000,Tx-Rx,0,-75.7896,"-6.00000 -5.60000 0.90000, 1.25000 -5.75000 0.10000"
459,0.0000,Tx-Rx,0,-75.2044,"-6.00000 -5.60000 0.90000, 1.55000 -5.75000 0.10000"
460,0.0000,Tx-Rx,0,-74.9708,"-6.00000 -5.60000 0.90000, 1.85000 -5.75000 0.10000"
461,0.0000,Tx-Rx,0,-74.1896,"-6.00000 -5.60000 0.90000, 2.15000 -5.75000 0.10000"
462,0.0000,Tx-Rx,0,-75.2916,"-6.00000 -5.60000 0.90000, 2.45000 -5.75000 0.10000"
463,0.0000,Tx-Rx,0,-75.6796,"-6.00000 -5.60000 0.90000, 2.75000 -5.75000 0.10000"
464,0.0000,Tx-Rx,0,-77.4037,"-6.00000 -5.60000 0.90000, 3.05000 -5.75000 0.10000"
465,0.0000,Tx-Rx,0,-74.9315,"-6.00000 -5.60000 0.90000, 3.35000 -5.75000 0.10000"
466,0.0000,Tx-Rx,0,-75.3976,"-6.00000 -5.60000 0.90000, 3.65000 -5.75000 0.10000"
467,0.0000,Tx-Rx,0,-77.4307,"-6.00000 -5.60000 0.90000, 3.95000 -5.75000 0.10000"
468,0.0000,Tx-Rx,0,-75.3445,"-6.00000 -5.60000 0.90000, 4.25000 -5.75000 0.10000"
469,0.0000,Tx-Rx,0,-76.4608,"-6.00000 -5.60000 0.90000, 4.55000 -5.75000 0.10000"
470,0.0000,Tx-Rx,0,-76.6948,"-6.00000 -5.60000 0.90000, 4.85000 -5.75000 0.10000"
471,0.0000,Tx-Rx,0,-76.5710,"-6.00000 -5.60000 0.90000, 5.15000 -5.75000 0.10000"
472,0.0000,Tx-Rx,0,-76.1323,"-6.00000 -5.60000 0.90000, 5.45000 -5.75000 0.10000"
473,0.0000,Tx-Rx,0,-75.7119,"-6.00000 -5.60000 0.90000, 5.75000 -5.75000 0.10000"
474,0.0000,Tx-Rx,0,-71.6204,"-6.00000 -5.60000 0.90000, 6.05000 -5.75000 0.10000"
475,0.0000,Tx-Rx,0,-71.4115,"-6.00000 -5.60000 0.90000, 6.35000 -5.75000 0.10000"
476,0.0000,Tx-Rx,0,-70.7252,"-6.00000 -5.60000 0.90000, 6.65000 -5.75000 0.10000"
477,0.0000,Tx-Rx,0,-69.6452,"-6.00000 -5.60000 0.90000, 6.95000 -5.75000 0.10000"
478,0.0000,Tx-Rx,0,-70.0063,"-6.00000 -5.60000 0.90000, 7.25000 -5.75000 0.10000"
479,0.0000,Tx-Rx,0,-70.4325,"-6.00000 -5.60000 0.90000, 7.55000 -5.75000 0.10000"
480,0.0000,Tx-Rx,0,-70.7335,"-6.00000 -5.60000 0.90000, 7.85000 -5.75000 0.10000"
481,0.0000,Tx-Rx,0,-73.1271,"-6.00000 -5.60000 0.90000, -9.85000 -5.45000 0.10000"
482,0.0000,Tx-Rx,0,-72.1098,"-6.00000 -5.60000 0.90000, -9.55000 -5.45000 0.10000"
483,0.0000,Tx-Rx,0,-71.5487,"-6.00000 -5.60000 0.90000, -9.25000 -5.45000 0.10000"
484,0.0000,Tx-Rx,0,-75.7326,"-6.00000 -5.60000 0.90000, -8.95000 -5.45000 0.10000"
485,0.0000,Tx-Rx,0,-73.7125,"-6.00000 -5.60000 0.90000, -8.65000 -5.45000 0.10000"
486,0.0000,Tx-Rx,0,-72.8856,"-6.00000 -5.60000 0.90000, -8.35000 -5.45000 0.10000"
487,0.0000,Tx-Rx,0,-48.9151,"-6.00000 -5.60000 0.90000, -8.05000 -5.45000 0.10000"
488,0.0000,Tx-Rx,0,-43.4634,"-6.00000 -5.60000 0.90000, -7.75000 -5.45000 0.10000"
489,0.0000,Tx-Rx,0,-44.0153,"-6.00000 -5.60000 0.90000, -7.45000 -5.45000 0.10000"
490,0.0000,Tx-Rx,0,-41.9790,"-6.00000 -5.60000 0.90000, -7.15000 -5.45000 0.10000"
491,0.0000,Tx-Rx,0,-40.0647,"-6.00000 -5.60000 0.90000, -6.85000 -5.45000 0.10000"
492,0.0000,Tx-Rx,0,-39.0060,"-6.00000 -5.60000 0.90000, -6.55000 -5.45000 0.10000"
493,0.0000,Tx-Rx,0,-38.2931,"-6.00000 -5.60000 0.90000, -6.25000 -5.45000 0.10000"
494,0.0000,Tx-Rx,0,-38.3691,"-6.00000 -5.60000 0.90000, -5.95000 -5.45000 0.10000"
495,0.0000,Tx-Rx,0,-38.2632,"-6.00000 -5.60000 0.90000, -5.65000 -5.45000 0.10000"
496,0.0000,Tx-Rx,0,-38.8498,"-6.00000 -5.60000 0.90000, -5.35000 -5.45000 0.10000"
497,0.0000,Tx-Rx,0,-40.7532,"-6.00000 -5.60000 0.90000, -5.05000 -5.45000 0.10000"
498,0.0000,Tx-Rx,0,-42.5281,"-6.00000 -5.60000 0.90000, -4.75000 -5.45000 0.10000"
499,0.0000,Tx-Rx,0,-42.8770,"-6.00000 -5.60000 0.90000, -4.45000 -5.45000 0.10000"
500,0.0000,Tx-Rx,0,-43.9536,"-6.00000 -5.60000 0.90000, -4.15000 -5.45000 0.10000"
501,0.0000,Tx-Rx,0,-44.8072,"-6.00000 -5.60000 0.90000, -3.85000 -5.45000 0.10000"
502,0.0000,Tx-Rx,0,-45.8068,"-6.00000 -5.60000 0.90000, -3.55000 -5.45000 0.10000"
503,0.0000,Tx-Rx,0,-48.4725,"-6.00000 -5.60000 0.90000, -3.25000 -5.45000 0.10000"
504,0.0000,Tx-Rx,0,-48.6725,"-6.00000 -5.60000 0.90000, -2.95000 -5.45000 0.10000"
505,0.0000,Tx-Rx,0,-50.3136,"-6.00000 -5.60000 0.90000, -2.65000 -5.45000 0.10000"
506,0.0000,Tx-Rx,0,-48.7648,"-6.00000 -5.60000 0.90000, -2.35000 -5.45000 0.10000"
507,0.0000,Tx-Rx,0,-49.1692,"-6.00000 -5.60000 0.90000, -2.05000 -5.45000 0.10000"
508,0.0000,Tx-Rx,0,-50.3271,"-6.00000 -5.60000 0.90000, -1.75000 -5.45000 0.10000"
509,0.0000,Tx-Rx,0,-51.1437,"-6.00000 -5.60000 0.90000, -1.45000 -5.45000 0.10000"
510,0.0000,Tx-Rx,0,-51.1568,"-6.00000 -5.60000 0.90000, -1.15000 -5.45000 0.10000"
511,0.0000,Tx-Rx,0,-51.2872,"-6.00000 -5.60000 0.90000, -0.85000 -5.45000 0.10000"
512,0.0000,Tx-Rx,0,-51.6330,"-6.00000 -5.60000 0.90000, -0.55000 -5.45000 0.10000"
513,0.0000,Tx-Rx,0,-49.3434,"-6.00000 -5.60000 0.90000, -0.25000 -5.45000 0.10000"
514,0.0000,Tx-Rx,0,-53.9421,"-6.00000 -5.60000 0.90000, 0.05000 -5.45000 0.10000"
515,0.0000,Tx-Rx,0,-76.7812,"-6.00000 -5.60000 0.90000, 0.35000 -5.45000 0.10000"
516,0.0000,Tx-Rx,0,-76.6004,"-6.00000 -5.60000 0.90000, 0.65000 -5.45000 0.10000"
517,0.0000,Tx-Rx,0,-76.1102,"-6.00000 -5.60000 0.90000, 0.95000 -5.45000 0.10000"
518,0.0000,Tx-Rx,0,-76.1277,"-6.00000 -5.60000 0.90000, 1.25000 -5.45000 0.10000"
519,0.0000,Tx-Rx,0,-74.5839,"-6.00000 -5.60000 0.90000, 1.55000 -5.45000 0.10000"
520,0.0000,Tx-Rx,0,-75.5934,"-6.00000 -5.60000 0.90000, 1.85000 -5.45000 0.10000"
521,0.0000,Tx-Rx,0,-74.7924,"-6.00000 -5.60000 0.90000, 2.15000 -5.45000 0.10000"
522,0.0000,Tx-Rx,0,-74.7472,"-6.00000 -5.60000 0.90000, 2.45000 -5.45000 0.10000"
523,0.0000,Tx-Rx,0,-76.6732,"-6.00000 -5.60000 0.90000, 2.75000 -5.45000 0.10000"
524,0.0000,Tx-Rx,0,-76.7487,"-6.00000 -5.60000 0.90000, 3.05000 -5.45000 0.10000"
525,0.0000,Tx-Rx,0,-75.8172,"-6.00000 -5.60000 0.90000, 3.35000 -5.45000 0.10000"
526,0.0000,Tx-Rx,0,-76.3891,"-6.00000 -5.60000 0.90000, 3.65000 -5.45000 0.10000"
527,0.0000,Tx-Rx,0,-76.9305,"-6.00000 -5.60000 0.90000, 3.95000 -5.45000 0.10000"
528,0.0000,Tx-Rx,0,-75.4379,"-6.00000 -5.60000 0.90000, 4.25000 -5.45000 0.10000"
529,0.0000,Tx-Rx,0,-75.7052,"-6.00000 -5.60000 0.90000, 4.55000 -5.45000 0.10000"
530,0.0000,Tx-Rx,0,-76.9197,"-6.00000 -5.60000 0.90000, 4.85000 -5.45000 0.10000"
531,0.0000,Tx-Rx,0,-75.7012,"-6.00000 -5.60000 0.90000, 5.15000 -5.45000 0.10000"
532,0.0000,Tx-Rx,0,-76.2987,"-6.00000 -5.60000 0.90000, 5.45000 -5.45000 0.10000"
533,0.0000,Tx-Rx,0,-74.8786,"-6.00000 -5.60000 0.90000, 5.75000 -5.45000 0.10000"
534,0.0000,Tx-Rx,0,-73.1368,"-6.00000 -5.60000 0.90000, 6.05000 -5.45000 0.10000"
535,0.0000,Tx-Rx,0,-70.0882,"-6.00000 -5.60000 0.90000, 6.35000 -5.45000 0.10000"
536,0.0000,Tx-Rx,0,-70.1862,"-6.00000 -5.60000 0.90000, 6.65000 -5.45000 0.10000"
537,0.0000,Tx-Rx,0,-69.4871,"-6.00000 -5.60000 0.90000, 6.95000 -5.45000 0.10000"
538,0.0000,Tx-Rx,0,-69.2400,"-6.00000 -5.60000 0.90000, 7.25000 -5.45000 0.10000"
539,0.0000,Tx-Rx,0,-69.5244,"-6.00000 -5.60000 0.90000, 7.55000 -5.45000 0.10000"
540,0.0000,Tx-Rx,0,-70.3005,"-6.00000 -5.60000 0.90000, 7.85000 -5.45000 0.10000"
541,0.0000,Tx-Rx,0,-72.8837,"-6.00000 -5.60000 0.90000, -9.85000 -5.15000 0.10000"
542,0.0000,Tx-Rx,0,-72.0140,"-6.00000 -5.60000 0.90000, -9.55000 -5.15000 0.10000"
543,0.0000,Tx-Rx,0,-72.1507,"-6.00000 -5.60000 0.90000, -9.25000 -5.15000 0.10000"
544,0.0000,Tx-Rx,0,-75.6859,"-6.00000 -5.60000 0.90000, -8.95000 -5.15000 0.10000"
545,0.0000,Tx-Rx,0,-73.8905,"-6.00000 -5.60000 0.90000, -8.65000 -5.15000 0.10000"
546,0.0000,Tx-Rx,0,-73.5112,"-6.00000 -5.60000 0.90000, -8.35000 -5.15000 0.10000"
547,0.0000,Tx-Rx,0,-49.0912,"-6.00000 -5.60000 0.90000, -8.05000 -5.15000 0.10000"
548,0.0000,Tx-Rx,0,-44.0290,"-6.00000 -5.60000 0.90000, -7.75000 -5.15000 0.10000"
549,0.0000,Tx-Rx,0,-44.9034,"-6.00000 -5.60000 0.90000, -7.45000 -5.15000 0.10000"
550,0.0000,Tx-Rx,0,-44.4562,"-6.00000 -5.60000 0.90000, -7.15000 -5.15000 0.10000"
551,0.0000,Tx-Rx,0,-41.1209,"-6.00000 -5.60000 0.90000, -6.85000 -5.15000 0.10000"
552,0.0000,Tx-Rx,0,-38.7784,"-6.00000 -5.60000 0.90000, -6.55000 -5.15000 0.10000"
553,0.0000,Tx-Rx,0,-38.2242,"-6.00000 -5.60000 0.90000, -6.25000 -5.15000 0.10000"
554,0.0000,Tx-Rx,0,-38.1360,"-6.00000 -5.60000 0.90000, -5.95000 -5.15000 0.10000"
555,0.0000,Tx-Rx,0,-38.3754,"-6.00000 -5.60000 0.90000, -5.65000 -5.15000 0.10000"
556,0.0000,Tx-Rx,0,-39.0412,"-6.00000 -5.60000 0.90000, -5.35000 -5.15000 0.10000"
557,0.0000,Tx-Rx,0,-40.1745,"-6.00000 -5.60000 0.90000, -5.05000 -5.15000 0.10000"
558,0.0000,Tx-Rx,0,-41.8896,"-6.00000 -5.60000 0.90000, -4.75000 -5.15000 0.10000"
559,0.0000,Tx-Rx,0,-43.9982,"-6.00000 -5.60000 0.90000, -4.45000 -5.15000 0.10000"
560,0.0000,Tx-Rx,0,-46.4863,"-6.00000 -5.60000 0.90000, -4.15000 -5.15000 0.10000"
561,0.0000,Tx-Rx,0,-47.6836,"-6.00000 -5.60000 0.90000, -3.85000 -5.15000 0.10000"
562,0.0000,Tx-Rx,0,-47.5691,"-6.00000 -5.60000 0.90000, -3.55000 -5.15000 0.10000"
563,0.0000,Tx-Rx,0,-49.2076,"-6.00000 -5.60000 0.90000, -3.25000 -5.15000 0.10000"
564,0.0000,Tx-Rx,0,-49.1072,"-6.00000 -5.60000 0.90000, -2.95000 -5.15000 0.10000"
565,0.0000,Tx-Rx,0,-50.6789,"-6.00000 -5.60000 0.90000, -2.65000 -5.15000 0.10000"
566,0.0000,Tx-Rx,0,-48.9747,"-6.00000 -5.60000 0.90000, -2.35000 -5.15000 0.10000"
567,0.0000,Tx-Rx,0,-49.6679,"-6.00000 -5.60000 0.90000, -2.05000 -5.15000 0.10000"
568,0.0000,Tx-Rx,0,-50.5715,"-6.00000 -5.60000 0.90000, -1.75000 -5.15000 0.10000"
569,0.0000,Tx-Rx,0,-52.1275,"-6.00000 -5.60000 0.90000, -1.45000 -5.15000 0.10000"
570,0.0000,Tx-Rx,0,-51.8953,"-6.00000 -5.60000 0.90000, -1.15000 -5.15000 0.10000"
571,0.0000,Tx-Rx,0,-52.1160,"-6.00000 -5.60000 0.90000, -0.85000 -5.15000 0.10000"
572,0.0000,Tx-Rx,0,-51.8055,"-6.00000 -5.60000 0.90000, -0.55000 -5.15000 0.10000"
573,0.0000,Tx-Rx,0,-49.1994,"-6.00000 -5.60000 0.90000, -0.25000 -5.15000 0.10000"
574,0.0000,Tx-Rx,0,-54.1271,"-6.00000 -5.60000 0.90000, 0.05000 -5.15000 0.10000"
575,0.0000,Tx-Rx,0,-75.6968,"-6.00000 -5.60000 0.90000, 0.35000 -5.15000 0.10000"
576,0.0000,Tx-Rx,0,-76.9158,"-6.00000 -5.60000 0.90000, 0.65000 -5.15000 0.10000"
577,0.0000,Tx-Rx,0,-76.1594,"-6.00000 -5.60000 0.90000, 0.95000 -5.15000 0.10000"
578,0.0000,Tx-Rx,0,-75.9833,"-6.00000 -5.60000 0.90000, 1.25000 -5.15000 0.10000"
579,0.0000,Tx-Rx,0,-74.9748,"-6.00000 -5.60000 0.90000, 1.55000 -5.15000 0.10000"
580,0.0000,Tx-Rx,0,-75.8135,"-6.00000 -5.60000 0.90000, 1.85000 -5.15000 0.10000"
581,0.0000,Tx-Rx,0,-74.8486,"-6.00000 -5.60000 0.90000, 2.15000 -5.15000 0.10000"
582,0.0000,Tx-Rx,0,-75.0966,"-6.00000 -5.60000 0.90000, 2.45000 -5.15000 0.10000"
583,0.0000,Tx-Rx,0,-76.5775,"-6.00000 -5.60000 0.90000, 2.75000 -5.15000 0.10000"
584,0.0000,Tx-Rx,0,-77.4174,"-6.00000 -5.60000 0.90000, 3.05000 -5.15000 0.10000"
585,0.0000,Tx-Rx,0,-75.9968,"-6.00000 -5.60000 0.90000, 3.35000 -5.15000 0.10000"
586,0.0000,Tx-Rx,0,-76.0432,"-6.00000 -5.60000 0.90000, 3.65000 -5.15000 0.10000"
587,0.0000,Tx-Rx,0,-75.4274,"-6.00000 -5.60000 0.90000, 3.95000 -5.15000 0.10000"
588,0.0000,Tx-Rx,0,-75.8298,"-6.00000 -5.60000 0.90000, 4.25000 -5.15000 0.10000"
589,0.0000,Tx-Rx,0,-76.4009,"-6.00000 -5.60000 0.90000, 4.55000 -5.15000 0.10000"
590,0.0000,Tx-Rx,0,-75.6850,"-6.00000 -5.60000 0.90000, 4.85000 -5.15000 0.10000"
591,0.0000,Tx-Rx,0,-76.6900,"-6.00000 -5.60000 0.90000, 5.15000 -5.15000 0.10000"
592,0.0000,Tx-Rx,0,-75.7024,"-6.00000 -5.60000 0.90000, 5.45000 -5.15000 0.10000"
593,0.0000,Tx-Rx,0,-73.8166,"-6.00000 -5.60000 0.90000, 5.75000 -5.15000 0.10000"
594,0.0000,Tx-Rx,0,-72.3396,"-6.00000 -5.60000 0.90000, 6.05000 -5.15000 0.10000"
595,0.0000,Tx-Rx,0,-70.8825,"-6.00000 -5.60000 0.90000, 6.35000 -5.15000 0.10000"
596,0.0000,Tx-Rx,0,-68.5636,"-6.00000 -5.60000 0.90000, 6.65000 -5.15000 0.10000"
597,0.0000,Tx-Rx,0,-69.3526,"-6.00000 -5.60000 0.90000, 6.95000 -5.15000 0.10000"
598,0.0000,Tx-Rx,0,-69.1753,"-6.00000 -5.60000 0.90000, 7.25000 -5.15000 0.10000"
599,0.0000,Tx-Rx,0,-69.1112,"-6.00000 -5.60000 0.90000, 7.55000 -5.15000 0.10000"
600,0.0000,Tx-Rx,0,-70.7251,"-6.00000 -5.60000 0.90000, 7.85000 -5.15000 0.10000"
601,0.0000,Tx-Rx,0,-72.6693,"-6.00000 -5.60000 0.90000, -9.85000 -4.85000 0.10000"
602,0.0000,Tx-Rx,0,-72.3114,"-6.00000 -5.60000 0.90000, -9.55000 -4.85000 0.10000"
603,0.0000,Tx-Rx,0,-72.3438,"-6.00000 -5.60000 0.90000, -9.25000 -4.85000 0.10000"
604,0.0000,Tx-Rx,0,-76.4201,"-6.00000 -5.60000 0.90000, -8.95000 -4.85000 0.10000"
605,0.0000,Tx-Rx,0,-75.0815,"-6.00000 -5.60000 0.90000, -8.65000 -4.85000 0.10000"
606,0.0000,Tx-Rx,0,-76.1325,"-6.00000 -5.60000 0.90000, -8.35000 -4.85000 0.10000"
607,0.0000,Tx-Rx,0,-53.9068,"-6.00000 -5.60000 0.90000, -8.05000 -4.85000 0.10000"
608,0.0000,Tx-Rx,0,-48.1253,"-6.00000 -5.60000 0.90000, -7.75000 -4.85000 0.10000"
609,0.0000,Tx-Rx,0,-47.2320,"-6.00000 -5.60000 0.90000, -7.45000 -4.85000 0.10000"
610,0.0000,Tx-Rx,0,-44.3696,"-6.00000 -5.60000 0.90000, -7.15000 -4.85000 0.10000"
611,0.0000,Tx-Rx,0,-43.0867,"-6.00000 -5.60000 0.90000, -6.85000 -4.85000 0.10000"
612,0.0000,Tx-Rx,0,-41.4533,"-6.00000 -5.60000 0.90000, -6.55000 -4.85000 0.10000"
613,0.0000,Tx-Rx,0,-40.7853,"-6.00000 -5.60000 0.90000, -6.25000 -4.85000 0.10000"
614,0.0000,Tx-Rx,0,-40.5962,"-6.00000 -5.60000 0.90000, -5.95000 -4.85000 0.10000"
615,0.0000,Tx-Rx,0,-40.8534,"-6.00000 -5.60000 0.90000, -5.65000 -4.85000 0.10000"
616,0.0000,Tx-Rx,0,-41.6134,"-6.00000 -5.60000 0.90000, -5.35000 -4.85000 0.10000"
617,0.0000,Tx-Rx,0,-42.8925,"-6.00000 -5.60000 0.90000, -5.05000 -4.85000 0.10000"
618,0.0000,Tx-Rx,0,-43.4076,"-6.00000 -5.60000 0.90000, -4.75000 -4.85000 0.10000"
619,0.0000,Tx-Rx,0,-44.5133,"-6.00000 -5.60000 0.90000, -4.45000 -4.85000 0.10000"
620,0.0000,Tx-Rx,0,-46.0729,"-6.00000 -5.60000 0.90000, -4.15000 -4.85000 0.10000"
621,0.0000,Tx-Rx,0,-47.0948,"-6.00000 -5.60000 0.90000, -3.85000 -4.85000 0.10000"
622,0.0000,Tx-Rx,0,-49.2428,"-6.00000 -5.60000 0.90000, -3.55000 -4.85000 0.10000"
623,0.0000,Tx-Rx,0,-51.5262,"-6.00000 -5.60000 0.90000, -3.25000 -4.85000 0.10000"
624,0.0000,Tx-Rx,0,-51.5827,"-6.00000 -5.60000 0.90000, -2.95000 -4.85000 0.10000"
625,0.0000,Tx-Rx,0,-51.7793,"-6.00000 -5.60000 0.90000, -2.65000 -4.85000 0.10000"
626,0.0000,Tx-Rx,0,-51.5755,"-6.00000 -5.60000 0.90000, -2.35000 -4.85000 0.10000"
627,0.0000,Tx-Rx,0,-51.5431,"-6.00000 -5.60000 0.90000, -2.05000 -4.85000 0.10000"
628,0.0000,Tx-Rx,0,-51.7151,"-6.00000 -5.60000 0.90000, -1.75000 -4.85000 0.10000"
629,0.0000,Tx-Rx,0,-52.0786,"-6.00000 -5.60000 0.90000, -1.45000 -4.85000 0.10000"
630,0.0000,Tx-Rx,0,-52.0317,"-6.00000 -5.60000 0.90000, -1.15000 -4.85000 0.10000"
631,0.0000,Tx-Rx,0,-52.1050,"-6.00000 -5.60000 0.90000, -0.85000 -4.85000 0.10000"
632,0.0000,Tx-Rx,0,-51.8338,"-6.00000 -5.60000 0.90000, -0.55000 -4.85000 0.10000"
633,0.0000,Tx-Rx,0,-49.2707,"-6.00000 -5.60000 0.90000, -0.25000 -4.85000 0.10000"
634,0.0000,Tx-Rx,0,-54.2377,"-6.00000 -5.60000 0.90000, 0.05000 -4.85000 0.10000"
635,0.0000,Tx-Rx,0,-76.0742,"-6.00000 -5.60000 0.90000, 0.35000 -4.85000 0.10000"
636,0.0000,Tx-Rx,0,-76.6942,"-6.00000 -5.60000 0.90000, 0.65000 -4.85000 0.10000"
637,0.0000,Tx-Rx,0,-76.3012,"-6.00000 -5.60000 0.90000, 0.95000 -4.85000 0.10000"
638,0.0000,Tx-Rx,0,-76.8038,"-6.00000 -5.60000 0.90000, 1.25000 -4.85000 0.10000"
639,0.0000,Tx-Rx,0,-76.9667,"-6.00000 -5.60000 0.90000, 1.55000 -4.85000 0.10000"
640,0.0000,Tx-Rx,0,-75.3558,"-6.00000 -5.60000 0.90000, 1.85000 -4.85000 0.10000"
641,0.0000,Tx-Rx,0,-76.1644,"-6.00000 -5.60000 0.90000, 2.15000 -4.85000 0.10000"
642,0.0000,Tx-Rx,0,-75.9641,"-6.00000 -5.60000 0.90000, 2.45000 -4.85000 0.10000"
643,0.0000,Tx-Rx,0,-77.6422,"-6.00000 -5.60000 0.90000, 2.75000 -4.85000 0.10000"
644,0.0000,Tx-Rx,0,-77.2968,"-6.00000 -5.60000 0.90000, 3.05000 -4.85000 0.10000"
645,0.0000,Tx-Rx,0,-76.7553,"-6.00000 -5.60000 0.90000, 3.35000 -4.85000 0.10000"
646,0.0000,Tx-Rx,0,-77.7016,"-6.00000 -5.60000 0.90000, 3.65000 -4.85000 0.10000"
647,0.0000,Tx-Rx,0,-75.7969,"-6.00000 -5.60000 0.90000, 3.95000 -4.85000 0.10000"
648,0.0000,Tx-Rx,0,-75.8136,"-6.00000 -5.60000 0.90000, 4.25000 -4.85000 0.10000"
649,0.0000,Tx-Rx,0,-76.5710,"-6.00000 -5.60000 0.90000, 4.55000 -4.85000 0.10000"
650,0.0000,Tx-Rx,0,-76.5659,"-6.00000 -5.60000 0.90000, 4.85000 -4.85000 0.10000"
651,0.0000,Tx-Rx,0,-76.2220,"-6.00000 -5.60000 0.90000, 5.15000 -4.85000 0.10000"
652,0.0000,Tx-Rx,0,-75.2070,"-6.00000 -5.60000 0.90000, 5.45000 -4.85000 0.10000"
653,0.0000,Tx-Rx,0,-72.9224,"-6.00000 -5.60000 0.90000, 5.75000 -4.85000 0.10000"
654,0.0000,Tx-Rx,0,-71.6926,"-6.00000 -5.60000 0.90000, 6.05000 -4.85000 0.10000"
655,0.0000,Tx-Rx,0,-69.6392,"-6.00000 -5.60000 0.90000, 6.35000 -4.85000 0.10000"
656,0.0000,Tx-Rx,0,-69.1482,"-6.00000 -5.60000 0.90000, 6.65000 -4.85000 0.10000"
657,0.0000,Tx-Rx,0,-69.2348,"-6.00000 -5.60000 0.90000, 6.95000 -4.85000 0.10000"
658,0.0000,Tx-Rx,0,-68.9370,"-6.00000 -5.60000 0.90000, 7.25000 -4.85000 0.10000"
659,0.0000,Tx-Rx,0,-69.8535,"-6.00000 -5.60000 0.90000, 7.55000 -4.85000 0.10000"
660,0.0000,Tx-Rx,0,-68.8285,"-6.00000 -5.60000 0.90000, 7.85000 -4.85000 0.10000"
661,0.0000,Tx-Rx,0,-72.9777,"-6.00000 -5.60000 0.90000, -9.85000 -4.55000 0.10000"
662,0.0000,Tx-Rx,0,-72.2340,"-6.00000 -5.60000 0.90000, -9.55000 -4.55000 0.10000"
663,0.0000,Tx-Rx,0,-72.1944,"-6.00000 -5.60000 0.90000, -9.25000 -4.55000 0.10000"
664,0.0000,Tx-Rx,0,-76.7383,"-6.00000 -5.60000 0.90000, -8.95000 -4.55000 0.10000"
665,0.0000,Tx-Rx,0,-76.7312,"-6.00000 -5.60000 0.90000, -8.65000 -4.55000 0.10000"
666,0.0000,Tx-Rx,0,-78.3480,"-6.00000 -5.60000 0.90000, -8.35000 -4.55000 0.10000"
667,0.0000,Tx-Rx,0,-53.3632,"-6.00000 -5.60000 0.90000, -8.05000 -4.55000 0.10000"
668,0.0000,Tx-Rx,0,-48.0066,"-6.00000 -5.60000 0.90000, -7.75000 -4.55000 0.10000"
669,0.0000,Tx-Rx,0,-47.1647,"-6.00000 -5.60000 0.90000, -7.45000 -4.55000 0.10000"
670,0.0000,Tx-Rx,0,-46.9285,"-6.00000 -5.60000 0.90000, -7.15000 -4.55000 0.10000"
671,0.0000,Tx-Rx,0,-46.4622,"-6.00000 -5.60000 0.90000, -6.85000 -4.55000 0.10000"
672,0.0000,Tx-Rx,0,-45.6681,"-6.00000 -5.60000 0.90000, -6.55000 -4.55000 0.10000"
673,0.0000,Tx-Rx,0,-45.4450,"-6.00000 -5.60000 0.90000, -6.25000 -4.55000 0.10000"
674,0.0000,Tx-Rx,0,-45.2149,"-6.00000 -5.60000 0.90000, -5.95000 -4.55000 0.10000"
675,0.0000,Tx-Rx,0,-45.0779,"-6.00000 -5.60000 0.90000, -5.65000 -4.55000 0.10000"
676,0.0000,Tx-Rx,0,-45.1877,"-6.00000 -5.60000 0.90000, -5.35000 -4.55000 0.10000"
677,0.0000,Tx-Rx,0,-46.1996,"-6.00000 -5.60000 0.90000, -5.05000 -4.55000 0.10000"
678,0.0000,Tx-Rx,0,-46.9753,"-6.00000 -5.60000 0.90000, -4.75000 -4.55000 0.10000"
679,0.0000,Tx-Rx,0,-46.5340,"-6.00000 -5.60000 0.90000, -4.45000 -4.55000 0.10000"
680,0.0000,Tx-Rx,0,-48.2384,"-6.00000 -5.60000 0.90000, -4.15000 -4.55000 0.10000"
681,0.0000,Tx-Rx,0,-49.4451,"-6.00000 -5.60000 0.90000, -3.85000 -4.55000 0.10000"
682,0.0000,Tx-Rx,0,-50.2637,"-6.00000 -5.60000 0.90000, -3.55000 -4.55000 0.10000"
683,0.0000,Tx-Rx,0,-50.7557,"-6.00000 -5.60000 0.90000, -3.25000 -4.55000 0.10000"
684,0.0000,Tx-Rx,0,-51.4466,"-6.00000 -5.60000 0.90000, -2.95000 -4.55000 0.10000"
685,0.0000,Tx-Rx,0,-52.1068,"-6.00000 -5.60000 0.90000, -2.65000 -4.55000 0.10000"
686,0.0000,Tx-Rx,0,-52.2191,"-6.00000 -5.60000 0.90000, -2.35000 -4.55000 0.10000"
687,0.0000,Tx-Rx,0,-52.2032,"-6.00000 -5.60000 0.90000, -2.05000 -4.55000 0.10000"
688,0.0000,Tx-Rx,0,-52.1082,"-6.00000 -5.60000 0.90000, -1.75000 -4.55000 0.10000"
689,0.0000,Tx-Rx,0,-52.5740,"-6.00000 -5.60000 0.90000, -1.45000 -4.55000 0.10000"
690,0.0000,Tx-Rx,0,-52.3043,"-6.00000 -5.60000 0.90000, -1.15000 -4.55000 0.10000"
691,0.0000,Tx-Rx,0,-52.5655,"-6.00000 -5.60000 0.90000, -0.85000 -4.55000 0.10000"
692,0.0000,Tx-Rx,0,-52.5598,"-6.00000 -5.60000 0.90000, -0.55000 -4.55000 0.10000"
693,0.0000,Tx-Rx,0,-49.3992,"-6.00000 -5.60000 0.90000, -0.25000 -4.55000 0.10000"
694,0.0000,Tx-Rx,0,-54.2495,"-6.00000 -5.60000 0.90000, 0.05000 -4.55000 0.10000"
695,0.0000,Tx-Rx,0,-75.6134,"-6.00000 -5.60000 0.90000, 0.35000 -4.55000 0.10000"
696,0.0000,Tx-Rx,0,-76.9691,"-6.00000 -5.60000 0.90000, 0.65000 -4.55000 0.10000"
697,0.0000,Tx-Rx,0,-75.4853,"-6.00000 -5.60000 0.90000, 0.95000 -4.55000 0.10000"
698,0.0000,Tx-Rx,0,-75.9296,"-6.00000 -5.60000 0.90000, 1.25000 -4.55000 0.10000"
699,0.0000,Tx-Rx,0,-76.6141,"-6.00000 -5.60000 0.90000, 1.55000 -4.55000 0.10000"
700,0.0000,Tx-Rx,0,-74.2790,"-6.00000 -5.60000 0.90000, 1.85000 -4.55000 0.10000"
701,0.0000,Tx-Rx,0,-76.3635,"-6.00000 -5.60000 0.90000, 2.15000 -4.55000 0.10000"
702,0.0000,Tx-Rx,0,-77.4614,"-6.00000 -5.60000 0.90000, 2.45000 -4.55000 0.10000"
703,0.0000,Tx-Rx,0,-80.6195,"-6.00000 -5.60000 0.90000, 2.75000 -4.55000 0.10000"
704,0.0000,Tx-Rx,0,-75.2498,"-6.00000 -5.60000 0.90000, 3.05000 -4.55000 0.10000"
705,0.0000,Tx-Rx,0,-78.9132,"-6.00000 -5.60000 0.90000, 3.35000 -4.55000 0.10000"
706,0.0000,Tx-Rx,0,-76.8577,"-6.00000 -5.60000 0.90000, 3.65000 -4.55000 0.10000"
707,0.0000,Tx-Rx,0,-76.2231,"-6.00000 -5.60000 0.90000, 3.95000 -4.55000 0.10000"
708,0.0000,Tx-Rx,0,-75.6763,"-6.00000 -5.60000 0.90000, 4.25000 -4.55000 0.10000"
709,0.0000,Tx-Rx,0,-78.5388,"-6.00000 -5.60000 0.90000, 4.55000 -4.55000 0.10000"
710,0.0000,Tx-Rx,0,-75.3778,"-6.00000 -5.60000 0.90000, 4.85000 -4.55000 0.10000"
711,0.0000,Tx-Rx,0,-76.7729,"-6.00000 -5.60000 0.90000, 5.15000 -4.55000 0.10000"
712,0.0000,Tx-Rx,0,-74.1403,"-6.00000 -5.60000 0.90000, 5.45000 -4.55000 0.10000"
713,0.0000,Tx-Rx,0,-71.6005,"-6.00000 -5.60000 0.90000, 5.75000 -4.55000 0.10000"
714,0.0000,Tx-Rx,0,-71.0823,"-6.00000 -5.60000 0.90000, 6.05000 -4.55000 0.10000"
715,0.0000,Tx-Rx,0,-69.1370,"-6.00000 -5.60000 0.90000, 6.35000 -4.55000 0.10000"
716,0.0000,Tx-Rx,0,-70.1672,"-6.00000 -5.60000 0.90000, 6.65000 -4.55000 0.10000"
717,0.0000,Tx-Rx,0,-69.3810,"-6.00000 -5.60000 0.90000, 6.95000 -4.55000 0.10000"
718,0.0000,Tx-Rx,0,-69.3354,"-6.00000 -5.60000 0.90000, 7.25000 -4.55000 0.10000"
719,0.0000,Tx-Rx,0,-69.1839,"-6.00000 -5.60000 0.90000, 7.55000 -4.55000 0.10000"
720,0.0000,Tx-Rx,0,-66.8358,"-6.00000 -5.60000 0.90000, 7.85000 -4.55000 0.10000"
721,0.0000,Tx-Rx,0,-73.4194,"-6.00000 -5.60000 0.90000, -9.85000 -4.25000 0.10000"
722,0.0000,Tx-Rx,0,-72.4565,"-6.00000 -5.60000 0.90000, -9.55000 -4.25000 0.10000"
723,0.0000,Tx-Rx,0,-72.6970,"-6.00000 -5.60000 0.90000, -9.25000 -4.25000 0.10000"
724,0.0000,Tx-Rx,0,-76.5422,"-6.00000 -5.60000 0.90000, -8.95000 -4.25000 0.10000"
725,0.0000,Tx-Rx,0,-76.1120,"-6.00000 -5.60000 0.90000, -8.65000 -4.25000 0.10000"
726,0.0000,Tx-Rx,0,-75.8841,"-6.00000 -5.60000 0.90000, -8.35000 -4.25000 0.10000"
727,0.0000,Tx-Rx,0,-50.4851,"-6.00000 -5.60000 0.90000, -8.05000 -4.25000 0.10000"
728,0.0000,Tx-Rx,0,-45.5867,"-6.00000 -5.60000 0.90000, -7.75000 -4.25000 0.10000"
729,0.0000,Tx-Rx,0,-45.0961,"-6.00000 -5.60000 0.90000, -7.45000 -4.25000 0.10000"
730,0.0000,Tx-Rx,0,-44.9061,"-6.00000 -5.60000 0.90000, -7.15000 -4.25000 0.10000"
731,0.0000,Tx-Rx,0,-44.1569,"-6.00000 -5.60000 0.90000, -6.85000 -4.25000 0.10000"
732,0.0000,Tx-Rx,0,-43.4938,"-6.00000 -5.60000 0.90000, -6.55000 -4.25000 0.10000"
733,0.0000,Tx-Rx,0,-43.2704,"-6.00000 -5.60000 0.90000, -6.25000 -4.25000 0.10000"
734,0.0000,Tx-Rx,0,-43.2303,"-6.00000 -5.60000 0.90000, -5.95000 -4.25000 0.10000"
735,0.0000,Tx-Rx,0,-43.4929,"-6.00000 -5.60000 0.90000, -5.65000 -4.25000 0.10000"
736,0.0000,Tx-Rx,0,-43.6462,"-6.00000 -5.60000 0.90000, -5.35000 -4.25000 0.10000"
737,0.0000,Tx-Rx,0,-44.5321,"-6.00000 -5.60000 0.90000, -5.05000 -4.25000 0.10000"
738,0.0000,Tx-Rx,0,-45.3178,"-6.00000 -5.60000 0.90000, -4.75000 -4.25000 0.10000"
739,0.0000,Tx-Rx,0,-46.0124,"-6.00000 -5.60000 0.90000, -4.45000 -4.25000 0.10000"
740,0.0000,Tx-Rx,0,-46.0062,"-6.00000 -5.60000 0.90000, -4.15000 -4.25000 0.10000"
741,0.0000,Tx-Rx,0,-47.5659,"-6.00000 -5.60000 0.90000, -3.85000 -4.25000 0.10000"
742,0.0000,Tx-Rx,0,-48.5245,"-6.00000 -5.60000 0.90000, -3.55000 -4.25000 0.10000"
743,0.0000,Tx-Rx,0,-49.0986,"-6.00000 -5.60000 0.90000, -3.25000 -4.25000 0.10000"
744,0.0000,Tx-Rx,0,-49.8112,"-6.00000 -5.60000 0.90000, -2.95000 -4.25000 0.10000"
745,0.0000,Tx-Rx,0,-50.2983,"-6.00000 -5.60000 0.90000, -2.65000 -4.25000 0.10000"
746,0.0000,Tx-Rx,0,-51.2513,"-6.00000 -5.60000 0.90000, -2.35000 -4.25000 0.10000"
747,0.0000,Tx-Rx,0,-51.8022,"-6.00000 -5.60000 0.90000, -2.05000 -4.25000 0.10000"
748,0.0000,Tx-Rx,0,-52.1359,"-6.00000 -5.60000 0.90000, -1.75000 -4.25000 0.10000"
749,0.0000,Tx-Rx,0,-52.4069,"-6.00000 -5.60000 0.90000, -1.45000 -4.25000 0.10000"
750,0.0000,Tx-Rx,0,-52.3637,"-6.00000 -5.60000 0.90000, -1.15000 -4.25000 0.10000"
751,0.0000,Tx-Rx,0,-52.9031,"-6.00000 -5.60000 0.90000, -0.85000 -4.25000 0.10000"
752,0.0000,Tx-Rx,0,-52.5016,"-6.00000 -5.60000 0.90000, -0.55000 -4.25000 0.10000"
753,0.0000,Tx-Rx,0,-49.4338,"-6.00000 -5.60000 0.90000, -0.25000 -4.25000 0.10000"
754,0.0000,Tx-Rx,0,-54.2260,"-6.00000 -5.60000 0.90000, 0.05000 -4.25000 0.10000"
755,0.0000,Tx-Rx,0,-76.5528,"-6.00000 -5.60000 0.90000, 0.35000 -4.25000 0.10000"
756,0.0000,Tx-Rx,0,-76.0198,"-6.00000 -5.60000 0.90000, 0.65000 -4.25000 0.10000"
757,0.0000,Tx-Rx,0,-76.5528,"-6.00000 -5.60000 0.90000, 0.95000 -4.25000 0.10000"
758,0.0000,Tx-Rx,0,-75.2594,"-6.00000 -5.60000 0.90000, 1.25000 -4.25000 0.10000"
759,0.0000,Tx-Rx,0,-75.2019,"-6.00000 -5.60000 0.90000, 1.55000 -4.25000 0.10000"
760,0.0000,Tx-Rx,0,-75.0495,"-6.00000 -5.60000 0.90000, 1.85000 -4.25000 0.10000"
761,0.0000,Tx-Rx,0,-75.6200,"-6.00000 -5.60000 0.90000, 2.15000 -4.25000 0.10000"
762,0.0000,Tx-Rx,0,-77.9085,"-6.00000 -5.60000 0.90000, 2.45000 -4.25000 0.10000"
763,0.0000,Tx-Rx,0,-75.9747,"-6.00000 -5.60000 0.90000, 2.75000 -4.25000 0.10000"
764,0.0000,Tx-Rx,0,-77.4492,"-6.00000 -5.60000 0.90000, 3.05000 -4.25000 0.10000"
765,0.0000,Tx-Rx,0,-78.1863,"-6.00000 -5.60000 0.90000, 3.35000 -4.25000 0.10000"
766,0.0000,Tx-Rx,0,-77.8876,"-6.00000 -5.60000 0.90000, 3.65000 -4.25000 0.10000"
767,0.0000,Tx-Rx,0,-75.9941,"-6.00000 -5.60000 0.90000, 3.95000 -4.25000 0.10000"
768,0.0000,Tx-Rx,0,-76.5358,"-6.00000 -5.60000 0.90000, 4.25000 -4.25000 0.10000"
769,0.0000,Tx-Rx,0,-78.6661,"-6.00000 -5.60000 0.90000, 4.55000 -4.25000 0.10000"
770,0.0000,Tx-Rx,0,-75.6190,"-6.00000 -5.60000 0.90000, 4.85000 -4.25000 0.10000"
771,0.0000,Tx-Rx,0,-75.2274,"-6.00000 -5.60000 0.90000, 5.15000 -4.25000 0.10000"
772,0.0000,Tx-Rx,0,-72.7535,"-6.00000 -5.60000 0.90000, 5.45000 -4.25000 0.10000"
773,0.0000,Tx-Rx,0,-71.6659,"-6.00000 -5.60000 0.90000, 5.75000 -4.25000 0.10000"
774,0.0000,Tx-Rx,0,-69.1059,"-6.00000 -5.60000 0.90000, 6.05000 -4.25000 0.10000"
775,0.0000,Tx-Rx,0,-69.4423,"-6.00000 -5.60000 0.90000, 6.35000 -4.25000 0.10000"
776,0.0000,Tx-Rx,0,-69.8488,"-6.00000 -5.60000 0.90000, 6.65000 -4.25000 0.10000"
777,0.0000,Tx-Rx,0,-71.4488,"-6.00000 -5.60000 0.90000, 6.95000 -4.25000 0.10000"
778,0.0000,Tx-Rx,0,-70.0803,"-6.00000 -5.60000 0.90000, 7.25000 -4.25000 0.10000"
779,0.0000,Tx-Rx,0,-67.2553,"-6.00000 -5.60000 0.90000, 7.55000 -4.25000 0.10000"
780,0.0000,Tx-Rx,0,-66.4281,"-6.00000 -5.60000 0.90000, 7.85000 -4.25000 0.10000"
781,0.0000,Tx-Rx,0,-73.2765,"-6.00000 -5.60000 0.90000, -9.85000 -3.95000 0.10000"
782,0.0000,Tx-Rx,0,-72.9493,"-6.00000 -5.60000 0.90000, -9.55000 -3.95000 0.10000"
783,0.0000,Tx-Rx,0,-72.4163,"-6.00000 -5.60000 0.90000, -9.25000 -3.95000 0.10000"
784,0.0000,Tx-Rx,0,-72.1150,"-6.00000 -5.60000 0.90000, -8.95000 -3.95000 0.10000"
785,0.0000,Tx-Rx,0,-72.0542,"-6.00000 -5.60000 0.90000, -8.65000 -3.95000 0.10000"
786,0.0000,Tx-Rx,0,-71.8698,"-6.00000 -5.60000 0.90000, -8.35000 -3.95000 0.10000"
787,0.0000,Tx-Rx,0,-47.7432,"-6.00000 -5.60000 0.90000, -8.05000 -3.95000 0.10000"
788,0.0000,Tx-Rx,0,-42.7541,"-6.00000 -5.60000 0.90000, -7.75000 -3.95000 0.10000"
789,0.0000,Tx-Rx,0,-42.4272,"-6.00000 -5.60000 0.90000, -7.45000 -3.95000 0.10000"
790,0.0000,Tx-Rx,0,-41.9948,"-6.00000 -5.60000 0.90000, -7.15000 -3.95000 0.10000"
791,0.0000,Tx-Rx,0,-41.5446,"-6.00000 -5.60000 0.90000, -6.85000 -3.95000 0.10000"
792,0.0000,Tx-Rx,0,-41.1160,"-6.00000 -5.60000 0.90000, -6.55000 -3.95000 0.10000"
793,0.0000,Tx-Rx,0,-40.8488,"-6.00000 -5.60000 0.90000, -6.25000 -3.95000 0.10000"
794,0.0000,Tx-Rx,0,-40.8521,"-6.00000 -5.60000 0.90000, -5.95000 -3.95000 0.10000"
795,0.0000,Tx-Rx,0,-40.9439,"-6.00000 -5.60000 0.90000, -5.65000 -3.95000 0.10000"
796,0.0000,Tx-Rx,0,-41.1470,"-6.00000 -5.60000 0.90000, -5.35000 -3.95000 0.10000"
797,0.0000,Tx-Rx,0,-41.8293,"-6.00000 -5.60000 0.90000, -5.05000 -3.95000 0.10000"
798,0.0000,Tx-Rx,0,-42.5048,"-6.00000 -5.60000 0.90000, -4.75000 -3.95000 0.10000"
799,0.0000,Tx-Rx,0,-43.1497,"-6.00000 -5.60000 0.90000, -4.45000 -3.95000 0.10000"
800,0.0000,Tx-Rx,0,-43.7250,"-6.00000 -5.60000 0.90000, -4.15000 -3.95000 0.10000"
801,0.0000,Tx-Rx,0,-44.2590,"-6.00000 -5.60000 0.90000, -3.85000 -3.95000 0.10000"
802,0.0000,Tx-Rx,0,-45.0726,"-6.00000 -5.60000 0.90000, -3.55000 -3.95000 0.10000"
803,0.0000,Tx-Rx,0,-45.6594,"-6.00000 -5.60000 0.90000, -3.25000 -3.95000 0.10000"
804,0.0000,Tx-Rx,0,-46.2922,"-6.00000 -5.60000 0.90000, -2.95000 -3.95000 0.10000"
805,0.0000,Tx-Rx,0,-46.8656,"-6.00000 -5.60000 0.90000, -2.65000 -3.95000 0.10000"
806,0.0000,Tx-Rx,0,-47.2640,"-6.00000 -5.60000 0.90000, -2.35000 -3.95000 0.10000"
807,0.0000,Tx-Rx,0,-47.5915,"-6.00000 -5.60000 0.90000, -2.05000 -3.95000 0.10000"
808,0.0000,Tx-Rx,0,-48.2821,"-6.00000 -5.60000 0.90000, -1.75000 -3.95000 0.10000"
809,0.0000,Tx-Rx,0,-48.7914,"-6.00000 -5.60000 0.90000, -1.45000 -3.95000 0.10000"
810,0.0000,Tx-Rx,0,-49.2410,"-6.00000 -5.60000 0.90000, -1.15000 -3.95000 0.10000"
811,0.0000,Tx-Rx,0,-49.6732,"-6.00000 -5.60000 0.90000, -0.85000 -3.95000 0.10000"
812,0.0000,Tx-Rx,0,-49.9320,"-6.00000 -5.60000 0.90000, -0.55000 -3.95000 0.10000"
813,0.0000,Tx-Rx,0,-49.9589,"-6.00000 -5.60000 0.90000, -0.25000 -3.95000 0.10000"
814,0.0000,Tx-Rx,0,-54.7088,"-6.00000 -5.60000 0.90000, 0.05000 -3.95000 0.10000"
815,0.0000,Tx-Rx,0,-76.6235,"-6.00000 -5.60000 0.90000, 0.35000 -3.95000 0.10000"
816,0.0000,Tx-Rx,0,-77.5190,"-6.00000 -5.60000 0.90000, 0.65000 -3.95000 0.10000"
817,0.0000,Tx-Rx,0,-76.7547,"-6.00000 -5.60000 0.90000, 0.95000 -3.95000 0.10000"
818,0.0000,Tx-Rx,0,-76.1313,"-6.00000 -5.60000 0.90000, 1.25000 -3.95000 0.10000"
819,0.0000,Tx-Rx,0,-75.0893,"-6.00000 -5.60000 0.90000, 1.55000 -3.95000 0.10000"
820,0.0000,Tx-Rx,0,-74.7470,"-6.00000 -5.60000 0.90000, 1.85000 -3.95000 0.10000"
821,0.0000,Tx-Rx,0,-75.3792,"-6.00000 -5.60000 0.90000, 2.15000 -3.95000 0.10000"
822,0.0000,Tx-Rx,0,-76.3239,"-6.00000 -5.60000 0.90000, 2.45000 -3.95000 0.10000"
823,0.0000,Tx-Rx,0,-74.6783,"-6.00000 -5.60000 0.90000, 2.75000 -3.95000 0.10000"
824,0.0000,Tx-Rx,0,-79.2145,"-6.00000 -5.60000 0.90000, 3.05000 -3.95000 0.10000"
825,0.0000,Tx-Rx,0,-79.9880,"-6.00000 -5.60000 0.90000, 3.35000 -3.95000 0.10000"
826,0.0000,Tx-Rx,0,-76.5963,"-6.00000 -5.60000 0.90000, 3.65000 -3.95000 0.10000"
827,0.0000,Tx-Rx,0,-76.1601,"-6.00000 -5.60000 0.90000, 3.95000 -3.95000 0.10000"
828,0.0000,Tx-Rx,0,-75.3893,"-6.00000 -5.60000 0.90000, 4.25000 -3.95000 0.10000"
829,0.0000,Tx-Rx,0,-76.7922,"-6.00000 -5.60000 0.90000, 4.55000 -3.95000 0.10000"
830,0.0000,Tx-Rx,0,-75.5820,"-6.00000 -5.60000 0.90000, 4.85000 -3.95000 0.10000"
831,0.0000,Tx-Rx,0,-73.3573,"-6.00000 -5.60000 0.90000, 5.15000 -3.95000 0.10000"
832,0.0000,Tx-Rx,0,-71.1683,"-6.00000 -5.60000 0.90000, 5.45000 -3.95000 0.10000"
833,0.0000,Tx-Rx,0,-69.5696,"-6.00000 -5.60000 0.90000, 5.75000 -3.95000 0.10000"
834,0.0000,Tx-Rx,0,-69.3443,"-6.00000 -5.60000 0.90000, 6.05000 -3.95000 0.10000"
835,0.0000,Tx-Rx,0,-69.3875,"-6.00000 -5.60000 0.90000, 6.35000 -3.95000 0.10000"
836,0.0000,Tx-Rx,0,-70.1038,"-6.00000 -5.60000 0.90000, 6.65000 -3.95000 0.10000"
837,0.0000,Tx-Rx,0,-73.4285,"-6.00000 -5.60000 0.90000, 6.95000 -3.95000 0.10000"
838,0.0000,Tx-Rx,0,-69.3816,"-6.00000 -5.60000 0.90000, 7.25000 -3.95000 0.10000"
839,0.0000,Tx-Rx,0,-66.2976,"-6.00000 -5.60000 0.90000, 7.55000 -3.95000 0.10000"
840,0.0000,Tx-Rx,0,-66.3341,"-6.00000 -5.60000 0.90000, 7.85000 -3.95000 0.10000"
841,0.0000,Tx-Rx,0,-73.5202,"-6.00000 -5.60000 0.90000, -9.85000 -3.65000 0.10000"
842,0.0000,Tx-Rx,0,-73.5764,"-6.00000 -5.60000 0.90000, -9.55000 -3.65000 0.10000"
843,0.0000,Tx-Rx,0,-72.5263,"-6.00000 -5.60000 0.90000, -9.25000 -3.65000 0.10000"
844,0.0000,Tx-Rx,0,-72.1216,"-6.00000 -5.60000 0.90000, -8.95000 -3.65000 0.10000"
845,0.0000,Tx-Rx,0,-72.0104,"-6.00000 -5.60000 0.90000, -8.65000 -3.65000 0.10000"
846,0.0000,Tx-Rx,0,-72.0438,"-6.00000 -5.60000 0.90000, -8.35000 -3.65000 0.10000"
847,0.0000,Tx-Rx,0,-48.2218,"-6.00000 -5.60000 0.90000, -8.05000 -3.65000 0.10000"
848,0.0000,Tx-Rx,0,-43.3190,"-6.00000 -5.60000 0.90000, -7.75000 -3.65000 0.10000"
849,0.0000,Tx-Rx,0,-43.1348,"-6.00000 -5.60000 0.90000, -7.45000 -3.65000 0.10000"
850,0.0000,Tx-Rx,0,-42.8134,"-6.00000 -5.60000 0.90000, -7.15000 -3.65000 0.10000"
851,0.0000,Tx-Rx,0,-42.4471,"-6.00000 -5.60000 0.90000, -6.85000 -3.65000 0.10000"
852,0.0000,Tx-Rx,0,-42.2274,"-6.00000 -5.60000 0.90000, -6.55000 -3.65000 0.10000"
853,0.0000,Tx-Rx,0,-42.0431,"-6.00000 -5.60000 0.90000, -6.25000 -3.65000 0.10000"
854,0.0000,Tx-Rx,0,-42.0241,"-6.00000 -5.60000 0.90000, -5.95000 -3.65000 0.10000"
855,0.0000,Tx-Rx,0,-42.0898,"-6.00000 -5.60000 0.90000, -5.65000 -3.65000 0.10000"
856,0.0000,Tx-Rx,0,-42.1429,"-6.00000 -5.60000 0.90000, -5.35000 -3.65000 0.10000"
857,0.0000,Tx-Rx,0,-42.7561,"-6.00000 -5.60000 0.90000, -5.05000 -3.65000 0.10000"
858,0.0000,Tx-Rx,0,-43.2427,"-6.00000 -5.60000 0.90000, -4.75000 -3.65000 0.10000"
859,0.0000,Tx-Rx,0,-43.7710,"-6.00000 -5.60000 0.90000, -4.45000 -3.65000 0.10000"
860,0.0000,Tx-Rx,0,-44.3257,"-6.00000 -5.60000 0.90000, -4.15000 -3.65000 0.10000"
861,0.0000,Tx-Rx,0,-44.8657,"-6.00000 -5.60000 0.90000, -3.85000 -3.65000 0.10000"
862,0.0000,Tx-Rx,0,-45.3846,"-6.00000 -5.60000 0.90000, -3.55000 -3.65000 0.10000"
863,0.0000,Tx-Rx,0,-45.9311,"-6.00000 -5.60000 0.90000, -3.25000 -3.65000 0.10000"
864,0.0000,Tx-Rx,0,-46.4351,"-6.00000 -5.60000 0.90000, -2.95000 -3.65000 0.10000"
865,0.0000,Tx-Rx,0,-46.9351,"-6.00000 -5.60000 0.90000, -2.65000 -3.65000 0.10000"
866,0.0000,Tx-Rx,0,-47.4225,"-6.00000 -5.60000 0.90000, -2.35000 -3.65000 0.10000"
867,0.0000,Tx-Rx,0,-47.7700,"-6.00000 -5.60000 0.90000, -2.05000 -3.65000 0.10000"
868,0.0000,Tx-Rx,0,-48.0786,"-6.00000 -5.60000 0.90000, -1.75000 -3.65000 0.10000"
869,0.0000,Tx-Rx,0,-48.6704,"-6.00000 -5.60000 0.90000, -1.45000 -3.65000 0.10000"
870,0.0000,Tx-Rx,0,-49.0722,"-6.00000 -5.60000 0.90000, -1.15000 -3.65000 0.10000"
871,0.0000,Tx-Rx,0,-49.4266,"-6.00000 -5.60000 0.90000, -0.85000 -3.65000 0.10000"
872,0.0000,Tx-Rx,0,-49.7122,"-6.00000 -5.60000 0.90000, -0.55000 -3.65000 0.10000"
873,0.0000,Tx-Rx,0,-49.9656,"-6.00000 -5.60000 0.90000, -0.25000 -3.65000 0.10000"
874,0.0000,Tx-Rx,0,-54.9190,"-6.00000 -5.60000 0.90000, 0.05000 -3.65000 0.10000"
875,0.0000,Tx-Rx,0,-75.5362,"-6.00000 -5.60000 0.90000, 0.35000 -3.65000 0.10000"
876,0.0000,Tx-Rx,0,-75.8769,"-6.00000 -5.60000 0.90000, 0.65000 -3.65000 0.10000"
877,0.0000,Tx-Rx,0,-76.3887,"-6.00000 -5.60000 0.90000, 0.95000 -3.65000 0.10000"
878,0.0000,Tx-Rx,0,-76.0506,"-6.00000 -5.60000 0.90000, 1.25000 -3.65000 0.10000"
879,0.0000,Tx-Rx,0,-75.4455,"-6.00000 -5.60000 0.90000, 1.55000 -3.65000 0.10000"
880,0.0000,Tx-Rx,0,-75.7003,"-6.00000 -5.60000 0.90000, 1.85000 -3.65000 0.10000"
881,0.0000,Tx-Rx,0,-75.6085,"-6.00000 -5.60000 0.90000, 2.15000 -3.65000 0.10000"
882,0.0000,Tx-Rx,0,-74.4085,"-6.00000 -5.60000 0.90000, 2.45000 -3.65000 0.10000"
883,0.0000,Tx-Rx,0,-73.9496,"-6.00000 -5.60000 0.90000, 2.75000 -3.65000 0.10000"
884,0.0000,Tx-Rx,0,-76.3225,"-6.00000 -5.60000 0.90000, 3.05000 -3.65000 0.10000"
885,0.0000,Tx-Rx,0,-75.5479,"-6.00000 -5.60000 0.90000, 3.35000 -3.65000 0.10000"
886,0.0000,Tx-Rx,0,-74.0595,"-6.00000 -5.60000 0.90000, 3.65000 -3.65000 0.10000"
887,0.0000,Tx-Rx,0,-73.9724,"-6.00000 -5.60000 0.90000, 3.95000 -3.65000 0.10000"
888,0.0000,Tx-Rx,0,-74.7263,"-6.00000 -5.60000 0.90000, 4.25000 -3.65000 0.10000"
889,0.0000,Tx-Rx,0,-73.7734,"-6.00000 -5.60000 0.90000, 4.55000 -3.65000 0.10000"
890,0.0000,Tx-Rx,0,-72.9149,"-6.00000 -5.60000 0.90000, 4.85000 -3.65000 0.10000"
891,0.0000,Tx-Rx,0,-70.5679,"-6.00000 -5.60000 0.90000, 5.15000 -3.65000 0.10000"
892,0.0000,Tx-Rx,0,-69.7728,"-6.00000 -5.60000 0.90000, 5.45000 -3.65000 0.10000"
893,0.0000,Tx-Rx,0,-68.5966,"-6.00000 -5.60000 0.90000, 5.75000 -3.65000 0.10000"
894,0.0000,Tx-Rx,0,-69.2460,"-6.00000 -5.60000 0.90000, 6.05000 -3.65000 0.10000"
895,0.0000,Tx-Rx,0,-68.8853,"-6.00000 -5.60000 0.90000, 6.35000 -3.65000 0.10000"
896,0.0000,Tx-Rx,0,-71.4846,"-6.00000 -5.60000 0.90000, 6.65000 -3.65000 0.10000"
897,0.0000,Tx-Rx,0,-70.6263,"-6.00000 -5.60000 0.90000, 6.95000 -3.65000 0.10000"
898,0.0000,Tx-Rx,0,-67.3184,"-6.00000 -5.60000 0.90000, 7.25000 -3.65000 0.10000"
899,0.0000,Tx-Rx,0,-66.8440,"-6.00000 -5.60000 0.90000, 7.55000 -3.65000 0.10000"
900,0.0000,Tx-Rx,0,-66.2435,"-6.00000 -5.60000 0.90000, 7.85000 -3.65000 0.10000"
901,0.0000,Tx-Rx,0,-73.4864,"-6.00000 -5.60000 0.90000, -9.85000 -3.35000 0.10000"
902,0.0000,Tx-Rx,0,-73.4235,"-6.00000 -5.60000 0.90000, -9.55000 -3.35000 0.10000"
903,0.0000,Tx-Rx,0,-73.2810,"-6.00000 -5.60000 0.90000, -9.25000 -3.35000 0.10000"
904,0.0000,Tx-Rx,0,-73.1456,"-6.00000 -5.60000 0.90000, -8.95000 -3.35000 0.10000"
905,0.0000,Tx-Rx,0,-72.5303,"-6.00000 -5.60000 0.90000, -8.65000 -3.35000 0.10000"
906,0.0000,Tx-Rx,0,-72.8654,"-6.00000 -5.60000 0.90000, -8.35000 -3.35000 0.10000"
907,0.0000,Tx-Rx,0,-49.0238,"-6.00000 -5.60000 0.90000, -8.05000 -3.35000 0.10000"
908,0.0000,Tx-Rx,0,-44.1835,"-6.00000 -5.60000 0.90000, -7.75000 -3.35000 0.10000"
909,0.0000,Tx-Rx,0,-43.9775,"-6.00000 -5.60000 0.90000, -7.45000 -3.35000 0.10000"
910,0.0000,Tx-Rx,0,-43.6592,"-6.00000 -5.60000 0.90000, -7.15000 -3.35000 0.10000"
911,0.0000,Tx-Rx,0,-43.3999,"-6.00000 -5.60000 0.90000, -6.85000 -3.35000 0.10000"
912,0.0000,Tx-Rx,0,-43.2500,"-6.00000 -5.60000 0.90000, -6.55000 -3.35000 0.10000"
913,0.0000,Tx-Rx,0,-43.1581,"-6.00000 -5.60000 0.90000, -6.25000 -3.35000 0.10000"
914,0.0000,Tx-Rx,0,-43.1615,"-6.00000 -5.60000 0.90000, -5.95000 -3.35000 0.10000"
915,0.0000,Tx-Rx,0,-43.2457,"-6.00000 -5.60000 0.90000, -5.65000 -3.35000 0.10000"
916,0.0000,Tx-Rx,0,-43.2934,"-6.00000 -5.60000 0.90000, -5.35000 -3.35000 0.10000"
917,0.0000,Tx-Rx,0,-43.6647,"-6.00000 -5.60000 0.90000, -5.05000 -3.35000 0.10000"
918,0.0000,Tx-Rx,0,-44.1265,"-6.00000 -5.60000 0.90000, -4.75000 -3.35000 0.10000"
919,0.0000,Tx-Rx,0,-44.5617,"-6.00000 -5.60000 0.90000, -4.45000 -3.35000 0.10000"
920,0.0000,Tx-Rx,0,-45.0560,"-6.00000 -5.60000 0.90000, -4.15000 -3.35000 0.10000"
921,0.0000,Tx-Rx,0,-45.4914,"-6.00000 -5.60000 0.90000, -3.85000 -3.35000 0.10000"
922,0.0000,Tx-Rx,0,-45.7841,"-6.00000 -5.60000 0.90000, -3.55000 -3.35000 0.10000"
923,0.0000,Tx-Rx,0,-46.3451,"-6.00000 -5.60000 0.90000, -3.25000 -3.35000 0.10000"
924,0.0000,Tx-Rx,0,-46.8039,"-6.00000 -5.60000 0.90000, -2.95000 -3.35000 0.10000"
925,0.0000,Tx-Rx,0,-47.2834,"-6.00000 -5.60000 0.90000, -2.65000 -3.35000 0.10000"
926,0.0000,Tx-Rx,0,-47.7418,"-6.00000 -5.60000 0.90000, -2.35000 -3.35000 0.10000"
927,0.0000,Tx-Rx,0,-48.0924,"-6.00000 -5.60000 0.90000, -2.05000 -3.35000 0.10000"
928,0.0000,Tx-Rx,0,-48.4541,"-6.00000 -5.60000 0.90000, -1.75000 -3.35000 0.10000"
929,0.0000,Tx-Rx,0,-48.8647,"-6.00000 -5.60000 0.90000, -1.45000 -3.35000 0.10000"
930,0.0000,Tx-Rx,0,-49.1258,"-6.00000 -5.60000 0.90000, -1.15000 -3.35000 0.10000"
931,0.0000,Tx-Rx,0,-49.5440,"-6.00000 -5.60000 0.90000, -0.85000 -3.35000 0.10000"
932,0.0000,Tx-Rx,0,-49.7644,"-6.00000 -5.60000 0.90000, -0.55000 -3.35000 0.10000"
933,0.0000,Tx-Rx,0,-50.0212,"-6.00000 -5.60000 0.90000, -0.25000 -3.35000 0.10000"
934,0.0000,Tx-Rx,0,-54.9881,"-6.00000 -5.60000 0.90000, 0.05000 -3.35000 0.10000"
935,0.0000,Tx-Rx,0,-74.7746,"-6.00000 -5.60000 0.90000, 0.35000 -3.35000 0.10000"
936,0.0000,Tx-Rx,0,-76.6275,"-6.00000 -5.60000 0.90000, 0.65000 -3.35000 0.10000"
937,0.0000,Tx-Rx,0,-76.2673,"-6.00000 -5.60000 0.90000, 0.95000 -3.35000 0.10000"
938,0.0000,Tx-Rx,0,-75.6487,"-6.00000 -5.60000 0.90000, 1.25000 -3.35000 0.10000"
939,0.0000,Tx-Rx,0,-76.0694,"-6.00000 -5.60000 0.90000, 1.55000 -3.35000 0.10000"
940,0.0000,Tx-Rx,0,-76.3576,"-6.00000 -5.60000 0.90000, 1.85000 -3.35000 0.10000"
941,0.0000,Tx-Rx,0,-75.8829,"-6.00000 -5.60000 0.90000, 2.15000 -3.35000 0.10000"
942,0.0000,Tx-Rx,0,-74.3151,"-6.00000 -5.60000 0.90000, 2.45000 -3.35000 0.10000"
943,0.0000,Tx-Rx,0,-77.1649,"-6.00000 -5.60000 0.90000, 2.75000 -3.35000 0.10000"
944,0.0000,Tx-Rx,0,-77.9461,"-6.00000 -5.60000 0.90000, 3.05000 -3.35000 0.10000"
945,0.0000,Tx-Rx,0,-74.3127,"-6.00000 -5.60000 0.90000, 3.35000 -3.35000 0.10000"
946,0.0000,Tx-Rx,0,-73.6853,"-6.00000 -5.60000 0.90000, 3.65000 -3.35000 0.10000"
947,0.0000,Tx-Rx,0,-73.2171,"-6.00000 -5.60000 0.90000, 3.95000 -3.35000 0.10000"
948,0.0000,Tx-Rx,0,-73.2672,"-6.00000 -5.60000 0.90000, 4.25000 -3.35000 0.10000"
949,0.0000,Tx-Rx,0,-72.7512,"-6.00000 -5.60000 0.90000, 4.55000 -3.35000 0.10000"
950,0.0000,Tx-Rx,0,-70.2153,"-6.00000 -5.60000 0.90000, 4.85000 -3.35000 0.10000"
951,0.0000,Tx-Rx,0,-68.7654,"-6.00000 -5.60000 0.90000, 5.15000 -3.35000 0.10000"
952,0.0000,Tx-Rx,0,-66.5559,"-6.00000 -5.60000 0.90000, 5.45000 -3.35000 0.10000"
953,0.0000,Tx-Rx,0,-66.7351,"-6.00000 -5.60000 0.90000, 5.75000 -3.35000 0.10000"
954,0.0000,Tx-Rx,0,-67.0689,"-6.00000 -5.60000 0.90000, 6.05000 -3.35000 0.10000"
955,0.0000,Tx-Rx,0,-68.3796,"-6.00000 -5.60000 0.90000, 6.35000 -3.35000 0.10000"
956,0.0000,Tx-Rx,0,-68.8091,"-6.00000 -5.60000 0.90000, 6.65000 -3.35000 0.10000"
957,0.0000,Tx-Rx,0,-67.4485,"-6.00000 -5.60000 0.90000, 6.95000 -3.35000 0.10000"
958,0.0000,Tx-Rx,0,-66.8255,"-6.00000 -5.60000 0.90000, 7.25000 -3.35000 0.10000"
959,0.0000,Tx-Rx,0,-67.1535,"-6.00000 -5.60000 0.90000, 7.55000 -3.35000 0.10000"
960,0.0000,Tx-Rx,0,-66.6970,"-6.00000 -5.60000 0.90000, 7.85000 -3.35000 0.10000"
961,0.0000,Tx-Rx,0,-61.0925,"-6.00000 -5.60000 0.90000, -9.85000 -3.05000 0.10000"
962,0.0000,Tx-Rx,0,-62.7553,"-6.00000 -5.60000 0.90000, -9.55000 -3.05000 0.10000"
963,0.0000,Tx-Rx,0,-72.6138,"-6.00000 -5.60000 0.90000, -9.25000 -3.05000 0.10000"
964,0.0000,Tx-Rx,0,-72.0174,"-6.00000 -5.60000 0.90000, -8.95000 -3.05000 0.10000"
965,0.0000,Tx-Rx,0,-71.4420,"-6.00000 -5.60000 0.90000, -8.65000 -3.05000 0.10000"
966,0.0000,Tx-Rx,0,-67.4059,"-6.00000 -5.60000 0.90000, -8.35000 -3.05000 0.10000"
967,0.0000,Tx-Rx,0,-49.4469,"-6.00000 -5.60000 0.90000, -8.05000 -3.05000 0.10000"
968,0.0000,Tx-Rx,0,-44.9161,"-6.00000 -5.60000 0.90000, -7.75000 -3.05000 0.10000"
969,0.0000,Tx-Rx,0,-44.7229,"-6.00000 -5.60000 0.90000, -7.45000 -3.05000 0.10000"
970,0.0000,Tx-Rx,0,-44.4306,"-6.00000 -5.60000 0.90000, -7.15000 -3.05000 0.10000"
971,0.0000,Tx-Rx,0,-44.3364,"-6.00000 -5.60000 0.90000, -6.85000 -3.05000 0.10000"
972,0.0000,Tx-Rx,0,-44.1704,"-6.00000 -5.60000 0.90000, -6.55000 -3.05000 0.10000"
973,0.0000,Tx-Rx,0,-44.0749,"-6.00000 -5.60000 0.90000, -6.25000 -3.05000 0.10000"
974,0.0000,Tx-Rx,0,-44.0624,"-6.00000 -5.60000 0.90000, -5.95000 -3.05000 0.10000"
975,0.0000,Tx-Rx,0,-44.1663,"-6.00000 -5.60000 0.90000, -5.65000 -3.05000 0.10000"
976,0.0000,Tx-Rx,0,-44.2015,"-6.00000 -5.60000 0.90000, -5.35000 -3.05000 0.10000"
977,0.0000,Tx-Rx,0,-44.4735,"-6.00000 -5.60000 0.90000, -5.05000 -3.05000 0.10000"
978,0.0000,Tx-Rx,0,-44.9225,"-6.00000 -5.60000 0.90000, -4.75000 -3.05000 0.10000"
979,0.0000,Tx-Rx,0,-45.2936,"-6.00000 -5.60000 0.90000, -4.45000 -3.05000 0.10000"
980,0.0000,Tx-Rx,0,-45.6407,"-6.00000 -5.60000 0.90000, -4.15000 -3.05000 0.10000"
981,0.0000,Tx-Rx,0,-45.9657,"-6.00000 -5.60000 0.90000, -3.85000 -3.05000 0.10000"
982,0.0000,Tx-Rx,0,-46.4198,"-6.00000 -5.60000 0.90000, -3.55000 -3.05000 0.10000"
983,0.0000,Tx-Rx,0,-46.8844,"-6.00000 -5.60000 0.90000, -3.25000 -3.05000 0.10000"
984,0.0000,Tx-Rx,0,-47.2666,"-6.00000 -5.60000 0.90000, -2.95000 -3.05000 0.10000"
985,0.0000,Tx-Rx,0,-47.6597,"-6.00000 -5.60000 0.90000, -2.65000 -3.05000 0.10000"
986,0.0000,Tx-Rx,0,-47.8772,"-6.00000 -5.60000 0.90000, -2.35000 -3.05000 0.10000"
987,0.0000,Tx-Rx,0,-48.3125,"-6.00000 -5.60000 0.90000, -2.05000 -3.05000 0.10000"
988,0.0000,Tx-Rx,0,-48.7749,"-6.00000 -5.60000 0.90000, -1.75000 -3.05000 0.10000"
989,0.0000,Tx-Rx,0,-49.0514,"-6.00000 -5.60000 0.90000, -1.45000 -3.05000 0.10000"
990,0.0000,Tx-Rx,0,-49.4153,"-6.00000 -5.60000 0.90000, -1.15000 -3.05000 0.10000"
991,0.0000,Tx-Rx,0,-49.6585,"-6.00000 -5.60000 0.90000, -0.85000 -3.05000 0.10000"
992,0.0000,Tx-Rx,0,-50.0160,"-6.00000 -5.60000 0.90000, -0.55000 -3.05000 0.10000"
993,0.0000,Tx-Rx,0,-50.2744,"-6.00000 -5.60000 0.90000, -0.25000 -3.05000 0.10000"
994,0.0000,Tx-Rx,0,-55.1295,"-6.00000 -5.60000 0.90000, 0.05000 -3.05000 0.10000"
995,0.0000,Tx-Rx,0,-74.5208,"-6.00000 -5.60000 0.90000, 0.35000 -3.05000 0.10000"
996,0.0000,Tx-Rx,0,-74.2542,"-6.00000 -5.60000 0.90000, 0.65000 -3.05000 0.10000"
997,0.0000,Tx-Rx,0,-75.5988,"-6.00000 -5.60000 0.90000, 0.95000 -3.05000 0.10000"
998,0.0000,Tx-Rx,0,-75.2908,"-6.00000 -5.60000 0.90000, 1.25000 -3.05000 0.10000"
999,0.0000,Tx-Rx,0,-74.3849,"-6.00000 -5.60000 0.90000, 1.55000 -3.05000 0.10000"
1000,0.0000,Tx-Rx,0,-74.8037,"-6.00000 -5.60000 0.90000, 1.85000 -3.05000 0.10000"
1001,0.0000,Tx-Rx,0,-74.5280,"-6.00000 -5.60000 0.90000, 2.15000 -3.05000 0.10000"
1002,0.0000,Tx-Rx,0,-72.8386,"-6.00000 -5.60000 0.90000, 2.45000 -3.05000 0.10000"
1003,0.0000,Tx-Rx,0,-77.4394,"-6.00000 -5.60000 0.90000, 2.75000 -3.05000 0.10000"
1004,0.0000,Tx-Rx,0,-76.7004,"-6.00000 -5.60000 0.90000, 3.05000 -3.05000 0.10000"
1005,0.0000,Tx-Rx,0,-74.5896,"-6.00000 -5.60000 0.90000, 3.35000 -3.05000 0.10000"
1006,0.0000,Tx-Rx,0,-74.5304,"-6.00000 -5.60000 0.90000, 3.65000 -3.05000 0.10000"
1007,0.0000,Tx-Rx,0,-74.1287,"-6.00000 -5.60000 0.90000, 3.95000 -3.05000 0.10000"
1008,0.0000,Tx-Rx,0,-73.8251,"-6.00000 -5.60000 0.90000, 4.25000 -3.05000 0.10000"
1009,0.0000,Tx-Rx,0,-73.1077,"-6.00000 -5.60000 0.90000, 4.55000 -3.05000 0.10000"
1010,0.0000,Tx-Rx,0,-66.8614,"-6.00000 -5.60000 0.90000, 4.85000 -3.05000 0.10000"
1011,0.0000,Tx-Rx,0,-66.1919,"-6.00000 -5.60000 0.90000, 5.15000 -3.05000 0.10000"
1012,0.0000,Tx-Rx,0,-66.0657,"-6.00000 -5.60000 0.90000, 5.45000 -3.05000 0.10000"
1013,0.0000,Tx-Rx,0,-66.3175,"-6.00000 -5.60000 0.90000, 5.75000 -3.05000 0.10000"
1014,0.0000,Tx-Rx,0,-66.6164,"-6.00000 -5.60000 0.90000, 6.05000 -3.05000 0.10000"
1015,0.0000,Tx-Rx,0,-68.6671,"-6.00000 -5.60000 0.90000, 6.35000 -3.05000 0.10000"
1016,0.0000,Tx-Rx,0,-66.5595,"-6.00000 -5.60000 0.90000, 6.65000 -3.05000 0.10000"
1017,0.0000,Tx-Rx,0,-66.7107,"-6.00000 -5.60000 0.90000, 6.95000 -3.05000 0.10000"
1018,0.0000,Tx-Rx,0,-67.0135,"-6.00000 -5.60000 0.90000, 7.25000 -3.05000 0.10000"
1019,0.0000,Tx-Rx,0,-67.0966,"-6.00000 -5.60000 0.90000, 7.55000 -3.05000 0.10000"
1020,0.0000,Tx-Rx,0,-69.4883,"-6.00000 -5.60000 0.90000, 7.85000 -3.05000 0.10000"
1021,0.0000,Tx-Rx,0,-55.3213,"-6.00000 -5.60000 0.90000, -9.85000 -2.75000 0.10000"
1022,0.0000,Tx-Rx,0,-58.6023,"-6.00000 -5.60000 0.90000, -9.55000 -2.75000 0.10000"
1023,0.0000,Tx-Rx,0,-64.7388,"-6.00000 -5.60000 0.90000, -9.25000 -2.75000 0.10000"
1024,0.0000,Tx-Rx,0,-65.0293,"-6.00000 -5.60000 0.90000, -8.95000 -2.75000 0.10000"
1025,0.0000,Tx-Rx,0,-64.4722,"-6.00000 -5.60000 0.90000, -8.65000 -2.75000 0.10000"
1026,0.0000,Tx-Rx,0,-56.7744,"-6.00000 -5.60000 0.90000, -8.35000 -2.75000 0.10000"
1027,0.0000,Tx-Rx,0,-47.2486,"-6.00000 -5.60000 0.90000, -8.05000 -2.75000 0.10000"
1028,0.0000,Tx-Rx,0,-45.7789,"-6.00000 -5.60000 0.90000, -7.75000 -2.75000 0.10000"
1029,0.0000,Tx-Rx,0,-45.2954,"-6.00000 -5.60000 0.90000, -7.45000 -2.75000 0.10000"
1030,0.0000,Tx-Rx,0,-45.1550,"-6.00000 -5.60000 0.90000, -7.15000 -2.75000 0.10000"
1031,0.0000,Tx-Rx,0,-45.0339,"-6.00000 -5.60000 0.90000, -6.85000 -2.75000 0.10000"
1032,0.0000,Tx-Rx,0,-44.8803,"-6.00000 -5.60000 0.90000, -6.55000 -2.75000 0.10000"
1033,0.0000,Tx-Rx,0,-44.8002,"-6.00000 -5.60000 0.90000, -6.25000 -2.75000 0.10000"
1034,0.0000,Tx-Rx,0,-44.8715,"-6.00000 -5.60000 0.90000, -5.95000 -2.75000 0.10000"
1035,0.0000,Tx-Rx,0,-44.9201,"-6.00000 -5.60000 0.90000, -5.65000 -2.75000 0.10000"
1036,0.0000,Tx-Rx,0,-44.9103,"-6.00000 -5.60000 0.90000, -5.35000 -2.75000 0.10000"
1037,0.0000,Tx-Rx,0,-45.1715,"-6.00000 -5.60000 0.90000, -5.05000 -2.75000 0.10000"
1038,0.0000,Tx-Rx,0,-45.6733,"-6.00000 -5.60000 0.90000, -4.75000 -2.75000 0.10000"
1039,0.0000,Tx-Rx,0,-45.9964,"-6.00000 -5.60000 0.90000, -4.45000 -2.75000 0.10000"
1040,0.0000,Tx-Rx,0,-46.2875,"-6.00000 -5.60000 0.90000, -4.15000 -2.75000 0.10000"
1041,0.0000,Tx-Rx,0,-46.4497,"-6.00000 -5.60000 0.90000, -3.85000 -2.75000 0.10000"
1042,0.0000,Tx-Rx,0,-46.8797,"-6.00000 -5.60000 0.90000, -3.55000 -2.75000 0.10000"
1043,0.0000,Tx-Rx,0,-47.3298,"-6.00000 -5.60000 0.90000, -3.25000 -2.75000 0.10000"
1044,0.0000,Tx-Rx,0,-47.6923,"-6.00000 -5.60000 0.90000, -2.95000 -2.75000 0.10000"
1045,0.0000,Tx-Rx,0,-47.9887,"-6.00000 -5.60000 0.90000, -2.65000 -2.75000 0.10000"
1046,0.0000,Tx-Rx,0,-48.1410,"-6.00000 -5.60000 0.90000, -2.35000 -2.75000 0.10000"
1047,0.0000,Tx-Rx,0,-48.7339,"-6.00000 -5.60000 0.90000, -2.05000 -2.75000 0.10000"
1048,0.0000,Tx-Rx,0,-49.0121,"-6.00000 -5.60000 0.90000, -1.75000 -2.75000 0.10000"
1049,0.0000,Tx-Rx,0,-49.3582,"-6.00000 -5.60000 0.90000, -1.45000 -2.75000 0.10000"
1050,0.0000,Tx-Rx,0,-49.6003,"-6.00000 -5.60000 0.90000, -1.15000 -2.75000 0.10000"
1051,0.0000,Tx-Rx,0,-49.9124,"-6.00000 -5.60000 0.90000, -0.85000 -2.75000 0.10000"
1052,0.0000,Tx-Rx,0,-50.2527,"-6.00000 -5.60000 0.90000, -0.55000 -2.75000 0.10000"
1053,0.0000,Tx-Rx,0,-50.5040,"-6.00000 -5.60000 0.90000, -0.25000 -2.75000 0.10000"
1054,0.0000,Tx-Rx,0,-55.3388,"-6.00000 -5.60000 0.90000, 0.05000 -2.75000 0.10000"
1055,0.0000,Tx-Rx,0,-76.5944,"-6.00000 -5.60000 0.90000, 0.35000 -2.75000 0.10000"
1056,0.0000,Tx-Rx,0,-74.8293,"-6.00000 -5.60000 0.90000, 0.65000 -2.75000 0.10000"
1057,0.0000,Tx-Rx,0,-75.1868,"-6.00000 -5.60000 0.90000, 0.95000 -2.75000 0.10000"
1058,0.0000,Tx-Rx,0,-75.5201,"-6.00000 -5.60000 0.90000, 1.25000 -2.75000 0.10000"
1059,0.0000,Tx-Rx,0,-76.1172,"-6.00000 -5.60000 0.90000, 1.55000 -2.75000 0.10000"
1060,0.0000,Tx-Rx,0,-75.3494,"-6.00000 -5.60000 0.90000, 1.85000 -2.75000 0.10000"
1061,0.0000,Tx-Rx,0,-75.0227,"-6.00000 -5.60000 0.90000, 2.15000 -2.75000 0.10000"
1062,0.0000,Tx-Rx,0,-75.1069,"-6.00000 -5.60000 0.90000, 2.45000 -2.75000 0.10000"
1063,0.0000,Tx-Rx,0,-77.8992,"-6.00000 -5.60000 0.90000, 2.75000 -2.75000 0.10000"
1064,0.0000,Tx-Rx,0,-74.7657,"-6.00000 -5.60000 0.90000, 3.05000 -2.75000 0.10000"
1065,0.0000,Tx-Rx,0,-74.8833,"-6.00000 -5.60000 0.90000, 3.35000 -2.75000 0.10000"
1066,0.0000,Tx-Rx,0,-74.5597,"-6.00000 -5.60000 0.90000, 3.65000 -2.75000 0.10000"
1067,0.0000,Tx-Rx,0,-74.9264,"-6.00000 -5.60000 0.90000, 3.95000 -2.75000 0.10000"
1068,0.0000,Tx-Rx,0,-73.5699,"-6.00000 -5.60000 0.90000, 4.25000 -2.75000 0.10000"
1069,0.0000,Tx-Rx,0,-69.1964,"-6.00000 -5.60000 0.90000, 4.55000 -2.75000 0.10000"
1070,0.0000,Tx-Rx,0,-66.4426,"-6.00000 -5.60000 0.90000, 4.85000 -2.75000 0.10000"
1071,0.0000,Tx-Rx,0,-66.2389,"-6.00000 -5.60000 0.90000, 5.15000 -2.75000 0.10000"
1072,0.0000,Tx-Rx,0,-66.5219,"-6.00000 -5.60000 0.90000, 5.45000 -2.75000 0.10000"
1073,0.0000,Tx-Rx,0,-66.6708,"-6.00000 -5.60000 0.90000, 5.75000 -2.75000 0.10000"
1074,0.0000,Tx-Rx,0,-69.0146,"-6.00000 -5.60000 0.90000, 6.05000 -2.75000 0.10000"
1075,0.0000,Tx-Rx,0,-66.7070,"-6.00000 -5.60000 0.90000, 6.35000 -2.75000 0.10000"
1076,0.0000,Tx-Rx,0,-66.6245,"-6.00000 -5.60000 0.90000, 6.65000 -2.75000 0.10000"
1077,0.0000,Tx-Rx,0,-66.6383,"-6.00000 -5.60000 0.90000, 6.95000 -2.75000 0.10000"
1078,0.0000,Tx-Rx,0,-67.0181,"-6.00000 -5.60000 0.90000, 7.25000 -2.75000 0.10000"
1079,0.0000,Tx-Rx,0,-68.3210,"-6.00000 -5.60000 0.90000, 7.55000 -2.75000 0.10000"
1080,0.0000,Tx-Rx,0,-77.6929,"-6.00000 -5.60000 0.90000, 7.85000 -2.75000 0.10000"
1081,0.0000,Tx-Rx,0,-53.3019,"-6.00000 -5.60000 0.90000, -9.85000 -2.45000 0.10000"
1082,0.0000,Tx-Rx,0,-55.3352,"-6.00000 -5.60000 0.90000, -9.55000 -2.45000 0.10000"
1083,0.0000,Tx-Rx,0,-59.5689,"-6.00000 -5.60000 0.90000, -9.25000 -2.45000 0.10000"
1084,0.0000,Tx-Rx,0,-65.5217,"-6.00000 -5.60000 0.90000, -8.95000 -2.45000 0.10000"
1085,0.0000,Tx-Rx,0,-64.3495,"-6.00000 -5.60000 0.90000, -8.65000 -2.45000 0.10000"
1086,0.0000,Tx-Rx,0,-49.0238,"-6.00000 -5.60000 0.90000, -8.35000 -2.45000 0.10000"
1087,0.0000,Tx-Rx,0,-47.3130,"-6.00000 -5.60000 0.90000, -8.05000 -2.45000 0.10000"
1088,0.0000,Tx-Rx,0,-46.9700,"-6.00000 -5.60000 0.90000, -7.75000 -2.45000 0.10000"
1089,0.0000,Tx-Rx,0,-45.8392,"-6.00000 -5.60000 0.90000, -7.45000 -2.45000 0.10000"
1090,0.0000,Tx-Rx,0,-45.7974,"-6.00000 -5.60000 0.90000, -7.15000 -2.45000 0.10000"
1091,0.0000,Tx-Rx,0,-45.6808,"-6.00000 -5.60000 0.90000, -6.85000 -2.45000 0.10000"
1092,0.0000,Tx-Rx,0,-45.6180,"-6.00000 -5.60000 0.90000, -6.55000 -2.45000 0.10000"
1093,0.0000,Tx-Rx,0,-45.5677,"-6.00000 -5.60000 0.90000, -6.25000 -2.45000 0.10000"
1094,0.0000,Tx-Rx,0,-45.6372,"-6.00000 -5.60000 0.90000, -5.95000 -2.45000 0.10000"
1095,0.0000,Tx-Rx,0,-45.6804,"-6.00000 -5.60000 0.90000, -5.65000 -2.45000 0.10000"
1096,0.0000,Tx-Rx,0,-45.6487,"-6.00000 -5.60000 0.90000, -5.35000 -2.45000 0.10000"
1097,0.0000,Tx-Rx,0,-45.7108,"-6.00000 -5.60000 0.90000, -5.05000 -2.45000 0.10000"
1098,0.0000,Tx-Rx,0,-46.2334,"-6.00000 -5.60000 0.90000, -4.75000 -2.45000 0.10000"
1099,0.0000,Tx-Rx,0,-46.5035,"-6.00000 -5.60000 0.90000, -4.45000 -2.45000 0.10000"
1100,0.0000,Tx-Rx,0,-46.7307,"-6.00000 -5.60000 0.90000, -4.15000 -2.45000 0.10000"
1101,0.0000,Tx-Rx,0,-46.9253,"-6.00000 -5.60000 0.90000, -3.85000 -2.45000 0.10000"
1102,0.0000,Tx-Rx,0,-47.2799,"-6.00000 -5.60000 0.90000, -3.55000 -2.45000 0.10000"
1103,0.0000,Tx-Rx,0,-47.6844,"-6.00000 -5.60000 0.90000, -3.25000 -2.45000 0.10000"
1104,0.0000,Tx-Rx,0,-47.9431,"-6.00000 -5.60000 0.90000, -2.95000 -2.45000 0.10000"
1105,0.0000,Tx-Rx,0,-48.2032,"-6.00000 -5.60000 0.90000, -2.65000 -2.45000 0.10000"
1106,0.0000,Tx-Rx,0,-48.4635,"-6.00000 -5.60000 0.90000, -2.35000 -2.45000 0.10000"
1107,0.0000,Tx-Rx,0,-48.9578,"-6.00000 -5.60000 0.90000, -2.05000 -2.45000 0.10000"
1108,0.0000,Tx-Rx,0,-49.2380,"-6.00000 -5.60000 0.90000, -1.75000 -2.45000 0.10000"
1109,0.0000,Tx-Rx,0,-49.5317,"-6.00000 -5.60000 0.90000, -1.45000 -2.45000 0.10000"
1110,0.0000,Tx-Rx,0,-49.8221,"-6.00000 -5.60000 0.90000, -1.15000 -2.45000 0.10000"
1111,0.0000,Tx-Rx,0,-50.1603,"-6.00000 -5.60000 0.90000, -0.85000 -2.45000 0.10000"
1112,0.0000,Tx-Rx,0,-50.4186,"-6.00000 -5.60000 0.90000, -0.55000 -2.45000 0.10000"
1113,0.0000,Tx-Rx,0,-50.6319,"-6.00000 -5.60000 0.90000, -0.25000 -2.45000 0.10000"
1114,0.0000,Tx-Rx,0,-55.5811,"-6.00000 -5.60000 0.90000, 0.05000 -2.45000 0.10000"
1115,0.0000,Tx-Rx,0,-77.8254,"-6.00000 -5.60000 0.90000, 0.35000 -2.45000 0.10000"
1116,0.0000,Tx-Rx,0,-77.8129,"-6.00000 -5.60000 0.90000, 0.65000 -2.45000 0.10000"
1117,0.0000,Tx-Rx,0,-73.5060,"-6.00000 -5.60000 0.90000, 0.95000 -2.45000 0.10000"
1118,0.0000,Tx-Rx,0,-74.1416,"-6.00000 -5.60000 0.90000, 1.25000 -2.45000 0.10000"
1119,0.0000,Tx-Rx,0,-75.2681,"-6.00000 -5.60000 0.90000, 1.55000 -2.45000 0.10000"
1120,0.0000,Tx-Rx,0,-74.6933,"-6.00000 -5.60000 0.90000, 1.85000 -2.45000 0.10000"
1121,0.0000,Tx-Rx,0,-74.3440,"-6.00000 -5.60000 0.90000, 2.15000 -2.45000 0.10000"
1122,0.0000,Tx-Rx,0,-75.9058,"-6.00000 -5.60000 0.90000, 2.45000 -2.45000 0.10000"
1123,0.0000,Tx-Rx,0,-78.5076,"-6.00000 -5.60000 0.90000, 2.75000 -2.45000 0.10000"
1124,0.0000,Tx-Rx,0,-74.1257,"-6.00000 -5.60000 0.90000, 3.05000 -2.45000 0.10000"
1125,0.0000,Tx-Rx,0,-74.5046,"-6.00000 -5.60000 0.90000, 3.35000 -2.45000 0.10000"
1126,0.0000,Tx-Rx,0,-73.8687,"-6.00000 -5.60000 0.90000, 3.65000 -2.45000 0.10000"
1127,0.0000,Tx-Rx,0,-73.6035,"-6.00000 -5.60000 0.90000, 3.95000 -2.45000 0.10000"
1128,0.0000,Tx-Rx,0,-71.6816,"-6.00000 -5.60000 0.90000, 4.25000 -2.45000 0.10000"
1129,0.0000,Tx-Rx,0,-66.5419,"-6.00000 -5.60000 0.90000, 4.55000 -2.45000 0.10000"
1130,0.0000,Tx-Rx,0,-66.0275,"-6.00000 -5.60000 0.90000, 4.85000 -2.45000 0.10000"
1131,0.0000,Tx-Rx,0,-66.1755,"-6.00000 -5.60000 0.90000, 5.15000 -2.45000 0.10000"
1132,0.0000,Tx-Rx,0,-66.3884,"-6.00000 -5.60000 0.90000, 5.45000 -2.45000 0.10000"
1133,0.0000,Tx-Rx,0,-67.2979,"-6.00000 -5.60000 0.90000, 5.75000 -2.45000 0.10000"
1134,0.0000,Tx-Rx,0,-67.1265,"-6.00000 -5.60000 0.90000, 6.05000 -2.45000 0.10000"
1135,0.0000,Tx-Rx,0,-66.3653,"-6.00000 -5.60000 0.90000, 6.35000 -2.45000 0.10000"
1136,0.0000,Tx-Rx,0,-66.3473,"-6.00000 -5.60000 0.90000, 6.65000 -2.45000 0.10000"
1137,0.0000,Tx-Rx,0,-66.8492,"-6.00000 -5.60000 0.90000, 6.95000 -2.45000 0.10000"
1138,0.0000,Tx-Rx,0,-67.5586,"-6.00000 -5.60000 0.90000, 7.25000 -2.45000 0.10000"
1139,0.0000,Tx-Rx,0,-76.5299,"-6.00000 -5.60000 0.90000, 7.55000 -2.45000 0.10000"
1140,0.0000,Tx-Rx,0,-79.2816,"-6.00000 -5.60000 0.90000, 7.85000 -2.45000 0.10000"
1141,0.0000,Tx-Rx,0,-52.7774,"-6.00000 -5.60000 0.90000, -9.85000 -2.15000 0.10000"
1142,0.0000,Tx-Rx,0,-52.2689,"-6.00000 -5.60000 0.90000, -9.55000 -2.15000 0.10000"
1143,0.0000,Tx-Rx,0,-54.0130,"-6.00000 -5.60000 0.90000, -9.25000 -2.15000 0.10000"
1144,0.0000,Tx-Rx,0,-64.4115,"-6.00000 -5.60000 0.90000, -8.95000 -2.15000 0.10000"
1145,0.0000,Tx-Rx,0,-51.9308,"-6.00000 -5.60000 0.90000, -8.65000 -2.15000 0.10000"
1146,0.0000,Tx-Rx,0,-48.0922,"-6.00000 -5.60000 0.90000, -8.35000 -2.15000 0.10000"
1147,0.0000,Tx-Rx,0,-47.8503,"-6.00000 -5.60000 0.90000, -8.05000 -2.15000 0.10000"
1148,0.0000,Tx-Rx,0,-47.4606,"-6.00000 -5.60000 0.90000, -7.75000 -2.15000 0.10000"
1149,0.0000,Tx-Rx,0,-47.0074,"-6.00000 -5.60000 0.90000, -7.45000 -2.15000 0.10000"
1150,0.0000,Tx-Rx,0,-46.3385,"-6.00000 -5.60000 0.90000, -7.15000 -2.15000 0.10000"
1151,0.0000,Tx-Rx,0,-46.2930,"-6.00000 -5.60000 0.90000, -6.85000 -2.15000 0.10000"
1152,0.0000,Tx-Rx,0,-46.2759,"-6.00000 -5.60000 0.90000, -6.55000 -2.15000 0.10000"
1153,0.0000,Tx-Rx,0,-46.2387,"-6.00000 -5.60000 0.90000, -6.25000 -2.15000 0.10000"
1154,0.0000,Tx-Rx,0,-46.2297,"-6.00000 -5.60000 0.90000, -5.95000 -2.15000 0.10000"
1155,0.0000,Tx-Rx,0,-46.3126,"-6.00000 -5.60000 0.90000, -5.65000 -2.15000 0.10000"
1156,0.0000,Tx-Rx,0,-46.3088,"-6.00000 -5.60000 0.90000, -5.35000 -2.15000 0.10000"
1157,0.0000,Tx-Rx,0,-46.2969,"-6.00000 -5.60000 0.90000, -5.05000 -2.15000 0.10000"
1158,0.0000,Tx-Rx,0,-46.7469,"-6.00000 -5.60000 0.90000, -4.75000 -2.15000 0.10000"
1159,0.0000,Tx-Rx,0,-47.0968,"-6.00000 -5.60000 0.90000, -4.45000 -2.15000 0.10000"
1160,0.0000,Tx-Rx,0,-47.2156,"-6.00000 -5.60000 0.90000, -4.15000 -2.15000 0.10000"
1161,0.0000,Tx-Rx,0,-47.5318,"-6.00000 -5.60000 0.90000, -3.85000 -2.15000 0.10000"
1162,0.0000,Tx-Rx,0,-47.7317,"-6.00000 -5.60000 0.90000, -3.55000 -2.15000 0.10000"
1163,0.0000,Tx-Rx,0,-48.0875,"-6.00000 -5.60000 0.90000, -3.25000 -2.15000 0.10000"
1164,0.0000,Tx-Rx,0,-48.1692,"-6.00000 -5.60000 0.90000, -2.95000 -2.15000 0.10000"
1165,0.0000,Tx-Rx,0,-48.5946,"-6.00000 -5.60000 0.90000, -2.65000 -2.15000 0.10000"
1166,0.0000,Tx-Rx,0,-48.9181,"-6.00000 -5.60000 0.90000, -2.35000 -2.15000 0.10000"
1167,0.0000,Tx-Rx,0,-49.1328,"-6.00000 -5.60000 0.90000, -2.05000 -2.15000 0.10000"
1168,0.0000,Tx-Rx,0,-49.5259,"-6.00000 -5.60000 0.90000, -1.75000 -2.15000 0.10000"
1169,0.0000,Tx-Rx,0,-49.8068,"-6.00000 -5.60000 0.90000, -1.45000 -2.15000 0.10000"
1170,0.0000,Tx-Rx,0,-50.0857,"-6.00000 -5.60000 0.90000, -1.15000 -2.15000 0.10000"
1171,0.0000,Tx-Rx,0,-50.3801,"-6.00000 -5.60000 0.90000, -0.85000 -2.15000 0.10000"
1172,0.0000,Tx-Rx,0,-50.6149,"-6.00000 -5.60000 0.90000, -0.55000 -2.15000 0.10000"
1173,0.0000,Tx-Rx,0,-50.7666,"-6.00000 -5.60000 0.90000, -0.25000 -2.15000 0.10000"
1174,0.0000,Tx-Rx,0,-55.6217,"-6.00000 -5.60000 0.90000, 0.05000 -2.15000 0.10000"
1175,0.0000,Tx-Rx,0,-76.9889,"-6.00000 -5.60000 0.90000, 0.35000 -2.15000 0.10000"
1176,0.0000,Tx-Rx,0,-76.6384,"-6.00000 -5.60000 0.90000, 0.65000 -2.15000 0.10000"
1177,0.0000,Tx-Rx,0,-76.0445,"-6.00000 -5.60000 0.90000, 0.95000 -2.15000 0.10000"
1178,0.0000,Tx-Rx,0,-74.4484,"-6.00000 -5.60000 0.90000, 1.25000 -2.15000 0.10000"
1179,0.0000,Tx-Rx,0,-74.8945,"-6.00000 -5.60000 0.90000, 1.55000 -2.15000 0.10000"
1180,0.0000,Tx-Rx,0,-74.1580,"-6.00000 -5.60000 0.90000, 1.85000 -2.15000 0.10000"
1181,0.0000,Tx-Rx,0,-73.3515,"-6.00000 -5.60000 0.90000, 2.15000 -2.15000 0.10000"
1182,0.0000,Tx-Rx,0,-76.9715,"-6.00000 -5.60000 0.90000, 2.45000 -2.15000 0.10000"
1183,0.0000,Tx-Rx,0,-74.5764,"-6.00000 -5.60000 0.90000, 2.75000 -2.15000 0.10000"
1184,0.0000,Tx-Rx,0,-73.2715,"-6.00000 -5.60000 0.90000, 3.05000 -2.15000 0.10000"
1185,0.0000,Tx-Rx,0,-74.0130,"-6.00000 -5.60000 0.90000, 3.35000 -2.15000 0.10000"
1186,0.0000,Tx-Rx,0,-73.7712,"-6.00000 -5.60000 0.90000, 3.65000 -2.15000 0.10000"
1187,0.0000,Tx-Rx,0,-73.3196,"-6.00000 -5.60000 0.90000, 3.95000 -2.15000 0.10000"
1188,0.0000,Tx-Rx,0,-67.3422,"-6.00000 -5.60000 0.90000, 4.25000 -2.15000 0.10000"
1189,0.0000,Tx-Rx,0,-66.0820,"-6.00000 -5.60000 0.90000, 4.55000 -2.15000 0.10000"
1190,0.0000,Tx-Rx,0,-65.8252,"-6.00000 -5.60000 0.90000, 4.85000 -2.15000 0.10000"
1191,0.0000,Tx-Rx,0,-66.1418,"-6.00000 -5.60000 0.90000, 5.15000 -2.15000 0.10000"
1192,0.0000,Tx-Rx,0,-66.3288,"-6.00000 -5.60000 0.90000, 5.45000 -2.15000 0.10000"
1193,0.0000,Tx-Rx,0,-66.5269,"-6.00000 -5.60000 0.90000, 5.75000 -2.15000 0.10000"
1194,0.0000,Tx-Rx,0,-66.3645,"-6.00000 -5.60000 0.90000, 6.05000 -2.15000 0.10000"
1195,0.0000,Tx-Rx,0,-66.2065,"-6.00000 -5.60000 0.90000, 6.35000 -2.15000 0.10000"
1196,0.0000,Tx-Rx,0,-66.6741,"-6.00000 -5.60000 0.90000, 6.65000 -2.15000 0.10000"
1197,0.0000,Tx-Rx,0,-67.0393,"-6.00000 -5.60000 0.90000, 6.95000 -2.15000 0.10000"
1198,0.0000,Tx-Rx,0,-73.9716,"-6.00000 -5.60000 0.90000, 7.25000 -2.15000 0.10000"
1199,0.0000,Tx-Rx,0,-79.4504,"-6.00000 -5.60000 0.90000, 7.55000 -2.15000 0.10000"
1200,0.0000,Tx-Rx,0,-80.2163,"-6.00000 -5.60000 0.90000, 7.85000 -2.15000 0.10000"
1201,0.0000,Tx-Rx,0,-55.2896,"-6.00000 -5.60000 0.90000, -9.85000 -1.85000 0.10000"
1202,0.0000,Tx-Rx,0,-52.0511,"-6.00000 -5.60000 0.90000, -9.55000 -1.85000 0.10000"
1203,0.0000,Tx-Rx,0,-52.1508,"-6.00000 -5.60000 0.90000, -9.25000 -1.85000 0.10000"
1204,0.0000,Tx-Rx,0,-54.0109,"-6.00000 -5.60000 0.90000, -8.95000 -1.85000 0.10000"
1205,0.0000,Tx-Rx,0,-48.9073,"-6.00000 -5.60000 0.90000, -8.65000 -1.85000 0.10000"
1206,0.0000,Tx-Rx,0,-48.5506,"-6.00000 -5.60000 0.90000, -8.35000 -1.85000 0.10000"
1207,0.0000,Tx-Rx,0,-48.2833,"-6.00000 -5.60000 0.90000, -8.05000 -1.85000 0.10000"
1208,0.0000,Tx-Rx,0,-47.8350,"-6.00000 -5.60000 0.90000, -7.75000 -1.85000 0.10000"
1209,0.0000,Tx-Rx,0,-47.8317,"-6.00000 -5.60000 0.90000, -7.45000 -1.85000 0.10000"
1210,0.0000,Tx-Rx,0,-47.3238,"-6.00000 -5.60000 0.90000, -7.15000 -1.85000 0.10000"
1211,0.0000,Tx-Rx,0,-46.8067,"-6.00000 -5.60000 0.90000, -6.85000 -1.85000 0.10000"
1212,0.0000,Tx-Rx,0,-46.8420,"-6.00000 -5.60000 0.90000, -6.55000 -1.85000 0.10000"
1213,0.0000,Tx-Rx,0,-46.8097,"-6.00000 -5.60000 0.90000, -6.25000 -1.85000 0.10000"
1214,0.0000,Tx-Rx,0,-46.8554,"-6.00000 -5.60000 0.90000, -5.95000 -1.85000 0.10000"
1215,0.0000,Tx-Rx,0,-46.8575,"-6.00000 -5.60000 0.90000, -5.65000 -1.85000 0.10000"
1216,0.0000,Tx-Rx,0,-46.8864,"-6.00000 -5.60000 0.90000, -5.35000 -1.85000 0.10000"
1217,0.0000,Tx-Rx,0,-46.7971,"-6.00000 -5.60000 0.90000, -5.05000 -1.85000 0.10000"
1218,0.0000,Tx-Rx,0,-47.1577,"-6.00000 -5.60000 0.90000, -4.75000 -1.85000 0.10000"
1219,0.0000,Tx-Rx,0,-47.5326,"-6.00000 -5.60000 0.90000, -4.45000 -1.85000 0.10000"
1220,0.0000,Tx-Rx,0,-47.5948,"-6.00000 -5.60000 0.90000, -4.15000 -1.85000 0.10000"
1221,0.0000,Tx-Rx,0,-47.9227,"-6.00000 -5.60000 0.90000, -3.85000 -1.85000 0.10000"
1222,0.0000,Tx-Rx,0,-48.2631,"-6.00000 -5.60000 0.90000, -3.55000 -1.85000 0.10000"
1223,0.0000,Tx-Rx,0,-48.4434,"-6.00000 -5.60000 0.90000, -3.25000 -1.85000 0.10000"
1224,0.0000,Tx-Rx,0,-48.6101,"-6.00000 -5.60000 0.90000, -2.95000 -1.85000 0.10000"
1225,0.0000,Tx-Rx,0,-48.8814,"-6.00000 -5.60000 0.90000, -2.65000 -1.85000 0.10000"
1226,0.0000,Tx-Rx,0,-49.2265,"-6.00000 -5.60000 0.90000, -2.35000 -1.85000 0.10000"
1227,0.0000,Tx-Rx,0,-49.3794,"-6.00000 -5.60000 0.90000, -2.05000 -1.85000 0.10000"
1228,0.0000,Tx-Rx,0,-49.6469,"-6.00000 -5.60000 0.90000, -1.75000 -1.85000 0.10000"
1229,0.0000,Tx-Rx,0,-50.0792,"-6.00000 -5.60000 0.90000, -1.45000 -1.85000 0.10000"
1230,0.0000,Tx-Rx,0,-50.2584,"-6.00000 -5.60000 0.90000, -1.15000 -1.85000 0.10000"
1231,0.0000,Tx-Rx,0,-50.5253,"-6.00000 -5.60000 0.90000, -0.85000 -1.85000 0.10000"
1232,0.0000,Tx-Rx,0,-50.7873,"-6.00000 -5.60000 0.90000, -0.55000 -1.85000 0.10000"
1233,0.0000,Tx-Rx,0,-50.9640,"-6.00000 -5.60000 0.90000, -0.25000 -1.85000 0.10000"
1234,0.0000,Tx-Rx,0,-55.8291,"-6.00000 -5.60000 0.90000, 0.05000 -1.85000 0.10000"
1235,0.0000,Tx-Rx,0,-77.8341,"-6.00000 -5.60000 0.90000, 0.35000 -1.85000 0.10000"
1236,0.0000,Tx-Rx,0,-76.8806,"-6.00000 -5.60000 0.90000, 0.65000 -1.85000 0.10000"
1237,0.0000,Tx-Rx,0,-75.3023,"-6.00000 -5.60000 0.90000, 0.95000 -1.85000 0.10000"
1238,0.0000,Tx-Rx,0,-75.5014,"-6.00000 -5.60000 0.90000, 1.25000 -1.85000 0.10000"
1239,0.0000,Tx-Rx,0,-73.3423,"-6.00000 -5.60000 0.90000, 1.55000 -1.85000 0.10000"
1240,0.0000,Tx-Rx,0,-74.9649,"-6.00000 -5.60000 0.90000, 1.85000 -1.85000 0.10000"
1241,0.0000,Tx-Rx,0,-72.9813,"-6.00000 -5.60000 0.90000, 2.15000 -1.85000 0.10000"
1242,0.0000,Tx-Rx,0,-76.5609,"-6.00000 -5.60000 0.90000, 2.45000 -1.85000 0.10000"
1243,0.0000,Tx-Rx,0,-73.3052,"-6.00000 -5.60000 0.90000, 2.75000 -1.85000 0.10000"
1244,0.0000,Tx-Rx,0,-72.5852,"-6.00000 -5.60000 0.90000, 3.05000 -1.85000 0.10000"
1245,0.0000,Tx-Rx,0,-73.0394,"-6.00000 -5.60000 0.90000, 3.35000 -1.85000 0.10000"
1246,0.0000,Tx-Rx,0,-73.3088,"-6.00000 -5.60000 0.90000, 3.65000 -1.85000 0.10000"
1247,0.0000,Tx-Rx,0,-68.8885,"-6.00000 -5.60000 0.90000, 3.95000 -1.85000 0.10000"
1248,0.0000,Tx-Rx,0,-66.2715,"-6.00000 -5.60000 0.90000, 4.25000 -1.85000 0.10000"
1249,0.0000,Tx-Rx,0,-65.5771,"-6.00000 -5.60000 0.90000, 4.55000 -1.85000 0.10000"
1250,0.0000,Tx-Rx,0,-65.7344,"-6.00000 -5.60000 0.90000, 4.85000 -1.85000 0.10000"
1251,0.0000,Tx-Rx,0,-66.0734,"-6.00000 -5.60000 0.90000, 5.15000 -1.85000 0.10000"
1252,0.0000,Tx-Rx,0,-66.2913,"-6.00000 -5.60000 0.90000, 5.45000 -1.85000 0.10000"
1253,0.0000,Tx-Rx,0,-66.3843,"-6.00000 -5.60000 0.90000, 5.75000 -1.85000 0.10000"
1254,0.0000,Tx-Rx,0,-65.8576,"-6.00000 -5.60000 0.90000, 6.05000 -1.85000 0.10000"
1255,0.0000,Tx-Rx,0,-66.1152,"-6.00000 -5.60000 0.90000, 6.35000 -1.85000 0.10000"
1256,0.0000,Tx-Rx,0,-66.6535,"-6.00000 -5.60000 0.90000, 6.65000 -1.85000 0.10000"
1257,0.0000,Tx-Rx,0,-72.0638,"-6.00000 -5.60000 0.90000, 6.95000 -1.85000 0.10000"
1258,0.0000,Tx-Rx,0,-79.6870,"-6.00000 -5.60000 0.90000, 7.25000 -1.85000 0.10000"
1259,0.0000,Tx-Rx,0,-80.1261,"-6.00000 -5.60000 0.90000, 7.55000 -1.85000 0.10000"
1260,0.0000,Tx-Rx,0,-80.3270,"-6.00000 -5.60000 0.90000, 7.85000 -1.85000 0.10000"
1261,0.0000,Tx-Rx,0,-58.5214,"-6.00000 -5.60000 0.90000, -9.85000 -1.55000 0.10000"
1262,0.0000,Tx-Rx,0,-53.0330,"-6.00000 -5.60000 0.90000, -9.55000 -1.55000 0.10000"
1263,0.0000,Tx-Rx,0,-51.3406,"-6.00000 -5.60000 0.90000, -9.25000 -1.55000 0.10000"
1264,0.0000,Tx-Rx,0,-48.7203,"-6.00000 -5.60000 0.90000, -8.95000 -1.55000 0.10000"
1265,0.0000,Tx-Rx,0,-49.3022,"-6.00000 -5.60000 0.90000, -8.65000 -1.55000 0.10000"
1266,0.0000,Tx-Rx,0,-48.9430,"-6.00000 -5.60000 0.90000, -8.35000 -1.55000 0.10000"
1267,0.0000,Tx-Rx,0,-48.7545,"-6.00000 -5.60000 0.90000, -8.05000 -1.55000 0.10000"
1268,0.0000,Tx-Rx,0,-48.4573,"-6.00000 -5.60000 0.90000, -7.75000 -1.55000 0.10000"
1269,0.0000,Tx-Rx,0,-48.3277,"-6.00000 -5.60000 0.90000, -7.45000 -1.55000 0.10000"
1270,0.0000,Tx-Rx,0,-48.0689,"-6.00000 -5.60000 0.90000, -7.15000 -1.55000 0.10000"
1271,0.0000,Tx-Rx,0,-47.5483,"-6.00000 -5.60000 0.90000, -6.85000 -1.55000 0.10000"
1272,0.0000,Tx-Rx,0,-47.3150,"-6.00000 -5.60000 0.90000, -6.55000 -1.55000 0.10000"
1273,0.0000,Tx-Rx,0,-47.2984,"-6.00000 -5.60000 0.90000, -6.25000 -1.55000 0.10000"
1274,0.0000,Tx-Rx,0,-47.3533,"-6.00000 -5.60000 0.90000, -5.95000 -1.55000 0.10000"
1275,0.0000,Tx-Rx,0,-47.3455,"-6.00000 -5.60000 0.90000, -5.65000 -1.55000 0.10000"
1276,0.0000,Tx-Rx,0,-47.3678,"-6.00000 -5.60000 0.90000, -5.35000 -1.55000 0.10000"
1277,0.0000,Tx-Rx,0,-47.3471,"-6.00000 -5.60000 0.90000, -5.05000 -1.55000 0.10000"
1278,0.0000,Tx-Rx,0,-47.4881,"-6.00000 -5.60000 0.90000, -4.75000 -1.55000 0.10000"
1279,0.0000,Tx-Rx,0,-47.9179,"-6.00000 -5.60000 0.90000, -4.45000 -1.55000 0.10000"
1280,0.0000,Tx-Rx,0,-47.9987,"-6.00000 -5.60000 0.90000, -4.15000 -1.55000 0.10000"
1281,0.0000,Tx-Rx,0,-48.3250,"-6.00000 -5.60000 0.90000, -3.85000 -1.55000 0.10000"
1282,0.0000,Tx-Rx,0,-48.6077,"-6.00000 -5.60000 0.90000, -3.55000 -1.55000 0.10000"
1283,0.0000,Tx-Rx,0,-48.6286,"-6.00000 -5.60000 0.90000, -3.25000 -1.55000 0.10000"
1284,0.0000,Tx-Rx,0,-48.9475,"-6.00000 -5.60000 0.90000, -2.95000 -1.55000 0.10000"
1285,0.0000,Tx-Rx,0,-49.2272,"-6.00000 -5.60000 0.90000, -2.65000 -1.55000 0.10000"
1286,0.0000,Tx-Rx,0,-49.5354,"-6.00000 -5.60000 0.90000, -2.35000 -1.55000 0.10000"
1287,0.0000,Tx-Rx,0,-49.6544,"-6.00000 -5.60000 0.90000, -2.05000 -1.55000 0.10000"
1288,0.0000,Tx-Rx,0,-49.9104,"-6.00000 -5.60000 0.90000, -1.75000 -1.55000 0.10000"
1289,0.0000,Tx-Rx,0,-50.2505,"-6.00000 -5.60000 0.90000, -1.45000 -1.55000 0.10000"
1290,0.0000,Tx-Rx,0,-50.5744,"-6.00000 -5.60000 0.90000, -1.15000 -1.55000 0.10000"
1291,0.0000,Tx-Rx,0,-50.7185,"-6.00000 -5.60000 0.90000, -0.85000 -1.55000 0.10000"
1292,0.0000,Tx-Rx,0,-50.9044,"-6.00000 -5.60000 0.90000, -0.55000 -1.55000 0.10000"
1293,0.0000,Tx-Rx,0,-51.1436,"-6.00000 -5.60000 0.90000, -0.25000 -1.55000 0.10000"
1294,0.0000,Tx-Rx,0,-56.1548,"-6.00000 -5.60000 0.90000, 0.05000 -1.55000 0.10000"
1295,0.0000,Tx-Rx,0,-77.5973,"-6.00000 -5.60000 0.90000, 0.35000 -1.55000 0.10000"
1296,0.0000,Tx-Rx,0,-76.3983,"-6.00000 -5.60000 0.90000, 0.65000 -1.55000 0.10000"
1297,0.0000,Tx-Rx,0,-75.6001,"-6.00000 -5.60000 0.90000, 0.95000 -1.55000 0.10000"
1298,0.0000,Tx-Rx,0,-75.7980,"-6.00000 -5.60000 0.90000, 1.25000 -1.55000 0.10000"
1299,0.0000,Tx-Rx,0,-75.5099,"-6.00000 -5.60000 0.90000, 1.55000 -1.55000 0.10000"
1300,0.0000,Tx-Rx,0,-72.6574,"-6.00000 -5.60000 0.90000, 1.85000 -1.55000 0.10000"
1301,0.0000,Tx-Rx,0,-74.8788,"-6.00000 -5.60000 0.90000, 2.15000 -1.55000 0.10000"
1302,0.0000,Tx-Rx,0,-74.7462,"-6.00000 -5.60000 0.90000, 2.45000 -1.55000 0.10000"
1303,0.0000,Tx-Rx,0,-72.5882,"-6.00000 -5.60000 0.90000, 2.75000 -1.55000 0.10000"
1304,0.0000,Tx-Rx,0,-72.5110,"-6.00000 -5.60000 0.90000, 3.05000 -1.55000 0.10000"
1305,0.0000,Tx-Rx,0,-73.0402,"-6.00000 -5.60000 0.90000, 3.35000 -1.55000 0.10000"
1306,0.0000,Tx-Rx,0,-71.2364,"-6.00000 -5.60000 0.90000, 3.65000 -1.55000 0.10000"
1307,0.0000,Tx-Rx,0,-66.2794,"-6.00000 -5.60000 0.90000, 3.95000 -1.55000 0.10000"
1308,0.0000,Tx-Rx,0,-65.5722,"-6.00000 -5.60000 0.90000, 4.25000 -1.55000 0.10000"
1309,0.0000,Tx-Rx,0,-65.5461,"-6.00000 -5.60000 0.90000, 4.55000 -1.55000 0.10000"
1310,0.0000,Tx-Rx,0,-65.7561,"-6.00000 -5.60000 0.90000, 4.85000 -1.55000 0.10000"
1311,0.0000,Tx-Rx,0,-66.0476,"-6.00000 -5.60000 0.90000, 5.15000 -1.55000 0.10000"
1312,0.0000,Tx-Rx,0,-66.2448,"-6.00000 -5.60000 0.90000, 5.45000 -1.55000 0.10000"
1313,0.0000,Tx-Rx,0,-66.0821,"-6.00000 -5.60000 0.90000, 5.75000 -1.55000 0.10000"
1314,0.0000,Tx-Rx,0,-65.6894,"-6.00000 -5.60000 0.90000, 6.05000 -1.55000 0.10000"
1315,0.0000,Tx-Rx,0,-66.1863,"-6.00000 -5.60000 0.90000, 6.35000 -1.55000 0.10000"
1316,0.0000,Tx-Rx,0,-70.2212,"-6.00000 -5.60000 0.90000, 6.65000 -1.55000 0.10000"
1317,0.0000,Tx-Rx,0,-80.5589,"-6.00000 -5.60000 0.90000, 6.95000 -1.55000 0.10000"
1318,0.0000,Tx-Rx,0,-80.5004,"-6.00000 -5.60000 0.90000, 7.25000 -1.55000 0.10000"
1319,0.0000,Tx-Rx,0,-81.2687,"-6.00000 -5.60000 0.90000, 7.55000 -1.55000 0.10000"
1320,0.0000,Tx-Rx,0,-80.8251,"-6.00000 -5.60000 0.90000, 7.85000 -1.55000 0.10000"
1321,0.0000,Tx-Rx,0,-58.7919,"-6.00000 -5.60000 0.90000, -9.85000 -1.25000 0.10000"
1322,0.0000,Tx-Rx,0,-57.1566,"-6.00000 -5.60000 0.90000, -9.55000 -1.25000 0.10000"
1323,0.0000,Tx-Rx,0,-48.7402,"-6.00000 -5.60000 0.90000, -9.25000 -1.25000 0.10000"
1324,0.0000,Tx-Rx,0,-47.8085,"-6.00000 -5.60000 0.90000, -8.95000 -1.25000 0.10000"
1325,0.0000,Tx-Rx,0,-49.3685,"-6.00000 -5.60000 0.90000, -8.65000 -1.25000 0.10000"
1326,0.0000,Tx-Rx,0,-49.4050,"-6.00000 -5.60000 0.90000, -8.35000 -1.25000 0.10000"
1327,0.0000,Tx-Rx,0,-49.1402,"-6.00000 -5.60000 0.90000, -8.05000 -1.25000 0.10000"
1328,0.0000,Tx-Rx,0,-48.9706,"-6.00000 -5.60000 0.90000, -7.75000 -1.25000 0.10000"
1329,0.0000,Tx-Rx,0,-48.7581,"-6.00000 -5.60000 0.90000, -7.45000 -1.25000 0.10000"
1330,0.0000,Tx-Rx,0,-48.6042,"-6.00000 -5.60000 0.90000, -7.15000 -1.25000 0.10000"
1331,0.0000,Tx-Rx,0,-48.5377,"-6.00000 -5.60000 0.90000, -6.85000 -1.25000 0.10000"
1332,0.0000,Tx-Rx,0,-47.9005,"-6.00000 -5.60000 0.90000, -6.55000 -1.25000 0.10000"
1333,0.0000,Tx-Rx,0,-47.8205,"-6.00000 -5.60000 0.90000, -6.25000 -1.25000 0.10000"
1334,0.0000,Tx-Rx,0,-47.8396,"-6.00000 -5.60000 0.90000, -5.95000 -1.25000 0.10000"
1335,0.0000,Tx-Rx,0,-47.9001,"-6.00000 -5.60000 0.90000, -5.65000 -1.25000 0.10000"
1336,0.0000,Tx-Rx,0,-47.9774,"-6.00000 -5.60000 0.90000, -5.35000 -1.25000 0.10000"
1337,0.0000,Tx-Rx,0,-47.8651,"-6.00000 -5.60000 0.90000, -5.05000 -1.25000 0.10000"
1338,0.0000,Tx-Rx,0,-47.7641,"-6.00000 -5.60000 0.90000, -4.75000 -1.25000 0.10000"
1339,0.0000,Tx-Rx,0,-49.0014,"-6.00000 -5.60000 0.90000, -4.45000 -1.25000 0.10000"
1340,0.0000,Tx-Rx,0,-48.6964,"-6.00000 -5.60000 0.90000, -4.15000 -1.25000 0.10000"
1341,0.0000,Tx-Rx,0,-48.7679,"-6.00000 -5.60000 0.90000, -3.85000 -1.25000 0.10000"
1342,0.0000,Tx-Rx,0,-49.2970,"-6.00000 -5.60000 0.90000, -3.55000 -1.25000 0.10000"
1343,0.0000,Tx-Rx,0,-49.5237,"-6.00000 -5.60000 0.90000, -3.25000 -1.25000 0.10000"
1344,0.0000,Tx-Rx,0,-49.3721,"-6.00000 -5.60000 0.90000, -2.95000 -1.25000 0.10000"
1345,0.0000,Tx-Rx,0,-49.5679,"-6.00000 -5.60000 0.90000, -2.65000 -1.25000 0.10000"
1346,0.0000,Tx-Rx,0,-49.8787,"-6.00000 -5.60000 0.90000, -2.35000 -1.25000 0.10000"
1347,0.0000,Tx-Rx,0,-49.9875,"-6.00000 -5.60000 0.90000, -2.05000 -1.25000 0.10000"
1348,0.0000,Tx-Rx,0,-50.1220,"-6.00000 -5.60000 0.90000, -1.75000 -1.25000 0.10000"
1349,0.0000,Tx-Rx,0,-50.4038,"-6.00000 -5.60000 0.90000, -1.45000 -1.25000 0.10000"
1350,0.0000,Tx-Rx,0,-50.7076,"-6.00000 -5.60000 0.90000, -1.15000 -1.25000 0.10000"
1351,0.0000,Tx-Rx,0,-50.9571,"-6.00000 -5.60000 0.90000, -0.85000 -1.25000 0.10000"
1352,0.0000,Tx-Rx,0,-51.1043,"-6.00000 -5.60000 0.90000, -0.55000 -1.25000 0.10000"
1353,0.0000,Tx-Rx,0,-51.1685,"-6.00000 -5.60000 0.90000, -0.25000 -1.25000 0.10000"
1354,0.0000,Tx-Rx,0,-56.2525,"-6.00000 -5.60000 0.90000, 0.05000 -1.25000 0.10000"
1355,0.0000,Tx-Rx,0,-77.7666,"-6.00000 -5.60000 0.90000, 0.35000 -1.25000 0.10000"
1356,0.0000,Tx-Rx,0,-76.3449,"-6.00000 -5.60000 0.90000, 0.65000 -1.25000 0.10000"
1357,0.0000,Tx-Rx,0,-76.0057,"-6.00000 -5.60000 0.90000, 0.95000 -1.25000 0.10000"
1358,0.0000,Tx-Rx,0,-74.9483,"-6.00000 -5.60000 0.90000, 1.25000 -1.25000 0.10000"
1359,0.0000,Tx-Rx,0,-75.5427,"-6.00000 -5.60000 0.90000, 1.55000 -1.25000 0.10000"
1360,0.0000,Tx-Rx,0,-76.1876,"-6.00000 -5.60000 0.90000, 1.85000 -1.25000 0.10000"
1361,0.0000,Tx-Rx,0,-74.2419,"-6.00000 -5.60000 0.90000, 2.15000 -1.25000 0.10000"
1362,0.0000,Tx-Rx,0,-73.3065,"-6.00000 -5.60000 0.90000, 2.45000 -1.25000 0.10000"
1363,0.0000,Tx-Rx,0,-71.6339,"-6.00000 -5.60000 0.90000, 2.75000 -1.25000 0.10000"
1364,0.0000,Tx-Rx,0,-72.3417,"-6.00000 -5.60000 0.90000, 3.05000 -1.25000 0.10000"
1365,0.0000,Tx-Rx,0,-72.5902,"-6.00000 -5.60000 0.90000, 3.35000 -1.25000 0.10000"
1366,0.0000,Tx-Rx,0,-66.9865,"-6.00000 -5.60000 0.90000, 3.65000 -1.25000 0.10000"
1367,0.0000,Tx-Rx,0,-65.7387,"-6.00000 -5.60000 0.90000, 3.95000 -1.25000 0.10000"
1368,0.0000,Tx-Rx,0,-65.2293,"-6.00000 -5.60000 0.90000, 4.25000 -1.25000 0.10000"
1369,0.0000,Tx-Rx,0,-65.3487,"-6.00000 -5.60000 0.90000, 4.55000 -1.25000 0.10000"
1370,0.0000,Tx-Rx,0,-65.8975,"-6.00000 -5.60000 0.90000, 4.85000 -1.25000 0.10000"
1371,0.0000,Tx-Rx,0,-66.0035,"-6.00000 -5.60000 0.90000, 5.15000 -1.25000 0.10000"
1372,0.0000,Tx-Rx,0,-66.0988,"-6.00000 -5.60000 0.90000, 5.45000 -1.25000 0.10000"
1373,0.0000,Tx-Rx,0,-65.6223,"-6.00000 -5.60000 0.90000, 5.75000 -1.25000 0.10000"
1374,0.0000,Tx-Rx,0,-65.9634,"-6.00000 -5.60000 0.90000, 6.05000 -1.25000 0.10000"
1375,0.0000,Tx-Rx,0,-68.3418,"-6.00000 -5.60000 0.90000, 6.35000 -1.25000 0.10000"
1376,0.0000,Tx-Rx,0,-80.3298,"-6.00000 -5.60000 0.90000, 6.65000 -1.25000 0.10000"
1377,0.0000,Tx-Rx,0,-81.4992,"-6.00000 -5.60000 0.90000, 6.95000 -1.25000 0.10000"
1378,0.0000,Tx-Rx,0,-80.7120,"-6.00000 -5.60000 0.90000, 7.25000 -1.25000 0.10000"
1379,0.0000,Tx-Rx,0,-80.5409,"-6.00000 -5.60000 0.90000, 7.55000 -1.25000 0.10000"
1380,0.0000,Tx-Rx,0,-81.0891,"-6.00000 -5.60000 0.90000, 7.85000 -1.25000 0.10000"
1381,0.0000,Tx-Rx,0,-59.5969,"-6.00000 -5.60000 0.90000, -9.85000 -0.95000 0.10000"
1382,0.0000,Tx-Rx,0,-53.0511,"-6.00000 -5.60000 0.90000, -9.55000 -0.95000 0.10000"
1383,0.0000,Tx-Rx,0,-48.8607,"-6.00000 -5.60000 0.90000, -9.25000 -0.95000 0.10000"
1384,0.0000,Tx-Rx,0,-47.7805,"-6.00000 -5.60000 0.90000, -8.95000 -0.95000 0.10000"
1385,0.0000,Tx-Rx,0,-48.4526,"-6.00000 -5.60000 0.90000, -8.65000 -0.95000 0.10000"
1386,0.0000,Tx-Rx,0,-49.7728,"-6.00000 -5.60000 0.90000, -8.35000 -0.95000 0.10000"
1387,0.0000,Tx-Rx,0,-49.5587,"-6.00000 -5.60000 0.90000, -8.05000 -0.95000 0.10000"
1388,0.0000,Tx-Rx,0,-49.3216,"-6.00000 -5.60000 0.90000, -7.75000 -0.95000 0.10000"
1389,0.0000,Tx-Rx,0,-49.0222,"-6.00000 -5.60000 0.90000, -7.45000 -0.95000 0.10000"
1390,0.0000,Tx-Rx,0,-49.0915,"-6.00000 -5.60000 0.90000, -7.15000 -0.95000 0.10000"
1391,0.0000,Tx-Rx,0,-49.0350,"-6.00000 -5.60000 0.90000, -6.85000 -0.95000 0.10000"
1392,0.0000,Tx-Rx,0,-48.8559,"-6.00000 -5.60000 0.90000, -6.55000 -0.95000 0.10000"
1393,0.0000,Tx-Rx,0,-48.3102,"-6.00000 -5.60000 0.90000, -6.25000 -0.95000 0.10000"
1394,0.0000,Tx-Rx,0,-48.2183,"-6.00000 -5.60000 0.90000, -5.95000 -0.95000 0.10000"
1395,0.0000,Tx-Rx,0,-48.3240,"-6.00000 -5.60000 0.90000, -5.65000 -0.95000 0.10000"
1396,0.0000,Tx-Rx,0,-48.3720,"-6.00000 -5.60000 0.90000, -5.35000 -0.95000 0.10000"
1397,0.0000,Tx-Rx,0,-48.4140,"-6.00000 -5.60000 0.90000, -5.05000 -0.95000 0.10000"
1398,0.0000,Tx-Rx,0,-47.9996,"-6.00000 -5.60000 0.90000, -4.75000 -0.95000 0.10000"
1399,0.0000,Tx-Rx,0,-52.4840,"-6.00000 -5.60000 0.90000, -4.45000 -0.95000 0.10000"
1400,0.0000,Tx-Rx,0,-51.2010,"-6.00000 -5.60000 0.90000, -4.15000 -0.95000 0.10000"
1401,0.0000,Tx-Rx,0,-49.2762,"-6.00000 -5.60000 0.90000, -3.85000 -0.95000 0.10000"
1402,0.0000,Tx-Rx,0,-50.8873,"-6.00000 -5.60000 0.90000, -3.55000 -0.95000 0.10000"
1403,0.0000,Tx-Rx,0,-53.7859,"-6.00000 -5.60000 0.90000, -3.25000 -0.95000 0.10000"
1404,0.0000,Tx-Rx,0,-50.3535,"-6.00000 -5.60000 0.90000, -2.95000 -0.95000 0.10000"
1405,0.0000,Tx-Rx,0,-49.8926,"-6.00000 -5.60000 0.90000, -2.65000 -0.95000 0.10000"
1406,0.0000,Tx-Rx,0,-50.1568,"-6.00000 -5.60000 0.90000, -2.35000 -0.95000 0.10000"
1407,0.0000,Tx-Rx,0,-50.2816,"-6.00000 -5.60000 0.90000, -2.05000 -0.95000 0.10000"
1408,0.0000,Tx-Rx,0,-50.4552,"-6.00000 -5.60000 0.90000, -1.75000 -0.95000 0.10000"
1409,0.0000,Tx-Rx,0,-50.5275,"-6.00000 -5.60000 0.90000, -1.45000 -0.95000 0.10000"
1410,0.0000,Tx-Rx,0,-50.9050,"-6.00000 -5.60000 0.90000, -1.15000 -0.95000 0.10000"
1411,0.0000,Tx-Rx,0,-51.0916,"-6.00000 -5.60000 0.90000, -0.85000 -0.95000 0.10000"
1412,0.0000,Tx-Rx,0,-51.2592,"-6.00000 -5.60000 0.90000, -0.55000 -0.95000 0.10000"
1413,0.0000,Tx-Rx,0,-51.1865,"-6.00000 -5.60000 0.90000, -0.25000 -0.95000 0.10000"
1414,0.0000,Tx-Rx,0,-56.1804,"-6.00000 -5.60000 0.90000, 0.05000 -0.95000 0.10000"
1415,0.0000,Tx-Rx,0,-77.4831,"-6.00000 -5.60000 0.90000, 0.35000 -0.95000 0.10000"
1416,0.0000,Tx-Rx,0,-76.8698,"-6.00000 -5.60000 0.90000, 0.65000 -0.95000 0.10000"
1417,0.0000,Tx-Rx,0,-75.3717,"-6.00000 -5.60000 0.90000, 0.95000 -0.95000 0.10000"
1418,0.0000,Tx-Rx,0,-74.6293,"-6.00000 -5.60000 0.90000, 1.25000 -0.95000 0.10000"
1419,0.0000,Tx-Rx,0,-76.6695,"-6.00000 -5.60000 0.90000, 1.55000 -0.95000 0.10000"
1420,0.0000,Tx-Rx,0,-74.7055,"-6.00000 -5.60000 0.90000, 1.85000 -0.95000 0.10000"
1421,0.0000,Tx-Rx,0,-74.7029,"-6.00000 -5.60000 0.90000, 2.15000 -0.95000 0.10000"
1422,0.0000,Tx-Rx,0,-71.7458,"-6.00000 -5.60000 0.90000, 2.45000 -0.95000 0.10000"
1423,0.0000,Tx-Rx,0,-72.5308,"-6.00000 -5.60000 0.90000, 2.75000 -0.95000 0.10000"
1424,0.0000,Tx-Rx,0,-71.9704,"-6.00000 -5.60000 0.90000, 3.05000 -0.95000 0.10000"
1425,0.0000,Tx-Rx,0,-68.6483,"-6.00000 -5.60000 0.90000, 3.35000 -0.95000 0.10000"
1426,0.0000,Tx-Rx,0,-65.7120,"-6.00000 -5.60000 0.90000, 3.65000 -0.95000 0.10000"
1427,0.0000,Tx-Rx,0,-65.2285,"-6.00000 -5.60000 0.90000, 3.95000 -0.95000 0.10000"
1428,0.0000,Tx-Rx,0,-65.1696,"-6.00000 -5.60000 0.90000, 4.25000 -0.95000 0.10000"
1429,0.0000,Tx-Rx,0,-65.4660,"-6.00000 -5.60000 0.90000, 4.55000 -0.95000 0.10000"
1430,0.0000,Tx-Rx,0,-65.8379,"-6.00000 -5.60000 0.90000, 4.85000 -0.95000 0.10000"
1431,0.0000,Tx-Rx,0,-65.5934,"-6.00000 -5.60000 0.90000, 5.15000 -0.95000 0.10000"
1432,0.0000,Tx-Rx,0,-65.2770,"-6.00000 -5.60000 0.90000, 5.45000 -0.95000 0.10000"
1433,0.0000,Tx-Rx,0,-65.2162,"-6.00000 -5.60000 0.90000, 5.75000 -0.95000 0.10000"
1434,0.0000,Tx-Rx,0,-66.8527,"-6.00000 -5.60000 0.90000, 6.05000 -0.95000 0.10000"
1435,0.0000,Tx-Rx,0,-74.5098,"-6.00000 -5.60000 0.90000, 6.35000 -0.95000 0.10000"
1436,0.0000,Tx-Rx,0,-74.9681,"-6.00000 -5.60000 0.90000, 6.65000 -0.95000 0.10000"
1437,0.0000,Tx-Rx,0,-75.7804,"-6.00000 -5.60000 0.90000, 6.95000 -0.95000 0.10000"
1438,0.0000,Tx-Rx,0,-80.7732,"-6.00000 -5.60000 0.90000, 7.25000 -0.95000 0.10000"
1439,0.0000,Tx-Rx,0,-79.7116,"-6.00000 -5.60000 0.90000, 7.55000 -0.95000 0.10000"
1440,0.0000,Tx-Rx,0,-82.2330,"-6.00000 -5.60000 0.90000, 7.85000 -0.95000 0.10000"
1441,0.0000,Tx-Rx,0,-55.7084,"-6.00000 -5.60000 0.90000, -9.85000 -0.65000 0.10000"
1442,0.0000,Tx-Rx,0,-50.8402,"-6.00000 -5.60000 0.90000, -9.55000 -0.65000 0.10000"
1443,0.0000,Tx-Rx,0,-51.3255,"-6.00000 -5.60000 0.90000, -9.25000 -0.65000 0.10000"
1444,0.0000,Tx-Rx,0,-51.9668,"-6.00000 -5.60000 0.90000, -8.95000 -0.65000 0.10000"
1445,0.0000,Tx-Rx,0,-51.4933,"-6.00000 -5.60000 0.90000, -8.65000 -0.65000 0.10000"
1446,0.0000,Tx-Rx,0,-49.8718,"-6.00000 -5.60000 0.90000, -8.35000 -0.65000 0.10000"
1447,0.0000,Tx-Rx,0,-49.9006,"-6.00000 -5.60000 0.90000, -8.05000 -0.65000 0.10000"
1448,0.0000,Tx-Rx,0,-49.7718,"-6.00000 -5.60000 0.90000, -7.75000 -0.65000 0.10000"
1449,0.0000,Tx-Rx,0,-49.6336,"-6.00000 -5.60000 0.90000, -7.45000 -0.65000 0.10000"
1450,0.0000,Tx-Rx,0,-49.4845,"-6.00000 -5.60000 0.90000, -7.15000 -0.65000 0.10000"
1451,0.0000,Tx-Rx,0,-49.4571,"-6.00000 -5.60000 0.90000, -6.85000 -0.65000 0.10000"
1452,0.0000,Tx-Rx,0,-49.3941,"-6.00000 -5.60000 0.90000, -6.55000 -0.65000 0.10000"
1453,0.0000,Tx-Rx,0,-49.0507,"-6.00000 -5.60000 0.90000, -6.25000 -0.65000 0.10000"
1454,0.0000,Tx-Rx,0,-48.7547,"-6.00000 -5.60000 0.90000, -5.95000 -0.65000 0.10000"
1455,0.0000,Tx-Rx,0,-48.7959,"-6.00000 -5.60000 0.90000, -5.65000 -0.65000 0.10000"
1456,0.0000,Tx-Rx,0,-48.9007,"-6.00000 -5.60000 0.90000, -5.35000 -0.65000 0.10000"
1457,0.0000,Tx-Rx,0,-48.9379,"-6.00000 -5.60000 0.90000, -5.05000 -0.65000 0.10000"
1458,0.0000,Tx-Rx,0,-48.2519,"-6.00000 -5.60000 0.90000, -4.75000 -0.65000 0.10000"
1459,0.0000,Tx-Rx,0,-52.6206,"-6.00000 -5.60000 0.90000, -4.45000 -0.65000 0.10000"
1460,0.0000,Tx-Rx,0,-55.2377,"-6.00000 -5.60000 0.90000, -4.15000 -0.65000 0.10000"
1461,0.0000,Tx-Rx,0,-49.8389,"-6.00000 -5.60000 0.90000, -3.85000 -0.65000 0.10000"
1462,0.0000,Tx-Rx,0,-50.3792,"-6.00000 -5.60000 0.90000, -3.55000 -0.65000 0.10000"
1463,0.0000,Tx-Rx,0,-55.5969,"-6.00000 -5.60000 0.90000, -3.25000 -0.65000 0.10000"
1464,0.0000,Tx-Rx,0,-53.8691,"-6.00000 -5.60000 0.90000, -2.95000 -0.65000 0.10000"
1465,0.0000,Tx-Rx,0,-50.4394,"-6.00000 -5.60000 0.90000, -2.65000 -0.65000 0.10000"
1466,0.0000,Tx-Rx,0,-50.4625,"-6.00000 -5.60000 0.90000, -2.35000 -0.65000 0.10000"
1467,0.0000,Tx-Rx,0,-50.5438,"-6.00000 -5.60000 0.90000, -2.05000 -0.65000 0.10000"
1468,0.0000,Tx-Rx,0,-50.7526,"-6.00000 -5.60000 0.90000, -1.75000 -0.65000 0.10000"
1469,0.0000,Tx-Rx,0,-50.8336,"-6.00000 -5.60000 0.90000, -1.45000 -0.65000 0.10000"
1470,0.0000,Tx-Rx,0,-50.3265,"-6.00000 -5.60000 0.90000, -1.15000 -0.65000 0.10000"
1471,0.0000,Tx-Rx,0,-51.2623,"-6.00000 -5.60000 0.90000, -0.85000 -0.65000 0.10000"
1472,0.0000,Tx-Rx,0,-51.4710,"-6.00000 -5.60000 0.90000, -0.55000 -0.65000 0.10000"
1473,0.0000,Tx-Rx,0,-51.3323,"-6.00000 -5.60000 0.90000, -0.25000 -0.65000 0.10000"
1474,0.0000,Tx-Rx,0,-56.1453,"-6.00000 -5.60000 0.90000, 0.05000 -0.65000 0.10000"
1475,0.0000,Tx-Rx,0,-77.3661,"-6.00000 -5.60000 0.90000, 0.35000 -0.65000 0.10000"
1476,0.0000,Tx-Rx,0,-76.4206,"-6.00000 -5.60000 0.90000, 0.65000 -0.65000 0.10000"
1477,0.0000,Tx-Rx,0,-74.7387,"-6.00000 -5.60000 0.90000, 0.95000 -0.65000 0.10000"
1478,0.0000,Tx-Rx,0,-75.9075,"-6.00000 -5.60000 0.90000, 1.25000 -0.65000 0.10000"
1479,0.0000,Tx-Rx,0,-74.7265,"-6.00000 -5.60000 0.90000, 1.55000 -0.65000 0.10000"
1480,0.0000,Tx-Rx,0,-74.3606,"-6.00000 -5.60000 0.90000, 1.85000 -0.65000 0.10000"
1481,0.0000,Tx-Rx,0,-72.8450,"-6.00000 -5.60000 0.90000, 2.15000 -0.65000 0.10000"
1482,0.0000,Tx-Rx,0,-72.8910,"-6.00000 -5.60000 0.90000, 2.45000 -0.65000 0.10000"
1483,0.0000,Tx-Rx,0,-71.1195,"-6.00000 -5.60000 0.90000, 2.75000 -0.65000 0.10000"
1484,0.0000,Tx-Rx,0,-71.0963,"-6.00000 -5.60000 0.90000, 3.05000 -0.65000 0.10000"
1485,0.0000,Tx-Rx,0,-66.0110,"-6.00000 -5.60000 0.90000, 3.35000 -0.65000 0.10000"
1486,0.0000,Tx-Rx,0,-65.1774,"-6.00000 -5.60000 0.90000, 3.65000 -0.65000 0.10000"
1487,0.0000,Tx-Rx,0,-64.9082,"-6.00000 -5.60000 0.90000, 3.95000 -0.65000 0.10000"
1488,0.0000,Tx-Rx,0,-64.9446,"-6.00000 -5.60000 0.90000, 4.25000 -0.65000 0.10000"
1489,0.0000,Tx-Rx,0,-65.7729,"-6.00000 -5.60000 0.90000, 4.55000 -0.65000 0.10000"
1490,0.0000,Tx-Rx,0,-65.6336,"-6.00000 -5.60000 0.90000, 4.85000 -0.65000 0.10000"
1491,0.0000,Tx-Rx,0,-65.6761,"-6.00000 -5.60000 0.90000, 5.15000 -0.65000 0.10000"
1492,0.0000,Tx-Rx,0,-64.9746,"-6.00000 -5.60000 0.90000, 5.45000 -0.65000 0.10000"
1493,0.0000,Tx-Rx,0,-65.8508,"-6.00000 -5.60000 0.90000, 5.75000 -0.65000 0.10000"
1494,0.0000,Tx-Rx,0,-73.0581,"-6.00000 -5.60000 0.90000, 6.05000 -0.65000 0.10000"
1495,0.0000,Tx-Rx,0,-74.0850,"-6.00000 -5.60000 0.90000, 6.35000 -0.65000 0.10000"
1496,0.0000,Tx-Rx,0,-74.4338,"-6.00000 -5.60000 0.90000, 6.65000 -0.65000 0.10000"
1497,0.0000,Tx-Rx,0,-74.5474,"-6.00000 -5.60000 0.90000, 6.95000 -0.65000 0.10000"
1498,0.0000,Tx-Rx,0,-76.5236,"-6.00000 -5.60000 0.90000, 7.25000 -0.65000 0.10000"
1499,0.0000,Tx-Rx,0,-80.1580,"-6.00000 -5.60000 0.90000, 7.55000 -0.65000 0.10000"
1500,0.0000,Tx-Rx,0,-83.4201,"-6.00000 -5.60000 0.90000, 7.85000 -0.65000 0.10000"
1501,0.0000,Tx-Rx,0,-51.8114,"-6.00000 -5.60000 0.90000, -9.85000 -0.35000 0.10000"
1502,0.0000,Tx-Rx,0,-51.2415,"-6.00000 -5.60000 0.90000, -9.55000 -0.35000 0.10000"
1503,0.0000,Tx-Rx,0,-56.9073,"-6.00000 -5.60000 0.90000, -9.25000 -0.35000 0.10000"
1504,0.0000,Tx-Rx,0,-118.8313,"-6.00000 -5.60000 0.90000, -8.95000 -0.35000 0.10000"
1505,0.0000,Tx-Rx,0,-60.2111,"-6.00000 -5.60000 0.90000, -8.65000 -0.35000 0.10000"
1506,0.0000,Tx-Rx,0,-48.8254,"-6.00000 -5.60000 0.90000, -8.35000 -0.35000 0.10000"
1507,0.0000,Tx-Rx,0,-50.1602,"-6.00000 -5.60000 0.90000, -8.05000 -0.35000 0.10000"
1508,0.0000,Tx-Rx,0,-50.0843,"-6.00000 -5.60000 0.90000, -7.75000 -0.35000 0.10000"
1509,0.0000,Tx-Rx,0,-50.0451,"-6.00000 -5.60000 0.90000, -7.45000 -0.35000 0.10000"
1510,0.0000,Tx-Rx,0,-49.9087,"-6.00000 -5.60000 0.90000, -7.15000 -0.35000 0.10000"
1511,0.0000,Tx-Rx,0,-49.8364,"-6.00000 -5.60000 0.90000, -6.85000 -0.35000 0.10000"
1512,0.0000,Tx-Rx,0,-49.8707,"-6.00000 -5.60000 0.90000, -6.55000 -0.35000 0.10000"
1513,0.0000,Tx-Rx,0,-49.8033,"-6.00000 -5.60000 0.90000, -6.25000 -0.35000 0.10000"
1514,0.0000,Tx-Rx,0,-49.4743,"-6.00000 -5.60000 0.90000, -5.95000 -0.35000 0.10000"
1515,0.0000,Tx-Rx,0,-49.2716,"-6.00000 -5.60000 0.90000, -5.65000 -0.35000 0.10000"
1516,0.0000,Tx-Rx,0,-49.2665,"-6.00000 -5.60000 0.90000, -5.35000 -0.35000 0.10000"
1517,0.0000,Tx-Rx,0,-49.3098,"-6.00000 -5.60000 0.90000, -5.05000 -0.35000 0.10000"
1518,0.0000,Tx-Rx,0,-48.9700,"-6.00000 -5.60000 0.90000, -4.75000 -0.35000 0.10000"
1519,0.0000,Tx-Rx,0,-51.6060,"-6.00000 -5.60000 0.90000, -4.45000 -0.35000 0.10000"
1520,0.0000,Tx-Rx,0,-54.8483,"-6.00000 -5.60000 0.90000, -4.15000 -0.35000 0.10000"
1521,0.0000,Tx-Rx,0,-51.0666,"-6.00000 -5.60000 0.90000, -3.85000 -0.35000 0.10000"
1522,0.0000,Tx-Rx,0,-50.2530,"-6.00000 -5.60000 0.90000, -3.55000 -0.35000 0.10000"
1523,0.0000,Tx-Rx,0,-53.2435,"-6.00000 -5.60000 0.90000, -3.25000 -0.35000 0.10000"
1524,0.0000,Tx-Rx,0,-55.9498,"-6.00000 -5.60000 0.90000, -2.95000 -0.35000 0.10000"
1525,0.0000,Tx-Rx,0,-52.4475,"-6.00000 -5.60000 0.90000, -2.65000 -0.35000 0.10000"
1526,0.0000,Tx-Rx,0,-50.9793,"-6.00000 -5.60000 0.90000, -2.35000 -0.35000 0.10000"
1527,0.0000,Tx-Rx,0,-51.0188,"-6.00000 -5.60000 0.90000, -2.05000 -0.35000 0.10000"
1528,0.0000,Tx-Rx,0,-50.9392,"-6.00000 -5.60000 0.90000, -1.75000 -0.35000 0.10000"
1529,0.0000,Tx-Rx,0,-51.1414,"-6.00000 -5.60000 0.90000, -1.45000 -0.35000 0.10000"
1530,0.0000,Tx-Rx,0,-50.4229,"-6.00000 -5.60000 0.90000, -1.15000 -0.35000 0.10000"
1531,0.0000,Tx-Rx,0,-50.8502,"-6.00000 -5.60000 0.90000, -0.85000 -0.35000 0.10000"
1532,0.0000,Tx-Rx,0,-51.6074,"-6.00000 -5.60000 0.90000, -0.55000 -0.35000 0.10000"
1533,0.0000,Tx-Rx,0,-51.4623,"-6.00000 -5.60000 0.90000, -0.25000 -0.35000 0.10000"
1534,0.0000,Tx-Rx,0,-56.3116,"-6.00000 -5.60000 0.90000, 0.05000 -0.35000 0.10000"
1535,0.0000,Tx-Rx,0,-76.3160,"-6.00000 -5.60000 0.90000, 0.35000 -0.35000 0.10000"
1536,0.0000,Tx-Rx,0,-74.7280,"-6.00000 -5.60000 0.90000, 0.65000 -0.35000 0.10000"
1537,0.0000,Tx-Rx,0,-74.4537,"-6.00000 -5.60000 0.90000, 0.95000 -0.35000 0.10000"
1538,0.0000,Tx-Rx,0,-74.3819,"-6.00000 -5.60000 0.90000, 1.25000 -0.35000 0.10000"
1539,0.0000,Tx-Rx,0,-73.9979,"-6.00000 -5.60000 0.90000, 1.55000 -0.35000 0.10000"
1540,0.0000,Tx-Rx,0,-74.6098,"-6.00000 -5.60000 0.90000, 1.85000 -0.35000 0.10000"
1541,0.0000,Tx-Rx,0,-73.2818,"-6.00000 -5.60000 0.90000, 2.15000 -0.35000 0.10000"
1542,0.0000,Tx-Rx,0,-72.3957,"-6.00000 -5.60000 0.90000, 2.45000 -0.35000 0.10000"
1543,0.0000,Tx-Rx,0,-72.3783,"-6.00000 -5.60000 0.90000, 2.75000 -0.35000 0.10000"
1544,0.0000,Tx-Rx,0,-66.5171,"-6.00000 -5.60000 0.90000, 3.05000 -0.35000 0.10000"
1545,0.0000,Tx-Rx,0,-65.3102,"-6.00000 -5.60000 0.90000, 3.35000 -0.35000 0.10000"
1546,0.0000,Tx-Rx,0,-65.0420,"-6.00000 -5.60000 0.90000, 3.65000 -0.35000 0.10000"
1547,0.0000,Tx-Rx,0,-64.6438,"-6.00000 -5.60000 0.90000, 3.95000 -0.35000 0.10000"
1548,0.0000,Tx-Rx,0,-65.2869,"-6.00000 -5.60000 0.90000, 4.25000 -0.35000 0.10000"
1549,0.0000,Tx-Rx,0,-65.4600,"-6.00000 -5.60000 0.90000, 4.55000 -0.35000 0.10000"
1550,0.0000,Tx-Rx,0,-65.5329,"-6.00000 -5.60000 0.90000, 4.85000 -0.35000 0.10000"
1551,0.0000,Tx-Rx,0,-65.2835,"-6.00000 -5.60000 0.90000, 5.15000 -0.35000 0.10000"
1552,0.0000,Tx-Rx,0,-65.5331,"-6.00000 -5.60000 0.90000, 5.45000 -0.35000 0.10000"
1553,0.0000,Tx-Rx,0,-71.3822,"-6.00000 -5.60000 0.90000, 5.75000 -0.35000 0.10000"
1554,0.0000,Tx-Rx,0,-73.8711,"-6.00000 -5.60000 0.90000, 6.05000 -0.35000 0.10000"
1555,0.0000,Tx-Rx,0,-74.0389,"-6.00000 -5.60000 0.90000, 6.35000 -0.35000 0.10000"
1556,0.0000,Tx-Rx,0,-73.7781,"-6.00000 -5.60000 0.90000, 6.65000 -0.35000 0.10000"
1557,0.0000,Tx-Rx,0,-74.1527,"-6.00000 -5.60000 0.90000, 6.95000 -0.35000 0.10000"
1558,0.0000,Tx-Rx,0,-74.1432,"-6.00000 -5.60000 0.90000, 7.25000 -0.35000 0.10000"
1559,0.0000,Tx-Rx,0,-80.5694,"-6.00000 -5.60000 0.90000, 7.55000 -0.35000 0.10000"
1560,0.0000,Tx-Rx,0,-80.9107,"-6.00000 -5.60000 0.90000, 7.85000 -0.35000 0.10000"
1561,0.0000,Tx-Rx,0,-51.0359,"-6.00000 -5.60000 0.90000, -9.85000 -0.05000 0.10000"
1562,0.0000,Tx-Rx,0,-53.6993,"-6.00000 -5.60000 0.90000, -9.55000 -0.05000 0.10000"
1563,0.0000,Tx-Rx,0,-61.6795,"-6.00000 -5.60000 0.90000, -9.25000 -0.05000 0.10000"
1564,0.0000,Tx-Rx,0,-63.3278,"-6.00000 -5.60000 0.90000, -8.95000 -0.05000 0.10000"
1565,0.0000,Tx-Rx,0,-56.7061,"-6.00000 -5.60000 0.90000, -8.65000 -0.05000 0.10000"
1566,0.0000,Tx-Rx,0,-48.2887,"-6.00000 -5.60000 0.90000, -8.35000 -0.05000 0.10000"
1567,0.0000,Tx-Rx,0,-50.3196,"-6.00000 -5.60000 0.90000, -8.05000 -0.05000 0.10000"
1568,0.0000,Tx-Rx,0,-50.3037,"-6.00000 -5.60000 0.90000, -7.75000 -0.05000 0.10000"
1569,0.0000,Tx-Rx,0,-50.3438,"-6.00000 -5.60000 0.90000, -7.45000 -0.05000 0.10000"
1570,0.0000,Tx-Rx,0,-50.3170,"-6.00000 -5.60000 0.90000, -7.15000 -0.05000 0.10000"
1571,0.0000,Tx-Rx,0,-50.3527,"-6.00000 -5.60000 0.90000, -6.85000 -0.05000 0.10000"
1572,0.0000,Tx-Rx,0,-50.2996,"-6.00000 -5.60000 0.90000, -6.55000 -0.05000 0.10000"
1573,0.0000,Tx-Rx,0,-50.0997,"-6.00000 -5.60000 0.90000, -6.25000 -0.05000 0.10000"
1574,0.0000,Tx-Rx,0,-50.2936,"-6.00000 -5.60000 0.90000, -5.95000 -0.05000 0.10000"
1575,0.0000,Tx-Rx,0,-49.7717,"-6.00000 -5.60000 0.90000, -5.65000 -0.05000 0.10000"
1576,0.0000,Tx-Rx,0,-49.6514,"-6.00000 -5.60000 0.90000, -5.35000 -0.05000 0.10000"
1577,0.0000,Tx-Rx,0,-49.3711,"-6.00000 -5.60000 0.90000, -5.05000 -0.05000 0.10000"
1578,0.0000,Tx-Rx,0,-49.6478,"-6.00000 -5.60000 0.90000, -4.75000 -0.05000 0.10000"
1579,0.0000,Tx-Rx,0,-51.3259,"-6.00000 -5.60000 0.90000, -4.45000 -0.05000 0.10000"
1580,0.0000,Tx-Rx,0,-53.9495,"-6.00000 -5.60000 0.90000, -4.15000 -0.05000 0.10000"
1581,0.0000,Tx-Rx,0,-53.3475,"-6.00000 -5.60000 0.90000, -3.85000 -0.05000 0.10000"
1582,0.0000,Tx-Rx,0,-50.5110,"-6.00000 -5.60000 0.90000, -3.55000 -0.05000 0.10000"
1583,0.0000,Tx-Rx,0,-51.9812,"-6.00000 -5.60000 0.90000, -3.25000 -0.05000 0.10000"
1584,0.0000,Tx-Rx,0,-56.5476,"-6.00000 -5.60000 0.90000, -2.95000 -0.05000 0.10000"
1585,0.0000,Tx-Rx,0,-55.6600,"-6.00000 -5.60000 0.90000, -2.65000 -0.05000 0.10000"
1586,0.0000,Tx-Rx,0,-51.4279,"-6.00000 -5.60000 0.90000, -2.35000 -0.05000 0.10000"
1587,0.0000,Tx-Rx,0,-51.3216,"-6.00000 -5.60000 0.90000, -2.05000 -0.05000 0.10000"
1588,0.0000,Tx-Rx,0,-51.4441,"-6.00000 -5.60000 0.90000, -1.75000 -0.05000 0.10000"
1589,0.0000,Tx-Rx,0,-51.5550,"-6.00000 -5.60000 0.90000, -1.45000 -0.05000 0.10000"
1590,0.0000,Tx-Rx,0,-51.2594,"-6.00000 -5.60000 0.90000, -1.15000 -0.05000 0.10000"
1591,0.0000,Tx-Rx,0,-50.3612,"-6.00000 -5.60000 0.90000, -0.85000 -0.05000 0.10000"
1592,0.0000,Tx-Rx,0,-50.9789,"-6.00000 -5.60000 0.90000, -0.55000 -0.05000 0.10000"
1593,0.0000,Tx-Rx,0,-51.6521,"-6.00000 -5.60000 0.90000, -0.25000 -0.05000 0.10000"
1594,0.0000,Tx-Rx,0,-56.4697,"-6.00000 -5.60000 0.90000, 0.05000 -0.05000 0.10000"
1595,0.0000,Tx-Rx,0,-76.3711,"-6.00000 -5.60000 0.90000, 0.35000 -0.05000 0.10000"
1596,0.0000,Tx-Rx,0,-75.4750,"-6.00000 -5.60000 0.90000, 0.65000 -0.05000 0.10000"
1597,0.0000,Tx-Rx,0,-74.6477,"-6.00000 -5.60000 0.90000, 0.95000 -0.05000 0.10000"
1598,0.0000,Tx-Rx,0,-74.1921,"-6.00000 -5.60000 0.90000, 1.25000 -0.05000 0.10000"
1599,0.0000,Tx-Rx,0,-73.0453,"-6.00000 -5.60000 0.90000, 1.55000 -0.05000 0.10000"
1600,0.0000,Tx-Rx,0,-73.9283,"-6.00000 -5.60000 0.90000, 1.85000 -0.05000 0.10000"
1601,0.0000,Tx-Rx,0,-72.8978,"-6.00000 -5.60000 0.90000, 2.15000 -0.05000 0.10000"
1602,0.0000,Tx-Rx,0,-72.6979,"-6.00000 -5.60000 0.90000, 2.45000 -0.05000 0.10000"
1603,0.0000,Tx-Rx,0,-68.5272,"-6.00000 -5.60000 0.90000, 2.75000 -0.05000 0.10000"
1604,0.0000,Tx-Rx,0,-65.3009,"-6.00000 -5.60000 0.90000, 3.05000 -0.05000 0.10000"
1605,0.0000,Tx-Rx,0,-64.8492,"-6.00000 -5.60000 0.90000, 3.35000 -0.05000 0.10000"
1606,0.0000,Tx-Rx,0,-64.6572,"-6.00000 -5.60000 0.90000, 3.65000 -0.05000 0.10000"
1607,0.0000,Tx-Rx,0,-64.7773,"-6.00000 -5.60000 0.90000, 3.95000 -0.05000 0.10000"
1608,0.0000,Tx-Rx,0,-65.3323,"-6.00000 -5.60000 0.90000, 4.25000 -0.05000 0.10000"
1609,0.0000,Tx-Rx,0,-65.4782,"-6.00000 -5.60000 0.90000, 4.55000 -0.05000 0.10000"
1610,0.0000,Tx-Rx,0,-64.9749,"-6.00000 -5.60000 0.90000, 4.85000 -0.05000 0.10000"
1611,0.0000,Tx-Rx,0,-65.1352,"-6.00000 -5.60000 0.90000, 5.15000 -0.05000 0.10000"
1612,0.0000,Tx-Rx,0,-70.5611,"-6.00000 -5.60000 0.90000, 5.45000 -0.05000 0.10000"
1613,0.0000,Tx-Rx,0,-75.2819,"-6.00000 -5.60000 0.90000, 5.75000 -0.05000 0.10000"
1614,0.0000,Tx-Rx,0,-73.9081,"-6.00000 -5.60000 0.90000, 6.05000 -0.05000 0.10000"
1615,0.0000,Tx-Rx,0,-74.0994,"-6.00000 -5.60000 0.90000, 6.35000 -0.05000 0.10000"
1616,0.0000,Tx-Rx,0,-73.6397,"-6.00000 -5.60000 0.90000, 6.65000 -0.05000 0.10000"
1617,0.0000,Tx-Rx,0,-73.0288,"-6.00000 -5.60000 0.90000, 6.95000 -0.05000 0.10000"
1618,0.0000,Tx-Rx,0,-75.1642,"-6.00000 -5.60000 0.90000, 7.25000 -0.05000 0.10000"
1619,0.0000,Tx-Rx,0,-75.7003,"-6.00000 -5.60000 0.90000, 7.55000 -0.05000 0.10000"
1620,0.0000,Tx-Rx,0,-78.8836,"-6.00000 -5.60000 0.90000, 7.85000 -0.05000 0.10000"
1621,0.0000,Tx-Rx,0,-51.4950,"-6.00000 -5.60000 0.90000, -9.85000 0.25000 0.10000"
1622,0.0000,Tx-Rx,0,-57.6792,"-6.00000 -5.60000 0.90000, -9.55000 0.25000 0.10000"
1623,0.0000,Tx-Rx,0,-60.1353,"-6.00000 -5.60000 0.90000, -9.25000 0.25000 0.10000"
1624,0.0000,Tx-Rx,0,-59.1353,"-6.00000 -5.60000 0.90000, -8.95000 0.25000 0.10000"
1625,0.0000,Tx-Rx,0,-52.8978,"-6.00000 -5.60000 0.90000, -8.65000 0.25000 0.10000"
1626,0.0000,Tx-Rx,0,-49.2097,"-6.00000 -5.60000 0.90000, -8.35000 0.25000 0.10000"
1627,0.0000,Tx-Rx,0,-49.8096,"-6.00000 -5.60000 0.90000, -8.05000 0.25000 0.10000"
1628,0.0000,Tx-Rx,0,-50.8705,"-6.00000 -5.60000 0.90000, -7.75000 0.25000 0.10000"
1629,0.0000,Tx-Rx,0,-50.7401,"-6.00000 -5.60000 0.90000, -7.45000 0.25000 0.10000"
1630,0.0000,Tx-Rx,0,-50.6872,"-6.00000 -5.60000 0.90000, -7.15000 0.25000 0.10000"
1631,0.0000,Tx-Rx,0,-50.6698,"-6.00000 -5.60000 0.90000, -6.85000 0.25000 0.10000"
1632,0.0000,Tx-Rx,0,-50.5688,"-6.00000 -5.60000 0.90000, -6.55000 0.25000 0.10000"
1633,0.0000,Tx-Rx,0,-50.4264,"-6.00000 -5.60000 0.90000, -6.25000 0.25000 0.10000"
1634,0.0000,Tx-Rx,0,-50.6262,"-6.00000 -5.60000 0.90000, -5.95000 0.25000 0.10000"
1635,0.0000,Tx-Rx,0,-50.6197,"-6.00000 -5.60000 0.90000, -5.65000 0.25000 0.10000"
1636,0.0000,Tx-Rx,0,-49.9890,"-6.00000 -5.60000 0.90000, -5.35000 0.25000 0.10000"
1637,0.0000,Tx-Rx,0,-49.3569,"-6.00000 -5.60000 0.90000, -5.05000 0.25000 0.10000"
1638,0.0000,Tx-Rx,0,-50.2251,"-6.00000 -5.60000 0.90000, -4.75000 0.25000 0.10000"
1639,0.0000,Tx-Rx,0,-50.9809,"-6.00000 -5.60000 0.90000, -4.45000 0.25000 0.10000"
1640,0.0000,Tx-Rx,0,-54.3536,"-6.00000 -5.60000 0.90000, -4.15000 0.25000 0.10000"
1641,0.0000,Tx-Rx,0,-55.5042,"-6.00000 -5.60000 0.90000, -3.85000 0.25000 0.10000"
1642,0.0000,Tx-Rx,0,-50.9096,"-6.00000 -5.60000 0.90000, -3.55000 0.25000 0.10000"
1643,0.0000,Tx-Rx,0,-51.3610,"-6.00000 -5.60000 0.90000, -3.25000 0.25000 0.10000"
1644,0.0000,Tx-Rx,0,-54.8192,"-6.00000 -5.60000 0.90000, -2.95000 0.25000 0.10000"
1645,0.0000,Tx-Rx,0,-57.1125,"-6.00000 -5.60000 0.90000, -2.65000 0.25000 0.10000"
1646,0.0000,Tx-Rx,0,-53.8287,"-6.00000 -5.60000 0.90000, -2.35000 0.25000 0.10000"
1647,0.0000,Tx-Rx,0,-51.4565,"-6.00000 -5.60000 0.90000, -2.05000 0.25000 0.10000"
1648,0.0000,Tx-Rx,0,-51.8310,"-6.00000 -5.60000 0.90000, -1.75000 0.25000 0.10000"
1649,0.0000,Tx-Rx,0,-51.8742,"-6.00000 -5.60000 0.90000, -1.45000 0.25000 0.10000"
1650,0.0000,Tx-Rx,0,-51.9019,"-6.00000 -5.60000 0.90000, -1.15000 0.25000 0.10000"
1651,0.0000,Tx-Rx,0,-51.3676,"-6.00000 -5.60000 0.90000, -0.85000 0.25000 0.10000"
1652,0.0000,Tx-Rx,0,-50.9249,"-6.00000 -5.60000 0.90000, -0.55000 0.25000 0.10000"
1653,0.0000,Tx-Rx,0,-51.1534,"-6.00000 -5.60000 0.90000, -0.25000 0.25000 0.10000"
1654,0.0000,Tx-Rx,0,-56.6467,"-6.00000 -5.60000 0.90000, 0.05000 0.25000 0.10000"
1655,0.0000,Tx-Rx,0,-74.5096,"-6.00000 -5.60000 0.90000, 0.35000 0.25000 0.10000"
1656,0.0000,Tx-Rx,0,-74.0454,"-6.00000 -5.60000 0.90000, 0.65000 0.25000 0.10000"
1657,0.0000,Tx-Rx,0,-74.9498,"-6.00000 -5.60000 0.90000, 0.95000 0.25000 0.10000"
1658,0.0000,Tx-Rx,0,-74.6228,"-6.00000 -5.60000 0.90000, 1.25000 0.25000 0.10000"
1659,0.0000,Tx-Rx,0,-73.1768,"-6.00000 -5.60000 0.90000, 1.55000 0.25000 0.10000"
1660,0.0000,Tx-Rx,0,-72.6462,"-6.00000 -5.60000 0.90000, 1.85000 0.25000 0.10000"
1661,0.0000,Tx-Rx,0,-72.6184,"-6.00000 -5.60000 0.90000, 2.15000 0.25000 0.10000"
1662,0.0000,Tx-Rx,0,-71.4006,"-6.00000 -5.60000 0.90000, 2.45000 0.25000 0.10000"
1663,0.0000,Tx-Rx,0,-65.7027,"-6.00000 -5.60000 0.90000, 2.75000 0.25000 0.10000"
1664,0.0000,Tx-Rx,0,-64.7727,"-6.00000 -5.60000 0.90000, 3.05000 0.25000 0.10000"
1665,0.0000,Tx-Rx,0,-64.7461,"-6.00000 -5.60000 0.90000, 3.35000 0.25000 0.10000"
1666,0.0000,Tx-Rx,0,-64.1351,"-6.00000 -5.60000 0.90000, 3.65000 0.25000 0.10000"
1667,0.0000,Tx-Rx,0,-65.0498,"-6.00000 -5.60000 0.90000, 3.95000 0.25000 0.10000"
1668,0.0000,Tx-Rx,0,-65.2756,"-6.00000 -5.60000 0.90000, 4.25000 0.25000 0.10000"
1669,0.0000,Tx-Rx,0,-65.0775,"-6.00000 -5.60000 0.90000, 4.55000 0.25000 0.10000"
1670,0.0000,Tx-Rx,0,-64.8826,"-6.00000 -5.60000 0.90000, 4.85000 0.25000 0.10000"
1671,0.0000,Tx-Rx,0,-67.9742,"-6.00000 -5.60000 0.90000, 5.15000 0.25000 0.10000"
1672,0.0000,Tx-Rx,0,-77.2683,"-6.00000 -5.60000 0.90000, 5.45000 0.25000 0.10000"
1673,0.0000,Tx-Rx,0,-77.9925,"-6.00000 -5.60000 0.90000, 5.75000 0.25000 0.10000"
1674,0.0000,Tx-Rx,0,-75.1464,"-6.00000 -5.60000 0.90000, 6.05000 0.25000 0.10000"
1675,0.0000,Tx-Rx,0,-74.0516,"-6.00000 -5.60000 0.90000, 6.35000 0.25000 0.10000"
1676,0.0000,Tx-Rx,0,-71.6174,"-6.00000 -5.60000 0.90000, 6.65000 0.25000 0.10000"
1677,0.0000,Tx-Rx,0,-74.9365,"-6.00000 -5.60000 0.90000, 6.95000 0.25000 0.10000"
1678,0.0000,Tx-Rx,0,-74.8273,"-6.00000 -5.60000 0.90000, 7.25000 0.25000 0.10000"
1679,0.0000,Tx-Rx,0,-74.3618,"-6.00000 -5.60000 0.90000, 7.55000 0.25000 0.10000"
1680,0.0000,Tx-Rx,0,-75.1536,"-6.00000 -5.60000 0.90000, 7.85000 0.25000 0.10000"
1681,0.0000,Tx-Rx,0,-54.2956,"-6.00000 -5.60000 0.90000, -9.85000 0.55000 0.10000"
1682,0.0000,Tx-Rx,0,-56.7604,"-6.00000 -5.60000 0.90000, -9.55000 0.55000 0.10000"
1683,0.0000,Tx-Rx,0,-57.9039,"-6.00000 -5.60000 0.90000, -9.25000 0.55000 0.10000"
1684,0.0000,Tx-Rx,0,-57.4681,"-6.00000 -5.60000 0.90000, -8.95000 0.55000 0.10000"
1685,0.0000,Tx-Rx,0,-51.4770,"-6.00000 -5.60000 0.90000, -8.65000 0.55000 0.10000"
1686,0.0000,Tx-Rx,0,-50.6760,"-6.00000 -5.60000 0.90000, -8.35000 0.55000 0.10000"
1687,0.0000,Tx-Rx,0,-49.1250,"-6.00000 -5.60000 0.90000, -8.05000 0.55000 0.10000"
1688,0.0000,Tx-Rx,0,-51.2168,"-6.00000 -5.60000 0.90000, -7.75000 0.55000 0.10000"
1689,0.0000,Tx-Rx,0,-51.1467,"-6.00000 -5.60000 0.90000, -7.45000 0.55000 0.10000"
1690,0.0000,Tx-Rx,0,-51.0798,"-6.00000 -5.60000 0.90000, -7.15000 0.55000 0.10000"
1691,0.0000,Tx-Rx,0,-50.9616,"-6.00000 -5.60000 0.90000, -6.85000 0.55000 0.10000"
1692,0.0000,Tx-Rx,0,-50.9251,"-6.00000 -5.60000 0.90000, -6.55000 0.55000 0.10000"
1693,0.0000,Tx-Rx,0,-50.7052,"-6.00000 -5.60000 0.90000, -6.25000 0.55000 0.10000"
1694,0.0000,Tx-Rx,0,-50.9024,"-6.00000 -5.60000 0.90000, -5.95000 0.55000 0.10000"
1695,0.0000,Tx-Rx,0,-50.8364,"-6.00000 -5.60000 0.90000, -5.65000 0.55000 0.10000"
1696,0.0000,Tx-Rx,0,-50.5424,"-6.00000 -5.60000 0.90000, -5.35000 0.55000 0.10000"
1697,0.0000,Tx-Rx,0,-49.7090,"-6.00000 -5.60000 0.90000, -5.05000 0.55000 0.10000"
1698,0.0000,Tx-Rx,0,-50.5975,"-6.00000 -5.60000 0.90000, -4.75000 0.55000 0.10000"
1699,0.0000,Tx-Rx,0,-51.1302,"-6.00000 -5.60000 0.90000, -4.45000 0.55000 0.10000"
1700,0.0000,Tx-Rx,0,-54.1293,"-6.00000 -5.60000 0.90000, -4.15000 0.55000 0.10000"
1701,0.0000,Tx-Rx,0,-55.6777,"-6.00000 -5.60000 0.90000, -3.85000 0.55000 0.10000"
1702,0.0000,Tx-Rx,0,-52.6476,"-6.00000 -5.60000 0.90000, -3.55000 0.55000 0.10000"
1703,0.0000,Tx-Rx,0,-51.2160,"-6.00000 -5.60000 0.90000, -3.25000 0.55000 0.10000"
1704,0.0000,Tx-Rx,0,-52.9038,"-6.00000 -5.60000 0.90000, -2.95000 0.55000 0.10000"
1705,0.0000,Tx-Rx,0,-56.9033,"-6.00000 -5.60000 0.90000, -2.65000 0.55000 0.10000"
1706,0.0000,Tx-Rx,0,-57.0332,"-6.00000 -5.60000 0.90000, -2.35000 0.55000 0.10000"
1707,0.0000,Tx-Rx,0,-52.5874,"-6.00000 -5.60000 0.90000, -2.05000 0.55000 0.10000"
1708,0.0000,Tx-Rx,0,-51.7893,"-6.00000 -5.60000 0.90000, -1.75000 0.55000 0.10000"
1709,0.0000,Tx-Rx,0,-52.1377,"-6.00000 -5.60000 0.90000, -1.45000 0.55000 0.10000"
1710,0.0000,Tx-Rx,0,-52.1547,"-6.00000 -5.60000 0.90000, -1.15000 0.55000 0.10000"
1711,0.0000,Tx-Rx,0,-52.1251,"-6.00000 -5.60000 0.90000, -0.85000 0.55000 0.10000"
1712,0.0000,Tx-Rx,0,-51.6056,"-6.00000 -5.60000 0.90000, -0.55000 0.55000 0.10000"
1713,0.0000,Tx-Rx,0,-50.8107,"-6.00000 -5.60000 0.90000, -0.25000 0.55000 0.10000"
1714,0.0000,Tx-Rx,0,-55.6769,"-6.00000 -5.60000 0.90000, 0.05000 0.55000 0.10000"
1715,0.0000,Tx-Rx,0,-74.9566,"-6.00000 -5.60000 0.90000, 0.35000 0.55000 0.10000"
1716,0.0000,Tx-Rx,0,-73.7264,"-6.00000 -5.60000 0.90000, 0.65000 0.55000 0.10000"
1717,0.0000,Tx-Rx,0,-73.1065,"-6.00000 -5.60000 0.90000, 0.95000 0.55000 0.10000"
1718,0.0000,Tx-Rx,0,-72.8572,"-6.00000 -5.60000 0.90000, 1.25000 0.55000 0.10000"
1719,0.0000,Tx-Rx,0,-74.2424,"-6.00000 -5.60000 0.90000, 1.55000 0.55000 0.10000"
1720,0.0000,Tx-Rx,0,-72.2308,"-6.00000 -5.60000 0.90000, 1.85000 0.55000 0.10000"
1721,0.0000,Tx-Rx,0,-72.8285,"-6.00000 -5.60000 0.90000, 2.15000 0.55000 0.10000"
1722,0.0000,Tx-Rx,0,-66.8823,"-6.00000 -5.60000 0.90000, 2.45000 0.55000 0.10000"
1723,0.0000,Tx-Rx,0,-64.8708,"-6.00000 -5.60000 0.90000, 2.75000 0.55000 0.10000"
1724,0.0000,Tx-Rx,0,-64.6751,"-6.00000 -5.60000 0.90000, 3.05000 0.55000 0.10000"
1725,0.0000,Tx-Rx,0,-64.4030,"-6.00000 -5.60000 0.90000, 3.35000 0.55000 0.10000"
1726,0.0000,Tx-Rx,0,-64.4869,"-6.00000 -5.60000 0.90000, 3.65000 0.55000 0.10000"
1727,0.0000,Tx-Rx,0,-65.0133,"-6.00000 -5.60000 0.90000, 3.95000 0.55000 0.10000"
1728,0.0000,Tx-Rx,0,-65.0837,"-6.00000 -5.60000 0.90000, 4.25000 0.55000 0.10000"
1729,0.0000,Tx-Rx,0,-64.8380,"-6.00000 -5.60000 0.90000, 4.55000 0.55000 0.10000"
1730,0.0000,Tx-Rx,0,-66.6599,"-6.00000 -5.60000 0.90000, 4.85000 0.55000 0.10000"
1731,0.0000,Tx-Rx,0,-77.4199,"-6.00000 -5.60000 0.90000, 5.15000 0.55000 0.10000"
1732,0.0000,Tx-Rx,0,-77.4492,"-6.00000 -5.60000 0.90000, 5.45000 0.55000 0.10000"
1733,0.0000,Tx-Rx,0,-76.8974,"-6.00000 -5.60000 0.90000, 5.75000 0.55000 0.10000"
1734,0.0000,Tx-Rx,0,-76.7032,"-6.00000 -5.60000 0.90000, 6.05000 0.55000 0.10000"
1735,0.0000,Tx-Rx,0,-72.8454,"-6.00000 -5.60000 0.90000, 6.35000 0.55000 0.10000"
1736,0.0000,Tx-Rx,0,-75.4475,"-6.00000 -5.60000 0.90000, 6.65000 0.55000 0.10000"
1737,0.0000,Tx-Rx,0,-75.2264,"-6.00000 -5.60000 0.90000, 6.95000 0.55000 0.10000"
1738,0.0000,Tx-Rx,0,-75.0716,"-6.00000 -5.60000 0.90000, 7.25000 0.55000 0.10000"
1739,0.0000,Tx-Rx,0,-74.7109,"-6.00000 -5.60000 0.90000, 7.55000 0.55000 0.10000"
1740,0.0000,Tx-Rx,0,-74.9312,"-6.00000 -5.60000 0.90000, 7.85000 0.55000 0.10000"
1741,0.0000,Tx-Rx,0,-58.0723,"-6.00000 -5.60000 0.90000, -9.85000 0.85000 0.10000"
1742,0.0000,Tx-Rx,0,-56.8457,"-6.00000 -5.60000 0.90000, -9.55000 0.85000 0.10000"
1743,0.0000,Tx-Rx,0,-56.3243,"-6.00000 -5.60000 0.90000, -9.25000 0.85000 0.10000"
1744,0.0000,Tx-Rx,0,-53.8251,"-6.00000 -5.60000 0.90000, -8.95000 0.85000 0.10000"
1745,0.0000,Tx-Rx,0,-51.6307,"-6.00000 -5.60000 0.90000, -8.65000 0.85000 0.10000"
1746,0.0000,Tx-Rx,0,-51.6339,"-6.00000 -5.60000 0.90000, -8.35000 0.85000 0.10000"
1747,0.0000,Tx-Rx,0,-49.5176,"-6.00000 -5.60000 0.90000, -8.05000 0.85000 0.10000"
1748,0.0000,Tx-Rx,0,-50.5796,"-6.00000 -5.60000 0.90000, -7.75000 0.85000 0.10000"
1749,0.0000,Tx-Rx,0,-51.5799,"-6.00000 -5.60000 0.90000, -7.45000 0.85000 0.10000"
1750,0.0000,Tx-Rx,0,-51.3626,"-6.00000 -5.60000 0.90000, -7.15000 0.85000 0.10000"
1751,0.0000,Tx-Rx,0,-51.4573,"-6.00000 -5.60000 0.90000, -6.85000 0.85000 0.10000"
1752,0.0000,Tx-Rx,0,-51.2170,"-6.00000 -5.60000 0.90000, -6.55000 0.85000 0.10000"
1753,0.0000,Tx-Rx,0,-50.9879,"-6.00000 -5.60000 0.90000, -6.25000 0.85000 0.10000"
1754,0.0000,Tx-Rx,0,-51.1007,"-6.00000 -5.60000 0.90000, -5.95000 0.85000 0.10000"
1755,0.0000,Tx-Rx,0,-51.1285,"-6.00000 -5.60000 0.90000, -5.65000 0.85000 0.10000"
1756,0.0000,Tx-Rx,0,-50.7273,"-6.00000 -5.60000 0.90000, -5.35000 0.85000 0.10000"
1757,0.0000,Tx-Rx,0,-50.3604,"-6.00000 -5.60000 0.90000, -5.05000 0.85000 0.10000"
1758,0.0000,Tx-Rx,0,-50.5587,"-6.00000 -5.60000 0.90000, -4.75000 0.85000 0.10000"
1759,0.0000,Tx-Rx,0,-51.3107,"-6.00000 -5.60000 0.90000, -4.45000 0.85000 0.10000"
1760,0.0000,Tx-Rx,0,-53.1852,"-6.00000 -5.60000 0.90000, -4.15000 0.85000 0.10000"
1761,0.0000,Tx-Rx,0,-55.8896,"-6.00000 -5.60000 0.90000, -3.85000 0.85000 0.10000"
1762,0.0000,Tx-Rx,0,-55.0978,"-6.00000 -5.60000 0.90000, -3.55000 0.85000 0.10000"
1763,0.0000,Tx-Rx,0,-51.4953,"-6.00000 -5.60000 0.90000, -3.25000 0.85000 0.10000"
1764,0.0000,Tx-Rx,0,-51.9802,"-6.00000 -5.60000 0.90000, -2.95000 0.85000 0.10000"
1765,0.0000,Tx-Rx,0,-54.9973,"-6.00000 -5.60000 0.90000, -2.65000 0.85000 0.10000"
1766,0.0000,Tx-Rx,0,-56.8630,"-6.00000 -5.60000 0.90000, -2.35000 0.85000 0.10000"
1767,0.0000,Tx-Rx,0,-55.9992,"-6.00000 -5.60000 0.90000, -2.05000 0.85000 0.10000"
1768,0.0000,Tx-Rx,0,-52.3295,"-6.00000 -5.60000 0.90000, -1.75000 0.85000 0.10000"
1769,0.0000,Tx-Rx,0,-52.0296,"-6.00000 -5.60000 0.90000, -1.45000 0.85000 0.10000"
1770,0.0000,Tx-Rx,0,-52.2777,"-6.00000 -5.60000 0.90000, -1.15000 0.85000 0.10000"
1771,0.0000,Tx-Rx,0,-52.3051,"-6.00000 -5.60000 0.90000, -0.85000 0.85000 0.10000"
1772,0.0000,Tx-Rx,0,-52.3520,"-6.00000 -5.60000 0.90000, -0.55000 0.85000 0.10000"
1773,0.0000,Tx-Rx,0,-51.8363,"-6.00000 -5.60000 0.90000, -0.25000 0.85000 0.10000"
1774,0.0000,Tx-Rx,0,-52.7551,"-6.00000 -5.60000 0.90000, 0.05000 0.85000 0.10000"
1775,0.0000,Tx-Rx,0,-63.3470,"-6.00000 -5.60000 0.90000, 0.35000 0.85000 0.10000"
1776,0.0000,Tx-Rx,0,-72.4907,"-6.00000 -5.60000 0.90000, 0.65000 0.85000 0.10000"
1777,0.0000,Tx-Rx,0,-74.9425,"-6.00000 -5.60000 0.90000, 0.95000 0.85000 0.10000"
1778,0.0000,Tx-Rx,0,-74.8173,"-6.00000 -5.60000 0.90000, 1.25000 0.85000 0.10000"
1779,0.0000,Tx-Rx,0,-73.9232,"-6.00000 -5.60000 0.90000, 1.55000 0.85000 0.10000"
1780,0.0000,Tx-Rx,0,-72.2373,"-6.00000 -5.60000 0.90000, 1.85000 0.85000 0.10000"
1781,0.0000,Tx-Rx,0,-69.2060,"-6.00000 -5.60000 0.90000, 2.15000 0.85000 0.10000"
1782,0.0000,Tx-Rx,0,-64.8764,"-6.00000 -5.60000 0.90000, 2.45000 0.85000 0.10000"
1783,0.0000,Tx-Rx,0,-64.4418,"-6.00000 -5.60000 0.90000, 2.75000 0.85000 0.10000"
1784,0.0000,Tx-Rx,0,-64.4187,"-6.00000 -5.60000 0.90000, 3.05000 0.85000 0.10000"
1785,0.0000,Tx-Rx,0,-64.1285,"-6.00000 -5.60000 0.90000, 3.35000 0.85000 0.10000"
1786,0.0000,Tx-Rx,0,-64.7363,"-6.00000 -5.60000 0.90000, 3.65000 0.85000 0.10000"
1787,0.0000,Tx-Rx,0,-64.9167,"-6.00000 -5.60000 0.90000, 3.95000 0.85000 0.10000"
1788,0.0000,Tx-Rx,0,-64.6271,"-6.00000 -5.60000 0.90000, 4.25000 0.85000 0.10000"
1789,0.0000,Tx-Rx,0,-65.8140,"-6.00000 -5.60000 0.90000, 4.55000 0.85000 0.10000"
1790,0.0000,Tx-Rx,0,-74.8291,"-6.00000 -5.60000 0.90000, 4.85000 0.85000 0.10000"
1791,0.0000,Tx-Rx,0,-77.2426,"-6.00000 -5.60000 0.90000, 5.15000 0.85000 0.10000"
1792,0.0000,Tx-Rx,0,-76.6253,"-6.00000 -5.60000 0.90000, 5.45000 0.85000 0.10000"
1793,0.0000,Tx-Rx,0,-77.4096,"-6.00000 -5.60000 0.90000, 5.75000 0.85000 0.10000"
1794,0.0000,Tx-Rx,0,-78.0839,"-6.00000 -5.60000 0.90000, 6.05000 0.85000 0.10000"
1795,0.0000,Tx-Rx,0,-75.2077,"-6.00000 -5.60000 0.90000, 6.35000 0.85000 0.10000"
1796,0.0000,Tx-Rx,0,-75.4303,"-6.00000 -5.60000 0.90000, 6.65000 0.85000 0.10000"
1797,0.0000,Tx-Rx,0,-74.7569,"-6.00000 -5.60000 0.90000, 6.95000 0.85000 0.10000"
1798,0.0000,Tx-Rx,0,-74.7706,"-6.00000 -5.60000 0.90000, 7.25000 0.85000 0.10000"
1799,0.0000,Tx-Rx,0,-74.1340,"-6.00000 -5.60000 0.90000, 7.55000 0.85000 0.10000"
1800,0.0000,Tx-Rx,0,-74.5071,"-6.00000 -5.60000 0.90000, 7.85000 0.85000 0.10000"
1801,0.0000,Tx-Rx,0,-63.7059,"-6.00000 -5.60000 0.90000, -9.85000 1.15000 0.10000"
1802,0.0000,Tx-Rx,0,-57.2455,"-6.00000 -5.60000 0.90000, -9.55000 1.15000 0.10000"
1803,0.0000,Tx-Rx,0,-56.5282,"-6.00000 -5.60000 0.90000, -9.25000 1.15000 0.10000"
1804,0.0000,Tx-Rx,0,-51.7814,"-6.00000 -5.60000 0.90000, -8.95000 1.15000 0.10000"
1805,0.0000,Tx-Rx,0,-52.1266,"-6.00000 -5.60000 0.90000, -8.65000 1.15000 0.10000"
1806,0.0000,Tx-Rx,0,-51.9093,"-6.00000 -5.60000 0.90000, -8.35000 1.15000 0.10000"
1807,0.0000,Tx-Rx,0,-50.7952,"-6.00000 -5.60000 0.90000, -8.05000 1.15000 0.10000"
1808,0.0000,Tx-Rx,0,-49.7593,"-6.00000 -5.60000 0.90000, -7.75000 1.15000 0.10000"
1809,0.0000,Tx-Rx,0,-51.8355,"-6.00000 -5.60000 0.90000, -7.45000 1.15000 0.10000"
1810,0.0000,Tx-Rx,0,-51.6787,"-6.00000 -5.60000 0.90000, -7.15000 1.15000 0.10000"
1811,0.0000,Tx-Rx,0,-51.6527,"-6.00000 -5.60000 0.90000, -6.85000 1.15000 0.10000"
1812,0.0000,Tx-Rx,0,-51.3511,"-6.00000 -5.60000 0.90000, -6.55000 1.15000 0.10000"
1813,0.0000,Tx-Rx,0,-51.2980,"-6.00000 -5.60000 0.90000, -6.25000 1.15000 0.10000"
1814,0.0000,Tx-Rx,0,-51.5108,"-6.00000 -5.60000 0.90000, -5.95000 1.15000 0.10000"
1815,0.0000,Tx-Rx,0,-51.5474,"-6.00000 -5.60000 0.90000, -5.65000 1.15000 0.10000"
1816,0.0000,Tx-Rx,0,-50.6201,"-6.00000 -5.60000 0.90000, -5.35000 1.15000 0.10000"
1817,0.0000,Tx-Rx,0,-51.3294,"-6.00000 -5.60000 0.90000, -5.05000 1.15000 0.10000"
1818,0.0000,Tx-Rx,0,-50.9807,"-6.00000 -5.60000 0.90000, -4.75000 1.15000 0.10000"
1819,0.0000,Tx-Rx,0,-52.1060,"-6.00000 -5.60000 0.90000, -4.45000 1.15000 0.10000"
1820,0.0000,Tx-Rx,0,-53.7676,"-6.00000 -5.60000 0.90000, -4.15000 1.15000 0.10000"
1821,0.0000,Tx-Rx,0,-59.8160,"-6.00000 -5.60000 0.90000, -3.85000 1.15000 0.10000"
1822,0.0000,Tx-Rx,0,-56.3518,"-6.00000 -5.60000 0.90000, -3.55000 1.15000 0.10000"
1823,0.0000,Tx-Rx,0,-52.5490,"-6.00000 -5.60000 0.90000, -3.25000 1.15000 0.10000"
1824,0.0000,Tx-Rx,0,-52.2312,"-6.00000 -5.60000 0.90000, -2.95000 1.15000 0.10000"
1825,0.0000,Tx-Rx,0,-52.7928,"-6.00000 -5.60000 0.90000, -2.65000 1.15000 0.10000"
1826,0.0000,Tx-Rx,0,-56.7136,"-6.00000 -5.60000 0.90000, -2.35000 1.15000 0.10000"
1827,0.0000,Tx-Rx,0,-57.3566,"-6.00000 -5.60000 0.90000, -2.05000 1.15000 0.10000"
1828,0.0000,Tx-Rx,0,-54.3871,"-6.00000 -5.60000 0.90000, -1.75000 1.15000 0.10000"
1829,0.0000,Tx-Rx,0,-52.5322,"-6.00000 -5.60000 0.90000, -1.45000 1.15000 0.10000"
1830,0.0000,Tx-Rx,0,-52.2835,"-6.00000 -5.60000 0.90000, -1.15000 1.15000 0.10000"
1831,0.0000,Tx-Rx,0,-52.4370,"-6.00000 -5.60000 0.90000, -0.85000 1.15000 0.10000"
1832,0.0000,Tx-Rx,0,-52.8389,"-6.00000 -5.60000 0.90000, -0.55000 1.15000 0.10000"
1833,0.0000,Tx-Rx,0,-53.3994,"-6.00000 -5.60000 0.90000, -0.25000 1.15000 0.10000"
1834,0.0000,Tx-Rx,0,-52.8542,"-6.00000 -5.60000 0.90000, 0.05000 1.15000 0.10000"
1835,0.0000,Tx-Rx,0,-54.4096,"-6.00000 -5.60000 0.90000, 0.35000 1.15000 0.10000"
1836,0.0000,Tx-Rx,0,-62.6444,"-6.00000 -5.60000 0.90000, 0.65000 1.15000 0.10000"
1837,0.0000,Tx-Rx,0,-69.0088,"-6.00000 -5.60000 0.90000, 0.95000 1.15000 0.10000"
1838,0.0000,Tx-Rx,0,-73.1162,"-6.00000 -5.60000 0.90000, 1.25000 1.15000 0.10000"
1839,0.0000,Tx-Rx,0,-71.6608,"-6.00000 -5.60000 0.90000, 1.55000 1.15000 0.10000"
1840,0.0000,Tx-Rx,0,-72.1078,"-6.00000 -5.60000 0.90000, 1.85000 1.15000 0.10000"
1841,0.0000,Tx-Rx,0,-65.3146,"-6.00000 -5.60000 0.90000, 2.15000 1.15000 0.10000"
1842,0.0000,Tx-Rx,0,-64.3334,"-6.00000 -5.60000 0.90000, 2.45000 1.15000 0.10000"
1843,0.0000,Tx-Rx,0,-64.3022,"-6.00000 -5.60000 0.90000, 2.75000 1.15000 0.10000"
1844,0.0000,Tx-Rx,0,-64.0982,"-6.00000 -5.60000 0.90000, 3.05000 1.15000 0.10000"
1845,0.0000,Tx-Rx,0,-64.3664,"-6.00000 -5.60000 0.90000, 3.35000 1.15000 0.10000"
1846,0.0000,Tx-Rx,0,-64.7665,"-6.00000 -5.60000 0.90000, 3.65000 1.15000 0.10000"
1847,0.0000,Tx-Rx,0,-64.6675,"-6.00000 -5.60000 0.90000, 3.95000 1.15000 0.10000"
1848,0.0000,Tx-Rx,0,-65.3199,"-6.00000 -5.60000 0.90000, 4.25000 1.15000 0.10000"
1849,0.0000,Tx-Rx,0,-71.0451,"-6.00000 -5.60000 0.90000, 4.55000 1.15000 0.10000"
1850,0.0000,Tx-Rx,0,-78.1306,"-6.00000 -5.60000 0.90000, 4.85000 1.15000 0.10000"
1851,0.0000,Tx-Rx,0,-77.5527,"-6.00000 -5.60000 0.90000, 5.15000 1.15000 0.10000"
1852,0.0000,Tx-Rx,0,-76.1243,"-6.00000 -5.60000 0.90000, 5.45000 1.15000 0.10000"
1853,0.0000,Tx-Rx,0,-76.0232,"-6.00000 -5.60000 0.90000, 5.75000 1.15000 0.10000"
1854,0.0000,Tx-Rx,0,-77.5958,"-6.00000 -5.60000 0.90000, 6.05000 1.15000 0.10000"
1855,0.0000,Tx-Rx,0,-78.6181,"-6.00000 -5.60000 0.90000, 6.35000 1.15000 0.10000"
1856,0.0000,Tx-Rx,0,-75.1742,"-6.00000 -5.60000 0.90000, 6.65000 1.15000 0.10000"
1857,0.0000,Tx-Rx,0,-75.1396,"-6.00000 -5.60000 0.90000, 6.95000 1.15000 0.10000"
1858,0.0000,Tx-Rx,0,-75.4522,"-6.00000 -5.60000 0.90000, 7.25000 1.15000 0.10000"
1859,0.0000,Tx-Rx,0,-74.8313,"-6.00000 -5.60000 0.90000, 7.55000 1.15000 0.10000"
1860,0.0000,Tx-Rx,0,-74.4618,"-6.00000 -5.60000 0.90000, 7.85000 1.15000 0.10000"
1861,0.0000,Tx-Rx,0,-67.4224,"-6.00000 -5.60000 0.90000, -9.85000 1.45000 0.10000"
1862,0.0000,Tx-Rx,0,-63.2930,"-6.00000 -5.60000 0.90000, -9.55000 1.45000 0.10000"
1863,0.0000,Tx-Rx,0,-59.3550,"-6.00000 -5.60000 0.90000, -9.25000 1.45000 0.10000"
1864,0.0000,Tx-Rx,0,-56.8197,"-6.00000 -5.60000 0.90000, -8.95000 1.45000 0.10000"
1865,0.0000,Tx-Rx,0,-56.0098,"-6.00000 -5.60000 0.90000, -8.65000 1.45000 0.10000"
1866,0.0000,Tx-Rx,0,-51.9914,"-6.00000 -5.60000 0.90000, -8.35000 1.45000 0.10000"
1867,0.0000,Tx-Rx,0,-52.0981,"-6.00000 -5.60000 0.90000, -8.05000 1.45000 0.10000"
1868,0.0000,Tx-Rx,0,-49.8716,"-6.00000 -5.60000 0.90000, -7.75000 1.45000 0.10000"
1869,0.0000,Tx-Rx,0,-51.2061,"-6.00000 -5.60000 0.90000, -7.45000 1.45000 0.10000"
1870,0.0000,Tx-Rx,0,-51.9477,"-6.00000 -5.60000 0.90000, -7.15000 1.45000 0.10000"
1871,0.0000,Tx-Rx,0,-51.8947,"-6.00000 -5.60000 0.90000, -6.85000 1.45000 0.10000"
1872,0.0000,Tx-Rx,0,-51.6174,"-6.00000 -5.60000 0.90000, -6.55000 1.45000 0.10000"
1873,0.0000,Tx-Rx,0,-51.5253,"-6.00000 -5.60000 0.90000, -6.25000 1.45000 0.10000"
1874,0.0000,Tx-Rx,0,-51.6847,"-6.00000 -5.60000 0.90000, -5.95000 1.45000 0.10000"
1875,0.0000,Tx-Rx,0,-51.7020,"-6.00000 -5.60000 0.90000, -5.65000 1.45000 0.10000"
1876,0.0000,Tx-Rx,0,-50.9006,"-6.00000 -5.60000 0.90000, -5.35000 1.45000 0.10000"
1877,0.0000,Tx-Rx,0,-51.4552,"-6.00000 -5.60000 0.90000, -5.05000 1.45000 0.10000"
1878,0.0000,Tx-Rx,0,-52.0924,"-6.00000 -5.60000 0.90000, -4.75000 1.45000 0.10000"
1879,0.0000,Tx-Rx,0,-52.2679,"-6.00000 -5.60000 0.90000, -4.45000 1.45000 0.10000"
1880,0.0000,Tx-Rx,0,-53.6406,"-6.00000 -5.60000 0.90000, -4.15000 1.45000 0.10000"
1881,0.0000,Tx-Rx,0,-59.5971,"-6.00000 -5.60000 0.90000, -3.85000 1.45000 0.10000"
1882,0.0000,Tx-Rx,0,-57.6744,"-6.00000 -5.60000 0.90000, -3.55000 1.45000 0.10000"
1883,0.0000,Tx-Rx,0,-54.5396,"-6.00000 -5.60000 0.90000, -3.25000 1.45000 0.10000"
1884,0.0000,Tx-Rx,0,-52.4150,"-6.00000 -5.60000 0.90000, -2.95000 1.45000 0.10000"
1885,0.0000,Tx-Rx,0,-52.3944,"-6.00000 -5.60000 0.90000, -2.65000 1.45000 0.10000"
1886,0.0000,Tx-Rx,0,-53.8364,"-6.00000 -5.60000 0.90000, -2.35000 1.45000 0.10000"
1887,0.0000,Tx-Rx,0,-57.0099,"-6.00000 -5.60000 0.90000, -2.05000 1.45000 0.10000"
1888,0.0000,Tx-Rx,0,-57.5619,"-6.00000 -5.60000 0.90000, -1.75000 1.45000 0.10000"
1889,0.0000,Tx-Rx,0,-53.2559,"-6.00000 -5.60000 0.90000, -1.45000 1.45000 0.10000"
1890,0.0000,Tx-Rx,0,-52.6644,"-6.00000 -5.60000 0.90000, -1.15000 1.45000 0.10000"
1891,0.0000,Tx-Rx,0,-52.8810,"-6.00000 -5.60000 0.90000, -0.85000 1.45000 0.10000"
1892,0.0000,Tx-Rx,0,-53.3505,"-6.00000 -5.60000 0.90000, -0.55000 1.45000 0.10000"
1893,0.0000,Tx-Rx,0,-53.7193,"-6.00000 -5.60000 0.90000, -0.25000 1.45000 0.10000"
1894,0.0000,Tx-Rx,0,-53.8379,"-6.00000 -5.60000 0.90000, 0.05000 1.45000 0.10000"
1895,0.0000,Tx-Rx,0,-52.5356,"-6.00000 -5.60000 0.90000, 0.35000 1.45000 0.10000"
1896,0.0000,Tx-Rx,0,-54.6347,"-6.00000 -5.60000 0.90000, 0.65000 1.45000 0.10000"
1897,0.0000,Tx-Rx,0,-62.8198,"-6.00000 -5.60000 0.90000, 0.95000 1.45000 0.10000"
1898,0.0000,Tx-Rx,0,-65.5300,"-6.00000 -5.60000 0.90000, 1.25000 1.45000 0.10000"
1899,0.0000,Tx-Rx,0,-70.2851,"-6.00000 -5.60000 0.90000, 1.55000 1.45000 0.10000"
1900,0.0000,Tx-Rx,0,-66.5124,"-6.00000 -5.60000 0.90000, 1.85000 1.45000 0.10000"
1901,0.0000,Tx-Rx,0,-64.2232,"-6.00000 -5.60000 0.90000, 2.15000 1.45000 0.10000"
1902,0.0000,Tx-Rx,0,-63.9307,"-6.00000 -5.60000 0.90000, 2.45000 1.45000 0.10000"
1903,0.0000,Tx-Rx,0,-63.8144,"-6.00000 -5.60000 0.90000, 2.75000 1.45000 0.10000"
1904,0.0000,Tx-Rx,0,-63.9910,"-6.00000 -5.60000 0.90000, 3.05000 1.45000 0.10000"
1905,0.0000,Tx-Rx,0,-64.3490,"-6.00000 -5.60000 0.90000, 3.35000 1.45000 0.10000"
1906,0.0000,Tx-Rx,0,-64.5002,"-6.00000 -5.60000 0.90000, 3.65000 1.45000 0.10000"
1907,0.0000,Tx-Rx,0,-64.8862,"-6.00000 -5.60000 0.90000, 3.95000 1.45000 0.10000"
1908,0.0000,Tx-Rx,0,-70.1731,"-6.00000 -5.60000 0.90000, 4.25000 1.45000 0.10000"
1909,0.0000,Tx-Rx,0,-75.1211,"-6.00000 -5.60000 0.90000, 4.55000 1.45000 0.10000"
1910,0.0000,Tx-Rx,0,-75.4123,"-6.00000 -5.60000 0.90000, 4.85000 1.45000 0.10000"
1911,0.0000,Tx-Rx,0,-79.6154,"-6.00000 -5.60000 0.90000, 5.15000 1.45000 0.10000"
1912,0.0000,Tx-Rx,0,-73.9177,"-6.00000 -5.60000 0.90000, 5.45000 1.45000 0.10000"
1913,0.0000,Tx-Rx,0,-78.2670,"-6.00000 -5.60000 0.90000, 5.75000 1.45000 0.10000"
1914,0.0000,Tx-Rx,0,-80.3479,"-6.00000 -5.60000 0.90000, 6.05000 1.45000 0.10000"
1915,0.0000,Tx-Rx,0,-83.4662,"-6.00000 -5.60000 0.90000, 6.35000 1.45000 0.10000"
1916,0.0000,Tx-Rx,0,-78.6082,"-6.00000 -5.60000 0.90000, 6.65000 1.45000 0.10000"
1917,0.0000,Tx-Rx,0,-77.5133,"-6.00000 -5.60000 0.90000, 6.95000 1.45000 0.10000"
1918,0.0000,Tx-Rx,0,-74.4150,"-6.00000 -5.60000 0.90000, 7.25000 1.45000 0.10000"
1919,0.0000,Tx-Rx,0,-74.5194,"-6.00000 -5.60000 0.90000, 7.55000 1.45000 0.10000"
1920,0.0000,Tx-Rx,0,-74.5085,"-6.00000 -5.60000 0.90000, 7.85000 1.45000 0.10000"
1921,0.0000,Tx-Rx,0,-68.4588,"-6.00000 -5.60000 0.90000, -9.85000 1.75000 0.10000"
1922,0.0000,Tx-Rx,0,-66.6238,"-6.00000 -5.60000 0.90000, -9.55000 1.75000 0.10000"
1923,0.0000,Tx-Rx,0,-59.0875,"-6.00000 -5.60000 0.90000, -9.25000 1.75000 0.10000"
1924,0.0000,Tx-Rx,0,-58.0385,"-6.00000 -5.60000 0.90000, -8.95000 1.75000 0.10000"
1925,0.0000,Tx-Rx,0,-54.5415,"-6.00000 -5.60000 0.90000, -8.65000 1.75000 0.10000"
1926,0.0000,Tx-Rx,0,-51.8595,"-6.00000 -5.60000 0.90000, -8.35000 1.75000 0.10000"
1927,0.0000,Tx-Rx,0,-52.3118,"-6.00000 -5.60000 0.90000, -8.05000 1.75000 0.10000"
1928,0.0000,Tx-Rx,0,-50.9659,"-6.00000 -5.60000 0.90000, -7.75000 1.75000 0.10000"
1929,0.0000,Tx-Rx,0,-50.3632,"-6.00000 -5.60000 0.90000, -7.45000 1.75000 0.10000"
1930,0.0000,Tx-Rx,0,-52.1980,"-6.00000 -5.60000 0.90000, -7.15000 1.75000 0.10000"
1931,0.0000,Tx-Rx,0,-52.1407,"-6.00000 -5.60000 0.90000, -6.85000 1.75000 0.10000"
1932,0.0000,Tx-Rx,0,-51.8371,"-6.00000 -5.60000 0.90000, -6.55000 1.75000 0.10000"
1933,0.0000,Tx-Rx,0,-51.8223,"-6.00000 -5.60000 0.90000, -6.25000 1.75000 0.10000"
1934,0.0000,Tx-Rx,0,-51.9948,"-6.00000 -5.60000 0.90000, -5.95000 1.75000 0.10000"
1935,0.0000,Tx-Rx,0,-51.6960,"-6.00000 -5.60000 0.90000, -5.65000 1.75000 0.10000"
1936,0.0000,Tx-Rx,0,-51.5660,"-6.00000 -5.60000 0.90000, -5.35000 1.75000 0.10000"
1937,0.0000,Tx-Rx,0,-51.8305,"-6.00000 -5.60000 0.90000, -5.05000 1.75000 0.10000"
1938,0.0000,Tx-Rx,0,-52.6888,"-6.00000 -5.60000 0.90000, -4.75000 1.75000 0.10000"
1939,0.0000,Tx-Rx,0,-52.6720,"-6.00000 -5.60000 0.90000, -4.45000 1.75000 0.10000"
1940,0.0000,Tx-Rx,0,-53.0448,"-6.00000 -5.60000 0.90000, -4.15000 1.75000 0.10000"
1941,0.0000,Tx-Rx,0,-56.9333,"-6.00000 -5.60000 0.90000, -3.85000 1.75000 0.10000"
1942,0.0000,Tx-Rx,0,-58.2431,"-6.00000 -5.60000 0.90000, -3.55000 1.75000 0.10000"
1943,0.0000,Tx-Rx,0,-57.0063,"-6.00000 -5.60000 0.90000, -3.25000 1.75000 0.10000"
1944,0.0000,Tx-Rx,0,-52.8581,"-6.00000 -5.60000 0.90000, -2.95000 1.75000 0.10000"
1945,0.0000,Tx-Rx,0,-52.7372,"-6.00000 -5.60000 0.90000, -2.65000 1.75000 0.10000"
1946,0.0000,Tx-Rx,0,-52.6751,"-6.00000 -5.60000 0.90000, -2.35000 1.75000 0.10000"
1947,0.0000,Tx-Rx,0,-55.9587,"-6.00000 -5.60000 0.90000, -2.05000 1.75000 0.10000"
1948,0.0000,Tx-Rx,0,-57.0098,"-6.00000 -5.60000 0.90000, -1.75000 1.75000 0.10000"
1949,0.0000,Tx-Rx,0,-56.0857,"-6.00000 -5.60000 0.90000, -1.45000 1.75000 0.10000"
1950,0.0000,Tx-Rx,0,-53.0779,"-6.00000 -5.60000 0.90000, -1.15000 1.75000 0.10000"
1951,0.0000,Tx-Rx,0,-53.7452,"-6.00000 -5.60000 0.90000, -0.85000 1.75000 0.10000"
1952,0.0000,Tx-Rx,0,-54.0597,"-6.00000 -5.60000 0.90000, -0.55000 1.75000 0.10000"
1953,0.0000,Tx-Rx,0,-53.6608,"-6.00000 -5.60000 0.90000, -0.25000 1.75000 0.10000"
1954,0.0000,Tx-Rx,0,-53.9346,"-6.00000 -5.60000 0.90000, 0.05000 1.75000 0.10000"
1955,0.0000,Tx-Rx,0,-53.9585,"-6.00000 -5.60000 0.90000, 0.35000 1.75000 0.10000"
1956,0.0000,Tx-Rx,0,-53.7381,"-6.00000 -5.60000 0.90000, 0.65000 1.75000 0.10000"
1957,0.0000,Tx-Rx,0,-56.2375,"-6.00000 -5.60000 0.90000, 0.95000 1.75000 0.10000"
1958,0.0000,Tx-Rx,0,-64.4047,"-6.00000 -5.60000 0.90000, 1.25000 1.75000 0.10000"
1959,0.0000,Tx-Rx,0,-63.3975,"-6.00000 -5.60000 0.90000, 1.55000 1.75000 0.10000"
1960,0.0000,Tx-Rx,0,-62.9198,"-6.00000 -5.60000 0.90000, 1.85000 1.75000 0.10000"
1961,0.0000,Tx-Rx,0,-63.4759,"-6.00000 -5.60000 0.90000, 2.15000 1.75000 0.10000"
1962,0.0000,Tx-Rx,0,-63.6374,"-6.00000 -5.60000 0.90000, 2.45000 1.75000 0.10000"
1963,0.0000,Tx-Rx,0,-63.6243,"-6.00000 -5.60000 0.90000, 2.75000 1.75000 0.10000"
1964,0.0000,Tx-Rx,0,-63.9155,"-6.00000 -5.60000 0.90000, 3.05000 1.75000 0.10000"
1965,0.0000,Tx-Rx,0,-64.2361,"-6.00000 -5.60000 0.90000, 3.35000 1.75000 0.10000"
1966,0.0000,Tx-Rx,0,-64.3091,"-6.00000 -5.60000 0.90000, 3.65000 1.75000 0.10000"
1967,0.0000,Tx-Rx,0,-68.7327,"-6.00000 -5.60000 0.90000, 3.95000 1.75000 0.10000"
1968,0.0000,Tx-Rx,0,-73.3411,"-6.00000 -5.60000 0.90000, 4.25000 1.75000 0.10000"
1969,0.0000,Tx-Rx,0,-77.6227,"-6.00000 -5.60000 0.90000, 4.55000 1.75000 0.10000"
1970,0.0000,Tx-Rx,0,-76.4606,"-6.00000 -5.60000 0.90000, 4.85000 1.75000 0.10000"
1971,0.0000,Tx-Rx,0,-70.5643,"-6.00000 -5.60000 0.90000, 5.15000 1.75000 0.10000"
1972,0.0000,Tx-Rx,0,-78.6461,"-6.00000 -5.60000 0.90000, 5.45000 1.75000 0.10000"
1973,0.0000,Tx-Rx,0,-91.2280,"-6.00000 -5.60000 0.90000, 5.75000 1.75000 0.10000"
1974,0.0000,Tx-Rx,0,-86.1034,"-6.00000 -5.60000 0.90000, 6.05000 1.75000 0.10000"
1975,0.0000,Tx-Rx,0,-87.0249,"-6.00000 -5.60000 0.90000, 6.35000 1.75000 0.10000"
1976,0.0000,Tx-Rx,0,-86.7250,"-6.00000 -5.60000 0.90000, 6.65000 1.75000 0.10000"
1977,0.0000,Tx-Rx,0,-82.3112,"-6.00000 -5.60000 0.90000, 6.95000 1.75000 0.10000"
1978,0.0000,Tx-Rx,0,-76.7085,"-6.00000 -5.60000 0.90000, 7.25000 1.75000 0.10000"
1979,0.0000,Tx-Rx,0,-73.7594,"-6.00000 -5.60000 0.90000, 7.55000 1.75000 0.10000"
1980,0.0000,Tx-Rx,0,-74.2196,"-6.00000 -5.60000 0.90000, 7.85000 1.75000 0.10000"
1981,0.0000,Tx-Rx,0,-73.2081,"-6.00000 -5.60000 0.90000, -9.85000 2.05000 0.10000"
1982,0.0000,Tx-Rx,0,-69.6628,"-6.00000 -5.60000 0.90000, -9.55000 2.05000 0.10000"
1983,0.0000,Tx-Rx,0,-63.7806,"-6.00000 -5.60000 0.90000, -9.25000 2.05000 0.10000"
1984,0.0000,Tx-Rx,0,-62.7054,"-6.00000 -5.60000 0.90000, -8.95000 2.05000 0.10000"
1985,0.0000,Tx-Rx,0,-58.3644,"-6.00000 -5.60000 0.90000, -8.65000 2.05000 0.10000"
1986,0.0000,Tx-Rx,0,-56.4327,"-6.00000 -5.60000 0.90000, -8.35000 2.05000 0.10000"
1987,0.0000,Tx-Rx,0,-54.7646,"-6.00000 -5.60000 0.90000, -8.05000 2.05000 0.10000"
1988,0.0000,Tx-Rx,0,-52.2583,"-6.00000 -5.60000 0.90000, -7.75000 2.05000 0.10000"
1989,0.0000,Tx-Rx,0,-50.2279,"-6.00000 -5.60000 0.90000, -7.45000 2.05000 0.10000"
1990,0.0000,Tx-Rx,0,-51.9614,"-6.00000 -5.60000 0.90000, -7.15000 2.05000 0.10000"
1991,0.0000,Tx-Rx,0,-52.4317,"-6.00000 -5.60000 0.90000, -6.85000 2.05000 0.10000"
1992,0.0000,Tx-Rx,0,-52.0015,"-6.00000 -5.60000 0.90000, -6.55000 2.05000 0.10000"
1993,0.0000,Tx-Rx,0,-51.9573,"-6.00000 -5.60000 0.90000, -6.25000 2.05000 0.10000"
1994,0.0000,Tx-Rx,0,-52.2927,"-6.00000 -5.60000 0.90000, -5.95000 2.05000 0.10000"
1995,0.0000,Tx-Rx,0,-51.5230,"-6.00000 -5.60000 0.90000, -5.65000 2.05000 0.10000"
1996,0.0000,Tx-Rx,0,-52.1391,"-6.00000 -5.60000 0.90000, -5.35000 2.05000 0.10000"
1997,0.0000,Tx-Rx,0,-52.2972,"-6.00000 -5.60000 0.90000, -5.05000 2.05000 0.10000"
1998,0.0000,Tx-Rx,0,-52.7184,"-6.00000 -5.60000 0.90000, -4.75000 2.05000 0.10000"
1999,0.0000,Tx-Rx,0,-52.4272,"-6.00000 -5.60000 0.90000, -4.45000 2.05000 0.10000"
2000,0.0000,Tx-Rx,0,-54.2265,"-6.00000 -5.60000 0.90000, -4.15000 2.05000 0.10000"
2001,0.0000,Tx-Rx,0,-55.2220,"-6.00000 -5.60000 0.90000, -3.85000 2.05000 0.10000"
2002,0.0000,Tx-Rx,0,-57.9020,"-6.00000 -5.60000 0.90000, -3.55000 2.05000 0.10000"
2003,0.0000,Tx-Rx,0,-57.1398,"-6.00000 -5.60000 0.90000, -3.25000 2.05000 0.10000"
2004,0.0000,Tx-Rx,0,-54.8172,"-6.00000 -5.60000 0.90000, -2.95000 2.05000 0.10000"
2005,0.0000,Tx-Rx,0,-53.0263,"-6.00000 -5.60000 0.90000, -2.65000 2.05000 0.10000"
2006,0.0000,Tx-Rx,0,-52.9064,"-6.00000 -5.60000 0.90000, -2.35000 2.05000 0.10000"
2007,0.0000,Tx-Rx,0,-54.0810,"-6.00000 -5.60000 0.90000, -2.05000 2.05000 0.10000"
2008,0.0000,Tx-Rx,0,-56.6848,"-6.00000 -5.60000 0.90000, -1.75000 2.05000 0.10000"
2009,0.0000,Tx-Rx,0,-57.0390,"-6.00000 -5.60000 0.90000, -1.45000 2.05000 0.10000"
2010,0.0000,Tx-Rx,0,-55.4245,"-6.00000 -5.60000 0.90000, -1.15000 2.05000 0.10000"
2011,0.0000,Tx-Rx,0,-54.0363,"-6.00000 -5.60000 0.90000, -0.85000 2.05000 0.10000"
2012,0.0000,Tx-Rx,0,-54.2199,"-6.00000 -5.60000 0.90000, -0.55000 2.05000 0.10000"
2013,0.0000,Tx-Rx,0,-54.0988,"-6.00000 -5.60000 0.90000, -0.25000 2.05000 0.10000"
2014,0.0000,Tx-Rx,0,-53.9266,"-6.00000 -5.60000 0.90000, 0.05000 2.05000 0.10000"
2015,0.0000,Tx-Rx,0,-54.1441,"-6.00000 -5.60000 0.90000, 0.35000 2.05000 0.10000"
2016,0.0000,Tx-Rx,0,-54.7040,"-6.00000 -5.60000 0.90000, 0.65000 2.05000 0.10000"
2017,0.0000,Tx-Rx,0,-53.5853,"-6.00000 -5.60000 0.90000, 0.95000 2.05000 0.10000"
2018,0.0000,Tx-Rx,0,-56.2676,"-6.00000 -5.60000 0.90000, 1.25000 2.05000 0.10000"
2019,0.0000,Tx-Rx,0,-63.2875,"-6.00000 -5.60000 0.90000, 1.55000 2.05000 0.10000"
2020,0.0000,Tx-Rx,0,-61.5378,"-6.00000 -5.60000 0.90000, 1.85000 2.05000 0.10000"
2021,0.0000,Tx-Rx,0,-61.8914,"-6.00000 -5.60000 0.90000, 2.15000 2.05000 0.10000"
2022,0.0000,Tx-Rx,0,-62.8632,"-6.00000 -5.60000 0.90000, 2.45000 2.05000 0.10000"
2023,0.0000,Tx-Rx,0,-63.4388,"-6.00000 -5.60000 0.90000, 2.75000 2.05000 0.10000"
2024,0.0000,Tx-Rx,0,-63.8961,"-6.00000 -5.60000 0.90000, 3.05000 2.05000 0.10000"
2025,0.0000,Tx-Rx,0,-63.9129,"-6.00000 -5.60000 0.90000, 3.35000 2.05000 0.10000"
2026,0.0000,Tx-Rx,0,-67.5549,"-6.00000 -5.60000 0.90000, 3.65000 2.05000 0.10000"
2027,0.0000,Tx-Rx,0,-72.4555,"-6.00000 -5.60000 0.90000, 3.95000 2.05000 0.10000"
2028,0.0000,Tx-Rx,0,-74.7598,"-6.00000 -5.60000 0.90000, 4.25000 2.05000 0.10000"
2029,0.0000,Tx-Rx,0,-75.1866,"-6.00000 -5.60000 0.90000, 4.55000 2.05000 0.10000"
2030,0.0000,Tx-Rx,0,-66.7325,"-6.00000 -5.60000 0.90000, 4.85000 2.05000 0.10000"
2031,0.0000,Tx-Rx,0,-71.0223,"-6.00000 -5.60000 0.90000, 5.15000 2.05000 0.10000"
2032,0.0000,Tx-Rx,0,-80.9208,"-6.00000 -5.60000 0.90000, 5.45000 2.05000 0.10000"
2033,0.0000,Tx-Rx,0,-77.2822,"-6.00000 -5.60000 0.90000, 5.75000 2.05000 0.10000"
2034,0.0000,Tx-Rx,0,-76.8092,"-6.00000 -5.60000 0.90000, 6.05000 2.05000 0.10000"
2035,0.0000,Tx-Rx,0,-76.5412,"-6.00000 -5.60000 0.90000, 6.35000 2.05000 0.10000"
2036,0.0000,Tx-Rx,0,-79.5129,"-6.00000 -5.60000 0.90000, 6.65000 2.05000 0.10000"
2037,0.0000,Tx-Rx,0,-79.3978,"-6.00000 -5.60000 0.90000, 6.95000 2.05000 0.10000"
2038,0.0000,Tx-Rx,0,-78.8745,"-6.00000 -5.60000 0.90000, 7.25000 2.05000 0.10000"
2039,0.0000,Tx-Rx,0,-74.6595,"-6.00000 -5.60000 0.90000, 7.55000 2.05000 0.10000"
2040,0.0000,Tx-Rx,0,-70.9360,"-6.00000 -5.60000 0.90000, 7.85000 2.05000 0.10000"
2041,0.0000,Tx-Rx,0,-100.4445,"-6.00000 -5.60000 0.90000, -9.85000 2.35000 0.10000"
2042,0.0000,Tx-Rx,0,-86.9095,"-6.00000 -5.60000 0.90000, -9.55000 2.35000 0.10000"
2043,0.0000,Tx-Rx,0,-85.6957,"-6.00000 -5.60000 0.90000, -9.25000 2.35000 0.10000"
2044,0.0000,Tx-Rx,0,-85.1898,"-6.00000 -5.60000 0.90000, -8.95000 2.35000 0.10000"
2045,0.0000,Tx-Rx,0,-78.5553,"-6.00000 -5.60000 0.90000, -8.65000 2.35000 0.10000"
2046,0.0000,Tx-Rx,0,-77.8526,"-6.00000 -5.60000 0.90000, -8.35000 2.35000 0.10000"
2047,0.0000,Tx-Rx,0,-55.9775,"-6.00000 -5.60000 0.90000, -8.05000 2.35000 0.10000"
2048,0.0000,Tx-Rx,0,-52.7757,"-6.00000 -5.60000 0.90000, -7.75000 2.35000 0.10000"
2049,0.0000,Tx-Rx,0,-51.0514,"-6.00000 -5.60000 0.90000, -7.45000 2.35000 0.10000"
2050,0.0000,Tx-Rx,0,-51.0724,"-6.00000 -5.60000 0.90000, -7.15000 2.35000 0.10000"
2051,0.0000,Tx-Rx,0,-52.6073,"-6.00000 -5.60000 0.90000, -6.85000 2.35000 0.10000"
2052,0.0000,Tx-Rx,0,-52.3521,"-6.00000 -5.60000 0.90000, -6.55000 2.35000 0.10000"
2053,0.0000,Tx-Rx,0,-52.2753,"-6.00000 -5.60000 0.90000, -6.25000 2.35000 0.10000"
2054,0.0000,Tx-Rx,0,-52.5848,"-6.00000 -5.60000 0.90000, -5.95000 2.35000 0.10000"
2055,0.0000,Tx-Rx,0,-51.6843,"-6.00000 -5.60000 0.90000, -5.65000 2.35000 0.10000"
2056,0.0000,Tx-Rx,0,-52.2790,"-6.00000 -5.60000 0.90000, -5.35000 2.35000 0.10000"
2057,0.0000,Tx-Rx,0,-52.6658,"-6.00000 -5.60000 0.90000, -5.05000 2.35000 0.10000"
2058,0.0000,Tx-Rx,0,-52.5374,"-6.00000 -5.60000 0.90000, -4.75000 2.35000 0.10000"
2059,0.0000,Tx-Rx,0,-52.1928,"-6.00000 -5.60000 0.90000, -4.45000 2.35000 0.10000"
2060,0.0000,Tx-Rx,0,-54.1017,"-6.00000 -5.60000 0.90000, -4.15000 2.35000 0.10000"
2061,0.0000,Tx-Rx,0,-55.2455,"-6.00000 -5.60000 0.90000, -3.85000 2.35000 0.10000"
2062,0.0000,Tx-Rx,0,-56.9083,"-6.00000 -5.60000 0.90000, -3.55000 2.35000 0.10000"
2063,0.0000,Tx-Rx,0,-57.0585,"-6.00000 -5.60000 0.90000, -3.25000 2.35000 0.10000"
2064,0.0000,Tx-Rx,0,-57.5836,"-6.00000 -5.60000 0.90000, -2.95000 2.35000 0.10000"
2065,0.0000,Tx-Rx,0,-53.2861,"-6.00000 -5.60000 0.90000, -2.65000 2.35000 0.10000"
2066,0.0000,Tx-Rx,0,-52.9105,"-6.00000 -5.60000 0.90000, -2.35000 2.35000 0.10000"
2067,0.0000,Tx-Rx,0,-52.9491,"-6.00000 -5.60000 0.90000, -2.05000 2.35000 0.10000"
2068,0.0000,Tx-Rx,0,-55.9943,"-6.00000 -5.60000 0.90000, -1.75000 2.35000 0.10000"
2069,0.0000,Tx-Rx,0,-58.1774,"-6.00000 -5.60000 0.90000, -1.45000 2.35000 0.10000"
2070,0.0000,Tx-Rx,0,-58.4453,"-6.00000 -5.60000 0.90000, -1.15000 2.35000 0.10000"
2071,0.0000,Tx-Rx,0,-54.5596,"-6.00000 -5.60000 0.90000, -0.85000 2.35000 0.10000"
2072,0.0000,Tx-Rx,0,-54.3623,"-6.00000 -5.60000 0.90000, -0.55000 2.35000 0.10000"
2073,0.0000,Tx-Rx,0,-54.3572,"-6.00000 -5.60000 0.90000, -0.25000 2.35000 0.10000"
2074,0.0000,Tx-Rx,0,-54.4361,"-6.00000 -5.60000 0.90000, 0.05000 2.35000 0.10000"
2075,0.0000,Tx-Rx,0,-54.3800,"-6.00000 -5.60000 0.90000, 0.35000 2.35000 0.10000"
2076,0.0000,Tx-Rx,0,-54.4988,"-6.00000 -5.60000 0.90000, 0.65000 2.35000 0.10000"
2077,0.0000,Tx-Rx,0,-54.7976,"-6.00000 -5.60000 0.90000, 0.95000 2.35000 0.10000"
2078,0.0000,Tx-Rx,0,-53.2878,"-6.00000 -5.60000 0.90000, 1.25000 2.35000 0.10000"
2079,0.0000,Tx-Rx,0,-55.9956,"-6.00000 -5.60000 0.90000, 1.55000 2.35000 0.10000"
2080,0.0000,Tx-Rx,0,-62.6894,"-6.00000 -5.60000 0.90000, 1.85000 2.35000 0.10000"
2081,0.0000,Tx-Rx,0,-61.9923,"-6.00000 -5.60000 0.90000, 2.15000 2.35000 0.10000"
2082,0.0000,Tx-Rx,0,-61.2068,"-6.00000 -5.60000 0.90000, 2.45000 2.35000 0.10000"
2083,0.0000,Tx-Rx,0,-62.4438,"-6.00000 -5.60000 0.90000, 2.75000 2.35000 0.10000"
2084,0.0000,Tx-Rx,0,-63.3434,"-6.00000 -5.60000 0.90000, 3.05000 2.35000 0.10000"
2085,0.0000,Tx-Rx,0,-65.9234,"-6.00000 -5.60000 0.90000, 3.35000 2.35000 0.10000"
2086,0.0000,Tx-Rx,0,-72.7461,"-6.00000 -5.60000 0.90000, 3.65000 2.35000 0.10000"
2087,0.0000,Tx-Rx,0,-73.4603,"-6.00000 -5.60000 0.90000, 3.95000 2.35000 0.10000"
2088,0.0000,Tx-Rx,0,-76.5132,"-6.00000 -5.60000 0.90000, 4.25000 2.35000 0.10000"
2089,0.0000,Tx-Rx,0,-67.0176,"-6.00000 -5.60000 0.90000, 4.55000 2.35000 0.10000"
2090,0.0000,Tx-Rx,0,-69.5532,"-6.00000 -5.60000 0.90000, 4.85000 2.35000 0.10000"
2091,0.0000,Tx-Rx,0,-73.0953,"-6.00000 -5.60000 0.90000, 5.15000 2.35000 0.10000"
2092,0.0000,Tx-Rx,0,-72.7787,"-6.00000 -5.60000 0.90000, 5.45000 2.35000 0.10000"
2093,0.0000,Tx-Rx,0,-73.1902,"-6.00000 -5.60000 0.90000, 5.75000 2.35000 0.10000"
2094,0.0000,Tx-Rx,0,-74.3983,"-6.00000 -5.60000 0.90000, 6.05000 2.35000 0.10000"
2095,0.0000,Tx-Rx,0,-75.5252,"-6.00000 -5.60000 0.90000, 6.35000 2.35000 0.10000"
2096,0.0000,Tx-Rx,0,-74.6158,"-6.00000 -5.60000 0.90000, 6.65000 2.35000 0.10000"
2097,0.0000,Tx-Rx,0,-76.3327,"-6.00000 -5.60000 0.90000, 6.95000 2.35000 0.10000"
2098,0.0000,Tx-Rx,0,-73.8881,"-6.00000 -5.60000 0.90000, 7.25000 2.35000 0.10000"
2099,0.0000,Tx-Rx,0,-71.4443,"-6.00000 -5.60000 0.90000, 7.55000 2.35000 0.10000"
2100,0.0000,Tx-Rx,0,-71.8599,"-6.00000 -5.60000 0.90000, 7.85000 2.35000 0.10000"
2101,0.0000,Tx-Rx,0,-91.1290,"-6.00000 -5.60000 0.90000, -9.85000 2.65000 0.10000"
2102,0.0000,Tx-Rx,0,-85.6697,"-6.00000 -5.60000 0.90000, -9.55000 2.65000 0.10000"
2103,0.0000,Tx-Rx,0,-85.5958,"-6.00000 -5.60000 0.90000, -9.25000 2.65000 0.10000"
2104,0.0000,Tx-Rx,0,-81.6674,"-6.00000 -5.60000 0.90000, -8.95000 2.65000 0.10000"
2105,0.0000,Tx-Rx,0,-78.3066,"-6.00000 -5.60000 0.90000, -8.65000 2.65000 0.10000"
2106,0.0000,Tx-Rx,0,-77.7864,"-6.00000 -5.60000 0.90000, -8.35000 2.65000 0.10000"
2107,0.0000,Tx-Rx,0,-56.0122,"-6.00000 -5.60000 0.90000, -8.05000 2.65000 0.10000"
2108,0.0000,Tx-Rx,0,-52.4299,"-6.00000 -5.60000 0.90000, -7.75000 2.65000 0.10000"
2109,0.0000,Tx-Rx,0,-52.3114,"-6.00000 -5.60000 0.90000, -7.45000 2.65000 0.10000"
2110,0.0000,Tx-Rx,0,-50.6543,"-6.00000 -5.60000 0.90000, -7.15000 2.65000 0.10000"
2111,0.0000,Tx-Rx,0,-52.4965,"-6.00000 -5.60000 0.90000, -6.85000 2.65000 0.10000"
2112,0.0000,Tx-Rx,0,-52.6839,"-6.00000 -5.60000 0.90000, -6.55000 2.65000 0.10000"
2113,0.0000,Tx-Rx,0,-52.6643,"-6.00000 -5.60000 0.90000, -6.25000 2.65000 0.10000"
2114,0.0000,Tx-Rx,0,-52.1737,"-6.00000 -5.60000 0.90000, -5.95000 2.65000 0.10000"
2115,0.0000,Tx-Rx,0,-51.9217,"-6.00000 -5.60000 0.90000, -5.65000 2.65000 0.10000"
2116,0.0000,Tx-Rx,0,-52.7158,"-6.00000 -5.60000 0.90000, -5.35000 2.65000 0.10000"
2117,0.0000,Tx-Rx,0,-52.9215,"-6.00000 -5.60000 0.90000, -5.05000 2.65000 0.10000"
2118,0.0000,Tx-Rx,0,-52.6426,"-6.00000 -5.60000 0.90000, -4.75000 2.65000 0.10000"
2119,0.0000,Tx-Rx,0,-52.3235,"-6.00000 -5.60000 0.90000, -4.45000 2.65000 0.10000"
2120,0.0000,Tx-Rx,0,-54.0085,"-6.00000 -5.60000 0.90000, -4.15000 2.65000 0.10000"
2121,0.0000,Tx-Rx,0,-55.4486,"-6.00000 -5.60000 0.90000, -3.85000 2.65000 0.10000"
2122,0.0000,Tx-Rx,0,-57.1351,"-6.00000 -5.60000 0.90000, -3.55000 2.65000 0.10000"
2123,0.0000,Tx-Rx,0,-56.9465,"-6.00000 -5.60000 0.90000, -3.25000 2.65000 0.10000"
2124,0.0000,Tx-Rx,0,-57.6579,"-6.00000 -5.60000 0.90000, -2.95000 2.65000 0.10000"
2125,0.0000,Tx-Rx,0,-54.9475,"-6.00000 -5.60000 0.90000, -2.65000 2.65000 0.10000"
2126,0.0000,Tx-Rx,0,-53.4751,"-6.00000 -5.60000 0.90000, -2.35000 2.65000 0.10000"
2127,0.0000,Tx-Rx,0,-53.4141,"-6.00000 -5.60000 0.90000, -2.05000 2.65000 0.10000"
2128,0.0000,Tx-Rx,0,-54.7718,"-6.00000 -5.60000 0.90000, -1.75000 2.65000 0.10000"
2129,0.0000,Tx-Rx,0,-58.3359,"-6.00000 -5.60000 0.90000, -1.45000 2.65000 0.10000"
2130,0.0000,Tx-Rx,0,-58.9737,"-6.00000 -5.60000 0.90000, -1.15000 2.65000 0.10000"
2131,0.0000,Tx-Rx,0,-56.9712,"-6.00000 -5.60000 0.90000, -0.85000 2.65000 0.10000"
2132,0.0000,Tx-Rx,0,-54.3763,"-6.00000 -5.60000 0.90000, -0.55000 2.65000 0.10000"
2133,0.0000,Tx-Rx,0,-54.4949,"-6.00000 -5.60000 0.90000, -0.25000 2.65000 0.10000"
2134,0.0000,Tx-Rx,0,-54.7470,"-6.00000 -5.60000 0.90000, 0.05000 2.65000 0.10000"
2135,0.0000,Tx-Rx,0,-54.6804,"-6.00000 -5.60000 0.90000, 0.35000 2.65000 0.10000"
2136,0.0000,Tx-Rx,0,-54.7536,"-6.00000 -5.60000 0.90000, 0.65000 2.65000 0.10000"
2137,0.0000,Tx-Rx,0,-54.6731,"-6.00000 -5.60000 0.90000, 0.95000 2.65000 0.10000"
2138,0.0000,Tx-Rx,0,-53.8955,"-6.00000 -5.60000 0.90000, 1.25000 2.65000 0.10000"
2139,0.0000,Tx-Rx,0,-54.3908,"-6.00000 -5.60000 0.90000, 1.55000 2.65000 0.10000"
2140,0.0000,Tx-Rx,0,-56.8100,"-6.00000 -5.60000 0.90000, 1.85000 2.65000 0.10000"
2141,0.0000,Tx-Rx,0,-62.3369,"-6.00000 -5.60000 0.90000, 2.15000 2.65000 0.10000"
2142,0.0000,Tx-Rx,0,-62.5924,"-6.00000 -5.60000 0.90000, 2.45000 2.65000 0.10000"
2143,0.0000,Tx-Rx,0,-61.7139,"-6.00000 -5.60000 0.90000, 2.75000 2.65000 0.10000"
2144,0.0000,Tx-Rx,0,-62.7663,"-6.00000 -5.60000 0.90000, 3.05000 2.65000 0.10000"
2145,0.0000,Tx-Rx,0,-70.0745,"-6.00000 -5.60000 0.90000, 3.35000 2.65000 0.10000"
2146,0.0000,Tx-Rx,0,-71.2732,"-6.00000 -5.60000 0.90000, 3.65000 2.65000 0.10000"
2147,0.0000,Tx-Rx,0,-74.5504,"-6.00000 -5.60000 0.90000, 3.95000 2.65000 0.10000"
2148,0.0000,Tx-Rx,0,-66.9782,"-6.00000 -5.60000 0.90000, 4.25000 2.65000 0.10000"
2149,0.0000,Tx-Rx,0,-68.3476,"-6.00000 -5.60000 0.90000, 4.55000 2.65000 0.10000"
2150,0.0000,Tx-Rx,0,-72.0081,"-6.00000 -5.60000 0.90000, 4.85000 2.65000 0.10000"
2151,0.0000,Tx-Rx,0,-73.1084,"-6.00000 -5.60000 0.90000, 5.15000 2.65000 0.10000"
2152,0.0000,Tx-Rx,0,-74.5911,"-6.00000 -5.60000 0.90000, 5.45000 2.65000 0.10000"
2153,0.0000,Tx-Rx,0,-76.2807,"-6.00000 -5.60000 0.90000, 5.75000 2.65000 0.10000"
2154,0.0000,Tx-Rx,0,-75.9336,"-6.00000 -5.60000 0.90000, 6.05000 2.65000 0.10000"
2155,0.0000,Tx-Rx,0,-76.7108,"-6.00000 -5.60000 0.90000, 6.35000 2.65000 0.10000"
2156,0.0000,Tx-Rx,0,-75.0610,"-6.00000 -5.60000 0.90000, 6.65000 2.65000 0.10000"
2157,0.0000,Tx-Rx,0,-71.2932,"-6.00000 -5.60000 0.90000, 6.95000 2.65000 0.10000"
2158,0.0000,Tx-Rx,0,-70.5320,"-6.00000 -5.60000 0.90000, 7.25000 2.65000 0.10000"
2159,0.0000,Tx-Rx,0,-72.5902,"-6.00000 -5.60000 0.90000, 7.55000 2.65000 0.10000"
2160,0.0000,Tx-Rx,0,-74.9331,"-6.00000 -5.60000 0.90000, 7.85000 2.65000 0.10000"
2161,0.0000,Tx-Rx,0,-88.6650,"-6.00000 -5.60000 0.90000, -9.85000 2.95000 0.10000"
2162,0.0000,Tx-Rx,0,-86.0361,"-6.00000 -5.60000 0.90000, -9.55000 2.95000 0.10000"
2163,0.0000,Tx-Rx,0,-86.5886,"-6.00000 -5.60000 0.90000, -9.25000 2.95000 0.10000"
2164,0.0000,Tx-Rx,0,-81.0027,"-6.00000 -5.60000 0.90000, -8.95000 2.95000 0.10000"
2165,0.0000,Tx-Rx,0,-78.8176,"-6.00000 -5.60000 0.90000, -8.65000 2.95000 0.10000"
2166,0.0000,Tx-Rx,0,-80.8449,"-6.00000 -5.60000 0.90000, -8.35000 2.95000 0.10000"
2167,0.0000,Tx-Rx,0,-56.2359,"-6.00000 -5.60000 0.90000, -8.05000 2.95000 0.10000"
2168,0.0000,Tx-Rx,0,-52.2788,"-6.00000 -5.60000 0.90000, -7.75000 2.95000 0.10000"
2169,0.0000,Tx-Rx,0,-53.1349,"-6.00000 -5.60000 0.90000, -7.45000 2.95000 0.10000"
2170,0.0000,Tx-Rx,0,-51.2132,"-6.00000 -5.60000 0.90000, -7.15000 2.95000 0.10000"
2171,0.0000,Tx-Rx,0,-51.7055,"-6.00000 -5.60000 0.90000, -6.85000 2.95000 0.10000"
2172,0.0000,Tx-Rx,0,-52.8062,"-6.00000 -5.60000 0.90000, -6.55000 2.95000 0.10000"
2173,0.0000,Tx-Rx,0,-52.8363,"-6.00000 -5.60000 0.90000, -6.25000 2.95000 0.10000"
2174,0.0000,Tx-Rx,0,-52.1115,"-6.00000 -5.60000 0.90000, -5.95000 2.95000 0.10000"
2175,0.0000,Tx-Rx,0,-52.6060,"-6.00000 -5.60000 0.90000, -5.65000 2.95000 0.10000"
2176,0.0000,Tx-Rx,0,-53.0184,"-6.00000 -5.60000 0.90000, -5.35000 2.95000 0.10000"
2177,0.0000,Tx-Rx,0,-53.1184,"-6.00000 -5.60000 0.90000, -5.05000 2.95000 0.10000"
2178,0.0000,Tx-Rx,0,-52.4573,"-6.00000 -5.60000 0.90000, -4.75000 2.95000 0.10000"
2179,0.0000,Tx-Rx,0,-52.7132,"-6.00000 -5.60000 0.90000, -4.45000 2.95000 0.10000"
2180,0.0000,Tx-Rx,0,-54.3401,"-6.00000 -5.60000 0.90000, -4.15000 2.95000 0.10000"
2181,0.0000,Tx-Rx,0,-56.1683,"-6.00000 -5.60000 0.90000, -3.85000 2.95000 0.10000"
2182,0.0000,Tx-Rx,0,-58.6904,"-6.00000 -5.60000 0.90000, -3.55000 2.95000 0.10000"
2183,0.0000,Tx-Rx,0,-57.5321,"-6.00000 -5.60000 0.90000, -3.25000 2.95000 0.10000"
2184,0.0000,Tx-Rx,0,-56.8564,"-6.00000 -5.60000 0.90000, -2.95000 2.95000 0.10000"
2185,0.0000,Tx-Rx,0,-57.0939,"-6.00000 -5.60000 0.90000, -2.65000 2.95000 0.10000"
2186,0.0000,Tx-Rx,0,-53.8947,"-6.00000 -5.60000 0.90000, -2.35000 2.95000 0.10000"
2187,0.0000,Tx-Rx,0,-54.1671,"-6.00000 -5.60000 0.90000, -2.05000 2.95000 0.10000"
2188,0.0000,Tx-Rx,0,-54.3108,"-6.00000 -5.60000 0.90000, -1.75000 2.95000 0.10000"
2189,0.0000,Tx-Rx,0,-57.7668,"-6.00000 -5.60000 0.90000, -1.45000 2.95000 0.10000"
2190,0.0000,Tx-Rx,0,-59.9437,"-6.00000 -5.60000 0.90000, -1.15000 2.95000 0.10000"
2191,0.0000,Tx-Rx,0,-61.3291,"-6.00000 -5.60000 0.90000, -0.85000 2.95000 0.10000"
2192,0.0000,Tx-Rx,0,-55.5218,"-6.00000 -5.60000 0.90000, -0.55000 2.95000 0.10000"
2193,0.0000,Tx-Rx,0,-54.3834,"-6.00000 -5.60000 0.90000, -0.25000 2.95000 0.10000"
2194,0.0000,Tx-Rx,0,-54.8265,"-6.00000 -5.60000 0.90000, 0.05000 2.95000 0.10000"
2195,0.0000,Tx-Rx,0,-54.7822,"-6.00000 -5.60000 0.90000, 0.35000 2.95000 0.10000"
2196,0.0000,Tx-Rx,0,-54.9241,"-6.00000 -5.60000 0.90000, 0.65000 2.95000 0.10000"
2197,0.0000,Tx-Rx,0,-54.6689,"-6.00000 -5.60000 0.90000, 0.95000 2.95000 0.10000"
2198,0.0000,Tx-Rx,0,-54.6761,"-6.00000 -5.60000 0.90000, 1.25000 2.95000 0.10000"
2199,0.0000,Tx-Rx,0,-53.9972,"-6.00000 -5.60000 0.90000, 1.55000 2.95000 0.10000"
2200,0.0000,Tx-Rx,0,-54.6970,"-6.00000 -5.60000 0.90000, 1.85000 2.95000 0.10000"
2201,0.0000,Tx-Rx,0,-57.3309,"-6.00000 -5.60000 0.90000, 2.15000 2.95000 0.10000"
2202,0.0000,Tx-Rx,0,-62.6379,"-6.00000 -5.60000 0.90000, 2.45000 2.95000 0.10000"
2203,0.0000,Tx-Rx,0,-63.5935,"-6.00000 -5.60000 0.90000, 2.75000 2.95000 0.10000"
2204,0.0000,Tx-Rx,0,-67.4951,"-6.00000 -5.60000 0.90000, 3.05000 2.95000 0.10000"
2205,0.0000,Tx-Rx,0,-65.0795,"-6.00000 -5.60000 0.90000, 3.35000 2.95000 0.10000"
2206,0.0000,Tx-Rx,0,-67.4475,"-6.00000 -5.60000 0.90000, 3.65000 2.95000 0.10000"
2207,0.0000,Tx-Rx,0,-66.2921,"-6.00000 -5.60000 0.90000, 3.95000 2.95000 0.10000"
2208,0.0000,Tx-Rx,0,-67.4418,"-6.00000 -5.60000 0.90000, 4.25000 2.95000 0.10000"
2209,0.0000,Tx-Rx,0,-72.8620,"-6.00000 -5.60000 0.90000, 4.55000 2.95000 0.10000"
2210,0.0000,Tx-Rx,0,-75.2451,"-6.00000 -5.60000 0.90000, 4.85000 2.95000 0.10000"
2211,0.0000,Tx-Rx,0,-75.7163,"-6.00000 -5.60000 0.90000, 5.15000 2.95000 0.10000"
2212,0.0000,Tx-Rx,0,-75.1972,"-6.00000 -5.60000 0.90000, 5.45000 2.95000 0.10000"
2213,0.0000,Tx-Rx,0,-74.9827,"-6.00000 -5.60000 0.90000, 5.75000 2.95000 0.10000"
2214,0.0000,Tx-Rx,0,-76.2992,"-6.00000 -5.60000 0.90000, 6.05000 2.95000 0.10000"
2215,0.0000,Tx-Rx,0,-73.6107,"-6.00000 -5.60000 0.90000, 6.35000 2.95000 0.10000"
2216,0.0000,Tx-Rx,0,-70.9894,"-6.00000 -5.60000 0.90000, 6.65000 2.95000 0.10000"
2217,0.0000,Tx-Rx,0,-72.5890,"-6.00000 -5.60000 0.90000, 6.95000 2.95000 0.10000"
2218,0.0000,Tx-Rx,0,-76.4591,"-6.00000 -5.60000 0.90000, 7.25000 2.95000 0.10000"
2219,0.0000,Tx-Rx,0,-74.7846,"-6.00000 -5.60000 0.90000, 7.55000 2.95000 0.10000"
2220,0.0000,Tx-Rx,0,-74.0091,"-6.00000 -5.60000 0.90000, 7.85000 2.95000 0.10000"
2221,0.0000,Tx-Rx,0,-89.0016,"-6.00000 -5.60000 0.90000, -9.85000 3.25000 0.10000"
2222,0.0000,Tx-Rx,0,-86.5229,"-6.00000 -5.60000 0.90000, -9.55000 3.25000 0.10000"
2223,0.0000,Tx-Rx,0,-86.7132,"-6.00000 -5.60000 0.90000, -9.25000 3.25000 0.10000"
2224,0.0000,Tx-Rx,0,-79.4530,"-6.00000 -5.60000 0.90000, -8.95000 3.25000 0.10000"
2225,0.0000,Tx-Rx,0,-78.8001,"-6.00000 -5.60000 0.90000, -8.65000 3.25000 0.10000"
2226,0.0000,Tx-Rx,0,-82.9782,"-6.00000 -5.60000 0.90000, -8.35000 3.25000 0.10000"
2227,0.0000,Tx-Rx,0,-56.4507,"-6.00000 -5.60000 0.90000, -8.05000 3.25000 0.10000"
2228,0.0000,Tx-Rx,0,-52.0207,"-6.00000 -5.60000 0.90000, -7.75000 3.25000 0.10000"
2229,0.0000,Tx-Rx,0,-53.5058,"-6.00000 -5.60000 0.90000, -7.45000 3.25000 0.10000"
2230,0.0000,Tx-Rx,0,-52.4424,"-6.00000 -5.60000 0.90000, -7.15000 3.25000 0.10000"
2231,0.0000,Tx-Rx,0,-51.1936,"-6.00000 -5.60000 0.90000, -6.85000 3.25000 0.10000"
2232,0.0000,Tx-Rx,0,-52.7511,"-6.00000 -5.60000 0.90000, -6.55000 3.25000 0.10000"
2233,0.0000,Tx-Rx,0,-52.7344,"-6.00000 -5.60000 0.90000, -6.25000 3.25000 0.10000"
2234,0.0000,Tx-Rx,0,-52.1746,"-6.00000 -5.60000 0.90000, -5.95000 3.25000 0.10000"
2235,0.0000,Tx-Rx,0,-53.0767,"-6.00000 -5.60000 0.90000, -5.65000 3.25000 0.10000"
2236,0.0000,Tx-Rx,0,-53.3221,"-6.00000 -5.60000 0.90000, -5.35000 3.25000 0.10000"
2237,0.0000,Tx-Rx,0,-53.2465,"-6.00000 -5.60000 0.90000, -5.05000 3.25000 0.10000"
2238,0.0000,Tx-Rx,0,-52.6720,"-6.00000 -5.60000 0.90000, -4.75000 3.25000 0.10000"
2239,0.0000,Tx-Rx,0,-53.0046,"-6.00000 -5.60000 0.90000, -4.45000 3.25000 0.10000"
2240,0.0000,Tx-Rx,0,-54.0904,"-6.00000 -5.60000 0.90000, -4.15000 3.25000 0.10000"
2241,0.0000,Tx-Rx,0,-57.3706,"-6.00000 -5.60000 0.90000, -3.85000 3.25000 0.10000"
2242,0.0000,Tx-Rx,0,-58.5967,"-6.00000 -5.60000 0.90000, -3.55000 3.25000 0.10000"
2243,0.0000,Tx-Rx,0,-58.8961,"-6.00000 -5.60000 0.90000, -3.25000 3.25000 0.10000"
2244,0.0000,Tx-Rx,0,-56.8382,"-6.00000 -5.60000 0.90000, -2.95000 3.25000 0.10000"
2245,0.0000,Tx-Rx,0,-57.3836,"-6.00000 -5.60000 0.90000, -2.65000 3.25000 0.10000"
2246,0.0000,Tx-Rx,0,-55.1291,"-6.00000 -5.60000 0.90000, -2.35000 3.25000 0.10000"
2247,0.0000,Tx-Rx,0,-54.3913,"-6.00000 -5.60000 0.90000, -2.05000 3.25000 0.10000"
2248,0.0000,Tx-Rx,0,-54.9877,"-6.00000 -5.60000 0.90000, -1.75000 3.25000 0.10000"
2249,0.0000,Tx-Rx,0,-55.8465,"-6.00000 -5.60000 0.90000, -1.45000 3.25000 0.10000"
2250,0.0000,Tx-Rx,0,-59.5794,"-6.00000 -5.60000 0.90000, -1.15000 3.25000 0.10000"
2251,0.0000,Tx-Rx,0,-62.2486,"-6.00000 -5.60000 0.90000, -0.85000 3.25000 0.10000"
2252,0.0000,Tx-Rx,0,-60.1596,"-6.00000 -5.60000 0.90000, -0.55000 3.25000 0.10000"
2253,0.0000,Tx-Rx,0,-54.5527,"-6.00000 -5.60000 0.90000, -0.25000 3.25000 0.10000"
2254,0.0000,Tx-Rx,0,-54.6186,"-6.00000 -5.60000 0.90000, 0.05000 3.25000 0.10000"
2255,0.0000,Tx-Rx,0,-54.8155,"-6.00000 -5.60000 0.90000, 0.35000 3.25000 0.10000"
2256,0.0000,Tx-Rx,0,-54.7517,"-6.00000 -5.60000 0.90000, 0.65000 3.25000 0.10000"
2257,0.0000,Tx-Rx,0,-54.7403,"-6.00000 -5.60000 0.90000, 0.95000 3.25000 0.10000"
2258,0.0000,Tx-Rx,0,-54.6754,"-6.00000 -5.60000 0.90000, 1.25000 3.25000 0.10000"
2259,0.0000,Tx-Rx,0,-54.5733,"-6.00000 -5.60000 0.90000, 1.55000 3.25000 0.10000"
2260,0.0000,Tx-Rx,0,-54.2758,"-6.00000 -5.60000 0.90000, 1.85000 3.25000 0.10000"
2261,0.0000,Tx-Rx,0,-54.2822,"-6.00000 -5.60000 0.90000, 2.15000 3.25000 0.10000"
2262,0.0000,Tx-Rx,0,-57.8457,"-6.00000 -5.60000 0.90000, 2.45000 3.25000 0.10000"
2263,0.0000,Tx-Rx,0,-67.9042,"-6.00000 -5.60000 0.90000, 2.75000 3.25000 0.10000"
2264,0.0000,Tx-Rx,0,-69.9409,"-6.00000 -5.60000 0.90000, 3.05000 3.25000 0.10000"
2265,0.0000,Tx-Rx,0,-68.3345,"-6.00000 -5.60000 0.90000, 3.35000 3.25000 0.10000"
2266,0.0000,Tx-Rx,0,-64.2929,"-6.00000 -5.60000 0.90000, 3.65000 3.25000 0.10000"
2267,0.0000,Tx-Rx,0,-64.2918,"-6.00000 -5.60000 0.90000, 3.95000 3.25000 0.10000"
2268,0.0000,Tx-Rx,0,-70.5630,"-6.00000 -5.60000 0.90000, 4.25000 3.25000 0.10000"
2269,0.0000,Tx-Rx,0,-73.2021,"-6.00000 -5.60000 0.90000, 4.55000 3.25000 0.10000"
2270,0.0000,Tx-Rx,0,-73.8168,"-6.00000 -5.60000 0.90000, 4.85000 3.25000 0.10000"
2271,0.0000,Tx-Rx,0,-74.3897,"-6.00000 -5.60000 0.90000, 5.15000 3.25000 0.10000"
2272,0.0000,Tx-Rx,0,-74.2867,"-6.00000 -5.60000 0.90000, 5.45000 3.25000 0.10000"
2273,0.0000,Tx-Rx,0,-73.2334,"-6.00000 -5.60000 0.90000, 5.75000 3.25000 0.10000"
2274,0.0000,Tx-Rx,0,-70.7035,"-6.00000 -5.60000 0.90000, 6.05000 3.25000 0.10000"
2275,0.0000,Tx-Rx,0,-70.8280,"-6.00000 -5.60000 0.90000, 6.35000 3.25000 0.10000"
2276,0.0000,Tx-Rx,0,-75.3439,"-6.00000 -5.60000 0.90000, 6.65000 3.25000 0.10000"
2277,0.0000,Tx-Rx,0,-76.7648,"-6.00000 -5.60000 0.90000, 6.95000 3.25000 0.10000"
2278,0.0000,Tx-Rx,0,-76.0826,"-6.00000 -5.60000 0.90000, 7.25000 3.25000 0.10000"
2279,0.0000,Tx-Rx,0,-76.8131,"-6.00000 -5.60000 0.90000, 7.55000 3.25000 0.10000"
2280,0.0000,Tx-Rx,0,-77.6458,"-6.00000 -5.60000 0.90000, 7.85000 3.25000 0.10000"
2281,0.0000,Tx-Rx,0,-87.3970,"-6.00000 -5.60000 0.90000, -9.85000 3.55000 0.10000"
2282,0.0000,Tx-Rx,0,-86.1313,"-6.00000 -5.60000 0.90000, -9.55000 3.55000 0.10000"
2283,0.0000,Tx-Rx,0,-84.4049,"-6.00000 -5.60000 0.90000, -9.25000 3.55000 0.10000"
2284,0.0000,Tx-Rx,0,-81.9630,"-6.00000 -5.60000 0.90000, -8.95000 3.55000 0.10000"
2285,0.0000,Tx-Rx,0,-80.4517,"-6.00000 -5.60000 0.90000, -8.65000 3.55000 0.10000"
2286,0.0000,Tx-Rx,0,-85.6423,"-6.00000 -5.60000 0.90000, -8.35000 3.55000 0.10000"
2287,0.0000,Tx-Rx,0,-56.6409,"-6.00000 -5.60000 0.90000, -8.05000 3.55000 0.10000"
2288,0.0000,Tx-Rx,0,-52.0115,"-6.00000 -5.60000 0.90000, -7.75000 3.55000 0.10000"
2289,0.0000,Tx-Rx,0,-53.6238,"-6.00000 -5.60000 0.90000, -7.45000 3.55000 0.10000"
2290,0.0000,Tx-Rx,0,-53.4782,"-6.00000 -5.60000 0.90000, -7.15000 3.55000 0.10000"
2291,0.0000,Tx-Rx,0,-51.3626,"-6.00000 -5.60000 0.90000, -6.85000 3.55000 0.10000"
2292,0.0000,Tx-Rx,0,-51.7334,"-6.00000 -5.60000 0.90000, -6.55000 3.55000 0.10000"
2293,0.0000,Tx-Rx,0,-52.7157,"-6.00000 -5.60000 0.90000, -6.25000 3.55000 0.10000"
2294,0.0000,Tx-Rx,0,-52.8891,"-6.00000 -5.60000 0.90000, -5.95000 3.55000 0.10000"
2295,0.0000,Tx-Rx,0,-53.2841,"-6.00000 -5.60000 0.90000, -5.65000 3.55000 0.10000"
2296,0.0000,Tx-Rx,0,-53.5179,"-6.00000 -5.60000 0.90000, -5.35000 3.55000 0.10000"
2297,0.0000,Tx-Rx,0,-53.4464,"-6.00000 -5.60000 0.90000, -5.05000 3.55000 0.10000"
2298,0.0000,Tx-Rx,0,-53.3853,"-6.00000 -5.60000 0.90000, -4.75000 3.55000 0.10000"
2299,0.0000,Tx-Rx,0,-53.3785,"-6.00000 -5.60000 0.90000, -4.45000 3.55000 0.10000"
2300,0.0000,Tx-Rx,0,-53.7053,"-6.00000 -5.60000 0.90000, -4.15000 3.55000 0.10000"
2301,0.0000,Tx-Rx,0,-57.2963,"-6.00000 -5.60000 0.90000, -3.85000 3.55000 0.10000"
2302,0.0000,Tx-Rx,0,-58.8216,"-6.00000 -5.60000 0.90000, -3.55000 3.55000 0.10000"
2303,0.0000,Tx-Rx,0,-60.7718,"-6.00000 -5.60000 0.90000, -3.25000 3.55000 0.10000"
2304,0.0000,Tx-Rx,0,-58.7165,"-6.00000 -5.60000 0.90000, -2.95000 3.55000 0.10000"
2305,0.0000,Tx-Rx,0,-57.7015,"-6.00000 -5.60000 0.90000, -2.65000 3.55000 0.10000"
2306,0.0000,Tx-Rx,0,-57.3247,"-6.00000 -5.60000 0.90000, -2.35000 3.55000 0.10000"
2307,0.0000,Tx-Rx,0,-55.8527,"-6.00000 -5.60000 0.90000, -2.05000 3.55000 0.10000"
2308,0.0000,Tx-Rx,0,-55.4889,"-6.00000 -5.60000 0.90000, -1.75000 3.55000 0.10000"
2309,0.0000,Tx-Rx,0,-56.7390,"-6.00000 -5.60000 0.90000, -1.45000 3.55000 0.10000"
2310,0.0000,Tx-Rx,0,-60.3429,"-6.00000 -5.60000 0.90000, -1.15000 3.55000 0.10000"
2311,0.0000,Tx-Rx,0,-61.4934,"-6.00000 -5.60000 0.90000, -0.85000 3.55000 0.10000"
2312,0.0000,Tx-Rx,0,-62.7779,"-6.00000 -5.60000 0.90000, -0.55000 3.55000 0.10000"
2313,0.0000,Tx-Rx,0,-58.5190,"-6.00000 -5.60000 0.90000, -0.25000 3.55000 0.10000"
2314,0.0000,Tx-Rx,0,-55.0266,"-6.00000 -5.60000 0.90000, 0.05000 3.55000 0.10000"
2315,0.0000,Tx-Rx,0,-55.0052,"-6.00000 -5.60000 0.90000, 0.35000 3.55000 0.10000"
2316,0.0000,Tx-Rx,0,-54.6549,"-6.00000 -5.60000 0.90000, 0.65000 3.55000 0.10000"
2317,0.0000,Tx-Rx,0,-54.5273,"-6.00000 -5.60000 0.90000, 0.95000 3.55000 0.10000"
2318,0.0000,Tx-Rx,0,-54.6303,"-6.00000 -5.60000 0.90000, 1.25000 3.55000 0.10000"
2319,0.0000,Tx-Rx,0,-54.8893,"-6.00000 -5.60000 0.90000, 1.55000 3.55000 0.10000"
2320,0.0000,Tx-Rx,0,-54.5664,"-6.00000 -5.60000 0.90000, 1.85000 3.55000 0.10000"
2321,0.0000,Tx-Rx,0,-54.2561,"-6.00000 -5.60000 0.90000, 2.15000 3.55000 0.10000"
2322,0.0000,Tx-Rx,0,-55.5685,"-6.00000 -5.60000 0.90000, 2.45000 3.55000 0.10000"
2323,0.0000,Tx-Rx,0,-59.6980,"-6.00000 -5.60000 0.90000, 2.75000 3.55000 0.10000"
2324,0.0000,Tx-Rx,0,-69.6314,"-6.00000 -5.60000 0.90000, 3.05000 3.55000 0.10000"
2325,0.0000,Tx-Rx,0,-67.2715,"-6.00000 -5.60000 0.90000, 3.35000 3.55000 0.10000"
2326,0.0000,Tx-Rx,0,-66.8971,"-6.00000 -5.60000 0.90000, 3.65000 3.55000 0.10000"
2327,0.0000,Tx-Rx,0,-69.0014,"-6.00000 -5.60000 0.90000, 3.95000 3.55000 0.10000"
2328,0.0000,Tx-Rx,0,-65.9568,"-6.00000 -5.60000 0.90000, 4.25000 3.55000 0.10000"
2329,0.0000,Tx-Rx,0,-67.8060,"-6.00000 -5.60000 0.90000, 4.55000 3.55000 0.10000"
2330,0.0000,Tx-Rx,0,-71.9649,"-6.00000 -5.60000 0.90000, 4.85000 3.55000 0.10000"
2331,0.0000,Tx-Rx,0,-72.0221,"-6.00000 -5.60000 0.90000, 5.15000 3.55000 0.10000"
2332,0.0000,Tx-Rx,0,-70.9616,"-6.00000 -5.60000 0.90000, 5.45000 3.55000 0.10000"
2333,0.0000,Tx-Rx,0,-70.3587,"-6.00000 -5.60000 0.90000, 5.75000 3.55000 0.10000"
2334,0.0000,Tx-Rx,0,-72.6411,"-6.00000 -5.60000 0.90000, 6.05000 3.55000 0.10000"
2335,0.0000,Tx-Rx,0,-75.6090,"-6.00000 -5.60000 0.90000, 6.35000 3.55000 0.10000"
2336,0.0000,Tx-Rx,0,-75.5284,"-6.00000 -5.60000 0.90000, 6.65000 3.55000 0.10000"
2337,0.0000,Tx-Rx,0,-74.8808,"-6.00000 -5.60000 0.90000, 6.95000 3.55000 0.10000"
2338,0.0000,Tx-Rx,0,-75.3373,"-6.00000 -5.60000 0.90000, 7.25000 3.55000 0.10000"
2339,0.0000,Tx-Rx,0,-77.7292,"-6.00000 -5.60000 0.90000, 7.55000 3.55000 0.10000"
2340,0.0000,Tx-Rx,0,-78.4176,"-6.00000 -5.60000 0.90000, 7.85000 3.55000 0.10000"
2341,0.0000,Tx-Rx,0,-86.8223,"-6.00000 -5.60000 0.90000, -9.85000 3.85000 0.10000"
2342,0.0000,Tx-Rx,0,-88.1141,"-6.00000 -5.60000 0.90000, -9.55000 3.85000 0.10000"
2343,0.0000,Tx-Rx,0,-80.9410,"-6.00000 -5.60000 0.90000, -9.25000 3.85000 0.10000"
2344,0.0000,Tx-Rx,0,-80.5514,"-6.00000 -5.60000 0.90000, -8.95000 3.85000 0.10000"
2345,0.0000,Tx-Rx,0,-79.8257,"-6.00000 -5.60000 0.90000, -8.65000 3.85000 0.10000"
2346,0.0000,Tx-Rx,0,-85.5701,"-6.00000 -5.60000 0.90000, -8.35000 3.85000 0.10000"
2347,0.0000,Tx-Rx,0,-56.9921,"-6.00000 -5.60000 0.90000, -8.05000 3.85000 0.10000"
2348,0.0000,Tx-Rx,0,-52.1687,"-6.00000 -5.60000 0.90000, -7.75000 3.85000 0.10000"
2349,0.0000,Tx-Rx,0,-53.3650,"-6.00000 -5.60000 0.90000, -7.45000 3.85000 0.10000"
2350,0.0000,Tx-Rx,0,-53.7320,"-6.00000 -5.60000 0.90000, -7.15000 3.85000 0.10000"
2351,0.0000,Tx-Rx,0,-51.9948,"-6.00000 -5.60000 0.90000, -6.85000 3.85000 0.10000"
2352,0.0000,Tx-Rx,0,-51.2303,"-6.00000 -5.60000 0.90000, -6.55000 3.85000 0.10000"
2353,0.0000,Tx-Rx,0,-52.6351,"-6.00000 -5.60000 0.90000, -6.25000 3.85000 0.10000"
2354,0.0000,Tx-Rx,0,-53.4842,"-6.00000 -5.60000 0.90000, -5.95000 3.85000 0.10000"
2355,0.0000,Tx-Rx,0,-53.6308,"-6.00000 -5.60000 0.90000, -5.65000 3.85000 0.10000"
2356,0.0000,Tx-Rx,0,-53.7878,"-6.00000 -5.60000 0.90000, -5.35000 3.85000 0.10000"
2357,0.0000,Tx-Rx,0,-53.5941,"-6.00000 -5.60000 0.90000, -5.05000 3.85000 0.10000"
2358,0.0000,Tx-Rx,0,-53.8337,"-6.00000 -5.60000 0.90000, -4.75000 3.85000 0.10000"
2359,0.0000,Tx-Rx,0,-53.5982,"-6.00000 -5.60000 0.90000, -4.45000 3.85000 0.10000"
2360,0.0000,Tx-Rx,0,-54.3042,"-6.00000 -5.60000 0.90000, -4.15000 3.85000 0.10000"
2361,0.0000,Tx-Rx,0,-57.3199,"-6.00000 -5.60000 0.90000, -3.85000 3.85000 0.10000"
2362,0.0000,Tx-Rx,0,-58.6264,"-6.00000 -5.60000 0.90000, -3.55000 3.85000 0.10000"
2363,0.0000,Tx-Rx,0,-61.4703,"-6.00000 -5.60000 0.90000, -3.25000 3.85000 0.10000"
2364,0.0000,Tx-Rx,0,-63.4682,"-6.00000 -5.60000 0.90000, -2.95000 3.85000 0.10000"
2365,0.0000,Tx-Rx,0,-58.6096,"-6.00000 -5.60000 0.90000, -2.65000 3.85000 0.10000"
2366,0.0000,Tx-Rx,0,-59.0419,"-6.00000 -5.60000 0.90000, -2.35000 3.85000 0.10000"
2367,0.0000,Tx-Rx,0,-57.7131,"-6.00000 -5.60000 0.90000, -2.05000 3.85000 0.10000"
2368,0.0000,Tx-Rx,0,-58.1425,"-6.00000 -5.60000 0.90000, -1.75000 3.85000 0.10000"
2369,0.0000,Tx-Rx,0,-59.5423,"-6.00000 -5.60000 0.90000, -1.45000 3.85000 0.10000"
2370,0.0000,Tx-Rx,0,-61.2983,"-6.00000 -5.60000 0.90000, -1.15000 3.85000 0.10000"
2371,0.0000,Tx-Rx,0,-61.3455,"-6.00000 -5.60000 0.90000, -0.85000 3.85000 0.10000"
2372,0.0000,Tx-Rx,0,-62.0401,"-6.00000 -5.60000 0.90000, -0.55000 3.85000 0.10000"
2373,0.0000,Tx-Rx,0,-62.1959,"-6.00000 -5.60000 0.90000, -0.25000 3.85000 0.10000"
2374,0.0000,Tx-Rx,0,-58.4141,"-6.00000 -5.60000 0.90000, 0.05000 3.85000 0.10000"
2375,0.0000,Tx-Rx,0,-55.0332,"-6.00000 -5.60000 0.90000, 0.35000 3.85000 0.10000"
2376,0.0000,Tx-Rx,0,-54.5698,"-6.00000 -5.60000 0.90000, 0.65000 3.85000 0.10000"
2377,0.0000,Tx-Rx,0,-54.5503,"-6.00000 -5.60000 0.90000, 0.95000 3.85000 0.10000"
2378,0.0000,Tx-Rx,0,-54.5063,"-6.00000 -5.60000 0.90000, 1.25000 3.85000 0.10000"
2379,0.0000,Tx-Rx,0,-54.7319,"-6.00000 -5.60000 0.90000, 1.55000 3.85000 0.10000"
2380,0.0000,Tx-Rx,0,-55.0905,"-6.00000 -5.60000 0.90000, 1.85000 3.85000 0.10000"
2381,0.0000,Tx-Rx,0,-55.6427,"-6.00000 -5.60000 0.90000, 2.15000 3.85000 0.10000"
2382,0.0000,Tx-Rx,0,-54.7116,"-6.00000 -5.60000 0.90000, 2.45000 3.85000 0.10000"
2383,0.0000,Tx-Rx,0,-56.6324,"-6.00000 -5.60000 0.90000, 2.75000 3.85000 0.10000"
2384,0.0000,Tx-Rx,0,-59.6157,"-6.00000 -5.60000 0.90000, 3.05000 3.85000 0.10000"
2385,0.0000,Tx-Rx,0,-66.3457,"-6.00000 -5.60000 0.90000, 3.35000 3.85000 0.10000"
2386,0.0000,Tx-Rx,0,-71.7806,"-6.00000 -5.60000 0.90000, 3.65000 3.85000 0.10000"
2387,0.0000,Tx-Rx,0,-70.8947,"-6.00000 -5.60000 0.90000, 3.95000 3.85000 0.10000"
2388,0.0000,Tx-Rx,0,-70.3396,"-6.00000 -5.60000 0.90000, 4.25000 3.85000 0.10000"
2389,0.0000,Tx-Rx,0,-66.9070,"-6.00000 -5.60000 0.90000, 4.55000 3.85000 0.10000"
2390,0.0000,Tx-Rx,0,-65.6143,"-6.00000 -5.60000 0.90000, 4.85000 3.85000 0.10000"
2391,0.0000,Tx-Rx,0,-67.6866,"-6.00000 -5.60000 0.90000, 5.15000 3.85000 0.10000"
2392,0.0000,Tx-Rx,0,-70.2819,"-6.00000 -5.60000 0.90000, 5.45000 3.85000 0.10000"
2393,0.0000,Tx-Rx,0,-71.6229,"-6.00000 -5.60000 0.90000, 5.75000 3.85000 0.10000"
2394,0.0000,Tx-Rx,0,-72.8838,"-6.00000 -5.60000 0.90000, 6.05000 3.85000 0.10000"
2395,0.0000,Tx-Rx,0,-74.2883,"-6.00000 -5.60000 0.90000, 6.35000 3.85000 0.10000"
2396,0.0000,Tx-Rx,0,-73.8772,"-6.00000 -5.60000 0.90000, 6.65000 3.85000 0.10000"
2397,0.0000,Tx-Rx,0,-75.5934,"-6.00000 -5.60000 0.90000, 6.95000 3.85000 0.10000"
2398,0.0000,Tx-Rx,0,-76.3289,"-6.00000 -5.60000 0.90000, 7.25000 3.85000 0.10000"
2399,0.0000,Tx-Rx,0,-75.3772,"-6.00000 -5.60000 0.90000, 7.55000 3.85000 0.10000"
2400,0.0000,Tx-Rx,0,-74.8531,"-6.00000 -5.60000 0.90000, 7.85000 3.85000 0.10000"
2401,0.0000,Tx-Rx,0,-87.3592,"-6.00000 -5.60000 0.90000, -9.85000 4.15000 0.10000"
2402,0.0000,Tx-Rx,0,-86.1145,"-6.00000 -5.60000 0.90000, -9.55000 4.15000 0.10000"
2403,0.0000,Tx-Rx,0,-82.9668,"-6.00000 -5.60000 0.90000, -9.25000 4.15000 0.10000"
2404,0.0000,Tx-Rx,0,-80.2668,"-6.00000 -5.60000 0.90000, -8.95000 4.15000 0.10000"
2405,0.0000,Tx-Rx,0,-81.2184,"-6.00000 -5.60000 0.90000, -8.65000 4.15000 0.10000"
2406,0.0000,Tx-Rx,0,-89.4432,"-6.00000 -5.60000 0.90000, -8.35000 4.15000 0.10000"
2407,0.0000,Tx-Rx,0,-56.8559,"-6.00000 -5.60000 0.90000, -8.05000 4.15000 0.10000"
2408,0.0000,Tx-Rx,0,-52.2595,"-6.00000 -5.60000 0.90000, -7.75000 4.15000 0.10000"
2409,0.0000,Tx-Rx,0,-52.8746,"-6.00000 -5.60000 0.90000, -7.45000 4.15000 0.10000"
2410,0.0000,Tx-Rx,0,-53.7341,"-6.00000 -5.60000 0.90000, -7.15000 4.15000 0.10000"
2411,0.0000,Tx-Rx,0,-52.9705,"-6.00000 -5.60000 0.90000, -6.85000 4.15000 0.10000"
2412,0.0000,Tx-Rx,0,-51.1483,"-6.00000 -5.60000 0.90000, -6.55000 4.15000 0.10000"
2413,0.0000,Tx-Rx,0,-52.1129,"-6.00000 -5.60000 0.90000, -6.25000 4.15000 0.10000"
2414,0.0000,Tx-Rx,0,-53.6549,"-6.00000 -5.60000 0.90000, -5.95000 4.15000 0.10000"
2415,0.0000,Tx-Rx,0,-54.0007,"-6.00000 -5.60000 0.90000, -5.65000 4.15000 0.10000"
2416,0.0000,Tx-Rx,0,-53.9153,"-6.00000 -5.60000 0.90000, -5.35000 4.15000 0.10000"
2417,0.0000,Tx-Rx,0,-53.7403,"-6.00000 -5.60000 0.90000, -5.05000 4.15000 0.10000"
2418,0.0000,Tx-Rx,0,-53.7820,"-6.00000 -5.60000 0.90000, -4.75000 4.15000 0.10000"
2419,0.0000,Tx-Rx,0,-53.6432,"-6.00000 -5.60000 0.90000, -4.45000 4.15000 0.10000"
2420,0.0000,Tx-Rx,0,-54.5051,"-6.00000 -5.60000 0.90000, -4.15000 4.15000 0.10000"
2421,0.0000,Tx-Rx,0,-57.4322,"-6.00000 -5.60000 0.90000, -3.85000 4.15000 0.10000"
2422,0.0000,Tx-Rx,0,-58.9877,"-6.00000 -5.60000 0.90000, -3.55000 4.15000 0.10000"
2423,0.0000,Tx-Rx,0,-63.0648,"-6.00000 -5.60000 0.90000, -3.25000 4.15000 0.10000"
2424,0.0000,Tx-Rx,0,-64.3420,"-6.00000 -5.60000 0.90000, -2.95000 4.15000 0.10000"
2425,0.0000,Tx-Rx,0,-61.3136,"-6.00000 -5.60000 0.90000, -2.65000 4.15000 0.10000"
2426,0.0000,Tx-Rx,0,-58.9865,"-6.00000 -5.60000 0.90000, -2.35000 4.15000 0.10000"
2427,0.0000,Tx-Rx,0,-58.0360,"-6.00000 -5.60000 0.90000, -2.05000 4.15000 0.10000"
2428,0.0000,Tx-Rx,0,-58.4755,"-6.00000 -5.60000 0.90000, -1.75000 4.15000 0.10000"
2429,0.0000,Tx-Rx,0,-59.2666,"-6.00000 -5.60000 0.90000, -1.45000 4.15000 0.10000"
2430,0.0000,Tx-Rx,0,-60.0398,"-6.00000 -5.60000 0.90000, -1.15000 4.15000 0.10000"
2431,0.0000,Tx-Rx,0,-64.4649,"-6.00000 -5.60000 0.90000, -0.85000 4.15000 0.10000"
2432,0.0000,Tx-Rx,0,-61.6661,"-6.00000 -5.60000 0.90000, -0.55000 4.15000 0.10000"
2433,0.0000,Tx-Rx,0,-60.6493,"-6.00000 -5.60000 0.90000, -0.25000 4.15000 0.10000"
2434,0.0000,Tx-Rx,0,-66.3864,"-6.00000 -5.60000 0.90000, 0.05000 4.15000 0.10000"
2435,0.0000,Tx-Rx,0,-73.8486,"-6.00000 -5.60000 0.90000, 0.35000 4.15000 0.10000"
2436,0.0000,Tx-Rx,0,-71.9439,"-6.00000 -5.60000 0.90000, 0.65000 4.15000 0.10000"
2437,0.0000,Tx-Rx,0,-76.1853,"-6.00000 -5.60000 0.90000, 0.95000 4.15000 0.10000"
2438,0.0000,Tx-Rx,0,-78.1376,"-6.00000 -5.60000 0.90000, 1.25000 4.15000 0.10000"
2439,0.0000,Tx-Rx,0,-81.6987,"-6.00000 -5.60000 0.90000, 1.55000 4.15000 0.10000"
2440,0.0000,Tx-Rx,0,-75.3057,"-6.00000 -5.60000 0.90000, 1.85000 4.15000 0.10000"
2441,0.0000,Tx-Rx,0,-58.8643,"-6.00000 -5.60000 0.90000, 2.15000 4.15000 0.10000"
2442,0.0000,Tx-Rx,0,-55.3152,"-6.00000 -5.60000 0.90000, 2.45000 4.15000 0.10000"
2443,0.0000,Tx-Rx,0,-55.7664,"-6.00000 -5.60000 0.90000, 2.75000 4.15000 0.10000"
2444,0.0000,Tx-Rx,0,-57.4603,"-6.00000 -5.60000 0.90000, 3.05000 4.15000 0.10000"
2445,0.0000,Tx-Rx,0,-70.0684,"-6.00000 -5.60000 0.90000, 3.35000 4.15000 0.10000"
2446,0.0000,Tx-Rx,0,-83.7407,"-6.00000 -5.60000 0.90000, 3.65000 4.15000 0.10000"
2447,0.0000,Tx-Rx,0,-73.0918,"-6.00000 -5.60000 0.90000, 3.95000 4.15000 0.10000"
2448,0.0000,Tx-Rx,0,-75.5827,"-6.00000 -5.60000 0.90000, 4.25000 4.15000 0.10000"
2449,0.0000,Tx-Rx,0,-77.5849,"-6.00000 -5.60000 0.90000, 4.55000 4.15000 0.10000"
2450,0.0000,Tx-Rx,0,-76.7978,"-6.00000 -5.60000 0.90000, 4.85000 4.15000 0.10000"
2451,0.0000,Tx-Rx,0,-75.5033,"-6.00000 -5.60000 0.90000, 5.15000 4.15000 0.10000"
2452,0.0000,Tx-Rx,0,-77.0126,"-6.00000 -5.60000 0.90000, 5.45000 4.15000 0.10000"
2453,0.0000,Tx-Rx,0,-78.3342,"-6.00000 -5.60000 0.90000, 5.75000 4.15000 0.10000"
2454,0.0000,Tx-Rx,0,-80.5425,"-6.00000 -5.60000 0.90000, 6.05000 4.15000 0.10000"
2455,0.0000,Tx-Rx,0,-83.7601,"-6.00000 -5.60000 0.90000, 6.35000 4.15000 0.10000"
2456,0.0000,Tx-Rx,0,-77.2209,"-6.00000 -5.60000 0.90000, 6.65000 4.15000 0.10000"
2457,0.0000,Tx-Rx,0,-79.5155,"-6.00000 -5.60000 0.90000, 6.95000 4.15000 0.10000"
2458,0.0000,Tx-Rx,0,-86.3944,"-6.00000 -5.60000 0.90000, 7.25000 4.15000 0.10000"
2459,0.0000,Tx-Rx,0,-87.3954,"-6.00000 -5.60000 0.90000, 7.55000 4.15000 0.10000"
2460,0.0000,Tx-Rx,0,-85.4067,"-6.00000 -5.60000 0.90000, 7.85000 4.15000 0.10000"
2461,0.0000,Tx-Rx,0,-88.7640,"-6.00000 -5.60000 0.90000, -9.85000 4.45000 0.10000"
2462,0.0000,Tx-Rx,0,-83.7933,"-6.00000 -5.60000 0.90000, -9.55000 4.45000 0.10000"
2463,0.0000,Tx-Rx,0,-80.4927,"-6.00000 -5.60000 0.90000, -9.25000 4.45000 0.10000"
2464,0.0000,Tx-Rx,0,-81.0762,"-6.00000 -5.60000 0.90000, -8.95000 4.45000 0.10000"
2465,0.0000,Tx-Rx,0,-83.5382,"-6.00000 -5.60000 0.90000, -8.65000 4.45000 0.10000"
2466,0.0000,Tx-Rx,0,-92.2821,"-6.00000 -5.60000 0.90000, -8.35000 4.45000 0.10000"
2467,0.0000,Tx-Rx,0,-56.6179,"-6.00000 -5.60000 0.90000, -8.05000 4.45000 0.10000"
2468,0.0000,Tx-Rx,0,-52.2787,"-6.00000 -5.60000 0.90000, -7.75000 4.45000 0.10000"
2469,0.0000,Tx-Rx,0,-52.6243,"-6.00000 -5.60000 0.90000, -7.45000 4.45000 0.10000"
2470,0.0000,Tx-Rx,0,-54.0591,"-6.00000 -5.60000 0.90000, -7.15000 4.45000 0.10000"
2471,0.0000,Tx-Rx,0,-53.5995,"-6.00000 -5.60000 0.90000, -6.85000 4.45000 0.10000"
2472,0.0000,Tx-Rx,0,-51.6086,"-6.00000 -5.60000 0.90000, -6.55000 4.45000 0.10000"
2473,0.0000,Tx-Rx,0,-51.5925,"-6.00000 -5.60000 0.90000, -6.25000 4.45000 0.10000"
2474,0.0000,Tx-Rx,0,-53.7255,"-6.00000 -5.60000 0.90000, -5.95000 4.45000 0.10000"
2475,0.0000,Tx-Rx,0,-54.1415,"-6.00000 -5.60000 0.90000, -5.65000 4.45000 0.10000"
2476,0.0000,Tx-Rx,0,-54.1753,"-6.00000 -5.60000 0.90000, -5.35000 4.45000 0.10000"
2477,0.0000,Tx-Rx,0,-53.8338,"-6.00000 -5.60000 0.90000, -5.05000 4.45000 0.10000"
2478,0.0000,Tx-Rx,0,-54.0178,"-6.00000 -5.60000 0.90000, -4.75000 4.45000 0.10000"
2479,0.0000,Tx-Rx,0,-53.8963,"-6.00000 -5.60000 0.90000, -4.45000 4.45000 0.10000"
2480,0.0000,Tx-Rx,0,-54.5121,"-6.00000 -5.60000 0.90000, -4.15000 4.45000 0.10000"
2481,0.0000,Tx-Rx,0,-57.0533,"-6.00000 -5.60000 0.90000, -3.85000 4.45000 0.10000"
2482,0.0000,Tx-Rx,0,-60.4211,"-6.00000 -5.60000 0.90000, -3.55000 4.45000 0.10000"
2483,0.0000,Tx-Rx,0,-61.9441,"-6.00000 -5.60000 0.90000, -3.25000 4.45000 0.10000"
2484,0.0000,Tx-Rx,0,-63.8754,"-6.00000 -5.60000 0.90000, -2.95000 4.45000 0.10000"
2485,0.0000,Tx-Rx,0,-63.3598,"-6.00000 -5.60000 0.90000, -2.65000 4.45000 0.10000"
2486,0.0000,Tx-Rx,0,-60.0081,"-6.00000 -5.60000 0.90000, -2.35000 4.45000 0.10000"
2487,0.0000,Tx-Rx,0,-58.3518,"-6.00000 -5.60000 0.90000, -2.05000 4.45000 0.10000"
2488,0.0000,Tx-Rx,0,-58.4922,"-6.00000 -5.60000 0.90000, -1.75000 4.45000 0.10000"
2489,0.0000,Tx-Rx,0,-58.4984,"-6.00000 -5.60000 0.90000, -1.45000 4.45000 0.10000"
2490,0.0000,Tx-Rx,0,-59.6124,"-6.00000 -5.60000 0.90000, -1.15000 4.45000 0.10000"
2491,0.0000,Tx-Rx,0,-62.3909,"-6.00000 -5.60000 0.90000, -0.85000 4.45000 0.10000"
2492,0.0000,Tx-Rx,0,-62.2665,"-6.00000 -5.60000 0.90000, -0.55000 4.45000 0.10000"
2493,0.0000,Tx-Rx,0,-60.9188,"-6.00000 -5.60000 0.90000, -0.25000 4.45000 0.10000"
2494,0.0000,Tx-Rx,0,-64.0169,"-6.00000 -5.60000 0.90000, 0.05000 4.45000 0.10000"
2495,0.0000,Tx-Rx,0,-73.1346,"-6.00000 -5.60000 0.90000, 0.35000 4.45000 0.10000"
2496,0.0000,Tx-Rx,0,-75.5015,"-6.00000 -5.60000 0.90000, 0.65000 4.45000 0.10000"
2497,0.0000,Tx-Rx,0,-73.2066,"-6.00000 -5.60000 0.90000, 0.95000 4.45000 0.10000"
2498,0.0000,Tx-Rx,0,-80.6267,"-6.00000 -5.60000 0.90000, 1.25000 4.45000 0.10000"
2499,0.0000,Tx-Rx,0,-78.7474,"-6.00000 -5.60000 0.90000, 1.55000 4.45000 0.10000"
2500,0.0000,Tx-Rx,0,-74.7061,"-6.00000 -5.60000 0.90000, 1.85000 4.45000 0.10000"
2501,0.0000,Tx-Rx,0,-71.9152,"-6.00000 -5.60000 0.90000, 2.15000 4.45000 0.10000"
2502,0.0000,Tx-Rx,0,-58.0957,"-6.00000 -5.60000 0.90000, 2.45000 4.45000 0.10000"
2503,0.0000,Tx-Rx,0,-55.4583,"-6.00000 -5.60000 0.90000, 2.75000 4.45000 0.10000"
2504,0.0000,Tx-Rx,0,-56.0278,"-6.00000 -5.60000 0.90000, 3.05000 4.45000 0.10000"
2505,0.0000,Tx-Rx,0,-58.3447,"-6.00000 -5.60000 0.90000, 3.35000 4.45000 0.10000"
2506,0.0000,Tx-Rx,0,-67.1073,"-6.00000 -5.60000 0.90000, 3.65000 4.45000 0.10000"
2507,0.0000,Tx-Rx,0,-71.9377,"-6.00000 -5.60000 0.90000, 3.95000 4.45000 0.10000"
2508,0.0000,Tx-Rx,0,-75.1815,"-6.00000 -5.60000 0.90000, 4.25000 4.45000 0.10000"
2509,0.0000,Tx-Rx,0,-75.0286,"-6.00000 -5.60000 0.90000, 4.55000 4.45000 0.10000"
2510,0.0000,Tx-Rx,0,-80.5599,"-6.00000 -5.60000 0.90000, 4.85000 4.45000 0.10000"
2511,0.0000,Tx-Rx,0,-86.8974,"-6.00000 -5.60000 0.90000, 5.15000 4.45000 0.10000"
2512,0.0000,Tx-Rx,0,-89.6782,"-6.00000 -5.60000 0.90000, 5.45000 4.45000 0.10000"
2513,0.0000,Tx-Rx,0,-86.3699,"-6.00000 -5.60000 0.90000, 5.75000 4.45000 0.10000"
2514,0.0000,Tx-Rx,0,-82.7397,"-6.00000 -5.60000 0.90000, 6.05000 4.45000 0.10000"
2515,0.0000,Tx-Rx,0,-76.7165,"-6.00000 -5.60000 0.90000, 6.35000 4.45000 0.10000"
2516,0.0000,Tx-Rx,0,-78.1904,"-6.00000 -5.60000 0.90000, 6.65000 4.45000 0.10000"
2517,0.0000,Tx-Rx,0,-81.3739,"-6.00000 -5.60000 0.90000, 6.95000 4.45000 0.10000"
2518,0.0000,Tx-Rx,0,-82.8561,"-6.00000 -5.60000 0.90000, 7.25000 4.45000 0.10000"
2519,0.0000,Tx-Rx,0,-84.9795,"-6.00000 -5.60000 0.90000, 7.55000 4.45000 0.10000"
2520,0.0000,Tx-Rx,0,-89.1529,"-6.00000 -5.60000 0.90000, 7.85000 4.45000 0.10000"
2521,0.0000,Tx-Rx,0,-89.3142,"-6.00000 -5.60000 0.90000, -9.85000 4.75000 0.10000"
2522,0.0000,Tx-Rx,0,-82.3201,"-6.00000 -5.60000 0.90000, -9.55000 4.75000 0.10000"
2523,0.0000,Tx-Rx,0,-81.6517,"-6.00000 -5.60000 0.90000, -9.25000 4.75000 0.10000"
2524,0.0000,Tx-Rx,0,-83.1840,"-6.00000 -5.60000 0.90000, -8.95000 4.75000 0.10000"
2525,0.0000,Tx-Rx,0,-88.5292,"-6.00000 -5.60000 0.90000, -8.65000 4.75000 0.10000"
2526,0.0000,Tx-Rx,0,-85.8159,"-6.00000 -5.60000 0.90000, -8.35000 4.75000 0.10000"
2527,0.0000,Tx-Rx,0,-57.1472,"-6.00000 -5.60000 0.90000, -8.05000 4.75000 0.10000"
2528,0.0000,Tx-Rx,0,-52.3515,"-6.00000 -5.60000 0.90000, -7.75000 4.75000 0.10000"
2529,0.0000,Tx-Rx,0,-52.5436,"-6.00000 -5.60000 0.90000, -7.45000 4.75000 0.10000"
2530,0.0000,Tx-Rx,0,-54.0507,"-6.00000 -5.60000 0.90000, -7.15000 4.75000 0.10000"
2531,0.0000,Tx-Rx,0,-53.6083,"-6.00000 -5.60000 0.90000, -6.85000 4.75000 0.10000"
2532,0.0000,Tx-Rx,0,-52.5390,"-6.00000 -5.60000 0.90000, -6.55000 4.75000 0.10000"
2533,0.0000,Tx-Rx,0,-51.6983,"-6.00000 -5.60000 0.90000, -6.25000 4.75000 0.10000"
2534,0.0000,Tx-Rx,0,-53.0949,"-6.00000 -5.60000 0.90000, -5.95000 4.75000 0.10000"
2535,0.0000,Tx-Rx,0,-54.2459,"-6.00000 -5.60000 0.90000, -5.65000 4.75000 0.10000"
2536,0.0000,Tx-Rx,0,-54.2316,"-6.00000 -5.60000 0.90000, -5.35000 4.75000 0.10000"
2537,0.0000,Tx-Rx,0,-54.2053,"-6.00000 -5.60000 0.90000, -5.05000 4.75000 0.10000"
2538,0.0000,Tx-Rx,0,-54.0461,"-6.00000 -5.60000 0.90000, -4.75000 4.75000 0.10000"
2539,0.0000,Tx-Rx,0,-53.9505,"-6.00000 -5.60000 0.90000, -4.45000 4.75000 0.10000"
2540,0.0000,Tx-Rx,0,-54.6156,"-6.00000 -5.60000 0.90000, -4.15000 4.75000 0.10000"
2541,0.0000,Tx-Rx,0,-57.2121,"-6.00000 -5.60000 0.90000, -3.85000 4.75000 0.10000"
2542,0.0000,Tx-Rx,0,-62.4302,"-6.00000 -5.60000 0.90000, -3.55000 4.75000 0.10000"
2543,0.0000,Tx-Rx,0,-61.6477,"-6.00000 -5.60000 0.90000, -3.25000 4.75000 0.10000"
2544,0.0000,Tx-Rx,0,-64.3853,"-6.00000 -5.60000 0.90000, -2.95000 4.75000 0.10000"
2545,0.0000,Tx-Rx,0,-64.9278,"-6.00000 -5.60000 0.90000, -2.65000 4.75000 0.10000"
2546,0.0000,Tx-Rx,0,-61.1833,"-6.00000 -5.60000 0.90000, -2.35000 4.75000 0.10000"
2547,0.0000,Tx-Rx,0,-60.3029,"-6.00000 -5.60000 0.90000, -2.05000 4.75000 0.10000"
2548,0.0000,Tx-Rx,0,-58.6404,"-6.00000 -5.60000 0.90000, -1.75000 4.75000 0.10000"
2549,0.0000,Tx-Rx,0,-58.5906,"-6.00000 -5.60000 0.90000, -1.45000 4.75000 0.10000"
2550,0.0000,Tx-Rx,0,-59.1264,"-6.00000 -5.60000 0.90000, -1.15000 4.75000 0.10000"
2551,0.0000,Tx-Rx,0,-60.5750,"-6.00000 -5.60000 0.90000, -0.85000 4.75000 0.10000"
2552,0.0000,Tx-Rx,0,-62.7920,"-6.00000 -5.60000 0.90000, -0.55000 4.75000 0.10000"
2553,0.0000,Tx-Rx,0,-62.9849,"-6.00000 -5.60000 0.90000, -0.25000 4.75000 0.10000"
2554,0.0000,Tx-Rx,0,-63.6205,"-6.00000 -5.60000 0.90000, 0.05000 4.75000 0.10000"
2555,0.0000,Tx-Rx,0,-68.1746,"-6.00000 -5.60000 0.90000, 0.35000 4.75000 0.10000"
2556,0.0000,Tx-Rx,0,-74.6196,"-6.00000 -5.60000 0.90000, 0.65000 4.75000 0.10000"
2557,0.0000,Tx-Rx,0,-74.5817,"-6.00000 -5.60000 0.90000, 0.95000 4.75000 0.10000"
2558,0.0000,Tx-Rx,0,-73.4212,"-6.00000 -5.60000 0.90000, 1.25000 4.75000 0.10000"
2559,0.0000,Tx-Rx,0,-76.1036,"-6.00000 -5.60000 0.90000, 1.55000 4.75000 0.10000"
2560,0.0000,Tx-Rx,0,-74.8210,"-6.00000 -5.60000 0.90000, 1.85000 4.75000 0.10000"
2561,0.0000,Tx-Rx,0,-78.0333,"-6.00000 -5.60000 0.90000, 2.15000 4.75000 0.10000"
2562,0.0000,Tx-Rx,0,-67.2843,"-6.00000 -5.60000 0.90000, 2.45000 4.75000 0.10000"
2563,0.0000,Tx-Rx,0,-57.4444,"-6.00000 -5.60000 0.90000, 2.75000 4.75000 0.10000"
2564,0.0000,Tx-Rx,0,-56.4936,"-6.00000 -5.60000 0.90000, 3.05000 4.75000 0.10000"
2565,0.0000,Tx-Rx,0,-56.2402,"-6.00000 -5.60000 0.90000, 3.35000 4.75000 0.10000"
2566,0.0000,Tx-Rx,0,-69.6245,"-6.00000 -5.60000 0.90000, 3.65000 4.75000 0.10000"
2567,0.0000,Tx-Rx,0,-76.6813,"-6.00000 -5.60000 0.90000, 3.95000 4.75000 0.10000"
2568,0.0000,Tx-Rx,0,-79.0833,"-6.00000 -5.60000 0.90000, 4.25000 4.75000 0.10000"
2569,0.0000,Tx-Rx,0,-84.5127,"-6.00000 -5.60000 0.90000, 4.55000 4.75000 0.10000"
2570,0.0000,Tx-Rx,0,-89.8590,"-6.00000 -5.60000 0.90000, 4.85000 4.75000 0.10000"
2571,0.0000,Tx-Rx,0,-94.8941,"-6.00000 -5.60000 0.90000, 5.15000 4.75000 0.10000"
2572,0.0000,Tx-Rx,0,-85.4963,"-6.00000 -5.60000 0.90000, 5.45000 4.75000 0.10000"
2573,0.0000,Tx-Rx,0,-84.7310,"-6.00000 -5.60000 0.90000, 5.75000 4.75000 0.10000"
2574,0.0000,Tx-Rx,0,-78.0685,"-6.00000 -5.60000 0.90000, 6.05000 4.75000 0.10000"
2575,0.0000,Tx-Rx,0,-78.9878,"-6.00000 -5.60000 0.90000, 6.35000 4.75000 0.10000"
2576,0.0000,Tx-Rx,0,-85.0579,"-6.00000 -5.60000 0.90000, 6.65000 4.75000 0.10000"
2577,0.0000,Tx-Rx,0,-80.7176,"-6.00000 -5.60000 0.90000, 6.95000 4.75000 0.10000"
2578,0.0000,Tx-Rx,0,-78.9099,"-6.00000 -5.60000 0.90000, 7.25000 4.75000 0.10000"
2579,0.0000,Tx-Rx,0,-81.8016,"-6.00000 -5.60000 0.90000, 7.55000 4.75000 0.10000"
2580,0.0000,Tx-Rx,0,-94.8124,"-6.00000 -5.60000 0.90000, 7.85000 4.75000 0.10000"
2581,0.0000,Tx-Rx,0,-87.9424,"-6.00000 -5.60000 0.90000, -9.85000 5.05000 0.10000"
2582,0.0000,Tx-Rx,0,-80.9858,"-6.00000 -5.60000 0.90000, -9.55000 5.05000 0.10000"
2583,0.0000,Tx-Rx,0,-84.2979,"-6.00000 -5.60000 0.90000, -9.25000 5.05000 0.10000"
2584,0.0000,Tx-Rx,0,-80.5572,"-6.00000 -5.60000 0.90000, -8.95000 5.05000 0.10000"
2585,0.0000,Tx-Rx,0,-87.7275,"-6.00000 -5.60000 0.90000, -8.65000 5.05000 0.10000"
2586,0.0000,Tx-Rx,0,-87.3262,"-6.00000 -5.60000 0.90000, -8.35000 5.05000 0.10000"
2587,0.0000,Tx-Rx,0,-57.2852,"-6.00000 -5.60000 0.90000, -8.05000 5.05000 0.10000"
2588,0.0000,Tx-Rx,0,-52.5529,"-6.00000 -5.60000 0.90000, -7.75000 5.05000 0.10000"
2589,0.0000,Tx-Rx,0,-52.6163,"-6.00000 -5.60000 0.90000, -7.45000 5.05000 0.10000"
2590,0.0000,Tx-Rx,0,-53.6157,"-6.00000 -5.60000 0.90000, -7.15000 5.05000 0.10000"
2591,0.0000,Tx-Rx,0,-53.8007,"-6.00000 -5.60000 0.90000, -6.85000 5.05000 0.10000"
2592,0.0000,Tx-Rx,0,-53.5402,"-6.00000 -5.60000 0.90000, -6.55000 5.05000 0.10000"
2593,0.0000,Tx-Rx,0,-52.0781,"-6.00000 -5.60000 0.90000, -6.25000 5.05000 0.10000"
2594,0.0000,Tx-Rx,0,-52.3568,"-6.00000 -5.60000 0.90000, -5.95000 5.05000 0.10000"
2595,0.0000,Tx-Rx,0,-54.5239,"-6.00000 -5.60000 0.90000, -5.65000 5.05000 0.10000"
2596,0.0000,Tx-Rx,0,-54.2718,"-6.00000 -5.60000 0.90000, -5.35000 5.05000 0.10000"
2597,0.0000,Tx-Rx,0,-54.3744,"-6.00000 -5.60000 0.90000, -5.05000 5.05000 0.10000"
2598,0.0000,Tx-Rx,0,-54.3095,"-6.00000 -5.60000 0.90000, -4.75000 5.05000 0.10000"
2599,0.0000,Tx-Rx,0,-54.2154,"-6.00000 -5.60000 0.90000, -4.45000 5.05000 0.10000"
2600,0.0000,Tx-Rx,0,-55.6848,"-6.00000 -5.60000 0.90000, -4.15000 5.05000 0.10000"
2601,0.0000,Tx-Rx,0,-58.0338,"-6.00000 -5.60000 0.90000, -3.85000 5.05000 0.10000"
2602,0.0000,Tx-Rx,0,-63.4443,"-6.00000 -5.60000 0.90000, -3.55000 5.05000 0.10000"
2603,0.0000,Tx-Rx,0,-62.3375,"-6.00000 -5.60000 0.90000, -3.25000 5.05000 0.10000"
2604,0.0000,Tx-Rx,0,-65.2039,"-6.00000 -5.60000 0.90000, -2.95000 5.05000 0.10000"
2605,0.0000,Tx-Rx,0,-65.2326,"-6.00000 -5.60000 0.90000, -2.65000 5.05000 0.10000"
2606,0.0000,Tx-Rx,0,-63.0801,"-6.00000 -5.60000 0.90000, -2.35000 5.05000 0.10000"
2607,0.0000,Tx-Rx,0,-62.2211,"-6.00000 -5.60000 0.90000, -2.05000 5.05000 0.10000"
2608,0.0000,Tx-Rx,0,-60.4056,"-6.00000 -5.60000 0.90000, -1.75000 5.05000 0.10000"
2609,0.0000,Tx-Rx,0,-59.4592,"-6.00000 -5.60000 0.90000, -1.45000 5.05000 0.10000"
2610,0.0000,Tx-Rx,0,-58.7753,"-6.00000 -5.60000 0.90000, -1.15000 5.05000 0.10000"
2611,0.0000,Tx-Rx,0,-59.5595,"-6.00000 -5.60000 0.90000, -0.85000 5.05000 0.10000"
2612,0.0000,Tx-Rx,0,-62.3885,"-6.00000 -5.60000 0.90000, -0.55000 5.05000 0.10000"
2613,0.0000,Tx-Rx,0,-64.7452,"-6.00000 -5.60000 0.90000, -0.25000 5.05000 0.10000"
2614,0.0000,Tx-Rx,0,-64.6926,"-6.00000 -5.60000 0.90000, 0.05000 5.05000 0.10000"
2615,0.0000,Tx-Rx,0,-66.3666,"-6.00000 -5.60000 0.90000, 0.35000 5.05000 0.10000"
2616,0.0000,Tx-Rx,0,-69.3946,"-6.00000 -5.60000 0.90000, 0.65000 5.05000 0.10000"
2617,0.0000,Tx-Rx,0,-76.3419,"-6.00000 -5.60000 0.90000, 0.95000 5.05000 0.10000"
2618,0.0000,Tx-Rx,0,-74.0990,"-6.00000 -5.60000 0.90000, 1.25000 5.05000 0.10000"
2619,0.0000,Tx-Rx,0,-71.1941,"-6.00000 -5.60000 0.90000, 1.55000 5.05000 0.10000"
2620,0.0000,Tx-Rx,0,-74.4233,"-6.00000 -5.60000 0.90000, 1.85000 5.05000 0.10000"
2621,0.0000,Tx-Rx,0,-74.4158,"-6.00000 -5.60000 0.90000, 2.15000 5.05000 0.10000"
2622,0.0000,Tx-Rx,0,-74.9697,"-6.00000 -5.60000 0.90000, 2.45000 5.05000 0.10000"
2623,0.0000,Tx-Rx,0,-65.0680,"-6.00000 -5.60000 0.90000, 2.75000 5.05000 0.10000"
2624,0.0000,Tx-Rx,0,-57.0173,"-6.00000 -5.60000 0.90000, 3.05000 5.05000 0.10000"
2625,0.0000,Tx-Rx,0,-56.4427,"-6.00000 -5.60000 0.90000, 3.35000 5.05000 0.10000"
2626,0.0000,Tx-Rx,0,-66.4168,"-6.00000 -5.60000 0.90000, 3.65000 5.05000 0.10000"
2627,0.0000,Tx-Rx,0,-73.3593,"-6.00000 -5.60000 0.90000, 3.95000 5.05000 0.10000"
2628,0.0000,Tx-Rx,0,-80.9579,"-6.00000 -5.60000 0.90000, 4.25000 5.05000 0.10000"
2629,0.0000,Tx-Rx,0,-85.0577,"-6.00000 -5.60000 0.90000, 4.55000 5.05000 0.10000"
2630,0.0000,Tx-Rx,0,-82.5204,"-6.00000 -5.60000 0.90000, 4.85000 5.05000 0.10000"
2631,0.0000,Tx-Rx,0,-77.5476,"-6.00000 -5.60000 0.90000, 5.15000 5.05000 0.10000"
2632,0.0000,Tx-Rx,0,-74.5445,"-6.00000 -5.60000 0.90000, 5.45000 5.05000 0.10000"
2633,0.0000,Tx-Rx,0,-75.2815,"-6.00000 -5.60000 0.90000, 5.75000 5.05000 0.10000"
2634,0.0000,Tx-Rx,0,-77.6793,"-6.00000 -5.60000 0.90000, 6.05000 5.05000 0.10000"
2635,0.0000,Tx-Rx,0,-83.0001,"-6.00000 -5.60000 0.90000, 6.35000 5.05000 0.10000"
2636,0.0000,Tx-Rx,0,-85.1808,"-6.00000 -5.60000 0.90000, 6.65000 5.05000 0.10000"
2637,0.0000,Tx-Rx,0,-85.1358,"-6.00000 -5.60000 0.90000, 6.95000 5.05000 0.10000"
2638,0.0000,Tx-Rx,0,-86.5792,"-6.00000 -5.60000 0.90000, 7.25000 5.05000 0.10000"
2639,0.0000,Tx-Rx,0,-84.2129,"-6.00000 -5.60000 0.90000, 7.55000 5.05000 0.10000"
2640,0.0000,Tx-Rx,0,-91.2501,"-6.00000 -5.60000 0.90000, 7.85000 5.05000 0.10000"
2641,0.0000,Tx-Rx,0,-83.8535,"-6.00000 -5.60000 0.90000, -9.85000 5.35000 0.10000"
2642,0.0000,Tx-Rx,0,-85.7607,"-6.00000 -5.60000 0.90000, -9.55000 5.35000 0.10000"
2643,0.0000,Tx-Rx,0,-83.5034,"-6.00000 -5.60000 0.90000, -9.25000 5.35000 0.10000"
2644,0.0000,Tx-Rx,0,-84.1338,"-6.00000 -5.60000 0.90000, -8.95000 5.35000 0.10000"
2645,0.0000,Tx-Rx,0,-88.0565,"-6.00000 -5.60000 0.90000, -8.65000 5.35000 0.10000"
2646,0.0000,Tx-Rx,0,-87.7695,"-6.00000 -5.60000 0.90000, -8.35000 5.35000 0.10000"
2647,0.0000,Tx-Rx,0,-57.2962,"-6.00000 -5.60000 0.90000, -8.05000 5.35000 0.10000"
2648,0.0000,Tx-Rx,0,-52.7363,"-6.00000 -5.60000 0.90000, -7.75000 5.35000 0.10000"
2649,0.0000,Tx-Rx,0,-52.7663,"-6.00000 -5.60000 0.90000, -7.45000 5.35000 0.10000"
2650,0.0000,Tx-Rx,0,-53.2006,"-6.00000 -5.60000 0.90000, -7.15000 5.35000 0.10000"
2651,0.0000,Tx-Rx,0,-53.9884,"-6.00000 -5.60000 0.90000, -6.85000 5.35000 0.10000"
2652,0.0000,Tx-Rx,0,-53.9471,"-6.00000 -5.60000 0.90000, -6.55000 5.35000 0.10000"
2653,0.0000,Tx-Rx,0,-52.9591,"-6.00000 -5.60000 0.90000, -6.25000 5.35000 0.10000"
2654,0.0000,Tx-Rx,0,-52.2732,"-6.00000 -5.60000 0.90000, -5.95000 5.35000 0.10000"
2655,0.0000,Tx-Rx,0,-53.7976,"-6.00000 -5.60000 0.90000, -5.65000 5.35000 0.10000"
2656,0.0000,Tx-Rx,0,-54.3092,"-6.00000 -5.60000 0.90000, -5.35000 5.35000 0.10000"
2657,0.0000,Tx-Rx,0,-54.4299,"-6.00000 -5.60000 0.90000, -5.05000 5.35000 0.10000"
2658,0.0000,Tx-Rx,0,-54.3279,"-6.00000 -5.60000 0.90000, -4.75000 5.35000 0.10000"
2659,0.0000,Tx-Rx,0,-54.7312,"-6.00000 -5.60000 0.90000, -4.45000 5.35000 0.10000"
2660,0.0000,Tx-Rx,0,-55.8658,"-6.00000 -5.60000 0.90000, -4.15000 5.35000 0.10000"
2661,0.0000,Tx-Rx,0,-58.9165,"-6.00000 -5.60000 0.90000, -3.85000 5.35000 0.10000"
2662,0.0000,Tx-Rx,0,-62.5062,"-6.00000 -5.60000 0.90000, -3.55000 5.35000 0.10000"
2663,0.0000,Tx-Rx,0,-63.6935,"-6.00000 -5.60000 0.90000, -3.25000 5.35000 0.10000"
2664,0.0000,Tx-Rx,0,-64.3428,"-6.00000 -5.60000 0.90000, -2.95000 5.35000 0.10000"
2665,0.0000,Tx-Rx,0,-64.2121,"-6.00000 -5.60000 0.90000, -2.65000 5.35000 0.10000"
2666,0.0000,Tx-Rx,0,-64.5305,"-6.00000 -5.60000 0.90000, -2.35000 5.35000 0.10000"
2667,0.0000,Tx-Rx,0,-62.7267,"-6.00000 -5.60000 0.90000, -2.05000 5.35000 0.10000"
2668,0.0000,Tx-Rx,0,-64.6192,"-6.00000 -5.60000 0.90000, -1.75000 5.35000 0.10000"
2669,0.0000,Tx-Rx,0,-59.2242,"-6.00000 -5.60000 0.90000, -1.45000 5.35000 0.10000"
2670,0.0000,Tx-Rx,0,-58.8116,"-6.00000 -5.60000 0.90000, -1.15000 5.35000 0.10000"
2671,0.0000,Tx-Rx,0,-59.3823,"-6.00000 -5.60000 0.90000, -0.85000 5.35000 0.10000"
2672,0.0000,Tx-Rx,0,-61.2436,"-6.00000 -5.60000 0.90000, -0.55000 5.35000 0.10000"
2673,0.0000,Tx-Rx,0,-64.0494,"-6.00000 -5.60000 0.90000, -0.25000 5.35000 0.10000"
2674,0.0000,Tx-Rx,0,-65.5958,"-6.00000 -5.60000 0.90000, 0.05000 5.35000 0.10000"
2675,0.0000,Tx-Rx,0,-66.0924,"-6.00000 -5.60000 0.90000, 0.35000 5.35000 0.10000"
2676,0.0000,Tx-Rx,0,-67.3982,"-6.00000 -5.60000 0.90000, 0.65000 5.35000 0.10000"
2677,0.0000,Tx-Rx,0,-70.2968,"-6.00000 -5.60000 0.90000, 0.95000 5.35000 0.10000"
2678,0.0000,Tx-Rx,0,-75.8445,"-6.00000 -5.60000 0.90000, 1.25000 5.35000 0.10000"
2679,0.0000,Tx-Rx,0,-72.2837,"-6.00000 -5.60000 0.90000, 1.55000 5.35000 0.10000"
2680,0.0000,Tx-Rx,0,-72.6200,"-6.00000 -5.60000 0.90000, 1.85000 5.35000 0.10000"
2681,0.0000,Tx-Rx,0,-72.3208,"-6.00000 -5.60000 0.90000, 2.15000 5.35000 0.10000"
2682,0.0000,Tx-Rx,0,-75.4511,"-6.00000 -5.60000 0.90000, 2.45000 5.35000 0.10000"
2683,0.0000,Tx-Rx,0,-72.5405,"-6.00000 -5.60000 0.90000, 2.75000 5.35000 0.10000"
2684,0.0000,Tx-Rx,0,-61.1683,"-6.00000 -5.60000 0.90000, 3.05000 5.35000 0.10000"
2685,0.0000,Tx-Rx,0,-57.1588,"-6.00000 -5.60000 0.90000, 3.35000 5.35000 0.10000"
2686,0.0000,Tx-Rx,0,-57.0801,"-6.00000 -5.60000 0.90000, 3.65000 5.35000 0.10000"
2687,0.0000,Tx-Rx,0,-71.8987,"-6.00000 -5.60000 0.90000, 3.95000 5.35000 0.10000"
2688,0.0000,Tx-Rx,0,-81.0937,"-6.00000 -5.60000 0.90000, 4.25000 5.35000 0.10000"
2689,0.0000,Tx-Rx,0,-83.9681,"-6.00000 -5.60000 0.90000, 4.55000 5.35000 0.10000"
2690,0.0000,Tx-Rx,0,-73.1622,"-6.00000 -5.60000 0.90000, 4.85000 5.35000 0.10000"
2691,0.0000,Tx-Rx,0,-70.0201,"-6.00000 -5.60000 0.90000, 5.15000 5.35000 0.10000"
2692,0.0000,Tx-Rx,0,-70.0688,"-6.00000 -5.60000 0.90000, 5.45000 5.35000 0.10000"
2693,0.0000,Tx-Rx,0,-75.0479,"-6.00000 -5.60000 0.90000, 5.75000 5.35000 0.10000"
2694,0.0000,Tx-Rx,0,-79.9592,"-6.00000 -5.60000 0.90000, 6.05000 5.35000 0.10000"
2695,0.0000,Tx-Rx,0,-84.0605,"-6.00000 -5.60000 0.90000, 6.35000 5.35000 0.10000"
2696,0.0000,Tx-Rx,0,-85.7231,"-6.00000 -5.60000 0.90000, 6.65000 5.35000 0.10000"
2697,0.0000,Tx-Rx,0,-86.2877,"-6.00000 -5.60000 0.90000, 6.95000 5.35000 0.10000"
2698,0.0000,Tx-Rx,0,-86.3729,"-6.00000 -5.60000 0.90000, 7.25000 5.35000 0.10000"
2699,0.0000,Tx-Rx,0,-87.0137,"-6.00000 -5.60000 0.90000, 7.55000 5.35000 0.10000"
2700,0.0000,Tx-Rx,0,-98.2655,"-6.00000 -5.60000 0.90000, 7.85000 5.35000 0.10000"
2701,0.0000,Tx-Rx,0,-85.1762,"-6.00000 -5.60000 0.90000, -9.85000 5.65000 0.10000"
2702,0.0000,Tx-Rx,0,-84.3087,"-6.00000 -5.60000 0.90000, -9.55000 5.65000 0.10000"
2703,0.0000,Tx-Rx,0,-81.3471,"-6.00000 -5.60000 0.90000, -9.25000 5.65000 0.10000"
2704,0.0000,Tx-Rx,0,-82.6615,"-6.00000 -5.60000 0.90000, -8.95000 5.65000 0.10000"
2705,0.0000,Tx-Rx,0,-84.9812,"-6.00000 -5.60000 0.90000, -8.65000 5.65000 0.10000"
2706,0.0000,Tx-Rx,0,-87.0557,"-6.00000 -5.60000 0.90000, -8.35000 5.65000 0.10000"
2707,0.0000,Tx-Rx,0,-57.5254,"-6.00000 -5.60000 0.90000, -8.05000 5.65000 0.10000"
2708,0.0000,Tx-Rx,0,-52.7997,"-6.00000 -5.60000 0.90000, -7.75000 5.65000 0.10000"
2709,0.0000,Tx-Rx,0,-52.8733,"-6.00000 -5.60000 0.90000, -7.45000 5.65000 0.10000"
2710,0.0000,Tx-Rx,0,-53.0420,"-6.00000 -5.60000 0.90000, -7.15000 5.65000 0.10000"
2711,0.0000,Tx-Rx,0,-54.0831,"-6.00000 -5.60000 0.90000, -6.85000 5.65000 0.10000"
2712,0.0000,Tx-Rx,0,-54.0632,"-6.00000 -5.60000 0.90000, -6.55000 5.65000 0.10000"
2713,0.0000,Tx-Rx,0,-53.8282,"-6.00000 -5.60000 0.90000, -6.25000 5.65000 0.10000"
2714,0.0000,Tx-Rx,0,-52.5319,"-6.00000 -5.60000 0.90000, -5.95000 5.65000 0.10000"
2715,0.0000,Tx-Rx,0,-53.0143,"-6.00000 -5.60000 0.90000, -5.65000 5.65000 0.10000"
2716,0.0000,Tx-Rx,0,-54.5529,"-6.00000 -5.60000 0.90000, -5.35000 5.65000 0.10000"
2717,0.0000,Tx-Rx,0,-54.7157,"-6.00000 -5.60000 0.90000, -5.05000 5.65000 0.10000"
2718,0.0000,Tx-Rx,0,-54.7785,"-6.00000 -5.60000 0.90000, -4.75000 5.65000 0.10000"
2719,0.0000,Tx-Rx,0,-55.2206,"-6.00000 -5.60000 0.90000, -4.45000 5.65000 0.10000"
2720,0.0000,Tx-Rx,0,-56.0498,"-6.00000 -5.60000 0.90000, -4.15000 5.65000 0.10000"
2721,0.0000,Tx-Rx,0,-58.8506,"-6.00000 -5.60000 0.90000, -3.85000 5.65000 0.10000"
2722,0.0000,Tx-Rx,0,-62.4979,"-6.00000 -5.60000 0.90000, -3.55000 5.65000 0.10000"
2723,0.0000,Tx-Rx,0,-65.0276,"-6.00000 -5.60000 0.90000, -3.25000 5.65000 0.10000"
2724,0.0000,Tx-Rx,0,-65.2400,"-6.00000 -5.60000 0.90000, -2.95000 5.65000 0.10000"
2725,0.0000,Tx-Rx,0,-64.8047,"-6.00000 -5.60000 0.90000, -2.65000 5.65000 0.10000"
2726,0.0000,Tx-Rx,0,-64.9784,"-6.00000 -5.60000 0.90000, -2.35000 5.65000 0.10000"
2727,0.0000,Tx-Rx,0,-63.8155,"-6.00000 -5.60000 0.90000, -2.05000 5.65000 0.10000"
2728,0.0000,Tx-Rx,0,-66.5037,"-6.00000 -5.60000 0.90000, -1.75000 5.65000 0.10000"
2729,0.0000,Tx-Rx,0,-61.7513,"-6.00000 -5.60000 0.90000, -1.45000 5.65000 0.10000"
2730,0.0000,Tx-Rx,0,-58.6410,"-6.00000 -5.60000 0.90000, -1.15000 5.65000 0.10000"
2731,0.0000,Tx-Rx,0,-59.0553,"-6.00000 -5.60000 0.90000, -0.85000 5.65000 0.10000"
2732,0.0000,Tx-Rx,0,-60.7450,"-6.00000 -5.60000 0.90000, -0.55000 5.65000 0.10000"
2733,0.0000,Tx-Rx,0,-61.8052,"-6.00000 -5.60000 0.90000, -0.25000 5.65000 0.10000"
2734,0.0000,Tx-Rx,0,-66.7516,"-6.00000 -5.60000 0.90000, 0.05000 5.65000 0.10000"
2735,0.0000,Tx-Rx,0,-64.6406,"-6.00000 -5.60000 0.90000, 0.35000 5.65000 0.10000"
2736,0.0000,Tx-Rx,0,-67.2494,"-6.00000 -5.60000 0.90000, 0.65000 5.65000 0.10000"
2737,0.0000,Tx-Rx,0,-67.3349,"-6.00000 -5.60000 0.90000, 0.95000 5.65000 0.10000"
2738,0.0000,Tx-Rx,0,-69.7340,"-6.00000 -5.60000 0.90000, 1.25000 5.65000 0.10000"
2739,0.0000,Tx-Rx,0,-73.5804,"-6.00000 -5.60000 0.90000, 1.55000 5.65000 0.10000"
2740,0.0000,Tx-Rx,0,-72.4589,"-6.00000 -5.60000 0.90000, 1.85000 5.65000 0.10000"
2741,0.0000,Tx-Rx,0,-72.2293,"-6.00000 -5.60000 0.90000, 2.15000 5.65000 0.10000"
2742,0.0000,Tx-Rx,0,-71.5214,"-6.00000 -5.60000 0.90000, 2.45000 5.65000 0.10000"
2743,0.0000,Tx-Rx,0,-66.5428,"-6.00000 -5.60000 0.90000, 2.75000 5.65000 0.10000"
2744,0.0000,Tx-Rx,0,-69.5414,"-6.00000 -5.60000 0.90000, 3.05000 5.65000 0.10000"
2745,0.0000,Tx-Rx,0,-61.5034,"-6.00000 -5.60000 0.90000, 3.35000 5.65000 0.10000"
2746,0.0000,Tx-Rx,0,-56.8449,"-6.00000 -5.60000 0.90000, 3.65000 5.65000 0.10000"
2747,0.0000,Tx-Rx,0,-59.4005,"-6.00000 -5.60000 0.90000, 3.95000 5.65000 0.10000"
2748,0.0000,Tx-Rx,0,-76.9860,"-6.00000 -5.60000 0.90000, 4.25000 5.65000 0.10000"
2749,0.0000,Tx-Rx,0,-72.8944,"-6.00000 -5.60000 0.90000, 4.55000 5.65000 0.10000"
2750,0.0000,Tx-Rx,0,-70.3472,"-6.00000 -5.60000 0.90000, 4.85000 5.65000 0.10000"
2751,0.0000,Tx-Rx,0,-69.8097,"-6.00000 -5.60000 0.90000, 5.15000 5.65000 0.10000"
2752,0.0000,Tx-Rx,0,-76.8169,"-6.00000 -5.60000 0.90000, 5.45000 5.65000 0.10000"
2753,0.0000,Tx-Rx,0,-79.4530,"-6.00000 -5.60000 0.90000, 5.75000 5.65000 0.10000"
2754,0.0000,Tx-Rx,0,-80.4504,"-6.00000 -5.60000 0.90000, 6.05000 5.65000 0.10000"
2755,0.0000,Tx-Rx,0,-82.7865,"-6.00000 -5.60000 0.90000, 6.35000 5.65000 0.10000"
2756,0.0000,Tx-Rx,0,-87.8923,"-6.00000 -5.60000 0.90000, 6.65000 5.65000 0.10000"
2757,0.0000,Tx-Rx,0,-88.7733,"-6.00000 -5.60000 0.90000, 6.95000 5.65000 0.10000"
2758,0.0000,Tx-Rx,0,-88.5793,"-6.00000 -5.60000 0.90000, 7.25000 5.65000 0.10000"
2759,0.0000,Tx-Rx,0,-90.6558,"-6.00000 -5.60000 0.90000, 7.55000 5.65000 0.10000"
2760,0.0000,Tx-Rx,0,-106.7455,"-6.00000 -5.60000 0.90000, 7.85000 5.65000 0.10000"
2761,0.0000,Tx-Rx,0,-84.7984,"-6.00000 -5.60000 0.90000, -9.85000 5.95000 0.10000"
2762,0.0000,Tx-Rx,0,-84.6365,"-6.00000 -5.60000 0.90000, -9.55000 5.95000 0.10000"
2763,0.0000,Tx-Rx,0,-81.6204,"-6.00000 -5.60000 0.90000, -9.25000 5.95000 0.10000"
2764,0.0000,Tx-Rx,0,-82.4763,"-6.00000 -5.60000 0.90000, -8.95000 5.95000 0.10000"
2765,0.0000,Tx-Rx,0,-89.3248,"-6.00000 -5.60000 0.90000, -8.65000 5.95000 0.10000"
2766,0.0000,Tx-Rx,0,-89.5321,"-6.00000 -5.60000 0.90000, -8.35000 5.95000 0.10000"
2767,0.0000,Tx-Rx,0,-57.7950,"-6.00000 -5.60000 0.90000, -8.05000 5.95000 0.10000"
2768,0.0000,Tx-Rx,0,-52.9893,"-6.00000 -5.60000 0.90000, -7.75000 5.95000 0.10000"
2769,0.0000,Tx-Rx,0,-53.0564,"-6.00000 -5.60000 0.90000, -7.45000 5.95000 0.10000"
2770,0.0000,Tx-Rx,0,-52.9618,"-6.00000 -5.60000 0.90000, -7.15000 5.95000 0.10000"
2771,0.0000,Tx-Rx,0,-53.8857,"-6.00000 -5.60000 0.90000, -6.85000 5.95000 0.10000"
2772,0.0000,Tx-Rx,0,-54.2320,"-6.00000 -5.60000 0.90000, -6.55000 5.95000 0.10000"
2773,0.0000,Tx-Rx,0,-54.2813,"-6.00000 -5.60000 0.90000, -6.25000 5.95000 0.10000"
2774,0.0000,Tx-Rx,0,-52.9997,"-6.00000 -5.60000 0.90000, -5.95000 5.95000 0.10000"
2775,0.0000,Tx-Rx,0,-52.5622,"-6.00000 -5.60000 0.90000, -5.65000 5.95000 0.10000"
2776,0.0000,Tx-Rx,0,-54.3997,"-6.00000 -5.60000 0.90000, -5.35000 5.95000 0.10000"
2777,0.0000,Tx-Rx,0,-54.9197,"-6.00000 -5.60000 0.90000, -5.05000 5.95000 0.10000"
2778,0.0000,Tx-Rx,0,-55.1937,"-6.00000 -5.60000 0.90000, -4.75000 5.95000 0.10000"
2779,0.0000,Tx-Rx,0,-55.3432,"-6.00000 -5.60000 0.90000, -4.45000 5.95000 0.10000"
2780,0.0000,Tx-Rx,0,-55.9270,"-6.00000 -5.60000 0.90000, -4.15000 5.95000 0.10000"
2781,0.0000,Tx-Rx,0,-58.3938,"-6.00000 -5.60000 0.90000, -3.85000 5.95000 0.10000"
2782,0.0000,Tx-Rx,0,-61.5486,"-6.00000 -5.60000 0.90000, -3.55000 5.95000 0.10000"
2783,0.0000,Tx-Rx,0,-67.3417,"-6.00000 -5.60000 0.90000, -3.25000 5.95000 0.10000"
2784,0.0000,Tx-Rx,0,-64.6618,"-6.00000 -5.60000 0.90000, -2.95000 5.95000 0.10000"
2785,0.0000,Tx-Rx,0,-64.4784,"-6.00000 -5.60000 0.90000, -2.65000 5.95000 0.10000"
2786,0.0000,Tx-Rx,0,-64.6373,"-6.00000 -5.60000 0.90000, -2.35000 5.95000 0.10000"
2787,0.0000,Tx-Rx,0,-66.0057,"-6.00000 -5.60000 0.90000, -2.05000 5.95000 0.10000"
2788,0.0000,Tx-Rx,0,-66.2693,"-6.00000 -5.60000 0.90000, -1.75000 5.95000 0.10000"
2789,0.0000,Tx-Rx,0,-62.6404,"-6.00000 -5.60000 0.90000, -1.45000 5.95000 0.10000"
2790,0.0000,Tx-Rx,0,-62.6260,"-6.00000 -5.60000 0.90000, -1.15000 5.95000 0.10000"
2791,0.0000,Tx-Rx,0,-61.1867,"-6.00000 -5.60000 0.90000, -0.85000 5.95000 0.10000"
2792,0.0000,Tx-Rx,0,-62.4410,"-6.00000 -5.60000 0.90000, -0.55000 5.95000 0.10000"
2793,0.0000,Tx-Rx,0,-61.8651,"-6.00000 -5.60000 0.90000, -0.25000 5.95000 0.10000"
2794,0.0000,Tx-Rx,0,-67.7409,"-6.00000 -5.60000 0.90000, 0.05000 5.95000 0.10000"
2795,0.0000,Tx-Rx,0,-67.1957,"-6.00000 -5.60000 0.90000, 0.35000 5.95000 0.10000"
2796,0.0000,Tx-Rx,0,-65.2263,"-6.00000 -5.60000 0.90000, 0.65000 5.95000 0.10000"
2797,0.0000,Tx-Rx,0,-69.4961,"-6.00000 -5.60000 0.90000, 0.95000 5.95000 0.10000"
2798,0.0000,Tx-Rx,0,-66.8832,"-6.00000 -5.60000 0.90000, 1.25000 5.95000 0.10000"
2799,0.0000,Tx-Rx,0,-70.3583,"-6.00000 -5.60000 0.90000, 1.55000 5.95000 0.10000"
2800,0.0000,Tx-Rx,0,-73.3835,"-6.00000 -5.60000 0.90000, 1.85000 5.95000 0.10000"
2801,0.0000,Tx-Rx,0,-71.5752,"-6.00000 -5.60000 0.90000, 2.15000 5.95000 0.10000"
2802,0.0000,Tx-Rx,0,-67.3107,"-6.00000 -5.60000 0.90000, 2.45000 5.95000 0.10000"
2803,0.0000,Tx-Rx,0,-69.3330,"-6.00000 -5.60000 0.90000, 2.75000 5.95000 0.10000"
2804,0.0000,Tx-Rx,0,-76.9221,"-6.00000 -5.60000 0.90000, 3.05000 5.95000 0.10000"
2805,0.0000,Tx-Rx,0,-75.2361,"-6.00000 -5.60000 0.90000, 3.35000 5.95000 0.10000"
2806,0.0000,Tx-Rx,0,-60.2660,"-6.00000 -5.60000 0.90000, 3.65000 5.95000 0.10000"
2807,0.0000,Tx-Rx,0,-58.0757,"-6.00000 -5.60000 0.90000, 3.95000 5.95000 0.10000"
2808,0.0000,Tx-Rx,0,-60.1039,"-6.00000 -5.60000 0.90000, 4.25000 5.95000 0.10000"
2809,0.0000,Tx-Rx,0,-69.9629,"-6.00000 -5.60000 0.90000, 4.55000 5.95000 0.10000"
2810,0.0000,Tx-Rx,0,-69.1117,"-6.00000 -5.60000 0.90000, 4.85000 5.95000 0.10000"
2811,0.0000,Tx-Rx,0,-74.4509,"-6.00000 -5.60000 0.90000, 5.15000 5.95000 0.10000"
2812,0.0000,Tx-Rx,0,-83.7551,"-6.00000 -5.60000 0.90000, 5.45000 5.95000 0.10000"
2813,0.0000,Tx-Rx,0,-80.6976,"-6.00000 -5.60000 0.90000, 5.75000 5.95000 0.10000"
2814,0.0000,Tx-Rx,0,-81.4643,"-6.00000 -5.60000 0.90000, 6.05000 5.95000 0.10000"
2815,0.0000,Tx-Rx,0,-80.9646,"-6.00000 -5.60000 0.90000, 6.35000 5.95000 0.10000"
2816,0.0000,Tx-Rx,0,-85.2341,"-6.00000 -5.60000 0.90000, 6.65000 5.95000 0.10000"
2817,0.0000,Tx-Rx,0,-89.6272,"-6.00000 -5.60000 0.90000, 6.95000 5.95000 0.10000"
2818,0.0000,Tx-Rx,0,-89.2473,"-6.00000 -5.60000 0.90000, 7.25000 5.95000 0.10000"
2819,0.0000,Tx-Rx,0,-93.7795,"-6.00000 -5.60000 0.90000, 7.55000 5.95000 0.10000"
2820,0.0000,Tx-Rx,0,-120.0000,"-6.00000 -5.60000 0.90000, 7.85000 5.95000 0.10000"
2821,0.0000,Tx-Rx,0,-85.4181,"-6.00000 -5.60000 0.90000, -9.85000 6.25000 0.10000"
2822,0.0000,Tx-Rx,0,-81.1139,"-6.00000 -5.60000 0.90000, -9.55000 6.25000 0.10000"
2823,0.0000,Tx-Rx,0,-82.4373,"-6.00000 -5.60000 0.90000, -9.25000 6.25000 0.10000"
2824,0.0000,Tx-Rx,0,-86.1039,"-6.00000 -5.60000 0.90000, -8.95000 6.25000 0.10000"
2825,0.0000,Tx-Rx,0,-88.6810,"-6.00000 -5.60000 0.90000, -8.65000 6.25000 0.10000"
2826,0.0000,Tx-Rx,0,-89.2012,"-6.00000 -5.60000 0.90000, -8.35000 6.25000 0.10000"
2827,0.0000,Tx-Rx,0,-57.9294,"-6.00000 -5.60000 0.90000, -8.05000 6.25000 0.10000"
2828,0.0000,Tx-Rx,0,-53.0485,"-6.00000 -5.60000 0.90000, -7.75000 6.25000 0.10000"
2829,0.0000,Tx-Rx,0,-53.1025,"-6.00000 -5.60000 0.90000, -7.45000 6.25000 0.10000"
2830,0.0000,Tx-Rx,0,-53.2063,"-6.00000 -5.60000 0.90000, -7.15000 6.25000 0.10000"
2831,0.0000,Tx-Rx,0,-53.6136,"-6.00000 -5.60000 0.90000, -6.85000 6.25000 0.10000"
2832,0.0000,Tx-Rx,0,-54.3897,"-6.00000 -5.60000 0.90000, -6.55000 6.25000 0.10000"
2833,0.0000,Tx-Rx,0,-54.5120,"-6.00000 -5.60000 0.90000, -6.25000 6.25000 0.10000"
2834,0.0000,Tx-Rx,0,-53.8142,"-6.00000 -5.60000 0.90000, -5.95000 6.25000 0.10000"
2835,0.0000,Tx-Rx,0,-52.7258,"-6.00000 -5.60000 0.90000, -5.65000 6.25000 0.10000"
2836,0.0000,Tx-Rx,0,-53.6180,"-6.00000 -5.60000 0.90000, -5.35000 6.25000 0.10000"
2837,0.0000,Tx-Rx,0,-55.1142,"-6.00000 -5.60000 0.90000, -5.05000 6.25000 0.10000"
2838,0.0000,Tx-Rx,0,-55.2681,"-6.00000 -5.60000 0.90000, -4.75000 6.25000 0.10000"
2839,0.0000,Tx-Rx,0,-55.5368,"-6.00000 -5.60000 0.90000, -4.45000 6.25000 0.10000"
2840,0.0000,Tx-Rx,0,-55.8315,"-6.00000 -5.60000 0.90000, -4.15000 6.25000 0.10000"
2841,0.0000,Tx-Rx,0,-58.5893,"-6.00000 -5.60000 0.90000, -3.85000 6.25000 0.10000"
2842,0.0000,Tx-Rx,0,-63.5316,"-6.00000 -5.60000 0.90000, -3.55000 6.25000 0.10000"
2843,0.0000,Tx-Rx,0,-66.6600,"-6.00000 -5.60000 0.90000, -3.25000 6.25000 0.10000"
2844,0.0000,Tx-Rx,0,-64.5793,"-6.00000 -5.60000 0.90000, -2.95000 6.25000 0.10000"
2845,0.0000,Tx-Rx,0,-64.3007,"-6.00000 -5.60000 0.90000, -2.65000 6.25000 0.10000"
2846,0.0000,Tx-Rx,0,-64.4325,"-6.00000 -5.60000 0.90000, -2.35000 6.25000 0.10000"
2847,0.0000,Tx-Rx,0,-67.2799,"-6.00000 -5.60000 0.90000, -2.05000 6.25000 0.10000"
2848,0.0000,Tx-Rx,0,-64.0404,"-6.00000 -5.60000 0.90000, -1.75000 6.25000 0.10000"
2849,0.0000,Tx-Rx,0,-65.0193,"-6.00000 -5.60000 0.90000, -1.45000 6.25000 0.10000"
2850,0.0000,Tx-Rx,0,-64.9594,"-6.00000 -5.60000 0.90000, -1.15000 6.25000 0.10000"
2851,0.0000,Tx-Rx,0,-62.9313,"-6.00000 -5.60000 0.90000, -0.85000 6.25000 0.10000"
2852,0.0000,Tx-Rx,0,-62.0725,"-6.00000 -5.60000 0.90000, -0.55000 6.25000 0.10000"
2853,0.0000,Tx-Rx,0,-62.8516,"-6.00000 -5.60000 0.90000, -0.25000 6.25000 0.10000"
2854,0.0000,Tx-Rx,0,-66.6318,"-6.00000 -5.60000 0.90000, 0.05000 6.25000 0.10000"
2855,0.0000,Tx-Rx,0,-71.9689,"-6.00000 -5.60000 0.90000, 0.35000 6.25000 0.10000"
2856,0.0000,Tx-Rx,0,-64.9855,"-6.00000 -5.60000 0.90000, 0.65000 6.25000 0.10000"
2857,0.0000,Tx-Rx,0,-67.7222,"-6.00000 -5.60000 0.90000, 0.95000 6.25000 0.10000"
2858,0.0000,Tx-Rx,0,-69.0310,"-6.00000 -5.60000 0.90000, 1.25000 6.25000 0.10000"
2859,0.0000,Tx-Rx,0,-67.4385,"-6.00000 -5.60000 0.90000, 1.55000 6.25000 0.10000"
2860,0.0000,Tx-Rx,0,-70.4979,"-6.00000 -5.60000 0.90000, 1.85000 6.25000 0.10000"
2861,0.0000,Tx-Rx,0,-67.7205,"-6.00000 -5.60000 0.90000, 2.15000 6.25000 0.10000"
2862,0.0000,Tx-Rx,0,-69.8674,"-6.00000 -5.60000 0.90000, 2.45000 6.25000 0.10000"
2863,0.0000,Tx-Rx,0,-79.2699,"-6.00000 -5.60000 0.90000, 2.75000 6.25000 0.10000"
2864,0.0000,Tx-Rx,0,-80.0420,"-6.00000 -5.60000 0.90000, 3.05000 6.25000 0.10000"
2865,0.0000,Tx-Rx,0,-78.8493,"-6.00000 -5.60000 0.90000, 3.35000 6.25000 0.10000"
2866,0.0000,Tx-Rx,0,-72.8923,"-6.00000 -5.60000 0.90000, 3.65000 6.25000 0.10000"
2867,0.0000,Tx-Rx,0,-59.4708,"-6.00000 -5.60000 0.90000, 3.95000 6.25000 0.10000"
2868,0.0000,Tx-Rx,0,-56.6431,"-6.00000 -5.60000 0.90000, 4.25000 6.25000 0.10000"
2869,0.0000,Tx-Rx,0,-61.6276,"-6.00000 -5.60000 0.90000, 4.55000 6.25000 0.10000"
2870,0.0000,Tx-Rx,0,-71.1180,"-6.00000 -5.60000 0.90000, 4.85000 6.25000 0.10000"
2871,0.0000,Tx-Rx,0,-77.6354,"-6.00000 -5.60000 0.90000, 5.15000 6.25000 0.10000"
2872,0.0000,Tx-Rx,0,-81.4675,"-6.00000 -5.60000 0.90000, 5.45000 6.25000 0.10000"
2873,0.0000,Tx-Rx,0,-82.7589,"-6.00000 -5.60000 0.90000, 5.75000 6.25000 0.10000"
2874,0.0000,Tx-Rx,0,-83.4621,"-6.00000 -5.60000 0.90000, 6.05000 6.25000 0.10000"
2875,0.0000,Tx-Rx,0,-82.6059,"-6.00000 -5.60000 0.90000, 6.35000 6.25000 0.10000"
2876,0.0000,Tx-Rx,0,-82.2935,"-6.00000 -5.60000 0.90000, 6.65000 6.25000 0.10000"
2877,0.0000,Tx-Rx,0,-87.9918,"-6.00000 -5.60000 0.90000, 6.95000 6.25000 0.10000"
2878,0.0000,Tx-Rx,0,-92.1781,"-6.00000 -5.60000 0.90000, 7.25000 6.25000 0.10000"
2879,0.0000,Tx-Rx,0,-100.3073,"-6.00000 -5.60000 0.90000, 7.55000 6.25000 0.10000"
2880,0.0000,Tx-Rx,0,-95.7505,"-6.00000 -5.60000 0.90000, 7.85000 6.25000 0.10000"
2881,0.0000,Tx-Rx,0,-82.1640,"-6.00000 -5.60000 0.90000, -9.85000 6.55000 0.10000"
2882,0.0000,Tx-Rx,0,-83.3654,"-6.00000 -5.60000 0.90000, -9.55000 6.55000 0.10000"
2883,0.0000,Tx-Rx,0,-85.5835,"-6.00000 -5.60000 0.90000, -9.25000 6.55000 0.10000"
2884,0.0000,Tx-Rx,0,-86.8522,"-6.00000 -5.60000 0.90000, -8.95000 6.55000 0.10000"
2885,0.0000,Tx-Rx,0,-90.5637,"-6.00000 -5.60000 0.90000, -8.65000 6.55000 0.10000"
2886,0.0000,Tx-Rx,0,-93.7794,"-6.00000 -5.60000 0.90000, -8.35000 6.55000 0.10000"
2887,0.0000,Tx-Rx,0,-57.9675,"-6.00000 -5.60000 0.90000, -8.05000 6.55000 0.10000"
2888,0.0000,Tx-Rx,0,-53.2350,"-6.00000 -5.60000 0.90000, -7.75000 6.55000 0.10000"
2889,0.0000,Tx-Rx,0,-53.2487,"-6.00000 -5.60000 0.90000, -7.45000 6.55000 0.10000"
2890,0.0000,Tx-Rx,0,-53.1295,"-6.00000 -5.60000 0.90000, -7.15000 6.55000 0.10000"
2891,0.0000,Tx-Rx,0,-53.4505,"-6.00000 -5.60000 0.90000, -6.85000 6.55000 0.10000"
2892,0.0000,Tx-Rx,0,-54.4224,"-6.00000 -5.60000 0.90000, -6.55000 6.55000 0.10000"
2893,0.0000,Tx-Rx,0,-54.6859,"-6.00000 -5.60000 0.90000, -6.25000 6.55000 0.10000"
2894,0.0000,Tx-Rx,0,-54.6238,"-6.00000 -5.60000 0.90000, -5.95000 6.55000 0.10000"
2895,0.0000,Tx-Rx,0,-53.1606,"-6.00000 -5.60000 0.90000, -5.65000 6.55000 0.10000"
2896,0.0000,Tx-Rx,0,-53.2738,"-6.00000 -5.60000 0.90000, -5.35000 6.55000 0.10000"
2897,0.0000,Tx-Rx,0,-54.8739,"-6.00000 -5.60000 0.90000, -5.05000 6.55000 0.10000"
2898,0.0000,Tx-Rx,0,-55.4156,"-6.00000 -5.60000 0.90000, -4.75000 6.55000 0.10000"
2899,0.0000,Tx-Rx,0,-55.6381,"-6.00000 -5.60000 0.90000, -4.45000 6.55000 0.10000"
2900,0.0000,Tx-Rx,0,-56.1253,"-6.00000 -5.60000 0.90000, -4.15000 6.55000 0.10000"
2901,0.0000,Tx-Rx,0,-58.6702,"-6.00000 -5.60000 0.90000, -3.85000 6.55000 0.10000"
2902,0.0000,Tx-Rx,0,-63.9381,"-6.00000 -5.60000 0.90000, -3.55000 6.55000 0.10000"
2903,0.0000,Tx-Rx,0,-66.9051,"-6.00000 -5.60000 0.90000, -3.25000 6.55000 0.10000"
2904,0.0000,Tx-Rx,0,-66.1798,"-6.00000 -5.60000 0.90000, -2.95000 6.55000 0.10000"
2905,0.0000,Tx-Rx,0,-64.1111,"-6.00000 -5.60000 0.90000, -2.65000 6.55000 0.10000"
2906,0.0000,Tx-Rx,0,-64.1613,"-6.00000 -5.60000 0.90000, -2.35000 6.55000 0.10000"
2907,0.0000,Tx-Rx,0,-66.5808,"-6.00000 -5.60000 0.90000, -2.05000 6.55000 0.10000"
2908,0.0000,Tx-Rx,0,-63.5835,"-6.00000 -5.60000 0.90000, -1.75000 6.55000 0.10000"
2909,0.0000,Tx-Rx,0,-65.7663,"-6.00000 -5.60000 0.90000, -1.45000 6.55000 0.10000"
2910,0.0000,Tx-Rx,0,-64.4729,"-6.00000 -5.60000 0.90000, -1.15000 6.55000 0.10000"
2911,0.0000,Tx-Rx,0,-67.3060,"-6.00000 -5.60000 0.90000, -0.85000 6.55000 0.10000"
2912,0.0000,Tx-Rx,0,-61.7101,"-6.00000 -5.60000 0.90000, -0.55000 6.55000 0.10000"
2913,0.0000,Tx-Rx,0,-61.7986,"-6.00000 -5.60000 0.90000, -0.25000 6.55000 0.10000"
2914,0.0000,Tx-Rx,0,-66.6106,"-6.00000 -5.60000 0.90000, 0.05000 6.55000 0.10000"
2915,0.0000,Tx-Rx,0,-78.3361,"-6.00000 -5.60000 0.90000, 0.35000 6.55000 0.10000"
2916,0.0000,Tx-Rx,0,-67.2394,"-6.00000 -5.60000 0.90000, 0.65000 6.55000 0.10000"
2917,0.0000,Tx-Rx,0,-64.9360,"-6.00000 -5.60000 0.90000, 0.95000 6.55000 0.10000"
2918,0.0000,Tx-Rx,0,-69.8170,"-6.00000 -5.60000 0.90000, 1.25000 6.55000 0.10000"
2919,0.0000,Tx-Rx,0,-70.2375,"-6.00000 -5.60000 0.90000, 1.55000 6.55000 0.10000"
2920,0.0000,Tx-Rx,0,-65.6529,"-6.00000 -5.60000 0.90000, 1.85000 6.55000 0.10000"
2921,0.0000,Tx-Rx,0,-69.3455,"-6.00000 -5.60000 0.90000, 2.15000 6.55000 0.10000"
2922,0.0000,Tx-Rx,0,-79.3118,"-6.00000 -5.60000 0.90000, 2.45000 6.55000 0.10000"
2923,0.0000,Tx-Rx,0,-120.0000,"-6.00000 -5.60000 0.90000, 2.75000 6.55000 0.10000"
2924,0.0000,Tx-Rx,0,-120.0000,"-6.00000 -5.60000 0.90000, 3.05000 6.55000 0.10000"
2925,0.0000,Tx-Rx,0,-96.9170,"-6.00000 -5.60000 0.90000, 3.35000 6.55000 0.10000"
2926,0.0000,Tx-Rx,0,-88.1927,"-6.00000 -5.60000 0.90000, 3.65000 6.55000 0.10000"
2927,0.0000,Tx-Rx,0,-71.8015,"-6.00000 -5.60000 0.90000, 3.95000 6.55000 0.10000"
2928,0.0000,Tx-Rx,0,-64.7843,"-6.00000 -5.60000 0.90000, 4.25000 6.55000 0.10000"
2929,0.0000,Tx-Rx,0,-64.7225,"-6.00000 -5.60000 0.90000, 4.55000 6.55000 0.10000"
2930,0.0000,Tx-Rx,0,-72.7464,"-6.00000 -5.60000 0.90000, 4.85000 6.55000 0.10000"
2931,0.0000,Tx-Rx,0,-78.6533,"-6.00000 -5.60000 0.90000, 5.15000 6.55000 0.10000"
2932,0.0000,Tx-Rx,0,-78.8119,"-6.00000 -5.60000 0.90000, 5.45000 6.55000 0.10000"
2933,0.0000,Tx-Rx,0,-87.5423,"-6.00000 -5.60000 0.90000, 5.75000 6.55000 0.10000"
2934,0.0000,Tx-Rx,0,-92.1508,"-6.00000 -5.60000 0.90000, 6.05000 6.55000 0.10000"
2935,0.0000,Tx-Rx,0,-91.7182,"-6.00000 -5.60000 0.90000, 6.35000 6.55000 0.10000"
2936,0.0000,Tx-Rx,0,-89.8369,"-6.00000 -5.60000 0.90000, 6.65000 6.55000 0.10000"
2937,0.0000,Tx-Rx,0,-91.9105,"-6.00000 -5.60000 0.90000, 6.95000 6.55000 0.10000"
2938,0.0000,Tx-Rx,0,-95.0478,"-6.00000 -5.60000 0.90000, 7.25000 6.55000 0.10000"
2939,0.0000,Tx-Rx,0,-96.8928,"-6.00000 -5.60000 0.90000, 7.55000 6.55000 0.10000"
2940,0.0000,Tx-Rx,0,-96.0897,"-6.00000 -5.60000 0.90000, 7.85000 6.55000 0.10000"
2941,0.0000,Tx-Rx,0,-84.5517,"-6.00000 -5.60000 0.90000, -9.85000 6.85000 0.10000"
2942,0.0000,Tx-Rx,0,-82.9071,"-6.00000 -5.60000 0.90000, -9.55000 6.85000 0.10000"
2943,0.0000,Tx-Rx,0,-84.7544,"-6.00000 -5.60000 0.90000, -9.25000 6.85000 0.10000"
2944,0.0000,Tx-Rx,0,-87.6909,"-6.00000 -5.60000 0.90000, -8.95000 6.85000 0.10000"
2945,0.0000,Tx-Rx,0,-91.0351,"-6.00000 -5.60000 0.90000, -8.65000 6.85000 0.10000"
2946,0.0000,Tx-Rx,0,-93.6626,"-6.00000 -5.60000 0.90000, -8.35000 6.85000 0.10000"
2947,0.0000,Tx-Rx,0,-58.1269,"-6.00000 -5.60000 0.90000, -8.05000 6.85000 0.10000"
2948,0.0000,Tx-Rx,0,-53.2874,"-6.00000 -5.60000 0.90000, -7.75000 6.85000 0.10000"
2949,0.0000,Tx-Rx,0,-53.3737,"-6.00000 -5.60000 0.90000, -7.45000 6.85000 0.10000"
2950,0.0000,Tx-Rx,0,-53.1578,"-6.00000 -5.60000 0.90000, -7.15000 6.85000 0.10000"
2951,0.0000,Tx-Rx,0,-53.2782,"-6.00000 -5.60000 0.90000, -6.85000 6.85000 0.10000"
2952,0.0000,Tx-Rx,0,-54.3590,"-6.00000 -5.60000 0.90000, -6.55000 6.85000 0.10000"
2953,0.0000,Tx-Rx,0,-54.7504,"-6.00000 -5.60000 0.90000, -6.25000 6.85000 0.10000"
2954,0.0000,Tx-Rx,0,-54.7948,"-6.00000 -5.60000 0.90000, -5.95000 6.85000 0.10000"
2955,0.0000,Tx-Rx,0,-54.2257,"-6.00000 -5.60000 0.90000, -5.65000 6.85000 0.10000"
2956,0.0000,Tx-Rx,0,-53.2521,"-6.00000 -5.60000 0.90000, -5.35000 6.85000 0.10000"
2957,0.0000,Tx-Rx,0,-53.9882,"-6.00000 -5.60000 0.90000, -5.05000 6.85000 0.10000"
2958,0.0000,Tx-Rx,0,-55.8125,"-6.00000 -5.60000 0.90000, -4.75000 6.85000 0.10000"
2959,0.0000,Tx-Rx,0,-55.5915,"-6.00000 -5.60000 0.90000, -4.45000 6.85000 0.10000"
2960,0.0000,Tx-Rx,0,-56.8091,"-6.00000 -5.60000 0.90000, -4.15000 6.85000 0.10000"
2961,0.0000,Tx-Rx,0,-58.4576,"-6.00000 -5.60000 0.90000, -3.85000 6.85000 0.10000"
2962,0.0000,Tx-Rx,0,-63.1867,"-6.00000 -5.60000 0.90000, -3.55000 6.85000 0.10000"
2963,0.0000,Tx-Rx,0,-67.6216,"-6.00000 -5.60000 0.90000, -3.25000 6.85000 0.10000"
2964,0.0000,Tx-Rx,0,-66.0508,"-6.00000 -5.60000 0.90000, -2.95000 6.85000 0.10000"
2965,0.0000,Tx-Rx,0,-60.8650,"-6.00000 -5.60000 0.90000, -2.65000 6.85000 0.10000"
2966,0.0000,Tx-Rx,0,-65.3030,"-6.00000 -5.60000 0.90000, -2.35000 6.85000 0.10000"
2967,0.0000,Tx-Rx,0,-63.5813,"-6.00000 -5.60000 0.90000, -2.05000 6.85000 0.10000"
2968,0.0000,Tx-Rx,0,-65.9680,"-6.00000 -5.60000 0.90000, -1.75000 6.85000 0.10000"
2969,0.0000,Tx-Rx,0,-65.2157,"-6.00000 -5.60000 0.90000, -1.45000 6.85000 0.10000"
2970,0.0000,Tx-Rx,0,-64.0152,"-6.00000 -5.60000 0.90000, -1.15000 6.85000 0.10000"
2971,0.0000,Tx-Rx,0,-65.3886,"-6.00000 -5.60000 0.90000, -0.85000 6.85000 0.10000"
2972,0.0000,Tx-Rx,0,-64.2104,"-6.00000 -5.60000 0.90000, -0.55000 6.85000 0.10000"
2973,0.0000,Tx-Rx,0,-60.6507,"-6.00000 -5.60000 0.90000, -0.25000 6.85000 0.10000"
2974,0.0000,Tx-Rx,0,-66.2748,"-6.00000 -5.60000 0.90000, 0.05000 6.85000 0.10000"
2975,0.0000,Tx-Rx,0,-82.9407,"-6.00000 -5.60000 0.90000, 0.35000 6.85000 0.10000"
2976,0.0000,Tx-Rx,0,-68.6671,"-6.00000 -5.60000 0.90000, 0.65000 6.85000 0.10000"
2977,0.0000,Tx-Rx,0,-64.5180,"-6.00000 -5.60000 0.90000, 0.95000 6.85000 0.10000"
2978,0.0000,Tx-Rx,0,-66.8262,"-6.00000 -5.60000 0.90000, 1.25000 6.85000 0.10000"
2979,0.0000,Tx-Rx,0,-67.2486,"-6.00000 -5.60000 0.90000, 1.55000 6.85000 0.10000"
2980,0.0000,Tx-Rx,0,-68.4141,"-6.00000 -5.60000 0.90000, 1.85000 6.85000 0.10000"
2981,0.0000,Tx-Rx,0,-68.2802,"-6.00000 -5.60000 0.90000, 2.15000 6.85000 0.10000"
2982,0.0000,Tx-Rx,0,-75.9159,"-6.00000 -5.60000 0.90000, 2.45000 6.85000 0.10000"
2983,0.0000,Tx-Rx,0,-120.0000,"-6.00000 -5.60000 0.90000, 2.75000 6.85000 0.10000"
2984,0.0000,Tx-Rx,0,-120.0000,"-6.00000 -5.60000 0.90000, 3.05000 6.85000 0.10000"
2985,0.0000,Tx-Rx,0,-97.5616,"-6.00000 -5.60000 0.90000, 3.35000 6.85000 0.10000"
2986,0.0000,Tx-Rx,0,-88.9908,"-6.00000 -5.60000 0.90000, 3.65000 6.85000 0.10000"
2987,0.0000,Tx-Rx,0,-85.9109,"-6.00000 -5.60000 0.90000, 3.95000 6.85000 0.10000"
2988,0.0000,Tx-Rx,0,-75.1492,"-6.00000 -5.60000 0.90000, 4.25000 6.85000 0.10000"
2989,0.0000,Tx-Rx,0,-68.8198,"-6.00000 -5.60000 0.90000, 4.55000 6.85000 0.10000"
2990,0.0000,Tx-Rx,0,-68.1393,"-6.00000 -5.60000 0.90000, 4.85000 6.85000 0.10000"
2991,0.0000,Tx-Rx,0,-74.3060,"-6.00000 -5.60000 0.90000, 5.15000 6.85000 0.10000"
2992,0.0000,Tx-Rx,0,-84.0330,"-6.00000 -5.60000 0.90000, 5.45000 6.85000 0.10000"
2993,0.0000,Tx-Rx,0,-88.1733,"-6.00000 -5.60000 0.90000, 5.75000 6.85000 0.10000"
2994,0.0000,Tx-Rx,0,-88.3820,"-6.00000 -5.60000 0.90000, 6.05000 6.85000 0.10000"
2995,0.0000,Tx-Rx,0,-95.0882,"-6.00000 -5.60000 0.90000, 6.35000 6.85000 0.10000"
2996,0.0000,Tx-Rx,0,-92.9190,"-6.00000 -5.60000 0.90000, 6.65000 6.85000 0.10000"
2997,0.0000,Tx-Rx,0,-93.1088,"-6.00000 -5.60000 0.90000, 6.95000 6.85000 0.10000"
2998,0.0000,Tx-Rx,0,-89.6171,"-6.00000 -5.60000 0.90000, 7.25000 6.85000 0.10000"
2999,0.0000,Tx-Rx,0,-95.6055,"-6.00000 -5.60000 0.90000, 7.55000 6.85000 0.10000"
3000,0.0000,Tx-Rx,0,-101.7186,"-6.00000 -5.60000 0.90000, 7.85000 6.85000 0.10000"
