Rx_Number,Path_Power_dBm,Interaction_Description,Total_Interactions_for_Path,RSS_dBm,Interaction_Coordinates
1,0.0000,Tx-Rx,0,-120.0000,"-0.15000 1.10000 4.90000, 9.85000 0.10000 7.85000"
2,0.0000,Tx-Rx,0,-120.0000,"-0.15000 1.10000 4.90000, 9.55000 0.10000 7.85000"
3,0.0000,Tx-Rx,0,-120.0000,"-0.15000 1.10000 4.90000, 9.25000 0.10000 7.85000"
4,0.0000,Tx-Rx,0,-120.0000,"-0.15000 1.10000 4.90000, 8.95000 0.10000 7.85000"
5,0.0000,Tx-Rx,0,-120.0000,"-0.15000 1.10000 4.90000, 8.65000 0.10000 7.85000"
6,0.0000,Tx-Rx,0,-120.0000,"-0.15000 1.10000 4.90000, 8.35000 0.10000 7.85000"
7,0.0000,Tx-Rx,0,-115.5954,"-0.15000 1.10000 4.90000, 8.05000 0.10000 7.85000"
8,0.0000,Tx-Rx,0,-107.9350,"-0.15000 1.10000 4.90000, 7.75000 0.10000 7.85000"
9,0.0000,Tx-Rx,0,-95.4502,"-0.15000 1.10000 4.90000, 7.45000 0.10000 7.85000"
10,0.0000,Tx-Rx,0,-93.5524,"-0.15000 1.10000 4.90000, 7.15000 0.10000 7.85000"
11,0.0000,Tx-Rx,0,-88.9674,"-0.15000 1.10000 4.90000, 6.85000 0.10000 7.85000"
12,0.0000,Tx-Rx,0,-84.3514,"-0.15000 1.10000 4.90000, 6.55000 0.10000 7.85000"
13,0.0000,Tx-Rx,0,-80.9548,"-0.15000 1.10000 4.90000, 6.25000 0.10000 7.85000"
14,0.0000,Tx-Rx,0,-77.0826,"-0.15000 1.10000 4.90000, 5.95000 0.10000 7.85000"
15,0.0000,Tx-Rx,0,-75.6108,"-0.15000 1.10000 4.90000, 5.65000 0.10000 7.85000"
16,0.0000,Tx-Rx,0,-75.6048,"-0.15000 1.10000 4.90000, 5.35000 0.10000 7.85000"
17,0.0000,Tx-Rx,0,-75.3275,"-0.15000 1.10000 4.90000, 5.05000 0.10000 7.85000"
18,0.0000,Tx-Rx,0,-74.3930,"-0.15000 1.10000 4.90000, 4.75000 0.10000 7.85000"
19,0.0000,Tx-Rx,0,-74.9295,"-0.15000 1.10000 4.90000, 4.45000 0.10000 7.85000"
20,0.0000,Tx-Rx,0,-74.4483,"-0.15000 1.10000 4.90000, 4.15000 0.10000 7.85000"
21,0.0000,Tx-Rx,0,-74.2930,"-0.15000 1.10000 4.90000, 3.85000 0.10000 7.85000"
22,0.0000,Tx-Rx,0,-74.6575,"-0.15000 1.10000 4.90000, 3.55000 0.10000 7.85000"
23,0.0000,Tx-Rx,0,-74.6244,"-0.15000 1.10000 4.90000, 3.25000 0.10000 7.85000"
24,0.0000,Tx-Rx,0,-74.4523,"-0.15000 1.10000 4.90000, 2.95000 0.10000 7.85000"
25,0.0000,Tx-Rx,0,-74.1497,"-0.15000 1.10000 4.90000, 2.65000 0.10000 7.85000"
26,0.0000,Tx-Rx,0,-74.7390,"-0.15000 1.10000 4.90000, 2.35000 0.10000 7.85000"
27,0.0000,Tx-Rx,0,-81.1738,"-0.15000 1.10000 4.90000, 2.05000 0.10000 7.85000"
28,0.0000,Tx-Rx,0,-82.5528,"-0.15000 1.10000 4.90000, 1.75000 0.10000 7.85000"
29,0.0000,Tx-Rx,0,-84.1099,"-0.15000 1.10000 4.90000, 1.45000 0.10000 7.85000"
30,0.0000,Tx-Rx,0,-83.3231,"-0.15000 1.10000 4.90000, 1.15000 0.10000 7.85000"
31,0.0000,Tx-Rx,0,-83.8078,"-0.15000 1.10000 4.90000, 0.85000 0.10000 7.85000"
32,0.0000,Tx-Rx,0,-77.5808,"-0.15000 1.10000 4.90000, 0.55000 0.10000 7.85000"
33,0.0000,Tx-Rx,0,-75.6001,"-0.15000 1.10000 4.90000, 0.25000 0.10000 7.85000"
34,0.0000,Tx-Rx,0,-49.0334,"-0.15000 1.10000 4.90000, -0.05000 0.10000 7.85000"
35,0.0000,Tx-Rx,0,-47.4942,"-0.15000 1.10000 4.90000, -0.35000 0.10000 7.85000"
36,0.0000,Tx-Rx,0,-47.9431,"-0.15000 1.10000 4.90000, -0.65000 0.10000 7.85000"
37,0.0000,Tx-Rx,0,-49.7501,"-0.15000 1.10000 4.90000, -0.95000 0.10000 7.85000"
38,0.0000,Tx-Rx,0,-52.8595,"-0.15000 1.10000 4.90000, -1.25000 0.10000 7.85000"
39,0.0000,Tx-Rx,0,-54.0630,"-0.15000 1.10000 4.90000, -1.55000 0.10000 7.85000"
40,0.0000,Tx-Rx,0,-52.0072,"-0.15000 1.10000 4.90000, -1.85000 0.10000 7.85000"
41,0.0000,Tx-Rx,0,-50.9335,"-0.15000 1.10000 4.90000, -2.15000 0.10000 7.85000"
42,0.0000,Tx-Rx,0,-46.4715,"-0.15000 1.10000 4.90000, -2.45000 0.10000 7.85000"
43,0.0000,Tx-Rx,0,-56.3779,"-0.15000 1.10000 4.90000, -2.75000 0.10000 7.85000"
44,0.0000,Tx-Rx,0,-64.0377,"-0.15000 1.10000 4.90000, -3.05000 0.10000 7.85000"
45,0.0000,Tx-Rx,0,-64.8463,"-0.15000 1.10000 4.90000, -3.35000 0.10000 7.85000"
46,0.0000,Tx-Rx,0,-69.9059,"-0.15000 1.10000 4.90000, -3.65000 0.10000 7.85000"
47,0.0000,Tx-Rx,0,-74.5647,"-0.15000 1.10000 4.90000, -3.95000 0.10000 7.85000"
48,0.0000,Tx-Rx,0,-76.6034,"-0.15000 1.10000 4.90000, -4.25000 0.10000 7.85000"
49,0.0000,Tx-Rx,0,-71.7086,"-0.15000 1.10000 4.90000, -4.55000 0.10000 7.85000"
50,0.0000,Tx-Rx,0,-68.2040,"-0.15000 1.10000 4.90000, -4.85000 0.10000 7.85000"
51,0.0000,Tx-Rx,0,-68.1948,"-0.15000 1.10000 4.90000, -5.15000 0.10000 7.85000"
52,0.0000,Tx-Rx,0,-65.4771,"-0.15000 1.10000 4.90000, -5.45000 0.10000 7.85000"
53,0.0000,Tx-Rx,0,-59.9789,"-0.15000 1.10000 4.90000, -5.75000 0.10000 7.85000"
54,0.0000,Tx-Rx,0,-59.7681,"-0.15000 1.10000 4.90000, -6.05000 0.10000 7.85000"
55,0.0000,Tx-Rx,0,-59.5267,"-0.15000 1.10000 4.90000, -6.35000 0.10000 7.85000"
56,0.0000,Tx-Rx,0,-59.1903,"-0.15000 1.10000 4.90000, -6.65000 0.10000 7.85000"
57,0.0000,Tx-Rx,0,-59.1694,"-0.15000 1.10000 4.90000, -6.95000 0.10000 7.85000"
58,0.0000,Tx-Rx,0,-59.2148,"-0.15000 1.10000 4.90000, -7.25000 0.10000 7.85000"
59,0.0000,Tx-Rx,0,-59.2630,"-0.15000 1.10000 4.90000, -7.55000 0.10000 7.85000"
60,0.0000,Tx-Rx,0,-58.1420,"-0.15000 1.10000 4.90000, -7.85000 0.10000 7.85000"
61,0.0000,Tx-Rx,0,-120.0000,"-0.15000 1.10000 4.90000, 9.85000 0.10000 7.55000"
62,0.0000,Tx-Rx,0,-120.0000,"-0.15000 1.10000 4.90000, 9.55000 0.10000 7.55000"
63,0.0000,Tx-Rx,0,-102.3146,"-0.15000 1.10000 4.90000, 9.25000 0.10000 7.55000"
64,0.0000,Tx-Rx,0,-102.4183,"-0.15000 1.10000 4.90000, 8.95000 0.10000 7.55000"
65,0.0000,Tx-Rx,0,-120.0000,"-0.15000 1.10000 4.90000, 8.65000 0.10000 7.55000"
66,0.0000,Tx-Rx,0,-120.0000,"-0.15000 1.10000 4.90000, 8.35000 0.10000 7.55000"
67,0.0000,Tx-Rx,0,-120.0000,"-0.15000 1.10000 4.90000, 8.05000 0.10000 7.55000"
68,0.0000,Tx-Rx,0,-97.5864,"-0.15000 1.10000 4.90000, 7.75000 0.10000 7.55000"
69,0.0000,Tx-Rx,0,-90.2431,"-0.15000 1.10000 4.90000, 7.45000 0.10000 7.55000"
70,0.0000,Tx-Rx,0,-87.8076,"-0.15000 1.10000 4.90000, 7.15000 0.10000 7.55000"
71,0.0000,Tx-Rx,0,-89.5496,"-0.15000 1.10000 4.90000, 6.85000 0.10000 7.55000"
72,0.0000,Tx-Rx,0,-85.6728,"-0.15000 1.10000 4.90000, 6.55000 0.10000 7.55000"
73,0.0000,Tx-Rx,0,-81.2702,"-0.15000 1.10000 4.90000, 6.25000 0.10000 7.55000"
74,0.0000,Tx-Rx,0,-76.4091,"-0.15000 1.10000 4.90000, 5.95000 0.10000 7.55000"
75,0.0000,Tx-Rx,0,-75.0952,"-0.15000 1.10000 4.90000, 5.65000 0.10000 7.55000"
76,0.0000,Tx-Rx,0,-75.4407,"-0.15000 1.10000 4.90000, 5.35000 0.10000 7.55000"
77,0.0000,Tx-Rx,0,-75.1569,"-0.15000 1.10000 4.90000, 5.05000 0.10000 7.55000"
78,0.0000,Tx-Rx,0,-74.8224,"-0.15000 1.10000 4.90000, 4.75000 0.10000 7.55000"
79,0.0000,Tx-Rx,0,-74.8793,"-0.15000 1.10000 4.90000, 4.45000 0.10000 7.55000"
80,0.0000,Tx-Rx,0,-74.8496,"-0.15000 1.10000 4.90000, 4.15000 0.10000 7.55000"
81,0.0000,Tx-Rx,0,-74.4566,"-0.15000 1.10000 4.90000, 3.85000 0.10000 7.55000"
82,0.0000,Tx-Rx,0,-74.3327,"-0.15000 1.10000 4.90000, 3.55000 0.10000 7.55000"
83,0.0000,Tx-Rx,0,-74.2758,"-0.15000 1.10000 4.90000, 3.25000 0.10000 7.55000"
84,0.0000,Tx-Rx,0,-74.1258,"-0.15000 1.10000 4.90000, 2.95000 0.10000 7.55000"
85,0.0000,Tx-Rx,0,-73.9520,"-0.15000 1.10000 4.90000, 2.65000 0.10000 7.55000"
86,0.0000,Tx-Rx,0,-73.8526,"-0.15000 1.10000 4.90000, 2.35000 0.10000 7.55000"
87,0.0000,Tx-Rx,0,-79.9348,"-0.15000 1.10000 4.90000, 2.05000 0.10000 7.55000"
88,0.0000,Tx-Rx,0,-81.1295,"-0.15000 1.10000 4.90000, 1.75000 0.10000 7.55000"
89,0.0000,Tx-Rx,0,-82.0645,"-0.15000 1.10000 4.90000, 1.45000 0.10000 7.55000"
90,0.0000,Tx-Rx,0,-82.0404,"-0.15000 1.10000 4.90000, 1.15000 0.10000 7.55000"
91,0.0000,Tx-Rx,0,-80.4164,"-0.15000 1.10000 4.90000, 0.85000 0.10000 7.55000"
92,0.0000,Tx-Rx,0,-77.2605,"-0.15000 1.10000 4.90000, 0.55000 0.10000 7.55000"
93,0.0000,Tx-Rx,0,-76.2784,"-0.15000 1.10000 4.90000, 0.25000 0.10000 7.55000"
94,0.0000,Tx-Rx,0,-51.3258,"-0.15000 1.10000 4.90000, -0.05000 0.10000 7.55000"
95,0.0000,Tx-Rx,0,-48.5602,"-0.15000 1.10000 4.90000, -0.35000 0.10000 7.55000"
96,0.0000,Tx-Rx,0,-47.5598,"-0.15000 1.10000 4.90000, -0.65000 0.10000 7.55000"
97,0.0000,Tx-Rx,0,-47.3822,"-0.15000 1.10000 4.90000, -0.95000 0.10000 7.55000"
98,0.0000,Tx-Rx,0,-48.2868,"-0.15000 1.10000 4.90000, -1.25000 0.10000 7.55000"
99,0.0000,Tx-Rx,0,-51.1273,"-0.15000 1.10000 4.90000, -1.55000 0.10000 7.55000"
100,0.0000,Tx-Rx,0,-50.6421,"-0.15000 1.10000 4.90000, -1.85000 0.10000 7.55000"
101,0.0000,Tx-Rx,0,-50.3920,"-0.15000 1.10000 4.90000, -2.15000 0.10000 7.55000"
102,0.0000,Tx-Rx,0,-46.0026,"-0.15000 1.10000 4.90000, -2.45000 0.10000 7.55000"
103,0.0000,Tx-Rx,0,-55.1450,"-0.15000 1.10000 4.90000, -2.75000 0.10000 7.55000"
104,0.0000,Tx-Rx,0,-56.1724,"-0.15000 1.10000 4.90000, -3.05000 0.10000 7.55000"
105,0.0000,Tx-Rx,0,-59.2669,"-0.15000 1.10000 4.90000, -3.35000 0.10000 7.55000"
106,0.0000,Tx-Rx,0,-71.0412,"-0.15000 1.10000 4.90000, -3.65000 0.10000 7.55000"
107,0.0000,Tx-Rx,0,-74.8939,"-0.15000 1.10000 4.90000, -3.95000 0.10000 7.55000"
108,0.0000,Tx-Rx,0,-74.0960,"-0.15000 1.10000 4.90000, -4.25000 0.10000 7.55000"
109,0.0000,Tx-Rx,0,-70.2270,"-0.15000 1.10000 4.90000, -4.55000 0.10000 7.55000"
110,0.0000,Tx-Rx,0,-67.3350,"-0.15000 1.10000 4.90000, -4.85000 0.10000 7.55000"
111,0.0000,Tx-Rx,0,-67.5930,"-0.15000 1.10000 4.90000, -5.15000 0.10000 7.55000"
112,0.0000,Tx-Rx,0,-65.9773,"-0.15000 1.10000 4.90000, -5.45000 0.10000 7.55000"
113,0.0000,Tx-Rx,0,-60.0225,"-0.15000 1.10000 4.90000, -5.75000 0.10000 7.55000"
114,0.0000,Tx-Rx,0,-60.2121,"-0.15000 1.10000 4.90000, -6.05000 0.10000 7.55000"
115,0.0000,Tx-Rx,0,-60.2411,"-0.15000 1.10000 4.90000, -6.35000 0.10000 7.55000"
116,0.0000,Tx-Rx,0,-59.5072,"-0.15000 1.10000 4.90000, -6.65000 0.10000 7.55000"
117,0.0000,Tx-Rx,0,-58.1815,"-0.15000 1.10000 4.90000, -6.95000 0.10000 7.55000"
118,0.0000,Tx-Rx,0,-54.7326,"-0.15000 1.10000 4.90000, -7.25000 0.10000 7.55000"
119,0.0000,Tx-Rx,0,-52.9259,"-0.15000 1.10000 4.90000, -7.55000 0.10000 7.55000"
120,0.0000,Tx-Rx,0,-51.7165,"-0.15000 1.10000 4.90000, -7.85000 0.10000 7.55000"
121,0.0000,Tx-Rx,0,-113.0963,"-0.15000 1.10000 4.90000, 9.85000 0.10000 7.25000"
122,0.0000,Tx-Rx,0,-120.0000,"-0.15000 1.10000 4.90000, 9.55000 0.10000 7.25000"
123,0.0000,Tx-Rx,0,-120.0000,"-0.15000 1.10000 4.90000, 9.25000 0.10000 7.25000"
124,0.0000,Tx-Rx,0,-120.0000,"-0.15000 1.10000 4.90000, 8.95000 0.10000 7.25000"
125,0.0000,Tx-Rx,0,-120.0000,"-0.15000 1.10000 4.90000, 8.65000 0.10000 7.25000"
126,0.0000,Tx-Rx,0,-99.3011,"-0.15000 1.10000 4.90000, 8.35000 0.10000 7.25000"
127,0.0000,Tx-Rx,0,-88.1122,"-0.15000 1.10000 4.90000, 8.05000 0.10000 7.25000"
128,0.0000,Tx-Rx,0,-84.3885,"-0.15000 1.10000 4.90000, 7.75000 0.10000 7.25000"
129,0.0000,Tx-Rx,0,-83.5609,"-0.15000 1.10000 4.90000, 7.45000 0.10000 7.25000"
130,0.0000,Tx-Rx,0,-81.0442,"-0.15000 1.10000 4.90000, 7.15000 0.10000 7.25000"
131,0.0000,Tx-Rx,0,-78.7428,"-0.15000 1.10000 4.90000, 6.85000 0.10000 7.25000"
132,0.0000,Tx-Rx,0,-79.3815,"-0.15000 1.10000 4.90000, 6.55000 0.10000 7.25000"
133,0.0000,Tx-Rx,0,-77.0002,"-0.15000 1.10000 4.90000, 6.25000 0.10000 7.25000"
134,0.0000,Tx-Rx,0,-76.2531,"-0.15000 1.10000 4.90000, 5.95000 0.10000 7.25000"
135,0.0000,Tx-Rx,0,-75.1963,"-0.15000 1.10000 4.90000, 5.65000 0.10000 7.25000"
136,0.0000,Tx-Rx,0,-74.8800,"-0.15000 1.10000 4.90000, 5.35000 0.10000 7.25000"
137,0.0000,Tx-Rx,0,-74.7415,"-0.15000 1.10000 4.90000, 5.05000 0.10000 7.25000"
138,0.0000,Tx-Rx,0,-75.2678,"-0.15000 1.10000 4.90000, 4.75000 0.10000 7.25000"
139,0.0000,Tx-Rx,0,-74.6618,"-0.15000 1.10000 4.90000, 4.45000 0.10000 7.25000"
140,0.0000,Tx-Rx,0,-74.6914,"-0.15000 1.10000 4.90000, 4.15000 0.10000 7.25000"
141,0.0000,Tx-Rx,0,-74.5331,"-0.15000 1.10000 4.90000, 3.85000 0.10000 7.25000"
142,0.0000,Tx-Rx,0,-73.9821,"-0.15000 1.10000 4.90000, 3.55000 0.10000 7.25000"
143,0.0000,Tx-Rx,0,-74.0850,"-0.15000 1.10000 4.90000, 3.25000 0.10000 7.25000"
144,0.0000,Tx-Rx,0,-73.7904,"-0.15000 1.10000 4.90000, 2.95000 0.10000 7.25000"
145,0.0000,Tx-Rx,0,-73.6306,"-0.15000 1.10000 4.90000, 2.65000 0.10000 7.25000"
146,0.0000,Tx-Rx,0,-73.1742,"-0.15000 1.10000 4.90000, 2.35000 0.10000 7.25000"
147,0.0000,Tx-Rx,0,-79.8155,"-0.15000 1.10000 4.90000, 2.05000 0.10000 7.25000"
148,0.0000,Tx-Rx,0,-80.4802,"-0.15000 1.10000 4.90000, 1.75000 0.10000 7.25000"
149,0.0000,Tx-Rx,0,-80.1178,"-0.15000 1.10000 4.90000, 1.45000 0.10000 7.25000"
150,0.0000,Tx-Rx,0,-80.1204,"-0.15000 1.10000 4.90000, 1.15000 0.10000 7.25000"
151,0.0000,Tx-Rx,0,-80.8345,"-0.15000 1.10000 4.90000, 0.85000 0.10000 7.25000"
152,0.0000,Tx-Rx,0,-76.7924,"-0.15000 1.10000 4.90000, 0.55000 0.10000 7.25000"
153,0.0000,Tx-Rx,0,-77.0113,"-0.15000 1.10000 4.90000, 0.25000 0.10000 7.25000"
154,0.0000,Tx-Rx,0,-51.7605,"-0.15000 1.10000 4.90000, -0.05000 0.10000 7.25000"
155,0.0000,Tx-Rx,0,-50.1214,"-0.15000 1.10000 4.90000, -0.35000 0.10000 7.25000"
156,0.0000,Tx-Rx,0,-49.3510,"-0.15000 1.10000 4.90000, -0.65000 0.10000 7.25000"
157,0.0000,Tx-Rx,0,-47.3696,"-0.15000 1.10000 4.90000, -0.95000 0.10000 7.25000"
158,0.0000,Tx-Rx,0,-46.4167,"-0.15000 1.10000 4.90000, -1.25000 0.10000 7.25000"
159,0.0000,Tx-Rx,0,-46.5761,"-0.15000 1.10000 4.90000, -1.55000 0.10000 7.25000"
160,0.0000,Tx-Rx,0,-49.1104,"-0.15000 1.10000 4.90000, -1.85000 0.10000 7.25000"
161,0.0000,Tx-Rx,0,-49.5718,"-0.15000 1.10000 4.90000, -2.15000 0.10000 7.25000"
162,0.0000,Tx-Rx,0,-45.7066,"-0.15000 1.10000 4.90000, -2.45000 0.10000 7.25000"
163,0.0000,Tx-Rx,0,-54.0032,"-0.15000 1.10000 4.90000, -2.75000 0.10000 7.25000"
164,0.0000,Tx-Rx,0,-58.3148,"-0.15000 1.10000 4.90000, -3.05000 0.10000 7.25000"
165,0.0000,Tx-Rx,0,-68.9884,"-0.15000 1.10000 4.90000, -3.35000 0.10000 7.25000"
166,0.0000,Tx-Rx,0,-73.0734,"-0.15000 1.10000 4.90000, -3.65000 0.10000 7.25000"
167,0.0000,Tx-Rx,0,-71.1835,"-0.15000 1.10000 4.90000, -3.95000 0.10000 7.25000"
168,0.0000,Tx-Rx,0,-72.1466,"-0.15000 1.10000 4.90000, -4.25000 0.10000 7.25000"
169,0.0000,Tx-Rx,0,-69.5254,"-0.15000 1.10000 4.90000, -4.55000 0.10000 7.25000"
170,0.0000,Tx-Rx,0,-67.3876,"-0.15000 1.10000 4.90000, -4.85000 0.10000 7.25000"
171,0.0000,Tx-Rx,0,-67.9280,"-0.15000 1.10000 4.90000, -5.15000 0.10000 7.25000"
172,0.0000,Tx-Rx,0,-66.8772,"-0.15000 1.10000 4.90000, -5.45000 0.10000 7.25000"
173,0.0000,Tx-Rx,0,-60.4935,"-0.15000 1.10000 4.90000, -5.75000 0.10000 7.25000"
174,0.0000,Tx-Rx,0,-59.4913,"-0.15000 1.10000 4.90000, -6.05000 0.10000 7.25000"
175,0.0000,Tx-Rx,0,-55.4465,"-0.15000 1.10000 4.90000, -6.35000 0.10000 7.25000"
176,0.0000,Tx-Rx,0,-53.0937,"-0.15000 1.10000 4.90000, -6.65000 0.10000 7.25000"
177,0.0000,Tx-Rx,0,-51.5135,"-0.15000 1.10000 4.90000, -6.95000 0.10000 7.25000"
178,0.0000,Tx-Rx,0,-51.2522,"-0.15000 1.10000 4.90000, -7.25000 0.10000 7.25000"
179,0.0000,Tx-Rx,0,-51.2685,"-0.15000 1.10000 4.90000, -7.55000 0.10000 7.25000"
180,0.0000,Tx-Rx,0,-51.6559,"-0.15000 1.10000 4.90000, -7.85000 0.10000 7.25000"
181,0.0000,Tx-Rx,0,-120.0000,"-0.15000 1.10000 4.90000, 9.85000 0.10000 6.95000"
182,0.0000,Tx-Rx,0,-119.8639,"-0.15000 1.10000 4.90000, 9.55000 0.10000 6.95000"
183,0.0000,Tx-Rx,0,-120.0000,"-0.15000 1.10000 4.90000, 9.25000 0.10000 6.95000"
184,0.0000,Tx-Rx,0,-120.0000,"-0.15000 1.10000 4.90000, 8.95000 0.10000 6.95000"
185,0.0000,Tx-Rx,0,-101.5584,"-0.15000 1.10000 4.90000, 8.65000 0.10000 6.95000"
186,0.0000,Tx-Rx,0,-102.7265,"-0.15000 1.10000 4.90000, 8.35000 0.10000 6.95000"
187,0.0000,Tx-Rx,0,-83.0748,"-0.15000 1.10000 4.90000, 8.05000 0.10000 6.95000"
188,0.0000,Tx-Rx,0,-77.0986,"-0.15000 1.10000 4.90000, 7.75000 0.10000 6.95000"
189,0.0000,Tx-Rx,0,-77.9410,"-0.15000 1.10000 4.90000, 7.45000 0.10000 6.95000"
190,0.0000,Tx-Rx,0,-77.4272,"-0.15000 1.10000 4.90000, 7.15000 0.10000 6.95000"
191,0.0000,Tx-Rx,0,-78.4329,"-0.15000 1.10000 4.90000, 6.85000 0.10000 6.95000"
192,0.0000,Tx-Rx,0,-77.7206,"-0.15000 1.10000 4.90000, 6.55000 0.10000 6.95000"
193,0.0000,Tx-Rx,0,-76.3591,"-0.15000 1.10000 4.90000, 6.25000 0.10000 6.95000"
194,0.0000,Tx-Rx,0,-75.8133,"-0.15000 1.10000 4.90000, 5.95000 0.10000 6.95000"
195,0.0000,Tx-Rx,0,-75.2405,"-0.15000 1.10000 4.90000, 5.65000 0.10000 6.95000"
196,0.0000,Tx-Rx,0,-75.2784,"-0.15000 1.10000 4.90000, 5.35000 0.10000 6.95000"
197,0.0000,Tx-Rx,0,-74.5536,"-0.15000 1.10000 4.90000, 5.05000 0.10000 6.95000"
198,0.0000,Tx-Rx,0,-74.2838,"-0.15000 1.10000 4.90000, 4.75000 0.10000 6.95000"
199,0.0000,Tx-Rx,0,-74.2286,"-0.15000 1.10000 4.90000, 4.45000 0.10000 6.95000"
200,0.0000,Tx-Rx,0,-73.5344,"-0.15000 1.10000 4.90000, 4.15000 0.10000 6.95000"
201,0.0000,Tx-Rx,0,-74.1066,"-0.15000 1.10000 4.90000, 3.85000 0.10000 6.95000"
202,0.0000,Tx-Rx,0,-73.9068,"-0.15000 1.10000 4.90000, 3.55000 0.10000 6.95000"
203,0.0000,Tx-Rx,0,-73.3118,"-0.15000 1.10000 4.90000, 3.25000 0.10000 6.95000"
204,0.0000,Tx-Rx,0,-73.0965,"-0.15000 1.10000 4.90000, 2.95000 0.10000 6.95000"
205,0.0000,Tx-Rx,0,-72.5101,"-0.15000 1.10000 4.90000, 2.65000 0.10000 6.95000"
206,0.0000,Tx-Rx,0,-73.2463,"-0.15000 1.10000 4.90000, 2.35000 0.10000 6.95000"
207,0.0000,Tx-Rx,0,-78.4802,"-0.15000 1.10000 4.90000, 2.05000 0.10000 6.95000"
208,0.0000,Tx-Rx,0,-78.5017,"-0.15000 1.10000 4.90000, 1.75000 0.10000 6.95000"
209,0.0000,Tx-Rx,0,-79.2008,"-0.15000 1.10000 4.90000, 1.45000 0.10000 6.95000"
210,0.0000,Tx-Rx,0,-79.8578,"-0.15000 1.10000 4.90000, 1.15000 0.10000 6.95000"
211,0.0000,Tx-Rx,0,-79.8620,"-0.15000 1.10000 4.90000, 0.85000 0.10000 6.95000"
212,0.0000,Tx-Rx,0,-77.7127,"-0.15000 1.10000 4.90000, 0.55000 0.10000 6.95000"
213,0.0000,Tx-Rx,0,-77.0346,"-0.15000 1.10000 4.90000, 0.25000 0.10000 6.95000"
214,0.0000,Tx-Rx,0,-50.7014,"-0.15000 1.10000 4.90000, -0.05000 0.10000 6.95000"
215,0.0000,Tx-Rx,0,-49.3677,"-0.15000 1.10000 4.90000, -0.35000 0.10000 6.95000"
216,0.0000,Tx-Rx,0,-49.7922,"-0.15000 1.10000 4.90000, -0.65000 0.10000 6.95000"
217,0.0000,Tx-Rx,0,-49.3336,"-0.15000 1.10000 4.90000, -0.95000 0.10000 6.95000"
218,0.0000,Tx-Rx,0,-47.1729,"-0.15000 1.10000 4.90000, -1.25000 0.10000 6.95000"
219,0.0000,Tx-Rx,0,-45.7224,"-0.15000 1.10000 4.90000, -1.55000 0.10000 6.95000"
220,0.0000,Tx-Rx,0,-45.3174,"-0.15000 1.10000 4.90000, -1.85000 0.10000 6.95000"
221,0.0000,Tx-Rx,0,-47.4487,"-0.15000 1.10000 4.90000, -2.15000 0.10000 6.95000"
222,0.0000,Tx-Rx,0,-45.2478,"-0.15000 1.10000 4.90000, -2.45000 0.10000 6.95000"
223,0.0000,Tx-Rx,0,-56.3392,"-0.15000 1.10000 4.90000, -2.75000 0.10000 6.95000"
224,0.0000,Tx-Rx,0,-63.8841,"-0.15000 1.10000 4.90000, -3.05000 0.10000 6.95000"
225,0.0000,Tx-Rx,0,-65.8595,"-0.15000 1.10000 4.90000, -3.35000 0.10000 6.95000"
226,0.0000,Tx-Rx,0,-65.0920,"-0.15000 1.10000 4.90000, -3.65000 0.10000 6.95000"
227,0.0000,Tx-Rx,0,-64.6939,"-0.15000 1.10000 4.90000, -3.95000 0.10000 6.95000"
228,0.0000,Tx-Rx,0,-64.4518,"-0.15000 1.10000 4.90000, -4.25000 0.10000 6.95000"
229,0.0000,Tx-Rx,0,-63.9139,"-0.15000 1.10000 4.90000, -4.55000 0.10000 6.95000"
230,0.0000,Tx-Rx,0,-60.4936,"-0.15000 1.10000 4.90000, -4.85000 0.10000 6.95000"
231,0.0000,Tx-Rx,0,-54.3778,"-0.15000 1.10000 4.90000, -5.15000 0.10000 6.95000"
232,0.0000,Tx-Rx,0,-53.7699,"-0.15000 1.10000 4.90000, -5.45000 0.10000 6.95000"
233,0.0000,Tx-Rx,0,-52.5686,"-0.15000 1.10000 4.90000, -5.75000 0.10000 6.95000"
234,0.0000,Tx-Rx,0,-51.1045,"-0.15000 1.10000 4.90000, -6.05000 0.10000 6.95000"
235,0.0000,Tx-Rx,0,-50.9555,"-0.15000 1.10000 4.90000, -6.35000 0.10000 6.95000"
236,0.0000,Tx-Rx,0,-51.4031,"-0.15000 1.10000 4.90000, -6.65000 0.10000 6.95000"
237,0.0000,Tx-Rx,0,-51.1337,"-0.15000 1.10000 4.90000, -6.95000 0.10000 6.95000"
238,0.0000,Tx-Rx,0,-51.1122,"-0.15000 1.10000 4.90000, -7.25000 0.10000 6.95000"
239,0.0000,Tx-Rx,0,-51.4978,"-0.15000 1.10000 4.90000, -7.55000 0.10000 6.95000"
240,0.0000,Tx-Rx,0,-52.0095,"-0.15000 1.10000 4.90000, -7.85000 0.10000 6.95000"
241,0.0000,Tx-Rx,0,-97.1758,"-0.15000 1.10000 4.90000, 9.85000 0.10000 6.65000"
242,0.0000,Tx-Rx,0,-107.0078,"-0.15000 1.10000 4.90000, 9.55000 0.10000 6.65000"
243,0.0000,Tx-Rx,0,-100.9877,"-0.15000 1.10000 4.90000, 9.25000 0.10000 6.65000"
244,0.0000,Tx-Rx,0,-102.4400,"-0.15000 1.10000 4.90000, 8.95000 0.10000 6.65000"
245,0.0000,Tx-Rx,0,-104.0209,"-0.15000 1.10000 4.90000, 8.65000 0.10000 6.65000"
246,0.0000,Tx-Rx,0,-101.5572,"-0.15000 1.10000 4.90000, 8.35000 0.10000 6.65000"
247,0.0000,Tx-Rx,0,-81.9281,"-0.15000 1.10000 4.90000, 8.05000 0.10000 6.65000"
248,0.0000,Tx-Rx,0,-78.1769,"-0.15000 1.10000 4.90000, 7.75000 0.10000 6.65000"
249,0.0000,Tx-Rx,0,-79.3271,"-0.15000 1.10000 4.90000, 7.45000 0.10000 6.65000"
250,0.0000,Tx-Rx,0,-78.6763,"-0.15000 1.10000 4.90000, 7.15000 0.10000 6.65000"
251,0.0000,Tx-Rx,0,-80.2867,"-0.15000 1.10000 4.90000, 6.85000 0.10000 6.65000"
252,0.0000,Tx-Rx,0,-79.2787,"-0.15000 1.10000 4.90000, 6.55000 0.10000 6.65000"
253,0.0000,Tx-Rx,0,-77.3524,"-0.15000 1.10000 4.90000, 6.25000 0.10000 6.65000"
254,0.0000,Tx-Rx,0,-76.4763,"-0.15000 1.10000 4.90000, 5.95000 0.10000 6.65000"
255,0.0000,Tx-Rx,0,-75.4765,"-0.15000 1.10000 4.90000, 5.65000 0.10000 6.65000"
256,0.0000,Tx-Rx,0,-74.8300,"-0.15000 1.10000 4.90000, 5.35000 0.10000 6.65000"
257,0.0000,Tx-Rx,0,-75.2040,"-0.15000 1.10000 4.90000, 5.05000 0.10000 6.65000"
258,0.0000,Tx-Rx,0,-74.3471,"-0.15000 1.10000 4.90000, 4.75000 0.10000 6.65000"
259,0.0000,Tx-Rx,0,-73.8083,"-0.15000 1.10000 4.90000, 4.45000 0.10000 6.65000"
260,0.0000,Tx-Rx,0,-74.1202,"-0.15000 1.10000 4.90000, 4.15000 0.10000 6.65000"
261,0.0000,Tx-Rx,0,-73.2462,"-0.15000 1.10000 4.90000, 3.85000 0.10000 6.65000"
262,0.0000,Tx-Rx,0,-73.2558,"-0.15000 1.10000 4.90000, 3.55000 0.10000 6.65000"
263,0.0000,Tx-Rx,0,-73.2824,"-0.15000 1.10000 4.90000, 3.25000 0.10000 6.65000"
264,0.0000,Tx-Rx,0,-73.4396,"-0.15000 1.10000 4.90000, 2.95000 0.10000 6.65000"
265,0.0000,Tx-Rx,0,-72.4099,"-0.15000 1.10000 4.90000, 2.65000 0.10000 6.65000"
266,0.0000,Tx-Rx,0,-72.1041,"-0.15000 1.10000 4.90000, 2.35000 0.10000 6.65000"
267,0.0000,Tx-Rx,0,-77.4865,"-0.15000 1.10000 4.90000, 2.05000 0.10000 6.65000"
268,0.0000,Tx-Rx,0,-77.8711,"-0.15000 1.10000 4.90000, 1.75000 0.10000 6.65000"
269,0.0000,Tx-Rx,0,-78.1708,"-0.15000 1.10000 4.90000, 1.45000 0.10000 6.65000"
270,0.0000,Tx-Rx,0,-78.4876,"-0.15000 1.10000 4.90000, 1.15000 0.10000 6.65000"
271,0.0000,Tx-Rx,0,-79.4218,"-0.15000 1.10000 4.90000, 0.85000 0.10000 6.65000"
272,0.0000,Tx-Rx,0,-77.4665,"-0.15000 1.10000 4.90000, 0.55000 0.10000 6.65000"
273,0.0000,Tx-Rx,0,-76.6384,"-0.15000 1.10000 4.90000, 0.25000 0.10000 6.65000"
274,0.0000,Tx-Rx,0,-49.3759,"-0.15000 1.10000 4.90000, -0.05000 0.10000 6.65000"
275,0.0000,Tx-Rx,0,-47.9957,"-0.15000 1.10000 4.90000, -0.35000 0.10000 6.65000"
276,0.0000,Tx-Rx,0,-48.2152,"-0.15000 1.10000 4.90000, -0.65000 0.10000 6.65000"
277,0.0000,Tx-Rx,0,-48.3995,"-0.15000 1.10000 4.90000, -0.95000 0.10000 6.65000"
278,0.0000,Tx-Rx,0,-48.4817,"-0.15000 1.10000 4.90000, -1.25000 0.10000 6.65000"
279,0.0000,Tx-Rx,0,-48.1801,"-0.15000 1.10000 4.90000, -1.55000 0.10000 6.65000"
280,0.0000,Tx-Rx,0,-45.6511,"-0.15000 1.10000 4.90000, -1.85000 0.10000 6.65000"
281,0.0000,Tx-Rx,0,-44.1912,"-0.15000 1.10000 4.90000, -2.15000 0.10000 6.65000"
282,0.0000,Tx-Rx,0,-47.0114,"-0.15000 1.10000 4.90000, -2.45000 0.10000 6.65000"
283,0.0000,Tx-Rx,0,-63.0576,"-0.15000 1.10000 4.90000, -2.75000 0.10000 6.65000"
284,0.0000,Tx-Rx,0,-66.7421,"-0.15000 1.10000 4.90000, -3.05000 0.10000 6.65000"
285,0.0000,Tx-Rx,0,-67.7855,"-0.15000 1.10000 4.90000, -3.35000 0.10000 6.65000"
286,0.0000,Tx-Rx,0,-61.3715,"-0.15000 1.10000 4.90000, -3.65000 0.10000 6.65000"
287,0.0000,Tx-Rx,0,-59.5088,"-0.15000 1.10000 4.90000, -3.95000 0.10000 6.65000"
288,0.0000,Tx-Rx,0,-54.0639,"-0.15000 1.10000 4.90000, -4.25000 0.10000 6.65000"
289,0.0000,Tx-Rx,0,-50.5553,"-0.15000 1.10000 4.90000, -4.55000 0.10000 6.65000"
290,0.0000,Tx-Rx,0,-49.3917,"-0.15000 1.10000 4.90000, -4.85000 0.10000 6.65000"
291,0.0000,Tx-Rx,0,-49.5022,"-0.15000 1.10000 4.90000, -5.15000 0.10000 6.65000"
292,0.0000,Tx-Rx,0,-49.6430,"-0.15000 1.10000 4.90000, -5.45000 0.10000 6.65000"
293,0.0000,Tx-Rx,0,-49.5607,"-0.15000 1.10000 4.90000, -5.75000 0.10000 6.65000"
294,0.0000,Tx-Rx,0,-49.8121,"-0.15000 1.10000 4.90000, -6.05000 0.10000 6.65000"
295,0.0000,Tx-Rx,0,-50.5328,"-0.15000 1.10000 4.90000, -6.35000 0.10000 6.65000"
296,0.0000,Tx-Rx,0,-51.4060,"-0.15000 1.10000 4.90000, -6.65000 0.10000 6.65000"
297,0.0000,Tx-Rx,0,-50.9456,"-0.15000 1.10000 4.90000, -6.95000 0.10000 6.65000"
298,0.0000,Tx-Rx,0,-51.4832,"-0.15000 1.10000 4.90000, -7.25000 0.10000 6.65000"
299,0.0000,Tx-Rx,0,-51.7669,"-0.15000 1.10000 4.90000, -7.55000 0.10000 6.65000"
300,0.0000,Tx-Rx,0,-52.0570,"-0.15000 1.10000 4.90000, -7.85000 0.10000 6.65000"
301,0.0000,Tx-Rx,0,-111.3022,"-0.15000 1.10000 4.90000, 9.85000 0.10000 6.35000"
302,0.0000,Tx-Rx,0,-114.2799,"-0.15000 1.10000 4.90000, 9.55000 0.10000 6.35000"
303,0.0000,Tx-Rx,0,-101.2476,"-0.15000 1.10000 4.90000, 9.25000 0.10000 6.35000"
304,0.0000,Tx-Rx,0,-102.2001,"-0.15000 1.10000 4.90000, 8.95000 0.10000 6.35000"
305,0.0000,Tx-Rx,0,-102.5136,"-0.15000 1.10000 4.90000, 8.65000 0.10000 6.35000"
306,0.0000,Tx-Rx,0,-106.4322,"-0.15000 1.10000 4.90000, 8.35000 0.10000 6.35000"
307,0.0000,Tx-Rx,0,-81.8250,"-0.15000 1.10000 4.90000, 8.05000 0.10000 6.35000"
308,0.0000,Tx-Rx,0,-77.5010,"-0.15000 1.10000 4.90000, 7.75000 0.10000 6.35000"
309,0.0000,Tx-Rx,0,-76.1309,"-0.15000 1.10000 4.90000, 7.45000 0.10000 6.35000"
310,0.0000,Tx-Rx,0,-77.0510,"-0.15000 1.10000 4.90000, 7.15000 0.10000 6.35000"
311,0.0000,Tx-Rx,0,-76.9825,"-0.15000 1.10000 4.90000, 6.85000 0.10000 6.35000"
312,0.0000,Tx-Rx,0,-77.4578,"-0.15000 1.10000 4.90000, 6.55000 0.10000 6.35000"
313,0.0000,Tx-Rx,0,-77.3245,"-0.15000 1.10000 4.90000, 6.25000 0.10000 6.35000"
314,0.0000,Tx-Rx,0,-76.8209,"-0.15000 1.10000 4.90000, 5.95000 0.10000 6.35000"
315,0.0000,Tx-Rx,0,-75.5793,"-0.15000 1.10000 4.90000, 5.65000 0.10000 6.35000"
316,0.0000,Tx-Rx,0,-75.5453,"-0.15000 1.10000 4.90000, 5.35000 0.10000 6.35000"
317,0.0000,Tx-Rx,0,-74.4251,"-0.15000 1.10000 4.90000, 5.05000 0.10000 6.35000"
318,0.0000,Tx-Rx,0,-74.4768,"-0.15000 1.10000 4.90000, 4.75000 0.10000 6.35000"
319,0.0000,Tx-Rx,0,-73.8311,"-0.15000 1.10000 4.90000, 4.45000 0.10000 6.35000"
320,0.0000,Tx-Rx,0,-73.7820,"-0.15000 1.10000 4.90000, 4.15000 0.10000 6.35000"
321,0.0000,Tx-Rx,0,-73.2815,"-0.15000 1.10000 4.90000, 3.85000 0.10000 6.35000"
322,0.0000,Tx-Rx,0,-72.9854,"-0.15000 1.10000 4.90000, 3.55000 0.10000 6.35000"
323,0.0000,Tx-Rx,0,-72.2511,"-0.15000 1.10000 4.90000, 3.25000 0.10000 6.35000"
324,0.0000,Tx-Rx,0,-72.0873,"-0.15000 1.10000 4.90000, 2.95000 0.10000 6.35000"
325,0.0000,Tx-Rx,0,-71.6859,"-0.15000 1.10000 4.90000, 2.65000 0.10000 6.35000"
326,0.0000,Tx-Rx,0,-71.2329,"-0.15000 1.10000 4.90000, 2.35000 0.10000 6.35000"
327,0.0000,Tx-Rx,0,-76.1904,"-0.15000 1.10000 4.90000, 2.05000 0.10000 6.35000"
328,0.0000,Tx-Rx,0,-76.3164,"-0.15000 1.10000 4.90000, 1.75000 0.10000 6.35000"
329,0.0000,Tx-Rx,0,-77.3196,"-0.15000 1.10000 4.90000, 1.45000 0.10000 6.35000"
330,0.0000,Tx-Rx,0,-77.6488,"-0.15000 1.10000 4.90000, 1.15000 0.10000 6.35000"
331,0.0000,Tx-Rx,0,-78.1350,"-0.15000 1.10000 4.90000, 0.85000 0.10000 6.35000"
332,0.0000,Tx-Rx,0,-76.4911,"-0.15000 1.10000 4.90000, 0.55000 0.10000 6.35000"
333,0.0000,Tx-Rx,0,-76.3410,"-0.15000 1.10000 4.90000, 0.25000 0.10000 6.35000"
334,0.0000,Tx-Rx,0,-47.8945,"-0.15000 1.10000 4.90000, -0.05000 0.10000 6.35000"
335,0.0000,Tx-Rx,0,-46.3961,"-0.15000 1.10000 4.90000, -0.35000 0.10000 6.35000"
336,0.0000,Tx-Rx,0,-46.8948,"-0.15000 1.10000 4.90000, -0.65000 0.10000 6.35000"
337,0.0000,Tx-Rx,0,-47.3294,"-0.15000 1.10000 4.90000, -0.95000 0.10000 6.35000"
338,0.0000,Tx-Rx,0,-47.6842,"-0.15000 1.10000 4.90000, -1.25000 0.10000 6.35000"
339,0.0000,Tx-Rx,0,-48.2241,"-0.15000 1.10000 4.90000, -1.55000 0.10000 6.35000"
340,0.0000,Tx-Rx,0,-47.8837,"-0.15000 1.10000 4.90000, -1.85000 0.10000 6.35000"
341,0.0000,Tx-Rx,0,-46.2716,"-0.15000 1.10000 4.90000, -2.15000 0.10000 6.35000"
342,0.0000,Tx-Rx,0,-45.5991,"-0.15000 1.10000 4.90000, -2.45000 0.10000 6.35000"
343,0.0000,Tx-Rx,0,-48.3014,"-0.15000 1.10000 4.90000, -2.75000 0.10000 6.35000"
344,0.0000,Tx-Rx,0,-49.1349,"-0.15000 1.10000 4.90000, -3.05000 0.10000 6.35000"
345,0.0000,Tx-Rx,0,-49.7080,"-0.15000 1.10000 4.90000, -3.35000 0.10000 6.35000"
346,0.0000,Tx-Rx,0,-49.6971,"-0.15000 1.10000 4.90000, -3.65000 0.10000 6.35000"
347,0.0000,Tx-Rx,0,-48.5756,"-0.15000 1.10000 4.90000, -3.95000 0.10000 6.35000"
348,0.0000,Tx-Rx,0,-48.0214,"-0.15000 1.10000 4.90000, -4.25000 0.10000 6.35000"
349,0.0000,Tx-Rx,0,-48.6207,"-0.15000 1.10000 4.90000, -4.55000 0.10000 6.35000"
350,0.0000,Tx-Rx,0,-49.1457,"-0.15000 1.10000 4.90000, -4.85000 0.10000 6.35000"
351,0.0000,Tx-Rx,0,-49.5793,"-0.15000 1.10000 4.90000, -5.15000 0.10000 6.35000"
352,0.0000,Tx-Rx,0,-50.0328,"-0.15000 1.10000 4.90000, -5.45000 0.10000 6.35000"
353,0.0000,Tx-Rx,0,-50.4567,"-0.15000 1.10000 4.90000, -5.75000 0.10000 6.35000"
354,0.0000,Tx-Rx,0,-50.6654,"-0.15000 1.10000 4.90000, -6.05000 0.10000 6.35000"
355,0.0000,Tx-Rx,0,-50.5520,"-0.15000 1.10000 4.90000, -6.35000 0.10000 6.35000"
356,0.0000,Tx-Rx,0,-50.5136,"-0.15000 1.10000 4.90000, -6.65000 0.10000 6.35000"
357,0.0000,Tx-Rx,0,-50.4268,"-0.15000 1.10000 4.90000, -6.95000 0.10000 6.35000"
358,0.0000,Tx-Rx,0,-51.1837,"-0.15000 1.10000 4.90000, -7.25000 0.10000 6.35000"
359,0.0000,Tx-Rx,0,-51.6833,"-0.15000 1.10000 4.90000, -7.55000 0.10000 6.35000"
360,0.0000,Tx-Rx,0,-51.9561,"-0.15000 1.10000 4.90000, -7.85000 0.10000 6.35000"
361,0.0000,Tx-Rx,0,-97.9210,"-0.15000 1.10000 4.90000, 9.85000 0.10000 6.05000"
362,0.0000,Tx-Rx,0,-109.7133,"-0.15000 1.10000 4.90000, 9.55000 0.10000 6.05000"
363,0.0000,Tx-Rx,0,-101.5868,"-0.15000 1.10000 4.90000, 9.25000 0.10000 6.05000"
364,0.0000,Tx-Rx,0,-101.4180,"-0.15000 1.10000 4.90000, 8.95000 0.10000 6.05000"
365,0.0000,Tx-Rx,0,-109.4717,"-0.15000 1.10000 4.90000, 8.65000 0.10000 6.05000"
366,0.0000,Tx-Rx,0,-120.0000,"-0.15000 1.10000 4.90000, 8.35000 0.10000 6.05000"
367,0.0000,Tx-Rx,0,-83.3739,"-0.15000 1.10000 4.90000, 8.05000 0.10000 6.05000"
368,0.0000,Tx-Rx,0,-76.7254,"-0.15000 1.10000 4.90000, 7.75000 0.10000 6.05000"
369,0.0000,Tx-Rx,0,-76.6571,"-0.15000 1.10000 4.90000, 7.45000 0.10000 6.05000"
370,0.0000,Tx-Rx,0,-76.4557,"-0.15000 1.10000 4.90000, 7.15000 0.10000 6.05000"
371,0.0000,Tx-Rx,0,-76.1240,"-0.15000 1.10000 4.90000, 6.85000 0.10000 6.05000"
372,0.0000,Tx-Rx,0,-76.0888,"-0.15000 1.10000 4.90000, 6.55000 0.10000 6.05000"
373,0.0000,Tx-Rx,0,-75.0506,"-0.15000 1.10000 4.90000, 6.25000 0.10000 6.05000"
374,0.0000,Tx-Rx,0,-75.3661,"-0.15000 1.10000 4.90000, 5.95000 0.10000 6.05000"
375,0.0000,Tx-Rx,0,-75.4640,"-0.15000 1.10000 4.90000, 5.65000 0.10000 6.05000"
376,0.0000,Tx-Rx,0,-74.4444,"-0.15000 1.10000 4.90000, 5.35000 0.10000 6.05000"
377,0.0000,Tx-Rx,0,-74.4043,"-0.15000 1.10000 4.90000, 5.05000 0.10000 6.05000"
378,0.0000,Tx-Rx,0,-74.3037,"-0.15000 1.10000 4.90000, 4.75000 0.10000 6.05000"
379,0.0000,Tx-Rx,0,-73.8289,"-0.15000 1.10000 4.90000, 4.45000 0.10000 6.05000"
380,0.0000,Tx-Rx,0,-74.1830,"-0.15000 1.10000 4.90000, 4.15000 0.10000 6.05000"
381,0.0000,Tx-Rx,0,-73.1823,"-0.15000 1.10000 4.90000, 3.85000 0.10000 6.05000"
382,0.0000,Tx-Rx,0,-72.3945,"-0.15000 1.10000 4.90000, 3.55000 0.10000 6.05000"
383,0.0000,Tx-Rx,0,-71.8114,"-0.15000 1.10000 4.90000, 3.25000 0.10000 6.05000"
384,0.0000,Tx-Rx,0,-71.2585,"-0.15000 1.10000 4.90000, 2.95000 0.10000 6.05000"
385,0.0000,Tx-Rx,0,-70.8352,"-0.15000 1.10000 4.90000, 2.65000 0.10000 6.05000"
386,0.0000,Tx-Rx,0,-70.4892,"-0.15000 1.10000 4.90000, 2.35000 0.10000 6.05000"
387,0.0000,Tx-Rx,0,-75.6597,"-0.15000 1.10000 4.90000, 2.05000 0.10000 6.05000"
388,0.0000,Tx-Rx,0,-76.2061,"-0.15000 1.10000 4.90000, 1.75000 0.10000 6.05000"
389,0.0000,Tx-Rx,0,-76.4523,"-0.15000 1.10000 4.90000, 1.45000 0.10000 6.05000"
390,0.0000,Tx-Rx,0,-76.0124,"-0.15000 1.10000 4.90000, 1.15000 0.10000 6.05000"
391,0.0000,Tx-Rx,0,-76.0594,"-0.15000 1.10000 4.90000, 0.85000 0.10000 6.05000"
392,0.0000,Tx-Rx,0,-75.1042,"-0.15000 1.10000 4.90000, 0.55000 0.10000 6.05000"
393,0.0000,Tx-Rx,0,-75.2313,"-0.15000 1.10000 4.90000, 0.25000 0.10000 6.05000"
394,0.0000,Tx-Rx,0,-46.4177,"-0.15000 1.10000 4.90000, -0.05000 0.10000 6.05000"
395,0.0000,Tx-Rx,0,-45.0774,"-0.15000 1.10000 4.90000, -0.35000 0.10000 6.05000"
396,0.0000,Tx-Rx,0,-45.7377,"-0.15000 1.10000 4.90000, -0.65000 0.10000 6.05000"
397,0.0000,Tx-Rx,0,-46.3769,"-0.15000 1.10000 4.90000, -0.95000 0.10000 6.05000"
398,0.0000,Tx-Rx,0,-46.8874,"-0.15000 1.10000 4.90000, -1.25000 0.10000 6.05000"
399,0.0000,Tx-Rx,0,-47.5143,"-0.15000 1.10000 4.90000, -1.55000 0.10000 6.05000"
400,0.0000,Tx-Rx,0,-47.6380,"-0.15000 1.10000 4.90000, -1.85000 0.10000 6.05000"
401,0.0000,Tx-Rx,0,-47.6642,"-0.15000 1.10000 4.90000, -2.15000 0.10000 6.05000"
402,0.0000,Tx-Rx,0,-43.9515,"-0.15000 1.10000 4.90000, -2.45000 0.10000 6.05000"
403,0.0000,Tx-Rx,0,-43.4781,"-0.15000 1.10000 4.90000, -2.75000 0.10000 6.05000"
404,0.0000,Tx-Rx,0,-43.3031,"-0.15000 1.10000 4.90000, -3.05000 0.10000 6.05000"
405,0.0000,Tx-Rx,0,-43.9419,"-0.15000 1.10000 4.90000, -3.35000 0.10000 6.05000"
406,0.0000,Tx-Rx,0,-44.6093,"-0.15000 1.10000 4.90000, -3.65000 0.10000 6.05000"
407,0.0000,Tx-Rx,0,-45.5362,"-0.15000 1.10000 4.90000, -3.95000 0.10000 6.05000"
408,0.0000,Tx-Rx,0,-46.8322,"-0.15000 1.10000 4.90000, -4.25000 0.10000 6.05000"
409,0.0000,Tx-Rx,0,-48.2493,"-0.15000 1.10000 4.90000, -4.55000 0.10000 6.05000"
410,0.0000,Tx-Rx,0,-49.0045,"-0.15000 1.10000 4.90000, -4.85000 0.10000 6.05000"
411,0.0000,Tx-Rx,0,-49.3419,"-0.15000 1.10000 4.90000, -5.15000 0.10000 6.05000"
412,0.0000,Tx-Rx,0,-49.9443,"-0.15000 1.10000 4.90000, -5.45000 0.10000 6.05000"
413,0.0000,Tx-Rx,0,-50.3170,"-0.15000 1.10000 4.90000, -5.75000 0.10000 6.05000"
414,0.0000,Tx-Rx,0,-50.6944,"-0.15000 1.10000 4.90000, -6.05000 0.10000 6.05000"
415,0.0000,Tx-Rx,0,-51.0689,"-0.15000 1.10000 4.90000, -6.35000 0.10000 6.05000"
416,0.0000,Tx-Rx,0,-51.3466,"-0.15000 1.10000 4.90000, -6.65000 0.10000 6.05000"
417,0.0000,Tx-Rx,0,-50.8183,"-0.15000 1.10000 4.90000, -6.95000 0.10000 6.05000"
418,0.0000,Tx-Rx,0,-50.7855,"-0.15000 1.10000 4.90000, -7.25000 0.10000 6.05000"
419,0.0000,Tx-Rx,0,-50.4139,"-0.15000 1.10000 4.90000, -7.55000 0.10000 6.05000"
420,0.0000,Tx-Rx,0,-50.6602,"-0.15000 1.10000 4.90000, -7.85000 0.10000 6.05000"
421,0.0000,Tx-Rx,0,-108.3981,"-0.15000 1.10000 4.90000, 9.85000 0.10000 5.75000"
422,0.0000,Tx-Rx,0,-111.0840,"-0.15000 1.10000 4.90000, 9.55000 0.10000 5.75000"
423,0.0000,Tx-Rx,0,-111.6081,"-0.15000 1.10000 4.90000, 9.25000 0.10000 5.75000"
424,0.0000,Tx-Rx,0,-111.7383,"-0.15000 1.10000 4.90000, 8.95000 0.10000 5.75000"
425,0.0000,Tx-Rx,0,-101.4192,"-0.15000 1.10000 4.90000, 8.65000 0.10000 5.75000"
426,0.0000,Tx-Rx,0,-99.1336,"-0.15000 1.10000 4.90000, 8.35000 0.10000 5.75000"
427,0.0000,Tx-Rx,0,-83.2120,"-0.15000 1.10000 4.90000, 8.05000 0.10000 5.75000"
428,0.0000,Tx-Rx,0,-78.9427,"-0.15000 1.10000 4.90000, 7.75000 0.10000 5.75000"
429,0.0000,Tx-Rx,0,-78.8999,"-0.15000 1.10000 4.90000, 7.45000 0.10000 5.75000"
430,0.0000,Tx-Rx,0,-77.5005,"-0.15000 1.10000 4.90000, 7.15000 0.10000 5.75000"
431,0.0000,Tx-Rx,0,-76.7195,"-0.15000 1.10000 4.90000, 6.85000 0.10000 5.75000"
432,0.0000,Tx-Rx,0,-76.1058,"-0.15000 1.10000 4.90000, 6.55000 0.10000 5.75000"
433,0.0000,Tx-Rx,0,-75.2924,"-0.15000 1.10000 4.90000, 6.25000 0.10000 5.75000"
434,0.0000,Tx-Rx,0,-75.8404,"-0.15000 1.10000 4.90000, 5.95000 0.10000 5.75000"
435,0.0000,Tx-Rx,0,-75.0527,"-0.15000 1.10000 4.90000, 5.65000 0.10000 5.75000"
436,0.0000,Tx-Rx,0,-74.4344,"-0.15000 1.10000 4.90000, 5.35000 0.10000 5.75000"
437,0.0000,Tx-Rx,0,-74.3833,"-0.15000 1.10000 4.90000, 5.05000 0.10000 5.75000"
438,0.0000,Tx-Rx,0,-74.3648,"-0.15000 1.10000 4.90000, 4.75000 0.10000 5.75000"
439,0.0000,Tx-Rx,0,-74.3598,"-0.15000 1.10000 4.90000, 4.45000 0.10000 5.75000"
440,0.0000,Tx-Rx,0,-73.3677,"-0.15000 1.10000 4.90000, 4.15000 0.10000 5.75000"
441,0.0000,Tx-Rx,0,-72.5961,"-0.15000 1.10000 4.90000, 3.85000 0.10000 5.75000"
442,0.0000,Tx-Rx,0,-72.6433,"-0.15000 1.10000 4.90000, 3.55000 0.10000 5.75000"
443,0.0000,Tx-Rx,0,-71.4956,"-0.15000 1.10000 4.90000, 3.25000 0.10000 5.75000"
444,0.0000,Tx-Rx,0,-71.5026,"-0.15000 1.10000 4.90000, 2.95000 0.10000 5.75000"
445,0.0000,Tx-Rx,0,-70.9890,"-0.15000 1.10000 4.90000, 2.65000 0.10000 5.75000"
446,0.0000,Tx-Rx,0,-69.7782,"-0.15000 1.10000 4.90000, 2.35000 0.10000 5.75000"
447,0.0000,Tx-Rx,0,-74.6624,"-0.15000 1.10000 4.90000, 2.05000 0.10000 5.75000"
448,0.0000,Tx-Rx,0,-75.1770,"-0.15000 1.10000 4.90000, 1.75000 0.10000 5.75000"
449,0.0000,Tx-Rx,0,-74.9170,"-0.15000 1.10000 4.90000, 1.45000 0.10000 5.75000"
450,0.0000,Tx-Rx,0,-74.4836,"-0.15000 1.10000 4.90000, 1.15000 0.10000 5.75000"
451,0.0000,Tx-Rx,0,-74.1343,"-0.15000 1.10000 4.90000, 0.85000 0.10000 5.75000"
452,0.0000,Tx-Rx,0,-73.1477,"-0.15000 1.10000 4.90000, 0.55000 0.10000 5.75000"
453,0.0000,Tx-Rx,0,-74.0234,"-0.15000 1.10000 4.90000, 0.25000 0.10000 5.75000"
454,0.0000,Tx-Rx,0,-44.9807,"-0.15000 1.10000 4.90000, -0.05000 0.10000 5.75000"
455,0.0000,Tx-Rx,0,-43.8335,"-0.15000 1.10000 4.90000, -0.35000 0.10000 5.75000"
456,0.0000,Tx-Rx,0,-44.4976,"-0.15000 1.10000 4.90000, -0.65000 0.10000 5.75000"
457,0.0000,Tx-Rx,0,-45.3906,"-0.15000 1.10000 4.90000, -0.95000 0.10000 5.75000"
458,0.0000,Tx-Rx,0,-46.0585,"-0.15000 1.10000 4.90000, -1.25000 0.10000 5.75000"
459,0.0000,Tx-Rx,0,-46.8498,"-0.15000 1.10000 4.90000, -1.55000 0.10000 5.75000"
460,0.0000,Tx-Rx,0,-46.9946,"-0.15000 1.10000 4.90000, -1.85000 0.10000 5.75000"
461,0.0000,Tx-Rx,0,-47.1383,"-0.15000 1.10000 4.90000, -2.15000 0.10000 5.75000"
462,0.0000,Tx-Rx,0,-43.8187,"-0.15000 1.10000 4.90000, -2.45000 0.10000 5.75000"
463,0.0000,Tx-Rx,0,-44.6254,"-0.15000 1.10000 4.90000, -2.75000 0.10000 5.75000"
464,0.0000,Tx-Rx,0,-44.8618,"-0.15000 1.10000 4.90000, -3.05000 0.10000 5.75000"
465,0.0000,Tx-Rx,0,-44.2792,"-0.15000 1.10000 4.90000, -3.35000 0.10000 5.75000"
466,0.0000,Tx-Rx,0,-44.5131,"-0.15000 1.10000 4.90000, -3.65000 0.10000 5.75000"
467,0.0000,Tx-Rx,0,-45.1904,"-0.15000 1.10000 4.90000, -3.95000 0.10000 5.75000"
468,0.0000,Tx-Rx,0,-45.6968,"-0.15000 1.10000 4.90000, -4.25000 0.10000 5.75000"
469,0.0000,Tx-Rx,0,-46.1983,"-0.15000 1.10000 4.90000, -4.55000 0.10000 5.75000"
470,0.0000,Tx-Rx,0,-47.2784,"-0.15000 1.10000 4.90000, -4.85000 0.10000 5.75000"
471,0.0000,Tx-Rx,0,-48.5796,"-0.15000 1.10000 4.90000, -5.15000 0.10000 5.75000"
472,0.0000,Tx-Rx,0,-49.6689,"-0.15000 1.10000 4.90000, -5.45000 0.10000 5.75000"
473,0.0000,Tx-Rx,0,-50.2209,"-0.15000 1.10000 4.90000, -5.75000 0.10000 5.75000"
474,0.0000,Tx-Rx,0,-50.5669,"-0.15000 1.10000 4.90000, -6.05000 0.10000 5.75000"
475,0.0000,Tx-Rx,0,-51.0076,"-0.15000 1.10000 4.90000, -6.35000 0.10000 5.75000"
476,0.0000,Tx-Rx,0,-51.3577,"-0.15000 1.10000 4.90000, -6.65000 0.10000 5.75000"
477,0.0000,Tx-Rx,0,-51.1397,"-0.15000 1.10000 4.90000, -6.95000 0.10000 5.75000"
478,0.0000,Tx-Rx,0,-50.7314,"-0.15000 1.10000 4.90000, -7.25000 0.10000 5.75000"
479,0.0000,Tx-Rx,0,-50.5307,"-0.15000 1.10000 4.90000, -7.55000 0.10000 5.75000"
480,0.0000,Tx-Rx,0,-50.3540,"-0.15000 1.10000 4.90000, -7.85000 0.10000 5.75000"
481,0.0000,Tx-Rx,0,-108.1546,"-0.15000 1.10000 4.90000, 9.85000 0.10000 5.45000"
482,0.0000,Tx-Rx,0,-111.5323,"-0.15000 1.10000 4.90000, 9.55000 0.10000 5.45000"
483,0.0000,Tx-Rx,0,-101.2357,"-0.15000 1.10000 4.90000, 9.25000 0.10000 5.45000"
484,0.0000,Tx-Rx,0,-108.7414,"-0.15000 1.10000 4.90000, 8.95000 0.10000 5.45000"
485,0.0000,Tx-Rx,0,-109.5817,"-0.15000 1.10000 4.90000, 8.65000 0.10000 5.45000"
486,0.0000,Tx-Rx,0,-106.7403,"-0.15000 1.10000 4.90000, 8.35000 0.10000 5.45000"
487,0.0000,Tx-Rx,0,-82.8252,"-0.15000 1.10000 4.90000, 8.05000 0.10000 5.45000"
488,0.0000,Tx-Rx,0,-78.7657,"-0.15000 1.10000 4.90000, 7.75000 0.10000 5.45000"
489,0.0000,Tx-Rx,0,-78.7044,"-0.15000 1.10000 4.90000, 7.45000 0.10000 5.45000"
490,0.0000,Tx-Rx,0,-78.6111,"-0.15000 1.10000 4.90000, 7.15000 0.10000 5.45000"
491,0.0000,Tx-Rx,0,-79.1388,"-0.15000 1.10000 4.90000, 6.85000 0.10000 5.45000"
492,0.0000,Tx-Rx,0,-77.3270,"-0.15000 1.10000 4.90000, 6.55000 0.10000 5.45000"
493,0.0000,Tx-Rx,0,-77.4357,"-0.15000 1.10000 4.90000, 6.25000 0.10000 5.45000"
494,0.0000,Tx-Rx,0,-76.8515,"-0.15000 1.10000 4.90000, 5.95000 0.10000 5.45000"
495,0.0000,Tx-Rx,0,-76.5182,"-0.15000 1.10000 4.90000, 5.65000 0.10000 5.45000"
496,0.0000,Tx-Rx,0,-75.4755,"-0.15000 1.10000 4.90000, 5.35000 0.10000 5.45000"
497,0.0000,Tx-Rx,0,-74.4149,"-0.15000 1.10000 4.90000, 5.05000 0.10000 5.45000"
498,0.0000,Tx-Rx,0,-74.0377,"-0.15000 1.10000 4.90000, 4.75000 0.10000 5.45000"
499,0.0000,Tx-Rx,0,-73.5271,"-0.15000 1.10000 4.90000, 4.45000 0.10000 5.45000"
500,0.0000,Tx-Rx,0,-72.8050,"-0.15000 1.10000 4.90000, 4.15000 0.10000 5.45000"
501,0.0000,Tx-Rx,0,-72.3608,"-0.15000 1.10000 4.90000, 3.85000 0.10000 5.45000"
502,0.0000,Tx-Rx,0,-71.9274,"-0.15000 1.10000 4.90000, 3.55000 0.10000 5.45000"
503,0.0000,Tx-Rx,0,-71.6602,"-0.15000 1.10000 4.90000, 3.25000 0.10000 5.45000"
504,0.0000,Tx-Rx,0,-71.0316,"-0.15000 1.10000 4.90000, 2.95000 0.10000 5.45000"
505,0.0000,Tx-Rx,0,-70.4441,"-0.15000 1.10000 4.90000, 2.65000 0.10000 5.45000"
506,0.0000,Tx-Rx,0,-69.8430,"-0.15000 1.10000 4.90000, 2.35000 0.10000 5.45000"
507,0.0000,Tx-Rx,0,-74.9337,"-0.15000 1.10000 4.90000, 2.05000 0.10000 5.45000"
508,0.0000,Tx-Rx,0,-74.3326,"-0.15000 1.10000 4.90000, 1.75000 0.10000 5.45000"
509,0.0000,Tx-Rx,0,-74.2674,"-0.15000 1.10000 4.90000, 1.45000 0.10000 5.45000"
510,0.0000,Tx-Rx,0,-73.4943,"-0.15000 1.10000 4.90000, 1.15000 0.10000 5.45000"
511,0.0000,Tx-Rx,0,-72.7810,"-0.15000 1.10000 4.90000, 0.85000 0.10000 5.45000"
512,0.0000,Tx-Rx,0,-71.5398,"-0.15000 1.10000 4.90000, 0.55000 0.10000 5.45000"
513,0.0000,Tx-Rx,0,-71.9962,"-0.15000 1.10000 4.90000, 0.25000 0.10000 5.45000"
514,0.0000,Tx-Rx,0,-43.8759,"-0.15000 1.10000 4.90000, -0.05000 0.10000 5.45000"
515,0.0000,Tx-Rx,0,-42.8882,"-0.15000 1.10000 4.90000, -0.35000 0.10000 5.45000"
516,0.0000,Tx-Rx,0,-43.4441,"-0.15000 1.10000 4.90000, -0.65000 0.10000 5.45000"
517,0.0000,Tx-Rx,0,-44.6319,"-0.15000 1.10000 4.90000, -0.95000 0.10000 5.45000"
518,0.0000,Tx-Rx,0,-45.5365,"-0.15000 1.10000 4.90000, -1.25000 0.10000 5.45000"
519,0.0000,Tx-Rx,0,-46.3097,"-0.15000 1.10000 4.90000, -1.55000 0.10000 5.45000"
520,0.0000,Tx-Rx,0,-46.7780,"-0.15000 1.10000 4.90000, -1.85000 0.10000 5.45000"
521,0.0000,Tx-Rx,0,-46.9678,"-0.15000 1.10000 4.90000, -2.15000 0.10000 5.45000"
522,0.0000,Tx-Rx,0,-43.6456,"-0.15000 1.10000 4.90000, -2.45000 0.10000 5.45000"
523,0.0000,Tx-Rx,0,-44.5133,"-0.15000 1.10000 4.90000, -2.75000 0.10000 5.45000"
524,0.0000,Tx-Rx,0,-45.2794,"-0.15000 1.10000 4.90000, -3.05000 0.10000 5.45000"
525,0.0000,Tx-Rx,0,-45.9944,"-0.15000 1.10000 4.90000, -3.35000 0.10000 5.45000"
526,0.0000,Tx-Rx,0,-45.8175,"-0.15000 1.10000 4.90000, -3.65000 0.10000 5.45000"
527,0.0000,Tx-Rx,0,-45.2844,"-0.15000 1.10000 4.90000, -3.95000 0.10000 5.45000"
528,0.0000,Tx-Rx,0,-45.6604,"-0.15000 1.10000 4.90000, -4.25000 0.10000 5.45000"
529,0.0000,Tx-Rx,0,-46.2104,"-0.15000 1.10000 4.90000, -4.55000 0.10000 5.45000"
530,0.0000,Tx-Rx,0,-46.6512,"-0.15000 1.10000 4.90000, -4.85000 0.10000 5.45000"
531,0.0000,Tx-Rx,0,-47.0413,"-0.15000 1.10000 4.90000, -5.15000 0.10000 5.45000"
532,0.0000,Tx-Rx,0,-47.6602,"-0.15000 1.10000 4.90000, -5.45000 0.10000 5.45000"
533,0.0000,Tx-Rx,0,-48.7561,"-0.15000 1.10000 4.90000, -5.75000 0.10000 5.45000"
534,0.0000,Tx-Rx,0,-50.1254,"-0.15000 1.10000 4.90000, -6.05000 0.10000 5.45000"
535,0.0000,Tx-Rx,0,-50.7238,"-0.15000 1.10000 4.90000, -6.35000 0.10000 5.45000"
536,0.0000,Tx-Rx,0,-50.5856,"-0.15000 1.10000 4.90000, -6.65000 0.10000 5.45000"
537,0.0000,Tx-Rx,0,-50.3118,"-0.15000 1.10000 4.90000, -6.95000 0.10000 5.45000"
538,0.0000,Tx-Rx,0,-50.4452,"-0.15000 1.10000 4.90000, -7.25000 0.10000 5.45000"
539,0.0000,Tx-Rx,0,-50.7693,"-0.15000 1.10000 4.90000, -7.55000 0.10000 5.45000"
540,0.0000,Tx-Rx,0,-51.5264,"-0.15000 1.10000 4.90000, -7.85000 0.10000 5.45000"
541,0.0000,Tx-Rx,0,-101.2930,"-0.15000 1.10000 4.90000, 9.85000 0.10000 5.15000"
542,0.0000,Tx-Rx,0,-114.5320,"-0.15000 1.10000 4.90000, 9.55000 0.10000 5.15000"
543,0.0000,Tx-Rx,0,-101.7231,"-0.15000 1.10000 4.90000, 9.25000 0.10000 5.15000"
544,0.0000,Tx-Rx,0,-101.9094,"-0.15000 1.10000 4.90000, 8.95000 0.10000 5.15000"
545,0.0000,Tx-Rx,0,-101.6246,"-0.15000 1.10000 4.90000, 8.65000 0.10000 5.15000"
546,0.0000,Tx-Rx,0,-101.4404,"-0.15000 1.10000 4.90000, 8.35000 0.10000 5.15000"
547,0.0000,Tx-Rx,0,-81.4392,"-0.15000 1.10000 4.90000, 8.05000 0.10000 5.15000"
548,0.0000,Tx-Rx,0,-76.0085,"-0.15000 1.10000 4.90000, 7.75000 0.10000 5.15000"
549,0.0000,Tx-Rx,0,-76.7004,"-0.15000 1.10000 4.90000, 7.45000 0.10000 5.15000"
550,0.0000,Tx-Rx,0,-76.5924,"-0.15000 1.10000 4.90000, 7.15000 0.10000 5.15000"
551,0.0000,Tx-Rx,0,-75.6605,"-0.15000 1.10000 4.90000, 6.85000 0.10000 5.15000"
552,0.0000,Tx-Rx,0,-75.4613,"-0.15000 1.10000 4.90000, 6.55000 0.10000 5.15000"
553,0.0000,Tx-Rx,0,-75.8134,"-0.15000 1.10000 4.90000, 6.25000 0.10000 5.15000"
554,0.0000,Tx-Rx,0,-75.3269,"-0.15000 1.10000 4.90000, 5.95000 0.10000 5.15000"
555,0.0000,Tx-Rx,0,-75.5104,"-0.15000 1.10000 4.90000, 5.65000 0.10000 5.15000"
556,0.0000,Tx-Rx,0,-75.1265,"-0.15000 1.10000 4.90000, 5.35000 0.10000 5.15000"
557,0.0000,Tx-Rx,0,-74.5133,"-0.15000 1.10000 4.90000, 5.05000 0.10000 5.15000"
558,0.0000,Tx-Rx,0,-73.9053,"-0.15000 1.10000 4.90000, 4.75000 0.10000 5.15000"
559,0.0000,Tx-Rx,0,-73.5268,"-0.15000 1.10000 4.90000, 4.45000 0.10000 5.15000"
560,0.0000,Tx-Rx,0,-73.4560,"-0.15000 1.10000 4.90000, 4.15000 0.10000 5.15000"
561,0.0000,Tx-Rx,0,-72.6061,"-0.15000 1.10000 4.90000, 3.85000 0.10000 5.15000"
562,0.0000,Tx-Rx,0,-72.0082,"-0.15000 1.10000 4.90000, 3.55000 0.10000 5.15000"
563,0.0000,Tx-Rx,0,-71.6741,"-0.15000 1.10000 4.90000, 3.25000 0.10000 5.15000"
564,0.0000,Tx-Rx,0,-70.5027,"-0.15000 1.10000 4.90000, 2.95000 0.10000 5.15000"
565,0.0000,Tx-Rx,0,-70.0160,"-0.15000 1.10000 4.90000, 2.65000 0.10000 5.15000"
566,0.0000,Tx-Rx,0,-69.5173,"-0.15000 1.10000 4.90000, 2.35000 0.10000 5.15000"
567,0.0000,Tx-Rx,0,-74.6207,"-0.15000 1.10000 4.90000, 2.05000 0.10000 5.15000"
568,0.0000,Tx-Rx,0,-74.0821,"-0.15000 1.10000 4.90000, 1.75000 0.10000 5.15000"
569,0.0000,Tx-Rx,0,-73.8055,"-0.15000 1.10000 4.90000, 1.45000 0.10000 5.15000"
570,0.0000,Tx-Rx,0,-72.7258,"-0.15000 1.10000 4.90000, 1.15000 0.10000 5.15000"
571,0.0000,Tx-Rx,0,-71.4491,"-0.15000 1.10000 4.90000, 0.85000 0.10000 5.15000"
572,0.0000,Tx-Rx,0,-69.9218,"-0.15000 1.10000 4.90000, 0.55000 0.10000 5.15000"
573,0.0000,Tx-Rx,0,-69.5456,"-0.15000 1.10000 4.90000, 0.25000 0.10000 5.15000"
574,0.0000,Tx-Rx,0,-43.4092,"-0.15000 1.10000 4.90000, -0.05000 0.10000 5.15000"
575,0.0000,Tx-Rx,0,-42.4224,"-0.15000 1.10000 4.90000, -0.35000 0.10000 5.15000"
576,0.0000,Tx-Rx,0,-43.0228,"-0.15000 1.10000 4.90000, -0.65000 0.10000 5.15000"
577,0.0000,Tx-Rx,0,-44.1948,"-0.15000 1.10000 4.90000, -0.95000 0.10000 5.15000"
578,0.0000,Tx-Rx,0,-45.1141,"-0.15000 1.10000 4.90000, -1.25000 0.10000 5.15000"
579,0.0000,Tx-Rx,0,-45.9818,"-0.15000 1.10000 4.90000, -1.55000 0.10000 5.15000"
580,0.0000,Tx-Rx,0,-46.4349,"-0.15000 1.10000 4.90000, -1.85000 0.10000 5.15000"
581,0.0000,Tx-Rx,0,-46.4477,"-0.15000 1.10000 4.90000, -2.15000 0.10000 5.15000"
582,0.0000,Tx-Rx,0,-43.5930,"-0.15000 1.10000 4.90000, -2.45000 0.10000 5.15000"
583,0.0000,Tx-Rx,0,-44.3711,"-0.15000 1.10000 4.90000, -2.75000 0.10000 5.15000"
584,0.0000,Tx-Rx,0,-45.1726,"-0.15000 1.10000 4.90000, -3.05000 0.10000 5.15000"
585,0.0000,Tx-Rx,0,-45.8867,"-0.15000 1.10000 4.90000, -3.35000 0.10000 5.15000"
586,0.0000,Tx-Rx,0,-46.7428,"-0.15000 1.10000 4.90000, -3.65000 0.10000 5.15000"
587,0.0000,Tx-Rx,0,-46.9934,"-0.15000 1.10000 4.90000, -3.95000 0.10000 5.15000"
588,0.0000,Tx-Rx,0,-46.3865,"-0.15000 1.10000 4.90000, -4.25000 0.10000 5.15000"
589,0.0000,Tx-Rx,0,-46.1588,"-0.15000 1.10000 4.90000, -4.55000 0.10000 5.15000"
590,0.0000,Tx-Rx,0,-46.7078,"-0.15000 1.10000 4.90000, -4.85000 0.10000 5.15000"
591,0.0000,Tx-Rx,0,-47.1058,"-0.15000 1.10000 4.90000, -5.15000 0.10000 5.15000"
592,0.0000,Tx-Rx,0,-47.3846,"-0.15000 1.10000 4.90000, -5.45000 0.10000 5.15000"
593,0.0000,Tx-Rx,0,-47.8381,"-0.15000 1.10000 4.90000, -5.75000 0.10000 5.15000"
594,0.0000,Tx-Rx,0,-48.0948,"-0.15000 1.10000 4.90000, -6.05000 0.10000 5.15000"
595,0.0000,Tx-Rx,0,-48.6250,"-0.15000 1.10000 4.90000, -6.35000 0.10000 5.15000"
596,0.0000,Tx-Rx,0,-49.7536,"-0.15000 1.10000 4.90000, -6.65000 0.10000 5.15000"
597,0.0000,Tx-Rx,0,-50.1653,"-0.15000 1.10000 4.90000, -6.95000 0.10000 5.15000"
598,0.0000,Tx-Rx,0,-50.8095,"-0.15000 1.10000 4.90000, -7.25000 0.10000 5.15000"
599,0.0000,Tx-Rx,0,-51.5115,"-0.15000 1.10000 4.90000, -7.55000 0.10000 5.15000"
600,0.0000,Tx-Rx,0,-51.7659,"-0.15000 1.10000 4.90000, -7.85000 0.10000 5.15000"
601,0.0000,Tx-Rx,0,-114.5181,"-0.15000 1.10000 4.90000, 9.85000 0.10000 4.85000"
602,0.0000,Tx-Rx,0,-98.9689,"-0.15000 1.10000 4.90000, 9.55000 0.10000 4.85000"
603,0.0000,Tx-Rx,0,-108.7521,"-0.15000 1.10000 4.90000, 9.25000 0.10000 4.85000"
604,0.0000,Tx-Rx,0,-120.0000,"-0.15000 1.10000 4.90000, 8.95000 0.10000 4.85000"
605,0.0000,Tx-Rx,0,-106.1478,"-0.15000 1.10000 4.90000, 8.65000 0.10000 4.85000"
606,0.0000,Tx-Rx,0,-102.5791,"-0.15000 1.10000 4.90000, 8.35000 0.10000 4.85000"
607,0.0000,Tx-Rx,0,-81.3229,"-0.15000 1.10000 4.90000, 8.05000 0.10000 4.85000"
608,0.0000,Tx-Rx,0,-75.7845,"-0.15000 1.10000 4.90000, 7.75000 0.10000 4.85000"
609,0.0000,Tx-Rx,0,-76.0010,"-0.15000 1.10000 4.90000, 7.45000 0.10000 4.85000"
610,0.0000,Tx-Rx,0,-75.3730,"-0.15000 1.10000 4.90000, 7.15000 0.10000 4.85000"
611,0.0000,Tx-Rx,0,-75.3400,"-0.15000 1.10000 4.90000, 6.85000 0.10000 4.85000"
612,0.0000,Tx-Rx,0,-75.5905,"-0.15000 1.10000 4.90000, 6.55000 0.10000 4.85000"
613,0.0000,Tx-Rx,0,-75.6418,"-0.15000 1.10000 4.90000, 6.25000 0.10000 4.85000"
614,0.0000,Tx-Rx,0,-75.4752,"-0.15000 1.10000 4.90000, 5.95000 0.10000 4.85000"
615,0.0000,Tx-Rx,0,-75.2466,"-0.15000 1.10000 4.90000, 5.65000 0.10000 4.85000"
616,0.0000,Tx-Rx,0,-74.7338,"-0.15000 1.10000 4.90000, 5.35000 0.10000 4.85000"
617,0.0000,Tx-Rx,0,-73.9650,"-0.15000 1.10000 4.90000, 5.05000 0.10000 4.85000"
618,0.0000,Tx-Rx,0,-73.8552,"-0.15000 1.10000 4.90000, 4.75000 0.10000 4.85000"
619,0.0000,Tx-Rx,0,-73.4366,"-0.15000 1.10000 4.90000, 4.45000 0.10000 4.85000"
620,0.0000,Tx-Rx,0,-73.1637,"-0.15000 1.10000 4.90000, 4.15000 0.10000 4.85000"
621,0.0000,Tx-Rx,0,-72.4852,"-0.15000 1.10000 4.90000, 3.85000 0.10000 4.85000"
622,0.0000,Tx-Rx,0,-72.1438,"-0.15000 1.10000 4.90000, 3.55000 0.10000 4.85000"
623,0.0000,Tx-Rx,0,-71.2037,"-0.15000 1.10000 4.90000, 3.25000 0.10000 4.85000"
624,0.0000,Tx-Rx,0,-70.6717,"-0.15000 1.10000 4.90000, 2.95000 0.10000 4.85000"
625,0.0000,Tx-Rx,0,-70.2862,"-0.15000 1.10000 4.90000, 2.65000 0.10000 4.85000"
626,0.0000,Tx-Rx,0,-69.6757,"-0.15000 1.10000 4.90000, 2.35000 0.10000 4.85000"
627,0.0000,Tx-Rx,0,-74.5510,"-0.15000 1.10000 4.90000, 2.05000 0.10000 4.85000"
628,0.0000,Tx-Rx,0,-74.1102,"-0.15000 1.10000 4.90000, 1.75000 0.10000 4.85000"
629,0.0000,Tx-Rx,0,-73.6036,"-0.15000 1.10000 4.90000, 1.45000 0.10000 4.85000"
630,0.0000,Tx-Rx,0,-72.4399,"-0.15000 1.10000 4.90000, 1.15000 0.10000 4.85000"
631,0.0000,Tx-Rx,0,-71.2450,"-0.15000 1.10000 4.90000, 0.85000 0.10000 4.85000"
632,0.0000,Tx-Rx,0,-69.2469,"-0.15000 1.10000 4.90000, 0.55000 0.10000 4.85000"
633,0.0000,Tx-Rx,0,-68.3959,"-0.15000 1.10000 4.90000, 0.25000 0.10000 4.85000"
634,0.0000,Tx-Rx,0,-43.7498,"-0.15000 1.10000 4.90000, -0.05000 0.10000 4.85000"
635,0.0000,Tx-Rx,0,-42.4468,"-0.15000 1.10000 4.90000, -0.35000 0.10000 4.85000"
636,0.0000,Tx-Rx,0,-42.9268,"-0.15000 1.10000 4.90000, -0.65000 0.10000 4.85000"
637,0.0000,Tx-Rx,0,-44.1007,"-0.15000 1.10000 4.90000, -0.95000 0.10000 4.85000"
638,0.0000,Tx-Rx,0,-44.9640,"-0.15000 1.10000 4.90000, -1.25000 0.10000 4.85000"
639,0.0000,Tx-Rx,0,-45.8511,"-0.15000 1.10000 4.90000, -1.55000 0.10000 4.85000"
640,0.0000,Tx-Rx,0,-46.4234,"-0.15000 1.10000 4.90000, -1.85000 0.10000 4.85000"
641,0.0000,Tx-Rx,0,-46.6812,"-0.15000 1.10000 4.90000, -2.15000 0.10000 4.85000"
642,0.0000,Tx-Rx,0,-43.3751,"-0.15000 1.10000 4.90000, -2.45000 0.10000 4.85000"
643,0.0000,Tx-Rx,0,-44.3231,"-0.15000 1.10000 4.90000, -2.75000 0.10000 4.85000"
644,0.0000,Tx-Rx,0,-45.2049,"-0.15000 1.10000 4.90000, -3.05000 0.10000 4.85000"
645,0.0000,Tx-Rx,0,-45.7901,"-0.15000 1.10000 4.90000, -3.35000 0.10000 4.85000"
646,0.0000,Tx-Rx,0,-46.4989,"-0.15000 1.10000 4.90000, -3.65000 0.10000 4.85000"
647,0.0000,Tx-Rx,0,-47.0720,"-0.15000 1.10000 4.90000, -3.95000 0.10000 4.85000"
648,0.0000,Tx-Rx,0,-47.5373,"-0.15000 1.10000 4.90000, -4.25000 0.10000 4.85000"
649,0.0000,Tx-Rx,0,-47.5241,"-0.15000 1.10000 4.90000, -4.55000 0.10000 4.85000"
650,0.0000,Tx-Rx,0,-46.7903,"-0.15000 1.10000 4.90000, -4.85000 0.10000 4.85000"
651,0.0000,Tx-Rx,0,-46.9781,"-0.15000 1.10000 4.90000, -5.15000 0.10000 4.85000"
652,0.0000,Tx-Rx,0,-47.3113,"-0.15000 1.10000 4.90000, -5.45000 0.10000 4.85000"
653,0.0000,Tx-Rx,0,-47.4276,"-0.15000 1.10000 4.90000, -5.75000 0.10000 4.85000"
654,0.0000,Tx-Rx,0,-47.6154,"-0.15000 1.10000 4.90000, -6.05000 0.10000 4.85000"
655,0.0000,Tx-Rx,0,-47.9184,"-0.15000 1.10000 4.90000, -6.35000 0.10000 4.85000"
656,0.0000,Tx-Rx,0,-48.3879,"-0.15000 1.10000 4.90000, -6.65000 0.10000 4.85000"
657,0.0000,Tx-Rx,0,-48.8987,"-0.15000 1.10000 4.90000, -6.95000 0.10000 4.85000"
658,0.0000,Tx-Rx,0,-49.7602,"-0.15000 1.10000 4.90000, -7.25000 0.10000 4.85000"
659,0.0000,Tx-Rx,0,-50.6610,"-0.15000 1.10000 4.90000, -7.55000 0.10000 4.85000"
660,0.0000,Tx-Rx,0,-51.1737,"-0.15000 1.10000 4.90000, -7.85000 0.10000 4.85000"
661,0.0000,Tx-Rx,0,-120.0000,"-0.15000 1.10000 4.90000, 9.85000 0.10000 4.55000"
662,0.0000,Tx-Rx,0,-102.0411,"-0.15000 1.10000 4.90000, 9.55000 0.10000 4.55000"
663,0.0000,Tx-Rx,0,-108.8053,"-0.15000 1.10000 4.90000, 9.25000 0.10000 4.55000"
664,0.0000,Tx-Rx,0,-99.0326,"-0.15000 1.10000 4.90000, 8.95000 0.10000 4.55000"
665,0.0000,Tx-Rx,0,-101.6102,"-0.15000 1.10000 4.90000, 8.65000 0.10000 4.55000"
666,0.0000,Tx-Rx,0,-101.8376,"-0.15000 1.10000 4.90000, 8.35000 0.10000 4.55000"
667,0.0000,Tx-Rx,0,-80.4031,"-0.15000 1.10000 4.90000, 8.05000 0.10000 4.55000"
668,0.0000,Tx-Rx,0,-76.4523,"-0.15000 1.10000 4.90000, 7.75000 0.10000 4.55000"
669,0.0000,Tx-Rx,0,-75.9080,"-0.15000 1.10000 4.90000, 7.45000 0.10000 4.55000"
670,0.0000,Tx-Rx,0,-76.0142,"-0.15000 1.10000 4.90000, 7.15000 0.10000 4.55000"
671,0.0000,Tx-Rx,0,-76.6301,"-0.15000 1.10000 4.90000, 6.85000 0.10000 4.55000"
672,0.0000,Tx-Rx,0,-76.2827,"-0.15000 1.10000 4.90000, 6.55000 0.10000 4.55000"
673,0.0000,Tx-Rx,0,-75.9663,"-0.15000 1.10000 4.90000, 6.25000 0.10000 4.55000"
674,0.0000,Tx-Rx,0,-75.3462,"-0.15000 1.10000 4.90000, 5.95000 0.10000 4.55000"
675,0.0000,Tx-Rx,0,-74.6723,"-0.15000 1.10000 4.90000, 5.65000 0.10000 4.55000"
676,0.0000,Tx-Rx,0,-74.7941,"-0.15000 1.10000 4.90000, 5.35000 0.10000 4.55000"
677,0.0000,Tx-Rx,0,-74.6046,"-0.15000 1.10000 4.90000, 5.05000 0.10000 4.55000"
678,0.0000,Tx-Rx,0,-74.7888,"-0.15000 1.10000 4.90000, 4.75000 0.10000 4.55000"
679,0.0000,Tx-Rx,0,-73.5808,"-0.15000 1.10000 4.90000, 4.45000 0.10000 4.55000"
680,0.0000,Tx-Rx,0,-72.7812,"-0.15000 1.10000 4.90000, 4.15000 0.10000 4.55000"
681,0.0000,Tx-Rx,0,-72.3753,"-0.15000 1.10000 4.90000, 3.85000 0.10000 4.55000"
682,0.0000,Tx-Rx,0,-71.8615,"-0.15000 1.10000 4.90000, 3.55000 0.10000 4.55000"
683,0.0000,Tx-Rx,0,-71.8371,"-0.15000 1.10000 4.90000, 3.25000 0.10000 4.55000"
684,0.0000,Tx-Rx,0,-71.1188,"-0.15000 1.10000 4.90000, 2.95000 0.10000 4.55000"
685,0.0000,Tx-Rx,0,-70.6931,"-0.15000 1.10000 4.90000, 2.65000 0.10000 4.55000"
686,0.0000,Tx-Rx,0,-69.7108,"-0.15000 1.10000 4.90000, 2.35000 0.10000 4.55000"
687,0.0000,Tx-Rx,0,-74.7280,"-0.15000 1.10000 4.90000, 2.05000 0.10000 4.55000"
688,0.0000,Tx-Rx,0,-74.3200,"-0.15000 1.10000 4.90000, 1.75000 0.10000 4.55000"
689,0.0000,Tx-Rx,0,-73.8825,"-0.15000 1.10000 4.90000, 1.45000 0.10000 4.55000"
690,0.0000,Tx-Rx,0,-73.0145,"-0.15000 1.10000 4.90000, 1.15000 0.10000 4.55000"
691,0.0000,Tx-Rx,0,-71.7991,"-0.15000 1.10000 4.90000, 0.85000 0.10000 4.55000"
692,0.0000,Tx-Rx,0,-70.3512,"-0.15000 1.10000 4.90000, 0.55000 0.10000 4.55000"
693,0.0000,Tx-Rx,0,-70.3927,"-0.15000 1.10000 4.90000, 0.25000 0.10000 4.55000"
694,0.0000,Tx-Rx,0,-43.4516,"-0.15000 1.10000 4.90000, -0.05000 0.10000 4.55000"
695,0.0000,Tx-Rx,0,-42.5181,"-0.15000 1.10000 4.90000, -0.35000 0.10000 4.55000"
696,0.0000,Tx-Rx,0,-43.1086,"-0.15000 1.10000 4.90000, -0.65000 0.10000 4.55000"
697,0.0000,Tx-Rx,0,-44.3020,"-0.15000 1.10000 4.90000, -0.95000 0.10000 4.55000"
698,0.0000,Tx-Rx,0,-45.3314,"-0.15000 1.10000 4.90000, -1.25000 0.10000 4.55000"
699,0.0000,Tx-Rx,0,-46.0704,"-0.15000 1.10000 4.90000, -1.55000 0.10000 4.55000"
700,0.0000,Tx-Rx,0,-46.1207,"-0.15000 1.10000 4.90000, -1.85000 0.10000 4.55000"
701,0.0000,Tx-Rx,0,-46.6904,"-0.15000 1.10000 4.90000, -2.15000 0.10000 4.55000"
702,0.0000,Tx-Rx,0,-44.4277,"-0.15000 1.10000 4.90000, -2.45000 0.10000 4.55000"
703,0.0000,Tx-Rx,0,-48.1016,"-0.15000 1.10000 4.90000, -2.75000 0.10000 4.55000"
704,0.0000,Tx-Rx,0,-48.3847,"-0.15000 1.10000 4.90000, -3.05000 0.10000 4.55000"
705,0.0000,Tx-Rx,0,-48.3201,"-0.15000 1.10000 4.90000, -3.35000 0.10000 4.55000"
706,0.0000,Tx-Rx,0,-48.5530,"-0.15000 1.10000 4.90000, -3.65000 0.10000 4.55000"
707,0.0000,Tx-Rx,0,-49.0881,"-0.15000 1.10000 4.90000, -3.95000 0.10000 4.55000"
708,0.0000,Tx-Rx,0,-49.6270,"-0.15000 1.10000 4.90000, -4.25000 0.10000 4.55000"
709,0.0000,Tx-Rx,0,-52.6057,"-0.15000 1.10000 4.90000, -4.55000 0.10000 4.55000"
710,0.0000,Tx-Rx,0,-51.9508,"-0.15000 1.10000 4.90000, -4.85000 0.10000 4.55000"
711,0.0000,Tx-Rx,0,-50.3375,"-0.15000 1.10000 4.90000, -5.15000 0.10000 4.55000"
712,0.0000,Tx-Rx,0,-49.1291,"-0.15000 1.10000 4.90000, -5.45000 0.10000 4.55000"
713,0.0000,Tx-Rx,0,-49.1608,"-0.15000 1.10000 4.90000, -5.75000 0.10000 4.55000"
714,0.0000,Tx-Rx,0,-49.3865,"-0.15000 1.10000 4.90000, -6.05000 0.10000 4.55000"
715,0.0000,Tx-Rx,0,-49.7299,"-0.15000 1.10000 4.90000, -6.35000 0.10000 4.55000"
716,0.0000,Tx-Rx,0,-49.6995,"-0.15000 1.10000 4.90000, -6.65000 0.10000 4.55000"
717,0.0000,Tx-Rx,0,-48.7638,"-0.15000 1.10000 4.90000, -6.95000 0.10000 4.55000"
718,0.0000,Tx-Rx,0,-48.8528,"-0.15000 1.10000 4.90000, -7.25000 0.10000 4.55000"
719,0.0000,Tx-Rx,0,-49.0629,"-0.15000 1.10000 4.90000, -7.55000 0.10000 4.55000"
720,0.0000,Tx-Rx,0,-49.8116,"-0.15000 1.10000 4.90000, -7.85000 0.10000 4.55000"
721,0.0000,Tx-Rx,0,-113.8384,"-0.15000 1.10000 4.90000, 9.85000 0.10000 4.25000"
722,0.0000,Tx-Rx,0,-120.0000,"-0.15000 1.10000 4.90000, 9.55000 0.10000 4.25000"
723,0.0000,Tx-Rx,0,-120.0000,"-0.15000 1.10000 4.90000, 9.25000 0.10000 4.25000"
724,0.0000,Tx-Rx,0,-114.5630,"-0.15000 1.10000 4.90000, 8.95000 0.10000 4.25000"
725,0.0000,Tx-Rx,0,-99.3833,"-0.15000 1.10000 4.90000, 8.65000 0.10000 4.25000"
726,0.0000,Tx-Rx,0,-110.4026,"-0.15000 1.10000 4.90000, 8.35000 0.10000 4.25000"
727,0.0000,Tx-Rx,0,-81.5849,"-0.15000 1.10000 4.90000, 8.05000 0.10000 4.25000"
728,0.0000,Tx-Rx,0,-76.0642,"-0.15000 1.10000 4.90000, 7.75000 0.10000 4.25000"
729,0.0000,Tx-Rx,0,-76.1765,"-0.15000 1.10000 4.90000, 7.45000 0.10000 4.25000"
730,0.0000,Tx-Rx,0,-75.8326,"-0.15000 1.10000 4.90000, 7.15000 0.10000 4.25000"
731,0.0000,Tx-Rx,0,-75.6255,"-0.15000 1.10000 4.90000, 6.85000 0.10000 4.25000"
732,0.0000,Tx-Rx,0,-75.7177,"-0.15000 1.10000 4.90000, 6.55000 0.10000 4.25000"
733,0.0000,Tx-Rx,0,-75.1975,"-0.15000 1.10000 4.90000, 6.25000 0.10000 4.25000"
734,0.0000,Tx-Rx,0,-76.0676,"-0.15000 1.10000 4.90000, 5.95000 0.10000 4.25000"
735,0.0000,Tx-Rx,0,-75.5803,"-0.15000 1.10000 4.90000, 5.65000 0.10000 4.25000"
736,0.0000,Tx-Rx,0,-74.8681,"-0.15000 1.10000 4.90000, 5.35000 0.10000 4.25000"
737,0.0000,Tx-Rx,0,-74.8459,"-0.15000 1.10000 4.90000, 5.05000 0.10000 4.25000"
738,0.0000,Tx-Rx,0,-74.2412,"-0.15000 1.10000 4.90000, 4.75000 0.10000 4.25000"
739,0.0000,Tx-Rx,0,-73.6818,"-0.15000 1.10000 4.90000, 4.45000 0.10000 4.25000"
740,0.0000,Tx-Rx,0,-73.3164,"-0.15000 1.10000 4.90000, 4.15000 0.10000 4.25000"
741,0.0000,Tx-Rx,0,-73.1264,"-0.15000 1.10000 4.90000, 3.85000 0.10000 4.25000"
742,0.0000,Tx-Rx,0,-72.5509,"-0.15000 1.10000 4.90000, 3.55000 0.10000 4.25000"
743,0.0000,Tx-Rx,0,-72.1119,"-0.15000 1.10000 4.90000, 3.25000 0.10000 4.25000"
744,0.0000,Tx-Rx,0,-71.2065,"-0.15000 1.10000 4.90000, 2.95000 0.10000 4.25000"
745,0.0000,Tx-Rx,0,-70.6411,"-0.15000 1.10000 4.90000, 2.65000 0.10000 4.25000"
746,0.0000,Tx-Rx,0,-70.0462,"-0.15000 1.10000 4.90000, 2.35000 0.10000 4.25000"
747,0.0000,Tx-Rx,0,-75.6299,"-0.15000 1.10000 4.90000, 2.05000 0.10000 4.25000"
748,0.0000,Tx-Rx,0,-75.0660,"-0.15000 1.10000 4.90000, 1.75000 0.10000 4.25000"
749,0.0000,Tx-Rx,0,-74.5686,"-0.15000 1.10000 4.90000, 1.45000 0.10000 4.25000"
750,0.0000,Tx-Rx,0,-74.0055,"-0.15000 1.10000 4.90000, 1.15000 0.10000 4.25000"
751,0.0000,Tx-Rx,0,-73.2191,"-0.15000 1.10000 4.90000, 0.85000 0.10000 4.25000"
752,0.0000,Tx-Rx,0,-72.2351,"-0.15000 1.10000 4.90000, 0.55000 0.10000 4.25000"
753,0.0000,Tx-Rx,0,-72.8220,"-0.15000 1.10000 4.90000, 0.25000 0.10000 4.25000"
754,0.0000,Tx-Rx,0,-44.1935,"-0.15000 1.10000 4.90000, -0.05000 0.10000 4.25000"
755,0.0000,Tx-Rx,0,-43.1677,"-0.15000 1.10000 4.90000, -0.35000 0.10000 4.25000"
756,0.0000,Tx-Rx,0,-43.7591,"-0.15000 1.10000 4.90000, -0.65000 0.10000 4.25000"
757,0.0000,Tx-Rx,0,-44.9259,"-0.15000 1.10000 4.90000, -0.95000 0.10000 4.25000"
758,0.0000,Tx-Rx,0,-45.6163,"-0.15000 1.10000 4.90000, -1.25000 0.10000 4.25000"
759,0.0000,Tx-Rx,0,-46.2922,"-0.15000 1.10000 4.90000, -1.55000 0.10000 4.25000"
760,0.0000,Tx-Rx,0,-46.7907,"-0.15000 1.10000 4.90000, -1.85000 0.10000 4.25000"
761,0.0000,Tx-Rx,0,-46.5840,"-0.15000 1.10000 4.90000, -2.15000 0.10000 4.25000"
762,0.0000,Tx-Rx,0,-44.8696,"-0.15000 1.10000 4.90000, -2.45000 0.10000 4.25000"
763,0.0000,Tx-Rx,0,-51.7758,"-0.15000 1.10000 4.90000, -2.75000 0.10000 4.25000"
764,0.0000,Tx-Rx,0,-52.3337,"-0.15000 1.10000 4.90000, -3.05000 0.10000 4.25000"
765,0.0000,Tx-Rx,0,-53.0454,"-0.15000 1.10000 4.90000, -3.35000 0.10000 4.25000"
766,0.0000,Tx-Rx,0,-53.6404,"-0.15000 1.10000 4.90000, -3.65000 0.10000 4.25000"
767,0.0000,Tx-Rx,0,-53.0878,"-0.15000 1.10000 4.90000, -3.95000 0.10000 4.25000"
768,0.0000,Tx-Rx,0,-53.4949,"-0.15000 1.10000 4.90000, -4.25000 0.10000 4.25000"
769,0.0000,Tx-Rx,0,-58.9394,"-0.15000 1.10000 4.90000, -4.55000 0.10000 4.25000"
770,0.0000,Tx-Rx,0,-57.0510,"-0.15000 1.10000 4.90000, -4.85000 0.10000 4.25000"
771,0.0000,Tx-Rx,0,-57.7601,"-0.15000 1.10000 4.90000, -5.15000 0.10000 4.25000"
772,0.0000,Tx-Rx,0,-59.8471,"-0.15000 1.10000 4.90000, -5.45000 0.10000 4.25000"
773,0.0000,Tx-Rx,0,-57.9336,"-0.15000 1.10000 4.90000, -5.75000 0.10000 4.25000"
774,0.0000,Tx-Rx,0,-57.1428,"-0.15000 1.10000 4.90000, -6.05000 0.10000 4.25000"
775,0.0000,Tx-Rx,0,-57.2948,"-0.15000 1.10000 4.90000, -6.35000 0.10000 4.25000"
776,0.0000,Tx-Rx,0,-54.3630,"-0.15000 1.10000 4.90000, -6.65000 0.10000 4.25000"
777,0.0000,Tx-Rx,0,-52.2365,"-0.15000 1.10000 4.90000, -6.95000 0.10000 4.25000"
778,0.0000,Tx-Rx,0,-52.2112,"-0.15000 1.10000 4.90000, -7.25000 0.10000 4.25000"
779,0.0000,Tx-Rx,0,-52.2837,"-0.15000 1.10000 4.90000, -7.55000 0.10000 4.25000"
780,0.0000,Tx-Rx,0,-52.3493,"-0.15000 1.10000 4.90000, -7.85000 0.10000 4.25000"
781,0.0000,Tx-Rx,0,-113.6839,"-0.15000 1.10000 4.90000, 9.85000 0.10000 3.95000"
782,0.0000,Tx-Rx,0,-119.1229,"-0.15000 1.10000 4.90000, 9.55000 0.10000 3.95000"
783,0.0000,Tx-Rx,0,-99.1933,"-0.15000 1.10000 4.90000, 9.25000 0.10000 3.95000"
784,0.0000,Tx-Rx,0,-102.3783,"-0.15000 1.10000 4.90000, 8.95000 0.10000 3.95000"
785,0.0000,Tx-Rx,0,-101.7216,"-0.15000 1.10000 4.90000, 8.65000 0.10000 3.95000"
786,0.0000,Tx-Rx,0,-108.6068,"-0.15000 1.10000 4.90000, 8.35000 0.10000 3.95000"
787,0.0000,Tx-Rx,0,-81.3568,"-0.15000 1.10000 4.90000, 8.05000 0.10000 3.95000"
788,0.0000,Tx-Rx,0,-76.6600,"-0.15000 1.10000 4.90000, 7.75000 0.10000 3.95000"
789,0.0000,Tx-Rx,0,-76.4760,"-0.15000 1.10000 4.90000, 7.45000 0.10000 3.95000"
790,0.0000,Tx-Rx,0,-76.3609,"-0.15000 1.10000 4.90000, 7.15000 0.10000 3.95000"
791,0.0000,Tx-Rx,0,-76.0743,"-0.15000 1.10000 4.90000, 6.85000 0.10000 3.95000"
792,0.0000,Tx-Rx,0,-75.5110,"-0.15000 1.10000 4.90000, 6.55000 0.10000 3.95000"
793,0.0000,Tx-Rx,0,-74.9495,"-0.15000 1.10000 4.90000, 6.25000 0.10000 3.95000"
794,0.0000,Tx-Rx,0,-75.4173,"-0.15000 1.10000 4.90000, 5.95000 0.10000 3.95000"
795,0.0000,Tx-Rx,0,-75.1859,"-0.15000 1.10000 4.90000, 5.65000 0.10000 3.95000"
796,0.0000,Tx-Rx,0,-75.2367,"-0.15000 1.10000 4.90000, 5.35000 0.10000 3.95000"
797,0.0000,Tx-Rx,0,-74.2729,"-0.15000 1.10000 4.90000, 5.05000 0.10000 3.95000"
798,0.0000,Tx-Rx,0,-74.2274,"-0.15000 1.10000 4.90000, 4.75000 0.10000 3.95000"
799,0.0000,Tx-Rx,0,-73.9975,"-0.15000 1.10000 4.90000, 4.45000 0.10000 3.95000"
800,0.0000,Tx-Rx,0,-73.5765,"-0.15000 1.10000 4.90000, 4.15000 0.10000 3.95000"
801,0.0000,Tx-Rx,0,-73.7094,"-0.15000 1.10000 4.90000, 3.85000 0.10000 3.95000"
802,0.0000,Tx-Rx,0,-73.1033,"-0.15000 1.10000 4.90000, 3.55000 0.10000 3.95000"
803,0.0000,Tx-Rx,0,-72.0142,"-0.15000 1.10000 4.90000, 3.25000 0.10000 3.95000"
804,0.0000,Tx-Rx,0,-71.3124,"-0.15000 1.10000 4.90000, 2.95000 0.10000 3.95000"
805,0.0000,Tx-Rx,0,-71.4574,"-0.15000 1.10000 4.90000, 2.65000 0.10000 3.95000"
806,0.0000,Tx-Rx,0,-70.6235,"-0.15000 1.10000 4.90000, 2.35000 0.10000 3.95000"
807,0.0000,Tx-Rx,0,-76.4099,"-0.15000 1.10000 4.90000, 2.05000 0.10000 3.95000"
808,0.0000,Tx-Rx,0,-75.6629,"-0.15000 1.10000 4.90000, 1.75000 0.10000 3.95000"
809,0.0000,Tx-Rx,0,-75.5055,"-0.15000 1.10000 4.90000, 1.45000 0.10000 3.95000"
810,0.0000,Tx-Rx,0,-75.2567,"-0.15000 1.10000 4.90000, 1.15000 0.10000 3.95000"
811,0.0000,Tx-Rx,0,-75.1391,"-0.15000 1.10000 4.90000, 0.85000 0.10000 3.95000"
812,0.0000,Tx-Rx,0,-74.4611,"-0.15000 1.10000 4.90000, 0.55000 0.10000 3.95000"
813,0.0000,Tx-Rx,0,-74.8216,"-0.15000 1.10000 4.90000, 0.25000 0.10000 3.95000"
814,0.0000,Tx-Rx,0,-45.4119,"-0.15000 1.10000 4.90000, -0.05000 0.10000 3.95000"
815,0.0000,Tx-Rx,0,-44.2294,"-0.15000 1.10000 4.90000, -0.35000 0.10000 3.95000"
816,0.0000,Tx-Rx,0,-44.9623,"-0.15000 1.10000 4.90000, -0.65000 0.10000 3.95000"
817,0.0000,Tx-Rx,0,-45.7827,"-0.15000 1.10000 4.90000, -0.95000 0.10000 3.95000"
818,0.0000,Tx-Rx,0,-46.2783,"-0.15000 1.10000 4.90000, -1.25000 0.10000 3.95000"
819,0.0000,Tx-Rx,0,-46.9275,"-0.15000 1.10000 4.90000, -1.55000 0.10000 3.95000"
820,0.0000,Tx-Rx,0,-47.0048,"-0.15000 1.10000 4.90000, -1.85000 0.10000 3.95000"
821,0.0000,Tx-Rx,0,-46.8832,"-0.15000 1.10000 4.90000, -2.15000 0.10000 3.95000"
822,0.0000,Tx-Rx,0,-44.4164,"-0.15000 1.10000 4.90000, -2.45000 0.10000 3.95000"
823,0.0000,Tx-Rx,0,-48.8049,"-0.15000 1.10000 4.90000, -2.75000 0.10000 3.95000"
824,0.0000,Tx-Rx,0,-51.6703,"-0.15000 1.10000 4.90000, -3.05000 0.10000 3.95000"
825,0.0000,Tx-Rx,0,-50.3867,"-0.15000 1.10000 4.90000, -3.35000 0.10000 3.95000"
826,0.0000,Tx-Rx,0,-50.5798,"-0.15000 1.10000 4.90000, -3.65000 0.10000 3.95000"
827,0.0000,Tx-Rx,0,-51.3793,"-0.15000 1.10000 4.90000, -3.95000 0.10000 3.95000"
828,0.0000,Tx-Rx,0,-51.7735,"-0.15000 1.10000 4.90000, -4.25000 0.10000 3.95000"
829,0.0000,Tx-Rx,0,-52.7752,"-0.15000 1.10000 4.90000, -4.55000 0.10000 3.95000"
830,0.0000,Tx-Rx,0,-52.8435,"-0.15000 1.10000 4.90000, -4.85000 0.10000 3.95000"
831,0.0000,Tx-Rx,0,-56.0500,"-0.15000 1.10000 4.90000, -5.15000 0.10000 3.95000"
832,0.0000,Tx-Rx,0,-61.9899,"-0.15000 1.10000 4.90000, -5.45000 0.10000 3.95000"
833,0.0000,Tx-Rx,0,-60.4902,"-0.15000 1.10000 4.90000, -5.75000 0.10000 3.95000"
834,0.0000,Tx-Rx,0,-59.5440,"-0.15000 1.10000 4.90000, -6.05000 0.10000 3.95000"
835,0.0000,Tx-Rx,0,-60.1140,"-0.15000 1.10000 4.90000, -6.35000 0.10000 3.95000"
836,0.0000,Tx-Rx,0,-59.6108,"-0.15000 1.10000 4.90000, -6.65000 0.10000 3.95000"
837,0.0000,Tx-Rx,0,-56.4807,"-0.15000 1.10000 4.90000, -6.95000 0.10000 3.95000"
838,0.0000,Tx-Rx,0,-53.5033,"-0.15000 1.10000 4.90000, -7.25000 0.10000 3.95000"
839,0.0000,Tx-Rx,0,-52.4471,"-0.15000 1.10000 4.90000, -7.55000 0.10000 3.95000"
840,0.0000,Tx-Rx,0,-52.6075,"-0.15000 1.10000 4.90000, -7.85000 0.10000 3.95000"
841,0.0000,Tx-Rx,0,-120.0000,"-0.15000 1.10000 4.90000, 9.85000 0.10000 3.65000"
842,0.0000,Tx-Rx,0,-101.7629,"-0.15000 1.10000 4.90000, 9.55000 0.10000 3.65000"
843,0.0000,Tx-Rx,0,-120.0000,"-0.15000 1.10000 4.90000, 9.25000 0.10000 3.65000"
844,0.0000,Tx-Rx,0,-96.3963,"-0.15000 1.10000 4.90000, 8.95000 0.10000 3.65000"
845,0.0000,Tx-Rx,0,-114.0215,"-0.15000 1.10000 4.90000, 8.65000 0.10000 3.65000"
846,0.0000,Tx-Rx,0,-109.7242,"-0.15000 1.10000 4.90000, 8.35000 0.10000 3.65000"
847,0.0000,Tx-Rx,0,-80.3202,"-0.15000 1.10000 4.90000, 8.05000 0.10000 3.65000"
848,0.0000,Tx-Rx,0,-76.3180,"-0.15000 1.10000 4.90000, 7.75000 0.10000 3.65000"
849,0.0000,Tx-Rx,0,-76.9229,"-0.15000 1.10000 4.90000, 7.45000 0.10000 3.65000"
850,0.0000,Tx-Rx,0,-76.2229,"-0.15000 1.10000 4.90000, 7.15000 0.10000 3.65000"
851,0.0000,Tx-Rx,0,-75.6180,"-0.15000 1.10000 4.90000, 6.85000 0.10000 3.65000"
852,0.0000,Tx-Rx,0,-76.8230,"-0.15000 1.10000 4.90000, 6.55000 0.10000 3.65000"
853,0.0000,Tx-Rx,0,-75.3366,"-0.15000 1.10000 4.90000, 6.25000 0.10000 3.65000"
854,0.0000,Tx-Rx,0,-75.2509,"-0.15000 1.10000 4.90000, 5.95000 0.10000 3.65000"
855,0.0000,Tx-Rx,0,-75.0582,"-0.15000 1.10000 4.90000, 5.65000 0.10000 3.65000"
856,0.0000,Tx-Rx,0,-74.9608,"-0.15000 1.10000 4.90000, 5.35000 0.10000 3.65000"
857,0.0000,Tx-Rx,0,-74.9696,"-0.15000 1.10000 4.90000, 5.05000 0.10000 3.65000"
858,0.0000,Tx-Rx,0,-74.7448,"-0.15000 1.10000 4.90000, 4.75000 0.10000 3.65000"
859,0.0000,Tx-Rx,0,-74.0059,"-0.15000 1.10000 4.90000, 4.45000 0.10000 3.65000"
860,0.0000,Tx-Rx,0,-74.4690,"-0.15000 1.10000 4.90000, 4.15000 0.10000 3.65000"
861,0.0000,Tx-Rx,0,-73.1053,"-0.15000 1.10000 4.90000, 3.85000 0.10000 3.65000"
862,0.0000,Tx-Rx,0,-73.3838,"-0.15000 1.10000 4.90000, 3.55000 0.10000 3.65000"
863,0.0000,Tx-Rx,0,-72.5385,"-0.15000 1.10000 4.90000, 3.25000 0.10000 3.65000"
864,0.0000,Tx-Rx,0,-72.2815,"-0.15000 1.10000 4.90000, 2.95000 0.10000 3.65000"
865,0.0000,Tx-Rx,0,-71.6780,"-0.15000 1.10000 4.90000, 2.65000 0.10000 3.65000"
866,0.0000,Tx-Rx,0,-70.9969,"-0.15000 1.10000 4.90000, 2.35000 0.10000 3.65000"
867,0.0000,Tx-Rx,0,-77.2370,"-0.15000 1.10000 4.90000, 2.05000 0.10000 3.65000"
868,0.0000,Tx-Rx,0,-76.3935,"-0.15000 1.10000 4.90000, 1.75000 0.10000 3.65000"
869,0.0000,Tx-Rx,0,-76.8597,"-0.15000 1.10000 4.90000, 1.45000 0.10000 3.65000"
870,0.0000,Tx-Rx,0,-76.8460,"-0.15000 1.10000 4.90000, 1.15000 0.10000 3.65000"
871,0.0000,Tx-Rx,0,-76.9584,"-0.15000 1.10000 4.90000, 0.85000 0.10000 3.65000"
872,0.0000,Tx-Rx,0,-76.2914,"-0.15000 1.10000 4.90000, 0.55000 0.10000 3.65000"
873,0.0000,Tx-Rx,0,-75.7808,"-0.15000 1.10000 4.90000, 0.25000 0.10000 3.65000"
874,0.0000,Tx-Rx,0,-46.9181,"-0.15000 1.10000 4.90000, -0.05000 0.10000 3.65000"
875,0.0000,Tx-Rx,0,-45.5490,"-0.15000 1.10000 4.90000, -0.35000 0.10000 3.65000"
876,0.0000,Tx-Rx,0,-46.1624,"-0.15000 1.10000 4.90000, -0.65000 0.10000 3.65000"
877,0.0000,Tx-Rx,0,-46.7143,"-0.15000 1.10000 4.90000, -0.95000 0.10000 3.65000"
878,0.0000,Tx-Rx,0,-47.0683,"-0.15000 1.10000 4.90000, -1.25000 0.10000 3.65000"
879,0.0000,Tx-Rx,0,-47.8283,"-0.15000 1.10000 4.90000, -1.55000 0.10000 3.65000"
880,0.0000,Tx-Rx,0,-47.8835,"-0.15000 1.10000 4.90000, -1.85000 0.10000 3.65000"
881,0.0000,Tx-Rx,0,-48.0541,"-0.15000 1.10000 4.90000, -2.15000 0.10000 3.65000"
882,0.0000,Tx-Rx,0,-44.2910,"-0.15000 1.10000 4.90000, -2.45000 0.10000 3.65000"
883,0.0000,Tx-Rx,0,-44.6128,"-0.15000 1.10000 4.90000, -2.75000 0.10000 3.65000"
884,0.0000,Tx-Rx,0,-45.1518,"-0.15000 1.10000 4.90000, -3.05000 0.10000 3.65000"
885,0.0000,Tx-Rx,0,-46.7618,"-0.15000 1.10000 4.90000, -3.35000 0.10000 3.65000"
886,0.0000,Tx-Rx,0,-48.6719,"-0.15000 1.10000 4.90000, -3.65000 0.10000 3.65000"
887,0.0000,Tx-Rx,0,-50.0188,"-0.15000 1.10000 4.90000, -3.95000 0.10000 3.65000"
888,0.0000,Tx-Rx,0,-50.4454,"-0.15000 1.10000 4.90000, -4.25000 0.10000 3.65000"
889,0.0000,Tx-Rx,0,-50.9069,"-0.15000 1.10000 4.90000, -4.55000 0.10000 3.65000"
890,0.0000,Tx-Rx,0,-51.6045,"-0.15000 1.10000 4.90000, -4.85000 0.10000 3.65000"
891,0.0000,Tx-Rx,0,-55.2601,"-0.15000 1.10000 4.90000, -5.15000 0.10000 3.65000"
892,0.0000,Tx-Rx,0,-64.5850,"-0.15000 1.10000 4.90000, -5.45000 0.10000 3.65000"
893,0.0000,Tx-Rx,0,-61.0495,"-0.15000 1.10000 4.90000, -5.75000 0.10000 3.65000"
894,0.0000,Tx-Rx,0,-60.0533,"-0.15000 1.10000 4.90000, -6.05000 0.10000 3.65000"
895,0.0000,Tx-Rx,0,-59.7985,"-0.15000 1.10000 4.90000, -6.35000 0.10000 3.65000"
896,0.0000,Tx-Rx,0,-59.8018,"-0.15000 1.10000 4.90000, -6.65000 0.10000 3.65000"
897,0.0000,Tx-Rx,0,-59.9807,"-0.15000 1.10000 4.90000, -6.95000 0.10000 3.65000"
898,0.0000,Tx-Rx,0,-59.4879,"-0.15000 1.10000 4.90000, -7.25000 0.10000 3.65000"
899,0.0000,Tx-Rx,0,-57.3982,"-0.15000 1.10000 4.90000, -7.55000 0.10000 3.65000"
900,0.0000,Tx-Rx,0,-54.0267,"-0.15000 1.10000 4.90000, -7.85000 0.10000 3.65000"
901,0.0000,Tx-Rx,0,-115.3062,"-0.15000 1.10000 4.90000, 9.85000 0.10000 3.35000"
902,0.0000,Tx-Rx,0,-103.8249,"-0.15000 1.10000 4.90000, 9.55000 0.10000 3.35000"
903,0.0000,Tx-Rx,0,-120.0000,"-0.15000 1.10000 4.90000, 9.25000 0.10000 3.35000"
904,0.0000,Tx-Rx,0,-109.4966,"-0.15000 1.10000 4.90000, 8.95000 0.10000 3.35000"
905,0.0000,Tx-Rx,0,-113.4865,"-0.15000 1.10000 4.90000, 8.65000 0.10000 3.35000"
906,0.0000,Tx-Rx,0,-99.1931,"-0.15000 1.10000 4.90000, 8.35000 0.10000 3.35000"
907,0.0000,Tx-Rx,0,-81.1044,"-0.15000 1.10000 4.90000, 8.05000 0.10000 3.35000"
908,0.0000,Tx-Rx,0,-77.5331,"-0.15000 1.10000 4.90000, 7.75000 0.10000 3.35000"
909,0.0000,Tx-Rx,0,-77.6336,"-0.15000 1.10000 4.90000, 7.45000 0.10000 3.35000"
910,0.0000,Tx-Rx,0,-77.0220,"-0.15000 1.10000 4.90000, 7.15000 0.10000 3.35000"
911,0.0000,Tx-Rx,0,-77.0169,"-0.15000 1.10000 4.90000, 6.85000 0.10000 3.35000"
912,0.0000,Tx-Rx,0,-75.6567,"-0.15000 1.10000 4.90000, 6.55000 0.10000 3.35000"
913,0.0000,Tx-Rx,0,-76.0803,"-0.15000 1.10000 4.90000, 6.25000 0.10000 3.35000"
914,0.0000,Tx-Rx,0,-74.6959,"-0.15000 1.10000 4.90000, 5.95000 0.10000 3.35000"
915,0.0000,Tx-Rx,0,-75.1313,"-0.15000 1.10000 4.90000, 5.65000 0.10000 3.35000"
916,0.0000,Tx-Rx,0,-75.2706,"-0.15000 1.10000 4.90000, 5.35000 0.10000 3.35000"
917,0.0000,Tx-Rx,0,-75.2548,"-0.15000 1.10000 4.90000, 5.05000 0.10000 3.35000"
918,0.0000,Tx-Rx,0,-75.6014,"-0.15000 1.10000 4.90000, 4.75000 0.10000 3.35000"
919,0.0000,Tx-Rx,0,-74.6225,"-0.15000 1.10000 4.90000, 4.45000 0.10000 3.35000"
920,0.0000,Tx-Rx,0,-74.3209,"-0.15000 1.10000 4.90000, 4.15000 0.10000 3.35000"
921,0.0000,Tx-Rx,0,-73.9382,"-0.15000 1.10000 4.90000, 3.85000 0.10000 3.35000"
922,0.0000,Tx-Rx,0,-73.5847,"-0.15000 1.10000 4.90000, 3.55000 0.10000 3.35000"
923,0.0000,Tx-Rx,0,-73.0824,"-0.15000 1.10000 4.90000, 3.25000 0.10000 3.35000"
924,0.0000,Tx-Rx,0,-72.3097,"-0.15000 1.10000 4.90000, 2.95000 0.10000 3.35000"
925,0.0000,Tx-Rx,0,-72.1933,"-0.15000 1.10000 4.90000, 2.65000 0.10000 3.35000"
926,0.0000,Tx-Rx,0,-71.7183,"-0.15000 1.10000 4.90000, 2.35000 0.10000 3.35000"
927,0.0000,Tx-Rx,0,-77.9663,"-0.15000 1.10000 4.90000, 2.05000 0.10000 3.35000"
928,0.0000,Tx-Rx,0,-77.7330,"-0.15000 1.10000 4.90000, 1.75000 0.10000 3.35000"
929,0.0000,Tx-Rx,0,-77.8836,"-0.15000 1.10000 4.90000, 1.45000 0.10000 3.35000"
930,0.0000,Tx-Rx,0,-78.4680,"-0.15000 1.10000 4.90000, 1.15000 0.10000 3.35000"
931,0.0000,Tx-Rx,0,-78.8503,"-0.15000 1.10000 4.90000, 0.85000 0.10000 3.35000"
932,0.0000,Tx-Rx,0,-77.9607,"-0.15000 1.10000 4.90000, 0.55000 0.10000 3.35000"
933,0.0000,Tx-Rx,0,-76.3694,"-0.15000 1.10000 4.90000, 0.25000 0.10000 3.35000"
934,0.0000,Tx-Rx,0,-48.4375,"-0.15000 1.10000 4.90000, -0.05000 0.10000 3.35000"
935,0.0000,Tx-Rx,0,-46.9755,"-0.15000 1.10000 4.90000, -0.35000 0.10000 3.35000"
936,0.0000,Tx-Rx,0,-47.3504,"-0.15000 1.10000 4.90000, -0.65000 0.10000 3.35000"
937,0.0000,Tx-Rx,0,-47.7824,"-0.15000 1.10000 4.90000, -0.95000 0.10000 3.35000"
938,0.0000,Tx-Rx,0,-48.0618,"-0.15000 1.10000 4.90000, -1.25000 0.10000 3.35000"
939,0.0000,Tx-Rx,0,-48.8272,"-0.15000 1.10000 4.90000, -1.55000 0.10000 3.35000"
940,0.0000,Tx-Rx,0,-48.7710,"-0.15000 1.10000 4.90000, -1.85000 0.10000 3.35000"
941,0.0000,Tx-Rx,0,-48.3592,"-0.15000 1.10000 4.90000, -2.15000 0.10000 3.35000"
942,0.0000,Tx-Rx,0,-44.6908,"-0.15000 1.10000 4.90000, -2.45000 0.10000 3.35000"
943,0.0000,Tx-Rx,0,-47.4099,"-0.15000 1.10000 4.90000, -2.75000 0.10000 3.35000"
944,0.0000,Tx-Rx,0,-48.0161,"-0.15000 1.10000 4.90000, -3.05000 0.10000 3.35000"
945,0.0000,Tx-Rx,0,-48.6058,"-0.15000 1.10000 4.90000, -3.35000 0.10000 3.35000"
946,0.0000,Tx-Rx,0,-49.0826,"-0.15000 1.10000 4.90000, -3.65000 0.10000 3.35000"
947,0.0000,Tx-Rx,0,-50.4400,"-0.15000 1.10000 4.90000, -3.95000 0.10000 3.35000"
948,0.0000,Tx-Rx,0,-50.9378,"-0.15000 1.10000 4.90000, -4.25000 0.10000 3.35000"
949,0.0000,Tx-Rx,0,-51.3627,"-0.15000 1.10000 4.90000, -4.55000 0.10000 3.35000"
950,0.0000,Tx-Rx,0,-52.2066,"-0.15000 1.10000 4.90000, -4.85000 0.10000 3.35000"
951,0.0000,Tx-Rx,0,-55.0132,"-0.15000 1.10000 4.90000, -5.15000 0.10000 3.35000"
952,0.0000,Tx-Rx,0,-60.9087,"-0.15000 1.10000 4.90000, -5.45000 0.10000 3.35000"
953,0.0000,Tx-Rx,0,-59.6458,"-0.15000 1.10000 4.90000, -5.75000 0.10000 3.35000"
954,0.0000,Tx-Rx,0,-59.5629,"-0.15000 1.10000 4.90000, -6.05000 0.10000 3.35000"
955,0.0000,Tx-Rx,0,-59.8385,"-0.15000 1.10000 4.90000, -6.35000 0.10000 3.35000"
956,0.0000,Tx-Rx,0,-60.5880,"-0.15000 1.10000 4.90000, -6.65000 0.10000 3.35000"
957,0.0000,Tx-Rx,0,-60.2630,"-0.15000 1.10000 4.90000, -6.95000 0.10000 3.35000"
958,0.0000,Tx-Rx,0,-60.5791,"-0.15000 1.10000 4.90000, -7.25000 0.10000 3.35000"
959,0.0000,Tx-Rx,0,-61.4379,"-0.15000 1.10000 4.90000, -7.55000 0.10000 3.35000"
960,0.0000,Tx-Rx,0,-64.5836,"-0.15000 1.10000 4.90000, -7.85000 0.10000 3.35000"
961,0.0000,Tx-Rx,0,-93.8505,"-0.15000 1.10000 4.90000, 9.85000 0.10000 3.05000"
962,0.0000,Tx-Rx,0,-92.3202,"-0.15000 1.10000 4.90000, 9.55000 0.10000 3.05000"
963,0.0000,Tx-Rx,0,-89.5634,"-0.15000 1.10000 4.90000, 9.25000 0.10000 3.05000"
964,0.0000,Tx-Rx,0,-90.3782,"-0.15000 1.10000 4.90000, 8.95000 0.10000 3.05000"
965,0.0000,Tx-Rx,0,-93.0492,"-0.15000 1.10000 4.90000, 8.65000 0.10000 3.05000"
966,0.0000,Tx-Rx,0,-86.5640,"-0.15000 1.10000 4.90000, 8.35000 0.10000 3.05000"
967,0.0000,Tx-Rx,0,-80.8488,"-0.15000 1.10000 4.90000, 8.05000 0.10000 3.05000"
968,0.0000,Tx-Rx,0,-77.4696,"-0.15000 1.10000 4.90000, 7.75000 0.10000 3.05000"
969,0.0000,Tx-Rx,0,-76.2618,"-0.15000 1.10000 4.90000, 7.45000 0.10000 3.05000"
970,0.0000,Tx-Rx,0,-76.5858,"-0.15000 1.10000 4.90000, 7.15000 0.10000 3.05000"
971,0.0000,Tx-Rx,0,-76.7662,"-0.15000 1.10000 4.90000, 6.85000 0.10000 3.05000"
972,0.0000,Tx-Rx,0,-75.9633,"-0.15000 1.10000 4.90000, 6.55000 0.10000 3.05000"
973,0.0000,Tx-Rx,0,-75.7747,"-0.15000 1.10000 4.90000, 6.25000 0.10000 3.05000"
974,0.0000,Tx-Rx,0,-76.4432,"-0.15000 1.10000 4.90000, 5.95000 0.10000 3.05000"
975,0.0000,Tx-Rx,0,-75.8435,"-0.15000 1.10000 4.90000, 5.65000 0.10000 3.05000"
976,0.0000,Tx-Rx,0,-75.5804,"-0.15000 1.10000 4.90000, 5.35000 0.10000 3.05000"
977,0.0000,Tx-Rx,0,-74.8853,"-0.15000 1.10000 4.90000, 5.05000 0.10000 3.05000"
978,0.0000,Tx-Rx,0,-75.6391,"-0.15000 1.10000 4.90000, 4.75000 0.10000 3.05000"
979,0.0000,Tx-Rx,0,-74.7259,"-0.15000 1.10000 4.90000, 4.45000 0.10000 3.05000"
980,0.0000,Tx-Rx,0,-74.7003,"-0.15000 1.10000 4.90000, 4.15000 0.10000 3.05000"
981,0.0000,Tx-Rx,0,-74.5344,"-0.15000 1.10000 4.90000, 3.85000 0.10000 3.05000"
982,0.0000,Tx-Rx,0,-73.7855,"-0.15000 1.10000 4.90000, 3.55000 0.10000 3.05000"
983,0.0000,Tx-Rx,0,-73.7132,"-0.15000 1.10000 4.90000, 3.25000 0.10000 3.05000"
984,0.0000,Tx-Rx,0,-73.4090,"-0.15000 1.10000 4.90000, 2.95000 0.10000 3.05000"
985,0.0000,Tx-Rx,0,-72.8977,"-0.15000 1.10000 4.90000, 2.65000 0.10000 3.05000"
986,0.0000,Tx-Rx,0,-72.2241,"-0.15000 1.10000 4.90000, 2.35000 0.10000 3.05000"
987,0.0000,Tx-Rx,0,-78.4873,"-0.15000 1.10000 4.90000, 2.05000 0.10000 3.05000"
988,0.0000,Tx-Rx,0,-79.1275,"-0.15000 1.10000 4.90000, 1.75000 0.10000 3.05000"
989,0.0000,Tx-Rx,0,-78.1757,"-0.15000 1.10000 4.90000, 1.45000 0.10000 3.05000"
990,0.0000,Tx-Rx,0,-79.8955,"-0.15000 1.10000 4.90000, 1.15000 0.10000 3.05000"
991,0.0000,Tx-Rx,0,-80.4966,"-0.15000 1.10000 4.90000, 0.85000 0.10000 3.05000"
992,0.0000,Tx-Rx,0,-79.3711,"-0.15000 1.10000 4.90000, 0.55000 0.10000 3.05000"
993,0.0000,Tx-Rx,0,-76.5323,"-0.15000 1.10000 4.90000, 0.25000 0.10000 3.05000"
994,0.0000,Tx-Rx,0,-49.8636,"-0.15000 1.10000 4.90000, -0.05000 0.10000 3.05000"
995,0.0000,Tx-Rx,0,-48.6737,"-0.15000 1.10000 4.90000, -0.35000 0.10000 3.05000"
996,0.0000,Tx-Rx,0,-49.1612,"-0.15000 1.10000 4.90000, -0.65000 0.10000 3.05000"
997,0.0000,Tx-Rx,0,-49.0066,"-0.15000 1.10000 4.90000, -0.95000 0.10000 3.05000"
998,0.0000,Tx-Rx,0,-49.1362,"-0.15000 1.10000 4.90000, -1.25000 0.10000 3.05000"
999,0.0000,Tx-Rx,0,-49.5477,"-0.15000 1.10000 4.90000, -1.55000 0.10000 3.05000"
1000,0.0000,Tx-Rx,0,-48.8630,"-0.15000 1.10000 4.90000, -1.85000 0.10000 3.05000"
1001,0.0000,Tx-Rx,0,-47.7328,"-0.15000 1.10000 4.90000, -2.15000 0.10000 3.05000"
1002,0.0000,Tx-Rx,0,-45.1379,"-0.15000 1.10000 4.90000, -2.45000 0.10000 3.05000"
1003,0.0000,Tx-Rx,0,-55.9604,"-0.15000 1.10000 4.90000, -2.75000 0.10000 3.05000"
1004,0.0000,Tx-Rx,0,-59.5477,"-0.15000 1.10000 4.90000, -3.05000 0.10000 3.05000"
1005,0.0000,Tx-Rx,0,-58.8858,"-0.15000 1.10000 4.90000, -3.35000 0.10000 3.05000"
1006,0.0000,Tx-Rx,0,-59.2900,"-0.15000 1.10000 4.90000, -3.65000 0.10000 3.05000"
1007,0.0000,Tx-Rx,0,-59.7640,"-0.15000 1.10000 4.90000, -3.95000 0.10000 3.05000"
1008,0.0000,Tx-Rx,0,-59.7331,"-0.15000 1.10000 4.90000, -4.25000 0.10000 3.05000"
1009,0.0000,Tx-Rx,0,-59.8334,"-0.15000 1.10000 4.90000, -4.55000 0.10000 3.05000"
1010,0.0000,Tx-Rx,0,-60.1600,"-0.15000 1.10000 4.90000, -4.85000 0.10000 3.05000"
1011,0.0000,Tx-Rx,0,-60.6269,"-0.15000 1.10000 4.90000, -5.15000 0.10000 3.05000"
1012,0.0000,Tx-Rx,0,-60.4373,"-0.15000 1.10000 4.90000, -5.45000 0.10000 3.05000"
1013,0.0000,Tx-Rx,0,-58.4048,"-0.15000 1.10000 4.90000, -5.75000 0.10000 3.05000"
1014,0.0000,Tx-Rx,0,-58.3971,"-0.15000 1.10000 4.90000, -6.05000 0.10000 3.05000"
1015,0.0000,Tx-Rx,0,-59.8115,"-0.15000 1.10000 4.90000, -6.35000 0.10000 3.05000"
1016,0.0000,Tx-Rx,0,-60.4063,"-0.15000 1.10000 4.90000, -6.65000 0.10000 3.05000"
1017,0.0000,Tx-Rx,0,-60.7390,"-0.15000 1.10000 4.90000, -6.95000 0.10000 3.05000"
1018,0.0000,Tx-Rx,0,-63.3274,"-0.15000 1.10000 4.90000, -7.25000 0.10000 3.05000"
1019,0.0000,Tx-Rx,0,-66.4418,"-0.15000 1.10000 4.90000, -7.55000 0.10000 3.05000"
1020,0.0000,Tx-Rx,0,-67.0603,"-0.15000 1.10000 4.90000, -7.85000 0.10000 3.05000"
1021,0.0000,Tx-Rx,0,-81.8404,"-0.15000 1.10000 4.90000, 9.85000 0.10000 2.75000"
1022,0.0000,Tx-Rx,0,-82.0590,"-0.15000 1.10000 4.90000, 9.55000 0.10000 2.75000"
1023,0.0000,Tx-Rx,0,-81.7417,"-0.15000 1.10000 4.90000, 9.25000 0.10000 2.75000"
1024,0.0000,Tx-Rx,0,-79.6828,"-0.15000 1.10000 4.90000, 8.95000 0.10000 2.75000"
1025,0.0000,Tx-Rx,0,-78.2268,"-0.15000 1.10000 4.90000, 8.65000 0.10000 2.75000"
1026,0.0000,Tx-Rx,0,-78.6741,"-0.15000 1.10000 4.90000, 8.35000 0.10000 2.75000"
1027,0.0000,Tx-Rx,0,-78.2100,"-0.15000 1.10000 4.90000, 8.05000 0.10000 2.75000"
1028,0.0000,Tx-Rx,0,-77.3653,"-0.15000 1.10000 4.90000, 7.75000 0.10000 2.75000"
1029,0.0000,Tx-Rx,0,-77.5306,"-0.15000 1.10000 4.90000, 7.45000 0.10000 2.75000"
1030,0.0000,Tx-Rx,0,-77.5141,"-0.15000 1.10000 4.90000, 7.15000 0.10000 2.75000"
1031,0.0000,Tx-Rx,0,-78.0013,"-0.15000 1.10000 4.90000, 6.85000 0.10000 2.75000"
1032,0.0000,Tx-Rx,0,-77.1690,"-0.15000 1.10000 4.90000, 6.55000 0.10000 2.75000"
1033,0.0000,Tx-Rx,0,-76.6427,"-0.15000 1.10000 4.90000, 6.25000 0.10000 2.75000"
1034,0.0000,Tx-Rx,0,-76.6323,"-0.15000 1.10000 4.90000, 5.95000 0.10000 2.75000"
1035,0.0000,Tx-Rx,0,-76.5467,"-0.15000 1.10000 4.90000, 5.65000 0.10000 2.75000"
1036,0.0000,Tx-Rx,0,-75.9321,"-0.15000 1.10000 4.90000, 5.35000 0.10000 2.75000"
1037,0.0000,Tx-Rx,0,-75.2601,"-0.15000 1.10000 4.90000, 5.05000 0.10000 2.75000"
1038,0.0000,Tx-Rx,0,-74.9138,"-0.15000 1.10000 4.90000, 4.75000 0.10000 2.75000"
1039,0.0000,Tx-Rx,0,-74.7414,"-0.15000 1.10000 4.90000, 4.45000 0.10000 2.75000"
1040,0.0000,Tx-Rx,0,-74.4408,"-0.15000 1.10000 4.90000, 4.15000 0.10000 2.75000"
1041,0.0000,Tx-Rx,0,-74.5026,"-0.15000 1.10000 4.90000, 3.85000 0.10000 2.75000"
1042,0.0000,Tx-Rx,0,-74.1771,"-0.15000 1.10000 4.90000, 3.55000 0.10000 2.75000"
1043,0.0000,Tx-Rx,0,-74.0198,"-0.15000 1.10000 4.90000, 3.25000 0.10000 2.75000"
1044,0.0000,Tx-Rx,0,-74.0041,"-0.15000 1.10000 4.90000, 2.95000 0.10000 2.75000"
1045,0.0000,Tx-Rx,0,-73.5919,"-0.15000 1.10000 4.90000, 2.65000 0.10000 2.75000"
1046,0.0000,Tx-Rx,0,-73.4849,"-0.15000 1.10000 4.90000, 2.35000 0.10000 2.75000"
1047,0.0000,Tx-Rx,0,-79.7485,"-0.15000 1.10000 4.90000, 2.05000 0.10000 2.75000"
1048,0.0000,Tx-Rx,0,-80.6883,"-0.15000 1.10000 4.90000, 1.75000 0.10000 2.75000"
1049,0.0000,Tx-Rx,0,-80.0582,"-0.15000 1.10000 4.90000, 1.45000 0.10000 2.75000"
1050,0.0000,Tx-Rx,0,-79.5822,"-0.15000 1.10000 4.90000, 1.15000 0.10000 2.75000"
1051,0.0000,Tx-Rx,0,-81.6012,"-0.15000 1.10000 4.90000, 0.85000 0.10000 2.75000"
1052,0.0000,Tx-Rx,0,-80.8508,"-0.15000 1.10000 4.90000, 0.55000 0.10000 2.75000"
1053,0.0000,Tx-Rx,0,-76.8843,"-0.15000 1.10000 4.90000, 0.25000 0.10000 2.75000"
1054,0.0000,Tx-Rx,0,-51.3314,"-0.15000 1.10000 4.90000, -0.05000 0.10000 2.75000"
1055,0.0000,Tx-Rx,0,-50.0056,"-0.15000 1.10000 4.90000, -0.35000 0.10000 2.75000"
1056,0.0000,Tx-Rx,0,-50.6085,"-0.15000 1.10000 4.90000, -0.65000 0.10000 2.75000"
1057,0.0000,Tx-Rx,0,-51.1915,"-0.15000 1.10000 4.90000, -0.95000 0.10000 2.75000"
1058,0.0000,Tx-Rx,0,-50.1655,"-0.15000 1.10000 4.90000, -1.25000 0.10000 2.75000"
1059,0.0000,Tx-Rx,0,-49.5509,"-0.15000 1.10000 4.90000, -1.55000 0.10000 2.75000"
1060,0.0000,Tx-Rx,0,-48.7600,"-0.15000 1.10000 4.90000, -1.85000 0.10000 2.75000"
1061,0.0000,Tx-Rx,0,-48.3967,"-0.15000 1.10000 4.90000, -2.15000 0.10000 2.75000"
1062,0.0000,Tx-Rx,0,-45.6305,"-0.15000 1.10000 4.90000, -2.45000 0.10000 2.75000"
1063,0.0000,Tx-Rx,0,-55.6012,"-0.15000 1.10000 4.90000, -2.75000 0.10000 2.75000"
1064,0.0000,Tx-Rx,0,-59.8974,"-0.15000 1.10000 4.90000, -3.05000 0.10000 2.75000"
1065,0.0000,Tx-Rx,0,-62.6413,"-0.15000 1.10000 4.90000, -3.35000 0.10000 2.75000"
1066,0.0000,Tx-Rx,0,-62.6629,"-0.15000 1.10000 4.90000, -3.65000 0.10000 2.75000"
1067,0.0000,Tx-Rx,0,-62.8670,"-0.15000 1.10000 4.90000, -3.95000 0.10000 2.75000"
1068,0.0000,Tx-Rx,0,-62.1443,"-0.15000 1.10000 4.90000, -4.25000 0.10000 2.75000"
1069,0.0000,Tx-Rx,0,-62.7419,"-0.15000 1.10000 4.90000, -4.55000 0.10000 2.75000"
1070,0.0000,Tx-Rx,0,-63.1763,"-0.15000 1.10000 4.90000, -4.85000 0.10000 2.75000"
1071,0.0000,Tx-Rx,0,-63.1463,"-0.15000 1.10000 4.90000, -5.15000 0.10000 2.75000"
1072,0.0000,Tx-Rx,0,-61.1915,"-0.15000 1.10000 4.90000, -5.45000 0.10000 2.75000"
1073,0.0000,Tx-Rx,0,-60.2070,"-0.15000 1.10000 4.90000, -5.75000 0.10000 2.75000"
1074,0.0000,Tx-Rx,0,-61.1461,"-0.15000 1.10000 4.90000, -6.05000 0.10000 2.75000"
1075,0.0000,Tx-Rx,0,-61.2185,"-0.15000 1.10000 4.90000, -6.35000 0.10000 2.75000"
1076,0.0000,Tx-Rx,0,-62.8234,"-0.15000 1.10000 4.90000, -6.65000 0.10000 2.75000"
1077,0.0000,Tx-Rx,0,-64.4268,"-0.15000 1.10000 4.90000, -6.95000 0.10000 2.75000"
1078,0.0000,Tx-Rx,0,-65.1075,"-0.15000 1.10000 4.90000, -7.25000 0.10000 2.75000"
1079,0.0000,Tx-Rx,0,-65.0449,"-0.15000 1.10000 4.90000, -7.55000 0.10000 2.75000"
1080,0.0000,Tx-Rx,0,-66.4741,"-0.15000 1.10000 4.90000, -7.85000 0.10000 2.75000"
1081,0.0000,Tx-Rx,0,-80.5885,"-0.15000 1.10000 4.90000, 9.85000 0.10000 2.45000"
1082,0.0000,Tx-Rx,0,-80.1165,"-0.15000 1.10000 4.90000, 9.55000 0.10000 2.45000"
1083,0.0000,Tx-Rx,0,-81.1917,"-0.15000 1.10000 4.90000, 9.25000 0.10000 2.45000"
1084,0.0000,Tx-Rx,0,-81.4891,"-0.15000 1.10000 4.90000, 8.95000 0.10000 2.45000"
1085,0.0000,Tx-Rx,0,-79.9119,"-0.15000 1.10000 4.90000, 8.65000 0.10000 2.45000"
1086,0.0000,Tx-Rx,0,-77.4892,"-0.15000 1.10000 4.90000, 8.35000 0.10000 2.45000"
1087,0.0000,Tx-Rx,0,-78.1394,"-0.15000 1.10000 4.90000, 8.05000 0.10000 2.45000"
1088,0.0000,Tx-Rx,0,-77.3252,"-0.15000 1.10000 4.90000, 7.75000 0.10000 2.45000"
1089,0.0000,Tx-Rx,0,-76.5728,"-0.15000 1.10000 4.90000, 7.45000 0.10000 2.45000"
1090,0.0000,Tx-Rx,0,-76.8602,"-0.15000 1.10000 4.90000, 7.15000 0.10000 2.45000"
1091,0.0000,Tx-Rx,0,-77.0411,"-0.15000 1.10000 4.90000, 6.85000 0.10000 2.45000"
1092,0.0000,Tx-Rx,0,-77.9925,"-0.15000 1.10000 4.90000, 6.55000 0.10000 2.45000"
1093,0.0000,Tx-Rx,0,-76.8258,"-0.15000 1.10000 4.90000, 6.25000 0.10000 2.45000"
1094,0.0000,Tx-Rx,0,-76.6200,"-0.15000 1.10000 4.90000, 5.95000 0.10000 2.45000"
1095,0.0000,Tx-Rx,0,-76.8983,"-0.15000 1.10000 4.90000, 5.65000 0.10000 2.45000"
1096,0.0000,Tx-Rx,0,-76.7472,"-0.15000 1.10000 4.90000, 5.35000 0.10000 2.45000"
1097,0.0000,Tx-Rx,0,-76.8361,"-0.15000 1.10000 4.90000, 5.05000 0.10000 2.45000"
1098,0.0000,Tx-Rx,0,-75.4322,"-0.15000 1.10000 4.90000, 4.75000 0.10000 2.45000"
1099,0.0000,Tx-Rx,0,-75.4150,"-0.15000 1.10000 4.90000, 4.45000 0.10000 2.45000"
1100,0.0000,Tx-Rx,0,-75.2495,"-0.15000 1.10000 4.90000, 4.15000 0.10000 2.45000"
1101,0.0000,Tx-Rx,0,-74.9892,"-0.15000 1.10000 4.90000, 3.85000 0.10000 2.45000"
1102,0.0000,Tx-Rx,0,-74.9172,"-0.15000 1.10000 4.90000, 3.55000 0.10000 2.45000"
1103,0.0000,Tx-Rx,0,-74.6391,"-0.15000 1.10000 4.90000, 3.25000 0.10000 2.45000"
1104,0.0000,Tx-Rx,0,-74.3969,"-0.15000 1.10000 4.90000, 2.95000 0.10000 2.45000"
1105,0.0000,Tx-Rx,0,-74.4300,"-0.15000 1.10000 4.90000, 2.65000 0.10000 2.45000"
1106,0.0000,Tx-Rx,0,-74.5118,"-0.15000 1.10000 4.90000, 2.35000 0.10000 2.45000"
1107,0.0000,Tx-Rx,0,-80.9725,"-0.15000 1.10000 4.90000, 2.05000 0.10000 2.45000"
1108,0.0000,Tx-Rx,0,-81.5121,"-0.15000 1.10000 4.90000, 1.75000 0.10000 2.45000"
1109,0.0000,Tx-Rx,0,-81.2419,"-0.15000 1.10000 4.90000, 1.45000 0.10000 2.45000"
1110,0.0000,Tx-Rx,0,-81.6541,"-0.15000 1.10000 4.90000, 1.15000 0.10000 2.45000"
1111,0.0000,Tx-Rx,0,-83.3422,"-0.15000 1.10000 4.90000, 0.85000 0.10000 2.45000"
1112,0.0000,Tx-Rx,0,-81.0184,"-0.15000 1.10000 4.90000, 0.55000 0.10000 2.45000"
1113,0.0000,Tx-Rx,0,-76.9057,"-0.15000 1.10000 4.90000, 0.25000 0.10000 2.45000"
1114,0.0000,Tx-Rx,0,-52.6865,"-0.15000 1.10000 4.90000, -0.05000 0.10000 2.45000"
1115,0.0000,Tx-Rx,0,-51.2950,"-0.15000 1.10000 4.90000, -0.35000 0.10000 2.45000"
1116,0.0000,Tx-Rx,0,-51.8057,"-0.15000 1.10000 4.90000, -0.65000 0.10000 2.45000"
1117,0.0000,Tx-Rx,0,-52.2723,"-0.15000 1.10000 4.90000, -0.95000 0.10000 2.45000"
1118,0.0000,Tx-Rx,0,-51.0977,"-0.15000 1.10000 4.90000, -1.25000 0.10000 2.45000"
1119,0.0000,Tx-Rx,0,-50.2181,"-0.15000 1.10000 4.90000, -1.55000 0.10000 2.45000"
1120,0.0000,Tx-Rx,0,-49.3668,"-0.15000 1.10000 4.90000, -1.85000 0.10000 2.45000"
1121,0.0000,Tx-Rx,0,-48.9546,"-0.15000 1.10000 4.90000, -2.15000 0.10000 2.45000"
1122,0.0000,Tx-Rx,0,-45.9646,"-0.15000 1.10000 4.90000, -2.45000 0.10000 2.45000"
1123,0.0000,Tx-Rx,0,-57.2639,"-0.15000 1.10000 4.90000, -2.75000 0.10000 2.45000"
1124,0.0000,Tx-Rx,0,-59.7594,"-0.15000 1.10000 4.90000, -3.05000 0.10000 2.45000"
1125,0.0000,Tx-Rx,0,-62.4591,"-0.15000 1.10000 4.90000, -3.35000 0.10000 2.45000"
1126,0.0000,Tx-Rx,0,-63.3861,"-0.15000 1.10000 4.90000, -3.65000 0.10000 2.45000"
1127,0.0000,Tx-Rx,0,-63.5372,"-0.15000 1.10000 4.90000, -3.95000 0.10000 2.45000"
1128,0.0000,Tx-Rx,0,-63.4288,"-0.15000 1.10000 4.90000, -4.25000 0.10000 2.45000"
1129,0.0000,Tx-Rx,0,-64.5659,"-0.15000 1.10000 4.90000, -4.55000 0.10000 2.45000"
1130,0.0000,Tx-Rx,0,-64.5409,"-0.15000 1.10000 4.90000, -4.85000 0.10000 2.45000"
1131,0.0000,Tx-Rx,0,-64.0204,"-0.15000 1.10000 4.90000, -5.15000 0.10000 2.45000"
1132,0.0000,Tx-Rx,0,-62.2931,"-0.15000 1.10000 4.90000, -5.45000 0.10000 2.45000"
1133,0.0000,Tx-Rx,0,-62.1741,"-0.15000 1.10000 4.90000, -5.75000 0.10000 2.45000"
1134,0.0000,Tx-Rx,0,-61.2639,"-0.15000 1.10000 4.90000, -6.05000 0.10000 2.45000"
1135,0.0000,Tx-Rx,0,-62.1375,"-0.15000 1.10000 4.90000, -6.35000 0.10000 2.45000"
1136,0.0000,Tx-Rx,0,-65.3048,"-0.15000 1.10000 4.90000, -6.65000 0.10000 2.45000"
1137,0.0000,Tx-Rx,0,-66.4442,"-0.15000 1.10000 4.90000, -6.95000 0.10000 2.45000"
1138,0.0000,Tx-Rx,0,-65.6816,"-0.15000 1.10000 4.90000, -7.25000 0.10000 2.45000"
1139,0.0000,Tx-Rx,0,-65.1247,"-0.15000 1.10000 4.90000, -7.55000 0.10000 2.45000"
1140,0.0000,Tx-Rx,0,-66.0417,"-0.15000 1.10000 4.90000, -7.85000 0.10000 2.45000"
1141,0.0000,Tx-Rx,0,-83.9526,"-0.15000 1.10000 4.90000, 9.85000 0.10000 2.15000"
1142,0.0000,Tx-Rx,0,-82.9273,"-0.15000 1.10000 4.90000, 9.55000 0.10000 2.15000"
1143,0.0000,Tx-Rx,0,-81.0253,"-0.15000 1.10000 4.90000, 9.25000 0.10000 2.15000"
1144,0.0000,Tx-Rx,0,-79.6343,"-0.15000 1.10000 4.90000, 8.95000 0.10000 2.15000"
1145,0.0000,Tx-Rx,0,-78.7838,"-0.15000 1.10000 4.90000, 8.65000 0.10000 2.15000"
1146,0.0000,Tx-Rx,0,-78.5497,"-0.15000 1.10000 4.90000, 8.35000 0.10000 2.15000"
1147,0.0000,Tx-Rx,0,-78.0593,"-0.15000 1.10000 4.90000, 8.05000 0.10000 2.15000"
1148,0.0000,Tx-Rx,0,-78.0332,"-0.15000 1.10000 4.90000, 7.75000 0.10000 2.15000"
1149,0.0000,Tx-Rx,0,-77.7765,"-0.15000 1.10000 4.90000, 7.45000 0.10000 2.15000"
1150,0.0000,Tx-Rx,0,-77.7589,"-0.15000 1.10000 4.90000, 7.15000 0.10000 2.15000"
1151,0.0000,Tx-Rx,0,-78.1656,"-0.15000 1.10000 4.90000, 6.85000 0.10000 2.15000"
1152,0.0000,Tx-Rx,0,-78.2001,"-0.15000 1.10000 4.90000, 6.55000 0.10000 2.15000"
1153,0.0000,Tx-Rx,0,-78.0002,"-0.15000 1.10000 4.90000, 6.25000 0.10000 2.15000"
1154,0.0000,Tx-Rx,0,-76.7246,"-0.15000 1.10000 4.90000, 5.95000 0.10000 2.15000"
1155,0.0000,Tx-Rx,0,-76.6179,"-0.15000 1.10000 4.90000, 5.65000 0.10000 2.15000"
1156,0.0000,Tx-Rx,0,-77.2163,"-0.15000 1.10000 4.90000, 5.35000 0.10000 2.15000"
1157,0.0000,Tx-Rx,0,-76.5463,"-0.15000 1.10000 4.90000, 5.05000 0.10000 2.15000"
1158,0.0000,Tx-Rx,0,-75.8241,"-0.15000 1.10000 4.90000, 4.75000 0.10000 2.15000"
1159,0.0000,Tx-Rx,0,-75.1626,"-0.15000 1.10000 4.90000, 4.45000 0.10000 2.15000"
1160,0.0000,Tx-Rx,0,-75.5184,"-0.15000 1.10000 4.90000, 4.15000 0.10000 2.15000"
1161,0.0000,Tx-Rx,0,-75.1645,"-0.15000 1.10000 4.90000, 3.85000 0.10000 2.15000"
1162,0.0000,Tx-Rx,0,-75.3836,"-0.15000 1.10000 4.90000, 3.55000 0.10000 2.15000"
1163,0.0000,Tx-Rx,0,-74.8456,"-0.15000 1.10000 4.90000, 3.25000 0.10000 2.15000"
1164,0.0000,Tx-Rx,0,-74.6507,"-0.15000 1.10000 4.90000, 2.95000 0.10000 2.15000"
1165,0.0000,Tx-Rx,0,-75.3674,"-0.15000 1.10000 4.90000, 2.65000 0.10000 2.15000"
1166,0.0000,Tx-Rx,0,-74.8752,"-0.15000 1.10000 4.90000, 2.35000 0.10000 2.15000"
1167,0.0000,Tx-Rx,0,-81.5805,"-0.15000 1.10000 4.90000, 2.05000 0.10000 2.15000"
1168,0.0000,Tx-Rx,0,-82.3734,"-0.15000 1.10000 4.90000, 1.75000 0.10000 2.15000"
1169,0.0000,Tx-Rx,0,-81.4797,"-0.15000 1.10000 4.90000, 1.45000 0.10000 2.15000"
1170,0.0000,Tx-Rx,0,-82.8846,"-0.15000 1.10000 4.90000, 1.15000 0.10000 2.15000"
1171,0.0000,Tx-Rx,0,-84.0891,"-0.15000 1.10000 4.90000, 0.85000 0.10000 2.15000"
1172,0.0000,Tx-Rx,0,-82.6460,"-0.15000 1.10000 4.90000, 0.55000 0.10000 2.15000"
1173,0.0000,Tx-Rx,0,-77.0555,"-0.15000 1.10000 4.90000, 0.25000 0.10000 2.15000"
1174,0.0000,Tx-Rx,0,-52.9253,"-0.15000 1.10000 4.90000, -0.05000 0.10000 2.15000"
1175,0.0000,Tx-Rx,0,-51.4486,"-0.15000 1.10000 4.90000, -0.35000 0.10000 2.15000"
1176,0.0000,Tx-Rx,0,-51.9150,"-0.15000 1.10000 4.90000, -0.65000 0.10000 2.15000"
1177,0.0000,Tx-Rx,0,-52.3067,"-0.15000 1.10000 4.90000, -0.95000 0.10000 2.15000"
1178,0.0000,Tx-Rx,0,-51.1669,"-0.15000 1.10000 4.90000, -1.25000 0.10000 2.15000"
1179,0.0000,Tx-Rx,0,-51.5067,"-0.15000 1.10000 4.90000, -1.55000 0.10000 2.15000"
1180,0.0000,Tx-Rx,0,-49.9758,"-0.15000 1.10000 4.90000, -1.85000 0.10000 2.15000"
1181,0.0000,Tx-Rx,0,-49.3053,"-0.15000 1.10000 4.90000, -2.15000 0.10000 2.15000"
1182,0.0000,Tx-Rx,0,-46.5726,"-0.15000 1.10000 4.90000, -2.45000 0.10000 2.15000"
1183,0.0000,Tx-Rx,0,-54.7930,"-0.15000 1.10000 4.90000, -2.75000 0.10000 2.15000"
1184,0.0000,Tx-Rx,0,-61.7304,"-0.15000 1.10000 4.90000, -3.05000 0.10000 2.15000"
1185,0.0000,Tx-Rx,0,-62.1927,"-0.15000 1.10000 4.90000, -3.35000 0.10000 2.15000"
1186,0.0000,Tx-Rx,0,-63.1153,"-0.15000 1.10000 4.90000, -3.65000 0.10000 2.15000"
1187,0.0000,Tx-Rx,0,-63.4876,"-0.15000 1.10000 4.90000, -3.95000 0.10000 2.15000"
1188,0.0000,Tx-Rx,0,-63.2718,"-0.15000 1.10000 4.90000, -4.25000 0.10000 2.15000"
1189,0.0000,Tx-Rx,0,-64.7391,"-0.15000 1.10000 4.90000, -4.55000 0.10000 2.15000"
1190,0.0000,Tx-Rx,0,-64.8294,"-0.15000 1.10000 4.90000, -4.85000 0.10000 2.15000"
1191,0.0000,Tx-Rx,0,-65.1679,"-0.15000 1.10000 4.90000, -5.15000 0.10000 2.15000"
1192,0.0000,Tx-Rx,0,-64.3188,"-0.15000 1.10000 4.90000, -5.45000 0.10000 2.15000"
1193,0.0000,Tx-Rx,0,-61.5016,"-0.15000 1.10000 4.90000, -5.75000 0.10000 2.15000"
1194,0.0000,Tx-Rx,0,-61.6439,"-0.15000 1.10000 4.90000, -6.05000 0.10000 2.15000"
1195,0.0000,Tx-Rx,0,-62.1975,"-0.15000 1.10000 4.90000, -6.35000 0.10000 2.15000"
1196,0.0000,Tx-Rx,0,-64.8539,"-0.15000 1.10000 4.90000, -6.65000 0.10000 2.15000"
1197,0.0000,Tx-Rx,0,-65.4936,"-0.15000 1.10000 4.90000, -6.95000 0.10000 2.15000"
1198,0.0000,Tx-Rx,0,-65.3921,"-0.15000 1.10000 4.90000, -7.25000 0.10000 2.15000"
1199,0.0000,Tx-Rx,0,-65.1103,"-0.15000 1.10000 4.90000, -7.55000 0.10000 2.15000"
1200,0.0000,Tx-Rx,0,-64.1937,"-0.15000 1.10000 4.90000, -7.85000 0.10000 2.15000"
1201,0.0000,Tx-Rx,0,-79.2774,"-0.15000 1.10000 4.90000, 9.85000 0.10000 1.85000"
1202,0.0000,Tx-Rx,0,-79.2727,"-0.15000 1.10000 4.90000, 9.55000 0.10000 1.85000"
1203,0.0000,Tx-Rx,0,-78.7031,"-0.15000 1.10000 4.90000, 9.25000 0.10000 1.85000"
1204,0.0000,Tx-Rx,0,-78.1821,"-0.15000 1.10000 4.90000, 8.95000 0.10000 1.85000"
1205,0.0000,Tx-Rx,0,-77.8118,"-0.15000 1.10000 4.90000, 8.65000 0.10000 1.85000"
1206,0.0000,Tx-Rx,0,-78.4580,"-0.15000 1.10000 4.90000, 8.35000 0.10000 1.85000"
1207,0.0000,Tx-Rx,0,-79.0417,"-0.15000 1.10000 4.90000, 8.05000 0.10000 1.85000"
1208,0.0000,Tx-Rx,0,-78.6269,"-0.15000 1.10000 4.90000, 7.75000 0.10000 1.85000"
1209,0.0000,Tx-Rx,0,-79.0078,"-0.15000 1.10000 4.90000, 7.45000 0.10000 1.85000"
1210,0.0000,Tx-Rx,0,-77.7051,"-0.15000 1.10000 4.90000, 7.15000 0.10000 1.85000"
1211,0.0000,Tx-Rx,0,-78.4252,"-0.15000 1.10000 4.90000, 6.85000 0.10000 1.85000"
1212,0.0000,Tx-Rx,0,-78.1377,"-0.15000 1.10000 4.90000, 6.55000 0.10000 1.85000"
1213,0.0000,Tx-Rx,0,-76.6571,"-0.15000 1.10000 4.90000, 6.25000 0.10000 1.85000"
1214,0.0000,Tx-Rx,0,-77.8826,"-0.15000 1.10000 4.90000, 5.95000 0.10000 1.85000"
1215,0.0000,Tx-Rx,0,-77.0932,"-0.15000 1.10000 4.90000, 5.65000 0.10000 1.85000"
1216,0.0000,Tx-Rx,0,-77.0725,"-0.15000 1.10000 4.90000, 5.35000 0.10000 1.85000"
1217,0.0000,Tx-Rx,0,-76.8871,"-0.15000 1.10000 4.90000, 5.05000 0.10000 1.85000"
1218,0.0000,Tx-Rx,0,-77.1247,"-0.15000 1.10000 4.90000, 4.75000 0.10000 1.85000"
1219,0.0000,Tx-Rx,0,-76.3997,"-0.15000 1.10000 4.90000, 4.45000 0.10000 1.85000"
1220,0.0000,Tx-Rx,0,-76.9630,"-0.15000 1.10000 4.90000, 4.15000 0.10000 1.85000"
1221,0.0000,Tx-Rx,0,-75.5185,"-0.15000 1.10000 4.90000, 3.85000 0.10000 1.85000"
1222,0.0000,Tx-Rx,0,-75.4276,"-0.15000 1.10000 4.90000, 3.55000 0.10000 1.85000"
1223,0.0000,Tx-Rx,0,-75.6730,"-0.15000 1.10000 4.90000, 3.25000 0.10000 1.85000"
1224,0.0000,Tx-Rx,0,-75.9609,"-0.15000 1.10000 4.90000, 2.95000 0.10000 1.85000"
1225,0.0000,Tx-Rx,0,-76.0893,"-0.15000 1.10000 4.90000, 2.65000 0.10000 1.85000"
1226,0.0000,Tx-Rx,0,-75.9035,"-0.15000 1.10000 4.90000, 2.35000 0.10000 1.85000"
1227,0.0000,Tx-Rx,0,-81.3748,"-0.15000 1.10000 4.90000, 2.05000 0.10000 1.85000"
1228,0.0000,Tx-Rx,0,-83.4210,"-0.15000 1.10000 4.90000, 1.75000 0.10000 1.85000"
1229,0.0000,Tx-Rx,0,-84.4004,"-0.15000 1.10000 4.90000, 1.45000 0.10000 1.85000"
1230,0.0000,Tx-Rx,0,-81.0719,"-0.15000 1.10000 4.90000, 1.15000 0.10000 1.85000"
1231,0.0000,Tx-Rx,0,-83.5601,"-0.15000 1.10000 4.90000, 0.85000 0.10000 1.85000"
1232,0.0000,Tx-Rx,0,-83.5202,"-0.15000 1.10000 4.90000, 0.55000 0.10000 1.85000"
1233,0.0000,Tx-Rx,0,-76.8554,"-0.15000 1.10000 4.90000, 0.25000 0.10000 1.85000"
1234,0.0000,Tx-Rx,0,-53.8076,"-0.15000 1.10000 4.90000, -0.05000 0.10000 1.85000"
1235,0.0000,Tx-Rx,0,-52.2926,"-0.15000 1.10000 4.90000, -0.35000 0.10000 1.85000"
1236,0.0000,Tx-Rx,0,-52.6350,"-0.15000 1.10000 4.90000, -0.65000 0.10000 1.85000"
1237,0.0000,Tx-Rx,0,-53.0268,"-0.15000 1.10000 4.90000, -0.95000 0.10000 1.85000"
1238,0.0000,Tx-Rx,0,-51.6931,"-0.15000 1.10000 4.90000, -1.25000 0.10000 1.85000"
1239,0.0000,Tx-Rx,0,-51.7880,"-0.15000 1.10000 4.90000, -1.55000 0.10000 1.85000"
1240,0.0000,Tx-Rx,0,-51.7319,"-0.15000 1.10000 4.90000, -1.85000 0.10000 1.85000"
1241,0.0000,Tx-Rx,0,-50.9294,"-0.15000 1.10000 4.90000, -2.15000 0.10000 1.85000"
1242,0.0000,Tx-Rx,0,-47.3105,"-0.15000 1.10000 4.90000, -2.45000 0.10000 1.85000"
1243,0.0000,Tx-Rx,0,-48.6238,"-0.15000 1.10000 4.90000, -2.75000 0.10000 1.85000"
1244,0.0000,Tx-Rx,0,-57.3719,"-0.15000 1.10000 4.90000, -3.05000 0.10000 1.85000"
1245,0.0000,Tx-Rx,0,-63.8135,"-0.15000 1.10000 4.90000, -3.35000 0.10000 1.85000"
1246,0.0000,Tx-Rx,0,-62.7866,"-0.15000 1.10000 4.90000, -3.65000 0.10000 1.85000"
1247,0.0000,Tx-Rx,0,-63.4062,"-0.15000 1.10000 4.90000, -3.95000 0.10000 1.85000"
1248,0.0000,Tx-Rx,0,-63.5171,"-0.15000 1.10000 4.90000, -4.25000 0.10000 1.85000"
1249,0.0000,Tx-Rx,0,-65.2772,"-0.15000 1.10000 4.90000, -4.55000 0.10000 1.85000"
1250,0.0000,Tx-Rx,0,-66.1545,"-0.15000 1.10000 4.90000, -4.85000 0.10000 1.85000"
1251,0.0000,Tx-Rx,0,-65.2241,"-0.15000 1.10000 4.90000, -5.15000 0.10000 1.85000"
1252,0.0000,Tx-Rx,0,-62.9411,"-0.15000 1.10000 4.90000, -5.45000 0.10000 1.85000"
1253,0.0000,Tx-Rx,0,-62.2213,"-0.15000 1.10000 4.90000, -5.75000 0.10000 1.85000"
1254,0.0000,Tx-Rx,0,-61.6807,"-0.15000 1.10000 4.90000, -6.05000 0.10000 1.85000"
1255,0.0000,Tx-Rx,0,-62.8325,"-0.15000 1.10000 4.90000, -6.35000 0.10000 1.85000"
1256,0.0000,Tx-Rx,0,-64.6525,"-0.15000 1.10000 4.90000, -6.65000 0.10000 1.85000"
1257,0.0000,Tx-Rx,0,-65.3655,"-0.15000 1.10000 4.90000, -6.95000 0.10000 1.85000"
1258,0.0000,Tx-Rx,0,-65.9542,"-0.15000 1.10000 4.90000, -7.25000 0.10000 1.85000"
1259,0.0000,Tx-Rx,0,-64.3875,"-0.15000 1.10000 4.90000, -7.55000 0.10000 1.85000"
1260,0.0000,Tx-Rx,0,-61.5657,"-0.15000 1.10000 4.90000, -7.85000 0.10000 1.85000"
1261,0.0000,Tx-Rx,0,-78.6827,"-0.15000 1.10000 4.90000, 9.85000 0.10000 1.55000"
1262,0.0000,Tx-Rx,0,-78.8586,"-0.15000 1.10000 4.90000, 9.55000 0.10000 1.55000"
1263,0.0000,Tx-Rx,0,-78.1673,"-0.15000 1.10000 4.90000, 9.25000 0.10000 1.55000"
1264,0.0000,Tx-Rx,0,-79.4660,"-0.15000 1.10000 4.90000, 8.95000 0.10000 1.55000"
1265,0.0000,Tx-Rx,0,-78.3517,"-0.15000 1.10000 4.90000, 8.65000 0.10000 1.55000"
1266,0.0000,Tx-Rx,0,-77.7044,"-0.15000 1.10000 4.90000, 8.35000 0.10000 1.55000"
1267,0.0000,Tx-Rx,0,-78.3668,"-0.15000 1.10000 4.90000, 8.05000 0.10000 1.55000"
1268,0.0000,Tx-Rx,0,-79.0749,"-0.15000 1.10000 4.90000, 7.75000 0.10000 1.55000"
1269,0.0000,Tx-Rx,0,-78.6924,"-0.15000 1.10000 4.90000, 7.45000 0.10000 1.55000"
1270,0.0000,Tx-Rx,0,-78.9879,"-0.15000 1.10000 4.90000, 7.15000 0.10000 1.55000"
1271,0.0000,Tx-Rx,0,-77.9591,"-0.15000 1.10000 4.90000, 6.85000 0.10000 1.55000"
1272,0.0000,Tx-Rx,0,-77.2131,"-0.15000 1.10000 4.90000, 6.55000 0.10000 1.55000"
1273,0.0000,Tx-Rx,0,-78.6880,"-0.15000 1.10000 4.90000, 6.25000 0.10000 1.55000"
1274,0.0000,Tx-Rx,0,-78.0896,"-0.15000 1.10000 4.90000, 5.95000 0.10000 1.55000"
1275,0.0000,Tx-Rx,0,-77.9885,"-0.15000 1.10000 4.90000, 5.65000 0.10000 1.55000"
1276,0.0000,Tx-Rx,0,-77.5601,"-0.15000 1.10000 4.90000, 5.35000 0.10000 1.55000"
1277,0.0000,Tx-Rx,0,-77.6800,"-0.15000 1.10000 4.90000, 5.05000 0.10000 1.55000"
1278,0.0000,Tx-Rx,0,-76.6334,"-0.15000 1.10000 4.90000, 4.75000 0.10000 1.55000"
1279,0.0000,Tx-Rx,0,-77.0681,"-0.15000 1.10000 4.90000, 4.45000 0.10000 1.55000"
1280,0.0000,Tx-Rx,0,-76.2082,"-0.15000 1.10000 4.90000, 4.15000 0.10000 1.55000"
1281,0.0000,Tx-Rx,0,-77.0050,"-0.15000 1.10000 4.90000, 3.85000 0.10000 1.55000"
1282,0.0000,Tx-Rx,0,-76.3938,"-0.15000 1.10000 4.90000, 3.55000 0.10000 1.55000"
1283,0.0000,Tx-Rx,0,-76.0279,"-0.15000 1.10000 4.90000, 3.25000 0.10000 1.55000"
1284,0.0000,Tx-Rx,0,-75.8012,"-0.15000 1.10000 4.90000, 2.95000 0.10000 1.55000"
1285,0.0000,Tx-Rx,0,-76.9170,"-0.15000 1.10000 4.90000, 2.65000 0.10000 1.55000"
1286,0.0000,Tx-Rx,0,-76.5791,"-0.15000 1.10000 4.90000, 2.35000 0.10000 1.55000"
1287,0.0000,Tx-Rx,0,-83.3283,"-0.15000 1.10000 4.90000, 2.05000 0.10000 1.55000"
1288,0.0000,Tx-Rx,0,-84.3121,"-0.15000 1.10000 4.90000, 1.75000 0.10000 1.55000"
1289,0.0000,Tx-Rx,0,-83.5070,"-0.15000 1.10000 4.90000, 1.45000 0.10000 1.55000"
1290,0.0000,Tx-Rx,0,-83.2375,"-0.15000 1.10000 4.90000, 1.15000 0.10000 1.55000"
1291,0.0000,Tx-Rx,0,-83.0863,"-0.15000 1.10000 4.90000, 0.85000 0.10000 1.55000"
1292,0.0000,Tx-Rx,0,-84.2243,"-0.15000 1.10000 4.90000, 0.55000 0.10000 1.55000"
1293,0.0000,Tx-Rx,0,-76.9581,"-0.15000 1.10000 4.90000, 0.25000 0.10000 1.55000"
1294,0.0000,Tx-Rx,0,-54.5688,"-0.15000 1.10000 4.90000, -0.05000 0.10000 1.55000"
1295,0.0000,Tx-Rx,0,-53.1126,"-0.15000 1.10000 4.90000, -0.35000 0.10000 1.55000"
1296,0.0000,Tx-Rx,0,-53.4424,"-0.15000 1.10000 4.90000, -0.65000 0.10000 1.55000"
1297,0.0000,Tx-Rx,0,-53.6722,"-0.15000 1.10000 4.90000, -0.95000 0.10000 1.55000"
1298,0.0000,Tx-Rx,0,-52.0979,"-0.15000 1.10000 4.90000, -1.25000 0.10000 1.55000"
1299,0.0000,Tx-Rx,0,-52.1223,"-0.15000 1.10000 4.90000, -1.55000 0.10000 1.55000"
1300,0.0000,Tx-Rx,0,-53.7463,"-0.15000 1.10000 4.90000, -1.85000 0.10000 1.55000"
1301,0.0000,Tx-Rx,0,-54.2068,"-0.15000 1.10000 4.90000, -2.15000 0.10000 1.55000"
1302,0.0000,Tx-Rx,0,-47.7838,"-0.15000 1.10000 4.90000, -2.45000 0.10000 1.55000"
1303,0.0000,Tx-Rx,0,-47.6803,"-0.15000 1.10000 4.90000, -2.75000 0.10000 1.55000"
1304,0.0000,Tx-Rx,0,-49.7043,"-0.15000 1.10000 4.90000, -3.05000 0.10000 1.55000"
1305,0.0000,Tx-Rx,0,-58.5990,"-0.15000 1.10000 4.90000, -3.35000 0.10000 1.55000"
1306,0.0000,Tx-Rx,0,-60.8284,"-0.15000 1.10000 4.90000, -3.65000 0.10000 1.55000"
1307,0.0000,Tx-Rx,0,-61.2155,"-0.15000 1.10000 4.90000, -3.95000 0.10000 1.55000"
1308,0.0000,Tx-Rx,0,-61.7304,"-0.15000 1.10000 4.90000, -4.25000 0.10000 1.55000"
1309,0.0000,Tx-Rx,0,-62.9045,"-0.15000 1.10000 4.90000, -4.55000 0.10000 1.55000"
1310,0.0000,Tx-Rx,0,-61.9164,"-0.15000 1.10000 4.90000, -4.85000 0.10000 1.55000"
1311,0.0000,Tx-Rx,0,-61.1962,"-0.15000 1.10000 4.90000, -5.15000 0.10000 1.55000"
1312,0.0000,Tx-Rx,0,-61.3933,"-0.15000 1.10000 4.90000, -5.45000 0.10000 1.55000"
1313,0.0000,Tx-Rx,0,-61.8960,"-0.15000 1.10000 4.90000, -5.75000 0.10000 1.55000"
1314,0.0000,Tx-Rx,0,-63.1164,"-0.15000 1.10000 4.90000, -6.05000 0.10000 1.55000"
1315,0.0000,Tx-Rx,0,-63.9306,"-0.15000 1.10000 4.90000, -6.35000 0.10000 1.55000"
1316,0.0000,Tx-Rx,0,-65.6186,"-0.15000 1.10000 4.90000, -6.65000 0.10000 1.55000"
1317,0.0000,Tx-Rx,0,-64.2306,"-0.15000 1.10000 4.90000, -6.95000 0.10000 1.55000"
1318,0.0000,Tx-Rx,0,-65.2396,"-0.15000 1.10000 4.90000, -7.25000 0.10000 1.55000"
1319,0.0000,Tx-Rx,0,-62.5548,"-0.15000 1.10000 4.90000, -7.55000 0.10000 1.55000"
1320,0.0000,Tx-Rx,0,-61.7257,"-0.15000 1.10000 4.90000, -7.85000 0.10000 1.55000"
1321,0.0000,Tx-Rx,0,-76.8935,"-0.15000 1.10000 4.90000, 9.85000 0.10000 1.25000"
1322,0.0000,Tx-Rx,0,-77.8582,"-0.15000 1.10000 4.90000, 9.55000 0.10000 1.25000"
1323,0.0000,Tx-Rx,0,-78.5050,"-0.15000 1.10000 4.90000, 9.25000 0.10000 1.25000"
1324,0.0000,Tx-Rx,0,-79.8650,"-0.15000 1.10000 4.90000, 8.95000 0.10000 1.25000"
1325,0.0000,Tx-Rx,0,-78.6231,"-0.15000 1.10000 4.90000, 8.65000 0.10000 1.25000"
1326,0.0000,Tx-Rx,0,-77.7151,"-0.15000 1.10000 4.90000, 8.35000 0.10000 1.25000"
1327,0.0000,Tx-Rx,0,-79.1592,"-0.15000 1.10000 4.90000, 8.05000 0.10000 1.25000"
1328,0.0000,Tx-Rx,0,-77.8977,"-0.15000 1.10000 4.90000, 7.75000 0.10000 1.25000"
1329,0.0000,Tx-Rx,0,-78.0445,"-0.15000 1.10000 4.90000, 7.45000 0.10000 1.25000"
1330,0.0000,Tx-Rx,0,-79.0899,"-0.15000 1.10000 4.90000, 7.15000 0.10000 1.25000"
1331,0.0000,Tx-Rx,0,-80.2577,"-0.15000 1.10000 4.90000, 6.85000 0.10000 1.25000"
1332,0.0000,Tx-Rx,0,-78.3186,"-0.15000 1.10000 4.90000, 6.55000 0.10000 1.25000"
1333,0.0000,Tx-Rx,0,-79.6035,"-0.15000 1.10000 4.90000, 6.25000 0.10000 1.25000"
1334,0.0000,Tx-Rx,0,-78.2499,"-0.15000 1.10000 4.90000, 5.95000 0.10000 1.25000"
1335,0.0000,Tx-Rx,0,-77.7085,"-0.15000 1.10000 4.90000, 5.65000 0.10000 1.25000"
1336,0.0000,Tx-Rx,0,-78.5326,"-0.15000 1.10000 4.90000, 5.35000 0.10000 1.25000"
1337,0.0000,Tx-Rx,0,-77.3423,"-0.15000 1.10000 4.90000, 5.05000 0.10000 1.25000"
1338,0.0000,Tx-Rx,0,-77.4719,"-0.15000 1.10000 4.90000, 4.75000 0.10000 1.25000"
1339,0.0000,Tx-Rx,0,-78.0702,"-0.15000 1.10000 4.90000, 4.45000 0.10000 1.25000"
1340,0.0000,Tx-Rx,0,-77.1025,"-0.15000 1.10000 4.90000, 4.15000 0.10000 1.25000"
1341,0.0000,Tx-Rx,0,-76.0266,"-0.15000 1.10000 4.90000, 3.85000 0.10000 1.25000"
1342,0.0000,Tx-Rx,0,-77.3814,"-0.15000 1.10000 4.90000, 3.55000 0.10000 1.25000"
1343,0.0000,Tx-Rx,0,-76.5927,"-0.15000 1.10000 4.90000, 3.25000 0.10000 1.25000"
1344,0.0000,Tx-Rx,0,-76.5644,"-0.15000 1.10000 4.90000, 2.95000 0.10000 1.25000"
1345,0.0000,Tx-Rx,0,-76.8358,"-0.15000 1.10000 4.90000, 2.65000 0.10000 1.25000"
1346,0.0000,Tx-Rx,0,-78.0703,"-0.15000 1.10000 4.90000, 2.35000 0.10000 1.25000"
1347,0.0000,Tx-Rx,0,-85.1502,"-0.15000 1.10000 4.90000, 2.05000 0.10000 1.25000"
1348,0.0000,Tx-Rx,0,-84.9192,"-0.15000 1.10000 4.90000, 1.75000 0.10000 1.25000"
1349,0.0000,Tx-Rx,0,-87.0021,"-0.15000 1.10000 4.90000, 1.45000 0.10000 1.25000"
1350,0.0000,Tx-Rx,0,-82.2331,"-0.15000 1.10000 4.90000, 1.15000 0.10000 1.25000"
1351,0.0000,Tx-Rx,0,-83.2028,"-0.15000 1.10000 4.90000, 0.85000 0.10000 1.25000"
1352,0.0000,Tx-Rx,0,-84.6640,"-0.15000 1.10000 4.90000, 0.55000 0.10000 1.25000"
1353,0.0000,Tx-Rx,0,-76.7286,"-0.15000 1.10000 4.90000, 0.25000 0.10000 1.25000"
1354,0.0000,Tx-Rx,0,-57.1962,"-0.15000 1.10000 4.90000, -0.05000 0.10000 1.25000"
1355,0.0000,Tx-Rx,0,-55.6996,"-0.15000 1.10000 4.90000, -0.35000 0.10000 1.25000"
1356,0.0000,Tx-Rx,0,-55.9039,"-0.15000 1.10000 4.90000, -0.65000 0.10000 1.25000"
1357,0.0000,Tx-Rx,0,-56.0169,"-0.15000 1.10000 4.90000, -0.95000 0.10000 1.25000"
1358,0.0000,Tx-Rx,0,-53.4570,"-0.15000 1.10000 4.90000, -1.25000 0.10000 1.25000"
1359,0.0000,Tx-Rx,0,-54.2161,"-0.15000 1.10000 4.90000, -1.55000 0.10000 1.25000"
1360,0.0000,Tx-Rx,0,-57.6798,"-0.15000 1.10000 4.90000, -1.85000 0.10000 1.25000"
1361,0.0000,Tx-Rx,0,-56.3688,"-0.15000 1.10000 4.90000, -2.15000 0.10000 1.25000"
1362,0.0000,Tx-Rx,0,-47.9883,"-0.15000 1.10000 4.90000, -2.45000 0.10000 1.25000"
1363,0.0000,Tx-Rx,0,-48.1135,"-0.15000 1.10000 4.90000, -2.75000 0.10000 1.25000"
1364,0.0000,Tx-Rx,0,-48.5161,"-0.15000 1.10000 4.90000, -3.05000 0.10000 1.25000"
1365,0.0000,Tx-Rx,0,-51.3288,"-0.15000 1.10000 4.90000, -3.35000 0.10000 1.25000"
1366,0.0000,Tx-Rx,0,-59.3334,"-0.15000 1.10000 4.90000, -3.65000 0.10000 1.25000"
1367,0.0000,Tx-Rx,0,-60.7393,"-0.15000 1.10000 4.90000, -3.95000 0.10000 1.25000"
1368,0.0000,Tx-Rx,0,-61.0734,"-0.15000 1.10000 4.90000, -4.25000 0.10000 1.25000"
1369,0.0000,Tx-Rx,0,-61.0553,"-0.15000 1.10000 4.90000, -4.55000 0.10000 1.25000"
1370,0.0000,Tx-Rx,0,-61.0443,"-0.15000 1.10000 4.90000, -4.85000 0.10000 1.25000"
1371,0.0000,Tx-Rx,0,-61.0818,"-0.15000 1.10000 4.90000, -5.15000 0.10000 1.25000"
1372,0.0000,Tx-Rx,0,-62.0474,"-0.15000 1.10000 4.90000, -5.45000 0.10000 1.25000"
1373,0.0000,Tx-Rx,0,-63.7238,"-0.15000 1.10000 4.90000, -5.75000 0.10000 1.25000"
1374,0.0000,Tx-Rx,0,-64.1019,"-0.15000 1.10000 4.90000, -6.05000 0.10000 1.25000"
1375,0.0000,Tx-Rx,0,-64.6510,"-0.15000 1.10000 4.90000, -6.35000 0.10000 1.25000"
1376,0.0000,Tx-Rx,0,-65.3649,"-0.15000 1.10000 4.90000, -6.65000 0.10000 1.25000"
1377,0.0000,Tx-Rx,0,-66.4813,"-0.15000 1.10000 4.90000, -6.95000 0.10000 1.25000"
1378,0.0000,Tx-Rx,0,-62.5938,"-0.15000 1.10000 4.90000, -7.25000 0.10000 1.25000"
1379,0.0000,Tx-Rx,0,-61.7941,"-0.15000 1.10000 4.90000, -7.55000 0.10000 1.25000"
1380,0.0000,Tx-Rx,0,-62.7321,"-0.15000 1.10000 4.90000, -7.85000 0.10000 1.25000"
1381,0.0000,Tx-Rx,0,-79.9494,"-0.15000 1.10000 4.90000, 9.85000 0.10000 0.95000"
1382,0.0000,Tx-Rx,0,-77.5708,"-0.15000 1.10000 4.90000, 9.55000 0.10000 0.95000"
1383,0.0000,Tx-Rx,0,-76.8920,"-0.15000 1.10000 4.90000, 9.25000 0.10000 0.95000"
1384,0.0000,Tx-Rx,0,-77.8583,"-0.15000 1.10000 4.90000, 8.95000 0.10000 0.95000"
1385,0.0000,Tx-Rx,0,-78.9873,"-0.15000 1.10000 4.90000, 8.65000 0.10000 0.95000"
1386,0.0000,Tx-Rx,0,-78.4709,"-0.15000 1.10000 4.90000, 8.35000 0.10000 0.95000"
1387,0.0000,Tx-Rx,0,-78.5393,"-0.15000 1.10000 4.90000, 8.05000 0.10000 0.95000"
1388,0.0000,Tx-Rx,0,-78.5167,"-0.15000 1.10000 4.90000, 7.75000 0.10000 0.95000"
1389,0.0000,Tx-Rx,0,-78.8589,"-0.15000 1.10000 4.90000, 7.45000 0.10000 0.95000"
1390,0.0000,Tx-Rx,0,-78.7891,"-0.15000 1.10000 4.90000, 7.15000 0.10000 0.95000"
1391,0.0000,Tx-Rx,0,-79.2690,"-0.15000 1.10000 4.90000, 6.85000 0.10000 0.95000"
1392,0.0000,Tx-Rx,0,-78.5074,"-0.15000 1.10000 4.90000, 6.55000 0.10000 0.95000"
1393,0.0000,Tx-Rx,0,-78.0043,"-0.15000 1.10000 4.90000, 6.25000 0.10000 0.95000"
1394,0.0000,Tx-Rx,0,-78.4989,"-0.15000 1.10000 4.90000, 5.95000 0.10000 0.95000"
1395,0.0000,Tx-Rx,0,-78.2150,"-0.15000 1.10000 4.90000, 5.65000 0.10000 0.95000"
1396,0.0000,Tx-Rx,0,-77.9793,"-0.15000 1.10000 4.90000, 5.35000 0.10000 0.95000"
1397,0.0000,Tx-Rx,0,-78.6426,"-0.15000 1.10000 4.90000, 5.05000 0.10000 0.95000"
1398,0.0000,Tx-Rx,0,-82.0151,"-0.15000 1.10000 4.90000, 4.75000 0.10000 0.95000"
1399,0.0000,Tx-Rx,0,-82.6166,"-0.15000 1.10000 4.90000, 4.45000 0.10000 0.95000"
1400,0.0000,Tx-Rx,0,-78.2061,"-0.15000 1.10000 4.90000, 4.15000 0.10000 0.95000"
1401,0.0000,Tx-Rx,0,-78.7111,"-0.15000 1.10000 4.90000, 3.85000 0.10000 0.95000"
1402,0.0000,Tx-Rx,0,-81.9931,"-0.15000 1.10000 4.90000, 3.55000 0.10000 0.95000"
1403,0.0000,Tx-Rx,0,-79.0389,"-0.15000 1.10000 4.90000, 3.25000 0.10000 0.95000"
1404,0.0000,Tx-Rx,0,-76.8837,"-0.15000 1.10000 4.90000, 2.95000 0.10000 0.95000"
1405,0.0000,Tx-Rx,0,-77.1535,"-0.15000 1.10000 4.90000, 2.65000 0.10000 0.95000"
1406,0.0000,Tx-Rx,0,-79.7980,"-0.15000 1.10000 4.90000, 2.35000 0.10000 0.95000"
1407,0.0000,Tx-Rx,0,-85.5509,"-0.15000 1.10000 4.90000, 2.05000 0.10000 0.95000"
1408,0.0000,Tx-Rx,0,-86.1185,"-0.15000 1.10000 4.90000, 1.75000 0.10000 0.95000"
1409,0.0000,Tx-Rx,0,-86.8541,"-0.15000 1.10000 4.90000, 1.45000 0.10000 0.95000"
1410,0.0000,Tx-Rx,0,-81.7774,"-0.15000 1.10000 4.90000, 1.15000 0.10000 0.95000"
1411,0.0000,Tx-Rx,0,-85.4285,"-0.15000 1.10000 4.90000, 0.85000 0.10000 0.95000"
1412,0.0000,Tx-Rx,0,-84.2982,"-0.15000 1.10000 4.90000, 0.55000 0.10000 0.95000"
1413,0.0000,Tx-Rx,0,-76.8740,"-0.15000 1.10000 4.90000, 0.25000 0.10000 0.95000"
1414,0.0000,Tx-Rx,0,-59.0293,"-0.15000 1.10000 4.90000, -0.05000 0.10000 0.95000"
1415,0.0000,Tx-Rx,0,-57.4701,"-0.15000 1.10000 4.90000, -0.35000 0.10000 0.95000"
1416,0.0000,Tx-Rx,0,-57.2183,"-0.15000 1.10000 4.90000, -0.65000 0.10000 0.95000"
1417,0.0000,Tx-Rx,0,-55.4894,"-0.15000 1.10000 4.90000, -0.95000 0.10000 0.95000"
1418,0.0000,Tx-Rx,0,-54.5068,"-0.15000 1.10000 4.90000, -1.25000 0.10000 0.95000"
1419,0.0000,Tx-Rx,0,-57.4672,"-0.15000 1.10000 4.90000, -1.55000 0.10000 0.95000"
1420,0.0000,Tx-Rx,0,-56.3478,"-0.15000 1.10000 4.90000, -1.85000 0.10000 0.95000"
1421,0.0000,Tx-Rx,0,-55.2744,"-0.15000 1.10000 4.90000, -2.15000 0.10000 0.95000"
1422,0.0000,Tx-Rx,0,-51.2335,"-0.15000 1.10000 4.90000, -2.45000 0.10000 0.95000"
1423,0.0000,Tx-Rx,0,-48.3297,"-0.15000 1.10000 4.90000, -2.75000 0.10000 0.95000"
1424,0.0000,Tx-Rx,0,-48.8441,"-0.15000 1.10000 4.90000, -3.05000 0.10000 0.95000"
1425,0.0000,Tx-Rx,0,-49.0963,"-0.15000 1.10000 4.90000, -3.35000 0.10000 0.95000"
1426,0.0000,Tx-Rx,0,-52.7066,"-0.15000 1.10000 4.90000, -3.65000 0.10000 0.95000"
1427,0.0000,Tx-Rx,0,-58.7434,"-0.15000 1.10000 4.90000, -3.95000 0.10000 0.95000"
1428,0.0000,Tx-Rx,0,-60.7245,"-0.15000 1.10000 4.90000, -4.25000 0.10000 0.95000"
1429,0.0000,Tx-Rx,0,-60.6492,"-0.15000 1.10000 4.90000, -4.55000 0.10000 0.95000"
1430,0.0000,Tx-Rx,0,-61.3775,"-0.15000 1.10000 4.90000, -4.85000 0.10000 0.95000"
1431,0.0000,Tx-Rx,0,-62.7007,"-0.15000 1.10000 4.90000, -5.15000 0.10000 0.95000"
1432,0.0000,Tx-Rx,0,-63.3863,"-0.15000 1.10000 4.90000, -5.45000 0.10000 0.95000"
1433,0.0000,Tx-Rx,0,-63.6448,"-0.15000 1.10000 4.90000, -5.75000 0.10000 0.95000"
1434,0.0000,Tx-Rx,0,-63.9132,"-0.15000 1.10000 4.90000, -6.05000 0.10000 0.95000"
1435,0.0000,Tx-Rx,0,-65.2923,"-0.15000 1.10000 4.90000, -6.35000 0.10000 0.95000"
1436,0.0000,Tx-Rx,0,-64.8273,"-0.15000 1.10000 4.90000, -6.65000 0.10000 0.95000"
1437,0.0000,Tx-Rx,0,-63.9145,"-0.15000 1.10000 4.90000, -6.95000 0.10000 0.95000"
1438,0.0000,Tx-Rx,0,-61.8427,"-0.15000 1.10000 4.90000, -7.25000 0.10000 0.95000"
1439,0.0000,Tx-Rx,0,-61.8444,"-0.15000 1.10000 4.90000, -7.55000 0.10000 0.95000"
1440,0.0000,Tx-Rx,0,-63.2943,"-0.15000 1.10000 4.90000, -7.85000 0.10000 0.95000"
1441,0.0000,Tx-Rx,0,-78.5489,"-0.15000 1.10000 4.90000, 9.85000 0.10000 0.65000"
1442,0.0000,Tx-Rx,0,-79.6126,"-0.15000 1.10000 4.90000, 9.55000 0.10000 0.65000"
1443,0.0000,Tx-Rx,0,-79.2728,"-0.15000 1.10000 4.90000, 9.25000 0.10000 0.65000"
1444,0.0000,Tx-Rx,0,-80.8112,"-0.15000 1.10000 4.90000, 8.95000 0.10000 0.65000"
1445,0.0000,Tx-Rx,0,-79.8111,"-0.15000 1.10000 4.90000, 8.65000 0.10000 0.65000"
1446,0.0000,Tx-Rx,0,-77.9628,"-0.15000 1.10000 4.90000, 8.35000 0.10000 0.65000"
1447,0.0000,Tx-Rx,0,-78.8663,"-0.15000 1.10000 4.90000, 8.05000 0.10000 0.65000"
1448,0.0000,Tx-Rx,0,-78.7157,"-0.15000 1.10000 4.90000, 7.75000 0.10000 0.65000"
1449,0.0000,Tx-Rx,0,-79.7559,"-0.15000 1.10000 4.90000, 7.45000 0.10000 0.65000"
1450,0.0000,Tx-Rx,0,-78.8784,"-0.15000 1.10000 4.90000, 7.15000 0.10000 0.65000"
1451,0.0000,Tx-Rx,0,-79.5662,"-0.15000 1.10000 4.90000, 6.85000 0.10000 0.65000"
1452,0.0000,Tx-Rx,0,-78.9261,"-0.15000 1.10000 4.90000, 6.55000 0.10000 0.65000"
1453,0.0000,Tx-Rx,0,-78.5422,"-0.15000 1.10000 4.90000, 6.25000 0.10000 0.65000"
1454,0.0000,Tx-Rx,0,-78.9708,"-0.15000 1.10000 4.90000, 5.95000 0.10000 0.65000"
1455,0.0000,Tx-Rx,0,-79.2069,"-0.15000 1.10000 4.90000, 5.65000 0.10000 0.65000"
1456,0.0000,Tx-Rx,0,-78.6668,"-0.15000 1.10000 4.90000, 5.35000 0.10000 0.65000"
1457,0.0000,Tx-Rx,0,-86.0692,"-0.15000 1.10000 4.90000, 5.05000 0.10000 0.65000"
1458,0.0000,Tx-Rx,0,-84.6363,"-0.15000 1.10000 4.90000, 4.75000 0.10000 0.65000"
1459,0.0000,Tx-Rx,0,-80.3971,"-0.15000 1.10000 4.90000, 4.45000 0.10000 0.65000"
1460,0.0000,Tx-Rx,0,-79.3300,"-0.15000 1.10000 4.90000, 4.15000 0.10000 0.65000"
1461,0.0000,Tx-Rx,0,-83.1905,"-0.15000 1.10000 4.90000, 3.85000 0.10000 0.65000"
1462,0.0000,Tx-Rx,0,-82.2587,"-0.15000 1.10000 4.90000, 3.55000 0.10000 0.65000"
1463,0.0000,Tx-Rx,0,-77.9464,"-0.15000 1.10000 4.90000, 3.25000 0.10000 0.65000"
1464,0.0000,Tx-Rx,0,-76.9286,"-0.15000 1.10000 4.90000, 2.95000 0.10000 0.65000"
1465,0.0000,Tx-Rx,0,-78.6161,"-0.15000 1.10000 4.90000, 2.65000 0.10000 0.65000"
1466,0.0000,Tx-Rx,0,-82.1350,"-0.15000 1.10000 4.90000, 2.35000 0.10000 0.65000"
1467,0.0000,Tx-Rx,0,-82.5750,"-0.15000 1.10000 4.90000, 2.05000 0.10000 0.65000"
1468,0.0000,Tx-Rx,0,-83.6127,"-0.15000 1.10000 4.90000, 1.75000 0.10000 0.65000"
1469,0.0000,Tx-Rx,0,-85.0268,"-0.15000 1.10000 4.90000, 1.45000 0.10000 0.65000"
1470,0.0000,Tx-Rx,0,-85.7880,"-0.15000 1.10000 4.90000, 1.15000 0.10000 0.65000"
1471,0.0000,Tx-Rx,0,-83.3881,"-0.15000 1.10000 4.90000, 0.85000 0.10000 0.65000"
1472,0.0000,Tx-Rx,0,-84.4150,"-0.15000 1.10000 4.90000, 0.55000 0.10000 0.65000"
1473,0.0000,Tx-Rx,0,-76.9289,"-0.15000 1.10000 4.90000, 0.25000 0.10000 0.65000"
1474,0.0000,Tx-Rx,0,-55.8340,"-0.15000 1.10000 4.90000, -0.05000 0.10000 0.65000"
1475,0.0000,Tx-Rx,0,-53.8826,"-0.15000 1.10000 4.90000, -0.35000 0.10000 0.65000"
1476,0.0000,Tx-Rx,0,-52.8453,"-0.15000 1.10000 4.90000, -0.65000 0.10000 0.65000"
1477,0.0000,Tx-Rx,0,-52.9758,"-0.15000 1.10000 4.90000, -0.95000 0.10000 0.65000"
1478,0.0000,Tx-Rx,0,-54.2107,"-0.15000 1.10000 4.90000, -1.25000 0.10000 0.65000"
1479,0.0000,Tx-Rx,0,-54.3839,"-0.15000 1.10000 4.90000, -1.55000 0.10000 0.65000"
1480,0.0000,Tx-Rx,0,-54.4384,"-0.15000 1.10000 4.90000, -1.85000 0.10000 0.65000"
1481,0.0000,Tx-Rx,0,-54.1576,"-0.15000 1.10000 4.90000, -2.15000 0.10000 0.65000"
1482,0.0000,Tx-Rx,0,-53.7166,"-0.15000 1.10000 4.90000, -2.45000 0.10000 0.65000"
1483,0.0000,Tx-Rx,0,-50.2067,"-0.15000 1.10000 4.90000, -2.75000 0.10000 0.65000"
1484,0.0000,Tx-Rx,0,-49.1364,"-0.15000 1.10000 4.90000, -3.05000 0.10000 0.65000"
1485,0.0000,Tx-Rx,0,-49.3487,"-0.15000 1.10000 4.90000, -3.35000 0.10000 0.65000"
1486,0.0000,Tx-Rx,0,-49.4675,"-0.15000 1.10000 4.90000, -3.65000 0.10000 0.65000"
1487,0.0000,Tx-Rx,0,-52.5429,"-0.15000 1.10000 4.90000, -3.95000 0.10000 0.65000"
1488,0.0000,Tx-Rx,0,-58.3109,"-0.15000 1.10000 4.90000, -4.25000 0.10000 0.65000"
1489,0.0000,Tx-Rx,0,-61.2100,"-0.15000 1.10000 4.90000, -4.55000 0.10000 0.65000"
1490,0.0000,Tx-Rx,0,-62.7389,"-0.15000 1.10000 4.90000, -4.85000 0.10000 0.65000"
1491,0.0000,Tx-Rx,0,-63.0415,"-0.15000 1.10000 4.90000, -5.15000 0.10000 0.65000"
1492,0.0000,Tx-Rx,0,-63.3733,"-0.15000 1.10000 4.90000, -5.45000 0.10000 0.65000"
1493,0.0000,Tx-Rx,0,-63.7571,"-0.15000 1.10000 4.90000, -5.75000 0.10000 0.65000"
1494,0.0000,Tx-Rx,0,-64.8539,"-0.15000 1.10000 4.90000, -6.05000 0.10000 0.65000"
1495,0.0000,Tx-Rx,0,-65.2517,"-0.15000 1.10000 4.90000, -6.35000 0.10000 0.65000"
1496,0.0000,Tx-Rx,0,-64.1415,"-0.15000 1.10000 4.90000, -6.65000 0.10000 0.65000"
1497,0.0000,Tx-Rx,0,-61.4583,"-0.15000 1.10000 4.90000, -6.95000 0.10000 0.65000"
1498,0.0000,Tx-Rx,0,-62.1195,"-0.15000 1.10000 4.90000, -7.25000 0.10000 0.65000"
1499,0.0000,Tx-Rx,0,-62.9716,"-0.15000 1.10000 4.90000, -7.55000 0.10000 0.65000"
1500,0.0000,Tx-Rx,0,-65.4353,"-0.15000 1.10000 4.90000, -7.85000 0.10000 0.65000"
1501,0.0000,Tx-Rx,0,-79.6725,"-0.15000 1.10000 4.90000, 9.85000 0.10000 0.35000"
1502,0.0000,Tx-Rx,0,-83.7458,"-0.15000 1.10000 4.90000, 9.55000 0.10000 0.35000"
1503,0.0000,Tx-Rx,0,-85.2312,"-0.15000 1.10000 4.90000, 9.25000 0.10000 0.35000"
1504,0.0000,Tx-Rx,0,-120.0000,"-0.15000 1.10000 4.90000, 8.95000 0.10000 0.35000"
1505,0.0000,Tx-Rx,0,-90.5648,"-0.15000 1.10000 4.90000, 8.65000 0.10000 0.35000"
1506,0.0000,Tx-Rx,0,-77.5606,"-0.15000 1.10000 4.90000, 8.35000 0.10000 0.35000"
1507,0.0000,Tx-Rx,0,-77.5692,"-0.15000 1.10000 4.90000, 8.05000 0.10000 0.35000"
1508,0.0000,Tx-Rx,0,-78.2602,"-0.15000 1.10000 4.90000, 7.75000 0.10000 0.35000"
1509,0.0000,Tx-Rx,0,-78.9931,"-0.15000 1.10000 4.90000, 7.45000 0.10000 0.35000"
1510,0.0000,Tx-Rx,0,-78.8601,"-0.15000 1.10000 4.90000, 7.15000 0.10000 0.35000"
1511,0.0000,Tx-Rx,0,-79.6302,"-0.15000 1.10000 4.90000, 6.85000 0.10000 0.35000"
1512,0.0000,Tx-Rx,0,-78.8233,"-0.15000 1.10000 4.90000, 6.55000 0.10000 0.35000"
1513,0.0000,Tx-Rx,0,-78.9746,"-0.15000 1.10000 4.90000, 6.25000 0.10000 0.35000"
1514,0.0000,Tx-Rx,0,-78.3446,"-0.15000 1.10000 4.90000, 5.95000 0.10000 0.35000"
1515,0.0000,Tx-Rx,0,-80.3686,"-0.15000 1.10000 4.90000, 5.65000 0.10000 0.35000"
1516,0.0000,Tx-Rx,0,-82.6178,"-0.15000 1.10000 4.90000, 5.35000 0.10000 0.35000"
1517,0.0000,Tx-Rx,0,-84.7746,"-0.15000 1.10000 4.90000, 5.05000 0.10000 0.35000"
1518,0.0000,Tx-Rx,0,-79.6161,"-0.15000 1.10000 4.90000, 4.75000 0.10000 0.35000"
1519,0.0000,Tx-Rx,0,-79.2892,"-0.15000 1.10000 4.90000, 4.45000 0.10000 0.35000"
1520,0.0000,Tx-Rx,0,-83.7062,"-0.15000 1.10000 4.90000, 4.15000 0.10000 0.35000"
1521,0.0000,Tx-Rx,0,-84.9505,"-0.15000 1.10000 4.90000, 3.85000 0.10000 0.35000"
1522,0.0000,Tx-Rx,0,-80.5430,"-0.15000 1.10000 4.90000, 3.55000 0.10000 0.35000"
1523,0.0000,Tx-Rx,0,-79.0270,"-0.15000 1.10000 4.90000, 3.25000 0.10000 0.35000"
1524,0.0000,Tx-Rx,0,-78.3454,"-0.15000 1.10000 4.90000, 2.95000 0.10000 0.35000"
1525,0.0000,Tx-Rx,0,-81.9089,"-0.15000 1.10000 4.90000, 2.65000 0.10000 0.35000"
1526,0.0000,Tx-Rx,0,-82.4454,"-0.15000 1.10000 4.90000, 2.35000 0.10000 0.35000"
1527,0.0000,Tx-Rx,0,-82.7854,"-0.15000 1.10000 4.90000, 2.05000 0.10000 0.35000"
1528,0.0000,Tx-Rx,0,-82.6974,"-0.15000 1.10000 4.90000, 1.75000 0.10000 0.35000"
1529,0.0000,Tx-Rx,0,-82.8890,"-0.15000 1.10000 4.90000, 1.45000 0.10000 0.35000"
1530,0.0000,Tx-Rx,0,-84.6543,"-0.15000 1.10000 4.90000, 1.15000 0.10000 0.35000"
1531,0.0000,Tx-Rx,0,-81.7870,"-0.15000 1.10000 4.90000, 0.85000 0.10000 0.35000"
1532,0.0000,Tx-Rx,0,-83.5671,"-0.15000 1.10000 4.90000, 0.55000 0.10000 0.35000"
1533,0.0000,Tx-Rx,0,-76.1632,"-0.15000 1.10000 4.90000, 0.25000 0.10000 0.35000"
1534,0.0000,Tx-Rx,0,-55.0937,"-0.15000 1.10000 4.90000, -0.05000 0.10000 0.35000"
1535,0.0000,Tx-Rx,0,-52.4004,"-0.15000 1.10000 4.90000, -0.35000 0.10000 0.35000"
1536,0.0000,Tx-Rx,0,-52.2178,"-0.15000 1.10000 4.90000, -0.65000 0.10000 0.35000"
1537,0.0000,Tx-Rx,0,-53.7928,"-0.15000 1.10000 4.90000, -0.95000 0.10000 0.35000"
1538,0.0000,Tx-Rx,0,-54.0282,"-0.15000 1.10000 4.90000, -1.25000 0.10000 0.35000"
1539,0.0000,Tx-Rx,0,-54.1914,"-0.15000 1.10000 4.90000, -1.55000 0.10000 0.35000"
1540,0.0000,Tx-Rx,0,-54.1731,"-0.15000 1.10000 4.90000, -1.85000 0.10000 0.35000"
1541,0.0000,Tx-Rx,0,-54.4170,"-0.15000 1.10000 4.90000, -2.15000 0.10000 0.35000"
1542,0.0000,Tx-Rx,0,-53.8811,"-0.15000 1.10000 4.90000, -2.45000 0.10000 0.35000"
1543,0.0000,Tx-Rx,0,-52.8139,"-0.15000 1.10000 4.90000, -2.75000 0.10000 0.35000"
1544,0.0000,Tx-Rx,0,-49.3052,"-0.15000 1.10000 4.90000, -3.05000 0.10000 0.35000"
1545,0.0000,Tx-Rx,0,-49.4334,"-0.15000 1.10000 4.90000, -3.35000 0.10000 0.35000"
1546,0.0000,Tx-Rx,0,-49.9487,"-0.15000 1.10000 4.90000, -3.65000 0.10000 0.35000"
1547,0.0000,Tx-Rx,0,-50.2281,"-0.15000 1.10000 4.90000, -3.95000 0.10000 0.35000"
1548,0.0000,Tx-Rx,0,-52.4524,"-0.15000 1.10000 4.90000, -4.25000 0.10000 0.35000"
1549,0.0000,Tx-Rx,0,-59.6202,"-0.15000 1.10000 4.90000, -4.55000 0.10000 0.35000"
1550,0.0000,Tx-Rx,0,-62.0980,"-0.15000 1.10000 4.90000, -4.85000 0.10000 0.35000"
1551,0.0000,Tx-Rx,0,-63.3958,"-0.15000 1.10000 4.90000, -5.15000 0.10000 0.35000"
1552,0.0000,Tx-Rx,0,-63.7855,"-0.15000 1.10000 4.90000, -5.45000 0.10000 0.35000"
1553,0.0000,Tx-Rx,0,-63.7731,"-0.15000 1.10000 4.90000, -5.75000 0.10000 0.35000"
1554,0.0000,Tx-Rx,0,-65.5069,"-0.15000 1.10000 4.90000, -6.05000 0.10000 0.35000"
1555,0.0000,Tx-Rx,0,-65.4495,"-0.15000 1.10000 4.90000, -6.35000 0.10000 0.35000"
1556,0.0000,Tx-Rx,0,-61.3010,"-0.15000 1.10000 4.90000, -6.65000 0.10000 0.35000"
1557,0.0000,Tx-Rx,0,-61.3591,"-0.15000 1.10000 4.90000, -6.95000 0.10000 0.35000"
1558,0.0000,Tx-Rx,0,-62.1771,"-0.15000 1.10000 4.90000, -7.25000 0.10000 0.35000"
1559,0.0000,Tx-Rx,0,-64.5877,"-0.15000 1.10000 4.90000, -7.55000 0.10000 0.35000"
1560,0.0000,Tx-Rx,0,-67.3035,"-0.15000 1.10000 4.90000, -7.85000 0.10000 0.35000"
1561,0.0000,Tx-Rx,0,-87.0221,"-0.15000 1.10000 4.90000, 9.85000 0.10000 0.05000"
1562,0.0000,Tx-Rx,0,-84.6722,"-0.15000 1.10000 4.90000, 9.55000 0.10000 0.05000"
1563,0.0000,Tx-Rx,0,-87.2932,"-0.15000 1.10000 4.90000, 9.25000 0.10000 0.05000"
1564,0.0000,Tx-Rx,0,-91.8798,"-0.15000 1.10000 4.90000, 8.95000 0.10000 0.05000"
1565,0.0000,Tx-Rx,0,-85.1842,"-0.15000 1.10000 4.90000, 8.65000 0.10000 0.05000"
1566,0.0000,Tx-Rx,0,-78.3151,"-0.15000 1.10000 4.90000, 8.35000 0.10000 0.05000"
1567,0.0000,Tx-Rx,0,-77.5297,"-0.15000 1.10000 4.90000, 8.05000 0.10000 0.05000"
1568,0.0000,Tx-Rx,0,-77.6055,"-0.15000 1.10000 4.90000, 7.75000 0.10000 0.05000"
1569,0.0000,Tx-Rx,0,-77.8984,"-0.15000 1.10000 4.90000, 7.45000 0.10000 0.05000"
1570,0.0000,Tx-Rx,0,-78.3551,"-0.15000 1.10000 4.90000, 7.15000 0.10000 0.05000"
1571,0.0000,Tx-Rx,0,-78.9531,"-0.15000 1.10000 4.90000, 6.85000 0.10000 0.05000"
1572,0.0000,Tx-Rx,0,-79.2341,"-0.15000 1.10000 4.90000, 6.55000 0.10000 0.05000"
1573,0.0000,Tx-Rx,0,-79.7061,"-0.15000 1.10000 4.90000, 6.25000 0.10000 0.05000"
1574,0.0000,Tx-Rx,0,-82.5095,"-0.15000 1.10000 4.90000, 5.95000 0.10000 0.05000"
1575,0.0000,Tx-Rx,0,-84.4873,"-0.15000 1.10000 4.90000, 5.65000 0.10000 0.05000"
1576,0.0000,Tx-Rx,0,-82.9069,"-0.15000 1.10000 4.90000, 5.35000 0.10000 0.05000"
1577,0.0000,Tx-Rx,0,-80.9085,"-0.15000 1.10000 4.90000, 5.05000 0.10000 0.05000"
1578,0.0000,Tx-Rx,0,-78.9620,"-0.15000 1.10000 4.90000, 4.75000 0.10000 0.05000"
1579,0.0000,Tx-Rx,0,-84.0299,"-0.15000 1.10000 4.90000, 4.45000 0.10000 0.05000"
1580,0.0000,Tx-Rx,0,-85.0803,"-0.15000 1.10000 4.90000, 4.15000 0.10000 0.05000"
1581,0.0000,Tx-Rx,0,-82.6315,"-0.15000 1.10000 4.90000, 3.85000 0.10000 0.05000"
1582,0.0000,Tx-Rx,0,-79.3767,"-0.15000 1.10000 4.90000, 3.55000 0.10000 0.05000"
1583,0.0000,Tx-Rx,0,-79.4624,"-0.15000 1.10000 4.90000, 3.25000 0.10000 0.05000"
1584,0.0000,Tx-Rx,0,-82.5325,"-0.15000 1.10000 4.90000, 2.95000 0.10000 0.05000"
1585,0.0000,Tx-Rx,0,-83.1779,"-0.15000 1.10000 4.90000, 2.65000 0.10000 0.05000"
1586,0.0000,Tx-Rx,0,-82.5640,"-0.15000 1.10000 4.90000, 2.35000 0.10000 0.05000"
1587,0.0000,Tx-Rx,0,-83.0246,"-0.15000 1.10000 4.90000, 2.05000 0.10000 0.05000"
1588,0.0000,Tx-Rx,0,-83.2728,"-0.15000 1.10000 4.90000, 1.75000 0.10000 0.05000"
1589,0.0000,Tx-Rx,0,-83.2316,"-0.15000 1.10000 4.90000, 1.45000 0.10000 0.05000"
1590,0.0000,Tx-Rx,0,-82.6633,"-0.15000 1.10000 4.90000, 1.15000 0.10000 0.05000"
1591,0.0000,Tx-Rx,0,-82.4793,"-0.15000 1.10000 4.90000, 0.85000 0.10000 0.05000"
1592,0.0000,Tx-Rx,0,-83.8626,"-0.15000 1.10000 4.90000, 0.55000 0.10000 0.05000"
1593,0.0000,Tx-Rx,0,-76.3215,"-0.15000 1.10000 4.90000, 0.25000 0.10000 0.05000"
1594,0.0000,Tx-Rx,0,-54.3009,"-0.15000 1.10000 4.90000, -0.05000 0.10000 0.05000"
1595,0.0000,Tx-Rx,0,-52.6702,"-0.15000 1.10000 4.90000, -0.35000 0.10000 0.05000"
1596,0.0000,Tx-Rx,0,-53.7780,"-0.15000 1.10000 4.90000, -0.65000 0.10000 0.05000"
1597,0.0000,Tx-Rx,0,-54.4346,"-0.15000 1.10000 4.90000, -0.95000 0.10000 0.05000"
1598,0.0000,Tx-Rx,0,-54.5324,"-0.15000 1.10000 4.90000, -1.25000 0.10000 0.05000"
1599,0.0000,Tx-Rx,0,-54.5475,"-0.15000 1.10000 4.90000, -1.55000 0.10000 0.05000"
1600,0.0000,Tx-Rx,0,-54.6772,"-0.15000 1.10000 4.90000, -1.85000 0.10000 0.05000"
1601,0.0000,Tx-Rx,0,-54.7163,"-0.15000 1.10000 4.90000, -2.15000 0.10000 0.05000"
1602,0.0000,Tx-Rx,0,-53.6915,"-0.15000 1.10000 4.90000, -2.45000 0.10000 0.05000"
1603,0.0000,Tx-Rx,0,-54.2354,"-0.15000 1.10000 4.90000, -2.75000 0.10000 0.05000"
1604,0.0000,Tx-Rx,0,-51.8423,"-0.15000 1.10000 4.90000, -3.05000 0.10000 0.05000"
1605,0.0000,Tx-Rx,0,-49.7202,"-0.15000 1.10000 4.90000, -3.35000 0.10000 0.05000"
1606,0.0000,Tx-Rx,0,-50.4346,"-0.15000 1.10000 4.90000, -3.65000 0.10000 0.05000"
1607,0.0000,Tx-Rx,0,-50.7549,"-0.15000 1.10000 4.90000, -3.95000 0.10000 0.05000"
1608,0.0000,Tx-Rx,0,-50.8144,"-0.15000 1.10000 4.90000, -4.25000 0.10000 0.05000"
1609,0.0000,Tx-Rx,0,-53.6985,"-0.15000 1.10000 4.90000, -4.55000 0.10000 0.05000"
1610,0.0000,Tx-Rx,0,-60.3842,"-0.15000 1.10000 4.90000, -4.85000 0.10000 0.05000"
1611,0.0000,Tx-Rx,0,-62.7270,"-0.15000 1.10000 4.90000, -5.15000 0.10000 0.05000"
1612,0.0000,Tx-Rx,0,-63.7109,"-0.15000 1.10000 4.90000, -5.45000 0.10000 0.05000"
1613,0.0000,Tx-Rx,0,-64.5926,"-0.15000 1.10000 4.90000, -5.75000 0.10000 0.05000"
1614,0.0000,Tx-Rx,0,-65.9371,"-0.15000 1.10000 4.90000, -6.05000 0.10000 0.05000"
1615,0.0000,Tx-Rx,0,-62.6428,"-0.15000 1.10000 4.90000, -6.35000 0.10000 0.05000"
1616,0.0000,Tx-Rx,0,-61.6851,"-0.15000 1.10000 4.90000, -6.65000 0.10000 0.05000"
1617,0.0000,Tx-Rx,0,-62.2685,"-0.15000 1.10000 4.90000, -6.95000 0.10000 0.05000"
1618,0.0000,Tx-Rx,0,-62.8953,"-0.15000 1.10000 4.90000, -7.25000 0.10000 0.05000"
1619,0.0000,Tx-Rx,0,-65.9208,"-0.15000 1.10000 4.90000, -7.55000 0.10000 0.05000"
1620,0.0000,Tx-Rx,0,-67.3709,"-0.15000 1.10000 4.90000, -7.85000 0.10000 0.05000"
1621,0.0000,Tx-Rx,0,-88.4039,"-0.15000 1.10000 4.90000, 9.85000 0.10000 -0.25000"
1622,0.0000,Tx-Rx,0,-89.4098,"-0.15000 1.10000 4.90000, 9.55000 0.10000 -0.25000"
1623,0.0000,Tx-Rx,0,-84.9795,"-0.15000 1.10000 4.90000, 9.25000 0.10000 -0.25000"
1624,0.0000,Tx-Rx,0,-80.9131,"-0.15000 1.10000 4.90000, 8.95000 0.10000 -0.25000"
1625,0.0000,Tx-Rx,0,-80.2489,"-0.15000 1.10000 4.90000, 8.65000 0.10000 -0.25000"
1626,0.0000,Tx-Rx,0,-80.0231,"-0.15000 1.10000 4.90000, 8.35000 0.10000 -0.25000"
1627,0.0000,Tx-Rx,0,-79.0037,"-0.15000 1.10000 4.90000, 8.05000 0.10000 -0.25000"
1628,0.0000,Tx-Rx,0,-77.1585,"-0.15000 1.10000 4.90000, 7.75000 0.10000 -0.25000"
1629,0.0000,Tx-Rx,0,-76.6619,"-0.15000 1.10000 4.90000, 7.45000 0.10000 -0.25000"
1630,0.0000,Tx-Rx,0,-79.2209,"-0.15000 1.10000 4.90000, 7.15000 0.10000 -0.25000"
1631,0.0000,Tx-Rx,0,-79.5857,"-0.15000 1.10000 4.90000, 6.85000 0.10000 -0.25000"
1632,0.0000,Tx-Rx,0,-79.0411,"-0.15000 1.10000 4.90000, 6.55000 0.10000 -0.25000"
1633,0.0000,Tx-Rx,0,-84.1792,"-0.15000 1.10000 4.90000, 6.25000 0.10000 -0.25000"
1634,0.0000,Tx-Rx,0,-84.5900,"-0.15000 1.10000 4.90000, 5.95000 0.10000 -0.25000"
1635,0.0000,Tx-Rx,0,-83.9210,"-0.15000 1.10000 4.90000, 5.65000 0.10000 -0.25000"
1636,0.0000,Tx-Rx,0,-80.5761,"-0.15000 1.10000 4.90000, 5.35000 0.10000 -0.25000"
1637,0.0000,Tx-Rx,0,-80.2692,"-0.15000 1.10000 4.90000, 5.05000 0.10000 -0.25000"
1638,0.0000,Tx-Rx,0,-82.5934,"-0.15000 1.10000 4.90000, 4.75000 0.10000 -0.25000"
1639,0.0000,Tx-Rx,0,-82.2923,"-0.15000 1.10000 4.90000, 4.45000 0.10000 -0.25000"
1640,0.0000,Tx-Rx,0,-80.5028,"-0.15000 1.10000 4.90000, 4.15000 0.10000 -0.25000"
1641,0.0000,Tx-Rx,0,-78.3236,"-0.15000 1.10000 4.90000, 3.85000 0.10000 -0.25000"
1642,0.0000,Tx-Rx,0,-80.5965,"-0.15000 1.10000 4.90000, 3.55000 0.10000 -0.25000"
1643,0.0000,Tx-Rx,0,-80.8849,"-0.15000 1.10000 4.90000, 3.25000 0.10000 -0.25000"
1644,0.0000,Tx-Rx,0,-85.6646,"-0.15000 1.10000 4.90000, 2.95000 0.10000 -0.25000"
1645,0.0000,Tx-Rx,0,-85.4252,"-0.15000 1.10000 4.90000, 2.65000 0.10000 -0.25000"
1646,0.0000,Tx-Rx,0,-83.4116,"-0.15000 1.10000 4.90000, 2.35000 0.10000 -0.25000"
1647,0.0000,Tx-Rx,0,-82.9996,"-0.15000 1.10000 4.90000, 2.05000 0.10000 -0.25000"
1648,0.0000,Tx-Rx,0,-82.8111,"-0.15000 1.10000 4.90000, 1.75000 0.10000 -0.25000"
1649,0.0000,Tx-Rx,0,-83.2245,"-0.15000 1.10000 4.90000, 1.45000 0.10000 -0.25000"
1650,0.0000,Tx-Rx,0,-82.7042,"-0.15000 1.10000 4.90000, 1.15000 0.10000 -0.25000"
1651,0.0000,Tx-Rx,0,-81.3154,"-0.15000 1.10000 4.90000, 0.85000 0.10000 -0.25000"
1652,0.0000,Tx-Rx,0,-81.2777,"-0.15000 1.10000 4.90000, 0.55000 0.10000 -0.25000"
1653,0.0000,Tx-Rx,0,-75.6067,"-0.15000 1.10000 4.90000, 0.25000 0.10000 -0.25000"
1654,0.0000,Tx-Rx,0,-54.4515,"-0.15000 1.10000 4.90000, -0.05000 0.10000 -0.25000"
1655,0.0000,Tx-Rx,0,-53.7294,"-0.15000 1.10000 4.90000, -0.35000 0.10000 -0.25000"
1656,0.0000,Tx-Rx,0,-54.3393,"-0.15000 1.10000 4.90000, -0.65000 0.10000 -0.25000"
1657,0.0000,Tx-Rx,0,-54.5011,"-0.15000 1.10000 4.90000, -0.95000 0.10000 -0.25000"
1658,0.0000,Tx-Rx,0,-54.7238,"-0.15000 1.10000 4.90000, -1.25000 0.10000 -0.25000"
1659,0.0000,Tx-Rx,0,-54.6345,"-0.15000 1.10000 4.90000, -1.55000 0.10000 -0.25000"
1660,0.0000,Tx-Rx,0,-54.6194,"-0.15000 1.10000 4.90000, -1.85000 0.10000 -0.25000"
1661,0.0000,Tx-Rx,0,-54.4924,"-0.15000 1.10000 4.90000, -2.15000 0.10000 -0.25000"
1662,0.0000,Tx-Rx,0,-54.1920,"-0.15000 1.10000 4.90000, -2.45000 0.10000 -0.25000"
1663,0.0000,Tx-Rx,0,-53.9271,"-0.15000 1.10000 4.90000, -2.75000 0.10000 -0.25000"
1664,0.0000,Tx-Rx,0,-54.6363,"-0.15000 1.10000 4.90000, -3.05000 0.10000 -0.25000"
1665,0.0000,Tx-Rx,0,-50.9709,"-0.15000 1.10000 4.90000, -3.35000 0.10000 -0.25000"
1666,0.0000,Tx-Rx,0,-50.7186,"-0.15000 1.10000 4.90000, -3.65000 0.10000 -0.25000"
1667,0.0000,Tx-Rx,0,-50.6914,"-0.15000 1.10000 4.90000, -3.95000 0.10000 -0.25000"
1668,0.0000,Tx-Rx,0,-51.1566,"-0.15000 1.10000 4.90000, -4.25000 0.10000 -0.25000"
1669,0.0000,Tx-Rx,0,-51.2499,"-0.15000 1.10000 4.90000, -4.55000 0.10000 -0.25000"
1670,0.0000,Tx-Rx,0,-54.6571,"-0.15000 1.10000 4.90000, -4.85000 0.10000 -0.25000"
1671,0.0000,Tx-Rx,0,-60.6524,"-0.15000 1.10000 4.90000, -5.15000 0.10000 -0.25000"
1672,0.0000,Tx-Rx,0,-63.1296,"-0.15000 1.10000 4.90000, -5.45000 0.10000 -0.25000"
1673,0.0000,Tx-Rx,0,-65.1489,"-0.15000 1.10000 4.90000, -5.75000 0.10000 -0.25000"
1674,0.0000,Tx-Rx,0,-62.6531,"-0.15000 1.10000 4.90000, -6.05000 0.10000 -0.25000"
1675,0.0000,Tx-Rx,0,-61.3010,"-0.15000 1.10000 4.90000, -6.35000 0.10000 -0.25000"
1676,0.0000,Tx-Rx,0,-62.4944,"-0.15000 1.10000 4.90000, -6.65000 0.10000 -0.25000"
1677,0.0000,Tx-Rx,0,-63.1521,"-0.15000 1.10000 4.90000, -6.95000 0.10000 -0.25000"
1678,0.0000,Tx-Rx,0,-66.3356,"-0.15000 1.10000 4.90000, -7.25000 0.10000 -0.25000"
1679,0.0000,Tx-Rx,0,-65.6105,"-0.15000 1.10000 4.90000, -7.55000 0.10000 -0.25000"
1680,0.0000,Tx-Rx,0,-66.9594,"-0.15000 1.10000 4.90000, -7.85000 0.10000 -0.25000"
1681,0.0000,Tx-Rx,0,-86.9885,"-0.15000 1.10000 4.90000, 9.85000 0.10000 -0.55000"
1682,0.0000,Tx-Rx,0,-81.5324,"-0.15000 1.10000 4.90000, 9.55000 0.10000 -0.55000"
1683,0.0000,Tx-Rx,0,-79.6574,"-0.15000 1.10000 4.90000, 9.25000 0.10000 -0.55000"
1684,0.0000,Tx-Rx,0,-80.5093,"-0.15000 1.10000 4.90000, 8.95000 0.10000 -0.55000"
1685,0.0000,Tx-Rx,0,-79.4554,"-0.15000 1.10000 4.90000, 8.65000 0.10000 -0.55000"
1686,0.0000,Tx-Rx,0,-80.3432,"-0.15000 1.10000 4.90000, 8.35000 0.10000 -0.55000"
1687,0.0000,Tx-Rx,0,-80.3880,"-0.15000 1.10000 4.90000, 8.05000 0.10000 -0.55000"
1688,0.0000,Tx-Rx,0,-79.2237,"-0.15000 1.10000 4.90000, 7.75000 0.10000 -0.55000"
1689,0.0000,Tx-Rx,0,-79.4378,"-0.15000 1.10000 4.90000, 7.45000 0.10000 -0.55000"
1690,0.0000,Tx-Rx,0,-77.6859,"-0.15000 1.10000 4.90000, 7.15000 0.10000 -0.55000"
1691,0.0000,Tx-Rx,0,-79.0882,"-0.15000 1.10000 4.90000, 6.85000 0.10000 -0.55000"
1692,0.0000,Tx-Rx,0,-81.0155,"-0.15000 1.10000 4.90000, 6.55000 0.10000 -0.55000"
1693,0.0000,Tx-Rx,0,-81.1709,"-0.15000 1.10000 4.90000, 6.25000 0.10000 -0.55000"
1694,0.0000,Tx-Rx,0,-85.2093,"-0.15000 1.10000 4.90000, 5.95000 0.10000 -0.55000"
1695,0.0000,Tx-Rx,0,-80.9773,"-0.15000 1.10000 4.90000, 5.65000 0.10000 -0.55000"
1696,0.0000,Tx-Rx,0,-83.3527,"-0.15000 1.10000 4.90000, 5.35000 0.10000 -0.55000"
1697,0.0000,Tx-Rx,0,-85.1103,"-0.15000 1.10000 4.90000, 5.05000 0.10000 -0.55000"
1698,0.0000,Tx-Rx,0,-84.4240,"-0.15000 1.10000 4.90000, 4.75000 0.10000 -0.55000"
1699,0.0000,Tx-Rx,0,-80.8655,"-0.15000 1.10000 4.90000, 4.45000 0.10000 -0.55000"
1700,0.0000,Tx-Rx,0,-79.3236,"-0.15000 1.10000 4.90000, 4.15000 0.10000 -0.55000"
1701,0.0000,Tx-Rx,0,-79.3600,"-0.15000 1.10000 4.90000, 3.85000 0.10000 -0.55000"
1702,0.0000,Tx-Rx,0,-79.6879,"-0.15000 1.10000 4.90000, 3.55000 0.10000 -0.55000"
1703,0.0000,Tx-Rx,0,-83.0268,"-0.15000 1.10000 4.90000, 3.25000 0.10000 -0.55000"
1704,0.0000,Tx-Rx,0,-85.1268,"-0.15000 1.10000 4.90000, 2.95000 0.10000 -0.55000"
1705,0.0000,Tx-Rx,0,-83.6573,"-0.15000 1.10000 4.90000, 2.65000 0.10000 -0.55000"
1706,0.0000,Tx-Rx,0,-83.6866,"-0.15000 1.10000 4.90000, 2.35000 0.10000 -0.55000"
1707,0.0000,Tx-Rx,0,-83.3788,"-0.15000 1.10000 4.90000, 2.05000 0.10000 -0.55000"
1708,0.0000,Tx-Rx,0,-82.4627,"-0.15000 1.10000 4.90000, 1.75000 0.10000 -0.55000"
1709,0.0000,Tx-Rx,0,-82.6443,"-0.15000 1.10000 4.90000, 1.45000 0.10000 -0.55000"
1710,0.0000,Tx-Rx,0,-82.8811,"-0.15000 1.10000 4.90000, 1.15000 0.10000 -0.55000"
1711,0.0000,Tx-Rx,0,-81.3395,"-0.15000 1.10000 4.90000, 0.85000 0.10000 -0.55000"
1712,0.0000,Tx-Rx,0,-78.5529,"-0.15000 1.10000 4.90000, 0.55000 0.10000 -0.55000"
1713,0.0000,Tx-Rx,0,-75.4542,"-0.15000 1.10000 4.90000, 0.25000 0.10000 -0.55000"
1714,0.0000,Tx-Rx,0,-55.9685,"-0.15000 1.10000 4.90000, -0.05000 0.10000 -0.55000"
1715,0.0000,Tx-Rx,0,-54.2531,"-0.15000 1.10000 4.90000, -0.35000 0.10000 -0.55000"
1716,0.0000,Tx-Rx,0,-54.5169,"-0.15000 1.10000 4.90000, -0.65000 0.10000 -0.55000"
1717,0.0000,Tx-Rx,0,-54.6111,"-0.15000 1.10000 4.90000, -0.95000 0.10000 -0.55000"
1718,0.0000,Tx-Rx,0,-54.7142,"-0.15000 1.10000 4.90000, -1.25000 0.10000 -0.55000"
1719,0.0000,Tx-Rx,0,-54.6714,"-0.15000 1.10000 4.90000, -1.55000 0.10000 -0.55000"
1720,0.0000,Tx-Rx,0,-55.1944,"-0.15000 1.10000 4.90000, -1.85000 0.10000 -0.55000"
1721,0.0000,Tx-Rx,0,-55.1608,"-0.15000 1.10000 4.90000, -2.15000 0.10000 -0.55000"
1722,0.0000,Tx-Rx,0,-54.6687,"-0.15000 1.10000 4.90000, -2.45000 0.10000 -0.55000"
1723,0.0000,Tx-Rx,0,-54.4745,"-0.15000 1.10000 4.90000, -2.75000 0.10000 -0.55000"
1724,0.0000,Tx-Rx,0,-55.8149,"-0.15000 1.10000 4.90000, -3.05000 0.10000 -0.55000"
1725,0.0000,Tx-Rx,0,-53.7799,"-0.15000 1.10000 4.90000, -3.35000 0.10000 -0.55000"
1726,0.0000,Tx-Rx,0,-50.7861,"-0.15000 1.10000 4.90000, -3.65000 0.10000 -0.55000"
1727,0.0000,Tx-Rx,0,-50.9837,"-0.15000 1.10000 4.90000, -3.95000 0.10000 -0.55000"
1728,0.0000,Tx-Rx,0,-51.3686,"-0.15000 1.10000 4.90000, -4.25000 0.10000 -0.55000"
1729,0.0000,Tx-Rx,0,-51.6071,"-0.15000 1.10000 4.90000, -4.55000 0.10000 -0.55000"
1730,0.0000,Tx-Rx,0,-51.6659,"-0.15000 1.10000 4.90000, -4.85000 0.10000 -0.55000"
1731,0.0000,Tx-Rx,0,-55.2438,"-0.15000 1.10000 4.90000, -5.15000 0.10000 -0.55000"
1732,0.0000,Tx-Rx,0,-61.2205,"-0.15000 1.10000 4.90000, -5.45000 0.10000 -0.55000"
1733,0.0000,Tx-Rx,0,-62.4717,"-0.15000 1.10000 4.90000, -5.75000 0.10000 -0.55000"
1734,0.0000,Tx-Rx,0,-61.1070,"-0.15000 1.10000 4.90000, -6.05000 0.10000 -0.55000"
1735,0.0000,Tx-Rx,0,-61.2485,"-0.15000 1.10000 4.90000, -6.35000 0.10000 -0.55000"
1736,0.0000,Tx-Rx,0,-63.2559,"-0.15000 1.10000 4.90000, -6.65000 0.10000 -0.55000"
1737,0.0000,Tx-Rx,0,-67.1976,"-0.15000 1.10000 4.90000, -6.95000 0.10000 -0.55000"
1738,0.0000,Tx-Rx,0,-67.0691,"-0.15000 1.10000 4.90000, -7.25000 0.10000 -0.55000"
1739,0.0000,Tx-Rx,0,-65.9221,"-0.15000 1.10000 4.90000, -7.55000 0.10000 -0.55000"
1740,0.0000,Tx-Rx,0,-65.4818,"-0.15000 1.10000 4.90000, -7.85000 0.10000 -0.55000"
1741,0.0000,Tx-Rx,0,-81.8038,"-0.15000 1.10000 4.90000, 9.85000 0.10000 -0.85000"
1742,0.0000,Tx-Rx,0,-80.9256,"-0.15000 1.10000 4.90000, 9.55000 0.10000 -0.85000"
1743,0.0000,Tx-Rx,0,-82.0925,"-0.15000 1.10000 4.90000, 9.25000 0.10000 -0.85000"
1744,0.0000,Tx-Rx,0,-83.3966,"-0.15000 1.10000 4.90000, 8.95000 0.10000 -0.85000"
1745,0.0000,Tx-Rx,0,-79.8869,"-0.15000 1.10000 4.90000, 8.65000 0.10000 -0.85000"
1746,0.0000,Tx-Rx,0,-81.1788,"-0.15000 1.10000 4.90000, 8.35000 0.10000 -0.85000"
1747,0.0000,Tx-Rx,0,-80.5197,"-0.15000 1.10000 4.90000, 8.05000 0.10000 -0.85000"
1748,0.0000,Tx-Rx,0,-81.8336,"-0.15000 1.10000 4.90000, 7.75000 0.10000 -0.85000"
1749,0.0000,Tx-Rx,0,-80.6432,"-0.15000 1.10000 4.90000, 7.45000 0.10000 -0.85000"
1750,0.0000,Tx-Rx,0,-80.8304,"-0.15000 1.10000 4.90000, 7.15000 0.10000 -0.85000"
1751,0.0000,Tx-Rx,0,-82.4951,"-0.15000 1.10000 4.90000, 6.85000 0.10000 -0.85000"
1752,0.0000,Tx-Rx,0,-81.0783,"-0.15000 1.10000 4.90000, 6.55000 0.10000 -0.85000"
1753,0.0000,Tx-Rx,0,-81.9220,"-0.15000 1.10000 4.90000, 6.25000 0.10000 -0.85000"
1754,0.0000,Tx-Rx,0,-78.8188,"-0.15000 1.10000 4.90000, 5.95000 0.10000 -0.85000"
1755,0.0000,Tx-Rx,0,-81.0202,"-0.15000 1.10000 4.90000, 5.65000 0.10000 -0.85000"
1756,0.0000,Tx-Rx,0,-86.3917,"-0.15000 1.10000 4.90000, 5.35000 0.10000 -0.85000"
1757,0.0000,Tx-Rx,0,-89.1210,"-0.15000 1.10000 4.90000, 5.05000 0.10000 -0.85000"
1758,0.0000,Tx-Rx,0,-86.7364,"-0.15000 1.10000 4.90000, 4.75000 0.10000 -0.85000"
1759,0.0000,Tx-Rx,0,-81.7045,"-0.15000 1.10000 4.90000, 4.45000 0.10000 -0.85000"
1760,0.0000,Tx-Rx,0,-80.9054,"-0.15000 1.10000 4.90000, 4.15000 0.10000 -0.85000"
1761,0.0000,Tx-Rx,0,-79.9566,"-0.15000 1.10000 4.90000, 3.85000 0.10000 -0.85000"
1762,0.0000,Tx-Rx,0,-81.0798,"-0.15000 1.10000 4.90000, 3.55000 0.10000 -0.85000"
1763,0.0000,Tx-Rx,0,-82.0560,"-0.15000 1.10000 4.90000, 3.25000 0.10000 -0.85000"
1764,0.0000,Tx-Rx,0,-82.5425,"-0.15000 1.10000 4.90000, 2.95000 0.10000 -0.85000"
1765,0.0000,Tx-Rx,0,-83.4738,"-0.15000 1.10000 4.90000, 2.65000 0.10000 -0.85000"
1766,0.0000,Tx-Rx,0,-83.7433,"-0.15000 1.10000 4.90000, 2.35000 0.10000 -0.85000"
1767,0.0000,Tx-Rx,0,-84.8697,"-0.15000 1.10000 4.90000, 2.05000 0.10000 -0.85000"
1768,0.0000,Tx-Rx,0,-84.1434,"-0.15000 1.10000 4.90000, 1.75000 0.10000 -0.85000"
1769,0.0000,Tx-Rx,0,-82.4308,"-0.15000 1.10000 4.90000, 1.45000 0.10000 -0.85000"
1770,0.0000,Tx-Rx,0,-82.3692,"-0.15000 1.10000 4.90000, 1.15000 0.10000 -0.85000"
1771,0.0000,Tx-Rx,0,-80.9280,"-0.15000 1.10000 4.90000, 0.85000 0.10000 -0.85000"
1772,0.0000,Tx-Rx,0,-77.2557,"-0.15000 1.10000 4.90000, 0.55000 0.10000 -0.85000"
1773,0.0000,Tx-Rx,0,-73.7492,"-0.15000 1.10000 4.90000, 0.25000 0.10000 -0.85000"
1774,0.0000,Tx-Rx,0,-56.7315,"-0.15000 1.10000 4.90000, -0.05000 0.10000 -0.85000"
1775,0.0000,Tx-Rx,0,-54.6741,"-0.15000 1.10000 4.90000, -0.35000 0.10000 -0.85000"
1776,0.0000,Tx-Rx,0,-54.3068,"-0.15000 1.10000 4.90000, -0.65000 0.10000 -0.85000"
1777,0.0000,Tx-Rx,0,-54.5620,"-0.15000 1.10000 4.90000, -0.95000 0.10000 -0.85000"
1778,0.0000,Tx-Rx,0,-54.8972,"-0.15000 1.10000 4.90000, -1.25000 0.10000 -0.85000"
1779,0.0000,Tx-Rx,0,-55.0126,"-0.15000 1.10000 4.90000, -1.55000 0.10000 -0.85000"
1780,0.0000,Tx-Rx,0,-55.3641,"-0.15000 1.10000 4.90000, -1.85000 0.10000 -0.85000"
1781,0.0000,Tx-Rx,0,-55.4323,"-0.15000 1.10000 4.90000, -2.15000 0.10000 -0.85000"
1782,0.0000,Tx-Rx,0,-54.9648,"-0.15000 1.10000 4.90000, -2.45000 0.10000 -0.85000"
1783,0.0000,Tx-Rx,0,-55.2367,"-0.15000 1.10000 4.90000, -2.75000 0.10000 -0.85000"
1784,0.0000,Tx-Rx,0,-55.0556,"-0.15000 1.10000 4.90000, -3.05000 0.10000 -0.85000"
1785,0.0000,Tx-Rx,0,-55.0863,"-0.15000 1.10000 4.90000, -3.35000 0.10000 -0.85000"
1786,0.0000,Tx-Rx,0,-52.4555,"-0.15000 1.10000 4.90000, -3.65000 0.10000 -0.85000"
1787,0.0000,Tx-Rx,0,-51.3401,"-0.15000 1.10000 4.90000, -3.95000 0.10000 -0.85000"
1788,0.0000,Tx-Rx,0,-51.6042,"-0.15000 1.10000 4.90000, -4.25000 0.10000 -0.85000"
1789,0.0000,Tx-Rx,0,-51.9274,"-0.15000 1.10000 4.90000, -4.55000 0.10000 -0.85000"
1790,0.0000,Tx-Rx,0,-52.0151,"-0.15000 1.10000 4.90000, -4.85000 0.10000 -0.85000"
1791,0.0000,Tx-Rx,0,-51.9518,"-0.15000 1.10000 4.90000, -5.15000 0.10000 -0.85000"
1792,0.0000,Tx-Rx,0,-56.4463,"-0.15000 1.10000 4.90000, -5.45000 0.10000 -0.85000"
1793,0.0000,Tx-Rx,0,-59.5453,"-0.15000 1.10000 4.90000, -5.75000 0.10000 -0.85000"
1794,0.0000,Tx-Rx,0,-61.4839,"-0.15000 1.10000 4.90000, -6.05000 0.10000 -0.85000"
1795,0.0000,Tx-Rx,0,-62.7753,"-0.15000 1.10000 4.90000, -6.35000 0.10000 -0.85000"
1796,0.0000,Tx-Rx,0,-65.9934,"-0.15000 1.10000 4.90000, -6.65000 0.10000 -0.85000"
1797,0.0000,Tx-Rx,0,-66.9316,"-0.15000 1.10000 4.90000, -6.95000 0.10000 -0.85000"
1798,0.0000,Tx-Rx,0,-67.5119,"-0.15000 1.10000 4.90000, -7.25000 0.10000 -0.85000"
1799,0.0000,Tx-Rx,0,-66.5245,"-0.15000 1.10000 4.90000, -7.55000 0.10000 -0.85000"
1800,0.0000,Tx-Rx,0,-63.5831,"-0.15000 1.10000 4.90000, -7.85000 0.10000 -0.85000"
1801,0.0000,Tx-Rx,0,-82.4156,"-0.15000 1.10000 4.90000, 9.85000 0.10000 -1.15000"
1802,0.0000,Tx-Rx,0,-80.4785,"-0.15000 1.10000 4.90000, 9.55000 0.10000 -1.15000"
1803,0.0000,Tx-Rx,0,-79.6416,"-0.15000 1.10000 4.90000, 9.25000 0.10000 -1.15000"
1804,0.0000,Tx-Rx,0,-80.2070,"-0.15000 1.10000 4.90000, 8.95000 0.10000 -1.15000"
1805,0.0000,Tx-Rx,0,-82.2247,"-0.15000 1.10000 4.90000, 8.65000 0.10000 -1.15000"
1806,0.0000,Tx-Rx,0,-81.8449,"-0.15000 1.10000 4.90000, 8.35000 0.10000 -1.15000"
1807,0.0000,Tx-Rx,0,-81.1955,"-0.15000 1.10000 4.90000, 8.05000 0.10000 -1.15000"
1808,0.0000,Tx-Rx,0,-79.8688,"-0.15000 1.10000 4.90000, 7.75000 0.10000 -1.15000"
1809,0.0000,Tx-Rx,0,-84.5856,"-0.15000 1.10000 4.90000, 7.45000 0.10000 -1.15000"
1810,0.0000,Tx-Rx,0,-87.5137,"-0.15000 1.10000 4.90000, 7.15000 0.10000 -1.15000"
1811,0.0000,Tx-Rx,0,-87.0598,"-0.15000 1.10000 4.90000, 6.85000 0.10000 -1.15000"
1812,0.0000,Tx-Rx,0,-82.9257,"-0.15000 1.10000 4.90000, 6.55000 0.10000 -1.15000"
1813,0.0000,Tx-Rx,0,-77.8380,"-0.15000 1.10000 4.90000, 6.25000 0.10000 -1.15000"
1814,0.0000,Tx-Rx,0,-79.1636,"-0.15000 1.10000 4.90000, 5.95000 0.10000 -1.15000"
1815,0.0000,Tx-Rx,0,-80.9971,"-0.15000 1.10000 4.90000, 5.65000 0.10000 -1.15000"
1816,0.0000,Tx-Rx,0,-81.5925,"-0.15000 1.10000 4.90000, 5.35000 0.10000 -1.15000"
1817,0.0000,Tx-Rx,0,-83.6364,"-0.15000 1.10000 4.90000, 5.05000 0.10000 -1.15000"
1818,0.0000,Tx-Rx,0,-82.4774,"-0.15000 1.10000 4.90000, 4.75000 0.10000 -1.15000"
1819,0.0000,Tx-Rx,0,-81.3421,"-0.15000 1.10000 4.90000, 4.45000 0.10000 -1.15000"
1820,0.0000,Tx-Rx,0,-82.5523,"-0.15000 1.10000 4.90000, 4.15000 0.10000 -1.15000"
1821,0.0000,Tx-Rx,0,-83.0526,"-0.15000 1.10000 4.90000, 3.85000 0.10000 -1.15000"
1822,0.0000,Tx-Rx,0,-82.8357,"-0.15000 1.10000 4.90000, 3.55000 0.10000 -1.15000"
1823,0.0000,Tx-Rx,0,-81.6626,"-0.15000 1.10000 4.90000, 3.25000 0.10000 -1.15000"
1824,0.0000,Tx-Rx,0,-80.9536,"-0.15000 1.10000 4.90000, 2.95000 0.10000 -1.15000"
1825,0.0000,Tx-Rx,0,-81.3379,"-0.15000 1.10000 4.90000, 2.65000 0.10000 -1.15000"
1826,0.0000,Tx-Rx,0,-82.9370,"-0.15000 1.10000 4.90000, 2.35000 0.10000 -1.15000"
1827,0.0000,Tx-Rx,0,-84.2976,"-0.15000 1.10000 4.90000, 2.05000 0.10000 -1.15000"
1828,0.0000,Tx-Rx,0,-83.6110,"-0.15000 1.10000 4.90000, 1.75000 0.10000 -1.15000"
1829,0.0000,Tx-Rx,0,-82.0938,"-0.15000 1.10000 4.90000, 1.45000 0.10000 -1.15000"
1830,0.0000,Tx-Rx,0,-78.6368,"-0.15000 1.10000 4.90000, 1.15000 0.10000 -1.15000"
1831,0.0000,Tx-Rx,0,-76.1572,"-0.15000 1.10000 4.90000, 0.85000 0.10000 -1.15000"
1832,0.0000,Tx-Rx,0,-72.9875,"-0.15000 1.10000 4.90000, 0.55000 0.10000 -1.15000"
1833,0.0000,Tx-Rx,0,-67.9440,"-0.15000 1.10000 4.90000, 0.25000 0.10000 -1.15000"
1834,0.0000,Tx-Rx,0,-56.6525,"-0.15000 1.10000 4.90000, -0.05000 0.10000 -1.15000"
1835,0.0000,Tx-Rx,0,-54.9531,"-0.15000 1.10000 4.90000, -0.35000 0.10000 -1.15000"
1836,0.0000,Tx-Rx,0,-54.7704,"-0.15000 1.10000 4.90000, -0.65000 0.10000 -1.15000"
1837,0.0000,Tx-Rx,0,-54.7426,"-0.15000 1.10000 4.90000, -0.95000 0.10000 -1.15000"
1838,0.0000,Tx-Rx,0,-54.9076,"-0.15000 1.10000 4.90000, -1.25000 0.10000 -1.15000"
1839,0.0000,Tx-Rx,0,-55.4039,"-0.15000 1.10000 4.90000, -1.55000 0.10000 -1.15000"
1840,0.0000,Tx-Rx,0,-55.7555,"-0.15000 1.10000 4.90000, -1.85000 0.10000 -1.15000"
1841,0.0000,Tx-Rx,0,-56.1207,"-0.15000 1.10000 4.90000, -2.15000 0.10000 -1.15000"
1842,0.0000,Tx-Rx,0,-55.2743,"-0.15000 1.10000 4.90000, -2.45000 0.10000 -1.15000"
1843,0.0000,Tx-Rx,0,-55.2746,"-0.15000 1.10000 4.90000, -2.75000 0.10000 -1.15000"
1844,0.0000,Tx-Rx,0,-55.1217,"-0.15000 1.10000 4.90000, -3.05000 0.10000 -1.15000"
1845,0.0000,Tx-Rx,0,-55.1466,"-0.15000 1.10000 4.90000, -3.35000 0.10000 -1.15000"
1846,0.0000,Tx-Rx,0,-56.1932,"-0.15000 1.10000 4.90000, -3.65000 0.10000 -1.15000"
1847,0.0000,Tx-Rx,0,-52.1829,"-0.15000 1.10000 4.90000, -3.95000 0.10000 -1.15000"
1848,0.0000,Tx-Rx,0,-51.8518,"-0.15000 1.10000 4.90000, -4.25000 0.10000 -1.15000"
1849,0.0000,Tx-Rx,0,-52.1029,"-0.15000 1.10000 4.90000, -4.55000 0.10000 -1.15000"
1850,0.0000,Tx-Rx,0,-51.8916,"-0.15000 1.10000 4.90000, -4.85000 0.10000 -1.15000"
1851,0.0000,Tx-Rx,0,-52.3812,"-0.15000 1.10000 4.90000, -5.15000 0.10000 -1.15000"
1852,0.0000,Tx-Rx,0,-52.3654,"-0.15000 1.10000 4.90000, -5.45000 0.10000 -1.15000"
1853,0.0000,Tx-Rx,0,-56.7834,"-0.15000 1.10000 4.90000, -5.75000 0.10000 -1.15000"
1854,0.0000,Tx-Rx,0,-60.4188,"-0.15000 1.10000 4.90000, -6.05000 0.10000 -1.15000"
1855,0.0000,Tx-Rx,0,-64.4376,"-0.15000 1.10000 4.90000, -6.35000 0.10000 -1.15000"
1856,0.0000,Tx-Rx,0,-65.8852,"-0.15000 1.10000 4.90000, -6.65000 0.10000 -1.15000"
1857,0.0000,Tx-Rx,0,-66.6066,"-0.15000 1.10000 4.90000, -6.95000 0.10000 -1.15000"
1858,0.0000,Tx-Rx,0,-66.9788,"-0.15000 1.10000 4.90000, -7.25000 0.10000 -1.15000"
1859,0.0000,Tx-Rx,0,-65.2286,"-0.15000 1.10000 4.90000, -7.55000 0.10000 -1.15000"
1860,0.0000,Tx-Rx,0,-62.4628,"-0.15000 1.10000 4.90000, -7.85000 0.10000 -1.15000"
1861,0.0000,Tx-Rx,0,-84.5978,"-0.15000 1.10000 4.90000, 9.85000 0.10000 -1.45000"
1862,0.0000,Tx-Rx,0,-84.5246,"-0.15000 1.10000 4.90000, 9.55000 0.10000 -1.45000"
1863,0.0000,Tx-Rx,0,-86.3460,"-0.15000 1.10000 4.90000, 9.25000 0.10000 -1.45000"
1864,0.0000,Tx-Rx,0,-87.6655,"-0.15000 1.10000 4.90000, 8.95000 0.10000 -1.45000"
1865,0.0000,Tx-Rx,0,-83.9462,"-0.15000 1.10000 4.90000, 8.65000 0.10000 -1.45000"
1866,0.0000,Tx-Rx,0,-82.2619,"-0.15000 1.10000 4.90000, 8.35000 0.10000 -1.45000"
1867,0.0000,Tx-Rx,0,-81.6075,"-0.15000 1.10000 4.90000, 8.05000 0.10000 -1.45000"
1868,0.0000,Tx-Rx,0,-84.8392,"-0.15000 1.10000 4.90000, 7.75000 0.10000 -1.45000"
1869,0.0000,Tx-Rx,0,-87.4277,"-0.15000 1.10000 4.90000, 7.45000 0.10000 -1.45000"
1870,0.0000,Tx-Rx,0,-87.2937,"-0.15000 1.10000 4.90000, 7.15000 0.10000 -1.45000"
1871,0.0000,Tx-Rx,0,-87.6509,"-0.15000 1.10000 4.90000, 6.85000 0.10000 -1.45000"
1872,0.0000,Tx-Rx,0,-84.3594,"-0.15000 1.10000 4.90000, 6.55000 0.10000 -1.45000"
1873,0.0000,Tx-Rx,0,-84.3901,"-0.15000 1.10000 4.90000, 6.25000 0.10000 -1.45000"
1874,0.0000,Tx-Rx,0,-81.7744,"-0.15000 1.10000 4.90000, 5.95000 0.10000 -1.45000"
1875,0.0000,Tx-Rx,0,-81.8434,"-0.15000 1.10000 4.90000, 5.65000 0.10000 -1.45000"
1876,0.0000,Tx-Rx,0,-80.6949,"-0.15000 1.10000 4.90000, 5.35000 0.10000 -1.45000"
1877,0.0000,Tx-Rx,0,-80.5391,"-0.15000 1.10000 4.90000, 5.05000 0.10000 -1.45000"
1878,0.0000,Tx-Rx,0,-80.5925,"-0.15000 1.10000 4.90000, 4.75000 0.10000 -1.45000"
1879,0.0000,Tx-Rx,0,-82.2942,"-0.15000 1.10000 4.90000, 4.45000 0.10000 -1.45000"
1880,0.0000,Tx-Rx,0,-87.2370,"-0.15000 1.10000 4.90000, 4.15000 0.10000 -1.45000"
1881,0.0000,Tx-Rx,0,-83.8230,"-0.15000 1.10000 4.90000, 3.85000 0.10000 -1.45000"
1882,0.0000,Tx-Rx,0,-82.5275,"-0.15000 1.10000 4.90000, 3.55000 0.10000 -1.45000"
1883,0.0000,Tx-Rx,0,-81.5522,"-0.15000 1.10000 4.90000, 3.25000 0.10000 -1.45000"
1884,0.0000,Tx-Rx,0,-81.4364,"-0.15000 1.10000 4.90000, 2.95000 0.10000 -1.45000"
1885,0.0000,Tx-Rx,0,-80.8856,"-0.15000 1.10000 4.90000, 2.65000 0.10000 -1.45000"
1886,0.0000,Tx-Rx,0,-79.5857,"-0.15000 1.10000 4.90000, 2.35000 0.10000 -1.45000"
1887,0.0000,Tx-Rx,0,-79.2099,"-0.15000 1.10000 4.90000, 2.05000 0.10000 -1.45000"
1888,0.0000,Tx-Rx,0,-78.3328,"-0.15000 1.10000 4.90000, 1.75000 0.10000 -1.45000"
1889,0.0000,Tx-Rx,0,-76.6429,"-0.15000 1.10000 4.90000, 1.45000 0.10000 -1.45000"
1890,0.0000,Tx-Rx,0,-73.8377,"-0.15000 1.10000 4.90000, 1.15000 0.10000 -1.45000"
1891,0.0000,Tx-Rx,0,-69.4336,"-0.15000 1.10000 4.90000, 0.85000 0.10000 -1.45000"
1892,0.0000,Tx-Rx,0,-66.9829,"-0.15000 1.10000 4.90000, 0.55000 0.10000 -1.45000"
1893,0.0000,Tx-Rx,0,-65.8794,"-0.15000 1.10000 4.90000, 0.25000 0.10000 -1.45000"
1894,0.0000,Tx-Rx,0,-56.8868,"-0.15000 1.10000 4.90000, -0.05000 0.10000 -1.45000"
1895,0.0000,Tx-Rx,0,-55.2513,"-0.15000 1.10000 4.90000, -0.35000 0.10000 -1.45000"
1896,0.0000,Tx-Rx,0,-55.4137,"-0.15000 1.10000 4.90000, -0.65000 0.10000 -1.45000"
1897,0.0000,Tx-Rx,0,-55.1900,"-0.15000 1.10000 4.90000, -0.95000 0.10000 -1.45000"
1898,0.0000,Tx-Rx,0,-55.4604,"-0.15000 1.10000 4.90000, -1.25000 0.10000 -1.45000"
1899,0.0000,Tx-Rx,0,-55.6676,"-0.15000 1.10000 4.90000, -1.55000 0.10000 -1.45000"
1900,0.0000,Tx-Rx,0,-56.1424,"-0.15000 1.10000 4.90000, -1.85000 0.10000 -1.45000"
1901,0.0000,Tx-Rx,0,-56.3663,"-0.15000 1.10000 4.90000, -2.15000 0.10000 -1.45000"
1902,0.0000,Tx-Rx,0,-56.0029,"-0.15000 1.10000 4.90000, -2.45000 0.10000 -1.45000"
1903,0.0000,Tx-Rx,0,-55.6998,"-0.15000 1.10000 4.90000, -2.75000 0.10000 -1.45000"
1904,0.0000,Tx-Rx,0,-55.7022,"-0.15000 1.10000 4.90000, -3.05000 0.10000 -1.45000"
1905,0.0000,Tx-Rx,0,-56.0879,"-0.15000 1.10000 4.90000, -3.35000 0.10000 -1.45000"
1906,0.0000,Tx-Rx,0,-56.1563,"-0.15000 1.10000 4.90000, -3.65000 0.10000 -1.45000"
1907,0.0000,Tx-Rx,0,-53.5589,"-0.15000 1.10000 4.90000, -3.95000 0.10000 -1.45000"
1908,0.0000,Tx-Rx,0,-51.8563,"-0.15000 1.10000 4.90000, -4.25000 0.10000 -1.45000"
1909,0.0000,Tx-Rx,0,-51.9083,"-0.15000 1.10000 4.90000, -4.55000 0.10000 -1.45000"
1910,0.0000,Tx-Rx,0,-52.4063,"-0.15000 1.10000 4.90000, -4.85000 0.10000 -1.45000"
1911,0.0000,Tx-Rx,0,-53.7547,"-0.15000 1.10000 4.90000, -5.15000 0.10000 -1.45000"
1912,0.0000,Tx-Rx,0,-54.7874,"-0.15000 1.10000 4.90000, -5.45000 0.10000 -1.45000"
1913,0.0000,Tx-Rx,0,-55.9048,"-0.15000 1.10000 4.90000, -5.75000 0.10000 -1.45000"
1914,0.0000,Tx-Rx,0,-62.9580,"-0.15000 1.10000 4.90000, -6.05000 0.10000 -1.45000"
1915,0.0000,Tx-Rx,0,-66.9513,"-0.15000 1.10000 4.90000, -6.35000 0.10000 -1.45000"
1916,0.0000,Tx-Rx,0,-67.4093,"-0.15000 1.10000 4.90000, -6.65000 0.10000 -1.45000"
1917,0.0000,Tx-Rx,0,-67.4274,"-0.15000 1.10000 4.90000, -6.95000 0.10000 -1.45000"
1918,0.0000,Tx-Rx,0,-66.8412,"-0.15000 1.10000 4.90000, -7.25000 0.10000 -1.45000"
1919,0.0000,Tx-Rx,0,-63.0859,"-0.15000 1.10000 4.90000, -7.55000 0.10000 -1.45000"
1920,0.0000,Tx-Rx,0,-62.2909,"-0.15000 1.10000 4.90000, -7.85000 0.10000 -1.45000"
1921,0.0000,Tx-Rx,0,-88.0042,"-0.15000 1.10000 4.90000, 9.85000 0.10000 -1.75000"
1922,0.0000,Tx-Rx,0,-86.3683,"-0.15000 1.10000 4.90000, 9.55000 0.10000 -1.75000"
1923,0.0000,Tx-Rx,0,-83.7851,"-0.15000 1.10000 4.90000, 9.25000 0.10000 -1.75000"
1924,0.0000,Tx-Rx,0,-84.7093,"-0.15000 1.10000 4.90000, 8.95000 0.10000 -1.75000"
1925,0.0000,Tx-Rx,0,-82.9659,"-0.15000 1.10000 4.90000, 8.65000 0.10000 -1.75000"
1926,0.0000,Tx-Rx,0,-83.0475,"-0.15000 1.10000 4.90000, 8.35000 0.10000 -1.75000"
1927,0.0000,Tx-Rx,0,-87.2627,"-0.15000 1.10000 4.90000, 8.05000 0.10000 -1.75000"
1928,0.0000,Tx-Rx,0,-88.7855,"-0.15000 1.10000 4.90000, 7.75000 0.10000 -1.75000"
1929,0.0000,Tx-Rx,0,-90.3881,"-0.15000 1.10000 4.90000, 7.45000 0.10000 -1.75000"
1930,0.0000,Tx-Rx,0,-89.4397,"-0.15000 1.10000 4.90000, 7.15000 0.10000 -1.75000"
1931,0.0000,Tx-Rx,0,-86.1203,"-0.15000 1.10000 4.90000, 6.85000 0.10000 -1.75000"
1932,0.0000,Tx-Rx,0,-88.5187,"-0.15000 1.10000 4.90000, 6.55000 0.10000 -1.75000"
1933,0.0000,Tx-Rx,0,-88.2645,"-0.15000 1.10000 4.90000, 6.25000 0.10000 -1.75000"
1934,0.0000,Tx-Rx,0,-88.3857,"-0.15000 1.10000 4.90000, 5.95000 0.10000 -1.75000"
1935,0.0000,Tx-Rx,0,-85.8007,"-0.15000 1.10000 4.90000, 5.65000 0.10000 -1.75000"
1936,0.0000,Tx-Rx,0,-82.4344,"-0.15000 1.10000 4.90000, 5.35000 0.10000 -1.75000"
1937,0.0000,Tx-Rx,0,-80.8035,"-0.15000 1.10000 4.90000, 5.05000 0.10000 -1.75000"
1938,0.0000,Tx-Rx,0,-81.2368,"-0.15000 1.10000 4.90000, 4.75000 0.10000 -1.75000"
1939,0.0000,Tx-Rx,0,-80.1148,"-0.15000 1.10000 4.90000, 4.45000 0.10000 -1.75000"
1940,0.0000,Tx-Rx,0,-80.0100,"-0.15000 1.10000 4.90000, 4.15000 0.10000 -1.75000"
1941,0.0000,Tx-Rx,0,-82.8096,"-0.15000 1.10000 4.90000, 3.85000 0.10000 -1.75000"
1942,0.0000,Tx-Rx,0,-82.1868,"-0.15000 1.10000 4.90000, 3.55000 0.10000 -1.75000"
1943,0.0000,Tx-Rx,0,-80.0560,"-0.15000 1.10000 4.90000, 3.25000 0.10000 -1.75000"
1944,0.0000,Tx-Rx,0,-78.9613,"-0.15000 1.10000 4.90000, 2.95000 0.10000 -1.75000"
1945,0.0000,Tx-Rx,0,-78.1330,"-0.15000 1.10000 4.90000, 2.65000 0.10000 -1.75000"
1946,0.0000,Tx-Rx,0,-77.5695,"-0.15000 1.10000 4.90000, 2.35000 0.10000 -1.75000"
1947,0.0000,Tx-Rx,0,-76.5512,"-0.15000 1.10000 4.90000, 2.05000 0.10000 -1.75000"
1948,0.0000,Tx-Rx,0,-74.5093,"-0.15000 1.10000 4.90000, 1.75000 0.10000 -1.75000"
1949,0.0000,Tx-Rx,0,-70.1673,"-0.15000 1.10000 4.90000, 1.45000 0.10000 -1.75000"
1950,0.0000,Tx-Rx,0,-67.5963,"-0.15000 1.10000 4.90000, 1.15000 0.10000 -1.75000"
1951,0.0000,Tx-Rx,0,-66.7766,"-0.15000 1.10000 4.90000, 0.85000 0.10000 -1.75000"
1952,0.0000,Tx-Rx,0,-66.5909,"-0.15000 1.10000 4.90000, 0.55000 0.10000 -1.75000"
1953,0.0000,Tx-Rx,0,-65.9665,"-0.15000 1.10000 4.90000, 0.25000 0.10000 -1.75000"
1954,0.0000,Tx-Rx,0,-57.1518,"-0.15000 1.10000 4.90000, -0.05000 0.10000 -1.75000"
1955,0.0000,Tx-Rx,0,-55.5880,"-0.15000 1.10000 4.90000, -0.35000 0.10000 -1.75000"
1956,0.0000,Tx-Rx,0,-55.8172,"-0.15000 1.10000 4.90000, -0.65000 0.10000 -1.75000"
1957,0.0000,Tx-Rx,0,-55.9579,"-0.15000 1.10000 4.90000, -0.95000 0.10000 -1.75000"
1958,0.0000,Tx-Rx,0,-55.6443,"-0.15000 1.10000 4.90000, -1.25000 0.10000 -1.75000"
1959,0.0000,Tx-Rx,0,-55.8609,"-0.15000 1.10000 4.90000, -1.55000 0.10000 -1.75000"
1960,0.0000,Tx-Rx,0,-55.8393,"-0.15000 1.10000 4.90000, -1.85000 0.10000 -1.75000"
1961,0.0000,Tx-Rx,0,-56.2945,"-0.15000 1.10000 4.90000, -2.15000 0.10000 -1.75000"
1962,0.0000,Tx-Rx,0,-56.1174,"-0.15000 1.10000 4.90000, -2.45000 0.10000 -1.75000"
1963,0.0000,Tx-Rx,0,-56.1343,"-0.15000 1.10000 4.90000, -2.75000 0.10000 -1.75000"
1964,0.0000,Tx-Rx,0,-56.1145,"-0.15000 1.10000 4.90000, -3.05000 0.10000 -1.75000"
1965,0.0000,Tx-Rx,0,-55.9788,"-0.15000 1.10000 4.90000, -3.35000 0.10000 -1.75000"
1966,0.0000,Tx-Rx,0,-55.8701,"-0.15000 1.10000 4.90000, -3.65000 0.10000 -1.75000"
1967,0.0000,Tx-Rx,0,-55.8782,"-0.15000 1.10000 4.90000, -3.95000 0.10000 -1.75000"
1968,0.0000,Tx-Rx,0,-53.4826,"-0.15000 1.10000 4.90000, -4.25000 0.10000 -1.75000"
1969,0.0000,Tx-Rx,0,-52.3436,"-0.15000 1.10000 4.90000, -4.55000 0.10000 -1.75000"
1970,0.0000,Tx-Rx,0,-52.4503,"-0.15000 1.10000 4.90000, -4.85000 0.10000 -1.75000"
1971,0.0000,Tx-Rx,0,-54.9888,"-0.15000 1.10000 4.90000, -5.15000 0.10000 -1.75000"
1972,0.0000,Tx-Rx,0,-60.2683,"-0.15000 1.10000 4.90000, -5.45000 0.10000 -1.75000"
1973,0.0000,Tx-Rx,0,-68.1525,"-0.15000 1.10000 4.90000, -5.75000 0.10000 -1.75000"
1974,0.0000,Tx-Rx,0,-62.0837,"-0.15000 1.10000 4.90000, -6.05000 0.10000 -1.75000"
1975,0.0000,Tx-Rx,0,-69.6820,"-0.15000 1.10000 4.90000, -6.35000 0.10000 -1.75000"
1976,0.0000,Tx-Rx,0,-71.3400,"-0.15000 1.10000 4.90000, -6.65000 0.10000 -1.75000"
1977,0.0000,Tx-Rx,0,-65.3881,"-0.15000 1.10000 4.90000, -6.95000 0.10000 -1.75000"
1978,0.0000,Tx-Rx,0,-67.1343,"-0.15000 1.10000 4.90000, -7.25000 0.10000 -1.75000"
1979,0.0000,Tx-Rx,0,-62.7648,"-0.15000 1.10000 4.90000, -7.55000 0.10000 -1.75000"
1980,0.0000,Tx-Rx,0,-62.2642,"-0.15000 1.10000 4.90000, -7.85000 0.10000 -1.75000"
1981,0.0000,Tx-Rx,0,-93.2151,"-0.15000 1.10000 4.90000, 9.85000 0.10000 -2.05000"
1982,0.0000,Tx-Rx,0,-92.7596,"-0.15000 1.10000 4.90000, 9.55000 0.10000 -2.05000"
1983,0.0000,Tx-Rx,0,-91.4409,"-0.15000 1.10000 4.90000, 9.25000 0.10000 -2.05000"
1984,0.0000,Tx-Rx,0,-84.7226,"-0.15000 1.10000 4.90000, 8.95000 0.10000 -2.05000"
1985,0.0000,Tx-Rx,0,-88.2335,"-0.15000 1.10000 4.90000, 8.65000 0.10000 -2.05000"
1986,0.0000,Tx-Rx,0,-91.2971,"-0.15000 1.10000 4.90000, 8.35000 0.10000 -2.05000"
1987,0.0000,Tx-Rx,0,-92.6740,"-0.15000 1.10000 4.90000, 8.05000 0.10000 -2.05000"
1988,0.0000,Tx-Rx,0,-90.4681,"-0.15000 1.10000 4.90000, 7.75000 0.10000 -2.05000"
1989,0.0000,Tx-Rx,0,-87.3031,"-0.15000 1.10000 4.90000, 7.45000 0.10000 -2.05000"
1990,0.0000,Tx-Rx,0,-86.2562,"-0.15000 1.10000 4.90000, 7.15000 0.10000 -2.05000"
1991,0.0000,Tx-Rx,0,-87.3773,"-0.15000 1.10000 4.90000, 6.85000 0.10000 -2.05000"
1992,0.0000,Tx-Rx,0,-87.4243,"-0.15000 1.10000 4.90000, 6.55000 0.10000 -2.05000"
1993,0.0000,Tx-Rx,0,-86.6052,"-0.15000 1.10000 4.90000, 6.25000 0.10000 -2.05000"
1994,0.0000,Tx-Rx,0,-87.0270,"-0.15000 1.10000 4.90000, 5.95000 0.10000 -2.05000"
1995,0.0000,Tx-Rx,0,-85.9462,"-0.15000 1.10000 4.90000, 5.65000 0.10000 -2.05000"
1996,0.0000,Tx-Rx,0,-83.8792,"-0.15000 1.10000 4.90000, 5.35000 0.10000 -2.05000"
1997,0.0000,Tx-Rx,0,-80.9765,"-0.15000 1.10000 4.90000, 5.05000 0.10000 -2.05000"
1998,0.0000,Tx-Rx,0,-79.6237,"-0.15000 1.10000 4.90000, 4.75000 0.10000 -2.05000"
1999,0.0000,Tx-Rx,0,-79.5429,"-0.15000 1.10000 4.90000, 4.45000 0.10000 -2.05000"
2000,0.0000,Tx-Rx,0,-79.5358,"-0.15000 1.10000 4.90000, 4.15000 0.10000 -2.05000"
2001,0.0000,Tx-Rx,0,-78.3136,"-0.15000 1.10000 4.90000, 3.85000 0.10000 -2.05000"
2002,0.0000,Tx-Rx,0,-77.4761,"-0.15000 1.10000 4.90000, 3.55000 0.10000 -2.05000"
2003,0.0000,Tx-Rx,0,-78.3231,"-0.15000 1.10000 4.90000, 3.25000 0.10000 -2.05000"
2004,0.0000,Tx-Rx,0,-78.0678,"-0.15000 1.10000 4.90000, 2.95000 0.10000 -2.05000"
2005,0.0000,Tx-Rx,0,-76.5918,"-0.15000 1.10000 4.90000, 2.65000 0.10000 -2.05000"
2006,0.0000,Tx-Rx,0,-74.9337,"-0.15000 1.10000 4.90000, 2.35000 0.10000 -2.05000"
2007,0.0000,Tx-Rx,0,-70.9430,"-0.15000 1.10000 4.90000, 2.05000 0.10000 -2.05000"
2008,0.0000,Tx-Rx,0,-67.9868,"-0.15000 1.10000 4.90000, 1.75000 0.10000 -2.05000"
2009,0.0000,Tx-Rx,0,-67.0800,"-0.15000 1.10000 4.90000, 1.45000 0.10000 -2.05000"
2010,0.0000,Tx-Rx,0,-66.8651,"-0.15000 1.10000 4.90000, 1.15000 0.10000 -2.05000"
2011,0.0000,Tx-Rx,0,-66.7073,"-0.15000 1.10000 4.90000, 0.85000 0.10000 -2.05000"
2012,0.0000,Tx-Rx,0,-66.5178,"-0.15000 1.10000 4.90000, 0.55000 0.10000 -2.05000"
2013,0.0000,Tx-Rx,0,-65.8907,"-0.15000 1.10000 4.90000, 0.25000 0.10000 -2.05000"
2014,0.0000,Tx-Rx,0,-57.6049,"-0.15000 1.10000 4.90000, -0.05000 0.10000 -2.05000"
2015,0.0000,Tx-Rx,0,-56.1439,"-0.15000 1.10000 4.90000, -0.35000 0.10000 -2.05000"
2016,0.0000,Tx-Rx,0,-56.3365,"-0.15000 1.10000 4.90000, -0.65000 0.10000 -2.05000"
2017,0.0000,Tx-Rx,0,-56.2673,"-0.15000 1.10000 4.90000, -0.95000 0.10000 -2.05000"
2018,0.0000,Tx-Rx,0,-56.2957,"-0.15000 1.10000 4.90000, -1.25000 0.10000 -2.05000"
2019,0.0000,Tx-Rx,0,-56.1003,"-0.15000 1.10000 4.90000, -1.55000 0.10000 -2.05000"
2020,0.0000,Tx-Rx,0,-56.0958,"-0.15000 1.10000 4.90000, -1.85000 0.10000 -2.05000"
2021,0.0000,Tx-Rx,0,-56.6225,"-0.15000 1.10000 4.90000, -2.15000 0.10000 -2.05000"
2022,0.0000,Tx-Rx,0,-56.2861,"-0.15000 1.10000 4.90000, -2.45000 0.10000 -2.05000"
2023,0.0000,Tx-Rx,0,-56.5676,"-0.15000 1.10000 4.90000, -2.75000 0.10000 -2.05000"
2024,0.0000,Tx-Rx,0,-56.8726,"-0.15000 1.10000 4.90000, -3.05000 0.10000 -2.05000"
2025,0.0000,Tx-Rx,0,-56.1861,"-0.15000 1.10000 4.90000, -3.35000 0.10000 -2.05000"
2026,0.0000,Tx-Rx,0,-57.0652,"-0.15000 1.10000 4.90000, -3.65000 0.10000 -2.05000"
2027,0.0000,Tx-Rx,0,-55.8783,"-0.15000 1.10000 4.90000, -3.95000 0.10000 -2.05000"
2028,0.0000,Tx-Rx,0,-56.1914,"-0.15000 1.10000 4.90000, -4.25000 0.10000 -2.05000"
2029,0.0000,Tx-Rx,0,-52.7828,"-0.15000 1.10000 4.90000, -4.55000 0.10000 -2.05000"
2030,0.0000,Tx-Rx,0,-52.3781,"-0.15000 1.10000 4.90000, -4.85000 0.10000 -2.05000"
2031,0.0000,Tx-Rx,0,-55.4944,"-0.15000 1.10000 4.90000, -5.15000 0.10000 -2.05000"
2032,0.0000,Tx-Rx,0,-61.5944,"-0.15000 1.10000 4.90000, -5.45000 0.10000 -2.05000"
2033,0.0000,Tx-Rx,0,-70.1138,"-0.15000 1.10000 4.90000, -5.75000 0.10000 -2.05000"
2034,0.0000,Tx-Rx,0,-65.0075,"-0.15000 1.10000 4.90000, -6.05000 0.10000 -2.05000"
2035,0.0000,Tx-Rx,0,-63.2610,"-0.15000 1.10000 4.90000, -6.35000 0.10000 -2.05000"
2036,0.0000,Tx-Rx,0,-67.4722,"-0.15000 1.10000 4.90000, -6.65000 0.10000 -2.05000"
2037,0.0000,Tx-Rx,0,-64.2584,"-0.15000 1.10000 4.90000, -6.95000 0.10000 -2.05000"
2038,0.0000,Tx-Rx,0,-63.9401,"-0.15000 1.10000 4.90000, -7.25000 0.10000 -2.05000"
2039,0.0000,Tx-Rx,0,-63.2963,"-0.15000 1.10000 4.90000, -7.55000 0.10000 -2.05000"
2040,0.0000,Tx-Rx,0,-65.4783,"-0.15000 1.10000 4.90000, -7.85000 0.10000 -2.05000"
2041,0.0000,Tx-Rx,0,-120.0000,"-0.15000 1.10000 4.90000, 9.85000 0.10000 -2.35000"
2042,0.0000,Tx-Rx,0,-120.0000,"-0.15000 1.10000 4.90000, 9.55000 0.10000 -2.35000"
2043,0.0000,Tx-Rx,0,-115.1485,"-0.15000 1.10000 4.90000, 9.25000 0.10000 -2.35000"
2044,0.0000,Tx-Rx,0,-120.0000,"-0.15000 1.10000 4.90000, 8.95000 0.10000 -2.35000"
2045,0.0000,Tx-Rx,0,-120.0000,"-0.15000 1.10000 4.90000, 8.65000 0.10000 -2.35000"
2046,0.0000,Tx-Rx,0,-116.7194,"-0.15000 1.10000 4.90000, 8.35000 0.10000 -2.35000"
2047,0.0000,Tx-Rx,0,-95.1169,"-0.15000 1.10000 4.90000, 8.05000 0.10000 -2.35000"
2048,0.0000,Tx-Rx,0,-88.3496,"-0.15000 1.10000 4.90000, 7.75000 0.10000 -2.35000"
2049,0.0000,Tx-Rx,0,-85.9597,"-0.15000 1.10000 4.90000, 7.45000 0.10000 -2.35000"
2050,0.0000,Tx-Rx,0,-86.0080,"-0.15000 1.10000 4.90000, 7.15000 0.10000 -2.35000"
2051,0.0000,Tx-Rx,0,-84.8357,"-0.15000 1.10000 4.90000, 6.85000 0.10000 -2.35000"
2052,0.0000,Tx-Rx,0,-85.0706,"-0.15000 1.10000 4.90000, 6.55000 0.10000 -2.35000"
2053,0.0000,Tx-Rx,0,-83.7715,"-0.15000 1.10000 4.90000, 6.25000 0.10000 -2.35000"
2054,0.0000,Tx-Rx,0,-84.2122,"-0.15000 1.10000 4.90000, 5.95000 0.10000 -2.35000"
2055,0.0000,Tx-Rx,0,-83.5835,"-0.15000 1.10000 4.90000, 5.65000 0.10000 -2.35000"
2056,0.0000,Tx-Rx,0,-83.4842,"-0.15000 1.10000 4.90000, 5.35000 0.10000 -2.35000"
2057,0.0000,Tx-Rx,0,-82.6177,"-0.15000 1.10000 4.90000, 5.05000 0.10000 -2.35000"
2058,0.0000,Tx-Rx,0,-80.6507,"-0.15000 1.10000 4.90000, 4.75000 0.10000 -2.35000"
2059,0.0000,Tx-Rx,0,-78.4939,"-0.15000 1.10000 4.90000, 4.45000 0.10000 -2.35000"
2060,0.0000,Tx-Rx,0,-77.1241,"-0.15000 1.10000 4.90000, 4.15000 0.10000 -2.35000"
2061,0.0000,Tx-Rx,0,-77.0486,"-0.15000 1.10000 4.90000, 3.85000 0.10000 -2.35000"
2062,0.0000,Tx-Rx,0,-76.9528,"-0.15000 1.10000 4.90000, 3.55000 0.10000 -2.35000"
2063,0.0000,Tx-Rx,0,-76.0143,"-0.15000 1.10000 4.90000, 3.25000 0.10000 -2.35000"
2064,0.0000,Tx-Rx,0,-75.5291,"-0.15000 1.10000 4.90000, 2.95000 0.10000 -2.35000"
2065,0.0000,Tx-Rx,0,-71.9179,"-0.15000 1.10000 4.90000, 2.65000 0.10000 -2.35000"
2066,0.0000,Tx-Rx,0,-68.7057,"-0.15000 1.10000 4.90000, 2.35000 0.10000 -2.35000"
2067,0.0000,Tx-Rx,0,-67.2616,"-0.15000 1.10000 4.90000, 2.05000 0.10000 -2.35000"
2068,0.0000,Tx-Rx,0,-67.0648,"-0.15000 1.10000 4.90000, 1.75000 0.10000 -2.35000"
2069,0.0000,Tx-Rx,0,-66.8760,"-0.15000 1.10000 4.90000, 1.45000 0.10000 -2.35000"
2070,0.0000,Tx-Rx,0,-66.8773,"-0.15000 1.10000 4.90000, 1.15000 0.10000 -2.35000"
2071,0.0000,Tx-Rx,0,-66.6790,"-0.15000 1.10000 4.90000, 0.85000 0.10000 -2.35000"
2072,0.0000,Tx-Rx,0,-67.2936,"-0.15000 1.10000 4.90000, 0.55000 0.10000 -2.35000"
2073,0.0000,Tx-Rx,0,-70.0238,"-0.15000 1.10000 4.90000, 0.25000 0.10000 -2.35000"
2074,0.0000,Tx-Rx,0,-58.1732,"-0.15000 1.10000 4.90000, -0.05000 0.10000 -2.35000"
2075,0.0000,Tx-Rx,0,-56.4201,"-0.15000 1.10000 4.90000, -0.35000 0.10000 -2.35000"
2076,0.0000,Tx-Rx,0,-56.2644,"-0.15000 1.10000 4.90000, -0.65000 0.10000 -2.35000"
2077,0.0000,Tx-Rx,0,-56.5594,"-0.15000 1.10000 4.90000, -0.95000 0.10000 -2.35000"
2078,0.0000,Tx-Rx,0,-56.6508,"-0.15000 1.10000 4.90000, -1.25000 0.10000 -2.35000"
2079,0.0000,Tx-Rx,0,-56.8335,"-0.15000 1.10000 4.90000, -1.55000 0.10000 -2.35000"
2080,0.0000,Tx-Rx,0,-56.9295,"-0.15000 1.10000 4.90000, -1.85000 0.10000 -2.35000"
2081,0.0000,Tx-Rx,0,-56.8241,"-0.15000 1.10000 4.90000, -2.15000 0.10000 -2.35000"
2082,0.0000,Tx-Rx,0,-56.7360,"-0.15000 1.10000 4.90000, -2.45000 0.10000 -2.35000"
2083,0.0000,Tx-Rx,0,-56.2912,"-0.15000 1.10000 4.90000, -2.75000 0.10000 -2.35000"
2084,0.0000,Tx-Rx,0,-56.8308,"-0.15000 1.10000 4.90000, -3.05000 0.10000 -2.35000"
2085,0.0000,Tx-Rx,0,-56.1598,"-0.15000 1.10000 4.90000, -3.35000 0.10000 -2.35000"
2086,0.0000,Tx-Rx,0,-56.8132,"-0.15000 1.10000 4.90000, -3.65000 0.10000 -2.35000"
2087,0.0000,Tx-Rx,0,-56.4612,"-0.15000 1.10000 4.90000, -3.95000 0.10000 -2.35000"
2088,0.0000,Tx-Rx,0,-58.2460,"-0.15000 1.10000 4.90000, -4.25000 0.10000 -2.35000"
2089,0.0000,Tx-Rx,0,-53.5807,"-0.15000 1.10000 4.90000, -4.55000 0.10000 -2.35000"
2090,0.0000,Tx-Rx,0,-53.1195,"-0.15000 1.10000 4.90000, -4.85000 0.10000 -2.35000"
2091,0.0000,Tx-Rx,0,-53.0439,"-0.15000 1.10000 4.90000, -5.15000 0.10000 -2.35000"
2092,0.0000,Tx-Rx,0,-61.2686,"-0.15000 1.10000 4.90000, -5.45000 0.10000 -2.35000"
2093,0.0000,Tx-Rx,0,-66.0033,"-0.15000 1.10000 4.90000, -5.75000 0.10000 -2.35000"
2094,0.0000,Tx-Rx,0,-68.6077,"-0.15000 1.10000 4.90000, -6.05000 0.10000 -2.35000"
2095,0.0000,Tx-Rx,0,-68.4610,"-0.15000 1.10000 4.90000, -6.35000 0.10000 -2.35000"
2096,0.0000,Tx-Rx,0,-63.6526,"-0.15000 1.10000 4.90000, -6.65000 0.10000 -2.35000"
2097,0.0000,Tx-Rx,0,-63.5496,"-0.15000 1.10000 4.90000, -6.95000 0.10000 -2.35000"
2098,0.0000,Tx-Rx,0,-63.3885,"-0.15000 1.10000 4.90000, -7.25000 0.10000 -2.35000"
2099,0.0000,Tx-Rx,0,-64.5237,"-0.15000 1.10000 4.90000, -7.55000 0.10000 -2.35000"
2100,0.0000,Tx-Rx,0,-75.5022,"-0.15000 1.10000 4.90000, -7.85000 0.10000 -2.35000"
2101,0.0000,Tx-Rx,0,-120.0000,"-0.15000 1.10000 4.90000, 9.85000 0.10000 -2.65000"
2102,0.0000,Tx-Rx,0,-120.0000,"-0.15000 1.10000 4.90000, 9.55000 0.10000 -2.65000"
2103,0.0000,Tx-Rx,0,-120.0000,"-0.15000 1.10000 4.90000, 9.25000 0.10000 -2.65000"
2104,0.0000,Tx-Rx,0,-119.2817,"-0.15000 1.10000 4.90000, 8.95000 0.10000 -2.65000"
2105,0.0000,Tx-Rx,0,-118.1284,"-0.15000 1.10000 4.90000, 8.65000 0.10000 -2.65000"
2106,0.0000,Tx-Rx,0,-112.9040,"-0.15000 1.10000 4.90000, 8.35000 0.10000 -2.65000"
2107,0.0000,Tx-Rx,0,-89.2668,"-0.15000 1.10000 4.90000, 8.05000 0.10000 -2.65000"
2108,0.0000,Tx-Rx,0,-84.6299,"-0.15000 1.10000 4.90000, 7.75000 0.10000 -2.65000"
2109,0.0000,Tx-Rx,0,-85.0960,"-0.15000 1.10000 4.90000, 7.45000 0.10000 -2.65000"
2110,0.0000,Tx-Rx,0,-84.8595,"-0.15000 1.10000 4.90000, 7.15000 0.10000 -2.65000"
2111,0.0000,Tx-Rx,0,-85.1803,"-0.15000 1.10000 4.90000, 6.85000 0.10000 -2.65000"
2112,0.0000,Tx-Rx,0,-84.9936,"-0.15000 1.10000 4.90000, 6.55000 0.10000 -2.65000"
2113,0.0000,Tx-Rx,0,-83.1442,"-0.15000 1.10000 4.90000, 6.25000 0.10000 -2.65000"
2114,0.0000,Tx-Rx,0,-81.6983,"-0.15000 1.10000 4.90000, 5.95000 0.10000 -2.65000"
2115,0.0000,Tx-Rx,0,-80.5213,"-0.15000 1.10000 4.90000, 5.65000 0.10000 -2.65000"
2116,0.0000,Tx-Rx,0,-79.2305,"-0.15000 1.10000 4.90000, 5.35000 0.10000 -2.65000"
2117,0.0000,Tx-Rx,0,-78.7976,"-0.15000 1.10000 4.90000, 5.05000 0.10000 -2.65000"
2118,0.0000,Tx-Rx,0,-78.5713,"-0.15000 1.10000 4.90000, 4.75000 0.10000 -2.65000"
2119,0.0000,Tx-Rx,0,-78.2884,"-0.15000 1.10000 4.90000, 4.45000 0.10000 -2.65000"
2120,0.0000,Tx-Rx,0,-77.6346,"-0.15000 1.10000 4.90000, 4.15000 0.10000 -2.65000"
2121,0.0000,Tx-Rx,0,-76.0008,"-0.15000 1.10000 4.90000, 3.85000 0.10000 -2.65000"
2122,0.0000,Tx-Rx,0,-74.9336,"-0.15000 1.10000 4.90000, 3.55000 0.10000 -2.65000"
2123,0.0000,Tx-Rx,0,-71.8174,"-0.15000 1.10000 4.90000, 3.25000 0.10000 -2.65000"
2124,0.0000,Tx-Rx,0,-69.0625,"-0.15000 1.10000 4.90000, 2.95000 0.10000 -2.65000"
2125,0.0000,Tx-Rx,0,-67.5531,"-0.15000 1.10000 4.90000, 2.65000 0.10000 -2.65000"
2126,0.0000,Tx-Rx,0,-67.2331,"-0.15000 1.10000 4.90000, 2.35000 0.10000 -2.65000"
2127,0.0000,Tx-Rx,0,-67.1294,"-0.15000 1.10000 4.90000, 2.05000 0.10000 -2.65000"
2128,0.0000,Tx-Rx,0,-67.0795,"-0.15000 1.10000 4.90000, 1.75000 0.10000 -2.65000"
2129,0.0000,Tx-Rx,0,-67.0307,"-0.15000 1.10000 4.90000, 1.45000 0.10000 -2.65000"
2130,0.0000,Tx-Rx,0,-66.9575,"-0.15000 1.10000 4.90000, 1.15000 0.10000 -2.65000"
2131,0.0000,Tx-Rx,0,-69.7475,"-0.15000 1.10000 4.90000, 0.85000 0.10000 -2.65000"
2132,0.0000,Tx-Rx,0,-74.6542,"-0.15000 1.10000 4.90000, 0.55000 0.10000 -2.65000"
2133,0.0000,Tx-Rx,0,-72.4690,"-0.15000 1.10000 4.90000, 0.25000 0.10000 -2.65000"
2134,0.0000,Tx-Rx,0,-58.4694,"-0.15000 1.10000 4.90000, -0.05000 0.10000 -2.65000"
2135,0.0000,Tx-Rx,0,-56.7377,"-0.15000 1.10000 4.90000, -0.35000 0.10000 -2.65000"
2136,0.0000,Tx-Rx,0,-56.5960,"-0.15000 1.10000 4.90000, -0.65000 0.10000 -2.65000"
2137,0.0000,Tx-Rx,0,-56.7348,"-0.15000 1.10000 4.90000, -0.95000 0.10000 -2.65000"
2138,0.0000,Tx-Rx,0,-56.9225,"-0.15000 1.10000 4.90000, -1.25000 0.10000 -2.65000"
2139,0.0000,Tx-Rx,0,-57.4352,"-0.15000 1.10000 4.90000, -1.55000 0.10000 -2.65000"
2140,0.0000,Tx-Rx,0,-57.2860,"-0.15000 1.10000 4.90000, -1.85000 0.10000 -2.65000"
2141,0.0000,Tx-Rx,0,-57.0637,"-0.15000 1.10000 4.90000, -2.15000 0.10000 -2.65000"
2142,0.0000,Tx-Rx,0,-56.8585,"-0.15000 1.10000 4.90000, -2.45000 0.10000 -2.65000"
2143,0.0000,Tx-Rx,0,-57.3371,"-0.15000 1.10000 4.90000, -2.75000 0.10000 -2.65000"
2144,0.0000,Tx-Rx,0,-57.2574,"-0.15000 1.10000 4.90000, -3.05000 0.10000 -2.65000"
2145,0.0000,Tx-Rx,0,-56.3487,"-0.15000 1.10000 4.90000, -3.35000 0.10000 -2.65000"
2146,0.0000,Tx-Rx,0,-56.6297,"-0.15000 1.10000 4.90000, -3.65000 0.10000 -2.65000"
2147,0.0000,Tx-Rx,0,-56.9507,"-0.15000 1.10000 4.90000, -3.95000 0.10000 -2.65000"
2148,0.0000,Tx-Rx,0,-56.8097,"-0.15000 1.10000 4.90000, -4.25000 0.10000 -2.65000"
2149,0.0000,Tx-Rx,0,-55.5489,"-0.15000 1.10000 4.90000, -4.55000 0.10000 -2.65000"
2150,0.0000,Tx-Rx,0,-53.3600,"-0.15000 1.10000 4.90000, -4.85000 0.10000 -2.65000"
2151,0.0000,Tx-Rx,0,-53.4974,"-0.15000 1.10000 4.90000, -5.15000 0.10000 -2.65000"
2152,0.0000,Tx-Rx,0,-55.0663,"-0.15000 1.10000 4.90000, -5.45000 0.10000 -2.65000"
2153,0.0000,Tx-Rx,0,-64.4236,"-0.15000 1.10000 4.90000, -5.75000 0.10000 -2.65000"
2154,0.0000,Tx-Rx,0,-68.6634,"-0.15000 1.10000 4.90000, -6.05000 0.10000 -2.65000"
2155,0.0000,Tx-Rx,0,-67.3886,"-0.15000 1.10000 4.90000, -6.35000 0.10000 -2.65000"
2156,0.0000,Tx-Rx,0,-63.0481,"-0.15000 1.10000 4.90000, -6.65000 0.10000 -2.65000"
2157,0.0000,Tx-Rx,0,-62.7937,"-0.15000 1.10000 4.90000, -6.95000 0.10000 -2.65000"
2158,0.0000,Tx-Rx,0,-63.3400,"-0.15000 1.10000 4.90000, -7.25000 0.10000 -2.65000"
2159,0.0000,Tx-Rx,0,-71.0180,"-0.15000 1.10000 4.90000, -7.55000 0.10000 -2.65000"
2160,0.0000,Tx-Rx,0,-77.1133,"-0.15000 1.10000 4.90000, -7.85000 0.10000 -2.65000"
2161,0.0000,Tx-Rx,0,-109.7043,"-0.15000 1.10000 4.90000, 9.85000 0.10000 -2.95000"
2162,0.0000,Tx-Rx,0,-108.8789,"-0.15000 1.10000 4.90000, 9.55000 0.10000 -2.95000"
2163,0.0000,Tx-Rx,0,-112.7102,"-0.15000 1.10000 4.90000, 9.25000 0.10000 -2.95000"
2164,0.0000,Tx-Rx,0,-107.9136,"-0.15000 1.10000 4.90000, 8.95000 0.10000 -2.95000"
2165,0.0000,Tx-Rx,0,-111.4696,"-0.15000 1.10000 4.90000, 8.65000 0.10000 -2.95000"
2166,0.0000,Tx-Rx,0,-114.1509,"-0.15000 1.10000 4.90000, 8.35000 0.10000 -2.95000"
2167,0.0000,Tx-Rx,0,-91.1266,"-0.15000 1.10000 4.90000, 8.05000 0.10000 -2.95000"
2168,0.0000,Tx-Rx,0,-85.9485,"-0.15000 1.10000 4.90000, 7.75000 0.10000 -2.95000"
2169,0.0000,Tx-Rx,0,-85.9271,"-0.15000 1.10000 4.90000, 7.45000 0.10000 -2.95000"
2170,0.0000,Tx-Rx,0,-84.4310,"-0.15000 1.10000 4.90000, 7.15000 0.10000 -2.95000"
2171,0.0000,Tx-Rx,0,-83.7487,"-0.15000 1.10000 4.90000, 6.85000 0.10000 -2.95000"
2172,0.0000,Tx-Rx,0,-80.7178,"-0.15000 1.10000 4.90000, 6.55000 0.10000 -2.95000"
2173,0.0000,Tx-Rx,0,-79.1119,"-0.15000 1.10000 4.90000, 6.25000 0.10000 -2.95000"
2174,0.0000,Tx-Rx,0,-77.5555,"-0.15000 1.10000 4.90000, 5.95000 0.10000 -2.95000"
2175,0.0000,Tx-Rx,0,-78.5794,"-0.15000 1.10000 4.90000, 5.65000 0.10000 -2.95000"
2176,0.0000,Tx-Rx,0,-78.2577,"-0.15000 1.10000 4.90000, 5.35000 0.10000 -2.95000"
2177,0.0000,Tx-Rx,0,-78.1890,"-0.15000 1.10000 4.90000, 5.05000 0.10000 -2.95000"
2178,0.0000,Tx-Rx,0,-78.1093,"-0.15000 1.10000 4.90000, 4.75000 0.10000 -2.95000"
2179,0.0000,Tx-Rx,0,-77.3118,"-0.15000 1.10000 4.90000, 4.45000 0.10000 -2.95000"
2180,0.0000,Tx-Rx,0,-75.6440,"-0.15000 1.10000 4.90000, 4.15000 0.10000 -2.95000"
2181,0.0000,Tx-Rx,0,-72.5419,"-0.15000 1.10000 4.90000, 3.85000 0.10000 -2.95000"
2182,0.0000,Tx-Rx,0,-68.7867,"-0.15000 1.10000 4.90000, 3.55000 0.10000 -2.95000"
2183,0.0000,Tx-Rx,0,-67.6884,"-0.15000 1.10000 4.90000, 3.25000 0.10000 -2.95000"
2184,0.0000,Tx-Rx,0,-67.4198,"-0.15000 1.10000 4.90000, 2.95000 0.10000 -2.95000"
2185,0.0000,Tx-Rx,0,-67.2629,"-0.15000 1.10000 4.90000, 2.65000 0.10000 -2.95000"
2186,0.0000,Tx-Rx,0,-67.2184,"-0.15000 1.10000 4.90000, 2.35000 0.10000 -2.95000"
2187,0.0000,Tx-Rx,0,-67.1656,"-0.15000 1.10000 4.90000, 2.05000 0.10000 -2.95000"
2188,0.0000,Tx-Rx,0,-67.0944,"-0.15000 1.10000 4.90000, 1.75000 0.10000 -2.95000"
2189,0.0000,Tx-Rx,0,-68.4015,"-0.15000 1.10000 4.90000, 1.45000 0.10000 -2.95000"
2190,0.0000,Tx-Rx,0,-73.4173,"-0.15000 1.10000 4.90000, 1.15000 0.10000 -2.95000"
2191,0.0000,Tx-Rx,0,-75.2871,"-0.15000 1.10000 4.90000, 0.85000 0.10000 -2.95000"
2192,0.0000,Tx-Rx,0,-74.9313,"-0.15000 1.10000 4.90000, 0.55000 0.10000 -2.95000"
2193,0.0000,Tx-Rx,0,-72.4411,"-0.15000 1.10000 4.90000, 0.25000 0.10000 -2.95000"
2194,0.0000,Tx-Rx,0,-58.7130,"-0.15000 1.10000 4.90000, -0.05000 0.10000 -2.95000"
2195,0.0000,Tx-Rx,0,-56.9233,"-0.15000 1.10000 4.90000, -0.35000 0.10000 -2.95000"
2196,0.0000,Tx-Rx,0,-56.7676,"-0.15000 1.10000 4.90000, -0.65000 0.10000 -2.95000"
2197,0.0000,Tx-Rx,0,-57.0226,"-0.15000 1.10000 4.90000, -0.95000 0.10000 -2.95000"
2198,0.0000,Tx-Rx,0,-57.4063,"-0.15000 1.10000 4.90000, -1.25000 0.10000 -2.95000"
2199,0.0000,Tx-Rx,0,-57.2300,"-0.15000 1.10000 4.90000, -1.55000 0.10000 -2.95000"
2200,0.0000,Tx-Rx,0,-57.4082,"-0.15000 1.10000 4.90000, -1.85000 0.10000 -2.95000"
2201,0.0000,Tx-Rx,0,-57.7059,"-0.15000 1.10000 4.90000, -2.15000 0.10000 -2.95000"
2202,0.0000,Tx-Rx,0,-56.8156,"-0.15000 1.10000 4.90000, -2.45000 0.10000 -2.95000"
2203,0.0000,Tx-Rx,0,-56.7605,"-0.15000 1.10000 4.90000, -2.75000 0.10000 -2.95000"
2204,0.0000,Tx-Rx,0,-57.0192,"-0.15000 1.10000 4.90000, -3.05000 0.10000 -2.95000"
2205,0.0000,Tx-Rx,0,-57.1943,"-0.15000 1.10000 4.90000, -3.35000 0.10000 -2.95000"
2206,0.0000,Tx-Rx,0,-57.4820,"-0.15000 1.10000 4.90000, -3.65000 0.10000 -2.95000"
2207,0.0000,Tx-Rx,0,-56.9166,"-0.15000 1.10000 4.90000, -3.95000 0.10000 -2.95000"
2208,0.0000,Tx-Rx,0,-56.8567,"-0.15000 1.10000 4.90000, -4.25000 0.10000 -2.95000"
2209,0.0000,Tx-Rx,0,-56.7252,"-0.15000 1.10000 4.90000, -4.55000 0.10000 -2.95000"
2210,0.0000,Tx-Rx,0,-55.6016,"-0.15000 1.10000 4.90000, -4.85000 0.10000 -2.95000"
2211,0.0000,Tx-Rx,0,-53.7907,"-0.15000 1.10000 4.90000, -5.15000 0.10000 -2.95000"
2212,0.0000,Tx-Rx,0,-53.5820,"-0.15000 1.10000 4.90000, -5.45000 0.10000 -2.95000"
2213,0.0000,Tx-Rx,0,-56.9194,"-0.15000 1.10000 4.90000, -5.75000 0.10000 -2.95000"
2214,0.0000,Tx-Rx,0,-68.2563,"-0.15000 1.10000 4.90000, -6.05000 0.10000 -2.95000"
2215,0.0000,Tx-Rx,0,-63.9551,"-0.15000 1.10000 4.90000, -6.35000 0.10000 -2.95000"
2216,0.0000,Tx-Rx,0,-62.9929,"-0.15000 1.10000 4.90000, -6.65000 0.10000 -2.95000"
2217,0.0000,Tx-Rx,0,-62.5631,"-0.15000 1.10000 4.90000, -6.95000 0.10000 -2.95000"
2218,0.0000,Tx-Rx,0,-66.3379,"-0.15000 1.10000 4.90000, -7.25000 0.10000 -2.95000"
2219,0.0000,Tx-Rx,0,-74.0413,"-0.15000 1.10000 4.90000, -7.55000 0.10000 -2.95000"
2220,0.0000,Tx-Rx,0,-76.1166,"-0.15000 1.10000 4.90000, -7.85000 0.10000 -2.95000"
2221,0.0000,Tx-Rx,0,-111.4815,"-0.15000 1.10000 4.90000, 9.85000 0.10000 -3.25000"
2222,0.0000,Tx-Rx,0,-100.5489,"-0.15000 1.10000 4.90000, 9.55000 0.10000 -3.25000"
2223,0.0000,Tx-Rx,0,-109.9932,"-0.15000 1.10000 4.90000, 9.25000 0.10000 -3.25000"
2224,0.0000,Tx-Rx,0,-116.5288,"-0.15000 1.10000 4.90000, 8.95000 0.10000 -3.25000"
2225,0.0000,Tx-Rx,0,-108.0845,"-0.15000 1.10000 4.90000, 8.65000 0.10000 -3.25000"
2226,0.0000,Tx-Rx,0,-109.5259,"-0.15000 1.10000 4.90000, 8.35000 0.10000 -3.25000"
2227,0.0000,Tx-Rx,0,-90.8132,"-0.15000 1.10000 4.90000, 8.05000 0.10000 -3.25000"
2228,0.0000,Tx-Rx,0,-84.2854,"-0.15000 1.10000 4.90000, 7.75000 0.10000 -3.25000"
2229,0.0000,Tx-Rx,0,-81.4874,"-0.15000 1.10000 4.90000, 7.45000 0.10000 -3.25000"
2230,0.0000,Tx-Rx,0,-79.5447,"-0.15000 1.10000 4.90000, 7.15000 0.10000 -3.25000"
2231,0.0000,Tx-Rx,0,-78.6067,"-0.15000 1.10000 4.90000, 6.85000 0.10000 -3.25000"
2232,0.0000,Tx-Rx,0,-78.3077,"-0.15000 1.10000 4.90000, 6.55000 0.10000 -3.25000"
2233,0.0000,Tx-Rx,0,-77.3141,"-0.15000 1.10000 4.90000, 6.25000 0.10000 -3.25000"
2234,0.0000,Tx-Rx,0,-77.6486,"-0.15000 1.10000 4.90000, 5.95000 0.10000 -3.25000"
2235,0.0000,Tx-Rx,0,-77.7610,"-0.15000 1.10000 4.90000, 5.65000 0.10000 -3.25000"
2236,0.0000,Tx-Rx,0,-78.1239,"-0.15000 1.10000 4.90000, 5.35000 0.10000 -3.25000"
2237,0.0000,Tx-Rx,0,-77.3756,"-0.15000 1.10000 4.90000, 5.05000 0.10000 -3.25000"
2238,0.0000,Tx-Rx,0,-75.9131,"-0.15000 1.10000 4.90000, 4.75000 0.10000 -3.25000"
2239,0.0000,Tx-Rx,0,-73.3328,"-0.15000 1.10000 4.90000, 4.45000 0.10000 -3.25000"
2240,0.0000,Tx-Rx,0,-69.5705,"-0.15000 1.10000 4.90000, 4.15000 0.10000 -3.25000"
2241,0.0000,Tx-Rx,0,-67.9281,"-0.15000 1.10000 4.90000, 3.85000 0.10000 -3.25000"
2242,0.0000,Tx-Rx,0,-67.7968,"-0.15000 1.10000 4.90000, 3.55000 0.10000 -3.25000"
2243,0.0000,Tx-Rx,0,-67.6158,"-0.15000 1.10000 4.90000, 3.25000 0.10000 -3.25000"
2244,0.0000,Tx-Rx,0,-67.4309,"-0.15000 1.10000 4.90000, 2.95000 0.10000 -3.25000"
2245,0.0000,Tx-Rx,0,-67.3324,"-0.15000 1.10000 4.90000, 2.65000 0.10000 -3.25000"
2246,0.0000,Tx-Rx,0,-67.2911,"-0.15000 1.10000 4.90000, 2.35000 0.10000 -3.25000"
2247,0.0000,Tx-Rx,0,-67.6934,"-0.15000 1.10000 4.90000, 2.05000 0.10000 -3.25000"
2248,0.0000,Tx-Rx,0,-71.1755,"-0.15000 1.10000 4.90000, 1.75000 0.10000 -3.25000"
2249,0.0000,Tx-Rx,0,-75.2096,"-0.15000 1.10000 4.90000, 1.45000 0.10000 -3.25000"
2250,0.0000,Tx-Rx,0,-75.4311,"-0.15000 1.10000 4.90000, 1.15000 0.10000 -3.25000"
2251,0.0000,Tx-Rx,0,-74.6626,"-0.15000 1.10000 4.90000, 0.85000 0.10000 -3.25000"
2252,0.0000,Tx-Rx,0,-71.4773,"-0.15000 1.10000 4.90000, 0.55000 0.10000 -3.25000"
2253,0.0000,Tx-Rx,0,-71.5733,"-0.15000 1.10000 4.90000, 0.25000 0.10000 -3.25000"
2254,0.0000,Tx-Rx,0,-58.8734,"-0.15000 1.10000 4.90000, -0.05000 0.10000 -3.25000"
2255,0.0000,Tx-Rx,0,-57.0893,"-0.15000 1.10000 4.90000, -0.35000 0.10000 -3.25000"
2256,0.0000,Tx-Rx,0,-57.0896,"-0.15000 1.10000 4.90000, -0.65000 0.10000 -3.25000"
2257,0.0000,Tx-Rx,0,-57.2836,"-0.15000 1.10000 4.90000, -0.95000 0.10000 -3.25000"
2258,0.0000,Tx-Rx,0,-57.2776,"-0.15000 1.10000 4.90000, -1.25000 0.10000 -3.25000"
2259,0.0000,Tx-Rx,0,-57.7323,"-0.15000 1.10000 4.90000, -1.55000 0.10000 -3.25000"
2260,0.0000,Tx-Rx,0,-57.7138,"-0.15000 1.10000 4.90000, -1.85000 0.10000 -3.25000"
2261,0.0000,Tx-Rx,0,-58.0979,"-0.15000 1.10000 4.90000, -2.15000 0.10000 -3.25000"
2262,0.0000,Tx-Rx,0,-57.9399,"-0.15000 1.10000 4.90000, -2.45000 0.10000 -3.25000"
2263,0.0000,Tx-Rx,0,-57.4261,"-0.15000 1.10000 4.90000, -2.75000 0.10000 -3.25000"
2264,0.0000,Tx-Rx,0,-56.8882,"-0.15000 1.10000 4.90000, -3.05000 0.10000 -3.25000"
2265,0.0000,Tx-Rx,0,-56.8770,"-0.15000 1.10000 4.90000, -3.35000 0.10000 -3.25000"
2266,0.0000,Tx-Rx,0,-56.8677,"-0.15000 1.10000 4.90000, -3.65000 0.10000 -3.25000"
2267,0.0000,Tx-Rx,0,-56.4232,"-0.15000 1.10000 4.90000, -3.95000 0.10000 -3.25000"
2268,0.0000,Tx-Rx,0,-57.1230,"-0.15000 1.10000 4.90000, -4.25000 0.10000 -3.25000"
2269,0.0000,Tx-Rx,0,-57.9319,"-0.15000 1.10000 4.90000, -4.55000 0.10000 -3.25000"
2270,0.0000,Tx-Rx,0,-58.3731,"-0.15000 1.10000 4.90000, -4.85000 0.10000 -3.25000"
2271,0.0000,Tx-Rx,0,-54.8200,"-0.15000 1.10000 4.90000, -5.15000 0.10000 -3.25000"
2272,0.0000,Tx-Rx,0,-54.0704,"-0.15000 1.10000 4.90000, -5.45000 0.10000 -3.25000"
2273,0.0000,Tx-Rx,0,-54.0561,"-0.15000 1.10000 4.90000, -5.75000 0.10000 -3.25000"
2274,0.0000,Tx-Rx,0,-59.0145,"-0.15000 1.10000 4.90000, -6.05000 0.10000 -3.25000"
2275,0.0000,Tx-Rx,0,-62.6280,"-0.15000 1.10000 4.90000, -6.35000 0.10000 -3.25000"
2276,0.0000,Tx-Rx,0,-62.7401,"-0.15000 1.10000 4.90000, -6.65000 0.10000 -3.25000"
2277,0.0000,Tx-Rx,0,-64.5563,"-0.15000 1.10000 4.90000, -6.95000 0.10000 -3.25000"
2278,0.0000,Tx-Rx,0,-69.8225,"-0.15000 1.10000 4.90000, -7.25000 0.10000 -3.25000"
2279,0.0000,Tx-Rx,0,-71.6793,"-0.15000 1.10000 4.90000, -7.55000 0.10000 -3.25000"
2280,0.0000,Tx-Rx,0,-73.8925,"-0.15000 1.10000 4.90000, -7.85000 0.10000 -3.25000"
2281,0.0000,Tx-Rx,0,-111.6574,"-0.15000 1.10000 4.90000, 9.85000 0.10000 -3.55000"
2282,0.0000,Tx-Rx,0,-119.8841,"-0.15000 1.10000 4.90000, 9.55000 0.10000 -3.55000"
2283,0.0000,Tx-Rx,0,-107.4018,"-0.15000 1.10000 4.90000, 9.25000 0.10000 -3.55000"
2284,0.0000,Tx-Rx,0,-103.9698,"-0.15000 1.10000 4.90000, 8.95000 0.10000 -3.55000"
2285,0.0000,Tx-Rx,0,-110.0566,"-0.15000 1.10000 4.90000, 8.65000 0.10000 -3.55000"
2286,0.0000,Tx-Rx,0,-101.3592,"-0.15000 1.10000 4.90000, 8.35000 0.10000 -3.55000"
2287,0.0000,Tx-Rx,0,-83.4978,"-0.15000 1.10000 4.90000, 8.05000 0.10000 -3.55000"
2288,0.0000,Tx-Rx,0,-78.2815,"-0.15000 1.10000 4.90000, 7.75000 0.10000 -3.55000"
2289,0.0000,Tx-Rx,0,-78.3304,"-0.15000 1.10000 4.90000, 7.45000 0.10000 -3.55000"
2290,0.0000,Tx-Rx,0,-78.3094,"-0.15000 1.10000 4.90000, 7.15000 0.10000 -3.55000"
2291,0.0000,Tx-Rx,0,-78.0254,"-0.15000 1.10000 4.90000, 6.85000 0.10000 -3.55000"
2292,0.0000,Tx-Rx,0,-77.3686,"-0.15000 1.10000 4.90000, 6.55000 0.10000 -3.55000"
2293,0.0000,Tx-Rx,0,-77.3967,"-0.15000 1.10000 4.90000, 6.25000 0.10000 -3.55000"
2294,0.0000,Tx-Rx,0,-78.0259,"-0.15000 1.10000 4.90000, 5.95000 0.10000 -3.55000"
2295,0.0000,Tx-Rx,0,-77.3588,"-0.15000 1.10000 4.90000, 5.65000 0.10000 -3.55000"
2296,0.0000,Tx-Rx,0,-75.9027,"-0.15000 1.10000 4.90000, 5.35000 0.10000 -3.55000"
2297,0.0000,Tx-Rx,0,-73.8008,"-0.15000 1.10000 4.90000, 5.05000 0.10000 -3.55000"
2298,0.0000,Tx-Rx,0,-70.1548,"-0.15000 1.10000 4.90000, 4.75000 0.10000 -3.55000"
2299,0.0000,Tx-Rx,0,-68.1565,"-0.15000 1.10000 4.90000, 4.45000 0.10000 -3.55000"
2300,0.0000,Tx-Rx,0,-67.9892,"-0.15000 1.10000 4.90000, 4.15000 0.10000 -3.55000"
2301,0.0000,Tx-Rx,0,-67.9040,"-0.15000 1.10000 4.90000, 3.85000 0.10000 -3.55000"
2302,0.0000,Tx-Rx,0,-67.7181,"-0.15000 1.10000 4.90000, 3.55000 0.10000 -3.55000"
2303,0.0000,Tx-Rx,0,-67.5896,"-0.15000 1.10000 4.90000, 3.25000 0.10000 -3.55000"
2304,0.0000,Tx-Rx,0,-67.5362,"-0.15000 1.10000 4.90000, 2.95000 0.10000 -3.55000"
2305,0.0000,Tx-Rx,0,-67.4931,"-0.15000 1.10000 4.90000, 2.65000 0.10000 -3.55000"
2306,0.0000,Tx-Rx,0,-69.5649,"-0.15000 1.10000 4.90000, 2.35000 0.10000 -3.55000"
2307,0.0000,Tx-Rx,0,-74.2939,"-0.15000 1.10000 4.90000, 2.05000 0.10000 -3.55000"
2308,0.0000,Tx-Rx,0,-75.2787,"-0.15000 1.10000 4.90000, 1.75000 0.10000 -3.55000"
2309,0.0000,Tx-Rx,0,-74.7307,"-0.15000 1.10000 4.90000, 1.45000 0.10000 -3.55000"
2310,0.0000,Tx-Rx,0,-75.1463,"-0.15000 1.10000 4.90000, 1.15000 0.10000 -3.55000"
2311,0.0000,Tx-Rx,0,-74.0159,"-0.15000 1.10000 4.90000, 0.85000 0.10000 -3.55000"
2312,0.0000,Tx-Rx,0,-74.6271,"-0.15000 1.10000 4.90000, 0.55000 0.10000 -3.55000"
2313,0.0000,Tx-Rx,0,-72.6302,"-0.15000 1.10000 4.90000, 0.25000 0.10000 -3.55000"
2314,0.0000,Tx-Rx,0,-59.0642,"-0.15000 1.10000 4.90000, -0.05000 0.10000 -3.55000"
2315,0.0000,Tx-Rx,0,-57.4341,"-0.15000 1.10000 4.90000, -0.35000 0.10000 -3.55000"
2316,0.0000,Tx-Rx,0,-57.1080,"-0.15000 1.10000 4.90000, -0.65000 0.10000 -3.55000"
2317,0.0000,Tx-Rx,0,-57.5245,"-0.15000 1.10000 4.90000, -0.95000 0.10000 -3.55000"
2318,0.0000,Tx-Rx,0,-57.3298,"-0.15000 1.10000 4.90000, -1.25000 0.10000 -3.55000"
2319,0.0000,Tx-Rx,0,-57.8386,"-0.15000 1.10000 4.90000, -1.55000 0.10000 -3.55000"
2320,0.0000,Tx-Rx,0,-57.8458,"-0.15000 1.10000 4.90000, -1.85000 0.10000 -3.55000"
2321,0.0000,Tx-Rx,0,-58.1894,"-0.15000 1.10000 4.90000, -2.15000 0.10000 -3.55000"
2322,0.0000,Tx-Rx,0,-57.9422,"-0.15000 1.10000 4.90000, -2.45000 0.10000 -3.55000"
2323,0.0000,Tx-Rx,0,-58.0526,"-0.15000 1.10000 4.90000, -2.75000 0.10000 -3.55000"
2324,0.0000,Tx-Rx,0,-57.3546,"-0.15000 1.10000 4.90000, -3.05000 0.10000 -3.55000"
2325,0.0000,Tx-Rx,0,-55.8378,"-0.15000 1.10000 4.90000, -3.35000 0.10000 -3.55000"
2326,0.0000,Tx-Rx,0,-56.3157,"-0.15000 1.10000 4.90000, -3.65000 0.10000 -3.55000"
2327,0.0000,Tx-Rx,0,-56.5322,"-0.15000 1.10000 4.90000, -3.95000 0.10000 -3.55000"
2328,0.0000,Tx-Rx,0,-57.0346,"-0.15000 1.10000 4.90000, -4.25000 0.10000 -3.55000"
2329,0.0000,Tx-Rx,0,-57.3218,"-0.15000 1.10000 4.90000, -4.55000 0.10000 -3.55000"
2330,0.0000,Tx-Rx,0,-58.2229,"-0.15000 1.10000 4.90000, -4.85000 0.10000 -3.55000"
2331,0.0000,Tx-Rx,0,-56.5216,"-0.15000 1.10000 4.90000, -5.15000 0.10000 -3.55000"
2332,0.0000,Tx-Rx,0,-53.7002,"-0.15000 1.10000 4.90000, -5.45000 0.10000 -3.55000"
2333,0.0000,Tx-Rx,0,-53.8344,"-0.15000 1.10000 4.90000, -5.75000 0.10000 -3.55000"
2334,0.0000,Tx-Rx,0,-54.1489,"-0.15000 1.10000 4.90000, -6.05000 0.10000 -3.55000"
2335,0.0000,Tx-Rx,0,-61.0295,"-0.15000 1.10000 4.90000, -6.35000 0.10000 -3.55000"
2336,0.0000,Tx-Rx,0,-62.8924,"-0.15000 1.10000 4.90000, -6.65000 0.10000 -3.55000"
2337,0.0000,Tx-Rx,0,-70.2008,"-0.15000 1.10000 4.90000, -6.95000 0.10000 -3.55000"
2338,0.0000,Tx-Rx,0,-72.4951,"-0.15000 1.10000 4.90000, -7.25000 0.10000 -3.55000"
2339,0.0000,Tx-Rx,0,-69.9002,"-0.15000 1.10000 4.90000, -7.55000 0.10000 -3.55000"
2340,0.0000,Tx-Rx,0,-71.6171,"-0.15000 1.10000 4.90000, -7.85000 0.10000 -3.55000"
2341,0.0000,Tx-Rx,0,-112.9724,"-0.15000 1.10000 4.90000, 9.85000 0.10000 -3.85000"
2342,0.0000,Tx-Rx,0,-103.2943,"-0.15000 1.10000 4.90000, 9.55000 0.10000 -3.85000"
2343,0.0000,Tx-Rx,0,-110.0749,"-0.15000 1.10000 4.90000, 9.25000 0.10000 -3.85000"
2344,0.0000,Tx-Rx,0,-99.7564,"-0.15000 1.10000 4.90000, 8.95000 0.10000 -3.85000"
2345,0.0000,Tx-Rx,0,-103.3932,"-0.15000 1.10000 4.90000, 8.65000 0.10000 -3.85000"
2346,0.0000,Tx-Rx,0,-102.8984,"-0.15000 1.10000 4.90000, 8.35000 0.10000 -3.85000"
2347,0.0000,Tx-Rx,0,-82.0767,"-0.15000 1.10000 4.90000, 8.05000 0.10000 -3.85000"
2348,0.0000,Tx-Rx,0,-76.9365,"-0.15000 1.10000 4.90000, 7.75000 0.10000 -3.85000"
2349,0.0000,Tx-Rx,0,-77.3447,"-0.15000 1.10000 4.90000, 7.45000 0.10000 -3.85000"
2350,0.0000,Tx-Rx,0,-77.5058,"-0.15000 1.10000 4.90000, 7.15000 0.10000 -3.85000"
2351,0.0000,Tx-Rx,0,-77.6232,"-0.15000 1.10000 4.90000, 6.85000 0.10000 -3.85000"
2352,0.0000,Tx-Rx,0,-77.4899,"-0.15000 1.10000 4.90000, 6.55000 0.10000 -3.85000"
2353,0.0000,Tx-Rx,0,-77.3592,"-0.15000 1.10000 4.90000, 6.25000 0.10000 -3.85000"
2354,0.0000,Tx-Rx,0,-76.2679,"-0.15000 1.10000 4.90000, 5.95000 0.10000 -3.85000"
2355,0.0000,Tx-Rx,0,-74.3578,"-0.15000 1.10000 4.90000, 5.65000 0.10000 -3.85000"
2356,0.0000,Tx-Rx,0,-70.8529,"-0.15000 1.10000 4.90000, 5.35000 0.10000 -3.85000"
2357,0.0000,Tx-Rx,0,-68.7251,"-0.15000 1.10000 4.90000, 5.05000 0.10000 -3.85000"
2358,0.0000,Tx-Rx,0,-68.2997,"-0.15000 1.10000 4.90000, 4.75000 0.10000 -3.85000"
2359,0.0000,Tx-Rx,0,-67.9642,"-0.15000 1.10000 4.90000, 4.45000 0.10000 -3.85000"
2360,0.0000,Tx-Rx,0,-67.8599,"-0.15000 1.10000 4.90000, 4.15000 0.10000 -3.85000"
2361,0.0000,Tx-Rx,0,-67.7763,"-0.15000 1.10000 4.90000, 3.85000 0.10000 -3.85000"
2362,0.0000,Tx-Rx,0,-67.6470,"-0.15000 1.10000 4.90000, 3.55000 0.10000 -3.85000"
2363,0.0000,Tx-Rx,0,-67.5405,"-0.15000 1.10000 4.90000, 3.25000 0.10000 -3.85000"
2364,0.0000,Tx-Rx,0,-68.6454,"-0.15000 1.10000 4.90000, 2.95000 0.10000 -3.85000"
2365,0.0000,Tx-Rx,0,-72.9916,"-0.15000 1.10000 4.90000, 2.65000 0.10000 -3.85000"
2366,0.0000,Tx-Rx,0,-76.1282,"-0.15000 1.10000 4.90000, 2.35000 0.10000 -3.85000"
2367,0.0000,Tx-Rx,0,-75.2114,"-0.15000 1.10000 4.90000, 2.05000 0.10000 -3.85000"
2368,0.0000,Tx-Rx,0,-74.8040,"-0.15000 1.10000 4.90000, 1.75000 0.10000 -3.85000"
2369,0.0000,Tx-Rx,0,-74.7003,"-0.15000 1.10000 4.90000, 1.45000 0.10000 -3.85000"
2370,0.0000,Tx-Rx,0,-73.9893,"-0.15000 1.10000 4.90000, 1.15000 0.10000 -3.85000"
2371,0.0000,Tx-Rx,0,-74.6568,"-0.15000 1.10000 4.90000, 0.85000 0.10000 -3.85000"
2372,0.0000,Tx-Rx,0,-75.8680,"-0.15000 1.10000 4.90000, 0.55000 0.10000 -3.85000"
2373,0.0000,Tx-Rx,0,-73.5042,"-0.15000 1.10000 4.90000, 0.25000 0.10000 -3.85000"
2374,0.0000,Tx-Rx,0,-59.2940,"-0.15000 1.10000 4.90000, -0.05000 0.10000 -3.85000"
2375,0.0000,Tx-Rx,0,-57.4465,"-0.15000 1.10000 4.90000, -0.35000 0.10000 -3.85000"
2376,0.0000,Tx-Rx,0,-57.5484,"-0.15000 1.10000 4.90000, -0.65000 0.10000 -3.85000"
2377,0.0000,Tx-Rx,0,-57.4711,"-0.15000 1.10000 4.90000, -0.95000 0.10000 -3.85000"
2378,0.0000,Tx-Rx,0,-57.8901,"-0.15000 1.10000 4.90000, -1.25000 0.10000 -3.85000"
2379,0.0000,Tx-Rx,0,-58.0615,"-0.15000 1.10000 4.90000, -1.55000 0.10000 -3.85000"
2380,0.0000,Tx-Rx,0,-58.0042,"-0.15000 1.10000 4.90000, -1.85000 0.10000 -3.85000"
2381,0.0000,Tx-Rx,0,-58.4749,"-0.15000 1.10000 4.90000, -2.15000 0.10000 -3.85000"
2382,0.0000,Tx-Rx,0,-58.2986,"-0.15000 1.10000 4.90000, -2.45000 0.10000 -3.85000"
2383,0.0000,Tx-Rx,0,-58.2790,"-0.15000 1.10000 4.90000, -2.75000 0.10000 -3.85000"
2384,0.0000,Tx-Rx,0,-57.2425,"-0.15000 1.10000 4.90000, -3.05000 0.10000 -3.85000"
2385,0.0000,Tx-Rx,0,-56.4732,"-0.15000 1.10000 4.90000, -3.35000 0.10000 -3.85000"
2386,0.0000,Tx-Rx,0,-56.2414,"-0.15000 1.10000 4.90000, -3.65000 0.10000 -3.85000"
2387,0.0000,Tx-Rx,0,-57.3436,"-0.15000 1.10000 4.90000, -3.95000 0.10000 -3.85000"
2388,0.0000,Tx-Rx,0,-57.6260,"-0.15000 1.10000 4.90000, -4.25000 0.10000 -3.85000"
2389,0.0000,Tx-Rx,0,-57.8610,"-0.15000 1.10000 4.90000, -4.55000 0.10000 -3.85000"
2390,0.0000,Tx-Rx,0,-59.5065,"-0.15000 1.10000 4.90000, -4.85000 0.10000 -3.85000"
2391,0.0000,Tx-Rx,0,-58.8115,"-0.15000 1.10000 4.90000, -5.15000 0.10000 -3.85000"
2392,0.0000,Tx-Rx,0,-56.1836,"-0.15000 1.10000 4.90000, -5.45000 0.10000 -3.85000"
2393,0.0000,Tx-Rx,0,-53.9658,"-0.15000 1.10000 4.90000, -5.75000 0.10000 -3.85000"
2394,0.0000,Tx-Rx,0,-53.5687,"-0.15000 1.10000 4.90000, -6.05000 0.10000 -3.85000"
2395,0.0000,Tx-Rx,0,-55.9366,"-0.15000 1.10000 4.90000, -6.35000 0.10000 -3.85000"
2396,0.0000,Tx-Rx,0,-65.5913,"-0.15000 1.10000 4.90000, -6.65000 0.10000 -3.85000"
2397,0.0000,Tx-Rx,0,-69.8924,"-0.15000 1.10000 4.90000, -6.95000 0.10000 -3.85000"
2398,0.0000,Tx-Rx,0,-72.7443,"-0.15000 1.10000 4.90000, -7.25000 0.10000 -3.85000"
2399,0.0000,Tx-Rx,0,-73.0452,"-0.15000 1.10000 4.90000, -7.55000 0.10000 -3.85000"
2400,0.0000,Tx-Rx,0,-69.4182,"-0.15000 1.10000 4.90000, -7.85000 0.10000 -3.85000"
2401,0.0000,Tx-Rx,0,-109.4794,"-0.15000 1.10000 4.90000, 9.85000 0.10000 -4.15000"
2402,0.0000,Tx-Rx,0,-111.5199,"-0.15000 1.10000 4.90000, 9.55000 0.10000 -4.15000"
2403,0.0000,Tx-Rx,0,-104.2296,"-0.15000 1.10000 4.90000, 9.25000 0.10000 -4.15000"
2404,0.0000,Tx-Rx,0,-104.7236,"-0.15000 1.10000 4.90000, 8.95000 0.10000 -4.15000"
2405,0.0000,Tx-Rx,0,-105.1628,"-0.15000 1.10000 4.90000, 8.65000 0.10000 -4.15000"
2406,0.0000,Tx-Rx,0,-104.6179,"-0.15000 1.10000 4.90000, 8.35000 0.10000 -4.15000"
2407,0.0000,Tx-Rx,0,-82.1801,"-0.15000 1.10000 4.90000, 8.05000 0.10000 -4.15000"
2408,0.0000,Tx-Rx,0,-77.4027,"-0.15000 1.10000 4.90000, 7.75000 0.10000 -4.15000"
2409,0.0000,Tx-Rx,0,-77.4016,"-0.15000 1.10000 4.90000, 7.45000 0.10000 -4.15000"
2410,0.0000,Tx-Rx,0,-77.5206,"-0.15000 1.10000 4.90000, 7.15000 0.10000 -4.15000"
2411,0.0000,Tx-Rx,0,-77.4292,"-0.15000 1.10000 4.90000, 6.85000 0.10000 -4.15000"
2412,0.0000,Tx-Rx,0,-76.0194,"-0.15000 1.10000 4.90000, 6.55000 0.10000 -4.15000"
2413,0.0000,Tx-Rx,0,-74.5651,"-0.15000 1.10000 4.90000, 6.25000 0.10000 -4.15000"
2414,0.0000,Tx-Rx,0,-71.6563,"-0.15000 1.10000 4.90000, 5.95000 0.10000 -4.15000"
2415,0.0000,Tx-Rx,0,-68.9921,"-0.15000 1.10000 4.90000, 5.65000 0.10000 -4.15000"
2416,0.0000,Tx-Rx,0,-68.3439,"-0.15000 1.10000 4.90000, 5.35000 0.10000 -4.15000"
2417,0.0000,Tx-Rx,0,-68.2142,"-0.15000 1.10000 4.90000, 5.05000 0.10000 -4.15000"
2418,0.0000,Tx-Rx,0,-68.0331,"-0.15000 1.10000 4.90000, 4.75000 0.10000 -4.15000"
2419,0.0000,Tx-Rx,0,-68.0549,"-0.15000 1.10000 4.90000, 4.45000 0.10000 -4.15000"
2420,0.0000,Tx-Rx,0,-67.9212,"-0.15000 1.10000 4.90000, 4.15000 0.10000 -4.15000"
2421,0.0000,Tx-Rx,0,-67.7337,"-0.15000 1.10000 4.90000, 3.85000 0.10000 -4.15000"
2422,0.0000,Tx-Rx,0,-67.9580,"-0.15000 1.10000 4.90000, 3.55000 0.10000 -4.15000"
2423,0.0000,Tx-Rx,0,-71.0735,"-0.15000 1.10000 4.90000, 3.25000 0.10000 -4.15000"
2424,0.0000,Tx-Rx,0,-76.0675,"-0.15000 1.10000 4.90000, 2.95000 0.10000 -4.15000"
2425,0.0000,Tx-Rx,0,-75.6554,"-0.15000 1.10000 4.90000, 2.65000 0.10000 -4.15000"
2426,0.0000,Tx-Rx,0,-75.7178,"-0.15000 1.10000 4.90000, 2.35000 0.10000 -4.15000"
2427,0.0000,Tx-Rx,0,-75.0753,"-0.15000 1.10000 4.90000, 2.05000 0.10000 -4.15000"
2428,0.0000,Tx-Rx,0,-75.1541,"-0.15000 1.10000 4.90000, 1.75000 0.10000 -4.15000"
2429,0.0000,Tx-Rx,0,-74.5958,"-0.15000 1.10000 4.90000, 1.45000 0.10000 -4.15000"
2430,0.0000,Tx-Rx,0,-75.6243,"-0.15000 1.10000 4.90000, 1.15000 0.10000 -4.15000"
2431,0.0000,Tx-Rx,0,-76.9884,"-0.15000 1.10000 4.90000, 0.85000 0.10000 -4.15000"
2432,0.0000,Tx-Rx,0,-78.3404,"-0.15000 1.10000 4.90000, 0.55000 0.10000 -4.15000"
2433,0.0000,Tx-Rx,0,-74.3707,"-0.15000 1.10000 4.90000, 0.25000 0.10000 -4.15000"
2434,0.0000,Tx-Rx,0,-66.6690,"-0.15000 1.10000 4.90000, -0.05000 0.10000 -4.15000"
2435,0.0000,Tx-Rx,0,-82.0922,"-0.15000 1.10000 4.90000, -0.35000 0.10000 -4.15000"
2436,0.0000,Tx-Rx,0,-81.8493,"-0.15000 1.10000 4.90000, -0.65000 0.10000 -4.15000"
2437,0.0000,Tx-Rx,0,-81.9815,"-0.15000 1.10000 4.90000, -0.95000 0.10000 -4.15000"
2438,0.0000,Tx-Rx,0,-82.4266,"-0.15000 1.10000 4.90000, -1.25000 0.10000 -4.15000"
2439,0.0000,Tx-Rx,0,-82.4884,"-0.15000 1.10000 4.90000, -1.55000 0.10000 -4.15000"
2440,0.0000,Tx-Rx,0,-80.1381,"-0.15000 1.10000 4.90000, -1.85000 0.10000 -4.15000"
2441,0.0000,Tx-Rx,0,-59.0219,"-0.15000 1.10000 4.90000, -2.15000 0.10000 -4.15000"
2442,0.0000,Tx-Rx,0,-58.8892,"-0.15000 1.10000 4.90000, -2.45000 0.10000 -4.15000"
2443,0.0000,Tx-Rx,0,-58.6634,"-0.15000 1.10000 4.90000, -2.75000 0.10000 -4.15000"
2444,0.0000,Tx-Rx,0,-58.7609,"-0.15000 1.10000 4.90000, -3.05000 0.10000 -4.15000"
2445,0.0000,Tx-Rx,0,-60.4083,"-0.15000 1.10000 4.90000, -3.35000 0.10000 -4.15000"
2446,0.0000,Tx-Rx,0,-64.6917,"-0.15000 1.10000 4.90000, -3.65000 0.10000 -4.15000"
2447,0.0000,Tx-Rx,0,-82.8914,"-0.15000 1.10000 4.90000, -3.95000 0.10000 -4.15000"
2448,0.0000,Tx-Rx,0,-84.2191,"-0.15000 1.10000 4.90000, -4.25000 0.10000 -4.15000"
2449,0.0000,Tx-Rx,0,-86.0299,"-0.15000 1.10000 4.90000, -4.55000 0.10000 -4.15000"
2450,0.0000,Tx-Rx,0,-87.3428,"-0.15000 1.10000 4.90000, -4.85000 0.10000 -4.15000"
2451,0.0000,Tx-Rx,0,-86.1666,"-0.15000 1.10000 4.90000, -5.15000 0.10000 -4.15000"
2452,0.0000,Tx-Rx,0,-87.1882,"-0.15000 1.10000 4.90000, -5.45000 0.10000 -4.15000"
2453,0.0000,Tx-Rx,0,-83.2857,"-0.15000 1.10000 4.90000, -5.75000 0.10000 -4.15000"
2454,0.0000,Tx-Rx,0,-83.1339,"-0.15000 1.10000 4.90000, -6.05000 0.10000 -4.15000"
2455,0.0000,Tx-Rx,0,-81.3687,"-0.15000 1.10000 4.90000, -6.35000 0.10000 -4.15000"
2456,0.0000,Tx-Rx,0,-85.8472,"-0.15000 1.10000 4.90000, -6.65000 0.10000 -4.15000"
2457,0.0000,Tx-Rx,0,-96.9094,"-0.15000 1.10000 4.90000, -6.95000 0.10000 -4.15000"
2458,0.0000,Tx-Rx,0,-99.5383,"-0.15000 1.10000 4.90000, -7.25000 0.10000 -4.15000"
2459,0.0000,Tx-Rx,0,-106.4322,"-0.15000 1.10000 4.90000, -7.55000 0.10000 -4.15000"
2460,0.0000,Tx-Rx,0,-95.3538,"-0.15000 1.10000 4.90000, -7.85000 0.10000 -4.15000"
2461,0.0000,Tx-Rx,0,-106.0405,"-0.15000 1.10000 4.90000, 9.85000 0.10000 -4.45000"
2462,0.0000,Tx-Rx,0,-103.4928,"-0.15000 1.10000 4.90000, 9.55000 0.10000 -4.45000"
2463,0.0000,Tx-Rx,0,-106.6880,"-0.15000 1.10000 4.90000, 9.25000 0.10000 -4.45000"
2464,0.0000,Tx-Rx,0,-102.9934,"-0.15000 1.10000 4.90000, 8.95000 0.10000 -4.45000"
2465,0.0000,Tx-Rx,0,-108.4226,"-0.15000 1.10000 4.90000, 8.65000 0.10000 -4.45000"
2466,0.0000,Tx-Rx,0,-103.3318,"-0.15000 1.10000 4.90000, 8.35000 0.10000 -4.45000"
2467,0.0000,Tx-Rx,0,-82.5984,"-0.15000 1.10000 4.90000, 8.05000 0.10000 -4.45000"
2468,0.0000,Tx-Rx,0,-77.5130,"-0.15000 1.10000 4.90000, 7.75000 0.10000 -4.45000"
2469,0.0000,Tx-Rx,0,-77.2349,"-0.15000 1.10000 4.90000, 7.45000 0.10000 -4.45000"
2470,0.0000,Tx-Rx,0,-75.9199,"-0.15000 1.10000 4.90000, 7.15000 0.10000 -4.45000"
2471,0.0000,Tx-Rx,0,-74.5547,"-0.15000 1.10000 4.90000, 6.85000 0.10000 -4.45000"
2472,0.0000,Tx-Rx,0,-72.1658,"-0.15000 1.10000 4.90000, 6.55000 0.10000 -4.45000"
2473,0.0000,Tx-Rx,0,-69.4240,"-0.15000 1.10000 4.90000, 6.25000 0.10000 -4.45000"
2474,0.0000,Tx-Rx,0,-68.4617,"-0.15000 1.10000 4.90000, 5.95000 0.10000 -4.45000"
2475,0.0000,Tx-Rx,0,-68.3310,"-0.15000 1.10000 4.90000, 5.65000 0.10000 -4.45000"
2476,0.0000,Tx-Rx,0,-68.3413,"-0.15000 1.10000 4.90000, 5.35000 0.10000 -4.45000"
2477,0.0000,Tx-Rx,0,-68.1553,"-0.15000 1.10000 4.90000, 5.05000 0.10000 -4.45000"
2478,0.0000,Tx-Rx,0,-68.2202,"-0.15000 1.10000 4.90000, 4.75000 0.10000 -4.45000"
2479,0.0000,Tx-Rx,0,-67.9729,"-0.15000 1.10000 4.90000, 4.45000 0.10000 -4.45000"
2480,0.0000,Tx-Rx,0,-68.0403,"-0.15000 1.10000 4.90000, 4.15000 0.10000 -4.45000"
2481,0.0000,Tx-Rx,0,-69.5698,"-0.15000 1.10000 4.90000, 3.85000 0.10000 -4.45000"
2482,0.0000,Tx-Rx,0,-74.5156,"-0.15000 1.10000 4.90000, 3.55000 0.10000 -4.45000"
2483,0.0000,Tx-Rx,0,-76.1062,"-0.15000 1.10000 4.90000, 3.25000 0.10000 -4.45000"
2484,0.0000,Tx-Rx,0,-76.0269,"-0.15000 1.10000 4.90000, 2.95000 0.10000 -4.45000"
2485,0.0000,Tx-Rx,0,-75.7583,"-0.15000 1.10000 4.90000, 2.65000 0.10000 -4.45000"
2486,0.0000,Tx-Rx,0,-76.2614,"-0.15000 1.10000 4.90000, 2.35000 0.10000 -4.45000"
2487,0.0000,Tx-Rx,0,-74.1855,"-0.15000 1.10000 4.90000, 2.05000 0.10000 -4.45000"
2488,0.0000,Tx-Rx,0,-75.1780,"-0.15000 1.10000 4.90000, 1.75000 0.10000 -4.45000"
2489,0.0000,Tx-Rx,0,-77.2736,"-0.15000 1.10000 4.90000, 1.45000 0.10000 -4.45000"
2490,0.0000,Tx-Rx,0,-77.2314,"-0.15000 1.10000 4.90000, 1.15000 0.10000 -4.45000"
2491,0.0000,Tx-Rx,0,-77.6138,"-0.15000 1.10000 4.90000, 0.85000 0.10000 -4.45000"
2492,0.0000,Tx-Rx,0,-78.9897,"-0.15000 1.10000 4.90000, 0.55000 0.10000 -4.45000"
2493,0.0000,Tx-Rx,0,-74.3740,"-0.15000 1.10000 4.90000, 0.25000 0.10000 -4.45000"
2494,0.0000,Tx-Rx,0,-66.7158,"-0.15000 1.10000 4.90000, -0.05000 0.10000 -4.45000"
2495,0.0000,Tx-Rx,0,-81.9235,"-0.15000 1.10000 4.90000, -0.35000 0.10000 -4.45000"
2496,0.0000,Tx-Rx,0,-81.8635,"-0.15000 1.10000 4.90000, -0.65000 0.10000 -4.45000"
2497,0.0000,Tx-Rx,0,-82.7358,"-0.15000 1.10000 4.90000, -0.95000 0.10000 -4.45000"
2498,0.0000,Tx-Rx,0,-82.9475,"-0.15000 1.10000 4.90000, -1.25000 0.10000 -4.45000"
2499,0.0000,Tx-Rx,0,-83.0268,"-0.15000 1.10000 4.90000, -1.55000 0.10000 -4.45000"
2500,0.0000,Tx-Rx,0,-80.5031,"-0.15000 1.10000 4.90000, -1.85000 0.10000 -4.45000"
2501,0.0000,Tx-Rx,0,-60.7708,"-0.15000 1.10000 4.90000, -2.15000 0.10000 -4.45000"
2502,0.0000,Tx-Rx,0,-58.6093,"-0.15000 1.10000 4.90000, -2.45000 0.10000 -4.45000"
2503,0.0000,Tx-Rx,0,-58.1103,"-0.15000 1.10000 4.90000, -2.75000 0.10000 -4.45000"
2504,0.0000,Tx-Rx,0,-57.7165,"-0.15000 1.10000 4.90000, -3.05000 0.10000 -4.45000"
2505,0.0000,Tx-Rx,0,-60.2844,"-0.15000 1.10000 4.90000, -3.35000 0.10000 -4.45000"
2506,0.0000,Tx-Rx,0,-67.0883,"-0.15000 1.10000 4.90000, -3.65000 0.10000 -4.45000"
2507,0.0000,Tx-Rx,0,-82.7198,"-0.15000 1.10000 4.90000, -3.95000 0.10000 -4.45000"
2508,0.0000,Tx-Rx,0,-84.1586,"-0.15000 1.10000 4.90000, -4.25000 0.10000 -4.45000"
2509,0.0000,Tx-Rx,0,-85.6322,"-0.15000 1.10000 4.90000, -4.55000 0.10000 -4.45000"
2510,0.0000,Tx-Rx,0,-85.4556,"-0.15000 1.10000 4.90000, -4.85000 0.10000 -4.45000"
2511,0.0000,Tx-Rx,0,-87.4412,"-0.15000 1.10000 4.90000, -5.15000 0.10000 -4.45000"
2512,0.0000,Tx-Rx,0,-88.4428,"-0.15000 1.10000 4.90000, -5.45000 0.10000 -4.45000"
2513,0.0000,Tx-Rx,0,-84.4379,"-0.15000 1.10000 4.90000, -5.75000 0.10000 -4.45000"
2514,0.0000,Tx-Rx,0,-81.5491,"-0.15000 1.10000 4.90000, -6.05000 0.10000 -4.45000"
2515,0.0000,Tx-Rx,0,-83.5111,"-0.15000 1.10000 4.90000, -6.35000 0.10000 -4.45000"
2516,0.0000,Tx-Rx,0,-80.5264,"-0.15000 1.10000 4.90000, -6.65000 0.10000 -4.45000"
2517,0.0000,Tx-Rx,0,-89.4922,"-0.15000 1.10000 4.90000, -6.95000 0.10000 -4.45000"
2518,0.0000,Tx-Rx,0,-99.0608,"-0.15000 1.10000 4.90000, -7.25000 0.10000 -4.45000"
2519,0.0000,Tx-Rx,0,-99.7883,"-0.15000 1.10000 4.90000, -7.55000 0.10000 -4.45000"
2520,0.0000,Tx-Rx,0,-110.1486,"-0.15000 1.10000 4.90000, -7.85000 0.10000 -4.45000"
2521,0.0000,Tx-Rx,0,-103.0205,"-0.15000 1.10000 4.90000, 9.85000 0.10000 -4.75000"
2522,0.0000,Tx-Rx,0,-104.3876,"-0.15000 1.10000 4.90000, 9.55000 0.10000 -4.75000"
2523,0.0000,Tx-Rx,0,-102.4847,"-0.15000 1.10000 4.90000, 9.25000 0.10000 -4.75000"
2524,0.0000,Tx-Rx,0,-104.4555,"-0.15000 1.10000 4.90000, 8.95000 0.10000 -4.75000"
2525,0.0000,Tx-Rx,0,-109.9371,"-0.15000 1.10000 4.90000, 8.65000 0.10000 -4.75000"
2526,0.0000,Tx-Rx,0,-103.9542,"-0.15000 1.10000 4.90000, 8.35000 0.10000 -4.75000"
2527,0.0000,Tx-Rx,0,-82.1817,"-0.15000 1.10000 4.90000, 8.05000 0.10000 -4.75000"
2528,0.0000,Tx-Rx,0,-76.2809,"-0.15000 1.10000 4.90000, 7.75000 0.10000 -4.75000"
2529,0.0000,Tx-Rx,0,-74.6187,"-0.15000 1.10000 4.90000, 7.45000 0.10000 -4.75000"
2530,0.0000,Tx-Rx,0,-72.7499,"-0.15000 1.10000 4.90000, 7.15000 0.10000 -4.75000"
2531,0.0000,Tx-Rx,0,-69.9457,"-0.15000 1.10000 4.90000, 6.85000 0.10000 -4.75000"
2532,0.0000,Tx-Rx,0,-68.5625,"-0.15000 1.10000 4.90000, 6.55000 0.10000 -4.75000"
2533,0.0000,Tx-Rx,0,-68.5445,"-0.15000 1.10000 4.90000, 6.25000 0.10000 -4.75000"
2534,0.0000,Tx-Rx,0,-68.3824,"-0.15000 1.10000 4.90000, 5.95000 0.10000 -4.75000"
2535,0.0000,Tx-Rx,0,-68.3507,"-0.15000 1.10000 4.90000, 5.65000 0.10000 -4.75000"
2536,0.0000,Tx-Rx,0,-68.2324,"-0.15000 1.10000 4.90000, 5.35000 0.10000 -4.75000"
2537,0.0000,Tx-Rx,0,-68.0610,"-0.15000 1.10000 4.90000, 5.05000 0.10000 -4.75000"
2538,0.0000,Tx-Rx,0,-68.0223,"-0.15000 1.10000 4.90000, 4.75000 0.10000 -4.75000"
2539,0.0000,Tx-Rx,0,-68.8815,"-0.15000 1.10000 4.90000, 4.45000 0.10000 -4.75000"
2540,0.0000,Tx-Rx,0,-72.3857,"-0.15000 1.10000 4.90000, 4.15000 0.10000 -4.75000"
2541,0.0000,Tx-Rx,0,-76.0107,"-0.15000 1.10000 4.90000, 3.85000 0.10000 -4.75000"
2542,0.0000,Tx-Rx,0,-76.0583,"-0.15000 1.10000 4.90000, 3.55000 0.10000 -4.75000"
2543,0.0000,Tx-Rx,0,-76.0247,"-0.15000 1.10000 4.90000, 3.25000 0.10000 -4.75000"
2544,0.0000,Tx-Rx,0,-76.1512,"-0.15000 1.10000 4.90000, 2.95000 0.10000 -4.75000"
2545,0.0000,Tx-Rx,0,-74.9384,"-0.15000 1.10000 4.90000, 2.65000 0.10000 -4.75000"
2546,0.0000,Tx-Rx,0,-74.8336,"-0.15000 1.10000 4.90000, 2.35000 0.10000 -4.75000"
2547,0.0000,Tx-Rx,0,-76.6941,"-0.15000 1.10000 4.90000, 2.05000 0.10000 -4.75000"
2548,0.0000,Tx-Rx,0,-77.3660,"-0.15000 1.10000 4.90000, 1.75000 0.10000 -4.75000"
2549,0.0000,Tx-Rx,0,-79.4514,"-0.15000 1.10000 4.90000, 1.45000 0.10000 -4.75000"
2550,0.0000,Tx-Rx,0,-79.6529,"-0.15000 1.10000 4.90000, 1.15000 0.10000 -4.75000"
2551,0.0000,Tx-Rx,0,-80.4437,"-0.15000 1.10000 4.90000, 0.85000 0.10000 -4.75000"
2552,0.0000,Tx-Rx,0,-80.4408,"-0.15000 1.10000 4.90000, 0.55000 0.10000 -4.75000"
2553,0.0000,Tx-Rx,0,-72.4739,"-0.15000 1.10000 4.90000, 0.25000 0.10000 -4.75000"
2554,0.0000,Tx-Rx,0,-67.3580,"-0.15000 1.10000 4.90000, -0.05000 0.10000 -4.75000"
2555,0.0000,Tx-Rx,0,-81.1608,"-0.15000 1.10000 4.90000, -0.35000 0.10000 -4.75000"
2556,0.0000,Tx-Rx,0,-79.8701,"-0.15000 1.10000 4.90000, -0.65000 0.10000 -4.75000"
2557,0.0000,Tx-Rx,0,-82.4773,"-0.15000 1.10000 4.90000, -0.95000 0.10000 -4.75000"
2558,0.0000,Tx-Rx,0,-82.6948,"-0.15000 1.10000 4.90000, -1.25000 0.10000 -4.75000"
2559,0.0000,Tx-Rx,0,-82.1666,"-0.15000 1.10000 4.90000, -1.55000 0.10000 -4.75000"
2560,0.0000,Tx-Rx,0,-79.4623,"-0.15000 1.10000 4.90000, -1.85000 0.10000 -4.75000"
2561,0.0000,Tx-Rx,0,-62.4304,"-0.15000 1.10000 4.90000, -2.15000 0.10000 -4.75000"
2562,0.0000,Tx-Rx,0,-58.6355,"-0.15000 1.10000 4.90000, -2.45000 0.10000 -4.75000"
2563,0.0000,Tx-Rx,0,-58.0262,"-0.15000 1.10000 4.90000, -2.75000 0.10000 -4.75000"
2564,0.0000,Tx-Rx,0,-56.8081,"-0.15000 1.10000 4.90000, -3.05000 0.10000 -4.75000"
2565,0.0000,Tx-Rx,0,-59.5793,"-0.15000 1.10000 4.90000, -3.35000 0.10000 -4.75000"
2566,0.0000,Tx-Rx,0,-79.0052,"-0.15000 1.10000 4.90000, -3.65000 0.10000 -4.75000"
2567,0.0000,Tx-Rx,0,-87.2434,"-0.15000 1.10000 4.90000, -3.95000 0.10000 -4.75000"
2568,0.0000,Tx-Rx,0,-88.8416,"-0.15000 1.10000 4.90000, -4.25000 0.10000 -4.75000"
2569,0.0000,Tx-Rx,0,-96.0258,"-0.15000 1.10000 4.90000, -4.55000 0.10000 -4.75000"
2570,0.0000,Tx-Rx,0,-99.7587,"-0.15000 1.10000 4.90000, -4.85000 0.10000 -4.75000"
2571,0.0000,Tx-Rx,0,-95.3144,"-0.15000 1.10000 4.90000, -5.15000 0.10000 -4.75000"
2572,0.0000,Tx-Rx,0,-97.7535,"-0.15000 1.10000 4.90000, -5.45000 0.10000 -4.75000"
2573,0.0000,Tx-Rx,0,-97.1898,"-0.15000 1.10000 4.90000, -5.75000 0.10000 -4.75000"
2574,0.0000,Tx-Rx,0,-82.2226,"-0.15000 1.10000 4.90000, -6.05000 0.10000 -4.75000"
2575,0.0000,Tx-Rx,0,-81.8146,"-0.15000 1.10000 4.90000, -6.35000 0.10000 -4.75000"
2576,0.0000,Tx-Rx,0,-80.3953,"-0.15000 1.10000 4.90000, -6.65000 0.10000 -4.75000"
2577,0.0000,Tx-Rx,0,-83.9604,"-0.15000 1.10000 4.90000, -6.95000 0.10000 -4.75000"
2578,0.0000,Tx-Rx,0,-95.8697,"-0.15000 1.10000 4.90000, -7.25000 0.10000 -4.75000"
2579,0.0000,Tx-Rx,0,-99.0627,"-0.15000 1.10000 4.90000, -7.55000 0.10000 -4.75000"
2580,0.0000,Tx-Rx,0,-105.1688,"-0.15000 1.10000 4.90000, -7.85000 0.10000 -4.75000"
2581,0.0000,Tx-Rx,0,-104.5899,"-0.15000 1.10000 4.90000, 9.85000 0.10000 -5.05000"
2582,0.0000,Tx-Rx,0,-105.8930,"-0.15000 1.10000 4.90000, 9.55000 0.10000 -5.05000"
2583,0.0000,Tx-Rx,0,-103.8309,"-0.15000 1.10000 4.90000, 9.25000 0.10000 -5.05000"
2584,0.0000,Tx-Rx,0,-104.9641,"-0.15000 1.10000 4.90000, 8.95000 0.10000 -5.05000"
2585,0.0000,Tx-Rx,0,-103.6977,"-0.15000 1.10000 4.90000, 8.65000 0.10000 -5.05000"
2586,0.0000,Tx-Rx,0,-101.5631,"-0.15000 1.10000 4.90000, 8.35000 0.10000 -5.05000"
2587,0.0000,Tx-Rx,0,-78.7025,"-0.15000 1.10000 4.90000, 8.05000 0.10000 -5.05000"
2588,0.0000,Tx-Rx,0,-72.9591,"-0.15000 1.10000 4.90000, 7.75000 0.10000 -5.05000"
2589,0.0000,Tx-Rx,0,-70.2516,"-0.15000 1.10000 4.90000, 7.45000 0.10000 -5.05000"
2590,0.0000,Tx-Rx,0,-68.8876,"-0.15000 1.10000 4.90000, 7.15000 0.10000 -5.05000"
2591,0.0000,Tx-Rx,0,-68.7338,"-0.15000 1.10000 4.90000, 6.85000 0.10000 -5.05000"
2592,0.0000,Tx-Rx,0,-68.6009,"-0.15000 1.10000 4.90000, 6.55000 0.10000 -5.05000"
2593,0.0000,Tx-Rx,0,-68.4101,"-0.15000 1.10000 4.90000, 6.25000 0.10000 -5.05000"
2594,0.0000,Tx-Rx,0,-68.5191,"-0.15000 1.10000 4.90000, 5.95000 0.10000 -5.05000"
2595,0.0000,Tx-Rx,0,-68.2376,"-0.15000 1.10000 4.90000, 5.65000 0.10000 -5.05000"
2596,0.0000,Tx-Rx,0,-68.1748,"-0.15000 1.10000 4.90000, 5.35000 0.10000 -5.05000"
2597,0.0000,Tx-Rx,0,-68.2011,"-0.15000 1.10000 4.90000, 5.05000 0.10000 -5.05000"
2598,0.0000,Tx-Rx,0,-70.6218,"-0.15000 1.10000 4.90000, 4.75000 0.10000 -5.05000"
2599,0.0000,Tx-Rx,0,-75.0278,"-0.15000 1.10000 4.90000, 4.45000 0.10000 -5.05000"
2600,0.0000,Tx-Rx,0,-75.9311,"-0.15000 1.10000 4.90000, 4.15000 0.10000 -5.05000"
2601,0.0000,Tx-Rx,0,-75.9236,"-0.15000 1.10000 4.90000, 3.85000 0.10000 -5.05000"
2602,0.0000,Tx-Rx,0,-75.6989,"-0.15000 1.10000 4.90000, 3.55000 0.10000 -5.05000"
2603,0.0000,Tx-Rx,0,-75.8745,"-0.15000 1.10000 4.90000, 3.25000 0.10000 -5.05000"
2604,0.0000,Tx-Rx,0,-75.5516,"-0.15000 1.10000 4.90000, 2.95000 0.10000 -5.05000"
2605,0.0000,Tx-Rx,0,-74.9525,"-0.15000 1.10000 4.90000, 2.65000 0.10000 -5.05000"
2606,0.0000,Tx-Rx,0,-76.8508,"-0.15000 1.10000 4.90000, 2.35000 0.10000 -5.05000"
2607,0.0000,Tx-Rx,0,-78.7367,"-0.15000 1.10000 4.90000, 2.05000 0.10000 -5.05000"
2608,0.0000,Tx-Rx,0,-79.0721,"-0.15000 1.10000 4.90000, 1.75000 0.10000 -5.05000"
2609,0.0000,Tx-Rx,0,-80.6794,"-0.15000 1.10000 4.90000, 1.45000 0.10000 -5.05000"
2610,0.0000,Tx-Rx,0,-81.3327,"-0.15000 1.10000 4.90000, 1.15000 0.10000 -5.05000"
2611,0.0000,Tx-Rx,0,-81.7283,"-0.15000 1.10000 4.90000, 0.85000 0.10000 -5.05000"
2612,0.0000,Tx-Rx,0,-82.8140,"-0.15000 1.10000 4.90000, 0.55000 0.10000 -5.05000"
2613,0.0000,Tx-Rx,0,-71.9581,"-0.15000 1.10000 4.90000, 0.25000 0.10000 -5.05000"
2614,0.0000,Tx-Rx,0,-67.5847,"-0.15000 1.10000 4.90000, -0.05000 0.10000 -5.05000"
2615,0.0000,Tx-Rx,0,-81.3107,"-0.15000 1.10000 4.90000, -0.35000 0.10000 -5.05000"
2616,0.0000,Tx-Rx,0,-81.9867,"-0.15000 1.10000 4.90000, -0.65000 0.10000 -5.05000"
2617,0.0000,Tx-Rx,0,-80.4148,"-0.15000 1.10000 4.90000, -0.95000 0.10000 -5.05000"
2618,0.0000,Tx-Rx,0,-79.7841,"-0.15000 1.10000 4.90000, -1.25000 0.10000 -5.05000"
2619,0.0000,Tx-Rx,0,-81.6504,"-0.15000 1.10000 4.90000, -1.55000 0.10000 -5.05000"
2620,0.0000,Tx-Rx,0,-80.1869,"-0.15000 1.10000 4.90000, -1.85000 0.10000 -5.05000"
2621,0.0000,Tx-Rx,0,-65.3558,"-0.15000 1.10000 4.90000, -2.15000 0.10000 -5.05000"
2622,0.0000,Tx-Rx,0,-59.1279,"-0.15000 1.10000 4.90000, -2.45000 0.10000 -5.05000"
2623,0.0000,Tx-Rx,0,-58.3181,"-0.15000 1.10000 4.90000, -2.75000 0.10000 -5.05000"
2624,0.0000,Tx-Rx,0,-57.0340,"-0.15000 1.10000 4.90000, -3.05000 0.10000 -5.05000"
2625,0.0000,Tx-Rx,0,-58.7993,"-0.15000 1.10000 4.90000, -3.35000 0.10000 -5.05000"
2626,0.0000,Tx-Rx,0,-74.8565,"-0.15000 1.10000 4.90000, -3.65000 0.10000 -5.05000"
2627,0.0000,Tx-Rx,0,-77.7331,"-0.15000 1.10000 4.90000, -3.95000 0.10000 -5.05000"
2628,0.0000,Tx-Rx,0,-83.1861,"-0.15000 1.10000 4.90000, -4.25000 0.10000 -5.05000"
2629,0.0000,Tx-Rx,0,-92.2894,"-0.15000 1.10000 4.90000, -4.55000 0.10000 -5.05000"
2630,0.0000,Tx-Rx,0,-102.0334,"-0.15000 1.10000 4.90000, -4.85000 0.10000 -5.05000"
2631,0.0000,Tx-Rx,0,-98.2942,"-0.15000 1.10000 4.90000, -5.15000 0.10000 -5.05000"
2632,0.0000,Tx-Rx,0,-104.2069,"-0.15000 1.10000 4.90000, -5.45000 0.10000 -5.05000"
2633,0.0000,Tx-Rx,0,-100.8141,"-0.15000 1.10000 4.90000, -5.75000 0.10000 -5.05000"
2634,0.0000,Tx-Rx,0,-84.6511,"-0.15000 1.10000 4.90000, -6.05000 0.10000 -5.05000"
2635,0.0000,Tx-Rx,0,-82.3784,"-0.15000 1.10000 4.90000, -6.35000 0.10000 -5.05000"
2636,0.0000,Tx-Rx,0,-82.7156,"-0.15000 1.10000 4.90000, -6.65000 0.10000 -5.05000"
2637,0.0000,Tx-Rx,0,-82.9876,"-0.15000 1.10000 4.90000, -6.95000 0.10000 -5.05000"
2638,0.0000,Tx-Rx,0,-85.8864,"-0.15000 1.10000 4.90000, -7.25000 0.10000 -5.05000"
2639,0.0000,Tx-Rx,0,-98.8421,"-0.15000 1.10000 4.90000, -7.55000 0.10000 -5.05000"
2640,0.0000,Tx-Rx,0,-116.5295,"-0.15000 1.10000 4.90000, -7.85000 0.10000 -5.05000"
2641,0.0000,Tx-Rx,0,-104.2995,"-0.15000 1.10000 4.90000, 9.85000 0.10000 -5.35000"
2642,0.0000,Tx-Rx,0,-106.9353,"-0.15000 1.10000 4.90000, 9.55000 0.10000 -5.35000"
2643,0.0000,Tx-Rx,0,-103.4458,"-0.15000 1.10000 4.90000, 9.25000 0.10000 -5.35000"
2644,0.0000,Tx-Rx,0,-103.4157,"-0.15000 1.10000 4.90000, 8.95000 0.10000 -5.35000"
2645,0.0000,Tx-Rx,0,-105.0564,"-0.15000 1.10000 4.90000, 8.65000 0.10000 -5.35000"
2646,0.0000,Tx-Rx,0,-98.7061,"-0.15000 1.10000 4.90000, 8.35000 0.10000 -5.35000"
2647,0.0000,Tx-Rx,0,-74.1625,"-0.15000 1.10000 4.90000, 8.05000 0.10000 -5.35000"
2648,0.0000,Tx-Rx,0,-68.9338,"-0.15000 1.10000 4.90000, 7.75000 0.10000 -5.35000"
2649,0.0000,Tx-Rx,0,-68.8858,"-0.15000 1.10000 4.90000, 7.45000 0.10000 -5.35000"
2650,0.0000,Tx-Rx,0,-68.6343,"-0.15000 1.10000 4.90000, 7.15000 0.10000 -5.35000"
2651,0.0000,Tx-Rx,0,-68.7582,"-0.15000 1.10000 4.90000, 6.85000 0.10000 -5.35000"
2652,0.0000,Tx-Rx,0,-68.1273,"-0.15000 1.10000 4.90000, 6.55000 0.10000 -5.35000"
2653,0.0000,Tx-Rx,0,-68.1687,"-0.15000 1.10000 4.90000, 6.25000 0.10000 -5.35000"
2654,0.0000,Tx-Rx,0,-68.0521,"-0.15000 1.10000 4.90000, 5.95000 0.10000 -5.35000"
2655,0.0000,Tx-Rx,0,-68.0680,"-0.15000 1.10000 4.90000, 5.65000 0.10000 -5.35000"
2656,0.0000,Tx-Rx,0,-69.1389,"-0.15000 1.10000 4.90000, 5.35000 0.10000 -5.35000"
2657,0.0000,Tx-Rx,0,-73.3797,"-0.15000 1.10000 4.90000, 5.05000 0.10000 -5.35000"
2658,0.0000,Tx-Rx,0,-75.7898,"-0.15000 1.10000 4.90000, 4.75000 0.10000 -5.35000"
2659,0.0000,Tx-Rx,0,-76.2597,"-0.15000 1.10000 4.90000, 4.45000 0.10000 -5.35000"
2660,0.0000,Tx-Rx,0,-75.8724,"-0.15000 1.10000 4.90000, 4.15000 0.10000 -5.35000"
2661,0.0000,Tx-Rx,0,-76.0645,"-0.15000 1.10000 4.90000, 3.85000 0.10000 -5.35000"
2662,0.0000,Tx-Rx,0,-75.5110,"-0.15000 1.10000 4.90000, 3.55000 0.10000 -5.35000"
2663,0.0000,Tx-Rx,0,-74.8014,"-0.15000 1.10000 4.90000, 3.25000 0.10000 -5.35000"
2664,0.0000,Tx-Rx,0,-75.9081,"-0.15000 1.10000 4.90000, 2.95000 0.10000 -5.35000"
2665,0.0000,Tx-Rx,0,-77.2154,"-0.15000 1.10000 4.90000, 2.65000 0.10000 -5.35000"
2666,0.0000,Tx-Rx,0,-77.4916,"-0.15000 1.10000 4.90000, 2.35000 0.10000 -5.35000"
2667,0.0000,Tx-Rx,0,-78.2142,"-0.15000 1.10000 4.90000, 2.05000 0.10000 -5.35000"
2668,0.0000,Tx-Rx,0,-81.9769,"-0.15000 1.10000 4.90000, 1.75000 0.10000 -5.35000"
2669,0.0000,Tx-Rx,0,-81.2725,"-0.15000 1.10000 4.90000, 1.45000 0.10000 -5.35000"
2670,0.0000,Tx-Rx,0,-81.8647,"-0.15000 1.10000 4.90000, 1.15000 0.10000 -5.35000"
2671,0.0000,Tx-Rx,0,-81.4547,"-0.15000 1.10000 4.90000, 0.85000 0.10000 -5.35000"
2672,0.0000,Tx-Rx,0,-84.2117,"-0.15000 1.10000 4.90000, 0.55000 0.10000 -5.35000"
2673,0.0000,Tx-Rx,0,-71.1388,"-0.15000 1.10000 4.90000, 0.25000 0.10000 -5.35000"
2674,0.0000,Tx-Rx,0,-68.2355,"-0.15000 1.10000 4.90000, -0.05000 0.10000 -5.35000"
2675,0.0000,Tx-Rx,0,-82.0046,"-0.15000 1.10000 4.90000, -0.35000 0.10000 -5.35000"
2676,0.0000,Tx-Rx,0,-79.9568,"-0.15000 1.10000 4.90000, -0.65000 0.10000 -5.35000"
2677,0.0000,Tx-Rx,0,-78.9530,"-0.15000 1.10000 4.90000, -0.95000 0.10000 -5.35000"
2678,0.0000,Tx-Rx,0,-80.5938,"-0.15000 1.10000 4.90000, -1.25000 0.10000 -5.35000"
2679,0.0000,Tx-Rx,0,-80.0143,"-0.15000 1.10000 4.90000, -1.55000 0.10000 -5.35000"
2680,0.0000,Tx-Rx,0,-80.5683,"-0.15000 1.10000 4.90000, -1.85000 0.10000 -5.35000"
2681,0.0000,Tx-Rx,0,-69.0979,"-0.15000 1.10000 4.90000, -2.15000 0.10000 -5.35000"
2682,0.0000,Tx-Rx,0,-59.3302,"-0.15000 1.10000 4.90000, -2.45000 0.10000 -5.35000"
2683,0.0000,Tx-Rx,0,-57.8340,"-0.15000 1.10000 4.90000, -2.75000 0.10000 -5.35000"
2684,0.0000,Tx-Rx,0,-57.2415,"-0.15000 1.10000 4.90000, -3.05000 0.10000 -5.35000"
2685,0.0000,Tx-Rx,0,-57.6976,"-0.15000 1.10000 4.90000, -3.35000 0.10000 -5.35000"
2686,0.0000,Tx-Rx,0,-72.0170,"-0.15000 1.10000 4.90000, -3.65000 0.10000 -5.35000"
2687,0.0000,Tx-Rx,0,-73.4179,"-0.15000 1.10000 4.90000, -3.95000 0.10000 -5.35000"
2688,0.0000,Tx-Rx,0,-80.3348,"-0.15000 1.10000 4.90000, -4.25000 0.10000 -5.35000"
2689,0.0000,Tx-Rx,0,-93.1193,"-0.15000 1.10000 4.90000, -4.55000 0.10000 -5.35000"
2690,0.0000,Tx-Rx,0,-90.8799,"-0.15000 1.10000 4.90000, -4.85000 0.10000 -5.35000"
2691,0.0000,Tx-Rx,0,-93.3634,"-0.15000 1.10000 4.90000, -5.15000 0.10000 -5.35000"
2692,0.0000,Tx-Rx,0,-96.1305,"-0.15000 1.10000 4.90000, -5.45000 0.10000 -5.35000"
2693,0.0000,Tx-Rx,0,-95.8137,"-0.15000 1.10000 4.90000, -5.75000 0.10000 -5.35000"
2694,0.0000,Tx-Rx,0,-105.3074,"-0.15000 1.10000 4.90000, -6.05000 0.10000 -5.35000"
2695,0.0000,Tx-Rx,0,-84.3819,"-0.15000 1.10000 4.90000, -6.35000 0.10000 -5.35000"
2696,0.0000,Tx-Rx,0,-81.3976,"-0.15000 1.10000 4.90000, -6.65000 0.10000 -5.35000"
2697,0.0000,Tx-Rx,0,-81.9836,"-0.15000 1.10000 4.90000, -6.95000 0.10000 -5.35000"
2698,0.0000,Tx-Rx,0,-80.5213,"-0.15000 1.10000 4.90000, -7.25000 0.10000 -5.35000"
2699,0.0000,Tx-Rx,0,-89.6793,"-0.15000 1.10000 4.90000, -7.55000 0.10000 -5.35000"
2700,0.0000,Tx-Rx,0,-112.2045,"-0.15000 1.10000 4.90000, -7.85000 0.10000 -5.35000"
2701,0.0000,Tx-Rx,0,-104.7530,"-0.15000 1.10000 4.90000, 9.85000 0.10000 -5.65000"
2702,0.0000,Tx-Rx,0,-103.4817,"-0.15000 1.10000 4.90000, 9.55000 0.10000 -5.65000"
2703,0.0000,Tx-Rx,0,-102.2455,"-0.15000 1.10000 4.90000, 9.25000 0.10000 -5.65000"
2704,0.0000,Tx-Rx,0,-101.0464,"-0.15000 1.10000 4.90000, 8.95000 0.10000 -5.65000"
2705,0.0000,Tx-Rx,0,-101.5780,"-0.15000 1.10000 4.90000, 8.65000 0.10000 -5.65000"
2706,0.0000,Tx-Rx,0,-95.8128,"-0.15000 1.10000 4.90000, 8.35000 0.10000 -5.65000"
2707,0.0000,Tx-Rx,0,-73.3400,"-0.15000 1.10000 4.90000, 8.05000 0.10000 -5.65000"
2708,0.0000,Tx-Rx,0,-68.2452,"-0.15000 1.10000 4.90000, 7.75000 0.10000 -5.65000"
2709,0.0000,Tx-Rx,0,-68.4200,"-0.15000 1.10000 4.90000, 7.45000 0.10000 -5.65000"
2710,0.0000,Tx-Rx,0,-68.4589,"-0.15000 1.10000 4.90000, 7.15000 0.10000 -5.65000"
2711,0.0000,Tx-Rx,0,-68.6235,"-0.15000 1.10000 4.90000, 6.85000 0.10000 -5.65000"
2712,0.0000,Tx-Rx,0,-68.3405,"-0.15000 1.10000 4.90000, 6.55000 0.10000 -5.65000"
2713,0.0000,Tx-Rx,0,-68.4651,"-0.15000 1.10000 4.90000, 6.25000 0.10000 -5.65000"
2714,0.0000,Tx-Rx,0,-68.6339,"-0.15000 1.10000 4.90000, 5.95000 0.10000 -5.65000"
2715,0.0000,Tx-Rx,0,-71.7081,"-0.15000 1.10000 4.90000, 5.65000 0.10000 -5.65000"
2716,0.0000,Tx-Rx,0,-75.3056,"-0.15000 1.10000 4.90000, 5.35000 0.10000 -5.65000"
2717,0.0000,Tx-Rx,0,-75.5442,"-0.15000 1.10000 4.90000, 5.05000 0.10000 -5.65000"
2718,0.0000,Tx-Rx,0,-76.2264,"-0.15000 1.10000 4.90000, 4.75000 0.10000 -5.65000"
2719,0.0000,Tx-Rx,0,-76.1386,"-0.15000 1.10000 4.90000, 4.45000 0.10000 -5.65000"
2720,0.0000,Tx-Rx,0,-76.0589,"-0.15000 1.10000 4.90000, 4.15000 0.10000 -5.65000"
2721,0.0000,Tx-Rx,0,-75.3951,"-0.15000 1.10000 4.90000, 3.85000 0.10000 -5.65000"
2722,0.0000,Tx-Rx,0,-75.8584,"-0.15000 1.10000 4.90000, 3.55000 0.10000 -5.65000"
2723,0.0000,Tx-Rx,0,-76.8822,"-0.15000 1.10000 4.90000, 3.25000 0.10000 -5.65000"
2724,0.0000,Tx-Rx,0,-77.9563,"-0.15000 1.10000 4.90000, 2.95000 0.10000 -5.65000"
2725,0.0000,Tx-Rx,0,-77.5760,"-0.15000 1.10000 4.90000, 2.65000 0.10000 -5.65000"
2726,0.0000,Tx-Rx,0,-77.9951,"-0.15000 1.10000 4.90000, 2.35000 0.10000 -5.65000"
2727,0.0000,Tx-Rx,0,-82.2880,"-0.15000 1.10000 4.90000, 2.05000 0.10000 -5.65000"
2728,0.0000,Tx-Rx,0,-83.2494,"-0.15000 1.10000 4.90000, 1.75000 0.10000 -5.65000"
2729,0.0000,Tx-Rx,0,-81.6975,"-0.15000 1.10000 4.90000, 1.45000 0.10000 -5.65000"
2730,0.0000,Tx-Rx,0,-83.7881,"-0.15000 1.10000 4.90000, 1.15000 0.10000 -5.65000"
2731,0.0000,Tx-Rx,0,-83.1528,"-0.15000 1.10000 4.90000, 0.85000 0.10000 -5.65000"
2732,0.0000,Tx-Rx,0,-83.9107,"-0.15000 1.10000 4.90000, 0.55000 0.10000 -5.65000"
2733,0.0000,Tx-Rx,0,-70.4336,"-0.15000 1.10000 4.90000, 0.25000 0.10000 -5.65000"
2734,0.0000,Tx-Rx,0,-68.6339,"-0.15000 1.10000 4.90000, -0.05000 0.10000 -5.65000"
2735,0.0000,Tx-Rx,0,-79.4758,"-0.15000 1.10000 4.90000, -0.35000 0.10000 -5.65000"
2736,0.0000,Tx-Rx,0,-80.4897,"-0.15000 1.10000 4.90000, -0.65000 0.10000 -5.65000"
2737,0.0000,Tx-Rx,0,-82.0235,"-0.15000 1.10000 4.90000, -0.95000 0.10000 -5.65000"
2738,0.0000,Tx-Rx,0,-79.8241,"-0.15000 1.10000 4.90000, -1.25000 0.10000 -5.65000"
2739,0.0000,Tx-Rx,0,-79.2419,"-0.15000 1.10000 4.90000, -1.55000 0.10000 -5.65000"
2740,0.0000,Tx-Rx,0,-80.2609,"-0.15000 1.10000 4.90000, -1.85000 0.10000 -5.65000"
2741,0.0000,Tx-Rx,0,-78.2745,"-0.15000 1.10000 4.90000, -2.15000 0.10000 -5.65000"
2742,0.0000,Tx-Rx,0,-59.8083,"-0.15000 1.10000 4.90000, -2.45000 0.10000 -5.65000"
2743,0.0000,Tx-Rx,0,-57.2179,"-0.15000 1.10000 4.90000, -2.75000 0.10000 -5.65000"
2744,0.0000,Tx-Rx,0,-57.3027,"-0.15000 1.10000 4.90000, -3.05000 0.10000 -5.65000"
2745,0.0000,Tx-Rx,0,-57.4948,"-0.15000 1.10000 4.90000, -3.35000 0.10000 -5.65000"
2746,0.0000,Tx-Rx,0,-65.9261,"-0.15000 1.10000 4.90000, -3.65000 0.10000 -5.65000"
2747,0.0000,Tx-Rx,0,-74.0366,"-0.15000 1.10000 4.90000, -3.95000 0.10000 -5.65000"
2748,0.0000,Tx-Rx,0,-83.7119,"-0.15000 1.10000 4.90000, -4.25000 0.10000 -5.65000"
2749,0.0000,Tx-Rx,0,-95.2193,"-0.15000 1.10000 4.90000, -4.55000 0.10000 -5.65000"
2750,0.0000,Tx-Rx,0,-97.5813,"-0.15000 1.10000 4.90000, -4.85000 0.10000 -5.65000"
2751,0.0000,Tx-Rx,0,-97.1864,"-0.15000 1.10000 4.90000, -5.15000 0.10000 -5.65000"
2752,0.0000,Tx-Rx,0,-92.1590,"-0.15000 1.10000 4.90000, -5.45000 0.10000 -5.65000"
2753,0.0000,Tx-Rx,0,-96.2010,"-0.15000 1.10000 4.90000, -5.75000 0.10000 -5.65000"
2754,0.0000,Tx-Rx,0,-99.7076,"-0.15000 1.10000 4.90000, -6.05000 0.10000 -5.65000"
2755,0.0000,Tx-Rx,0,-93.7623,"-0.15000 1.10000 4.90000, -6.35000 0.10000 -5.65000"
2756,0.0000,Tx-Rx,0,-82.7428,"-0.15000 1.10000 4.90000, -6.65000 0.10000 -5.65000"
2757,0.0000,Tx-Rx,0,-82.4654,"-0.15000 1.10000 4.90000, -6.95000 0.10000 -5.65000"
2758,0.0000,Tx-Rx,0,-81.9119,"-0.15000 1.10000 4.90000, -7.25000 0.10000 -5.65000"
2759,0.0000,Tx-Rx,0,-83.6131,"-0.15000 1.10000 4.90000, -7.55000 0.10000 -5.65000"
2760,0.0000,Tx-Rx,0,-102.1082,"-0.15000 1.10000 4.90000, -7.85000 0.10000 -5.65000"
2761,0.0000,Tx-Rx,0,-103.6829,"-0.15000 1.10000 4.90000, 9.85000 0.10000 -5.95000"
2762,0.0000,Tx-Rx,0,-98.1701,"-0.15000 1.10000 4.90000, 9.55000 0.10000 -5.95000"
2763,0.0000,Tx-Rx,0,-93.8413,"-0.15000 1.10000 4.90000, 9.25000 0.10000 -5.95000"
2764,0.0000,Tx-Rx,0,-94.4044,"-0.15000 1.10000 4.90000, 8.95000 0.10000 -5.95000"
2765,0.0000,Tx-Rx,0,-103.0198,"-0.15000 1.10000 4.90000, 8.65000 0.10000 -5.95000"
2766,0.0000,Tx-Rx,0,-95.7603,"-0.15000 1.10000 4.90000, 8.35000 0.10000 -5.95000"
2767,0.0000,Tx-Rx,0,-72.9364,"-0.15000 1.10000 4.90000, 8.05000 0.10000 -5.95000"
2768,0.0000,Tx-Rx,0,-68.2767,"-0.15000 1.10000 4.90000, 7.75000 0.10000 -5.95000"
2769,0.0000,Tx-Rx,0,-68.1607,"-0.15000 1.10000 4.90000, 7.45000 0.10000 -5.95000"
2770,0.0000,Tx-Rx,0,-68.1284,"-0.15000 1.10000 4.90000, 7.15000 0.10000 -5.95000"
2771,0.0000,Tx-Rx,0,-68.2602,"-0.15000 1.10000 4.90000, 6.85000 0.10000 -5.95000"
2772,0.0000,Tx-Rx,0,-68.4027,"-0.15000 1.10000 4.90000, 6.55000 0.10000 -5.95000"
2773,0.0000,Tx-Rx,0,-70.3218,"-0.15000 1.10000 4.90000, 6.25000 0.10000 -5.95000"
2774,0.0000,Tx-Rx,0,-74.4271,"-0.15000 1.10000 4.90000, 5.95000 0.10000 -5.95000"
2775,0.0000,Tx-Rx,0,-75.0660,"-0.15000 1.10000 4.90000, 5.65000 0.10000 -5.95000"
2776,0.0000,Tx-Rx,0,-75.5100,"-0.15000 1.10000 4.90000, 5.35000 0.10000 -5.95000"
2777,0.0000,Tx-Rx,0,-76.0713,"-0.15000 1.10000 4.90000, 5.05000 0.10000 -5.95000"
2778,0.0000,Tx-Rx,0,-76.3147,"-0.15000 1.10000 4.90000, 4.75000 0.10000 -5.95000"
2779,0.0000,Tx-Rx,0,-76.4703,"-0.15000 1.10000 4.90000, 4.45000 0.10000 -5.95000"
2780,0.0000,Tx-Rx,0,-76.4444,"-0.15000 1.10000 4.90000, 4.15000 0.10000 -5.95000"
2781,0.0000,Tx-Rx,0,-76.2495,"-0.15000 1.10000 4.90000, 3.85000 0.10000 -5.95000"
2782,0.0000,Tx-Rx,0,-77.6185,"-0.15000 1.10000 4.90000, 3.55000 0.10000 -5.95000"
2783,0.0000,Tx-Rx,0,-78.4184,"-0.15000 1.10000 4.90000, 3.25000 0.10000 -5.95000"
2784,0.0000,Tx-Rx,0,-78.4089,"-0.15000 1.10000 4.90000, 2.95000 0.10000 -5.95000"
2785,0.0000,Tx-Rx,0,-81.4977,"-0.15000 1.10000 4.90000, 2.65000 0.10000 -5.95000"
2786,0.0000,Tx-Rx,0,-83.1970,"-0.15000 1.10000 4.90000, 2.35000 0.10000 -5.95000"
2787,0.0000,Tx-Rx,0,-83.1765,"-0.15000 1.10000 4.90000, 2.05000 0.10000 -5.95000"
2788,0.0000,Tx-Rx,0,-82.5197,"-0.15000 1.10000 4.90000, 1.75000 0.10000 -5.95000"
2789,0.0000,Tx-Rx,0,-82.0961,"-0.15000 1.10000 4.90000, 1.45000 0.10000 -5.95000"
2790,0.0000,Tx-Rx,0,-82.6733,"-0.15000 1.10000 4.90000, 1.15000 0.10000 -5.95000"
2791,0.0000,Tx-Rx,0,-83.5912,"-0.15000 1.10000 4.90000, 0.85000 0.10000 -5.95000"
2792,0.0000,Tx-Rx,0,-83.8969,"-0.15000 1.10000 4.90000, 0.55000 0.10000 -5.95000"
2793,0.0000,Tx-Rx,0,-70.2181,"-0.15000 1.10000 4.90000, 0.25000 0.10000 -5.95000"
2794,0.0000,Tx-Rx,0,-68.9894,"-0.15000 1.10000 4.90000, -0.05000 0.10000 -5.95000"
2795,0.0000,Tx-Rx,0,-81.6712,"-0.15000 1.10000 4.90000, -0.35000 0.10000 -5.95000"
2796,0.0000,Tx-Rx,0,-80.7994,"-0.15000 1.10000 4.90000, -0.65000 0.10000 -5.95000"
2797,0.0000,Tx-Rx,0,-81.5080,"-0.15000 1.10000 4.90000, -0.95000 0.10000 -5.95000"
2798,0.0000,Tx-Rx,0,-81.0538,"-0.15000 1.10000 4.90000, -1.25000 0.10000 -5.95000"
2799,0.0000,Tx-Rx,0,-80.1266,"-0.15000 1.10000 4.90000, -1.55000 0.10000 -5.95000"
2800,0.0000,Tx-Rx,0,-80.1722,"-0.15000 1.10000 4.90000, -1.85000 0.10000 -5.95000"
2801,0.0000,Tx-Rx,0,-77.6059,"-0.15000 1.10000 4.90000, -2.15000 0.10000 -5.95000"
2802,0.0000,Tx-Rx,0,-61.3122,"-0.15000 1.10000 4.90000, -2.45000 0.10000 -5.95000"
2803,0.0000,Tx-Rx,0,-57.2383,"-0.15000 1.10000 4.90000, -2.75000 0.10000 -5.95000"
2804,0.0000,Tx-Rx,0,-57.3576,"-0.15000 1.10000 4.90000, -3.05000 0.10000 -5.95000"
2805,0.0000,Tx-Rx,0,-58.8048,"-0.15000 1.10000 4.90000, -3.35000 0.10000 -5.95000"
2806,0.0000,Tx-Rx,0,-62.1697,"-0.15000 1.10000 4.90000, -3.65000 0.10000 -5.95000"
2807,0.0000,Tx-Rx,0,-76.4545,"-0.15000 1.10000 4.90000, -3.95000 0.10000 -5.95000"
2808,0.0000,Tx-Rx,0,-85.1432,"-0.15000 1.10000 4.90000, -4.25000 0.10000 -5.95000"
2809,0.0000,Tx-Rx,0,-92.5946,"-0.15000 1.10000 4.90000, -4.55000 0.10000 -5.95000"
2810,0.0000,Tx-Rx,0,-94.3906,"-0.15000 1.10000 4.90000, -4.85000 0.10000 -5.95000"
2811,0.0000,Tx-Rx,0,-97.0358,"-0.15000 1.10000 4.90000, -5.15000 0.10000 -5.95000"
2812,0.0000,Tx-Rx,0,-96.3425,"-0.15000 1.10000 4.90000, -5.45000 0.10000 -5.95000"
2813,0.0000,Tx-Rx,0,-96.4670,"-0.15000 1.10000 4.90000, -5.75000 0.10000 -5.95000"
2814,0.0000,Tx-Rx,0,-100.7489,"-0.15000 1.10000 4.90000, -6.05000 0.10000 -5.95000"
2815,0.0000,Tx-Rx,0,-99.3693,"-0.15000 1.10000 4.90000, -6.35000 0.10000 -5.95000"
2816,0.0000,Tx-Rx,0,-84.2856,"-0.15000 1.10000 4.90000, -6.65000 0.10000 -5.95000"
2817,0.0000,Tx-Rx,0,-82.3489,"-0.15000 1.10000 4.90000, -6.95000 0.10000 -5.95000"
2818,0.0000,Tx-Rx,0,-83.7527,"-0.15000 1.10000 4.90000, -7.25000 0.10000 -5.95000"
2819,0.0000,Tx-Rx,0,-82.5017,"-0.15000 1.10000 4.90000, -7.55000 0.10000 -5.95000"
2820,0.0000,Tx-Rx,0,-95.3843,"-0.15000 1.10000 4.90000, -7.85000 0.10000 -5.95000"
2821,0.0000,Tx-Rx,0,-96.7308,"-0.15000 1.10000 4.90000, 9.85000 0.10000 -6.25000"
2822,0.0000,Tx-Rx,0,-93.4012,"-0.15000 1.10000 4.90000, 9.55000 0.10000 -6.25000"
2823,0.0000,Tx-Rx,0,-91.2982,"-0.15000 1.10000 4.90000, 9.25000 0.10000 -6.25000"
2824,0.0000,Tx-Rx,0,-93.9640,"-0.15000 1.10000 4.90000, 8.95000 0.10000 -6.25000"
2825,0.0000,Tx-Rx,0,-93.8944,"-0.15000 1.10000 4.90000, 8.65000 0.10000 -6.25000"
2826,0.0000,Tx-Rx,0,-95.3431,"-0.15000 1.10000 4.90000, 8.35000 0.10000 -6.25000"
2827,0.0000,Tx-Rx,0,-73.0193,"-0.15000 1.10000 4.90000, 8.05000 0.10000 -6.25000"
2828,0.0000,Tx-Rx,0,-68.0432,"-0.15000 1.10000 4.90000, 7.75000 0.10000 -6.25000"
2829,0.0000,Tx-Rx,0,-68.1222,"-0.15000 1.10000 4.90000, 7.45000 0.10000 -6.25000"
2830,0.0000,Tx-Rx,0,-68.1159,"-0.15000 1.10000 4.90000, 7.15000 0.10000 -6.25000"
2831,0.0000,Tx-Rx,0,-68.8624,"-0.15000 1.10000 4.90000, 6.85000 0.10000 -6.25000"
2832,0.0000,Tx-Rx,0,-71.9738,"-0.15000 1.10000 4.90000, 6.55000 0.10000 -6.25000"
2833,0.0000,Tx-Rx,0,-73.9434,"-0.15000 1.10000 4.90000, 6.25000 0.10000 -6.25000"
2834,0.0000,Tx-Rx,0,-74.8843,"-0.15000 1.10000 4.90000, 5.95000 0.10000 -6.25000"
2835,0.0000,Tx-Rx,0,-75.0788,"-0.15000 1.10000 4.90000, 5.65000 0.10000 -6.25000"
2836,0.0000,Tx-Rx,0,-76.6504,"-0.15000 1.10000 4.90000, 5.35000 0.10000 -6.25000"
2837,0.0000,Tx-Rx,0,-76.4155,"-0.15000 1.10000 4.90000, 5.05000 0.10000 -6.25000"
2838,0.0000,Tx-Rx,0,-76.5501,"-0.15000 1.10000 4.90000, 4.75000 0.10000 -6.25000"
2839,0.0000,Tx-Rx,0,-77.6654,"-0.15000 1.10000 4.90000, 4.45000 0.10000 -6.25000"
2840,0.0000,Tx-Rx,0,-77.8694,"-0.15000 1.10000 4.90000, 4.15000 0.10000 -6.25000"
2841,0.0000,Tx-Rx,0,-76.7728,"-0.15000 1.10000 4.90000, 3.85000 0.10000 -6.25000"
2842,0.0000,Tx-Rx,0,-77.7554,"-0.15000 1.10000 4.90000, 3.55000 0.10000 -6.25000"
2843,0.0000,Tx-Rx,0,-79.7385,"-0.15000 1.10000 4.90000, 3.25000 0.10000 -6.25000"
2844,0.0000,Tx-Rx,0,-81.5136,"-0.15000 1.10000 4.90000, 2.95000 0.10000 -6.25000"
2845,0.0000,Tx-Rx,0,-83.7859,"-0.15000 1.10000 4.90000, 2.65000 0.10000 -6.25000"
2846,0.0000,Tx-Rx,0,-84.1738,"-0.15000 1.10000 4.90000, 2.35000 0.10000 -6.25000"
2847,0.0000,Tx-Rx,0,-83.6876,"-0.15000 1.10000 4.90000, 2.05000 0.10000 -6.25000"
2848,0.0000,Tx-Rx,0,-82.6441,"-0.15000 1.10000 4.90000, 1.75000 0.10000 -6.25000"
2849,0.0000,Tx-Rx,0,-81.7046,"-0.15000 1.10000 4.90000, 1.45000 0.10000 -6.25000"
2850,0.0000,Tx-Rx,0,-82.4033,"-0.15000 1.10000 4.90000, 1.15000 0.10000 -6.25000"
2851,0.0000,Tx-Rx,0,-83.1357,"-0.15000 1.10000 4.90000, 0.85000 0.10000 -6.25000"
2852,0.0000,Tx-Rx,0,-83.2171,"-0.15000 1.10000 4.90000, 0.55000 0.10000 -6.25000"
2853,0.0000,Tx-Rx,0,-69.3371,"-0.15000 1.10000 4.90000, 0.25000 0.10000 -6.25000"
2854,0.0000,Tx-Rx,0,-69.8124,"-0.15000 1.10000 4.90000, -0.05000 0.10000 -6.25000"
2855,0.0000,Tx-Rx,0,-81.8896,"-0.15000 1.10000 4.90000, -0.35000 0.10000 -6.25000"
2856,0.0000,Tx-Rx,0,-80.9031,"-0.15000 1.10000 4.90000, -0.65000 0.10000 -6.25000"
2857,0.0000,Tx-Rx,0,-80.0403,"-0.15000 1.10000 4.90000, -0.95000 0.10000 -6.25000"
2858,0.0000,Tx-Rx,0,-81.1640,"-0.15000 1.10000 4.90000, -1.25000 0.10000 -6.25000"
2859,0.0000,Tx-Rx,0,-81.4994,"-0.15000 1.10000 4.90000, -1.55000 0.10000 -6.25000"
2860,0.0000,Tx-Rx,0,-81.9327,"-0.15000 1.10000 4.90000, -1.85000 0.10000 -6.25000"
2861,0.0000,Tx-Rx,0,-79.4058,"-0.15000 1.10000 4.90000, -2.15000 0.10000 -6.25000"
2862,0.0000,Tx-Rx,0,-64.8711,"-0.15000 1.10000 4.90000, -2.45000 0.10000 -6.25000"
2863,0.0000,Tx-Rx,0,-61.1370,"-0.15000 1.10000 4.90000, -2.75000 0.10000 -6.25000"
2864,0.0000,Tx-Rx,0,-60.8508,"-0.15000 1.10000 4.90000, -3.05000 0.10000 -6.25000"
2865,0.0000,Tx-Rx,0,-60.3853,"-0.15000 1.10000 4.90000, -3.35000 0.10000 -6.25000"
2866,0.0000,Tx-Rx,0,-61.1511,"-0.15000 1.10000 4.90000, -3.65000 0.10000 -6.25000"
2867,0.0000,Tx-Rx,0,-76.0596,"-0.15000 1.10000 4.90000, -3.95000 0.10000 -6.25000"
2868,0.0000,Tx-Rx,0,-85.4993,"-0.15000 1.10000 4.90000, -4.25000 0.10000 -6.25000"
2869,0.0000,Tx-Rx,0,-90.0109,"-0.15000 1.10000 4.90000, -4.55000 0.10000 -6.25000"
2870,0.0000,Tx-Rx,0,-96.0156,"-0.15000 1.10000 4.90000, -4.85000 0.10000 -6.25000"
2871,0.0000,Tx-Rx,0,-96.7999,"-0.15000 1.10000 4.90000, -5.15000 0.10000 -6.25000"
2872,0.0000,Tx-Rx,0,-96.7740,"-0.15000 1.10000 4.90000, -5.45000 0.10000 -6.25000"
2873,0.0000,Tx-Rx,0,-97.2244,"-0.15000 1.10000 4.90000, -5.75000 0.10000 -6.25000"
2874,0.0000,Tx-Rx,0,-96.9848,"-0.15000 1.10000 4.90000, -6.05000 0.10000 -6.25000"
2875,0.0000,Tx-Rx,0,-97.3756,"-0.15000 1.10000 4.90000, -6.35000 0.10000 -6.25000"
2876,0.0000,Tx-Rx,0,-96.4256,"-0.15000 1.10000 4.90000, -6.65000 0.10000 -6.25000"
2877,0.0000,Tx-Rx,0,-84.9919,"-0.15000 1.10000 4.90000, -6.95000 0.10000 -6.25000"
2878,0.0000,Tx-Rx,0,-80.7807,"-0.15000 1.10000 4.90000, -7.25000 0.10000 -6.25000"
2879,0.0000,Tx-Rx,0,-88.5968,"-0.15000 1.10000 4.90000, -7.55000 0.10000 -6.25000"
2880,0.0000,Tx-Rx,0,-94.0714,"-0.15000 1.10000 4.90000, -7.85000 0.10000 -6.25000"
2881,0.0000,Tx-Rx,0,-101.3201,"-0.15000 1.10000 4.90000, 9.85000 0.10000 -6.55000"
2882,0.0000,Tx-Rx,0,-95.5583,"-0.15000 1.10000 4.90000, 9.55000 0.10000 -6.55000"
2883,0.0000,Tx-Rx,0,-104.8000,"-0.15000 1.10000 4.90000, 9.25000 0.10000 -6.55000"
2884,0.0000,Tx-Rx,0,-103.9101,"-0.15000 1.10000 4.90000, 8.95000 0.10000 -6.55000"
2885,0.0000,Tx-Rx,0,-94.0681,"-0.15000 1.10000 4.90000, 8.65000 0.10000 -6.55000"
2886,0.0000,Tx-Rx,0,-94.4940,"-0.15000 1.10000 4.90000, 8.35000 0.10000 -6.55000"
2887,0.0000,Tx-Rx,0,-73.0990,"-0.15000 1.10000 4.90000, 8.05000 0.10000 -6.55000"
2888,0.0000,Tx-Rx,0,-68.1169,"-0.15000 1.10000 4.90000, 7.75000 0.10000 -6.55000"
2889,0.0000,Tx-Rx,0,-68.4067,"-0.15000 1.10000 4.90000, 7.45000 0.10000 -6.55000"
2890,0.0000,Tx-Rx,0,-70.3711,"-0.15000 1.10000 4.90000, 7.15000 0.10000 -6.55000"
2891,0.0000,Tx-Rx,0,-72.8075,"-0.15000 1.10000 4.90000, 6.85000 0.10000 -6.55000"
2892,0.0000,Tx-Rx,0,-73.1955,"-0.15000 1.10000 4.90000, 6.55000 0.10000 -6.55000"
2893,0.0000,Tx-Rx,0,-73.4093,"-0.15000 1.10000 4.90000, 6.25000 0.10000 -6.55000"
2894,0.0000,Tx-Rx,0,-73.7737,"-0.15000 1.10000 4.90000, 5.95000 0.10000 -6.55000"
2895,0.0000,Tx-Rx,0,-74.6689,"-0.15000 1.10000 4.90000, 5.65000 0.10000 -6.55000"
2896,0.0000,Tx-Rx,0,-76.3634,"-0.15000 1.10000 4.90000, 5.35000 0.10000 -6.55000"
2897,0.0000,Tx-Rx,0,-76.6484,"-0.15000 1.10000 4.90000, 5.05000 0.10000 -6.55000"
2898,0.0000,Tx-Rx,0,-76.7077,"-0.15000 1.10000 4.90000, 4.75000 0.10000 -6.55000"
2899,0.0000,Tx-Rx,0,-77.2938,"-0.15000 1.10000 4.90000, 4.45000 0.10000 -6.55000"
2900,0.0000,Tx-Rx,0,-80.3398,"-0.15000 1.10000 4.90000, 4.15000 0.10000 -6.55000"
2901,0.0000,Tx-Rx,0,-79.7208,"-0.15000 1.10000 4.90000, 3.85000 0.10000 -6.55000"
2902,0.0000,Tx-Rx,0,-79.8487,"-0.15000 1.10000 4.90000, 3.55000 0.10000 -6.55000"
2903,0.0000,Tx-Rx,0,-81.4721,"-0.15000 1.10000 4.90000, 3.25000 0.10000 -6.55000"
2904,0.0000,Tx-Rx,0,-83.2147,"-0.15000 1.10000 4.90000, 2.95000 0.10000 -6.55000"
2905,0.0000,Tx-Rx,0,-84.1165,"-0.15000 1.10000 4.90000, 2.65000 0.10000 -6.55000"
2906,0.0000,Tx-Rx,0,-83.9898,"-0.15000 1.10000 4.90000, 2.35000 0.10000 -6.55000"
2907,0.0000,Tx-Rx,0,-84.9495,"-0.15000 1.10000 4.90000, 2.05000 0.10000 -6.55000"
2908,0.0000,Tx-Rx,0,-82.3746,"-0.15000 1.10000 4.90000, 1.75000 0.10000 -6.55000"
2909,0.0000,Tx-Rx,0,-82.4115,"-0.15000 1.10000 4.90000, 1.45000 0.10000 -6.55000"
2910,0.0000,Tx-Rx,0,-82.8237,"-0.15000 1.10000 4.90000, 1.15000 0.10000 -6.55000"
2911,0.0000,Tx-Rx,0,-83.7578,"-0.15000 1.10000 4.90000, 0.85000 0.10000 -6.55000"
2912,0.0000,Tx-Rx,0,-84.4605,"-0.15000 1.10000 4.90000, 0.55000 0.10000 -6.55000"
2913,0.0000,Tx-Rx,0,-69.3409,"-0.15000 1.10000 4.90000, 0.25000 0.10000 -6.55000"
2914,0.0000,Tx-Rx,0,-69.8843,"-0.15000 1.10000 4.90000, -0.05000 0.10000 -6.55000"
2915,0.0000,Tx-Rx,0,-83.2181,"-0.15000 1.10000 4.90000, -0.35000 0.10000 -6.55000"
2916,0.0000,Tx-Rx,0,-80.8860,"-0.15000 1.10000 4.90000, -0.65000 0.10000 -6.55000"
2917,0.0000,Tx-Rx,0,-82.0398,"-0.15000 1.10000 4.90000, -0.95000 0.10000 -6.55000"
2918,0.0000,Tx-Rx,0,-82.1991,"-0.15000 1.10000 4.90000, -1.25000 0.10000 -6.55000"
2919,0.0000,Tx-Rx,0,-81.2000,"-0.15000 1.10000 4.90000, -1.55000 0.10000 -6.55000"
2920,0.0000,Tx-Rx,0,-80.5744,"-0.15000 1.10000 4.90000, -1.85000 0.10000 -6.55000"
2921,0.0000,Tx-Rx,0,-78.9433,"-0.15000 1.10000 4.90000, -2.15000 0.10000 -6.55000"
2922,0.0000,Tx-Rx,0,-80.0640,"-0.15000 1.10000 4.90000, -2.45000 0.10000 -6.55000"
2923,0.0000,Tx-Rx,0,-120.0000,"-0.15000 1.10000 4.90000, -2.75000 0.10000 -6.55000"
2924,0.0000,Tx-Rx,0,-120.0000,"-0.15000 1.10000 4.90000, -3.05000 0.10000 -6.55000"
2925,0.0000,Tx-Rx,0,-63.4867,"-0.15000 1.10000 4.90000, -3.35000 0.10000 -6.55000"
2926,0.0000,Tx-Rx,0,-68.1406,"-0.15000 1.10000 4.90000, -3.65000 0.10000 -6.55000"
2927,0.0000,Tx-Rx,0,-76.5180,"-0.15000 1.10000 4.90000, -3.95000 0.10000 -6.55000"
2928,0.0000,Tx-Rx,0,-91.1493,"-0.15000 1.10000 4.90000, -4.25000 0.10000 -6.55000"
2929,0.0000,Tx-Rx,0,-95.2563,"-0.15000 1.10000 4.90000, -4.55000 0.10000 -6.55000"
2930,0.0000,Tx-Rx,0,-109.8275,"-0.15000 1.10000 4.90000, -4.85000 0.10000 -6.55000"
2931,0.0000,Tx-Rx,0,-107.8176,"-0.15000 1.10000 4.90000, -5.15000 0.10000 -6.55000"
2932,0.0000,Tx-Rx,0,-100.4820,"-0.15000 1.10000 4.90000, -5.45000 0.10000 -6.55000"
2933,0.0000,Tx-Rx,0,-110.9145,"-0.15000 1.10000 4.90000, -5.75000 0.10000 -6.55000"
2934,0.0000,Tx-Rx,0,-109.7564,"-0.15000 1.10000 4.90000, -6.05000 0.10000 -6.55000"
2935,0.0000,Tx-Rx,0,-106.7432,"-0.15000 1.10000 4.90000, -6.35000 0.10000 -6.55000"
2936,0.0000,Tx-Rx,0,-105.7203,"-0.15000 1.10000 4.90000, -6.65000 0.10000 -6.55000"
2937,0.0000,Tx-Rx,0,-95.0503,"-0.15000 1.10000 4.90000, -6.95000 0.10000 -6.55000"
2938,0.0000,Tx-Rx,0,-89.2272,"-0.15000 1.10000 4.90000, -7.25000 0.10000 -6.55000"
2939,0.0000,Tx-Rx,0,-90.9139,"-0.15000 1.10000 4.90000, -7.55000 0.10000 -6.55000"
2940,0.0000,Tx-Rx,0,-91.6036,"-0.15000 1.10000 4.90000, -7.85000 0.10000 -6.55000"
2941,0.0000,Tx-Rx,0,-93.7555,"-0.15000 1.10000 4.90000, 9.85000 0.10000 -6.85000"
2942,0.0000,Tx-Rx,0,-95.6955,"-0.15000 1.10000 4.90000, 9.55000 0.10000 -6.85000"
2943,0.0000,Tx-Rx,0,-97.5927,"-0.15000 1.10000 4.90000, 9.25000 0.10000 -6.85000"
2944,0.0000,Tx-Rx,0,-94.1635,"-0.15000 1.10000 4.90000, 8.95000 0.10000 -6.85000"
2945,0.0000,Tx-Rx,0,-97.8326,"-0.15000 1.10000 4.90000, 8.65000 0.10000 -6.85000"
2946,0.0000,Tx-Rx,0,-100.7158,"-0.15000 1.10000 4.90000, 8.35000 0.10000 -6.85000"
2947,0.0000,Tx-Rx,0,-72.8918,"-0.15000 1.10000 4.90000, 8.05000 0.10000 -6.85000"
2948,0.0000,Tx-Rx,0,-69.3860,"-0.15000 1.10000 4.90000, 7.75000 0.10000 -6.85000"
2949,0.0000,Tx-Rx,0,-72.1439,"-0.15000 1.10000 4.90000, 7.45000 0.10000 -6.85000"
2950,0.0000,Tx-Rx,0,-72.9538,"-0.15000 1.10000 4.90000, 7.15000 0.10000 -6.85000"
2951,0.0000,Tx-Rx,0,-72.9503,"-0.15000 1.10000 4.90000, 6.85000 0.10000 -6.85000"
2952,0.0000,Tx-Rx,0,-73.4249,"-0.15000 1.10000 4.90000, 6.55000 0.10000 -6.85000"
2953,0.0000,Tx-Rx,0,-73.5915,"-0.15000 1.10000 4.90000, 6.25000 0.10000 -6.85000"
2954,0.0000,Tx-Rx,0,-74.2678,"-0.15000 1.10000 4.90000, 5.95000 0.10000 -6.85000"
2955,0.0000,Tx-Rx,0,-74.2213,"-0.15000 1.10000 4.90000, 5.65000 0.10000 -6.85000"
2956,0.0000,Tx-Rx,0,-74.2315,"-0.15000 1.10000 4.90000, 5.35000 0.10000 -6.85000"
2957,0.0000,Tx-Rx,0,-75.0643,"-0.15000 1.10000 4.90000, 5.05000 0.10000 -6.85000"
2958,0.0000,Tx-Rx,0,-76.7377,"-0.15000 1.10000 4.90000, 4.75000 0.10000 -6.85000"
2959,0.0000,Tx-Rx,0,-79.2393,"-0.15000 1.10000 4.90000, 4.45000 0.10000 -6.85000"
2960,0.0000,Tx-Rx,0,-80.0777,"-0.15000 1.10000 4.90000, 4.15000 0.10000 -6.85000"
2961,0.0000,Tx-Rx,0,-80.1580,"-0.15000 1.10000 4.90000, 3.85000 0.10000 -6.85000"
2962,0.0000,Tx-Rx,0,-82.5909,"-0.15000 1.10000 4.90000, 3.55000 0.10000 -6.85000"
2963,0.0000,Tx-Rx,0,-84.1288,"-0.15000 1.10000 4.90000, 3.25000 0.10000 -6.85000"
2964,0.0000,Tx-Rx,0,-84.2324,"-0.15000 1.10000 4.90000, 2.95000 0.10000 -6.85000"
2965,0.0000,Tx-Rx,0,-84.2444,"-0.15000 1.10000 4.90000, 2.65000 0.10000 -6.85000"
2966,0.0000,Tx-Rx,0,-83.9405,"-0.15000 1.10000 4.90000, 2.35000 0.10000 -6.85000"
2967,0.0000,Tx-Rx,0,-83.5225,"-0.15000 1.10000 4.90000, 2.05000 0.10000 -6.85000"
2968,0.0000,Tx-Rx,0,-82.8959,"-0.15000 1.10000 4.90000, 1.75000 0.10000 -6.85000"
2969,0.0000,Tx-Rx,0,-82.3900,"-0.15000 1.10000 4.90000, 1.45000 0.10000 -6.85000"
2970,0.0000,Tx-Rx,0,-83.2806,"-0.15000 1.10000 4.90000, 1.15000 0.10000 -6.85000"
2971,0.0000,Tx-Rx,0,-82.0381,"-0.15000 1.10000 4.90000, 0.85000 0.10000 -6.85000"
2972,0.0000,Tx-Rx,0,-84.2217,"-0.15000 1.10000 4.90000, 0.55000 0.10000 -6.85000"
2973,0.0000,Tx-Rx,0,-68.9360,"-0.15000 1.10000 4.90000, 0.25000 0.10000 -6.85000"
2974,0.0000,Tx-Rx,0,-70.3835,"-0.15000 1.10000 4.90000, -0.05000 0.10000 -6.85000"
2975,0.0000,Tx-Rx,0,-81.1846,"-0.15000 1.10000 4.90000, -0.35000 0.10000 -6.85000"
2976,0.0000,Tx-Rx,0,-82.5227,"-0.15000 1.10000 4.90000, -0.65000 0.10000 -6.85000"
2977,0.0000,Tx-Rx,0,-82.4054,"-0.15000 1.10000 4.90000, -0.95000 0.10000 -6.85000"
2978,0.0000,Tx-Rx,0,-81.4573,"-0.15000 1.10000 4.90000, -1.25000 0.10000 -6.85000"
2979,0.0000,Tx-Rx,0,-80.5835,"-0.15000 1.10000 4.90000, -1.55000 0.10000 -6.85000"
2980,0.0000,Tx-Rx,0,-79.8876,"-0.15000 1.10000 4.90000, -1.85000 0.10000 -6.85000"
2981,0.0000,Tx-Rx,0,-80.3551,"-0.15000 1.10000 4.90000, -2.15000 0.10000 -6.85000"
2982,0.0000,Tx-Rx,0,-80.4323,"-0.15000 1.10000 4.90000, -2.45000 0.10000 -6.85000"
2983,0.0000,Tx-Rx,0,-120.0000,"-0.15000 1.10000 4.90000, -2.75000 0.10000 -6.85000"
2984,0.0000,Tx-Rx,0,-120.0000,"-0.15000 1.10000 4.90000, -3.05000 0.10000 -6.85000"
2985,0.0000,Tx-Rx,0,-65.8488,"-0.15000 1.10000 4.90000, -3.35000 0.10000 -6.85000"
2986,0.0000,Tx-Rx,0,-69.7940,"-0.15000 1.10000 4.90000, -3.65000 0.10000 -6.85000"
2987,0.0000,Tx-Rx,0,-72.7736,"-0.15000 1.10000 4.90000, -3.95000 0.10000 -6.85000"
2988,0.0000,Tx-Rx,0,-96.6284,"-0.15000 1.10000 4.90000, -4.25000 0.10000 -6.85000"
2989,0.0000,Tx-Rx,0,-98.2711,"-0.15000 1.10000 4.90000, -4.55000 0.10000 -6.85000"
2990,0.0000,Tx-Rx,0,-106.4143,"-0.15000 1.10000 4.90000, -4.85000 0.10000 -6.85000"
2991,0.0000,Tx-Rx,0,-114.2826,"-0.15000 1.10000 4.90000, -5.15000 0.10000 -6.85000"
2992,0.0000,Tx-Rx,0,-112.4938,"-0.15000 1.10000 4.90000, -5.45000 0.10000 -6.85000"
2993,0.0000,Tx-Rx,0,-118.8801,"-0.15000 1.10000 4.90000, -5.75000 0.10000 -6.85000"
2994,0.0000,Tx-Rx,0,-111.3184,"-0.15000 1.10000 4.90000, -6.05000 0.10000 -6.85000"
2995,0.0000,Tx-Rx,0,-113.0201,"-0.15000 1.10000 4.90000, -6.35000 0.10000 -6.85000"
2996,0.0000,Tx-Rx,0,-113.3654,"-0.15000 1.10000 4.90000, -6.65000 0.10000 -6.85000"
2997,0.0000,Tx-Rx,0,-95.5028,"-0.15000 1.10000 4.90000, -6.95000 0.10000 -6.85000"
2998,0.0000,Tx-Rx,0,-93.3377,"-0.15000 1.10000 4.90000, -7.25000 0.10000 -6.85000"
2999,0.0000,Tx-Rx,0,-91.8471,"-0.15000 1.10000 4.90000, -7.55000 0.10000 -6.85000"
3000,0.0000,Tx-Rx,0,-93.7873,"-0.15000 1.10000 4.90000, -7.85000 0.10000 -6.85000"
