Rx_Number,Path_Power_dBm,Interaction_Description,Total_Interactions_for_Path,RSS_dBm,Interaction_Coordinates
1,0.0000,Tx-Rx,0,-120.0000,"-0.15000 1.10000 4.90000, 9.85000 0.10000 7.85000"
2,0.0000,Tx-Rx,0,-120.0000,"-0.15000 1.10000 4.90000, 9.55000 0.10000 7.85000"
3,0.0000,Tx-Rx,0,-120.0000,"-0.15000 1.10000 4.90000, 9.25000 0.10000 7.85000"
4,0.0000,Tx-Rx,0,-120.0000,"-0.15000 1.10000 4.90000, 8.95000 0.10000 7.85000"
5,0.0000,Tx-Rx,0,-120.0000,"-0.15000 1.10000 4.90000, 8.65000 0.10000 7.85000"
6,0.0000,Tx-Rx,0,-120.0000,"-0.15000 1.10000 4.90000, 8.35000 0.10000 7.85000"
7,0.0000,Tx-Rx,0,-115.9436,"-0.15000 1.10000 4.90000, 8.05000 0.10000 7.85000"
8,0.0000,Tx-Rx,0,-111.3560,"-0.15000 1.10000 4.90000, 7.75000 0.10000 7.85000"
9,0.0000,Tx-Rx,0,-95.5580,"-0.15000 1.10000 4.90000, 7.45000 0.10000 7.85000"
10,0.0000,Tx-Rx,0,-94.2753,"-0.15000 1.10000 4.90000, 7.15000 0.10000 7.85000"
11,0.0000,Tx-Rx,0,-89.1664,"-0.15000 1.10000 4.90000, 6.85000 0.10000 7.85000"
12,0.0000,Tx-Rx,0,-84.3698,"-0.15000 1.10000 4.90000, 6.55000 0.10000 7.85000"
13,0.0000,Tx-Rx,0,-80.8025,"-0.15000 1.10000 4.90000, 6.25000 0.10000 7.85000"
14,0.0000,Tx-Rx,0,-76.9127,"-0.15000 1.10000 4.90000, 5.95000 0.10000 7.85000"
15,0.0000,Tx-Rx,0,-75.5264,"-0.15000 1.10000 4.90000, 5.65000 0.10000 7.85000"
16,0.0000,Tx-Rx,0,-75.3065,"-0.15000 1.10000 4.90000, 5.35000 0.10000 7.85000"
17,0.0000,Tx-Rx,0,-75.2166,"-0.15000 1.10000 4.90000, 5.05000 0.10000 7.85000"
18,0.0000,Tx-Rx,0,-74.3249,"-0.15000 1.10000 4.90000, 4.75000 0.10000 7.85000"
19,0.0000,Tx-Rx,0,-74.7980,"-0.15000 1.10000 4.90000, 4.45000 0.10000 7.85000"
20,0.0000,Tx-Rx,0,-74.4663,"-0.15000 1.10000 4.90000, 4.15000 0.10000 7.85000"
21,0.0000,Tx-Rx,0,-73.9506,"-0.15000 1.10000 4.90000, 3.85000 0.10000 7.85000"
22,0.0000,Tx-Rx,0,-73.9995,"-0.15000 1.10000 4.90000, 3.55000 0.10000 7.85000"
23,0.0000,Tx-Rx,0,-74.2633,"-0.15000 1.10000 4.90000, 3.25000 0.10000 7.85000"
24,0.0000,Tx-Rx,0,-73.9420,"-0.15000 1.10000 4.90000, 2.95000 0.10000 7.85000"
25,0.0000,Tx-Rx,0,-73.3281,"-0.15000 1.10000 4.90000, 2.65000 0.10000 7.85000"
26,0.0000,Tx-Rx,0,-74.0521,"-0.15000 1.10000 4.90000, 2.35000 0.10000 7.85000"
27,0.0000,Tx-Rx,0,-75.5009,"-0.15000 1.10000 4.90000, 2.05000 0.10000 7.85000"
28,0.0000,Tx-Rx,0,-74.6593,"-0.15000 1.10000 4.90000, 1.75000 0.10000 7.85000"
29,0.0000,Tx-Rx,0,-79.6586,"-0.15000 1.10000 4.90000, 1.45000 0.10000 7.85000"
30,0.0000,Tx-Rx,0,-78.6314,"-0.15000 1.10000 4.90000, 1.15000 0.10000 7.85000"
31,0.0000,Tx-Rx,0,-82.6396,"-0.15000 1.10000 4.90000, 0.85000 0.10000 7.85000"
32,0.0000,Tx-Rx,0,-78.3970,"-0.15000 1.10000 4.90000, 0.55000 0.10000 7.85000"
33,0.0000,Tx-Rx,0,-77.5980,"-0.15000 1.10000 4.90000, 0.25000 0.10000 7.85000"
34,0.0000,Tx-Rx,0,-52.6556,"-0.15000 1.10000 4.90000, -0.05000 0.10000 7.85000"
35,0.0000,Tx-Rx,0,-51.7259,"-0.15000 1.10000 4.90000, -0.35000 0.10000 7.85000"
36,0.0000,Tx-Rx,0,-53.4444,"-0.15000 1.10000 4.90000, -0.65000 0.10000 7.85000"
37,0.0000,Tx-Rx,0,-55.2994,"-0.15000 1.10000 4.90000, -0.95000 0.10000 7.85000"
38,0.0000,Tx-Rx,0,-55.8896,"-0.15000 1.10000 4.90000, -1.25000 0.10000 7.85000"
39,0.0000,Tx-Rx,0,-57.4344,"-0.15000 1.10000 4.90000, -1.55000 0.10000 7.85000"
40,0.0000,Tx-Rx,0,-60.0965,"-0.15000 1.10000 4.90000, -1.85000 0.10000 7.85000"
41,0.0000,Tx-Rx,0,-68.6952,"-0.15000 1.10000 4.90000, -2.15000 0.10000 7.85000"
42,0.0000,Tx-Rx,0,-71.2295,"-0.15000 1.10000 4.90000, -2.45000 0.10000 7.85000"
43,0.0000,Tx-Rx,0,-100.1168,"-0.15000 1.10000 4.90000, -2.75000 0.10000 7.85000"
44,0.0000,Tx-Rx,0,-120.0000,"-0.15000 1.10000 4.90000, -3.05000 0.10000 7.85000"
45,0.0000,Tx-Rx,0,-120.0000,"-0.15000 1.10000 4.90000, -3.35000 0.10000 7.85000"
46,0.0000,Tx-Rx,0,-91.0006,"-0.15000 1.10000 4.90000, -3.65000 0.10000 7.85000"
47,0.0000,Tx-Rx,0,-85.4433,"-0.15000 1.10000 4.90000, -3.95000 0.10000 7.85000"
48,0.0000,Tx-Rx,0,-85.3771,"-0.15000 1.10000 4.90000, -4.25000 0.10000 7.85000"
49,0.0000,Tx-Rx,0,-85.2836,"-0.15000 1.10000 4.90000, -4.55000 0.10000 7.85000"
50,0.0000,Tx-Rx,0,-103.3498,"-0.15000 1.10000 4.90000, -4.85000 0.10000 7.85000"
51,0.0000,Tx-Rx,0,-113.7156,"-0.15000 1.10000 4.90000, -5.15000 0.10000 7.85000"
52,0.0000,Tx-Rx,0,-104.9382,"-0.15000 1.10000 4.90000, -5.45000 0.10000 7.85000"
53,0.0000,Tx-Rx,0,-90.3390,"-0.15000 1.10000 4.90000, -5.75000 0.10000 7.85000"
54,0.0000,Tx-Rx,0,-84.9980,"-0.15000 1.10000 4.90000, -6.05000 0.10000 7.85000"
55,0.0000,Tx-Rx,0,-84.9609,"-0.15000 1.10000 4.90000, -6.35000 0.10000 7.85000"
56,0.0000,Tx-Rx,0,-81.3286,"-0.15000 1.10000 4.90000, -6.65000 0.10000 7.85000"
57,0.0000,Tx-Rx,0,-76.9973,"-0.15000 1.10000 4.90000, -6.95000 0.10000 7.85000"
58,0.0000,Tx-Rx,0,-76.2408,"-0.15000 1.10000 4.90000, -7.25000 0.10000 7.85000"
59,0.0000,Tx-Rx,0,-76.7834,"-0.15000 1.10000 4.90000, -7.55000 0.10000 7.85000"
60,0.0000,Tx-Rx,0,-82.1860,"-0.15000 1.10000 4.90000, -7.85000 0.10000 7.85000"
61,0.0000,Tx-Rx,0,-120.0000,"-0.15000 1.10000 4.90000, 9.85000 0.10000 7.55000"
62,0.0000,Tx-Rx,0,-120.0000,"-0.15000 1.10000 4.90000, 9.55000 0.10000 7.55000"
63,0.0000,Tx-Rx,0,-102.3122,"-0.15000 1.10000 4.90000, 9.25000 0.10000 7.55000"
64,0.0000,Tx-Rx,0,-102.4183,"-0.15000 1.10000 4.90000, 8.95000 0.10000 7.55000"
65,0.0000,Tx-Rx,0,-120.0000,"-0.15000 1.10000 4.90000, 8.65000 0.10000 7.55000"
66,0.0000,Tx-Rx,0,-120.0000,"-0.15000 1.10000 4.90000, 8.35000 0.10000 7.55000"
67,0.0000,Tx-Rx,0,-120.0000,"-0.15000 1.10000 4.90000, 8.05000 0.10000 7.55000"
68,0.0000,Tx-Rx,0,-97.5864,"-0.15000 1.10000 4.90000, 7.75000 0.10000 7.55000"
69,0.0000,Tx-Rx,0,-90.2079,"-0.15000 1.10000 4.90000, 7.45000 0.10000 7.55000"
70,0.0000,Tx-Rx,0,-87.8567,"-0.15000 1.10000 4.90000, 7.15000 0.10000 7.55000"
71,0.0000,Tx-Rx,0,-89.5400,"-0.15000 1.10000 4.90000, 6.85000 0.10000 7.55000"
72,0.0000,Tx-Rx,0,-85.6531,"-0.15000 1.10000 4.90000, 6.55000 0.10000 7.55000"
73,0.0000,Tx-Rx,0,-81.2323,"-0.15000 1.10000 4.90000, 6.25000 0.10000 7.55000"
74,0.0000,Tx-Rx,0,-76.3570,"-0.15000 1.10000 4.90000, 5.95000 0.10000 7.55000"
75,0.0000,Tx-Rx,0,-74.8841,"-0.15000 1.10000 4.90000, 5.65000 0.10000 7.55000"
76,0.0000,Tx-Rx,0,-75.2699,"-0.15000 1.10000 4.90000, 5.35000 0.10000 7.55000"
77,0.0000,Tx-Rx,0,-74.9448,"-0.15000 1.10000 4.90000, 5.05000 0.10000 7.55000"
78,0.0000,Tx-Rx,0,-74.7477,"-0.15000 1.10000 4.90000, 4.75000 0.10000 7.55000"
79,0.0000,Tx-Rx,0,-74.7397,"-0.15000 1.10000 4.90000, 4.45000 0.10000 7.55000"
80,0.0000,Tx-Rx,0,-74.7374,"-0.15000 1.10000 4.90000, 4.15000 0.10000 7.55000"
81,0.0000,Tx-Rx,0,-74.2323,"-0.15000 1.10000 4.90000, 3.85000 0.10000 7.55000"
82,0.0000,Tx-Rx,0,-73.9621,"-0.15000 1.10000 4.90000, 3.55000 0.10000 7.55000"
83,0.0000,Tx-Rx,0,-73.6470,"-0.15000 1.10000 4.90000, 3.25000 0.10000 7.55000"
84,0.0000,Tx-Rx,0,-73.6176,"-0.15000 1.10000 4.90000, 2.95000 0.10000 7.55000"
85,0.0000,Tx-Rx,0,-73.4235,"-0.15000 1.10000 4.90000, 2.65000 0.10000 7.55000"
86,0.0000,Tx-Rx,0,-73.4031,"-0.15000 1.10000 4.90000, 2.35000 0.10000 7.55000"
87,0.0000,Tx-Rx,0,-74.3886,"-0.15000 1.10000 4.90000, 2.05000 0.10000 7.55000"
88,0.0000,Tx-Rx,0,-74.0637,"-0.15000 1.10000 4.90000, 1.75000 0.10000 7.55000"
89,0.0000,Tx-Rx,0,-79.0107,"-0.15000 1.10000 4.90000, 1.45000 0.10000 7.55000"
90,0.0000,Tx-Rx,0,-77.9737,"-0.15000 1.10000 4.90000, 1.15000 0.10000 7.55000"
91,0.0000,Tx-Rx,0,-80.9577,"-0.15000 1.10000 4.90000, 0.85000 0.10000 7.55000"
92,0.0000,Tx-Rx,0,-77.8309,"-0.15000 1.10000 4.90000, 0.55000 0.10000 7.55000"
93,0.0000,Tx-Rx,0,-76.9567,"-0.15000 1.10000 4.90000, 0.25000 0.10000 7.55000"
94,0.0000,Tx-Rx,0,-51.3115,"-0.15000 1.10000 4.90000, -0.05000 0.10000 7.55000"
95,0.0000,Tx-Rx,0,-50.5946,"-0.15000 1.10000 4.90000, -0.35000 0.10000 7.55000"
96,0.0000,Tx-Rx,0,-53.0340,"-0.15000 1.10000 4.90000, -0.65000 0.10000 7.55000"
97,0.0000,Tx-Rx,0,-55.1879,"-0.15000 1.10000 4.90000, -0.95000 0.10000 7.55000"
98,0.0000,Tx-Rx,0,-56.1974,"-0.15000 1.10000 4.90000, -1.25000 0.10000 7.55000"
99,0.0000,Tx-Rx,0,-61.5064,"-0.15000 1.10000 4.90000, -1.55000 0.10000 7.55000"
100,0.0000,Tx-Rx,0,-60.0032,"-0.15000 1.10000 4.90000, -1.85000 0.10000 7.55000"
101,0.0000,Tx-Rx,0,-64.8933,"-0.15000 1.10000 4.90000, -2.15000 0.10000 7.55000"
102,0.0000,Tx-Rx,0,-70.9765,"-0.15000 1.10000 4.90000, -2.45000 0.10000 7.55000"
103,0.0000,Tx-Rx,0,-99.7456,"-0.15000 1.10000 4.90000, -2.75000 0.10000 7.55000"
104,0.0000,Tx-Rx,0,-120.0000,"-0.15000 1.10000 4.90000, -3.05000 0.10000 7.55000"
105,0.0000,Tx-Rx,0,-120.0000,"-0.15000 1.10000 4.90000, -3.35000 0.10000 7.55000"
106,0.0000,Tx-Rx,0,-88.5997,"-0.15000 1.10000 4.90000, -3.65000 0.10000 7.55000"
107,0.0000,Tx-Rx,0,-83.9070,"-0.15000 1.10000 4.90000, -3.95000 0.10000 7.55000"
108,0.0000,Tx-Rx,0,-82.6219,"-0.15000 1.10000 4.90000, -4.25000 0.10000 7.55000"
109,0.0000,Tx-Rx,0,-84.4990,"-0.15000 1.10000 4.90000, -4.55000 0.10000 7.55000"
110,0.0000,Tx-Rx,0,-102.7971,"-0.15000 1.10000 4.90000, -4.85000 0.10000 7.55000"
111,0.0000,Tx-Rx,0,-93.4074,"-0.15000 1.10000 4.90000, -5.15000 0.10000 7.55000"
112,0.0000,Tx-Rx,0,-93.3093,"-0.15000 1.10000 4.90000, -5.45000 0.10000 7.55000"
113,0.0000,Tx-Rx,0,-87.9205,"-0.15000 1.10000 4.90000, -5.75000 0.10000 7.55000"
114,0.0000,Tx-Rx,0,-84.7109,"-0.15000 1.10000 4.90000, -6.05000 0.10000 7.55000"
115,0.0000,Tx-Rx,0,-84.8592,"-0.15000 1.10000 4.90000, -6.35000 0.10000 7.55000"
116,0.0000,Tx-Rx,0,-83.2439,"-0.15000 1.10000 4.90000, -6.65000 0.10000 7.55000"
117,0.0000,Tx-Rx,0,-78.9803,"-0.15000 1.10000 4.90000, -6.95000 0.10000 7.55000"
118,0.0000,Tx-Rx,0,-76.6083,"-0.15000 1.10000 4.90000, -7.25000 0.10000 7.55000"
119,0.0000,Tx-Rx,0,-76.5605,"-0.15000 1.10000 4.90000, -7.55000 0.10000 7.55000"
120,0.0000,Tx-Rx,0,-78.5611,"-0.15000 1.10000 4.90000, -7.85000 0.10000 7.55000"
121,0.0000,Tx-Rx,0,-113.2001,"-0.15000 1.10000 4.90000, 9.85000 0.10000 7.25000"
122,0.0000,Tx-Rx,0,-119.4042,"-0.15000 1.10000 4.90000, 9.55000 0.10000 7.25000"
123,0.0000,Tx-Rx,0,-120.0000,"-0.15000 1.10000 4.90000, 9.25000 0.10000 7.25000"
124,0.0000,Tx-Rx,0,-120.0000,"-0.15000 1.10000 4.90000, 8.95000 0.10000 7.25000"
125,0.0000,Tx-Rx,0,-120.0000,"-0.15000 1.10000 4.90000, 8.65000 0.10000 7.25000"
126,0.0000,Tx-Rx,0,-98.7659,"-0.15000 1.10000 4.90000, 8.35000 0.10000 7.25000"
127,0.0000,Tx-Rx,0,-88.4422,"-0.15000 1.10000 4.90000, 8.05000 0.10000 7.25000"
128,0.0000,Tx-Rx,0,-84.5445,"-0.15000 1.10000 4.90000, 7.75000 0.10000 7.25000"
129,0.0000,Tx-Rx,0,-82.8887,"-0.15000 1.10000 4.90000, 7.45000 0.10000 7.25000"
130,0.0000,Tx-Rx,0,-81.1521,"-0.15000 1.10000 4.90000, 7.15000 0.10000 7.25000"
131,0.0000,Tx-Rx,0,-78.5439,"-0.15000 1.10000 4.90000, 6.85000 0.10000 7.25000"
132,0.0000,Tx-Rx,0,-79.4760,"-0.15000 1.10000 4.90000, 6.55000 0.10000 7.25000"
133,0.0000,Tx-Rx,0,-76.8945,"-0.15000 1.10000 4.90000, 6.25000 0.10000 7.25000"
134,0.0000,Tx-Rx,0,-76.1872,"-0.15000 1.10000 4.90000, 5.95000 0.10000 7.25000"
135,0.0000,Tx-Rx,0,-75.1016,"-0.15000 1.10000 4.90000, 5.65000 0.10000 7.25000"
136,0.0000,Tx-Rx,0,-74.7234,"-0.15000 1.10000 4.90000, 5.35000 0.10000 7.25000"
137,0.0000,Tx-Rx,0,-74.5177,"-0.15000 1.10000 4.90000, 5.05000 0.10000 7.25000"
138,0.0000,Tx-Rx,0,-75.2223,"-0.15000 1.10000 4.90000, 4.75000 0.10000 7.25000"
139,0.0000,Tx-Rx,0,-74.6099,"-0.15000 1.10000 4.90000, 4.45000 0.10000 7.25000"
140,0.0000,Tx-Rx,0,-74.6774,"-0.15000 1.10000 4.90000, 4.15000 0.10000 7.25000"
141,0.0000,Tx-Rx,0,-74.3136,"-0.15000 1.10000 4.90000, 3.85000 0.10000 7.25000"
142,0.0000,Tx-Rx,0,-73.5850,"-0.15000 1.10000 4.90000, 3.55000 0.10000 7.25000"
143,0.0000,Tx-Rx,0,-73.4244,"-0.15000 1.10000 4.90000, 3.25000 0.10000 7.25000"
144,0.0000,Tx-Rx,0,-72.9924,"-0.15000 1.10000 4.90000, 2.95000 0.10000 7.25000"
145,0.0000,Tx-Rx,0,-72.9437,"-0.15000 1.10000 4.90000, 2.65000 0.10000 7.25000"
146,0.0000,Tx-Rx,0,-72.6719,"-0.15000 1.10000 4.90000, 2.35000 0.10000 7.25000"
147,0.0000,Tx-Rx,0,-73.6841,"-0.15000 1.10000 4.90000, 2.05000 0.10000 7.25000"
148,0.0000,Tx-Rx,0,-73.0805,"-0.15000 1.10000 4.90000, 1.75000 0.10000 7.25000"
149,0.0000,Tx-Rx,0,-78.7838,"-0.15000 1.10000 4.90000, 1.45000 0.10000 7.25000"
150,0.0000,Tx-Rx,0,-77.2846,"-0.15000 1.10000 4.90000, 1.15000 0.10000 7.25000"
151,0.0000,Tx-Rx,0,-79.5421,"-0.15000 1.10000 4.90000, 0.85000 0.10000 7.25000"
152,0.0000,Tx-Rx,0,-76.8755,"-0.15000 1.10000 4.90000, 0.55000 0.10000 7.25000"
153,0.0000,Tx-Rx,0,-76.7242,"-0.15000 1.10000 4.90000, 0.25000 0.10000 7.25000"
154,0.0000,Tx-Rx,0,-49.6688,"-0.15000 1.10000 4.90000, -0.05000 0.10000 7.25000"
155,0.0000,Tx-Rx,0,-49.5267,"-0.15000 1.10000 4.90000, -0.35000 0.10000 7.25000"
156,0.0000,Tx-Rx,0,-52.8999,"-0.15000 1.10000 4.90000, -0.65000 0.10000 7.25000"
157,0.0000,Tx-Rx,0,-56.0788,"-0.15000 1.10000 4.90000, -0.95000 0.10000 7.25000"
158,0.0000,Tx-Rx,0,-57.5112,"-0.15000 1.10000 4.90000, -1.25000 0.10000 7.25000"
159,0.0000,Tx-Rx,0,-64.2563,"-0.15000 1.10000 4.90000, -1.55000 0.10000 7.25000"
160,0.0000,Tx-Rx,0,-60.6376,"-0.15000 1.10000 4.90000, -1.85000 0.10000 7.25000"
161,0.0000,Tx-Rx,0,-63.8175,"-0.15000 1.10000 4.90000, -2.15000 0.10000 7.25000"
162,0.0000,Tx-Rx,0,-69.5405,"-0.15000 1.10000 4.90000, -2.45000 0.10000 7.25000"
163,0.0000,Tx-Rx,0,-102.9826,"-0.15000 1.10000 4.90000, -2.75000 0.10000 7.25000"
164,0.0000,Tx-Rx,0,-120.0000,"-0.15000 1.10000 4.90000, -3.05000 0.10000 7.25000"
165,0.0000,Tx-Rx,0,-120.0000,"-0.15000 1.10000 4.90000, -3.35000 0.10000 7.25000"
166,0.0000,Tx-Rx,0,-88.5584,"-0.15000 1.10000 4.90000, -3.65000 0.10000 7.25000"
167,0.0000,Tx-Rx,0,-82.7349,"-0.15000 1.10000 4.90000, -3.95000 0.10000 7.25000"
168,0.0000,Tx-Rx,0,-82.1469,"-0.15000 1.10000 4.90000, -4.25000 0.10000 7.25000"
169,0.0000,Tx-Rx,0,-86.5930,"-0.15000 1.10000 4.90000, -4.55000 0.10000 7.25000"
170,0.0000,Tx-Rx,0,-102.8214,"-0.15000 1.10000 4.90000, -4.85000 0.10000 7.25000"
171,0.0000,Tx-Rx,0,-93.4958,"-0.15000 1.10000 4.90000, -5.15000 0.10000 7.25000"
172,0.0000,Tx-Rx,0,-93.4425,"-0.15000 1.10000 4.90000, -5.45000 0.10000 7.25000"
173,0.0000,Tx-Rx,0,-86.8806,"-0.15000 1.10000 4.90000, -5.75000 0.10000 7.25000"
174,0.0000,Tx-Rx,0,-84.8350,"-0.15000 1.10000 4.90000, -6.05000 0.10000 7.25000"
175,0.0000,Tx-Rx,0,-84.3084,"-0.15000 1.10000 4.90000, -6.35000 0.10000 7.25000"
176,0.0000,Tx-Rx,0,-83.6006,"-0.15000 1.10000 4.90000, -6.65000 0.10000 7.25000"
177,0.0000,Tx-Rx,0,-82.5868,"-0.15000 1.10000 4.90000, -6.95000 0.10000 7.25000"
178,0.0000,Tx-Rx,0,-78.0060,"-0.15000 1.10000 4.90000, -7.25000 0.10000 7.25000"
179,0.0000,Tx-Rx,0,-76.6354,"-0.15000 1.10000 4.90000, -7.55000 0.10000 7.25000"
180,0.0000,Tx-Rx,0,-74.5880,"-0.15000 1.10000 4.90000, -7.85000 0.10000 7.25000"
181,0.0000,Tx-Rx,0,-120.0000,"-0.15000 1.10000 4.90000, 9.85000 0.10000 6.95000"
182,0.0000,Tx-Rx,0,-118.1497,"-0.15000 1.10000 4.90000, 9.55000 0.10000 6.95000"
183,0.0000,Tx-Rx,0,-118.2422,"-0.15000 1.10000 4.90000, 9.25000 0.10000 6.95000"
184,0.0000,Tx-Rx,0,-120.0000,"-0.15000 1.10000 4.90000, 8.95000 0.10000 6.95000"
185,0.0000,Tx-Rx,0,-101.5307,"-0.15000 1.10000 4.90000, 8.65000 0.10000 6.95000"
186,0.0000,Tx-Rx,0,-102.7306,"-0.15000 1.10000 4.90000, 8.35000 0.10000 6.95000"
187,0.0000,Tx-Rx,0,-83.2544,"-0.15000 1.10000 4.90000, 8.05000 0.10000 6.95000"
188,0.0000,Tx-Rx,0,-76.8009,"-0.15000 1.10000 4.90000, 7.75000 0.10000 6.95000"
189,0.0000,Tx-Rx,0,-77.6092,"-0.15000 1.10000 4.90000, 7.45000 0.10000 6.95000"
190,0.0000,Tx-Rx,0,-76.9977,"-0.15000 1.10000 4.90000, 7.15000 0.10000 6.95000"
191,0.0000,Tx-Rx,0,-78.1610,"-0.15000 1.10000 4.90000, 6.85000 0.10000 6.95000"
192,0.0000,Tx-Rx,0,-77.6182,"-0.15000 1.10000 4.90000, 6.55000 0.10000 6.95000"
193,0.0000,Tx-Rx,0,-76.2114,"-0.15000 1.10000 4.90000, 6.25000 0.10000 6.95000"
194,0.0000,Tx-Rx,0,-75.6799,"-0.15000 1.10000 4.90000, 5.95000 0.10000 6.95000"
195,0.0000,Tx-Rx,0,-75.1202,"-0.15000 1.10000 4.90000, 5.65000 0.10000 6.95000"
196,0.0000,Tx-Rx,0,-75.1800,"-0.15000 1.10000 4.90000, 5.35000 0.10000 6.95000"
197,0.0000,Tx-Rx,0,-74.4681,"-0.15000 1.10000 4.90000, 5.05000 0.10000 6.95000"
198,0.0000,Tx-Rx,0,-74.1207,"-0.15000 1.10000 4.90000, 4.75000 0.10000 6.95000"
199,0.0000,Tx-Rx,0,-74.1914,"-0.15000 1.10000 4.90000, 4.45000 0.10000 6.95000"
200,0.0000,Tx-Rx,0,-73.5443,"-0.15000 1.10000 4.90000, 4.15000 0.10000 6.95000"
201,0.0000,Tx-Rx,0,-73.9044,"-0.15000 1.10000 4.90000, 3.85000 0.10000 6.95000"
202,0.0000,Tx-Rx,0,-73.4923,"-0.15000 1.10000 4.90000, 3.55000 0.10000 6.95000"
203,0.0000,Tx-Rx,0,-72.9835,"-0.15000 1.10000 4.90000, 3.25000 0.10000 6.95000"
204,0.0000,Tx-Rx,0,-72.5284,"-0.15000 1.10000 4.90000, 2.95000 0.10000 6.95000"
205,0.0000,Tx-Rx,0,-71.9348,"-0.15000 1.10000 4.90000, 2.65000 0.10000 6.95000"
206,0.0000,Tx-Rx,0,-72.5350,"-0.15000 1.10000 4.90000, 2.35000 0.10000 6.95000"
207,0.0000,Tx-Rx,0,-73.4188,"-0.15000 1.10000 4.90000, 2.05000 0.10000 6.95000"
208,0.0000,Tx-Rx,0,-72.5671,"-0.15000 1.10000 4.90000, 1.75000 0.10000 6.95000"
209,0.0000,Tx-Rx,0,-77.1330,"-0.15000 1.10000 4.90000, 1.45000 0.10000 6.95000"
210,0.0000,Tx-Rx,0,-76.1169,"-0.15000 1.10000 4.90000, 1.15000 0.10000 6.95000"
211,0.0000,Tx-Rx,0,-78.2316,"-0.15000 1.10000 4.90000, 0.85000 0.10000 6.95000"
212,0.0000,Tx-Rx,0,-76.4116,"-0.15000 1.10000 4.90000, 0.55000 0.10000 6.95000"
213,0.0000,Tx-Rx,0,-76.0963,"-0.15000 1.10000 4.90000, 0.25000 0.10000 6.95000"
214,0.0000,Tx-Rx,0,-48.0286,"-0.15000 1.10000 4.90000, -0.05000 0.10000 6.95000"
215,0.0000,Tx-Rx,0,-48.3687,"-0.15000 1.10000 4.90000, -0.35000 0.10000 6.95000"
216,0.0000,Tx-Rx,0,-53.4324,"-0.15000 1.10000 4.90000, -0.65000 0.10000 6.95000"
217,0.0000,Tx-Rx,0,-57.4272,"-0.15000 1.10000 4.90000, -0.95000 0.10000 6.95000"
218,0.0000,Tx-Rx,0,-59.2580,"-0.15000 1.10000 4.90000, -1.25000 0.10000 6.95000"
219,0.0000,Tx-Rx,0,-68.0310,"-0.15000 1.10000 4.90000, -1.55000 0.10000 6.95000"
220,0.0000,Tx-Rx,0,-62.5501,"-0.15000 1.10000 4.90000, -1.85000 0.10000 6.95000"
221,0.0000,Tx-Rx,0,-63.6775,"-0.15000 1.10000 4.90000, -2.15000 0.10000 6.95000"
222,0.0000,Tx-Rx,0,-67.6674,"-0.15000 1.10000 4.90000, -2.45000 0.10000 6.95000"
223,0.0000,Tx-Rx,0,-79.3965,"-0.15000 1.10000 4.90000, -2.75000 0.10000 6.95000"
224,0.0000,Tx-Rx,0,-84.3870,"-0.15000 1.10000 4.90000, -3.05000 0.10000 6.95000"
225,0.0000,Tx-Rx,0,-88.7272,"-0.15000 1.10000 4.90000, -3.35000 0.10000 6.95000"
226,0.0000,Tx-Rx,0,-85.1271,"-0.15000 1.10000 4.90000, -3.65000 0.10000 6.95000"
227,0.0000,Tx-Rx,0,-83.0066,"-0.15000 1.10000 4.90000, -3.95000 0.10000 6.95000"
228,0.0000,Tx-Rx,0,-83.8727,"-0.15000 1.10000 4.90000, -4.25000 0.10000 6.95000"
229,0.0000,Tx-Rx,0,-85.5932,"-0.15000 1.10000 4.90000, -4.55000 0.10000 6.95000"
230,0.0000,Tx-Rx,0,-91.5077,"-0.15000 1.10000 4.90000, -4.85000 0.10000 6.95000"
231,0.0000,Tx-Rx,0,-78.3586,"-0.15000 1.10000 4.90000, -5.15000 0.10000 6.95000"
232,0.0000,Tx-Rx,0,-89.6689,"-0.15000 1.10000 4.90000, -5.45000 0.10000 6.95000"
233,0.0000,Tx-Rx,0,-86.7793,"-0.15000 1.10000 4.90000, -5.75000 0.10000 6.95000"
234,0.0000,Tx-Rx,0,-85.6180,"-0.15000 1.10000 4.90000, -6.05000 0.10000 6.95000"
235,0.0000,Tx-Rx,0,-84.4299,"-0.15000 1.10000 4.90000, -6.35000 0.10000 6.95000"
236,0.0000,Tx-Rx,0,-83.9980,"-0.15000 1.10000 4.90000, -6.65000 0.10000 6.95000"
237,0.0000,Tx-Rx,0,-85.2033,"-0.15000 1.10000 4.90000, -6.95000 0.10000 6.95000"
238,0.0000,Tx-Rx,0,-78.9352,"-0.15000 1.10000 4.90000, -7.25000 0.10000 6.95000"
239,0.0000,Tx-Rx,0,-75.4628,"-0.15000 1.10000 4.90000, -7.55000 0.10000 6.95000"
240,0.0000,Tx-Rx,0,-74.4268,"-0.15000 1.10000 4.90000, -7.85000 0.10000 6.95000"
241,0.0000,Tx-Rx,0,-95.9655,"-0.15000 1.10000 4.90000, 9.85000 0.10000 6.65000"
242,0.0000,Tx-Rx,0,-120.0000,"-0.15000 1.10000 4.90000, 9.55000 0.10000 6.65000"
243,0.0000,Tx-Rx,0,-100.9839,"-0.15000 1.10000 4.90000, 9.25000 0.10000 6.65000"
244,0.0000,Tx-Rx,0,-102.4309,"-0.15000 1.10000 4.90000, 8.95000 0.10000 6.65000"
245,0.0000,Tx-Rx,0,-100.0922,"-0.15000 1.10000 4.90000, 8.65000 0.10000 6.65000"
246,0.0000,Tx-Rx,0,-101.9349,"-0.15000 1.10000 4.90000, 8.35000 0.10000 6.65000"
247,0.0000,Tx-Rx,0,-81.7546,"-0.15000 1.10000 4.90000, 8.05000 0.10000 6.65000"
248,0.0000,Tx-Rx,0,-77.8964,"-0.15000 1.10000 4.90000, 7.75000 0.10000 6.65000"
249,0.0000,Tx-Rx,0,-78.5076,"-0.15000 1.10000 4.90000, 7.45000 0.10000 6.65000"
250,0.0000,Tx-Rx,0,-78.0143,"-0.15000 1.10000 4.90000, 7.15000 0.10000 6.65000"
251,0.0000,Tx-Rx,0,-79.2376,"-0.15000 1.10000 4.90000, 6.85000 0.10000 6.65000"
252,0.0000,Tx-Rx,0,-78.8596,"-0.15000 1.10000 4.90000, 6.55000 0.10000 6.65000"
253,0.0000,Tx-Rx,0,-77.3449,"-0.15000 1.10000 4.90000, 6.25000 0.10000 6.65000"
254,0.0000,Tx-Rx,0,-76.4140,"-0.15000 1.10000 4.90000, 5.95000 0.10000 6.65000"
255,0.0000,Tx-Rx,0,-75.2720,"-0.15000 1.10000 4.90000, 5.65000 0.10000 6.65000"
256,0.0000,Tx-Rx,0,-74.6886,"-0.15000 1.10000 4.90000, 5.35000 0.10000 6.65000"
257,0.0000,Tx-Rx,0,-75.0242,"-0.15000 1.10000 4.90000, 5.05000 0.10000 6.65000"
258,0.0000,Tx-Rx,0,-74.3007,"-0.15000 1.10000 4.90000, 4.75000 0.10000 6.65000"
259,0.0000,Tx-Rx,0,-73.6157,"-0.15000 1.10000 4.90000, 4.45000 0.10000 6.65000"
260,0.0000,Tx-Rx,0,-74.1018,"-0.15000 1.10000 4.90000, 4.15000 0.10000 6.65000"
261,0.0000,Tx-Rx,0,-73.2118,"-0.15000 1.10000 4.90000, 3.85000 0.10000 6.65000"
262,0.0000,Tx-Rx,0,-73.0517,"-0.15000 1.10000 4.90000, 3.55000 0.10000 6.65000"
263,0.0000,Tx-Rx,0,-72.9833,"-0.15000 1.10000 4.90000, 3.25000 0.10000 6.65000"
264,0.0000,Tx-Rx,0,-72.8027,"-0.15000 1.10000 4.90000, 2.95000 0.10000 6.65000"
265,0.0000,Tx-Rx,0,-72.0329,"-0.15000 1.10000 4.90000, 2.65000 0.10000 6.65000"
266,0.0000,Tx-Rx,0,-71.6182,"-0.15000 1.10000 4.90000, 2.35000 0.10000 6.65000"
267,0.0000,Tx-Rx,0,-72.5041,"-0.15000 1.10000 4.90000, 2.05000 0.10000 6.65000"
268,0.0000,Tx-Rx,0,-71.4494,"-0.15000 1.10000 4.90000, 1.75000 0.10000 6.65000"
269,0.0000,Tx-Rx,0,-75.9324,"-0.15000 1.10000 4.90000, 1.45000 0.10000 6.65000"
270,0.0000,Tx-Rx,0,-74.8064,"-0.15000 1.10000 4.90000, 1.15000 0.10000 6.65000"
271,0.0000,Tx-Rx,0,-76.1010,"-0.15000 1.10000 4.90000, 0.85000 0.10000 6.65000"
272,0.0000,Tx-Rx,0,-75.4037,"-0.15000 1.10000 4.90000, 0.55000 0.10000 6.65000"
273,0.0000,Tx-Rx,0,-74.9844,"-0.15000 1.10000 4.90000, 0.25000 0.10000 6.65000"
274,0.0000,Tx-Rx,0,-46.4210,"-0.15000 1.10000 4.90000, -0.05000 0.10000 6.65000"
275,0.0000,Tx-Rx,0,-47.1618,"-0.15000 1.10000 4.90000, -0.35000 0.10000 6.65000"
276,0.0000,Tx-Rx,0,-54.6786,"-0.15000 1.10000 4.90000, -0.65000 0.10000 6.65000"
277,0.0000,Tx-Rx,0,-61.4395,"-0.15000 1.10000 4.90000, -0.95000 0.10000 6.65000"
278,0.0000,Tx-Rx,0,-65.9944,"-0.15000 1.10000 4.90000, -1.25000 0.10000 6.65000"
279,0.0000,Tx-Rx,0,-68.7065,"-0.15000 1.10000 4.90000, -1.55000 0.10000 6.65000"
280,0.0000,Tx-Rx,0,-65.9464,"-0.15000 1.10000 4.90000, -1.85000 0.10000 6.65000"
281,0.0000,Tx-Rx,0,-63.9691,"-0.15000 1.10000 4.90000, -2.15000 0.10000 6.65000"
282,0.0000,Tx-Rx,0,-67.0931,"-0.15000 1.10000 4.90000, -2.45000 0.10000 6.65000"
283,0.0000,Tx-Rx,0,-71.2552,"-0.15000 1.10000 4.90000, -2.75000 0.10000 6.65000"
284,0.0000,Tx-Rx,0,-77.9960,"-0.15000 1.10000 4.90000, -3.05000 0.10000 6.65000"
285,0.0000,Tx-Rx,0,-82.5389,"-0.15000 1.10000 4.90000, -3.35000 0.10000 6.65000"
286,0.0000,Tx-Rx,0,-82.2237,"-0.15000 1.10000 4.90000, -3.65000 0.10000 6.65000"
287,0.0000,Tx-Rx,0,-84.9203,"-0.15000 1.10000 4.90000, -3.95000 0.10000 6.65000"
288,0.0000,Tx-Rx,0,-84.8868,"-0.15000 1.10000 4.90000, -4.25000 0.10000 6.65000"
289,0.0000,Tx-Rx,0,-84.1037,"-0.15000 1.10000 4.90000, -4.55000 0.10000 6.65000"
290,0.0000,Tx-Rx,0,-85.0332,"-0.15000 1.10000 4.90000, -4.85000 0.10000 6.65000"
291,0.0000,Tx-Rx,0,-74.2845,"-0.15000 1.10000 4.90000, -5.15000 0.10000 6.65000"
292,0.0000,Tx-Rx,0,-86.5796,"-0.15000 1.10000 4.90000, -5.45000 0.10000 6.65000"
293,0.0000,Tx-Rx,0,-86.6776,"-0.15000 1.10000 4.90000, -5.75000 0.10000 6.65000"
294,0.0000,Tx-Rx,0,-85.9647,"-0.15000 1.10000 4.90000, -6.05000 0.10000 6.65000"
295,0.0000,Tx-Rx,0,-84.0909,"-0.15000 1.10000 4.90000, -6.35000 0.10000 6.65000"
296,0.0000,Tx-Rx,0,-84.8290,"-0.15000 1.10000 4.90000, -6.65000 0.10000 6.65000"
297,0.0000,Tx-Rx,0,-85.6203,"-0.15000 1.10000 4.90000, -6.95000 0.10000 6.65000"
298,0.0000,Tx-Rx,0,-77.7737,"-0.15000 1.10000 4.90000, -7.25000 0.10000 6.65000"
299,0.0000,Tx-Rx,0,-76.8331,"-0.15000 1.10000 4.90000, -7.55000 0.10000 6.65000"
300,0.0000,Tx-Rx,0,-73.2121,"-0.15000 1.10000 4.90000, -7.85000 0.10000 6.65000"
301,0.0000,Tx-Rx,0,-101.8218,"-0.15000 1.10000 4.90000, 9.85000 0.10000 6.35000"
302,0.0000,Tx-Rx,0,-120.0000,"-0.15000 1.10000 4.90000, 9.55000 0.10000 6.35000"
303,0.0000,Tx-Rx,0,-102.3025,"-0.15000 1.10000 4.90000, 9.25000 0.10000 6.35000"
304,0.0000,Tx-Rx,0,-102.4474,"-0.15000 1.10000 4.90000, 8.95000 0.10000 6.35000"
305,0.0000,Tx-Rx,0,-99.4519,"-0.15000 1.10000 4.90000, 8.65000 0.10000 6.35000"
306,0.0000,Tx-Rx,0,-100.8641,"-0.15000 1.10000 4.90000, 8.35000 0.10000 6.35000"
307,0.0000,Tx-Rx,0,-81.8566,"-0.15000 1.10000 4.90000, 8.05000 0.10000 6.35000"
308,0.0000,Tx-Rx,0,-77.1809,"-0.15000 1.10000 4.90000, 7.75000 0.10000 6.35000"
309,0.0000,Tx-Rx,0,-75.8072,"-0.15000 1.10000 4.90000, 7.45000 0.10000 6.35000"
310,0.0000,Tx-Rx,0,-76.7492,"-0.15000 1.10000 4.90000, 7.15000 0.10000 6.35000"
311,0.0000,Tx-Rx,0,-76.8609,"-0.15000 1.10000 4.90000, 6.85000 0.10000 6.35000"
312,0.0000,Tx-Rx,0,-77.1373,"-0.15000 1.10000 4.90000, 6.55000 0.10000 6.35000"
313,0.0000,Tx-Rx,0,-77.1528,"-0.15000 1.10000 4.90000, 6.25000 0.10000 6.35000"
314,0.0000,Tx-Rx,0,-76.6879,"-0.15000 1.10000 4.90000, 5.95000 0.10000 6.35000"
315,0.0000,Tx-Rx,0,-75.3513,"-0.15000 1.10000 4.90000, 5.65000 0.10000 6.35000"
316,0.0000,Tx-Rx,0,-75.4000,"-0.15000 1.10000 4.90000, 5.35000 0.10000 6.35000"
317,0.0000,Tx-Rx,0,-74.2973,"-0.15000 1.10000 4.90000, 5.05000 0.10000 6.35000"
318,0.0000,Tx-Rx,0,-74.1204,"-0.15000 1.10000 4.90000, 4.75000 0.10000 6.35000"
319,0.0000,Tx-Rx,0,-73.5891,"-0.15000 1.10000 4.90000, 4.45000 0.10000 6.35000"
320,0.0000,Tx-Rx,0,-73.5443,"-0.15000 1.10000 4.90000, 4.15000 0.10000 6.35000"
321,0.0000,Tx-Rx,0,-73.0405,"-0.15000 1.10000 4.90000, 3.85000 0.10000 6.35000"
322,0.0000,Tx-Rx,0,-72.4400,"-0.15000 1.10000 4.90000, 3.55000 0.10000 6.35000"
323,0.0000,Tx-Rx,0,-71.6989,"-0.15000 1.10000 4.90000, 3.25000 0.10000 6.35000"
324,0.0000,Tx-Rx,0,-71.5631,"-0.15000 1.10000 4.90000, 2.95000 0.10000 6.35000"
325,0.0000,Tx-Rx,0,-71.2312,"-0.15000 1.10000 4.90000, 2.65000 0.10000 6.35000"
326,0.0000,Tx-Rx,0,-70.7478,"-0.15000 1.10000 4.90000, 2.35000 0.10000 6.35000"
327,0.0000,Tx-Rx,0,-71.8631,"-0.15000 1.10000 4.90000, 2.05000 0.10000 6.35000"
328,0.0000,Tx-Rx,0,-70.6696,"-0.15000 1.10000 4.90000, 1.75000 0.10000 6.35000"
329,0.0000,Tx-Rx,0,-74.9293,"-0.15000 1.10000 4.90000, 1.45000 0.10000 6.35000"
330,0.0000,Tx-Rx,0,-73.8435,"-0.15000 1.10000 4.90000, 1.15000 0.10000 6.35000"
331,0.0000,Tx-Rx,0,-74.8094,"-0.15000 1.10000 4.90000, 0.85000 0.10000 6.35000"
332,0.0000,Tx-Rx,0,-74.1920,"-0.15000 1.10000 4.90000, 0.55000 0.10000 6.35000"
333,0.0000,Tx-Rx,0,-74.2866,"-0.15000 1.10000 4.90000, 0.25000 0.10000 6.35000"
334,0.0000,Tx-Rx,0,-44.7516,"-0.15000 1.10000 4.90000, -0.05000 0.10000 6.35000"
335,0.0000,Tx-Rx,0,-45.8754,"-0.15000 1.10000 4.90000, -0.35000 0.10000 6.35000"
336,0.0000,Tx-Rx,0,-61.5974,"-0.15000 1.10000 4.90000, -0.65000 0.10000 6.35000"
337,0.0000,Tx-Rx,0,-71.3405,"-0.15000 1.10000 4.90000, -0.95000 0.10000 6.35000"
338,0.0000,Tx-Rx,0,-69.9909,"-0.15000 1.10000 4.90000, -1.25000 0.10000 6.35000"
339,0.0000,Tx-Rx,0,-68.6067,"-0.15000 1.10000 4.90000, -1.55000 0.10000 6.35000"
340,0.0000,Tx-Rx,0,-66.6433,"-0.15000 1.10000 4.90000, -1.85000 0.10000 6.35000"
341,0.0000,Tx-Rx,0,-66.4641,"-0.15000 1.10000 4.90000, -2.15000 0.10000 6.35000"
342,0.0000,Tx-Rx,0,-66.7489,"-0.15000 1.10000 4.90000, -2.45000 0.10000 6.35000"
343,0.0000,Tx-Rx,0,-69.8959,"-0.15000 1.10000 4.90000, -2.75000 0.10000 6.35000"
344,0.0000,Tx-Rx,0,-74.8036,"-0.15000 1.10000 4.90000, -3.05000 0.10000 6.35000"
345,0.0000,Tx-Rx,0,-80.9001,"-0.15000 1.10000 4.90000, -3.35000 0.10000 6.35000"
346,0.0000,Tx-Rx,0,-79.0754,"-0.15000 1.10000 4.90000, -3.65000 0.10000 6.35000"
347,0.0000,Tx-Rx,0,-80.1512,"-0.15000 1.10000 4.90000, -3.95000 0.10000 6.35000"
348,0.0000,Tx-Rx,0,-82.2948,"-0.15000 1.10000 4.90000, -4.25000 0.10000 6.35000"
349,0.0000,Tx-Rx,0,-83.5493,"-0.15000 1.10000 4.90000, -4.55000 0.10000 6.35000"
350,0.0000,Tx-Rx,0,-83.1755,"-0.15000 1.10000 4.90000, -4.85000 0.10000 6.35000"
351,0.0000,Tx-Rx,0,-75.3128,"-0.15000 1.10000 4.90000, -5.15000 0.10000 6.35000"
352,0.0000,Tx-Rx,0,-86.7390,"-0.15000 1.10000 4.90000, -5.45000 0.10000 6.35000"
353,0.0000,Tx-Rx,0,-95.8001,"-0.15000 1.10000 4.90000, -5.75000 0.10000 6.35000"
354,0.0000,Tx-Rx,0,-90.7959,"-0.15000 1.10000 4.90000, -6.05000 0.10000 6.35000"
355,0.0000,Tx-Rx,0,-83.9601,"-0.15000 1.10000 4.90000, -6.35000 0.10000 6.35000"
356,0.0000,Tx-Rx,0,-82.7365,"-0.15000 1.10000 4.90000, -6.65000 0.10000 6.35000"
357,0.0000,Tx-Rx,0,-79.8786,"-0.15000 1.10000 4.90000, -6.95000 0.10000 6.35000"
358,0.0000,Tx-Rx,0,-82.8288,"-0.15000 1.10000 4.90000, -7.25000 0.10000 6.35000"
359,0.0000,Tx-Rx,0,-76.4769,"-0.15000 1.10000 4.90000, -7.55000 0.10000 6.35000"
360,0.0000,Tx-Rx,0,-72.4490,"-0.15000 1.10000 4.90000, -7.85000 0.10000 6.35000"
361,0.0000,Tx-Rx,0,-98.2252,"-0.15000 1.10000 4.90000, 9.85000 0.10000 6.05000"
362,0.0000,Tx-Rx,0,-98.9501,"-0.15000 1.10000 4.90000, 9.55000 0.10000 6.05000"
363,0.0000,Tx-Rx,0,-99.1483,"-0.15000 1.10000 4.90000, 9.25000 0.10000 6.05000"
364,0.0000,Tx-Rx,0,-102.3130,"-0.15000 1.10000 4.90000, 8.95000 0.10000 6.05000"
365,0.0000,Tx-Rx,0,-109.3794,"-0.15000 1.10000 4.90000, 8.65000 0.10000 6.05000"
366,0.0000,Tx-Rx,0,-120.0000,"-0.15000 1.10000 4.90000, 8.35000 0.10000 6.05000"
367,0.0000,Tx-Rx,0,-83.5698,"-0.15000 1.10000 4.90000, 8.05000 0.10000 6.05000"
368,0.0000,Tx-Rx,0,-76.4803,"-0.15000 1.10000 4.90000, 7.75000 0.10000 6.05000"
369,0.0000,Tx-Rx,0,-76.2914,"-0.15000 1.10000 4.90000, 7.45000 0.10000 6.05000"
370,0.0000,Tx-Rx,0,-76.2738,"-0.15000 1.10000 4.90000, 7.15000 0.10000 6.05000"
371,0.0000,Tx-Rx,0,-75.9720,"-0.15000 1.10000 4.90000, 6.85000 0.10000 6.05000"
372,0.0000,Tx-Rx,0,-75.7885,"-0.15000 1.10000 4.90000, 6.55000 0.10000 6.05000"
373,0.0000,Tx-Rx,0,-74.8619,"-0.15000 1.10000 4.90000, 6.25000 0.10000 6.05000"
374,0.0000,Tx-Rx,0,-75.0722,"-0.15000 1.10000 4.90000, 5.95000 0.10000 6.05000"
375,0.0000,Tx-Rx,0,-75.1620,"-0.15000 1.10000 4.90000, 5.65000 0.10000 6.05000"
376,0.0000,Tx-Rx,0,-74.2179,"-0.15000 1.10000 4.90000, 5.35000 0.10000 6.05000"
377,0.0000,Tx-Rx,0,-74.2826,"-0.15000 1.10000 4.90000, 5.05000 0.10000 6.05000"
378,0.0000,Tx-Rx,0,-74.2009,"-0.15000 1.10000 4.90000, 4.75000 0.10000 6.05000"
379,0.0000,Tx-Rx,0,-73.7500,"-0.15000 1.10000 4.90000, 4.45000 0.10000 6.05000"
380,0.0000,Tx-Rx,0,-73.9528,"-0.15000 1.10000 4.90000, 4.15000 0.10000 6.05000"
381,0.0000,Tx-Rx,0,-72.9470,"-0.15000 1.10000 4.90000, 3.85000 0.10000 6.05000"
382,0.0000,Tx-Rx,0,-71.9111,"-0.15000 1.10000 4.90000, 3.55000 0.10000 6.05000"
383,0.0000,Tx-Rx,0,-71.1391,"-0.15000 1.10000 4.90000, 3.25000 0.10000 6.05000"
384,0.0000,Tx-Rx,0,-70.6398,"-0.15000 1.10000 4.90000, 2.95000 0.10000 6.05000"
385,0.0000,Tx-Rx,0,-70.2230,"-0.15000 1.10000 4.90000, 2.65000 0.10000 6.05000"
386,0.0000,Tx-Rx,0,-70.0841,"-0.15000 1.10000 4.90000, 2.35000 0.10000 6.05000"
387,0.0000,Tx-Rx,0,-70.7813,"-0.15000 1.10000 4.90000, 2.05000 0.10000 6.05000"
388,0.0000,Tx-Rx,0,-69.8322,"-0.15000 1.10000 4.90000, 1.75000 0.10000 6.05000"
389,0.0000,Tx-Rx,0,-73.7055,"-0.15000 1.10000 4.90000, 1.45000 0.10000 6.05000"
390,0.0000,Tx-Rx,0,-72.5136,"-0.15000 1.10000 4.90000, 1.15000 0.10000 6.05000"
391,0.0000,Tx-Rx,0,-73.0624,"-0.15000 1.10000 4.90000, 0.85000 0.10000 6.05000"
392,0.0000,Tx-Rx,0,-72.5305,"-0.15000 1.10000 4.90000, 0.55000 0.10000 6.05000"
393,0.0000,Tx-Rx,0,-72.7460,"-0.15000 1.10000 4.90000, 0.25000 0.10000 6.05000"
394,0.0000,Tx-Rx,0,-43.4276,"-0.15000 1.10000 4.90000, -0.05000 0.10000 6.05000"
395,0.0000,Tx-Rx,0,-44.7259,"-0.15000 1.10000 4.90000, -0.35000 0.10000 6.05000"
396,0.0000,Tx-Rx,0,-80.2257,"-0.15000 1.10000 4.90000, -0.65000 0.10000 6.05000"
397,0.0000,Tx-Rx,0,-71.1755,"-0.15000 1.10000 4.90000, -0.95000 0.10000 6.05000"
398,0.0000,Tx-Rx,0,-69.7393,"-0.15000 1.10000 4.90000, -1.25000 0.10000 6.05000"
399,0.0000,Tx-Rx,0,-68.7735,"-0.15000 1.10000 4.90000, -1.55000 0.10000 6.05000"
400,0.0000,Tx-Rx,0,-66.6195,"-0.15000 1.10000 4.90000, -1.85000 0.10000 6.05000"
401,0.0000,Tx-Rx,0,-68.1418,"-0.15000 1.10000 4.90000, -2.15000 0.10000 6.05000"
402,0.0000,Tx-Rx,0,-66.9631,"-0.15000 1.10000 4.90000, -2.45000 0.10000 6.05000"
403,0.0000,Tx-Rx,0,-69.5983,"-0.15000 1.10000 4.90000, -2.75000 0.10000 6.05000"
404,0.0000,Tx-Rx,0,-71.8158,"-0.15000 1.10000 4.90000, -3.05000 0.10000 6.05000"
405,0.0000,Tx-Rx,0,-77.3935,"-0.15000 1.10000 4.90000, -3.35000 0.10000 6.05000"
406,0.0000,Tx-Rx,0,-76.7426,"-0.15000 1.10000 4.90000, -3.65000 0.10000 6.05000"
407,0.0000,Tx-Rx,0,-76.3179,"-0.15000 1.10000 4.90000, -3.95000 0.10000 6.05000"
408,0.0000,Tx-Rx,0,-80.0646,"-0.15000 1.10000 4.90000, -4.25000 0.10000 6.05000"
409,0.0000,Tx-Rx,0,-84.7143,"-0.15000 1.10000 4.90000, -4.55000 0.10000 6.05000"
410,0.0000,Tx-Rx,0,-81.4564,"-0.15000 1.10000 4.90000, -4.85000 0.10000 6.05000"
411,0.0000,Tx-Rx,0,-76.0674,"-0.15000 1.10000 4.90000, -5.15000 0.10000 6.05000"
412,0.0000,Tx-Rx,0,-94.5369,"-0.15000 1.10000 4.90000, -5.45000 0.10000 6.05000"
413,0.0000,Tx-Rx,0,-93.1397,"-0.15000 1.10000 4.90000, -5.75000 0.10000 6.05000"
414,0.0000,Tx-Rx,0,-88.6640,"-0.15000 1.10000 4.90000, -6.05000 0.10000 6.05000"
415,0.0000,Tx-Rx,0,-81.3069,"-0.15000 1.10000 4.90000, -6.35000 0.10000 6.05000"
416,0.0000,Tx-Rx,0,-77.7992,"-0.15000 1.10000 4.90000, -6.65000 0.10000 6.05000"
417,0.0000,Tx-Rx,0,-78.0847,"-0.15000 1.10000 4.90000, -6.95000 0.10000 6.05000"
418,0.0000,Tx-Rx,0,-80.2819,"-0.15000 1.10000 4.90000, -7.25000 0.10000 6.05000"
419,0.0000,Tx-Rx,0,-74.1818,"-0.15000 1.10000 4.90000, -7.55000 0.10000 6.05000"
420,0.0000,Tx-Rx,0,-71.9116,"-0.15000 1.10000 4.90000, -7.85000 0.10000 6.05000"
421,0.0000,Tx-Rx,0,-120.0000,"-0.15000 1.10000 4.90000, 9.85000 0.10000 5.75000"
422,0.0000,Tx-Rx,0,-120.0000,"-0.15000 1.10000 4.90000, 9.55000 0.10000 5.75000"
423,0.0000,Tx-Rx,0,-106.9962,"-0.15000 1.10000 4.90000, 9.25000 0.10000 5.75000"
424,0.0000,Tx-Rx,0,-102.1963,"-0.15000 1.10000 4.90000, 8.95000 0.10000 5.75000"
425,0.0000,Tx-Rx,0,-102.2840,"-0.15000 1.10000 4.90000, 8.65000 0.10000 5.75000"
426,0.0000,Tx-Rx,0,-98.2567,"-0.15000 1.10000 4.90000, 8.35000 0.10000 5.75000"
427,0.0000,Tx-Rx,0,-82.9594,"-0.15000 1.10000 4.90000, 8.05000 0.10000 5.75000"
428,0.0000,Tx-Rx,0,-78.6639,"-0.15000 1.10000 4.90000, 7.75000 0.10000 5.75000"
429,0.0000,Tx-Rx,0,-78.9568,"-0.15000 1.10000 4.90000, 7.45000 0.10000 5.75000"
430,0.0000,Tx-Rx,0,-77.4290,"-0.15000 1.10000 4.90000, 7.15000 0.10000 5.75000"
431,0.0000,Tx-Rx,0,-76.6538,"-0.15000 1.10000 4.90000, 6.85000 0.10000 5.75000"
432,0.0000,Tx-Rx,0,-76.0259,"-0.15000 1.10000 4.90000, 6.55000 0.10000 5.75000"
433,0.0000,Tx-Rx,0,-75.2736,"-0.15000 1.10000 4.90000, 6.25000 0.10000 5.75000"
434,0.0000,Tx-Rx,0,-75.7770,"-0.15000 1.10000 4.90000, 5.95000 0.10000 5.75000"
435,0.0000,Tx-Rx,0,-74.8885,"-0.15000 1.10000 4.90000, 5.65000 0.10000 5.75000"
436,0.0000,Tx-Rx,0,-74.3704,"-0.15000 1.10000 4.90000, 5.35000 0.10000 5.75000"
437,0.0000,Tx-Rx,0,-74.2292,"-0.15000 1.10000 4.90000, 5.05000 0.10000 5.75000"
438,0.0000,Tx-Rx,0,-74.0498,"-0.15000 1.10000 4.90000, 4.75000 0.10000 5.75000"
439,0.0000,Tx-Rx,0,-74.0776,"-0.15000 1.10000 4.90000, 4.45000 0.10000 5.75000"
440,0.0000,Tx-Rx,0,-73.2039,"-0.15000 1.10000 4.90000, 4.15000 0.10000 5.75000"
441,0.0000,Tx-Rx,0,-72.5110,"-0.15000 1.10000 4.90000, 3.85000 0.10000 5.75000"
442,0.0000,Tx-Rx,0,-72.5484,"-0.15000 1.10000 4.90000, 3.55000 0.10000 5.75000"
443,0.0000,Tx-Rx,0,-71.1745,"-0.15000 1.10000 4.90000, 3.25000 0.10000 5.75000"
444,0.0000,Tx-Rx,0,-71.1107,"-0.15000 1.10000 4.90000, 2.95000 0.10000 5.75000"
445,0.0000,Tx-Rx,0,-70.4304,"-0.15000 1.10000 4.90000, 2.65000 0.10000 5.75000"
446,0.0000,Tx-Rx,0,-69.3610,"-0.15000 1.10000 4.90000, 2.35000 0.10000 5.75000"
447,0.0000,Tx-Rx,0,-70.1994,"-0.15000 1.10000 4.90000, 2.05000 0.10000 5.75000"
448,0.0000,Tx-Rx,0,-68.8883,"-0.15000 1.10000 4.90000, 1.75000 0.10000 5.75000"
449,0.0000,Tx-Rx,0,-72.2700,"-0.15000 1.10000 4.90000, 1.45000 0.10000 5.75000"
450,0.0000,Tx-Rx,0,-71.1723,"-0.15000 1.10000 4.90000, 1.15000 0.10000 5.75000"
451,0.0000,Tx-Rx,0,-71.3876,"-0.15000 1.10000 4.90000, 0.85000 0.10000 5.75000"
452,0.0000,Tx-Rx,0,-70.6629,"-0.15000 1.10000 4.90000, 0.55000 0.10000 5.75000"
453,0.0000,Tx-Rx,0,-71.0023,"-0.15000 1.10000 4.90000, 0.25000 0.10000 5.75000"
454,0.0000,Tx-Rx,0,-42.1761,"-0.15000 1.10000 4.90000, -0.05000 0.10000 5.75000"
455,0.0000,Tx-Rx,0,-43.5603,"-0.15000 1.10000 4.90000, -0.35000 0.10000 5.75000"
456,0.0000,Tx-Rx,0,-89.5231,"-0.15000 1.10000 4.90000, -0.65000 0.10000 5.75000"
457,0.0000,Tx-Rx,0,-71.0472,"-0.15000 1.10000 4.90000, -0.95000 0.10000 5.75000"
458,0.0000,Tx-Rx,0,-70.1391,"-0.15000 1.10000 4.90000, -1.25000 0.10000 5.75000"
459,0.0000,Tx-Rx,0,-68.8885,"-0.15000 1.10000 4.90000, -1.55000 0.10000 5.75000"
460,0.0000,Tx-Rx,0,-66.7774,"-0.15000 1.10000 4.90000, -1.85000 0.10000 5.75000"
461,0.0000,Tx-Rx,0,-68.7079,"-0.15000 1.10000 4.90000, -2.15000 0.10000 5.75000"
462,0.0000,Tx-Rx,0,-68.0270,"-0.15000 1.10000 4.90000, -2.45000 0.10000 5.75000"
463,0.0000,Tx-Rx,0,-69.8166,"-0.15000 1.10000 4.90000, -2.75000 0.10000 5.75000"
464,0.0000,Tx-Rx,0,-71.3724,"-0.15000 1.10000 4.90000, -3.05000 0.10000 5.75000"
465,0.0000,Tx-Rx,0,-74.4591,"-0.15000 1.10000 4.90000, -3.35000 0.10000 5.75000"
466,0.0000,Tx-Rx,0,-76.8344,"-0.15000 1.10000 4.90000, -3.65000 0.10000 5.75000"
467,0.0000,Tx-Rx,0,-76.8507,"-0.15000 1.10000 4.90000, -3.95000 0.10000 5.75000"
468,0.0000,Tx-Rx,0,-79.4904,"-0.15000 1.10000 4.90000, -4.25000 0.10000 5.75000"
469,0.0000,Tx-Rx,0,-85.1893,"-0.15000 1.10000 4.90000, -4.55000 0.10000 5.75000"
470,0.0000,Tx-Rx,0,-78.3406,"-0.15000 1.10000 4.90000, -4.85000 0.10000 5.75000"
471,0.0000,Tx-Rx,0,-77.7862,"-0.15000 1.10000 4.90000, -5.15000 0.10000 5.75000"
472,0.0000,Tx-Rx,0,-96.0840,"-0.15000 1.10000 4.90000, -5.45000 0.10000 5.75000"
473,0.0000,Tx-Rx,0,-92.0251,"-0.15000 1.10000 4.90000, -5.75000 0.10000 5.75000"
474,0.0000,Tx-Rx,0,-84.2853,"-0.15000 1.10000 4.90000, -6.05000 0.10000 5.75000"
475,0.0000,Tx-Rx,0,-80.6661,"-0.15000 1.10000 4.90000, -6.35000 0.10000 5.75000"
476,0.0000,Tx-Rx,0,-77.6430,"-0.15000 1.10000 4.90000, -6.65000 0.10000 5.75000"
477,0.0000,Tx-Rx,0,-79.0251,"-0.15000 1.10000 4.90000, -6.95000 0.10000 5.75000"
478,0.0000,Tx-Rx,0,-78.5061,"-0.15000 1.10000 4.90000, -7.25000 0.10000 5.75000"
479,0.0000,Tx-Rx,0,-73.5721,"-0.15000 1.10000 4.90000, -7.55000 0.10000 5.75000"
480,0.0000,Tx-Rx,0,-72.1657,"-0.15000 1.10000 4.90000, -7.85000 0.10000 5.75000"
481,0.0000,Tx-Rx,0,-120.0000,"-0.15000 1.10000 4.90000, 9.85000 0.10000 5.45000"
482,0.0000,Tx-Rx,0,-120.0000,"-0.15000 1.10000 4.90000, 9.55000 0.10000 5.45000"
483,0.0000,Tx-Rx,0,-101.6429,"-0.15000 1.10000 4.90000, 9.25000 0.10000 5.45000"
484,0.0000,Tx-Rx,0,-120.0000,"-0.15000 1.10000 4.90000, 8.95000 0.10000 5.45000"
485,0.0000,Tx-Rx,0,-109.5224,"-0.15000 1.10000 4.90000, 8.65000 0.10000 5.45000"
486,0.0000,Tx-Rx,0,-107.3357,"-0.15000 1.10000 4.90000, 8.35000 0.10000 5.45000"
487,0.0000,Tx-Rx,0,-83.2482,"-0.15000 1.10000 4.90000, 8.05000 0.10000 5.45000"
488,0.0000,Tx-Rx,0,-78.8835,"-0.15000 1.10000 4.90000, 7.75000 0.10000 5.45000"
489,0.0000,Tx-Rx,0,-78.4566,"-0.15000 1.10000 4.90000, 7.45000 0.10000 5.45000"
490,0.0000,Tx-Rx,0,-78.6707,"-0.15000 1.10000 4.90000, 7.15000 0.10000 5.45000"
491,0.0000,Tx-Rx,0,-78.9624,"-0.15000 1.10000 4.90000, 6.85000 0.10000 5.45000"
492,0.0000,Tx-Rx,0,-77.2978,"-0.15000 1.10000 4.90000, 6.55000 0.10000 5.45000"
493,0.0000,Tx-Rx,0,-77.3927,"-0.15000 1.10000 4.90000, 6.25000 0.10000 5.45000"
494,0.0000,Tx-Rx,0,-76.7498,"-0.15000 1.10000 4.90000, 5.95000 0.10000 5.45000"
495,0.0000,Tx-Rx,0,-76.1971,"-0.15000 1.10000 4.90000, 5.65000 0.10000 5.45000"
496,0.0000,Tx-Rx,0,-75.2283,"-0.15000 1.10000 4.90000, 5.35000 0.10000 5.45000"
497,0.0000,Tx-Rx,0,-74.3018,"-0.15000 1.10000 4.90000, 5.05000 0.10000 5.45000"
498,0.0000,Tx-Rx,0,-73.9192,"-0.15000 1.10000 4.90000, 4.75000 0.10000 5.45000"
499,0.0000,Tx-Rx,0,-73.5695,"-0.15000 1.10000 4.90000, 4.45000 0.10000 5.45000"
500,0.0000,Tx-Rx,0,-72.7891,"-0.15000 1.10000 4.90000, 4.15000 0.10000 5.45000"
501,0.0000,Tx-Rx,0,-72.1860,"-0.15000 1.10000 4.90000, 3.85000 0.10000 5.45000"
502,0.0000,Tx-Rx,0,-71.4958,"-0.15000 1.10000 4.90000, 3.55000 0.10000 5.45000"
503,0.0000,Tx-Rx,0,-71.1887,"-0.15000 1.10000 4.90000, 3.25000 0.10000 5.45000"
504,0.0000,Tx-Rx,0,-70.5913,"-0.15000 1.10000 4.90000, 2.95000 0.10000 5.45000"
505,0.0000,Tx-Rx,0,-70.0731,"-0.15000 1.10000 4.90000, 2.65000 0.10000 5.45000"
506,0.0000,Tx-Rx,0,-69.2568,"-0.15000 1.10000 4.90000, 2.35000 0.10000 5.45000"
507,0.0000,Tx-Rx,0,-69.7324,"-0.15000 1.10000 4.90000, 2.05000 0.10000 5.45000"
508,0.0000,Tx-Rx,0,-68.5015,"-0.15000 1.10000 4.90000, 1.75000 0.10000 5.45000"
509,0.0000,Tx-Rx,0,-71.8797,"-0.15000 1.10000 4.90000, 1.45000 0.10000 5.45000"
510,0.0000,Tx-Rx,0,-70.3131,"-0.15000 1.10000 4.90000, 1.15000 0.10000 5.45000"
511,0.0000,Tx-Rx,0,-69.9242,"-0.15000 1.10000 4.90000, 0.85000 0.10000 5.45000"
512,0.0000,Tx-Rx,0,-69.1102,"-0.15000 1.10000 4.90000, 0.55000 0.10000 5.45000"
513,0.0000,Tx-Rx,0,-69.0294,"-0.15000 1.10000 4.90000, 0.25000 0.10000 5.45000"
514,0.0000,Tx-Rx,0,-41.2378,"-0.15000 1.10000 4.90000, -0.05000 0.10000 5.45000"
515,0.0000,Tx-Rx,0,-42.7704,"-0.15000 1.10000 4.90000, -0.35000 0.10000 5.45000"
516,0.0000,Tx-Rx,0,-85.4070,"-0.15000 1.10000 4.90000, -0.65000 0.10000 5.45000"
517,0.0000,Tx-Rx,0,-70.8432,"-0.15000 1.10000 4.90000, -0.95000 0.10000 5.45000"
518,0.0000,Tx-Rx,0,-70.0870,"-0.15000 1.10000 4.90000, -1.25000 0.10000 5.45000"
519,0.0000,Tx-Rx,0,-69.0355,"-0.15000 1.10000 4.90000, -1.55000 0.10000 5.45000"
520,0.0000,Tx-Rx,0,-67.0270,"-0.15000 1.10000 4.90000, -1.85000 0.10000 5.45000"
521,0.0000,Tx-Rx,0,-68.7167,"-0.15000 1.10000 4.90000, -2.15000 0.10000 5.45000"
522,0.0000,Tx-Rx,0,-69.8471,"-0.15000 1.10000 4.90000, -2.45000 0.10000 5.45000"
523,0.0000,Tx-Rx,0,-70.1616,"-0.15000 1.10000 4.90000, -2.75000 0.10000 5.45000"
524,0.0000,Tx-Rx,0,-71.3083,"-0.15000 1.10000 4.90000, -3.05000 0.10000 5.45000"
525,0.0000,Tx-Rx,0,-73.4581,"-0.15000 1.10000 4.90000, -3.35000 0.10000 5.45000"
526,0.0000,Tx-Rx,0,-75.2280,"-0.15000 1.10000 4.90000, -3.65000 0.10000 5.45000"
527,0.0000,Tx-Rx,0,-78.0242,"-0.15000 1.10000 4.90000, -3.95000 0.10000 5.45000"
528,0.0000,Tx-Rx,0,-81.3994,"-0.15000 1.10000 4.90000, -4.25000 0.10000 5.45000"
529,0.0000,Tx-Rx,0,-84.1862,"-0.15000 1.10000 4.90000, -4.55000 0.10000 5.45000"
530,0.0000,Tx-Rx,0,-75.9475,"-0.15000 1.10000 4.90000, -4.85000 0.10000 5.45000"
531,0.0000,Tx-Rx,0,-84.2971,"-0.15000 1.10000 4.90000, -5.15000 0.10000 5.45000"
532,0.0000,Tx-Rx,0,-98.5187,"-0.15000 1.10000 4.90000, -5.45000 0.10000 5.45000"
533,0.0000,Tx-Rx,0,-90.3698,"-0.15000 1.10000 4.90000, -5.75000 0.10000 5.45000"
534,0.0000,Tx-Rx,0,-82.4762,"-0.15000 1.10000 4.90000, -6.05000 0.10000 5.45000"
535,0.0000,Tx-Rx,0,-78.8156,"-0.15000 1.10000 4.90000, -6.35000 0.10000 5.45000"
536,0.0000,Tx-Rx,0,-77.7611,"-0.15000 1.10000 4.90000, -6.65000 0.10000 5.45000"
537,0.0000,Tx-Rx,0,-80.4097,"-0.15000 1.10000 4.90000, -6.95000 0.10000 5.45000"
538,0.0000,Tx-Rx,0,-75.8226,"-0.15000 1.10000 4.90000, -7.25000 0.10000 5.45000"
539,0.0000,Tx-Rx,0,-73.0049,"-0.15000 1.10000 4.90000, -7.55000 0.10000 5.45000"
540,0.0000,Tx-Rx,0,-72.5760,"-0.15000 1.10000 4.90000, -7.85000 0.10000 5.45000"
541,0.0000,Tx-Rx,0,-102.0001,"-0.15000 1.10000 4.90000, 9.85000 0.10000 5.15000"
542,0.0000,Tx-Rx,0,-120.0000,"-0.15000 1.10000 4.90000, 9.55000 0.10000 5.15000"
543,0.0000,Tx-Rx,0,-102.2219,"-0.15000 1.10000 4.90000, 9.25000 0.10000 5.15000"
544,0.0000,Tx-Rx,0,-97.4731,"-0.15000 1.10000 4.90000, 8.95000 0.10000 5.15000"
545,0.0000,Tx-Rx,0,-102.5129,"-0.15000 1.10000 4.90000, 8.65000 0.10000 5.15000"
546,0.0000,Tx-Rx,0,-97.7472,"-0.15000 1.10000 4.90000, 8.35000 0.10000 5.15000"
547,0.0000,Tx-Rx,0,-82.3819,"-0.15000 1.10000 4.90000, 8.05000 0.10000 5.15000"
548,0.0000,Tx-Rx,0,-76.5370,"-0.15000 1.10000 4.90000, 7.75000 0.10000 5.15000"
549,0.0000,Tx-Rx,0,-76.7933,"-0.15000 1.10000 4.90000, 7.45000 0.10000 5.15000"
550,0.0000,Tx-Rx,0,-76.2834,"-0.15000 1.10000 4.90000, 7.15000 0.10000 5.15000"
551,0.0000,Tx-Rx,0,-75.5418,"-0.15000 1.10000 4.90000, 6.85000 0.10000 5.15000"
552,0.0000,Tx-Rx,0,-75.3387,"-0.15000 1.10000 4.90000, 6.55000 0.10000 5.15000"
553,0.0000,Tx-Rx,0,-75.6980,"-0.15000 1.10000 4.90000, 6.25000 0.10000 5.15000"
554,0.0000,Tx-Rx,0,-75.0291,"-0.15000 1.10000 4.90000, 5.95000 0.10000 5.15000"
555,0.0000,Tx-Rx,0,-75.2332,"-0.15000 1.10000 4.90000, 5.65000 0.10000 5.15000"
556,0.0000,Tx-Rx,0,-74.9565,"-0.15000 1.10000 4.90000, 5.35000 0.10000 5.15000"
557,0.0000,Tx-Rx,0,-74.3449,"-0.15000 1.10000 4.90000, 5.05000 0.10000 5.15000"
558,0.0000,Tx-Rx,0,-73.8472,"-0.15000 1.10000 4.90000, 4.75000 0.10000 5.15000"
559,0.0000,Tx-Rx,0,-73.5505,"-0.15000 1.10000 4.90000, 4.45000 0.10000 5.15000"
560,0.0000,Tx-Rx,0,-73.4228,"-0.15000 1.10000 4.90000, 4.15000 0.10000 5.15000"
561,0.0000,Tx-Rx,0,-72.4007,"-0.15000 1.10000 4.90000, 3.85000 0.10000 5.15000"
562,0.0000,Tx-Rx,0,-71.7149,"-0.15000 1.10000 4.90000, 3.55000 0.10000 5.15000"
563,0.0000,Tx-Rx,0,-71.3357,"-0.15000 1.10000 4.90000, 3.25000 0.10000 5.15000"
564,0.0000,Tx-Rx,0,-70.2315,"-0.15000 1.10000 4.90000, 2.95000 0.10000 5.15000"
565,0.0000,Tx-Rx,0,-69.3848,"-0.15000 1.10000 4.90000, 2.65000 0.10000 5.15000"
566,0.0000,Tx-Rx,0,-68.8762,"-0.15000 1.10000 4.90000, 2.35000 0.10000 5.15000"
567,0.0000,Tx-Rx,0,-69.5653,"-0.15000 1.10000 4.90000, 2.05000 0.10000 5.15000"
568,0.0000,Tx-Rx,0,-68.0094,"-0.15000 1.10000 4.90000, 1.75000 0.10000 5.15000"
569,0.0000,Tx-Rx,0,-71.3433,"-0.15000 1.10000 4.90000, 1.45000 0.10000 5.15000"
570,0.0000,Tx-Rx,0,-69.6610,"-0.15000 1.10000 4.90000, 1.15000 0.10000 5.15000"
571,0.0000,Tx-Rx,0,-68.8154,"-0.15000 1.10000 4.90000, 0.85000 0.10000 5.15000"
572,0.0000,Tx-Rx,0,-67.6049,"-0.15000 1.10000 4.90000, 0.55000 0.10000 5.15000"
573,0.0000,Tx-Rx,0,-67.0540,"-0.15000 1.10000 4.90000, 0.25000 0.10000 5.15000"
574,0.0000,Tx-Rx,0,-40.9836,"-0.15000 1.10000 4.90000, -0.05000 0.10000 5.15000"
575,0.0000,Tx-Rx,0,-42.4839,"-0.15000 1.10000 4.90000, -0.35000 0.10000 5.15000"
576,0.0000,Tx-Rx,0,-81.9109,"-0.15000 1.10000 4.90000, -0.65000 0.10000 5.15000"
577,0.0000,Tx-Rx,0,-70.7074,"-0.15000 1.10000 4.90000, -0.95000 0.10000 5.15000"
578,0.0000,Tx-Rx,0,-70.0220,"-0.15000 1.10000 4.90000, -1.25000 0.10000 5.15000"
579,0.0000,Tx-Rx,0,-69.3144,"-0.15000 1.10000 4.90000, -1.55000 0.10000 5.15000"
580,0.0000,Tx-Rx,0,-67.1888,"-0.15000 1.10000 4.90000, -1.85000 0.10000 5.15000"
581,0.0000,Tx-Rx,0,-68.8092,"-0.15000 1.10000 4.90000, -2.15000 0.10000 5.15000"
582,0.0000,Tx-Rx,0,-70.7312,"-0.15000 1.10000 4.90000, -2.45000 0.10000 5.15000"
583,0.0000,Tx-Rx,0,-71.9758,"-0.15000 1.10000 4.90000, -2.75000 0.10000 5.15000"
584,0.0000,Tx-Rx,0,-71.5304,"-0.15000 1.10000 4.90000, -3.05000 0.10000 5.15000"
585,0.0000,Tx-Rx,0,-73.2663,"-0.15000 1.10000 4.90000, -3.35000 0.10000 5.15000"
586,0.0000,Tx-Rx,0,-74.3569,"-0.15000 1.10000 4.90000, -3.65000 0.10000 5.15000"
587,0.0000,Tx-Rx,0,-77.9459,"-0.15000 1.10000 4.90000, -3.95000 0.10000 5.15000"
588,0.0000,Tx-Rx,0,-81.8903,"-0.15000 1.10000 4.90000, -4.25000 0.10000 5.15000"
589,0.0000,Tx-Rx,0,-85.4620,"-0.15000 1.10000 4.90000, -4.55000 0.10000 5.15000"
590,0.0000,Tx-Rx,0,-74.8343,"-0.15000 1.10000 4.90000, -4.85000 0.10000 5.15000"
591,0.0000,Tx-Rx,0,-94.3469,"-0.15000 1.10000 4.90000, -5.15000 0.10000 5.15000"
592,0.0000,Tx-Rx,0,-95.1839,"-0.15000 1.10000 4.90000, -5.45000 0.10000 5.15000"
593,0.0000,Tx-Rx,0,-88.1709,"-0.15000 1.10000 4.90000, -5.75000 0.10000 5.15000"
594,0.0000,Tx-Rx,0,-80.3134,"-0.15000 1.10000 4.90000, -6.05000 0.10000 5.15000"
595,0.0000,Tx-Rx,0,-77.3747,"-0.15000 1.10000 4.90000, -6.35000 0.10000 5.15000"
596,0.0000,Tx-Rx,0,-77.7226,"-0.15000 1.10000 4.90000, -6.65000 0.10000 5.15000"
597,0.0000,Tx-Rx,0,-79.6081,"-0.15000 1.10000 4.90000, -6.95000 0.10000 5.15000"
598,0.0000,Tx-Rx,0,-73.7526,"-0.15000 1.10000 4.90000, -7.25000 0.10000 5.15000"
599,0.0000,Tx-Rx,0,-72.9619,"-0.15000 1.10000 4.90000, -7.55000 0.10000 5.15000"
600,0.0000,Tx-Rx,0,-73.1779,"-0.15000 1.10000 4.90000, -7.85000 0.10000 5.15000"
601,0.0000,Tx-Rx,0,-120.0000,"-0.15000 1.10000 4.90000, 9.85000 0.10000 4.85000"
602,0.0000,Tx-Rx,0,-99.0857,"-0.15000 1.10000 4.90000, 9.55000 0.10000 4.85000"
603,0.0000,Tx-Rx,0,-120.0000,"-0.15000 1.10000 4.90000, 9.25000 0.10000 4.85000"
604,0.0000,Tx-Rx,0,-99.1307,"-0.15000 1.10000 4.90000, 8.95000 0.10000 4.85000"
605,0.0000,Tx-Rx,0,-109.3634,"-0.15000 1.10000 4.90000, 8.65000 0.10000 4.85000"
606,0.0000,Tx-Rx,0,-99.5384,"-0.15000 1.10000 4.90000, 8.35000 0.10000 4.85000"
607,0.0000,Tx-Rx,0,-82.5542,"-0.15000 1.10000 4.90000, 8.05000 0.10000 4.85000"
608,0.0000,Tx-Rx,0,-76.2372,"-0.15000 1.10000 4.90000, 7.75000 0.10000 4.85000"
609,0.0000,Tx-Rx,0,-76.5683,"-0.15000 1.10000 4.90000, 7.45000 0.10000 4.85000"
610,0.0000,Tx-Rx,0,-75.3945,"-0.15000 1.10000 4.90000, 7.15000 0.10000 4.85000"
611,0.0000,Tx-Rx,0,-75.1171,"-0.15000 1.10000 4.90000, 6.85000 0.10000 4.85000"
612,0.0000,Tx-Rx,0,-75.5321,"-0.15000 1.10000 4.90000, 6.55000 0.10000 4.85000"
613,0.0000,Tx-Rx,0,-75.2964,"-0.15000 1.10000 4.90000, 6.25000 0.10000 4.85000"
614,0.0000,Tx-Rx,0,-75.1725,"-0.15000 1.10000 4.90000, 5.95000 0.10000 4.85000"
615,0.0000,Tx-Rx,0,-75.0752,"-0.15000 1.10000 4.90000, 5.65000 0.10000 4.85000"
616,0.0000,Tx-Rx,0,-74.6746,"-0.15000 1.10000 4.90000, 5.35000 0.10000 4.85000"
617,0.0000,Tx-Rx,0,-73.8771,"-0.15000 1.10000 4.90000, 5.05000 0.10000 4.85000"
618,0.0000,Tx-Rx,0,-73.7717,"-0.15000 1.10000 4.90000, 4.75000 0.10000 4.85000"
619,0.0000,Tx-Rx,0,-73.3652,"-0.15000 1.10000 4.90000, 4.45000 0.10000 4.85000"
620,0.0000,Tx-Rx,0,-73.1085,"-0.15000 1.10000 4.90000, 4.15000 0.10000 4.85000"
621,0.0000,Tx-Rx,0,-72.5385,"-0.15000 1.10000 4.90000, 3.85000 0.10000 4.85000"
622,0.0000,Tx-Rx,0,-72.0523,"-0.15000 1.10000 4.90000, 3.55000 0.10000 4.85000"
623,0.0000,Tx-Rx,0,-70.9535,"-0.15000 1.10000 4.90000, 3.25000 0.10000 4.85000"
624,0.0000,Tx-Rx,0,-70.3270,"-0.15000 1.10000 4.90000, 2.95000 0.10000 4.85000"
625,0.0000,Tx-Rx,0,-69.7263,"-0.15000 1.10000 4.90000, 2.65000 0.10000 4.85000"
626,0.0000,Tx-Rx,0,-68.9877,"-0.15000 1.10000 4.90000, 2.35000 0.10000 4.85000"
627,0.0000,Tx-Rx,0,-69.3376,"-0.15000 1.10000 4.90000, 2.05000 0.10000 4.85000"
628,0.0000,Tx-Rx,0,-68.1392,"-0.15000 1.10000 4.90000, 1.75000 0.10000 4.85000"
629,0.0000,Tx-Rx,0,-71.0820,"-0.15000 1.10000 4.90000, 1.45000 0.10000 4.85000"
630,0.0000,Tx-Rx,0,-69.5038,"-0.15000 1.10000 4.90000, 1.15000 0.10000 4.85000"
631,0.0000,Tx-Rx,0,-68.5925,"-0.15000 1.10000 4.90000, 0.85000 0.10000 4.85000"
632,0.0000,Tx-Rx,0,-67.1630,"-0.15000 1.10000 4.90000, 0.55000 0.10000 4.85000"
633,0.0000,Tx-Rx,0,-66.2314,"-0.15000 1.10000 4.90000, 0.25000 0.10000 4.85000"
634,0.0000,Tx-Rx,0,-41.2254,"-0.15000 1.10000 4.90000, -0.05000 0.10000 4.85000"
635,0.0000,Tx-Rx,0,-42.5400,"-0.15000 1.10000 4.90000, -0.35000 0.10000 4.85000"
636,0.0000,Tx-Rx,0,-80.1353,"-0.15000 1.10000 4.90000, -0.65000 0.10000 4.85000"
637,0.0000,Tx-Rx,0,-70.8782,"-0.15000 1.10000 4.90000, -0.95000 0.10000 4.85000"
638,0.0000,Tx-Rx,0,-70.1574,"-0.15000 1.10000 4.90000, -1.25000 0.10000 4.85000"
639,0.0000,Tx-Rx,0,-69.2459,"-0.15000 1.10000 4.90000, -1.55000 0.10000 4.85000"
640,0.0000,Tx-Rx,0,-67.4124,"-0.15000 1.10000 4.90000, -1.85000 0.10000 4.85000"
641,0.0000,Tx-Rx,0,-68.6128,"-0.15000 1.10000 4.90000, -2.15000 0.10000 4.85000"
642,0.0000,Tx-Rx,0,-71.4586,"-0.15000 1.10000 4.90000, -2.45000 0.10000 4.85000"
643,0.0000,Tx-Rx,0,-75.4024,"-0.15000 1.10000 4.90000, -2.75000 0.10000 4.85000"
644,0.0000,Tx-Rx,0,-71.7194,"-0.15000 1.10000 4.90000, -3.05000 0.10000 4.85000"
645,0.0000,Tx-Rx,0,-73.4512,"-0.15000 1.10000 4.90000, -3.35000 0.10000 4.85000"
646,0.0000,Tx-Rx,0,-74.3952,"-0.15000 1.10000 4.90000, -3.65000 0.10000 4.85000"
647,0.0000,Tx-Rx,0,-78.2241,"-0.15000 1.10000 4.90000, -3.95000 0.10000 4.85000"
648,0.0000,Tx-Rx,0,-84.3394,"-0.15000 1.10000 4.90000, -4.25000 0.10000 4.85000"
649,0.0000,Tx-Rx,0,-80.8226,"-0.15000 1.10000 4.90000, -4.55000 0.10000 4.85000"
650,0.0000,Tx-Rx,0,-75.0733,"-0.15000 1.10000 4.90000, -4.85000 0.10000 4.85000"
651,0.0000,Tx-Rx,0,-85.4868,"-0.15000 1.10000 4.90000, -5.15000 0.10000 4.85000"
652,0.0000,Tx-Rx,0,-88.6924,"-0.15000 1.10000 4.90000, -5.45000 0.10000 4.85000"
653,0.0000,Tx-Rx,0,-82.7685,"-0.15000 1.10000 4.90000, -5.75000 0.10000 4.85000"
654,0.0000,Tx-Rx,0,-79.3138,"-0.15000 1.10000 4.90000, -6.05000 0.10000 4.85000"
655,0.0000,Tx-Rx,0,-77.2408,"-0.15000 1.10000 4.90000, -6.35000 0.10000 4.85000"
656,0.0000,Tx-Rx,0,-79.3745,"-0.15000 1.10000 4.90000, -6.65000 0.10000 4.85000"
657,0.0000,Tx-Rx,0,-76.4668,"-0.15000 1.10000 4.90000, -6.95000 0.10000 4.85000"
658,0.0000,Tx-Rx,0,-72.8813,"-0.15000 1.10000 4.90000, -7.25000 0.10000 4.85000"
659,0.0000,Tx-Rx,0,-73.2654,"-0.15000 1.10000 4.90000, -7.55000 0.10000 4.85000"
660,0.0000,Tx-Rx,0,-74.9066,"-0.15000 1.10000 4.90000, -7.85000 0.10000 4.85000"
661,0.0000,Tx-Rx,0,-120.0000,"-0.15000 1.10000 4.90000, 9.85000 0.10000 4.55000"
662,0.0000,Tx-Rx,0,-100.9245,"-0.15000 1.10000 4.90000, 9.55000 0.10000 4.55000"
663,0.0000,Tx-Rx,0,-120.0000,"-0.15000 1.10000 4.90000, 9.25000 0.10000 4.55000"
664,0.0000,Tx-Rx,0,-97.5345,"-0.15000 1.10000 4.90000, 8.95000 0.10000 4.55000"
665,0.0000,Tx-Rx,0,-97.6291,"-0.15000 1.10000 4.90000, 8.65000 0.10000 4.55000"
666,0.0000,Tx-Rx,0,-102.6452,"-0.15000 1.10000 4.90000, 8.35000 0.10000 4.55000"
667,0.0000,Tx-Rx,0,-80.8638,"-0.15000 1.10000 4.90000, 8.05000 0.10000 4.55000"
668,0.0000,Tx-Rx,0,-77.0836,"-0.15000 1.10000 4.90000, 7.75000 0.10000 4.55000"
669,0.0000,Tx-Rx,0,-76.4657,"-0.15000 1.10000 4.90000, 7.45000 0.10000 4.55000"
670,0.0000,Tx-Rx,0,-76.3128,"-0.15000 1.10000 4.90000, 7.15000 0.10000 4.55000"
671,0.0000,Tx-Rx,0,-76.8019,"-0.15000 1.10000 4.90000, 6.85000 0.10000 4.55000"
672,0.0000,Tx-Rx,0,-76.0267,"-0.15000 1.10000 4.90000, 6.55000 0.10000 4.55000"
673,0.0000,Tx-Rx,0,-75.6076,"-0.15000 1.10000 4.90000, 6.25000 0.10000 4.55000"
674,0.0000,Tx-Rx,0,-75.1705,"-0.15000 1.10000 4.90000, 5.95000 0.10000 4.55000"
675,0.0000,Tx-Rx,0,-74.6989,"-0.15000 1.10000 4.90000, 5.65000 0.10000 4.55000"
676,0.0000,Tx-Rx,0,-74.7781,"-0.15000 1.10000 4.90000, 5.35000 0.10000 4.55000"
677,0.0000,Tx-Rx,0,-74.5508,"-0.15000 1.10000 4.90000, 5.05000 0.10000 4.55000"
678,0.0000,Tx-Rx,0,-74.7227,"-0.15000 1.10000 4.90000, 4.75000 0.10000 4.55000"
679,0.0000,Tx-Rx,0,-73.6206,"-0.15000 1.10000 4.90000, 4.45000 0.10000 4.55000"
680,0.0000,Tx-Rx,0,-72.9612,"-0.15000 1.10000 4.90000, 4.15000 0.10000 4.55000"
681,0.0000,Tx-Rx,0,-72.5307,"-0.15000 1.10000 4.90000, 3.85000 0.10000 4.55000"
682,0.0000,Tx-Rx,0,-71.7368,"-0.15000 1.10000 4.90000, 3.55000 0.10000 4.55000"
683,0.0000,Tx-Rx,0,-71.4853,"-0.15000 1.10000 4.90000, 3.25000 0.10000 4.55000"
684,0.0000,Tx-Rx,0,-70.5606,"-0.15000 1.10000 4.90000, 2.95000 0.10000 4.55000"
685,0.0000,Tx-Rx,0,-70.0718,"-0.15000 1.10000 4.90000, 2.65000 0.10000 4.55000"
686,0.0000,Tx-Rx,0,-68.9456,"-0.15000 1.10000 4.90000, 2.35000 0.10000 4.55000"
687,0.0000,Tx-Rx,0,-69.5471,"-0.15000 1.10000 4.90000, 2.05000 0.10000 4.55000"
688,0.0000,Tx-Rx,0,-68.2898,"-0.15000 1.10000 4.90000, 1.75000 0.10000 4.55000"
689,0.0000,Tx-Rx,0,-71.4917,"-0.15000 1.10000 4.90000, 1.45000 0.10000 4.55000"
690,0.0000,Tx-Rx,0,-69.8938,"-0.15000 1.10000 4.90000, 1.15000 0.10000 4.55000"
691,0.0000,Tx-Rx,0,-69.1251,"-0.15000 1.10000 4.90000, 0.85000 0.10000 4.55000"
692,0.0000,Tx-Rx,0,-68.0252,"-0.15000 1.10000 4.90000, 0.55000 0.10000 4.55000"
693,0.0000,Tx-Rx,0,-67.6513,"-0.15000 1.10000 4.90000, 0.25000 0.10000 4.55000"
694,0.0000,Tx-Rx,0,-40.9785,"-0.15000 1.10000 4.90000, -0.05000 0.10000 4.55000"
695,0.0000,Tx-Rx,0,-42.4918,"-0.15000 1.10000 4.90000, -0.35000 0.10000 4.55000"
696,0.0000,Tx-Rx,0,-70.2630,"-0.15000 1.10000 4.90000, -0.65000 0.10000 4.55000"
697,0.0000,Tx-Rx,0,-70.8925,"-0.15000 1.10000 4.90000, -0.95000 0.10000 4.55000"
698,0.0000,Tx-Rx,0,-69.9318,"-0.15000 1.10000 4.90000, -1.25000 0.10000 4.55000"
699,0.0000,Tx-Rx,0,-69.2356,"-0.15000 1.10000 4.90000, -1.55000 0.10000 4.55000"
700,0.0000,Tx-Rx,0,-67.4719,"-0.15000 1.10000 4.90000, -1.85000 0.10000 4.55000"
701,0.0000,Tx-Rx,0,-68.8180,"-0.15000 1.10000 4.90000, -2.15000 0.10000 4.55000"
702,0.0000,Tx-Rx,0,-71.9957,"-0.15000 1.10000 4.90000, -2.45000 0.10000 4.55000"
703,0.0000,Tx-Rx,0,-76.8702,"-0.15000 1.10000 4.90000, -2.75000 0.10000 4.55000"
704,0.0000,Tx-Rx,0,-73.9676,"-0.15000 1.10000 4.90000, -3.05000 0.10000 4.55000"
705,0.0000,Tx-Rx,0,-73.2573,"-0.15000 1.10000 4.90000, -3.35000 0.10000 4.55000"
706,0.0000,Tx-Rx,0,-74.4991,"-0.15000 1.10000 4.90000, -3.65000 0.10000 4.55000"
707,0.0000,Tx-Rx,0,-78.1484,"-0.15000 1.10000 4.90000, -3.95000 0.10000 4.55000"
708,0.0000,Tx-Rx,0,-83.9134,"-0.15000 1.10000 4.90000, -4.25000 0.10000 4.55000"
709,0.0000,Tx-Rx,0,-78.6272,"-0.15000 1.10000 4.90000, -4.55000 0.10000 4.55000"
710,0.0000,Tx-Rx,0,-75.9221,"-0.15000 1.10000 4.90000, -4.85000 0.10000 4.55000"
711,0.0000,Tx-Rx,0,-85.8618,"-0.15000 1.10000 4.90000, -5.15000 0.10000 4.55000"
712,0.0000,Tx-Rx,0,-82.2202,"-0.15000 1.10000 4.90000, -5.45000 0.10000 4.55000"
713,0.0000,Tx-Rx,0,-80.4573,"-0.15000 1.10000 4.90000, -5.75000 0.10000 4.55000"
714,0.0000,Tx-Rx,0,-77.4035,"-0.15000 1.10000 4.90000, -6.05000 0.10000 4.55000"
715,0.0000,Tx-Rx,0,-77.3681,"-0.15000 1.10000 4.90000, -6.35000 0.10000 4.55000"
716,0.0000,Tx-Rx,0,-79.7390,"-0.15000 1.10000 4.90000, -6.65000 0.10000 4.55000"
717,0.0000,Tx-Rx,0,-74.4129,"-0.15000 1.10000 4.90000, -6.95000 0.10000 4.55000"
718,0.0000,Tx-Rx,0,-72.8074,"-0.15000 1.10000 4.90000, -7.25000 0.10000 4.55000"
719,0.0000,Tx-Rx,0,-73.0285,"-0.15000 1.10000 4.90000, -7.55000 0.10000 4.55000"
720,0.0000,Tx-Rx,0,-78.3953,"-0.15000 1.10000 4.90000, -7.85000 0.10000 4.55000"
721,0.0000,Tx-Rx,0,-120.0000,"-0.15000 1.10000 4.90000, 9.85000 0.10000 4.25000"
722,0.0000,Tx-Rx,0,-120.0000,"-0.15000 1.10000 4.90000, 9.55000 0.10000 4.25000"
723,0.0000,Tx-Rx,0,-99.0712,"-0.15000 1.10000 4.90000, 9.25000 0.10000 4.25000"
724,0.0000,Tx-Rx,0,-120.0000,"-0.15000 1.10000 4.90000, 8.95000 0.10000 4.25000"
725,0.0000,Tx-Rx,0,-97.6721,"-0.15000 1.10000 4.90000, 8.65000 0.10000 4.25000"
726,0.0000,Tx-Rx,0,-110.7425,"-0.15000 1.10000 4.90000, 8.35000 0.10000 4.25000"
727,0.0000,Tx-Rx,0,-82.4304,"-0.15000 1.10000 4.90000, 8.05000 0.10000 4.25000"
728,0.0000,Tx-Rx,0,-76.4965,"-0.15000 1.10000 4.90000, 7.75000 0.10000 4.25000"
729,0.0000,Tx-Rx,0,-76.6059,"-0.15000 1.10000 4.90000, 7.45000 0.10000 4.25000"
730,0.0000,Tx-Rx,0,-76.2083,"-0.15000 1.10000 4.90000, 7.15000 0.10000 4.25000"
731,0.0000,Tx-Rx,0,-76.0040,"-0.15000 1.10000 4.90000, 6.85000 0.10000 4.25000"
732,0.0000,Tx-Rx,0,-75.8364,"-0.15000 1.10000 4.90000, 6.55000 0.10000 4.25000"
733,0.0000,Tx-Rx,0,-75.2075,"-0.15000 1.10000 4.90000, 6.25000 0.10000 4.25000"
734,0.0000,Tx-Rx,0,-75.9298,"-0.15000 1.10000 4.90000, 5.95000 0.10000 4.25000"
735,0.0000,Tx-Rx,0,-75.2601,"-0.15000 1.10000 4.90000, 5.65000 0.10000 4.25000"
736,0.0000,Tx-Rx,0,-74.7941,"-0.15000 1.10000 4.90000, 5.35000 0.10000 4.25000"
737,0.0000,Tx-Rx,0,-74.4732,"-0.15000 1.10000 4.90000, 5.05000 0.10000 4.25000"
738,0.0000,Tx-Rx,0,-74.2056,"-0.15000 1.10000 4.90000, 4.75000 0.10000 4.25000"
739,0.0000,Tx-Rx,0,-73.5805,"-0.15000 1.10000 4.90000, 4.45000 0.10000 4.25000"
740,0.0000,Tx-Rx,0,-73.4771,"-0.15000 1.10000 4.90000, 4.15000 0.10000 4.25000"
741,0.0000,Tx-Rx,0,-73.0933,"-0.15000 1.10000 4.90000, 3.85000 0.10000 4.25000"
742,0.0000,Tx-Rx,0,-72.1688,"-0.15000 1.10000 4.90000, 3.55000 0.10000 4.25000"
743,0.0000,Tx-Rx,0,-71.4632,"-0.15000 1.10000 4.90000, 3.25000 0.10000 4.25000"
744,0.0000,Tx-Rx,0,-70.6359,"-0.15000 1.10000 4.90000, 2.95000 0.10000 4.25000"
745,0.0000,Tx-Rx,0,-69.9696,"-0.15000 1.10000 4.90000, 2.65000 0.10000 4.25000"
746,0.0000,Tx-Rx,0,-69.3239,"-0.15000 1.10000 4.90000, 2.35000 0.10000 4.25000"
747,0.0000,Tx-Rx,0,-70.1146,"-0.15000 1.10000 4.90000, 2.05000 0.10000 4.25000"
748,0.0000,Tx-Rx,0,-68.5047,"-0.15000 1.10000 4.90000, 1.75000 0.10000 4.25000"
749,0.0000,Tx-Rx,0,-71.9213,"-0.15000 1.10000 4.90000, 1.45000 0.10000 4.25000"
750,0.0000,Tx-Rx,0,-70.6785,"-0.15000 1.10000 4.90000, 1.15000 0.10000 4.25000"
751,0.0000,Tx-Rx,0,-70.4426,"-0.15000 1.10000 4.90000, 0.85000 0.10000 4.25000"
752,0.0000,Tx-Rx,0,-69.6649,"-0.15000 1.10000 4.90000, 0.55000 0.10000 4.25000"
753,0.0000,Tx-Rx,0,-69.7687,"-0.15000 1.10000 4.90000, 0.25000 0.10000 4.25000"
754,0.0000,Tx-Rx,0,-41.7945,"-0.15000 1.10000 4.90000, -0.05000 0.10000 4.25000"
755,0.0000,Tx-Rx,0,-42.9051,"-0.15000 1.10000 4.90000, -0.35000 0.10000 4.25000"
756,0.0000,Tx-Rx,0,-51.9166,"-0.15000 1.10000 4.90000, -0.65000 0.10000 4.25000"
757,0.0000,Tx-Rx,0,-58.5437,"-0.15000 1.10000 4.90000, -0.95000 0.10000 4.25000"
758,0.0000,Tx-Rx,0,-62.2712,"-0.15000 1.10000 4.90000, -1.25000 0.10000 4.25000"
759,0.0000,Tx-Rx,0,-68.7816,"-0.15000 1.10000 4.90000, -1.55000 0.10000 4.25000"
760,0.0000,Tx-Rx,0,-67.5807,"-0.15000 1.10000 4.90000, -1.85000 0.10000 4.25000"
761,0.0000,Tx-Rx,0,-68.9473,"-0.15000 1.10000 4.90000, -2.15000 0.10000 4.25000"
762,0.0000,Tx-Rx,0,-71.4991,"-0.15000 1.10000 4.90000, -2.45000 0.10000 4.25000"
763,0.0000,Tx-Rx,0,-76.6867,"-0.15000 1.10000 4.90000, -2.75000 0.10000 4.25000"
764,0.0000,Tx-Rx,0,-77.9240,"-0.15000 1.10000 4.90000, -3.05000 0.10000 4.25000"
765,0.0000,Tx-Rx,0,-74.1182,"-0.15000 1.10000 4.90000, -3.35000 0.10000 4.25000"
766,0.0000,Tx-Rx,0,-75.1870,"-0.15000 1.10000 4.90000, -3.65000 0.10000 4.25000"
767,0.0000,Tx-Rx,0,-76.9942,"-0.15000 1.10000 4.90000, -3.95000 0.10000 4.25000"
768,0.0000,Tx-Rx,0,-77.9411,"-0.15000 1.10000 4.90000, -4.25000 0.10000 4.25000"
769,0.0000,Tx-Rx,0,-75.7738,"-0.15000 1.10000 4.90000, -4.55000 0.10000 4.25000"
770,0.0000,Tx-Rx,0,-77.3072,"-0.15000 1.10000 4.90000, -4.85000 0.10000 4.25000"
771,0.0000,Tx-Rx,0,-85.4837,"-0.15000 1.10000 4.90000, -5.15000 0.10000 4.25000"
772,0.0000,Tx-Rx,0,-81.6187,"-0.15000 1.10000 4.90000, -5.45000 0.10000 4.25000"
773,0.0000,Tx-Rx,0,-76.5682,"-0.15000 1.10000 4.90000, -5.75000 0.10000 4.25000"
774,0.0000,Tx-Rx,0,-75.9984,"-0.15000 1.10000 4.90000, -6.05000 0.10000 4.25000"
775,0.0000,Tx-Rx,0,-77.5545,"-0.15000 1.10000 4.90000, -6.35000 0.10000 4.25000"
776,0.0000,Tx-Rx,0,-78.6435,"-0.15000 1.10000 4.90000, -6.65000 0.10000 4.25000"
777,0.0000,Tx-Rx,0,-72.9565,"-0.15000 1.10000 4.90000, -6.95000 0.10000 4.25000"
778,0.0000,Tx-Rx,0,-72.7009,"-0.15000 1.10000 4.90000, -7.25000 0.10000 4.25000"
779,0.0000,Tx-Rx,0,-74.2748,"-0.15000 1.10000 4.90000, -7.55000 0.10000 4.25000"
780,0.0000,Tx-Rx,0,-85.3611,"-0.15000 1.10000 4.90000, -7.85000 0.10000 4.25000"
781,0.0000,Tx-Rx,0,-101.5784,"-0.15000 1.10000 4.90000, 9.85000 0.10000 3.95000"
782,0.0000,Tx-Rx,0,-98.9215,"-0.15000 1.10000 4.90000, 9.55000 0.10000 3.95000"
783,0.0000,Tx-Rx,0,-99.1916,"-0.15000 1.10000 4.90000, 9.25000 0.10000 3.95000"
784,0.0000,Tx-Rx,0,-102.3783,"-0.15000 1.10000 4.90000, 8.95000 0.10000 3.95000"
785,0.0000,Tx-Rx,0,-101.7514,"-0.15000 1.10000 4.90000, 8.65000 0.10000 3.95000"
786,0.0000,Tx-Rx,0,-109.6576,"-0.15000 1.10000 4.90000, 8.35000 0.10000 3.95000"
787,0.0000,Tx-Rx,0,-82.3927,"-0.15000 1.10000 4.90000, 8.05000 0.10000 3.95000"
788,0.0000,Tx-Rx,0,-77.0965,"-0.15000 1.10000 4.90000, 7.75000 0.10000 3.95000"
789,0.0000,Tx-Rx,0,-76.5471,"-0.15000 1.10000 4.90000, 7.45000 0.10000 3.95000"
790,0.0000,Tx-Rx,0,-76.2545,"-0.15000 1.10000 4.90000, 7.15000 0.10000 3.95000"
791,0.0000,Tx-Rx,0,-76.5357,"-0.15000 1.10000 4.90000, 6.85000 0.10000 3.95000"
792,0.0000,Tx-Rx,0,-76.0222,"-0.15000 1.10000 4.90000, 6.55000 0.10000 3.95000"
793,0.0000,Tx-Rx,0,-75.1879,"-0.15000 1.10000 4.90000, 6.25000 0.10000 3.95000"
794,0.0000,Tx-Rx,0,-75.6181,"-0.15000 1.10000 4.90000, 5.95000 0.10000 3.95000"
795,0.0000,Tx-Rx,0,-74.9863,"-0.15000 1.10000 4.90000, 5.65000 0.10000 3.95000"
796,0.0000,Tx-Rx,0,-75.0616,"-0.15000 1.10000 4.90000, 5.35000 0.10000 3.95000"
797,0.0000,Tx-Rx,0,-73.9661,"-0.15000 1.10000 4.90000, 5.05000 0.10000 3.95000"
798,0.0000,Tx-Rx,0,-74.0397,"-0.15000 1.10000 4.90000, 4.75000 0.10000 3.95000"
799,0.0000,Tx-Rx,0,-73.7851,"-0.15000 1.10000 4.90000, 4.45000 0.10000 3.95000"
800,0.0000,Tx-Rx,0,-73.3380,"-0.15000 1.10000 4.90000, 4.15000 0.10000 3.95000"
801,0.0000,Tx-Rx,0,-73.3919,"-0.15000 1.10000 4.90000, 3.85000 0.10000 3.95000"
802,0.0000,Tx-Rx,0,-72.6187,"-0.15000 1.10000 4.90000, 3.55000 0.10000 3.95000"
803,0.0000,Tx-Rx,0,-71.4425,"-0.15000 1.10000 4.90000, 3.25000 0.10000 3.95000"
804,0.0000,Tx-Rx,0,-70.6644,"-0.15000 1.10000 4.90000, 2.95000 0.10000 3.95000"
805,0.0000,Tx-Rx,0,-70.6790,"-0.15000 1.10000 4.90000, 2.65000 0.10000 3.95000"
806,0.0000,Tx-Rx,0,-69.9351,"-0.15000 1.10000 4.90000, 2.35000 0.10000 3.95000"
807,0.0000,Tx-Rx,0,-70.5536,"-0.15000 1.10000 4.90000, 2.05000 0.10000 3.95000"
808,0.0000,Tx-Rx,0,-69.3488,"-0.15000 1.10000 4.90000, 1.75000 0.10000 3.95000"
809,0.0000,Tx-Rx,0,-72.8705,"-0.15000 1.10000 4.90000, 1.45000 0.10000 3.95000"
810,0.0000,Tx-Rx,0,-71.8770,"-0.15000 1.10000 4.90000, 1.15000 0.10000 3.95000"
811,0.0000,Tx-Rx,0,-72.2051,"-0.15000 1.10000 4.90000, 0.85000 0.10000 3.95000"
812,0.0000,Tx-Rx,0,-71.6687,"-0.15000 1.10000 4.90000, 0.55000 0.10000 3.95000"
813,0.0000,Tx-Rx,0,-71.9744,"-0.15000 1.10000 4.90000, 0.25000 0.10000 3.95000"
814,0.0000,Tx-Rx,0,-44.0280,"-0.15000 1.10000 4.90000, -0.05000 0.10000 3.95000"
815,0.0000,Tx-Rx,0,-43.7970,"-0.15000 1.10000 4.90000, -0.35000 0.10000 3.95000"
816,0.0000,Tx-Rx,0,-47.4387,"-0.15000 1.10000 4.90000, -0.65000 0.10000 3.95000"
817,0.0000,Tx-Rx,0,-52.9942,"-0.15000 1.10000 4.90000, -0.95000 0.10000 3.95000"
818,0.0000,Tx-Rx,0,-56.3442,"-0.15000 1.10000 4.90000, -1.25000 0.10000 3.95000"
819,0.0000,Tx-Rx,0,-58.8049,"-0.15000 1.10000 4.90000, -1.55000 0.10000 3.95000"
820,0.0000,Tx-Rx,0,-60.6717,"-0.15000 1.10000 4.90000, -1.85000 0.10000 3.95000"
821,0.0000,Tx-Rx,0,-67.9525,"-0.15000 1.10000 4.90000, -2.15000 0.10000 3.95000"
822,0.0000,Tx-Rx,0,-70.7478,"-0.15000 1.10000 4.90000, -2.45000 0.10000 3.95000"
823,0.0000,Tx-Rx,0,-76.2241,"-0.15000 1.10000 4.90000, -2.75000 0.10000 3.95000"
824,0.0000,Tx-Rx,0,-76.6071,"-0.15000 1.10000 4.90000, -3.05000 0.10000 3.95000"
825,0.0000,Tx-Rx,0,-73.3313,"-0.15000 1.10000 4.90000, -3.35000 0.10000 3.95000"
826,0.0000,Tx-Rx,0,-71.4186,"-0.15000 1.10000 4.90000, -3.65000 0.10000 3.95000"
827,0.0000,Tx-Rx,0,-75.6461,"-0.15000 1.10000 4.90000, -3.95000 0.10000 3.95000"
828,0.0000,Tx-Rx,0,-79.3144,"-0.15000 1.10000 4.90000, -4.25000 0.10000 3.95000"
829,0.0000,Tx-Rx,0,-73.0341,"-0.15000 1.10000 4.90000, -4.55000 0.10000 3.95000"
830,0.0000,Tx-Rx,0,-81.9501,"-0.15000 1.10000 4.90000, -4.85000 0.10000 3.95000"
831,0.0000,Tx-Rx,0,-85.5167,"-0.15000 1.10000 4.90000, -5.15000 0.10000 3.95000"
832,0.0000,Tx-Rx,0,-79.6799,"-0.15000 1.10000 4.90000, -5.45000 0.10000 3.95000"
833,0.0000,Tx-Rx,0,-74.9580,"-0.15000 1.10000 4.90000, -5.75000 0.10000 3.95000"
834,0.0000,Tx-Rx,0,-74.6565,"-0.15000 1.10000 4.90000, -6.05000 0.10000 3.95000"
835,0.0000,Tx-Rx,0,-78.3827,"-0.15000 1.10000 4.90000, -6.35000 0.10000 3.95000"
836,0.0000,Tx-Rx,0,-75.1729,"-0.15000 1.10000 4.90000, -6.65000 0.10000 3.95000"
837,0.0000,Tx-Rx,0,-72.8477,"-0.15000 1.10000 4.90000, -6.95000 0.10000 3.95000"
838,0.0000,Tx-Rx,0,-72.7045,"-0.15000 1.10000 4.90000, -7.25000 0.10000 3.95000"
839,0.0000,Tx-Rx,0,-77.6984,"-0.15000 1.10000 4.90000, -7.55000 0.10000 3.95000"
840,0.0000,Tx-Rx,0,-93.2460,"-0.15000 1.10000 4.90000, -7.85000 0.10000 3.95000"
841,0.0000,Tx-Rx,0,-120.0000,"-0.15000 1.10000 4.90000, 9.85000 0.10000 3.65000"
842,0.0000,Tx-Rx,0,-98.8413,"-0.15000 1.10000 4.90000, 9.55000 0.10000 3.65000"
843,0.0000,Tx-Rx,0,-102.1340,"-0.15000 1.10000 4.90000, 9.25000 0.10000 3.65000"
844,0.0000,Tx-Rx,0,-96.3973,"-0.15000 1.10000 4.90000, 8.95000 0.10000 3.65000"
845,0.0000,Tx-Rx,0,-113.9159,"-0.15000 1.10000 4.90000, 8.65000 0.10000 3.65000"
846,0.0000,Tx-Rx,0,-101.7876,"-0.15000 1.10000 4.90000, 8.35000 0.10000 3.65000"
847,0.0000,Tx-Rx,0,-80.8404,"-0.15000 1.10000 4.90000, 8.05000 0.10000 3.65000"
848,0.0000,Tx-Rx,0,-76.6259,"-0.15000 1.10000 4.90000, 7.75000 0.10000 3.65000"
849,0.0000,Tx-Rx,0,-76.9712,"-0.15000 1.10000 4.90000, 7.45000 0.10000 3.65000"
850,0.0000,Tx-Rx,0,-76.2278,"-0.15000 1.10000 4.90000, 7.15000 0.10000 3.65000"
851,0.0000,Tx-Rx,0,-75.8226,"-0.15000 1.10000 4.90000, 6.85000 0.10000 3.65000"
852,0.0000,Tx-Rx,0,-77.6074,"-0.15000 1.10000 4.90000, 6.55000 0.10000 3.65000"
853,0.0000,Tx-Rx,0,-75.8150,"-0.15000 1.10000 4.90000, 6.25000 0.10000 3.65000"
854,0.0000,Tx-Rx,0,-75.6940,"-0.15000 1.10000 4.90000, 5.95000 0.10000 3.65000"
855,0.0000,Tx-Rx,0,-75.2294,"-0.15000 1.10000 4.90000, 5.65000 0.10000 3.65000"
856,0.0000,Tx-Rx,0,-74.9558,"-0.15000 1.10000 4.90000, 5.35000 0.10000 3.65000"
857,0.0000,Tx-Rx,0,-74.8285,"-0.15000 1.10000 4.90000, 5.05000 0.10000 3.65000"
858,0.0000,Tx-Rx,0,-74.5954,"-0.15000 1.10000 4.90000, 4.75000 0.10000 3.65000"
859,0.0000,Tx-Rx,0,-73.7395,"-0.15000 1.10000 4.90000, 4.45000 0.10000 3.65000"
860,0.0000,Tx-Rx,0,-74.0980,"-0.15000 1.10000 4.90000, 4.15000 0.10000 3.65000"
861,0.0000,Tx-Rx,0,-72.8312,"-0.15000 1.10000 4.90000, 3.85000 0.10000 3.65000"
862,0.0000,Tx-Rx,0,-72.8906,"-0.15000 1.10000 4.90000, 3.55000 0.10000 3.65000"
863,0.0000,Tx-Rx,0,-72.0596,"-0.15000 1.10000 4.90000, 3.25000 0.10000 3.65000"
864,0.0000,Tx-Rx,0,-71.7240,"-0.15000 1.10000 4.90000, 2.95000 0.10000 3.65000"
865,0.0000,Tx-Rx,0,-70.9343,"-0.15000 1.10000 4.90000, 2.65000 0.10000 3.65000"
866,0.0000,Tx-Rx,0,-70.2234,"-0.15000 1.10000 4.90000, 2.35000 0.10000 3.65000"
867,0.0000,Tx-Rx,0,-71.2610,"-0.15000 1.10000 4.90000, 2.05000 0.10000 3.65000"
868,0.0000,Tx-Rx,0,-70.0028,"-0.15000 1.10000 4.90000, 1.75000 0.10000 3.65000"
869,0.0000,Tx-Rx,0,-74.4958,"-0.15000 1.10000 4.90000, 1.45000 0.10000 3.65000"
870,0.0000,Tx-Rx,0,-74.1585,"-0.15000 1.10000 4.90000, 1.15000 0.10000 3.65000"
871,0.0000,Tx-Rx,0,-74.1996,"-0.15000 1.10000 4.90000, 0.85000 0.10000 3.65000"
872,0.0000,Tx-Rx,0,-73.6373,"-0.15000 1.10000 4.90000, 0.55000 0.10000 3.65000"
873,0.0000,Tx-Rx,0,-73.6277,"-0.15000 1.10000 4.90000, 0.25000 0.10000 3.65000"
874,0.0000,Tx-Rx,0,-46.4107,"-0.15000 1.10000 4.90000, -0.05000 0.10000 3.65000"
875,0.0000,Tx-Rx,0,-44.9916,"-0.15000 1.10000 4.90000, -0.35000 0.10000 3.65000"
876,0.0000,Tx-Rx,0,-46.6022,"-0.15000 1.10000 4.90000, -0.65000 0.10000 3.65000"
877,0.0000,Tx-Rx,0,-52.5158,"-0.15000 1.10000 4.90000, -0.95000 0.10000 3.65000"
878,0.0000,Tx-Rx,0,-54.7351,"-0.15000 1.10000 4.90000, -1.25000 0.10000 3.65000"
879,0.0000,Tx-Rx,0,-55.6949,"-0.15000 1.10000 4.90000, -1.55000 0.10000 3.65000"
880,0.0000,Tx-Rx,0,-52.9188,"-0.15000 1.10000 4.90000, -1.85000 0.10000 3.65000"
881,0.0000,Tx-Rx,0,-57.4313,"-0.15000 1.10000 4.90000, -2.15000 0.10000 3.65000"
882,0.0000,Tx-Rx,0,-64.3034,"-0.15000 1.10000 4.90000, -2.45000 0.10000 3.65000"
883,0.0000,Tx-Rx,0,-69.0531,"-0.15000 1.10000 4.90000, -2.75000 0.10000 3.65000"
884,0.0000,Tx-Rx,0,-68.5048,"-0.15000 1.10000 4.90000, -3.05000 0.10000 3.65000"
885,0.0000,Tx-Rx,0,-70.7860,"-0.15000 1.10000 4.90000, -3.35000 0.10000 3.65000"
886,0.0000,Tx-Rx,0,-76.2112,"-0.15000 1.10000 4.90000, -3.65000 0.10000 3.65000"
887,0.0000,Tx-Rx,0,-80.4097,"-0.15000 1.10000 4.90000, -3.95000 0.10000 3.65000"
888,0.0000,Tx-Rx,0,-81.8836,"-0.15000 1.10000 4.90000, -4.25000 0.10000 3.65000"
889,0.0000,Tx-Rx,0,-72.1058,"-0.15000 1.10000 4.90000, -4.55000 0.10000 3.65000"
890,0.0000,Tx-Rx,0,-84.0472,"-0.15000 1.10000 4.90000, -4.85000 0.10000 3.65000"
891,0.0000,Tx-Rx,0,-84.2758,"-0.15000 1.10000 4.90000, -5.15000 0.10000 3.65000"
892,0.0000,Tx-Rx,0,-78.0729,"-0.15000 1.10000 4.90000, -5.45000 0.10000 3.65000"
893,0.0000,Tx-Rx,0,-74.7501,"-0.15000 1.10000 4.90000, -5.75000 0.10000 3.65000"
894,0.0000,Tx-Rx,0,-73.6885,"-0.15000 1.10000 4.90000, -6.05000 0.10000 3.65000"
895,0.0000,Tx-Rx,0,-77.5817,"-0.15000 1.10000 4.90000, -6.35000 0.10000 3.65000"
896,0.0000,Tx-Rx,0,-73.5014,"-0.15000 1.10000 4.90000, -6.65000 0.10000 3.65000"
897,0.0000,Tx-Rx,0,-72.6812,"-0.15000 1.10000 4.90000, -6.95000 0.10000 3.65000"
898,0.0000,Tx-Rx,0,-73.6277,"-0.15000 1.10000 4.90000, -7.25000 0.10000 3.65000"
899,0.0000,Tx-Rx,0,-84.7674,"-0.15000 1.10000 4.90000, -7.55000 0.10000 3.65000"
900,0.0000,Tx-Rx,0,-88.9362,"-0.15000 1.10000 4.90000, -7.85000 0.10000 3.65000"
901,0.0000,Tx-Rx,0,-120.0000,"-0.15000 1.10000 4.90000, 9.85000 0.10000 3.35000"
902,0.0000,Tx-Rx,0,-103.8694,"-0.15000 1.10000 4.90000, 9.55000 0.10000 3.35000"
903,0.0000,Tx-Rx,0,-120.0000,"-0.15000 1.10000 4.90000, 9.25000 0.10000 3.35000"
904,0.0000,Tx-Rx,0,-120.0000,"-0.15000 1.10000 4.90000, 8.95000 0.10000 3.35000"
905,0.0000,Tx-Rx,0,-113.4021,"-0.15000 1.10000 4.90000, 8.65000 0.10000 3.35000"
906,0.0000,Tx-Rx,0,-99.2064,"-0.15000 1.10000 4.90000, 8.35000 0.10000 3.35000"
907,0.0000,Tx-Rx,0,-81.0549,"-0.15000 1.10000 4.90000, 8.05000 0.10000 3.35000"
908,0.0000,Tx-Rx,0,-77.4464,"-0.15000 1.10000 4.90000, 7.75000 0.10000 3.35000"
909,0.0000,Tx-Rx,0,-77.6706,"-0.15000 1.10000 4.90000, 7.45000 0.10000 3.35000"
910,0.0000,Tx-Rx,0,-76.8810,"-0.15000 1.10000 4.90000, 7.15000 0.10000 3.35000"
911,0.0000,Tx-Rx,0,-76.9286,"-0.15000 1.10000 4.90000, 6.85000 0.10000 3.35000"
912,0.0000,Tx-Rx,0,-75.6881,"-0.15000 1.10000 4.90000, 6.55000 0.10000 3.35000"
913,0.0000,Tx-Rx,0,-76.1762,"-0.15000 1.10000 4.90000, 6.25000 0.10000 3.35000"
914,0.0000,Tx-Rx,0,-75.1417,"-0.15000 1.10000 4.90000, 5.95000 0.10000 3.35000"
915,0.0000,Tx-Rx,0,-75.4688,"-0.15000 1.10000 4.90000, 5.65000 0.10000 3.35000"
916,0.0000,Tx-Rx,0,-75.7890,"-0.15000 1.10000 4.90000, 5.35000 0.10000 3.35000"
917,0.0000,Tx-Rx,0,-74.9770,"-0.15000 1.10000 4.90000, 5.05000 0.10000 3.35000"
918,0.0000,Tx-Rx,0,-75.2572,"-0.15000 1.10000 4.90000, 4.75000 0.10000 3.35000"
919,0.0000,Tx-Rx,0,-74.3775,"-0.15000 1.10000 4.90000, 4.45000 0.10000 3.35000"
920,0.0000,Tx-Rx,0,-74.0461,"-0.15000 1.10000 4.90000, 4.15000 0.10000 3.35000"
921,0.0000,Tx-Rx,0,-73.6175,"-0.15000 1.10000 4.90000, 3.85000 0.10000 3.35000"
922,0.0000,Tx-Rx,0,-73.0594,"-0.15000 1.10000 4.90000, 3.55000 0.10000 3.35000"
923,0.0000,Tx-Rx,0,-72.5432,"-0.15000 1.10000 4.90000, 3.25000 0.10000 3.35000"
924,0.0000,Tx-Rx,0,-71.7705,"-0.15000 1.10000 4.90000, 2.95000 0.10000 3.35000"
925,0.0000,Tx-Rx,0,-71.5106,"-0.15000 1.10000 4.90000, 2.65000 0.10000 3.35000"
926,0.0000,Tx-Rx,0,-70.9989,"-0.15000 1.10000 4.90000, 2.35000 0.10000 3.35000"
927,0.0000,Tx-Rx,0,-72.0623,"-0.15000 1.10000 4.90000, 2.05000 0.10000 3.35000"
928,0.0000,Tx-Rx,0,-71.0987,"-0.15000 1.10000 4.90000, 1.75000 0.10000 3.35000"
929,0.0000,Tx-Rx,0,-75.4978,"-0.15000 1.10000 4.90000, 1.45000 0.10000 3.35000"
930,0.0000,Tx-Rx,0,-75.7369,"-0.15000 1.10000 4.90000, 1.15000 0.10000 3.35000"
931,0.0000,Tx-Rx,0,-75.6558,"-0.15000 1.10000 4.90000, 0.85000 0.10000 3.35000"
932,0.0000,Tx-Rx,0,-75.5816,"-0.15000 1.10000 4.90000, 0.55000 0.10000 3.35000"
933,0.0000,Tx-Rx,0,-75.2727,"-0.15000 1.10000 4.90000, 0.25000 0.10000 3.35000"
934,0.0000,Tx-Rx,0,-48.4352,"-0.15000 1.10000 4.90000, -0.05000 0.10000 3.35000"
935,0.0000,Tx-Rx,0,-46.3335,"-0.15000 1.10000 4.90000, -0.35000 0.10000 3.35000"
936,0.0000,Tx-Rx,0,-47.3632,"-0.15000 1.10000 4.90000, -0.65000 0.10000 3.35000"
937,0.0000,Tx-Rx,0,-50.5656,"-0.15000 1.10000 4.90000, -0.95000 0.10000 3.35000"
938,0.0000,Tx-Rx,0,-54.7394,"-0.15000 1.10000 4.90000, -1.25000 0.10000 3.35000"
939,0.0000,Tx-Rx,0,-55.2819,"-0.15000 1.10000 4.90000, -1.55000 0.10000 3.35000"
940,0.0000,Tx-Rx,0,-52.7558,"-0.15000 1.10000 4.90000, -1.85000 0.10000 3.35000"
941,0.0000,Tx-Rx,0,-56.4404,"-0.15000 1.10000 4.90000, -2.15000 0.10000 3.35000"
942,0.0000,Tx-Rx,0,-60.7269,"-0.15000 1.10000 4.90000, -2.45000 0.10000 3.35000"
943,0.0000,Tx-Rx,0,-65.2410,"-0.15000 1.10000 4.90000, -2.75000 0.10000 3.35000"
944,0.0000,Tx-Rx,0,-69.1803,"-0.15000 1.10000 4.90000, -3.05000 0.10000 3.35000"
945,0.0000,Tx-Rx,0,-73.0798,"-0.15000 1.10000 4.90000, -3.35000 0.10000 3.35000"
946,0.0000,Tx-Rx,0,-77.3760,"-0.15000 1.10000 4.90000, -3.65000 0.10000 3.35000"
947,0.0000,Tx-Rx,0,-79.5414,"-0.15000 1.10000 4.90000, -3.95000 0.10000 3.35000"
948,0.0000,Tx-Rx,0,-78.7690,"-0.15000 1.10000 4.90000, -4.25000 0.10000 3.35000"
949,0.0000,Tx-Rx,0,-71.0393,"-0.15000 1.10000 4.90000, -4.55000 0.10000 3.35000"
950,0.0000,Tx-Rx,0,-80.0205,"-0.15000 1.10000 4.90000, -4.85000 0.10000 3.35000"
951,0.0000,Tx-Rx,0,-85.1951,"-0.15000 1.10000 4.90000, -5.15000 0.10000 3.35000"
952,0.0000,Tx-Rx,0,-76.7742,"-0.15000 1.10000 4.90000, -5.45000 0.10000 3.35000"
953,0.0000,Tx-Rx,0,-74.7142,"-0.15000 1.10000 4.90000, -5.75000 0.10000 3.35000"
954,0.0000,Tx-Rx,0,-75.1829,"-0.15000 1.10000 4.90000, -6.05000 0.10000 3.35000"
955,0.0000,Tx-Rx,0,-74.7977,"-0.15000 1.10000 4.90000, -6.35000 0.10000 3.35000"
956,0.0000,Tx-Rx,0,-72.0462,"-0.15000 1.10000 4.90000, -6.65000 0.10000 3.35000"
957,0.0000,Tx-Rx,0,-72.4319,"-0.15000 1.10000 4.90000, -6.95000 0.10000 3.35000"
958,0.0000,Tx-Rx,0,-76.3633,"-0.15000 1.10000 4.90000, -7.25000 0.10000 3.35000"
959,0.0000,Tx-Rx,0,-90.8359,"-0.15000 1.10000 4.90000, -7.55000 0.10000 3.35000"
960,0.0000,Tx-Rx,0,-89.9600,"-0.15000 1.10000 4.90000, -7.85000 0.10000 3.35000"
961,0.0000,Tx-Rx,0,-96.0979,"-0.15000 1.10000 4.90000, 9.85000 0.10000 3.05000"
962,0.0000,Tx-Rx,0,-90.9748,"-0.15000 1.10000 4.90000, 9.55000 0.10000 3.05000"
963,0.0000,Tx-Rx,0,-91.7106,"-0.15000 1.10000 4.90000, 9.25000 0.10000 3.05000"
964,0.0000,Tx-Rx,0,-91.9588,"-0.15000 1.10000 4.90000, 8.95000 0.10000 3.05000"
965,0.0000,Tx-Rx,0,-91.8768,"-0.15000 1.10000 4.90000, 8.65000 0.10000 3.05000"
966,0.0000,Tx-Rx,0,-85.4883,"-0.15000 1.10000 4.90000, 8.35000 0.10000 3.05000"
967,0.0000,Tx-Rx,0,-80.9039,"-0.15000 1.10000 4.90000, 8.05000 0.10000 3.05000"
968,0.0000,Tx-Rx,0,-77.6209,"-0.15000 1.10000 4.90000, 7.75000 0.10000 3.05000"
969,0.0000,Tx-Rx,0,-76.2290,"-0.15000 1.10000 4.90000, 7.45000 0.10000 3.05000"
970,0.0000,Tx-Rx,0,-76.5619,"-0.15000 1.10000 4.90000, 7.15000 0.10000 3.05000"
971,0.0000,Tx-Rx,0,-76.6246,"-0.15000 1.10000 4.90000, 6.85000 0.10000 3.05000"
972,0.0000,Tx-Rx,0,-75.9475,"-0.15000 1.10000 4.90000, 6.55000 0.10000 3.05000"
973,0.0000,Tx-Rx,0,-75.6422,"-0.15000 1.10000 4.90000, 6.25000 0.10000 3.05000"
974,0.0000,Tx-Rx,0,-76.3739,"-0.15000 1.10000 4.90000, 5.95000 0.10000 3.05000"
975,0.0000,Tx-Rx,0,-76.0659,"-0.15000 1.10000 4.90000, 5.65000 0.10000 3.05000"
976,0.0000,Tx-Rx,0,-75.9033,"-0.15000 1.10000 4.90000, 5.35000 0.10000 3.05000"
977,0.0000,Tx-Rx,0,-75.0392,"-0.15000 1.10000 4.90000, 5.05000 0.10000 3.05000"
978,0.0000,Tx-Rx,0,-75.5708,"-0.15000 1.10000 4.90000, 4.75000 0.10000 3.05000"
979,0.0000,Tx-Rx,0,-74.3809,"-0.15000 1.10000 4.90000, 4.45000 0.10000 3.05000"
980,0.0000,Tx-Rx,0,-74.3408,"-0.15000 1.10000 4.90000, 4.15000 0.10000 3.05000"
981,0.0000,Tx-Rx,0,-74.2405,"-0.15000 1.10000 4.90000, 3.85000 0.10000 3.05000"
982,0.0000,Tx-Rx,0,-73.3686,"-0.15000 1.10000 4.90000, 3.55000 0.10000 3.05000"
983,0.0000,Tx-Rx,0,-73.2575,"-0.15000 1.10000 4.90000, 3.25000 0.10000 3.05000"
984,0.0000,Tx-Rx,0,-72.6017,"-0.15000 1.10000 4.90000, 2.95000 0.10000 3.05000"
985,0.0000,Tx-Rx,0,-72.2220,"-0.15000 1.10000 4.90000, 2.65000 0.10000 3.05000"
986,0.0000,Tx-Rx,0,-71.5816,"-0.15000 1.10000 4.90000, 2.35000 0.10000 3.05000"
987,0.0000,Tx-Rx,0,-72.6300,"-0.15000 1.10000 4.90000, 2.05000 0.10000 3.05000"
988,0.0000,Tx-Rx,0,-71.6989,"-0.15000 1.10000 4.90000, 1.75000 0.10000 3.05000"
989,0.0000,Tx-Rx,0,-76.0560,"-0.15000 1.10000 4.90000, 1.45000 0.10000 3.05000"
990,0.0000,Tx-Rx,0,-77.1165,"-0.15000 1.10000 4.90000, 1.15000 0.10000 3.05000"
991,0.0000,Tx-Rx,0,-77.8502,"-0.15000 1.10000 4.90000, 0.85000 0.10000 3.05000"
992,0.0000,Tx-Rx,0,-77.2929,"-0.15000 1.10000 4.90000, 0.55000 0.10000 3.05000"
993,0.0000,Tx-Rx,0,-76.3646,"-0.15000 1.10000 4.90000, 0.25000 0.10000 3.05000"
994,0.0000,Tx-Rx,0,-49.9342,"-0.15000 1.10000 4.90000, -0.05000 0.10000 3.05000"
995,0.0000,Tx-Rx,0,-48.3412,"-0.15000 1.10000 4.90000, -0.35000 0.10000 3.05000"
996,0.0000,Tx-Rx,0,-48.6389,"-0.15000 1.10000 4.90000, -0.65000 0.10000 3.05000"
997,0.0000,Tx-Rx,0,-49.8900,"-0.15000 1.10000 4.90000, -0.95000 0.10000 3.05000"
998,0.0000,Tx-Rx,0,-54.8502,"-0.15000 1.10000 4.90000, -1.25000 0.10000 3.05000"
999,0.0000,Tx-Rx,0,-55.2984,"-0.15000 1.10000 4.90000, -1.55000 0.10000 3.05000"
1000,0.0000,Tx-Rx,0,-52.6023,"-0.15000 1.10000 4.90000, -1.85000 0.10000 3.05000"
1001,0.0000,Tx-Rx,0,-56.0414,"-0.15000 1.10000 4.90000, -2.15000 0.10000 3.05000"
1002,0.0000,Tx-Rx,0,-60.7364,"-0.15000 1.10000 4.90000, -2.45000 0.10000 3.05000"
1003,0.0000,Tx-Rx,0,-67.4246,"-0.15000 1.10000 4.90000, -2.75000 0.10000 3.05000"
1004,0.0000,Tx-Rx,0,-70.1832,"-0.15000 1.10000 4.90000, -3.05000 0.10000 3.05000"
1005,0.0000,Tx-Rx,0,-71.0474,"-0.15000 1.10000 4.90000, -3.35000 0.10000 3.05000"
1006,0.0000,Tx-Rx,0,-75.6881,"-0.15000 1.10000 4.90000, -3.65000 0.10000 3.05000"
1007,0.0000,Tx-Rx,0,-81.3283,"-0.15000 1.10000 4.90000, -3.95000 0.10000 3.05000"
1008,0.0000,Tx-Rx,0,-73.5082,"-0.15000 1.10000 4.90000, -4.25000 0.10000 3.05000"
1009,0.0000,Tx-Rx,0,-71.3803,"-0.15000 1.10000 4.90000, -4.55000 0.10000 3.05000"
1010,0.0000,Tx-Rx,0,-77.6471,"-0.15000 1.10000 4.90000, -4.85000 0.10000 3.05000"
1011,0.0000,Tx-Rx,0,-76.1565,"-0.15000 1.10000 4.90000, -5.15000 0.10000 3.05000"
1012,0.0000,Tx-Rx,0,-73.0015,"-0.15000 1.10000 4.90000, -5.45000 0.10000 3.05000"
1013,0.0000,Tx-Rx,0,-72.0638,"-0.15000 1.10000 4.90000, -5.75000 0.10000 3.05000"
1014,0.0000,Tx-Rx,0,-73.7744,"-0.15000 1.10000 4.90000, -6.05000 0.10000 3.05000"
1015,0.0000,Tx-Rx,0,-71.9119,"-0.15000 1.10000 4.90000, -6.35000 0.10000 3.05000"
1016,0.0000,Tx-Rx,0,-71.3380,"-0.15000 1.10000 4.90000, -6.65000 0.10000 3.05000"
1017,0.0000,Tx-Rx,0,-72.4155,"-0.15000 1.10000 4.90000, -6.95000 0.10000 3.05000"
1018,0.0000,Tx-Rx,0,-82.1016,"-0.15000 1.10000 4.90000, -7.25000 0.10000 3.05000"
1019,0.0000,Tx-Rx,0,-90.4482,"-0.15000 1.10000 4.90000, -7.55000 0.10000 3.05000"
1020,0.0000,Tx-Rx,0,-89.4688,"-0.15000 1.10000 4.90000, -7.85000 0.10000 3.05000"
1021,0.0000,Tx-Rx,0,-80.1893,"-0.15000 1.10000 4.90000, 9.85000 0.10000 2.75000"
1022,0.0000,Tx-Rx,0,-79.8912,"-0.15000 1.10000 4.90000, 9.55000 0.10000 2.75000"
1023,0.0000,Tx-Rx,0,-80.5483,"-0.15000 1.10000 4.90000, 9.25000 0.10000 2.75000"
1024,0.0000,Tx-Rx,0,-78.1338,"-0.15000 1.10000 4.90000, 8.95000 0.10000 2.75000"
1025,0.0000,Tx-Rx,0,-76.5540,"-0.15000 1.10000 4.90000, 8.65000 0.10000 2.75000"
1026,0.0000,Tx-Rx,0,-76.6931,"-0.15000 1.10000 4.90000, 8.35000 0.10000 2.75000"
1027,0.0000,Tx-Rx,0,-78.6266,"-0.15000 1.10000 4.90000, 8.05000 0.10000 2.75000"
1028,0.0000,Tx-Rx,0,-77.0362,"-0.15000 1.10000 4.90000, 7.75000 0.10000 2.75000"
1029,0.0000,Tx-Rx,0,-77.3330,"-0.15000 1.10000 4.90000, 7.45000 0.10000 2.75000"
1030,0.0000,Tx-Rx,0,-77.5376,"-0.15000 1.10000 4.90000, 7.15000 0.10000 2.75000"
1031,0.0000,Tx-Rx,0,-77.7070,"-0.15000 1.10000 4.90000, 6.85000 0.10000 2.75000"
1032,0.0000,Tx-Rx,0,-77.2626,"-0.15000 1.10000 4.90000, 6.55000 0.10000 2.75000"
1033,0.0000,Tx-Rx,0,-76.3333,"-0.15000 1.10000 4.90000, 6.25000 0.10000 2.75000"
1034,0.0000,Tx-Rx,0,-76.4200,"-0.15000 1.10000 4.90000, 5.95000 0.10000 2.75000"
1035,0.0000,Tx-Rx,0,-76.2548,"-0.15000 1.10000 4.90000, 5.65000 0.10000 2.75000"
1036,0.0000,Tx-Rx,0,-75.9373,"-0.15000 1.10000 4.90000, 5.35000 0.10000 2.75000"
1037,0.0000,Tx-Rx,0,-75.5409,"-0.15000 1.10000 4.90000, 5.05000 0.10000 2.75000"
1038,0.0000,Tx-Rx,0,-75.1529,"-0.15000 1.10000 4.90000, 4.75000 0.10000 2.75000"
1039,0.0000,Tx-Rx,0,-74.6796,"-0.15000 1.10000 4.90000, 4.45000 0.10000 2.75000"
1040,0.0000,Tx-Rx,0,-74.2151,"-0.15000 1.10000 4.90000, 4.15000 0.10000 2.75000"
1041,0.0000,Tx-Rx,0,-74.0785,"-0.15000 1.10000 4.90000, 3.85000 0.10000 2.75000"
1042,0.0000,Tx-Rx,0,-73.7242,"-0.15000 1.10000 4.90000, 3.55000 0.10000 2.75000"
1043,0.0000,Tx-Rx,0,-73.5270,"-0.15000 1.10000 4.90000, 3.25000 0.10000 2.75000"
1044,0.0000,Tx-Rx,0,-73.3326,"-0.15000 1.10000 4.90000, 2.95000 0.10000 2.75000"
1045,0.0000,Tx-Rx,0,-73.0576,"-0.15000 1.10000 4.90000, 2.65000 0.10000 2.75000"
1046,0.0000,Tx-Rx,0,-72.6614,"-0.15000 1.10000 4.90000, 2.35000 0.10000 2.75000"
1047,0.0000,Tx-Rx,0,-73.7730,"-0.15000 1.10000 4.90000, 2.05000 0.10000 2.75000"
1048,0.0000,Tx-Rx,0,-73.0702,"-0.15000 1.10000 4.90000, 1.75000 0.10000 2.75000"
1049,0.0000,Tx-Rx,0,-77.6186,"-0.15000 1.10000 4.90000, 1.45000 0.10000 2.75000"
1050,0.0000,Tx-Rx,0,-78.0187,"-0.15000 1.10000 4.90000, 1.15000 0.10000 2.75000"
1051,0.0000,Tx-Rx,0,-79.2040,"-0.15000 1.10000 4.90000, 0.85000 0.10000 2.75000"
1052,0.0000,Tx-Rx,0,-79.4175,"-0.15000 1.10000 4.90000, 0.55000 0.10000 2.75000"
1053,0.0000,Tx-Rx,0,-76.8221,"-0.15000 1.10000 4.90000, 0.25000 0.10000 2.75000"
1054,0.0000,Tx-Rx,0,-51.3864,"-0.15000 1.10000 4.90000, -0.05000 0.10000 2.75000"
1055,0.0000,Tx-Rx,0,-50.0337,"-0.15000 1.10000 4.90000, -0.35000 0.10000 2.75000"
1056,0.0000,Tx-Rx,0,-49.9438,"-0.15000 1.10000 4.90000, -0.65000 0.10000 2.75000"
1057,0.0000,Tx-Rx,0,-50.6987,"-0.15000 1.10000 4.90000, -0.95000 0.10000 2.75000"
1058,0.0000,Tx-Rx,0,-53.3039,"-0.15000 1.10000 4.90000, -1.25000 0.10000 2.75000"
1059,0.0000,Tx-Rx,0,-55.3502,"-0.15000 1.10000 4.90000, -1.55000 0.10000 2.75000"
1060,0.0000,Tx-Rx,0,-52.6717,"-0.15000 1.10000 4.90000, -1.85000 0.10000 2.75000"
1061,0.0000,Tx-Rx,0,-55.7954,"-0.15000 1.10000 4.90000, -2.15000 0.10000 2.75000"
1062,0.0000,Tx-Rx,0,-59.5656,"-0.15000 1.10000 4.90000, -2.45000 0.10000 2.75000"
1063,0.0000,Tx-Rx,0,-66.8810,"-0.15000 1.10000 4.90000, -2.75000 0.10000 2.75000"
1064,0.0000,Tx-Rx,0,-68.8983,"-0.15000 1.10000 4.90000, -3.05000 0.10000 2.75000"
1065,0.0000,Tx-Rx,0,-70.6225,"-0.15000 1.10000 4.90000, -3.35000 0.10000 2.75000"
1066,0.0000,Tx-Rx,0,-77.0104,"-0.15000 1.10000 4.90000, -3.65000 0.10000 2.75000"
1067,0.0000,Tx-Rx,0,-87.5363,"-0.15000 1.10000 4.90000, -3.95000 0.10000 2.75000"
1068,0.0000,Tx-Rx,0,-71.0758,"-0.15000 1.10000 4.90000, -4.25000 0.10000 2.75000"
1069,0.0000,Tx-Rx,0,-73.4904,"-0.15000 1.10000 4.90000, -4.55000 0.10000 2.75000"
1070,0.0000,Tx-Rx,0,-81.6824,"-0.15000 1.10000 4.90000, -4.85000 0.10000 2.75000"
1071,0.0000,Tx-Rx,0,-73.5504,"-0.15000 1.10000 4.90000, -5.15000 0.10000 2.75000"
1072,0.0000,Tx-Rx,0,-71.2783,"-0.15000 1.10000 4.90000, -5.45000 0.10000 2.75000"
1073,0.0000,Tx-Rx,0,-71.8323,"-0.15000 1.10000 4.90000, -5.75000 0.10000 2.75000"
1074,0.0000,Tx-Rx,0,-73.0149,"-0.15000 1.10000 4.90000, -6.05000 0.10000 2.75000"
1075,0.0000,Tx-Rx,0,-71.5283,"-0.15000 1.10000 4.90000, -6.35000 0.10000 2.75000"
1076,0.0000,Tx-Rx,0,-71.0125,"-0.15000 1.10000 4.90000, -6.65000 0.10000 2.75000"
1077,0.0000,Tx-Rx,0,-73.1933,"-0.15000 1.10000 4.90000, -6.95000 0.10000 2.75000"
1078,0.0000,Tx-Rx,0,-83.6791,"-0.15000 1.10000 4.90000, -7.25000 0.10000 2.75000"
1079,0.0000,Tx-Rx,0,-91.2743,"-0.15000 1.10000 4.90000, -7.55000 0.10000 2.75000"
1080,0.0000,Tx-Rx,0,-91.0316,"-0.15000 1.10000 4.90000, -7.85000 0.10000 2.75000"
1081,0.0000,Tx-Rx,0,-79.8874,"-0.15000 1.10000 4.90000, 9.85000 0.10000 2.45000"
1082,0.0000,Tx-Rx,0,-78.8655,"-0.15000 1.10000 4.90000, 9.55000 0.10000 2.45000"
1083,0.0000,Tx-Rx,0,-79.6404,"-0.15000 1.10000 4.90000, 9.25000 0.10000 2.45000"
1084,0.0000,Tx-Rx,0,-79.2988,"-0.15000 1.10000 4.90000, 8.95000 0.10000 2.45000"
1085,0.0000,Tx-Rx,0,-79.4361,"-0.15000 1.10000 4.90000, 8.65000 0.10000 2.45000"
1086,0.0000,Tx-Rx,0,-77.0694,"-0.15000 1.10000 4.90000, 8.35000 0.10000 2.45000"
1087,0.0000,Tx-Rx,0,-78.2964,"-0.15000 1.10000 4.90000, 8.05000 0.10000 2.45000"
1088,0.0000,Tx-Rx,0,-77.3999,"-0.15000 1.10000 4.90000, 7.75000 0.10000 2.45000"
1089,0.0000,Tx-Rx,0,-76.6004,"-0.15000 1.10000 4.90000, 7.45000 0.10000 2.45000"
1090,0.0000,Tx-Rx,0,-77.1758,"-0.15000 1.10000 4.90000, 7.15000 0.10000 2.45000"
1091,0.0000,Tx-Rx,0,-77.1109,"-0.15000 1.10000 4.90000, 6.85000 0.10000 2.45000"
1092,0.0000,Tx-Rx,0,-77.7915,"-0.15000 1.10000 4.90000, 6.55000 0.10000 2.45000"
1093,0.0000,Tx-Rx,0,-76.7122,"-0.15000 1.10000 4.90000, 6.25000 0.10000 2.45000"
1094,0.0000,Tx-Rx,0,-76.5535,"-0.15000 1.10000 4.90000, 5.95000 0.10000 2.45000"
1095,0.0000,Tx-Rx,0,-76.5976,"-0.15000 1.10000 4.90000, 5.65000 0.10000 2.45000"
1096,0.0000,Tx-Rx,0,-76.3669,"-0.15000 1.10000 4.90000, 5.35000 0.10000 2.45000"
1097,0.0000,Tx-Rx,0,-76.6658,"-0.15000 1.10000 4.90000, 5.05000 0.10000 2.45000"
1098,0.0000,Tx-Rx,0,-75.6692,"-0.15000 1.10000 4.90000, 4.75000 0.10000 2.45000"
1099,0.0000,Tx-Rx,0,-75.5669,"-0.15000 1.10000 4.90000, 4.45000 0.10000 2.45000"
1100,0.0000,Tx-Rx,0,-75.3479,"-0.15000 1.10000 4.90000, 4.15000 0.10000 2.45000"
1101,0.0000,Tx-Rx,0,-74.5176,"-0.15000 1.10000 4.90000, 3.85000 0.10000 2.45000"
1102,0.0000,Tx-Rx,0,-74.4678,"-0.15000 1.10000 4.90000, 3.55000 0.10000 2.45000"
1103,0.0000,Tx-Rx,0,-74.0085,"-0.15000 1.10000 4.90000, 3.25000 0.10000 2.45000"
1104,0.0000,Tx-Rx,0,-73.5990,"-0.15000 1.10000 4.90000, 2.95000 0.10000 2.45000"
1105,0.0000,Tx-Rx,0,-73.7182,"-0.15000 1.10000 4.90000, 2.65000 0.10000 2.45000"
1106,0.0000,Tx-Rx,0,-73.8276,"-0.15000 1.10000 4.90000, 2.35000 0.10000 2.45000"
1107,0.0000,Tx-Rx,0,-74.8801,"-0.15000 1.10000 4.90000, 2.05000 0.10000 2.45000"
1108,0.0000,Tx-Rx,0,-74.0276,"-0.15000 1.10000 4.90000, 1.75000 0.10000 2.45000"
1109,0.0000,Tx-Rx,0,-78.9692,"-0.15000 1.10000 4.90000, 1.45000 0.10000 2.45000"
1110,0.0000,Tx-Rx,0,-79.6743,"-0.15000 1.10000 4.90000, 1.15000 0.10000 2.45000"
1111,0.0000,Tx-Rx,0,-80.8932,"-0.15000 1.10000 4.90000, 0.85000 0.10000 2.45000"
1112,0.0000,Tx-Rx,0,-80.2254,"-0.15000 1.10000 4.90000, 0.55000 0.10000 2.45000"
1113,0.0000,Tx-Rx,0,-76.8235,"-0.15000 1.10000 4.90000, 0.25000 0.10000 2.45000"
1114,0.0000,Tx-Rx,0,-52.7141,"-0.15000 1.10000 4.90000, -0.05000 0.10000 2.45000"
1115,0.0000,Tx-Rx,0,-51.3876,"-0.15000 1.10000 4.90000, -0.35000 0.10000 2.45000"
1116,0.0000,Tx-Rx,0,-51.5391,"-0.15000 1.10000 4.90000, -0.65000 0.10000 2.45000"
1117,0.0000,Tx-Rx,0,-51.7905,"-0.15000 1.10000 4.90000, -0.95000 0.10000 2.45000"
1118,0.0000,Tx-Rx,0,-52.6288,"-0.15000 1.10000 4.90000, -1.25000 0.10000 2.45000"
1119,0.0000,Tx-Rx,0,-55.3108,"-0.15000 1.10000 4.90000, -1.55000 0.10000 2.45000"
1120,0.0000,Tx-Rx,0,-52.7177,"-0.15000 1.10000 4.90000, -1.85000 0.10000 2.45000"
1121,0.0000,Tx-Rx,0,-55.9545,"-0.15000 1.10000 4.90000, -2.15000 0.10000 2.45000"
1122,0.0000,Tx-Rx,0,-59.3041,"-0.15000 1.10000 4.90000, -2.45000 0.10000 2.45000"
1123,0.0000,Tx-Rx,0,-67.2709,"-0.15000 1.10000 4.90000, -2.75000 0.10000 2.45000"
1124,0.0000,Tx-Rx,0,-68.8590,"-0.15000 1.10000 4.90000, -3.05000 0.10000 2.45000"
1125,0.0000,Tx-Rx,0,-70.1516,"-0.15000 1.10000 4.90000, -3.35000 0.10000 2.45000"
1126,0.0000,Tx-Rx,0,-78.9988,"-0.15000 1.10000 4.90000, -3.65000 0.10000 2.45000"
1127,0.0000,Tx-Rx,0,-92.6222,"-0.15000 1.10000 4.90000, -3.95000 0.10000 2.45000"
1128,0.0000,Tx-Rx,0,-70.5697,"-0.15000 1.10000 4.90000, -4.25000 0.10000 2.45000"
1129,0.0000,Tx-Rx,0,-78.6297,"-0.15000 1.10000 4.90000, -4.55000 0.10000 2.45000"
1130,0.0000,Tx-Rx,0,-77.2830,"-0.15000 1.10000 4.90000, -4.85000 0.10000 2.45000"
1131,0.0000,Tx-Rx,0,-73.1734,"-0.15000 1.10000 4.90000, -5.15000 0.10000 2.45000"
1132,0.0000,Tx-Rx,0,-70.4306,"-0.15000 1.10000 4.90000, -5.45000 0.10000 2.45000"
1133,0.0000,Tx-Rx,0,-71.9761,"-0.15000 1.10000 4.90000, -5.75000 0.10000 2.45000"
1134,0.0000,Tx-Rx,0,-71.7098,"-0.15000 1.10000 4.90000, -6.05000 0.10000 2.45000"
1135,0.0000,Tx-Rx,0,-71.3925,"-0.15000 1.10000 4.90000, -6.35000 0.10000 2.45000"
1136,0.0000,Tx-Rx,0,-71.8286,"-0.15000 1.10000 4.90000, -6.65000 0.10000 2.45000"
1137,0.0000,Tx-Rx,0,-76.7947,"-0.15000 1.10000 4.90000, -6.95000 0.10000 2.45000"
1138,0.0000,Tx-Rx,0,-78.7566,"-0.15000 1.10000 4.90000, -7.25000 0.10000 2.45000"
1139,0.0000,Tx-Rx,0,-83.2039,"-0.15000 1.10000 4.90000, -7.55000 0.10000 2.45000"
1140,0.0000,Tx-Rx,0,-89.0995,"-0.15000 1.10000 4.90000, -7.85000 0.10000 2.45000"
1141,0.0000,Tx-Rx,0,-86.1025,"-0.15000 1.10000 4.90000, 9.85000 0.10000 2.15000"
1142,0.0000,Tx-Rx,0,-82.1778,"-0.15000 1.10000 4.90000, 9.55000 0.10000 2.15000"
1143,0.0000,Tx-Rx,0,-80.9709,"-0.15000 1.10000 4.90000, 9.25000 0.10000 2.15000"
1144,0.0000,Tx-Rx,0,-78.1571,"-0.15000 1.10000 4.90000, 8.95000 0.10000 2.15000"
1145,0.0000,Tx-Rx,0,-77.0045,"-0.15000 1.10000 4.90000, 8.65000 0.10000 2.15000"
1146,0.0000,Tx-Rx,0,-76.9289,"-0.15000 1.10000 4.90000, 8.35000 0.10000 2.15000"
1147,0.0000,Tx-Rx,0,-79.0311,"-0.15000 1.10000 4.90000, 8.05000 0.10000 2.15000"
1148,0.0000,Tx-Rx,0,-77.8986,"-0.15000 1.10000 4.90000, 7.75000 0.10000 2.15000"
1149,0.0000,Tx-Rx,0,-77.7381,"-0.15000 1.10000 4.90000, 7.45000 0.10000 2.15000"
1150,0.0000,Tx-Rx,0,-77.7106,"-0.15000 1.10000 4.90000, 7.15000 0.10000 2.15000"
1151,0.0000,Tx-Rx,0,-77.8809,"-0.15000 1.10000 4.90000, 6.85000 0.10000 2.15000"
1152,0.0000,Tx-Rx,0,-77.8258,"-0.15000 1.10000 4.90000, 6.55000 0.10000 2.15000"
1153,0.0000,Tx-Rx,0,-77.6524,"-0.15000 1.10000 4.90000, 6.25000 0.10000 2.15000"
1154,0.0000,Tx-Rx,0,-76.5150,"-0.15000 1.10000 4.90000, 5.95000 0.10000 2.15000"
1155,0.0000,Tx-Rx,0,-76.5304,"-0.15000 1.10000 4.90000, 5.65000 0.10000 2.15000"
1156,0.0000,Tx-Rx,0,-77.1080,"-0.15000 1.10000 4.90000, 5.35000 0.10000 2.15000"
1157,0.0000,Tx-Rx,0,-76.2333,"-0.15000 1.10000 4.90000, 5.05000 0.10000 2.15000"
1158,0.0000,Tx-Rx,0,-75.6451,"-0.15000 1.10000 4.90000, 4.75000 0.10000 2.15000"
1159,0.0000,Tx-Rx,0,-75.2690,"-0.15000 1.10000 4.90000, 4.45000 0.10000 2.15000"
1160,0.0000,Tx-Rx,0,-75.5856,"-0.15000 1.10000 4.90000, 4.15000 0.10000 2.15000"
1161,0.0000,Tx-Rx,0,-75.1180,"-0.15000 1.10000 4.90000, 3.85000 0.10000 2.15000"
1162,0.0000,Tx-Rx,0,-74.7936,"-0.15000 1.10000 4.90000, 3.55000 0.10000 2.15000"
1163,0.0000,Tx-Rx,0,-74.1143,"-0.15000 1.10000 4.90000, 3.25000 0.10000 2.15000"
1164,0.0000,Tx-Rx,0,-74.0022,"-0.15000 1.10000 4.90000, 2.95000 0.10000 2.15000"
1165,0.0000,Tx-Rx,0,-74.4431,"-0.15000 1.10000 4.90000, 2.65000 0.10000 2.15000"
1166,0.0000,Tx-Rx,0,-73.6364,"-0.15000 1.10000 4.90000, 2.35000 0.10000 2.15000"
1167,0.0000,Tx-Rx,0,-74.7392,"-0.15000 1.10000 4.90000, 2.05000 0.10000 2.15000"
1168,0.0000,Tx-Rx,0,-75.0134,"-0.15000 1.10000 4.90000, 1.75000 0.10000 2.15000"
1169,0.0000,Tx-Rx,0,-79.4188,"-0.15000 1.10000 4.90000, 1.45000 0.10000 2.15000"
1170,0.0000,Tx-Rx,0,-80.8430,"-0.15000 1.10000 4.90000, 1.15000 0.10000 2.15000"
1171,0.0000,Tx-Rx,0,-83.1870,"-0.15000 1.10000 4.90000, 0.85000 0.10000 2.15000"
1172,0.0000,Tx-Rx,0,-82.3232,"-0.15000 1.10000 4.90000, 0.55000 0.10000 2.15000"
1173,0.0000,Tx-Rx,0,-76.8353,"-0.15000 1.10000 4.90000, 0.25000 0.10000 2.15000"
1174,0.0000,Tx-Rx,0,-52.9705,"-0.15000 1.10000 4.90000, -0.05000 0.10000 2.15000"
1175,0.0000,Tx-Rx,0,-51.5919,"-0.15000 1.10000 4.90000, -0.35000 0.10000 2.15000"
1176,0.0000,Tx-Rx,0,-52.0572,"-0.15000 1.10000 4.90000, -0.65000 0.10000 2.15000"
1177,0.0000,Tx-Rx,0,-52.0415,"-0.15000 1.10000 4.90000, -0.95000 0.10000 2.15000"
1178,0.0000,Tx-Rx,0,-52.3483,"-0.15000 1.10000 4.90000, -1.25000 0.10000 2.15000"
1179,0.0000,Tx-Rx,0,-53.5506,"-0.15000 1.10000 4.90000, -1.55000 0.10000 2.15000"
1180,0.0000,Tx-Rx,0,-52.6805,"-0.15000 1.10000 4.90000, -1.85000 0.10000 2.15000"
1181,0.0000,Tx-Rx,0,-53.8070,"-0.15000 1.10000 4.90000, -2.15000 0.10000 2.15000"
1182,0.0000,Tx-Rx,0,-58.0887,"-0.15000 1.10000 4.90000, -2.45000 0.10000 2.15000"
1183,0.0000,Tx-Rx,0,-65.1802,"-0.15000 1.10000 4.90000, -2.75000 0.10000 2.15000"
1184,0.0000,Tx-Rx,0,-69.2910,"-0.15000 1.10000 4.90000, -3.05000 0.10000 2.15000"
1185,0.0000,Tx-Rx,0,-70.4789,"-0.15000 1.10000 4.90000, -3.35000 0.10000 2.15000"
1186,0.0000,Tx-Rx,0,-79.9141,"-0.15000 1.10000 4.90000, -3.65000 0.10000 2.15000"
1187,0.0000,Tx-Rx,0,-87.8560,"-0.15000 1.10000 4.90000, -3.95000 0.10000 2.15000"
1188,0.0000,Tx-Rx,0,-69.9870,"-0.15000 1.10000 4.90000, -4.25000 0.10000 2.15000"
1189,0.0000,Tx-Rx,0,-86.3405,"-0.15000 1.10000 4.90000, -4.55000 0.10000 2.15000"
1190,0.0000,Tx-Rx,0,-76.2218,"-0.15000 1.10000 4.90000, -4.85000 0.10000 2.15000"
1191,0.0000,Tx-Rx,0,-71.5544,"-0.15000 1.10000 4.90000, -5.15000 0.10000 2.15000"
1192,0.0000,Tx-Rx,0,-70.7574,"-0.15000 1.10000 4.90000, -5.45000 0.10000 2.15000"
1193,0.0000,Tx-Rx,0,-70.1208,"-0.15000 1.10000 4.90000, -5.75000 0.10000 2.15000"
1194,0.0000,Tx-Rx,0,-70.3950,"-0.15000 1.10000 4.90000, -6.05000 0.10000 2.15000"
1195,0.0000,Tx-Rx,0,-70.7133,"-0.15000 1.10000 4.90000, -6.35000 0.10000 2.15000"
1196,0.0000,Tx-Rx,0,-72.7982,"-0.15000 1.10000 4.90000, -6.65000 0.10000 2.15000"
1197,0.0000,Tx-Rx,0,-79.1947,"-0.15000 1.10000 4.90000, -6.95000 0.10000 2.15000"
1198,0.0000,Tx-Rx,0,-77.9599,"-0.15000 1.10000 4.90000, -7.25000 0.10000 2.15000"
1199,0.0000,Tx-Rx,0,-78.0824,"-0.15000 1.10000 4.90000, -7.55000 0.10000 2.15000"
1200,0.0000,Tx-Rx,0,-83.0926,"-0.15000 1.10000 4.90000, -7.85000 0.10000 2.15000"
1201,0.0000,Tx-Rx,0,-77.3346,"-0.15000 1.10000 4.90000, 9.85000 0.10000 1.85000"
1202,0.0000,Tx-Rx,0,-77.0765,"-0.15000 1.10000 4.90000, 9.55000 0.10000 1.85000"
1203,0.0000,Tx-Rx,0,-77.1543,"-0.15000 1.10000 4.90000, 9.25000 0.10000 1.85000"
1204,0.0000,Tx-Rx,0,-76.6446,"-0.15000 1.10000 4.90000, 8.95000 0.10000 1.85000"
1205,0.0000,Tx-Rx,0,-76.1592,"-0.15000 1.10000 4.90000, 8.65000 0.10000 1.85000"
1206,0.0000,Tx-Rx,0,-76.4355,"-0.15000 1.10000 4.90000, 8.35000 0.10000 1.85000"
1207,0.0000,Tx-Rx,0,-79.4541,"-0.15000 1.10000 4.90000, 8.05000 0.10000 1.85000"
1208,0.0000,Tx-Rx,0,-78.6856,"-0.15000 1.10000 4.90000, 7.75000 0.10000 1.85000"
1209,0.0000,Tx-Rx,0,-78.8374,"-0.15000 1.10000 4.90000, 7.45000 0.10000 1.85000"
1210,0.0000,Tx-Rx,0,-77.5905,"-0.15000 1.10000 4.90000, 7.15000 0.10000 1.85000"
1211,0.0000,Tx-Rx,0,-77.9431,"-0.15000 1.10000 4.90000, 6.85000 0.10000 1.85000"
1212,0.0000,Tx-Rx,0,-77.6574,"-0.15000 1.10000 4.90000, 6.55000 0.10000 1.85000"
1213,0.0000,Tx-Rx,0,-76.3733,"-0.15000 1.10000 4.90000, 6.25000 0.10000 1.85000"
1214,0.0000,Tx-Rx,0,-77.8186,"-0.15000 1.10000 4.90000, 5.95000 0.10000 1.85000"
1215,0.0000,Tx-Rx,0,-76.9707,"-0.15000 1.10000 4.90000, 5.65000 0.10000 1.85000"
1216,0.0000,Tx-Rx,0,-76.9039,"-0.15000 1.10000 4.90000, 5.35000 0.10000 1.85000"
1217,0.0000,Tx-Rx,0,-76.6434,"-0.15000 1.10000 4.90000, 5.05000 0.10000 1.85000"
1218,0.0000,Tx-Rx,0,-76.8297,"-0.15000 1.10000 4.90000, 4.75000 0.10000 1.85000"
1219,0.0000,Tx-Rx,0,-76.1644,"-0.15000 1.10000 4.90000, 4.45000 0.10000 1.85000"
1220,0.0000,Tx-Rx,0,-76.9349,"-0.15000 1.10000 4.90000, 4.15000 0.10000 1.85000"
1221,0.0000,Tx-Rx,0,-75.7463,"-0.15000 1.10000 4.90000, 3.85000 0.10000 1.85000"
1222,0.0000,Tx-Rx,0,-75.2686,"-0.15000 1.10000 4.90000, 3.55000 0.10000 1.85000"
1223,0.0000,Tx-Rx,0,-75.0686,"-0.15000 1.10000 4.90000, 3.25000 0.10000 1.85000"
1224,0.0000,Tx-Rx,0,-75.2125,"-0.15000 1.10000 4.90000, 2.95000 0.10000 1.85000"
1225,0.0000,Tx-Rx,0,-74.8753,"-0.15000 1.10000 4.90000, 2.65000 0.10000 1.85000"
1226,0.0000,Tx-Rx,0,-73.0404,"-0.15000 1.10000 4.90000, 2.35000 0.10000 1.85000"
1227,0.0000,Tx-Rx,0,-75.1314,"-0.15000 1.10000 4.90000, 2.05000 0.10000 1.85000"
1228,0.0000,Tx-Rx,0,-75.3650,"-0.15000 1.10000 4.90000, 1.75000 0.10000 1.85000"
1229,0.0000,Tx-Rx,0,-82.2622,"-0.15000 1.10000 4.90000, 1.45000 0.10000 1.85000"
1230,0.0000,Tx-Rx,0,-79.8553,"-0.15000 1.10000 4.90000, 1.15000 0.10000 1.85000"
1231,0.0000,Tx-Rx,0,-84.1272,"-0.15000 1.10000 4.90000, 0.85000 0.10000 1.85000"
1232,0.0000,Tx-Rx,0,-82.9382,"-0.15000 1.10000 4.90000, 0.55000 0.10000 1.85000"
1233,0.0000,Tx-Rx,0,-76.6398,"-0.15000 1.10000 4.90000, 0.25000 0.10000 1.85000"
1234,0.0000,Tx-Rx,0,-53.8808,"-0.15000 1.10000 4.90000, -0.05000 0.10000 1.85000"
1235,0.0000,Tx-Rx,0,-52.4414,"-0.15000 1.10000 4.90000, -0.35000 0.10000 1.85000"
1236,0.0000,Tx-Rx,0,-52.8608,"-0.15000 1.10000 4.90000, -0.65000 0.10000 1.85000"
1237,0.0000,Tx-Rx,0,-53.1027,"-0.15000 1.10000 4.90000, -0.95000 0.10000 1.85000"
1238,0.0000,Tx-Rx,0,-53.1539,"-0.15000 1.10000 4.90000, -1.25000 0.10000 1.85000"
1239,0.0000,Tx-Rx,0,-52.6120,"-0.15000 1.10000 4.90000, -1.55000 0.10000 1.85000"
1240,0.0000,Tx-Rx,0,-52.7332,"-0.15000 1.10000 4.90000, -1.85000 0.10000 1.85000"
1241,0.0000,Tx-Rx,0,-53.3104,"-0.15000 1.10000 4.90000, -2.15000 0.10000 1.85000"
1242,0.0000,Tx-Rx,0,-54.5023,"-0.15000 1.10000 4.90000, -2.45000 0.10000 1.85000"
1243,0.0000,Tx-Rx,0,-59.6918,"-0.15000 1.10000 4.90000, -2.75000 0.10000 1.85000"
1244,0.0000,Tx-Rx,0,-66.0473,"-0.15000 1.10000 4.90000, -3.05000 0.10000 1.85000"
1245,0.0000,Tx-Rx,0,-71.8307,"-0.15000 1.10000 4.90000, -3.35000 0.10000 1.85000"
1246,0.0000,Tx-Rx,0,-76.7094,"-0.15000 1.10000 4.90000, -3.65000 0.10000 1.85000"
1247,0.0000,Tx-Rx,0,-78.0434,"-0.15000 1.10000 4.90000, -3.95000 0.10000 1.85000"
1248,0.0000,Tx-Rx,0,-70.4426,"-0.15000 1.10000 4.90000, -4.25000 0.10000 1.85000"
1249,0.0000,Tx-Rx,0,-87.5903,"-0.15000 1.10000 4.90000, -4.55000 0.10000 1.85000"
1250,0.0000,Tx-Rx,0,-76.1314,"-0.15000 1.10000 4.90000, -4.85000 0.10000 1.85000"
1251,0.0000,Tx-Rx,0,-70.6455,"-0.15000 1.10000 4.90000, -5.15000 0.10000 1.85000"
1252,0.0000,Tx-Rx,0,-70.9828,"-0.15000 1.10000 4.90000, -5.45000 0.10000 1.85000"
1253,0.0000,Tx-Rx,0,-70.1306,"-0.15000 1.10000 4.90000, -5.75000 0.10000 1.85000"
1254,0.0000,Tx-Rx,0,-70.5845,"-0.15000 1.10000 4.90000, -6.05000 0.10000 1.85000"
1255,0.0000,Tx-Rx,0,-69.9188,"-0.15000 1.10000 4.90000, -6.35000 0.10000 1.85000"
1256,0.0000,Tx-Rx,0,-73.9021,"-0.15000 1.10000 4.90000, -6.65000 0.10000 1.85000"
1257,0.0000,Tx-Rx,0,-78.9708,"-0.15000 1.10000 4.90000, -6.95000 0.10000 1.85000"
1258,0.0000,Tx-Rx,0,-79.2299,"-0.15000 1.10000 4.90000, -7.25000 0.10000 1.85000"
1259,0.0000,Tx-Rx,0,-77.8905,"-0.15000 1.10000 4.90000, -7.55000 0.10000 1.85000"
1260,0.0000,Tx-Rx,0,-76.5969,"-0.15000 1.10000 4.90000, -7.85000 0.10000 1.85000"
1261,0.0000,Tx-Rx,0,-77.5624,"-0.15000 1.10000 4.90000, 9.85000 0.10000 1.55000"
1262,0.0000,Tx-Rx,0,-77.4114,"-0.15000 1.10000 4.90000, 9.55000 0.10000 1.55000"
1263,0.0000,Tx-Rx,0,-76.9150,"-0.15000 1.10000 4.90000, 9.25000 0.10000 1.55000"
1264,0.0000,Tx-Rx,0,-78.0240,"-0.15000 1.10000 4.90000, 8.95000 0.10000 1.55000"
1265,0.0000,Tx-Rx,0,-76.8059,"-0.15000 1.10000 4.90000, 8.65000 0.10000 1.55000"
1266,0.0000,Tx-Rx,0,-76.6675,"-0.15000 1.10000 4.90000, 8.35000 0.10000 1.55000"
1267,0.0000,Tx-Rx,0,-79.1888,"-0.15000 1.10000 4.90000, 8.05000 0.10000 1.55000"
1268,0.0000,Tx-Rx,0,-79.0843,"-0.15000 1.10000 4.90000, 7.75000 0.10000 1.55000"
1269,0.0000,Tx-Rx,0,-78.6409,"-0.15000 1.10000 4.90000, 7.45000 0.10000 1.55000"
1270,0.0000,Tx-Rx,0,-78.5606,"-0.15000 1.10000 4.90000, 7.15000 0.10000 1.55000"
1271,0.0000,Tx-Rx,0,-77.4163,"-0.15000 1.10000 4.90000, 6.85000 0.10000 1.55000"
1272,0.0000,Tx-Rx,0,-76.8029,"-0.15000 1.10000 4.90000, 6.55000 0.10000 1.55000"
1273,0.0000,Tx-Rx,0,-78.0484,"-0.15000 1.10000 4.90000, 6.25000 0.10000 1.55000"
1274,0.0000,Tx-Rx,0,-77.7935,"-0.15000 1.10000 4.90000, 5.95000 0.10000 1.55000"
1275,0.0000,Tx-Rx,0,-77.8022,"-0.15000 1.10000 4.90000, 5.65000 0.10000 1.55000"
1276,0.0000,Tx-Rx,0,-77.4201,"-0.15000 1.10000 4.90000, 5.35000 0.10000 1.55000"
1277,0.0000,Tx-Rx,0,-77.3677,"-0.15000 1.10000 4.90000, 5.05000 0.10000 1.55000"
1278,0.0000,Tx-Rx,0,-76.4696,"-0.15000 1.10000 4.90000, 4.75000 0.10000 1.55000"
1279,0.0000,Tx-Rx,0,-76.8866,"-0.15000 1.10000 4.90000, 4.45000 0.10000 1.55000"
1280,0.0000,Tx-Rx,0,-76.0164,"-0.15000 1.10000 4.90000, 4.15000 0.10000 1.55000"
1281,0.0000,Tx-Rx,0,-76.9307,"-0.15000 1.10000 4.90000, 3.85000 0.10000 1.55000"
1282,0.0000,Tx-Rx,0,-76.2430,"-0.15000 1.10000 4.90000, 3.55000 0.10000 1.55000"
1283,0.0000,Tx-Rx,0,-75.9327,"-0.15000 1.10000 4.90000, 3.25000 0.10000 1.55000"
1284,0.0000,Tx-Rx,0,-75.1590,"-0.15000 1.10000 4.90000, 2.95000 0.10000 1.55000"
1285,0.0000,Tx-Rx,0,-73.8835,"-0.15000 1.10000 4.90000, 2.65000 0.10000 1.55000"
1286,0.0000,Tx-Rx,0,-74.1013,"-0.15000 1.10000 4.90000, 2.35000 0.10000 1.55000"
1287,0.0000,Tx-Rx,0,-76.7530,"-0.15000 1.10000 4.90000, 2.05000 0.10000 1.55000"
1288,0.0000,Tx-Rx,0,-77.0083,"-0.15000 1.10000 4.90000, 1.75000 0.10000 1.55000"
1289,0.0000,Tx-Rx,0,-82.4024,"-0.15000 1.10000 4.90000, 1.45000 0.10000 1.55000"
1290,0.0000,Tx-Rx,0,-82.5862,"-0.15000 1.10000 4.90000, 1.15000 0.10000 1.55000"
1291,0.0000,Tx-Rx,0,-84.2682,"-0.15000 1.10000 4.90000, 0.85000 0.10000 1.55000"
1292,0.0000,Tx-Rx,0,-84.6002,"-0.15000 1.10000 4.90000, 0.55000 0.10000 1.55000"
1293,0.0000,Tx-Rx,0,-76.8299,"-0.15000 1.10000 4.90000, 0.25000 0.10000 1.55000"
1294,0.0000,Tx-Rx,0,-54.7156,"-0.15000 1.10000 4.90000, -0.05000 0.10000 1.55000"
1295,0.0000,Tx-Rx,0,-53.2189,"-0.15000 1.10000 4.90000, -0.35000 0.10000 1.55000"
1296,0.0000,Tx-Rx,0,-53.5854,"-0.15000 1.10000 4.90000, -0.65000 0.10000 1.55000"
1297,0.0000,Tx-Rx,0,-54.0474,"-0.15000 1.10000 4.90000, -0.95000 0.10000 1.55000"
1298,0.0000,Tx-Rx,0,-54.0148,"-0.15000 1.10000 4.90000, -1.25000 0.10000 1.55000"
1299,0.0000,Tx-Rx,0,-52.9194,"-0.15000 1.10000 4.90000, -1.55000 0.10000 1.55000"
1300,0.0000,Tx-Rx,0,-52.2659,"-0.15000 1.10000 4.90000, -1.85000 0.10000 1.55000"
1301,0.0000,Tx-Rx,0,-53.4926,"-0.15000 1.10000 4.90000, -2.15000 0.10000 1.55000"
1302,0.0000,Tx-Rx,0,-54.0279,"-0.15000 1.10000 4.90000, -2.45000 0.10000 1.55000"
1303,0.0000,Tx-Rx,0,-55.3612,"-0.15000 1.10000 4.90000, -2.75000 0.10000 1.55000"
1304,0.0000,Tx-Rx,0,-60.3454,"-0.15000 1.10000 4.90000, -3.05000 0.10000 1.55000"
1305,0.0000,Tx-Rx,0,-67.4971,"-0.15000 1.10000 4.90000, -3.35000 0.10000 1.55000"
1306,0.0000,Tx-Rx,0,-74.8871,"-0.15000 1.10000 4.90000, -3.65000 0.10000 1.55000"
1307,0.0000,Tx-Rx,0,-73.8247,"-0.15000 1.10000 4.90000, -3.95000 0.10000 1.55000"
1308,0.0000,Tx-Rx,0,-72.2589,"-0.15000 1.10000 4.90000, -4.25000 0.10000 1.55000"
1309,0.0000,Tx-Rx,0,-87.2187,"-0.15000 1.10000 4.90000, -4.55000 0.10000 1.55000"
1310,0.0000,Tx-Rx,0,-73.7969,"-0.15000 1.10000 4.90000, -4.85000 0.10000 1.55000"
1311,0.0000,Tx-Rx,0,-71.1117,"-0.15000 1.10000 4.90000, -5.15000 0.10000 1.55000"
1312,0.0000,Tx-Rx,0,-70.2355,"-0.15000 1.10000 4.90000, -5.45000 0.10000 1.55000"
1313,0.0000,Tx-Rx,0,-71.1419,"-0.15000 1.10000 4.90000, -5.75000 0.10000 1.55000"
1314,0.0000,Tx-Rx,0,-70.1174,"-0.15000 1.10000 4.90000, -6.05000 0.10000 1.55000"
1315,0.0000,Tx-Rx,0,-71.5597,"-0.15000 1.10000 4.90000, -6.35000 0.10000 1.55000"
1316,0.0000,Tx-Rx,0,-74.6914,"-0.15000 1.10000 4.90000, -6.65000 0.10000 1.55000"
1317,0.0000,Tx-Rx,0,-76.7509,"-0.15000 1.10000 4.90000, -6.95000 0.10000 1.55000"
1318,0.0000,Tx-Rx,0,-78.3853,"-0.15000 1.10000 4.90000, -7.25000 0.10000 1.55000"
1319,0.0000,Tx-Rx,0,-77.0539,"-0.15000 1.10000 4.90000, -7.55000 0.10000 1.55000"
1320,0.0000,Tx-Rx,0,-71.2321,"-0.15000 1.10000 4.90000, -7.85000 0.10000 1.55000"
1321,0.0000,Tx-Rx,0,-75.3977,"-0.15000 1.10000 4.90000, 9.85000 0.10000 1.25000"
1322,0.0000,Tx-Rx,0,-76.2044,"-0.15000 1.10000 4.90000, 9.55000 0.10000 1.25000"
1323,0.0000,Tx-Rx,0,-76.5164,"-0.15000 1.10000 4.90000, 9.25000 0.10000 1.25000"
1324,0.0000,Tx-Rx,0,-77.1284,"-0.15000 1.10000 4.90000, 8.95000 0.10000 1.25000"
1325,0.0000,Tx-Rx,0,-75.9784,"-0.15000 1.10000 4.90000, 8.65000 0.10000 1.25000"
1326,0.0000,Tx-Rx,0,-76.3372,"-0.15000 1.10000 4.90000, 8.35000 0.10000 1.25000"
1327,0.0000,Tx-Rx,0,-79.0737,"-0.15000 1.10000 4.90000, 8.05000 0.10000 1.25000"
1328,0.0000,Tx-Rx,0,-77.6640,"-0.15000 1.10000 4.90000, 7.75000 0.10000 1.25000"
1329,0.0000,Tx-Rx,0,-77.7009,"-0.15000 1.10000 4.90000, 7.45000 0.10000 1.25000"
1330,0.0000,Tx-Rx,0,-78.5117,"-0.15000 1.10000 4.90000, 7.15000 0.10000 1.25000"
1331,0.0000,Tx-Rx,0,-79.1913,"-0.15000 1.10000 4.90000, 6.85000 0.10000 1.25000"
1332,0.0000,Tx-Rx,0,-77.6039,"-0.15000 1.10000 4.90000, 6.55000 0.10000 1.25000"
1333,0.0000,Tx-Rx,0,-79.0516,"-0.15000 1.10000 4.90000, 6.25000 0.10000 1.25000"
1334,0.0000,Tx-Rx,0,-78.0792,"-0.15000 1.10000 4.90000, 5.95000 0.10000 1.25000"
1335,0.0000,Tx-Rx,0,-77.7677,"-0.15000 1.10000 4.90000, 5.65000 0.10000 1.25000"
1336,0.0000,Tx-Rx,0,-78.7422,"-0.15000 1.10000 4.90000, 5.35000 0.10000 1.25000"
1337,0.0000,Tx-Rx,0,-77.2025,"-0.15000 1.10000 4.90000, 5.05000 0.10000 1.25000"
1338,0.0000,Tx-Rx,0,-77.5352,"-0.15000 1.10000 4.90000, 4.75000 0.10000 1.25000"
1339,0.0000,Tx-Rx,0,-78.1691,"-0.15000 1.10000 4.90000, 4.45000 0.10000 1.25000"
1340,0.0000,Tx-Rx,0,-77.3218,"-0.15000 1.10000 4.90000, 4.15000 0.10000 1.25000"
1341,0.0000,Tx-Rx,0,-75.9505,"-0.15000 1.10000 4.90000, 3.85000 0.10000 1.25000"
1342,0.0000,Tx-Rx,0,-76.9456,"-0.15000 1.10000 4.90000, 3.55000 0.10000 1.25000"
1343,0.0000,Tx-Rx,0,-76.3091,"-0.15000 1.10000 4.90000, 3.25000 0.10000 1.25000"
1344,0.0000,Tx-Rx,0,-74.2591,"-0.15000 1.10000 4.90000, 2.95000 0.10000 1.25000"
1345,0.0000,Tx-Rx,0,-74.3287,"-0.15000 1.10000 4.90000, 2.65000 0.10000 1.25000"
1346,0.0000,Tx-Rx,0,-74.8756,"-0.15000 1.10000 4.90000, 2.35000 0.10000 1.25000"
1347,0.0000,Tx-Rx,0,-77.0660,"-0.15000 1.10000 4.90000, 2.05000 0.10000 1.25000"
1348,0.0000,Tx-Rx,0,-77.8000,"-0.15000 1.10000 4.90000, 1.75000 0.10000 1.25000"
1349,0.0000,Tx-Rx,0,-86.9509,"-0.15000 1.10000 4.90000, 1.45000 0.10000 1.25000"
1350,0.0000,Tx-Rx,0,-81.9820,"-0.15000 1.10000 4.90000, 1.15000 0.10000 1.25000"
1351,0.0000,Tx-Rx,0,-83.4869,"-0.15000 1.10000 4.90000, 0.85000 0.10000 1.25000"
1352,0.0000,Tx-Rx,0,-85.7369,"-0.15000 1.10000 4.90000, 0.55000 0.10000 1.25000"
1353,0.0000,Tx-Rx,0,-76.7213,"-0.15000 1.10000 4.90000, 0.25000 0.10000 1.25000"
1354,0.0000,Tx-Rx,0,-57.4377,"-0.15000 1.10000 4.90000, -0.05000 0.10000 1.25000"
1355,0.0000,Tx-Rx,0,-55.9161,"-0.15000 1.10000 4.90000, -0.35000 0.10000 1.25000"
1356,0.0000,Tx-Rx,0,-56.1290,"-0.15000 1.10000 4.90000, -0.65000 0.10000 1.25000"
1357,0.0000,Tx-Rx,0,-56.5602,"-0.15000 1.10000 4.90000, -0.95000 0.10000 1.25000"
1358,0.0000,Tx-Rx,0,-56.8747,"-0.15000 1.10000 4.90000, -1.25000 0.10000 1.25000"
1359,0.0000,Tx-Rx,0,-55.4654,"-0.15000 1.10000 4.90000, -1.55000 0.10000 1.25000"
1360,0.0000,Tx-Rx,0,-52.5788,"-0.15000 1.10000 4.90000, -1.85000 0.10000 1.25000"
1361,0.0000,Tx-Rx,0,-53.8931,"-0.15000 1.10000 4.90000, -2.15000 0.10000 1.25000"
1362,0.0000,Tx-Rx,0,-54.5002,"-0.15000 1.10000 4.90000, -2.45000 0.10000 1.25000"
1363,0.0000,Tx-Rx,0,-55.1485,"-0.15000 1.10000 4.90000, -2.75000 0.10000 1.25000"
1364,0.0000,Tx-Rx,0,-56.3177,"-0.15000 1.10000 4.90000, -3.05000 0.10000 1.25000"
1365,0.0000,Tx-Rx,0,-61.8632,"-0.15000 1.10000 4.90000, -3.35000 0.10000 1.25000"
1366,0.0000,Tx-Rx,0,-67.3722,"-0.15000 1.10000 4.90000, -3.65000 0.10000 1.25000"
1367,0.0000,Tx-Rx,0,-69.4999,"-0.15000 1.10000 4.90000, -3.95000 0.10000 1.25000"
1368,0.0000,Tx-Rx,0,-76.7705,"-0.15000 1.10000 4.90000, -4.25000 0.10000 1.25000"
1369,0.0000,Tx-Rx,0,-80.6866,"-0.15000 1.10000 4.90000, -4.55000 0.10000 1.25000"
1370,0.0000,Tx-Rx,0,-71.5847,"-0.15000 1.10000 4.90000, -4.85000 0.10000 1.25000"
1371,0.0000,Tx-Rx,0,-71.1330,"-0.15000 1.10000 4.90000, -5.15000 0.10000 1.25000"
1372,0.0000,Tx-Rx,0,-70.2132,"-0.15000 1.10000 4.90000, -5.45000 0.10000 1.25000"
1373,0.0000,Tx-Rx,0,-70.1020,"-0.15000 1.10000 4.90000, -5.75000 0.10000 1.25000"
1374,0.0000,Tx-Rx,0,-70.4708,"-0.15000 1.10000 4.90000, -6.05000 0.10000 1.25000"
1375,0.0000,Tx-Rx,0,-72.4469,"-0.15000 1.10000 4.90000, -6.35000 0.10000 1.25000"
1376,0.0000,Tx-Rx,0,-79.6348,"-0.15000 1.10000 4.90000, -6.65000 0.10000 1.25000"
1377,0.0000,Tx-Rx,0,-74.1720,"-0.15000 1.10000 4.90000, -6.95000 0.10000 1.25000"
1378,0.0000,Tx-Rx,0,-75.6154,"-0.15000 1.10000 4.90000, -7.25000 0.10000 1.25000"
1379,0.0000,Tx-Rx,0,-71.9500,"-0.15000 1.10000 4.90000, -7.55000 0.10000 1.25000"
1380,0.0000,Tx-Rx,0,-70.9515,"-0.15000 1.10000 4.90000, -7.85000 0.10000 1.25000"
1381,0.0000,Tx-Rx,0,-77.4861,"-0.15000 1.10000 4.90000, 9.85000 0.10000 0.95000"
1382,0.0000,Tx-Rx,0,-76.1738,"-0.15000 1.10000 4.90000, 9.55000 0.10000 0.95000"
1383,0.0000,Tx-Rx,0,-75.3326,"-0.15000 1.10000 4.90000, 9.25000 0.10000 0.95000"
1384,0.0000,Tx-Rx,0,-76.3330,"-0.15000 1.10000 4.90000, 8.95000 0.10000 0.95000"
1385,0.0000,Tx-Rx,0,-77.6052,"-0.15000 1.10000 4.90000, 8.65000 0.10000 0.95000"
1386,0.0000,Tx-Rx,0,-77.4499,"-0.15000 1.10000 4.90000, 8.35000 0.10000 0.95000"
1387,0.0000,Tx-Rx,0,-77.9118,"-0.15000 1.10000 4.90000, 8.05000 0.10000 0.95000"
1388,0.0000,Tx-Rx,0,-77.9545,"-0.15000 1.10000 4.90000, 7.75000 0.10000 0.95000"
1389,0.0000,Tx-Rx,0,-78.0301,"-0.15000 1.10000 4.90000, 7.45000 0.10000 0.95000"
1390,0.0000,Tx-Rx,0,-78.1003,"-0.15000 1.10000 4.90000, 7.15000 0.10000 0.95000"
1391,0.0000,Tx-Rx,0,-78.6138,"-0.15000 1.10000 4.90000, 6.85000 0.10000 0.95000"
1392,0.0000,Tx-Rx,0,-78.3536,"-0.15000 1.10000 4.90000, 6.55000 0.10000 0.95000"
1393,0.0000,Tx-Rx,0,-78.0408,"-0.15000 1.10000 4.90000, 6.25000 0.10000 0.95000"
1394,0.0000,Tx-Rx,0,-78.6636,"-0.15000 1.10000 4.90000, 5.95000 0.10000 0.95000"
1395,0.0000,Tx-Rx,0,-78.3018,"-0.15000 1.10000 4.90000, 5.65000 0.10000 0.95000"
1396,0.0000,Tx-Rx,0,-78.0254,"-0.15000 1.10000 4.90000, 5.35000 0.10000 0.95000"
1397,0.0000,Tx-Rx,0,-78.6554,"-0.15000 1.10000 4.90000, 5.05000 0.10000 0.95000"
1398,0.0000,Tx-Rx,0,-82.1702,"-0.15000 1.10000 4.90000, 4.75000 0.10000 0.95000"
1399,0.0000,Tx-Rx,0,-82.8462,"-0.15000 1.10000 4.90000, 4.45000 0.10000 0.95000"
1400,0.0000,Tx-Rx,0,-78.5068,"-0.15000 1.10000 4.90000, 4.15000 0.10000 0.95000"
1401,0.0000,Tx-Rx,0,-79.3428,"-0.15000 1.10000 4.90000, 3.85000 0.10000 0.95000"
1402,0.0000,Tx-Rx,0,-81.8150,"-0.15000 1.10000 4.90000, 3.55000 0.10000 0.95000"
1403,0.0000,Tx-Rx,0,-77.2867,"-0.15000 1.10000 4.90000, 3.25000 0.10000 0.95000"
1404,0.0000,Tx-Rx,0,-75.2032,"-0.15000 1.10000 4.90000, 2.95000 0.10000 0.95000"
1405,0.0000,Tx-Rx,0,-75.3044,"-0.15000 1.10000 4.90000, 2.65000 0.10000 0.95000"
1406,0.0000,Tx-Rx,0,-76.4812,"-0.15000 1.10000 4.90000, 2.35000 0.10000 0.95000"
1407,0.0000,Tx-Rx,0,-78.0221,"-0.15000 1.10000 4.90000, 2.05000 0.10000 0.95000"
1408,0.0000,Tx-Rx,0,-82.3161,"-0.15000 1.10000 4.90000, 1.75000 0.10000 0.95000"
1409,0.0000,Tx-Rx,0,-89.9005,"-0.15000 1.10000 4.90000, 1.45000 0.10000 0.95000"
1410,0.0000,Tx-Rx,0,-82.0813,"-0.15000 1.10000 4.90000, 1.15000 0.10000 0.95000"
1411,0.0000,Tx-Rx,0,-85.4694,"-0.15000 1.10000 4.90000, 0.85000 0.10000 0.95000"
1412,0.0000,Tx-Rx,0,-87.0296,"-0.15000 1.10000 4.90000, 0.55000 0.10000 0.95000"
1413,0.0000,Tx-Rx,0,-76.9250,"-0.15000 1.10000 4.90000, 0.25000 0.10000 0.95000"
1414,0.0000,Tx-Rx,0,-59.3981,"-0.15000 1.10000 4.90000, -0.05000 0.10000 0.95000"
1415,0.0000,Tx-Rx,0,-57.8739,"-0.15000 1.10000 4.90000, -0.35000 0.10000 0.95000"
1416,0.0000,Tx-Rx,0,-57.8021,"-0.15000 1.10000 4.90000, -0.65000 0.10000 0.95000"
1417,0.0000,Tx-Rx,0,-58.2042,"-0.15000 1.10000 4.90000, -0.95000 0.10000 0.95000"
1418,0.0000,Tx-Rx,0,-58.9669,"-0.15000 1.10000 4.90000, -1.25000 0.10000 0.95000"
1419,0.0000,Tx-Rx,0,-58.3271,"-0.15000 1.10000 4.90000, -1.55000 0.10000 0.95000"
1420,0.0000,Tx-Rx,0,-54.3696,"-0.15000 1.10000 4.90000, -1.85000 0.10000 0.95000"
1421,0.0000,Tx-Rx,0,-53.8594,"-0.15000 1.10000 4.90000, -2.15000 0.10000 0.95000"
1422,0.0000,Tx-Rx,0,-54.8049,"-0.15000 1.10000 4.90000, -2.45000 0.10000 0.95000"
1423,0.0000,Tx-Rx,0,-55.3027,"-0.15000 1.10000 4.90000, -2.75000 0.10000 0.95000"
1424,0.0000,Tx-Rx,0,-55.7217,"-0.15000 1.10000 4.90000, -3.05000 0.10000 0.95000"
1425,0.0000,Tx-Rx,0,-57.1768,"-0.15000 1.10000 4.90000, -3.35000 0.10000 0.95000"
1426,0.0000,Tx-Rx,0,-62.8865,"-0.15000 1.10000 4.90000, -3.65000 0.10000 0.95000"
1427,0.0000,Tx-Rx,0,-66.4767,"-0.15000 1.10000 4.90000, -3.95000 0.10000 0.95000"
1428,0.0000,Tx-Rx,0,-79.5697,"-0.15000 1.10000 4.90000, -4.25000 0.10000 0.95000"
1429,0.0000,Tx-Rx,0,-74.3561,"-0.15000 1.10000 4.90000, -4.55000 0.10000 0.95000"
1430,0.0000,Tx-Rx,0,-70.9714,"-0.15000 1.10000 4.90000, -4.85000 0.10000 0.95000"
1431,0.0000,Tx-Rx,0,-71.0368,"-0.15000 1.10000 4.90000, -5.15000 0.10000 0.95000"
1432,0.0000,Tx-Rx,0,-70.7434,"-0.15000 1.10000 4.90000, -5.45000 0.10000 0.95000"
1433,0.0000,Tx-Rx,0,-70.2087,"-0.15000 1.10000 4.90000, -5.75000 0.10000 0.95000"
1434,0.0000,Tx-Rx,0,-70.7500,"-0.15000 1.10000 4.90000, -6.05000 0.10000 0.95000"
1435,0.0000,Tx-Rx,0,-75.4097,"-0.15000 1.10000 4.90000, -6.35000 0.10000 0.95000"
1436,0.0000,Tx-Rx,0,-75.3724,"-0.15000 1.10000 4.90000, -6.65000 0.10000 0.95000"
1437,0.0000,Tx-Rx,0,-82.1636,"-0.15000 1.10000 4.90000, -6.95000 0.10000 0.95000"
1438,0.0000,Tx-Rx,0,-70.6606,"-0.15000 1.10000 4.90000, -7.25000 0.10000 0.95000"
1439,0.0000,Tx-Rx,0,-69.9300,"-0.15000 1.10000 4.90000, -7.55000 0.10000 0.95000"
1440,0.0000,Tx-Rx,0,-71.4963,"-0.15000 1.10000 4.90000, -7.85000 0.10000 0.95000"
1441,0.0000,Tx-Rx,0,-77.3397,"-0.15000 1.10000 4.90000, 9.85000 0.10000 0.65000"
1442,0.0000,Tx-Rx,0,-78.1785,"-0.15000 1.10000 4.90000, 9.55000 0.10000 0.65000"
1443,0.0000,Tx-Rx,0,-77.7907,"-0.15000 1.10000 4.90000, 9.25000 0.10000 0.65000"
1444,0.0000,Tx-Rx,0,-79.7566,"-0.15000 1.10000 4.90000, 8.95000 0.10000 0.65000"
1445,0.0000,Tx-Rx,0,-79.0011,"-0.15000 1.10000 4.90000, 8.65000 0.10000 0.65000"
1446,0.0000,Tx-Rx,0,-77.1125,"-0.15000 1.10000 4.90000, 8.35000 0.10000 0.65000"
1447,0.0000,Tx-Rx,0,-77.9941,"-0.15000 1.10000 4.90000, 8.05000 0.10000 0.65000"
1448,0.0000,Tx-Rx,0,-77.5051,"-0.15000 1.10000 4.90000, 7.75000 0.10000 0.65000"
1449,0.0000,Tx-Rx,0,-78.2256,"-0.15000 1.10000 4.90000, 7.45000 0.10000 0.65000"
1450,0.0000,Tx-Rx,0,-78.1363,"-0.15000 1.10000 4.90000, 7.15000 0.10000 0.65000"
1451,0.0000,Tx-Rx,0,-79.3027,"-0.15000 1.10000 4.90000, 6.85000 0.10000 0.65000"
1452,0.0000,Tx-Rx,0,-78.3702,"-0.15000 1.10000 4.90000, 6.55000 0.10000 0.65000"
1453,0.0000,Tx-Rx,0,-78.1792,"-0.15000 1.10000 4.90000, 6.25000 0.10000 0.65000"
1454,0.0000,Tx-Rx,0,-78.5977,"-0.15000 1.10000 4.90000, 5.95000 0.10000 0.65000"
1455,0.0000,Tx-Rx,0,-78.9042,"-0.15000 1.10000 4.90000, 5.65000 0.10000 0.65000"
1456,0.0000,Tx-Rx,0,-78.6449,"-0.15000 1.10000 4.90000, 5.35000 0.10000 0.65000"
1457,0.0000,Tx-Rx,0,-85.9347,"-0.15000 1.10000 4.90000, 5.05000 0.10000 0.65000"
1458,0.0000,Tx-Rx,0,-84.8500,"-0.15000 1.10000 4.90000, 4.75000 0.10000 0.65000"
1459,0.0000,Tx-Rx,0,-79.8589,"-0.15000 1.10000 4.90000, 4.45000 0.10000 0.65000"
1460,0.0000,Tx-Rx,0,-79.0083,"-0.15000 1.10000 4.90000, 4.15000 0.10000 0.65000"
1461,0.0000,Tx-Rx,0,-83.4765,"-0.15000 1.10000 4.90000, 3.85000 0.10000 0.65000"
1462,0.0000,Tx-Rx,0,-81.6618,"-0.15000 1.10000 4.90000, 3.55000 0.10000 0.65000"
1463,0.0000,Tx-Rx,0,-75.9839,"-0.15000 1.10000 4.90000, 3.25000 0.10000 0.65000"
1464,0.0000,Tx-Rx,0,-74.9218,"-0.15000 1.10000 4.90000, 2.95000 0.10000 0.65000"
1465,0.0000,Tx-Rx,0,-76.2241,"-0.15000 1.10000 4.90000, 2.65000 0.10000 0.65000"
1466,0.0000,Tx-Rx,0,-77.8856,"-0.15000 1.10000 4.90000, 2.35000 0.10000 0.65000"
1467,0.0000,Tx-Rx,0,-80.1445,"-0.15000 1.10000 4.90000, 2.05000 0.10000 0.65000"
1468,0.0000,Tx-Rx,0,-84.3485,"-0.15000 1.10000 4.90000, 1.75000 0.10000 0.65000"
1469,0.0000,Tx-Rx,0,-87.7036,"-0.15000 1.10000 4.90000, 1.45000 0.10000 0.65000"
1470,0.0000,Tx-Rx,0,-88.3056,"-0.15000 1.10000 4.90000, 1.15000 0.10000 0.65000"
1471,0.0000,Tx-Rx,0,-83.5486,"-0.15000 1.10000 4.90000, 0.85000 0.10000 0.65000"
1472,0.0000,Tx-Rx,0,-86.0927,"-0.15000 1.10000 4.90000, 0.55000 0.10000 0.65000"
1473,0.0000,Tx-Rx,0,-76.9754,"-0.15000 1.10000 4.90000, 0.25000 0.10000 0.65000"
1474,0.0000,Tx-Rx,0,-55.9224,"-0.15000 1.10000 4.90000, -0.05000 0.10000 0.65000"
1475,0.0000,Tx-Rx,0,-54.1496,"-0.15000 1.10000 4.90000, -0.35000 0.10000 0.65000"
1476,0.0000,Tx-Rx,0,-54.2295,"-0.15000 1.10000 4.90000, -0.65000 0.10000 0.65000"
1477,0.0000,Tx-Rx,0,-54.7862,"-0.15000 1.10000 4.90000, -0.95000 0.10000 0.65000"
1478,0.0000,Tx-Rx,0,-55.5351,"-0.15000 1.10000 4.90000, -1.25000 0.10000 0.65000"
1479,0.0000,Tx-Rx,0,-55.5424,"-0.15000 1.10000 4.90000, -1.55000 0.10000 0.65000"
1480,0.0000,Tx-Rx,0,-54.8930,"-0.15000 1.10000 4.90000, -1.85000 0.10000 0.65000"
1481,0.0000,Tx-Rx,0,-52.7610,"-0.15000 1.10000 4.90000, -2.15000 0.10000 0.65000"
1482,0.0000,Tx-Rx,0,-54.5390,"-0.15000 1.10000 4.90000, -2.45000 0.10000 0.65000"
1483,0.0000,Tx-Rx,0,-55.1329,"-0.15000 1.10000 4.90000, -2.75000 0.10000 0.65000"
1484,0.0000,Tx-Rx,0,-55.4958,"-0.15000 1.10000 4.90000, -3.05000 0.10000 0.65000"
1485,0.0000,Tx-Rx,0,-56.2364,"-0.15000 1.10000 4.90000, -3.35000 0.10000 0.65000"
1486,0.0000,Tx-Rx,0,-57.3596,"-0.15000 1.10000 4.90000, -3.65000 0.10000 0.65000"
1487,0.0000,Tx-Rx,0,-61.5342,"-0.15000 1.10000 4.90000, -3.95000 0.10000 0.65000"
1488,0.0000,Tx-Rx,0,-65.4810,"-0.15000 1.10000 4.90000, -4.25000 0.10000 0.65000"
1489,0.0000,Tx-Rx,0,-69.4823,"-0.15000 1.10000 4.90000, -4.55000 0.10000 0.65000"
1490,0.0000,Tx-Rx,0,-70.6536,"-0.15000 1.10000 4.90000, -4.85000 0.10000 0.65000"
1491,0.0000,Tx-Rx,0,-70.8136,"-0.15000 1.10000 4.90000, -5.15000 0.10000 0.65000"
1492,0.0000,Tx-Rx,0,-70.9651,"-0.15000 1.10000 4.90000, -5.45000 0.10000 0.65000"
1493,0.0000,Tx-Rx,0,-70.7724,"-0.15000 1.10000 4.90000, -5.75000 0.10000 0.65000"
1494,0.0000,Tx-Rx,0,-72.1691,"-0.15000 1.10000 4.90000, -6.05000 0.10000 0.65000"
1495,0.0000,Tx-Rx,0,-77.3007,"-0.15000 1.10000 4.90000, -6.35000 0.10000 0.65000"
1496,0.0000,Tx-Rx,0,-75.0391,"-0.15000 1.10000 4.90000, -6.65000 0.10000 0.65000"
1497,0.0000,Tx-Rx,0,-72.1227,"-0.15000 1.10000 4.90000, -6.95000 0.10000 0.65000"
1498,0.0000,Tx-Rx,0,-70.7769,"-0.15000 1.10000 4.90000, -7.25000 0.10000 0.65000"
1499,0.0000,Tx-Rx,0,-71.6639,"-0.15000 1.10000 4.90000, -7.55000 0.10000 0.65000"
1500,0.0000,Tx-Rx,0,-71.5567,"-0.15000 1.10000 4.90000, -7.85000 0.10000 0.65000"
1501,0.0000,Tx-Rx,0,-79.2949,"-0.15000 1.10000 4.90000, 9.85000 0.10000 0.35000"
1502,0.0000,Tx-Rx,0,-82.2780,"-0.15000 1.10000 4.90000, 9.55000 0.10000 0.35000"
1503,0.0000,Tx-Rx,0,-82.8782,"-0.15000 1.10000 4.90000, 9.25000 0.10000 0.35000"
1504,0.0000,Tx-Rx,0,-120.0000,"-0.15000 1.10000 4.90000, 8.95000 0.10000 0.35000"
1505,0.0000,Tx-Rx,0,-89.0378,"-0.15000 1.10000 4.90000, 8.65000 0.10000 0.35000"
1506,0.0000,Tx-Rx,0,-76.2097,"-0.15000 1.10000 4.90000, 8.35000 0.10000 0.35000"
1507,0.0000,Tx-Rx,0,-76.8484,"-0.15000 1.10000 4.90000, 8.05000 0.10000 0.35000"
1508,0.0000,Tx-Rx,0,-78.1975,"-0.15000 1.10000 4.90000, 7.75000 0.10000 0.35000"
1509,0.0000,Tx-Rx,0,-79.0147,"-0.15000 1.10000 4.90000, 7.45000 0.10000 0.35000"
1510,0.0000,Tx-Rx,0,-78.5414,"-0.15000 1.10000 4.90000, 7.15000 0.10000 0.35000"
1511,0.0000,Tx-Rx,0,-78.4675,"-0.15000 1.10000 4.90000, 6.85000 0.10000 0.35000"
1512,0.0000,Tx-Rx,0,-77.6980,"-0.15000 1.10000 4.90000, 6.55000 0.10000 0.35000"
1513,0.0000,Tx-Rx,0,-78.0697,"-0.15000 1.10000 4.90000, 6.25000 0.10000 0.35000"
1514,0.0000,Tx-Rx,0,-77.9070,"-0.15000 1.10000 4.90000, 5.95000 0.10000 0.35000"
1515,0.0000,Tx-Rx,0,-80.5990,"-0.15000 1.10000 4.90000, 5.65000 0.10000 0.35000"
1516,0.0000,Tx-Rx,0,-84.4563,"-0.15000 1.10000 4.90000, 5.35000 0.10000 0.35000"
1517,0.0000,Tx-Rx,0,-84.2177,"-0.15000 1.10000 4.90000, 5.05000 0.10000 0.35000"
1518,0.0000,Tx-Rx,0,-78.7927,"-0.15000 1.10000 4.90000, 4.75000 0.10000 0.35000"
1519,0.0000,Tx-Rx,0,-79.0324,"-0.15000 1.10000 4.90000, 4.45000 0.10000 0.35000"
1520,0.0000,Tx-Rx,0,-83.6411,"-0.15000 1.10000 4.90000, 4.15000 0.10000 0.35000"
1521,0.0000,Tx-Rx,0,-83.4567,"-0.15000 1.10000 4.90000, 3.85000 0.10000 0.35000"
1522,0.0000,Tx-Rx,0,-77.7372,"-0.15000 1.10000 4.90000, 3.55000 0.10000 0.35000"
1523,0.0000,Tx-Rx,0,-76.5603,"-0.15000 1.10000 4.90000, 3.25000 0.10000 0.35000"
1524,0.0000,Tx-Rx,0,-76.5521,"-0.15000 1.10000 4.90000, 2.95000 0.10000 0.35000"
1525,0.0000,Tx-Rx,0,-78.3500,"-0.15000 1.10000 4.90000, 2.65000 0.10000 0.35000"
1526,0.0000,Tx-Rx,0,-78.7224,"-0.15000 1.10000 4.90000, 2.35000 0.10000 0.35000"
1527,0.0000,Tx-Rx,0,-83.9990,"-0.15000 1.10000 4.90000, 2.05000 0.10000 0.35000"
1528,0.0000,Tx-Rx,0,-85.9224,"-0.15000 1.10000 4.90000, 1.75000 0.10000 0.35000"
1529,0.0000,Tx-Rx,0,-88.2730,"-0.15000 1.10000 4.90000, 1.45000 0.10000 0.35000"
1530,0.0000,Tx-Rx,0,-87.5973,"-0.15000 1.10000 4.90000, 1.15000 0.10000 0.35000"
1531,0.0000,Tx-Rx,0,-82.3371,"-0.15000 1.10000 4.90000, 0.85000 0.10000 0.35000"
1532,0.0000,Tx-Rx,0,-84.9653,"-0.15000 1.10000 4.90000, 0.55000 0.10000 0.35000"
1533,0.0000,Tx-Rx,0,-76.4277,"-0.15000 1.10000 4.90000, 0.25000 0.10000 0.35000"
1534,0.0000,Tx-Rx,0,-55.2592,"-0.15000 1.10000 4.90000, -0.05000 0.10000 0.35000"
1535,0.0000,Tx-Rx,0,-53.5327,"-0.15000 1.10000 4.90000, -0.35000 0.10000 0.35000"
1536,0.0000,Tx-Rx,0,-53.6258,"-0.15000 1.10000 4.90000, -0.65000 0.10000 0.35000"
1537,0.0000,Tx-Rx,0,-54.1398,"-0.15000 1.10000 4.90000, -0.95000 0.10000 0.35000"
1538,0.0000,Tx-Rx,0,-54.7818,"-0.15000 1.10000 4.90000, -1.25000 0.10000 0.35000"
1539,0.0000,Tx-Rx,0,-55.0813,"-0.15000 1.10000 4.90000, -1.55000 0.10000 0.35000"
1540,0.0000,Tx-Rx,0,-54.6119,"-0.15000 1.10000 4.90000, -1.85000 0.10000 0.35000"
1541,0.0000,Tx-Rx,0,-53.7608,"-0.15000 1.10000 4.90000, -2.15000 0.10000 0.35000"
1542,0.0000,Tx-Rx,0,-53.6644,"-0.15000 1.10000 4.90000, -2.45000 0.10000 0.35000"
1543,0.0000,Tx-Rx,0,-55.2391,"-0.15000 1.10000 4.90000, -2.75000 0.10000 0.35000"
1544,0.0000,Tx-Rx,0,-55.4793,"-0.15000 1.10000 4.90000, -3.05000 0.10000 0.35000"
1545,0.0000,Tx-Rx,0,-56.1610,"-0.15000 1.10000 4.90000, -3.35000 0.10000 0.35000"
1546,0.0000,Tx-Rx,0,-56.6570,"-0.15000 1.10000 4.90000, -3.65000 0.10000 0.35000"
1547,0.0000,Tx-Rx,0,-57.3933,"-0.15000 1.10000 4.90000, -3.95000 0.10000 0.35000"
1548,0.0000,Tx-Rx,0,-61.6914,"-0.15000 1.10000 4.90000, -4.25000 0.10000 0.35000"
1549,0.0000,Tx-Rx,0,-63.9386,"-0.15000 1.10000 4.90000, -4.55000 0.10000 0.35000"
1550,0.0000,Tx-Rx,0,-67.8889,"-0.15000 1.10000 4.90000, -4.85000 0.10000 0.35000"
1551,0.0000,Tx-Rx,0,-70.0423,"-0.15000 1.10000 4.90000, -5.15000 0.10000 0.35000"
1552,0.0000,Tx-Rx,0,-70.5566,"-0.15000 1.10000 4.90000, -5.45000 0.10000 0.35000"
1553,0.0000,Tx-Rx,0,-70.9906,"-0.15000 1.10000 4.90000, -5.75000 0.10000 0.35000"
1554,0.0000,Tx-Rx,0,-77.4450,"-0.15000 1.10000 4.90000, -6.05000 0.10000 0.35000"
1555,0.0000,Tx-Rx,0,-75.0699,"-0.15000 1.10000 4.90000, -6.35000 0.10000 0.35000"
1556,0.0000,Tx-Rx,0,-72.6016,"-0.15000 1.10000 4.90000, -6.65000 0.10000 0.35000"
1557,0.0000,Tx-Rx,0,-68.8715,"-0.15000 1.10000 4.90000, -6.95000 0.10000 0.35000"
1558,0.0000,Tx-Rx,0,-70.5276,"-0.15000 1.10000 4.90000, -7.25000 0.10000 0.35000"
1559,0.0000,Tx-Rx,0,-71.9710,"-0.15000 1.10000 4.90000, -7.55000 0.10000 0.35000"
1560,0.0000,Tx-Rx,0,-74.4827,"-0.15000 1.10000 4.90000, -7.85000 0.10000 0.35000"
1561,0.0000,Tx-Rx,0,-84.4266,"-0.15000 1.10000 4.90000, 9.85000 0.10000 0.05000"
1562,0.0000,Tx-Rx,0,-84.2956,"-0.15000 1.10000 4.90000, 9.55000 0.10000 0.05000"
1563,0.0000,Tx-Rx,0,-86.4108,"-0.15000 1.10000 4.90000, 9.25000 0.10000 0.05000"
1564,0.0000,Tx-Rx,0,-92.1733,"-0.15000 1.10000 4.90000, 8.95000 0.10000 0.05000"
1565,0.0000,Tx-Rx,0,-84.4230,"-0.15000 1.10000 4.90000, 8.65000 0.10000 0.05000"
1566,0.0000,Tx-Rx,0,-77.2766,"-0.15000 1.10000 4.90000, 8.35000 0.10000 0.05000"
1567,0.0000,Tx-Rx,0,-76.7793,"-0.15000 1.10000 4.90000, 8.05000 0.10000 0.05000"
1568,0.0000,Tx-Rx,0,-77.1475,"-0.15000 1.10000 4.90000, 7.75000 0.10000 0.05000"
1569,0.0000,Tx-Rx,0,-77.5120,"-0.15000 1.10000 4.90000, 7.45000 0.10000 0.05000"
1570,0.0000,Tx-Rx,0,-78.4077,"-0.15000 1.10000 4.90000, 7.15000 0.10000 0.05000"
1571,0.0000,Tx-Rx,0,-78.9022,"-0.15000 1.10000 4.90000, 6.85000 0.10000 0.05000"
1572,0.0000,Tx-Rx,0,-78.9012,"-0.15000 1.10000 4.90000, 6.55000 0.10000 0.05000"
1573,0.0000,Tx-Rx,0,-79.2174,"-0.15000 1.10000 4.90000, 6.25000 0.10000 0.05000"
1574,0.0000,Tx-Rx,0,-80.8724,"-0.15000 1.10000 4.90000, 5.95000 0.10000 0.05000"
1575,0.0000,Tx-Rx,0,-82.7070,"-0.15000 1.10000 4.90000, 5.65000 0.10000 0.05000"
1576,0.0000,Tx-Rx,0,-81.6956,"-0.15000 1.10000 4.90000, 5.35000 0.10000 0.05000"
1577,0.0000,Tx-Rx,0,-80.1987,"-0.15000 1.10000 4.90000, 5.05000 0.10000 0.05000"
1578,0.0000,Tx-Rx,0,-78.7898,"-0.15000 1.10000 4.90000, 4.75000 0.10000 0.05000"
1579,0.0000,Tx-Rx,0,-83.9872,"-0.15000 1.10000 4.90000, 4.45000 0.10000 0.05000"
1580,0.0000,Tx-Rx,0,-83.9673,"-0.15000 1.10000 4.90000, 4.15000 0.10000 0.05000"
1581,0.0000,Tx-Rx,0,-78.2566,"-0.15000 1.10000 4.90000, 3.85000 0.10000 0.05000"
1582,0.0000,Tx-Rx,0,-77.3799,"-0.15000 1.10000 4.90000, 3.55000 0.10000 0.05000"
1583,0.0000,Tx-Rx,0,-77.1759,"-0.15000 1.10000 4.90000, 3.25000 0.10000 0.05000"
1584,0.0000,Tx-Rx,0,-79.0895,"-0.15000 1.10000 4.90000, 2.95000 0.10000 0.05000"
1585,0.0000,Tx-Rx,0,-79.0999,"-0.15000 1.10000 4.90000, 2.65000 0.10000 0.05000"
1586,0.0000,Tx-Rx,0,-82.1417,"-0.15000 1.10000 4.90000, 2.35000 0.10000 0.05000"
1587,0.0000,Tx-Rx,0,-85.0038,"-0.15000 1.10000 4.90000, 2.05000 0.10000 0.05000"
1588,0.0000,Tx-Rx,0,-86.5421,"-0.15000 1.10000 4.90000, 1.75000 0.10000 0.05000"
1589,0.0000,Tx-Rx,0,-90.5572,"-0.15000 1.10000 4.90000, 1.45000 0.10000 0.05000"
1590,0.0000,Tx-Rx,0,-90.5376,"-0.15000 1.10000 4.90000, 1.15000 0.10000 0.05000"
1591,0.0000,Tx-Rx,0,-85.5219,"-0.15000 1.10000 4.90000, 0.85000 0.10000 0.05000"
1592,0.0000,Tx-Rx,0,-85.2867,"-0.15000 1.10000 4.90000, 0.55000 0.10000 0.05000"
1593,0.0000,Tx-Rx,0,-76.7008,"-0.15000 1.10000 4.90000, 0.25000 0.10000 0.05000"
1594,0.0000,Tx-Rx,0,-55.7008,"-0.15000 1.10000 4.90000, -0.05000 0.10000 0.05000"
1595,0.0000,Tx-Rx,0,-53.9605,"-0.15000 1.10000 4.90000, -0.35000 0.10000 0.05000"
1596,0.0000,Tx-Rx,0,-54.0921,"-0.15000 1.10000 4.90000, -0.65000 0.10000 0.05000"
1597,0.0000,Tx-Rx,0,-54.4764,"-0.15000 1.10000 4.90000, -0.95000 0.10000 0.05000"
1598,0.0000,Tx-Rx,0,-55.0865,"-0.15000 1.10000 4.90000, -1.25000 0.10000 0.05000"
1599,0.0000,Tx-Rx,0,-55.4352,"-0.15000 1.10000 4.90000, -1.55000 0.10000 0.05000"
1600,0.0000,Tx-Rx,0,-55.2404,"-0.15000 1.10000 4.90000, -1.85000 0.10000 0.05000"
1601,0.0000,Tx-Rx,0,-55.3280,"-0.15000 1.10000 4.90000, -2.15000 0.10000 0.05000"
1602,0.0000,Tx-Rx,0,-53.6494,"-0.15000 1.10000 4.90000, -2.45000 0.10000 0.05000"
1603,0.0000,Tx-Rx,0,-55.1615,"-0.15000 1.10000 4.90000, -2.75000 0.10000 0.05000"
1604,0.0000,Tx-Rx,0,-55.7257,"-0.15000 1.10000 4.90000, -3.05000 0.10000 0.05000"
1605,0.0000,Tx-Rx,0,-56.2520,"-0.15000 1.10000 4.90000, -3.35000 0.10000 0.05000"
1606,0.0000,Tx-Rx,0,-56.6719,"-0.15000 1.10000 4.90000, -3.65000 0.10000 0.05000"
1607,0.0000,Tx-Rx,0,-57.0715,"-0.15000 1.10000 4.90000, -3.95000 0.10000 0.05000"
1608,0.0000,Tx-Rx,0,-57.9802,"-0.15000 1.10000 4.90000, -4.25000 0.10000 0.05000"
1609,0.0000,Tx-Rx,0,-61.7072,"-0.15000 1.10000 4.90000, -4.55000 0.10000 0.05000"
1610,0.0000,Tx-Rx,0,-64.2221,"-0.15000 1.10000 4.90000, -4.85000 0.10000 0.05000"
1611,0.0000,Tx-Rx,0,-67.1590,"-0.15000 1.10000 4.90000, -5.15000 0.10000 0.05000"
1612,0.0000,Tx-Rx,0,-69.9896,"-0.15000 1.10000 4.90000, -5.45000 0.10000 0.05000"
1613,0.0000,Tx-Rx,0,-72.1640,"-0.15000 1.10000 4.90000, -5.75000 0.10000 0.05000"
1614,0.0000,Tx-Rx,0,-80.7178,"-0.15000 1.10000 4.90000, -6.05000 0.10000 0.05000"
1615,0.0000,Tx-Rx,0,-73.8449,"-0.15000 1.10000 4.90000, -6.35000 0.10000 0.05000"
1616,0.0000,Tx-Rx,0,-68.6916,"-0.15000 1.10000 4.90000, -6.65000 0.10000 0.05000"
1617,0.0000,Tx-Rx,0,-69.9849,"-0.15000 1.10000 4.90000, -6.95000 0.10000 0.05000"
1618,0.0000,Tx-Rx,0,-70.2372,"-0.15000 1.10000 4.90000, -7.25000 0.10000 0.05000"
1619,0.0000,Tx-Rx,0,-75.0121,"-0.15000 1.10000 4.90000, -7.55000 0.10000 0.05000"
1620,0.0000,Tx-Rx,0,-80.1104,"-0.15000 1.10000 4.90000, -7.85000 0.10000 0.05000"
1621,0.0000,Tx-Rx,0,-87.8672,"-0.15000 1.10000 4.90000, 9.85000 0.10000 -0.25000"
1622,0.0000,Tx-Rx,0,-89.4137,"-0.15000 1.10000 4.90000, 9.55000 0.10000 -0.25000"
1623,0.0000,Tx-Rx,0,-85.0664,"-0.15000 1.10000 4.90000, 9.25000 0.10000 -0.25000"
1624,0.0000,Tx-Rx,0,-79.9937,"-0.15000 1.10000 4.90000, 8.95000 0.10000 -0.25000"
1625,0.0000,Tx-Rx,0,-79.7011,"-0.15000 1.10000 4.90000, 8.65000 0.10000 -0.25000"
1626,0.0000,Tx-Rx,0,-79.3555,"-0.15000 1.10000 4.90000, 8.35000 0.10000 -0.25000"
1627,0.0000,Tx-Rx,0,-78.3478,"-0.15000 1.10000 4.90000, 8.05000 0.10000 -0.25000"
1628,0.0000,Tx-Rx,0,-76.3437,"-0.15000 1.10000 4.90000, 7.75000 0.10000 -0.25000"
1629,0.0000,Tx-Rx,0,-76.1816,"-0.15000 1.10000 4.90000, 7.45000 0.10000 -0.25000"
1630,0.0000,Tx-Rx,0,-78.4600,"-0.15000 1.10000 4.90000, 7.15000 0.10000 -0.25000"
1631,0.0000,Tx-Rx,0,-79.2951,"-0.15000 1.10000 4.90000, 6.85000 0.10000 -0.25000"
1632,0.0000,Tx-Rx,0,-79.2444,"-0.15000 1.10000 4.90000, 6.55000 0.10000 -0.25000"
1633,0.0000,Tx-Rx,0,-85.1841,"-0.15000 1.10000 4.90000, 6.25000 0.10000 -0.25000"
1634,0.0000,Tx-Rx,0,-84.9467,"-0.15000 1.10000 4.90000, 5.95000 0.10000 -0.25000"
1635,0.0000,Tx-Rx,0,-84.0946,"-0.15000 1.10000 4.90000, 5.65000 0.10000 -0.25000"
1636,0.0000,Tx-Rx,0,-80.0766,"-0.15000 1.10000 4.90000, 5.35000 0.10000 -0.25000"
1637,0.0000,Tx-Rx,0,-80.1009,"-0.15000 1.10000 4.90000, 5.05000 0.10000 -0.25000"
1638,0.0000,Tx-Rx,0,-82.9512,"-0.15000 1.10000 4.90000, 4.75000 0.10000 -0.25000"
1639,0.0000,Tx-Rx,0,-82.9664,"-0.15000 1.10000 4.90000, 4.45000 0.10000 -0.25000"
1640,0.0000,Tx-Rx,0,-78.9147,"-0.15000 1.10000 4.90000, 4.15000 0.10000 -0.25000"
1641,0.0000,Tx-Rx,0,-76.8630,"-0.15000 1.10000 4.90000, 3.85000 0.10000 -0.25000"
1642,0.0000,Tx-Rx,0,-78.2402,"-0.15000 1.10000 4.90000, 3.55000 0.10000 -0.25000"
1643,0.0000,Tx-Rx,0,-77.9555,"-0.15000 1.10000 4.90000, 3.25000 0.10000 -0.25000"
1644,0.0000,Tx-Rx,0,-79.5944,"-0.15000 1.10000 4.90000, 2.95000 0.10000 -0.25000"
1645,0.0000,Tx-Rx,0,-80.3714,"-0.15000 1.10000 4.90000, 2.65000 0.10000 -0.25000"
1646,0.0000,Tx-Rx,0,-84.1632,"-0.15000 1.10000 4.90000, 2.35000 0.10000 -0.25000"
1647,0.0000,Tx-Rx,0,-85.6315,"-0.15000 1.10000 4.90000, 2.05000 0.10000 -0.25000"
1648,0.0000,Tx-Rx,0,-87.6216,"-0.15000 1.10000 4.90000, 1.75000 0.10000 -0.25000"
1649,0.0000,Tx-Rx,0,-89.8078,"-0.15000 1.10000 4.90000, 1.45000 0.10000 -0.25000"
1650,0.0000,Tx-Rx,0,-90.8045,"-0.15000 1.10000 4.90000, 1.15000 0.10000 -0.25000"
1651,0.0000,Tx-Rx,0,-86.4844,"-0.15000 1.10000 4.90000, 0.85000 0.10000 -0.25000"
1652,0.0000,Tx-Rx,0,-84.1255,"-0.15000 1.10000 4.90000, 0.55000 0.10000 -0.25000"
1653,0.0000,Tx-Rx,0,-76.3739,"-0.15000 1.10000 4.90000, 0.25000 0.10000 -0.25000"
1654,0.0000,Tx-Rx,0,-56.0667,"-0.15000 1.10000 4.90000, -0.05000 0.10000 -0.25000"
1655,0.0000,Tx-Rx,0,-54.2946,"-0.15000 1.10000 4.90000, -0.35000 0.10000 -0.25000"
1656,0.0000,Tx-Rx,0,-54.3947,"-0.15000 1.10000 4.90000, -0.65000 0.10000 -0.25000"
1657,0.0000,Tx-Rx,0,-54.7325,"-0.15000 1.10000 4.90000, -0.95000 0.10000 -0.25000"
1658,0.0000,Tx-Rx,0,-55.3198,"-0.15000 1.10000 4.90000, -1.25000 0.10000 -0.25000"
1659,0.0000,Tx-Rx,0,-55.5921,"-0.15000 1.10000 4.90000, -1.55000 0.10000 -0.25000"
1660,0.0000,Tx-Rx,0,-55.5882,"-0.15000 1.10000 4.90000, -1.85000 0.10000 -0.25000"
1661,0.0000,Tx-Rx,0,-55.5036,"-0.15000 1.10000 4.90000, -2.15000 0.10000 -0.25000"
1662,0.0000,Tx-Rx,0,-55.1671,"-0.15000 1.10000 4.90000, -2.45000 0.10000 -0.25000"
1663,0.0000,Tx-Rx,0,-54.4299,"-0.15000 1.10000 4.90000, -2.75000 0.10000 -0.25000"
1664,0.0000,Tx-Rx,0,-56.0173,"-0.15000 1.10000 4.90000, -3.05000 0.10000 -0.25000"
1665,0.0000,Tx-Rx,0,-56.3657,"-0.15000 1.10000 4.90000, -3.35000 0.10000 -0.25000"
1666,0.0000,Tx-Rx,0,-56.6194,"-0.15000 1.10000 4.90000, -3.65000 0.10000 -0.25000"
1667,0.0000,Tx-Rx,0,-57.1933,"-0.15000 1.10000 4.90000, -3.95000 0.10000 -0.25000"
1668,0.0000,Tx-Rx,0,-57.4948,"-0.15000 1.10000 4.90000, -4.25000 0.10000 -0.25000"
1669,0.0000,Tx-Rx,0,-58.1370,"-0.15000 1.10000 4.90000, -4.55000 0.10000 -0.25000"
1670,0.0000,Tx-Rx,0,-61.8437,"-0.15000 1.10000 4.90000, -4.85000 0.10000 -0.25000"
1671,0.0000,Tx-Rx,0,-64.1206,"-0.15000 1.10000 4.90000, -5.15000 0.10000 -0.25000"
1672,0.0000,Tx-Rx,0,-66.5906,"-0.15000 1.10000 4.90000, -5.45000 0.10000 -0.25000"
1673,0.0000,Tx-Rx,0,-74.2355,"-0.15000 1.10000 4.90000, -5.75000 0.10000 -0.25000"
1674,0.0000,Tx-Rx,0,-74.8725,"-0.15000 1.10000 4.90000, -6.05000 0.10000 -0.25000"
1675,0.0000,Tx-Rx,0,-69.1478,"-0.15000 1.10000 4.90000, -6.35000 0.10000 -0.25000"
1676,0.0000,Tx-Rx,0,-69.8898,"-0.15000 1.10000 4.90000, -6.65000 0.10000 -0.25000"
1677,0.0000,Tx-Rx,0,-70.2263,"-0.15000 1.10000 4.90000, -6.95000 0.10000 -0.25000"
1678,0.0000,Tx-Rx,0,-72.8091,"-0.15000 1.10000 4.90000, -7.25000 0.10000 -0.25000"
1679,0.0000,Tx-Rx,0,-73.9962,"-0.15000 1.10000 4.90000, -7.55000 0.10000 -0.25000"
1680,0.0000,Tx-Rx,0,-81.0247,"-0.15000 1.10000 4.90000, -7.85000 0.10000 -0.25000"
1681,0.0000,Tx-Rx,0,-86.7274,"-0.15000 1.10000 4.90000, 9.85000 0.10000 -0.55000"
1682,0.0000,Tx-Rx,0,-81.1439,"-0.15000 1.10000 4.90000, 9.55000 0.10000 -0.55000"
1683,0.0000,Tx-Rx,0,-79.2399,"-0.15000 1.10000 4.90000, 9.25000 0.10000 -0.55000"
1684,0.0000,Tx-Rx,0,-79.8925,"-0.15000 1.10000 4.90000, 8.95000 0.10000 -0.55000"
1685,0.0000,Tx-Rx,0,-78.8268,"-0.15000 1.10000 4.90000, 8.65000 0.10000 -0.55000"
1686,0.0000,Tx-Rx,0,-79.6502,"-0.15000 1.10000 4.90000, 8.35000 0.10000 -0.55000"
1687,0.0000,Tx-Rx,0,-79.7209,"-0.15000 1.10000 4.90000, 8.05000 0.10000 -0.55000"
1688,0.0000,Tx-Rx,0,-78.8221,"-0.15000 1.10000 4.90000, 7.75000 0.10000 -0.55000"
1689,0.0000,Tx-Rx,0,-78.4852,"-0.15000 1.10000 4.90000, 7.45000 0.10000 -0.55000"
1690,0.0000,Tx-Rx,0,-76.9373,"-0.15000 1.10000 4.90000, 7.15000 0.10000 -0.55000"
1691,0.0000,Tx-Rx,0,-78.2749,"-0.15000 1.10000 4.90000, 6.85000 0.10000 -0.55000"
1692,0.0000,Tx-Rx,0,-80.3123,"-0.15000 1.10000 4.90000, 6.55000 0.10000 -0.55000"
1693,0.0000,Tx-Rx,0,-81.2176,"-0.15000 1.10000 4.90000, 6.25000 0.10000 -0.55000"
1694,0.0000,Tx-Rx,0,-85.8695,"-0.15000 1.10000 4.90000, 5.95000 0.10000 -0.55000"
1695,0.0000,Tx-Rx,0,-80.1452,"-0.15000 1.10000 4.90000, 5.65000 0.10000 -0.55000"
1696,0.0000,Tx-Rx,0,-83.5148,"-0.15000 1.10000 4.90000, 5.35000 0.10000 -0.55000"
1697,0.0000,Tx-Rx,0,-85.5932,"-0.15000 1.10000 4.90000, 5.05000 0.10000 -0.55000"
1698,0.0000,Tx-Rx,0,-84.4437,"-0.15000 1.10000 4.90000, 4.75000 0.10000 -0.55000"
1699,0.0000,Tx-Rx,0,-80.8972,"-0.15000 1.10000 4.90000, 4.45000 0.10000 -0.55000"
1700,0.0000,Tx-Rx,0,-78.2977,"-0.15000 1.10000 4.90000, 4.15000 0.10000 -0.55000"
1701,0.0000,Tx-Rx,0,-77.2249,"-0.15000 1.10000 4.90000, 3.85000 0.10000 -0.55000"
1702,0.0000,Tx-Rx,0,-78.4467,"-0.15000 1.10000 4.90000, 3.55000 0.10000 -0.55000"
1703,0.0000,Tx-Rx,0,-78.5803,"-0.15000 1.10000 4.90000, 3.25000 0.10000 -0.55000"
1704,0.0000,Tx-Rx,0,-78.7789,"-0.15000 1.10000 4.90000, 2.95000 0.10000 -0.55000"
1705,0.0000,Tx-Rx,0,-81.6789,"-0.15000 1.10000 4.90000, 2.65000 0.10000 -0.55000"
1706,0.0000,Tx-Rx,0,-82.6844,"-0.15000 1.10000 4.90000, 2.35000 0.10000 -0.55000"
1707,0.0000,Tx-Rx,0,-84.4921,"-0.15000 1.10000 4.90000, 2.05000 0.10000 -0.55000"
1708,0.0000,Tx-Rx,0,-85.8328,"-0.15000 1.10000 4.90000, 1.75000 0.10000 -0.55000"
1709,0.0000,Tx-Rx,0,-88.4795,"-0.15000 1.10000 4.90000, 1.45000 0.10000 -0.55000"
1710,0.0000,Tx-Rx,0,-90.2066,"-0.15000 1.10000 4.90000, 1.15000 0.10000 -0.55000"
1711,0.0000,Tx-Rx,0,-88.2730,"-0.15000 1.10000 4.90000, 0.85000 0.10000 -0.55000"
1712,0.0000,Tx-Rx,0,-81.1481,"-0.15000 1.10000 4.90000, 0.55000 0.10000 -0.55000"
1713,0.0000,Tx-Rx,0,-76.3448,"-0.15000 1.10000 4.90000, 0.25000 0.10000 -0.55000"
1714,0.0000,Tx-Rx,0,-56.4245,"-0.15000 1.10000 4.90000, -0.05000 0.10000 -0.55000"
1715,0.0000,Tx-Rx,0,-54.6631,"-0.15000 1.10000 4.90000, -0.35000 0.10000 -0.55000"
1716,0.0000,Tx-Rx,0,-54.7467,"-0.15000 1.10000 4.90000, -0.65000 0.10000 -0.55000"
1717,0.0000,Tx-Rx,0,-54.9541,"-0.15000 1.10000 4.90000, -0.95000 0.10000 -0.55000"
1718,0.0000,Tx-Rx,0,-55.6437,"-0.15000 1.10000 4.90000, -1.25000 0.10000 -0.55000"
1719,0.0000,Tx-Rx,0,-55.8653,"-0.15000 1.10000 4.90000, -1.55000 0.10000 -0.55000"
1720,0.0000,Tx-Rx,0,-55.8454,"-0.15000 1.10000 4.90000, -1.85000 0.10000 -0.55000"
1721,0.0000,Tx-Rx,0,-55.9971,"-0.15000 1.10000 4.90000, -2.15000 0.10000 -0.55000"
1722,0.0000,Tx-Rx,0,-56.0498,"-0.15000 1.10000 4.90000, -2.45000 0.10000 -0.55000"
1723,0.0000,Tx-Rx,0,-54.8864,"-0.15000 1.10000 4.90000, -2.75000 0.10000 -0.55000"
1724,0.0000,Tx-Rx,0,-55.9293,"-0.15000 1.10000 4.90000, -3.05000 0.10000 -0.55000"
1725,0.0000,Tx-Rx,0,-56.6421,"-0.15000 1.10000 4.90000, -3.35000 0.10000 -0.55000"
1726,0.0000,Tx-Rx,0,-56.7039,"-0.15000 1.10000 4.90000, -3.65000 0.10000 -0.55000"
1727,0.0000,Tx-Rx,0,-57.2751,"-0.15000 1.10000 4.90000, -3.95000 0.10000 -0.55000"
1728,0.0000,Tx-Rx,0,-57.4887,"-0.15000 1.10000 4.90000, -4.25000 0.10000 -0.55000"
1729,0.0000,Tx-Rx,0,-57.7092,"-0.15000 1.10000 4.90000, -4.55000 0.10000 -0.55000"
1730,0.0000,Tx-Rx,0,-58.5196,"-0.15000 1.10000 4.90000, -4.85000 0.10000 -0.55000"
1731,0.0000,Tx-Rx,0,-62.0710,"-0.15000 1.10000 4.90000, -5.15000 0.10000 -0.55000"
1732,0.0000,Tx-Rx,0,-64.5731,"-0.15000 1.10000 4.90000, -5.45000 0.10000 -0.55000"
1733,0.0000,Tx-Rx,0,-67.7170,"-0.15000 1.10000 4.90000, -5.75000 0.10000 -0.55000"
1734,0.0000,Tx-Rx,0,-68.4672,"-0.15000 1.10000 4.90000, -6.05000 0.10000 -0.55000"
1735,0.0000,Tx-Rx,0,-69.6969,"-0.15000 1.10000 4.90000, -6.35000 0.10000 -0.55000"
1736,0.0000,Tx-Rx,0,-70.5202,"-0.15000 1.10000 4.90000, -6.65000 0.10000 -0.55000"
1737,0.0000,Tx-Rx,0,-72.5164,"-0.15000 1.10000 4.90000, -6.95000 0.10000 -0.55000"
1738,0.0000,Tx-Rx,0,-75.9218,"-0.15000 1.10000 4.90000, -7.25000 0.10000 -0.55000"
1739,0.0000,Tx-Rx,0,-74.0961,"-0.15000 1.10000 4.90000, -7.55000 0.10000 -0.55000"
1740,0.0000,Tx-Rx,0,-74.8618,"-0.15000 1.10000 4.90000, -7.85000 0.10000 -0.55000"
1741,0.0000,Tx-Rx,0,-80.8246,"-0.15000 1.10000 4.90000, 9.85000 0.10000 -0.85000"
1742,0.0000,Tx-Rx,0,-80.1687,"-0.15000 1.10000 4.90000, 9.55000 0.10000 -0.85000"
1743,0.0000,Tx-Rx,0,-81.0699,"-0.15000 1.10000 4.90000, 9.25000 0.10000 -0.85000"
1744,0.0000,Tx-Rx,0,-82.5089,"-0.15000 1.10000 4.90000, 8.95000 0.10000 -0.85000"
1745,0.0000,Tx-Rx,0,-79.6171,"-0.15000 1.10000 4.90000, 8.65000 0.10000 -0.85000"
1746,0.0000,Tx-Rx,0,-80.5089,"-0.15000 1.10000 4.90000, 8.35000 0.10000 -0.85000"
1747,0.0000,Tx-Rx,0,-80.2241,"-0.15000 1.10000 4.90000, 8.05000 0.10000 -0.85000"
1748,0.0000,Tx-Rx,0,-81.0406,"-0.15000 1.10000 4.90000, 7.75000 0.10000 -0.85000"
1749,0.0000,Tx-Rx,0,-79.9266,"-0.15000 1.10000 4.90000, 7.45000 0.10000 -0.85000"
1750,0.0000,Tx-Rx,0,-80.6469,"-0.15000 1.10000 4.90000, 7.15000 0.10000 -0.85000"
1751,0.0000,Tx-Rx,0,-81.4192,"-0.15000 1.10000 4.90000, 6.85000 0.10000 -0.85000"
1752,0.0000,Tx-Rx,0,-79.8594,"-0.15000 1.10000 4.90000, 6.55000 0.10000 -0.85000"
1753,0.0000,Tx-Rx,0,-80.9127,"-0.15000 1.10000 4.90000, 6.25000 0.10000 -0.85000"
1754,0.0000,Tx-Rx,0,-78.1259,"-0.15000 1.10000 4.90000, 5.95000 0.10000 -0.85000"
1755,0.0000,Tx-Rx,0,-80.9428,"-0.15000 1.10000 4.90000, 5.65000 0.10000 -0.85000"
1756,0.0000,Tx-Rx,0,-86.7232,"-0.15000 1.10000 4.90000, 5.35000 0.10000 -0.85000"
1757,0.0000,Tx-Rx,0,-87.7644,"-0.15000 1.10000 4.90000, 5.05000 0.10000 -0.85000"
1758,0.0000,Tx-Rx,0,-83.2243,"-0.15000 1.10000 4.90000, 4.75000 0.10000 -0.85000"
1759,0.0000,Tx-Rx,0,-78.8770,"-0.15000 1.10000 4.90000, 4.45000 0.10000 -0.85000"
1760,0.0000,Tx-Rx,0,-79.0523,"-0.15000 1.10000 4.90000, 4.15000 0.10000 -0.85000"
1761,0.0000,Tx-Rx,0,-78.6706,"-0.15000 1.10000 4.90000, 3.85000 0.10000 -0.85000"
1762,0.0000,Tx-Rx,0,-80.0380,"-0.15000 1.10000 4.90000, 3.55000 0.10000 -0.85000"
1763,0.0000,Tx-Rx,0,-81.2391,"-0.15000 1.10000 4.90000, 3.25000 0.10000 -0.85000"
1764,0.0000,Tx-Rx,0,-82.0247,"-0.15000 1.10000 4.90000, 2.95000 0.10000 -0.85000"
1765,0.0000,Tx-Rx,0,-83.9194,"-0.15000 1.10000 4.90000, 2.65000 0.10000 -0.85000"
1766,0.0000,Tx-Rx,0,-83.6700,"-0.15000 1.10000 4.90000, 2.35000 0.10000 -0.85000"
1767,0.0000,Tx-Rx,0,-85.2344,"-0.15000 1.10000 4.90000, 2.05000 0.10000 -0.85000"
1768,0.0000,Tx-Rx,0,-85.5973,"-0.15000 1.10000 4.90000, 1.75000 0.10000 -0.85000"
1769,0.0000,Tx-Rx,0,-86.2544,"-0.15000 1.10000 4.90000, 1.45000 0.10000 -0.85000"
1770,0.0000,Tx-Rx,0,-88.6029,"-0.15000 1.10000 4.90000, 1.15000 0.10000 -0.85000"
1771,0.0000,Tx-Rx,0,-86.8687,"-0.15000 1.10000 4.90000, 0.85000 0.10000 -0.85000"
1772,0.0000,Tx-Rx,0,-81.1052,"-0.15000 1.10000 4.90000, 0.55000 0.10000 -0.85000"
1773,0.0000,Tx-Rx,0,-76.2537,"-0.15000 1.10000 4.90000, 0.25000 0.10000 -0.85000"
1774,0.0000,Tx-Rx,0,-56.8190,"-0.15000 1.10000 4.90000, -0.05000 0.10000 -0.85000"
1775,0.0000,Tx-Rx,0,-55.0337,"-0.15000 1.10000 4.90000, -0.35000 0.10000 -0.85000"
1776,0.0000,Tx-Rx,0,-55.0150,"-0.15000 1.10000 4.90000, -0.65000 0.10000 -0.85000"
1777,0.0000,Tx-Rx,0,-55.2410,"-0.15000 1.10000 4.90000, -0.95000 0.10000 -0.85000"
1778,0.0000,Tx-Rx,0,-55.8837,"-0.15000 1.10000 4.90000, -1.25000 0.10000 -0.85000"
1779,0.0000,Tx-Rx,0,-56.1574,"-0.15000 1.10000 4.90000, -1.55000 0.10000 -0.85000"
1780,0.0000,Tx-Rx,0,-56.0985,"-0.15000 1.10000 4.90000, -1.85000 0.10000 -0.85000"
1781,0.0000,Tx-Rx,0,-56.5056,"-0.15000 1.10000 4.90000, -2.15000 0.10000 -0.85000"
1782,0.0000,Tx-Rx,0,-56.3366,"-0.15000 1.10000 4.90000, -2.45000 0.10000 -0.85000"
1783,0.0000,Tx-Rx,0,-56.4668,"-0.15000 1.10000 4.90000, -2.75000 0.10000 -0.85000"
1784,0.0000,Tx-Rx,0,-55.4090,"-0.15000 1.10000 4.90000, -3.05000 0.10000 -0.85000"
1785,0.0000,Tx-Rx,0,-56.6841,"-0.15000 1.10000 4.90000, -3.35000 0.10000 -0.85000"
1786,0.0000,Tx-Rx,0,-56.9057,"-0.15000 1.10000 4.90000, -3.65000 0.10000 -0.85000"
1787,0.0000,Tx-Rx,0,-57.3173,"-0.15000 1.10000 4.90000, -3.95000 0.10000 -0.85000"
1788,0.0000,Tx-Rx,0,-57.5203,"-0.15000 1.10000 4.90000, -4.25000 0.10000 -0.85000"
1789,0.0000,Tx-Rx,0,-57.8047,"-0.15000 1.10000 4.90000, -4.55000 0.10000 -0.85000"
1790,0.0000,Tx-Rx,0,-58.1213,"-0.15000 1.10000 4.90000, -4.85000 0.10000 -0.85000"
1791,0.0000,Tx-Rx,0,-58.8647,"-0.15000 1.10000 4.90000, -5.15000 0.10000 -0.85000"
1792,0.0000,Tx-Rx,0,-62.8081,"-0.15000 1.10000 4.90000, -5.45000 0.10000 -0.85000"
1793,0.0000,Tx-Rx,0,-64.4670,"-0.15000 1.10000 4.90000, -5.75000 0.10000 -0.85000"
1794,0.0000,Tx-Rx,0,-66.2469,"-0.15000 1.10000 4.90000, -6.05000 0.10000 -0.85000"
1795,0.0000,Tx-Rx,0,-69.4757,"-0.15000 1.10000 4.90000, -6.35000 0.10000 -0.85000"
1796,0.0000,Tx-Rx,0,-73.6873,"-0.15000 1.10000 4.90000, -6.65000 0.10000 -0.85000"
1797,0.0000,Tx-Rx,0,-75.5937,"-0.15000 1.10000 4.90000, -6.95000 0.10000 -0.85000"
1798,0.0000,Tx-Rx,0,-74.1201,"-0.15000 1.10000 4.90000, -7.25000 0.10000 -0.85000"
1799,0.0000,Tx-Rx,0,-76.0800,"-0.15000 1.10000 4.90000, -7.55000 0.10000 -0.85000"
1800,0.0000,Tx-Rx,0,-70.8511,"-0.15000 1.10000 4.90000, -7.85000 0.10000 -0.85000"
1801,0.0000,Tx-Rx,0,-81.4180,"-0.15000 1.10000 4.90000, 9.85000 0.10000 -1.15000"
1802,0.0000,Tx-Rx,0,-79.6103,"-0.15000 1.10000 4.90000, 9.55000 0.10000 -1.15000"
1803,0.0000,Tx-Rx,0,-79.1266,"-0.15000 1.10000 4.90000, 9.25000 0.10000 -1.15000"
1804,0.0000,Tx-Rx,0,-79.6967,"-0.15000 1.10000 4.90000, 8.95000 0.10000 -1.15000"
1805,0.0000,Tx-Rx,0,-81.3679,"-0.15000 1.10000 4.90000, 8.65000 0.10000 -1.15000"
1806,0.0000,Tx-Rx,0,-81.5601,"-0.15000 1.10000 4.90000, 8.35000 0.10000 -1.15000"
1807,0.0000,Tx-Rx,0,-80.8594,"-0.15000 1.10000 4.90000, 8.05000 0.10000 -1.15000"
1808,0.0000,Tx-Rx,0,-79.8395,"-0.15000 1.10000 4.90000, 7.75000 0.10000 -1.15000"
1809,0.0000,Tx-Rx,0,-84.2153,"-0.15000 1.10000 4.90000, 7.45000 0.10000 -1.15000"
1810,0.0000,Tx-Rx,0,-87.1886,"-0.15000 1.10000 4.90000, 7.15000 0.10000 -1.15000"
1811,0.0000,Tx-Rx,0,-86.5633,"-0.15000 1.10000 4.90000, 6.85000 0.10000 -1.15000"
1812,0.0000,Tx-Rx,0,-81.9071,"-0.15000 1.10000 4.90000, 6.55000 0.10000 -1.15000"
1813,0.0000,Tx-Rx,0,-77.2104,"-0.15000 1.10000 4.90000, 6.25000 0.10000 -1.15000"
1814,0.0000,Tx-Rx,0,-78.6324,"-0.15000 1.10000 4.90000, 5.95000 0.10000 -1.15000"
1815,0.0000,Tx-Rx,0,-79.5216,"-0.15000 1.10000 4.90000, 5.65000 0.10000 -1.15000"
1816,0.0000,Tx-Rx,0,-80.4201,"-0.15000 1.10000 4.90000, 5.35000 0.10000 -1.15000"
1817,0.0000,Tx-Rx,0,-81.1998,"-0.15000 1.10000 4.90000, 5.05000 0.10000 -1.15000"
1818,0.0000,Tx-Rx,0,-79.9512,"-0.15000 1.10000 4.90000, 4.75000 0.10000 -1.15000"
1819,0.0000,Tx-Rx,0,-79.1559,"-0.15000 1.10000 4.90000, 4.45000 0.10000 -1.15000"
1820,0.0000,Tx-Rx,0,-81.2147,"-0.15000 1.10000 4.90000, 4.15000 0.10000 -1.15000"
1821,0.0000,Tx-Rx,0,-81.8938,"-0.15000 1.10000 4.90000, 3.85000 0.10000 -1.15000"
1822,0.0000,Tx-Rx,0,-81.0415,"-0.15000 1.10000 4.90000, 3.55000 0.10000 -1.15000"
1823,0.0000,Tx-Rx,0,-81.2603,"-0.15000 1.10000 4.90000, 3.25000 0.10000 -1.15000"
1824,0.0000,Tx-Rx,0,-83.6226,"-0.15000 1.10000 4.90000, 2.95000 0.10000 -1.15000"
1825,0.0000,Tx-Rx,0,-84.1942,"-0.15000 1.10000 4.90000, 2.65000 0.10000 -1.15000"
1826,0.0000,Tx-Rx,0,-85.1473,"-0.15000 1.10000 4.90000, 2.35000 0.10000 -1.15000"
1827,0.0000,Tx-Rx,0,-86.3336,"-0.15000 1.10000 4.90000, 2.05000 0.10000 -1.15000"
1828,0.0000,Tx-Rx,0,-84.9202,"-0.15000 1.10000 4.90000, 1.75000 0.10000 -1.15000"
1829,0.0000,Tx-Rx,0,-87.8003,"-0.15000 1.10000 4.90000, 1.45000 0.10000 -1.15000"
1830,0.0000,Tx-Rx,0,-88.6571,"-0.15000 1.10000 4.90000, 1.15000 0.10000 -1.15000"
1831,0.0000,Tx-Rx,0,-86.0393,"-0.15000 1.10000 4.90000, 0.85000 0.10000 -1.15000"
1832,0.0000,Tx-Rx,0,-83.2737,"-0.15000 1.10000 4.90000, 0.55000 0.10000 -1.15000"
1833,0.0000,Tx-Rx,0,-76.3959,"-0.15000 1.10000 4.90000, 0.25000 0.10000 -1.15000"
1834,0.0000,Tx-Rx,0,-57.1202,"-0.15000 1.10000 4.90000, -0.05000 0.10000 -1.15000"
1835,0.0000,Tx-Rx,0,-55.3619,"-0.15000 1.10000 4.90000, -0.35000 0.10000 -1.15000"
1836,0.0000,Tx-Rx,0,-55.3993,"-0.15000 1.10000 4.90000, -0.65000 0.10000 -1.15000"
1837,0.0000,Tx-Rx,0,-55.5498,"-0.15000 1.10000 4.90000, -0.95000 0.10000 -1.15000"
1838,0.0000,Tx-Rx,0,-56.1161,"-0.15000 1.10000 4.90000, -1.25000 0.10000 -1.15000"
1839,0.0000,Tx-Rx,0,-56.3266,"-0.15000 1.10000 4.90000, -1.55000 0.10000 -1.15000"
1840,0.0000,Tx-Rx,0,-56.3781,"-0.15000 1.10000 4.90000, -1.85000 0.10000 -1.15000"
1841,0.0000,Tx-Rx,0,-56.7566,"-0.15000 1.10000 4.90000, -2.15000 0.10000 -1.15000"
1842,0.0000,Tx-Rx,0,-56.8281,"-0.15000 1.10000 4.90000, -2.45000 0.10000 -1.15000"
1843,0.0000,Tx-Rx,0,-57.0298,"-0.15000 1.10000 4.90000, -2.75000 0.10000 -1.15000"
1844,0.0000,Tx-Rx,0,-56.2789,"-0.15000 1.10000 4.90000, -3.05000 0.10000 -1.15000"
1845,0.0000,Tx-Rx,0,-56.4442,"-0.15000 1.10000 4.90000, -3.35000 0.10000 -1.15000"
1846,0.0000,Tx-Rx,0,-57.1233,"-0.15000 1.10000 4.90000, -3.65000 0.10000 -1.15000"
1847,0.0000,Tx-Rx,0,-57.4033,"-0.15000 1.10000 4.90000, -3.95000 0.10000 -1.15000"
1848,0.0000,Tx-Rx,0,-57.5309,"-0.15000 1.10000 4.90000, -4.25000 0.10000 -1.15000"
1849,0.0000,Tx-Rx,0,-57.8638,"-0.15000 1.10000 4.90000, -4.55000 0.10000 -1.15000"
1850,0.0000,Tx-Rx,0,-58.1369,"-0.15000 1.10000 4.90000, -4.85000 0.10000 -1.15000"
1851,0.0000,Tx-Rx,0,-58.5983,"-0.15000 1.10000 4.90000, -5.15000 0.10000 -1.15000"
1852,0.0000,Tx-Rx,0,-59.1531,"-0.15000 1.10000 4.90000, -5.45000 0.10000 -1.15000"
1853,0.0000,Tx-Rx,0,-62.5226,"-0.15000 1.10000 4.90000, -5.75000 0.10000 -1.15000"
1854,0.0000,Tx-Rx,0,-64.7086,"-0.15000 1.10000 4.90000, -6.05000 0.10000 -1.15000"
1855,0.0000,Tx-Rx,0,-67.0846,"-0.15000 1.10000 4.90000, -6.35000 0.10000 -1.15000"
1856,0.0000,Tx-Rx,0,-71.9703,"-0.15000 1.10000 4.90000, -6.65000 0.10000 -1.15000"
1857,0.0000,Tx-Rx,0,-75.6827,"-0.15000 1.10000 4.90000, -6.95000 0.10000 -1.15000"
1858,0.0000,Tx-Rx,0,-76.7644,"-0.15000 1.10000 4.90000, -7.25000 0.10000 -1.15000"
1859,0.0000,Tx-Rx,0,-73.0978,"-0.15000 1.10000 4.90000, -7.55000 0.10000 -1.15000"
1860,0.0000,Tx-Rx,0,-68.6311,"-0.15000 1.10000 4.90000, -7.85000 0.10000 -1.15000"
1861,0.0000,Tx-Rx,0,-84.0833,"-0.15000 1.10000 4.90000, 9.85000 0.10000 -1.45000"
1862,0.0000,Tx-Rx,0,-84.3443,"-0.15000 1.10000 4.90000, 9.55000 0.10000 -1.45000"
1863,0.0000,Tx-Rx,0,-85.8524,"-0.15000 1.10000 4.90000, 9.25000 0.10000 -1.45000"
1864,0.0000,Tx-Rx,0,-87.6501,"-0.15000 1.10000 4.90000, 8.95000 0.10000 -1.45000"
1865,0.0000,Tx-Rx,0,-83.4388,"-0.15000 1.10000 4.90000, 8.65000 0.10000 -1.45000"
1866,0.0000,Tx-Rx,0,-82.0181,"-0.15000 1.10000 4.90000, 8.35000 0.10000 -1.45000"
1867,0.0000,Tx-Rx,0,-81.6250,"-0.15000 1.10000 4.90000, 8.05000 0.10000 -1.45000"
1868,0.0000,Tx-Rx,0,-85.2864,"-0.15000 1.10000 4.90000, 7.75000 0.10000 -1.45000"
1869,0.0000,Tx-Rx,0,-88.1318,"-0.15000 1.10000 4.90000, 7.45000 0.10000 -1.45000"
1870,0.0000,Tx-Rx,0,-87.8802,"-0.15000 1.10000 4.90000, 7.15000 0.10000 -1.45000"
1871,0.0000,Tx-Rx,0,-86.2723,"-0.15000 1.10000 4.90000, 6.85000 0.10000 -1.45000"
1872,0.0000,Tx-Rx,0,-83.9212,"-0.15000 1.10000 4.90000, 6.55000 0.10000 -1.45000"
1873,0.0000,Tx-Rx,0,-84.2329,"-0.15000 1.10000 4.90000, 6.25000 0.10000 -1.45000"
1874,0.0000,Tx-Rx,0,-80.8733,"-0.15000 1.10000 4.90000, 5.95000 0.10000 -1.45000"
1875,0.0000,Tx-Rx,0,-80.5598,"-0.15000 1.10000 4.90000, 5.65000 0.10000 -1.45000"
1876,0.0000,Tx-Rx,0,-79.7134,"-0.15000 1.10000 4.90000, 5.35000 0.10000 -1.45000"
1877,0.0000,Tx-Rx,0,-79.7329,"-0.15000 1.10000 4.90000, 5.05000 0.10000 -1.45000"
1878,0.0000,Tx-Rx,0,-79.6627,"-0.15000 1.10000 4.90000, 4.75000 0.10000 -1.45000"
1879,0.0000,Tx-Rx,0,-81.7476,"-0.15000 1.10000 4.90000, 4.45000 0.10000 -1.45000"
1880,0.0000,Tx-Rx,0,-87.8985,"-0.15000 1.10000 4.90000, 4.15000 0.10000 -1.45000"
1881,0.0000,Tx-Rx,0,-82.9960,"-0.15000 1.10000 4.90000, 3.85000 0.10000 -1.45000"
1882,0.0000,Tx-Rx,0,-81.0230,"-0.15000 1.10000 4.90000, 3.55000 0.10000 -1.45000"
1883,0.0000,Tx-Rx,0,-83.7957,"-0.15000 1.10000 4.90000, 3.25000 0.10000 -1.45000"
1884,0.0000,Tx-Rx,0,-87.1770,"-0.15000 1.10000 4.90000, 2.95000 0.10000 -1.45000"
1885,0.0000,Tx-Rx,0,-85.5832,"-0.15000 1.10000 4.90000, 2.65000 0.10000 -1.45000"
1886,0.0000,Tx-Rx,0,-87.7514,"-0.15000 1.10000 4.90000, 2.35000 0.10000 -1.45000"
1887,0.0000,Tx-Rx,0,-87.5158,"-0.15000 1.10000 4.90000, 2.05000 0.10000 -1.45000"
1888,0.0000,Tx-Rx,0,-86.3266,"-0.15000 1.10000 4.90000, 1.75000 0.10000 -1.45000"
1889,0.0000,Tx-Rx,0,-87.5408,"-0.15000 1.10000 4.90000, 1.45000 0.10000 -1.45000"
1890,0.0000,Tx-Rx,0,-87.2225,"-0.15000 1.10000 4.90000, 1.15000 0.10000 -1.45000"
1891,0.0000,Tx-Rx,0,-86.9501,"-0.15000 1.10000 4.90000, 0.85000 0.10000 -1.45000"
1892,0.0000,Tx-Rx,0,-84.6013,"-0.15000 1.10000 4.90000, 0.55000 0.10000 -1.45000"
1893,0.0000,Tx-Rx,0,-75.6199,"-0.15000 1.10000 4.90000, 0.25000 0.10000 -1.45000"
1894,0.0000,Tx-Rx,0,-57.4268,"-0.15000 1.10000 4.90000, -0.05000 0.10000 -1.45000"
1895,0.0000,Tx-Rx,0,-55.6447,"-0.15000 1.10000 4.90000, -0.35000 0.10000 -1.45000"
1896,0.0000,Tx-Rx,0,-55.6991,"-0.15000 1.10000 4.90000, -0.65000 0.10000 -1.45000"
1897,0.0000,Tx-Rx,0,-55.9145,"-0.15000 1.10000 4.90000, -0.95000 0.10000 -1.45000"
1898,0.0000,Tx-Rx,0,-56.3607,"-0.15000 1.10000 4.90000, -1.25000 0.10000 -1.45000"
1899,0.0000,Tx-Rx,0,-56.5854,"-0.15000 1.10000 4.90000, -1.55000 0.10000 -1.45000"
1900,0.0000,Tx-Rx,0,-56.5531,"-0.15000 1.10000 4.90000, -1.85000 0.10000 -1.45000"
1901,0.0000,Tx-Rx,0,-56.9633,"-0.15000 1.10000 4.90000, -2.15000 0.10000 -1.45000"
1902,0.0000,Tx-Rx,0,-57.4190,"-0.15000 1.10000 4.90000, -2.45000 0.10000 -1.45000"
1903,0.0000,Tx-Rx,0,-57.3986,"-0.15000 1.10000 4.90000, -2.75000 0.10000 -1.45000"
1904,0.0000,Tx-Rx,0,-57.5463,"-0.15000 1.10000 4.90000, -3.05000 0.10000 -1.45000"
1905,0.0000,Tx-Rx,0,-56.2577,"-0.15000 1.10000 4.90000, -3.35000 0.10000 -1.45000"
1906,0.0000,Tx-Rx,0,-57.1674,"-0.15000 1.10000 4.90000, -3.65000 0.10000 -1.45000"
1907,0.0000,Tx-Rx,0,-57.5689,"-0.15000 1.10000 4.90000, -3.95000 0.10000 -1.45000"
1908,0.0000,Tx-Rx,0,-57.6708,"-0.15000 1.10000 4.90000, -4.25000 0.10000 -1.45000"
1909,0.0000,Tx-Rx,0,-57.9207,"-0.15000 1.10000 4.90000, -4.55000 0.10000 -1.45000"
1910,0.0000,Tx-Rx,0,-58.2278,"-0.15000 1.10000 4.90000, -4.85000 0.10000 -1.45000"
1911,0.0000,Tx-Rx,0,-59.6497,"-0.15000 1.10000 4.90000, -5.15000 0.10000 -1.45000"
1912,0.0000,Tx-Rx,0,-61.1772,"-0.15000 1.10000 4.90000, -5.45000 0.10000 -1.45000"
1913,0.0000,Tx-Rx,0,-62.2383,"-0.15000 1.10000 4.90000, -5.75000 0.10000 -1.45000"
1914,0.0000,Tx-Rx,0,-66.4689,"-0.15000 1.10000 4.90000, -6.05000 0.10000 -1.45000"
1915,0.0000,Tx-Rx,0,-69.0194,"-0.15000 1.10000 4.90000, -6.35000 0.10000 -1.45000"
1916,0.0000,Tx-Rx,0,-70.2909,"-0.15000 1.10000 4.90000, -6.65000 0.10000 -1.45000"
1917,0.0000,Tx-Rx,0,-75.5473,"-0.15000 1.10000 4.90000, -6.95000 0.10000 -1.45000"
1918,0.0000,Tx-Rx,0,-75.4014,"-0.15000 1.10000 4.90000, -7.25000 0.10000 -1.45000"
1919,0.0000,Tx-Rx,0,-69.3364,"-0.15000 1.10000 4.90000, -7.55000 0.10000 -1.45000"
1920,0.0000,Tx-Rx,0,-68.0072,"-0.15000 1.10000 4.90000, -7.85000 0.10000 -1.45000"
1921,0.0000,Tx-Rx,0,-87.9479,"-0.15000 1.10000 4.90000, 9.85000 0.10000 -1.75000"
1922,0.0000,Tx-Rx,0,-86.0061,"-0.15000 1.10000 4.90000, 9.55000 0.10000 -1.75000"
1923,0.0000,Tx-Rx,0,-83.4767,"-0.15000 1.10000 4.90000, 9.25000 0.10000 -1.75000"
1924,0.0000,Tx-Rx,0,-84.2190,"-0.15000 1.10000 4.90000, 8.95000 0.10000 -1.75000"
1925,0.0000,Tx-Rx,0,-82.8119,"-0.15000 1.10000 4.90000, 8.65000 0.10000 -1.75000"
1926,0.0000,Tx-Rx,0,-83.1396,"-0.15000 1.10000 4.90000, 8.35000 0.10000 -1.75000"
1927,0.0000,Tx-Rx,0,-87.4887,"-0.15000 1.10000 4.90000, 8.05000 0.10000 -1.75000"
1928,0.0000,Tx-Rx,0,-89.2622,"-0.15000 1.10000 4.90000, 7.75000 0.10000 -1.75000"
1929,0.0000,Tx-Rx,0,-91.4110,"-0.15000 1.10000 4.90000, 7.45000 0.10000 -1.75000"
1930,0.0000,Tx-Rx,0,-90.4245,"-0.15000 1.10000 4.90000, 7.15000 0.10000 -1.75000"
1931,0.0000,Tx-Rx,0,-85.6550,"-0.15000 1.10000 4.90000, 6.85000 0.10000 -1.75000"
1932,0.0000,Tx-Rx,0,-88.2846,"-0.15000 1.10000 4.90000, 6.55000 0.10000 -1.75000"
1933,0.0000,Tx-Rx,0,-88.8051,"-0.15000 1.10000 4.90000, 6.25000 0.10000 -1.75000"
1934,0.0000,Tx-Rx,0,-87.3848,"-0.15000 1.10000 4.90000, 5.95000 0.10000 -1.75000"
1935,0.0000,Tx-Rx,0,-85.4429,"-0.15000 1.10000 4.90000, 5.65000 0.10000 -1.75000"
1936,0.0000,Tx-Rx,0,-81.8009,"-0.15000 1.10000 4.90000, 5.35000 0.10000 -1.75000"
1937,0.0000,Tx-Rx,0,-79.5305,"-0.15000 1.10000 4.90000, 5.05000 0.10000 -1.75000"
1938,0.0000,Tx-Rx,0,-80.9320,"-0.15000 1.10000 4.90000, 4.75000 0.10000 -1.75000"
1939,0.0000,Tx-Rx,0,-80.4873,"-0.15000 1.10000 4.90000, 4.45000 0.10000 -1.75000"
1940,0.0000,Tx-Rx,0,-79.9607,"-0.15000 1.10000 4.90000, 4.15000 0.10000 -1.75000"
1941,0.0000,Tx-Rx,0,-81.7253,"-0.15000 1.10000 4.90000, 3.85000 0.10000 -1.75000"
1942,0.0000,Tx-Rx,0,-82.0037,"-0.15000 1.10000 4.90000, 3.55000 0.10000 -1.75000"
1943,0.0000,Tx-Rx,0,-84.5208,"-0.15000 1.10000 4.90000, 3.25000 0.10000 -1.75000"
1944,0.0000,Tx-Rx,0,-86.4928,"-0.15000 1.10000 4.90000, 2.95000 0.10000 -1.75000"
1945,0.0000,Tx-Rx,0,-88.3297,"-0.15000 1.10000 4.90000, 2.65000 0.10000 -1.75000"
1946,0.0000,Tx-Rx,0,-88.9258,"-0.15000 1.10000 4.90000, 2.35000 0.10000 -1.75000"
1947,0.0000,Tx-Rx,0,-89.1928,"-0.15000 1.10000 4.90000, 2.05000 0.10000 -1.75000"
1948,0.0000,Tx-Rx,0,-88.8010,"-0.15000 1.10000 4.90000, 1.75000 0.10000 -1.75000"
1949,0.0000,Tx-Rx,0,-87.9796,"-0.15000 1.10000 4.90000, 1.45000 0.10000 -1.75000"
1950,0.0000,Tx-Rx,0,-89.9411,"-0.15000 1.10000 4.90000, 1.15000 0.10000 -1.75000"
1951,0.0000,Tx-Rx,0,-86.1192,"-0.15000 1.10000 4.90000, 0.85000 0.10000 -1.75000"
1952,0.0000,Tx-Rx,0,-87.1770,"-0.15000 1.10000 4.90000, 0.55000 0.10000 -1.75000"
1953,0.0000,Tx-Rx,0,-75.2852,"-0.15000 1.10000 4.90000, 0.25000 0.10000 -1.75000"
1954,0.0000,Tx-Rx,0,-57.7276,"-0.15000 1.10000 4.90000, -0.05000 0.10000 -1.75000"
1955,0.0000,Tx-Rx,0,-55.9621,"-0.15000 1.10000 4.90000, -0.35000 0.10000 -1.75000"
1956,0.0000,Tx-Rx,0,-55.9814,"-0.15000 1.10000 4.90000, -0.65000 0.10000 -1.75000"
1957,0.0000,Tx-Rx,0,-56.2373,"-0.15000 1.10000 4.90000, -0.95000 0.10000 -1.75000"
1958,0.0000,Tx-Rx,0,-56.5682,"-0.15000 1.10000 4.90000, -1.25000 0.10000 -1.75000"
1959,0.0000,Tx-Rx,0,-56.8056,"-0.15000 1.10000 4.90000, -1.55000 0.10000 -1.75000"
1960,0.0000,Tx-Rx,0,-56.8417,"-0.15000 1.10000 4.90000, -1.85000 0.10000 -1.75000"
1961,0.0000,Tx-Rx,0,-57.1378,"-0.15000 1.10000 4.90000, -2.15000 0.10000 -1.75000"
1962,0.0000,Tx-Rx,0,-57.6720,"-0.15000 1.10000 4.90000, -2.45000 0.10000 -1.75000"
1963,0.0000,Tx-Rx,0,-57.8685,"-0.15000 1.10000 4.90000, -2.75000 0.10000 -1.75000"
1964,0.0000,Tx-Rx,0,-57.8184,"-0.15000 1.10000 4.90000, -3.05000 0.10000 -1.75000"
1965,0.0000,Tx-Rx,0,-57.3411,"-0.15000 1.10000 4.90000, -3.35000 0.10000 -1.75000"
1966,0.0000,Tx-Rx,0,-56.9988,"-0.15000 1.10000 4.90000, -3.65000 0.10000 -1.75000"
1967,0.0000,Tx-Rx,0,-57.6112,"-0.15000 1.10000 4.90000, -3.95000 0.10000 -1.75000"
1968,0.0000,Tx-Rx,0,-57.8415,"-0.15000 1.10000 4.90000, -4.25000 0.10000 -1.75000"
1969,0.0000,Tx-Rx,0,-58.0711,"-0.15000 1.10000 4.90000, -4.55000 0.10000 -1.75000"
1970,0.0000,Tx-Rx,0,-58.1430,"-0.15000 1.10000 4.90000, -4.85000 0.10000 -1.75000"
1971,0.0000,Tx-Rx,0,-60.9879,"-0.15000 1.10000 4.90000, -5.15000 0.10000 -1.75000"
1972,0.0000,Tx-Rx,0,-66.1037,"-0.15000 1.10000 4.90000, -5.45000 0.10000 -1.75000"
1973,0.0000,Tx-Rx,0,-76.4705,"-0.15000 1.10000 4.90000, -5.75000 0.10000 -1.75000"
1974,0.0000,Tx-Rx,0,-67.9689,"-0.15000 1.10000 4.90000, -6.05000 0.10000 -1.75000"
1975,0.0000,Tx-Rx,0,-71.9125,"-0.15000 1.10000 4.90000, -6.35000 0.10000 -1.75000"
1976,0.0000,Tx-Rx,0,-78.4737,"-0.15000 1.10000 4.90000, -6.65000 0.10000 -1.75000"
1977,0.0000,Tx-Rx,0,-71.5332,"-0.15000 1.10000 4.90000, -6.95000 0.10000 -1.75000"
1978,0.0000,Tx-Rx,0,-72.2698,"-0.15000 1.10000 4.90000, -7.25000 0.10000 -1.75000"
1979,0.0000,Tx-Rx,0,-67.8969,"-0.15000 1.10000 4.90000, -7.55000 0.10000 -1.75000"
1980,0.0000,Tx-Rx,0,-67.2915,"-0.15000 1.10000 4.90000, -7.85000 0.10000 -1.75000"
1981,0.0000,Tx-Rx,0,-93.2326,"-0.15000 1.10000 4.90000, 9.85000 0.10000 -2.05000"
1982,0.0000,Tx-Rx,0,-93.1207,"-0.15000 1.10000 4.90000, 9.55000 0.10000 -2.05000"
1983,0.0000,Tx-Rx,0,-90.0740,"-0.15000 1.10000 4.90000, 9.25000 0.10000 -2.05000"
1984,0.0000,Tx-Rx,0,-84.6387,"-0.15000 1.10000 4.90000, 8.95000 0.10000 -2.05000"
1985,0.0000,Tx-Rx,0,-88.4151,"-0.15000 1.10000 4.90000, 8.65000 0.10000 -2.05000"
1986,0.0000,Tx-Rx,0,-91.5365,"-0.15000 1.10000 4.90000, 8.35000 0.10000 -2.05000"
1987,0.0000,Tx-Rx,0,-94.2165,"-0.15000 1.10000 4.90000, 8.05000 0.10000 -2.05000"
1988,0.0000,Tx-Rx,0,-93.0857,"-0.15000 1.10000 4.90000, 7.75000 0.10000 -2.05000"
1989,0.0000,Tx-Rx,0,-87.4648,"-0.15000 1.10000 4.90000, 7.45000 0.10000 -2.05000"
1990,0.0000,Tx-Rx,0,-87.4078,"-0.15000 1.10000 4.90000, 7.15000 0.10000 -2.05000"
1991,0.0000,Tx-Rx,0,-88.5681,"-0.15000 1.10000 4.90000, 6.85000 0.10000 -2.05000"
1992,0.0000,Tx-Rx,0,-87.7426,"-0.15000 1.10000 4.90000, 6.55000 0.10000 -2.05000"
1993,0.0000,Tx-Rx,0,-86.7867,"-0.15000 1.10000 4.90000, 6.25000 0.10000 -2.05000"
1994,0.0000,Tx-Rx,0,-88.8084,"-0.15000 1.10000 4.90000, 5.95000 0.10000 -2.05000"
1995,0.0000,Tx-Rx,0,-86.3985,"-0.15000 1.10000 4.90000, 5.65000 0.10000 -2.05000"
1996,0.0000,Tx-Rx,0,-85.6756,"-0.15000 1.10000 4.90000, 5.35000 0.10000 -2.05000"
1997,0.0000,Tx-Rx,0,-81.8412,"-0.15000 1.10000 4.90000, 5.05000 0.10000 -2.05000"
1998,0.0000,Tx-Rx,0,-80.5137,"-0.15000 1.10000 4.90000, 4.75000 0.10000 -2.05000"
1999,0.0000,Tx-Rx,0,-79.4233,"-0.15000 1.10000 4.90000, 4.45000 0.10000 -2.05000"
2000,0.0000,Tx-Rx,0,-79.0042,"-0.15000 1.10000 4.90000, 4.15000 0.10000 -2.05000"
2001,0.0000,Tx-Rx,0,-78.7976,"-0.15000 1.10000 4.90000, 3.85000 0.10000 -2.05000"
2002,0.0000,Tx-Rx,0,-80.2847,"-0.15000 1.10000 4.90000, 3.55000 0.10000 -2.05000"
2003,0.0000,Tx-Rx,0,-85.7881,"-0.15000 1.10000 4.90000, 3.25000 0.10000 -2.05000"
2004,0.0000,Tx-Rx,0,-86.7787,"-0.15000 1.10000 4.90000, 2.95000 0.10000 -2.05000"
2005,0.0000,Tx-Rx,0,-87.5029,"-0.15000 1.10000 4.90000, 2.65000 0.10000 -2.05000"
2006,0.0000,Tx-Rx,0,-88.1443,"-0.15000 1.10000 4.90000, 2.35000 0.10000 -2.05000"
2007,0.0000,Tx-Rx,0,-90.7670,"-0.15000 1.10000 4.90000, 2.05000 0.10000 -2.05000"
2008,0.0000,Tx-Rx,0,-90.9484,"-0.15000 1.10000 4.90000, 1.75000 0.10000 -2.05000"
2009,0.0000,Tx-Rx,0,-93.5585,"-0.15000 1.10000 4.90000, 1.45000 0.10000 -2.05000"
2010,0.0000,Tx-Rx,0,-93.5438,"-0.15000 1.10000 4.90000, 1.15000 0.10000 -2.05000"
2011,0.0000,Tx-Rx,0,-89.2310,"-0.15000 1.10000 4.90000, 0.85000 0.10000 -2.05000"
2012,0.0000,Tx-Rx,0,-86.3271,"-0.15000 1.10000 4.90000, 0.55000 0.10000 -2.05000"
2013,0.0000,Tx-Rx,0,-75.5497,"-0.15000 1.10000 4.90000, 0.25000 0.10000 -2.05000"
2014,0.0000,Tx-Rx,0,-58.0002,"-0.15000 1.10000 4.90000, -0.05000 0.10000 -2.05000"
2015,0.0000,Tx-Rx,0,-56.1978,"-0.15000 1.10000 4.90000, -0.35000 0.10000 -2.05000"
2016,0.0000,Tx-Rx,0,-56.1518,"-0.15000 1.10000 4.90000, -0.65000 0.10000 -2.05000"
2017,0.0000,Tx-Rx,0,-56.4218,"-0.15000 1.10000 4.90000, -0.95000 0.10000 -2.05000"
2018,0.0000,Tx-Rx,0,-56.7407,"-0.15000 1.10000 4.90000, -1.25000 0.10000 -2.05000"
2019,0.0000,Tx-Rx,0,-57.0531,"-0.15000 1.10000 4.90000, -1.55000 0.10000 -2.05000"
2020,0.0000,Tx-Rx,0,-57.0507,"-0.15000 1.10000 4.90000, -1.85000 0.10000 -2.05000"
2021,0.0000,Tx-Rx,0,-57.3178,"-0.15000 1.10000 4.90000, -2.15000 0.10000 -2.05000"
2022,0.0000,Tx-Rx,0,-57.9280,"-0.15000 1.10000 4.90000, -2.45000 0.10000 -2.05000"
2023,0.0000,Tx-Rx,0,-58.2851,"-0.15000 1.10000 4.90000, -2.75000 0.10000 -2.05000"
2024,0.0000,Tx-Rx,0,-58.0201,"-0.15000 1.10000 4.90000, -3.05000 0.10000 -2.05000"
2025,0.0000,Tx-Rx,0,-57.8672,"-0.15000 1.10000 4.90000, -3.35000 0.10000 -2.05000"
2026,0.0000,Tx-Rx,0,-57.5400,"-0.15000 1.10000 4.90000, -3.65000 0.10000 -2.05000"
2027,0.0000,Tx-Rx,0,-57.4371,"-0.15000 1.10000 4.90000, -3.95000 0.10000 -2.05000"
2028,0.0000,Tx-Rx,0,-58.0077,"-0.15000 1.10000 4.90000, -4.25000 0.10000 -2.05000"
2029,0.0000,Tx-Rx,0,-58.1025,"-0.15000 1.10000 4.90000, -4.55000 0.10000 -2.05000"
2030,0.0000,Tx-Rx,0,-58.0837,"-0.15000 1.10000 4.90000, -4.85000 0.10000 -2.05000"
2031,0.0000,Tx-Rx,0,-60.8603,"-0.15000 1.10000 4.90000, -5.15000 0.10000 -2.05000"
2032,0.0000,Tx-Rx,0,-67.0313,"-0.15000 1.10000 4.90000, -5.45000 0.10000 -2.05000"
2033,0.0000,Tx-Rx,0,-76.3486,"-0.15000 1.10000 4.90000, -5.75000 0.10000 -2.05000"
2034,0.0000,Tx-Rx,0,-69.3565,"-0.15000 1.10000 4.90000, -6.05000 0.10000 -2.05000"
2035,0.0000,Tx-Rx,0,-67.1380,"-0.15000 1.10000 4.90000, -6.35000 0.10000 -2.05000"
2036,0.0000,Tx-Rx,0,-71.8742,"-0.15000 1.10000 4.90000, -6.65000 0.10000 -2.05000"
2037,0.0000,Tx-Rx,0,-69.0678,"-0.15000 1.10000 4.90000, -6.95000 0.10000 -2.05000"
2038,0.0000,Tx-Rx,0,-68.5016,"-0.15000 1.10000 4.90000, -7.25000 0.10000 -2.05000"
2039,0.0000,Tx-Rx,0,-67.8837,"-0.15000 1.10000 4.90000, -7.55000 0.10000 -2.05000"
2040,0.0000,Tx-Rx,0,-68.7851,"-0.15000 1.10000 4.90000, -7.85000 0.10000 -2.05000"
2041,0.0000,Tx-Rx,0,-120.0000,"-0.15000 1.10000 4.90000, 9.85000 0.10000 -2.35000"
2042,0.0000,Tx-Rx,0,-120.0000,"-0.15000 1.10000 4.90000, 9.55000 0.10000 -2.35000"
2043,0.0000,Tx-Rx,0,-120.0000,"-0.15000 1.10000 4.90000, 9.25000 0.10000 -2.35000"
2044,0.0000,Tx-Rx,0,-117.9579,"-0.15000 1.10000 4.90000, 8.95000 0.10000 -2.35000"
2045,0.0000,Tx-Rx,0,-120.0000,"-0.15000 1.10000 4.90000, 8.65000 0.10000 -2.35000"
2046,0.0000,Tx-Rx,0,-120.0000,"-0.15000 1.10000 4.90000, 8.35000 0.10000 -2.35000"
2047,0.0000,Tx-Rx,0,-99.4292,"-0.15000 1.10000 4.90000, 8.05000 0.10000 -2.35000"
2048,0.0000,Tx-Rx,0,-90.2273,"-0.15000 1.10000 4.90000, 7.75000 0.10000 -2.35000"
2049,0.0000,Tx-Rx,0,-87.4163,"-0.15000 1.10000 4.90000, 7.45000 0.10000 -2.35000"
2050,0.0000,Tx-Rx,0,-88.4695,"-0.15000 1.10000 4.90000, 7.15000 0.10000 -2.35000"
2051,0.0000,Tx-Rx,0,-87.9896,"-0.15000 1.10000 4.90000, 6.85000 0.10000 -2.35000"
2052,0.0000,Tx-Rx,0,-86.7253,"-0.15000 1.10000 4.90000, 6.55000 0.10000 -2.35000"
2053,0.0000,Tx-Rx,0,-85.6011,"-0.15000 1.10000 4.90000, 6.25000 0.10000 -2.35000"
2054,0.0000,Tx-Rx,0,-86.9706,"-0.15000 1.10000 4.90000, 5.95000 0.10000 -2.35000"
2055,0.0000,Tx-Rx,0,-86.5658,"-0.15000 1.10000 4.90000, 5.65000 0.10000 -2.35000"
2056,0.0000,Tx-Rx,0,-87.1675,"-0.15000 1.10000 4.90000, 5.35000 0.10000 -2.35000"
2057,0.0000,Tx-Rx,0,-88.8644,"-0.15000 1.10000 4.90000, 5.05000 0.10000 -2.35000"
2058,0.0000,Tx-Rx,0,-89.1676,"-0.15000 1.10000 4.90000, 4.75000 0.10000 -2.35000"
2059,0.0000,Tx-Rx,0,-82.2269,"-0.15000 1.10000 4.90000, 4.45000 0.10000 -2.35000"
2060,0.0000,Tx-Rx,0,-79.6999,"-0.15000 1.10000 4.90000, 4.15000 0.10000 -2.35000"
2061,0.0000,Tx-Rx,0,-79.6362,"-0.15000 1.10000 4.90000, 3.85000 0.10000 -2.35000"
2062,0.0000,Tx-Rx,0,-81.4836,"-0.15000 1.10000 4.90000, 3.55000 0.10000 -2.35000"
2063,0.0000,Tx-Rx,0,-80.7516,"-0.15000 1.10000 4.90000, 3.25000 0.10000 -2.35000"
2064,0.0000,Tx-Rx,0,-85.2857,"-0.15000 1.10000 4.90000, 2.95000 0.10000 -2.35000"
2065,0.0000,Tx-Rx,0,-88.7278,"-0.15000 1.10000 4.90000, 2.65000 0.10000 -2.35000"
2066,0.0000,Tx-Rx,0,-88.6759,"-0.15000 1.10000 4.90000, 2.35000 0.10000 -2.35000"
2067,0.0000,Tx-Rx,0,-89.8663,"-0.15000 1.10000 4.90000, 2.05000 0.10000 -2.35000"
2068,0.0000,Tx-Rx,0,-91.5452,"-0.15000 1.10000 4.90000, 1.75000 0.10000 -2.35000"
2069,0.0000,Tx-Rx,0,-94.8153,"-0.15000 1.10000 4.90000, 1.45000 0.10000 -2.35000"
2070,0.0000,Tx-Rx,0,-91.7110,"-0.15000 1.10000 4.90000, 1.15000 0.10000 -2.35000"
2071,0.0000,Tx-Rx,0,-89.6454,"-0.15000 1.10000 4.90000, 0.85000 0.10000 -2.35000"
2072,0.0000,Tx-Rx,0,-88.9825,"-0.15000 1.10000 4.90000, 0.55000 0.10000 -2.35000"
2073,0.0000,Tx-Rx,0,-75.4205,"-0.15000 1.10000 4.90000, 0.25000 0.10000 -2.35000"
2074,0.0000,Tx-Rx,0,-58.2679,"-0.15000 1.10000 4.90000, -0.05000 0.10000 -2.35000"
2075,0.0000,Tx-Rx,0,-56.5109,"-0.15000 1.10000 4.90000, -0.35000 0.10000 -2.35000"
2076,0.0000,Tx-Rx,0,-56.4669,"-0.15000 1.10000 4.90000, -0.65000 0.10000 -2.35000"
2077,0.0000,Tx-Rx,0,-56.5886,"-0.15000 1.10000 4.90000, -0.95000 0.10000 -2.35000"
2078,0.0000,Tx-Rx,0,-56.9110,"-0.15000 1.10000 4.90000, -1.25000 0.10000 -2.35000"
2079,0.0000,Tx-Rx,0,-57.3058,"-0.15000 1.10000 4.90000, -1.55000 0.10000 -2.35000"
2080,0.0000,Tx-Rx,0,-57.2908,"-0.15000 1.10000 4.90000, -1.85000 0.10000 -2.35000"
2081,0.0000,Tx-Rx,0,-57.4189,"-0.15000 1.10000 4.90000, -2.15000 0.10000 -2.35000"
2082,0.0000,Tx-Rx,0,-58.1982,"-0.15000 1.10000 4.90000, -2.45000 0.10000 -2.35000"
2083,0.0000,Tx-Rx,0,-58.5499,"-0.15000 1.10000 4.90000, -2.75000 0.10000 -2.35000"
2084,0.0000,Tx-Rx,0,-58.4884,"-0.15000 1.10000 4.90000, -3.05000 0.10000 -2.35000"
2085,0.0000,Tx-Rx,0,-58.1089,"-0.15000 1.10000 4.90000, -3.35000 0.10000 -2.35000"
2086,0.0000,Tx-Rx,0,-58.3585,"-0.15000 1.10000 4.90000, -3.65000 0.10000 -2.35000"
2087,0.0000,Tx-Rx,0,-57.5266,"-0.15000 1.10000 4.90000, -3.95000 0.10000 -2.35000"
2088,0.0000,Tx-Rx,0,-57.9796,"-0.15000 1.10000 4.90000, -4.25000 0.10000 -2.35000"
2089,0.0000,Tx-Rx,0,-58.1030,"-0.15000 1.10000 4.90000, -4.55000 0.10000 -2.35000"
2090,0.0000,Tx-Rx,0,-58.2439,"-0.15000 1.10000 4.90000, -4.85000 0.10000 -2.35000"
2091,0.0000,Tx-Rx,0,-58.8281,"-0.15000 1.10000 4.90000, -5.15000 0.10000 -2.35000"
2092,0.0000,Tx-Rx,0,-65.0986,"-0.15000 1.10000 4.90000, -5.45000 0.10000 -2.35000"
2093,0.0000,Tx-Rx,0,-69.5821,"-0.15000 1.10000 4.90000, -5.75000 0.10000 -2.35000"
2094,0.0000,Tx-Rx,0,-67.3337,"-0.15000 1.10000 4.90000, -6.05000 0.10000 -2.35000"
2095,0.0000,Tx-Rx,0,-68.9079,"-0.15000 1.10000 4.90000, -6.35000 0.10000 -2.35000"
2096,0.0000,Tx-Rx,0,-68.7117,"-0.15000 1.10000 4.90000, -6.65000 0.10000 -2.35000"
2097,0.0000,Tx-Rx,0,-68.0840,"-0.15000 1.10000 4.90000, -6.95000 0.10000 -2.35000"
2098,0.0000,Tx-Rx,0,-67.9111,"-0.15000 1.10000 4.90000, -7.25000 0.10000 -2.35000"
2099,0.0000,Tx-Rx,0,-67.9923,"-0.15000 1.10000 4.90000, -7.55000 0.10000 -2.35000"
2100,0.0000,Tx-Rx,0,-73.0338,"-0.15000 1.10000 4.90000, -7.85000 0.10000 -2.35000"
2101,0.0000,Tx-Rx,0,-120.0000,"-0.15000 1.10000 4.90000, 9.85000 0.10000 -2.65000"
2102,0.0000,Tx-Rx,0,-120.0000,"-0.15000 1.10000 4.90000, 9.55000 0.10000 -2.65000"
2103,0.0000,Tx-Rx,0,-120.0000,"-0.15000 1.10000 4.90000, 9.25000 0.10000 -2.65000"
2104,0.0000,Tx-Rx,0,-120.0000,"-0.15000 1.10000 4.90000, 8.95000 0.10000 -2.65000"
2105,0.0000,Tx-Rx,0,-120.0000,"-0.15000 1.10000 4.90000, 8.65000 0.10000 -2.65000"
2106,0.0000,Tx-Rx,0,-120.0000,"-0.15000 1.10000 4.90000, 8.35000 0.10000 -2.65000"
2107,0.0000,Tx-Rx,0,-93.5200,"-0.15000 1.10000 4.90000, 8.05000 0.10000 -2.65000"
2108,0.0000,Tx-Rx,0,-88.6264,"-0.15000 1.10000 4.90000, 7.75000 0.10000 -2.65000"
2109,0.0000,Tx-Rx,0,-90.6030,"-0.15000 1.10000 4.90000, 7.45000 0.10000 -2.65000"
2110,0.0000,Tx-Rx,0,-89.5860,"-0.15000 1.10000 4.90000, 7.15000 0.10000 -2.65000"
2111,0.0000,Tx-Rx,0,-90.1095,"-0.15000 1.10000 4.90000, 6.85000 0.10000 -2.65000"
2112,0.0000,Tx-Rx,0,-87.0214,"-0.15000 1.10000 4.90000, 6.55000 0.10000 -2.65000"
2113,0.0000,Tx-Rx,0,-85.0969,"-0.15000 1.10000 4.90000, 6.25000 0.10000 -2.65000"
2114,0.0000,Tx-Rx,0,-85.0151,"-0.15000 1.10000 4.90000, 5.95000 0.10000 -2.65000"
2115,0.0000,Tx-Rx,0,-87.6964,"-0.15000 1.10000 4.90000, 5.65000 0.10000 -2.65000"
2116,0.0000,Tx-Rx,0,-88.6784,"-0.15000 1.10000 4.90000, 5.35000 0.10000 -2.65000"
2117,0.0000,Tx-Rx,0,-93.5354,"-0.15000 1.10000 4.90000, 5.05000 0.10000 -2.65000"
2118,0.0000,Tx-Rx,0,-89.3644,"-0.15000 1.10000 4.90000, 4.75000 0.10000 -2.65000"
2119,0.0000,Tx-Rx,0,-82.9815,"-0.15000 1.10000 4.90000, 4.45000 0.10000 -2.65000"
2120,0.0000,Tx-Rx,0,-81.1652,"-0.15000 1.10000 4.90000, 4.15000 0.10000 -2.65000"
2121,0.0000,Tx-Rx,0,-79.5096,"-0.15000 1.10000 4.90000, 3.85000 0.10000 -2.65000"
2122,0.0000,Tx-Rx,0,-82.0586,"-0.15000 1.10000 4.90000, 3.55000 0.10000 -2.65000"
2123,0.0000,Tx-Rx,0,-82.4569,"-0.15000 1.10000 4.90000, 3.25000 0.10000 -2.65000"
2124,0.0000,Tx-Rx,0,-83.3443,"-0.15000 1.10000 4.90000, 2.95000 0.10000 -2.65000"
2125,0.0000,Tx-Rx,0,-82.7470,"-0.15000 1.10000 4.90000, 2.65000 0.10000 -2.65000"
2126,0.0000,Tx-Rx,0,-84.4753,"-0.15000 1.10000 4.90000, 2.35000 0.10000 -2.65000"
2127,0.0000,Tx-Rx,0,-86.7849,"-0.15000 1.10000 4.90000, 2.05000 0.10000 -2.65000"
2128,0.0000,Tx-Rx,0,-88.0067,"-0.15000 1.10000 4.90000, 1.75000 0.10000 -2.65000"
2129,0.0000,Tx-Rx,0,-91.8120,"-0.15000 1.10000 4.90000, 1.45000 0.10000 -2.65000"
2130,0.0000,Tx-Rx,0,-94.2333,"-0.15000 1.10000 4.90000, 1.15000 0.10000 -2.65000"
2131,0.0000,Tx-Rx,0,-89.5409,"-0.15000 1.10000 4.90000, 0.85000 0.10000 -2.65000"
2132,0.0000,Tx-Rx,0,-89.3749,"-0.15000 1.10000 4.90000, 0.55000 0.10000 -2.65000"
2133,0.0000,Tx-Rx,0,-75.9104,"-0.15000 1.10000 4.90000, 0.25000 0.10000 -2.65000"
2134,0.0000,Tx-Rx,0,-58.5641,"-0.15000 1.10000 4.90000, -0.05000 0.10000 -2.65000"
2135,0.0000,Tx-Rx,0,-56.7931,"-0.15000 1.10000 4.90000, -0.35000 0.10000 -2.65000"
2136,0.0000,Tx-Rx,0,-56.7030,"-0.15000 1.10000 4.90000, -0.65000 0.10000 -2.65000"
2137,0.0000,Tx-Rx,0,-56.9187,"-0.15000 1.10000 4.90000, -0.95000 0.10000 -2.65000"
2138,0.0000,Tx-Rx,0,-57.1140,"-0.15000 1.10000 4.90000, -1.25000 0.10000 -2.65000"
2139,0.0000,Tx-Rx,0,-57.5463,"-0.15000 1.10000 4.90000, -1.55000 0.10000 -2.65000"
2140,0.0000,Tx-Rx,0,-57.4519,"-0.15000 1.10000 4.90000, -1.85000 0.10000 -2.65000"
2141,0.0000,Tx-Rx,0,-57.5969,"-0.15000 1.10000 4.90000, -2.15000 0.10000 -2.65000"
2142,0.0000,Tx-Rx,0,-58.4386,"-0.15000 1.10000 4.90000, -2.45000 0.10000 -2.65000"
2143,0.0000,Tx-Rx,0,-58.9096,"-0.15000 1.10000 4.90000, -2.75000 0.10000 -2.65000"
2144,0.0000,Tx-Rx,0,-58.8503,"-0.15000 1.10000 4.90000, -3.05000 0.10000 -2.65000"
2145,0.0000,Tx-Rx,0,-58.3017,"-0.15000 1.10000 4.90000, -3.35000 0.10000 -2.65000"
2146,0.0000,Tx-Rx,0,-58.4297,"-0.15000 1.10000 4.90000, -3.65000 0.10000 -2.65000"
2147,0.0000,Tx-Rx,0,-58.5407,"-0.15000 1.10000 4.90000, -3.95000 0.10000 -2.65000"
2148,0.0000,Tx-Rx,0,-57.6452,"-0.15000 1.10000 4.90000, -4.25000 0.10000 -2.65000"
2149,0.0000,Tx-Rx,0,-58.2207,"-0.15000 1.10000 4.90000, -4.55000 0.10000 -2.65000"
2150,0.0000,Tx-Rx,0,-58.5567,"-0.15000 1.10000 4.90000, -4.85000 0.10000 -2.65000"
2151,0.0000,Tx-Rx,0,-58.7647,"-0.15000 1.10000 4.90000, -5.15000 0.10000 -2.65000"
2152,0.0000,Tx-Rx,0,-59.7397,"-0.15000 1.10000 4.90000, -5.45000 0.10000 -2.65000"
2153,0.0000,Tx-Rx,0,-64.9832,"-0.15000 1.10000 4.90000, -5.75000 0.10000 -2.65000"
2154,0.0000,Tx-Rx,0,-69.0418,"-0.15000 1.10000 4.90000, -6.05000 0.10000 -2.65000"
2155,0.0000,Tx-Rx,0,-70.5439,"-0.15000 1.10000 4.90000, -6.35000 0.10000 -2.65000"
2156,0.0000,Tx-Rx,0,-67.3125,"-0.15000 1.10000 4.90000, -6.65000 0.10000 -2.65000"
2157,0.0000,Tx-Rx,0,-67.5159,"-0.15000 1.10000 4.90000, -6.95000 0.10000 -2.65000"
2158,0.0000,Tx-Rx,0,-67.7328,"-0.15000 1.10000 4.90000, -7.25000 0.10000 -2.65000"
2159,0.0000,Tx-Rx,0,-71.0649,"-0.15000 1.10000 4.90000, -7.55000 0.10000 -2.65000"
2160,0.0000,Tx-Rx,0,-78.4409,"-0.15000 1.10000 4.90000, -7.85000 0.10000 -2.65000"
2161,0.0000,Tx-Rx,0,-120.0000,"-0.15000 1.10000 4.90000, 9.85000 0.10000 -2.95000"
2162,0.0000,Tx-Rx,0,-120.0000,"-0.15000 1.10000 4.90000, 9.55000 0.10000 -2.95000"
2163,0.0000,Tx-Rx,0,-120.0000,"-0.15000 1.10000 4.90000, 9.25000 0.10000 -2.95000"
2164,0.0000,Tx-Rx,0,-108.3753,"-0.15000 1.10000 4.90000, 8.95000 0.10000 -2.95000"
2165,0.0000,Tx-Rx,0,-120.0000,"-0.15000 1.10000 4.90000, 8.65000 0.10000 -2.95000"
2166,0.0000,Tx-Rx,0,-120.0000,"-0.15000 1.10000 4.90000, 8.35000 0.10000 -2.95000"
2167,0.0000,Tx-Rx,0,-99.9134,"-0.15000 1.10000 4.90000, 8.05000 0.10000 -2.95000"
2168,0.0000,Tx-Rx,0,-94.4388,"-0.15000 1.10000 4.90000, 7.75000 0.10000 -2.95000"
2169,0.0000,Tx-Rx,0,-94.6721,"-0.15000 1.10000 4.90000, 7.45000 0.10000 -2.95000"
2170,0.0000,Tx-Rx,0,-89.4844,"-0.15000 1.10000 4.90000, 7.15000 0.10000 -2.95000"
2171,0.0000,Tx-Rx,0,-92.5655,"-0.15000 1.10000 4.90000, 6.85000 0.10000 -2.95000"
2172,0.0000,Tx-Rx,0,-84.6995,"-0.15000 1.10000 4.90000, 6.55000 0.10000 -2.95000"
2173,0.0000,Tx-Rx,0,-84.0389,"-0.15000 1.10000 4.90000, 6.25000 0.10000 -2.95000"
2174,0.0000,Tx-Rx,0,-82.8236,"-0.15000 1.10000 4.90000, 5.95000 0.10000 -2.95000"
2175,0.0000,Tx-Rx,0,-90.6772,"-0.15000 1.10000 4.90000, 5.65000 0.10000 -2.95000"
2176,0.0000,Tx-Rx,0,-94.4573,"-0.15000 1.10000 4.90000, 5.35000 0.10000 -2.95000"
2177,0.0000,Tx-Rx,0,-93.2964,"-0.15000 1.10000 4.90000, 5.05000 0.10000 -2.95000"
2178,0.0000,Tx-Rx,0,-84.5851,"-0.15000 1.10000 4.90000, 4.75000 0.10000 -2.95000"
2179,0.0000,Tx-Rx,0,-85.5710,"-0.15000 1.10000 4.90000, 4.45000 0.10000 -2.95000"
2180,0.0000,Tx-Rx,0,-84.0022,"-0.15000 1.10000 4.90000, 4.15000 0.10000 -2.95000"
2181,0.0000,Tx-Rx,0,-87.4136,"-0.15000 1.10000 4.90000, 3.85000 0.10000 -2.95000"
2182,0.0000,Tx-Rx,0,-81.9799,"-0.15000 1.10000 4.90000, 3.55000 0.10000 -2.95000"
2183,0.0000,Tx-Rx,0,-84.0901,"-0.15000 1.10000 4.90000, 3.25000 0.10000 -2.95000"
2184,0.0000,Tx-Rx,0,-81.6464,"-0.15000 1.10000 4.90000, 2.95000 0.10000 -2.95000"
2185,0.0000,Tx-Rx,0,-80.9903,"-0.15000 1.10000 4.90000, 2.65000 0.10000 -2.95000"
2186,0.0000,Tx-Rx,0,-81.6800,"-0.15000 1.10000 4.90000, 2.35000 0.10000 -2.95000"
2187,0.0000,Tx-Rx,0,-84.6788,"-0.15000 1.10000 4.90000, 2.05000 0.10000 -2.95000"
2188,0.0000,Tx-Rx,0,-85.5004,"-0.15000 1.10000 4.90000, 1.75000 0.10000 -2.95000"
2189,0.0000,Tx-Rx,0,-87.6436,"-0.15000 1.10000 4.90000, 1.45000 0.10000 -2.95000"
2190,0.0000,Tx-Rx,0,-89.0369,"-0.15000 1.10000 4.90000, 1.15000 0.10000 -2.95000"
2191,0.0000,Tx-Rx,0,-88.6943,"-0.15000 1.10000 4.90000, 0.85000 0.10000 -2.95000"
2192,0.0000,Tx-Rx,0,-90.5246,"-0.15000 1.10000 4.90000, 0.55000 0.10000 -2.95000"
2193,0.0000,Tx-Rx,0,-76.2085,"-0.15000 1.10000 4.90000, 0.25000 0.10000 -2.95000"
2194,0.0000,Tx-Rx,0,-58.8241,"-0.15000 1.10000 4.90000, -0.05000 0.10000 -2.95000"
2195,0.0000,Tx-Rx,0,-57.0452,"-0.15000 1.10000 4.90000, -0.35000 0.10000 -2.95000"
2196,0.0000,Tx-Rx,0,-56.9647,"-0.15000 1.10000 4.90000, -0.65000 0.10000 -2.95000"
2197,0.0000,Tx-Rx,0,-57.0979,"-0.15000 1.10000 4.90000, -0.95000 0.10000 -2.95000"
2198,0.0000,Tx-Rx,0,-57.3437,"-0.15000 1.10000 4.90000, -1.25000 0.10000 -2.95000"
2199,0.0000,Tx-Rx,0,-57.6297,"-0.15000 1.10000 4.90000, -1.55000 0.10000 -2.95000"
2200,0.0000,Tx-Rx,0,-57.5793,"-0.15000 1.10000 4.90000, -1.85000 0.10000 -2.95000"
2201,0.0000,Tx-Rx,0,-57.8832,"-0.15000 1.10000 4.90000, -2.15000 0.10000 -2.95000"
2202,0.0000,Tx-Rx,0,-58.6183,"-0.15000 1.10000 4.90000, -2.45000 0.10000 -2.95000"
2203,0.0000,Tx-Rx,0,-59.0427,"-0.15000 1.10000 4.90000, -2.75000 0.10000 -2.95000"
2204,0.0000,Tx-Rx,0,-58.8868,"-0.15000 1.10000 4.90000, -3.05000 0.10000 -2.95000"
2205,0.0000,Tx-Rx,0,-58.8948,"-0.15000 1.10000 4.90000, -3.35000 0.10000 -2.95000"
2206,0.0000,Tx-Rx,0,-58.5847,"-0.15000 1.10000 4.90000, -3.65000 0.10000 -2.95000"
2207,0.0000,Tx-Rx,0,-58.7939,"-0.15000 1.10000 4.90000, -3.95000 0.10000 -2.95000"
2208,0.0000,Tx-Rx,0,-58.1969,"-0.15000 1.10000 4.90000, -4.25000 0.10000 -2.95000"
2209,0.0000,Tx-Rx,0,-58.2838,"-0.15000 1.10000 4.90000, -4.55000 0.10000 -2.95000"
2210,0.0000,Tx-Rx,0,-58.7980,"-0.15000 1.10000 4.90000, -4.85000 0.10000 -2.95000"
2211,0.0000,Tx-Rx,0,-59.0265,"-0.15000 1.10000 4.90000, -5.15000 0.10000 -2.95000"
2212,0.0000,Tx-Rx,0,-59.0061,"-0.15000 1.10000 4.90000, -5.45000 0.10000 -2.95000"
2213,0.0000,Tx-Rx,0,-60.2115,"-0.15000 1.10000 4.90000, -5.75000 0.10000 -2.95000"
2214,0.0000,Tx-Rx,0,-69.0629,"-0.15000 1.10000 4.90000, -6.05000 0.10000 -2.95000"
2215,0.0000,Tx-Rx,0,-68.3393,"-0.15000 1.10000 4.90000, -6.35000 0.10000 -2.95000"
2216,0.0000,Tx-Rx,0,-67.0018,"-0.15000 1.10000 4.90000, -6.65000 0.10000 -2.95000"
2217,0.0000,Tx-Rx,0,-67.1006,"-0.15000 1.10000 4.90000, -6.95000 0.10000 -2.95000"
2218,0.0000,Tx-Rx,0,-69.3902,"-0.15000 1.10000 4.90000, -7.25000 0.10000 -2.95000"
2219,0.0000,Tx-Rx,0,-76.7423,"-0.15000 1.10000 4.90000, -7.55000 0.10000 -2.95000"
2220,0.0000,Tx-Rx,0,-79.8762,"-0.15000 1.10000 4.90000, -7.85000 0.10000 -2.95000"
2221,0.0000,Tx-Rx,0,-120.0000,"-0.15000 1.10000 4.90000, 9.85000 0.10000 -3.25000"
2222,0.0000,Tx-Rx,0,-120.0000,"-0.15000 1.10000 4.90000, 9.55000 0.10000 -3.25000"
2223,0.0000,Tx-Rx,0,-120.0000,"-0.15000 1.10000 4.90000, 9.25000 0.10000 -3.25000"
2224,0.0000,Tx-Rx,0,-120.0000,"-0.15000 1.10000 4.90000, 8.95000 0.10000 -3.25000"
2225,0.0000,Tx-Rx,0,-120.0000,"-0.15000 1.10000 4.90000, 8.65000 0.10000 -3.25000"
2226,0.0000,Tx-Rx,0,-120.0000,"-0.15000 1.10000 4.90000, 8.35000 0.10000 -3.25000"
2227,0.0000,Tx-Rx,0,-101.5145,"-0.15000 1.10000 4.90000, 8.05000 0.10000 -3.25000"
2228,0.0000,Tx-Rx,0,-93.4411,"-0.15000 1.10000 4.90000, 7.75000 0.10000 -3.25000"
2229,0.0000,Tx-Rx,0,-91.7570,"-0.15000 1.10000 4.90000, 7.45000 0.10000 -3.25000"
2230,0.0000,Tx-Rx,0,-93.0872,"-0.15000 1.10000 4.90000, 7.15000 0.10000 -3.25000"
2231,0.0000,Tx-Rx,0,-95.5595,"-0.15000 1.10000 4.90000, 6.85000 0.10000 -3.25000"
2232,0.0000,Tx-Rx,0,-82.4431,"-0.15000 1.10000 4.90000, 6.55000 0.10000 -3.25000"
2233,0.0000,Tx-Rx,0,-83.1233,"-0.15000 1.10000 4.90000, 6.25000 0.10000 -3.25000"
2234,0.0000,Tx-Rx,0,-85.7420,"-0.15000 1.10000 4.90000, 5.95000 0.10000 -3.25000"
2235,0.0000,Tx-Rx,0,-88.5003,"-0.15000 1.10000 4.90000, 5.65000 0.10000 -3.25000"
2236,0.0000,Tx-Rx,0,-90.9953,"-0.15000 1.10000 4.90000, 5.35000 0.10000 -3.25000"
2237,0.0000,Tx-Rx,0,-85.1585,"-0.15000 1.10000 4.90000, 5.05000 0.10000 -3.25000"
2238,0.0000,Tx-Rx,0,-83.9646,"-0.15000 1.10000 4.90000, 4.75000 0.10000 -3.25000"
2239,0.0000,Tx-Rx,0,-84.6033,"-0.15000 1.10000 4.90000, 4.45000 0.10000 -3.25000"
2240,0.0000,Tx-Rx,0,-88.0793,"-0.15000 1.10000 4.90000, 4.15000 0.10000 -3.25000"
2241,0.0000,Tx-Rx,0,-86.4727,"-0.15000 1.10000 4.90000, 3.85000 0.10000 -3.25000"
2242,0.0000,Tx-Rx,0,-88.4570,"-0.15000 1.10000 4.90000, 3.55000 0.10000 -3.25000"
2243,0.0000,Tx-Rx,0,-83.7921,"-0.15000 1.10000 4.90000, 3.25000 0.10000 -3.25000"
2244,0.0000,Tx-Rx,0,-82.9357,"-0.15000 1.10000 4.90000, 2.95000 0.10000 -3.25000"
2245,0.0000,Tx-Rx,0,-82.0194,"-0.15000 1.10000 4.90000, 2.65000 0.10000 -3.25000"
2246,0.0000,Tx-Rx,0,-82.1974,"-0.15000 1.10000 4.90000, 2.35000 0.10000 -3.25000"
2247,0.0000,Tx-Rx,0,-81.2410,"-0.15000 1.10000 4.90000, 2.05000 0.10000 -3.25000"
2248,0.0000,Tx-Rx,0,-81.7496,"-0.15000 1.10000 4.90000, 1.75000 0.10000 -3.25000"
2249,0.0000,Tx-Rx,0,-82.7527,"-0.15000 1.10000 4.90000, 1.45000 0.10000 -3.25000"
2250,0.0000,Tx-Rx,0,-87.1299,"-0.15000 1.10000 4.90000, 1.15000 0.10000 -3.25000"
2251,0.0000,Tx-Rx,0,-81.7163,"-0.15000 1.10000 4.90000, 0.85000 0.10000 -3.25000"
2252,0.0000,Tx-Rx,0,-74.3829,"-0.15000 1.10000 4.90000, 0.55000 0.10000 -3.25000"
2253,0.0000,Tx-Rx,0,-74.4503,"-0.15000 1.10000 4.90000, 0.25000 0.10000 -3.25000"
2254,0.0000,Tx-Rx,0,-58.9923,"-0.15000 1.10000 4.90000, -0.05000 0.10000 -3.25000"
2255,0.0000,Tx-Rx,0,-57.1290,"-0.15000 1.10000 4.90000, -0.35000 0.10000 -3.25000"
2256,0.0000,Tx-Rx,0,-57.1467,"-0.15000 1.10000 4.90000, -0.65000 0.10000 -3.25000"
2257,0.0000,Tx-Rx,0,-57.2411,"-0.15000 1.10000 4.90000, -0.95000 0.10000 -3.25000"
2258,0.0000,Tx-Rx,0,-57.4119,"-0.15000 1.10000 4.90000, -1.25000 0.10000 -3.25000"
2259,0.0000,Tx-Rx,0,-57.8727,"-0.15000 1.10000 4.90000, -1.55000 0.10000 -3.25000"
2260,0.0000,Tx-Rx,0,-57.7973,"-0.15000 1.10000 4.90000, -1.85000 0.10000 -3.25000"
2261,0.0000,Tx-Rx,0,-58.1919,"-0.15000 1.10000 4.90000, -2.15000 0.10000 -3.25000"
2262,0.0000,Tx-Rx,0,-58.7525,"-0.15000 1.10000 4.90000, -2.45000 0.10000 -3.25000"
2263,0.0000,Tx-Rx,0,-59.2920,"-0.15000 1.10000 4.90000, -2.75000 0.10000 -3.25000"
2264,0.0000,Tx-Rx,0,-58.9659,"-0.15000 1.10000 4.90000, -3.05000 0.10000 -3.25000"
2265,0.0000,Tx-Rx,0,-59.0550,"-0.15000 1.10000 4.90000, -3.35000 0.10000 -3.25000"
2266,0.0000,Tx-Rx,0,-58.5596,"-0.15000 1.10000 4.90000, -3.65000 0.10000 -3.25000"
2267,0.0000,Tx-Rx,0,-58.6807,"-0.15000 1.10000 4.90000, -3.95000 0.10000 -3.25000"
2268,0.0000,Tx-Rx,0,-59.6366,"-0.15000 1.10000 4.90000, -4.25000 0.10000 -3.25000"
2269,0.0000,Tx-Rx,0,-58.1964,"-0.15000 1.10000 4.90000, -4.55000 0.10000 -3.25000"
2270,0.0000,Tx-Rx,0,-58.8113,"-0.15000 1.10000 4.90000, -4.85000 0.10000 -3.25000"
2271,0.0000,Tx-Rx,0,-59.2473,"-0.15000 1.10000 4.90000, -5.15000 0.10000 -3.25000"
2272,0.0000,Tx-Rx,0,-58.8913,"-0.15000 1.10000 4.90000, -5.45000 0.10000 -3.25000"
2273,0.0000,Tx-Rx,0,-59.1065,"-0.15000 1.10000 4.90000, -5.75000 0.10000 -3.25000"
2274,0.0000,Tx-Rx,0,-61.5797,"-0.15000 1.10000 4.90000, -6.05000 0.10000 -3.25000"
2275,0.0000,Tx-Rx,0,-67.0699,"-0.15000 1.10000 4.90000, -6.35000 0.10000 -3.25000"
2276,0.0000,Tx-Rx,0,-66.9949,"-0.15000 1.10000 4.90000, -6.65000 0.10000 -3.25000"
2277,0.0000,Tx-Rx,0,-67.9012,"-0.15000 1.10000 4.90000, -6.95000 0.10000 -3.25000"
2278,0.0000,Tx-Rx,0,-72.8334,"-0.15000 1.10000 4.90000, -7.25000 0.10000 -3.25000"
2279,0.0000,Tx-Rx,0,-81.0610,"-0.15000 1.10000 4.90000, -7.55000 0.10000 -3.25000"
2280,0.0000,Tx-Rx,0,-78.0091,"-0.15000 1.10000 4.90000, -7.85000 0.10000 -3.25000"
2281,0.0000,Tx-Rx,0,-120.0000,"-0.15000 1.10000 4.90000, 9.85000 0.10000 -3.55000"
2282,0.0000,Tx-Rx,0,-120.0000,"-0.15000 1.10000 4.90000, 9.55000 0.10000 -3.55000"
2283,0.0000,Tx-Rx,0,-120.0000,"-0.15000 1.10000 4.90000, 9.25000 0.10000 -3.55000"
2284,0.0000,Tx-Rx,0,-110.2789,"-0.15000 1.10000 4.90000, 8.95000 0.10000 -3.55000"
2285,0.0000,Tx-Rx,0,-120.0000,"-0.15000 1.10000 4.90000, 8.65000 0.10000 -3.55000"
2286,0.0000,Tx-Rx,0,-120.0000,"-0.15000 1.10000 4.90000, 8.35000 0.10000 -3.55000"
2287,0.0000,Tx-Rx,0,-98.1214,"-0.15000 1.10000 4.90000, 8.05000 0.10000 -3.55000"
2288,0.0000,Tx-Rx,0,-92.3128,"-0.15000 1.10000 4.90000, 7.75000 0.10000 -3.55000"
2289,0.0000,Tx-Rx,0,-93.0092,"-0.15000 1.10000 4.90000, 7.45000 0.10000 -3.55000"
2290,0.0000,Tx-Rx,0,-93.5846,"-0.15000 1.10000 4.90000, 7.15000 0.10000 -3.55000"
2291,0.0000,Tx-Rx,0,-88.0125,"-0.15000 1.10000 4.90000, 6.85000 0.10000 -3.55000"
2292,0.0000,Tx-Rx,0,-84.8711,"-0.15000 1.10000 4.90000, 6.55000 0.10000 -3.55000"
2293,0.0000,Tx-Rx,0,-87.1259,"-0.15000 1.10000 4.90000, 6.25000 0.10000 -3.55000"
2294,0.0000,Tx-Rx,0,-92.1086,"-0.15000 1.10000 4.90000, 5.95000 0.10000 -3.55000"
2295,0.0000,Tx-Rx,0,-89.8272,"-0.15000 1.10000 4.90000, 5.65000 0.10000 -3.55000"
2296,0.0000,Tx-Rx,0,-88.0605,"-0.15000 1.10000 4.90000, 5.35000 0.10000 -3.55000"
2297,0.0000,Tx-Rx,0,-88.2453,"-0.15000 1.10000 4.90000, 5.05000 0.10000 -3.55000"
2298,0.0000,Tx-Rx,0,-86.5768,"-0.15000 1.10000 4.90000, 4.75000 0.10000 -3.55000"
2299,0.0000,Tx-Rx,0,-86.9293,"-0.15000 1.10000 4.90000, 4.45000 0.10000 -3.55000"
2300,0.0000,Tx-Rx,0,-88.4160,"-0.15000 1.10000 4.90000, 4.15000 0.10000 -3.55000"
2301,0.0000,Tx-Rx,0,-87.7129,"-0.15000 1.10000 4.90000, 3.85000 0.10000 -3.55000"
2302,0.0000,Tx-Rx,0,-90.6935,"-0.15000 1.10000 4.90000, 3.55000 0.10000 -3.55000"
2303,0.0000,Tx-Rx,0,-87.2123,"-0.15000 1.10000 4.90000, 3.25000 0.10000 -3.55000"
2304,0.0000,Tx-Rx,0,-90.3957,"-0.15000 1.10000 4.90000, 2.95000 0.10000 -3.55000"
2305,0.0000,Tx-Rx,0,-83.8596,"-0.15000 1.10000 4.90000, 2.65000 0.10000 -3.55000"
2306,0.0000,Tx-Rx,0,-82.8065,"-0.15000 1.10000 4.90000, 2.35000 0.10000 -3.55000"
2307,0.0000,Tx-Rx,0,-81.2500,"-0.15000 1.10000 4.90000, 2.05000 0.10000 -3.55000"
2308,0.0000,Tx-Rx,0,-84.0432,"-0.15000 1.10000 4.90000, 1.75000 0.10000 -3.55000"
2309,0.0000,Tx-Rx,0,-80.8071,"-0.15000 1.10000 4.90000, 1.45000 0.10000 -3.55000"
2310,0.0000,Tx-Rx,0,-82.4789,"-0.15000 1.10000 4.90000, 1.15000 0.10000 -3.55000"
2311,0.0000,Tx-Rx,0,-81.3195,"-0.15000 1.10000 4.90000, 0.85000 0.10000 -3.55000"
2312,0.0000,Tx-Rx,0,-85.1872,"-0.15000 1.10000 4.90000, 0.55000 0.10000 -3.55000"
2313,0.0000,Tx-Rx,0,-75.5815,"-0.15000 1.10000 4.90000, 0.25000 0.10000 -3.55000"
2314,0.0000,Tx-Rx,0,-59.1564,"-0.15000 1.10000 4.90000, -0.05000 0.10000 -3.55000"
2315,0.0000,Tx-Rx,0,-57.4492,"-0.15000 1.10000 4.90000, -0.35000 0.10000 -3.55000"
2316,0.0000,Tx-Rx,0,-57.3087,"-0.15000 1.10000 4.90000, -0.65000 0.10000 -3.55000"
2317,0.0000,Tx-Rx,0,-57.4853,"-0.15000 1.10000 4.90000, -0.95000 0.10000 -3.55000"
2318,0.0000,Tx-Rx,0,-57.6573,"-0.15000 1.10000 4.90000, -1.25000 0.10000 -3.55000"
2319,0.0000,Tx-Rx,0,-57.9129,"-0.15000 1.10000 4.90000, -1.55000 0.10000 -3.55000"
2320,0.0000,Tx-Rx,0,-57.9436,"-0.15000 1.10000 4.90000, -1.85000 0.10000 -3.55000"
2321,0.0000,Tx-Rx,0,-58.5177,"-0.15000 1.10000 4.90000, -2.15000 0.10000 -3.55000"
2322,0.0000,Tx-Rx,0,-58.9643,"-0.15000 1.10000 4.90000, -2.45000 0.10000 -3.55000"
2323,0.0000,Tx-Rx,0,-59.2820,"-0.15000 1.10000 4.90000, -2.75000 0.10000 -3.55000"
2324,0.0000,Tx-Rx,0,-59.0543,"-0.15000 1.10000 4.90000, -3.05000 0.10000 -3.55000"
2325,0.0000,Tx-Rx,0,-58.9708,"-0.15000 1.10000 4.90000, -3.35000 0.10000 -3.55000"
2326,0.0000,Tx-Rx,0,-58.9442,"-0.15000 1.10000 4.90000, -3.65000 0.10000 -3.55000"
2327,0.0000,Tx-Rx,0,-58.9392,"-0.15000 1.10000 4.90000, -3.95000 0.10000 -3.55000"
2328,0.0000,Tx-Rx,0,-59.4132,"-0.15000 1.10000 4.90000, -4.25000 0.10000 -3.55000"
2329,0.0000,Tx-Rx,0,-59.4695,"-0.15000 1.10000 4.90000, -4.55000 0.10000 -3.55000"
2330,0.0000,Tx-Rx,0,-58.7968,"-0.15000 1.10000 4.90000, -4.85000 0.10000 -3.55000"
2331,0.0000,Tx-Rx,0,-59.0035,"-0.15000 1.10000 4.90000, -5.15000 0.10000 -3.55000"
2332,0.0000,Tx-Rx,0,-59.0484,"-0.15000 1.10000 4.90000, -5.45000 0.10000 -3.55000"
2333,0.0000,Tx-Rx,0,-59.1859,"-0.15000 1.10000 4.90000, -5.75000 0.10000 -3.55000"
2334,0.0000,Tx-Rx,0,-59.3466,"-0.15000 1.10000 4.90000, -6.05000 0.10000 -3.55000"
2335,0.0000,Tx-Rx,0,-63.0298,"-0.15000 1.10000 4.90000, -6.35000 0.10000 -3.55000"
2336,0.0000,Tx-Rx,0,-67.6042,"-0.15000 1.10000 4.90000, -6.65000 0.10000 -3.55000"
2337,0.0000,Tx-Rx,0,-70.6339,"-0.15000 1.10000 4.90000, -6.95000 0.10000 -3.55000"
2338,0.0000,Tx-Rx,0,-74.4061,"-0.15000 1.10000 4.90000, -7.25000 0.10000 -3.55000"
2339,0.0000,Tx-Rx,0,-76.7501,"-0.15000 1.10000 4.90000, -7.55000 0.10000 -3.55000"
2340,0.0000,Tx-Rx,0,-76.0578,"-0.15000 1.10000 4.90000, -7.85000 0.10000 -3.55000"
2341,0.0000,Tx-Rx,0,-120.0000,"-0.15000 1.10000 4.90000, 9.85000 0.10000 -3.85000"
2342,0.0000,Tx-Rx,0,-120.0000,"-0.15000 1.10000 4.90000, 9.55000 0.10000 -3.85000"
2343,0.0000,Tx-Rx,0,-120.0000,"-0.15000 1.10000 4.90000, 9.25000 0.10000 -3.85000"
2344,0.0000,Tx-Rx,0,-120.0000,"-0.15000 1.10000 4.90000, 8.95000 0.10000 -3.85000"
2345,0.0000,Tx-Rx,0,-120.0000,"-0.15000 1.10000 4.90000, 8.65000 0.10000 -3.85000"
2346,0.0000,Tx-Rx,0,-120.0000,"-0.15000 1.10000 4.90000, 8.35000 0.10000 -3.85000"
2347,0.0000,Tx-Rx,0,-98.0275,"-0.15000 1.10000 4.90000, 8.05000 0.10000 -3.85000"
2348,0.0000,Tx-Rx,0,-92.2732,"-0.15000 1.10000 4.90000, 7.75000 0.10000 -3.85000"
2349,0.0000,Tx-Rx,0,-94.9423,"-0.15000 1.10000 4.90000, 7.45000 0.10000 -3.85000"
2350,0.0000,Tx-Rx,0,-91.6288,"-0.15000 1.10000 4.90000, 7.15000 0.10000 -3.85000"
2351,0.0000,Tx-Rx,0,-92.4737,"-0.15000 1.10000 4.90000, 6.85000 0.10000 -3.85000"
2352,0.0000,Tx-Rx,0,-86.6220,"-0.15000 1.10000 4.90000, 6.55000 0.10000 -3.85000"
2353,0.0000,Tx-Rx,0,-90.7619,"-0.15000 1.10000 4.90000, 6.25000 0.10000 -3.85000"
2354,0.0000,Tx-Rx,0,-93.8551,"-0.15000 1.10000 4.90000, 5.95000 0.10000 -3.85000"
2355,0.0000,Tx-Rx,0,-95.1015,"-0.15000 1.10000 4.90000, 5.65000 0.10000 -3.85000"
2356,0.0000,Tx-Rx,0,-88.1919,"-0.15000 1.10000 4.90000, 5.35000 0.10000 -3.85000"
2357,0.0000,Tx-Rx,0,-89.4230,"-0.15000 1.10000 4.90000, 5.05000 0.10000 -3.85000"
2358,0.0000,Tx-Rx,0,-87.8855,"-0.15000 1.10000 4.90000, 4.75000 0.10000 -3.85000"
2359,0.0000,Tx-Rx,0,-89.7851,"-0.15000 1.10000 4.90000, 4.45000 0.10000 -3.85000"
2360,0.0000,Tx-Rx,0,-88.6523,"-0.15000 1.10000 4.90000, 4.15000 0.10000 -3.85000"
2361,0.0000,Tx-Rx,0,-87.9379,"-0.15000 1.10000 4.90000, 3.85000 0.10000 -3.85000"
2362,0.0000,Tx-Rx,0,-92.4778,"-0.15000 1.10000 4.90000, 3.55000 0.10000 -3.85000"
2363,0.0000,Tx-Rx,0,-91.2474,"-0.15000 1.10000 4.90000, 3.25000 0.10000 -3.85000"
2364,0.0000,Tx-Rx,0,-91.0955,"-0.15000 1.10000 4.90000, 2.95000 0.10000 -3.85000"
2365,0.0000,Tx-Rx,0,-93.8807,"-0.15000 1.10000 4.90000, 2.65000 0.10000 -3.85000"
2366,0.0000,Tx-Rx,0,-90.2755,"-0.15000 1.10000 4.90000, 2.35000 0.10000 -3.85000"
2367,0.0000,Tx-Rx,0,-85.5856,"-0.15000 1.10000 4.90000, 2.05000 0.10000 -3.85000"
2368,0.0000,Tx-Rx,0,-83.9071,"-0.15000 1.10000 4.90000, 1.75000 0.10000 -3.85000"
2369,0.0000,Tx-Rx,0,-84.3563,"-0.15000 1.10000 4.90000, 1.45000 0.10000 -3.85000"
2370,0.0000,Tx-Rx,0,-82.3562,"-0.15000 1.10000 4.90000, 1.15000 0.10000 -3.85000"
2371,0.0000,Tx-Rx,0,-81.7878,"-0.15000 1.10000 4.90000, 0.85000 0.10000 -3.85000"
2372,0.0000,Tx-Rx,0,-81.8849,"-0.15000 1.10000 4.90000, 0.55000 0.10000 -3.85000"
2373,0.0000,Tx-Rx,0,-75.0834,"-0.15000 1.10000 4.90000, 0.25000 0.10000 -3.85000"
2374,0.0000,Tx-Rx,0,-59.3574,"-0.15000 1.10000 4.90000, -0.05000 0.10000 -3.85000"
2375,0.0000,Tx-Rx,0,-57.6488,"-0.15000 1.10000 4.90000, -0.35000 0.10000 -3.85000"
2376,0.0000,Tx-Rx,0,-57.5354,"-0.15000 1.10000 4.90000, -0.65000 0.10000 -3.85000"
2377,0.0000,Tx-Rx,0,-57.6875,"-0.15000 1.10000 4.90000, -0.95000 0.10000 -3.85000"
2378,0.0000,Tx-Rx,0,-57.8464,"-0.15000 1.10000 4.90000, -1.25000 0.10000 -3.85000"
2379,0.0000,Tx-Rx,0,-58.1361,"-0.15000 1.10000 4.90000, -1.55000 0.10000 -3.85000"
2380,0.0000,Tx-Rx,0,-58.1520,"-0.15000 1.10000 4.90000, -1.85000 0.10000 -3.85000"
2381,0.0000,Tx-Rx,0,-58.8176,"-0.15000 1.10000 4.90000, -2.15000 0.10000 -3.85000"
2382,0.0000,Tx-Rx,0,-59.0252,"-0.15000 1.10000 4.90000, -2.45000 0.10000 -3.85000"
2383,0.0000,Tx-Rx,0,-59.4019,"-0.15000 1.10000 4.90000, -2.75000 0.10000 -3.85000"
2384,0.0000,Tx-Rx,0,-58.9117,"-0.15000 1.10000 4.90000, -3.05000 0.10000 -3.85000"
2385,0.0000,Tx-Rx,0,-58.9734,"-0.15000 1.10000 4.90000, -3.35000 0.10000 -3.85000"
2386,0.0000,Tx-Rx,0,-59.4328,"-0.15000 1.10000 4.90000, -3.65000 0.10000 -3.85000"
2387,0.0000,Tx-Rx,0,-59.3107,"-0.15000 1.10000 4.90000, -3.95000 0.10000 -3.85000"
2388,0.0000,Tx-Rx,0,-59.2655,"-0.15000 1.10000 4.90000, -4.25000 0.10000 -3.85000"
2389,0.0000,Tx-Rx,0,-60.6194,"-0.15000 1.10000 4.90000, -4.55000 0.10000 -3.85000"
2390,0.0000,Tx-Rx,0,-58.8391,"-0.15000 1.10000 4.90000, -4.85000 0.10000 -3.85000"
2391,0.0000,Tx-Rx,0,-58.8863,"-0.15000 1.10000 4.90000, -5.15000 0.10000 -3.85000"
2392,0.0000,Tx-Rx,0,-59.2290,"-0.15000 1.10000 4.90000, -5.45000 0.10000 -3.85000"
2393,0.0000,Tx-Rx,0,-59.2914,"-0.15000 1.10000 4.90000, -5.75000 0.10000 -3.85000"
2394,0.0000,Tx-Rx,0,-59.3336,"-0.15000 1.10000 4.90000, -6.05000 0.10000 -3.85000"
2395,0.0000,Tx-Rx,0,-59.7271,"-0.15000 1.10000 4.90000, -6.35000 0.10000 -3.85000"
2396,0.0000,Tx-Rx,0,-66.4746,"-0.15000 1.10000 4.90000, -6.65000 0.10000 -3.85000"
2397,0.0000,Tx-Rx,0,-71.6374,"-0.15000 1.10000 4.90000, -6.95000 0.10000 -3.85000"
2398,0.0000,Tx-Rx,0,-71.7104,"-0.15000 1.10000 4.90000, -7.25000 0.10000 -3.85000"
2399,0.0000,Tx-Rx,0,-72.0808,"-0.15000 1.10000 4.90000, -7.55000 0.10000 -3.85000"
2400,0.0000,Tx-Rx,0,-74.6190,"-0.15000 1.10000 4.90000, -7.85000 0.10000 -3.85000"
2401,0.0000,Tx-Rx,0,-120.0000,"-0.15000 1.10000 4.90000, 9.85000 0.10000 -4.15000"
2402,0.0000,Tx-Rx,0,-120.0000,"-0.15000 1.10000 4.90000, 9.55000 0.10000 -4.15000"
2403,0.0000,Tx-Rx,0,-120.0000,"-0.15000 1.10000 4.90000, 9.25000 0.10000 -4.15000"
2404,0.0000,Tx-Rx,0,-120.0000,"-0.15000 1.10000 4.90000, 8.95000 0.10000 -4.15000"
2405,0.0000,Tx-Rx,0,-120.0000,"-0.15000 1.10000 4.90000, 8.65000 0.10000 -4.15000"
2406,0.0000,Tx-Rx,0,-120.0000,"-0.15000 1.10000 4.90000, 8.35000 0.10000 -4.15000"
2407,0.0000,Tx-Rx,0,-101.5450,"-0.15000 1.10000 4.90000, 8.05000 0.10000 -4.15000"
2408,0.0000,Tx-Rx,0,-92.1963,"-0.15000 1.10000 4.90000, 7.75000 0.10000 -4.15000"
2409,0.0000,Tx-Rx,0,-93.0482,"-0.15000 1.10000 4.90000, 7.45000 0.10000 -4.15000"
2410,0.0000,Tx-Rx,0,-92.2627,"-0.15000 1.10000 4.90000, 7.15000 0.10000 -4.15000"
2411,0.0000,Tx-Rx,0,-94.8693,"-0.15000 1.10000 4.90000, 6.85000 0.10000 -4.15000"
2412,0.0000,Tx-Rx,0,-88.6422,"-0.15000 1.10000 4.90000, 6.55000 0.10000 -4.15000"
2413,0.0000,Tx-Rx,0,-96.1182,"-0.15000 1.10000 4.90000, 6.25000 0.10000 -4.15000"
2414,0.0000,Tx-Rx,0,-95.8264,"-0.15000 1.10000 4.90000, 5.95000 0.10000 -4.15000"
2415,0.0000,Tx-Rx,0,-91.4313,"-0.15000 1.10000 4.90000, 5.65000 0.10000 -4.15000"
2416,0.0000,Tx-Rx,0,-90.5284,"-0.15000 1.10000 4.90000, 5.35000 0.10000 -4.15000"
2417,0.0000,Tx-Rx,0,-87.2589,"-0.15000 1.10000 4.90000, 5.05000 0.10000 -4.15000"
2418,0.0000,Tx-Rx,0,-87.7043,"-0.15000 1.10000 4.90000, 4.75000 0.10000 -4.15000"
2419,0.0000,Tx-Rx,0,-89.0545,"-0.15000 1.10000 4.90000, 4.45000 0.10000 -4.15000"
2420,0.0000,Tx-Rx,0,-87.1928,"-0.15000 1.10000 4.90000, 4.15000 0.10000 -4.15000"
2421,0.0000,Tx-Rx,0,-88.9711,"-0.15000 1.10000 4.90000, 3.85000 0.10000 -4.15000"
2422,0.0000,Tx-Rx,0,-91.1301,"-0.15000 1.10000 4.90000, 3.55000 0.10000 -4.15000"
2423,0.0000,Tx-Rx,0,-91.1775,"-0.15000 1.10000 4.90000, 3.25000 0.10000 -4.15000"
2424,0.0000,Tx-Rx,0,-93.0956,"-0.15000 1.10000 4.90000, 2.95000 0.10000 -4.15000"
2425,0.0000,Tx-Rx,0,-89.7034,"-0.15000 1.10000 4.90000, 2.65000 0.10000 -4.15000"
2426,0.0000,Tx-Rx,0,-93.7291,"-0.15000 1.10000 4.90000, 2.35000 0.10000 -4.15000"
2427,0.0000,Tx-Rx,0,-92.3149,"-0.15000 1.10000 4.90000, 2.05000 0.10000 -4.15000"
2428,0.0000,Tx-Rx,0,-86.1154,"-0.15000 1.10000 4.90000, 1.75000 0.10000 -4.15000"
2429,0.0000,Tx-Rx,0,-82.3713,"-0.15000 1.10000 4.90000, 1.45000 0.10000 -4.15000"
2430,0.0000,Tx-Rx,0,-83.1593,"-0.15000 1.10000 4.90000, 1.15000 0.10000 -4.15000"
2431,0.0000,Tx-Rx,0,-81.4875,"-0.15000 1.10000 4.90000, 0.85000 0.10000 -4.15000"
2432,0.0000,Tx-Rx,0,-81.4260,"-0.15000 1.10000 4.90000, 0.55000 0.10000 -4.15000"
2433,0.0000,Tx-Rx,0,-75.1851,"-0.15000 1.10000 4.90000, 0.25000 0.10000 -4.15000"
2434,0.0000,Tx-Rx,0,-66.6950,"-0.15000 1.10000 4.90000, -0.05000 0.10000 -4.15000"
2435,0.0000,Tx-Rx,0,-83.5747,"-0.15000 1.10000 4.90000, -0.35000 0.10000 -4.15000"
2436,0.0000,Tx-Rx,0,-83.4300,"-0.15000 1.10000 4.90000, -0.65000 0.10000 -4.15000"
2437,0.0000,Tx-Rx,0,-83.2636,"-0.15000 1.10000 4.90000, -0.95000 0.10000 -4.15000"
2438,0.0000,Tx-Rx,0,-83.7034,"-0.15000 1.10000 4.90000, -1.25000 0.10000 -4.15000"
2439,0.0000,Tx-Rx,0,-83.5654,"-0.15000 1.10000 4.90000, -1.55000 0.10000 -4.15000"
2440,0.0000,Tx-Rx,0,-81.1070,"-0.15000 1.10000 4.90000, -1.85000 0.10000 -4.15000"
2441,0.0000,Tx-Rx,0,-59.4767,"-0.15000 1.10000 4.90000, -2.15000 0.10000 -4.15000"
2442,0.0000,Tx-Rx,0,-59.3001,"-0.15000 1.10000 4.90000, -2.45000 0.10000 -4.15000"
2443,0.0000,Tx-Rx,0,-59.2640,"-0.15000 1.10000 4.90000, -2.75000 0.10000 -4.15000"
2444,0.0000,Tx-Rx,0,-59.5519,"-0.15000 1.10000 4.90000, -3.05000 0.10000 -4.15000"
2445,0.0000,Tx-Rx,0,-60.6184,"-0.15000 1.10000 4.90000, -3.35000 0.10000 -4.15000"
2446,0.0000,Tx-Rx,0,-64.9114,"-0.15000 1.10000 4.90000, -3.65000 0.10000 -4.15000"
2447,0.0000,Tx-Rx,0,-84.1817,"-0.15000 1.10000 4.90000, -3.95000 0.10000 -4.15000"
2448,0.0000,Tx-Rx,0,-85.1761,"-0.15000 1.10000 4.90000, -4.25000 0.10000 -4.15000"
2449,0.0000,Tx-Rx,0,-86.8326,"-0.15000 1.10000 4.90000, -4.55000 0.10000 -4.15000"
2450,0.0000,Tx-Rx,0,-87.9442,"-0.15000 1.10000 4.90000, -4.85000 0.10000 -4.15000"
2451,0.0000,Tx-Rx,0,-85.8556,"-0.15000 1.10000 4.90000, -5.15000 0.10000 -4.15000"
2452,0.0000,Tx-Rx,0,-86.2569,"-0.15000 1.10000 4.90000, -5.45000 0.10000 -4.15000"
2453,0.0000,Tx-Rx,0,-85.8993,"-0.15000 1.10000 4.90000, -5.75000 0.10000 -4.15000"
2454,0.0000,Tx-Rx,0,-86.3984,"-0.15000 1.10000 4.90000, -6.05000 0.10000 -4.15000"
2455,0.0000,Tx-Rx,0,-86.3246,"-0.15000 1.10000 4.90000, -6.35000 0.10000 -4.15000"
2456,0.0000,Tx-Rx,0,-88.8942,"-0.15000 1.10000 4.90000, -6.65000 0.10000 -4.15000"
2457,0.0000,Tx-Rx,0,-104.2526,"-0.15000 1.10000 4.90000, -6.95000 0.10000 -4.15000"
2458,0.0000,Tx-Rx,0,-103.2684,"-0.15000 1.10000 4.90000, -7.25000 0.10000 -4.15000"
2459,0.0000,Tx-Rx,0,-100.5329,"-0.15000 1.10000 4.90000, -7.55000 0.10000 -4.15000"
2460,0.0000,Tx-Rx,0,-95.3491,"-0.15000 1.10000 4.90000, -7.85000 0.10000 -4.15000"
2461,0.0000,Tx-Rx,0,-120.0000,"-0.15000 1.10000 4.90000, 9.85000 0.10000 -4.45000"
2462,0.0000,Tx-Rx,0,-120.0000,"-0.15000 1.10000 4.90000, 9.55000 0.10000 -4.45000"
2463,0.0000,Tx-Rx,0,-120.0000,"-0.15000 1.10000 4.90000, 9.25000 0.10000 -4.45000"
2464,0.0000,Tx-Rx,0,-120.0000,"-0.15000 1.10000 4.90000, 8.95000 0.10000 -4.45000"
2465,0.0000,Tx-Rx,0,-120.0000,"-0.15000 1.10000 4.90000, 8.65000 0.10000 -4.45000"
2466,0.0000,Tx-Rx,0,-120.0000,"-0.15000 1.10000 4.90000, 8.35000 0.10000 -4.45000"
2467,0.0000,Tx-Rx,0,-95.1173,"-0.15000 1.10000 4.90000, 8.05000 0.10000 -4.45000"
2468,0.0000,Tx-Rx,0,-90.3412,"-0.15000 1.10000 4.90000, 7.75000 0.10000 -4.45000"
2469,0.0000,Tx-Rx,0,-91.2991,"-0.15000 1.10000 4.90000, 7.45000 0.10000 -4.45000"
2470,0.0000,Tx-Rx,0,-88.6374,"-0.15000 1.10000 4.90000, 7.15000 0.10000 -4.45000"
2471,0.0000,Tx-Rx,0,-97.1860,"-0.15000 1.10000 4.90000, 6.85000 0.10000 -4.45000"
2472,0.0000,Tx-Rx,0,-91.9344,"-0.15000 1.10000 4.90000, 6.55000 0.10000 -4.45000"
2473,0.0000,Tx-Rx,0,-90.3932,"-0.15000 1.10000 4.90000, 6.25000 0.10000 -4.45000"
2474,0.0000,Tx-Rx,0,-91.5680,"-0.15000 1.10000 4.90000, 5.95000 0.10000 -4.45000"
2475,0.0000,Tx-Rx,0,-90.9309,"-0.15000 1.10000 4.90000, 5.65000 0.10000 -4.45000"
2476,0.0000,Tx-Rx,0,-89.6614,"-0.15000 1.10000 4.90000, 5.35000 0.10000 -4.45000"
2477,0.0000,Tx-Rx,0,-87.4582,"-0.15000 1.10000 4.90000, 5.05000 0.10000 -4.45000"
2478,0.0000,Tx-Rx,0,-87.4224,"-0.15000 1.10000 4.90000, 4.75000 0.10000 -4.45000"
2479,0.0000,Tx-Rx,0,-88.5621,"-0.15000 1.10000 4.90000, 4.45000 0.10000 -4.45000"
2480,0.0000,Tx-Rx,0,-91.6631,"-0.15000 1.10000 4.90000, 4.15000 0.10000 -4.45000"
2481,0.0000,Tx-Rx,0,-91.5992,"-0.15000 1.10000 4.90000, 3.85000 0.10000 -4.45000"
2482,0.0000,Tx-Rx,0,-91.8416,"-0.15000 1.10000 4.90000, 3.55000 0.10000 -4.45000"
2483,0.0000,Tx-Rx,0,-92.0184,"-0.15000 1.10000 4.90000, 3.25000 0.10000 -4.45000"
2484,0.0000,Tx-Rx,0,-92.1282,"-0.15000 1.10000 4.90000, 2.95000 0.10000 -4.45000"
2485,0.0000,Tx-Rx,0,-89.1285,"-0.15000 1.10000 4.90000, 2.65000 0.10000 -4.45000"
2486,0.0000,Tx-Rx,0,-91.2947,"-0.15000 1.10000 4.90000, 2.35000 0.10000 -4.45000"
2487,0.0000,Tx-Rx,0,-91.7389,"-0.15000 1.10000 4.90000, 2.05000 0.10000 -4.45000"
2488,0.0000,Tx-Rx,0,-86.4053,"-0.15000 1.10000 4.90000, 1.75000 0.10000 -4.45000"
2489,0.0000,Tx-Rx,0,-89.0646,"-0.15000 1.10000 4.90000, 1.45000 0.10000 -4.45000"
2490,0.0000,Tx-Rx,0,-85.6125,"-0.15000 1.10000 4.90000, 1.15000 0.10000 -4.45000"
2491,0.0000,Tx-Rx,0,-82.1743,"-0.15000 1.10000 4.90000, 0.85000 0.10000 -4.45000"
2492,0.0000,Tx-Rx,0,-84.0066,"-0.15000 1.10000 4.90000, 0.55000 0.10000 -4.45000"
2493,0.0000,Tx-Rx,0,-75.0174,"-0.15000 1.10000 4.90000, 0.25000 0.10000 -4.45000"
2494,0.0000,Tx-Rx,0,-66.7482,"-0.15000 1.10000 4.90000, -0.05000 0.10000 -4.45000"
2495,0.0000,Tx-Rx,0,-83.3488,"-0.15000 1.10000 4.90000, -0.35000 0.10000 -4.45000"
2496,0.0000,Tx-Rx,0,-83.1638,"-0.15000 1.10000 4.90000, -0.65000 0.10000 -4.45000"
2497,0.0000,Tx-Rx,0,-83.8181,"-0.15000 1.10000 4.90000, -0.95000 0.10000 -4.45000"
2498,0.0000,Tx-Rx,0,-84.1757,"-0.15000 1.10000 4.90000, -1.25000 0.10000 -4.45000"
2499,0.0000,Tx-Rx,0,-85.0761,"-0.15000 1.10000 4.90000, -1.55000 0.10000 -4.45000"
2500,0.0000,Tx-Rx,0,-82.4340,"-0.15000 1.10000 4.90000, -1.85000 0.10000 -4.45000"
2501,0.0000,Tx-Rx,0,-60.8157,"-0.15000 1.10000 4.90000, -2.15000 0.10000 -4.45000"
2502,0.0000,Tx-Rx,0,-59.2333,"-0.15000 1.10000 4.90000, -2.45000 0.10000 -4.45000"
2503,0.0000,Tx-Rx,0,-59.1999,"-0.15000 1.10000 4.90000, -2.75000 0.10000 -4.45000"
2504,0.0000,Tx-Rx,0,-58.2588,"-0.15000 1.10000 4.90000, -3.05000 0.10000 -4.45000"
2505,0.0000,Tx-Rx,0,-60.5650,"-0.15000 1.10000 4.90000, -3.35000 0.10000 -4.45000"
2506,0.0000,Tx-Rx,0,-67.4888,"-0.15000 1.10000 4.90000, -3.65000 0.10000 -4.45000"
2507,0.0000,Tx-Rx,0,-83.6023,"-0.15000 1.10000 4.90000, -3.95000 0.10000 -4.45000"
2508,0.0000,Tx-Rx,0,-86.1022,"-0.15000 1.10000 4.90000, -4.25000 0.10000 -4.45000"
2509,0.0000,Tx-Rx,0,-85.8532,"-0.15000 1.10000 4.90000, -4.55000 0.10000 -4.45000"
2510,0.0000,Tx-Rx,0,-88.3472,"-0.15000 1.10000 4.90000, -4.85000 0.10000 -4.45000"
2511,0.0000,Tx-Rx,0,-86.2167,"-0.15000 1.10000 4.90000, -5.15000 0.10000 -4.45000"
2512,0.0000,Tx-Rx,0,-86.7271,"-0.15000 1.10000 4.90000, -5.45000 0.10000 -4.45000"
2513,0.0000,Tx-Rx,0,-88.3224,"-0.15000 1.10000 4.90000, -5.75000 0.10000 -4.45000"
2514,0.0000,Tx-Rx,0,-85.5162,"-0.15000 1.10000 4.90000, -6.05000 0.10000 -4.45000"
2515,0.0000,Tx-Rx,0,-86.5388,"-0.15000 1.10000 4.90000, -6.35000 0.10000 -4.45000"
2516,0.0000,Tx-Rx,0,-86.2971,"-0.15000 1.10000 4.90000, -6.65000 0.10000 -4.45000"
2517,0.0000,Tx-Rx,0,-90.6218,"-0.15000 1.10000 4.90000, -6.95000 0.10000 -4.45000"
2518,0.0000,Tx-Rx,0,-103.7602,"-0.15000 1.10000 4.90000, -7.25000 0.10000 -4.45000"
2519,0.0000,Tx-Rx,0,-100.8424,"-0.15000 1.10000 4.90000, -7.55000 0.10000 -4.45000"
2520,0.0000,Tx-Rx,0,-118.4860,"-0.15000 1.10000 4.90000, -7.85000 0.10000 -4.45000"
2521,0.0000,Tx-Rx,0,-120.0000,"-0.15000 1.10000 4.90000, 9.85000 0.10000 -4.75000"
2522,0.0000,Tx-Rx,0,-120.0000,"-0.15000 1.10000 4.90000, 9.55000 0.10000 -4.75000"
2523,0.0000,Tx-Rx,0,-120.0000,"-0.15000 1.10000 4.90000, 9.25000 0.10000 -4.75000"
2524,0.0000,Tx-Rx,0,-120.0000,"-0.15000 1.10000 4.90000, 8.95000 0.10000 -4.75000"
2525,0.0000,Tx-Rx,0,-120.0000,"-0.15000 1.10000 4.90000, 8.65000 0.10000 -4.75000"
2526,0.0000,Tx-Rx,0,-120.0000,"-0.15000 1.10000 4.90000, 8.35000 0.10000 -4.75000"
2527,0.0000,Tx-Rx,0,-90.6085,"-0.15000 1.10000 4.90000, 8.05000 0.10000 -4.75000"
2528,0.0000,Tx-Rx,0,-87.5415,"-0.15000 1.10000 4.90000, 7.75000 0.10000 -4.75000"
2529,0.0000,Tx-Rx,0,-89.3773,"-0.15000 1.10000 4.90000, 7.45000 0.10000 -4.75000"
2530,0.0000,Tx-Rx,0,-90.6597,"-0.15000 1.10000 4.90000, 7.15000 0.10000 -4.75000"
2531,0.0000,Tx-Rx,0,-96.8029,"-0.15000 1.10000 4.90000, 6.85000 0.10000 -4.75000"
2532,0.0000,Tx-Rx,0,-92.5104,"-0.15000 1.10000 4.90000, 6.55000 0.10000 -4.75000"
2533,0.0000,Tx-Rx,0,-92.0953,"-0.15000 1.10000 4.90000, 6.25000 0.10000 -4.75000"
2534,0.0000,Tx-Rx,0,-91.3212,"-0.15000 1.10000 4.90000, 5.95000 0.10000 -4.75000"
2535,0.0000,Tx-Rx,0,-90.9532,"-0.15000 1.10000 4.90000, 5.65000 0.10000 -4.75000"
2536,0.0000,Tx-Rx,0,-88.9830,"-0.15000 1.10000 4.90000, 5.35000 0.10000 -4.75000"
2537,0.0000,Tx-Rx,0,-91.0813,"-0.15000 1.10000 4.90000, 5.05000 0.10000 -4.75000"
2538,0.0000,Tx-Rx,0,-86.3078,"-0.15000 1.10000 4.90000, 4.75000 0.10000 -4.75000"
2539,0.0000,Tx-Rx,0,-87.3309,"-0.15000 1.10000 4.90000, 4.45000 0.10000 -4.75000"
2540,0.0000,Tx-Rx,0,-90.9095,"-0.15000 1.10000 4.90000, 4.15000 0.10000 -4.75000"
2541,0.0000,Tx-Rx,0,-89.7360,"-0.15000 1.10000 4.90000, 3.85000 0.10000 -4.75000"
2542,0.0000,Tx-Rx,0,-90.0189,"-0.15000 1.10000 4.90000, 3.55000 0.10000 -4.75000"
2543,0.0000,Tx-Rx,0,-90.1087,"-0.15000 1.10000 4.90000, 3.25000 0.10000 -4.75000"
2544,0.0000,Tx-Rx,0,-90.1400,"-0.15000 1.10000 4.90000, 2.95000 0.10000 -4.75000"
2545,0.0000,Tx-Rx,0,-90.6553,"-0.15000 1.10000 4.90000, 2.65000 0.10000 -4.75000"
2546,0.0000,Tx-Rx,0,-91.4311,"-0.15000 1.10000 4.90000, 2.35000 0.10000 -4.75000"
2547,0.0000,Tx-Rx,0,-92.5519,"-0.15000 1.10000 4.90000, 2.05000 0.10000 -4.75000"
2548,0.0000,Tx-Rx,0,-88.9340,"-0.15000 1.10000 4.90000, 1.75000 0.10000 -4.75000"
2549,0.0000,Tx-Rx,0,-90.1864,"-0.15000 1.10000 4.90000, 1.45000 0.10000 -4.75000"
2550,0.0000,Tx-Rx,0,-89.6185,"-0.15000 1.10000 4.90000, 1.15000 0.10000 -4.75000"
2551,0.0000,Tx-Rx,0,-87.3462,"-0.15000 1.10000 4.90000, 0.85000 0.10000 -4.75000"
2552,0.0000,Tx-Rx,0,-85.0056,"-0.15000 1.10000 4.90000, 0.55000 0.10000 -4.75000"
2553,0.0000,Tx-Rx,0,-72.7208,"-0.15000 1.10000 4.90000, 0.25000 0.10000 -4.75000"
2554,0.0000,Tx-Rx,0,-67.3554,"-0.15000 1.10000 4.90000, -0.05000 0.10000 -4.75000"
2555,0.0000,Tx-Rx,0,-81.5850,"-0.15000 1.10000 4.90000, -0.35000 0.10000 -4.75000"
2556,0.0000,Tx-Rx,0,-79.9995,"-0.15000 1.10000 4.90000, -0.65000 0.10000 -4.75000"
2557,0.0000,Tx-Rx,0,-83.4454,"-0.15000 1.10000 4.90000, -0.95000 0.10000 -4.75000"
2558,0.0000,Tx-Rx,0,-83.9946,"-0.15000 1.10000 4.90000, -1.25000 0.10000 -4.75000"
2559,0.0000,Tx-Rx,0,-84.5106,"-0.15000 1.10000 4.90000, -1.55000 0.10000 -4.75000"
2560,0.0000,Tx-Rx,0,-81.7497,"-0.15000 1.10000 4.90000, -1.85000 0.10000 -4.75000"
2561,0.0000,Tx-Rx,0,-62.5575,"-0.15000 1.10000 4.90000, -2.15000 0.10000 -4.75000"
2562,0.0000,Tx-Rx,0,-59.3579,"-0.15000 1.10000 4.90000, -2.45000 0.10000 -4.75000"
2563,0.0000,Tx-Rx,0,-58.8564,"-0.15000 1.10000 4.90000, -2.75000 0.10000 -4.75000"
2564,0.0000,Tx-Rx,0,-57.5693,"-0.15000 1.10000 4.90000, -3.05000 0.10000 -4.75000"
2565,0.0000,Tx-Rx,0,-60.0808,"-0.15000 1.10000 4.90000, -3.35000 0.10000 -4.75000"
2566,0.0000,Tx-Rx,0,-79.9575,"-0.15000 1.10000 4.90000, -3.65000 0.10000 -4.75000"
2567,0.0000,Tx-Rx,0,-87.7288,"-0.15000 1.10000 4.90000, -3.95000 0.10000 -4.75000"
2568,0.0000,Tx-Rx,0,-90.0400,"-0.15000 1.10000 4.90000, -4.25000 0.10000 -4.75000"
2569,0.0000,Tx-Rx,0,-96.4911,"-0.15000 1.10000 4.90000, -4.55000 0.10000 -4.75000"
2570,0.0000,Tx-Rx,0,-100.0708,"-0.15000 1.10000 4.90000, -4.85000 0.10000 -4.75000"
2571,0.0000,Tx-Rx,0,-97.2387,"-0.15000 1.10000 4.90000, -5.15000 0.10000 -4.75000"
2572,0.0000,Tx-Rx,0,-96.0771,"-0.15000 1.10000 4.90000, -5.45000 0.10000 -4.75000"
2573,0.0000,Tx-Rx,0,-90.2180,"-0.15000 1.10000 4.90000, -5.75000 0.10000 -4.75000"
2574,0.0000,Tx-Rx,0,-87.6226,"-0.15000 1.10000 4.90000, -6.05000 0.10000 -4.75000"
2575,0.0000,Tx-Rx,0,-85.6538,"-0.15000 1.10000 4.90000, -6.35000 0.10000 -4.75000"
2576,0.0000,Tx-Rx,0,-86.9102,"-0.15000 1.10000 4.90000, -6.65000 0.10000 -4.75000"
2577,0.0000,Tx-Rx,0,-86.5045,"-0.15000 1.10000 4.90000, -6.95000 0.10000 -4.75000"
2578,0.0000,Tx-Rx,0,-92.9180,"-0.15000 1.10000 4.90000, -7.25000 0.10000 -4.75000"
2579,0.0000,Tx-Rx,0,-106.1407,"-0.15000 1.10000 4.90000, -7.55000 0.10000 -4.75000"
2580,0.0000,Tx-Rx,0,-110.8362,"-0.15000 1.10000 4.90000, -7.85000 0.10000 -4.75000"
2581,0.0000,Tx-Rx,0,-120.0000,"-0.15000 1.10000 4.90000, 9.85000 0.10000 -5.05000"
2582,0.0000,Tx-Rx,0,-120.0000,"-0.15000 1.10000 4.90000, 9.55000 0.10000 -5.05000"
2583,0.0000,Tx-Rx,0,-120.0000,"-0.15000 1.10000 4.90000, 9.25000 0.10000 -5.05000"
2584,0.0000,Tx-Rx,0,-120.0000,"-0.15000 1.10000 4.90000, 8.95000 0.10000 -5.05000"
2585,0.0000,Tx-Rx,0,-120.0000,"-0.15000 1.10000 4.90000, 8.65000 0.10000 -5.05000"
2586,0.0000,Tx-Rx,0,-120.0000,"-0.15000 1.10000 4.90000, 8.35000 0.10000 -5.05000"
2587,0.0000,Tx-Rx,0,-93.9280,"-0.15000 1.10000 4.90000, 8.05000 0.10000 -5.05000"
2588,0.0000,Tx-Rx,0,-88.9334,"-0.15000 1.10000 4.90000, 7.75000 0.10000 -5.05000"
2589,0.0000,Tx-Rx,0,-91.4154,"-0.15000 1.10000 4.90000, 7.45000 0.10000 -5.05000"
2590,0.0000,Tx-Rx,0,-95.0312,"-0.15000 1.10000 4.90000, 7.15000 0.10000 -5.05000"
2591,0.0000,Tx-Rx,0,-96.3288,"-0.15000 1.10000 4.90000, 6.85000 0.10000 -5.05000"
2592,0.0000,Tx-Rx,0,-92.9879,"-0.15000 1.10000 4.90000, 6.55000 0.10000 -5.05000"
2593,0.0000,Tx-Rx,0,-94.1541,"-0.15000 1.10000 4.90000, 6.25000 0.10000 -5.05000"
2594,0.0000,Tx-Rx,0,-88.9933,"-0.15000 1.10000 4.90000, 5.95000 0.10000 -5.05000"
2595,0.0000,Tx-Rx,0,-89.0112,"-0.15000 1.10000 4.90000, 5.65000 0.10000 -5.05000"
2596,0.0000,Tx-Rx,0,-91.0012,"-0.15000 1.10000 4.90000, 5.35000 0.10000 -5.05000"
2597,0.0000,Tx-Rx,0,-91.5925,"-0.15000 1.10000 4.90000, 5.05000 0.10000 -5.05000"
2598,0.0000,Tx-Rx,0,-88.7440,"-0.15000 1.10000 4.90000, 4.75000 0.10000 -5.05000"
2599,0.0000,Tx-Rx,0,-87.8836,"-0.15000 1.10000 4.90000, 4.45000 0.10000 -5.05000"
2600,0.0000,Tx-Rx,0,-87.5492,"-0.15000 1.10000 4.90000, 4.15000 0.10000 -5.05000"
2601,0.0000,Tx-Rx,0,-88.7328,"-0.15000 1.10000 4.90000, 3.85000 0.10000 -5.05000"
2602,0.0000,Tx-Rx,0,-91.1536,"-0.15000 1.10000 4.90000, 3.55000 0.10000 -5.05000"
2603,0.0000,Tx-Rx,0,-90.3098,"-0.15000 1.10000 4.90000, 3.25000 0.10000 -5.05000"
2604,0.0000,Tx-Rx,0,-91.3817,"-0.15000 1.10000 4.90000, 2.95000 0.10000 -5.05000"
2605,0.0000,Tx-Rx,0,-95.2003,"-0.15000 1.10000 4.90000, 2.65000 0.10000 -5.05000"
2606,0.0000,Tx-Rx,0,-91.8477,"-0.15000 1.10000 4.90000, 2.35000 0.10000 -5.05000"
2607,0.0000,Tx-Rx,0,-93.1758,"-0.15000 1.10000 4.90000, 2.05000 0.10000 -5.05000"
2608,0.0000,Tx-Rx,0,-89.3610,"-0.15000 1.10000 4.90000, 1.75000 0.10000 -5.05000"
2609,0.0000,Tx-Rx,0,-89.4142,"-0.15000 1.10000 4.90000, 1.45000 0.10000 -5.05000"
2610,0.0000,Tx-Rx,0,-91.8094,"-0.15000 1.10000 4.90000, 1.15000 0.10000 -5.05000"
2611,0.0000,Tx-Rx,0,-89.1156,"-0.15000 1.10000 4.90000, 0.85000 0.10000 -5.05000"
2612,0.0000,Tx-Rx,0,-90.6397,"-0.15000 1.10000 4.90000, 0.55000 0.10000 -5.05000"
2613,0.0000,Tx-Rx,0,-72.0895,"-0.15000 1.10000 4.90000, 0.25000 0.10000 -5.05000"
2614,0.0000,Tx-Rx,0,-67.6281,"-0.15000 1.10000 4.90000, -0.05000 0.10000 -5.05000"
2615,0.0000,Tx-Rx,0,-81.7708,"-0.15000 1.10000 4.90000, -0.35000 0.10000 -5.05000"
2616,0.0000,Tx-Rx,0,-81.5015,"-0.15000 1.10000 4.90000, -0.65000 0.10000 -5.05000"
2617,0.0000,Tx-Rx,0,-80.5243,"-0.15000 1.10000 4.90000, -0.95000 0.10000 -5.05000"
2618,0.0000,Tx-Rx,0,-81.4609,"-0.15000 1.10000 4.90000, -1.25000 0.10000 -5.05000"
2619,0.0000,Tx-Rx,0,-83.8016,"-0.15000 1.10000 4.90000, -1.55000 0.10000 -5.05000"
2620,0.0000,Tx-Rx,0,-76.6343,"-0.15000 1.10000 4.90000, -1.85000 0.10000 -5.05000"
2621,0.0000,Tx-Rx,0,-65.2735,"-0.15000 1.10000 4.90000, -2.15000 0.10000 -5.05000"
2622,0.0000,Tx-Rx,0,-59.5145,"-0.15000 1.10000 4.90000, -2.45000 0.10000 -5.05000"
2623,0.0000,Tx-Rx,0,-58.5459,"-0.15000 1.10000 4.90000, -2.75000 0.10000 -5.05000"
2624,0.0000,Tx-Rx,0,-57.5849,"-0.15000 1.10000 4.90000, -3.05000 0.10000 -5.05000"
2625,0.0000,Tx-Rx,0,-59.3132,"-0.15000 1.10000 4.90000, -3.35000 0.10000 -5.05000"
2626,0.0000,Tx-Rx,0,-74.7382,"-0.15000 1.10000 4.90000, -3.65000 0.10000 -5.05000"
2627,0.0000,Tx-Rx,0,-78.6064,"-0.15000 1.10000 4.90000, -3.95000 0.10000 -5.05000"
2628,0.0000,Tx-Rx,0,-83.4187,"-0.15000 1.10000 4.90000, -4.25000 0.10000 -5.05000"
2629,0.0000,Tx-Rx,0,-92.7022,"-0.15000 1.10000 4.90000, -4.55000 0.10000 -5.05000"
2630,0.0000,Tx-Rx,0,-96.3090,"-0.15000 1.10000 4.90000, -4.85000 0.10000 -5.05000"
2631,0.0000,Tx-Rx,0,-95.4739,"-0.15000 1.10000 4.90000, -5.15000 0.10000 -5.05000"
2632,0.0000,Tx-Rx,0,-103.1374,"-0.15000 1.10000 4.90000, -5.45000 0.10000 -5.05000"
2633,0.0000,Tx-Rx,0,-103.0317,"-0.15000 1.10000 4.90000, -5.75000 0.10000 -5.05000"
2634,0.0000,Tx-Rx,0,-87.7988,"-0.15000 1.10000 4.90000, -6.05000 0.10000 -5.05000"
2635,0.0000,Tx-Rx,0,-86.2538,"-0.15000 1.10000 4.90000, -6.35000 0.10000 -5.05000"
2636,0.0000,Tx-Rx,0,-86.2545,"-0.15000 1.10000 4.90000, -6.65000 0.10000 -5.05000"
2637,0.0000,Tx-Rx,0,-88.3410,"-0.15000 1.10000 4.90000, -6.95000 0.10000 -5.05000"
2638,0.0000,Tx-Rx,0,-88.0160,"-0.15000 1.10000 4.90000, -7.25000 0.10000 -5.05000"
2639,0.0000,Tx-Rx,0,-95.2071,"-0.15000 1.10000 4.90000, -7.55000 0.10000 -5.05000"
2640,0.0000,Tx-Rx,0,-111.7818,"-0.15000 1.10000 4.90000, -7.85000 0.10000 -5.05000"
2641,0.0000,Tx-Rx,0,-120.0000,"-0.15000 1.10000 4.90000, 9.85000 0.10000 -5.35000"
2642,0.0000,Tx-Rx,0,-120.0000,"-0.15000 1.10000 4.90000, 9.55000 0.10000 -5.35000"
2643,0.0000,Tx-Rx,0,-120.0000,"-0.15000 1.10000 4.90000, 9.25000 0.10000 -5.35000"
2644,0.0000,Tx-Rx,0,-120.0000,"-0.15000 1.10000 4.90000, 8.95000 0.10000 -5.35000"
2645,0.0000,Tx-Rx,0,-120.0000,"-0.15000 1.10000 4.90000, 8.65000 0.10000 -5.35000"
2646,0.0000,Tx-Rx,0,-120.0000,"-0.15000 1.10000 4.90000, 8.35000 0.10000 -5.35000"
2647,0.0000,Tx-Rx,0,-99.6954,"-0.15000 1.10000 4.90000, 8.05000 0.10000 -5.35000"
2648,0.0000,Tx-Rx,0,-89.2198,"-0.15000 1.10000 4.90000, 7.75000 0.10000 -5.35000"
2649,0.0000,Tx-Rx,0,-92.6454,"-0.15000 1.10000 4.90000, 7.45000 0.10000 -5.35000"
2650,0.0000,Tx-Rx,0,-94.6987,"-0.15000 1.10000 4.90000, 7.15000 0.10000 -5.35000"
2651,0.0000,Tx-Rx,0,-95.5188,"-0.15000 1.10000 4.90000, 6.85000 0.10000 -5.35000"
2652,0.0000,Tx-Rx,0,-90.9595,"-0.15000 1.10000 4.90000, 6.55000 0.10000 -5.35000"
2653,0.0000,Tx-Rx,0,-89.4033,"-0.15000 1.10000 4.90000, 6.25000 0.10000 -5.35000"
2654,0.0000,Tx-Rx,0,-93.3551,"-0.15000 1.10000 4.90000, 5.95000 0.10000 -5.35000"
2655,0.0000,Tx-Rx,0,-92.1835,"-0.15000 1.10000 4.90000, 5.65000 0.10000 -5.35000"
2656,0.0000,Tx-Rx,0,-91.1922,"-0.15000 1.10000 4.90000, 5.35000 0.10000 -5.35000"
2657,0.0000,Tx-Rx,0,-89.9864,"-0.15000 1.10000 4.90000, 5.05000 0.10000 -5.35000"
2658,0.0000,Tx-Rx,0,-88.7247,"-0.15000 1.10000 4.90000, 4.75000 0.10000 -5.35000"
2659,0.0000,Tx-Rx,0,-89.7087,"-0.15000 1.10000 4.90000, 4.45000 0.10000 -5.35000"
2660,0.0000,Tx-Rx,0,-88.6519,"-0.15000 1.10000 4.90000, 4.15000 0.10000 -5.35000"
2661,0.0000,Tx-Rx,0,-88.9274,"-0.15000 1.10000 4.90000, 3.85000 0.10000 -5.35000"
2662,0.0000,Tx-Rx,0,-90.0614,"-0.15000 1.10000 4.90000, 3.55000 0.10000 -5.35000"
2663,0.0000,Tx-Rx,0,-92.1954,"-0.15000 1.10000 4.90000, 3.25000 0.10000 -5.35000"
2664,0.0000,Tx-Rx,0,-89.0952,"-0.15000 1.10000 4.90000, 2.95000 0.10000 -5.35000"
2665,0.0000,Tx-Rx,0,-90.8635,"-0.15000 1.10000 4.90000, 2.65000 0.10000 -5.35000"
2666,0.0000,Tx-Rx,0,-90.8529,"-0.15000 1.10000 4.90000, 2.35000 0.10000 -5.35000"
2667,0.0000,Tx-Rx,0,-90.1596,"-0.15000 1.10000 4.90000, 2.05000 0.10000 -5.35000"
2668,0.0000,Tx-Rx,0,-88.7460,"-0.15000 1.10000 4.90000, 1.75000 0.10000 -5.35000"
2669,0.0000,Tx-Rx,0,-91.2488,"-0.15000 1.10000 4.90000, 1.45000 0.10000 -5.35000"
2670,0.0000,Tx-Rx,0,-90.2487,"-0.15000 1.10000 4.90000, 1.15000 0.10000 -5.35000"
2671,0.0000,Tx-Rx,0,-89.6894,"-0.15000 1.10000 4.90000, 0.85000 0.10000 -5.35000"
2672,0.0000,Tx-Rx,0,-90.5863,"-0.15000 1.10000 4.90000, 0.55000 0.10000 -5.35000"
2673,0.0000,Tx-Rx,0,-71.2172,"-0.15000 1.10000 4.90000, 0.25000 0.10000 -5.35000"
2674,0.0000,Tx-Rx,0,-68.2685,"-0.15000 1.10000 4.90000, -0.05000 0.10000 -5.35000"
2675,0.0000,Tx-Rx,0,-82.1513,"-0.15000 1.10000 4.90000, -0.35000 0.10000 -5.35000"
2676,0.0000,Tx-Rx,0,-81.0669,"-0.15000 1.10000 4.90000, -0.65000 0.10000 -5.35000"
2677,0.0000,Tx-Rx,0,-80.4764,"-0.15000 1.10000 4.90000, -0.95000 0.10000 -5.35000"
2678,0.0000,Tx-Rx,0,-81.5197,"-0.15000 1.10000 4.90000, -1.25000 0.10000 -5.35000"
2679,0.0000,Tx-Rx,0,-75.9725,"-0.15000 1.10000 4.90000, -1.55000 0.10000 -5.35000"
2680,0.0000,Tx-Rx,0,-77.0064,"-0.15000 1.10000 4.90000, -1.85000 0.10000 -5.35000"
2681,0.0000,Tx-Rx,0,-70.8256,"-0.15000 1.10000 4.90000, -2.15000 0.10000 -5.35000"
2682,0.0000,Tx-Rx,0,-59.6335,"-0.15000 1.10000 4.90000, -2.45000 0.10000 -5.35000"
2683,0.0000,Tx-Rx,0,-58.0108,"-0.15000 1.10000 4.90000, -2.75000 0.10000 -5.35000"
2684,0.0000,Tx-Rx,0,-57.7095,"-0.15000 1.10000 4.90000, -3.05000 0.10000 -5.35000"
2685,0.0000,Tx-Rx,0,-58.4748,"-0.15000 1.10000 4.90000, -3.35000 0.10000 -5.35000"
2686,0.0000,Tx-Rx,0,-71.9616,"-0.15000 1.10000 4.90000, -3.65000 0.10000 -5.35000"
2687,0.0000,Tx-Rx,0,-73.6884,"-0.15000 1.10000 4.90000, -3.95000 0.10000 -5.35000"
2688,0.0000,Tx-Rx,0,-80.4408,"-0.15000 1.10000 4.90000, -4.25000 0.10000 -5.35000"
2689,0.0000,Tx-Rx,0,-94.1894,"-0.15000 1.10000 4.90000, -4.55000 0.10000 -5.35000"
2690,0.0000,Tx-Rx,0,-90.3961,"-0.15000 1.10000 4.90000, -4.85000 0.10000 -5.35000"
2691,0.0000,Tx-Rx,0,-93.5822,"-0.15000 1.10000 4.90000, -5.15000 0.10000 -5.35000"
2692,0.0000,Tx-Rx,0,-96.4714,"-0.15000 1.10000 4.90000, -5.45000 0.10000 -5.35000"
2693,0.0000,Tx-Rx,0,-96.1229,"-0.15000 1.10000 4.90000, -5.75000 0.10000 -5.35000"
2694,0.0000,Tx-Rx,0,-96.6598,"-0.15000 1.10000 4.90000, -6.05000 0.10000 -5.35000"
2695,0.0000,Tx-Rx,0,-86.1363,"-0.15000 1.10000 4.90000, -6.35000 0.10000 -5.35000"
2696,0.0000,Tx-Rx,0,-88.0893,"-0.15000 1.10000 4.90000, -6.65000 0.10000 -5.35000"
2697,0.0000,Tx-Rx,0,-86.1378,"-0.15000 1.10000 4.90000, -6.95000 0.10000 -5.35000"
2698,0.0000,Tx-Rx,0,-87.5997,"-0.15000 1.10000 4.90000, -7.25000 0.10000 -5.35000"
2699,0.0000,Tx-Rx,0,-89.9913,"-0.15000 1.10000 4.90000, -7.55000 0.10000 -5.35000"
2700,0.0000,Tx-Rx,0,-120.0000,"-0.15000 1.10000 4.90000, -7.85000 0.10000 -5.35000"
2701,0.0000,Tx-Rx,0,-120.0000,"-0.15000 1.10000 4.90000, 9.85000 0.10000 -5.65000"
2702,0.0000,Tx-Rx,0,-120.0000,"-0.15000 1.10000 4.90000, 9.55000 0.10000 -5.65000"
2703,0.0000,Tx-Rx,0,-120.0000,"-0.15000 1.10000 4.90000, 9.25000 0.10000 -5.65000"
2704,0.0000,Tx-Rx,0,-120.0000,"-0.15000 1.10000 4.90000, 8.95000 0.10000 -5.65000"
2705,0.0000,Tx-Rx,0,-120.0000,"-0.15000 1.10000 4.90000, 8.65000 0.10000 -5.65000"
2706,0.0000,Tx-Rx,0,-120.0000,"-0.15000 1.10000 4.90000, 8.35000 0.10000 -5.65000"
2707,0.0000,Tx-Rx,0,-95.3011,"-0.15000 1.10000 4.90000, 8.05000 0.10000 -5.65000"
2708,0.0000,Tx-Rx,0,-92.7790,"-0.15000 1.10000 4.90000, 7.75000 0.10000 -5.65000"
2709,0.0000,Tx-Rx,0,-94.9983,"-0.15000 1.10000 4.90000, 7.45000 0.10000 -5.65000"
2710,0.0000,Tx-Rx,0,-96.1820,"-0.15000 1.10000 4.90000, 7.15000 0.10000 -5.65000"
2711,0.0000,Tx-Rx,0,-93.4079,"-0.15000 1.10000 4.90000, 6.85000 0.10000 -5.65000"
2712,0.0000,Tx-Rx,0,-88.9086,"-0.15000 1.10000 4.90000, 6.55000 0.10000 -5.65000"
2713,0.0000,Tx-Rx,0,-88.5634,"-0.15000 1.10000 4.90000, 6.25000 0.10000 -5.65000"
2714,0.0000,Tx-Rx,0,-90.7635,"-0.15000 1.10000 4.90000, 5.95000 0.10000 -5.65000"
2715,0.0000,Tx-Rx,0,-91.3748,"-0.15000 1.10000 4.90000, 5.65000 0.10000 -5.65000"
2716,0.0000,Tx-Rx,0,-90.8110,"-0.15000 1.10000 4.90000, 5.35000 0.10000 -5.65000"
2717,0.0000,Tx-Rx,0,-88.0758,"-0.15000 1.10000 4.90000, 5.05000 0.10000 -5.65000"
2718,0.0000,Tx-Rx,0,-90.4432,"-0.15000 1.10000 4.90000, 4.75000 0.10000 -5.65000"
2719,0.0000,Tx-Rx,0,-91.8389,"-0.15000 1.10000 4.90000, 4.45000 0.10000 -5.65000"
2720,0.0000,Tx-Rx,0,-89.1261,"-0.15000 1.10000 4.90000, 4.15000 0.10000 -5.65000"
2721,0.0000,Tx-Rx,0,-89.3665,"-0.15000 1.10000 4.90000, 3.85000 0.10000 -5.65000"
2722,0.0000,Tx-Rx,0,-88.4258,"-0.15000 1.10000 4.90000, 3.55000 0.10000 -5.65000"
2723,0.0000,Tx-Rx,0,-91.9080,"-0.15000 1.10000 4.90000, 3.25000 0.10000 -5.65000"
2724,0.0000,Tx-Rx,0,-90.6230,"-0.15000 1.10000 4.90000, 2.95000 0.10000 -5.65000"
2725,0.0000,Tx-Rx,0,-92.6886,"-0.15000 1.10000 4.90000, 2.65000 0.10000 -5.65000"
2726,0.0000,Tx-Rx,0,-93.6014,"-0.15000 1.10000 4.90000, 2.35000 0.10000 -5.65000"
2727,0.0000,Tx-Rx,0,-90.2061,"-0.15000 1.10000 4.90000, 2.05000 0.10000 -5.65000"
2728,0.0000,Tx-Rx,0,-95.6315,"-0.15000 1.10000 4.90000, 1.75000 0.10000 -5.65000"
2729,0.0000,Tx-Rx,0,-88.5700,"-0.15000 1.10000 4.90000, 1.45000 0.10000 -5.65000"
2730,0.0000,Tx-Rx,0,-90.1252,"-0.15000 1.10000 4.90000, 1.15000 0.10000 -5.65000"
2731,0.0000,Tx-Rx,0,-88.4244,"-0.15000 1.10000 4.90000, 0.85000 0.10000 -5.65000"
2732,0.0000,Tx-Rx,0,-90.3692,"-0.15000 1.10000 4.90000, 0.55000 0.10000 -5.65000"
2733,0.0000,Tx-Rx,0,-70.4911,"-0.15000 1.10000 4.90000, 0.25000 0.10000 -5.65000"
2734,0.0000,Tx-Rx,0,-68.7799,"-0.15000 1.10000 4.90000, -0.05000 0.10000 -5.65000"
2735,0.0000,Tx-Rx,0,-83.2388,"-0.15000 1.10000 4.90000, -0.35000 0.10000 -5.65000"
2736,0.0000,Tx-Rx,0,-83.3101,"-0.15000 1.10000 4.90000, -0.65000 0.10000 -5.65000"
2737,0.0000,Tx-Rx,0,-82.7450,"-0.15000 1.10000 4.90000, -0.95000 0.10000 -5.65000"
2738,0.0000,Tx-Rx,0,-78.5834,"-0.15000 1.10000 4.90000, -1.25000 0.10000 -5.65000"
2739,0.0000,Tx-Rx,0,-75.9906,"-0.15000 1.10000 4.90000, -1.55000 0.10000 -5.65000"
2740,0.0000,Tx-Rx,0,-80.9672,"-0.15000 1.10000 4.90000, -1.85000 0.10000 -5.65000"
2741,0.0000,Tx-Rx,0,-79.5542,"-0.15000 1.10000 4.90000, -2.15000 0.10000 -5.65000"
2742,0.0000,Tx-Rx,0,-60.2980,"-0.15000 1.10000 4.90000, -2.45000 0.10000 -5.65000"
2743,0.0000,Tx-Rx,0,-57.6768,"-0.15000 1.10000 4.90000, -2.75000 0.10000 -5.65000"
2744,0.0000,Tx-Rx,0,-57.7403,"-0.15000 1.10000 4.90000, -3.05000 0.10000 -5.65000"
2745,0.0000,Tx-Rx,0,-58.6680,"-0.15000 1.10000 4.90000, -3.35000 0.10000 -5.65000"
2746,0.0000,Tx-Rx,0,-67.2058,"-0.15000 1.10000 4.90000, -3.65000 0.10000 -5.65000"
2747,0.0000,Tx-Rx,0,-74.2750,"-0.15000 1.10000 4.90000, -3.95000 0.10000 -5.65000"
2748,0.0000,Tx-Rx,0,-83.6493,"-0.15000 1.10000 4.90000, -4.25000 0.10000 -5.65000"
2749,0.0000,Tx-Rx,0,-98.3827,"-0.15000 1.10000 4.90000, -4.55000 0.10000 -5.65000"
2750,0.0000,Tx-Rx,0,-106.3327,"-0.15000 1.10000 4.90000, -4.85000 0.10000 -5.65000"
2751,0.0000,Tx-Rx,0,-110.3663,"-0.15000 1.10000 4.90000, -5.15000 0.10000 -5.65000"
2752,0.0000,Tx-Rx,0,-93.4685,"-0.15000 1.10000 4.90000, -5.45000 0.10000 -5.65000"
2753,0.0000,Tx-Rx,0,-108.8838,"-0.15000 1.10000 4.90000, -5.75000 0.10000 -5.65000"
2754,0.0000,Tx-Rx,0,-102.1067,"-0.15000 1.10000 4.90000, -6.05000 0.10000 -5.65000"
2755,0.0000,Tx-Rx,0,-95.7898,"-0.15000 1.10000 4.90000, -6.35000 0.10000 -5.65000"
2756,0.0000,Tx-Rx,0,-85.9718,"-0.15000 1.10000 4.90000, -6.65000 0.10000 -5.65000"
2757,0.0000,Tx-Rx,0,-86.5750,"-0.15000 1.10000 4.90000, -6.95000 0.10000 -5.65000"
2758,0.0000,Tx-Rx,0,-87.7738,"-0.15000 1.10000 4.90000, -7.25000 0.10000 -5.65000"
2759,0.0000,Tx-Rx,0,-90.1320,"-0.15000 1.10000 4.90000, -7.55000 0.10000 -5.65000"
2760,0.0000,Tx-Rx,0,-104.0705,"-0.15000 1.10000 4.90000, -7.85000 0.10000 -5.65000"
2761,0.0000,Tx-Rx,0,-120.0000,"-0.15000 1.10000 4.90000, 9.85000 0.10000 -5.95000"
2762,0.0000,Tx-Rx,0,-120.0000,"-0.15000 1.10000 4.90000, 9.55000 0.10000 -5.95000"
2763,0.0000,Tx-Rx,0,-120.0000,"-0.15000 1.10000 4.90000, 9.25000 0.10000 -5.95000"
2764,0.0000,Tx-Rx,0,-120.0000,"-0.15000 1.10000 4.90000, 8.95000 0.10000 -5.95000"
2765,0.0000,Tx-Rx,0,-120.0000,"-0.15000 1.10000 4.90000, 8.65000 0.10000 -5.95000"
2766,0.0000,Tx-Rx,0,-120.0000,"-0.15000 1.10000 4.90000, 8.35000 0.10000 -5.95000"
2767,0.0000,Tx-Rx,0,-94.3597,"-0.15000 1.10000 4.90000, 8.05000 0.10000 -5.95000"
2768,0.0000,Tx-Rx,0,-91.3577,"-0.15000 1.10000 4.90000, 7.75000 0.10000 -5.95000"
2769,0.0000,Tx-Rx,0,-94.8175,"-0.15000 1.10000 4.90000, 7.45000 0.10000 -5.95000"
2770,0.0000,Tx-Rx,0,-97.0819,"-0.15000 1.10000 4.90000, 7.15000 0.10000 -5.95000"
2771,0.0000,Tx-Rx,0,-92.9535,"-0.15000 1.10000 4.90000, 6.85000 0.10000 -5.95000"
2772,0.0000,Tx-Rx,0,-87.8162,"-0.15000 1.10000 4.90000, 6.55000 0.10000 -5.95000"
2773,0.0000,Tx-Rx,0,-89.9301,"-0.15000 1.10000 4.90000, 6.25000 0.10000 -5.95000"
2774,0.0000,Tx-Rx,0,-90.2643,"-0.15000 1.10000 4.90000, 5.95000 0.10000 -5.95000"
2775,0.0000,Tx-Rx,0,-89.6153,"-0.15000 1.10000 4.90000, 5.65000 0.10000 -5.95000"
2776,0.0000,Tx-Rx,0,-88.8732,"-0.15000 1.10000 4.90000, 5.35000 0.10000 -5.95000"
2777,0.0000,Tx-Rx,0,-87.7660,"-0.15000 1.10000 4.90000, 5.05000 0.10000 -5.95000"
2778,0.0000,Tx-Rx,0,-91.6576,"-0.15000 1.10000 4.90000, 4.75000 0.10000 -5.95000"
2779,0.0000,Tx-Rx,0,-90.7339,"-0.15000 1.10000 4.90000, 4.45000 0.10000 -5.95000"
2780,0.0000,Tx-Rx,0,-89.9405,"-0.15000 1.10000 4.90000, 4.15000 0.10000 -5.95000"
2781,0.0000,Tx-Rx,0,-88.2929,"-0.15000 1.10000 4.90000, 3.85000 0.10000 -5.95000"
2782,0.0000,Tx-Rx,0,-89.4672,"-0.15000 1.10000 4.90000, 3.55000 0.10000 -5.95000"
2783,0.0000,Tx-Rx,0,-91.7338,"-0.15000 1.10000 4.90000, 3.25000 0.10000 -5.95000"
2784,0.0000,Tx-Rx,0,-92.9367,"-0.15000 1.10000 4.90000, 2.95000 0.10000 -5.95000"
2785,0.0000,Tx-Rx,0,-101.6103,"-0.15000 1.10000 4.90000, 2.65000 0.10000 -5.95000"
2786,0.0000,Tx-Rx,0,-92.8527,"-0.15000 1.10000 4.90000, 2.35000 0.10000 -5.95000"
2787,0.0000,Tx-Rx,0,-92.9507,"-0.15000 1.10000 4.90000, 2.05000 0.10000 -5.95000"
2788,0.0000,Tx-Rx,0,-92.4066,"-0.15000 1.10000 4.90000, 1.75000 0.10000 -5.95000"
2789,0.0000,Tx-Rx,0,-90.2732,"-0.15000 1.10000 4.90000, 1.45000 0.10000 -5.95000"
2790,0.0000,Tx-Rx,0,-92.7447,"-0.15000 1.10000 4.90000, 1.15000 0.10000 -5.95000"
2791,0.0000,Tx-Rx,0,-87.2320,"-0.15000 1.10000 4.90000, 0.85000 0.10000 -5.95000"
2792,0.0000,Tx-Rx,0,-87.9804,"-0.15000 1.10000 4.90000, 0.55000 0.10000 -5.95000"
2793,0.0000,Tx-Rx,0,-70.2673,"-0.15000 1.10000 4.90000, 0.25000 0.10000 -5.95000"
2794,0.0000,Tx-Rx,0,-69.1741,"-0.15000 1.10000 4.90000, -0.05000 0.10000 -5.95000"
2795,0.0000,Tx-Rx,0,-85.4974,"-0.15000 1.10000 4.90000, -0.35000 0.10000 -5.95000"
2796,0.0000,Tx-Rx,0,-82.9662,"-0.15000 1.10000 4.90000, -0.65000 0.10000 -5.95000"
2797,0.0000,Tx-Rx,0,-81.8824,"-0.15000 1.10000 4.90000, -0.95000 0.10000 -5.95000"
2798,0.0000,Tx-Rx,0,-76.1955,"-0.15000 1.10000 4.90000, -1.25000 0.10000 -5.95000"
2799,0.0000,Tx-Rx,0,-81.2227,"-0.15000 1.10000 4.90000, -1.55000 0.10000 -5.95000"
2800,0.0000,Tx-Rx,0,-81.2350,"-0.15000 1.10000 4.90000, -1.85000 0.10000 -5.95000"
2801,0.0000,Tx-Rx,0,-79.1291,"-0.15000 1.10000 4.90000, -2.15000 0.10000 -5.95000"
2802,0.0000,Tx-Rx,0,-61.2747,"-0.15000 1.10000 4.90000, -2.45000 0.10000 -5.95000"
2803,0.0000,Tx-Rx,0,-57.3534,"-0.15000 1.10000 4.90000, -2.75000 0.10000 -5.95000"
2804,0.0000,Tx-Rx,0,-57.8344,"-0.15000 1.10000 4.90000, -3.05000 0.10000 -5.95000"
2805,0.0000,Tx-Rx,0,-59.4704,"-0.15000 1.10000 4.90000, -3.35000 0.10000 -5.95000"
2806,0.0000,Tx-Rx,0,-63.4091,"-0.15000 1.10000 4.90000, -3.65000 0.10000 -5.95000"
2807,0.0000,Tx-Rx,0,-76.7621,"-0.15000 1.10000 4.90000, -3.95000 0.10000 -5.95000"
2808,0.0000,Tx-Rx,0,-86.3395,"-0.15000 1.10000 4.90000, -4.25000 0.10000 -5.95000"
2809,0.0000,Tx-Rx,0,-94.6063,"-0.15000 1.10000 4.90000, -4.55000 0.10000 -5.95000"
2810,0.0000,Tx-Rx,0,-96.6307,"-0.15000 1.10000 4.90000, -4.85000 0.10000 -5.95000"
2811,0.0000,Tx-Rx,0,-113.6571,"-0.15000 1.10000 4.90000, -5.15000 0.10000 -5.95000"
2812,0.0000,Tx-Rx,0,-111.4659,"-0.15000 1.10000 4.90000, -5.45000 0.10000 -5.95000"
2813,0.0000,Tx-Rx,0,-99.7316,"-0.15000 1.10000 4.90000, -5.75000 0.10000 -5.95000"
2814,0.0000,Tx-Rx,0,-116.4787,"-0.15000 1.10000 4.90000, -6.05000 0.10000 -5.95000"
2815,0.0000,Tx-Rx,0,-119.8201,"-0.15000 1.10000 4.90000, -6.35000 0.10000 -5.95000"
2816,0.0000,Tx-Rx,0,-93.7363,"-0.15000 1.10000 4.90000, -6.65000 0.10000 -5.95000"
2817,0.0000,Tx-Rx,0,-84.7644,"-0.15000 1.10000 4.90000, -6.95000 0.10000 -5.95000"
2818,0.0000,Tx-Rx,0,-86.7591,"-0.15000 1.10000 4.90000, -7.25000 0.10000 -5.95000"
2819,0.0000,Tx-Rx,0,-87.3890,"-0.15000 1.10000 4.90000, -7.55000 0.10000 -5.95000"
2820,0.0000,Tx-Rx,0,-98.7507,"-0.15000 1.10000 4.90000, -7.85000 0.10000 -5.95000"
2821,0.0000,Tx-Rx,0,-120.0000,"-0.15000 1.10000 4.90000, 9.85000 0.10000 -6.25000"
2822,0.0000,Tx-Rx,0,-120.0000,"-0.15000 1.10000 4.90000, 9.55000 0.10000 -6.25000"
2823,0.0000,Tx-Rx,0,-120.0000,"-0.15000 1.10000 4.90000, 9.25000 0.10000 -6.25000"
2824,0.0000,Tx-Rx,0,-120.0000,"-0.15000 1.10000 4.90000, 8.95000 0.10000 -6.25000"
2825,0.0000,Tx-Rx,0,-120.0000,"-0.15000 1.10000 4.90000, 8.65000 0.10000 -6.25000"
2826,0.0000,Tx-Rx,0,-120.0000,"-0.15000 1.10000 4.90000, 8.35000 0.10000 -6.25000"
2827,0.0000,Tx-Rx,0,-98.7294,"-0.15000 1.10000 4.90000, 8.05000 0.10000 -6.25000"
2828,0.0000,Tx-Rx,0,-92.7678,"-0.15000 1.10000 4.90000, 7.75000 0.10000 -6.25000"
2829,0.0000,Tx-Rx,0,-92.6622,"-0.15000 1.10000 4.90000, 7.45000 0.10000 -6.25000"
2830,0.0000,Tx-Rx,0,-91.7572,"-0.15000 1.10000 4.90000, 7.15000 0.10000 -6.25000"
2831,0.0000,Tx-Rx,0,-87.5256,"-0.15000 1.10000 4.90000, 6.85000 0.10000 -6.25000"
2832,0.0000,Tx-Rx,0,-86.6262,"-0.15000 1.10000 4.90000, 6.55000 0.10000 -6.25000"
2833,0.0000,Tx-Rx,0,-90.7911,"-0.15000 1.10000 4.90000, 6.25000 0.10000 -6.25000"
2834,0.0000,Tx-Rx,0,-90.5640,"-0.15000 1.10000 4.90000, 5.95000 0.10000 -6.25000"
2835,0.0000,Tx-Rx,0,-87.6097,"-0.15000 1.10000 4.90000, 5.65000 0.10000 -6.25000"
2836,0.0000,Tx-Rx,0,-91.2726,"-0.15000 1.10000 4.90000, 5.35000 0.10000 -6.25000"
2837,0.0000,Tx-Rx,0,-91.0603,"-0.15000 1.10000 4.90000, 5.05000 0.10000 -6.25000"
2838,0.0000,Tx-Rx,0,-93.8572,"-0.15000 1.10000 4.90000, 4.75000 0.10000 -6.25000"
2839,0.0000,Tx-Rx,0,-90.7509,"-0.15000 1.10000 4.90000, 4.45000 0.10000 -6.25000"
2840,0.0000,Tx-Rx,0,-90.5462,"-0.15000 1.10000 4.90000, 4.15000 0.10000 -6.25000"
2841,0.0000,Tx-Rx,0,-90.6910,"-0.15000 1.10000 4.90000, 3.85000 0.10000 -6.25000"
2842,0.0000,Tx-Rx,0,-88.6617,"-0.15000 1.10000 4.90000, 3.55000 0.10000 -6.25000"
2843,0.0000,Tx-Rx,0,-87.8226,"-0.15000 1.10000 4.90000, 3.25000 0.10000 -6.25000"
2844,0.0000,Tx-Rx,0,-90.9472,"-0.15000 1.10000 4.90000, 2.95000 0.10000 -6.25000"
2845,0.0000,Tx-Rx,0,-95.5302,"-0.15000 1.10000 4.90000, 2.65000 0.10000 -6.25000"
2846,0.0000,Tx-Rx,0,-91.5035,"-0.15000 1.10000 4.90000, 2.35000 0.10000 -6.25000"
2847,0.0000,Tx-Rx,0,-92.3573,"-0.15000 1.10000 4.90000, 2.05000 0.10000 -6.25000"
2848,0.0000,Tx-Rx,0,-95.7093,"-0.15000 1.10000 4.90000, 1.75000 0.10000 -6.25000"
2849,0.0000,Tx-Rx,0,-89.0065,"-0.15000 1.10000 4.90000, 1.45000 0.10000 -6.25000"
2850,0.0000,Tx-Rx,0,-97.1629,"-0.15000 1.10000 4.90000, 1.15000 0.10000 -6.25000"
2851,0.0000,Tx-Rx,0,-88.4378,"-0.15000 1.10000 4.90000, 0.85000 0.10000 -6.25000"
2852,0.0000,Tx-Rx,0,-89.4605,"-0.15000 1.10000 4.90000, 0.55000 0.10000 -6.25000"
2853,0.0000,Tx-Rx,0,-69.4054,"-0.15000 1.10000 4.90000, 0.25000 0.10000 -6.25000"
2854,0.0000,Tx-Rx,0,-69.8621,"-0.15000 1.10000 4.90000, -0.05000 0.10000 -6.25000"
2855,0.0000,Tx-Rx,0,-83.4474,"-0.15000 1.10000 4.90000, -0.35000 0.10000 -6.25000"
2856,0.0000,Tx-Rx,0,-80.7364,"-0.15000 1.10000 4.90000, -0.65000 0.10000 -6.25000"
2857,0.0000,Tx-Rx,0,-75.9308,"-0.15000 1.10000 4.90000, -0.95000 0.10000 -6.25000"
2858,0.0000,Tx-Rx,0,-82.9792,"-0.15000 1.10000 4.90000, -1.25000 0.10000 -6.25000"
2859,0.0000,Tx-Rx,0,-82.7556,"-0.15000 1.10000 4.90000, -1.55000 0.10000 -6.25000"
2860,0.0000,Tx-Rx,0,-84.5015,"-0.15000 1.10000 4.90000, -1.85000 0.10000 -6.25000"
2861,0.0000,Tx-Rx,0,-81.3672,"-0.15000 1.10000 4.90000, -2.15000 0.10000 -6.25000"
2862,0.0000,Tx-Rx,0,-65.4580,"-0.15000 1.10000 4.90000, -2.45000 0.10000 -6.25000"
2863,0.0000,Tx-Rx,0,-61.0062,"-0.15000 1.10000 4.90000, -2.75000 0.10000 -6.25000"
2864,0.0000,Tx-Rx,0,-61.4616,"-0.15000 1.10000 4.90000, -3.05000 0.10000 -6.25000"
2865,0.0000,Tx-Rx,0,-61.1884,"-0.15000 1.10000 4.90000, -3.35000 0.10000 -6.25000"
2866,0.0000,Tx-Rx,0,-61.7470,"-0.15000 1.10000 4.90000, -3.65000 0.10000 -6.25000"
2867,0.0000,Tx-Rx,0,-76.9091,"-0.15000 1.10000 4.90000, -3.95000 0.10000 -6.25000"
2868,0.0000,Tx-Rx,0,-86.9372,"-0.15000 1.10000 4.90000, -4.25000 0.10000 -6.25000"
2869,0.0000,Tx-Rx,0,-90.5426,"-0.15000 1.10000 4.90000, -4.55000 0.10000 -6.25000"
2870,0.0000,Tx-Rx,0,-110.0004,"-0.15000 1.10000 4.90000, -4.85000 0.10000 -6.25000"
2871,0.0000,Tx-Rx,0,-114.0605,"-0.15000 1.10000 4.90000, -5.15000 0.10000 -6.25000"
2872,0.0000,Tx-Rx,0,-113.8911,"-0.15000 1.10000 4.90000, -5.45000 0.10000 -6.25000"
2873,0.0000,Tx-Rx,0,-104.2864,"-0.15000 1.10000 4.90000, -5.75000 0.10000 -6.25000"
2874,0.0000,Tx-Rx,0,-118.1816,"-0.15000 1.10000 4.90000, -6.05000 0.10000 -6.25000"
2875,0.0000,Tx-Rx,0,-117.2731,"-0.15000 1.10000 4.90000, -6.35000 0.10000 -6.25000"
2876,0.0000,Tx-Rx,0,-102.3681,"-0.15000 1.10000 4.90000, -6.65000 0.10000 -6.25000"
2877,0.0000,Tx-Rx,0,-88.4774,"-0.15000 1.10000 4.90000, -6.95000 0.10000 -6.25000"
2878,0.0000,Tx-Rx,0,-86.5997,"-0.15000 1.10000 4.90000, -7.25000 0.10000 -6.25000"
2879,0.0000,Tx-Rx,0,-92.9565,"-0.15000 1.10000 4.90000, -7.55000 0.10000 -6.25000"
2880,0.0000,Tx-Rx,0,-96.7197,"-0.15000 1.10000 4.90000, -7.85000 0.10000 -6.25000"
2881,0.0000,Tx-Rx,0,-120.0000,"-0.15000 1.10000 4.90000, 9.85000 0.10000 -6.55000"
2882,0.0000,Tx-Rx,0,-120.0000,"-0.15000 1.10000 4.90000, 9.55000 0.10000 -6.55000"
2883,0.0000,Tx-Rx,0,-120.0000,"-0.15000 1.10000 4.90000, 9.25000 0.10000 -6.55000"
2884,0.0000,Tx-Rx,0,-120.0000,"-0.15000 1.10000 4.90000, 8.95000 0.10000 -6.55000"
2885,0.0000,Tx-Rx,0,-120.0000,"-0.15000 1.10000 4.90000, 8.65000 0.10000 -6.55000"
2886,0.0000,Tx-Rx,0,-120.0000,"-0.15000 1.10000 4.90000, 8.35000 0.10000 -6.55000"
2887,0.0000,Tx-Rx,0,-99.1221,"-0.15000 1.10000 4.90000, 8.05000 0.10000 -6.55000"
2888,0.0000,Tx-Rx,0,-94.2325,"-0.15000 1.10000 4.90000, 7.75000 0.10000 -6.55000"
2889,0.0000,Tx-Rx,0,-92.1242,"-0.15000 1.10000 4.90000, 7.45000 0.10000 -6.55000"
2890,0.0000,Tx-Rx,0,-89.1596,"-0.15000 1.10000 4.90000, 7.15000 0.10000 -6.55000"
2891,0.0000,Tx-Rx,0,-84.8414,"-0.15000 1.10000 4.90000, 6.85000 0.10000 -6.55000"
2892,0.0000,Tx-Rx,0,-90.5141,"-0.15000 1.10000 4.90000, 6.55000 0.10000 -6.55000"
2893,0.0000,Tx-Rx,0,-89.2234,"-0.15000 1.10000 4.90000, 6.25000 0.10000 -6.55000"
2894,0.0000,Tx-Rx,0,-89.7666,"-0.15000 1.10000 4.90000, 5.95000 0.10000 -6.55000"
2895,0.0000,Tx-Rx,0,-89.1427,"-0.15000 1.10000 4.90000, 5.65000 0.10000 -6.55000"
2896,0.0000,Tx-Rx,0,-88.5051,"-0.15000 1.10000 4.90000, 5.35000 0.10000 -6.55000"
2897,0.0000,Tx-Rx,0,-92.2004,"-0.15000 1.10000 4.90000, 5.05000 0.10000 -6.55000"
2898,0.0000,Tx-Rx,0,-92.0111,"-0.15000 1.10000 4.90000, 4.75000 0.10000 -6.55000"
2899,0.0000,Tx-Rx,0,-91.2767,"-0.15000 1.10000 4.90000, 4.45000 0.10000 -6.55000"
2900,0.0000,Tx-Rx,0,-92.7252,"-0.15000 1.10000 4.90000, 4.15000 0.10000 -6.55000"
2901,0.0000,Tx-Rx,0,-91.8367,"-0.15000 1.10000 4.90000, 3.85000 0.10000 -6.55000"
2902,0.0000,Tx-Rx,0,-92.7006,"-0.15000 1.10000 4.90000, 3.55000 0.10000 -6.55000"
2903,0.0000,Tx-Rx,0,-89.8644,"-0.15000 1.10000 4.90000, 3.25000 0.10000 -6.55000"
2904,0.0000,Tx-Rx,0,-89.5970,"-0.15000 1.10000 4.90000, 2.95000 0.10000 -6.55000"
2905,0.0000,Tx-Rx,0,-93.7662,"-0.15000 1.10000 4.90000, 2.65000 0.10000 -6.55000"
2906,0.0000,Tx-Rx,0,-93.9170,"-0.15000 1.10000 4.90000, 2.35000 0.10000 -6.55000"
2907,0.0000,Tx-Rx,0,-97.5642,"-0.15000 1.10000 4.90000, 2.05000 0.10000 -6.55000"
2908,0.0000,Tx-Rx,0,-96.2309,"-0.15000 1.10000 4.90000, 1.75000 0.10000 -6.55000"
2909,0.0000,Tx-Rx,0,-99.0627,"-0.15000 1.10000 4.90000, 1.45000 0.10000 -6.55000"
2910,0.0000,Tx-Rx,0,-91.7041,"-0.15000 1.10000 4.90000, 1.15000 0.10000 -6.55000"
2911,0.0000,Tx-Rx,0,-89.2427,"-0.15000 1.10000 4.90000, 0.85000 0.10000 -6.55000"
2912,0.0000,Tx-Rx,0,-88.5330,"-0.15000 1.10000 4.90000, 0.55000 0.10000 -6.55000"
2913,0.0000,Tx-Rx,0,-69.4294,"-0.15000 1.10000 4.90000, 0.25000 0.10000 -6.55000"
2914,0.0000,Tx-Rx,0,-69.9287,"-0.15000 1.10000 4.90000, -0.05000 0.10000 -6.55000"
2915,0.0000,Tx-Rx,0,-81.7069,"-0.15000 1.10000 4.90000, -0.35000 0.10000 -6.55000"
2916,0.0000,Tx-Rx,0,-76.8363,"-0.15000 1.10000 4.90000, -0.65000 0.10000 -6.55000"
2917,0.0000,Tx-Rx,0,-82.7669,"-0.15000 1.10000 4.90000, -0.95000 0.10000 -6.55000"
2918,0.0000,Tx-Rx,0,-84.0711,"-0.15000 1.10000 4.90000, -1.25000 0.10000 -6.55000"
2919,0.0000,Tx-Rx,0,-83.6230,"-0.15000 1.10000 4.90000, -1.55000 0.10000 -6.55000"
2920,0.0000,Tx-Rx,0,-83.5042,"-0.15000 1.10000 4.90000, -1.85000 0.10000 -6.55000"
2921,0.0000,Tx-Rx,0,-81.7366,"-0.15000 1.10000 4.90000, -2.15000 0.10000 -6.55000"
2922,0.0000,Tx-Rx,0,-81.6789,"-0.15000 1.10000 4.90000, -2.45000 0.10000 -6.55000"
2923,0.0000,Tx-Rx,0,-120.0000,"-0.15000 1.10000 4.90000, -2.75000 0.10000 -6.55000"
2924,0.0000,Tx-Rx,0,-120.0000,"-0.15000 1.10000 4.90000, -3.05000 0.10000 -6.55000"
2925,0.0000,Tx-Rx,0,-64.5132,"-0.15000 1.10000 4.90000, -3.35000 0.10000 -6.55000"
2926,0.0000,Tx-Rx,0,-68.5789,"-0.15000 1.10000 4.90000, -3.65000 0.10000 -6.55000"
2927,0.0000,Tx-Rx,0,-76.6137,"-0.15000 1.10000 4.90000, -3.95000 0.10000 -6.55000"
2928,0.0000,Tx-Rx,0,-91.4167,"-0.15000 1.10000 4.90000, -4.25000 0.10000 -6.55000"
2929,0.0000,Tx-Rx,0,-96.7495,"-0.15000 1.10000 4.90000, -4.55000 0.10000 -6.55000"
2930,0.0000,Tx-Rx,0,-120.0000,"-0.15000 1.10000 4.90000, -4.85000 0.10000 -6.55000"
2931,0.0000,Tx-Rx,0,-120.0000,"-0.15000 1.10000 4.90000, -5.15000 0.10000 -6.55000"
2932,0.0000,Tx-Rx,0,-120.0000,"-0.15000 1.10000 4.90000, -5.45000 0.10000 -6.55000"
2933,0.0000,Tx-Rx,0,-120.0000,"-0.15000 1.10000 4.90000, -5.75000 0.10000 -6.55000"
2934,0.0000,Tx-Rx,0,-120.0000,"-0.15000 1.10000 4.90000, -6.05000 0.10000 -6.55000"
2935,0.0000,Tx-Rx,0,-109.5603,"-0.15000 1.10000 4.90000, -6.35000 0.10000 -6.55000"
2936,0.0000,Tx-Rx,0,-120.0000,"-0.15000 1.10000 4.90000, -6.65000 0.10000 -6.55000"
2937,0.0000,Tx-Rx,0,-97.4631,"-0.15000 1.10000 4.90000, -6.95000 0.10000 -6.55000"
2938,0.0000,Tx-Rx,0,-92.8417,"-0.15000 1.10000 4.90000, -7.25000 0.10000 -6.55000"
2939,0.0000,Tx-Rx,0,-98.3593,"-0.15000 1.10000 4.90000, -7.55000 0.10000 -6.55000"
2940,0.0000,Tx-Rx,0,-95.2911,"-0.15000 1.10000 4.90000, -7.85000 0.10000 -6.55000"
2941,0.0000,Tx-Rx,0,-120.0000,"-0.15000 1.10000 4.90000, 9.85000 0.10000 -6.85000"
2942,0.0000,Tx-Rx,0,-120.0000,"-0.15000 1.10000 4.90000, 9.55000 0.10000 -6.85000"
2943,0.0000,Tx-Rx,0,-120.0000,"-0.15000 1.10000 4.90000, 9.25000 0.10000 -6.85000"
2944,0.0000,Tx-Rx,0,-120.0000,"-0.15000 1.10000 4.90000, 8.95000 0.10000 -6.85000"
2945,0.0000,Tx-Rx,0,-120.0000,"-0.15000 1.10000 4.90000, 8.65000 0.10000 -6.85000"
2946,0.0000,Tx-Rx,0,-120.0000,"-0.15000 1.10000 4.90000, 8.35000 0.10000 -6.85000"
2947,0.0000,Tx-Rx,0,-98.3604,"-0.15000 1.10000 4.90000, 8.05000 0.10000 -6.85000"
2948,0.0000,Tx-Rx,0,-93.3214,"-0.15000 1.10000 4.90000, 7.75000 0.10000 -6.85000"
2949,0.0000,Tx-Rx,0,-91.0470,"-0.15000 1.10000 4.90000, 7.45000 0.10000 -6.85000"
2950,0.0000,Tx-Rx,0,-87.4465,"-0.15000 1.10000 4.90000, 7.15000 0.10000 -6.85000"
2951,0.0000,Tx-Rx,0,-90.9224,"-0.15000 1.10000 4.90000, 6.85000 0.10000 -6.85000"
2952,0.0000,Tx-Rx,0,-92.1269,"-0.15000 1.10000 4.90000, 6.55000 0.10000 -6.85000"
2953,0.0000,Tx-Rx,0,-92.0846,"-0.15000 1.10000 4.90000, 6.25000 0.10000 -6.85000"
2954,0.0000,Tx-Rx,0,-90.0707,"-0.15000 1.10000 4.90000, 5.95000 0.10000 -6.85000"
2955,0.0000,Tx-Rx,0,-91.4691,"-0.15000 1.10000 4.90000, 5.65000 0.10000 -6.85000"
2956,0.0000,Tx-Rx,0,-91.8226,"-0.15000 1.10000 4.90000, 5.35000 0.10000 -6.85000"
2957,0.0000,Tx-Rx,0,-92.7963,"-0.15000 1.10000 4.90000, 5.05000 0.10000 -6.85000"
2958,0.0000,Tx-Rx,0,-91.8754,"-0.15000 1.10000 4.90000, 4.75000 0.10000 -6.85000"
2959,0.0000,Tx-Rx,0,-93.0335,"-0.15000 1.10000 4.90000, 4.45000 0.10000 -6.85000"
2960,0.0000,Tx-Rx,0,-93.8863,"-0.15000 1.10000 4.90000, 4.15000 0.10000 -6.85000"
2961,0.0000,Tx-Rx,0,-95.3490,"-0.15000 1.10000 4.90000, 3.85000 0.10000 -6.85000"
2962,0.0000,Tx-Rx,0,-90.7197,"-0.15000 1.10000 4.90000, 3.55000 0.10000 -6.85000"
2963,0.0000,Tx-Rx,0,-92.9100,"-0.15000 1.10000 4.90000, 3.25000 0.10000 -6.85000"
2964,0.0000,Tx-Rx,0,-90.2456,"-0.15000 1.10000 4.90000, 2.95000 0.10000 -6.85000"
2965,0.0000,Tx-Rx,0,-90.6907,"-0.15000 1.10000 4.90000, 2.65000 0.10000 -6.85000"
2966,0.0000,Tx-Rx,0,-90.4902,"-0.15000 1.10000 4.90000, 2.35000 0.10000 -6.85000"
2967,0.0000,Tx-Rx,0,-93.4993,"-0.15000 1.10000 4.90000, 2.05000 0.10000 -6.85000"
2968,0.0000,Tx-Rx,0,-93.0672,"-0.15000 1.10000 4.90000, 1.75000 0.10000 -6.85000"
2969,0.0000,Tx-Rx,0,-95.0422,"-0.15000 1.10000 4.90000, 1.45000 0.10000 -6.85000"
2970,0.0000,Tx-Rx,0,-88.8181,"-0.15000 1.10000 4.90000, 1.15000 0.10000 -6.85000"
2971,0.0000,Tx-Rx,0,-87.6516,"-0.15000 1.10000 4.90000, 0.85000 0.10000 -6.85000"
2972,0.0000,Tx-Rx,0,-87.7088,"-0.15000 1.10000 4.90000, 0.55000 0.10000 -6.85000"
2973,0.0000,Tx-Rx,0,-69.0393,"-0.15000 1.10000 4.90000, 0.25000 0.10000 -6.85000"
2974,0.0000,Tx-Rx,0,-70.3173,"-0.15000 1.10000 4.90000, -0.05000 0.10000 -6.85000"
2975,0.0000,Tx-Rx,0,-76.4783,"-0.15000 1.10000 4.90000, -0.35000 0.10000 -6.85000"
2976,0.0000,Tx-Rx,0,-80.2004,"-0.15000 1.10000 4.90000, -0.65000 0.10000 -6.85000"
2977,0.0000,Tx-Rx,0,-83.5452,"-0.15000 1.10000 4.90000, -0.95000 0.10000 -6.85000"
2978,0.0000,Tx-Rx,0,-83.1845,"-0.15000 1.10000 4.90000, -1.25000 0.10000 -6.85000"
2979,0.0000,Tx-Rx,0,-81.2066,"-0.15000 1.10000 4.90000, -1.55000 0.10000 -6.85000"
2980,0.0000,Tx-Rx,0,-81.2814,"-0.15000 1.10000 4.90000, -1.85000 0.10000 -6.85000"
2981,0.0000,Tx-Rx,0,-84.3310,"-0.15000 1.10000 4.90000, -2.15000 0.10000 -6.85000"
2982,0.0000,Tx-Rx,0,-82.9140,"-0.15000 1.10000 4.90000, -2.45000 0.10000 -6.85000"
2983,0.0000,Tx-Rx,0,-120.0000,"-0.15000 1.10000 4.90000, -2.75000 0.10000 -6.85000"
2984,0.0000,Tx-Rx,0,-120.0000,"-0.15000 1.10000 4.90000, -3.05000 0.10000 -6.85000"
2985,0.0000,Tx-Rx,0,-66.7235,"-0.15000 1.10000 4.90000, -3.35000 0.10000 -6.85000"
2986,0.0000,Tx-Rx,0,-70.3312,"-0.15000 1.10000 4.90000, -3.65000 0.10000 -6.85000"
2987,0.0000,Tx-Rx,0,-72.9423,"-0.15000 1.10000 4.90000, -3.95000 0.10000 -6.85000"
2988,0.0000,Tx-Rx,0,-97.4804,"-0.15000 1.10000 4.90000, -4.25000 0.10000 -6.85000"
2989,0.0000,Tx-Rx,0,-99.6672,"-0.15000 1.10000 4.90000, -4.55000 0.10000 -6.85000"
2990,0.0000,Tx-Rx,0,-106.8518,"-0.15000 1.10000 4.90000, -4.85000 0.10000 -6.85000"
2991,0.0000,Tx-Rx,0,-115.3332,"-0.15000 1.10000 4.90000, -5.15000 0.10000 -6.85000"
2992,0.0000,Tx-Rx,0,-120.0000,"-0.15000 1.10000 4.90000, -5.45000 0.10000 -6.85000"
2993,0.0000,Tx-Rx,0,-120.0000,"-0.15000 1.10000 4.90000, -5.75000 0.10000 -6.85000"
2994,0.0000,Tx-Rx,0,-120.0000,"-0.15000 1.10000 4.90000, -6.05000 0.10000 -6.85000"
2995,0.0000,Tx-Rx,0,-120.0000,"-0.15000 1.10000 4.90000, -6.35000 0.10000 -6.85000"
2996,0.0000,Tx-Rx,0,-104.8369,"-0.15000 1.10000 4.90000, -6.65000 0.10000 -6.85000"
2997,0.0000,Tx-Rx,0,-101.5225,"-0.15000 1.10000 4.90000, -6.95000 0.10000 -6.85000"
2998,0.0000,Tx-Rx,0,-103.0413,"-0.15000 1.10000 4.90000, -7.25000 0.10000 -6.85000"
2999,0.0000,Tx-Rx,0,-97.9968,"-0.15000 1.10000 4.90000, -7.55000 0.10000 -6.85000"
3000,0.0000,Tx-Rx,0,-96.3703,"-0.15000 1.10000 4.90000, -7.85000 0.10000 -6.85000"
