Rx_Number,Path_Power_dBm,Interaction_Description,Total_Interactions_for_Path,RSS_dBm,Interaction_Coordinates
1,0.0000,Tx-Rx,0,-120.0000,"-7.30900 0.90000 -2.93800, 9.85000 0.10000 7.85000"
2,0.0000,Tx-Rx,0,-102.0284,"-7.30900 0.90000 -2.93800, 9.55000 0.10000 7.85000"
3,0.0000,Tx-Rx,0,-120.0000,"-7.30900 0.90000 -2.93800, 9.25000 0.10000 7.85000"
4,0.0000,Tx-Rx,0,-120.0000,"-7.30900 0.90000 -2.93800, 8.95000 0.10000 7.85000"
5,0.0000,Tx-Rx,0,-120.0000,"-7.30900 0.90000 -2.93800, 8.65000 0.10000 7.85000"
6,0.0000,Tx-Rx,0,-120.0000,"-7.30900 0.90000 -2.93800, 8.35000 0.10000 7.85000"
7,0.0000,Tx-Rx,0,-111.7819,"-7.30900 0.90000 -2.93800, 8.05000 0.10000 7.85000"
8,0.0000,Tx-Rx,0,-96.7635,"-7.30900 0.90000 -2.93800, 7.75000 0.10000 7.85000"
9,0.0000,Tx-Rx,0,-110.2262,"-7.30900 0.90000 -2.93800, 7.45000 0.10000 7.85000"
10,0.0000,Tx-Rx,0,-96.8872,"-7.30900 0.90000 -2.93800, 7.15000 0.10000 7.85000"
11,0.0000,Tx-Rx,0,-91.4183,"-7.30900 0.90000 -2.93800, 6.85000 0.10000 7.85000"
12,0.0000,Tx-Rx,0,-86.6644,"-7.30900 0.90000 -2.93800, 6.55000 0.10000 7.85000"
13,0.0000,Tx-Rx,0,-83.4954,"-7.30900 0.90000 -2.93800, 6.25000 0.10000 7.85000"
14,0.0000,Tx-Rx,0,-75.3787,"-7.30900 0.90000 -2.93800, 5.95000 0.10000 7.85000"
15,0.0000,Tx-Rx,0,-72.8441,"-7.30900 0.90000 -2.93800, 5.65000 0.10000 7.85000"
16,0.0000,Tx-Rx,0,-73.7179,"-7.30900 0.90000 -2.93800, 5.35000 0.10000 7.85000"
17,0.0000,Tx-Rx,0,-75.4684,"-7.30900 0.90000 -2.93800, 5.05000 0.10000 7.85000"
18,0.0000,Tx-Rx,0,-74.5992,"-7.30900 0.90000 -2.93800, 4.75000 0.10000 7.85000"
19,0.0000,Tx-Rx,0,-74.9552,"-7.30900 0.90000 -2.93800, 4.45000 0.10000 7.85000"
20,0.0000,Tx-Rx,0,-78.0964,"-7.30900 0.90000 -2.93800, 4.15000 0.10000 7.85000"
21,0.0000,Tx-Rx,0,-80.3804,"-7.30900 0.90000 -2.93800, 3.85000 0.10000 7.85000"
22,0.0000,Tx-Rx,0,-83.1935,"-7.30900 0.90000 -2.93800, 3.55000 0.10000 7.85000"
23,0.0000,Tx-Rx,0,-86.2387,"-7.30900 0.90000 -2.93800, 3.25000 0.10000 7.85000"
24,0.0000,Tx-Rx,0,-80.8984,"-7.30900 0.90000 -2.93800, 2.95000 0.10000 7.85000"
25,0.0000,Tx-Rx,0,-77.9732,"-7.30900 0.90000 -2.93800, 2.65000 0.10000 7.85000"
26,0.0000,Tx-Rx,0,-80.2665,"-7.30900 0.90000 -2.93800, 2.35000 0.10000 7.85000"
27,0.0000,Tx-Rx,0,-82.9689,"-7.30900 0.90000 -2.93800, 2.05000 0.10000 7.85000"
28,0.0000,Tx-Rx,0,-76.7375,"-7.30900 0.90000 -2.93800, 1.75000 0.10000 7.85000"
29,0.0000,Tx-Rx,0,-75.7468,"-7.30900 0.90000 -2.93800, 1.45000 0.10000 7.85000"
30,0.0000,Tx-Rx,0,-77.0379,"-7.30900 0.90000 -2.93800, 1.15000 0.10000 7.85000"
31,0.0000,Tx-Rx,0,-78.4103,"-7.30900 0.90000 -2.93800, 0.85000 0.10000 7.85000"
32,0.0000,Tx-Rx,0,-79.1223,"-7.30900 0.90000 -2.93800, 0.55000 0.10000 7.85000"
33,0.0000,Tx-Rx,0,-78.9541,"-7.30900 0.90000 -2.93800, 0.25000 0.10000 7.85000"
34,0.0000,Tx-Rx,0,-66.0062,"-7.30900 0.90000 -2.93800, -0.05000 0.10000 7.85000"
35,0.0000,Tx-Rx,0,-64.2655,"-7.30900 0.90000 -2.93800, -0.35000 0.10000 7.85000"
36,0.0000,Tx-Rx,0,-64.2271,"-7.30900 0.90000 -2.93800, -0.65000 0.10000 7.85000"
37,0.0000,Tx-Rx,0,-65.3111,"-7.30900 0.90000 -2.93800, -0.95000 0.10000 7.85000"
38,0.0000,Tx-Rx,0,-66.1525,"-7.30900 0.90000 -2.93800, -1.25000 0.10000 7.85000"
39,0.0000,Tx-Rx,0,-66.5562,"-7.30900 0.90000 -2.93800, -1.55000 0.10000 7.85000"
40,0.0000,Tx-Rx,0,-67.3489,"-7.30900 0.90000 -2.93800, -1.85000 0.10000 7.85000"
41,0.0000,Tx-Rx,0,-71.9361,"-7.30900 0.90000 -2.93800, -2.15000 0.10000 7.85000"
42,0.0000,Tx-Rx,0,-77.1020,"-7.30900 0.90000 -2.93800, -2.45000 0.10000 7.85000"
43,0.0000,Tx-Rx,0,-81.0940,"-7.30900 0.90000 -2.93800, -2.75000 0.10000 7.85000"
44,0.0000,Tx-Rx,0,-106.8678,"-7.30900 0.90000 -2.93800, -3.05000 0.10000 7.85000"
45,0.0000,Tx-Rx,0,-114.4676,"-7.30900 0.90000 -2.93800, -3.35000 0.10000 7.85000"
46,0.0000,Tx-Rx,0,-76.3822,"-7.30900 0.90000 -2.93800, -3.65000 0.10000 7.85000"
47,0.0000,Tx-Rx,0,-75.7649,"-7.30900 0.90000 -2.93800, -3.95000 0.10000 7.85000"
48,0.0000,Tx-Rx,0,-72.2334,"-7.30900 0.90000 -2.93800, -4.25000 0.10000 7.85000"
49,0.0000,Tx-Rx,0,-72.0486,"-7.30900 0.90000 -2.93800, -4.55000 0.10000 7.85000"
50,0.0000,Tx-Rx,0,-73.3112,"-7.30900 0.90000 -2.93800, -4.85000 0.10000 7.85000"
51,0.0000,Tx-Rx,0,-71.9107,"-7.30900 0.90000 -2.93800, -5.15000 0.10000 7.85000"
52,0.0000,Tx-Rx,0,-67.6899,"-7.30900 0.90000 -2.93800, -5.45000 0.10000 7.85000"
53,0.0000,Tx-Rx,0,-56.8474,"-7.30900 0.90000 -2.93800, -5.75000 0.10000 7.85000"
54,0.0000,Tx-Rx,0,-57.9098,"-7.30900 0.90000 -2.93800, -6.05000 0.10000 7.85000"
55,0.0000,Tx-Rx,0,-57.4528,"-7.30900 0.90000 -2.93800, -6.35000 0.10000 7.85000"
56,0.0000,Tx-Rx,0,-56.3692,"-7.30900 0.90000 -2.93800, -6.65000 0.10000 7.85000"
57,0.0000,Tx-Rx,0,-52.7361,"-7.30900 0.90000 -2.93800, -6.95000 0.10000 7.85000"
58,0.0000,Tx-Rx,0,-52.5036,"-7.30900 0.90000 -2.93800, -7.25000 0.10000 7.85000"
59,0.0000,Tx-Rx,0,-52.8648,"-7.30900 0.90000 -2.93800, -7.55000 0.10000 7.85000"
60,0.0000,Tx-Rx,0,-53.2544,"-7.30900 0.90000 -2.93800, -7.85000 0.10000 7.85000"
61,0.0000,Tx-Rx,0,-97.2107,"-7.30900 0.90000 -2.93800, 9.85000 0.10000 7.55000"
62,0.0000,Tx-Rx,0,-120.0000,"-7.30900 0.90000 -2.93800, 9.55000 0.10000 7.55000"
63,0.0000,Tx-Rx,0,-120.0000,"-7.30900 0.90000 -2.93800, 9.25000 0.10000 7.55000"
64,0.0000,Tx-Rx,0,-96.5932,"-7.30900 0.90000 -2.93800, 8.95000 0.10000 7.55000"
65,0.0000,Tx-Rx,0,-120.0000,"-7.30900 0.90000 -2.93800, 8.65000 0.10000 7.55000"
66,0.0000,Tx-Rx,0,-116.4870,"-7.30900 0.90000 -2.93800, 8.35000 0.10000 7.55000"
67,0.0000,Tx-Rx,0,-92.1640,"-7.30900 0.90000 -2.93800, 8.05000 0.10000 7.55000"
68,0.0000,Tx-Rx,0,-120.0000,"-7.30900 0.90000 -2.93800, 7.75000 0.10000 7.55000"
69,0.0000,Tx-Rx,0,-106.2232,"-7.30900 0.90000 -2.93800, 7.45000 0.10000 7.55000"
70,0.0000,Tx-Rx,0,-96.0505,"-7.30900 0.90000 -2.93800, 7.15000 0.10000 7.55000"
71,0.0000,Tx-Rx,0,-87.5018,"-7.30900 0.90000 -2.93800, 6.85000 0.10000 7.55000"
72,0.0000,Tx-Rx,0,-86.3235,"-7.30900 0.90000 -2.93800, 6.55000 0.10000 7.55000"
73,0.0000,Tx-Rx,0,-79.6649,"-7.30900 0.90000 -2.93800, 6.25000 0.10000 7.55000"
74,0.0000,Tx-Rx,0,-76.0552,"-7.30900 0.90000 -2.93800, 5.95000 0.10000 7.55000"
75,0.0000,Tx-Rx,0,-73.8303,"-7.30900 0.90000 -2.93800, 5.65000 0.10000 7.55000"
76,0.0000,Tx-Rx,0,-73.6710,"-7.30900 0.90000 -2.93800, 5.35000 0.10000 7.55000"
77,0.0000,Tx-Rx,0,-74.3481,"-7.30900 0.90000 -2.93800, 5.05000 0.10000 7.55000"
78,0.0000,Tx-Rx,0,-75.0831,"-7.30900 0.90000 -2.93800, 4.75000 0.10000 7.55000"
79,0.0000,Tx-Rx,0,-75.1438,"-7.30900 0.90000 -2.93800, 4.45000 0.10000 7.55000"
80,0.0000,Tx-Rx,0,-76.0943,"-7.30900 0.90000 -2.93800, 4.15000 0.10000 7.55000"
81,0.0000,Tx-Rx,0,-79.4251,"-7.30900 0.90000 -2.93800, 3.85000 0.10000 7.55000"
82,0.0000,Tx-Rx,0,-81.2044,"-7.30900 0.90000 -2.93800, 3.55000 0.10000 7.55000"
83,0.0000,Tx-Rx,0,-80.5150,"-7.30900 0.90000 -2.93800, 3.25000 0.10000 7.55000"
84,0.0000,Tx-Rx,0,-79.1043,"-7.30900 0.90000 -2.93800, 2.95000 0.10000 7.55000"
85,0.0000,Tx-Rx,0,-80.8301,"-7.30900 0.90000 -2.93800, 2.65000 0.10000 7.55000"
86,0.0000,Tx-Rx,0,-76.7107,"-7.30900 0.90000 -2.93800, 2.35000 0.10000 7.55000"
87,0.0000,Tx-Rx,0,-74.2811,"-7.30900 0.90000 -2.93800, 2.05000 0.10000 7.55000"
88,0.0000,Tx-Rx,0,-77.7991,"-7.30900 0.90000 -2.93800, 1.75000 0.10000 7.55000"
89,0.0000,Tx-Rx,0,-79.4606,"-7.30900 0.90000 -2.93800, 1.45000 0.10000 7.55000"
90,0.0000,Tx-Rx,0,-80.5144,"-7.30900 0.90000 -2.93800, 1.15000 0.10000 7.55000"
91,0.0000,Tx-Rx,0,-78.6399,"-7.30900 0.90000 -2.93800, 0.85000 0.10000 7.55000"
92,0.0000,Tx-Rx,0,-77.7027,"-7.30900 0.90000 -2.93800, 0.55000 0.10000 7.55000"
93,0.0000,Tx-Rx,0,-78.0498,"-7.30900 0.90000 -2.93800, 0.25000 0.10000 7.55000"
94,0.0000,Tx-Rx,0,-65.8613,"-7.30900 0.90000 -2.93800, -0.05000 0.10000 7.55000"
95,0.0000,Tx-Rx,0,-64.1400,"-7.30900 0.90000 -2.93800, -0.35000 0.10000 7.55000"
96,0.0000,Tx-Rx,0,-64.2674,"-7.30900 0.90000 -2.93800, -0.65000 0.10000 7.55000"
97,0.0000,Tx-Rx,0,-64.7632,"-7.30900 0.90000 -2.93800, -0.95000 0.10000 7.55000"
98,0.0000,Tx-Rx,0,-65.7552,"-7.30900 0.90000 -2.93800, -1.25000 0.10000 7.55000"
99,0.0000,Tx-Rx,0,-66.7492,"-7.30900 0.90000 -2.93800, -1.55000 0.10000 7.55000"
100,0.0000,Tx-Rx,0,-67.7980,"-7.30900 0.90000 -2.93800, -1.85000 0.10000 7.55000"
101,0.0000,Tx-Rx,0,-68.4391,"-7.30900 0.90000 -2.93800, -2.15000 0.10000 7.55000"
102,0.0000,Tx-Rx,0,-70.5251,"-7.30900 0.90000 -2.93800, -2.45000 0.10000 7.55000"
103,0.0000,Tx-Rx,0,-76.0774,"-7.30900 0.90000 -2.93800, -2.75000 0.10000 7.55000"
104,0.0000,Tx-Rx,0,-76.1872,"-7.30900 0.90000 -2.93800, -3.05000 0.10000 7.55000"
105,0.0000,Tx-Rx,0,-80.8855,"-7.30900 0.90000 -2.93800, -3.35000 0.10000 7.55000"
106,0.0000,Tx-Rx,0,-70.6108,"-7.30900 0.90000 -2.93800, -3.65000 0.10000 7.55000"
107,0.0000,Tx-Rx,0,-74.1939,"-7.30900 0.90000 -2.93800, -3.95000 0.10000 7.55000"
108,0.0000,Tx-Rx,0,-66.7967,"-7.30900 0.90000 -2.93800, -4.25000 0.10000 7.55000"
109,0.0000,Tx-Rx,0,-66.2392,"-7.30900 0.90000 -2.93800, -4.55000 0.10000 7.55000"
110,0.0000,Tx-Rx,0,-75.7148,"-7.30900 0.90000 -2.93800, -4.85000 0.10000 7.55000"
111,0.0000,Tx-Rx,0,-74.9097,"-7.30900 0.90000 -2.93800, -5.15000 0.10000 7.55000"
112,0.0000,Tx-Rx,0,-66.9447,"-7.30900 0.90000 -2.93800, -5.45000 0.10000 7.55000"
113,0.0000,Tx-Rx,0,-56.9869,"-7.30900 0.90000 -2.93800, -5.75000 0.10000 7.55000"
114,0.0000,Tx-Rx,0,-57.6334,"-7.30900 0.90000 -2.93800, -6.05000 0.10000 7.55000"
115,0.0000,Tx-Rx,0,-57.0567,"-7.30900 0.90000 -2.93800, -6.35000 0.10000 7.55000"
116,0.0000,Tx-Rx,0,-55.9838,"-7.30900 0.90000 -2.93800, -6.65000 0.10000 7.55000"
117,0.0000,Tx-Rx,0,-52.4879,"-7.30900 0.90000 -2.93800, -6.95000 0.10000 7.55000"
118,0.0000,Tx-Rx,0,-52.2061,"-7.30900 0.90000 -2.93800, -7.25000 0.10000 7.55000"
119,0.0000,Tx-Rx,0,-52.6802,"-7.30900 0.90000 -2.93800, -7.55000 0.10000 7.55000"
120,0.0000,Tx-Rx,0,-52.9082,"-7.30900 0.90000 -2.93800, -7.85000 0.10000 7.55000"
121,0.0000,Tx-Rx,0,-120.0000,"-7.30900 0.90000 -2.93800, 9.85000 0.10000 7.25000"
122,0.0000,Tx-Rx,0,-120.0000,"-7.30900 0.90000 -2.93800, 9.55000 0.10000 7.25000"
123,0.0000,Tx-Rx,0,-120.0000,"-7.30900 0.90000 -2.93800, 9.25000 0.10000 7.25000"
124,0.0000,Tx-Rx,0,-97.3470,"-7.30900 0.90000 -2.93800, 8.95000 0.10000 7.25000"
125,0.0000,Tx-Rx,0,-97.4314,"-7.30900 0.90000 -2.93800, 8.65000 0.10000 7.25000"
126,0.0000,Tx-Rx,0,-96.2094,"-7.30900 0.90000 -2.93800, 8.35000 0.10000 7.25000"
127,0.0000,Tx-Rx,0,-90.2854,"-7.30900 0.90000 -2.93800, 8.05000 0.10000 7.25000"
128,0.0000,Tx-Rx,0,-79.5096,"-7.30900 0.90000 -2.93800, 7.75000 0.10000 7.25000"
129,0.0000,Tx-Rx,0,-80.9785,"-7.30900 0.90000 -2.93800, 7.45000 0.10000 7.25000"
130,0.0000,Tx-Rx,0,-81.3418,"-7.30900 0.90000 -2.93800, 7.15000 0.10000 7.25000"
131,0.0000,Tx-Rx,0,-83.7211,"-7.30900 0.90000 -2.93800, 6.85000 0.10000 7.25000"
132,0.0000,Tx-Rx,0,-78.5617,"-7.30900 0.90000 -2.93800, 6.55000 0.10000 7.25000"
133,0.0000,Tx-Rx,0,-80.8135,"-7.30900 0.90000 -2.93800, 6.25000 0.10000 7.25000"
134,0.0000,Tx-Rx,0,-75.3666,"-7.30900 0.90000 -2.93800, 5.95000 0.10000 7.25000"
135,0.0000,Tx-Rx,0,-73.9327,"-7.30900 0.90000 -2.93800, 5.65000 0.10000 7.25000"
136,0.0000,Tx-Rx,0,-73.7074,"-7.30900 0.90000 -2.93800, 5.35000 0.10000 7.25000"
137,0.0000,Tx-Rx,0,-73.8047,"-7.30900 0.90000 -2.93800, 5.05000 0.10000 7.25000"
138,0.0000,Tx-Rx,0,-75.1594,"-7.30900 0.90000 -2.93800, 4.75000 0.10000 7.25000"
139,0.0000,Tx-Rx,0,-75.7465,"-7.30900 0.90000 -2.93800, 4.45000 0.10000 7.25000"
140,0.0000,Tx-Rx,0,-74.9092,"-7.30900 0.90000 -2.93800, 4.15000 0.10000 7.25000"
141,0.0000,Tx-Rx,0,-77.9720,"-7.30900 0.90000 -2.93800, 3.85000 0.10000 7.25000"
142,0.0000,Tx-Rx,0,-80.2051,"-7.30900 0.90000 -2.93800, 3.55000 0.10000 7.25000"
143,0.0000,Tx-Rx,0,-78.6779,"-7.30900 0.90000 -2.93800, 3.25000 0.10000 7.25000"
144,0.0000,Tx-Rx,0,-77.8178,"-7.30900 0.90000 -2.93800, 2.95000 0.10000 7.25000"
145,0.0000,Tx-Rx,0,-75.4699,"-7.30900 0.90000 -2.93800, 2.65000 0.10000 7.25000"
146,0.0000,Tx-Rx,0,-78.0191,"-7.30900 0.90000 -2.93800, 2.35000 0.10000 7.25000"
147,0.0000,Tx-Rx,0,-77.2516,"-7.30900 0.90000 -2.93800, 2.05000 0.10000 7.25000"
148,0.0000,Tx-Rx,0,-80.0386,"-7.30900 0.90000 -2.93800, 1.75000 0.10000 7.25000"
149,0.0000,Tx-Rx,0,-80.1466,"-7.30900 0.90000 -2.93800, 1.45000 0.10000 7.25000"
150,0.0000,Tx-Rx,0,-80.5124,"-7.30900 0.90000 -2.93800, 1.15000 0.10000 7.25000"
151,0.0000,Tx-Rx,0,-81.3307,"-7.30900 0.90000 -2.93800, 0.85000 0.10000 7.25000"
152,0.0000,Tx-Rx,0,-78.5785,"-7.30900 0.90000 -2.93800, 0.55000 0.10000 7.25000"
153,0.0000,Tx-Rx,0,-74.2456,"-7.30900 0.90000 -2.93800, 0.25000 0.10000 7.25000"
154,0.0000,Tx-Rx,0,-65.7751,"-7.30900 0.90000 -2.93800, -0.05000 0.10000 7.25000"
155,0.0000,Tx-Rx,0,-64.2413,"-7.30900 0.90000 -2.93800, -0.35000 0.10000 7.25000"
156,0.0000,Tx-Rx,0,-64.2681,"-7.30900 0.90000 -2.93800, -0.65000 0.10000 7.25000"
157,0.0000,Tx-Rx,0,-64.4698,"-7.30900 0.90000 -2.93800, -0.95000 0.10000 7.25000"
158,0.0000,Tx-Rx,0,-65.7211,"-7.30900 0.90000 -2.93800, -1.25000 0.10000 7.25000"
159,0.0000,Tx-Rx,0,-67.1160,"-7.30900 0.90000 -2.93800, -1.55000 0.10000 7.25000"
160,0.0000,Tx-Rx,0,-67.6630,"-7.30900 0.90000 -2.93800, -1.85000 0.10000 7.25000"
161,0.0000,Tx-Rx,0,-66.7863,"-7.30900 0.90000 -2.93800, -2.15000 0.10000 7.25000"
162,0.0000,Tx-Rx,0,-67.2466,"-7.30900 0.90000 -2.93800, -2.45000 0.10000 7.25000"
163,0.0000,Tx-Rx,0,-75.7678,"-7.30900 0.90000 -2.93800, -2.75000 0.10000 7.25000"
164,0.0000,Tx-Rx,0,-83.9228,"-7.30900 0.90000 -2.93800, -3.05000 0.10000 7.25000"
165,0.0000,Tx-Rx,0,-83.4533,"-7.30900 0.90000 -2.93800, -3.35000 0.10000 7.25000"
166,0.0000,Tx-Rx,0,-68.8667,"-7.30900 0.90000 -2.93800, -3.65000 0.10000 7.25000"
167,0.0000,Tx-Rx,0,-65.7503,"-7.30900 0.90000 -2.93800, -3.95000 0.10000 7.25000"
168,0.0000,Tx-Rx,0,-64.3161,"-7.30900 0.90000 -2.93800, -4.25000 0.10000 7.25000"
169,0.0000,Tx-Rx,0,-68.4487,"-7.30900 0.90000 -2.93800, -4.55000 0.10000 7.25000"
170,0.0000,Tx-Rx,0,-76.1985,"-7.30900 0.90000 -2.93800, -4.85000 0.10000 7.25000"
171,0.0000,Tx-Rx,0,-77.8470,"-7.30900 0.90000 -2.93800, -5.15000 0.10000 7.25000"
172,0.0000,Tx-Rx,0,-66.9148,"-7.30900 0.90000 -2.93800, -5.45000 0.10000 7.25000"
173,0.0000,Tx-Rx,0,-57.2846,"-7.30900 0.90000 -2.93800, -5.75000 0.10000 7.25000"
174,0.0000,Tx-Rx,0,-57.3270,"-7.30900 0.90000 -2.93800, -6.05000 0.10000 7.25000"
175,0.0000,Tx-Rx,0,-56.7952,"-7.30900 0.90000 -2.93800, -6.35000 0.10000 7.25000"
176,0.0000,Tx-Rx,0,-55.9807,"-7.30900 0.90000 -2.93800, -6.65000 0.10000 7.25000"
177,0.0000,Tx-Rx,0,-52.5465,"-7.30900 0.90000 -2.93800, -6.95000 0.10000 7.25000"
178,0.0000,Tx-Rx,0,-51.9251,"-7.30900 0.90000 -2.93800, -7.25000 0.10000 7.25000"
179,0.0000,Tx-Rx,0,-52.5858,"-7.30900 0.90000 -2.93800, -7.55000 0.10000 7.25000"
180,0.0000,Tx-Rx,0,-52.7276,"-7.30900 0.90000 -2.93800, -7.85000 0.10000 7.25000"
181,0.0000,Tx-Rx,0,-120.0000,"-7.30900 0.90000 -2.93800, 9.85000 0.10000 6.95000"
182,0.0000,Tx-Rx,0,-116.7886,"-7.30900 0.90000 -2.93800, 9.55000 0.10000 6.95000"
183,0.0000,Tx-Rx,0,-116.9518,"-7.30900 0.90000 -2.93800, 9.25000 0.10000 6.95000"
184,0.0000,Tx-Rx,0,-120.0000,"-7.30900 0.90000 -2.93800, 8.95000 0.10000 6.95000"
185,0.0000,Tx-Rx,0,-120.0000,"-7.30900 0.90000 -2.93800, 8.65000 0.10000 6.95000"
186,0.0000,Tx-Rx,0,-97.2098,"-7.30900 0.90000 -2.93800, 8.35000 0.10000 6.95000"
187,0.0000,Tx-Rx,0,-80.5943,"-7.30900 0.90000 -2.93800, 8.05000 0.10000 6.95000"
188,0.0000,Tx-Rx,0,-76.8334,"-7.30900 0.90000 -2.93800, 7.75000 0.10000 6.95000"
189,0.0000,Tx-Rx,0,-78.6666,"-7.30900 0.90000 -2.93800, 7.45000 0.10000 6.95000"
190,0.0000,Tx-Rx,0,-81.1826,"-7.30900 0.90000 -2.93800, 7.15000 0.10000 6.95000"
191,0.0000,Tx-Rx,0,-79.1747,"-7.30900 0.90000 -2.93800, 6.85000 0.10000 6.95000"
192,0.0000,Tx-Rx,0,-76.5850,"-7.30900 0.90000 -2.93800, 6.55000 0.10000 6.95000"
193,0.0000,Tx-Rx,0,-78.0400,"-7.30900 0.90000 -2.93800, 6.25000 0.10000 6.95000"
194,0.0000,Tx-Rx,0,-75.6065,"-7.30900 0.90000 -2.93800, 5.95000 0.10000 6.95000"
195,0.0000,Tx-Rx,0,-74.7587,"-7.30900 0.90000 -2.93800, 5.65000 0.10000 6.95000"
196,0.0000,Tx-Rx,0,-73.4446,"-7.30900 0.90000 -2.93800, 5.35000 0.10000 6.95000"
197,0.0000,Tx-Rx,0,-73.4332,"-7.30900 0.90000 -2.93800, 5.05000 0.10000 6.95000"
198,0.0000,Tx-Rx,0,-74.5829,"-7.30900 0.90000 -2.93800, 4.75000 0.10000 6.95000"
199,0.0000,Tx-Rx,0,-75.4365,"-7.30900 0.90000 -2.93800, 4.45000 0.10000 6.95000"
200,0.0000,Tx-Rx,0,-75.1815,"-7.30900 0.90000 -2.93800, 4.15000 0.10000 6.95000"
201,0.0000,Tx-Rx,0,-75.6439,"-7.30900 0.90000 -2.93800, 3.85000 0.10000 6.95000"
202,0.0000,Tx-Rx,0,-76.8277,"-7.30900 0.90000 -2.93800, 3.55000 0.10000 6.95000"
203,0.0000,Tx-Rx,0,-74.4380,"-7.30900 0.90000 -2.93800, 3.25000 0.10000 6.95000"
204,0.0000,Tx-Rx,0,-76.4954,"-7.30900 0.90000 -2.93800, 2.95000 0.10000 6.95000"
205,0.0000,Tx-Rx,0,-80.8005,"-7.30900 0.90000 -2.93800, 2.65000 0.10000 6.95000"
206,0.0000,Tx-Rx,0,-78.7662,"-7.30900 0.90000 -2.93800, 2.35000 0.10000 6.95000"
207,0.0000,Tx-Rx,0,-75.5773,"-7.30900 0.90000 -2.93800, 2.05000 0.10000 6.95000"
208,0.0000,Tx-Rx,0,-79.5943,"-7.30900 0.90000 -2.93800, 1.75000 0.10000 6.95000"
209,0.0000,Tx-Rx,0,-80.7966,"-7.30900 0.90000 -2.93800, 1.45000 0.10000 6.95000"
210,0.0000,Tx-Rx,0,-81.4342,"-7.30900 0.90000 -2.93800, 1.15000 0.10000 6.95000"
211,0.0000,Tx-Rx,0,-78.8153,"-7.30900 0.90000 -2.93800, 0.85000 0.10000 6.95000"
212,0.0000,Tx-Rx,0,-75.4722,"-7.30900 0.90000 -2.93800, 0.55000 0.10000 6.95000"
213,0.0000,Tx-Rx,0,-78.6434,"-7.30900 0.90000 -2.93800, 0.25000 0.10000 6.95000"
214,0.0000,Tx-Rx,0,-65.8640,"-7.30900 0.90000 -2.93800, -0.05000 0.10000 6.95000"
215,0.0000,Tx-Rx,0,-64.1279,"-7.30900 0.90000 -2.93800, -0.35000 0.10000 6.95000"
216,0.0000,Tx-Rx,0,-64.3491,"-7.30900 0.90000 -2.93800, -0.65000 0.10000 6.95000"
217,0.0000,Tx-Rx,0,-64.1404,"-7.30900 0.90000 -2.93800, -0.95000 0.10000 6.95000"
218,0.0000,Tx-Rx,0,-65.5808,"-7.30900 0.90000 -2.93800, -1.25000 0.10000 6.95000"
219,0.0000,Tx-Rx,0,-67.1017,"-7.30900 0.90000 -2.93800, -1.55000 0.10000 6.95000"
220,0.0000,Tx-Rx,0,-66.2292,"-7.30900 0.90000 -2.93800, -1.85000 0.10000 6.95000"
221,0.0000,Tx-Rx,0,-66.0501,"-7.30900 0.90000 -2.93800, -2.15000 0.10000 6.95000"
222,0.0000,Tx-Rx,0,-64.9640,"-7.30900 0.90000 -2.93800, -2.45000 0.10000 6.95000"
223,0.0000,Tx-Rx,0,-69.7349,"-7.30900 0.90000 -2.93800, -2.75000 0.10000 6.95000"
224,0.0000,Tx-Rx,0,-69.7386,"-7.30900 0.90000 -2.93800, -3.05000 0.10000 6.95000"
225,0.0000,Tx-Rx,0,-69.1684,"-7.30900 0.90000 -2.93800, -3.35000 0.10000 6.95000"
226,0.0000,Tx-Rx,0,-64.1946,"-7.30900 0.90000 -2.93800, -3.65000 0.10000 6.95000"
227,0.0000,Tx-Rx,0,-63.4175,"-7.30900 0.90000 -2.93800, -3.95000 0.10000 6.95000"
228,0.0000,Tx-Rx,0,-66.8669,"-7.30900 0.90000 -2.93800, -4.25000 0.10000 6.95000"
229,0.0000,Tx-Rx,0,-68.3291,"-7.30900 0.90000 -2.93800, -4.55000 0.10000 6.95000"
230,0.0000,Tx-Rx,0,-73.5515,"-7.30900 0.90000 -2.93800, -4.85000 0.10000 6.95000"
231,0.0000,Tx-Rx,0,-74.0281,"-7.30900 0.90000 -2.93800, -5.15000 0.10000 6.95000"
232,0.0000,Tx-Rx,0,-66.0344,"-7.30900 0.90000 -2.93800, -5.45000 0.10000 6.95000"
233,0.0000,Tx-Rx,0,-57.4631,"-7.30900 0.90000 -2.93800, -5.75000 0.10000 6.95000"
234,0.0000,Tx-Rx,0,-57.0602,"-7.30900 0.90000 -2.93800, -6.05000 0.10000 6.95000"
235,0.0000,Tx-Rx,0,-56.5611,"-7.30900 0.90000 -2.93800, -6.35000 0.10000 6.95000"
236,0.0000,Tx-Rx,0,-56.0725,"-7.30900 0.90000 -2.93800, -6.65000 0.10000 6.95000"
237,0.0000,Tx-Rx,0,-52.3053,"-7.30900 0.90000 -2.93800, -6.95000 0.10000 6.95000"
238,0.0000,Tx-Rx,0,-51.7416,"-7.30900 0.90000 -2.93800, -7.25000 0.10000 6.95000"
239,0.0000,Tx-Rx,0,-52.3128,"-7.30900 0.90000 -2.93800, -7.55000 0.10000 6.95000"
240,0.0000,Tx-Rx,0,-52.6240,"-7.30900 0.90000 -2.93800, -7.85000 0.10000 6.95000"
241,0.0000,Tx-Rx,0,-112.7683,"-7.30900 0.90000 -2.93800, 9.85000 0.10000 6.65000"
242,0.0000,Tx-Rx,0,-120.0000,"-7.30900 0.90000 -2.93800, 9.55000 0.10000 6.65000"
243,0.0000,Tx-Rx,0,-111.5408,"-7.30900 0.90000 -2.93800, 9.25000 0.10000 6.65000"
244,0.0000,Tx-Rx,0,-113.8727,"-7.30900 0.90000 -2.93800, 8.95000 0.10000 6.65000"
245,0.0000,Tx-Rx,0,-109.6028,"-7.30900 0.90000 -2.93800, 8.65000 0.10000 6.65000"
246,0.0000,Tx-Rx,0,-112.8827,"-7.30900 0.90000 -2.93800, 8.35000 0.10000 6.65000"
247,0.0000,Tx-Rx,0,-79.7550,"-7.30900 0.90000 -2.93800, 8.05000 0.10000 6.65000"
248,0.0000,Tx-Rx,0,-75.1735,"-7.30900 0.90000 -2.93800, 7.75000 0.10000 6.65000"
249,0.0000,Tx-Rx,0,-77.3774,"-7.30900 0.90000 -2.93800, 7.45000 0.10000 6.65000"
250,0.0000,Tx-Rx,0,-77.6796,"-7.30900 0.90000 -2.93800, 7.15000 0.10000 6.65000"
251,0.0000,Tx-Rx,0,-80.2494,"-7.30900 0.90000 -2.93800, 6.85000 0.10000 6.65000"
252,0.0000,Tx-Rx,0,-79.7283,"-7.30900 0.90000 -2.93800, 6.55000 0.10000 6.65000"
253,0.0000,Tx-Rx,0,-74.6656,"-7.30900 0.90000 -2.93800, 6.25000 0.10000 6.65000"
254,0.0000,Tx-Rx,0,-76.5845,"-7.30900 0.90000 -2.93800, 5.95000 0.10000 6.65000"
255,0.0000,Tx-Rx,0,-73.3688,"-7.30900 0.90000 -2.93800, 5.65000 0.10000 6.65000"
256,0.0000,Tx-Rx,0,-73.5036,"-7.30900 0.90000 -2.93800, 5.35000 0.10000 6.65000"
257,0.0000,Tx-Rx,0,-73.2355,"-7.30900 0.90000 -2.93800, 5.05000 0.10000 6.65000"
258,0.0000,Tx-Rx,0,-73.7265,"-7.30900 0.90000 -2.93800, 4.75000 0.10000 6.65000"
259,0.0000,Tx-Rx,0,-75.2462,"-7.30900 0.90000 -2.93800, 4.45000 0.10000 6.65000"
260,0.0000,Tx-Rx,0,-75.2618,"-7.30900 0.90000 -2.93800, 4.15000 0.10000 6.65000"
261,0.0000,Tx-Rx,0,-72.7055,"-7.30900 0.90000 -2.93800, 3.85000 0.10000 6.65000"
262,0.0000,Tx-Rx,0,-73.1731,"-7.30900 0.90000 -2.93800, 3.55000 0.10000 6.65000"
263,0.0000,Tx-Rx,0,-77.6705,"-7.30900 0.90000 -2.93800, 3.25000 0.10000 6.65000"
264,0.0000,Tx-Rx,0,-80.9747,"-7.30900 0.90000 -2.93800, 2.95000 0.10000 6.65000"
265,0.0000,Tx-Rx,0,-79.8690,"-7.30900 0.90000 -2.93800, 2.65000 0.10000 6.65000"
266,0.0000,Tx-Rx,0,-79.6361,"-7.30900 0.90000 -2.93800, 2.35000 0.10000 6.65000"
267,0.0000,Tx-Rx,0,-76.3450,"-7.30900 0.90000 -2.93800, 2.05000 0.10000 6.65000"
268,0.0000,Tx-Rx,0,-79.4320,"-7.30900 0.90000 -2.93800, 1.75000 0.10000 6.65000"
269,0.0000,Tx-Rx,0,-79.8210,"-7.30900 0.90000 -2.93800, 1.45000 0.10000 6.65000"
270,0.0000,Tx-Rx,0,-78.2071,"-7.30900 0.90000 -2.93800, 1.15000 0.10000 6.65000"
271,0.0000,Tx-Rx,0,-75.2604,"-7.30900 0.90000 -2.93800, 0.85000 0.10000 6.65000"
272,0.0000,Tx-Rx,0,-79.5161,"-7.30900 0.90000 -2.93800, 0.55000 0.10000 6.65000"
273,0.0000,Tx-Rx,0,-81.3796,"-7.30900 0.90000 -2.93800, 0.25000 0.10000 6.65000"
274,0.0000,Tx-Rx,0,-65.8127,"-7.30900 0.90000 -2.93800, -0.05000 0.10000 6.65000"
275,0.0000,Tx-Rx,0,-64.1771,"-7.30900 0.90000 -2.93800, -0.35000 0.10000 6.65000"
276,0.0000,Tx-Rx,0,-64.3778,"-7.30900 0.90000 -2.93800, -0.65000 0.10000 6.65000"
277,0.0000,Tx-Rx,0,-64.1439,"-7.30900 0.90000 -2.93800, -0.95000 0.10000 6.65000"
278,0.0000,Tx-Rx,0,-65.3817,"-7.30900 0.90000 -2.93800, -1.25000 0.10000 6.65000"
279,0.0000,Tx-Rx,0,-66.3541,"-7.30900 0.90000 -2.93800, -1.55000 0.10000 6.65000"
280,0.0000,Tx-Rx,0,-65.4496,"-7.30900 0.90000 -2.93800, -1.85000 0.10000 6.65000"
281,0.0000,Tx-Rx,0,-64.8861,"-7.30900 0.90000 -2.93800, -2.15000 0.10000 6.65000"
282,0.0000,Tx-Rx,0,-64.2749,"-7.30900 0.90000 -2.93800, -2.45000 0.10000 6.65000"
283,0.0000,Tx-Rx,0,-64.0476,"-7.30900 0.90000 -2.93800, -2.75000 0.10000 6.65000"
284,0.0000,Tx-Rx,0,-63.6972,"-7.30900 0.90000 -2.93800, -3.05000 0.10000 6.65000"
285,0.0000,Tx-Rx,0,-62.0858,"-7.30900 0.90000 -2.93800, -3.35000 0.10000 6.65000"
286,0.0000,Tx-Rx,0,-63.1335,"-7.30900 0.90000 -2.93800, -3.65000 0.10000 6.65000"
287,0.0000,Tx-Rx,0,-64.4318,"-7.30900 0.90000 -2.93800, -3.95000 0.10000 6.65000"
288,0.0000,Tx-Rx,0,-66.1401,"-7.30900 0.90000 -2.93800, -4.25000 0.10000 6.65000"
289,0.0000,Tx-Rx,0,-68.0068,"-7.30900 0.90000 -2.93800, -4.55000 0.10000 6.65000"
290,0.0000,Tx-Rx,0,-69.6783,"-7.30900 0.90000 -2.93800, -4.85000 0.10000 6.65000"
291,0.0000,Tx-Rx,0,-69.9162,"-7.30900 0.90000 -2.93800, -5.15000 0.10000 6.65000"
292,0.0000,Tx-Rx,0,-65.8195,"-7.30900 0.90000 -2.93800, -5.45000 0.10000 6.65000"
293,0.0000,Tx-Rx,0,-57.4789,"-7.30900 0.90000 -2.93800, -5.75000 0.10000 6.65000"
294,0.0000,Tx-Rx,0,-57.0198,"-7.30900 0.90000 -2.93800, -6.05000 0.10000 6.65000"
295,0.0000,Tx-Rx,0,-56.5063,"-7.30900 0.90000 -2.93800, -6.35000 0.10000 6.65000"
296,0.0000,Tx-Rx,0,-56.0793,"-7.30900 0.90000 -2.93800, -6.65000 0.10000 6.65000"
297,0.0000,Tx-Rx,0,-52.3737,"-7.30900 0.90000 -2.93800, -6.95000 0.10000 6.65000"
298,0.0000,Tx-Rx,0,-51.4579,"-7.30900 0.90000 -2.93800, -7.25000 0.10000 6.65000"
299,0.0000,Tx-Rx,0,-52.1639,"-7.30900 0.90000 -2.93800, -7.55000 0.10000 6.65000"
300,0.0000,Tx-Rx,0,-52.4775,"-7.30900 0.90000 -2.93800, -7.85000 0.10000 6.65000"
301,0.0000,Tx-Rx,0,-116.7102,"-7.30900 0.90000 -2.93800, 9.85000 0.10000 6.35000"
302,0.0000,Tx-Rx,0,-110.8607,"-7.30900 0.90000 -2.93800, 9.55000 0.10000 6.35000"
303,0.0000,Tx-Rx,0,-111.5973,"-7.30900 0.90000 -2.93800, 9.25000 0.10000 6.35000"
304,0.0000,Tx-Rx,0,-110.5724,"-7.30900 0.90000 -2.93800, 8.95000 0.10000 6.35000"
305,0.0000,Tx-Rx,0,-120.0000,"-7.30900 0.90000 -2.93800, 8.65000 0.10000 6.35000"
306,0.0000,Tx-Rx,0,-103.8118,"-7.30900 0.90000 -2.93800, 8.35000 0.10000 6.35000"
307,0.0000,Tx-Rx,0,-85.0916,"-7.30900 0.90000 -2.93800, 8.05000 0.10000 6.35000"
308,0.0000,Tx-Rx,0,-75.9630,"-7.30900 0.90000 -2.93800, 7.75000 0.10000 6.35000"
309,0.0000,Tx-Rx,0,-75.8458,"-7.30900 0.90000 -2.93800, 7.45000 0.10000 6.35000"
310,0.0000,Tx-Rx,0,-76.5936,"-7.30900 0.90000 -2.93800, 7.15000 0.10000 6.35000"
311,0.0000,Tx-Rx,0,-76.0801,"-7.30900 0.90000 -2.93800, 6.85000 0.10000 6.35000"
312,0.0000,Tx-Rx,0,-76.8128,"-7.30900 0.90000 -2.93800, 6.55000 0.10000 6.35000"
313,0.0000,Tx-Rx,0,-74.3662,"-7.30900 0.90000 -2.93800, 6.25000 0.10000 6.35000"
314,0.0000,Tx-Rx,0,-74.3856,"-7.30900 0.90000 -2.93800, 5.95000 0.10000 6.35000"
315,0.0000,Tx-Rx,0,-73.8704,"-7.30900 0.90000 -2.93800, 5.65000 0.10000 6.35000"
316,0.0000,Tx-Rx,0,-72.8897,"-7.30900 0.90000 -2.93800, 5.35000 0.10000 6.35000"
317,0.0000,Tx-Rx,0,-72.5057,"-7.30900 0.90000 -2.93800, 5.05000 0.10000 6.35000"
318,0.0000,Tx-Rx,0,-72.6886,"-7.30900 0.90000 -2.93800, 4.75000 0.10000 6.35000"
319,0.0000,Tx-Rx,0,-73.3901,"-7.30900 0.90000 -2.93800, 4.45000 0.10000 6.35000"
320,0.0000,Tx-Rx,0,-72.3488,"-7.30900 0.90000 -2.93800, 4.15000 0.10000 6.35000"
321,0.0000,Tx-Rx,0,-72.6383,"-7.30900 0.90000 -2.93800, 3.85000 0.10000 6.35000"
322,0.0000,Tx-Rx,0,-74.5486,"-7.30900 0.90000 -2.93800, 3.55000 0.10000 6.35000"
323,0.0000,Tx-Rx,0,-78.2552,"-7.30900 0.90000 -2.93800, 3.25000 0.10000 6.35000"
324,0.0000,Tx-Rx,0,-77.0991,"-7.30900 0.90000 -2.93800, 2.95000 0.10000 6.35000"
325,0.0000,Tx-Rx,0,-77.4245,"-7.30900 0.90000 -2.93800, 2.65000 0.10000 6.35000"
326,0.0000,Tx-Rx,0,-78.5245,"-7.30900 0.90000 -2.93800, 2.35000 0.10000 6.35000"
327,0.0000,Tx-Rx,0,-73.8157,"-7.30900 0.90000 -2.93800, 2.05000 0.10000 6.35000"
328,0.0000,Tx-Rx,0,-80.6332,"-7.30900 0.90000 -2.93800, 1.75000 0.10000 6.35000"
329,0.0000,Tx-Rx,0,-79.7725,"-7.30900 0.90000 -2.93800, 1.45000 0.10000 6.35000"
330,0.0000,Tx-Rx,0,-74.9469,"-7.30900 0.90000 -2.93800, 1.15000 0.10000 6.35000"
331,0.0000,Tx-Rx,0,-78.4761,"-7.30900 0.90000 -2.93800, 0.85000 0.10000 6.35000"
332,0.0000,Tx-Rx,0,-79.7833,"-7.30900 0.90000 -2.93800, 0.55000 0.10000 6.35000"
333,0.0000,Tx-Rx,0,-81.2465,"-7.30900 0.90000 -2.93800, 0.25000 0.10000 6.35000"
334,0.0000,Tx-Rx,0,-65.7103,"-7.30900 0.90000 -2.93800, -0.05000 0.10000 6.35000"
335,0.0000,Tx-Rx,0,-64.1179,"-7.30900 0.90000 -2.93800, -0.35000 0.10000 6.35000"
336,0.0000,Tx-Rx,0,-64.1574,"-7.30900 0.90000 -2.93800, -0.65000 0.10000 6.35000"
337,0.0000,Tx-Rx,0,-64.2724,"-7.30900 0.90000 -2.93800, -0.95000 0.10000 6.35000"
338,0.0000,Tx-Rx,0,-64.5204,"-7.30900 0.90000 -2.93800, -1.25000 0.10000 6.35000"
339,0.0000,Tx-Rx,0,-64.6516,"-7.30900 0.90000 -2.93800, -1.55000 0.10000 6.35000"
340,0.0000,Tx-Rx,0,-64.6871,"-7.30900 0.90000 -2.93800, -1.85000 0.10000 6.35000"
341,0.0000,Tx-Rx,0,-64.2462,"-7.30900 0.90000 -2.93800, -2.15000 0.10000 6.35000"
342,0.0000,Tx-Rx,0,-64.1312,"-7.30900 0.90000 -2.93800, -2.45000 0.10000 6.35000"
343,0.0000,Tx-Rx,0,-63.7939,"-7.30900 0.90000 -2.93800, -2.75000 0.10000 6.35000"
344,0.0000,Tx-Rx,0,-61.8820,"-7.30900 0.90000 -2.93800, -3.05000 0.10000 6.35000"
345,0.0000,Tx-Rx,0,-63.1716,"-7.30900 0.90000 -2.93800, -3.35000 0.10000 6.35000"
346,0.0000,Tx-Rx,0,-64.1663,"-7.30900 0.90000 -2.93800, -3.65000 0.10000 6.35000"
347,0.0000,Tx-Rx,0,-64.5611,"-7.30900 0.90000 -2.93800, -3.95000 0.10000 6.35000"
348,0.0000,Tx-Rx,0,-65.2700,"-7.30900 0.90000 -2.93800, -4.25000 0.10000 6.35000"
349,0.0000,Tx-Rx,0,-68.3653,"-7.30900 0.90000 -2.93800, -4.55000 0.10000 6.35000"
350,0.0000,Tx-Rx,0,-69.6473,"-7.30900 0.90000 -2.93800, -4.85000 0.10000 6.35000"
351,0.0000,Tx-Rx,0,-68.5574,"-7.30900 0.90000 -2.93800, -5.15000 0.10000 6.35000"
352,0.0000,Tx-Rx,0,-65.0082,"-7.30900 0.90000 -2.93800, -5.45000 0.10000 6.35000"
353,0.0000,Tx-Rx,0,-58.5092,"-7.30900 0.90000 -2.93800, -5.75000 0.10000 6.35000"
354,0.0000,Tx-Rx,0,-57.0418,"-7.30900 0.90000 -2.93800, -6.05000 0.10000 6.35000"
355,0.0000,Tx-Rx,0,-56.2899,"-7.30900 0.90000 -2.93800, -6.35000 0.10000 6.35000"
356,0.0000,Tx-Rx,0,-55.9842,"-7.30900 0.90000 -2.93800, -6.65000 0.10000 6.35000"
357,0.0000,Tx-Rx,0,-52.1909,"-7.30900 0.90000 -2.93800, -6.95000 0.10000 6.35000"
358,0.0000,Tx-Rx,0,-51.5619,"-7.30900 0.90000 -2.93800, -7.25000 0.10000 6.35000"
359,0.0000,Tx-Rx,0,-51.8111,"-7.30900 0.90000 -2.93800, -7.55000 0.10000 6.35000"
360,0.0000,Tx-Rx,0,-52.3207,"-7.30900 0.90000 -2.93800, -7.85000 0.10000 6.35000"
361,0.0000,Tx-Rx,0,-116.6109,"-7.30900 0.90000 -2.93800, 9.85000 0.10000 6.05000"
362,0.0000,Tx-Rx,0,-116.5655,"-7.30900 0.90000 -2.93800, 9.55000 0.10000 6.05000"
363,0.0000,Tx-Rx,0,-116.3802,"-7.30900 0.90000 -2.93800, 9.25000 0.10000 6.05000"
364,0.0000,Tx-Rx,0,-108.2564,"-7.30900 0.90000 -2.93800, 8.95000 0.10000 6.05000"
365,0.0000,Tx-Rx,0,-113.5053,"-7.30900 0.90000 -2.93800, 8.65000 0.10000 6.05000"
366,0.0000,Tx-Rx,0,-111.5075,"-7.30900 0.90000 -2.93800, 8.35000 0.10000 6.05000"
367,0.0000,Tx-Rx,0,-87.3938,"-7.30900 0.90000 -2.93800, 8.05000 0.10000 6.05000"
368,0.0000,Tx-Rx,0,-80.5290,"-7.30900 0.90000 -2.93800, 7.75000 0.10000 6.05000"
369,0.0000,Tx-Rx,0,-74.8572,"-7.30900 0.90000 -2.93800, 7.45000 0.10000 6.05000"
370,0.0000,Tx-Rx,0,-77.5871,"-7.30900 0.90000 -2.93800, 7.15000 0.10000 6.05000"
371,0.0000,Tx-Rx,0,-81.0336,"-7.30900 0.90000 -2.93800, 6.85000 0.10000 6.05000"
372,0.0000,Tx-Rx,0,-77.6634,"-7.30900 0.90000 -2.93800, 6.55000 0.10000 6.05000"
373,0.0000,Tx-Rx,0,-75.6178,"-7.30900 0.90000 -2.93800, 6.25000 0.10000 6.05000"
374,0.0000,Tx-Rx,0,-72.8336,"-7.30900 0.90000 -2.93800, 5.95000 0.10000 6.05000"
375,0.0000,Tx-Rx,0,-73.3151,"-7.30900 0.90000 -2.93800, 5.65000 0.10000 6.05000"
376,0.0000,Tx-Rx,0,-72.4126,"-7.30900 0.90000 -2.93800, 5.35000 0.10000 6.05000"
377,0.0000,Tx-Rx,0,-72.5624,"-7.30900 0.90000 -2.93800, 5.05000 0.10000 6.05000"
378,0.0000,Tx-Rx,0,-70.5528,"-7.30900 0.90000 -2.93800, 4.75000 0.10000 6.05000"
379,0.0000,Tx-Rx,0,-71.2983,"-7.30900 0.90000 -2.93800, 4.45000 0.10000 6.05000"
380,0.0000,Tx-Rx,0,-72.2399,"-7.30900 0.90000 -2.93800, 4.15000 0.10000 6.05000"
381,0.0000,Tx-Rx,0,-73.5174,"-7.30900 0.90000 -2.93800, 3.85000 0.10000 6.05000"
382,0.0000,Tx-Rx,0,-74.2586,"-7.30900 0.90000 -2.93800, 3.55000 0.10000 6.05000"
383,0.0000,Tx-Rx,0,-76.7815,"-7.30900 0.90000 -2.93800, 3.25000 0.10000 6.05000"
384,0.0000,Tx-Rx,0,-77.9214,"-7.30900 0.90000 -2.93800, 2.95000 0.10000 6.05000"
385,0.0000,Tx-Rx,0,-78.1009,"-7.30900 0.90000 -2.93800, 2.65000 0.10000 6.05000"
386,0.0000,Tx-Rx,0,-80.3432,"-7.30900 0.90000 -2.93800, 2.35000 0.10000 6.05000"
387,0.0000,Tx-Rx,0,-80.1505,"-7.30900 0.90000 -2.93800, 2.05000 0.10000 6.05000"
388,0.0000,Tx-Rx,0,-75.4912,"-7.30900 0.90000 -2.93800, 1.75000 0.10000 6.05000"
389,0.0000,Tx-Rx,0,-74.8794,"-7.30900 0.90000 -2.93800, 1.45000 0.10000 6.05000"
390,0.0000,Tx-Rx,0,-77.8575,"-7.30900 0.90000 -2.93800, 1.15000 0.10000 6.05000"
391,0.0000,Tx-Rx,0,-79.0471,"-7.30900 0.90000 -2.93800, 0.85000 0.10000 6.05000"
392,0.0000,Tx-Rx,0,-79.3298,"-7.30900 0.90000 -2.93800, 0.55000 0.10000 6.05000"
393,0.0000,Tx-Rx,0,-78.3946,"-7.30900 0.90000 -2.93800, 0.25000 0.10000 6.05000"
394,0.0000,Tx-Rx,0,-65.6316,"-7.30900 0.90000 -2.93800, -0.05000 0.10000 6.05000"
395,0.0000,Tx-Rx,0,-64.1406,"-7.30900 0.90000 -2.93800, -0.35000 0.10000 6.05000"
396,0.0000,Tx-Rx,0,-63.9089,"-7.30900 0.90000 -2.93800, -0.65000 0.10000 6.05000"
397,0.0000,Tx-Rx,0,-64.3344,"-7.30900 0.90000 -2.93800, -0.95000 0.10000 6.05000"
398,0.0000,Tx-Rx,0,-63.3262,"-7.30900 0.90000 -2.93800, -1.25000 0.10000 6.05000"
399,0.0000,Tx-Rx,0,-63.9641,"-7.30900 0.90000 -2.93800, -1.55000 0.10000 6.05000"
400,0.0000,Tx-Rx,0,-64.2170,"-7.30900 0.90000 -2.93800, -1.85000 0.10000 6.05000"
401,0.0000,Tx-Rx,0,-63.5316,"-7.30900 0.90000 -2.93800, -2.15000 0.10000 6.05000"
402,0.0000,Tx-Rx,0,-63.0432,"-7.30900 0.90000 -2.93800, -2.45000 0.10000 6.05000"
403,0.0000,Tx-Rx,0,-61.6814,"-7.30900 0.90000 -2.93800, -2.75000 0.10000 6.05000"
404,0.0000,Tx-Rx,0,-62.2527,"-7.30900 0.90000 -2.93800, -3.05000 0.10000 6.05000"
405,0.0000,Tx-Rx,0,-62.6229,"-7.30900 0.90000 -2.93800, -3.35000 0.10000 6.05000"
406,0.0000,Tx-Rx,0,-62.7884,"-7.30900 0.90000 -2.93800, -3.65000 0.10000 6.05000"
407,0.0000,Tx-Rx,0,-64.6271,"-7.30900 0.90000 -2.93800, -3.95000 0.10000 6.05000"
408,0.0000,Tx-Rx,0,-63.8230,"-7.30900 0.90000 -2.93800, -4.25000 0.10000 6.05000"
409,0.0000,Tx-Rx,0,-65.7906,"-7.30900 0.90000 -2.93800, -4.55000 0.10000 6.05000"
410,0.0000,Tx-Rx,0,-67.0203,"-7.30900 0.90000 -2.93800, -4.85000 0.10000 6.05000"
411,0.0000,Tx-Rx,0,-67.5071,"-7.30900 0.90000 -2.93800, -5.15000 0.10000 6.05000"
412,0.0000,Tx-Rx,0,-64.8475,"-7.30900 0.90000 -2.93800, -5.45000 0.10000 6.05000"
413,0.0000,Tx-Rx,0,-62.3635,"-7.30900 0.90000 -2.93800, -5.75000 0.10000 6.05000"
414,0.0000,Tx-Rx,0,-60.1390,"-7.30900 0.90000 -2.93800, -6.05000 0.10000 6.05000"
415,0.0000,Tx-Rx,0,-59.1023,"-7.30900 0.90000 -2.93800, -6.35000 0.10000 6.05000"
416,0.0000,Tx-Rx,0,-58.9397,"-7.30900 0.90000 -2.93800, -6.65000 0.10000 6.05000"
417,0.0000,Tx-Rx,0,-56.5708,"-7.30900 0.90000 -2.93800, -6.95000 0.10000 6.05000"
418,0.0000,Tx-Rx,0,-56.3786,"-7.30900 0.90000 -2.93800, -7.25000 0.10000 6.05000"
419,0.0000,Tx-Rx,0,-56.0682,"-7.30900 0.90000 -2.93800, -7.55000 0.10000 6.05000"
420,0.0000,Tx-Rx,0,-56.4460,"-7.30900 0.90000 -2.93800, -7.85000 0.10000 6.05000"
421,0.0000,Tx-Rx,0,-114.9416,"-7.30900 0.90000 -2.93800, 9.85000 0.10000 5.75000"
422,0.0000,Tx-Rx,0,-113.8517,"-7.30900 0.90000 -2.93800, 9.55000 0.10000 5.75000"
423,0.0000,Tx-Rx,0,-111.9537,"-7.30900 0.90000 -2.93800, 9.25000 0.10000 5.75000"
424,0.0000,Tx-Rx,0,-112.0190,"-7.30900 0.90000 -2.93800, 8.95000 0.10000 5.75000"
425,0.0000,Tx-Rx,0,-113.9209,"-7.30900 0.90000 -2.93800, 8.65000 0.10000 5.75000"
426,0.0000,Tx-Rx,0,-114.9833,"-7.30900 0.90000 -2.93800, 8.35000 0.10000 5.75000"
427,0.0000,Tx-Rx,0,-85.5451,"-7.30900 0.90000 -2.93800, 8.05000 0.10000 5.75000"
428,0.0000,Tx-Rx,0,-82.7673,"-7.30900 0.90000 -2.93800, 7.75000 0.10000 5.75000"
429,0.0000,Tx-Rx,0,-79.3590,"-7.30900 0.90000 -2.93800, 7.45000 0.10000 5.75000"
430,0.0000,Tx-Rx,0,-75.3383,"-7.30900 0.90000 -2.93800, 7.15000 0.10000 5.75000"
431,0.0000,Tx-Rx,0,-79.4510,"-7.30900 0.90000 -2.93800, 6.85000 0.10000 5.75000"
432,0.0000,Tx-Rx,0,-80.6835,"-7.30900 0.90000 -2.93800, 6.55000 0.10000 5.75000"
433,0.0000,Tx-Rx,0,-82.9722,"-7.30900 0.90000 -2.93800, 6.25000 0.10000 5.75000"
434,0.0000,Tx-Rx,0,-77.2867,"-7.30900 0.90000 -2.93800, 5.95000 0.10000 5.75000"
435,0.0000,Tx-Rx,0,-73.0153,"-7.30900 0.90000 -2.93800, 5.65000 0.10000 5.75000"
436,0.0000,Tx-Rx,0,-71.9348,"-7.30900 0.90000 -2.93800, 5.35000 0.10000 5.75000"
437,0.0000,Tx-Rx,0,-70.5363,"-7.30900 0.90000 -2.93800, 5.05000 0.10000 5.75000"
438,0.0000,Tx-Rx,0,-71.2514,"-7.30900 0.90000 -2.93800, 4.75000 0.10000 5.75000"
439,0.0000,Tx-Rx,0,-70.8828,"-7.30900 0.90000 -2.93800, 4.45000 0.10000 5.75000"
440,0.0000,Tx-Rx,0,-71.7383,"-7.30900 0.90000 -2.93800, 4.15000 0.10000 5.75000"
441,0.0000,Tx-Rx,0,-72.9183,"-7.30900 0.90000 -2.93800, 3.85000 0.10000 5.75000"
442,0.0000,Tx-Rx,0,-73.0318,"-7.30900 0.90000 -2.93800, 3.55000 0.10000 5.75000"
443,0.0000,Tx-Rx,0,-74.2637,"-7.30900 0.90000 -2.93800, 3.25000 0.10000 5.75000"
444,0.0000,Tx-Rx,0,-78.2237,"-7.30900 0.90000 -2.93800, 2.95000 0.10000 5.75000"
445,0.0000,Tx-Rx,0,-79.6343,"-7.30900 0.90000 -2.93800, 2.65000 0.10000 5.75000"
446,0.0000,Tx-Rx,0,-80.9622,"-7.30900 0.90000 -2.93800, 2.35000 0.10000 5.75000"
447,0.0000,Tx-Rx,0,-78.5157,"-7.30900 0.90000 -2.93800, 2.05000 0.10000 5.75000"
448,0.0000,Tx-Rx,0,-72.5608,"-7.30900 0.90000 -2.93800, 1.75000 0.10000 5.75000"
449,0.0000,Tx-Rx,0,-77.5902,"-7.30900 0.90000 -2.93800, 1.45000 0.10000 5.75000"
450,0.0000,Tx-Rx,0,-76.2902,"-7.30900 0.90000 -2.93800, 1.15000 0.10000 5.75000"
451,0.0000,Tx-Rx,0,-76.0638,"-7.30900 0.90000 -2.93800, 0.85000 0.10000 5.75000"
452,0.0000,Tx-Rx,0,-78.4284,"-7.30900 0.90000 -2.93800, 0.55000 0.10000 5.75000"
453,0.0000,Tx-Rx,0,-79.3735,"-7.30900 0.90000 -2.93800, 0.25000 0.10000 5.75000"
454,0.0000,Tx-Rx,0,-65.5814,"-7.30900 0.90000 -2.93800, -0.05000 0.10000 5.75000"
455,0.0000,Tx-Rx,0,-64.0459,"-7.30900 0.90000 -2.93800, -0.35000 0.10000 5.75000"
456,0.0000,Tx-Rx,0,-63.8983,"-7.30900 0.90000 -2.93800, -0.65000 0.10000 5.75000"
457,0.0000,Tx-Rx,0,-63.3814,"-7.30900 0.90000 -2.93800, -0.95000 0.10000 5.75000"
458,0.0000,Tx-Rx,0,-62.9870,"-7.30900 0.90000 -2.93800, -1.25000 0.10000 5.75000"
459,0.0000,Tx-Rx,0,-63.2438,"-7.30900 0.90000 -2.93800, -1.55000 0.10000 5.75000"
460,0.0000,Tx-Rx,0,-64.1935,"-7.30900 0.90000 -2.93800, -1.85000 0.10000 5.75000"
461,0.0000,Tx-Rx,0,-62.7551,"-7.30900 0.90000 -2.93800, -2.15000 0.10000 5.75000"
462,0.0000,Tx-Rx,0,-61.4788,"-7.30900 0.90000 -2.93800, -2.45000 0.10000 5.75000"
463,0.0000,Tx-Rx,0,-63.2066,"-7.30900 0.90000 -2.93800, -2.75000 0.10000 5.75000"
464,0.0000,Tx-Rx,0,-63.0703,"-7.30900 0.90000 -2.93800, -3.05000 0.10000 5.75000"
465,0.0000,Tx-Rx,0,-62.3354,"-7.30900 0.90000 -2.93800, -3.35000 0.10000 5.75000"
466,0.0000,Tx-Rx,0,-62.9955,"-7.30900 0.90000 -2.93800, -3.65000 0.10000 5.75000"
467,0.0000,Tx-Rx,0,-65.1069,"-7.30900 0.90000 -2.93800, -3.95000 0.10000 5.75000"
468,0.0000,Tx-Rx,0,-65.2183,"-7.30900 0.90000 -2.93800, -4.25000 0.10000 5.75000"
469,0.0000,Tx-Rx,0,-64.7233,"-7.30900 0.90000 -2.93800, -4.55000 0.10000 5.75000"
470,0.0000,Tx-Rx,0,-66.5789,"-7.30900 0.90000 -2.93800, -4.85000 0.10000 5.75000"
471,0.0000,Tx-Rx,0,-68.5582,"-7.30900 0.90000 -2.93800, -5.15000 0.10000 5.75000"
472,0.0000,Tx-Rx,0,-65.2715,"-7.30900 0.90000 -2.93800, -5.45000 0.10000 5.75000"
473,0.0000,Tx-Rx,0,-64.9557,"-7.30900 0.90000 -2.93800, -5.75000 0.10000 5.75000"
474,0.0000,Tx-Rx,0,-61.7671,"-7.30900 0.90000 -2.93800, -6.05000 0.10000 5.75000"
475,0.0000,Tx-Rx,0,-60.8044,"-7.30900 0.90000 -2.93800, -6.35000 0.10000 5.75000"
476,0.0000,Tx-Rx,0,-60.2527,"-7.30900 0.90000 -2.93800, -6.65000 0.10000 5.75000"
477,0.0000,Tx-Rx,0,-59.2588,"-7.30900 0.90000 -2.93800, -6.95000 0.10000 5.75000"
478,0.0000,Tx-Rx,0,-59.3991,"-7.30900 0.90000 -2.93800, -7.25000 0.10000 5.75000"
479,0.0000,Tx-Rx,0,-59.0573,"-7.30900 0.90000 -2.93800, -7.55000 0.10000 5.75000"
480,0.0000,Tx-Rx,0,-58.7196,"-7.30900 0.90000 -2.93800, -7.85000 0.10000 5.75000"
481,0.0000,Tx-Rx,0,-99.9023,"-7.30900 0.90000 -2.93800, 9.85000 0.10000 5.45000"
482,0.0000,Tx-Rx,0,-111.4194,"-7.30900 0.90000 -2.93800, 9.55000 0.10000 5.45000"
483,0.0000,Tx-Rx,0,-111.4110,"-7.30900 0.90000 -2.93800, 9.25000 0.10000 5.45000"
484,0.0000,Tx-Rx,0,-111.5714,"-7.30900 0.90000 -2.93800, 8.95000 0.10000 5.45000"
485,0.0000,Tx-Rx,0,-120.0000,"-7.30900 0.90000 -2.93800, 8.65000 0.10000 5.45000"
486,0.0000,Tx-Rx,0,-120.0000,"-7.30900 0.90000 -2.93800, 8.35000 0.10000 5.45000"
487,0.0000,Tx-Rx,0,-86.8116,"-7.30900 0.90000 -2.93800, 8.05000 0.10000 5.45000"
488,0.0000,Tx-Rx,0,-80.3651,"-7.30900 0.90000 -2.93800, 7.75000 0.10000 5.45000"
489,0.0000,Tx-Rx,0,-81.7035,"-7.30900 0.90000 -2.93800, 7.45000 0.10000 5.45000"
490,0.0000,Tx-Rx,0,-78.5493,"-7.30900 0.90000 -2.93800, 7.15000 0.10000 5.45000"
491,0.0000,Tx-Rx,0,-75.4056,"-7.30900 0.90000 -2.93800, 6.85000 0.10000 5.45000"
492,0.0000,Tx-Rx,0,-77.1619,"-7.30900 0.90000 -2.93800, 6.55000 0.10000 5.45000"
493,0.0000,Tx-Rx,0,-79.3977,"-7.30900 0.90000 -2.93800, 6.25000 0.10000 5.45000"
494,0.0000,Tx-Rx,0,-75.9811,"-7.30900 0.90000 -2.93800, 5.95000 0.10000 5.45000"
495,0.0000,Tx-Rx,0,-72.7220,"-7.30900 0.90000 -2.93800, 5.65000 0.10000 5.45000"
496,0.0000,Tx-Rx,0,-72.9196,"-7.30900 0.90000 -2.93800, 5.35000 0.10000 5.45000"
497,0.0000,Tx-Rx,0,-72.8424,"-7.30900 0.90000 -2.93800, 5.05000 0.10000 5.45000"
498,0.0000,Tx-Rx,0,-70.7448,"-7.30900 0.90000 -2.93800, 4.75000 0.10000 5.45000"
499,0.0000,Tx-Rx,0,-70.8555,"-7.30900 0.90000 -2.93800, 4.45000 0.10000 5.45000"
500,0.0000,Tx-Rx,0,-72.0941,"-7.30900 0.90000 -2.93800, 4.15000 0.10000 5.45000"
501,0.0000,Tx-Rx,0,-72.7456,"-7.30900 0.90000 -2.93800, 3.85000 0.10000 5.45000"
502,0.0000,Tx-Rx,0,-72.6385,"-7.30900 0.90000 -2.93800, 3.55000 0.10000 5.45000"
503,0.0000,Tx-Rx,0,-72.7017,"-7.30900 0.90000 -2.93800, 3.25000 0.10000 5.45000"
504,0.0000,Tx-Rx,0,-74.1981,"-7.30900 0.90000 -2.93800, 2.95000 0.10000 5.45000"
505,0.0000,Tx-Rx,0,-77.3618,"-7.30900 0.90000 -2.93800, 2.65000 0.10000 5.45000"
506,0.0000,Tx-Rx,0,-76.4201,"-7.30900 0.90000 -2.93800, 2.35000 0.10000 5.45000"
507,0.0000,Tx-Rx,0,-75.2016,"-7.30900 0.90000 -2.93800, 2.05000 0.10000 5.45000"
508,0.0000,Tx-Rx,0,-75.6678,"-7.30900 0.90000 -2.93800, 1.75000 0.10000 5.45000"
509,0.0000,Tx-Rx,0,-76.2799,"-7.30900 0.90000 -2.93800, 1.45000 0.10000 5.45000"
510,0.0000,Tx-Rx,0,-77.3719,"-7.30900 0.90000 -2.93800, 1.15000 0.10000 5.45000"
511,0.0000,Tx-Rx,0,-77.6127,"-7.30900 0.90000 -2.93800, 0.85000 0.10000 5.45000"
512,0.0000,Tx-Rx,0,-77.9059,"-7.30900 0.90000 -2.93800, 0.55000 0.10000 5.45000"
513,0.0000,Tx-Rx,0,-77.3117,"-7.30900 0.90000 -2.93800, 0.25000 0.10000 5.45000"
514,0.0000,Tx-Rx,0,-65.5005,"-7.30900 0.90000 -2.93800, -0.05000 0.10000 5.45000"
515,0.0000,Tx-Rx,0,-63.6419,"-7.30900 0.90000 -2.93800, -0.35000 0.10000 5.45000"
516,0.0000,Tx-Rx,0,-63.0734,"-7.30900 0.90000 -2.93800, -0.65000 0.10000 5.45000"
517,0.0000,Tx-Rx,0,-63.1674,"-7.30900 0.90000 -2.93800, -0.95000 0.10000 5.45000"
518,0.0000,Tx-Rx,0,-62.6852,"-7.30900 0.90000 -2.93800, -1.25000 0.10000 5.45000"
519,0.0000,Tx-Rx,0,-62.7298,"-7.30900 0.90000 -2.93800, -1.55000 0.10000 5.45000"
520,0.0000,Tx-Rx,0,-63.0929,"-7.30900 0.90000 -2.93800, -1.85000 0.10000 5.45000"
521,0.0000,Tx-Rx,0,-61.8600,"-7.30900 0.90000 -2.93800, -2.15000 0.10000 5.45000"
522,0.0000,Tx-Rx,0,-63.5274,"-7.30900 0.90000 -2.93800, -2.45000 0.10000 5.45000"
523,0.0000,Tx-Rx,0,-64.2418,"-7.30900 0.90000 -2.93800, -2.75000 0.10000 5.45000"
524,0.0000,Tx-Rx,0,-63.9812,"-7.30900 0.90000 -2.93800, -3.05000 0.10000 5.45000"
525,0.0000,Tx-Rx,0,-62.7653,"-7.30900 0.90000 -2.93800, -3.35000 0.10000 5.45000"
526,0.0000,Tx-Rx,0,-63.4535,"-7.30900 0.90000 -2.93800, -3.65000 0.10000 5.45000"
527,0.0000,Tx-Rx,0,-65.1123,"-7.30900 0.90000 -2.93800, -3.95000 0.10000 5.45000"
528,0.0000,Tx-Rx,0,-66.2790,"-7.30900 0.90000 -2.93800, -4.25000 0.10000 5.45000"
529,0.0000,Tx-Rx,0,-64.1334,"-7.30900 0.90000 -2.93800, -4.55000 0.10000 5.45000"
530,0.0000,Tx-Rx,0,-67.9709,"-7.30900 0.90000 -2.93800, -4.85000 0.10000 5.45000"
531,0.0000,Tx-Rx,0,-68.6980,"-7.30900 0.90000 -2.93800, -5.15000 0.10000 5.45000"
532,0.0000,Tx-Rx,0,-65.9443,"-7.30900 0.90000 -2.93800, -5.45000 0.10000 5.45000"
533,0.0000,Tx-Rx,0,-65.4423,"-7.30900 0.90000 -2.93800, -5.75000 0.10000 5.45000"
534,0.0000,Tx-Rx,0,-62.0692,"-7.30900 0.90000 -2.93800, -6.05000 0.10000 5.45000"
535,0.0000,Tx-Rx,0,-60.9379,"-7.30900 0.90000 -2.93800, -6.35000 0.10000 5.45000"
536,0.0000,Tx-Rx,0,-59.8577,"-7.30900 0.90000 -2.93800, -6.65000 0.10000 5.45000"
537,0.0000,Tx-Rx,0,-59.1099,"-7.30900 0.90000 -2.93800, -6.95000 0.10000 5.45000"
538,0.0000,Tx-Rx,0,-59.0086,"-7.30900 0.90000 -2.93800, -7.25000 0.10000 5.45000"
539,0.0000,Tx-Rx,0,-58.7848,"-7.30900 0.90000 -2.93800, -7.55000 0.10000 5.45000"
540,0.0000,Tx-Rx,0,-58.4670,"-7.30900 0.90000 -2.93800, -7.85000 0.10000 5.45000"
541,0.0000,Tx-Rx,0,-94.5604,"-7.30900 0.90000 -2.93800, 9.85000 0.10000 5.15000"
542,0.0000,Tx-Rx,0,-97.7850,"-7.30900 0.90000 -2.93800, 9.55000 0.10000 5.15000"
543,0.0000,Tx-Rx,0,-110.1492,"-7.30900 0.90000 -2.93800, 9.25000 0.10000 5.15000"
544,0.0000,Tx-Rx,0,-120.0000,"-7.30900 0.90000 -2.93800, 8.95000 0.10000 5.15000"
545,0.0000,Tx-Rx,0,-98.8905,"-7.30900 0.90000 -2.93800, 8.65000 0.10000 5.15000"
546,0.0000,Tx-Rx,0,-114.8742,"-7.30900 0.90000 -2.93800, 8.35000 0.10000 5.15000"
547,0.0000,Tx-Rx,0,-82.6464,"-7.30900 0.90000 -2.93800, 8.05000 0.10000 5.15000"
548,0.0000,Tx-Rx,0,-80.0127,"-7.30900 0.90000 -2.93800, 7.75000 0.10000 5.15000"
549,0.0000,Tx-Rx,0,-82.9716,"-7.30900 0.90000 -2.93800, 7.45000 0.10000 5.15000"
550,0.0000,Tx-Rx,0,-81.1125,"-7.30900 0.90000 -2.93800, 7.15000 0.10000 5.15000"
551,0.0000,Tx-Rx,0,-77.7185,"-7.30900 0.90000 -2.93800, 6.85000 0.10000 5.15000"
552,0.0000,Tx-Rx,0,-74.3046,"-7.30900 0.90000 -2.93800, 6.55000 0.10000 5.15000"
553,0.0000,Tx-Rx,0,-74.0764,"-7.30900 0.90000 -2.93800, 6.25000 0.10000 5.15000"
554,0.0000,Tx-Rx,0,-75.5019,"-7.30900 0.90000 -2.93800, 5.95000 0.10000 5.15000"
555,0.0000,Tx-Rx,0,-76.9451,"-7.30900 0.90000 -2.93800, 5.65000 0.10000 5.15000"
556,0.0000,Tx-Rx,0,-74.0258,"-7.30900 0.90000 -2.93800, 5.35000 0.10000 5.15000"
557,0.0000,Tx-Rx,0,-73.2305,"-7.30900 0.90000 -2.93800, 5.05000 0.10000 5.15000"
558,0.0000,Tx-Rx,0,-71.6860,"-7.30900 0.90000 -2.93800, 4.75000 0.10000 5.15000"
559,0.0000,Tx-Rx,0,-71.4124,"-7.30900 0.90000 -2.93800, 4.45000 0.10000 5.15000"
560,0.0000,Tx-Rx,0,-71.2613,"-7.30900 0.90000 -2.93800, 4.15000 0.10000 5.15000"
561,0.0000,Tx-Rx,0,-72.5933,"-7.30900 0.90000 -2.93800, 3.85000 0.10000 5.15000"
562,0.0000,Tx-Rx,0,-73.1196,"-7.30900 0.90000 -2.93800, 3.55000 0.10000 5.15000"
563,0.0000,Tx-Rx,0,-72.4207,"-7.30900 0.90000 -2.93800, 3.25000 0.10000 5.15000"
564,0.0000,Tx-Rx,0,-72.3177,"-7.30900 0.90000 -2.93800, 2.95000 0.10000 5.15000"
565,0.0000,Tx-Rx,0,-74.1823,"-7.30900 0.90000 -2.93800, 2.65000 0.10000 5.15000"
566,0.0000,Tx-Rx,0,-72.0497,"-7.30900 0.90000 -2.93800, 2.35000 0.10000 5.15000"
567,0.0000,Tx-Rx,0,-73.7822,"-7.30900 0.90000 -2.93800, 2.05000 0.10000 5.15000"
568,0.0000,Tx-Rx,0,-73.2771,"-7.30900 0.90000 -2.93800, 1.75000 0.10000 5.15000"
569,0.0000,Tx-Rx,0,-76.8766,"-7.30900 0.90000 -2.93800, 1.45000 0.10000 5.15000"
570,0.0000,Tx-Rx,0,-77.4001,"-7.30900 0.90000 -2.93800, 1.15000 0.10000 5.15000"
571,0.0000,Tx-Rx,0,-76.7172,"-7.30900 0.90000 -2.93800, 0.85000 0.10000 5.15000"
572,0.0000,Tx-Rx,0,-75.2148,"-7.30900 0.90000 -2.93800, 0.55000 0.10000 5.15000"
573,0.0000,Tx-Rx,0,-75.0026,"-7.30900 0.90000 -2.93800, 0.25000 0.10000 5.15000"
574,0.0000,Tx-Rx,0,-65.3788,"-7.30900 0.90000 -2.93800, -0.05000 0.10000 5.15000"
575,0.0000,Tx-Rx,0,-62.6498,"-7.30900 0.90000 -2.93800, -0.35000 0.10000 5.15000"
576,0.0000,Tx-Rx,0,-63.1320,"-7.30900 0.90000 -2.93800, -0.65000 0.10000 5.15000"
577,0.0000,Tx-Rx,0,-63.1675,"-7.30900 0.90000 -2.93800, -0.95000 0.10000 5.15000"
578,0.0000,Tx-Rx,0,-62.3725,"-7.30900 0.90000 -2.93800, -1.25000 0.10000 5.15000"
579,0.0000,Tx-Rx,0,-61.6106,"-7.30900 0.90000 -2.93800, -1.55000 0.10000 5.15000"
580,0.0000,Tx-Rx,0,-62.1153,"-7.30900 0.90000 -2.93800, -1.85000 0.10000 5.15000"
581,0.0000,Tx-Rx,0,-65.2030,"-7.30900 0.90000 -2.93800, -2.15000 0.10000 5.15000"
582,0.0000,Tx-Rx,0,-65.3633,"-7.30900 0.90000 -2.93800, -2.45000 0.10000 5.15000"
583,0.0000,Tx-Rx,0,-65.2490,"-7.30900 0.90000 -2.93800, -2.75000 0.10000 5.15000"
584,0.0000,Tx-Rx,0,-66.4245,"-7.30900 0.90000 -2.93800, -3.05000 0.10000 5.15000"
585,0.0000,Tx-Rx,0,-64.6008,"-7.30900 0.90000 -2.93800, -3.35000 0.10000 5.15000"
586,0.0000,Tx-Rx,0,-64.4458,"-7.30900 0.90000 -2.93800, -3.65000 0.10000 5.15000"
587,0.0000,Tx-Rx,0,-64.4167,"-7.30900 0.90000 -2.93800, -3.95000 0.10000 5.15000"
588,0.0000,Tx-Rx,0,-66.8599,"-7.30900 0.90000 -2.93800, -4.25000 0.10000 5.15000"
589,0.0000,Tx-Rx,0,-64.0908,"-7.30900 0.90000 -2.93800, -4.55000 0.10000 5.15000"
590,0.0000,Tx-Rx,0,-67.8561,"-7.30900 0.90000 -2.93800, -4.85000 0.10000 5.15000"
591,0.0000,Tx-Rx,0,-68.2192,"-7.30900 0.90000 -2.93800, -5.15000 0.10000 5.15000"
592,0.0000,Tx-Rx,0,-66.0939,"-7.30900 0.90000 -2.93800, -5.45000 0.10000 5.15000"
593,0.0000,Tx-Rx,0,-65.2049,"-7.30900 0.90000 -2.93800, -5.75000 0.10000 5.15000"
594,0.0000,Tx-Rx,0,-62.5052,"-7.30900 0.90000 -2.93800, -6.05000 0.10000 5.15000"
595,0.0000,Tx-Rx,0,-61.3788,"-7.30900 0.90000 -2.93800, -6.35000 0.10000 5.15000"
596,0.0000,Tx-Rx,0,-59.8285,"-7.30900 0.90000 -2.93800, -6.65000 0.10000 5.15000"
597,0.0000,Tx-Rx,0,-59.2809,"-7.30900 0.90000 -2.93800, -6.95000 0.10000 5.15000"
598,0.0000,Tx-Rx,0,-59.2240,"-7.30900 0.90000 -2.93800, -7.25000 0.10000 5.15000"
599,0.0000,Tx-Rx,0,-59.1060,"-7.30900 0.90000 -2.93800, -7.55000 0.10000 5.15000"
600,0.0000,Tx-Rx,0,-58.6393,"-7.30900 0.90000 -2.93800, -7.85000 0.10000 5.15000"
601,0.0000,Tx-Rx,0,-105.6949,"-7.30900 0.90000 -2.93800, 9.85000 0.10000 4.85000"
602,0.0000,Tx-Rx,0,-99.9343,"-7.30900 0.90000 -2.93800, 9.55000 0.10000 4.85000"
603,0.0000,Tx-Rx,0,-88.1847,"-7.30900 0.90000 -2.93800, 9.25000 0.10000 4.85000"
604,0.0000,Tx-Rx,0,-120.0000,"-7.30900 0.90000 -2.93800, 8.95000 0.10000 4.85000"
605,0.0000,Tx-Rx,0,-114.1649,"-7.30900 0.90000 -2.93800, 8.65000 0.10000 4.85000"
606,0.0000,Tx-Rx,0,-94.9960,"-7.30900 0.90000 -2.93800, 8.35000 0.10000 4.85000"
607,0.0000,Tx-Rx,0,-81.5755,"-7.30900 0.90000 -2.93800, 8.05000 0.10000 4.85000"
608,0.0000,Tx-Rx,0,-77.6525,"-7.30900 0.90000 -2.93800, 7.75000 0.10000 4.85000"
609,0.0000,Tx-Rx,0,-79.0126,"-7.30900 0.90000 -2.93800, 7.45000 0.10000 4.85000"
610,0.0000,Tx-Rx,0,-81.2508,"-7.30900 0.90000 -2.93800, 7.15000 0.10000 4.85000"
611,0.0000,Tx-Rx,0,-75.9306,"-7.30900 0.90000 -2.93800, 6.85000 0.10000 4.85000"
612,0.0000,Tx-Rx,0,-73.5151,"-7.30900 0.90000 -2.93800, 6.55000 0.10000 4.85000"
613,0.0000,Tx-Rx,0,-72.7538,"-7.30900 0.90000 -2.93800, 6.25000 0.10000 4.85000"
614,0.0000,Tx-Rx,0,-76.4530,"-7.30900 0.90000 -2.93800, 5.95000 0.10000 4.85000"
615,0.0000,Tx-Rx,0,-78.5674,"-7.30900 0.90000 -2.93800, 5.65000 0.10000 4.85000"
616,0.0000,Tx-Rx,0,-76.0384,"-7.30900 0.90000 -2.93800, 5.35000 0.10000 4.85000"
617,0.0000,Tx-Rx,0,-73.0802,"-7.30900 0.90000 -2.93800, 5.05000 0.10000 4.85000"
618,0.0000,Tx-Rx,0,-73.6940,"-7.30900 0.90000 -2.93800, 4.75000 0.10000 4.85000"
619,0.0000,Tx-Rx,0,-73.0774,"-7.30900 0.90000 -2.93800, 4.45000 0.10000 4.85000"
620,0.0000,Tx-Rx,0,-72.4621,"-7.30900 0.90000 -2.93800, 4.15000 0.10000 4.85000"
621,0.0000,Tx-Rx,0,-72.3623,"-7.30900 0.90000 -2.93800, 3.85000 0.10000 4.85000"
622,0.0000,Tx-Rx,0,-71.8235,"-7.30900 0.90000 -2.93800, 3.55000 0.10000 4.85000"
623,0.0000,Tx-Rx,0,-72.0847,"-7.30900 0.90000 -2.93800, 3.25000 0.10000 4.85000"
624,0.0000,Tx-Rx,0,-70.9682,"-7.30900 0.90000 -2.93800, 2.95000 0.10000 4.85000"
625,0.0000,Tx-Rx,0,-71.7693,"-7.30900 0.90000 -2.93800, 2.65000 0.10000 4.85000"
626,0.0000,Tx-Rx,0,-73.0826,"-7.30900 0.90000 -2.93800, 2.35000 0.10000 4.85000"
627,0.0000,Tx-Rx,0,-73.2987,"-7.30900 0.90000 -2.93800, 2.05000 0.10000 4.85000"
628,0.0000,Tx-Rx,0,-72.4587,"-7.30900 0.90000 -2.93800, 1.75000 0.10000 4.85000"
629,0.0000,Tx-Rx,0,-73.8203,"-7.30900 0.90000 -2.93800, 1.45000 0.10000 4.85000"
630,0.0000,Tx-Rx,0,-74.2032,"-7.30900 0.90000 -2.93800, 1.15000 0.10000 4.85000"
631,0.0000,Tx-Rx,0,-75.6321,"-7.30900 0.90000 -2.93800, 0.85000 0.10000 4.85000"
632,0.0000,Tx-Rx,0,-75.1132,"-7.30900 0.90000 -2.93800, 0.55000 0.10000 4.85000"
633,0.0000,Tx-Rx,0,-74.5618,"-7.30900 0.90000 -2.93800, 0.25000 0.10000 4.85000"
634,0.0000,Tx-Rx,0,-62.5062,"-7.30900 0.90000 -2.93800, -0.05000 0.10000 4.85000"
635,0.0000,Tx-Rx,0,-62.5520,"-7.30900 0.90000 -2.93800, -0.35000 0.10000 4.85000"
636,0.0000,Tx-Rx,0,-62.9477,"-7.30900 0.90000 -2.93800, -0.65000 0.10000 4.85000"
637,0.0000,Tx-Rx,0,-62.3080,"-7.30900 0.90000 -2.93800, -0.95000 0.10000 4.85000"
638,0.0000,Tx-Rx,0,-61.0558,"-7.30900 0.90000 -2.93800, -1.25000 0.10000 4.85000"
639,0.0000,Tx-Rx,0,-61.2243,"-7.30900 0.90000 -2.93800, -1.55000 0.10000 4.85000"
640,0.0000,Tx-Rx,0,-63.9878,"-7.30900 0.90000 -2.93800, -1.85000 0.10000 4.85000"
641,0.0000,Tx-Rx,0,-65.9316,"-7.30900 0.90000 -2.93800, -2.15000 0.10000 4.85000"
642,0.0000,Tx-Rx,0,-66.2169,"-7.30900 0.90000 -2.93800, -2.45000 0.10000 4.85000"
643,0.0000,Tx-Rx,0,-67.0529,"-7.30900 0.90000 -2.93800, -2.75000 0.10000 4.85000"
644,0.0000,Tx-Rx,0,-67.8260,"-7.30900 0.90000 -2.93800, -3.05000 0.10000 4.85000"
645,0.0000,Tx-Rx,0,-66.1169,"-7.30900 0.90000 -2.93800, -3.35000 0.10000 4.85000"
646,0.0000,Tx-Rx,0,-64.0911,"-7.30900 0.90000 -2.93800, -3.65000 0.10000 4.85000"
647,0.0000,Tx-Rx,0,-64.6960,"-7.30900 0.90000 -2.93800, -3.95000 0.10000 4.85000"
648,0.0000,Tx-Rx,0,-68.2766,"-7.30900 0.90000 -2.93800, -4.25000 0.10000 4.85000"
649,0.0000,Tx-Rx,0,-64.9865,"-7.30900 0.90000 -2.93800, -4.55000 0.10000 4.85000"
650,0.0000,Tx-Rx,0,-68.2555,"-7.30900 0.90000 -2.93800, -4.85000 0.10000 4.85000"
651,0.0000,Tx-Rx,0,-67.2154,"-7.30900 0.90000 -2.93800, -5.15000 0.10000 4.85000"
652,0.0000,Tx-Rx,0,-66.3420,"-7.30900 0.90000 -2.93800, -5.45000 0.10000 4.85000"
653,0.0000,Tx-Rx,0,-64.7462,"-7.30900 0.90000 -2.93800, -5.75000 0.10000 4.85000"
654,0.0000,Tx-Rx,0,-63.4118,"-7.30900 0.90000 -2.93800, -6.05000 0.10000 4.85000"
655,0.0000,Tx-Rx,0,-61.1842,"-7.30900 0.90000 -2.93800, -6.35000 0.10000 4.85000"
656,0.0000,Tx-Rx,0,-60.0870,"-7.30900 0.90000 -2.93800, -6.65000 0.10000 4.85000"
657,0.0000,Tx-Rx,0,-59.5461,"-7.30900 0.90000 -2.93800, -6.95000 0.10000 4.85000"
658,0.0000,Tx-Rx,0,-59.1707,"-7.30900 0.90000 -2.93800, -7.25000 0.10000 4.85000"
659,0.0000,Tx-Rx,0,-59.1052,"-7.30900 0.90000 -2.93800, -7.55000 0.10000 4.85000"
660,0.0000,Tx-Rx,0,-58.8360,"-7.30900 0.90000 -2.93800, -7.85000 0.10000 4.85000"
661,0.0000,Tx-Rx,0,-100.7420,"-7.30900 0.90000 -2.93800, 9.85000 0.10000 4.55000"
662,0.0000,Tx-Rx,0,-93.7130,"-7.30900 0.90000 -2.93800, 9.55000 0.10000 4.55000"
663,0.0000,Tx-Rx,0,-104.0638,"-7.30900 0.90000 -2.93800, 9.25000 0.10000 4.55000"
664,0.0000,Tx-Rx,0,-98.0788,"-7.30900 0.90000 -2.93800, 8.95000 0.10000 4.55000"
665,0.0000,Tx-Rx,0,-95.2654,"-7.30900 0.90000 -2.93800, 8.65000 0.10000 4.55000"
666,0.0000,Tx-Rx,0,-112.1462,"-7.30900 0.90000 -2.93800, 8.35000 0.10000 4.55000"
667,0.0000,Tx-Rx,0,-86.5821,"-7.30900 0.90000 -2.93800, 8.05000 0.10000 4.55000"
668,0.0000,Tx-Rx,0,-82.1219,"-7.30900 0.90000 -2.93800, 7.75000 0.10000 4.55000"
669,0.0000,Tx-Rx,0,-75.4995,"-7.30900 0.90000 -2.93800, 7.45000 0.10000 4.55000"
670,0.0000,Tx-Rx,0,-73.4246,"-7.30900 0.90000 -2.93800, 7.15000 0.10000 4.55000"
671,0.0000,Tx-Rx,0,-75.2447,"-7.30900 0.90000 -2.93800, 6.85000 0.10000 4.55000"
672,0.0000,Tx-Rx,0,-75.9223,"-7.30900 0.90000 -2.93800, 6.55000 0.10000 4.55000"
673,0.0000,Tx-Rx,0,-73.7894,"-7.30900 0.90000 -2.93800, 6.25000 0.10000 4.55000"
674,0.0000,Tx-Rx,0,-73.7422,"-7.30900 0.90000 -2.93800, 5.95000 0.10000 4.55000"
675,0.0000,Tx-Rx,0,-77.6552,"-7.30900 0.90000 -2.93800, 5.65000 0.10000 4.55000"
676,0.0000,Tx-Rx,0,-76.4765,"-7.30900 0.90000 -2.93800, 5.35000 0.10000 4.55000"
677,0.0000,Tx-Rx,0,-74.0693,"-7.30900 0.90000 -2.93800, 5.05000 0.10000 4.55000"
678,0.0000,Tx-Rx,0,-74.7639,"-7.30900 0.90000 -2.93800, 4.75000 0.10000 4.55000"
679,0.0000,Tx-Rx,0,-72.8876,"-7.30900 0.90000 -2.93800, 4.45000 0.10000 4.55000"
680,0.0000,Tx-Rx,0,-72.2983,"-7.30900 0.90000 -2.93800, 4.15000 0.10000 4.55000"
681,0.0000,Tx-Rx,0,-71.8752,"-7.30900 0.90000 -2.93800, 3.85000 0.10000 4.55000"
682,0.0000,Tx-Rx,0,-72.8529,"-7.30900 0.90000 -2.93800, 3.55000 0.10000 4.55000"
683,0.0000,Tx-Rx,0,-71.9475,"-7.30900 0.90000 -2.93800, 3.25000 0.10000 4.55000"
684,0.0000,Tx-Rx,0,-70.5985,"-7.30900 0.90000 -2.93800, 2.95000 0.10000 4.55000"
685,0.0000,Tx-Rx,0,-71.2973,"-7.30900 0.90000 -2.93800, 2.65000 0.10000 4.55000"
686,0.0000,Tx-Rx,0,-72.6735,"-7.30900 0.90000 -2.93800, 2.35000 0.10000 4.55000"
687,0.0000,Tx-Rx,0,-73.4344,"-7.30900 0.90000 -2.93800, 2.05000 0.10000 4.55000"
688,0.0000,Tx-Rx,0,-73.1730,"-7.30900 0.90000 -2.93800, 1.75000 0.10000 4.55000"
689,0.0000,Tx-Rx,0,-71.2119,"-7.30900 0.90000 -2.93800, 1.45000 0.10000 4.55000"
690,0.0000,Tx-Rx,0,-73.2394,"-7.30900 0.90000 -2.93800, 1.15000 0.10000 4.55000"
691,0.0000,Tx-Rx,0,-72.7942,"-7.30900 0.90000 -2.93800, 0.85000 0.10000 4.55000"
692,0.0000,Tx-Rx,0,-74.1068,"-7.30900 0.90000 -2.93800, 0.55000 0.10000 4.55000"
693,0.0000,Tx-Rx,0,-73.4408,"-7.30900 0.90000 -2.93800, 0.25000 0.10000 4.55000"
694,0.0000,Tx-Rx,0,-59.9977,"-7.30900 0.90000 -2.93800, -0.05000 0.10000 4.55000"
695,0.0000,Tx-Rx,0,-60.4889,"-7.30900 0.90000 -2.93800, -0.35000 0.10000 4.55000"
696,0.0000,Tx-Rx,0,-62.3054,"-7.30900 0.90000 -2.93800, -0.65000 0.10000 4.55000"
697,0.0000,Tx-Rx,0,-60.7565,"-7.30900 0.90000 -2.93800, -0.95000 0.10000 4.55000"
698,0.0000,Tx-Rx,0,-61.0436,"-7.30900 0.90000 -2.93800, -1.25000 0.10000 4.55000"
699,0.0000,Tx-Rx,0,-62.8922,"-7.30900 0.90000 -2.93800, -1.55000 0.10000 4.55000"
700,0.0000,Tx-Rx,0,-63.3054,"-7.30900 0.90000 -2.93800, -1.85000 0.10000 4.55000"
701,0.0000,Tx-Rx,0,-65.2413,"-7.30900 0.90000 -2.93800, -2.15000 0.10000 4.55000"
702,0.0000,Tx-Rx,0,-67.1940,"-7.30900 0.90000 -2.93800, -2.45000 0.10000 4.55000"
703,0.0000,Tx-Rx,0,-66.7959,"-7.30900 0.90000 -2.93800, -2.75000 0.10000 4.55000"
704,0.0000,Tx-Rx,0,-66.3674,"-7.30900 0.90000 -2.93800, -3.05000 0.10000 4.55000"
705,0.0000,Tx-Rx,0,-64.7178,"-7.30900 0.90000 -2.93800, -3.35000 0.10000 4.55000"
706,0.0000,Tx-Rx,0,-62.9758,"-7.30900 0.90000 -2.93800, -3.65000 0.10000 4.55000"
707,0.0000,Tx-Rx,0,-63.8290,"-7.30900 0.90000 -2.93800, -3.95000 0.10000 4.55000"
708,0.0000,Tx-Rx,0,-67.6144,"-7.30900 0.90000 -2.93800, -4.25000 0.10000 4.55000"
709,0.0000,Tx-Rx,0,-64.9651,"-7.30900 0.90000 -2.93800, -4.55000 0.10000 4.55000"
710,0.0000,Tx-Rx,0,-66.6923,"-7.30900 0.90000 -2.93800, -4.85000 0.10000 4.55000"
711,0.0000,Tx-Rx,0,-66.1608,"-7.30900 0.90000 -2.93800, -5.15000 0.10000 4.55000"
712,0.0000,Tx-Rx,0,-66.1897,"-7.30900 0.90000 -2.93800, -5.45000 0.10000 4.55000"
713,0.0000,Tx-Rx,0,-64.2921,"-7.30900 0.90000 -2.93800, -5.75000 0.10000 4.55000"
714,0.0000,Tx-Rx,0,-63.8002,"-7.30900 0.90000 -2.93800, -6.05000 0.10000 4.55000"
715,0.0000,Tx-Rx,0,-61.6639,"-7.30900 0.90000 -2.93800, -6.35000 0.10000 4.55000"
716,0.0000,Tx-Rx,0,-60.0148,"-7.30900 0.90000 -2.93800, -6.65000 0.10000 4.55000"
717,0.0000,Tx-Rx,0,-59.7848,"-7.30900 0.90000 -2.93800, -6.95000 0.10000 4.55000"
718,0.0000,Tx-Rx,0,-59.6845,"-7.30900 0.90000 -2.93800, -7.25000 0.10000 4.55000"
719,0.0000,Tx-Rx,0,-59.2611,"-7.30900 0.90000 -2.93800, -7.55000 0.10000 4.55000"
720,0.0000,Tx-Rx,0,-59.3887,"-7.30900 0.90000 -2.93800, -7.85000 0.10000 4.55000"
721,0.0000,Tx-Rx,0,-100.8448,"-7.30900 0.90000 -2.93800, 9.85000 0.10000 4.25000"
722,0.0000,Tx-Rx,0,-101.5863,"-7.30900 0.90000 -2.93800, 9.55000 0.10000 4.25000"
723,0.0000,Tx-Rx,0,-103.2514,"-7.30900 0.90000 -2.93800, 9.25000 0.10000 4.25000"
724,0.0000,Tx-Rx,0,-94.8322,"-7.30900 0.90000 -2.93800, 8.95000 0.10000 4.25000"
725,0.0000,Tx-Rx,0,-104.1571,"-7.30900 0.90000 -2.93800, 8.65000 0.10000 4.25000"
726,0.0000,Tx-Rx,0,-92.2153,"-7.30900 0.90000 -2.93800, 8.35000 0.10000 4.25000"
727,0.0000,Tx-Rx,0,-80.6761,"-7.30900 0.90000 -2.93800, 8.05000 0.10000 4.25000"
728,0.0000,Tx-Rx,0,-74.5844,"-7.30900 0.90000 -2.93800, 7.75000 0.10000 4.25000"
729,0.0000,Tx-Rx,0,-75.1115,"-7.30900 0.90000 -2.93800, 7.45000 0.10000 4.25000"
730,0.0000,Tx-Rx,0,-77.6300,"-7.30900 0.90000 -2.93800, 7.15000 0.10000 4.25000"
731,0.0000,Tx-Rx,0,-77.0625,"-7.30900 0.90000 -2.93800, 6.85000 0.10000 4.25000"
732,0.0000,Tx-Rx,0,-77.2659,"-7.30900 0.90000 -2.93800, 6.55000 0.10000 4.25000"
733,0.0000,Tx-Rx,0,-76.1335,"-7.30900 0.90000 -2.93800, 6.25000 0.10000 4.25000"
734,0.0000,Tx-Rx,0,-72.3723,"-7.30900 0.90000 -2.93800, 5.95000 0.10000 4.25000"
735,0.0000,Tx-Rx,0,-72.9962,"-7.30900 0.90000 -2.93800, 5.65000 0.10000 4.25000"
736,0.0000,Tx-Rx,0,-76.5263,"-7.30900 0.90000 -2.93800, 5.35000 0.10000 4.25000"
737,0.0000,Tx-Rx,0,-78.3676,"-7.30900 0.90000 -2.93800, 5.05000 0.10000 4.25000"
738,0.0000,Tx-Rx,0,-73.9577,"-7.30900 0.90000 -2.93800, 4.75000 0.10000 4.25000"
739,0.0000,Tx-Rx,0,-72.9661,"-7.30900 0.90000 -2.93800, 4.45000 0.10000 4.25000"
740,0.0000,Tx-Rx,0,-71.8572,"-7.30900 0.90000 -2.93800, 4.15000 0.10000 4.25000"
741,0.0000,Tx-Rx,0,-71.2925,"-7.30900 0.90000 -2.93800, 3.85000 0.10000 4.25000"
742,0.0000,Tx-Rx,0,-71.4211,"-7.30900 0.90000 -2.93800, 3.55000 0.10000 4.25000"
743,0.0000,Tx-Rx,0,-71.1070,"-7.30900 0.90000 -2.93800, 3.25000 0.10000 4.25000"
744,0.0000,Tx-Rx,0,-71.0856,"-7.30900 0.90000 -2.93800, 2.95000 0.10000 4.25000"
745,0.0000,Tx-Rx,0,-70.7095,"-7.30900 0.90000 -2.93800, 2.65000 0.10000 4.25000"
746,0.0000,Tx-Rx,0,-71.4458,"-7.30900 0.90000 -2.93800, 2.35000 0.10000 4.25000"
747,0.0000,Tx-Rx,0,-72.6695,"-7.30900 0.90000 -2.93800, 2.05000 0.10000 4.25000"
748,0.0000,Tx-Rx,0,-72.0432,"-7.30900 0.90000 -2.93800, 1.75000 0.10000 4.25000"
749,0.0000,Tx-Rx,0,-72.2698,"-7.30900 0.90000 -2.93800, 1.45000 0.10000 4.25000"
750,0.0000,Tx-Rx,0,-73.1568,"-7.30900 0.90000 -2.93800, 1.15000 0.10000 4.25000"
751,0.0000,Tx-Rx,0,-72.5343,"-7.30900 0.90000 -2.93800, 0.85000 0.10000 4.25000"
752,0.0000,Tx-Rx,0,-71.1985,"-7.30900 0.90000 -2.93800, 0.55000 0.10000 4.25000"
753,0.0000,Tx-Rx,0,-69.7716,"-7.30900 0.90000 -2.93800, 0.25000 0.10000 4.25000"
754,0.0000,Tx-Rx,0,-59.5456,"-7.30900 0.90000 -2.93800, -0.05000 0.10000 4.25000"
755,0.0000,Tx-Rx,0,-57.7612,"-7.30900 0.90000 -2.93800, -0.35000 0.10000 4.25000"
756,0.0000,Tx-Rx,0,-59.1024,"-7.30900 0.90000 -2.93800, -0.65000 0.10000 4.25000"
757,0.0000,Tx-Rx,0,-61.2001,"-7.30900 0.90000 -2.93800, -0.95000 0.10000 4.25000"
758,0.0000,Tx-Rx,0,-62.2279,"-7.30900 0.90000 -2.93800, -1.25000 0.10000 4.25000"
759,0.0000,Tx-Rx,0,-62.7215,"-7.30900 0.90000 -2.93800, -1.55000 0.10000 4.25000"
760,0.0000,Tx-Rx,0,-62.8824,"-7.30900 0.90000 -2.93800, -1.85000 0.10000 4.25000"
761,0.0000,Tx-Rx,0,-64.3280,"-7.30900 0.90000 -2.93800, -2.15000 0.10000 4.25000"
762,0.0000,Tx-Rx,0,-66.5145,"-7.30900 0.90000 -2.93800, -2.45000 0.10000 4.25000"
763,0.0000,Tx-Rx,0,-64.7735,"-7.30900 0.90000 -2.93800, -2.75000 0.10000 4.25000"
764,0.0000,Tx-Rx,0,-63.4912,"-7.30900 0.90000 -2.93800, -3.05000 0.10000 4.25000"
765,0.0000,Tx-Rx,0,-63.6027,"-7.30900 0.90000 -2.93800, -3.35000 0.10000 4.25000"
766,0.0000,Tx-Rx,0,-62.2648,"-7.30900 0.90000 -2.93800, -3.65000 0.10000 4.25000"
767,0.0000,Tx-Rx,0,-62.3844,"-7.30900 0.90000 -2.93800, -3.95000 0.10000 4.25000"
768,0.0000,Tx-Rx,0,-64.5034,"-7.30900 0.90000 -2.93800, -4.25000 0.10000 4.25000"
769,0.0000,Tx-Rx,0,-64.9223,"-7.30900 0.90000 -2.93800, -4.55000 0.10000 4.25000"
770,0.0000,Tx-Rx,0,-65.0486,"-7.30900 0.90000 -2.93800, -4.85000 0.10000 4.25000"
771,0.0000,Tx-Rx,0,-66.2347,"-7.30900 0.90000 -2.93800, -5.15000 0.10000 4.25000"
772,0.0000,Tx-Rx,0,-65.3823,"-7.30900 0.90000 -2.93800, -5.45000 0.10000 4.25000"
773,0.0000,Tx-Rx,0,-65.4475,"-7.30900 0.90000 -2.93800, -5.75000 0.10000 4.25000"
774,0.0000,Tx-Rx,0,-63.9644,"-7.30900 0.90000 -2.93800, -6.05000 0.10000 4.25000"
775,0.0000,Tx-Rx,0,-61.8665,"-7.30900 0.90000 -2.93800, -6.35000 0.10000 4.25000"
776,0.0000,Tx-Rx,0,-59.8037,"-7.30900 0.90000 -2.93800, -6.65000 0.10000 4.25000"
777,0.0000,Tx-Rx,0,-59.4918,"-7.30900 0.90000 -2.93800, -6.95000 0.10000 4.25000"
778,0.0000,Tx-Rx,0,-59.1350,"-7.30900 0.90000 -2.93800, -7.25000 0.10000 4.25000"
779,0.0000,Tx-Rx,0,-58.7692,"-7.30900 0.90000 -2.93800, -7.55000 0.10000 4.25000"
780,0.0000,Tx-Rx,0,-58.7923,"-7.30900 0.90000 -2.93800, -7.85000 0.10000 4.25000"
781,0.0000,Tx-Rx,0,-104.4969,"-7.30900 0.90000 -2.93800, 9.85000 0.10000 3.95000"
782,0.0000,Tx-Rx,0,-97.0548,"-7.30900 0.90000 -2.93800, 9.55000 0.10000 3.95000"
783,0.0000,Tx-Rx,0,-94.4339,"-7.30900 0.90000 -2.93800, 9.25000 0.10000 3.95000"
784,0.0000,Tx-Rx,0,-99.9661,"-7.30900 0.90000 -2.93800, 8.95000 0.10000 3.95000"
785,0.0000,Tx-Rx,0,-94.1865,"-7.30900 0.90000 -2.93800, 8.65000 0.10000 3.95000"
786,0.0000,Tx-Rx,0,-97.0345,"-7.30900 0.90000 -2.93800, 8.35000 0.10000 3.95000"
787,0.0000,Tx-Rx,0,-71.8200,"-7.30900 0.90000 -2.93800, 8.05000 0.10000 3.95000"
788,0.0000,Tx-Rx,0,-67.5222,"-7.30900 0.90000 -2.93800, 7.75000 0.10000 3.95000"
789,0.0000,Tx-Rx,0,-73.0777,"-7.30900 0.90000 -2.93800, 7.45000 0.10000 3.95000"
790,0.0000,Tx-Rx,0,-77.3925,"-7.30900 0.90000 -2.93800, 7.15000 0.10000 3.95000"
791,0.0000,Tx-Rx,0,-77.2438,"-7.30900 0.90000 -2.93800, 6.85000 0.10000 3.95000"
792,0.0000,Tx-Rx,0,-77.6025,"-7.30900 0.90000 -2.93800, 6.55000 0.10000 3.95000"
793,0.0000,Tx-Rx,0,-79.3849,"-7.30900 0.90000 -2.93800, 6.25000 0.10000 3.95000"
794,0.0000,Tx-Rx,0,-77.8863,"-7.30900 0.90000 -2.93800, 5.95000 0.10000 3.95000"
795,0.0000,Tx-Rx,0,-73.3042,"-7.30900 0.90000 -2.93800, 5.65000 0.10000 3.95000"
796,0.0000,Tx-Rx,0,-73.4532,"-7.30900 0.90000 -2.93800, 5.35000 0.10000 3.95000"
797,0.0000,Tx-Rx,0,-74.5300,"-7.30900 0.90000 -2.93800, 5.05000 0.10000 3.95000"
798,0.0000,Tx-Rx,0,-73.1798,"-7.30900 0.90000 -2.93800, 4.75000 0.10000 3.95000"
799,0.0000,Tx-Rx,0,-72.4314,"-7.30900 0.90000 -2.93800, 4.45000 0.10000 3.95000"
800,0.0000,Tx-Rx,0,-72.1799,"-7.30900 0.90000 -2.93800, 4.15000 0.10000 3.95000"
801,0.0000,Tx-Rx,0,-70.9886,"-7.30900 0.90000 -2.93800, 3.85000 0.10000 3.95000"
802,0.0000,Tx-Rx,0,-70.8151,"-7.30900 0.90000 -2.93800, 3.55000 0.10000 3.95000"
803,0.0000,Tx-Rx,0,-71.0194,"-7.30900 0.90000 -2.93800, 3.25000 0.10000 3.95000"
804,0.0000,Tx-Rx,0,-70.6212,"-7.30900 0.90000 -2.93800, 2.95000 0.10000 3.95000"
805,0.0000,Tx-Rx,0,-70.1001,"-7.30900 0.90000 -2.93800, 2.65000 0.10000 3.95000"
806,0.0000,Tx-Rx,0,-70.5677,"-7.30900 0.90000 -2.93800, 2.35000 0.10000 3.95000"
807,0.0000,Tx-Rx,0,-72.2616,"-7.30900 0.90000 -2.93800, 2.05000 0.10000 3.95000"
808,0.0000,Tx-Rx,0,-73.5421,"-7.30900 0.90000 -2.93800, 1.75000 0.10000 3.95000"
809,0.0000,Tx-Rx,0,-71.9922,"-7.30900 0.90000 -2.93800, 1.45000 0.10000 3.95000"
810,0.0000,Tx-Rx,0,-71.3450,"-7.30900 0.90000 -2.93800, 1.15000 0.10000 3.95000"
811,0.0000,Tx-Rx,0,-69.7433,"-7.30900 0.90000 -2.93800, 0.85000 0.10000 3.95000"
812,0.0000,Tx-Rx,0,-66.4452,"-7.30900 0.90000 -2.93800, 0.55000 0.10000 3.95000"
813,0.0000,Tx-Rx,0,-67.1541,"-7.30900 0.90000 -2.93800, 0.25000 0.10000 3.95000"
814,0.0000,Tx-Rx,0,-59.5244,"-7.30900 0.90000 -2.93800, -0.05000 0.10000 3.95000"
815,0.0000,Tx-Rx,0,-57.1612,"-7.30900 0.90000 -2.93800, -0.35000 0.10000 3.95000"
816,0.0000,Tx-Rx,0,-57.2174,"-7.30900 0.90000 -2.93800, -0.65000 0.10000 3.95000"
817,0.0000,Tx-Rx,0,-60.5665,"-7.30900 0.90000 -2.93800, -0.95000 0.10000 3.95000"
818,0.0000,Tx-Rx,0,-62.0126,"-7.30900 0.90000 -2.93800, -1.25000 0.10000 3.95000"
819,0.0000,Tx-Rx,0,-61.5436,"-7.30900 0.90000 -2.93800, -1.55000 0.10000 3.95000"
820,0.0000,Tx-Rx,0,-61.4519,"-7.30900 0.90000 -2.93800, -1.85000 0.10000 3.95000"
821,0.0000,Tx-Rx,0,-63.6261,"-7.30900 0.90000 -2.93800, -2.15000 0.10000 3.95000"
822,0.0000,Tx-Rx,0,-63.8071,"-7.30900 0.90000 -2.93800, -2.45000 0.10000 3.95000"
823,0.0000,Tx-Rx,0,-62.5795,"-7.30900 0.90000 -2.93800, -2.75000 0.10000 3.95000"
824,0.0000,Tx-Rx,0,-62.3539,"-7.30900 0.90000 -2.93800, -3.05000 0.10000 3.95000"
825,0.0000,Tx-Rx,0,-62.7231,"-7.30900 0.90000 -2.93800, -3.35000 0.10000 3.95000"
826,0.0000,Tx-Rx,0,-61.8486,"-7.30900 0.90000 -2.93800, -3.65000 0.10000 3.95000"
827,0.0000,Tx-Rx,0,-61.0165,"-7.30900 0.90000 -2.93800, -3.95000 0.10000 3.95000"
828,0.0000,Tx-Rx,0,-61.7695,"-7.30900 0.90000 -2.93800, -4.25000 0.10000 3.95000"
829,0.0000,Tx-Rx,0,-63.0365,"-7.30900 0.90000 -2.93800, -4.55000 0.10000 3.95000"
830,0.0000,Tx-Rx,0,-64.5438,"-7.30900 0.90000 -2.93800, -4.85000 0.10000 3.95000"
831,0.0000,Tx-Rx,0,-64.8136,"-7.30900 0.90000 -2.93800, -5.15000 0.10000 3.95000"
832,0.0000,Tx-Rx,0,-65.1523,"-7.30900 0.90000 -2.93800, -5.45000 0.10000 3.95000"
833,0.0000,Tx-Rx,0,-66.0825,"-7.30900 0.90000 -2.93800, -5.75000 0.10000 3.95000"
834,0.0000,Tx-Rx,0,-64.1761,"-7.30900 0.90000 -2.93800, -6.05000 0.10000 3.95000"
835,0.0000,Tx-Rx,0,-62.4383,"-7.30900 0.90000 -2.93800, -6.35000 0.10000 3.95000"
836,0.0000,Tx-Rx,0,-59.4587,"-7.30900 0.90000 -2.93800, -6.65000 0.10000 3.95000"
837,0.0000,Tx-Rx,0,-59.0082,"-7.30900 0.90000 -2.93800, -6.95000 0.10000 3.95000"
838,0.0000,Tx-Rx,0,-58.0180,"-7.30900 0.90000 -2.93800, -7.25000 0.10000 3.95000"
839,0.0000,Tx-Rx,0,-58.0299,"-7.30900 0.90000 -2.93800, -7.55000 0.10000 3.95000"
840,0.0000,Tx-Rx,0,-57.9264,"-7.30900 0.90000 -2.93800, -7.85000 0.10000 3.95000"
841,0.0000,Tx-Rx,0,-106.7904,"-7.30900 0.90000 -2.93800, 9.85000 0.10000 3.65000"
842,0.0000,Tx-Rx,0,-96.2093,"-7.30900 0.90000 -2.93800, 9.55000 0.10000 3.65000"
843,0.0000,Tx-Rx,0,-98.0035,"-7.30900 0.90000 -2.93800, 9.25000 0.10000 3.65000"
844,0.0000,Tx-Rx,0,-100.2539,"-7.30900 0.90000 -2.93800, 8.95000 0.10000 3.65000"
845,0.0000,Tx-Rx,0,-96.0764,"-7.30900 0.90000 -2.93800, 8.65000 0.10000 3.65000"
846,0.0000,Tx-Rx,0,-99.7795,"-7.30900 0.90000 -2.93800, 8.35000 0.10000 3.65000"
847,0.0000,Tx-Rx,0,-74.5685,"-7.30900 0.90000 -2.93800, 8.05000 0.10000 3.65000"
848,0.0000,Tx-Rx,0,-69.6807,"-7.30900 0.90000 -2.93800, 7.75000 0.10000 3.65000"
849,0.0000,Tx-Rx,0,-67.1154,"-7.30900 0.90000 -2.93800, 7.45000 0.10000 3.65000"
850,0.0000,Tx-Rx,0,-68.2945,"-7.30900 0.90000 -2.93800, 7.15000 0.10000 3.65000"
851,0.0000,Tx-Rx,0,-77.7118,"-7.30900 0.90000 -2.93800, 6.85000 0.10000 3.65000"
852,0.0000,Tx-Rx,0,-79.0990,"-7.30900 0.90000 -2.93800, 6.55000 0.10000 3.65000"
853,0.0000,Tx-Rx,0,-78.3993,"-7.30900 0.90000 -2.93800, 6.25000 0.10000 3.65000"
854,0.0000,Tx-Rx,0,-75.2953,"-7.30900 0.90000 -2.93800, 5.95000 0.10000 3.65000"
855,0.0000,Tx-Rx,0,-76.0606,"-7.30900 0.90000 -2.93800, 5.65000 0.10000 3.65000"
856,0.0000,Tx-Rx,0,-72.9931,"-7.30900 0.90000 -2.93800, 5.35000 0.10000 3.65000"
857,0.0000,Tx-Rx,0,-72.1731,"-7.30900 0.90000 -2.93800, 5.05000 0.10000 3.65000"
858,0.0000,Tx-Rx,0,-74.6837,"-7.30900 0.90000 -2.93800, 4.75000 0.10000 3.65000"
859,0.0000,Tx-Rx,0,-72.1116,"-7.30900 0.90000 -2.93800, 4.45000 0.10000 3.65000"
860,0.0000,Tx-Rx,0,-70.5774,"-7.30900 0.90000 -2.93800, 4.15000 0.10000 3.65000"
861,0.0000,Tx-Rx,0,-69.5484,"-7.30900 0.90000 -2.93800, 3.85000 0.10000 3.65000"
862,0.0000,Tx-Rx,0,-69.0676,"-7.30900 0.90000 -2.93800, 3.55000 0.10000 3.65000"
863,0.0000,Tx-Rx,0,-69.5785,"-7.30900 0.90000 -2.93800, 3.25000 0.10000 3.65000"
864,0.0000,Tx-Rx,0,-70.9000,"-7.30900 0.90000 -2.93800, 2.95000 0.10000 3.65000"
865,0.0000,Tx-Rx,0,-71.3237,"-7.30900 0.90000 -2.93800, 2.65000 0.10000 3.65000"
866,0.0000,Tx-Rx,0,-71.0153,"-7.30900 0.90000 -2.93800, 2.35000 0.10000 3.65000"
867,0.0000,Tx-Rx,0,-72.0014,"-7.30900 0.90000 -2.93800, 2.05000 0.10000 3.65000"
868,0.0000,Tx-Rx,0,-70.3631,"-7.30900 0.90000 -2.93800, 1.75000 0.10000 3.65000"
869,0.0000,Tx-Rx,0,-67.7598,"-7.30900 0.90000 -2.93800, 1.45000 0.10000 3.65000"
870,0.0000,Tx-Rx,0,-68.4647,"-7.30900 0.90000 -2.93800, 1.15000 0.10000 3.65000"
871,0.0000,Tx-Rx,0,-67.8801,"-7.30900 0.90000 -2.93800, 0.85000 0.10000 3.65000"
872,0.0000,Tx-Rx,0,-65.9746,"-7.30900 0.90000 -2.93800, 0.55000 0.10000 3.65000"
873,0.0000,Tx-Rx,0,-66.7102,"-7.30900 0.90000 -2.93800, 0.25000 0.10000 3.65000"
874,0.0000,Tx-Rx,0,-57.7227,"-7.30900 0.90000 -2.93800, -0.05000 0.10000 3.65000"
875,0.0000,Tx-Rx,0,-57.8456,"-7.30900 0.90000 -2.93800, -0.35000 0.10000 3.65000"
876,0.0000,Tx-Rx,0,-57.6496,"-7.30900 0.90000 -2.93800, -0.65000 0.10000 3.65000"
877,0.0000,Tx-Rx,0,-57.5386,"-7.30900 0.90000 -2.93800, -0.95000 0.10000 3.65000"
878,0.0000,Tx-Rx,0,-60.4197,"-7.30900 0.90000 -2.93800, -1.25000 0.10000 3.65000"
879,0.0000,Tx-Rx,0,-62.9225,"-7.30900 0.90000 -2.93800, -1.55000 0.10000 3.65000"
880,0.0000,Tx-Rx,0,-62.5203,"-7.30900 0.90000 -2.93800, -1.85000 0.10000 3.65000"
881,0.0000,Tx-Rx,0,-63.7922,"-7.30900 0.90000 -2.93800, -2.15000 0.10000 3.65000"
882,0.0000,Tx-Rx,0,-64.6107,"-7.30900 0.90000 -2.93800, -2.45000 0.10000 3.65000"
883,0.0000,Tx-Rx,0,-63.3319,"-7.30900 0.90000 -2.93800, -2.75000 0.10000 3.65000"
884,0.0000,Tx-Rx,0,-63.2877,"-7.30900 0.90000 -2.93800, -3.05000 0.10000 3.65000"
885,0.0000,Tx-Rx,0,-63.5669,"-7.30900 0.90000 -2.93800, -3.35000 0.10000 3.65000"
886,0.0000,Tx-Rx,0,-63.5018,"-7.30900 0.90000 -2.93800, -3.65000 0.10000 3.65000"
887,0.0000,Tx-Rx,0,-61.8269,"-7.30900 0.90000 -2.93800, -3.95000 0.10000 3.65000"
888,0.0000,Tx-Rx,0,-62.7494,"-7.30900 0.90000 -2.93800, -4.25000 0.10000 3.65000"
889,0.0000,Tx-Rx,0,-62.4321,"-7.30900 0.90000 -2.93800, -4.55000 0.10000 3.65000"
890,0.0000,Tx-Rx,0,-63.5341,"-7.30900 0.90000 -2.93800, -4.85000 0.10000 3.65000"
891,0.0000,Tx-Rx,0,-64.1829,"-7.30900 0.90000 -2.93800, -5.15000 0.10000 3.65000"
892,0.0000,Tx-Rx,0,-64.8243,"-7.30900 0.90000 -2.93800, -5.45000 0.10000 3.65000"
893,0.0000,Tx-Rx,0,-66.6538,"-7.30900 0.90000 -2.93800, -5.75000 0.10000 3.65000"
894,0.0000,Tx-Rx,0,-64.0521,"-7.30900 0.90000 -2.93800, -6.05000 0.10000 3.65000"
895,0.0000,Tx-Rx,0,-62.7215,"-7.30900 0.90000 -2.93800, -6.35000 0.10000 3.65000"
896,0.0000,Tx-Rx,0,-59.0144,"-7.30900 0.90000 -2.93800, -6.65000 0.10000 3.65000"
897,0.0000,Tx-Rx,0,-57.8874,"-7.30900 0.90000 -2.93800, -6.95000 0.10000 3.65000"
898,0.0000,Tx-Rx,0,-56.3809,"-7.30900 0.90000 -2.93800, -7.25000 0.10000 3.65000"
899,0.0000,Tx-Rx,0,-56.1957,"-7.30900 0.90000 -2.93800, -7.55000 0.10000 3.65000"
900,0.0000,Tx-Rx,0,-56.2414,"-7.30900 0.90000 -2.93800, -7.85000 0.10000 3.65000"
901,0.0000,Tx-Rx,0,-92.1284,"-7.30900 0.90000 -2.93800, 9.85000 0.10000 3.35000"
902,0.0000,Tx-Rx,0,-92.5867,"-7.30900 0.90000 -2.93800, 9.55000 0.10000 3.35000"
903,0.0000,Tx-Rx,0,-99.4024,"-7.30900 0.90000 -2.93800, 9.25000 0.10000 3.35000"
904,0.0000,Tx-Rx,0,-109.0160,"-7.30900 0.90000 -2.93800, 8.95000 0.10000 3.35000"
905,0.0000,Tx-Rx,0,-99.1840,"-7.30900 0.90000 -2.93800, 8.65000 0.10000 3.35000"
906,0.0000,Tx-Rx,0,-94.5811,"-7.30900 0.90000 -2.93800, 8.35000 0.10000 3.35000"
907,0.0000,Tx-Rx,0,-74.2042,"-7.30900 0.90000 -2.93800, 8.05000 0.10000 3.35000"
908,0.0000,Tx-Rx,0,-69.6440,"-7.30900 0.90000 -2.93800, 7.75000 0.10000 3.35000"
909,0.0000,Tx-Rx,0,-68.9841,"-7.30900 0.90000 -2.93800, 7.45000 0.10000 3.35000"
910,0.0000,Tx-Rx,0,-69.1173,"-7.30900 0.90000 -2.93800, 7.15000 0.10000 3.35000"
911,0.0000,Tx-Rx,0,-66.9731,"-7.30900 0.90000 -2.93800, 6.85000 0.10000 3.35000"
912,0.0000,Tx-Rx,0,-70.0101,"-7.30900 0.90000 -2.93800, 6.55000 0.10000 3.35000"
913,0.0000,Tx-Rx,0,-74.4713,"-7.30900 0.90000 -2.93800, 6.25000 0.10000 3.35000"
914,0.0000,Tx-Rx,0,-73.5297,"-7.30900 0.90000 -2.93800, 5.95000 0.10000 3.35000"
915,0.0000,Tx-Rx,0,-74.0268,"-7.30900 0.90000 -2.93800, 5.65000 0.10000 3.35000"
916,0.0000,Tx-Rx,0,-73.7697,"-7.30900 0.90000 -2.93800, 5.35000 0.10000 3.35000"
917,0.0000,Tx-Rx,0,-71.5162,"-7.30900 0.90000 -2.93800, 5.05000 0.10000 3.35000"
918,0.0000,Tx-Rx,0,-71.8271,"-7.30900 0.90000 -2.93800, 4.75000 0.10000 3.35000"
919,0.0000,Tx-Rx,0,-72.3677,"-7.30900 0.90000 -2.93800, 4.45000 0.10000 3.35000"
920,0.0000,Tx-Rx,0,-71.0148,"-7.30900 0.90000 -2.93800, 4.15000 0.10000 3.35000"
921,0.0000,Tx-Rx,0,-70.1437,"-7.30900 0.90000 -2.93800, 3.85000 0.10000 3.35000"
922,0.0000,Tx-Rx,0,-69.1609,"-7.30900 0.90000 -2.93800, 3.55000 0.10000 3.35000"
923,0.0000,Tx-Rx,0,-68.7587,"-7.30900 0.90000 -2.93800, 3.25000 0.10000 3.35000"
924,0.0000,Tx-Rx,0,-69.7117,"-7.30900 0.90000 -2.93800, 2.95000 0.10000 3.35000"
925,0.0000,Tx-Rx,0,-69.5671,"-7.30900 0.90000 -2.93800, 2.65000 0.10000 3.35000"
926,0.0000,Tx-Rx,0,-67.7496,"-7.30900 0.90000 -2.93800, 2.35000 0.10000 3.35000"
927,0.0000,Tx-Rx,0,-67.3680,"-7.30900 0.90000 -2.93800, 2.05000 0.10000 3.35000"
928,0.0000,Tx-Rx,0,-66.4296,"-7.30900 0.90000 -2.93800, 1.75000 0.10000 3.35000"
929,0.0000,Tx-Rx,0,-66.4047,"-7.30900 0.90000 -2.93800, 1.45000 0.10000 3.35000"
930,0.0000,Tx-Rx,0,-66.2739,"-7.30900 0.90000 -2.93800, 1.15000 0.10000 3.35000"
931,0.0000,Tx-Rx,0,-66.8203,"-7.30900 0.90000 -2.93800, 0.85000 0.10000 3.35000"
932,0.0000,Tx-Rx,0,-67.3177,"-7.30900 0.90000 -2.93800, 0.55000 0.10000 3.35000"
933,0.0000,Tx-Rx,0,-68.6273,"-7.30900 0.90000 -2.93800, 0.25000 0.10000 3.35000"
934,0.0000,Tx-Rx,0,-57.9662,"-7.30900 0.90000 -2.93800, -0.05000 0.10000 3.35000"
935,0.0000,Tx-Rx,0,-55.7516,"-7.30900 0.90000 -2.93800, -0.35000 0.10000 3.35000"
936,0.0000,Tx-Rx,0,-58.3759,"-7.30900 0.90000 -2.93800, -0.65000 0.10000 3.35000"
937,0.0000,Tx-Rx,0,-57.7175,"-7.30900 0.90000 -2.93800, -0.95000 0.10000 3.35000"
938,0.0000,Tx-Rx,0,-57.6306,"-7.30900 0.90000 -2.93800, -1.25000 0.10000 3.35000"
939,0.0000,Tx-Rx,0,-60.4752,"-7.30900 0.90000 -2.93800, -1.55000 0.10000 3.35000"
940,0.0000,Tx-Rx,0,-62.4512,"-7.30900 0.90000 -2.93800, -1.85000 0.10000 3.35000"
941,0.0000,Tx-Rx,0,-62.2917,"-7.30900 0.90000 -2.93800, -2.15000 0.10000 3.35000"
942,0.0000,Tx-Rx,0,-64.0279,"-7.30900 0.90000 -2.93800, -2.45000 0.10000 3.35000"
943,0.0000,Tx-Rx,0,-64.7492,"-7.30900 0.90000 -2.93800, -2.75000 0.10000 3.35000"
944,0.0000,Tx-Rx,0,-63.2462,"-7.30900 0.90000 -2.93800, -3.05000 0.10000 3.35000"
945,0.0000,Tx-Rx,0,-63.2352,"-7.30900 0.90000 -2.93800, -3.35000 0.10000 3.35000"
946,0.0000,Tx-Rx,0,-64.2075,"-7.30900 0.90000 -2.93800, -3.65000 0.10000 3.35000"
947,0.0000,Tx-Rx,0,-61.6473,"-7.30900 0.90000 -2.93800, -3.95000 0.10000 3.35000"
948,0.0000,Tx-Rx,0,-61.7029,"-7.30900 0.90000 -2.93800, -4.25000 0.10000 3.35000"
949,0.0000,Tx-Rx,0,-61.6440,"-7.30900 0.90000 -2.93800, -4.55000 0.10000 3.35000"
950,0.0000,Tx-Rx,0,-61.9337,"-7.30900 0.90000 -2.93800, -4.85000 0.10000 3.35000"
951,0.0000,Tx-Rx,0,-64.9255,"-7.30900 0.90000 -2.93800, -5.15000 0.10000 3.35000"
952,0.0000,Tx-Rx,0,-67.1462,"-7.30900 0.90000 -2.93800, -5.45000 0.10000 3.35000"
953,0.0000,Tx-Rx,0,-67.3002,"-7.30900 0.90000 -2.93800, -5.75000 0.10000 3.35000"
954,0.0000,Tx-Rx,0,-64.0517,"-7.30900 0.90000 -2.93800, -6.05000 0.10000 3.35000"
955,0.0000,Tx-Rx,0,-62.8460,"-7.30900 0.90000 -2.93800, -6.35000 0.10000 3.35000"
956,0.0000,Tx-Rx,0,-59.6630,"-7.30900 0.90000 -2.93800, -6.65000 0.10000 3.35000"
957,0.0000,Tx-Rx,0,-57.8950,"-7.30900 0.90000 -2.93800, -6.95000 0.10000 3.35000"
958,0.0000,Tx-Rx,0,-56.1529,"-7.30900 0.90000 -2.93800, -7.25000 0.10000 3.35000"
959,0.0000,Tx-Rx,0,-56.1350,"-7.30900 0.90000 -2.93800, -7.55000 0.10000 3.35000"
960,0.0000,Tx-Rx,0,-55.7884,"-7.30900 0.90000 -2.93800, -7.85000 0.10000 3.35000"
961,0.0000,Tx-Rx,0,-78.0456,"-7.30900 0.90000 -2.93800, 9.85000 0.10000 3.05000"
962,0.0000,Tx-Rx,0,-73.2940,"-7.30900 0.90000 -2.93800, 9.55000 0.10000 3.05000"
963,0.0000,Tx-Rx,0,-68.3740,"-7.30900 0.90000 -2.93800, 9.25000 0.10000 3.05000"
964,0.0000,Tx-Rx,0,-67.9502,"-7.30900 0.90000 -2.93800, 8.95000 0.10000 3.05000"
965,0.0000,Tx-Rx,0,-73.9813,"-7.30900 0.90000 -2.93800, 8.65000 0.10000 3.05000"
966,0.0000,Tx-Rx,0,-73.8465,"-7.30900 0.90000 -2.93800, 8.35000 0.10000 3.05000"
967,0.0000,Tx-Rx,0,-72.5785,"-7.30900 0.90000 -2.93800, 8.05000 0.10000 3.05000"
968,0.0000,Tx-Rx,0,-69.4317,"-7.30900 0.90000 -2.93800, 7.75000 0.10000 3.05000"
969,0.0000,Tx-Rx,0,-69.1575,"-7.30900 0.90000 -2.93800, 7.45000 0.10000 3.05000"
970,0.0000,Tx-Rx,0,-68.7225,"-7.30900 0.90000 -2.93800, 7.15000 0.10000 3.05000"
971,0.0000,Tx-Rx,0,-68.1764,"-7.30900 0.90000 -2.93800, 6.85000 0.10000 3.05000"
972,0.0000,Tx-Rx,0,-67.1008,"-7.30900 0.90000 -2.93800, 6.55000 0.10000 3.05000"
973,0.0000,Tx-Rx,0,-65.8360,"-7.30900 0.90000 -2.93800, 6.25000 0.10000 3.05000"
974,0.0000,Tx-Rx,0,-68.3892,"-7.30900 0.90000 -2.93800, 5.95000 0.10000 3.05000"
975,0.0000,Tx-Rx,0,-70.1422,"-7.30900 0.90000 -2.93800, 5.65000 0.10000 3.05000"
976,0.0000,Tx-Rx,0,-70.7846,"-7.30900 0.90000 -2.93800, 5.35000 0.10000 3.05000"
977,0.0000,Tx-Rx,0,-71.6851,"-7.30900 0.90000 -2.93800, 5.05000 0.10000 3.05000"
978,0.0000,Tx-Rx,0,-70.3721,"-7.30900 0.90000 -2.93800, 4.75000 0.10000 3.05000"
979,0.0000,Tx-Rx,0,-70.9522,"-7.30900 0.90000 -2.93800, 4.45000 0.10000 3.05000"
980,0.0000,Tx-Rx,0,-70.3631,"-7.30900 0.90000 -2.93800, 4.15000 0.10000 3.05000"
981,0.0000,Tx-Rx,0,-68.9333,"-7.30900 0.90000 -2.93800, 3.85000 0.10000 3.05000"
982,0.0000,Tx-Rx,0,-68.1566,"-7.30900 0.90000 -2.93800, 3.55000 0.10000 3.05000"
983,0.0000,Tx-Rx,0,-67.8998,"-7.30900 0.90000 -2.93800, 3.25000 0.10000 3.05000"
984,0.0000,Tx-Rx,0,-66.6957,"-7.30900 0.90000 -2.93800, 2.95000 0.10000 3.05000"
985,0.0000,Tx-Rx,0,-66.1300,"-7.30900 0.90000 -2.93800, 2.65000 0.10000 3.05000"
986,0.0000,Tx-Rx,0,-65.8858,"-7.30900 0.90000 -2.93800, 2.35000 0.10000 3.05000"
987,0.0000,Tx-Rx,0,-66.2815,"-7.30900 0.90000 -2.93800, 2.05000 0.10000 3.05000"
988,0.0000,Tx-Rx,0,-66.2910,"-7.30900 0.90000 -2.93800, 1.75000 0.10000 3.05000"
989,0.0000,Tx-Rx,0,-67.3528,"-7.30900 0.90000 -2.93800, 1.45000 0.10000 3.05000"
990,0.0000,Tx-Rx,0,-67.0678,"-7.30900 0.90000 -2.93800, 1.15000 0.10000 3.05000"
991,0.0000,Tx-Rx,0,-68.0944,"-7.30900 0.90000 -2.93800, 0.85000 0.10000 3.05000"
992,0.0000,Tx-Rx,0,-68.7467,"-7.30900 0.90000 -2.93800, 0.55000 0.10000 3.05000"
993,0.0000,Tx-Rx,0,-69.2857,"-7.30900 0.90000 -2.93800, 0.25000 0.10000 3.05000"
994,0.0000,Tx-Rx,0,-60.1671,"-7.30900 0.90000 -2.93800, -0.05000 0.10000 3.05000"
995,0.0000,Tx-Rx,0,-56.9942,"-7.30900 0.90000 -2.93800, -0.35000 0.10000 3.05000"
996,0.0000,Tx-Rx,0,-55.5193,"-7.30900 0.90000 -2.93800, -0.65000 0.10000 3.05000"
997,0.0000,Tx-Rx,0,-57.7403,"-7.30900 0.90000 -2.93800, -0.95000 0.10000 3.05000"
998,0.0000,Tx-Rx,0,-57.4857,"-7.30900 0.90000 -2.93800, -1.25000 0.10000 3.05000"
999,0.0000,Tx-Rx,0,-57.2173,"-7.30900 0.90000 -2.93800, -1.55000 0.10000 3.05000"
1000,0.0000,Tx-Rx,0,-60.9677,"-7.30900 0.90000 -2.93800, -1.85000 0.10000 3.05000"
1001,0.0000,Tx-Rx,0,-62.4014,"-7.30900 0.90000 -2.93800, -2.15000 0.10000 3.05000"
1002,0.0000,Tx-Rx,0,-62.5561,"-7.30900 0.90000 -2.93800, -2.45000 0.10000 3.05000"
1003,0.0000,Tx-Rx,0,-63.6118,"-7.30900 0.90000 -2.93800, -2.75000 0.10000 3.05000"
1004,0.0000,Tx-Rx,0,-63.4807,"-7.30900 0.90000 -2.93800, -3.05000 0.10000 3.05000"
1005,0.0000,Tx-Rx,0,-63.1288,"-7.30900 0.90000 -2.93800, -3.35000 0.10000 3.05000"
1006,0.0000,Tx-Rx,0,-63.6245,"-7.30900 0.90000 -2.93800, -3.65000 0.10000 3.05000"
1007,0.0000,Tx-Rx,0,-60.4955,"-7.30900 0.90000 -2.93800, -3.95000 0.10000 3.05000"
1008,0.0000,Tx-Rx,0,-59.0828,"-7.30900 0.90000 -2.93800, -4.25000 0.10000 3.05000"
1009,0.0000,Tx-Rx,0,-60.0635,"-7.30900 0.90000 -2.93800, -4.55000 0.10000 3.05000"
1010,0.0000,Tx-Rx,0,-59.7413,"-7.30900 0.90000 -2.93800, -4.85000 0.10000 3.05000"
1011,0.0000,Tx-Rx,0,-60.7073,"-7.30900 0.90000 -2.93800, -5.15000 0.10000 3.05000"
1012,0.0000,Tx-Rx,0,-67.3971,"-7.30900 0.90000 -2.93800, -5.45000 0.10000 3.05000"
1013,0.0000,Tx-Rx,0,-67.4950,"-7.30900 0.90000 -2.93800, -5.75000 0.10000 3.05000"
1014,0.0000,Tx-Rx,0,-64.1719,"-7.30900 0.90000 -2.93800, -6.05000 0.10000 3.05000"
1015,0.0000,Tx-Rx,0,-63.0904,"-7.30900 0.90000 -2.93800, -6.35000 0.10000 3.05000"
1016,0.0000,Tx-Rx,0,-60.5593,"-7.30900 0.90000 -2.93800, -6.65000 0.10000 3.05000"
1017,0.0000,Tx-Rx,0,-57.8118,"-7.30900 0.90000 -2.93800, -6.95000 0.10000 3.05000"
1018,0.0000,Tx-Rx,0,-55.7425,"-7.30900 0.90000 -2.93800, -7.25000 0.10000 3.05000"
1019,0.0000,Tx-Rx,0,-55.6925,"-7.30900 0.90000 -2.93800, -7.55000 0.10000 3.05000"
1020,0.0000,Tx-Rx,0,-55.5513,"-7.30900 0.90000 -2.93800, -7.85000 0.10000 3.05000"
1021,0.0000,Tx-Rx,0,-69.4926,"-7.30900 0.90000 -2.93800, 9.85000 0.10000 2.75000"
1022,0.0000,Tx-Rx,0,-68.1635,"-7.30900 0.90000 -2.93800, 9.55000 0.10000 2.75000"
1023,0.0000,Tx-Rx,0,-68.6398,"-7.30900 0.90000 -2.93800, 9.25000 0.10000 2.75000"
1024,0.0000,Tx-Rx,0,-66.1401,"-7.30900 0.90000 -2.93800, 8.95000 0.10000 2.75000"
1025,0.0000,Tx-Rx,0,-64.3821,"-7.30900 0.90000 -2.93800, 8.65000 0.10000 2.75000"
1026,0.0000,Tx-Rx,0,-66.4126,"-7.30900 0.90000 -2.93800, 8.35000 0.10000 2.75000"
1027,0.0000,Tx-Rx,0,-69.3628,"-7.30900 0.90000 -2.93800, 8.05000 0.10000 2.75000"
1028,0.0000,Tx-Rx,0,-69.1982,"-7.30900 0.90000 -2.93800, 7.75000 0.10000 2.75000"
1029,0.0000,Tx-Rx,0,-67.6224,"-7.30900 0.90000 -2.93800, 7.45000 0.10000 2.75000"
1030,0.0000,Tx-Rx,0,-66.2381,"-7.30900 0.90000 -2.93800, 7.15000 0.10000 2.75000"
1031,0.0000,Tx-Rx,0,-66.2690,"-7.30900 0.90000 -2.93800, 6.85000 0.10000 2.75000"
1032,0.0000,Tx-Rx,0,-65.8107,"-7.30900 0.90000 -2.93800, 6.55000 0.10000 2.75000"
1033,0.0000,Tx-Rx,0,-66.2122,"-7.30900 0.90000 -2.93800, 6.25000 0.10000 2.75000"
1034,0.0000,Tx-Rx,0,-65.1573,"-7.30900 0.90000 -2.93800, 5.95000 0.10000 2.75000"
1035,0.0000,Tx-Rx,0,-65.7853,"-7.30900 0.90000 -2.93800, 5.65000 0.10000 2.75000"
1036,0.0000,Tx-Rx,0,-69.0245,"-7.30900 0.90000 -2.93800, 5.35000 0.10000 2.75000"
1037,0.0000,Tx-Rx,0,-69.8349,"-7.30900 0.90000 -2.93800, 5.05000 0.10000 2.75000"
1038,0.0000,Tx-Rx,0,-70.5664,"-7.30900 0.90000 -2.93800, 4.75000 0.10000 2.75000"
1039,0.0000,Tx-Rx,0,-69.6385,"-7.30900 0.90000 -2.93800, 4.45000 0.10000 2.75000"
1040,0.0000,Tx-Rx,0,-70.8473,"-7.30900 0.90000 -2.93800, 4.15000 0.10000 2.75000"
1041,0.0000,Tx-Rx,0,-67.2311,"-7.30900 0.90000 -2.93800, 3.85000 0.10000 2.75000"
1042,0.0000,Tx-Rx,0,-65.9772,"-7.30900 0.90000 -2.93800, 3.55000 0.10000 2.75000"
1043,0.0000,Tx-Rx,0,-64.9604,"-7.30900 0.90000 -2.93800, 3.25000 0.10000 2.75000"
1044,0.0000,Tx-Rx,0,-64.9341,"-7.30900 0.90000 -2.93800, 2.95000 0.10000 2.75000"
1045,0.0000,Tx-Rx,0,-65.7518,"-7.30900 0.90000 -2.93800, 2.65000 0.10000 2.75000"
1046,0.0000,Tx-Rx,0,-65.7751,"-7.30900 0.90000 -2.93800, 2.35000 0.10000 2.75000"
1047,0.0000,Tx-Rx,0,-66.5561,"-7.30900 0.90000 -2.93800, 2.05000 0.10000 2.75000"
1048,0.0000,Tx-Rx,0,-67.9482,"-7.30900 0.90000 -2.93800, 1.75000 0.10000 2.75000"
1049,0.0000,Tx-Rx,0,-71.2440,"-7.30900 0.90000 -2.93800, 1.45000 0.10000 2.75000"
1050,0.0000,Tx-Rx,0,-71.4791,"-7.30900 0.90000 -2.93800, 1.15000 0.10000 2.75000"
1051,0.0000,Tx-Rx,0,-69.8933,"-7.30900 0.90000 -2.93800, 0.85000 0.10000 2.75000"
1052,0.0000,Tx-Rx,0,-68.7519,"-7.30900 0.90000 -2.93800, 0.55000 0.10000 2.75000"
1053,0.0000,Tx-Rx,0,-69.1351,"-7.30900 0.90000 -2.93800, 0.25000 0.10000 2.75000"
1054,0.0000,Tx-Rx,0,-60.2647,"-7.30900 0.90000 -2.93800, -0.05000 0.10000 2.75000"
1055,0.0000,Tx-Rx,0,-58.4111,"-7.30900 0.90000 -2.93800, -0.35000 0.10000 2.75000"
1056,0.0000,Tx-Rx,0,-57.0962,"-7.30900 0.90000 -2.93800, -0.65000 0.10000 2.75000"
1057,0.0000,Tx-Rx,0,-56.7502,"-7.30900 0.90000 -2.93800, -0.95000 0.10000 2.75000"
1058,0.0000,Tx-Rx,0,-58.6014,"-7.30900 0.90000 -2.93800, -1.25000 0.10000 2.75000"
1059,0.0000,Tx-Rx,0,-57.9596,"-7.30900 0.90000 -2.93800, -1.55000 0.10000 2.75000"
1060,0.0000,Tx-Rx,0,-58.7105,"-7.30900 0.90000 -2.93800, -1.85000 0.10000 2.75000"
1061,0.0000,Tx-Rx,0,-62.1383,"-7.30900 0.90000 -2.93800, -2.15000 0.10000 2.75000"
1062,0.0000,Tx-Rx,0,-63.0332,"-7.30900 0.90000 -2.93800, -2.45000 0.10000 2.75000"
1063,0.0000,Tx-Rx,0,-62.5029,"-7.30900 0.90000 -2.93800, -2.75000 0.10000 2.75000"
1064,0.0000,Tx-Rx,0,-62.2923,"-7.30900 0.90000 -2.93800, -3.05000 0.10000 2.75000"
1065,0.0000,Tx-Rx,0,-60.4542,"-7.30900 0.90000 -2.93800, -3.35000 0.10000 2.75000"
1066,0.0000,Tx-Rx,0,-60.6578,"-7.30900 0.90000 -2.93800, -3.65000 0.10000 2.75000"
1067,0.0000,Tx-Rx,0,-59.2479,"-7.30900 0.90000 -2.93800, -3.95000 0.10000 2.75000"
1068,0.0000,Tx-Rx,0,-57.5045,"-7.30900 0.90000 -2.93800, -4.25000 0.10000 2.75000"
1069,0.0000,Tx-Rx,0,-57.7564,"-7.30900 0.90000 -2.93800, -4.55000 0.10000 2.75000"
1070,0.0000,Tx-Rx,0,-58.4436,"-7.30900 0.90000 -2.93800, -4.85000 0.10000 2.75000"
1071,0.0000,Tx-Rx,0,-58.6925,"-7.30900 0.90000 -2.93800, -5.15000 0.10000 2.75000"
1072,0.0000,Tx-Rx,0,-65.8821,"-7.30900 0.90000 -2.93800, -5.45000 0.10000 2.75000"
1073,0.0000,Tx-Rx,0,-67.3707,"-7.30900 0.90000 -2.93800, -5.75000 0.10000 2.75000"
1074,0.0000,Tx-Rx,0,-64.5390,"-7.30900 0.90000 -2.93800, -6.05000 0.10000 2.75000"
1075,0.0000,Tx-Rx,0,-63.1001,"-7.30900 0.90000 -2.93800, -6.35000 0.10000 2.75000"
1076,0.0000,Tx-Rx,0,-61.0134,"-7.30900 0.90000 -2.93800, -6.65000 0.10000 2.75000"
1077,0.0000,Tx-Rx,0,-57.5098,"-7.30900 0.90000 -2.93800, -6.95000 0.10000 2.75000"
1078,0.0000,Tx-Rx,0,-54.8482,"-7.30900 0.90000 -2.93800, -7.25000 0.10000 2.75000"
1079,0.0000,Tx-Rx,0,-55.2479,"-7.30900 0.90000 -2.93800, -7.55000 0.10000 2.75000"
1080,0.0000,Tx-Rx,0,-55.0211,"-7.30900 0.90000 -2.93800, -7.85000 0.10000 2.75000"
1081,0.0000,Tx-Rx,0,-61.9913,"-7.30900 0.90000 -2.93800, 9.85000 0.10000 2.45000"
1082,0.0000,Tx-Rx,0,-64.6316,"-7.30900 0.90000 -2.93800, 9.55000 0.10000 2.45000"
1083,0.0000,Tx-Rx,0,-64.9150,"-7.30900 0.90000 -2.93800, 9.25000 0.10000 2.45000"
1084,0.0000,Tx-Rx,0,-64.9742,"-7.30900 0.90000 -2.93800, 8.95000 0.10000 2.45000"
1085,0.0000,Tx-Rx,0,-64.0756,"-7.30900 0.90000 -2.93800, 8.65000 0.10000 2.45000"
1086,0.0000,Tx-Rx,0,-62.4683,"-7.30900 0.90000 -2.93800, 8.35000 0.10000 2.45000"
1087,0.0000,Tx-Rx,0,-62.7273,"-7.30900 0.90000 -2.93800, 8.05000 0.10000 2.45000"
1088,0.0000,Tx-Rx,0,-63.7787,"-7.30900 0.90000 -2.93800, 7.75000 0.10000 2.45000"
1089,0.0000,Tx-Rx,0,-65.1603,"-7.30900 0.90000 -2.93800, 7.45000 0.10000 2.45000"
1090,0.0000,Tx-Rx,0,-65.2730,"-7.30900 0.90000 -2.93800, 7.15000 0.10000 2.45000"
1091,0.0000,Tx-Rx,0,-65.1694,"-7.30900 0.90000 -2.93800, 6.85000 0.10000 2.45000"
1092,0.0000,Tx-Rx,0,-65.4729,"-7.30900 0.90000 -2.93800, 6.55000 0.10000 2.45000"
1093,0.0000,Tx-Rx,0,-65.7480,"-7.30900 0.90000 -2.93800, 6.25000 0.10000 2.45000"
1094,0.0000,Tx-Rx,0,-65.4210,"-7.30900 0.90000 -2.93800, 5.95000 0.10000 2.45000"
1095,0.0000,Tx-Rx,0,-65.6760,"-7.30900 0.90000 -2.93800, 5.65000 0.10000 2.45000"
1096,0.0000,Tx-Rx,0,-64.9234,"-7.30900 0.90000 -2.93800, 5.35000 0.10000 2.45000"
1097,0.0000,Tx-Rx,0,-67.0598,"-7.30900 0.90000 -2.93800, 5.05000 0.10000 2.45000"
1098,0.0000,Tx-Rx,0,-70.0057,"-7.30900 0.90000 -2.93800, 4.75000 0.10000 2.45000"
1099,0.0000,Tx-Rx,0,-67.1141,"-7.30900 0.90000 -2.93800, 4.45000 0.10000 2.45000"
1100,0.0000,Tx-Rx,0,-65.7207,"-7.30900 0.90000 -2.93800, 4.15000 0.10000 2.45000"
1101,0.0000,Tx-Rx,0,-65.9107,"-7.30900 0.90000 -2.93800, 3.85000 0.10000 2.45000"
1102,0.0000,Tx-Rx,0,-65.7119,"-7.30900 0.90000 -2.93800, 3.55000 0.10000 2.45000"
1103,0.0000,Tx-Rx,0,-66.2334,"-7.30900 0.90000 -2.93800, 3.25000 0.10000 2.45000"
1104,0.0000,Tx-Rx,0,-66.3232,"-7.30900 0.90000 -2.93800, 2.95000 0.10000 2.45000"
1105,0.0000,Tx-Rx,0,-67.1976,"-7.30900 0.90000 -2.93800, 2.65000 0.10000 2.45000"
1106,0.0000,Tx-Rx,0,-68.8490,"-7.30900 0.90000 -2.93800, 2.35000 0.10000 2.45000"
1107,0.0000,Tx-Rx,0,-69.3080,"-7.30900 0.90000 -2.93800, 2.05000 0.10000 2.45000"
1108,0.0000,Tx-Rx,0,-68.6334,"-7.30900 0.90000 -2.93800, 1.75000 0.10000 2.45000"
1109,0.0000,Tx-Rx,0,-68.8167,"-7.30900 0.90000 -2.93800, 1.45000 0.10000 2.45000"
1110,0.0000,Tx-Rx,0,-69.1681,"-7.30900 0.90000 -2.93800, 1.15000 0.10000 2.45000"
1111,0.0000,Tx-Rx,0,-68.8934,"-7.30900 0.90000 -2.93800, 0.85000 0.10000 2.45000"
1112,0.0000,Tx-Rx,0,-68.1740,"-7.30900 0.90000 -2.93800, 0.55000 0.10000 2.45000"
1113,0.0000,Tx-Rx,0,-66.9199,"-7.30900 0.90000 -2.93800, 0.25000 0.10000 2.45000"
1114,0.0000,Tx-Rx,0,-59.8413,"-7.30900 0.90000 -2.93800, -0.05000 0.10000 2.45000"
1115,0.0000,Tx-Rx,0,-58.4540,"-7.30900 0.90000 -2.93800, -0.35000 0.10000 2.45000"
1116,0.0000,Tx-Rx,0,-57.9894,"-7.30900 0.90000 -2.93800, -0.65000 0.10000 2.45000"
1117,0.0000,Tx-Rx,0,-58.2760,"-7.30900 0.90000 -2.93800, -0.95000 0.10000 2.45000"
1118,0.0000,Tx-Rx,0,-60.7881,"-7.30900 0.90000 -2.93800, -1.25000 0.10000 2.45000"
1119,0.0000,Tx-Rx,0,-61.2623,"-7.30900 0.90000 -2.93800, -1.55000 0.10000 2.45000"
1120,0.0000,Tx-Rx,0,-60.9376,"-7.30900 0.90000 -2.93800, -1.85000 0.10000 2.45000"
1121,0.0000,Tx-Rx,0,-60.6816,"-7.30900 0.90000 -2.93800, -2.15000 0.10000 2.45000"
1122,0.0000,Tx-Rx,0,-58.1118,"-7.30900 0.90000 -2.93800, -2.45000 0.10000 2.45000"
1123,0.0000,Tx-Rx,0,-57.3949,"-7.30900 0.90000 -2.93800, -2.75000 0.10000 2.45000"
1124,0.0000,Tx-Rx,0,-56.1403,"-7.30900 0.90000 -2.93800, -3.05000 0.10000 2.45000"
1125,0.0000,Tx-Rx,0,-55.5885,"-7.30900 0.90000 -2.93800, -3.35000 0.10000 2.45000"
1126,0.0000,Tx-Rx,0,-54.8007,"-7.30900 0.90000 -2.93800, -3.65000 0.10000 2.45000"
1127,0.0000,Tx-Rx,0,-54.3271,"-7.30900 0.90000 -2.93800, -3.95000 0.10000 2.45000"
1128,0.0000,Tx-Rx,0,-53.4583,"-7.30900 0.90000 -2.93800, -4.25000 0.10000 2.45000"
1129,0.0000,Tx-Rx,0,-53.4364,"-7.30900 0.90000 -2.93800, -4.55000 0.10000 2.45000"
1130,0.0000,Tx-Rx,0,-53.9864,"-7.30900 0.90000 -2.93800, -4.85000 0.10000 2.45000"
1131,0.0000,Tx-Rx,0,-55.4668,"-7.30900 0.90000 -2.93800, -5.15000 0.10000 2.45000"
1132,0.0000,Tx-Rx,0,-65.7542,"-7.30900 0.90000 -2.93800, -5.45000 0.10000 2.45000"
1133,0.0000,Tx-Rx,0,-69.3932,"-7.30900 0.90000 -2.93800, -5.75000 0.10000 2.45000"
1134,0.0000,Tx-Rx,0,-64.4807,"-7.30900 0.90000 -2.93800, -6.05000 0.10000 2.45000"
1135,0.0000,Tx-Rx,0,-62.7804,"-7.30900 0.90000 -2.93800, -6.35000 0.10000 2.45000"
1136,0.0000,Tx-Rx,0,-60.9957,"-7.30900 0.90000 -2.93800, -6.65000 0.10000 2.45000"
1137,0.0000,Tx-Rx,0,-56.3986,"-7.30900 0.90000 -2.93800, -6.95000 0.10000 2.45000"
1138,0.0000,Tx-Rx,0,-52.2760,"-7.30900 0.90000 -2.93800, -7.25000 0.10000 2.45000"
1139,0.0000,Tx-Rx,0,-52.6666,"-7.30900 0.90000 -2.93800, -7.55000 0.10000 2.45000"
1140,0.0000,Tx-Rx,0,-52.5051,"-7.30900 0.90000 -2.93800, -7.85000 0.10000 2.45000"
1141,0.0000,Tx-Rx,0,-56.4895,"-7.30900 0.90000 -2.93800, 9.85000 0.10000 2.15000"
1142,0.0000,Tx-Rx,0,-57.1566,"-7.30900 0.90000 -2.93800, 9.55000 0.10000 2.15000"
1143,0.0000,Tx-Rx,0,-58.1024,"-7.30900 0.90000 -2.93800, 9.25000 0.10000 2.15000"
1144,0.0000,Tx-Rx,0,-59.6040,"-7.30900 0.90000 -2.93800, 8.95000 0.10000 2.15000"
1145,0.0000,Tx-Rx,0,-61.1155,"-7.30900 0.90000 -2.93800, 8.65000 0.10000 2.15000"
1146,0.0000,Tx-Rx,0,-60.7027,"-7.30900 0.90000 -2.93800, 8.35000 0.10000 2.15000"
1147,0.0000,Tx-Rx,0,-60.3492,"-7.30900 0.90000 -2.93800, 8.05000 0.10000 2.15000"
1148,0.0000,Tx-Rx,0,-61.0703,"-7.30900 0.90000 -2.93800, 7.75000 0.10000 2.15000"
1149,0.0000,Tx-Rx,0,-61.9394,"-7.30900 0.90000 -2.93800, 7.45000 0.10000 2.15000"
1150,0.0000,Tx-Rx,0,-63.6188,"-7.30900 0.90000 -2.93800, 7.15000 0.10000 2.15000"
1151,0.0000,Tx-Rx,0,-66.0595,"-7.30900 0.90000 -2.93800, 6.85000 0.10000 2.15000"
1152,0.0000,Tx-Rx,0,-66.1299,"-7.30900 0.90000 -2.93800, 6.55000 0.10000 2.15000"
1153,0.0000,Tx-Rx,0,-65.4935,"-7.30900 0.90000 -2.93800, 6.25000 0.10000 2.15000"
1154,0.0000,Tx-Rx,0,-65.2445,"-7.30900 0.90000 -2.93800, 5.95000 0.10000 2.15000"
1155,0.0000,Tx-Rx,0,-65.5522,"-7.30900 0.90000 -2.93800, 5.65000 0.10000 2.15000"
1156,0.0000,Tx-Rx,0,-65.5759,"-7.30900 0.90000 -2.93800, 5.35000 0.10000 2.15000"
1157,0.0000,Tx-Rx,0,-64.4943,"-7.30900 0.90000 -2.93800, 5.05000 0.10000 2.15000"
1158,0.0000,Tx-Rx,0,-64.0842,"-7.30900 0.90000 -2.93800, 4.75000 0.10000 2.15000"
1159,0.0000,Tx-Rx,0,-65.4012,"-7.30900 0.90000 -2.93800, 4.45000 0.10000 2.15000"
1160,0.0000,Tx-Rx,0,-65.9020,"-7.30900 0.90000 -2.93800, 4.15000 0.10000 2.15000"
1161,0.0000,Tx-Rx,0,-65.8813,"-7.30900 0.90000 -2.93800, 3.85000 0.10000 2.15000"
1162,0.0000,Tx-Rx,0,-66.1846,"-7.30900 0.90000 -2.93800, 3.55000 0.10000 2.15000"
1163,0.0000,Tx-Rx,0,-67.5132,"-7.30900 0.90000 -2.93800, 3.25000 0.10000 2.15000"
1164,0.0000,Tx-Rx,0,-68.8162,"-7.30900 0.90000 -2.93800, 2.95000 0.10000 2.15000"
1165,0.0000,Tx-Rx,0,-69.4930,"-7.30900 0.90000 -2.93800, 2.65000 0.10000 2.15000"
1166,0.0000,Tx-Rx,0,-68.7006,"-7.30900 0.90000 -2.93800, 2.35000 0.10000 2.15000"
1167,0.0000,Tx-Rx,0,-68.7697,"-7.30900 0.90000 -2.93800, 2.05000 0.10000 2.15000"
1168,0.0000,Tx-Rx,0,-67.7211,"-7.30900 0.90000 -2.93800, 1.75000 0.10000 2.15000"
1169,0.0000,Tx-Rx,0,-66.9515,"-7.30900 0.90000 -2.93800, 1.45000 0.10000 2.15000"
1170,0.0000,Tx-Rx,0,-66.5384,"-7.30900 0.90000 -2.93800, 1.15000 0.10000 2.15000"
1171,0.0000,Tx-Rx,0,-66.4644,"-7.30900 0.90000 -2.93800, 0.85000 0.10000 2.15000"
1172,0.0000,Tx-Rx,0,-65.5857,"-7.30900 0.90000 -2.93800, 0.55000 0.10000 2.15000"
1173,0.0000,Tx-Rx,0,-63.2955,"-7.30900 0.90000 -2.93800, 0.25000 0.10000 2.15000"
1174,0.0000,Tx-Rx,0,-60.0248,"-7.30900 0.90000 -2.93800, -0.05000 0.10000 2.15000"
1175,0.0000,Tx-Rx,0,-58.4694,"-7.30900 0.90000 -2.93800, -0.35000 0.10000 2.15000"
1176,0.0000,Tx-Rx,0,-58.1815,"-7.30900 0.90000 -2.93800, -0.65000 0.10000 2.15000"
1177,0.0000,Tx-Rx,0,-57.7815,"-7.30900 0.90000 -2.93800, -0.95000 0.10000 2.15000"
1178,0.0000,Tx-Rx,0,-58.3494,"-7.30900 0.90000 -2.93800, -1.25000 0.10000 2.15000"
1179,0.0000,Tx-Rx,0,-61.0433,"-7.30900 0.90000 -2.93800, -1.55000 0.10000 2.15000"
1180,0.0000,Tx-Rx,0,-61.1864,"-7.30900 0.90000 -2.93800, -1.85000 0.10000 2.15000"
1181,0.0000,Tx-Rx,0,-60.8456,"-7.30900 0.90000 -2.93800, -2.15000 0.10000 2.15000"
1182,0.0000,Tx-Rx,0,-59.7579,"-7.30900 0.90000 -2.93800, -2.45000 0.10000 2.15000"
1183,0.0000,Tx-Rx,0,-56.8306,"-7.30900 0.90000 -2.93800, -2.75000 0.10000 2.15000"
1184,0.0000,Tx-Rx,0,-55.8502,"-7.30900 0.90000 -2.93800, -3.05000 0.10000 2.15000"
1185,0.0000,Tx-Rx,0,-55.7016,"-7.30900 0.90000 -2.93800, -3.35000 0.10000 2.15000"
1186,0.0000,Tx-Rx,0,-54.4559,"-7.30900 0.90000 -2.93800, -3.65000 0.10000 2.15000"
1187,0.0000,Tx-Rx,0,-54.0343,"-7.30900 0.90000 -2.93800, -3.95000 0.10000 2.15000"
1188,0.0000,Tx-Rx,0,-52.9664,"-7.30900 0.90000 -2.93800, -4.25000 0.10000 2.15000"
1189,0.0000,Tx-Rx,0,-52.5766,"-7.30900 0.90000 -2.93800, -4.55000 0.10000 2.15000"
1190,0.0000,Tx-Rx,0,-53.4408,"-7.30900 0.90000 -2.93800, -4.85000 0.10000 2.15000"
1191,0.0000,Tx-Rx,0,-53.2767,"-7.30900 0.90000 -2.93800, -5.15000 0.10000 2.15000"
1192,0.0000,Tx-Rx,0,-61.9667,"-7.30900 0.90000 -2.93800, -5.45000 0.10000 2.15000"
1193,0.0000,Tx-Rx,0,-71.8958,"-7.30900 0.90000 -2.93800, -5.75000 0.10000 2.15000"
1194,0.0000,Tx-Rx,0,-67.7902,"-7.30900 0.90000 -2.93800, -6.05000 0.10000 2.15000"
1195,0.0000,Tx-Rx,0,-65.9161,"-7.30900 0.90000 -2.93800, -6.35000 0.10000 2.15000"
1196,0.0000,Tx-Rx,0,-64.2947,"-7.30900 0.90000 -2.93800, -6.65000 0.10000 2.15000"
1197,0.0000,Tx-Rx,0,-56.4745,"-7.30900 0.90000 -2.93800, -6.95000 0.10000 2.15000"
1198,0.0000,Tx-Rx,0,-51.0010,"-7.30900 0.90000 -2.93800, -7.25000 0.10000 2.15000"
1199,0.0000,Tx-Rx,0,-51.1474,"-7.30900 0.90000 -2.93800, -7.55000 0.10000 2.15000"
1200,0.0000,Tx-Rx,0,-51.0382,"-7.30900 0.90000 -2.93800, -7.85000 0.10000 2.15000"
1201,0.0000,Tx-Rx,0,-55.6420,"-7.30900 0.90000 -2.93800, 9.85000 0.10000 1.85000"
1202,0.0000,Tx-Rx,0,-54.8877,"-7.30900 0.90000 -2.93800, 9.55000 0.10000 1.85000"
1203,0.0000,Tx-Rx,0,-54.6748,"-7.30900 0.90000 -2.93800, 9.25000 0.10000 1.85000"
1204,0.0000,Tx-Rx,0,-55.0772,"-7.30900 0.90000 -2.93800, 8.95000 0.10000 1.85000"
1205,0.0000,Tx-Rx,0,-56.7315,"-7.30900 0.90000 -2.93800, 8.65000 0.10000 1.85000"
1206,0.0000,Tx-Rx,0,-57.8785,"-7.30900 0.90000 -2.93800, 8.35000 0.10000 1.85000"
1207,0.0000,Tx-Rx,0,-59.5217,"-7.30900 0.90000 -2.93800, 8.05000 0.10000 1.85000"
1208,0.0000,Tx-Rx,0,-60.7704,"-7.30900 0.90000 -2.93800, 7.75000 0.10000 1.85000"
1209,0.0000,Tx-Rx,0,-60.3322,"-7.30900 0.90000 -2.93800, 7.45000 0.10000 1.85000"
1210,0.0000,Tx-Rx,0,-60.2718,"-7.30900 0.90000 -2.93800, 7.15000 0.10000 1.85000"
1211,0.0000,Tx-Rx,0,-61.3377,"-7.30900 0.90000 -2.93800, 6.85000 0.10000 1.85000"
1212,0.0000,Tx-Rx,0,-63.4026,"-7.30900 0.90000 -2.93800, 6.55000 0.10000 1.85000"
1213,0.0000,Tx-Rx,0,-66.1938,"-7.30900 0.90000 -2.93800, 6.25000 0.10000 1.85000"
1214,0.0000,Tx-Rx,0,-66.3971,"-7.30900 0.90000 -2.93800, 5.95000 0.10000 1.85000"
1215,0.0000,Tx-Rx,0,-66.1126,"-7.30900 0.90000 -2.93800, 5.65000 0.10000 1.85000"
1216,0.0000,Tx-Rx,0,-64.8433,"-7.30900 0.90000 -2.93800, 5.35000 0.10000 1.85000"
1217,0.0000,Tx-Rx,0,-64.7769,"-7.30900 0.90000 -2.93800, 5.05000 0.10000 1.85000"
1218,0.0000,Tx-Rx,0,-64.5993,"-7.30900 0.90000 -2.93800, 4.75000 0.10000 1.85000"
1219,0.0000,Tx-Rx,0,-63.7825,"-7.30900 0.90000 -2.93800, 4.45000 0.10000 1.85000"
1220,0.0000,Tx-Rx,0,-64.5342,"-7.30900 0.90000 -2.93800, 4.15000 0.10000 1.85000"
1221,0.0000,Tx-Rx,0,-67.9857,"-7.30900 0.90000 -2.93800, 3.85000 0.10000 1.85000"
1222,0.0000,Tx-Rx,0,-68.9461,"-7.30900 0.90000 -2.93800, 3.55000 0.10000 1.85000"
1223,0.0000,Tx-Rx,0,-70.1952,"-7.30900 0.90000 -2.93800, 3.25000 0.10000 1.85000"
1224,0.0000,Tx-Rx,0,-66.9078,"-7.30900 0.90000 -2.93800, 2.95000 0.10000 1.85000"
1225,0.0000,Tx-Rx,0,-64.2985,"-7.30900 0.90000 -2.93800, 2.65000 0.10000 1.85000"
1226,0.0000,Tx-Rx,0,-64.3266,"-7.30900 0.90000 -2.93800, 2.35000 0.10000 1.85000"
1227,0.0000,Tx-Rx,0,-63.4563,"-7.30900 0.90000 -2.93800, 2.05000 0.10000 1.85000"
1228,0.0000,Tx-Rx,0,-63.4503,"-7.30900 0.90000 -2.93800, 1.75000 0.10000 1.85000"
1229,0.0000,Tx-Rx,0,-65.1003,"-7.30900 0.90000 -2.93800, 1.45000 0.10000 1.85000"
1230,0.0000,Tx-Rx,0,-66.8392,"-7.30900 0.90000 -2.93800, 1.15000 0.10000 1.85000"
1231,0.0000,Tx-Rx,0,-66.7951,"-7.30900 0.90000 -2.93800, 0.85000 0.10000 1.85000"
1232,0.0000,Tx-Rx,0,-67.7082,"-7.30900 0.90000 -2.93800, 0.55000 0.10000 1.85000"
1233,0.0000,Tx-Rx,0,-71.4747,"-7.30900 0.90000 -2.93800, 0.25000 0.10000 1.85000"
1234,0.0000,Tx-Rx,0,-60.0183,"-7.30900 0.90000 -2.93800, -0.05000 0.10000 1.85000"
1235,0.0000,Tx-Rx,0,-58.2030,"-7.30900 0.90000 -2.93800, -0.35000 0.10000 1.85000"
1236,0.0000,Tx-Rx,0,-58.0340,"-7.30900 0.90000 -2.93800, -0.65000 0.10000 1.85000"
1237,0.0000,Tx-Rx,0,-57.5237,"-7.30900 0.90000 -2.93800, -0.95000 0.10000 1.85000"
1238,0.0000,Tx-Rx,0,-57.8112,"-7.30900 0.90000 -2.93800, -1.25000 0.10000 1.85000"
1239,0.0000,Tx-Rx,0,-58.7660,"-7.30900 0.90000 -2.93800, -1.55000 0.10000 1.85000"
1240,0.0000,Tx-Rx,0,-60.9181,"-7.30900 0.90000 -2.93800, -1.85000 0.10000 1.85000"
1241,0.0000,Tx-Rx,0,-59.2162,"-7.30900 0.90000 -2.93800, -2.15000 0.10000 1.85000"
1242,0.0000,Tx-Rx,0,-58.1564,"-7.30900 0.90000 -2.93800, -2.45000 0.10000 1.85000"
1243,0.0000,Tx-Rx,0,-57.6855,"-7.30900 0.90000 -2.93800, -2.75000 0.10000 1.85000"
1244,0.0000,Tx-Rx,0,-55.6524,"-7.30900 0.90000 -2.93800, -3.05000 0.10000 1.85000"
1245,0.0000,Tx-Rx,0,-54.9525,"-7.30900 0.90000 -2.93800, -3.35000 0.10000 1.85000"
1246,0.0000,Tx-Rx,0,-54.4756,"-7.30900 0.90000 -2.93800, -3.65000 0.10000 1.85000"
1247,0.0000,Tx-Rx,0,-53.9193,"-7.30900 0.90000 -2.93800, -3.95000 0.10000 1.85000"
1248,0.0000,Tx-Rx,0,-53.1333,"-7.30900 0.90000 -2.93800, -4.25000 0.10000 1.85000"
1249,0.0000,Tx-Rx,0,-52.5185,"-7.30900 0.90000 -2.93800, -4.55000 0.10000 1.85000"
1250,0.0000,Tx-Rx,0,-52.8777,"-7.30900 0.90000 -2.93800, -4.85000 0.10000 1.85000"
1251,0.0000,Tx-Rx,0,-52.4501,"-7.30900 0.90000 -2.93800, -5.15000 0.10000 1.85000"
1252,0.0000,Tx-Rx,0,-55.0267,"-7.30900 0.90000 -2.93800, -5.45000 0.10000 1.85000"
1253,0.0000,Tx-Rx,0,-57.8380,"-7.30900 0.90000 -2.93800, -5.75000 0.10000 1.85000"
1254,0.0000,Tx-Rx,0,-57.2745,"-7.30900 0.90000 -2.93800, -6.05000 0.10000 1.85000"
1255,0.0000,Tx-Rx,0,-58.6791,"-7.30900 0.90000 -2.93800, -6.35000 0.10000 1.85000"
1256,0.0000,Tx-Rx,0,-60.9285,"-7.30900 0.90000 -2.93800, -6.65000 0.10000 1.85000"
1257,0.0000,Tx-Rx,0,-54.1863,"-7.30900 0.90000 -2.93800, -6.95000 0.10000 1.85000"
1258,0.0000,Tx-Rx,0,-50.6688,"-7.30900 0.90000 -2.93800, -7.25000 0.10000 1.85000"
1259,0.0000,Tx-Rx,0,-50.4199,"-7.30900 0.90000 -2.93800, -7.55000 0.10000 1.85000"
1260,0.0000,Tx-Rx,0,-50.3518,"-7.30900 0.90000 -2.93800, -7.85000 0.10000 1.85000"
1261,0.0000,Tx-Rx,0,-54.9032,"-7.30900 0.90000 -2.93800, 9.85000 0.10000 1.55000"
1262,0.0000,Tx-Rx,0,-54.4234,"-7.30900 0.90000 -2.93800, 9.55000 0.10000 1.55000"
1263,0.0000,Tx-Rx,0,-55.1033,"-7.30900 0.90000 -2.93800, 9.25000 0.10000 1.55000"
1264,0.0000,Tx-Rx,0,-54.9754,"-7.30900 0.90000 -2.93800, 8.95000 0.10000 1.55000"
1265,0.0000,Tx-Rx,0,-55.0784,"-7.30900 0.90000 -2.93800, 8.65000 0.10000 1.55000"
1266,0.0000,Tx-Rx,0,-54.9294,"-7.30900 0.90000 -2.93800, 8.35000 0.10000 1.55000"
1267,0.0000,Tx-Rx,0,-55.0814,"-7.30900 0.90000 -2.93800, 8.05000 0.10000 1.55000"
1268,0.0000,Tx-Rx,0,-55.8300,"-7.30900 0.90000 -2.93800, 7.75000 0.10000 1.55000"
1269,0.0000,Tx-Rx,0,-57.4529,"-7.30900 0.90000 -2.93800, 7.45000 0.10000 1.55000"
1270,0.0000,Tx-Rx,0,-58.6916,"-7.30900 0.90000 -2.93800, 7.15000 0.10000 1.55000"
1271,0.0000,Tx-Rx,0,-60.5323,"-7.30900 0.90000 -2.93800, 6.85000 0.10000 1.55000"
1272,0.0000,Tx-Rx,0,-61.9708,"-7.30900 0.90000 -2.93800, 6.55000 0.10000 1.55000"
1273,0.0000,Tx-Rx,0,-62.2189,"-7.30900 0.90000 -2.93800, 6.25000 0.10000 1.55000"
1274,0.0000,Tx-Rx,0,-62.8411,"-7.30900 0.90000 -2.93800, 5.95000 0.10000 1.55000"
1275,0.0000,Tx-Rx,0,-63.8678,"-7.30900 0.90000 -2.93800, 5.65000 0.10000 1.55000"
1276,0.0000,Tx-Rx,0,-63.4687,"-7.30900 0.90000 -2.93800, 5.35000 0.10000 1.55000"
1277,0.0000,Tx-Rx,0,-64.0522,"-7.30900 0.90000 -2.93800, 5.05000 0.10000 1.55000"
1278,0.0000,Tx-Rx,0,-64.6726,"-7.30900 0.90000 -2.93800, 4.75000 0.10000 1.55000"
1279,0.0000,Tx-Rx,0,-64.9851,"-7.30900 0.90000 -2.93800, 4.45000 0.10000 1.55000"
1280,0.0000,Tx-Rx,0,-62.5934,"-7.30900 0.90000 -2.93800, 4.15000 0.10000 1.55000"
1281,0.0000,Tx-Rx,0,-60.5214,"-7.30900 0.90000 -2.93800, 3.85000 0.10000 1.55000"
1282,0.0000,Tx-Rx,0,-60.2703,"-7.30900 0.90000 -2.93800, 3.55000 0.10000 1.55000"
1283,0.0000,Tx-Rx,0,-60.2856,"-7.30900 0.90000 -2.93800, 3.25000 0.10000 1.55000"
1284,0.0000,Tx-Rx,0,-60.4380,"-7.30900 0.90000 -2.93800, 2.95000 0.10000 1.55000"
1285,0.0000,Tx-Rx,0,-62.2700,"-7.30900 0.90000 -2.93800, 2.65000 0.10000 1.55000"
1286,0.0000,Tx-Rx,0,-64.1501,"-7.30900 0.90000 -2.93800, 2.35000 0.10000 1.55000"
1287,0.0000,Tx-Rx,0,-67.1212,"-7.30900 0.90000 -2.93800, 2.05000 0.10000 1.55000"
1288,0.0000,Tx-Rx,0,-71.4657,"-7.30900 0.90000 -2.93800, 1.75000 0.10000 1.55000"
1289,0.0000,Tx-Rx,0,-71.8362,"-7.30900 0.90000 -2.93800, 1.45000 0.10000 1.55000"
1290,0.0000,Tx-Rx,0,-73.9135,"-7.30900 0.90000 -2.93800, 1.15000 0.10000 1.55000"
1291,0.0000,Tx-Rx,0,-79.4816,"-7.30900 0.90000 -2.93800, 0.85000 0.10000 1.55000"
1292,0.0000,Tx-Rx,0,-75.9855,"-7.30900 0.90000 -2.93800, 0.55000 0.10000 1.55000"
1293,0.0000,Tx-Rx,0,-73.0459,"-7.30900 0.90000 -2.93800, 0.25000 0.10000 1.55000"
1294,0.0000,Tx-Rx,0,-59.6235,"-7.30900 0.90000 -2.93800, -0.05000 0.10000 1.55000"
1295,0.0000,Tx-Rx,0,-57.9116,"-7.30900 0.90000 -2.93800, -0.35000 0.10000 1.55000"
1296,0.0000,Tx-Rx,0,-57.6870,"-7.30900 0.90000 -2.93800, -0.65000 0.10000 1.55000"
1297,0.0000,Tx-Rx,0,-57.5019,"-7.30900 0.90000 -2.93800, -0.95000 0.10000 1.55000"
1298,0.0000,Tx-Rx,0,-57.4300,"-7.30900 0.90000 -2.93800, -1.25000 0.10000 1.55000"
1299,0.0000,Tx-Rx,0,-57.8162,"-7.30900 0.90000 -2.93800, -1.55000 0.10000 1.55000"
1300,0.0000,Tx-Rx,0,-58.3634,"-7.30900 0.90000 -2.93800, -1.85000 0.10000 1.55000"
1301,0.0000,Tx-Rx,0,-57.8595,"-7.30900 0.90000 -2.93800, -2.15000 0.10000 1.55000"
1302,0.0000,Tx-Rx,0,-56.9441,"-7.30900 0.90000 -2.93800, -2.45000 0.10000 1.55000"
1303,0.0000,Tx-Rx,0,-56.7019,"-7.30900 0.90000 -2.93800, -2.75000 0.10000 1.55000"
1304,0.0000,Tx-Rx,0,-56.5444,"-7.30900 0.90000 -2.93800, -3.05000 0.10000 1.55000"
1305,0.0000,Tx-Rx,0,-55.2594,"-7.30900 0.90000 -2.93800, -3.35000 0.10000 1.55000"
1306,0.0000,Tx-Rx,0,-55.0185,"-7.30900 0.90000 -2.93800, -3.65000 0.10000 1.55000"
1307,0.0000,Tx-Rx,0,-54.1615,"-7.30900 0.90000 -2.93800, -3.95000 0.10000 1.55000"
1308,0.0000,Tx-Rx,0,-53.2945,"-7.30900 0.90000 -2.93800, -4.25000 0.10000 1.55000"
1309,0.0000,Tx-Rx,0,-52.3476,"-7.30900 0.90000 -2.93800, -4.55000 0.10000 1.55000"
1310,0.0000,Tx-Rx,0,-52.6652,"-7.30900 0.90000 -2.93800, -4.85000 0.10000 1.55000"
1311,0.0000,Tx-Rx,0,-53.2181,"-7.30900 0.90000 -2.93800, -5.15000 0.10000 1.55000"
1312,0.0000,Tx-Rx,0,-50.5339,"-7.30900 0.90000 -2.93800, -5.45000 0.10000 1.55000"
1313,0.0000,Tx-Rx,0,-50.0347,"-7.30900 0.90000 -2.93800, -5.75000 0.10000 1.55000"
1314,0.0000,Tx-Rx,0,-49.5547,"-7.30900 0.90000 -2.93800, -6.05000 0.10000 1.55000"
1315,0.0000,Tx-Rx,0,-50.7343,"-7.30900 0.90000 -2.93800, -6.35000 0.10000 1.55000"
1316,0.0000,Tx-Rx,0,-52.6650,"-7.30900 0.90000 -2.93800, -6.65000 0.10000 1.55000"
1317,0.0000,Tx-Rx,0,-48.9058,"-7.30900 0.90000 -2.93800, -6.95000 0.10000 1.55000"
1318,0.0000,Tx-Rx,0,-50.0335,"-7.30900 0.90000 -2.93800, -7.25000 0.10000 1.55000"
1319,0.0000,Tx-Rx,0,-49.7422,"-7.30900 0.90000 -2.93800, -7.55000 0.10000 1.55000"
1320,0.0000,Tx-Rx,0,-49.5780,"-7.30900 0.90000 -2.93800, -7.85000 0.10000 1.55000"
1321,0.0000,Tx-Rx,0,-55.4659,"-7.30900 0.90000 -2.93800, 9.85000 0.10000 1.25000"
1322,0.0000,Tx-Rx,0,-54.6671,"-7.30900 0.90000 -2.93800, 9.55000 0.10000 1.25000"
1323,0.0000,Tx-Rx,0,-54.6812,"-7.30900 0.90000 -2.93800, 9.25000 0.10000 1.25000"
1324,0.0000,Tx-Rx,0,-55.2800,"-7.30900 0.90000 -2.93800, 8.95000 0.10000 1.25000"
1325,0.0000,Tx-Rx,0,-54.5394,"-7.30900 0.90000 -2.93800, 8.65000 0.10000 1.25000"
1326,0.0000,Tx-Rx,0,-55.2365,"-7.30900 0.90000 -2.93800, 8.35000 0.10000 1.25000"
1327,0.0000,Tx-Rx,0,-55.1305,"-7.30900 0.90000 -2.93800, 8.05000 0.10000 1.25000"
1328,0.0000,Tx-Rx,0,-54.7562,"-7.30900 0.90000 -2.93800, 7.75000 0.10000 1.25000"
1329,0.0000,Tx-Rx,0,-54.7822,"-7.30900 0.90000 -2.93800, 7.45000 0.10000 1.25000"
1330,0.0000,Tx-Rx,0,-54.5138,"-7.30900 0.90000 -2.93800, 7.15000 0.10000 1.25000"
1331,0.0000,Tx-Rx,0,-54.6461,"-7.30900 0.90000 -2.93800, 6.85000 0.10000 1.25000"
1332,0.0000,Tx-Rx,0,-56.1446,"-7.30900 0.90000 -2.93800, 6.55000 0.10000 1.25000"
1333,0.0000,Tx-Rx,0,-57.6036,"-7.30900 0.90000 -2.93800, 6.25000 0.10000 1.25000"
1334,0.0000,Tx-Rx,0,-58.6196,"-7.30900 0.90000 -2.93800, 5.95000 0.10000 1.25000"
1335,0.0000,Tx-Rx,0,-58.6099,"-7.30900 0.90000 -2.93800, 5.65000 0.10000 1.25000"
1336,0.0000,Tx-Rx,0,-58.2880,"-7.30900 0.90000 -2.93800, 5.35000 0.10000 1.25000"
1337,0.0000,Tx-Rx,0,-58.1607,"-7.30900 0.90000 -2.93800, 5.05000 0.10000 1.25000"
1338,0.0000,Tx-Rx,0,-58.5217,"-7.30900 0.90000 -2.93800, 4.75000 0.10000 1.25000"
1339,0.0000,Tx-Rx,0,-59.0089,"-7.30900 0.90000 -2.93800, 4.45000 0.10000 1.25000"
1340,0.0000,Tx-Rx,0,-60.5165,"-7.30900 0.90000 -2.93800, 4.15000 0.10000 1.25000"
1341,0.0000,Tx-Rx,0,-63.3884,"-7.30900 0.90000 -2.93800, 3.85000 0.10000 1.25000"
1342,0.0000,Tx-Rx,0,-64.1107,"-7.30900 0.90000 -2.93800, 3.55000 0.10000 1.25000"
1343,0.0000,Tx-Rx,0,-63.7421,"-7.30900 0.90000 -2.93800, 3.25000 0.10000 1.25000"
1344,0.0000,Tx-Rx,0,-66.3645,"-7.30900 0.90000 -2.93800, 2.95000 0.10000 1.25000"
1345,0.0000,Tx-Rx,0,-68.0842,"-7.30900 0.90000 -2.93800, 2.65000 0.10000 1.25000"
1346,0.0000,Tx-Rx,0,-69.7044,"-7.30900 0.90000 -2.93800, 2.35000 0.10000 1.25000"
1347,0.0000,Tx-Rx,0,-72.6606,"-7.30900 0.90000 -2.93800, 2.05000 0.10000 1.25000"
1348,0.0000,Tx-Rx,0,-71.7683,"-7.30900 0.90000 -2.93800, 1.75000 0.10000 1.25000"
1349,0.0000,Tx-Rx,0,-71.9648,"-7.30900 0.90000 -2.93800, 1.45000 0.10000 1.25000"
1350,0.0000,Tx-Rx,0,-72.1471,"-7.30900 0.90000 -2.93800, 1.15000 0.10000 1.25000"
1351,0.0000,Tx-Rx,0,-75.2084,"-7.30900 0.90000 -2.93800, 0.85000 0.10000 1.25000"
1352,0.0000,Tx-Rx,0,-75.7010,"-7.30900 0.90000 -2.93800, 0.55000 0.10000 1.25000"
1353,0.0000,Tx-Rx,0,-68.2559,"-7.30900 0.90000 -2.93800, 0.25000 0.10000 1.25000"
1354,0.0000,Tx-Rx,0,-59.2772,"-7.30900 0.90000 -2.93800, -0.05000 0.10000 1.25000"
1355,0.0000,Tx-Rx,0,-57.6848,"-7.30900 0.90000 -2.93800, -0.35000 0.10000 1.25000"
1356,0.0000,Tx-Rx,0,-57.4058,"-7.30900 0.90000 -2.93800, -0.65000 0.10000 1.25000"
1357,0.0000,Tx-Rx,0,-57.3271,"-7.30900 0.90000 -2.93800, -0.95000 0.10000 1.25000"
1358,0.0000,Tx-Rx,0,-57.1880,"-7.30900 0.90000 -2.93800, -1.25000 0.10000 1.25000"
1359,0.0000,Tx-Rx,0,-57.2035,"-7.30900 0.90000 -2.93800, -1.55000 0.10000 1.25000"
1360,0.0000,Tx-Rx,0,-56.2317,"-7.30900 0.90000 -2.93800, -1.85000 0.10000 1.25000"
1361,0.0000,Tx-Rx,0,-56.6043,"-7.30900 0.90000 -2.93800, -2.15000 0.10000 1.25000"
1362,0.0000,Tx-Rx,0,-57.3659,"-7.30900 0.90000 -2.93800, -2.45000 0.10000 1.25000"
1363,0.0000,Tx-Rx,0,-57.0777,"-7.30900 0.90000 -2.93800, -2.75000 0.10000 1.25000"
1364,0.0000,Tx-Rx,0,-57.0439,"-7.30900 0.90000 -2.93800, -3.05000 0.10000 1.25000"
1365,0.0000,Tx-Rx,0,-56.4230,"-7.30900 0.90000 -2.93800, -3.35000 0.10000 1.25000"
1366,0.0000,Tx-Rx,0,-54.9679,"-7.30900 0.90000 -2.93800, -3.65000 0.10000 1.25000"
1367,0.0000,Tx-Rx,0,-54.2021,"-7.30900 0.90000 -2.93800, -3.95000 0.10000 1.25000"
1368,0.0000,Tx-Rx,0,-53.5920,"-7.30900 0.90000 -2.93800, -4.25000 0.10000 1.25000"
1369,0.0000,Tx-Rx,0,-52.6389,"-7.30900 0.90000 -2.93800, -4.55000 0.10000 1.25000"
1370,0.0000,Tx-Rx,0,-52.7982,"-7.30900 0.90000 -2.93800, -4.85000 0.10000 1.25000"
1371,0.0000,Tx-Rx,0,-52.5823,"-7.30900 0.90000 -2.93800, -5.15000 0.10000 1.25000"
1372,0.0000,Tx-Rx,0,-50.5112,"-7.30900 0.90000 -2.93800, -5.45000 0.10000 1.25000"
1373,0.0000,Tx-Rx,0,-50.2567,"-7.30900 0.90000 -2.93800, -5.75000 0.10000 1.25000"
1374,0.0000,Tx-Rx,0,-49.8943,"-7.30900 0.90000 -2.93800, -6.05000 0.10000 1.25000"
1375,0.0000,Tx-Rx,0,-50.7066,"-7.30900 0.90000 -2.93800, -6.35000 0.10000 1.25000"
1376,0.0000,Tx-Rx,0,-51.9553,"-7.30900 0.90000 -2.93800, -6.65000 0.10000 1.25000"
1377,0.0000,Tx-Rx,0,-49.5588,"-7.30900 0.90000 -2.93800, -6.95000 0.10000 1.25000"
1378,0.0000,Tx-Rx,0,-49.3924,"-7.30900 0.90000 -2.93800, -7.25000 0.10000 1.25000"
1379,0.0000,Tx-Rx,0,-49.1426,"-7.30900 0.90000 -2.93800, -7.55000 0.10000 1.25000"
1380,0.0000,Tx-Rx,0,-48.9870,"-7.30900 0.90000 -2.93800, -7.85000 0.10000 1.25000"
1381,0.0000,Tx-Rx,0,-58.8119,"-7.30900 0.90000 -2.93800, 9.85000 0.10000 0.95000"
1382,0.0000,Tx-Rx,0,-57.1434,"-7.30900 0.90000 -2.93800, 9.55000 0.10000 0.95000"
1383,0.0000,Tx-Rx,0,-55.4473,"-7.30900 0.90000 -2.93800, 9.25000 0.10000 0.95000"
1384,0.0000,Tx-Rx,0,-55.2231,"-7.30900 0.90000 -2.93800, 8.95000 0.10000 0.95000"
1385,0.0000,Tx-Rx,0,-55.0556,"-7.30900 0.90000 -2.93800, 8.65000 0.10000 0.95000"
1386,0.0000,Tx-Rx,0,-54.8861,"-7.30900 0.90000 -2.93800, 8.35000 0.10000 0.95000"
1387,0.0000,Tx-Rx,0,-54.8991,"-7.30900 0.90000 -2.93800, 8.05000 0.10000 0.95000"
1388,0.0000,Tx-Rx,0,-54.2740,"-7.30900 0.90000 -2.93800, 7.75000 0.10000 0.95000"
1389,0.0000,Tx-Rx,0,-53.1123,"-7.30900 0.90000 -2.93800, 7.45000 0.10000 0.95000"
1390,0.0000,Tx-Rx,0,-52.9607,"-7.30900 0.90000 -2.93800, 7.15000 0.10000 0.95000"
1391,0.0000,Tx-Rx,0,-52.8483,"-7.30900 0.90000 -2.93800, 6.85000 0.10000 0.95000"
1392,0.0000,Tx-Rx,0,-52.6712,"-7.30900 0.90000 -2.93800, 6.55000 0.10000 0.95000"
1393,0.0000,Tx-Rx,0,-53.1143,"-7.30900 0.90000 -2.93800, 6.25000 0.10000 0.95000"
1394,0.0000,Tx-Rx,0,-53.5268,"-7.30900 0.90000 -2.93800, 5.95000 0.10000 0.95000"
1395,0.0000,Tx-Rx,0,-54.1229,"-7.30900 0.90000 -2.93800, 5.65000 0.10000 0.95000"
1396,0.0000,Tx-Rx,0,-54.7737,"-7.30900 0.90000 -2.93800, 5.35000 0.10000 0.95000"
1397,0.0000,Tx-Rx,0,-55.5530,"-7.30900 0.90000 -2.93800, 5.05000 0.10000 0.95000"
1398,0.0000,Tx-Rx,0,-58.4970,"-7.30900 0.90000 -2.93800, 4.75000 0.10000 0.95000"
1399,0.0000,Tx-Rx,0,-61.2537,"-7.30900 0.90000 -2.93800, 4.45000 0.10000 0.95000"
1400,0.0000,Tx-Rx,0,-60.5293,"-7.30900 0.90000 -2.93800, 4.15000 0.10000 0.95000"
1401,0.0000,Tx-Rx,0,-61.2048,"-7.30900 0.90000 -2.93800, 3.85000 0.10000 0.95000"
1402,0.0000,Tx-Rx,0,-62.7812,"-7.30900 0.90000 -2.93800, 3.55000 0.10000 0.95000"
1403,0.0000,Tx-Rx,0,-61.3701,"-7.30900 0.90000 -2.93800, 3.25000 0.10000 0.95000"
1404,0.0000,Tx-Rx,0,-60.2860,"-7.30900 0.90000 -2.93800, 2.95000 0.10000 0.95000"
1405,0.0000,Tx-Rx,0,-63.2485,"-7.30900 0.90000 -2.93800, 2.65000 0.10000 0.95000"
1406,0.0000,Tx-Rx,0,-69.0218,"-7.30900 0.90000 -2.93800, 2.35000 0.10000 0.95000"
1407,0.0000,Tx-Rx,0,-70.5997,"-7.30900 0.90000 -2.93800, 2.05000 0.10000 0.95000"
1408,0.0000,Tx-Rx,0,-70.0269,"-7.30900 0.90000 -2.93800, 1.75000 0.10000 0.95000"
1409,0.0000,Tx-Rx,0,-70.3825,"-7.30900 0.90000 -2.93800, 1.45000 0.10000 0.95000"
1410,0.0000,Tx-Rx,0,-70.1733,"-7.30900 0.90000 -2.93800, 1.15000 0.10000 0.95000"
1411,0.0000,Tx-Rx,0,-71.0468,"-7.30900 0.90000 -2.93800, 0.85000 0.10000 0.95000"
1412,0.0000,Tx-Rx,0,-73.1177,"-7.30900 0.90000 -2.93800, 0.55000 0.10000 0.95000"
1413,0.0000,Tx-Rx,0,-72.4160,"-7.30900 0.90000 -2.93800, 0.25000 0.10000 0.95000"
1414,0.0000,Tx-Rx,0,-59.2116,"-7.30900 0.90000 -2.93800, -0.05000 0.10000 0.95000"
1415,0.0000,Tx-Rx,0,-57.3653,"-7.30900 0.90000 -2.93800, -0.35000 0.10000 0.95000"
1416,0.0000,Tx-Rx,0,-57.1326,"-7.30900 0.90000 -2.93800, -0.65000 0.10000 0.95000"
1417,0.0000,Tx-Rx,0,-57.1822,"-7.30900 0.90000 -2.93800, -0.95000 0.10000 0.95000"
1418,0.0000,Tx-Rx,0,-56.8272,"-7.30900 0.90000 -2.93800, -1.25000 0.10000 0.95000"
1419,0.0000,Tx-Rx,0,-56.2530,"-7.30900 0.90000 -2.93800, -1.55000 0.10000 0.95000"
1420,0.0000,Tx-Rx,0,-55.8555,"-7.30900 0.90000 -2.93800, -1.85000 0.10000 0.95000"
1421,0.0000,Tx-Rx,0,-55.7529,"-7.30900 0.90000 -2.93800, -2.15000 0.10000 0.95000"
1422,0.0000,Tx-Rx,0,-56.5958,"-7.30900 0.90000 -2.93800, -2.45000 0.10000 0.95000"
1423,0.0000,Tx-Rx,0,-56.8997,"-7.30900 0.90000 -2.93800, -2.75000 0.10000 0.95000"
1424,0.0000,Tx-Rx,0,-56.7408,"-7.30900 0.90000 -2.93800, -3.05000 0.10000 0.95000"
1425,0.0000,Tx-Rx,0,-56.6309,"-7.30900 0.90000 -2.93800, -3.35000 0.10000 0.95000"
1426,0.0000,Tx-Rx,0,-55.9521,"-7.30900 0.90000 -2.93800, -3.65000 0.10000 0.95000"
1427,0.0000,Tx-Rx,0,-54.8347,"-7.30900 0.90000 -2.93800, -3.95000 0.10000 0.95000"
1428,0.0000,Tx-Rx,0,-54.0613,"-7.30900 0.90000 -2.93800, -4.25000 0.10000 0.95000"
1429,0.0000,Tx-Rx,0,-52.8966,"-7.30900 0.90000 -2.93800, -4.55000 0.10000 0.95000"
1430,0.0000,Tx-Rx,0,-52.8445,"-7.30900 0.90000 -2.93800, -4.85000 0.10000 0.95000"
1431,0.0000,Tx-Rx,0,-51.1749,"-7.30900 0.90000 -2.93800, -5.15000 0.10000 0.95000"
1432,0.0000,Tx-Rx,0,-49.8336,"-7.30900 0.90000 -2.93800, -5.45000 0.10000 0.95000"
1433,0.0000,Tx-Rx,0,-49.5900,"-7.30900 0.90000 -2.93800, -5.75000 0.10000 0.95000"
1434,0.0000,Tx-Rx,0,-49.1706,"-7.30900 0.90000 -2.93800, -6.05000 0.10000 0.95000"
1435,0.0000,Tx-Rx,0,-50.2428,"-7.30900 0.90000 -2.93800, -6.35000 0.10000 0.95000"
1436,0.0000,Tx-Rx,0,-52.0009,"-7.30900 0.90000 -2.93800, -6.65000 0.10000 0.95000"
1437,0.0000,Tx-Rx,0,-50.4753,"-7.30900 0.90000 -2.93800, -6.95000 0.10000 0.95000"
1438,0.0000,Tx-Rx,0,-48.7518,"-7.30900 0.90000 -2.93800, -7.25000 0.10000 0.95000"
1439,0.0000,Tx-Rx,0,-48.4594,"-7.30900 0.90000 -2.93800, -7.55000 0.10000 0.95000"
1440,0.0000,Tx-Rx,0,-48.2320,"-7.30900 0.90000 -2.93800, -7.85000 0.10000 0.95000"
1441,0.0000,Tx-Rx,0,-67.8466,"-7.30900 0.90000 -2.93800, 9.85000 0.10000 0.65000"
1442,0.0000,Tx-Rx,0,-69.3661,"-7.30900 0.90000 -2.93800, 9.55000 0.10000 0.65000"
1443,0.0000,Tx-Rx,0,-70.4171,"-7.30900 0.90000 -2.93800, 9.25000 0.10000 0.65000"
1444,0.0000,Tx-Rx,0,-66.1170,"-7.30900 0.90000 -2.93800, 8.95000 0.10000 0.65000"
1445,0.0000,Tx-Rx,0,-59.5218,"-7.30900 0.90000 -2.93800, 8.65000 0.10000 0.65000"
1446,0.0000,Tx-Rx,0,-52.6662,"-7.30900 0.90000 -2.93800, 8.35000 0.10000 0.65000"
1447,0.0000,Tx-Rx,0,-52.0675,"-7.30900 0.90000 -2.93800, 8.05000 0.10000 0.65000"
1448,0.0000,Tx-Rx,0,-51.5071,"-7.30900 0.90000 -2.93800, 7.75000 0.10000 0.65000"
1449,0.0000,Tx-Rx,0,-52.3984,"-7.30900 0.90000 -2.93800, 7.45000 0.10000 0.65000"
1450,0.0000,Tx-Rx,0,-52.5399,"-7.30900 0.90000 -2.93800, 7.15000 0.10000 0.65000"
1451,0.0000,Tx-Rx,0,-52.6968,"-7.30900 0.90000 -2.93800, 6.85000 0.10000 0.65000"
1452,0.0000,Tx-Rx,0,-52.4743,"-7.30900 0.90000 -2.93800, 6.55000 0.10000 0.65000"
1453,0.0000,Tx-Rx,0,-53.2007,"-7.30900 0.90000 -2.93800, 6.25000 0.10000 0.65000"
1454,0.0000,Tx-Rx,0,-53.6486,"-7.30900 0.90000 -2.93800, 5.95000 0.10000 0.65000"
1455,0.0000,Tx-Rx,0,-53.5680,"-7.30900 0.90000 -2.93800, 5.65000 0.10000 0.65000"
1456,0.0000,Tx-Rx,0,-54.5771,"-7.30900 0.90000 -2.93800, 5.35000 0.10000 0.65000"
1457,0.0000,Tx-Rx,0,-54.3693,"-7.30900 0.90000 -2.93800, 5.05000 0.10000 0.65000"
1458,0.0000,Tx-Rx,0,-55.5194,"-7.30900 0.90000 -2.93800, 4.75000 0.10000 0.65000"
1459,0.0000,Tx-Rx,0,-56.5782,"-7.30900 0.90000 -2.93800, 4.45000 0.10000 0.65000"
1460,0.0000,Tx-Rx,0,-58.6162,"-7.30900 0.90000 -2.93800, 4.15000 0.10000 0.65000"
1461,0.0000,Tx-Rx,0,-59.5911,"-7.30900 0.90000 -2.93800, 3.85000 0.10000 0.65000"
1462,0.0000,Tx-Rx,0,-59.4557,"-7.30900 0.90000 -2.93800, 3.55000 0.10000 0.65000"
1463,0.0000,Tx-Rx,0,-59.7532,"-7.30900 0.90000 -2.93800, 3.25000 0.10000 0.65000"
1464,0.0000,Tx-Rx,0,-59.6015,"-7.30900 0.90000 -2.93800, 2.95000 0.10000 0.65000"
1465,0.0000,Tx-Rx,0,-59.0275,"-7.30900 0.90000 -2.93800, 2.65000 0.10000 0.65000"
1466,0.0000,Tx-Rx,0,-59.9264,"-7.30900 0.90000 -2.93800, 2.35000 0.10000 0.65000"
1467,0.0000,Tx-Rx,0,-64.4179,"-7.30900 0.90000 -2.93800, 2.05000 0.10000 0.65000"
1468,0.0000,Tx-Rx,0,-68.1396,"-7.30900 0.90000 -2.93800, 1.75000 0.10000 0.65000"
1469,0.0000,Tx-Rx,0,-68.5563,"-7.30900 0.90000 -2.93800, 1.45000 0.10000 0.65000"
1470,0.0000,Tx-Rx,0,-68.4199,"-7.30900 0.90000 -2.93800, 1.15000 0.10000 0.65000"
1471,0.0000,Tx-Rx,0,-68.2062,"-7.30900 0.90000 -2.93800, 0.85000 0.10000 0.65000"
1472,0.0000,Tx-Rx,0,-69.1908,"-7.30900 0.90000 -2.93800, 0.55000 0.10000 0.65000"
1473,0.0000,Tx-Rx,0,-69.2101,"-7.30900 0.90000 -2.93800, 0.25000 0.10000 0.65000"
1474,0.0000,Tx-Rx,0,-58.7003,"-7.30900 0.90000 -2.93800, -0.05000 0.10000 0.65000"
1475,0.0000,Tx-Rx,0,-57.0310,"-7.30900 0.90000 -2.93800, -0.35000 0.10000 0.65000"
1476,0.0000,Tx-Rx,0,-56.9247,"-7.30900 0.90000 -2.93800, -0.65000 0.10000 0.65000"
1477,0.0000,Tx-Rx,0,-56.8156,"-7.30900 0.90000 -2.93800, -0.95000 0.10000 0.65000"
1478,0.0000,Tx-Rx,0,-56.3410,"-7.30900 0.90000 -2.93800, -1.25000 0.10000 0.65000"
1479,0.0000,Tx-Rx,0,-55.6011,"-7.30900 0.90000 -2.93800, -1.55000 0.10000 0.65000"
1480,0.0000,Tx-Rx,0,-55.2926,"-7.30900 0.90000 -2.93800, -1.85000 0.10000 0.65000"
1481,0.0000,Tx-Rx,0,-55.1154,"-7.30900 0.90000 -2.93800, -2.15000 0.10000 0.65000"
1482,0.0000,Tx-Rx,0,-55.1479,"-7.30900 0.90000 -2.93800, -2.45000 0.10000 0.65000"
1483,0.0000,Tx-Rx,0,-56.4478,"-7.30900 0.90000 -2.93800, -2.75000 0.10000 0.65000"
1484,0.0000,Tx-Rx,0,-56.6342,"-7.30900 0.90000 -2.93800, -3.05000 0.10000 0.65000"
1485,0.0000,Tx-Rx,0,-56.6353,"-7.30900 0.90000 -2.93800, -3.35000 0.10000 0.65000"
1486,0.0000,Tx-Rx,0,-56.2880,"-7.30900 0.90000 -2.93800, -3.65000 0.10000 0.65000"
1487,0.0000,Tx-Rx,0,-55.3848,"-7.30900 0.90000 -2.93800, -3.95000 0.10000 0.65000"
1488,0.0000,Tx-Rx,0,-54.3225,"-7.30900 0.90000 -2.93800, -4.25000 0.10000 0.65000"
1489,0.0000,Tx-Rx,0,-53.6269,"-7.30900 0.90000 -2.93800, -4.55000 0.10000 0.65000"
1490,0.0000,Tx-Rx,0,-52.7800,"-7.30900 0.90000 -2.93800, -4.85000 0.10000 0.65000"
1491,0.0000,Tx-Rx,0,-49.3427,"-7.30900 0.90000 -2.93800, -5.15000 0.10000 0.65000"
1492,0.0000,Tx-Rx,0,-48.8397,"-7.30900 0.90000 -2.93800, -5.45000 0.10000 0.65000"
1493,0.0000,Tx-Rx,0,-48.4879,"-7.30900 0.90000 -2.93800, -5.75000 0.10000 0.65000"
1494,0.0000,Tx-Rx,0,-48.1278,"-7.30900 0.90000 -2.93800, -6.05000 0.10000 0.65000"
1495,0.0000,Tx-Rx,0,-49.8675,"-7.30900 0.90000 -2.93800, -6.35000 0.10000 0.65000"
1496,0.0000,Tx-Rx,0,-51.3207,"-7.30900 0.90000 -2.93800, -6.65000 0.10000 0.65000"
1497,0.0000,Tx-Rx,0,-50.5873,"-7.30900 0.90000 -2.93800, -6.95000 0.10000 0.65000"
1498,0.0000,Tx-Rx,0,-48.5536,"-7.30900 0.90000 -2.93800, -7.25000 0.10000 0.65000"
1499,0.0000,Tx-Rx,0,-47.6606,"-7.30900 0.90000 -2.93800, -7.55000 0.10000 0.65000"
1500,0.0000,Tx-Rx,0,-47.7129,"-7.30900 0.90000 -2.93800, -7.85000 0.10000 0.65000"
1501,0.0000,Tx-Rx,0,-62.2618,"-7.30900 0.90000 -2.93800, 9.85000 0.10000 0.35000"
1502,0.0000,Tx-Rx,0,-63.6896,"-7.30900 0.90000 -2.93800, 9.55000 0.10000 0.35000"
1503,0.0000,Tx-Rx,0,-64.4551,"-7.30900 0.90000 -2.93800, 9.25000 0.10000 0.35000"
1504,0.0000,Tx-Rx,0,-85.9553,"-7.30900 0.90000 -2.93800, 8.95000 0.10000 0.35000"
1505,0.0000,Tx-Rx,0,-64.8682,"-7.30900 0.90000 -2.93800, 8.65000 0.10000 0.35000"
1506,0.0000,Tx-Rx,0,-52.3747,"-7.30900 0.90000 -2.93800, 8.35000 0.10000 0.35000"
1507,0.0000,Tx-Rx,0,-52.4737,"-7.30900 0.90000 -2.93800, 8.05000 0.10000 0.35000"
1508,0.0000,Tx-Rx,0,-52.6040,"-7.30900 0.90000 -2.93800, 7.75000 0.10000 0.35000"
1509,0.0000,Tx-Rx,0,-52.6810,"-7.30900 0.90000 -2.93800, 7.45000 0.10000 0.35000"
1510,0.0000,Tx-Rx,0,-52.4448,"-7.30900 0.90000 -2.93800, 7.15000 0.10000 0.35000"
1511,0.0000,Tx-Rx,0,-52.2421,"-7.30900 0.90000 -2.93800, 6.85000 0.10000 0.35000"
1512,0.0000,Tx-Rx,0,-52.8507,"-7.30900 0.90000 -2.93800, 6.55000 0.10000 0.35000"
1513,0.0000,Tx-Rx,0,-54.0528,"-7.30900 0.90000 -2.93800, 6.25000 0.10000 0.35000"
1514,0.0000,Tx-Rx,0,-54.8189,"-7.30900 0.90000 -2.93800, 5.95000 0.10000 0.35000"
1515,0.0000,Tx-Rx,0,-54.0622,"-7.30900 0.90000 -2.93800, 5.65000 0.10000 0.35000"
1516,0.0000,Tx-Rx,0,-55.1238,"-7.30900 0.90000 -2.93800, 5.35000 0.10000 0.35000"
1517,0.0000,Tx-Rx,0,-55.7565,"-7.30900 0.90000 -2.93800, 5.05000 0.10000 0.35000"
1518,0.0000,Tx-Rx,0,-55.1422,"-7.30900 0.90000 -2.93800, 4.75000 0.10000 0.35000"
1519,0.0000,Tx-Rx,0,-54.9299,"-7.30900 0.90000 -2.93800, 4.45000 0.10000 0.35000"
1520,0.0000,Tx-Rx,0,-55.0466,"-7.30900 0.90000 -2.93800, 4.15000 0.10000 0.35000"
1521,0.0000,Tx-Rx,0,-55.4671,"-7.30900 0.90000 -2.93800, 3.85000 0.10000 0.35000"
1522,0.0000,Tx-Rx,0,-55.9480,"-7.30900 0.90000 -2.93800, 3.55000 0.10000 0.35000"
1523,0.0000,Tx-Rx,0,-56.4279,"-7.30900 0.90000 -2.93800, 3.25000 0.10000 0.35000"
1524,0.0000,Tx-Rx,0,-58.2960,"-7.30900 0.90000 -2.93800, 2.95000 0.10000 0.35000"
1525,0.0000,Tx-Rx,0,-59.2481,"-7.30900 0.90000 -2.93800, 2.65000 0.10000 0.35000"
1526,0.0000,Tx-Rx,0,-58.6653,"-7.30900 0.90000 -2.93800, 2.35000 0.10000 0.35000"
1527,0.0000,Tx-Rx,0,-58.7920,"-7.30900 0.90000 -2.93800, 2.05000 0.10000 0.35000"
1528,0.0000,Tx-Rx,0,-60.5562,"-7.30900 0.90000 -2.93800, 1.75000 0.10000 0.35000"
1529,0.0000,Tx-Rx,0,-64.9678,"-7.30900 0.90000 -2.93800, 1.45000 0.10000 0.35000"
1530,0.0000,Tx-Rx,0,-65.6707,"-7.30900 0.90000 -2.93800, 1.15000 0.10000 0.35000"
1531,0.0000,Tx-Rx,0,-65.8169,"-7.30900 0.90000 -2.93800, 0.85000 0.10000 0.35000"
1532,0.0000,Tx-Rx,0,-66.4018,"-7.30900 0.90000 -2.93800, 0.55000 0.10000 0.35000"
1533,0.0000,Tx-Rx,0,-66.8630,"-7.30900 0.90000 -2.93800, 0.25000 0.10000 0.35000"
1534,0.0000,Tx-Rx,0,-58.1850,"-7.30900 0.90000 -2.93800, -0.05000 0.10000 0.35000"
1535,0.0000,Tx-Rx,0,-56.6846,"-7.30900 0.90000 -2.93800, -0.35000 0.10000 0.35000"
1536,0.0000,Tx-Rx,0,-56.5997,"-7.30900 0.90000 -2.93800, -0.65000 0.10000 0.35000"
1537,0.0000,Tx-Rx,0,-55.5360,"-7.30900 0.90000 -2.93800, -0.95000 0.10000 0.35000"
1538,0.0000,Tx-Rx,0,-54.7572,"-7.30900 0.90000 -2.93800, -1.25000 0.10000 0.35000"
1539,0.0000,Tx-Rx,0,-54.5239,"-7.30900 0.90000 -2.93800, -1.55000 0.10000 0.35000"
1540,0.0000,Tx-Rx,0,-54.6055,"-7.30900 0.90000 -2.93800, -1.85000 0.10000 0.35000"
1541,0.0000,Tx-Rx,0,-54.7712,"-7.30900 0.90000 -2.93800, -2.15000 0.10000 0.35000"
1542,0.0000,Tx-Rx,0,-54.7243,"-7.30900 0.90000 -2.93800, -2.45000 0.10000 0.35000"
1543,0.0000,Tx-Rx,0,-55.7484,"-7.30900 0.90000 -2.93800, -2.75000 0.10000 0.35000"
1544,0.0000,Tx-Rx,0,-56.1084,"-7.30900 0.90000 -2.93800, -3.05000 0.10000 0.35000"
1545,0.0000,Tx-Rx,0,-56.8908,"-7.30900 0.90000 -2.93800, -3.35000 0.10000 0.35000"
1546,0.0000,Tx-Rx,0,-56.6207,"-7.30900 0.90000 -2.93800, -3.65000 0.10000 0.35000"
1547,0.0000,Tx-Rx,0,-56.1389,"-7.30900 0.90000 -2.93800, -3.95000 0.10000 0.35000"
1548,0.0000,Tx-Rx,0,-55.1402,"-7.30900 0.90000 -2.93800, -4.25000 0.10000 0.35000"
1549,0.0000,Tx-Rx,0,-54.1742,"-7.30900 0.90000 -2.93800, -4.55000 0.10000 0.35000"
1550,0.0000,Tx-Rx,0,-51.1951,"-7.30900 0.90000 -2.93800, -4.85000 0.10000 0.35000"
1551,0.0000,Tx-Rx,0,-49.5820,"-7.30900 0.90000 -2.93800, -5.15000 0.10000 0.35000"
1552,0.0000,Tx-Rx,0,-49.0240,"-7.30900 0.90000 -2.93800, -5.45000 0.10000 0.35000"
1553,0.0000,Tx-Rx,0,-48.6994,"-7.30900 0.90000 -2.93800, -5.75000 0.10000 0.35000"
1554,0.0000,Tx-Rx,0,-48.3014,"-7.30900 0.90000 -2.93800, -6.05000 0.10000 0.35000"
1555,0.0000,Tx-Rx,0,-50.0527,"-7.30900 0.90000 -2.93800, -6.35000 0.10000 0.35000"
1556,0.0000,Tx-Rx,0,-50.8619,"-7.30900 0.90000 -2.93800, -6.65000 0.10000 0.35000"
1557,0.0000,Tx-Rx,0,-49.9547,"-7.30900 0.90000 -2.93800, -6.95000 0.10000 0.35000"
1558,0.0000,Tx-Rx,0,-47.8158,"-7.30900 0.90000 -2.93800, -7.25000 0.10000 0.35000"
1559,0.0000,Tx-Rx,0,-46.4882,"-7.30900 0.90000 -2.93800, -7.55000 0.10000 0.35000"
1560,0.0000,Tx-Rx,0,-46.9525,"-7.30900 0.90000 -2.93800, -7.85000 0.10000 0.35000"
1561,0.0000,Tx-Rx,0,-55.6477,"-7.30900 0.90000 -2.93800, 9.85000 0.10000 0.05000"
1562,0.0000,Tx-Rx,0,-54.9443,"-7.30900 0.90000 -2.93800, 9.55000 0.10000 0.05000"
1563,0.0000,Tx-Rx,0,-54.9050,"-7.30900 0.90000 -2.93800, 9.25000 0.10000 0.05000"
1564,0.0000,Tx-Rx,0,-55.0909,"-7.30900 0.90000 -2.93800, 8.95000 0.10000 0.05000"
1565,0.0000,Tx-Rx,0,-56.3892,"-7.30900 0.90000 -2.93800, 8.65000 0.10000 0.05000"
1566,0.0000,Tx-Rx,0,-53.9385,"-7.30900 0.90000 -2.93800, 8.35000 0.10000 0.05000"
1567,0.0000,Tx-Rx,0,-54.1674,"-7.30900 0.90000 -2.93800, 8.05000 0.10000 0.05000"
1568,0.0000,Tx-Rx,0,-54.2989,"-7.30900 0.90000 -2.93800, 7.75000 0.10000 0.05000"
1569,0.0000,Tx-Rx,0,-54.0222,"-7.30900 0.90000 -2.93800, 7.45000 0.10000 0.05000"
1570,0.0000,Tx-Rx,0,-54.8206,"-7.30900 0.90000 -2.93800, 7.15000 0.10000 0.05000"
1571,0.0000,Tx-Rx,0,-54.8817,"-7.30900 0.90000 -2.93800, 6.85000 0.10000 0.05000"
1572,0.0000,Tx-Rx,0,-54.0606,"-7.30900 0.90000 -2.93800, 6.55000 0.10000 0.05000"
1573,0.0000,Tx-Rx,0,-54.6403,"-7.30900 0.90000 -2.93800, 6.25000 0.10000 0.05000"
1574,0.0000,Tx-Rx,0,-54.9740,"-7.30900 0.90000 -2.93800, 5.95000 0.10000 0.05000"
1575,0.0000,Tx-Rx,0,-54.1638,"-7.30900 0.90000 -2.93800, 5.65000 0.10000 0.05000"
1576,0.0000,Tx-Rx,0,-54.0272,"-7.30900 0.90000 -2.93800, 5.35000 0.10000 0.05000"
1577,0.0000,Tx-Rx,0,-54.7839,"-7.30900 0.90000 -2.93800, 5.05000 0.10000 0.05000"
1578,0.0000,Tx-Rx,0,-55.5238,"-7.30900 0.90000 -2.93800, 4.75000 0.10000 0.05000"
1579,0.0000,Tx-Rx,0,-55.6299,"-7.30900 0.90000 -2.93800, 4.45000 0.10000 0.05000"
1580,0.0000,Tx-Rx,0,-54.7651,"-7.30900 0.90000 -2.93800, 4.15000 0.10000 0.05000"
1581,0.0000,Tx-Rx,0,-54.2269,"-7.30900 0.90000 -2.93800, 3.85000 0.10000 0.05000"
1582,0.0000,Tx-Rx,0,-53.9295,"-7.30900 0.90000 -2.93800, 3.55000 0.10000 0.05000"
1583,0.0000,Tx-Rx,0,-53.7417,"-7.30900 0.90000 -2.93800, 3.25000 0.10000 0.05000"
1584,0.0000,Tx-Rx,0,-53.7900,"-7.30900 0.90000 -2.93800, 2.95000 0.10000 0.05000"
1585,0.0000,Tx-Rx,0,-54.2308,"-7.30900 0.90000 -2.93800, 2.65000 0.10000 0.05000"
1586,0.0000,Tx-Rx,0,-55.2429,"-7.30900 0.90000 -2.93800, 2.35000 0.10000 0.05000"
1587,0.0000,Tx-Rx,0,-56.8763,"-7.30900 0.90000 -2.93800, 2.05000 0.10000 0.05000"
1588,0.0000,Tx-Rx,0,-58.4266,"-7.30900 0.90000 -2.93800, 1.75000 0.10000 0.05000"
1589,0.0000,Tx-Rx,0,-58.8261,"-7.30900 0.90000 -2.93800, 1.45000 0.10000 0.05000"
1590,0.0000,Tx-Rx,0,-61.6205,"-7.30900 0.90000 -2.93800, 1.15000 0.10000 0.05000"
1591,0.0000,Tx-Rx,0,-65.4784,"-7.30900 0.90000 -2.93800, 0.85000 0.10000 0.05000"
1592,0.0000,Tx-Rx,0,-65.4667,"-7.30900 0.90000 -2.93800, 0.55000 0.10000 0.05000"
1593,0.0000,Tx-Rx,0,-66.5132,"-7.30900 0.90000 -2.93800, 0.25000 0.10000 0.05000"
1594,0.0000,Tx-Rx,0,-57.4621,"-7.30900 0.90000 -2.93800, -0.05000 0.10000 0.05000"
1595,0.0000,Tx-Rx,0,-55.4529,"-7.30900 0.90000 -2.93800, -0.35000 0.10000 0.05000"
1596,0.0000,Tx-Rx,0,-54.7585,"-7.30900 0.90000 -2.93800, -0.65000 0.10000 0.05000"
1597,0.0000,Tx-Rx,0,-54.2380,"-7.30900 0.90000 -2.93800, -0.95000 0.10000 0.05000"
1598,0.0000,Tx-Rx,0,-54.3055,"-7.30900 0.90000 -2.93800, -1.25000 0.10000 0.05000"
1599,0.0000,Tx-Rx,0,-54.5995,"-7.30900 0.90000 -2.93800, -1.55000 0.10000 0.05000"
1600,0.0000,Tx-Rx,0,-54.5546,"-7.30900 0.90000 -2.93800, -1.85000 0.10000 0.05000"
1601,0.0000,Tx-Rx,0,-54.7067,"-7.30900 0.90000 -2.93800, -2.15000 0.10000 0.05000"
1602,0.0000,Tx-Rx,0,-54.8629,"-7.30900 0.90000 -2.93800, -2.45000 0.10000 0.05000"
1603,0.0000,Tx-Rx,0,-56.3605,"-7.30900 0.90000 -2.93800, -2.75000 0.10000 0.05000"
1604,0.0000,Tx-Rx,0,-56.4450,"-7.30900 0.90000 -2.93800, -3.05000 0.10000 0.05000"
1605,0.0000,Tx-Rx,0,-56.8448,"-7.30900 0.90000 -2.93800, -3.35000 0.10000 0.05000"
1606,0.0000,Tx-Rx,0,-56.9251,"-7.30900 0.90000 -2.93800, -3.65000 0.10000 0.05000"
1607,0.0000,Tx-Rx,0,-56.6272,"-7.30900 0.90000 -2.93800, -3.95000 0.10000 0.05000"
1608,0.0000,Tx-Rx,0,-56.4003,"-7.30900 0.90000 -2.93800, -4.25000 0.10000 0.05000"
1609,0.0000,Tx-Rx,0,-55.2664,"-7.30900 0.90000 -2.93800, -4.55000 0.10000 0.05000"
1610,0.0000,Tx-Rx,0,-50.5042,"-7.30900 0.90000 -2.93800, -4.85000 0.10000 0.05000"
1611,0.0000,Tx-Rx,0,-49.7233,"-7.30900 0.90000 -2.93800, -5.15000 0.10000 0.05000"
1612,0.0000,Tx-Rx,0,-49.4565,"-7.30900 0.90000 -2.93800, -5.45000 0.10000 0.05000"
1613,0.0000,Tx-Rx,0,-48.9747,"-7.30900 0.90000 -2.93800, -5.75000 0.10000 0.05000"
1614,0.0000,Tx-Rx,0,-48.3947,"-7.30900 0.90000 -2.93800, -6.05000 0.10000 0.05000"
1615,0.0000,Tx-Rx,0,-50.1764,"-7.30900 0.90000 -2.93800, -6.35000 0.10000 0.05000"
1616,0.0000,Tx-Rx,0,-50.5228,"-7.30900 0.90000 -2.93800, -6.65000 0.10000 0.05000"
1617,0.0000,Tx-Rx,0,-48.9047,"-7.30900 0.90000 -2.93800, -6.95000 0.10000 0.05000"
1618,0.0000,Tx-Rx,0,-46.6403,"-7.30900 0.90000 -2.93800, -7.25000 0.10000 0.05000"
1619,0.0000,Tx-Rx,0,-45.7448,"-7.30900 0.90000 -2.93800, -7.55000 0.10000 0.05000"
1620,0.0000,Tx-Rx,0,-45.8745,"-7.30900 0.90000 -2.93800, -7.85000 0.10000 0.05000"
1621,0.0000,Tx-Rx,0,-57.9613,"-7.30900 0.90000 -2.93800, 9.85000 0.10000 -0.25000"
1622,0.0000,Tx-Rx,0,-59.0348,"-7.30900 0.90000 -2.93800, 9.55000 0.10000 -0.25000"
1623,0.0000,Tx-Rx,0,-59.2978,"-7.30900 0.90000 -2.93800, 9.25000 0.10000 -0.25000"
1624,0.0000,Tx-Rx,0,-59.0615,"-7.30900 0.90000 -2.93800, 8.95000 0.10000 -0.25000"
1625,0.0000,Tx-Rx,0,-57.5650,"-7.30900 0.90000 -2.93800, 8.65000 0.10000 -0.25000"
1626,0.0000,Tx-Rx,0,-56.3145,"-7.30900 0.90000 -2.93800, 8.35000 0.10000 -0.25000"
1627,0.0000,Tx-Rx,0,-55.7493,"-7.30900 0.90000 -2.93800, 8.05000 0.10000 -0.25000"
1628,0.0000,Tx-Rx,0,-55.0165,"-7.30900 0.90000 -2.93800, 7.75000 0.10000 -0.25000"
1629,0.0000,Tx-Rx,0,-54.5396,"-7.30900 0.90000 -2.93800, 7.45000 0.10000 -0.25000"
1630,0.0000,Tx-Rx,0,-53.7662,"-7.30900 0.90000 -2.93800, 7.15000 0.10000 -0.25000"
1631,0.0000,Tx-Rx,0,-53.5870,"-7.30900 0.90000 -2.93800, 6.85000 0.10000 -0.25000"
1632,0.0000,Tx-Rx,0,-53.3936,"-7.30900 0.90000 -2.93800, 6.55000 0.10000 -0.25000"
1633,0.0000,Tx-Rx,0,-54.5566,"-7.30900 0.90000 -2.93800, 6.25000 0.10000 -0.25000"
1634,0.0000,Tx-Rx,0,-54.1365,"-7.30900 0.90000 -2.93800, 5.95000 0.10000 -0.25000"
1635,0.0000,Tx-Rx,0,-55.1379,"-7.30900 0.90000 -2.93800, 5.65000 0.10000 -0.25000"
1636,0.0000,Tx-Rx,0,-54.9715,"-7.30900 0.90000 -2.93800, 5.35000 0.10000 -0.25000"
1637,0.0000,Tx-Rx,0,-55.4789,"-7.30900 0.90000 -2.93800, 5.05000 0.10000 -0.25000"
1638,0.0000,Tx-Rx,0,-54.9102,"-7.30900 0.90000 -2.93800, 4.75000 0.10000 -0.25000"
1639,0.0000,Tx-Rx,0,-54.9630,"-7.30900 0.90000 -2.93800, 4.45000 0.10000 -0.25000"
1640,0.0000,Tx-Rx,0,-55.4435,"-7.30900 0.90000 -2.93800, 4.15000 0.10000 -0.25000"
1641,0.0000,Tx-Rx,0,-54.8299,"-7.30900 0.90000 -2.93800, 3.85000 0.10000 -0.25000"
1642,0.0000,Tx-Rx,0,-54.3666,"-7.30900 0.90000 -2.93800, 3.55000 0.10000 -0.25000"
1643,0.0000,Tx-Rx,0,-53.7934,"-7.30900 0.90000 -2.93800, 3.25000 0.10000 -0.25000"
1644,0.0000,Tx-Rx,0,-53.6651,"-7.30900 0.90000 -2.93800, 2.95000 0.10000 -0.25000"
1645,0.0000,Tx-Rx,0,-53.5340,"-7.30900 0.90000 -2.93800, 2.65000 0.10000 -0.25000"
1646,0.0000,Tx-Rx,0,-53.2125,"-7.30900 0.90000 -2.93800, 2.35000 0.10000 -0.25000"
1647,0.0000,Tx-Rx,0,-53.0578,"-7.30900 0.90000 -2.93800, 2.05000 0.10000 -0.25000"
1648,0.0000,Tx-Rx,0,-53.3413,"-7.30900 0.90000 -2.93800, 1.75000 0.10000 -0.25000"
1649,0.0000,Tx-Rx,0,-54.3125,"-7.30900 0.90000 -2.93800, 1.45000 0.10000 -0.25000"
1650,0.0000,Tx-Rx,0,-56.0178,"-7.30900 0.90000 -2.93800, 1.15000 0.10000 -0.25000"
1651,0.0000,Tx-Rx,0,-59.0510,"-7.30900 0.90000 -2.93800, 0.85000 0.10000 -0.25000"
1652,0.0000,Tx-Rx,0,-63.9717,"-7.30900 0.90000 -2.93800, 0.55000 0.10000 -0.25000"
1653,0.0000,Tx-Rx,0,-70.0553,"-7.30900 0.90000 -2.93800, 0.25000 0.10000 -0.25000"
1654,0.0000,Tx-Rx,0,-52.7968,"-7.30900 0.90000 -2.93800, -0.05000 0.10000 -0.25000"
1655,0.0000,Tx-Rx,0,-51.6810,"-7.30900 0.90000 -2.93800, -0.35000 0.10000 -0.25000"
1656,0.0000,Tx-Rx,0,-52.7821,"-7.30900 0.90000 -2.93800, -0.65000 0.10000 -0.25000"
1657,0.0000,Tx-Rx,0,-53.6960,"-7.30900 0.90000 -2.93800, -0.95000 0.10000 -0.25000"
1658,0.0000,Tx-Rx,0,-54.3696,"-7.30900 0.90000 -2.93800, -1.25000 0.10000 -0.25000"
1659,0.0000,Tx-Rx,0,-54.7519,"-7.30900 0.90000 -2.93800, -1.55000 0.10000 -0.25000"
1660,0.0000,Tx-Rx,0,-54.8227,"-7.30900 0.90000 -2.93800, -1.85000 0.10000 -0.25000"
1661,0.0000,Tx-Rx,0,-54.8303,"-7.30900 0.90000 -2.93800, -2.15000 0.10000 -0.25000"
1662,0.0000,Tx-Rx,0,-54.7843,"-7.30900 0.90000 -2.93800, -2.45000 0.10000 -0.25000"
1663,0.0000,Tx-Rx,0,-56.0293,"-7.30900 0.90000 -2.93800, -2.75000 0.10000 -0.25000"
1664,0.0000,Tx-Rx,0,-55.9667,"-7.30900 0.90000 -2.93800, -3.05000 0.10000 -0.25000"
1665,0.0000,Tx-Rx,0,-56.1616,"-7.30900 0.90000 -2.93800, -3.35000 0.10000 -0.25000"
1666,0.0000,Tx-Rx,0,-56.4077,"-7.30900 0.90000 -2.93800, -3.65000 0.10000 -0.25000"
1667,0.0000,Tx-Rx,0,-56.3474,"-7.30900 0.90000 -2.93800, -3.95000 0.10000 -0.25000"
1668,0.0000,Tx-Rx,0,-56.1284,"-7.30900 0.90000 -2.93800, -4.25000 0.10000 -0.25000"
1669,0.0000,Tx-Rx,0,-53.9285,"-7.30900 0.90000 -2.93800, -4.55000 0.10000 -0.25000"
1670,0.0000,Tx-Rx,0,-50.1671,"-7.30900 0.90000 -2.93800, -4.85000 0.10000 -0.25000"
1671,0.0000,Tx-Rx,0,-49.7590,"-7.30900 0.90000 -2.93800, -5.15000 0.10000 -0.25000"
1672,0.0000,Tx-Rx,0,-49.6394,"-7.30900 0.90000 -2.93800, -5.45000 0.10000 -0.25000"
1673,0.0000,Tx-Rx,0,-49.5201,"-7.30900 0.90000 -2.93800, -5.75000 0.10000 -0.25000"
1674,0.0000,Tx-Rx,0,-48.2098,"-7.30900 0.90000 -2.93800, -6.05000 0.10000 -0.25000"
1675,0.0000,Tx-Rx,0,-49.0553,"-7.30900 0.90000 -2.93800, -6.35000 0.10000 -0.25000"
1676,0.0000,Tx-Rx,0,-50.5295,"-7.30900 0.90000 -2.93800, -6.65000 0.10000 -0.25000"
1677,0.0000,Tx-Rx,0,-48.9567,"-7.30900 0.90000 -2.93800, -6.95000 0.10000 -0.25000"
1678,0.0000,Tx-Rx,0,-45.2805,"-7.30900 0.90000 -2.93800, -7.25000 0.10000 -0.25000"
1679,0.0000,Tx-Rx,0,-45.3147,"-7.30900 0.90000 -2.93800, -7.55000 0.10000 -0.25000"
1680,0.0000,Tx-Rx,0,-45.1390,"-7.30900 0.90000 -2.93800, -7.85000 0.10000 -0.25000"
1681,0.0000,Tx-Rx,0,-56.8675,"-7.30900 0.90000 -2.93800, 9.85000 0.10000 -0.55000"
1682,0.0000,Tx-Rx,0,-57.1795,"-7.30900 0.90000 -2.93800, 9.55000 0.10000 -0.55000"
1683,0.0000,Tx-Rx,0,-57.7020,"-7.30900 0.90000 -2.93800, 9.25000 0.10000 -0.55000"
1684,0.0000,Tx-Rx,0,-58.4208,"-7.30900 0.90000 -2.93800, 8.95000 0.10000 -0.55000"
1685,0.0000,Tx-Rx,0,-59.3431,"-7.30900 0.90000 -2.93800, 8.65000 0.10000 -0.55000"
1686,0.0000,Tx-Rx,0,-59.1334,"-7.30900 0.90000 -2.93800, 8.35000 0.10000 -0.55000"
1687,0.0000,Tx-Rx,0,-58.3851,"-7.30900 0.90000 -2.93800, 8.05000 0.10000 -0.55000"
1688,0.0000,Tx-Rx,0,-57.3980,"-7.30900 0.90000 -2.93800, 7.75000 0.10000 -0.55000"
1689,0.0000,Tx-Rx,0,-56.5662,"-7.30900 0.90000 -2.93800, 7.45000 0.10000 -0.55000"
1690,0.0000,Tx-Rx,0,-56.1207,"-7.30900 0.90000 -2.93800, 7.15000 0.10000 -0.55000"
1691,0.0000,Tx-Rx,0,-55.9916,"-7.30900 0.90000 -2.93800, 6.85000 0.10000 -0.55000"
1692,0.0000,Tx-Rx,0,-55.9844,"-7.30900 0.90000 -2.93800, 6.55000 0.10000 -0.55000"
1693,0.0000,Tx-Rx,0,-55.5104,"-7.30900 0.90000 -2.93800, 6.25000 0.10000 -0.55000"
1694,0.0000,Tx-Rx,0,-55.0465,"-7.30900 0.90000 -2.93800, 5.95000 0.10000 -0.55000"
1695,0.0000,Tx-Rx,0,-54.7543,"-7.30900 0.90000 -2.93800, 5.65000 0.10000 -0.55000"
1696,0.0000,Tx-Rx,0,-53.9014,"-7.30900 0.90000 -2.93800, 5.35000 0.10000 -0.55000"
1697,0.0000,Tx-Rx,0,-54.6787,"-7.30900 0.90000 -2.93800, 5.05000 0.10000 -0.55000"
1698,0.0000,Tx-Rx,0,-54.1415,"-7.30900 0.90000 -2.93800, 4.75000 0.10000 -0.55000"
1699,0.0000,Tx-Rx,0,-54.5876,"-7.30900 0.90000 -2.93800, 4.45000 0.10000 -0.55000"
1700,0.0000,Tx-Rx,0,-54.5504,"-7.30900 0.90000 -2.93800, 4.15000 0.10000 -0.55000"
1701,0.0000,Tx-Rx,0,-54.3237,"-7.30900 0.90000 -2.93800, 3.85000 0.10000 -0.55000"
1702,0.0000,Tx-Rx,0,-54.1251,"-7.30900 0.90000 -2.93800, 3.55000 0.10000 -0.55000"
1703,0.0000,Tx-Rx,0,-53.7126,"-7.30900 0.90000 -2.93800, 3.25000 0.10000 -0.55000"
1704,0.0000,Tx-Rx,0,-53.6579,"-7.30900 0.90000 -2.93800, 2.95000 0.10000 -0.55000"
1705,0.0000,Tx-Rx,0,-53.4321,"-7.30900 0.90000 -2.93800, 2.65000 0.10000 -0.55000"
1706,0.0000,Tx-Rx,0,-53.1504,"-7.30900 0.90000 -2.93800, 2.35000 0.10000 -0.55000"
1707,0.0000,Tx-Rx,0,-52.9682,"-7.30900 0.90000 -2.93800, 2.05000 0.10000 -0.55000"
1708,0.0000,Tx-Rx,0,-52.6732,"-7.30900 0.90000 -2.93800, 1.75000 0.10000 -0.55000"
1709,0.0000,Tx-Rx,0,-52.5303,"-7.30900 0.90000 -2.93800, 1.45000 0.10000 -0.55000"
1710,0.0000,Tx-Rx,0,-52.3244,"-7.30900 0.90000 -2.93800, 1.15000 0.10000 -0.55000"
1711,0.0000,Tx-Rx,0,-52.3252,"-7.30900 0.90000 -2.93800, 0.85000 0.10000 -0.55000"
1712,0.0000,Tx-Rx,0,-53.2595,"-7.30900 0.90000 -2.93800, 0.55000 0.10000 -0.55000"
1713,0.0000,Tx-Rx,0,-55.4001,"-7.30900 0.90000 -2.93800, 0.25000 0.10000 -0.55000"
1714,0.0000,Tx-Rx,0,-52.2105,"-7.30900 0.90000 -2.93800, -0.05000 0.10000 -0.55000"
1715,0.0000,Tx-Rx,0,-50.5177,"-7.30900 0.90000 -2.93800, -0.35000 0.10000 -0.55000"
1716,0.0000,Tx-Rx,0,-50.2909,"-7.30900 0.90000 -2.93800, -0.65000 0.10000 -0.55000"
1717,0.0000,Tx-Rx,0,-50.6737,"-7.30900 0.90000 -2.93800, -0.95000 0.10000 -0.55000"
1718,0.0000,Tx-Rx,0,-51.7603,"-7.30900 0.90000 -2.93800, -1.25000 0.10000 -0.55000"
1719,0.0000,Tx-Rx,0,-53.6410,"-7.30900 0.90000 -2.93800, -1.55000 0.10000 -0.55000"
1720,0.0000,Tx-Rx,0,-54.0975,"-7.30900 0.90000 -2.93800, -1.85000 0.10000 -0.55000"
1721,0.0000,Tx-Rx,0,-53.9480,"-7.30900 0.90000 -2.93800, -2.15000 0.10000 -0.55000"
1722,0.0000,Tx-Rx,0,-54.0208,"-7.30900 0.90000 -2.93800, -2.45000 0.10000 -0.55000"
1723,0.0000,Tx-Rx,0,-55.4206,"-7.30900 0.90000 -2.93800, -2.75000 0.10000 -0.55000"
1724,0.0000,Tx-Rx,0,-55.4906,"-7.30900 0.90000 -2.93800, -3.05000 0.10000 -0.55000"
1725,0.0000,Tx-Rx,0,-55.4878,"-7.30900 0.90000 -2.93800, -3.35000 0.10000 -0.55000"
1726,0.0000,Tx-Rx,0,-55.9772,"-7.30900 0.90000 -2.93800, -3.65000 0.10000 -0.55000"
1727,0.0000,Tx-Rx,0,-56.2024,"-7.30900 0.90000 -2.93800, -3.95000 0.10000 -0.55000"
1728,0.0000,Tx-Rx,0,-57.1950,"-7.30900 0.90000 -2.93800, -4.25000 0.10000 -0.55000"
1729,0.0000,Tx-Rx,0,-52.4140,"-7.30900 0.90000 -2.93800, -4.55000 0.10000 -0.55000"
1730,0.0000,Tx-Rx,0,-50.6128,"-7.30900 0.90000 -2.93800, -4.85000 0.10000 -0.55000"
1731,0.0000,Tx-Rx,0,-49.7639,"-7.30900 0.90000 -2.93800, -5.15000 0.10000 -0.55000"
1732,0.0000,Tx-Rx,0,-49.7181,"-7.30900 0.90000 -2.93800, -5.45000 0.10000 -0.55000"
1733,0.0000,Tx-Rx,0,-49.5367,"-7.30900 0.90000 -2.93800, -5.75000 0.10000 -0.55000"
1734,0.0000,Tx-Rx,0,-49.9149,"-7.30900 0.90000 -2.93800, -6.05000 0.10000 -0.55000"
1735,0.0000,Tx-Rx,0,-48.9565,"-7.30900 0.90000 -2.93800, -6.35000 0.10000 -0.55000"
1736,0.0000,Tx-Rx,0,-50.0694,"-7.30900 0.90000 -2.93800, -6.65000 0.10000 -0.55000"
1737,0.0000,Tx-Rx,0,-49.1779,"-7.30900 0.90000 -2.93800, -6.95000 0.10000 -0.55000"
1738,0.0000,Tx-Rx,0,-44.2042,"-7.30900 0.90000 -2.93800, -7.25000 0.10000 -0.55000"
1739,0.0000,Tx-Rx,0,-45.2128,"-7.30900 0.90000 -2.93800, -7.55000 0.10000 -0.55000"
1740,0.0000,Tx-Rx,0,-44.6200,"-7.30900 0.90000 -2.93800, -7.85000 0.10000 -0.55000"
1741,0.0000,Tx-Rx,0,-54.7870,"-7.30900 0.90000 -2.93800, 9.85000 0.10000 -0.85000"
1742,0.0000,Tx-Rx,0,-54.3558,"-7.30900 0.90000 -2.93800, 9.55000 0.10000 -0.85000"
1743,0.0000,Tx-Rx,0,-54.3528,"-7.30900 0.90000 -2.93800, 9.25000 0.10000 -0.85000"
1744,0.0000,Tx-Rx,0,-53.7359,"-7.30900 0.90000 -2.93800, 8.95000 0.10000 -0.85000"
1745,0.0000,Tx-Rx,0,-54.1050,"-7.30900 0.90000 -2.93800, 8.65000 0.10000 -0.85000"
1746,0.0000,Tx-Rx,0,-54.8472,"-7.30900 0.90000 -2.93800, 8.35000 0.10000 -0.85000"
1747,0.0000,Tx-Rx,0,-55.3414,"-7.30900 0.90000 -2.93800, 8.05000 0.10000 -0.85000"
1748,0.0000,Tx-Rx,0,-55.8516,"-7.30900 0.90000 -2.93800, 7.75000 0.10000 -0.85000"
1749,0.0000,Tx-Rx,0,-56.3171,"-7.30900 0.90000 -2.93800, 7.45000 0.10000 -0.85000"
1750,0.0000,Tx-Rx,0,-56.7391,"-7.30900 0.90000 -2.93800, 7.15000 0.10000 -0.85000"
1751,0.0000,Tx-Rx,0,-56.7548,"-7.30900 0.90000 -2.93800, 6.85000 0.10000 -0.85000"
1752,0.0000,Tx-Rx,0,-56.6961,"-7.30900 0.90000 -2.93800, 6.55000 0.10000 -0.85000"
1753,0.0000,Tx-Rx,0,-57.0433,"-7.30900 0.90000 -2.93800, 6.25000 0.10000 -0.85000"
1754,0.0000,Tx-Rx,0,-57.0844,"-7.30900 0.90000 -2.93800, 5.95000 0.10000 -0.85000"
1755,0.0000,Tx-Rx,0,-57.8104,"-7.30900 0.90000 -2.93800, 5.65000 0.10000 -0.85000"
1756,0.0000,Tx-Rx,0,-58.1282,"-7.30900 0.90000 -2.93800, 5.35000 0.10000 -0.85000"
1757,0.0000,Tx-Rx,0,-59.4436,"-7.30900 0.90000 -2.93800, 5.05000 0.10000 -0.85000"
1758,0.0000,Tx-Rx,0,-59.6265,"-7.30900 0.90000 -2.93800, 4.75000 0.10000 -0.85000"
1759,0.0000,Tx-Rx,0,-57.5108,"-7.30900 0.90000 -2.93800, 4.45000 0.10000 -0.85000"
1760,0.0000,Tx-Rx,0,-56.2716,"-7.30900 0.90000 -2.93800, 4.15000 0.10000 -0.85000"
1761,0.0000,Tx-Rx,0,-55.0981,"-7.30900 0.90000 -2.93800, 3.85000 0.10000 -0.85000"
1762,0.0000,Tx-Rx,0,-54.0269,"-7.30900 0.90000 -2.93800, 3.55000 0.10000 -0.85000"
1763,0.0000,Tx-Rx,0,-53.6914,"-7.30900 0.90000 -2.93800, 3.25000 0.10000 -0.85000"
1764,0.0000,Tx-Rx,0,-53.4787,"-7.30900 0.90000 -2.93800, 2.95000 0.10000 -0.85000"
1765,0.0000,Tx-Rx,0,-53.2527,"-7.30900 0.90000 -2.93800, 2.65000 0.10000 -0.85000"
1766,0.0000,Tx-Rx,0,-52.9383,"-7.30900 0.90000 -2.93800, 2.35000 0.10000 -0.85000"
1767,0.0000,Tx-Rx,0,-52.7699,"-7.30900 0.90000 -2.93800, 2.05000 0.10000 -0.85000"
1768,0.0000,Tx-Rx,0,-52.5180,"-7.30900 0.90000 -2.93800, 1.75000 0.10000 -0.85000"
1769,0.0000,Tx-Rx,0,-52.3932,"-7.30900 0.90000 -2.93800, 1.45000 0.10000 -0.85000"
1770,0.0000,Tx-Rx,0,-52.2417,"-7.30900 0.90000 -2.93800, 1.15000 0.10000 -0.85000"
1771,0.0000,Tx-Rx,0,-51.9598,"-7.30900 0.90000 -2.93800, 0.85000 0.10000 -0.85000"
1772,0.0000,Tx-Rx,0,-51.7016,"-7.30900 0.90000 -2.93800, 0.55000 0.10000 -0.85000"
1773,0.0000,Tx-Rx,0,-51.4697,"-7.30900 0.90000 -2.93800, 0.25000 0.10000 -0.85000"
1774,0.0000,Tx-Rx,0,-50.8975,"-7.30900 0.90000 -2.93800, -0.05000 0.10000 -0.85000"
1775,0.0000,Tx-Rx,0,-50.5704,"-7.30900 0.90000 -2.93800, -0.35000 0.10000 -0.85000"
1776,0.0000,Tx-Rx,0,-50.3472,"-7.30900 0.90000 -2.93800, -0.65000 0.10000 -0.85000"
1777,0.0000,Tx-Rx,0,-50.0971,"-7.30900 0.90000 -2.93800, -0.95000 0.10000 -0.85000"
1778,0.0000,Tx-Rx,0,-49.8563,"-7.30900 0.90000 -2.93800, -1.25000 0.10000 -0.85000"
1779,0.0000,Tx-Rx,0,-49.6188,"-7.30900 0.90000 -2.93800, -1.55000 0.10000 -0.85000"
1780,0.0000,Tx-Rx,0,-50.2478,"-7.30900 0.90000 -2.93800, -1.85000 0.10000 -0.85000"
1781,0.0000,Tx-Rx,0,-51.4498,"-7.30900 0.90000 -2.93800, -2.15000 0.10000 -0.85000"
1782,0.0000,Tx-Rx,0,-52.9836,"-7.30900 0.90000 -2.93800, -2.45000 0.10000 -0.85000"
1783,0.0000,Tx-Rx,0,-54.6754,"-7.30900 0.90000 -2.93800, -2.75000 0.10000 -0.85000"
1784,0.0000,Tx-Rx,0,-54.9079,"-7.30900 0.90000 -2.93800, -3.05000 0.10000 -0.85000"
1785,0.0000,Tx-Rx,0,-54.8051,"-7.30900 0.90000 -2.93800, -3.35000 0.10000 -0.85000"
1786,0.0000,Tx-Rx,0,-55.2474,"-7.30900 0.90000 -2.93800, -3.65000 0.10000 -0.85000"
1787,0.0000,Tx-Rx,0,-56.5578,"-7.30900 0.90000 -2.93800, -3.95000 0.10000 -0.85000"
1788,0.0000,Tx-Rx,0,-58.1984,"-7.30900 0.90000 -2.93800, -4.25000 0.10000 -0.85000"
1789,0.0000,Tx-Rx,0,-52.3528,"-7.30900 0.90000 -2.93800, -4.55000 0.10000 -0.85000"
1790,0.0000,Tx-Rx,0,-51.7316,"-7.30900 0.90000 -2.93800, -4.85000 0.10000 -0.85000"
1791,0.0000,Tx-Rx,0,-49.6516,"-7.30900 0.90000 -2.93800, -5.15000 0.10000 -0.85000"
1792,0.0000,Tx-Rx,0,-49.4842,"-7.30900 0.90000 -2.93800, -5.45000 0.10000 -0.85000"
1793,0.0000,Tx-Rx,0,-49.3793,"-7.30900 0.90000 -2.93800, -5.75000 0.10000 -0.85000"
1794,0.0000,Tx-Rx,0,-50.7449,"-7.30900 0.90000 -2.93800, -6.05000 0.10000 -0.85000"
1795,0.0000,Tx-Rx,0,-50.5067,"-7.30900 0.90000 -2.93800, -6.35000 0.10000 -0.85000"
1796,0.0000,Tx-Rx,0,-50.0073,"-7.30900 0.90000 -2.93800, -6.65000 0.10000 -0.85000"
1797,0.0000,Tx-Rx,0,-49.2309,"-7.30900 0.90000 -2.93800, -6.95000 0.10000 -0.85000"
1798,0.0000,Tx-Rx,0,-43.2689,"-7.30900 0.90000 -2.93800, -7.25000 0.10000 -0.85000"
1799,0.0000,Tx-Rx,0,-44.3019,"-7.30900 0.90000 -2.93800, -7.55000 0.10000 -0.85000"
1800,0.0000,Tx-Rx,0,-44.0610,"-7.30900 0.90000 -2.93800, -7.85000 0.10000 -0.85000"
1801,0.0000,Tx-Rx,0,-58.2967,"-7.30900 0.90000 -2.93800, 9.85000 0.10000 -1.15000"
1802,0.0000,Tx-Rx,0,-56.9998,"-7.30900 0.90000 -2.93800, 9.55000 0.10000 -1.15000"
1803,0.0000,Tx-Rx,0,-56.0999,"-7.30900 0.90000 -2.93800, 9.25000 0.10000 -1.15000"
1804,0.0000,Tx-Rx,0,-55.5195,"-7.30900 0.90000 -2.93800, 8.95000 0.10000 -1.15000"
1805,0.0000,Tx-Rx,0,-54.8879,"-7.30900 0.90000 -2.93800, 8.65000 0.10000 -1.15000"
1806,0.0000,Tx-Rx,0,-54.7785,"-7.30900 0.90000 -2.93800, 8.35000 0.10000 -1.15000"
1807,0.0000,Tx-Rx,0,-54.6055,"-7.30900 0.90000 -2.93800, 8.05000 0.10000 -1.15000"
1808,0.0000,Tx-Rx,0,-54.5350,"-7.30900 0.90000 -2.93800, 7.75000 0.10000 -1.15000"
1809,0.0000,Tx-Rx,0,-54.2989,"-7.30900 0.90000 -2.93800, 7.45000 0.10000 -1.15000"
1810,0.0000,Tx-Rx,0,-53.7441,"-7.30900 0.90000 -2.93800, 7.15000 0.10000 -1.15000"
1811,0.0000,Tx-Rx,0,-53.9511,"-7.30900 0.90000 -2.93800, 6.85000 0.10000 -1.15000"
1812,0.0000,Tx-Rx,0,-53.8119,"-7.30900 0.90000 -2.93800, 6.55000 0.10000 -1.15000"
1813,0.0000,Tx-Rx,0,-54.4103,"-7.30900 0.90000 -2.93800, 6.25000 0.10000 -1.15000"
1814,0.0000,Tx-Rx,0,-53.7599,"-7.30900 0.90000 -2.93800, 5.95000 0.10000 -1.15000"
1815,0.0000,Tx-Rx,0,-54.1943,"-7.30900 0.90000 -2.93800, 5.65000 0.10000 -1.15000"
1816,0.0000,Tx-Rx,0,-54.1588,"-7.30900 0.90000 -2.93800, 5.35000 0.10000 -1.15000"
1817,0.0000,Tx-Rx,0,-54.9592,"-7.30900 0.90000 -2.93800, 5.05000 0.10000 -1.15000"
1818,0.0000,Tx-Rx,0,-56.0041,"-7.30900 0.90000 -2.93800, 4.75000 0.10000 -1.15000"
1819,0.0000,Tx-Rx,0,-58.0715,"-7.30900 0.90000 -2.93800, 4.45000 0.10000 -1.15000"
1820,0.0000,Tx-Rx,0,-58.6456,"-7.30900 0.90000 -2.93800, 4.15000 0.10000 -1.15000"
1821,0.0000,Tx-Rx,0,-56.2151,"-7.30900 0.90000 -2.93800, 3.85000 0.10000 -1.15000"
1822,0.0000,Tx-Rx,0,-53.8165,"-7.30900 0.90000 -2.93800, 3.55000 0.10000 -1.15000"
1823,0.0000,Tx-Rx,0,-53.5682,"-7.30900 0.90000 -2.93800, 3.25000 0.10000 -1.15000"
1824,0.0000,Tx-Rx,0,-53.3255,"-7.30900 0.90000 -2.93800, 2.95000 0.10000 -1.15000"
1825,0.0000,Tx-Rx,0,-53.2479,"-7.30900 0.90000 -2.93800, 2.65000 0.10000 -1.15000"
1826,0.0000,Tx-Rx,0,-52.9015,"-7.30900 0.90000 -2.93800, 2.35000 0.10000 -1.15000"
1827,0.0000,Tx-Rx,0,-52.6795,"-7.30900 0.90000 -2.93800, 2.05000 0.10000 -1.15000"
1828,0.0000,Tx-Rx,0,-52.5384,"-7.30900 0.90000 -2.93800, 1.75000 0.10000 -1.15000"
1829,0.0000,Tx-Rx,0,-52.2335,"-7.30900 0.90000 -2.93800, 1.45000 0.10000 -1.15000"
1830,0.0000,Tx-Rx,0,-52.0374,"-7.30900 0.90000 -2.93800, 1.15000 0.10000 -1.15000"
1831,0.0000,Tx-Rx,0,-51.8210,"-7.30900 0.90000 -2.93800, 0.85000 0.10000 -1.15000"
1832,0.0000,Tx-Rx,0,-51.5861,"-7.30900 0.90000 -2.93800, 0.55000 0.10000 -1.15000"
1833,0.0000,Tx-Rx,0,-51.1680,"-7.30900 0.90000 -2.93800, 0.25000 0.10000 -1.15000"
1834,0.0000,Tx-Rx,0,-50.8693,"-7.30900 0.90000 -2.93800, -0.05000 0.10000 -1.15000"
1835,0.0000,Tx-Rx,0,-50.5456,"-7.30900 0.90000 -2.93800, -0.35000 0.10000 -1.15000"
1836,0.0000,Tx-Rx,0,-50.2101,"-7.30900 0.90000 -2.93800, -0.65000 0.10000 -1.15000"
1837,0.0000,Tx-Rx,0,-50.0314,"-7.30900 0.90000 -2.93800, -0.95000 0.10000 -1.15000"
1838,0.0000,Tx-Rx,0,-49.8053,"-7.30900 0.90000 -2.93800, -1.25000 0.10000 -1.15000"
1839,0.0000,Tx-Rx,0,-49.4630,"-7.30900 0.90000 -2.93800, -1.55000 0.10000 -1.15000"
1840,0.0000,Tx-Rx,0,-49.0645,"-7.30900 0.90000 -2.93800, -1.85000 0.10000 -1.15000"
1841,0.0000,Tx-Rx,0,-48.5387,"-7.30900 0.90000 -2.93800, -2.15000 0.10000 -1.15000"
1842,0.0000,Tx-Rx,0,-48.5799,"-7.30900 0.90000 -2.93800, -2.45000 0.10000 -1.15000"
1843,0.0000,Tx-Rx,0,-50.2929,"-7.30900 0.90000 -2.93800, -2.75000 0.10000 -1.15000"
1844,0.0000,Tx-Rx,0,-52.6029,"-7.30900 0.90000 -2.93800, -3.05000 0.10000 -1.15000"
1845,0.0000,Tx-Rx,0,-53.9235,"-7.30900 0.90000 -2.93800, -3.35000 0.10000 -1.15000"
1846,0.0000,Tx-Rx,0,-54.4684,"-7.30900 0.90000 -2.93800, -3.65000 0.10000 -1.15000"
1847,0.0000,Tx-Rx,0,-55.1615,"-7.30900 0.90000 -2.93800, -3.95000 0.10000 -1.15000"
1848,0.0000,Tx-Rx,0,-54.8323,"-7.30900 0.90000 -2.93800, -4.25000 0.10000 -1.15000"
1849,0.0000,Tx-Rx,0,-52.7120,"-7.30900 0.90000 -2.93800, -4.55000 0.10000 -1.15000"
1850,0.0000,Tx-Rx,0,-52.8190,"-7.30900 0.90000 -2.93800, -4.85000 0.10000 -1.15000"
1851,0.0000,Tx-Rx,0,-51.0025,"-7.30900 0.90000 -2.93800, -5.15000 0.10000 -1.15000"
1852,0.0000,Tx-Rx,0,-49.7739,"-7.30900 0.90000 -2.93800, -5.45000 0.10000 -1.15000"
1853,0.0000,Tx-Rx,0,-49.4442,"-7.30900 0.90000 -2.93800, -5.75000 0.10000 -1.15000"
1854,0.0000,Tx-Rx,0,-51.0538,"-7.30900 0.90000 -2.93800, -6.05000 0.10000 -1.15000"
1855,0.0000,Tx-Rx,0,-52.7809,"-7.30900 0.90000 -2.93800, -6.35000 0.10000 -1.15000"
1856,0.0000,Tx-Rx,0,-51.7655,"-7.30900 0.90000 -2.93800, -6.65000 0.10000 -1.15000"
1857,0.0000,Tx-Rx,0,-49.9821,"-7.30900 0.90000 -2.93800, -6.95000 0.10000 -1.15000"
1858,0.0000,Tx-Rx,0,-42.6538,"-7.30900 0.90000 -2.93800, -7.25000 0.10000 -1.15000"
1859,0.0000,Tx-Rx,0,-43.0311,"-7.30900 0.90000 -2.93800, -7.55000 0.10000 -1.15000"
1860,0.0000,Tx-Rx,0,-43.5398,"-7.30900 0.90000 -2.93800, -7.85000 0.10000 -1.15000"
1861,0.0000,Tx-Rx,0,-54.8328,"-7.30900 0.90000 -2.93800, 9.85000 0.10000 -1.45000"
1862,0.0000,Tx-Rx,0,-54.6385,"-7.30900 0.90000 -2.93800, 9.55000 0.10000 -1.45000"
1863,0.0000,Tx-Rx,0,-54.8089,"-7.30900 0.90000 -2.93800, 9.25000 0.10000 -1.45000"
1864,0.0000,Tx-Rx,0,-54.9302,"-7.30900 0.90000 -2.93800, 8.95000 0.10000 -1.45000"
1865,0.0000,Tx-Rx,0,-55.0561,"-7.30900 0.90000 -2.93800, 8.65000 0.10000 -1.45000"
1866,0.0000,Tx-Rx,0,-54.4049,"-7.30900 0.90000 -2.93800, 8.35000 0.10000 -1.45000"
1867,0.0000,Tx-Rx,0,-54.2828,"-7.30900 0.90000 -2.93800, 8.05000 0.10000 -1.45000"
1868,0.0000,Tx-Rx,0,-54.0016,"-7.30900 0.90000 -2.93800, 7.75000 0.10000 -1.45000"
1869,0.0000,Tx-Rx,0,-53.7991,"-7.30900 0.90000 -2.93800, 7.45000 0.10000 -1.45000"
1870,0.0000,Tx-Rx,0,-53.7628,"-7.30900 0.90000 -2.93800, 7.15000 0.10000 -1.45000"
1871,0.0000,Tx-Rx,0,-53.6169,"-7.30900 0.90000 -2.93800, 6.85000 0.10000 -1.45000"
1872,0.0000,Tx-Rx,0,-53.3183,"-7.30900 0.90000 -2.93800, 6.55000 0.10000 -1.45000"
1873,0.0000,Tx-Rx,0,-53.6885,"-7.30900 0.90000 -2.93800, 6.25000 0.10000 -1.45000"
1874,0.0000,Tx-Rx,0,-53.8255,"-7.30900 0.90000 -2.93800, 5.95000 0.10000 -1.45000"
1875,0.0000,Tx-Rx,0,-53.7808,"-7.30900 0.90000 -2.93800, 5.65000 0.10000 -1.45000"
1876,0.0000,Tx-Rx,0,-53.2271,"-7.30900 0.90000 -2.93800, 5.35000 0.10000 -1.45000"
1877,0.0000,Tx-Rx,0,-52.8586,"-7.30900 0.90000 -2.93800, 5.05000 0.10000 -1.45000"
1878,0.0000,Tx-Rx,0,-53.5034,"-7.30900 0.90000 -2.93800, 4.75000 0.10000 -1.45000"
1879,0.0000,Tx-Rx,0,-53.0506,"-7.30900 0.90000 -2.93800, 4.45000 0.10000 -1.45000"
1880,0.0000,Tx-Rx,0,-53.1887,"-7.30900 0.90000 -2.93800, 4.15000 0.10000 -1.45000"
1881,0.0000,Tx-Rx,0,-53.4899,"-7.30900 0.90000 -2.93800, 3.85000 0.10000 -1.45000"
1882,0.0000,Tx-Rx,0,-53.2835,"-7.30900 0.90000 -2.93800, 3.55000 0.10000 -1.45000"
1883,0.0000,Tx-Rx,0,-53.3245,"-7.30900 0.90000 -2.93800, 3.25000 0.10000 -1.45000"
1884,0.0000,Tx-Rx,0,-53.4416,"-7.30900 0.90000 -2.93800, 2.95000 0.10000 -1.45000"
1885,0.0000,Tx-Rx,0,-53.2870,"-7.30900 0.90000 -2.93800, 2.65000 0.10000 -1.45000"
1886,0.0000,Tx-Rx,0,-53.1056,"-7.30900 0.90000 -2.93800, 2.35000 0.10000 -1.45000"
1887,0.0000,Tx-Rx,0,-52.7663,"-7.30900 0.90000 -2.93800, 2.05000 0.10000 -1.45000"
1888,0.0000,Tx-Rx,0,-52.3486,"-7.30900 0.90000 -2.93800, 1.75000 0.10000 -1.45000"
1889,0.0000,Tx-Rx,0,-52.2473,"-7.30900 0.90000 -2.93800, 1.45000 0.10000 -1.45000"
1890,0.0000,Tx-Rx,0,-51.9375,"-7.30900 0.90000 -2.93800, 1.15000 0.10000 -1.45000"
1891,0.0000,Tx-Rx,0,-51.6321,"-7.30900 0.90000 -2.93800, 0.85000 0.10000 -1.45000"
1892,0.0000,Tx-Rx,0,-51.1206,"-7.30900 0.90000 -2.93800, 0.55000 0.10000 -1.45000"
1893,0.0000,Tx-Rx,0,-50.7684,"-7.30900 0.90000 -2.93800, 0.25000 0.10000 -1.45000"
1894,0.0000,Tx-Rx,0,-50.5411,"-7.30900 0.90000 -2.93800, -0.05000 0.10000 -1.45000"
1895,0.0000,Tx-Rx,0,-50.2386,"-7.30900 0.90000 -2.93800, -0.35000 0.10000 -1.45000"
1896,0.0000,Tx-Rx,0,-50.0766,"-7.30900 0.90000 -2.93800, -0.65000 0.10000 -1.45000"
1897,0.0000,Tx-Rx,0,-49.8464,"-7.30900 0.90000 -2.93800, -0.95000 0.10000 -1.45000"
1898,0.0000,Tx-Rx,0,-49.5857,"-7.30900 0.90000 -2.93800, -1.25000 0.10000 -1.45000"
1899,0.0000,Tx-Rx,0,-49.4053,"-7.30900 0.90000 -2.93800, -1.55000 0.10000 -1.45000"
1900,0.0000,Tx-Rx,0,-48.9301,"-7.30900 0.90000 -2.93800, -1.85000 0.10000 -1.45000"
1901,0.0000,Tx-Rx,0,-48.4453,"-7.30900 0.90000 -2.93800, -2.15000 0.10000 -1.45000"
1902,0.0000,Tx-Rx,0,-47.8853,"-7.30900 0.90000 -2.93800, -2.45000 0.10000 -1.45000"
1903,0.0000,Tx-Rx,0,-47.8688,"-7.30900 0.90000 -2.93800, -2.75000 0.10000 -1.45000"
1904,0.0000,Tx-Rx,0,-47.5771,"-7.30900 0.90000 -2.93800, -3.05000 0.10000 -1.45000"
1905,0.0000,Tx-Rx,0,-48.1176,"-7.30900 0.90000 -2.93800, -3.35000 0.10000 -1.45000"
1906,0.0000,Tx-Rx,0,-49.8127,"-7.30900 0.90000 -2.93800, -3.65000 0.10000 -1.45000"
1907,0.0000,Tx-Rx,0,-52.7759,"-7.30900 0.90000 -2.93800, -3.95000 0.10000 -1.45000"
1908,0.0000,Tx-Rx,0,-52.1467,"-7.30900 0.90000 -2.93800, -4.25000 0.10000 -1.45000"
1909,0.0000,Tx-Rx,0,-52.3734,"-7.30900 0.90000 -2.93800, -4.55000 0.10000 -1.45000"
1910,0.0000,Tx-Rx,0,-52.7185,"-7.30900 0.90000 -2.93800, -4.85000 0.10000 -1.45000"
1911,0.0000,Tx-Rx,0,-53.3827,"-7.30900 0.90000 -2.93800, -5.15000 0.10000 -1.45000"
1912,0.0000,Tx-Rx,0,-53.7460,"-7.30900 0.90000 -2.93800, -5.45000 0.10000 -1.45000"
1913,0.0000,Tx-Rx,0,-49.9930,"-7.30900 0.90000 -2.93800, -5.75000 0.10000 -1.45000"
1914,0.0000,Tx-Rx,0,-50.4122,"-7.30900 0.90000 -2.93800, -6.05000 0.10000 -1.45000"
1915,0.0000,Tx-Rx,0,-53.8064,"-7.30900 0.90000 -2.93800, -6.35000 0.10000 -1.45000"
1916,0.0000,Tx-Rx,0,-47.8995,"-7.30900 0.90000 -2.93800, -6.65000 0.10000 -1.45000"
1917,0.0000,Tx-Rx,0,-50.3534,"-7.30900 0.90000 -2.93800, -6.95000 0.10000 -1.45000"
1918,0.0000,Tx-Rx,0,-41.9134,"-7.30900 0.90000 -2.93800, -7.25000 0.10000 -1.45000"
1919,0.0000,Tx-Rx,0,-41.7860,"-7.30900 0.90000 -2.93800, -7.55000 0.10000 -1.45000"
1920,0.0000,Tx-Rx,0,-42.3391,"-7.30900 0.90000 -2.93800, -7.85000 0.10000 -1.45000"
1921,0.0000,Tx-Rx,0,-55.8367,"-7.30900 0.90000 -2.93800, 9.85000 0.10000 -1.75000"
1922,0.0000,Tx-Rx,0,-55.1378,"-7.30900 0.90000 -2.93800, 9.55000 0.10000 -1.75000"
1923,0.0000,Tx-Rx,0,-55.0509,"-7.30900 0.90000 -2.93800, 9.25000 0.10000 -1.75000"
1924,0.0000,Tx-Rx,0,-54.7061,"-7.30900 0.90000 -2.93800, 8.95000 0.10000 -1.75000"
1925,0.0000,Tx-Rx,0,-54.2804,"-7.30900 0.90000 -2.93800, 8.65000 0.10000 -1.75000"
1926,0.0000,Tx-Rx,0,-53.8235,"-7.30900 0.90000 -2.93800, 8.35000 0.10000 -1.75000"
1927,0.0000,Tx-Rx,0,-53.9561,"-7.30900 0.90000 -2.93800, 8.05000 0.10000 -1.75000"
1928,0.0000,Tx-Rx,0,-53.9179,"-7.30900 0.90000 -2.93800, 7.75000 0.10000 -1.75000"
1929,0.0000,Tx-Rx,0,-54.6518,"-7.30900 0.90000 -2.93800, 7.45000 0.10000 -1.75000"
1930,0.0000,Tx-Rx,0,-54.6089,"-7.30900 0.90000 -2.93800, 7.15000 0.10000 -1.75000"
1931,0.0000,Tx-Rx,0,-54.4572,"-7.30900 0.90000 -2.93800, 6.85000 0.10000 -1.75000"
1932,0.0000,Tx-Rx,0,-53.9755,"-7.30900 0.90000 -2.93800, 6.55000 0.10000 -1.75000"
1933,0.0000,Tx-Rx,0,-55.3013,"-7.30900 0.90000 -2.93800, 6.25000 0.10000 -1.75000"
1934,0.0000,Tx-Rx,0,-55.7985,"-7.30900 0.90000 -2.93800, 5.95000 0.10000 -1.75000"
1935,0.0000,Tx-Rx,0,-55.3135,"-7.30900 0.90000 -2.93800, 5.65000 0.10000 -1.75000"
1936,0.0000,Tx-Rx,0,-55.0510,"-7.30900 0.90000 -2.93800, 5.35000 0.10000 -1.75000"
1937,0.0000,Tx-Rx,0,-54.6400,"-7.30900 0.90000 -2.93800, 5.05000 0.10000 -1.75000"
1938,0.0000,Tx-Rx,0,-55.3546,"-7.30900 0.90000 -2.93800, 4.75000 0.10000 -1.75000"
1939,0.0000,Tx-Rx,0,-54.8264,"-7.30900 0.90000 -2.93800, 4.45000 0.10000 -1.75000"
1940,0.0000,Tx-Rx,0,-54.0776,"-7.30900 0.90000 -2.93800, 4.15000 0.10000 -1.75000"
1941,0.0000,Tx-Rx,0,-53.3282,"-7.30900 0.90000 -2.93800, 3.85000 0.10000 -1.75000"
1942,0.0000,Tx-Rx,0,-52.9543,"-7.30900 0.90000 -2.93800, 3.55000 0.10000 -1.75000"
1943,0.0000,Tx-Rx,0,-52.8002,"-7.30900 0.90000 -2.93800, 3.25000 0.10000 -1.75000"
1944,0.0000,Tx-Rx,0,-52.7313,"-7.30900 0.90000 -2.93800, 2.95000 0.10000 -1.75000"
1945,0.0000,Tx-Rx,0,-52.7611,"-7.30900 0.90000 -2.93800, 2.65000 0.10000 -1.75000"
1946,0.0000,Tx-Rx,0,-52.7850,"-7.30900 0.90000 -2.93800, 2.35000 0.10000 -1.75000"
1947,0.0000,Tx-Rx,0,-52.6700,"-7.30900 0.90000 -2.93800, 2.05000 0.10000 -1.75000"
1948,0.0000,Tx-Rx,0,-52.3787,"-7.30900 0.90000 -2.93800, 1.75000 0.10000 -1.75000"
1949,0.0000,Tx-Rx,0,-52.0883,"-7.30900 0.90000 -2.93800, 1.45000 0.10000 -1.75000"
1950,0.0000,Tx-Rx,0,-51.6284,"-7.30900 0.90000 -2.93800, 1.15000 0.10000 -1.75000"
1951,0.0000,Tx-Rx,0,-51.1134,"-7.30900 0.90000 -2.93800, 0.85000 0.10000 -1.75000"
1952,0.0000,Tx-Rx,0,-50.8558,"-7.30900 0.90000 -2.93800, 0.55000 0.10000 -1.75000"
1953,0.0000,Tx-Rx,0,-50.4799,"-7.30900 0.90000 -2.93800, 0.25000 0.10000 -1.75000"
1954,0.0000,Tx-Rx,0,-50.3617,"-7.30900 0.90000 -2.93800, -0.05000 0.10000 -1.75000"
1955,0.0000,Tx-Rx,0,-50.0369,"-7.30900 0.90000 -2.93800, -0.35000 0.10000 -1.75000"
1956,0.0000,Tx-Rx,0,-49.7084,"-7.30900 0.90000 -2.93800, -0.65000 0.10000 -1.75000"
1957,0.0000,Tx-Rx,0,-49.5224,"-7.30900 0.90000 -2.93800, -0.95000 0.10000 -1.75000"
1958,0.0000,Tx-Rx,0,-49.2377,"-7.30900 0.90000 -2.93800, -1.25000 0.10000 -1.75000"
1959,0.0000,Tx-Rx,0,-49.0436,"-7.30900 0.90000 -2.93800, -1.55000 0.10000 -1.75000"
1960,0.0000,Tx-Rx,0,-48.8560,"-7.30900 0.90000 -2.93800, -1.85000 0.10000 -1.75000"
1961,0.0000,Tx-Rx,0,-48.3574,"-7.30900 0.90000 -2.93800, -2.15000 0.10000 -1.75000"
1962,0.0000,Tx-Rx,0,-47.8490,"-7.30900 0.90000 -2.93800, -2.45000 0.10000 -1.75000"
1963,0.0000,Tx-Rx,0,-47.8009,"-7.30900 0.90000 -2.93800, -2.75000 0.10000 -1.75000"
1964,0.0000,Tx-Rx,0,-47.3560,"-7.30900 0.90000 -2.93800, -3.05000 0.10000 -1.75000"
1965,0.0000,Tx-Rx,0,-46.7724,"-7.30900 0.90000 -2.93800, -3.35000 0.10000 -1.75000"
1966,0.0000,Tx-Rx,0,-45.7120,"-7.30900 0.90000 -2.93800, -3.65000 0.10000 -1.75000"
1967,0.0000,Tx-Rx,0,-45.5933,"-7.30900 0.90000 -2.93800, -3.95000 0.10000 -1.75000"
1968,0.0000,Tx-Rx,0,-46.0885,"-7.30900 0.90000 -2.93800, -4.25000 0.10000 -1.75000"
1969,0.0000,Tx-Rx,0,-49.1299,"-7.30900 0.90000 -2.93800, -4.55000 0.10000 -1.75000"
1970,0.0000,Tx-Rx,0,-52.1904,"-7.30900 0.90000 -2.93800, -4.85000 0.10000 -1.75000"
1971,0.0000,Tx-Rx,0,-56.9112,"-7.30900 0.90000 -2.93800, -5.15000 0.10000 -1.75000"
1972,0.0000,Tx-Rx,0,-59.6336,"-7.30900 0.90000 -2.93800, -5.45000 0.10000 -1.75000"
1973,0.0000,Tx-Rx,0,-50.2230,"-7.30900 0.90000 -2.93800, -5.75000 0.10000 -1.75000"
1974,0.0000,Tx-Rx,0,-48.4290,"-7.30900 0.90000 -2.93800, -6.05000 0.10000 -1.75000"
1975,0.0000,Tx-Rx,0,-48.5959,"-7.30900 0.90000 -2.93800, -6.35000 0.10000 -1.75000"
1976,0.0000,Tx-Rx,0,-40.4440,"-7.30900 0.90000 -2.93800, -6.65000 0.10000 -1.75000"
1977,0.0000,Tx-Rx,0,-43.5855,"-7.30900 0.90000 -2.93800, -6.95000 0.10000 -1.75000"
1978,0.0000,Tx-Rx,0,-40.7722,"-7.30900 0.90000 -2.93800, -7.25000 0.10000 -1.75000"
1979,0.0000,Tx-Rx,0,-40.7189,"-7.30900 0.90000 -2.93800, -7.55000 0.10000 -1.75000"
1980,0.0000,Tx-Rx,0,-40.7005,"-7.30900 0.90000 -2.93800, -7.85000 0.10000 -1.75000"
1981,0.0000,Tx-Rx,0,-63.4371,"-7.30900 0.90000 -2.93800, 9.85000 0.10000 -2.05000"
1982,0.0000,Tx-Rx,0,-62.4231,"-7.30900 0.90000 -2.93800, 9.55000 0.10000 -2.05000"
1983,0.0000,Tx-Rx,0,-61.6122,"-7.30900 0.90000 -2.93800, 9.25000 0.10000 -2.05000"
1984,0.0000,Tx-Rx,0,-61.8333,"-7.30900 0.90000 -2.93800, 8.95000 0.10000 -2.05000"
1985,0.0000,Tx-Rx,0,-62.0096,"-7.30900 0.90000 -2.93800, 8.65000 0.10000 -2.05000"
1986,0.0000,Tx-Rx,0,-61.7653,"-7.30900 0.90000 -2.93800, 8.35000 0.10000 -2.05000"
1987,0.0000,Tx-Rx,0,-58.4496,"-7.30900 0.90000 -2.93800, 8.05000 0.10000 -2.05000"
1988,0.0000,Tx-Rx,0,-55.4566,"-7.30900 0.90000 -2.93800, 7.75000 0.10000 -2.05000"
1989,0.0000,Tx-Rx,0,-55.1621,"-7.30900 0.90000 -2.93800, 7.45000 0.10000 -2.05000"
1990,0.0000,Tx-Rx,0,-55.1512,"-7.30900 0.90000 -2.93800, 7.15000 0.10000 -2.05000"
1991,0.0000,Tx-Rx,0,-54.9978,"-7.30900 0.90000 -2.93800, 6.85000 0.10000 -2.05000"
1992,0.0000,Tx-Rx,0,-54.6441,"-7.30900 0.90000 -2.93800, 6.55000 0.10000 -2.05000"
1993,0.0000,Tx-Rx,0,-55.7090,"-7.30900 0.90000 -2.93800, 6.25000 0.10000 -2.05000"
1994,0.0000,Tx-Rx,0,-55.8855,"-7.30900 0.90000 -2.93800, 5.95000 0.10000 -2.05000"
1995,0.0000,Tx-Rx,0,-56.0406,"-7.30900 0.90000 -2.93800, 5.65000 0.10000 -2.05000"
1996,0.0000,Tx-Rx,0,-55.5678,"-7.30900 0.90000 -2.93800, 5.35000 0.10000 -2.05000"
1997,0.0000,Tx-Rx,0,-55.9387,"-7.30900 0.90000 -2.93800, 5.05000 0.10000 -2.05000"
1998,0.0000,Tx-Rx,0,-55.6636,"-7.30900 0.90000 -2.93800, 4.75000 0.10000 -2.05000"
1999,0.0000,Tx-Rx,0,-55.6394,"-7.30900 0.90000 -2.93800, 4.45000 0.10000 -2.05000"
2000,0.0000,Tx-Rx,0,-55.2511,"-7.30900 0.90000 -2.93800, 4.15000 0.10000 -2.05000"
2001,0.0000,Tx-Rx,0,-54.7591,"-7.30900 0.90000 -2.93800, 3.85000 0.10000 -2.05000"
2002,0.0000,Tx-Rx,0,-54.1549,"-7.30900 0.90000 -2.93800, 3.55000 0.10000 -2.05000"
2003,0.0000,Tx-Rx,0,-53.9308,"-7.30900 0.90000 -2.93800, 3.25000 0.10000 -2.05000"
2004,0.0000,Tx-Rx,0,-53.4543,"-7.30900 0.90000 -2.93800, 2.95000 0.10000 -2.05000"
2005,0.0000,Tx-Rx,0,-52.8229,"-7.30900 0.90000 -2.93800, 2.65000 0.10000 -2.05000"
2006,0.0000,Tx-Rx,0,-52.4234,"-7.30900 0.90000 -2.93800, 2.35000 0.10000 -2.05000"
2007,0.0000,Tx-Rx,0,-52.4251,"-7.30900 0.90000 -2.93800, 2.05000 0.10000 -2.05000"
2008,0.0000,Tx-Rx,0,-52.4451,"-7.30900 0.90000 -2.93800, 1.75000 0.10000 -2.05000"
2009,0.0000,Tx-Rx,0,-52.0987,"-7.30900 0.90000 -2.93800, 1.45000 0.10000 -2.05000"
2010,0.0000,Tx-Rx,0,-51.8208,"-7.30900 0.90000 -2.93800, 1.15000 0.10000 -2.05000"
2011,0.0000,Tx-Rx,0,-51.2028,"-7.30900 0.90000 -2.93800, 0.85000 0.10000 -2.05000"
2012,0.0000,Tx-Rx,0,-50.6570,"-7.30900 0.90000 -2.93800, 0.55000 0.10000 -2.05000"
2013,0.0000,Tx-Rx,0,-50.5845,"-7.30900 0.90000 -2.93800, 0.25000 0.10000 -2.05000"
2014,0.0000,Tx-Rx,0,-50.0891,"-7.30900 0.90000 -2.93800, -0.05000 0.10000 -2.05000"
2015,0.0000,Tx-Rx,0,-49.9495,"-7.30900 0.90000 -2.93800, -0.35000 0.10000 -2.05000"
2016,0.0000,Tx-Rx,0,-49.6810,"-7.30900 0.90000 -2.93800, -0.65000 0.10000 -2.05000"
2017,0.0000,Tx-Rx,0,-49.5261,"-7.30900 0.90000 -2.93800, -0.95000 0.10000 -2.05000"
2018,0.0000,Tx-Rx,0,-49.4650,"-7.30900 0.90000 -2.93800, -1.25000 0.10000 -2.05000"
2019,0.0000,Tx-Rx,0,-49.0133,"-7.30900 0.90000 -2.93800, -1.55000 0.10000 -2.05000"
2020,0.0000,Tx-Rx,0,-48.6478,"-7.30900 0.90000 -2.93800, -1.85000 0.10000 -2.05000"
2021,0.0000,Tx-Rx,0,-48.2275,"-7.30900 0.90000 -2.93800, -2.15000 0.10000 -2.05000"
2022,0.0000,Tx-Rx,0,-47.9455,"-7.30900 0.90000 -2.93800, -2.45000 0.10000 -2.05000"
2023,0.0000,Tx-Rx,0,-47.9227,"-7.30900 0.90000 -2.93800, -2.75000 0.10000 -2.05000"
2024,0.0000,Tx-Rx,0,-47.3918,"-7.30900 0.90000 -2.93800, -3.05000 0.10000 -2.05000"
2025,0.0000,Tx-Rx,0,-46.7558,"-7.30900 0.90000 -2.93800, -3.35000 0.10000 -2.05000"
2026,0.0000,Tx-Rx,0,-45.6249,"-7.30900 0.90000 -2.93800, -3.65000 0.10000 -2.05000"
2027,0.0000,Tx-Rx,0,-44.5865,"-7.30900 0.90000 -2.93800, -3.95000 0.10000 -2.05000"
2028,0.0000,Tx-Rx,0,-43.5541,"-7.30900 0.90000 -2.93800, -4.25000 0.10000 -2.05000"
2029,0.0000,Tx-Rx,0,-42.5594,"-7.30900 0.90000 -2.93800, -4.55000 0.10000 -2.05000"
2030,0.0000,Tx-Rx,0,-44.4061,"-7.30900 0.90000 -2.93800, -4.85000 0.10000 -2.05000"
2031,0.0000,Tx-Rx,0,-44.2567,"-7.30900 0.90000 -2.93800, -5.15000 0.10000 -2.05000"
2032,0.0000,Tx-Rx,0,-44.6474,"-7.30900 0.90000 -2.93800, -5.45000 0.10000 -2.05000"
2033,0.0000,Tx-Rx,0,-43.5035,"-7.30900 0.90000 -2.93800, -5.75000 0.10000 -2.05000"
2034,0.0000,Tx-Rx,0,-42.6213,"-7.30900 0.90000 -2.93800, -6.05000 0.10000 -2.05000"
2035,0.0000,Tx-Rx,0,-41.4823,"-7.30900 0.90000 -2.93800, -6.35000 0.10000 -2.05000"
2036,0.0000,Tx-Rx,0,-38.3258,"-7.30900 0.90000 -2.93800, -6.65000 0.10000 -2.05000"
2037,0.0000,Tx-Rx,0,-41.0440,"-7.30900 0.90000 -2.93800, -6.95000 0.10000 -2.05000"
2038,0.0000,Tx-Rx,0,-39.5440,"-7.30900 0.90000 -2.93800, -7.25000 0.10000 -2.05000"
2039,0.0000,Tx-Rx,0,-39.5037,"-7.30900 0.90000 -2.93800, -7.55000 0.10000 -2.05000"
2040,0.0000,Tx-Rx,0,-39.6534,"-7.30900 0.90000 -2.93800, -7.85000 0.10000 -2.05000"
2041,0.0000,Tx-Rx,0,-83.5793,"-7.30900 0.90000 -2.93800, 9.85000 0.10000 -2.35000"
2042,0.0000,Tx-Rx,0,-79.8611,"-7.30900 0.90000 -2.93800, 9.55000 0.10000 -2.35000"
2043,0.0000,Tx-Rx,0,-82.6684,"-7.30900 0.90000 -2.93800, 9.25000 0.10000 -2.35000"
2044,0.0000,Tx-Rx,0,-81.1062,"-7.30900 0.90000 -2.93800, 8.95000 0.10000 -2.35000"
2045,0.0000,Tx-Rx,0,-80.2812,"-7.30900 0.90000 -2.93800, 8.65000 0.10000 -2.35000"
2046,0.0000,Tx-Rx,0,-82.0445,"-7.30900 0.90000 -2.93800, 8.35000 0.10000 -2.35000"
2047,0.0000,Tx-Rx,0,-60.2042,"-7.30900 0.90000 -2.93800, 8.05000 0.10000 -2.35000"
2048,0.0000,Tx-Rx,0,-55.0769,"-7.30900 0.90000 -2.93800, 7.75000 0.10000 -2.35000"
2049,0.0000,Tx-Rx,0,-55.0063,"-7.30900 0.90000 -2.93800, 7.45000 0.10000 -2.35000"
2050,0.0000,Tx-Rx,0,-54.7706,"-7.30900 0.90000 -2.93800, 7.15000 0.10000 -2.35000"
2051,0.0000,Tx-Rx,0,-54.8321,"-7.30900 0.90000 -2.93800, 6.85000 0.10000 -2.35000"
2052,0.0000,Tx-Rx,0,-54.8057,"-7.30900 0.90000 -2.93800, 6.55000 0.10000 -2.35000"
2053,0.0000,Tx-Rx,0,-55.7252,"-7.30900 0.90000 -2.93800, 6.25000 0.10000 -2.35000"
2054,0.0000,Tx-Rx,0,-55.8156,"-7.30900 0.90000 -2.93800, 5.95000 0.10000 -2.35000"
2055,0.0000,Tx-Rx,0,-56.1659,"-7.30900 0.90000 -2.93800, 5.65000 0.10000 -2.35000"
2056,0.0000,Tx-Rx,0,-55.9491,"-7.30900 0.90000 -2.93800, 5.35000 0.10000 -2.35000"
2057,0.0000,Tx-Rx,0,-55.6499,"-7.30900 0.90000 -2.93800, 5.05000 0.10000 -2.35000"
2058,0.0000,Tx-Rx,0,-55.9388,"-7.30900 0.90000 -2.93800, 4.75000 0.10000 -2.35000"
2059,0.0000,Tx-Rx,0,-55.6990,"-7.30900 0.90000 -2.93800, 4.45000 0.10000 -2.35000"
2060,0.0000,Tx-Rx,0,-55.6016,"-7.30900 0.90000 -2.93800, 4.15000 0.10000 -2.35000"
2061,0.0000,Tx-Rx,0,-55.4157,"-7.30900 0.90000 -2.93800, 3.85000 0.10000 -2.35000"
2062,0.0000,Tx-Rx,0,-55.2184,"-7.30900 0.90000 -2.93800, 3.55000 0.10000 -2.35000"
2063,0.0000,Tx-Rx,0,-55.4262,"-7.30900 0.90000 -2.93800, 3.25000 0.10000 -2.35000"
2064,0.0000,Tx-Rx,0,-55.1787,"-7.30900 0.90000 -2.93800, 2.95000 0.10000 -2.35000"
2065,0.0000,Tx-Rx,0,-54.6883,"-7.30900 0.90000 -2.93800, 2.65000 0.10000 -2.35000"
2066,0.0000,Tx-Rx,0,-53.9827,"-7.30900 0.90000 -2.93800, 2.35000 0.10000 -2.35000"
2067,0.0000,Tx-Rx,0,-53.2038,"-7.30900 0.90000 -2.93800, 2.05000 0.10000 -2.35000"
2068,0.0000,Tx-Rx,0,-52.5664,"-7.30900 0.90000 -2.93800, 1.75000 0.10000 -2.35000"
2069,0.0000,Tx-Rx,0,-52.3266,"-7.30900 0.90000 -2.93800, 1.45000 0.10000 -2.35000"
2070,0.0000,Tx-Rx,0,-53.7311,"-7.30900 0.90000 -2.93800, 1.15000 0.10000 -2.35000"
2071,0.0000,Tx-Rx,0,-54.7940,"-7.30900 0.90000 -2.93800, 0.85000 0.10000 -2.35000"
2072,0.0000,Tx-Rx,0,-53.9028,"-7.30900 0.90000 -2.93800, 0.55000 0.10000 -2.35000"
2073,0.0000,Tx-Rx,0,-53.5702,"-7.30900 0.90000 -2.93800, 0.25000 0.10000 -2.35000"
2074,0.0000,Tx-Rx,0,-52.7954,"-7.30900 0.90000 -2.93800, -0.05000 0.10000 -2.35000"
2075,0.0000,Tx-Rx,0,-52.2201,"-7.30900 0.90000 -2.93800, -0.35000 0.10000 -2.35000"
2076,0.0000,Tx-Rx,0,-51.7851,"-7.30900 0.90000 -2.93800, -0.65000 0.10000 -2.35000"
2077,0.0000,Tx-Rx,0,-51.1981,"-7.30900 0.90000 -2.93800, -0.95000 0.10000 -2.35000"
2078,0.0000,Tx-Rx,0,-50.7231,"-7.30900 0.90000 -2.93800, -1.25000 0.10000 -2.35000"
2079,0.0000,Tx-Rx,0,-50.2548,"-7.30900 0.90000 -2.93800, -1.55000 0.10000 -2.35000"
2080,0.0000,Tx-Rx,0,-49.7590,"-7.30900 0.90000 -2.93800, -1.85000 0.10000 -2.35000"
2081,0.0000,Tx-Rx,0,-49.7390,"-7.30900 0.90000 -2.93800, -2.15000 0.10000 -2.35000"
2082,0.0000,Tx-Rx,0,-52.4078,"-7.30900 0.90000 -2.93800, -2.45000 0.10000 -2.35000"
2083,0.0000,Tx-Rx,0,-53.0484,"-7.30900 0.90000 -2.93800, -2.75000 0.10000 -2.35000"
2084,0.0000,Tx-Rx,0,-51.8566,"-7.30900 0.90000 -2.93800, -3.05000 0.10000 -2.35000"
2085,0.0000,Tx-Rx,0,-51.0298,"-7.30900 0.90000 -2.93800, -3.35000 0.10000 -2.35000"
2086,0.0000,Tx-Rx,0,-49.4730,"-7.30900 0.90000 -2.93800, -3.65000 0.10000 -2.35000"
2087,0.0000,Tx-Rx,0,-46.8745,"-7.30900 0.90000 -2.93800, -3.95000 0.10000 -2.35000"
2088,0.0000,Tx-Rx,0,-44.8836,"-7.30900 0.90000 -2.93800, -4.25000 0.10000 -2.35000"
2089,0.0000,Tx-Rx,0,-42.1570,"-7.30900 0.90000 -2.93800, -4.55000 0.10000 -2.35000"
2090,0.0000,Tx-Rx,0,-43.1480,"-7.30900 0.90000 -2.93800, -4.85000 0.10000 -2.35000"
2091,0.0000,Tx-Rx,0,-41.8194,"-7.30900 0.90000 -2.93800, -5.15000 0.10000 -2.35000"
2092,0.0000,Tx-Rx,0,-41.8462,"-7.30900 0.90000 -2.93800, -5.45000 0.10000 -2.35000"
2093,0.0000,Tx-Rx,0,-40.4364,"-7.30900 0.90000 -2.93800, -5.75000 0.10000 -2.35000"
2094,0.0000,Tx-Rx,0,-39.3839,"-7.30900 0.90000 -2.93800, -6.05000 0.10000 -2.35000"
2095,0.0000,Tx-Rx,0,-38.3853,"-7.30900 0.90000 -2.93800, -6.35000 0.10000 -2.35000"
2096,0.0000,Tx-Rx,0,-36.9680,"-7.30900 0.90000 -2.93800, -6.65000 0.10000 -2.35000"
2097,0.0000,Tx-Rx,0,-39.6116,"-7.30900 0.90000 -2.93800, -6.95000 0.10000 -2.35000"
2098,0.0000,Tx-Rx,0,-38.3420,"-7.30900 0.90000 -2.93800, -7.25000 0.10000 -2.35000"
2099,0.0000,Tx-Rx,0,-38.5791,"-7.30900 0.90000 -2.93800, -7.55000 0.10000 -2.35000"
2100,0.0000,Tx-Rx,0,-38.8469,"-7.30900 0.90000 -2.93800, -7.85000 0.10000 -2.35000"
2101,0.0000,Tx-Rx,0,-90.1144,"-7.30900 0.90000 -2.93800, 9.85000 0.10000 -2.65000"
2102,0.0000,Tx-Rx,0,-80.5924,"-7.30900 0.90000 -2.93800, 9.55000 0.10000 -2.65000"
2103,0.0000,Tx-Rx,0,-81.4947,"-7.30900 0.90000 -2.93800, 9.25000 0.10000 -2.65000"
2104,0.0000,Tx-Rx,0,-80.9510,"-7.30900 0.90000 -2.93800, 8.95000 0.10000 -2.65000"
2105,0.0000,Tx-Rx,0,-83.5787,"-7.30900 0.90000 -2.93800, 8.65000 0.10000 -2.65000"
2106,0.0000,Tx-Rx,0,-81.0444,"-7.30900 0.90000 -2.93800, 8.35000 0.10000 -2.65000"
2107,0.0000,Tx-Rx,0,-59.7628,"-7.30900 0.90000 -2.93800, 8.05000 0.10000 -2.65000"
2108,0.0000,Tx-Rx,0,-55.0481,"-7.30900 0.90000 -2.93800, 7.75000 0.10000 -2.65000"
2109,0.0000,Tx-Rx,0,-55.2114,"-7.30900 0.90000 -2.93800, 7.45000 0.10000 -2.65000"
2110,0.0000,Tx-Rx,0,-54.9207,"-7.30900 0.90000 -2.93800, 7.15000 0.10000 -2.65000"
2111,0.0000,Tx-Rx,0,-54.8129,"-7.30900 0.90000 -2.93800, 6.85000 0.10000 -2.65000"
2112,0.0000,Tx-Rx,0,-54.8103,"-7.30900 0.90000 -2.93800, 6.55000 0.10000 -2.65000"
2113,0.0000,Tx-Rx,0,-56.0953,"-7.30900 0.90000 -2.93800, 6.25000 0.10000 -2.65000"
2114,0.0000,Tx-Rx,0,-56.2332,"-7.30900 0.90000 -2.93800, 5.95000 0.10000 -2.65000"
2115,0.0000,Tx-Rx,0,-56.4379,"-7.30900 0.90000 -2.93800, 5.65000 0.10000 -2.65000"
2116,0.0000,Tx-Rx,0,-56.1899,"-7.30900 0.90000 -2.93800, 5.35000 0.10000 -2.65000"
2117,0.0000,Tx-Rx,0,-55.5153,"-7.30900 0.90000 -2.93800, 5.05000 0.10000 -2.65000"
2118,0.0000,Tx-Rx,0,-55.9462,"-7.30900 0.90000 -2.93800, 4.75000 0.10000 -2.65000"
2119,0.0000,Tx-Rx,0,-55.8076,"-7.30900 0.90000 -2.93800, 4.45000 0.10000 -2.65000"
2120,0.0000,Tx-Rx,0,-55.6120,"-7.30900 0.90000 -2.93800, 4.15000 0.10000 -2.65000"
2121,0.0000,Tx-Rx,0,-55.3842,"-7.30900 0.90000 -2.93800, 3.85000 0.10000 -2.65000"
2122,0.0000,Tx-Rx,0,-55.0736,"-7.30900 0.90000 -2.93800, 3.55000 0.10000 -2.65000"
2123,0.0000,Tx-Rx,0,-55.7695,"-7.30900 0.90000 -2.93800, 3.25000 0.10000 -2.65000"
2124,0.0000,Tx-Rx,0,-55.9827,"-7.30900 0.90000 -2.93800, 2.95000 0.10000 -2.65000"
2125,0.0000,Tx-Rx,0,-55.6321,"-7.30900 0.90000 -2.93800, 2.65000 0.10000 -2.65000"
2126,0.0000,Tx-Rx,0,-54.8984,"-7.30900 0.90000 -2.93800, 2.35000 0.10000 -2.65000"
2127,0.0000,Tx-Rx,0,-54.1773,"-7.30900 0.90000 -2.93800, 2.05000 0.10000 -2.65000"
2128,0.0000,Tx-Rx,0,-53.8854,"-7.30900 0.90000 -2.93800, 1.75000 0.10000 -2.65000"
2129,0.0000,Tx-Rx,0,-53.0653,"-7.30900 0.90000 -2.93800, 1.45000 0.10000 -2.65000"
2130,0.0000,Tx-Rx,0,-54.2125,"-7.30900 0.90000 -2.93800, 1.15000 0.10000 -2.65000"
2131,0.0000,Tx-Rx,0,-55.1019,"-7.30900 0.90000 -2.93800, 0.85000 0.10000 -2.65000"
2132,0.0000,Tx-Rx,0,-54.5724,"-7.30900 0.90000 -2.93800, 0.55000 0.10000 -2.65000"
2133,0.0000,Tx-Rx,0,-54.3023,"-7.30900 0.90000 -2.93800, 0.25000 0.10000 -2.65000"
2134,0.0000,Tx-Rx,0,-54.0204,"-7.30900 0.90000 -2.93800, -0.05000 0.10000 -2.65000"
2135,0.0000,Tx-Rx,0,-53.6407,"-7.30900 0.90000 -2.93800, -0.35000 0.10000 -2.65000"
2136,0.0000,Tx-Rx,0,-53.2853,"-7.30900 0.90000 -2.93800, -0.65000 0.10000 -2.65000"
2137,0.0000,Tx-Rx,0,-53.2828,"-7.30900 0.90000 -2.93800, -0.95000 0.10000 -2.65000"
2138,0.0000,Tx-Rx,0,-52.6852,"-7.30900 0.90000 -2.93800, -1.25000 0.10000 -2.65000"
2139,0.0000,Tx-Rx,0,-52.2441,"-7.30900 0.90000 -2.93800, -1.55000 0.10000 -2.65000"
2140,0.0000,Tx-Rx,0,-52.1460,"-7.30900 0.90000 -2.93800, -1.85000 0.10000 -2.65000"
2141,0.0000,Tx-Rx,0,-52.0222,"-7.30900 0.90000 -2.93800, -2.15000 0.10000 -2.65000"
2142,0.0000,Tx-Rx,0,-51.9676,"-7.30900 0.90000 -2.93800, -2.45000 0.10000 -2.65000"
2143,0.0000,Tx-Rx,0,-53.1054,"-7.30900 0.90000 -2.93800, -2.75000 0.10000 -2.65000"
2144,0.0000,Tx-Rx,0,-53.0212,"-7.30900 0.90000 -2.93800, -3.05000 0.10000 -2.65000"
2145,0.0000,Tx-Rx,0,-51.5914,"-7.30900 0.90000 -2.93800, -3.35000 0.10000 -2.65000"
2146,0.0000,Tx-Rx,0,-48.6961,"-7.30900 0.90000 -2.93800, -3.65000 0.10000 -2.65000"
2147,0.0000,Tx-Rx,0,-46.5075,"-7.30900 0.90000 -2.93800, -3.95000 0.10000 -2.65000"
2148,0.0000,Tx-Rx,0,-45.7921,"-7.30900 0.90000 -2.93800, -4.25000 0.10000 -2.65000"
2149,0.0000,Tx-Rx,0,-44.9058,"-7.30900 0.90000 -2.93800, -4.55000 0.10000 -2.65000"
2150,0.0000,Tx-Rx,0,-46.7625,"-7.30900 0.90000 -2.93800, -4.85000 0.10000 -2.65000"
2151,0.0000,Tx-Rx,0,-46.2008,"-7.30900 0.90000 -2.93800, -5.15000 0.10000 -2.65000"
2152,0.0000,Tx-Rx,0,-47.1396,"-7.30900 0.90000 -2.93800, -5.45000 0.10000 -2.65000"
2153,0.0000,Tx-Rx,0,-43.1421,"-7.30900 0.90000 -2.93800, -5.75000 0.10000 -2.65000"
2154,0.0000,Tx-Rx,0,-39.2900,"-7.30900 0.90000 -2.93800, -6.05000 0.10000 -2.65000"
2155,0.0000,Tx-Rx,0,-37.8519,"-7.30900 0.90000 -2.93800, -6.35000 0.10000 -2.65000"
2156,0.0000,Tx-Rx,0,-36.1933,"-7.30900 0.90000 -2.93800, -6.65000 0.10000 -2.65000"
2157,0.0000,Tx-Rx,0,-38.3051,"-7.30900 0.90000 -2.93800, -6.95000 0.10000 -2.65000"
2158,0.0000,Tx-Rx,0,-38.0917,"-7.30900 0.90000 -2.93800, -7.25000 0.10000 -2.65000"
2159,0.0000,Tx-Rx,0,-38.0372,"-7.30900 0.90000 -2.93800, -7.55000 0.10000 -2.65000"
2160,0.0000,Tx-Rx,0,-38.2224,"-7.30900 0.90000 -2.93800, -7.85000 0.10000 -2.65000"
2161,0.0000,Tx-Rx,0,-81.0298,"-7.30900 0.90000 -2.93800, 9.85000 0.10000 -2.95000"
2162,0.0000,Tx-Rx,0,-83.0955,"-7.30900 0.90000 -2.93800, 9.55000 0.10000 -2.95000"
2163,0.0000,Tx-Rx,0,-80.8948,"-7.30900 0.90000 -2.93800, 9.25000 0.10000 -2.95000"
2164,0.0000,Tx-Rx,0,-81.4871,"-7.30900 0.90000 -2.93800, 8.95000 0.10000 -2.95000"
2165,0.0000,Tx-Rx,0,-80.9960,"-7.30900 0.90000 -2.93800, 8.65000 0.10000 -2.95000"
2166,0.0000,Tx-Rx,0,-80.5829,"-7.30900 0.90000 -2.93800, 8.35000 0.10000 -2.95000"
2167,0.0000,Tx-Rx,0,-59.8630,"-7.30900 0.90000 -2.93800, 8.05000 0.10000 -2.95000"
2168,0.0000,Tx-Rx,0,-55.3838,"-7.30900 0.90000 -2.93800, 7.75000 0.10000 -2.95000"
2169,0.0000,Tx-Rx,0,-55.2476,"-7.30900 0.90000 -2.93800, 7.45000 0.10000 -2.95000"
2170,0.0000,Tx-Rx,0,-55.1097,"-7.30900 0.90000 -2.93800, 7.15000 0.10000 -2.95000"
2171,0.0000,Tx-Rx,0,-55.0045,"-7.30900 0.90000 -2.93800, 6.85000 0.10000 -2.95000"
2172,0.0000,Tx-Rx,0,-54.7464,"-7.30900 0.90000 -2.93800, 6.55000 0.10000 -2.95000"
2173,0.0000,Tx-Rx,0,-55.8859,"-7.30900 0.90000 -2.93800, 6.25000 0.10000 -2.95000"
2174,0.0000,Tx-Rx,0,-56.4320,"-7.30900 0.90000 -2.93800, 5.95000 0.10000 -2.95000"
2175,0.0000,Tx-Rx,0,-56.3490,"-7.30900 0.90000 -2.93800, 5.65000 0.10000 -2.95000"
2176,0.0000,Tx-Rx,0,-56.1839,"-7.30900 0.90000 -2.93800, 5.35000 0.10000 -2.95000"
2177,0.0000,Tx-Rx,0,-56.1509,"-7.30900 0.90000 -2.93800, 5.05000 0.10000 -2.95000"
2178,0.0000,Tx-Rx,0,-55.9569,"-7.30900 0.90000 -2.93800, 4.75000 0.10000 -2.95000"
2179,0.0000,Tx-Rx,0,-55.8029,"-7.30900 0.90000 -2.93800, 4.45000 0.10000 -2.95000"
2180,0.0000,Tx-Rx,0,-55.6786,"-7.30900 0.90000 -2.93800, 4.15000 0.10000 -2.95000"
2181,0.0000,Tx-Rx,0,-55.4647,"-7.30900 0.90000 -2.93800, 3.85000 0.10000 -2.95000"
2182,0.0000,Tx-Rx,0,-55.2661,"-7.30900 0.90000 -2.93800, 3.55000 0.10000 -2.95000"
2183,0.0000,Tx-Rx,0,-55.7581,"-7.30900 0.90000 -2.93800, 3.25000 0.10000 -2.95000"
2184,0.0000,Tx-Rx,0,-56.0650,"-7.30900 0.90000 -2.93800, 2.95000 0.10000 -2.95000"
2185,0.0000,Tx-Rx,0,-55.8566,"-7.30900 0.90000 -2.93800, 2.65000 0.10000 -2.95000"
2186,0.0000,Tx-Rx,0,-55.6542,"-7.30900 0.90000 -2.93800, 2.35000 0.10000 -2.95000"
2187,0.0000,Tx-Rx,0,-55.1180,"-7.30900 0.90000 -2.93800, 2.05000 0.10000 -2.95000"
2188,0.0000,Tx-Rx,0,-54.0833,"-7.30900 0.90000 -2.93800, 1.75000 0.10000 -2.95000"
2189,0.0000,Tx-Rx,0,-53.5223,"-7.30900 0.90000 -2.93800, 1.45000 0.10000 -2.95000"
2190,0.0000,Tx-Rx,0,-55.3606,"-7.30900 0.90000 -2.93800, 1.15000 0.10000 -2.95000"
2191,0.0000,Tx-Rx,0,-57.3664,"-7.30900 0.90000 -2.93800, 0.85000 0.10000 -2.95000"
2192,0.0000,Tx-Rx,0,-56.8807,"-7.30900 0.90000 -2.93800, 0.55000 0.10000 -2.95000"
2193,0.0000,Tx-Rx,0,-55.8867,"-7.30900 0.90000 -2.93800, 0.25000 0.10000 -2.95000"
2194,0.0000,Tx-Rx,0,-54.9442,"-7.30900 0.90000 -2.93800, -0.05000 0.10000 -2.95000"
2195,0.0000,Tx-Rx,0,-53.7951,"-7.30900 0.90000 -2.93800, -0.35000 0.10000 -2.95000"
2196,0.0000,Tx-Rx,0,-53.4214,"-7.30900 0.90000 -2.93800, -0.65000 0.10000 -2.95000"
2197,0.0000,Tx-Rx,0,-53.2532,"-7.30900 0.90000 -2.93800, -0.95000 0.10000 -2.95000"
2198,0.0000,Tx-Rx,0,-52.9011,"-7.30900 0.90000 -2.93800, -1.25000 0.10000 -2.95000"
2199,0.0000,Tx-Rx,0,-52.6336,"-7.30900 0.90000 -2.93800, -1.55000 0.10000 -2.95000"
2200,0.0000,Tx-Rx,0,-52.3301,"-7.30900 0.90000 -2.93800, -1.85000 0.10000 -2.95000"
2201,0.0000,Tx-Rx,0,-51.9195,"-7.30900 0.90000 -2.93800, -2.15000 0.10000 -2.95000"
2202,0.0000,Tx-Rx,0,-51.0681,"-7.30900 0.90000 -2.93800, -2.45000 0.10000 -2.95000"
2203,0.0000,Tx-Rx,0,-49.9299,"-7.30900 0.90000 -2.93800, -2.75000 0.10000 -2.95000"
2204,0.0000,Tx-Rx,0,-49.1350,"-7.30900 0.90000 -2.93800, -3.05000 0.10000 -2.95000"
2205,0.0000,Tx-Rx,0,-48.3532,"-7.30900 0.90000 -2.93800, -3.35000 0.10000 -2.95000"
2206,0.0000,Tx-Rx,0,-47.4537,"-7.30900 0.90000 -2.93800, -3.65000 0.10000 -2.95000"
2207,0.0000,Tx-Rx,0,-47.3033,"-7.30900 0.90000 -2.93800, -3.95000 0.10000 -2.95000"
2208,0.0000,Tx-Rx,0,-47.0036,"-7.30900 0.90000 -2.93800, -4.25000 0.10000 -2.95000"
2209,0.0000,Tx-Rx,0,-46.4023,"-7.30900 0.90000 -2.93800, -4.55000 0.10000 -2.95000"
2210,0.0000,Tx-Rx,0,-49.1325,"-7.30900 0.90000 -2.93800, -4.85000 0.10000 -2.95000"
2211,0.0000,Tx-Rx,0,-49.0223,"-7.30900 0.90000 -2.93800, -5.15000 0.10000 -2.95000"
2212,0.0000,Tx-Rx,0,-49.5566,"-7.30900 0.90000 -2.93800, -5.45000 0.10000 -2.95000"
2213,0.0000,Tx-Rx,0,-45.0957,"-7.30900 0.90000 -2.93800, -5.75000 0.10000 -2.95000"
2214,0.0000,Tx-Rx,0,-41.3392,"-7.30900 0.90000 -2.93800, -6.05000 0.10000 -2.95000"
2215,0.0000,Tx-Rx,0,-37.6410,"-7.30900 0.90000 -2.93800, -6.35000 0.10000 -2.95000"
2216,0.0000,Tx-Rx,0,-35.8485,"-7.30900 0.90000 -2.93800, -6.65000 0.10000 -2.95000"
2217,0.0000,Tx-Rx,0,-37.3865,"-7.30900 0.90000 -2.93800, -6.95000 0.10000 -2.95000"
2218,0.0000,Tx-Rx,0,-38.4244,"-7.30900 0.90000 -2.93800, -7.25000 0.10000 -2.95000"
2219,0.0000,Tx-Rx,0,-37.9272,"-7.30900 0.90000 -2.93800, -7.55000 0.10000 -2.95000"
2220,0.0000,Tx-Rx,0,-38.1319,"-7.30900 0.90000 -2.93800, -7.85000 0.10000 -2.95000"
2221,0.0000,Tx-Rx,0,-85.7536,"-7.30900 0.90000 -2.93800, 9.85000 0.10000 -3.25000"
2222,0.0000,Tx-Rx,0,-81.0414,"-7.30900 0.90000 -2.93800, 9.55000 0.10000 -3.25000"
2223,0.0000,Tx-Rx,0,-81.4764,"-7.30900 0.90000 -2.93800, 9.25000 0.10000 -3.25000"
2224,0.0000,Tx-Rx,0,-83.4604,"-7.30900 0.90000 -2.93800, 8.95000 0.10000 -3.25000"
2225,0.0000,Tx-Rx,0,-80.9255,"-7.30900 0.90000 -2.93800, 8.65000 0.10000 -3.25000"
2226,0.0000,Tx-Rx,0,-82.6862,"-7.30900 0.90000 -2.93800, 8.35000 0.10000 -3.25000"
2227,0.0000,Tx-Rx,0,-60.1486,"-7.30900 0.90000 -2.93800, 8.05000 0.10000 -3.25000"
2228,0.0000,Tx-Rx,0,-55.2521,"-7.30900 0.90000 -2.93800, 7.75000 0.10000 -3.25000"
2229,0.0000,Tx-Rx,0,-55.3267,"-7.30900 0.90000 -2.93800, 7.45000 0.10000 -3.25000"
2230,0.0000,Tx-Rx,0,-55.1982,"-7.30900 0.90000 -2.93800, 7.15000 0.10000 -3.25000"
2231,0.0000,Tx-Rx,0,-54.8346,"-7.30900 0.90000 -2.93800, 6.85000 0.10000 -3.25000"
2232,0.0000,Tx-Rx,0,-54.9413,"-7.30900 0.90000 -2.93800, 6.55000 0.10000 -3.25000"
2233,0.0000,Tx-Rx,0,-55.7892,"-7.30900 0.90000 -2.93800, 6.25000 0.10000 -3.25000"
2234,0.0000,Tx-Rx,0,-56.4905,"-7.30900 0.90000 -2.93800, 5.95000 0.10000 -3.25000"
2235,0.0000,Tx-Rx,0,-56.0659,"-7.30900 0.90000 -2.93800, 5.65000 0.10000 -3.25000"
2236,0.0000,Tx-Rx,0,-55.9625,"-7.30900 0.90000 -2.93800, 5.35000 0.10000 -3.25000"
2237,0.0000,Tx-Rx,0,-56.0075,"-7.30900 0.90000 -2.93800, 5.05000 0.10000 -3.25000"
2238,0.0000,Tx-Rx,0,-55.9775,"-7.30900 0.90000 -2.93800, 4.75000 0.10000 -3.25000"
2239,0.0000,Tx-Rx,0,-55.9036,"-7.30900 0.90000 -2.93800, 4.45000 0.10000 -3.25000"
2240,0.0000,Tx-Rx,0,-55.6740,"-7.30900 0.90000 -2.93800, 4.15000 0.10000 -3.25000"
2241,0.0000,Tx-Rx,0,-55.5520,"-7.30900 0.90000 -2.93800, 3.85000 0.10000 -3.25000"
2242,0.0000,Tx-Rx,0,-55.3122,"-7.30900 0.90000 -2.93800, 3.55000 0.10000 -3.25000"
2243,0.0000,Tx-Rx,0,-55.9321,"-7.30900 0.90000 -2.93800, 3.25000 0.10000 -3.25000"
2244,0.0000,Tx-Rx,0,-56.1398,"-7.30900 0.90000 -2.93800, 2.95000 0.10000 -3.25000"
2245,0.0000,Tx-Rx,0,-55.9376,"-7.30900 0.90000 -2.93800, 2.65000 0.10000 -3.25000"
2246,0.0000,Tx-Rx,0,-55.5499,"-7.30900 0.90000 -2.93800, 2.35000 0.10000 -3.25000"
2247,0.0000,Tx-Rx,0,-54.7841,"-7.30900 0.90000 -2.93800, 2.05000 0.10000 -3.25000"
2248,0.0000,Tx-Rx,0,-54.5311,"-7.30900 0.90000 -2.93800, 1.75000 0.10000 -3.25000"
2249,0.0000,Tx-Rx,0,-54.2352,"-7.30900 0.90000 -2.93800, 1.45000 0.10000 -3.25000"
2250,0.0000,Tx-Rx,0,-56.2970,"-7.30900 0.90000 -2.93800, 1.15000 0.10000 -3.25000"
2251,0.0000,Tx-Rx,0,-58.0276,"-7.30900 0.90000 -2.93800, 0.85000 0.10000 -3.25000"
2252,0.0000,Tx-Rx,0,-57.2445,"-7.30900 0.90000 -2.93800, 0.55000 0.10000 -3.25000"
2253,0.0000,Tx-Rx,0,-56.9099,"-7.30900 0.90000 -2.93800, 0.25000 0.10000 -3.25000"
2254,0.0000,Tx-Rx,0,-56.9263,"-7.30900 0.90000 -2.93800, -0.05000 0.10000 -3.25000"
2255,0.0000,Tx-Rx,0,-57.1565,"-7.30900 0.90000 -2.93800, -0.35000 0.10000 -3.25000"
2256,0.0000,Tx-Rx,0,-55.9395,"-7.30900 0.90000 -2.93800, -0.65000 0.10000 -3.25000"
2257,0.0000,Tx-Rx,0,-54.1104,"-7.30900 0.90000 -2.93800, -0.95000 0.10000 -3.25000"
2258,0.0000,Tx-Rx,0,-52.7340,"-7.30900 0.90000 -2.93800, -1.25000 0.10000 -3.25000"
2259,0.0000,Tx-Rx,0,-52.1919,"-7.30900 0.90000 -2.93800, -1.55000 0.10000 -3.25000"
2260,0.0000,Tx-Rx,0,-51.3769,"-7.30900 0.90000 -2.93800, -1.85000 0.10000 -3.25000"
2261,0.0000,Tx-Rx,0,-49.6453,"-7.30900 0.90000 -2.93800, -2.15000 0.10000 -3.25000"
2262,0.0000,Tx-Rx,0,-48.5832,"-7.30900 0.90000 -2.93800, -2.45000 0.10000 -3.25000"
2263,0.0000,Tx-Rx,0,-48.1438,"-7.30900 0.90000 -2.93800, -2.75000 0.10000 -3.25000"
2264,0.0000,Tx-Rx,0,-47.9426,"-7.30900 0.90000 -2.93800, -3.05000 0.10000 -3.25000"
2265,0.0000,Tx-Rx,0,-47.5267,"-7.30900 0.90000 -2.93800, -3.35000 0.10000 -3.25000"
2266,0.0000,Tx-Rx,0,-46.5284,"-7.30900 0.90000 -2.93800, -3.65000 0.10000 -3.25000"
2267,0.0000,Tx-Rx,0,-46.3918,"-7.30900 0.90000 -2.93800, -3.95000 0.10000 -3.25000"
2268,0.0000,Tx-Rx,0,-46.1979,"-7.30900 0.90000 -2.93800, -4.25000 0.10000 -3.25000"
2269,0.0000,Tx-Rx,0,-46.6444,"-7.30900 0.90000 -2.93800, -4.55000 0.10000 -3.25000"
2270,0.0000,Tx-Rx,0,-47.6366,"-7.30900 0.90000 -2.93800, -4.85000 0.10000 -3.25000"
2271,0.0000,Tx-Rx,0,-46.6499,"-7.30900 0.90000 -2.93800, -5.15000 0.10000 -3.25000"
2272,0.0000,Tx-Rx,0,-44.4917,"-7.30900 0.90000 -2.93800, -5.45000 0.10000 -3.25000"
2273,0.0000,Tx-Rx,0,-40.8754,"-7.30900 0.90000 -2.93800, -5.75000 0.10000 -3.25000"
2274,0.0000,Tx-Rx,0,-39.3080,"-7.30900 0.90000 -2.93800, -6.05000 0.10000 -3.25000"
2275,0.0000,Tx-Rx,0,-37.8137,"-7.30900 0.90000 -2.93800, -6.35000 0.10000 -3.25000"
2276,0.0000,Tx-Rx,0,-36.1596,"-7.30900 0.90000 -2.93800, -6.65000 0.10000 -3.25000"
2277,0.0000,Tx-Rx,0,-37.0816,"-7.30900 0.90000 -2.93800, -6.95000 0.10000 -3.25000"
2278,0.0000,Tx-Rx,0,-38.6557,"-7.30900 0.90000 -2.93800, -7.25000 0.10000 -3.25000"
2279,0.0000,Tx-Rx,0,-37.6737,"-7.30900 0.90000 -2.93800, -7.55000 0.10000 -3.25000"
2280,0.0000,Tx-Rx,0,-38.1634,"-7.30900 0.90000 -2.93800, -7.85000 0.10000 -3.25000"
2281,0.0000,Tx-Rx,0,-83.6925,"-7.30900 0.90000 -2.93800, 9.85000 0.10000 -3.55000"
2282,0.0000,Tx-Rx,0,-80.9471,"-7.30900 0.90000 -2.93800, 9.55000 0.10000 -3.55000"
2283,0.0000,Tx-Rx,0,-81.2746,"-7.30900 0.90000 -2.93800, 9.25000 0.10000 -3.55000"
2284,0.0000,Tx-Rx,0,-83.9946,"-7.30900 0.90000 -2.93800, 8.95000 0.10000 -3.55000"
2285,0.0000,Tx-Rx,0,-81.8377,"-7.30900 0.90000 -2.93800, 8.65000 0.10000 -3.55000"
2286,0.0000,Tx-Rx,0,-81.8123,"-7.30900 0.90000 -2.93800, 8.35000 0.10000 -3.55000"
2287,0.0000,Tx-Rx,0,-60.2695,"-7.30900 0.90000 -2.93800, 8.05000 0.10000 -3.55000"
2288,0.0000,Tx-Rx,0,-55.4836,"-7.30900 0.90000 -2.93800, 7.75000 0.10000 -3.55000"
2289,0.0000,Tx-Rx,0,-55.4818,"-7.30900 0.90000 -2.93800, 7.45000 0.10000 -3.55000"
2290,0.0000,Tx-Rx,0,-55.2412,"-7.30900 0.90000 -2.93800, 7.15000 0.10000 -3.55000"
2291,0.0000,Tx-Rx,0,-55.3493,"-7.30900 0.90000 -2.93800, 6.85000 0.10000 -3.55000"
2292,0.0000,Tx-Rx,0,-55.3920,"-7.30900 0.90000 -2.93800, 6.55000 0.10000 -3.55000"
2293,0.0000,Tx-Rx,0,-56.1715,"-7.30900 0.90000 -2.93800, 6.25000 0.10000 -3.55000"
2294,0.0000,Tx-Rx,0,-56.3500,"-7.30900 0.90000 -2.93800, 5.95000 0.10000 -3.55000"
2295,0.0000,Tx-Rx,0,-56.3239,"-7.30900 0.90000 -2.93800, 5.65000 0.10000 -3.55000"
2296,0.0000,Tx-Rx,0,-56.1848,"-7.30900 0.90000 -2.93800, 5.35000 0.10000 -3.55000"
2297,0.0000,Tx-Rx,0,-56.0345,"-7.30900 0.90000 -2.93800, 5.05000 0.10000 -3.55000"
2298,0.0000,Tx-Rx,0,-55.8396,"-7.30900 0.90000 -2.93800, 4.75000 0.10000 -3.55000"
2299,0.0000,Tx-Rx,0,-55.7377,"-7.30900 0.90000 -2.93800, 4.45000 0.10000 -3.55000"
2300,0.0000,Tx-Rx,0,-55.6415,"-7.30900 0.90000 -2.93800, 4.15000 0.10000 -3.55000"
2301,0.0000,Tx-Rx,0,-55.5736,"-7.30900 0.90000 -2.93800, 3.85000 0.10000 -3.55000"
2302,0.0000,Tx-Rx,0,-55.6912,"-7.30900 0.90000 -2.93800, 3.55000 0.10000 -3.55000"
2303,0.0000,Tx-Rx,0,-56.4640,"-7.30900 0.90000 -2.93800, 3.25000 0.10000 -3.55000"
2304,0.0000,Tx-Rx,0,-57.0403,"-7.30900 0.90000 -2.93800, 2.95000 0.10000 -3.55000"
2305,0.0000,Tx-Rx,0,-57.1531,"-7.30900 0.90000 -2.93800, 2.65000 0.10000 -3.55000"
2306,0.0000,Tx-Rx,0,-56.5177,"-7.30900 0.90000 -2.93800, 2.35000 0.10000 -3.55000"
2307,0.0000,Tx-Rx,0,-56.5446,"-7.30900 0.90000 -2.93800, 2.05000 0.10000 -3.55000"
2308,0.0000,Tx-Rx,0,-56.7996,"-7.30900 0.90000 -2.93800, 1.75000 0.10000 -3.55000"
2309,0.0000,Tx-Rx,0,-57.1824,"-7.30900 0.90000 -2.93800, 1.45000 0.10000 -3.55000"
2310,0.0000,Tx-Rx,0,-59.0319,"-7.30900 0.90000 -2.93800, 1.15000 0.10000 -3.55000"
2311,0.0000,Tx-Rx,0,-59.8332,"-7.30900 0.90000 -2.93800, 0.85000 0.10000 -3.55000"
2312,0.0000,Tx-Rx,0,-59.0835,"-7.30900 0.90000 -2.93800, 0.55000 0.10000 -3.55000"
2313,0.0000,Tx-Rx,0,-57.5456,"-7.30900 0.90000 -2.93800, 0.25000 0.10000 -3.55000"
2314,0.0000,Tx-Rx,0,-56.3762,"-7.30900 0.90000 -2.93800, -0.05000 0.10000 -3.55000"
2315,0.0000,Tx-Rx,0,-55.8005,"-7.30900 0.90000 -2.93800, -0.35000 0.10000 -3.55000"
2316,0.0000,Tx-Rx,0,-55.8051,"-7.30900 0.90000 -2.93800, -0.65000 0.10000 -3.55000"
2317,0.0000,Tx-Rx,0,-56.2909,"-7.30900 0.90000 -2.93800, -0.95000 0.10000 -3.55000"
2318,0.0000,Tx-Rx,0,-54.3719,"-7.30900 0.90000 -2.93800, -1.25000 0.10000 -3.55000"
2319,0.0000,Tx-Rx,0,-52.0253,"-7.30900 0.90000 -2.93800, -1.55000 0.10000 -3.55000"
2320,0.0000,Tx-Rx,0,-50.0265,"-7.30900 0.90000 -2.93800, -1.85000 0.10000 -3.55000"
2321,0.0000,Tx-Rx,0,-48.9983,"-7.30900 0.90000 -2.93800, -2.15000 0.10000 -3.55000"
2322,0.0000,Tx-Rx,0,-48.4351,"-7.30900 0.90000 -2.93800, -2.45000 0.10000 -3.55000"
2323,0.0000,Tx-Rx,0,-48.1804,"-7.30900 0.90000 -2.93800, -2.75000 0.10000 -3.55000"
2324,0.0000,Tx-Rx,0,-47.8853,"-7.30900 0.90000 -2.93800, -3.05000 0.10000 -3.55000"
2325,0.0000,Tx-Rx,0,-47.0666,"-7.30900 0.90000 -2.93800, -3.35000 0.10000 -3.55000"
2326,0.0000,Tx-Rx,0,-46.3032,"-7.30900 0.90000 -2.93800, -3.65000 0.10000 -3.55000"
2327,0.0000,Tx-Rx,0,-46.2460,"-7.30900 0.90000 -2.93800, -3.95000 0.10000 -3.55000"
2328,0.0000,Tx-Rx,0,-46.1777,"-7.30900 0.90000 -2.93800, -4.25000 0.10000 -3.55000"
2329,0.0000,Tx-Rx,0,-45.0420,"-7.30900 0.90000 -2.93800, -4.55000 0.10000 -3.55000"
2330,0.0000,Tx-Rx,0,-43.7592,"-7.30900 0.90000 -2.93800, -4.85000 0.10000 -3.55000"
2331,0.0000,Tx-Rx,0,-42.1657,"-7.30900 0.90000 -2.93800, -5.15000 0.10000 -3.55000"
2332,0.0000,Tx-Rx,0,-41.1341,"-7.30900 0.90000 -2.93800, -5.45000 0.10000 -3.55000"
2333,0.0000,Tx-Rx,0,-40.2951,"-7.30900 0.90000 -2.93800, -5.75000 0.10000 -3.55000"
2334,0.0000,Tx-Rx,0,-39.3594,"-7.30900 0.90000 -2.93800, -6.05000 0.10000 -3.55000"
2335,0.0000,Tx-Rx,0,-38.3300,"-7.30900 0.90000 -2.93800, -6.35000 0.10000 -3.55000"
2336,0.0000,Tx-Rx,0,-36.8270,"-7.30900 0.90000 -2.93800, -6.65000 0.10000 -3.55000"
2337,0.0000,Tx-Rx,0,-37.5884,"-7.30900 0.90000 -2.93800, -6.95000 0.10000 -3.55000"
2338,0.0000,Tx-Rx,0,-39.1115,"-7.30900 0.90000 -2.93800, -7.25000 0.10000 -3.55000"
2339,0.0000,Tx-Rx,0,-38.1479,"-7.30900 0.90000 -2.93800, -7.55000 0.10000 -3.55000"
2340,0.0000,Tx-Rx,0,-38.6750,"-7.30900 0.90000 -2.93800, -7.85000 0.10000 -3.55000"
2341,0.0000,Tx-Rx,0,-85.1850,"-7.30900 0.90000 -2.93800, 9.85000 0.10000 -3.85000"
2342,0.0000,Tx-Rx,0,-84.0286,"-7.30900 0.90000 -2.93800, 9.55000 0.10000 -3.85000"
2343,0.0000,Tx-Rx,0,-83.2177,"-7.30900 0.90000 -2.93800, 9.25000 0.10000 -3.85000"
2344,0.0000,Tx-Rx,0,-82.5965,"-7.30900 0.90000 -2.93800, 8.95000 0.10000 -3.85000"
2345,0.0000,Tx-Rx,0,-81.4712,"-7.30900 0.90000 -2.93800, 8.65000 0.10000 -3.85000"
2346,0.0000,Tx-Rx,0,-80.9094,"-7.30900 0.90000 -2.93800, 8.35000 0.10000 -3.85000"
2347,0.0000,Tx-Rx,0,-62.1338,"-7.30900 0.90000 -2.93800, 8.05000 0.10000 -3.85000"
2348,0.0000,Tx-Rx,0,-57.3456,"-7.30900 0.90000 -2.93800, 7.75000 0.10000 -3.85000"
2349,0.0000,Tx-Rx,0,-57.4145,"-7.30900 0.90000 -2.93800, 7.45000 0.10000 -3.85000"
2350,0.0000,Tx-Rx,0,-57.6447,"-7.30900 0.90000 -2.93800, 7.15000 0.10000 -3.85000"
2351,0.0000,Tx-Rx,0,-57.7065,"-7.30900 0.90000 -2.93800, 6.85000 0.10000 -3.85000"
2352,0.0000,Tx-Rx,0,-58.0299,"-7.30900 0.90000 -2.93800, 6.55000 0.10000 -3.85000"
2353,0.0000,Tx-Rx,0,-58.2447,"-7.30900 0.90000 -2.93800, 6.25000 0.10000 -3.85000"
2354,0.0000,Tx-Rx,0,-58.7831,"-7.30900 0.90000 -2.93800, 5.95000 0.10000 -3.85000"
2355,0.0000,Tx-Rx,0,-59.0460,"-7.30900 0.90000 -2.93800, 5.65000 0.10000 -3.85000"
2356,0.0000,Tx-Rx,0,-59.6044,"-7.30900 0.90000 -2.93800, 5.35000 0.10000 -3.85000"
2357,0.0000,Tx-Rx,0,-59.9211,"-7.30900 0.90000 -2.93800, 5.05000 0.10000 -3.85000"
2358,0.0000,Tx-Rx,0,-60.8375,"-7.30900 0.90000 -2.93800, 4.75000 0.10000 -3.85000"
2359,0.0000,Tx-Rx,0,-61.6487,"-7.30900 0.90000 -2.93800, 4.45000 0.10000 -3.85000"
2360,0.0000,Tx-Rx,0,-63.0019,"-7.30900 0.90000 -2.93800, 4.15000 0.10000 -3.85000"
2361,0.0000,Tx-Rx,0,-64.4303,"-7.30900 0.90000 -2.93800, 3.85000 0.10000 -3.85000"
2362,0.0000,Tx-Rx,0,-65.5594,"-7.30900 0.90000 -2.93800, 3.55000 0.10000 -3.85000"
2363,0.0000,Tx-Rx,0,-65.1847,"-7.30900 0.90000 -2.93800, 3.25000 0.10000 -3.85000"
2364,0.0000,Tx-Rx,0,-65.1405,"-7.30900 0.90000 -2.93800, 2.95000 0.10000 -3.85000"
2365,0.0000,Tx-Rx,0,-62.2263,"-7.30900 0.90000 -2.93800, 2.65000 0.10000 -3.85000"
2366,0.0000,Tx-Rx,0,-61.4139,"-7.30900 0.90000 -2.93800, 2.35000 0.10000 -3.85000"
2367,0.0000,Tx-Rx,0,-61.2851,"-7.30900 0.90000 -2.93800, 2.05000 0.10000 -3.85000"
2368,0.0000,Tx-Rx,0,-61.7664,"-7.30900 0.90000 -2.93800, 1.75000 0.10000 -3.85000"
2369,0.0000,Tx-Rx,0,-61.7329,"-7.30900 0.90000 -2.93800, 1.45000 0.10000 -3.85000"
2370,0.0000,Tx-Rx,0,-61.8544,"-7.30900 0.90000 -2.93800, 1.15000 0.10000 -3.85000"
2371,0.0000,Tx-Rx,0,-61.7157,"-7.30900 0.90000 -2.93800, 0.85000 0.10000 -3.85000"
2372,0.0000,Tx-Rx,0,-61.7074,"-7.30900 0.90000 -2.93800, 0.55000 0.10000 -3.85000"
2373,0.0000,Tx-Rx,0,-62.3425,"-7.30900 0.90000 -2.93800, 0.25000 0.10000 -3.85000"
2374,0.0000,Tx-Rx,0,-57.6031,"-7.30900 0.90000 -2.93800, -0.05000 0.10000 -3.85000"
2375,0.0000,Tx-Rx,0,-54.6054,"-7.30900 0.90000 -2.93800, -0.35000 0.10000 -3.85000"
2376,0.0000,Tx-Rx,0,-53.2321,"-7.30900 0.90000 -2.93800, -0.65000 0.10000 -3.85000"
2377,0.0000,Tx-Rx,0,-52.0663,"-7.30900 0.90000 -2.93800, -0.95000 0.10000 -3.85000"
2378,0.0000,Tx-Rx,0,-51.8137,"-7.30900 0.90000 -2.93800, -1.25000 0.10000 -3.85000"
2379,0.0000,Tx-Rx,0,-51.6992,"-7.30900 0.90000 -2.93800, -1.55000 0.10000 -3.85000"
2380,0.0000,Tx-Rx,0,-51.8004,"-7.30900 0.90000 -2.93800, -1.85000 0.10000 -3.85000"
2381,0.0000,Tx-Rx,0,-51.5319,"-7.30900 0.90000 -2.93800, -2.15000 0.10000 -3.85000"
2382,0.0000,Tx-Rx,0,-50.6137,"-7.30900 0.90000 -2.93800, -2.45000 0.10000 -3.85000"
2383,0.0000,Tx-Rx,0,-49.3379,"-7.30900 0.90000 -2.93800, -2.75000 0.10000 -3.85000"
2384,0.0000,Tx-Rx,0,-48.0888,"-7.30900 0.90000 -2.93800, -3.05000 0.10000 -3.85000"
2385,0.0000,Tx-Rx,0,-46.3973,"-7.30900 0.90000 -2.93800, -3.35000 0.10000 -3.85000"
2386,0.0000,Tx-Rx,0,-45.4058,"-7.30900 0.90000 -2.93800, -3.65000 0.10000 -3.85000"
2387,0.0000,Tx-Rx,0,-44.4632,"-7.30900 0.90000 -2.93800, -3.95000 0.10000 -3.85000"
2388,0.0000,Tx-Rx,0,-43.6225,"-7.30900 0.90000 -2.93800, -4.25000 0.10000 -3.85000"
2389,0.0000,Tx-Rx,0,-43.3573,"-7.30900 0.90000 -2.93800, -4.55000 0.10000 -3.85000"
2390,0.0000,Tx-Rx,0,-42.9549,"-7.30900 0.90000 -2.93800, -4.85000 0.10000 -3.85000"
2391,0.0000,Tx-Rx,0,-42.1269,"-7.30900 0.90000 -2.93800, -5.15000 0.10000 -3.85000"
2392,0.0000,Tx-Rx,0,-41.3761,"-7.30900 0.90000 -2.93800, -5.45000 0.10000 -3.85000"
2393,0.0000,Tx-Rx,0,-40.5987,"-7.30900 0.90000 -2.93800, -5.75000 0.10000 -3.85000"
2394,0.0000,Tx-Rx,0,-39.2452,"-7.30900 0.90000 -2.93800, -6.05000 0.10000 -3.85000"
2395,0.0000,Tx-Rx,0,-39.0335,"-7.30900 0.90000 -2.93800, -6.35000 0.10000 -3.85000"
2396,0.0000,Tx-Rx,0,-38.0443,"-7.30900 0.90000 -2.93800, -6.65000 0.10000 -3.85000"
2397,0.0000,Tx-Rx,0,-38.3353,"-7.30900 0.90000 -2.93800, -6.95000 0.10000 -3.85000"
2398,0.0000,Tx-Rx,0,-40.0780,"-7.30900 0.90000 -2.93800, -7.25000 0.10000 -3.85000"
2399,0.0000,Tx-Rx,0,-39.0768,"-7.30900 0.90000 -2.93800, -7.55000 0.10000 -3.85000"
2400,0.0000,Tx-Rx,0,-39.7558,"-7.30900 0.90000 -2.93800, -7.85000 0.10000 -3.85000"
2401,0.0000,Tx-Rx,0,-87.6381,"-7.30900 0.90000 -2.93800, 9.85000 0.10000 -4.15000"
2402,0.0000,Tx-Rx,0,-89.1881,"-7.30900 0.90000 -2.93800, 9.55000 0.10000 -4.15000"
2403,0.0000,Tx-Rx,0,-87.9901,"-7.30900 0.90000 -2.93800, 9.25000 0.10000 -4.15000"
2404,0.0000,Tx-Rx,0,-91.0002,"-7.30900 0.90000 -2.93800, 8.95000 0.10000 -4.15000"
2405,0.0000,Tx-Rx,0,-87.9029,"-7.30900 0.90000 -2.93800, 8.65000 0.10000 -4.15000"
2406,0.0000,Tx-Rx,0,-89.3798,"-7.30900 0.90000 -2.93800, 8.35000 0.10000 -4.15000"
2407,0.0000,Tx-Rx,0,-69.6584,"-7.30900 0.90000 -2.93800, 8.05000 0.10000 -4.15000"
2408,0.0000,Tx-Rx,0,-65.5743,"-7.30900 0.90000 -2.93800, 7.75000 0.10000 -4.15000"
2409,0.0000,Tx-Rx,0,-67.5947,"-7.30900 0.90000 -2.93800, 7.45000 0.10000 -4.15000"
2410,0.0000,Tx-Rx,0,-67.3768,"-7.30900 0.90000 -2.93800, 7.15000 0.10000 -4.15000"
2411,0.0000,Tx-Rx,0,-67.2706,"-7.30900 0.90000 -2.93800, 6.85000 0.10000 -4.15000"
2412,0.0000,Tx-Rx,0,-67.1732,"-7.30900 0.90000 -2.93800, 6.55000 0.10000 -4.15000"
2413,0.0000,Tx-Rx,0,-66.1611,"-7.30900 0.90000 -2.93800, 6.25000 0.10000 -4.15000"
2414,0.0000,Tx-Rx,0,-65.8446,"-7.30900 0.90000 -2.93800, 5.95000 0.10000 -4.15000"
2415,0.0000,Tx-Rx,0,-66.1440,"-7.30900 0.90000 -2.93800, 5.65000 0.10000 -4.15000"
2416,0.0000,Tx-Rx,0,-66.6372,"-7.30900 0.90000 -2.93800, 5.35000 0.10000 -4.15000"
2417,0.0000,Tx-Rx,0,-66.3215,"-7.30900 0.90000 -2.93800, 5.05000 0.10000 -4.15000"
2418,0.0000,Tx-Rx,0,-66.1192,"-7.30900 0.90000 -2.93800, 4.75000 0.10000 -4.15000"
2419,0.0000,Tx-Rx,0,-66.0565,"-7.30900 0.90000 -2.93800, 4.45000 0.10000 -4.15000"
2420,0.0000,Tx-Rx,0,-66.1575,"-7.30900 0.90000 -2.93800, 4.15000 0.10000 -4.15000"
2421,0.0000,Tx-Rx,0,-67.1944,"-7.30900 0.90000 -2.93800, 3.85000 0.10000 -4.15000"
2422,0.0000,Tx-Rx,0,-67.6913,"-7.30900 0.90000 -2.93800, 3.55000 0.10000 -4.15000"
2423,0.0000,Tx-Rx,0,-66.9921,"-7.30900 0.90000 -2.93800, 3.25000 0.10000 -4.15000"
2424,0.0000,Tx-Rx,0,-63.3401,"-7.30900 0.90000 -2.93800, 2.95000 0.10000 -4.15000"
2425,0.0000,Tx-Rx,0,-62.3740,"-7.30900 0.90000 -2.93800, 2.65000 0.10000 -4.15000"
2426,0.0000,Tx-Rx,0,-62.3723,"-7.30900 0.90000 -2.93800, 2.35000 0.10000 -4.15000"
2427,0.0000,Tx-Rx,0,-62.4117,"-7.30900 0.90000 -2.93800, 2.05000 0.10000 -4.15000"
2428,0.0000,Tx-Rx,0,-62.4629,"-7.30900 0.90000 -2.93800, 1.75000 0.10000 -4.15000"
2429,0.0000,Tx-Rx,0,-62.4787,"-7.30900 0.90000 -2.93800, 1.45000 0.10000 -4.15000"
2430,0.0000,Tx-Rx,0,-62.4373,"-7.30900 0.90000 -2.93800, 1.15000 0.10000 -4.15000"
2431,0.0000,Tx-Rx,0,-62.4592,"-7.30900 0.90000 -2.93800, 0.85000 0.10000 -4.15000"
2432,0.0000,Tx-Rx,0,-62.1287,"-7.30900 0.90000 -2.93800, 0.55000 0.10000 -4.15000"
2433,0.0000,Tx-Rx,0,-64.7836,"-7.30900 0.90000 -2.93800, 0.25000 0.10000 -4.15000"
2434,0.0000,Tx-Rx,0,-69.6117,"-7.30900 0.90000 -2.93800, -0.05000 0.10000 -4.15000"
2435,0.0000,Tx-Rx,0,-71.9418,"-7.30900 0.90000 -2.93800, -0.35000 0.10000 -4.15000"
2436,0.0000,Tx-Rx,0,-67.0300,"-7.30900 0.90000 -2.93800, -0.65000 0.10000 -4.15000"
2437,0.0000,Tx-Rx,0,-64.2509,"-7.30900 0.90000 -2.93800, -0.95000 0.10000 -4.15000"
2438,0.0000,Tx-Rx,0,-60.9615,"-7.30900 0.90000 -2.93800, -1.25000 0.10000 -4.15000"
2439,0.0000,Tx-Rx,0,-57.7104,"-7.30900 0.90000 -2.93800, -1.55000 0.10000 -4.15000"
2440,0.0000,Tx-Rx,0,-54.0290,"-7.30900 0.90000 -2.93800, -1.85000 0.10000 -4.15000"
2441,0.0000,Tx-Rx,0,-52.3490,"-7.30900 0.90000 -2.93800, -2.15000 0.10000 -4.15000"
2442,0.0000,Tx-Rx,0,-52.6801,"-7.30900 0.90000 -2.93800, -2.45000 0.10000 -4.15000"
2443,0.0000,Tx-Rx,0,-54.6797,"-7.30900 0.90000 -2.93800, -2.75000 0.10000 -4.15000"
2444,0.0000,Tx-Rx,0,-66.5895,"-7.30900 0.90000 -2.93800, -3.05000 0.10000 -4.15000"
2445,0.0000,Tx-Rx,0,-74.6064,"-7.30900 0.90000 -2.93800, -3.35000 0.10000 -4.15000"
2446,0.0000,Tx-Rx,0,-74.1069,"-7.30900 0.90000 -2.93800, -3.65000 0.10000 -4.15000"
2447,0.0000,Tx-Rx,0,-75.1103,"-7.30900 0.90000 -2.93800, -3.95000 0.10000 -4.15000"
2448,0.0000,Tx-Rx,0,-74.7743,"-7.30900 0.90000 -2.93800, -4.25000 0.10000 -4.15000"
2449,0.0000,Tx-Rx,0,-75.1309,"-7.30900 0.90000 -2.93800, -4.55000 0.10000 -4.15000"
2450,0.0000,Tx-Rx,0,-74.0849,"-7.30900 0.90000 -2.93800, -4.85000 0.10000 -4.15000"
2451,0.0000,Tx-Rx,0,-73.0255,"-7.30900 0.90000 -2.93800, -5.15000 0.10000 -4.15000"
2452,0.0000,Tx-Rx,0,-71.9147,"-7.30900 0.90000 -2.93800, -5.45000 0.10000 -4.15000"
2453,0.0000,Tx-Rx,0,-70.0492,"-7.30900 0.90000 -2.93800, -5.75000 0.10000 -4.15000"
2454,0.0000,Tx-Rx,0,-68.0342,"-7.30900 0.90000 -2.93800, -6.05000 0.10000 -4.15000"
2455,0.0000,Tx-Rx,0,-68.6261,"-7.30900 0.90000 -2.93800, -6.35000 0.10000 -4.15000"
2456,0.0000,Tx-Rx,0,-65.6869,"-7.30900 0.90000 -2.93800, -6.65000 0.10000 -4.15000"
2457,0.0000,Tx-Rx,0,-65.9340,"-7.30900 0.90000 -2.93800, -6.95000 0.10000 -4.15000"
2458,0.0000,Tx-Rx,0,-67.2954,"-7.30900 0.90000 -2.93800, -7.25000 0.10000 -4.15000"
2459,0.0000,Tx-Rx,0,-66.2143,"-7.30900 0.90000 -2.93800, -7.55000 0.10000 -4.15000"
2460,0.0000,Tx-Rx,0,-67.0217,"-7.30900 0.90000 -2.93800, -7.85000 0.10000 -4.15000"
2461,0.0000,Tx-Rx,0,-102.2432,"-7.30900 0.90000 -2.93800, 9.85000 0.10000 -4.45000"
2462,0.0000,Tx-Rx,0,-95.4746,"-7.30900 0.90000 -2.93800, 9.55000 0.10000 -4.45000"
2463,0.0000,Tx-Rx,0,-101.9968,"-7.30900 0.90000 -2.93800, 9.25000 0.10000 -4.45000"
2464,0.0000,Tx-Rx,0,-101.4394,"-7.30900 0.90000 -2.93800, 8.95000 0.10000 -4.45000"
2465,0.0000,Tx-Rx,0,-101.6164,"-7.30900 0.90000 -2.93800, 8.65000 0.10000 -4.45000"
2466,0.0000,Tx-Rx,0,-99.7278,"-7.30900 0.90000 -2.93800, 8.35000 0.10000 -4.45000"
2467,0.0000,Tx-Rx,0,-78.6566,"-7.30900 0.90000 -2.93800, 8.05000 0.10000 -4.45000"
2468,0.0000,Tx-Rx,0,-71.7217,"-7.30900 0.90000 -2.93800, 7.75000 0.10000 -4.45000"
2469,0.0000,Tx-Rx,0,-70.4880,"-7.30900 0.90000 -2.93800, 7.45000 0.10000 -4.45000"
2470,0.0000,Tx-Rx,0,-70.8633,"-7.30900 0.90000 -2.93800, 7.15000 0.10000 -4.45000"
2471,0.0000,Tx-Rx,0,-72.1203,"-7.30900 0.90000 -2.93800, 6.85000 0.10000 -4.45000"
2472,0.0000,Tx-Rx,0,-71.6453,"-7.30900 0.90000 -2.93800, 6.55000 0.10000 -4.45000"
2473,0.0000,Tx-Rx,0,-71.6337,"-7.30900 0.90000 -2.93800, 6.25000 0.10000 -4.45000"
2474,0.0000,Tx-Rx,0,-72.1726,"-7.30900 0.90000 -2.93800, 5.95000 0.10000 -4.45000"
2475,0.0000,Tx-Rx,0,-71.9606,"-7.30900 0.90000 -2.93800, 5.65000 0.10000 -4.45000"
2476,0.0000,Tx-Rx,0,-69.9344,"-7.30900 0.90000 -2.93800, 5.35000 0.10000 -4.45000"
2477,0.0000,Tx-Rx,0,-70.6140,"-7.30900 0.90000 -2.93800, 5.05000 0.10000 -4.45000"
2478,0.0000,Tx-Rx,0,-70.8939,"-7.30900 0.90000 -2.93800, 4.75000 0.10000 -4.45000"
2479,0.0000,Tx-Rx,0,-71.0388,"-7.30900 0.90000 -2.93800, 4.45000 0.10000 -4.45000"
2480,0.0000,Tx-Rx,0,-71.0310,"-7.30900 0.90000 -2.93800, 4.15000 0.10000 -4.45000"
2481,0.0000,Tx-Rx,0,-70.8924,"-7.30900 0.90000 -2.93800, 3.85000 0.10000 -4.45000"
2482,0.0000,Tx-Rx,0,-71.2001,"-7.30900 0.90000 -2.93800, 3.55000 0.10000 -4.45000"
2483,0.0000,Tx-Rx,0,-64.8834,"-7.30900 0.90000 -2.93800, 3.25000 0.10000 -4.45000"
2484,0.0000,Tx-Rx,0,-63.1321,"-7.30900 0.90000 -2.93800, 2.95000 0.10000 -4.45000"
2485,0.0000,Tx-Rx,0,-63.0214,"-7.30900 0.90000 -2.93800, 2.65000 0.10000 -4.45000"
2486,0.0000,Tx-Rx,0,-62.8690,"-7.30900 0.90000 -2.93800, 2.35000 0.10000 -4.45000"
2487,0.0000,Tx-Rx,0,-62.5820,"-7.30900 0.90000 -2.93800, 2.05000 0.10000 -4.45000"
2488,0.0000,Tx-Rx,0,-62.6468,"-7.30900 0.90000 -2.93800, 1.75000 0.10000 -4.45000"
2489,0.0000,Tx-Rx,0,-62.6616,"-7.30900 0.90000 -2.93800, 1.45000 0.10000 -4.45000"
2490,0.0000,Tx-Rx,0,-62.8113,"-7.30900 0.90000 -2.93800, 1.15000 0.10000 -4.45000"
2491,0.0000,Tx-Rx,0,-62.3567,"-7.30900 0.90000 -2.93800, 0.85000 0.10000 -4.45000"
2492,0.0000,Tx-Rx,0,-63.1797,"-7.30900 0.90000 -2.93800, 0.55000 0.10000 -4.45000"
2493,0.0000,Tx-Rx,0,-63.1112,"-7.30900 0.90000 -2.93800, 0.25000 0.10000 -4.45000"
2494,0.0000,Tx-Rx,0,-61.1691,"-7.30900 0.90000 -2.93800, -0.05000 0.10000 -4.45000"
2495,0.0000,Tx-Rx,0,-60.2085,"-7.30900 0.90000 -2.93800, -0.35000 0.10000 -4.45000"
2496,0.0000,Tx-Rx,0,-60.3327,"-7.30900 0.90000 -2.93800, -0.65000 0.10000 -4.45000"
2497,0.0000,Tx-Rx,0,-60.7466,"-7.30900 0.90000 -2.93800, -0.95000 0.10000 -4.45000"
2498,0.0000,Tx-Rx,0,-60.3690,"-7.30900 0.90000 -2.93800, -1.25000 0.10000 -4.45000"
2499,0.0000,Tx-Rx,0,-58.9855,"-7.30900 0.90000 -2.93800, -1.55000 0.10000 -4.45000"
2500,0.0000,Tx-Rx,0,-57.2989,"-7.30900 0.90000 -2.93800, -1.85000 0.10000 -4.45000"
2501,0.0000,Tx-Rx,0,-56.8994,"-7.30900 0.90000 -2.93800, -2.15000 0.10000 -4.45000"
2502,0.0000,Tx-Rx,0,-58.0760,"-7.30900 0.90000 -2.93800, -2.45000 0.10000 -4.45000"
2503,0.0000,Tx-Rx,0,-61.6790,"-7.30900 0.90000 -2.93800, -2.75000 0.10000 -4.45000"
2504,0.0000,Tx-Rx,0,-70.8648,"-7.30900 0.90000 -2.93800, -3.05000 0.10000 -4.45000"
2505,0.0000,Tx-Rx,0,-71.2469,"-7.30900 0.90000 -2.93800, -3.35000 0.10000 -4.45000"
2506,0.0000,Tx-Rx,0,-71.5107,"-7.30900 0.90000 -2.93800, -3.65000 0.10000 -4.45000"
2507,0.0000,Tx-Rx,0,-71.4772,"-7.30900 0.90000 -2.93800, -3.95000 0.10000 -4.45000"
2508,0.0000,Tx-Rx,0,-71.4460,"-7.30900 0.90000 -2.93800, -4.25000 0.10000 -4.45000"
2509,0.0000,Tx-Rx,0,-71.4380,"-7.30900 0.90000 -2.93800, -4.55000 0.10000 -4.45000"
2510,0.0000,Tx-Rx,0,-70.7418,"-7.30900 0.90000 -2.93800, -4.85000 0.10000 -4.45000"
2511,0.0000,Tx-Rx,0,-70.8839,"-7.30900 0.90000 -2.93800, -5.15000 0.10000 -4.45000"
2512,0.0000,Tx-Rx,0,-69.7582,"-7.30900 0.90000 -2.93800, -5.45000 0.10000 -4.45000"
2513,0.0000,Tx-Rx,0,-68.5832,"-7.30900 0.90000 -2.93800, -5.75000 0.10000 -4.45000"
2514,0.0000,Tx-Rx,0,-69.2175,"-7.30900 0.90000 -2.93800, -6.05000 0.10000 -4.45000"
2515,0.0000,Tx-Rx,0,-67.2746,"-7.30900 0.90000 -2.93800, -6.35000 0.10000 -4.45000"
2516,0.0000,Tx-Rx,0,-66.0492,"-7.30900 0.90000 -2.93800, -6.65000 0.10000 -4.45000"
2517,0.0000,Tx-Rx,0,-67.6599,"-7.30900 0.90000 -2.93800, -6.95000 0.10000 -4.45000"
2518,0.0000,Tx-Rx,0,-67.3018,"-7.30900 0.90000 -2.93800, -7.25000 0.10000 -4.45000"
2519,0.0000,Tx-Rx,0,-66.9580,"-7.30900 0.90000 -2.93800, -7.55000 0.10000 -4.45000"
2520,0.0000,Tx-Rx,0,-67.0609,"-7.30900 0.90000 -2.93800, -7.85000 0.10000 -4.45000"
2521,0.0000,Tx-Rx,0,-98.3081,"-7.30900 0.90000 -2.93800, 9.85000 0.10000 -4.75000"
2522,0.0000,Tx-Rx,0,-100.1172,"-7.30900 0.90000 -2.93800, 9.55000 0.10000 -4.75000"
2523,0.0000,Tx-Rx,0,-98.4184,"-7.30900 0.90000 -2.93800, 9.25000 0.10000 -4.75000"
2524,0.0000,Tx-Rx,0,-97.3553,"-7.30900 0.90000 -2.93800, 8.95000 0.10000 -4.75000"
2525,0.0000,Tx-Rx,0,-98.8122,"-7.30900 0.90000 -2.93800, 8.65000 0.10000 -4.75000"
2526,0.0000,Tx-Rx,0,-101.1092,"-7.30900 0.90000 -2.93800, 8.35000 0.10000 -4.75000"
2527,0.0000,Tx-Rx,0,-80.1155,"-7.30900 0.90000 -2.93800, 8.05000 0.10000 -4.75000"
2528,0.0000,Tx-Rx,0,-75.3843,"-7.30900 0.90000 -2.93800, 7.75000 0.10000 -4.75000"
2529,0.0000,Tx-Rx,0,-72.3781,"-7.30900 0.90000 -2.93800, 7.45000 0.10000 -4.75000"
2530,0.0000,Tx-Rx,0,-71.4529,"-7.30900 0.90000 -2.93800, 7.15000 0.10000 -4.75000"
2531,0.0000,Tx-Rx,0,-72.7961,"-7.30900 0.90000 -2.93800, 6.85000 0.10000 -4.75000"
2532,0.0000,Tx-Rx,0,-73.4821,"-7.30900 0.90000 -2.93800, 6.55000 0.10000 -4.75000"
2533,0.0000,Tx-Rx,0,-73.1603,"-7.30900 0.90000 -2.93800, 6.25000 0.10000 -4.75000"
2534,0.0000,Tx-Rx,0,-72.4693,"-7.30900 0.90000 -2.93800, 5.95000 0.10000 -4.75000"
2535,0.0000,Tx-Rx,0,-71.4731,"-7.30900 0.90000 -2.93800, 5.65000 0.10000 -4.75000"
2536,0.0000,Tx-Rx,0,-71.9177,"-7.30900 0.90000 -2.93800, 5.35000 0.10000 -4.75000"
2537,0.0000,Tx-Rx,0,-72.3367,"-7.30900 0.90000 -2.93800, 5.05000 0.10000 -4.75000"
2538,0.0000,Tx-Rx,0,-72.7211,"-7.30900 0.90000 -2.93800, 4.75000 0.10000 -4.75000"
2539,0.0000,Tx-Rx,0,-71.7359,"-7.30900 0.90000 -2.93800, 4.45000 0.10000 -4.75000"
2540,0.0000,Tx-Rx,0,-72.4132,"-7.30900 0.90000 -2.93800, 4.15000 0.10000 -4.75000"
2541,0.0000,Tx-Rx,0,-71.6919,"-7.30900 0.90000 -2.93800, 3.85000 0.10000 -4.75000"
2542,0.0000,Tx-Rx,0,-66.7123,"-7.30900 0.90000 -2.93800, 3.55000 0.10000 -4.75000"
2543,0.0000,Tx-Rx,0,-64.7380,"-7.30900 0.90000 -2.93800, 3.25000 0.10000 -4.75000"
2544,0.0000,Tx-Rx,0,-64.4297,"-7.30900 0.90000 -2.93800, 2.95000 0.10000 -4.75000"
2545,0.0000,Tx-Rx,0,-63.8072,"-7.30900 0.90000 -2.93800, 2.65000 0.10000 -4.75000"
2546,0.0000,Tx-Rx,0,-63.5535,"-7.30900 0.90000 -2.93800, 2.35000 0.10000 -4.75000"
2547,0.0000,Tx-Rx,0,-63.6412,"-7.30900 0.90000 -2.93800, 2.05000 0.10000 -4.75000"
2548,0.0000,Tx-Rx,0,-61.8604,"-7.30900 0.90000 -2.93800, 1.75000 0.10000 -4.75000"
2549,0.0000,Tx-Rx,0,-61.0427,"-7.30900 0.90000 -2.93800, 1.45000 0.10000 -4.75000"
2550,0.0000,Tx-Rx,0,-60.3276,"-7.30900 0.90000 -2.93800, 1.15000 0.10000 -4.75000"
2551,0.0000,Tx-Rx,0,-60.8482,"-7.30900 0.90000 -2.93800, 0.85000 0.10000 -4.75000"
2552,0.0000,Tx-Rx,0,-63.5509,"-7.30900 0.90000 -2.93800, 0.55000 0.10000 -4.75000"
2553,0.0000,Tx-Rx,0,-63.4057,"-7.30900 0.90000 -2.93800, 0.25000 0.10000 -4.75000"
2554,0.0000,Tx-Rx,0,-65.5012,"-7.30900 0.90000 -2.93800, -0.05000 0.10000 -4.75000"
2555,0.0000,Tx-Rx,0,-66.6148,"-7.30900 0.90000 -2.93800, -0.35000 0.10000 -4.75000"
2556,0.0000,Tx-Rx,0,-63.7234,"-7.30900 0.90000 -2.93800, -0.65000 0.10000 -4.75000"
2557,0.0000,Tx-Rx,0,-62.3293,"-7.30900 0.90000 -2.93800, -0.95000 0.10000 -4.75000"
2558,0.0000,Tx-Rx,0,-62.6474,"-7.30900 0.90000 -2.93800, -1.25000 0.10000 -4.75000"
2559,0.0000,Tx-Rx,0,-60.6974,"-7.30900 0.90000 -2.93800, -1.55000 0.10000 -4.75000"
2560,0.0000,Tx-Rx,0,-59.3345,"-7.30900 0.90000 -2.93800, -1.85000 0.10000 -4.75000"
2561,0.0000,Tx-Rx,0,-59.7097,"-7.30900 0.90000 -2.93800, -2.15000 0.10000 -4.75000"
2562,0.0000,Tx-Rx,0,-59.8548,"-7.30900 0.90000 -2.93800, -2.45000 0.10000 -4.75000"
2563,0.0000,Tx-Rx,0,-66.0057,"-7.30900 0.90000 -2.93800, -2.75000 0.10000 -4.75000"
2564,0.0000,Tx-Rx,0,-69.1119,"-7.30900 0.90000 -2.93800, -3.05000 0.10000 -4.75000"
2565,0.0000,Tx-Rx,0,-69.2011,"-7.30900 0.90000 -2.93800, -3.35000 0.10000 -4.75000"
2566,0.0000,Tx-Rx,0,-77.1585,"-7.30900 0.90000 -2.93800, -3.65000 0.10000 -4.75000"
2567,0.0000,Tx-Rx,0,-77.7834,"-7.30900 0.90000 -2.93800, -3.95000 0.10000 -4.75000"
2568,0.0000,Tx-Rx,0,-78.1739,"-7.30900 0.90000 -2.93800, -4.25000 0.10000 -4.75000"
2569,0.0000,Tx-Rx,0,-78.1107,"-7.30900 0.90000 -2.93800, -4.55000 0.10000 -4.75000"
2570,0.0000,Tx-Rx,0,-79.5336,"-7.30900 0.90000 -2.93800, -4.85000 0.10000 -4.75000"
2571,0.0000,Tx-Rx,0,-77.6533,"-7.30900 0.90000 -2.93800, -5.15000 0.10000 -4.75000"
2572,0.0000,Tx-Rx,0,-78.7141,"-7.30900 0.90000 -2.93800, -5.45000 0.10000 -4.75000"
2573,0.0000,Tx-Rx,0,-74.9955,"-7.30900 0.90000 -2.93800, -5.75000 0.10000 -4.75000"
2574,0.0000,Tx-Rx,0,-73.1866,"-7.30900 0.90000 -2.93800, -6.05000 0.10000 -4.75000"
2575,0.0000,Tx-Rx,0,-72.0602,"-7.30900 0.90000 -2.93800, -6.35000 0.10000 -4.75000"
2576,0.0000,Tx-Rx,0,-71.8264,"-7.30900 0.90000 -2.93800, -6.65000 0.10000 -4.75000"
2577,0.0000,Tx-Rx,0,-69.8661,"-7.30900 0.90000 -2.93800, -6.95000 0.10000 -4.75000"
2578,0.0000,Tx-Rx,0,-68.4444,"-7.30900 0.90000 -2.93800, -7.25000 0.10000 -4.75000"
2579,0.0000,Tx-Rx,0,-70.7137,"-7.30900 0.90000 -2.93800, -7.55000 0.10000 -4.75000"
2580,0.0000,Tx-Rx,0,-76.5112,"-7.30900 0.90000 -2.93800, -7.85000 0.10000 -4.75000"
2581,0.0000,Tx-Rx,0,-120.0000,"-7.30900 0.90000 -2.93800, 9.85000 0.10000 -5.05000"
2582,0.0000,Tx-Rx,0,-100.0271,"-7.30900 0.90000 -2.93800, 9.55000 0.10000 -5.05000"
2583,0.0000,Tx-Rx,0,-102.9912,"-7.30900 0.90000 -2.93800, 9.25000 0.10000 -5.05000"
2584,0.0000,Tx-Rx,0,-104.7250,"-7.30900 0.90000 -2.93800, 8.95000 0.10000 -5.05000"
2585,0.0000,Tx-Rx,0,-108.8670,"-7.30900 0.90000 -2.93800, 8.65000 0.10000 -5.05000"
2586,0.0000,Tx-Rx,0,-98.3787,"-7.30900 0.90000 -2.93800, 8.35000 0.10000 -5.05000"
2587,0.0000,Tx-Rx,0,-79.9123,"-7.30900 0.90000 -2.93800, 8.05000 0.10000 -5.05000"
2588,0.0000,Tx-Rx,0,-75.6020,"-7.30900 0.90000 -2.93800, 7.75000 0.10000 -5.05000"
2589,0.0000,Tx-Rx,0,-75.5926,"-7.30900 0.90000 -2.93800, 7.45000 0.10000 -5.05000"
2590,0.0000,Tx-Rx,0,-72.7492,"-7.30900 0.90000 -2.93800, 7.15000 0.10000 -5.05000"
2591,0.0000,Tx-Rx,0,-72.0209,"-7.30900 0.90000 -2.93800, 6.85000 0.10000 -5.05000"
2592,0.0000,Tx-Rx,0,-72.7669,"-7.30900 0.90000 -2.93800, 6.55000 0.10000 -5.05000"
2593,0.0000,Tx-Rx,0,-72.0000,"-7.30900 0.90000 -2.93800, 6.25000 0.10000 -5.05000"
2594,0.0000,Tx-Rx,0,-71.3375,"-7.30900 0.90000 -2.93800, 5.95000 0.10000 -5.05000"
2595,0.0000,Tx-Rx,0,-71.9781,"-7.30900 0.90000 -2.93800, 5.65000 0.10000 -5.05000"
2596,0.0000,Tx-Rx,0,-73.0850,"-7.30900 0.90000 -2.93800, 5.35000 0.10000 -5.05000"
2597,0.0000,Tx-Rx,0,-72.4986,"-7.30900 0.90000 -2.93800, 5.05000 0.10000 -5.05000"
2598,0.0000,Tx-Rx,0,-72.3853,"-7.30900 0.90000 -2.93800, 4.75000 0.10000 -5.05000"
2599,0.0000,Tx-Rx,0,-72.8660,"-7.30900 0.90000 -2.93800, 4.45000 0.10000 -5.05000"
2600,0.0000,Tx-Rx,0,-68.4521,"-7.30900 0.90000 -2.93800, 4.15000 0.10000 -5.05000"
2601,0.0000,Tx-Rx,0,-64.7292,"-7.30900 0.90000 -2.93800, 3.85000 0.10000 -5.05000"
2602,0.0000,Tx-Rx,0,-62.7611,"-7.30900 0.90000 -2.93800, 3.55000 0.10000 -5.05000"
2603,0.0000,Tx-Rx,0,-62.0007,"-7.30900 0.90000 -2.93800, 3.25000 0.10000 -5.05000"
2604,0.0000,Tx-Rx,0,-62.6481,"-7.30900 0.90000 -2.93800, 2.95000 0.10000 -5.05000"
2605,0.0000,Tx-Rx,0,-61.6648,"-7.30900 0.90000 -2.93800, 2.65000 0.10000 -5.05000"
2606,0.0000,Tx-Rx,0,-61.7847,"-7.30900 0.90000 -2.93800, 2.35000 0.10000 -5.05000"
2607,0.0000,Tx-Rx,0,-62.8288,"-7.30900 0.90000 -2.93800, 2.05000 0.10000 -5.05000"
2608,0.0000,Tx-Rx,0,-62.6695,"-7.30900 0.90000 -2.93800, 1.75000 0.10000 -5.05000"
2609,0.0000,Tx-Rx,0,-63.0932,"-7.30900 0.90000 -2.93800, 1.45000 0.10000 -5.05000"
2610,0.0000,Tx-Rx,0,-64.4730,"-7.30900 0.90000 -2.93800, 1.15000 0.10000 -5.05000"
2611,0.0000,Tx-Rx,0,-68.4797,"-7.30900 0.90000 -2.93800, 0.85000 0.10000 -5.05000"
2612,0.0000,Tx-Rx,0,-75.8959,"-7.30900 0.90000 -2.93800, 0.55000 0.10000 -5.05000"
2613,0.0000,Tx-Rx,0,-72.6707,"-7.30900 0.90000 -2.93800, 0.25000 0.10000 -5.05000"
2614,0.0000,Tx-Rx,0,-65.3458,"-7.30900 0.90000 -2.93800, -0.05000 0.10000 -5.05000"
2615,0.0000,Tx-Rx,0,-63.2292,"-7.30900 0.90000 -2.93800, -0.35000 0.10000 -5.05000"
2616,0.0000,Tx-Rx,0,-63.5805,"-7.30900 0.90000 -2.93800, -0.65000 0.10000 -5.05000"
2617,0.0000,Tx-Rx,0,-64.1177,"-7.30900 0.90000 -2.93800, -0.95000 0.10000 -5.05000"
2618,0.0000,Tx-Rx,0,-63.2913,"-7.30900 0.90000 -2.93800, -1.25000 0.10000 -5.05000"
2619,0.0000,Tx-Rx,0,-60.0143,"-7.30900 0.90000 -2.93800, -1.55000 0.10000 -5.05000"
2620,0.0000,Tx-Rx,0,-59.3924,"-7.30900 0.90000 -2.93800, -1.85000 0.10000 -5.05000"
2621,0.0000,Tx-Rx,0,-59.0245,"-7.30900 0.90000 -2.93800, -2.15000 0.10000 -5.05000"
2622,0.0000,Tx-Rx,0,-62.2825,"-7.30900 0.90000 -2.93800, -2.45000 0.10000 -5.05000"
2623,0.0000,Tx-Rx,0,-71.3725,"-7.30900 0.90000 -2.93800, -2.75000 0.10000 -5.05000"
2624,0.0000,Tx-Rx,0,-73.4521,"-7.30900 0.90000 -2.93800, -3.05000 0.10000 -5.05000"
2625,0.0000,Tx-Rx,0,-73.8131,"-7.30900 0.90000 -2.93800, -3.35000 0.10000 -5.05000"
2626,0.0000,Tx-Rx,0,-80.8600,"-7.30900 0.90000 -2.93800, -3.65000 0.10000 -5.05000"
2627,0.0000,Tx-Rx,0,-80.8918,"-7.30900 0.90000 -2.93800, -3.95000 0.10000 -5.05000"
2628,0.0000,Tx-Rx,0,-80.0287,"-7.30900 0.90000 -2.93800, -4.25000 0.10000 -5.05000"
2629,0.0000,Tx-Rx,0,-79.8076,"-7.30900 0.90000 -2.93800, -4.55000 0.10000 -5.05000"
2630,0.0000,Tx-Rx,0,-79.9579,"-7.30900 0.90000 -2.93800, -4.85000 0.10000 -5.05000"
2631,0.0000,Tx-Rx,0,-80.2104,"-7.30900 0.90000 -2.93800, -5.15000 0.10000 -5.05000"
2632,0.0000,Tx-Rx,0,-79.5569,"-7.30900 0.90000 -2.93800, -5.45000 0.10000 -5.05000"
2633,0.0000,Tx-Rx,0,-75.1167,"-7.30900 0.90000 -2.93800, -5.75000 0.10000 -5.05000"
2634,0.0000,Tx-Rx,0,-71.0310,"-7.30900 0.90000 -2.93800, -6.05000 0.10000 -5.05000"
2635,0.0000,Tx-Rx,0,-71.2407,"-7.30900 0.90000 -2.93800, -6.35000 0.10000 -5.05000"
2636,0.0000,Tx-Rx,0,-70.4035,"-7.30900 0.90000 -2.93800, -6.65000 0.10000 -5.05000"
2637,0.0000,Tx-Rx,0,-69.7760,"-7.30900 0.90000 -2.93800, -6.95000 0.10000 -5.05000"
2638,0.0000,Tx-Rx,0,-69.6060,"-7.30900 0.90000 -2.93800, -7.25000 0.10000 -5.05000"
2639,0.0000,Tx-Rx,0,-71.7037,"-7.30900 0.90000 -2.93800, -7.55000 0.10000 -5.05000"
2640,0.0000,Tx-Rx,0,-77.2926,"-7.30900 0.90000 -2.93800, -7.85000 0.10000 -5.05000"
2641,0.0000,Tx-Rx,0,-120.0000,"-7.30900 0.90000 -2.93800, 9.85000 0.10000 -5.35000"
2642,0.0000,Tx-Rx,0,-120.0000,"-7.30900 0.90000 -2.93800, 9.55000 0.10000 -5.35000"
2643,0.0000,Tx-Rx,0,-120.0000,"-7.30900 0.90000 -2.93800, 9.25000 0.10000 -5.35000"
2644,0.0000,Tx-Rx,0,-120.0000,"-7.30900 0.90000 -2.93800, 8.95000 0.10000 -5.35000"
2645,0.0000,Tx-Rx,0,-120.0000,"-7.30900 0.90000 -2.93800, 8.65000 0.10000 -5.35000"
2646,0.0000,Tx-Rx,0,-107.9335,"-7.30900 0.90000 -2.93800, 8.35000 0.10000 -5.35000"
2647,0.0000,Tx-Rx,0,-82.8346,"-7.30900 0.90000 -2.93800, 8.05000 0.10000 -5.35000"
2648,0.0000,Tx-Rx,0,-77.4217,"-7.30900 0.90000 -2.93800, 7.75000 0.10000 -5.35000"
2649,0.0000,Tx-Rx,0,-76.6203,"-7.30900 0.90000 -2.93800, 7.45000 0.10000 -5.35000"
2650,0.0000,Tx-Rx,0,-75.7524,"-7.30900 0.90000 -2.93800, 7.15000 0.10000 -5.35000"
2651,0.0000,Tx-Rx,0,-71.3452,"-7.30900 0.90000 -2.93800, 6.85000 0.10000 -5.35000"
2652,0.0000,Tx-Rx,0,-66.1782,"-7.30900 0.90000 -2.93800, 6.55000 0.10000 -5.35000"
2653,0.0000,Tx-Rx,0,-64.9549,"-7.30900 0.90000 -2.93800, 6.25000 0.10000 -5.35000"
2654,0.0000,Tx-Rx,0,-62.2341,"-7.30900 0.90000 -2.93800, 5.95000 0.10000 -5.35000"
2655,0.0000,Tx-Rx,0,-63.9646,"-7.30900 0.90000 -2.93800, 5.65000 0.10000 -5.35000"
2656,0.0000,Tx-Rx,0,-69.1540,"-7.30900 0.90000 -2.93800, 5.35000 0.10000 -5.35000"
2657,0.0000,Tx-Rx,0,-69.1180,"-7.30900 0.90000 -2.93800, 5.05000 0.10000 -5.35000"
2658,0.0000,Tx-Rx,0,-68.6801,"-7.30900 0.90000 -2.93800, 4.75000 0.10000 -5.35000"
2659,0.0000,Tx-Rx,0,-64.6741,"-7.30900 0.90000 -2.93800, 4.45000 0.10000 -5.35000"
2660,0.0000,Tx-Rx,0,-63.9554,"-7.30900 0.90000 -2.93800, 4.15000 0.10000 -5.35000"
2661,0.0000,Tx-Rx,0,-62.7539,"-7.30900 0.90000 -2.93800, 3.85000 0.10000 -5.35000"
2662,0.0000,Tx-Rx,0,-62.1884,"-7.30900 0.90000 -2.93800, 3.55000 0.10000 -5.35000"
2663,0.0000,Tx-Rx,0,-63.6026,"-7.30900 0.90000 -2.93800, 3.25000 0.10000 -5.35000"
2664,0.0000,Tx-Rx,0,-62.3148,"-7.30900 0.90000 -2.93800, 2.95000 0.10000 -5.35000"
2665,0.0000,Tx-Rx,0,-64.3196,"-7.30900 0.90000 -2.93800, 2.65000 0.10000 -5.35000"
2666,0.0000,Tx-Rx,0,-64.3254,"-7.30900 0.90000 -2.93800, 2.35000 0.10000 -5.35000"
2667,0.0000,Tx-Rx,0,-64.5189,"-7.30900 0.90000 -2.93800, 2.05000 0.10000 -5.35000"
2668,0.0000,Tx-Rx,0,-64.7209,"-7.30900 0.90000 -2.93800, 1.75000 0.10000 -5.35000"
2669,0.0000,Tx-Rx,0,-64.8696,"-7.30900 0.90000 -2.93800, 1.45000 0.10000 -5.35000"
2670,0.0000,Tx-Rx,0,-66.3872,"-7.30900 0.90000 -2.93800, 1.15000 0.10000 -5.35000"
2671,0.0000,Tx-Rx,0,-78.7990,"-7.30900 0.90000 -2.93800, 0.85000 0.10000 -5.35000"
2672,0.0000,Tx-Rx,0,-77.5046,"-7.30900 0.90000 -2.93800, 0.55000 0.10000 -5.35000"
2673,0.0000,Tx-Rx,0,-76.5735,"-7.30900 0.90000 -2.93800, 0.25000 0.10000 -5.35000"
2674,0.0000,Tx-Rx,0,-70.6024,"-7.30900 0.90000 -2.93800, -0.05000 0.10000 -5.35000"
2675,0.0000,Tx-Rx,0,-67.9530,"-7.30900 0.90000 -2.93800, -0.35000 0.10000 -5.35000"
2676,0.0000,Tx-Rx,0,-68.6220,"-7.30900 0.90000 -2.93800, -0.65000 0.10000 -5.35000"
2677,0.0000,Tx-Rx,0,-70.3728,"-7.30900 0.90000 -2.93800, -0.95000 0.10000 -5.35000"
2678,0.0000,Tx-Rx,0,-62.3360,"-7.30900 0.90000 -2.93800, -1.25000 0.10000 -5.35000"
2679,0.0000,Tx-Rx,0,-59.7736,"-7.30900 0.90000 -2.93800, -1.55000 0.10000 -5.35000"
2680,0.0000,Tx-Rx,0,-59.4833,"-7.30900 0.90000 -2.93800, -1.85000 0.10000 -5.35000"
2681,0.0000,Tx-Rx,0,-59.5967,"-7.30900 0.90000 -2.93800, -2.15000 0.10000 -5.35000"
2682,0.0000,Tx-Rx,0,-67.2901,"-7.30900 0.90000 -2.93800, -2.45000 0.10000 -5.35000"
2683,0.0000,Tx-Rx,0,-73.0648,"-7.30900 0.90000 -2.93800, -2.75000 0.10000 -5.35000"
2684,0.0000,Tx-Rx,0,-75.3360,"-7.30900 0.90000 -2.93800, -3.05000 0.10000 -5.35000"
2685,0.0000,Tx-Rx,0,-76.5294,"-7.30900 0.90000 -2.93800, -3.35000 0.10000 -5.35000"
2686,0.0000,Tx-Rx,0,-79.1517,"-7.30900 0.90000 -2.93800, -3.65000 0.10000 -5.35000"
2687,0.0000,Tx-Rx,0,-80.0882,"-7.30900 0.90000 -2.93800, -3.95000 0.10000 -5.35000"
2688,0.0000,Tx-Rx,0,-80.5103,"-7.30900 0.90000 -2.93800, -4.25000 0.10000 -5.35000"
2689,0.0000,Tx-Rx,0,-80.5704,"-7.30900 0.90000 -2.93800, -4.55000 0.10000 -5.35000"
2690,0.0000,Tx-Rx,0,-80.3651,"-7.30900 0.90000 -2.93800, -4.85000 0.10000 -5.35000"
2691,0.0000,Tx-Rx,0,-80.2321,"-7.30900 0.90000 -2.93800, -5.15000 0.10000 -5.35000"
2692,0.0000,Tx-Rx,0,-78.9948,"-7.30900 0.90000 -2.93800, -5.45000 0.10000 -5.35000"
2693,0.0000,Tx-Rx,0,-73.0360,"-7.30900 0.90000 -2.93800, -5.75000 0.10000 -5.35000"
2694,0.0000,Tx-Rx,0,-70.9344,"-7.30900 0.90000 -2.93800, -6.05000 0.10000 -5.35000"
2695,0.0000,Tx-Rx,0,-71.3757,"-7.30900 0.90000 -2.93800, -6.35000 0.10000 -5.35000"
2696,0.0000,Tx-Rx,0,-71.0718,"-7.30900 0.90000 -2.93800, -6.65000 0.10000 -5.35000"
2697,0.0000,Tx-Rx,0,-70.8197,"-7.30900 0.90000 -2.93800, -6.95000 0.10000 -5.35000"
2698,0.0000,Tx-Rx,0,-70.3943,"-7.30900 0.90000 -2.93800, -7.25000 0.10000 -5.35000"
2699,0.0000,Tx-Rx,0,-71.9361,"-7.30900 0.90000 -2.93800, -7.55000 0.10000 -5.35000"
2700,0.0000,Tx-Rx,0,-81.2768,"-7.30900 0.90000 -2.93800, -7.85000 0.10000 -5.35000"
2701,0.0000,Tx-Rx,0,-120.0000,"-7.30900 0.90000 -2.93800, 9.85000 0.10000 -5.65000"
2702,0.0000,Tx-Rx,0,-103.5085,"-7.30900 0.90000 -2.93800, 9.55000 0.10000 -5.65000"
2703,0.0000,Tx-Rx,0,-103.7599,"-7.30900 0.90000 -2.93800, 9.25000 0.10000 -5.65000"
2704,0.0000,Tx-Rx,0,-103.8135,"-7.30900 0.90000 -2.93800, 8.95000 0.10000 -5.65000"
2705,0.0000,Tx-Rx,0,-120.0000,"-7.30900 0.90000 -2.93800, 8.65000 0.10000 -5.65000"
2706,0.0000,Tx-Rx,0,-102.8132,"-7.30900 0.90000 -2.93800, 8.35000 0.10000 -5.65000"
2707,0.0000,Tx-Rx,0,-81.6445,"-7.30900 0.90000 -2.93800, 8.05000 0.10000 -5.65000"
2708,0.0000,Tx-Rx,0,-72.8452,"-7.30900 0.90000 -2.93800, 7.75000 0.10000 -5.65000"
2709,0.0000,Tx-Rx,0,-64.8519,"-7.30900 0.90000 -2.93800, 7.45000 0.10000 -5.65000"
2710,0.0000,Tx-Rx,0,-61.2567,"-7.30900 0.90000 -2.93800, 7.15000 0.10000 -5.65000"
2711,0.0000,Tx-Rx,0,-59.8419,"-7.30900 0.90000 -2.93800, 6.85000 0.10000 -5.65000"
2712,0.0000,Tx-Rx,0,-59.5192,"-7.30900 0.90000 -2.93800, 6.55000 0.10000 -5.65000"
2713,0.0000,Tx-Rx,0,-64.9167,"-7.30900 0.90000 -2.93800, 6.25000 0.10000 -5.65000"
2714,0.0000,Tx-Rx,0,-70.0788,"-7.30900 0.90000 -2.93800, 5.95000 0.10000 -5.65000"
2715,0.0000,Tx-Rx,0,-67.3938,"-7.30900 0.90000 -2.93800, 5.65000 0.10000 -5.65000"
2716,0.0000,Tx-Rx,0,-65.8573,"-7.30900 0.90000 -2.93800, 5.35000 0.10000 -5.65000"
2717,0.0000,Tx-Rx,0,-66.3005,"-7.30900 0.90000 -2.93800, 5.05000 0.10000 -5.65000"
2718,0.0000,Tx-Rx,0,-67.4701,"-7.30900 0.90000 -2.93800, 4.75000 0.10000 -5.65000"
2719,0.0000,Tx-Rx,0,-66.4568,"-7.30900 0.90000 -2.93800, 4.45000 0.10000 -5.65000"
2720,0.0000,Tx-Rx,0,-63.9336,"-7.30900 0.90000 -2.93800, 4.15000 0.10000 -5.65000"
2721,0.0000,Tx-Rx,0,-64.0398,"-7.30900 0.90000 -2.93800, 3.85000 0.10000 -5.65000"
2722,0.0000,Tx-Rx,0,-64.1134,"-7.30900 0.90000 -2.93800, 3.55000 0.10000 -5.65000"
2723,0.0000,Tx-Rx,0,-64.2929,"-7.30900 0.90000 -2.93800, 3.25000 0.10000 -5.65000"
2724,0.0000,Tx-Rx,0,-64.6997,"-7.30900 0.90000 -2.93800, 2.95000 0.10000 -5.65000"
2725,0.0000,Tx-Rx,0,-64.6813,"-7.30900 0.90000 -2.93800, 2.65000 0.10000 -5.65000"
2726,0.0000,Tx-Rx,0,-64.7648,"-7.30900 0.90000 -2.93800, 2.35000 0.10000 -5.65000"
2727,0.0000,Tx-Rx,0,-65.0838,"-7.30900 0.90000 -2.93800, 2.05000 0.10000 -5.65000"
2728,0.0000,Tx-Rx,0,-65.2792,"-7.30900 0.90000 -2.93800, 1.75000 0.10000 -5.65000"
2729,0.0000,Tx-Rx,0,-65.2685,"-7.30900 0.90000 -2.93800, 1.45000 0.10000 -5.65000"
2730,0.0000,Tx-Rx,0,-72.1958,"-7.30900 0.90000 -2.93800, 1.15000 0.10000 -5.65000"
2731,0.0000,Tx-Rx,0,-75.9545,"-7.30900 0.90000 -2.93800, 0.85000 0.10000 -5.65000"
2732,0.0000,Tx-Rx,0,-75.3131,"-7.30900 0.90000 -2.93800, 0.55000 0.10000 -5.65000"
2733,0.0000,Tx-Rx,0,-75.8235,"-7.30900 0.90000 -2.93800, 0.25000 0.10000 -5.65000"
2734,0.0000,Tx-Rx,0,-70.7395,"-7.30900 0.90000 -2.93800, -0.05000 0.10000 -5.65000"
2735,0.0000,Tx-Rx,0,-69.0899,"-7.30900 0.90000 -2.93800, -0.35000 0.10000 -5.65000"
2736,0.0000,Tx-Rx,0,-70.5345,"-7.30900 0.90000 -2.93800, -0.65000 0.10000 -5.65000"
2737,0.0000,Tx-Rx,0,-67.8832,"-7.30900 0.90000 -2.93800, -0.95000 0.10000 -5.65000"
2738,0.0000,Tx-Rx,0,-61.2248,"-7.30900 0.90000 -2.93800, -1.25000 0.10000 -5.65000"
2739,0.0000,Tx-Rx,0,-59.7905,"-7.30900 0.90000 -2.93800, -1.55000 0.10000 -5.65000"
2740,0.0000,Tx-Rx,0,-59.4062,"-7.30900 0.90000 -2.93800, -1.85000 0.10000 -5.65000"
2741,0.0000,Tx-Rx,0,-62.4921,"-7.30900 0.90000 -2.93800, -2.15000 0.10000 -5.65000"
2742,0.0000,Tx-Rx,0,-69.5142,"-7.30900 0.90000 -2.93800, -2.45000 0.10000 -5.65000"
2743,0.0000,Tx-Rx,0,-75.4500,"-7.30900 0.90000 -2.93800, -2.75000 0.10000 -5.65000"
2744,0.0000,Tx-Rx,0,-76.7348,"-7.30900 0.90000 -2.93800, -3.05000 0.10000 -5.65000"
2745,0.0000,Tx-Rx,0,-75.2331,"-7.30900 0.90000 -2.93800, -3.35000 0.10000 -5.65000"
2746,0.0000,Tx-Rx,0,-78.8050,"-7.30900 0.90000 -2.93800, -3.65000 0.10000 -5.65000"
2747,0.0000,Tx-Rx,0,-82.1243,"-7.30900 0.90000 -2.93800, -3.95000 0.10000 -5.65000"
2748,0.0000,Tx-Rx,0,-82.0124,"-7.30900 0.90000 -2.93800, -4.25000 0.10000 -5.65000"
2749,0.0000,Tx-Rx,0,-81.1668,"-7.30900 0.90000 -2.93800, -4.55000 0.10000 -5.65000"
2750,0.0000,Tx-Rx,0,-80.5476,"-7.30900 0.90000 -2.93800, -4.85000 0.10000 -5.65000"
2751,0.0000,Tx-Rx,0,-78.8878,"-7.30900 0.90000 -2.93800, -5.15000 0.10000 -5.65000"
2752,0.0000,Tx-Rx,0,-74.9453,"-7.30900 0.90000 -2.93800, -5.45000 0.10000 -5.65000"
2753,0.0000,Tx-Rx,0,-72.3162,"-7.30900 0.90000 -2.93800, -5.75000 0.10000 -5.65000"
2754,0.0000,Tx-Rx,0,-71.4348,"-7.30900 0.90000 -2.93800, -6.05000 0.10000 -5.65000"
2755,0.0000,Tx-Rx,0,-71.5946,"-7.30900 0.90000 -2.93800, -6.35000 0.10000 -5.65000"
2756,0.0000,Tx-Rx,0,-71.4609,"-7.30900 0.90000 -2.93800, -6.65000 0.10000 -5.65000"
2757,0.0000,Tx-Rx,0,-71.5497,"-7.30900 0.90000 -2.93800, -6.95000 0.10000 -5.65000"
2758,0.0000,Tx-Rx,0,-70.7360,"-7.30900 0.90000 -2.93800, -7.25000 0.10000 -5.65000"
2759,0.0000,Tx-Rx,0,-72.1766,"-7.30900 0.90000 -2.93800, -7.55000 0.10000 -5.65000"
2760,0.0000,Tx-Rx,0,-85.5121,"-7.30900 0.90000 -2.93800, -7.85000 0.10000 -5.65000"
2761,0.0000,Tx-Rx,0,-115.9503,"-7.30900 0.90000 -2.93800, 9.85000 0.10000 -5.95000"
2762,0.0000,Tx-Rx,0,-120.0000,"-7.30900 0.90000 -2.93800, 9.55000 0.10000 -5.95000"
2763,0.0000,Tx-Rx,0,-120.0000,"-7.30900 0.90000 -2.93800, 9.25000 0.10000 -5.95000"
2764,0.0000,Tx-Rx,0,-120.0000,"-7.30900 0.90000 -2.93800, 8.95000 0.10000 -5.95000"
2765,0.0000,Tx-Rx,0,-120.0000,"-7.30900 0.90000 -2.93800, 8.65000 0.10000 -5.95000"
2766,0.0000,Tx-Rx,0,-89.5222,"-7.30900 0.90000 -2.93800, 8.35000 0.10000 -5.95000"
2767,0.0000,Tx-Rx,0,-63.5938,"-7.30900 0.90000 -2.93800, 8.05000 0.10000 -5.95000"
2768,0.0000,Tx-Rx,0,-59.6212,"-7.30900 0.90000 -2.93800, 7.75000 0.10000 -5.95000"
2769,0.0000,Tx-Rx,0,-60.6842,"-7.30900 0.90000 -2.93800, 7.45000 0.10000 -5.95000"
2770,0.0000,Tx-Rx,0,-65.1873,"-7.30900 0.90000 -2.93800, 7.15000 0.10000 -5.95000"
2771,0.0000,Tx-Rx,0,-67.4578,"-7.30900 0.90000 -2.93800, 6.85000 0.10000 -5.95000"
2772,0.0000,Tx-Rx,0,-72.7271,"-7.30900 0.90000 -2.93800, 6.55000 0.10000 -5.95000"
2773,0.0000,Tx-Rx,0,-71.2899,"-7.30900 0.90000 -2.93800, 6.25000 0.10000 -5.95000"
2774,0.0000,Tx-Rx,0,-68.8104,"-7.30900 0.90000 -2.93800, 5.95000 0.10000 -5.95000"
2775,0.0000,Tx-Rx,0,-70.4317,"-7.30900 0.90000 -2.93800, 5.65000 0.10000 -5.95000"
2776,0.0000,Tx-Rx,0,-69.2512,"-7.30900 0.90000 -2.93800, 5.35000 0.10000 -5.95000"
2777,0.0000,Tx-Rx,0,-71.3761,"-7.30900 0.90000 -2.93800, 5.05000 0.10000 -5.95000"
2778,0.0000,Tx-Rx,0,-68.5046,"-7.30900 0.90000 -2.93800, 4.75000 0.10000 -5.95000"
2779,0.0000,Tx-Rx,0,-64.5301,"-7.30900 0.90000 -2.93800, 4.45000 0.10000 -5.95000"
2780,0.0000,Tx-Rx,0,-64.4267,"-7.30900 0.90000 -2.93800, 4.15000 0.10000 -5.95000"
2781,0.0000,Tx-Rx,0,-64.2536,"-7.30900 0.90000 -2.93800, 3.85000 0.10000 -5.95000"
2782,0.0000,Tx-Rx,0,-64.3697,"-7.30900 0.90000 -2.93800, 3.55000 0.10000 -5.95000"
2783,0.0000,Tx-Rx,0,-65.1321,"-7.30900 0.90000 -2.93800, 3.25000 0.10000 -5.95000"
2784,0.0000,Tx-Rx,0,-64.3805,"-7.30900 0.90000 -2.93800, 2.95000 0.10000 -5.95000"
2785,0.0000,Tx-Rx,0,-65.0277,"-7.30900 0.90000 -2.93800, 2.65000 0.10000 -5.95000"
2786,0.0000,Tx-Rx,0,-65.3113,"-7.30900 0.90000 -2.93800, 2.35000 0.10000 -5.95000"
2787,0.0000,Tx-Rx,0,-65.1977,"-7.30900 0.90000 -2.93800, 2.05000 0.10000 -5.95000"
2788,0.0000,Tx-Rx,0,-64.9969,"-7.30900 0.90000 -2.93800, 1.75000 0.10000 -5.95000"
2789,0.0000,Tx-Rx,0,-68.3823,"-7.30900 0.90000 -2.93800, 1.45000 0.10000 -5.95000"
2790,0.0000,Tx-Rx,0,-73.3785,"-7.30900 0.90000 -2.93800, 1.15000 0.10000 -5.95000"
2791,0.0000,Tx-Rx,0,-74.5168,"-7.30900 0.90000 -2.93800, 0.85000 0.10000 -5.95000"
2792,0.0000,Tx-Rx,0,-74.6534,"-7.30900 0.90000 -2.93800, 0.55000 0.10000 -5.95000"
2793,0.0000,Tx-Rx,0,-81.8191,"-7.30900 0.90000 -2.93800, 0.25000 0.10000 -5.95000"
2794,0.0000,Tx-Rx,0,-72.7382,"-7.30900 0.90000 -2.93800, -0.05000 0.10000 -5.95000"
2795,0.0000,Tx-Rx,0,-69.9054,"-7.30900 0.90000 -2.93800, -0.35000 0.10000 -5.95000"
2796,0.0000,Tx-Rx,0,-69.1092,"-7.30900 0.90000 -2.93800, -0.65000 0.10000 -5.95000"
2797,0.0000,Tx-Rx,0,-65.1273,"-7.30900 0.90000 -2.93800, -0.95000 0.10000 -5.95000"
2798,0.0000,Tx-Rx,0,-60.7582,"-7.30900 0.90000 -2.93800, -1.25000 0.10000 -5.95000"
2799,0.0000,Tx-Rx,0,-59.7794,"-7.30900 0.90000 -2.93800, -1.55000 0.10000 -5.95000"
2800,0.0000,Tx-Rx,0,-60.1695,"-7.30900 0.90000 -2.93800, -1.85000 0.10000 -5.95000"
2801,0.0000,Tx-Rx,0,-65.9368,"-7.30900 0.90000 -2.93800, -2.15000 0.10000 -5.95000"
2802,0.0000,Tx-Rx,0,-70.6370,"-7.30900 0.90000 -2.93800, -2.45000 0.10000 -5.95000"
2803,0.0000,Tx-Rx,0,-74.2679,"-7.30900 0.90000 -2.93800, -2.75000 0.10000 -5.95000"
2804,0.0000,Tx-Rx,0,-74.4303,"-7.30900 0.90000 -2.93800, -3.05000 0.10000 -5.95000"
2805,0.0000,Tx-Rx,0,-76.1467,"-7.30900 0.90000 -2.93800, -3.35000 0.10000 -5.95000"
2806,0.0000,Tx-Rx,0,-77.6738,"-7.30900 0.90000 -2.93800, -3.65000 0.10000 -5.95000"
2807,0.0000,Tx-Rx,0,-78.6757,"-7.30900 0.90000 -2.93800, -3.95000 0.10000 -5.95000"
2808,0.0000,Tx-Rx,0,-79.0149,"-7.30900 0.90000 -2.93800, -4.25000 0.10000 -5.95000"
2809,0.0000,Tx-Rx,0,-80.0171,"-7.30900 0.90000 -2.93800, -4.55000 0.10000 -5.95000"
2810,0.0000,Tx-Rx,0,-82.9189,"-7.30900 0.90000 -2.93800, -4.85000 0.10000 -5.95000"
2811,0.0000,Tx-Rx,0,-77.8549,"-7.30900 0.90000 -2.93800, -5.15000 0.10000 -5.95000"
2812,0.0000,Tx-Rx,0,-74.0558,"-7.30900 0.90000 -2.93800, -5.45000 0.10000 -5.95000"
2813,0.0000,Tx-Rx,0,-73.1722,"-7.30900 0.90000 -2.93800, -5.75000 0.10000 -5.95000"
2814,0.0000,Tx-Rx,0,-72.9713,"-7.30900 0.90000 -2.93800, -6.05000 0.10000 -5.95000"
2815,0.0000,Tx-Rx,0,-72.4678,"-7.30900 0.90000 -2.93800, -6.35000 0.10000 -5.95000"
2816,0.0000,Tx-Rx,0,-72.7242,"-7.30900 0.90000 -2.93800, -6.65000 0.10000 -5.95000"
2817,0.0000,Tx-Rx,0,-72.9947,"-7.30900 0.90000 -2.93800, -6.95000 0.10000 -5.95000"
2818,0.0000,Tx-Rx,0,-71.7534,"-7.30900 0.90000 -2.93800, -7.25000 0.10000 -5.95000"
2819,0.0000,Tx-Rx,0,-73.1714,"-7.30900 0.90000 -2.93800, -7.55000 0.10000 -5.95000"
2820,0.0000,Tx-Rx,0,-86.7479,"-7.30900 0.90000 -2.93800, -7.85000 0.10000 -5.95000"
2821,0.0000,Tx-Rx,0,-112.7001,"-7.30900 0.90000 -2.93800, 9.85000 0.10000 -6.25000"
2822,0.0000,Tx-Rx,0,-89.2328,"-7.30900 0.90000 -2.93800, 9.55000 0.10000 -6.25000"
2823,0.0000,Tx-Rx,0,-86.0167,"-7.30900 0.90000 -2.93800, 9.25000 0.10000 -6.25000"
2824,0.0000,Tx-Rx,0,-102.2481,"-7.30900 0.90000 -2.93800, 8.95000 0.10000 -6.25000"
2825,0.0000,Tx-Rx,0,-88.8346,"-7.30900 0.90000 -2.93800, 8.65000 0.10000 -6.25000"
2826,0.0000,Tx-Rx,0,-88.8516,"-7.30900 0.90000 -2.93800, 8.35000 0.10000 -6.25000"
2827,0.0000,Tx-Rx,0,-72.5818,"-7.30900 0.90000 -2.93800, 8.05000 0.10000 -6.25000"
2828,0.0000,Tx-Rx,0,-69.7729,"-7.30900 0.90000 -2.93800, 7.75000 0.10000 -6.25000"
2829,0.0000,Tx-Rx,0,-68.2440,"-7.30900 0.90000 -2.93800, 7.45000 0.10000 -6.25000"
2830,0.0000,Tx-Rx,0,-66.4757,"-7.30900 0.90000 -2.93800, 7.15000 0.10000 -6.25000"
2831,0.0000,Tx-Rx,0,-67.0062,"-7.30900 0.90000 -2.93800, 6.85000 0.10000 -6.25000"
2832,0.0000,Tx-Rx,0,-71.6617,"-7.30900 0.90000 -2.93800, 6.55000 0.10000 -6.25000"
2833,0.0000,Tx-Rx,0,-73.3449,"-7.30900 0.90000 -2.93800, 6.25000 0.10000 -6.25000"
2834,0.0000,Tx-Rx,0,-71.1447,"-7.30900 0.90000 -2.93800, 5.95000 0.10000 -6.25000"
2835,0.0000,Tx-Rx,0,-71.4490,"-7.30900 0.90000 -2.93800, 5.65000 0.10000 -6.25000"
2836,0.0000,Tx-Rx,0,-70.6105,"-7.30900 0.90000 -2.93800, 5.35000 0.10000 -6.25000"
2837,0.0000,Tx-Rx,0,-68.7925,"-7.30900 0.90000 -2.93800, 5.05000 0.10000 -6.25000"
2838,0.0000,Tx-Rx,0,-64.9072,"-7.30900 0.90000 -2.93800, 4.75000 0.10000 -6.25000"
2839,0.0000,Tx-Rx,0,-64.6530,"-7.30900 0.90000 -2.93800, 4.45000 0.10000 -6.25000"
2840,0.0000,Tx-Rx,0,-64.5232,"-7.30900 0.90000 -2.93800, 4.15000 0.10000 -6.25000"
2841,0.0000,Tx-Rx,0,-64.6433,"-7.30900 0.90000 -2.93800, 3.85000 0.10000 -6.25000"
2842,0.0000,Tx-Rx,0,-65.2787,"-7.30900 0.90000 -2.93800, 3.55000 0.10000 -6.25000"
2843,0.0000,Tx-Rx,0,-64.5833,"-7.30900 0.90000 -2.93800, 3.25000 0.10000 -6.25000"
2844,0.0000,Tx-Rx,0,-64.7315,"-7.30900 0.90000 -2.93800, 2.95000 0.10000 -6.25000"
2845,0.0000,Tx-Rx,0,-65.0106,"-7.30900 0.90000 -2.93800, 2.65000 0.10000 -6.25000"
2846,0.0000,Tx-Rx,0,-65.1845,"-7.30900 0.90000 -2.93800, 2.35000 0.10000 -6.25000"
2847,0.0000,Tx-Rx,0,-65.0475,"-7.30900 0.90000 -2.93800, 2.05000 0.10000 -6.25000"
2848,0.0000,Tx-Rx,0,-66.3382,"-7.30900 0.90000 -2.93800, 1.75000 0.10000 -6.25000"
2849,0.0000,Tx-Rx,0,-76.7516,"-7.30900 0.90000 -2.93800, 1.45000 0.10000 -6.25000"
2850,0.0000,Tx-Rx,0,-78.2536,"-7.30900 0.90000 -2.93800, 1.15000 0.10000 -6.25000"
2851,0.0000,Tx-Rx,0,-78.3288,"-7.30900 0.90000 -2.93800, 0.85000 0.10000 -6.25000"
2852,0.0000,Tx-Rx,0,-81.0101,"-7.30900 0.90000 -2.93800, 0.55000 0.10000 -6.25000"
2853,0.0000,Tx-Rx,0,-79.1627,"-7.30900 0.90000 -2.93800, 0.25000 0.10000 -6.25000"
2854,0.0000,Tx-Rx,0,-73.6641,"-7.30900 0.90000 -2.93800, -0.05000 0.10000 -6.25000"
2855,0.0000,Tx-Rx,0,-70.6475,"-7.30900 0.90000 -2.93800, -0.35000 0.10000 -6.25000"
2856,0.0000,Tx-Rx,0,-66.0575,"-7.30900 0.90000 -2.93800, -0.65000 0.10000 -6.25000"
2857,0.0000,Tx-Rx,0,-63.9139,"-7.30900 0.90000 -2.93800, -0.95000 0.10000 -6.25000"
2858,0.0000,Tx-Rx,0,-60.4945,"-7.30900 0.90000 -2.93800, -1.25000 0.10000 -6.25000"
2859,0.0000,Tx-Rx,0,-59.8063,"-7.30900 0.90000 -2.93800, -1.55000 0.10000 -6.25000"
2860,0.0000,Tx-Rx,0,-63.2332,"-7.30900 0.90000 -2.93800, -1.85000 0.10000 -6.25000"
2861,0.0000,Tx-Rx,0,-70.1289,"-7.30900 0.90000 -2.93800, -2.15000 0.10000 -6.25000"
2862,0.0000,Tx-Rx,0,-74.1994,"-7.30900 0.90000 -2.93800, -2.45000 0.10000 -6.25000"
2863,0.0000,Tx-Rx,0,-80.3887,"-7.30900 0.90000 -2.93800, -2.75000 0.10000 -6.25000"
2864,0.0000,Tx-Rx,0,-81.8155,"-7.30900 0.90000 -2.93800, -3.05000 0.10000 -6.25000"
2865,0.0000,Tx-Rx,0,-77.8606,"-7.30900 0.90000 -2.93800, -3.35000 0.10000 -6.25000"
2866,0.0000,Tx-Rx,0,-76.7110,"-7.30900 0.90000 -2.93800, -3.65000 0.10000 -6.25000"
2867,0.0000,Tx-Rx,0,-76.5705,"-7.30900 0.90000 -2.93800, -3.95000 0.10000 -6.25000"
2868,0.0000,Tx-Rx,0,-79.1498,"-7.30900 0.90000 -2.93800, -4.25000 0.10000 -6.25000"
2869,0.0000,Tx-Rx,0,-77.7177,"-7.30900 0.90000 -2.93800, -4.55000 0.10000 -6.25000"
2870,0.0000,Tx-Rx,0,-77.6851,"-7.30900 0.90000 -2.93800, -4.85000 0.10000 -6.25000"
2871,0.0000,Tx-Rx,0,-74.9336,"-7.30900 0.90000 -2.93800, -5.15000 0.10000 -6.25000"
2872,0.0000,Tx-Rx,0,-73.6388,"-7.30900 0.90000 -2.93800, -5.45000 0.10000 -6.25000"
2873,0.0000,Tx-Rx,0,-76.3587,"-7.30900 0.90000 -2.93800, -5.75000 0.10000 -6.25000"
2874,0.0000,Tx-Rx,0,-76.7212,"-7.30900 0.90000 -2.93800, -6.05000 0.10000 -6.25000"
2875,0.0000,Tx-Rx,0,-73.8820,"-7.30900 0.90000 -2.93800, -6.35000 0.10000 -6.25000"
2876,0.0000,Tx-Rx,0,-73.2579,"-7.30900 0.90000 -2.93800, -6.65000 0.10000 -6.25000"
2877,0.0000,Tx-Rx,0,-73.5763,"-7.30900 0.90000 -2.93800, -6.95000 0.10000 -6.25000"
2878,0.0000,Tx-Rx,0,-73.6805,"-7.30900 0.90000 -2.93800, -7.25000 0.10000 -6.25000"
2879,0.0000,Tx-Rx,0,-83.9655,"-7.30900 0.90000 -2.93800, -7.55000 0.10000 -6.25000"
2880,0.0000,Tx-Rx,0,-89.3323,"-7.30900 0.90000 -2.93800, -7.85000 0.10000 -6.25000"
2881,0.0000,Tx-Rx,0,-83.9541,"-7.30900 0.90000 -2.93800, 9.85000 0.10000 -6.55000"
2882,0.0000,Tx-Rx,0,-83.0660,"-7.30900 0.90000 -2.93800, 9.55000 0.10000 -6.55000"
2883,0.0000,Tx-Rx,0,-89.0307,"-7.30900 0.90000 -2.93800, 9.25000 0.10000 -6.55000"
2884,0.0000,Tx-Rx,0,-101.2211,"-7.30900 0.90000 -2.93800, 8.95000 0.10000 -6.55000"
2885,0.0000,Tx-Rx,0,-96.4629,"-7.30900 0.90000 -2.93800, 8.65000 0.10000 -6.55000"
2886,0.0000,Tx-Rx,0,-107.9521,"-7.30900 0.90000 -2.93800, 8.35000 0.10000 -6.55000"
2887,0.0000,Tx-Rx,0,-81.3271,"-7.30900 0.90000 -2.93800, 8.05000 0.10000 -6.55000"
2888,0.0000,Tx-Rx,0,-78.3861,"-7.30900 0.90000 -2.93800, 7.75000 0.10000 -6.55000"
2889,0.0000,Tx-Rx,0,-76.8118,"-7.30900 0.90000 -2.93800, 7.45000 0.10000 -6.55000"
2890,0.0000,Tx-Rx,0,-78.5532,"-7.30900 0.90000 -2.93800, 7.15000 0.10000 -6.55000"
2891,0.0000,Tx-Rx,0,-72.5951,"-7.30900 0.90000 -2.93800, 6.85000 0.10000 -6.55000"
2892,0.0000,Tx-Rx,0,-69.7403,"-7.30900 0.90000 -2.93800, 6.55000 0.10000 -6.55000"
2893,0.0000,Tx-Rx,0,-67.1225,"-7.30900 0.90000 -2.93800, 6.25000 0.10000 -6.55000"
2894,0.0000,Tx-Rx,0,-68.2378,"-7.30900 0.90000 -2.93800, 5.95000 0.10000 -6.55000"
2895,0.0000,Tx-Rx,0,-68.2997,"-7.30900 0.90000 -2.93800, 5.65000 0.10000 -6.55000"
2896,0.0000,Tx-Rx,0,-69.6363,"-7.30900 0.90000 -2.93800, 5.35000 0.10000 -6.55000"
2897,0.0000,Tx-Rx,0,-65.4628,"-7.30900 0.90000 -2.93800, 5.05000 0.10000 -6.55000"
2898,0.0000,Tx-Rx,0,-64.5957,"-7.30900 0.90000 -2.93800, 4.75000 0.10000 -6.55000"
2899,0.0000,Tx-Rx,0,-65.1486,"-7.30900 0.90000 -2.93800, 4.45000 0.10000 -6.55000"
2900,0.0000,Tx-Rx,0,-64.5997,"-7.30900 0.90000 -2.93800, 4.15000 0.10000 -6.55000"
2901,0.0000,Tx-Rx,0,-64.9984,"-7.30900 0.90000 -2.93800, 3.85000 0.10000 -6.55000"
2902,0.0000,Tx-Rx,0,-64.8936,"-7.30900 0.90000 -2.93800, 3.55000 0.10000 -6.55000"
2903,0.0000,Tx-Rx,0,-64.6071,"-7.30900 0.90000 -2.93800, 3.25000 0.10000 -6.55000"
2904,0.0000,Tx-Rx,0,-64.6582,"-7.30900 0.90000 -2.93800, 2.95000 0.10000 -6.55000"
2905,0.0000,Tx-Rx,0,-64.7376,"-7.30900 0.90000 -2.93800, 2.65000 0.10000 -6.55000"
2906,0.0000,Tx-Rx,0,-65.3667,"-7.30900 0.90000 -2.93800, 2.35000 0.10000 -6.55000"
2907,0.0000,Tx-Rx,0,-66.0331,"-7.30900 0.90000 -2.93800, 2.05000 0.10000 -6.55000"
2908,0.0000,Tx-Rx,0,-73.5211,"-7.30900 0.90000 -2.93800, 1.75000 0.10000 -6.55000"
2909,0.0000,Tx-Rx,0,-82.8293,"-7.30900 0.90000 -2.93800, 1.45000 0.10000 -6.55000"
2910,0.0000,Tx-Rx,0,-79.2716,"-7.30900 0.90000 -2.93800, 1.15000 0.10000 -6.55000"
2911,0.0000,Tx-Rx,0,-79.0588,"-7.30900 0.90000 -2.93800, 0.85000 0.10000 -6.55000"
2912,0.0000,Tx-Rx,0,-79.1786,"-7.30900 0.90000 -2.93800, 0.55000 0.10000 -6.55000"
2913,0.0000,Tx-Rx,0,-82.9044,"-7.30900 0.90000 -2.93800, 0.25000 0.10000 -6.55000"
2914,0.0000,Tx-Rx,0,-74.6239,"-7.30900 0.90000 -2.93800, -0.05000 0.10000 -6.55000"
2915,0.0000,Tx-Rx,0,-68.4871,"-7.30900 0.90000 -2.93800, -0.35000 0.10000 -6.55000"
2916,0.0000,Tx-Rx,0,-65.3090,"-7.30900 0.90000 -2.93800, -0.65000 0.10000 -6.55000"
2917,0.0000,Tx-Rx,0,-62.5286,"-7.30900 0.90000 -2.93800, -0.95000 0.10000 -6.55000"
2918,0.0000,Tx-Rx,0,-60.4709,"-7.30900 0.90000 -2.93800, -1.25000 0.10000 -6.55000"
2919,0.0000,Tx-Rx,0,-60.7223,"-7.30900 0.90000 -2.93800, -1.55000 0.10000 -6.55000"
2920,0.0000,Tx-Rx,0,-66.1616,"-7.30900 0.90000 -2.93800, -1.85000 0.10000 -6.55000"
2921,0.0000,Tx-Rx,0,-70.6485,"-7.30900 0.90000 -2.93800, -2.15000 0.10000 -6.55000"
2922,0.0000,Tx-Rx,0,-79.8350,"-7.30900 0.90000 -2.93800, -2.45000 0.10000 -6.55000"
2923,0.0000,Tx-Rx,0,-120.0000,"-7.30900 0.90000 -2.93800, -2.75000 0.10000 -6.55000"
2924,0.0000,Tx-Rx,0,-120.0000,"-7.30900 0.90000 -2.93800, -3.05000 0.10000 -6.55000"
2925,0.0000,Tx-Rx,0,-84.4172,"-7.30900 0.90000 -2.93800, -3.35000 0.10000 -6.55000"
2926,0.0000,Tx-Rx,0,-89.3137,"-7.30900 0.90000 -2.93800, -3.65000 0.10000 -6.55000"
2927,0.0000,Tx-Rx,0,-89.1379,"-7.30900 0.90000 -2.93800, -3.95000 0.10000 -6.55000"
2928,0.0000,Tx-Rx,0,-84.7869,"-7.30900 0.90000 -2.93800, -4.25000 0.10000 -6.55000"
2929,0.0000,Tx-Rx,0,-83.4041,"-7.30900 0.90000 -2.93800, -4.55000 0.10000 -6.55000"
2930,0.0000,Tx-Rx,0,-82.5511,"-7.30900 0.90000 -2.93800, -4.85000 0.10000 -6.55000"
2931,0.0000,Tx-Rx,0,-84.3624,"-7.30900 0.90000 -2.93800, -5.15000 0.10000 -6.55000"
2932,0.0000,Tx-Rx,0,-85.4466,"-7.30900 0.90000 -2.93800, -5.45000 0.10000 -6.55000"
2933,0.0000,Tx-Rx,0,-89.9545,"-7.30900 0.90000 -2.93800, -5.75000 0.10000 -6.55000"
2934,0.0000,Tx-Rx,0,-89.7574,"-7.30900 0.90000 -2.93800, -6.05000 0.10000 -6.55000"
2935,0.0000,Tx-Rx,0,-86.5592,"-7.30900 0.90000 -2.93800, -6.35000 0.10000 -6.55000"
2936,0.0000,Tx-Rx,0,-86.6258,"-7.30900 0.90000 -2.93800, -6.65000 0.10000 -6.55000"
2937,0.0000,Tx-Rx,0,-86.3157,"-7.30900 0.90000 -2.93800, -6.95000 0.10000 -6.55000"
2938,0.0000,Tx-Rx,0,-85.0926,"-7.30900 0.90000 -2.93800, -7.25000 0.10000 -6.55000"
2939,0.0000,Tx-Rx,0,-85.9415,"-7.30900 0.90000 -2.93800, -7.55000 0.10000 -6.55000"
2940,0.0000,Tx-Rx,0,-94.8314,"-7.30900 0.90000 -2.93800, -7.85000 0.10000 -6.55000"
2941,0.0000,Tx-Rx,0,-102.2333,"-7.30900 0.90000 -2.93800, 9.85000 0.10000 -6.85000"
2942,0.0000,Tx-Rx,0,-107.7287,"-7.30900 0.90000 -2.93800, 9.55000 0.10000 -6.85000"
2943,0.0000,Tx-Rx,0,-117.6376,"-7.30900 0.90000 -2.93800, 9.25000 0.10000 -6.85000"
2944,0.0000,Tx-Rx,0,-99.7854,"-7.30900 0.90000 -2.93800, 8.95000 0.10000 -6.85000"
2945,0.0000,Tx-Rx,0,-119.0235,"-7.30900 0.90000 -2.93800, 8.65000 0.10000 -6.85000"
2946,0.0000,Tx-Rx,0,-104.0055,"-7.30900 0.90000 -2.93800, 8.35000 0.10000 -6.85000"
2947,0.0000,Tx-Rx,0,-88.2711,"-7.30900 0.90000 -2.93800, 8.05000 0.10000 -6.85000"
2948,0.0000,Tx-Rx,0,-85.0415,"-7.30900 0.90000 -2.93800, 7.75000 0.10000 -6.85000"
2949,0.0000,Tx-Rx,0,-82.5766,"-7.30900 0.90000 -2.93800, 7.45000 0.10000 -6.85000"
2950,0.0000,Tx-Rx,0,-79.4256,"-7.30900 0.90000 -2.93800, 7.15000 0.10000 -6.85000"
2951,0.0000,Tx-Rx,0,-76.6082,"-7.30900 0.90000 -2.93800, 6.85000 0.10000 -6.85000"
2952,0.0000,Tx-Rx,0,-74.3934,"-7.30900 0.90000 -2.93800, 6.55000 0.10000 -6.85000"
2953,0.0000,Tx-Rx,0,-73.1942,"-7.30900 0.90000 -2.93800, 6.25000 0.10000 -6.85000"
2954,0.0000,Tx-Rx,0,-71.5938,"-7.30900 0.90000 -2.93800, 5.95000 0.10000 -6.85000"
2955,0.0000,Tx-Rx,0,-68.2451,"-7.30900 0.90000 -2.93800, 5.65000 0.10000 -6.85000"
2956,0.0000,Tx-Rx,0,-64.2284,"-7.30900 0.90000 -2.93800, 5.35000 0.10000 -6.85000"
2957,0.0000,Tx-Rx,0,-63.8470,"-7.30900 0.90000 -2.93800, 5.05000 0.10000 -6.85000"
2958,0.0000,Tx-Rx,0,-64.2807,"-7.30900 0.90000 -2.93800, 4.75000 0.10000 -6.85000"
2959,0.0000,Tx-Rx,0,-64.8008,"-7.30900 0.90000 -2.93800, 4.45000 0.10000 -6.85000"
2960,0.0000,Tx-Rx,0,-64.5738,"-7.30900 0.90000 -2.93800, 4.15000 0.10000 -6.85000"
2961,0.0000,Tx-Rx,0,-64.8247,"-7.30900 0.90000 -2.93800, 3.85000 0.10000 -6.85000"
2962,0.0000,Tx-Rx,0,-65.0199,"-7.30900 0.90000 -2.93800, 3.55000 0.10000 -6.85000"
2963,0.0000,Tx-Rx,0,-64.9986,"-7.30900 0.90000 -2.93800, 3.25000 0.10000 -6.85000"
2964,0.0000,Tx-Rx,0,-64.9284,"-7.30900 0.90000 -2.93800, 2.95000 0.10000 -6.85000"
2965,0.0000,Tx-Rx,0,-65.0538,"-7.30900 0.90000 -2.93800, 2.65000 0.10000 -6.85000"
2966,0.0000,Tx-Rx,0,-65.2213,"-7.30900 0.90000 -2.93800, 2.35000 0.10000 -6.85000"
2967,0.0000,Tx-Rx,0,-69.3489,"-7.30900 0.90000 -2.93800, 2.05000 0.10000 -6.85000"
2968,0.0000,Tx-Rx,0,-79.9568,"-7.30900 0.90000 -2.93800, 1.75000 0.10000 -6.85000"
2969,0.0000,Tx-Rx,0,-82.0341,"-7.30900 0.90000 -2.93800, 1.45000 0.10000 -6.85000"
2970,0.0000,Tx-Rx,0,-80.3218,"-7.30900 0.90000 -2.93800, 1.15000 0.10000 -6.85000"
2971,0.0000,Tx-Rx,0,-80.7055,"-7.30900 0.90000 -2.93800, 0.85000 0.10000 -6.85000"
2972,0.0000,Tx-Rx,0,-84.1054,"-7.30900 0.90000 -2.93800, 0.55000 0.10000 -6.85000"
2973,0.0000,Tx-Rx,0,-81.4400,"-7.30900 0.90000 -2.93800, 0.25000 0.10000 -6.85000"
2974,0.0000,Tx-Rx,0,-72.6144,"-7.30900 0.90000 -2.93800, -0.05000 0.10000 -6.85000"
2975,0.0000,Tx-Rx,0,-66.7981,"-7.30900 0.90000 -2.93800, -0.35000 0.10000 -6.85000"
2976,0.0000,Tx-Rx,0,-64.1548,"-7.30900 0.90000 -2.93800, -0.65000 0.10000 -6.85000"
2977,0.0000,Tx-Rx,0,-62.3697,"-7.30900 0.90000 -2.93800, -0.95000 0.10000 -6.85000"
2978,0.0000,Tx-Rx,0,-60.2951,"-7.30900 0.90000 -2.93800, -1.25000 0.10000 -6.85000"
2979,0.0000,Tx-Rx,0,-63.5205,"-7.30900 0.90000 -2.93800, -1.55000 0.10000 -6.85000"
2980,0.0000,Tx-Rx,0,-68.2006,"-7.30900 0.90000 -2.93800, -1.85000 0.10000 -6.85000"
2981,0.0000,Tx-Rx,0,-71.7683,"-7.30900 0.90000 -2.93800, -2.15000 0.10000 -6.85000"
2982,0.0000,Tx-Rx,0,-92.5726,"-7.30900 0.90000 -2.93800, -2.45000 0.10000 -6.85000"
2983,0.0000,Tx-Rx,0,-120.0000,"-7.30900 0.90000 -2.93800, -2.75000 0.10000 -6.85000"
2984,0.0000,Tx-Rx,0,-120.0000,"-7.30900 0.90000 -2.93800, -3.05000 0.10000 -6.85000"
2985,0.0000,Tx-Rx,0,-87.8516,"-7.30900 0.90000 -2.93800, -3.35000 0.10000 -6.85000"
2986,0.0000,Tx-Rx,0,-89.4887,"-7.30900 0.90000 -2.93800, -3.65000 0.10000 -6.85000"
2987,0.0000,Tx-Rx,0,-90.4579,"-7.30900 0.90000 -2.93800, -3.95000 0.10000 -6.85000"
2988,0.0000,Tx-Rx,0,-92.3540,"-7.30900 0.90000 -2.93800, -4.25000 0.10000 -6.85000"
2989,0.0000,Tx-Rx,0,-95.2806,"-7.30900 0.90000 -2.93800, -4.55000 0.10000 -6.85000"
2990,0.0000,Tx-Rx,0,-94.1398,"-7.30900 0.90000 -2.93800, -4.85000 0.10000 -6.85000"
2991,0.0000,Tx-Rx,0,-91.3032,"-7.30900 0.90000 -2.93800, -5.15000 0.10000 -6.85000"
2992,0.0000,Tx-Rx,0,-90.5816,"-7.30900 0.90000 -2.93800, -5.45000 0.10000 -6.85000"
2993,0.0000,Tx-Rx,0,-90.0231,"-7.30900 0.90000 -2.93800, -5.75000 0.10000 -6.85000"
2994,0.0000,Tx-Rx,0,-88.8611,"-7.30900 0.90000 -2.93800, -6.05000 0.10000 -6.85000"
2995,0.0000,Tx-Rx,0,-86.2882,"-7.30900 0.90000 -2.93800, -6.35000 0.10000 -6.85000"
2996,0.0000,Tx-Rx,0,-86.8095,"-7.30900 0.90000 -2.93800, -6.65000 0.10000 -6.85000"
2997,0.0000,Tx-Rx,0,-88.0774,"-7.30900 0.90000 -2.93800, -6.95000 0.10000 -6.85000"
2998,0.0000,Tx-Rx,0,-87.4597,"-7.30900 0.90000 -2.93800, -7.25000 0.10000 -6.85000"
2999,0.0000,Tx-Rx,0,-87.7095,"-7.30900 0.90000 -2.93800, -7.55000 0.10000 -6.85000"
3000,0.0000,Tx-Rx,0,-102.4957,"-7.30900 0.90000 -2.93800, -7.85000 0.10000 -6.85000"
