Rx_Number,Path_Power_dBm,Interaction_Description,Total_Interactions_for_Path,Interaction_Coordinates
1,-52.0943,Tx-D-T-R-T-Rx,6,"1 -6 1, -5.60166 -7.28516 0.999999, -5.49592 -7.59001 0.999999, -5.15072 -8.58518 0.999999, -5.54628 -9.72553 1, -5.58725 -9.84364 1"
1,-56.0155,Tx-D-T-R-T-R-Rx,7,"1 -6 1, -5.60166 -7.28516 0.999999, -5.48895 -7.59003 0.999999, -5.15072 -8.50487 0.999999, -5.60197 -9.72541 1, -5.61647 -9.76462 1, -5.58725 -9.84364 1"
