Rx_Number,Path_Power_dBm,Interaction_Description,Total_Interactions_for_Path,RSS_dBm,Interaction_Coordinates
1,0.0000,Tx-Rx,0,-74.5574,"-6.00000 -5.60000 0.90000, -9.85000 -7.85000 0.10000"
2,0.0000,Tx-Rx,0,-75.1159,"-6.00000 -5.60000 0.90000, -9.55000 -7.85000 0.10000"
3,0.0000,Tx-Rx,0,-74.1586,"-6.00000 -5.60000 0.90000, -9.25000 -7.85000 0.10000"
4,0.0000,Tx-Rx,0,-77.2218,"-6.00000 -5.60000 0.90000, -8.95000 -7.85000 0.10000"
5,0.0000,Tx-Rx,0,-82.4078,"-6.00000 -5.60000 0.90000, -8.65000 -7.85000 0.10000"
6,0.0000,Tx-Rx,0,-97.5010,"-6.00000 -5.60000 0.90000, -8.35000 -7.85000 0.10000"
7,0.0000,Tx-Rx,0,-61.2776,"-6.00000 -5.60000 0.90000, -8.05000 -7.85000 0.10000"
8,0.0000,Tx-Rx,0,-66.5749,"-6.00000 -5.60000 0.90000, -7.75000 -7.85000 0.10000"
9,0.0000,Tx-Rx,0,-64.9323,"-6.00000 -5.60000 0.90000, -7.45000 -7.85000 0.10000"
10,0.0000,Tx-Rx,0,-62.2947,"-6.00000 -5.60000 0.90000, -7.15000 -7.85000 0.10000"
11,0.0000,Tx-Rx,0,-63.9469,"-6.00000 -5.60000 0.90000, -6.85000 -7.85000 0.10000"
12,0.0000,Tx-Rx,0,-63.9224,"-6.00000 -5.60000 0.90000, -6.55000 -7.85000 0.10000"
13,0.0000,Tx-Rx,0,-61.9803,"-6.00000 -5.60000 0.90000, -6.25000 -7.85000 0.10000"
14,0.0000,Tx-Rx,0,-54.5928,"-6.00000 -5.60000 0.90000, -5.95000 -7.85000 0.10000"
15,0.0000,Tx-Rx,0,-46.0418,"-6.00000 -5.60000 0.90000, -5.65000 -7.85000 0.10000"
16,0.0000,Tx-Rx,0,-46.8793,"-6.00000 -5.60000 0.90000, -5.35000 -7.85000 0.10000"
17,0.0000,Tx-Rx,0,-49.4984,"-6.00000 -5.60000 0.90000, -5.05000 -7.85000 0.10000"
18,0.0000,Tx-Rx,0,-46.3135,"-6.00000 -5.60000 0.90000, -4.75000 -7.85000 0.10000"
19,0.0000,Tx-Rx,0,-46.4281,"-6.00000 -5.60000 0.90000, -4.45000 -7.85000 0.10000"
20,0.0000,Tx-Rx,0,-46.8892,"-6.00000 -5.60000 0.90000, -4.15000 -7.85000 0.10000"
21,0.0000,Tx-Rx,0,-47.2396,"-6.00000 -5.60000 0.90000, -3.85000 -7.85000 0.10000"
22,0.0000,Tx-Rx,0,-47.6575,"-6.00000 -5.60000 0.90000, -3.55000 -7.85000 0.10000"
23,0.0000,Tx-Rx,0,-48.1104,"-6.00000 -5.60000 0.90000, -3.25000 -7.85000 0.10000"
24,0.0000,Tx-Rx,0,-48.5587,"-6.00000 -5.60000 0.90000, -2.95000 -7.85000 0.10000"
25,0.0000,Tx-Rx,0,-49.0813,"-6.00000 -5.60000 0.90000, -2.65000 -7.85000 0.10000"
26,0.0000,Tx-Rx,0,-49.5335,"-6.00000 -5.60000 0.90000, -2.35000 -7.85000 0.10000"
27,0.0000,Tx-Rx,0,-49.8241,"-6.00000 -5.60000 0.90000, -2.05000 -7.85000 0.10000"
28,0.0000,Tx-Rx,0,-50.8974,"-6.00000 -5.60000 0.90000, -1.75000 -7.85000 0.10000"
29,0.0000,Tx-Rx,0,-52.7615,"-6.00000 -5.60000 0.90000, -1.45000 -7.85000 0.10000"
30,0.0000,Tx-Rx,0,-52.5005,"-6.00000 -5.60000 0.90000, -1.15000 -7.85000 0.10000"
31,0.0000,Tx-Rx,0,-52.7223,"-6.00000 -5.60000 0.90000, -0.85000 -7.85000 0.10000"
32,0.0000,Tx-Rx,0,-52.2867,"-6.00000 -5.60000 0.90000, -0.55000 -7.85000 0.10000"
33,0.0000,Tx-Rx,0,-49.1193,"-6.00000 -5.60000 0.90000, -0.25000 -7.85000 0.10000"
34,0.0000,Tx-Rx,0,-54.2010,"-6.00000 -5.60000 0.90000, 0.05000 -7.85000 0.10000"
35,0.0000,Tx-Rx,0,-76.3978,"-6.00000 -5.60000 0.90000, 0.35000 -7.85000 0.10000"
36,0.0000,Tx-Rx,0,-75.7643,"-6.00000 -5.60000 0.90000, 0.65000 -7.85000 0.10000"
37,0.0000,Tx-Rx,0,-75.2854,"-6.00000 -5.60000 0.90000, 0.95000 -7.85000 0.10000"
38,0.0000,Tx-Rx,0,-76.9046,"-6.00000 -5.60000 0.90000, 1.25000 -7.85000 0.10000"
39,0.0000,Tx-Rx,0,-76.2448,"-6.00000 -5.60000 0.90000, 1.55000 -7.85000 0.10000"
40,0.0000,Tx-Rx,0,-75.9874,"-6.00000 -5.60000 0.90000, 1.85000 -7.85000 0.10000"
41,0.0000,Tx-Rx,0,-75.8554,"-6.00000 -5.60000 0.90000, 2.15000 -7.85000 0.10000"
42,0.0000,Tx-Rx,0,-75.3472,"-6.00000 -5.60000 0.90000, 2.45000 -7.85000 0.10000"
43,0.0000,Tx-Rx,0,-83.4529,"-6.00000 -5.60000 0.90000, 2.75000 -7.85000 0.10000"
44,0.0000,Tx-Rx,0,-83.6524,"-6.00000 -5.60000 0.90000, 3.05000 -7.85000 0.10000"
45,0.0000,Tx-Rx,0,-85.2377,"-6.00000 -5.60000 0.90000, 3.35000 -7.85000 0.10000"
46,0.0000,Tx-Rx,0,-86.0551,"-6.00000 -5.60000 0.90000, 3.65000 -7.85000 0.10000"
47,0.0000,Tx-Rx,0,-82.5800,"-6.00000 -5.60000 0.90000, 3.95000 -7.85000 0.10000"
48,0.0000,Tx-Rx,0,-80.8755,"-6.00000 -5.60000 0.90000, 4.25000 -7.85000 0.10000"
49,0.0000,Tx-Rx,0,-87.6351,"-6.00000 -5.60000 0.90000, 4.55000 -7.85000 0.10000"
50,0.0000,Tx-Rx,0,-83.6850,"-6.00000 -5.60000 0.90000, 4.85000 -7.85000 0.10000"
51,0.0000,Tx-Rx,0,-82.6223,"-6.00000 -5.60000 0.90000, 5.15000 -7.85000 0.10000"
52,0.0000,Tx-Rx,0,-79.9810,"-6.00000 -5.60000 0.90000, 5.45000 -7.85000 0.10000"
53,0.0000,Tx-Rx,0,-78.1685,"-6.00000 -5.60000 0.90000, 5.75000 -7.85000 0.10000"
54,0.0000,Tx-Rx,0,-80.6240,"-6.00000 -5.60000 0.90000, 6.05000 -7.85000 0.10000"
55,0.0000,Tx-Rx,0,-77.7804,"-6.00000 -5.60000 0.90000, 6.35000 -7.85000 0.10000"
56,0.0000,Tx-Rx,0,-77.8994,"-6.00000 -5.60000 0.90000, 6.65000 -7.85000 0.10000"
57,0.0000,Tx-Rx,0,-79.1004,"-6.00000 -5.60000 0.90000, 6.95000 -7.85000 0.10000"
58,0.0000,Tx-Rx,0,-77.8944,"-6.00000 -5.60000 0.90000, 7.25000 -7.85000 0.10000"
59,0.0000,Tx-Rx,0,-79.4746,"-6.00000 -5.60000 0.90000, 7.55000 -7.85000 0.10000"
60,0.0000,Tx-Rx,0,-76.6487,"-6.00000 -5.60000 0.90000, 7.85000 -7.85000 0.10000"
61,0.0000,Tx-Rx,0,-74.4943,"-6.00000 -5.60000 0.90000, -9.85000 -7.55000 0.10000"
62,0.0000,Tx-Rx,0,-73.9816,"-6.00000 -5.60000 0.90000, -9.55000 -7.55000 0.10000"
63,0.0000,Tx-Rx,0,-74.3046,"-6.00000 -5.60000 0.90000, -9.25000 -7.55000 0.10000"
64,0.0000,Tx-Rx,0,-79.1475,"-6.00000 -5.60000 0.90000, -8.95000 -7.55000 0.10000"
65,0.0000,Tx-Rx,0,-77.7688,"-6.00000 -5.60000 0.90000, -8.65000 -7.55000 0.10000"
66,0.0000,Tx-Rx,0,-80.2761,"-6.00000 -5.60000 0.90000, -8.35000 -7.55000 0.10000"
67,0.0000,Tx-Rx,0,-60.3800,"-6.00000 -5.60000 0.90000, -8.05000 -7.55000 0.10000"
68,0.0000,Tx-Rx,0,-62.1863,"-6.00000 -5.60000 0.90000, -7.75000 -7.55000 0.10000"
69,0.0000,Tx-Rx,0,-63.1240,"-6.00000 -5.60000 0.90000, -7.45000 -7.55000 0.10000"
70,0.0000,Tx-Rx,0,-61.7220,"-6.00000 -5.60000 0.90000, -7.15000 -7.55000 0.10000"
71,0.0000,Tx-Rx,0,-61.4273,"-6.00000 -5.60000 0.90000, -6.85000 -7.55000 0.10000"
72,0.0000,Tx-Rx,0,-60.8248,"-6.00000 -5.60000 0.90000, -6.55000 -7.55000 0.10000"
73,0.0000,Tx-Rx,0,-56.3103,"-6.00000 -5.60000 0.90000, -6.25000 -7.55000 0.10000"
74,0.0000,Tx-Rx,0,-53.4685,"-6.00000 -5.60000 0.90000, -5.95000 -7.55000 0.10000"
75,0.0000,Tx-Rx,0,-45.0818,"-6.00000 -5.60000 0.90000, -5.65000 -7.55000 0.10000"
76,0.0000,Tx-Rx,0,-44.5994,"-6.00000 -5.60000 0.90000, -5.35000 -7.55000 0.10000"
77,0.0000,Tx-Rx,0,-45.1695,"-6.00000 -5.60000 0.90000, -5.05000 -7.55000 0.10000"
78,0.0000,Tx-Rx,0,-45.5377,"-6.00000 -5.60000 0.90000, -4.75000 -7.55000 0.10000"
79,0.0000,Tx-Rx,0,-45.7128,"-6.00000 -5.60000 0.90000, -4.45000 -7.55000 0.10000"
80,0.0000,Tx-Rx,0,-46.3308,"-6.00000 -5.60000 0.90000, -4.15000 -7.55000 0.10000"
81,0.0000,Tx-Rx,0,-46.9450,"-6.00000 -5.60000 0.90000, -3.85000 -7.55000 0.10000"
82,0.0000,Tx-Rx,0,-47.3708,"-6.00000 -5.60000 0.90000, -3.55000 -7.55000 0.10000"
83,0.0000,Tx-Rx,0,-47.9692,"-6.00000 -5.60000 0.90000, -3.25000 -7.55000 0.10000"
84,0.0000,Tx-Rx,0,-48.4098,"-6.00000 -5.60000 0.90000, -2.95000 -7.55000 0.10000"
85,0.0000,Tx-Rx,0,-48.8708,"-6.00000 -5.60000 0.90000, -2.65000 -7.55000 0.10000"
86,0.0000,Tx-Rx,0,-49.3219,"-6.00000 -5.60000 0.90000, -2.35000 -7.55000 0.10000"
87,0.0000,Tx-Rx,0,-49.7580,"-6.00000 -5.60000 0.90000, -2.05000 -7.55000 0.10000"
88,0.0000,Tx-Rx,0,-50.8153,"-6.00000 -5.60000 0.90000, -1.75000 -7.55000 0.10000"
89,0.0000,Tx-Rx,0,-52.0990,"-6.00000 -5.60000 0.90000, -1.45000 -7.55000 0.10000"
90,0.0000,Tx-Rx,0,-52.2099,"-6.00000 -5.60000 0.90000, -1.15000 -7.55000 0.10000"
91,0.0000,Tx-Rx,0,-52.3623,"-6.00000 -5.60000 0.90000, -0.85000 -7.55000 0.10000"
92,0.0000,Tx-Rx,0,-52.3929,"-6.00000 -5.60000 0.90000, -0.55000 -7.55000 0.10000"
93,0.0000,Tx-Rx,0,-49.2923,"-6.00000 -5.60000 0.90000, -0.25000 -7.55000 0.10000"
94,0.0000,Tx-Rx,0,-54.0455,"-6.00000 -5.60000 0.90000, 0.05000 -7.55000 0.10000"
95,0.0000,Tx-Rx,0,-75.7664,"-6.00000 -5.60000 0.90000, 0.35000 -7.55000 0.10000"
96,0.0000,Tx-Rx,0,-75.1122,"-6.00000 -5.60000 0.90000, 0.65000 -7.55000 0.10000"
97,0.0000,Tx-Rx,0,-74.9250,"-6.00000 -5.60000 0.90000, 0.95000 -7.55000 0.10000"
98,0.0000,Tx-Rx,0,-75.6058,"-6.00000 -5.60000 0.90000, 1.25000 -7.55000 0.10000"
99,0.0000,Tx-Rx,0,-75.6604,"-6.00000 -5.60000 0.90000, 1.55000 -7.55000 0.10000"
100,0.0000,Tx-Rx,0,-76.0140,"-6.00000 -5.60000 0.90000, 1.85000 -7.55000 0.10000"
101,0.0000,Tx-Rx,0,-75.8522,"-6.00000 -5.60000 0.90000, 2.15000 -7.55000 0.10000"
102,0.0000,Tx-Rx,0,-75.7331,"-6.00000 -5.60000 0.90000, 2.45000 -7.55000 0.10000"
103,0.0000,Tx-Rx,0,-84.0859,"-6.00000 -5.60000 0.90000, 2.75000 -7.55000 0.10000"
104,0.0000,Tx-Rx,0,-84.9112,"-6.00000 -5.60000 0.90000, 3.05000 -7.55000 0.10000"
105,0.0000,Tx-Rx,0,-85.2599,"-6.00000 -5.60000 0.90000, 3.35000 -7.55000 0.10000"
106,0.0000,Tx-Rx,0,-84.1678,"-6.00000 -5.60000 0.90000, 3.65000 -7.55000 0.10000"
107,0.0000,Tx-Rx,0,-78.9019,"-6.00000 -5.60000 0.90000, 3.95000 -7.55000 0.10000"
108,0.0000,Tx-Rx,0,-81.4128,"-6.00000 -5.60000 0.90000, 4.25000 -7.55000 0.10000"
109,0.0000,Tx-Rx,0,-85.9924,"-6.00000 -5.60000 0.90000, 4.55000 -7.55000 0.10000"
110,0.0000,Tx-Rx,0,-81.6886,"-6.00000 -5.60000 0.90000, 4.85000 -7.55000 0.10000"
111,0.0000,Tx-Rx,0,-80.6590,"-6.00000 -5.60000 0.90000, 5.15000 -7.55000 0.10000"
112,0.0000,Tx-Rx,0,-79.2002,"-6.00000 -5.60000 0.90000, 5.45000 -7.55000 0.10000"
113,0.0000,Tx-Rx,0,-73.8219,"-6.00000 -5.60000 0.90000, 5.75000 -7.55000 0.10000"
114,0.0000,Tx-Rx,0,-76.2192,"-6.00000 -5.60000 0.90000, 6.05000 -7.55000 0.10000"
115,0.0000,Tx-Rx,0,-76.9044,"-6.00000 -5.60000 0.90000, 6.35000 -7.55000 0.10000"
116,0.0000,Tx-Rx,0,-75.8380,"-6.00000 -5.60000 0.90000, 6.65000 -7.55000 0.10000"
117,0.0000,Tx-Rx,0,-75.7287,"-6.00000 -5.60000 0.90000, 6.95000 -7.55000 0.10000"
118,0.0000,Tx-Rx,0,-75.8786,"-6.00000 -5.60000 0.90000, 7.25000 -7.55000 0.10000"
119,0.0000,Tx-Rx,0,-74.9466,"-6.00000 -5.60000 0.90000, 7.55000 -7.55000 0.10000"
120,0.0000,Tx-Rx,0,-73.1636,"-6.00000 -5.60000 0.90000, 7.85000 -7.55000 0.10000"
121,0.0000,Tx-Rx,0,-74.0357,"-6.00000 -5.60000 0.90000, -9.85000 -7.25000 0.10000"
122,0.0000,Tx-Rx,0,-72.9648,"-6.00000 -5.60000 0.90000, -9.55000 -7.25000 0.10000"
123,0.0000,Tx-Rx,0,-73.2371,"-6.00000 -5.60000 0.90000, -9.25000 -7.25000 0.10000"
124,0.0000,Tx-Rx,0,-77.3636,"-6.00000 -5.60000 0.90000, -8.95000 -7.25000 0.10000"
125,0.0000,Tx-Rx,0,-76.1404,"-6.00000 -5.60000 0.90000, -8.65000 -7.25000 0.10000"
126,0.0000,Tx-Rx,0,-76.1934,"-6.00000 -5.60000 0.90000, -8.35000 -7.25000 0.10000"
127,0.0000,Tx-Rx,0,-52.0291,"-6.00000 -5.60000 0.90000, -8.05000 -7.25000 0.10000"
128,0.0000,Tx-Rx,0,-48.2572,"-6.00000 -5.60000 0.90000, -7.75000 -7.25000 0.10000"
129,0.0000,Tx-Rx,0,-53.3391,"-6.00000 -5.60000 0.90000, -7.45000 -7.25000 0.10000"
130,0.0000,Tx-Rx,0,-55.7873,"-6.00000 -5.60000 0.90000, -7.15000 -7.25000 0.10000"
131,0.0000,Tx-Rx,0,-55.4884,"-6.00000 -5.60000 0.90000, -6.85000 -7.25000 0.10000"
132,0.0000,Tx-Rx,0,-54.5427,"-6.00000 -5.60000 0.90000, -6.55000 -7.25000 0.10000"
133,0.0000,Tx-Rx,0,-48.9159,"-6.00000 -5.60000 0.90000, -6.25000 -7.25000 0.10000"
134,0.0000,Tx-Rx,0,-49.5983,"-6.00000 -5.60000 0.90000, -5.95000 -7.25000 0.10000"
135,0.0000,Tx-Rx,0,-42.7667,"-6.00000 -5.60000 0.90000, -5.65000 -7.25000 0.10000"
136,0.0000,Tx-Rx,0,-43.3306,"-6.00000 -5.60000 0.90000, -5.35000 -7.25000 0.10000"
137,0.0000,Tx-Rx,0,-43.9416,"-6.00000 -5.60000 0.90000, -5.05000 -7.25000 0.10000"
138,0.0000,Tx-Rx,0,-44.6005,"-6.00000 -5.60000 0.90000, -4.75000 -7.25000 0.10000"
139,0.0000,Tx-Rx,0,-45.0042,"-6.00000 -5.60000 0.90000, -4.45000 -7.25000 0.10000"
140,0.0000,Tx-Rx,0,-45.9903,"-6.00000 -5.60000 0.90000, -4.15000 -7.25000 0.10000"
141,0.0000,Tx-Rx,0,-46.6525,"-6.00000 -5.60000 0.90000, -3.85000 -7.25000 0.10000"
142,0.0000,Tx-Rx,0,-47.1713,"-6.00000 -5.60000 0.90000, -3.55000 -7.25000 0.10000"
143,0.0000,Tx-Rx,0,-47.7922,"-6.00000 -5.60000 0.90000, -3.25000 -7.25000 0.10000"
144,0.0000,Tx-Rx,0,-48.2948,"-6.00000 -5.60000 0.90000, -2.95000 -7.25000 0.10000"
145,0.0000,Tx-Rx,0,-48.7554,"-6.00000 -5.60000 0.90000, -2.65000 -7.25000 0.10000"
146,0.0000,Tx-Rx,0,-49.0071,"-6.00000 -5.60000 0.90000, -2.35000 -7.25000 0.10000"
147,0.0000,Tx-Rx,0,-49.5048,"-6.00000 -5.60000 0.90000, -2.05000 -7.25000 0.10000"
148,0.0000,Tx-Rx,0,-50.5044,"-6.00000 -5.60000 0.90000, -1.75000 -7.25000 0.10000"
149,0.0000,Tx-Rx,0,-52.0150,"-6.00000 -5.60000 0.90000, -1.45000 -7.25000 0.10000"
150,0.0000,Tx-Rx,0,-52.1377,"-6.00000 -5.60000 0.90000, -1.15000 -7.25000 0.10000"
151,0.0000,Tx-Rx,0,-52.3792,"-6.00000 -5.60000 0.90000, -0.85000 -7.25000 0.10000"
152,0.0000,Tx-Rx,0,-52.3002,"-6.00000 -5.60000 0.90000, -0.55000 -7.25000 0.10000"
153,0.0000,Tx-Rx,0,-49.0809,"-6.00000 -5.60000 0.90000, -0.25000 -7.25000 0.10000"
154,0.0000,Tx-Rx,0,-53.9142,"-6.00000 -5.60000 0.90000, 0.05000 -7.25000 0.10000"
155,0.0000,Tx-Rx,0,-74.5223,"-6.00000 -5.60000 0.90000, 0.35000 -7.25000 0.10000"
156,0.0000,Tx-Rx,0,-75.7989,"-6.00000 -5.60000 0.90000, 0.65000 -7.25000 0.10000"
157,0.0000,Tx-Rx,0,-75.3462,"-6.00000 -5.60000 0.90000, 0.95000 -7.25000 0.10000"
158,0.0000,Tx-Rx,0,-75.3216,"-6.00000 -5.60000 0.90000, 1.25000 -7.25000 0.10000"
159,0.0000,Tx-Rx,0,-75.8758,"-6.00000 -5.60000 0.90000, 1.55000 -7.25000 0.10000"
160,0.0000,Tx-Rx,0,-75.4381,"-6.00000 -5.60000 0.90000, 1.85000 -7.25000 0.10000"
161,0.0000,Tx-Rx,0,-75.7195,"-6.00000 -5.60000 0.90000, 2.15000 -7.25000 0.10000"
162,0.0000,Tx-Rx,0,-76.5497,"-6.00000 -5.60000 0.90000, 2.45000 -7.25000 0.10000"
163,0.0000,Tx-Rx,0,-83.4333,"-6.00000 -5.60000 0.90000, 2.75000 -7.25000 0.10000"
164,0.0000,Tx-Rx,0,-83.7630,"-6.00000 -5.60000 0.90000, 3.05000 -7.25000 0.10000"
165,0.0000,Tx-Rx,0,-84.4683,"-6.00000 -5.60000 0.90000, 3.35000 -7.25000 0.10000"
166,0.0000,Tx-Rx,0,-81.8463,"-6.00000 -5.60000 0.90000, 3.65000 -7.25000 0.10000"
167,0.0000,Tx-Rx,0,-77.7005,"-6.00000 -5.60000 0.90000, 3.95000 -7.25000 0.10000"
168,0.0000,Tx-Rx,0,-83.0681,"-6.00000 -5.60000 0.90000, 4.25000 -7.25000 0.10000"
169,0.0000,Tx-Rx,0,-86.4746,"-6.00000 -5.60000 0.90000, 4.55000 -7.25000 0.10000"
170,0.0000,Tx-Rx,0,-81.1868,"-6.00000 -5.60000 0.90000, 4.85000 -7.25000 0.10000"
171,0.0000,Tx-Rx,0,-81.2659,"-6.00000 -5.60000 0.90000, 5.15000 -7.25000 0.10000"
172,0.0000,Tx-Rx,0,-79.4584,"-6.00000 -5.60000 0.90000, 5.45000 -7.25000 0.10000"
173,0.0000,Tx-Rx,0,-72.9749,"-6.00000 -5.60000 0.90000, 5.75000 -7.25000 0.10000"
174,0.0000,Tx-Rx,0,-73.0787,"-6.00000 -5.60000 0.90000, 6.05000 -7.25000 0.10000"
175,0.0000,Tx-Rx,0,-75.3265,"-6.00000 -5.60000 0.90000, 6.35000 -7.25000 0.10000"
176,0.0000,Tx-Rx,0,-75.9910,"-6.00000 -5.60000 0.90000, 6.65000 -7.25000 0.10000"
177,0.0000,Tx-Rx,0,-74.7319,"-6.00000 -5.60000 0.90000, 6.95000 -7.25000 0.10000"
178,0.0000,Tx-Rx,0,-75.0745,"-6.00000 -5.60000 0.90000, 7.25000 -7.25000 0.10000"
179,0.0000,Tx-Rx,0,-71.4716,"-6.00000 -5.60000 0.90000, 7.55000 -7.25000 0.10000"
180,0.0000,Tx-Rx,0,-71.5657,"-6.00000 -5.60000 0.90000, 7.85000 -7.25000 0.10000"
181,0.0000,Tx-Rx,0,-73.7283,"-6.00000 -5.60000 0.90000, -9.85000 -6.95000 0.10000"
182,0.0000,Tx-Rx,0,-73.2889,"-6.00000 -5.60000 0.90000, -9.55000 -6.95000 0.10000"
183,0.0000,Tx-Rx,0,-72.8144,"-6.00000 -5.60000 0.90000, -9.25000 -6.95000 0.10000"
184,0.0000,Tx-Rx,0,-77.8193,"-6.00000 -5.60000 0.90000, -8.95000 -6.95000 0.10000"
185,0.0000,Tx-Rx,0,-75.7070,"-6.00000 -5.60000 0.90000, -8.65000 -6.95000 0.10000"
186,0.0000,Tx-Rx,0,-74.9755,"-6.00000 -5.60000 0.90000, -8.35000 -6.95000 0.10000"
187,0.0000,Tx-Rx,0,-49.1017,"-6.00000 -5.60000 0.90000, -8.05000 -6.95000 0.10000"
188,0.0000,Tx-Rx,0,-44.2986,"-6.00000 -5.60000 0.90000, -7.75000 -6.95000 0.10000"
189,0.0000,Tx-Rx,0,-44.9932,"-6.00000 -5.60000 0.90000, -7.45000 -6.95000 0.10000"
190,0.0000,Tx-Rx,0,-50.8182,"-6.00000 -5.60000 0.90000, -7.15000 -6.95000 0.10000"
191,0.0000,Tx-Rx,0,-52.8768,"-6.00000 -5.60000 0.90000, -6.85000 -6.95000 0.10000"
192,0.0000,Tx-Rx,0,-51.9165,"-6.00000 -5.60000 0.90000, -6.55000 -6.95000 0.10000"
193,0.0000,Tx-Rx,0,-44.5249,"-6.00000 -5.60000 0.90000, -6.25000 -6.95000 0.10000"
194,0.0000,Tx-Rx,0,-47.1606,"-6.00000 -5.60000 0.90000, -5.95000 -6.95000 0.10000"
195,0.0000,Tx-Rx,0,-41.9807,"-6.00000 -5.60000 0.90000, -5.65000 -6.95000 0.10000"
196,0.0000,Tx-Rx,0,-42.4176,"-6.00000 -5.60000 0.90000, -5.35000 -6.95000 0.10000"
197,0.0000,Tx-Rx,0,-43.2326,"-6.00000 -5.60000 0.90000, -5.05000 -6.95000 0.10000"
198,0.0000,Tx-Rx,0,-43.9286,"-6.00000 -5.60000 0.90000, -4.75000 -6.95000 0.10000"
199,0.0000,Tx-Rx,0,-44.3031,"-6.00000 -5.60000 0.90000, -4.45000 -6.95000 0.10000"
200,0.0000,Tx-Rx,0,-45.2331,"-6.00000 -5.60000 0.90000, -4.15000 -6.95000 0.10000"
201,0.0000,Tx-Rx,0,-46.0357,"-6.00000 -5.60000 0.90000, -3.85000 -6.95000 0.10000"
202,0.0000,Tx-Rx,0,-46.9151,"-6.00000 -5.60000 0.90000, -3.55000 -6.95000 0.10000"
203,0.0000,Tx-Rx,0,-47.5311,"-6.00000 -5.60000 0.90000, -3.25000 -6.95000 0.10000"
204,0.0000,Tx-Rx,0,-48.1023,"-6.00000 -5.60000 0.90000, -2.95000 -6.95000 0.10000"
205,0.0000,Tx-Rx,0,-48.6158,"-6.00000 -5.60000 0.90000, -2.65000 -6.95000 0.10000"
206,0.0000,Tx-Rx,0,-48.9414,"-6.00000 -5.60000 0.90000, -2.35000 -6.95000 0.10000"
207,0.0000,Tx-Rx,0,-49.4777,"-6.00000 -5.60000 0.90000, -2.05000 -6.95000 0.10000"
208,0.0000,Tx-Rx,0,-50.4742,"-6.00000 -5.60000 0.90000, -1.75000 -6.95000 0.10000"
209,0.0000,Tx-Rx,0,-51.8076,"-6.00000 -5.60000 0.90000, -1.45000 -6.95000 0.10000"
210,0.0000,Tx-Rx,0,-51.6936,"-6.00000 -5.60000 0.90000, -1.15000 -6.95000 0.10000"
211,0.0000,Tx-Rx,0,-51.8072,"-6.00000 -5.60000 0.90000, -0.85000 -6.95000 0.10000"
212,0.0000,Tx-Rx,0,-52.1472,"-6.00000 -5.60000 0.90000, -0.55000 -6.95000 0.10000"
213,0.0000,Tx-Rx,0,-49.0191,"-6.00000 -5.60000 0.90000, -0.25000 -6.95000 0.10000"
214,0.0000,Tx-Rx,0,-53.8013,"-6.00000 -5.60000 0.90000, 0.05000 -6.95000 0.10000"
215,0.0000,Tx-Rx,0,-74.7282,"-6.00000 -5.60000 0.90000, 0.35000 -6.95000 0.10000"
216,0.0000,Tx-Rx,0,-76.0332,"-6.00000 -5.60000 0.90000, 0.65000 -6.95000 0.10000"
217,0.0000,Tx-Rx,0,-76.8440,"-6.00000 -5.60000 0.90000, 0.95000 -6.95000 0.10000"
218,0.0000,Tx-Rx,0,-75.5695,"-6.00000 -5.60000 0.90000, 1.25000 -6.95000 0.10000"
219,0.0000,Tx-Rx,0,-75.6124,"-6.00000 -5.60000 0.90000, 1.55000 -6.95000 0.10000"
220,0.0000,Tx-Rx,0,-75.9163,"-6.00000 -5.60000 0.90000, 1.85000 -6.95000 0.10000"
221,0.0000,Tx-Rx,0,-75.6631,"-6.00000 -5.60000 0.90000, 2.15000 -6.95000 0.10000"
222,0.0000,Tx-Rx,0,-75.2541,"-6.00000 -5.60000 0.90000, 2.45000 -6.95000 0.10000"
223,0.0000,Tx-Rx,0,-80.5136,"-6.00000 -5.60000 0.90000, 2.75000 -6.95000 0.10000"
224,0.0000,Tx-Rx,0,-79.1363,"-6.00000 -5.60000 0.90000, 3.05000 -6.95000 0.10000"
225,0.0000,Tx-Rx,0,-79.1098,"-6.00000 -5.60000 0.90000, 3.35000 -6.95000 0.10000"
226,0.0000,Tx-Rx,0,-77.8170,"-6.00000 -5.60000 0.90000, 3.65000 -6.95000 0.10000"
227,0.0000,Tx-Rx,0,-78.5887,"-6.00000 -5.60000 0.90000, 3.95000 -6.95000 0.10000"
228,0.0000,Tx-Rx,0,-79.3941,"-6.00000 -5.60000 0.90000, 4.25000 -6.95000 0.10000"
229,0.0000,Tx-Rx,0,-78.7849,"-6.00000 -5.60000 0.90000, 4.55000 -6.95000 0.10000"
230,0.0000,Tx-Rx,0,-78.8274,"-6.00000 -5.60000 0.90000, 4.85000 -6.95000 0.10000"
231,0.0000,Tx-Rx,0,-75.7509,"-6.00000 -5.60000 0.90000, 5.15000 -6.95000 0.10000"
232,0.0000,Tx-Rx,0,-75.5854,"-6.00000 -5.60000 0.90000, 5.45000 -6.95000 0.10000"
233,0.0000,Tx-Rx,0,-72.5485,"-6.00000 -5.60000 0.90000, 5.75000 -6.95000 0.10000"
234,0.0000,Tx-Rx,0,-72.6229,"-6.00000 -5.60000 0.90000, 6.05000 -6.95000 0.10000"
235,0.0000,Tx-Rx,0,-73.0199,"-6.00000 -5.60000 0.90000, 6.35000 -6.95000 0.10000"
236,0.0000,Tx-Rx,0,-74.8642,"-6.00000 -5.60000 0.90000, 6.65000 -6.95000 0.10000"
237,0.0000,Tx-Rx,0,-74.7851,"-6.00000 -5.60000 0.90000, 6.95000 -6.95000 0.10000"
238,0.0000,Tx-Rx,0,-72.0508,"-6.00000 -5.60000 0.90000, 7.25000 -6.95000 0.10000"
239,0.0000,Tx-Rx,0,-71.6784,"-6.00000 -5.60000 0.90000, 7.55000 -6.95000 0.10000"
240,0.0000,Tx-Rx,0,-69.9987,"-6.00000 -5.60000 0.90000, 7.85000 -6.95000 0.10000"
241,0.0000,Tx-Rx,0,-73.1605,"-6.00000 -5.60000 0.90000, -9.85000 -6.65000 0.10000"
242,0.0000,Tx-Rx,0,-72.8499,"-6.00000 -5.60000 0.90000, -9.55000 -6.65000 0.10000"
243,0.0000,Tx-Rx,0,-72.4600,"-6.00000 -5.60000 0.90000, -9.25000 -6.65000 0.10000"
244,0.0000,Tx-Rx,0,-75.9522,"-6.00000 -5.60000 0.90000, -8.95000 -6.65000 0.10000"
245,0.0000,Tx-Rx,0,-75.2382,"-6.00000 -5.60000 0.90000, -8.65000 -6.65000 0.10000"
246,0.0000,Tx-Rx,0,-74.4800,"-6.00000 -5.60000 0.90000, -8.35000 -6.65000 0.10000"
247,0.0000,Tx-Rx,0,-49.0167,"-6.00000 -5.60000 0.90000, -8.05000 -6.65000 0.10000"
248,0.0000,Tx-Rx,0,-44.1014,"-6.00000 -5.60000 0.90000, -7.75000 -6.65000 0.10000"
249,0.0000,Tx-Rx,0,-43.4442,"-6.00000 -5.60000 0.90000, -7.45000 -6.65000 0.10000"
250,0.0000,Tx-Rx,0,-43.5230,"-6.00000 -5.60000 0.90000, -7.15000 -6.65000 0.10000"
251,0.0000,Tx-Rx,0,-44.9878,"-6.00000 -5.60000 0.90000, -6.85000 -6.65000 0.10000"
252,0.0000,Tx-Rx,0,-46.3658,"-6.00000 -5.60000 0.90000, -6.55000 -6.65000 0.10000"
253,0.0000,Tx-Rx,0,-41.1776,"-6.00000 -5.60000 0.90000, -6.25000 -6.65000 0.10000"
254,0.0000,Tx-Rx,0,-44.3879,"-6.00000 -5.60000 0.90000, -5.95000 -6.65000 0.10000"
255,0.0000,Tx-Rx,0,-40.3337,"-6.00000 -5.60000 0.90000, -5.65000 -6.65000 0.10000"
256,0.0000,Tx-Rx,0,-41.1315,"-6.00000 -5.60000 0.90000, -5.35000 -6.65000 0.10000"
257,0.0000,Tx-Rx,0,-42.2449,"-6.00000 -5.60000 0.90000, -5.05000 -6.65000 0.10000"
258,0.0000,Tx-Rx,0,-43.0795,"-6.00000 -5.60000 0.90000, -4.75000 -6.65000 0.10000"
259,0.0000,Tx-Rx,0,-43.7760,"-6.00000 -5.60000 0.90000, -4.45000 -6.65000 0.10000"
260,0.0000,Tx-Rx,0,-44.8702,"-6.00000 -5.60000 0.90000, -4.15000 -6.65000 0.10000"
261,0.0000,Tx-Rx,0,-45.2120,"-6.00000 -5.60000 0.90000, -3.85000 -6.65000 0.10000"
262,0.0000,Tx-Rx,0,-46.3010,"-6.00000 -5.60000 0.90000, -3.55000 -6.65000 0.10000"
263,0.0000,Tx-Rx,0,-47.0483,"-6.00000 -5.60000 0.90000, -3.25000 -6.65000 0.10000"
264,0.0000,Tx-Rx,0,-47.9188,"-6.00000 -5.60000 0.90000, -2.95000 -6.65000 0.10000"
265,0.0000,Tx-Rx,0,-48.2343,"-6.00000 -5.60000 0.90000, -2.65000 -6.65000 0.10000"
266,0.0000,Tx-Rx,0,-48.5969,"-6.00000 -5.60000 0.90000, -2.35000 -6.65000 0.10000"
267,0.0000,Tx-Rx,0,-49.0059,"-6.00000 -5.60000 0.90000, -2.05000 -6.65000 0.10000"
268,0.0000,Tx-Rx,0,-50.1183,"-6.00000 -5.60000 0.90000, -1.75000 -6.65000 0.10000"
269,0.0000,Tx-Rx,0,-51.4436,"-6.00000 -5.60000 0.90000, -1.45000 -6.65000 0.10000"
270,0.0000,Tx-Rx,0,-51.2826,"-6.00000 -5.60000 0.90000, -1.15000 -6.65000 0.10000"
271,0.0000,Tx-Rx,0,-51.9929,"-6.00000 -5.60000 0.90000, -0.85000 -6.65000 0.10000"
272,0.0000,Tx-Rx,0,-52.0155,"-6.00000 -5.60000 0.90000, -0.55000 -6.65000 0.10000"
273,0.0000,Tx-Rx,0,-48.9384,"-6.00000 -5.60000 0.90000, -0.25000 -6.65000 0.10000"
274,0.0000,Tx-Rx,0,-53.9359,"-6.00000 -5.60000 0.90000, 0.05000 -6.65000 0.10000"
275,0.0000,Tx-Rx,0,-75.6724,"-6.00000 -5.60000 0.90000, 0.35000 -6.65000 0.10000"
276,0.0000,Tx-Rx,0,-76.0891,"-6.00000 -5.60000 0.90000, 0.65000 -6.65000 0.10000"
277,0.0000,Tx-Rx,0,-76.5010,"-6.00000 -5.60000 0.90000, 0.95000 -6.65000 0.10000"
278,0.0000,Tx-Rx,0,-75.7852,"-6.00000 -5.60000 0.90000, 1.25000 -6.65000 0.10000"
279,0.0000,Tx-Rx,0,-76.8043,"-6.00000 -5.60000 0.90000, 1.55000 -6.65000 0.10000"
280,0.0000,Tx-Rx,0,-75.6280,"-6.00000 -5.60000 0.90000, 1.85000 -6.65000 0.10000"
281,0.0000,Tx-Rx,0,-77.2959,"-6.00000 -5.60000 0.90000, 2.15000 -6.65000 0.10000"
282,0.0000,Tx-Rx,0,-75.2537,"-6.00000 -5.60000 0.90000, 2.45000 -6.65000 0.10000"
283,0.0000,Tx-Rx,0,-74.9713,"-6.00000 -5.60000 0.90000, 2.75000 -6.65000 0.10000"
284,0.0000,Tx-Rx,0,-75.0302,"-6.00000 -5.60000 0.90000, 3.05000 -6.65000 0.10000"
285,0.0000,Tx-Rx,0,-75.4703,"-6.00000 -5.60000 0.90000, 3.35000 -6.65000 0.10000"
286,0.0000,Tx-Rx,0,-74.6358,"-6.00000 -5.60000 0.90000, 3.65000 -6.65000 0.10000"
287,0.0000,Tx-Rx,0,-76.0234,"-6.00000 -5.60000 0.90000, 3.95000 -6.65000 0.10000"
288,0.0000,Tx-Rx,0,-77.0757,"-6.00000 -5.60000 0.90000, 4.25000 -6.65000 0.10000"
289,0.0000,Tx-Rx,0,-76.6267,"-6.00000 -5.60000 0.90000, 4.55000 -6.65000 0.10000"
290,0.0000,Tx-Rx,0,-75.7893,"-6.00000 -5.60000 0.90000, 4.85000 -6.65000 0.10000"
291,0.0000,Tx-Rx,0,-72.4053,"-6.00000 -5.60000 0.90000, 5.15000 -6.65000 0.10000"
292,0.0000,Tx-Rx,0,-72.1270,"-6.00000 -5.60000 0.90000, 5.45000 -6.65000 0.10000"
293,0.0000,Tx-Rx,0,-72.1209,"-6.00000 -5.60000 0.90000, 5.75000 -6.65000 0.10000"
294,0.0000,Tx-Rx,0,-72.1692,"-6.00000 -5.60000 0.90000, 6.05000 -6.65000 0.10000"
295,0.0000,Tx-Rx,0,-71.7700,"-6.00000 -5.60000 0.90000, 6.35000 -6.65000 0.10000"
296,0.0000,Tx-Rx,0,-73.2174,"-6.00000 -5.60000 0.90000, 6.65000 -6.65000 0.10000"
297,0.0000,Tx-Rx,0,-74.0520,"-6.00000 -5.60000 0.90000, 6.95000 -6.65000 0.10000"
298,0.0000,Tx-Rx,0,-71.1578,"-6.00000 -5.60000 0.90000, 7.25000 -6.65000 0.10000"
299,0.0000,Tx-Rx,0,-69.9705,"-6.00000 -5.60000 0.90000, 7.55000 -6.65000 0.10000"
300,0.0000,Tx-Rx,0,-70.0897,"-6.00000 -5.60000 0.90000, 7.85000 -6.65000 0.10000"
301,0.0000,Tx-Rx,0,-73.1712,"-6.00000 -5.60000 0.90000, -9.85000 -6.35000 0.10000"
302,0.0000,Tx-Rx,0,-72.4939,"-6.00000 -5.60000 0.90000, -9.55000 -6.35000 0.10000"
303,0.0000,Tx-Rx,0,-72.0215,"-6.00000 -5.60000 0.90000, -9.25000 -6.35000 0.10000"
304,0.0000,Tx-Rx,0,-75.0889,"-6.00000 -5.60000 0.90000, -8.95000 -6.35000 0.10000"
305,0.0000,Tx-Rx,0,-74.2806,"-6.00000 -5.60000 0.90000, -8.65000 -6.35000 0.10000"
306,0.0000,Tx-Rx,0,-73.6811,"-6.00000 -5.60000 0.90000, -8.35000 -6.35000 0.10000"
307,0.0000,Tx-Rx,0,-48.7916,"-6.00000 -5.60000 0.90000, -8.05000 -6.35000 0.10000"
308,0.0000,Tx-Rx,0,-43.7090,"-6.00000 -5.60000 0.90000, -7.75000 -6.35000 0.10000"
309,0.0000,Tx-Rx,0,-43.1024,"-6.00000 -5.60000 0.90000, -7.45000 -6.35000 0.10000"
310,0.0000,Tx-Rx,0,-42.0926,"-6.00000 -5.60000 0.90000, -7.15000 -6.35000 0.10000"
311,0.0000,Tx-Rx,0,-41.0158,"-6.00000 -5.60000 0.90000, -6.85000 -6.35000 0.10000"
312,0.0000,Tx-Rx,0,-40.1644,"-6.00000 -5.60000 0.90000, -6.55000 -6.35000 0.10000"
313,0.0000,Tx-Rx,0,-39.2419,"-6.00000 -5.60000 0.90000, -6.25000 -6.35000 0.10000"
314,0.0000,Tx-Rx,0,-39.5304,"-6.00000 -5.60000 0.90000, -5.95000 -6.35000 0.10000"
315,0.0000,Tx-Rx,0,-39.1440,"-6.00000 -5.60000 0.90000, -5.65000 -6.35000 0.10000"
316,0.0000,Tx-Rx,0,-40.2048,"-6.00000 -5.60000 0.90000, -5.35000 -6.35000 0.10000"
317,0.0000,Tx-Rx,0,-41.3442,"-6.00000 -5.60000 0.90000, -5.05000 -6.35000 0.10000"
318,0.0000,Tx-Rx,0,-42.3155,"-6.00000 -5.60000 0.90000, -4.75000 -6.35000 0.10000"
319,0.0000,Tx-Rx,0,-43.1408,"-6.00000 -5.60000 0.90000, -4.45000 -6.35000 0.10000"
320,0.0000,Tx-Rx,0,-44.3032,"-6.00000 -5.60000 0.90000, -4.15000 -6.35000 0.10000"
321,0.0000,Tx-Rx,0,-45.0989,"-6.00000 -5.60000 0.90000, -3.85000 -6.35000 0.10000"
322,0.0000,Tx-Rx,0,-46.0222,"-6.00000 -5.60000 0.90000, -3.55000 -6.35000 0.10000"
323,0.0000,Tx-Rx,0,-46.8199,"-6.00000 -5.60000 0.90000, -3.25000 -6.35000 0.10000"
324,0.0000,Tx-Rx,0,-47.3943,"-6.00000 -5.60000 0.90000, -2.95000 -6.35000 0.10000"
325,0.0000,Tx-Rx,0,-48.0594,"-6.00000 -5.60000 0.90000, -2.65000 -6.35000 0.10000"
326,0.0000,Tx-Rx,0,-48.4998,"-6.00000 -5.60000 0.90000, -2.35000 -6.35000 0.10000"
327,0.0000,Tx-Rx,0,-49.1206,"-6.00000 -5.60000 0.90000, -2.05000 -6.35000 0.10000"
328,0.0000,Tx-Rx,0,-50.3040,"-6.00000 -5.60000 0.90000, -1.75000 -6.35000 0.10000"
329,0.0000,Tx-Rx,0,-51.2137,"-6.00000 -5.60000 0.90000, -1.45000 -6.35000 0.10000"
330,0.0000,Tx-Rx,0,-51.3733,"-6.00000 -5.60000 0.90000, -1.15000 -6.35000 0.10000"
331,0.0000,Tx-Rx,0,-51.8750,"-6.00000 -5.60000 0.90000, -0.85000 -6.35000 0.10000"
332,0.0000,Tx-Rx,0,-51.8924,"-6.00000 -5.60000 0.90000, -0.55000 -6.35000 0.10000"
333,0.0000,Tx-Rx,0,-48.8938,"-6.00000 -5.60000 0.90000, -0.25000 -6.35000 0.10000"
334,0.0000,Tx-Rx,0,-54.0411,"-6.00000 -5.60000 0.90000, 0.05000 -6.35000 0.10000"
335,0.0000,Tx-Rx,0,-75.7417,"-6.00000 -5.60000 0.90000, 0.35000 -6.35000 0.10000"
336,0.0000,Tx-Rx,0,-75.7638,"-6.00000 -5.60000 0.90000, 0.65000 -6.35000 0.10000"
337,0.0000,Tx-Rx,0,-76.0918,"-6.00000 -5.60000 0.90000, 0.95000 -6.35000 0.10000"
338,0.0000,Tx-Rx,0,-75.6546,"-6.00000 -5.60000 0.90000, 1.25000 -6.35000 0.10000"
339,0.0000,Tx-Rx,0,-76.4028,"-6.00000 -5.60000 0.90000, 1.55000 -6.35000 0.10000"
340,0.0000,Tx-Rx,0,-75.1923,"-6.00000 -5.60000 0.90000, 1.85000 -6.35000 0.10000"
341,0.0000,Tx-Rx,0,-76.0821,"-6.00000 -5.60000 0.90000, 2.15000 -6.35000 0.10000"
342,0.0000,Tx-Rx,0,-74.7250,"-6.00000 -5.60000 0.90000, 2.45000 -6.35000 0.10000"
343,0.0000,Tx-Rx,0,-74.7085,"-6.00000 -5.60000 0.90000, 2.75000 -6.35000 0.10000"
344,0.0000,Tx-Rx,0,-75.7822,"-6.00000 -5.60000 0.90000, 3.05000 -6.35000 0.10000"
345,0.0000,Tx-Rx,0,-78.0864,"-6.00000 -5.60000 0.90000, 3.35000 -6.35000 0.10000"
346,0.0000,Tx-Rx,0,-75.0382,"-6.00000 -5.60000 0.90000, 3.65000 -6.35000 0.10000"
347,0.0000,Tx-Rx,0,-78.0389,"-6.00000 -5.60000 0.90000, 3.95000 -6.35000 0.10000"
348,0.0000,Tx-Rx,0,-77.8607,"-6.00000 -5.60000 0.90000, 4.25000 -6.35000 0.10000"
349,0.0000,Tx-Rx,0,-77.3440,"-6.00000 -5.60000 0.90000, 4.55000 -6.35000 0.10000"
350,0.0000,Tx-Rx,0,-75.7105,"-6.00000 -5.60000 0.90000, 4.85000 -6.35000 0.10000"
351,0.0000,Tx-Rx,0,-77.2645,"-6.00000 -5.60000 0.90000, 5.15000 -6.35000 0.10000"
352,0.0000,Tx-Rx,0,-73.0802,"-6.00000 -5.60000 0.90000, 5.45000 -6.35000 0.10000"
353,0.0000,Tx-Rx,0,-72.0790,"-6.00000 -5.60000 0.90000, 5.75000 -6.35000 0.10000"
354,0.0000,Tx-Rx,0,-72.0554,"-6.00000 -5.60000 0.90000, 6.05000 -6.35000 0.10000"
355,0.0000,Tx-Rx,0,-72.0129,"-6.00000 -5.60000 0.90000, 6.35000 -6.35000 0.10000"
356,0.0000,Tx-Rx,0,-71.9069,"-6.00000 -5.60000 0.90000, 6.65000 -6.35000 0.10000"
357,0.0000,Tx-Rx,0,-71.3012,"-6.00000 -5.60000 0.90000, 6.95000 -6.35000 0.10000"
358,0.0000,Tx-Rx,0,-71.6763,"-6.00000 -5.60000 0.90000, 7.25000 -6.35000 0.10000"
359,0.0000,Tx-Rx,0,-69.6878,"-6.00000 -5.60000 0.90000, 7.55000 -6.35000 0.10000"
360,0.0000,Tx-Rx,0,-69.5133,"-6.00000 -5.60000 0.90000, 7.85000 -6.35000 0.10000"
361,0.0000,Tx-Rx,0,-73.0001,"-6.00000 -5.60000 0.90000, -9.85000 -6.05000 0.10000"
362,0.0000,Tx-Rx,0,-71.9717,"-6.00000 -5.60000 0.90000, -9.55000 -6.05000 0.10000"
363,0.0000,Tx-Rx,0,-71.4931,"-6.00000 -5.60000 0.90000, -9.25000 -6.05000 0.10000"
364,0.0000,Tx-Rx,0,-75.1745,"-6.00000 -5.60000 0.90000, -8.95000 -6.05000 0.10000"
365,0.0000,Tx-Rx,0,-74.1423,"-6.00000 -5.60000 0.90000, -8.65000 -6.05000 0.10000"
366,0.0000,Tx-Rx,0,-72.4791,"-6.00000 -5.60000 0.90000, -8.35000 -6.05000 0.10000"
367,0.0000,Tx-Rx,0,-47.8888,"-6.00000 -5.60000 0.90000, -8.05000 -6.05000 0.10000"
368,0.0000,Tx-Rx,0,-42.7590,"-6.00000 -5.60000 0.90000, -7.75000 -6.05000 0.10000"
369,0.0000,Tx-Rx,0,-42.4079,"-6.00000 -5.60000 0.90000, -7.45000 -6.05000 0.10000"
370,0.0000,Tx-Rx,0,-41.2772,"-6.00000 -5.60000 0.90000, -7.15000 -6.05000 0.10000"
371,0.0000,Tx-Rx,0,-39.9712,"-6.00000 -5.60000 0.90000, -6.85000 -6.05000 0.10000"
372,0.0000,Tx-Rx,0,-38.8114,"-6.00000 -5.60000 0.90000, -6.55000 -6.05000 0.10000"
373,0.0000,Tx-Rx,0,-37.9544,"-6.00000 -5.60000 0.90000, -6.25000 -6.05000 0.10000"
374,0.0000,Tx-Rx,0,-38.3005,"-6.00000 -5.60000 0.90000, -5.95000 -6.05000 0.10000"
375,0.0000,Tx-Rx,0,-38.3821,"-6.00000 -5.60000 0.90000, -5.65000 -6.05000 0.10000"
376,0.0000,Tx-Rx,0,-39.2422,"-6.00000 -5.60000 0.90000, -5.35000 -6.05000 0.10000"
377,0.0000,Tx-Rx,0,-40.3383,"-6.00000 -5.60000 0.90000, -5.05000 -6.05000 0.10000"
378,0.0000,Tx-Rx,0,-41.4480,"-6.00000 -5.60000 0.90000, -4.75000 -6.05000 0.10000"
379,0.0000,Tx-Rx,0,-42.1859,"-6.00000 -5.60000 0.90000, -4.45000 -6.05000 0.10000"
380,0.0000,Tx-Rx,0,-43.5036,"-6.00000 -5.60000 0.90000, -4.15000 -6.05000 0.10000"
381,0.0000,Tx-Rx,0,-44.4405,"-6.00000 -5.60000 0.90000, -3.85000 -6.05000 0.10000"
382,0.0000,Tx-Rx,0,-45.3771,"-6.00000 -5.60000 0.90000, -3.55000 -6.05000 0.10000"
383,0.0000,Tx-Rx,0,-46.4205,"-6.00000 -5.60000 0.90000, -3.25000 -6.05000 0.10000"
384,0.0000,Tx-Rx,0,-46.8965,"-6.00000 -5.60000 0.90000, -2.95000 -6.05000 0.10000"
385,0.0000,Tx-Rx,0,-47.5663,"-6.00000 -5.60000 0.90000, -2.65000 -6.05000 0.10000"
386,0.0000,Tx-Rx,0,-47.6290,"-6.00000 -5.60000 0.90000, -2.35000 -6.05000 0.10000"
387,0.0000,Tx-Rx,0,-48.0011,"-6.00000 -5.60000 0.90000, -2.05000 -6.05000 0.10000"
388,0.0000,Tx-Rx,0,-49.5238,"-6.00000 -5.60000 0.90000, -1.75000 -6.05000 0.10000"
389,0.0000,Tx-Rx,0,-51.5014,"-6.00000 -5.60000 0.90000, -1.45000 -6.05000 0.10000"
390,0.0000,Tx-Rx,0,-51.4745,"-6.00000 -5.60000 0.90000, -1.15000 -6.05000 0.10000"
391,0.0000,Tx-Rx,0,-51.8506,"-6.00000 -5.60000 0.90000, -0.85000 -6.05000 0.10000"
392,0.0000,Tx-Rx,0,-51.6917,"-6.00000 -5.60000 0.90000, -0.55000 -6.05000 0.10000"
393,0.0000,Tx-Rx,0,-49.0308,"-6.00000 -5.60000 0.90000, -0.25000 -6.05000 0.10000"
394,0.0000,Tx-Rx,0,-53.9449,"-6.00000 -5.60000 0.90000, 0.05000 -6.05000 0.10000"
395,0.0000,Tx-Rx,0,-75.4183,"-6.00000 -5.60000 0.90000, 0.35000 -6.05000 0.10000"
396,0.0000,Tx-Rx,0,-76.0230,"-6.00000 -5.60000 0.90000, 0.65000 -6.05000 0.10000"
397,0.0000,Tx-Rx,0,-75.9170,"-6.00000 -5.60000 0.90000, 0.95000 -6.05000 0.10000"
398,0.0000,Tx-Rx,0,-74.9278,"-6.00000 -5.60000 0.90000, 1.25000 -6.05000 0.10000"
399,0.0000,Tx-Rx,0,-75.8746,"-6.00000 -5.60000 0.90000, 1.55000 -6.05000 0.10000"
400,0.0000,Tx-Rx,0,-75.0478,"-6.00000 -5.60000 0.90000, 1.85000 -6.05000 0.10000"
401,0.0000,Tx-Rx,0,-75.6002,"-6.00000 -5.60000 0.90000, 2.15000 -6.05000 0.10000"
402,0.0000,Tx-Rx,0,-74.6964,"-6.00000 -5.60000 0.90000, 2.45000 -6.05000 0.10000"
403,0.0000,Tx-Rx,0,-75.2524,"-6.00000 -5.60000 0.90000, 2.75000 -6.05000 0.10000"
404,0.0000,Tx-Rx,0,-76.9049,"-6.00000 -5.60000 0.90000, 3.05000 -6.05000 0.10000"
405,0.0000,Tx-Rx,0,-76.3431,"-6.00000 -5.60000 0.90000, 3.35000 -6.05000 0.10000"
406,0.0000,Tx-Rx,0,-75.3981,"-6.00000 -5.60000 0.90000, 3.65000 -6.05000 0.10000"
407,0.0000,Tx-Rx,0,-77.1331,"-6.00000 -5.60000 0.90000, 3.95000 -6.05000 0.10000"
408,0.0000,Tx-Rx,0,-76.7251,"-6.00000 -5.60000 0.90000, 4.25000 -6.05000 0.10000"
409,0.0000,Tx-Rx,0,-75.6219,"-6.00000 -5.60000 0.90000, 4.55000 -6.05000 0.10000"
410,0.0000,Tx-Rx,0,-76.8092,"-6.00000 -5.60000 0.90000, 4.85000 -6.05000 0.10000"
411,0.0000,Tx-Rx,0,-77.1646,"-6.00000 -5.60000 0.90000, 5.15000 -6.05000 0.10000"
412,0.0000,Tx-Rx,0,-76.1837,"-6.00000 -5.60000 0.90000, 5.45000 -6.05000 0.10000"
413,0.0000,Tx-Rx,0,-72.6815,"-6.00000 -5.60000 0.90000, 5.75000 -6.05000 0.10000"
414,0.0000,Tx-Rx,0,-71.7584,"-6.00000 -5.60000 0.90000, 6.05000 -6.05000 0.10000"
415,0.0000,Tx-Rx,0,-72.1472,"-6.00000 -5.60000 0.90000, 6.35000 -6.05000 0.10000"
416,0.0000,Tx-Rx,0,-71.2461,"-6.00000 -5.60000 0.90000, 6.65000 -6.05000 0.10000"
417,0.0000,Tx-Rx,0,-71.0655,"-6.00000 -5.60000 0.90000, 6.95000 -6.05000 0.10000"
418,0.0000,Tx-Rx,0,-70.1804,"-6.00000 -5.60000 0.90000, 7.25000 -6.05000 0.10000"
419,0.0000,Tx-Rx,0,-70.4583,"-6.00000 -5.60000 0.90000, 7.55000 -6.05000 0.10000"
420,0.0000,Tx-Rx,0,-69.6450,"-6.00000 -5.60000 0.90000, 7.85000 -6.05000 0.10000"
421,0.0000,Tx-Rx,0,-72.7155,"-6.00000 -5.60000 0.90000, -9.85000 -5.75000 0.10000"
422,0.0000,Tx-Rx,0,-72.1489,"-6.00000 -5.60000 0.90000, -9.55000 -5.75000 0.10000"
423,0.0000,Tx-Rx,0,-71.5479,"-6.00000 -5.60000 0.90000, -9.25000 -5.75000 0.10000"
424,0.0000,Tx-Rx,0,-75.1185,"-6.00000 -5.60000 0.90000, -8.95000 -5.75000 0.10000"
425,0.0000,Tx-Rx,0,-73.1924,"-6.00000 -5.60000 0.90000, -8.65000 -5.75000 0.10000"
426,0.0000,Tx-Rx,0,-72.9503,"-6.00000 -5.60000 0.90000, -8.35000 -5.75000 0.10000"
427,0.0000,Tx-Rx,0,-48.3704,"-6.00000 -5.60000 0.90000, -8.05000 -5.75000 0.10000"
428,0.0000,Tx-Rx,0,-43.0433,"-6.00000 -5.60000 0.90000, -7.75000 -5.75000 0.10000"
429,0.0000,Tx-Rx,0,-43.1237,"-6.00000 -5.60000 0.90000, -7.45000 -5.75000 0.10000"
430,0.0000,Tx-Rx,0,-41.6135,"-6.00000 -5.60000 0.90000, -7.15000 -5.75000 0.10000"
431,0.0000,Tx-Rx,0,-39.5602,"-6.00000 -5.60000 0.90000, -6.85000 -5.75000 0.10000"
432,0.0000,Tx-Rx,0,-38.2823,"-6.00000 -5.60000 0.90000, -6.55000 -5.75000 0.10000"
433,0.0000,Tx-Rx,0,-38.1653,"-6.00000 -5.60000 0.90000, -6.25000 -5.75000 0.10000"
434,0.0000,Tx-Rx,0,-38.3642,"-6.00000 -5.60000 0.90000, -5.95000 -5.75000 0.10000"
435,0.0000,Tx-Rx,0,-38.2748,"-6.00000 -5.60000 0.90000, -5.65000 -5.75000 0.10000"
436,0.0000,Tx-Rx,0,-38.7693,"-6.00000 -5.60000 0.90000, -5.35000 -5.75000 0.10000"
437,0.0000,Tx-Rx,0,-40.0121,"-6.00000 -5.60000 0.90000, -5.05000 -5.75000 0.10000"
438,0.0000,Tx-Rx,0,-41.5417,"-6.00000 -5.60000 0.90000, -4.75000 -5.75000 0.10000"
439,0.0000,Tx-Rx,0,-42.5272,"-6.00000 -5.60000 0.90000, -4.45000 -5.75000 0.10000"
440,0.0000,Tx-Rx,0,-43.9961,"-6.00000 -5.60000 0.90000, -4.15000 -5.75000 0.10000"
441,0.0000,Tx-Rx,0,-44.9573,"-6.00000 -5.60000 0.90000, -3.85000 -5.75000 0.10000"
442,0.0000,Tx-Rx,0,-45.8709,"-6.00000 -5.60000 0.90000, -3.55000 -5.75000 0.10000"
443,0.0000,Tx-Rx,0,-47.2242,"-6.00000 -5.60000 0.90000, -3.25000 -5.75000 0.10000"
444,0.0000,Tx-Rx,0,-47.9682,"-6.00000 -5.60000 0.90000, -2.95000 -5.75000 0.10000"
445,0.0000,Tx-Rx,0,-48.8462,"-6.00000 -5.60000 0.90000, -2.65000 -5.75000 0.10000"
446,0.0000,Tx-Rx,0,-48.6304,"-6.00000 -5.60000 0.90000, -2.35000 -5.75000 0.10000"
447,0.0000,Tx-Rx,0,-49.2374,"-6.00000 -5.60000 0.90000, -2.05000 -5.75000 0.10000"
448,0.0000,Tx-Rx,0,-49.7839,"-6.00000 -5.60000 0.90000, -1.75000 -5.75000 0.10000"
449,0.0000,Tx-Rx,0,-50.9316,"-6.00000 -5.60000 0.90000, -1.45000 -5.75000 0.10000"
450,0.0000,Tx-Rx,0,-51.8777,"-6.00000 -5.60000 0.90000, -1.15000 -5.75000 0.10000"
451,0.0000,Tx-Rx,0,-51.6158,"-6.00000 -5.60000 0.90000, -0.85000 -5.75000 0.10000"
452,0.0000,Tx-Rx,0,-51.9100,"-6.00000 -5.60000 0.90000, -0.55000 -5.75000 0.10000"
453,0.0000,Tx-Rx,0,-49.0183,"-6.00000 -5.60000 0.90000, -0.25000 -5.75000 0.10000"
454,0.0000,Tx-Rx,0,-53.8771,"-6.00000 -5.60000 0.90000, 0.05000 -5.75000 0.10000"
455,0.0000,Tx-Rx,0,-75.5739,"-6.00000 -5.60000 0.90000, 0.35000 -5.75000 0.10000"
456,0.0000,Tx-Rx,0,-75.7409,"-6.00000 -5.60000 0.90000, 0.65000 -5.75000 0.10000"
457,0.0000,Tx-Rx,0,-75.3556,"-6.00000 -5.60000 0.90000, 0.95000 -5.75000 0.10000"
458,0.0000,Tx-Rx,0,-75.7912,"-6.00000 -5.60000 0.90000, 1.25000 -5.75000 0.10000"
459,0.0000,Tx-Rx,0,-75.2884,"-6.00000 -5.60000 0.90000, 1.55000 -5.75000 0.10000"
460,0.0000,Tx-Rx,0,-75.0245,"-6.00000 -5.60000 0.90000, 1.85000 -5.75000 0.10000"
461,0.0000,Tx-Rx,0,-74.1958,"-6.00000 -5.60000 0.90000, 2.15000 -5.75000 0.10000"
462,0.0000,Tx-Rx,0,-75.2978,"-6.00000 -5.60000 0.90000, 2.45000 -5.75000 0.10000"
463,0.0000,Tx-Rx,0,-75.6881,"-6.00000 -5.60000 0.90000, 2.75000 -5.75000 0.10000"
464,0.0000,Tx-Rx,0,-77.4043,"-6.00000 -5.60000 0.90000, 3.05000 -5.75000 0.10000"
465,0.0000,Tx-Rx,0,-74.9310,"-6.00000 -5.60000 0.90000, 3.35000 -5.75000 0.10000"
466,0.0000,Tx-Rx,0,-75.3977,"-6.00000 -5.60000 0.90000, 3.65000 -5.75000 0.10000"
467,0.0000,Tx-Rx,0,-77.4498,"-6.00000 -5.60000 0.90000, 3.95000 -5.75000 0.10000"
468,0.0000,Tx-Rx,0,-75.3503,"-6.00000 -5.60000 0.90000, 4.25000 -5.75000 0.10000"
469,0.0000,Tx-Rx,0,-76.4610,"-6.00000 -5.60000 0.90000, 4.55000 -5.75000 0.10000"
470,0.0000,Tx-Rx,0,-76.6951,"-6.00000 -5.60000 0.90000, 4.85000 -5.75000 0.10000"
471,0.0000,Tx-Rx,0,-76.5712,"-6.00000 -5.60000 0.90000, 5.15000 -5.75000 0.10000"
472,0.0000,Tx-Rx,0,-76.1323,"-6.00000 -5.60000 0.90000, 5.45000 -5.75000 0.10000"
473,0.0000,Tx-Rx,0,-76.3270,"-6.00000 -5.60000 0.90000, 5.75000 -5.75000 0.10000"
474,0.0000,Tx-Rx,0,-71.7869,"-6.00000 -5.60000 0.90000, 6.05000 -5.75000 0.10000"
475,0.0000,Tx-Rx,0,-71.5723,"-6.00000 -5.60000 0.90000, 6.35000 -5.75000 0.10000"
476,0.0000,Tx-Rx,0,-70.7252,"-6.00000 -5.60000 0.90000, 6.65000 -5.75000 0.10000"
477,0.0000,Tx-Rx,0,-69.6452,"-6.00000 -5.60000 0.90000, 6.95000 -5.75000 0.10000"
478,0.0000,Tx-Rx,0,-70.0063,"-6.00000 -5.60000 0.90000, 7.25000 -5.75000 0.10000"
479,0.0000,Tx-Rx,0,-70.4325,"-6.00000 -5.60000 0.90000, 7.55000 -5.75000 0.10000"
480,0.0000,Tx-Rx,0,-70.7335,"-6.00000 -5.60000 0.90000, 7.85000 -5.75000 0.10000"
481,0.0000,Tx-Rx,0,-73.1275,"-6.00000 -5.60000 0.90000, -9.85000 -5.45000 0.10000"
482,0.0000,Tx-Rx,0,-72.1107,"-6.00000 -5.60000 0.90000, -9.55000 -5.45000 0.10000"
483,0.0000,Tx-Rx,0,-71.5487,"-6.00000 -5.60000 0.90000, -9.25000 -5.45000 0.10000"
484,0.0000,Tx-Rx,0,-75.7326,"-6.00000 -5.60000 0.90000, -8.95000 -5.45000 0.10000"
485,0.0000,Tx-Rx,0,-73.7125,"-6.00000 -5.60000 0.90000, -8.65000 -5.45000 0.10000"
486,0.0000,Tx-Rx,0,-72.8176,"-6.00000 -5.60000 0.90000, -8.35000 -5.45000 0.10000"
487,0.0000,Tx-Rx,0,-48.2574,"-6.00000 -5.60000 0.90000, -8.05000 -5.45000 0.10000"
488,0.0000,Tx-Rx,0,-42.9125,"-6.00000 -5.60000 0.90000, -7.75000 -5.45000 0.10000"
489,0.0000,Tx-Rx,0,-43.8688,"-6.00000 -5.60000 0.90000, -7.45000 -5.45000 0.10000"
490,0.0000,Tx-Rx,0,-41.9422,"-6.00000 -5.60000 0.90000, -7.15000 -5.45000 0.10000"
491,0.0000,Tx-Rx,0,-40.0423,"-6.00000 -5.60000 0.90000, -6.85000 -5.45000 0.10000"
492,0.0000,Tx-Rx,0,-39.0044,"-6.00000 -5.60000 0.90000, -6.55000 -5.45000 0.10000"
493,0.0000,Tx-Rx,0,-38.2935,"-6.00000 -5.60000 0.90000, -6.25000 -5.45000 0.10000"
494,0.0000,Tx-Rx,0,-38.3712,"-6.00000 -5.60000 0.90000, -5.95000 -5.45000 0.10000"
495,0.0000,Tx-Rx,0,-38.2656,"-6.00000 -5.60000 0.90000, -5.65000 -5.45000 0.10000"
496,0.0000,Tx-Rx,0,-38.8517,"-6.00000 -5.60000 0.90000, -5.35000 -5.45000 0.10000"
497,0.0000,Tx-Rx,0,-40.7547,"-6.00000 -5.60000 0.90000, -5.05000 -5.45000 0.10000"
498,0.0000,Tx-Rx,0,-42.5323,"-6.00000 -5.60000 0.90000, -4.75000 -5.45000 0.10000"
499,0.0000,Tx-Rx,0,-42.8847,"-6.00000 -5.60000 0.90000, -4.45000 -5.45000 0.10000"
500,0.0000,Tx-Rx,0,-43.9631,"-6.00000 -5.60000 0.90000, -4.15000 -5.45000 0.10000"
501,0.0000,Tx-Rx,0,-44.8159,"-6.00000 -5.60000 0.90000, -3.85000 -5.45000 0.10000"
502,0.0000,Tx-Rx,0,-45.8082,"-6.00000 -5.60000 0.90000, -3.55000 -5.45000 0.10000"
503,0.0000,Tx-Rx,0,-48.4189,"-6.00000 -5.60000 0.90000, -3.25000 -5.45000 0.10000"
504,0.0000,Tx-Rx,0,-48.6362,"-6.00000 -5.60000 0.90000, -2.95000 -5.45000 0.10000"
505,0.0000,Tx-Rx,0,-50.2947,"-6.00000 -5.60000 0.90000, -2.65000 -5.45000 0.10000"
506,0.0000,Tx-Rx,0,-48.7465,"-6.00000 -5.60000 0.90000, -2.35000 -5.45000 0.10000"
507,0.0000,Tx-Rx,0,-49.2376,"-6.00000 -5.60000 0.90000, -2.05000 -5.45000 0.10000"
508,0.0000,Tx-Rx,0,-50.2932,"-6.00000 -5.60000 0.90000, -1.75000 -5.45000 0.10000"
509,0.0000,Tx-Rx,0,-51.1922,"-6.00000 -5.60000 0.90000, -1.45000 -5.45000 0.10000"
510,0.0000,Tx-Rx,0,-51.0954,"-6.00000 -5.60000 0.90000, -1.15000 -5.45000 0.10000"
511,0.0000,Tx-Rx,0,-51.4779,"-6.00000 -5.60000 0.90000, -0.85000 -5.45000 0.10000"
512,0.0000,Tx-Rx,0,-51.6096,"-6.00000 -5.60000 0.90000, -0.55000 -5.45000 0.10000"
513,0.0000,Tx-Rx,0,-49.2386,"-6.00000 -5.60000 0.90000, -0.25000 -5.45000 0.10000"
514,0.0000,Tx-Rx,0,-54.0793,"-6.00000 -5.60000 0.90000, 0.05000 -5.45000 0.10000"
515,0.0000,Tx-Rx,0,-76.7806,"-6.00000 -5.60000 0.90000, 0.35000 -5.45000 0.10000"
516,0.0000,Tx-Rx,0,-76.6002,"-6.00000 -5.60000 0.90000, 0.65000 -5.45000 0.10000"
517,0.0000,Tx-Rx,0,-76.1006,"-6.00000 -5.60000 0.90000, 0.95000 -5.45000 0.10000"
518,0.0000,Tx-Rx,0,-76.1477,"-6.00000 -5.60000 0.90000, 1.25000 -5.45000 0.10000"
519,0.0000,Tx-Rx,0,-74.6304,"-6.00000 -5.60000 0.90000, 1.55000 -5.45000 0.10000"
520,0.0000,Tx-Rx,0,-75.6595,"-6.00000 -5.60000 0.90000, 1.85000 -5.45000 0.10000"
521,0.0000,Tx-Rx,0,-74.7919,"-6.00000 -5.60000 0.90000, 2.15000 -5.45000 0.10000"
522,0.0000,Tx-Rx,0,-74.7554,"-6.00000 -5.60000 0.90000, 2.45000 -5.45000 0.10000"
523,0.0000,Tx-Rx,0,-76.6864,"-6.00000 -5.60000 0.90000, 2.75000 -5.45000 0.10000"
524,0.0000,Tx-Rx,0,-76.7498,"-6.00000 -5.60000 0.90000, 3.05000 -5.45000 0.10000"
525,0.0000,Tx-Rx,0,-75.8184,"-6.00000 -5.60000 0.90000, 3.35000 -5.45000 0.10000"
526,0.0000,Tx-Rx,0,-76.3950,"-6.00000 -5.60000 0.90000, 3.65000 -5.45000 0.10000"
527,0.0000,Tx-Rx,0,-76.9474,"-6.00000 -5.60000 0.90000, 3.95000 -5.45000 0.10000"
528,0.0000,Tx-Rx,0,-75.4379,"-6.00000 -5.60000 0.90000, 4.25000 -5.45000 0.10000"
529,0.0000,Tx-Rx,0,-75.7052,"-6.00000 -5.60000 0.90000, 4.55000 -5.45000 0.10000"
530,0.0000,Tx-Rx,0,-76.9197,"-6.00000 -5.60000 0.90000, 4.85000 -5.45000 0.10000"
531,0.0000,Tx-Rx,0,-75.7012,"-6.00000 -5.60000 0.90000, 5.15000 -5.45000 0.10000"
532,0.0000,Tx-Rx,0,-76.2987,"-6.00000 -5.60000 0.90000, 5.45000 -5.45000 0.10000"
533,0.0000,Tx-Rx,0,-75.6137,"-6.00000 -5.60000 0.90000, 5.75000 -5.45000 0.10000"
534,0.0000,Tx-Rx,0,-73.6453,"-6.00000 -5.60000 0.90000, 6.05000 -5.45000 0.10000"
535,0.0000,Tx-Rx,0,-70.1180,"-6.00000 -5.60000 0.90000, 6.35000 -5.45000 0.10000"
536,0.0000,Tx-Rx,0,-70.1862,"-6.00000 -5.60000 0.90000, 6.65000 -5.45000 0.10000"
537,0.0000,Tx-Rx,0,-69.4871,"-6.00000 -5.60000 0.90000, 6.95000 -5.45000 0.10000"
538,0.0000,Tx-Rx,0,-69.2400,"-6.00000 -5.60000 0.90000, 7.25000 -5.45000 0.10000"
539,0.0000,Tx-Rx,0,-69.5244,"-6.00000 -5.60000 0.90000, 7.55000 -5.45000 0.10000"
540,0.0000,Tx-Rx,0,-70.3005,"-6.00000 -5.60000 0.90000, 7.85000 -5.45000 0.10000"
541,0.0000,Tx-Rx,0,-72.8834,"-6.00000 -5.60000 0.90000, -9.85000 -5.15000 0.10000"
542,0.0000,Tx-Rx,0,-72.0147,"-6.00000 -5.60000 0.90000, -9.55000 -5.15000 0.10000"
543,0.0000,Tx-Rx,0,-72.1507,"-6.00000 -5.60000 0.90000, -9.25000 -5.15000 0.10000"
544,0.0000,Tx-Rx,0,-75.6936,"-6.00000 -5.60000 0.90000, -8.95000 -5.15000 0.10000"
545,0.0000,Tx-Rx,0,-73.8913,"-6.00000 -5.60000 0.90000, -8.65000 -5.15000 0.10000"
546,0.0000,Tx-Rx,0,-73.4540,"-6.00000 -5.60000 0.90000, -8.35000 -5.15000 0.10000"
547,0.0000,Tx-Rx,0,-48.3830,"-6.00000 -5.60000 0.90000, -8.05000 -5.15000 0.10000"
548,0.0000,Tx-Rx,0,-43.4358,"-6.00000 -5.60000 0.90000, -7.75000 -5.15000 0.10000"
549,0.0000,Tx-Rx,0,-44.6598,"-6.00000 -5.60000 0.90000, -7.45000 -5.15000 0.10000"
550,0.0000,Tx-Rx,0,-44.3811,"-6.00000 -5.60000 0.90000, -7.15000 -5.15000 0.10000"
551,0.0000,Tx-Rx,0,-41.0930,"-6.00000 -5.60000 0.90000, -6.85000 -5.15000 0.10000"
552,0.0000,Tx-Rx,0,-38.7743,"-6.00000 -5.60000 0.90000, -6.55000 -5.15000 0.10000"
553,0.0000,Tx-Rx,0,-38.2207,"-6.00000 -5.60000 0.90000, -6.25000 -5.15000 0.10000"
554,0.0000,Tx-Rx,0,-38.1387,"-6.00000 -5.60000 0.90000, -5.95000 -5.15000 0.10000"
555,0.0000,Tx-Rx,0,-38.3784,"-6.00000 -5.60000 0.90000, -5.65000 -5.15000 0.10000"
556,0.0000,Tx-Rx,0,-39.0438,"-6.00000 -5.60000 0.90000, -5.35000 -5.15000 0.10000"
557,0.0000,Tx-Rx,0,-40.1777,"-6.00000 -5.60000 0.90000, -5.05000 -5.15000 0.10000"
558,0.0000,Tx-Rx,0,-41.8939,"-6.00000 -5.60000 0.90000, -4.75000 -5.15000 0.10000"
559,0.0000,Tx-Rx,0,-44.0016,"-6.00000 -5.60000 0.90000, -4.45000 -5.15000 0.10000"
560,0.0000,Tx-Rx,0,-46.4986,"-6.00000 -5.60000 0.90000, -4.15000 -5.15000 0.10000"
561,0.0000,Tx-Rx,0,-47.6985,"-6.00000 -5.60000 0.90000, -3.85000 -5.15000 0.10000"
562,0.0000,Tx-Rx,0,-47.5547,"-6.00000 -5.60000 0.90000, -3.55000 -5.15000 0.10000"
563,0.0000,Tx-Rx,0,-49.1795,"-6.00000 -5.60000 0.90000, -3.25000 -5.15000 0.10000"
564,0.0000,Tx-Rx,0,-49.1022,"-6.00000 -5.60000 0.90000, -2.95000 -5.15000 0.10000"
565,0.0000,Tx-Rx,0,-50.6719,"-6.00000 -5.60000 0.90000, -2.65000 -5.15000 0.10000"
566,0.0000,Tx-Rx,0,-49.0977,"-6.00000 -5.60000 0.90000, -2.35000 -5.15000 0.10000"
567,0.0000,Tx-Rx,0,-49.5090,"-6.00000 -5.60000 0.90000, -2.05000 -5.15000 0.10000"
568,0.0000,Tx-Rx,0,-50.6665,"-6.00000 -5.60000 0.90000, -1.75000 -5.15000 0.10000"
569,0.0000,Tx-Rx,0,-52.1804,"-6.00000 -5.60000 0.90000, -1.45000 -5.15000 0.10000"
570,0.0000,Tx-Rx,0,-51.8335,"-6.00000 -5.60000 0.90000, -1.15000 -5.15000 0.10000"
571,0.0000,Tx-Rx,0,-52.0254,"-6.00000 -5.60000 0.90000, -0.85000 -5.15000 0.10000"
572,0.0000,Tx-Rx,0,-52.0012,"-6.00000 -5.60000 0.90000, -0.55000 -5.15000 0.10000"
573,0.0000,Tx-Rx,0,-49.1223,"-6.00000 -5.60000 0.90000, -0.25000 -5.15000 0.10000"
574,0.0000,Tx-Rx,0,-54.2325,"-6.00000 -5.60000 0.90000, 0.05000 -5.15000 0.10000"
575,0.0000,Tx-Rx,0,-75.6967,"-6.00000 -5.60000 0.90000, 0.35000 -5.15000 0.10000"
576,0.0000,Tx-Rx,0,-76.9192,"-6.00000 -5.60000 0.90000, 0.65000 -5.15000 0.10000"
577,0.0000,Tx-Rx,0,-76.1443,"-6.00000 -5.60000 0.90000, 0.95000 -5.15000 0.10000"
578,0.0000,Tx-Rx,0,-76.0166,"-6.00000 -5.60000 0.90000, 1.25000 -5.15000 0.10000"
579,0.0000,Tx-Rx,0,-75.0336,"-6.00000 -5.60000 0.90000, 1.55000 -5.15000 0.10000"
580,0.0000,Tx-Rx,0,-75.8745,"-6.00000 -5.60000 0.90000, 1.85000 -5.15000 0.10000"
581,0.0000,Tx-Rx,0,-74.8480,"-6.00000 -5.60000 0.90000, 2.15000 -5.15000 0.10000"
582,0.0000,Tx-Rx,0,-75.1052,"-6.00000 -5.60000 0.90000, 2.45000 -5.15000 0.10000"
583,0.0000,Tx-Rx,0,-76.5840,"-6.00000 -5.60000 0.90000, 2.75000 -5.15000 0.10000"
584,0.0000,Tx-Rx,0,-77.4199,"-6.00000 -5.60000 0.90000, 3.05000 -5.15000 0.10000"
585,0.0000,Tx-Rx,0,-75.9972,"-6.00000 -5.60000 0.90000, 3.35000 -5.15000 0.10000"
586,0.0000,Tx-Rx,0,-76.0499,"-6.00000 -5.60000 0.90000, 3.65000 -5.15000 0.10000"
587,0.0000,Tx-Rx,0,-75.4389,"-6.00000 -5.60000 0.90000, 3.95000 -5.15000 0.10000"
588,0.0000,Tx-Rx,0,-75.8298,"-6.00000 -5.60000 0.90000, 4.25000 -5.15000 0.10000"
589,0.0000,Tx-Rx,0,-76.4009,"-6.00000 -5.60000 0.90000, 4.55000 -5.15000 0.10000"
590,0.0000,Tx-Rx,0,-75.6850,"-6.00000 -5.60000 0.90000, 4.85000 -5.15000 0.10000"
591,0.0000,Tx-Rx,0,-76.8853,"-6.00000 -5.60000 0.90000, 5.15000 -5.15000 0.10000"
592,0.0000,Tx-Rx,0,-76.1909,"-6.00000 -5.60000 0.90000, 5.45000 -5.15000 0.10000"
593,0.0000,Tx-Rx,0,-74.3099,"-6.00000 -5.60000 0.90000, 5.75000 -5.15000 0.10000"
594,0.0000,Tx-Rx,0,-72.4583,"-6.00000 -5.60000 0.90000, 6.05000 -5.15000 0.10000"
595,0.0000,Tx-Rx,0,-70.8825,"-6.00000 -5.60000 0.90000, 6.35000 -5.15000 0.10000"
596,0.0000,Tx-Rx,0,-68.5636,"-6.00000 -5.60000 0.90000, 6.65000 -5.15000 0.10000"
597,0.0000,Tx-Rx,0,-69.3526,"-6.00000 -5.60000 0.90000, 6.95000 -5.15000 0.10000"
598,0.0000,Tx-Rx,0,-69.1753,"-6.00000 -5.60000 0.90000, 7.25000 -5.15000 0.10000"
599,0.0000,Tx-Rx,0,-69.1112,"-6.00000 -5.60000 0.90000, 7.55000 -5.15000 0.10000"
600,0.0000,Tx-Rx,0,-70.7251,"-6.00000 -5.60000 0.90000, 7.85000 -5.15000 0.10000"
601,0.0000,Tx-Rx,0,-72.6692,"-6.00000 -5.60000 0.90000, -9.85000 -4.85000 0.10000"
602,0.0000,Tx-Rx,0,-72.3116,"-6.00000 -5.60000 0.90000, -9.55000 -4.85000 0.10000"
603,0.0000,Tx-Rx,0,-72.3440,"-6.00000 -5.60000 0.90000, -9.25000 -4.85000 0.10000"
604,0.0000,Tx-Rx,0,-76.4206,"-6.00000 -5.60000 0.90000, -8.95000 -4.85000 0.10000"
605,0.0000,Tx-Rx,0,-75.0815,"-6.00000 -5.60000 0.90000, -8.65000 -4.85000 0.10000"
606,0.0000,Tx-Rx,0,-76.1340,"-6.00000 -5.60000 0.90000, -8.35000 -4.85000 0.10000"
607,0.0000,Tx-Rx,0,-51.9964,"-6.00000 -5.60000 0.90000, -8.05000 -4.85000 0.10000"
608,0.0000,Tx-Rx,0,-46.8288,"-6.00000 -5.60000 0.90000, -7.75000 -4.85000 0.10000"
609,0.0000,Tx-Rx,0,-46.6340,"-6.00000 -5.60000 0.90000, -7.45000 -4.85000 0.10000"
610,0.0000,Tx-Rx,0,-44.2792,"-6.00000 -5.60000 0.90000, -7.15000 -4.85000 0.10000"
611,0.0000,Tx-Rx,0,-43.0413,"-6.00000 -5.60000 0.90000, -6.85000 -4.85000 0.10000"
612,0.0000,Tx-Rx,0,-41.4449,"-6.00000 -5.60000 0.90000, -6.55000 -4.85000 0.10000"
613,0.0000,Tx-Rx,0,-40.8019,"-6.00000 -5.60000 0.90000, -6.25000 -4.85000 0.10000"
614,0.0000,Tx-Rx,0,-40.6064,"-6.00000 -5.60000 0.90000, -5.95000 -4.85000 0.10000"
615,0.0000,Tx-Rx,0,-40.8625,"-6.00000 -5.60000 0.90000, -5.65000 -4.85000 0.10000"
616,0.0000,Tx-Rx,0,-41.6107,"-6.00000 -5.60000 0.90000, -5.35000 -4.85000 0.10000"
617,0.0000,Tx-Rx,0,-42.8890,"-6.00000 -5.60000 0.90000, -5.05000 -4.85000 0.10000"
618,0.0000,Tx-Rx,0,-43.4042,"-6.00000 -5.60000 0.90000, -4.75000 -4.85000 0.10000"
619,0.0000,Tx-Rx,0,-44.5245,"-6.00000 -5.60000 0.90000, -4.45000 -4.85000 0.10000"
620,0.0000,Tx-Rx,0,-46.0810,"-6.00000 -5.60000 0.90000, -4.15000 -4.85000 0.10000"
621,0.0000,Tx-Rx,0,-47.0982,"-6.00000 -5.60000 0.90000, -3.85000 -4.85000 0.10000"
622,0.0000,Tx-Rx,0,-49.2208,"-6.00000 -5.60000 0.90000, -3.55000 -4.85000 0.10000"
623,0.0000,Tx-Rx,0,-51.5368,"-6.00000 -5.60000 0.90000, -3.25000 -4.85000 0.10000"
624,0.0000,Tx-Rx,0,-51.6776,"-6.00000 -5.60000 0.90000, -2.95000 -4.85000 0.10000"
625,0.0000,Tx-Rx,0,-51.7221,"-6.00000 -5.60000 0.90000, -2.65000 -4.85000 0.10000"
626,0.0000,Tx-Rx,0,-51.5584,"-6.00000 -5.60000 0.90000, -2.35000 -4.85000 0.10000"
627,0.0000,Tx-Rx,0,-51.3290,"-6.00000 -5.60000 0.90000, -2.05000 -4.85000 0.10000"
628,0.0000,Tx-Rx,0,-51.8036,"-6.00000 -5.60000 0.90000, -1.75000 -4.85000 0.10000"
629,0.0000,Tx-Rx,0,-51.7358,"-6.00000 -5.60000 0.90000, -1.45000 -4.85000 0.10000"
630,0.0000,Tx-Rx,0,-52.1768,"-6.00000 -5.60000 0.90000, -1.15000 -4.85000 0.10000"
631,0.0000,Tx-Rx,0,-52.0079,"-6.00000 -5.60000 0.90000, -0.85000 -4.85000 0.10000"
632,0.0000,Tx-Rx,0,-52.0333,"-6.00000 -5.60000 0.90000, -0.55000 -4.85000 0.10000"
633,0.0000,Tx-Rx,0,-49.3157,"-6.00000 -5.60000 0.90000, -0.25000 -4.85000 0.10000"
634,0.0000,Tx-Rx,0,-54.3961,"-6.00000 -5.60000 0.90000, 0.05000 -4.85000 0.10000"
635,0.0000,Tx-Rx,0,-76.0722,"-6.00000 -5.60000 0.90000, 0.35000 -4.85000 0.10000"
636,0.0000,Tx-Rx,0,-76.6950,"-6.00000 -5.60000 0.90000, 0.65000 -4.85000 0.10000"
637,0.0000,Tx-Rx,0,-76.2855,"-6.00000 -5.60000 0.90000, 0.95000 -4.85000 0.10000"
638,0.0000,Tx-Rx,0,-76.8572,"-6.00000 -5.60000 0.90000, 1.25000 -4.85000 0.10000"
639,0.0000,Tx-Rx,0,-77.0668,"-6.00000 -5.60000 0.90000, 1.55000 -4.85000 0.10000"
640,0.0000,Tx-Rx,0,-75.3932,"-6.00000 -5.60000 0.90000, 1.85000 -4.85000 0.10000"
641,0.0000,Tx-Rx,0,-76.1647,"-6.00000 -5.60000 0.90000, 2.15000 -4.85000 0.10000"
642,0.0000,Tx-Rx,0,-75.9759,"-6.00000 -5.60000 0.90000, 2.45000 -4.85000 0.10000"
643,0.0000,Tx-Rx,0,-77.6488,"-6.00000 -5.60000 0.90000, 2.75000 -4.85000 0.10000"
644,0.0000,Tx-Rx,0,-77.3016,"-6.00000 -5.60000 0.90000, 3.05000 -4.85000 0.10000"
645,0.0000,Tx-Rx,0,-76.7629,"-6.00000 -5.60000 0.90000, 3.35000 -4.85000 0.10000"
646,0.0000,Tx-Rx,0,-77.7303,"-6.00000 -5.60000 0.90000, 3.65000 -4.85000 0.10000"
647,0.0000,Tx-Rx,0,-75.7969,"-6.00000 -5.60000 0.90000, 3.95000 -4.85000 0.10000"
648,0.0000,Tx-Rx,0,-75.8136,"-6.00000 -5.60000 0.90000, 4.25000 -4.85000 0.10000"
649,0.0000,Tx-Rx,0,-76.5710,"-6.00000 -5.60000 0.90000, 4.55000 -4.85000 0.10000"
650,0.0000,Tx-Rx,0,-76.5659,"-6.00000 -5.60000 0.90000, 4.85000 -4.85000 0.10000"
651,0.0000,Tx-Rx,0,-76.9653,"-6.00000 -5.60000 0.90000, 5.15000 -4.85000 0.10000"
652,0.0000,Tx-Rx,0,-75.4901,"-6.00000 -5.60000 0.90000, 5.45000 -4.85000 0.10000"
653,0.0000,Tx-Rx,0,-73.2801,"-6.00000 -5.60000 0.90000, 5.75000 -4.85000 0.10000"
654,0.0000,Tx-Rx,0,-71.7556,"-6.00000 -5.60000 0.90000, 6.05000 -4.85000 0.10000"
655,0.0000,Tx-Rx,0,-69.6392,"-6.00000 -5.60000 0.90000, 6.35000 -4.85000 0.10000"
656,0.0000,Tx-Rx,0,-69.1482,"-6.00000 -5.60000 0.90000, 6.65000 -4.85000 0.10000"
657,0.0000,Tx-Rx,0,-69.2348,"-6.00000 -5.60000 0.90000, 6.95000 -4.85000 0.10000"
658,0.0000,Tx-Rx,0,-68.9370,"-6.00000 -5.60000 0.90000, 7.25000 -4.85000 0.10000"
659,0.0000,Tx-Rx,0,-69.8535,"-6.00000 -5.60000 0.90000, 7.55000 -4.85000 0.10000"
660,0.0000,Tx-Rx,0,-68.8285,"-6.00000 -5.60000 0.90000, 7.85000 -4.85000 0.10000"
661,0.0000,Tx-Rx,0,-72.9808,"-6.00000 -5.60000 0.90000, -9.85000 -4.55000 0.10000"
662,0.0000,Tx-Rx,0,-72.2338,"-6.00000 -5.60000 0.90000, -9.55000 -4.55000 0.10000"
663,0.0000,Tx-Rx,0,-72.1998,"-6.00000 -5.60000 0.90000, -9.25000 -4.55000 0.10000"
664,0.0000,Tx-Rx,0,-76.7393,"-6.00000 -5.60000 0.90000, -8.95000 -4.55000 0.10000"
665,0.0000,Tx-Rx,0,-76.7312,"-6.00000 -5.60000 0.90000, -8.65000 -4.55000 0.10000"
666,0.0000,Tx-Rx,0,-78.3394,"-6.00000 -5.60000 0.90000, -8.35000 -4.55000 0.10000"
667,0.0000,Tx-Rx,0,-51.5647,"-6.00000 -5.60000 0.90000, -8.05000 -4.55000 0.10000"
668,0.0000,Tx-Rx,0,-46.8604,"-6.00000 -5.60000 0.90000, -7.75000 -4.55000 0.10000"
669,0.0000,Tx-Rx,0,-46.4191,"-6.00000 -5.60000 0.90000, -7.45000 -4.55000 0.10000"
670,0.0000,Tx-Rx,0,-46.7954,"-6.00000 -5.60000 0.90000, -7.15000 -4.55000 0.10000"
671,0.0000,Tx-Rx,0,-46.2736,"-6.00000 -5.60000 0.90000, -6.85000 -4.55000 0.10000"
672,0.0000,Tx-Rx,0,-45.7167,"-6.00000 -5.60000 0.90000, -6.55000 -4.55000 0.10000"
673,0.0000,Tx-Rx,0,-45.4285,"-6.00000 -5.60000 0.90000, -6.25000 -4.55000 0.10000"
674,0.0000,Tx-Rx,0,-45.2400,"-6.00000 -5.60000 0.90000, -5.95000 -4.55000 0.10000"
675,0.0000,Tx-Rx,0,-45.0981,"-6.00000 -5.60000 0.90000, -5.65000 -4.55000 0.10000"
676,0.0000,Tx-Rx,0,-45.1452,"-6.00000 -5.60000 0.90000, -5.35000 -4.55000 0.10000"
677,0.0000,Tx-Rx,0,-46.1994,"-6.00000 -5.60000 0.90000, -5.05000 -4.55000 0.10000"
678,0.0000,Tx-Rx,0,-47.0359,"-6.00000 -5.60000 0.90000, -4.75000 -4.55000 0.10000"
679,0.0000,Tx-Rx,0,-46.5551,"-6.00000 -5.60000 0.90000, -4.45000 -4.55000 0.10000"
680,0.0000,Tx-Rx,0,-48.1817,"-6.00000 -5.60000 0.90000, -4.15000 -4.55000 0.10000"
681,0.0000,Tx-Rx,0,-49.4900,"-6.00000 -5.60000 0.90000, -3.85000 -4.55000 0.10000"
682,0.0000,Tx-Rx,0,-50.1462,"-6.00000 -5.60000 0.90000, -3.55000 -4.55000 0.10000"
683,0.0000,Tx-Rx,0,-50.7750,"-6.00000 -5.60000 0.90000, -3.25000 -4.55000 0.10000"
684,0.0000,Tx-Rx,0,-51.4297,"-6.00000 -5.60000 0.90000, -2.95000 -4.55000 0.10000"
685,0.0000,Tx-Rx,0,-52.1302,"-6.00000 -5.60000 0.90000, -2.65000 -4.55000 0.10000"
686,0.0000,Tx-Rx,0,-52.2834,"-6.00000 -5.60000 0.90000, -2.35000 -4.55000 0.10000"
687,0.0000,Tx-Rx,0,-52.3674,"-6.00000 -5.60000 0.90000, -2.05000 -4.55000 0.10000"
688,0.0000,Tx-Rx,0,-52.6195,"-6.00000 -5.60000 0.90000, -1.75000 -4.55000 0.10000"
689,0.0000,Tx-Rx,0,-52.8338,"-6.00000 -5.60000 0.90000, -1.45000 -4.55000 0.10000"
690,0.0000,Tx-Rx,0,-52.3607,"-6.00000 -5.60000 0.90000, -1.15000 -4.55000 0.10000"
691,0.0000,Tx-Rx,0,-52.7547,"-6.00000 -5.60000 0.90000, -0.85000 -4.55000 0.10000"
692,0.0000,Tx-Rx,0,-52.1585,"-6.00000 -5.60000 0.90000, -0.55000 -4.55000 0.10000"
693,0.0000,Tx-Rx,0,-49.4457,"-6.00000 -5.60000 0.90000, -0.25000 -4.55000 0.10000"
694,0.0000,Tx-Rx,0,-54.1808,"-6.00000 -5.60000 0.90000, 0.05000 -4.55000 0.10000"
695,0.0000,Tx-Rx,0,-75.6102,"-6.00000 -5.60000 0.90000, 0.35000 -4.55000 0.10000"
696,0.0000,Tx-Rx,0,-76.9697,"-6.00000 -5.60000 0.90000, 0.65000 -4.55000 0.10000"
697,0.0000,Tx-Rx,0,-75.4793,"-6.00000 -5.60000 0.90000, 0.95000 -4.55000 0.10000"
698,0.0000,Tx-Rx,0,-75.9977,"-6.00000 -5.60000 0.90000, 1.25000 -4.55000 0.10000"
699,0.0000,Tx-Rx,0,-76.7069,"-6.00000 -5.60000 0.90000, 1.55000 -4.55000 0.10000"
700,0.0000,Tx-Rx,0,-74.2951,"-6.00000 -5.60000 0.90000, 1.85000 -4.55000 0.10000"
701,0.0000,Tx-Rx,0,-76.3668,"-6.00000 -5.60000 0.90000, 2.15000 -4.55000 0.10000"
702,0.0000,Tx-Rx,0,-77.4896,"-6.00000 -5.60000 0.90000, 2.45000 -4.55000 0.10000"
703,0.0000,Tx-Rx,0,-80.6343,"-6.00000 -5.60000 0.90000, 2.75000 -4.55000 0.10000"
704,0.0000,Tx-Rx,0,-75.2511,"-6.00000 -5.60000 0.90000, 3.05000 -4.55000 0.10000"
705,0.0000,Tx-Rx,0,-78.9380,"-6.00000 -5.60000 0.90000, 3.35000 -4.55000 0.10000"
706,0.0000,Tx-Rx,0,-76.9047,"-6.00000 -5.60000 0.90000, 3.65000 -4.55000 0.10000"
707,0.0000,Tx-Rx,0,-76.2231,"-6.00000 -5.60000 0.90000, 3.95000 -4.55000 0.10000"
708,0.0000,Tx-Rx,0,-75.6763,"-6.00000 -5.60000 0.90000, 4.25000 -4.55000 0.10000"
709,0.0000,Tx-Rx,0,-78.6114,"-6.00000 -5.60000 0.90000, 4.55000 -4.55000 0.10000"
710,0.0000,Tx-Rx,0,-76.5893,"-6.00000 -5.60000 0.90000, 4.85000 -4.55000 0.10000"
711,0.0000,Tx-Rx,0,-78.1526,"-6.00000 -5.60000 0.90000, 5.15000 -4.55000 0.10000"
712,0.0000,Tx-Rx,0,-74.6786,"-6.00000 -5.60000 0.90000, 5.45000 -4.55000 0.10000"
713,0.0000,Tx-Rx,0,-71.6005,"-6.00000 -5.60000 0.90000, 5.75000 -4.55000 0.10000"
714,0.0000,Tx-Rx,0,-71.0823,"-6.00000 -5.60000 0.90000, 6.05000 -4.55000 0.10000"
715,0.0000,Tx-Rx,0,-69.1370,"-6.00000 -5.60000 0.90000, 6.35000 -4.55000 0.10000"
716,0.0000,Tx-Rx,0,-70.1672,"-6.00000 -5.60000 0.90000, 6.65000 -4.55000 0.10000"
717,0.0000,Tx-Rx,0,-69.3839,"-6.00000 -5.60000 0.90000, 6.95000 -4.55000 0.10000"
718,0.0000,Tx-Rx,0,-69.3364,"-6.00000 -5.60000 0.90000, 7.25000 -4.55000 0.10000"
719,0.0000,Tx-Rx,0,-69.1839,"-6.00000 -5.60000 0.90000, 7.55000 -4.55000 0.10000"
720,0.0000,Tx-Rx,0,-66.8358,"-6.00000 -5.60000 0.90000, 7.85000 -4.55000 0.10000"
721,0.0000,Tx-Rx,0,-73.4194,"-6.00000 -5.60000 0.90000, -9.85000 -4.25000 0.10000"
722,0.0000,Tx-Rx,0,-72.4439,"-6.00000 -5.60000 0.90000, -9.55000 -4.25000 0.10000"
723,0.0000,Tx-Rx,0,-72.7125,"-6.00000 -5.60000 0.90000, -9.25000 -4.25000 0.10000"
724,0.0000,Tx-Rx,0,-76.5455,"-6.00000 -5.60000 0.90000, -8.95000 -4.25000 0.10000"
725,0.0000,Tx-Rx,0,-76.1136,"-6.00000 -5.60000 0.90000, -8.65000 -4.25000 0.10000"
726,0.0000,Tx-Rx,0,-75.8841,"-6.00000 -5.60000 0.90000, -8.35000 -4.25000 0.10000"
727,0.0000,Tx-Rx,0,-49.5465,"-6.00000 -5.60000 0.90000, -8.05000 -4.25000 0.10000"
728,0.0000,Tx-Rx,0,-44.8582,"-6.00000 -5.60000 0.90000, -7.75000 -4.25000 0.10000"
729,0.0000,Tx-Rx,0,-44.4500,"-6.00000 -5.60000 0.90000, -7.45000 -4.25000 0.10000"
730,0.0000,Tx-Rx,0,-44.7962,"-6.00000 -5.60000 0.90000, -7.15000 -4.25000 0.10000"
731,0.0000,Tx-Rx,0,-44.1094,"-6.00000 -5.60000 0.90000, -6.85000 -4.25000 0.10000"
732,0.0000,Tx-Rx,0,-43.5172,"-6.00000 -5.60000 0.90000, -6.55000 -4.25000 0.10000"
733,0.0000,Tx-Rx,0,-43.3148,"-6.00000 -5.60000 0.90000, -6.25000 -4.25000 0.10000"
734,0.0000,Tx-Rx,0,-43.2073,"-6.00000 -5.60000 0.90000, -5.95000 -4.25000 0.10000"
735,0.0000,Tx-Rx,0,-43.5822,"-6.00000 -5.60000 0.90000, -5.65000 -4.25000 0.10000"
736,0.0000,Tx-Rx,0,-43.7359,"-6.00000 -5.60000 0.90000, -5.35000 -4.25000 0.10000"
737,0.0000,Tx-Rx,0,-44.4666,"-6.00000 -5.60000 0.90000, -5.05000 -4.25000 0.10000"
738,0.0000,Tx-Rx,0,-45.3135,"-6.00000 -5.60000 0.90000, -4.75000 -4.25000 0.10000"
739,0.0000,Tx-Rx,0,-46.0048,"-6.00000 -5.60000 0.90000, -4.45000 -4.25000 0.10000"
740,0.0000,Tx-Rx,0,-45.9901,"-6.00000 -5.60000 0.90000, -4.15000 -4.25000 0.10000"
741,0.0000,Tx-Rx,0,-47.5813,"-6.00000 -5.60000 0.90000, -3.85000 -4.25000 0.10000"
742,0.0000,Tx-Rx,0,-48.5067,"-6.00000 -5.60000 0.90000, -3.55000 -4.25000 0.10000"
743,0.0000,Tx-Rx,0,-49.0056,"-6.00000 -5.60000 0.90000, -3.25000 -4.25000 0.10000"
744,0.0000,Tx-Rx,0,-49.8143,"-6.00000 -5.60000 0.90000, -2.95000 -4.25000 0.10000"
745,0.0000,Tx-Rx,0,-50.3799,"-6.00000 -5.60000 0.90000, -2.65000 -4.25000 0.10000"
746,0.0000,Tx-Rx,0,-51.2321,"-6.00000 -5.60000 0.90000, -2.35000 -4.25000 0.10000"
747,0.0000,Tx-Rx,0,-51.8621,"-6.00000 -5.60000 0.90000, -2.05000 -4.25000 0.10000"
748,0.0000,Tx-Rx,0,-52.1865,"-6.00000 -5.60000 0.90000, -1.75000 -4.25000 0.10000"
749,0.0000,Tx-Rx,0,-52.3676,"-6.00000 -5.60000 0.90000, -1.45000 -4.25000 0.10000"
750,0.0000,Tx-Rx,0,-52.5016,"-6.00000 -5.60000 0.90000, -1.15000 -4.25000 0.10000"
751,0.0000,Tx-Rx,0,-52.9074,"-6.00000 -5.60000 0.90000, -0.85000 -4.25000 0.10000"
752,0.0000,Tx-Rx,0,-52.4940,"-6.00000 -5.60000 0.90000, -0.55000 -4.25000 0.10000"
753,0.0000,Tx-Rx,0,-49.6221,"-6.00000 -5.60000 0.90000, -0.25000 -4.25000 0.10000"
754,0.0000,Tx-Rx,0,-54.6375,"-6.00000 -5.60000 0.90000, 0.05000 -4.25000 0.10000"
755,0.0000,Tx-Rx,0,-76.5536,"-6.00000 -5.60000 0.90000, 0.35000 -4.25000 0.10000"
756,0.0000,Tx-Rx,0,-76.0169,"-6.00000 -5.60000 0.90000, 0.65000 -4.25000 0.10000"
757,0.0000,Tx-Rx,0,-76.5524,"-6.00000 -5.60000 0.90000, 0.95000 -4.25000 0.10000"
758,0.0000,Tx-Rx,0,-75.3019,"-6.00000 -5.60000 0.90000, 1.25000 -4.25000 0.10000"
759,0.0000,Tx-Rx,0,-75.2696,"-6.00000 -5.60000 0.90000, 1.55000 -4.25000 0.10000"
760,0.0000,Tx-Rx,0,-75.0618,"-6.00000 -5.60000 0.90000, 1.85000 -4.25000 0.10000"
761,0.0000,Tx-Rx,0,-75.6250,"-6.00000 -5.60000 0.90000, 2.15000 -4.25000 0.10000"
762,0.0000,Tx-Rx,0,-77.9215,"-6.00000 -5.60000 0.90000, 2.45000 -4.25000 0.10000"
763,0.0000,Tx-Rx,0,-75.9801,"-6.00000 -5.60000 0.90000, 2.75000 -4.25000 0.10000"
764,0.0000,Tx-Rx,0,-77.4526,"-6.00000 -5.60000 0.90000, 3.05000 -4.25000 0.10000"
765,0.0000,Tx-Rx,0,-78.2176,"-6.00000 -5.60000 0.90000, 3.35000 -4.25000 0.10000"
766,0.0000,Tx-Rx,0,-77.8974,"-6.00000 -5.60000 0.90000, 3.65000 -4.25000 0.10000"
767,0.0000,Tx-Rx,0,-75.9941,"-6.00000 -5.60000 0.90000, 3.95000 -4.25000 0.10000"
768,0.0000,Tx-Rx,0,-76.5358,"-6.00000 -5.60000 0.90000, 4.25000 -4.25000 0.10000"
769,0.0000,Tx-Rx,0,-79.1449,"-6.00000 -5.60000 0.90000, 4.55000 -4.25000 0.10000"
770,0.0000,Tx-Rx,0,-77.7856,"-6.00000 -5.60000 0.90000, 4.85000 -4.25000 0.10000"
771,0.0000,Tx-Rx,0,-76.6094,"-6.00000 -5.60000 0.90000, 5.15000 -4.25000 0.10000"
772,0.0000,Tx-Rx,0,-72.8441,"-6.00000 -5.60000 0.90000, 5.45000 -4.25000 0.10000"
773,0.0000,Tx-Rx,0,-71.6693,"-6.00000 -5.60000 0.90000, 5.75000 -4.25000 0.10000"
774,0.0000,Tx-Rx,0,-69.1049,"-6.00000 -5.60000 0.90000, 6.05000 -4.25000 0.10000"
775,0.0000,Tx-Rx,0,-69.4479,"-6.00000 -5.60000 0.90000, 6.35000 -4.25000 0.10000"
776,0.0000,Tx-Rx,0,-69.8506,"-6.00000 -5.60000 0.90000, 6.65000 -4.25000 0.10000"
777,0.0000,Tx-Rx,0,-71.4539,"-6.00000 -5.60000 0.90000, 6.95000 -4.25000 0.10000"
778,0.0000,Tx-Rx,0,-70.0803,"-6.00000 -5.60000 0.90000, 7.25000 -4.25000 0.10000"
779,0.0000,Tx-Rx,0,-67.2553,"-6.00000 -5.60000 0.90000, 7.55000 -4.25000 0.10000"
780,0.0000,Tx-Rx,0,-66.4282,"-6.00000 -5.60000 0.90000, 7.85000 -4.25000 0.10000"
781,0.0000,Tx-Rx,0,-73.2765,"-6.00000 -5.60000 0.90000, -9.85000 -3.95000 0.10000"
782,0.0000,Tx-Rx,0,-72.9495,"-6.00000 -5.60000 0.90000, -9.55000 -3.95000 0.10000"
783,0.0000,Tx-Rx,0,-72.4165,"-6.00000 -5.60000 0.90000, -9.25000 -3.95000 0.10000"
784,0.0000,Tx-Rx,0,-72.1218,"-6.00000 -5.60000 0.90000, -8.95000 -3.95000 0.10000"
785,0.0000,Tx-Rx,0,-72.0545,"-6.00000 -5.60000 0.90000, -8.65000 -3.95000 0.10000"
786,0.0000,Tx-Rx,0,-71.8666,"-6.00000 -5.60000 0.90000, -8.35000 -3.95000 0.10000"
787,0.0000,Tx-Rx,0,-47.4056,"-6.00000 -5.60000 0.90000, -8.05000 -3.95000 0.10000"
788,0.0000,Tx-Rx,0,-42.3285,"-6.00000 -5.60000 0.90000, -7.75000 -3.95000 0.10000"
789,0.0000,Tx-Rx,0,-41.9913,"-6.00000 -5.60000 0.90000, -7.45000 -3.95000 0.10000"
790,0.0000,Tx-Rx,0,-41.9492,"-6.00000 -5.60000 0.90000, -7.15000 -3.95000 0.10000"
791,0.0000,Tx-Rx,0,-41.5260,"-6.00000 -5.60000 0.90000, -6.85000 -3.95000 0.10000"
792,0.0000,Tx-Rx,0,-41.1006,"-6.00000 -5.60000 0.90000, -6.55000 -3.95000 0.10000"
793,0.0000,Tx-Rx,0,-40.8738,"-6.00000 -5.60000 0.90000, -6.25000 -3.95000 0.10000"
794,0.0000,Tx-Rx,0,-40.8466,"-6.00000 -5.60000 0.90000, -5.95000 -3.95000 0.10000"
795,0.0000,Tx-Rx,0,-40.9958,"-6.00000 -5.60000 0.90000, -5.65000 -3.95000 0.10000"
796,0.0000,Tx-Rx,0,-41.1552,"-6.00000 -5.60000 0.90000, -5.35000 -3.95000 0.10000"
797,0.0000,Tx-Rx,0,-41.8402,"-6.00000 -5.60000 0.90000, -5.05000 -3.95000 0.10000"
798,0.0000,Tx-Rx,0,-42.5230,"-6.00000 -5.60000 0.90000, -4.75000 -3.95000 0.10000"
799,0.0000,Tx-Rx,0,-43.1353,"-6.00000 -5.60000 0.90000, -4.45000 -3.95000 0.10000"
800,0.0000,Tx-Rx,0,-43.7846,"-6.00000 -5.60000 0.90000, -4.15000 -3.95000 0.10000"
801,0.0000,Tx-Rx,0,-44.2747,"-6.00000 -5.60000 0.90000, -3.85000 -3.95000 0.10000"
802,0.0000,Tx-Rx,0,-45.0945,"-6.00000 -5.60000 0.90000, -3.55000 -3.95000 0.10000"
803,0.0000,Tx-Rx,0,-45.6608,"-6.00000 -5.60000 0.90000, -3.25000 -3.95000 0.10000"
804,0.0000,Tx-Rx,0,-46.2598,"-6.00000 -5.60000 0.90000, -2.95000 -3.95000 0.10000"
805,0.0000,Tx-Rx,0,-46.8709,"-6.00000 -5.60000 0.90000, -2.65000 -3.95000 0.10000"
806,0.0000,Tx-Rx,0,-47.2541,"-6.00000 -5.60000 0.90000, -2.35000 -3.95000 0.10000"
807,0.0000,Tx-Rx,0,-47.6469,"-6.00000 -5.60000 0.90000, -2.05000 -3.95000 0.10000"
808,0.0000,Tx-Rx,0,-48.2537,"-6.00000 -5.60000 0.90000, -1.75000 -3.95000 0.10000"
809,0.0000,Tx-Rx,0,-48.7806,"-6.00000 -5.60000 0.90000, -1.45000 -3.95000 0.10000"
810,0.0000,Tx-Rx,0,-49.2158,"-6.00000 -5.60000 0.90000, -1.15000 -3.95000 0.10000"
811,0.0000,Tx-Rx,0,-49.6561,"-6.00000 -5.60000 0.90000, -0.85000 -3.95000 0.10000"
812,0.0000,Tx-Rx,0,-49.9419,"-6.00000 -5.60000 0.90000, -0.55000 -3.95000 0.10000"
813,0.0000,Tx-Rx,0,-49.9688,"-6.00000 -5.60000 0.90000, -0.25000 -3.95000 0.10000"
814,0.0000,Tx-Rx,0,-54.8559,"-6.00000 -5.60000 0.90000, 0.05000 -3.95000 0.10000"
815,0.0000,Tx-Rx,0,-76.6174,"-6.00000 -5.60000 0.90000, 0.35000 -3.95000 0.10000"
816,0.0000,Tx-Rx,0,-77.5130,"-6.00000 -5.60000 0.90000, 0.65000 -3.95000 0.10000"
817,0.0000,Tx-Rx,0,-76.7799,"-6.00000 -5.60000 0.90000, 0.95000 -3.95000 0.10000"
818,0.0000,Tx-Rx,0,-76.1966,"-6.00000 -5.60000 0.90000, 1.25000 -3.95000 0.10000"
819,0.0000,Tx-Rx,0,-75.1308,"-6.00000 -5.60000 0.90000, 1.55000 -3.95000 0.10000"
820,0.0000,Tx-Rx,0,-74.7479,"-6.00000 -5.60000 0.90000, 1.85000 -3.95000 0.10000"
821,0.0000,Tx-Rx,0,-75.3871,"-6.00000 -5.60000 0.90000, 2.15000 -3.95000 0.10000"
822,0.0000,Tx-Rx,0,-76.3313,"-6.00000 -5.60000 0.90000, 2.45000 -3.95000 0.10000"
823,0.0000,Tx-Rx,0,-74.6768,"-6.00000 -5.60000 0.90000, 2.75000 -3.95000 0.10000"
824,0.0000,Tx-Rx,0,-79.2724,"-6.00000 -5.60000 0.90000, 3.05000 -3.95000 0.10000"
825,0.0000,Tx-Rx,0,-80.0515,"-6.00000 -5.60000 0.90000, 3.35000 -3.95000 0.10000"
826,0.0000,Tx-Rx,0,-76.5963,"-6.00000 -5.60000 0.90000, 3.65000 -3.95000 0.10000"
827,0.0000,Tx-Rx,0,-76.1601,"-6.00000 -5.60000 0.90000, 3.95000 -3.95000 0.10000"
828,0.0000,Tx-Rx,0,-75.3893,"-6.00000 -5.60000 0.90000, 4.25000 -3.95000 0.10000"
829,0.0000,Tx-Rx,0,-77.4677,"-6.00000 -5.60000 0.90000, 4.55000 -3.95000 0.10000"
830,0.0000,Tx-Rx,0,-76.2253,"-6.00000 -5.60000 0.90000, 4.85000 -3.95000 0.10000"
831,0.0000,Tx-Rx,0,-73.8015,"-6.00000 -5.60000 0.90000, 5.15000 -3.95000 0.10000"
832,0.0000,Tx-Rx,0,-71.1719,"-6.00000 -5.60000 0.90000, 5.45000 -3.95000 0.10000"
833,0.0000,Tx-Rx,0,-69.5696,"-6.00000 -5.60000 0.90000, 5.75000 -3.95000 0.10000"
834,0.0000,Tx-Rx,0,-69.3443,"-6.00000 -5.60000 0.90000, 6.05000 -3.95000 0.10000"
835,0.0000,Tx-Rx,0,-69.3930,"-6.00000 -5.60000 0.90000, 6.35000 -3.95000 0.10000"
836,0.0000,Tx-Rx,0,-70.1038,"-6.00000 -5.60000 0.90000, 6.65000 -3.95000 0.10000"
837,0.0000,Tx-Rx,0,-73.4719,"-6.00000 -5.60000 0.90000, 6.95000 -3.95000 0.10000"
838,0.0000,Tx-Rx,0,-69.3951,"-6.00000 -5.60000 0.90000, 7.25000 -3.95000 0.10000"
839,0.0000,Tx-Rx,0,-66.2976,"-6.00000 -5.60000 0.90000, 7.55000 -3.95000 0.10000"
840,0.0000,Tx-Rx,0,-66.3341,"-6.00000 -5.60000 0.90000, 7.85000 -3.95000 0.10000"
841,0.0000,Tx-Rx,0,-73.5202,"-6.00000 -5.60000 0.90000, -9.85000 -3.65000 0.10000"
842,0.0000,Tx-Rx,0,-73.5764,"-6.00000 -5.60000 0.90000, -9.55000 -3.65000 0.10000"
843,0.0000,Tx-Rx,0,-72.5266,"-6.00000 -5.60000 0.90000, -9.25000 -3.65000 0.10000"
844,0.0000,Tx-Rx,0,-72.1215,"-6.00000 -5.60000 0.90000, -8.95000 -3.65000 0.10000"
845,0.0000,Tx-Rx,0,-72.0173,"-6.00000 -5.60000 0.90000, -8.65000 -3.65000 0.10000"
846,0.0000,Tx-Rx,0,-72.0446,"-6.00000 -5.60000 0.90000, -8.35000 -3.65000 0.10000"
847,0.0000,Tx-Rx,0,-48.1154,"-6.00000 -5.60000 0.90000, -8.05000 -3.65000 0.10000"
848,0.0000,Tx-Rx,0,-42.7992,"-6.00000 -5.60000 0.90000, -7.75000 -3.65000 0.10000"
849,0.0000,Tx-Rx,0,-42.6503,"-6.00000 -5.60000 0.90000, -7.45000 -3.65000 0.10000"
850,0.0000,Tx-Rx,0,-42.6958,"-6.00000 -5.60000 0.90000, -7.15000 -3.65000 0.10000"
851,0.0000,Tx-Rx,0,-42.3710,"-6.00000 -5.60000 0.90000, -6.85000 -3.65000 0.10000"
852,0.0000,Tx-Rx,0,-42.2253,"-6.00000 -5.60000 0.90000, -6.55000 -3.65000 0.10000"
853,0.0000,Tx-Rx,0,-42.0389,"-6.00000 -5.60000 0.90000, -6.25000 -3.65000 0.10000"
854,0.0000,Tx-Rx,0,-42.0340,"-6.00000 -5.60000 0.90000, -5.95000 -3.65000 0.10000"
855,0.0000,Tx-Rx,0,-42.0809,"-6.00000 -5.60000 0.90000, -5.65000 -3.65000 0.10000"
856,0.0000,Tx-Rx,0,-42.1783,"-6.00000 -5.60000 0.90000, -5.35000 -3.65000 0.10000"
857,0.0000,Tx-Rx,0,-42.7714,"-6.00000 -5.60000 0.90000, -5.05000 -3.65000 0.10000"
858,0.0000,Tx-Rx,0,-43.3061,"-6.00000 -5.60000 0.90000, -4.75000 -3.65000 0.10000"
859,0.0000,Tx-Rx,0,-43.7596,"-6.00000 -5.60000 0.90000, -4.45000 -3.65000 0.10000"
860,0.0000,Tx-Rx,0,-44.3376,"-6.00000 -5.60000 0.90000, -4.15000 -3.65000 0.10000"
861,0.0000,Tx-Rx,0,-44.8615,"-6.00000 -5.60000 0.90000, -3.85000 -3.65000 0.10000"
862,0.0000,Tx-Rx,0,-45.3429,"-6.00000 -5.60000 0.90000, -3.55000 -3.65000 0.10000"
863,0.0000,Tx-Rx,0,-45.9792,"-6.00000 -5.60000 0.90000, -3.25000 -3.65000 0.10000"
864,0.0000,Tx-Rx,0,-46.4775,"-6.00000 -5.60000 0.90000, -2.95000 -3.65000 0.10000"
865,0.0000,Tx-Rx,0,-46.9402,"-6.00000 -5.60000 0.90000, -2.65000 -3.65000 0.10000"
866,0.0000,Tx-Rx,0,-47.4276,"-6.00000 -5.60000 0.90000, -2.35000 -3.65000 0.10000"
867,0.0000,Tx-Rx,0,-47.7831,"-6.00000 -5.60000 0.90000, -2.05000 -3.65000 0.10000"
868,0.0000,Tx-Rx,0,-48.1040,"-6.00000 -5.60000 0.90000, -1.75000 -3.65000 0.10000"
869,0.0000,Tx-Rx,0,-48.6588,"-6.00000 -5.60000 0.90000, -1.45000 -3.65000 0.10000"
870,0.0000,Tx-Rx,0,-49.0991,"-6.00000 -5.60000 0.90000, -1.15000 -3.65000 0.10000"
871,0.0000,Tx-Rx,0,-49.4265,"-6.00000 -5.60000 0.90000, -0.85000 -3.65000 0.10000"
872,0.0000,Tx-Rx,0,-49.7560,"-6.00000 -5.60000 0.90000, -0.55000 -3.65000 0.10000"
873,0.0000,Tx-Rx,0,-49.9068,"-6.00000 -5.60000 0.90000, -0.25000 -3.65000 0.10000"
874,0.0000,Tx-Rx,0,-54.8472,"-6.00000 -5.60000 0.90000, 0.05000 -3.65000 0.10000"
875,0.0000,Tx-Rx,0,-75.5369,"-6.00000 -5.60000 0.90000, 0.35000 -3.65000 0.10000"
876,0.0000,Tx-Rx,0,-75.8674,"-6.00000 -5.60000 0.90000, 0.65000 -3.65000 0.10000"
877,0.0000,Tx-Rx,0,-76.4626,"-6.00000 -5.60000 0.90000, 0.95000 -3.65000 0.10000"
878,0.0000,Tx-Rx,0,-76.1105,"-6.00000 -5.60000 0.90000, 1.25000 -3.65000 0.10000"
879,0.0000,Tx-Rx,0,-75.4880,"-6.00000 -5.60000 0.90000, 1.55000 -3.65000 0.10000"
880,0.0000,Tx-Rx,0,-75.7007,"-6.00000 -5.60000 0.90000, 1.85000 -3.65000 0.10000"
881,0.0000,Tx-Rx,0,-75.6275,"-6.00000 -5.60000 0.90000, 2.15000 -3.65000 0.10000"
882,0.0000,Tx-Rx,0,-74.4161,"-6.00000 -5.60000 0.90000, 2.45000 -3.65000 0.10000"
883,0.0000,Tx-Rx,0,-73.9553,"-6.00000 -5.60000 0.90000, 2.75000 -3.65000 0.10000"
884,0.0000,Tx-Rx,0,-76.3560,"-6.00000 -5.60000 0.90000, 3.05000 -3.65000 0.10000"
885,0.0000,Tx-Rx,0,-75.5647,"-6.00000 -5.60000 0.90000, 3.35000 -3.65000 0.10000"
886,0.0000,Tx-Rx,0,-74.0595,"-6.00000 -5.60000 0.90000, 3.65000 -3.65000 0.10000"
887,0.0000,Tx-Rx,0,-73.9699,"-6.00000 -5.60000 0.90000, 3.95000 -3.65000 0.10000"
888,0.0000,Tx-Rx,0,-74.7263,"-6.00000 -5.60000 0.90000, 4.25000 -3.65000 0.10000"
889,0.0000,Tx-Rx,0,-74.6833,"-6.00000 -5.60000 0.90000, 4.55000 -3.65000 0.10000"
890,0.0000,Tx-Rx,0,-73.6305,"-6.00000 -5.60000 0.90000, 4.85000 -3.65000 0.10000"
891,0.0000,Tx-Rx,0,-70.6853,"-6.00000 -5.60000 0.90000, 5.15000 -3.65000 0.10000"
892,0.0000,Tx-Rx,0,-69.7728,"-6.00000 -5.60000 0.90000, 5.45000 -3.65000 0.10000"
893,0.0000,Tx-Rx,0,-68.5966,"-6.00000 -5.60000 0.90000, 5.75000 -3.65000 0.10000"
894,0.0000,Tx-Rx,0,-69.2460,"-6.00000 -5.60000 0.90000, 6.05000 -3.65000 0.10000"
895,0.0000,Tx-Rx,0,-68.8853,"-6.00000 -5.60000 0.90000, 6.35000 -3.65000 0.10000"
896,0.0000,Tx-Rx,0,-71.4846,"-6.00000 -5.60000 0.90000, 6.65000 -3.65000 0.10000"
897,0.0000,Tx-Rx,0,-70.6298,"-6.00000 -5.60000 0.90000, 6.95000 -3.65000 0.10000"
898,0.0000,Tx-Rx,0,-67.3186,"-6.00000 -5.60000 0.90000, 7.25000 -3.65000 0.10000"
899,0.0000,Tx-Rx,0,-66.8439,"-6.00000 -5.60000 0.90000, 7.55000 -3.65000 0.10000"
900,0.0000,Tx-Rx,0,-66.2436,"-6.00000 -5.60000 0.90000, 7.85000 -3.65000 0.10000"
901,0.0000,Tx-Rx,0,-73.4864,"-6.00000 -5.60000 0.90000, -9.85000 -3.35000 0.10000"
902,0.0000,Tx-Rx,0,-73.4235,"-6.00000 -5.60000 0.90000, -9.55000 -3.35000 0.10000"
903,0.0000,Tx-Rx,0,-73.2817,"-6.00000 -5.60000 0.90000, -9.25000 -3.35000 0.10000"
904,0.0000,Tx-Rx,0,-73.1322,"-6.00000 -5.60000 0.90000, -8.95000 -3.35000 0.10000"
905,0.0000,Tx-Rx,0,-72.5307,"-6.00000 -5.60000 0.90000, -8.65000 -3.35000 0.10000"
906,0.0000,Tx-Rx,0,-72.8704,"-6.00000 -5.60000 0.90000, -8.35000 -3.35000 0.10000"
907,0.0000,Tx-Rx,0,-49.0125,"-6.00000 -5.60000 0.90000, -8.05000 -3.35000 0.10000"
908,0.0000,Tx-Rx,0,-43.7150,"-6.00000 -5.60000 0.90000, -7.75000 -3.35000 0.10000"
909,0.0000,Tx-Rx,0,-43.3341,"-6.00000 -5.60000 0.90000, -7.45000 -3.35000 0.10000"
910,0.0000,Tx-Rx,0,-43.3553,"-6.00000 -5.60000 0.90000, -7.15000 -3.35000 0.10000"
911,0.0000,Tx-Rx,0,-43.3384,"-6.00000 -5.60000 0.90000, -6.85000 -3.35000 0.10000"
912,0.0000,Tx-Rx,0,-43.1933,"-6.00000 -5.60000 0.90000, -6.55000 -3.35000 0.10000"
913,0.0000,Tx-Rx,0,-43.1538,"-6.00000 -5.60000 0.90000, -6.25000 -3.35000 0.10000"
914,0.0000,Tx-Rx,0,-43.1595,"-6.00000 -5.60000 0.90000, -5.95000 -3.35000 0.10000"
915,0.0000,Tx-Rx,0,-43.2110,"-6.00000 -5.60000 0.90000, -5.65000 -3.35000 0.10000"
916,0.0000,Tx-Rx,0,-43.2988,"-6.00000 -5.60000 0.90000, -5.35000 -3.35000 0.10000"
917,0.0000,Tx-Rx,0,-43.6558,"-6.00000 -5.60000 0.90000, -5.05000 -3.35000 0.10000"
918,0.0000,Tx-Rx,0,-44.1226,"-6.00000 -5.60000 0.90000, -4.75000 -3.35000 0.10000"
919,0.0000,Tx-Rx,0,-44.5779,"-6.00000 -5.60000 0.90000, -4.45000 -3.35000 0.10000"
920,0.0000,Tx-Rx,0,-45.0263,"-6.00000 -5.60000 0.90000, -4.15000 -3.35000 0.10000"
921,0.0000,Tx-Rx,0,-45.5052,"-6.00000 -5.60000 0.90000, -3.85000 -3.35000 0.10000"
922,0.0000,Tx-Rx,0,-45.7493,"-6.00000 -5.60000 0.90000, -3.55000 -3.35000 0.10000"
923,0.0000,Tx-Rx,0,-46.3156,"-6.00000 -5.60000 0.90000, -3.25000 -3.35000 0.10000"
924,0.0000,Tx-Rx,0,-46.7850,"-6.00000 -5.60000 0.90000, -2.95000 -3.35000 0.10000"
925,0.0000,Tx-Rx,0,-47.2584,"-6.00000 -5.60000 0.90000, -2.65000 -3.35000 0.10000"
926,0.0000,Tx-Rx,0,-47.7093,"-6.00000 -5.60000 0.90000, -2.35000 -3.35000 0.10000"
927,0.0000,Tx-Rx,0,-48.0744,"-6.00000 -5.60000 0.90000, -2.05000 -3.35000 0.10000"
928,0.0000,Tx-Rx,0,-48.4690,"-6.00000 -5.60000 0.90000, -1.75000 -3.35000 0.10000"
929,0.0000,Tx-Rx,0,-48.8576,"-6.00000 -5.60000 0.90000, -1.45000 -3.35000 0.10000"
930,0.0000,Tx-Rx,0,-49.1081,"-6.00000 -5.60000 0.90000, -1.15000 -3.35000 0.10000"
931,0.0000,Tx-Rx,0,-49.5227,"-6.00000 -5.60000 0.90000, -0.85000 -3.35000 0.10000"
932,0.0000,Tx-Rx,0,-49.7699,"-6.00000 -5.60000 0.90000, -0.55000 -3.35000 0.10000"
933,0.0000,Tx-Rx,0,-50.0318,"-6.00000 -5.60000 0.90000, -0.25000 -3.35000 0.10000"
934,0.0000,Tx-Rx,0,-54.9852,"-6.00000 -5.60000 0.90000, 0.05000 -3.35000 0.10000"
935,0.0000,Tx-Rx,0,-74.7751,"-6.00000 -5.60000 0.90000, 0.35000 -3.35000 0.10000"
936,0.0000,Tx-Rx,0,-76.6126,"-6.00000 -5.60000 0.90000, 0.65000 -3.35000 0.10000"
937,0.0000,Tx-Rx,0,-76.3097,"-6.00000 -5.60000 0.90000, 0.95000 -3.35000 0.10000"
938,0.0000,Tx-Rx,0,-75.7037,"-6.00000 -5.60000 0.90000, 1.25000 -3.35000 0.10000"
939,0.0000,Tx-Rx,0,-76.1145,"-6.00000 -5.60000 0.90000, 1.55000 -3.35000 0.10000"
940,0.0000,Tx-Rx,0,-76.3725,"-6.00000 -5.60000 0.90000, 1.85000 -3.35000 0.10000"
941,0.0000,Tx-Rx,0,-75.9006,"-6.00000 -5.60000 0.90000, 2.15000 -3.35000 0.10000"
942,0.0000,Tx-Rx,0,-74.3254,"-6.00000 -5.60000 0.90000, 2.45000 -3.35000 0.10000"
943,0.0000,Tx-Rx,0,-77.1578,"-6.00000 -5.60000 0.90000, 2.75000 -3.35000 0.10000"
944,0.0000,Tx-Rx,0,-77.9696,"-6.00000 -5.60000 0.90000, 3.05000 -3.35000 0.10000"
945,0.0000,Tx-Rx,0,-74.3181,"-6.00000 -5.60000 0.90000, 3.35000 -3.35000 0.10000"
946,0.0000,Tx-Rx,0,-73.6846,"-6.00000 -5.60000 0.90000, 3.65000 -3.35000 0.10000"
947,0.0000,Tx-Rx,0,-73.4565,"-6.00000 -5.60000 0.90000, 3.95000 -3.35000 0.10000"
948,0.0000,Tx-Rx,0,-73.7400,"-6.00000 -5.60000 0.90000, 4.25000 -3.35000 0.10000"
949,0.0000,Tx-Rx,0,-73.2829,"-6.00000 -5.60000 0.90000, 4.55000 -3.35000 0.10000"
950,0.0000,Tx-Rx,0,-70.2817,"-6.00000 -5.60000 0.90000, 4.85000 -3.35000 0.10000"
951,0.0000,Tx-Rx,0,-68.7654,"-6.00000 -5.60000 0.90000, 5.15000 -3.35000 0.10000"
952,0.0000,Tx-Rx,0,-66.5560,"-6.00000 -5.60000 0.90000, 5.45000 -3.35000 0.10000"
953,0.0000,Tx-Rx,0,-66.7350,"-6.00000 -5.60000 0.90000, 5.75000 -3.35000 0.10000"
954,0.0000,Tx-Rx,0,-67.0688,"-6.00000 -5.60000 0.90000, 6.05000 -3.35000 0.10000"
955,0.0000,Tx-Rx,0,-68.3796,"-6.00000 -5.60000 0.90000, 6.35000 -3.35000 0.10000"
956,0.0000,Tx-Rx,0,-68.8092,"-6.00000 -5.60000 0.90000, 6.65000 -3.35000 0.10000"
957,0.0000,Tx-Rx,0,-67.4489,"-6.00000 -5.60000 0.90000, 6.95000 -3.35000 0.10000"
958,0.0000,Tx-Rx,0,-66.8256,"-6.00000 -5.60000 0.90000, 7.25000 -3.35000 0.10000"
959,0.0000,Tx-Rx,0,-67.1537,"-6.00000 -5.60000 0.90000, 7.55000 -3.35000 0.10000"
960,0.0000,Tx-Rx,0,-66.6969,"-6.00000 -5.60000 0.90000, 7.85000 -3.35000 0.10000"
961,0.0000,Tx-Rx,0,-61.0990,"-6.00000 -5.60000 0.90000, -9.85000 -3.05000 0.10000"
962,0.0000,Tx-Rx,0,-62.7433,"-6.00000 -5.60000 0.90000, -9.55000 -3.05000 0.10000"
963,0.0000,Tx-Rx,0,-72.5937,"-6.00000 -5.60000 0.90000, -9.25000 -3.05000 0.10000"
964,0.0000,Tx-Rx,0,-71.7664,"-6.00000 -5.60000 0.90000, -8.95000 -3.05000 0.10000"
965,0.0000,Tx-Rx,0,-69.9546,"-6.00000 -5.60000 0.90000, -8.65000 -3.05000 0.10000"
966,0.0000,Tx-Rx,0,-67.1143,"-6.00000 -5.60000 0.90000, -8.35000 -3.05000 0.10000"
967,0.0000,Tx-Rx,0,-49.3989,"-6.00000 -5.60000 0.90000, -8.05000 -3.05000 0.10000"
968,0.0000,Tx-Rx,0,-44.4847,"-6.00000 -5.60000 0.90000, -7.75000 -3.05000 0.10000"
969,0.0000,Tx-Rx,0,-43.9254,"-6.00000 -5.60000 0.90000, -7.45000 -3.05000 0.10000"
970,0.0000,Tx-Rx,0,-43.9334,"-6.00000 -5.60000 0.90000, -7.15000 -3.05000 0.10000"
971,0.0000,Tx-Rx,0,-44.2834,"-6.00000 -5.60000 0.90000, -6.85000 -3.05000 0.10000"
972,0.0000,Tx-Rx,0,-44.1542,"-6.00000 -5.60000 0.90000, -6.55000 -3.05000 0.10000"
973,0.0000,Tx-Rx,0,-44.0011,"-6.00000 -5.60000 0.90000, -6.25000 -3.05000 0.10000"
974,0.0000,Tx-Rx,0,-44.0378,"-6.00000 -5.60000 0.90000, -5.95000 -3.05000 0.10000"
975,0.0000,Tx-Rx,0,-44.1958,"-6.00000 -5.60000 0.90000, -5.65000 -3.05000 0.10000"
976,0.0000,Tx-Rx,0,-44.2304,"-6.00000 -5.60000 0.90000, -5.35000 -3.05000 0.10000"
977,0.0000,Tx-Rx,0,-44.4745,"-6.00000 -5.60000 0.90000, -5.05000 -3.05000 0.10000"
978,0.0000,Tx-Rx,0,-44.9392,"-6.00000 -5.60000 0.90000, -4.75000 -3.05000 0.10000"
979,0.0000,Tx-Rx,0,-45.2948,"-6.00000 -5.60000 0.90000, -4.45000 -3.05000 0.10000"
980,0.0000,Tx-Rx,0,-45.6653,"-6.00000 -5.60000 0.90000, -4.15000 -3.05000 0.10000"
981,0.0000,Tx-Rx,0,-45.9544,"-6.00000 -5.60000 0.90000, -3.85000 -3.05000 0.10000"
982,0.0000,Tx-Rx,0,-46.3903,"-6.00000 -5.60000 0.90000, -3.55000 -3.05000 0.10000"
983,0.0000,Tx-Rx,0,-46.8939,"-6.00000 -5.60000 0.90000, -3.25000 -3.05000 0.10000"
984,0.0000,Tx-Rx,0,-47.3092,"-6.00000 -5.60000 0.90000, -2.95000 -3.05000 0.10000"
985,0.0000,Tx-Rx,0,-47.6263,"-6.00000 -5.60000 0.90000, -2.65000 -3.05000 0.10000"
986,0.0000,Tx-Rx,0,-47.8874,"-6.00000 -5.60000 0.90000, -2.35000 -3.05000 0.10000"
987,0.0000,Tx-Rx,0,-48.3296,"-6.00000 -5.60000 0.90000, -2.05000 -3.05000 0.10000"
988,0.0000,Tx-Rx,0,-48.7647,"-6.00000 -5.60000 0.90000, -1.75000 -3.05000 0.10000"
989,0.0000,Tx-Rx,0,-49.0443,"-6.00000 -5.60000 0.90000, -1.45000 -3.05000 0.10000"
990,0.0000,Tx-Rx,0,-49.4051,"-6.00000 -5.60000 0.90000, -1.15000 -3.05000 0.10000"
991,0.0000,Tx-Rx,0,-49.6850,"-6.00000 -5.60000 0.90000, -0.85000 -3.05000 0.10000"
992,0.0000,Tx-Rx,0,-50.0244,"-6.00000 -5.60000 0.90000, -0.55000 -3.05000 0.10000"
993,0.0000,Tx-Rx,0,-50.2751,"-6.00000 -5.60000 0.90000, -0.25000 -3.05000 0.10000"
994,0.0000,Tx-Rx,0,-55.1297,"-6.00000 -5.60000 0.90000, 0.05000 -3.05000 0.10000"
995,0.0000,Tx-Rx,0,-74.5204,"-6.00000 -5.60000 0.90000, 0.35000 -3.05000 0.10000"
996,0.0000,Tx-Rx,0,-74.2570,"-6.00000 -5.60000 0.90000, 0.65000 -3.05000 0.10000"
997,0.0000,Tx-Rx,0,-75.6439,"-6.00000 -5.60000 0.90000, 0.95000 -3.05000 0.10000"
998,0.0000,Tx-Rx,0,-75.3723,"-6.00000 -5.60000 0.90000, 1.25000 -3.05000 0.10000"
999,0.0000,Tx-Rx,0,-74.3954,"-6.00000 -5.60000 0.90000, 1.55000 -3.05000 0.10000"
1000,0.0000,Tx-Rx,0,-74.8072,"-6.00000 -5.60000 0.90000, 1.85000 -3.05000 0.10000"
1001,0.0000,Tx-Rx,0,-74.5366,"-6.00000 -5.60000 0.90000, 2.15000 -3.05000 0.10000"
1002,0.0000,Tx-Rx,0,-72.8428,"-6.00000 -5.60000 0.90000, 2.45000 -3.05000 0.10000"
1003,0.0000,Tx-Rx,0,-77.4652,"-6.00000 -5.60000 0.90000, 2.75000 -3.05000 0.10000"
1004,0.0000,Tx-Rx,0,-76.7631,"-6.00000 -5.60000 0.90000, 3.05000 -3.05000 0.10000"
1005,0.0000,Tx-Rx,0,-74.5937,"-6.00000 -5.60000 0.90000, 3.35000 -3.05000 0.10000"
1006,0.0000,Tx-Rx,0,-74.6327,"-6.00000 -5.60000 0.90000, 3.65000 -3.05000 0.10000"
1007,0.0000,Tx-Rx,0,-74.5456,"-6.00000 -5.60000 0.90000, 3.95000 -3.05000 0.10000"
1008,0.0000,Tx-Rx,0,-74.2008,"-6.00000 -5.60000 0.90000, 4.25000 -3.05000 0.10000"
1009,0.0000,Tx-Rx,0,-73.5100,"-6.00000 -5.60000 0.90000, 4.55000 -3.05000 0.10000"
1010,0.0000,Tx-Rx,0,-66.8635,"-6.00000 -5.60000 0.90000, 4.85000 -3.05000 0.10000"
1011,0.0000,Tx-Rx,0,-66.1920,"-6.00000 -5.60000 0.90000, 5.15000 -3.05000 0.10000"
1012,0.0000,Tx-Rx,0,-66.0678,"-6.00000 -5.60000 0.90000, 5.45000 -3.05000 0.10000"
1013,0.0000,Tx-Rx,0,-66.3175,"-6.00000 -5.60000 0.90000, 5.75000 -3.05000 0.10000"
1014,0.0000,Tx-Rx,0,-66.6165,"-6.00000 -5.60000 0.90000, 6.05000 -3.05000 0.10000"
1015,0.0000,Tx-Rx,0,-68.6750,"-6.00000 -5.60000 0.90000, 6.35000 -3.05000 0.10000"
1016,0.0000,Tx-Rx,0,-66.5623,"-6.00000 -5.60000 0.90000, 6.65000 -3.05000 0.10000"
1017,0.0000,Tx-Rx,0,-66.7109,"-6.00000 -5.60000 0.90000, 6.95000 -3.05000 0.10000"
1018,0.0000,Tx-Rx,0,-67.0137,"-6.00000 -5.60000 0.90000, 7.25000 -3.05000 0.10000"
1019,0.0000,Tx-Rx,0,-67.0968,"-6.00000 -5.60000 0.90000, 7.55000 -3.05000 0.10000"
1020,0.0000,Tx-Rx,0,-69.4880,"-6.00000 -5.60000 0.90000, 7.85000 -3.05000 0.10000"
1021,0.0000,Tx-Rx,0,-55.3256,"-6.00000 -5.60000 0.90000, -9.85000 -2.75000 0.10000"
1022,0.0000,Tx-Rx,0,-58.5996,"-6.00000 -5.60000 0.90000, -9.55000 -2.75000 0.10000"
1023,0.0000,Tx-Rx,0,-64.6857,"-6.00000 -5.60000 0.90000, -9.25000 -2.75000 0.10000"
1024,0.0000,Tx-Rx,0,-64.9422,"-6.00000 -5.60000 0.90000, -8.95000 -2.75000 0.10000"
1025,0.0000,Tx-Rx,0,-64.0095,"-6.00000 -5.60000 0.90000, -8.65000 -2.75000 0.10000"
1026,0.0000,Tx-Rx,0,-56.5402,"-6.00000 -5.60000 0.90000, -8.35000 -2.75000 0.10000"
1027,0.0000,Tx-Rx,0,-47.1810,"-6.00000 -5.60000 0.90000, -8.05000 -2.75000 0.10000"
1028,0.0000,Tx-Rx,0,-45.5024,"-6.00000 -5.60000 0.90000, -7.75000 -2.75000 0.10000"
1029,0.0000,Tx-Rx,0,-44.3281,"-6.00000 -5.60000 0.90000, -7.45000 -2.75000 0.10000"
1030,0.0000,Tx-Rx,0,-44.4120,"-6.00000 -5.60000 0.90000, -7.15000 -2.75000 0.10000"
1031,0.0000,Tx-Rx,0,-44.9290,"-6.00000 -5.60000 0.90000, -6.85000 -2.75000 0.10000"
1032,0.0000,Tx-Rx,0,-44.8216,"-6.00000 -5.60000 0.90000, -6.55000 -2.75000 0.10000"
1033,0.0000,Tx-Rx,0,-44.7800,"-6.00000 -5.60000 0.90000, -6.25000 -2.75000 0.10000"
1034,0.0000,Tx-Rx,0,-44.9151,"-6.00000 -5.60000 0.90000, -5.95000 -2.75000 0.10000"
1035,0.0000,Tx-Rx,0,-44.9553,"-6.00000 -5.60000 0.90000, -5.65000 -2.75000 0.10000"
1036,0.0000,Tx-Rx,0,-44.9217,"-6.00000 -5.60000 0.90000, -5.35000 -2.75000 0.10000"
1037,0.0000,Tx-Rx,0,-45.1995,"-6.00000 -5.60000 0.90000, -5.05000 -2.75000 0.10000"
1038,0.0000,Tx-Rx,0,-45.6724,"-6.00000 -5.60000 0.90000, -4.75000 -2.75000 0.10000"
1039,0.0000,Tx-Rx,0,-45.9978,"-6.00000 -5.60000 0.90000, -4.45000 -2.75000 0.10000"
1040,0.0000,Tx-Rx,0,-46.2885,"-6.00000 -5.60000 0.90000, -4.15000 -2.75000 0.10000"
1041,0.0000,Tx-Rx,0,-46.4423,"-6.00000 -5.60000 0.90000, -3.85000 -2.75000 0.10000"
1042,0.0000,Tx-Rx,0,-46.8958,"-6.00000 -5.60000 0.90000, -3.55000 -2.75000 0.10000"
1043,0.0000,Tx-Rx,0,-47.3370,"-6.00000 -5.60000 0.90000, -3.25000 -2.75000 0.10000"
1044,0.0000,Tx-Rx,0,-47.7246,"-6.00000 -5.60000 0.90000, -2.95000 -2.75000 0.10000"
1045,0.0000,Tx-Rx,0,-47.9261,"-6.00000 -5.60000 0.90000, -2.65000 -2.75000 0.10000"
1046,0.0000,Tx-Rx,0,-48.1404,"-6.00000 -5.60000 0.90000, -2.35000 -2.75000 0.10000"
1047,0.0000,Tx-Rx,0,-48.7169,"-6.00000 -5.60000 0.90000, -2.05000 -2.75000 0.10000"
1048,0.0000,Tx-Rx,0,-49.0353,"-6.00000 -5.60000 0.90000, -1.75000 -2.75000 0.10000"
1049,0.0000,Tx-Rx,0,-49.3247,"-6.00000 -5.60000 0.90000, -1.45000 -2.75000 0.10000"
1050,0.0000,Tx-Rx,0,-49.6401,"-6.00000 -5.60000 0.90000, -1.15000 -2.75000 0.10000"
1051,0.0000,Tx-Rx,0,-49.9014,"-6.00000 -5.60000 0.90000, -0.85000 -2.75000 0.10000"
1052,0.0000,Tx-Rx,0,-50.2082,"-6.00000 -5.60000 0.90000, -0.55000 -2.75000 0.10000"
1053,0.0000,Tx-Rx,0,-50.4832,"-6.00000 -5.60000 0.90000, -0.25000 -2.75000 0.10000"
1054,0.0000,Tx-Rx,0,-55.3022,"-6.00000 -5.60000 0.90000, 0.05000 -2.75000 0.10000"
1055,0.0000,Tx-Rx,0,-76.6018,"-6.00000 -5.60000 0.90000, 0.35000 -2.75000 0.10000"
1056,0.0000,Tx-Rx,0,-74.8362,"-6.00000 -5.60000 0.90000, 0.65000 -2.75000 0.10000"
1057,0.0000,Tx-Rx,0,-75.2167,"-6.00000 -5.60000 0.90000, 0.95000 -2.75000 0.10000"
1058,0.0000,Tx-Rx,0,-75.6101,"-6.00000 -5.60000 0.90000, 1.25000 -2.75000 0.10000"
1059,0.0000,Tx-Rx,0,-76.1126,"-6.00000 -5.60000 0.90000, 1.55000 -2.75000 0.10000"
1060,0.0000,Tx-Rx,0,-75.3619,"-6.00000 -5.60000 0.90000, 1.85000 -2.75000 0.10000"
1061,0.0000,Tx-Rx,0,-75.0287,"-6.00000 -5.60000 0.90000, 2.15000 -2.75000 0.10000"
1062,0.0000,Tx-Rx,0,-75.1055,"-6.00000 -5.60000 0.90000, 2.45000 -2.75000 0.10000"
1063,0.0000,Tx-Rx,0,-77.9309,"-6.00000 -5.60000 0.90000, 2.75000 -2.75000 0.10000"
1064,0.0000,Tx-Rx,0,-74.8206,"-6.00000 -5.60000 0.90000, 3.05000 -2.75000 0.10000"
1065,0.0000,Tx-Rx,0,-74.8877,"-6.00000 -5.60000 0.90000, 3.35000 -2.75000 0.10000"
1066,0.0000,Tx-Rx,0,-75.2218,"-6.00000 -5.60000 0.90000, 3.65000 -2.75000 0.10000"
1067,0.0000,Tx-Rx,0,-75.0426,"-6.00000 -5.60000 0.90000, 3.95000 -2.75000 0.10000"
1068,0.0000,Tx-Rx,0,-73.7413,"-6.00000 -5.60000 0.90000, 4.25000 -2.75000 0.10000"
1069,0.0000,Tx-Rx,0,-69.1990,"-6.00000 -5.60000 0.90000, 4.55000 -2.75000 0.10000"
1070,0.0000,Tx-Rx,0,-66.4446,"-6.00000 -5.60000 0.90000, 4.85000 -2.75000 0.10000"
1071,0.0000,Tx-Rx,0,-66.2389,"-6.00000 -5.60000 0.90000, 5.15000 -2.75000 0.10000"
1072,0.0000,Tx-Rx,0,-66.5218,"-6.00000 -5.60000 0.90000, 5.45000 -2.75000 0.10000"
1073,0.0000,Tx-Rx,0,-66.6707,"-6.00000 -5.60000 0.90000, 5.75000 -2.75000 0.10000"
1074,0.0000,Tx-Rx,0,-69.0147,"-6.00000 -5.60000 0.90000, 6.05000 -2.75000 0.10000"
1075,0.0000,Tx-Rx,0,-66.7070,"-6.00000 -5.60000 0.90000, 6.35000 -2.75000 0.10000"
1076,0.0000,Tx-Rx,0,-66.6244,"-6.00000 -5.60000 0.90000, 6.65000 -2.75000 0.10000"
1077,0.0000,Tx-Rx,0,-66.6382,"-6.00000 -5.60000 0.90000, 6.95000 -2.75000 0.10000"
1078,0.0000,Tx-Rx,0,-67.0182,"-6.00000 -5.60000 0.90000, 7.25000 -2.75000 0.10000"
1079,0.0000,Tx-Rx,0,-68.3209,"-6.00000 -5.60000 0.90000, 7.55000 -2.75000 0.10000"
1080,0.0000,Tx-Rx,0,-77.6924,"-6.00000 -5.60000 0.90000, 7.85000 -2.75000 0.10000"
1081,0.0000,Tx-Rx,0,-53.2993,"-6.00000 -5.60000 0.90000, -9.85000 -2.45000 0.10000"
1082,0.0000,Tx-Rx,0,-55.3251,"-6.00000 -5.60000 0.90000, -9.55000 -2.45000 0.10000"
1083,0.0000,Tx-Rx,0,-59.5358,"-6.00000 -5.60000 0.90000, -9.25000 -2.45000 0.10000"
1084,0.0000,Tx-Rx,0,-65.1480,"-6.00000 -5.60000 0.90000, -8.95000 -2.45000 0.10000"
1085,0.0000,Tx-Rx,0,-64.0264,"-6.00000 -5.60000 0.90000, -8.65000 -2.45000 0.10000"
1086,0.0000,Tx-Rx,0,-49.0046,"-6.00000 -5.60000 0.90000, -8.35000 -2.45000 0.10000"
1087,0.0000,Tx-Rx,0,-47.2824,"-6.00000 -5.60000 0.90000, -8.05000 -2.45000 0.10000"
1088,0.0000,Tx-Rx,0,-46.8489,"-6.00000 -5.60000 0.90000, -7.75000 -2.45000 0.10000"
1089,0.0000,Tx-Rx,0,-44.7843,"-6.00000 -5.60000 0.90000, -7.45000 -2.45000 0.10000"
1090,0.0000,Tx-Rx,0,-44.7249,"-6.00000 -5.60000 0.90000, -7.15000 -2.45000 0.10000"
1091,0.0000,Tx-Rx,0,-45.5638,"-6.00000 -5.60000 0.90000, -6.85000 -2.45000 0.10000"
1092,0.0000,Tx-Rx,0,-45.5480,"-6.00000 -5.60000 0.90000, -6.55000 -2.45000 0.10000"
1093,0.0000,Tx-Rx,0,-45.5176,"-6.00000 -5.60000 0.90000, -6.25000 -2.45000 0.10000"
1094,0.0000,Tx-Rx,0,-45.6194,"-6.00000 -5.60000 0.90000, -5.95000 -2.45000 0.10000"
1095,0.0000,Tx-Rx,0,-45.6864,"-6.00000 -5.60000 0.90000, -5.65000 -2.45000 0.10000"
1096,0.0000,Tx-Rx,0,-45.6447,"-6.00000 -5.60000 0.90000, -5.35000 -2.45000 0.10000"
1097,0.0000,Tx-Rx,0,-45.7195,"-6.00000 -5.60000 0.90000, -5.05000 -2.45000 0.10000"
1098,0.0000,Tx-Rx,0,-46.2573,"-6.00000 -5.60000 0.90000, -4.75000 -2.45000 0.10000"
1099,0.0000,Tx-Rx,0,-46.5341,"-6.00000 -5.60000 0.90000, -4.45000 -2.45000 0.10000"
1100,0.0000,Tx-Rx,0,-46.7178,"-6.00000 -5.60000 0.90000, -4.15000 -2.45000 0.10000"
1101,0.0000,Tx-Rx,0,-46.9384,"-6.00000 -5.60000 0.90000, -3.85000 -2.45000 0.10000"
1102,0.0000,Tx-Rx,0,-47.2749,"-6.00000 -5.60000 0.90000, -3.55000 -2.45000 0.10000"
1103,0.0000,Tx-Rx,0,-47.7031,"-6.00000 -5.60000 0.90000, -3.25000 -2.45000 0.10000"
1104,0.0000,Tx-Rx,0,-47.9912,"-6.00000 -5.60000 0.90000, -2.95000 -2.45000 0.10000"
1105,0.0000,Tx-Rx,0,-48.1882,"-6.00000 -5.60000 0.90000, -2.65000 -2.45000 0.10000"
1106,0.0000,Tx-Rx,0,-48.4328,"-6.00000 -5.60000 0.90000, -2.35000 -2.45000 0.10000"
1107,0.0000,Tx-Rx,0,-48.9574,"-6.00000 -5.60000 0.90000, -2.05000 -2.45000 0.10000"
1108,0.0000,Tx-Rx,0,-49.2474,"-6.00000 -5.60000 0.90000, -1.75000 -2.45000 0.10000"
1109,0.0000,Tx-Rx,0,-49.4948,"-6.00000 -5.60000 0.90000, -1.45000 -2.45000 0.10000"
1110,0.0000,Tx-Rx,0,-49.8144,"-6.00000 -5.60000 0.90000, -1.15000 -2.45000 0.10000"
1111,0.0000,Tx-Rx,0,-50.2027,"-6.00000 -5.60000 0.90000, -0.85000 -2.45000 0.10000"
1112,0.0000,Tx-Rx,0,-50.4236,"-6.00000 -5.60000 0.90000, -0.55000 -2.45000 0.10000"
1113,0.0000,Tx-Rx,0,-50.6456,"-6.00000 -5.60000 0.90000, -0.25000 -2.45000 0.10000"
1114,0.0000,Tx-Rx,0,-55.5764,"-6.00000 -5.60000 0.90000, 0.05000 -2.45000 0.10000"
1115,0.0000,Tx-Rx,0,-77.8257,"-6.00000 -5.60000 0.90000, 0.35000 -2.45000 0.10000"
1116,0.0000,Tx-Rx,0,-77.8620,"-6.00000 -5.60000 0.90000, 0.65000 -2.45000 0.10000"
1117,0.0000,Tx-Rx,0,-73.5491,"-6.00000 -5.60000 0.90000, 0.95000 -2.45000 0.10000"
1118,0.0000,Tx-Rx,0,-74.1855,"-6.00000 -5.60000 0.90000, 1.25000 -2.45000 0.10000"
1119,0.0000,Tx-Rx,0,-75.2683,"-6.00000 -5.60000 0.90000, 1.55000 -2.45000 0.10000"
1120,0.0000,Tx-Rx,0,-74.7201,"-6.00000 -5.60000 0.90000, 1.85000 -2.45000 0.10000"
1121,0.0000,Tx-Rx,0,-74.3487,"-6.00000 -5.60000 0.90000, 2.15000 -2.45000 0.10000"
1122,0.0000,Tx-Rx,0,-75.9193,"-6.00000 -5.60000 0.90000, 2.45000 -2.45000 0.10000"
1123,0.0000,Tx-Rx,0,-78.5815,"-6.00000 -5.60000 0.90000, 2.75000 -2.45000 0.10000"
1124,0.0000,Tx-Rx,0,-74.1385,"-6.00000 -5.60000 0.90000, 3.05000 -2.45000 0.10000"
1125,0.0000,Tx-Rx,0,-74.5292,"-6.00000 -5.60000 0.90000, 3.35000 -2.45000 0.10000"
1126,0.0000,Tx-Rx,0,-74.6213,"-6.00000 -5.60000 0.90000, 3.65000 -2.45000 0.10000"
1127,0.0000,Tx-Rx,0,-73.9474,"-6.00000 -5.60000 0.90000, 3.95000 -2.45000 0.10000"
1128,0.0000,Tx-Rx,0,-71.7385,"-6.00000 -5.60000 0.90000, 4.25000 -2.45000 0.10000"
1129,0.0000,Tx-Rx,0,-66.5428,"-6.00000 -5.60000 0.90000, 4.55000 -2.45000 0.10000"
1130,0.0000,Tx-Rx,0,-66.0277,"-6.00000 -5.60000 0.90000, 4.85000 -2.45000 0.10000"
1131,0.0000,Tx-Rx,0,-66.1755,"-6.00000 -5.60000 0.90000, 5.15000 -2.45000 0.10000"
1132,0.0000,Tx-Rx,0,-66.3883,"-6.00000 -5.60000 0.90000, 5.45000 -2.45000 0.10000"
1133,0.0000,Tx-Rx,0,-67.2981,"-6.00000 -5.60000 0.90000, 5.75000 -2.45000 0.10000"
1134,0.0000,Tx-Rx,0,-67.1263,"-6.00000 -5.60000 0.90000, 6.05000 -2.45000 0.10000"
1135,0.0000,Tx-Rx,0,-66.3653,"-6.00000 -5.60000 0.90000, 6.35000 -2.45000 0.10000"
1136,0.0000,Tx-Rx,0,-66.3474,"-6.00000 -5.60000 0.90000, 6.65000 -2.45000 0.10000"
1137,0.0000,Tx-Rx,0,-66.8493,"-6.00000 -5.60000 0.90000, 6.95000 -2.45000 0.10000"
1138,0.0000,Tx-Rx,0,-67.5588,"-6.00000 -5.60000 0.90000, 7.25000 -2.45000 0.10000"
1139,0.0000,Tx-Rx,0,-76.5295,"-6.00000 -5.60000 0.90000, 7.55000 -2.45000 0.10000"
1140,0.0000,Tx-Rx,0,-79.2827,"-6.00000 -5.60000 0.90000, 7.85000 -2.45000 0.10000"
1141,0.0000,Tx-Rx,0,-52.6645,"-6.00000 -5.60000 0.90000, -9.85000 -2.15000 0.10000"
1142,0.0000,Tx-Rx,0,-52.2148,"-6.00000 -5.60000 0.90000, -9.55000 -2.15000 0.10000"
1143,0.0000,Tx-Rx,0,-53.9913,"-6.00000 -5.60000 0.90000, -9.25000 -2.15000 0.10000"
1144,0.0000,Tx-Rx,0,-64.0810,"-6.00000 -5.60000 0.90000, -8.95000 -2.15000 0.10000"
1145,0.0000,Tx-Rx,0,-51.8045,"-6.00000 -5.60000 0.90000, -8.65000 -2.15000 0.10000"
1146,0.0000,Tx-Rx,0,-48.0785,"-6.00000 -5.60000 0.90000, -8.35000 -2.15000 0.10000"
1147,0.0000,Tx-Rx,0,-47.7832,"-6.00000 -5.60000 0.90000, -8.05000 -2.15000 0.10000"
1148,0.0000,Tx-Rx,0,-47.3747,"-6.00000 -5.60000 0.90000, -7.75000 -2.15000 0.10000"
1149,0.0000,Tx-Rx,0,-45.9167,"-6.00000 -5.60000 0.90000, -7.45000 -2.15000 0.10000"
1150,0.0000,Tx-Rx,0,-44.9178,"-6.00000 -5.60000 0.90000, -7.15000 -2.15000 0.10000"
1151,0.0000,Tx-Rx,0,-46.0633,"-6.00000 -5.60000 0.90000, -6.85000 -2.15000 0.10000"
1152,0.0000,Tx-Rx,0,-46.2084,"-6.00000 -5.60000 0.90000, -6.55000 -2.15000 0.10000"
1153,0.0000,Tx-Rx,0,-46.1735,"-6.00000 -5.60000 0.90000, -6.25000 -2.15000 0.10000"
1154,0.0000,Tx-Rx,0,-46.2024,"-6.00000 -5.60000 0.90000, -5.95000 -2.15000 0.10000"
1155,0.0000,Tx-Rx,0,-46.3009,"-6.00000 -5.60000 0.90000, -5.65000 -2.15000 0.10000"
1156,0.0000,Tx-Rx,0,-46.3445,"-6.00000 -5.60000 0.90000, -5.35000 -2.15000 0.10000"
1157,0.0000,Tx-Rx,0,-46.2728,"-6.00000 -5.60000 0.90000, -5.05000 -2.15000 0.10000"
1158,0.0000,Tx-Rx,0,-46.7408,"-6.00000 -5.60000 0.90000, -4.75000 -2.15000 0.10000"
1159,0.0000,Tx-Rx,0,-47.0892,"-6.00000 -5.60000 0.90000, -4.45000 -2.15000 0.10000"
1160,0.0000,Tx-Rx,0,-47.2214,"-6.00000 -5.60000 0.90000, -4.15000 -2.15000 0.10000"
1161,0.0000,Tx-Rx,0,-47.4885,"-6.00000 -5.60000 0.90000, -3.85000 -2.15000 0.10000"
1162,0.0000,Tx-Rx,0,-47.7062,"-6.00000 -5.60000 0.90000, -3.55000 -2.15000 0.10000"
1163,0.0000,Tx-Rx,0,-48.0979,"-6.00000 -5.60000 0.90000, -3.25000 -2.15000 0.10000"
1164,0.0000,Tx-Rx,0,-48.1819,"-6.00000 -5.60000 0.90000, -2.95000 -2.15000 0.10000"
1165,0.0000,Tx-Rx,0,-48.5798,"-6.00000 -5.60000 0.90000, -2.65000 -2.15000 0.10000"
1166,0.0000,Tx-Rx,0,-48.9071,"-6.00000 -5.60000 0.90000, -2.35000 -2.15000 0.10000"
1167,0.0000,Tx-Rx,0,-49.1919,"-6.00000 -5.60000 0.90000, -2.05000 -2.15000 0.10000"
1168,0.0000,Tx-Rx,0,-49.4736,"-6.00000 -5.60000 0.90000, -1.75000 -2.15000 0.10000"
1169,0.0000,Tx-Rx,0,-49.8025,"-6.00000 -5.60000 0.90000, -1.45000 -2.15000 0.10000"
1170,0.0000,Tx-Rx,0,-50.0564,"-6.00000 -5.60000 0.90000, -1.15000 -2.15000 0.10000"
1171,0.0000,Tx-Rx,0,-50.4040,"-6.00000 -5.60000 0.90000, -0.85000 -2.15000 0.10000"
1172,0.0000,Tx-Rx,0,-50.6183,"-6.00000 -5.60000 0.90000, -0.55000 -2.15000 0.10000"
1173,0.0000,Tx-Rx,0,-50.7664,"-6.00000 -5.60000 0.90000, -0.25000 -2.15000 0.10000"
1174,0.0000,Tx-Rx,0,-55.6762,"-6.00000 -5.60000 0.90000, 0.05000 -2.15000 0.10000"
1175,0.0000,Tx-Rx,0,-76.9828,"-6.00000 -5.60000 0.90000, 0.35000 -2.15000 0.10000"
1176,0.0000,Tx-Rx,0,-76.6828,"-6.00000 -5.60000 0.90000, 0.65000 -2.15000 0.10000"
1177,0.0000,Tx-Rx,0,-76.1018,"-6.00000 -5.60000 0.90000, 0.95000 -2.15000 0.10000"
1178,0.0000,Tx-Rx,0,-74.4777,"-6.00000 -5.60000 0.90000, 1.25000 -2.15000 0.10000"
1179,0.0000,Tx-Rx,0,-74.8972,"-6.00000 -5.60000 0.90000, 1.55000 -2.15000 0.10000"
1180,0.0000,Tx-Rx,0,-74.1665,"-6.00000 -5.60000 0.90000, 1.85000 -2.15000 0.10000"
1181,0.0000,Tx-Rx,0,-73.3542,"-6.00000 -5.60000 0.90000, 2.15000 -2.15000 0.10000"
1182,0.0000,Tx-Rx,0,-77.0242,"-6.00000 -5.60000 0.90000, 2.45000 -2.15000 0.10000"
1183,0.0000,Tx-Rx,0,-74.6133,"-6.00000 -5.60000 0.90000, 2.75000 -2.15000 0.10000"
1184,0.0000,Tx-Rx,0,-73.2825,"-6.00000 -5.60000 0.90000, 3.05000 -2.15000 0.10000"
1185,0.0000,Tx-Rx,0,-74.3773,"-6.00000 -5.60000 0.90000, 3.35000 -2.15000 0.10000"
1186,0.0000,Tx-Rx,0,-74.2102,"-6.00000 -5.60000 0.90000, 3.65000 -2.15000 0.10000"
1187,0.0000,Tx-Rx,0,-73.4752,"-6.00000 -5.60000 0.90000, 3.95000 -2.15000 0.10000"
1188,0.0000,Tx-Rx,0,-67.3433,"-6.00000 -5.60000 0.90000, 4.25000 -2.15000 0.10000"
1189,0.0000,Tx-Rx,0,-66.0820,"-6.00000 -5.60000 0.90000, 4.55000 -2.15000 0.10000"
1190,0.0000,Tx-Rx,0,-65.8251,"-6.00000 -5.60000 0.90000, 4.85000 -2.15000 0.10000"
1191,0.0000,Tx-Rx,0,-66.1441,"-6.00000 -5.60000 0.90000, 5.15000 -2.15000 0.10000"
1192,0.0000,Tx-Rx,0,-66.3288,"-6.00000 -5.60000 0.90000, 5.45000 -2.15000 0.10000"
1193,0.0000,Tx-Rx,0,-66.5329,"-6.00000 -5.60000 0.90000, 5.75000 -2.15000 0.10000"
1194,0.0000,Tx-Rx,0,-66.3645,"-6.00000 -5.60000 0.90000, 6.05000 -2.15000 0.10000"
1195,0.0000,Tx-Rx,0,-66.2065,"-6.00000 -5.60000 0.90000, 6.35000 -2.15000 0.10000"
1196,0.0000,Tx-Rx,0,-66.6741,"-6.00000 -5.60000 0.90000, 6.65000 -2.15000 0.10000"
1197,0.0000,Tx-Rx,0,-67.0393,"-6.00000 -5.60000 0.90000, 6.95000 -2.15000 0.10000"
1198,0.0000,Tx-Rx,0,-73.9718,"-6.00000 -5.60000 0.90000, 7.25000 -2.15000 0.10000"
1199,0.0000,Tx-Rx,0,-79.4488,"-6.00000 -5.60000 0.90000, 7.55000 -2.15000 0.10000"
1200,0.0000,Tx-Rx,0,-80.2159,"-6.00000 -5.60000 0.90000, 7.85000 -2.15000 0.10000"
1201,0.0000,Tx-Rx,0,-55.2485,"-6.00000 -5.60000 0.90000, -9.85000 -1.85000 0.10000"
1202,0.0000,Tx-Rx,0,-51.9824,"-6.00000 -5.60000 0.90000, -9.55000 -1.85000 0.10000"
1203,0.0000,Tx-Rx,0,-52.0496,"-6.00000 -5.60000 0.90000, -9.25000 -1.85000 0.10000"
1204,0.0000,Tx-Rx,0,-53.8314,"-6.00000 -5.60000 0.90000, -8.95000 -1.85000 0.10000"
1205,0.0000,Tx-Rx,0,-48.9254,"-6.00000 -5.60000 0.90000, -8.65000 -1.85000 0.10000"
1206,0.0000,Tx-Rx,0,-48.5789,"-6.00000 -5.60000 0.90000, -8.35000 -1.85000 0.10000"
1207,0.0000,Tx-Rx,0,-48.2424,"-6.00000 -5.60000 0.90000, -8.05000 -1.85000 0.10000"
1208,0.0000,Tx-Rx,0,-47.8089,"-6.00000 -5.60000 0.90000, -7.75000 -1.85000 0.10000"
1209,0.0000,Tx-Rx,0,-46.9469,"-6.00000 -5.60000 0.90000, -7.45000 -1.85000 0.10000"
1210,0.0000,Tx-Rx,0,-45.4967,"-6.00000 -5.60000 0.90000, -7.15000 -1.85000 0.10000"
1211,0.0000,Tx-Rx,0,-46.1802,"-6.00000 -5.60000 0.90000, -6.85000 -1.85000 0.10000"
1212,0.0000,Tx-Rx,0,-46.7807,"-6.00000 -5.60000 0.90000, -6.55000 -1.85000 0.10000"
1213,0.0000,Tx-Rx,0,-46.7875,"-6.00000 -5.60000 0.90000, -6.25000 -1.85000 0.10000"
1214,0.0000,Tx-Rx,0,-46.7709,"-6.00000 -5.60000 0.90000, -5.95000 -1.85000 0.10000"
1215,0.0000,Tx-Rx,0,-46.8285,"-6.00000 -5.60000 0.90000, -5.65000 -1.85000 0.10000"
1216,0.0000,Tx-Rx,0,-46.9150,"-6.00000 -5.60000 0.90000, -5.35000 -1.85000 0.10000"
1217,0.0000,Tx-Rx,0,-46.8158,"-6.00000 -5.60000 0.90000, -5.05000 -1.85000 0.10000"
1218,0.0000,Tx-Rx,0,-47.1757,"-6.00000 -5.60000 0.90000, -4.75000 -1.85000 0.10000"
1219,0.0000,Tx-Rx,0,-47.5061,"-6.00000 -5.60000 0.90000, -4.45000 -1.85000 0.10000"
1220,0.0000,Tx-Rx,0,-47.5889,"-6.00000 -5.60000 0.90000, -4.15000 -1.85000 0.10000"
1221,0.0000,Tx-Rx,0,-47.9210,"-6.00000 -5.60000 0.90000, -3.85000 -1.85000 0.10000"
1222,0.0000,Tx-Rx,0,-48.2713,"-6.00000 -5.60000 0.90000, -3.55000 -1.85000 0.10000"
1223,0.0000,Tx-Rx,0,-48.4230,"-6.00000 -5.60000 0.90000, -3.25000 -1.85000 0.10000"
1224,0.0000,Tx-Rx,0,-48.5881,"-6.00000 -5.60000 0.90000, -2.95000 -1.85000 0.10000"
1225,0.0000,Tx-Rx,0,-48.8787,"-6.00000 -5.60000 0.90000, -2.65000 -1.85000 0.10000"
1226,0.0000,Tx-Rx,0,-49.2316,"-6.00000 -5.60000 0.90000, -2.35000 -1.85000 0.10000"
1227,0.0000,Tx-Rx,0,-49.3872,"-6.00000 -5.60000 0.90000, -2.05000 -1.85000 0.10000"
1228,0.0000,Tx-Rx,0,-49.6517,"-6.00000 -5.60000 0.90000, -1.75000 -1.85000 0.10000"
1229,0.0000,Tx-Rx,0,-50.0291,"-6.00000 -5.60000 0.90000, -1.45000 -1.85000 0.10000"
1230,0.0000,Tx-Rx,0,-50.2641,"-6.00000 -5.60000 0.90000, -1.15000 -1.85000 0.10000"
1231,0.0000,Tx-Rx,0,-50.5265,"-6.00000 -5.60000 0.90000, -0.85000 -1.85000 0.10000"
1232,0.0000,Tx-Rx,0,-50.8012,"-6.00000 -5.60000 0.90000, -0.55000 -1.85000 0.10000"
1233,0.0000,Tx-Rx,0,-50.9753,"-6.00000 -5.60000 0.90000, -0.25000 -1.85000 0.10000"
1234,0.0000,Tx-Rx,0,-55.8200,"-6.00000 -5.60000 0.90000, 0.05000 -1.85000 0.10000"
1235,0.0000,Tx-Rx,0,-77.8247,"-6.00000 -5.60000 0.90000, 0.35000 -1.85000 0.10000"
1236,0.0000,Tx-Rx,0,-76.9699,"-6.00000 -5.60000 0.90000, 0.65000 -1.85000 0.10000"
1237,0.0000,Tx-Rx,0,-75.3581,"-6.00000 -5.60000 0.90000, 0.95000 -1.85000 0.10000"
1238,0.0000,Tx-Rx,0,-75.5312,"-6.00000 -5.60000 0.90000, 1.25000 -1.85000 0.10000"
1239,0.0000,Tx-Rx,0,-73.3452,"-6.00000 -5.60000 0.90000, 1.55000 -1.85000 0.10000"
1240,0.0000,Tx-Rx,0,-74.9752,"-6.00000 -5.60000 0.90000, 1.85000 -1.85000 0.10000"
1241,0.0000,Tx-Rx,0,-72.9848,"-6.00000 -5.60000 0.90000, 2.15000 -1.85000 0.10000"
1242,0.0000,Tx-Rx,0,-76.6227,"-6.00000 -5.60000 0.90000, 2.45000 -1.85000 0.10000"
1243,0.0000,Tx-Rx,0,-73.3150,"-6.00000 -5.60000 0.90000, 2.75000 -1.85000 0.10000"
1244,0.0000,Tx-Rx,0,-73.0190,"-6.00000 -5.60000 0.90000, 3.05000 -1.85000 0.10000"
1245,0.0000,Tx-Rx,0,-73.5552,"-6.00000 -5.60000 0.90000, 3.35000 -1.85000 0.10000"
1246,0.0000,Tx-Rx,0,-73.8671,"-6.00000 -5.60000 0.90000, 3.65000 -1.85000 0.10000"
1247,0.0000,Tx-Rx,0,-68.9158,"-6.00000 -5.60000 0.90000, 3.95000 -1.85000 0.10000"
1248,0.0000,Tx-Rx,0,-66.2737,"-6.00000 -5.60000 0.90000, 4.25000 -1.85000 0.10000"
1249,0.0000,Tx-Rx,0,-65.5771,"-6.00000 -5.60000 0.90000, 4.55000 -1.85000 0.10000"
1250,0.0000,Tx-Rx,0,-65.7345,"-6.00000 -5.60000 0.90000, 4.85000 -1.85000 0.10000"
1251,0.0000,Tx-Rx,0,-66.0732,"-6.00000 -5.60000 0.90000, 5.15000 -1.85000 0.10000"
1252,0.0000,Tx-Rx,0,-66.2915,"-6.00000 -5.60000 0.90000, 5.45000 -1.85000 0.10000"
1253,0.0000,Tx-Rx,0,-66.3846,"-6.00000 -5.60000 0.90000, 5.75000 -1.85000 0.10000"
1254,0.0000,Tx-Rx,0,-65.8575,"-6.00000 -5.60000 0.90000, 6.05000 -1.85000 0.10000"
1255,0.0000,Tx-Rx,0,-66.1151,"-6.00000 -5.60000 0.90000, 6.35000 -1.85000 0.10000"
1256,0.0000,Tx-Rx,0,-66.6535,"-6.00000 -5.60000 0.90000, 6.65000 -1.85000 0.10000"
1257,0.0000,Tx-Rx,0,-72.0647,"-6.00000 -5.60000 0.90000, 6.95000 -1.85000 0.10000"
1258,0.0000,Tx-Rx,0,-79.6887,"-6.00000 -5.60000 0.90000, 7.25000 -1.85000 0.10000"
1259,0.0000,Tx-Rx,0,-80.1296,"-6.00000 -5.60000 0.90000, 7.55000 -1.85000 0.10000"
1260,0.0000,Tx-Rx,0,-80.3290,"-6.00000 -5.60000 0.90000, 7.85000 -1.85000 0.10000"
1261,0.0000,Tx-Rx,0,-58.4714,"-6.00000 -5.60000 0.90000, -9.85000 -1.55000 0.10000"
1262,0.0000,Tx-Rx,0,-53.0130,"-6.00000 -5.60000 0.90000, -9.55000 -1.55000 0.10000"
1263,0.0000,Tx-Rx,0,-51.3235,"-6.00000 -5.60000 0.90000, -9.25000 -1.55000 0.10000"
1264,0.0000,Tx-Rx,0,-48.6845,"-6.00000 -5.60000 0.90000, -8.95000 -1.55000 0.10000"
1265,0.0000,Tx-Rx,0,-49.2203,"-6.00000 -5.60000 0.90000, -8.65000 -1.55000 0.10000"
1266,0.0000,Tx-Rx,0,-48.8908,"-6.00000 -5.60000 0.90000, -8.35000 -1.55000 0.10000"
1267,0.0000,Tx-Rx,0,-48.6441,"-6.00000 -5.60000 0.90000, -8.05000 -1.55000 0.10000"
1268,0.0000,Tx-Rx,0,-48.4170,"-6.00000 -5.60000 0.90000, -7.75000 -1.55000 0.10000"
1269,0.0000,Tx-Rx,0,-47.8493,"-6.00000 -5.60000 0.90000, -7.45000 -1.55000 0.10000"
1270,0.0000,Tx-Rx,0,-45.8907,"-6.00000 -5.60000 0.90000, -7.15000 -1.55000 0.10000"
1271,0.0000,Tx-Rx,0,-46.4763,"-6.00000 -5.60000 0.90000, -6.85000 -1.55000 0.10000"
1272,0.0000,Tx-Rx,0,-47.2482,"-6.00000 -5.60000 0.90000, -6.55000 -1.55000 0.10000"
1273,0.0000,Tx-Rx,0,-47.2396,"-6.00000 -5.60000 0.90000, -6.25000 -1.55000 0.10000"
1274,0.0000,Tx-Rx,0,-47.3108,"-6.00000 -5.60000 0.90000, -5.95000 -1.55000 0.10000"
1275,0.0000,Tx-Rx,0,-47.3870,"-6.00000 -5.60000 0.90000, -5.65000 -1.55000 0.10000"
1276,0.0000,Tx-Rx,0,-47.3938,"-6.00000 -5.60000 0.90000, -5.35000 -1.55000 0.10000"
1277,0.0000,Tx-Rx,0,-47.3418,"-6.00000 -5.60000 0.90000, -5.05000 -1.55000 0.10000"
1278,0.0000,Tx-Rx,0,-47.5018,"-6.00000 -5.60000 0.90000, -4.75000 -1.55000 0.10000"
1279,0.0000,Tx-Rx,0,-47.9077,"-6.00000 -5.60000 0.90000, -4.45000 -1.55000 0.10000"
1280,0.0000,Tx-Rx,0,-48.0098,"-6.00000 -5.60000 0.90000, -4.15000 -1.55000 0.10000"
1281,0.0000,Tx-Rx,0,-48.3470,"-6.00000 -5.60000 0.90000, -3.85000 -1.55000 0.10000"
1282,0.0000,Tx-Rx,0,-48.6415,"-6.00000 -5.60000 0.90000, -3.55000 -1.55000 0.10000"
1283,0.0000,Tx-Rx,0,-48.6695,"-6.00000 -5.60000 0.90000, -3.25000 -1.55000 0.10000"
1284,0.0000,Tx-Rx,0,-48.9704,"-6.00000 -5.60000 0.90000, -2.95000 -1.55000 0.10000"
1285,0.0000,Tx-Rx,0,-49.2376,"-6.00000 -5.60000 0.90000, -2.65000 -1.55000 0.10000"
1286,0.0000,Tx-Rx,0,-49.5506,"-6.00000 -5.60000 0.90000, -2.35000 -1.55000 0.10000"
1287,0.0000,Tx-Rx,0,-49.6668,"-6.00000 -5.60000 0.90000, -2.05000 -1.55000 0.10000"
1288,0.0000,Tx-Rx,0,-49.9352,"-6.00000 -5.60000 0.90000, -1.75000 -1.55000 0.10000"
1289,0.0000,Tx-Rx,0,-50.2333,"-6.00000 -5.60000 0.90000, -1.45000 -1.55000 0.10000"
1290,0.0000,Tx-Rx,0,-50.5507,"-6.00000 -5.60000 0.90000, -1.15000 -1.55000 0.10000"
1291,0.0000,Tx-Rx,0,-50.7269,"-6.00000 -5.60000 0.90000, -0.85000 -1.55000 0.10000"
1292,0.0000,Tx-Rx,0,-50.8765,"-6.00000 -5.60000 0.90000, -0.55000 -1.55000 0.10000"
1293,0.0000,Tx-Rx,0,-51.1562,"-6.00000 -5.60000 0.90000, -0.25000 -1.55000 0.10000"
1294,0.0000,Tx-Rx,0,-56.1022,"-6.00000 -5.60000 0.90000, 0.05000 -1.55000 0.10000"
1295,0.0000,Tx-Rx,0,-77.6033,"-6.00000 -5.60000 0.90000, 0.35000 -1.55000 0.10000"
1296,0.0000,Tx-Rx,0,-76.4695,"-6.00000 -5.60000 0.90000, 0.65000 -1.55000 0.10000"
1297,0.0000,Tx-Rx,0,-75.6814,"-6.00000 -5.60000 0.90000, 0.95000 -1.55000 0.10000"
1298,0.0000,Tx-Rx,0,-75.7993,"-6.00000 -5.60000 0.90000, 1.25000 -1.55000 0.10000"
1299,0.0000,Tx-Rx,0,-75.5191,"-6.00000 -5.60000 0.90000, 1.55000 -1.55000 0.10000"
1300,0.0000,Tx-Rx,0,-72.6663,"-6.00000 -5.60000 0.90000, 1.85000 -1.55000 0.10000"
1301,0.0000,Tx-Rx,0,-74.8943,"-6.00000 -5.60000 0.90000, 2.15000 -1.55000 0.10000"
1302,0.0000,Tx-Rx,0,-74.7920,"-6.00000 -5.60000 0.90000, 2.45000 -1.55000 0.10000"
1303,0.0000,Tx-Rx,0,-72.7001,"-6.00000 -5.60000 0.90000, 2.75000 -1.55000 0.10000"
1304,0.0000,Tx-Rx,0,-73.2603,"-6.00000 -5.60000 0.90000, 3.05000 -1.55000 0.10000"
1305,0.0000,Tx-Rx,0,-73.4002,"-6.00000 -5.60000 0.90000, 3.35000 -1.55000 0.10000"
1306,0.0000,Tx-Rx,0,-71.2837,"-6.00000 -5.60000 0.90000, 3.65000 -1.55000 0.10000"
1307,0.0000,Tx-Rx,0,-66.2832,"-6.00000 -5.60000 0.90000, 3.95000 -1.55000 0.10000"
1308,0.0000,Tx-Rx,0,-65.5723,"-6.00000 -5.60000 0.90000, 4.25000 -1.55000 0.10000"
1309,0.0000,Tx-Rx,0,-65.5460,"-6.00000 -5.60000 0.90000, 4.55000 -1.55000 0.10000"
1310,0.0000,Tx-Rx,0,-65.7560,"-6.00000 -5.60000 0.90000, 4.85000 -1.55000 0.10000"
1311,0.0000,Tx-Rx,0,-66.0475,"-6.00000 -5.60000 0.90000, 5.15000 -1.55000 0.10000"
1312,0.0000,Tx-Rx,0,-66.2446,"-6.00000 -5.60000 0.90000, 5.45000 -1.55000 0.10000"
1313,0.0000,Tx-Rx,0,-66.0820,"-6.00000 -5.60000 0.90000, 5.75000 -1.55000 0.10000"
1314,0.0000,Tx-Rx,0,-65.6894,"-6.00000 -5.60000 0.90000, 6.05000 -1.55000 0.10000"
1315,0.0000,Tx-Rx,0,-66.1864,"-6.00000 -5.60000 0.90000, 6.35000 -1.55000 0.10000"
1316,0.0000,Tx-Rx,0,-70.2209,"-6.00000 -5.60000 0.90000, 6.65000 -1.55000 0.10000"
1317,0.0000,Tx-Rx,0,-80.6270,"-6.00000 -5.60000 0.90000, 6.95000 -1.55000 0.10000"
1318,0.0000,Tx-Rx,0,-80.5068,"-6.00000 -5.60000 0.90000, 7.25000 -1.55000 0.10000"
1319,0.0000,Tx-Rx,0,-81.2663,"-6.00000 -5.60000 0.90000, 7.55000 -1.55000 0.10000"
1320,0.0000,Tx-Rx,0,-80.8735,"-6.00000 -5.60000 0.90000, 7.85000 -1.55000 0.10000"
1321,0.0000,Tx-Rx,0,-58.7703,"-6.00000 -5.60000 0.90000, -9.85000 -1.25000 0.10000"
1322,0.0000,Tx-Rx,0,-57.1269,"-6.00000 -5.60000 0.90000, -9.55000 -1.25000 0.10000"
1323,0.0000,Tx-Rx,0,-48.7280,"-6.00000 -5.60000 0.90000, -9.25000 -1.25000 0.10000"
1324,0.0000,Tx-Rx,0,-47.8264,"-6.00000 -5.60000 0.90000, -8.95000 -1.25000 0.10000"
1325,0.0000,Tx-Rx,0,-49.3627,"-6.00000 -5.60000 0.90000, -8.65000 -1.25000 0.10000"
1326,0.0000,Tx-Rx,0,-49.4122,"-6.00000 -5.60000 0.90000, -8.35000 -1.25000 0.10000"
1327,0.0000,Tx-Rx,0,-49.1035,"-6.00000 -5.60000 0.90000, -8.05000 -1.25000 0.10000"
1328,0.0000,Tx-Rx,0,-48.9019,"-6.00000 -5.60000 0.90000, -7.75000 -1.25000 0.10000"
1329,0.0000,Tx-Rx,0,-48.5897,"-6.00000 -5.60000 0.90000, -7.45000 -1.25000 0.10000"
1330,0.0000,Tx-Rx,0,-46.3413,"-6.00000 -5.60000 0.90000, -7.15000 -1.25000 0.10000"
1331,0.0000,Tx-Rx,0,-46.7502,"-6.00000 -5.60000 0.90000, -6.85000 -1.25000 0.10000"
1332,0.0000,Tx-Rx,0,-47.8017,"-6.00000 -5.60000 0.90000, -6.55000 -1.25000 0.10000"
1333,0.0000,Tx-Rx,0,-47.7286,"-6.00000 -5.60000 0.90000, -6.25000 -1.25000 0.10000"
1334,0.0000,Tx-Rx,0,-47.7882,"-6.00000 -5.60000 0.90000, -5.95000 -1.25000 0.10000"
1335,0.0000,Tx-Rx,0,-47.8671,"-6.00000 -5.60000 0.90000, -5.65000 -1.25000 0.10000"
1336,0.0000,Tx-Rx,0,-47.9725,"-6.00000 -5.60000 0.90000, -5.35000 -1.25000 0.10000"
1337,0.0000,Tx-Rx,0,-47.8756,"-6.00000 -5.60000 0.90000, -5.05000 -1.25000 0.10000"
1338,0.0000,Tx-Rx,0,-47.7880,"-6.00000 -5.60000 0.90000, -4.75000 -1.25000 0.10000"
1339,0.0000,Tx-Rx,0,-49.0115,"-6.00000 -5.60000 0.90000, -4.45000 -1.25000 0.10000"
1340,0.0000,Tx-Rx,0,-48.6867,"-6.00000 -5.60000 0.90000, -4.15000 -1.25000 0.10000"
1341,0.0000,Tx-Rx,0,-48.7704,"-6.00000 -5.60000 0.90000, -3.85000 -1.25000 0.10000"
1342,0.0000,Tx-Rx,0,-49.2937,"-6.00000 -5.60000 0.90000, -3.55000 -1.25000 0.10000"
1343,0.0000,Tx-Rx,0,-49.5251,"-6.00000 -5.60000 0.90000, -3.25000 -1.25000 0.10000"
1344,0.0000,Tx-Rx,0,-49.3551,"-6.00000 -5.60000 0.90000, -2.95000 -1.25000 0.10000"
1345,0.0000,Tx-Rx,0,-49.5848,"-6.00000 -5.60000 0.90000, -2.65000 -1.25000 0.10000"
1346,0.0000,Tx-Rx,0,-49.9117,"-6.00000 -5.60000 0.90000, -2.35000 -1.25000 0.10000"
1347,0.0000,Tx-Rx,0,-49.9786,"-6.00000 -5.60000 0.90000, -2.05000 -1.25000 0.10000"
1348,0.0000,Tx-Rx,0,-50.0428,"-6.00000 -5.60000 0.90000, -1.75000 -1.25000 0.10000"
1349,0.0000,Tx-Rx,0,-50.4326,"-6.00000 -5.60000 0.90000, -1.45000 -1.25000 0.10000"
1350,0.0000,Tx-Rx,0,-50.7146,"-6.00000 -5.60000 0.90000, -1.15000 -1.25000 0.10000"
1351,0.0000,Tx-Rx,0,-50.9149,"-6.00000 -5.60000 0.90000, -0.85000 -1.25000 0.10000"
1352,0.0000,Tx-Rx,0,-51.1474,"-6.00000 -5.60000 0.90000, -0.55000 -1.25000 0.10000"
1353,0.0000,Tx-Rx,0,-51.1873,"-6.00000 -5.60000 0.90000, -0.25000 -1.25000 0.10000"
1354,0.0000,Tx-Rx,0,-56.2300,"-6.00000 -5.60000 0.90000, 0.05000 -1.25000 0.10000"
1355,0.0000,Tx-Rx,0,-77.7826,"-6.00000 -5.60000 0.90000, 0.35000 -1.25000 0.10000"
1356,0.0000,Tx-Rx,0,-76.4156,"-6.00000 -5.60000 0.90000, 0.65000 -1.25000 0.10000"
1357,0.0000,Tx-Rx,0,-76.1011,"-6.00000 -5.60000 0.90000, 0.95000 -1.25000 0.10000"
1358,0.0000,Tx-Rx,0,-74.9485,"-6.00000 -5.60000 0.90000, 1.25000 -1.25000 0.10000"
1359,0.0000,Tx-Rx,0,-75.5595,"-6.00000 -5.60000 0.90000, 1.55000 -1.25000 0.10000"
1360,0.0000,Tx-Rx,0,-76.1975,"-6.00000 -5.60000 0.90000, 1.85000 -1.25000 0.10000"
1361,0.0000,Tx-Rx,0,-74.2750,"-6.00000 -5.60000 0.90000, 2.15000 -1.25000 0.10000"
1362,0.0000,Tx-Rx,0,-73.3206,"-6.00000 -5.60000 0.90000, 2.45000 -1.25000 0.10000"
1363,0.0000,Tx-Rx,0,-72.3345,"-6.00000 -5.60000 0.90000, 2.75000 -1.25000 0.10000"
1364,0.0000,Tx-Rx,0,-73.1949,"-6.00000 -5.60000 0.90000, 3.05000 -1.25000 0.10000"
1365,0.0000,Tx-Rx,0,-72.8443,"-6.00000 -5.60000 0.90000, 3.35000 -1.25000 0.10000"
1366,0.0000,Tx-Rx,0,-66.9872,"-6.00000 -5.60000 0.90000, 3.65000 -1.25000 0.10000"
1367,0.0000,Tx-Rx,0,-65.7393,"-6.00000 -5.60000 0.90000, 3.95000 -1.25000 0.10000"
1368,0.0000,Tx-Rx,0,-65.2293,"-6.00000 -5.60000 0.90000, 4.25000 -1.25000 0.10000"
1369,0.0000,Tx-Rx,0,-65.3487,"-6.00000 -5.60000 0.90000, 4.55000 -1.25000 0.10000"
1370,0.0000,Tx-Rx,0,-65.8993,"-6.00000 -5.60000 0.90000, 4.85000 -1.25000 0.10000"
1371,0.0000,Tx-Rx,0,-66.0033,"-6.00000 -5.60000 0.90000, 5.15000 -1.25000 0.10000"
1372,0.0000,Tx-Rx,0,-66.0987,"-6.00000 -5.60000 0.90000, 5.45000 -1.25000 0.10000"
1373,0.0000,Tx-Rx,0,-65.6225,"-6.00000 -5.60000 0.90000, 5.75000 -1.25000 0.10000"
1374,0.0000,Tx-Rx,0,-65.9632,"-6.00000 -5.60000 0.90000, 6.05000 -1.25000 0.10000"
1375,0.0000,Tx-Rx,0,-68.3417,"-6.00000 -5.60000 0.90000, 6.35000 -1.25000 0.10000"
1376,0.0000,Tx-Rx,0,-80.3276,"-6.00000 -5.60000 0.90000, 6.65000 -1.25000 0.10000"
1377,0.0000,Tx-Rx,0,-81.4973,"-6.00000 -5.60000 0.90000, 6.95000 -1.25000 0.10000"
1378,0.0000,Tx-Rx,0,-80.8067,"-6.00000 -5.60000 0.90000, 7.25000 -1.25000 0.10000"
1379,0.0000,Tx-Rx,0,-80.5370,"-6.00000 -5.60000 0.90000, 7.55000 -1.25000 0.10000"
1380,0.0000,Tx-Rx,0,-81.0872,"-6.00000 -5.60000 0.90000, 7.85000 -1.25000 0.10000"
1381,0.0000,Tx-Rx,0,-59.5615,"-6.00000 -5.60000 0.90000, -9.85000 -0.95000 0.10000"
1382,0.0000,Tx-Rx,0,-53.0117,"-6.00000 -5.60000 0.90000, -9.55000 -0.95000 0.10000"
1383,0.0000,Tx-Rx,0,-48.8542,"-6.00000 -5.60000 0.90000, -9.25000 -0.95000 0.10000"
1384,0.0000,Tx-Rx,0,-47.7964,"-6.00000 -5.60000 0.90000, -8.95000 -0.95000 0.10000"
1385,0.0000,Tx-Rx,0,-48.4385,"-6.00000 -5.60000 0.90000, -8.65000 -0.95000 0.10000"
1386,0.0000,Tx-Rx,0,-49.7425,"-6.00000 -5.60000 0.90000, -8.35000 -0.95000 0.10000"
1387,0.0000,Tx-Rx,0,-49.5259,"-6.00000 -5.60000 0.90000, -8.05000 -0.95000 0.10000"
1388,0.0000,Tx-Rx,0,-49.3244,"-6.00000 -5.60000 0.90000, -7.75000 -0.95000 0.10000"
1389,0.0000,Tx-Rx,0,-49.1065,"-6.00000 -5.60000 0.90000, -7.45000 -0.95000 0.10000"
1390,0.0000,Tx-Rx,0,-55.2837,"-6.00000 -5.60000 0.90000, -7.15000 -0.95000 0.10000"
1391,0.0000,Tx-Rx,0,-52.3049,"-6.00000 -5.60000 0.90000, -6.85000 -0.95000 0.10000"
1392,0.0000,Tx-Rx,0,-48.6337,"-6.00000 -5.60000 0.90000, -6.55000 -0.95000 0.10000"
1393,0.0000,Tx-Rx,0,-48.1798,"-6.00000 -5.60000 0.90000, -6.25000 -0.95000 0.10000"
1394,0.0000,Tx-Rx,0,-48.1588,"-6.00000 -5.60000 0.90000, -5.95000 -0.95000 0.10000"
1395,0.0000,Tx-Rx,0,-48.2882,"-6.00000 -5.60000 0.90000, -5.65000 -0.95000 0.10000"
1396,0.0000,Tx-Rx,0,-48.4178,"-6.00000 -5.60000 0.90000, -5.35000 -0.95000 0.10000"
1397,0.0000,Tx-Rx,0,-48.4188,"-6.00000 -5.60000 0.90000, -5.05000 -0.95000 0.10000"
1398,0.0000,Tx-Rx,0,-48.0374,"-6.00000 -5.60000 0.90000, -4.75000 -0.95000 0.10000"
1399,0.0000,Tx-Rx,0,-52.4377,"-6.00000 -5.60000 0.90000, -4.45000 -0.95000 0.10000"
1400,0.0000,Tx-Rx,0,-51.1629,"-6.00000 -5.60000 0.90000, -4.15000 -0.95000 0.10000"
1401,0.0000,Tx-Rx,0,-49.2509,"-6.00000 -5.60000 0.90000, -3.85000 -0.95000 0.10000"
1402,0.0000,Tx-Rx,0,-50.8433,"-6.00000 -5.60000 0.90000, -3.55000 -0.95000 0.10000"
1403,0.0000,Tx-Rx,0,-53.7694,"-6.00000 -5.60000 0.90000, -3.25000 -0.95000 0.10000"
1404,0.0000,Tx-Rx,0,-50.3323,"-6.00000 -5.60000 0.90000, -2.95000 -0.95000 0.10000"
1405,0.0000,Tx-Rx,0,-49.8900,"-6.00000 -5.60000 0.90000, -2.65000 -0.95000 0.10000"
1406,0.0000,Tx-Rx,0,-50.1525,"-6.00000 -5.60000 0.90000, -2.35000 -0.95000 0.10000"
1407,0.0000,Tx-Rx,0,-50.2510,"-6.00000 -5.60000 0.90000, -2.05000 -0.95000 0.10000"
1408,0.0000,Tx-Rx,0,-50.4401,"-6.00000 -5.60000 0.90000, -1.75000 -0.95000 0.10000"
1409,0.0000,Tx-Rx,0,-50.4778,"-6.00000 -5.60000 0.90000, -1.45000 -0.95000 0.10000"
1410,0.0000,Tx-Rx,0,-50.8928,"-6.00000 -5.60000 0.90000, -1.15000 -0.95000 0.10000"
1411,0.0000,Tx-Rx,0,-51.0949,"-6.00000 -5.60000 0.90000, -0.85000 -0.95000 0.10000"
1412,0.0000,Tx-Rx,0,-51.2562,"-6.00000 -5.60000 0.90000, -0.55000 -0.95000 0.10000"
1413,0.0000,Tx-Rx,0,-51.1939,"-6.00000 -5.60000 0.90000, -0.25000 -0.95000 0.10000"
1414,0.0000,Tx-Rx,0,-56.1568,"-6.00000 -5.60000 0.90000, 0.05000 -0.95000 0.10000"
1415,0.0000,Tx-Rx,0,-77.5271,"-6.00000 -5.60000 0.90000, 0.35000 -0.95000 0.10000"
1416,0.0000,Tx-Rx,0,-76.9627,"-6.00000 -5.60000 0.90000, 0.65000 -0.95000 0.10000"
1417,0.0000,Tx-Rx,0,-75.4282,"-6.00000 -5.60000 0.90000, 0.95000 -0.95000 0.10000"
1418,0.0000,Tx-Rx,0,-74.6338,"-6.00000 -5.60000 0.90000, 1.25000 -0.95000 0.10000"
1419,0.0000,Tx-Rx,0,-76.6855,"-6.00000 -5.60000 0.90000, 1.55000 -0.95000 0.10000"
1420,0.0000,Tx-Rx,0,-74.7074,"-6.00000 -5.60000 0.90000, 1.85000 -0.95000 0.10000"
1421,0.0000,Tx-Rx,0,-74.7451,"-6.00000 -5.60000 0.90000, 2.15000 -0.95000 0.10000"
1422,0.0000,Tx-Rx,0,-71.8370,"-6.00000 -5.60000 0.90000, 2.45000 -0.95000 0.10000"
1423,0.0000,Tx-Rx,0,-73.3300,"-6.00000 -5.60000 0.90000, 2.75000 -0.95000 0.10000"
1424,0.0000,Tx-Rx,0,-73.2234,"-6.00000 -5.60000 0.90000, 3.05000 -0.95000 0.10000"
1425,0.0000,Tx-Rx,0,-68.6729,"-6.00000 -5.60000 0.90000, 3.35000 -0.95000 0.10000"
1426,0.0000,Tx-Rx,0,-65.7123,"-6.00000 -5.60000 0.90000, 3.65000 -0.95000 0.10000"
1427,0.0000,Tx-Rx,0,-65.2303,"-6.00000 -5.60000 0.90000, 3.95000 -0.95000 0.10000"
1428,0.0000,Tx-Rx,0,-65.1696,"-6.00000 -5.60000 0.90000, 4.25000 -0.95000 0.10000"
1429,0.0000,Tx-Rx,0,-65.4661,"-6.00000 -5.60000 0.90000, 4.55000 -0.95000 0.10000"
1430,0.0000,Tx-Rx,0,-65.8381,"-6.00000 -5.60000 0.90000, 4.85000 -0.95000 0.10000"
1431,0.0000,Tx-Rx,0,-65.5936,"-6.00000 -5.60000 0.90000, 5.15000 -0.95000 0.10000"
1432,0.0000,Tx-Rx,0,-65.2769,"-6.00000 -5.60000 0.90000, 5.45000 -0.95000 0.10000"
1433,0.0000,Tx-Rx,0,-65.2161,"-6.00000 -5.60000 0.90000, 5.75000 -0.95000 0.10000"
1434,0.0000,Tx-Rx,0,-66.8528,"-6.00000 -5.60000 0.90000, 6.05000 -0.95000 0.10000"
1435,0.0000,Tx-Rx,0,-74.5113,"-6.00000 -5.60000 0.90000, 6.35000 -0.95000 0.10000"
1436,0.0000,Tx-Rx,0,-74.9677,"-6.00000 -5.60000 0.90000, 6.65000 -0.95000 0.10000"
1437,0.0000,Tx-Rx,0,-75.7802,"-6.00000 -5.60000 0.90000, 6.95000 -0.95000 0.10000"
1438,0.0000,Tx-Rx,0,-80.8942,"-6.00000 -5.60000 0.90000, 7.25000 -0.95000 0.10000"
1439,0.0000,Tx-Rx,0,-79.7557,"-6.00000 -5.60000 0.90000, 7.55000 -0.95000 0.10000"
1440,0.0000,Tx-Rx,0,-82.2270,"-6.00000 -5.60000 0.90000, 7.85000 -0.95000 0.10000"
1441,0.0000,Tx-Rx,0,-55.7378,"-6.00000 -5.60000 0.90000, -9.85000 -0.65000 0.10000"
1442,0.0000,Tx-Rx,0,-50.8654,"-6.00000 -5.60000 0.90000, -9.55000 -0.65000 0.10000"
1443,0.0000,Tx-Rx,0,-51.3081,"-6.00000 -5.60000 0.90000, -9.25000 -0.65000 0.10000"
1444,0.0000,Tx-Rx,0,-51.9693,"-6.00000 -5.60000 0.90000, -8.95000 -0.65000 0.10000"
1445,0.0000,Tx-Rx,0,-51.4593,"-6.00000 -5.60000 0.90000, -8.65000 -0.65000 0.10000"
1446,0.0000,Tx-Rx,0,-49.9874,"-6.00000 -5.60000 0.90000, -8.35000 -0.65000 0.10000"
1447,0.0000,Tx-Rx,0,-49.9786,"-6.00000 -5.60000 0.90000, -8.05000 -0.65000 0.10000"
1448,0.0000,Tx-Rx,0,-49.8803,"-6.00000 -5.60000 0.90000, -7.75000 -0.65000 0.10000"
1449,0.0000,Tx-Rx,0,-49.7296,"-6.00000 -5.60000 0.90000, -7.45000 -0.65000 0.10000"
1450,0.0000,Tx-Rx,0,-63.8306,"-6.00000 -5.60000 0.90000, -7.15000 -0.65000 0.10000"
1451,0.0000,Tx-Rx,0,-51.6183,"-6.00000 -5.60000 0.90000, -6.85000 -0.65000 0.10000"
1452,0.0000,Tx-Rx,0,-48.9609,"-6.00000 -5.60000 0.90000, -6.55000 -0.65000 0.10000"
1453,0.0000,Tx-Rx,0,-48.8591,"-6.00000 -5.60000 0.90000, -6.25000 -0.65000 0.10000"
1454,0.0000,Tx-Rx,0,-48.5633,"-6.00000 -5.60000 0.90000, -5.95000 -0.65000 0.10000"
1455,0.0000,Tx-Rx,0,-48.7054,"-6.00000 -5.60000 0.90000, -5.65000 -0.65000 0.10000"
1456,0.0000,Tx-Rx,0,-48.8616,"-6.00000 -5.60000 0.90000, -5.35000 -0.65000 0.10000"
1457,0.0000,Tx-Rx,0,-48.9522,"-6.00000 -5.60000 0.90000, -5.05000 -0.65000 0.10000"
1458,0.0000,Tx-Rx,0,-48.2267,"-6.00000 -5.60000 0.90000, -4.75000 -0.65000 0.10000"
1459,0.0000,Tx-Rx,0,-52.5114,"-6.00000 -5.60000 0.90000, -4.45000 -0.65000 0.10000"
1460,0.0000,Tx-Rx,0,-55.1208,"-6.00000 -5.60000 0.90000, -4.15000 -0.65000 0.10000"
1461,0.0000,Tx-Rx,0,-49.8501,"-6.00000 -5.60000 0.90000, -3.85000 -0.65000 0.10000"
1462,0.0000,Tx-Rx,0,-50.3676,"-6.00000 -5.60000 0.90000, -3.55000 -0.65000 0.10000"
1463,0.0000,Tx-Rx,0,-55.5690,"-6.00000 -5.60000 0.90000, -3.25000 -0.65000 0.10000"
1464,0.0000,Tx-Rx,0,-53.8946,"-6.00000 -5.60000 0.90000, -2.95000 -0.65000 0.10000"
1465,0.0000,Tx-Rx,0,-50.4540,"-6.00000 -5.60000 0.90000, -2.65000 -0.65000 0.10000"
1466,0.0000,Tx-Rx,0,-50.4758,"-6.00000 -5.60000 0.90000, -2.35000 -0.65000 0.10000"
1467,0.0000,Tx-Rx,0,-50.5925,"-6.00000 -5.60000 0.90000, -2.05000 -0.65000 0.10000"
1468,0.0000,Tx-Rx,0,-50.7328,"-6.00000 -5.60000 0.90000, -1.75000 -0.65000 0.10000"
1469,0.0000,Tx-Rx,0,-50.8140,"-6.00000 -5.60000 0.90000, -1.45000 -0.65000 0.10000"
1470,0.0000,Tx-Rx,0,-50.4006,"-6.00000 -5.60000 0.90000, -1.15000 -0.65000 0.10000"
1471,0.0000,Tx-Rx,0,-51.1972,"-6.00000 -5.60000 0.90000, -0.85000 -0.65000 0.10000"
1472,0.0000,Tx-Rx,0,-51.4377,"-6.00000 -5.60000 0.90000, -0.55000 -0.65000 0.10000"
1473,0.0000,Tx-Rx,0,-51.3762,"-6.00000 -5.60000 0.90000, -0.25000 -0.65000 0.10000"
1474,0.0000,Tx-Rx,0,-56.1829,"-6.00000 -5.60000 0.90000, 0.05000 -0.65000 0.10000"
1475,0.0000,Tx-Rx,0,-77.4258,"-6.00000 -5.60000 0.90000, 0.35000 -0.65000 0.10000"
1476,0.0000,Tx-Rx,0,-76.5017,"-6.00000 -5.60000 0.90000, 0.65000 -0.65000 0.10000"
1477,0.0000,Tx-Rx,0,-74.7697,"-6.00000 -5.60000 0.90000, 0.95000 -0.65000 0.10000"
1478,0.0000,Tx-Rx,0,-75.9133,"-6.00000 -5.60000 0.90000, 1.25000 -0.65000 0.10000"
1479,0.0000,Tx-Rx,0,-74.7424,"-6.00000 -5.60000 0.90000, 1.55000 -0.65000 0.10000"
1480,0.0000,Tx-Rx,0,-74.3804,"-6.00000 -5.60000 0.90000, 1.85000 -0.65000 0.10000"
1481,0.0000,Tx-Rx,0,-72.8621,"-6.00000 -5.60000 0.90000, 2.15000 -0.65000 0.10000"
1482,0.0000,Tx-Rx,0,-73.3831,"-6.00000 -5.60000 0.90000, 2.45000 -0.65000 0.10000"
1483,0.0000,Tx-Rx,0,-71.9519,"-6.00000 -5.60000 0.90000, 2.75000 -0.65000 0.10000"
1484,0.0000,Tx-Rx,0,-71.2612,"-6.00000 -5.60000 0.90000, 3.05000 -0.65000 0.10000"
1485,0.0000,Tx-Rx,0,-66.0113,"-6.00000 -5.60000 0.90000, 3.35000 -0.65000 0.10000"
1486,0.0000,Tx-Rx,0,-65.1782,"-6.00000 -5.60000 0.90000, 3.65000 -0.65000 0.10000"
1487,0.0000,Tx-Rx,0,-64.9082,"-6.00000 -5.60000 0.90000, 3.95000 -0.65000 0.10000"
1488,0.0000,Tx-Rx,0,-64.9447,"-6.00000 -5.60000 0.90000, 4.25000 -0.65000 0.10000"
1489,0.0000,Tx-Rx,0,-65.7729,"-6.00000 -5.60000 0.90000, 4.55000 -0.65000 0.10000"
1490,0.0000,Tx-Rx,0,-65.6338,"-6.00000 -5.60000 0.90000, 4.85000 -0.65000 0.10000"
1491,0.0000,Tx-Rx,0,-65.6762,"-6.00000 -5.60000 0.90000, 5.15000 -0.65000 0.10000"
1492,0.0000,Tx-Rx,0,-64.9747,"-6.00000 -5.60000 0.90000, 5.45000 -0.65000 0.10000"
1493,0.0000,Tx-Rx,0,-65.8508,"-6.00000 -5.60000 0.90000, 5.75000 -0.65000 0.10000"
1494,0.0000,Tx-Rx,0,-73.0586,"-6.00000 -5.60000 0.90000, 6.05000 -0.65000 0.10000"
1495,0.0000,Tx-Rx,0,-74.0860,"-6.00000 -5.60000 0.90000, 6.35000 -0.65000 0.10000"
1496,0.0000,Tx-Rx,0,-74.4541,"-6.00000 -5.60000 0.90000, 6.65000 -0.65000 0.10000"
1497,0.0000,Tx-Rx,0,-74.5595,"-6.00000 -5.60000 0.90000, 6.95000 -0.65000 0.10000"
1498,0.0000,Tx-Rx,0,-76.5504,"-6.00000 -5.60000 0.90000, 7.25000 -0.65000 0.10000"
1499,0.0000,Tx-Rx,0,-80.1584,"-6.00000 -5.60000 0.90000, 7.55000 -0.65000 0.10000"
1500,0.0000,Tx-Rx,0,-83.4342,"-6.00000 -5.60000 0.90000, 7.85000 -0.65000 0.10000"
1501,0.0000,Tx-Rx,0,-51.8285,"-6.00000 -5.60000 0.90000, -9.85000 -0.35000 0.10000"
1502,0.0000,Tx-Rx,0,-51.2473,"-6.00000 -5.60000 0.90000, -9.55000 -0.35000 0.10000"
1503,0.0000,Tx-Rx,0,-56.9400,"-6.00000 -5.60000 0.90000, -9.25000 -0.35000 0.10000"
1504,0.0000,Tx-Rx,0,-119.3307,"-6.00000 -5.60000 0.90000, -8.95000 -0.35000 0.10000"
1505,0.0000,Tx-Rx,0,-60.2505,"-6.00000 -5.60000 0.90000, -8.65000 -0.35000 0.10000"
1506,0.0000,Tx-Rx,0,-49.0311,"-6.00000 -5.60000 0.90000, -8.35000 -0.35000 0.10000"
1507,0.0000,Tx-Rx,0,-50.3727,"-6.00000 -5.60000 0.90000, -8.05000 -0.35000 0.10000"
1508,0.0000,Tx-Rx,0,-50.2070,"-6.00000 -5.60000 0.90000, -7.75000 -0.35000 0.10000"
1509,0.0000,Tx-Rx,0,-51.2687,"-6.00000 -5.60000 0.90000, -7.45000 -0.35000 0.10000"
1510,0.0000,Tx-Rx,0,-68.2642,"-6.00000 -5.60000 0.90000, -7.15000 -0.35000 0.10000"
1511,0.0000,Tx-Rx,0,-51.8243,"-6.00000 -5.60000 0.90000, -6.85000 -0.35000 0.10000"
1512,0.0000,Tx-Rx,0,-48.9350,"-6.00000 -5.60000 0.90000, -6.55000 -0.35000 0.10000"
1513,0.0000,Tx-Rx,0,-49.5033,"-6.00000 -5.60000 0.90000, -6.25000 -0.35000 0.10000"
1514,0.0000,Tx-Rx,0,-49.2369,"-6.00000 -5.60000 0.90000, -5.95000 -0.35000 0.10000"
1515,0.0000,Tx-Rx,0,-49.1166,"-6.00000 -5.60000 0.90000, -5.65000 -0.35000 0.10000"
1516,0.0000,Tx-Rx,0,-49.0982,"-6.00000 -5.60000 0.90000, -5.35000 -0.35000 0.10000"
1517,0.0000,Tx-Rx,0,-49.1950,"-6.00000 -5.60000 0.90000, -5.05000 -0.35000 0.10000"
1518,0.0000,Tx-Rx,0,-48.9033,"-6.00000 -5.60000 0.90000, -4.75000 -0.35000 0.10000"
1519,0.0000,Tx-Rx,0,-51.5220,"-6.00000 -5.60000 0.90000, -4.45000 -0.35000 0.10000"
1520,0.0000,Tx-Rx,0,-54.7047,"-6.00000 -5.60000 0.90000, -4.15000 -0.35000 0.10000"
1521,0.0000,Tx-Rx,0,-51.0523,"-6.00000 -5.60000 0.90000, -3.85000 -0.35000 0.10000"
1522,0.0000,Tx-Rx,0,-50.2186,"-6.00000 -5.60000 0.90000, -3.55000 -0.35000 0.10000"
1523,0.0000,Tx-Rx,0,-53.2167,"-6.00000 -5.60000 0.90000, -3.25000 -0.35000 0.10000"
1524,0.0000,Tx-Rx,0,-55.9237,"-6.00000 -5.60000 0.90000, -2.95000 -0.35000 0.10000"
1525,0.0000,Tx-Rx,0,-52.4874,"-6.00000 -5.60000 0.90000, -2.65000 -0.35000 0.10000"
1526,0.0000,Tx-Rx,0,-50.9705,"-6.00000 -5.60000 0.90000, -2.35000 -0.35000 0.10000"
1527,0.0000,Tx-Rx,0,-51.0320,"-6.00000 -5.60000 0.90000, -2.05000 -0.35000 0.10000"
1528,0.0000,Tx-Rx,0,-50.9535,"-6.00000 -5.60000 0.90000, -1.75000 -0.35000 0.10000"
1529,0.0000,Tx-Rx,0,-51.0783,"-6.00000 -5.60000 0.90000, -1.45000 -0.35000 0.10000"
1530,0.0000,Tx-Rx,0,-50.5135,"-6.00000 -5.60000 0.90000, -1.15000 -0.35000 0.10000"
1531,0.0000,Tx-Rx,0,-50.7415,"-6.00000 -5.60000 0.90000, -0.85000 -0.35000 0.10000"
1532,0.0000,Tx-Rx,0,-51.5920,"-6.00000 -5.60000 0.90000, -0.55000 -0.35000 0.10000"
1533,0.0000,Tx-Rx,0,-51.4764,"-6.00000 -5.60000 0.90000, -0.25000 -0.35000 0.10000"
1534,0.0000,Tx-Rx,0,-56.3311,"-6.00000 -5.60000 0.90000, 0.05000 -0.35000 0.10000"
1535,0.0000,Tx-Rx,0,-76.3908,"-6.00000 -5.60000 0.90000, 0.35000 -0.35000 0.10000"
1536,0.0000,Tx-Rx,0,-74.7925,"-6.00000 -5.60000 0.90000, 0.65000 -0.35000 0.10000"
1537,0.0000,Tx-Rx,0,-74.4698,"-6.00000 -5.60000 0.90000, 0.95000 -0.35000 0.10000"
1538,0.0000,Tx-Rx,0,-74.3896,"-6.00000 -5.60000 0.90000, 1.25000 -0.35000 0.10000"
1539,0.0000,Tx-Rx,0,-74.0059,"-6.00000 -5.60000 0.90000, 1.55000 -0.35000 0.10000"
1540,0.0000,Tx-Rx,0,-74.6367,"-6.00000 -5.60000 0.90000, 1.85000 -0.35000 0.10000"
1541,0.0000,Tx-Rx,0,-73.4340,"-6.00000 -5.60000 0.90000, 2.15000 -0.35000 0.10000"
1542,0.0000,Tx-Rx,0,-73.0649,"-6.00000 -5.60000 0.90000, 2.45000 -0.35000 0.10000"
1543,0.0000,Tx-Rx,0,-72.4838,"-6.00000 -5.60000 0.90000, 2.75000 -0.35000 0.10000"
1544,0.0000,Tx-Rx,0,-66.5166,"-6.00000 -5.60000 0.90000, 3.05000 -0.35000 0.10000"
1545,0.0000,Tx-Rx,0,-65.3101,"-6.00000 -5.60000 0.90000, 3.35000 -0.35000 0.10000"
1546,0.0000,Tx-Rx,0,-65.0441,"-6.00000 -5.60000 0.90000, 3.65000 -0.35000 0.10000"
1547,0.0000,Tx-Rx,0,-64.6440,"-6.00000 -5.60000 0.90000, 3.95000 -0.35000 0.10000"
1548,0.0000,Tx-Rx,0,-65.2869,"-6.00000 -5.60000 0.90000, 4.25000 -0.35000 0.10000"
1549,0.0000,Tx-Rx,0,-65.4602,"-6.00000 -5.60000 0.90000, 4.55000 -0.35000 0.10000"
1550,0.0000,Tx-Rx,0,-65.5328,"-6.00000 -5.60000 0.90000, 4.85000 -0.35000 0.10000"
1551,0.0000,Tx-Rx,0,-65.2835,"-6.00000 -5.60000 0.90000, 5.15000 -0.35000 0.10000"
1552,0.0000,Tx-Rx,0,-65.5331,"-6.00000 -5.60000 0.90000, 5.45000 -0.35000 0.10000"
1553,0.0000,Tx-Rx,0,-71.3832,"-6.00000 -5.60000 0.90000, 5.75000 -0.35000 0.10000"
1554,0.0000,Tx-Rx,0,-73.8709,"-6.00000 -5.60000 0.90000, 6.05000 -0.35000 0.10000"
1555,0.0000,Tx-Rx,0,-74.0589,"-6.00000 -5.60000 0.90000, 6.35000 -0.35000 0.10000"
1556,0.0000,Tx-Rx,0,-73.7789,"-6.00000 -5.60000 0.90000, 6.65000 -0.35000 0.10000"
1557,0.0000,Tx-Rx,0,-74.1522,"-6.00000 -5.60000 0.90000, 6.95000 -0.35000 0.10000"
1558,0.0000,Tx-Rx,0,-74.1575,"-6.00000 -5.60000 0.90000, 7.25000 -0.35000 0.10000"
1559,0.0000,Tx-Rx,0,-80.5678,"-6.00000 -5.60000 0.90000, 7.55000 -0.35000 0.10000"
1560,0.0000,Tx-Rx,0,-80.9119,"-6.00000 -5.60000 0.90000, 7.85000 -0.35000 0.10000"
1561,0.0000,Tx-Rx,0,-51.0884,"-6.00000 -5.60000 0.90000, -9.85000 -0.05000 0.10000"
1562,0.0000,Tx-Rx,0,-53.6959,"-6.00000 -5.60000 0.90000, -9.55000 -0.05000 0.10000"
1563,0.0000,Tx-Rx,0,-61.7042,"-6.00000 -5.60000 0.90000, -9.25000 -0.05000 0.10000"
1564,0.0000,Tx-Rx,0,-63.4833,"-6.00000 -5.60000 0.90000, -8.95000 -0.05000 0.10000"
1565,0.0000,Tx-Rx,0,-57.1516,"-6.00000 -5.60000 0.90000, -8.65000 -0.05000 0.10000"
1566,0.0000,Tx-Rx,0,-48.4351,"-6.00000 -5.60000 0.90000, -8.35000 -0.05000 0.10000"
1567,0.0000,Tx-Rx,0,-50.5951,"-6.00000 -5.60000 0.90000, -8.05000 -0.05000 0.10000"
1568,0.0000,Tx-Rx,0,-50.3949,"-6.00000 -5.60000 0.90000, -7.75000 -0.05000 0.10000"
1569,0.0000,Tx-Rx,0,-53.4092,"-6.00000 -5.60000 0.90000, -7.45000 -0.05000 0.10000"
1570,0.0000,Tx-Rx,0,-68.4338,"-6.00000 -5.60000 0.90000, -7.15000 -0.05000 0.10000"
1571,0.0000,Tx-Rx,0,-52.3633,"-6.00000 -5.60000 0.90000, -6.85000 -0.05000 0.10000"
1572,0.0000,Tx-Rx,0,-48.8878,"-6.00000 -5.60000 0.90000, -6.55000 -0.05000 0.10000"
1573,0.0000,Tx-Rx,0,-49.8264,"-6.00000 -5.60000 0.90000, -6.25000 -0.05000 0.10000"
1574,0.0000,Tx-Rx,0,-50.0066,"-6.00000 -5.60000 0.90000, -5.95000 -0.05000 0.10000"
1575,0.0000,Tx-Rx,0,-49.5355,"-6.00000 -5.60000 0.90000, -5.65000 -0.05000 0.10000"
1576,0.0000,Tx-Rx,0,-49.4875,"-6.00000 -5.60000 0.90000, -5.35000 -0.05000 0.10000"
1577,0.0000,Tx-Rx,0,-49.2934,"-6.00000 -5.60000 0.90000, -5.05000 -0.05000 0.10000"
1578,0.0000,Tx-Rx,0,-49.5051,"-6.00000 -5.60000 0.90000, -4.75000 -0.05000 0.10000"
1579,0.0000,Tx-Rx,0,-51.0752,"-6.00000 -5.60000 0.90000, -4.45000 -0.05000 0.10000"
1580,0.0000,Tx-Rx,0,-53.6642,"-6.00000 -5.60000 0.90000, -4.15000 -0.05000 0.10000"
1581,0.0000,Tx-Rx,0,-53.2618,"-6.00000 -5.60000 0.90000, -3.85000 -0.05000 0.10000"
1582,0.0000,Tx-Rx,0,-50.5535,"-6.00000 -5.60000 0.90000, -3.55000 -0.05000 0.10000"
1583,0.0000,Tx-Rx,0,-52.0065,"-6.00000 -5.60000 0.90000, -3.25000 -0.05000 0.10000"
1584,0.0000,Tx-Rx,0,-56.5001,"-6.00000 -5.60000 0.90000, -2.95000 -0.05000 0.10000"
1585,0.0000,Tx-Rx,0,-55.6974,"-6.00000 -5.60000 0.90000, -2.65000 -0.05000 0.10000"
1586,0.0000,Tx-Rx,0,-51.4527,"-6.00000 -5.60000 0.90000, -2.35000 -0.05000 0.10000"
1587,0.0000,Tx-Rx,0,-51.2983,"-6.00000 -5.60000 0.90000, -2.05000 -0.05000 0.10000"
1588,0.0000,Tx-Rx,0,-51.3957,"-6.00000 -5.60000 0.90000, -1.75000 -0.05000 0.10000"
1589,0.0000,Tx-Rx,0,-51.5078,"-6.00000 -5.60000 0.90000, -1.45000 -0.05000 0.10000"
1590,0.0000,Tx-Rx,0,-51.2592,"-6.00000 -5.60000 0.90000, -1.15000 -0.05000 0.10000"
1591,0.0000,Tx-Rx,0,-50.4830,"-6.00000 -5.60000 0.90000, -0.85000 -0.05000 0.10000"
1592,0.0000,Tx-Rx,0,-50.6614,"-6.00000 -5.60000 0.90000, -0.55000 -0.05000 0.10000"
1593,0.0000,Tx-Rx,0,-51.6246,"-6.00000 -5.60000 0.90000, -0.25000 -0.05000 0.10000"
1594,0.0000,Tx-Rx,0,-56.5206,"-6.00000 -5.60000 0.90000, 0.05000 -0.05000 0.10000"
1595,0.0000,Tx-Rx,0,-76.4532,"-6.00000 -5.60000 0.90000, 0.35000 -0.05000 0.10000"
1596,0.0000,Tx-Rx,0,-75.5456,"-6.00000 -5.60000 0.90000, 0.65000 -0.05000 0.10000"
1597,0.0000,Tx-Rx,0,-74.6485,"-6.00000 -5.60000 0.90000, 0.95000 -0.05000 0.10000"
1598,0.0000,Tx-Rx,0,-74.1984,"-6.00000 -5.60000 0.90000, 1.25000 -0.05000 0.10000"
1599,0.0000,Tx-Rx,0,-73.0587,"-6.00000 -5.60000 0.90000, 1.55000 -0.05000 0.10000"
1600,0.0000,Tx-Rx,0,-74.3908,"-6.00000 -5.60000 0.90000, 1.85000 -0.05000 0.10000"
1601,0.0000,Tx-Rx,0,-73.6402,"-6.00000 -5.60000 0.90000, 2.15000 -0.05000 0.10000"
1602,0.0000,Tx-Rx,0,-73.4131,"-6.00000 -5.60000 0.90000, 2.45000 -0.05000 0.10000"
1603,0.0000,Tx-Rx,0,-68.5274,"-6.00000 -5.60000 0.90000, 2.75000 -0.05000 0.10000"
1604,0.0000,Tx-Rx,0,-65.3007,"-6.00000 -5.60000 0.90000, 3.05000 -0.05000 0.10000"
1605,0.0000,Tx-Rx,0,-64.8497,"-6.00000 -5.60000 0.90000, 3.35000 -0.05000 0.10000"
1606,0.0000,Tx-Rx,0,-64.6574,"-6.00000 -5.60000 0.90000, 3.65000 -0.05000 0.10000"
1607,0.0000,Tx-Rx,0,-64.7776,"-6.00000 -5.60000 0.90000, 3.95000 -0.05000 0.10000"
1608,0.0000,Tx-Rx,0,-65.3324,"-6.00000 -5.60000 0.90000, 4.25000 -0.05000 0.10000"
1609,0.0000,Tx-Rx,0,-65.4782,"-6.00000 -5.60000 0.90000, 4.55000 -0.05000 0.10000"
1610,0.0000,Tx-Rx,0,-64.9749,"-6.00000 -5.60000 0.90000, 4.85000 -0.05000 0.10000"
1611,0.0000,Tx-Rx,0,-65.1351,"-6.00000 -5.60000 0.90000, 5.15000 -0.05000 0.10000"
1612,0.0000,Tx-Rx,0,-70.5614,"-6.00000 -5.60000 0.90000, 5.45000 -0.05000 0.10000"
1613,0.0000,Tx-Rx,0,-75.2820,"-6.00000 -5.60000 0.90000, 5.75000 -0.05000 0.10000"
1614,0.0000,Tx-Rx,0,-73.9178,"-6.00000 -5.60000 0.90000, 6.05000 -0.05000 0.10000"
1615,0.0000,Tx-Rx,0,-74.0985,"-6.00000 -5.60000 0.90000, 6.35000 -0.05000 0.10000"
1616,0.0000,Tx-Rx,0,-73.6409,"-6.00000 -5.60000 0.90000, 6.65000 -0.05000 0.10000"
1617,0.0000,Tx-Rx,0,-73.0300,"-6.00000 -5.60000 0.90000, 6.95000 -0.05000 0.10000"
1618,0.0000,Tx-Rx,0,-75.1632,"-6.00000 -5.60000 0.90000, 7.25000 -0.05000 0.10000"
1619,0.0000,Tx-Rx,0,-75.6999,"-6.00000 -5.60000 0.90000, 7.55000 -0.05000 0.10000"
1620,0.0000,Tx-Rx,0,-78.8829,"-6.00000 -5.60000 0.90000, 7.85000 -0.05000 0.10000"
1621,0.0000,Tx-Rx,0,-51.5027,"-6.00000 -5.60000 0.90000, -9.85000 0.25000 0.10000"
1622,0.0000,Tx-Rx,0,-57.8567,"-6.00000 -5.60000 0.90000, -9.55000 0.25000 0.10000"
1623,0.0000,Tx-Rx,0,-60.8731,"-6.00000 -5.60000 0.90000, -9.25000 0.25000 0.10000"
1624,0.0000,Tx-Rx,0,-60.1564,"-6.00000 -5.60000 0.90000, -8.95000 0.25000 0.10000"
1625,0.0000,Tx-Rx,0,-53.1343,"-6.00000 -5.60000 0.90000, -8.65000 0.25000 0.10000"
1626,0.0000,Tx-Rx,0,-49.3034,"-6.00000 -5.60000 0.90000, -8.35000 0.25000 0.10000"
1627,0.0000,Tx-Rx,0,-49.8382,"-6.00000 -5.60000 0.90000, -8.05000 0.25000 0.10000"
1628,0.0000,Tx-Rx,0,-50.6823,"-6.00000 -5.60000 0.90000, -7.75000 0.25000 0.10000"
1629,0.0000,Tx-Rx,0,-56.8179,"-6.00000 -5.60000 0.90000, -7.45000 0.25000 0.10000"
1630,0.0000,Tx-Rx,0,-63.4152,"-6.00000 -5.60000 0.90000, -7.15000 0.25000 0.10000"
1631,0.0000,Tx-Rx,0,-52.0707,"-6.00000 -5.60000 0.90000, -6.85000 0.25000 0.10000"
1632,0.0000,Tx-Rx,0,-48.8344,"-6.00000 -5.60000 0.90000, -6.55000 0.25000 0.10000"
1633,0.0000,Tx-Rx,0,-50.2023,"-6.00000 -5.60000 0.90000, -6.25000 0.25000 0.10000"
1634,0.0000,Tx-Rx,0,-50.4503,"-6.00000 -5.60000 0.90000, -5.95000 0.25000 0.10000"
1635,0.0000,Tx-Rx,0,-50.4764,"-6.00000 -5.60000 0.90000, -5.65000 0.25000 0.10000"
1636,0.0000,Tx-Rx,0,-49.7798,"-6.00000 -5.60000 0.90000, -5.35000 0.25000 0.10000"
1637,0.0000,Tx-Rx,0,-49.2680,"-6.00000 -5.60000 0.90000, -5.05000 0.25000 0.10000"
1638,0.0000,Tx-Rx,0,-50.0631,"-6.00000 -5.60000 0.90000, -4.75000 0.25000 0.10000"
1639,0.0000,Tx-Rx,0,-50.7482,"-6.00000 -5.60000 0.90000, -4.45000 0.25000 0.10000"
1640,0.0000,Tx-Rx,0,-53.9999,"-6.00000 -5.60000 0.90000, -4.15000 0.25000 0.10000"
1641,0.0000,Tx-Rx,0,-55.2358,"-6.00000 -5.60000 0.90000, -3.85000 0.25000 0.10000"
1642,0.0000,Tx-Rx,0,-50.8310,"-6.00000 -5.60000 0.90000, -3.55000 0.25000 0.10000"
1643,0.0000,Tx-Rx,0,-51.3249,"-6.00000 -5.60000 0.90000, -3.25000 0.25000 0.10000"
1644,0.0000,Tx-Rx,0,-54.7364,"-6.00000 -5.60000 0.90000, -2.95000 0.25000 0.10000"
1645,0.0000,Tx-Rx,0,-57.0408,"-6.00000 -5.60000 0.90000, -2.65000 0.25000 0.10000"
1646,0.0000,Tx-Rx,0,-53.8310,"-6.00000 -5.60000 0.90000, -2.35000 0.25000 0.10000"
1647,0.0000,Tx-Rx,0,-51.4675,"-6.00000 -5.60000 0.90000, -2.05000 0.25000 0.10000"
1648,0.0000,Tx-Rx,0,-51.8050,"-6.00000 -5.60000 0.90000, -1.75000 0.25000 0.10000"
1649,0.0000,Tx-Rx,0,-51.9046,"-6.00000 -5.60000 0.90000, -1.45000 0.25000 0.10000"
1650,0.0000,Tx-Rx,0,-51.8746,"-6.00000 -5.60000 0.90000, -1.15000 0.25000 0.10000"
1651,0.0000,Tx-Rx,0,-51.5562,"-6.00000 -5.60000 0.90000, -0.85000 0.25000 0.10000"
1652,0.0000,Tx-Rx,0,-50.8853,"-6.00000 -5.60000 0.90000, -0.55000 0.25000 0.10000"
1653,0.0000,Tx-Rx,0,-51.2924,"-6.00000 -5.60000 0.90000, -0.25000 0.25000 0.10000"
1654,0.0000,Tx-Rx,0,-56.6747,"-6.00000 -5.60000 0.90000, 0.05000 0.25000 0.10000"
1655,0.0000,Tx-Rx,0,-74.5568,"-6.00000 -5.60000 0.90000, 0.35000 0.25000 0.10000"
1656,0.0000,Tx-Rx,0,-74.0898,"-6.00000 -5.60000 0.90000, 0.65000 0.25000 0.10000"
1657,0.0000,Tx-Rx,0,-74.9535,"-6.00000 -5.60000 0.90000, 0.95000 0.25000 0.10000"
1658,0.0000,Tx-Rx,0,-74.6376,"-6.00000 -5.60000 0.90000, 1.25000 0.25000 0.10000"
1659,0.0000,Tx-Rx,0,-73.3104,"-6.00000 -5.60000 0.90000, 1.55000 0.25000 0.10000"
1660,0.0000,Tx-Rx,0,-74.0004,"-6.00000 -5.60000 0.90000, 1.85000 0.25000 0.10000"
1661,0.0000,Tx-Rx,0,-73.1827,"-6.00000 -5.60000 0.90000, 2.15000 0.25000 0.10000"
1662,0.0000,Tx-Rx,0,-71.4822,"-6.00000 -5.60000 0.90000, 2.45000 0.25000 0.10000"
1663,0.0000,Tx-Rx,0,-65.7043,"-6.00000 -5.60000 0.90000, 2.75000 0.25000 0.10000"
1664,0.0000,Tx-Rx,0,-64.7727,"-6.00000 -5.60000 0.90000, 3.05000 0.25000 0.10000"
1665,0.0000,Tx-Rx,0,-64.7440,"-6.00000 -5.60000 0.90000, 3.35000 0.25000 0.10000"
1666,0.0000,Tx-Rx,0,-64.1342,"-6.00000 -5.60000 0.90000, 3.65000 0.25000 0.10000"
1667,0.0000,Tx-Rx,0,-65.0502,"-6.00000 -5.60000 0.90000, 3.95000 0.25000 0.10000"
1668,0.0000,Tx-Rx,0,-65.2756,"-6.00000 -5.60000 0.90000, 4.25000 0.25000 0.10000"
1669,0.0000,Tx-Rx,0,-65.0775,"-6.00000 -5.60000 0.90000, 4.55000 0.25000 0.10000"
1670,0.0000,Tx-Rx,0,-64.8828,"-6.00000 -5.60000 0.90000, 4.85000 0.25000 0.10000"
1671,0.0000,Tx-Rx,0,-67.9743,"-6.00000 -5.60000 0.90000, 5.15000 0.25000 0.10000"
1672,0.0000,Tx-Rx,0,-77.2874,"-6.00000 -5.60000 0.90000, 5.45000 0.25000 0.10000"
1673,0.0000,Tx-Rx,0,-78.0177,"-6.00000 -5.60000 0.90000, 5.75000 0.25000 0.10000"
1674,0.0000,Tx-Rx,0,-75.1467,"-6.00000 -5.60000 0.90000, 6.05000 0.25000 0.10000"
1675,0.0000,Tx-Rx,0,-74.0517,"-6.00000 -5.60000 0.90000, 6.35000 0.25000 0.10000"
1676,0.0000,Tx-Rx,0,-71.6167,"-6.00000 -5.60000 0.90000, 6.65000 0.25000 0.10000"
1677,0.0000,Tx-Rx,0,-74.9350,"-6.00000 -5.60000 0.90000, 6.95000 0.25000 0.10000"
1678,0.0000,Tx-Rx,0,-74.8477,"-6.00000 -5.60000 0.90000, 7.25000 0.25000 0.10000"
1679,0.0000,Tx-Rx,0,-74.3603,"-6.00000 -5.60000 0.90000, 7.55000 0.25000 0.10000"
1680,0.0000,Tx-Rx,0,-75.1639,"-6.00000 -5.60000 0.90000, 7.85000 0.25000 0.10000"
1681,0.0000,Tx-Rx,0,-54.5267,"-6.00000 -5.60000 0.90000, -9.85000 0.55000 0.10000"
1682,0.0000,Tx-Rx,0,-57.2775,"-6.00000 -5.60000 0.90000, -9.55000 0.55000 0.10000"
1683,0.0000,Tx-Rx,0,-58.6605,"-6.00000 -5.60000 0.90000, -9.25000 0.55000 0.10000"
1684,0.0000,Tx-Rx,0,-58.0053,"-6.00000 -5.60000 0.90000, -8.95000 0.55000 0.10000"
1685,0.0000,Tx-Rx,0,-51.6088,"-6.00000 -5.60000 0.90000, -8.65000 0.55000 0.10000"
1686,0.0000,Tx-Rx,0,-50.7294,"-6.00000 -5.60000 0.90000, -8.35000 0.55000 0.10000"
1687,0.0000,Tx-Rx,0,-49.1034,"-6.00000 -5.60000 0.90000, -8.05000 0.55000 0.10000"
1688,0.0000,Tx-Rx,0,-51.3248,"-6.00000 -5.60000 0.90000, -7.75000 0.55000 0.10000"
1689,0.0000,Tx-Rx,0,-60.8773,"-6.00000 -5.60000 0.90000, -7.45000 0.55000 0.10000"
1690,0.0000,Tx-Rx,0,-62.4222,"-6.00000 -5.60000 0.90000, -7.15000 0.55000 0.10000"
1691,0.0000,Tx-Rx,0,-51.9072,"-6.00000 -5.60000 0.90000, -6.85000 0.55000 0.10000"
1692,0.0000,Tx-Rx,0,-48.8199,"-6.00000 -5.60000 0.90000, -6.55000 0.55000 0.10000"
1693,0.0000,Tx-Rx,0,-50.4775,"-6.00000 -5.60000 0.90000, -6.25000 0.55000 0.10000"
1694,0.0000,Tx-Rx,0,-50.7773,"-6.00000 -5.60000 0.90000, -5.95000 0.55000 0.10000"
1695,0.0000,Tx-Rx,0,-50.7799,"-6.00000 -5.60000 0.90000, -5.65000 0.55000 0.10000"
1696,0.0000,Tx-Rx,0,-50.4390,"-6.00000 -5.60000 0.90000, -5.35000 0.55000 0.10000"
1697,0.0000,Tx-Rx,0,-49.6538,"-6.00000 -5.60000 0.90000, -5.05000 0.55000 0.10000"
1698,0.0000,Tx-Rx,0,-50.4114,"-6.00000 -5.60000 0.90000, -4.75000 0.55000 0.10000"
1699,0.0000,Tx-Rx,0,-50.9192,"-6.00000 -5.60000 0.90000, -4.45000 0.55000 0.10000"
1700,0.0000,Tx-Rx,0,-53.8649,"-6.00000 -5.60000 0.90000, -4.15000 0.55000 0.10000"
1701,0.0000,Tx-Rx,0,-55.3712,"-6.00000 -5.60000 0.90000, -3.85000 0.55000 0.10000"
1702,0.0000,Tx-Rx,0,-52.5072,"-6.00000 -5.60000 0.90000, -3.55000 0.55000 0.10000"
1703,0.0000,Tx-Rx,0,-51.1052,"-6.00000 -5.60000 0.90000, -3.25000 0.55000 0.10000"
1704,0.0000,Tx-Rx,0,-52.7925,"-6.00000 -5.60000 0.90000, -2.95000 0.55000 0.10000"
1705,0.0000,Tx-Rx,0,-56.6778,"-6.00000 -5.60000 0.90000, -2.65000 0.55000 0.10000"
1706,0.0000,Tx-Rx,0,-56.8433,"-6.00000 -5.60000 0.90000, -2.35000 0.55000 0.10000"
1707,0.0000,Tx-Rx,0,-52.5443,"-6.00000 -5.60000 0.90000, -2.05000 0.55000 0.10000"
1708,0.0000,Tx-Rx,0,-51.7502,"-6.00000 -5.60000 0.90000, -1.75000 0.55000 0.10000"
1709,0.0000,Tx-Rx,0,-52.1188,"-6.00000 -5.60000 0.90000, -1.45000 0.55000 0.10000"
1710,0.0000,Tx-Rx,0,-52.1644,"-6.00000 -5.60000 0.90000, -1.15000 0.55000 0.10000"
1711,0.0000,Tx-Rx,0,-52.1573,"-6.00000 -5.60000 0.90000, -0.85000 0.55000 0.10000"
1712,0.0000,Tx-Rx,0,-51.3891,"-6.00000 -5.60000 0.90000, -0.55000 0.55000 0.10000"
1713,0.0000,Tx-Rx,0,-51.0315,"-6.00000 -5.60000 0.90000, -0.25000 0.55000 0.10000"
1714,0.0000,Tx-Rx,0,-54.9818,"-6.00000 -5.60000 0.90000, 0.05000 0.55000 0.10000"
1715,0.0000,Tx-Rx,0,-75.0105,"-6.00000 -5.60000 0.90000, 0.35000 0.55000 0.10000"
1716,0.0000,Tx-Rx,0,-73.7900,"-6.00000 -5.60000 0.90000, 0.65000 0.55000 0.10000"
1717,0.0000,Tx-Rx,0,-73.0783,"-6.00000 -5.60000 0.90000, 0.95000 0.55000 0.10000"
1718,0.0000,Tx-Rx,0,-72.7891,"-6.00000 -5.60000 0.90000, 1.25000 0.55000 0.10000"
1719,0.0000,Tx-Rx,0,-74.7070,"-6.00000 -5.60000 0.90000, 1.55000 0.55000 0.10000"
1720,0.0000,Tx-Rx,0,-73.4361,"-6.00000 -5.60000 0.90000, 1.85000 0.55000 0.10000"
1721,0.0000,Tx-Rx,0,-73.1721,"-6.00000 -5.60000 0.90000, 2.15000 0.55000 0.10000"
1722,0.0000,Tx-Rx,0,-66.8822,"-6.00000 -5.60000 0.90000, 2.45000 0.55000 0.10000"
1723,0.0000,Tx-Rx,0,-64.8707,"-6.00000 -5.60000 0.90000, 2.75000 0.55000 0.10000"
1724,0.0000,Tx-Rx,0,-64.6753,"-6.00000 -5.60000 0.90000, 3.05000 0.55000 0.10000"
1725,0.0000,Tx-Rx,0,-64.4038,"-6.00000 -5.60000 0.90000, 3.35000 0.55000 0.10000"
1726,0.0000,Tx-Rx,0,-64.4872,"-6.00000 -5.60000 0.90000, 3.65000 0.55000 0.10000"
1727,0.0000,Tx-Rx,0,-65.0135,"-6.00000 -5.60000 0.90000, 3.95000 0.55000 0.10000"
1728,0.0000,Tx-Rx,0,-65.0839,"-6.00000 -5.60000 0.90000, 4.25000 0.55000 0.10000"
1729,0.0000,Tx-Rx,0,-64.8376,"-6.00000 -5.60000 0.90000, 4.55000 0.55000 0.10000"
1730,0.0000,Tx-Rx,0,-66.6601,"-6.00000 -5.60000 0.90000, 4.85000 0.55000 0.10000"
1731,0.0000,Tx-Rx,0,-77.4403,"-6.00000 -5.60000 0.90000, 5.15000 0.55000 0.10000"
1732,0.0000,Tx-Rx,0,-77.4689,"-6.00000 -5.60000 0.90000, 5.45000 0.55000 0.10000"
1733,0.0000,Tx-Rx,0,-76.9636,"-6.00000 -5.60000 0.90000, 5.75000 0.55000 0.10000"
1734,0.0000,Tx-Rx,0,-76.8486,"-6.00000 -5.60000 0.90000, 6.05000 0.55000 0.10000"
1735,0.0000,Tx-Rx,0,-72.8459,"-6.00000 -5.60000 0.90000, 6.35000 0.55000 0.10000"
1736,0.0000,Tx-Rx,0,-75.4461,"-6.00000 -5.60000 0.90000, 6.65000 0.55000 0.10000"
1737,0.0000,Tx-Rx,0,-75.2276,"-6.00000 -5.60000 0.90000, 6.95000 0.55000 0.10000"
1738,0.0000,Tx-Rx,0,-75.0789,"-6.00000 -5.60000 0.90000, 7.25000 0.55000 0.10000"
1739,0.0000,Tx-Rx,0,-74.7164,"-6.00000 -5.60000 0.90000, 7.55000 0.55000 0.10000"
1740,0.0000,Tx-Rx,0,-74.9312,"-6.00000 -5.60000 0.90000, 7.85000 0.55000 0.10000"
1741,0.0000,Tx-Rx,0,-58.8371,"-6.00000 -5.60000 0.90000, -9.85000 0.85000 0.10000"
1742,0.0000,Tx-Rx,0,-57.3346,"-6.00000 -5.60000 0.90000, -9.55000 0.85000 0.10000"
1743,0.0000,Tx-Rx,0,-56.5873,"-6.00000 -5.60000 0.90000, -9.25000 0.85000 0.10000"
1744,0.0000,Tx-Rx,0,-53.9731,"-6.00000 -5.60000 0.90000, -8.95000 0.85000 0.10000"
1745,0.0000,Tx-Rx,0,-51.6885,"-6.00000 -5.60000 0.90000, -8.65000 0.85000 0.10000"
1746,0.0000,Tx-Rx,0,-51.6175,"-6.00000 -5.60000 0.90000, -8.35000 0.85000 0.10000"
1747,0.0000,Tx-Rx,0,-49.4516,"-6.00000 -5.60000 0.90000, -8.05000 0.85000 0.10000"
1748,0.0000,Tx-Rx,0,-51.6120,"-6.00000 -5.60000 0.90000, -7.75000 0.85000 0.10000"
1749,0.0000,Tx-Rx,0,-61.6565,"-6.00000 -5.60000 0.90000, -7.45000 0.85000 0.10000"
1750,0.0000,Tx-Rx,0,-61.7042,"-6.00000 -5.60000 0.90000, -7.15000 0.85000 0.10000"
1751,0.0000,Tx-Rx,0,-52.0103,"-6.00000 -5.60000 0.90000, -6.85000 0.85000 0.10000"
1752,0.0000,Tx-Rx,0,-48.7398,"-6.00000 -5.60000 0.90000, -6.55000 0.85000 0.10000"
1753,0.0000,Tx-Rx,0,-50.6663,"-6.00000 -5.60000 0.90000, -6.25000 0.85000 0.10000"
1754,0.0000,Tx-Rx,0,-51.0303,"-6.00000 -5.60000 0.90000, -5.95000 0.85000 0.10000"
1755,0.0000,Tx-Rx,0,-51.1224,"-6.00000 -5.60000 0.90000, -5.65000 0.85000 0.10000"
1756,0.0000,Tx-Rx,0,-50.6995,"-6.00000 -5.60000 0.90000, -5.35000 0.85000 0.10000"
1757,0.0000,Tx-Rx,0,-50.3183,"-6.00000 -5.60000 0.90000, -5.05000 0.85000 0.10000"
1758,0.0000,Tx-Rx,0,-50.4585,"-6.00000 -5.60000 0.90000, -4.75000 0.85000 0.10000"
1759,0.0000,Tx-Rx,0,-51.1621,"-6.00000 -5.60000 0.90000, -4.45000 0.85000 0.10000"
1760,0.0000,Tx-Rx,0,-53.0286,"-6.00000 -5.60000 0.90000, -4.15000 0.85000 0.10000"
1761,0.0000,Tx-Rx,0,-55.6473,"-6.00000 -5.60000 0.90000, -3.85000 0.85000 0.10000"
1762,0.0000,Tx-Rx,0,-54.8861,"-6.00000 -5.60000 0.90000, -3.55000 0.85000 0.10000"
1763,0.0000,Tx-Rx,0,-51.4267,"-6.00000 -5.60000 0.90000, -3.25000 0.85000 0.10000"
1764,0.0000,Tx-Rx,0,-51.9317,"-6.00000 -5.60000 0.90000, -2.95000 0.85000 0.10000"
1765,0.0000,Tx-Rx,0,-54.8207,"-6.00000 -5.60000 0.90000, -2.65000 0.85000 0.10000"
1766,0.0000,Tx-Rx,0,-56.5718,"-6.00000 -5.60000 0.90000, -2.35000 0.85000 0.10000"
1767,0.0000,Tx-Rx,0,-55.7552,"-6.00000 -5.60000 0.90000, -2.05000 0.85000 0.10000"
1768,0.0000,Tx-Rx,0,-52.2348,"-6.00000 -5.60000 0.90000, -1.75000 0.85000 0.10000"
1769,0.0000,Tx-Rx,0,-51.9963,"-6.00000 -5.60000 0.90000, -1.45000 0.85000 0.10000"
1770,0.0000,Tx-Rx,0,-52.1763,"-6.00000 -5.60000 0.90000, -1.15000 0.85000 0.10000"
1771,0.0000,Tx-Rx,0,-52.3446,"-6.00000 -5.60000 0.90000, -0.85000 0.85000 0.10000"
1772,0.0000,Tx-Rx,0,-52.3104,"-6.00000 -5.60000 0.90000, -0.55000 0.85000 0.10000"
1773,0.0000,Tx-Rx,0,-52.0806,"-6.00000 -5.60000 0.90000, -0.25000 0.85000 0.10000"
1774,0.0000,Tx-Rx,0,-53.0466,"-6.00000 -5.60000 0.90000, 0.05000 0.85000 0.10000"
1775,0.0000,Tx-Rx,0,-63.3320,"-6.00000 -5.60000 0.90000, 0.35000 0.85000 0.10000"
1776,0.0000,Tx-Rx,0,-72.5999,"-6.00000 -5.60000 0.90000, 0.65000 0.85000 0.10000"
1777,0.0000,Tx-Rx,0,-75.2622,"-6.00000 -5.60000 0.90000, 0.95000 0.85000 0.10000"
1778,0.0000,Tx-Rx,0,-75.2057,"-6.00000 -5.60000 0.90000, 1.25000 0.85000 0.10000"
1779,0.0000,Tx-Rx,0,-73.9523,"-6.00000 -5.60000 0.90000, 1.55000 0.85000 0.10000"
1780,0.0000,Tx-Rx,0,-72.9335,"-6.00000 -5.60000 0.90000, 1.85000 0.85000 0.10000"
1781,0.0000,Tx-Rx,0,-69.1795,"-6.00000 -5.60000 0.90000, 2.15000 0.85000 0.10000"
1782,0.0000,Tx-Rx,0,-64.8763,"-6.00000 -5.60000 0.90000, 2.45000 0.85000 0.10000"
1783,0.0000,Tx-Rx,0,-64.4418,"-6.00000 -5.60000 0.90000, 2.75000 0.85000 0.10000"
1784,0.0000,Tx-Rx,0,-64.4195,"-6.00000 -5.60000 0.90000, 3.05000 0.85000 0.10000"
1785,0.0000,Tx-Rx,0,-64.1291,"-6.00000 -5.60000 0.90000, 3.35000 0.85000 0.10000"
1786,0.0000,Tx-Rx,0,-64.7365,"-6.00000 -5.60000 0.90000, 3.65000 0.85000 0.10000"
1787,0.0000,Tx-Rx,0,-64.9168,"-6.00000 -5.60000 0.90000, 3.95000 0.85000 0.10000"
1788,0.0000,Tx-Rx,0,-64.6260,"-6.00000 -5.60000 0.90000, 4.25000 0.85000 0.10000"
1789,0.0000,Tx-Rx,0,-65.8126,"-6.00000 -5.60000 0.90000, 4.55000 0.85000 0.10000"
1790,0.0000,Tx-Rx,0,-74.8293,"-6.00000 -5.60000 0.90000, 4.85000 0.85000 0.10000"
1791,0.0000,Tx-Rx,0,-77.2450,"-6.00000 -5.60000 0.90000, 5.15000 0.85000 0.10000"
1792,0.0000,Tx-Rx,0,-76.6323,"-6.00000 -5.60000 0.90000, 5.45000 0.85000 0.10000"
1793,0.0000,Tx-Rx,0,-77.4122,"-6.00000 -5.60000 0.90000, 5.75000 0.85000 0.10000"
1794,0.0000,Tx-Rx,0,-78.0943,"-6.00000 -5.60000 0.90000, 6.05000 0.85000 0.10000"
1795,0.0000,Tx-Rx,0,-75.2076,"-6.00000 -5.60000 0.90000, 6.35000 0.85000 0.10000"
1796,0.0000,Tx-Rx,0,-75.4304,"-6.00000 -5.60000 0.90000, 6.65000 0.85000 0.10000"
1797,0.0000,Tx-Rx,0,-74.7569,"-6.00000 -5.60000 0.90000, 6.95000 0.85000 0.10000"
1798,0.0000,Tx-Rx,0,-74.7706,"-6.00000 -5.60000 0.90000, 7.25000 0.85000 0.10000"
1799,0.0000,Tx-Rx,0,-74.1340,"-6.00000 -5.60000 0.90000, 7.55000 0.85000 0.10000"
1800,0.0000,Tx-Rx,0,-74.5084,"-6.00000 -5.60000 0.90000, 7.85000 0.85000 0.10000"
1801,0.0000,Tx-Rx,0,-65.3704,"-6.00000 -5.60000 0.90000, -9.85000 1.15000 0.10000"
1802,0.0000,Tx-Rx,0,-57.5325,"-6.00000 -5.60000 0.90000, -9.55000 1.15000 0.10000"
1803,0.0000,Tx-Rx,0,-56.7601,"-6.00000 -5.60000 0.90000, -9.25000 1.15000 0.10000"
1804,0.0000,Tx-Rx,0,-51.8651,"-6.00000 -5.60000 0.90000, -8.95000 1.15000 0.10000"
1805,0.0000,Tx-Rx,0,-52.0681,"-6.00000 -5.60000 0.90000, -8.65000 1.15000 0.10000"
1806,0.0000,Tx-Rx,0,-51.8915,"-6.00000 -5.60000 0.90000, -8.35000 1.15000 0.10000"
1807,0.0000,Tx-Rx,0,-50.5620,"-6.00000 -5.60000 0.90000, -8.05000 1.15000 0.10000"
1808,0.0000,Tx-Rx,0,-51.3469,"-6.00000 -5.60000 0.90000, -7.75000 1.15000 0.10000"
1809,0.0000,Tx-Rx,0,-62.1362,"-6.00000 -5.60000 0.90000, -7.45000 1.15000 0.10000"
1810,0.0000,Tx-Rx,0,-61.3913,"-6.00000 -5.60000 0.90000, -7.15000 1.15000 0.10000"
1811,0.0000,Tx-Rx,0,-51.6289,"-6.00000 -5.60000 0.90000, -6.85000 1.15000 0.10000"
1812,0.0000,Tx-Rx,0,-48.8764,"-6.00000 -5.60000 0.90000, -6.55000 1.15000 0.10000"
1813,0.0000,Tx-Rx,0,-50.7493,"-6.00000 -5.60000 0.90000, -6.25000 1.15000 0.10000"
1814,0.0000,Tx-Rx,0,-51.2988,"-6.00000 -5.60000 0.90000, -5.95000 1.15000 0.10000"
1815,0.0000,Tx-Rx,0,-51.4574,"-6.00000 -5.60000 0.90000, -5.65000 1.15000 0.10000"
1816,0.0000,Tx-Rx,0,-50.6301,"-6.00000 -5.60000 0.90000, -5.35000 1.15000 0.10000"
1817,0.0000,Tx-Rx,0,-51.2195,"-6.00000 -5.60000 0.90000, -5.05000 1.15000 0.10000"
1818,0.0000,Tx-Rx,0,-50.9237,"-6.00000 -5.60000 0.90000, -4.75000 1.15000 0.10000"
1819,0.0000,Tx-Rx,0,-52.0431,"-6.00000 -5.60000 0.90000, -4.45000 1.15000 0.10000"
1820,0.0000,Tx-Rx,0,-53.7903,"-6.00000 -5.60000 0.90000, -4.15000 1.15000 0.10000"
1821,0.0000,Tx-Rx,0,-59.8818,"-6.00000 -5.60000 0.90000, -3.85000 1.15000 0.10000"
1822,0.0000,Tx-Rx,0,-56.2742,"-6.00000 -5.60000 0.90000, -3.55000 1.15000 0.10000"
1823,0.0000,Tx-Rx,0,-52.5021,"-6.00000 -5.60000 0.90000, -3.25000 1.15000 0.10000"
1824,0.0000,Tx-Rx,0,-52.0776,"-6.00000 -5.60000 0.90000, -2.95000 1.15000 0.10000"
1825,0.0000,Tx-Rx,0,-52.6307,"-6.00000 -5.60000 0.90000, -2.65000 1.15000 0.10000"
1826,0.0000,Tx-Rx,0,-56.4410,"-6.00000 -5.60000 0.90000, -2.35000 1.15000 0.10000"
1827,0.0000,Tx-Rx,0,-57.0225,"-6.00000 -5.60000 0.90000, -2.05000 1.15000 0.10000"
1828,0.0000,Tx-Rx,0,-54.2403,"-6.00000 -5.60000 0.90000, -1.75000 1.15000 0.10000"
1829,0.0000,Tx-Rx,0,-52.4359,"-6.00000 -5.60000 0.90000, -1.45000 1.15000 0.10000"
1830,0.0000,Tx-Rx,0,-52.2189,"-6.00000 -5.60000 0.90000, -1.15000 1.15000 0.10000"
1831,0.0000,Tx-Rx,0,-52.3057,"-6.00000 -5.60000 0.90000, -0.85000 1.15000 0.10000"
1832,0.0000,Tx-Rx,0,-52.7909,"-6.00000 -5.60000 0.90000, -0.55000 1.15000 0.10000"
1833,0.0000,Tx-Rx,0,-53.3872,"-6.00000 -5.60000 0.90000, -0.25000 1.15000 0.10000"
1834,0.0000,Tx-Rx,0,-52.3721,"-6.00000 -5.60000 0.90000, 0.05000 1.15000 0.10000"
1835,0.0000,Tx-Rx,0,-53.6040,"-6.00000 -5.60000 0.90000, 0.35000 1.15000 0.10000"
1836,0.0000,Tx-Rx,0,-62.5978,"-6.00000 -5.60000 0.90000, 0.65000 1.15000 0.10000"
1837,0.0000,Tx-Rx,0,-68.9817,"-6.00000 -5.60000 0.90000, 0.95000 1.15000 0.10000"
1838,0.0000,Tx-Rx,0,-73.5492,"-6.00000 -5.60000 0.90000, 1.25000 1.15000 0.10000"
1839,0.0000,Tx-Rx,0,-72.3474,"-6.00000 -5.60000 0.90000, 1.55000 1.15000 0.10000"
1840,0.0000,Tx-Rx,0,-72.4055,"-6.00000 -5.60000 0.90000, 1.85000 1.15000 0.10000"
1841,0.0000,Tx-Rx,0,-65.3486,"-6.00000 -5.60000 0.90000, 2.15000 1.15000 0.10000"
1842,0.0000,Tx-Rx,0,-64.3447,"-6.00000 -5.60000 0.90000, 2.45000 1.15000 0.10000"
1843,0.0000,Tx-Rx,0,-64.3056,"-6.00000 -5.60000 0.90000, 2.75000 1.15000 0.10000"
1844,0.0000,Tx-Rx,0,-64.1007,"-6.00000 -5.60000 0.90000, 3.05000 1.15000 0.10000"
1845,0.0000,Tx-Rx,0,-64.3663,"-6.00000 -5.60000 0.90000, 3.35000 1.15000 0.10000"
1846,0.0000,Tx-Rx,0,-64.7666,"-6.00000 -5.60000 0.90000, 3.65000 1.15000 0.10000"
1847,0.0000,Tx-Rx,0,-64.6677,"-6.00000 -5.60000 0.90000, 3.95000 1.15000 0.10000"
1848,0.0000,Tx-Rx,0,-65.3198,"-6.00000 -5.60000 0.90000, 4.25000 1.15000 0.10000"
1849,0.0000,Tx-Rx,0,-71.0489,"-6.00000 -5.60000 0.90000, 4.55000 1.15000 0.10000"
1850,0.0000,Tx-Rx,0,-78.1387,"-6.00000 -5.60000 0.90000, 4.85000 1.15000 0.10000"
1851,0.0000,Tx-Rx,0,-77.5341,"-6.00000 -5.60000 0.90000, 5.15000 1.15000 0.10000"
1852,0.0000,Tx-Rx,0,-76.1256,"-6.00000 -5.60000 0.90000, 5.45000 1.15000 0.10000"
1853,0.0000,Tx-Rx,0,-76.0211,"-6.00000 -5.60000 0.90000, 5.75000 1.15000 0.10000"
1854,0.0000,Tx-Rx,0,-77.6214,"-6.00000 -5.60000 0.90000, 6.05000 1.15000 0.10000"
1855,0.0000,Tx-Rx,0,-78.6059,"-6.00000 -5.60000 0.90000, 6.35000 1.15000 0.10000"
1856,0.0000,Tx-Rx,0,-75.1723,"-6.00000 -5.60000 0.90000, 6.65000 1.15000 0.10000"
1857,0.0000,Tx-Rx,0,-75.1368,"-6.00000 -5.60000 0.90000, 6.95000 1.15000 0.10000"
1858,0.0000,Tx-Rx,0,-75.4651,"-6.00000 -5.60000 0.90000, 7.25000 1.15000 0.10000"
1859,0.0000,Tx-Rx,0,-74.8355,"-6.00000 -5.60000 0.90000, 7.55000 1.15000 0.10000"
1860,0.0000,Tx-Rx,0,-74.4619,"-6.00000 -5.60000 0.90000, 7.85000 1.15000 0.10000"
1861,0.0000,Tx-Rx,0,-68.3258,"-6.00000 -5.60000 0.90000, -9.85000 1.45000 0.10000"
1862,0.0000,Tx-Rx,0,-63.5100,"-6.00000 -5.60000 0.90000, -9.55000 1.45000 0.10000"
1863,0.0000,Tx-Rx,0,-59.4301,"-6.00000 -5.60000 0.90000, -9.25000 1.45000 0.10000"
1864,0.0000,Tx-Rx,0,-56.8861,"-6.00000 -5.60000 0.90000, -8.95000 1.45000 0.10000"
1865,0.0000,Tx-Rx,0,-56.0246,"-6.00000 -5.60000 0.90000, -8.65000 1.45000 0.10000"
1866,0.0000,Tx-Rx,0,-51.8373,"-6.00000 -5.60000 0.90000, -8.35000 1.45000 0.10000"
1867,0.0000,Tx-Rx,0,-51.7767,"-6.00000 -5.60000 0.90000, -8.05000 1.45000 0.10000"
1868,0.0000,Tx-Rx,0,-52.4779,"-6.00000 -5.60000 0.90000, -7.75000 1.45000 0.10000"
1869,0.0000,Tx-Rx,0,-57.1553,"-6.00000 -5.60000 0.90000, -7.45000 1.45000 0.10000"
1870,0.0000,Tx-Rx,0,-60.2508,"-6.00000 -5.60000 0.90000, -7.15000 1.45000 0.10000"
1871,0.0000,Tx-Rx,0,-51.4115,"-6.00000 -5.60000 0.90000, -6.85000 1.45000 0.10000"
1872,0.0000,Tx-Rx,0,-49.4300,"-6.00000 -5.60000 0.90000, -6.55000 1.45000 0.10000"
1873,0.0000,Tx-Rx,0,-50.5110,"-6.00000 -5.60000 0.90000, -6.25000 1.45000 0.10000"
1874,0.0000,Tx-Rx,0,-51.4520,"-6.00000 -5.60000 0.90000, -5.95000 1.45000 0.10000"
1875,0.0000,Tx-Rx,0,-51.5550,"-6.00000 -5.60000 0.90000, -5.65000 1.45000 0.10000"
1876,0.0000,Tx-Rx,0,-50.8113,"-6.00000 -5.60000 0.90000, -5.35000 1.45000 0.10000"
1877,0.0000,Tx-Rx,0,-51.2345,"-6.00000 -5.60000 0.90000, -5.05000 1.45000 0.10000"
1878,0.0000,Tx-Rx,0,-51.9613,"-6.00000 -5.60000 0.90000, -4.75000 1.45000 0.10000"
1879,0.0000,Tx-Rx,0,-52.1887,"-6.00000 -5.60000 0.90000, -4.45000 1.45000 0.10000"
1880,0.0000,Tx-Rx,0,-53.7164,"-6.00000 -5.60000 0.90000, -4.15000 1.45000 0.10000"
1881,0.0000,Tx-Rx,0,-59.8547,"-6.00000 -5.60000 0.90000, -3.85000 1.45000 0.10000"
1882,0.0000,Tx-Rx,0,-57.7567,"-6.00000 -5.60000 0.90000, -3.55000 1.45000 0.10000"
1883,0.0000,Tx-Rx,0,-54.5517,"-6.00000 -5.60000 0.90000, -3.25000 1.45000 0.10000"
1884,0.0000,Tx-Rx,0,-52.4376,"-6.00000 -5.60000 0.90000, -2.95000 1.45000 0.10000"
1885,0.0000,Tx-Rx,0,-52.3573,"-6.00000 -5.60000 0.90000, -2.65000 1.45000 0.10000"
1886,0.0000,Tx-Rx,0,-53.7374,"-6.00000 -5.60000 0.90000, -2.35000 1.45000 0.10000"
1887,0.0000,Tx-Rx,0,-56.6913,"-6.00000 -5.60000 0.90000, -2.05000 1.45000 0.10000"
1888,0.0000,Tx-Rx,0,-57.2521,"-6.00000 -5.60000 0.90000, -1.75000 1.45000 0.10000"
1889,0.0000,Tx-Rx,0,-53.1402,"-6.00000 -5.60000 0.90000, -1.45000 1.45000 0.10000"
1890,0.0000,Tx-Rx,0,-52.5716,"-6.00000 -5.60000 0.90000, -1.15000 1.45000 0.10000"
1891,0.0000,Tx-Rx,0,-52.8188,"-6.00000 -5.60000 0.90000, -0.85000 1.45000 0.10000"
1892,0.0000,Tx-Rx,0,-53.2392,"-6.00000 -5.60000 0.90000, -0.55000 1.45000 0.10000"
1893,0.0000,Tx-Rx,0,-53.6221,"-6.00000 -5.60000 0.90000, -0.25000 1.45000 0.10000"
1894,0.0000,Tx-Rx,0,-53.6986,"-6.00000 -5.60000 0.90000, 0.05000 1.45000 0.10000"
1895,0.0000,Tx-Rx,0,-52.7971,"-6.00000 -5.60000 0.90000, 0.35000 1.45000 0.10000"
1896,0.0000,Tx-Rx,0,-54.8932,"-6.00000 -5.60000 0.90000, 0.65000 1.45000 0.10000"
1897,0.0000,Tx-Rx,0,-62.8310,"-6.00000 -5.60000 0.90000, 0.95000 1.45000 0.10000"
1898,0.0000,Tx-Rx,0,-65.6201,"-6.00000 -5.60000 0.90000, 1.25000 1.45000 0.10000"
1899,0.0000,Tx-Rx,0,-70.2755,"-6.00000 -5.60000 0.90000, 1.55000 1.45000 0.10000"
1900,0.0000,Tx-Rx,0,-66.4508,"-6.00000 -5.60000 0.90000, 1.85000 1.45000 0.10000"
1901,0.0000,Tx-Rx,0,-64.2119,"-6.00000 -5.60000 0.90000, 2.15000 1.45000 0.10000"
1902,0.0000,Tx-Rx,0,-63.9730,"-6.00000 -5.60000 0.90000, 2.45000 1.45000 0.10000"
1903,0.0000,Tx-Rx,0,-63.8335,"-6.00000 -5.60000 0.90000, 2.75000 1.45000 0.10000"
1904,0.0000,Tx-Rx,0,-64.0266,"-6.00000 -5.60000 0.90000, 3.05000 1.45000 0.10000"
1905,0.0000,Tx-Rx,0,-64.3878,"-6.00000 -5.60000 0.90000, 3.35000 1.45000 0.10000"
1906,0.0000,Tx-Rx,0,-64.5180,"-6.00000 -5.60000 0.90000, 3.65000 1.45000 0.10000"
1907,0.0000,Tx-Rx,0,-64.8922,"-6.00000 -5.60000 0.90000, 3.95000 1.45000 0.10000"
1908,0.0000,Tx-Rx,0,-70.1888,"-6.00000 -5.60000 0.90000, 4.25000 1.45000 0.10000"
1909,0.0000,Tx-Rx,0,-75.0859,"-6.00000 -5.60000 0.90000, 4.55000 1.45000 0.10000"
1910,0.0000,Tx-Rx,0,-75.4019,"-6.00000 -5.60000 0.90000, 4.85000 1.45000 0.10000"
1911,0.0000,Tx-Rx,0,-79.6235,"-6.00000 -5.60000 0.90000, 5.15000 1.45000 0.10000"
1912,0.0000,Tx-Rx,0,-73.9134,"-6.00000 -5.60000 0.90000, 5.45000 1.45000 0.10000"
1913,0.0000,Tx-Rx,0,-78.2668,"-6.00000 -5.60000 0.90000, 5.75000 1.45000 0.10000"
1914,0.0000,Tx-Rx,0,-80.3482,"-6.00000 -5.60000 0.90000, 6.05000 1.45000 0.10000"
1915,0.0000,Tx-Rx,0,-83.4587,"-6.00000 -5.60000 0.90000, 6.35000 1.45000 0.10000"
1916,0.0000,Tx-Rx,0,-78.5956,"-6.00000 -5.60000 0.90000, 6.65000 1.45000 0.10000"
1917,0.0000,Tx-Rx,0,-77.6327,"-6.00000 -5.60000 0.90000, 6.95000 1.45000 0.10000"
1918,0.0000,Tx-Rx,0,-74.4131,"-6.00000 -5.60000 0.90000, 7.25000 1.45000 0.10000"
1919,0.0000,Tx-Rx,0,-74.5577,"-6.00000 -5.60000 0.90000, 7.55000 1.45000 0.10000"
1920,0.0000,Tx-Rx,0,-74.5094,"-6.00000 -5.60000 0.90000, 7.85000 1.45000 0.10000"
1921,0.0000,Tx-Rx,0,-68.7968,"-6.00000 -5.60000 0.90000, -9.85000 1.75000 0.10000"
1922,0.0000,Tx-Rx,0,-67.0346,"-6.00000 -5.60000 0.90000, -9.55000 1.75000 0.10000"
1923,0.0000,Tx-Rx,0,-59.1803,"-6.00000 -5.60000 0.90000, -9.25000 1.75000 0.10000"
1924,0.0000,Tx-Rx,0,-58.0892,"-6.00000 -5.60000 0.90000, -8.95000 1.75000 0.10000"
1925,0.0000,Tx-Rx,0,-54.4686,"-6.00000 -5.60000 0.90000, -8.65000 1.75000 0.10000"
1926,0.0000,Tx-Rx,0,-51.6539,"-6.00000 -5.60000 0.90000, -8.35000 1.75000 0.10000"
1927,0.0000,Tx-Rx,0,-52.6305,"-6.00000 -5.60000 0.90000, -8.05000 1.75000 0.10000"
1928,0.0000,Tx-Rx,0,-55.1361,"-6.00000 -5.60000 0.90000, -7.75000 1.75000 0.10000"
1929,0.0000,Tx-Rx,0,-54.0428,"-6.00000 -5.60000 0.90000, -7.45000 1.75000 0.10000"
1930,0.0000,Tx-Rx,0,-57.8024,"-6.00000 -5.60000 0.90000, -7.15000 1.75000 0.10000"
1931,0.0000,Tx-Rx,0,-51.5946,"-6.00000 -5.60000 0.90000, -6.85000 1.75000 0.10000"
1932,0.0000,Tx-Rx,0,-49.9700,"-6.00000 -5.60000 0.90000, -6.55000 1.75000 0.10000"
1933,0.0000,Tx-Rx,0,-50.4049,"-6.00000 -5.60000 0.90000, -6.25000 1.75000 0.10000"
1934,0.0000,Tx-Rx,0,-51.6584,"-6.00000 -5.60000 0.90000, -5.95000 1.75000 0.10000"
1935,0.0000,Tx-Rx,0,-51.5041,"-6.00000 -5.60000 0.90000, -5.65000 1.75000 0.10000"
1936,0.0000,Tx-Rx,0,-51.4599,"-6.00000 -5.60000 0.90000, -5.35000 1.75000 0.10000"
1937,0.0000,Tx-Rx,0,-51.6254,"-6.00000 -5.60000 0.90000, -5.05000 1.75000 0.10000"
1938,0.0000,Tx-Rx,0,-52.4537,"-6.00000 -5.60000 0.90000, -4.75000 1.75000 0.10000"
1939,0.0000,Tx-Rx,0,-52.5538,"-6.00000 -5.60000 0.90000, -4.45000 1.75000 0.10000"
1940,0.0000,Tx-Rx,0,-52.9896,"-6.00000 -5.60000 0.90000, -4.15000 1.75000 0.10000"
1941,0.0000,Tx-Rx,0,-57.0385,"-6.00000 -5.60000 0.90000, -3.85000 1.75000 0.10000"
1942,0.0000,Tx-Rx,0,-58.5195,"-6.00000 -5.60000 0.90000, -3.55000 1.75000 0.10000"
1943,0.0000,Tx-Rx,0,-57.1865,"-6.00000 -5.60000 0.90000, -3.25000 1.75000 0.10000"
1944,0.0000,Tx-Rx,0,-52.9230,"-6.00000 -5.60000 0.90000, -2.95000 1.75000 0.10000"
1945,0.0000,Tx-Rx,0,-52.6950,"-6.00000 -5.60000 0.90000, -2.65000 1.75000 0.10000"
1946,0.0000,Tx-Rx,0,-52.6384,"-6.00000 -5.60000 0.90000, -2.35000 1.75000 0.10000"
1947,0.0000,Tx-Rx,0,-55.9074,"-6.00000 -5.60000 0.90000, -2.05000 1.75000 0.10000"
1948,0.0000,Tx-Rx,0,-56.8639,"-6.00000 -5.60000 0.90000, -1.75000 1.75000 0.10000"
1949,0.0000,Tx-Rx,0,-55.8717,"-6.00000 -5.60000 0.90000, -1.45000 1.75000 0.10000"
1950,0.0000,Tx-Rx,0,-52.9760,"-6.00000 -5.60000 0.90000, -1.15000 1.75000 0.10000"
1951,0.0000,Tx-Rx,0,-53.6542,"-6.00000 -5.60000 0.90000, -0.85000 1.75000 0.10000"
1952,0.0000,Tx-Rx,0,-53.9224,"-6.00000 -5.60000 0.90000, -0.55000 1.75000 0.10000"
1953,0.0000,Tx-Rx,0,-53.4726,"-6.00000 -5.60000 0.90000, -0.25000 1.75000 0.10000"
1954,0.0000,Tx-Rx,0,-53.7904,"-6.00000 -5.60000 0.90000, 0.05000 1.75000 0.10000"
1955,0.0000,Tx-Rx,0,-53.6544,"-6.00000 -5.60000 0.90000, 0.35000 1.75000 0.10000"
1956,0.0000,Tx-Rx,0,-52.7451,"-6.00000 -5.60000 0.90000, 0.65000 1.75000 0.10000"
1957,0.0000,Tx-Rx,0,-55.7033,"-6.00000 -5.60000 0.90000, 0.95000 1.75000 0.10000"
1958,0.0000,Tx-Rx,0,-63.6187,"-6.00000 -5.60000 0.90000, 1.25000 1.75000 0.10000"
1959,0.0000,Tx-Rx,0,-63.1218,"-6.00000 -5.60000 0.90000, 1.55000 1.75000 0.10000"
1960,0.0000,Tx-Rx,0,-62.9133,"-6.00000 -5.60000 0.90000, 1.85000 1.75000 0.10000"
1961,0.0000,Tx-Rx,0,-63.4461,"-6.00000 -5.60000 0.90000, 2.15000 1.75000 0.10000"
1962,0.0000,Tx-Rx,0,-63.5804,"-6.00000 -5.60000 0.90000, 2.45000 1.75000 0.10000"
1963,0.0000,Tx-Rx,0,-63.5850,"-6.00000 -5.60000 0.90000, 2.75000 1.75000 0.10000"
1964,0.0000,Tx-Rx,0,-63.9005,"-6.00000 -5.60000 0.90000, 3.05000 1.75000 0.10000"
1965,0.0000,Tx-Rx,0,-64.2797,"-6.00000 -5.60000 0.90000, 3.35000 1.75000 0.10000"
1966,0.0000,Tx-Rx,0,-64.3452,"-6.00000 -5.60000 0.90000, 3.65000 1.75000 0.10000"
1967,0.0000,Tx-Rx,0,-68.8711,"-6.00000 -5.60000 0.90000, 3.95000 1.75000 0.10000"
1968,0.0000,Tx-Rx,0,-73.8073,"-6.00000 -5.60000 0.90000, 4.25000 1.75000 0.10000"
1969,0.0000,Tx-Rx,0,-78.5420,"-6.00000 -5.60000 0.90000, 4.55000 1.75000 0.10000"
1970,0.0000,Tx-Rx,0,-76.9658,"-6.00000 -5.60000 0.90000, 4.85000 1.75000 0.10000"
1971,0.0000,Tx-Rx,0,-70.5833,"-6.00000 -5.60000 0.90000, 5.15000 1.75000 0.10000"
1972,0.0000,Tx-Rx,0,-78.6612,"-6.00000 -5.60000 0.90000, 5.45000 1.75000 0.10000"
1973,0.0000,Tx-Rx,0,-91.2280,"-6.00000 -5.60000 0.90000, 5.75000 1.75000 0.10000"
1974,0.0000,Tx-Rx,0,-86.2158,"-6.00000 -5.60000 0.90000, 6.05000 1.75000 0.10000"
1975,0.0000,Tx-Rx,0,-87.1625,"-6.00000 -5.60000 0.90000, 6.35000 1.75000 0.10000"
1976,0.0000,Tx-Rx,0,-89.8776,"-6.00000 -5.60000 0.90000, 6.65000 1.75000 0.10000"
1977,0.0000,Tx-Rx,0,-82.6982,"-6.00000 -5.60000 0.90000, 6.95000 1.75000 0.10000"
1978,0.0000,Tx-Rx,0,-76.7102,"-6.00000 -5.60000 0.90000, 7.25000 1.75000 0.10000"
1979,0.0000,Tx-Rx,0,-73.8291,"-6.00000 -5.60000 0.90000, 7.55000 1.75000 0.10000"
1980,0.0000,Tx-Rx,0,-74.2178,"-6.00000 -5.60000 0.90000, 7.85000 1.75000 0.10000"
1981,0.0000,Tx-Rx,0,-73.6622,"-6.00000 -5.60000 0.90000, -9.85000 2.05000 0.10000"
1982,0.0000,Tx-Rx,0,-69.8095,"-6.00000 -5.60000 0.90000, -9.55000 2.05000 0.10000"
1983,0.0000,Tx-Rx,0,-63.9042,"-6.00000 -5.60000 0.90000, -9.25000 2.05000 0.10000"
1984,0.0000,Tx-Rx,0,-62.7665,"-6.00000 -5.60000 0.90000, -8.95000 2.05000 0.10000"
1985,0.0000,Tx-Rx,0,-58.2500,"-6.00000 -5.60000 0.90000, -8.65000 2.05000 0.10000"
1986,0.0000,Tx-Rx,0,-56.2376,"-6.00000 -5.60000 0.90000, -8.35000 2.05000 0.10000"
1987,0.0000,Tx-Rx,0,-57.3672,"-6.00000 -5.60000 0.90000, -8.05000 2.05000 0.10000"
1988,0.0000,Tx-Rx,0,-58.8763,"-6.00000 -5.60000 0.90000, -7.75000 2.05000 0.10000"
1989,0.0000,Tx-Rx,0,-53.3280,"-6.00000 -5.60000 0.90000, -7.45000 2.05000 0.10000"
1990,0.0000,Tx-Rx,0,-54.9799,"-6.00000 -5.60000 0.90000, -7.15000 2.05000 0.10000"
1991,0.0000,Tx-Rx,0,-51.9610,"-6.00000 -5.60000 0.90000, -6.85000 2.05000 0.10000"
1992,0.0000,Tx-Rx,0,-50.4859,"-6.00000 -5.60000 0.90000, -6.55000 2.05000 0.10000"
1993,0.0000,Tx-Rx,0,-50.1786,"-6.00000 -5.60000 0.90000, -6.25000 2.05000 0.10000"
1994,0.0000,Tx-Rx,0,-51.8501,"-6.00000 -5.60000 0.90000, -5.95000 2.05000 0.10000"
1995,0.0000,Tx-Rx,0,-51.3438,"-6.00000 -5.60000 0.90000, -5.65000 2.05000 0.10000"
1996,0.0000,Tx-Rx,0,-51.9795,"-6.00000 -5.60000 0.90000, -5.35000 2.05000 0.10000"
1997,0.0000,Tx-Rx,0,-52.0074,"-6.00000 -5.60000 0.90000, -5.05000 2.05000 0.10000"
1998,0.0000,Tx-Rx,0,-52.4218,"-6.00000 -5.60000 0.90000, -4.75000 2.05000 0.10000"
1999,0.0000,Tx-Rx,0,-52.3705,"-6.00000 -5.60000 0.90000, -4.45000 2.05000 0.10000"
2000,0.0000,Tx-Rx,0,-54.1472,"-6.00000 -5.60000 0.90000, -4.15000 2.05000 0.10000"
2001,0.0000,Tx-Rx,0,-55.0922,"-6.00000 -5.60000 0.90000, -3.85000 2.05000 0.10000"
2002,0.0000,Tx-Rx,0,-57.8761,"-6.00000 -5.60000 0.90000, -3.55000 2.05000 0.10000"
2003,0.0000,Tx-Rx,0,-57.3135,"-6.00000 -5.60000 0.90000, -3.25000 2.05000 0.10000"
2004,0.0000,Tx-Rx,0,-55.0213,"-6.00000 -5.60000 0.90000, -2.95000 2.05000 0.10000"
2005,0.0000,Tx-Rx,0,-53.1459,"-6.00000 -5.60000 0.90000, -2.65000 2.05000 0.10000"
2006,0.0000,Tx-Rx,0,-52.9484,"-6.00000 -5.60000 0.90000, -2.35000 2.05000 0.10000"
2007,0.0000,Tx-Rx,0,-54.0100,"-6.00000 -5.60000 0.90000, -2.05000 2.05000 0.10000"
2008,0.0000,Tx-Rx,0,-56.7809,"-6.00000 -5.60000 0.90000, -1.75000 2.05000 0.10000"
2009,0.0000,Tx-Rx,0,-57.0384,"-6.00000 -5.60000 0.90000, -1.45000 2.05000 0.10000"
2010,0.0000,Tx-Rx,0,-55.3606,"-6.00000 -5.60000 0.90000, -1.15000 2.05000 0.10000"
2011,0.0000,Tx-Rx,0,-53.9609,"-6.00000 -5.60000 0.90000, -0.85000 2.05000 0.10000"
2012,0.0000,Tx-Rx,0,-54.1516,"-6.00000 -5.60000 0.90000, -0.55000 2.05000 0.10000"
2013,0.0000,Tx-Rx,0,-53.9936,"-6.00000 -5.60000 0.90000, -0.25000 2.05000 0.10000"
2014,0.0000,Tx-Rx,0,-53.8375,"-6.00000 -5.60000 0.90000, 0.05000 2.05000 0.10000"
2015,0.0000,Tx-Rx,0,-53.9573,"-6.00000 -5.60000 0.90000, 0.35000 2.05000 0.10000"
2016,0.0000,Tx-Rx,0,-54.5638,"-6.00000 -5.60000 0.90000, 0.65000 2.05000 0.10000"
2017,0.0000,Tx-Rx,0,-53.5839,"-6.00000 -5.60000 0.90000, 0.95000 2.05000 0.10000"
2018,0.0000,Tx-Rx,0,-56.0676,"-6.00000 -5.60000 0.90000, 1.25000 2.05000 0.10000"
2019,0.0000,Tx-Rx,0,-62.3600,"-6.00000 -5.60000 0.90000, 1.55000 2.05000 0.10000"
2020,0.0000,Tx-Rx,0,-60.9705,"-6.00000 -5.60000 0.90000, 1.85000 2.05000 0.10000"
2021,0.0000,Tx-Rx,0,-61.4875,"-6.00000 -5.60000 0.90000, 2.15000 2.05000 0.10000"
2022,0.0000,Tx-Rx,0,-62.6901,"-6.00000 -5.60000 0.90000, 2.45000 2.05000 0.10000"
2023,0.0000,Tx-Rx,0,-63.4505,"-6.00000 -5.60000 0.90000, 2.75000 2.05000 0.10000"
2024,0.0000,Tx-Rx,0,-63.8597,"-6.00000 -5.60000 0.90000, 3.05000 2.05000 0.10000"
2025,0.0000,Tx-Rx,0,-63.8415,"-6.00000 -5.60000 0.90000, 3.35000 2.05000 0.10000"
2026,0.0000,Tx-Rx,0,-67.3789,"-6.00000 -5.60000 0.90000, 3.65000 2.05000 0.10000"
2027,0.0000,Tx-Rx,0,-72.2833,"-6.00000 -5.60000 0.90000, 3.95000 2.05000 0.10000"
2028,0.0000,Tx-Rx,0,-75.2995,"-6.00000 -5.60000 0.90000, 4.25000 2.05000 0.10000"
2029,0.0000,Tx-Rx,0,-76.1691,"-6.00000 -5.60000 0.90000, 4.55000 2.05000 0.10000"
2030,0.0000,Tx-Rx,0,-66.8750,"-6.00000 -5.60000 0.90000, 4.85000 2.05000 0.10000"
2031,0.0000,Tx-Rx,0,-71.2797,"-6.00000 -5.60000 0.90000, 5.15000 2.05000 0.10000"
2032,0.0000,Tx-Rx,0,-83.5693,"-6.00000 -5.60000 0.90000, 5.45000 2.05000 0.10000"
2033,0.0000,Tx-Rx,0,-85.7295,"-6.00000 -5.60000 0.90000, 5.75000 2.05000 0.10000"
2034,0.0000,Tx-Rx,0,-84.8141,"-6.00000 -5.60000 0.90000, 6.05000 2.05000 0.10000"
2035,0.0000,Tx-Rx,0,-83.3518,"-6.00000 -5.60000 0.90000, 6.35000 2.05000 0.10000"
2036,0.0000,Tx-Rx,0,-82.9673,"-6.00000 -5.60000 0.90000, 6.65000 2.05000 0.10000"
2037,0.0000,Tx-Rx,0,-80.5201,"-6.00000 -5.60000 0.90000, 6.95000 2.05000 0.10000"
2038,0.0000,Tx-Rx,0,-78.4011,"-6.00000 -5.60000 0.90000, 7.25000 2.05000 0.10000"
2039,0.0000,Tx-Rx,0,-74.4319,"-6.00000 -5.60000 0.90000, 7.55000 2.05000 0.10000"
2040,0.0000,Tx-Rx,0,-70.9227,"-6.00000 -5.60000 0.90000, 7.85000 2.05000 0.10000"
2041,0.0000,Tx-Rx,0,-101.4193,"-6.00000 -5.60000 0.90000, -9.85000 2.35000 0.10000"
2042,0.0000,Tx-Rx,0,-87.0378,"-6.00000 -5.60000 0.90000, -9.55000 2.35000 0.10000"
2043,0.0000,Tx-Rx,0,-85.6957,"-6.00000 -5.60000 0.90000, -9.25000 2.35000 0.10000"
2044,0.0000,Tx-Rx,0,-85.1824,"-6.00000 -5.60000 0.90000, -8.95000 2.35000 0.10000"
2045,0.0000,Tx-Rx,0,-78.5614,"-6.00000 -5.60000 0.90000, -8.65000 2.35000 0.10000"
2046,0.0000,Tx-Rx,0,-77.8479,"-6.00000 -5.60000 0.90000, -8.35000 2.35000 0.10000"
2047,0.0000,Tx-Rx,0,-64.4704,"-6.00000 -5.60000 0.90000, -8.05000 2.35000 0.10000"
2048,0.0000,Tx-Rx,0,-60.4259,"-6.00000 -5.60000 0.90000, -7.75000 2.35000 0.10000"
2049,0.0000,Tx-Rx,0,-54.9075,"-6.00000 -5.60000 0.90000, -7.45000 2.35000 0.10000"
2050,0.0000,Tx-Rx,0,-52.5406,"-6.00000 -5.60000 0.90000, -7.15000 2.35000 0.10000"
2051,0.0000,Tx-Rx,0,-52.2371,"-6.00000 -5.60000 0.90000, -6.85000 2.35000 0.10000"
2052,0.0000,Tx-Rx,0,-51.0827,"-6.00000 -5.60000 0.90000, -6.55000 2.35000 0.10000"
2053,0.0000,Tx-Rx,0,-50.1701,"-6.00000 -5.60000 0.90000, -6.25000 2.35000 0.10000"
2054,0.0000,Tx-Rx,0,-52.1458,"-6.00000 -5.60000 0.90000, -5.95000 2.35000 0.10000"
2055,0.0000,Tx-Rx,0,-51.5198,"-6.00000 -5.60000 0.90000, -5.65000 2.35000 0.10000"
2056,0.0000,Tx-Rx,0,-52.0900,"-6.00000 -5.60000 0.90000, -5.35000 2.35000 0.10000"
2057,0.0000,Tx-Rx,0,-52.3678,"-6.00000 -5.60000 0.90000, -5.05000 2.35000 0.10000"
2058,0.0000,Tx-Rx,0,-52.2055,"-6.00000 -5.60000 0.90000, -4.75000 2.35000 0.10000"
2059,0.0000,Tx-Rx,0,-52.1414,"-6.00000 -5.60000 0.90000, -4.45000 2.35000 0.10000"
2060,0.0000,Tx-Rx,0,-54.0347,"-6.00000 -5.60000 0.90000, -4.15000 2.35000 0.10000"
2061,0.0000,Tx-Rx,0,-55.0537,"-6.00000 -5.60000 0.90000, -3.85000 2.35000 0.10000"
2062,0.0000,Tx-Rx,0,-56.7155,"-6.00000 -5.60000 0.90000, -3.55000 2.35000 0.10000"
2063,0.0000,Tx-Rx,0,-56.9100,"-6.00000 -5.60000 0.90000, -3.25000 2.35000 0.10000"
2064,0.0000,Tx-Rx,0,-57.5417,"-6.00000 -5.60000 0.90000, -2.95000 2.35000 0.10000"
2065,0.0000,Tx-Rx,0,-53.3144,"-6.00000 -5.60000 0.90000, -2.65000 2.35000 0.10000"
2066,0.0000,Tx-Rx,0,-53.0137,"-6.00000 -5.60000 0.90000, -2.35000 2.35000 0.10000"
2067,0.0000,Tx-Rx,0,-53.0355,"-6.00000 -5.60000 0.90000, -2.05000 2.35000 0.10000"
2068,0.0000,Tx-Rx,0,-56.0581,"-6.00000 -5.60000 0.90000, -1.75000 2.35000 0.10000"
2069,0.0000,Tx-Rx,0,-58.4618,"-6.00000 -5.60000 0.90000, -1.45000 2.35000 0.10000"
2070,0.0000,Tx-Rx,0,-58.5375,"-6.00000 -5.60000 0.90000, -1.15000 2.35000 0.10000"
2071,0.0000,Tx-Rx,0,-54.5788,"-6.00000 -5.60000 0.90000, -0.85000 2.35000 0.10000"
2072,0.0000,Tx-Rx,0,-54.4145,"-6.00000 -5.60000 0.90000, -0.55000 2.35000 0.10000"
2073,0.0000,Tx-Rx,0,-54.3008,"-6.00000 -5.60000 0.90000, -0.25000 2.35000 0.10000"
2074,0.0000,Tx-Rx,0,-54.2996,"-6.00000 -5.60000 0.90000, 0.05000 2.35000 0.10000"
2075,0.0000,Tx-Rx,0,-54.2883,"-6.00000 -5.60000 0.90000, 0.35000 2.35000 0.10000"
2076,0.0000,Tx-Rx,0,-54.3655,"-6.00000 -5.60000 0.90000, 0.65000 2.35000 0.10000"
2077,0.0000,Tx-Rx,0,-54.2210,"-6.00000 -5.60000 0.90000, 0.95000 2.35000 0.10000"
2078,0.0000,Tx-Rx,0,-52.9331,"-6.00000 -5.60000 0.90000, 1.25000 2.35000 0.10000"
2079,0.0000,Tx-Rx,0,-56.3137,"-6.00000 -5.60000 0.90000, 1.55000 2.35000 0.10000"
2080,0.0000,Tx-Rx,0,-61.8848,"-6.00000 -5.60000 0.90000, 1.85000 2.35000 0.10000"
2081,0.0000,Tx-Rx,0,-61.3380,"-6.00000 -5.60000 0.90000, 2.15000 2.35000 0.10000"
2082,0.0000,Tx-Rx,0,-60.5874,"-6.00000 -5.60000 0.90000, 2.45000 2.35000 0.10000"
2083,0.0000,Tx-Rx,0,-61.7541,"-6.00000 -5.60000 0.90000, 2.75000 2.35000 0.10000"
2084,0.0000,Tx-Rx,0,-62.9056,"-6.00000 -5.60000 0.90000, 3.05000 2.35000 0.10000"
2085,0.0000,Tx-Rx,0,-65.6968,"-6.00000 -5.60000 0.90000, 3.35000 2.35000 0.10000"
2086,0.0000,Tx-Rx,0,-72.9500,"-6.00000 -5.60000 0.90000, 3.65000 2.35000 0.10000"
2087,0.0000,Tx-Rx,0,-73.3413,"-6.00000 -5.60000 0.90000, 3.95000 2.35000 0.10000"
2088,0.0000,Tx-Rx,0,-75.5372,"-6.00000 -5.60000 0.90000, 4.25000 2.35000 0.10000"
2089,0.0000,Tx-Rx,0,-66.8234,"-6.00000 -5.60000 0.90000, 4.55000 2.35000 0.10000"
2090,0.0000,Tx-Rx,0,-69.6424,"-6.00000 -5.60000 0.90000, 4.85000 2.35000 0.10000"
2091,0.0000,Tx-Rx,0,-75.9878,"-6.00000 -5.60000 0.90000, 5.15000 2.35000 0.10000"
2092,0.0000,Tx-Rx,0,-77.5731,"-6.00000 -5.60000 0.90000, 5.45000 2.35000 0.10000"
2093,0.0000,Tx-Rx,0,-78.0840,"-6.00000 -5.60000 0.90000, 5.75000 2.35000 0.10000"
2094,0.0000,Tx-Rx,0,-78.4967,"-6.00000 -5.60000 0.90000, 6.05000 2.35000 0.10000"
2095,0.0000,Tx-Rx,0,-78.6960,"-6.00000 -5.60000 0.90000, 6.35000 2.35000 0.10000"
2096,0.0000,Tx-Rx,0,-78.4278,"-6.00000 -5.60000 0.90000, 6.65000 2.35000 0.10000"
2097,0.0000,Tx-Rx,0,-78.3417,"-6.00000 -5.60000 0.90000, 6.95000 2.35000 0.10000"
2098,0.0000,Tx-Rx,0,-74.6313,"-6.00000 -5.60000 0.90000, 7.25000 2.35000 0.10000"
2099,0.0000,Tx-Rx,0,-71.1856,"-6.00000 -5.60000 0.90000, 7.55000 2.35000 0.10000"
2100,0.0000,Tx-Rx,0,-70.6248,"-6.00000 -5.60000 0.90000, 7.85000 2.35000 0.10000"
2101,0.0000,Tx-Rx,0,-91.1293,"-6.00000 -5.60000 0.90000, -9.85000 2.65000 0.10000"
2102,0.0000,Tx-Rx,0,-85.6698,"-6.00000 -5.60000 0.90000, -9.55000 2.65000 0.10000"
2103,0.0000,Tx-Rx,0,-85.5962,"-6.00000 -5.60000 0.90000, -9.25000 2.65000 0.10000"
2104,0.0000,Tx-Rx,0,-81.6640,"-6.00000 -5.60000 0.90000, -8.95000 2.65000 0.10000"
2105,0.0000,Tx-Rx,0,-78.3055,"-6.00000 -5.60000 0.90000, -8.65000 2.65000 0.10000"
2106,0.0000,Tx-Rx,0,-77.7877,"-6.00000 -5.60000 0.90000, -8.35000 2.65000 0.10000"
2107,0.0000,Tx-Rx,0,-64.8974,"-6.00000 -5.60000 0.90000, -8.05000 2.65000 0.10000"
2108,0.0000,Tx-Rx,0,-60.6084,"-6.00000 -5.60000 0.90000, -7.75000 2.65000 0.10000"
2109,0.0000,Tx-Rx,0,-58.0165,"-6.00000 -5.60000 0.90000, -7.45000 2.65000 0.10000"
2110,0.0000,Tx-Rx,0,-51.5284,"-6.00000 -5.60000 0.90000, -7.15000 2.65000 0.10000"
2111,0.0000,Tx-Rx,0,-52.2507,"-6.00000 -5.60000 0.90000, -6.85000 2.65000 0.10000"
2112,0.0000,Tx-Rx,0,-51.7977,"-6.00000 -5.60000 0.90000, -6.55000 2.65000 0.10000"
2113,0.0000,Tx-Rx,0,-50.1870,"-6.00000 -5.60000 0.90000, -6.25000 2.65000 0.10000"
2114,0.0000,Tx-Rx,0,-51.7667,"-6.00000 -5.60000 0.90000, -5.95000 2.65000 0.10000"
2115,0.0000,Tx-Rx,0,-51.8086,"-6.00000 -5.60000 0.90000, -5.65000 2.65000 0.10000"
2116,0.0000,Tx-Rx,0,-52.4855,"-6.00000 -5.60000 0.90000, -5.35000 2.65000 0.10000"
2117,0.0000,Tx-Rx,0,-52.5657,"-6.00000 -5.60000 0.90000, -5.05000 2.65000 0.10000"
2118,0.0000,Tx-Rx,0,-52.3424,"-6.00000 -5.60000 0.90000, -4.75000 2.65000 0.10000"
2119,0.0000,Tx-Rx,0,-52.2883,"-6.00000 -5.60000 0.90000, -4.45000 2.65000 0.10000"
2120,0.0000,Tx-Rx,0,-53.9775,"-6.00000 -5.60000 0.90000, -4.15000 2.65000 0.10000"
2121,0.0000,Tx-Rx,0,-55.3811,"-6.00000 -5.60000 0.90000, -3.85000 2.65000 0.10000"
2122,0.0000,Tx-Rx,0,-56.9656,"-6.00000 -5.60000 0.90000, -3.55000 2.65000 0.10000"
2123,0.0000,Tx-Rx,0,-56.7868,"-6.00000 -5.60000 0.90000, -3.25000 2.65000 0.10000"
2124,0.0000,Tx-Rx,0,-57.4898,"-6.00000 -5.60000 0.90000, -2.95000 2.65000 0.10000"
2125,0.0000,Tx-Rx,0,-54.8682,"-6.00000 -5.60000 0.90000, -2.65000 2.65000 0.10000"
2126,0.0000,Tx-Rx,0,-53.4423,"-6.00000 -5.60000 0.90000, -2.35000 2.65000 0.10000"
2127,0.0000,Tx-Rx,0,-53.5066,"-6.00000 -5.60000 0.90000, -2.05000 2.65000 0.10000"
2128,0.0000,Tx-Rx,0,-55.0665,"-6.00000 -5.60000 0.90000, -1.75000 2.65000 0.10000"
2129,0.0000,Tx-Rx,0,-58.6683,"-6.00000 -5.60000 0.90000, -1.45000 2.65000 0.10000"
2130,0.0000,Tx-Rx,0,-59.3280,"-6.00000 -5.60000 0.90000, -1.15000 2.65000 0.10000"
2131,0.0000,Tx-Rx,0,-57.1280,"-6.00000 -5.60000 0.90000, -0.85000 2.65000 0.10000"
2132,0.0000,Tx-Rx,0,-54.4168,"-6.00000 -5.60000 0.90000, -0.55000 2.65000 0.10000"
2133,0.0000,Tx-Rx,0,-54.5114,"-6.00000 -5.60000 0.90000, -0.25000 2.65000 0.10000"
2134,0.0000,Tx-Rx,0,-54.6515,"-6.00000 -5.60000 0.90000, 0.05000 2.65000 0.10000"
2135,0.0000,Tx-Rx,0,-54.6238,"-6.00000 -5.60000 0.90000, 0.35000 2.65000 0.10000"
2136,0.0000,Tx-Rx,0,-54.6782,"-6.00000 -5.60000 0.90000, 0.65000 2.65000 0.10000"
2137,0.0000,Tx-Rx,0,-54.5798,"-6.00000 -5.60000 0.90000, 0.95000 2.65000 0.10000"
2138,0.0000,Tx-Rx,0,-54.0223,"-6.00000 -5.60000 0.90000, 1.25000 2.65000 0.10000"
2139,0.0000,Tx-Rx,0,-54.2395,"-6.00000 -5.60000 0.90000, 1.55000 2.65000 0.10000"
2140,0.0000,Tx-Rx,0,-56.5548,"-6.00000 -5.60000 0.90000, 1.85000 2.65000 0.10000"
2141,0.0000,Tx-Rx,0,-61.6631,"-6.00000 -5.60000 0.90000, 2.15000 2.65000 0.10000"
2142,0.0000,Tx-Rx,0,-61.8233,"-6.00000 -5.60000 0.90000, 2.45000 2.65000 0.10000"
2143,0.0000,Tx-Rx,0,-61.1163,"-6.00000 -5.60000 0.90000, 2.75000 2.65000 0.10000"
2144,0.0000,Tx-Rx,0,-62.0302,"-6.00000 -5.60000 0.90000, 3.05000 2.65000 0.10000"
2145,0.0000,Tx-Rx,0,-67.4074,"-6.00000 -5.60000 0.90000, 3.35000 2.65000 0.10000"
2146,0.0000,Tx-Rx,0,-68.4754,"-6.00000 -5.60000 0.90000, 3.65000 2.65000 0.10000"
2147,0.0000,Tx-Rx,0,-71.7346,"-6.00000 -5.60000 0.90000, 3.95000 2.65000 0.10000"
2148,0.0000,Tx-Rx,0,-67.0312,"-6.00000 -5.60000 0.90000, 4.25000 2.65000 0.10000"
2149,0.0000,Tx-Rx,0,-69.3063,"-6.00000 -5.60000 0.90000, 4.55000 2.65000 0.10000"
2150,0.0000,Tx-Rx,0,-75.2632,"-6.00000 -5.60000 0.90000, 4.85000 2.65000 0.10000"
2151,0.0000,Tx-Rx,0,-75.0964,"-6.00000 -5.60000 0.90000, 5.15000 2.65000 0.10000"
2152,0.0000,Tx-Rx,0,-75.6371,"-6.00000 -5.60000 0.90000, 5.45000 2.65000 0.10000"
2153,0.0000,Tx-Rx,0,-76.1922,"-6.00000 -5.60000 0.90000, 5.75000 2.65000 0.10000"
2154,0.0000,Tx-Rx,0,-76.0829,"-6.00000 -5.60000 0.90000, 6.05000 2.65000 0.10000"
2155,0.0000,Tx-Rx,0,-76.9918,"-6.00000 -5.60000 0.90000, 6.35000 2.65000 0.10000"
2156,0.0000,Tx-Rx,0,-75.2909,"-6.00000 -5.60000 0.90000, 6.65000 2.65000 0.10000"
2157,0.0000,Tx-Rx,0,-71.7644,"-6.00000 -5.60000 0.90000, 6.95000 2.65000 0.10000"
2158,0.0000,Tx-Rx,0,-70.6427,"-6.00000 -5.60000 0.90000, 7.25000 2.65000 0.10000"
2159,0.0000,Tx-Rx,0,-72.5474,"-6.00000 -5.60000 0.90000, 7.55000 2.65000 0.10000"
2160,0.0000,Tx-Rx,0,-73.3958,"-6.00000 -5.60000 0.90000, 7.85000 2.65000 0.10000"
2161,0.0000,Tx-Rx,0,-88.6913,"-6.00000 -5.60000 0.90000, -9.85000 2.95000 0.10000"
2162,0.0000,Tx-Rx,0,-86.0363,"-6.00000 -5.60000 0.90000, -9.55000 2.95000 0.10000"
2163,0.0000,Tx-Rx,0,-86.5888,"-6.00000 -5.60000 0.90000, -9.25000 2.95000 0.10000"
2164,0.0000,Tx-Rx,0,-81.0695,"-6.00000 -5.60000 0.90000, -8.95000 2.95000 0.10000"
2165,0.0000,Tx-Rx,0,-78.8084,"-6.00000 -5.60000 0.90000, -8.65000 2.95000 0.10000"
2166,0.0000,Tx-Rx,0,-82.3756,"-6.00000 -5.60000 0.90000, -8.35000 2.95000 0.10000"
2167,0.0000,Tx-Rx,0,-65.1940,"-6.00000 -5.60000 0.90000, -8.05000 2.95000 0.10000"
2168,0.0000,Tx-Rx,0,-61.0091,"-6.00000 -5.60000 0.90000, -7.75000 2.95000 0.10000"
2169,0.0000,Tx-Rx,0,-61.0634,"-6.00000 -5.60000 0.90000, -7.45000 2.95000 0.10000"
2170,0.0000,Tx-Rx,0,-51.7558,"-6.00000 -5.60000 0.90000, -7.15000 2.95000 0.10000"
2171,0.0000,Tx-Rx,0,-51.4797,"-6.00000 -5.60000 0.90000, -6.85000 2.95000 0.10000"
2172,0.0000,Tx-Rx,0,-52.4518,"-6.00000 -5.60000 0.90000, -6.55000 2.95000 0.10000"
2173,0.0000,Tx-Rx,0,-50.2291,"-6.00000 -5.60000 0.90000, -6.25000 2.95000 0.10000"
2174,0.0000,Tx-Rx,0,-51.4709,"-6.00000 -5.60000 0.90000, -5.95000 2.95000 0.10000"
2175,0.0000,Tx-Rx,0,-52.2785,"-6.00000 -5.60000 0.90000, -5.65000 2.95000 0.10000"
2176,0.0000,Tx-Rx,0,-52.7406,"-6.00000 -5.60000 0.90000, -5.35000 2.95000 0.10000"
2177,0.0000,Tx-Rx,0,-52.7802,"-6.00000 -5.60000 0.90000, -5.05000 2.95000 0.10000"
2178,0.0000,Tx-Rx,0,-52.1767,"-6.00000 -5.60000 0.90000, -4.75000 2.95000 0.10000"
2179,0.0000,Tx-Rx,0,-52.6805,"-6.00000 -5.60000 0.90000, -4.45000 2.95000 0.10000"
2180,0.0000,Tx-Rx,0,-54.4053,"-6.00000 -5.60000 0.90000, -4.15000 2.95000 0.10000"
2181,0.0000,Tx-Rx,0,-56.1309,"-6.00000 -5.60000 0.90000, -3.85000 2.95000 0.10000"
2182,0.0000,Tx-Rx,0,-58.6221,"-6.00000 -5.60000 0.90000, -3.55000 2.95000 0.10000"
2183,0.0000,Tx-Rx,0,-57.3929,"-6.00000 -5.60000 0.90000, -3.25000 2.95000 0.10000"
2184,0.0000,Tx-Rx,0,-56.7038,"-6.00000 -5.60000 0.90000, -2.95000 2.95000 0.10000"
2185,0.0000,Tx-Rx,0,-56.9535,"-6.00000 -5.60000 0.90000, -2.65000 2.95000 0.10000"
2186,0.0000,Tx-Rx,0,-53.8634,"-6.00000 -5.60000 0.90000, -2.35000 2.95000 0.10000"
2187,0.0000,Tx-Rx,0,-54.1484,"-6.00000 -5.60000 0.90000, -2.05000 2.95000 0.10000"
2188,0.0000,Tx-Rx,0,-54.2921,"-6.00000 -5.60000 0.90000, -1.75000 2.95000 0.10000"
2189,0.0000,Tx-Rx,0,-57.8360,"-6.00000 -5.60000 0.90000, -1.45000 2.95000 0.10000"
2190,0.0000,Tx-Rx,0,-60.5010,"-6.00000 -5.60000 0.90000, -1.15000 2.95000 0.10000"
2191,0.0000,Tx-Rx,0,-62.0537,"-6.00000 -5.60000 0.90000, -0.85000 2.95000 0.10000"
2192,0.0000,Tx-Rx,0,-55.7835,"-6.00000 -5.60000 0.90000, -0.55000 2.95000 0.10000"
2193,0.0000,Tx-Rx,0,-54.5196,"-6.00000 -5.60000 0.90000, -0.25000 2.95000 0.10000"
2194,0.0000,Tx-Rx,0,-54.9369,"-6.00000 -5.60000 0.90000, 0.05000 2.95000 0.10000"
2195,0.0000,Tx-Rx,0,-54.7231,"-6.00000 -5.60000 0.90000, 0.35000 2.95000 0.10000"
2196,0.0000,Tx-Rx,0,-54.9585,"-6.00000 -5.60000 0.90000, 0.65000 2.95000 0.10000"
2197,0.0000,Tx-Rx,0,-54.6986,"-6.00000 -5.60000 0.90000, 0.95000 2.95000 0.10000"
2198,0.0000,Tx-Rx,0,-54.5367,"-6.00000 -5.60000 0.90000, 1.25000 2.95000 0.10000"
2199,0.0000,Tx-Rx,0,-53.5400,"-6.00000 -5.60000 0.90000, 1.55000 2.95000 0.10000"
2200,0.0000,Tx-Rx,0,-54.9256,"-6.00000 -5.60000 0.90000, 1.85000 2.95000 0.10000"
2201,0.0000,Tx-Rx,0,-57.0432,"-6.00000 -5.60000 0.90000, 2.15000 2.95000 0.10000"
2202,0.0000,Tx-Rx,0,-61.9285,"-6.00000 -5.60000 0.90000, 2.45000 2.95000 0.10000"
2203,0.0000,Tx-Rx,0,-62.6766,"-6.00000 -5.60000 0.90000, 2.75000 2.95000 0.10000"
2204,0.0000,Tx-Rx,0,-65.8373,"-6.00000 -5.60000 0.90000, 3.05000 2.95000 0.10000"
2205,0.0000,Tx-Rx,0,-64.0369,"-6.00000 -5.60000 0.90000, 3.35000 2.95000 0.10000"
2206,0.0000,Tx-Rx,0,-65.8273,"-6.00000 -5.60000 0.90000, 3.65000 2.95000 0.10000"
2207,0.0000,Tx-Rx,0,-65.4771,"-6.00000 -5.60000 0.90000, 3.95000 2.95000 0.10000"
2208,0.0000,Tx-Rx,0,-66.3371,"-6.00000 -5.60000 0.90000, 4.25000 2.95000 0.10000"
2209,0.0000,Tx-Rx,0,-70.3669,"-6.00000 -5.60000 0.90000, 4.55000 2.95000 0.10000"
2210,0.0000,Tx-Rx,0,-72.7845,"-6.00000 -5.60000 0.90000, 4.85000 2.95000 0.10000"
2211,0.0000,Tx-Rx,0,-75.0945,"-6.00000 -5.60000 0.90000, 5.15000 2.95000 0.10000"
2212,0.0000,Tx-Rx,0,-75.0008,"-6.00000 -5.60000 0.90000, 5.45000 2.95000 0.10000"
2213,0.0000,Tx-Rx,0,-74.3198,"-6.00000 -5.60000 0.90000, 5.75000 2.95000 0.10000"
2214,0.0000,Tx-Rx,0,-74.3893,"-6.00000 -5.60000 0.90000, 6.05000 2.95000 0.10000"
2215,0.0000,Tx-Rx,0,-72.5313,"-6.00000 -5.60000 0.90000, 6.35000 2.95000 0.10000"
2216,0.0000,Tx-Rx,0,-70.2301,"-6.00000 -5.60000 0.90000, 6.65000 2.95000 0.10000"
2217,0.0000,Tx-Rx,0,-71.3541,"-6.00000 -5.60000 0.90000, 6.95000 2.95000 0.10000"
2218,0.0000,Tx-Rx,0,-73.5704,"-6.00000 -5.60000 0.90000, 7.25000 2.95000 0.10000"
2219,0.0000,Tx-Rx,0,-73.7653,"-6.00000 -5.60000 0.90000, 7.55000 2.95000 0.10000"
2220,0.0000,Tx-Rx,0,-74.1739,"-6.00000 -5.60000 0.90000, 7.85000 2.95000 0.10000"
2221,0.0000,Tx-Rx,0,-89.0017,"-6.00000 -5.60000 0.90000, -9.85000 3.25000 0.10000"
2222,0.0000,Tx-Rx,0,-86.5229,"-6.00000 -5.60000 0.90000, -9.55000 3.25000 0.10000"
2223,0.0000,Tx-Rx,0,-86.7132,"-6.00000 -5.60000 0.90000, -9.25000 3.25000 0.10000"
2224,0.0000,Tx-Rx,0,-79.4442,"-6.00000 -5.60000 0.90000, -8.95000 3.25000 0.10000"
2225,0.0000,Tx-Rx,0,-78.8041,"-6.00000 -5.60000 0.90000, -8.65000 3.25000 0.10000"
2226,0.0000,Tx-Rx,0,-83.8507,"-6.00000 -5.60000 0.90000, -8.35000 3.25000 0.10000"
2227,0.0000,Tx-Rx,0,-65.5472,"-6.00000 -5.60000 0.90000, -8.05000 3.25000 0.10000"
2228,0.0000,Tx-Rx,0,-61.1969,"-6.00000 -5.60000 0.90000, -7.75000 3.25000 0.10000"
2229,0.0000,Tx-Rx,0,-61.5101,"-6.00000 -5.60000 0.90000, -7.45000 3.25000 0.10000"
2230,0.0000,Tx-Rx,0,-52.6114,"-6.00000 -5.60000 0.90000, -7.15000 3.25000 0.10000"
2231,0.0000,Tx-Rx,0,-51.0492,"-6.00000 -5.60000 0.90000, -6.85000 3.25000 0.10000"
2232,0.0000,Tx-Rx,0,-52.4450,"-6.00000 -5.60000 0.90000, -6.55000 3.25000 0.10000"
2233,0.0000,Tx-Rx,0,-50.4980,"-6.00000 -5.60000 0.90000, -6.25000 3.25000 0.10000"
2234,0.0000,Tx-Rx,0,-51.1790,"-6.00000 -5.60000 0.90000, -5.95000 3.25000 0.10000"
2235,0.0000,Tx-Rx,0,-52.7912,"-6.00000 -5.60000 0.90000, -5.65000 3.25000 0.10000"
2236,0.0000,Tx-Rx,0,-52.9706,"-6.00000 -5.60000 0.90000, -5.35000 3.25000 0.10000"
2237,0.0000,Tx-Rx,0,-52.8335,"-6.00000 -5.60000 0.90000, -5.05000 3.25000 0.10000"
2238,0.0000,Tx-Rx,0,-52.3591,"-6.00000 -5.60000 0.90000, -4.75000 3.25000 0.10000"
2239,0.0000,Tx-Rx,0,-52.8860,"-6.00000 -5.60000 0.90000, -4.45000 3.25000 0.10000"
2240,0.0000,Tx-Rx,0,-54.0482,"-6.00000 -5.60000 0.90000, -4.15000 3.25000 0.10000"
2241,0.0000,Tx-Rx,0,-57.3024,"-6.00000 -5.60000 0.90000, -3.85000 3.25000 0.10000"
2242,0.0000,Tx-Rx,0,-58.5746,"-6.00000 -5.60000 0.90000, -3.55000 3.25000 0.10000"
2243,0.0000,Tx-Rx,0,-58.8760,"-6.00000 -5.60000 0.90000, -3.25000 3.25000 0.10000"
2244,0.0000,Tx-Rx,0,-56.7598,"-6.00000 -5.60000 0.90000, -2.95000 3.25000 0.10000"
2245,0.0000,Tx-Rx,0,-57.2132,"-6.00000 -5.60000 0.90000, -2.65000 3.25000 0.10000"
2246,0.0000,Tx-Rx,0,-55.0987,"-6.00000 -5.60000 0.90000, -2.35000 3.25000 0.10000"
2247,0.0000,Tx-Rx,0,-54.2814,"-6.00000 -5.60000 0.90000, -2.05000 3.25000 0.10000"
2248,0.0000,Tx-Rx,0,-54.9059,"-6.00000 -5.60000 0.90000, -1.75000 3.25000 0.10000"
2249,0.0000,Tx-Rx,0,-55.6412,"-6.00000 -5.60000 0.90000, -1.45000 3.25000 0.10000"
2250,0.0000,Tx-Rx,0,-59.6059,"-6.00000 -5.60000 0.90000, -1.15000 3.25000 0.10000"
2251,0.0000,Tx-Rx,0,-62.4293,"-6.00000 -5.60000 0.90000, -0.85000 3.25000 0.10000"
2252,0.0000,Tx-Rx,0,-60.5242,"-6.00000 -5.60000 0.90000, -0.55000 3.25000 0.10000"
2253,0.0000,Tx-Rx,0,-54.6846,"-6.00000 -5.60000 0.90000, -0.25000 3.25000 0.10000"
2254,0.0000,Tx-Rx,0,-54.7881,"-6.00000 -5.60000 0.90000, 0.05000 3.25000 0.10000"
2255,0.0000,Tx-Rx,0,-54.9977,"-6.00000 -5.60000 0.90000, 0.35000 3.25000 0.10000"
2256,0.0000,Tx-Rx,0,-54.8293,"-6.00000 -5.60000 0.90000, 0.65000 3.25000 0.10000"
2257,0.0000,Tx-Rx,0,-54.8226,"-6.00000 -5.60000 0.90000, 0.95000 3.25000 0.10000"
2258,0.0000,Tx-Rx,0,-54.7122,"-6.00000 -5.60000 0.90000, 1.25000 3.25000 0.10000"
2259,0.0000,Tx-Rx,0,-54.8247,"-6.00000 -5.60000 0.90000, 1.55000 3.25000 0.10000"
2260,0.0000,Tx-Rx,0,-53.9591,"-6.00000 -5.60000 0.90000, 1.85000 3.25000 0.10000"
2261,0.0000,Tx-Rx,0,-54.9443,"-6.00000 -5.60000 0.90000, 2.15000 3.25000 0.10000"
2262,0.0000,Tx-Rx,0,-57.5624,"-6.00000 -5.60000 0.90000, 2.45000 3.25000 0.10000"
2263,0.0000,Tx-Rx,0,-65.9492,"-6.00000 -5.60000 0.90000, 2.75000 3.25000 0.10000"
2264,0.0000,Tx-Rx,0,-67.7098,"-6.00000 -5.60000 0.90000, 3.05000 3.25000 0.10000"
2265,0.0000,Tx-Rx,0,-67.2156,"-6.00000 -5.60000 0.90000, 3.35000 3.25000 0.10000"
2266,0.0000,Tx-Rx,0,-63.8412,"-6.00000 -5.60000 0.90000, 3.65000 3.25000 0.10000"
2267,0.0000,Tx-Rx,0,-63.5253,"-6.00000 -5.60000 0.90000, 3.95000 3.25000 0.10000"
2268,0.0000,Tx-Rx,0,-67.6639,"-6.00000 -5.60000 0.90000, 4.25000 3.25000 0.10000"
2269,0.0000,Tx-Rx,0,-68.6573,"-6.00000 -5.60000 0.90000, 4.55000 3.25000 0.10000"
2270,0.0000,Tx-Rx,0,-68.8927,"-6.00000 -5.60000 0.90000, 4.85000 3.25000 0.10000"
2271,0.0000,Tx-Rx,0,-69.1115,"-6.00000 -5.60000 0.90000, 5.15000 3.25000 0.10000"
2272,0.0000,Tx-Rx,0,-69.4272,"-6.00000 -5.60000 0.90000, 5.45000 3.25000 0.10000"
2273,0.0000,Tx-Rx,0,-70.0861,"-6.00000 -5.60000 0.90000, 5.75000 3.25000 0.10000"
2274,0.0000,Tx-Rx,0,-69.3559,"-6.00000 -5.60000 0.90000, 6.05000 3.25000 0.10000"
2275,0.0000,Tx-Rx,0,-69.8008,"-6.00000 -5.60000 0.90000, 6.35000 3.25000 0.10000"
2276,0.0000,Tx-Rx,0,-73.5129,"-6.00000 -5.60000 0.90000, 6.65000 3.25000 0.10000"
2277,0.0000,Tx-Rx,0,-74.8739,"-6.00000 -5.60000 0.90000, 6.95000 3.25000 0.10000"
2278,0.0000,Tx-Rx,0,-73.9143,"-6.00000 -5.60000 0.90000, 7.25000 3.25000 0.10000"
2279,0.0000,Tx-Rx,0,-73.3656,"-6.00000 -5.60000 0.90000, 7.55000 3.25000 0.10000"
2280,0.0000,Tx-Rx,0,-73.2543,"-6.00000 -5.60000 0.90000, 7.85000 3.25000 0.10000"
2281,0.0000,Tx-Rx,0,-87.7180,"-6.00000 -5.60000 0.90000, -9.85000 3.55000 0.10000"
2282,0.0000,Tx-Rx,0,-86.1313,"-6.00000 -5.60000 0.90000, -9.55000 3.55000 0.10000"
2283,0.0000,Tx-Rx,0,-84.4049,"-6.00000 -5.60000 0.90000, -9.25000 3.55000 0.10000"
2284,0.0000,Tx-Rx,0,-81.9705,"-6.00000 -5.60000 0.90000, -8.95000 3.55000 0.10000"
2285,0.0000,Tx-Rx,0,-80.4504,"-6.00000 -5.60000 0.90000, -8.65000 3.55000 0.10000"
2286,0.0000,Tx-Rx,0,-87.8538,"-6.00000 -5.60000 0.90000, -8.35000 3.55000 0.10000"
2287,0.0000,Tx-Rx,0,-66.0581,"-6.00000 -5.60000 0.90000, -8.05000 3.55000 0.10000"
2288,0.0000,Tx-Rx,0,-62.2940,"-6.00000 -5.60000 0.90000, -7.75000 3.55000 0.10000"
2289,0.0000,Tx-Rx,0,-61.1935,"-6.00000 -5.60000 0.90000, -7.45000 3.55000 0.10000"
2290,0.0000,Tx-Rx,0,-53.1902,"-6.00000 -5.60000 0.90000, -7.15000 3.55000 0.10000"
2291,0.0000,Tx-Rx,0,-51.2094,"-6.00000 -5.60000 0.90000, -6.85000 3.55000 0.10000"
2292,0.0000,Tx-Rx,0,-51.4943,"-6.00000 -5.60000 0.90000, -6.55000 3.55000 0.10000"
2293,0.0000,Tx-Rx,0,-50.7758,"-6.00000 -5.60000 0.90000, -6.25000 3.55000 0.10000"
2294,0.0000,Tx-Rx,0,-51.4411,"-6.00000 -5.60000 0.90000, -5.95000 3.55000 0.10000"
2295,0.0000,Tx-Rx,0,-52.8550,"-6.00000 -5.60000 0.90000, -5.65000 3.55000 0.10000"
2296,0.0000,Tx-Rx,0,-53.0328,"-6.00000 -5.60000 0.90000, -5.35000 3.55000 0.10000"
2297,0.0000,Tx-Rx,0,-52.9511,"-6.00000 -5.60000 0.90000, -5.05000 3.55000 0.10000"
2298,0.0000,Tx-Rx,0,-53.0699,"-6.00000 -5.60000 0.90000, -4.75000 3.55000 0.10000"
2299,0.0000,Tx-Rx,0,-53.2088,"-6.00000 -5.60000 0.90000, -4.45000 3.55000 0.10000"
2300,0.0000,Tx-Rx,0,-53.7128,"-6.00000 -5.60000 0.90000, -4.15000 3.55000 0.10000"
2301,0.0000,Tx-Rx,0,-57.2680,"-6.00000 -5.60000 0.90000, -3.85000 3.55000 0.10000"
2302,0.0000,Tx-Rx,0,-58.6599,"-6.00000 -5.60000 0.90000, -3.55000 3.55000 0.10000"
2303,0.0000,Tx-Rx,0,-60.6662,"-6.00000 -5.60000 0.90000, -3.25000 3.55000 0.10000"
2304,0.0000,Tx-Rx,0,-58.6514,"-6.00000 -5.60000 0.90000, -2.95000 3.55000 0.10000"
2305,0.0000,Tx-Rx,0,-57.6244,"-6.00000 -5.60000 0.90000, -2.65000 3.55000 0.10000"
2306,0.0000,Tx-Rx,0,-57.0753,"-6.00000 -5.60000 0.90000, -2.35000 3.55000 0.10000"
2307,0.0000,Tx-Rx,0,-55.4918,"-6.00000 -5.60000 0.90000, -2.05000 3.55000 0.10000"
2308,0.0000,Tx-Rx,0,-55.4162,"-6.00000 -5.60000 0.90000, -1.75000 3.55000 0.10000"
2309,0.0000,Tx-Rx,0,-56.5379,"-6.00000 -5.60000 0.90000, -1.45000 3.55000 0.10000"
2310,0.0000,Tx-Rx,0,-60.1888,"-6.00000 -5.60000 0.90000, -1.15000 3.55000 0.10000"
2311,0.0000,Tx-Rx,0,-61.4427,"-6.00000 -5.60000 0.90000, -0.85000 3.55000 0.10000"
2312,0.0000,Tx-Rx,0,-62.7999,"-6.00000 -5.60000 0.90000, -0.55000 3.55000 0.10000"
2313,0.0000,Tx-Rx,0,-58.5039,"-6.00000 -5.60000 0.90000, -0.25000 3.55000 0.10000"
2314,0.0000,Tx-Rx,0,-55.1344,"-6.00000 -5.60000 0.90000, 0.05000 3.55000 0.10000"
2315,0.0000,Tx-Rx,0,-55.2327,"-6.00000 -5.60000 0.90000, 0.35000 3.55000 0.10000"
2316,0.0000,Tx-Rx,0,-54.7228,"-6.00000 -5.60000 0.90000, 0.65000 3.55000 0.10000"
2317,0.0000,Tx-Rx,0,-54.6771,"-6.00000 -5.60000 0.90000, 0.95000 3.55000 0.10000"
2318,0.0000,Tx-Rx,0,-54.6964,"-6.00000 -5.60000 0.90000, 1.25000 3.55000 0.10000"
2319,0.0000,Tx-Rx,0,-54.9971,"-6.00000 -5.60000 0.90000, 1.55000 3.55000 0.10000"
2320,0.0000,Tx-Rx,0,-54.5583,"-6.00000 -5.60000 0.90000, 1.85000 3.55000 0.10000"
2321,0.0000,Tx-Rx,0,-54.3662,"-6.00000 -5.60000 0.90000, 2.15000 3.55000 0.10000"
2322,0.0000,Tx-Rx,0,-55.5416,"-6.00000 -5.60000 0.90000, 2.45000 3.55000 0.10000"
2323,0.0000,Tx-Rx,0,-59.5827,"-6.00000 -5.60000 0.90000, 2.75000 3.55000 0.10000"
2324,0.0000,Tx-Rx,0,-67.7755,"-6.00000 -5.60000 0.90000, 3.05000 3.55000 0.10000"
2325,0.0000,Tx-Rx,0,-65.8157,"-6.00000 -5.60000 0.90000, 3.35000 3.55000 0.10000"
2326,0.0000,Tx-Rx,0,-65.3280,"-6.00000 -5.60000 0.90000, 3.65000 3.55000 0.10000"
2327,0.0000,Tx-Rx,0,-66.9137,"-6.00000 -5.60000 0.90000, 3.95000 3.55000 0.10000"
2328,0.0000,Tx-Rx,0,-64.8107,"-6.00000 -5.60000 0.90000, 4.25000 3.55000 0.10000"
2329,0.0000,Tx-Rx,0,-66.0002,"-6.00000 -5.60000 0.90000, 4.55000 3.55000 0.10000"
2330,0.0000,Tx-Rx,0,-67.7071,"-6.00000 -5.60000 0.90000, 4.85000 3.55000 0.10000"
2331,0.0000,Tx-Rx,0,-67.3698,"-6.00000 -5.60000 0.90000, 5.15000 3.55000 0.10000"
2332,0.0000,Tx-Rx,0,-67.0129,"-6.00000 -5.60000 0.90000, 5.45000 3.55000 0.10000"
2333,0.0000,Tx-Rx,0,-66.8465,"-6.00000 -5.60000 0.90000, 5.75000 3.55000 0.10000"
2334,0.0000,Tx-Rx,0,-68.3639,"-6.00000 -5.60000 0.90000, 6.05000 3.55000 0.10000"
2335,0.0000,Tx-Rx,0,-71.5869,"-6.00000 -5.60000 0.90000, 6.35000 3.55000 0.10000"
2336,0.0000,Tx-Rx,0,-73.0065,"-6.00000 -5.60000 0.90000, 6.65000 3.55000 0.10000"
2337,0.0000,Tx-Rx,0,-73.0455,"-6.00000 -5.60000 0.90000, 6.95000 3.55000 0.10000"
2338,0.0000,Tx-Rx,0,-72.4491,"-6.00000 -5.60000 0.90000, 7.25000 3.55000 0.10000"
2339,0.0000,Tx-Rx,0,-74.1308,"-6.00000 -5.60000 0.90000, 7.55000 3.55000 0.10000"
2340,0.0000,Tx-Rx,0,-74.8084,"-6.00000 -5.60000 0.90000, 7.85000 3.55000 0.10000"
2341,0.0000,Tx-Rx,0,-86.8223,"-6.00000 -5.60000 0.90000, -9.85000 3.85000 0.10000"
2342,0.0000,Tx-Rx,0,-88.1141,"-6.00000 -5.60000 0.90000, -9.55000 3.85000 0.10000"
2343,0.0000,Tx-Rx,0,-80.9428,"-6.00000 -5.60000 0.90000, -9.25000 3.85000 0.10000"
2344,0.0000,Tx-Rx,0,-80.5521,"-6.00000 -5.60000 0.90000, -8.95000 3.85000 0.10000"
2345,0.0000,Tx-Rx,0,-80.1593,"-6.00000 -5.60000 0.90000, -8.65000 3.85000 0.10000"
2346,0.0000,Tx-Rx,0,-88.9831,"-6.00000 -5.60000 0.90000, -8.35000 3.85000 0.10000"
2347,0.0000,Tx-Rx,0,-66.7445,"-6.00000 -5.60000 0.90000, -8.05000 3.85000 0.10000"
2348,0.0000,Tx-Rx,0,-62.6110,"-6.00000 -5.60000 0.90000, -7.75000 3.85000 0.10000"
2349,0.0000,Tx-Rx,0,-59.4509,"-6.00000 -5.60000 0.90000, -7.45000 3.85000 0.10000"
2350,0.0000,Tx-Rx,0,-53.3641,"-6.00000 -5.60000 0.90000, -7.15000 3.85000 0.10000"
2351,0.0000,Tx-Rx,0,-51.9005,"-6.00000 -5.60000 0.90000, -6.85000 3.85000 0.10000"
2352,0.0000,Tx-Rx,0,-51.0937,"-6.00000 -5.60000 0.90000, -6.55000 3.85000 0.10000"
2353,0.0000,Tx-Rx,0,-51.0676,"-6.00000 -5.60000 0.90000, -6.25000 3.85000 0.10000"
2354,0.0000,Tx-Rx,0,-51.5737,"-6.00000 -5.60000 0.90000, -5.95000 3.85000 0.10000"
2355,0.0000,Tx-Rx,0,-53.0363,"-6.00000 -5.60000 0.90000, -5.65000 3.85000 0.10000"
2356,0.0000,Tx-Rx,0,-53.2680,"-6.00000 -5.60000 0.90000, -5.35000 3.85000 0.10000"
2357,0.0000,Tx-Rx,0,-53.0921,"-6.00000 -5.60000 0.90000, -5.05000 3.85000 0.10000"
2358,0.0000,Tx-Rx,0,-53.5323,"-6.00000 -5.60000 0.90000, -4.75000 3.85000 0.10000"
2359,0.0000,Tx-Rx,0,-53.3988,"-6.00000 -5.60000 0.90000, -4.45000 3.85000 0.10000"
2360,0.0000,Tx-Rx,0,-54.1796,"-6.00000 -5.60000 0.90000, -4.15000 3.85000 0.10000"
2361,0.0000,Tx-Rx,0,-57.2420,"-6.00000 -5.60000 0.90000, -3.85000 3.85000 0.10000"
2362,0.0000,Tx-Rx,0,-58.6818,"-6.00000 -5.60000 0.90000, -3.55000 3.85000 0.10000"
2363,0.0000,Tx-Rx,0,-61.4210,"-6.00000 -5.60000 0.90000, -3.25000 3.85000 0.10000"
2364,0.0000,Tx-Rx,0,-63.3398,"-6.00000 -5.60000 0.90000, -2.95000 3.85000 0.10000"
2365,0.0000,Tx-Rx,0,-58.5570,"-6.00000 -5.60000 0.90000, -2.65000 3.85000 0.10000"
2366,0.0000,Tx-Rx,0,-58.8893,"-6.00000 -5.60000 0.90000, -2.35000 3.85000 0.10000"
2367,0.0000,Tx-Rx,0,-57.5902,"-6.00000 -5.60000 0.90000, -2.05000 3.85000 0.10000"
2368,0.0000,Tx-Rx,0,-58.0293,"-6.00000 -5.60000 0.90000, -1.75000 3.85000 0.10000"
2369,0.0000,Tx-Rx,0,-59.3494,"-6.00000 -5.60000 0.90000, -1.45000 3.85000 0.10000"
2370,0.0000,Tx-Rx,0,-61.0276,"-6.00000 -5.60000 0.90000, -1.15000 3.85000 0.10000"
2371,0.0000,Tx-Rx,0,-61.1401,"-6.00000 -5.60000 0.90000, -0.85000 3.85000 0.10000"
2372,0.0000,Tx-Rx,0,-62.0080,"-6.00000 -5.60000 0.90000, -0.55000 3.85000 0.10000"
2373,0.0000,Tx-Rx,0,-62.2218,"-6.00000 -5.60000 0.90000, -0.25000 3.85000 0.10000"
2374,0.0000,Tx-Rx,0,-58.4292,"-6.00000 -5.60000 0.90000, 0.05000 3.85000 0.10000"
2375,0.0000,Tx-Rx,0,-54.9648,"-6.00000 -5.60000 0.90000, 0.35000 3.85000 0.10000"
2376,0.0000,Tx-Rx,0,-54.6616,"-6.00000 -5.60000 0.90000, 0.65000 3.85000 0.10000"
2377,0.0000,Tx-Rx,0,-54.5802,"-6.00000 -5.60000 0.90000, 0.95000 3.85000 0.10000"
2378,0.0000,Tx-Rx,0,-54.6859,"-6.00000 -5.60000 0.90000, 1.25000 3.85000 0.10000"
2379,0.0000,Tx-Rx,0,-54.8229,"-6.00000 -5.60000 0.90000, 1.55000 3.85000 0.10000"
2380,0.0000,Tx-Rx,0,-55.2999,"-6.00000 -5.60000 0.90000, 1.85000 3.85000 0.10000"
2381,0.0000,Tx-Rx,0,-55.5264,"-6.00000 -5.60000 0.90000, 2.15000 3.85000 0.10000"
2382,0.0000,Tx-Rx,0,-54.7333,"-6.00000 -5.60000 0.90000, 2.45000 3.85000 0.10000"
2383,0.0000,Tx-Rx,0,-56.4475,"-6.00000 -5.60000 0.90000, 2.75000 3.85000 0.10000"
2384,0.0000,Tx-Rx,0,-59.5927,"-6.00000 -5.60000 0.90000, 3.05000 3.85000 0.10000"
2385,0.0000,Tx-Rx,0,-65.3284,"-6.00000 -5.60000 0.90000, 3.35000 3.85000 0.10000"
2386,0.0000,Tx-Rx,0,-68.3164,"-6.00000 -5.60000 0.90000, 3.65000 3.85000 0.10000"
2387,0.0000,Tx-Rx,0,-67.3500,"-6.00000 -5.60000 0.90000, 3.95000 3.85000 0.10000"
2388,0.0000,Tx-Rx,0,-66.8056,"-6.00000 -5.60000 0.90000, 4.25000 3.85000 0.10000"
2389,0.0000,Tx-Rx,0,-65.1031,"-6.00000 -5.60000 0.90000, 4.55000 3.85000 0.10000"
2390,0.0000,Tx-Rx,0,-64.3377,"-6.00000 -5.60000 0.90000, 4.85000 3.85000 0.10000"
2391,0.0000,Tx-Rx,0,-65.8412,"-6.00000 -5.60000 0.90000, 5.15000 3.85000 0.10000"
2392,0.0000,Tx-Rx,0,-67.4731,"-6.00000 -5.60000 0.90000, 5.45000 3.85000 0.10000"
2393,0.0000,Tx-Rx,0,-67.6385,"-6.00000 -5.60000 0.90000, 5.75000 3.85000 0.10000"
2394,0.0000,Tx-Rx,0,-68.2454,"-6.00000 -5.60000 0.90000, 6.05000 3.85000 0.10000"
2395,0.0000,Tx-Rx,0,-68.6576,"-6.00000 -5.60000 0.90000, 6.35000 3.85000 0.10000"
2396,0.0000,Tx-Rx,0,-70.0120,"-6.00000 -5.60000 0.90000, 6.65000 3.85000 0.10000"
2397,0.0000,Tx-Rx,0,-71.1176,"-6.00000 -5.60000 0.90000, 6.95000 3.85000 0.10000"
2398,0.0000,Tx-Rx,0,-71.5084,"-6.00000 -5.60000 0.90000, 7.25000 3.85000 0.10000"
2399,0.0000,Tx-Rx,0,-71.9989,"-6.00000 -5.60000 0.90000, 7.55000 3.85000 0.10000"
2400,0.0000,Tx-Rx,0,-72.1803,"-6.00000 -5.60000 0.90000, 7.85000 3.85000 0.10000"
2401,0.0000,Tx-Rx,0,-87.4288,"-6.00000 -5.60000 0.90000, -9.85000 4.15000 0.10000"
2402,0.0000,Tx-Rx,0,-86.1145,"-6.00000 -5.60000 0.90000, -9.55000 4.15000 0.10000"
2403,0.0000,Tx-Rx,0,-82.9668,"-6.00000 -5.60000 0.90000, -9.25000 4.15000 0.10000"
2404,0.0000,Tx-Rx,0,-80.3751,"-6.00000 -5.60000 0.90000, -8.95000 4.15000 0.10000"
2405,0.0000,Tx-Rx,0,-82.3718,"-6.00000 -5.60000 0.90000, -8.65000 4.15000 0.10000"
2406,0.0000,Tx-Rx,0,-92.3128,"-6.00000 -5.60000 0.90000, -8.35000 4.15000 0.10000"
2407,0.0000,Tx-Rx,0,-64.6556,"-6.00000 -5.60000 0.90000, -8.05000 4.15000 0.10000"
2408,0.0000,Tx-Rx,0,-61.7434,"-6.00000 -5.60000 0.90000, -7.75000 4.15000 0.10000"
2409,0.0000,Tx-Rx,0,-57.3801,"-6.00000 -5.60000 0.90000, -7.45000 4.15000 0.10000"
2410,0.0000,Tx-Rx,0,-53.3576,"-6.00000 -5.60000 0.90000, -7.15000 4.15000 0.10000"
2411,0.0000,Tx-Rx,0,-52.8432,"-6.00000 -5.60000 0.90000, -6.85000 4.15000 0.10000"
2412,0.0000,Tx-Rx,0,-51.0739,"-6.00000 -5.60000 0.90000, -6.55000 4.15000 0.10000"
2413,0.0000,Tx-Rx,0,-50.9556,"-6.00000 -5.60000 0.90000, -6.25000 4.15000 0.10000"
2414,0.0000,Tx-Rx,0,-51.4255,"-6.00000 -5.60000 0.90000, -5.95000 4.15000 0.10000"
2415,0.0000,Tx-Rx,0,-53.3365,"-6.00000 -5.60000 0.90000, -5.65000 4.15000 0.10000"
2416,0.0000,Tx-Rx,0,-53.3333,"-6.00000 -5.60000 0.90000, -5.35000 4.15000 0.10000"
2417,0.0000,Tx-Rx,0,-53.2487,"-6.00000 -5.60000 0.90000, -5.05000 4.15000 0.10000"
2418,0.0000,Tx-Rx,0,-53.5954,"-6.00000 -5.60000 0.90000, -4.75000 4.15000 0.10000"
2419,0.0000,Tx-Rx,0,-53.4697,"-6.00000 -5.60000 0.90000, -4.45000 4.15000 0.10000"
2420,0.0000,Tx-Rx,0,-54.3688,"-6.00000 -5.60000 0.90000, -4.15000 4.15000 0.10000"
2421,0.0000,Tx-Rx,0,-57.3642,"-6.00000 -5.60000 0.90000, -3.85000 4.15000 0.10000"
2422,0.0000,Tx-Rx,0,-59.0360,"-6.00000 -5.60000 0.90000, -3.55000 4.15000 0.10000"
2423,0.0000,Tx-Rx,0,-62.9860,"-6.00000 -5.60000 0.90000, -3.25000 4.15000 0.10000"
2424,0.0000,Tx-Rx,0,-64.3344,"-6.00000 -5.60000 0.90000, -2.95000 4.15000 0.10000"
2425,0.0000,Tx-Rx,0,-61.2486,"-6.00000 -5.60000 0.90000, -2.65000 4.15000 0.10000"
2426,0.0000,Tx-Rx,0,-58.9499,"-6.00000 -5.60000 0.90000, -2.35000 4.15000 0.10000"
2427,0.0000,Tx-Rx,0,-58.0961,"-6.00000 -5.60000 0.90000, -2.05000 4.15000 0.10000"
2428,0.0000,Tx-Rx,0,-58.4304,"-6.00000 -5.60000 0.90000, -1.75000 4.15000 0.10000"
2429,0.0000,Tx-Rx,0,-59.0805,"-6.00000 -5.60000 0.90000, -1.45000 4.15000 0.10000"
2430,0.0000,Tx-Rx,0,-60.0329,"-6.00000 -5.60000 0.90000, -1.15000 4.15000 0.10000"
2431,0.0000,Tx-Rx,0,-64.0336,"-6.00000 -5.60000 0.90000, -0.85000 4.15000 0.10000"
2432,0.0000,Tx-Rx,0,-61.4755,"-6.00000 -5.60000 0.90000, -0.55000 4.15000 0.10000"
2433,0.0000,Tx-Rx,0,-60.6259,"-6.00000 -5.60000 0.90000, -0.25000 4.15000 0.10000"
2434,0.0000,Tx-Rx,0,-66.4771,"-6.00000 -5.60000 0.90000, 0.05000 4.15000 0.10000"
2435,0.0000,Tx-Rx,0,-75.4901,"-6.00000 -5.60000 0.90000, 0.35000 4.15000 0.10000"
2436,0.0000,Tx-Rx,0,-72.8455,"-6.00000 -5.60000 0.90000, 0.65000 4.15000 0.10000"
2437,0.0000,Tx-Rx,0,-76.8677,"-6.00000 -5.60000 0.90000, 0.95000 4.15000 0.10000"
2438,0.0000,Tx-Rx,0,-78.3777,"-6.00000 -5.60000 0.90000, 1.25000 4.15000 0.10000"
2439,0.0000,Tx-Rx,0,-81.6246,"-6.00000 -5.60000 0.90000, 1.55000 4.15000 0.10000"
2440,0.0000,Tx-Rx,0,-75.3632,"-6.00000 -5.60000 0.90000, 1.85000 4.15000 0.10000"
2441,0.0000,Tx-Rx,0,-58.9226,"-6.00000 -5.60000 0.90000, 2.15000 4.15000 0.10000"
2442,0.0000,Tx-Rx,0,-55.8927,"-6.00000 -5.60000 0.90000, 2.45000 4.15000 0.10000"
2443,0.0000,Tx-Rx,0,-55.8251,"-6.00000 -5.60000 0.90000, 2.75000 4.15000 0.10000"
2444,0.0000,Tx-Rx,0,-57.9885,"-6.00000 -5.60000 0.90000, 3.05000 4.15000 0.10000"
2445,0.0000,Tx-Rx,0,-70.4998,"-6.00000 -5.60000 0.90000, 3.35000 4.15000 0.10000"
2446,0.0000,Tx-Rx,0,-83.7997,"-6.00000 -5.60000 0.90000, 3.65000 4.15000 0.10000"
2447,0.0000,Tx-Rx,0,-73.0929,"-6.00000 -5.60000 0.90000, 3.95000 4.15000 0.10000"
2448,0.0000,Tx-Rx,0,-75.6572,"-6.00000 -5.60000 0.90000, 4.25000 4.15000 0.10000"
2449,0.0000,Tx-Rx,0,-80.5115,"-6.00000 -5.60000 0.90000, 4.55000 4.15000 0.10000"
2450,0.0000,Tx-Rx,0,-85.8280,"-6.00000 -5.60000 0.90000, 4.85000 4.15000 0.10000"
2451,0.0000,Tx-Rx,0,-86.6180,"-6.00000 -5.60000 0.90000, 5.15000 4.15000 0.10000"
2452,0.0000,Tx-Rx,0,-88.3855,"-6.00000 -5.60000 0.90000, 5.45000 4.15000 0.10000"
2453,0.0000,Tx-Rx,0,-89.0960,"-6.00000 -5.60000 0.90000, 5.75000 4.15000 0.10000"
2454,0.0000,Tx-Rx,0,-88.4051,"-6.00000 -5.60000 0.90000, 6.05000 4.15000 0.10000"
2455,0.0000,Tx-Rx,0,-88.9145,"-6.00000 -5.60000 0.90000, 6.35000 4.15000 0.10000"
2456,0.0000,Tx-Rx,0,-77.2766,"-6.00000 -5.60000 0.90000, 6.65000 4.15000 0.10000"
2457,0.0000,Tx-Rx,0,-79.4804,"-6.00000 -5.60000 0.90000, 6.95000 4.15000 0.10000"
2458,0.0000,Tx-Rx,0,-86.3478,"-6.00000 -5.60000 0.90000, 7.25000 4.15000 0.10000"
2459,0.0000,Tx-Rx,0,-87.3605,"-6.00000 -5.60000 0.90000, 7.55000 4.15000 0.10000"
2460,0.0000,Tx-Rx,0,-85.3860,"-6.00000 -5.60000 0.90000, 7.85000 4.15000 0.10000"
2461,0.0000,Tx-Rx,0,-88.8615,"-6.00000 -5.60000 0.90000, -9.85000 4.45000 0.10000"
2462,0.0000,Tx-Rx,0,-83.7933,"-6.00000 -5.60000 0.90000, -9.55000 4.45000 0.10000"
2463,0.0000,Tx-Rx,0,-80.4927,"-6.00000 -5.60000 0.90000, -9.25000 4.45000 0.10000"
2464,0.0000,Tx-Rx,0,-81.0766,"-6.00000 -5.60000 0.90000, -8.95000 4.45000 0.10000"
2465,0.0000,Tx-Rx,0,-85.5024,"-6.00000 -5.60000 0.90000, -8.65000 4.45000 0.10000"
2466,0.0000,Tx-Rx,0,-95.3966,"-6.00000 -5.60000 0.90000, -8.35000 4.45000 0.10000"
2467,0.0000,Tx-Rx,0,-63.1584,"-6.00000 -5.60000 0.90000, -8.05000 4.45000 0.10000"
2468,0.0000,Tx-Rx,0,-60.6507,"-6.00000 -5.60000 0.90000, -7.75000 4.45000 0.10000"
2469,0.0000,Tx-Rx,0,-56.2586,"-6.00000 -5.60000 0.90000, -7.45000 4.45000 0.10000"
2470,0.0000,Tx-Rx,0,-53.6584,"-6.00000 -5.60000 0.90000, -7.15000 4.45000 0.10000"
2471,0.0000,Tx-Rx,0,-53.5013,"-6.00000 -5.60000 0.90000, -6.85000 4.45000 0.10000"
2472,0.0000,Tx-Rx,0,-51.4690,"-6.00000 -5.60000 0.90000, -6.55000 4.45000 0.10000"
2473,0.0000,Tx-Rx,0,-50.8795,"-6.00000 -5.60000 0.90000, -6.25000 4.45000 0.10000"
2474,0.0000,Tx-Rx,0,-51.2777,"-6.00000 -5.60000 0.90000, -5.95000 4.45000 0.10000"
2475,0.0000,Tx-Rx,0,-53.5374,"-6.00000 -5.60000 0.90000, -5.65000 4.45000 0.10000"
2476,0.0000,Tx-Rx,0,-53.4237,"-6.00000 -5.60000 0.90000, -5.35000 4.45000 0.10000"
2477,0.0000,Tx-Rx,0,-53.3815,"-6.00000 -5.60000 0.90000, -5.05000 4.45000 0.10000"
2478,0.0000,Tx-Rx,0,-53.7924,"-6.00000 -5.60000 0.90000, -4.75000 4.45000 0.10000"
2479,0.0000,Tx-Rx,0,-53.6386,"-6.00000 -5.60000 0.90000, -4.45000 4.45000 0.10000"
2480,0.0000,Tx-Rx,0,-54.3998,"-6.00000 -5.60000 0.90000, -4.15000 4.45000 0.10000"
2481,0.0000,Tx-Rx,0,-57.0119,"-6.00000 -5.60000 0.90000, -3.85000 4.45000 0.10000"
2482,0.0000,Tx-Rx,0,-60.1402,"-6.00000 -5.60000 0.90000, -3.55000 4.45000 0.10000"
2483,0.0000,Tx-Rx,0,-61.9822,"-6.00000 -5.60000 0.90000, -3.25000 4.45000 0.10000"
2484,0.0000,Tx-Rx,0,-63.6980,"-6.00000 -5.60000 0.90000, -2.95000 4.45000 0.10000"
2485,0.0000,Tx-Rx,0,-63.4392,"-6.00000 -5.60000 0.90000, -2.65000 4.45000 0.10000"
2486,0.0000,Tx-Rx,0,-60.0235,"-6.00000 -5.60000 0.90000, -2.35000 4.45000 0.10000"
2487,0.0000,Tx-Rx,0,-58.2507,"-6.00000 -5.60000 0.90000, -2.05000 4.45000 0.10000"
2488,0.0000,Tx-Rx,0,-58.2322,"-6.00000 -5.60000 0.90000, -1.75000 4.45000 0.10000"
2489,0.0000,Tx-Rx,0,-58.5453,"-6.00000 -5.60000 0.90000, -1.45000 4.45000 0.10000"
2490,0.0000,Tx-Rx,0,-59.7115,"-6.00000 -5.60000 0.90000, -1.15000 4.45000 0.10000"
2491,0.0000,Tx-Rx,0,-62.2551,"-6.00000 -5.60000 0.90000, -0.85000 4.45000 0.10000"
2492,0.0000,Tx-Rx,0,-61.9483,"-6.00000 -5.60000 0.90000, -0.55000 4.45000 0.10000"
2493,0.0000,Tx-Rx,0,-60.7765,"-6.00000 -5.60000 0.90000, -0.25000 4.45000 0.10000"
2494,0.0000,Tx-Rx,0,-63.9901,"-6.00000 -5.60000 0.90000, 0.05000 4.45000 0.10000"
2495,0.0000,Tx-Rx,0,-74.3946,"-6.00000 -5.60000 0.90000, 0.35000 4.45000 0.10000"
2496,0.0000,Tx-Rx,0,-77.2491,"-6.00000 -5.60000 0.90000, 0.65000 4.45000 0.10000"
2497,0.0000,Tx-Rx,0,-73.3376,"-6.00000 -5.60000 0.90000, 0.95000 4.45000 0.10000"
2498,0.0000,Tx-Rx,0,-81.3809,"-6.00000 -5.60000 0.90000, 1.25000 4.45000 0.10000"
2499,0.0000,Tx-Rx,0,-78.8355,"-6.00000 -5.60000 0.90000, 1.55000 4.45000 0.10000"
2500,0.0000,Tx-Rx,0,-74.7327,"-6.00000 -5.60000 0.90000, 1.85000 4.45000 0.10000"
2501,0.0000,Tx-Rx,0,-71.9131,"-6.00000 -5.60000 0.90000, 2.15000 4.45000 0.10000"
2502,0.0000,Tx-Rx,0,-58.1574,"-6.00000 -5.60000 0.90000, 2.45000 4.45000 0.10000"
2503,0.0000,Tx-Rx,0,-56.0478,"-6.00000 -5.60000 0.90000, 2.75000 4.45000 0.10000"
2504,0.0000,Tx-Rx,0,-56.3358,"-6.00000 -5.60000 0.90000, 3.05000 4.45000 0.10000"
2505,0.0000,Tx-Rx,0,-58.6517,"-6.00000 -5.60000 0.90000, 3.35000 4.45000 0.10000"
2506,0.0000,Tx-Rx,0,-68.9108,"-6.00000 -5.60000 0.90000, 3.65000 4.45000 0.10000"
2507,0.0000,Tx-Rx,0,-75.9440,"-6.00000 -5.60000 0.90000, 3.95000 4.45000 0.10000"
2508,0.0000,Tx-Rx,0,-82.9885,"-6.00000 -5.60000 0.90000, 4.25000 4.45000 0.10000"
2509,0.0000,Tx-Rx,0,-78.9092,"-6.00000 -5.60000 0.90000, 4.55000 4.45000 0.10000"
2510,0.0000,Tx-Rx,0,-85.3349,"-6.00000 -5.60000 0.90000, 4.85000 4.45000 0.10000"
2511,0.0000,Tx-Rx,0,-86.8090,"-6.00000 -5.60000 0.90000, 5.15000 4.45000 0.10000"
2512,0.0000,Tx-Rx,0,-89.5075,"-6.00000 -5.60000 0.90000, 5.45000 4.45000 0.10000"
2513,0.0000,Tx-Rx,0,-87.7179,"-6.00000 -5.60000 0.90000, 5.75000 4.45000 0.10000"
2514,0.0000,Tx-Rx,0,-89.7588,"-6.00000 -5.60000 0.90000, 6.05000 4.45000 0.10000"
2515,0.0000,Tx-Rx,0,-79.1076,"-6.00000 -5.60000 0.90000, 6.35000 4.45000 0.10000"
2516,0.0000,Tx-Rx,0,-82.1250,"-6.00000 -5.60000 0.90000, 6.65000 4.45000 0.10000"
2517,0.0000,Tx-Rx,0,-86.6159,"-6.00000 -5.60000 0.90000, 6.95000 4.45000 0.10000"
2518,0.0000,Tx-Rx,0,-84.5248,"-6.00000 -5.60000 0.90000, 7.25000 4.45000 0.10000"
2519,0.0000,Tx-Rx,0,-85.1878,"-6.00000 -5.60000 0.90000, 7.55000 4.45000 0.10000"
2520,0.0000,Tx-Rx,0,-88.9101,"-6.00000 -5.60000 0.90000, 7.85000 4.45000 0.10000"
2521,0.0000,Tx-Rx,0,-89.3142,"-6.00000 -5.60000 0.90000, -9.85000 4.75000 0.10000"
2522,0.0000,Tx-Rx,0,-82.3201,"-6.00000 -5.60000 0.90000, -9.55000 4.75000 0.10000"
2523,0.0000,Tx-Rx,0,-81.6527,"-6.00000 -5.60000 0.90000, -9.25000 4.75000 0.10000"
2524,0.0000,Tx-Rx,0,-83.2903,"-6.00000 -5.60000 0.90000, -8.95000 4.75000 0.10000"
2525,0.0000,Tx-Rx,0,-90.5345,"-6.00000 -5.60000 0.90000, -8.65000 4.75000 0.10000"
2526,0.0000,Tx-Rx,0,-87.6564,"-6.00000 -5.60000 0.90000, -8.35000 4.75000 0.10000"
2527,0.0000,Tx-Rx,0,-65.0239,"-6.00000 -5.60000 0.90000, -8.05000 4.75000 0.10000"
2528,0.0000,Tx-Rx,0,-59.9046,"-6.00000 -5.60000 0.90000, -7.75000 4.75000 0.10000"
2529,0.0000,Tx-Rx,0,-55.6916,"-6.00000 -5.60000 0.90000, -7.45000 4.75000 0.10000"
2530,0.0000,Tx-Rx,0,-53.9557,"-6.00000 -5.60000 0.90000, -7.15000 4.75000 0.10000"
2531,0.0000,Tx-Rx,0,-53.5470,"-6.00000 -5.60000 0.90000, -6.85000 4.75000 0.10000"
2532,0.0000,Tx-Rx,0,-52.4579,"-6.00000 -5.60000 0.90000, -6.55000 4.75000 0.10000"
2533,0.0000,Tx-Rx,0,-51.1508,"-6.00000 -5.60000 0.90000, -6.25000 4.75000 0.10000"
2534,0.0000,Tx-Rx,0,-50.9077,"-6.00000 -5.60000 0.90000, -5.95000 4.75000 0.10000"
2535,0.0000,Tx-Rx,0,-53.3335,"-6.00000 -5.60000 0.90000, -5.65000 4.75000 0.10000"
2536,0.0000,Tx-Rx,0,-53.5323,"-6.00000 -5.60000 0.90000, -5.35000 4.75000 0.10000"
2537,0.0000,Tx-Rx,0,-53.6148,"-6.00000 -5.60000 0.90000, -5.05000 4.75000 0.10000"
2538,0.0000,Tx-Rx,0,-53.7698,"-6.00000 -5.60000 0.90000, -4.75000 4.75000 0.10000"
2539,0.0000,Tx-Rx,0,-53.6343,"-6.00000 -5.60000 0.90000, -4.45000 4.75000 0.10000"
2540,0.0000,Tx-Rx,0,-54.3276,"-6.00000 -5.60000 0.90000, -4.15000 4.75000 0.10000"
2541,0.0000,Tx-Rx,0,-57.1698,"-6.00000 -5.60000 0.90000, -3.85000 4.75000 0.10000"
2542,0.0000,Tx-Rx,0,-62.1450,"-6.00000 -5.60000 0.90000, -3.55000 4.75000 0.10000"
2543,0.0000,Tx-Rx,0,-61.5839,"-6.00000 -5.60000 0.90000, -3.25000 4.75000 0.10000"
2544,0.0000,Tx-Rx,0,-64.4974,"-6.00000 -5.60000 0.90000, -2.95000 4.75000 0.10000"
2545,0.0000,Tx-Rx,0,-64.8197,"-6.00000 -5.60000 0.90000, -2.65000 4.75000 0.10000"
2546,0.0000,Tx-Rx,0,-61.1630,"-6.00000 -5.60000 0.90000, -2.35000 4.75000 0.10000"
2547,0.0000,Tx-Rx,0,-60.3828,"-6.00000 -5.60000 0.90000, -2.05000 4.75000 0.10000"
2548,0.0000,Tx-Rx,0,-58.7752,"-6.00000 -5.60000 0.90000, -1.75000 4.75000 0.10000"
2549,0.0000,Tx-Rx,0,-58.7022,"-6.00000 -5.60000 0.90000, -1.45000 4.75000 0.10000"
2550,0.0000,Tx-Rx,0,-58.8973,"-6.00000 -5.60000 0.90000, -1.15000 4.75000 0.10000"
2551,0.0000,Tx-Rx,0,-60.3596,"-6.00000 -5.60000 0.90000, -0.85000 4.75000 0.10000"
2552,0.0000,Tx-Rx,0,-62.3546,"-6.00000 -5.60000 0.90000, -0.55000 4.75000 0.10000"
2553,0.0000,Tx-Rx,0,-62.6346,"-6.00000 -5.60000 0.90000, -0.25000 4.75000 0.10000"
2554,0.0000,Tx-Rx,0,-63.2535,"-6.00000 -5.60000 0.90000, 0.05000 4.75000 0.10000"
2555,0.0000,Tx-Rx,0,-67.5298,"-6.00000 -5.60000 0.90000, 0.35000 4.75000 0.10000"
2556,0.0000,Tx-Rx,0,-75.5513,"-6.00000 -5.60000 0.90000, 0.65000 4.75000 0.10000"
2557,0.0000,Tx-Rx,0,-76.6923,"-6.00000 -5.60000 0.90000, 0.95000 4.75000 0.10000"
2558,0.0000,Tx-Rx,0,-74.1595,"-6.00000 -5.60000 0.90000, 1.25000 4.75000 0.10000"
2559,0.0000,Tx-Rx,0,-76.4686,"-6.00000 -5.60000 0.90000, 1.55000 4.75000 0.10000"
2560,0.0000,Tx-Rx,0,-74.8389,"-6.00000 -5.60000 0.90000, 1.85000 4.75000 0.10000"
2561,0.0000,Tx-Rx,0,-78.0522,"-6.00000 -5.60000 0.90000, 2.15000 4.75000 0.10000"
2562,0.0000,Tx-Rx,0,-67.2831,"-6.00000 -5.60000 0.90000, 2.45000 4.75000 0.10000"
2563,0.0000,Tx-Rx,0,-57.4202,"-6.00000 -5.60000 0.90000, 2.75000 4.75000 0.10000"
2564,0.0000,Tx-Rx,0,-56.4127,"-6.00000 -5.60000 0.90000, 3.05000 4.75000 0.10000"
2565,0.0000,Tx-Rx,0,-55.8291,"-6.00000 -5.60000 0.90000, 3.35000 4.75000 0.10000"
2566,0.0000,Tx-Rx,0,-69.7961,"-6.00000 -5.60000 0.90000, 3.65000 4.75000 0.10000"
2567,0.0000,Tx-Rx,0,-77.8206,"-6.00000 -5.60000 0.90000, 3.95000 4.75000 0.10000"
2568,0.0000,Tx-Rx,0,-79.9001,"-6.00000 -5.60000 0.90000, 4.25000 4.75000 0.10000"
2569,0.0000,Tx-Rx,0,-85.4347,"-6.00000 -5.60000 0.90000, 4.55000 4.75000 0.10000"
2570,0.0000,Tx-Rx,0,-90.6050,"-6.00000 -5.60000 0.90000, 4.85000 4.75000 0.10000"
2571,0.0000,Tx-Rx,0,-93.4214,"-6.00000 -5.60000 0.90000, 5.15000 4.75000 0.10000"
2572,0.0000,Tx-Rx,0,-85.7030,"-6.00000 -5.60000 0.90000, 5.45000 4.75000 0.10000"
2573,0.0000,Tx-Rx,0,-84.8382,"-6.00000 -5.60000 0.90000, 5.75000 4.75000 0.10000"
2574,0.0000,Tx-Rx,0,-78.0852,"-6.00000 -5.60000 0.90000, 6.05000 4.75000 0.10000"
2575,0.0000,Tx-Rx,0,-78.9894,"-6.00000 -5.60000 0.90000, 6.35000 4.75000 0.10000"
2576,0.0000,Tx-Rx,0,-85.8218,"-6.00000 -5.60000 0.90000, 6.65000 4.75000 0.10000"
2577,0.0000,Tx-Rx,0,-86.0384,"-6.00000 -5.60000 0.90000, 6.95000 4.75000 0.10000"
2578,0.0000,Tx-Rx,0,-86.0246,"-6.00000 -5.60000 0.90000, 7.25000 4.75000 0.10000"
2579,0.0000,Tx-Rx,0,-89.1997,"-6.00000 -5.60000 0.90000, 7.55000 4.75000 0.10000"
2580,0.0000,Tx-Rx,0,-101.1995,"-6.00000 -5.60000 0.90000, 7.85000 4.75000 0.10000"
2581,0.0000,Tx-Rx,0,-87.9424,"-6.00000 -5.60000 0.90000, -9.85000 5.05000 0.10000"
2582,0.0000,Tx-Rx,0,-80.9867,"-6.00000 -5.60000 0.90000, -9.55000 5.05000 0.10000"
2583,0.0000,Tx-Rx,0,-84.2998,"-6.00000 -5.60000 0.90000, -9.25000 5.05000 0.10000"
2584,0.0000,Tx-Rx,0,-80.8296,"-6.00000 -5.60000 0.90000, -8.95000 5.05000 0.10000"
2585,0.0000,Tx-Rx,0,-89.7877,"-6.00000 -5.60000 0.90000, -8.65000 5.05000 0.10000"
2586,0.0000,Tx-Rx,0,-89.0730,"-6.00000 -5.60000 0.90000, -8.35000 5.05000 0.10000"
2587,0.0000,Tx-Rx,0,-64.9551,"-6.00000 -5.60000 0.90000, -8.05000 5.05000 0.10000"
2588,0.0000,Tx-Rx,0,-60.1222,"-6.00000 -5.60000 0.90000, -7.75000 5.05000 0.10000"
2589,0.0000,Tx-Rx,0,-54.9789,"-6.00000 -5.60000 0.90000, -7.45000 5.05000 0.10000"
2590,0.0000,Tx-Rx,0,-54.0125,"-6.00000 -5.60000 0.90000, -7.15000 5.05000 0.10000"
2591,0.0000,Tx-Rx,0,-53.7912,"-6.00000 -5.60000 0.90000, -6.85000 5.05000 0.10000"
2592,0.0000,Tx-Rx,0,-53.4851,"-6.00000 -5.60000 0.90000, -6.55000 5.05000 0.10000"
2593,0.0000,Tx-Rx,0,-51.7153,"-6.00000 -5.60000 0.90000, -6.25000 5.05000 0.10000"
2594,0.0000,Tx-Rx,0,-50.5237,"-6.00000 -5.60000 0.90000, -5.95000 5.05000 0.10000"
2595,0.0000,Tx-Rx,0,-53.0674,"-6.00000 -5.60000 0.90000, -5.65000 5.05000 0.10000"
2596,0.0000,Tx-Rx,0,-53.5748,"-6.00000 -5.60000 0.90000, -5.35000 5.05000 0.10000"
2597,0.0000,Tx-Rx,0,-53.9026,"-6.00000 -5.60000 0.90000, -5.05000 5.05000 0.10000"
2598,0.0000,Tx-Rx,0,-53.9053,"-6.00000 -5.60000 0.90000, -4.75000 5.05000 0.10000"
2599,0.0000,Tx-Rx,0,-54.0309,"-6.00000 -5.60000 0.90000, -4.45000 5.05000 0.10000"
2600,0.0000,Tx-Rx,0,-55.3783,"-6.00000 -5.60000 0.90000, -4.15000 5.05000 0.10000"
2601,0.0000,Tx-Rx,0,-57.8797,"-6.00000 -5.60000 0.90000, -3.85000 5.05000 0.10000"
2602,0.0000,Tx-Rx,0,-63.0893,"-6.00000 -5.60000 0.90000, -3.55000 5.05000 0.10000"
2603,0.0000,Tx-Rx,0,-62.0810,"-6.00000 -5.60000 0.90000, -3.25000 5.05000 0.10000"
2604,0.0000,Tx-Rx,0,-65.0700,"-6.00000 -5.60000 0.90000, -2.95000 5.05000 0.10000"
2605,0.0000,Tx-Rx,0,-65.3692,"-6.00000 -5.60000 0.90000, -2.65000 5.05000 0.10000"
2606,0.0000,Tx-Rx,0,-62.9077,"-6.00000 -5.60000 0.90000, -2.35000 5.05000 0.10000"
2607,0.0000,Tx-Rx,0,-62.2349,"-6.00000 -5.60000 0.90000, -2.05000 5.05000 0.10000"
2608,0.0000,Tx-Rx,0,-60.3732,"-6.00000 -5.60000 0.90000, -1.75000 5.05000 0.10000"
2609,0.0000,Tx-Rx,0,-59.3710,"-6.00000 -5.60000 0.90000, -1.45000 5.05000 0.10000"
2610,0.0000,Tx-Rx,0,-58.6462,"-6.00000 -5.60000 0.90000, -1.15000 5.05000 0.10000"
2611,0.0000,Tx-Rx,0,-59.5534,"-6.00000 -5.60000 0.90000, -0.85000 5.05000 0.10000"
2612,0.0000,Tx-Rx,0,-62.0922,"-6.00000 -5.60000 0.90000, -0.55000 5.05000 0.10000"
2613,0.0000,Tx-Rx,0,-64.2247,"-6.00000 -5.60000 0.90000, -0.25000 5.05000 0.10000"
2614,0.0000,Tx-Rx,0,-64.2437,"-6.00000 -5.60000 0.90000, 0.05000 5.05000 0.10000"
2615,0.0000,Tx-Rx,0,-65.5948,"-6.00000 -5.60000 0.90000, 0.35000 5.05000 0.10000"
2616,0.0000,Tx-Rx,0,-68.1454,"-6.00000 -5.60000 0.90000, 0.65000 5.05000 0.10000"
2617,0.0000,Tx-Rx,0,-74.9620,"-6.00000 -5.60000 0.90000, 0.95000 5.05000 0.10000"
2618,0.0000,Tx-Rx,0,-75.6301,"-6.00000 -5.60000 0.90000, 1.25000 5.05000 0.10000"
2619,0.0000,Tx-Rx,0,-71.9714,"-6.00000 -5.60000 0.90000, 1.55000 5.05000 0.10000"
2620,0.0000,Tx-Rx,0,-75.6533,"-6.00000 -5.60000 0.90000, 1.85000 5.05000 0.10000"
2621,0.0000,Tx-Rx,0,-74.8168,"-6.00000 -5.60000 0.90000, 2.15000 5.05000 0.10000"
2622,0.0000,Tx-Rx,0,-74.9983,"-6.00000 -5.60000 0.90000, 2.45000 5.05000 0.10000"
2623,0.0000,Tx-Rx,0,-65.0680,"-6.00000 -5.60000 0.90000, 2.75000 5.05000 0.10000"
2624,0.0000,Tx-Rx,0,-57.0004,"-6.00000 -5.60000 0.90000, 3.05000 5.05000 0.10000"
2625,0.0000,Tx-Rx,0,-56.0308,"-6.00000 -5.60000 0.90000, 3.35000 5.05000 0.10000"
2626,0.0000,Tx-Rx,0,-66.4034,"-6.00000 -5.60000 0.90000, 3.65000 5.05000 0.10000"
2627,0.0000,Tx-Rx,0,-73.3607,"-6.00000 -5.60000 0.90000, 3.95000 5.05000 0.10000"
2628,0.0000,Tx-Rx,0,-81.3472,"-6.00000 -5.60000 0.90000, 4.25000 5.05000 0.10000"
2629,0.0000,Tx-Rx,0,-86.7277,"-6.00000 -5.60000 0.90000, 4.55000 5.05000 0.10000"
2630,0.0000,Tx-Rx,0,-84.3947,"-6.00000 -5.60000 0.90000, 4.85000 5.05000 0.10000"
2631,0.0000,Tx-Rx,0,-77.8644,"-6.00000 -5.60000 0.90000, 5.15000 5.05000 0.10000"
2632,0.0000,Tx-Rx,0,-74.6343,"-6.00000 -5.60000 0.90000, 5.45000 5.05000 0.10000"
2633,0.0000,Tx-Rx,0,-75.3272,"-6.00000 -5.60000 0.90000, 5.75000 5.05000 0.10000"
2634,0.0000,Tx-Rx,0,-77.7042,"-6.00000 -5.60000 0.90000, 6.05000 5.05000 0.10000"
2635,0.0000,Tx-Rx,0,-83.0662,"-6.00000 -5.60000 0.90000, 6.35000 5.05000 0.10000"
2636,0.0000,Tx-Rx,0,-85.7233,"-6.00000 -5.60000 0.90000, 6.65000 5.05000 0.10000"
2637,0.0000,Tx-Rx,0,-86.2815,"-6.00000 -5.60000 0.90000, 6.95000 5.05000 0.10000"
2638,0.0000,Tx-Rx,0,-87.7405,"-6.00000 -5.60000 0.90000, 7.25000 5.05000 0.10000"
2639,0.0000,Tx-Rx,0,-89.7941,"-6.00000 -5.60000 0.90000, 7.55000 5.05000 0.10000"
2640,0.0000,Tx-Rx,0,-96.1015,"-6.00000 -5.60000 0.90000, 7.85000 5.05000 0.10000"
2641,0.0000,Tx-Rx,0,-83.8535,"-6.00000 -5.60000 0.90000, -9.85000 5.35000 0.10000"
2642,0.0000,Tx-Rx,0,-85.7633,"-6.00000 -5.60000 0.90000, -9.55000 5.35000 0.10000"
2643,0.0000,Tx-Rx,0,-83.5038,"-6.00000 -5.60000 0.90000, -9.25000 5.35000 0.10000"
2644,0.0000,Tx-Rx,0,-85.2204,"-6.00000 -5.60000 0.90000, -8.95000 5.35000 0.10000"
2645,0.0000,Tx-Rx,0,-89.0687,"-6.00000 -5.60000 0.90000, -8.65000 5.35000 0.10000"
2646,0.0000,Tx-Rx,0,-90.2692,"-6.00000 -5.60000 0.90000, -8.35000 5.35000 0.10000"
2647,0.0000,Tx-Rx,0,-64.7731,"-6.00000 -5.60000 0.90000, -8.05000 5.35000 0.10000"
2648,0.0000,Tx-Rx,0,-60.2156,"-6.00000 -5.60000 0.90000, -7.75000 5.35000 0.10000"
2649,0.0000,Tx-Rx,0,-54.5653,"-6.00000 -5.60000 0.90000, -7.45000 5.35000 0.10000"
2650,0.0000,Tx-Rx,0,-53.9739,"-6.00000 -5.60000 0.90000, -7.15000 5.35000 0.10000"
2651,0.0000,Tx-Rx,0,-53.9777,"-6.00000 -5.60000 0.90000, -6.85000 5.35000 0.10000"
2652,0.0000,Tx-Rx,0,-53.9015,"-6.00000 -5.60000 0.90000, -6.55000 5.35000 0.10000"
2653,0.0000,Tx-Rx,0,-52.7026,"-6.00000 -5.60000 0.90000, -6.25000 5.35000 0.10000"
2654,0.0000,Tx-Rx,0,-50.6951,"-6.00000 -5.60000 0.90000, -5.95000 5.35000 0.10000"
2655,0.0000,Tx-Rx,0,-52.2678,"-6.00000 -5.60000 0.90000, -5.65000 5.35000 0.10000"
2656,0.0000,Tx-Rx,0,-53.6312,"-6.00000 -5.60000 0.90000, -5.35000 5.35000 0.10000"
2657,0.0000,Tx-Rx,0,-53.9503,"-6.00000 -5.60000 0.90000, -5.05000 5.35000 0.10000"
2658,0.0000,Tx-Rx,0,-53.9925,"-6.00000 -5.60000 0.90000, -4.75000 5.35000 0.10000"
2659,0.0000,Tx-Rx,0,-54.5011,"-6.00000 -5.60000 0.90000, -4.45000 5.35000 0.10000"
2660,0.0000,Tx-Rx,0,-55.4524,"-6.00000 -5.60000 0.90000, -4.15000 5.35000 0.10000"
2661,0.0000,Tx-Rx,0,-58.4194,"-6.00000 -5.60000 0.90000, -3.85000 5.35000 0.10000"
2662,0.0000,Tx-Rx,0,-62.1007,"-6.00000 -5.60000 0.90000, -3.55000 5.35000 0.10000"
2663,0.0000,Tx-Rx,0,-63.4358,"-6.00000 -5.60000 0.90000, -3.25000 5.35000 0.10000"
2664,0.0000,Tx-Rx,0,-64.1170,"-6.00000 -5.60000 0.90000, -2.95000 5.35000 0.10000"
2665,0.0000,Tx-Rx,0,-64.2609,"-6.00000 -5.60000 0.90000, -2.65000 5.35000 0.10000"
2666,0.0000,Tx-Rx,0,-64.5644,"-6.00000 -5.60000 0.90000, -2.35000 5.35000 0.10000"
2667,0.0000,Tx-Rx,0,-62.6613,"-6.00000 -5.60000 0.90000, -2.05000 5.35000 0.10000"
2668,0.0000,Tx-Rx,0,-64.5949,"-6.00000 -5.60000 0.90000, -1.75000 5.35000 0.10000"
2669,0.0000,Tx-Rx,0,-59.2299,"-6.00000 -5.60000 0.90000, -1.45000 5.35000 0.10000"
2670,0.0000,Tx-Rx,0,-58.6956,"-6.00000 -5.60000 0.90000, -1.15000 5.35000 0.10000"
2671,0.0000,Tx-Rx,0,-59.3941,"-6.00000 -5.60000 0.90000, -0.85000 5.35000 0.10000"
2672,0.0000,Tx-Rx,0,-61.1933,"-6.00000 -5.60000 0.90000, -0.55000 5.35000 0.10000"
2673,0.0000,Tx-Rx,0,-63.6937,"-6.00000 -5.60000 0.90000, -0.25000 5.35000 0.10000"
2674,0.0000,Tx-Rx,0,-65.1832,"-6.00000 -5.60000 0.90000, 0.05000 5.35000 0.10000"
2675,0.0000,Tx-Rx,0,-65.3182,"-6.00000 -5.60000 0.90000, 0.35000 5.35000 0.10000"
2676,0.0000,Tx-Rx,0,-66.4236,"-6.00000 -5.60000 0.90000, 0.65000 5.35000 0.10000"
2677,0.0000,Tx-Rx,0,-68.8222,"-6.00000 -5.60000 0.90000, 0.95000 5.35000 0.10000"
2678,0.0000,Tx-Rx,0,-73.5148,"-6.00000 -5.60000 0.90000, 1.25000 5.35000 0.10000"
2679,0.0000,Tx-Rx,0,-72.2932,"-6.00000 -5.60000 0.90000, 1.55000 5.35000 0.10000"
2680,0.0000,Tx-Rx,0,-73.2396,"-6.00000 -5.60000 0.90000, 1.85000 5.35000 0.10000"
2681,0.0000,Tx-Rx,0,-73.1807,"-6.00000 -5.60000 0.90000, 2.15000 5.35000 0.10000"
2682,0.0000,Tx-Rx,0,-77.5789,"-6.00000 -5.60000 0.90000, 2.45000 5.35000 0.10000"
2683,0.0000,Tx-Rx,0,-73.0461,"-6.00000 -5.60000 0.90000, 2.75000 5.35000 0.10000"
2684,0.0000,Tx-Rx,0,-61.1768,"-6.00000 -5.60000 0.90000, 3.05000 5.35000 0.10000"
2685,0.0000,Tx-Rx,0,-57.5896,"-6.00000 -5.60000 0.90000, 3.35000 5.35000 0.10000"
2686,0.0000,Tx-Rx,0,-58.0812,"-6.00000 -5.60000 0.90000, 3.65000 5.35000 0.10000"
2687,0.0000,Tx-Rx,0,-73.8762,"-6.00000 -5.60000 0.90000, 3.95000 5.35000 0.10000"
2688,0.0000,Tx-Rx,0,-81.3481,"-6.00000 -5.60000 0.90000, 4.25000 5.35000 0.10000"
2689,0.0000,Tx-Rx,0,-84.1912,"-6.00000 -5.60000 0.90000, 4.55000 5.35000 0.10000"
2690,0.0000,Tx-Rx,0,-73.1859,"-6.00000 -5.60000 0.90000, 4.85000 5.35000 0.10000"
2691,0.0000,Tx-Rx,0,-70.0277,"-6.00000 -5.60000 0.90000, 5.15000 5.35000 0.10000"
2692,0.0000,Tx-Rx,0,-70.0855,"-6.00000 -5.60000 0.90000, 5.45000 5.35000 0.10000"
2693,0.0000,Tx-Rx,0,-75.0838,"-6.00000 -5.60000 0.90000, 5.75000 5.35000 0.10000"
2694,0.0000,Tx-Rx,0,-80.0636,"-6.00000 -5.60000 0.90000, 6.05000 5.35000 0.10000"
2695,0.0000,Tx-Rx,0,-84.2626,"-6.00000 -5.60000 0.90000, 6.35000 5.35000 0.10000"
2696,0.0000,Tx-Rx,0,-86.0804,"-6.00000 -5.60000 0.90000, 6.65000 5.35000 0.10000"
2697,0.0000,Tx-Rx,0,-87.6039,"-6.00000 -5.60000 0.90000, 6.95000 5.35000 0.10000"
2698,0.0000,Tx-Rx,0,-87.1968,"-6.00000 -5.60000 0.90000, 7.25000 5.35000 0.10000"
2699,0.0000,Tx-Rx,0,-88.0940,"-6.00000 -5.60000 0.90000, 7.55000 5.35000 0.10000"
2700,0.0000,Tx-Rx,0,-103.4104,"-6.00000 -5.60000 0.90000, 7.85000 5.35000 0.10000"
2701,0.0000,Tx-Rx,0,-85.1762,"-6.00000 -5.60000 0.90000, -9.85000 5.65000 0.10000"
2702,0.0000,Tx-Rx,0,-84.3106,"-6.00000 -5.60000 0.90000, -9.55000 5.65000 0.10000"
2703,0.0000,Tx-Rx,0,-81.3452,"-6.00000 -5.60000 0.90000, -9.25000 5.65000 0.10000"
2704,0.0000,Tx-Rx,0,-84.1632,"-6.00000 -5.60000 0.90000, -8.95000 5.65000 0.10000"
2705,0.0000,Tx-Rx,0,-86.6089,"-6.00000 -5.60000 0.90000, -8.65000 5.65000 0.10000"
2706,0.0000,Tx-Rx,0,-87.8457,"-6.00000 -5.60000 0.90000, -8.35000 5.65000 0.10000"
2707,0.0000,Tx-Rx,0,-65.8411,"-6.00000 -5.60000 0.90000, -8.05000 5.65000 0.10000"
2708,0.0000,Tx-Rx,0,-59.6314,"-6.00000 -5.60000 0.90000, -7.75000 5.65000 0.10000"
2709,0.0000,Tx-Rx,0,-54.3223,"-6.00000 -5.60000 0.90000, -7.45000 5.65000 0.10000"
2710,0.0000,Tx-Rx,0,-54.1703,"-6.00000 -5.60000 0.90000, -7.15000 5.65000 0.10000"
2711,0.0000,Tx-Rx,0,-54.1361,"-6.00000 -5.60000 0.90000, -6.85000 5.65000 0.10000"
2712,0.0000,Tx-Rx,0,-53.9329,"-6.00000 -5.60000 0.90000, -6.55000 5.65000 0.10000"
2713,0.0000,Tx-Rx,0,-53.4366,"-6.00000 -5.60000 0.90000, -6.25000 5.65000 0.10000"
2714,0.0000,Tx-Rx,0,-51.0694,"-6.00000 -5.60000 0.90000, -5.95000 5.65000 0.10000"
2715,0.0000,Tx-Rx,0,-51.4589,"-6.00000 -5.60000 0.90000, -5.65000 5.65000 0.10000"
2716,0.0000,Tx-Rx,0,-53.8061,"-6.00000 -5.60000 0.90000, -5.35000 5.65000 0.10000"
2717,0.0000,Tx-Rx,0,-54.2713,"-6.00000 -5.60000 0.90000, -5.05000 5.65000 0.10000"
2718,0.0000,Tx-Rx,0,-54.4416,"-6.00000 -5.60000 0.90000, -4.75000 5.65000 0.10000"
2719,0.0000,Tx-Rx,0,-54.8999,"-6.00000 -5.60000 0.90000, -4.45000 5.65000 0.10000"
2720,0.0000,Tx-Rx,0,-55.7469,"-6.00000 -5.60000 0.90000, -4.15000 5.65000 0.10000"
2721,0.0000,Tx-Rx,0,-58.3459,"-6.00000 -5.60000 0.90000, -3.85000 5.65000 0.10000"
2722,0.0000,Tx-Rx,0,-62.1700,"-6.00000 -5.60000 0.90000, -3.55000 5.65000 0.10000"
2723,0.0000,Tx-Rx,0,-64.9610,"-6.00000 -5.60000 0.90000, -3.25000 5.65000 0.10000"
2724,0.0000,Tx-Rx,0,-65.0505,"-6.00000 -5.60000 0.90000, -2.95000 5.65000 0.10000"
2725,0.0000,Tx-Rx,0,-64.5721,"-6.00000 -5.60000 0.90000, -2.65000 5.65000 0.10000"
2726,0.0000,Tx-Rx,0,-65.1310,"-6.00000 -5.60000 0.90000, -2.35000 5.65000 0.10000"
2727,0.0000,Tx-Rx,0,-63.7647,"-6.00000 -5.60000 0.90000, -2.05000 5.65000 0.10000"
2728,0.0000,Tx-Rx,0,-66.3348,"-6.00000 -5.60000 0.90000, -1.75000 5.65000 0.10000"
2729,0.0000,Tx-Rx,0,-61.5281,"-6.00000 -5.60000 0.90000, -1.45000 5.65000 0.10000"
2730,0.0000,Tx-Rx,0,-58.6482,"-6.00000 -5.60000 0.90000, -1.15000 5.65000 0.10000"
2731,0.0000,Tx-Rx,0,-59.3337,"-6.00000 -5.60000 0.90000, -0.85000 5.65000 0.10000"
2732,0.0000,Tx-Rx,0,-60.9516,"-6.00000 -5.60000 0.90000, -0.55000 5.65000 0.10000"
2733,0.0000,Tx-Rx,0,-61.7677,"-6.00000 -5.60000 0.90000, -0.25000 5.65000 0.10000"
2734,0.0000,Tx-Rx,0,-66.5603,"-6.00000 -5.60000 0.90000, 0.05000 5.65000 0.10000"
2735,0.0000,Tx-Rx,0,-64.5550,"-6.00000 -5.60000 0.90000, 0.35000 5.65000 0.10000"
2736,0.0000,Tx-Rx,0,-66.3967,"-6.00000 -5.60000 0.90000, 0.65000 5.65000 0.10000"
2737,0.0000,Tx-Rx,0,-66.3966,"-6.00000 -5.60000 0.90000, 0.95000 5.65000 0.10000"
2738,0.0000,Tx-Rx,0,-68.2665,"-6.00000 -5.60000 0.90000, 1.25000 5.65000 0.10000"
2739,0.0000,Tx-Rx,0,-71.6232,"-6.00000 -5.60000 0.90000, 1.55000 5.65000 0.10000"
2740,0.0000,Tx-Rx,0,-72.2491,"-6.00000 -5.60000 0.90000, 1.85000 5.65000 0.10000"
2741,0.0000,Tx-Rx,0,-72.4213,"-6.00000 -5.60000 0.90000, 2.15000 5.65000 0.10000"
2742,0.0000,Tx-Rx,0,-71.6597,"-6.00000 -5.60000 0.90000, 2.45000 5.65000 0.10000"
2743,0.0000,Tx-Rx,0,-66.6970,"-6.00000 -5.60000 0.90000, 2.75000 5.65000 0.10000"
2744,0.0000,Tx-Rx,0,-70.0136,"-6.00000 -5.60000 0.90000, 3.05000 5.65000 0.10000"
2745,0.0000,Tx-Rx,0,-61.5590,"-6.00000 -5.60000 0.90000, 3.35000 5.65000 0.10000"
2746,0.0000,Tx-Rx,0,-56.9057,"-6.00000 -5.60000 0.90000, 3.65000 5.65000 0.10000"
2747,0.0000,Tx-Rx,0,-58.6137,"-6.00000 -5.60000 0.90000, 3.95000 5.65000 0.10000"
2748,0.0000,Tx-Rx,0,-77.0223,"-6.00000 -5.60000 0.90000, 4.25000 5.65000 0.10000"
2749,0.0000,Tx-Rx,0,-72.8969,"-6.00000 -5.60000 0.90000, 4.55000 5.65000 0.10000"
2750,0.0000,Tx-Rx,0,-70.3530,"-6.00000 -5.60000 0.90000, 4.85000 5.65000 0.10000"
2751,0.0000,Tx-Rx,0,-69.8087,"-6.00000 -5.60000 0.90000, 5.15000 5.65000 0.10000"
2752,0.0000,Tx-Rx,0,-76.8802,"-6.00000 -5.60000 0.90000, 5.45000 5.65000 0.10000"
2753,0.0000,Tx-Rx,0,-79.8014,"-6.00000 -5.60000 0.90000, 5.75000 5.65000 0.10000"
2754,0.0000,Tx-Rx,0,-80.8426,"-6.00000 -5.60000 0.90000, 6.05000 5.65000 0.10000"
2755,0.0000,Tx-Rx,0,-83.7597,"-6.00000 -5.60000 0.90000, 6.35000 5.65000 0.10000"
2756,0.0000,Tx-Rx,0,-89.0502,"-6.00000 -5.60000 0.90000, 6.65000 5.65000 0.10000"
2757,0.0000,Tx-Rx,0,-91.7596,"-6.00000 -5.60000 0.90000, 6.95000 5.65000 0.10000"
2758,0.0000,Tx-Rx,0,-88.8262,"-6.00000 -5.60000 0.90000, 7.25000 5.65000 0.10000"
2759,0.0000,Tx-Rx,0,-91.1163,"-6.00000 -5.60000 0.90000, 7.55000 5.65000 0.10000"
2760,0.0000,Tx-Rx,0,-106.7455,"-6.00000 -5.60000 0.90000, 7.85000 5.65000 0.10000"
2761,0.0000,Tx-Rx,0,-84.7984,"-6.00000 -5.60000 0.90000, -9.85000 5.95000 0.10000"
2762,0.0000,Tx-Rx,0,-84.6365,"-6.00000 -5.60000 0.90000, -9.55000 5.95000 0.10000"
2763,0.0000,Tx-Rx,0,-81.6197,"-6.00000 -5.60000 0.90000, -9.25000 5.95000 0.10000"
2764,0.0000,Tx-Rx,0,-85.4244,"-6.00000 -5.60000 0.90000, -8.95000 5.95000 0.10000"
2765,0.0000,Tx-Rx,0,-93.1286,"-6.00000 -5.60000 0.90000, -8.65000 5.95000 0.10000"
2766,0.0000,Tx-Rx,0,-91.0673,"-6.00000 -5.60000 0.90000, -8.35000 5.95000 0.10000"
2767,0.0000,Tx-Rx,0,-66.8657,"-6.00000 -5.60000 0.90000, -8.05000 5.95000 0.10000"
2768,0.0000,Tx-Rx,0,-59.0266,"-6.00000 -5.60000 0.90000, -7.75000 5.95000 0.10000"
2769,0.0000,Tx-Rx,0,-54.3482,"-6.00000 -5.60000 0.90000, -7.45000 5.95000 0.10000"
2770,0.0000,Tx-Rx,0,-54.3423,"-6.00000 -5.60000 0.90000, -7.15000 5.95000 0.10000"
2771,0.0000,Tx-Rx,0,-54.0892,"-6.00000 -5.60000 0.90000, -6.85000 5.95000 0.10000"
2772,0.0000,Tx-Rx,0,-54.2310,"-6.00000 -5.60000 0.90000, -6.55000 5.95000 0.10000"
2773,0.0000,Tx-Rx,0,-53.9032,"-6.00000 -5.60000 0.90000, -6.25000 5.95000 0.10000"
2774,0.0000,Tx-Rx,0,-51.6233,"-6.00000 -5.60000 0.90000, -5.95000 5.95000 0.10000"
2775,0.0000,Tx-Rx,0,-50.9745,"-6.00000 -5.60000 0.90000, -5.65000 5.95000 0.10000"
2776,0.0000,Tx-Rx,0,-53.6077,"-6.00000 -5.60000 0.90000, -5.35000 5.95000 0.10000"
2777,0.0000,Tx-Rx,0,-54.2943,"-6.00000 -5.60000 0.90000, -5.05000 5.95000 0.10000"
2778,0.0000,Tx-Rx,0,-54.7519,"-6.00000 -5.60000 0.90000, -4.75000 5.95000 0.10000"
2779,0.0000,Tx-Rx,0,-55.0021,"-6.00000 -5.60000 0.90000, -4.45000 5.95000 0.10000"
2780,0.0000,Tx-Rx,0,-55.6742,"-6.00000 -5.60000 0.90000, -4.15000 5.95000 0.10000"
2781,0.0000,Tx-Rx,0,-57.8634,"-6.00000 -5.60000 0.90000, -3.85000 5.95000 0.10000"
2782,0.0000,Tx-Rx,0,-61.1315,"-6.00000 -5.60000 0.90000, -3.55000 5.95000 0.10000"
2783,0.0000,Tx-Rx,0,-66.5526,"-6.00000 -5.60000 0.90000, -3.25000 5.95000 0.10000"
2784,0.0000,Tx-Rx,0,-64.3552,"-6.00000 -5.60000 0.90000, -2.95000 5.95000 0.10000"
2785,0.0000,Tx-Rx,0,-64.3170,"-6.00000 -5.60000 0.90000, -2.65000 5.95000 0.10000"
2786,0.0000,Tx-Rx,0,-64.5310,"-6.00000 -5.60000 0.90000, -2.35000 5.95000 0.10000"
2787,0.0000,Tx-Rx,0,-66.2630,"-6.00000 -5.60000 0.90000, -2.05000 5.95000 0.10000"
2788,0.0000,Tx-Rx,0,-66.0699,"-6.00000 -5.60000 0.90000, -1.75000 5.95000 0.10000"
2789,0.0000,Tx-Rx,0,-62.7235,"-6.00000 -5.60000 0.90000, -1.45000 5.95000 0.10000"
2790,0.0000,Tx-Rx,0,-62.3978,"-6.00000 -5.60000 0.90000, -1.15000 5.95000 0.10000"
2791,0.0000,Tx-Rx,0,-60.9678,"-6.00000 -5.60000 0.90000, -0.85000 5.95000 0.10000"
2792,0.0000,Tx-Rx,0,-62.4156,"-6.00000 -5.60000 0.90000, -0.55000 5.95000 0.10000"
2793,0.0000,Tx-Rx,0,-61.7966,"-6.00000 -5.60000 0.90000, -0.25000 5.95000 0.10000"
2794,0.0000,Tx-Rx,0,-67.8399,"-6.00000 -5.60000 0.90000, 0.05000 5.95000 0.10000"
2795,0.0000,Tx-Rx,0,-67.2108,"-6.00000 -5.60000 0.90000, 0.35000 5.95000 0.10000"
2796,0.0000,Tx-Rx,0,-65.0717,"-6.00000 -5.60000 0.90000, 0.65000 5.95000 0.10000"
2797,0.0000,Tx-Rx,0,-68.3274,"-6.00000 -5.60000 0.90000, 0.95000 5.95000 0.10000"
2798,0.0000,Tx-Rx,0,-65.9812,"-6.00000 -5.60000 0.90000, 1.25000 5.95000 0.10000"
2799,0.0000,Tx-Rx,0,-68.8033,"-6.00000 -5.60000 0.90000, 1.55000 5.95000 0.10000"
2800,0.0000,Tx-Rx,0,-71.0960,"-6.00000 -5.60000 0.90000, 1.85000 5.95000 0.10000"
2801,0.0000,Tx-Rx,0,-71.1338,"-6.00000 -5.60000 0.90000, 2.15000 5.95000 0.10000"
2802,0.0000,Tx-Rx,0,-67.3628,"-6.00000 -5.60000 0.90000, 2.45000 5.95000 0.10000"
2803,0.0000,Tx-Rx,0,-69.5394,"-6.00000 -5.60000 0.90000, 2.75000 5.95000 0.10000"
2804,0.0000,Tx-Rx,0,-77.3051,"-6.00000 -5.60000 0.90000, 3.05000 5.95000 0.10000"
2805,0.0000,Tx-Rx,0,-76.3674,"-6.00000 -5.60000 0.90000, 3.35000 5.95000 0.10000"
2806,0.0000,Tx-Rx,0,-60.3063,"-6.00000 -5.60000 0.90000, 3.65000 5.95000 0.10000"
2807,0.0000,Tx-Rx,0,-58.0453,"-6.00000 -5.60000 0.90000, 3.95000 5.95000 0.10000"
2808,0.0000,Tx-Rx,0,-60.1077,"-6.00000 -5.60000 0.90000, 4.25000 5.95000 0.10000"
2809,0.0000,Tx-Rx,0,-70.0686,"-6.00000 -5.60000 0.90000, 4.55000 5.95000 0.10000"
2810,0.0000,Tx-Rx,0,-69.1321,"-6.00000 -5.60000 0.90000, 4.85000 5.95000 0.10000"
2811,0.0000,Tx-Rx,0,-74.4852,"-6.00000 -5.60000 0.90000, 5.15000 5.95000 0.10000"
2812,0.0000,Tx-Rx,0,-84.6018,"-6.00000 -5.60000 0.90000, 5.45000 5.95000 0.10000"
2813,0.0000,Tx-Rx,0,-81.4647,"-6.00000 -5.60000 0.90000, 5.75000 5.95000 0.10000"
2814,0.0000,Tx-Rx,0,-82.5406,"-6.00000 -5.60000 0.90000, 6.05000 5.95000 0.10000"
2815,0.0000,Tx-Rx,0,-81.6933,"-6.00000 -5.60000 0.90000, 6.35000 5.95000 0.10000"
2816,0.0000,Tx-Rx,0,-86.6477,"-6.00000 -5.60000 0.90000, 6.65000 5.95000 0.10000"
2817,0.0000,Tx-Rx,0,-91.8957,"-6.00000 -5.60000 0.90000, 6.95000 5.95000 0.10000"
2818,0.0000,Tx-Rx,0,-90.2228,"-6.00000 -5.60000 0.90000, 7.25000 5.95000 0.10000"
2819,0.0000,Tx-Rx,0,-93.9827,"-6.00000 -5.60000 0.90000, 7.55000 5.95000 0.10000"
2820,0.0000,Tx-Rx,0,-123.7694,"-6.00000 -5.60000 0.90000, 7.85000 5.95000 0.10000"
2821,0.0000,Tx-Rx,0,-85.4181,"-6.00000 -5.60000 0.90000, -9.85000 6.25000 0.10000"
2822,0.0000,Tx-Rx,0,-81.1139,"-6.00000 -5.60000 0.90000, -9.55000 6.25000 0.10000"
2823,0.0000,Tx-Rx,0,-82.4369,"-6.00000 -5.60000 0.90000, -9.25000 6.25000 0.10000"
2824,0.0000,Tx-Rx,0,-88.9752,"-6.00000 -5.60000 0.90000, -8.95000 6.25000 0.10000"
2825,0.0000,Tx-Rx,0,-91.7964,"-6.00000 -5.60000 0.90000, -8.65000 6.25000 0.10000"
2826,0.0000,Tx-Rx,0,-92.7619,"-6.00000 -5.60000 0.90000, -8.35000 6.25000 0.10000"
2827,0.0000,Tx-Rx,0,-67.5624,"-6.00000 -5.60000 0.90000, -8.05000 6.25000 0.10000"
2828,0.0000,Tx-Rx,0,-58.4997,"-6.00000 -5.60000 0.90000, -7.75000 6.25000 0.10000"
2829,0.0000,Tx-Rx,0,-54.3803,"-6.00000 -5.60000 0.90000, -7.45000 6.25000 0.10000"
2830,0.0000,Tx-Rx,0,-54.6373,"-6.00000 -5.60000 0.90000, -7.15000 6.25000 0.10000"
2831,0.0000,Tx-Rx,0,-54.2580,"-6.00000 -5.60000 0.90000, -6.85000 6.25000 0.10000"
2832,0.0000,Tx-Rx,0,-54.3247,"-6.00000 -5.60000 0.90000, -6.55000 6.25000 0.10000"
2833,0.0000,Tx-Rx,0,-54.2541,"-6.00000 -5.60000 0.90000, -6.25000 6.25000 0.10000"
2834,0.0000,Tx-Rx,0,-52.5183,"-6.00000 -5.60000 0.90000, -5.95000 6.25000 0.10000"
2835,0.0000,Tx-Rx,0,-50.9007,"-6.00000 -5.60000 0.90000, -5.65000 6.25000 0.10000"
2836,0.0000,Tx-Rx,0,-52.9630,"-6.00000 -5.60000 0.90000, -5.35000 6.25000 0.10000"
2837,0.0000,Tx-Rx,0,-54.6751,"-6.00000 -5.60000 0.90000, -5.05000 6.25000 0.10000"
2838,0.0000,Tx-Rx,0,-54.7956,"-6.00000 -5.60000 0.90000, -4.75000 6.25000 0.10000"
2839,0.0000,Tx-Rx,0,-55.1760,"-6.00000 -5.60000 0.90000, -4.45000 6.25000 0.10000"
2840,0.0000,Tx-Rx,0,-55.5433,"-6.00000 -5.60000 0.90000, -4.15000 6.25000 0.10000"
2841,0.0000,Tx-Rx,0,-58.1192,"-6.00000 -5.60000 0.90000, -3.85000 6.25000 0.10000"
2842,0.0000,Tx-Rx,0,-62.5720,"-6.00000 -5.60000 0.90000, -3.55000 6.25000 0.10000"
2843,0.0000,Tx-Rx,0,-66.1615,"-6.00000 -5.60000 0.90000, -3.25000 6.25000 0.10000"
2844,0.0000,Tx-Rx,0,-64.1138,"-6.00000 -5.60000 0.90000, -2.95000 6.25000 0.10000"
2845,0.0000,Tx-Rx,0,-64.2634,"-6.00000 -5.60000 0.90000, -2.65000 6.25000 0.10000"
2846,0.0000,Tx-Rx,0,-64.4255,"-6.00000 -5.60000 0.90000, -2.35000 6.25000 0.10000"
2847,0.0000,Tx-Rx,0,-67.0699,"-6.00000 -5.60000 0.90000, -2.05000 6.25000 0.10000"
2848,0.0000,Tx-Rx,0,-64.2965,"-6.00000 -5.60000 0.90000, -1.75000 6.25000 0.10000"
2849,0.0000,Tx-Rx,0,-64.7915,"-6.00000 -5.60000 0.90000, -1.45000 6.25000 0.10000"
2850,0.0000,Tx-Rx,0,-65.1812,"-6.00000 -5.60000 0.90000, -1.15000 6.25000 0.10000"
2851,0.0000,Tx-Rx,0,-62.4873,"-6.00000 -5.60000 0.90000, -0.85000 6.25000 0.10000"
2852,0.0000,Tx-Rx,0,-62.3913,"-6.00000 -5.60000 0.90000, -0.55000 6.25000 0.10000"
2853,0.0000,Tx-Rx,0,-62.5418,"-6.00000 -5.60000 0.90000, -0.25000 6.25000 0.10000"
2854,0.0000,Tx-Rx,0,-66.8168,"-6.00000 -5.60000 0.90000, 0.05000 6.25000 0.10000"
2855,0.0000,Tx-Rx,0,-72.3768,"-6.00000 -5.60000 0.90000, 0.35000 6.25000 0.10000"
2856,0.0000,Tx-Rx,0,-65.0404,"-6.00000 -5.60000 0.90000, 0.65000 6.25000 0.10000"
2857,0.0000,Tx-Rx,0,-67.5612,"-6.00000 -5.60000 0.90000, 0.95000 6.25000 0.10000"
2858,0.0000,Tx-Rx,0,-68.1063,"-6.00000 -5.60000 0.90000, 1.25000 6.25000 0.10000"
2859,0.0000,Tx-Rx,0,-66.4028,"-6.00000 -5.60000 0.90000, 1.55000 6.25000 0.10000"
2860,0.0000,Tx-Rx,0,-68.8141,"-6.00000 -5.60000 0.90000, 1.85000 6.25000 0.10000"
2861,0.0000,Tx-Rx,0,-66.8306,"-6.00000 -5.60000 0.90000, 2.15000 6.25000 0.10000"
2862,0.0000,Tx-Rx,0,-69.3815,"-6.00000 -5.60000 0.90000, 2.45000 6.25000 0.10000"
2863,0.0000,Tx-Rx,0,-79.8104,"-6.00000 -5.60000 0.90000, 2.75000 6.25000 0.10000"
2864,0.0000,Tx-Rx,0,-80.0531,"-6.00000 -5.60000 0.90000, 3.05000 6.25000 0.10000"
2865,0.0000,Tx-Rx,0,-79.9477,"-6.00000 -5.60000 0.90000, 3.35000 6.25000 0.10000"
2866,0.0000,Tx-Rx,0,-73.0774,"-6.00000 -5.60000 0.90000, 3.65000 6.25000 0.10000"
2867,0.0000,Tx-Rx,0,-59.5740,"-6.00000 -5.60000 0.90000, 3.95000 6.25000 0.10000"
2868,0.0000,Tx-Rx,0,-56.5922,"-6.00000 -5.60000 0.90000, 4.25000 6.25000 0.10000"
2869,0.0000,Tx-Rx,0,-60.5223,"-6.00000 -5.60000 0.90000, 4.55000 6.25000 0.10000"
2870,0.0000,Tx-Rx,0,-71.7588,"-6.00000 -5.60000 0.90000, 4.85000 6.25000 0.10000"
2871,0.0000,Tx-Rx,0,-80.2446,"-6.00000 -5.60000 0.90000, 5.15000 6.25000 0.10000"
2872,0.0000,Tx-Rx,0,-84.0806,"-6.00000 -5.60000 0.90000, 5.45000 6.25000 0.10000"
2873,0.0000,Tx-Rx,0,-86.4690,"-6.00000 -5.60000 0.90000, 5.75000 6.25000 0.10000"
2874,0.0000,Tx-Rx,0,-85.4620,"-6.00000 -5.60000 0.90000, 6.05000 6.25000 0.10000"
2875,0.0000,Tx-Rx,0,-82.9262,"-6.00000 -5.60000 0.90000, 6.35000 6.25000 0.10000"
2876,0.0000,Tx-Rx,0,-82.2805,"-6.00000 -5.60000 0.90000, 6.65000 6.25000 0.10000"
2877,0.0000,Tx-Rx,0,-87.8281,"-6.00000 -5.60000 0.90000, 6.95000 6.25000 0.10000"
2878,0.0000,Tx-Rx,0,-92.6620,"-6.00000 -5.60000 0.90000, 7.25000 6.25000 0.10000"
2879,0.0000,Tx-Rx,0,-99.6299,"-6.00000 -5.60000 0.90000, 7.55000 6.25000 0.10000"
2880,0.0000,Tx-Rx,0,-97.3093,"-6.00000 -5.60000 0.90000, 7.85000 6.25000 0.10000"
2881,0.0000,Tx-Rx,0,-82.1652,"-6.00000 -5.60000 0.90000, -9.85000 6.55000 0.10000"
2882,0.0000,Tx-Rx,0,-83.3654,"-6.00000 -5.60000 0.90000, -9.55000 6.55000 0.10000"
2883,0.0000,Tx-Rx,0,-87.4543,"-6.00000 -5.60000 0.90000, -9.25000 6.55000 0.10000"
2884,0.0000,Tx-Rx,0,-90.0591,"-6.00000 -5.60000 0.90000, -8.95000 6.55000 0.10000"
2885,0.0000,Tx-Rx,0,-90.5658,"-6.00000 -5.60000 0.90000, -8.65000 6.55000 0.10000"
2886,0.0000,Tx-Rx,0,-93.3034,"-6.00000 -5.60000 0.90000, -8.35000 6.55000 0.10000"
2887,0.0000,Tx-Rx,0,-67.2292,"-6.00000 -5.60000 0.90000, -8.05000 6.55000 0.10000"
2888,0.0000,Tx-Rx,0,-57.3286,"-6.00000 -5.60000 0.90000, -7.75000 6.55000 0.10000"
2889,0.0000,Tx-Rx,0,-54.4806,"-6.00000 -5.60000 0.90000, -7.45000 6.55000 0.10000"
2890,0.0000,Tx-Rx,0,-54.4798,"-6.00000 -5.60000 0.90000, -7.15000 6.55000 0.10000"
2891,0.0000,Tx-Rx,0,-54.4567,"-6.00000 -5.60000 0.90000, -6.85000 6.55000 0.10000"
2892,0.0000,Tx-Rx,0,-54.3708,"-6.00000 -5.60000 0.90000, -6.55000 6.55000 0.10000"
2893,0.0000,Tx-Rx,0,-54.4068,"-6.00000 -5.60000 0.90000, -6.25000 6.55000 0.10000"
2894,0.0000,Tx-Rx,0,-53.4671,"-6.00000 -5.60000 0.90000, -5.95000 6.55000 0.10000"
2895,0.0000,Tx-Rx,0,-51.2499,"-6.00000 -5.60000 0.90000, -5.65000 6.55000 0.10000"
2896,0.0000,Tx-Rx,0,-52.3096,"-6.00000 -5.60000 0.90000, -5.35000 6.55000 0.10000"
2897,0.0000,Tx-Rx,0,-54.2625,"-6.00000 -5.60000 0.90000, -5.05000 6.55000 0.10000"
2898,0.0000,Tx-Rx,0,-55.0706,"-6.00000 -5.60000 0.90000, -4.75000 6.55000 0.10000"
2899,0.0000,Tx-Rx,0,-55.2909,"-6.00000 -5.60000 0.90000, -4.45000 6.55000 0.10000"
2900,0.0000,Tx-Rx,0,-55.8738,"-6.00000 -5.60000 0.90000, -4.15000 6.55000 0.10000"
2901,0.0000,Tx-Rx,0,-58.0673,"-6.00000 -5.60000 0.90000, -3.85000 6.55000 0.10000"
2902,0.0000,Tx-Rx,0,-62.5637,"-6.00000 -5.60000 0.90000, -3.55000 6.55000 0.10000"
2903,0.0000,Tx-Rx,0,-65.9549,"-6.00000 -5.60000 0.90000, -3.25000 6.55000 0.10000"
2904,0.0000,Tx-Rx,0,-65.8491,"-6.00000 -5.60000 0.90000, -2.95000 6.55000 0.10000"
2905,0.0000,Tx-Rx,0,-63.9008,"-6.00000 -5.60000 0.90000, -2.65000 6.55000 0.10000"
2906,0.0000,Tx-Rx,0,-63.9912,"-6.00000 -5.60000 0.90000, -2.35000 6.55000 0.10000"
2907,0.0000,Tx-Rx,0,-66.3711,"-6.00000 -5.60000 0.90000, -2.05000 6.55000 0.10000"
2908,0.0000,Tx-Rx,0,-63.6504,"-6.00000 -5.60000 0.90000, -1.75000 6.55000 0.10000"
2909,0.0000,Tx-Rx,0,-65.7521,"-6.00000 -5.60000 0.90000, -1.45000 6.55000 0.10000"
2910,0.0000,Tx-Rx,0,-64.0748,"-6.00000 -5.60000 0.90000, -1.15000 6.55000 0.10000"
2911,0.0000,Tx-Rx,0,-66.8865,"-6.00000 -5.60000 0.90000, -0.85000 6.55000 0.10000"
2912,0.0000,Tx-Rx,0,-61.9869,"-6.00000 -5.60000 0.90000, -0.55000 6.55000 0.10000"
2913,0.0000,Tx-Rx,0,-62.2830,"-6.00000 -5.60000 0.90000, -0.25000 6.55000 0.10000"
2914,0.0000,Tx-Rx,0,-66.6699,"-6.00000 -5.60000 0.90000, 0.05000 6.55000 0.10000"
2915,0.0000,Tx-Rx,0,-79.5706,"-6.00000 -5.60000 0.90000, 0.35000 6.55000 0.10000"
2916,0.0000,Tx-Rx,0,-67.1489,"-6.00000 -5.60000 0.90000, 0.65000 6.55000 0.10000"
2917,0.0000,Tx-Rx,0,-64.8077,"-6.00000 -5.60000 0.90000, 0.95000 6.55000 0.10000"
2918,0.0000,Tx-Rx,0,-69.5604,"-6.00000 -5.60000 0.90000, 1.25000 6.55000 0.10000"
2919,0.0000,Tx-Rx,0,-69.4427,"-6.00000 -5.60000 0.90000, 1.55000 6.55000 0.10000"
2920,0.0000,Tx-Rx,0,-64.9536,"-6.00000 -5.60000 0.90000, 1.85000 6.55000 0.10000"
2921,0.0000,Tx-Rx,0,-67.4279,"-6.00000 -5.60000 0.90000, 2.15000 6.55000 0.10000"
2922,0.0000,Tx-Rx,0,-73.6587,"-6.00000 -5.60000 0.90000, 2.45000 6.55000 0.10000"
2923,0.0000,Tx-Rx,0,-270.0000,"-6.00000 -5.60000 0.90000, 2.75000 6.55000 0.10000"
2924,0.0000,Tx-Rx,0,-270.0000,"-6.00000 -5.60000 0.90000, 3.05000 6.55000 0.10000"
2925,0.0000,Tx-Rx,0,-96.9170,"-6.00000 -5.60000 0.90000, 3.35000 6.55000 0.10000"
2926,0.0000,Tx-Rx,0,-88.1927,"-6.00000 -5.60000 0.90000, 3.65000 6.55000 0.10000"
2927,0.0000,Tx-Rx,0,-71.9503,"-6.00000 -5.60000 0.90000, 3.95000 6.55000 0.10000"
2928,0.0000,Tx-Rx,0,-64.8081,"-6.00000 -5.60000 0.90000, 4.25000 6.55000 0.10000"
2929,0.0000,Tx-Rx,0,-64.7201,"-6.00000 -5.60000 0.90000, 4.55000 6.55000 0.10000"
2930,0.0000,Tx-Rx,0,-72.9441,"-6.00000 -5.60000 0.90000, 4.85000 6.55000 0.10000"
2931,0.0000,Tx-Rx,0,-79.5989,"-6.00000 -5.60000 0.90000, 5.15000 6.55000 0.10000"
2932,0.0000,Tx-Rx,0,-79.9897,"-6.00000 -5.60000 0.90000, 5.45000 6.55000 0.10000"
2933,0.0000,Tx-Rx,0,-89.6173,"-6.00000 -5.60000 0.90000, 5.75000 6.55000 0.10000"
2934,0.0000,Tx-Rx,0,-93.6425,"-6.00000 -5.60000 0.90000, 6.05000 6.55000 0.10000"
2935,0.0000,Tx-Rx,0,-92.1406,"-6.00000 -5.60000 0.90000, 6.35000 6.55000 0.10000"
2936,0.0000,Tx-Rx,0,-89.8369,"-6.00000 -5.60000 0.90000, 6.65000 6.55000 0.10000"
2937,0.0000,Tx-Rx,0,-91.9105,"-6.00000 -5.60000 0.90000, 6.95000 6.55000 0.10000"
2938,0.0000,Tx-Rx,0,-97.9154,"-6.00000 -5.60000 0.90000, 7.25000 6.55000 0.10000"
2939,0.0000,Tx-Rx,0,-97.3007,"-6.00000 -5.60000 0.90000, 7.55000 6.55000 0.10000"
2940,0.0000,Tx-Rx,0,-102.2936,"-6.00000 -5.60000 0.90000, 7.85000 6.55000 0.10000"
2941,0.0000,Tx-Rx,0,-84.5581,"-6.00000 -5.60000 0.90000, -9.85000 6.85000 0.10000"
2942,0.0000,Tx-Rx,0,-82.9071,"-6.00000 -5.60000 0.90000, -9.55000 6.85000 0.10000"
2943,0.0000,Tx-Rx,0,-90.7250,"-6.00000 -5.60000 0.90000, -9.25000 6.85000 0.10000"
2944,0.0000,Tx-Rx,0,-90.1872,"-6.00000 -5.60000 0.90000, -8.95000 6.85000 0.10000"
2945,0.0000,Tx-Rx,0,-91.0356,"-6.00000 -5.60000 0.90000, -8.65000 6.85000 0.10000"
2946,0.0000,Tx-Rx,0,-100.7693,"-6.00000 -5.60000 0.90000, -8.35000 6.85000 0.10000"
2947,0.0000,Tx-Rx,0,-67.0298,"-6.00000 -5.60000 0.90000, -8.05000 6.85000 0.10000"
2948,0.0000,Tx-Rx,0,-56.7601,"-6.00000 -5.60000 0.90000, -7.75000 6.85000 0.10000"
2949,0.0000,Tx-Rx,0,-54.8214,"-6.00000 -5.60000 0.90000, -7.45000 6.85000 0.10000"
2950,0.0000,Tx-Rx,0,-54.4921,"-6.00000 -5.60000 0.90000, -7.15000 6.85000 0.10000"
2951,0.0000,Tx-Rx,0,-54.5676,"-6.00000 -5.60000 0.90000, -6.85000 6.85000 0.10000"
2952,0.0000,Tx-Rx,0,-54.2485,"-6.00000 -5.60000 0.90000, -6.55000 6.85000 0.10000"
2953,0.0000,Tx-Rx,0,-54.3758,"-6.00000 -5.60000 0.90000, -6.25000 6.85000 0.10000"
2954,0.0000,Tx-Rx,0,-53.8740,"-6.00000 -5.60000 0.90000, -5.95000 6.85000 0.10000"
2955,0.0000,Tx-Rx,0,-51.8691,"-6.00000 -5.60000 0.90000, -5.65000 6.85000 0.10000"
2956,0.0000,Tx-Rx,0,-52.2727,"-6.00000 -5.60000 0.90000, -5.35000 6.85000 0.10000"
2957,0.0000,Tx-Rx,0,-53.5273,"-6.00000 -5.60000 0.90000, -5.05000 6.85000 0.10000"
2958,0.0000,Tx-Rx,0,-55.3762,"-6.00000 -5.60000 0.90000, -4.75000 6.85000 0.10000"
2959,0.0000,Tx-Rx,0,-55.1994,"-6.00000 -5.60000 0.90000, -4.45000 6.85000 0.10000"
2960,0.0000,Tx-Rx,0,-56.5839,"-6.00000 -5.60000 0.90000, -4.15000 6.85000 0.10000"
2961,0.0000,Tx-Rx,0,-57.9655,"-6.00000 -5.60000 0.90000, -3.85000 6.85000 0.10000"
2962,0.0000,Tx-Rx,0,-62.1473,"-6.00000 -5.60000 0.90000, -3.55000 6.85000 0.10000"
2963,0.0000,Tx-Rx,0,-66.7735,"-6.00000 -5.60000 0.90000, -3.25000 6.85000 0.10000"
2964,0.0000,Tx-Rx,0,-66.8170,"-6.00000 -5.60000 0.90000, -2.95000 6.85000 0.10000"
2965,0.0000,Tx-Rx,0,-60.8246,"-6.00000 -5.60000 0.90000, -2.65000 6.85000 0.10000"
2966,0.0000,Tx-Rx,0,-65.1716,"-6.00000 -5.60000 0.90000, -2.35000 6.85000 0.10000"
2967,0.0000,Tx-Rx,0,-63.3678,"-6.00000 -5.60000 0.90000, -2.05000 6.85000 0.10000"
2968,0.0000,Tx-Rx,0,-65.7363,"-6.00000 -5.60000 0.90000, -1.75000 6.85000 0.10000"
2969,0.0000,Tx-Rx,0,-65.2494,"-6.00000 -5.60000 0.90000, -1.45000 6.85000 0.10000"
2970,0.0000,Tx-Rx,0,-64.2965,"-6.00000 -5.60000 0.90000, -1.15000 6.85000 0.10000"
2971,0.0000,Tx-Rx,0,-66.3312,"-6.00000 -5.60000 0.90000, -0.85000 6.85000 0.10000"
2972,0.0000,Tx-Rx,0,-64.1161,"-6.00000 -5.60000 0.90000, -0.55000 6.85000 0.10000"
2973,0.0000,Tx-Rx,0,-60.8357,"-6.00000 -5.60000 0.90000, -0.25000 6.85000 0.10000"
2974,0.0000,Tx-Rx,0,-66.2947,"-6.00000 -5.60000 0.90000, 0.05000 6.85000 0.10000"
2975,0.0000,Tx-Rx,0,-84.7280,"-6.00000 -5.60000 0.90000, 0.35000 6.85000 0.10000"
2976,0.0000,Tx-Rx,0,-68.8769,"-6.00000 -5.60000 0.90000, 0.65000 6.85000 0.10000"
2977,0.0000,Tx-Rx,0,-64.7561,"-6.00000 -5.60000 0.90000, 0.95000 6.85000 0.10000"
2978,0.0000,Tx-Rx,0,-66.6708,"-6.00000 -5.60000 0.90000, 1.25000 6.85000 0.10000"
2979,0.0000,Tx-Rx,0,-66.9337,"-6.00000 -5.60000 0.90000, 1.55000 6.85000 0.10000"
2980,0.0000,Tx-Rx,0,-67.3278,"-6.00000 -5.60000 0.90000, 1.85000 6.85000 0.10000"
2981,0.0000,Tx-Rx,0,-66.6590,"-6.00000 -5.60000 0.90000, 2.15000 6.85000 0.10000"
2982,0.0000,Tx-Rx,0,-72.5061,"-6.00000 -5.60000 0.90000, 2.45000 6.85000 0.10000"
2983,0.0000,Tx-Rx,0,-270.0000,"-6.00000 -5.60000 0.90000, 2.75000 6.85000 0.10000"
2984,0.0000,Tx-Rx,0,-270.0000,"-6.00000 -5.60000 0.90000, 3.05000 6.85000 0.10000"
2985,0.0000,Tx-Rx,0,-97.5616,"-6.00000 -5.60000 0.90000, 3.35000 6.85000 0.10000"
2986,0.0000,Tx-Rx,0,-89.0379,"-6.00000 -5.60000 0.90000, 3.65000 6.85000 0.10000"
2987,0.0000,Tx-Rx,0,-85.9109,"-6.00000 -5.60000 0.90000, 3.95000 6.85000 0.10000"
2988,0.0000,Tx-Rx,0,-75.1492,"-6.00000 -5.60000 0.90000, 4.25000 6.85000 0.10000"
2989,0.0000,Tx-Rx,0,-68.8198,"-6.00000 -5.60000 0.90000, 4.55000 6.85000 0.10000"
2990,0.0000,Tx-Rx,0,-68.1399,"-6.00000 -5.60000 0.90000, 4.85000 6.85000 0.10000"
2991,0.0000,Tx-Rx,0,-74.3088,"-6.00000 -5.60000 0.90000, 5.15000 6.85000 0.10000"
2992,0.0000,Tx-Rx,0,-84.1098,"-6.00000 -5.60000 0.90000, 5.45000 6.85000 0.10000"
2993,0.0000,Tx-Rx,0,-88.8365,"-6.00000 -5.60000 0.90000, 5.75000 6.85000 0.10000"
2994,0.0000,Tx-Rx,0,-89.7641,"-6.00000 -5.60000 0.90000, 6.05000 6.85000 0.10000"
2995,0.0000,Tx-Rx,0,-98.8988,"-6.00000 -5.60000 0.90000, 6.35000 6.85000 0.10000"
2996,0.0000,Tx-Rx,0,-96.5444,"-6.00000 -5.60000 0.90000, 6.65000 6.85000 0.10000"
2997,0.0000,Tx-Rx,0,-94.8514,"-6.00000 -5.60000 0.90000, 6.95000 6.85000 0.10000"
2998,0.0000,Tx-Rx,0,-90.2078,"-6.00000 -5.60000 0.90000, 7.25000 6.85000 0.10000"
2999,0.0000,Tx-Rx,0,-97.8095,"-6.00000 -5.60000 0.90000, 7.55000 6.85000 0.10000"
3000,0.0000,Tx-Rx,0,-101.7335,"-6.00000 -5.60000 0.90000, 7.85000 6.85000 0.10000"
