Rx_Number,Path_Power_dBm,Interaction_Description,Total_Interactions_for_Path,RSS_dBm,Interaction_Coordinates
1,0.0000,Tx-Rx,0,-74.5641,"-6.00000 -5.60000 0.90000, -9.85000 -7.85000 0.10000"
2,0.0000,Tx-Rx,0,-75.1278,"-6.00000 -5.60000 0.90000, -9.55000 -7.85000 0.10000"
3,0.0000,Tx-Rx,0,-74.1586,"-6.00000 -5.60000 0.90000, -9.25000 -7.85000 0.10000"
4,0.0000,Tx-Rx,0,-77.3797,"-6.00000 -5.60000 0.90000, -8.95000 -7.85000 0.10000"
5,0.0000,Tx-Rx,0,-82.3923,"-6.00000 -5.60000 0.90000, -8.65000 -7.85000 0.10000"
6,0.0000,Tx-Rx,0,-96.4269,"-6.00000 -5.60000 0.90000, -8.35000 -7.85000 0.10000"
7,0.0000,Tx-Rx,0,-71.5301,"-6.00000 -5.60000 0.90000, -8.05000 -7.85000 0.10000"
8,0.0000,Tx-Rx,0,-68.9209,"-6.00000 -5.60000 0.90000, -7.75000 -7.85000 0.10000"
9,0.0000,Tx-Rx,0,-65.6065,"-6.00000 -5.60000 0.90000, -7.45000 -7.85000 0.10000"
10,0.0000,Tx-Rx,0,-62.8140,"-6.00000 -5.60000 0.90000, -7.15000 -7.85000 0.10000"
11,0.0000,Tx-Rx,0,-63.9548,"-6.00000 -5.60000 0.90000, -6.85000 -7.85000 0.10000"
12,0.0000,Tx-Rx,0,-63.8696,"-6.00000 -5.60000 0.90000, -6.55000 -7.85000 0.10000"
13,0.0000,Tx-Rx,0,-61.8491,"-6.00000 -5.60000 0.90000, -6.25000 -7.85000 0.10000"
14,0.0000,Tx-Rx,0,-54.2851,"-6.00000 -5.60000 0.90000, -5.95000 -7.85000 0.10000"
15,0.0000,Tx-Rx,0,-46.0198,"-6.00000 -5.60000 0.90000, -5.65000 -7.85000 0.10000"
16,0.0000,Tx-Rx,0,-46.8013,"-6.00000 -5.60000 0.90000, -5.35000 -7.85000 0.10000"
17,0.0000,Tx-Rx,0,-49.4897,"-6.00000 -5.60000 0.90000, -5.05000 -7.85000 0.10000"
18,0.0000,Tx-Rx,0,-46.2966,"-6.00000 -5.60000 0.90000, -4.75000 -7.85000 0.10000"
19,0.0000,Tx-Rx,0,-46.4193,"-6.00000 -5.60000 0.90000, -4.45000 -7.85000 0.10000"
20,0.0000,Tx-Rx,0,-46.8744,"-6.00000 -5.60000 0.90000, -4.15000 -7.85000 0.10000"
21,0.0000,Tx-Rx,0,-47.2207,"-6.00000 -5.60000 0.90000, -3.85000 -7.85000 0.10000"
22,0.0000,Tx-Rx,0,-47.6548,"-6.00000 -5.60000 0.90000, -3.55000 -7.85000 0.10000"
23,0.0000,Tx-Rx,0,-48.0521,"-6.00000 -5.60000 0.90000, -3.25000 -7.85000 0.10000"
24,0.0000,Tx-Rx,0,-48.5420,"-6.00000 -5.60000 0.90000, -2.95000 -7.85000 0.10000"
25,0.0000,Tx-Rx,0,-49.0669,"-6.00000 -5.60000 0.90000, -2.65000 -7.85000 0.10000"
26,0.0000,Tx-Rx,0,-49.5313,"-6.00000 -5.60000 0.90000, -2.35000 -7.85000 0.10000"
27,0.0000,Tx-Rx,0,-49.8204,"-6.00000 -5.60000 0.90000, -2.05000 -7.85000 0.10000"
28,0.0000,Tx-Rx,0,-50.9979,"-6.00000 -5.60000 0.90000, -1.75000 -7.85000 0.10000"
29,0.0000,Tx-Rx,0,-52.6844,"-6.00000 -5.60000 0.90000, -1.45000 -7.85000 0.10000"
30,0.0000,Tx-Rx,0,-52.5297,"-6.00000 -5.60000 0.90000, -1.15000 -7.85000 0.10000"
31,0.0000,Tx-Rx,0,-52.5107,"-6.00000 -5.60000 0.90000, -0.85000 -7.85000 0.10000"
32,0.0000,Tx-Rx,0,-52.3059,"-6.00000 -5.60000 0.90000, -0.55000 -7.85000 0.10000"
33,0.0000,Tx-Rx,0,-49.2447,"-6.00000 -5.60000 0.90000, -0.25000 -7.85000 0.10000"
34,0.0000,Tx-Rx,0,-54.0283,"-6.00000 -5.60000 0.90000, 0.05000 -7.85000 0.10000"
35,0.0000,Tx-Rx,0,-76.4526,"-6.00000 -5.60000 0.90000, 0.35000 -7.85000 0.10000"
36,0.0000,Tx-Rx,0,-76.6287,"-6.00000 -5.60000 0.90000, 0.65000 -7.85000 0.10000"
37,0.0000,Tx-Rx,0,-76.8636,"-6.00000 -5.60000 0.90000, 0.95000 -7.85000 0.10000"
38,0.0000,Tx-Rx,0,-76.9870,"-6.00000 -5.60000 0.90000, 1.25000 -7.85000 0.10000"
39,0.0000,Tx-Rx,0,-76.2932,"-6.00000 -5.60000 0.90000, 1.55000 -7.85000 0.10000"
40,0.0000,Tx-Rx,0,-76.1458,"-6.00000 -5.60000 0.90000, 1.85000 -7.85000 0.10000"
41,0.0000,Tx-Rx,0,-75.8029,"-6.00000 -5.60000 0.90000, 2.15000 -7.85000 0.10000"
42,0.0000,Tx-Rx,0,-75.2881,"-6.00000 -5.60000 0.90000, 2.45000 -7.85000 0.10000"
43,0.0000,Tx-Rx,0,-83.4529,"-6.00000 -5.60000 0.90000, 2.75000 -7.85000 0.10000"
44,0.0000,Tx-Rx,0,-83.6524,"-6.00000 -5.60000 0.90000, 3.05000 -7.85000 0.10000"
45,0.0000,Tx-Rx,0,-85.2377,"-6.00000 -5.60000 0.90000, 3.35000 -7.85000 0.10000"
46,0.0000,Tx-Rx,0,-86.0551,"-6.00000 -5.60000 0.90000, 3.65000 -7.85000 0.10000"
47,0.0000,Tx-Rx,0,-82.8907,"-6.00000 -5.60000 0.90000, 3.95000 -7.85000 0.10000"
48,0.0000,Tx-Rx,0,-80.8755,"-6.00000 -5.60000 0.90000, 4.25000 -7.85000 0.10000"
49,0.0000,Tx-Rx,0,-87.6351,"-6.00000 -5.60000 0.90000, 4.55000 -7.85000 0.10000"
50,0.0000,Tx-Rx,0,-83.6850,"-6.00000 -5.60000 0.90000, 4.85000 -7.85000 0.10000"
51,0.0000,Tx-Rx,0,-83.2183,"-6.00000 -5.60000 0.90000, 5.15000 -7.85000 0.10000"
52,0.0000,Tx-Rx,0,-80.1793,"-6.00000 -5.60000 0.90000, 5.45000 -7.85000 0.10000"
53,0.0000,Tx-Rx,0,-78.2970,"-6.00000 -5.60000 0.90000, 5.75000 -7.85000 0.10000"
54,0.0000,Tx-Rx,0,-81.1324,"-6.00000 -5.60000 0.90000, 6.05000 -7.85000 0.10000"
55,0.0000,Tx-Rx,0,-77.8010,"-6.00000 -5.60000 0.90000, 6.35000 -7.85000 0.10000"
56,0.0000,Tx-Rx,0,-78.4914,"-6.00000 -5.60000 0.90000, 6.65000 -7.85000 0.10000"
57,0.0000,Tx-Rx,0,-79.9984,"-6.00000 -5.60000 0.90000, 6.95000 -7.85000 0.10000"
58,0.0000,Tx-Rx,0,-79.6479,"-6.00000 -5.60000 0.90000, 7.25000 -7.85000 0.10000"
59,0.0000,Tx-Rx,0,-83.0984,"-6.00000 -5.60000 0.90000, 7.55000 -7.85000 0.10000"
60,0.0000,Tx-Rx,0,-78.6936,"-6.00000 -5.60000 0.90000, 7.85000 -7.85000 0.10000"
61,0.0000,Tx-Rx,0,-74.4961,"-6.00000 -5.60000 0.90000, -9.85000 -7.55000 0.10000"
62,0.0000,Tx-Rx,0,-73.9816,"-6.00000 -5.60000 0.90000, -9.55000 -7.55000 0.10000"
63,0.0000,Tx-Rx,0,-74.3046,"-6.00000 -5.60000 0.90000, -9.25000 -7.55000 0.10000"
64,0.0000,Tx-Rx,0,-79.3895,"-6.00000 -5.60000 0.90000, -8.95000 -7.55000 0.10000"
65,0.0000,Tx-Rx,0,-78.0316,"-6.00000 -5.60000 0.90000, -8.65000 -7.55000 0.10000"
66,0.0000,Tx-Rx,0,-80.5623,"-6.00000 -5.60000 0.90000, -8.35000 -7.55000 0.10000"
67,0.0000,Tx-Rx,0,-71.0982,"-6.00000 -5.60000 0.90000, -8.05000 -7.55000 0.10000"
68,0.0000,Tx-Rx,0,-64.3803,"-6.00000 -5.60000 0.90000, -7.75000 -7.55000 0.10000"
69,0.0000,Tx-Rx,0,-64.7118,"-6.00000 -5.60000 0.90000, -7.45000 -7.55000 0.10000"
70,0.0000,Tx-Rx,0,-62.8670,"-6.00000 -5.60000 0.90000, -7.15000 -7.55000 0.10000"
71,0.0000,Tx-Rx,0,-61.4548,"-6.00000 -5.60000 0.90000, -6.85000 -7.55000 0.10000"
72,0.0000,Tx-Rx,0,-60.8201,"-6.00000 -5.60000 0.90000, -6.55000 -7.55000 0.10000"
73,0.0000,Tx-Rx,0,-56.2778,"-6.00000 -5.60000 0.90000, -6.25000 -7.55000 0.10000"
74,0.0000,Tx-Rx,0,-53.2001,"-6.00000 -5.60000 0.90000, -5.95000 -7.55000 0.10000"
75,0.0000,Tx-Rx,0,-45.0239,"-6.00000 -5.60000 0.90000, -5.65000 -7.55000 0.10000"
76,0.0000,Tx-Rx,0,-44.5193,"-6.00000 -5.60000 0.90000, -5.35000 -7.55000 0.10000"
77,0.0000,Tx-Rx,0,-45.1496,"-6.00000 -5.60000 0.90000, -5.05000 -7.55000 0.10000"
78,0.0000,Tx-Rx,0,-45.5267,"-6.00000 -5.60000 0.90000, -4.75000 -7.55000 0.10000"
79,0.0000,Tx-Rx,0,-45.7046,"-6.00000 -5.60000 0.90000, -4.45000 -7.55000 0.10000"
80,0.0000,Tx-Rx,0,-46.3169,"-6.00000 -5.60000 0.90000, -4.15000 -7.55000 0.10000"
81,0.0000,Tx-Rx,0,-46.9409,"-6.00000 -5.60000 0.90000, -3.85000 -7.55000 0.10000"
82,0.0000,Tx-Rx,0,-47.3409,"-6.00000 -5.60000 0.90000, -3.55000 -7.55000 0.10000"
83,0.0000,Tx-Rx,0,-47.9335,"-6.00000 -5.60000 0.90000, -3.25000 -7.55000 0.10000"
84,0.0000,Tx-Rx,0,-48.4343,"-6.00000 -5.60000 0.90000, -2.95000 -7.55000 0.10000"
85,0.0000,Tx-Rx,0,-48.8732,"-6.00000 -5.60000 0.90000, -2.65000 -7.55000 0.10000"
86,0.0000,Tx-Rx,0,-49.3985,"-6.00000 -5.60000 0.90000, -2.35000 -7.55000 0.10000"
87,0.0000,Tx-Rx,0,-49.7785,"-6.00000 -5.60000 0.90000, -2.05000 -7.55000 0.10000"
88,0.0000,Tx-Rx,0,-50.8445,"-6.00000 -5.60000 0.90000, -1.75000 -7.55000 0.10000"
89,0.0000,Tx-Rx,0,-51.9917,"-6.00000 -5.60000 0.90000, -1.45000 -7.55000 0.10000"
90,0.0000,Tx-Rx,0,-52.2837,"-6.00000 -5.60000 0.90000, -1.15000 -7.55000 0.10000"
91,0.0000,Tx-Rx,0,-52.5522,"-6.00000 -5.60000 0.90000, -0.85000 -7.55000 0.10000"
92,0.0000,Tx-Rx,0,-52.3055,"-6.00000 -5.60000 0.90000, -0.55000 -7.55000 0.10000"
93,0.0000,Tx-Rx,0,-49.1622,"-6.00000 -5.60000 0.90000, -0.25000 -7.55000 0.10000"
94,0.0000,Tx-Rx,0,-53.8440,"-6.00000 -5.60000 0.90000, 0.05000 -7.55000 0.10000"
95,0.0000,Tx-Rx,0,-76.0346,"-6.00000 -5.60000 0.90000, 0.35000 -7.55000 0.10000"
96,0.0000,Tx-Rx,0,-76.1530,"-6.00000 -5.60000 0.90000, 0.65000 -7.55000 0.10000"
97,0.0000,Tx-Rx,0,-76.1236,"-6.00000 -5.60000 0.90000, 0.95000 -7.55000 0.10000"
98,0.0000,Tx-Rx,0,-75.8443,"-6.00000 -5.60000 0.90000, 1.25000 -7.55000 0.10000"
99,0.0000,Tx-Rx,0,-75.7124,"-6.00000 -5.60000 0.90000, 1.55000 -7.55000 0.10000"
100,0.0000,Tx-Rx,0,-76.0625,"-6.00000 -5.60000 0.90000, 1.85000 -7.55000 0.10000"
101,0.0000,Tx-Rx,0,-75.8237,"-6.00000 -5.60000 0.90000, 2.15000 -7.55000 0.10000"
102,0.0000,Tx-Rx,0,-75.7264,"-6.00000 -5.60000 0.90000, 2.45000 -7.55000 0.10000"
103,0.0000,Tx-Rx,0,-84.0859,"-6.00000 -5.60000 0.90000, 2.75000 -7.55000 0.10000"
104,0.0000,Tx-Rx,0,-84.9112,"-6.00000 -5.60000 0.90000, 3.05000 -7.55000 0.10000"
105,0.0000,Tx-Rx,0,-85.2599,"-6.00000 -5.60000 0.90000, 3.35000 -7.55000 0.10000"
106,0.0000,Tx-Rx,0,-84.2584,"-6.00000 -5.60000 0.90000, 3.65000 -7.55000 0.10000"
107,0.0000,Tx-Rx,0,-79.1351,"-6.00000 -5.60000 0.90000, 3.95000 -7.55000 0.10000"
108,0.0000,Tx-Rx,0,-82.3100,"-6.00000 -5.60000 0.90000, 4.25000 -7.55000 0.10000"
109,0.0000,Tx-Rx,0,-85.9924,"-6.00000 -5.60000 0.90000, 4.55000 -7.55000 0.10000"
110,0.0000,Tx-Rx,0,-82.0233,"-6.00000 -5.60000 0.90000, 4.85000 -7.55000 0.10000"
111,0.0000,Tx-Rx,0,-81.9990,"-6.00000 -5.60000 0.90000, 5.15000 -7.55000 0.10000"
112,0.0000,Tx-Rx,0,-79.5416,"-6.00000 -5.60000 0.90000, 5.45000 -7.55000 0.10000"
113,0.0000,Tx-Rx,0,-73.8523,"-6.00000 -5.60000 0.90000, 5.75000 -7.55000 0.10000"
114,0.0000,Tx-Rx,0,-76.4495,"-6.00000 -5.60000 0.90000, 6.05000 -7.55000 0.10000"
115,0.0000,Tx-Rx,0,-77.1068,"-6.00000 -5.60000 0.90000, 6.35000 -7.55000 0.10000"
116,0.0000,Tx-Rx,0,-78.5652,"-6.00000 -5.60000 0.90000, 6.65000 -7.55000 0.10000"
117,0.0000,Tx-Rx,0,-77.7498,"-6.00000 -5.60000 0.90000, 6.95000 -7.55000 0.10000"
118,0.0000,Tx-Rx,0,-81.4256,"-6.00000 -5.60000 0.90000, 7.25000 -7.55000 0.10000"
119,0.0000,Tx-Rx,0,-81.0738,"-6.00000 -5.60000 0.90000, 7.55000 -7.55000 0.10000"
120,0.0000,Tx-Rx,0,-79.4570,"-6.00000 -5.60000 0.90000, 7.85000 -7.55000 0.10000"
121,0.0000,Tx-Rx,0,-74.0417,"-6.00000 -5.60000 0.90000, -9.85000 -7.25000 0.10000"
122,0.0000,Tx-Rx,0,-72.9713,"-6.00000 -5.60000 0.90000, -9.55000 -7.25000 0.10000"
123,0.0000,Tx-Rx,0,-73.2374,"-6.00000 -5.60000 0.90000, -9.25000 -7.25000 0.10000"
124,0.0000,Tx-Rx,0,-77.3644,"-6.00000 -5.60000 0.90000, -8.95000 -7.25000 0.10000"
125,0.0000,Tx-Rx,0,-76.3139,"-6.00000 -5.60000 0.90000, -8.65000 -7.25000 0.10000"
126,0.0000,Tx-Rx,0,-76.3042,"-6.00000 -5.60000 0.90000, -8.35000 -7.25000 0.10000"
127,0.0000,Tx-Rx,0,-53.1299,"-6.00000 -5.60000 0.90000, -8.05000 -7.25000 0.10000"
128,0.0000,Tx-Rx,0,-48.6944,"-6.00000 -5.60000 0.90000, -7.75000 -7.25000 0.10000"
129,0.0000,Tx-Rx,0,-54.4801,"-6.00000 -5.60000 0.90000, -7.45000 -7.25000 0.10000"
130,0.0000,Tx-Rx,0,-56.5382,"-6.00000 -5.60000 0.90000, -7.15000 -7.25000 0.10000"
131,0.0000,Tx-Rx,0,-55.5390,"-6.00000 -5.60000 0.90000, -6.85000 -7.25000 0.10000"
132,0.0000,Tx-Rx,0,-54.5664,"-6.00000 -5.60000 0.90000, -6.55000 -7.25000 0.10000"
133,0.0000,Tx-Rx,0,-48.9062,"-6.00000 -5.60000 0.90000, -6.25000 -7.25000 0.10000"
134,0.0000,Tx-Rx,0,-49.5536,"-6.00000 -5.60000 0.90000, -5.95000 -7.25000 0.10000"
135,0.0000,Tx-Rx,0,-42.7355,"-6.00000 -5.60000 0.90000, -5.65000 -7.25000 0.10000"
136,0.0000,Tx-Rx,0,-43.2928,"-6.00000 -5.60000 0.90000, -5.35000 -7.25000 0.10000"
137,0.0000,Tx-Rx,0,-43.9049,"-6.00000 -5.60000 0.90000, -5.05000 -7.25000 0.10000"
138,0.0000,Tx-Rx,0,-44.5932,"-6.00000 -5.60000 0.90000, -4.75000 -7.25000 0.10000"
139,0.0000,Tx-Rx,0,-44.9963,"-6.00000 -5.60000 0.90000, -4.45000 -7.25000 0.10000"
140,0.0000,Tx-Rx,0,-45.9818,"-6.00000 -5.60000 0.90000, -4.15000 -7.25000 0.10000"
141,0.0000,Tx-Rx,0,-46.6515,"-6.00000 -5.60000 0.90000, -3.85000 -7.25000 0.10000"
142,0.0000,Tx-Rx,0,-47.1479,"-6.00000 -5.60000 0.90000, -3.55000 -7.25000 0.10000"
143,0.0000,Tx-Rx,0,-47.7750,"-6.00000 -5.60000 0.90000, -3.25000 -7.25000 0.10000"
144,0.0000,Tx-Rx,0,-48.2722,"-6.00000 -5.60000 0.90000, -2.95000 -7.25000 0.10000"
145,0.0000,Tx-Rx,0,-48.7895,"-6.00000 -5.60000 0.90000, -2.65000 -7.25000 0.10000"
146,0.0000,Tx-Rx,0,-49.0490,"-6.00000 -5.60000 0.90000, -2.35000 -7.25000 0.10000"
147,0.0000,Tx-Rx,0,-49.4844,"-6.00000 -5.60000 0.90000, -2.05000 -7.25000 0.10000"
148,0.0000,Tx-Rx,0,-50.5448,"-6.00000 -5.60000 0.90000, -1.75000 -7.25000 0.10000"
149,0.0000,Tx-Rx,0,-52.0291,"-6.00000 -5.60000 0.90000, -1.45000 -7.25000 0.10000"
150,0.0000,Tx-Rx,0,-52.3670,"-6.00000 -5.60000 0.90000, -1.15000 -7.25000 0.10000"
151,0.0000,Tx-Rx,0,-52.6009,"-6.00000 -5.60000 0.90000, -0.85000 -7.25000 0.10000"
152,0.0000,Tx-Rx,0,-51.9228,"-6.00000 -5.60000 0.90000, -0.55000 -7.25000 0.10000"
153,0.0000,Tx-Rx,0,-49.0650,"-6.00000 -5.60000 0.90000, -0.25000 -7.25000 0.10000"
154,0.0000,Tx-Rx,0,-54.0088,"-6.00000 -5.60000 0.90000, 0.05000 -7.25000 0.10000"
155,0.0000,Tx-Rx,0,-75.2130,"-6.00000 -5.60000 0.90000, 0.35000 -7.25000 0.10000"
156,0.0000,Tx-Rx,0,-76.2989,"-6.00000 -5.60000 0.90000, 0.65000 -7.25000 0.10000"
157,0.0000,Tx-Rx,0,-75.8748,"-6.00000 -5.60000 0.90000, 0.95000 -7.25000 0.10000"
158,0.0000,Tx-Rx,0,-75.4776,"-6.00000 -5.60000 0.90000, 1.25000 -7.25000 0.10000"
159,0.0000,Tx-Rx,0,-76.0641,"-6.00000 -5.60000 0.90000, 1.55000 -7.25000 0.10000"
160,0.0000,Tx-Rx,0,-75.4854,"-6.00000 -5.60000 0.90000, 1.85000 -7.25000 0.10000"
161,0.0000,Tx-Rx,0,-75.6664,"-6.00000 -5.60000 0.90000, 2.15000 -7.25000 0.10000"
162,0.0000,Tx-Rx,0,-76.5482,"-6.00000 -5.60000 0.90000, 2.45000 -7.25000 0.10000"
163,0.0000,Tx-Rx,0,-83.4333,"-6.00000 -5.60000 0.90000, 2.75000 -7.25000 0.10000"
164,0.0000,Tx-Rx,0,-83.7630,"-6.00000 -5.60000 0.90000, 3.05000 -7.25000 0.10000"
165,0.0000,Tx-Rx,0,-84.4683,"-6.00000 -5.60000 0.90000, 3.35000 -7.25000 0.10000"
166,0.0000,Tx-Rx,0,-82.1602,"-6.00000 -5.60000 0.90000, 3.65000 -7.25000 0.10000"
167,0.0000,Tx-Rx,0,-78.8312,"-6.00000 -5.60000 0.90000, 3.95000 -7.25000 0.10000"
168,0.0000,Tx-Rx,0,-83.8989,"-6.00000 -5.60000 0.90000, 4.25000 -7.25000 0.10000"
169,0.0000,Tx-Rx,0,-86.7495,"-6.00000 -5.60000 0.90000, 4.55000 -7.25000 0.10000"
170,0.0000,Tx-Rx,0,-81.5094,"-6.00000 -5.60000 0.90000, 4.85000 -7.25000 0.10000"
171,0.0000,Tx-Rx,0,-82.1648,"-6.00000 -5.60000 0.90000, 5.15000 -7.25000 0.10000"
172,0.0000,Tx-Rx,0,-79.5152,"-6.00000 -5.60000 0.90000, 5.45000 -7.25000 0.10000"
173,0.0000,Tx-Rx,0,-73.0015,"-6.00000 -5.60000 0.90000, 5.75000 -7.25000 0.10000"
174,0.0000,Tx-Rx,0,-73.0943,"-6.00000 -5.60000 0.90000, 6.05000 -7.25000 0.10000"
175,0.0000,Tx-Rx,0,-75.5259,"-6.00000 -5.60000 0.90000, 6.35000 -7.25000 0.10000"
176,0.0000,Tx-Rx,0,-77.1239,"-6.00000 -5.60000 0.90000, 6.65000 -7.25000 0.10000"
177,0.0000,Tx-Rx,0,-78.5122,"-6.00000 -5.60000 0.90000, 6.95000 -7.25000 0.10000"
178,0.0000,Tx-Rx,0,-83.5070,"-6.00000 -5.60000 0.90000, 7.25000 -7.25000 0.10000"
179,0.0000,Tx-Rx,0,-79.7630,"-6.00000 -5.60000 0.90000, 7.55000 -7.25000 0.10000"
180,0.0000,Tx-Rx,0,-81.3594,"-6.00000 -5.60000 0.90000, 7.85000 -7.25000 0.10000"
181,0.0000,Tx-Rx,0,-73.7283,"-6.00000 -5.60000 0.90000, -9.85000 -6.95000 0.10000"
182,0.0000,Tx-Rx,0,-73.2880,"-6.00000 -5.60000 0.90000, -9.55000 -6.95000 0.10000"
183,0.0000,Tx-Rx,0,-72.8135,"-6.00000 -5.60000 0.90000, -9.25000 -6.95000 0.10000"
184,0.0000,Tx-Rx,0,-77.8193,"-6.00000 -5.60000 0.90000, -8.95000 -6.95000 0.10000"
185,0.0000,Tx-Rx,0,-75.7961,"-6.00000 -5.60000 0.90000, -8.65000 -6.95000 0.10000"
186,0.0000,Tx-Rx,0,-75.1481,"-6.00000 -5.60000 0.90000, -8.35000 -6.95000 0.10000"
187,0.0000,Tx-Rx,0,-49.7886,"-6.00000 -5.60000 0.90000, -8.05000 -6.95000 0.10000"
188,0.0000,Tx-Rx,0,-44.7309,"-6.00000 -5.60000 0.90000, -7.75000 -6.95000 0.10000"
189,0.0000,Tx-Rx,0,-45.3416,"-6.00000 -5.60000 0.90000, -7.45000 -6.95000 0.10000"
190,0.0000,Tx-Rx,0,-51.2155,"-6.00000 -5.60000 0.90000, -7.15000 -6.95000 0.10000"
191,0.0000,Tx-Rx,0,-52.9430,"-6.00000 -5.60000 0.90000, -6.85000 -6.95000 0.10000"
192,0.0000,Tx-Rx,0,-51.9485,"-6.00000 -5.60000 0.90000, -6.55000 -6.95000 0.10000"
193,0.0000,Tx-Rx,0,-44.5189,"-6.00000 -5.60000 0.90000, -6.25000 -6.95000 0.10000"
194,0.0000,Tx-Rx,0,-47.1516,"-6.00000 -5.60000 0.90000, -5.95000 -6.95000 0.10000"
195,0.0000,Tx-Rx,0,-41.9708,"-6.00000 -5.60000 0.90000, -5.65000 -6.95000 0.10000"
196,0.0000,Tx-Rx,0,-42.3910,"-6.00000 -5.60000 0.90000, -5.35000 -6.95000 0.10000"
197,0.0000,Tx-Rx,0,-43.1956,"-6.00000 -5.60000 0.90000, -5.05000 -6.95000 0.10000"
198,0.0000,Tx-Rx,0,-43.9018,"-6.00000 -5.60000 0.90000, -4.75000 -6.95000 0.10000"
199,0.0000,Tx-Rx,0,-44.2963,"-6.00000 -5.60000 0.90000, -4.45000 -6.95000 0.10000"
200,0.0000,Tx-Rx,0,-45.2230,"-6.00000 -5.60000 0.90000, -4.15000 -6.95000 0.10000"
201,0.0000,Tx-Rx,0,-46.0244,"-6.00000 -5.60000 0.90000, -3.85000 -6.95000 0.10000"
202,0.0000,Tx-Rx,0,-46.8947,"-6.00000 -5.60000 0.90000, -3.55000 -6.95000 0.10000"
203,0.0000,Tx-Rx,0,-47.5288,"-6.00000 -5.60000 0.90000, -3.25000 -6.95000 0.10000"
204,0.0000,Tx-Rx,0,-48.1032,"-6.00000 -5.60000 0.90000, -2.95000 -6.95000 0.10000"
205,0.0000,Tx-Rx,0,-48.5358,"-6.00000 -5.60000 0.90000, -2.65000 -6.95000 0.10000"
206,0.0000,Tx-Rx,0,-48.9983,"-6.00000 -5.60000 0.90000, -2.35000 -6.95000 0.10000"
207,0.0000,Tx-Rx,0,-49.3775,"-6.00000 -5.60000 0.90000, -2.05000 -6.95000 0.10000"
208,0.0000,Tx-Rx,0,-50.5157,"-6.00000 -5.60000 0.90000, -1.75000 -6.95000 0.10000"
209,0.0000,Tx-Rx,0,-51.5062,"-6.00000 -5.60000 0.90000, -1.45000 -6.95000 0.10000"
210,0.0000,Tx-Rx,0,-52.0203,"-6.00000 -5.60000 0.90000, -1.15000 -6.95000 0.10000"
211,0.0000,Tx-Rx,0,-51.7854,"-6.00000 -5.60000 0.90000, -0.85000 -6.95000 0.10000"
212,0.0000,Tx-Rx,0,-51.8665,"-6.00000 -5.60000 0.90000, -0.55000 -6.95000 0.10000"
213,0.0000,Tx-Rx,0,-49.0282,"-6.00000 -5.60000 0.90000, -0.25000 -6.95000 0.10000"
214,0.0000,Tx-Rx,0,-53.9387,"-6.00000 -5.60000 0.90000, 0.05000 -6.95000 0.10000"
215,0.0000,Tx-Rx,0,-75.5944,"-6.00000 -5.60000 0.90000, 0.35000 -6.95000 0.10000"
216,0.0000,Tx-Rx,0,-76.0093,"-6.00000 -5.60000 0.90000, 0.65000 -6.95000 0.10000"
217,0.0000,Tx-Rx,0,-76.8498,"-6.00000 -5.60000 0.90000, 0.95000 -6.95000 0.10000"
218,0.0000,Tx-Rx,0,-76.1755,"-6.00000 -5.60000 0.90000, 1.25000 -6.95000 0.10000"
219,0.0000,Tx-Rx,0,-75.7778,"-6.00000 -5.60000 0.90000, 1.55000 -6.95000 0.10000"
220,0.0000,Tx-Rx,0,-76.2442,"-6.00000 -5.60000 0.90000, 1.85000 -6.95000 0.10000"
221,0.0000,Tx-Rx,0,-75.6228,"-6.00000 -5.60000 0.90000, 2.15000 -6.95000 0.10000"
222,0.0000,Tx-Rx,0,-75.2321,"-6.00000 -5.60000 0.90000, 2.45000 -6.95000 0.10000"
223,0.0000,Tx-Rx,0,-80.4796,"-6.00000 -5.60000 0.90000, 2.75000 -6.95000 0.10000"
224,0.0000,Tx-Rx,0,-79.1344,"-6.00000 -5.60000 0.90000, 3.05000 -6.95000 0.10000"
225,0.0000,Tx-Rx,0,-79.1392,"-6.00000 -5.60000 0.90000, 3.35000 -6.95000 0.10000"
226,0.0000,Tx-Rx,0,-79.0129,"-6.00000 -5.60000 0.90000, 3.65000 -6.95000 0.10000"
227,0.0000,Tx-Rx,0,-78.7684,"-6.00000 -5.60000 0.90000, 3.95000 -6.95000 0.10000"
228,0.0000,Tx-Rx,0,-79.7814,"-6.00000 -5.60000 0.90000, 4.25000 -6.95000 0.10000"
229,0.0000,Tx-Rx,0,-81.1044,"-6.00000 -5.60000 0.90000, 4.55000 -6.95000 0.10000"
230,0.0000,Tx-Rx,0,-79.8158,"-6.00000 -5.60000 0.90000, 4.85000 -6.95000 0.10000"
231,0.0000,Tx-Rx,0,-76.0765,"-6.00000 -5.60000 0.90000, 5.15000 -6.95000 0.10000"
232,0.0000,Tx-Rx,0,-75.6584,"-6.00000 -5.60000 0.90000, 5.45000 -6.95000 0.10000"
233,0.0000,Tx-Rx,0,-72.5633,"-6.00000 -5.60000 0.90000, 5.75000 -6.95000 0.10000"
234,0.0000,Tx-Rx,0,-72.6630,"-6.00000 -5.60000 0.90000, 6.05000 -6.95000 0.10000"
235,0.0000,Tx-Rx,0,-73.0474,"-6.00000 -5.60000 0.90000, 6.35000 -6.95000 0.10000"
236,0.0000,Tx-Rx,0,-74.9907,"-6.00000 -5.60000 0.90000, 6.65000 -6.95000 0.10000"
237,0.0000,Tx-Rx,0,-77.6277,"-6.00000 -5.60000 0.90000, 6.95000 -6.95000 0.10000"
238,0.0000,Tx-Rx,0,-78.1575,"-6.00000 -5.60000 0.90000, 7.25000 -6.95000 0.10000"
239,0.0000,Tx-Rx,0,-77.6524,"-6.00000 -5.60000 0.90000, 7.55000 -6.95000 0.10000"
240,0.0000,Tx-Rx,0,-80.1360,"-6.00000 -5.60000 0.90000, 7.85000 -6.95000 0.10000"
241,0.0000,Tx-Rx,0,-73.1605,"-6.00000 -5.60000 0.90000, -9.85000 -6.65000 0.10000"
242,0.0000,Tx-Rx,0,-72.8481,"-6.00000 -5.60000 0.90000, -9.55000 -6.65000 0.10000"
243,0.0000,Tx-Rx,0,-72.4600,"-6.00000 -5.60000 0.90000, -9.25000 -6.65000 0.10000"
244,0.0000,Tx-Rx,0,-75.9578,"-6.00000 -5.60000 0.90000, -8.95000 -6.65000 0.10000"
245,0.0000,Tx-Rx,0,-75.2812,"-6.00000 -5.60000 0.90000, -8.65000 -6.65000 0.10000"
246,0.0000,Tx-Rx,0,-74.6642,"-6.00000 -5.60000 0.90000, -8.35000 -6.65000 0.10000"
247,0.0000,Tx-Rx,0,-49.7268,"-6.00000 -5.60000 0.90000, -8.05000 -6.65000 0.10000"
248,0.0000,Tx-Rx,0,-44.5615,"-6.00000 -5.60000 0.90000, -7.75000 -6.65000 0.10000"
249,0.0000,Tx-Rx,0,-43.6924,"-6.00000 -5.60000 0.90000, -7.45000 -6.65000 0.10000"
250,0.0000,Tx-Rx,0,-43.5813,"-6.00000 -5.60000 0.90000, -7.15000 -6.65000 0.10000"
251,0.0000,Tx-Rx,0,-44.9994,"-6.00000 -5.60000 0.90000, -6.85000 -6.65000 0.10000"
252,0.0000,Tx-Rx,0,-46.3702,"-6.00000 -5.60000 0.90000, -6.55000 -6.65000 0.10000"
253,0.0000,Tx-Rx,0,-41.1738,"-6.00000 -5.60000 0.90000, -6.25000 -6.65000 0.10000"
254,0.0000,Tx-Rx,0,-44.3889,"-6.00000 -5.60000 0.90000, -5.95000 -6.65000 0.10000"
255,0.0000,Tx-Rx,0,-40.3281,"-6.00000 -5.60000 0.90000, -5.65000 -6.65000 0.10000"
256,0.0000,Tx-Rx,0,-41.1143,"-6.00000 -5.60000 0.90000, -5.35000 -6.65000 0.10000"
257,0.0000,Tx-Rx,0,-42.2154,"-6.00000 -5.60000 0.90000, -5.05000 -6.65000 0.10000"
258,0.0000,Tx-Rx,0,-43.0465,"-6.00000 -5.60000 0.90000, -4.75000 -6.65000 0.10000"
259,0.0000,Tx-Rx,0,-43.7564,"-6.00000 -5.60000 0.90000, -4.45000 -6.65000 0.10000"
260,0.0000,Tx-Rx,0,-44.8589,"-6.00000 -5.60000 0.90000, -4.15000 -6.65000 0.10000"
261,0.0000,Tx-Rx,0,-45.1981,"-6.00000 -5.60000 0.90000, -3.85000 -6.65000 0.10000"
262,0.0000,Tx-Rx,0,-46.2884,"-6.00000 -5.60000 0.90000, -3.55000 -6.65000 0.10000"
263,0.0000,Tx-Rx,0,-47.0740,"-6.00000 -5.60000 0.90000, -3.25000 -6.65000 0.10000"
264,0.0000,Tx-Rx,0,-47.9329,"-6.00000 -5.60000 0.90000, -2.95000 -6.65000 0.10000"
265,0.0000,Tx-Rx,0,-48.2815,"-6.00000 -5.60000 0.90000, -2.65000 -6.65000 0.10000"
266,0.0000,Tx-Rx,0,-48.5985,"-6.00000 -5.60000 0.90000, -2.35000 -6.65000 0.10000"
267,0.0000,Tx-Rx,0,-49.0016,"-6.00000 -5.60000 0.90000, -2.05000 -6.65000 0.10000"
268,0.0000,Tx-Rx,0,-50.1346,"-6.00000 -5.60000 0.90000, -1.75000 -6.65000 0.10000"
269,0.0000,Tx-Rx,0,-51.6489,"-6.00000 -5.60000 0.90000, -1.45000 -6.65000 0.10000"
270,0.0000,Tx-Rx,0,-51.4647,"-6.00000 -5.60000 0.90000, -1.15000 -6.65000 0.10000"
271,0.0000,Tx-Rx,0,-51.7554,"-6.00000 -5.60000 0.90000, -0.85000 -6.65000 0.10000"
272,0.0000,Tx-Rx,0,-51.5399,"-6.00000 -5.60000 0.90000, -0.55000 -6.65000 0.10000"
273,0.0000,Tx-Rx,0,-49.0455,"-6.00000 -5.60000 0.90000, -0.25000 -6.65000 0.10000"
274,0.0000,Tx-Rx,0,-53.7735,"-6.00000 -5.60000 0.90000, 0.05000 -6.65000 0.10000"
275,0.0000,Tx-Rx,0,-76.1450,"-6.00000 -5.60000 0.90000, 0.35000 -6.65000 0.10000"
276,0.0000,Tx-Rx,0,-76.1132,"-6.00000 -5.60000 0.90000, 0.65000 -6.65000 0.10000"
277,0.0000,Tx-Rx,0,-76.5213,"-6.00000 -5.60000 0.90000, 0.95000 -6.65000 0.10000"
278,0.0000,Tx-Rx,0,-76.4030,"-6.00000 -5.60000 0.90000, 1.25000 -6.65000 0.10000"
279,0.0000,Tx-Rx,0,-76.8928,"-6.00000 -5.60000 0.90000, 1.55000 -6.65000 0.10000"
280,0.0000,Tx-Rx,0,-75.8336,"-6.00000 -5.60000 0.90000, 1.85000 -6.65000 0.10000"
281,0.0000,Tx-Rx,0,-77.3086,"-6.00000 -5.60000 0.90000, 2.15000 -6.65000 0.10000"
282,0.0000,Tx-Rx,0,-75.2509,"-6.00000 -5.60000 0.90000, 2.45000 -6.65000 0.10000"
283,0.0000,Tx-Rx,0,-74.9488,"-6.00000 -5.60000 0.90000, 2.75000 -6.65000 0.10000"
284,0.0000,Tx-Rx,0,-75.0395,"-6.00000 -5.60000 0.90000, 3.05000 -6.65000 0.10000"
285,0.0000,Tx-Rx,0,-75.5620,"-6.00000 -5.60000 0.90000, 3.35000 -6.65000 0.10000"
286,0.0000,Tx-Rx,0,-75.5449,"-6.00000 -5.60000 0.90000, 3.65000 -6.65000 0.10000"
287,0.0000,Tx-Rx,0,-76.1620,"-6.00000 -5.60000 0.90000, 3.95000 -6.65000 0.10000"
288,0.0000,Tx-Rx,0,-78.0456,"-6.00000 -5.60000 0.90000, 4.25000 -6.65000 0.10000"
289,0.0000,Tx-Rx,0,-76.6789,"-6.00000 -5.60000 0.90000, 4.55000 -6.65000 0.10000"
290,0.0000,Tx-Rx,0,-77.2400,"-6.00000 -5.60000 0.90000, 4.85000 -6.65000 0.10000"
291,0.0000,Tx-Rx,0,-72.5787,"-6.00000 -5.60000 0.90000, 5.15000 -6.65000 0.10000"
292,0.0000,Tx-Rx,0,-72.2502,"-6.00000 -5.60000 0.90000, 5.45000 -6.65000 0.10000"
293,0.0000,Tx-Rx,0,-72.1991,"-6.00000 -5.60000 0.90000, 5.75000 -6.65000 0.10000"
294,0.0000,Tx-Rx,0,-72.1955,"-6.00000 -5.60000 0.90000, 6.05000 -6.65000 0.10000"
295,0.0000,Tx-Rx,0,-71.6779,"-6.00000 -5.60000 0.90000, 6.35000 -6.65000 0.10000"
296,0.0000,Tx-Rx,0,-73.4927,"-6.00000 -5.60000 0.90000, 6.65000 -6.65000 0.10000"
297,0.0000,Tx-Rx,0,-75.4943,"-6.00000 -5.60000 0.90000, 6.95000 -6.65000 0.10000"
298,0.0000,Tx-Rx,0,-76.9321,"-6.00000 -5.60000 0.90000, 7.25000 -6.65000 0.10000"
299,0.0000,Tx-Rx,0,-77.3621,"-6.00000 -5.60000 0.90000, 7.55000 -6.65000 0.10000"
300,0.0000,Tx-Rx,0,-80.1321,"-6.00000 -5.60000 0.90000, 7.85000 -6.65000 0.10000"
301,0.0000,Tx-Rx,0,-73.1712,"-6.00000 -5.60000 0.90000, -9.85000 -6.35000 0.10000"
302,0.0000,Tx-Rx,0,-72.4939,"-6.00000 -5.60000 0.90000, -9.55000 -6.35000 0.10000"
303,0.0000,Tx-Rx,0,-72.0298,"-6.00000 -5.60000 0.90000, -9.25000 -6.35000 0.10000"
304,0.0000,Tx-Rx,0,-75.0832,"-6.00000 -5.60000 0.90000, -8.95000 -6.35000 0.10000"
305,0.0000,Tx-Rx,0,-74.3235,"-6.00000 -5.60000 0.90000, -8.65000 -6.35000 0.10000"
306,0.0000,Tx-Rx,0,-73.7734,"-6.00000 -5.60000 0.90000, -8.35000 -6.35000 0.10000"
307,0.0000,Tx-Rx,0,-49.4728,"-6.00000 -5.60000 0.90000, -8.05000 -6.35000 0.10000"
308,0.0000,Tx-Rx,0,-44.1926,"-6.00000 -5.60000 0.90000, -7.75000 -6.35000 0.10000"
309,0.0000,Tx-Rx,0,-43.2886,"-6.00000 -5.60000 0.90000, -7.45000 -6.35000 0.10000"
310,0.0000,Tx-Rx,0,-42.1318,"-6.00000 -5.60000 0.90000, -7.15000 -6.35000 0.10000"
311,0.0000,Tx-Rx,0,-41.0255,"-6.00000 -5.60000 0.90000, -6.85000 -6.35000 0.10000"
312,0.0000,Tx-Rx,0,-40.1670,"-6.00000 -5.60000 0.90000, -6.55000 -6.35000 0.10000"
313,0.0000,Tx-Rx,0,-39.2398,"-6.00000 -5.60000 0.90000, -6.25000 -6.35000 0.10000"
314,0.0000,Tx-Rx,0,-39.5308,"-6.00000 -5.60000 0.90000, -5.95000 -6.35000 0.10000"
315,0.0000,Tx-Rx,0,-39.1401,"-6.00000 -5.60000 0.90000, -5.65000 -6.35000 0.10000"
316,0.0000,Tx-Rx,0,-40.1966,"-6.00000 -5.60000 0.90000, -5.35000 -6.35000 0.10000"
317,0.0000,Tx-Rx,0,-41.3241,"-6.00000 -5.60000 0.90000, -5.05000 -6.35000 0.10000"
318,0.0000,Tx-Rx,0,-42.2850,"-6.00000 -5.60000 0.90000, -4.75000 -6.35000 0.10000"
319,0.0000,Tx-Rx,0,-43.1052,"-6.00000 -5.60000 0.90000, -4.45000 -6.35000 0.10000"
320,0.0000,Tx-Rx,0,-44.2885,"-6.00000 -5.60000 0.90000, -4.15000 -6.35000 0.10000"
321,0.0000,Tx-Rx,0,-45.1003,"-6.00000 -5.60000 0.90000, -3.85000 -6.35000 0.10000"
322,0.0000,Tx-Rx,0,-46.0169,"-6.00000 -5.60000 0.90000, -3.55000 -6.35000 0.10000"
323,0.0000,Tx-Rx,0,-46.8444,"-6.00000 -5.60000 0.90000, -3.25000 -6.35000 0.10000"
324,0.0000,Tx-Rx,0,-47.3784,"-6.00000 -5.60000 0.90000, -2.95000 -6.35000 0.10000"
325,0.0000,Tx-Rx,0,-48.0566,"-6.00000 -5.60000 0.90000, -2.65000 -6.35000 0.10000"
326,0.0000,Tx-Rx,0,-48.4656,"-6.00000 -5.60000 0.90000, -2.35000 -6.35000 0.10000"
327,0.0000,Tx-Rx,0,-49.0083,"-6.00000 -5.60000 0.90000, -2.05000 -6.35000 0.10000"
328,0.0000,Tx-Rx,0,-50.1032,"-6.00000 -5.60000 0.90000, -1.75000 -6.35000 0.10000"
329,0.0000,Tx-Rx,0,-51.2722,"-6.00000 -5.60000 0.90000, -1.45000 -6.35000 0.10000"
330,0.0000,Tx-Rx,0,-51.2127,"-6.00000 -5.60000 0.90000, -1.15000 -6.35000 0.10000"
331,0.0000,Tx-Rx,0,-52.0175,"-6.00000 -5.60000 0.90000, -0.85000 -6.35000 0.10000"
332,0.0000,Tx-Rx,0,-51.6095,"-6.00000 -5.60000 0.90000, -0.55000 -6.35000 0.10000"
333,0.0000,Tx-Rx,0,-49.1080,"-6.00000 -5.60000 0.90000, -0.25000 -6.35000 0.10000"
334,0.0000,Tx-Rx,0,-53.9419,"-6.00000 -5.60000 0.90000, 0.05000 -6.35000 0.10000"
335,0.0000,Tx-Rx,0,-75.9147,"-6.00000 -5.60000 0.90000, 0.35000 -6.35000 0.10000"
336,0.0000,Tx-Rx,0,-75.7886,"-6.00000 -5.60000 0.90000, 0.65000 -6.35000 0.10000"
337,0.0000,Tx-Rx,0,-76.1210,"-6.00000 -5.60000 0.90000, 0.95000 -6.35000 0.10000"
338,0.0000,Tx-Rx,0,-76.2402,"-6.00000 -5.60000 0.90000, 1.25000 -6.35000 0.10000"
339,0.0000,Tx-Rx,0,-76.3775,"-6.00000 -5.60000 0.90000, 1.55000 -6.35000 0.10000"
340,0.0000,Tx-Rx,0,-75.4677,"-6.00000 -5.60000 0.90000, 1.85000 -6.35000 0.10000"
341,0.0000,Tx-Rx,0,-76.2000,"-6.00000 -5.60000 0.90000, 2.15000 -6.35000 0.10000"
342,0.0000,Tx-Rx,0,-74.7221,"-6.00000 -5.60000 0.90000, 2.45000 -6.35000 0.10000"
343,0.0000,Tx-Rx,0,-74.5394,"-6.00000 -5.60000 0.90000, 2.75000 -6.35000 0.10000"
344,0.0000,Tx-Rx,0,-75.8362,"-6.00000 -5.60000 0.90000, 3.05000 -6.35000 0.10000"
345,0.0000,Tx-Rx,0,-78.1396,"-6.00000 -5.60000 0.90000, 3.35000 -6.35000 0.10000"
346,0.0000,Tx-Rx,0,-77.0863,"-6.00000 -5.60000 0.90000, 3.65000 -6.35000 0.10000"
347,0.0000,Tx-Rx,0,-78.5170,"-6.00000 -5.60000 0.90000, 3.95000 -6.35000 0.10000"
348,0.0000,Tx-Rx,0,-79.7591,"-6.00000 -5.60000 0.90000, 4.25000 -6.35000 0.10000"
349,0.0000,Tx-Rx,0,-78.5239,"-6.00000 -5.60000 0.90000, 4.55000 -6.35000 0.10000"
350,0.0000,Tx-Rx,0,-77.2951,"-6.00000 -5.60000 0.90000, 4.85000 -6.35000 0.10000"
351,0.0000,Tx-Rx,0,-77.1150,"-6.00000 -5.60000 0.90000, 5.15000 -6.35000 0.10000"
352,0.0000,Tx-Rx,0,-73.2262,"-6.00000 -5.60000 0.90000, 5.45000 -6.35000 0.10000"
353,0.0000,Tx-Rx,0,-72.1507,"-6.00000 -5.60000 0.90000, 5.75000 -6.35000 0.10000"
354,0.0000,Tx-Rx,0,-72.0144,"-6.00000 -5.60000 0.90000, 6.05000 -6.35000 0.10000"
355,0.0000,Tx-Rx,0,-71.9900,"-6.00000 -5.60000 0.90000, 6.35000 -6.35000 0.10000"
356,0.0000,Tx-Rx,0,-72.2745,"-6.00000 -5.60000 0.90000, 6.65000 -6.35000 0.10000"
357,0.0000,Tx-Rx,0,-74.0329,"-6.00000 -5.60000 0.90000, 6.95000 -6.35000 0.10000"
358,0.0000,Tx-Rx,0,-75.7068,"-6.00000 -5.60000 0.90000, 7.25000 -6.35000 0.10000"
359,0.0000,Tx-Rx,0,-78.9304,"-6.00000 -5.60000 0.90000, 7.55000 -6.35000 0.10000"
360,0.0000,Tx-Rx,0,-78.3064,"-6.00000 -5.60000 0.90000, 7.85000 -6.35000 0.10000"
361,0.0000,Tx-Rx,0,-72.9999,"-6.00000 -5.60000 0.90000, -9.85000 -6.05000 0.10000"
362,0.0000,Tx-Rx,0,-71.9717,"-6.00000 -5.60000 0.90000, -9.55000 -6.05000 0.10000"
363,0.0000,Tx-Rx,0,-71.4931,"-6.00000 -5.60000 0.90000, -9.25000 -6.05000 0.10000"
364,0.0000,Tx-Rx,0,-75.1745,"-6.00000 -5.60000 0.90000, -8.95000 -6.05000 0.10000"
365,0.0000,Tx-Rx,0,-74.1752,"-6.00000 -5.60000 0.90000, -8.65000 -6.05000 0.10000"
366,0.0000,Tx-Rx,0,-72.6184,"-6.00000 -5.60000 0.90000, -8.35000 -6.05000 0.10000"
367,0.0000,Tx-Rx,0,-48.4468,"-6.00000 -5.60000 0.90000, -8.05000 -6.05000 0.10000"
368,0.0000,Tx-Rx,0,-43.2027,"-6.00000 -5.60000 0.90000, -7.75000 -6.05000 0.10000"
369,0.0000,Tx-Rx,0,-42.5153,"-6.00000 -5.60000 0.90000, -7.45000 -6.05000 0.10000"
370,0.0000,Tx-Rx,0,-41.3007,"-6.00000 -5.60000 0.90000, -7.15000 -6.05000 0.10000"
371,0.0000,Tx-Rx,0,-39.9832,"-6.00000 -5.60000 0.90000, -6.85000 -6.05000 0.10000"
372,0.0000,Tx-Rx,0,-38.8121,"-6.00000 -5.60000 0.90000, -6.55000 -6.05000 0.10000"
373,0.0000,Tx-Rx,0,-37.9542,"-6.00000 -5.60000 0.90000, -6.25000 -6.05000 0.10000"
374,0.0000,Tx-Rx,0,-38.2990,"-6.00000 -5.60000 0.90000, -5.95000 -6.05000 0.10000"
375,0.0000,Tx-Rx,0,-38.3794,"-6.00000 -5.60000 0.90000, -5.65000 -6.05000 0.10000"
376,0.0000,Tx-Rx,0,-39.2367,"-6.00000 -5.60000 0.90000, -5.35000 -6.05000 0.10000"
377,0.0000,Tx-Rx,0,-40.3298,"-6.00000 -5.60000 0.90000, -5.05000 -6.05000 0.10000"
378,0.0000,Tx-Rx,0,-41.4240,"-6.00000 -5.60000 0.90000, -4.75000 -6.05000 0.10000"
379,0.0000,Tx-Rx,0,-42.1541,"-6.00000 -5.60000 0.90000, -4.45000 -6.05000 0.10000"
380,0.0000,Tx-Rx,0,-43.4744,"-6.00000 -5.60000 0.90000, -4.15000 -6.05000 0.10000"
381,0.0000,Tx-Rx,0,-44.4461,"-6.00000 -5.60000 0.90000, -3.85000 -6.05000 0.10000"
382,0.0000,Tx-Rx,0,-45.3509,"-6.00000 -5.60000 0.90000, -3.55000 -6.05000 0.10000"
383,0.0000,Tx-Rx,0,-46.3955,"-6.00000 -5.60000 0.90000, -3.25000 -6.05000 0.10000"
384,0.0000,Tx-Rx,0,-46.9450,"-6.00000 -5.60000 0.90000, -2.95000 -6.05000 0.10000"
385,0.0000,Tx-Rx,0,-47.5546,"-6.00000 -5.60000 0.90000, -2.65000 -6.05000 0.10000"
386,0.0000,Tx-Rx,0,-47.6598,"-6.00000 -5.60000 0.90000, -2.35000 -6.05000 0.10000"
387,0.0000,Tx-Rx,0,-48.0203,"-6.00000 -5.60000 0.90000, -2.05000 -6.05000 0.10000"
388,0.0000,Tx-Rx,0,-49.4958,"-6.00000 -5.60000 0.90000, -1.75000 -6.05000 0.10000"
389,0.0000,Tx-Rx,0,-51.3665,"-6.00000 -5.60000 0.90000, -1.45000 -6.05000 0.10000"
390,0.0000,Tx-Rx,0,-51.6923,"-6.00000 -5.60000 0.90000, -1.15000 -6.05000 0.10000"
391,0.0000,Tx-Rx,0,-51.8752,"-6.00000 -5.60000 0.90000, -0.85000 -6.05000 0.10000"
392,0.0000,Tx-Rx,0,-51.5855,"-6.00000 -5.60000 0.90000, -0.55000 -6.05000 0.10000"
393,0.0000,Tx-Rx,0,-49.1341,"-6.00000 -5.60000 0.90000, -0.25000 -6.05000 0.10000"
394,0.0000,Tx-Rx,0,-53.9695,"-6.00000 -5.60000 0.90000, 0.05000 -6.05000 0.10000"
395,0.0000,Tx-Rx,0,-75.3989,"-6.00000 -5.60000 0.90000, 0.35000 -6.05000 0.10000"
396,0.0000,Tx-Rx,0,-76.0896,"-6.00000 -5.60000 0.90000, 0.65000 -6.05000 0.10000"
397,0.0000,Tx-Rx,0,-75.9456,"-6.00000 -5.60000 0.90000, 0.95000 -6.05000 0.10000"
398,0.0000,Tx-Rx,0,-75.4382,"-6.00000 -5.60000 0.90000, 1.25000 -6.05000 0.10000"
399,0.0000,Tx-Rx,0,-75.8412,"-6.00000 -5.60000 0.90000, 1.55000 -6.05000 0.10000"
400,0.0000,Tx-Rx,0,-75.2788,"-6.00000 -5.60000 0.90000, 1.85000 -6.05000 0.10000"
401,0.0000,Tx-Rx,0,-75.6961,"-6.00000 -5.60000 0.90000, 2.15000 -6.05000 0.10000"
402,0.0000,Tx-Rx,0,-74.7346,"-6.00000 -5.60000 0.90000, 2.45000 -6.05000 0.10000"
403,0.0000,Tx-Rx,0,-75.2404,"-6.00000 -5.60000 0.90000, 2.75000 -6.05000 0.10000"
404,0.0000,Tx-Rx,0,-77.0915,"-6.00000 -5.60000 0.90000, 3.05000 -6.05000 0.10000"
405,0.0000,Tx-Rx,0,-76.9152,"-6.00000 -5.60000 0.90000, 3.35000 -6.05000 0.10000"
406,0.0000,Tx-Rx,0,-75.8618,"-6.00000 -5.60000 0.90000, 3.65000 -6.05000 0.10000"
407,0.0000,Tx-Rx,0,-78.8084,"-6.00000 -5.60000 0.90000, 3.95000 -6.05000 0.10000"
408,0.0000,Tx-Rx,0,-77.4642,"-6.00000 -5.60000 0.90000, 4.25000 -6.05000 0.10000"
409,0.0000,Tx-Rx,0,-77.3584,"-6.00000 -5.60000 0.90000, 4.55000 -6.05000 0.10000"
410,0.0000,Tx-Rx,0,-77.1777,"-6.00000 -5.60000 0.90000, 4.85000 -6.05000 0.10000"
411,0.0000,Tx-Rx,0,-77.1642,"-6.00000 -5.60000 0.90000, 5.15000 -6.05000 0.10000"
412,0.0000,Tx-Rx,0,-76.4772,"-6.00000 -5.60000 0.90000, 5.45000 -6.05000 0.10000"
413,0.0000,Tx-Rx,0,-72.6939,"-6.00000 -5.60000 0.90000, 5.75000 -6.05000 0.10000"
414,0.0000,Tx-Rx,0,-71.8366,"-6.00000 -5.60000 0.90000, 6.05000 -6.05000 0.10000"
415,0.0000,Tx-Rx,0,-72.3373,"-6.00000 -5.60000 0.90000, 6.35000 -6.05000 0.10000"
416,0.0000,Tx-Rx,0,-72.2486,"-6.00000 -5.60000 0.90000, 6.65000 -6.05000 0.10000"
417,0.0000,Tx-Rx,0,-73.0414,"-6.00000 -5.60000 0.90000, 6.95000 -6.05000 0.10000"
418,0.0000,Tx-Rx,0,-74.8805,"-6.00000 -5.60000 0.90000, 7.25000 -6.05000 0.10000"
419,0.0000,Tx-Rx,0,-78.1386,"-6.00000 -5.60000 0.90000, 7.55000 -6.05000 0.10000"
420,0.0000,Tx-Rx,0,-77.1388,"-6.00000 -5.60000 0.90000, 7.85000 -6.05000 0.10000"
421,0.0000,Tx-Rx,0,-72.7146,"-6.00000 -5.60000 0.90000, -9.85000 -5.75000 0.10000"
422,0.0000,Tx-Rx,0,-72.1483,"-6.00000 -5.60000 0.90000, -9.55000 -5.75000 0.10000"
423,0.0000,Tx-Rx,0,-71.5479,"-6.00000 -5.60000 0.90000, -9.25000 -5.75000 0.10000"
424,0.0000,Tx-Rx,0,-75.1185,"-6.00000 -5.60000 0.90000, -8.95000 -5.75000 0.10000"
425,0.0000,Tx-Rx,0,-73.1924,"-6.00000 -5.60000 0.90000, -8.65000 -5.75000 0.10000"
426,0.0000,Tx-Rx,0,-72.9904,"-6.00000 -5.60000 0.90000, -8.35000 -5.75000 0.10000"
427,0.0000,Tx-Rx,0,-49.0122,"-6.00000 -5.60000 0.90000, -8.05000 -5.75000 0.10000"
428,0.0000,Tx-Rx,0,-43.5941,"-6.00000 -5.60000 0.90000, -7.75000 -5.75000 0.10000"
429,0.0000,Tx-Rx,0,-43.2283,"-6.00000 -5.60000 0.90000, -7.45000 -5.75000 0.10000"
430,0.0000,Tx-Rx,0,-41.6446,"-6.00000 -5.60000 0.90000, -7.15000 -5.75000 0.10000"
431,0.0000,Tx-Rx,0,-39.5767,"-6.00000 -5.60000 0.90000, -6.85000 -5.75000 0.10000"
432,0.0000,Tx-Rx,0,-38.2830,"-6.00000 -5.60000 0.90000, -6.55000 -5.75000 0.10000"
433,0.0000,Tx-Rx,0,-38.1653,"-6.00000 -5.60000 0.90000, -6.25000 -5.75000 0.10000"
434,0.0000,Tx-Rx,0,-38.3627,"-6.00000 -5.60000 0.90000, -5.95000 -5.75000 0.10000"
435,0.0000,Tx-Rx,0,-38.2722,"-6.00000 -5.60000 0.90000, -5.65000 -5.75000 0.10000"
436,0.0000,Tx-Rx,0,-38.7658,"-6.00000 -5.60000 0.90000, -5.35000 -5.75000 0.10000"
437,0.0000,Tx-Rx,0,-40.0065,"-6.00000 -5.60000 0.90000, -5.05000 -5.75000 0.10000"
438,0.0000,Tx-Rx,0,-41.5266,"-6.00000 -5.60000 0.90000, -4.75000 -5.75000 0.10000"
439,0.0000,Tx-Rx,0,-42.4926,"-6.00000 -5.60000 0.90000, -4.45000 -5.75000 0.10000"
440,0.0000,Tx-Rx,0,-43.9479,"-6.00000 -5.60000 0.90000, -4.15000 -5.75000 0.10000"
441,0.0000,Tx-Rx,0,-44.9395,"-6.00000 -5.60000 0.90000, -3.85000 -5.75000 0.10000"
442,0.0000,Tx-Rx,0,-45.8619,"-6.00000 -5.60000 0.90000, -3.55000 -5.75000 0.10000"
443,0.0000,Tx-Rx,0,-47.2828,"-6.00000 -5.60000 0.90000, -3.25000 -5.75000 0.10000"
444,0.0000,Tx-Rx,0,-47.9633,"-6.00000 -5.60000 0.90000, -2.95000 -5.75000 0.10000"
445,0.0000,Tx-Rx,0,-48.8394,"-6.00000 -5.60000 0.90000, -2.65000 -5.75000 0.10000"
446,0.0000,Tx-Rx,0,-48.6533,"-6.00000 -5.60000 0.90000, -2.35000 -5.75000 0.10000"
447,0.0000,Tx-Rx,0,-49.0655,"-6.00000 -5.60000 0.90000, -2.05000 -5.75000 0.10000"
448,0.0000,Tx-Rx,0,-49.7179,"-6.00000 -5.60000 0.90000, -1.75000 -5.75000 0.10000"
449,0.0000,Tx-Rx,0,-50.8152,"-6.00000 -5.60000 0.90000, -1.45000 -5.75000 0.10000"
450,0.0000,Tx-Rx,0,-51.6401,"-6.00000 -5.60000 0.90000, -1.15000 -5.75000 0.10000"
451,0.0000,Tx-Rx,0,-51.6906,"-6.00000 -5.60000 0.90000, -0.85000 -5.75000 0.10000"
452,0.0000,Tx-Rx,0,-51.9379,"-6.00000 -5.60000 0.90000, -0.55000 -5.75000 0.10000"
453,0.0000,Tx-Rx,0,-49.0830,"-6.00000 -5.60000 0.90000, -0.25000 -5.75000 0.10000"
454,0.0000,Tx-Rx,0,-54.0651,"-6.00000 -5.60000 0.90000, 0.05000 -5.75000 0.10000"
455,0.0000,Tx-Rx,0,-75.5693,"-6.00000 -5.60000 0.90000, 0.35000 -5.75000 0.10000"
456,0.0000,Tx-Rx,0,-75.6956,"-6.00000 -5.60000 0.90000, 0.65000 -5.75000 0.10000"
457,0.0000,Tx-Rx,0,-75.3979,"-6.00000 -5.60000 0.90000, 0.95000 -5.75000 0.10000"
458,0.0000,Tx-Rx,0,-75.8697,"-6.00000 -5.60000 0.90000, 1.25000 -5.75000 0.10000"
459,0.0000,Tx-Rx,0,-75.6833,"-6.00000 -5.60000 0.90000, 1.55000 -5.75000 0.10000"
460,0.0000,Tx-Rx,0,-74.9696,"-6.00000 -5.60000 0.90000, 1.85000 -5.75000 0.10000"
461,0.0000,Tx-Rx,0,-74.2619,"-6.00000 -5.60000 0.90000, 2.15000 -5.75000 0.10000"
462,0.0000,Tx-Rx,0,-75.4102,"-6.00000 -5.60000 0.90000, 2.45000 -5.75000 0.10000"
463,0.0000,Tx-Rx,0,-75.8196,"-6.00000 -5.60000 0.90000, 2.75000 -5.75000 0.10000"
464,0.0000,Tx-Rx,0,-77.4175,"-6.00000 -5.60000 0.90000, 3.05000 -5.75000 0.10000"
465,0.0000,Tx-Rx,0,-76.2541,"-6.00000 -5.60000 0.90000, 3.35000 -5.75000 0.10000"
466,0.0000,Tx-Rx,0,-76.3457,"-6.00000 -5.60000 0.90000, 3.65000 -5.75000 0.10000"
467,0.0000,Tx-Rx,0,-77.5432,"-6.00000 -5.60000 0.90000, 3.95000 -5.75000 0.10000"
468,0.0000,Tx-Rx,0,-76.6212,"-6.00000 -5.60000 0.90000, 4.25000 -5.75000 0.10000"
469,0.0000,Tx-Rx,0,-78.5599,"-6.00000 -5.60000 0.90000, 4.55000 -5.75000 0.10000"
470,0.0000,Tx-Rx,0,-76.7180,"-6.00000 -5.60000 0.90000, 4.85000 -5.75000 0.10000"
471,0.0000,Tx-Rx,0,-76.4594,"-6.00000 -5.60000 0.90000, 5.15000 -5.75000 0.10000"
472,0.0000,Tx-Rx,0,-76.5673,"-6.00000 -5.60000 0.90000, 5.45000 -5.75000 0.10000"
473,0.0000,Tx-Rx,0,-75.8451,"-6.00000 -5.60000 0.90000, 5.75000 -5.75000 0.10000"
474,0.0000,Tx-Rx,0,-71.8760,"-6.00000 -5.60000 0.90000, 6.05000 -5.75000 0.10000"
475,0.0000,Tx-Rx,0,-72.2313,"-6.00000 -5.60000 0.90000, 6.35000 -5.75000 0.10000"
476,0.0000,Tx-Rx,0,-72.5069,"-6.00000 -5.60000 0.90000, 6.65000 -5.75000 0.10000"
477,0.0000,Tx-Rx,0,-72.1395,"-6.00000 -5.60000 0.90000, 6.95000 -5.75000 0.10000"
478,0.0000,Tx-Rx,0,-73.7132,"-6.00000 -5.60000 0.90000, 7.25000 -5.75000 0.10000"
479,0.0000,Tx-Rx,0,-74.6237,"-6.00000 -5.60000 0.90000, 7.55000 -5.75000 0.10000"
480,0.0000,Tx-Rx,0,-79.4021,"-6.00000 -5.60000 0.90000, 7.85000 -5.75000 0.10000"
481,0.0000,Tx-Rx,0,-73.1271,"-6.00000 -5.60000 0.90000, -9.85000 -5.45000 0.10000"
482,0.0000,Tx-Rx,0,-72.1098,"-6.00000 -5.60000 0.90000, -9.55000 -5.45000 0.10000"
483,0.0000,Tx-Rx,0,-71.5487,"-6.00000 -5.60000 0.90000, -9.25000 -5.45000 0.10000"
484,0.0000,Tx-Rx,0,-75.7326,"-6.00000 -5.60000 0.90000, -8.95000 -5.45000 0.10000"
485,0.0000,Tx-Rx,0,-73.7125,"-6.00000 -5.60000 0.90000, -8.65000 -5.45000 0.10000"
486,0.0000,Tx-Rx,0,-72.8856,"-6.00000 -5.60000 0.90000, -8.35000 -5.45000 0.10000"
487,0.0000,Tx-Rx,0,-48.9094,"-6.00000 -5.60000 0.90000, -8.05000 -5.45000 0.10000"
488,0.0000,Tx-Rx,0,-43.4588,"-6.00000 -5.60000 0.90000, -7.75000 -5.45000 0.10000"
489,0.0000,Tx-Rx,0,-44.0131,"-6.00000 -5.60000 0.90000, -7.45000 -5.45000 0.10000"
490,0.0000,Tx-Rx,0,-41.9779,"-6.00000 -5.60000 0.90000, -7.15000 -5.45000 0.10000"
491,0.0000,Tx-Rx,0,-40.0645,"-6.00000 -5.60000 0.90000, -6.85000 -5.45000 0.10000"
492,0.0000,Tx-Rx,0,-39.0058,"-6.00000 -5.60000 0.90000, -6.55000 -5.45000 0.10000"
493,0.0000,Tx-Rx,0,-38.2931,"-6.00000 -5.60000 0.90000, -6.25000 -5.45000 0.10000"
494,0.0000,Tx-Rx,0,-38.3690,"-6.00000 -5.60000 0.90000, -5.95000 -5.45000 0.10000"
495,0.0000,Tx-Rx,0,-38.2632,"-6.00000 -5.60000 0.90000, -5.65000 -5.45000 0.10000"
496,0.0000,Tx-Rx,0,-38.8487,"-6.00000 -5.60000 0.90000, -5.35000 -5.45000 0.10000"
497,0.0000,Tx-Rx,0,-40.7499,"-6.00000 -5.60000 0.90000, -5.05000 -5.45000 0.10000"
498,0.0000,Tx-Rx,0,-42.5218,"-6.00000 -5.60000 0.90000, -4.75000 -5.45000 0.10000"
499,0.0000,Tx-Rx,0,-42.8553,"-6.00000 -5.60000 0.90000, -4.45000 -5.45000 0.10000"
500,0.0000,Tx-Rx,0,-43.9091,"-6.00000 -5.60000 0.90000, -4.15000 -5.45000 0.10000"
501,0.0000,Tx-Rx,0,-44.7582,"-6.00000 -5.60000 0.90000, -3.85000 -5.45000 0.10000"
502,0.0000,Tx-Rx,0,-45.8019,"-6.00000 -5.60000 0.90000, -3.55000 -5.45000 0.10000"
503,0.0000,Tx-Rx,0,-48.4725,"-6.00000 -5.60000 0.90000, -3.25000 -5.45000 0.10000"
504,0.0000,Tx-Rx,0,-48.6658,"-6.00000 -5.60000 0.90000, -2.95000 -5.45000 0.10000"
505,0.0000,Tx-Rx,0,-50.3221,"-6.00000 -5.60000 0.90000, -2.65000 -5.45000 0.10000"
506,0.0000,Tx-Rx,0,-48.7437,"-6.00000 -5.60000 0.90000, -2.35000 -5.45000 0.10000"
507,0.0000,Tx-Rx,0,-49.1378,"-6.00000 -5.60000 0.90000, -2.05000 -5.45000 0.10000"
508,0.0000,Tx-Rx,0,-50.3108,"-6.00000 -5.60000 0.90000, -1.75000 -5.45000 0.10000"
509,0.0000,Tx-Rx,0,-51.1503,"-6.00000 -5.60000 0.90000, -1.45000 -5.45000 0.10000"
510,0.0000,Tx-Rx,0,-51.1854,"-6.00000 -5.60000 0.90000, -1.15000 -5.45000 0.10000"
511,0.0000,Tx-Rx,0,-51.2965,"-6.00000 -5.60000 0.90000, -0.85000 -5.45000 0.10000"
512,0.0000,Tx-Rx,0,-51.6588,"-6.00000 -5.60000 0.90000, -0.55000 -5.45000 0.10000"
513,0.0000,Tx-Rx,0,-49.3451,"-6.00000 -5.60000 0.90000, -0.25000 -5.45000 0.10000"
514,0.0000,Tx-Rx,0,-53.9840,"-6.00000 -5.60000 0.90000, 0.05000 -5.45000 0.10000"
515,0.0000,Tx-Rx,0,-76.8119,"-6.00000 -5.60000 0.90000, 0.35000 -5.45000 0.10000"
516,0.0000,Tx-Rx,0,-76.6022,"-6.00000 -5.60000 0.90000, 0.65000 -5.45000 0.10000"
517,0.0000,Tx-Rx,0,-76.1181,"-6.00000 -5.60000 0.90000, 0.95000 -5.45000 0.10000"
518,0.0000,Tx-Rx,0,-76.1870,"-6.00000 -5.60000 0.90000, 1.25000 -5.45000 0.10000"
519,0.0000,Tx-Rx,0,-75.8594,"-6.00000 -5.60000 0.90000, 1.55000 -5.45000 0.10000"
520,0.0000,Tx-Rx,0,-75.5765,"-6.00000 -5.60000 0.90000, 1.85000 -5.45000 0.10000"
521,0.0000,Tx-Rx,0,-74.7923,"-6.00000 -5.60000 0.90000, 2.15000 -5.45000 0.10000"
522,0.0000,Tx-Rx,0,-74.8779,"-6.00000 -5.60000 0.90000, 2.45000 -5.45000 0.10000"
523,0.0000,Tx-Rx,0,-76.8832,"-6.00000 -5.60000 0.90000, 2.75000 -5.45000 0.10000"
524,0.0000,Tx-Rx,0,-76.7713,"-6.00000 -5.60000 0.90000, 3.05000 -5.45000 0.10000"
525,0.0000,Tx-Rx,0,-76.9356,"-6.00000 -5.60000 0.90000, 3.35000 -5.45000 0.10000"
526,0.0000,Tx-Rx,0,-77.2133,"-6.00000 -5.60000 0.90000, 3.65000 -5.45000 0.10000"
527,0.0000,Tx-Rx,0,-77.6229,"-6.00000 -5.60000 0.90000, 3.95000 -5.45000 0.10000"
528,0.0000,Tx-Rx,0,-76.9074,"-6.00000 -5.60000 0.90000, 4.25000 -5.45000 0.10000"
529,0.0000,Tx-Rx,0,-76.3482,"-6.00000 -5.60000 0.90000, 4.55000 -5.45000 0.10000"
530,0.0000,Tx-Rx,0,-76.8856,"-6.00000 -5.60000 0.90000, 4.85000 -5.45000 0.10000"
531,0.0000,Tx-Rx,0,-75.7097,"-6.00000 -5.60000 0.90000, 5.15000 -5.45000 0.10000"
532,0.0000,Tx-Rx,0,-76.6352,"-6.00000 -5.60000 0.90000, 5.45000 -5.45000 0.10000"
533,0.0000,Tx-Rx,0,-75.4321,"-6.00000 -5.60000 0.90000, 5.75000 -5.45000 0.10000"
534,0.0000,Tx-Rx,0,-74.0749,"-6.00000 -5.60000 0.90000, 6.05000 -5.45000 0.10000"
535,0.0000,Tx-Rx,0,-72.2783,"-6.00000 -5.60000 0.90000, 6.35000 -5.45000 0.10000"
536,0.0000,Tx-Rx,0,-72.2934,"-6.00000 -5.60000 0.90000, 6.65000 -5.45000 0.10000"
537,0.0000,Tx-Rx,0,-72.6305,"-6.00000 -5.60000 0.90000, 6.95000 -5.45000 0.10000"
538,0.0000,Tx-Rx,0,-72.2940,"-6.00000 -5.60000 0.90000, 7.25000 -5.45000 0.10000"
539,0.0000,Tx-Rx,0,-73.1368,"-6.00000 -5.60000 0.90000, 7.55000 -5.45000 0.10000"
540,0.0000,Tx-Rx,0,-74.1771,"-6.00000 -5.60000 0.90000, 7.85000 -5.45000 0.10000"
541,0.0000,Tx-Rx,0,-72.8837,"-6.00000 -5.60000 0.90000, -9.85000 -5.15000 0.10000"
542,0.0000,Tx-Rx,0,-72.0140,"-6.00000 -5.60000 0.90000, -9.55000 -5.15000 0.10000"
543,0.0000,Tx-Rx,0,-72.1507,"-6.00000 -5.60000 0.90000, -9.25000 -5.15000 0.10000"
544,0.0000,Tx-Rx,0,-75.6859,"-6.00000 -5.60000 0.90000, -8.95000 -5.15000 0.10000"
545,0.0000,Tx-Rx,0,-73.8905,"-6.00000 -5.60000 0.90000, -8.65000 -5.15000 0.10000"
546,0.0000,Tx-Rx,0,-73.5112,"-6.00000 -5.60000 0.90000, -8.35000 -5.15000 0.10000"
547,0.0000,Tx-Rx,0,-49.0890,"-6.00000 -5.60000 0.90000, -8.05000 -5.15000 0.10000"
548,0.0000,Tx-Rx,0,-44.0261,"-6.00000 -5.60000 0.90000, -7.75000 -5.15000 0.10000"
549,0.0000,Tx-Rx,0,-44.8952,"-6.00000 -5.60000 0.90000, -7.45000 -5.15000 0.10000"
550,0.0000,Tx-Rx,0,-44.4562,"-6.00000 -5.60000 0.90000, -7.15000 -5.15000 0.10000"
551,0.0000,Tx-Rx,0,-41.1211,"-6.00000 -5.60000 0.90000, -6.85000 -5.15000 0.10000"
552,0.0000,Tx-Rx,0,-38.7789,"-6.00000 -5.60000 0.90000, -6.55000 -5.15000 0.10000"
553,0.0000,Tx-Rx,0,-38.2242,"-6.00000 -5.60000 0.90000, -6.25000 -5.15000 0.10000"
554,0.0000,Tx-Rx,0,-38.1374,"-6.00000 -5.60000 0.90000, -5.95000 -5.15000 0.10000"
555,0.0000,Tx-Rx,0,-38.3757,"-6.00000 -5.60000 0.90000, -5.65000 -5.15000 0.10000"
556,0.0000,Tx-Rx,0,-39.0406,"-6.00000 -5.60000 0.90000, -5.35000 -5.15000 0.10000"
557,0.0000,Tx-Rx,0,-40.1695,"-6.00000 -5.60000 0.90000, -5.05000 -5.15000 0.10000"
558,0.0000,Tx-Rx,0,-41.8825,"-6.00000 -5.60000 0.90000, -4.75000 -5.15000 0.10000"
559,0.0000,Tx-Rx,0,-43.9886,"-6.00000 -5.60000 0.90000, -4.45000 -5.15000 0.10000"
560,0.0000,Tx-Rx,0,-46.4179,"-6.00000 -5.60000 0.90000, -4.15000 -5.15000 0.10000"
561,0.0000,Tx-Rx,0,-47.5851,"-6.00000 -5.60000 0.90000, -3.85000 -5.15000 0.10000"
562,0.0000,Tx-Rx,0,-47.4977,"-6.00000 -5.60000 0.90000, -3.55000 -5.15000 0.10000"
563,0.0000,Tx-Rx,0,-49.2067,"-6.00000 -5.60000 0.90000, -3.25000 -5.15000 0.10000"
564,0.0000,Tx-Rx,0,-49.1083,"-6.00000 -5.60000 0.90000, -2.95000 -5.15000 0.10000"
565,0.0000,Tx-Rx,0,-50.6795,"-6.00000 -5.60000 0.90000, -2.65000 -5.15000 0.10000"
566,0.0000,Tx-Rx,0,-48.9638,"-6.00000 -5.60000 0.90000, -2.35000 -5.15000 0.10000"
567,0.0000,Tx-Rx,0,-49.6296,"-6.00000 -5.60000 0.90000, -2.05000 -5.15000 0.10000"
568,0.0000,Tx-Rx,0,-50.5392,"-6.00000 -5.60000 0.90000, -1.75000 -5.15000 0.10000"
569,0.0000,Tx-Rx,0,-52.1489,"-6.00000 -5.60000 0.90000, -1.45000 -5.15000 0.10000"
570,0.0000,Tx-Rx,0,-51.8848,"-6.00000 -5.60000 0.90000, -1.15000 -5.15000 0.10000"
571,0.0000,Tx-Rx,0,-52.0656,"-6.00000 -5.60000 0.90000, -0.85000 -5.15000 0.10000"
572,0.0000,Tx-Rx,0,-51.8087,"-6.00000 -5.60000 0.90000, -0.55000 -5.15000 0.10000"
573,0.0000,Tx-Rx,0,-49.1736,"-6.00000 -5.60000 0.90000, -0.25000 -5.15000 0.10000"
574,0.0000,Tx-Rx,0,-54.1276,"-6.00000 -5.60000 0.90000, 0.05000 -5.15000 0.10000"
575,0.0000,Tx-Rx,0,-75.7053,"-6.00000 -5.60000 0.90000, 0.35000 -5.15000 0.10000"
576,0.0000,Tx-Rx,0,-77.0470,"-6.00000 -5.60000 0.90000, 0.65000 -5.15000 0.10000"
577,0.0000,Tx-Rx,0,-76.0751,"-6.00000 -5.60000 0.90000, 0.95000 -5.15000 0.10000"
578,0.0000,Tx-Rx,0,-75.9762,"-6.00000 -5.60000 0.90000, 1.25000 -5.15000 0.10000"
579,0.0000,Tx-Rx,0,-75.4264,"-6.00000 -5.60000 0.90000, 1.55000 -5.15000 0.10000"
580,0.0000,Tx-Rx,0,-75.7918,"-6.00000 -5.60000 0.90000, 1.85000 -5.15000 0.10000"
581,0.0000,Tx-Rx,0,-74.8649,"-6.00000 -5.60000 0.90000, 2.15000 -5.15000 0.10000"
582,0.0000,Tx-Rx,0,-75.2850,"-6.00000 -5.60000 0.90000, 2.45000 -5.15000 0.10000"
583,0.0000,Tx-Rx,0,-76.8987,"-6.00000 -5.60000 0.90000, 2.75000 -5.15000 0.10000"
584,0.0000,Tx-Rx,0,-77.4529,"-6.00000 -5.60000 0.90000, 3.05000 -5.15000 0.10000"
585,0.0000,Tx-Rx,0,-76.8927,"-6.00000 -5.60000 0.90000, 3.35000 -5.15000 0.10000"
586,0.0000,Tx-Rx,0,-75.9655,"-6.00000 -5.60000 0.90000, 3.65000 -5.15000 0.10000"
587,0.0000,Tx-Rx,0,-76.7813,"-6.00000 -5.60000 0.90000, 3.95000 -5.15000 0.10000"
588,0.0000,Tx-Rx,0,-77.0457,"-6.00000 -5.60000 0.90000, 4.25000 -5.15000 0.10000"
589,0.0000,Tx-Rx,0,-76.7869,"-6.00000 -5.60000 0.90000, 4.55000 -5.15000 0.10000"
590,0.0000,Tx-Rx,0,-75.8346,"-6.00000 -5.60000 0.90000, 4.85000 -5.15000 0.10000"
591,0.0000,Tx-Rx,0,-76.7342,"-6.00000 -5.60000 0.90000, 5.15000 -5.15000 0.10000"
592,0.0000,Tx-Rx,0,-76.0746,"-6.00000 -5.60000 0.90000, 5.45000 -5.15000 0.10000"
593,0.0000,Tx-Rx,0,-74.4948,"-6.00000 -5.60000 0.90000, 5.75000 -5.15000 0.10000"
594,0.0000,Tx-Rx,0,-76.5636,"-6.00000 -5.60000 0.90000, 6.05000 -5.15000 0.10000"
595,0.0000,Tx-Rx,0,-74.1553,"-6.00000 -5.60000 0.90000, 6.35000 -5.15000 0.10000"
596,0.0000,Tx-Rx,0,-71.9375,"-6.00000 -5.60000 0.90000, 6.65000 -5.15000 0.10000"
597,0.0000,Tx-Rx,0,-72.7005,"-6.00000 -5.60000 0.90000, 6.95000 -5.15000 0.10000"
598,0.0000,Tx-Rx,0,-72.4271,"-6.00000 -5.60000 0.90000, 7.25000 -5.15000 0.10000"
599,0.0000,Tx-Rx,0,-72.0335,"-6.00000 -5.60000 0.90000, 7.55000 -5.15000 0.10000"
600,0.0000,Tx-Rx,0,-71.7595,"-6.00000 -5.60000 0.90000, 7.85000 -5.15000 0.10000"
601,0.0000,Tx-Rx,0,-72.6671,"-6.00000 -5.60000 0.90000, -9.85000 -4.85000 0.10000"
602,0.0000,Tx-Rx,0,-72.3114,"-6.00000 -5.60000 0.90000, -9.55000 -4.85000 0.10000"
603,0.0000,Tx-Rx,0,-72.3438,"-6.00000 -5.60000 0.90000, -9.25000 -4.85000 0.10000"
604,0.0000,Tx-Rx,0,-76.4201,"-6.00000 -5.60000 0.90000, -8.95000 -4.85000 0.10000"
605,0.0000,Tx-Rx,0,-75.0815,"-6.00000 -5.60000 0.90000, -8.65000 -4.85000 0.10000"
606,0.0000,Tx-Rx,0,-76.1325,"-6.00000 -5.60000 0.90000, -8.35000 -4.85000 0.10000"
607,0.0000,Tx-Rx,0,-53.8787,"-6.00000 -5.60000 0.90000, -8.05000 -4.85000 0.10000"
608,0.0000,Tx-Rx,0,-48.1172,"-6.00000 -5.60000 0.90000, -7.75000 -4.85000 0.10000"
609,0.0000,Tx-Rx,0,-47.2197,"-6.00000 -5.60000 0.90000, -7.45000 -4.85000 0.10000"
610,0.0000,Tx-Rx,0,-44.3637,"-6.00000 -5.60000 0.90000, -7.15000 -4.85000 0.10000"
611,0.0000,Tx-Rx,0,-43.0914,"-6.00000 -5.60000 0.90000, -6.85000 -4.85000 0.10000"
612,0.0000,Tx-Rx,0,-41.4523,"-6.00000 -5.60000 0.90000, -6.55000 -4.85000 0.10000"
613,0.0000,Tx-Rx,0,-40.7844,"-6.00000 -5.60000 0.90000, -6.25000 -4.85000 0.10000"
614,0.0000,Tx-Rx,0,-40.5969,"-6.00000 -5.60000 0.90000, -5.95000 -4.85000 0.10000"
615,0.0000,Tx-Rx,0,-40.8554,"-6.00000 -5.60000 0.90000, -5.65000 -4.85000 0.10000"
616,0.0000,Tx-Rx,0,-41.6134,"-6.00000 -5.60000 0.90000, -5.35000 -4.85000 0.10000"
617,0.0000,Tx-Rx,0,-42.8887,"-6.00000 -5.60000 0.90000, -5.05000 -4.85000 0.10000"
618,0.0000,Tx-Rx,0,-43.4003,"-6.00000 -5.60000 0.90000, -4.75000 -4.85000 0.10000"
619,0.0000,Tx-Rx,0,-44.5002,"-6.00000 -5.60000 0.90000, -4.45000 -4.85000 0.10000"
620,0.0000,Tx-Rx,0,-46.0549,"-6.00000 -5.60000 0.90000, -4.15000 -4.85000 0.10000"
621,0.0000,Tx-Rx,0,-47.0097,"-6.00000 -5.60000 0.90000, -3.85000 -4.85000 0.10000"
622,0.0000,Tx-Rx,0,-49.0862,"-6.00000 -5.60000 0.90000, -3.55000 -4.85000 0.10000"
623,0.0000,Tx-Rx,0,-51.4283,"-6.00000 -5.60000 0.90000, -3.25000 -4.85000 0.10000"
624,0.0000,Tx-Rx,0,-51.5595,"-6.00000 -5.60000 0.90000, -2.95000 -4.85000 0.10000"
625,0.0000,Tx-Rx,0,-51.7804,"-6.00000 -5.60000 0.90000, -2.65000 -4.85000 0.10000"
626,0.0000,Tx-Rx,0,-51.5795,"-6.00000 -5.60000 0.90000, -2.35000 -4.85000 0.10000"
627,0.0000,Tx-Rx,0,-51.5003,"-6.00000 -5.60000 0.90000, -2.05000 -4.85000 0.10000"
628,0.0000,Tx-Rx,0,-51.6586,"-6.00000 -5.60000 0.90000, -1.75000 -4.85000 0.10000"
629,0.0000,Tx-Rx,0,-52.0598,"-6.00000 -5.60000 0.90000, -1.45000 -4.85000 0.10000"
630,0.0000,Tx-Rx,0,-52.0192,"-6.00000 -5.60000 0.90000, -1.15000 -4.85000 0.10000"
631,0.0000,Tx-Rx,0,-52.0924,"-6.00000 -5.60000 0.90000, -0.85000 -4.85000 0.10000"
632,0.0000,Tx-Rx,0,-51.8427,"-6.00000 -5.60000 0.90000, -0.55000 -4.85000 0.10000"
633,0.0000,Tx-Rx,0,-49.2719,"-6.00000 -5.60000 0.90000, -0.25000 -4.85000 0.10000"
634,0.0000,Tx-Rx,0,-54.2374,"-6.00000 -5.60000 0.90000, 0.05000 -4.85000 0.10000"
635,0.0000,Tx-Rx,0,-76.4592,"-6.00000 -5.60000 0.90000, 0.35000 -4.85000 0.10000"
636,0.0000,Tx-Rx,0,-76.8051,"-6.00000 -5.60000 0.90000, 0.65000 -4.85000 0.10000"
637,0.0000,Tx-Rx,0,-76.3184,"-6.00000 -5.60000 0.90000, 0.95000 -4.85000 0.10000"
638,0.0000,Tx-Rx,0,-76.7943,"-6.00000 -5.60000 0.90000, 1.25000 -4.85000 0.10000"
639,0.0000,Tx-Rx,0,-76.9821,"-6.00000 -5.60000 0.90000, 1.55000 -4.85000 0.10000"
640,0.0000,Tx-Rx,0,-75.8283,"-6.00000 -5.60000 0.90000, 1.85000 -4.85000 0.10000"
641,0.0000,Tx-Rx,0,-76.1708,"-6.00000 -5.60000 0.90000, 2.15000 -4.85000 0.10000"
642,0.0000,Tx-Rx,0,-76.0926,"-6.00000 -5.60000 0.90000, 2.45000 -4.85000 0.10000"
643,0.0000,Tx-Rx,0,-77.8972,"-6.00000 -5.60000 0.90000, 2.75000 -4.85000 0.10000"
644,0.0000,Tx-Rx,0,-77.8241,"-6.00000 -5.60000 0.90000, 3.05000 -4.85000 0.10000"
645,0.0000,Tx-Rx,0,-78.2914,"-6.00000 -5.60000 0.90000, 3.35000 -4.85000 0.10000"
646,0.0000,Tx-Rx,0,-78.1782,"-6.00000 -5.60000 0.90000, 3.65000 -4.85000 0.10000"
647,0.0000,Tx-Rx,0,-77.0271,"-6.00000 -5.60000 0.90000, 3.95000 -4.85000 0.10000"
648,0.0000,Tx-Rx,0,-76.4138,"-6.00000 -5.60000 0.90000, 4.25000 -4.85000 0.10000"
649,0.0000,Tx-Rx,0,-76.7233,"-6.00000 -5.60000 0.90000, 4.55000 -4.85000 0.10000"
650,0.0000,Tx-Rx,0,-77.0067,"-6.00000 -5.60000 0.90000, 4.85000 -4.85000 0.10000"
651,0.0000,Tx-Rx,0,-76.3619,"-6.00000 -5.60000 0.90000, 5.15000 -4.85000 0.10000"
652,0.0000,Tx-Rx,0,-75.9606,"-6.00000 -5.60000 0.90000, 5.45000 -4.85000 0.10000"
653,0.0000,Tx-Rx,0,-75.1340,"-6.00000 -5.60000 0.90000, 5.75000 -4.85000 0.10000"
654,0.0000,Tx-Rx,0,-77.4453,"-6.00000 -5.60000 0.90000, 6.05000 -4.85000 0.10000"
655,0.0000,Tx-Rx,0,-75.4578,"-6.00000 -5.60000 0.90000, 6.35000 -4.85000 0.10000"
656,0.0000,Tx-Rx,0,-73.7090,"-6.00000 -5.60000 0.90000, 6.65000 -4.85000 0.10000"
657,0.0000,Tx-Rx,0,-72.3556,"-6.00000 -5.60000 0.90000, 6.95000 -4.85000 0.10000"
658,0.0000,Tx-Rx,0,-72.1666,"-6.00000 -5.60000 0.90000, 7.25000 -4.85000 0.10000"
659,0.0000,Tx-Rx,0,-71.4609,"-6.00000 -5.60000 0.90000, 7.55000 -4.85000 0.10000"
660,0.0000,Tx-Rx,0,-68.8999,"-6.00000 -5.60000 0.90000, 7.85000 -4.85000 0.10000"
661,0.0000,Tx-Rx,0,-72.9754,"-6.00000 -5.60000 0.90000, -9.85000 -4.55000 0.10000"
662,0.0000,Tx-Rx,0,-72.2340,"-6.00000 -5.60000 0.90000, -9.55000 -4.55000 0.10000"
663,0.0000,Tx-Rx,0,-72.1944,"-6.00000 -5.60000 0.90000, -9.25000 -4.55000 0.10000"
664,0.0000,Tx-Rx,0,-76.7383,"-6.00000 -5.60000 0.90000, -8.95000 -4.55000 0.10000"
665,0.0000,Tx-Rx,0,-76.7312,"-6.00000 -5.60000 0.90000, -8.65000 -4.55000 0.10000"
666,0.0000,Tx-Rx,0,-78.3480,"-6.00000 -5.60000 0.90000, -8.35000 -4.55000 0.10000"
667,0.0000,Tx-Rx,0,-53.3543,"-6.00000 -5.60000 0.90000, -8.05000 -4.55000 0.10000"
668,0.0000,Tx-Rx,0,-48.0002,"-6.00000 -5.60000 0.90000, -7.75000 -4.55000 0.10000"
669,0.0000,Tx-Rx,0,-47.1775,"-6.00000 -5.60000 0.90000, -7.45000 -4.55000 0.10000"
670,0.0000,Tx-Rx,0,-46.9470,"-6.00000 -5.60000 0.90000, -7.15000 -4.55000 0.10000"
671,0.0000,Tx-Rx,0,-46.4548,"-6.00000 -5.60000 0.90000, -6.85000 -4.55000 0.10000"
672,0.0000,Tx-Rx,0,-45.6817,"-6.00000 -5.60000 0.90000, -6.55000 -4.55000 0.10000"
673,0.0000,Tx-Rx,0,-45.4546,"-6.00000 -5.60000 0.90000, -6.25000 -4.55000 0.10000"
674,0.0000,Tx-Rx,0,-45.2139,"-6.00000 -5.60000 0.90000, -5.95000 -4.55000 0.10000"
675,0.0000,Tx-Rx,0,-45.0897,"-6.00000 -5.60000 0.90000, -5.65000 -4.55000 0.10000"
676,0.0000,Tx-Rx,0,-45.2065,"-6.00000 -5.60000 0.90000, -5.35000 -4.55000 0.10000"
677,0.0000,Tx-Rx,0,-46.2014,"-6.00000 -5.60000 0.90000, -5.05000 -4.55000 0.10000"
678,0.0000,Tx-Rx,0,-46.9555,"-6.00000 -5.60000 0.90000, -4.75000 -4.55000 0.10000"
679,0.0000,Tx-Rx,0,-46.5286,"-6.00000 -5.60000 0.90000, -4.45000 -4.55000 0.10000"
680,0.0000,Tx-Rx,0,-48.2274,"-6.00000 -5.60000 0.90000, -4.15000 -4.55000 0.10000"
681,0.0000,Tx-Rx,0,-49.3777,"-6.00000 -5.60000 0.90000, -3.85000 -4.55000 0.10000"
682,0.0000,Tx-Rx,0,-50.0186,"-6.00000 -5.60000 0.90000, -3.55000 -4.55000 0.10000"
683,0.0000,Tx-Rx,0,-50.5423,"-6.00000 -5.60000 0.90000, -3.25000 -4.55000 0.10000"
684,0.0000,Tx-Rx,0,-51.4152,"-6.00000 -5.60000 0.90000, -2.95000 -4.55000 0.10000"
685,0.0000,Tx-Rx,0,-52.1270,"-6.00000 -5.60000 0.90000, -2.65000 -4.55000 0.10000"
686,0.0000,Tx-Rx,0,-52.2242,"-6.00000 -5.60000 0.90000, -2.35000 -4.55000 0.10000"
687,0.0000,Tx-Rx,0,-52.1719,"-6.00000 -5.60000 0.90000, -2.05000 -4.55000 0.10000"
688,0.0000,Tx-Rx,0,-52.0882,"-6.00000 -5.60000 0.90000, -1.75000 -4.55000 0.10000"
689,0.0000,Tx-Rx,0,-52.4883,"-6.00000 -5.60000 0.90000, -1.45000 -4.55000 0.10000"
690,0.0000,Tx-Rx,0,-52.3199,"-6.00000 -5.60000 0.90000, -1.15000 -4.55000 0.10000"
691,0.0000,Tx-Rx,0,-52.5730,"-6.00000 -5.60000 0.90000, -0.85000 -4.55000 0.10000"
692,0.0000,Tx-Rx,0,-52.5182,"-6.00000 -5.60000 0.90000, -0.55000 -4.55000 0.10000"
693,0.0000,Tx-Rx,0,-49.4002,"-6.00000 -5.60000 0.90000, -0.25000 -4.55000 0.10000"
694,0.0000,Tx-Rx,0,-54.2498,"-6.00000 -5.60000 0.90000, 0.05000 -4.55000 0.10000"
695,0.0000,Tx-Rx,0,-75.7785,"-6.00000 -5.60000 0.90000, 0.35000 -4.55000 0.10000"
696,0.0000,Tx-Rx,0,-77.1099,"-6.00000 -5.60000 0.90000, 0.65000 -4.55000 0.10000"
697,0.0000,Tx-Rx,0,-75.6714,"-6.00000 -5.60000 0.90000, 0.95000 -4.55000 0.10000"
698,0.0000,Tx-Rx,0,-76.0058,"-6.00000 -5.60000 0.90000, 1.25000 -4.55000 0.10000"
699,0.0000,Tx-Rx,0,-76.5984,"-6.00000 -5.60000 0.90000, 1.55000 -4.55000 0.10000"
700,0.0000,Tx-Rx,0,-75.0123,"-6.00000 -5.60000 0.90000, 1.85000 -4.55000 0.10000"
701,0.0000,Tx-Rx,0,-76.3783,"-6.00000 -5.60000 0.90000, 2.15000 -4.55000 0.10000"
702,0.0000,Tx-Rx,0,-77.6486,"-6.00000 -5.60000 0.90000, 2.45000 -4.55000 0.10000"
703,0.0000,Tx-Rx,0,-80.7701,"-6.00000 -5.60000 0.90000, 2.75000 -4.55000 0.10000"
704,0.0000,Tx-Rx,0,-78.6386,"-6.00000 -5.60000 0.90000, 3.05000 -4.55000 0.10000"
705,0.0000,Tx-Rx,0,-79.4728,"-6.00000 -5.60000 0.90000, 3.35000 -4.55000 0.10000"
706,0.0000,Tx-Rx,0,-77.8770,"-6.00000 -5.60000 0.90000, 3.65000 -4.55000 0.10000"
707,0.0000,Tx-Rx,0,-78.3496,"-6.00000 -5.60000 0.90000, 3.95000 -4.55000 0.10000"
708,0.0000,Tx-Rx,0,-75.6108,"-6.00000 -5.60000 0.90000, 4.25000 -4.55000 0.10000"
709,0.0000,Tx-Rx,0,-78.5456,"-6.00000 -5.60000 0.90000, 4.55000 -4.55000 0.10000"
710,0.0000,Tx-Rx,0,-75.6337,"-6.00000 -5.60000 0.90000, 4.85000 -4.55000 0.10000"
711,0.0000,Tx-Rx,0,-76.7077,"-6.00000 -5.60000 0.90000, 5.15000 -4.55000 0.10000"
712,0.0000,Tx-Rx,0,-75.8901,"-6.00000 -5.60000 0.90000, 5.45000 -4.55000 0.10000"
713,0.0000,Tx-Rx,0,-78.2110,"-6.00000 -5.60000 0.90000, 5.75000 -4.55000 0.10000"
714,0.0000,Tx-Rx,0,-76.9052,"-6.00000 -5.60000 0.90000, 6.05000 -4.55000 0.10000"
715,0.0000,Tx-Rx,0,-76.7735,"-6.00000 -5.60000 0.90000, 6.35000 -4.55000 0.10000"
716,0.0000,Tx-Rx,0,-78.5224,"-6.00000 -5.60000 0.90000, 6.65000 -4.55000 0.10000"
717,0.0000,Tx-Rx,0,-73.1327,"-6.00000 -5.60000 0.90000, 6.95000 -4.55000 0.10000"
718,0.0000,Tx-Rx,0,-71.8366,"-6.00000 -5.60000 0.90000, 7.25000 -4.55000 0.10000"
719,0.0000,Tx-Rx,0,-69.3119,"-6.00000 -5.60000 0.90000, 7.55000 -4.55000 0.10000"
720,0.0000,Tx-Rx,0,-66.8879,"-6.00000 -5.60000 0.90000, 7.85000 -4.55000 0.10000"
721,0.0000,Tx-Rx,0,-73.4194,"-6.00000 -5.60000 0.90000, -9.85000 -4.25000 0.10000"
722,0.0000,Tx-Rx,0,-72.4565,"-6.00000 -5.60000 0.90000, -9.55000 -4.25000 0.10000"
723,0.0000,Tx-Rx,0,-72.7123,"-6.00000 -5.60000 0.90000, -9.25000 -4.25000 0.10000"
724,0.0000,Tx-Rx,0,-76.5422,"-6.00000 -5.60000 0.90000, -8.95000 -4.25000 0.10000"
725,0.0000,Tx-Rx,0,-76.1120,"-6.00000 -5.60000 0.90000, -8.65000 -4.25000 0.10000"
726,0.0000,Tx-Rx,0,-75.8841,"-6.00000 -5.60000 0.90000, -8.35000 -4.25000 0.10000"
727,0.0000,Tx-Rx,0,-50.4884,"-6.00000 -5.60000 0.90000, -8.05000 -4.25000 0.10000"
728,0.0000,Tx-Rx,0,-45.5596,"-6.00000 -5.60000 0.90000, -7.75000 -4.25000 0.10000"
729,0.0000,Tx-Rx,0,-45.0898,"-6.00000 -5.60000 0.90000, -7.45000 -4.25000 0.10000"
730,0.0000,Tx-Rx,0,-44.8773,"-6.00000 -5.60000 0.90000, -7.15000 -4.25000 0.10000"
731,0.0000,Tx-Rx,0,-44.1426,"-6.00000 -5.60000 0.90000, -6.85000 -4.25000 0.10000"
732,0.0000,Tx-Rx,0,-43.4955,"-6.00000 -5.60000 0.90000, -6.55000 -4.25000 0.10000"
733,0.0000,Tx-Rx,0,-43.2790,"-6.00000 -5.60000 0.90000, -6.25000 -4.25000 0.10000"
734,0.0000,Tx-Rx,0,-43.2658,"-6.00000 -5.60000 0.90000, -5.95000 -4.25000 0.10000"
735,0.0000,Tx-Rx,0,-43.4738,"-6.00000 -5.60000 0.90000, -5.65000 -4.25000 0.10000"
736,0.0000,Tx-Rx,0,-43.6800,"-6.00000 -5.60000 0.90000, -5.35000 -4.25000 0.10000"
737,0.0000,Tx-Rx,0,-44.5546,"-6.00000 -5.60000 0.90000, -5.05000 -4.25000 0.10000"
738,0.0000,Tx-Rx,0,-45.3070,"-6.00000 -5.60000 0.90000, -4.75000 -4.25000 0.10000"
739,0.0000,Tx-Rx,0,-45.9978,"-6.00000 -5.60000 0.90000, -4.45000 -4.25000 0.10000"
740,0.0000,Tx-Rx,0,-46.0028,"-6.00000 -5.60000 0.90000, -4.15000 -4.25000 0.10000"
741,0.0000,Tx-Rx,0,-47.5603,"-6.00000 -5.60000 0.90000, -3.85000 -4.25000 0.10000"
742,0.0000,Tx-Rx,0,-48.4307,"-6.00000 -5.60000 0.90000, -3.55000 -4.25000 0.10000"
743,0.0000,Tx-Rx,0,-48.9443,"-6.00000 -5.60000 0.90000, -3.25000 -4.25000 0.10000"
744,0.0000,Tx-Rx,0,-49.6532,"-6.00000 -5.60000 0.90000, -2.95000 -4.25000 0.10000"
745,0.0000,Tx-Rx,0,-50.2945,"-6.00000 -5.60000 0.90000, -2.65000 -4.25000 0.10000"
746,0.0000,Tx-Rx,0,-51.2781,"-6.00000 -5.60000 0.90000, -2.35000 -4.25000 0.10000"
747,0.0000,Tx-Rx,0,-51.8266,"-6.00000 -5.60000 0.90000, -2.05000 -4.25000 0.10000"
748,0.0000,Tx-Rx,0,-52.0343,"-6.00000 -5.60000 0.90000, -1.75000 -4.25000 0.10000"
749,0.0000,Tx-Rx,0,-52.3416,"-6.00000 -5.60000 0.90000, -1.45000 -4.25000 0.10000"
750,0.0000,Tx-Rx,0,-52.3275,"-6.00000 -5.60000 0.90000, -1.15000 -4.25000 0.10000"
751,0.0000,Tx-Rx,0,-52.8699,"-6.00000 -5.60000 0.90000, -0.85000 -4.25000 0.10000"
752,0.0000,Tx-Rx,0,-52.4856,"-6.00000 -5.60000 0.90000, -0.55000 -4.25000 0.10000"
753,0.0000,Tx-Rx,0,-49.4345,"-6.00000 -5.60000 0.90000, -0.25000 -4.25000 0.10000"
754,0.0000,Tx-Rx,0,-54.2267,"-6.00000 -5.60000 0.90000, 0.05000 -4.25000 0.10000"
755,0.0000,Tx-Rx,0,-76.6474,"-6.00000 -5.60000 0.90000, 0.35000 -4.25000 0.10000"
756,0.0000,Tx-Rx,0,-76.0921,"-6.00000 -5.60000 0.90000, 0.65000 -4.25000 0.10000"
757,0.0000,Tx-Rx,0,-76.5781,"-6.00000 -5.60000 0.90000, 0.95000 -4.25000 0.10000"
758,0.0000,Tx-Rx,0,-75.3396,"-6.00000 -5.60000 0.90000, 1.25000 -4.25000 0.10000"
759,0.0000,Tx-Rx,0,-75.4642,"-6.00000 -5.60000 0.90000, 1.55000 -4.25000 0.10000"
760,0.0000,Tx-Rx,0,-75.1154,"-6.00000 -5.60000 0.90000, 1.85000 -4.25000 0.10000"
761,0.0000,Tx-Rx,0,-76.2624,"-6.00000 -5.60000 0.90000, 2.15000 -4.25000 0.10000"
762,0.0000,Tx-Rx,0,-77.9844,"-6.00000 -5.60000 0.90000, 2.45000 -4.25000 0.10000"
763,0.0000,Tx-Rx,0,-82.1165,"-6.00000 -5.60000 0.90000, 2.75000 -4.25000 0.10000"
764,0.0000,Tx-Rx,0,-80.6594,"-6.00000 -5.60000 0.90000, 3.05000 -4.25000 0.10000"
765,0.0000,Tx-Rx,0,-80.1818,"-6.00000 -5.60000 0.90000, 3.35000 -4.25000 0.10000"
766,0.0000,Tx-Rx,0,-80.8057,"-6.00000 -5.60000 0.90000, 3.65000 -4.25000 0.10000"
767,0.0000,Tx-Rx,0,-78.0083,"-6.00000 -5.60000 0.90000, 3.95000 -4.25000 0.10000"
768,0.0000,Tx-Rx,0,-76.0795,"-6.00000 -5.60000 0.90000, 4.25000 -4.25000 0.10000"
769,0.0000,Tx-Rx,0,-78.6724,"-6.00000 -5.60000 0.90000, 4.55000 -4.25000 0.10000"
770,0.0000,Tx-Rx,0,-75.4346,"-6.00000 -5.60000 0.90000, 4.85000 -4.25000 0.10000"
771,0.0000,Tx-Rx,0,-75.7708,"-6.00000 -5.60000 0.90000, 5.15000 -4.25000 0.10000"
772,0.0000,Tx-Rx,0,-78.3468,"-6.00000 -5.60000 0.90000, 5.45000 -4.25000 0.10000"
773,0.0000,Tx-Rx,0,-79.4271,"-6.00000 -5.60000 0.90000, 5.75000 -4.25000 0.10000"
774,0.0000,Tx-Rx,0,-77.3247,"-6.00000 -5.60000 0.90000, 6.05000 -4.25000 0.10000"
775,0.0000,Tx-Rx,0,-79.9711,"-6.00000 -5.60000 0.90000, 6.35000 -4.25000 0.10000"
776,0.0000,Tx-Rx,0,-77.6303,"-6.00000 -5.60000 0.90000, 6.65000 -4.25000 0.10000"
777,0.0000,Tx-Rx,0,-79.4808,"-6.00000 -5.60000 0.90000, 6.95000 -4.25000 0.10000"
778,0.0000,Tx-Rx,0,-70.5689,"-6.00000 -5.60000 0.90000, 7.25000 -4.25000 0.10000"
779,0.0000,Tx-Rx,0,-67.3047,"-6.00000 -5.60000 0.90000, 7.55000 -4.25000 0.10000"
780,0.0000,Tx-Rx,0,-66.4643,"-6.00000 -5.60000 0.90000, 7.85000 -4.25000 0.10000"
781,0.0000,Tx-Rx,0,-73.2765,"-6.00000 -5.60000 0.90000, -9.85000 -3.95000 0.10000"
782,0.0000,Tx-Rx,0,-72.9493,"-6.00000 -5.60000 0.90000, -9.55000 -3.95000 0.10000"
783,0.0000,Tx-Rx,0,-72.4163,"-6.00000 -5.60000 0.90000, -9.25000 -3.95000 0.10000"
784,0.0000,Tx-Rx,0,-72.1216,"-6.00000 -5.60000 0.90000, -8.95000 -3.95000 0.10000"
785,0.0000,Tx-Rx,0,-72.0542,"-6.00000 -5.60000 0.90000, -8.65000 -3.95000 0.10000"
786,0.0000,Tx-Rx,0,-71.8698,"-6.00000 -5.60000 0.90000, -8.35000 -3.95000 0.10000"
787,0.0000,Tx-Rx,0,-47.7296,"-6.00000 -5.60000 0.90000, -8.05000 -3.95000 0.10000"
788,0.0000,Tx-Rx,0,-42.7576,"-6.00000 -5.60000 0.90000, -7.75000 -3.95000 0.10000"
789,0.0000,Tx-Rx,0,-42.4444,"-6.00000 -5.60000 0.90000, -7.45000 -3.95000 0.10000"
790,0.0000,Tx-Rx,0,-42.0041,"-6.00000 -5.60000 0.90000, -7.15000 -3.95000 0.10000"
791,0.0000,Tx-Rx,0,-41.5471,"-6.00000 -5.60000 0.90000, -6.85000 -3.95000 0.10000"
792,0.0000,Tx-Rx,0,-41.1165,"-6.00000 -5.60000 0.90000, -6.55000 -3.95000 0.10000"
793,0.0000,Tx-Rx,0,-40.8661,"-6.00000 -5.60000 0.90000, -6.25000 -3.95000 0.10000"
794,0.0000,Tx-Rx,0,-40.8292,"-6.00000 -5.60000 0.90000, -5.95000 -3.95000 0.10000"
795,0.0000,Tx-Rx,0,-40.9379,"-6.00000 -5.60000 0.90000, -5.65000 -3.95000 0.10000"
796,0.0000,Tx-Rx,0,-41.1356,"-6.00000 -5.60000 0.90000, -5.35000 -3.95000 0.10000"
797,0.0000,Tx-Rx,0,-41.8142,"-6.00000 -5.60000 0.90000, -5.05000 -3.95000 0.10000"
798,0.0000,Tx-Rx,0,-42.4986,"-6.00000 -5.60000 0.90000, -4.75000 -3.95000 0.10000"
799,0.0000,Tx-Rx,0,-43.1365,"-6.00000 -5.60000 0.90000, -4.45000 -3.95000 0.10000"
800,0.0000,Tx-Rx,0,-43.7145,"-6.00000 -5.60000 0.90000, -4.15000 -3.95000 0.10000"
801,0.0000,Tx-Rx,0,-44.2574,"-6.00000 -5.60000 0.90000, -3.85000 -3.95000 0.10000"
802,0.0000,Tx-Rx,0,-45.0693,"-6.00000 -5.60000 0.90000, -3.55000 -3.95000 0.10000"
803,0.0000,Tx-Rx,0,-45.5744,"-6.00000 -5.60000 0.90000, -3.25000 -3.95000 0.10000"
804,0.0000,Tx-Rx,0,-46.2185,"-6.00000 -5.60000 0.90000, -2.95000 -3.95000 0.10000"
805,0.0000,Tx-Rx,0,-46.8107,"-6.00000 -5.60000 0.90000, -2.65000 -3.95000 0.10000"
806,0.0000,Tx-Rx,0,-47.2580,"-6.00000 -5.60000 0.90000, -2.35000 -3.95000 0.10000"
807,0.0000,Tx-Rx,0,-47.5891,"-6.00000 -5.60000 0.90000, -2.05000 -3.95000 0.10000"
808,0.0000,Tx-Rx,0,-48.2536,"-6.00000 -5.60000 0.90000, -1.75000 -3.95000 0.10000"
809,0.0000,Tx-Rx,0,-48.7635,"-6.00000 -5.60000 0.90000, -1.45000 -3.95000 0.10000"
810,0.0000,Tx-Rx,0,-49.2251,"-6.00000 -5.60000 0.90000, -1.15000 -3.95000 0.10000"
811,0.0000,Tx-Rx,0,-49.6400,"-6.00000 -5.60000 0.90000, -0.85000 -3.95000 0.10000"
812,0.0000,Tx-Rx,0,-49.9542,"-6.00000 -5.60000 0.90000, -0.55000 -3.95000 0.10000"
813,0.0000,Tx-Rx,0,-49.9499,"-6.00000 -5.60000 0.90000, -0.25000 -3.95000 0.10000"
814,0.0000,Tx-Rx,0,-54.6955,"-6.00000 -5.60000 0.90000, 0.05000 -3.95000 0.10000"
815,0.0000,Tx-Rx,0,-76.7942,"-6.00000 -5.60000 0.90000, 0.35000 -3.95000 0.10000"
816,0.0000,Tx-Rx,0,-77.7246,"-6.00000 -5.60000 0.90000, 0.65000 -3.95000 0.10000"
817,0.0000,Tx-Rx,0,-76.8785,"-6.00000 -5.60000 0.90000, 0.95000 -3.95000 0.10000"
818,0.0000,Tx-Rx,0,-76.3215,"-6.00000 -5.60000 0.90000, 1.25000 -3.95000 0.10000"
819,0.0000,Tx-Rx,0,-75.2002,"-6.00000 -5.60000 0.90000, 1.55000 -3.95000 0.10000"
820,0.0000,Tx-Rx,0,-74.6833,"-6.00000 -5.60000 0.90000, 1.85000 -3.95000 0.10000"
821,0.0000,Tx-Rx,0,-75.6061,"-6.00000 -5.60000 0.90000, 2.15000 -3.95000 0.10000"
822,0.0000,Tx-Rx,0,-76.5624,"-6.00000 -5.60000 0.90000, 2.45000 -3.95000 0.10000"
823,0.0000,Tx-Rx,0,-78.5974,"-6.00000 -5.60000 0.90000, 2.75000 -3.95000 0.10000"
824,0.0000,Tx-Rx,0,-79.5846,"-6.00000 -5.60000 0.90000, 3.05000 -3.95000 0.10000"
825,0.0000,Tx-Rx,0,-82.4693,"-6.00000 -5.60000 0.90000, 3.35000 -3.95000 0.10000"
826,0.0000,Tx-Rx,0,-79.8637,"-6.00000 -5.60000 0.90000, 3.65000 -3.95000 0.10000"
827,0.0000,Tx-Rx,0,-76.4844,"-6.00000 -5.60000 0.90000, 3.95000 -3.95000 0.10000"
828,0.0000,Tx-Rx,0,-75.2469,"-6.00000 -5.60000 0.90000, 4.25000 -3.95000 0.10000"
829,0.0000,Tx-Rx,0,-76.7562,"-6.00000 -5.60000 0.90000, 4.55000 -3.95000 0.10000"
830,0.0000,Tx-Rx,0,-75.1297,"-6.00000 -5.60000 0.90000, 4.85000 -3.95000 0.10000"
831,0.0000,Tx-Rx,0,-76.3957,"-6.00000 -5.60000 0.90000, 5.15000 -3.95000 0.10000"
832,0.0000,Tx-Rx,0,-79.4121,"-6.00000 -5.60000 0.90000, 5.45000 -3.95000 0.10000"
833,0.0000,Tx-Rx,0,-78.1221,"-6.00000 -5.60000 0.90000, 5.75000 -3.95000 0.10000"
834,0.0000,Tx-Rx,0,-79.1280,"-6.00000 -5.60000 0.90000, 6.05000 -3.95000 0.10000"
835,0.0000,Tx-Rx,0,-81.6898,"-6.00000 -5.60000 0.90000, 6.35000 -3.95000 0.10000"
836,0.0000,Tx-Rx,0,-80.0776,"-6.00000 -5.60000 0.90000, 6.65000 -3.95000 0.10000"
837,0.0000,Tx-Rx,0,-76.5542,"-6.00000 -5.60000 0.90000, 6.95000 -3.95000 0.10000"
838,0.0000,Tx-Rx,0,-69.5114,"-6.00000 -5.60000 0.90000, 7.25000 -3.95000 0.10000"
839,0.0000,Tx-Rx,0,-66.3303,"-6.00000 -5.60000 0.90000, 7.55000 -3.95000 0.10000"
840,0.0000,Tx-Rx,0,-66.3430,"-6.00000 -5.60000 0.90000, 7.85000 -3.95000 0.10000"
841,0.0000,Tx-Rx,0,-73.5202,"-6.00000 -5.60000 0.90000, -9.85000 -3.65000 0.10000"
842,0.0000,Tx-Rx,0,-73.5764,"-6.00000 -5.60000 0.90000, -9.55000 -3.65000 0.10000"
843,0.0000,Tx-Rx,0,-72.5263,"-6.00000 -5.60000 0.90000, -9.25000 -3.65000 0.10000"
844,0.0000,Tx-Rx,0,-72.1216,"-6.00000 -5.60000 0.90000, -8.95000 -3.65000 0.10000"
845,0.0000,Tx-Rx,0,-72.0167,"-6.00000 -5.60000 0.90000, -8.65000 -3.65000 0.10000"
846,0.0000,Tx-Rx,0,-72.0438,"-6.00000 -5.60000 0.90000, -8.35000 -3.65000 0.10000"
847,0.0000,Tx-Rx,0,-48.2324,"-6.00000 -5.60000 0.90000, -8.05000 -3.65000 0.10000"
848,0.0000,Tx-Rx,0,-43.3116,"-6.00000 -5.60000 0.90000, -7.75000 -3.65000 0.10000"
849,0.0000,Tx-Rx,0,-43.1324,"-6.00000 -5.60000 0.90000, -7.45000 -3.65000 0.10000"
850,0.0000,Tx-Rx,0,-42.8130,"-6.00000 -5.60000 0.90000, -7.15000 -3.65000 0.10000"
851,0.0000,Tx-Rx,0,-42.4536,"-6.00000 -5.60000 0.90000, -6.85000 -3.65000 0.10000"
852,0.0000,Tx-Rx,0,-42.2193,"-6.00000 -5.60000 0.90000, -6.55000 -3.65000 0.10000"
853,0.0000,Tx-Rx,0,-42.0382,"-6.00000 -5.60000 0.90000, -6.25000 -3.65000 0.10000"
854,0.0000,Tx-Rx,0,-42.0084,"-6.00000 -5.60000 0.90000, -5.95000 -3.65000 0.10000"
855,0.0000,Tx-Rx,0,-42.0868,"-6.00000 -5.60000 0.90000, -5.65000 -3.65000 0.10000"
856,0.0000,Tx-Rx,0,-42.1599,"-6.00000 -5.60000 0.90000, -5.35000 -3.65000 0.10000"
857,0.0000,Tx-Rx,0,-42.7461,"-6.00000 -5.60000 0.90000, -5.05000 -3.65000 0.10000"
858,0.0000,Tx-Rx,0,-43.2336,"-6.00000 -5.60000 0.90000, -4.75000 -3.65000 0.10000"
859,0.0000,Tx-Rx,0,-43.7742,"-6.00000 -5.60000 0.90000, -4.45000 -3.65000 0.10000"
860,0.0000,Tx-Rx,0,-44.3192,"-6.00000 -5.60000 0.90000, -4.15000 -3.65000 0.10000"
861,0.0000,Tx-Rx,0,-44.8444,"-6.00000 -5.60000 0.90000, -3.85000 -3.65000 0.10000"
862,0.0000,Tx-Rx,0,-45.3798,"-6.00000 -5.60000 0.90000, -3.55000 -3.65000 0.10000"
863,0.0000,Tx-Rx,0,-45.9201,"-6.00000 -5.60000 0.90000, -3.25000 -3.65000 0.10000"
864,0.0000,Tx-Rx,0,-46.3399,"-6.00000 -5.60000 0.90000, -2.95000 -3.65000 0.10000"
865,0.0000,Tx-Rx,0,-46.8323,"-6.00000 -5.60000 0.90000, -2.65000 -3.65000 0.10000"
866,0.0000,Tx-Rx,0,-47.3957,"-6.00000 -5.60000 0.90000, -2.35000 -3.65000 0.10000"
867,0.0000,Tx-Rx,0,-47.7553,"-6.00000 -5.60000 0.90000, -2.05000 -3.65000 0.10000"
868,0.0000,Tx-Rx,0,-48.0700,"-6.00000 -5.60000 0.90000, -1.75000 -3.65000 0.10000"
869,0.0000,Tx-Rx,0,-48.6516,"-6.00000 -5.60000 0.90000, -1.45000 -3.65000 0.10000"
870,0.0000,Tx-Rx,0,-49.0353,"-6.00000 -5.60000 0.90000, -1.15000 -3.65000 0.10000"
871,0.0000,Tx-Rx,0,-49.4268,"-6.00000 -5.60000 0.90000, -0.85000 -3.65000 0.10000"
872,0.0000,Tx-Rx,0,-49.7039,"-6.00000 -5.60000 0.90000, -0.55000 -3.65000 0.10000"
873,0.0000,Tx-Rx,0,-49.9582,"-6.00000 -5.60000 0.90000, -0.25000 -3.65000 0.10000"
874,0.0000,Tx-Rx,0,-54.9073,"-6.00000 -5.60000 0.90000, 0.05000 -3.65000 0.10000"
875,0.0000,Tx-Rx,0,-75.6821,"-6.00000 -5.60000 0.90000, 0.35000 -3.65000 0.10000"
876,0.0000,Tx-Rx,0,-76.0598,"-6.00000 -5.60000 0.90000, 0.65000 -3.65000 0.10000"
877,0.0000,Tx-Rx,0,-76.5346,"-6.00000 -5.60000 0.90000, 0.95000 -3.65000 0.10000"
878,0.0000,Tx-Rx,0,-76.3636,"-6.00000 -5.60000 0.90000, 1.25000 -3.65000 0.10000"
879,0.0000,Tx-Rx,0,-75.4668,"-6.00000 -5.60000 0.90000, 1.55000 -3.65000 0.10000"
880,0.0000,Tx-Rx,0,-75.8591,"-6.00000 -5.60000 0.90000, 1.85000 -3.65000 0.10000"
881,0.0000,Tx-Rx,0,-75.8463,"-6.00000 -5.60000 0.90000, 2.15000 -3.65000 0.10000"
882,0.0000,Tx-Rx,0,-75.5787,"-6.00000 -5.60000 0.90000, 2.45000 -3.65000 0.10000"
883,0.0000,Tx-Rx,0,-76.9336,"-6.00000 -5.60000 0.90000, 2.75000 -3.65000 0.10000"
884,0.0000,Tx-Rx,0,-77.0088,"-6.00000 -5.60000 0.90000, 3.05000 -3.65000 0.10000"
885,0.0000,Tx-Rx,0,-77.4833,"-6.00000 -5.60000 0.90000, 3.35000 -3.65000 0.10000"
886,0.0000,Tx-Rx,0,-76.3205,"-6.00000 -5.60000 0.90000, 3.65000 -3.65000 0.10000"
887,0.0000,Tx-Rx,0,-73.8745,"-6.00000 -5.60000 0.90000, 3.95000 -3.65000 0.10000"
888,0.0000,Tx-Rx,0,-74.7333,"-6.00000 -5.60000 0.90000, 4.25000 -3.65000 0.10000"
889,0.0000,Tx-Rx,0,-73.3357,"-6.00000 -5.60000 0.90000, 4.55000 -3.65000 0.10000"
890,0.0000,Tx-Rx,0,-73.1603,"-6.00000 -5.60000 0.90000, 4.85000 -3.65000 0.10000"
891,0.0000,Tx-Rx,0,-75.7952,"-6.00000 -5.60000 0.90000, 5.15000 -3.65000 0.10000"
892,0.0000,Tx-Rx,0,-75.9266,"-6.00000 -5.60000 0.90000, 5.45000 -3.65000 0.10000"
893,0.0000,Tx-Rx,0,-75.7818,"-6.00000 -5.60000 0.90000, 5.75000 -3.65000 0.10000"
894,0.0000,Tx-Rx,0,-83.1715,"-6.00000 -5.60000 0.90000, 6.05000 -3.65000 0.10000"
895,0.0000,Tx-Rx,0,-77.5093,"-6.00000 -5.60000 0.90000, 6.35000 -3.65000 0.10000"
896,0.0000,Tx-Rx,0,-80.2338,"-6.00000 -5.60000 0.90000, 6.65000 -3.65000 0.10000"
897,0.0000,Tx-Rx,0,-70.8681,"-6.00000 -5.60000 0.90000, 6.95000 -3.65000 0.10000"
898,0.0000,Tx-Rx,0,-67.3882,"-6.00000 -5.60000 0.90000, 7.25000 -3.65000 0.10000"
899,0.0000,Tx-Rx,0,-66.8526,"-6.00000 -5.60000 0.90000, 7.55000 -3.65000 0.10000"
900,0.0000,Tx-Rx,0,-66.2404,"-6.00000 -5.60000 0.90000, 7.85000 -3.65000 0.10000"
901,0.0000,Tx-Rx,0,-73.4864,"-6.00000 -5.60000 0.90000, -9.85000 -3.35000 0.10000"
902,0.0000,Tx-Rx,0,-73.4235,"-6.00000 -5.60000 0.90000, -9.55000 -3.35000 0.10000"
903,0.0000,Tx-Rx,0,-73.2810,"-6.00000 -5.60000 0.90000, -9.25000 -3.35000 0.10000"
904,0.0000,Tx-Rx,0,-73.1456,"-6.00000 -5.60000 0.90000, -8.95000 -3.35000 0.10000"
905,0.0000,Tx-Rx,0,-72.5303,"-6.00000 -5.60000 0.90000, -8.65000 -3.35000 0.10000"
906,0.0000,Tx-Rx,0,-72.8652,"-6.00000 -5.60000 0.90000, -8.35000 -3.35000 0.10000"
907,0.0000,Tx-Rx,0,-49.0350,"-6.00000 -5.60000 0.90000, -8.05000 -3.35000 0.10000"
908,0.0000,Tx-Rx,0,-44.1795,"-6.00000 -5.60000 0.90000, -7.75000 -3.35000 0.10000"
909,0.0000,Tx-Rx,0,-43.9632,"-6.00000 -5.60000 0.90000, -7.45000 -3.35000 0.10000"
910,0.0000,Tx-Rx,0,-43.6670,"-6.00000 -5.60000 0.90000, -7.15000 -3.35000 0.10000"
911,0.0000,Tx-Rx,0,-43.3994,"-6.00000 -5.60000 0.90000, -6.85000 -3.35000 0.10000"
912,0.0000,Tx-Rx,0,-43.2703,"-6.00000 -5.60000 0.90000, -6.55000 -3.35000 0.10000"
913,0.0000,Tx-Rx,0,-43.1637,"-6.00000 -5.60000 0.90000, -6.25000 -3.35000 0.10000"
914,0.0000,Tx-Rx,0,-43.1620,"-6.00000 -5.60000 0.90000, -5.95000 -3.35000 0.10000"
915,0.0000,Tx-Rx,0,-43.2401,"-6.00000 -5.60000 0.90000, -5.65000 -3.35000 0.10000"
916,0.0000,Tx-Rx,0,-43.2789,"-6.00000 -5.60000 0.90000, -5.35000 -3.35000 0.10000"
917,0.0000,Tx-Rx,0,-43.6580,"-6.00000 -5.60000 0.90000, -5.05000 -3.35000 0.10000"
918,0.0000,Tx-Rx,0,-44.1337,"-6.00000 -5.60000 0.90000, -4.75000 -3.35000 0.10000"
919,0.0000,Tx-Rx,0,-44.5793,"-6.00000 -5.60000 0.90000, -4.45000 -3.35000 0.10000"
920,0.0000,Tx-Rx,0,-45.0468,"-6.00000 -5.60000 0.90000, -4.15000 -3.35000 0.10000"
921,0.0000,Tx-Rx,0,-45.4805,"-6.00000 -5.60000 0.90000, -3.85000 -3.35000 0.10000"
922,0.0000,Tx-Rx,0,-45.7722,"-6.00000 -5.60000 0.90000, -3.55000 -3.35000 0.10000"
923,0.0000,Tx-Rx,0,-46.3406,"-6.00000 -5.60000 0.90000, -3.25000 -3.35000 0.10000"
924,0.0000,Tx-Rx,0,-46.7476,"-6.00000 -5.60000 0.90000, -2.95000 -3.35000 0.10000"
925,0.0000,Tx-Rx,0,-47.1501,"-6.00000 -5.60000 0.90000, -2.65000 -3.35000 0.10000"
926,0.0000,Tx-Rx,0,-47.6365,"-6.00000 -5.60000 0.90000, -2.35000 -3.35000 0.10000"
927,0.0000,Tx-Rx,0,-48.0887,"-6.00000 -5.60000 0.90000, -2.05000 -3.35000 0.10000"
928,0.0000,Tx-Rx,0,-48.4557,"-6.00000 -5.60000 0.90000, -1.75000 -3.35000 0.10000"
929,0.0000,Tx-Rx,0,-48.8593,"-6.00000 -5.60000 0.90000, -1.45000 -3.35000 0.10000"
930,0.0000,Tx-Rx,0,-49.0805,"-6.00000 -5.60000 0.90000, -1.15000 -3.35000 0.10000"
931,0.0000,Tx-Rx,0,-49.5250,"-6.00000 -5.60000 0.90000, -0.85000 -3.35000 0.10000"
932,0.0000,Tx-Rx,0,-49.7698,"-6.00000 -5.60000 0.90000, -0.55000 -3.35000 0.10000"
933,0.0000,Tx-Rx,0,-50.0231,"-6.00000 -5.60000 0.90000, -0.25000 -3.35000 0.10000"
934,0.0000,Tx-Rx,0,-54.9638,"-6.00000 -5.60000 0.90000, 0.05000 -3.35000 0.10000"
935,0.0000,Tx-Rx,0,-74.8606,"-6.00000 -5.60000 0.90000, 0.35000 -3.35000 0.10000"
936,0.0000,Tx-Rx,0,-76.8264,"-6.00000 -5.60000 0.90000, 0.65000 -3.35000 0.10000"
937,0.0000,Tx-Rx,0,-76.3273,"-6.00000 -5.60000 0.90000, 0.95000 -3.35000 0.10000"
938,0.0000,Tx-Rx,0,-75.7709,"-6.00000 -5.60000 0.90000, 1.25000 -3.35000 0.10000"
939,0.0000,Tx-Rx,0,-76.0702,"-6.00000 -5.60000 0.90000, 1.55000 -3.35000 0.10000"
940,0.0000,Tx-Rx,0,-76.5001,"-6.00000 -5.60000 0.90000, 1.85000 -3.35000 0.10000"
941,0.0000,Tx-Rx,0,-75.9388,"-6.00000 -5.60000 0.90000, 2.15000 -3.35000 0.10000"
942,0.0000,Tx-Rx,0,-75.5940,"-6.00000 -5.60000 0.90000, 2.45000 -3.35000 0.10000"
943,0.0000,Tx-Rx,0,-78.3288,"-6.00000 -5.60000 0.90000, 2.75000 -3.35000 0.10000"
944,0.0000,Tx-Rx,0,-73.3130,"-6.00000 -5.60000 0.90000, 3.05000 -3.35000 0.10000"
945,0.0000,Tx-Rx,0,-77.3130,"-6.00000 -5.60000 0.90000, 3.35000 -3.35000 0.10000"
946,0.0000,Tx-Rx,0,-74.6961,"-6.00000 -5.60000 0.90000, 3.65000 -3.35000 0.10000"
947,0.0000,Tx-Rx,0,-73.2692,"-6.00000 -5.60000 0.90000, 3.95000 -3.35000 0.10000"
948,0.0000,Tx-Rx,0,-73.2851,"-6.00000 -5.60000 0.90000, 4.25000 -3.35000 0.10000"
949,0.0000,Tx-Rx,0,-72.5853,"-6.00000 -5.60000 0.90000, 4.55000 -3.35000 0.10000"
950,0.0000,Tx-Rx,0,-73.8296,"-6.00000 -5.60000 0.90000, 4.85000 -3.35000 0.10000"
951,0.0000,Tx-Rx,0,-76.4989,"-6.00000 -5.60000 0.90000, 5.15000 -3.35000 0.10000"
952,0.0000,Tx-Rx,0,-74.7992,"-6.00000 -5.60000 0.90000, 5.45000 -3.35000 0.10000"
953,0.0000,Tx-Rx,0,-76.7674,"-6.00000 -5.60000 0.90000, 5.75000 -3.35000 0.10000"
954,0.0000,Tx-Rx,0,-78.4798,"-6.00000 -5.60000 0.90000, 6.05000 -3.35000 0.10000"
955,0.0000,Tx-Rx,0,-82.4179,"-6.00000 -5.60000 0.90000, 6.35000 -3.35000 0.10000"
956,0.0000,Tx-Rx,0,-69.0947,"-6.00000 -5.60000 0.90000, 6.65000 -3.35000 0.10000"
957,0.0000,Tx-Rx,0,-67.5024,"-6.00000 -5.60000 0.90000, 6.95000 -3.35000 0.10000"
958,0.0000,Tx-Rx,0,-66.8327,"-6.00000 -5.60000 0.90000, 7.25000 -3.35000 0.10000"
959,0.0000,Tx-Rx,0,-67.1226,"-6.00000 -5.60000 0.90000, 7.55000 -3.35000 0.10000"
960,0.0000,Tx-Rx,0,-66.7015,"-6.00000 -5.60000 0.90000, 7.85000 -3.35000 0.10000"
961,0.0000,Tx-Rx,0,-61.0887,"-6.00000 -5.60000 0.90000, -9.85000 -3.05000 0.10000"
962,0.0000,Tx-Rx,0,-62.7553,"-6.00000 -5.60000 0.90000, -9.55000 -3.05000 0.10000"
963,0.0000,Tx-Rx,0,-72.6104,"-6.00000 -5.60000 0.90000, -9.25000 -3.05000 0.10000"
964,0.0000,Tx-Rx,0,-71.9907,"-6.00000 -5.60000 0.90000, -8.95000 -3.05000 0.10000"
965,0.0000,Tx-Rx,0,-71.5534,"-6.00000 -5.60000 0.90000, -8.65000 -3.05000 0.10000"
966,0.0000,Tx-Rx,0,-67.6287,"-6.00000 -5.60000 0.90000, -8.35000 -3.05000 0.10000"
967,0.0000,Tx-Rx,0,-49.4533,"-6.00000 -5.60000 0.90000, -8.05000 -3.05000 0.10000"
968,0.0000,Tx-Rx,0,-44.9191,"-6.00000 -5.60000 0.90000, -7.75000 -3.05000 0.10000"
969,0.0000,Tx-Rx,0,-44.7167,"-6.00000 -5.60000 0.90000, -7.45000 -3.05000 0.10000"
970,0.0000,Tx-Rx,0,-44.4343,"-6.00000 -5.60000 0.90000, -7.15000 -3.05000 0.10000"
971,0.0000,Tx-Rx,0,-44.3433,"-6.00000 -5.60000 0.90000, -6.85000 -3.05000 0.10000"
972,0.0000,Tx-Rx,0,-44.1542,"-6.00000 -5.60000 0.90000, -6.55000 -3.05000 0.10000"
973,0.0000,Tx-Rx,0,-44.0849,"-6.00000 -5.60000 0.90000, -6.25000 -3.05000 0.10000"
974,0.0000,Tx-Rx,0,-44.0523,"-6.00000 -5.60000 0.90000, -5.95000 -3.05000 0.10000"
975,0.0000,Tx-Rx,0,-44.1500,"-6.00000 -5.60000 0.90000, -5.65000 -3.05000 0.10000"
976,0.0000,Tx-Rx,0,-44.1979,"-6.00000 -5.60000 0.90000, -5.35000 -3.05000 0.10000"
977,0.0000,Tx-Rx,0,-44.4585,"-6.00000 -5.60000 0.90000, -5.05000 -3.05000 0.10000"
978,0.0000,Tx-Rx,0,-44.9168,"-6.00000 -5.60000 0.90000, -4.75000 -3.05000 0.10000"
979,0.0000,Tx-Rx,0,-45.2790,"-6.00000 -5.60000 0.90000, -4.45000 -3.05000 0.10000"
980,0.0000,Tx-Rx,0,-45.6332,"-6.00000 -5.60000 0.90000, -4.15000 -3.05000 0.10000"
981,0.0000,Tx-Rx,0,-45.9461,"-6.00000 -5.60000 0.90000, -3.85000 -3.05000 0.10000"
982,0.0000,Tx-Rx,0,-46.3996,"-6.00000 -5.60000 0.90000, -3.55000 -3.05000 0.10000"
983,0.0000,Tx-Rx,0,-46.8698,"-6.00000 -5.60000 0.90000, -3.25000 -3.05000 0.10000"
984,0.0000,Tx-Rx,0,-47.2693,"-6.00000 -5.60000 0.90000, -2.95000 -3.05000 0.10000"
985,0.0000,Tx-Rx,0,-47.5621,"-6.00000 -5.60000 0.90000, -2.65000 -3.05000 0.10000"
986,0.0000,Tx-Rx,0,-47.7279,"-6.00000 -5.60000 0.90000, -2.35000 -3.05000 0.10000"
987,0.0000,Tx-Rx,0,-48.2514,"-6.00000 -5.60000 0.90000, -2.05000 -3.05000 0.10000"
988,0.0000,Tx-Rx,0,-48.7766,"-6.00000 -5.60000 0.90000, -1.75000 -3.05000 0.10000"
989,0.0000,Tx-Rx,0,-49.0476,"-6.00000 -5.60000 0.90000, -1.45000 -3.05000 0.10000"
990,0.0000,Tx-Rx,0,-49.3884,"-6.00000 -5.60000 0.90000, -1.15000 -3.05000 0.10000"
991,0.0000,Tx-Rx,0,-49.6439,"-6.00000 -5.60000 0.90000, -0.85000 -3.05000 0.10000"
992,0.0000,Tx-Rx,0,-50.0073,"-6.00000 -5.60000 0.90000, -0.55000 -3.05000 0.10000"
993,0.0000,Tx-Rx,0,-50.2766,"-6.00000 -5.60000 0.90000, -0.25000 -3.05000 0.10000"
994,0.0000,Tx-Rx,0,-55.1142,"-6.00000 -5.60000 0.90000, 0.05000 -3.05000 0.10000"
995,0.0000,Tx-Rx,0,-75.0015,"-6.00000 -5.60000 0.90000, 0.35000 -3.05000 0.10000"
996,0.0000,Tx-Rx,0,-74.8236,"-6.00000 -5.60000 0.90000, 0.65000 -3.05000 0.10000"
997,0.0000,Tx-Rx,0,-76.6156,"-6.00000 -5.60000 0.90000, 0.95000 -3.05000 0.10000"
998,0.0000,Tx-Rx,0,-76.0583,"-6.00000 -5.60000 0.90000, 1.25000 -3.05000 0.10000"
999,0.0000,Tx-Rx,0,-75.1468,"-6.00000 -5.60000 0.90000, 1.55000 -3.05000 0.10000"
1000,0.0000,Tx-Rx,0,-75.5153,"-6.00000 -5.60000 0.90000, 1.85000 -3.05000 0.10000"
1001,0.0000,Tx-Rx,0,-76.0909,"-6.00000 -5.60000 0.90000, 2.15000 -3.05000 0.10000"
1002,0.0000,Tx-Rx,0,-75.8944,"-6.00000 -5.60000 0.90000, 2.45000 -3.05000 0.10000"
1003,0.0000,Tx-Rx,0,-72.8768,"-6.00000 -5.60000 0.90000, 2.75000 -3.05000 0.10000"
1004,0.0000,Tx-Rx,0,-70.2253,"-6.00000 -5.60000 0.90000, 3.05000 -3.05000 0.10000"
1005,0.0000,Tx-Rx,0,-74.0427,"-6.00000 -5.60000 0.90000, 3.35000 -3.05000 0.10000"
1006,0.0000,Tx-Rx,0,-73.7595,"-6.00000 -5.60000 0.90000, 3.65000 -3.05000 0.10000"
1007,0.0000,Tx-Rx,0,-74.5233,"-6.00000 -5.60000 0.90000, 3.95000 -3.05000 0.10000"
1008,0.0000,Tx-Rx,0,-73.9012,"-6.00000 -5.60000 0.90000, 4.25000 -3.05000 0.10000"
1009,0.0000,Tx-Rx,0,-73.9709,"-6.00000 -5.60000 0.90000, 4.55000 -3.05000 0.10000"
1010,0.0000,Tx-Rx,0,-74.4450,"-6.00000 -5.60000 0.90000, 4.85000 -3.05000 0.10000"
1011,0.0000,Tx-Rx,0,-75.3302,"-6.00000 -5.60000 0.90000, 5.15000 -3.05000 0.10000"
1012,0.0000,Tx-Rx,0,-75.9791,"-6.00000 -5.60000 0.90000, 5.45000 -3.05000 0.10000"
1013,0.0000,Tx-Rx,0,-78.2311,"-6.00000 -5.60000 0.90000, 5.75000 -3.05000 0.10000"
1014,0.0000,Tx-Rx,0,-78.4155,"-6.00000 -5.60000 0.90000, 6.05000 -3.05000 0.10000"
1015,0.0000,Tx-Rx,0,-70.0607,"-6.00000 -5.60000 0.90000, 6.35000 -3.05000 0.10000"
1016,0.0000,Tx-Rx,0,-66.5697,"-6.00000 -5.60000 0.90000, 6.65000 -3.05000 0.10000"
1017,0.0000,Tx-Rx,0,-66.7196,"-6.00000 -5.60000 0.90000, 6.95000 -3.05000 0.10000"
1018,0.0000,Tx-Rx,0,-67.0028,"-6.00000 -5.60000 0.90000, 7.25000 -3.05000 0.10000"
1019,0.0000,Tx-Rx,0,-67.0654,"-6.00000 -5.60000 0.90000, 7.55000 -3.05000 0.10000"
1020,0.0000,Tx-Rx,0,-69.4157,"-6.00000 -5.60000 0.90000, 7.85000 -3.05000 0.10000"
1021,0.0000,Tx-Rx,0,-55.3174,"-6.00000 -5.60000 0.90000, -9.85000 -2.75000 0.10000"
1022,0.0000,Tx-Rx,0,-58.6002,"-6.00000 -5.60000 0.90000, -9.55000 -2.75000 0.10000"
1023,0.0000,Tx-Rx,0,-64.7321,"-6.00000 -5.60000 0.90000, -9.25000 -2.75000 0.10000"
1024,0.0000,Tx-Rx,0,-65.0305,"-6.00000 -5.60000 0.90000, -8.95000 -2.75000 0.10000"
1025,0.0000,Tx-Rx,0,-64.5242,"-6.00000 -5.60000 0.90000, -8.65000 -2.75000 0.10000"
1026,0.0000,Tx-Rx,0,-56.8216,"-6.00000 -5.60000 0.90000, -8.35000 -2.75000 0.10000"
1027,0.0000,Tx-Rx,0,-47.2583,"-6.00000 -5.60000 0.90000, -8.05000 -2.75000 0.10000"
1028,0.0000,Tx-Rx,0,-45.7794,"-6.00000 -5.60000 0.90000, -7.75000 -2.75000 0.10000"
1029,0.0000,Tx-Rx,0,-45.2981,"-6.00000 -5.60000 0.90000, -7.45000 -2.75000 0.10000"
1030,0.0000,Tx-Rx,0,-45.1535,"-6.00000 -5.60000 0.90000, -7.15000 -2.75000 0.10000"
1031,0.0000,Tx-Rx,0,-45.0202,"-6.00000 -5.60000 0.90000, -6.85000 -2.75000 0.10000"
1032,0.0000,Tx-Rx,0,-44.8925,"-6.00000 -5.60000 0.90000, -6.55000 -2.75000 0.10000"
1033,0.0000,Tx-Rx,0,-44.8032,"-6.00000 -5.60000 0.90000, -6.25000 -2.75000 0.10000"
1034,0.0000,Tx-Rx,0,-44.8854,"-6.00000 -5.60000 0.90000, -5.95000 -2.75000 0.10000"
1035,0.0000,Tx-Rx,0,-44.9226,"-6.00000 -5.60000 0.90000, -5.65000 -2.75000 0.10000"
1036,0.0000,Tx-Rx,0,-44.9217,"-6.00000 -5.60000 0.90000, -5.35000 -2.75000 0.10000"
1037,0.0000,Tx-Rx,0,-45.1574,"-6.00000 -5.60000 0.90000, -5.05000 -2.75000 0.10000"
1038,0.0000,Tx-Rx,0,-45.6517,"-6.00000 -5.60000 0.90000, -4.75000 -2.75000 0.10000"
1039,0.0000,Tx-Rx,0,-45.9911,"-6.00000 -5.60000 0.90000, -4.45000 -2.75000 0.10000"
1040,0.0000,Tx-Rx,0,-46.2775,"-6.00000 -5.60000 0.90000, -4.15000 -2.75000 0.10000"
1041,0.0000,Tx-Rx,0,-46.4478,"-6.00000 -5.60000 0.90000, -3.85000 -2.75000 0.10000"
1042,0.0000,Tx-Rx,0,-46.8509,"-6.00000 -5.60000 0.90000, -3.55000 -2.75000 0.10000"
1043,0.0000,Tx-Rx,0,-47.3119,"-6.00000 -5.60000 0.90000, -3.25000 -2.75000 0.10000"
1044,0.0000,Tx-Rx,0,-47.6875,"-6.00000 -5.60000 0.90000, -2.95000 -2.75000 0.10000"
1045,0.0000,Tx-Rx,0,-47.9728,"-6.00000 -5.60000 0.90000, -2.65000 -2.75000 0.10000"
1046,0.0000,Tx-Rx,0,-48.0084,"-6.00000 -5.60000 0.90000, -2.35000 -2.75000 0.10000"
1047,0.0000,Tx-Rx,0,-48.5661,"-6.00000 -5.60000 0.90000, -2.05000 -2.75000 0.10000"
1048,0.0000,Tx-Rx,0,-48.9938,"-6.00000 -5.60000 0.90000, -1.75000 -2.75000 0.10000"
1049,0.0000,Tx-Rx,0,-49.3616,"-6.00000 -5.60000 0.90000, -1.45000 -2.75000 0.10000"
1050,0.0000,Tx-Rx,0,-49.5507,"-6.00000 -5.60000 0.90000, -1.15000 -2.75000 0.10000"
1051,0.0000,Tx-Rx,0,-49.8881,"-6.00000 -5.60000 0.90000, -0.85000 -2.75000 0.10000"
1052,0.0000,Tx-Rx,0,-50.2470,"-6.00000 -5.60000 0.90000, -0.55000 -2.75000 0.10000"
1053,0.0000,Tx-Rx,0,-50.5055,"-6.00000 -5.60000 0.90000, -0.25000 -2.75000 0.10000"
1054,0.0000,Tx-Rx,0,-55.3168,"-6.00000 -5.60000 0.90000, 0.05000 -2.75000 0.10000"
1055,0.0000,Tx-Rx,0,-76.8262,"-6.00000 -5.60000 0.90000, 0.35000 -2.75000 0.10000"
1056,0.0000,Tx-Rx,0,-74.8793,"-6.00000 -5.60000 0.90000, 0.65000 -2.75000 0.10000"
1057,0.0000,Tx-Rx,0,-75.4183,"-6.00000 -5.60000 0.90000, 0.95000 -2.75000 0.10000"
1058,0.0000,Tx-Rx,0,-75.6359,"-6.00000 -5.60000 0.90000, 1.25000 -2.75000 0.10000"
1059,0.0000,Tx-Rx,0,-76.2813,"-6.00000 -5.60000 0.90000, 1.55000 -2.75000 0.10000"
1060,0.0000,Tx-Rx,0,-75.5376,"-6.00000 -5.60000 0.90000, 1.85000 -2.75000 0.10000"
1061,0.0000,Tx-Rx,0,-76.0217,"-6.00000 -5.60000 0.90000, 2.15000 -2.75000 0.10000"
1062,0.0000,Tx-Rx,0,-75.0006,"-6.00000 -5.60000 0.90000, 2.45000 -2.75000 0.10000"
1063,0.0000,Tx-Rx,0,-68.9034,"-6.00000 -5.60000 0.90000, 2.75000 -2.75000 0.10000"
1064,0.0000,Tx-Rx,0,-72.3798,"-6.00000 -5.60000 0.90000, 3.05000 -2.75000 0.10000"
1065,0.0000,Tx-Rx,0,-72.7009,"-6.00000 -5.60000 0.90000, 3.35000 -2.75000 0.10000"
1066,0.0000,Tx-Rx,0,-72.2183,"-6.00000 -5.60000 0.90000, 3.65000 -2.75000 0.10000"
1067,0.0000,Tx-Rx,0,-73.4306,"-6.00000 -5.60000 0.90000, 3.95000 -2.75000 0.10000"
1068,0.0000,Tx-Rx,0,-72.6535,"-6.00000 -5.60000 0.90000, 4.25000 -2.75000 0.10000"
1069,0.0000,Tx-Rx,0,-73.1135,"-6.00000 -5.60000 0.90000, 4.55000 -2.75000 0.10000"
1070,0.0000,Tx-Rx,0,-73.3971,"-6.00000 -5.60000 0.90000, 4.85000 -2.75000 0.10000"
1071,0.0000,Tx-Rx,0,-74.1127,"-6.00000 -5.60000 0.90000, 5.15000 -2.75000 0.10000"
1072,0.0000,Tx-Rx,0,-75.7586,"-6.00000 -5.60000 0.90000, 5.45000 -2.75000 0.10000"
1073,0.0000,Tx-Rx,0,-78.6403,"-6.00000 -5.60000 0.90000, 5.75000 -2.75000 0.10000"
1074,0.0000,Tx-Rx,0,-72.7831,"-6.00000 -5.60000 0.90000, 6.05000 -2.75000 0.10000"
1075,0.0000,Tx-Rx,0,-66.6925,"-6.00000 -5.60000 0.90000, 6.35000 -2.75000 0.10000"
1076,0.0000,Tx-Rx,0,-66.5857,"-6.00000 -5.60000 0.90000, 6.65000 -2.75000 0.10000"
1077,0.0000,Tx-Rx,0,-66.5827,"-6.00000 -5.60000 0.90000, 6.95000 -2.75000 0.10000"
1078,0.0000,Tx-Rx,0,-66.9457,"-6.00000 -5.60000 0.90000, 7.25000 -2.75000 0.10000"
1079,0.0000,Tx-Rx,0,-68.3010,"-6.00000 -5.60000 0.90000, 7.55000 -2.75000 0.10000"
1080,0.0000,Tx-Rx,0,-77.5701,"-6.00000 -5.60000 0.90000, 7.85000 -2.75000 0.10000"
1081,0.0000,Tx-Rx,0,-53.3019,"-6.00000 -5.60000 0.90000, -9.85000 -2.45000 0.10000"
1082,0.0000,Tx-Rx,0,-55.3236,"-6.00000 -5.60000 0.90000, -9.55000 -2.45000 0.10000"
1083,0.0000,Tx-Rx,0,-59.5396,"-6.00000 -5.60000 0.90000, -9.25000 -2.45000 0.10000"
1084,0.0000,Tx-Rx,0,-65.5555,"-6.00000 -5.60000 0.90000, -8.95000 -2.45000 0.10000"
1085,0.0000,Tx-Rx,0,-64.3896,"-6.00000 -5.60000 0.90000, -8.65000 -2.45000 0.10000"
1086,0.0000,Tx-Rx,0,-49.0266,"-6.00000 -5.60000 0.90000, -8.35000 -2.45000 0.10000"
1087,0.0000,Tx-Rx,0,-47.3164,"-6.00000 -5.60000 0.90000, -8.05000 -2.45000 0.10000"
1088,0.0000,Tx-Rx,0,-46.9478,"-6.00000 -5.60000 0.90000, -7.75000 -2.45000 0.10000"
1089,0.0000,Tx-Rx,0,-45.8257,"-6.00000 -5.60000 0.90000, -7.45000 -2.45000 0.10000"
1090,0.0000,Tx-Rx,0,-45.7961,"-6.00000 -5.60000 0.90000, -7.15000 -2.45000 0.10000"
1091,0.0000,Tx-Rx,0,-45.6878,"-6.00000 -5.60000 0.90000, -6.85000 -2.45000 0.10000"
1092,0.0000,Tx-Rx,0,-45.6287,"-6.00000 -5.60000 0.90000, -6.55000 -2.45000 0.10000"
1093,0.0000,Tx-Rx,0,-45.5613,"-6.00000 -5.60000 0.90000, -6.25000 -2.45000 0.10000"
1094,0.0000,Tx-Rx,0,-45.6281,"-6.00000 -5.60000 0.90000, -5.95000 -2.45000 0.10000"
1095,0.0000,Tx-Rx,0,-45.6829,"-6.00000 -5.60000 0.90000, -5.65000 -2.45000 0.10000"
1096,0.0000,Tx-Rx,0,-45.6394,"-6.00000 -5.60000 0.90000, -5.35000 -2.45000 0.10000"
1097,0.0000,Tx-Rx,0,-45.7118,"-6.00000 -5.60000 0.90000, -5.05000 -2.45000 0.10000"
1098,0.0000,Tx-Rx,0,-46.2151,"-6.00000 -5.60000 0.90000, -4.75000 -2.45000 0.10000"
1099,0.0000,Tx-Rx,0,-46.4975,"-6.00000 -5.60000 0.90000, -4.45000 -2.45000 0.10000"
1100,0.0000,Tx-Rx,0,-46.7439,"-6.00000 -5.60000 0.90000, -4.15000 -2.45000 0.10000"
1101,0.0000,Tx-Rx,0,-46.9305,"-6.00000 -5.60000 0.90000, -3.85000 -2.45000 0.10000"
1102,0.0000,Tx-Rx,0,-47.2686,"-6.00000 -5.60000 0.90000, -3.55000 -2.45000 0.10000"
1103,0.0000,Tx-Rx,0,-47.6652,"-6.00000 -5.60000 0.90000, -3.25000 -2.45000 0.10000"
1104,0.0000,Tx-Rx,0,-47.9315,"-6.00000 -5.60000 0.90000, -2.95000 -2.45000 0.10000"
1105,0.0000,Tx-Rx,0,-48.2164,"-6.00000 -5.60000 0.90000, -2.65000 -2.45000 0.10000"
1106,0.0000,Tx-Rx,0,-48.4223,"-6.00000 -5.60000 0.90000, -2.35000 -2.45000 0.10000"
1107,0.0000,Tx-Rx,0,-48.7616,"-6.00000 -5.60000 0.90000, -2.05000 -2.45000 0.10000"
1108,0.0000,Tx-Rx,0,-49.0593,"-6.00000 -5.60000 0.90000, -1.75000 -2.45000 0.10000"
1109,0.0000,Tx-Rx,0,-49.5203,"-6.00000 -5.60000 0.90000, -1.45000 -2.45000 0.10000"
1110,0.0000,Tx-Rx,0,-49.8056,"-6.00000 -5.60000 0.90000, -1.15000 -2.45000 0.10000"
1111,0.0000,Tx-Rx,0,-50.1279,"-6.00000 -5.60000 0.90000, -0.85000 -2.45000 0.10000"
1112,0.0000,Tx-Rx,0,-50.4024,"-6.00000 -5.60000 0.90000, -0.55000 -2.45000 0.10000"
1113,0.0000,Tx-Rx,0,-50.6292,"-6.00000 -5.60000 0.90000, -0.25000 -2.45000 0.10000"
1114,0.0000,Tx-Rx,0,-55.5809,"-6.00000 -5.60000 0.90000, 0.05000 -2.45000 0.10000"
1115,0.0000,Tx-Rx,0,-77.9923,"-6.00000 -5.60000 0.90000, 0.35000 -2.45000 0.10000"
1116,0.0000,Tx-Rx,0,-77.9054,"-6.00000 -5.60000 0.90000, 0.65000 -2.45000 0.10000"
1117,0.0000,Tx-Rx,0,-73.5831,"-6.00000 -5.60000 0.90000, 0.95000 -2.45000 0.10000"
1118,0.0000,Tx-Rx,0,-74.4357,"-6.00000 -5.60000 0.90000, 1.25000 -2.45000 0.10000"
1119,0.0000,Tx-Rx,0,-75.3187,"-6.00000 -5.60000 0.90000, 1.55000 -2.45000 0.10000"
1120,0.0000,Tx-Rx,0,-75.7153,"-6.00000 -5.60000 0.90000, 1.85000 -2.45000 0.10000"
1121,0.0000,Tx-Rx,0,-76.4117,"-6.00000 -5.60000 0.90000, 2.15000 -2.45000 0.10000"
1122,0.0000,Tx-Rx,0,-69.2109,"-6.00000 -5.60000 0.90000, 2.45000 -2.45000 0.10000"
1123,0.0000,Tx-Rx,0,-71.2931,"-6.00000 -5.60000 0.90000, 2.75000 -2.45000 0.10000"
1124,0.0000,Tx-Rx,0,-71.6619,"-6.00000 -5.60000 0.90000, 3.05000 -2.45000 0.10000"
1125,0.0000,Tx-Rx,0,-71.9238,"-6.00000 -5.60000 0.90000, 3.35000 -2.45000 0.10000"
1126,0.0000,Tx-Rx,0,-73.0217,"-6.00000 -5.60000 0.90000, 3.65000 -2.45000 0.10000"
1127,0.0000,Tx-Rx,0,-71.8713,"-6.00000 -5.60000 0.90000, 3.95000 -2.45000 0.10000"
1128,0.0000,Tx-Rx,0,-72.0582,"-6.00000 -5.60000 0.90000, 4.25000 -2.45000 0.10000"
1129,0.0000,Tx-Rx,0,-73.2653,"-6.00000 -5.60000 0.90000, 4.55000 -2.45000 0.10000"
1130,0.0000,Tx-Rx,0,-74.0817,"-6.00000 -5.60000 0.90000, 4.85000 -2.45000 0.10000"
1131,0.0000,Tx-Rx,0,-74.4557,"-6.00000 -5.60000 0.90000, 5.15000 -2.45000 0.10000"
1132,0.0000,Tx-Rx,0,-76.6399,"-6.00000 -5.60000 0.90000, 5.45000 -2.45000 0.10000"
1133,0.0000,Tx-Rx,0,-72.8205,"-6.00000 -5.60000 0.90000, 5.75000 -2.45000 0.10000"
1134,0.0000,Tx-Rx,0,-67.1008,"-6.00000 -5.60000 0.90000, 6.05000 -2.45000 0.10000"
1135,0.0000,Tx-Rx,0,-66.3187,"-6.00000 -5.60000 0.90000, 6.35000 -2.45000 0.10000"
1136,0.0000,Tx-Rx,0,-66.3146,"-6.00000 -5.60000 0.90000, 6.65000 -2.45000 0.10000"
1137,0.0000,Tx-Rx,0,-66.8086,"-6.00000 -5.60000 0.90000, 6.95000 -2.45000 0.10000"
1138,0.0000,Tx-Rx,0,-67.5095,"-6.00000 -5.60000 0.90000, 7.25000 -2.45000 0.10000"
1139,0.0000,Tx-Rx,0,-76.1763,"-6.00000 -5.60000 0.90000, 7.55000 -2.45000 0.10000"
1140,0.0000,Tx-Rx,0,-79.0539,"-6.00000 -5.60000 0.90000, 7.85000 -2.45000 0.10000"
1141,0.0000,Tx-Rx,0,-52.7774,"-6.00000 -5.60000 0.90000, -9.85000 -2.15000 0.10000"
1142,0.0000,Tx-Rx,0,-52.2599,"-6.00000 -5.60000 0.90000, -9.55000 -2.15000 0.10000"
1143,0.0000,Tx-Rx,0,-53.9868,"-6.00000 -5.60000 0.90000, -9.25000 -2.15000 0.10000"
1144,0.0000,Tx-Rx,0,-64.4262,"-6.00000 -5.60000 0.90000, -8.95000 -2.15000 0.10000"
1145,0.0000,Tx-Rx,0,-51.9338,"-6.00000 -5.60000 0.90000, -8.65000 -2.15000 0.10000"
1146,0.0000,Tx-Rx,0,-48.0916,"-6.00000 -5.60000 0.90000, -8.35000 -2.15000 0.10000"
1147,0.0000,Tx-Rx,0,-47.8606,"-6.00000 -5.60000 0.90000, -8.05000 -2.15000 0.10000"
1148,0.0000,Tx-Rx,0,-47.4742,"-6.00000 -5.60000 0.90000, -7.75000 -2.15000 0.10000"
1149,0.0000,Tx-Rx,0,-47.0119,"-6.00000 -5.60000 0.90000, -7.45000 -2.15000 0.10000"
1150,0.0000,Tx-Rx,0,-46.3418,"-6.00000 -5.60000 0.90000, -7.15000 -2.15000 0.10000"
1151,0.0000,Tx-Rx,0,-46.3073,"-6.00000 -5.60000 0.90000, -6.85000 -2.15000 0.10000"
1152,0.0000,Tx-Rx,0,-46.2837,"-6.00000 -5.60000 0.90000, -6.55000 -2.15000 0.10000"
1153,0.0000,Tx-Rx,0,-46.2371,"-6.00000 -5.60000 0.90000, -6.25000 -2.15000 0.10000"
1154,0.0000,Tx-Rx,0,-46.2288,"-6.00000 -5.60000 0.90000, -5.95000 -2.15000 0.10000"
1155,0.0000,Tx-Rx,0,-46.3256,"-6.00000 -5.60000 0.90000, -5.65000 -2.15000 0.10000"
1156,0.0000,Tx-Rx,0,-46.3117,"-6.00000 -5.60000 0.90000, -5.35000 -2.15000 0.10000"
1157,0.0000,Tx-Rx,0,-46.2950,"-6.00000 -5.60000 0.90000, -5.05000 -2.15000 0.10000"
1158,0.0000,Tx-Rx,0,-46.7383,"-6.00000 -5.60000 0.90000, -4.75000 -2.15000 0.10000"
1159,0.0000,Tx-Rx,0,-47.0999,"-6.00000 -5.60000 0.90000, -4.45000 -2.15000 0.10000"
1160,0.0000,Tx-Rx,0,-47.2238,"-6.00000 -5.60000 0.90000, -4.15000 -2.15000 0.10000"
1161,0.0000,Tx-Rx,0,-47.5428,"-6.00000 -5.60000 0.90000, -3.85000 -2.15000 0.10000"
1162,0.0000,Tx-Rx,0,-47.7243,"-6.00000 -5.60000 0.90000, -3.55000 -2.15000 0.10000"
1163,0.0000,Tx-Rx,0,-48.0597,"-6.00000 -5.60000 0.90000, -3.25000 -2.15000 0.10000"
1164,0.0000,Tx-Rx,0,-48.1419,"-6.00000 -5.60000 0.90000, -2.95000 -2.15000 0.10000"
1165,0.0000,Tx-Rx,0,-48.5833,"-6.00000 -5.60000 0.90000, -2.65000 -2.15000 0.10000"
1166,0.0000,Tx-Rx,0,-48.9110,"-6.00000 -5.60000 0.90000, -2.35000 -2.15000 0.10000"
1167,0.0000,Tx-Rx,0,-49.0260,"-6.00000 -5.60000 0.90000, -2.05000 -2.15000 0.10000"
1168,0.0000,Tx-Rx,0,-49.2863,"-6.00000 -5.60000 0.90000, -1.75000 -2.15000 0.10000"
1169,0.0000,Tx-Rx,0,-49.6727,"-6.00000 -5.60000 0.90000, -1.45000 -2.15000 0.10000"
1170,0.0000,Tx-Rx,0,-50.0833,"-6.00000 -5.60000 0.90000, -1.15000 -2.15000 0.10000"
1171,0.0000,Tx-Rx,0,-50.3638,"-6.00000 -5.60000 0.90000, -0.85000 -2.15000 0.10000"
1172,0.0000,Tx-Rx,0,-50.5851,"-6.00000 -5.60000 0.90000, -0.55000 -2.15000 0.10000"
1173,0.0000,Tx-Rx,0,-50.7617,"-6.00000 -5.60000 0.90000, -0.25000 -2.15000 0.10000"
1174,0.0000,Tx-Rx,0,-55.6296,"-6.00000 -5.60000 0.90000, 0.05000 -2.15000 0.10000"
1175,0.0000,Tx-Rx,0,-77.1241,"-6.00000 -5.60000 0.90000, 0.35000 -2.15000 0.10000"
1176,0.0000,Tx-Rx,0,-76.6851,"-6.00000 -5.60000 0.90000, 0.65000 -2.15000 0.10000"
1177,0.0000,Tx-Rx,0,-76.0176,"-6.00000 -5.60000 0.90000, 0.95000 -2.15000 0.10000"
1178,0.0000,Tx-Rx,0,-74.9665,"-6.00000 -5.60000 0.90000, 1.25000 -2.15000 0.10000"
1179,0.0000,Tx-Rx,0,-74.7156,"-6.00000 -5.60000 0.90000, 1.55000 -2.15000 0.10000"
1180,0.0000,Tx-Rx,0,-76.0048,"-6.00000 -5.60000 0.90000, 1.85000 -2.15000 0.10000"
1181,0.0000,Tx-Rx,0,-70.0942,"-6.00000 -5.60000 0.90000, 2.15000 -2.15000 0.10000"
1182,0.0000,Tx-Rx,0,-68.7138,"-6.00000 -5.60000 0.90000, 2.45000 -2.15000 0.10000"
1183,0.0000,Tx-Rx,0,-71.8561,"-6.00000 -5.60000 0.90000, 2.75000 -2.15000 0.10000"
1184,0.0000,Tx-Rx,0,-72.0193,"-6.00000 -5.60000 0.90000, 3.05000 -2.15000 0.10000"
1185,0.0000,Tx-Rx,0,-72.9568,"-6.00000 -5.60000 0.90000, 3.35000 -2.15000 0.10000"
1186,0.0000,Tx-Rx,0,-71.7639,"-6.00000 -5.60000 0.90000, 3.65000 -2.15000 0.10000"
1187,0.0000,Tx-Rx,0,-71.2353,"-6.00000 -5.60000 0.90000, 3.95000 -2.15000 0.10000"
1188,0.0000,Tx-Rx,0,-73.2207,"-6.00000 -5.60000 0.90000, 4.25000 -2.15000 0.10000"
1189,0.0000,Tx-Rx,0,-73.5550,"-6.00000 -5.60000 0.90000, 4.55000 -2.15000 0.10000"
1190,0.0000,Tx-Rx,0,-73.3766,"-6.00000 -5.60000 0.90000, 4.85000 -2.15000 0.10000"
1191,0.0000,Tx-Rx,0,-74.5266,"-6.00000 -5.60000 0.90000, 5.15000 -2.15000 0.10000"
1192,0.0000,Tx-Rx,0,-73.4526,"-6.00000 -5.60000 0.90000, 5.45000 -2.15000 0.10000"
1193,0.0000,Tx-Rx,0,-66.8098,"-6.00000 -5.60000 0.90000, 5.75000 -2.15000 0.10000"
1194,0.0000,Tx-Rx,0,-66.3517,"-6.00000 -5.60000 0.90000, 6.05000 -2.15000 0.10000"
1195,0.0000,Tx-Rx,0,-66.1689,"-6.00000 -5.60000 0.90000, 6.35000 -2.15000 0.10000"
1196,0.0000,Tx-Rx,0,-66.6220,"-6.00000 -5.60000 0.90000, 6.65000 -2.15000 0.10000"
1197,0.0000,Tx-Rx,0,-67.0426,"-6.00000 -5.60000 0.90000, 6.95000 -2.15000 0.10000"
1198,0.0000,Tx-Rx,0,-73.8046,"-6.00000 -5.60000 0.90000, 7.25000 -2.15000 0.10000"
1199,0.0000,Tx-Rx,0,-78.8513,"-6.00000 -5.60000 0.90000, 7.55000 -2.15000 0.10000"
1200,0.0000,Tx-Rx,0,-79.5820,"-6.00000 -5.60000 0.90000, 7.85000 -2.15000 0.10000"
1201,0.0000,Tx-Rx,0,-55.2873,"-6.00000 -5.60000 0.90000, -9.85000 -1.85000 0.10000"
1202,0.0000,Tx-Rx,0,-52.0405,"-6.00000 -5.60000 0.90000, -9.55000 -1.85000 0.10000"
1203,0.0000,Tx-Rx,0,-52.1450,"-6.00000 -5.60000 0.90000, -9.25000 -1.85000 0.10000"
1204,0.0000,Tx-Rx,0,-53.9713,"-6.00000 -5.60000 0.90000, -8.95000 -1.85000 0.10000"
1205,0.0000,Tx-Rx,0,-48.9096,"-6.00000 -5.60000 0.90000, -8.65000 -1.85000 0.10000"
1206,0.0000,Tx-Rx,0,-48.5530,"-6.00000 -5.60000 0.90000, -8.35000 -1.85000 0.10000"
1207,0.0000,Tx-Rx,0,-48.2935,"-6.00000 -5.60000 0.90000, -8.05000 -1.85000 0.10000"
1208,0.0000,Tx-Rx,0,-47.8544,"-6.00000 -5.60000 0.90000, -7.75000 -1.85000 0.10000"
1209,0.0000,Tx-Rx,0,-47.8350,"-6.00000 -5.60000 0.90000, -7.45000 -1.85000 0.10000"
1210,0.0000,Tx-Rx,0,-47.3202,"-6.00000 -5.60000 0.90000, -7.15000 -1.85000 0.10000"
1211,0.0000,Tx-Rx,0,-46.8121,"-6.00000 -5.60000 0.90000, -6.85000 -1.85000 0.10000"
1212,0.0000,Tx-Rx,0,-46.8389,"-6.00000 -5.60000 0.90000, -6.55000 -1.85000 0.10000"
1213,0.0000,Tx-Rx,0,-46.8022,"-6.00000 -5.60000 0.90000, -6.25000 -1.85000 0.10000"
1214,0.0000,Tx-Rx,0,-46.8295,"-6.00000 -5.60000 0.90000, -5.95000 -1.85000 0.10000"
1215,0.0000,Tx-Rx,0,-46.8605,"-6.00000 -5.60000 0.90000, -5.65000 -1.85000 0.10000"
1216,0.0000,Tx-Rx,0,-46.8919,"-6.00000 -5.60000 0.90000, -5.35000 -1.85000 0.10000"
1217,0.0000,Tx-Rx,0,-46.8009,"-6.00000 -5.60000 0.90000, -5.05000 -1.85000 0.10000"
1218,0.0000,Tx-Rx,0,-47.1657,"-6.00000 -5.60000 0.90000, -4.75000 -1.85000 0.10000"
1219,0.0000,Tx-Rx,0,-47.5206,"-6.00000 -5.60000 0.90000, -4.45000 -1.85000 0.10000"
1220,0.0000,Tx-Rx,0,-47.5941,"-6.00000 -5.60000 0.90000, -4.15000 -1.85000 0.10000"
1221,0.0000,Tx-Rx,0,-47.9198,"-6.00000 -5.60000 0.90000, -3.85000 -1.85000 0.10000"
1222,0.0000,Tx-Rx,0,-48.2654,"-6.00000 -5.60000 0.90000, -3.55000 -1.85000 0.10000"
1223,0.0000,Tx-Rx,0,-48.4408,"-6.00000 -5.60000 0.90000, -3.25000 -1.85000 0.10000"
1224,0.0000,Tx-Rx,0,-48.5661,"-6.00000 -5.60000 0.90000, -2.95000 -1.85000 0.10000"
1225,0.0000,Tx-Rx,0,-48.8660,"-6.00000 -5.60000 0.90000, -2.65000 -1.85000 0.10000"
1226,0.0000,Tx-Rx,0,-49.2319,"-6.00000 -5.60000 0.90000, -2.35000 -1.85000 0.10000"
1227,0.0000,Tx-Rx,0,-49.3512,"-6.00000 -5.60000 0.90000, -2.05000 -1.85000 0.10000"
1228,0.0000,Tx-Rx,0,-49.4473,"-6.00000 -5.60000 0.90000, -1.75000 -1.85000 0.10000"
1229,0.0000,Tx-Rx,0,-49.7989,"-6.00000 -5.60000 0.90000, -1.45000 -1.85000 0.10000"
1230,0.0000,Tx-Rx,0,-50.1947,"-6.00000 -5.60000 0.90000, -1.15000 -1.85000 0.10000"
1231,0.0000,Tx-Rx,0,-50.5073,"-6.00000 -5.60000 0.90000, -0.85000 -1.85000 0.10000"
1232,0.0000,Tx-Rx,0,-50.7495,"-6.00000 -5.60000 0.90000, -0.55000 -1.85000 0.10000"
1233,0.0000,Tx-Rx,0,-50.9509,"-6.00000 -5.60000 0.90000, -0.25000 -1.85000 0.10000"
1234,0.0000,Tx-Rx,0,-55.8182,"-6.00000 -5.60000 0.90000, 0.05000 -1.85000 0.10000"
1235,0.0000,Tx-Rx,0,-78.0318,"-6.00000 -5.60000 0.90000, 0.35000 -1.85000 0.10000"
1236,0.0000,Tx-Rx,0,-76.8967,"-6.00000 -5.60000 0.90000, 0.65000 -1.85000 0.10000"
1237,0.0000,Tx-Rx,0,-75.5723,"-6.00000 -5.60000 0.90000, 0.95000 -1.85000 0.10000"
1238,0.0000,Tx-Rx,0,-75.2992,"-6.00000 -5.60000 0.90000, 1.25000 -1.85000 0.10000"
1239,0.0000,Tx-Rx,0,-74.4678,"-6.00000 -5.60000 0.90000, 1.55000 -1.85000 0.10000"
1240,0.0000,Tx-Rx,0,-70.7263,"-6.00000 -5.60000 0.90000, 1.85000 -1.85000 0.10000"
1241,0.0000,Tx-Rx,0,-67.8439,"-6.00000 -5.60000 0.90000, 2.15000 -1.85000 0.10000"
1242,0.0000,Tx-Rx,0,-71.3195,"-6.00000 -5.60000 0.90000, 2.45000 -1.85000 0.10000"
1243,0.0000,Tx-Rx,0,-72.0339,"-6.00000 -5.60000 0.90000, 2.75000 -1.85000 0.10000"
1244,0.0000,Tx-Rx,0,-71.5065,"-6.00000 -5.60000 0.90000, 3.05000 -1.85000 0.10000"
1245,0.0000,Tx-Rx,0,-71.2576,"-6.00000 -5.60000 0.90000, 3.35000 -1.85000 0.10000"
1246,0.0000,Tx-Rx,0,-71.3805,"-6.00000 -5.60000 0.90000, 3.65000 -1.85000 0.10000"
1247,0.0000,Tx-Rx,0,-73.2977,"-6.00000 -5.60000 0.90000, 3.95000 -1.85000 0.10000"
1248,0.0000,Tx-Rx,0,-73.5195,"-6.00000 -5.60000 0.90000, 4.25000 -1.85000 0.10000"
1249,0.0000,Tx-Rx,0,-73.2212,"-6.00000 -5.60000 0.90000, 4.55000 -1.85000 0.10000"
1250,0.0000,Tx-Rx,0,-73.0571,"-6.00000 -5.60000 0.90000, 4.85000 -1.85000 0.10000"
1251,0.0000,Tx-Rx,0,-74.3794,"-6.00000 -5.60000 0.90000, 5.15000 -1.85000 0.10000"
1252,0.0000,Tx-Rx,0,-67.3581,"-6.00000 -5.60000 0.90000, 5.45000 -1.85000 0.10000"
1253,0.0000,Tx-Rx,0,-66.3058,"-6.00000 -5.60000 0.90000, 5.75000 -1.85000 0.10000"
1254,0.0000,Tx-Rx,0,-65.8203,"-6.00000 -5.60000 0.90000, 6.05000 -1.85000 0.10000"
1255,0.0000,Tx-Rx,0,-66.1095,"-6.00000 -5.60000 0.90000, 6.35000 -1.85000 0.10000"
1256,0.0000,Tx-Rx,0,-66.6038,"-6.00000 -5.60000 0.90000, 6.65000 -1.85000 0.10000"
1257,0.0000,Tx-Rx,0,-72.0897,"-6.00000 -5.60000 0.90000, 6.95000 -1.85000 0.10000"
1258,0.0000,Tx-Rx,0,-79.2426,"-6.00000 -5.60000 0.90000, 7.25000 -1.85000 0.10000"
1259,0.0000,Tx-Rx,0,-79.1547,"-6.00000 -5.60000 0.90000, 7.55000 -1.85000 0.10000"
1260,0.0000,Tx-Rx,0,-79.0491,"-6.00000 -5.60000 0.90000, 7.85000 -1.85000 0.10000"
1261,0.0000,Tx-Rx,0,-58.4803,"-6.00000 -5.60000 0.90000, -9.85000 -1.55000 0.10000"
1262,0.0000,Tx-Rx,0,-53.0291,"-6.00000 -5.60000 0.90000, -9.55000 -1.55000 0.10000"
1263,0.0000,Tx-Rx,0,-51.3409,"-6.00000 -5.60000 0.90000, -9.25000 -1.55000 0.10000"
1264,0.0000,Tx-Rx,0,-48.7148,"-6.00000 -5.60000 0.90000, -8.95000 -1.55000 0.10000"
1265,0.0000,Tx-Rx,0,-49.3028,"-6.00000 -5.60000 0.90000, -8.65000 -1.55000 0.10000"
1266,0.0000,Tx-Rx,0,-48.9458,"-6.00000 -5.60000 0.90000, -8.35000 -1.55000 0.10000"
1267,0.0000,Tx-Rx,0,-48.7612,"-6.00000 -5.60000 0.90000, -8.05000 -1.55000 0.10000"
1268,0.0000,Tx-Rx,0,-48.4706,"-6.00000 -5.60000 0.90000, -7.75000 -1.55000 0.10000"
1269,0.0000,Tx-Rx,0,-48.3539,"-6.00000 -5.60000 0.90000, -7.45000 -1.55000 0.10000"
1270,0.0000,Tx-Rx,0,-48.0804,"-6.00000 -5.60000 0.90000, -7.15000 -1.55000 0.10000"
1271,0.0000,Tx-Rx,0,-47.5388,"-6.00000 -5.60000 0.90000, -6.85000 -1.55000 0.10000"
1272,0.0000,Tx-Rx,0,-47.3116,"-6.00000 -5.60000 0.90000, -6.55000 -1.55000 0.10000"
1273,0.0000,Tx-Rx,0,-47.2941,"-6.00000 -5.60000 0.90000, -6.25000 -1.55000 0.10000"
1274,0.0000,Tx-Rx,0,-47.3535,"-6.00000 -5.60000 0.90000, -5.95000 -1.55000 0.10000"
1275,0.0000,Tx-Rx,0,-47.3300,"-6.00000 -5.60000 0.90000, -5.65000 -1.55000 0.10000"
1276,0.0000,Tx-Rx,0,-47.3656,"-6.00000 -5.60000 0.90000, -5.35000 -1.55000 0.10000"
1277,0.0000,Tx-Rx,0,-47.3560,"-6.00000 -5.60000 0.90000, -5.05000 -1.55000 0.10000"
1278,0.0000,Tx-Rx,0,-47.4707,"-6.00000 -5.60000 0.90000, -4.75000 -1.55000 0.10000"
1279,0.0000,Tx-Rx,0,-47.9133,"-6.00000 -5.60000 0.90000, -4.45000 -1.55000 0.10000"
1280,0.0000,Tx-Rx,0,-47.9831,"-6.00000 -5.60000 0.90000, -4.15000 -1.55000 0.10000"
1281,0.0000,Tx-Rx,0,-48.3064,"-6.00000 -5.60000 0.90000, -3.85000 -1.55000 0.10000"
1282,0.0000,Tx-Rx,0,-48.6026,"-6.00000 -5.60000 0.90000, -3.55000 -1.55000 0.10000"
1283,0.0000,Tx-Rx,0,-48.6202,"-6.00000 -5.60000 0.90000, -3.25000 -1.55000 0.10000"
1284,0.0000,Tx-Rx,0,-48.9194,"-6.00000 -5.60000 0.90000, -2.95000 -1.55000 0.10000"
1285,0.0000,Tx-Rx,0,-49.1954,"-6.00000 -5.60000 0.90000, -2.65000 -1.55000 0.10000"
1286,0.0000,Tx-Rx,0,-49.5222,"-6.00000 -5.60000 0.90000, -2.35000 -1.55000 0.10000"
1287,0.0000,Tx-Rx,0,-49.6528,"-6.00000 -5.60000 0.90000, -2.05000 -1.55000 0.10000"
1288,0.0000,Tx-Rx,0,-49.8670,"-6.00000 -5.60000 0.90000, -1.75000 -1.55000 0.10000"
1289,0.0000,Tx-Rx,0,-49.9732,"-6.00000 -5.60000 0.90000, -1.45000 -1.55000 0.10000"
1290,0.0000,Tx-Rx,0,-50.2888,"-6.00000 -5.60000 0.90000, -1.15000 -1.55000 0.10000"
1291,0.0000,Tx-Rx,0,-50.7054,"-6.00000 -5.60000 0.90000, -0.85000 -1.55000 0.10000"
1292,0.0000,Tx-Rx,0,-50.8722,"-6.00000 -5.60000 0.90000, -0.55000 -1.55000 0.10000"
1293,0.0000,Tx-Rx,0,-51.1129,"-6.00000 -5.60000 0.90000, -0.25000 -1.55000 0.10000"
1294,0.0000,Tx-Rx,0,-56.1475,"-6.00000 -5.60000 0.90000, 0.05000 -1.55000 0.10000"
1295,0.0000,Tx-Rx,0,-77.7125,"-6.00000 -5.60000 0.90000, 0.35000 -1.55000 0.10000"
1296,0.0000,Tx-Rx,0,-76.4721,"-6.00000 -5.60000 0.90000, 0.65000 -1.55000 0.10000"
1297,0.0000,Tx-Rx,0,-75.8069,"-6.00000 -5.60000 0.90000, 0.95000 -1.55000 0.10000"
1298,0.0000,Tx-Rx,0,-76.2672,"-6.00000 -5.60000 0.90000, 1.25000 -1.55000 0.10000"
1299,0.0000,Tx-Rx,0,-73.3812,"-6.00000 -5.60000 0.90000, 1.55000 -1.55000 0.10000"
1300,0.0000,Tx-Rx,0,-67.7652,"-6.00000 -5.60000 0.90000, 1.85000 -1.55000 0.10000"
1301,0.0000,Tx-Rx,0,-70.2449,"-6.00000 -5.60000 0.90000, 2.15000 -1.55000 0.10000"
1302,0.0000,Tx-Rx,0,-72.1770,"-6.00000 -5.60000 0.90000, 2.45000 -1.55000 0.10000"
1303,0.0000,Tx-Rx,0,-72.1659,"-6.00000 -5.60000 0.90000, 2.75000 -1.55000 0.10000"
1304,0.0000,Tx-Rx,0,-70.6223,"-6.00000 -5.60000 0.90000, 3.05000 -1.55000 0.10000"
1305,0.0000,Tx-Rx,0,-71.4399,"-6.00000 -5.60000 0.90000, 3.35000 -1.55000 0.10000"
1306,0.0000,Tx-Rx,0,-72.1492,"-6.00000 -5.60000 0.90000, 3.65000 -1.55000 0.10000"
1307,0.0000,Tx-Rx,0,-73.1847,"-6.00000 -5.60000 0.90000, 3.95000 -1.55000 0.10000"
1308,0.0000,Tx-Rx,0,-73.2223,"-6.00000 -5.60000 0.90000, 4.25000 -1.55000 0.10000"
1309,0.0000,Tx-Rx,0,-73.3136,"-6.00000 -5.60000 0.90000, 4.55000 -1.55000 0.10000"
1310,0.0000,Tx-Rx,0,-73.1510,"-6.00000 -5.60000 0.90000, 4.85000 -1.55000 0.10000"
1311,0.0000,Tx-Rx,0,-68.6083,"-6.00000 -5.60000 0.90000, 5.15000 -1.55000 0.10000"
1312,0.0000,Tx-Rx,0,-66.1765,"-6.00000 -5.60000 0.90000, 5.45000 -1.55000 0.10000"
1313,0.0000,Tx-Rx,0,-66.0385,"-6.00000 -5.60000 0.90000, 5.75000 -1.55000 0.10000"
1314,0.0000,Tx-Rx,0,-65.6396,"-6.00000 -5.60000 0.90000, 6.05000 -1.55000 0.10000"
1315,0.0000,Tx-Rx,0,-66.2102,"-6.00000 -5.60000 0.90000, 6.35000 -1.55000 0.10000"
1316,0.0000,Tx-Rx,0,-70.1451,"-6.00000 -5.60000 0.90000, 6.65000 -1.55000 0.10000"
1317,0.0000,Tx-Rx,0,-80.9013,"-6.00000 -5.60000 0.90000, 6.95000 -1.55000 0.10000"
1318,0.0000,Tx-Rx,0,-80.5286,"-6.00000 -5.60000 0.90000, 7.25000 -1.55000 0.10000"
1319,0.0000,Tx-Rx,0,-80.2163,"-6.00000 -5.60000 0.90000, 7.55000 -1.55000 0.10000"
1320,0.0000,Tx-Rx,0,-80.0893,"-6.00000 -5.60000 0.90000, 7.85000 -1.55000 0.10000"
1321,0.0000,Tx-Rx,0,-58.7028,"-6.00000 -5.60000 0.90000, -9.85000 -1.25000 0.10000"
1322,0.0000,Tx-Rx,0,-57.1578,"-6.00000 -5.60000 0.90000, -9.55000 -1.25000 0.10000"
1323,0.0000,Tx-Rx,0,-48.7404,"-6.00000 -5.60000 0.90000, -9.25000 -1.25000 0.10000"
1324,0.0000,Tx-Rx,0,-47.8011,"-6.00000 -5.60000 0.90000, -8.95000 -1.25000 0.10000"
1325,0.0000,Tx-Rx,0,-49.3536,"-6.00000 -5.60000 0.90000, -8.65000 -1.25000 0.10000"
1326,0.0000,Tx-Rx,0,-49.4264,"-6.00000 -5.60000 0.90000, -8.35000 -1.25000 0.10000"
1327,0.0000,Tx-Rx,0,-49.1549,"-6.00000 -5.60000 0.90000, -8.05000 -1.25000 0.10000"
1328,0.0000,Tx-Rx,0,-48.9587,"-6.00000 -5.60000 0.90000, -7.75000 -1.25000 0.10000"
1329,0.0000,Tx-Rx,0,-48.7619,"-6.00000 -5.60000 0.90000, -7.45000 -1.25000 0.10000"
1330,0.0000,Tx-Rx,0,-48.6046,"-6.00000 -5.60000 0.90000, -7.15000 -1.25000 0.10000"
1331,0.0000,Tx-Rx,0,-48.5381,"-6.00000 -5.60000 0.90000, -6.85000 -1.25000 0.10000"
1332,0.0000,Tx-Rx,0,-47.9065,"-6.00000 -5.60000 0.90000, -6.55000 -1.25000 0.10000"
1333,0.0000,Tx-Rx,0,-47.8096,"-6.00000 -5.60000 0.90000, -6.25000 -1.25000 0.10000"
1334,0.0000,Tx-Rx,0,-47.8352,"-6.00000 -5.60000 0.90000, -5.95000 -1.25000 0.10000"
1335,0.0000,Tx-Rx,0,-47.8996,"-6.00000 -5.60000 0.90000, -5.65000 -1.25000 0.10000"
1336,0.0000,Tx-Rx,0,-47.9665,"-6.00000 -5.60000 0.90000, -5.35000 -1.25000 0.10000"
1337,0.0000,Tx-Rx,0,-47.8496,"-6.00000 -5.60000 0.90000, -5.05000 -1.25000 0.10000"
1338,0.0000,Tx-Rx,0,-47.7593,"-6.00000 -5.60000 0.90000, -4.75000 -1.25000 0.10000"
1339,0.0000,Tx-Rx,0,-48.9956,"-6.00000 -5.60000 0.90000, -4.45000 -1.25000 0.10000"
1340,0.0000,Tx-Rx,0,-48.6745,"-6.00000 -5.60000 0.90000, -4.15000 -1.25000 0.10000"
1341,0.0000,Tx-Rx,0,-48.7631,"-6.00000 -5.60000 0.90000, -3.85000 -1.25000 0.10000"
1342,0.0000,Tx-Rx,0,-49.2862,"-6.00000 -5.60000 0.90000, -3.55000 -1.25000 0.10000"
1343,0.0000,Tx-Rx,0,-49.5265,"-6.00000 -5.60000 0.90000, -3.25000 -1.25000 0.10000"
1344,0.0000,Tx-Rx,0,-49.3644,"-6.00000 -5.60000 0.90000, -2.95000 -1.25000 0.10000"
1345,0.0000,Tx-Rx,0,-49.5427,"-6.00000 -5.60000 0.90000, -2.65000 -1.25000 0.10000"
1346,0.0000,Tx-Rx,0,-49.8534,"-6.00000 -5.60000 0.90000, -2.35000 -1.25000 0.10000"
1347,0.0000,Tx-Rx,0,-49.9794,"-6.00000 -5.60000 0.90000, -2.05000 -1.25000 0.10000"
1348,0.0000,Tx-Rx,0,-50.1285,"-6.00000 -5.60000 0.90000, -1.75000 -1.25000 0.10000"
1349,0.0000,Tx-Rx,0,-50.2966,"-6.00000 -5.60000 0.90000, -1.45000 -1.25000 0.10000"
1350,0.0000,Tx-Rx,0,-50.3709,"-6.00000 -5.60000 0.90000, -1.15000 -1.25000 0.10000"
1351,0.0000,Tx-Rx,0,-50.7491,"-6.00000 -5.60000 0.90000, -0.85000 -1.25000 0.10000"
1352,0.0000,Tx-Rx,0,-51.0766,"-6.00000 -5.60000 0.90000, -0.55000 -1.25000 0.10000"
1353,0.0000,Tx-Rx,0,-51.1290,"-6.00000 -5.60000 0.90000, -0.25000 -1.25000 0.10000"
1354,0.0000,Tx-Rx,0,-56.2174,"-6.00000 -5.60000 0.90000, 0.05000 -1.25000 0.10000"
1355,0.0000,Tx-Rx,0,-77.7943,"-6.00000 -5.60000 0.90000, 0.35000 -1.25000 0.10000"
1356,0.0000,Tx-Rx,0,-76.3865,"-6.00000 -5.60000 0.90000, 0.65000 -1.25000 0.10000"
1357,0.0000,Tx-Rx,0,-75.8257,"-6.00000 -5.60000 0.90000, 0.95000 -1.25000 0.10000"
1358,0.0000,Tx-Rx,0,-75.1386,"-6.00000 -5.60000 0.90000, 1.25000 -1.25000 0.10000"
1359,0.0000,Tx-Rx,0,-67.3856,"-6.00000 -5.60000 0.90000, 1.55000 -1.25000 0.10000"
1360,0.0000,Tx-Rx,0,-69.5050,"-6.00000 -5.60000 0.90000, 1.85000 -1.25000 0.10000"
1361,0.0000,Tx-Rx,0,-71.3621,"-6.00000 -5.60000 0.90000, 2.15000 -1.25000 0.10000"
1362,0.0000,Tx-Rx,0,-71.5925,"-6.00000 -5.60000 0.90000, 2.45000 -1.25000 0.10000"
1363,0.0000,Tx-Rx,0,-70.2924,"-6.00000 -5.60000 0.90000, 2.75000 -1.25000 0.10000"
1364,0.0000,Tx-Rx,0,-71.4269,"-6.00000 -5.60000 0.90000, 3.05000 -1.25000 0.10000"
1365,0.0000,Tx-Rx,0,-72.1286,"-6.00000 -5.60000 0.90000, 3.35000 -1.25000 0.10000"
1366,0.0000,Tx-Rx,0,-72.6499,"-6.00000 -5.60000 0.90000, 3.65000 -1.25000 0.10000"
1367,0.0000,Tx-Rx,0,-72.9747,"-6.00000 -5.60000 0.90000, 3.95000 -1.25000 0.10000"
1368,0.0000,Tx-Rx,0,-72.9035,"-6.00000 -5.60000 0.90000, 4.25000 -1.25000 0.10000"
1369,0.0000,Tx-Rx,0,-72.5628,"-6.00000 -5.60000 0.90000, 4.55000 -1.25000 0.10000"
1370,0.0000,Tx-Rx,0,-70.5719,"-6.00000 -5.60000 0.90000, 4.85000 -1.25000 0.10000"
1371,0.0000,Tx-Rx,0,-66.0075,"-6.00000 -5.60000 0.90000, 5.15000 -1.25000 0.10000"
1372,0.0000,Tx-Rx,0,-65.9660,"-6.00000 -5.60000 0.90000, 5.45000 -1.25000 0.10000"
1373,0.0000,Tx-Rx,0,-65.5613,"-6.00000 -5.60000 0.90000, 5.75000 -1.25000 0.10000"
1374,0.0000,Tx-Rx,0,-65.9284,"-6.00000 -5.60000 0.90000, 6.05000 -1.25000 0.10000"
1375,0.0000,Tx-Rx,0,-68.3290,"-6.00000 -5.60000 0.90000, 6.35000 -1.25000 0.10000"
1376,0.0000,Tx-Rx,0,-80.9822,"-6.00000 -5.60000 0.90000, 6.65000 -1.25000 0.10000"
1377,0.0000,Tx-Rx,0,-80.4520,"-6.00000 -5.60000 0.90000, 6.95000 -1.25000 0.10000"
1378,0.0000,Tx-Rx,0,-80.6275,"-6.00000 -5.60000 0.90000, 7.25000 -1.25000 0.10000"
1379,0.0000,Tx-Rx,0,-80.6168,"-6.00000 -5.60000 0.90000, 7.55000 -1.25000 0.10000"
1380,0.0000,Tx-Rx,0,-80.3658,"-6.00000 -5.60000 0.90000, 7.85000 -1.25000 0.10000"
1381,0.0000,Tx-Rx,0,-59.3761,"-6.00000 -5.60000 0.90000, -9.85000 -0.95000 0.10000"
1382,0.0000,Tx-Rx,0,-53.0614,"-6.00000 -5.60000 0.90000, -9.55000 -0.95000 0.10000"
1383,0.0000,Tx-Rx,0,-48.8563,"-6.00000 -5.60000 0.90000, -9.25000 -0.95000 0.10000"
1384,0.0000,Tx-Rx,0,-47.7766,"-6.00000 -5.60000 0.90000, -8.95000 -0.95000 0.10000"
1385,0.0000,Tx-Rx,0,-48.4305,"-6.00000 -5.60000 0.90000, -8.65000 -0.95000 0.10000"
1386,0.0000,Tx-Rx,0,-49.7547,"-6.00000 -5.60000 0.90000, -8.35000 -0.95000 0.10000"
1387,0.0000,Tx-Rx,0,-49.5472,"-6.00000 -5.60000 0.90000, -8.05000 -0.95000 0.10000"
1388,0.0000,Tx-Rx,0,-49.3298,"-6.00000 -5.60000 0.90000, -7.75000 -0.95000 0.10000"
1389,0.0000,Tx-Rx,0,-49.0437,"-6.00000 -5.60000 0.90000, -7.45000 -0.95000 0.10000"
1390,0.0000,Tx-Rx,0,-49.1128,"-6.00000 -5.60000 0.90000, -7.15000 -0.95000 0.10000"
1391,0.0000,Tx-Rx,0,-49.0380,"-6.00000 -5.60000 0.90000, -6.85000 -0.95000 0.10000"
1392,0.0000,Tx-Rx,0,-48.8522,"-6.00000 -5.60000 0.90000, -6.55000 -0.95000 0.10000"
1393,0.0000,Tx-Rx,0,-48.3031,"-6.00000 -5.60000 0.90000, -6.25000 -0.95000 0.10000"
1394,0.0000,Tx-Rx,0,-48.2387,"-6.00000 -5.60000 0.90000, -5.95000 -0.95000 0.10000"
1395,0.0000,Tx-Rx,0,-48.3203,"-6.00000 -5.60000 0.90000, -5.65000 -0.95000 0.10000"
1396,0.0000,Tx-Rx,0,-48.3715,"-6.00000 -5.60000 0.90000, -5.35000 -0.95000 0.10000"
1397,0.0000,Tx-Rx,0,-48.4232,"-6.00000 -5.60000 0.90000, -5.05000 -0.95000 0.10000"
1398,0.0000,Tx-Rx,0,-47.9837,"-6.00000 -5.60000 0.90000, -4.75000 -0.95000 0.10000"
1399,0.0000,Tx-Rx,0,-52.4831,"-6.00000 -5.60000 0.90000, -4.45000 -0.95000 0.10000"
1400,0.0000,Tx-Rx,0,-51.2181,"-6.00000 -5.60000 0.90000, -4.15000 -0.95000 0.10000"
1401,0.0000,Tx-Rx,0,-49.2759,"-6.00000 -5.60000 0.90000, -3.85000 -0.95000 0.10000"
1402,0.0000,Tx-Rx,0,-50.8207,"-6.00000 -5.60000 0.90000, -3.55000 -0.95000 0.10000"
1403,0.0000,Tx-Rx,0,-53.6965,"-6.00000 -5.60000 0.90000, -3.25000 -0.95000 0.10000"
1404,0.0000,Tx-Rx,0,-50.3459,"-6.00000 -5.60000 0.90000, -2.95000 -0.95000 0.10000"
1405,0.0000,Tx-Rx,0,-49.8825,"-6.00000 -5.60000 0.90000, -2.65000 -0.95000 0.10000"
1406,0.0000,Tx-Rx,0,-50.1075,"-6.00000 -5.60000 0.90000, -2.35000 -0.95000 0.10000"
1407,0.0000,Tx-Rx,0,-50.2692,"-6.00000 -5.60000 0.90000, -2.05000 -0.95000 0.10000"
1408,0.0000,Tx-Rx,0,-50.4543,"-6.00000 -5.60000 0.90000, -1.75000 -0.95000 0.10000"
1409,0.0000,Tx-Rx,0,-50.5203,"-6.00000 -5.60000 0.90000, -1.45000 -0.95000 0.10000"
1410,0.0000,Tx-Rx,0,-50.6610,"-6.00000 -5.60000 0.90000, -1.15000 -0.95000 0.10000"
1411,0.0000,Tx-Rx,0,-50.6876,"-6.00000 -5.60000 0.90000, -0.85000 -0.95000 0.10000"
1412,0.0000,Tx-Rx,0,-51.1379,"-6.00000 -5.60000 0.90000, -0.55000 -0.95000 0.10000"
1413,0.0000,Tx-Rx,0,-51.1442,"-6.00000 -5.60000 0.90000, -0.25000 -0.95000 0.10000"
1414,0.0000,Tx-Rx,0,-56.0597,"-6.00000 -5.60000 0.90000, 0.05000 -0.95000 0.10000"
1415,0.0000,Tx-Rx,0,-77.4498,"-6.00000 -5.60000 0.90000, 0.35000 -0.95000 0.10000"
1416,0.0000,Tx-Rx,0,-76.6585,"-6.00000 -5.60000 0.90000, 0.65000 -0.95000 0.10000"
1417,0.0000,Tx-Rx,0,-76.4992,"-6.00000 -5.60000 0.90000, 0.95000 -0.95000 0.10000"
1418,0.0000,Tx-Rx,0,-69.4345,"-6.00000 -5.60000 0.90000, 1.25000 -0.95000 0.10000"
1419,0.0000,Tx-Rx,0,-69.3771,"-6.00000 -5.60000 0.90000, 1.55000 -0.95000 0.10000"
1420,0.0000,Tx-Rx,0,-72.0741,"-6.00000 -5.60000 0.90000, 1.85000 -0.95000 0.10000"
1421,0.0000,Tx-Rx,0,-71.9020,"-6.00000 -5.60000 0.90000, 2.15000 -0.95000 0.10000"
1422,0.0000,Tx-Rx,0,-71.1462,"-6.00000 -5.60000 0.90000, 2.45000 -0.95000 0.10000"
1423,0.0000,Tx-Rx,0,-71.9520,"-6.00000 -5.60000 0.90000, 2.75000 -0.95000 0.10000"
1424,0.0000,Tx-Rx,0,-71.5633,"-6.00000 -5.60000 0.90000, 3.05000 -0.95000 0.10000"
1425,0.0000,Tx-Rx,0,-72.2035,"-6.00000 -5.60000 0.90000, 3.35000 -0.95000 0.10000"
1426,0.0000,Tx-Rx,0,-72.7096,"-6.00000 -5.60000 0.90000, 3.65000 -0.95000 0.10000"
1427,0.0000,Tx-Rx,0,-72.7934,"-6.00000 -5.60000 0.90000, 3.95000 -0.95000 0.10000"
1428,0.0000,Tx-Rx,0,-72.6446,"-6.00000 -5.60000 0.90000, 4.25000 -0.95000 0.10000"
1429,0.0000,Tx-Rx,0,-71.8516,"-6.00000 -5.60000 0.90000, 4.55000 -0.95000 0.10000"
1430,0.0000,Tx-Rx,0,-66.2132,"-6.00000 -5.60000 0.90000, 4.85000 -0.95000 0.10000"
1431,0.0000,Tx-Rx,0,-65.8014,"-6.00000 -5.60000 0.90000, 5.15000 -0.95000 0.10000"
1432,0.0000,Tx-Rx,0,-65.5353,"-6.00000 -5.60000 0.90000, 5.45000 -0.95000 0.10000"
1433,0.0000,Tx-Rx,0,-65.5446,"-6.00000 -5.60000 0.90000, 5.75000 -0.95000 0.10000"
1434,0.0000,Tx-Rx,0,-67.3584,"-6.00000 -5.60000 0.90000, 6.05000 -0.95000 0.10000"
1435,0.0000,Tx-Rx,0,-78.2907,"-6.00000 -5.60000 0.90000, 6.35000 -0.95000 0.10000"
1436,0.0000,Tx-Rx,0,-76.2678,"-6.00000 -5.60000 0.90000, 6.65000 -0.95000 0.10000"
1437,0.0000,Tx-Rx,0,-75.4998,"-6.00000 -5.60000 0.90000, 6.95000 -0.95000 0.10000"
1438,0.0000,Tx-Rx,0,-80.1460,"-6.00000 -5.60000 0.90000, 7.25000 -0.95000 0.10000"
1439,0.0000,Tx-Rx,0,-79.1146,"-6.00000 -5.60000 0.90000, 7.55000 -0.95000 0.10000"
1440,0.0000,Tx-Rx,0,-81.6431,"-6.00000 -5.60000 0.90000, 7.85000 -0.95000 0.10000"
1441,0.0000,Tx-Rx,0,-55.6833,"-6.00000 -5.60000 0.90000, -9.85000 -0.65000 0.10000"
1442,0.0000,Tx-Rx,0,-50.8438,"-6.00000 -5.60000 0.90000, -9.55000 -0.65000 0.10000"
1443,0.0000,Tx-Rx,0,-51.3258,"-6.00000 -5.60000 0.90000, -9.25000 -0.65000 0.10000"
1444,0.0000,Tx-Rx,0,-51.9674,"-6.00000 -5.60000 0.90000, -8.95000 -0.65000 0.10000"
1445,0.0000,Tx-Rx,0,-51.4838,"-6.00000 -5.60000 0.90000, -8.65000 -0.65000 0.10000"
1446,0.0000,Tx-Rx,0,-49.8724,"-6.00000 -5.60000 0.90000, -8.35000 -0.65000 0.10000"
1447,0.0000,Tx-Rx,0,-49.8946,"-6.00000 -5.60000 0.90000, -8.05000 -0.65000 0.10000"
1448,0.0000,Tx-Rx,0,-49.7667,"-6.00000 -5.60000 0.90000, -7.75000 -0.65000 0.10000"
1449,0.0000,Tx-Rx,0,-49.6265,"-6.00000 -5.60000 0.90000, -7.45000 -0.65000 0.10000"
1450,0.0000,Tx-Rx,0,-49.4975,"-6.00000 -5.60000 0.90000, -7.15000 -0.65000 0.10000"
1451,0.0000,Tx-Rx,0,-49.4796,"-6.00000 -5.60000 0.90000, -6.85000 -0.65000 0.10000"
1452,0.0000,Tx-Rx,0,-49.3910,"-6.00000 -5.60000 0.90000, -6.55000 -0.65000 0.10000"
1453,0.0000,Tx-Rx,0,-49.0351,"-6.00000 -5.60000 0.90000, -6.25000 -0.65000 0.10000"
1454,0.0000,Tx-Rx,0,-48.7323,"-6.00000 -5.60000 0.90000, -5.95000 -0.65000 0.10000"
1455,0.0000,Tx-Rx,0,-48.7859,"-6.00000 -5.60000 0.90000, -5.65000 -0.65000 0.10000"
1456,0.0000,Tx-Rx,0,-48.9062,"-6.00000 -5.60000 0.90000, -5.35000 -0.65000 0.10000"
1457,0.0000,Tx-Rx,0,-48.9417,"-6.00000 -5.60000 0.90000, -5.05000 -0.65000 0.10000"
1458,0.0000,Tx-Rx,0,-48.2504,"-6.00000 -5.60000 0.90000, -4.75000 -0.65000 0.10000"
1459,0.0000,Tx-Rx,0,-52.6172,"-6.00000 -5.60000 0.90000, -4.45000 -0.65000 0.10000"
1460,0.0000,Tx-Rx,0,-55.2224,"-6.00000 -5.60000 0.90000, -4.15000 -0.65000 0.10000"
1461,0.0000,Tx-Rx,0,-49.8277,"-6.00000 -5.60000 0.90000, -3.85000 -0.65000 0.10000"
1462,0.0000,Tx-Rx,0,-50.3813,"-6.00000 -5.60000 0.90000, -3.55000 -0.65000 0.10000"
1463,0.0000,Tx-Rx,0,-55.0845,"-6.00000 -5.60000 0.90000, -3.25000 -0.65000 0.10000"
1464,0.0000,Tx-Rx,0,-53.7057,"-6.00000 -5.60000 0.90000, -2.95000 -0.65000 0.10000"
1465,0.0000,Tx-Rx,0,-50.4309,"-6.00000 -5.60000 0.90000, -2.65000 -0.65000 0.10000"
1466,0.0000,Tx-Rx,0,-50.4270,"-6.00000 -5.60000 0.90000, -2.35000 -0.65000 0.10000"
1467,0.0000,Tx-Rx,0,-50.4978,"-6.00000 -5.60000 0.90000, -2.05000 -0.65000 0.10000"
1468,0.0000,Tx-Rx,0,-50.7388,"-6.00000 -5.60000 0.90000, -1.75000 -0.65000 0.10000"
1469,0.0000,Tx-Rx,0,-50.8517,"-6.00000 -5.60000 0.90000, -1.45000 -0.65000 0.10000"
1470,0.0000,Tx-Rx,0,-50.2626,"-6.00000 -5.60000 0.90000, -1.15000 -0.65000 0.10000"
1471,0.0000,Tx-Rx,0,-50.8944,"-6.00000 -5.60000 0.90000, -0.85000 -0.65000 0.10000"
1472,0.0000,Tx-Rx,0,-51.0604,"-6.00000 -5.60000 0.90000, -0.55000 -0.65000 0.10000"
1473,0.0000,Tx-Rx,0,-51.2446,"-6.00000 -5.60000 0.90000, -0.25000 -0.65000 0.10000"
1474,0.0000,Tx-Rx,0,-55.9683,"-6.00000 -5.60000 0.90000, 0.05000 -0.65000 0.10000"
1475,0.0000,Tx-Rx,0,-77.0834,"-6.00000 -5.60000 0.90000, 0.35000 -0.65000 0.10000"
1476,0.0000,Tx-Rx,0,-76.5183,"-6.00000 -5.60000 0.90000, 0.65000 -0.65000 0.10000"
1477,0.0000,Tx-Rx,0,-70.5804,"-6.00000 -5.60000 0.90000, 0.95000 -0.65000 0.10000"
1478,0.0000,Tx-Rx,0,-68.4865,"-6.00000 -5.60000 0.90000, 1.25000 -0.65000 0.10000"
1479,0.0000,Tx-Rx,0,-70.8162,"-6.00000 -5.60000 0.90000, 1.55000 -0.65000 0.10000"
1480,0.0000,Tx-Rx,0,-70.0295,"-6.00000 -5.60000 0.90000, 1.85000 -0.65000 0.10000"
1481,0.0000,Tx-Rx,0,-71.9385,"-6.00000 -5.60000 0.90000, 2.15000 -0.65000 0.10000"
1482,0.0000,Tx-Rx,0,-72.9199,"-6.00000 -5.60000 0.90000, 2.45000 -0.65000 0.10000"
1483,0.0000,Tx-Rx,0,-70.9382,"-6.00000 -5.60000 0.90000, 2.75000 -0.65000 0.10000"
1484,0.0000,Tx-Rx,0,-71.8228,"-6.00000 -5.60000 0.90000, 3.05000 -0.65000 0.10000"
1485,0.0000,Tx-Rx,0,-73.1254,"-6.00000 -5.60000 0.90000, 3.35000 -0.65000 0.10000"
1486,0.0000,Tx-Rx,0,-72.7146,"-6.00000 -5.60000 0.90000, 3.65000 -0.65000 0.10000"
1487,0.0000,Tx-Rx,0,-72.0618,"-6.00000 -5.60000 0.90000, 3.95000 -0.65000 0.10000"
1488,0.0000,Tx-Rx,0,-71.7180,"-6.00000 -5.60000 0.90000, 4.25000 -0.65000 0.10000"
1489,0.0000,Tx-Rx,0,-67.0470,"-6.00000 -5.60000 0.90000, 4.55000 -0.65000 0.10000"
1490,0.0000,Tx-Rx,0,-65.5950,"-6.00000 -5.60000 0.90000, 4.85000 -0.65000 0.10000"
1491,0.0000,Tx-Rx,0,-65.7054,"-6.00000 -5.60000 0.90000, 5.15000 -0.65000 0.10000"
1492,0.0000,Tx-Rx,0,-65.2685,"-6.00000 -5.60000 0.90000, 5.45000 -0.65000 0.10000"
1493,0.0000,Tx-Rx,0,-66.2513,"-6.00000 -5.60000 0.90000, 5.75000 -0.65000 0.10000"
1494,0.0000,Tx-Rx,0,-75.6362,"-6.00000 -5.60000 0.90000, 6.05000 -0.65000 0.10000"
1495,0.0000,Tx-Rx,0,-77.4017,"-6.00000 -5.60000 0.90000, 6.35000 -0.65000 0.10000"
1496,0.0000,Tx-Rx,0,-78.2375,"-6.00000 -5.60000 0.90000, 6.65000 -0.65000 0.10000"
1497,0.0000,Tx-Rx,0,-75.1451,"-6.00000 -5.60000 0.90000, 6.95000 -0.65000 0.10000"
1498,0.0000,Tx-Rx,0,-76.2594,"-6.00000 -5.60000 0.90000, 7.25000 -0.65000 0.10000"
1499,0.0000,Tx-Rx,0,-79.9578,"-6.00000 -5.60000 0.90000, 7.55000 -0.65000 0.10000"
1500,0.0000,Tx-Rx,0,-83.5998,"-6.00000 -5.60000 0.90000, 7.85000 -0.65000 0.10000"
1501,0.0000,Tx-Rx,0,-51.8227,"-6.00000 -5.60000 0.90000, -9.85000 -0.35000 0.10000"
1502,0.0000,Tx-Rx,0,-51.2177,"-6.00000 -5.60000 0.90000, -9.55000 -0.35000 0.10000"
1503,0.0000,Tx-Rx,0,-56.8575,"-6.00000 -5.60000 0.90000, -9.25000 -0.35000 0.10000"
1504,0.0000,Tx-Rx,0,-118.8313,"-6.00000 -5.60000 0.90000, -8.95000 -0.35000 0.10000"
1505,0.0000,Tx-Rx,0,-60.2138,"-6.00000 -5.60000 0.90000, -8.65000 -0.35000 0.10000"
1506,0.0000,Tx-Rx,0,-48.8270,"-6.00000 -5.60000 0.90000, -8.35000 -0.35000 0.10000"
1507,0.0000,Tx-Rx,0,-50.1518,"-6.00000 -5.60000 0.90000, -8.05000 -0.35000 0.10000"
1508,0.0000,Tx-Rx,0,-50.0957,"-6.00000 -5.60000 0.90000, -7.75000 -0.35000 0.10000"
1509,0.0000,Tx-Rx,0,-50.0464,"-6.00000 -5.60000 0.90000, -7.45000 -0.35000 0.10000"
1510,0.0000,Tx-Rx,0,-49.8972,"-6.00000 -5.60000 0.90000, -7.15000 -0.35000 0.10000"
1511,0.0000,Tx-Rx,0,-49.8358,"-6.00000 -5.60000 0.90000, -6.85000 -0.35000 0.10000"
1512,0.0000,Tx-Rx,0,-49.8708,"-6.00000 -5.60000 0.90000, -6.55000 -0.35000 0.10000"
1513,0.0000,Tx-Rx,0,-49.8072,"-6.00000 -5.60000 0.90000, -6.25000 -0.35000 0.10000"
1514,0.0000,Tx-Rx,0,-49.4670,"-6.00000 -5.60000 0.90000, -5.95000 -0.35000 0.10000"
1515,0.0000,Tx-Rx,0,-49.2665,"-6.00000 -5.60000 0.90000, -5.65000 -0.35000 0.10000"
1516,0.0000,Tx-Rx,0,-49.2786,"-6.00000 -5.60000 0.90000, -5.35000 -0.35000 0.10000"
1517,0.0000,Tx-Rx,0,-49.3162,"-6.00000 -5.60000 0.90000, -5.05000 -0.35000 0.10000"
1518,0.0000,Tx-Rx,0,-48.9819,"-6.00000 -5.60000 0.90000, -4.75000 -0.35000 0.10000"
1519,0.0000,Tx-Rx,0,-51.5912,"-6.00000 -5.60000 0.90000, -4.45000 -0.35000 0.10000"
1520,0.0000,Tx-Rx,0,-54.8428,"-6.00000 -5.60000 0.90000, -4.15000 -0.35000 0.10000"
1521,0.0000,Tx-Rx,0,-51.0503,"-6.00000 -5.60000 0.90000, -3.85000 -0.35000 0.10000"
1522,0.0000,Tx-Rx,0,-50.2457,"-6.00000 -5.60000 0.90000, -3.55000 -0.35000 0.10000"
1523,0.0000,Tx-Rx,0,-53.2286,"-6.00000 -5.60000 0.90000, -3.25000 -0.35000 0.10000"
1524,0.0000,Tx-Rx,0,-55.3820,"-6.00000 -5.60000 0.90000, -2.95000 -0.35000 0.10000"
1525,0.0000,Tx-Rx,0,-52.3448,"-6.00000 -5.60000 0.90000, -2.65000 -0.35000 0.10000"
1526,0.0000,Tx-Rx,0,-50.9496,"-6.00000 -5.60000 0.90000, -2.35000 -0.35000 0.10000"
1527,0.0000,Tx-Rx,0,-50.9532,"-6.00000 -5.60000 0.90000, -2.05000 -0.35000 0.10000"
1528,0.0000,Tx-Rx,0,-50.9293,"-6.00000 -5.60000 0.90000, -1.75000 -0.35000 0.10000"
1529,0.0000,Tx-Rx,0,-51.1534,"-6.00000 -5.60000 0.90000, -1.45000 -0.35000 0.10000"
1530,0.0000,Tx-Rx,0,-50.3537,"-6.00000 -5.60000 0.90000, -1.15000 -0.35000 0.10000"
1531,0.0000,Tx-Rx,0,-50.7740,"-6.00000 -5.60000 0.90000, -0.85000 -0.35000 0.10000"
1532,0.0000,Tx-Rx,0,-51.1154,"-6.00000 -5.60000 0.90000, -0.55000 -0.35000 0.10000"
1533,0.0000,Tx-Rx,0,-51.0673,"-6.00000 -5.60000 0.90000, -0.25000 -0.35000 0.10000"
1534,0.0000,Tx-Rx,0,-56.0584,"-6.00000 -5.60000 0.90000, 0.05000 -0.35000 0.10000"
1535,0.0000,Tx-Rx,0,-75.8109,"-6.00000 -5.60000 0.90000, 0.35000 -0.35000 0.10000"
1536,0.0000,Tx-Rx,0,-71.1451,"-6.00000 -5.60000 0.90000, 0.65000 -0.35000 0.10000"
1537,0.0000,Tx-Rx,0,-67.5602,"-6.00000 -5.60000 0.90000, 0.95000 -0.35000 0.10000"
1538,0.0000,Tx-Rx,0,-69.3710,"-6.00000 -5.60000 0.90000, 1.25000 -0.35000 0.10000"
1539,0.0000,Tx-Rx,0,-69.6319,"-6.00000 -5.60000 0.90000, 1.55000 -0.35000 0.10000"
1540,0.0000,Tx-Rx,0,-71.1399,"-6.00000 -5.60000 0.90000, 1.85000 -0.35000 0.10000"
1541,0.0000,Tx-Rx,0,-74.6267,"-6.00000 -5.60000 0.90000, 2.15000 -0.35000 0.10000"
1542,0.0000,Tx-Rx,0,-72.3109,"-6.00000 -5.60000 0.90000, 2.45000 -0.35000 0.10000"
1543,0.0000,Tx-Rx,0,-72.1335,"-6.00000 -5.60000 0.90000, 2.75000 -0.35000 0.10000"
1544,0.0000,Tx-Rx,0,-71.5425,"-6.00000 -5.60000 0.90000, 3.05000 -0.35000 0.10000"
1545,0.0000,Tx-Rx,0,-72.7080,"-6.00000 -5.60000 0.90000, 3.35000 -0.35000 0.10000"
1546,0.0000,Tx-Rx,0,-72.7773,"-6.00000 -5.60000 0.90000, 3.65000 -0.35000 0.10000"
1547,0.0000,Tx-Rx,0,-71.3782,"-6.00000 -5.60000 0.90000, 3.95000 -0.35000 0.10000"
1548,0.0000,Tx-Rx,0,-68.0416,"-6.00000 -5.60000 0.90000, 4.25000 -0.35000 0.10000"
1549,0.0000,Tx-Rx,0,-65.4286,"-6.00000 -5.60000 0.90000, 4.55000 -0.35000 0.10000"
1550,0.0000,Tx-Rx,0,-65.4769,"-6.00000 -5.60000 0.90000, 4.85000 -0.35000 0.10000"
1551,0.0000,Tx-Rx,0,-65.2662,"-6.00000 -5.60000 0.90000, 5.15000 -0.35000 0.10000"
1552,0.0000,Tx-Rx,0,-65.6982,"-6.00000 -5.60000 0.90000, 5.45000 -0.35000 0.10000"
1553,0.0000,Tx-Rx,0,-72.7412,"-6.00000 -5.60000 0.90000, 5.75000 -0.35000 0.10000"
1554,0.0000,Tx-Rx,0,-76.9956,"-6.00000 -5.60000 0.90000, 6.05000 -0.35000 0.10000"
1555,0.0000,Tx-Rx,0,-77.4272,"-6.00000 -5.60000 0.90000, 6.35000 -0.35000 0.10000"
1556,0.0000,Tx-Rx,0,-76.8566,"-6.00000 -5.60000 0.90000, 6.65000 -0.35000 0.10000"
1557,0.0000,Tx-Rx,0,-77.5383,"-6.00000 -5.60000 0.90000, 6.95000 -0.35000 0.10000"
1558,0.0000,Tx-Rx,0,-74.1990,"-6.00000 -5.60000 0.90000, 7.25000 -0.35000 0.10000"
1559,0.0000,Tx-Rx,0,-80.4117,"-6.00000 -5.60000 0.90000, 7.55000 -0.35000 0.10000"
1560,0.0000,Tx-Rx,0,-84.0635,"-6.00000 -5.60000 0.90000, 7.85000 -0.35000 0.10000"
1561,0.0000,Tx-Rx,0,-51.0366,"-6.00000 -5.60000 0.90000, -9.85000 -0.05000 0.10000"
1562,0.0000,Tx-Rx,0,-53.6827,"-6.00000 -5.60000 0.90000, -9.55000 -0.05000 0.10000"
1563,0.0000,Tx-Rx,0,-61.2211,"-6.00000 -5.60000 0.90000, -9.25000 -0.05000 0.10000"
1564,0.0000,Tx-Rx,0,-62.5511,"-6.00000 -5.60000 0.90000, -8.95000 -0.05000 0.10000"
1565,0.0000,Tx-Rx,0,-56.6316,"-6.00000 -5.60000 0.90000, -8.65000 -0.05000 0.10000"
1566,0.0000,Tx-Rx,0,-48.2858,"-6.00000 -5.60000 0.90000, -8.35000 -0.05000 0.10000"
1567,0.0000,Tx-Rx,0,-50.3127,"-6.00000 -5.60000 0.90000, -8.05000 -0.05000 0.10000"
1568,0.0000,Tx-Rx,0,-50.3094,"-6.00000 -5.60000 0.90000, -7.75000 -0.05000 0.10000"
1569,0.0000,Tx-Rx,0,-50.3465,"-6.00000 -5.60000 0.90000, -7.45000 -0.05000 0.10000"
1570,0.0000,Tx-Rx,0,-50.3367,"-6.00000 -5.60000 0.90000, -7.15000 -0.05000 0.10000"
1571,0.0000,Tx-Rx,0,-50.3612,"-6.00000 -5.60000 0.90000, -6.85000 -0.05000 0.10000"
1572,0.0000,Tx-Rx,0,-50.3178,"-6.00000 -5.60000 0.90000, -6.55000 -0.05000 0.10000"
1573,0.0000,Tx-Rx,0,-50.0863,"-6.00000 -5.60000 0.90000, -6.25000 -0.05000 0.10000"
1574,0.0000,Tx-Rx,0,-50.2749,"-6.00000 -5.60000 0.90000, -5.95000 -0.05000 0.10000"
1575,0.0000,Tx-Rx,0,-49.7824,"-6.00000 -5.60000 0.90000, -5.65000 -0.05000 0.10000"
1576,0.0000,Tx-Rx,0,-49.6709,"-6.00000 -5.60000 0.90000, -5.35000 -0.05000 0.10000"
1577,0.0000,Tx-Rx,0,-49.3716,"-6.00000 -5.60000 0.90000, -5.05000 -0.05000 0.10000"
1578,0.0000,Tx-Rx,0,-49.6464,"-6.00000 -5.60000 0.90000, -4.75000 -0.05000 0.10000"
1579,0.0000,Tx-Rx,0,-51.3220,"-6.00000 -5.60000 0.90000, -4.45000 -0.05000 0.10000"
1580,0.0000,Tx-Rx,0,-53.9440,"-6.00000 -5.60000 0.90000, -4.15000 -0.05000 0.10000"
1581,0.0000,Tx-Rx,0,-53.3384,"-6.00000 -5.60000 0.90000, -3.85000 -0.05000 0.10000"
1582,0.0000,Tx-Rx,0,-50.5235,"-6.00000 -5.60000 0.90000, -3.55000 -0.05000 0.10000"
1583,0.0000,Tx-Rx,0,-51.9838,"-6.00000 -5.60000 0.90000, -3.25000 -0.05000 0.10000"
1584,0.0000,Tx-Rx,0,-56.5067,"-6.00000 -5.60000 0.90000, -2.95000 -0.05000 0.10000"
1585,0.0000,Tx-Rx,0,-55.0690,"-6.00000 -5.60000 0.90000, -2.65000 -0.05000 0.10000"
1586,0.0000,Tx-Rx,0,-51.3192,"-6.00000 -5.60000 0.90000, -2.35000 -0.05000 0.10000"
1587,0.0000,Tx-Rx,0,-51.2603,"-6.00000 -5.60000 0.90000, -2.05000 -0.05000 0.10000"
1588,0.0000,Tx-Rx,0,-51.4002,"-6.00000 -5.60000 0.90000, -1.75000 -0.05000 0.10000"
1589,0.0000,Tx-Rx,0,-51.5120,"-6.00000 -5.60000 0.90000, -1.45000 -0.05000 0.10000"
1590,0.0000,Tx-Rx,0,-51.2203,"-6.00000 -5.60000 0.90000, -1.15000 -0.05000 0.10000"
1591,0.0000,Tx-Rx,0,-50.3199,"-6.00000 -5.60000 0.90000, -0.85000 -0.05000 0.10000"
1592,0.0000,Tx-Rx,0,-50.8883,"-6.00000 -5.60000 0.90000, -0.55000 -0.05000 0.10000"
1593,0.0000,Tx-Rx,0,-50.9435,"-6.00000 -5.60000 0.90000, -0.25000 -0.05000 0.10000"
1594,0.0000,Tx-Rx,0,-55.5233,"-6.00000 -5.60000 0.90000, 0.05000 -0.05000 0.10000"
1595,0.0000,Tx-Rx,0,-75.2923,"-6.00000 -5.60000 0.90000, 0.35000 -0.05000 0.10000"
1596,0.0000,Tx-Rx,0,-66.9116,"-6.00000 -5.60000 0.90000, 0.65000 -0.05000 0.10000"
1597,0.0000,Tx-Rx,0,-68.7705,"-6.00000 -5.60000 0.90000, 0.95000 -0.05000 0.10000"
1598,0.0000,Tx-Rx,0,-69.1238,"-6.00000 -5.60000 0.90000, 1.25000 -0.05000 0.10000"
1599,0.0000,Tx-Rx,0,-72.1577,"-6.00000 -5.60000 0.90000, 1.55000 -0.05000 0.10000"
1600,0.0000,Tx-Rx,0,-74.0650,"-6.00000 -5.60000 0.90000, 1.85000 -0.05000 0.10000"
1601,0.0000,Tx-Rx,0,-73.5011,"-6.00000 -5.60000 0.90000, 2.15000 -0.05000 0.10000"
1602,0.0000,Tx-Rx,0,-72.3558,"-6.00000 -5.60000 0.90000, 2.45000 -0.05000 0.10000"
1603,0.0000,Tx-Rx,0,-72.0984,"-6.00000 -5.60000 0.90000, 2.75000 -0.05000 0.10000"
1604,0.0000,Tx-Rx,0,-72.5085,"-6.00000 -5.60000 0.90000, 3.05000 -0.05000 0.10000"
1605,0.0000,Tx-Rx,0,-71.9161,"-6.00000 -5.60000 0.90000, 3.35000 -0.05000 0.10000"
1606,0.0000,Tx-Rx,0,-72.1649,"-6.00000 -5.60000 0.90000, 3.65000 -0.05000 0.10000"
1607,0.0000,Tx-Rx,0,-69.5630,"-6.00000 -5.60000 0.90000, 3.95000 -0.05000 0.10000"
1608,0.0000,Tx-Rx,0,-65.3835,"-6.00000 -5.60000 0.90000, 4.25000 -0.05000 0.10000"
1609,0.0000,Tx-Rx,0,-65.4241,"-6.00000 -5.60000 0.90000, 4.55000 -0.05000 0.10000"
1610,0.0000,Tx-Rx,0,-64.9339,"-6.00000 -5.60000 0.90000, 4.85000 -0.05000 0.10000"
1611,0.0000,Tx-Rx,0,-65.1504,"-6.00000 -5.60000 0.90000, 5.15000 -0.05000 0.10000"
1612,0.0000,Tx-Rx,0,-70.7366,"-6.00000 -5.60000 0.90000, 5.45000 -0.05000 0.10000"
1613,0.0000,Tx-Rx,0,-78.1708,"-6.00000 -5.60000 0.90000, 5.75000 -0.05000 0.10000"
1614,0.0000,Tx-Rx,0,-76.6178,"-6.00000 -5.60000 0.90000, 6.05000 -0.05000 0.10000"
1615,0.0000,Tx-Rx,0,-77.3893,"-6.00000 -5.60000 0.90000, 6.35000 -0.05000 0.10000"
1616,0.0000,Tx-Rx,0,-76.6809,"-6.00000 -5.60000 0.90000, 6.65000 -0.05000 0.10000"
1617,0.0000,Tx-Rx,0,-75.3449,"-6.00000 -5.60000 0.90000, 6.95000 -0.05000 0.10000"
1618,0.0000,Tx-Rx,0,-77.8928,"-6.00000 -5.60000 0.90000, 7.25000 -0.05000 0.10000"
1619,0.0000,Tx-Rx,0,-75.8358,"-6.00000 -5.60000 0.90000, 7.55000 -0.05000 0.10000"
1620,0.0000,Tx-Rx,0,-80.1540,"-6.00000 -5.60000 0.90000, 7.85000 -0.05000 0.10000"
1621,0.0000,Tx-Rx,0,-51.5060,"-6.00000 -5.60000 0.90000, -9.85000 0.25000 0.10000"
1622,0.0000,Tx-Rx,0,-57.6613,"-6.00000 -5.60000 0.90000, -9.55000 0.25000 0.10000"
1623,0.0000,Tx-Rx,0,-59.6313,"-6.00000 -5.60000 0.90000, -9.25000 0.25000 0.10000"
1624,0.0000,Tx-Rx,0,-58.6745,"-6.00000 -5.60000 0.90000, -8.95000 0.25000 0.10000"
1625,0.0000,Tx-Rx,0,-52.8654,"-6.00000 -5.60000 0.90000, -8.65000 0.25000 0.10000"
1626,0.0000,Tx-Rx,0,-49.1920,"-6.00000 -5.60000 0.90000, -8.35000 0.25000 0.10000"
1627,0.0000,Tx-Rx,0,-49.8116,"-6.00000 -5.60000 0.90000, -8.05000 0.25000 0.10000"
1628,0.0000,Tx-Rx,0,-50.8588,"-6.00000 -5.60000 0.90000, -7.75000 0.25000 0.10000"
1629,0.0000,Tx-Rx,0,-50.7428,"-6.00000 -5.60000 0.90000, -7.45000 0.25000 0.10000"
1630,0.0000,Tx-Rx,0,-50.6980,"-6.00000 -5.60000 0.90000, -7.15000 0.25000 0.10000"
1631,0.0000,Tx-Rx,0,-50.6651,"-6.00000 -5.60000 0.90000, -6.85000 0.25000 0.10000"
1632,0.0000,Tx-Rx,0,-50.5761,"-6.00000 -5.60000 0.90000, -6.55000 0.25000 0.10000"
1633,0.0000,Tx-Rx,0,-50.4306,"-6.00000 -5.60000 0.90000, -6.25000 0.25000 0.10000"
1634,0.0000,Tx-Rx,0,-50.6196,"-6.00000 -5.60000 0.90000, -5.95000 0.25000 0.10000"
1635,0.0000,Tx-Rx,0,-50.6116,"-6.00000 -5.60000 0.90000, -5.65000 0.25000 0.10000"
1636,0.0000,Tx-Rx,0,-49.9824,"-6.00000 -5.60000 0.90000, -5.35000 0.25000 0.10000"
1637,0.0000,Tx-Rx,0,-49.3485,"-6.00000 -5.60000 0.90000, -5.05000 0.25000 0.10000"
1638,0.0000,Tx-Rx,0,-50.2164,"-6.00000 -5.60000 0.90000, -4.75000 0.25000 0.10000"
1639,0.0000,Tx-Rx,0,-50.9783,"-6.00000 -5.60000 0.90000, -4.45000 0.25000 0.10000"
1640,0.0000,Tx-Rx,0,-54.3478,"-6.00000 -5.60000 0.90000, -4.15000 0.25000 0.10000"
1641,0.0000,Tx-Rx,0,-55.4965,"-6.00000 -5.60000 0.90000, -3.85000 0.25000 0.10000"
1642,0.0000,Tx-Rx,0,-50.8987,"-6.00000 -5.60000 0.90000, -3.55000 0.25000 0.10000"
1643,0.0000,Tx-Rx,0,-51.3548,"-6.00000 -5.60000 0.90000, -3.25000 0.25000 0.10000"
1644,0.0000,Tx-Rx,0,-54.8461,"-6.00000 -5.60000 0.90000, -2.95000 0.25000 0.10000"
1645,0.0000,Tx-Rx,0,-57.0409,"-6.00000 -5.60000 0.90000, -2.65000 0.25000 0.10000"
1646,0.0000,Tx-Rx,0,-53.4168,"-6.00000 -5.60000 0.90000, -2.35000 0.25000 0.10000"
1647,0.0000,Tx-Rx,0,-51.3707,"-6.00000 -5.60000 0.90000, -2.05000 0.25000 0.10000"
1648,0.0000,Tx-Rx,0,-51.7457,"-6.00000 -5.60000 0.90000, -1.75000 0.25000 0.10000"
1649,0.0000,Tx-Rx,0,-51.7833,"-6.00000 -5.60000 0.90000, -1.45000 0.25000 0.10000"
1650,0.0000,Tx-Rx,0,-51.8726,"-6.00000 -5.60000 0.90000, -1.15000 0.25000 0.10000"
1651,0.0000,Tx-Rx,0,-51.3518,"-6.00000 -5.60000 0.90000, -0.85000 0.25000 0.10000"
1652,0.0000,Tx-Rx,0,-50.8717,"-6.00000 -5.60000 0.90000, -0.55000 0.25000 0.10000"
1653,0.0000,Tx-Rx,0,-50.1850,"-6.00000 -5.60000 0.90000, -0.25000 0.25000 0.10000"
1654,0.0000,Tx-Rx,0,-54.5167,"-6.00000 -5.60000 0.90000, 0.05000 0.25000 0.10000"
1655,0.0000,Tx-Rx,0,-67.5076,"-6.00000 -5.60000 0.90000, 0.35000 0.25000 0.10000"
1656,0.0000,Tx-Rx,0,-67.7225,"-6.00000 -5.60000 0.90000, 0.65000 0.25000 0.10000"
1657,0.0000,Tx-Rx,0,-69.3702,"-6.00000 -5.60000 0.90000, 0.95000 0.25000 0.10000"
1658,0.0000,Tx-Rx,0,-72.7106,"-6.00000 -5.60000 0.90000, 1.25000 0.25000 0.10000"
1659,0.0000,Tx-Rx,0,-73.0402,"-6.00000 -5.60000 0.90000, 1.55000 0.25000 0.10000"
1660,0.0000,Tx-Rx,0,-74.3043,"-6.00000 -5.60000 0.90000, 1.85000 0.25000 0.10000"
1661,0.0000,Tx-Rx,0,-72.5614,"-6.00000 -5.60000 0.90000, 2.15000 0.25000 0.10000"
1662,0.0000,Tx-Rx,0,-72.3060,"-6.00000 -5.60000 0.90000, 2.45000 0.25000 0.10000"
1663,0.0000,Tx-Rx,0,-72.3017,"-6.00000 -5.60000 0.90000, 2.75000 0.25000 0.10000"
1664,0.0000,Tx-Rx,0,-72.1740,"-6.00000 -5.60000 0.90000, 3.05000 0.25000 0.10000"
1665,0.0000,Tx-Rx,0,-72.4765,"-6.00000 -5.60000 0.90000, 3.35000 0.25000 0.10000"
1666,0.0000,Tx-Rx,0,-69.7663,"-6.00000 -5.60000 0.90000, 3.65000 0.25000 0.10000"
1667,0.0000,Tx-Rx,0,-65.6652,"-6.00000 -5.60000 0.90000, 3.95000 0.25000 0.10000"
1668,0.0000,Tx-Rx,0,-65.2462,"-6.00000 -5.60000 0.90000, 4.25000 0.25000 0.10000"
1669,0.0000,Tx-Rx,0,-65.0331,"-6.00000 -5.60000 0.90000, 4.55000 0.25000 0.10000"
1670,0.0000,Tx-Rx,0,-64.8765,"-6.00000 -5.60000 0.90000, 4.85000 0.25000 0.10000"
1671,0.0000,Tx-Rx,0,-68.3346,"-6.00000 -5.60000 0.90000, 5.15000 0.25000 0.10000"
1672,0.0000,Tx-Rx,0,-77.5562,"-6.00000 -5.60000 0.90000, 5.45000 0.25000 0.10000"
1673,0.0000,Tx-Rx,0,-78.7333,"-6.00000 -5.60000 0.90000, 5.75000 0.25000 0.10000"
1674,0.0000,Tx-Rx,0,-78.0659,"-6.00000 -5.60000 0.90000, 6.05000 0.25000 0.10000"
1675,0.0000,Tx-Rx,0,-77.1165,"-6.00000 -5.60000 0.90000, 6.35000 0.25000 0.10000"
1676,0.0000,Tx-Rx,0,-73.0959,"-6.00000 -5.60000 0.90000, 6.65000 0.25000 0.10000"
1677,0.0000,Tx-Rx,0,-78.9864,"-6.00000 -5.60000 0.90000, 6.95000 0.25000 0.10000"
1678,0.0000,Tx-Rx,0,-79.8252,"-6.00000 -5.60000 0.90000, 7.25000 0.25000 0.10000"
1679,0.0000,Tx-Rx,0,-75.9157,"-6.00000 -5.60000 0.90000, 7.55000 0.25000 0.10000"
1680,0.0000,Tx-Rx,0,-75.4756,"-6.00000 -5.60000 0.90000, 7.85000 0.25000 0.10000"
1681,0.0000,Tx-Rx,0,-54.2735,"-6.00000 -5.60000 0.90000, -9.85000 0.55000 0.10000"
1682,0.0000,Tx-Rx,0,-56.6199,"-6.00000 -5.60000 0.90000, -9.55000 0.55000 0.10000"
1683,0.0000,Tx-Rx,0,-57.6127,"-6.00000 -5.60000 0.90000, -9.25000 0.55000 0.10000"
1684,0.0000,Tx-Rx,0,-57.3257,"-6.00000 -5.60000 0.90000, -8.95000 0.55000 0.10000"
1685,0.0000,Tx-Rx,0,-51.4139,"-6.00000 -5.60000 0.90000, -8.65000 0.55000 0.10000"
1686,0.0000,Tx-Rx,0,-50.6406,"-6.00000 -5.60000 0.90000, -8.35000 0.55000 0.10000"
1687,0.0000,Tx-Rx,0,-49.1039,"-6.00000 -5.60000 0.90000, -8.05000 0.55000 0.10000"
1688,0.0000,Tx-Rx,0,-51.2318,"-6.00000 -5.60000 0.90000, -7.75000 0.55000 0.10000"
1689,0.0000,Tx-Rx,0,-51.1406,"-6.00000 -5.60000 0.90000, -7.45000 0.55000 0.10000"
1690,0.0000,Tx-Rx,0,-51.0689,"-6.00000 -5.60000 0.90000, -7.15000 0.55000 0.10000"
1691,0.0000,Tx-Rx,0,-50.9398,"-6.00000 -5.60000 0.90000, -6.85000 0.55000 0.10000"
1692,0.0000,Tx-Rx,0,-50.9215,"-6.00000 -5.60000 0.90000, -6.55000 0.55000 0.10000"
1693,0.0000,Tx-Rx,0,-50.6793,"-6.00000 -5.60000 0.90000, -6.25000 0.55000 0.10000"
1694,0.0000,Tx-Rx,0,-50.8891,"-6.00000 -5.60000 0.90000, -5.95000 0.55000 0.10000"
1695,0.0000,Tx-Rx,0,-50.8138,"-6.00000 -5.60000 0.90000, -5.65000 0.55000 0.10000"
1696,0.0000,Tx-Rx,0,-50.5573,"-6.00000 -5.60000 0.90000, -5.35000 0.55000 0.10000"
1697,0.0000,Tx-Rx,0,-49.7139,"-6.00000 -5.60000 0.90000, -5.05000 0.55000 0.10000"
1698,0.0000,Tx-Rx,0,-50.6062,"-6.00000 -5.60000 0.90000, -4.75000 0.55000 0.10000"
1699,0.0000,Tx-Rx,0,-51.1537,"-6.00000 -5.60000 0.90000, -4.45000 0.55000 0.10000"
1700,0.0000,Tx-Rx,0,-54.1282,"-6.00000 -5.60000 0.90000, -4.15000 0.55000 0.10000"
1701,0.0000,Tx-Rx,0,-55.6784,"-6.00000 -5.60000 0.90000, -3.85000 0.55000 0.10000"
1702,0.0000,Tx-Rx,0,-52.6384,"-6.00000 -5.60000 0.90000, -3.55000 0.55000 0.10000"
1703,0.0000,Tx-Rx,0,-51.2193,"-6.00000 -5.60000 0.90000, -3.25000 0.55000 0.10000"
1704,0.0000,Tx-Rx,0,-52.8926,"-6.00000 -5.60000 0.90000, -2.95000 0.55000 0.10000"
1705,0.0000,Tx-Rx,0,-56.8861,"-6.00000 -5.60000 0.90000, -2.65000 0.55000 0.10000"
1706,0.0000,Tx-Rx,0,-56.9398,"-6.00000 -5.60000 0.90000, -2.35000 0.55000 0.10000"
1707,0.0000,Tx-Rx,0,-52.2599,"-6.00000 -5.60000 0.90000, -2.05000 0.55000 0.10000"
1708,0.0000,Tx-Rx,0,-51.6728,"-6.00000 -5.60000 0.90000, -1.75000 0.55000 0.10000"
1709,0.0000,Tx-Rx,0,-51.9974,"-6.00000 -5.60000 0.90000, -1.45000 0.55000 0.10000"
1710,0.0000,Tx-Rx,0,-52.1329,"-6.00000 -5.60000 0.90000, -1.15000 0.55000 0.10000"
1711,0.0000,Tx-Rx,0,-52.0848,"-6.00000 -5.60000 0.90000, -0.85000 0.55000 0.10000"
1712,0.0000,Tx-Rx,0,-51.3759,"-6.00000 -5.60000 0.90000, -0.55000 0.55000 0.10000"
1713,0.0000,Tx-Rx,0,-49.4192,"-6.00000 -5.60000 0.90000, -0.25000 0.55000 0.10000"
1714,0.0000,Tx-Rx,0,-53.8264,"-6.00000 -5.60000 0.90000, 0.05000 0.55000 0.10000"
1715,0.0000,Tx-Rx,0,-66.5997,"-6.00000 -5.60000 0.90000, 0.35000 0.55000 0.10000"
1716,0.0000,Tx-Rx,0,-70.0241,"-6.00000 -5.60000 0.90000, 0.65000 0.55000 0.10000"
1717,0.0000,Tx-Rx,0,-71.9900,"-6.00000 -5.60000 0.90000, 0.95000 0.55000 0.10000"
1718,0.0000,Tx-Rx,0,-73.6543,"-6.00000 -5.60000 0.90000, 1.25000 0.55000 0.10000"
1719,0.0000,Tx-Rx,0,-74.5784,"-6.00000 -5.60000 0.90000, 1.55000 0.55000 0.10000"
1720,0.0000,Tx-Rx,0,-73.3064,"-6.00000 -5.60000 0.90000, 1.85000 0.55000 0.10000"
1721,0.0000,Tx-Rx,0,-72.4860,"-6.00000 -5.60000 0.90000, 2.15000 0.55000 0.10000"
1722,0.0000,Tx-Rx,0,-71.8351,"-6.00000 -5.60000 0.90000, 2.45000 0.55000 0.10000"
1723,0.0000,Tx-Rx,0,-72.3436,"-6.00000 -5.60000 0.90000, 2.75000 0.55000 0.10000"
1724,0.0000,Tx-Rx,0,-72.8634,"-6.00000 -5.60000 0.90000, 3.05000 0.55000 0.10000"
1725,0.0000,Tx-Rx,0,-71.8229,"-6.00000 -5.60000 0.90000, 3.35000 0.55000 0.10000"
1726,0.0000,Tx-Rx,0,-66.1278,"-6.00000 -5.60000 0.90000, 3.65000 0.55000 0.10000"
1727,0.0000,Tx-Rx,0,-64.9991,"-6.00000 -5.60000 0.90000, 3.95000 0.55000 0.10000"
1728,0.0000,Tx-Rx,0,-65.0844,"-6.00000 -5.60000 0.90000, 4.25000 0.55000 0.10000"
1729,0.0000,Tx-Rx,0,-64.8387,"-6.00000 -5.60000 0.90000, 4.55000 0.55000 0.10000"
1730,0.0000,Tx-Rx,0,-66.7229,"-6.00000 -5.60000 0.90000, 4.85000 0.55000 0.10000"
1731,0.0000,Tx-Rx,0,-77.7777,"-6.00000 -5.60000 0.90000, 5.15000 0.55000 0.10000"
1732,0.0000,Tx-Rx,0,-77.2139,"-6.00000 -5.60000 0.90000, 5.45000 0.55000 0.10000"
1733,0.0000,Tx-Rx,0,-77.3247,"-6.00000 -5.60000 0.90000, 5.75000 0.55000 0.10000"
1734,0.0000,Tx-Rx,0,-77.8007,"-6.00000 -5.60000 0.90000, 6.05000 0.55000 0.10000"
1735,0.0000,Tx-Rx,0,-74.5247,"-6.00000 -5.60000 0.90000, 6.35000 0.55000 0.10000"
1736,0.0000,Tx-Rx,0,-79.8400,"-6.00000 -5.60000 0.90000, 6.65000 0.55000 0.10000"
1737,0.0000,Tx-Rx,0,-79.5912,"-6.00000 -5.60000 0.90000, 6.95000 0.55000 0.10000"
1738,0.0000,Tx-Rx,0,-80.9420,"-6.00000 -5.60000 0.90000, 7.25000 0.55000 0.10000"
1739,0.0000,Tx-Rx,0,-80.3325,"-6.00000 -5.60000 0.90000, 7.55000 0.55000 0.10000"
1740,0.0000,Tx-Rx,0,-75.2102,"-6.00000 -5.60000 0.90000, 7.85000 0.55000 0.10000"
1741,0.0000,Tx-Rx,0,-57.9480,"-6.00000 -5.60000 0.90000, -9.85000 0.85000 0.10000"
1742,0.0000,Tx-Rx,0,-56.6312,"-6.00000 -5.60000 0.90000, -9.55000 0.85000 0.10000"
1743,0.0000,Tx-Rx,0,-56.2052,"-6.00000 -5.60000 0.90000, -9.25000 0.85000 0.10000"
1744,0.0000,Tx-Rx,0,-53.8232,"-6.00000 -5.60000 0.90000, -8.95000 0.85000 0.10000"
1745,0.0000,Tx-Rx,0,-51.5792,"-6.00000 -5.60000 0.90000, -8.65000 0.85000 0.10000"
1746,0.0000,Tx-Rx,0,-51.5877,"-6.00000 -5.60000 0.90000, -8.35000 0.85000 0.10000"
1747,0.0000,Tx-Rx,0,-49.4953,"-6.00000 -5.60000 0.90000, -8.05000 0.85000 0.10000"
1748,0.0000,Tx-Rx,0,-50.5774,"-6.00000 -5.60000 0.90000, -7.75000 0.85000 0.10000"
1749,0.0000,Tx-Rx,0,-51.5626,"-6.00000 -5.60000 0.90000, -7.45000 0.85000 0.10000"
1750,0.0000,Tx-Rx,0,-51.3469,"-6.00000 -5.60000 0.90000, -7.15000 0.85000 0.10000"
1751,0.0000,Tx-Rx,0,-51.4559,"-6.00000 -5.60000 0.90000, -6.85000 0.85000 0.10000"
1752,0.0000,Tx-Rx,0,-51.2143,"-6.00000 -5.60000 0.90000, -6.55000 0.85000 0.10000"
1753,0.0000,Tx-Rx,0,-50.9653,"-6.00000 -5.60000 0.90000, -6.25000 0.85000 0.10000"
1754,0.0000,Tx-Rx,0,-51.1096,"-6.00000 -5.60000 0.90000, -5.95000 0.85000 0.10000"
1755,0.0000,Tx-Rx,0,-51.1180,"-6.00000 -5.60000 0.90000, -5.65000 0.85000 0.10000"
1756,0.0000,Tx-Rx,0,-50.7208,"-6.00000 -5.60000 0.90000, -5.35000 0.85000 0.10000"
1757,0.0000,Tx-Rx,0,-50.3627,"-6.00000 -5.60000 0.90000, -5.05000 0.85000 0.10000"
1758,0.0000,Tx-Rx,0,-50.5589,"-6.00000 -5.60000 0.90000, -4.75000 0.85000 0.10000"
1759,0.0000,Tx-Rx,0,-51.3091,"-6.00000 -5.60000 0.90000, -4.45000 0.85000 0.10000"
1760,0.0000,Tx-Rx,0,-53.1875,"-6.00000 -5.60000 0.90000, -4.15000 0.85000 0.10000"
1761,0.0000,Tx-Rx,0,-55.8964,"-6.00000 -5.60000 0.90000, -3.85000 0.85000 0.10000"
1762,0.0000,Tx-Rx,0,-55.0845,"-6.00000 -5.60000 0.90000, -3.55000 0.85000 0.10000"
1763,0.0000,Tx-Rx,0,-51.4938,"-6.00000 -5.60000 0.90000, -3.25000 0.85000 0.10000"
1764,0.0000,Tx-Rx,0,-52.0140,"-6.00000 -5.60000 0.90000, -2.95000 0.85000 0.10000"
1765,0.0000,Tx-Rx,0,-54.9861,"-6.00000 -5.60000 0.90000, -2.65000 0.85000 0.10000"
1766,0.0000,Tx-Rx,0,-56.8439,"-6.00000 -5.60000 0.90000, -2.35000 0.85000 0.10000"
1767,0.0000,Tx-Rx,0,-55.9290,"-6.00000 -5.60000 0.90000, -2.05000 0.85000 0.10000"
1768,0.0000,Tx-Rx,0,-51.9670,"-6.00000 -5.60000 0.90000, -1.75000 0.85000 0.10000"
1769,0.0000,Tx-Rx,0,-51.8597,"-6.00000 -5.60000 0.90000, -1.45000 0.85000 0.10000"
1770,0.0000,Tx-Rx,0,-52.1935,"-6.00000 -5.60000 0.90000, -1.15000 0.85000 0.10000"
1771,0.0000,Tx-Rx,0,-52.2173,"-6.00000 -5.60000 0.90000, -0.85000 0.85000 0.10000"
1772,0.0000,Tx-Rx,0,-50.8250,"-6.00000 -5.60000 0.90000, -0.55000 0.85000 0.10000"
1773,0.0000,Tx-Rx,0,-50.2285,"-6.00000 -5.60000 0.90000, -0.25000 0.85000 0.10000"
1774,0.0000,Tx-Rx,0,-52.2409,"-6.00000 -5.60000 0.90000, 0.05000 0.85000 0.10000"
1775,0.0000,Tx-Rx,0,-62.8174,"-6.00000 -5.60000 0.90000, 0.35000 0.85000 0.10000"
1776,0.0000,Tx-Rx,0,-71.2964,"-6.00000 -5.60000 0.90000, 0.65000 0.85000 0.10000"
1777,0.0000,Tx-Rx,0,-73.2716,"-6.00000 -5.60000 0.90000, 0.95000 0.85000 0.10000"
1778,0.0000,Tx-Rx,0,-74.3255,"-6.00000 -5.60000 0.90000, 1.25000 0.85000 0.10000"
1779,0.0000,Tx-Rx,0,-76.1189,"-6.00000 -5.60000 0.90000, 1.55000 0.85000 0.10000"
1780,0.0000,Tx-Rx,0,-72.0964,"-6.00000 -5.60000 0.90000, 1.85000 0.85000 0.10000"
1781,0.0000,Tx-Rx,0,-71.9425,"-6.00000 -5.60000 0.90000, 2.15000 0.85000 0.10000"
1782,0.0000,Tx-Rx,0,-72.1798,"-6.00000 -5.60000 0.90000, 2.45000 0.85000 0.10000"
1783,0.0000,Tx-Rx,0,-72.2054,"-6.00000 -5.60000 0.90000, 2.75000 0.85000 0.10000"
1784,0.0000,Tx-Rx,0,-72.3061,"-6.00000 -5.60000 0.90000, 3.05000 0.85000 0.10000"
1785,0.0000,Tx-Rx,0,-67.2713,"-6.00000 -5.60000 0.90000, 3.35000 0.85000 0.10000"
1786,0.0000,Tx-Rx,0,-64.8441,"-6.00000 -5.60000 0.90000, 3.65000 0.85000 0.10000"
1787,0.0000,Tx-Rx,0,-64.9237,"-6.00000 -5.60000 0.90000, 3.95000 0.85000 0.10000"
1788,0.0000,Tx-Rx,0,-64.6778,"-6.00000 -5.60000 0.90000, 4.25000 0.85000 0.10000"
1789,0.0000,Tx-Rx,0,-65.8643,"-6.00000 -5.60000 0.90000, 4.55000 0.85000 0.10000"
1790,0.0000,Tx-Rx,0,-75.2212,"-6.00000 -5.60000 0.90000, 4.85000 0.85000 0.10000"
1791,0.0000,Tx-Rx,0,-77.2740,"-6.00000 -5.60000 0.90000, 5.15000 0.85000 0.10000"
1792,0.0000,Tx-Rx,0,-76.5126,"-6.00000 -5.60000 0.90000, 5.45000 0.85000 0.10000"
1793,0.0000,Tx-Rx,0,-77.5447,"-6.00000 -5.60000 0.90000, 5.75000 0.85000 0.10000"
1794,0.0000,Tx-Rx,0,-77.9128,"-6.00000 -5.60000 0.90000, 6.05000 0.85000 0.10000"
1795,0.0000,Tx-Rx,0,-76.8431,"-6.00000 -5.60000 0.90000, 6.35000 0.85000 0.10000"
1796,0.0000,Tx-Rx,0,-79.2095,"-6.00000 -5.60000 0.90000, 6.65000 0.85000 0.10000"
1797,0.0000,Tx-Rx,0,-78.9317,"-6.00000 -5.60000 0.90000, 6.95000 0.85000 0.10000"
1798,0.0000,Tx-Rx,0,-79.3608,"-6.00000 -5.60000 0.90000, 7.25000 0.85000 0.10000"
1799,0.0000,Tx-Rx,0,-78.1481,"-6.00000 -5.60000 0.90000, 7.55000 0.85000 0.10000"
1800,0.0000,Tx-Rx,0,-76.9861,"-6.00000 -5.60000 0.90000, 7.85000 0.85000 0.10000"
1801,0.0000,Tx-Rx,0,-62.8157,"-6.00000 -5.60000 0.90000, -9.85000 1.15000 0.10000"
1802,0.0000,Tx-Rx,0,-57.0319,"-6.00000 -5.60000 0.90000, -9.55000 1.15000 0.10000"
1803,0.0000,Tx-Rx,0,-56.5200,"-6.00000 -5.60000 0.90000, -9.25000 1.15000 0.10000"
1804,0.0000,Tx-Rx,0,-51.7680,"-6.00000 -5.60000 0.90000, -8.95000 1.15000 0.10000"
1805,0.0000,Tx-Rx,0,-52.1161,"-6.00000 -5.60000 0.90000, -8.65000 1.15000 0.10000"
1806,0.0000,Tx-Rx,0,-51.8091,"-6.00000 -5.60000 0.90000, -8.35000 1.15000 0.10000"
1807,0.0000,Tx-Rx,0,-50.7427,"-6.00000 -5.60000 0.90000, -8.05000 1.15000 0.10000"
1808,0.0000,Tx-Rx,0,-49.7455,"-6.00000 -5.60000 0.90000, -7.75000 1.15000 0.10000"
1809,0.0000,Tx-Rx,0,-51.8456,"-6.00000 -5.60000 0.90000, -7.45000 1.15000 0.10000"
1810,0.0000,Tx-Rx,0,-51.6600,"-6.00000 -5.60000 0.90000, -7.15000 1.15000 0.10000"
1811,0.0000,Tx-Rx,0,-51.6488,"-6.00000 -5.60000 0.90000, -6.85000 1.15000 0.10000"
1812,0.0000,Tx-Rx,0,-51.3498,"-6.00000 -5.60000 0.90000, -6.55000 1.15000 0.10000"
1813,0.0000,Tx-Rx,0,-51.2985,"-6.00000 -5.60000 0.90000, -6.25000 1.15000 0.10000"
1814,0.0000,Tx-Rx,0,-51.5145,"-6.00000 -5.60000 0.90000, -5.95000 1.15000 0.10000"
1815,0.0000,Tx-Rx,0,-51.5621,"-6.00000 -5.60000 0.90000, -5.65000 1.15000 0.10000"
1816,0.0000,Tx-Rx,0,-50.6219,"-6.00000 -5.60000 0.90000, -5.35000 1.15000 0.10000"
1817,0.0000,Tx-Rx,0,-51.2936,"-6.00000 -5.60000 0.90000, -5.05000 1.15000 0.10000"
1818,0.0000,Tx-Rx,0,-50.9752,"-6.00000 -5.60000 0.90000, -4.75000 1.15000 0.10000"
1819,0.0000,Tx-Rx,0,-52.0636,"-6.00000 -5.60000 0.90000, -4.45000 1.15000 0.10000"
1820,0.0000,Tx-Rx,0,-53.7735,"-6.00000 -5.60000 0.90000, -4.15000 1.15000 0.10000"
1821,0.0000,Tx-Rx,0,-59.8477,"-6.00000 -5.60000 0.90000, -3.85000 1.15000 0.10000"
1822,0.0000,Tx-Rx,0,-56.3595,"-6.00000 -5.60000 0.90000, -3.55000 1.15000 0.10000"
1823,0.0000,Tx-Rx,0,-52.5411,"-6.00000 -5.60000 0.90000, -3.25000 1.15000 0.10000"
1824,0.0000,Tx-Rx,0,-52.2485,"-6.00000 -5.60000 0.90000, -2.95000 1.15000 0.10000"
1825,0.0000,Tx-Rx,0,-52.7529,"-6.00000 -5.60000 0.90000, -2.65000 1.15000 0.10000"
1826,0.0000,Tx-Rx,0,-56.6565,"-6.00000 -5.60000 0.90000, -2.35000 1.15000 0.10000"
1827,0.0000,Tx-Rx,0,-57.3194,"-6.00000 -5.60000 0.90000, -2.05000 1.15000 0.10000"
1828,0.0000,Tx-Rx,0,-54.2685,"-6.00000 -5.60000 0.90000, -1.75000 1.15000 0.10000"
1829,0.0000,Tx-Rx,0,-52.1479,"-6.00000 -5.60000 0.90000, -1.45000 1.15000 0.10000"
1830,0.0000,Tx-Rx,0,-52.1143,"-6.00000 -5.60000 0.90000, -1.15000 1.15000 0.10000"
1831,0.0000,Tx-Rx,0,-51.4406,"-6.00000 -5.60000 0.90000, -0.85000 1.15000 0.10000"
1832,0.0000,Tx-Rx,0,-50.5730,"-6.00000 -5.60000 0.90000, -0.55000 1.15000 0.10000"
1833,0.0000,Tx-Rx,0,-52.6598,"-6.00000 -5.60000 0.90000, -0.25000 1.15000 0.10000"
1834,0.0000,Tx-Rx,0,-52.8225,"-6.00000 -5.60000 0.90000, 0.05000 1.15000 0.10000"
1835,0.0000,Tx-Rx,0,-54.4059,"-6.00000 -5.60000 0.90000, 0.35000 1.15000 0.10000"
1836,0.0000,Tx-Rx,0,-62.5393,"-6.00000 -5.60000 0.90000, 0.65000 1.15000 0.10000"
1837,0.0000,Tx-Rx,0,-68.9367,"-6.00000 -5.60000 0.90000, 0.95000 1.15000 0.10000"
1838,0.0000,Tx-Rx,0,-73.8195,"-6.00000 -5.60000 0.90000, 1.25000 1.15000 0.10000"
1839,0.0000,Tx-Rx,0,-72.6506,"-6.00000 -5.60000 0.90000, 1.55000 1.15000 0.10000"
1840,0.0000,Tx-Rx,0,-71.9883,"-6.00000 -5.60000 0.90000, 1.85000 1.15000 0.10000"
1841,0.0000,Tx-Rx,0,-71.5764,"-6.00000 -5.60000 0.90000, 2.15000 1.15000 0.10000"
1842,0.0000,Tx-Rx,0,-72.2892,"-6.00000 -5.60000 0.90000, 2.45000 1.15000 0.10000"
1843,0.0000,Tx-Rx,0,-72.2334,"-6.00000 -5.60000 0.90000, 2.75000 1.15000 0.10000"
1844,0.0000,Tx-Rx,0,-69.2458,"-6.00000 -5.60000 0.90000, 3.05000 1.15000 0.10000"
1845,0.0000,Tx-Rx,0,-64.7483,"-6.00000 -5.60000 0.90000, 3.35000 1.15000 0.10000"
1846,0.0000,Tx-Rx,0,-64.8041,"-6.00000 -5.60000 0.90000, 3.65000 1.15000 0.10000"
1847,0.0000,Tx-Rx,0,-64.7002,"-6.00000 -5.60000 0.90000, 3.95000 1.15000 0.10000"
1848,0.0000,Tx-Rx,0,-65.3679,"-6.00000 -5.60000 0.90000, 4.25000 1.15000 0.10000"
1849,0.0000,Tx-Rx,0,-71.3398,"-6.00000 -5.60000 0.90000, 4.55000 1.15000 0.10000"
1850,0.0000,Tx-Rx,0,-78.4791,"-6.00000 -5.60000 0.90000, 4.85000 1.15000 0.10000"
1851,0.0000,Tx-Rx,0,-77.5485,"-6.00000 -5.60000 0.90000, 5.15000 1.15000 0.10000"
1852,0.0000,Tx-Rx,0,-76.0644,"-6.00000 -5.60000 0.90000, 5.45000 1.15000 0.10000"
1853,0.0000,Tx-Rx,0,-75.6287,"-6.00000 -5.60000 0.90000, 5.75000 1.15000 0.10000"
1854,0.0000,Tx-Rx,0,-77.3333,"-6.00000 -5.60000 0.90000, 6.05000 1.15000 0.10000"
1855,0.0000,Tx-Rx,0,-78.7204,"-6.00000 -5.60000 0.90000, 6.35000 1.15000 0.10000"
1856,0.0000,Tx-Rx,0,-77.7201,"-6.00000 -5.60000 0.90000, 6.65000 1.15000 0.10000"
1857,0.0000,Tx-Rx,0,-79.5574,"-6.00000 -5.60000 0.90000, 6.95000 1.15000 0.10000"
1858,0.0000,Tx-Rx,0,-80.0024,"-6.00000 -5.60000 0.90000, 7.25000 1.15000 0.10000"
1859,0.0000,Tx-Rx,0,-78.5545,"-6.00000 -5.60000 0.90000, 7.55000 1.15000 0.10000"
1860,0.0000,Tx-Rx,0,-79.6101,"-6.00000 -5.60000 0.90000, 7.85000 1.15000 0.10000"
1861,0.0000,Tx-Rx,0,-66.1653,"-6.00000 -5.60000 0.90000, -9.85000 1.45000 0.10000"
1862,0.0000,Tx-Rx,0,-63.2377,"-6.00000 -5.60000 0.90000, -9.55000 1.45000 0.10000"
1863,0.0000,Tx-Rx,0,-59.3454,"-6.00000 -5.60000 0.90000, -9.25000 1.45000 0.10000"
1864,0.0000,Tx-Rx,0,-56.8163,"-6.00000 -5.60000 0.90000, -8.95000 1.45000 0.10000"
1865,0.0000,Tx-Rx,0,-56.0052,"-6.00000 -5.60000 0.90000, -8.65000 1.45000 0.10000"
1866,0.0000,Tx-Rx,0,-51.9700,"-6.00000 -5.60000 0.90000, -8.35000 1.45000 0.10000"
1867,0.0000,Tx-Rx,0,-52.0333,"-6.00000 -5.60000 0.90000, -8.05000 1.45000 0.10000"
1868,0.0000,Tx-Rx,0,-49.8594,"-6.00000 -5.60000 0.90000, -7.75000 1.45000 0.10000"
1869,0.0000,Tx-Rx,0,-51.1616,"-6.00000 -5.60000 0.90000, -7.45000 1.45000 0.10000"
1870,0.0000,Tx-Rx,0,-51.9650,"-6.00000 -5.60000 0.90000, -7.15000 1.45000 0.10000"
1871,0.0000,Tx-Rx,0,-51.8614,"-6.00000 -5.60000 0.90000, -6.85000 1.45000 0.10000"
1872,0.0000,Tx-Rx,0,-51.6187,"-6.00000 -5.60000 0.90000, -6.55000 1.45000 0.10000"
1873,0.0000,Tx-Rx,0,-51.5242,"-6.00000 -5.60000 0.90000, -6.25000 1.45000 0.10000"
1874,0.0000,Tx-Rx,0,-51.6828,"-6.00000 -5.60000 0.90000, -5.95000 1.45000 0.10000"
1875,0.0000,Tx-Rx,0,-51.7071,"-6.00000 -5.60000 0.90000, -5.65000 1.45000 0.10000"
1876,0.0000,Tx-Rx,0,-50.9059,"-6.00000 -5.60000 0.90000, -5.35000 1.45000 0.10000"
1877,0.0000,Tx-Rx,0,-51.4466,"-6.00000 -5.60000 0.90000, -5.05000 1.45000 0.10000"
1878,0.0000,Tx-Rx,0,-52.0906,"-6.00000 -5.60000 0.90000, -4.75000 1.45000 0.10000"
1879,0.0000,Tx-Rx,0,-52.2909,"-6.00000 -5.60000 0.90000, -4.45000 1.45000 0.10000"
1880,0.0000,Tx-Rx,0,-53.6438,"-6.00000 -5.60000 0.90000, -4.15000 1.45000 0.10000"
1881,0.0000,Tx-Rx,0,-59.5917,"-6.00000 -5.60000 0.90000, -3.85000 1.45000 0.10000"
1882,0.0000,Tx-Rx,0,-57.6824,"-6.00000 -5.60000 0.90000, -3.55000 1.45000 0.10000"
1883,0.0000,Tx-Rx,0,-54.5435,"-6.00000 -5.60000 0.90000, -3.25000 1.45000 0.10000"
1884,0.0000,Tx-Rx,0,-52.4131,"-6.00000 -5.60000 0.90000, -2.95000 1.45000 0.10000"
1885,0.0000,Tx-Rx,0,-52.3874,"-6.00000 -5.60000 0.90000, -2.65000 1.45000 0.10000"
1886,0.0000,Tx-Rx,0,-53.8625,"-6.00000 -5.60000 0.90000, -2.35000 1.45000 0.10000"
1887,0.0000,Tx-Rx,0,-56.9565,"-6.00000 -5.60000 0.90000, -2.05000 1.45000 0.10000"
1888,0.0000,Tx-Rx,0,-57.5061,"-6.00000 -5.60000 0.90000, -1.75000 1.45000 0.10000"
1889,0.0000,Tx-Rx,0,-53.1953,"-6.00000 -5.60000 0.90000, -1.45000 1.45000 0.10000"
1890,0.0000,Tx-Rx,0,-51.8619,"-6.00000 -5.60000 0.90000, -1.15000 1.45000 0.10000"
1891,0.0000,Tx-Rx,0,-50.4868,"-6.00000 -5.60000 0.90000, -0.85000 1.45000 0.10000"
1892,0.0000,Tx-Rx,0,-52.0529,"-6.00000 -5.60000 0.90000, -0.55000 1.45000 0.10000"
1893,0.0000,Tx-Rx,0,-53.6561,"-6.00000 -5.60000 0.90000, -0.25000 1.45000 0.10000"
1894,0.0000,Tx-Rx,0,-53.8128,"-6.00000 -5.60000 0.90000, 0.05000 1.45000 0.10000"
1895,0.0000,Tx-Rx,0,-52.6101,"-6.00000 -5.60000 0.90000, 0.35000 1.45000 0.10000"
1896,0.0000,Tx-Rx,0,-54.6321,"-6.00000 -5.60000 0.90000, 0.65000 1.45000 0.10000"
1897,0.0000,Tx-Rx,0,-62.8855,"-6.00000 -5.60000 0.90000, 0.95000 1.45000 0.10000"
1898,0.0000,Tx-Rx,0,-65.6717,"-6.00000 -5.60000 0.90000, 1.25000 1.45000 0.10000"
1899,0.0000,Tx-Rx,0,-70.2861,"-6.00000 -5.60000 0.90000, 1.55000 1.45000 0.10000"
1900,0.0000,Tx-Rx,0,-70.8891,"-6.00000 -5.60000 0.90000, 1.85000 1.45000 0.10000"
1901,0.0000,Tx-Rx,0,-71.2190,"-6.00000 -5.60000 0.90000, 2.15000 1.45000 0.10000"
1902,0.0000,Tx-Rx,0,-71.4474,"-6.00000 -5.60000 0.90000, 2.45000 1.45000 0.10000"
1903,0.0000,Tx-Rx,0,-70.2261,"-6.00000 -5.60000 0.90000, 2.75000 1.45000 0.10000"
1904,0.0000,Tx-Rx,0,-64.7892,"-6.00000 -5.60000 0.90000, 3.05000 1.45000 0.10000"
1905,0.0000,Tx-Rx,0,-64.5166,"-6.00000 -5.60000 0.90000, 3.35000 1.45000 0.10000"
1906,0.0000,Tx-Rx,0,-64.5358,"-6.00000 -5.60000 0.90000, 3.65000 1.45000 0.10000"
1907,0.0000,Tx-Rx,0,-64.9265,"-6.00000 -5.60000 0.90000, 3.95000 1.45000 0.10000"
1908,0.0000,Tx-Rx,0,-70.2912,"-6.00000 -5.60000 0.90000, 4.25000 1.45000 0.10000"
1909,0.0000,Tx-Rx,0,-75.7423,"-6.00000 -5.60000 0.90000, 4.55000 1.45000 0.10000"
1910,0.0000,Tx-Rx,0,-75.6323,"-6.00000 -5.60000 0.90000, 4.85000 1.45000 0.10000"
1911,0.0000,Tx-Rx,0,-79.4500,"-6.00000 -5.60000 0.90000, 5.15000 1.45000 0.10000"
1912,0.0000,Tx-Rx,0,-73.7979,"-6.00000 -5.60000 0.90000, 5.45000 1.45000 0.10000"
1913,0.0000,Tx-Rx,0,-77.9951,"-6.00000 -5.60000 0.90000, 5.75000 1.45000 0.10000"
1914,0.0000,Tx-Rx,0,-80.2055,"-6.00000 -5.60000 0.90000, 6.05000 1.45000 0.10000"
1915,0.0000,Tx-Rx,0,-83.2246,"-6.00000 -5.60000 0.90000, 6.35000 1.45000 0.10000"
1916,0.0000,Tx-Rx,0,-81.6647,"-6.00000 -5.60000 0.90000, 6.65000 1.45000 0.10000"
1917,0.0000,Tx-Rx,0,-81.6832,"-6.00000 -5.60000 0.90000, 6.95000 1.45000 0.10000"
1918,0.0000,Tx-Rx,0,-77.1414,"-6.00000 -5.60000 0.90000, 7.25000 1.45000 0.10000"
1919,0.0000,Tx-Rx,0,-78.7022,"-6.00000 -5.60000 0.90000, 7.55000 1.45000 0.10000"
1920,0.0000,Tx-Rx,0,-80.4759,"-6.00000 -5.60000 0.90000, 7.85000 1.45000 0.10000"
1921,0.0000,Tx-Rx,0,-67.8567,"-6.00000 -5.60000 0.90000, -9.85000 1.75000 0.10000"
1922,0.0000,Tx-Rx,0,-66.2830,"-6.00000 -5.60000 0.90000, -9.55000 1.75000 0.10000"
1923,0.0000,Tx-Rx,0,-59.0727,"-6.00000 -5.60000 0.90000, -9.25000 1.75000 0.10000"
1924,0.0000,Tx-Rx,0,-58.0355,"-6.00000 -5.60000 0.90000, -8.95000 1.75000 0.10000"
1925,0.0000,Tx-Rx,0,-54.5418,"-6.00000 -5.60000 0.90000, -8.65000 1.75000 0.10000"
1926,0.0000,Tx-Rx,0,-51.8726,"-6.00000 -5.60000 0.90000, -8.35000 1.75000 0.10000"
1927,0.0000,Tx-Rx,0,-52.2399,"-6.00000 -5.60000 0.90000, -8.05000 1.75000 0.10000"
1928,0.0000,Tx-Rx,0,-50.9136,"-6.00000 -5.60000 0.90000, -7.75000 1.75000 0.10000"
1929,0.0000,Tx-Rx,0,-50.3457,"-6.00000 -5.60000 0.90000, -7.45000 1.75000 0.10000"
1930,0.0000,Tx-Rx,0,-52.1852,"-6.00000 -5.60000 0.90000, -7.15000 1.75000 0.10000"
1931,0.0000,Tx-Rx,0,-52.1301,"-6.00000 -5.60000 0.90000, -6.85000 1.75000 0.10000"
1932,0.0000,Tx-Rx,0,-51.8144,"-6.00000 -5.60000 0.90000, -6.55000 1.75000 0.10000"
1933,0.0000,Tx-Rx,0,-51.8396,"-6.00000 -5.60000 0.90000, -6.25000 1.75000 0.10000"
1934,0.0000,Tx-Rx,0,-51.9901,"-6.00000 -5.60000 0.90000, -5.95000 1.75000 0.10000"
1935,0.0000,Tx-Rx,0,-51.6674,"-6.00000 -5.60000 0.90000, -5.65000 1.75000 0.10000"
1936,0.0000,Tx-Rx,0,-51.5651,"-6.00000 -5.60000 0.90000, -5.35000 1.75000 0.10000"
1937,0.0000,Tx-Rx,0,-51.8254,"-6.00000 -5.60000 0.90000, -5.05000 1.75000 0.10000"
1938,0.0000,Tx-Rx,0,-52.7113,"-6.00000 -5.60000 0.90000, -4.75000 1.75000 0.10000"
1939,0.0000,Tx-Rx,0,-52.6588,"-6.00000 -5.60000 0.90000, -4.45000 1.75000 0.10000"
1940,0.0000,Tx-Rx,0,-53.0224,"-6.00000 -5.60000 0.90000, -4.15000 1.75000 0.10000"
1941,0.0000,Tx-Rx,0,-56.8764,"-6.00000 -5.60000 0.90000, -3.85000 1.75000 0.10000"
1942,0.0000,Tx-Rx,0,-58.2463,"-6.00000 -5.60000 0.90000, -3.55000 1.75000 0.10000"
1943,0.0000,Tx-Rx,0,-56.9922,"-6.00000 -5.60000 0.90000, -3.25000 1.75000 0.10000"
1944,0.0000,Tx-Rx,0,-52.9064,"-6.00000 -5.60000 0.90000, -2.95000 1.75000 0.10000"
1945,0.0000,Tx-Rx,0,-52.7247,"-6.00000 -5.60000 0.90000, -2.65000 1.75000 0.10000"
1946,0.0000,Tx-Rx,0,-52.6286,"-6.00000 -5.60000 0.90000, -2.35000 1.75000 0.10000"
1947,0.0000,Tx-Rx,0,-55.9740,"-6.00000 -5.60000 0.90000, -2.05000 1.75000 0.10000"
1948,0.0000,Tx-Rx,0,-56.9009,"-6.00000 -5.60000 0.90000, -1.75000 1.75000 0.10000"
1949,0.0000,Tx-Rx,0,-55.9355,"-6.00000 -5.60000 0.90000, -1.45000 1.75000 0.10000"
1950,0.0000,Tx-Rx,0,-53.4242,"-6.00000 -5.60000 0.90000, -1.15000 1.75000 0.10000"
1951,0.0000,Tx-Rx,0,-270.0000,"-6.00000 -5.60000 0.90000, -0.85000 1.75000 0.10000"
1952,0.0000,Tx-Rx,0,-55.5816,"-6.00000 -5.60000 0.90000, -0.55000 1.75000 0.10000"
1953,0.0000,Tx-Rx,0,-53.6003,"-6.00000 -5.60000 0.90000, -0.25000 1.75000 0.10000"
1954,0.0000,Tx-Rx,0,-53.9310,"-6.00000 -5.60000 0.90000, 0.05000 1.75000 0.10000"
1955,0.0000,Tx-Rx,0,-53.9504,"-6.00000 -5.60000 0.90000, 0.35000 1.75000 0.10000"
1956,0.0000,Tx-Rx,0,-53.7115,"-6.00000 -5.60000 0.90000, 0.65000 1.75000 0.10000"
1957,0.0000,Tx-Rx,0,-55.8342,"-6.00000 -5.60000 0.90000, 0.95000 1.75000 0.10000"
1958,0.0000,Tx-Rx,0,-64.5001,"-6.00000 -5.60000 0.90000, 1.25000 1.75000 0.10000"
1959,0.0000,Tx-Rx,0,-63.8849,"-6.00000 -5.60000 0.90000, 1.55000 1.75000 0.10000"
1960,0.0000,Tx-Rx,0,-66.6475,"-6.00000 -5.60000 0.90000, 1.85000 1.75000 0.10000"
1961,0.0000,Tx-Rx,0,-69.9045,"-6.00000 -5.60000 0.90000, 2.15000 1.75000 0.10000"
1962,0.0000,Tx-Rx,0,-70.7167,"-6.00000 -5.60000 0.90000, 2.45000 1.75000 0.10000"
1963,0.0000,Tx-Rx,0,-65.3066,"-6.00000 -5.60000 0.90000, 2.75000 1.75000 0.10000"
1964,0.0000,Tx-Rx,0,-64.1236,"-6.00000 -5.60000 0.90000, 3.05000 1.75000 0.10000"
1965,0.0000,Tx-Rx,0,-64.3015,"-6.00000 -5.60000 0.90000, 3.35000 1.75000 0.10000"
1966,0.0000,Tx-Rx,0,-64.3099,"-6.00000 -5.60000 0.90000, 3.65000 1.75000 0.10000"
1967,0.0000,Tx-Rx,0,-68.8271,"-6.00000 -5.60000 0.90000, 3.95000 1.75000 0.10000"
1968,0.0000,Tx-Rx,0,-73.8287,"-6.00000 -5.60000 0.90000, 4.25000 1.75000 0.10000"
1969,0.0000,Tx-Rx,0,-78.2253,"-6.00000 -5.60000 0.90000, 4.55000 1.75000 0.10000"
1970,0.0000,Tx-Rx,0,-76.4796,"-6.00000 -5.60000 0.90000, 4.85000 1.75000 0.10000"
1971,0.0000,Tx-Rx,0,-70.5106,"-6.00000 -5.60000 0.90000, 5.15000 1.75000 0.10000"
1972,0.0000,Tx-Rx,0,-78.7901,"-6.00000 -5.60000 0.90000, 5.45000 1.75000 0.10000"
1973,0.0000,Tx-Rx,0,-91.2280,"-6.00000 -5.60000 0.90000, 5.75000 1.75000 0.10000"
1974,0.0000,Tx-Rx,0,-86.2726,"-6.00000 -5.60000 0.90000, 6.05000 1.75000 0.10000"
1975,0.0000,Tx-Rx,0,-87.5156,"-6.00000 -5.60000 0.90000, 6.35000 1.75000 0.10000"
1976,0.0000,Tx-Rx,0,-90.5763,"-6.00000 -5.60000 0.90000, 6.65000 1.75000 0.10000"
1977,0.0000,Tx-Rx,0,-85.8481,"-6.00000 -5.60000 0.90000, 6.95000 1.75000 0.10000"
1978,0.0000,Tx-Rx,0,-77.9143,"-6.00000 -5.60000 0.90000, 7.25000 1.75000 0.10000"
1979,0.0000,Tx-Rx,0,-77.2562,"-6.00000 -5.60000 0.90000, 7.55000 1.75000 0.10000"
1980,0.0000,Tx-Rx,0,-77.8523,"-6.00000 -5.60000 0.90000, 7.85000 1.75000 0.10000"
1981,0.0000,Tx-Rx,0,-73.1125,"-6.00000 -5.60000 0.90000, -9.85000 2.05000 0.10000"
1982,0.0000,Tx-Rx,0,-69.2486,"-6.00000 -5.60000 0.90000, -9.55000 2.05000 0.10000"
1983,0.0000,Tx-Rx,0,-63.7761,"-6.00000 -5.60000 0.90000, -9.25000 2.05000 0.10000"
1984,0.0000,Tx-Rx,0,-62.7077,"-6.00000 -5.60000 0.90000, -8.95000 2.05000 0.10000"
1985,0.0000,Tx-Rx,0,-58.3627,"-6.00000 -5.60000 0.90000, -8.65000 2.05000 0.10000"
1986,0.0000,Tx-Rx,0,-56.4773,"-6.00000 -5.60000 0.90000, -8.35000 2.05000 0.10000"
1987,0.0000,Tx-Rx,0,-54.7295,"-6.00000 -5.60000 0.90000, -8.05000 2.05000 0.10000"
1988,0.0000,Tx-Rx,0,-52.1690,"-6.00000 -5.60000 0.90000, -7.75000 2.05000 0.10000"
1989,0.0000,Tx-Rx,0,-50.1840,"-6.00000 -5.60000 0.90000, -7.45000 2.05000 0.10000"
1990,0.0000,Tx-Rx,0,-51.9433,"-6.00000 -5.60000 0.90000, -7.15000 2.05000 0.10000"
1991,0.0000,Tx-Rx,0,-52.4057,"-6.00000 -5.60000 0.90000, -6.85000 2.05000 0.10000"
1992,0.0000,Tx-Rx,0,-51.9667,"-6.00000 -5.60000 0.90000, -6.55000 2.05000 0.10000"
1993,0.0000,Tx-Rx,0,-51.9553,"-6.00000 -5.60000 0.90000, -6.25000 2.05000 0.10000"
1994,0.0000,Tx-Rx,0,-52.2914,"-6.00000 -5.60000 0.90000, -5.95000 2.05000 0.10000"
1995,0.0000,Tx-Rx,0,-51.5237,"-6.00000 -5.60000 0.90000, -5.65000 2.05000 0.10000"
1996,0.0000,Tx-Rx,0,-52.1466,"-6.00000 -5.60000 0.90000, -5.35000 2.05000 0.10000"
1997,0.0000,Tx-Rx,0,-52.3000,"-6.00000 -5.60000 0.90000, -5.05000 2.05000 0.10000"
1998,0.0000,Tx-Rx,0,-52.6623,"-6.00000 -5.60000 0.90000, -4.75000 2.05000 0.10000"
1999,0.0000,Tx-Rx,0,-52.4384,"-6.00000 -5.60000 0.90000, -4.45000 2.05000 0.10000"
2000,0.0000,Tx-Rx,0,-54.2152,"-6.00000 -5.60000 0.90000, -4.15000 2.05000 0.10000"
2001,0.0000,Tx-Rx,0,-55.2135,"-6.00000 -5.60000 0.90000, -3.85000 2.05000 0.10000"
2002,0.0000,Tx-Rx,0,-57.9007,"-6.00000 -5.60000 0.90000, -3.55000 2.05000 0.10000"
2003,0.0000,Tx-Rx,0,-57.1386,"-6.00000 -5.60000 0.90000, -3.25000 2.05000 0.10000"
2004,0.0000,Tx-Rx,0,-54.8102,"-6.00000 -5.60000 0.90000, -2.95000 2.05000 0.10000"
2005,0.0000,Tx-Rx,0,-53.0169,"-6.00000 -5.60000 0.90000, -2.65000 2.05000 0.10000"
2006,0.0000,Tx-Rx,0,-52.8878,"-6.00000 -5.60000 0.90000, -2.35000 2.05000 0.10000"
2007,0.0000,Tx-Rx,0,-54.0741,"-6.00000 -5.60000 0.90000, -2.05000 2.05000 0.10000"
2008,0.0000,Tx-Rx,0,-56.5464,"-6.00000 -5.60000 0.90000, -1.75000 2.05000 0.10000"
2009,0.0000,Tx-Rx,0,-55.0314,"-6.00000 -5.60000 0.90000, -1.45000 2.05000 0.10000"
2010,0.0000,Tx-Rx,0,-54.0634,"-6.00000 -5.60000 0.90000, -1.15000 2.05000 0.10000"
2011,0.0000,Tx-Rx,0,-270.0000,"-6.00000 -5.60000 0.90000, -0.85000 2.05000 0.10000"
2012,0.0000,Tx-Rx,0,-64.2300,"-6.00000 -5.60000 0.90000, -0.55000 2.05000 0.10000"
2013,0.0000,Tx-Rx,0,-54.5247,"-6.00000 -5.60000 0.90000, -0.25000 2.05000 0.10000"
2014,0.0000,Tx-Rx,0,-53.8842,"-6.00000 -5.60000 0.90000, 0.05000 2.05000 0.10000"
2015,0.0000,Tx-Rx,0,-54.1365,"-6.00000 -5.60000 0.90000, 0.35000 2.05000 0.10000"
2016,0.0000,Tx-Rx,0,-54.5299,"-6.00000 -5.60000 0.90000, 0.65000 2.05000 0.10000"
2017,0.0000,Tx-Rx,0,-53.8711,"-6.00000 -5.60000 0.90000, 0.95000 2.05000 0.10000"
2018,0.0000,Tx-Rx,0,-56.2795,"-6.00000 -5.60000 0.90000, 1.25000 2.05000 0.10000"
2019,0.0000,Tx-Rx,0,-66.4450,"-6.00000 -5.60000 0.90000, 1.55000 2.05000 0.10000"
2020,0.0000,Tx-Rx,0,-64.5210,"-6.00000 -5.60000 0.90000, 1.85000 2.05000 0.10000"
2021,0.0000,Tx-Rx,0,-65.3025,"-6.00000 -5.60000 0.90000, 2.15000 2.05000 0.10000"
2022,0.0000,Tx-Rx,0,-65.5652,"-6.00000 -5.60000 0.90000, 2.45000 2.05000 0.10000"
2023,0.0000,Tx-Rx,0,-63.5282,"-6.00000 -5.60000 0.90000, 2.75000 2.05000 0.10000"
2024,0.0000,Tx-Rx,0,-64.0723,"-6.00000 -5.60000 0.90000, 3.05000 2.05000 0.10000"
2025,0.0000,Tx-Rx,0,-63.9189,"-6.00000 -5.60000 0.90000, 3.35000 2.05000 0.10000"
2026,0.0000,Tx-Rx,0,-67.6443,"-6.00000 -5.60000 0.90000, 3.65000 2.05000 0.10000"
2027,0.0000,Tx-Rx,0,-72.7023,"-6.00000 -5.60000 0.90000, 3.95000 2.05000 0.10000"
2028,0.0000,Tx-Rx,0,-75.2353,"-6.00000 -5.60000 0.90000, 4.25000 2.05000 0.10000"
2029,0.0000,Tx-Rx,0,-75.4495,"-6.00000 -5.60000 0.90000, 4.55000 2.05000 0.10000"
2030,0.0000,Tx-Rx,0,-66.7756,"-6.00000 -5.60000 0.90000, 4.85000 2.05000 0.10000"
2031,0.0000,Tx-Rx,0,-71.0837,"-6.00000 -5.60000 0.90000, 5.15000 2.05000 0.10000"
2032,0.0000,Tx-Rx,0,-80.9710,"-6.00000 -5.60000 0.90000, 5.45000 2.05000 0.10000"
2033,0.0000,Tx-Rx,0,-77.3278,"-6.00000 -5.60000 0.90000, 5.75000 2.05000 0.10000"
2034,0.0000,Tx-Rx,0,-76.7946,"-6.00000 -5.60000 0.90000, 6.05000 2.05000 0.10000"
2035,0.0000,Tx-Rx,0,-78.1929,"-6.00000 -5.60000 0.90000, 6.35000 2.05000 0.10000"
2036,0.0000,Tx-Rx,0,-84.4044,"-6.00000 -5.60000 0.90000, 6.65000 2.05000 0.10000"
2037,0.0000,Tx-Rx,0,-81.1966,"-6.00000 -5.60000 0.90000, 6.95000 2.05000 0.10000"
2038,0.0000,Tx-Rx,0,-80.2371,"-6.00000 -5.60000 0.90000, 7.25000 2.05000 0.10000"
2039,0.0000,Tx-Rx,0,-76.5257,"-6.00000 -5.60000 0.90000, 7.55000 2.05000 0.10000"
2040,0.0000,Tx-Rx,0,-72.3616,"-6.00000 -5.60000 0.90000, 7.85000 2.05000 0.10000"
2041,0.0000,Tx-Rx,0,-100.4445,"-6.00000 -5.60000 0.90000, -9.85000 2.35000 0.10000"
2042,0.0000,Tx-Rx,0,-86.9095,"-6.00000 -5.60000 0.90000, -9.55000 2.35000 0.10000"
2043,0.0000,Tx-Rx,0,-85.4404,"-6.00000 -5.60000 0.90000, -9.25000 2.35000 0.10000"
2044,0.0000,Tx-Rx,0,-85.1898,"-6.00000 -5.60000 0.90000, -8.95000 2.35000 0.10000"
2045,0.0000,Tx-Rx,0,-78.5553,"-6.00000 -5.60000 0.90000, -8.65000 2.35000 0.10000"
2046,0.0000,Tx-Rx,0,-77.8431,"-6.00000 -5.60000 0.90000, -8.35000 2.35000 0.10000"
2047,0.0000,Tx-Rx,0,-55.9409,"-6.00000 -5.60000 0.90000, -8.05000 2.35000 0.10000"
2048,0.0000,Tx-Rx,0,-52.7098,"-6.00000 -5.60000 0.90000, -7.75000 2.35000 0.10000"
2049,0.0000,Tx-Rx,0,-50.9785,"-6.00000 -5.60000 0.90000, -7.45000 2.35000 0.10000"
2050,0.0000,Tx-Rx,0,-51.0127,"-6.00000 -5.60000 0.90000, -7.15000 2.35000 0.10000"
2051,0.0000,Tx-Rx,0,-52.5991,"-6.00000 -5.60000 0.90000, -6.85000 2.35000 0.10000"
2052,0.0000,Tx-Rx,0,-52.3455,"-6.00000 -5.60000 0.90000, -6.55000 2.35000 0.10000"
2053,0.0000,Tx-Rx,0,-52.2514,"-6.00000 -5.60000 0.90000, -6.25000 2.35000 0.10000"
2054,0.0000,Tx-Rx,0,-52.5886,"-6.00000 -5.60000 0.90000, -5.95000 2.35000 0.10000"
2055,0.0000,Tx-Rx,0,-51.6997,"-6.00000 -5.60000 0.90000, -5.65000 2.35000 0.10000"
2056,0.0000,Tx-Rx,0,-52.2865,"-6.00000 -5.60000 0.90000, -5.35000 2.35000 0.10000"
2057,0.0000,Tx-Rx,0,-52.6708,"-6.00000 -5.60000 0.90000, -5.05000 2.35000 0.10000"
2058,0.0000,Tx-Rx,0,-52.5497,"-6.00000 -5.60000 0.90000, -4.75000 2.35000 0.10000"
2059,0.0000,Tx-Rx,0,-52.1673,"-6.00000 -5.60000 0.90000, -4.45000 2.35000 0.10000"
2060,0.0000,Tx-Rx,0,-54.0635,"-6.00000 -5.60000 0.90000, -4.15000 2.35000 0.10000"
2061,0.0000,Tx-Rx,0,-55.2307,"-6.00000 -5.60000 0.90000, -3.85000 2.35000 0.10000"
2062,0.0000,Tx-Rx,0,-56.8734,"-6.00000 -5.60000 0.90000, -3.55000 2.35000 0.10000"
2063,0.0000,Tx-Rx,0,-57.0387,"-6.00000 -5.60000 0.90000, -3.25000 2.35000 0.10000"
2064,0.0000,Tx-Rx,0,-57.5209,"-6.00000 -5.60000 0.90000, -2.95000 2.35000 0.10000"
2065,0.0000,Tx-Rx,0,-53.2705,"-6.00000 -5.60000 0.90000, -2.65000 2.35000 0.10000"
2066,0.0000,Tx-Rx,0,-52.9102,"-6.00000 -5.60000 0.90000, -2.35000 2.35000 0.10000"
2067,0.0000,Tx-Rx,0,-52.8673,"-6.00000 -5.60000 0.90000, -2.05000 2.35000 0.10000"
2068,0.0000,Tx-Rx,0,-55.5721,"-6.00000 -5.60000 0.90000, -1.75000 2.35000 0.10000"
2069,0.0000,Tx-Rx,0,-53.1899,"-6.00000 -5.60000 0.90000, -1.45000 2.35000 0.10000"
2070,0.0000,Tx-Rx,0,-56.5156,"-6.00000 -5.60000 0.90000, -1.15000 2.35000 0.10000"
2071,0.0000,Tx-Rx,0,-270.0000,"-6.00000 -5.60000 0.90000, -0.85000 2.35000 0.10000"
2072,0.0000,Tx-Rx,0,-71.6904,"-6.00000 -5.60000 0.90000, -0.55000 2.35000 0.10000"
2073,0.0000,Tx-Rx,0,-59.3270,"-6.00000 -5.60000 0.90000, -0.25000 2.35000 0.10000"
2074,0.0000,Tx-Rx,0,-54.3633,"-6.00000 -5.60000 0.90000, 0.05000 2.35000 0.10000"
2075,0.0000,Tx-Rx,0,-54.3788,"-6.00000 -5.60000 0.90000, 0.35000 2.35000 0.10000"
2076,0.0000,Tx-Rx,0,-54.5019,"-6.00000 -5.60000 0.90000, 0.65000 2.35000 0.10000"
2077,0.0000,Tx-Rx,0,-54.8056,"-6.00000 -5.60000 0.90000, 0.95000 2.35000 0.10000"
2078,0.0000,Tx-Rx,0,-53.1715,"-6.00000 -5.60000 0.90000, 1.25000 2.35000 0.10000"
2079,0.0000,Tx-Rx,0,-56.6140,"-6.00000 -5.60000 0.90000, 1.55000 2.35000 0.10000"
2080,0.0000,Tx-Rx,0,-67.9889,"-6.00000 -5.60000 0.90000, 1.85000 2.35000 0.10000"
2081,0.0000,Tx-Rx,0,-65.3226,"-6.00000 -5.60000 0.90000, 2.15000 2.35000 0.10000"
2082,0.0000,Tx-Rx,0,-61.4495,"-6.00000 -5.60000 0.90000, 2.45000 2.35000 0.10000"
2083,0.0000,Tx-Rx,0,-62.6704,"-6.00000 -5.60000 0.90000, 2.75000 2.35000 0.10000"
2084,0.0000,Tx-Rx,0,-63.4307,"-6.00000 -5.60000 0.90000, 3.05000 2.35000 0.10000"
2085,0.0000,Tx-Rx,0,-65.9736,"-6.00000 -5.60000 0.90000, 3.35000 2.35000 0.10000"
2086,0.0000,Tx-Rx,0,-72.9963,"-6.00000 -5.60000 0.90000, 3.65000 2.35000 0.10000"
2087,0.0000,Tx-Rx,0,-73.8052,"-6.00000 -5.60000 0.90000, 3.95000 2.35000 0.10000"
2088,0.0000,Tx-Rx,0,-76.3949,"-6.00000 -5.60000 0.90000, 4.25000 2.35000 0.10000"
2089,0.0000,Tx-Rx,0,-66.9968,"-6.00000 -5.60000 0.90000, 4.55000 2.35000 0.10000"
2090,0.0000,Tx-Rx,0,-69.6041,"-6.00000 -5.60000 0.90000, 4.85000 2.35000 0.10000"
2091,0.0000,Tx-Rx,0,-72.9758,"-6.00000 -5.60000 0.90000, 5.15000 2.35000 0.10000"
2092,0.0000,Tx-Rx,0,-72.7220,"-6.00000 -5.60000 0.90000, 5.45000 2.35000 0.10000"
2093,0.0000,Tx-Rx,0,-73.8573,"-6.00000 -5.60000 0.90000, 5.75000 2.35000 0.10000"
2094,0.0000,Tx-Rx,0,-75.6031,"-6.00000 -5.60000 0.90000, 6.05000 2.35000 0.10000"
2095,0.0000,Tx-Rx,0,-75.7021,"-6.00000 -5.60000 0.90000, 6.35000 2.35000 0.10000"
2096,0.0000,Tx-Rx,0,-74.4009,"-6.00000 -5.60000 0.90000, 6.65000 2.35000 0.10000"
2097,0.0000,Tx-Rx,0,-76.9585,"-6.00000 -5.60000 0.90000, 6.95000 2.35000 0.10000"
2098,0.0000,Tx-Rx,0,-74.7507,"-6.00000 -5.60000 0.90000, 7.25000 2.35000 0.10000"
2099,0.0000,Tx-Rx,0,-71.9990,"-6.00000 -5.60000 0.90000, 7.55000 2.35000 0.10000"
2100,0.0000,Tx-Rx,0,-73.3654,"-6.00000 -5.60000 0.90000, 7.85000 2.35000 0.10000"
2101,0.0000,Tx-Rx,0,-91.1290,"-6.00000 -5.60000 0.90000, -9.85000 2.65000 0.10000"
2102,0.0000,Tx-Rx,0,-85.6710,"-6.00000 -5.60000 0.90000, -9.55000 2.65000 0.10000"
2103,0.0000,Tx-Rx,0,-85.4682,"-6.00000 -5.60000 0.90000, -9.25000 2.65000 0.10000"
2104,0.0000,Tx-Rx,0,-81.6147,"-6.00000 -5.60000 0.90000, -8.95000 2.65000 0.10000"
2105,0.0000,Tx-Rx,0,-78.3066,"-6.00000 -5.60000 0.90000, -8.65000 2.65000 0.10000"
2106,0.0000,Tx-Rx,0,-77.7864,"-6.00000 -5.60000 0.90000, -8.35000 2.65000 0.10000"
2107,0.0000,Tx-Rx,0,-56.0076,"-6.00000 -5.60000 0.90000, -8.05000 2.65000 0.10000"
2108,0.0000,Tx-Rx,0,-52.4019,"-6.00000 -5.60000 0.90000, -7.75000 2.65000 0.10000"
2109,0.0000,Tx-Rx,0,-52.2397,"-6.00000 -5.60000 0.90000, -7.45000 2.65000 0.10000"
2110,0.0000,Tx-Rx,0,-50.5832,"-6.00000 -5.60000 0.90000, -7.15000 2.65000 0.10000"
2111,0.0000,Tx-Rx,0,-52.4461,"-6.00000 -5.60000 0.90000, -6.85000 2.65000 0.10000"
2112,0.0000,Tx-Rx,0,-52.6712,"-6.00000 -5.60000 0.90000, -6.55000 2.65000 0.10000"
2113,0.0000,Tx-Rx,0,-52.6332,"-6.00000 -5.60000 0.90000, -6.25000 2.65000 0.10000"
2114,0.0000,Tx-Rx,0,-52.1552,"-6.00000 -5.60000 0.90000, -5.95000 2.65000 0.10000"
2115,0.0000,Tx-Rx,0,-51.9282,"-6.00000 -5.60000 0.90000, -5.65000 2.65000 0.10000"
2116,0.0000,Tx-Rx,0,-52.7213,"-6.00000 -5.60000 0.90000, -5.35000 2.65000 0.10000"
2117,0.0000,Tx-Rx,0,-52.9151,"-6.00000 -5.60000 0.90000, -5.05000 2.65000 0.10000"
2118,0.0000,Tx-Rx,0,-52.6508,"-6.00000 -5.60000 0.90000, -4.75000 2.65000 0.10000"
2119,0.0000,Tx-Rx,0,-52.3193,"-6.00000 -5.60000 0.90000, -4.45000 2.65000 0.10000"
2120,0.0000,Tx-Rx,0,-53.9936,"-6.00000 -5.60000 0.90000, -4.15000 2.65000 0.10000"
2121,0.0000,Tx-Rx,0,-55.4182,"-6.00000 -5.60000 0.90000, -3.85000 2.65000 0.10000"
2122,0.0000,Tx-Rx,0,-57.1097,"-6.00000 -5.60000 0.90000, -3.55000 2.65000 0.10000"
2123,0.0000,Tx-Rx,0,-56.9264,"-6.00000 -5.60000 0.90000, -3.25000 2.65000 0.10000"
2124,0.0000,Tx-Rx,0,-57.6175,"-6.00000 -5.60000 0.90000, -2.95000 2.65000 0.10000"
2125,0.0000,Tx-Rx,0,-54.8899,"-6.00000 -5.60000 0.90000, -2.65000 2.65000 0.10000"
2126,0.0000,Tx-Rx,0,-53.3981,"-6.00000 -5.60000 0.90000, -2.35000 2.65000 0.10000"
2127,0.0000,Tx-Rx,0,-53.5723,"-6.00000 -5.60000 0.90000, -2.05000 2.65000 0.10000"
2128,0.0000,Tx-Rx,0,-52.3015,"-6.00000 -5.60000 0.90000, -1.75000 2.65000 0.10000"
2129,0.0000,Tx-Rx,0,-53.8286,"-6.00000 -5.60000 0.90000, -1.45000 2.65000 0.10000"
2130,0.0000,Tx-Rx,0,-58.4182,"-6.00000 -5.60000 0.90000, -1.15000 2.65000 0.10000"
2131,0.0000,Tx-Rx,0,-270.0000,"-6.00000 -5.60000 0.90000, -0.85000 2.65000 0.10000"
2132,0.0000,Tx-Rx,0,-75.1212,"-6.00000 -5.60000 0.90000, -0.55000 2.65000 0.10000"
2133,0.0000,Tx-Rx,0,-66.0312,"-6.00000 -5.60000 0.90000, -0.25000 2.65000 0.10000"
2134,0.0000,Tx-Rx,0,-57.3180,"-6.00000 -5.60000 0.90000, 0.05000 2.65000 0.10000"
2135,0.0000,Tx-Rx,0,-54.5937,"-6.00000 -5.60000 0.90000, 0.35000 2.65000 0.10000"
2136,0.0000,Tx-Rx,0,-54.7964,"-6.00000 -5.60000 0.90000, 0.65000 2.65000 0.10000"
2137,0.0000,Tx-Rx,0,-54.7408,"-6.00000 -5.60000 0.90000, 0.95000 2.65000 0.10000"
2138,0.0000,Tx-Rx,0,-54.2331,"-6.00000 -5.60000 0.90000, 1.25000 2.65000 0.10000"
2139,0.0000,Tx-Rx,0,-54.7236,"-6.00000 -5.60000 0.90000, 1.55000 2.65000 0.10000"
2140,0.0000,Tx-Rx,0,-57.7317,"-6.00000 -5.60000 0.90000, 1.85000 2.65000 0.10000"
2141,0.0000,Tx-Rx,0,-63.3918,"-6.00000 -5.60000 0.90000, 2.15000 2.65000 0.10000"
2142,0.0000,Tx-Rx,0,-62.8129,"-6.00000 -5.60000 0.90000, 2.45000 2.65000 0.10000"
2143,0.0000,Tx-Rx,0,-61.8738,"-6.00000 -5.60000 0.90000, 2.75000 2.65000 0.10000"
2144,0.0000,Tx-Rx,0,-62.8271,"-6.00000 -5.60000 0.90000, 3.05000 2.65000 0.10000"
2145,0.0000,Tx-Rx,0,-70.2469,"-6.00000 -5.60000 0.90000, 3.35000 2.65000 0.10000"
2146,0.0000,Tx-Rx,0,-71.3937,"-6.00000 -5.60000 0.90000, 3.65000 2.65000 0.10000"
2147,0.0000,Tx-Rx,0,-74.2434,"-6.00000 -5.60000 0.90000, 3.95000 2.65000 0.10000"
2148,0.0000,Tx-Rx,0,-66.9177,"-6.00000 -5.60000 0.90000, 4.25000 2.65000 0.10000"
2149,0.0000,Tx-Rx,0,-68.2585,"-6.00000 -5.60000 0.90000, 4.55000 2.65000 0.10000"
2150,0.0000,Tx-Rx,0,-72.4367,"-6.00000 -5.60000 0.90000, 4.85000 2.65000 0.10000"
2151,0.0000,Tx-Rx,0,-74.0252,"-6.00000 -5.60000 0.90000, 5.15000 2.65000 0.10000"
2152,0.0000,Tx-Rx,0,-75.6874,"-6.00000 -5.60000 0.90000, 5.45000 2.65000 0.10000"
2153,0.0000,Tx-Rx,0,-76.1387,"-6.00000 -5.60000 0.90000, 5.75000 2.65000 0.10000"
2154,0.0000,Tx-Rx,0,-75.7584,"-6.00000 -5.60000 0.90000, 6.05000 2.65000 0.10000"
2155,0.0000,Tx-Rx,0,-76.4673,"-6.00000 -5.60000 0.90000, 6.35000 2.65000 0.10000"
2156,0.0000,Tx-Rx,0,-75.0082,"-6.00000 -5.60000 0.90000, 6.65000 2.65000 0.10000"
2157,0.0000,Tx-Rx,0,-71.5438,"-6.00000 -5.60000 0.90000, 6.95000 2.65000 0.10000"
2158,0.0000,Tx-Rx,0,-70.7116,"-6.00000 -5.60000 0.90000, 7.25000 2.65000 0.10000"
2159,0.0000,Tx-Rx,0,-73.3431,"-6.00000 -5.60000 0.90000, 7.55000 2.65000 0.10000"
2160,0.0000,Tx-Rx,0,-77.3413,"-6.00000 -5.60000 0.90000, 7.85000 2.65000 0.10000"
2161,0.0000,Tx-Rx,0,-89.1063,"-6.00000 -5.60000 0.90000, -9.85000 2.95000 0.10000"
2162,0.0000,Tx-Rx,0,-86.0361,"-6.00000 -5.60000 0.90000, -9.55000 2.95000 0.10000"
2163,0.0000,Tx-Rx,0,-86.5886,"-6.00000 -5.60000 0.90000, -9.25000 2.95000 0.10000"
2164,0.0000,Tx-Rx,0,-80.9569,"-6.00000 -5.60000 0.90000, -8.95000 2.95000 0.10000"
2165,0.0000,Tx-Rx,0,-78.8176,"-6.00000 -5.60000 0.90000, -8.65000 2.95000 0.10000"
2166,0.0000,Tx-Rx,0,-80.8449,"-6.00000 -5.60000 0.90000, -8.35000 2.95000 0.10000"
2167,0.0000,Tx-Rx,0,-56.2318,"-6.00000 -5.60000 0.90000, -8.05000 2.95000 0.10000"
2168,0.0000,Tx-Rx,0,-52.2723,"-6.00000 -5.60000 0.90000, -7.75000 2.95000 0.10000"
2169,0.0000,Tx-Rx,0,-53.0891,"-6.00000 -5.60000 0.90000, -7.45000 2.95000 0.10000"
2170,0.0000,Tx-Rx,0,-51.1386,"-6.00000 -5.60000 0.90000, -7.15000 2.95000 0.10000"
2171,0.0000,Tx-Rx,0,-51.6101,"-6.00000 -5.60000 0.90000, -6.85000 2.95000 0.10000"
2172,0.0000,Tx-Rx,0,-52.7956,"-6.00000 -5.60000 0.90000, -6.55000 2.95000 0.10000"
2173,0.0000,Tx-Rx,0,-52.8258,"-6.00000 -5.60000 0.90000, -6.25000 2.95000 0.10000"
2174,0.0000,Tx-Rx,0,-52.1147,"-6.00000 -5.60000 0.90000, -5.95000 2.95000 0.10000"
2175,0.0000,Tx-Rx,0,-52.5866,"-6.00000 -5.60000 0.90000, -5.65000 2.95000 0.10000"
2176,0.0000,Tx-Rx,0,-53.0333,"-6.00000 -5.60000 0.90000, -5.35000 2.95000 0.10000"
2177,0.0000,Tx-Rx,0,-53.1024,"-6.00000 -5.60000 0.90000, -5.05000 2.95000 0.10000"
2178,0.0000,Tx-Rx,0,-52.4636,"-6.00000 -5.60000 0.90000, -4.75000 2.95000 0.10000"
2179,0.0000,Tx-Rx,0,-52.7155,"-6.00000 -5.60000 0.90000, -4.45000 2.95000 0.10000"
2180,0.0000,Tx-Rx,0,-54.3270,"-6.00000 -5.60000 0.90000, -4.15000 2.95000 0.10000"
2181,0.0000,Tx-Rx,0,-56.1395,"-6.00000 -5.60000 0.90000, -3.85000 2.95000 0.10000"
2182,0.0000,Tx-Rx,0,-58.6474,"-6.00000 -5.60000 0.90000, -3.55000 2.95000 0.10000"
2183,0.0000,Tx-Rx,0,-57.4682,"-6.00000 -5.60000 0.90000, -3.25000 2.95000 0.10000"
2184,0.0000,Tx-Rx,0,-56.7837,"-6.00000 -5.60000 0.90000, -2.95000 2.95000 0.10000"
2185,0.0000,Tx-Rx,0,-56.9217,"-6.00000 -5.60000 0.90000, -2.65000 2.95000 0.10000"
2186,0.0000,Tx-Rx,0,-54.0977,"-6.00000 -5.60000 0.90000, -2.35000 2.95000 0.10000"
2187,0.0000,Tx-Rx,0,-52.6288,"-6.00000 -5.60000 0.90000, -2.05000 2.95000 0.10000"
2188,0.0000,Tx-Rx,0,-51.5125,"-6.00000 -5.60000 0.90000, -1.75000 2.95000 0.10000"
2189,0.0000,Tx-Rx,0,-56.2374,"-6.00000 -5.60000 0.90000, -1.45000 2.95000 0.10000"
2190,0.0000,Tx-Rx,0,-59.6262,"-6.00000 -5.60000 0.90000, -1.15000 2.95000 0.10000"
2191,0.0000,Tx-Rx,0,-66.6475,"-6.00000 -5.60000 0.90000, -0.85000 2.95000 0.10000"
2192,0.0000,Tx-Rx,0,-70.8374,"-6.00000 -5.60000 0.90000, -0.55000 2.95000 0.10000"
2193,0.0000,Tx-Rx,0,-71.2057,"-6.00000 -5.60000 0.90000, -0.25000 2.95000 0.10000"
2194,0.0000,Tx-Rx,0,-63.8764,"-6.00000 -5.60000 0.90000, 0.05000 2.95000 0.10000"
2195,0.0000,Tx-Rx,0,-55.8032,"-6.00000 -5.60000 0.90000, 0.35000 2.95000 0.10000"
2196,0.0000,Tx-Rx,0,-54.9891,"-6.00000 -5.60000 0.90000, 0.65000 2.95000 0.10000"
2197,0.0000,Tx-Rx,0,-55.0233,"-6.00000 -5.60000 0.90000, 0.95000 2.95000 0.10000"
2198,0.0000,Tx-Rx,0,-55.1477,"-6.00000 -5.60000 0.90000, 1.25000 2.95000 0.10000"
2199,0.0000,Tx-Rx,0,-54.1391,"-6.00000 -5.60000 0.90000, 1.55000 2.95000 0.10000"
2200,0.0000,Tx-Rx,0,-54.7704,"-6.00000 -5.60000 0.90000, 1.85000 2.95000 0.10000"
2201,0.0000,Tx-Rx,0,-57.4293,"-6.00000 -5.60000 0.90000, 2.15000 2.95000 0.10000"
2202,0.0000,Tx-Rx,0,-62.8156,"-6.00000 -5.60000 0.90000, 2.45000 2.95000 0.10000"
2203,0.0000,Tx-Rx,0,-63.8363,"-6.00000 -5.60000 0.90000, 2.75000 2.95000 0.10000"
2204,0.0000,Tx-Rx,0,-67.7334,"-6.00000 -5.60000 0.90000, 3.05000 2.95000 0.10000"
2205,0.0000,Tx-Rx,0,-65.1552,"-6.00000 -5.60000 0.90000, 3.35000 2.95000 0.10000"
2206,0.0000,Tx-Rx,0,-67.4515,"-6.00000 -5.60000 0.90000, 3.65000 2.95000 0.10000"
2207,0.0000,Tx-Rx,0,-66.2869,"-6.00000 -5.60000 0.90000, 3.95000 2.95000 0.10000"
2208,0.0000,Tx-Rx,0,-67.5966,"-6.00000 -5.60000 0.90000, 4.25000 2.95000 0.10000"
2209,0.0000,Tx-Rx,0,-73.6762,"-6.00000 -5.60000 0.90000, 4.55000 2.95000 0.10000"
2210,0.0000,Tx-Rx,0,-75.7838,"-6.00000 -5.60000 0.90000, 4.85000 2.95000 0.10000"
2211,0.0000,Tx-Rx,0,-76.0017,"-6.00000 -5.60000 0.90000, 5.15000 2.95000 0.10000"
2212,0.0000,Tx-Rx,0,-75.0496,"-6.00000 -5.60000 0.90000, 5.45000 2.95000 0.10000"
2213,0.0000,Tx-Rx,0,-75.0613,"-6.00000 -5.60000 0.90000, 5.75000 2.95000 0.10000"
2214,0.0000,Tx-Rx,0,-76.4617,"-6.00000 -5.60000 0.90000, 6.05000 2.95000 0.10000"
2215,0.0000,Tx-Rx,0,-74.0757,"-6.00000 -5.60000 0.90000, 6.35000 2.95000 0.10000"
2216,0.0000,Tx-Rx,0,-71.3927,"-6.00000 -5.60000 0.90000, 6.65000 2.95000 0.10000"
2217,0.0000,Tx-Rx,0,-73.1985,"-6.00000 -5.60000 0.90000, 6.95000 2.95000 0.10000"
2218,0.0000,Tx-Rx,0,-77.8661,"-6.00000 -5.60000 0.90000, 7.25000 2.95000 0.10000"
2219,0.0000,Tx-Rx,0,-76.0955,"-6.00000 -5.60000 0.90000, 7.55000 2.95000 0.10000"
2220,0.0000,Tx-Rx,0,-74.5402,"-6.00000 -5.60000 0.90000, 7.85000 2.95000 0.10000"
2221,0.0000,Tx-Rx,0,-89.4775,"-6.00000 -5.60000 0.90000, -9.85000 3.25000 0.10000"
2222,0.0000,Tx-Rx,0,-86.6515,"-6.00000 -5.60000 0.90000, -9.55000 3.25000 0.10000"
2223,0.0000,Tx-Rx,0,-86.7132,"-6.00000 -5.60000 0.90000, -9.25000 3.25000 0.10000"
2224,0.0000,Tx-Rx,0,-79.4530,"-6.00000 -5.60000 0.90000, -8.95000 3.25000 0.10000"
2225,0.0000,Tx-Rx,0,-78.7723,"-6.00000 -5.60000 0.90000, -8.65000 3.25000 0.10000"
2226,0.0000,Tx-Rx,0,-82.9782,"-6.00000 -5.60000 0.90000, -8.35000 3.25000 0.10000"
2227,0.0000,Tx-Rx,0,-56.4467,"-6.00000 -5.60000 0.90000, -8.05000 3.25000 0.10000"
2228,0.0000,Tx-Rx,0,-52.0128,"-6.00000 -5.60000 0.90000, -7.75000 3.25000 0.10000"
2229,0.0000,Tx-Rx,0,-53.4786,"-6.00000 -5.60000 0.90000, -7.45000 3.25000 0.10000"
2230,0.0000,Tx-Rx,0,-52.4143,"-6.00000 -5.60000 0.90000, -7.15000 3.25000 0.10000"
2231,0.0000,Tx-Rx,0,-51.0870,"-6.00000 -5.60000 0.90000, -6.85000 3.25000 0.10000"
2232,0.0000,Tx-Rx,0,-52.6783,"-6.00000 -5.60000 0.90000, -6.55000 3.25000 0.10000"
2233,0.0000,Tx-Rx,0,-52.7330,"-6.00000 -5.60000 0.90000, -6.25000 3.25000 0.10000"
2234,0.0000,Tx-Rx,0,-52.1740,"-6.00000 -5.60000 0.90000, -5.95000 3.25000 0.10000"
2235,0.0000,Tx-Rx,0,-53.0581,"-6.00000 -5.60000 0.90000, -5.65000 3.25000 0.10000"
2236,0.0000,Tx-Rx,0,-53.2895,"-6.00000 -5.60000 0.90000, -5.35000 3.25000 0.10000"
2237,0.0000,Tx-Rx,0,-53.2184,"-6.00000 -5.60000 0.90000, -5.05000 3.25000 0.10000"
2238,0.0000,Tx-Rx,0,-52.6532,"-6.00000 -5.60000 0.90000, -4.75000 3.25000 0.10000"
2239,0.0000,Tx-Rx,0,-53.0223,"-6.00000 -5.60000 0.90000, -4.45000 3.25000 0.10000"
2240,0.0000,Tx-Rx,0,-54.0628,"-6.00000 -5.60000 0.90000, -4.15000 3.25000 0.10000"
2241,0.0000,Tx-Rx,0,-57.3061,"-6.00000 -5.60000 0.90000, -3.85000 3.25000 0.10000"
2242,0.0000,Tx-Rx,0,-58.5291,"-6.00000 -5.60000 0.90000, -3.55000 3.25000 0.10000"
2243,0.0000,Tx-Rx,0,-58.6964,"-6.00000 -5.60000 0.90000, -3.25000 3.25000 0.10000"
2244,0.0000,Tx-Rx,0,-56.5983,"-6.00000 -5.60000 0.90000, -2.95000 3.25000 0.10000"
2245,0.0000,Tx-Rx,0,-57.7348,"-6.00000 -5.60000 0.90000, -2.65000 3.25000 0.10000"
2246,0.0000,Tx-Rx,0,-54.1708,"-6.00000 -5.60000 0.90000, -2.35000 3.25000 0.10000"
2247,0.0000,Tx-Rx,0,-51.6244,"-6.00000 -5.60000 0.90000, -2.05000 3.25000 0.10000"
2248,0.0000,Tx-Rx,0,-53.2761,"-6.00000 -5.60000 0.90000, -1.75000 3.25000 0.10000"
2249,0.0000,Tx-Rx,0,-55.6227,"-6.00000 -5.60000 0.90000, -1.45000 3.25000 0.10000"
2250,0.0000,Tx-Rx,0,-59.5366,"-6.00000 -5.60000 0.90000, -1.15000 3.25000 0.10000"
2251,0.0000,Tx-Rx,0,-63.7276,"-6.00000 -5.60000 0.90000, -0.85000 3.25000 0.10000"
2252,0.0000,Tx-Rx,0,-67.8615,"-6.00000 -5.60000 0.90000, -0.55000 3.25000 0.10000"
2253,0.0000,Tx-Rx,0,-69.1644,"-6.00000 -5.60000 0.90000, -0.25000 3.25000 0.10000"
2254,0.0000,Tx-Rx,0,-65.4784,"-6.00000 -5.60000 0.90000, 0.05000 3.25000 0.10000"
2255,0.0000,Tx-Rx,0,-61.5590,"-6.00000 -5.60000 0.90000, 0.35000 3.25000 0.10000"
2256,0.0000,Tx-Rx,0,-55.2254,"-6.00000 -5.60000 0.90000, 0.65000 3.25000 0.10000"
2257,0.0000,Tx-Rx,0,-55.2197,"-6.00000 -5.60000 0.90000, 0.95000 3.25000 0.10000"
2258,0.0000,Tx-Rx,0,-55.3494,"-6.00000 -5.60000 0.90000, 1.25000 3.25000 0.10000"
2259,0.0000,Tx-Rx,0,-55.0349,"-6.00000 -5.60000 0.90000, 1.55000 3.25000 0.10000"
2260,0.0000,Tx-Rx,0,-54.1581,"-6.00000 -5.60000 0.90000, 1.85000 3.25000 0.10000"
2261,0.0000,Tx-Rx,0,-54.4531,"-6.00000 -5.60000 0.90000, 2.15000 3.25000 0.10000"
2262,0.0000,Tx-Rx,0,-57.9178,"-6.00000 -5.60000 0.90000, 2.45000 3.25000 0.10000"
2263,0.0000,Tx-Rx,0,-68.1347,"-6.00000 -5.60000 0.90000, 2.75000 3.25000 0.10000"
2264,0.0000,Tx-Rx,0,-69.9772,"-6.00000 -5.60000 0.90000, 3.05000 3.25000 0.10000"
2265,0.0000,Tx-Rx,0,-68.5151,"-6.00000 -5.60000 0.90000, 3.35000 3.25000 0.10000"
2266,0.0000,Tx-Rx,0,-64.4461,"-6.00000 -5.60000 0.90000, 3.65000 3.25000 0.10000"
2267,0.0000,Tx-Rx,0,-64.4521,"-6.00000 -5.60000 0.90000, 3.95000 3.25000 0.10000"
2268,0.0000,Tx-Rx,0,-70.8674,"-6.00000 -5.60000 0.90000, 4.25000 3.25000 0.10000"
2269,0.0000,Tx-Rx,0,-73.3346,"-6.00000 -5.60000 0.90000, 4.55000 3.25000 0.10000"
2270,0.0000,Tx-Rx,0,-74.2659,"-6.00000 -5.60000 0.90000, 4.85000 3.25000 0.10000"
2271,0.0000,Tx-Rx,0,-74.9435,"-6.00000 -5.60000 0.90000, 5.15000 3.25000 0.10000"
2272,0.0000,Tx-Rx,0,-75.2212,"-6.00000 -5.60000 0.90000, 5.45000 3.25000 0.10000"
2273,0.0000,Tx-Rx,0,-73.5468,"-6.00000 -5.60000 0.90000, 5.75000 3.25000 0.10000"
2274,0.0000,Tx-Rx,0,-70.9206,"-6.00000 -5.60000 0.90000, 6.05000 3.25000 0.10000"
2275,0.0000,Tx-Rx,0,-71.3144,"-6.00000 -5.60000 0.90000, 6.35000 3.25000 0.10000"
2276,0.0000,Tx-Rx,0,-76.3107,"-6.00000 -5.60000 0.90000, 6.65000 3.25000 0.10000"
2277,0.0000,Tx-Rx,0,-79.3141,"-6.00000 -5.60000 0.90000, 6.95000 3.25000 0.10000"
2278,0.0000,Tx-Rx,0,-78.4675,"-6.00000 -5.60000 0.90000, 7.25000 3.25000 0.10000"
2279,0.0000,Tx-Rx,0,-79.0745,"-6.00000 -5.60000 0.90000, 7.55000 3.25000 0.10000"
2280,0.0000,Tx-Rx,0,-78.3821,"-6.00000 -5.60000 0.90000, 7.85000 3.25000 0.10000"
2281,0.0000,Tx-Rx,0,-87.3970,"-6.00000 -5.60000 0.90000, -9.85000 3.55000 0.10000"
2282,0.0000,Tx-Rx,0,-86.3069,"-6.00000 -5.60000 0.90000, -9.55000 3.55000 0.10000"
2283,0.0000,Tx-Rx,0,-84.3813,"-6.00000 -5.60000 0.90000, -9.25000 3.55000 0.10000"
2284,0.0000,Tx-Rx,0,-81.9630,"-6.00000 -5.60000 0.90000, -8.95000 3.55000 0.10000"
2285,0.0000,Tx-Rx,0,-80.4104,"-6.00000 -5.60000 0.90000, -8.65000 3.55000 0.10000"
2286,0.0000,Tx-Rx,0,-85.6135,"-6.00000 -5.60000 0.90000, -8.35000 3.55000 0.10000"
2287,0.0000,Tx-Rx,0,-56.5750,"-6.00000 -5.60000 0.90000, -8.05000 3.55000 0.10000"
2288,0.0000,Tx-Rx,0,-52.0022,"-6.00000 -5.60000 0.90000, -7.75000 3.55000 0.10000"
2289,0.0000,Tx-Rx,0,-53.5849,"-6.00000 -5.60000 0.90000, -7.45000 3.55000 0.10000"
2290,0.0000,Tx-Rx,0,-53.4418,"-6.00000 -5.60000 0.90000, -7.15000 3.55000 0.10000"
2291,0.0000,Tx-Rx,0,-51.3041,"-6.00000 -5.60000 0.90000, -6.85000 3.55000 0.10000"
2292,0.0000,Tx-Rx,0,-51.6364,"-6.00000 -5.60000 0.90000, -6.55000 3.55000 0.10000"
2293,0.0000,Tx-Rx,0,-52.6951,"-6.00000 -5.60000 0.90000, -6.25000 3.55000 0.10000"
2294,0.0000,Tx-Rx,0,-52.8793,"-6.00000 -5.60000 0.90000, -5.95000 3.55000 0.10000"
2295,0.0000,Tx-Rx,0,-53.2687,"-6.00000 -5.60000 0.90000, -5.65000 3.55000 0.10000"
2296,0.0000,Tx-Rx,0,-53.5075,"-6.00000 -5.60000 0.90000, -5.35000 3.55000 0.10000"
2297,0.0000,Tx-Rx,0,-53.4307,"-6.00000 -5.60000 0.90000, -5.05000 3.55000 0.10000"
2298,0.0000,Tx-Rx,0,-53.3577,"-6.00000 -5.60000 0.90000, -4.75000 3.55000 0.10000"
2299,0.0000,Tx-Rx,0,-53.3212,"-6.00000 -5.60000 0.90000, -4.45000 3.55000 0.10000"
2300,0.0000,Tx-Rx,0,-53.6707,"-6.00000 -5.60000 0.90000, -4.15000 3.55000 0.10000"
2301,0.0000,Tx-Rx,0,-57.1768,"-6.00000 -5.60000 0.90000, -3.85000 3.55000 0.10000"
2302,0.0000,Tx-Rx,0,-58.4786,"-6.00000 -5.60000 0.90000, -3.55000 3.55000 0.10000"
2303,0.0000,Tx-Rx,0,-59.9655,"-6.00000 -5.60000 0.90000, -3.25000 3.55000 0.10000"
2304,0.0000,Tx-Rx,0,-59.0069,"-6.00000 -5.60000 0.90000, -2.95000 3.55000 0.10000"
2305,0.0000,Tx-Rx,0,-57.2961,"-6.00000 -5.60000 0.90000, -2.65000 3.55000 0.10000"
2306,0.0000,Tx-Rx,0,-53.7405,"-6.00000 -5.60000 0.90000, -2.35000 3.55000 0.10000"
2307,0.0000,Tx-Rx,0,-53.4166,"-6.00000 -5.60000 0.90000, -2.05000 3.55000 0.10000"
2308,0.0000,Tx-Rx,0,-55.0586,"-6.00000 -5.60000 0.90000, -1.75000 3.55000 0.10000"
2309,0.0000,Tx-Rx,0,-56.4975,"-6.00000 -5.60000 0.90000, -1.45000 3.55000 0.10000"
2310,0.0000,Tx-Rx,0,-60.3475,"-6.00000 -5.60000 0.90000, -1.15000 3.55000 0.10000"
2311,0.0000,Tx-Rx,0,-62.0859,"-6.00000 -5.60000 0.90000, -0.85000 3.55000 0.10000"
2312,0.0000,Tx-Rx,0,-66.1777,"-6.00000 -5.60000 0.90000, -0.55000 3.55000 0.10000"
2313,0.0000,Tx-Rx,0,-69.6881,"-6.00000 -5.60000 0.90000, -0.25000 3.55000 0.10000"
2314,0.0000,Tx-Rx,0,-68.7988,"-6.00000 -5.60000 0.90000, 0.05000 3.55000 0.10000"
2315,0.0000,Tx-Rx,0,-63.9800,"-6.00000 -5.60000 0.90000, 0.35000 3.55000 0.10000"
2316,0.0000,Tx-Rx,0,-59.1708,"-6.00000 -5.60000 0.90000, 0.65000 3.55000 0.10000"
2317,0.0000,Tx-Rx,0,-55.1123,"-6.00000 -5.60000 0.90000, 0.95000 3.55000 0.10000"
2318,0.0000,Tx-Rx,0,-55.3462,"-6.00000 -5.60000 0.90000, 1.25000 3.55000 0.10000"
2319,0.0000,Tx-Rx,0,-55.0833,"-6.00000 -5.60000 0.90000, 1.55000 3.55000 0.10000"
2320,0.0000,Tx-Rx,0,-54.8240,"-6.00000 -5.60000 0.90000, 1.85000 3.55000 0.10000"
2321,0.0000,Tx-Rx,0,-54.2904,"-6.00000 -5.60000 0.90000, 2.15000 3.55000 0.10000"
2322,0.0000,Tx-Rx,0,-55.8847,"-6.00000 -5.60000 0.90000, 2.45000 3.55000 0.10000"
2323,0.0000,Tx-Rx,0,-59.7685,"-6.00000 -5.60000 0.90000, 2.75000 3.55000 0.10000"
2324,0.0000,Tx-Rx,0,-70.2569,"-6.00000 -5.60000 0.90000, 3.05000 3.55000 0.10000"
2325,0.0000,Tx-Rx,0,-67.4745,"-6.00000 -5.60000 0.90000, 3.35000 3.55000 0.10000"
2326,0.0000,Tx-Rx,0,-66.9597,"-6.00000 -5.60000 0.90000, 3.65000 3.55000 0.10000"
2327,0.0000,Tx-Rx,0,-69.0157,"-6.00000 -5.60000 0.90000, 3.95000 3.55000 0.10000"
2328,0.0000,Tx-Rx,0,-66.0666,"-6.00000 -5.60000 0.90000, 4.25000 3.55000 0.10000"
2329,0.0000,Tx-Rx,0,-68.0486,"-6.00000 -5.60000 0.90000, 4.55000 3.55000 0.10000"
2330,0.0000,Tx-Rx,0,-72.8161,"-6.00000 -5.60000 0.90000, 4.85000 3.55000 0.10000"
2331,0.0000,Tx-Rx,0,-72.7957,"-6.00000 -5.60000 0.90000, 5.15000 3.55000 0.10000"
2332,0.0000,Tx-Rx,0,-71.5053,"-6.00000 -5.60000 0.90000, 5.45000 3.55000 0.10000"
2333,0.0000,Tx-Rx,0,-70.5643,"-6.00000 -5.60000 0.90000, 5.75000 3.55000 0.10000"
2334,0.0000,Tx-Rx,0,-73.1093,"-6.00000 -5.60000 0.90000, 6.05000 3.55000 0.10000"
2335,0.0000,Tx-Rx,0,-77.5905,"-6.00000 -5.60000 0.90000, 6.35000 3.55000 0.10000"
2336,0.0000,Tx-Rx,0,-76.9082,"-6.00000 -5.60000 0.90000, 6.65000 3.55000 0.10000"
2337,0.0000,Tx-Rx,0,-77.0795,"-6.00000 -5.60000 0.90000, 6.95000 3.55000 0.10000"
2338,0.0000,Tx-Rx,0,-77.9622,"-6.00000 -5.60000 0.90000, 7.25000 3.55000 0.10000"
2339,0.0000,Tx-Rx,0,-78.9940,"-6.00000 -5.60000 0.90000, 7.55000 3.55000 0.10000"
2340,0.0000,Tx-Rx,0,-78.7259,"-6.00000 -5.60000 0.90000, 7.85000 3.55000 0.10000"
2341,0.0000,Tx-Rx,0,-86.8223,"-6.00000 -5.60000 0.90000, -9.85000 3.85000 0.10000"
2342,0.0000,Tx-Rx,0,-88.1140,"-6.00000 -5.60000 0.90000, -9.55000 3.85000 0.10000"
2343,0.0000,Tx-Rx,0,-81.0617,"-6.00000 -5.60000 0.90000, -9.25000 3.85000 0.10000"
2344,0.0000,Tx-Rx,0,-80.5506,"-6.00000 -5.60000 0.90000, -8.95000 3.85000 0.10000"
2345,0.0000,Tx-Rx,0,-79.8257,"-6.00000 -5.60000 0.90000, -8.65000 3.85000 0.10000"
2346,0.0000,Tx-Rx,0,-85.5368,"-6.00000 -5.60000 0.90000, -8.35000 3.85000 0.10000"
2347,0.0000,Tx-Rx,0,-56.9806,"-6.00000 -5.60000 0.90000, -8.05000 3.85000 0.10000"
2348,0.0000,Tx-Rx,0,-52.1573,"-6.00000 -5.60000 0.90000, -7.75000 3.85000 0.10000"
2349,0.0000,Tx-Rx,0,-53.3570,"-6.00000 -5.60000 0.90000, -7.45000 3.85000 0.10000"
2350,0.0000,Tx-Rx,0,-53.7266,"-6.00000 -5.60000 0.90000, -7.15000 3.85000 0.10000"
2351,0.0000,Tx-Rx,0,-51.9536,"-6.00000 -5.60000 0.90000, -6.85000 3.85000 0.10000"
2352,0.0000,Tx-Rx,0,-51.1444,"-6.00000 -5.60000 0.90000, -6.55000 3.85000 0.10000"
2353,0.0000,Tx-Rx,0,-52.5262,"-6.00000 -5.60000 0.90000, -6.25000 3.85000 0.10000"
2354,0.0000,Tx-Rx,0,-53.4455,"-6.00000 -5.60000 0.90000, -5.95000 3.85000 0.10000"
2355,0.0000,Tx-Rx,0,-53.6190,"-6.00000 -5.60000 0.90000, -5.65000 3.85000 0.10000"
2356,0.0000,Tx-Rx,0,-53.7702,"-6.00000 -5.60000 0.90000, -5.35000 3.85000 0.10000"
2357,0.0000,Tx-Rx,0,-53.6021,"-6.00000 -5.60000 0.90000, -5.05000 3.85000 0.10000"
2358,0.0000,Tx-Rx,0,-53.7999,"-6.00000 -5.60000 0.90000, -4.75000 3.85000 0.10000"
2359,0.0000,Tx-Rx,0,-53.4926,"-6.00000 -5.60000 0.90000, -4.45000 3.85000 0.10000"
2360,0.0000,Tx-Rx,0,-54.1671,"-6.00000 -5.60000 0.90000, -4.15000 3.85000 0.10000"
2361,0.0000,Tx-Rx,0,-57.0650,"-6.00000 -5.60000 0.90000, -3.85000 3.85000 0.10000"
2362,0.0000,Tx-Rx,0,-58.3304,"-6.00000 -5.60000 0.90000, -3.55000 3.85000 0.10000"
2363,0.0000,Tx-Rx,0,-63.0664,"-6.00000 -5.60000 0.90000, -3.25000 3.85000 0.10000"
2364,0.0000,Tx-Rx,0,-61.6574,"-6.00000 -5.60000 0.90000, -2.95000 3.85000 0.10000"
2365,0.0000,Tx-Rx,0,-55.4557,"-6.00000 -5.60000 0.90000, -2.65000 3.85000 0.10000"
2366,0.0000,Tx-Rx,0,-54.4360,"-6.00000 -5.60000 0.90000, -2.35000 3.85000 0.10000"
2367,0.0000,Tx-Rx,0,-56.9341,"-6.00000 -5.60000 0.90000, -2.05000 3.85000 0.10000"
2368,0.0000,Tx-Rx,0,-57.6131,"-6.00000 -5.60000 0.90000, -1.75000 3.85000 0.10000"
2369,0.0000,Tx-Rx,0,-59.2783,"-6.00000 -5.60000 0.90000, -1.45000 3.85000 0.10000"
2370,0.0000,Tx-Rx,0,-61.3583,"-6.00000 -5.60000 0.90000, -1.15000 3.85000 0.10000"
2371,0.0000,Tx-Rx,0,-61.4245,"-6.00000 -5.60000 0.90000, -0.85000 3.85000 0.10000"
2372,0.0000,Tx-Rx,0,-63.7961,"-6.00000 -5.60000 0.90000, -0.55000 3.85000 0.10000"
2373,0.0000,Tx-Rx,0,-66.8051,"-6.00000 -5.60000 0.90000, -0.25000 3.85000 0.10000"
2374,0.0000,Tx-Rx,0,-71.3827,"-6.00000 -5.60000 0.90000, 0.05000 3.85000 0.10000"
2375,0.0000,Tx-Rx,0,-66.5161,"-6.00000 -5.60000 0.90000, 0.35000 3.85000 0.10000"
2376,0.0000,Tx-Rx,0,-64.2290,"-6.00000 -5.60000 0.90000, 0.65000 3.85000 0.10000"
2377,0.0000,Tx-Rx,0,-57.1330,"-6.00000 -5.60000 0.90000, 0.95000 3.85000 0.10000"
2378,0.0000,Tx-Rx,0,-54.7371,"-6.00000 -5.60000 0.90000, 1.25000 3.85000 0.10000"
2379,0.0000,Tx-Rx,0,-54.8886,"-6.00000 -5.60000 0.90000, 1.55000 3.85000 0.10000"
2380,0.0000,Tx-Rx,0,-55.3505,"-6.00000 -5.60000 0.90000, 1.85000 3.85000 0.10000"
2381,0.0000,Tx-Rx,0,-55.5675,"-6.00000 -5.60000 0.90000, 2.15000 3.85000 0.10000"
2382,0.0000,Tx-Rx,0,-54.6020,"-6.00000 -5.60000 0.90000, 2.45000 3.85000 0.10000"
2383,0.0000,Tx-Rx,0,-56.6704,"-6.00000 -5.60000 0.90000, 2.75000 3.85000 0.10000"
2384,0.0000,Tx-Rx,0,-59.7511,"-6.00000 -5.60000 0.90000, 3.05000 3.85000 0.10000"
2385,0.0000,Tx-Rx,0,-66.7729,"-6.00000 -5.60000 0.90000, 3.35000 3.85000 0.10000"
2386,0.0000,Tx-Rx,0,-73.5351,"-6.00000 -5.60000 0.90000, 3.65000 3.85000 0.10000"
2387,0.0000,Tx-Rx,0,-72.6095,"-6.00000 -5.60000 0.90000, 3.95000 3.85000 0.10000"
2388,0.0000,Tx-Rx,0,-71.1739,"-6.00000 -5.60000 0.90000, 4.25000 3.85000 0.10000"
2389,0.0000,Tx-Rx,0,-67.2866,"-6.00000 -5.60000 0.90000, 4.55000 3.85000 0.10000"
2390,0.0000,Tx-Rx,0,-65.9467,"-6.00000 -5.60000 0.90000, 4.85000 3.85000 0.10000"
2391,0.0000,Tx-Rx,0,-68.1483,"-6.00000 -5.60000 0.90000, 5.15000 3.85000 0.10000"
2392,0.0000,Tx-Rx,0,-71.1449,"-6.00000 -5.60000 0.90000, 5.45000 3.85000 0.10000"
2393,0.0000,Tx-Rx,0,-74.3125,"-6.00000 -5.60000 0.90000, 5.75000 3.85000 0.10000"
2394,0.0000,Tx-Rx,0,-75.9886,"-6.00000 -5.60000 0.90000, 6.05000 3.85000 0.10000"
2395,0.0000,Tx-Rx,0,-76.3627,"-6.00000 -5.60000 0.90000, 6.35000 3.85000 0.10000"
2396,0.0000,Tx-Rx,0,-79.4194,"-6.00000 -5.60000 0.90000, 6.65000 3.85000 0.10000"
2397,0.0000,Tx-Rx,0,-80.3247,"-6.00000 -5.60000 0.90000, 6.95000 3.85000 0.10000"
2398,0.0000,Tx-Rx,0,-78.1897,"-6.00000 -5.60000 0.90000, 7.25000 3.85000 0.10000"
2399,0.0000,Tx-Rx,0,-77.1265,"-6.00000 -5.60000 0.90000, 7.55000 3.85000 0.10000"
2400,0.0000,Tx-Rx,0,-78.2546,"-6.00000 -5.60000 0.90000, 7.85000 3.85000 0.10000"
2401,0.0000,Tx-Rx,0,-87.3552,"-6.00000 -5.60000 0.90000, -9.85000 4.15000 0.10000"
2402,0.0000,Tx-Rx,0,-86.1116,"-6.00000 -5.60000 0.90000, -9.55000 4.15000 0.10000"
2403,0.0000,Tx-Rx,0,-83.0166,"-6.00000 -5.60000 0.90000, -9.25000 4.15000 0.10000"
2404,0.0000,Tx-Rx,0,-80.2936,"-6.00000 -5.60000 0.90000, -8.95000 4.15000 0.10000"
2405,0.0000,Tx-Rx,0,-81.2332,"-6.00000 -5.60000 0.90000, -8.65000 4.15000 0.10000"
2406,0.0000,Tx-Rx,0,-89.3622,"-6.00000 -5.60000 0.90000, -8.35000 4.15000 0.10000"
2407,0.0000,Tx-Rx,0,-56.8479,"-6.00000 -5.60000 0.90000, -8.05000 4.15000 0.10000"
2408,0.0000,Tx-Rx,0,-52.2538,"-6.00000 -5.60000 0.90000, -7.75000 4.15000 0.10000"
2409,0.0000,Tx-Rx,0,-52.8701,"-6.00000 -5.60000 0.90000, -7.45000 4.15000 0.10000"
2410,0.0000,Tx-Rx,0,-53.7423,"-6.00000 -5.60000 0.90000, -7.15000 4.15000 0.10000"
2411,0.0000,Tx-Rx,0,-52.9443,"-6.00000 -5.60000 0.90000, -6.85000 4.15000 0.10000"
2412,0.0000,Tx-Rx,0,-51.0874,"-6.00000 -5.60000 0.90000, -6.55000 4.15000 0.10000"
2413,0.0000,Tx-Rx,0,-51.9694,"-6.00000 -5.60000 0.90000, -6.25000 4.15000 0.10000"
2414,0.0000,Tx-Rx,0,-53.5623,"-6.00000 -5.60000 0.90000, -5.95000 4.15000 0.10000"
2415,0.0000,Tx-Rx,0,-53.9861,"-6.00000 -5.60000 0.90000, -5.65000 4.15000 0.10000"
2416,0.0000,Tx-Rx,0,-53.8835,"-6.00000 -5.60000 0.90000, -5.35000 4.15000 0.10000"
2417,0.0000,Tx-Rx,0,-53.6652,"-6.00000 -5.60000 0.90000, -5.05000 4.15000 0.10000"
2418,0.0000,Tx-Rx,0,-53.6681,"-6.00000 -5.60000 0.90000, -4.75000 4.15000 0.10000"
2419,0.0000,Tx-Rx,0,-53.5536,"-6.00000 -5.60000 0.90000, -4.45000 4.15000 0.10000"
2420,0.0000,Tx-Rx,0,-54.3873,"-6.00000 -5.60000 0.90000, -4.15000 4.15000 0.10000"
2421,0.0000,Tx-Rx,0,-57.3845,"-6.00000 -5.60000 0.90000, -3.85000 4.15000 0.10000"
2422,0.0000,Tx-Rx,0,-59.9102,"-6.00000 -5.60000 0.90000, -3.55000 4.15000 0.10000"
2423,0.0000,Tx-Rx,0,-61.5439,"-6.00000 -5.60000 0.90000, -3.25000 4.15000 0.10000"
2424,0.0000,Tx-Rx,0,-59.3413,"-6.00000 -5.60000 0.90000, -2.95000 4.15000 0.10000"
2425,0.0000,Tx-Rx,0,-54.9270,"-6.00000 -5.60000 0.90000, -2.65000 4.15000 0.10000"
2426,0.0000,Tx-Rx,0,-57.0189,"-6.00000 -5.60000 0.90000, -2.35000 4.15000 0.10000"
2427,0.0000,Tx-Rx,0,-57.5974,"-6.00000 -5.60000 0.90000, -2.05000 4.15000 0.10000"
2428,0.0000,Tx-Rx,0,-58.0018,"-6.00000 -5.60000 0.90000, -1.75000 4.15000 0.10000"
2429,0.0000,Tx-Rx,0,-59.1568,"-6.00000 -5.60000 0.90000, -1.45000 4.15000 0.10000"
2430,0.0000,Tx-Rx,0,-60.0933,"-6.00000 -5.60000 0.90000, -1.15000 4.15000 0.10000"
2431,0.0000,Tx-Rx,0,-64.5358,"-6.00000 -5.60000 0.90000, -0.85000 4.15000 0.10000"
2432,0.0000,Tx-Rx,0,-62.5286,"-6.00000 -5.60000 0.90000, -0.55000 4.15000 0.10000"
2433,0.0000,Tx-Rx,0,-64.9874,"-6.00000 -5.60000 0.90000, -0.25000 4.15000 0.10000"
2434,0.0000,Tx-Rx,0,-70.2579,"-6.00000 -5.60000 0.90000, 0.05000 4.15000 0.10000"
2435,0.0000,Tx-Rx,0,-74.2024,"-6.00000 -5.60000 0.90000, 0.35000 4.15000 0.10000"
2436,0.0000,Tx-Rx,0,-72.2656,"-6.00000 -5.60000 0.90000, 0.65000 4.15000 0.10000"
2437,0.0000,Tx-Rx,0,-77.2858,"-6.00000 -5.60000 0.90000, 0.95000 4.15000 0.10000"
2438,0.0000,Tx-Rx,0,-78.1792,"-6.00000 -5.60000 0.90000, 1.25000 4.15000 0.10000"
2439,0.0000,Tx-Rx,0,-77.7866,"-6.00000 -5.60000 0.90000, 1.55000 4.15000 0.10000"
2440,0.0000,Tx-Rx,0,-81.0386,"-6.00000 -5.60000 0.90000, 1.85000 4.15000 0.10000"
2441,0.0000,Tx-Rx,0,-59.0056,"-6.00000 -5.60000 0.90000, 2.15000 4.15000 0.10000"
2442,0.0000,Tx-Rx,0,-55.4287,"-6.00000 -5.60000 0.90000, 2.45000 4.15000 0.10000"
2443,0.0000,Tx-Rx,0,-55.6294,"-6.00000 -5.60000 0.90000, 2.75000 4.15000 0.10000"
2444,0.0000,Tx-Rx,0,-57.5556,"-6.00000 -5.60000 0.90000, 3.05000 4.15000 0.10000"
2445,0.0000,Tx-Rx,0,-70.5087,"-6.00000 -5.60000 0.90000, 3.35000 4.15000 0.10000"
2446,0.0000,Tx-Rx,0,-89.5711,"-6.00000 -5.60000 0.90000, 3.65000 4.15000 0.10000"
2447,0.0000,Tx-Rx,0,-73.1361,"-6.00000 -5.60000 0.90000, 3.95000 4.15000 0.10000"
2448,0.0000,Tx-Rx,0,-75.7124,"-6.00000 -5.60000 0.90000, 4.25000 4.15000 0.10000"
2449,0.0000,Tx-Rx,0,-80.7772,"-6.00000 -5.60000 0.90000, 4.55000 4.15000 0.10000"
2450,0.0000,Tx-Rx,0,-87.4529,"-6.00000 -5.60000 0.90000, 4.85000 4.15000 0.10000"
2451,0.0000,Tx-Rx,0,-87.1926,"-6.00000 -5.60000 0.90000, 5.15000 4.15000 0.10000"
2452,0.0000,Tx-Rx,0,-88.6215,"-6.00000 -5.60000 0.90000, 5.45000 4.15000 0.10000"
2453,0.0000,Tx-Rx,0,-90.1572,"-6.00000 -5.60000 0.90000, 5.75000 4.15000 0.10000"
2454,0.0000,Tx-Rx,0,-89.3222,"-6.00000 -5.60000 0.90000, 6.05000 4.15000 0.10000"
2455,0.0000,Tx-Rx,0,-90.5540,"-6.00000 -5.60000 0.90000, 6.35000 4.15000 0.10000"
2456,0.0000,Tx-Rx,0,-77.3871,"-6.00000 -5.60000 0.90000, 6.65000 4.15000 0.10000"
2457,0.0000,Tx-Rx,0,-79.5897,"-6.00000 -5.60000 0.90000, 6.95000 4.15000 0.10000"
2458,0.0000,Tx-Rx,0,-86.7108,"-6.00000 -5.60000 0.90000, 7.25000 4.15000 0.10000"
2459,0.0000,Tx-Rx,0,-87.4994,"-6.00000 -5.60000 0.90000, 7.55000 4.15000 0.10000"
2460,0.0000,Tx-Rx,0,-85.3970,"-6.00000 -5.60000 0.90000, 7.85000 4.15000 0.10000"
2461,0.0000,Tx-Rx,0,-88.7640,"-6.00000 -5.60000 0.90000, -9.85000 4.45000 0.10000"
2462,0.0000,Tx-Rx,0,-83.7899,"-6.00000 -5.60000 0.90000, -9.55000 4.45000 0.10000"
2463,0.0000,Tx-Rx,0,-80.4901,"-6.00000 -5.60000 0.90000, -9.25000 4.45000 0.10000"
2464,0.0000,Tx-Rx,0,-81.0744,"-6.00000 -5.60000 0.90000, -8.95000 4.45000 0.10000"
2465,0.0000,Tx-Rx,0,-83.5966,"-6.00000 -5.60000 0.90000, -8.65000 4.45000 0.10000"
2466,0.0000,Tx-Rx,0,-92.2893,"-6.00000 -5.60000 0.90000, -8.35000 4.45000 0.10000"
2467,0.0000,Tx-Rx,0,-56.6717,"-6.00000 -5.60000 0.90000, -8.05000 4.45000 0.10000"
2468,0.0000,Tx-Rx,0,-52.2516,"-6.00000 -5.60000 0.90000, -7.75000 4.45000 0.10000"
2469,0.0000,Tx-Rx,0,-52.6490,"-6.00000 -5.60000 0.90000, -7.45000 4.45000 0.10000"
2470,0.0000,Tx-Rx,0,-54.0591,"-6.00000 -5.60000 0.90000, -7.15000 4.45000 0.10000"
2471,0.0000,Tx-Rx,0,-53.5869,"-6.00000 -5.60000 0.90000, -6.85000 4.45000 0.10000"
2472,0.0000,Tx-Rx,0,-51.5775,"-6.00000 -5.60000 0.90000, -6.55000 4.45000 0.10000"
2473,0.0000,Tx-Rx,0,-51.4936,"-6.00000 -5.60000 0.90000, -6.25000 4.45000 0.10000"
2474,0.0000,Tx-Rx,0,-53.4982,"-6.00000 -5.60000 0.90000, -5.95000 4.45000 0.10000"
2475,0.0000,Tx-Rx,0,-54.0322,"-6.00000 -5.60000 0.90000, -5.65000 4.45000 0.10000"
2476,0.0000,Tx-Rx,0,-54.0827,"-6.00000 -5.60000 0.90000, -5.35000 4.45000 0.10000"
2477,0.0000,Tx-Rx,0,-53.7906,"-6.00000 -5.60000 0.90000, -5.05000 4.45000 0.10000"
2478,0.0000,Tx-Rx,0,-53.9895,"-6.00000 -5.60000 0.90000, -4.75000 4.45000 0.10000"
2479,0.0000,Tx-Rx,0,-53.8510,"-6.00000 -5.60000 0.90000, -4.45000 4.45000 0.10000"
2480,0.0000,Tx-Rx,0,-54.4350,"-6.00000 -5.60000 0.90000, -4.15000 4.45000 0.10000"
2481,0.0000,Tx-Rx,0,-57.5691,"-6.00000 -5.60000 0.90000, -3.85000 4.45000 0.10000"
2482,0.0000,Tx-Rx,0,-60.3438,"-6.00000 -5.60000 0.90000, -3.55000 4.45000 0.10000"
2483,0.0000,Tx-Rx,0,-59.3276,"-6.00000 -5.60000 0.90000, -3.25000 4.45000 0.10000"
2484,0.0000,Tx-Rx,0,-56.0620,"-6.00000 -5.60000 0.90000, -2.95000 4.45000 0.10000"
2485,0.0000,Tx-Rx,0,-57.1029,"-6.00000 -5.60000 0.90000, -2.65000 4.45000 0.10000"
2486,0.0000,Tx-Rx,0,-59.6444,"-6.00000 -5.60000 0.90000, -2.35000 4.45000 0.10000"
2487,0.0000,Tx-Rx,0,-57.8459,"-6.00000 -5.60000 0.90000, -2.05000 4.45000 0.10000"
2488,0.0000,Tx-Rx,0,-58.1247,"-6.00000 -5.60000 0.90000, -1.75000 4.45000 0.10000"
2489,0.0000,Tx-Rx,0,-58.5423,"-6.00000 -5.60000 0.90000, -1.45000 4.45000 0.10000"
2490,0.0000,Tx-Rx,0,-59.6408,"-6.00000 -5.60000 0.90000, -1.15000 4.45000 0.10000"
2491,0.0000,Tx-Rx,0,-62.5039,"-6.00000 -5.60000 0.90000, -0.85000 4.45000 0.10000"
2492,0.0000,Tx-Rx,0,-64.5686,"-6.00000 -5.60000 0.90000, -0.55000 4.45000 0.10000"
2493,0.0000,Tx-Rx,0,-63.3159,"-6.00000 -5.60000 0.90000, -0.25000 4.45000 0.10000"
2494,0.0000,Tx-Rx,0,-66.5118,"-6.00000 -5.60000 0.90000, 0.05000 4.45000 0.10000"
2495,0.0000,Tx-Rx,0,-73.2083,"-6.00000 -5.60000 0.90000, 0.35000 4.45000 0.10000"
2496,0.0000,Tx-Rx,0,-76.4634,"-6.00000 -5.60000 0.90000, 0.65000 4.45000 0.10000"
2497,0.0000,Tx-Rx,0,-73.7350,"-6.00000 -5.60000 0.90000, 0.95000 4.45000 0.10000"
2498,0.0000,Tx-Rx,0,-82.8531,"-6.00000 -5.60000 0.90000, 1.25000 4.45000 0.10000"
2499,0.0000,Tx-Rx,0,-80.5787,"-6.00000 -5.60000 0.90000, 1.55000 4.45000 0.10000"
2500,0.0000,Tx-Rx,0,-79.9500,"-6.00000 -5.60000 0.90000, 1.85000 4.45000 0.10000"
2501,0.0000,Tx-Rx,0,-73.0900,"-6.00000 -5.60000 0.90000, 2.15000 4.45000 0.10000"
2502,0.0000,Tx-Rx,0,-58.0853,"-6.00000 -5.60000 0.90000, 2.45000 4.45000 0.10000"
2503,0.0000,Tx-Rx,0,-55.4690,"-6.00000 -5.60000 0.90000, 2.75000 4.45000 0.10000"
2504,0.0000,Tx-Rx,0,-56.4099,"-6.00000 -5.60000 0.90000, 3.05000 4.45000 0.10000"
2505,0.0000,Tx-Rx,0,-58.5595,"-6.00000 -5.60000 0.90000, 3.35000 4.45000 0.10000"
2506,0.0000,Tx-Rx,0,-68.8450,"-6.00000 -5.60000 0.90000, 3.65000 4.45000 0.10000"
2507,0.0000,Tx-Rx,0,-76.1698,"-6.00000 -5.60000 0.90000, 3.95000 4.45000 0.10000"
2508,0.0000,Tx-Rx,0,-84.5431,"-6.00000 -5.60000 0.90000, 4.25000 4.45000 0.10000"
2509,0.0000,Tx-Rx,0,-79.2333,"-6.00000 -5.60000 0.90000, 4.55000 4.45000 0.10000"
2510,0.0000,Tx-Rx,0,-85.8679,"-6.00000 -5.60000 0.90000, 4.85000 4.45000 0.10000"
2511,0.0000,Tx-Rx,0,-88.7240,"-6.00000 -5.60000 0.90000, 5.15000 4.45000 0.10000"
2512,0.0000,Tx-Rx,0,-92.4584,"-6.00000 -5.60000 0.90000, 5.45000 4.45000 0.10000"
2513,0.0000,Tx-Rx,0,-89.1317,"-6.00000 -5.60000 0.90000, 5.75000 4.45000 0.10000"
2514,0.0000,Tx-Rx,0,-92.7982,"-6.00000 -5.60000 0.90000, 6.05000 4.45000 0.10000"
2515,0.0000,Tx-Rx,0,-79.2707,"-6.00000 -5.60000 0.90000, 6.35000 4.45000 0.10000"
2516,0.0000,Tx-Rx,0,-82.4689,"-6.00000 -5.60000 0.90000, 6.65000 4.45000 0.10000"
2517,0.0000,Tx-Rx,0,-86.7166,"-6.00000 -5.60000 0.90000, 6.95000 4.45000 0.10000"
2518,0.0000,Tx-Rx,0,-84.5909,"-6.00000 -5.60000 0.90000, 7.25000 4.45000 0.10000"
2519,0.0000,Tx-Rx,0,-85.5613,"-6.00000 -5.60000 0.90000, 7.55000 4.45000 0.10000"
2520,0.0000,Tx-Rx,0,-90.9296,"-6.00000 -5.60000 0.90000, 7.85000 4.45000 0.10000"
2521,0.0000,Tx-Rx,0,-89.1403,"-6.00000 -5.60000 0.90000, -9.85000 4.75000 0.10000"
2522,0.0000,Tx-Rx,0,-82.3176,"-6.00000 -5.60000 0.90000, -9.55000 4.75000 0.10000"
2523,0.0000,Tx-Rx,0,-81.6485,"-6.00000 -5.60000 0.90000, -9.25000 4.75000 0.10000"
2524,0.0000,Tx-Rx,0,-83.1822,"-6.00000 -5.60000 0.90000, -8.95000 4.75000 0.10000"
2525,0.0000,Tx-Rx,0,-88.7990,"-6.00000 -5.60000 0.90000, -8.65000 4.75000 0.10000"
2526,0.0000,Tx-Rx,0,-85.9791,"-6.00000 -5.60000 0.90000, -8.35000 4.75000 0.10000"
2527,0.0000,Tx-Rx,0,-57.1387,"-6.00000 -5.60000 0.90000, -8.05000 4.75000 0.10000"
2528,0.0000,Tx-Rx,0,-52.3496,"-6.00000 -5.60000 0.90000, -7.75000 4.75000 0.10000"
2529,0.0000,Tx-Rx,0,-52.5445,"-6.00000 -5.60000 0.90000, -7.45000 4.75000 0.10000"
2530,0.0000,Tx-Rx,0,-54.0374,"-6.00000 -5.60000 0.90000, -7.15000 4.75000 0.10000"
2531,0.0000,Tx-Rx,0,-53.5740,"-6.00000 -5.60000 0.90000, -6.85000 4.75000 0.10000"
2532,0.0000,Tx-Rx,0,-52.4889,"-6.00000 -5.60000 0.90000, -6.55000 4.75000 0.10000"
2533,0.0000,Tx-Rx,0,-51.5969,"-6.00000 -5.60000 0.90000, -6.25000 4.75000 0.10000"
2534,0.0000,Tx-Rx,0,-52.8824,"-6.00000 -5.60000 0.90000, -5.95000 4.75000 0.10000"
2535,0.0000,Tx-Rx,0,-54.0655,"-6.00000 -5.60000 0.90000, -5.65000 4.75000 0.10000"
2536,0.0000,Tx-Rx,0,-54.1809,"-6.00000 -5.60000 0.90000, -5.35000 4.75000 0.10000"
2537,0.0000,Tx-Rx,0,-54.1891,"-6.00000 -5.60000 0.90000, -5.05000 4.75000 0.10000"
2538,0.0000,Tx-Rx,0,-54.0201,"-6.00000 -5.60000 0.90000, -4.75000 4.75000 0.10000"
2539,0.0000,Tx-Rx,0,-53.8860,"-6.00000 -5.60000 0.90000, -4.45000 4.75000 0.10000"
2540,0.0000,Tx-Rx,0,-54.7764,"-6.00000 -5.60000 0.90000, -4.15000 4.75000 0.10000"
2541,0.0000,Tx-Rx,0,-57.1643,"-6.00000 -5.60000 0.90000, -3.85000 4.75000 0.10000"
2542,0.0000,Tx-Rx,0,-60.9997,"-6.00000 -5.60000 0.90000, -3.55000 4.75000 0.10000"
2543,0.0000,Tx-Rx,0,-56.9535,"-6.00000 -5.60000 0.90000, -3.25000 4.75000 0.10000"
2544,0.0000,Tx-Rx,0,-56.1809,"-6.00000 -5.60000 0.90000, -2.95000 4.75000 0.10000"
2545,0.0000,Tx-Rx,0,-62.2114,"-6.00000 -5.60000 0.90000, -2.65000 4.75000 0.10000"
2546,0.0000,Tx-Rx,0,-60.8672,"-6.00000 -5.60000 0.90000, -2.35000 4.75000 0.10000"
2547,0.0000,Tx-Rx,0,-59.6564,"-6.00000 -5.60000 0.90000, -2.05000 4.75000 0.10000"
2548,0.0000,Tx-Rx,0,-58.4509,"-6.00000 -5.60000 0.90000, -1.75000 4.75000 0.10000"
2549,0.0000,Tx-Rx,0,-58.5284,"-6.00000 -5.60000 0.90000, -1.45000 4.75000 0.10000"
2550,0.0000,Tx-Rx,0,-59.1676,"-6.00000 -5.60000 0.90000, -1.15000 4.75000 0.10000"
2551,0.0000,Tx-Rx,0,-60.8755,"-6.00000 -5.60000 0.90000, -0.85000 4.75000 0.10000"
2552,0.0000,Tx-Rx,0,-65.5206,"-6.00000 -5.60000 0.90000, -0.55000 4.75000 0.10000"
2553,0.0000,Tx-Rx,0,-65.1596,"-6.00000 -5.60000 0.90000, -0.25000 4.75000 0.10000"
2554,0.0000,Tx-Rx,0,-66.2169,"-6.00000 -5.60000 0.90000, 0.05000 4.75000 0.10000"
2555,0.0000,Tx-Rx,0,-68.4132,"-6.00000 -5.60000 0.90000, 0.35000 4.75000 0.10000"
2556,0.0000,Tx-Rx,0,-74.7736,"-6.00000 -5.60000 0.90000, 0.65000 4.75000 0.10000"
2557,0.0000,Tx-Rx,0,-75.3368,"-6.00000 -5.60000 0.90000, 0.95000 4.75000 0.10000"
2558,0.0000,Tx-Rx,0,-73.7675,"-6.00000 -5.60000 0.90000, 1.25000 4.75000 0.10000"
2559,0.0000,Tx-Rx,0,-81.2140,"-6.00000 -5.60000 0.90000, 1.55000 4.75000 0.10000"
2560,0.0000,Tx-Rx,0,-81.1219,"-6.00000 -5.60000 0.90000, 1.85000 4.75000 0.10000"
2561,0.0000,Tx-Rx,0,-80.0254,"-6.00000 -5.60000 0.90000, 2.15000 4.75000 0.10000"
2562,0.0000,Tx-Rx,0,-67.2240,"-6.00000 -5.60000 0.90000, 2.45000 4.75000 0.10000"
2563,0.0000,Tx-Rx,0,-57.4302,"-6.00000 -5.60000 0.90000, 2.75000 4.75000 0.10000"
2564,0.0000,Tx-Rx,0,-56.1781,"-6.00000 -5.60000 0.90000, 3.05000 4.75000 0.10000"
2565,0.0000,Tx-Rx,0,-55.9063,"-6.00000 -5.60000 0.90000, 3.35000 4.75000 0.10000"
2566,0.0000,Tx-Rx,0,-69.8029,"-6.00000 -5.60000 0.90000, 3.65000 4.75000 0.10000"
2567,0.0000,Tx-Rx,0,-77.8313,"-6.00000 -5.60000 0.90000, 3.95000 4.75000 0.10000"
2568,0.0000,Tx-Rx,0,-79.9307,"-6.00000 -5.60000 0.90000, 4.25000 4.75000 0.10000"
2569,0.0000,Tx-Rx,0,-85.5333,"-6.00000 -5.60000 0.90000, 4.55000 4.75000 0.10000"
2570,0.0000,Tx-Rx,0,-90.7433,"-6.00000 -5.60000 0.90000, 4.85000 4.75000 0.10000"
2571,0.0000,Tx-Rx,0,-95.3618,"-6.00000 -5.60000 0.90000, 5.15000 4.75000 0.10000"
2572,0.0000,Tx-Rx,0,-85.6291,"-6.00000 -5.60000 0.90000, 5.45000 4.75000 0.10000"
2573,0.0000,Tx-Rx,0,-84.8386,"-6.00000 -5.60000 0.90000, 5.75000 4.75000 0.10000"
2574,0.0000,Tx-Rx,0,-78.0891,"-6.00000 -5.60000 0.90000, 6.05000 4.75000 0.10000"
2575,0.0000,Tx-Rx,0,-79.0084,"-6.00000 -5.60000 0.90000, 6.35000 4.75000 0.10000"
2576,0.0000,Tx-Rx,0,-85.7936,"-6.00000 -5.60000 0.90000, 6.65000 4.75000 0.10000"
2577,0.0000,Tx-Rx,0,-85.8879,"-6.00000 -5.60000 0.90000, 6.95000 4.75000 0.10000"
2578,0.0000,Tx-Rx,0,-86.0504,"-6.00000 -5.60000 0.90000, 7.25000 4.75000 0.10000"
2579,0.0000,Tx-Rx,0,-89.3554,"-6.00000 -5.60000 0.90000, 7.55000 4.75000 0.10000"
2580,0.0000,Tx-Rx,0,-101.1995,"-6.00000 -5.60000 0.90000, 7.85000 4.75000 0.10000"
2581,0.0000,Tx-Rx,0,-87.9376,"-6.00000 -5.60000 0.90000, -9.85000 5.05000 0.10000"
2582,0.0000,Tx-Rx,0,-80.9830,"-6.00000 -5.60000 0.90000, -9.55000 5.05000 0.10000"
2583,0.0000,Tx-Rx,0,-84.2960,"-6.00000 -5.60000 0.90000, -9.25000 5.05000 0.10000"
2584,0.0000,Tx-Rx,0,-80.5564,"-6.00000 -5.60000 0.90000, -8.95000 5.05000 0.10000"
2585,0.0000,Tx-Rx,0,-87.7234,"-6.00000 -5.60000 0.90000, -8.65000 5.05000 0.10000"
2586,0.0000,Tx-Rx,0,-87.3188,"-6.00000 -5.60000 0.90000, -8.35000 5.05000 0.10000"
2587,0.0000,Tx-Rx,0,-57.3975,"-6.00000 -5.60000 0.90000, -8.05000 5.05000 0.10000"
2588,0.0000,Tx-Rx,0,-52.5543,"-6.00000 -5.60000 0.90000, -7.75000 5.05000 0.10000"
2589,0.0000,Tx-Rx,0,-52.6040,"-6.00000 -5.60000 0.90000, -7.45000 5.05000 0.10000"
2590,0.0000,Tx-Rx,0,-53.5389,"-6.00000 -5.60000 0.90000, -7.15000 5.05000 0.10000"
2591,0.0000,Tx-Rx,0,-53.7277,"-6.00000 -5.60000 0.90000, -6.85000 5.05000 0.10000"
2592,0.0000,Tx-Rx,0,-53.5356,"-6.00000 -5.60000 0.90000, -6.55000 5.05000 0.10000"
2593,0.0000,Tx-Rx,0,-52.0561,"-6.00000 -5.60000 0.90000, -6.25000 5.05000 0.10000"
2594,0.0000,Tx-Rx,0,-52.2595,"-6.00000 -5.60000 0.90000, -5.95000 5.05000 0.10000"
2595,0.0000,Tx-Rx,0,-54.2536,"-6.00000 -5.60000 0.90000, -5.65000 5.05000 0.10000"
2596,0.0000,Tx-Rx,0,-54.1893,"-6.00000 -5.60000 0.90000, -5.35000 5.05000 0.10000"
2597,0.0000,Tx-Rx,0,-54.3438,"-6.00000 -5.60000 0.90000, -5.05000 5.05000 0.10000"
2598,0.0000,Tx-Rx,0,-54.2736,"-6.00000 -5.60000 0.90000, -4.75000 5.05000 0.10000"
2599,0.0000,Tx-Rx,0,-54.3370,"-6.00000 -5.60000 0.90000, -4.45000 5.05000 0.10000"
2600,0.0000,Tx-Rx,0,-55.6758,"-6.00000 -5.60000 0.90000, -4.15000 5.05000 0.10000"
2601,0.0000,Tx-Rx,0,-57.5594,"-6.00000 -5.60000 0.90000, -3.85000 5.05000 0.10000"
2602,0.0000,Tx-Rx,0,-59.5188,"-6.00000 -5.60000 0.90000, -3.55000 5.05000 0.10000"
2603,0.0000,Tx-Rx,0,-55.6950,"-6.00000 -5.60000 0.90000, -3.25000 5.05000 0.10000"
2604,0.0000,Tx-Rx,0,-59.3962,"-6.00000 -5.60000 0.90000, -2.95000 5.05000 0.10000"
2605,0.0000,Tx-Rx,0,-65.6498,"-6.00000 -5.60000 0.90000, -2.65000 5.05000 0.10000"
2606,0.0000,Tx-Rx,0,-62.1428,"-6.00000 -5.60000 0.90000, -2.35000 5.05000 0.10000"
2607,0.0000,Tx-Rx,0,-61.3799,"-6.00000 -5.60000 0.90000, -2.05000 5.05000 0.10000"
2608,0.0000,Tx-Rx,0,-60.2251,"-6.00000 -5.60000 0.90000, -1.75000 5.05000 0.10000"
2609,0.0000,Tx-Rx,0,-59.5852,"-6.00000 -5.60000 0.90000, -1.45000 5.05000 0.10000"
2610,0.0000,Tx-Rx,0,-58.8479,"-6.00000 -5.60000 0.90000, -1.15000 5.05000 0.10000"
2611,0.0000,Tx-Rx,0,-60.6284,"-6.00000 -5.60000 0.90000, -0.85000 5.05000 0.10000"
2612,0.0000,Tx-Rx,0,-63.0195,"-6.00000 -5.60000 0.90000, -0.55000 5.05000 0.10000"
2613,0.0000,Tx-Rx,0,-66.2927,"-6.00000 -5.60000 0.90000, -0.25000 5.05000 0.10000"
2614,0.0000,Tx-Rx,0,-67.3353,"-6.00000 -5.60000 0.90000, 0.05000 5.05000 0.10000"
2615,0.0000,Tx-Rx,0,-67.7263,"-6.00000 -5.60000 0.90000, 0.35000 5.05000 0.10000"
2616,0.0000,Tx-Rx,0,-69.4105,"-6.00000 -5.60000 0.90000, 0.65000 5.05000 0.10000"
2617,0.0000,Tx-Rx,0,-76.9166,"-6.00000 -5.60000 0.90000, 0.95000 5.05000 0.10000"
2618,0.0000,Tx-Rx,0,-74.8155,"-6.00000 -5.60000 0.90000, 1.25000 5.05000 0.10000"
2619,0.0000,Tx-Rx,0,-73.5571,"-6.00000 -5.60000 0.90000, 1.55000 5.05000 0.10000"
2620,0.0000,Tx-Rx,0,-77.9506,"-6.00000 -5.60000 0.90000, 1.85000 5.05000 0.10000"
2621,0.0000,Tx-Rx,0,-74.6288,"-6.00000 -5.60000 0.90000, 2.15000 5.05000 0.10000"
2622,0.0000,Tx-Rx,0,-75.4703,"-6.00000 -5.60000 0.90000, 2.45000 5.05000 0.10000"
2623,0.0000,Tx-Rx,0,-65.0441,"-6.00000 -5.60000 0.90000, 2.75000 5.05000 0.10000"
2624,0.0000,Tx-Rx,0,-57.4337,"-6.00000 -5.60000 0.90000, 3.05000 5.05000 0.10000"
2625,0.0000,Tx-Rx,0,-56.4615,"-6.00000 -5.60000 0.90000, 3.35000 5.05000 0.10000"
2626,0.0000,Tx-Rx,0,-66.4425,"-6.00000 -5.60000 0.90000, 3.65000 5.05000 0.10000"
2627,0.0000,Tx-Rx,0,-73.3650,"-6.00000 -5.60000 0.90000, 3.95000 5.05000 0.10000"
2628,0.0000,Tx-Rx,0,-81.1415,"-6.00000 -5.60000 0.90000, 4.25000 5.05000 0.10000"
2629,0.0000,Tx-Rx,0,-86.1091,"-6.00000 -5.60000 0.90000, 4.55000 5.05000 0.10000"
2630,0.0000,Tx-Rx,0,-84.4455,"-6.00000 -5.60000 0.90000, 4.85000 5.05000 0.10000"
2631,0.0000,Tx-Rx,0,-77.8454,"-6.00000 -5.60000 0.90000, 5.15000 5.05000 0.10000"
2632,0.0000,Tx-Rx,0,-74.6176,"-6.00000 -5.60000 0.90000, 5.45000 5.05000 0.10000"
2633,0.0000,Tx-Rx,0,-75.3112,"-6.00000 -5.60000 0.90000, 5.75000 5.05000 0.10000"
2634,0.0000,Tx-Rx,0,-77.6726,"-6.00000 -5.60000 0.90000, 6.05000 5.05000 0.10000"
2635,0.0000,Tx-Rx,0,-83.0014,"-6.00000 -5.60000 0.90000, 6.35000 5.05000 0.10000"
2636,0.0000,Tx-Rx,0,-85.5306,"-6.00000 -5.60000 0.90000, 6.65000 5.05000 0.10000"
2637,0.0000,Tx-Rx,0,-85.7807,"-6.00000 -5.60000 0.90000, 6.95000 5.05000 0.10000"
2638,0.0000,Tx-Rx,0,-87.0951,"-6.00000 -5.60000 0.90000, 7.25000 5.05000 0.10000"
2639,0.0000,Tx-Rx,0,-89.4742,"-6.00000 -5.60000 0.90000, 7.55000 5.05000 0.10000"
2640,0.0000,Tx-Rx,0,-96.1015,"-6.00000 -5.60000 0.90000, 7.85000 5.05000 0.10000"
2641,0.0000,Tx-Rx,0,-83.8301,"-6.00000 -5.60000 0.90000, -9.85000 5.35000 0.10000"
2642,0.0000,Tx-Rx,0,-85.7555,"-6.00000 -5.60000 0.90000, -9.55000 5.35000 0.10000"
2643,0.0000,Tx-Rx,0,-83.5001,"-6.00000 -5.60000 0.90000, -9.25000 5.35000 0.10000"
2644,0.0000,Tx-Rx,0,-84.1352,"-6.00000 -5.60000 0.90000, -8.95000 5.35000 0.10000"
2645,0.0000,Tx-Rx,0,-88.0671,"-6.00000 -5.60000 0.90000, -8.65000 5.35000 0.10000"
2646,0.0000,Tx-Rx,0,-87.7502,"-6.00000 -5.60000 0.90000, -8.35000 5.35000 0.10000"
2647,0.0000,Tx-Rx,0,-57.2843,"-6.00000 -5.60000 0.90000, -8.05000 5.35000 0.10000"
2648,0.0000,Tx-Rx,0,-52.7177,"-6.00000 -5.60000 0.90000, -7.75000 5.35000 0.10000"
2649,0.0000,Tx-Rx,0,-52.7245,"-6.00000 -5.60000 0.90000, -7.45000 5.35000 0.10000"
2650,0.0000,Tx-Rx,0,-53.1778,"-6.00000 -5.60000 0.90000, -7.15000 5.35000 0.10000"
2651,0.0000,Tx-Rx,0,-53.9815,"-6.00000 -5.60000 0.90000, -6.85000 5.35000 0.10000"
2652,0.0000,Tx-Rx,0,-53.9387,"-6.00000 -5.60000 0.90000, -6.55000 5.35000 0.10000"
2653,0.0000,Tx-Rx,0,-52.9465,"-6.00000 -5.60000 0.90000, -6.25000 5.35000 0.10000"
2654,0.0000,Tx-Rx,0,-52.1988,"-6.00000 -5.60000 0.90000, -5.95000 5.35000 0.10000"
2655,0.0000,Tx-Rx,0,-53.6015,"-6.00000 -5.60000 0.90000, -5.65000 5.35000 0.10000"
2656,0.0000,Tx-Rx,0,-54.0426,"-6.00000 -5.60000 0.90000, -5.35000 5.35000 0.10000"
2657,0.0000,Tx-Rx,0,-54.3808,"-6.00000 -5.60000 0.90000, -5.05000 5.35000 0.10000"
2658,0.0000,Tx-Rx,0,-54.5435,"-6.00000 -5.60000 0.90000, -4.75000 5.35000 0.10000"
2659,0.0000,Tx-Rx,0,-54.7168,"-6.00000 -5.60000 0.90000, -4.45000 5.35000 0.10000"
2660,0.0000,Tx-Rx,0,-55.5133,"-6.00000 -5.60000 0.90000, -4.15000 5.35000 0.10000"
2661,0.0000,Tx-Rx,0,-57.9906,"-6.00000 -5.60000 0.90000, -3.85000 5.35000 0.10000"
2662,0.0000,Tx-Rx,0,-56.2801,"-6.00000 -5.60000 0.90000, -3.55000 5.35000 0.10000"
2663,0.0000,Tx-Rx,0,-57.1997,"-6.00000 -5.60000 0.90000, -3.25000 5.35000 0.10000"
2664,0.0000,Tx-Rx,0,-63.9033,"-6.00000 -5.60000 0.90000, -2.95000 5.35000 0.10000"
2665,0.0000,Tx-Rx,0,-63.8819,"-6.00000 -5.60000 0.90000, -2.65000 5.35000 0.10000"
2666,0.0000,Tx-Rx,0,-62.8878,"-6.00000 -5.60000 0.90000, -2.35000 5.35000 0.10000"
2667,0.0000,Tx-Rx,0,-62.0268,"-6.00000 -5.60000 0.90000, -2.05000 5.35000 0.10000"
2668,0.0000,Tx-Rx,0,-64.5702,"-6.00000 -5.60000 0.90000, -1.75000 5.35000 0.10000"
2669,0.0000,Tx-Rx,0,-59.2498,"-6.00000 -5.60000 0.90000, -1.45000 5.35000 0.10000"
2670,0.0000,Tx-Rx,0,-59.3330,"-6.00000 -5.60000 0.90000, -1.15000 5.35000 0.10000"
2671,0.0000,Tx-Rx,0,-60.0292,"-6.00000 -5.60000 0.90000, -0.85000 5.35000 0.10000"
2672,0.0000,Tx-Rx,0,-61.6494,"-6.00000 -5.60000 0.90000, -0.55000 5.35000 0.10000"
2673,0.0000,Tx-Rx,0,-64.3337,"-6.00000 -5.60000 0.90000, -0.25000 5.35000 0.10000"
2674,0.0000,Tx-Rx,0,-68.5983,"-6.00000 -5.60000 0.90000, 0.05000 5.35000 0.10000"
2675,0.0000,Tx-Rx,0,-69.3137,"-6.00000 -5.60000 0.90000, 0.35000 5.35000 0.10000"
2676,0.0000,Tx-Rx,0,-67.5061,"-6.00000 -5.60000 0.90000, 0.65000 5.35000 0.10000"
2677,0.0000,Tx-Rx,0,-70.4330,"-6.00000 -5.60000 0.90000, 0.95000 5.35000 0.10000"
2678,0.0000,Tx-Rx,0,-77.9017,"-6.00000 -5.60000 0.90000, 1.25000 5.35000 0.10000"
2679,0.0000,Tx-Rx,0,-75.8575,"-6.00000 -5.60000 0.90000, 1.55000 5.35000 0.10000"
2680,0.0000,Tx-Rx,0,-73.6443,"-6.00000 -5.60000 0.90000, 1.85000 5.35000 0.10000"
2681,0.0000,Tx-Rx,0,-72.5227,"-6.00000 -5.60000 0.90000, 2.15000 5.35000 0.10000"
2682,0.0000,Tx-Rx,0,-76.3300,"-6.00000 -5.60000 0.90000, 2.45000 5.35000 0.10000"
2683,0.0000,Tx-Rx,0,-72.5830,"-6.00000 -5.60000 0.90000, 2.75000 5.35000 0.10000"
2684,0.0000,Tx-Rx,0,-61.1771,"-6.00000 -5.60000 0.90000, 3.05000 5.35000 0.10000"
2685,0.0000,Tx-Rx,0,-57.1657,"-6.00000 -5.60000 0.90000, 3.35000 5.35000 0.10000"
2686,0.0000,Tx-Rx,0,-57.0986,"-6.00000 -5.60000 0.90000, 3.65000 5.35000 0.10000"
2687,0.0000,Tx-Rx,0,-72.0028,"-6.00000 -5.60000 0.90000, 3.95000 5.35000 0.10000"
2688,0.0000,Tx-Rx,0,-81.1038,"-6.00000 -5.60000 0.90000, 4.25000 5.35000 0.10000"
2689,0.0000,Tx-Rx,0,-83.9772,"-6.00000 -5.60000 0.90000, 4.55000 5.35000 0.10000"
2690,0.0000,Tx-Rx,0,-73.1613,"-6.00000 -5.60000 0.90000, 4.85000 5.35000 0.10000"
2691,0.0000,Tx-Rx,0,-70.0188,"-6.00000 -5.60000 0.90000, 5.15000 5.35000 0.10000"
2692,0.0000,Tx-Rx,0,-70.0728,"-6.00000 -5.60000 0.90000, 5.45000 5.35000 0.10000"
2693,0.0000,Tx-Rx,0,-75.0666,"-6.00000 -5.60000 0.90000, 5.75000 5.35000 0.10000"
2694,0.0000,Tx-Rx,0,-79.9867,"-6.00000 -5.60000 0.90000, 6.05000 5.35000 0.10000"
2695,0.0000,Tx-Rx,0,-84.0682,"-6.00000 -5.60000 0.90000, 6.35000 5.35000 0.10000"
2696,0.0000,Tx-Rx,0,-85.6960,"-6.00000 -5.60000 0.90000, 6.65000 5.35000 0.10000"
2697,0.0000,Tx-Rx,0,-86.3159,"-6.00000 -5.60000 0.90000, 6.95000 5.35000 0.10000"
2698,0.0000,Tx-Rx,0,-86.3685,"-6.00000 -5.60000 0.90000, 7.25000 5.35000 0.10000"
2699,0.0000,Tx-Rx,0,-87.0024,"-6.00000 -5.60000 0.90000, 7.55000 5.35000 0.10000"
2700,0.0000,Tx-Rx,0,-98.2655,"-6.00000 -5.60000 0.90000, 7.85000 5.35000 0.10000"
2701,0.0000,Tx-Rx,0,-85.1711,"-6.00000 -5.60000 0.90000, -9.85000 5.65000 0.10000"
2702,0.0000,Tx-Rx,0,-84.3087,"-6.00000 -5.60000 0.90000, -9.55000 5.65000 0.10000"
2703,0.0000,Tx-Rx,0,-81.3471,"-6.00000 -5.60000 0.90000, -9.25000 5.65000 0.10000"
2704,0.0000,Tx-Rx,0,-82.6615,"-6.00000 -5.60000 0.90000, -8.95000 5.65000 0.10000"
2705,0.0000,Tx-Rx,0,-84.7809,"-6.00000 -5.60000 0.90000, -8.65000 5.65000 0.10000"
2706,0.0000,Tx-Rx,0,-87.0140,"-6.00000 -5.60000 0.90000, -8.35000 5.65000 0.10000"
2707,0.0000,Tx-Rx,0,-57.4863,"-6.00000 -5.60000 0.90000, -8.05000 5.65000 0.10000"
2708,0.0000,Tx-Rx,0,-52.8125,"-6.00000 -5.60000 0.90000, -7.75000 5.65000 0.10000"
2709,0.0000,Tx-Rx,0,-52.9047,"-6.00000 -5.60000 0.90000, -7.45000 5.65000 0.10000"
2710,0.0000,Tx-Rx,0,-53.0316,"-6.00000 -5.60000 0.90000, -7.15000 5.65000 0.10000"
2711,0.0000,Tx-Rx,0,-54.0707,"-6.00000 -5.60000 0.90000, -6.85000 5.65000 0.10000"
2712,0.0000,Tx-Rx,0,-54.0549,"-6.00000 -5.60000 0.90000, -6.55000 5.65000 0.10000"
2713,0.0000,Tx-Rx,0,-53.8143,"-6.00000 -5.60000 0.90000, -6.25000 5.65000 0.10000"
2714,0.0000,Tx-Rx,0,-52.5067,"-6.00000 -5.60000 0.90000, -5.95000 5.65000 0.10000"
2715,0.0000,Tx-Rx,0,-52.8929,"-6.00000 -5.60000 0.90000, -5.65000 5.65000 0.10000"
2716,0.0000,Tx-Rx,0,-54.2551,"-6.00000 -5.60000 0.90000, -5.35000 5.65000 0.10000"
2717,0.0000,Tx-Rx,0,-54.7746,"-6.00000 -5.60000 0.90000, -5.05000 5.65000 0.10000"
2718,0.0000,Tx-Rx,0,-54.8545,"-6.00000 -5.60000 0.90000, -4.75000 5.65000 0.10000"
2719,0.0000,Tx-Rx,0,-55.0768,"-6.00000 -5.60000 0.90000, -4.45000 5.65000 0.10000"
2720,0.0000,Tx-Rx,0,-55.7242,"-6.00000 -5.60000 0.90000, -4.15000 5.65000 0.10000"
2721,0.0000,Tx-Rx,0,-56.0503,"-6.00000 -5.60000 0.90000, -3.85000 5.65000 0.10000"
2722,0.0000,Tx-Rx,0,-56.1441,"-6.00000 -5.60000 0.90000, -3.55000 5.65000 0.10000"
2723,0.0000,Tx-Rx,0,-61.7950,"-6.00000 -5.60000 0.90000, -3.25000 5.65000 0.10000"
2724,0.0000,Tx-Rx,0,-66.2232,"-6.00000 -5.60000 0.90000, -2.95000 5.65000 0.10000"
2725,0.0000,Tx-Rx,0,-63.6021,"-6.00000 -5.60000 0.90000, -2.65000 5.65000 0.10000"
2726,0.0000,Tx-Rx,0,-63.1940,"-6.00000 -5.60000 0.90000, -2.35000 5.65000 0.10000"
2727,0.0000,Tx-Rx,0,-63.5958,"-6.00000 -5.60000 0.90000, -2.05000 5.65000 0.10000"
2728,0.0000,Tx-Rx,0,-66.7080,"-6.00000 -5.60000 0.90000, -1.75000 5.65000 0.10000"
2729,0.0000,Tx-Rx,0,-61.9892,"-6.00000 -5.60000 0.90000, -1.45000 5.65000 0.10000"
2730,0.0000,Tx-Rx,0,-59.4251,"-6.00000 -5.60000 0.90000, -1.15000 5.65000 0.10000"
2731,0.0000,Tx-Rx,0,-59.2450,"-6.00000 -5.60000 0.90000, -0.85000 5.65000 0.10000"
2732,0.0000,Tx-Rx,0,-60.8787,"-6.00000 -5.60000 0.90000, -0.55000 5.65000 0.10000"
2733,0.0000,Tx-Rx,0,-61.9005,"-6.00000 -5.60000 0.90000, -0.25000 5.65000 0.10000"
2734,0.0000,Tx-Rx,0,-68.4888,"-6.00000 -5.60000 0.90000, 0.05000 5.65000 0.10000"
2735,0.0000,Tx-Rx,0,-67.0549,"-6.00000 -5.60000 0.90000, 0.35000 5.65000 0.10000"
2736,0.0000,Tx-Rx,0,-68.5343,"-6.00000 -5.60000 0.90000, 0.65000 5.65000 0.10000"
2737,0.0000,Tx-Rx,0,-67.3768,"-6.00000 -5.60000 0.90000, 0.95000 5.65000 0.10000"
2738,0.0000,Tx-Rx,0,-70.9162,"-6.00000 -5.60000 0.90000, 1.25000 5.65000 0.10000"
2739,0.0000,Tx-Rx,0,-78.2729,"-6.00000 -5.60000 0.90000, 1.55000 5.65000 0.10000"
2740,0.0000,Tx-Rx,0,-72.8003,"-6.00000 -5.60000 0.90000, 1.85000 5.65000 0.10000"
2741,0.0000,Tx-Rx,0,-73.0837,"-6.00000 -5.60000 0.90000, 2.15000 5.65000 0.10000"
2742,0.0000,Tx-Rx,0,-71.7742,"-6.00000 -5.60000 0.90000, 2.45000 5.65000 0.10000"
2743,0.0000,Tx-Rx,0,-66.5735,"-6.00000 -5.60000 0.90000, 2.75000 5.65000 0.10000"
2744,0.0000,Tx-Rx,0,-69.6380,"-6.00000 -5.60000 0.90000, 3.05000 5.65000 0.10000"
2745,0.0000,Tx-Rx,0,-61.5001,"-6.00000 -5.60000 0.90000, 3.35000 5.65000 0.10000"
2746,0.0000,Tx-Rx,0,-56.8478,"-6.00000 -5.60000 0.90000, 3.65000 5.65000 0.10000"
2747,0.0000,Tx-Rx,0,-59.3965,"-6.00000 -5.60000 0.90000, 3.95000 5.65000 0.10000"
2748,0.0000,Tx-Rx,0,-77.3142,"-6.00000 -5.60000 0.90000, 4.25000 5.65000 0.10000"
2749,0.0000,Tx-Rx,0,-72.8898,"-6.00000 -5.60000 0.90000, 4.55000 5.65000 0.10000"
2750,0.0000,Tx-Rx,0,-70.3476,"-6.00000 -5.60000 0.90000, 4.85000 5.65000 0.10000"
2751,0.0000,Tx-Rx,0,-69.8153,"-6.00000 -5.60000 0.90000, 5.15000 5.65000 0.10000"
2752,0.0000,Tx-Rx,0,-76.8679,"-6.00000 -5.60000 0.90000, 5.45000 5.65000 0.10000"
2753,0.0000,Tx-Rx,0,-79.7569,"-6.00000 -5.60000 0.90000, 5.75000 5.65000 0.10000"
2754,0.0000,Tx-Rx,0,-80.5435,"-6.00000 -5.60000 0.90000, 6.05000 5.65000 0.10000"
2755,0.0000,Tx-Rx,0,-82.8192,"-6.00000 -5.60000 0.90000, 6.35000 5.65000 0.10000"
2756,0.0000,Tx-Rx,0,-87.7292,"-6.00000 -5.60000 0.90000, 6.65000 5.65000 0.10000"
2757,0.0000,Tx-Rx,0,-88.8825,"-6.00000 -5.60000 0.90000, 6.95000 5.65000 0.10000"
2758,0.0000,Tx-Rx,0,-88.6617,"-6.00000 -5.60000 0.90000, 7.25000 5.65000 0.10000"
2759,0.0000,Tx-Rx,0,-90.6968,"-6.00000 -5.60000 0.90000, 7.55000 5.65000 0.10000"
2760,0.0000,Tx-Rx,0,-106.7455,"-6.00000 -5.60000 0.90000, 7.85000 5.65000 0.10000"
2761,0.0000,Tx-Rx,0,-84.7984,"-6.00000 -5.60000 0.90000, -9.85000 5.95000 0.10000"
2762,0.0000,Tx-Rx,0,-84.4459,"-6.00000 -5.60000 0.90000, -9.55000 5.95000 0.10000"
2763,0.0000,Tx-Rx,0,-81.6204,"-6.00000 -5.60000 0.90000, -9.25000 5.95000 0.10000"
2764,0.0000,Tx-Rx,0,-82.2480,"-6.00000 -5.60000 0.90000, -8.95000 5.95000 0.10000"
2765,0.0000,Tx-Rx,0,-89.3248,"-6.00000 -5.60000 0.90000, -8.65000 5.95000 0.10000"
2766,0.0000,Tx-Rx,0,-88.9862,"-6.00000 -5.60000 0.90000, -8.35000 5.95000 0.10000"
2767,0.0000,Tx-Rx,0,-57.7891,"-6.00000 -5.60000 0.90000, -8.05000 5.95000 0.10000"
2768,0.0000,Tx-Rx,0,-52.9850,"-6.00000 -5.60000 0.90000, -7.75000 5.95000 0.10000"
2769,0.0000,Tx-Rx,0,-53.0791,"-6.00000 -5.60000 0.90000, -7.45000 5.95000 0.10000"
2770,0.0000,Tx-Rx,0,-52.9924,"-6.00000 -5.60000 0.90000, -7.15000 5.95000 0.10000"
2771,0.0000,Tx-Rx,0,-53.8727,"-6.00000 -5.60000 0.90000, -6.85000 5.95000 0.10000"
2772,0.0000,Tx-Rx,0,-54.2070,"-6.00000 -5.60000 0.90000, -6.55000 5.95000 0.10000"
2773,0.0000,Tx-Rx,0,-54.2476,"-6.00000 -5.60000 0.90000, -6.25000 5.95000 0.10000"
2774,0.0000,Tx-Rx,0,-52.9596,"-6.00000 -5.60000 0.90000, -5.95000 5.95000 0.10000"
2775,0.0000,Tx-Rx,0,-52.5280,"-6.00000 -5.60000 0.90000, -5.65000 5.95000 0.10000"
2776,0.0000,Tx-Rx,0,-54.4264,"-6.00000 -5.60000 0.90000, -5.35000 5.95000 0.10000"
2777,0.0000,Tx-Rx,0,-54.7757,"-6.00000 -5.60000 0.90000, -5.05000 5.95000 0.10000"
2778,0.0000,Tx-Rx,0,-55.0755,"-6.00000 -5.60000 0.90000, -4.75000 5.95000 0.10000"
2779,0.0000,Tx-Rx,0,-55.1812,"-6.00000 -5.60000 0.90000, -4.45000 5.95000 0.10000"
2780,0.0000,Tx-Rx,0,-55.0727,"-6.00000 -5.60000 0.90000, -4.15000 5.95000 0.10000"
2781,0.0000,Tx-Rx,0,-54.7874,"-6.00000 -5.60000 0.90000, -3.85000 5.95000 0.10000"
2782,0.0000,Tx-Rx,0,-57.9880,"-6.00000 -5.60000 0.90000, -3.55000 5.95000 0.10000"
2783,0.0000,Tx-Rx,0,-67.3471,"-6.00000 -5.60000 0.90000, -3.25000 5.95000 0.10000"
2784,0.0000,Tx-Rx,0,-64.8691,"-6.00000 -5.60000 0.90000, -2.95000 5.95000 0.10000"
2785,0.0000,Tx-Rx,0,-63.3545,"-6.00000 -5.60000 0.90000, -2.65000 5.95000 0.10000"
2786,0.0000,Tx-Rx,0,-63.3508,"-6.00000 -5.60000 0.90000, -2.35000 5.95000 0.10000"
2787,0.0000,Tx-Rx,0,-65.8035,"-6.00000 -5.60000 0.90000, -2.05000 5.95000 0.10000"
2788,0.0000,Tx-Rx,0,-66.5612,"-6.00000 -5.60000 0.90000, -1.75000 5.95000 0.10000"
2789,0.0000,Tx-Rx,0,-65.0087,"-6.00000 -5.60000 0.90000, -1.45000 5.95000 0.10000"
2790,0.0000,Tx-Rx,0,-62.7984,"-6.00000 -5.60000 0.90000, -1.15000 5.95000 0.10000"
2791,0.0000,Tx-Rx,0,-61.4200,"-6.00000 -5.60000 0.90000, -0.85000 5.95000 0.10000"
2792,0.0000,Tx-Rx,0,-62.6248,"-6.00000 -5.60000 0.90000, -0.55000 5.95000 0.10000"
2793,0.0000,Tx-Rx,0,-62.0632,"-6.00000 -5.60000 0.90000, -0.25000 5.95000 0.10000"
2794,0.0000,Tx-Rx,0,-67.8073,"-6.00000 -5.60000 0.90000, 0.05000 5.95000 0.10000"
2795,0.0000,Tx-Rx,0,-71.2665,"-6.00000 -5.60000 0.90000, 0.35000 5.95000 0.10000"
2796,0.0000,Tx-Rx,0,-66.8608,"-6.00000 -5.60000 0.90000, 0.65000 5.95000 0.10000"
2797,0.0000,Tx-Rx,0,-69.9157,"-6.00000 -5.60000 0.90000, 0.95000 5.95000 0.10000"
2798,0.0000,Tx-Rx,0,-67.5529,"-6.00000 -5.60000 0.90000, 1.25000 5.95000 0.10000"
2799,0.0000,Tx-Rx,0,-71.2992,"-6.00000 -5.60000 0.90000, 1.55000 5.95000 0.10000"
2800,0.0000,Tx-Rx,0,-74.0734,"-6.00000 -5.60000 0.90000, 1.85000 5.95000 0.10000"
2801,0.0000,Tx-Rx,0,-72.3390,"-6.00000 -5.60000 0.90000, 2.15000 5.95000 0.10000"
2802,0.0000,Tx-Rx,0,-67.4380,"-6.00000 -5.60000 0.90000, 2.45000 5.95000 0.10000"
2803,0.0000,Tx-Rx,0,-69.5800,"-6.00000 -5.60000 0.90000, 2.75000 5.95000 0.10000"
2804,0.0000,Tx-Rx,0,-77.5738,"-6.00000 -5.60000 0.90000, 3.05000 5.95000 0.10000"
2805,0.0000,Tx-Rx,0,-75.3423,"-6.00000 -5.60000 0.90000, 3.35000 5.95000 0.10000"
2806,0.0000,Tx-Rx,0,-60.2625,"-6.00000 -5.60000 0.90000, 3.65000 5.95000 0.10000"
2807,0.0000,Tx-Rx,0,-58.0825,"-6.00000 -5.60000 0.90000, 3.95000 5.95000 0.10000"
2808,0.0000,Tx-Rx,0,-60.0905,"-6.00000 -5.60000 0.90000, 4.25000 5.95000 0.10000"
2809,0.0000,Tx-Rx,0,-70.0506,"-6.00000 -5.60000 0.90000, 4.55000 5.95000 0.10000"
2810,0.0000,Tx-Rx,0,-69.1318,"-6.00000 -5.60000 0.90000, 4.85000 5.95000 0.10000"
2811,0.0000,Tx-Rx,0,-74.4775,"-6.00000 -5.60000 0.90000, 5.15000 5.95000 0.10000"
2812,0.0000,Tx-Rx,0,-84.2141,"-6.00000 -5.60000 0.90000, 5.45000 5.95000 0.10000"
2813,0.0000,Tx-Rx,0,-80.8379,"-6.00000 -5.60000 0.90000, 5.75000 5.95000 0.10000"
2814,0.0000,Tx-Rx,0,-81.4647,"-6.00000 -5.60000 0.90000, 6.05000 5.95000 0.10000"
2815,0.0000,Tx-Rx,0,-80.9724,"-6.00000 -5.60000 0.90000, 6.35000 5.95000 0.10000"
2816,0.0000,Tx-Rx,0,-85.2808,"-6.00000 -5.60000 0.90000, 6.65000 5.95000 0.10000"
2817,0.0000,Tx-Rx,0,-89.7466,"-6.00000 -5.60000 0.90000, 6.95000 5.95000 0.10000"
2818,0.0000,Tx-Rx,0,-89.3936,"-6.00000 -5.60000 0.90000, 7.25000 5.95000 0.10000"
2819,0.0000,Tx-Rx,0,-94.0410,"-6.00000 -5.60000 0.90000, 7.55000 5.95000 0.10000"
2820,0.0000,Tx-Rx,0,-123.7694,"-6.00000 -5.60000 0.90000, 7.85000 5.95000 0.10000"
2821,0.0000,Tx-Rx,0,-85.1843,"-6.00000 -5.60000 0.90000, -9.85000 6.25000 0.10000"
2822,0.0000,Tx-Rx,0,-81.1139,"-6.00000 -5.60000 0.90000, -9.55000 6.25000 0.10000"
2823,0.0000,Tx-Rx,0,-82.4373,"-6.00000 -5.60000 0.90000, -9.25000 6.25000 0.10000"
2824,0.0000,Tx-Rx,0,-86.1039,"-6.00000 -5.60000 0.90000, -8.95000 6.25000 0.10000"
2825,0.0000,Tx-Rx,0,-88.6731,"-6.00000 -5.60000 0.90000, -8.65000 6.25000 0.10000"
2826,0.0000,Tx-Rx,0,-89.2012,"-6.00000 -5.60000 0.90000, -8.35000 6.25000 0.10000"
2827,0.0000,Tx-Rx,0,-57.9269,"-6.00000 -5.60000 0.90000, -8.05000 6.25000 0.10000"
2828,0.0000,Tx-Rx,0,-53.0750,"-6.00000 -5.60000 0.90000, -7.75000 6.25000 0.10000"
2829,0.0000,Tx-Rx,0,-53.0927,"-6.00000 -5.60000 0.90000, -7.45000 6.25000 0.10000"
2830,0.0000,Tx-Rx,0,-53.2378,"-6.00000 -5.60000 0.90000, -7.15000 6.25000 0.10000"
2831,0.0000,Tx-Rx,0,-53.6460,"-6.00000 -5.60000 0.90000, -6.85000 6.25000 0.10000"
2832,0.0000,Tx-Rx,0,-54.3596,"-6.00000 -5.60000 0.90000, -6.55000 6.25000 0.10000"
2833,0.0000,Tx-Rx,0,-54.4651,"-6.00000 -5.60000 0.90000, -6.25000 6.25000 0.10000"
2834,0.0000,Tx-Rx,0,-53.7708,"-6.00000 -5.60000 0.90000, -5.95000 6.25000 0.10000"
2835,0.0000,Tx-Rx,0,-52.8543,"-6.00000 -5.60000 0.90000, -5.65000 6.25000 0.10000"
2836,0.0000,Tx-Rx,0,-53.7503,"-6.00000 -5.60000 0.90000, -5.35000 6.25000 0.10000"
2837,0.0000,Tx-Rx,0,-54.8158,"-6.00000 -5.60000 0.90000, -5.05000 6.25000 0.10000"
2838,0.0000,Tx-Rx,0,-54.8336,"-6.00000 -5.60000 0.90000, -4.75000 6.25000 0.10000"
2839,0.0000,Tx-Rx,0,-55.1423,"-6.00000 -5.60000 0.90000, -4.45000 6.25000 0.10000"
2840,0.0000,Tx-Rx,0,-53.9725,"-6.00000 -5.60000 0.90000, -4.15000 6.25000 0.10000"
2841,0.0000,Tx-Rx,0,-55.6155,"-6.00000 -5.60000 0.90000, -3.85000 6.25000 0.10000"
2842,0.0000,Tx-Rx,0,-62.5418,"-6.00000 -5.60000 0.90000, -3.55000 6.25000 0.10000"
2843,0.0000,Tx-Rx,0,-66.7222,"-6.00000 -5.60000 0.90000, -3.25000 6.25000 0.10000"
2844,0.0000,Tx-Rx,0,-63.3719,"-6.00000 -5.60000 0.90000, -2.95000 6.25000 0.10000"
2845,0.0000,Tx-Rx,0,-63.2659,"-6.00000 -5.60000 0.90000, -2.65000 6.25000 0.10000"
2846,0.0000,Tx-Rx,0,-63.9806,"-6.00000 -5.60000 0.90000, -2.35000 6.25000 0.10000"
2847,0.0000,Tx-Rx,0,-66.7762,"-6.00000 -5.60000 0.90000, -2.05000 6.25000 0.10000"
2848,0.0000,Tx-Rx,0,-65.6062,"-6.00000 -5.60000 0.90000, -1.75000 6.25000 0.10000"
2849,0.0000,Tx-Rx,0,-66.8817,"-6.00000 -5.60000 0.90000, -1.45000 6.25000 0.10000"
2850,0.0000,Tx-Rx,0,-65.6709,"-6.00000 -5.60000 0.90000, -1.15000 6.25000 0.10000"
2851,0.0000,Tx-Rx,0,-63.4746,"-6.00000 -5.60000 0.90000, -0.85000 6.25000 0.10000"
2852,0.0000,Tx-Rx,0,-61.9500,"-6.00000 -5.60000 0.90000, -0.55000 6.25000 0.10000"
2853,0.0000,Tx-Rx,0,-63.2281,"-6.00000 -5.60000 0.90000, -0.25000 6.25000 0.10000"
2854,0.0000,Tx-Rx,0,-66.7087,"-6.00000 -5.60000 0.90000, 0.05000 6.25000 0.10000"
2855,0.0000,Tx-Rx,0,-81.4211,"-6.00000 -5.60000 0.90000, 0.35000 6.25000 0.10000"
2856,0.0000,Tx-Rx,0,-67.2984,"-6.00000 -5.60000 0.90000, 0.65000 6.25000 0.10000"
2857,0.0000,Tx-Rx,0,-69.0576,"-6.00000 -5.60000 0.90000, 0.95000 6.25000 0.10000"
2858,0.0000,Tx-Rx,0,-70.3295,"-6.00000 -5.60000 0.90000, 1.25000 6.25000 0.10000"
2859,0.0000,Tx-Rx,0,-67.5539,"-6.00000 -5.60000 0.90000, 1.55000 6.25000 0.10000"
2860,0.0000,Tx-Rx,0,-70.7208,"-6.00000 -5.60000 0.90000, 1.85000 6.25000 0.10000"
2861,0.0000,Tx-Rx,0,-67.8426,"-6.00000 -5.60000 0.90000, 2.15000 6.25000 0.10000"
2862,0.0000,Tx-Rx,0,-69.9764,"-6.00000 -5.60000 0.90000, 2.45000 6.25000 0.10000"
2863,0.0000,Tx-Rx,0,-80.6672,"-6.00000 -5.60000 0.90000, 2.75000 6.25000 0.10000"
2864,0.0000,Tx-Rx,0,-80.0383,"-6.00000 -5.60000 0.90000, 3.05000 6.25000 0.10000"
2865,0.0000,Tx-Rx,0,-80.4598,"-6.00000 -5.60000 0.90000, 3.35000 6.25000 0.10000"
2866,0.0000,Tx-Rx,0,-72.7222,"-6.00000 -5.60000 0.90000, 3.65000 6.25000 0.10000"
2867,0.0000,Tx-Rx,0,-59.4622,"-6.00000 -5.60000 0.90000, 3.95000 6.25000 0.10000"
2868,0.0000,Tx-Rx,0,-56.7095,"-6.00000 -5.60000 0.90000, 4.25000 6.25000 0.10000"
2869,0.0000,Tx-Rx,0,-61.6040,"-6.00000 -5.60000 0.90000, 4.55000 6.25000 0.10000"
2870,0.0000,Tx-Rx,0,-71.1259,"-6.00000 -5.60000 0.90000, 4.85000 6.25000 0.10000"
2871,0.0000,Tx-Rx,0,-77.9368,"-6.00000 -5.60000 0.90000, 5.15000 6.25000 0.10000"
2872,0.0000,Tx-Rx,0,-81.6893,"-6.00000 -5.60000 0.90000, 5.45000 6.25000 0.10000"
2873,0.0000,Tx-Rx,0,-82.7741,"-6.00000 -5.60000 0.90000, 5.75000 6.25000 0.10000"
2874,0.0000,Tx-Rx,0,-83.5037,"-6.00000 -5.60000 0.90000, 6.05000 6.25000 0.10000"
2875,0.0000,Tx-Rx,0,-82.6254,"-6.00000 -5.60000 0.90000, 6.35000 6.25000 0.10000"
2876,0.0000,Tx-Rx,0,-82.2561,"-6.00000 -5.60000 0.90000, 6.65000 6.25000 0.10000"
2877,0.0000,Tx-Rx,0,-87.9938,"-6.00000 -5.60000 0.90000, 6.95000 6.25000 0.10000"
2878,0.0000,Tx-Rx,0,-92.1159,"-6.00000 -5.60000 0.90000, 7.25000 6.25000 0.10000"
2879,0.0000,Tx-Rx,0,-99.5467,"-6.00000 -5.60000 0.90000, 7.55000 6.25000 0.10000"
2880,0.0000,Tx-Rx,0,-95.7589,"-6.00000 -5.60000 0.90000, 7.85000 6.25000 0.10000"
2881,0.0000,Tx-Rx,0,-82.1640,"-6.00000 -5.60000 0.90000, -9.85000 6.55000 0.10000"
2882,0.0000,Tx-Rx,0,-83.3654,"-6.00000 -5.60000 0.90000, -9.55000 6.55000 0.10000"
2883,0.0000,Tx-Rx,0,-85.5835,"-6.00000 -5.60000 0.90000, -9.25000 6.55000 0.10000"
2884,0.0000,Tx-Rx,0,-86.8907,"-6.00000 -5.60000 0.90000, -8.95000 6.55000 0.10000"
2885,0.0000,Tx-Rx,0,-90.5637,"-6.00000 -5.60000 0.90000, -8.65000 6.55000 0.10000"
2886,0.0000,Tx-Rx,0,-93.7794,"-6.00000 -5.60000 0.90000, -8.35000 6.55000 0.10000"
2887,0.0000,Tx-Rx,0,-57.9614,"-6.00000 -5.60000 0.90000, -8.05000 6.55000 0.10000"
2888,0.0000,Tx-Rx,0,-53.2304,"-6.00000 -5.60000 0.90000, -7.75000 6.55000 0.10000"
2889,0.0000,Tx-Rx,0,-53.2437,"-6.00000 -5.60000 0.90000, -7.45000 6.55000 0.10000"
2890,0.0000,Tx-Rx,0,-53.1509,"-6.00000 -5.60000 0.90000, -7.15000 6.55000 0.10000"
2891,0.0000,Tx-Rx,0,-53.4708,"-6.00000 -5.60000 0.90000, -6.85000 6.55000 0.10000"
2892,0.0000,Tx-Rx,0,-54.4484,"-6.00000 -5.60000 0.90000, -6.55000 6.55000 0.10000"
2893,0.0000,Tx-Rx,0,-54.6541,"-6.00000 -5.60000 0.90000, -6.25000 6.55000 0.10000"
2894,0.0000,Tx-Rx,0,-54.8092,"-6.00000 -5.60000 0.90000, -5.95000 6.55000 0.10000"
2895,0.0000,Tx-Rx,0,-53.3077,"-6.00000 -5.60000 0.90000, -5.65000 6.55000 0.10000"
2896,0.0000,Tx-Rx,0,-53.2348,"-6.00000 -5.60000 0.90000, -5.35000 6.55000 0.10000"
2897,0.0000,Tx-Rx,0,-54.6688,"-6.00000 -5.60000 0.90000, -5.05000 6.55000 0.10000"
2898,0.0000,Tx-Rx,0,-54.9131,"-6.00000 -5.60000 0.90000, -4.75000 6.55000 0.10000"
2899,0.0000,Tx-Rx,0,-54.3469,"-6.00000 -5.60000 0.90000, -4.45000 6.55000 0.10000"
2900,0.0000,Tx-Rx,0,-53.8856,"-6.00000 -5.60000 0.90000, -4.15000 6.55000 0.10000"
2901,0.0000,Tx-Rx,0,-57.6760,"-6.00000 -5.60000 0.90000, -3.85000 6.55000 0.10000"
2902,0.0000,Tx-Rx,0,-63.6769,"-6.00000 -5.60000 0.90000, -3.55000 6.55000 0.10000"
2903,0.0000,Tx-Rx,0,-66.1998,"-6.00000 -5.60000 0.90000, -3.25000 6.55000 0.10000"
2904,0.0000,Tx-Rx,0,-63.5101,"-6.00000 -5.60000 0.90000, -2.95000 6.55000 0.10000"
2905,0.0000,Tx-Rx,0,-62.7951,"-6.00000 -5.60000 0.90000, -2.65000 6.55000 0.10000"
2906,0.0000,Tx-Rx,0,-64.4214,"-6.00000 -5.60000 0.90000, -2.35000 6.55000 0.10000"
2907,0.0000,Tx-Rx,0,-67.0175,"-6.00000 -5.60000 0.90000, -2.05000 6.55000 0.10000"
2908,0.0000,Tx-Rx,0,-66.2827,"-6.00000 -5.60000 0.90000, -1.75000 6.55000 0.10000"
2909,0.0000,Tx-Rx,0,-66.5338,"-6.00000 -5.60000 0.90000, -1.45000 6.55000 0.10000"
2910,0.0000,Tx-Rx,0,-65.7222,"-6.00000 -5.60000 0.90000, -1.15000 6.55000 0.10000"
2911,0.0000,Tx-Rx,0,-67.7153,"-6.00000 -5.60000 0.90000, -0.85000 6.55000 0.10000"
2912,0.0000,Tx-Rx,0,-61.7970,"-6.00000 -5.60000 0.90000, -0.55000 6.55000 0.10000"
2913,0.0000,Tx-Rx,0,-62.3842,"-6.00000 -5.60000 0.90000, -0.25000 6.55000 0.10000"
2914,0.0000,Tx-Rx,0,-66.4961,"-6.00000 -5.60000 0.90000, 0.05000 6.55000 0.10000"
2915,0.0000,Tx-Rx,0,-84.0839,"-6.00000 -5.60000 0.90000, 0.35000 6.55000 0.10000"
2916,0.0000,Tx-Rx,0,-73.6370,"-6.00000 -5.60000 0.90000, 0.65000 6.55000 0.10000"
2917,0.0000,Tx-Rx,0,-66.6924,"-6.00000 -5.60000 0.90000, 0.95000 6.55000 0.10000"
2918,0.0000,Tx-Rx,0,-71.8018,"-6.00000 -5.60000 0.90000, 1.25000 6.55000 0.10000"
2919,0.0000,Tx-Rx,0,-70.4012,"-6.00000 -5.60000 0.90000, 1.55000 6.55000 0.10000"
2920,0.0000,Tx-Rx,0,-65.7215,"-6.00000 -5.60000 0.90000, 1.85000 6.55000 0.10000"
2921,0.0000,Tx-Rx,0,-69.5335,"-6.00000 -5.60000 0.90000, 2.15000 6.55000 0.10000"
2922,0.0000,Tx-Rx,0,-79.7695,"-6.00000 -5.60000 0.90000, 2.45000 6.55000 0.10000"
2923,0.0000,Tx-Rx,0,-270.0000,"-6.00000 -5.60000 0.90000, 2.75000 6.55000 0.10000"
2924,0.0000,Tx-Rx,0,-270.0000,"-6.00000 -5.60000 0.90000, 3.05000 6.55000 0.10000"
2925,0.0000,Tx-Rx,0,-96.9222,"-6.00000 -5.60000 0.90000, 3.35000 6.55000 0.10000"
2926,0.0000,Tx-Rx,0,-87.8080,"-6.00000 -5.60000 0.90000, 3.65000 6.55000 0.10000"
2927,0.0000,Tx-Rx,0,-71.7375,"-6.00000 -5.60000 0.90000, 3.95000 6.55000 0.10000"
2928,0.0000,Tx-Rx,0,-64.7878,"-6.00000 -5.60000 0.90000, 4.25000 6.55000 0.10000"
2929,0.0000,Tx-Rx,0,-64.7188,"-6.00000 -5.60000 0.90000, 4.55000 6.55000 0.10000"
2930,0.0000,Tx-Rx,0,-72.7469,"-6.00000 -5.60000 0.90000, 4.85000 6.55000 0.10000"
2931,0.0000,Tx-Rx,0,-78.6725,"-6.00000 -5.60000 0.90000, 5.15000 6.55000 0.10000"
2932,0.0000,Tx-Rx,0,-78.8623,"-6.00000 -5.60000 0.90000, 5.45000 6.55000 0.10000"
2933,0.0000,Tx-Rx,0,-87.5430,"-6.00000 -5.60000 0.90000, 5.75000 6.55000 0.10000"
2934,0.0000,Tx-Rx,0,-92.1543,"-6.00000 -5.60000 0.90000, 6.05000 6.55000 0.10000"
2935,0.0000,Tx-Rx,0,-91.7472,"-6.00000 -5.60000 0.90000, 6.35000 6.55000 0.10000"
2936,0.0000,Tx-Rx,0,-89.8750,"-6.00000 -5.60000 0.90000, 6.65000 6.55000 0.10000"
2937,0.0000,Tx-Rx,0,-91.9105,"-6.00000 -5.60000 0.90000, 6.95000 6.55000 0.10000"
2938,0.0000,Tx-Rx,0,-95.0871,"-6.00000 -5.60000 0.90000, 7.25000 6.55000 0.10000"
2939,0.0000,Tx-Rx,0,-96.8928,"-6.00000 -5.60000 0.90000, 7.55000 6.55000 0.10000"
2940,0.0000,Tx-Rx,0,-96.0897,"-6.00000 -5.60000 0.90000, 7.85000 6.55000 0.10000"
2941,0.0000,Tx-Rx,0,-84.5517,"-6.00000 -5.60000 0.90000, -9.85000 6.85000 0.10000"
2942,0.0000,Tx-Rx,0,-82.9071,"-6.00000 -5.60000 0.90000, -9.55000 6.85000 0.10000"
2943,0.0000,Tx-Rx,0,-84.7544,"-6.00000 -5.60000 0.90000, -9.25000 6.85000 0.10000"
2944,0.0000,Tx-Rx,0,-87.6909,"-6.00000 -5.60000 0.90000, -8.95000 6.85000 0.10000"
2945,0.0000,Tx-Rx,0,-91.0351,"-6.00000 -5.60000 0.90000, -8.65000 6.85000 0.10000"
2946,0.0000,Tx-Rx,0,-93.6626,"-6.00000 -5.60000 0.90000, -8.35000 6.85000 0.10000"
2947,0.0000,Tx-Rx,0,-58.1240,"-6.00000 -5.60000 0.90000, -8.05000 6.85000 0.10000"
2948,0.0000,Tx-Rx,0,-53.2517,"-6.00000 -5.60000 0.90000, -7.75000 6.85000 0.10000"
2949,0.0000,Tx-Rx,0,-53.3568,"-6.00000 -5.60000 0.90000, -7.45000 6.85000 0.10000"
2950,0.0000,Tx-Rx,0,-53.1398,"-6.00000 -5.60000 0.90000, -7.15000 6.85000 0.10000"
2951,0.0000,Tx-Rx,0,-53.2534,"-6.00000 -5.60000 0.90000, -6.85000 6.85000 0.10000"
2952,0.0000,Tx-Rx,0,-54.3752,"-6.00000 -5.60000 0.90000, -6.55000 6.85000 0.10000"
2953,0.0000,Tx-Rx,0,-54.9824,"-6.00000 -5.60000 0.90000, -6.25000 6.85000 0.10000"
2954,0.0000,Tx-Rx,0,-55.0163,"-6.00000 -5.60000 0.90000, -5.95000 6.85000 0.10000"
2955,0.0000,Tx-Rx,0,-54.1709,"-6.00000 -5.60000 0.90000, -5.65000 6.85000 0.10000"
2956,0.0000,Tx-Rx,0,-53.2105,"-6.00000 -5.60000 0.90000, -5.35000 6.85000 0.10000"
2957,0.0000,Tx-Rx,0,-53.8760,"-6.00000 -5.60000 0.90000, -5.05000 6.85000 0.10000"
2958,0.0000,Tx-Rx,0,-54.9489,"-6.00000 -5.60000 0.90000, -4.75000 6.85000 0.10000"
2959,0.0000,Tx-Rx,0,-53.7625,"-6.00000 -5.60000 0.90000, -4.45000 6.85000 0.10000"
2960,0.0000,Tx-Rx,0,-54.9647,"-6.00000 -5.60000 0.90000, -4.15000 6.85000 0.10000"
2961,0.0000,Tx-Rx,0,-58.2723,"-6.00000 -5.60000 0.90000, -3.85000 6.85000 0.10000"
2962,0.0000,Tx-Rx,0,-63.5027,"-6.00000 -5.60000 0.90000, -3.55000 6.85000 0.10000"
2963,0.0000,Tx-Rx,0,-65.0819,"-6.00000 -5.60000 0.90000, -3.25000 6.85000 0.10000"
2964,0.0000,Tx-Rx,0,-63.4705,"-6.00000 -5.60000 0.90000, -2.95000 6.85000 0.10000"
2965,0.0000,Tx-Rx,0,-60.0060,"-6.00000 -5.60000 0.90000, -2.65000 6.85000 0.10000"
2966,0.0000,Tx-Rx,0,-65.3810,"-6.00000 -5.60000 0.90000, -2.35000 6.85000 0.10000"
2967,0.0000,Tx-Rx,0,-66.7577,"-6.00000 -5.60000 0.90000, -2.05000 6.85000 0.10000"
2968,0.0000,Tx-Rx,0,-67.4941,"-6.00000 -5.60000 0.90000, -1.75000 6.85000 0.10000"
2969,0.0000,Tx-Rx,0,-65.6461,"-6.00000 -5.60000 0.90000, -1.45000 6.85000 0.10000"
2970,0.0000,Tx-Rx,0,-65.3159,"-6.00000 -5.60000 0.90000, -1.15000 6.85000 0.10000"
2971,0.0000,Tx-Rx,0,-65.3336,"-6.00000 -5.60000 0.90000, -0.85000 6.85000 0.10000"
2972,0.0000,Tx-Rx,0,-65.2235,"-6.00000 -5.60000 0.90000, -0.55000 6.85000 0.10000"
2973,0.0000,Tx-Rx,0,-60.5995,"-6.00000 -5.60000 0.90000, -0.25000 6.85000 0.10000"
2974,0.0000,Tx-Rx,0,-66.3386,"-6.00000 -5.60000 0.90000, 0.05000 6.85000 0.10000"
2975,0.0000,Tx-Rx,0,-84.4452,"-6.00000 -5.60000 0.90000, 0.35000 6.85000 0.10000"
2976,0.0000,Tx-Rx,0,-83.8022,"-6.00000 -5.60000 0.90000, 0.65000 6.85000 0.10000"
2977,0.0000,Tx-Rx,0,-68.1794,"-6.00000 -5.60000 0.90000, 0.95000 6.85000 0.10000"
2978,0.0000,Tx-Rx,0,-67.5732,"-6.00000 -5.60000 0.90000, 1.25000 6.85000 0.10000"
2979,0.0000,Tx-Rx,0,-67.5335,"-6.00000 -5.60000 0.90000, 1.55000 6.85000 0.10000"
2980,0.0000,Tx-Rx,0,-68.4580,"-6.00000 -5.60000 0.90000, 1.85000 6.85000 0.10000"
2981,0.0000,Tx-Rx,0,-68.4941,"-6.00000 -5.60000 0.90000, 2.15000 6.85000 0.10000"
2982,0.0000,Tx-Rx,0,-76.6713,"-6.00000 -5.60000 0.90000, 2.45000 6.85000 0.10000"
2983,0.0000,Tx-Rx,0,-270.0000,"-6.00000 -5.60000 0.90000, 2.75000 6.85000 0.10000"
2984,0.0000,Tx-Rx,0,-270.0000,"-6.00000 -5.60000 0.90000, 3.05000 6.85000 0.10000"
2985,0.0000,Tx-Rx,0,-97.5616,"-6.00000 -5.60000 0.90000, 3.35000 6.85000 0.10000"
2986,0.0000,Tx-Rx,0,-88.9911,"-6.00000 -5.60000 0.90000, 3.65000 6.85000 0.10000"
2987,0.0000,Tx-Rx,0,-85.9132,"-6.00000 -5.60000 0.90000, 3.95000 6.85000 0.10000"
2988,0.0000,Tx-Rx,0,-75.1269,"-6.00000 -5.60000 0.90000, 4.25000 6.85000 0.10000"
2989,0.0000,Tx-Rx,0,-68.8199,"-6.00000 -5.60000 0.90000, 4.55000 6.85000 0.10000"
2990,0.0000,Tx-Rx,0,-68.1394,"-6.00000 -5.60000 0.90000, 4.85000 6.85000 0.10000"
2991,0.0000,Tx-Rx,0,-74.3062,"-6.00000 -5.60000 0.90000, 5.15000 6.85000 0.10000"
2992,0.0000,Tx-Rx,0,-84.2159,"-6.00000 -5.60000 0.90000, 5.45000 6.85000 0.10000"
2993,0.0000,Tx-Rx,0,-89.0144,"-6.00000 -5.60000 0.90000, 5.75000 6.85000 0.10000"
2994,0.0000,Tx-Rx,0,-88.4018,"-6.00000 -5.60000 0.90000, 6.05000 6.85000 0.10000"
2995,0.0000,Tx-Rx,0,-95.0905,"-6.00000 -5.60000 0.90000, 6.35000 6.85000 0.10000"
2996,0.0000,Tx-Rx,0,-92.9190,"-6.00000 -5.60000 0.90000, 6.65000 6.85000 0.10000"
2997,0.0000,Tx-Rx,0,-93.1275,"-6.00000 -5.60000 0.90000, 6.95000 6.85000 0.10000"
2998,0.0000,Tx-Rx,0,-89.6171,"-6.00000 -5.60000 0.90000, 7.25000 6.85000 0.10000"
2999,0.0000,Tx-Rx,0,-95.6055,"-6.00000 -5.60000 0.90000, 7.55000 6.85000 0.10000"
3000,0.0000,Tx-Rx,0,-101.7186,"-6.00000 -5.60000 0.90000, 7.85000 6.85000 0.10000"
