# WiViz lesson-1 v2 export (Sionna -> Unity: x, z, -y)
mtllib los_creation_1_C.mtl
g Chandelier_2__node0
usemtl itu_glass
v 4.704080 2.067440 -4.860700
v 4.658400 2.067440 -4.879620
v 4.666240 2.067440 -4.898540
v 4.675700 2.355570 -4.889080
v 4.671780 2.355570 -4.879620
v 4.675700 2.355570 -4.870160
v 4.685160 2.067440 -4.852860
v 4.685160 2.355570 -4.866240
v 4.694620 2.355570 -4.870160
v 4.924260 2.172210 -4.640520
v 4.900350 2.103160 -4.646920
v 4.924260 2.081730 -4.640520
v 4.694620 2.355570 -4.889080
v 4.481420 2.172210 -4.675880
v 4.430900 2.181740 -4.675880
v 4.481420 2.181740 -4.675880
v 4.694770 2.751470 -4.870010
v 4.688650 2.740260 -4.876120
v 4.690810 2.749650 -4.873970
v 4.685160 2.913310 -4.879620
v 4.685160 2.907430 -4.879620
v 4.675550 2.903440 -4.889220
v 4.681670 2.390730 -4.876120
v 4.675550 2.401940 -4.870010
v 4.679220 2.385960 -4.873680
v 4.469960 2.103160 -4.646920
v 4.446060 2.172210 -4.640520
v 4.446060 2.081730 -4.640520
v 4.888900 2.172210 -5.133870
v 4.888900 2.181740 -5.083360
v 4.888900 2.181740 -5.133870
v 4.679220 2.933060 -4.873680
v 4.681670 2.937820 -4.876120
v 4.675550 2.949030 -4.870010
v 4.679510 2.506500 -4.885270
v 4.675550 2.508320 -4.889220
v 4.685160 2.518190 -4.879620
v 4.675550 2.964230 -4.889220
v 4.679510 2.962410 -4.885270
v 4.679220 2.948260 -4.885550
v 4.688650 2.588290 -4.876120
v 4.691100 2.583530 -4.873680
v 4.681670 2.588290 -4.883110
v 4.679510 2.658470 -4.885270
v 4.675550 2.660290 -4.889220
v 4.685160 2.670160 -4.879620
v 4.679510 2.932020 -4.885270
v 4.679220 2.917860 -4.885550
v 4.675550 2.933840 -4.889220
v 4.694770 2.933840 -4.870010
v 4.688650 2.922620 -4.876120
v 4.690810 2.932020 -4.873970
v 4.688650 2.861840 -4.876120
v 4.694770 2.873050 -4.870010
v 4.691100 2.857070 -4.873680
v 4.900350 2.103160 -5.112310
v 4.698630 2.081730 -4.893090
v 4.689880 2.103160 -4.901840
v 4.679510 2.856030 -4.873970
v 4.685160 2.867720 -4.879620
v 4.675550 2.857850 -4.870010
v 4.694770 2.994620 -4.870010
v 4.691100 2.978650 -4.873680
v 4.688650 2.983410 -4.876120
v 4.688650 2.649080 -4.876120
v 4.691100 2.644310 -4.873680
v 4.681670 2.649080 -4.883110
v 4.452460 2.103160 -4.664420
v 4.671690 2.081730 -4.866150
v 4.917850 2.103160 -4.664420
v 4.900350 2.172210 -4.646920
v 4.917850 2.172210 -4.664420
v 4.688650 2.801050 -4.876120
v 4.691100 2.796290 -4.873680
v 4.681670 2.801050 -4.883110
v 4.688650 2.618680 -4.876120
v 4.691100 2.613920 -4.873680
v 4.681670 2.618680 -4.883110
v 4.690810 2.947210 -4.885270
v 4.691100 2.933060 -4.885550
v 4.694770 2.949030 -4.889220
v 4.675550 2.812260 -4.889220
v 4.685160 2.822130 -4.879620
v 4.679510 2.810440 -4.885270
v 4.679510 2.780050 -4.885270
v 4.679220 2.765890 -4.885550
v 4.675550 2.781860 -4.889220
v 4.688650 2.405920 -4.876120
v 4.694770 2.417140 -4.870010
v 4.691100 2.401160 -4.873680
v 4.694770 2.614700 -4.889220
v 4.685160 2.624570 -4.879620
v 4.690810 2.612880 -4.885270
v 4.939410 2.172210 -4.675880
v 4.888900 2.181740 -4.675880
v 4.939410 2.181740 -4.675880
v 4.675550 2.721080 -4.889220
v 4.679510 2.719260 -4.885270
v 4.679220 2.705100 -4.885550
v 4.452460 2.103160 -5.094810
v 4.469960 2.172210 -5.112310
v 4.452460 2.172210 -5.094810
v 4.694770 2.705880 -4.889220
v 4.690810 2.704060 -4.885270
v 4.691100 2.689910 -4.885550
v 4.690810 2.840830 -4.873970
v 4.685160 2.852530 -4.879620
v 4.694770 2.842650 -4.870010
v 4.688650 2.633880 -4.883110
v 4.679220 2.629120 -4.873680
v 4.691100 2.629120 -4.885550
v 4.675550 2.766670 -4.870010
v 4.681670 2.755460 -4.876120
v 4.679510 2.764850 -4.873970
v 4.694770 2.766670 -4.889220
v 4.690810 2.764850 -4.885270
v 4.691100 2.750690 -4.885550
v 4.679510 2.749650 -4.885270
v 4.679220 2.735500 -4.885550
v 4.675550 2.751470 -4.889220
v 4.711910 2.067440 -4.879620
v 4.704080 2.067440 -4.898540
v 4.888900 2.172210 -5.083360
v 4.917850 2.172210 -5.094810
v 4.939410 2.172210 -5.083360
v 4.690810 2.856030 -4.885270
v 4.691100 2.841880 -4.885550
v 4.694770 2.857850 -4.889220
v 4.469960 2.172210 -4.646920
v 4.452460 2.172210 -4.664420
v 4.690810 2.734450 -4.885270
v 4.685160 2.746150 -4.879620
v 4.685160 2.740260 -4.879620
v 4.939410 2.181740 -5.083360
v 4.920890 2.181740 -5.115350
v 4.916620 2.181740 -5.099410
v 4.681670 2.816240 -4.876120
v 4.679220 2.811480 -4.873680
v 4.688650 2.816240 -4.883110
v 4.698630 2.081730 -4.866150
v 4.685160 2.654960 -4.879620
v 4.690810 2.643270 -4.885270
v 4.694770 2.645090 -4.889220
v 4.679220 2.674710 -4.885550
v 4.675550 2.690680 -4.889220
v 4.679510 2.688860 -4.885270
v 4.680440 2.103160 -4.857400
v 4.679510 2.384920 -4.885270
v 4.675550 2.386740 -4.889220
v 4.685160 2.396610 -4.879620
v 4.680440 2.103160 -4.901840
v 4.469960 2.103160 -5.112310
v 4.939410 2.181740 -4.625360
v 4.888900 2.172210 -4.625360
v 4.939410 2.172210 -4.625360
v 4.707380 2.103160 -4.874900
v 4.689880 2.103160 -4.857400
v 4.430900 2.181740 -4.625360
v 4.430900 2.172210 -4.675880
v 4.430900 2.172210 -4.625360
v 4.681670 2.785850 -4.876120
v 4.675550 2.797060 -4.870010
v 4.679220 2.781090 -4.873680
v 4.690810 2.962410 -4.873970
v 4.694770 2.964230 -4.870010
v 4.691100 2.948260 -4.873680
v 4.688650 2.679470 -4.876120
v 4.694770 2.690680 -4.870010
v 4.691100 2.674710 -4.873680
v 4.690810 2.400120 -4.885270
v 4.691100 2.385960 -4.885550
v 4.694770 2.401940 -4.889220
v 4.679510 2.415320 -4.885270
v 4.679220 2.401160 -4.885550
v 4.675550 2.417140 -4.889220
v 4.685160 2.989300 -4.879620
v 4.675550 2.979430 -4.870010
v 4.685160 2.983410 -4.879620
v 4.694770 2.371540 -4.889220
v 4.685160 2.381420 -4.879620
v 4.690810 2.369730 -4.885270
v 4.690810 2.430510 -4.885270
v 4.691100 2.416360 -4.885550
v 4.694770 2.432330 -4.889220
v 4.679510 2.445710 -4.885270
v 4.679220 2.431560 -4.885550
v 4.675550 2.447530 -4.889220
v 4.924260 2.172210 -5.118720
v 4.917850 2.103160 -5.094810
v 4.924260 2.081730 -5.118720
v 4.481420 2.172210 -5.083360
v 4.481420 2.181740 -5.133870
v 4.481420 2.181740 -5.083360
v 4.694770 2.721080 -4.870010
v 4.688650 2.709870 -4.876120
v 4.690810 2.719260 -4.873970
v 4.688650 2.451520 -4.883110
v 4.679220 2.446750 -4.873680
v 4.691100 2.446750 -4.885550
v 4.679510 2.597680 -4.885270
v 4.675550 2.599500 -4.889220
v 4.685160 2.609370 -4.879620
v 4.688650 2.968220 -4.883110
v 4.679220 2.963450 -4.873680
v 4.691100 2.963450 -4.885550
v 4.675550 2.873050 -4.889220
v 4.685160 2.877030 -4.879620
v 4.679510 2.871230 -4.885270
v 4.675550 2.477920 -4.889220
v 4.685160 2.487800 -4.879620
v 4.679510 2.476100 -4.885270
v 4.690810 2.491300 -4.885270
v 4.694770 2.493120 -4.889220
v 4.685160 2.502990 -4.879620
v 4.690810 2.780050 -4.873970
v 4.694770 2.781860 -4.870010
v 4.688650 2.770650 -4.876120
v 4.694770 2.508320 -4.870010
v 4.691100 2.492340 -4.873680
v 4.688650 2.497110 -4.876120
v 4.679510 2.536890 -4.885270
v 4.675550 2.538710 -4.889220
v 4.685160 2.548580 -4.879620
v 4.939410 2.172210 -5.133870
v 4.688650 2.527500 -4.876120
v 4.694770 2.538710 -4.870010
v 4.691100 2.522740 -4.873680
v 4.679510 2.521700 -4.873970
v 4.675550 2.523510 -4.870010
v 4.681670 2.512300 -4.876120
v 4.690810 2.521700 -4.885270
v 4.691100 2.507540 -4.885550
v 4.694770 2.523510 -4.889220
v 4.707380 2.103160 -4.884340
v 4.681670 2.892230 -4.883110
v 4.691100 2.887470 -4.873680
v 4.679220 2.887470 -4.885550
v 4.675550 2.569110 -4.889220
v 4.679510 2.567290 -4.885270
v 4.679220 2.553130 -4.885550
v 4.690810 2.567290 -4.873970
v 4.694770 2.569110 -4.870010
v 4.688650 2.557890 -4.876120
v 4.681670 2.542700 -4.876120
v 4.675550 2.553910 -4.870010
v 4.679220 2.537940 -4.873680
v 4.685160 2.563780 -4.879620
v 4.685160 2.557890 -4.879620
v 4.690810 2.552090 -4.885270
v 4.690810 2.582480 -4.885270
v 4.691100 2.568330 -4.885550
v 4.694770 2.584300 -4.889220
v 4.679510 2.582480 -4.873970
v 4.675550 2.584300 -4.870010
v 4.681670 2.573090 -4.876120
v 4.679510 2.734450 -4.873970
v 4.675550 2.736270 -4.870010
v 4.681670 2.725060 -4.876120
v 4.679510 2.628080 -4.885270
v 4.675550 2.629890 -4.889220
v 4.685160 2.639770 -4.879620
v 4.675550 2.675490 -4.870010
v 4.681670 2.664270 -4.876120
v 4.679510 2.673670 -4.873970
v 4.679510 2.992800 -4.885270
v 4.675550 2.994620 -4.889220
v 4.685160 2.998610 -4.879620
v 4.685160 2.837330 -4.879620
v 4.690810 2.825640 -4.885270
v 4.694770 2.827460 -4.889220
v 4.694770 2.918640 -4.889220
v 4.685160 2.922620 -4.879620
v 4.690810 2.916820 -4.885270
v 4.446060 2.172210 -5.118720
v 4.446060 2.081730 -5.118720
v 4.681670 2.603490 -4.876120
v 4.679220 2.598720 -4.873680
v 4.688650 2.603490 -4.883110
v 4.679510 2.704060 -4.873970
v 4.675550 2.705880 -4.870010
v 4.681670 2.694670 -4.876120
v 4.685160 2.472600 -4.879620
v 4.679510 2.460910 -4.873970
v 4.685160 2.466710 -4.879620
v 4.690810 2.795240 -4.885270
v 4.691100 2.781090 -4.885550
v 4.694770 2.797060 -4.889220
v 4.481420 2.172210 -4.625360
v 4.481420 2.181740 -4.625360
v 4.675550 2.432330 -4.870010
v 4.681670 2.421120 -4.876120
v 4.679510 2.430510 -4.873970
v 4.688650 2.466710 -4.876120
v 4.691100 2.461950 -4.873680
v 4.681670 2.466710 -4.883110
v 4.449430 2.181740 -4.643880
v 4.453700 2.181740 -4.659820
v 4.916620 2.181740 -4.659820
v 4.430900 2.172210 -5.083360
v 4.430900 2.181740 -5.083360
v 4.662940 2.103160 -4.874900
v 4.681670 2.375530 -4.883110
v 4.691100 2.370770 -4.873680
v 4.679220 2.370770 -4.885550
v 4.671690 2.081730 -4.893090
v 4.662940 2.103160 -4.884340
v 4.430900 2.181740 -5.133870
v 4.481420 2.172210 -5.133870
v 4.430900 2.172210 -5.133870
v 4.690810 2.445710 -4.873970
v 4.694770 2.447530 -4.870010
v 4.688650 2.436320 -4.876120
v 4.685160 2.355570 -4.892990
v 4.904950 2.181740 -5.111080
v 4.449430 2.181740 -5.115350
v 4.465360 2.181740 -5.111080
v 4.690810 2.673670 -4.885270
v 4.691100 2.659510 -4.885550
v 4.694770 2.675490 -4.889220
v 4.688650 2.360330 -4.883110
v 4.679220 2.355570 -4.873680
v 4.691100 2.355570 -4.885550
v 4.698540 2.355570 -4.879620
v 4.900350 2.172210 -5.112310
v 4.888900 2.172210 -4.675880
v 4.888900 2.181740 -4.625360
v 4.679510 2.840830 -4.885270
v 4.681670 2.831440 -4.883110
v 4.679220 2.826680 -4.885550
v 4.694770 2.888240 -4.889220
v 4.685160 2.892230 -4.879620
v 4.690810 2.886430 -4.885270
v 4.681670 2.481910 -4.876120
v 4.679220 2.477150 -4.873680
v 4.688650 2.481910 -4.883110
v 4.675550 2.918640 -4.870010
v 4.679220 2.902660 -4.873680
v 4.681670 2.907430 -4.876120
v 4.453700 2.181740 -5.099410
v 4.685160 2.067440 -4.906370
v 4.939410 2.181740 -5.133870
v 4.675550 2.888240 -4.870010
v 4.679220 2.872270 -4.873680
v 4.681670 2.877030 -4.876120
v 4.920890 2.181740 -4.643880
v 4.904950 2.181740 -4.648150
v 4.465360 2.181740 -4.648150
v 4.666240 2.067440 -4.860700
v 4.685160 2.755460 -4.879620
v 4.685160 2.761340 -4.879620
v 4.691100 2.735500 -4.873680
v 4.681670 2.740260 -4.883110
v 4.694770 2.903440 -4.870010
v 4.688650 2.892230 -4.876120
v 4.690810 2.901620 -4.873970
v 4.679510 2.901620 -4.885270
v 4.679510 2.400120 -4.873970
v 4.679510 2.947210 -4.873970
v 4.688650 2.937820 -4.883110
v 4.681670 2.497110 -4.883110
v 4.679220 2.492340 -4.885550
v 4.685160 2.512300 -4.879620
v 4.685160 2.974100 -4.879620
v 4.681670 2.953020 -4.883110
v 4.685160 2.968220 -4.879620
v 4.694770 2.599500 -4.870010
v 4.679220 2.644310 -4.885550
v 4.694770 2.660290 -4.870010
v 4.690810 2.658470 -4.873970
v 4.685160 2.664270 -4.879620
v 4.685160 2.943710 -4.879620
v 4.685160 2.937820 -4.879620
v 4.681670 2.922620 -4.883110
v 4.691100 2.917860 -4.873680
v 4.690810 2.871230 -4.873970
v 4.685160 2.882920 -4.879620
v 4.679220 2.857070 -4.885550
v 4.681670 2.861840 -4.883110
v 4.685160 2.861840 -4.879620
v 4.679220 2.841880 -4.873680
v 4.688650 2.846640 -4.883110
v 4.681670 2.846640 -4.876120
v 4.679220 2.978650 -4.885550
v 4.681670 2.983410 -4.883110
v 4.690810 2.992800 -4.873970
v 4.694770 2.812260 -4.870010
v 4.694770 2.629890 -4.870010
v 4.685160 2.958900 -4.879620
v 4.685160 2.953020 -4.879620
v 4.690810 2.810440 -4.873970
v 4.679220 2.796290 -4.885550
v 4.685160 2.816240 -4.879620
v 4.681670 2.770650 -4.883110
v 4.685160 2.785850 -4.879620
v 4.690810 2.415320 -4.873970
v 4.675550 2.614700 -4.870010
v 4.679510 2.612880 -4.873970
v 4.691100 2.598720 -4.885550
v 4.685160 2.618680 -4.879620
v 4.685160 2.725060 -4.879620
v 4.681670 2.709870 -4.883110
v 4.685160 2.715750 -4.879620
v 4.688650 2.694670 -4.883110
v 4.685160 2.709870 -4.879620
v 4.685160 2.846640 -4.879620
v 4.691100 2.826680 -4.873680
v 4.688650 2.831440 -4.876120
v 4.675550 2.842650 -4.889220
v 4.681670 2.633880 -4.876120
v 4.685160 2.770650 -4.879620
v 4.685160 2.776540 -4.879620
v 4.679220 2.750690 -4.873680
v 4.688650 2.755460 -4.883110
v 4.688650 2.725060 -4.883110
v 4.691100 2.720300 -4.885550
v 4.694770 2.736270 -4.889220
v 4.675550 2.827460 -4.870010
v 4.675550 2.645090 -4.870010
v 4.679510 2.643270 -4.873970
v 4.685160 2.649080 -4.879620
v 4.685160 2.700550 -4.879620
v 4.690810 2.688860 -4.873970
v 4.685160 2.694670 -4.879620
v 4.681670 2.679470 -4.883110
v 4.694770 2.386740 -4.870010
v 4.688650 2.375530 -4.876120
v 4.690810 2.384920 -4.873970
v 4.685160 2.390730 -4.879620
v 4.679510 2.795240 -4.873970
v 4.688650 2.953020 -4.876120
v 4.685160 2.411810 -4.879620
v 4.685160 2.405920 -4.879620
v 4.688650 2.390730 -4.883110
v 4.681670 2.405920 -4.883110
v 4.685160 2.427010 -4.879620
v 4.685160 2.421120 -4.879620
v 4.690810 2.977610 -4.885270
v 4.694770 2.979430 -4.889220
v 4.681670 2.968220 -4.876120
v 4.679510 2.977610 -4.873970
v 4.675550 2.371540 -4.870010
v 4.681670 2.360330 -4.876120
v 4.679510 2.369730 -4.873970
v 4.685160 2.375530 -4.879620
v 4.688650 2.421120 -4.883110
v 4.685160 2.436320 -4.879620
v 4.681670 2.436320 -4.883110
v 4.691100 2.431560 -4.873680
v 4.685160 2.457400 -4.879620
v 4.685160 2.451520 -4.879620
v 4.685160 2.730950 -4.879620
v 4.691100 2.705100 -4.873680
v 4.694770 2.462730 -4.889220
v 4.690810 2.460910 -4.885270
v 4.675550 2.462730 -4.870010
v 4.681670 2.451520 -4.876120
v 4.679220 2.583530 -4.885550
v 4.690810 2.597680 -4.873970
v 4.685160 2.603490 -4.879620
v 4.694770 2.477920 -4.870010
v 4.690810 2.476100 -4.873970
v 4.679220 2.461950 -4.885550
v 4.685160 2.481910 -4.879620
v 4.691100 2.477150 -4.885550
v 4.675550 2.493120 -4.870010
v 4.679510 2.491300 -4.873970
v 4.685160 2.497110 -4.879620
v 4.685160 2.791740 -4.879620
v 4.691100 2.765890 -4.873680
v 4.690810 2.506500 -4.873970
v 4.681670 2.527500 -4.883110
v 4.679220 2.522740 -4.885550
v 4.685160 2.542700 -4.879620
v 4.690810 2.536890 -4.873970
v 4.685160 2.527500 -4.879620
v 4.685160 2.533390 -4.879620
v 4.679220 2.507540 -4.873680
v 4.688650 2.512300 -4.883110
v 4.685160 2.573090 -4.879620
v 4.681670 2.557890 -4.883110
v 4.685160 2.578980 -4.879620
v 4.691100 2.553130 -4.873680
v 4.691100 2.537940 -4.885550
v 4.694770 2.553910 -4.889220
v 4.688650 2.542700 -4.883110
v 4.679510 2.552090 -4.873970
v 4.688650 2.573090 -4.883110
v 4.685160 2.588290 -4.879620
v 4.685160 2.594180 -4.879620
v 4.679220 2.568330 -4.873680
v 4.679220 2.720300 -4.873680
v 4.679220 2.613920 -4.885550
v 4.690810 2.628080 -4.873970
v 4.685160 2.633880 -4.879620
v 4.685160 2.679470 -4.879620
v 4.685160 2.685360 -4.879620
v 4.679220 2.659510 -4.873680
v 4.688650 2.664270 -4.883110
v 4.685160 3.004500 -4.879620
v 4.679510 2.825640 -4.873970
v 4.691100 2.811480 -4.885550
v 4.685160 2.831440 -4.879620
v 4.685160 2.928510 -4.879620
v 4.679220 2.689910 -4.873680
v 4.685160 2.806930 -4.879620
v 4.685160 2.801050 -4.879620
v 4.688650 2.785850 -4.883110
v 4.685160 2.442200 -4.879620
v 4.679220 2.416360 -4.873680
v 4.685160 2.898120 -4.879620
v 4.679510 2.916820 -4.873970
v 4.691100 2.902660 -4.885550
v 4.688650 2.907430 -4.883110
v 4.679510 2.886430 -4.873970
v 4.691100 2.872270 -4.885550
v 4.688650 2.877030 -4.883110
v 4.487280 2.343660 -5.139730
v 4.456160 2.229360 -5.165760
v 4.456160 2.343660 -5.152620
v 4.487280 2.343660 -5.077500
v 4.513310 2.229360 -5.108610
v 4.500170 2.343660 -5.108610
v 4.945270 2.343660 -5.077500
v 4.971300 2.229360 -5.108610
v 4.958160 2.343660 -5.108610
v 4.465360 2.260320 -5.111080
v 4.449430 2.260320 -5.115350
v 4.487280 2.343660 -4.619500
v 4.456160 2.229360 -4.593470
v 4.496570 2.229360 -4.610210
v 4.904950 2.260320 -4.648150
v 4.920890 2.260320 -4.643880
v 4.916620 2.260320 -4.659820
v 4.453700 2.260320 -5.099410
v 4.958160 2.343660 -4.650620
v 4.954570 2.229360 -4.610210
v 4.971300 2.229360 -4.650620
v 4.449430 2.260320 -4.643880
v 4.465360 2.260320 -4.648150
v 4.916620 2.260320 -5.099410
v 4.920890 2.260320 -5.115350
v 4.453700 2.260320 -4.659820
v 4.883040 2.343660 -4.619500
v 4.914150 2.229360 -4.593470
v 4.914150 2.343660 -4.606610
v 4.412160 2.343660 -5.108610
v 4.415750 2.229360 -5.068200
v 4.425040 2.343660 -5.077500
v 4.945270 2.343660 -5.139730
v 4.954570 2.229360 -5.149020
v 4.883040 2.343660 -5.077500
v 4.914150 2.229360 -5.051460
v 4.914150 2.343660 -5.064610
v 4.954570 2.229360 -5.068200
v 4.883040 2.343660 -4.681740
v 4.857000 2.229360 -4.650620
v 4.870150 2.343660 -4.650620
v 4.945270 2.343660 -4.619500
v 4.857000 2.229360 -5.108610
v 4.870150 2.343660 -5.108610
v 4.883040 2.343660 -5.139730
v 4.914150 2.229360 -5.165760
v 4.873740 2.229360 -5.149020
v 4.456160 2.229360 -5.051460
v 4.456160 2.343660 -5.064610
v 4.954570 2.229360 -4.691030
v 4.945270 2.343660 -4.681740
v 4.513310 2.229360 -4.650620
v 4.500170 2.343660 -4.650620
v 4.873740 2.229360 -4.610210
v 4.456160 2.343660 -4.606610
v 4.415750 2.229360 -4.610210
v 4.914150 2.229360 -4.707770
v 4.914150 2.343660 -4.694630
v 4.425040 2.343660 -4.619500
v 4.399010 2.229360 -4.650620
v 4.904950 2.260320 -5.111080
v 4.456160 2.343660 -4.694630
v 4.415750 2.229360 -4.691030
v 4.425040 2.343660 -4.681740
v 4.487280 2.343660 -4.681740
v 4.496570 2.229360 -5.149020
v 4.425040 2.343660 -5.139730
v 4.415750 2.229360 -5.149020
v 4.399010 2.229360 -5.108610
v 4.412160 2.343660 -4.650620
v 4.456160 2.229360 -4.707770
v 4.496570 2.229360 -5.068200
v 4.873740 2.229360 -5.068200
v 4.873740 2.229360 -4.691030
v 4.914150 2.343660 -5.152620
v 4.496570 2.229360 -4.691030
f 1 2 3
f 4 2 5
f 6 7 8
f 8 1 9
f 10 11 12
f 13 4 6
f 14 15 16
f 17 18 19
f 20 21 22
f 23 24 25
f 26 27 28
f 29 30 31
f 32 33 34
f 35 36 37
f 38 39 40
f 41 42 43
f 44 45 46
f 47 48 49
f 50 51 52
f 53 54 55
f 56 57 58
f 59 60 61
f 62 63 64
f 65 66 67
f 68 69 28
f 70 71 72
f 73 74 75
f 76 77 78
f 79 80 81
f 82 83 84
f 85 86 87
f 88 89 90
f 91 92 93
f 94 95 96
f 97 98 99
f 100 101 102
f 103 104 105
f 106 107 108
f 109 110 111
f 112 113 114
f 115 116 117
f 118 119 120
f 13 121 122
f 123 124 125
f 126 127 128
f 14 129 130
f 131 132 133
f 134 135 136
f 137 138 139
f 11 140 12
f 141 142 143
f 144 145 146
f 26 69 147
f 148 149 150
f 100 151 152
f 72 94 10
f 153 154 155
f 11 156 157
f 158 159 160
f 161 162 163
f 164 165 166
f 167 168 169
f 170 171 172
f 173 174 175
f 27 68 28
f 176 177 178
f 179 180 181
f 182 183 184
f 185 186 187
f 188 189 190
f 96 155 94
f 191 192 193
f 194 195 196
f 197 198 199
f 200 201 202
f 203 204 205
f 206 207 208
f 209 210 211
f 70 10 12
f 212 213 214
f 215 216 217
f 218 219 220
f 221 222 223
f 31 224 29
f 225 226 227
f 228 229 230
f 231 232 233
f 56 234 189
f 123 134 30
f 235 236 237
f 238 239 240
f 241 242 243
f 244 245 246
f 247 248 249
f 27 159 130
f 250 251 252
f 253 254 255
f 256 257 258
f 259 260 261
f 262 263 264
f 265 266 267
f 2 6 5
f 268 269 270
f 271 272 273
f 274 152 275
f 276 277 278
f 156 140 157
f 279 280 281
f 282 283 284
f 285 286 287
f 26 130 129
f 288 16 289
f 290 291 292
f 293 294 295
f 15 296 297
f 95 298 96
f 299 193 300
f 147 69 301
f 68 147 301
f 189 57 190
f 302 303 304
f 100 305 306
f 307 308 309
f 100 274 275
f 310 311 312
f 306 305 151
f 289 160 288
f 313 3 4
f 30 314 31
f 192 315 316
f 317 318 319
f 70 140 156
f 320 321 322
f 9 121 323
f 56 124 324
f 325 326 95
f 327 328 329
f 330 331 332
f 58 57 234
f 333 334 335
f 336 337 338
f 193 339 300
f 313 122 340
f 341 125 224
f 56 188 190
f 191 101 308
f 188 29 224
f 342 343 344
f 326 345 346
f 16 347 289
f 152 305 275
f 299 274 102
f 71 154 325
f 300 309 299
f 3 340 122
f 122 121 3
f 1 7 348
f 348 2 1
f 3 121 1
f 4 3 2
f 6 348 7
f 8 7 1
f 10 71 11
f 6 8 9
f 9 323 13
f 13 313 4
f 4 5 6
f 6 9 13
f 14 159 15
f 349 120 350
f 351 119 352
f 351 352 18
f 349 350 19
f 351 18 17
f 19 350 17
f 353 236 354
f 353 354 355
f 235 237 356
f 356 237 22
f 20 353 21
f 21 356 22
f 353 355 21
f 23 357 24
f 26 129 27
f 29 123 30
f 358 34 33
f 32 359 33
f 360 219 361
f 37 218 362
f 35 360 361
f 37 362 35
f 35 361 36
f 38 363 39
f 39 364 40
f 363 365 39
f 41 366 42
f 67 66 367
f 368 65 369
f 368 369 46
f 67 367 45
f 44 67 45
f 46 369 370
f 370 44 46
f 371 372 47
f 47 373 48
f 49 371 47
f 52 372 50
f 374 48 373
f 374 373 51
f 372 371 50
f 374 51 50
f 375 207 376
f 377 206 208
f 377 208 378
f 375 376 54
f 377 378 55
f 53 375 54
f 55 378 53
f 56 190 57
f 379 126 128
f 380 127 381
f 380 381 382
f 379 128 60
f 380 382 59
f 59 379 60
f 61 380 59
f 383 266 384
f 383 384 63
f 385 267 62
f 63 384 64
f 64 385 62
f 65 368 66
f 68 301 69
f 70 11 71
f 73 386 74
f 76 387 77
f 388 34 358
f 388 358 389
f 359 32 80
f 388 389 79
f 79 359 80
f 81 388 79
f 386 73 390
f 386 390 83
f 75 74 391
f 84 75 391
f 83 390 392
f 84 391 82
f 83 392 84
f 85 393 86
f 87 394 85
f 88 395 89
f 396 276 397
f 396 397 92
f 278 277 398
f 93 278 398
f 92 397 399
f 93 398 91
f 92 399 93
f 94 325 95
f 97 400 98
f 98 401 99
f 100 152 101
f 103 402 104
f 104 403 105
f 402 404 104
f 405 327 107
f 406 328 407
f 406 407 108
f 327 408 107
f 108 407 106
f 106 405 107
f 109 409 110
f 114 410 411
f 412 117 413
f 412 413 113
f 114 411 112
f 412 113 112
f 115 411 116
f 116 413 117
f 411 410 116
f 118 352 119
f 120 349 118
f 13 323 121
f 123 324 124
f 126 381 127
f 288 160 27
f 288 27 129
f 130 159 14
f 14 288 129
f 131 414 415
f 416 132 131
f 131 415 416
f 134 341 135
f 137 417 138
f 11 157 140
f 418 110 409
f 418 409 419
f 109 111 143
f 142 109 143
f 141 418 419
f 420 142 141
f 141 419 420
f 421 168 422
f 421 422 423
f 167 169 424
f 424 169 144
f 145 421 423
f 146 424 144
f 145 423 146
f 26 28 69
f 148 302 149
f 425 303 426
f 425 426 427
f 302 304 149
f 425 427 150
f 428 148 150
f 150 427 428
f 100 306 151
f 155 10 94
f 72 325 94
f 153 326 154
f 11 70 156
f 158 15 159
f 161 429 162
f 164 365 363
f 166 40 364
f 166 364 430
f 164 363 165
f 166 430 164
f 167 422 168
f 431 24 357
f 431 357 432
f 23 25 433
f 433 25 171
f 172 431 170
f 170 433 171
f 431 432 170
f 434 88 90
f 435 89 395
f 435 395 436
f 434 90 174
f 435 436 173
f 173 434 174
f 175 435 173
f 27 130 68
f 437 438 176
f 177 439 440
f 178 437 176
f 177 440 178
f 441 321 442
f 441 442 443
f 320 322 179
f 181 320 179
f 180 441 443
f 444 181 180
f 180 443 444
f 182 445 183
f 184 446 182
f 447 448 186
f 187 449 185
f 185 447 186
f 449 450 185
f 188 124 189
f 96 153 155
f 191 308 192
f 400 97 451
f 452 99 401
f 452 401 195
f 400 451 196
f 452 195 194
f 196 451 194
f 453 282 454
f 282 284 454
f 283 455 456
f 456 455 198
f 199 453 454
f 197 456 198
f 199 454 197
f 43 42 457
f 366 41 458
f 366 458 202
f 43 457 201
f 200 43 201
f 202 458 459
f 459 200 202
f 439 177 204
f 205 438 437
f 203 439 204
f 205 437 203
f 206 376 207
f 460 293 461
f 460 461 210
f 295 462 211
f 211 462 209
f 210 461 463
f 463 211 210
f 70 72 10
f 335 334 464
f 465 333 466
f 465 466 214
f 335 464 213
f 212 335 213
f 214 466 467
f 467 212 214
f 394 87 468
f 469 86 393
f 469 393 217
f 394 468 215
f 469 217 216
f 215 468 216
f 470 362 218
f 219 360 220
f 220 470 218
f 471 227 472
f 223 226 473
f 221 471 472
f 223 473 221
f 221 472 222
f 31 341 224
f 474 473 226
f 227 471 225
f 225 474 226
f 228 475 476
f 477 232 478
f 477 478 230
f 228 476 229
f 477 230 229
f 476 475 231
f 231 478 232
f 233 476 231
f 56 58 234
f 123 125 134
f 235 354 236
f 238 479 239
f 239 480 240
f 479 238 481
f 482 240 480
f 482 480 243
f 479 481 241
f 482 243 242
f 241 481 242
f 483 484 485
f 483 485 246
f 248 247 486
f 486 247 245
f 246 485 244
f 244 486 245
f 484 247 249
f 249 485 484
f 27 160 159
f 250 487 251
f 252 488 250
f 488 252 489
f 490 251 487
f 490 487 255
f 488 489 253
f 490 255 254
f 253 489 254
f 256 133 132
f 491 415 414
f 491 414 258
f 256 132 257
f 491 258 257
f 78 77 492
f 387 76 493
f 387 493 261
f 78 492 260
f 259 78 260
f 261 493 494
f 494 259 261
f 495 319 496
f 497 318 498
f 497 498 263
f 495 496 264
f 497 263 262
f 264 496 262
f 499 62 267
f 265 384 266
f 499 267 266
f 2 348 6
f 417 137 500
f 417 500 268
f 139 138 501
f 269 139 501
f 268 500 502
f 269 501 270
f 268 502 269
f 271 503 272
f 274 101 152
f 276 396 277
f 279 404 402
f 504 105 403
f 504 403 281
f 279 402 280
f 504 281 280
f 282 455 283
f 505 162 429
f 505 429 506
f 161 163 507
f 507 163 286
f 287 505 285
f 285 507 286
f 505 506 285
f 26 68 130
f 288 14 16
f 446 184 508
f 509 183 445
f 509 445 291
f 446 508 292
f 509 291 290
f 292 508 290
f 293 460 294
f 294 462 295
f 15 158 296
f 95 326 346
f 298 345 96
f 95 346 298
f 345 153 96
f 299 191 193
f 68 26 147
f 189 234 57
f 302 426 303
f 100 275 305
f 307 192 308
f 100 102 274
f 310 450 449
f 448 447 312
f 310 449 311
f 448 312 311
f 289 158 160
f 313 340 3
f 30 134 136
f 314 135 31
f 30 136 314
f 135 341 31
f 192 307 315
f 317 498 318
f 319 495 317
f 70 12 140
f 320 442 321
f 9 1 121
f 56 189 124
f 325 154 326
f 329 408 327
f 328 406 329
f 330 510 331
f 333 465 334
f 511 272 503
f 512 271 273
f 512 273 513
f 511 503 336
f 512 513 337
f 338 511 336
f 337 513 338
f 193 192 316
f 339 315 300
f 193 316 339
f 315 307 300
f 313 13 122
f 341 134 125
f 56 324 188
f 191 102 101
f 324 123 29
f 224 125 188
f 188 324 29
f 125 124 188
f 514 331 510
f 515 330 332
f 515 332 516
f 514 510 342
f 515 516 343
f 344 514 342
f 343 516 344
f 326 153 345
f 16 15 297
f 347 296 289
f 16 297 347
f 296 158 289
f 152 151 305
f 309 308 274
f 308 101 274
f 102 191 299
f 309 274 299
f 71 10 154
f 325 72 71
f 10 155 154
f 300 307 309
f 517 518 519
f 520 521 522
f 523 524 525
f 526 315 527
f 528 529 530
f 531 345 532
f 532 298 533
f 298 531 533
f 527 339 534
f 535 536 537
f 538 347 539
f 540 135 541
f 347 542 539
f 543 544 545
f 546 547 548
f 549 524 550
f 551 552 553
f 339 526 534
f 553 554 523
f 555 556 557
f 558 544 536
f 559 551 560
f 561 562 563
f 564 520 565
f 532 533 531
f 535 566 567
f 528 568 569
f 557 570 543
f 571 572 529
f 573 555 574
f 575 576 572
f 538 539 542
f 574 566 573
f 314 540 577
f 542 296 538
f 578 579 580
f 565 547 564
f 560 563 559
f 568 581 569
f 527 534 526
f 541 314 577
f 562 549 550
f 522 582 517
f 583 518 584
f 585 583 584
f 580 576 586
f 541 577 540
f 581 587 578
f 517 582 518
f 520 588 521
f 523 554 524
f 526 316 315
f 528 571 529
f 531 346 345
f 532 345 298
f 298 346 531
f 527 315 339
f 535 558 536
f 538 296 347
f 540 136 135
f 347 297 542
f 543 570 544
f 546 585 547
f 549 525 524
f 551 589 552
f 339 316 526
f 553 552 554
f 555 590 556
f 558 545 544
f 559 589 551
f 561 591 562
f 564 588 520
f 535 537 566
f 528 530 568
f 557 556 570
f 571 575 572
f 573 590 555
f 575 586 576
f 574 567 566
f 314 136 540
f 542 297 296
f 578 587 579
f 565 548 547
f 560 561 563
f 568 592 581
f 541 135 314
f 562 591 549
f 522 521 582
f 583 519 518
f 585 546 583
f 580 579 576
f 581 592 587
g Chandelier_node0
usemtl itu_glass
v -3.881060 2.067440 -0.189796
v -3.899980 2.067440 -0.235471
v -3.881060 2.067440 -0.243307
v -3.881060 2.355570 -0.229929
v -3.890520 2.355570 -0.226011
v -3.894440 2.355570 -0.216552
v -3.899980 2.067440 -0.197633
v -3.890520 2.355570 -0.207092
v -3.881060 2.355570 -0.203174
v -3.881060 2.172210 0.121586
v -3.893440 2.103160 0.100155
v -3.881060 2.081730 0.121586
v -3.867690 2.355570 -0.216552
v -4.169200 2.172210 -0.216552
v -4.204910 2.181740 -0.252270
v -4.169200 2.181740 -0.216552
v -3.881060 2.751470 -0.202963
v -3.881060 2.740260 -0.211614
v -3.881060 2.749650 -0.208562
v -3.881060 2.913310 -0.216552
v -3.881060 2.907430 -0.216552
v -3.881060 2.903440 -0.230140
v -3.886000 2.390730 -0.216552
v -3.894650 2.401940 -0.216552
v -3.889460 2.385960 -0.216552
v -4.197770 2.103160 -0.204178
v -4.219200 2.172210 -0.216552
v -4.219200 2.081730 -0.216552
v -3.557210 2.172210 -0.252270
v -3.592930 2.181740 -0.216552
v -3.557210 2.181740 -0.252270
v -3.889460 2.933060 -0.216552
v -3.886000 2.937820 -0.216552
v -3.894650 2.949030 -0.216552
v -3.881060 2.506500 -0.224541
v -3.881060 2.508320 -0.230140
v -3.881060 2.518190 -0.216552
v -3.881060 2.964230 -0.230140
v -3.881060 2.962410 -0.224541
v -3.881060 2.948260 -0.224950
v -3.881060 2.588290 -0.211614
v -3.881060 2.583530 -0.208154
v -3.881060 2.588290 -0.221489
v -3.881060 2.658470 -0.224541
v -3.881060 2.660290 -0.230140
v -3.881060 2.670160 -0.216552
v -3.881060 2.932020 -0.224541
v -3.881060 2.917860 -0.224950
v -3.881060 2.933840 -0.230140
v -3.881060 2.933840 -0.202963
v -3.881060 2.922620 -0.211614
v -3.881060 2.932020 -0.208562
v -3.881060 2.861840 -0.211614
v -3.881060 2.873050 -0.202963
v -3.881060 2.857070 -0.208154
v -3.564360 2.103160 -0.228925
v -3.862010 2.081730 -0.216552
v -3.862010 2.103160 -0.228925
v -3.889050 2.856030 -0.216552
v -3.881060 2.867720 -0.216552
v -3.894650 2.857850 -0.216552
v -3.881060 2.994620 -0.202963
v -3.881060 2.978650 -0.208154
v -3.881060 2.983410 -0.211614
v -3.881060 2.649080 -0.211614
v -3.881060 2.644310 -0.208154
v -3.881060 2.649080 -0.221489
v -4.197770 2.103160 -0.228925
v -3.900110 2.081730 -0.216552
v -3.868690 2.103160 0.100155
v -3.893440 2.172210 0.100155
v -3.868690 2.172210 0.100155
v -3.881060 2.801050 -0.211614
v -3.881060 2.796290 -0.208154
v -3.881060 2.801050 -0.221489
v -3.881060 2.618680 -0.211614
v -3.881060 2.613920 -0.208154
v -3.881060 2.618680 -0.221489
v -3.873080 2.947210 -0.216552
v -3.872670 2.933060 -0.216552
v -3.867480 2.949030 -0.216552
v -3.881060 2.812260 -0.230140
v -3.881060 2.822130 -0.216552
v -3.881060 2.810440 -0.224541
v -3.881060 2.780050 -0.224541
v -3.881060 2.765890 -0.224950
v -3.881060 2.781860 -0.230140
v -3.881060 2.405920 -0.211614
v -3.881060 2.417140 -0.202963
v -3.881060 2.401160 -0.208154
v -3.867480 2.614700 -0.216552
v -3.881060 2.624570 -0.216552
v -3.873080 2.612880 -0.216552
v -3.845350 2.172210 0.107298
v -3.881060 2.181740 0.071580
v -3.845350 2.181740 0.107298
v -3.881060 2.721080 -0.230140
v -3.881060 2.719260 -0.224541
v -3.881060 2.705100 -0.224950
v -3.893440 2.103160 -0.533258
v -3.868690 2.172210 -0.533258
v -3.893440 2.172210 -0.533258
v -3.867480 2.705880 -0.216552
v -3.873080 2.704060 -0.216552
v -3.872670 2.689910 -0.216552
v -3.881060 2.840830 -0.208562
v -3.881060 2.852530 -0.216552
v -3.881060 2.842650 -0.202963
v -3.876130 2.633880 -0.216552
v -3.889460 2.629120 -0.216552
v -3.872670 2.629120 -0.216552
v -3.894650 2.766670 -0.216552
v -3.886000 2.755460 -0.216552
v -3.889050 2.764850 -0.216552
v -3.867480 2.766670 -0.216552
v -3.873080 2.764850 -0.216552
v -3.872670 2.750690 -0.216552
v -3.881060 2.749650 -0.224541
v -3.881060 2.735500 -0.224950
v -3.881060 2.751470 -0.230140
v -3.862150 2.067440 -0.197633
v -3.854310 2.067440 -0.216552
v -3.592930 2.172210 -0.216552
v -3.564360 2.172210 -0.204178
v -3.557210 2.172210 -0.180833
v -3.873080 2.856030 -0.216552
v -3.872670 2.841880 -0.216552
v -3.867480 2.857850 -0.216552
v -4.197770 2.172210 -0.204178
v -4.197770 2.172210 -0.228925
v -3.873080 2.734450 -0.216552
v -3.881060 2.746150 -0.216552
v -3.881060 2.740260 -0.216552
v -3.557210 2.181740 -0.180833
v -3.547690 2.181740 -0.216552
v -3.561980 2.181740 -0.208303
v -3.886000 2.816240 -0.216552
v -3.889460 2.811480 -0.216552
v -3.876130 2.816240 -0.216552
v -3.881060 2.081730 -0.197502
v -3.881060 2.654960 -0.216552
v -3.873080 2.643270 -0.216552
v -3.867480 2.645090 -0.216552
v -3.881060 2.674710 -0.224950
v -3.881060 2.690680 -0.230140
v -3.881060 2.688860 -0.224541
v -3.900110 2.103160 -0.204178
v -3.881060 2.384920 -0.224541
v -3.881060 2.386740 -0.230140
v -3.881060 2.396610 -0.216552
v -3.868690 2.103160 -0.235602
v -3.868690 2.103160 -0.533258
v -3.881060 2.181740 0.143017
v -3.916780 2.172210 0.107298
v -3.881060 2.172210 0.143017
v -3.868690 2.103160 -0.197502
v -3.893440 2.103160 -0.197502
v -4.240630 2.181740 -0.216552
v -4.204910 2.172210 -0.252270
v -4.240630 2.172210 -0.216552
v -3.886000 2.785850 -0.216552
v -3.894650 2.797060 -0.216552
v -3.889460 2.781090 -0.216552
v -3.881060 2.962410 -0.208562
v -3.881060 2.964230 -0.202963
v -3.881060 2.948260 -0.208154
v -3.881060 2.679470 -0.211614
v -3.881060 2.690680 -0.202963
v -3.881060 2.674710 -0.208154
v -3.873080 2.400120 -0.216552
v -3.872670 2.385960 -0.216552
v -3.867480 2.401940 -0.216552
v -3.881060 2.415320 -0.224541
v -3.881060 2.401160 -0.224950
v -3.881060 2.417140 -0.230140
v -3.881060 2.989300 -0.216552
v -3.894650 2.979430 -0.216552
v -3.881060 2.983410 -0.216552
v -3.867480 2.371540 -0.216552
v -3.881060 2.381420 -0.216552
v -3.873080 2.369730 -0.216552
v -3.873080 2.430510 -0.216552
v -3.872670 2.416360 -0.216552
v -3.867480 2.432330 -0.216552
v -3.881060 2.445710 -0.224541
v -3.881060 2.431560 -0.224950
v -3.881060 2.447530 -0.230140
v -3.542930 2.172210 -0.216552
v -3.564360 2.103160 -0.204178
v -3.542930 2.081730 -0.216552
v -3.881060 2.172210 -0.504683
v -3.845350 2.181740 -0.540402
v -3.881060 2.181740 -0.504683
v -3.881060 2.721080 -0.202963
v -3.881060 2.709870 -0.211614
v -3.881060 2.719260 -0.208562
v -3.876130 2.451520 -0.216552
v -3.889460 2.446750 -0.216552
v -3.872670 2.446750 -0.216552
v -3.881060 2.597680 -0.224541
v -3.881060 2.599500 -0.230140
v -3.881060 2.609370 -0.216552
v -3.876130 2.968220 -0.216552
v -3.889460 2.963450 -0.216552
v -3.872670 2.963450 -0.216552
v -3.881060 2.873050 -0.230140
v -3.881060 2.877030 -0.216552
v -3.881060 2.871230 -0.224541
v -3.881060 2.477920 -0.230140
v -3.881060 2.487800 -0.216552
v -3.881060 2.476100 -0.224541
v -3.873080 2.491300 -0.216552
v -3.867480 2.493120 -0.216552
v -3.881060 2.502990 -0.216552
v -3.881060 2.780050 -0.208562
v -3.881060 2.781860 -0.202963
v -3.881060 2.770650 -0.211614
v -3.881060 2.508320 -0.202963
v -3.881060 2.492340 -0.208154
v -3.881060 2.497110 -0.211614
v -3.881060 2.536890 -0.224541
v -3.881060 2.538710 -0.230140
v -3.881060 2.548580 -0.216552
v -3.521500 2.172210 -0.216552
v -3.881060 2.527500 -0.211614
v -3.881060 2.538710 -0.202963
v -3.881060 2.522740 -0.208154
v -3.889050 2.521700 -0.216552
v -3.894650 2.523510 -0.216552
v -3.886000 2.512300 -0.216552
v -3.873080 2.521700 -0.216552
v -3.872670 2.507540 -0.216552
v -3.867480 2.523510 -0.216552
v -3.862010 2.103160 -0.204178
v -3.881060 2.892230 -0.221489
v -3.881060 2.887470 -0.208154
v -3.881060 2.887470 -0.224950
v -3.881060 2.569110 -0.230140
v -3.881060 2.567290 -0.224541
v -3.881060 2.553130 -0.224950
v -3.881060 2.567290 -0.208562
v -3.881060 2.569110 -0.202963
v -3.881060 2.557890 -0.211614
v -3.886000 2.542700 -0.216552
v -3.894650 2.553910 -0.216552
v -3.889460 2.537940 -0.216552
v -3.881060 2.563780 -0.216552
v -3.881060 2.557890 -0.216552
v -3.873080 2.552090 -0.216552
v -3.873080 2.582480 -0.216552
v -3.872670 2.568330 -0.216552
v -3.867480 2.584300 -0.216552
v -3.889050 2.582480 -0.216552
v -3.894650 2.584300 -0.216552
v -3.886000 2.573090 -0.216552
v -3.889050 2.734450 -0.216552
v -3.894650 2.736270 -0.216552
v -3.886000 2.725060 -0.216552
v -3.881060 2.628080 -0.224541
v -3.881060 2.629890 -0.230140
v -3.881060 2.639770 -0.216552
v -3.894650 2.675490 -0.216552
v -3.886000 2.664270 -0.216552
v -3.889050 2.673670 -0.216552
v -3.881060 2.992800 -0.224541
v -3.881060 2.994620 -0.230140
v -3.881060 2.998610 -0.216552
v -3.881060 2.837330 -0.216552
v -3.873080 2.825640 -0.216552
v -3.867480 2.827460 -0.216552
v -3.867480 2.918640 -0.216552
v -3.881060 2.922620 -0.216552
v -3.873080 2.916820 -0.216552
v -3.881060 2.172210 -0.554689
v -3.881060 2.081730 -0.554689
v -3.886000 2.603490 -0.216552
v -3.889460 2.598720 -0.216552
v -3.876130 2.603490 -0.216552
v -3.889050 2.704060 -0.216552
v -3.894650 2.705880 -0.216552
v -3.886000 2.694670 -0.216552
v -3.881060 2.472600 -0.216552
v -3.889050 2.460910 -0.216552
v -3.881060 2.466710 -0.216552
v -3.873080 2.795240 -0.216552
v -3.872670 2.781090 -0.216552
v -3.867480 2.797060 -0.216552
v -4.204910 2.172210 -0.180833
v -4.204910 2.181740 -0.180833
v -3.894650 2.432330 -0.216552
v -3.886000 2.421120 -0.216552
v -3.889050 2.430510 -0.216552
v -3.881060 2.466710 -0.211614
v -3.881060 2.461950 -0.208154
v -3.881060 2.466710 -0.221489
v -4.214440 2.181740 -0.216552
v -4.200150 2.181740 -0.224800
v -3.872820 2.181740 0.102536
v -3.916780 2.172210 -0.540402
v -3.916780 2.181740 -0.540402
v -3.900110 2.103160 -0.228925
v -3.881060 2.375530 -0.221489
v -3.881060 2.370770 -0.208154
v -3.881060 2.370770 -0.224950
v -3.881060 2.081730 -0.235602
v -3.893440 2.103160 -0.235602
v -3.881060 2.181740 -0.576120
v -3.845350 2.172210 -0.540402
v -3.881060 2.172210 -0.576120
v -3.881060 2.445710 -0.208562
v -3.881060 2.447530 -0.202963
v -3.881060 2.436320 -0.211614
v -3.871610 2.355570 -0.226011
v -3.561980 2.181740 -0.224800
v -3.881060 2.181740 -0.549927
v -3.872820 2.181740 -0.535639
v -3.873080 2.673670 -0.216552
v -3.872670 2.659510 -0.216552
v -3.867480 2.675490 -0.216552
v -3.876130 2.360330 -0.216552
v -3.889460 2.355570 -0.216552
v -3.872670 2.355570 -0.216552
v -3.871610 2.355570 -0.207092
v -3.564360 2.172210 -0.228925
v -3.881060 2.172210 0.071580
v -3.916780 2.181740 0.107298
v -3.881060 2.840830 -0.224541
v -3.881060 2.831440 -0.221489
v -3.881060 2.826680 -0.224950
v -3.867480 2.888240 -0.216552
v -3.881060 2.892230 -0.216552
v -3.873080 2.886430 -0.216552
v -3.886000 2.481910 -0.216552
v -3.889460 2.477150 -0.216552
v -3.876130 2.481910 -0.216552
v -3.894650 2.918640 -0.216552
v -3.889460 2.902660 -0.216552
v -3.886000 2.907430 -0.216552
v -3.889310 2.181740 -0.535639
v -3.862150 2.067440 -0.235471
v -3.521500 2.181740 -0.216552
v -3.894650 2.888240 -0.216552
v -3.889460 2.872270 -0.216552
v -3.886000 2.877030 -0.216552
v -3.881060 2.181740 0.116823
v -3.889310 2.181740 0.102536
v -4.200150 2.181740 -0.208303
v -3.907820 2.067440 -0.216552
v -3.881060 2.755460 -0.216552
v -3.881060 2.761340 -0.216552
v -3.881060 2.735500 -0.208154
v -3.881060 2.740260 -0.221489
v -3.881060 2.903440 -0.202963
v -3.881060 2.892230 -0.211614
v -3.881060 2.901620 -0.208562
v -3.881060 2.901620 -0.224541
v -3.889050 2.400120 -0.216552
v -3.889050 2.947210 -0.216552
v -3.876130 2.937820 -0.216552
v -3.881060 2.497110 -0.221489
v -3.881060 2.492340 -0.224950
v -3.881060 2.512300 -0.216552
v -3.881060 2.974100 -0.216552
v -3.881060 2.953020 -0.221489
v -3.881060 2.968220 -0.216552
v -3.881060 2.599500 -0.202963
v -3.881060 2.644310 -0.224950
v -3.881060 2.660290 -0.202963
v -3.881060 2.658470 -0.208562
v -3.881060 2.664270 -0.216552
v -3.881060 2.943710 -0.216552
v -3.881060 2.937820 -0.216552
v -3.881060 2.922620 -0.221489
v -3.881060 2.917860 -0.208154
v -3.881060 2.871230 -0.208562
v -3.881060 2.882920 -0.216552
v -3.881060 2.857070 -0.224950
v -3.881060 2.861840 -0.221489
v -3.881060 2.861840 -0.216552
v -3.889460 2.841880 -0.216552
v -3.876130 2.846640 -0.216552
v -3.886000 2.846640 -0.216552
v -3.881060 2.978650 -0.224950
v -3.881060 2.983410 -0.221489
v -3.881060 2.992800 -0.208562
v -3.881060 2.812260 -0.202963
v -3.881060 2.629890 -0.202963
v -3.881060 2.958900 -0.216552
v -3.881060 2.953020 -0.216552
v -3.881060 2.810440 -0.208562
v -3.881060 2.796290 -0.224950
v -3.881060 2.816240 -0.216552
v -3.881060 2.770650 -0.221489
v -3.881060 2.785850 -0.216552
v -3.881060 2.415320 -0.208562
v -3.894650 2.614700 -0.216552
v -3.889050 2.612880 -0.216552
v -3.872670 2.598720 -0.216552
v -3.881060 2.618680 -0.216552
v -3.881060 2.725060 -0.216552
v -3.881060 2.709870 -0.221489
v -3.881060 2.715750 -0.216552
v -3.876130 2.694670 -0.216552
v -3.881060 2.709870 -0.216552
v -3.881060 2.846640 -0.216552
v -3.881060 2.826680 -0.208154
v -3.881060 2.831440 -0.211614
v -3.881060 2.842650 -0.230140
v -3.886000 2.633880 -0.216552
v -3.881060 2.770650 -0.216552
v -3.881060 2.776540 -0.216552
v -3.889460 2.750690 -0.216552
v -3.876130 2.755460 -0.216552
v -3.876130 2.725060 -0.216552
v -3.872670 2.720300 -0.216552
v -3.867480 2.736270 -0.216552
v -3.894650 2.827460 -0.216552
v -3.894650 2.645090 -0.216552
v -3.889050 2.643270 -0.216552
v -3.881060 2.649080 -0.216552
v -3.881060 2.700550 -0.216552
v -3.881060 2.688860 -0.208562
v -3.881060 2.694670 -0.216552
v -3.881060 2.679470 -0.221489
v -3.881060 2.386740 -0.202963
v -3.881060 2.375530 -0.211614
v -3.881060 2.384920 -0.208562
v -3.881060 2.390730 -0.216552
v -3.889050 2.795240 -0.216552
v -3.881060 2.953020 -0.211614
v -3.881060 2.411810 -0.216552
v -3.881060 2.405920 -0.216552
v -3.876130 2.390730 -0.216552
v -3.881060 2.405920 -0.221489
v -3.881060 2.427010 -0.216552
v -3.881060 2.421120 -0.216552
v -3.873080 2.977610 -0.216552
v -3.867480 2.979430 -0.216552
v -3.886000 2.968220 -0.216552
v -3.889050 2.977610 -0.216552
v -3.894650 2.371540 -0.216552
v -3.886000 2.360330 -0.216552
v -3.889050 2.369730 -0.216552
v -3.881060 2.375530 -0.216552
v -3.876130 2.421120 -0.216552
v -3.881060 2.436320 -0.216552
v -3.881060 2.436320 -0.221489
v -3.881060 2.431560 -0.208154
v -3.881060 2.457400 -0.216552
v -3.881060 2.451520 -0.216552
v -3.881060 2.730950 -0.216552
v -3.881060 2.705100 -0.208154
v -3.867480 2.462730 -0.216552
v -3.873080 2.460910 -0.216552
v -3.894650 2.462730 -0.216552
v -3.886000 2.451520 -0.216552
v -3.881060 2.583530 -0.224950
v -3.881060 2.597680 -0.208562
v -3.881060 2.603490 -0.216552
v -3.881060 2.477920 -0.202963
v -3.881060 2.476100 -0.208562
v -3.881060 2.461950 -0.224950
v -3.881060 2.481910 -0.216552
v -3.872670 2.477150 -0.216552
v -3.894650 2.493120 -0.216552
v -3.889050 2.491300 -0.216552
v -3.881060 2.497110 -0.216552
v -3.881060 2.791740 -0.216552
v -3.881060 2.765890 -0.208154
v -3.881060 2.506500 -0.208562
v -3.881060 2.527500 -0.221489
v -3.881060 2.522740 -0.224950
v -3.881060 2.542700 -0.216552
v -3.881060 2.536890 -0.208562
v -3.881060 2.527500 -0.216552
v -3.881060 2.533390 -0.216552
v -3.889460 2.507540 -0.216552
v -3.876130 2.512300 -0.216552
v -3.881060 2.573090 -0.216552
v -3.881060 2.557890 -0.221489
v -3.881060 2.578980 -0.216552
v -3.881060 2.553130 -0.208154
v -3.872670 2.537940 -0.216552
v -3.867480 2.553910 -0.216552
v -3.876130 2.542700 -0.216552
v -3.889050 2.552090 -0.216552
v -3.876130 2.573090 -0.216552
v -3.881060 2.588290 -0.216552
v -3.881060 2.594180 -0.216552
v -3.889460 2.568330 -0.216552
v -3.889460 2.720300 -0.216552
v -3.881060 2.613920 -0.224950
v -3.881060 2.628080 -0.208562
v -3.881060 2.633880 -0.216552
v -3.881060 2.679470 -0.216552
v -3.881060 2.685360 -0.216552
v -3.889460 2.659510 -0.216552
v -3.876130 2.664270 -0.216552
v -3.881060 3.004500 -0.216552
v -3.889050 2.825640 -0.216552
v -3.872670 2.811480 -0.216552
v -3.881060 2.831440 -0.216552
v -3.881060 2.928510 -0.216552
v -3.889460 2.689910 -0.216552
v -3.881060 2.806930 -0.216552
v -3.881060 2.801050 -0.216552
v -3.876130 2.785850 -0.216552
v -3.881060 2.442200 -0.216552
v -3.889460 2.416360 -0.216552
v -3.881060 2.898120 -0.216552
v -3.889050 2.916820 -0.216552
v -3.872670 2.902660 -0.216552
v -3.876130 2.907430 -0.216552
v -3.889050 2.886430 -0.216552
v -3.872670 2.872270 -0.216552
v -3.876130 2.877030 -0.216552
v -3.837060 2.343660 -0.540402
v -3.840650 2.229360 -0.580813
v -3.849950 2.343660 -0.571518
v -3.881060 2.343660 -0.496396
v -3.840650 2.229360 -0.499990
v -3.849950 2.343660 -0.509285
v -3.557210 2.343660 -0.172546
v -3.516800 2.229360 -0.176140
v -3.526100 2.343660 -0.185435
v -3.872820 2.260320 -0.535639
v -3.881060 2.260320 -0.549927
v -4.204910 2.343660 -0.172546
v -4.245330 2.229360 -0.176140
v -4.204910 2.229360 -0.159402
v -3.889310 2.260320 0.102536
v -3.881060 2.260320 0.116823
v -3.872820 2.260320 0.102536
v -3.889310 2.260320 -0.535639
v -3.849950 2.343660 0.138415
v -3.881060 2.229360 0.164448
v -3.840650 2.229360 0.147710
v -4.214440 2.260320 -0.216552
v -4.200150 2.260320 -0.208303
v -3.561980 2.260320 -0.208303
v -3.547690 2.260320 -0.216552
v -4.200150 2.260320 -0.224800
v -3.925070 2.343660 0.107298
v -3.921480 2.229360 0.147710
v -3.912180 2.343660 0.138415
v -3.912180 2.343660 -0.571518
v -3.938210 2.229360 -0.540402
v -3.925070 2.343660 -0.540402
v -3.513210 2.343660 -0.216552
v -3.500060 2.229360 -0.216552
v -3.601220 2.343660 -0.216552
v -3.597630 2.229360 -0.176140
v -3.588330 2.343660 -0.185435
v -3.557210 2.229360 -0.159402
v -3.881060 2.343660 0.063293
v -3.921480 2.229360 0.066887
v -3.912180 2.343660 0.076182
v -3.881060 2.343660 0.151304
v -3.597630 2.229360 -0.256963
v -3.588330 2.343660 -0.247668
v -3.557210 2.343660 -0.260557
v -3.516800 2.229360 -0.256963
v -3.557210 2.229360 -0.273702
v -3.921480 2.229360 -0.499990
v -3.912180 2.343660 -0.509285
v -3.823910 2.229360 0.107298
v -3.837060 2.343660 0.107298
v -4.164500 2.229360 -0.176140
v -4.173800 2.343660 -0.185435
v -3.938210 2.229360 0.107298
v -4.236030 2.343660 -0.185435
v -4.262060 2.229360 -0.216552
v -3.840650 2.229360 0.066887
v -3.849950 2.343660 0.076182
v -4.248920 2.343660 -0.216552
v -4.245330 2.229360 -0.256963
v -3.561980 2.260320 -0.224800
v -4.173800 2.343660 -0.247668
v -4.204910 2.229360 -0.273702
v -4.204910 2.343660 -0.260557
v -4.160910 2.343660 -0.216552
v -3.823910 2.229360 -0.540402
v -3.881060 2.343660 -0.584407
v -3.881060 2.229360 -0.597552
v -3.921480 2.229360 -0.580813
v -4.236030 2.343660 -0.247668
v -4.164500 2.229360 -0.256963
v -3.881060 2.229360 -0.483252
v -3.614360 2.229360 -0.216552
v -3.881060 2.229360 0.050149
v -3.526100 2.343660 -0.247668
v -4.147760 2.229360 -0.216552
f 593 594 595
f 596 594 597
f 598 599 600
f 600 593 601
f 602 603 604
f 605 596 598
f 606 607 608
f 609 610 611
f 612 613 614
f 615 616 617
f 618 619 620
f 621 622 623
f 624 625 626
f 627 628 629
f 630 631 632
f 633 634 635
f 636 637 638
f 639 640 641
f 642 643 644
f 645 646 647
f 648 649 650
f 651 652 653
f 654 655 656
f 657 658 659
f 660 661 620
f 662 663 664
f 665 666 667
f 668 669 670
f 671 672 673
f 674 675 676
f 677 678 679
f 680 681 682
f 683 684 685
f 686 687 688
f 689 690 691
f 692 693 694
f 695 696 697
f 698 699 700
f 701 702 703
f 704 705 706
f 707 708 709
f 710 711 712
f 605 713 714
f 715 716 717
f 718 719 720
f 606 721 722
f 723 724 725
f 726 727 728
f 729 730 731
f 603 732 604
f 733 734 735
f 736 737 738
f 618 661 739
f 740 741 742
f 692 743 744
f 664 686 602
f 745 746 747
f 603 748 749
f 750 751 752
f 753 754 755
f 756 757 758
f 759 760 761
f 762 763 764
f 765 766 767
f 619 660 620
f 768 769 770
f 771 772 773
f 774 775 776
f 777 778 779
f 780 781 782
f 688 747 686
f 783 784 785
f 786 787 788
f 789 790 791
f 792 793 794
f 795 796 797
f 798 799 800
f 801 802 803
f 662 602 604
f 804 805 806
f 807 808 809
f 810 811 812
f 813 814 815
f 623 816 621
f 817 818 819
f 820 821 822
f 823 824 825
f 648 826 781
f 715 726 622
f 827 828 829
f 830 831 832
f 833 834 835
f 836 837 838
f 839 840 841
f 619 751 722
f 842 843 844
f 845 846 847
f 848 849 850
f 851 852 853
f 854 855 856
f 857 858 859
f 594 598 597
f 860 861 862
f 863 864 865
f 866 744 867
f 868 869 870
f 748 732 749
f 871 872 873
f 874 875 876
f 877 878 879
f 618 722 721
f 880 608 881
f 882 883 884
f 885 886 887
f 607 888 889
f 687 890 688
f 891 785 892
f 739 661 893
f 660 739 893
f 781 649 782
f 894 895 896
f 692 897 898
f 899 900 901
f 692 866 867
f 902 903 904
f 898 897 743
f 881 752 880
f 905 595 596
f 622 906 623
f 784 907 908
f 909 910 911
f 662 732 748
f 912 913 914
f 601 713 915
f 648 716 916
f 917 918 687
f 919 920 921
f 922 923 924
f 650 649 826
f 925 926 927
f 928 929 930
f 785 931 892
f 905 714 932
f 933 717 816
f 648 780 782
f 783 693 900
f 780 621 816
f 934 935 936
f 918 937 938
f 608 939 881
f 744 897 867
f 891 866 694
f 663 746 917
f 892 901 891
f 595 932 714
f 714 713 595
f 593 599 940
f 940 594 593
f 595 713 593
f 596 595 594
f 598 940 599
f 600 599 593
f 602 663 603
f 598 600 601
f 601 915 605
f 605 905 596
f 596 597 598
f 598 601 605
f 606 751 607
f 941 712 942
f 943 711 944
f 943 944 610
f 941 942 611
f 943 610 609
f 611 942 609
f 945 828 946
f 945 946 947
f 827 829 948
f 948 829 614
f 612 945 613
f 613 948 614
f 945 947 613
f 615 949 616
f 618 721 619
f 621 715 622
f 950 626 625
f 624 951 625
f 952 811 953
f 629 810 954
f 627 952 953
f 629 954 627
f 627 953 628
f 630 955 631
f 631 956 632
f 955 957 631
f 633 958 634
f 659 658 959
f 960 657 961
f 960 961 638
f 659 959 637
f 636 659 637
f 638 961 962
f 962 636 638
f 963 964 639
f 639 965 640
f 641 963 639
f 644 964 642
f 966 640 965
f 966 965 643
f 964 963 642
f 966 643 642
f 967 799 968
f 969 798 800
f 969 800 970
f 967 968 646
f 969 970 647
f 645 967 646
f 647 970 645
f 648 782 649
f 971 718 720
f 972 719 973
f 972 973 974
f 971 720 652
f 972 974 651
f 651 971 652
f 653 972 651
f 975 858 976
f 975 976 655
f 977 859 654
f 655 976 656
f 656 977 654
f 657 960 658
f 660 893 661
f 662 603 663
f 665 978 666
f 668 979 669
f 980 626 950
f 980 950 981
f 951 624 672
f 980 981 671
f 671 951 672
f 673 980 671
f 978 665 982
f 978 982 675
f 667 666 983
f 676 667 983
f 675 982 984
f 676 983 674
f 675 984 676
f 677 985 678
f 679 986 677
f 680 987 681
f 988 868 989
f 988 989 684
f 870 869 990
f 685 870 990
f 684 989 991
f 685 990 683
f 684 991 685
f 686 917 687
f 689 992 690
f 690 993 691
f 692 744 693
f 695 994 696
f 696 995 697
f 994 996 696
f 997 919 699
f 998 920 999
f 998 999 700
f 919 1000 699
f 700 999 698
f 698 997 699
f 701 1001 702
f 706 1002 1003
f 1004 709 1005
f 1004 1005 705
f 706 1003 704
f 1004 705 704
f 707 1003 708
f 708 1005 709
f 1003 1002 708
f 710 944 711
f 712 941 710
f 605 915 713
f 715 916 716
f 718 973 719
f 880 752 619
f 880 619 721
f 722 751 606
f 606 880 721
f 723 1006 1007
f 1008 724 723
f 723 1007 1008
f 726 933 727
f 729 1009 730
f 603 749 732
f 1010 702 1001
f 1010 1001 1011
f 701 703 735
f 734 701 735
f 733 1010 1011
f 1012 734 733
f 733 1011 1012
f 1013 760 1014
f 1013 1014 1015
f 759 761 1016
f 1016 761 736
f 737 1013 1015
f 738 1016 736
f 737 1015 738
f 618 620 661
f 740 894 741
f 1017 895 1018
f 1017 1018 1019
f 894 896 741
f 1017 1019 742
f 1020 740 742
f 742 1019 1020
f 692 898 743
f 747 602 686
f 664 917 686
f 745 918 746
f 603 662 748
f 750 607 751
f 753 1021 754
f 756 957 955
f 758 632 956
f 758 956 1022
f 756 955 757
f 758 1022 756
f 759 1014 760
f 1023 616 949
f 1023 949 1024
f 615 617 1025
f 1025 617 763
f 764 1023 762
f 762 1025 763
f 1023 1024 762
f 1026 680 682
f 1027 681 987
f 1027 987 1028
f 1026 682 766
f 1027 1028 765
f 765 1026 766
f 767 1027 765
f 619 722 660
f 1029 1030 768
f 769 1031 1032
f 770 1029 768
f 769 1032 770
f 1033 913 1034
f 1033 1034 1035
f 912 914 771
f 773 912 771
f 772 1033 1035
f 1036 773 772
f 772 1035 1036
f 774 1037 775
f 776 1038 774
f 1039 1040 778
f 779 1041 777
f 777 1039 778
f 1041 1042 777
f 780 716 781
f 688 745 747
f 783 900 784
f 992 689 1043
f 1044 691 993
f 1044 993 787
f 992 1043 788
f 1044 787 786
f 788 1043 786
f 1045 874 1046
f 874 876 1046
f 875 1047 1048
f 1048 1047 790
f 791 1045 1046
f 789 1048 790
f 791 1046 789
f 635 634 1049
f 958 633 1050
f 958 1050 794
f 635 1049 793
f 792 635 793
f 794 1050 1051
f 1051 792 794
f 1031 769 796
f 797 1030 1029
f 795 1031 796
f 797 1029 795
f 798 968 799
f 1052 885 1053
f 1052 1053 802
f 887 1054 803
f 803 1054 801
f 802 1053 1055
f 1055 803 802
f 662 664 602
f 927 926 1056
f 1057 925 1058
f 1057 1058 806
f 927 1056 805
f 804 927 805
f 806 1058 1059
f 1059 804 806
f 986 679 1060
f 1061 678 985
f 1061 985 809
f 986 1060 807
f 1061 809 808
f 807 1060 808
f 1062 954 810
f 811 952 812
f 812 1062 810
f 1063 819 1064
f 815 818 1065
f 813 1063 1064
f 815 1065 813
f 813 1064 814
f 623 933 816
f 1066 1065 818
f 819 1063 817
f 817 1066 818
f 820 1067 1068
f 1069 824 1070
f 1069 1070 822
f 820 1068 821
f 1069 822 821
f 1068 1067 823
f 823 1070 824
f 825 1068 823
f 648 650 826
f 715 717 726
f 827 946 828
f 830 1071 831
f 831 1072 832
f 1071 830 1073
f 1074 832 1072
f 1074 1072 835
f 1071 1073 833
f 1074 835 834
f 833 1073 834
f 1075 1076 1077
f 1075 1077 838
f 840 839 1078
f 1078 839 837
f 838 1077 836
f 836 1078 837
f 1076 839 841
f 841 1077 1076
f 619 752 751
f 842 1079 843
f 844 1080 842
f 1080 844 1081
f 1082 843 1079
f 1082 1079 847
f 1080 1081 845
f 1082 847 846
f 845 1081 846
f 848 725 724
f 1083 1007 1006
f 1083 1006 850
f 848 724 849
f 1083 850 849
f 670 669 1084
f 979 668 1085
f 979 1085 853
f 670 1084 852
f 851 670 852
f 853 1085 1086
f 1086 851 853
f 1087 911 1088
f 1089 910 1090
f 1089 1090 855
f 1087 1088 856
f 1089 855 854
f 856 1088 854
f 1091 654 859
f 857 976 858
f 1091 859 858
f 594 940 598
f 1009 729 1092
f 1009 1092 860
f 731 730 1093
f 861 731 1093
f 860 1092 1094
f 861 1093 862
f 860 1094 861
f 863 1095 864
f 866 693 744
f 868 988 869
f 871 996 994
f 1096 697 995
f 1096 995 873
f 871 994 872
f 1096 873 872
f 874 1047 875
f 1097 754 1021
f 1097 1021 1098
f 753 755 1099
f 1099 755 878
f 879 1097 877
f 877 1099 878
f 1097 1098 877
f 618 660 722
f 880 606 608
f 1038 776 1100
f 1101 775 1037
f 1101 1037 883
f 1038 1100 884
f 1101 883 882
f 884 1100 882
f 885 1052 886
f 886 1054 887
f 607 750 888
f 687 918 938
f 890 937 688
f 687 938 890
f 937 745 688
f 891 783 785
f 660 618 739
f 781 826 649
f 894 1018 895
f 692 867 897
f 899 784 900
f 692 694 866
f 902 1042 1041
f 1040 1039 904
f 902 1041 903
f 1040 904 903
f 881 750 752
f 905 932 595
f 622 726 728
f 906 727 623
f 622 728 906
f 727 933 623
f 784 899 907
f 909 1090 910
f 911 1087 909
f 662 604 732
f 912 1034 913
f 601 593 713
f 648 781 716
f 917 746 918
f 921 1000 919
f 920 998 921
f 922 1102 923
f 925 1057 926
f 1103 864 1095
f 1104 863 865
f 1104 865 1105
f 1103 1095 928
f 1104 1105 929
f 930 1103 928
f 929 1105 930
f 785 784 908
f 931 907 892
f 785 908 931
f 907 899 892
f 905 605 714
f 933 726 717
f 648 916 780
f 783 694 693
f 916 715 621
f 816 717 780
f 780 916 621
f 717 716 780
f 1106 923 1102
f 1107 922 924
f 1107 924 1108
f 1106 1102 934
f 1107 1108 935
f 936 1106 934
f 935 1108 936
f 918 745 937
f 608 607 889
f 939 888 881
f 608 889 939
f 888 750 881
f 744 743 897
f 901 900 866
f 900 693 866
f 694 783 891
f 901 866 891
f 663 602 746
f 917 664 663
f 602 747 746
f 892 899 901
f 1109 1110 1111
f 1112 1113 1114
f 1115 1116 1117
f 1118 907 1119
f 1120 1121 1122
f 1123 937 1124
f 1124 890 1125
f 890 1123 1125
f 1119 931 1126
f 1127 1128 1129
f 1130 939 1131
f 1132 727 1133
f 939 1134 1131
f 1135 1136 1137
f 1138 1139 1140
f 1141 1116 1142
f 1143 1144 1145
f 931 1118 1126
f 1145 1146 1115
f 1147 1148 1149
f 1150 1136 1128
f 1151 1143 1152
f 1153 1154 1155
f 1156 1112 1157
f 1124 1125 1123
f 1127 1158 1159
f 1120 1160 1161
f 1149 1162 1135
f 1163 1164 1121
f 1165 1147 1166
f 1167 1168 1164
f 1130 1131 1134
f 1166 1158 1165
f 906 1132 1169
f 1134 888 1130
f 1170 1171 1172
f 1157 1139 1156
f 1152 1155 1151
f 1160 1173 1161
f 1119 1126 1118
f 1133 906 1169
f 1154 1141 1142
f 1114 1174 1109
f 1175 1110 1176
f 1177 1175 1176
f 1172 1168 1178
f 1133 1169 1132
f 1173 1179 1170
f 1109 1174 1110
f 1112 1180 1113
f 1115 1146 1116
f 1118 908 907
f 1120 1163 1121
f 1123 938 937
f 1124 937 890
f 890 938 1123
f 1119 907 931
f 1127 1150 1128
f 1130 888 939
f 1132 728 727
f 939 889 1134
f 1135 1162 1136
f 1138 1177 1139
f 1141 1117 1116
f 1143 1181 1144
f 931 908 1118
f 1145 1144 1146
f 1147 1182 1148
f 1150 1137 1136
f 1151 1181 1143
f 1153 1183 1154
f 1156 1180 1112
f 1127 1129 1158
f 1120 1122 1160
f 1149 1148 1162
f 1163 1167 1164
f 1165 1182 1147
f 1167 1178 1168
f 1166 1159 1158
f 906 728 1132
f 1134 889 888
f 1170 1179 1171
f 1157 1140 1139
f 1152 1153 1155
f 1160 1184 1173
f 1133 727 906
f 1154 1183 1141
f 1114 1113 1174
f 1175 1111 1110
f 1177 1138 1175
f 1172 1171 1168
f 1173 1184 1179
g Coffee_Machine_node0
usemtl itu_metal
v -8.780180 0.996000 -1.092130
v -8.780180 0.983000 -1.060130
v -8.780180 0.983000 -1.092130
v -8.802179 0.960000 -0.970729
v -8.802179 0.940000 -0.934329
v -8.802179 0.940000 -0.970729
v -8.780180 0.996000 -1.060130
v -8.802179 0.960000 -0.934329
v -8.783380 0.880031 -1.056830
v -8.788179 0.860028 -1.058820
v -8.783360 0.860031 -1.056820
v -8.798180 1.000000 -1.036130
v -8.829659 1.000000 -1.036130
v -8.825300 1.000000 -1.024460
v -8.825880 0.791600 -1.040480
v -8.813330 0.785600 -1.016410
v -8.825880 0.785600 -1.040480
v -8.798180 0.791600 -0.916129
v -8.948180 0.960000 -0.916129
v -8.948180 0.760000 -0.916129
v -8.764310 0.880000 -1.103920
v -8.759789 0.952007 -1.090850
v -8.759789 0.880000 -1.090850
v -8.785300 0.854007 -1.083340
v -8.784670 0.860007 -1.084170
v -8.785300 0.860007 -1.083340
v -8.779910 0.977158 -1.119530
v -8.789229 0.880000 -1.120320
v -8.789229 0.988805 -1.120320
v -8.948180 1.000000 -1.216130
v -8.948180 1.000000 -0.936129
v -8.868179 1.000000 -0.992129
v -8.766260 0.860026 -1.085610
v -8.766459 0.854026 -1.085120
v -8.766459 0.860026 -1.085130
v -8.758900 0.880033 -1.070960
v -8.760890 0.860035 -1.066130
v -8.758890 0.860033 -1.070950
v -8.789220 0.854014 -1.090000
v -8.788179 0.860014 -1.090140
v -8.788190 0.854014 -1.090150
v -8.768189 0.860022 -1.088130
v -8.768710 0.854022 -1.088050
v -8.768189 0.854022 -1.088120
v -8.798180 0.957856 -1.180160
v -8.798180 0.959455 -1.184010
v -8.798180 1.000000 -1.160160
v -8.770190 0.860024 -1.086130
v -8.770120 0.854025 -1.085600
v -8.770190 0.854024 -1.086120
v -8.808610 1.000000 -1.001090
v -8.808770 0.791600 -1.001300
v -8.833390 0.791600 -1.108260
v -8.830620 0.791600 -1.094110
v -8.822470 0.791600 -1.120010
v -8.786290 0.860023 -1.065640
v -8.786210 0.854022 -1.066160
v -8.786280 0.854023 -1.065640
v -8.786489 0.860023 -1.065160
v -8.786480 0.854023 -1.065160
v -8.798180 0.960000 -0.992496
v -8.798180 0.960000 -1.036130
v -8.771279 0.880000 -1.113850
v -8.764310 0.957660 -1.103920
v -8.787189 0.860023 -1.062300
v -8.788219 0.854022 -1.062160
v -8.787180 0.854023 -1.062290
v -8.798180 0.960000 -0.916129
v -8.798180 0.916000 -0.934329
v -8.798180 0.960000 -0.934329
v -8.768189 0.854040 -1.070140
v -8.767159 0.860039 -1.070000
v -8.767159 0.854039 -1.070000
v -8.769919 0.854023 -1.087120
v -8.770120 0.860024 -1.086650
v -8.770120 0.854024 -1.086640
v -8.786449 0.860013 -1.087110
v -8.786260 0.854012 -1.086640
v -8.786250 0.860012 -1.086630
v -8.768720 0.860035 -1.064200
v -8.768200 0.854035 -1.064140
v -8.768720 0.854035 -1.064210
v -8.766190 0.854039 -1.069600
v -8.765369 0.860038 -1.068960
v -8.765369 0.854038 -1.068970
v -8.795509 0.880023 -1.066140
v -8.797490 0.860020 -1.070950
v -8.795500 0.860023 -1.066130
v -8.768200 0.860030 -1.082130
v -8.769230 0.854030 -1.082260
v -8.768200 0.854030 -1.082130
v -8.803229 0.791600 -1.156560
v -8.798180 0.960000 -1.160160
v -8.803229 1.000000 -1.156560
v -8.868179 1.000000 -0.936129
v -8.868179 0.970526 -0.936129
v -8.784760 0.860024 -1.064160
v -8.785390 0.854024 -1.063330
v -8.784750 0.854024 -1.064150
v -8.792220 0.860014 -1.066170
v -8.792080 0.854015 -1.065130
v -8.792080 0.860015 -1.065130
v -8.835360 1.000000 -1.051360
v -8.838120 0.791600 -1.079940
v -8.838120 1.000000 -1.079940
v -8.790210 0.854019 -1.062700
v -8.791050 0.860018 -1.063340
v -8.791039 0.854018 -1.063330
v -8.769230 0.860040 -1.070000
v -8.769230 0.854040 -1.070010
v -8.767159 0.854030 -1.082260
v -8.767159 0.860030 -1.082270
v -8.789599 0.854013 -1.084700
v -8.789920 0.860014 -1.085110
v -8.789599 0.860013 -1.084690
v -8.773029 0.880018 -1.095430
v -8.778200 0.880016 -1.096110
v -8.769230 0.860030 -1.082270
v -8.770200 0.854029 -1.082670
v -8.798180 0.880000 -1.116130
v -8.798180 0.880000 -1.076130
v -8.798180 0.930000 -1.116130
v -8.766200 0.854036 -1.066140
v -8.766270 0.860035 -1.065620
v -8.766200 0.860036 -1.066140
v -8.771279 0.966371 -1.113850
v -8.774740 0.970695 -1.116130
v -8.758220 0.860040 -1.076200
v -8.758220 0.950049 -1.076130
v -8.758210 0.860049 -1.076120
v -8.758230 0.880040 -1.076210
v -8.791679 0.854017 -1.064160
v -8.791679 0.860017 -1.064170
v -8.786130 0.854007 -1.082700
v -8.769609 0.860026 -1.084710
v -8.769190 0.854027 -1.084390
v -8.769609 0.854026 -1.084710
v -8.792320 0.860013 -1.090250
v -8.788179 0.860013 -1.093420
v -8.792310 0.860009 -1.090320
v -8.698180 0.791600 -1.126130
v -8.698180 0.760000 -1.006130
v -8.698180 0.760000 -1.126130
v -8.838180 1.000000 -1.116130
v -8.815330 0.960000 -1.036130
v -8.778200 0.880033 -1.056150
v -8.773029 0.880035 -1.056830
v -8.771279 0.880000 -1.038410
v -8.771020 0.860022 -1.088970
v -8.771649 0.854023 -1.088130
v -8.771649 0.860023 -1.088140
v -8.784160 0.854012 -1.086120
v -8.784300 0.854009 -1.087210
v -8.770190 0.860040 -1.069600
v -8.771020 0.854040 -1.068970
v -8.771020 0.860040 -1.068970
v -8.759789 0.880000 -1.061400
v -8.786210 0.854024 -1.062690
v -8.788730 0.854021 -1.064230
v -8.789249 0.854021 -1.062300
v -8.790219 0.860017 -1.066170
v -8.790140 0.854018 -1.065640
v -8.790210 0.854017 -1.066160
v -8.772059 0.854038 -1.067180
v -8.772200 0.860038 -1.066140
v -8.772059 0.860038 -1.067180
v -8.770190 0.860021 -1.089600
v -8.769219 0.854021 -1.089990
v -8.770190 0.854021 -1.089590
v -8.778180 0.983000 -1.092130
v -8.778180 0.983000 -1.060130
v -8.785379 0.860020 -1.068990
v -8.786210 0.854018 -1.069620
v -8.786210 0.860018 -1.069620
v -8.767670 0.854022 -1.088050
v -8.788190 0.854012 -1.082160
v -8.789160 0.860008 -1.082270
v -8.789160 0.854008 -1.082280
v -8.771020 0.860029 -1.083310
v -8.770200 0.860029 -1.082670
v -8.787080 0.860007 -1.082290
v -8.788119 0.854007 -1.082150
v -8.787089 0.854007 -1.082290
v -8.764729 0.854028 -1.084120
v -8.765369 0.860029 -1.083300
v -8.765369 0.854029 -1.083290
v -8.769609 0.854038 -1.067560
v -8.769930 0.860038 -1.067140
v -8.769930 0.854038 -1.067140
v -8.768209 0.880021 -1.093430
v -8.773020 0.860018 -1.095420
v -8.787149 0.860013 -1.090020
v -8.787149 0.854013 -1.090020
v -8.792150 0.860012 -1.086110
v -8.789180 0.860017 -1.087840
v -8.789599 0.854017 -1.087530
v -8.789189 0.854017 -1.087850
v -8.798180 0.930000 -1.036130
v -8.792330 0.880025 -1.062000
v -8.792390 0.860021 -1.062000
v -8.792320 0.860025 -1.061990
v -8.766780 0.860037 -1.067550
v -8.767200 0.854037 -1.067870
v -8.766789 0.854037 -1.067560
v -8.783380 0.880014 -1.095430
v -8.788190 0.880013 -1.093430
v -8.789260 0.860021 -1.062300
v -8.767190 0.854027 -1.084390
v -8.766780 0.860027 -1.084710
v -8.766780 0.854027 -1.084710
v -8.770130 0.854036 -1.065620
v -8.770200 0.860037 -1.066140
v -8.770130 0.860036 -1.065620
v -8.768720 0.860038 -1.068070
v -8.769199 0.854038 -1.067870
v -8.768720 0.854038 -1.068070
v -8.798180 0.940000 -0.970729
v -8.798180 0.960000 -0.970729
v -8.784750 0.860021 -1.068160
v -8.787690 0.854019 -1.068090
v -8.788210 0.854018 -1.068160
v -8.788199 0.854016 -1.070160
v -8.766200 0.860029 -1.082670
v -8.766200 0.854029 -1.082660
v -8.767670 0.860027 -1.084200
v -8.767670 0.854027 -1.084190
v -8.728180 0.791600 -1.216130
v -8.728180 0.760000 -1.216130
v -8.766270 0.860036 -1.066650
v -8.784150 0.860008 -1.086180
v -8.784280 0.860008 -1.085140
v -8.764720 0.860023 -1.088130
v -8.764330 0.854024 -1.087160
v -8.764720 0.854023 -1.088120
v -8.790180 0.860014 -1.089590
v -8.791000 0.854014 -1.088950
v -8.791000 0.860014 -1.088950
v -8.768180 0.791600 -0.999908
v -8.728180 0.791600 -0.916129
v -8.786799 0.860020 -1.067580
v -8.786480 0.854021 -1.067160
v -8.786489 0.860021 -1.067160
v -8.792009 0.860011 -1.085080
v -8.791600 0.854010 -1.084120
v -8.791600 0.860010 -1.084120
v -8.788210 0.860016 -1.070160
v -8.787169 0.854017 -1.070020
v -8.771660 0.860039 -1.068140
v -8.821480 1.000000 -1.134400
v -8.808200 0.791600 -1.150520
v -8.787180 0.860017 -1.070030
v -8.787700 0.860022 -1.064230
v -8.788210 0.854022 -1.064160
v -8.788219 0.860022 -1.064160
v -8.845110 0.972521 -0.939920
v -8.792080 0.860014 -1.067200
v -8.792210 0.854014 -1.066160
v -8.789619 0.854017 -1.067570
v -8.789949 0.860017 -1.067170
v -8.789940 0.854017 -1.067160
v -8.767680 0.860034 -1.064200
v -8.767680 0.854034 -1.064210
v -8.786119 0.860007 -1.082700
v -8.786290 0.860022 -1.066680
v -8.786220 0.860022 -1.066160
v -8.767200 0.860034 -1.064400
v -8.769609 0.854036 -1.064730
v -8.769930 0.860036 -1.065140
v -8.769609 0.860036 -1.064720
v -8.768209 0.880035 -1.058830
v -8.773020 0.860034 -1.056820
v -8.768200 0.860035 -1.058820
v -8.760890 0.860026 -1.086110
v -8.758900 0.880029 -1.081300
v -8.758890 0.860029 -1.081290
v -8.772059 0.860027 -1.085100
v -8.772190 0.854025 -1.086130
v -8.772059 0.854027 -1.085100
v -8.770200 0.854037 -1.066140
v -8.770130 0.860037 -1.066650
v -8.831779 0.791600 -1.066980
v -8.831779 0.785600 -1.066980
v -8.767170 0.860033 -1.062270
v -8.768209 0.854033 -1.062140
v -8.767170 0.854033 -1.062280
v -8.784150 0.854008 -1.086180
v -8.779910 0.880000 -1.119530
v -8.764310 0.957660 -1.048340
v -8.771279 0.966371 -1.038410
v -8.798180 1.000000 -1.216130
v -8.798180 0.915600 -1.206160
v -8.798180 0.791600 -1.216130
v -8.791039 0.860014 -1.069000
v -8.791670 0.854013 -1.068160
v -8.791679 0.860013 -1.068170
v -8.772200 0.854038 -1.066150
v -8.772059 0.860037 -1.065110
v -8.792150 0.854012 -1.086120
v -8.778180 1.000000 -1.096130
v -8.778180 0.975000 -1.096130
v -8.791630 0.860014 -1.088120
v -8.792029 0.854013 -1.087150
v -8.792020 0.860013 -1.087150
v -8.768189 0.860021 -1.090130
v -8.767150 0.854021 -1.089990
v -8.768189 0.854021 -1.090130
v -8.790959 0.860010 -1.083290
v -8.790130 0.854009 -1.082670
v -8.790120 0.860009 -1.082660
v -8.789240 0.854015 -1.070020
v -8.789249 0.860015 -1.070030
v -8.788740 0.860021 -1.064230
v -8.792009 0.854011 -1.085080
v -8.789920 0.854014 -1.085120
v -8.807910 0.791600 -1.142920
v -8.798180 0.785600 -1.151840
v -8.798180 0.791600 -1.151840
v -8.790180 0.854014 -1.089600
v -8.789220 0.860014 -1.090000
v -8.766260 0.854026 -1.085600
v -8.764330 0.854027 -1.085090
v -8.795509 0.880014 -1.086120
v -8.797490 0.860015 -1.081290
v -8.797500 0.880015 -1.081300
v -8.948180 0.760000 -1.216130
v -8.772059 0.854037 -1.065110
v -8.771029 0.854035 -1.063320
v -8.770200 0.854034 -1.062680
v -8.770190 0.854040 -1.069610
v -8.769199 0.854035 -1.064410
v -8.771660 0.860036 -1.064140
v -8.771029 0.860035 -1.063310
v -8.813001 0.981836 -0.957618
v -8.798180 1.000000 -0.992129
v -8.769239 0.854033 -1.062280
v -8.769190 0.860022 -1.087860
v -8.768710 0.860022 -1.088060
v -8.778190 0.860033 -1.056140
v -8.766470 0.854036 -1.067140
v -8.790120 0.854015 -1.085600
v -8.797500 0.880020 -1.070960
v -8.769609 0.854022 -1.087530
v -8.769190 0.854022 -1.087850
v -8.766200 0.860033 -1.062670
v -8.766200 0.854033 -1.062670
v -8.764729 0.860037 -1.068130
v -8.764729 0.854037 -1.068140
v -8.784699 0.860010 -1.088170
v -8.784300 0.860009 -1.087210
v -8.790210 0.854014 -1.069630
v -8.791030 0.854014 -1.068990
v -8.767680 0.860038 -1.068070
v -8.768200 0.854038 -1.068140
v -8.767680 0.854038 -1.068070
v -8.769609 0.860022 -1.087540
v -8.798180 0.928000 -0.950329
v -8.798180 0.924000 -0.950329
v -8.798180 0.936000 -0.954329
v -8.789180 0.860012 -1.084380
v -8.789189 0.854012 -1.084390
v -8.788710 0.854017 -1.088050
v -8.788700 0.860017 -1.088040
v -8.778180 0.996000 -1.060130
v -8.766470 0.860036 -1.067140
v -8.766270 0.854036 -1.066660
v -8.784210 0.854023 -1.066150
v -8.784349 0.860024 -1.065120
v -8.784349 0.854024 -1.065120
v -8.798180 1.000000 -0.992496
v -8.948180 0.970526 -0.936129
v -8.764200 0.854035 -1.066140
v -8.764339 0.860034 -1.065100
v -8.764339 0.854034 -1.065100
v -8.766470 0.854035 -1.065140
v -8.766470 0.860035 -1.065140
v -8.764740 0.854033 -1.064140
v -8.764740 0.860033 -1.064130
v -8.787220 0.860023 -1.064430
v -8.786799 0.854023 -1.064740
v -8.787210 0.854023 -1.064430
v -8.771660 0.854028 -1.084130
v -8.771660 0.860028 -1.084140
v -8.789209 0.854020 -1.064430
v -8.789220 0.860020 -1.064430
v -8.778180 0.996000 -1.092130
v -8.769239 0.860033 -1.062270
v -8.779910 0.880000 -1.032730
v -8.770200 0.860034 -1.062670
v -8.786180 0.860012 -1.089620
v -8.786180 0.854012 -1.089630
v -8.790210 0.860014 -1.069630
v -8.798180 0.960000 -1.116130
v -8.766780 0.860023 -1.087540
v -8.766459 0.854024 -1.087120
v -8.766459 0.860024 -1.087130
v -8.766190 0.860022 -1.089590
v -8.765360 0.854022 -1.088950
v -8.766190 0.854022 -1.089590
v -8.771020 0.854022 -1.088960
v -8.789949 0.860019 -1.065170
v -8.789940 0.854019 -1.065160
v -8.760900 0.880035 -1.066140
v -8.764070 0.860035 -1.061990
v -8.825300 0.791600 -1.024460
v -8.835360 0.791600 -1.051360
v -8.769919 0.860026 -1.085130
v -8.769919 0.854026 -1.085120
v -8.772050 0.860024 -1.087170
v -8.772050 0.854024 -1.087170
v -8.779910 0.977158 -1.032730
v -8.789229 0.880000 -1.031940
v -8.770130 0.854037 -1.066660
v -8.787210 0.854020 -1.067890
v -8.787700 0.860019 -1.068100
v -8.798180 1.000000 -1.056130
v -8.778180 0.975000 -1.056130
v -8.778180 1.000000 -1.056130
v -8.798180 1.000000 -1.096130
v -8.765360 0.860022 -1.088960
v -8.798180 0.785600 -0.999908
v -8.798180 0.791600 -0.999908
v -8.830620 0.785600 -1.094110
v -8.823530 0.960000 -1.160160
v -8.764190 0.860026 -1.086130
v -8.764190 0.854026 -1.086120
v -8.786180 0.860011 -1.086110
v -8.789920 0.854017 -1.087120
v -8.790120 0.860016 -1.086630
v -8.790120 0.854016 -1.086640
v -8.771660 0.854039 -1.068150
v -8.798180 0.940000 -0.934329
v -8.789630 0.854019 -1.064750
v -8.789639 0.860019 -1.064750
v -8.792330 0.880013 -1.090260
v -8.795500 0.860014 -1.086110
v -8.768180 0.785600 -1.151840
v -8.768180 0.791600 -1.151840
v -8.768200 0.860033 -1.062140
v -8.759789 0.952007 -1.061400
v -8.764310 0.880000 -1.048340
v -8.788730 0.860017 -1.068100
v -8.788730 0.854017 -1.068090
v -8.786280 0.854022 -1.066670
v -8.822470 0.785600 -1.120010
v -8.807910 0.785600 -1.142920
v -8.788710 0.854011 -1.084190
v -8.786799 0.854020 -1.067570
v -8.790150 0.860017 -1.066680
v -8.790140 0.854017 -1.066680
v -8.778190 0.860016 -1.096100
v -8.798180 0.928000 -0.970729
v -8.798180 0.924000 -0.970729
v -8.786779 0.854014 -1.087530
v -8.786770 0.860014 -1.087520
v -8.787180 0.860015 -1.087840
v -8.787670 0.854016 -1.088050
v -8.787189 0.854015 -1.087850
v -8.784340 0.854022 -1.067190
v -8.784739 0.854021 -1.068150
v -8.790190 0.854016 -1.086120
v -8.790180 0.860016 -1.086110
v -8.786810 0.860023 -1.064750
v -8.764330 0.860036 -1.067170
v -8.764200 0.860035 -1.066130
v -8.790120 0.860015 -1.085590
v -8.788190 0.880028 -1.058830
v -8.798180 0.930144 -1.180160
v -8.798180 0.932686 -1.176840
v -8.798180 0.923600 -1.170160
v -8.792069 0.854014 -1.067200
v -8.768189 0.854027 -1.084120
v -8.768189 0.860027 -1.084130
v -8.768710 0.860027 -1.084200
v -8.769190 0.860027 -1.084400
v -8.767200 0.860037 -1.067870
v -8.789209 0.854017 -1.067890
v -8.789630 0.860017 -1.067580
v -8.764330 0.860027 -1.085090
v -8.767190 0.854023 -1.087850
v -8.767680 0.860022 -1.088060
v -8.833390 1.000000 -1.108260
v -8.768710 0.854027 -1.084190
v -8.786220 0.860024 -1.062700
v -8.767150 0.860021 -1.090000
v -8.766260 0.860024 -1.086650
v -8.766260 0.854024 -1.086640
v -8.784710 0.854010 -1.088180
v -8.785339 0.860011 -1.088990
v -8.764080 0.880035 -1.062000
v -8.764330 0.854036 -1.067170
v -8.789920 0.860017 -1.087110
v -8.785350 0.854011 -1.089000
v -8.769199 0.860038 -1.067870
v -8.798180 0.928000 -1.188160
v -8.798180 0.923600 -1.190160
v -8.798180 0.928545 -1.192300
v -8.821480 0.791600 -1.134400
v -8.829800 1.000000 -1.116130
v -8.766780 0.854023 -1.087530
v -8.766789 0.854035 -1.064730
v -8.766780 0.860035 -1.064720
v -8.784349 0.860022 -1.067190
v -8.788219 0.860018 -1.068160
v -8.787700 0.854022 -1.064230
v -8.768200 0.860038 -1.068140
v -8.765369 0.860033 -1.063300
v -8.765380 0.854033 -1.063310
v -8.788700 0.860011 -1.084180
v -8.788190 0.854010 -1.084120
v -8.767200 0.854034 -1.064410
v -8.798180 1.000000 -1.116130
v -8.771020 0.854029 -1.083300
v -8.783360 0.860014 -1.095420
v -8.789229 0.988805 -1.031940
v -8.766190 0.854025 -1.086120
v -8.766190 0.860025 -1.086130
v -8.785379 0.854020 -1.068980
v -8.813330 0.791600 -1.016410
v -8.772190 0.860025 -1.086140
v -8.769930 0.854036 -1.065140
v -8.784280 0.854008 -1.085140
v -8.784670 0.854007 -1.084180
v -8.764080 0.880023 -1.090260
v -8.768200 0.860021 -1.093420
v -8.798170 0.860000 -1.076120
v -8.788190 0.854016 -1.088120
v -8.788179 0.860016 -1.088110
v -8.787670 0.860016 -1.088040
v -8.771669 0.854036 -1.064150
v -8.698180 0.791600 -1.006130
v -8.728180 0.760000 -0.916129
v -8.764070 0.860023 -1.090250
v -8.760900 0.880026 -1.086120
v -8.838180 1.000000 -1.036130
v -8.798180 0.930144 -1.196160
v -8.798180 0.960000 -1.188160
v -8.798180 0.791600 -1.160160
v -8.798180 0.915600 -1.186160
v -8.798180 0.915600 -1.190160
v -8.798180 0.923600 -1.186160
v -8.798180 0.923600 -1.206160
v -8.798180 0.932686 -1.199470
v -8.798180 0.928545 -1.184010
v -8.798180 0.936000 -1.202010
v -8.798180 0.939859 -1.203610
v -8.798180 0.915600 -1.170160
v -8.798180 0.944000 -1.204160
v -8.798180 0.936000 -1.174300
v -8.798180 0.939859 -1.172700
v -8.798180 0.948141 -1.203610
v -8.798180 0.952000 -1.202010
v -8.798180 0.944000 -1.172160
v -8.798180 0.955314 -1.199470
v -8.798180 0.957856 -1.196160
v -8.798180 0.948141 -1.172700
v -8.798180 0.952000 -1.174300
v -8.798180 0.959455 -1.192300
v -8.798180 0.955314 -1.176840
v -8.770120 0.860025 -1.085610
v -8.808610 0.791600 -1.001090
v -8.788219 0.860022 -1.062160
v -8.768189 0.860040 -1.070140
v -8.769919 0.860023 -1.087130
v -8.786460 0.854013 -1.087120
v -8.768200 0.860035 -1.064140
v -8.766190 0.860039 -1.069600
v -8.785390 0.860024 -1.063330
v -8.790219 0.860019 -1.062700
v -8.798180 0.880000 -1.036130
v -8.766270 0.854035 -1.065620
v -8.758240 0.880040 -1.076030
v -8.786190 0.854011 -1.086120
v -8.786460 0.854010 -1.085120
v -8.787189 0.854010 -1.084390
v -8.787670 0.854010 -1.084190
v -8.786779 0.854010 -1.084700
v -8.786260 0.854011 -1.085600
v -8.790150 0.860018 -1.065650
v -8.769219 0.860021 -1.090000
v -8.788119 0.860007 -1.082140
v -8.764330 0.860024 -1.087160
v -8.764729 0.860028 -1.084130
v -8.769609 0.860038 -1.067550
v -8.789599 0.860017 -1.087520
v -8.767190 0.860027 -1.084400
v -8.784220 0.860023 -1.066160
v -8.798180 0.791600 -0.992496
v -8.837110 0.972521 -0.939920
v -8.852900 0.972521 -0.939920
v -8.791630 0.854014 -1.088120
v -8.790959 0.854009 -1.083300
v -8.769199 0.860035 -1.064400
v -8.853109 0.993014 -0.978855
v -8.845110 0.993032 -0.978890
v -8.837110 0.993050 -0.978924
v -8.828899 0.972521 -0.939920
v -8.820900 0.972521 -0.939920
v -8.829110 0.993068 -0.978958
v -8.821110 0.993086 -0.978993
v -8.812900 0.972521 -0.939920
v -8.813020 0.983789 -0.961329
v -8.813109 0.993104 -0.979027
v -8.798180 0.936000 -0.970729
v -8.798180 0.936000 -0.934329
v -8.798180 0.936000 -0.950329
v -8.798180 0.928000 -0.934329
v -8.798180 0.924000 -0.934329
v -8.798180 0.916000 -0.950329
v -8.798180 0.916000 -0.954329
v -8.787220 0.860020 -1.067900
v -8.768180 0.785600 -0.999908
v -8.823530 0.960000 -0.992496
v -8.798180 0.916000 -0.970729
v -8.798180 0.928000 -0.954329
v -8.798180 0.924000 -0.954329
v -8.789220 0.860017 -1.067900
v -8.767190 0.860023 -1.087860
v -8.788179 0.860010 -1.084110
v -8.796180 0.924000 -0.970729
v -8.796180 0.924000 -0.954329
v -8.796180 0.930144 -1.196160
v -8.796180 0.959455 -1.184010
v -8.796180 0.957856 -1.180160
v -8.796180 0.936000 -0.970729
v -8.796180 0.936000 -1.202010
v -8.796180 0.923600 -1.186160
v -8.796180 0.923600 -1.170160
v -8.796180 0.944000 -1.204160
v -8.796180 0.915600 -1.170160
v -8.796180 0.915600 -1.186160
v -8.796180 0.923600 -1.206160
v -8.796180 0.923600 -1.190160
v -8.796180 0.916000 -0.934329
v -8.796180 0.916000 -0.950329
v -8.796180 0.916000 -0.954329
v -8.796180 0.916000 -0.970729
v -8.796180 0.932686 -1.199470
v -8.796180 0.939859 -1.203610
v -8.796180 0.928000 -0.970729
v -8.796180 0.936000 -0.954329
v -8.796180 0.928000 -0.954329
v -8.796180 0.915600 -1.190160
v -8.796180 0.936000 -1.174300
v -8.796180 0.939859 -1.172700
v -8.796180 0.928000 -0.934329
v -8.796180 0.936000 -0.934329
v -8.796180 0.928545 -1.192300
v -8.786180 0.959455 -1.192300
v -8.786180 0.928545 -1.192300
v -8.796180 0.924000 -0.950329
v -8.796180 0.932686 -1.176840
v -8.796180 0.930144 -1.180160
v -8.796180 0.928000 -0.950329
v -8.796180 0.944000 -1.172160
v -8.796180 0.948141 -1.172700
v -8.796180 0.936000 -0.950329
v -8.796180 0.955314 -1.176840
v -8.796180 0.952000 -1.174300
v -8.796180 0.952000 -1.202010
v -8.796180 0.928545 -1.184010
v -8.786180 0.959455 -1.184010
v -8.796180 0.915600 -1.206160
v -8.796180 0.924000 -0.934329
v -8.796180 0.957856 -1.196160
v -8.796180 0.959455 -1.192300
v -8.786180 0.960000 -1.188160
v -8.786180 0.928000 -1.188160
v -8.796180 0.948141 -1.203610
v -8.786180 0.928545 -1.184010
v -8.796180 0.955314 -1.199470
v -8.813020 0.976710 -0.965055
v -8.821110 0.986007 -0.982719
v -8.813109 0.986025 -0.982753
v -8.787670 0.860010 -1.084180
v -8.821020 0.983771 -0.961294
v -8.853109 0.985935 -0.982581
v -8.829020 0.976674 -0.964986
v -8.829020 0.983753 -0.961260
v -8.822470 0.783600 -1.120010
v -8.807910 0.783600 -1.142920
v -8.829110 0.985989 -0.982684
v -8.837110 0.985971 -0.982650
v -8.853020 0.983699 -0.961157
v -8.798180 0.783600 -1.151840
v -8.786770 0.860010 -1.084690
v -8.787180 0.860010 -1.084380
v -8.845110 0.985953 -0.982616
v -8.845110 0.983717 -0.961191
v -8.845110 0.976638 -0.964917
v -8.828899 0.965442 -0.943646
v -8.812900 0.965442 -0.943646
v -8.825880 0.783600 -1.040480
v -8.831779 0.783600 -1.066980
v -8.786250 0.860011 -1.085590
v -8.786449 0.860010 -1.085110
v -8.837110 0.981836 -0.957618
v -8.837110 0.983735 -0.961225
v -8.853020 0.976620 -0.964883
v -8.845110 0.981836 -0.957618
v -8.853001 0.974757 -0.961344
v -8.853001 0.981836 -0.957618
v -8.821000 0.981836 -0.957618
v -8.820900 0.965442 -0.943646
v -8.829000 0.974757 -0.961344
v -8.837110 0.965442 -0.943646
v -8.837110 0.974757 -0.961344
v -8.830620 0.783600 -1.094110
v -8.829000 0.981836 -0.957618
v -8.845110 0.965442 -0.943646
v -8.874149 0.791600 -1.075870
v -8.871560 0.791600 -1.056210
v -8.852900 0.965442 -0.943646
v -8.813001 0.974757 -0.961344
v -8.821000 0.974757 -0.961344
v -8.838180 1.050000 -1.036130
v -8.837110 0.976656 -0.964951
v -8.798180 0.783600 -0.999908
v -8.813330 0.783600 -1.016410
v -8.845110 0.974757 -0.961344
v -8.821020 0.976692 -0.965020
v -8.838180 1.050000 -1.116130
v -8.817850 0.791600 -1.149250
v -8.836170 0.791600 -1.141660
v -8.851900 0.791600 -1.129590
v -8.863970 0.791600 -1.113860
v -8.871560 0.791600 -1.095530
v -8.863970 0.791600 -1.037890
v -8.851900 0.791600 -1.022160
v -8.836170 0.791600 -1.010090
v -8.817850 0.791600 -1.002500
f 1185 1186 1187
f 1188 1189 1190
f 1185 1191 1186
f 1188 1192 1189
f 1193 1194 1195
f 1196 1197 1198
f 1199 1200 1201
f 1202 1203 1204
f 1205 1206 1207
f 1208 1209 1210
f 1211 1212 1213
f 1214 1215 1216
f 1217 1218 1219
f 1220 1221 1222
f 1223 1224 1225
f 1226 1227 1228
f 1229 1230 1231
f 1232 1233 1234
f 1198 1235 1236
f 1237 1238 1239
f 1240 1241 1242
f 1243 1242 1244
f 1196 1245 1246
f 1247 1248 1205
f 1249 1250 1251
f 1252 1253 1254
f 1255 1256 1257
f 1258 1259 1260
f 1261 1262 1263
f 1264 1265 1266
f 1267 1268 1269
f 1270 1271 1272
f 1273 1274 1275
f 1276 1277 1278
f 1216 1279 1280
f 1281 1282 1283
f 1284 1285 1286
f 1287 1288 1289
f 1290 1291 1292
f 1293 1255 1294
f 1273 1295 1296
f 1297 1298 1299
f 1300 1301 1247
f 1302 1303 1274
f 1304 1305 1306
f 1307 1308 1309
f 1310 1211 1311
f 1312 1313 1314
f 1313 1312 1315
f 1286 1316 1317
f 1210 1318 1208
f 1319 1320 1321
f 1322 1323 1324
f 1325 1326 1327
f 1256 1267 1257
f 1328 1306 1329
f 1330 1331 1332
f 1333 1334 1335
f 1336 1262 1337
f 1338 1339 1340
f 1220 1313 1341
f 1342 1249 1251
f 1343 1344 1290
f 1345 1346 1347
f 1348 1349 1350
f 1351 1352 1353
f 1354 1186 1355
f 1356 1357 1358
f 1359 1226 1228
f 1360 1361 1362
f 1340 1363 1364
f 1365 1366 1367
f 1368 1369 1370
f 1371 1372 1373
f 1374 1375 1300
f 1225 1376 1377
f 1378 1322 1324
f 1379 1380 1381
f 1329 1382 1246
f 1383 1384 1385
f 1386 1387 1388
f 1389 1323 1390
f 1391 1290 1344
f 1392 1393 1394
f 1395 1396 1397
f 1398 1399 1400
f 1188 1401 1402
f 1209 1403 1210
f 1404 1405 1406
f 1407 1295 1408
f 1409 1392 1410
f 1411 1327 1412
f 1413 1307 1309
f 1336 1414 1415
f 1416 1417 1418
f 1213 1212 1306
f 1419 1420 1421
f 1422 1202 1423
f 1424 1425 1426
f 1427 1428 1429
f 1430 1431 1406
f 1432 1348 1350
f 1433 1434 1278
f 1358 1431 1435
f 1436 1437 1438
f 1252 1439 1280
f 1440 1441 1284
f 1207 1313 1315
f 1442 1443 1444
f 1265 1445 1446
f 1447 1367 1318
f 1448 1241 1449
f 1393 1218 1394
f 1450 1446 1445
f 1451 1452 1453
f 1454 1455 1456
f 1457 1458 1459
f 1460 1461 1462
f 1463 1464 1396
f 1465 1201 1466
f 1467 1468 1469
f 1337 1414 1470
f 1310 1471 1211
f 1215 1280 1279
f 1332 1472 1473
f 1474 1475 1476
f 1477 1478 1479
f 1254 1189 1192
f 1480 1481 1349
f 1482 1427 1378
f 1483 1354 1484
f 1485 1486 1487
f 1488 1489 1490
f 1491 1492 1493
f 1430 1494 1495
f 1496 1437 1343
f 1497 1498 1428
f 1336 1337 1470
f 1303 1353 1234
f 1234 1353 1260
f 1499 1500 1501
f 1502 1503 1223
f 1504 1505 1368
f 1506 1507 1508
f 1327 1204 1509
f 1510 1339 1511
f 1512 1513 1463
f 1514 1264 1266
f 1515 1511 1516
f 1517 1252 1518
f 1514 1266 1519
f 1520 1227 1521
f 1331 1522 1455
f 1523 1388 1269
f 1524 1298 1498
f 1293 1513 1338
f 1305 1271 1525
f 1520 1526 1527
f 1528 1469 1529
f 1254 1188 1402
f 1269 1530 1531
f 1337 1532 1533
f 1477 1534 1535
f 1536 1537 1538
f 1539 1258 1526
f 1540 1541 1542
f 1297 1543 1544
f 1379 1545 1546
f 1547 1186 1191
f 1548 1549 1413
f 1550 1551 1552
f 1270 1384 1383
f 1493 1362 1361
f 1245 1235 1553
f 1554 1509 1204
f 1555 1556 1557
f 1308 1558 1559
f 1560 1556 1561
f 1562 1563 1564
f 1420 1485 1421
f 1460 1565 1566
f 1496 1567 1568
f 1547 1185 1569
f 1570 1512 1519
f 1473 1571 1332
f 1572 1511 1512
f 1377 1573 1574
f 1575 1494 1534
f 1231 1576 1277
f 1577 1578 1579
f 1580 1581 1582
f 1333 1353 1583
f 1346 1584 1585
f 1586 1587 1221
f 1388 1548 1386
f 1588 1589 1197
f 1233 1590 1591
f 1592 1334 1593
f 1594 1595 1571
f 1373 1464 1596
f 1597 1598 1404
f 1599 1600 1601
f 1547 1601 1355
f 1483 1484 1602
f 1603 1418 1581
f 1422 1604 1605
f 1334 1565 1462
f 1606 1465 1466
f 1245 1607 1277
f 1417 1608 1609
f 1262 1610 1263
f 1611 1612 1613
f 1590 1321 1591
f 1352 1488 1490
f 1328 1576 1306
f 1340 1614 1432
f 1401 1189 1615
f 1568 1616 1617
f 1618 1619 1506
f 1501 1620 1621
f 1620 1422 1621
f 1570 1468 1622
f 1483 1599 1601
f 1623 1624 1341
f 1405 1625 1626
f 1509 1476 1412
f 1448 1425 1627
f 1499 1628 1629
f 1543 1630 1544
f 1424 1597 1631
f 1444 1632 1633
f 1633 1345 1347
f 1300 1634 1301
f 1245 1635 1636
f 1637 1261 1638
f 1639 1640 1641
f 1403 1642 1643
f 1644 1612 1645
f 1646 1244 1563
f 1555 1647 1648
f 1524 1645 1649
f 1185 1354 1569
f 1369 1408 1370
f 1650 1385 1194
f 1317 1292 1291
f 1584 1616 1585
f 1651 1652 1653
f 1440 1478 1654
f 1409 1655 1656
f 1657 1320 1658
f 1536 1387 1659
f 1660 1661 1442
f 1662 1368 1505
f 1663 1664 1359
f 1665 1288 1237
f 1656 1666 1657
f 1282 1667 1342
f 1580 1489 1668
f 1669 1578 1670
f 1671 1672 1532
f 1673 1456 1587
f 1531 1647 1674
f 1380 1675 1611
f 1573 1676 1574
f 1677 1371 1399
f 1678 1679 1680
f 1237 1681 1682
f 1625 1660 1626
f 1577 1663 1683
f 1559 1684 1685
f 1639 1637 1638
f 1458 1312 1459
f 1260 1232 1234
f 1686 1550 1642
f 1404 1687 1405
f 1436 1564 1688
f 1398 1537 1689
f 1330 1195 1522
f 1239 1606 1628
f 1428 1491 1429
f 1560 1690 1691
f 1692 1693 1630
f 1450 1684 1694
f 1278 1433 1695
f 1303 1363 1696
f 1552 1281 1283
f 1301 1697 1389
f 1595 1698 1382
f 1669 1699 1700
f 1356 1643 1701
f 1702 1604 1200
f 1690 1529 1691
f 1250 1391 1344
f 1592 1461 1703
f 1395 1452 1704
f 1217 1699 1504
f 1390 1322 1618
f 1566 1696 1363
f 1705 1209 1706
f 1609 1662 1505
f 1707 1708 1374
f 1487 1482 1378
f 1305 1507 1709
f 1546 1710 1711
f 1712 1710 1640
f 1481 1713 1515
f 1714 1715 1326
f 1453 1514 1451
f 1716 1717 1457
f 1634 1375 1335
f 1193 1650 1194
f 1198 1235 1196
f 1553 1196 1235
f 1199 1702 1200
f 1715 1423 1202
f 1202 1252 1203
f 1204 1715 1202
f 1205 1248 1206
f 1208 1706 1209
f 1211 1471 1212
f 1216 1518 1235
f 1518 1553 1235
f 1215 1279 1216
f 1474 1214 1433
f 1278 1231 1474
f 1328 1682 1433
f 1433 1278 1474
f 1216 1235 1198
f 1198 1197 1718
f 1328 1433 1214
f 1216 1198 1718
f 1328 1214 1216
f 1216 1718 1328
f 1217 1504 1218
f 1220 1586 1221
f 1223 1503 1224
f 1226 1521 1227
f 1719 1680 1679
f 1474 1231 1720
f 1721 1476 1722
f 1723 1678 1724
f 1476 1475 1723
f 1719 1679 1725
f 1726 1719 1725
f 1678 1727 1724
f 1723 1724 1722
f 1728 1726 1725
f 1729 1728 1725
f 1476 1723 1722
f 1721 1722 1730
f 1729 1725 1731
f 1731 1725 1474
f 1277 1721 1730
f 1653 1732 1733
f 1277 1730 1653
f 1734 1731 1474
f 1735 1734 1474
f 1277 1653 1733
f 1277 1733 1736
f 1737 1735 1474
f 1738 1737 1474
f 1277 1736 1739
f 1277 1739 1740
f 1741 1738 1474
f 1720 1741 1474
f 1277 1740 1742
f 1277 1742 1229
f 1720 1231 1230
f 1277 1229 1231
f 1232 1743 1233
f 1744 1236 1235
f 1588 1198 1236
f 1621 1423 1714
f 1714 1325 1621
f 1411 1476 1621
f 1721 1276 1501
f 1434 1681 1499
f 1237 1288 1238
f 1589 1588 1199
f 1236 1744 1605
f 1236 1605 1702
f 1276 1434 1501
f 1621 1325 1411
f 1501 1621 1721
f 1588 1236 1702
f 1588 1702 1199
f 1621 1476 1721
f 1499 1501 1434
f 1589 1199 1465
f 1589 1465 1288
f 1499 1681 1239
f 1239 1681 1237
f 1288 1465 1238
f 1240 1449 1241
f 1243 1240 1242
f 1196 1553 1245
f 1247 1310 1248
f 1249 1745 1250
f 1252 1202 1253
f 1255 1746 1256
f 1258 1747 1259
f 1261 1748 1262
f 1264 1749 1265
f 1267 1750 1268
f 1270 1525 1271
f 1273 1302 1274
f 1231 1278 1277
f 1276 1721 1277
f 1281 1751 1282
f 1284 1441 1285
f 1287 1589 1288
f 1290 1752 1291
f 1293 1746 1255
f 1273 1275 1295
f 1297 1498 1298
f 1508 1305 1304
f 1304 1212 1389
f 1471 1247 1301
f 1207 1315 1458
f 1207 1458 1717
f 1247 1205 1300
f 1506 1508 1304
f 1618 1506 1304
f 1212 1471 1389
f 1207 1717 1707
f 1207 1707 1374
f 1390 1618 1304
f 1389 1390 1304
f 1205 1207 1374
f 1205 1374 1300
f 1301 1389 1471
f 1302 1364 1303
f 1382 1306 1305
f 1305 1753 1382
f 1307 1754 1308
f 1286 1285 1316
f 1210 1447 1318
f 1319 1658 1320
f 1325 1714 1326
f 1256 1750 1267
f 1382 1329 1306
f 1718 1328 1329
f 1220 1755 1341
f 1341 1454 1673
f 1332 1571 1330
f 1753 1305 1525
f 1753 1525 1270
f 1571 1595 1193
f 1220 1341 1586
f 1586 1341 1673
f 1753 1270 1383
f 1753 1383 1650
f 1341 1624 1454
f 1454 1624 1331
f 1595 1753 1193
f 1753 1650 1193
f 1331 1624 1332
f 1571 1193 1330
f 1333 1583 1334
f 1611 1613 1502
f 1502 1545 1381
f 1225 1377 1640
f 1574 1676 1641
f 1671 1337 1748
f 1336 1705 1756
f 1706 1208 1757
f 1318 1367 1758
f 1366 1360 1693
f 1366 1693 1759
f 1208 1318 1760
f 1337 1262 1748
f 1377 1574 1640
f 1611 1502 1380
f 1380 1502 1381
f 1676 1671 1637
f 1367 1366 1759
f 1367 1759 1758
f 1502 1223 1545
f 1545 1223 1710
f 1318 1758 1760
f 1208 1760 1757
f 1710 1223 1225
f 1640 1710 1225
f 1706 1757 1761
f 1706 1761 1705
f 1641 1640 1574
f 1637 1641 1676
f 1761 1756 1705
f 1748 1637 1671
f 1756 1262 1336
f 1338 1513 1339
f 1220 1222 1314
f 1314 1313 1220
f 1623 1341 1313
f 1342 1667 1249
f 1244 1242 1342
f 1342 1251 1564
f 1250 1344 1437
f 1290 1347 1346
f 1290 1346 1585
f 1251 1688 1564
f 1563 1244 1342
f 1564 1563 1342
f 1290 1585 1616
f 1290 1616 1567
f 1251 1250 1688
f 1688 1250 1437
f 1290 1567 1343
f 1437 1344 1343
f 1345 1762 1346
f 1348 1480 1349
f 1351 1763 1352
f 1354 1187 1186
f 1356 1701 1357
f 1359 1664 1226
f 1360 1366 1764
f 1764 1361 1360
f 1608 1765 1457
f 1716 1457 1765
f 1459 1312 1407
f 1312 1268 1750
f 1608 1457 1662
f 1662 1457 1766
f 1312 1750 1256
f 1312 1256 1296
f 1766 1457 1459
f 1369 1766 1459
f 1256 1746 1296
f 1746 1273 1296
f 1407 1369 1459
f 1296 1407 1312
f 1293 1273 1746
f 1432 1350 1566
f 1293 1302 1273
f 1340 1432 1363
f 1350 1703 1460
f 1293 1338 1302
f 1302 1338 1364
f 1350 1460 1566
f 1432 1566 1363
f 1364 1338 1340
f 1365 1764 1366
f 1368 1766 1369
f 1371 1767 1372
f 1374 1708 1375
f 1225 1224 1376
f 1379 1768 1380
f 1386 1659 1387
f 1389 1697 1323
f 1391 1752 1290
f 1392 1769 1393
f 1395 1463 1396
f 1398 1677 1399
f 1188 1190 1401
f 1291 1384 1317
f 1272 1271 1479
f 1709 1507 1493
f 1619 1322 1378
f 1619 1378 1427
f 1271 1709 1575
f 1317 1384 1286
f 1286 1384 1272
f 1507 1619 1429
f 1619 1427 1429
f 1284 1286 1272
f 1440 1284 1272
f 1507 1429 1491
f 1507 1491 1493
f 1479 1440 1272
f 1477 1479 1271
f 1709 1495 1575
f 1493 1361 1709
f 1575 1477 1271
f 1709 1361 1495
f 1361 1430 1495
f 1361 1764 1430
f 1764 1435 1430
f 1764 1365 1435
f 1365 1358 1435
f 1365 1447 1358
f 1209 1415 1686
f 1447 1356 1358
f 1447 1210 1356
f 1415 1770 1686
f 1209 1686 1403
f 1356 1210 1403
f 1431 1357 1597
f 1701 1425 1631
f 1642 1550 1241
f 1552 1283 1242
f 1282 1342 1242
f 1282 1242 1283
f 1550 1552 1241
f 1357 1701 1631
f 1494 1406 1405
f 1535 1660 1442
f 1654 1478 1444
f 1285 1441 1347
f 1292 1316 1347
f 1347 1290 1292
f 1633 1347 1441
f 1316 1285 1347
f 1478 1442 1444
f 1406 1431 1404
f 1552 1242 1241
f 1642 1241 1627
f 1633 1441 1654
f 1444 1633 1654
f 1642 1627 1425
f 1642 1425 1643
f 1478 1535 1442
f 1535 1534 1660
f 1643 1425 1701
f 1357 1631 1597
f 1660 1534 1626
f 1626 1534 1494
f 1431 1597 1404
f 1405 1626 1494
f 1407 1296 1295
f 1409 1769 1392
f 1411 1325 1327
f 1413 1549 1307
f 1415 1705 1336
f 1336 1470 1414
f 1416 1765 1417
f 1306 1576 1213
f 1695 1213 1576
f 1212 1304 1306
f 1419 1502 1420
f 1605 1744 1771
f 1771 1202 1422
f 1423 1621 1422
f 1422 1605 1771
f 1424 1631 1425
f 1427 1497 1428
f 1430 1435 1431
f 1432 1614 1348
f 1276 1278 1434
f 1433 1681 1434
f 1358 1357 1431
f 1436 1688 1437
f 1280 1554 1203
f 1203 1252 1280
f 1772 1439 1252
f 1773 1280 1439
f 1440 1654 1441
f 1207 1206 1313
f 1442 1661 1443
f 1265 1749 1445
f 1447 1365 1367
f 1448 1627 1241
f 1393 1219 1218
f 1450 1694 1446
f 1451 1704 1452
f 1454 1331 1455
f 1457 1717 1458
f 1460 1703 1461
f 1463 1596 1464
f 1465 1199 1201
f 1467 1622 1468
f 1337 1533 1414
f 1310 1247 1471
f 1215 1554 1280
f 1332 1624 1472
f 1474 1725 1475
f 1477 1535 1478
f 1254 1615 1189
f 1480 1510 1481
f 1482 1497 1427
f 1483 1569 1354
f 1485 1774 1486
f 1488 1668 1489
f 1491 1775 1492
f 1430 1406 1494
f 1496 1438 1437
f 1775 1428 1297
f 1497 1482 1644
f 1486 1774 1613
f 1420 1502 1613
f 1420 1613 1774
f 1482 1613 1644
f 1492 1775 1544
f 1360 1362 1693
f 1630 1693 1362
f 1544 1630 1492
f 1362 1492 1630
f 1486 1613 1482
f 1497 1644 1524
f 1544 1775 1297
f 1297 1428 1498
f 1497 1524 1498
f 1499 1629 1500
f 1502 1419 1503
f 1609 1505 1699
f 1368 1370 1218
f 1408 1295 1410
f 1275 1274 1666
f 1303 1234 1233
f 1303 1233 1591
f 1295 1275 1655
f 1505 1504 1699
f 1418 1417 1578
f 1582 1581 1683
f 1490 1359 1228
f 1353 1352 1227
f 1258 1260 1353
f 1526 1258 1353
f 1352 1228 1227
f 1581 1418 1578
f 1303 1591 1321
f 1303 1321 1320
f 1417 1609 1670
f 1527 1526 1353
f 1227 1527 1353
f 1274 1303 1320
f 1274 1320 1666
f 1352 1490 1228
f 1490 1489 1359
f 1275 1666 1655
f 1295 1655 1410
f 1359 1489 1663
f 1663 1489 1582
f 1408 1410 1392
f 1408 1392 1370
f 1683 1663 1582
f 1578 1683 1581
f 1392 1394 1370
f 1394 1218 1370
f 1670 1578 1417
f 1218 1504 1368
f 1699 1670 1609
f 1506 1619 1507
f 1509 1412 1327
f 1327 1326 1204
f 1715 1204 1326
f 1511 1713 1510
f 1510 1480 1348
f 1348 1614 1339
f 1339 1513 1512
f 1512 1511 1339
f 1510 1348 1339
f 1514 1776 1264
f 1515 1713 1511
f 1216 1280 1777
f 1778 1779 1216
f 1216 1777 1778
f 1780 1772 1252
f 1781 1780 1252
f 1518 1216 1782
f 1779 1782 1216
f 1518 1782 1783
f 1784 1781 1252
f 1785 1517 1518
f 1518 1783 1786
f 1786 1785 1518
f 1784 1252 1517
f 1469 1265 1446
f 1512 1463 1395
f 1512 1395 1704
f 1468 1265 1469
f 1684 1529 1694
f 1694 1529 1446
f 1512 1704 1451
f 1512 1451 1514
f 1529 1469 1446
f 1468 1266 1265
f 1512 1514 1519
f 1468 1519 1266
f 1520 1527 1227
f 1331 1330 1522
f 1596 1463 1513
f 1513 1294 1400
f 1255 1257 1538
f 1267 1388 1387
f 1531 1549 1523
f 1555 1557 1754
f 1560 1684 1558
f 1529 1684 1691
f 1684 1560 1691
f 1557 1558 1754
f 1269 1388 1267
f 1294 1255 1537
f 1373 1596 1513
f 1371 1373 1513
f 1257 1267 1387
f 1560 1558 1557
f 1555 1754 1307
f 1399 1371 1513
f 1400 1399 1513
f 1555 1307 1674
f 1307 1549 1674
f 1537 1400 1294
f 1538 1537 1255
f 1549 1531 1674
f 1387 1538 1257
f 1523 1269 1531
f 1524 1649 1298
f 1293 1294 1513
f 1305 1709 1271
f 1520 1539 1526
f 1528 1467 1469
f 1254 1192 1188
f 1269 1268 1530
f 1337 1671 1532
f 1477 1575 1534
f 1536 1689 1537
f 1539 1747 1258
f 1787 1401 1542
f 1615 1788 1789
f 1540 1790 1791
f 1540 1791 1541
f 1541 1792 1793
f 1542 1401 1615
f 1541 1793 1542
f 1789 1540 1542
f 1542 1615 1789
f 1297 1299 1543
f 1379 1381 1545
f 1547 1355 1186
f 1548 1523 1549
f 1550 1770 1551
f 1270 1272 1384
f 1493 1492 1362
f 1245 1771 1744
f 1744 1235 1245
f 1554 1215 1214
f 1214 1509 1554
f 1204 1203 1554
f 1555 1648 1556
f 1308 1754 1558
f 1560 1557 1556
f 1562 1646 1563
f 1420 1774 1485
f 1460 1462 1565
f 1496 1343 1567
f 1547 1191 1185
f 1570 1572 1512
f 1473 1594 1571
f 1572 1516 1511
f 1377 1376 1573
f 1575 1495 1494
f 1231 1695 1576
f 1577 1683 1578
f 1580 1603 1581
f 1333 1351 1353
f 1346 1762 1584
f 1586 1673 1587
f 1388 1523 1548
f 1287 1197 1589
f 1198 1588 1197
f 1233 1743 1590
f 1592 1335 1334
f 1594 1698 1595
f 1373 1372 1464
f 1597 1794 1598
f 1547 1569 1601
f 1600 1484 1354
f 1600 1354 1355
f 1569 1483 1601
f 1600 1355 1601
f 1603 1416 1418
f 1422 1795 1604
f 1461 1593 1462
f 1334 1583 1696
f 1353 1303 1696
f 1696 1565 1334
f 1462 1593 1334
f 1583 1353 1696
f 1606 1238 1465
f 1245 1796 1607
f 1417 1765 1608
f 1262 1756 1610
f 1611 1675 1612
f 1590 1319 1321
f 1352 1763 1488
f 1328 1695 1576
f 1340 1339 1614
f 1401 1190 1189
f 1568 1567 1616
f 1618 1322 1619
f 1501 1500 1620
f 1620 1795 1422
f 1570 1519 1468
f 1483 1602 1599
f 1623 1472 1624
f 1405 1687 1625
f 1509 1214 1476
f 1476 1411 1412
f 1214 1474 1476
f 1448 1426 1425
f 1499 1239 1628
f 1543 1692 1630
f 1424 1794 1597
f 1444 1443 1632
f 1633 1632 1345
f 1300 1375 1634
f 1202 1793 1792
f 1245 1553 1518
f 1518 1252 1254
f 1518 1254 1402
f 1792 1253 1202
f 1797 1793 1771
f 1245 1518 1402
f 1401 1787 1245
f 1245 1402 1401
f 1793 1202 1771
f 1798 1799 1636
f 1797 1771 1245
f 1635 1798 1636
f 1636 1797 1245
f 1245 1787 1635
f 1637 1748 1261
f 1639 1712 1640
f 1403 1686 1642
f 1644 1613 1612
f 1646 1243 1244
f 1555 1674 1647
f 1524 1644 1645
f 1185 1187 1354
f 1369 1407 1408
f 1650 1383 1385
f 1317 1316 1292
f 1584 1617 1616
f 1653 1724 1651
f 1724 1727 1651
f 1652 1732 1653
f 1440 1479 1478
f 1409 1410 1655
f 1657 1666 1320
f 1536 1538 1387
f 1660 1800 1661
f 1662 1766 1368
f 1663 1801 1664
f 1665 1289 1288
f 1656 1655 1666
f 1282 1751 1667
f 1580 1582 1489
f 1669 1579 1578
f 1671 1676 1672
f 1673 1454 1456
f 1531 1530 1647
f 1380 1768 1675
f 1573 1672 1676
f 1677 1767 1371
f 1678 1723 1679
f 1433 1682 1681
f 1665 1237 1682
f 1625 1800 1660
f 1577 1801 1663
f 1559 1558 1684
f 1639 1641 1637
f 1458 1315 1312
f 1260 1259 1232
f 1686 1770 1550
f 1404 1598 1687
f 1436 1562 1564
f 1398 1400 1537
f 1330 1193 1195
f 1239 1238 1606
f 1428 1775 1491
f 1560 1561 1690
f 1692 1802 1693
f 1450 1685 1684
f 1682 1695 1433
f 1231 1278 1695
f 1303 1364 1363
f 1552 1551 1281
f 1301 1634 1697
f 1246 1382 1698
f 1753 1595 1382
f 1698 1196 1246
f 1669 1670 1699
f 1356 1403 1643
f 1702 1605 1604
f 1690 1528 1529
f 1250 1745 1391
f 1592 1593 1461
f 1395 1397 1452
f 1217 1700 1699
f 1390 1323 1322
f 1566 1565 1696
f 1705 1415 1209
f 1609 1608 1662
f 1707 1716 1708
f 1487 1486 1482
f 1305 1508 1507
f 1546 1545 1710
f 1712 1711 1710
f 1481 1510 1713
f 1714 1423 1715
f 1453 1776 1514
f 1716 1707 1717
f 1530 1268 1222
f 1312 1314 1268
f 1222 1221 1530
f 1587 1456 1467
f 1455 1516 1572
f 1195 1194 1667
f 1385 1384 1291
f 1385 1291 1752
f 1522 1195 1281
f 1314 1222 1268
f 1647 1530 1221
f 1648 1647 1221
f 1456 1570 1622
f 1385 1752 1391
f 1385 1391 1194
f 1648 1221 1556
f 1556 1221 1587
f 1194 1391 1745
f 1194 1745 1249
f 1561 1556 1587
f 1690 1561 1587
f 1194 1249 1667
f 1528 1690 1587
f 1467 1528 1587
f 1770 1349 1481
f 1622 1467 1456
f 1456 1572 1570
f 1195 1667 1751
f 1456 1455 1572
f 1195 1751 1281
f 1455 1515 1516
f 1522 1281 1551
f 1455 1522 1515
f 1522 1481 1515
f 1522 1551 1481
f 1551 1770 1481
f 1770 1350 1349
f 1415 1350 1770
f 1703 1414 1592
f 1415 1703 1350
f 1414 1703 1415
f 1414 1533 1592
f 1533 1634 1592
f 1533 1532 1634
f 1532 1697 1634
f 1335 1592 1634
f 1672 1697 1532
f 1333 1335 1375
f 1573 1323 1697
f 1351 1333 1375
f 1763 1351 1708
f 1488 1763 1708
f 1716 1765 1416
f 1375 1708 1351
f 1697 1672 1573
f 1324 1323 1503
f 1487 1378 1324
f 1485 1487 1324
f 1323 1376 1224
f 1716 1416 1603
f 1716 1603 1580
f 1573 1376 1323
f 1421 1485 1324
f 1419 1421 1324
f 1716 1580 1668
f 1716 1668 1708
f 1503 1419 1324
f 1668 1488 1708
f 1224 1503 1323
f 1803 1799 1804
f 1805 1680 1719
f 1806 1229 1807
f 1803 1797 1636
f 1808 1635 1787
f 1729 1809 1728
f 1810 1653 1811
f 1734 1812 1731
f 1813 1722 1814
f 1815 1679 1816
f 1817 1792 1818
f 1819 1797 1820
f 1805 1726 1821
f 1731 1822 1729
f 1810 1813 1814
f 1823 1824 1825
f 1679 1826 1816
f 1733 1827 1828
f 1788 1829 1830
f 1831 1832 1833
f 1834 1792 1541
f 1732 1835 1827
f 1836 1652 1651
f 1829 1540 1837
f 1739 1838 1839
f 1840 1829 1837
f 1841 1740 1842
f 1728 1821 1726
f 1737 1843 1735
f 1815 1475 1725
f 1810 1722 1724
f 1844 1845 1806
f 1805 1809 1843
f 1542 1825 1824
f 1808 1542 1824
f 1815 1826 1846
f 1840 1788 1830
f 1653 1813 1811
f 1834 1791 1847
f 1740 1839 1842
f 1834 1817 1818
f 1791 1817 1847
f 1799 1819 1804
f 1736 1828 1838
f 1825 1635 1823
f 1840 1540 1789
f 1848 1741 1849
f 1720 1806 1850
f 1851 1832 1845
f 1849 1850 1832
f 1735 1852 1734
f 1835 1807 1828
f 1853 1844 1851
f 1831 1678 1680
f 1807 1742 1841
f 1836 1727 1844
f 1854 1738 1848
f 1803 1819 1820
f 1826 1475 1846
f 1803 1636 1799
f 1805 1831 1680
f 1806 1230 1229
f 1803 1820 1797
f 1808 1823 1635
f 1729 1822 1809
f 1810 1724 1653
f 1734 1852 1812
f 1813 1730 1722
f 1815 1725 1679
f 1817 1253 1792
f 1819 1793 1797
f 1805 1719 1726
f 1731 1812 1822
f 1810 1811 1813
f 1823 1808 1824
f 1679 1723 1826
f 1733 1732 1827
f 1788 1790 1829
f 1831 1849 1832
f 1834 1818 1792
f 1732 1652 1835
f 1836 1835 1652
f 1829 1790 1540
f 1739 1736 1838
f 1840 1830 1829
f 1841 1742 1740
f 1728 1809 1821
f 1737 1854 1843
f 1815 1846 1475
f 1810 1814 1722
f 1844 1853 1845
f 1854 1848 1843
f 1849 1831 1805
f 1805 1821 1809
f 1809 1822 1812
f 1812 1852 1809
f 1843 1848 1849
f 1849 1805 1843
f 1809 1852 1843
f 1542 1798 1825
f 1808 1787 1542
f 1815 1816 1826
f 1840 1789 1788
f 1653 1730 1813
f 1834 1541 1791
f 1740 1739 1839
f 1834 1847 1817
f 1791 1253 1817
f 1799 1793 1819
f 1736 1733 1828
f 1825 1798 1635
f 1840 1837 1540
f 1848 1738 1741
f 1845 1850 1806
f 1720 1230 1806
f 1845 1853 1851
f 1851 1833 1832
f 1832 1850 1845
f 1849 1741 1720
f 1720 1850 1849
f 1735 1843 1852
f 1828 1827 1835
f 1835 1836 1844
f 1844 1806 1807
f 1807 1841 1842
f 1842 1839 1807
f 1838 1828 1807
f 1835 1844 1807
f 1807 1839 1838
f 1678 1851 1844
f 1844 1727 1678
f 1831 1833 1851
f 1851 1678 1831
f 1807 1229 1742
f 1836 1651 1727
f 1854 1737 1738
f 1803 1804 1819
f 1826 1723 1475
f 1620 1466 1795
f 1201 1200 1795
f 1604 1795 1200
f 1620 1500 1629
f 1629 1628 1620
f 1606 1466 1620
f 1201 1795 1466
f 1620 1628 1606
f 1855 1856 1857
f 1693 1858 1759
f 1856 1859 1783
f 1778 1860 1777
f 1861 1782 1862
f 1328 1289 1665
f 1629 1863 1864
f 1656 1747 1579
f 1779 1865 1866
f 1860 1867 1777
f 1629 1868 1500
f 1869 1758 1870
f 1871 1872 1873
f 1599 1698 1196
f 1772 1874 1780
f 1875 1517 1784
f 1466 1876 1877
f 1878 1757 1879
f 1213 1311 1695
f 1880 1772 1881
f 1858 1758 1759
f 1484 1599 1602
f 1872 1882 1873
f 1883 1884 1885
f 1873 1860 1871
f 1886 1887 1781
f 1888 1889 1890
f 1628 1891 1863
f 1859 1892 1862
f 1781 1859 1886
f 1885 1280 1867
f 1874 1892 1780
f 1773 1893 1439
f 1894 1895 1288
f 1757 1869 1879
f 1893 1883 1439
f 1885 1896 1773
f 1897 1887 1898
f 1783 1857 1856
f 1328 1899 1718
f 1784 1887 1875
f 1602 1311 1484
f 1892 1890 1880
f 1861 1881 1900
f 1785 1886 1859
f 1901 1868 1877
f 1606 1877 1891
f 1200 1901 1902
f 1201 1902 1876
f 1438 1443 1243
f 1612 1878 1858
f 1903 1896 1884
f 1756 1878 1610
f 1517 1898 1886
f 1855 1859 1904
f 1396 1659 1450
f 1857 1785 1855
f 1311 1905 1695
f 1328 1695 1905
f 1861 1866 1865
f 1196 1718 1899
f 1306 1246 1576
f 1196 1329 1718
f 1855 1904 1856
f 1693 1802 1858
f 1856 1904 1859
f 1778 1871 1860
f 1861 1865 1782
f 1718 1197 1287
f 1718 1287 1289
f 1665 1682 1328
f 1328 1718 1289
f 1629 1628 1863
f 1579 1669 1219
f 1700 1217 1219
f 1219 1393 1769
f 1769 1409 1219
f 1656 1657 1658
f 1658 1319 1590
f 1590 1743 1747
f 1232 1259 1747
f 1747 1539 1520
f 1520 1521 1226
f 1226 1664 1801
f 1801 1577 1579
f 1669 1700 1219
f 1219 1409 1656
f 1656 1658 1747
f 1743 1232 1747
f 1747 1520 1226
f 1226 1801 1747
f 1579 1219 1656
f 1658 1590 1747
f 1747 1801 1579
f 1779 1782 1865
f 1860 1882 1867
f 1629 1864 1868
f 1869 1760 1758
f 1871 1778 1872
f 1600 1484 1313
f 1206 1313 1484
f 1623 1472 1600
f 1473 1594 1600
f 1196 1899 1599
f 1594 1698 1600
f 1313 1623 1600
f 1600 1472 1473
f 1905 1602 1599
f 1599 1600 1698
f 1899 1905 1599
f 1772 1889 1874
f 1875 1897 1517
f 1466 1201 1876
f 1878 1761 1757
f 1213 1211 1311
f 1880 1890 1889
f 1779 1866 1900
f 1779 1900 1881
f 1880 1889 1772
f 1772 1779 1881
f 1858 1870 1758
f 1484 1600 1599
f 1872 1867 1882
f 1883 1903 1884
f 1873 1882 1860
f 1886 1898 1887
f 1888 1874 1889
f 1628 1606 1891
f 1782 1783 1859
f 1859 1781 1892
f 1892 1880 1881
f 1781 1780 1892
f 1862 1782 1859
f 1892 1881 1862
f 1872 1778 1779
f 1779 1772 1872
f 1772 1439 1883
f 1872 1772 1883
f 1885 1773 1280
f 1872 1883 1867
f 1280 1777 1867
f 1867 1883 1885
f 1874 1888 1892
f 1773 1896 1893
f 1681 1434 1906
f 1906 1907 1681
f 1908 1909 1237
f 1910 1894 1288
f 1895 1911 1589
f 1912 1913 1588
f 1914 1236 1588
f 1914 1588 1913
f 1911 1912 1589
f 1909 1910 1237
f 1681 1907 1237
f 1237 1907 1908
f 1912 1588 1589
f 1288 1237 1910
f 1895 1589 1288
f 1757 1760 1869
f 1893 1903 1883
f 1885 1884 1896
f 1897 1875 1887
f 1783 1786 1857
f 1328 1905 1899
f 1784 1781 1887
f 1310 1248 1484
f 1484 1311 1310
f 1248 1206 1484
f 1905 1311 1602
f 1892 1888 1890
f 1861 1862 1881
f 1785 1517 1886
f 1864 1863 1868
f 1891 1877 1868
f 1876 1902 1901
f 1901 1877 1876
f 1863 1891 1868
f 1606 1466 1877
f 1200 1604 1901
f 1201 1200 1902
f 1426 1448 1243
f 1449 1240 1243
f 1243 1646 1562
f 1562 1436 1243
f 1438 1496 1568
f 1568 1617 1438
f 1584 1762 1345
f 1345 1632 1443
f 1443 1661 1687
f 1800 1625 1687
f 1687 1598 1794
f 1794 1424 1687
f 1448 1449 1243
f 1243 1436 1438
f 1438 1617 1584
f 1584 1345 1438
f 1661 1800 1687
f 1687 1424 1426
f 1426 1243 1443
f 1438 1345 1443
f 1443 1687 1426
f 1858 1802 1299
f 1692 1543 1299
f 1299 1298 1649
f 1649 1645 1299
f 1612 1675 1768
f 1768 1379 1612
f 1546 1711 1712
f 1712 1639 1546
f 1638 1261 1878
f 1263 1610 1878
f 1878 1879 1858
f 1869 1870 1858
f 1802 1692 1299
f 1299 1645 1612
f 1612 1379 1546
f 1546 1639 1638
f 1261 1263 1878
f 1879 1869 1858
f 1858 1299 1612
f 1612 1546 1638
f 1638 1878 1612
f 1903 1893 1896
f 1756 1761 1878
f 1517 1897 1898
f 1855 1785 1859
f 1450 1445 1749
f 1749 1264 1450
f 1776 1453 1452
f 1452 1397 1776
f 1396 1464 1372
f 1372 1767 1677
f 1677 1398 1659
f 1689 1536 1659
f 1659 1386 1548
f 1548 1413 1309
f 1309 1308 1559
f 1559 1685 1450
f 1450 1264 1776
f 1776 1397 1396
f 1396 1372 1659
f 1398 1689 1659
f 1659 1548 1309
f 1309 1559 1450
f 1450 1776 1396
f 1372 1677 1659
f 1659 1309 1450
f 1857 1786 1785
f 1861 1900 1866
f 1306 1382 1246
f 1196 1246 1329
g Conference_room_chair_node0
usemtl itu_wood
v -3.358120 0.020577 0.817782
v -3.370950 0.000038 0.813949
v -3.358120 0.000038 0.817782
v -2.921710 0.721472 -0.809313
v -2.916400 0.507281 -1.032920
v -2.959120 0.721472 -1.021550
v -3.356470 0.244401 -0.596294
v -3.397540 0.009684 -0.565808
v -3.402330 0.005172 -0.554816
v -3.351030 0.000038 0.271401
v -3.363950 0.020577 0.274898
v -3.351030 0.020577 0.271401
v -4.828720 0.509723 0.255769
v -4.492280 0.534250 0.270937
v -4.493090 0.524445 0.260840
v -4.961900 0.009684 0.259840
v -4.411640 0.005172 0.255910
v -4.416420 0.009684 0.266909
v -3.124380 0.456027 0.807264
v -3.145500 0.556578 0.840313
v -3.148680 0.555889 0.832068
v -4.853800 0.497622 -0.409095
v -4.855510 0.487142 -0.409638
v -4.866330 0.491631 -0.399954
v -4.431260 0.009684 -1.025740
v -4.426470 0.005172 -1.036750
v -4.472330 0.244401 -0.995271
v -4.906320 0.035981 0.249499
v -4.438820 0.031469 0.266618
v -4.443310 0.035981 0.255500
v -2.917730 0.706067 0.831105
v -2.911860 0.698894 0.810723
v -2.921630 0.704141 0.811605
v -3.330600 0.238896 -0.583952
v -3.138390 0.464898 -0.764457
v -3.138340 0.474738 -0.757837
v -3.353810 0.000038 -1.084480
v -3.366960 0.000038 -1.063290
v -3.366640 0.000038 -1.088310
v -3.133250 0.456027 -1.071650
v -3.113610 0.449286 -0.790948
v -3.110420 0.456270 -1.072860
v -4.458150 0.035981 -1.037160
v -4.497170 0.231876 -0.986686
v -4.502030 0.233839 -0.997480
v -4.924770 0.020577 -0.521768
v -4.930210 0.000038 -0.512979
v -4.924770 0.000038 -0.521768
v -2.911250 0.492660 0.772715
v -2.924740 0.500860 0.780635
v -2.925740 0.489549 0.768450
v -4.873650 1.019000 0.292052
v -4.909330 1.025660 0.510182
v -4.865630 1.025660 0.294411
v -2.973360 0.718413 0.346103
v -2.938430 1.013210 0.325001
v -2.965580 0.719401 0.332228
v -2.850500 0.013376 -0.536606
v -2.850210 0.013376 -0.558723
v -2.873120 0.024269 -0.563593
v -4.690290 0.560417 0.145826
v -4.688270 0.442141 0.114698
v -4.668080 0.556578 0.142280
v -3.123380 0.560417 0.844435
v -3.101820 0.442383 0.815075
v -3.101580 0.456270 0.809074
v -3.144340 0.485449 0.585688
v -3.336000 0.246363 0.774209
v -3.137960 0.489269 0.595106
v -3.401780 0.474891 0.296424
v -3.407840 0.487711 0.790828
v -3.401430 0.487711 0.297056
v -4.907340 0.686908 -0.490380
v -4.869350 0.692920 -0.475695
v -4.887860 0.696954 -0.457234
v -3.143360 0.485449 0.508956
v -3.330060 0.246363 0.315532
v -3.335200 0.244401 0.326189
v -4.715730 0.449286 -0.759013
v -4.692880 0.434477 -0.758950
v -4.692880 0.449286 -0.758712
v -2.926440 1.019000 -0.311635
v -2.940620 1.015340 -0.319653
v -2.934500 1.025660 -0.309487
v -4.831260 0.519461 0.265821
v -4.498620 0.534250 0.760153
v -3.373390 0.020577 -0.566951
v -3.386540 0.020577 -0.545760
v -3.373720 0.020577 -0.541926
v -4.920700 0.035981 0.106804
v -4.931920 0.035161 0.095597
v -4.922550 0.039673 0.106779
v -4.880630 0.706067 0.229702
v -4.886510 0.698894 0.250081
v -4.876730 0.704141 0.249201
v -4.907090 0.721472 -0.782252
v -4.912400 0.507281 -0.558641
v -4.869670 0.721472 -0.570010
v -4.442110 0.020577 -1.052600
v -4.477190 0.246363 -1.006060
v -4.430970 0.009684 -1.047870
v -4.454620 0.000038 0.100330
v -4.442020 0.000038 0.121857
v -4.454950 0.000038 0.125355
v -3.310600 0.231876 0.335415
v -3.348280 0.035981 0.283950
v -3.305450 0.233839 0.324759
v -3.321050 0.233839 -1.034950
v -3.143780 0.461078 -0.850512
v -3.326190 0.231876 -1.024290
v -4.892250 0.721472 0.510403
v -4.897560 0.507281 0.734022
v -4.854840 0.721472 0.722645
v -4.955970 0.000038 -0.513324
v -4.943140 0.020577 -0.509489
v -4.955970 0.020577 -0.513324
v -3.063150 0.691995 -0.499169
v -3.103200 0.660224 -0.525880
v -3.064270 0.677398 -0.525381
v -3.360450 0.031469 -0.348323
v -2.892660 0.035981 -0.353324
v -3.355680 0.035981 -0.359329
v -3.410960 0.470691 0.148440
v -2.954940 0.475076 -0.340953
v -2.961360 0.475076 0.154053
v -2.929850 1.008490 0.322715
v -2.943530 0.721472 0.338161
v -2.956280 0.720484 0.329755
v -2.989230 0.463378 -0.140475
v -2.945410 0.408816 -0.126030
v -3.177170 0.462100 -0.142911
v -2.944410 0.511673 0.304152
v -2.963020 0.509723 0.294208
v -2.960750 0.519461 0.304321
v -4.765660 0.691995 -1.092400
v -4.725600 0.660224 -1.065690
v -4.764530 0.677398 -1.066180
v -4.946690 0.492660 -0.782771
v -4.907710 0.492660 -0.559888
v -2.837080 0.009684 -0.363662
v -2.825860 0.008864 -0.352463
v -2.827710 0.005172 -0.352487
v -2.946260 0.408816 -0.060555
v -2.990430 0.463378 -0.047250
v -3.178380 0.462100 -0.049686
v -2.938180 1.008560 -0.590333
v -2.964610 0.721472 -0.598110
v -2.875630 0.031469 0.279015
v -2.852610 0.020577 0.274731
v -3.363930 0.020577 0.268105
v -3.345590 0.000038 -0.368045
v -3.358740 0.000038 -0.346854
v -3.358420 0.000038 -0.371880
v -2.889090 0.489549 -0.092558
v -2.918640 0.492660 0.129439
v -2.933120 0.489549 0.125175
v -3.375180 0.009684 0.272541
v -3.379960 0.005172 0.283540
v -2.951350 1.008490 -0.582309
v -2.977590 0.720484 -0.590032
v -3.354040 0.020577 -1.066780
v -3.354040 0.000038 -1.066780
v -2.904800 0.698894 0.828784
v -2.911810 0.694967 0.810825
v -4.466240 0.020577 -0.408749
v -4.461020 0.000038 -0.399836
v -4.461020 0.020577 -0.399836
v -2.932500 1.008560 -1.028640
v -2.946460 1.013380 -1.036730
v -2.934650 1.019000 -1.028070
v -2.897580 0.698894 0.272238
v -2.905060 0.694967 0.290010
v -2.897580 0.694967 0.272238
v -3.366930 0.031469 0.150910
v -3.334130 0.234156 0.106447
v -3.323410 0.231876 0.111559
v -2.949280 1.015300 0.132314
v -2.958200 1.018630 0.117796
v -2.951650 1.013210 0.131615
v -2.892020 0.501060 0.550586
v -2.920080 0.489549 0.331919
v -2.881700 0.489549 0.550720
v -4.453370 0.031469 -1.048160
v -4.921160 0.035981 -1.043160
v -4.908400 0.698894 0.124517
v -4.900920 0.694967 0.106745
v -4.908400 0.694967 0.124517
v -4.924280 0.489549 -0.153965
v -4.894730 0.492660 -0.375965
v -4.880240 0.489549 -0.371697
v -3.369410 0.020577 0.283677
v -3.364190 0.000038 0.292593
v -3.364190 0.020577 0.292593
v -3.352340 0.020577 0.153312
v -3.365170 0.020577 0.149480
v -3.352570 0.020577 0.171007
v -4.695550 0.456027 -0.519911
v -4.715190 0.449286 -0.800617
v -4.718380 0.456270 -0.518702
v -3.378100 0.000038 0.152978
v -3.365170 0.000038 0.149480
v -3.365500 0.000038 0.174506
v -4.467550 0.020577 0.103827
v -4.467550 0.000038 0.103827
v -3.375470 0.009684 0.294659
v -3.364330 0.020577 0.299386
v -3.331630 0.239344 0.336427
v -4.887110 0.492660 0.288091
v -4.873620 0.500860 0.280171
v -4.872620 0.489549 0.292356
v -4.687640 0.495204 -0.513232
v -4.718820 0.495204 -0.510728
v -4.698140 0.603298 -0.513039
v -2.864840 0.020577 -0.344114
v -2.877770 0.000038 -0.340611
v -2.864840 0.000038 -0.344114
v -3.381950 0.009684 0.793897
v -3.337030 0.239344 0.753279
v -3.370680 0.020577 0.789461
v -4.437730 0.009684 -0.526507
v -4.448860 0.020577 -0.531243
v -4.481570 0.239344 -0.568277
v -3.114560 0.603298 0.242833
v -3.167720 0.693872 0.227431
v -3.110520 0.646972 0.242611
v -4.856970 0.721472 -0.364843
v -4.870240 1.008490 -0.380644
v -4.843990 0.720484 -0.372920
v -4.876030 0.718413 -0.781853
v -4.877620 0.501060 -0.997411
v -4.834570 0.718413 -0.984742
v -4.874330 0.408816 -0.814576
v -4.644170 0.435979 -0.759699
v -4.875180 0.408816 -0.749097
v -2.952730 1.018630 -0.304635
v -2.943420 1.015300 -0.318910
v -2.945820 1.013210 -0.318270
v -4.854540 0.487142 0.767456
v -4.850800 0.475076 0.758487
v -4.849520 0.485861 0.767583
v -3.357800 0.000038 0.792757
v -3.370720 0.020577 0.796254
v -3.357800 0.020577 0.792757
v -4.751500 0.691995 0.252635
v -4.710770 0.660224 0.226976
v -4.689760 0.665178 0.254240
v -2.834890 0.013376 0.823109
v -2.857510 0.024269 0.796111
v -2.857910 0.024269 0.827393
v -4.868820 0.718413 -0.153245
v -4.855160 1.018630 -0.364320
v -4.897980 1.018630 -0.153623
v -4.953380 0.020577 0.122024
v -4.976280 0.009684 0.117145
v -4.430800 0.009684 0.124214
v -3.340890 0.244083 -0.580385
v -3.375430 0.031469 -0.543408
v -4.862460 0.721472 0.058594
v -4.892110 0.507884 0.078294
v -4.849700 0.720484 0.067001
v -4.845830 0.703270 0.266354
v -4.865620 0.696954 0.264054
v -4.841920 0.699145 0.267477
v -4.948070 0.024269 -0.430639
v -4.923310 0.031469 -0.425732
v -4.946210 0.020577 -0.430615
v -4.859930 1.013210 0.735806
v -4.825010 0.718413 0.714704
v -4.853020 1.018630 0.722160
v -3.340860 0.244401 0.763422
v -3.382220 0.009684 0.816016
v -3.378470 0.020577 0.177466
v -3.343380 0.246363 0.130933
v -3.389610 0.009684 0.172740
v -3.307130 0.534250 -0.342623
v -2.970410 0.509723 -0.349074
v -3.306060 0.524445 -0.352697
v -2.937160 0.718413 0.550001
v -2.935570 0.501060 0.765557
v -2.978620 0.718413 0.752892
v -3.359830 0.031469 0.816307
v -2.892040 0.035981 0.811308
v -3.355050 0.035981 0.805306
v -3.315010 0.238896 0.775764
v -3.122800 0.464898 0.595253
v -3.122730 0.474738 0.601870
v -4.881680 0.700675 0.170753
v -4.901570 0.694967 0.157303
v -4.880650 0.696954 0.171377
v -4.700270 0.606714 0.798581
v -4.687340 0.646972 0.779297
v -4.683300 0.603298 0.779623
v -2.922200 0.507281 -0.585630
v -2.882120 0.492660 -0.808794
v -2.877230 0.507281 -0.808730
v -4.845240 0.519461 0.092432
v -4.499900 0.534250 -0.393107
v -4.838880 0.519461 -0.398233
v -3.379940 0.020577 -1.060320
v -3.347240 0.239344 -1.023290
v -3.391080 0.009684 -1.065060
v -2.857230 0.000038 0.281465
v -2.870390 0.000038 0.302658
v -2.870050 0.000038 0.277634
v -2.944550 0.718413 -0.093276
v -2.915390 1.018630 -0.092897
v -3.046830 0.691995 -0.406474
v -3.087570 0.660224 -0.380820
v -3.108580 0.665178 -0.408079
v -3.138980 0.560417 -0.515282
v -3.140200 0.442141 -0.546450
v -3.117410 0.442383 -0.544632
v -3.303340 0.332829 -1.003860
v -3.143210 0.484832 -0.866470
v -3.292880 0.329781 -1.009060
v -2.844130 0.009684 0.179809
v -3.394100 0.005172 0.161621
v -2.834480 0.005172 0.168873
v -4.480690 0.244083 -0.382568
v -4.446150 0.031469 -0.419545
v -4.490980 0.238896 -0.379013
v -4.934150 0.020577 0.240289
v -4.921550 0.020577 0.261816
v -4.921220 0.020577 0.236792
v -3.371340 0.020577 -0.368377
v -3.358420 0.020577 -0.371880
v -4.702680 0.646972 -0.474467
v -4.715110 0.606714 -0.494073
v -4.698630 0.603298 -0.474687
v -2.942960 0.501060 0.122281
v -2.986010 0.718413 0.109615
v -4.960590 0.020577 -0.506581
v -4.983490 0.009684 -0.511464
v -4.438010 0.009684 -0.504390
v -2.921250 0.507884 -0.324810
v -2.930330 0.505717 -0.322401
v -2.972960 0.719401 -0.311051
v -2.941880 1.015300 0.775591
v -2.932730 1.025660 0.766395
v -2.942980 1.025510 0.763379
v -2.880820 0.035161 0.822514
v -2.882670 0.031469 0.822490
v -4.434400 0.000038 0.785907
v -4.447330 0.000038 0.789406
v -4.434170 0.000038 0.768212
v -4.831350 0.463378 -0.734652
v -4.643410 0.462100 -0.732215
v -4.453650 0.031469 -1.026040
v -4.486450 0.234156 -0.981570
v -4.463160 0.244401 0.734617
v -4.423180 0.009684 0.788266
v -4.418390 0.005172 0.777267
v -4.454620 0.020577 0.100330
v -4.441790 0.000038 0.104161
v -3.391770 0.020577 -0.554673
v -3.386540 0.000038 -0.545760
v -3.141160 0.495204 -1.078330
v -3.150330 0.495204 -1.086640
v -3.140650 0.495204 -1.117350
v -4.402980 0.502865 0.762929
v -4.416120 0.515785 0.271021
v -4.422490 0.515785 0.762044
v -2.904770 0.698894 -0.385862
v -2.911790 0.694967 -0.403819
v -2.911830 0.698894 -0.403928
v -2.926050 0.706067 -1.090130
v -2.912990 0.698894 -1.102300
v -2.925930 0.706067 -1.099980
v -4.687840 0.646972 0.818195
v -4.683800 0.603298 0.817974
v -4.867850 1.018630 -0.570505
v -4.905190 1.018630 -0.782238
v -3.376790 0.020577 -0.359601
v -3.371340 0.000038 -0.368377
v -3.376790 0.000038 -0.359601
v -3.130770 0.560417 0.201159
v -3.131990 0.442141 0.169988
v -3.109200 0.442383 0.171799
v -2.912360 0.698894 0.200337
v -2.912170 0.694967 0.185509
v -2.912170 0.698894 0.185509
v -4.932210 0.035161 0.117717
v -4.930360 0.031469 0.117740
v -2.900800 0.507281 0.326782
v -2.915940 0.501465 0.319010
v -2.913880 0.507884 0.318461
v -4.697160 0.665178 0.825613
v -4.703970 0.644491 0.798533
v -2.916890 1.008560 0.331070
v -2.930860 1.013380 0.322984
v -2.919040 1.019000 0.331644
v -3.342580 0.244401 -0.317089
v -3.382570 0.009684 -0.370737
v -3.387350 0.005172 -0.359731
v -3.359540 0.031469 0.794187
v -3.326750 0.234156 0.749722
v -3.316030 0.231876 0.754836
v -2.950770 0.511673 0.795578
v -2.969640 0.509723 0.805037
v -2.957590 0.503975 0.805474
v -4.469980 0.246363 -0.377452
v -4.434900 0.020577 -0.423985
v -3.097460 0.434477 0.527397
v -3.124600 0.442141 0.813265
v -3.120320 0.434477 0.527101
v -2.885280 0.035981 0.289951
v -2.874070 0.035161 0.301158
v -2.883430 0.039673 0.289974
v -2.960980 0.703270 0.233420
v -2.962070 0.710573 0.192276
v -3.088750 0.713662 0.220783
v -4.969240 0.009684 -0.426337
v -4.419260 0.005172 -0.408137
v -4.978890 0.005172 -0.415394
v -4.500530 0.233839 0.071996
v -4.496960 0.238896 0.082235
v -4.684430 0.464898 -0.103196
v -3.105500 0.606714 0.833598
v -3.118420 0.646972 0.852884
v -3.122460 0.603298 0.852558
v -3.383550 0.020577 0.161756
v -3.383550 0.000038 0.161756
v -3.177740 0.619064 0.832647
v -3.142140 0.495204 0.844445
v -3.132950 0.495204 0.852749
v -3.125020 0.456027 -0.355215
v -3.105390 0.449286 -0.074507
v -3.102200 0.456270 -0.356438
v -3.144410 0.475609 0.579071
v -4.858420 0.475076 0.094435
v -4.402400 0.470691 -0.394957
v -4.408820 0.470691 0.100477
v -4.428950 0.020577 0.777129
v -4.428950 0.000038 0.777129
v -4.862420 0.511673 -1.027430
v -4.843550 0.509723 -1.036900
v -4.855600 0.503975 -1.037330
v -4.507110 0.534250 -1.021720
v -4.852450 0.519461 -0.536176
v -4.513450 0.534250 -0.532504
v -3.176900 0.435979 -0.077134
v -2.863990 0.000038 0.802822
v -2.876820 0.020577 0.798990
v -2.863990 0.020577 0.802822
v -3.150970 0.475609 -0.127708
v -3.150740 0.485449 -0.134320
v -4.691420 0.603298 0.153922
v -4.638260 0.693872 0.169324
v -4.695460 0.646972 0.154144
v -2.842280 0.013376 0.179833
v -2.867150 0.020577 0.184092
v -4.681610 0.456027 -0.410511
v -4.660480 0.556578 -0.443557
v -4.657290 0.555889 -0.435315
v -4.467780 0.020577 0.121523
v -4.454950 0.020577 0.125355
v -2.967790 0.497622 -0.553858
v -2.966080 0.487142 -0.553315
v -2.955260 0.491631 -0.563013
v -3.120670 0.560628 -0.377498
v -3.142880 0.556790 -0.373944
v -2.909490 0.454919 0.579895
v -2.933760 0.440196 0.509372
v -2.934820 0.440196 0.590704
v -2.829990 0.009684 0.301729
v -4.680440 0.646972 0.246821
v -4.692870 0.606714 0.227207
v -4.676390 0.603298 0.246600
v -2.873520 0.024269 -0.532314
v -2.898280 0.031469 -0.537221
v -2.875370 0.020577 -0.532337
v -4.688150 0.495204 -0.474219
v -4.645480 0.693872 -0.459286
v -4.971090 0.013376 -0.426361
v -4.948470 0.024269 -0.399360
v -4.942000 0.000038 -0.406066
v -4.929170 0.020577 -0.402231
v -4.942000 0.020577 -0.406066
v -4.429820 0.020577 -0.408280
v -4.435040 0.000038 -0.417193
v -4.435040 0.020577 -0.417193
v -2.998660 0.463378 -0.763684
v -3.185380 0.462100 -0.859350
v -3.186600 0.462100 -0.766121
v -3.386690 0.020577 -0.538968
v -3.351610 0.246363 -0.585501
v -3.397830 0.009684 -0.543690
v -3.152880 0.556578 0.197037
v -3.150100 0.556790 0.182253
v -4.905180 0.507281 0.069972
v -4.939480 0.492660 -0.154161
v -4.900490 0.492660 0.068722
v -2.913180 0.698894 -1.087470
v -2.912990 0.694967 -1.102300
v -3.337440 0.246363 -0.327739
v -3.371310 0.020577 -0.375176
v -2.943450 0.501887 -0.339501
v -2.958350 0.503975 -0.349197
v -2.951790 0.511673 -0.339118
v -4.680720 0.456027 0.772744
v -4.685070 0.560628 0.795025
v -4.662850 0.556790 0.791479
v -4.921220 0.000038 0.236792
v -4.934150 0.000038 0.240289
v -4.893380 0.698894 0.217194
v -4.885890 0.694967 0.199422
v -4.893380 0.694967 0.217194
v -2.931550 0.501465 -1.040700
v -2.929480 0.507884 -1.041250
v -3.348250 0.244401 0.120146
v -4.437320 0.515785 -0.530621
v -4.411440 0.502865 -1.022020
v -4.430960 0.515785 -1.021630
v -3.375140 0.031469 -0.565525
v -3.342340 0.234156 -0.609994
v -3.331640 0.231876 -0.604879
v -3.133320 0.442141 -1.077650
v -3.131290 0.560417 -1.108780
v -3.110490 0.442383 -1.078880
v -4.877130 0.501887 -0.535639
v -4.862230 0.503975 -0.525943
v -4.868790 0.511673 -0.536008
v -4.661640 0.485449 -0.188933
v -4.465120 0.244401 -0.366672
v -3.370720 0.000038 0.796254
v -3.159190 0.475609 -0.844140
v -3.158950 0.485449 -0.850753
v -3.350810 0.244401 -1.033530
v -4.434030 0.020577 0.761421
v -4.466730 0.239344 0.724378
v -4.422890 0.009684 0.766147
v -4.847110 0.692920 0.245592
v -4.885100 0.686908 0.230902
v -4.980740 0.008864 -0.415418
v -4.969520 0.009684 -0.404206
v -4.971380 0.013376 -0.404230
v -4.699900 0.560628 -0.497641
v -4.677690 0.556790 -0.501182
v -3.362430 0.035981 0.162031
v -4.704590 0.665178 -1.038430
v -4.735300 0.703657 -1.032330
v -4.766340 0.691995 -1.040020
v -4.931850 0.492660 0.509889
v -4.892870 0.492660 0.732773
v -4.707890 0.606714 0.134530
v -4.449240 0.000038 -0.506749
v -4.462160 0.000038 -0.503260
v -4.461840 0.000038 -0.528273
v -2.921090 0.492660 -1.031680
v -4.939000 0.020577 0.264719
v -4.427680 0.020577 0.271346
v -4.915980 0.031469 0.260435
v -2.947030 0.491631 0.153428
v -2.940960 0.478644 -0.340598
v -2.940640 0.491631 -0.339966
v -4.824140 0.463378 -0.106046
v -4.867960 0.408816 -0.120492
v -4.636200 0.462100 -0.103611
v -4.901000 0.694967 -0.446852
v -4.892730 0.686908 -0.433147
v -4.901190 0.694967 -0.432032
v -4.932660 0.035161 -1.032250
v -4.932380 0.035161 -1.054370
v -4.955280 0.024269 -1.059250
v -3.417040 0.487711 -1.062650
v -3.406520 0.481774 -1.072420
v -3.417390 0.474891 -1.063290
v -3.117920 0.646972 0.813985
v -3.121960 0.603298 0.814207
v -4.890620 1.008560 -1.001230
v -4.864180 0.721472 -0.993455
v -3.133530 0.646972 -0.545732
v -3.121100 0.606714 -0.526113
v -3.137570 0.603298 -0.545499
v -2.906100 0.721472 0.550403
v -2.896410 1.025660 -0.092652
v -4.468230 0.020577 -1.028440
v -4.455400 0.020577 -1.024610
v -4.468000 0.020577 -1.046140
v -4.468000 0.000038 -1.046140
v -4.455080 0.000038 -1.049640
v -4.455400 0.000038 -1.024610
v -2.910270 0.570530 -0.071132
v -2.906000 0.484323 -0.114477
v -2.906560 0.484323 -0.071084
v -2.906590 0.507281 0.774085
v -2.921930 0.501465 0.781464
v -3.136550 0.461078 -0.057440
v -3.145510 0.465514 -0.064144
v -4.404550 0.487711 0.099699
v -4.415060 0.481774 0.109461
v -4.404200 0.474891 0.100331
v -4.942810 0.000038 -0.534515
v -4.943140 0.000038 -0.509489
v -4.854200 0.692920 -0.459220
v -4.872230 0.696954 -0.478159
v -4.848440 0.699145 -0.480968
v -4.901000 0.698894 -0.446852
v -4.901190 0.698894 -0.432032
v -2.928890 0.505717 0.779414
v -3.368670 0.031469 -1.064760
v -3.337040 0.234156 -1.019470
v -4.405130 0.496722 0.260622
v -4.390530 0.487711 0.269978
v -4.400910 0.486193 0.260162
v -3.113070 0.449286 -0.832552
v -3.139980 0.456027 -0.552442
v -3.117190 0.456270 -0.550637
v -4.867550 1.013210 0.071755
v -4.832630 0.718413 0.050652
v -4.860640 1.018630 0.058110
v -2.925110 0.706067 0.187829
v -2.919230 0.698894 0.167448
v -2.929010 0.704141 0.168328
v -2.981840 0.463378 0.502801
v -3.170990 0.462100 0.593590
v -2.983050 0.463378 0.596026
v -4.662630 0.485449 -0.112201
v -4.475920 0.246363 0.081223
v -4.470780 0.244401 0.070565
v -2.964450 0.485861 -1.066490
v -3.314270 0.524445 -1.069130
v -2.978630 0.509723 -1.065500
v -2.950910 0.721472 -0.305116
v -2.963670 0.720484 -0.313525
v -2.851160 0.024269 0.306036
v -2.875920 0.031469 0.301133
v -2.853010 0.020577 0.306013
v -4.474760 0.020577 -0.524783
v -4.474760 0.000038 -0.524783
v -2.907640 0.035981 -0.548409
v -3.370660 0.035981 -0.554401
v -4.416040 0.470691 -0.528127
v -4.865630 0.475076 -0.534173
v -4.863030 0.463824 -0.734738
v -2.980730 0.718413 -0.297172
v -4.688820 0.456027 -1.039120
v -4.667700 0.556578 -1.072170
v -4.664510 0.555889 -1.063930
v -4.446440 0.031469 -0.397428
v -4.479240 0.234156 -0.352972
v -4.489950 0.231876 -0.358074
v -3.397850 0.515785 -0.569931
v -3.410980 0.502865 -1.061830
v -3.417370 0.502865 -0.569550
v -2.924280 1.008560 -0.312212
v -2.888010 1.019000 -0.092543
v -2.885760 1.008560 -0.092514
v -4.471620 0.234156 0.311084
v -4.482330 0.231876 0.305971
v -4.929560 0.530398 -0.154032
v -4.906800 0.484323 -0.175437
v -4.931490 0.485315 -0.154058
v -4.850490 0.485861 -0.409631
v -4.848390 0.503975 -0.408717
v -4.836340 0.509723 -0.408284
v -3.412760 0.470691 -1.063440
v -4.861720 1.013210 -0.378143
v -4.827360 0.718413 -0.356143
v -4.834770 0.719401 -0.370211
v -4.937570 0.031469 -0.510873
v -4.962440 0.024269 -0.506605
v -2.926860 0.492660 -0.587001
v -2.940350 0.500860 -0.579079
v -2.941350 0.489549 -0.591257
v -4.875990 0.501060 0.062198
v -4.887210 0.500860 0.076991
v -4.885890 0.489549 0.064835
v -4.864090 1.015300 -0.378838
v -2.978590 0.719401 0.123686
v -4.673990 0.456027 0.253543
v -4.652860 0.556578 0.220492
v -4.649670 0.555889 0.228739
v -2.897600 0.438721 -0.080774
v -2.942200 0.440196 -0.052572
v -4.708520 0.449286 -0.130405
v -4.685670 0.449286 -0.130108
v -2.902890 0.570530 0.572145
v -2.898630 0.484323 0.528800
v -2.899190 0.484323 0.572192
v -4.888450 0.500860 -1.012490
v -4.887450 0.489549 -1.000310
v -4.433230 0.005172 -0.515395
v -4.992860 0.005172 -0.522652
v -3.413180 0.481774 -0.558856
v -3.423790 0.474891 -0.568265
v -3.419180 0.470691 -0.567996
v -4.460150 0.000038 0.785574
v -4.447330 0.020577 0.789406
v -4.460150 0.020577 0.785574
v -2.881150 0.035161 -0.364243
v -2.883010 0.031469 -0.364266
v -4.927980 0.020577 0.758147
v -4.915150 0.000038 0.761979
v -4.927980 0.000038 0.758147
v -4.668850 0.485449 -0.817542
v -3.125100 0.442141 -0.361215
v -3.123070 0.560417 -0.392354
v -3.102270 0.442383 -0.362437
v -2.945600 0.501060 -1.025150
v -2.934380 0.500860 -1.039950
v -2.935690 0.489549 -1.027790
v -4.893470 0.698894 -0.464732
v -4.888130 0.706067 -0.444205
v -4.883720 0.704141 -0.463600
v -4.435300 0.020577 -0.392705
v -4.424040 0.009684 -0.397145
v -4.468950 0.239344 -0.356526
v -2.971100 0.485861 -0.553323
v -2.985250 0.509723 -0.554669
v -3.320870 0.524445 -0.559745
v -4.468300 0.246363 0.745274
v -4.670760 0.484832 0.567567
v -4.479150 0.244083 0.750107
v -4.886930 1.019000 0.065111
v -4.872750 1.015340 0.073138
v -4.878860 1.025660 0.062962
v -4.873540 0.491631 -1.028550
v -4.877020 0.467397 -0.735014
v -4.879940 0.491631 -0.535173
v -4.685380 0.560628 -0.432899
v -4.704400 0.456270 -0.412317
v -3.353080 0.031469 0.294950
v -3.321440 0.234156 0.340249
v -3.136200 0.560628 -0.530067
v -3.306080 0.534250 0.789868
v -3.375880 0.515785 0.298762
v -3.382240 0.515785 0.789785
v -3.185930 0.619064 -1.098440
v -3.183330 0.693872 -1.132280
v -4.695270 0.646972 -1.045830
v -4.691230 0.603298 -1.046050
v -4.638070 0.693872 -1.030650
v -4.669350 0.484832 0.458999
v -4.462360 0.246363 0.286598
v -4.473070 0.244083 0.281485
v -4.484550 0.234156 0.056506
v -4.677810 0.461078 -0.112446
v -4.668680 0.465514 -0.118915
v -2.904960 0.698894 -0.371042
v -2.904770 0.694967 -0.385862
v -4.665910 0.495204 0.247063
v -4.620620 0.619064 0.228158
v -4.623240 0.693872 0.262001
v -4.765850 0.691995 0.107591
v -4.725790 0.660224 0.134298
v -4.764720 0.677398 0.133794
v -4.899390 0.507281 -0.377336
v -4.944360 0.507281 -0.154225
v -4.894170 0.694967 -0.414075
v -4.894130 0.698894 -0.413966
v -2.876420 0.530398 0.550787
v -2.874490 0.485315 0.550812
v -4.452910 0.031469 0.101805
v -4.441650 0.020577 0.097369
v -2.908180 0.507281 -0.316498
v -2.923320 0.501465 -0.324266
v -4.861010 0.497622 -1.037710
v -4.862730 0.487142 -1.038250
v -2.922950 0.505717 0.320878
v -4.894150 1.019000 -0.563491
v -4.879960 1.015340 -0.555473
v -4.886070 1.025660 -0.565653
v -3.352790 0.031469 0.272830
v -3.319220 0.244083 0.310698
v -2.959860 1.013210 -0.584823
v -2.986820 0.719401 -0.592742
v -4.861200 0.718413 0.510805
v -4.890360 1.018630 0.510428
v -2.858770 0.020577 0.811739
v -2.864220 0.000038 0.820517
v -2.858770 0.000038 0.811739
v -4.487190 0.233839 0.295184
v -4.493980 0.244083 -0.542549
v -4.460410 0.031469 -0.504686
v -4.449270 0.020577 -0.499964
v -2.981180 0.719401 -1.027480
v -2.945460 1.008490 -1.036990
v -2.971890 0.720484 -1.029960
v -3.299740 0.534250 0.300653
v -2.938020 0.408816 0.517248
v -2.938860 0.408816 0.582721
v -4.442060 0.020577 0.128650
v -3.086970 0.703657 -1.063670
v -3.117500 0.665178 -1.070540
v -3.055730 0.691995 -1.070550
v -3.124210 0.665178 -0.553139
v -3.190730 0.693872 -0.560900
v -2.957530 0.699145 0.877717
v -2.953600 0.703270 0.876695
v -3.081370 0.713662 0.864058
v -2.966850 0.692920 -0.544491
v -3.062470 0.691995 -0.551547
v -3.093500 0.703657 -0.559235
v -3.130170 0.603298 -1.116880
v -3.096190 0.713662 -0.555943
v -3.215650 0.709102 -0.546883
v -4.483140 0.246363 -0.547388
v -4.864610 0.696954 0.185896
v -4.844760 0.703270 0.184110
v -4.840830 0.699145 0.183090
v -4.855210 0.511673 -0.398819
v -4.869920 0.501887 0.092973
v -4.861580 0.511673 0.092603
v -4.699160 0.721124 -1.065340
v -4.613160 0.709102 -1.044680
v -4.613620 0.715647 -1.064230
v -4.861940 0.692920 -1.047060
v -4.881340 0.682460 -1.067700
v -4.711990 0.665178 -0.467047
v -4.742700 0.703657 -0.460964
v -4.773740 0.691995 -0.468652
v -2.928860 0.686908 -0.529806
v -2.948350 0.696954 -0.562966
v -2.927420 0.694967 -0.548892
v -3.124900 0.665178 -0.499173
v -3.191610 0.693872 -0.493133
v -3.134030 0.646972 -0.506825
v -3.116960 0.495204 -0.542654
v -4.673530 0.495204 -0.416986
v -4.628240 0.619064 -0.435890
v -4.630860 0.693872 -0.402053
v -3.219880 0.710284 -0.527397
v -3.193350 0.619064 -0.527063
v -3.215180 0.715647 -0.527332
v -2.937240 0.704141 -0.548110
v -2.947300 0.700675 -0.562337
v -2.968140 0.703270 -0.565263
v -2.904990 0.694967 0.843612
v -2.913250 0.686908 0.829905
v -2.904800 0.694967 0.828784
v -2.961800 0.703270 -1.054390
v -2.962880 0.710573 -1.095530
v -3.089580 0.713662 -1.067030
v -2.929020 0.686908 -0.517432
v -2.947450 0.682460 -0.523868
v -4.771930 0.677398 -0.494818
v -4.888750 0.682460 -0.496331
v -2.967390 0.692920 -0.503733
v -3.094370 0.703657 -0.492288
v -2.920390 0.694967 -0.530921
v -3.122440 0.603298 -0.362087
v -3.132930 0.495204 -0.361908
v -3.101760 0.495204 -0.364413
v -3.138070 0.603298 -0.507160
v -3.117380 0.495204 -0.509471
v -2.890220 0.438721 0.562501
v -3.216150 0.709102 -0.507790
v -3.322380 0.238896 0.132489
v -3.332680 0.244083 0.136044
v -3.367200 0.031469 0.173030
v -3.148560 0.495204 -0.506967
v -3.148060 0.495204 -0.545967
v -4.612650 0.709102 -1.083780
v -2.927450 0.698894 -0.548987
v -2.928070 0.694967 -0.498324
v -2.948310 0.700675 -0.485395
v -2.949350 0.696954 -0.484807
v -3.312840 0.233839 -0.318516
v -3.135560 0.461078 -0.134075
v -3.317980 0.231876 -0.307866
v -2.969210 0.703270 -0.483020
v -2.937870 0.704141 -0.499366
v -4.858510 0.710573 -1.067410
v -4.860670 0.703270 -1.026300
v -4.732610 0.713662 -1.035620
v -2.933460 0.706067 -0.518748
v -2.933330 0.706067 -0.528610
v -2.970290 0.710573 -0.524155
v -2.973140 0.699145 -0.481998
v -3.318550 0.233839 0.122345
v -3.130170 0.464898 -0.048022
v -4.855660 0.699145 -1.109570
v -4.859600 0.703270 -1.108550
v -4.731820 0.713662 -1.095910
v -3.200040 0.709102 0.812824
v -3.175130 0.693872 0.798804
v -3.157450 0.495204 -0.537904
v -3.157730 0.495204 -0.515270
v -2.888200 0.035161 0.179238
v -2.899430 0.035981 0.168031
v -2.890060 0.031469 0.179214
v -2.928120 0.698894 -0.498221
v -2.920590 0.694967 -0.516101
v -3.096980 0.713662 -0.495659
v -2.972040 0.699145 -0.566383
v -3.116810 0.665178 -1.124520
v -3.126120 0.646972 -1.117100
v -2.963830 0.699145 0.150053
v -3.085280 0.703657 0.157202
v -3.087980 0.713662 0.160498
v -4.987960 0.008864 -1.044030
v -4.976740 0.009684 -1.032820
v -4.978590 0.013376 -1.032840
v -2.959450 0.692920 -1.115870
v -3.055060 0.691995 -1.122910
v -3.086100 0.703657 -1.130600
v -4.688060 0.646972 -0.417234
v -4.684010 0.603298 -0.417454
v -3.088790 0.713662 -1.127310
v -3.208230 0.709102 -1.118260
v -4.888900 0.700675 -0.457862
v -4.908790 0.694967 -0.471307
v -2.890370 0.020577 -0.362148
v -2.877770 0.020577 -0.340611
v -2.877440 0.020577 -0.365637
v -2.866770 0.024269 -1.053670
v -2.889660 0.035161 -1.058550
v -2.891510 0.031469 -1.058570
v -3.115980 0.665178 0.163291
v -3.109170 0.644491 0.190371
v -3.125300 0.646972 0.170708
v -3.114020 0.721124 -0.381162
v -3.200020 0.709102 -0.401823
v -3.199560 0.715647 -0.382273
v -3.168600 0.693872 0.295203
v -3.193140 0.709102 0.280542
v -3.170340 0.619064 0.261274
v -4.859260 1.015340 0.284395
v -4.861620 1.013380 0.283701
v -3.048660 0.677398 0.834336
v -2.931860 0.682460 0.835849
v -2.951780 0.692920 0.855975
v -4.741830 0.703657 -0.527898
v -4.711290 0.665178 -0.521025
v -4.773060 0.691995 -0.521018
v -2.921450 0.686908 -1.101190
v -2.940940 0.696954 -1.134330
v -2.920010 0.694967 -1.120260
v -3.184200 0.693872 -1.064510
v -3.126630 0.646972 -1.078200
v -3.316410 0.238896 -0.328756
v -3.128930 0.464898 -0.143324
v -3.113690 0.606714 -1.097490
v -3.109550 0.495204 -1.114030
v -3.192640 0.709102 0.241450
v -3.212470 0.710284 -1.098760
v -2.929990 0.501060 0.334557
v -3.207770 0.715647 -1.098710
v -2.929830 0.704141 -1.119480
v -2.939900 0.700675 -1.133700
v -2.960740 0.703270 -1.136630
v -2.948840 1.015340 -1.036090
v -2.942730 1.025660 -1.025910
v -2.954680 0.710573 0.835554
v -2.921620 0.686908 -1.088810
v -2.940050 0.682460 -1.095230
v -3.056050 0.677398 0.191059
v -2.958640 0.692920 0.171937
v -2.939240 0.682460 0.192573
v -2.959980 0.692920 -1.075110
v -3.130670 0.603298 -1.078530
v -3.109980 0.495204 -1.080840
v -2.947370 0.478644 0.154060
v -3.208740 0.709102 -1.079170
v -4.711400 0.644491 -1.065500
v -3.106630 0.721124 0.262115
v -3.192170 0.715647 0.261006
v -2.920050 0.698894 -1.120370
v -2.943820 0.487142 0.293351
v -2.945550 0.497622 0.293841
v -2.933260 0.491631 0.303316
v -2.940900 0.700675 -1.056770
v -2.930460 0.704141 -1.070730
v -4.852380 0.703270 -0.479947
v -4.724610 0.713662 -0.467307
v -3.175990 0.693872 -0.348074
v -3.200530 0.709102 -0.362731
v -3.177720 0.619064 -0.382003
v -3.150040 0.495204 -1.109280
v -4.460790 0.020577 -0.417525
v -4.448190 0.020577 -0.396002
v -4.447870 0.020577 -0.421028
v -4.936770 0.530398 -0.782647
v -4.914010 0.484323 -0.804040
v -4.938710 0.485315 -0.782663
v -2.920710 0.698894 -1.069600
v -2.920670 0.694967 -1.069700
v -2.913180 0.694967 -1.087470
v -2.941950 0.696954 -1.056170
v -3.298660 0.524445 0.290579
v -3.371370 0.506813 0.288772
v -4.930530 0.031469 -1.054340
v -4.953430 0.020577 -1.059230
v -4.985060 0.013376 -0.533606
v -4.962040 0.024269 -0.537884
v -4.968370 0.009684 0.759078
v -3.423430 0.487711 -0.568889
v -4.939590 0.020577 0.249067
v -4.939590 0.000038 0.249067
v -4.644600 0.693872 -0.527053
v -4.620060 0.709102 -0.512396
v -4.642860 0.619064 -0.493123
v -4.869380 0.487142 -0.525199
v -4.864350 0.485861 -0.525072
v -4.423750 0.009684 -0.419262
v -3.401760 0.502865 0.790165
v -3.395390 0.502865 0.297876
v -2.959910 0.703270 0.151177
v -2.940120 0.696954 0.153475
v -4.434400 0.020577 0.785907
v -4.954820 0.024269 0.090719
v -4.930070 0.031469 0.095622
v -4.952970 0.020577 0.090742
v -4.440240 0.020577 0.243025
v -4.453400 0.020577 0.264218
v -4.440570 0.020577 0.268049
v -2.866750 0.020577 0.152811
v -3.378070 0.020577 0.146184
v -2.889770 0.031469 0.157095
v -3.348600 0.020577 -1.075560
v -3.353810 0.020577 -1.084480
v -3.340370 0.020577 -0.359132
v -3.345590 0.020577 -0.368045
v -2.920800 0.686908 0.198996
v -2.912360 0.694967 0.200337
v -4.889090 1.008560 0.065686
v -4.875120 1.013380 0.073771
v -4.899870 0.721472 -0.153648
v -4.883410 1.008560 -0.372633
v -2.912450 0.694967 -0.353265
v -2.904960 0.694967 -0.371042
v -4.893510 0.694967 -0.464629
v -4.873280 0.700675 -0.477558
v -3.398310 0.481774 -0.355985
v -3.404540 0.470691 -0.347000
v -3.409160 0.474891 -0.346846
v -4.642200 0.462100 -0.825444
v -4.643680 0.435979 -0.797998
v -4.685020 0.461078 -0.741053
v -4.507740 0.233839 -0.556611
v -4.691640 0.464898 -0.731803
v -4.906340 0.501060 0.510220
v -4.878270 0.489549 0.728886
v -4.916660 0.489549 0.510087
v -2.941140 0.696954 0.231634
v -2.964930 0.699145 0.234440
v -3.332990 0.020577 0.284149
v -3.338200 0.000038 0.275233
v -3.338200 0.020577 0.275233
v -3.097460 0.449286 0.527159
v -3.120320 0.449286 0.526863
v -4.903710 0.454919 -0.811748
v -4.879440 0.440196 -0.741230
v -4.878380 0.440196 -0.822561
v -3.386290 0.020577 -0.570248
v -3.352630 0.239344 -0.606427
v -4.504170 0.238896 -0.546371
v -4.464910 0.035981 -0.515798
v -3.404960 0.481774 0.157584
v -3.415580 0.474891 0.148175
v -4.863000 1.025510 -0.366628
v -2.937370 0.501060 -0.308721
v -2.899400 0.501060 -0.092691
v -4.680650 0.442141 0.778749
v -4.682670 0.560417 0.809878
v -4.703470 0.442383 0.779968
v -4.682600 0.560417 -0.447684
v -4.681380 0.442141 -0.416503
v -4.704170 0.442383 -0.418321
v -4.472990 0.020577 0.112606
v -4.467780 0.000038 0.121523
v -3.393240 0.496722 0.800184
v -3.397450 0.486193 0.800645
v -4.487770 0.231876 0.725390
v -4.450070 0.035981 0.776855
v -4.492910 0.233839 0.736047
v -3.140330 0.495204 0.209472
v -3.109170 0.495204 0.206967
v -3.129850 0.603298 0.209281
v -4.870750 0.501887 -1.028010
v -2.951200 0.487142 -0.349928
v -2.952930 0.497622 -0.349440
v -2.956220 0.485861 -0.350054
v -3.326770 0.233839 -0.594085
v -2.888430 0.020577 0.289910
v -2.883210 0.000038 0.298828
v -2.883210 0.020577 0.298828
v -4.862130 0.692920 0.152915
v -4.900130 0.686908 0.138224
v -4.830150 0.463378 -0.827882
v -4.692350 0.434477 -0.800091
v -4.687610 0.441882 -0.800144
v -3.128900 0.560628 -1.093920
v -3.151110 0.556790 -1.090380
v -4.416130 0.009684 0.244790
v -4.457500 0.244401 0.297385
v -2.917700 0.706067 -0.383550
v -2.921600 0.704141 -0.403050
v -2.957850 0.487142 0.163115
v -2.962880 0.485861 0.163113
v -4.465370 0.020577 0.776657
v -4.459930 0.000038 0.767879
v -4.465370 0.000038 0.776657
v -2.932120 0.500860 0.137359
v -4.853230 0.703270 0.837728
v -4.873030 0.696954 0.835428
v -4.849320 0.699145 0.838850
v -4.401200 0.470691 0.764527
v -4.390170 0.474891 0.269355
v -4.396580 0.474891 0.764382
v -3.363890 0.035981 -1.075750
v -4.445290 0.031469 0.765856
v -4.476920 0.234156 0.720557
v -4.877160 1.015300 -0.556216
v -4.874760 1.013210 -0.556856
v -3.347130 0.020577 0.162228
v -3.352340 0.000038 0.153312
v -4.963470 0.013376 0.237696
v -4.938590 0.020577 0.233437
v -4.961620 0.009684 0.237721
v -4.908390 0.000038 0.240622
v -3.128230 0.434477 -0.075040
v -3.132960 0.441882 -0.074983
v -4.875790 1.008560 0.291422
v -4.917740 1.019000 0.510073
v -2.895810 0.020577 -0.353372
v -2.890600 0.000038 -0.344446
v -2.890600 0.020577 -0.344446
v -4.422200 0.020577 0.255773
v -4.427650 0.000038 0.264552
v -4.422200 0.000038 0.255773
v -3.110000 0.644491 -1.097450
v -3.095800 0.660224 -1.097260
v -4.869240 1.013380 -0.380349
v -4.902870 0.706067 -0.491589
v -4.908750 0.698894 -0.471199
v -4.898970 0.704141 -0.472090
v -3.113600 0.434477 -0.791173
v -4.909930 0.020577 0.770896
v -4.915150 0.020577 0.761979
v -4.704780 0.665178 0.161562
v -4.735490 0.703657 0.167650
v -4.766530 0.691995 0.159958
v -3.182500 0.693872 0.155529
v -2.956450 0.699145 0.793329
v -3.077910 0.703657 0.800478
v -3.080600 0.713662 0.803773
v -3.054250 0.691995 0.164894
v -3.207420 0.709102 0.169549
v -2.920640 0.686908 0.186629
v -4.677760 0.560628 0.231156
v -4.696780 0.456270 0.251731
v -2.942450 0.501887 0.796166
v -2.952190 0.497622 0.805856
v -4.612840 0.709102 0.116214
v -4.699350 0.721124 0.134640
v -4.613810 0.715647 0.135750
v -2.959170 0.692920 0.212697
v -2.919200 0.694967 0.167548
v -3.116690 0.665178 0.217265
v -3.183390 0.693872 0.223299
v -3.125810 0.646972 0.209607
v -4.688340 0.456027 0.108693
v -4.707980 0.449286 -0.172014
v -4.711170 0.456270 0.109913
v -3.112870 0.606714 0.190322
v -3.108740 0.495204 0.173779
v -3.129350 0.603298 0.170929
v -4.620560 0.709102 -0.473303
v -3.211650 0.710284 0.189043
v -3.185120 0.619064 0.189371
v -3.206960 0.715647 0.189103
v -2.939090 0.700675 0.154099
v -2.938240 1.013380 -0.320294
v -4.858710 0.710573 0.132576
v -4.860860 0.703270 0.173677
v -4.732800 0.713662 0.164354
v -3.048650 0.677398 -0.380322
v -2.931840 0.682460 -0.378796
v -2.951750 0.692920 -0.358673
v -3.086150 0.703657 0.224147
v -3.054920 0.691995 0.217261
v -3.207930 0.709102 0.208639
v -4.869940 1.015300 0.072392
v -4.691730 0.721124 0.798692
v -4.605730 0.709102 0.819355
v -4.606190 0.715647 0.799801
v -2.940090 0.700675 0.231037
v -2.929650 0.704141 0.217073
v -2.925240 0.706067 0.197682
v -4.893570 0.694967 0.232022
v -4.893570 0.698894 0.232022
v -3.149220 0.495204 0.178530
v -3.149520 0.495204 0.201168
v -2.919890 0.698894 0.218207
v -2.919850 0.694967 0.218108
v -2.939660 0.491631 0.796704
v -2.950470 0.487142 0.806392
v -4.697380 0.665178 -0.409814
v -4.728080 0.703657 -0.403718
v -4.759120 0.691995 -0.411419
v -3.117900 0.646972 -0.400659
v -3.175100 0.693872 -0.415840
v -4.849540 0.699145 -0.396570
v -4.725390 0.713662 -0.407023
v -3.397570 0.481774 0.800860
v -3.408200 0.474891 0.791451
v -2.951230 0.692920 -0.399432
v -3.077880 0.703657 -0.414176
v -4.672810 0.495204 0.779432
v -4.703980 0.495204 0.781936
v -3.080570 0.713662 -0.410871
v -4.692690 0.560628 0.130973
v -4.670470 0.556790 0.127427
v -4.923600 0.031469 -0.403615
v -4.946620 0.020577 -0.399336
v -4.691940 0.721124 -0.436732
v -4.605940 0.709102 -0.416071
v -4.606410 0.715647 -0.435620
v -3.311160 0.233839 0.765623
v -3.129160 0.461078 0.585837
v -4.727210 0.703657 -0.470665
v -4.696680 0.665178 -0.463779
v -4.758440 0.691995 -0.463785
v -2.913240 0.686908 -0.384747
v -2.932710 0.696954 -0.417893
v -3.109290 0.665178 -0.354115
v -3.118410 0.646972 -0.361766
v -3.105470 0.606714 -0.381053
v -3.101320 0.495204 -0.397595
v -3.121950 0.603298 -0.400440
v -3.204250 0.710284 -0.382337
v -4.906600 0.507281 -1.005940
v -4.951570 0.507281 -0.782835
v -2.931690 0.700675 -0.417278
v -2.952510 0.703270 -0.420203
v -4.888250 0.706067 -0.434356
v -4.724390 0.713662 0.768122
v -4.852170 0.703270 0.755484
v -4.851080 0.710573 0.796627
v -2.913390 0.686908 -0.372372
v -4.861410 0.692920 -1.087830
v -3.078750 0.703657 -0.347229
v -3.047520 0.691995 -0.354109
v -4.711590 0.644491 0.134483
v -3.132420 0.495204 -0.400907
v -4.706560 0.721124 -0.493965
v -4.621020 0.715647 -0.492853
v -2.910320 0.706067 0.259730
v -2.904450 0.698894 0.239349
v -2.914230 0.704141 0.240231
v -2.953570 0.703270 -0.337960
v -2.932670 0.700675 -0.340335
v -2.922240 0.704141 -0.354293
v -4.851300 0.710573 -0.438798
v -4.884350 0.704141 -0.414844
v -4.853450 0.703270 -0.397691
v -2.917840 0.706067 -0.373689
v -2.954650 0.710573 -0.379095
v -4.835340 0.509723 0.766598
v -4.847400 0.503975 0.766723
v -4.727870 0.703657 0.831701
v -4.725170 0.713662 0.828405
v -3.128170 0.461078 0.509201
v -3.141810 0.495204 -0.392844
v -3.142110 0.495204 -0.370211
v -2.937540 0.501465 -0.578247
v -4.435210 0.506813 -1.031740
v -4.419960 0.496722 -1.032030
v -2.912480 0.698894 -0.353161
v -2.933730 0.696954 -0.339735
v -3.081350 0.713662 -0.350586
v -3.113070 0.434477 -0.832314
v -3.135910 0.434477 -0.832615
v -3.135910 0.449286 -0.832853
v -3.393590 0.506813 -0.559829
v -4.910870 0.570530 -0.760604
v -4.910310 0.570530 -0.803993
v -2.874370 0.020577 -0.547974
v -2.879590 0.000038 -0.556888
v -2.879590 0.020577 -0.556888
v -3.120600 0.560628 0.829650
v -3.142720 0.556790 0.825529
v -4.457690 0.035981 0.112805
v -4.495390 0.231876 0.061338
v -2.948840 0.485861 0.293223
v -4.895660 0.706067 0.137025
v -4.901540 0.698894 0.157404
v -4.891750 0.704141 0.156524
v -4.913940 0.035981 -0.414558
v -4.450940 0.035981 -0.408553
v -4.434440 0.020577 0.792701
v -3.159950 0.485449 -0.774023
v -3.153570 0.489269 -0.764605
v -4.440570 0.000038 0.268049
v -4.440240 0.000038 0.243025
v -2.916100 0.454919 -0.122443
v -2.916870 0.454919 -0.063381
v -4.855380 1.025510 0.297428
v -4.847540 1.018630 0.299734
v -4.928840 0.020577 -0.427257
v -4.881470 1.008560 0.729737
v -4.867500 1.013380 0.737822
v -4.879310 1.019000 0.729163
v -4.895480 0.570530 0.488661
v -4.899740 0.484323 0.532006
v -4.899180 0.484323 0.488613
v -3.390910 0.481774 0.287294
v -3.397150 0.470691 0.296278
v -4.870400 0.501060 -0.368799
v -4.634990 0.462100 -0.196836
v -4.867110 0.408816 -0.185966
v -3.390790 0.009684 -1.087180
v -3.395570 0.005172 -1.076170
v -4.891770 0.507281 0.286720
v -4.936740 0.507281 0.509827
v -4.684180 0.484832 -0.833660
v -4.675230 0.489269 -0.826960
v -2.943130 1.008490 0.134123
v -3.129010 0.484832 0.601808
v -2.900890 0.035981 -1.069760
v -2.889390 0.035161 -1.080670
v -2.891240 0.031469 -1.080690
v -2.837370 0.009684 -0.341544
v -2.835520 0.013376 -0.341521
v -4.676970 0.484832 -0.205053
v -4.668010 0.489269 -0.198350
v -4.697510 0.560417 -0.482786
v -4.695480 0.442141 -0.513912
v -4.675290 0.556578 -0.486327
v -2.836460 0.009684 0.800966
v -3.386720 0.005172 0.804896
v -2.954040 1.013210 -1.034710
v -2.988950 0.718413 -1.013610
v -2.960950 1.018630 -1.021060
v -3.403590 0.470691 0.791717
v -2.915390 1.025510 -0.809229
v -2.948330 1.025660 -0.593319
v -2.904630 1.025660 -0.809085
v -4.675570 0.464898 0.465553
v -4.675630 0.474738 0.458936
v -4.483360 0.238896 0.285042
v -4.822930 0.463378 -0.199271
v -3.355350 0.020577 -0.554203
v -3.360570 0.000038 -0.563117
v -3.360570 0.020577 -0.563117
v -4.882430 0.501465 0.741796
v -4.884490 0.507884 0.742344
v -4.487910 0.244083 -1.011180
v -4.690470 0.474738 -0.833729
v -3.117640 0.456027 0.288062
v -3.113290 0.560628 0.265782
v -3.135510 0.556790 0.269328
v -3.373390 0.000038 -0.566951
v -3.386320 0.020577 -0.563462
v -2.907160 1.025510 -0.092791
v -2.940110 1.025660 0.123119
v -2.866510 0.492660 0.550916
v -2.861620 0.507281 0.550980
v -4.917830 0.035161 0.260412
v -4.908170 0.039673 0.249474
v -2.873890 0.492660 -0.092360
v -2.912870 0.492660 -0.315239
v -4.430110 0.515785 0.097993
v -4.404220 0.502865 -0.393404
v -4.423740 0.515785 -0.393035
v -2.913500 0.721472 -0.092874
v -2.896220 1.019000 -0.808973
v -2.940310 1.019000 -0.590959
v -3.326600 0.244083 -0.332578
v -3.360160 0.031469 -0.370440
v -4.846090 0.519461 -1.026850
v -2.960010 0.511673 -1.055560
v -2.976340 0.519461 -1.055390
v -4.680750 0.495204 -1.045600
v -4.635460 0.619064 -1.064500
v -4.400790 0.481774 0.259947
v -4.850170 0.509723 -0.526065
v -2.907620 0.501060 -0.809122
v -2.897310 0.489549 -0.808996
v -2.961990 0.720484 0.769676
v -2.971210 0.719401 0.766962
v -2.919880 0.507884 0.782066
v -2.969580 0.475076 -0.562386
v -4.954430 0.020577 -1.043590
v -4.949210 0.000038 -1.034680
v -4.949210 0.020577 -1.034680
v -4.881240 0.500860 -0.383874
v -4.927910 0.035981 -0.521803
v -4.939130 0.035161 -0.533014
v -4.929770 0.039673 -0.521826
v -2.889740 0.000038 0.802487
v -2.876820 0.000038 0.798990
v -2.877140 0.000038 0.824015
v -3.324630 0.238896 -1.045190
v -3.368390 0.031469 -1.086880
v -4.906200 1.025510 -0.153730
v -4.868530 1.025510 0.060212
v -3.101200 0.665178 0.235192
v -3.070490 0.703657 0.229106
v -3.039460 0.691995 0.236796
v -3.108610 0.665178 0.806567
v -2.951260 0.692920 0.815213
v -3.046860 0.691995 0.808171
v -4.630640 0.693872 0.833375
v -4.673320 0.495204 0.818437
v -4.453400 0.000038 0.264218
v -2.932740 0.696954 0.796752
v -4.411760 0.487711 -0.528913
v -4.422280 0.481774 -0.519142
v -4.411420 0.474891 -0.528280
v -3.122240 0.721124 -1.097600
v -4.849350 0.721472 0.299202
v -4.757100 0.677398 0.797845
v -4.854510 0.692920 0.816966
v -4.873910 0.682460 0.796331
v -4.711610 0.495204 0.117885
v -4.690920 0.603298 0.115572
v -4.680430 0.495204 0.115380
v -3.071360 0.703657 0.296049
v -3.101910 0.665178 0.289166
v -3.040140 0.691995 0.289163
v -3.109310 0.665178 0.860541
v -3.176000 0.693872 0.866577
v -3.101350 0.495204 0.817055
v -4.637190 0.693872 -1.098430
v -3.204280 0.710284 0.832318
v -4.859490 0.408816 0.478084
v -4.628580 0.462100 0.560440
v -4.860340 0.408816 0.543559
v -3.199580 0.715647 0.832379
v -2.931700 0.700675 0.797377
v -2.952530 0.703270 0.794452
v -4.865920 0.710573 -0.496031
v -4.868070 0.703270 -0.454937
v -4.740010 0.713662 -0.464256
v -2.913410 0.686908 0.842273
v -4.881530 0.682460 0.132280
v -4.861600 0.692920 0.112154
v -3.078760 0.703657 0.867423
v -3.047540 0.691995 0.860537
v -2.912510 0.698894 0.861484
v -2.917860 0.706067 0.840957
v -2.922260 0.704141 0.860350
v -3.101780 0.495204 0.850243
v -3.200540 0.709102 0.851916
v -3.132450 0.495204 0.813744
v -3.129640 0.721124 -0.526221
v -2.932700 0.700675 0.874313
v -4.923280 0.438721 -0.770576
v -4.857140 0.485861 0.103532
v -4.968660 0.009684 0.781196
v -4.978030 0.005172 0.770014
v -2.950130 0.699145 0.306343
v -2.946200 0.703270 0.305321
v -3.073970 0.713662 0.292684
v -4.663850 0.495204 -0.447696
v -4.673030 0.495204 -0.455999
v -3.141840 0.495204 0.821806
v -2.912460 0.694967 0.861384
v -2.933760 0.696954 0.874910
v -2.922570 1.008560 0.769384
v -2.880630 1.019000 0.550733
v -2.924720 1.019000 0.768754
v -4.758910 0.691995 0.824009
v -3.385020 0.020577 -1.076040
v -3.379560 0.000038 -1.084820
v -3.385020 0.000038 -1.076040
v -2.943860 0.692920 0.243840
v -3.073180 0.713662 0.232402
v -4.839840 0.718413 -0.577955
v -4.890250 0.505717 -0.552725
v -4.883200 0.501060 -0.566405
v -4.427270 0.020577 0.240064
v -4.922730 0.031469 0.781792
v -4.947610 0.024269 0.786051
v -4.945760 0.020577 0.786074
v -2.950820 1.018630 0.761072
v -2.944270 1.013210 0.774892
v -4.605220 0.709102 0.780264
v -3.389320 0.009684 0.150620
v -3.344420 0.239344 0.110002
v -3.056870 0.677398 -1.096750
v -3.101770 0.644491 -0.381006
v -2.905850 0.686908 0.258531
v -2.925340 0.696954 0.225378
v -2.904410 0.694967 0.239452
v -3.111020 0.646972 0.281510
v -3.098090 0.606714 0.262225
v -3.093940 0.495204 0.245681
v -3.196870 0.710284 0.260944
v -4.908400 0.698894 -1.060640
v -4.901380 0.694967 -1.042670
v -4.901340 0.698894 -1.042580
v -2.924290 0.700675 0.226002
v -2.945130 0.703270 0.223078
v -3.143580 0.475609 0.515568
v -3.127610 0.484832 0.493239
v -2.906010 0.686908 0.270900
v -2.924440 0.682460 0.264475
v -4.853980 0.692920 0.776205
v -2.944380 0.692920 0.284601
v -2.897390 0.694967 0.257410
v -3.115060 0.603298 0.281183
v -3.094370 0.495204 0.278871
v -4.458620 0.020577 0.255301
v -3.125550 0.495204 0.281375
v -3.125050 0.495204 0.242370
v -4.597820 0.709102 0.208891
v -4.684320 0.721124 0.227318
v -4.598780 0.715647 0.228427
v -2.925290 0.700675 0.302939
v -2.914860 0.704141 0.288976
v -4.739230 0.713662 -0.524540
v -4.867000 0.703270 -0.537180
v -2.910440 0.706067 0.269584
v -2.947280 0.710573 0.264180
v -2.892750 0.020577 -0.535696
v -2.905580 0.000038 -0.539531
v -2.892750 0.000038 -0.535696
v -4.692600 0.560628 -1.061500
v -4.711610 0.456270 -1.040930
v -2.926340 0.696954 0.303536
v -4.720460 0.703657 0.260327
v -4.717770 0.713662 0.257031
v -2.857450 0.020577 0.299161
v -2.857450 0.000038 0.299161
v -3.134440 0.495204 0.250433
v -3.134720 0.495204 0.273072
v -2.905100 0.698894 0.290110
v -4.680940 0.495204 0.154385
v -4.635650 0.619064 0.135481
v -4.426010 0.005172 0.113215
v -4.985650 0.005172 0.105962
v -2.949180 0.478644 -1.057040
v -2.955590 0.478644 -0.562373
v -4.895470 0.706067 -1.062960
v -4.891560 0.704141 -1.043460
v -4.438530 0.031469 0.244500
v -2.914220 0.484323 -0.830914
v -2.925100 0.454919 -0.779817
v -2.914790 0.484323 -0.787512
v -4.461330 0.239344 0.307526
v -4.935600 0.020577 0.094097
v -4.922770 0.000038 0.097928
v -4.935600 0.000038 0.094097
v -2.927260 0.507884 0.138789
v -2.956400 0.721472 0.118327
v -2.969370 0.720484 0.126401
v -4.874060 0.700675 0.834804
v -4.893950 0.694967 0.821355
v -2.895180 0.020577 0.811266
v -2.889970 0.000038 0.820183
v -2.889970 0.020577 0.820183
v -4.900970 0.698894 0.803395
v -4.893910 0.698894 0.821455
v -2.829700 0.009684 0.279610
v -2.820330 0.005172 0.290793
v -4.407440 0.481774 0.773513
v -2.878380 1.008560 0.550762
v -4.896300 1.008560 -0.562928
v -4.862320 1.015300 0.736443
v -4.871240 1.025660 0.727013
v -4.865120 1.015340 0.737189
v -3.117710 0.442141 0.282058
v -3.115700 0.560417 0.250928
v -3.094890 0.442383 0.280836
v -4.718310 0.442383 -0.512690
v -4.715200 0.434477 -0.800392
v -2.864220 0.020577 0.820517
v -4.883350 1.008490 -0.554572
v -4.733010 0.660224 -0.494306
v -4.394780 0.470691 0.269089
v -2.882990 0.000038 0.281130
v -2.888430 0.000038 0.289910
v -4.460120 0.031469 -0.526803
v -4.491760 0.234156 -0.572100
v -4.875410 0.505717 0.739929
v -4.832780 0.719401 0.728578
v -3.402760 0.502865 -0.345393
v -3.415220 0.487711 0.147552
v -3.409140 0.502865 0.146889
v -4.866660 0.700675 0.263430
v -4.886550 0.694967 0.249981
v -2.929960 1.008560 0.126107
v -2.918770 0.500860 0.319765
v -2.905490 0.492660 0.328033
v -4.654020 0.485449 0.475118
v -4.434170 0.020577 0.768212
v -4.718810 0.644491 -0.494120
v -2.880530 0.035161 0.800395
v -2.890180 0.039673 0.811331
v -2.941140 0.440196 -0.133905
v -4.941770 0.020577 -0.423768
v -4.928840 0.000038 -0.427257
v -4.941770 0.000038 -0.423768
v -2.882990 0.020577 0.281130
v -2.870050 0.020577 0.277634
v -3.131750 0.456027 0.163987
v -3.127990 0.560628 0.186373
v -3.108960 0.456270 0.165799
v -4.879630 0.696954 0.093219
v -4.859790 0.703270 0.091432
v -4.855850 0.699145 0.090412
v -4.916950 1.025660 -0.153869
v -2.959570 0.497622 0.162579
v -4.827150 0.719401 0.293843
v -4.862620 1.008490 0.283406
v -4.854100 1.013210 0.285914
v -4.877450 1.008490 -1.009260
v -4.851210 0.720484 -1.001530
v -4.677510 0.434477 0.492569
v -4.672780 0.441882 0.492513
v -3.098000 0.449286 0.568770
v -3.094810 0.456270 0.286843
v -4.941130 0.000038 0.779341
v -4.928300 0.020577 0.783173
v -4.941130 0.020577 0.779341
v -3.117400 0.644491 -0.526066
v -4.884300 0.505717 -1.011270
v -2.892420 0.020577 -0.560722
v -2.879820 0.020577 -0.539199
v -4.948980 0.020577 -1.052370
v -4.936060 0.000038 -1.055870
v -4.948980 0.000038 -1.052370
v -4.848230 0.699145 0.754462
v -4.598320 0.709102 0.247982
v -2.845600 0.009684 -1.057980
v -2.834090 0.008864 -1.068890
v -2.843750 0.013376 -1.057960
v -2.955500 0.485861 0.806388
v -3.305270 0.524445 0.799967
v -2.870390 0.020577 0.302658
v -4.702170 0.646972 -0.513361
v -3.360790 0.000038 -0.545427
v -3.355350 0.000038 -0.554203
v -3.121430 0.721124 0.190211
v -3.041260 0.677398 0.262961
v -4.727000 0.703657 0.764758
v -4.696460 0.665178 0.771640
v -4.758230 0.691995 0.771642
v -4.689050 0.665178 0.200266
v -4.622360 0.693872 0.194230
v -4.679930 0.646972 0.207923
v -4.953830 0.020577 -1.027940
v -4.442510 0.020577 -1.021320
v -4.930810 0.031469 -1.032230
v -4.697010 0.495204 0.243750
v -4.594090 0.710284 0.228488
v -4.883030 0.505717 0.075878
v -4.840400 0.719401 0.064526
v -4.843680 0.710573 0.225253
v -4.716990 0.713662 0.196748
v -4.884950 0.686908 0.218533
v -4.866510 0.682460 0.224957
v -4.757310 0.677398 -0.437585
v -4.874130 0.682460 -0.439098
v -4.846580 0.692920 0.204831
v -4.719590 0.703657 0.193384
v -4.750820 0.691995 0.200268
v -4.675900 0.603298 0.208249
v -4.696580 0.495204 0.210562
v -2.818480 0.008864 0.290816
v -4.613350 0.709102 0.155305
v -4.865660 0.700675 0.186494
v -4.876100 0.704141 0.200457
v -4.732010 0.713662 0.104071
v -4.880510 0.706067 0.219849
v -4.673760 0.442141 0.247542
v -4.674980 0.560417 0.216372
v -2.957510 0.699145 -0.336938
v -4.903170 0.020577 0.249539
v -4.908620 0.000038 0.258318
v -4.903170 0.000038 0.249539
v -4.656520 0.495204 0.238999
v -4.656230 0.495204 0.216361
v -3.315350 0.534250 -1.059060
v -4.885850 0.698894 0.199322
v -2.953980 0.475076 0.797329
v -2.936170 0.467397 0.503157
v -2.939990 0.478644 0.797335
v -4.892510 0.686908 0.802276
v -2.954700 1.015340 -0.583298
v -2.952340 1.013380 -0.582604
v -3.104850 0.449286 -0.116118
v -3.127690 0.449286 -0.116413
v -3.114040 0.721124 0.833488
v -4.894420 0.500860 -0.551615
v -4.893110 0.489549 -0.563776
v -4.629760 0.693872 0.765604
v -4.704420 0.495204 0.815124
v -4.628030 0.619064 0.799532
v -4.601490 0.710284 0.799861
v -4.884130 0.704141 0.820575
v -2.865300 0.024269 0.184117
v -4.478000 0.244401 -0.558037
v -4.892350 0.686908 0.789907
v -4.900970 0.694967 0.803395
v -4.928300 0.000038 0.783173
v -4.940900 0.000038 0.761646
v -4.663630 0.495204 0.787735
v -2.898810 0.000038 -1.060880
v -2.885660 0.000038 -1.082080
v -2.885980 0.000038 -1.057050
v -4.948750 0.000038 0.115290
v -4.948520 0.000038 0.097594
v -4.873070 0.700675 0.757866
v -4.883500 0.704141 0.771830
v -4.887910 0.706067 0.791223
v -4.888040 0.706067 0.801074
v -4.506240 0.534250 0.096103
v -4.842960 0.509723 0.102547
v -4.507320 0.524445 0.106177
v -4.856940 0.699145 0.174800
v -4.663930 0.495204 0.810373
v -3.309020 0.238896 0.314521
v -3.121560 0.464898 0.499951
v -4.893260 0.698894 0.770696
v -4.893300 0.694967 0.770797
v -4.900780 0.694967 0.788568
v -4.872010 0.696954 0.757269
v -2.883800 0.530398 -0.092488
v -2.881870 0.485315 -0.092463
v -4.900690 0.698894 -1.093330
v -4.895340 0.706067 -1.072820
v -4.890930 0.704141 -1.092200
v -4.842070 0.720484 0.731052
v -3.363950 0.000038 0.274898
v -3.369410 0.000038 0.283677
v -4.473450 0.020577 -1.037360
v -4.473450 0.000038 -1.037360
v -3.389620 0.515785 0.146509
v -3.313460 0.534250 0.146592
v -2.895180 0.000038 0.811266
v -2.905520 0.438721 -0.820990
v -2.924330 0.454919 -0.838885
v -4.903660 0.570530 -0.131997
v -4.903100 0.570530 -0.175390
v -4.675070 0.465514 -0.810991
v -4.668790 0.475609 -0.810922
v -4.447000 0.020577 0.764380
v -4.447000 0.000038 0.764380
v -4.489340 0.238896 0.746286
v -4.676800 0.464898 0.560854
v -4.888480 1.019000 -1.000610
v -4.874090 1.015340 -1.008270
v -4.876450 1.013380 -1.008960
v -3.338430 0.000038 0.292928
v -3.332990 0.000038 0.284149
v -4.398150 0.487711 -0.394077
v -2.963170 0.475076 -1.057390
v -4.447870 0.000038 -0.421028
v -4.975990 0.009684 0.095026
v -4.430510 0.009684 0.102096
v -2.997450 0.463378 -0.856912
v -2.953620 0.408816 -0.842468
v -4.857700 0.485861 -1.038240
v -4.507930 0.524445 -1.031820
v -2.952770 0.718413 -0.809712
v -4.932570 1.019000 -0.782592
v -4.847620 0.719401 -0.564088
v -3.161100 0.556578 -0.519396
v -3.164290 0.555889 -0.527638
v -3.101790 0.644491 0.833646
v -2.832620 0.008864 0.168897
v -3.169790 0.462100 0.500366
v -2.958160 0.511673 0.152302
v -2.974490 0.519461 0.151708
v -2.951180 0.501060 -0.594154
v -2.994220 0.718413 -0.606823
v -4.408400 0.481774 -0.404110
v -4.397790 0.474891 -0.394700
v -4.855920 0.501887 0.264640
v -4.840770 0.503975 0.255331
v -4.846180 0.497622 0.254950
v -3.358740 0.020577 -0.346854
v -3.371580 0.000038 -0.350689
v -3.373720 0.000038 -0.541926
v -3.094970 0.660224 0.190554
v -2.904990 0.698894 0.843612
v -2.977030 0.509723 0.161760
v -2.964980 0.503975 0.162198
v -4.680240 0.495204 -1.084600
v -4.711420 0.495204 -1.082090
v -4.690730 0.603298 -1.084410
v -4.936380 0.020577 -1.030840
v -4.931490 0.489549 -0.782569
v -3.156070 0.555889 0.188791
v -2.959420 0.487142 -1.066370
v -2.961160 0.497622 -1.065870
v -2.948870 0.491631 -1.056390
v -4.655010 0.485449 0.551850
v -4.700360 0.434477 0.492274
v -3.321690 0.534250 -0.569846
v -2.927120 1.025660 0.333793
v -2.937450 1.025510 0.336543
v -2.899790 1.025510 0.550485
v -4.947200 0.024269 0.754769
v -4.922450 0.031469 0.759672
v -4.945350 0.020577 0.754794
v -2.892030 0.530398 -0.808918
v -2.890090 0.485315 -0.808902
v -4.876130 1.008490 0.074040
v -4.979880 0.008864 0.769989
v -4.854730 0.692920 -0.418462
v -4.893310 0.507884 -1.013920
v -3.376160 0.020577 0.805033
v -3.376160 0.000038 0.805033
v -2.859770 0.020577 0.827369
v -4.734430 0.703657 -1.099280
v -4.703890 0.665178 -1.092390
v -4.873240 0.696954 -0.400001
v -4.629980 0.693872 -0.469820
v -4.687560 0.646972 -0.456128
v -4.924170 1.025660 -0.782480
v -4.880470 1.025660 -0.998246
v -4.700490 0.606714 -0.436841
v -4.704630 0.495204 -0.420299
v -4.601710 0.710284 -0.435570
v -4.874280 0.700675 -0.400616
v -3.325280 0.244083 0.779322
v -4.892570 0.686908 -0.445521
v -4.868820 0.692920 -0.516453
v -4.707980 0.434477 -0.171778
v -4.685140 0.434477 -0.171481
v -4.683520 0.603298 -0.455806
v -4.704200 0.495204 -0.453495
v -4.605440 0.709102 -0.455163
v -4.863060 0.699145 -0.538201
v -4.428000 0.506813 -0.403138
v -4.412750 0.496722 -0.403434
v -4.664140 0.495204 -0.425049
v -4.872720 0.491631 0.093439
v -4.862160 0.487142 0.103404
v -4.860430 0.497622 0.102913
v -4.836370 0.720484 0.291128
v -2.897120 0.020577 0.159212
v -2.897350 0.020577 0.176907
v -2.884520 0.020577 0.180739
v -4.704080 0.665178 0.107588
v -3.144110 0.489269 -0.143569
v -4.749690 0.677398 0.226471
v -4.637380 0.693872 0.101553
v -4.694960 0.646972 0.115246
v -4.712040 0.495204 0.151073
v -3.364030 0.149228 -1.076840
v -4.609110 0.710284 0.135811
v -4.899970 0.686908 0.125855
v -4.734620 0.703657 0.100706
v -4.908600 0.694967 0.139345
v -4.880690 0.700675 0.093816
v -4.891120 0.704141 0.107780
v -4.895530 0.706067 0.127171
v -4.816520 0.463378 0.558004
v -2.949030 0.699145 0.221956
v -4.671550 0.495204 0.146322
v -4.671250 0.495204 0.123684
v -4.900880 0.698894 0.106645
v -4.862780 0.501060 0.295249
v -4.819740 0.718413 0.307914
v -4.873250 1.025660 -0.369647
v -4.396930 0.487711 0.763751
v -2.926160 0.500860 -0.323512
v -2.927470 0.489549 -0.311351
v -3.139830 0.495204 0.170468
v -4.514530 0.524445 -0.522430
v -4.844380 0.475076 0.263478
v -4.847890 0.487142 0.254415
v -4.842870 0.485861 0.254418
v -4.669190 0.461078 0.474970
v -4.660240 0.465514 0.481673
v -4.915380 0.000038 0.779674
v -4.909930 0.000038 0.770896
v -4.865100 0.491631 0.757490
v -4.852810 0.497622 0.766964
v -4.690400 0.464898 -0.827108
v -4.498190 0.238896 -1.007610
v -2.885980 0.020577 -1.057050
v -3.169520 0.435979 0.566142
v -4.937280 0.031469 -0.532990
v -3.339740 0.020577 0.805505
v -3.345200 0.000038 0.814284
v -3.339740 0.000038 0.805505
v -2.868200 0.020577 -1.084980
v -2.845310 0.009684 -1.080100
v -2.957490 1.015300 -0.584115
v -2.958580 1.025510 -0.596339
v -4.899320 0.507884 -0.550317
v -4.868370 0.501060 0.726248
v -4.879590 0.500860 0.741041
v -4.878480 0.507884 0.278740
v -2.840840 0.008864 -0.547535
v -2.852350 0.009684 -0.536629
v -2.842690 0.005172 -0.547559
v -2.836740 0.009684 0.823086
v -2.950370 1.025510 0.120103
v -3.402200 0.496722 -1.071630
v -2.936060 0.501887 0.303782
v -2.950970 0.503975 0.294083
v -4.700360 0.449286 0.492036
v -4.677510 0.449286 0.492333
v -4.472990 0.000038 0.112606
v -4.415620 0.481774 -1.032710
v -4.405000 0.474891 -1.023300
v -4.409620 0.470691 -1.023570
v -3.385360 0.506813 0.156612
v -3.400610 0.496722 0.156907
v -4.453170 0.000038 0.246522
v -4.458620 0.000038 0.255301
v -4.868510 1.008490 0.738091
v -3.136450 0.434477 -0.791474
v -3.141190 0.441882 -0.791421
v -4.913410 1.025510 -0.782337
v -2.897300 0.438721 -0.104557
v -3.130110 0.474738 -0.041407
v -2.908010 1.018630 0.550378
v -2.945350 1.018630 0.338645
v -4.876430 0.501465 0.279343
v -4.852000 0.475076 -0.400580
v -4.904470 0.454919 -0.752680
v -4.718170 0.660224 0.798350
v -3.158320 0.556790 -0.534180
v -3.366960 0.020577 -1.063290
v -3.379790 0.000038 -1.067110
v -4.462160 0.020577 -0.503260
v -4.461840 0.020577 -0.528273
v -4.925450 0.035161 -0.403638
v -4.915790 0.039673 -0.414581
v -2.958040 0.501887 -0.563551
v -2.973200 0.503975 -0.554237
v -2.893990 1.008560 -0.808949
v -4.868930 1.013210 -1.006740
v -4.841980 0.719401 -0.998823
v -4.872220 0.440196 -0.112617
v -4.935920 0.020577 0.119122
v -4.948750 0.020577 0.115290
v -3.391490 0.515785 -1.060940
v -2.933240 1.015340 0.323617
v -4.917540 0.035161 0.238291
v -4.915690 0.031469 0.238316
v -2.965740 0.699145 -1.053360
v -4.880460 0.696954 -1.028600
v -4.899940 0.686908 -1.061760
v -2.879820 0.000038 -0.539199
v -2.841990 0.013376 0.157714
v -2.864890 0.024269 0.152835
v -4.694770 0.646972 -1.084740
v -4.707700 0.606714 -1.065450
v -4.711850 0.495204 -1.048910
v -4.608920 0.710284 -1.064170
v -4.881490 0.700675 -1.029230
v -4.899780 0.686908 -1.074120
v -4.908400 0.694967 -1.060640
v -4.880500 0.700675 -1.106170
v -4.879440 0.696954 -1.106760
v -4.864160 0.699145 -0.453803
v -4.671360 0.495204 -1.053660
v -4.671060 0.495204 -1.076290
v -4.427420 0.000038 0.246857
v -4.427420 0.020577 0.246857
v -4.867650 0.497622 -0.525700
v -4.900730 0.694967 -1.093240
v -4.908210 0.694967 -1.075460
v -2.966430 1.018630 -0.598634
v -2.964640 0.699145 -1.137760
v -4.665400 0.495204 0.208058
v -4.890050 0.501465 0.077745
v -2.896420 0.035161 -0.537197
v -4.719250 0.495204 -0.477531
v -4.616330 0.710284 -0.492803
v -4.907180 0.686908 -0.502754
v -4.915810 0.694967 -0.489265
v -3.151790 0.475609 -0.064204
v -3.151730 0.485449 -0.057590
v -3.136400 0.484832 -0.041469
v -4.887900 0.700675 -0.534791
v -4.898340 0.704141 -0.520832
v -4.902750 0.706067 -0.501438
v -4.436570 0.020577 0.113078
v -4.441790 0.020577 0.104161
v -4.886850 0.696954 -0.535392
v -4.678760 0.495204 -0.482282
v -4.678470 0.495204 -0.504928
v -4.670190 0.461078 0.551605
v -4.908090 0.698894 -0.521965
v -4.934380 0.000038 0.257984
v -4.934380 0.020577 0.257984
v -2.866150 0.020577 0.168462
v -2.871360 0.000038 0.159545
v -2.871360 0.020577 0.159545
v -4.908130 0.694967 -0.521862
v -4.915620 0.694967 -0.504098
v -4.480210 0.020577 -0.516008
v -4.480210 0.000038 -0.516008
v -2.866350 0.024269 -1.084960
v -2.935490 0.507884 -0.577641
v -2.858140 0.024269 -0.368522
v -2.859990 0.020577 -0.368545
v -4.994710 0.008864 -0.522676
v -4.680400 0.441882 -0.171539
v -3.386590 0.496722 0.288082
v -4.502600 0.231876 -0.567274
v -3.087600 0.660224 0.833831
v -3.383250 0.515785 -0.344519
v -3.378750 0.506813 -0.354498
v -4.987500 0.008864 0.105939
v -4.977840 0.013376 0.095001
v -2.918490 0.570530 -0.787573
v -4.855020 0.503975 0.102672
v -4.856910 0.720484 -0.561602
v -3.377980 0.506813 0.799888
v -4.866000 0.478644 -0.400579
v -4.872410 0.478644 0.094079
v -4.940450 0.024269 0.233414
v -2.938560 0.505717 -1.038840
v -2.859390 0.020577 -0.352889
v -2.864610 0.000038 -0.361816
v -2.864610 0.020577 -0.361816
v -4.919980 1.008560 0.510043
v -4.976450 0.009684 -1.054940
v -4.978300 0.013376 -1.054960
v -4.939420 0.035161 -0.510897
v -2.825230 0.008864 0.812173
v -2.827080 0.005172 0.812150
v -4.910790 0.020577 -0.414509
v -4.916010 0.000038 -0.423422
v -4.916010 0.020577 -0.423422
v -4.711090 0.442383 0.115918
v -2.954470 0.408816 -0.776989
v -3.184620 0.435979 -0.831866
v -3.379540 0.020577 -1.091600
v -2.935740 1.008490 0.777399
v -2.949020 0.721472 0.761604
v -2.905830 0.438721 -0.797207
v -3.185130 0.435979 -0.793568
v -2.917920 0.570530 -0.830961
v -4.862300 0.501887 0.757025
v -4.858710 0.491631 0.264103
v -4.970220 0.013376 0.759053
v -2.932100 1.019000 0.125477
v -2.946490 1.015340 0.133134
v -2.944130 1.013380 0.133828
v -4.453200 0.031469 0.123925
v -4.486770 0.244083 0.086057
v -4.915620 0.698894 -0.504098
v -2.968130 0.519461 -0.338951
v -2.904040 0.020577 -1.069800
v -2.898580 0.000038 -1.078570
v -2.904040 0.000038 -1.069800
v -2.896140 0.035161 -0.559315
v -2.905790 0.039673 -0.548385
v -2.920390 0.698894 -0.530921
v -2.874970 0.020577 -0.563630
v -2.897990 0.031469 -0.559338
v -3.379560 0.020577 -1.084820
v -3.366640 0.020577 -1.088310
v -3.144770 0.461078 -0.773874
v -3.153720 0.465514 -0.780574
v -3.404840 0.486193 0.157368
v -3.345820 0.020577 -0.350343
v -3.345820 0.000038 -0.350343
v -4.923010 0.039673 -1.043180
v -2.913970 0.507281 0.130809
v -2.929310 0.501465 0.138188
v -4.434620 0.506813 0.107981
v -4.983210 0.009684 -0.533582
v -2.956420 0.699145 -0.421324
v -2.859360 0.020577 0.796088
v -2.882380 0.031469 0.800371
v -4.474350 0.239344 0.060328
v -2.873780 0.035161 0.279038
v -2.850760 0.024269 0.274755
v -2.950170 0.463824 0.502888
v -2.858540 0.024269 -0.337242
v -2.881450 0.035161 -0.342112
v -2.883300 0.031469 -0.342136
v -4.922970 0.438721 -0.794359
v -4.683190 0.464898 -0.198499
v -4.683250 0.474738 -0.205115
v -2.897390 0.698894 0.257410
v -3.098000 0.434477 0.568533
v -3.120850 0.434477 0.568235
v -2.923620 1.018630 -0.809327
v -2.834600 0.013376 0.800991
v -3.104850 0.434477 -0.115880
v -2.889910 0.438721 0.538720
v -2.939110 1.015340 0.776409
v -2.936750 1.013380 0.777104
v -4.417820 0.502865 -0.529733
v -4.405360 0.487711 -1.022680
v -4.410600 0.502865 0.098879
v -4.689820 0.560417 -1.076280
v -4.688600 0.442141 -1.045110
v -4.711380 0.442383 -1.046930
v -4.411770 0.496722 0.772724
v -2.920590 0.698894 -0.516101
v -4.913960 0.501060 -0.153831
v -2.951650 1.015300 -1.035350
v -2.949370 0.440196 -0.850335
v -2.950410 0.440196 -0.769004
v -4.815310 0.463378 0.464780
v -4.864600 0.440196 0.551434
v -2.936270 0.505717 0.136139
v -2.835940 0.005172 -1.068910
v -4.942810 0.020577 -0.534515
v -4.929980 0.000038 -0.530681
v -3.371090 0.020577 0.820742
v -4.884050 0.501465 -0.384706
v -3.328820 0.234156 -0.303027
v -4.859220 0.475076 -1.029180
v -4.873210 0.478644 -1.029190
v -4.847590 0.511673 0.265228
v -4.853950 0.511673 0.756654
v -4.837620 0.519461 0.756484
v -2.884190 0.000038 0.155714
v -2.884190 0.020577 0.155714
v -4.419390 0.496722 0.108673
v -4.862380 1.018630 -0.992932
v -4.863540 0.501887 -0.399415
v -4.427000 0.506813 0.772032
v -4.474990 0.000038 -0.507081
v -4.474990 0.020577 -0.507081
v -4.971270 0.005172 0.248657
v -4.915810 0.698894 -0.489265
v -4.930210 0.020577 -0.512979
v -2.843840 0.009684 0.157689
v -4.918010 0.020577 -1.043120
v -4.923230 0.000038 -1.052030
v -4.923230 0.020577 -1.052030
v -3.080190 0.660224 0.262457
v -4.935920 0.000038 0.119122
v -4.923000 0.020577 0.115623
v -3.176400 0.435979 -0.115434
v -2.947560 0.475076 0.302320
v -2.884520 0.000038 0.180739
v -3.144680 0.465514 -0.127606
v -2.909710 0.570530 -0.114524
v -4.685590 0.484832 -0.725095
v -3.386960 0.506813 -1.070940
v -4.925160 0.035161 -0.425756
v -3.125580 0.441882 0.568294
v -4.655650 0.556790 0.235277
v -3.105390 0.434477 -0.074744
v -4.921180 0.501060 -0.782443
v -4.947210 0.020577 -0.414979
v -4.900780 0.698894 0.788568
v -4.703540 0.456270 0.773964
v -3.127700 0.434477 -0.116176
v -4.708520 0.434477 -0.130641
v -4.685670 0.434477 -0.130346
v -4.908210 0.698894 -1.075460
v -4.692350 0.449286 -0.800329
v -4.953970 0.020577 0.106373
v -4.953970 0.000038 0.106373
v -3.408820 0.487711 -0.346227
v -2.953060 1.025510 -1.023170
v -2.933570 0.478644 0.302676
v -4.913080 0.035981 0.770856
v -4.924590 0.035161 0.781768
v -4.955740 0.020577 -0.531013
v -4.955740 0.000038 -0.531013
v -4.654770 0.475609 0.545237
v -4.661060 0.465514 0.545137
v -4.677040 0.474738 0.567467
v -4.891270 0.501465 -1.013320
v -4.901940 0.492660 -1.004560
v -4.862190 0.467397 0.557649
v -4.908450 0.438721 0.522085
v -2.872830 0.000038 -1.078240
v -2.885660 0.020577 -1.082080
v -2.872830 0.020577 -1.078240
v -2.887920 0.035161 0.157119
v -2.897580 0.039673 0.168055
v -4.653950 0.475609 0.481734
v -4.460790 0.000038 -0.417525
v -2.859390 0.000038 -0.352889
v -4.445580 0.031469 0.787975
v -4.915380 0.020577 0.779674
v -4.408530 0.486193 -0.403894
v -4.921940 0.530398 0.510018
v -4.923870 0.485315 0.509994
v -3.094390 0.644491 0.262272
v -2.902570 0.020577 0.167990
v -2.897120 0.000038 0.159212
v -2.902570 0.000038 0.167990
v -4.848200 0.463824 0.557918
v -4.986110 0.005172 -1.044010
v -2.937230 1.008490 -0.320554
v -4.973120 0.008864 0.248634
v -4.963750 0.013376 0.259816
v -2.951670 0.501887 -1.055930
v -4.494810 0.233839 -0.368868
v -4.908140 0.438721 0.498305
v -4.863550 0.440196 0.470102
v -2.966580 0.503975 -1.065620
v -4.955230 0.024269 0.121999
v -4.453170 0.020577 0.246522
v -4.946350 0.020577 0.770424
v -4.946350 0.000038 0.770424
v -4.923460 0.020577 -1.034350
v -4.936060 0.020577 -1.055870
v -2.852060 0.009684 -0.558747
v -3.169030 0.435979 0.527842
v -2.902330 0.570530 0.528752
v -4.684030 0.461078 -0.817691
v -3.360790 0.020577 -0.545427
v -2.852010 0.020577 0.290383
v -2.852010 0.000038 0.290383
v -4.915760 0.438721 -0.165747
v -4.916070 0.438721 -0.141966
v -4.881270 1.019000 -0.371994
v -4.866880 1.015340 -0.379655
v -2.889040 1.025660 0.550624
v -3.371710 0.020577 -0.343896
v -3.339010 0.239344 -0.306849
v -3.382850 0.009684 -0.348619
v -2.944500 0.505717 -0.580295
v -4.871170 0.440196 -0.193949
v -2.908720 0.454919 0.520833
v -4.437030 0.020577 -1.036890
v -4.442250 0.000038 -1.045810
v -4.442250 0.020577 -1.045810
v -4.415740 0.486193 -1.032490
v -2.897350 0.000038 0.176907
v -4.500710 0.524445 -0.403208
v -3.351350 0.020577 0.296425
v -2.890810 0.039673 -0.353300
v -3.144620 0.484832 -0.757906
v -4.929170 0.000038 -0.402231
v -4.916240 0.020577 -0.405734
v -4.954430 0.000038 -1.043590
v -2.835230 0.013376 -0.363638
v -2.966380 0.511673 -0.564134
v -4.889640 0.454919 0.539974
v -3.379790 0.020577 -1.067110
v -2.910790 0.020577 -0.548443
v -2.905350 0.000038 -0.557220
v -2.910790 0.000038 -0.548443
v -3.370950 0.020577 0.813949
v -4.936380 0.000038 -1.030840
v -4.443790 0.020577 -0.515525
v -4.443790 0.000038 -0.515525
v -4.888870 0.454919 0.480910
v -4.914580 0.484323 -0.760651
v -4.908600 0.698894 0.139345
v -2.892420 0.000038 -0.560722
v -2.905350 0.020577 -0.557220
v -4.907360 0.484323 -0.132046
v -4.896490 0.454919 -0.183140
v -3.408840 0.496722 -0.559532
v -3.413060 0.486193 -0.559073
v -4.908390 0.020577 0.240622
v -2.905580 0.020577 -0.539531
v -4.704190 0.644491 -0.436887
v -4.718390 0.660224 -0.437073
v -4.427650 0.020577 0.264552
v -4.678380 0.484832 -0.096484
v -4.449010 0.000038 -0.524451
v -4.449010 0.020577 -0.524451
v -2.899030 0.039673 -1.069740
v -2.890370 0.000038 -0.362148
v -2.895810 0.000038 -0.353372
v -4.858380 0.478644 0.263471
v -4.455080 0.020577 -1.049640
v -4.864790 0.478644 0.758130
v -4.629340 0.435979 0.532963
v -2.944830 1.025510 -0.306729
v -4.628840 0.435979 0.494664
v -4.627370 0.462100 0.467215
v -2.867620 0.020577 -1.069330
v -4.896040 0.570530 0.532054
v -2.873060 0.020577 -1.060550
v -2.873060 0.000038 -1.060550
v -3.386320 0.000038 -0.563462
v -3.391770 0.000038 -0.554673
v -3.344960 0.000038 0.796587
v -3.344960 0.020577 0.796587
v -4.499700 0.524445 0.770227
v -4.442480 0.020577 -1.028100
v -4.929980 0.020577 -0.530681
v -3.352570 0.000038 0.171007
v -3.347130 0.000038 0.162228
v -4.921550 0.000038 0.261816
v -4.908620 0.020577 0.258318
v -4.856750 0.699145 -1.025180
v -4.476160 0.239344 -0.985138
v -4.396600 0.502865 0.270641
v -2.877140 0.020577 0.824015
v -2.898810 0.020577 -1.060880
v -4.700890 0.434477 0.533410
v -4.678050 0.434477 0.533706
v -3.365500 0.020577 0.174506
v -3.378330 0.000038 0.170674
v -2.889740 0.020577 0.802487
v -4.696570 0.644491 0.227160
v -4.923460 0.000038 -1.034350
v -4.918010 0.000038 -1.043120
v -4.877090 0.505717 -0.382658
v -2.869010 0.507281 -0.092297
v -4.940850 0.024269 0.264694
v -4.448190 0.000038 -0.396002
v -4.435270 0.020577 -0.399504
v -4.696550 0.442383 0.245730
v -4.670480 0.556790 -1.057380
v -4.924300 0.035161 0.759648
v -4.914930 0.039673 0.770831
v -2.898580 0.020577 -1.078570
v -4.678050 0.449286 0.533942
v -4.925360 1.019000 -0.153978
v -4.442020 0.020577 0.121857
v -3.351350 0.000038 0.296425
v -4.675890 0.465514 -0.747520
v -2.936040 1.015300 0.324363
v -4.869470 0.505717 0.281391
v -2.871590 0.020577 0.177240
v -2.871590 0.000038 0.177240
v -4.856470 1.015300 0.285215
v -2.949830 0.501887 0.152889
v -3.134990 0.484832 -0.150038
v -3.340370 0.000038 -0.359132
v -4.663270 0.556790 -0.428773
v -3.128230 0.449286 -0.074804
v -4.636960 0.435979 -0.131088
v -4.676810 0.461078 -0.189081
v -4.667860 0.465514 -0.182379
v -4.636470 0.435979 -0.169387
v -3.378100 0.020577 0.152978
v -4.715730 0.434477 -0.759251
v -4.468230 0.000038 -1.028440
v -3.348600 0.000038 -1.075560
v -2.866150 0.000038 0.168462
v -4.700900 0.449286 0.533647
v -2.857230 0.020577 0.281465
v -4.669840 0.485449 -0.740812
v -3.312660 0.524445 0.156690
v -4.426600 0.496722 -0.519934
v -2.877440 0.000038 -0.365637
v -4.875750 1.025510 -0.568397
v -2.967100 0.519461 0.794986
v -4.436570 0.000038 0.113078
v -4.420380 0.506813 0.260919
v -4.466240 0.000038 -0.408749
v -4.860910 1.025510 0.724263
v -4.441830 0.506813 -0.520629
v -4.870220 1.025510 -0.995227
v -2.828140 0.013376 0.301752
v -4.940900 0.020577 0.761646
v -3.371580 0.020577 -0.350689
v -3.136450 0.449286 -0.791236
v -4.459930 0.020577 0.767879
v -4.442480 0.000038 -1.028100
v -4.437030 0.000038 -1.036890
v -4.961180 0.020577 -0.522237
v -3.138130 0.465514 0.579133
v -4.449240 0.020577 -0.506749
v -4.879620 0.478644 -0.534529
v -2.827850 0.013376 0.279634
v -4.961180 0.000038 -0.522237
v -4.897260 0.501465 -0.550861
v -3.145290 0.556578 -0.388800
v -4.871310 1.015300 -1.007450
v -4.917550 0.020577 0.106844
v -4.923000 0.000038 0.115623
v -4.917550 0.000038 0.106844
v -3.378330 0.020577 0.170674
v -3.345660 0.246363 -1.044180
v -4.916240 0.000038 -0.405734
v -4.910790 0.000038 -0.414509
v -4.886100 0.507884 -0.385312
v -3.345200 0.020577 0.814284
v -3.338430 0.020577 0.292928
v -4.882340 1.013380 -0.554832
v -4.898580 1.025510 0.510321
v -2.867620 0.000038 -1.069330
v -4.948520 0.020577 0.097594
v -2.874370 0.000038 -0.547974
v -4.435270 0.000038 -0.399504
v -4.429820 0.000038 -0.408280
v -3.393980 0.496722 -0.355193
v -4.922770 0.020577 0.097928
v -3.160020 0.475609 -0.780644
v -3.136930 0.474738 -0.866375
v -3.128700 0.474738 -0.149936
v -4.947210 0.000038 -0.414979
v -4.661570 0.475609 -0.182316
v -4.684660 0.474738 -0.096585
v -4.691880 0.474738 -0.725190
v -3.125040 0.441882 0.526921
v -3.117410 0.561317 0.837896
v -3.092730 0.441882 0.527338
v -3.136730 0.489269 0.499707
v -4.688150 0.441882 -0.758778
v -4.720460 0.441882 -0.759198
v -3.137160 0.464898 -0.859762
v -3.137300 0.465514 0.515670
v -4.960190 0.020577 -0.537860
v -4.669610 0.475609 -0.747425
v -4.978130 0.013376 0.117121
v -2.868620 0.020577 -1.053700
v -3.152910 0.465514 -0.844045
v -3.152340 0.489269 -0.860003
v -4.985350 0.013376 -0.511488
v -4.680940 0.441882 -0.130166
v -3.124790 0.561317 0.194619
v -3.153520 0.556578 -1.105240
v -4.955690 0.024269 -1.027960
v -3.406400 0.486193 -1.072200
v -4.934820 1.008560 -0.782616
v -4.415180 0.486193 0.109242
v -4.669250 0.489269 -0.102952
v -3.133020 0.561317 -0.521812
v -3.108340 0.441882 -0.832367
v -4.673320 0.441882 0.533885
v -4.661630 0.489269 0.561098
v -4.660390 0.489269 0.465701
v -3.121320 0.474738 0.493340
v -4.927600 1.008560 -0.154007
v -4.660460 0.556578 0.806330
v -3.398190 0.486193 -0.355765
v -4.671890 0.555889 -0.494491
v -4.688470 0.561317 0.803186
v -4.657050 0.555889 0.798169
v -3.148690 0.555889 -0.380635
v -4.685130 0.449286 -0.171719
v -4.407560 0.486193 0.773294
v -3.140650 0.441882 -0.832787
v -3.390800 0.486193 0.287512
v -4.422390 0.486193 -0.519362
v -4.703310 0.561317 -0.489477
v -3.137910 0.556578 0.254475
v -4.719930 0.441882 -0.800564
v -3.120860 0.449286 0.568473
v -3.125500 0.561317 -1.102090
v -3.108880 0.441882 -0.791001
v -3.132420 0.441882 -0.116356
v -2.982710 0.519461 -0.564720
v -4.970510 0.013376 0.781173
v -2.843460 0.013376 -1.080080
v -4.705090 0.441882 0.492094
v -3.156920 0.555889 -1.097070
v -3.145350 0.489269 -0.048171
v -4.664670 0.555889 0.134119
v -4.696090 0.561317 0.139134
v -4.712710 0.441882 -0.171957
v -4.662390 0.475609 -0.118813
v -2.860390 0.020577 -0.337266
v -4.695790 0.561317 -1.069750
v -4.676460 0.489269 -0.731562
v -3.141310 0.555889 0.262635
v -4.680950 0.561317 0.222910
v -3.100110 0.441882 -0.115937
v -3.093270 0.441882 0.568712
v -4.688570 0.561317 -0.441141
v -4.713250 0.441882 -0.130583
v -4.897260 0.454919 -0.124077
v -3.117270 0.561317 -0.385649
v -3.100650 0.441882 -0.074563
v -4.705630 0.441882 0.533467
v -3.109890 0.561317 0.257620
f 1915 1916 1917
f 1918 1919 1920
f 1921 1922 1923
f 1924 1925 1926
f 1927 1928 1929
f 1930 1931 1932
f 1933 1934 1935
f 1936 1937 1938
f 1939 1940 1941
f 1942 1943 1944
f 1945 1946 1947
f 1948 1949 1950
f 1951 1952 1953
f 1954 1955 1956
f 1957 1958 1959
f 1960 1961 1962
f 1963 1964 1965
f 1966 1967 1968
f 1969 1970 1971
f 1972 1973 1974
f 1975 1976 1977
f 1978 1979 1980
f 1981 1982 1983
f 1984 1985 1986
f 1987 1988 1989
f 1990 1991 1992
f 1993 1994 1995
f 1996 1997 1998
f 1999 2000 1928
f 2001 2002 2003
f 2004 2005 2006
f 2007 2008 2009
f 2010 2011 2012
f 2013 2014 2015
f 2016 2017 2018
f 2019 2020 2021
f 2022 2023 2024
f 2025 2026 2027
f 2028 2029 2030
f 2031 2032 2033
f 2034 2035 2036
f 2037 2038 2039
f 2040 2041 2042
f 2043 2044 2045
f 2046 2047 2048
f 2049 2050 2051
f 2011 2052 2053
f 2054 2055 2056
f 2057 2058 2059
f 1918 2060 2061
f 2062 2063 2064
f 2065 2066 2067
f 2068 2069 2070
f 1992 2071 2072
f 2061 2073 2074
f 2075 1952 2076
f 2077 2078 1946
f 2079 2080 2081
f 2082 2083 2084
f 2085 2086 2087
f 2088 2089 2090
f 2091 2092 2093
f 2094 2095 2096
f 2097 2098 1957
f 2099 2100 2101
f 2102 2103 2104
f 2105 2106 2107
f 2108 2109 2110
f 2111 2112 2113
f 2114 2115 2116
f 2117 2016 2118
f 2119 2120 2121
f 2122 2123 2124
f 2125 2126 2127
f 2128 2129 2130
f 2131 2132 2133
f 2134 2135 2136
f 2137 2138 2139
f 2140 2141 2142
f 2143 2144 2145
f 2146 2147 2148
f 2149 2150 2151
f 2152 2153 2154
f 2155 2156 2157
f 2158 2159 2160
f 2161 2162 2163
f 2164 2165 2166
f 2167 2168 2169
f 2170 2171 1948
f 1991 2064 2071
f 2172 2173 2174
f 2175 2176 2177
f 2178 2179 2180
f 2181 2182 2183
f 2184 2185 1982
f 2186 2187 2188
f 2189 2190 2191
f 2192 2193 2194
f 2195 2196 2197
f 2198 2199 2200
f 2201 2202 2203
f 2204 2205 2206
f 2207 2208 2209
f 2210 2211 2212
f 2213 2214 2215
f 2216 2217 2218
f 2219 2092 2220
f 2221 2222 2223
f 2224 2225 2226
f 2227 2228 2229
f 2230 2231 2232
f 2233 2234 2235
f 2236 2237 2238
f 2067 2239 2240
f 2241 2242 2243
f 2219 2244 2245
f 2246 2247 2248
f 2249 2250 2251
f 2252 2253 2254
f 2255 2196 2256
f 2257 2258 2259
f 2260 2148 2261
f 2262 2263 1958
f 2264 2265 2266
f 2267 2268 2016
f 2269 2270 2002
f 2271 2272 2273
f 2274 2275 2276
f 2277 2278 2279
f 2280 2281 2282
f 2283 2204 2284
f 2285 2143 2286
f 2287 2288 2289
f 2290 2291 2292
f 2293 2294 2295
f 2004 2296 2297
f 2298 2299 2300
f 2301 2302 2283
f 2303 2304 2305
f 2306 2307 2308
f 2309 2310 2311
f 2312 2313 2314
f 2315 2316 2233
f 2317 2318 2319
f 2320 2321 2322
f 2323 2324 2325
f 2326 2327 2328
f 2329 2330 2331
f 2332 2333 2334
f 2335 2114 2336
f 2337 2338 2339
f 2340 2341 2342
f 2132 2184 2343
f 2344 2345 2346
f 2347 2257 2348
f 2349 2350 2351
f 2352 2353 2354
f 2355 2044 2057
f 2356 2357 2358
f 2359 2360 2306
f 2361 2362 2363
f 2364 2365 2230
f 2366 2367 2368
f 2117 2369 2370
f 2371 2372 2373
f 2340 2374 2375
f 2376 2377 2378
f 2072 2379 2119
f 2380 2381 2382
f 2383 2384 2385
f 2243 2386 2387
f 2388 2389 2178
f 2390 2391 2392
f 2393 2394 2395
f 2396 2397 2398
f 2399 2400 2401
f 2402 2290 2403
f 2404 2405 2406
f 2407 2408 2281
f 2409 2410 2307
f 2411 2412 2413
f 2414 2415 2416
f 2236 2417 2418
f 2419 2420 2421
f 1919 2422 2423
f 2188 2424 2231
f 2425 2426 2427
f 2428 2429 2430
f 2431 2432 2433
f 2434 2435 2436
f 2315 2437 2438
f 2439 2155 1917
f 2440 2441 2442
f 2443 2444 2445
f 2446 2176 2447
f 2448 2449 2450
f 2111 2451 2452
f 2090 2453 2088
f 2454 2455 2456
f 2026 2457 2458
f 2363 2459 2361
f 2460 2461 2462
f 1919 2208 2463
f 2464 2465 2466
f 2467 2468 2469
f 2470 2471 2472
f 2473 2474 2475
f 2476 2477 2478
f 2479 2480 2481
f 2482 2332 2483
f 2010 2484 2485
f 2486 2487 2488
f 2303 2489 2041
f 2490 1996 1998
f 2491 2492 2493
f 2494 2495 2496
f 2497 2498 2499
f 2500 2501 1963
f 2502 2089 2503
f 2504 2505 2506
f 2028 2507 2508
f 2509 2510 2511
f 2512 2475 2513
f 2514 2194 2193
f 2515 2516 2213
f 2517 2518 2519
f 2520 2521 2522
f 2523 2524 2525
f 2526 2527 2528
f 2529 2530 2531
f 2532 2533 2534
f 2535 2536 2537
f 2538 2249 2539
f 2540 2541 2542
f 2543 2462 2544
f 2171 2545 2546
f 2547 2548 2549
f 2219 2149 2550
f 2551 2552 2553
f 2554 2555 2556
f 2557 2558 2559
f 2560 2561 2562
f 2098 2262 1957
f 1943 2563 2564
f 2565 2566 2567
f 2568 2569 2570
f 2480 2571 2481
f 2572 2573 2574
f 2224 2226 2522
f 2575 2576 2246
f 2577 2578 2579
f 2580 2581 2582
f 2583 2165 2572
f 2093 2245 2584
f 2096 1963 1965
f 2585 2586 2587
f 2588 2589 2057
f 2366 2590 2591
f 2592 2593 2594
f 2595 2144 2596
f 2597 2247 2598
f 2599 2600 2601
f 2602 2603 2604
f 2035 2605 2606
f 2607 2608 2609
f 2014 2610 1941
f 2611 2612 2613
f 2614 2615 2616
f 2617 2618 2619
f 2620 2621 2622
f 2623 2624 2625
f 2626 2627 2628
f 2629 2630 2631
f 2632 2633 2634
f 2366 2635 2636
f 2637 2638 2120
f 2521 2639 2522
f 2640 2641 2642
f 2273 2643 2644
f 2645 2646 2647
f 2648 2649 2650
f 2651 2652 2653
f 2654 2655 2277
f 2656 2657 2658
f 2659 2660 2661
f 2662 2405 2663
f 2513 2664 2665
f 2666 2594 2667
f 2668 2651 2669
f 2670 2671 2249
f 2632 2672 2673
f 1971 2300 2674
f 2675 2676 2677
f 2678 2064 2679
f 2073 2680 2681
f 2183 2682 2683
f 2684 2685 2686
f 1944 2564 2687
f 2688 2689 2690
f 2691 2692 2693
f 2640 2048 2694
f 2530 2695 2696
f 2297 2167 2697
f 2698 2699 2700
f 2701 2486 2702
f 2703 2704 2705
f 2706 2707 2708
f 2709 2273 2644
f 2710 2702 2711
f 2712 2690 2248
f 2713 2714 2715
f 2716 2717 2718
f 2719 2720 2721
f 2051 2722 2723
f 2724 2725 2726
f 2727 2728 2729
f 2730 2731 2732
f 2487 2733 2488
f 2734 2735 2736
f 2737 2711 2738
f 2739 2711 2737
f 2740 2741 2742
f 2743 2744 2745
f 2746 2747 2748
f 2749 2750 2727
f 2751 1988 2752
f 2753 2754 2031
f 2727 2729 2755
f 2756 2757 2758
f 2487 2759 2760
f 2487 2760 2733
f 2761 2378 2696
f 2737 2738 2762
f 2763 2764 2765
f 2766 2767 2733
f 2768 2719 2721
f 2739 2737 2762
f 2740 2769 2741
f 2770 2771 2772
f 2773 2774 2775
f 2776 2771 2777
f 2778 2779 2780
f 2781 2782 2783
f 2753 2772 2784
f 2785 2502 2786
f 2787 2788 2789
f 2337 2790 2791
f 2738 2792 2793
f 2794 2795 2796
f 2771 2797 2777
f 2770 2749 2798
f 2772 2749 2770
f 2799 2762 2731
f 2742 2728 2800
f 2701 2708 2707
f 2801 2802 2644
f 2803 2804 2805
f 2806 2807 2808
f 2809 2810 2811
f 2812 2813 2736
f 2814 2644 2815
f 2816 2817 1989
f 2818 2819 2820
f 2821 2822 2823
f 2824 2825 2826
f 2827 2828 2829
f 2830 2831 2832
f 1966 2833 2834
f 2835 2836 2837
f 2838 2839 2840
f 2841 2842 2843
f 2699 2844 2845
f 2773 2846 2847
f 2848 2849 2709
f 2832 2850 2138
f 2851 2815 2643
f 2192 2852 2094
f 2853 2815 2851
f 2854 2855 2856
f 2084 2857 2858
f 2705 2704 2859
f 2860 2861 2841
f 2862 2863 2864
f 2865 2698 2700
f 2841 2843 2408
f 2848 2866 2867
f 2848 2867 2849
f 2868 2038 2468
f 2851 2643 2869
f 2454 2870 2645
f 2871 2850 2872
f 2853 2851 2869
f 2854 2873 2855
f 2345 2506 2346
f 2874 2875 2876
f 2746 2877 2878
f 2789 2788 2778
f 2280 2282 2747
f 2511 2879 2880
f 2881 2882 2883
f 2643 2884 2272
f 2885 2886 2887
f 2888 2889 2890
f 2877 2891 2878
f 2892 2860 2893
f 2894 2860 2892
f 2748 2869 2844
f 2641 2895 2896
f 2897 2898 2478
f 2899 2576 2900
f 2266 2901 2445
f 2479 2600 2902
f 1978 2318 1979
f 2903 2418 2904
f 2905 2906 2907
f 2908 2548 2909
f 2910 2438 2327
f 2911 2641 2912
f 2913 2914 2803
f 2258 2915 2603
f 2916 2917 2918
f 2919 2920 2921
f 2922 2923 2924
f 2925 1951 2926
f 2927 2065 2928
f 2929 2294 2930
f 2931 2932 2629
f 2933 2934 2140
f 2654 2935 2936
f 2937 2938 2510
f 2939 2940 2941
f 2942 2147 2943
f 2944 2945 2946
f 2947 2948 2949
f 2950 2323 2951
f 2952 2953 2954
f 1933 2955 2956
f 2957 2958 2959
f 2477 2098 2897
f 2960 1922 2961
f 2962 2963 2689
f 2964 2965 2037
f 2966 2166 2165
f 2219 2967 2968
f 2969 2970 2971
f 2972 2973 2974
f 2975 2976 2369
f 2977 1985 2978
f 2979 2980 2981
f 2982 2983 2984
f 2985 2634 2434
f 2469 2986 2987
f 2190 2412 2988
f 2546 2430 2989
f 2990 2991 2992
f 2993 2203 2994
f 2146 2995 2942
f 2111 2996 2997
f 1954 2998 2999
f 3000 3001 1931
f 3002 2279 3003
f 2039 3004 3005
f 2038 2939 2988
f 2550 2151 2251
f 2976 2370 2369
f 3006 3007 3008
f 2069 3009 2070
f 2043 2059 2058
f 3010 3011 3012
f 3013 3014 3015
f 3016 2024 2515
f 3017 3018 2443
f 2285 3019 3020
f 3021 3022 2108
f 3023 3024 3025
f 2970 2416 2415
f 2238 3026 2417
f 2340 3027 3028
f 3029 3030 1966
f 3031 3032 3033
f 3034 3035 3036
f 2699 3037 3038
f 2934 3039 2141
f 3040 3041 3042
f 3043 2431 2433
f 3044 2608 3045
f 3046 3047 3048
f 2824 2826 3049
f 3050 3051 3052
f 2863 3053 2804
f 2805 3049 3054
f 2146 2261 2148
f 3055 2863 2914
f 2585 3056 3057
f 3058 2314 3059
f 3060 3061 3062
f 2862 2864 3063
f 2180 2326 2388
f 2824 2804 3053
f 3055 2914 3064
f 3065 3066 3067
f 3068 3069 3070
f 3071 3072 3073
f 2907 3074 2387
f 3075 3054 3076
f 3077 3054 3075
f 2528 3078 2913
f 2560 3079 1996
f 3080 3081 3082
f 2929 2864 3055
f 3083 3084 3085
f 3063 3086 3087
f 3055 3064 2294
f 3071 2984 2983
f 3071 2983 3072
f 3075 3076 3088
f 2525 3089 2523
f 3090 3091 3092
f 3077 3075 3088
f 2528 2527 3078
f 2551 1993 1995
f 2323 3093 3094
f 2776 2783 2799
f 3095 2526 2324
f 2419 3096 3097
f 3063 2950 2951
f 2080 2886 2081
f 2800 2708 2710
f 2933 2662 2663
f 2844 2869 2643
f 3076 3098 3099
f 3093 3100 3094
f 3101 2929 2930
f 2950 2929 3101
f 2325 3088 3066
f 3102 3059 3103
f 3104 3105 3106
f 2223 3107 3108
f 3109 3105 3110
f 3111 1985 3112
f 3113 2221 3114
f 2206 3115 3116
f 3117 3108 2828
f 3068 3118 3119
f 3120 3121 2620
f 3122 3123 3124
f 2033 2750 2753
f 3125 3126 2199
f 3127 3128 3129
f 3130 3131 2278
f 3132 2881 3133
f 3134 3135 3136
f 2767 2738 2702
f 3137 2828 2883
f 3138 2052 3139
f 2829 2828 3137
f 3003 3140 3141
f 3142 2512 2513
f 3143 3144 3145
f 3146 3084 3130
f 2051 2723 3147
f 3085 3148 3149
f 3130 2278 2655
f 2488 2767 2702
f 3134 2756 2758
f 3134 2758 3135
f 3137 2883 2882
f 3046 3150 2363
f 2757 3151 3135
f 2906 3152 3153
f 2829 3137 2882
f 3003 2279 3140
f 3154 3155 3156
f 3157 3158 3159
f 3160 3161 3162
f 3163 3002 3164
f 3165 3166 2154
f 3012 3167 3168
f 2021 3169 2019
f 2883 3170 3171
f 2207 3172 2577
f 3173 2426 3174
f 3158 3175 3159
f 2935 3146 2936
f 3176 3146 2935
f 3177 2882 2881
f 3178 3179 3180
f 2625 2557 3181
f 3182 2889 3183
f 3184 3185 3186
f 1978 3187 3188
f 3189 3190 2668
f 3191 2895 2047
f 3192 3193 3194
f 3195 2554 3196
f 2626 3197 2265
f 2931 2933 2172
f 3198 2400 3199
f 3035 3200 3201
f 2499 3202 3203
f 3204 2683 3205
f 3206 2392 2391
f 3207 3208 3209
f 3210 3211 3212
f 2533 2697 2169
f 3213 3214 1984
f 2164 3215 2573
f 3216 2471 3217
f 2442 3218 3219
f 2025 3220 3221
f 2014 3222 3223
f 3224 2093 2584
f 1982 3225 1983
f 3226 3227 3228
f 3229 2055 3230
f 2315 3231 3232
f 3233 3234 3235
f 3236 3237 2131
f 3238 3239 3240
f 3111 3112 3241
f 3242 3243 3244
f 3245 3246 3247
f 3217 3248 3216
f 3249 3250 3251
f 2026 3252 3253
f 3254 3255 3222
f 3256 3257 3258
f 3259 3260 2001
f 3261 3262 2490
f 2500 3263 3264
f 2057 2045 2044
f 3265 1942 3266
f 2670 3267 3268
f 3269 3270 3271
f 3272 2670 2538
f 2060 3273 3274
f 3275 3276 2410
f 2349 2353 3277
f 3278 2537 3279
f 2848 2845 2866
f 3280 3281 2647
f 3282 2518 3014
f 3283 2354 2353
f 3284 2616 3285
f 3286 3287 3288
f 2599 3289 2623
f 3290 3291 3292
f 2103 3293 2104
f 3294 3295 3296
f 3297 3298 3299
f 3300 3016 3301
f 3302 2631 3303
f 3304 3305 3306
f 3307 2482 2791
f 2951 2323 2325
f 3308 3309 3051
f 3310 2284 3311
f 3052 2791 2790
f 3312 2921 2920
f 3308 3313 2744
f 3314 3315 3316
f 3289 2372 2623
f 3317 2815 2853
f 2025 3029 3318
f 3319 3320 3321
f 3322 3323 3324
f 3325 3326 3327
f 2744 3313 2078
f 3328 3329 2333
f 3071 3067 2984
f 2332 3330 2483
f 3331 2768 3281
f 3332 2790 2337
f 3333 3334 3335
f 3336 2790 3332
f 1947 3337 3338
f 3339 3340 3341
f 3342 2836 2744
f 2661 3343 3344
f 2837 3345 3346
f 2744 2078 2745
f 2271 2867 2866
f 3347 3348 3349
f 2332 2334 3350
f 2332 3350 3330
f 3332 2337 3351
f 3142 2665 3161
f 3352 3330 2339
f 3353 2711 2739
f 3336 3332 3351
f 1947 1946 3337
f 2704 3354 3349
f 3177 3157 3164
f 3348 1945 2859
f 2958 3355 2148
f 2344 2505 3356
f 2266 3357 3358
f 3359 3360 3361
f 2735 3362 3363
f 2337 3364 2338
f 2841 2809 2842
f 3354 3347 3349
f 2819 3032 2129
f 3365 3342 2743
f 3366 3342 3365
f 2705 3351 3329
f 3367 3368 3369
f 2281 2843 2873
f 2301 3167 3370
f 3304 2139 2138
f 3371 3372 3373
f 3374 3306 3305
f 2826 3073 3049
f 3375 2138 2850
f 3376 3377 3378
f 2649 3379 2650
f 3380 3381 3382
f 2252 3383 3384
f 3385 3090 3092
f 2923 3386 3387
f 3388 2861 2865
f 3132 3389 2222
f 2223 3114 2221
f 3390 3391 3392
f 3326 2830 3393
f 3394 3395 2137
f 2731 2762 2738
f 3396 2850 2832
f 3397 3398 3399
f 2872 2850 3396
f 3156 3400 3401
f 1990 3402 3403
f 2859 1947 3338
f 3404 3405 3390
f 3319 3321 3406
f 3407 3325 3327
f 3390 3392 3408
f 2483 2791 2482
f 3394 3409 3410
f 3394 3410 3395
f 3396 2832 2831
f 3411 3312 2920
f 3412 3413 3395
f 3414 3415 3416
f 2872 3396 2831
f 3156 3155 3400
f 3360 3417 3418
f 3419 3420 3339
f 3421 3154 3422
f 3423 3424 3425
f 2551 3426 3427
f 3359 3407 3428
f 2177 3429 3430
f 3431 2217 3432
f 3151 2883 3108
f 2832 3433 3434
f 3417 3435 3418
f 2086 3404 2087
f 3428 3404 2086
f 3361 2831 2830
f 3436 3437 2362
f 3438 2168 3439
f 3435 3421 3418
f 2964 2039 3005
f 3289 3440 3441
f 3233 3235 2452
f 3442 3399 3443
f 3250 2001 3251
f 3444 1942 1944
f 3445 3446 3447
f 3273 2082 2084
f 1932 3448 2465
f 3449 3450 3451
f 3022 2109 2108
f 3452 3453 3454
f 3455 3456 3011
f 3457 3458 3459
f 3460 3456 3461
f 2072 3462 3463
f 3464 3013 3015
f 2684 2356 2358
f 2303 3368 3465
f 3466 2010 2012
f 3467 3468 3469
f 3470 3471 3472
f 3220 2457 3221
f 3473 2113 3474
f 3475 3299 2685
f 2012 3476 3466
f 2726 3477 2724
f 3282 3014 3478
f 2990 3479 3480
f 3481 3482 2135
f 3402 1990 1992
f 3253 3483 3484
f 3485 3486 3487
f 3488 3489 2176
f 2512 2937 2473
f 2561 3490 2562
f 3491 3492 2095
f 2649 3493 3001
f 2580 2164 2524
f 2275 1929 1928
f 2347 2259 3494
f 2264 2445 2444
f 2839 3495 3477
f 3496 2196 3497
f 2650 3444 3247
f 2058 3498 2043
f 3293 3215 2104
f 3499 3500 3501
f 2036 2775 2034
f 2218 3502 3503
f 3504 3505 3506
f 3507 3508 3509
f 3510 2629 2631
f 3511 3004 2467
f 3512 3513 3514
f 2485 3515 3516
f 2414 3517 3518
f 3474 3234 3473
f 2891 2280 2878
f 3256 3519 3520
f 3521 3522 3523
f 2701 3524 2486
f 3525 2145 2144
f 3186 3526 3527
f 3149 2222 3083
f 3528 3529 3530
f 3345 3328 3346
f 2160 2380 2658
f 3531 3144 3143
f 2446 2158 3429
f 3430 2658 3532
f 3533 3534 3535
f 2935 3158 3176
f 3111 3536 3537
f 3538 2991 2217
f 2242 3539 2127
f 3249 3540 3541
f 3542 3054 3077
f 2782 2769 2740
f 3543 3374 3405
f 2637 2320 2020
f 3544 3545 3546
f 2447 2176 3489
f 3547 3548 3549
f 3550 3551 3552
f 2381 3553 2382
f 3554 3532 2657
f 3416 3532 3554
f 2009 3488 2175
f 2173 3555 3556
f 2714 3557 3558
f 3559 3560 2447
f 3561 3562 2509
f 3563 3564 3565
f 2447 3489 3096
f 2381 3566 3567
f 2381 3567 3553
f 3554 2657 3414
f 3462 3568 3463
f 2433 1956 3043
f 3061 3569 3062
f 3416 3554 3414
f 2009 2008 3488
f 3338 3313 3050
f 2714 3570 3571
f 3508 3080 3572
f 3573 2007 3557
f 3574 3575 2586
f 2715 3563 2713
f 3576 3157 3177
f 3577 3578 3579
f 3066 3088 3076
f 2657 3580 3581
f 3582 2537 2536
f 3570 3583 3571
f 2420 3559 2421
f 2713 3559 2420
f 3558 3414 3548
f 3086 3065 3087
f 2301 2283 3310
f 3509 3508 3572
f 3584 3585 3586
f 3320 3370 3167
f 3168 3310 3091
f 3587 3320 3011
f 2041 2300 2042
f 3274 3588 3589
f 3504 3590 3591
f 3592 2790 3336
f 3543 3405 3407
f 3378 3593 3594
f 3307 3051 3309
f 3587 3011 3456
f 3545 3595 2205
f 2204 3596 2284
f 3597 3091 3310
f 3598 3091 3597
f 2826 3071 3073
f 3092 3091 3598
f 3599 3455 3010
f 3600 2796 2365
f 2136 3601 2134
f 3422 3156 3401
f 3602 3321 3587
f 2661 2993 3343
f 3406 3544 3546
f 3587 3456 3603
f 3410 3409 3412
f 2204 2206 3116
f 2204 3116 3596
f 3604 3605 2609
f 3598 3597 3385
f 3115 3606 3311
f 3607 3608 3609
f 3415 3532 3416
f 3092 3598 3385
f 3599 3461 3455
f 3610 3611 3451
f 3144 3612 3613
f 3145 3010 3168
f 3614 3615 3145
f 3616 3617 3618
f 3619 3047 3082
f 3597 3620 3606
f 3621 3622 2021
f 3612 3623 3613
f 3624 3602 3625
f 3626 3602 3624
f 3143 3385 3595
f 3627 2499 3628
f 3629 3630 3631
f 2027 3253 3632
f 2105 3633 3634
f 3635 2494 3636
f 2189 3637 3638
f 3457 3297 3639
f 3640 3641 3445
f 3642 2566 3643
f 3255 3644 3645
f 3646 2259 3647
f 3648 3649 2981
f 3650 3651 3652
f 2952 3653 3654
f 3270 2504 3655
f 2425 2352 2354
f 2601 3656 3289
f 2887 2394 3657
f 3438 3658 3659
f 3660 3661 2397
f 3662 2350 3663
f 2505 2346 2506
f 2010 3138 3139
f 3664 2614 3284
f 3665 3466 2675
f 3376 3020 3666
f 3097 3489 2008
f 3615 3461 3599
f 2521 3667 3668
f 3307 3669 2482
f 3637 3485 3487
f 3670 2230 2232
f 2529 2695 3671
f 3672 2413 3673
f 3664 3674 3675
f 3676 3677 2345
f 3678 3679 3680
f 2015 1941 1940
f 3681 3682 2066
f 2164 2525 2524
f 2003 2270 3683
f 3065 2825 3684
f 2223 3389 3107
f 3681 2928 2240
f 3685 2745 2077
f 3672 3686 3687
f 3688 3689 3690
f 3291 3691 3292
f 3692 2053 2052
f 3504 2402 3693
f 3694 3695 3696
f 3697 2626 2264
f 3698 2969 2971
f 3699 3279 3582
f 2933 2404 2172
f 3700 3701 3702
f 3703 3704 3705
f 3706 3447 3707
f 3708 2172 2174
f 2065 2240 2928
f 3357 3709 3358
f 3104 2812 2736
f 2784 2776 2799
f 3710 3106 3105
f 3711 2485 3516
f 3110 2736 3123
f 2023 2516 2024
f 3712 2439 3713
f 2163 2256 3714
f 3152 3074 3153
f 2892 2877 2894
f 3388 2809 2861
f 3715 3716 2049
f 2474 3717 2664
f 3128 3718 3719
f 3650 3720 3721
f 3722 3723 2813
f 3724 3123 2735
f 3124 3123 3724
f 3161 3725 3162
f 2621 2327 2438
f 3140 2278 3131
f 2198 3726 2195
f 3727 3562 2474
f 2751 2752 3728
f 2509 3127 3129
f 2474 2664 2475
f 2334 2339 3350
f 1976 3729 3730
f 3722 3731 3732
f 3722 3732 3723
f 3724 2735 3733
f 3363 2734 3723
f 2869 3317 2853
f 3124 3724 3733
f 3161 2665 3725
f 2680 3675 2681
f 2879 2938 2619
f 3557 2009 2175
f 2618 3142 3160
f 3734 3420 3419
f 3735 3270 3736
f 2489 2298 2041
f 3595 3385 3597
f 2735 3737 3362
f 3738 3739 3740
f 2938 2617 2619
f 2937 3727 2473
f 2510 3727 2937
f 2880 3733 3718
f 3318 3513 3741
f 2160 3429 2158
f 3046 2363 2362
f 2715 2714 3558
f 2401 1921 1923
f 2993 3048 3047
f 2380 2382 2658
f 3082 2362 3569
f 3742 3743 3744
f 3745 3150 2660
f 2668 2004 3189
f 2409 2360 3746
f 3088 3542 3077
f 3747 2446 3560
f 3564 3547 3565
f 2994 2203 2202
f 3745 3748 3749
f 3087 3684 2862
f 2459 3750 2361
f 3751 2229 3300
f 3752 3569 3437
f 3062 3569 3752
f 3194 2201 3081
f 3224 3453 3490
f 3164 3141 3117
f 3753 3343 2994
f 3747 3560 3563
f 3344 3754 2659
f 2994 2202 3755
f 3136 3151 3108
f 2459 3323 3322
f 2459 3322 3750
f 3752 3437 3060
f 3436 3750 3324
f 2831 2871 2872
f 3062 3752 3060
f 3194 3193 2201
f 3508 3756 3757
f 2324 2528 2913
f 3758 3192 3080
f 3759 3335 3334
f 3760 3305 3375
f 3437 3761 3762
f 3756 3763 3757
f 2682 3764 3765
f 2100 3753 2101
f 3507 3753 2100
f 3572 3060 3748
f 2583 3766 2966
f 3030 3207 3209
f 3767 3464 3015
f 3768 3268 3769
f 3770 3072 2982
f 2909 3771 3283
f 3772 3773 3774
f 3775 2563 3776
f 3044 3777 3778
f 3779 2152 3780
f 3781 3255 3782
f 3783 3607 3609
f 3784 2695 2696
f 3732 3731 3363
f 2900 3295 3785
f 3786 3787 3788
f 3789 3790 3218
f 2968 2070 2244
f 3791 3243 3792
f 3793 3377 3666
f 3794 3795 2948
f 2624 3699 2625
f 3315 2547 3316
f 3796 3318 3741
f 3797 3798 3799
f 2161 3714 3800
f 2091 3262 3801
f 3802 2479 2558
f 2407 2892 2893
f 3803 3804 2046
f 2810 3038 2801
f 3517 3805 3806
f 2975 2118 3807
f 3808 3809 3810
f 3811 3487 3812
f 3411 3813 3814
f 2581 2406 2582
f 2798 2727 2755
f 2027 3815 3207
f 2760 2759 2766
f 1954 3816 3817
f 3818 3721 3720
f 3498 3819 2044
f 2763 2786 3820
f 3821 3701 3822
f 3220 3823 2122
f 3824 3676 2345
f 2889 3825 2957
f 3545 2302 3826
f 3667 2224 3827
f 3828 3829 1952
f 2543 3830 3831
f 3832 3195 3833
f 3834 3835 2371
f 3111 3584 3536
f 2518 3015 3014
f 3285 2577 2579
f 1918 2082 3836
f 3515 3837 3838
f 3248 3839 2470
f 2182 3483 3794
f 3610 3840 3841
f 3842 3699 3582
f 2305 3843 3700
f 3844 1942 3845
f 3148 3132 3149
f 2454 2645 2647
f 3846 2746 2748
f 2722 2456 2455
f 1918 2207 2209
f 2780 2647 2720
f 2722 3847 3848
f 3209 3469 3468
f 1969 2674 2852
f 3527 3425 3849
f 2364 3850 3851
f 2754 2730 2031
f 3848 3847 3398
f 3716 3331 3852
f 3853 3854 2646
f 3748 3060 3437
f 3855 2720 3281
f 2721 2720 3855
f 3443 3856 2779
f 3772 3282 3478
f 2783 2740 2742
f 3857 2723 3848
f 2033 2706 2750
f 3147 3715 2049
f 3848 3398 3858
f 3853 3690 3689
f 3853 3689 3854
f 3855 3281 2768
f 3089 2631 2630
f 2882 2827 2829
f 2721 3855 2768
f 3443 3399 3856
f 2788 3859 3631
f 3361 3360 3422
f 3630 3442 2778
f 2787 3147 3860
f 3861 2725 3341
f 3548 3414 2657
f 3281 3862 3863
f 3034 3864 3865
f 2908 3866 2634
f 3859 3629 3631
f 3837 2145 3838
f 3867 3857 3868
f 3860 3857 3867
f 2789 2768 3331
f 3791 3869 2680
f 2801 2811 2810
f 2724 2241 2387
f 3870 2811 2814
f 1988 2726 2725
f 3871 3567 3566
f 3341 2387 3074
f 2404 3872 2173
f 3602 3603 3625
f 3873 2545 2384
f 3819 2057 2044
f 3351 3592 3336
f 2762 3353 2739
f 3561 3710 3562
f 3754 3745 2659
f 1987 1989 2817
f 2839 2905 3539
f 2242 3874 2243
f 3875 3074 2907
f 3153 3074 3875
f 3042 2816 3340
f 2747 2856 2814
f 3876 2752 1987
f 2835 3308 2836
f 3728 2838 2840
f 1987 2817 3877
f 2242 2127 2126
f 2242 2126 3874
f 3878 3879 3880
f 3875 2907 2906
f 3294 2689 2963
f 2125 2386 3874
f 3733 3122 3124
f 3153 3875 2906
f 3042 3041 2816
f 3420 3881 3882
f 2880 2879 3160
f 3883 3040 3339
f 3884 2268 3885
f 3734 3728 3886
f 2424 3878 3387
f 2907 3887 3888
f 3889 2981 3649
f 3763 3758 3757
f 2510 2879 2511
f 3881 3890 3882
f 2903 3891 3892
f 3893 3894 3895
f 3896 3876 3897
f 3886 3876 3896
f 3419 2906 2905
f 3898 2544 3899
f 3100 3095 3094
f 2941 2037 2965
f 3725 2664 3717
f 3900 3227 2822
f 3901 2061 2074
f 3340 1989 3861
f 2606 3902 3903
f 2247 3904 2598
f 3068 3730 3905
f 3798 1923 3799
f 3906 1986 2912
f 2963 3907 3481
f 3328 3669 3908
f 2998 2432 2999
f 3909 2191 3910
f 3886 3420 3734
f 2489 2500 3264
f 3337 2078 3313
f 3134 3133 2756
f 3658 3911 3912
f 2270 3259 3683
f 3913 3445 3447
f 2526 2293 2295
f 1933 3187 1980
f 2717 3914 2718
f 3274 3244 3243
f 3822 2192 3821
f 2012 3793 3915
f 2007 2419 3097
f 3694 3656 2535
f 3916 2911 2977
f 3917 2344 3918
f 3919 3845 3024
f 3239 3920 2614
f 2060 3589 2073
f 3921 3922 3923
f 2025 3207 3924
f 2898 3925 3926
f 1964 2193 1965
f 2855 2843 2842
f 3490 3272 2562
f 3294 3927 2575
f 3928 3800 3929
f 3930 3931 3932
f 2860 2408 2893
f 2536 3842 3582
f 3185 3526 3186
f 2493 2495 2494
f 2441 2227 2442
f 2682 3794 2947
f 3933 3070 3729
f 3685 3365 2743
f 3085 3176 3576
f 3356 2505 3618
f 3934 2397 3661
f 3935 2397 3661
f 2350 2352 3663
f 3228 3789 3936
f 3738 3917 3918
f 3935 2398 2397
f 3937 3938 3367
f 2481 2601 2600
f 3707 3939 3640
f 2398 3940 3934
f 3941 3913 3706
f 3942 3943 3779
f 3944 3381 3703
f 3945 3946 3947
f 2807 1940 1939
f 3948 2697 3949
f 3101 3093 2950
f 3950 3896 3897
f 2986 2038 2988
f 3951 3638 3673
f 3952 3953 3954
f 2427 3663 2352
f 3955 2545 3956
f 3957 2729 2769
f 3355 2146 2148
f 3958 2960 3959
f 1953 3960 3961
f 3962 2429 3963
f 3811 3964 2964
f 3002 2654 2277
f 3965 2066 3966
f 2476 2098 3967
f 2919 3864 3201
f 3968 3969 2069
f 3910 3485 3909
f 1986 3213 1984
f 3269 3618 3970
f 2597 3971 2134
f 2153 3464 2154
f 3141 3131 3972
f 3973 2133 3974
f 3975 2534 3659
f 3976 2540 3977
f 3214 3978 3241
f 2456 2050 2454
f 2593 2376 2594
f 3979 3980 3981
f 3982 2959 2146
f 3983 3984 2235
f 3421 3985 3154
f 3470 3986 3987
f 3664 3869 3988
f 3928 3236 3989
f 2291 3990 2292
f 2761 2695 3991
f 3369 3992 3993
f 3019 2677 2676
f 3994 3995 2426
f 3970 3996 3269
f 3997 3998 3999
f 3655 2506 3677
f 3722 3719 3731
f 2183 3467 2181
f 4000 3767 2274
f 4001 2755 3957
f 2545 2428 2546
f 4002 2104 3215
f 2782 4001 3957
f 3240 4003 3238
f 3078 3064 2914
f 2642 3537 2640
f 2087 3390 3408
f 3860 2788 2787
f 3146 2655 2936
f 3446 4004 4005
f 4006 4007 3759
f 3162 3717 3109
f 4008 2245 2244
f 3384 2194 3287
f 3219 3790 4009
f 2377 3991 2695
f 4010 4011 2507
f 3315 2548 2547
f 4012 1982 2185
f 2662 4013 2103
f 4014 2034 2775
f 4015 2633 4016
f 3390 3374 3391
f 3383 2192 2194
f 4017 1927 3679
f 4018 3165 4019
f 4020 3742 4021
f 4022 2504 3996
f 2035 3276 2036
f 2487 2732 2759
f 2560 3272 2538
f 4023 2143 2145
f 4024 2569 1936
f 3365 3354 3366
f 3076 3054 3049
f 3048 2660 3046
f 4025 2274 2276
f 2436 3283 2353
f 3898 4026 4027
f 3808 3995 3809
f 3824 1937 2568
f 3997 3999 3427
f 3934 2396 2398
f 3025 1931 4028
f 4029 2817 3041
f 2508 4030 2029
f 3624 3612 3626
f 3614 3460 3615
f 3670 4031 3850
f 4032 4033 4034
f 3306 4035 3304
f 2329 2652 3190
f 4036 4037 3840
f 4038 2045 2044
f 3213 4039 3214
f 3894 4040 4020
f 4038 2059 2045
f 4014 2774 4041
f 3942 3166 4018
f 2995 2958 2260
f 3628 2588 3819
f 2059 2355 2057
f 4042 2497 3627
f 2712 4043 2688
f 4044 2558 3842
f 2840 3477 2751
f 3367 2489 3465
f 2724 3495 2241
f 2000 2275 1928
f 4001 2770 2798
f 2225 3178 2226
f 2896 2912 2641
f 4045 3195 2179
f 3256 3987 4046
f 3502 3538 3503
f 3808 4015 3662
f 2166 3303 2525
f 3819 3202 2498
f 3575 4047 2586
f 4048 2611 2613
f 2143 3378 4049
f 3449 3841 3840
f 4050 2390 2392
f 2894 2746 3846
f 4051 3603 3460
f 2414 3805 4052
f 2801 3037 2802
f 3346 3908 2835
f 2558 2902 2559
f 2484 3665 3650
f 3990 4053 3591
f 3883 4029 3040
f 4054 2973 4055
f 4056 3858 3397
f 3474 4057 2996
f 4058 3611 4059
f 2772 2776 2784
f 4015 2673 3662
f 4060 2939 2941
f 3922 2820 3923
f 2534 2169 3438
f 2196 2309 2197
f 2765 2795 2453
f 3988 4061 3240
f 2901 3709 3944
f 3585 4062 2876
f 4063 4064 3380
f 3871 3581 2656
f 3943 3680 3773
f 3688 3280 3854
f 3986 3519 3987
f 4065 2507 4066
f 3514 3765 3512
f 4067 4068 4069
f 3138 4070 4071
f 3943 4072 3779
f 4007 4073 3335
f 4074 4075 4076
f 4077 2795 4078
f 3001 4079 3448
f 2298 3263 3492
f 2989 3962 1949
f 2885 3657 4080
f 2550 2250 2967
f 3921 2130 4081
f 4082 3197 2628
f 3604 4083 3522
f 3736 3655 4084
f 3812 3486 3964
f 4085 3212 4086
f 3304 4087 2139
f 3006 2602 2604
f 4088 4089 4090
f 3013 4091 3478
f 1972 2385 3798
f 2806 3925 4092
f 4093 2538 2539
f 4094 1930 4095
f 3834 4096 3278
f 4017 3942 4018
f 4003 2858 2857
f 3593 2053 3594
f 3130 3113 3131
f 3676 3655 3677
f 3196 2556 4097
f 4098 4099 3333
f 2727 2706 2728
f 3853 3852 3690
f 2295 3064 2527
f 4056 3867 3868
f 4096 4100 3278
f 3912 4101 2916
f 4102 3201 3813
f 2515 3226 3016
f 2086 3417 3428
f 2004 3948 3189
f 4004 3640 3661
f 2197 2311 3125
f 4103 3605 4104
f 4105 4106 3691
f 4107 1923 1922
f 3309 3908 3307
f 3326 4087 4035
f 3950 3877 4029
f 4108 3671 2695
f 3671 3784 2530
f 2421 2447 3096
f 2474 3710 3717
f 2667 2761 3991
f 2530 3784 2696
f 4109 2592 2666
f 2605 3979 3902
f 2263 4110 1958
f 3939 4005 3934
f 4111 3683 3540
f 2101 2994 3755
f 4112 3432 4113
f 4114 2471 4115
f 2156 1915 2157
f 3856 3398 3847
f 4116 4117 3039
f 2972 2974 2636
f 3369 4118 2253
f 1984 3241 3112
f 2308 2054 2056
f 3244 2084 2858
f 4119 4120 4121
f 4122 3675 3674
f 4114 4123 3217
f 1945 3685 2077
f 3991 4124 2593
f 4125 4126 4127
f 3716 2870 2050
f 3203 3498 2589
f 3401 3391 3760
f 1959 4110 3781
f 3174 3995 4128
f 4118 2305 3700
f 2955 2317 2956
f 4088 4129 3743
f 3771 2425 2354
f 3400 3392 3391
f 3584 3103 3536
f 3271 4130 2211
f 1925 2107 4131
f 2682 3205 2683
f 3985 3392 3155
f 2035 3980 4132
f 2837 3366 2703
f 4133 2400 2170
f 2716 2570 2569
f 3053 3684 2824
f 2234 3195 3196
f 4134 4135 2391
f 3290 3530 4136
f 3903 4137 2054
f 2692 1920 2693
f 4138 2624 3835
f 4073 4139 3211
f 3371 3829 4140
f 4141 4142 4143
f 4058 3610 3841
f 4094 3025 4028
f 3712 1916 4144
f 3291 3529 4145
f 4146 2460 4147
f 3971 3904 2899
f 2378 2529 2531
f 3367 3993 3937
f 4148 4007 4099
f 2718 3617 2210
f 3355 4149 2890
f 4150 2202 3193
f 4151 4152 3526
f 4153 4154 2566
f 2047 2694 2048
f 4155 2902 4156
f 3758 4150 3192
f 3577 3026 4157
f 2099 3755 4150
f 4052 3698 2971
f 4106 4033 3529
f 3284 2579 3674
f 3382 3357 2265
f 3107 3134 3136
f 4141 3424 4158
f 3128 4159 4160
f 3200 4161 2921
f 2533 4162 3949
f 4146 4163 4164
f 3226 2822 4165
f 3181 2559 4155
f 3031 4166 4167
f 3327 4035 3543
f 4116 3510 3766
f 2947 2124 3764
f 3772 4072 4168
f 4169 4126 2495
f 4072 2153 4170
f 3790 3534 4009
f 2599 2902 2600
f 4171 3334 3335
f 2874 4039 3191
f 3744 4129 4040
f 2220 4172 2149
f 3316 3810 3809
f 3334 4173 4174
f 2139 3394 2137
f 2396 4004 3660
f 4086 4098 4073
f 4174 4173 3333
f 4175 4074 4076
f 4176 3210 4085
f 2030 2029 4065
f 4177 3609 4178
f 2968 3769 2068
f 2730 3524 2032
f 2269 4179 4180
f 3786 4181 4182
f 3106 4160 3104
f 2276 4183 4025
f 2949 2458 2457
f 3081 2203 3619
f 2496 4184 2492
f 1960 4011 4185
f 3640 3934 3661
f 3021 4186 4187
f 4188 4189 2237
f 2613 2342 4048
f 4190 2455 2780
f 3551 1939 4191
f 2524 3555 2580
f 3565 2159 3747
f 3834 3696 4096
f 3083 3113 3084
f 3934 3935 3661
f 2812 3722 2813
f 3240 3664 3988
f 2320 2678 2020
f 2274 2518 4192
f 2707 2032 2701
f 3425 4142 4151
f 2953 1926 2954
f 4193 3458 3299
f 3206 3931 3500
f 3952 3607 4194
f 2085 3408 3985
f 3880 2187 2764
f 4195 3574 4196
f 2000 3165 4183
f 4197 4198 2116
f 3490 3947 3224
f 4199 3459 4193
f 2160 4200 2380
f 4032 4201 4202
f 4203 2573 3215
f 3968 3267 4204
f 2310 3126 2311
f 3265 3919 4205
f 2795 2088 2453
f 2964 3486 2965
f 3481 3294 2963
f 4206 4207 2886
f 3575 4208 3057
f 2985 2351 2672
f 2290 2292 3506
f 3997 3426 4209
f 4063 4210 4211
f 2123 3764 2124
f 3729 3069 3730
f 4145 4105 3691
f 3867 3859 3860
f 4212 4194 3783
f 3585 4039 4062
f 4196 4213 4195
f 4214 2931 2629
f 2018 4215 2370
f 3795 2458 2948
f 3583 3573 3571
f 4131 2106 4216
f 3482 2944 4217
f 2282 2873 2854
f 2313 2640 3537
f 3925 1940 4092
f 3822 4218 1970
f 3608 4212 4075
f 2700 3038 3388
f 2582 4002 2580
f 4219 3765 3764
f 3211 4148 3212
f 4220 4040 4221
f 3546 3826 3319
f 4222 3205 3514
f 3797 4107 1973
f 2741 2729 2728
f 3891 2237 3892
f 4098 3335 4073
f 2469 4223 2467
f 3129 4160 3561
f 2409 4224 3275
f 3029 2834 3513
f 2448 2326 2328
f 3531 3406 3626
f 2927 3966 4225
f 4226 2367 2972
f 3246 3776 4079
f 3027 2341 4227
f 3792 3988 3869
f 3972 3114 3117
f 2168 3911 3439
f 2293 3101 2930
f 2211 3269 3271
f 4228 2472 2471
f 2696 2531 2530
f 4229 2555 4230
f 2472 4231 3216
f 4049 3594 3692
f 2567 4114 4115
f 3216 4231 3217
f 3739 2344 3356
f 3642 3643 2565
f 3298 4199 2357
f 3272 3968 4204
f 2115 4232 2109
f 4233 3998 1994
f 3738 4024 1938
f 2094 1965 2193
f 2110 2116 4186
f 4234 2492 2491
f 3333 4006 4174
f 4051 3624 3625
f 4173 3335 3333
f 4223 3687 3511
f 3623 3614 3613
f 1967 3209 3468
f 2925 2076 4235
f 3601 2248 2597
f 3893 4221 4236
f 2585 4237 4213
f 2150 1998 1997
f 4181 2157 4182
f 2216 3503 4238
f 4239 2712 3601
f 3686 3638 4240
f 4241 3314 3994
f 4242 2818 2820
f 3626 3144 3531
f 2100 3756 3507
f 2286 4243 2285
f 4049 2596 2144
f 2312 2046 4244
f 3226 3301 3016
f 3547 4200 2159
f 3801 2220 2092
f 3884 2017 4245
f 2953 4216 1924
f 2381 3549 3566
f 2420 3570 2713
f 4246 4192 2517
f 4063 4082 2980
f 3659 2669 3975
f 4154 3839 4123
f 2079 4080 4247
f 4031 2231 3386
f 2683 4248 2183
f 4054 4055 2590
f 4026 3830 4027
f 3169 2638 2019
f 3800 3237 3929
f 3803 3102 2876
f 4249 3994 2425
f 4250 2286 4023
f 3890 3883 3882
f 2645 3853 2646
f 2379 3568 4251
f 2934 4214 4116
f 4218 3700 3843
f 4252 2609 3605
f 3656 2480 2535
f 2797 2781 2777
f 4188 2418 2417
f 3889 3018 2979
f 2287 3682 4253
f 3839 4115 2471
f 2578 3674 2579
f 3857 3858 3868
f 2967 3768 3769
f 3831 4163 2462
f 4103 3521 3523
f 3104 4159 2812
f 2187 3879 2424
f 4112 2216 4238
f 2254 3821 3383
f 3945 2490 3262
f 1955 4254 3043
f 3720 2675 2677
f 2470 3216 3248
f 2141 2572 2574
f 4255 3647 3007
f 4006 3334 4174
f 1991 3403 2679
f 2865 2894 3846
f 2802 2848 2709
f 4125 4256 4257
f 4071 2595 2596
f 4258 2028 2030
f 2308 3229 4121
f 4222 1968 3204
f 4259 2343 2200
f 4231 2471 3217
f 1951 3961 2926
f 3017 4063 2980
f 4115 4153 2567
f 2461 4260 3830
f 2484 3652 3515
f 2373 3440 3696
f 2852 3491 2095
f 2633 2548 4261
f 3394 3393 3409
f 2063 4262 3462
f 4083 3045 2607
f 4258 4066 4263
f 2011 4264 3793
f 2449 2327 2621
f 2612 4265 2375
f 4266 4023 3837
f 3896 3881 3886
f 2147 2261 2148
f 2260 2942 2995
f 4267 4268 4269
f 2335 4198 4270
f 2911 1986 1985
f 2603 3494 3646
f 2320 3976 2062
f 2229 3751 4271
f 4097 4229 3983
f 2890 3982 3355
f 2942 2943 2146
f 3930 4272 4273
f 3182 3183 2888
f 4274 2140 2142
f 4206 4080 3657
f 2459 3749 3323
f 4275 1917 3787
f 3119 3118 1975
f 3366 2704 2703
f 3960 4140 3828
f 3931 4134 3500
f 3175 3163 3159
f 3635 4234 2491
f 3370 3826 2301
f 3428 3360 3359
f 3288 3938 3286
f 4276 4216 3653
f 3466 4277 2675
f 3176 3157 3576
f 4278 1968 1967
f 2413 2190 3951
f 1920 2423 2693
f 3520 3986 3472
f 4266 3721 4250
f 4175 4178 4279
f 3032 4242 2129
f 4280 3451 3611
f 3774 1927 1929
f 3219 3533 2215
f 3630 3397 3442
f 3184 3849 4281
f 2393 4282 4283
f 3509 3344 3507
f 2570 2211 4130
f 3471 3258 3257
f 4284 4060 3485
f 4267 3450 4285
f 2856 2842 3870
f 3314 3809 3995
f 2779 3847 4190
f 3894 4021 3895
f 1950 3963 4286
f 4287 2228 2440
f 2615 2463 2616
f 4240 3637 3811
f 3009 2244 2070
f 2687 3775 3245
f 4288 4224 2359
f 3486 2941 2965
f 4050 3501 4289
f 4290 2437 3231
f 3876 3877 3897
f 2331 4291 2653
f 2946 4292 4217
f 1915 4144 1916
f 1918 2209 1919
f 1921 3198 4286
f 2961 1922 1921
f 1921 4286 2961
f 1924 3633 1925
f 1927 1999 1928
f 1930 4028 1931
f 1935 3188 1933
f 1933 2956 4293
f 4293 2319 1933
f 2318 1934 1933
f 1933 2319 2318
f 3917 1938 1937
f 4024 1936 1938
f 1941 2610 3645
f 4191 1939 1941
f 1941 3645 4191
f 1942 2466 1943
f 1945 2077 1946
f 1948 2171 2546
f 2989 1949 1948
f 1948 2546 2989
f 3829 3373 3372
f 3372 1953 3829
f 1951 4235 2076
f 2076 1952 1951
f 3829 1953 1952
f 1954 4254 1955
f 1957 2262 1958
f 1960 4030 1961
f 1963 2501 1964
f 1966 3030 1967
f 1969 3822 1970
f 1974 3955 3873
f 3956 3873 3955
f 2383 1972 1974
f 3797 1973 1972
f 1974 3873 2383
f 1975 3933 1976
f 3187 4294 1978
f 1979 2317 1980
f 4295 2955 1980
f 1980 3187 1978
f 2317 4295 1980
f 1981 2184 1982
f 1984 3112 1985
f 3861 1989 1988
f 1988 2725 3861
f 1990 4296 1991
f 4297 1995 1994
f 1993 4298 4233
f 4233 1994 1993
f 1996 3079 1997
f 1999 4019 2000
f 2003 4111 3251
f 3249 3251 4111
f 2001 3260 2002
f 2269 2002 3260
f 2003 3251 2001
f 2004 2917 2005
f 2007 3097 2008
f 2010 3139 2011
f 2013 3254 2014
f 2018 2976 2118
f 3807 2118 2976
f 2016 2268 2017
f 4245 2017 2268
f 2018 2118 2016
f 2019 2637 2020
f 2022 4299 2023
f 2025 3221 2026
f 2028 2508 2029
f 2031 2730 2032
f 2034 3981 2035
f 2037 2940 2038
f 2040 2303 2041
f 2043 3498 2044
f 2046 3804 2047
f 2049 3716 2050
f 2011 3139 2052
f 2054 4137 2055
f 2057 2589 2058
f 1918 3836 2060
f 2062 3976 3977
f 3977 2063 2062
f 2064 2678 2062
f 3682 2289 2288
f 2288 2067 3682
f 2065 4225 3966
f 3966 2066 2065
f 3682 2067 2066
f 2068 3769 3268
f 3267 2069 2068
f 2068 3268 3267
f 1992 1991 2071
f 2061 2060 2073
f 2075 3828 1952
f 2077 2745 2078
f 2079 4247 2080
f 2082 2692 2083
f 2085 3435 2086
f 2088 2923 2089
f 2091 3801 2092
f 2094 2852 2095
f 2097 2897 2098
f 2099 3763 2100
f 2102 2582 2406
f 2405 2103 2102
f 2102 2406 2405
f 2105 3634 2106
f 2335 4270 4232
f 4197 2110 2109
f 3021 2108 2110
f 2109 4232 4197
f 4270 4197 4232
f 2111 4057 2112
f 4187 4186 3022
f 2116 4198 2114
f 2336 2114 4198
f 2115 3022 4186
f 4186 2116 2115
f 2117 2267 2016
f 2119 2379 2542
f 4251 2540 2542
f 4251 2542 2379
f 4300 3402 2121
f 2638 4300 2121
f 2119 2542 2120
f 2120 2638 2121
f 2122 3823 2123
f 2127 3539 2905
f 2905 2125 2127
f 2128 2819 2129
f 3973 2162 3989
f 3989 3236 3973
f 2132 2343 4259
f 2132 4259 2310
f 3973 3236 2131
f 2132 2310 2133
f 2133 3973 2131
f 2134 3971 4301
f 2899 2900 4301
f 2899 4301 3971
f 4217 4302 2136
f 3482 4217 2136
f 2134 4301 2135
f 2135 3482 2136
f 2137 3395 3413
f 3413 2138 2137
f 2140 2934 2141
f 2143 4049 2144
f 2146 2943 2147
f 2149 4172 2150
f 2152 4170 2153
f 2155 2439 2156
f 2158 3747 2159
f 3496 3497 2255
f 2255 2163 3496
f 2161 3928 3989
f 3989 2162 2161
f 3496 2163 2162
f 2164 2573 2165
f 2167 4101 4303
f 4303 2168 2167
f 2169 2697 2167
f 1950 4133 2170
f 2170 2399 2171
f 1948 1950 2170
f 1991 2679 2064
f 2172 2404 2173
f 2175 3488 2176
f 2316 2180 2179
f 2178 4045 2179
f 2179 2234 2316
f 2181 3484 2182
f 2184 3237 2185
f 2186 2764 2187
f 2189 3951 2190
f 2192 2094 2193
f 2195 2256 2196
f 2198 2195 2197
f 3125 2199 2198
f 2198 2197 3125
f 2201 3193 2202
f 2204 2302 2205
f 2207 2577 2208
f 2210 3616 2211
f 2215 3533 4304
f 3535 2821 4304
f 3535 4304 3533
f 4305 2440 2214
f 2516 4305 2214
f 2215 4304 2213
f 2213 2516 2214
f 2991 3480 3479
f 3479 2218 2991
f 2216 4113 3432
f 3432 2217 2216
f 2991 2218 2217
f 2219 2245 2092
f 2221 3083 2222
f 2224 3667 2225
f 2227 4306 2228
f 2230 2188 2231
f 2235 3984 2233
f 2233 2316 2234
f 3984 3231 2233
f 4189 3577 4157
f 4157 2238 4189
f 2236 2903 3892
f 3892 2237 2236
f 4189 2238 2237
f 2067 2288 2239
f 2241 3495 2242
f 2219 2968 2244
f 2246 2576 4307
f 4307 2247 2246
f 2248 2690 2246
f 2251 2151 4093
f 2150 1997 3079
f 3079 4093 2151
f 2539 2249 2251
f 2671 3768 2250
f 2151 2150 3079
f 2249 2671 2250
f 2251 4093 2539
f 2252 3992 2253
f 2255 3497 2196
f 3008 3007 2602
f 3647 2259 2258
f 2348 2257 2259
f 2258 2602 3647
f 3007 3647 2602
f 2260 2958 2148
f 2262 3551 2263
f 2264 2626 2265
f 2267 3885 2268
f 2269 4180 2270
f 2273 2849 2867
f 2867 2271 2273
f 2272 2884 2273
f 2274 4192 2275
f 2277 2655 2278
f 2280 2407 2281
f 2283 2302 2204
f 2285 3376 2143
f 2287 2239 2288
f 2290 2402 2291
f 2293 2930 2294
f 2004 2006 2296
f 2298 3492 2299
f 2301 3826 2302
f 2303 2040 2304
f 2306 2409 2307
f 2309 2133 2310
f 2312 4244 2313
f 2315 2910 2316
f 2317 1979 2318
f 2320 2541 2321
f 3542 2325 2324
f 2323 3094 2324
f 3095 2324 3094
f 2326 2910 2327
f 2329 3189 2330
f 2330 4291 2331
f 3189 3948 2330
f 2332 3669 2333
f 2335 4232 2114
f 2339 3329 2337
f 3351 2337 3329
f 2340 4227 2341
f 2132 2131 2184
f 2184 1981 2343
f 2131 3237 2184
f 2344 3824 2345
f 2347 2915 2257
f 2349 3277 2350
f 2352 3277 2353
f 2355 4038 2044
f 2356 3298 2357
f 2306 2308 4121
f 4120 2359 2306
f 2306 4121 4120
f 2361 3750 3436
f 3436 2362 2361
f 2188 2230 2365
f 2364 3600 2365
f 2365 2186 2188
f 2368 4226 2366
f 2366 2591 4308
f 4308 4055 2366
f 2973 2367 2366
f 2366 4055 2973
f 2370 4215 2267
f 3884 3885 4215
f 2267 2117 2370
f 2975 2369 2117
f 4215 3885 2267
f 3441 2373 2372
f 3834 2371 2373
f 2340 2342 2374
f 2376 4124 2377
f 2072 3463 2379
f 2380 4200 2381
f 2399 2385 2384
f 2383 3873 2384
f 2384 2171 2399
f 2387 2241 2243
f 2243 3874 2386
f 3832 3833 4045
f 4045 2178 3832
f 2388 2448 2450
f 2450 2389 2388
f 3832 2178 2389
f 2390 4134 2391
f 2393 4283 2394
f 2396 3660 2397
f 2399 2170 2400
f 3505 2403 2290
f 3693 2402 2403
f 2290 4309 3505
f 2404 2663 2405
f 2407 2893 2408
f 2409 3275 2410
f 2411 2987 2412
f 2414 4052 2415
f 2236 2238 2417
f 2419 3583 2420
f 1919 2463 2422
f 2188 2187 2424
f 2425 3994 2426
f 2428 2960 2429
f 2431 4310 2432
f 2434 3866 2435
f 2315 3232 2437
f 3788 3787 4181
f 1917 1916 2439
f 3713 2439 1916
f 2155 4181 3787
f 3787 1917 2155
f 2442 3219 2215
f 2214 2440 2442
f 2442 2215 2214
f 2445 2901 3705
f 3944 3703 3705
f 3944 3705 2901
f 4068 4067 2444
f 3018 4068 2444
f 2445 3705 2443
f 2443 3018 2444
f 2446 3429 2177
f 2177 2176 2446
f 2448 2328 2449
f 2111 2113 2451
f 2090 2785 2453
f 2454 2647 2455
f 2026 3221 2457
f 2363 3150 2459
f 3899 2544 4026
f 2462 4163 2460
f 4147 2460 4163
f 2461 4026 2544
f 2544 2462 2461
f 1919 2209 2208
f 2466 3265 4205
f 4205 2464 2466
f 2465 1943 2466
f 2467 2868 2468
f 2470 3839 2471
f 2473 3727 2474
f 2478 3926 4311
f 2806 2808 3926
f 4311 2476 2478
f 3967 2477 2476
f 3926 2808 4311
f 2479 4312 2480
f 2482 3669 2332
f 2010 4313 2484
f 2486 3524 2487
f 2303 3465 2489
f 2490 2561 1996
f 4125 4127 4184
f 4169 2493 2492
f 3635 2491 2493
f 2492 4184 4127
f 4127 4169 2492
f 4126 4257 4256
f 4256 2496 4126
f 4234 3636 2494
f 2494 2496 4234
f 4126 2496 2495
f 2497 4042 2498
f 2500 3288 2501
f 2502 2090 2089
f 2504 4314 2505
f 4011 1962 1961
f 1961 2508 4011
f 2028 4263 4066
f 4066 2507 2028
f 4011 2508 2507
f 2511 3127 2509
f 2509 3727 2510
f 2512 2473 2475
f 2514 3287 2194
f 2515 2024 2516
f 2517 4192 2518
f 2520 3180 2521
f 2523 3556 2524
f 2526 2295 2527
f 2529 3671 2530
f 2532 4315 2533
f 2537 4100 2535
f 3695 3694 2535
f 2535 2480 2536
f 4312 3802 4044
f 4044 2480 4312
f 4100 3695 2535
f 2480 4044 2536
f 2538 2670 2249
f 2120 2542 2541
f 2540 2321 2541
f 2541 2637 2120
f 2543 3831 2462
f 2171 2384 2545
f 2549 4015 3810
f 3810 2547 2549
f 2219 2220 2149
f 2553 4209 2551
f 2551 1995 4297
f 4297 1994 2551
f 3998 2552 2551
f 2551 1994 3998
f 2554 2620 2555
f 2557 3842 2558
f 2560 1996 2561
f 2098 3552 2262
f 1943 2465 2563
f 4114 2567 2566
f 2565 3643 2566
f 2566 4154 4114
f 2570 4130 2568
f 3735 3736 4084
f 4084 3676 3735
f 2568 1937 1936
f 1936 2569 2568
f 4130 3735 3676
f 3676 2568 4130
f 2572 2165 2573
f 2639 4316 2224
f 2226 3178 2522
f 4317 2520 2522
f 2522 2639 2224
f 3178 4317 2522
f 2246 2690 2575
f 2575 3927 2576
f 2690 2689 2575
f 2577 3172 2578
f 2580 3555 2581
f 2583 2966 2165
f 2093 2092 2245
f 2096 2095 3492
f 3263 1963 2096
f 2096 3492 3263
f 2587 4047 2585
f 2585 4213 4318
f 4318 4196 2585
f 3574 2586 2585
f 2585 4196 3574
f 2588 3203 2589
f 2366 2636 2590
f 2592 4109 2593
f 2595 3525 2144
f 2597 2248 2247
f 2602 2258 2603
f 2035 4132 2605
f 2607 3045 2608
f 2014 3223 2610
f 2611 4265 2612
f 2614 3920 2615
f 2617 2512 2618
f 3121 2389 2450
f 2450 2449 3121
f 2622 4290 4230
f 2622 4230 2555
f 3121 2449 2621
f 2622 2555 2620
f 2620 3121 2621
f 2625 3181 2599
f 4155 4156 3181
f 2599 2623 2625
f 2372 2371 2623
f 3835 2624 2623
f 3181 4156 2599
f 2623 2371 3835
f 2626 4319 2627
f 2629 2932 2630
f 4261 2634 2633
f 2632 4016 2633
f 2366 4226 2635
f 2637 2019 2638
f 2521 3827 2639
f 2640 2694 2641
f 2815 2644 2643
f 2273 2884 2643
f 3280 2647 2646
f 2646 3854 3280
f 2648 4320 2649
f 2651 3190 2652
f 2654 2936 2655
f 3532 2658 2657
f 2656 3580 2657
f 2659 3745 2660
f 2662 2103 2405
f 2513 2475 2664
f 2761 2667 2594
f 2666 2592 2594
f 2594 2376 2761
f 2668 3190 2651
f 2670 3268 2671
f 2673 4016 2632
f 2632 2985 2672
f 1971 1970 2040
f 4218 3843 2304
f 2304 2040 1970
f 2042 2300 1971
f 2299 3491 2674
f 1970 4218 2304
f 2300 2299 2674
f 1971 2040 2042
f 2675 4277 2676
f 2679 3403 4321
f 3621 2678 2679
f 2679 4321 3621
f 2681 4122 3901
f 2578 3172 4122
f 2074 2073 2681
f 3172 3901 4122
f 3791 2680 3589
f 3589 3588 3791
f 2681 3901 2074
f 2073 3589 2680
f 2183 2182 2682
f 2684 3475 2685
f 1944 1943 2564
f 2688 4043 4292
f 2962 2689 2688
f 2688 4292 2962
f 2422 2615 3920
f 2691 3238 2692
f 4003 2857 2083
f 2083 2692 3238
f 2693 2423 2691
f 2422 3920 2423
f 3238 4003 2083
f 2423 3920 2691
f 2640 4244 2048
f 2530 3671 2695
f 2297 2296 4101
f 4101 2167 2297
f 2697 3948 2297
f 2698 2844 2699
f 3345 2703 2705
f 2705 3329 3345
f 2644 2802 2709
f 2709 2849 2273
f 2712 2688 2690
f 2713 3570 2714
f 2718 2210 2716
f 2716 4024 2717
f 2210 2212 2716
f 2719 2780 2720
f 3848 2723 2722
f 2051 2456 2722
f 2724 2387 2725
f 3123 2736 2735
f 2734 3737 2735
f 2743 3342 2744
f 3317 2748 2747
f 2746 2878 2747
f 2280 2747 2878
f 1987 2752 1988
f 2751 2726 1988
f 2756 3133 2881
f 2881 2757 2756
f 2761 2376 2378
f 2763 3820 2764
f 2764 2186 2765
f 3820 3880 2764
f 2733 2760 2766
f 2766 2793 2792
f 2792 2767 2766
f 2768 2789 2719
f 2770 2797 2771
f 2773 2847 2774
f 2780 2719 2778
f 2778 3442 3443
f 3443 2779 2778
f 2784 2754 2753
f 2753 2749 2772
f 2785 2090 2502
f 3715 2787 2789
f 2789 3331 3715
f 2791 3352 2337
f 3364 2337 3352
f 2794 4078 2795
f 2742 2741 2728
f 2701 2702 2708
f 2805 2913 2803
f 2804 3049 2805
f 2806 4092 2807
f 2734 2736 2813
f 2813 3723 2734
f 2816 3041 2817
f 2128 3921 3923
f 3923 2820 2128
f 2818 3031 3033
f 3033 2819 2818
f 2128 2820 2819
f 2515 2213 2823
f 4304 2821 2823
f 2823 2213 4304
f 2824 3684 2825
f 2827 3117 2828
f 2832 3434 3412
f 3412 2830 2832
f 1966 1968 2833
f 3342 2837 2836
f 3346 2835 2837
f 2838 2905 2839
f 2773 2036 2846
f 2846 4288 2847
f 2036 3276 2846
f 2138 3413 2832
f 3433 2832 3413
f 2192 1969 2852
f 2084 2083 2857
f 3348 2859 3349
f 3592 2705 2859
f 2704 3349 2859
f 3055 2864 2863
f 2862 3053 2863
f 2868 2039 2038
f 2454 2050 2870
f 2871 3375 2850
f 2345 3677 2506
f 3803 2876 2875
f 4062 2874 2876
f 3630 2778 3631
f 2719 2789 2778
f 2788 3631 2778
f 3127 2511 2880
f 2880 3718 3127
f 2883 3171 2757
f 2757 2881 2883
f 4207 2393 2395
f 2395 2887 4207
f 2885 2079 2081
f 2081 2886 2885
f 4207 2887 2886
f 3982 2890 2889
f 2888 3183 2889
f 2889 2957 3982
f 2641 2694 2895
f 2897 2097 2013
f 2013 2898 2897
f 2478 2477 2897
f 3927 3296 3295
f 3295 2900 3927
f 2899 3904 4307
f 4307 2576 2899
f 3927 2900 2576
f 2266 3358 2901
f 2479 2481 2600
f 1978 1934 2318
f 2903 2236 2418
f 2907 3888 2125
f 2125 2905 2907
f 2908 4261 2548
f 2910 2315 2438
f 2911 2642 2641
f 2913 3078 2914
f 2258 2257 2915
f 2669 2918 2917
f 2916 2005 2917
f 2917 2668 2669
f 2921 4161 2919
f 3034 3865 4161
f 2919 4102 2920
f 3411 2920 4102
f 4161 3865 2919
f 2924 4077 3851
f 3851 2922 2924
f 2923 2088 2924
f 2925 4235 1951
f 2927 4225 2065
f 2929 3055 2294
f 2931 3708 2932
f 2933 4322 2934
f 2654 3175 2935
f 2937 2617 2938
f 2942 2261 2147
f 2944 3907 2945
f 2947 3794 2948
f 2950 3093 2323
f 2952 3654 2953
f 1933 1980 2955
f 2957 3825 2958
f 2477 3967 2098
f 3958 1974 1973
f 1973 4107 3958
f 2961 4286 3963
f 2961 3963 2429
f 3958 4107 1922
f 2961 2429 2960
f 2960 3958 1922
f 2962 4292 2946
f 2945 2963 2962
f 2962 2946 2945
f 2966 3302 2166
f 2219 2550 2967
f 2969 4323 2970
f 2972 2367 2973
f 2975 3807 2976
f 2977 2911 1985
f 2979 3017 2980
f 2984 3067 3066
f 3066 2982 2984
f 2985 2632 2634
f 2987 2411 2469
f 2469 2468 2986
f 2986 2988 2987
f 2939 4324 3910
f 4284 3910 4324
f 2191 2190 2988
f 2412 2987 2988
f 2988 2939 2191
f 3910 2191 2939
f 2546 2428 2430
f 2990 3480 2991
f 2993 3047 3619
f 3619 2203 2993
f 2146 2959 2995
f 2111 2452 4325
f 4325 3235 2111
f 3234 2996 2111
f 2997 4057 2111
f 2111 3235 3234
f 1954 1956 2998
f 3000 2649 3001
f 3002 2277 2279
f 2039 2868 3004
f 2038 2940 2939
f 2550 2149 2151
f 2976 2018 2370
f 3006 4255 3007
f 2069 3969 3009
f 2043 2045 2059
f 3010 3455 3011
f 3013 3478 3014
f 3016 2022 2024
f 3017 2979 3018
f 2285 4243 3019
f 3021 4187 3022
f 3000 3025 3024
f 3023 3919 3024
f 3024 3379 3000
f 2415 4326 2970
f 2970 4323 2416
f 4327 2416 4323
f 2238 4157 3026
f 2340 2375 4328
f 4328 4265 2340
f 2611 3027 2340
f 3028 4227 2340
f 2340 4265 2611
f 3029 3924 3030
f 3031 4167 3032
f 3034 4161 3035
f 2699 2845 3037
f 2934 4116 3039
f 3040 4029 3041
f 3043 3816 2431
f 3044 3778 2608
f 3046 2362 3047
f 3052 3338 3050
f 3051 2791 3052
f 2146 2942 2261
f 2803 2914 2863
f 2863 2804 2803
f 2585 4047 3056
f 3058 2312 2314
f 3060 3572 3061
f 2929 3063 2864
f 3087 2862 3063
f 2180 2316 2910
f 2910 2326 2180
f 2388 2178 2180
f 2824 3049 2804
f 3068 4329 3069
f 2387 2386 2907
f 3887 2907 2386
f 2560 4093 3079
f 3082 3061 3080
f 3080 3192 3194
f 3194 3081 3080
f 3146 3085 3084
f 3149 3083 3085
f 2525 3303 3089
f 3090 3168 3091
f 2551 3427 1993
f 3353 2799 2783
f 2776 2777 2783
f 2781 2783 2777
f 2419 2421 3096
f 2951 3086 3063
f 3063 2929 2950
f 2080 4206 2886
f 2710 2742 2800
f 2708 2702 2710
f 2933 2140 2662
f 2643 2272 2271
f 2271 2844 2643
f 3103 3586 3102
f 3102 3058 3059
f 3104 2736 3105
f 3110 3162 3109
f 3105 2736 3110
f 3111 2978 1985
f 2206 2205 3595
f 3595 3115 2206
f 3068 3070 3118
f 2620 2554 3120
f 3120 3832 2389
f 2389 3121 3120
f 3122 3110 3123
f 2749 2753 2750
f 2031 2033 2753
f 3125 2311 3126
f 3127 3718 3128
f 2711 2702 2738
f 2767 2792 2738
f 3138 4071 2052
f 3142 2618 2512
f 3614 3145 3613
f 3090 3143 3145
f 3144 3613 3145
f 3857 3147 2723
f 2049 2051 3147
f 2702 2486 2488
f 2488 2733 2767
f 3046 2660 3150
f 3135 2758 2757
f 2757 3171 3170
f 3170 3151 2757
f 2906 3419 3152
f 3154 3985 3155
f 3162 3110 3160
f 3122 3160 3110
f 3142 3161 3160
f 2152 2154 3780
f 3464 4330 4025
f 4000 4025 4330
f 4183 3165 2154
f 3166 3780 2154
f 2154 3464 4183
f 4025 4183 3464
f 3168 3010 3012
f 3167 3310 3168
f 2021 3622 3169
f 2207 3901 3172
f 3173 2427 2426
f 3180 2520 3178
f 4317 3178 2520
f 3179 4331 3180
f 2625 3699 2557
f 3182 4149 2889
f 3184 4281 3185
f 3188 1935 1934
f 1934 1978 3188
f 3189 2329 3190
f 2047 3804 3191
f 2875 2874 3191
f 3191 3213 2895
f 4332 3906 2896
f 2896 3213 4332
f 3804 2875 3191
f 3213 2896 2895
f 3192 4150 3193
f 3195 3120 2554
f 2626 2628 3197
f 2931 4322 2933
f 3198 1921 2400
f 3814 3813 3312
f 3201 3864 3035
f 3036 3035 3864
f 3200 3312 3201
f 3813 3201 3312
f 2499 2498 3202
f 3204 4278 2683
f 2391 4135 3206
f 3930 3932 4135
f 3206 3499 2392
f 4050 2392 3499
f 4135 3932 3206
f 3207 3815 3208
f 3210 4176 3211
f 2533 3949 2697
f 2164 4002 3215
f 3216 2472 2471
f 2442 4271 3218
f 2025 3318 3220
f 2014 3254 3222
f 2584 4008 3452
f 3009 3969 4008
f 3454 3224 2584
f 3969 3452 4008
f 2091 2093 3947
f 3947 3946 2091
f 2584 3452 3454
f 3224 3947 2093
f 1982 3726 3225
f 3226 4165 3227
f 3229 2056 2055
f 2315 2233 3231
f 3233 3473 3234
f 3236 3929 3237
f 3238 2691 3239
f 2858 4061 3242
f 3242 3792 3243
f 3244 2858 3242
f 3444 1944 3247
f 2687 3245 3247
f 3247 1944 2687
f 3217 4123 3248
f 3249 3541 3250
f 2026 2458 3252
f 3254 2013 2097
f 3782 3255 3254
f 3254 2097 3782
f 3256 3520 3257
f 3259 4179 3260
f 1998 4172 3261
f 3261 3801 3262
f 2490 1998 3261
f 2500 1963 3263
f 2057 2059 2045
f 3265 2466 1942
f 2670 4204 3267
f 3269 3996 3270
f 3272 4204 2670
f 2060 3836 3273
f 3275 4224 4288
f 2846 3276 3275
f 3275 4288 2846
f 2349 2985 2436
f 2436 2353 2349
f 2985 2434 2436
f 3278 4100 2537
f 2848 3037 2845
f 2720 2647 3281
f 3280 3862 3281
f 3282 2519 2518
f 3283 3771 2354
f 3284 2614 2616
f 3286 3937 3287
f 3993 3992 2252
f 2252 3384 3993
f 3287 2514 3288
f 1964 2501 2514
f 3937 3993 3384
f 2501 3288 2514
f 3937 3384 3287
f 2599 2601 3289
f 3290 4136 3291
f 2103 4013 3293
f 3294 3785 3295
f 2686 2685 2356
f 3299 3458 3297
f 3639 3297 3458
f 3298 2356 3299
f 2685 3299 2356
f 3300 4287 4299
f 2022 3016 3300
f 3300 4299 2022
f 3302 2966 3766
f 3510 2631 3302
f 3302 3766 3510
f 3304 2138 3305
f 3086 2951 2325
f 2325 3066 3086
f 3596 3311 2284
f 3310 2283 2284
f 3312 3200 2921
f 3308 3051 3050
f 3050 3313 3308
f 3314 4333 3315
f 3289 3441 2372
f 3317 2814 2815
f 2025 3924 3029
f 3587 3321 3320
f 3319 3370 3320
f 3748 3324 3323
f 3323 3749 3748
f 3325 2830 3326
f 3071 2825 3067
f 3281 3863 3688
f 3688 3331 3281
f 3333 4174 3334
f 3341 3152 3339
f 3339 3040 3042
f 3042 3340 3339
f 3753 3344 3343
f 2659 2661 3344
f 2866 2845 2844
f 2844 2271 2866
f 3347 3685 3348
f 3142 2513 2665
f 2339 2338 3364
f 3364 3352 2339
f 3330 3350 2339
f 3353 2710 2711
f 3163 3164 3159
f 2827 3177 3164
f 3157 3159 3164
f 2958 3825 3355
f 2344 2346 2505
f 2266 2265 3357
f 3325 3359 3361
f 3361 2830 3325
f 3363 3718 2735
f 3733 2735 3718
f 3870 2842 2809
f 2809 2811 3870
f 2819 3033 3032
f 3367 3465 3368
f 2281 2408 2843
f 2301 3310 3167
f 3371 3960 3372
f 3770 3049 3073
f 3073 3072 3770
f 3376 3666 3377
f 2649 3000 3379
f 3382 3197 3380
f 3380 4064 3381
f 3197 4082 3380
f 2252 2254 3383
f 3385 3143 3090
f 2922 3851 3850
f 3850 4031 2922
f 3387 3878 2503
f 3387 2503 2089
f 2922 4031 3386
f 3387 2089 2923
f 2923 2922 3386
f 2860 2865 2861
f 2700 3388 2865
f 3132 3133 3389
f 2223 3108 3114
f 2738 2793 2766
f 2766 2731 2738
f 3397 3858 3398
f 3169 3622 4300
f 4321 3403 3402
f 4296 1990 3403
f 3402 4300 4321
f 3622 4321 4300
f 3338 3052 2859
f 3592 2859 3052
f 1945 1947 2859
f 3602 3406 3321
f 3546 3319 3406
f 2483 3330 3352
f 3352 2791 2483
f 3411 3814 3312
f 3395 3410 3412
f 3412 3434 3433
f 3433 3413 3412
f 3414 3558 3415
f 3883 3339 3882
f 3152 3419 3339
f 3420 3882 3339
f 3423 4158 3424
f 2551 4209 3426
f 3404 3428 3407
f 3359 3325 3407
f 3430 2175 2177
f 3429 2658 3430
f 3431 3538 2217
f 2828 3108 2883
f 3151 3170 2883
f 3569 2362 3437
f 3436 3761 3437
f 3438 2169 2168
f 3435 2085 3421
f 2964 2037 2039
f 3289 3656 3440
f 2452 2451 3233
f 4334 3233 2451
f 3235 4325 2452
f 3442 3397 3399
f 3250 3259 2001
f 3444 3845 1942
f 3445 3641 3446
f 3273 3836 2082
f 2464 4205 4095
f 4095 1930 2464
f 3448 4079 3776
f 3448 3776 2563
f 2464 1930 1932
f 3448 2563 2465
f 2465 2464 1932
f 3449 4285 3450
f 3022 2115 2109
f 3452 3968 3453
f 3455 3461 3456
f 3457 3639 3458
f 3460 3603 3456
f 2072 2071 3462
f 2684 2686 2356
f 2303 2305 3368
f 3466 4313 2010
f 3467 4248 3468
f 3470 4335 3471
f 3220 2122 2457
f 3473 3233 2113
f 2113 2112 4336
f 4336 3474 2113
f 3233 2451 2113
f 3475 4193 3299
f 2012 3915 3476
f 2726 2751 3477
f 2990 3502 3479
f 3481 3907 3482
f 1992 2072 2119
f 2121 3402 1992
f 1992 2119 2121
f 2181 3467 3208
f 3469 3208 3467
f 3632 3253 3484
f 3208 3815 2181
f 3484 2181 3815
f 3795 3483 3252
f 3253 3252 3483
f 3484 3815 3632
f 3485 4060 3486
f 3488 2008 3489
f 2512 2617 2937
f 2561 3945 3490
f 3491 2299 3492
f 2649 4320 3493
f 2580 4002 2164
f 2275 4246 1929
f 2347 2348 2259
f 4067 3697 2264
f 2264 2266 2445
f 2444 4067 2264
f 2839 3539 3495
f 3496 3974 2196
f 3247 3246 2650
f 2650 3379 3444
f 3246 2648 2650
f 2058 2589 3498
f 3293 4203 3215
f 3499 3206 3500
f 2036 2773 2775
f 2218 3479 3502
f 3504 2403 3505
f 3507 3756 3508
f 3510 4214 2629
f 2868 2467 3004
f 4223 3511 2467
f 3512 4219 3796
f 2123 3823 4219
f 3741 3513 3512
f 3823 3796 4219
f 4222 3514 2834
f 2834 2833 4222
f 3512 3796 3741
f 3513 2834 3514
f 2485 2484 3515
f 2414 2416 4327
f 4327 4323 2414
f 2969 3517 2414
f 3518 3806 2414
f 2414 4323 2969
f 3474 2996 3234
f 2891 2407 2280
f 3256 4337 3519
f 3521 3604 3522
f 2701 2032 3524
f 3525 3838 2145
f 4141 4158 4152
f 3423 3527 3526
f 3184 3186 3527
f 3526 4152 3423
f 4158 3423 4152
f 3149 3132 2222
f 3528 4106 3529
f 3345 3329 3328
f 3544 3531 3143
f 3143 3595 3544
f 3533 4009 3534
f 2935 3175 3158
f 3059 2314 3536
f 2313 3537 3536
f 3916 2977 2978
f 2978 3111 3916
f 3536 3103 3059
f 2314 2313 3536
f 3916 3111 3537
f 3538 2992 2991
f 2242 3495 3539
f 3249 4111 3540
f 3542 2805 3054
f 2782 3957 2769
f 3390 3405 3374
f 3543 3306 3374
f 2637 2541 2320
f 3544 3595 3545
f 3552 2476 4311
f 4311 3550 3552
f 3551 2262 3552
f 3089 2630 2932
f 2932 2523 3089
f 2174 2173 3556
f 3872 2581 3555
f 3556 2523 3708
f 2932 3708 2523
f 2173 3872 3555
f 3556 3708 2174
f 3415 3558 3557
f 2714 3571 3557
f 3573 3557 3571
f 3727 2509 3562
f 3129 3561 2509
f 3462 4262 3568
f 2433 2432 1956
f 4338 2998 2432
f 1956 1955 4339
f 4339 3043 1956
f 2432 2998 1956
f 3061 3082 3569
f 3338 3337 3313
f 3061 3572 3080
f 3508 3757 3080
f 3758 3080 3757
f 3574 4208 3575
f 3559 2713 3563
f 2715 3564 3563
f 3148 3576 3177
f 3177 2881 3148
f 3577 4189 3578
f 3076 3099 2982
f 2982 3066 3076
f 3582 3279 2537
f 3086 3066 3065
f 3754 3509 3572
f 3572 3748 3754
f 3584 3978 3585
f 3012 3011 3320
f 3320 3167 3012
f 2041 2298 2300
f 3274 3243 3588
f 3504 3506 3590
f 3592 3052 2790
f 3404 3407 3405
f 3327 3543 3407
f 3378 3377 3593
f 3307 2791 3051
f 3310 3311 3597
f 3620 3597 3311
f 2826 2825 3071
f 2186 2365 2796
f 3600 2794 2796
f 2796 2765 2186
f 2136 4302 3601
f 3601 2597 2134
f 4302 4239 3601
f 3401 3375 3422
f 2871 3422 3375
f 3154 3156 3422
f 2994 3343 2993
f 2661 3048 2993
f 2830 3412 3409
f 3409 3393 2830
f 2609 2608 3777
f 3778 3777 2608
f 3604 3521 3605
f 4104 3605 3521
f 2609 3777 3604
f 3311 3596 3116
f 3116 3115 3311
f 3606 3620 3311
f 4074 4279 4178
f 4178 3609 4074
f 3607 3954 3953
f 3953 3608 3607
f 4074 3609 3608
f 3415 3430 3532
f 3451 3450 4268
f 4269 4268 3450
f 4036 3610 3451
f 4059 3611 3610
f 3451 4268 4036
f 3168 3090 3145
f 3145 3615 3599
f 3599 3010 3145
f 3616 2210 3617
f 3082 3081 3619
f 3047 2362 3082
f 2020 2678 3621
f 3621 4321 3622
f 2021 2020 3621
f 2588 3628 2499
f 3627 2497 2499
f 2499 3203 2588
f 3629 4056 3630
f 2027 2026 3253
f 2105 1925 3633
f 3635 2493 2494
f 2189 3909 3637
f 3457 4199 3297
f 3941 3706 3445
f 3707 3640 3445
f 3445 3706 3707
f 3642 4153 2566
f 3645 2610 3222
f 3223 3222 2610
f 3255 3781 3644
f 4110 3644 3781
f 3645 3222 3255
f 3646 3494 2259
f 2980 4082 3648
f 3648 4069 3649
f 2981 2980 3648
f 3650 3721 3651
f 2952 4276 3653
f 3270 3996 2504
f 2425 2427 2352
f 2601 2571 3656
f 2887 2395 2394
f 3438 3439 3658
f 3660 4004 3661
f 2351 3662 2672
f 3663 3173 3808
f 3174 4128 3173
f 3808 3662 3663
f 2673 2672 3662
f 2350 3662 2351
f 4128 3808 3173
f 2010 2485 3138
f 3664 3239 2614
f 3665 4313 3466
f 3376 2285 3020
f 3097 3096 3489
f 3615 3460 3461
f 3668 3827 2521
f 2521 3180 4331
f 4331 3179 2521
f 2225 3667 2521
f 2521 3179 2225
f 3307 3908 3669
f 3637 3909 3485
f 3670 2364 2230
f 2529 2377 2695
f 3672 4223 2413
f 2413 3951 3673
f 4223 2411 2413
f 3664 3284 3674
f 3678 4017 3679
f 2015 2014 1941
f 3681 4253 3682
f 2164 2166 2525
f 2003 2002 2270
f 3065 3067 2825
f 2223 2222 3389
f 2240 2239 3681
f 2287 4253 2239
f 3681 3965 2928
f 2927 2928 3965
f 2239 4253 3681
f 3685 2743 2745
f 3672 3673 3686
f 3690 3852 3331
f 3331 3688 3690
f 3291 4145 3691
f 4071 2596 3692
f 3692 3594 2053
f 2052 4071 3692
f 3693 2403 3504
f 3504 3591 4340
f 4340 4053 3504
f 2291 2402 3504
f 3504 4053 2291
f 4096 3696 3695
f 3440 3694 3696
f 3697 4319 2626
f 3698 3517 2969
f 3699 4341 3279
f 2933 2663 2404
f 3702 2254 2253
f 4118 3700 3702
f 3702 2253 4118
f 2443 3705 3704
f 3703 4210 3704
f 3704 3017 2443
f 3939 3707 3447
f 3706 3913 3447
f 3447 3446 3939
f 3708 2931 2172
f 2065 2067 2240
f 3357 4342 3709
f 2754 2784 2799
f 2799 2731 2754
f 3711 3138 2485
f 2023 4305 2516
f 3712 2156 2439
f 4012 3714 2256
f 2163 2255 2256
f 2256 2195 4012
f 3152 3341 3074
f 2892 2891 2877
f 2841 2861 2809
f 3388 2810 2809
f 3715 3331 3716
f 3650 3665 3720
f 2438 2437 4290
f 2622 2621 2438
f 2438 4290 2622
f 3140 2279 2278
f 2198 2200 3726
f 3726 4012 2195
f 2200 3225 3726
f 3876 3728 2752
f 2840 2751 3728
f 2334 2333 3329
f 3329 2339 2334
f 1976 3933 3729
f 3723 3732 3363
f 3363 3362 3737
f 3737 2734 3363
f 2869 2748 3317
f 2680 3869 3675
f 2175 3430 3557
f 3415 3557 3430
f 2007 2009 3557
f 2838 3734 3419
f 3419 2905 2838
f 3735 3271 3270
f 2489 3264 2298
f 3597 3606 3115
f 3115 3595 3597
f 3740 2717 3738
f 3738 3918 3739
f 3318 3029 3513
f 2160 2658 3429
f 3564 2715 3558
f 3558 3548 3564
f 2401 2400 1921
f 2656 2658 2382
f 2382 3553 2656
f 3744 4220 4021
f 3893 3895 4220
f 4021 3742 3744
f 4088 3743 3742
f 4220 3895 4021
f 3745 3749 3150
f 2668 2917 2004
f 2409 2306 2360
f 3088 2325 3542
f 2447 3560 2446
f 3747 2158 2446
f 3564 3548 3547
f 3087 3065 3684
f 2229 2228 4287
f 3300 3301 3751
f 2229 4287 3300
f 3301 3936 3751
f 3224 3454 3453
f 3117 2827 3164
f 3164 3002 3003
f 3003 3141 3164
f 3559 3563 3560
f 3565 3747 3563
f 3108 3107 3136
f 3136 3135 3151
f 3324 3762 3761
f 3761 3436 3324
f 3750 3322 3324
f 2831 3361 2871
f 2913 2805 2324
f 3542 2324 2805
f 2526 2528 2324
f 3759 4007 3335
f 3375 3401 3760
f 3305 2138 3375
f 2682 2947 3764
f 2583 4117 3766
f 3030 3924 3207
f 3767 4330 3464
f 3768 2671 3268
f 2982 3099 3098
f 3098 3770 2982
f 3072 2983 2982
f 3283 2435 2909
f 3866 2908 2909
f 2909 3315 3771
f 4333 4241 4249
f 4249 3315 4333
f 2435 3866 2909
f 3315 4249 3771
f 3772 4168 3773
f 3775 2564 2563
f 3044 4083 3777
f 3780 3942 3779
f 3779 4170 2152
f 2097 1957 3782
f 1959 3781 3782
f 3782 1957 1959
f 3783 4194 3607
f 3784 4108 2695
f 3718 3363 3731
f 3731 3719 3718
f 3481 2135 3785
f 4301 2900 3785
f 3785 2135 4301
f 3786 4275 3787
f 3789 3900 4343
f 4343 3790 3789
f 3218 3936 3789
f 2968 2068 2070
f 3791 3588 3243
f 3666 3020 3476
f 3019 2676 4277
f 4277 3476 3020
f 3915 3793 3666
f 4264 3593 3377
f 3020 3019 4277
f 3793 4264 3377
f 3666 3476 3915
f 3794 3483 3795
f 2624 4341 3699
f 3796 3220 3318
f 3797 1972 3798
f 2185 3800 3714
f 2161 2163 3714
f 3714 4012 2185
f 2091 3946 3262
f 3802 4312 2479
f 2407 2891 2892
f 3803 2875 3804
f 2810 3388 3038
f 3806 3518 3517
f 3517 3698 3805
f 4344 3805 3698
f 2975 2117 2118
f 3811 3637 3487
f 3411 4102 3813
f 2581 3872 2406
f 2798 2749 2727
f 2027 3632 3815
f 2731 2766 2759
f 2759 2732 2731
f 1954 2999 4345
f 4345 4310 1954
f 2431 3816 1954
f 3817 4254 1954
f 1954 4310 2431
f 2677 4243 3818
f 3818 4250 3721
f 3720 2677 3818
f 3498 3202 3819
f 2763 2765 2453
f 2785 2786 2763
f 2763 2453 2785
f 3821 3702 3701
f 3220 3796 3823
f 3824 2568 3676
f 2889 4149 3825
f 3545 2205 2302
f 2639 3827 2224
f 3668 3667 3827
f 3828 4140 3829
f 4260 4146 4164
f 4164 3831 4260
f 2543 3898 4027
f 4027 3830 2543
f 4260 3831 3830
f 3832 3120 3195
f 3834 4138 3835
f 3111 3241 3584
f 2518 3767 3015
f 3285 2616 2463
f 2208 2577 3285
f 3285 2463 2208
f 1918 1920 2082
f 3838 3525 3711
f 2595 4070 3525
f 3516 3515 3838
f 4070 3711 3525
f 4266 3837 3652
f 3652 3651 4266
f 3838 3711 3516
f 3515 3652 3837
f 3248 4123 3839
f 2182 3484 3483
f 3610 4036 3840
f 3842 2557 3699
f 2305 2304 3843
f 3844 3266 1942
f 3148 2881 3132
f 2698 3846 2748
f 2748 2844 2698
f 1918 2061 2207
f 2722 2455 4190
f 4190 3847 2722
f 3209 3208 3469
f 1969 1971 2674
f 3527 3423 3425
f 3851 4077 2794
f 4078 2794 4077
f 3600 2364 3851
f 3670 3850 2364
f 3851 2794 3600
f 2754 2731 2730
f 3437 3762 3324
f 3324 3748 3437
f 3772 3774 3282
f 2742 2710 2783
f 3353 2783 2710
f 2782 2740 2783
f 2727 2750 2706
f 2033 2707 2706
f 3089 3303 2631
f 2882 3177 2827
f 3421 3422 3418
f 2871 3361 3422
f 3360 3418 3422
f 3857 3860 3147
f 2787 3715 3147
f 3341 3340 3861
f 2725 2387 3341
f 2657 3581 3871
f 3871 3548 2657
f 3034 3036 3864
f 2434 2634 3866
f 4261 2908 2634
f 3837 4023 2145
f 3791 3792 3869
f 2801 2644 2811
f 2814 2856 3870
f 2811 2644 2814
f 3566 3549 3548
f 3548 3871 3566
f 2404 2406 3872
f 3602 3587 3603
f 3873 3956 2545
f 3819 2588 2057
f 3351 2705 3592
f 2762 2799 3353
f 2474 3562 3710
f 3561 3106 3710
f 3754 3748 3745
f 2814 3317 2747
f 2747 2282 2854
f 2854 2856 2747
f 2744 2836 3308
f 2835 3309 3308
f 3880 3820 3878
f 2786 2502 2503
f 2503 3878 3820
f 3879 4346 3880
f 3820 2786 2503
f 3294 2575 2689
f 3874 2126 2125
f 2125 3888 3887
f 3887 2386 2125
f 3733 2880 3122
f 2618 3160 2619
f 3122 2880 3160
f 2879 2619 3160
f 3884 4245 2268
f 3876 3886 3728
f 3734 2838 3728
f 3387 3386 2424
f 2424 3879 3878
f 3386 2231 2424
f 3889 2979 2981
f 3763 2099 3758
f 2510 2938 2879
f 2903 2904 3891
f 3893 4236 3894
f 3898 2543 2544
f 3100 2293 3095
f 2941 2940 2037
f 3725 2665 2664
f 2822 2821 3900
f 3535 3534 4343
f 4343 3900 3535
f 3227 4165 2822
f 2821 3535 3900
f 3901 2207 2061
f 3340 2816 1989
f 3903 2410 2606
f 2606 2605 3902
f 2410 3276 2606
f 2247 4307 3904
f 3068 3119 4347
f 4347 1977 3068
f 1976 3730 3068
f 3905 4329 3068
f 3068 1977 1976
f 3798 2401 1923
f 3906 4332 1986
f 2963 2945 3907
f 3328 2333 3669
f 4345 2999 4310
f 2432 4310 2999
f 3909 2189 2191
f 3886 3881 3420
f 2489 3938 2500
f 3337 1946 2078
f 3134 3389 3133
f 3658 3439 3911
f 3250 3541 3540
f 3540 3683 3250
f 2270 4180 4179
f 4179 3259 2270
f 3250 3683 3259
f 3913 3941 3445
f 2526 3095 2293
f 1933 3188 3187
f 2717 3740 3914
f 3274 3273 3244
f 3822 1969 2192
f 2012 2011 3793
f 2007 3573 2419
f 3694 3440 3656
f 3916 2642 2911
f 3917 3824 2344
f 3379 3024 3845
f 3919 3844 3845
f 3845 3444 3379
f 3239 2691 3920
f 2060 3274 3589
f 3921 4081 3922
f 2025 2027 3207
f 2898 2013 2015
f 2015 3925 2898
f 3926 2478 2898
f 1964 2514 2193
f 2855 2873 2843
f 3490 3453 3272
f 3294 3296 3927
f 3928 2161 3800
f 3930 4273 3931
f 2860 2841 2408
f 2536 4044 3842
f 3185 4151 3526
f 2493 4169 2495
f 4271 2442 2227
f 2441 4306 2227
f 2682 2182 3794
f 3933 1975 3070
f 4348 3118 1975
f 3070 3069 4349
f 4349 3729 3070
f 1975 3118 3070
f 3685 3347 3365
f 3576 3148 3085
f 3085 3146 3176
f 4022 3970 4314
f 3618 3617 3356
f 3914 3740 3356
f 3739 3356 3740
f 2505 4314 3970
f 3970 3618 2505
f 3914 3356 3617
f 3934 2398 2397
f 2350 3277 2352
f 3228 3227 3900
f 3900 3789 3228
f 3936 3301 3228
f 3738 1938 3917
f 3935 3940 2398
f 3937 3286 3938
f 2481 2571 2601
f 3942 3678 3943
f 4064 4211 4210
f 4210 3703 4064
f 3944 3709 4342
f 4342 3381 3944
f 4064 3703 3381
f 3945 3262 3946
f 2807 4092 1940
f 3949 4162 4291
f 2330 3948 3949
f 3949 4291 2330
f 3101 3100 3093
f 3950 3890 3896
f 2986 2468 2038
f 3951 2189 3638
f 3952 4212 3953
f 2427 3173 3663
f 3955 3959 2545
f 3957 2755 2729
f 3355 3982 2146
f 3959 3955 1974
f 1974 3958 3959
f 2960 2428 3959
f 1953 3372 3960
f 3962 2430 2429
f 2964 3005 4240
f 3004 3511 3005
f 3687 3686 3005
f 4240 3811 2964
f 3812 3964 3811
f 3005 3511 3687
f 3686 4240 3005
f 3002 3163 2654
f 3965 3681 2066
f 2476 3552 2098
f 2919 3865 3864
f 3968 3452 3969
f 3910 4284 3485
f 1986 4332 3213
f 3269 3616 3618
f 2597 2598 3971
f 2153 3013 3464
f 3141 3140 3131
f 3974 3496 2162
f 2162 3973 3974
f 2133 2309 3974
f 3975 4350 2534
f 2534 3438 3659
f 4350 2532 2534
f 4251 3568 4262
f 4262 3977 4251
f 3976 2322 2321
f 2321 2540 3976
f 4251 3977 2540
f 3584 3241 3978
f 3214 4039 3978
f 2456 2051 2050
f 2593 4124 2376
f 2034 4119 3981
f 4351 3979 3981
f 3981 4119 4351
f 3982 2957 2959
f 2234 3196 2235
f 4097 3983 2235
f 2235 3196 4097
f 3421 2085 3985
f 3470 3472 3986
f 3664 3675 3869
f 3928 3929 3236
f 2291 4053 3990
f 2761 2696 2695
f 3369 2253 3992
f 3019 4243 2677
f 3994 3314 3995
f 3970 4022 3996
f 3997 2552 3998
f 3655 2504 2506
f 3722 4159 3719
f 2183 4248 3467
f 4000 4330 3767
f 4001 2798 2755
f 2545 3959 2428
f 4002 2102 2104
f 2782 2781 4001
f 3240 4061 4003
f 3078 2527 3064
f 2642 3916 3537
f 2087 3404 3390
f 3860 3859 2788
f 3146 3130 2655
f 3446 3641 4004
f 4006 4099 4007
f 3162 3725 3717
f 4008 2584 2245
f 3384 3383 2194
f 3219 3218 3790
f 2377 4124 3991
f 4010 4185 4011
f 3315 2909 2548
f 4012 3726 1982
f 2662 4274 4013
f 4014 4119 2034
f 4015 2549 2633
f 3760 3391 3374
f 3374 3305 3760
f 3383 3821 2192
f 4017 1999 1927
f 4018 3166 3165
f 4020 4089 3742
f 4022 4314 2504
f 2035 2606 3276
f 2487 3524 2732
f 2560 2562 3272
f 4023 2286 2143
f 4024 2716 2569
f 3365 3347 3354
f 3049 3770 3076
f 3098 3076 3770
f 3048 2661 2660
f 4025 4000 2274
f 2436 2435 3283
f 3898 3899 4026
f 3808 4128 3995
f 3824 3917 1937
f 3426 4352 3997
f 3999 4233 3427
f 4298 1993 3427
f 3427 3426 3997
f 4233 4298 3427
f 3934 4005 2396
f 3025 3000 1931
f 4029 3877 2817
f 2508 1961 4030
f 3624 3623 3612
f 3614 4051 3460
f 3670 2232 4031
f 4032 4202 4033
f 3306 3543 4035
f 2329 2331 2652
f 4036 4268 4037
f 3213 3191 4039
f 4129 4090 4089
f 4089 4020 4129
f 3894 4236 4221
f 4221 4040 3894
f 4129 4020 4040
f 4038 2355 2059
f 4014 2775 2774
f 3942 3780 3166
f 2995 2959 2958
f 2712 4353 4043
f 4044 3802 2558
f 2840 2839 3477
f 3367 3938 2489
f 2724 3477 3495
f 2000 2276 2275
f 4001 2797 2770
f 2225 3179 3178
f 2896 3906 2912
f 4045 3833 3195
f 3256 3258 4354
f 4354 4335 3256
f 3470 3987 3256
f 4046 4337 3256
f 3256 4335 3470
f 3431 4112 4238
f 4238 3503 3431
f 3502 2990 2992
f 2992 3538 3502
f 3431 3503 3538
f 3808 3810 4015
f 2166 3302 3303
f 4042 3627 2498
f 3628 3819 2498
f 2498 3627 3628
f 2587 2586 4047
f 3575 4355 3056
f 3056 4047 3575
f 4048 3027 2611
f 2143 3376 3378
f 3840 4037 3449
f 4267 4285 4037
f 3449 4280 3841
f 4058 3841 4280
f 4037 4285 3449
f 4050 4289 2390
f 2894 2877 2746
f 4051 3625 3603
f 2414 3806 3805
f 2801 3038 3037
f 3346 3328 3908
f 2558 2479 2902
f 2484 4313 3665
f 3591 3590 3990
f 4356 3990 3590
f 4053 4340 3591
f 3883 3950 4029
f 4054 2974 2973
f 4056 3868 3858
f 2997 2996 4057
f 3474 4336 2112
f 2112 4057 3474
f 4058 4280 3611
f 2772 2771 2776
f 4015 4016 2673
f 4060 4324 2939
f 3922 4242 2820
f 2534 2533 2169
f 2196 3974 2309
f 2765 2796 2795
f 3988 3242 4061
f 2901 3358 3709
f 2876 3102 3585
f 3586 3585 3102
f 4063 4211 4064
f 2656 3553 3567
f 3567 3871 2656
f 3581 3580 2656
f 3773 4168 3943
f 3943 3678 3680
f 3854 3689 3688
f 3688 3863 3862
f 3862 3280 3688
f 4046 3987 4337
f 3986 4357 3519
f 3519 4337 3987
f 4065 4010 2507
f 3514 3205 3765
f 3649 4069 4068
f 2627 4319 3697
f 3697 4067 2627
f 4068 3889 3649
f 4069 2627 4067
f 3138 3711 4070
f 4170 3779 4072
f 3943 4168 4072
f 4007 4139 4073
f 4074 3608 4075
f 4077 2924 2795
f 3448 1932 3001
f 3001 3493 4079
f 1932 1931 3001
f 2298 3264 3263
f 2989 2430 3962
f 2885 2887 3657
f 2550 2251 2250
f 3921 2128 2130
f 2628 2627 4069
f 3648 4082 2628
f 2628 4069 3648
f 3604 3777 4083
f 3736 3270 3655
f 3812 3487 3486
f 4098 4086 3212
f 4085 3210 3212
f 3212 4148 4098
f 3304 4035 4087
f 3006 3008 2602
f 4088 3742 4089
f 3772 3478 4091
f 3013 2153 4091
f 2401 3798 2385
f 1972 2383 2385
f 2385 2399 2401
f 2806 3926 3925
f 4093 2560 2538
f 4094 4028 1930
f 3279 4341 4138
f 4138 3834 3278
f 3278 3279 4138
f 4018 4019 4017
f 4017 3678 3942
f 4019 1999 4017
f 4003 4061 2858
f 3593 4264 2053
f 3972 3131 3113
f 3113 3114 3972
f 3676 4084 3655
f 3196 2554 2556
f 4098 4148 4099
f 2800 2728 2706
f 2706 2708 2800
f 3853 2870 3852
f 2295 2294 3064
f 4056 3629 3867
f 4096 3695 4100
f 2296 2006 2005
f 2005 2916 2296
f 3912 3911 4303
f 4303 4101 3912
f 2296 2916 4101
f 4102 2919 3201
f 2515 2823 3226
f 2086 3435 3417
f 2004 2297 3948
f 4004 3641 3640
f 2197 2309 2311
f 4103 4252 3605
f 3528 3290 3292
f 3292 3691 3528
f 4105 4032 4034
f 4034 4106 4105
f 3528 3691 4106
f 4107 3799 1923
f 3309 2835 3908
f 3326 3393 4087
f 3950 3897 3877
f 3671 4108 3784
f 2421 3559 2447
f 3109 3717 3710
f 3710 3105 3109
f 3230 2055 4137
f 4137 3902 3230
f 2605 4132 3980
f 3980 3979 2605
f 3230 3902 3979
f 2263 3644 4110
f 3939 3446 4005
f 4111 2003 3683
f 2101 3753 2994
f 4112 3431 3432
f 4114 3217 2471
f 4275 3786 4182
f 4182 2157 4275
f 2156 3712 4144
f 4144 1915 2156
f 4275 2157 1915
f 3856 3399 3398
f 4116 3766 4117
f 2635 4358 2972
f 2974 4054 2636
f 4359 2590 2636
f 2636 2635 2972
f 4054 4359 2636
f 3369 3368 4118
f 1984 3214 3241
f 2308 2307 2054
f 3244 3273 2084
f 4121 3229 4351
f 3230 3979 4351
f 3230 4351 3229
f 4041 2359 4120
f 4014 4041 4120
f 4121 4351 4119
f 4119 4014 4120
f 4122 2681 3675
f 4114 4154 4123
f 1945 3348 3685
f 4109 2666 2593
f 2667 3991 2593
f 2593 2666 2667
f 4125 4257 4126
f 3716 3852 2870
f 3203 3202 3498
f 3401 3400 3391
f 1959 1958 4110
f 3174 2426 3995
f 4118 3368 2305
f 4293 2956 2319
f 2955 4295 2317
f 2317 2319 2956
f 4088 4090 4129
f 3771 4249 2425
f 3400 3155 3392
f 3584 3586 3103
f 3271 3735 4130
f 4131 4276 1926
f 2952 2954 4276
f 1926 1925 4131
f 2105 2107 1925
f 4276 2954 1926
f 2682 3765 3205
f 3985 3408 3392
f 2035 3981 3980
f 2703 3345 2837
f 2837 3342 3366
f 4133 3199 2400
f 2716 2212 2570
f 3053 2862 3684
f 2234 2179 3195
f 4134 4272 4135
f 3290 3528 3530
f 2054 2307 3903
f 3903 3902 4137
f 2307 2410 3903
f 2692 2082 1920
f 4138 4341 2624
f 4176 4085 3211
f 4086 4073 3211
f 3211 4085 4086
f 3371 3373 3829
f 4141 4152 4142
f 4058 4059 3610
f 4094 3023 3025
f 3712 3713 1916
f 4033 4202 4201
f 4201 4145 4033
f 3291 4136 3530
f 3530 3529 3291
f 4033 4145 3529
f 4146 4260 2460
f 3971 2598 3904
f 2378 2377 2529
f 3367 3369 3993
f 4148 4139 4007
f 2718 3914 3617
f 2888 2890 4149
f 3355 3825 4149
f 4149 3182 2888
f 4150 3755 2202
f 4151 4142 4152
f 4153 4360 4154
f 2047 2895 2694
f 4155 2559 2902
f 3758 2099 4150
f 3577 3579 3026
f 2099 2101 3755
f 2971 2970 4052
f 4052 3805 4344
f 4344 3698 4052
f 2970 2415 4052
f 4106 4034 4033
f 3284 3285 2579
f 3382 3381 4342
f 4342 3357 3382
f 2265 3197 3382
f 3107 3389 3134
f 4141 4143 3424
f 3128 3719 4159
f 3200 3035 4161
f 2533 4315 4162
f 4146 4147 4163
f 3226 2823 2822
f 3181 2557 2559
f 3031 2818 4166
f 3327 3326 4035
f 4116 4214 3510
f 2947 2949 2124
f 3772 4091 4072
f 4169 4127 4126
f 4072 4091 2153
f 3790 4343 3534
f 2599 4156 2902
f 2874 4062 4039
f 3744 3743 4129
f 2220 3261 4172
f 3316 2547 3810
f 3334 4171 4173
f 2139 4087 3394
f 2396 4005 4004
f 4175 4279 4074
f 1960 4185 4030
f 4010 4065 2029
f 4258 2030 4065
f 2029 4030 4185
f 4185 4010 2029
f 4177 3783 3609
f 2968 2967 3769
f 2730 2732 3524
f 2269 3260 4179
f 3786 3788 4181
f 3106 3561 4160
f 2276 2000 4183
f 2122 2124 2949
f 2949 2948 2458
f 2457 2122 2949
f 3081 2201 2203
f 2496 4256 4184
f 1960 1962 4011
f 3640 3939 3934
f 3021 2110 4186
f 4188 3578 4189
f 2613 2612 2342
f 4361 2374 2612
f 2342 2341 4362
f 4362 4048 2342
f 2612 2374 2342
f 2780 2779 4190
f 2455 2647 2780
f 3550 4311 2808
f 2808 2807 3550
f 4191 3645 3644
f 4191 3644 2263
f 3550 2807 1939
f 4191 2263 3551
f 3551 3550 1939
f 2524 3556 3555
f 3565 3547 2159
f 3834 2373 3696
f 3130 3084 3113
f 3083 2221 3113
f 3934 3940 3935
f 2812 4159 3722
f 3240 3239 3664
f 2320 2062 2678
f 2274 3767 2518
f 2707 2033 2032
f 4151 3185 3849
f 4281 3849 3185
f 3425 3424 4142
f 4143 4142 3424
f 4151 3849 3425
f 2953 1924 1926
f 4193 3459 3458
f 3206 3932 3931
f 3952 3954 3607
f 2085 2087 3408
f 3880 4346 2187
f 4195 4208 3574
f 2000 4019 3165
f 4197 4270 4198
f 3490 3945 3947
f 4193 3475 2358
f 2684 2358 3475
f 2357 4199 4193
f 3457 3459 4199
f 4193 2358 2357
f 2160 2159 4200
f 4032 4105 4201
f 4203 2574 2573
f 3968 2069 3267
f 2310 4259 3126
f 3023 4094 4095
f 4095 4205 3023
f 3265 3266 3844
f 3844 3919 3265
f 3023 4205 3919
f 2795 2924 2088
f 2964 3964 3486
f 3481 3785 3294
f 4206 4282 4207
f 4208 4195 3057
f 4363 4237 3057
f 3057 3056 3575
f 4195 4363 3057
f 2985 2349 2351
f 2292 3990 3506
f 4356 3590 3506
f 3506 3505 2290
f 3990 4356 3506
f 4209 2553 2552
f 2552 3997 4209
f 4063 3704 4210
f 2123 4219 3764
f 3905 3730 4329
f 3729 4349 3069
f 3069 4329 3730
f 4145 4201 4105
f 3867 3629 3859
f 3783 4177 4075
f 4175 4076 4177
f 4075 4212 3783
f 3952 4194 4212
f 4177 4076 4075
f 3585 3978 4039
f 4363 4195 4237
f 4196 4318 4213
f 4213 4237 4195
f 4214 4322 2931
f 2018 2017 4215
f 3795 3252 2458
f 3583 2419 3573
f 4131 2107 2106
f 3482 3907 2944
f 2282 2281 2873
f 2313 4244 2640
f 3925 2015 1940
f 3822 3701 4218
f 3608 3953 4212
f 2700 2699 3038
f 2582 2102 4002
f 4219 3512 3765
f 3211 4139 4148
f 4220 3744 4040
f 3546 3545 3826
f 4222 3204 3205
f 3797 3799 4107
f 2741 2769 2729
f 3891 4188 2237
f 4098 3333 3335
f 2469 2411 4223
f 3129 3128 4160
f 2409 3746 4224
f 3029 1966 2834
f 2448 2388 2326
f 3602 3626 3406
f 3531 3544 3406
f 2927 3965 3966
f 2635 4226 2972
f 2368 2367 4226
f 4079 3493 2648
f 4320 2648 3493
f 3246 3245 3776
f 3775 3776 3245
f 4079 2648 3246
f 4227 3028 3027
f 3027 4048 2341
f 4362 2341 4048
f 3792 3242 3988
f 3117 3141 3972
f 3114 3108 3117
f 2168 4303 3911
f 2293 3100 3101
f 2211 3616 3269
f 2696 2378 2531
f 4229 2556 2555
f 2472 4228 4231
f 4049 3378 3594
f 3739 3918 2344
f 3298 3297 4199
f 3272 3453 3968
f 2115 2114 4232
f 4233 3999 3998
f 3738 2717 4024
f 2094 2096 1965
f 2110 4197 2116
f 4234 2496 2492
f 3333 4099 4006
f 4051 3623 3624
f 4173 4171 3335
f 4223 3672 3687
f 3623 4051 3614
f 1967 3030 3209
f 2925 2075 2076
f 3601 2712 2248
f 3893 4220 4221
f 2585 3057 4237
f 2150 4172 1998
f 4181 2155 2157
f 2216 2218 3503
f 4239 4353 2712
f 3686 3673 3638
f 4241 4333 3314
f 4242 4166 2818
f 3626 3612 3144
f 2100 3763 3756
f 2286 3818 4243
f 4049 3692 2596
f 2312 3058 3803
f 2046 2048 4244
f 2312 3803 2046
f 3226 3228 3301
f 3547 3549 4200
f 3801 3261 2220
f 3884 4215 2017
f 2106 3634 3633
f 3633 1924 2106
f 2953 3654 3653
f 3653 4216 2953
f 2106 1924 4216
f 2381 4200 3549
f 2420 3583 3570
f 4246 2275 4192
f 4063 3380 4082
f 3659 3658 2918
f 3912 2916 2918
f 3912 2918 3658
f 2653 4350 3975
f 2651 2653 3975
f 3659 2918 2669
f 2669 2651 3975
f 4154 4360 3839
f 2079 2885 4080
f 4031 2232 2231
f 2683 4278 4248
f 2591 2590 4055
f 4359 4054 2590
f 4055 4308 2591
f 4026 2461 3830
f 3169 4300 2638
f 3800 2185 3237
f 3803 3058 3102
f 4249 4241 3994
f 4250 3818 2286
f 3890 3950 3883
f 2645 2870 3853
f 2379 3463 3568
f 2934 4322 4214
f 4218 3701 3700
f 4252 2607 2609
f 3656 2571 2480
f 2797 4001 2781
f 2417 3026 3578
f 3579 3578 3026
f 4188 3891 2418
f 2904 2418 3891
f 2417 3578 4188
f 3889 4068 3018
f 2287 2289 3682
f 3839 4360 4115
f 2578 4122 3674
f 3857 3848 3858
f 2967 2250 3768
f 3831 4164 4163
f 4103 4104 3521
f 3104 4160 4159
f 2187 4346 3879
f 4112 4113 2216
f 2254 3702 3821
f 3945 2561 2490
f 3816 3043 4254
f 4339 1955 3043
f 4254 3817 3816
f 3720 3665 2675
f 2470 2472 3216
f 2574 4203 4274
f 3293 4013 4203
f 2142 2141 2574
f 4013 4274 4203
f 2583 2572 3039
f 3039 4117 2583
f 2574 4274 2142
f 2141 3039 2572
f 4255 3646 3647
f 4006 3759 3334
f 1991 4296 3403
f 3846 2698 2865
f 2865 2860 2894
f 2802 3037 2848
f 4125 4184 4256
f 4071 4070 2595
f 4258 4263 2028
f 2308 2056 3229
f 4222 2833 1968
f 1983 3225 1981
f 2200 2199 4259
f 3126 4259 2199
f 2343 1981 3225
f 3225 2200 2343
f 4231 4228 2471
f 1951 1953 3961
f 3017 3704 4063
f 2565 2567 4153
f 4115 4360 4153
f 4153 3642 2565
f 2461 2460 4260
f 2484 3650 3652
f 2373 3441 3440
f 2852 2674 3491
f 2633 2549 2548
f 3394 4087 3393
f 3462 2071 2063
f 2063 3977 4262
f 2071 2064 2063
f 2607 4252 3522
f 4103 3523 4252
f 3522 4083 2607
f 3044 3045 4083
f 4252 3523 3522
f 4258 4065 4066
f 2011 2053 4264
f 2449 2328 2327
f 2375 2374 2612
f 4265 4328 2375
f 4266 4250 4023
f 3896 3890 3881
f 2260 2261 2942
f 4267 4037 4268
f 2335 2336 4198
f 2911 2912 1986
f 3646 4255 2604
f 3006 2604 4255
f 2603 2915 3494
f 2347 3494 2915
f 3646 2604 2603
f 2320 2322 3976
f 3218 4271 3751
f 2227 2229 4271
f 3751 3936 3218
f 4097 2556 4229
f 3930 4135 4272
f 4274 2662 2140
f 3657 2394 4282
f 4283 4282 2394
f 4206 2080 4080
f 4247 4080 2080
f 3657 4282 4206
f 2459 3150 3749
f 4275 1915 1917
f 1975 1977 3119
f 4347 3119 1977
f 3366 3354 2704
f 3828 2075 3961
f 2925 2926 2075
f 3961 3960 3828
f 3371 4140 3960
f 2075 2926 3961
f 2390 4289 3501
f 3501 3500 2390
f 3931 4273 4272
f 4272 4134 3931
f 2390 3500 4134
f 3175 2654 3163
f 3635 3636 4234
f 3370 3319 3826
f 3428 3417 3360
f 3288 2500 3938
f 4276 4131 4216
f 3466 3476 4277
f 3176 3158 3157
f 3468 4248 4278
f 4278 3204 1968
f 1967 3468 4278
f 2413 2412 2190
f 1920 1919 2423
f 3472 3471 3520
f 4364 3257 3471
f 3520 3519 4357
f 4357 3986 3520
f 3471 3257 3520
f 4266 3651 3721
f 4175 4177 4178
f 3922 4081 2130
f 2130 4242 3922
f 3032 4167 4166
f 4166 4242 3032
f 2130 2129 4242
f 4280 3449 3451
f 1929 4246 3282
f 2517 2519 4246
f 3282 3774 1929
f 3773 3680 3774
f 3679 1927 3774
f 4246 2519 3282
f 3774 3680 3679
f 3219 4009 3533
f 3630 4056 3397
f 3184 3527 3849
f 2393 4207 4282
f 3753 3507 3344
f 3509 3754 3344
f 2570 2212 2211
f 3471 4335 3258
f 4354 3258 4335
f 4284 4324 4060
f 4267 4269 3450
f 2856 2855 2842
f 3314 3316 3809
f 2779 3856 3847
f 3894 4020 4021
f 4286 3198 4133
f 3199 4133 3198
f 1950 1949 3963
f 3962 3963 1949
f 4286 4133 1950
f 2441 2440 2228
f 4305 2023 4299
f 4299 4287 4305
f 2228 4306 2441
f 2440 4305 4287
f 2615 2422 2463
f 4240 3638 3637
f 3009 4008 2244
f 2687 2564 3775
f 2360 2359 4224
f 4041 2774 2847
f 2847 4288 4041
f 4224 3746 2360
f 2359 4041 4288
f 3486 4060 2941
f 4050 3499 3501
f 3231 3984 4290
f 3983 4229 4230
f 4230 4290 3984
f 2437 3232 3231
f 3984 3983 4230
f 3876 1987 3877
f 4315 2532 4162
f 4350 2653 4291
f 2652 2331 2653
f 4291 4162 4350
f 2532 4350 4162
f 4353 4239 4043
f 4302 4217 4292
f 2944 2946 4217
f 4292 4043 4302
f 4239 4302 4043
g Conference_room_table_node0
usemtl itu_wood
v -3.754340 0.737235 -1.329340
v -3.754340 0.000000 -1.329340
v -4.097030 0.737235 -1.325400
v -3.750410 0.000000 -0.986641
v -4.097030 0.000000 -1.325400
v -3.750410 0.516065 -0.986641
v -3.750410 0.737235 -0.986641
v -3.921750 0.516065 -0.984683
v -3.729420 0.516065 0.842397
v -3.900760 0.516065 0.844364
v -4.239790 0.516065 1.190990
v -4.582670 0.000000 1.194930
v -4.239790 0.000000 1.190990
v -3.211170 0.737235 1.179190
v -4.582670 0.737235 1.194930
v -4.586610 0.000000 0.852234
v -3.557970 0.000000 0.840429
v -3.554040 0.000000 1.183120
v -3.557970 0.516065 0.840429
v -4.093100 0.000000 -0.982711
v -4.093100 0.516065 -0.982711
v -3.729420 0.737235 0.842397
v -3.554040 0.516065 1.183120
v -4.586610 0.737235 0.852234
v -4.072110 0.737235 0.846330
v -4.072110 0.516065 0.846330
v -3.215100 0.516065 0.836494
v -3.215100 0.000000 0.836494
v -3.211170 0.000000 1.179190
v -4.093100 0.737235 -0.982711
v -4.097030 0.626650 -1.325400
v -4.097030 0.516065 -1.325400
v -4.243730 0.516065 0.848300
v -4.243730 0.000000 0.848300
v -3.215100 0.737235 0.836494
v -3.211170 0.761810 1.179190
v -4.582670 0.761810 1.194930
v -3.242640 0.737235 -1.563830
v -4.614150 0.737235 -1.548090
v -4.614150 0.761810 -1.548090
v -3.242640 0.761810 -1.563830
f 4365 4366 4367
f 4368 4369 4366
f 4370 4371 4372
f 4372 4368 4370
f 4370 4371 4373
f 4374 4372 4370
f 4375 4376 4377
f 4378 4379 4375
f 4376 4379 4380
f 4381 4382 4383
f 4372 4384 4385
f 4371 4373 4386
f 4379 4375 4376
f 4375 4378 4387
f 4379 4380 4388
f 4374 4389 4390
f 4391 4392 4393
f 4391 4381 4392
f 4382 4383 4387
f 4371 4389 4394
f 4385 4395 4396
f 4374 4386 4373
f 4366 4396 4369
f 4388 4378 4379
f 4372 4394 4371
f 4395 4394 4385
f 4388 4397 4389
f 4397 4377 4398
f 4399 4389 4388
f 4390 4373 4397
f 4367 4371 4394
f 4376 4398 4377
f 4400 4379 4401
f 4391 4383 4399
f 4383 4386 4373
f 4381 4393 4382
f 4387 4393 4378
f 4373 4387 4383
f 4389 4385 4394
f 4366 4365 4370
f 4402 4378 4403
f 4378 4403 4379
f 4403 4404 4402
f 4404 4402 4405
f 4403 4379 4404
f 4379 4404 4401
f 4378 4402 4400
f 4402 4400 4405
f 4401 4400 4404
f 4400 4404 4405
f 4368 4384 4369
f 4372 4384 4368
f 4370 4373 4374
f 4374 4390 4385
f 4385 4372 4374
f 4393 4378 4391
f 4399 4391 4378
f 4371 4386 4389
f 4396 4369 4384
f 4384 4385 4396
f 4374 4389 4386
f 4366 4367 4396
f 4388 4399 4378
f 4372 4385 4394
f 4395 4367 4394
f 4388 4380 4397
f 4397 4390 4389
f 4380 4398 4397
f 4397 4375 4377
f 4399 4386 4389
f 4390 4374 4373
f 4367 4365 4371
f 4376 4380 4398
f 4400 4378 4379
f 4391 4381 4383
f 4383 4399 4386
f 4381 4392 4393
f 4387 4382 4393
f 4373 4397 4375
f 4375 4387 4373
f 4389 4390 4385
f 4371 4370 4365
f 4368 4366 4370
g Couch_node0
usemtl itu_concrete
v 2.613430 -0.000001 2.451630
v 2.619010 0.153747 2.465110
v 2.613430 0.153747 2.451630
v 5.796570 0.153747 4.377260
v 5.796570 -0.000001 4.377260
v 5.805450 -0.000001 4.388830
v 5.129120 0.153747 3.256160
v 5.129120 -0.000001 3.256160
v 5.134700 -0.000001 3.242690
v 5.120240 0.153747 4.309800
v 5.129120 0.153747 4.321380
v 5.120240 -0.000001 4.309800
v 2.715800 -0.000001 2.465110
v 2.667410 -0.000001 2.493050
v 2.619010 -0.000001 2.409230
v 5.817020 -0.000001 2.485560
v 5.884480 0.153747 2.476680
v 5.817020 0.153747 2.485560
v 5.884480 0.153747 4.388830
v 5.884480 -0.000001 4.388830
v 5.893360 -0.000001 4.377260
v 5.898940 0.153747 4.363780
v 5.884480 -0.000001 4.309800
v 5.884480 0.153747 4.309800
v 2.639470 0.153747 3.179830
v 2.695350 -0.000001 3.179830
v 2.639470 -0.000001 3.179830
v 5.066260 -0.000001 4.295340
v 5.052780 0.153747 4.300920
v 5.066260 0.153747 4.295340
v 5.817020 -0.000001 2.388780
v 5.859430 0.153747 2.383200
v 5.859430 -0.000001 2.383200
v 2.667410 0.153747 2.493050
v 2.652940 -0.000001 2.491150
v 2.639470 0.153747 2.388780
v 2.652940 -0.000001 2.383200
v 2.639470 -0.000001 2.388780
v 2.681870 0.153747 2.383200
v 2.695350 -0.000001 2.388780
v 2.681870 -0.000001 2.383200
v 2.715800 -0.000001 2.409230
v 2.715800 0.153747 2.409230
v 2.721380 0.153747 2.422710
v 2.613430 0.153747 3.242690
v 2.639470 -0.000001 3.276620
v 2.639470 0.153747 3.276620
v 5.120240 -0.000001 4.388830
v 5.080720 -0.000001 4.405200
v 5.041210 -0.000001 4.309800
v 2.695350 0.153747 3.276620
v 2.695350 -0.000001 3.276620
v 5.817020 -0.000001 4.397710
v 5.859430 0.153747 4.403290
v 5.817020 0.153747 4.397710
v 5.120240 0.153747 4.388830
v 5.108660 -0.000001 4.397710
v 5.026750 0.153747 4.363780
v 5.080720 0.153747 4.405200
v 5.095190 -0.000001 3.174250
v 5.120240 -0.000001 3.267740
v 5.041210 -0.000001 3.267740
v 5.898940 0.153747 2.422710
v 5.796570 0.153747 2.465110
v 5.805450 -0.000001 2.476680
v 5.805450 0.153747 2.476680
v 5.805450 0.153747 2.397660
v 5.796570 -0.000001 2.409230
v 5.796570 0.153747 2.409230
v 5.805450 0.153747 4.309800
v 5.796570 -0.000001 4.321380
v 5.796570 0.153747 4.321380
v 2.627890 -0.000001 3.188710
v 2.721380 -0.000001 3.213760
v 2.706920 -0.000001 3.267740
v 5.817020 0.153747 4.300920
v 5.817020 -0.000001 4.300920
v 5.080720 -0.000001 3.172340
v 5.066260 -0.000001 3.174250
v 5.080720 0.153747 3.172340
v 2.715800 -0.000001 3.256160
v 2.706920 0.153747 3.267740
v 5.080720 0.153747 3.284100
v 5.095190 -0.000001 3.282200
v 5.095190 0.153747 3.282200
v 5.026750 0.153747 3.242690
v 5.066260 0.153747 3.174250
v 5.898940 -0.000001 4.363780
v 5.129120 -0.000001 3.200280
v 5.120240 0.153747 3.188710
v 5.129120 0.153747 3.200280
v 2.611530 -0.000001 3.228220
v 2.611530 0.153747 3.228220
v 2.613430 0.153747 3.213760
v 2.723290 0.153747 3.228220
v 2.721380 -0.000001 3.242690
v 2.723290 -0.000001 3.228220
v 5.041210 0.153747 4.309800
v 5.032330 0.153747 3.256160
v 5.041210 0.153747 3.267740
v 5.900840 -0.000001 2.437170
v 5.796570 -0.000001 2.465110
v 5.898940 -0.000001 2.451630
v 5.900840 0.153747 2.437170
v 5.898940 0.153747 2.451630
v 2.611530 0.153747 2.437170
v 2.613430 0.153747 2.422710
v 2.613430 -0.000001 2.422710
v 2.611530 -0.000001 2.437170
v 2.619010 -0.000001 2.465110
v 2.627890 0.153747 2.476680
v 2.627890 -0.000001 2.476680
v 5.805450 0.153747 4.388830
v 5.790990 0.153747 4.363780
v 5.789080 0.153747 4.349320
v 5.789080 -0.000001 4.349320
v 5.790990 -0.000001 4.363780
v 5.136600 0.153747 3.228220
v 5.134700 0.153747 3.242690
v 5.136600 -0.000001 3.228220
v 5.120240 0.153747 3.267740
v 5.108660 0.153747 3.276620
v 5.108660 -0.000001 3.276620
v 5.129120 -0.000001 4.321380
v 5.108660 -0.000001 4.300920
v 5.108660 0.153747 4.300920
v 5.136600 0.153747 4.349320
v 5.136600 -0.000001 4.349320
v 2.627890 -0.000001 2.397660
v 2.667410 -0.000001 2.381290
v 2.706920 -0.000001 2.397660
v 2.721380 -0.000001 2.422710
v 2.721380 -0.000001 2.451630
v 2.706920 -0.000001 2.476680
v 2.695350 -0.000001 2.485560
v 2.681870 -0.000001 2.491150
v 2.639470 -0.000001 2.485560
v 5.884480 -0.000001 2.476680
v 5.893360 0.153747 4.377260
v 5.859430 -0.000001 4.403290
v 2.695350 0.153747 3.179830
v 5.095190 -0.000001 4.295340
v 5.052780 -0.000001 4.300920
v 5.095190 0.153747 4.295340
v 5.080720 -0.000001 4.293440
v 5.080720 0.153747 4.293440
v 5.817020 0.153747 2.388780
v 2.706920 0.153747 2.476680
v 2.695350 0.153747 2.485560
v 2.652940 0.153747 2.491150
v 2.639470 0.153747 2.485560
v 2.681870 0.153747 2.491150
v 2.619010 0.153747 2.409230
v 2.627890 0.153747 2.397660
v 2.652940 0.153747 2.383200
v 2.667410 0.153747 2.381290
v 2.695350 0.153747 2.388780
v 2.706920 0.153747 2.397660
v 2.721380 0.153747 2.451630
v 2.715800 0.153747 2.465110
v 2.613430 -0.000001 3.242690
v 5.134700 -0.000001 4.363780
v 5.129120 -0.000001 4.377260
v 5.095190 -0.000001 4.403290
v 5.026750 -0.000001 4.363780
v 5.134700 0.153747 4.363780
v 5.108660 0.153747 4.397710
v 5.095190 0.153747 4.403290
v 5.129120 0.153747 4.377260
v 5.032330 -0.000001 3.256160
v 5.026750 -0.000001 3.242690
v 5.108660 -0.000001 3.179830
v 5.120240 -0.000001 3.188710
v 5.134700 -0.000001 3.213760
v 5.080720 -0.000001 3.284100
v 5.066260 -0.000001 3.282200
v 5.898940 -0.000001 2.422710
v 5.789080 0.153747 2.437170
v 5.789080 -0.000001 2.437170
v 5.805450 -0.000001 2.397660
v 5.805450 -0.000001 4.309800
v 2.613430 -0.000001 3.213760
v 2.619010 -0.000001 3.200280
v 2.715800 -0.000001 3.200280
v 5.095190 0.153747 3.174250
v 5.108660 0.153747 3.179830
v 2.715800 0.153747 3.256160
v 2.721380 0.153747 3.242690
v 5.066260 0.153747 3.282200
v 5.134700 0.153747 3.213760
v 2.619010 0.153747 3.200280
v 2.627890 0.153747 3.188710
v 2.715800 0.153747 3.200280
v 2.721380 0.153747 3.213760
v 5.893360 -0.000001 2.465110
v 5.893360 0.153747 2.465110
v 5.708060 0.473310 2.573380
v 2.513740 0.473310 2.573380
v 4.885140 0.473310 3.423800
v 5.995140 0.993693 3.722410
v 5.708060 0.473310 3.722410
v 5.995140 0.473310 3.722410
v 6.040540 0.153747 2.241590
v 2.471830 0.473310 2.241590
v 6.040540 0.473310 2.241590
v 2.471830 0.153747 3.423800
v 4.885140 0.153747 3.423800
v 5.708060 0.993693 2.573380
v 5.995140 0.473310 2.286990
v 5.995140 0.993693 2.286990
v 6.040540 0.473310 4.544900
v 5.708060 0.993693 3.722410
v 2.513740 0.473310 2.286990
v 2.471830 0.473310 3.423800
v 4.885140 0.153747 4.544900
v 4.885140 0.473310 4.544900
v 2.513740 0.993693 2.286990
v 2.513740 0.993693 2.573380
v 6.040540 0.153747 4.544900
v 2.471830 0.153747 2.241590
f 4406 4407 4408
f 4409 4410 4411
f 4412 4413 4414
f 4415 4416 4417
f 4418 4419 4420
f 4421 4422 4423
f 4424 4425 4426
f 4427 4428 4429
f 4430 4431 4432
f 4433 4434 4435
f 4436 4437 4438
f 4439 4440 4419
f 4441 4442 4443
f 4444 4445 4446
f 4447 4448 4449
f 4450 4451 4452
f 4453 4454 4455
f 4456 4451 4457
f 4458 4459 4460
f 4461 4462 4453
f 4463 4454 4464
f 4465 4466 4467
f 4468 4438 4437
f 4469 4470 4471
f 4472 4473 4474
f 4475 4476 4477
f 4478 4479 4480
f 4481 4428 4482
f 4483 4484 4485
f 4480 4486 4487
f 4488 4489 4490
f 4484 4491 4492
f 4493 4410 4476
f 4494 4495 4496
f 4497 4498 4499
f 4500 4501 4502
f 4455 4463 4503
f 4504 4467 4505
f 4506 4421 4507
f 4508 4509 4510
f 4408 4511 4406
f 4512 4513 4514
f 4406 4515 4407
f 4512 4514 4511
f 4516 4407 4515
f 4511 4514 4406
f 4515 4517 4516
f 4460 4518 4458
f 4519 4520 4521
f 4458 4518 4411
f 4409 4519 4522
f 4522 4410 4409
f 4519 4521 4522
f 4411 4518 4409
f 4523 4524 4525
f 4526 4527 4528
f 4525 4524 4414
f 4412 4526 4466
f 4466 4413 4412
f 4526 4528 4466
f 4414 4524 4412
f 4529 4417 4416
f 4530 4531 4415
f 4416 4532 4533
f 4530 4415 4417
f 4416 4533 4529
f 4534 4443 4420
f 4442 4535 4446
f 4446 4445 4442
f 4536 4447 4418
f 4537 4538 4418
f 4418 4539 4540
f 4540 4541 4419
f 4419 4440 4542
f 4542 4517 4515
f 4515 4406 4514
f 4514 4513 4420
f 4420 4443 4442
f 4442 4445 4536
f 4447 4537 4418
f 4418 4540 4419
f 4419 4542 4515
f 4515 4514 4419
f 4420 4442 4536
f 4536 4418 4420
f 4419 4514 4420
f 4421 4543 4422
f 4493 4427 4544
f 4424 4459 4545
f 4493 4544 4426
f 4545 4425 4424
f 4426 4544 4424
f 4427 4493 4428
f 4430 4546 4431
f 4530 4547 4531
f 4433 4548 4434
f 4531 4547 4549
f 4548 4455 4503
f 4547 4550 4549
f 4435 4551 4433
f 4549 4550 4551
f 4548 4503 4434
f 4551 4550 4433
f 4436 4552 4437
f 4553 4554 4539
f 4439 4555 4440
f 4539 4554 4540
f 4555 4556 4542
f 4554 4557 4540
f 4419 4541 4439
f 4540 4557 4541
f 4556 4516 4517
f 4542 4440 4555
f 4556 4517 4542
f 4541 4557 4439
f 4513 4512 4558
f 4559 4441 4443
f 4513 4558 4420
f 4443 4534 4559
f 4420 4558 4559
f 4441 4560 4442
f 4534 4420 4559
f 4446 4535 4444
f 4442 4560 4561
f 4444 4562 4445
f 4442 4561 4535
f 4536 4445 4562
f 4535 4561 4444
f 4562 4563 4536
f 4449 4564 4538
f 4565 4553 4539
f 4418 4538 4564
f 4565 4539 4418
f 4563 4448 4536
f 4564 4565 4418
f 4537 4447 4449
f 4449 4538 4537
f 4536 4448 4447
f 4450 4566 4451
f 4455 4548 4433
f 4433 4550 4455
f 4547 4530 4417
f 4417 4529 4567
f 4533 4567 4529
f 4568 4453 4567
f 4462 4569 4453
f 4454 4570 4455
f 4455 4550 4417
f 4547 4417 4550
f 4567 4453 4417
f 4569 4454 4453
f 4455 4417 4453
f 4456 4452 4451
f 4458 4545 4459
f 4532 4571 4533
f 4461 4572 4462
f 4533 4571 4567
f 4572 4573 4569
f 4571 4574 4567
f 4453 4568 4461
f 4567 4574 4568
f 4573 4464 4454
f 4569 4462 4572
f 4573 4454 4569
f 4568 4574 4461
f 4463 4570 4454
f 4575 4576 4467
f 4484 4483 4465
f 4465 4577 4578
f 4578 4494 4579
f 4579 4525 4414
f 4414 4413 4466
f 4466 4528 4489
f 4489 4580 4466
f 4581 4467 4466
f 4576 4484 4465
f 4465 4578 4466
f 4579 4414 4466
f 4466 4580 4581
f 4467 4576 4465
f 4578 4579 4466
f 4468 4582 4438
f 4423 4471 4421
f 4469 4583 4584
f 4507 4470 4469
f 4469 4584 4507
f 4421 4471 4470
f 4583 4474 4584
f 4472 4552 4436
f 4585 4473 4472
f 4472 4436 4585
f 4584 4474 4473
f 4520 4477 4521
f 4475 4481 4482
f 4586 4476 4475
f 4475 4482 4586
f 4521 4477 4476
f 4457 4451 4480
f 4566 4497 4478
f 4587 4588 4478
f 4478 4432 4431
f 4431 4589 4478
f 4479 4502 4480
f 4501 4486 4480
f 4480 4451 4566
f 4497 4587 4478
f 4478 4589 4479
f 4502 4501 4480
f 4480 4566 4478
f 4481 4429 4428
f 4590 4591 4577
f 4465 4483 4485
f 4590 4577 4465
f 4484 4492 4485
f 4485 4590 4465
f 4592 4487 4486
f 4456 4457 4480
f 4486 4501 4593
f 4456 4480 4487
f 4486 4593 4592
f 4527 4490 4528
f 4488 4594 4581
f 4580 4489 4488
f 4488 4581 4580
f 4528 4490 4489
f 4484 4576 4491
f 4482 4428 4476
f 4493 4426 4545
f 4425 4545 4426
f 4458 4411 4410
f 4410 4522 4476
f 4521 4476 4522
f 4586 4482 4476
f 4493 4545 4410
f 4458 4410 4545
f 4476 4428 4493
f 4496 4595 4494
f 4523 4525 4579
f 4494 4578 4495
f 4523 4579 4595
f 4591 4495 4578
f 4595 4579 4494
f 4578 4577 4591
f 4499 4596 4588
f 4597 4430 4432
f 4478 4588 4596
f 4597 4432 4478
f 4450 4498 4566
f 4596 4597 4478
f 4587 4497 4499
f 4499 4588 4587
f 4566 4498 4497
f 4431 4546 4598
f 4599 4500 4502
f 4431 4598 4589
f 4502 4479 4599
f 4589 4598 4599
f 4500 4593 4501
f 4479 4589 4599
f 4455 4570 4463
f 4594 4505 4581
f 4504 4491 4576
f 4575 4467 4504
f 4504 4576 4575
f 4581 4505 4467
f 4585 4436 4473
f 4438 4582 4506
f 4506 4508 4600
f 4600 4543 4421
f 4421 4470 4507
f 4507 4584 4473
f 4473 4436 4438
f 4438 4506 4473
f 4600 4421 4506
f 4507 4473 4506
f 4510 4601 4508
f 4422 4543 4600
f 4508 4506 4509
f 4422 4600 4601
f 4468 4509 4506
f 4601 4600 4508
f 4506 4582 4468
f 4602 4603 4604
f 4605 4606 4607
f 4608 4609 4610
f 4604 4611 4612
f 4613 4603 4602
f 4605 4614 4615
f 4616 4608 4610
f 4613 4606 4617
f 4614 4609 4618
f 4609 4611 4619
f 4604 4620 4621
f 4622 4623 4613
f 4614 4622 4615
f 4616 4620 4624
f 4622 4603 4623
f 4624 4620 4612
f 4603 4618 4609
f 4604 4621 4606
f 4616 4610 4607
f 4610 4614 4607
f 4616 4607 4606
f 4603 4609 4619
f 4621 4616 4606
f 4603 4619 4604
f 4604 4606 4602
f 4605 4617 4606
f 4608 4625 4609
f 4604 4619 4611
f 4613 4623 4603
f 4605 4607 4614
f 4616 4624 4608
f 4613 4602 4606
f 4614 4610 4609
f 4609 4625 4611
f 4604 4612 4620
f 4617 4605 4613
f 4615 4622 4613
f 4613 4605 4615
f 4614 4618 4622
f 4616 4621 4620
f 4622 4618 4603
f 4612 4611 4625
f 4608 4624 4612
f 4612 4625 4608
g Floor_plan_node0
usemtl itu_concrete
v 0.000000 0.000000 -7.000000
v 3.490800 0.000000 -7.000000
v 3.490800 3.000000 -7.000000
v 0.000000 3.000000 -7.000000
v 8.000000 0.000000 6.033050
v 8.000000 0.000000 8.000000
v 8.000000 3.000000 8.000000
v 8.000000 3.000000 6.033050
v -5.255020 0.000000 8.000000
v -8.000000 0.000000 8.000000
v -8.000000 3.000000 8.000000
v -5.255020 3.000000 8.000000
v -8.000000 0.000000 -7.000000
v -8.000000 3.000000 -7.000000
v -8.000000 0.000000 3.000000
v -8.000000 3.000000 3.000000
v -8.000000 0.000000 -2.000000
v -8.000000 3.000000 -2.000000
v -10.000000 0.000000 -2.000000
v -10.000000 3.000000 -2.000000
v -10.000000 0.000000 1.991210
v -10.000000 0.000000 3.000000
v -10.000000 3.000000 3.000000
v -10.000000 3.000000 1.991210
v 0.000000 0.000000 -0.679916
v 0.000000 0.000000 8.000000
v 0.000000 3.000000 8.000000
v 0.000000 3.000000 -0.679916
v 8.000000 0.000000 -7.000000
v 8.000000 3.000000 -7.000000
v 0.000000 0.000000 -4.000000
v 1.997070 0.000000 -4.000000
v 1.997070 3.000000 -4.000000
v 0.000000 3.000000 -4.000000
v -10.000000 0.000000 -1.008790
v -10.000000 3.000000 -1.008790
v 4.490800 0.000000 -7.000000
v 4.490800 3.000000 -7.000000
v -2.755020 0.000000 8.000000
v -2.755020 3.000000 8.000000
v 8.000000 0.000000 3.033050
v 8.000000 3.000000 3.033050
v 3.490800 2.000000 -7.000000
v 4.490800 2.000000 -7.000000
v 3.490800 1.000000 -7.000000
v 4.490800 1.000000 -7.000000
v -5.255020 2.000000 8.000000
v -2.755020 2.000000 8.000000
v -5.255020 1.000000 8.000000
v -2.755020 1.000000 8.000000
v -10.000000 2.500000 1.991210
v -10.000000 2.500000 -1.008790
v -10.000000 0.500000 1.991210
v -10.000000 0.500000 -1.008790
v 8.000000 2.500000 6.033050
v 8.000000 2.500000 3.033050
v 8.000000 0.500000 6.033050
v 8.000000 0.500000 3.033050
v 2.997070 0.000000 -4.000000
v 8.000000 0.000000 -4.000000
v 8.000000 3.000000 -4.000000
v 2.997070 3.000000 -4.000000
v 0.000000 0.000000 -5.721760
v 0.000000 0.000000 -5.263180
v 0.000000 3.000000 -5.263180
v 0.000000 3.000000 -5.721760
v 0.000000 0.000000 -4.263180
v 0.000000 0.000000 -3.679920
v 0.000000 3.000000 -3.679920
v 0.000000 3.000000 -4.263180
v 1.997070 2.700000 -4.000000
v 2.997070 2.700000 -4.000000
v 0.000000 2.700000 -0.679916
v 0.000000 2.700000 -3.679920
v 0.000000 0.000000 -6.721760
v 0.000000 3.000000 -6.721760
v 0.000000 2.700000 -5.721760
v 0.000000 2.700000 -6.721760
f 4626 4627 4628
f 4626 4628 4629
f 4630 4631 4632
f 4630 4632 4633
f 4634 4635 4636
f 4634 4636 4637
f 4638 4626 4629
f 4638 4629 4639
f 4635 4640 4641
f 4635 4641 4636
f 4638 4642 4643
f 4638 4643 4639
f 4642 4644 4645
f 4642 4645 4643
f 4646 4647 4648
f 4646 4648 4649
f 4647 4640 4641
f 4647 4641 4648
f 4650 4651 4652
f 4650 4652 4653
f 4642 4631 4654
f 4644 4647 4640
f 4642 4644 4640
f 4640 4635 4631
f 4642 4640 4631
f 4654 4638 4642
f 4655 4632 4643
f 4641 4648 4645
f 4641 4645 4643
f 4632 4636 4641
f 4632 4641 4643
f 4643 4639 4655
f 4656 4657 4658
f 4656 4658 4659
f 4644 4660 4661
f 4644 4661 4645
f 4662 4654 4655
f 4662 4655 4663
f 4631 4664 4665
f 4631 4665 4632
f 4654 4666 4667
f 4654 4667 4655
f 4668 4669 4663
f 4668 4663 4628
f 4670 4671 4669
f 4670 4669 4668
f 4627 4662 4671
f 4627 4671 4670
f 4672 4673 4665
f 4672 4665 4637
f 4674 4675 4673
f 4674 4673 4672
f 4634 4664 4675
f 4634 4675 4674
f 4676 4677 4661
f 4676 4661 4649
f 4678 4679 4677
f 4678 4677 4676
f 4646 4660 4679
f 4646 4679 4678
f 4680 4681 4667
f 4680 4667 4633
f 4682 4683 4681
f 4682 4681 4680
f 4630 4666 4683
f 4630 4683 4682
f 4684 4685 4686
f 4684 4686 4687
f 4688 4689 4690
f 4688 4690 4691
f 4692 4693 4694
f 4692 4694 4695
f 4696 4697 4687
f 4696 4687 4658
f 4698 4699 4694
f 4698 4694 4653
f 4626 4700 4701
f 4626 4701 4629
f 4702 4703 4701
f 4702 4701 4691
f 4688 4700 4703
f 4688 4703 4702
g Fridge_node0
usemtl itu_metal
v 2.417790 -0.006360 -6.229850
v 3.227790 -0.006360 -6.991850
v 3.227790 -0.006360 -6.229850
v 2.417790 -0.006360 -6.991850
v 2.524090 1.421190 -6.169850
v 2.465280 2.064360 -6.169850
v 2.524090 2.064360 -6.169850
v 2.529080 0.107163 -6.161850
v 2.465470 1.348810 -6.161850
v 2.529080 1.348810 -6.161850
v 2.417790 0.107163 -6.991850
v 3.227790 2.064360 -6.991850
v 2.417790 2.064360 -6.991850
v 3.227790 0.107163 -6.991850
v 3.227790 0.107163 -6.229850
v 3.227790 2.064360 -6.229850
v 2.417790 0.107163 -6.229850
v 2.524090 2.064360 -6.229850
v 2.465280 1.421190 -6.229850
v 2.465280 2.064360 -6.229850
v 2.529080 1.348810 -6.229850
v 2.417790 2.064360 -6.229850
v 2.465470 0.107163 -6.229850
v 2.465470 1.348810 -6.229850
v 2.529080 0.107163 -6.229850
v 2.524090 1.421190 -6.229850
v 2.465470 0.107163 -6.161850
v 2.465280 1.421190 -6.169850
f 4704 4705 4706
f 4704 4707 4705
f 4708 4709 4710
f 4711 4712 4713
f 4714 4715 4716
f 4717 4706 4718
f 4715 4718 4719
f 4720 4707 4714
f 4721 4708 4710
f 4709 4722 4723
f 4719 4716 4715
f 4712 4724 4713
f 4714 4725 4720
f 4709 4721 4710
f 4712 4726 4727
f 4728 4704 4726
f 4718 4714 4720
f 4724 4727 4729
f 4711 4726 4730
f 4708 4722 4731
f 4717 4707 4705
f 4724 4711 4713
f 4708 4731 4709
f 4711 4730 4712
f 4714 4717 4715
f 4717 4705 4706
f 4715 4717 4718
f 4720 4704 4707
f 4721 4729 4708
f 4709 4731 4722
f 4719 4725 4716
f 4712 4727 4724
f 4714 4716 4725
f 4709 4723 4721
f 4712 4730 4726
f 4720 4726 4704
f 4728 4718 4706
f 4706 4704 4728
f 4718 4717 4714
f 4721 4719 4729
f 4718 4728 4724
f 4727 4726 4720
f 4719 4718 4724
f 4727 4720 4725
f 4729 4719 4724
f 4725 4723 4722
f 4722 4729 4727
f 4727 4725 4722
f 4711 4728 4726
f 4708 4729 4722
f 4717 4714 4707
f 4724 4728 4711
g iMac_2__node0
usemtl itu_metal
v -5.617130 0.760050 6.257970
v -5.610230 0.783050 6.251830
v -5.614960 0.760050 6.249870
v -5.494210 1.340070 6.631470
v -5.525260 1.345460 6.635260
v -5.494420 1.339070 6.635260
v -5.618200 0.896668 6.075690
v -5.588130 0.886576 6.076700
v -5.618970 0.892964 6.076700
v -5.494820 1.337160 6.638650
v -5.525920 1.342280 6.640120
v -5.495380 1.334440 6.641420
v -5.592270 0.783050 6.236090
v -5.601340 0.760050 6.234340
v -5.598780 0.783050 6.238780
v -5.620440 0.885864 6.637020
v -5.589900 0.878009 6.633400
v -5.589600 0.879476 6.637020
v -5.616310 0.760050 6.466220
v -5.608660 0.783050 6.471410
v -5.611360 0.783050 6.464900
v -5.595610 0.783050 6.482850
v -5.604840 0.760050 6.483400
v -5.597580 0.760050 6.487590
v -5.588800 0.783050 6.484680
v -5.610770 0.760050 6.477470
v -5.601720 0.783050 6.479330
v -5.606700 0.783050 6.474350
v -5.604840 0.760050 6.236680
v -5.509710 1.095060 6.415340
v -5.508840 1.094560 6.304620
v -5.508840 1.094560 6.415450
v -5.511570 1.095700 6.415200
v -5.512540 1.095840 6.304910
v -5.510630 1.095440 6.304820
v -5.606700 0.783050 6.245730
v -5.610770 0.760050 6.242610
v -5.448260 0.788810 6.483620
v -5.452750 0.785230 6.235650
v -5.452750 0.785230 6.484420
v -5.494210 1.340070 6.088600
v -5.525260 1.345460 6.084820
v -5.525060 1.346450 6.088600
v -5.506020 1.091540 6.303950
v -5.505130 1.089550 6.416570
v -5.506020 1.091540 6.416130
v -5.442700 0.805921 6.240260
v -5.443000 0.799650 6.481210
v -5.442700 0.805921 6.479810
v -5.613100 0.760050 6.473970
v -5.512780 1.095840 6.415170
v -5.510440 1.106840 6.412720
v -5.443000 0.799650 6.238870
v -5.444910 0.793767 6.482520
v -5.526910 1.337510 6.643380
v -5.496070 1.331120 6.643380
v -5.457960 0.783355 6.484840
v -5.457960 0.783355 6.235230
v -5.561260 1.063130 6.644520
v -5.617810 0.898585 6.644520
v -5.560620 1.062690 6.644520
v -5.589980 0.877634 6.631470
v -5.620820 0.884022 6.088600
v -5.589980 0.877634 6.088600
v -5.612050 0.783050 6.258640
v -5.617130 0.760050 6.462100
v -5.612050 0.783050 6.461430
v -5.529070 1.327110 6.080700
v -5.528620 1.329240 6.081140
v -5.527680 1.333810 6.075690
v -5.494820 1.337160 6.081430
v -5.525660 1.343540 6.081430
v -5.589380 0.880544 6.638650
v -5.619960 0.888199 6.079950
v -5.619330 0.891241 6.077570
v -5.588810 0.883255 6.078660
v -5.507280 1.093230 6.415750
v -5.507280 1.093230 6.304330
v -5.589900 0.878009 6.086670
v -5.620440 0.885864 6.083060
v -5.589600 0.879476 6.083060
v -5.588480 0.884853 6.077570
v -5.526910 1.337510 6.076700
v -5.496830 1.327420 6.075690
v -5.588130 0.886576 6.643380
v -5.618200 0.896668 6.644390
v -5.618970 0.892964 6.643380
v -5.465010 0.908225 6.339040
v -5.466650 0.915664 6.330340
v -5.606520 0.953087 6.368200
v -5.606730 0.952083 6.367510
v -5.601000 0.979750 6.624740
v -5.481270 0.981871 6.389740
v -5.479130 0.972175 6.396410
v -5.619660 0.889643 6.641420
v -5.588810 0.883255 6.641420
v -5.608040 0.945734 6.358780
v -5.608040 0.945734 6.361290
v -5.607480 0.948475 6.360040
v -5.525060 1.346450 6.631470
v -5.496830 1.327420 6.644390
v -5.527680 1.333810 6.644390
v -5.620820 0.884022 6.631470
v -5.620750 0.884397 6.086670
v -5.495080 1.335890 6.079950
v -5.525920 1.342280 6.079950
v -5.601720 0.783050 6.240740
v -5.620220 0.886932 6.638650
v -5.525660 1.343540 6.638650
v -5.497230 1.325500 6.644520
v -5.523670 1.226830 6.644520
v -5.523330 1.226120 6.644520
v -5.422740 0.808155 6.479310
v -5.593600 0.760050 6.231130
v -5.588800 0.783050 6.235400
v -5.589470 0.760050 6.230310
v -5.589110 0.881811 6.079950
v -5.526550 1.339240 6.077570
v -5.587360 0.890280 6.075690
v -5.617810 0.898585 6.075560
v -5.512540 1.095840 6.415170
v -5.512780 1.095840 6.415060
v -5.496070 1.331120 6.076700
v -5.504660 1.087860 6.303130
v -5.485420 1.094150 6.304530
v -5.423730 0.814699 6.242220
v -5.444910 0.793767 6.237550
v -5.448260 0.788810 6.236450
v -5.526220 1.340830 6.641420
v -5.620750 0.884397 6.633400
v -5.589470 0.760050 6.489760
v -5.510630 1.095440 6.415260
v -5.494420 1.339070 6.084820
v -5.505130 1.089550 6.303500
v -5.526350 1.228170 6.644520
v -5.525570 1.228120 6.644520
v -5.587360 0.890280 6.644390
v -5.527120 1.228030 6.644520
v -5.562210 1.065980 6.644520
v -5.586960 0.892197 6.644520
v -5.556330 1.064770 6.644520
v -5.556590 1.064030 6.644520
v -5.527820 1.227690 6.644520
v -5.528410 1.227170 6.644520
v -5.557030 1.063380 6.644520
v -5.557620 1.062870 6.644520
v -5.528850 1.226530 6.644520
v -5.529110 1.225790 6.644520
v -5.558330 1.062530 6.644520
v -5.559100 1.062380 6.644520
v -5.562260 1.065200 6.644520
v -5.559880 1.062440 6.644520
v -5.562120 1.064430 6.644520
v -5.561780 1.063730 6.644520
v -5.611450 0.929288 6.341510
v -5.611060 0.931149 6.341130
v -5.601000 0.979750 6.095340
v -5.612200 0.925659 6.342640
v -5.612920 0.922207 6.344250
v -5.613580 0.918991 6.346300
v -5.614190 0.916068 6.348770
v -5.614440 0.914860 6.350030
v -5.614510 0.914510 6.350470
v -5.614770 0.913244 6.354210
v -5.600910 0.980175 6.093160
v -5.527790 1.333260 6.082830
v -5.527420 1.335070 6.084070
v -5.526190 1.341010 6.626920
v -5.526100 1.341440 6.624740
v -5.600770 0.980874 6.091050
v -5.600570 0.981838 6.089060
v -5.526100 1.341440 6.095340
v -5.600320 0.983047 6.087210
v -5.600020 0.984483 6.085540
v -5.526190 1.341010 6.093160
v -5.526330 1.340310 6.091050
v -5.599680 0.986120 6.084070
v -5.599310 0.987931 6.082830
v -5.526530 1.339350 6.089060
v -5.526780 1.338140 6.087210
v -5.598900 0.989884 6.081850
v -5.598470 0.991946 6.081140
v -5.527080 1.336700 6.085540
v -5.598030 0.994081 6.080700
v -5.528200 1.331300 6.081850
v -5.481270 0.981871 6.330340
v -5.482910 0.989311 6.339040
v -5.443300 0.809885 6.478930
v -5.468790 0.925360 6.396410
v -5.466650 0.915664 6.389740
v -5.465010 0.908225 6.381040
v -5.479130 0.972175 6.323660
v -5.476630 0.960884 6.319470
v -5.463620 0.901953 6.360040
v -5.463980 0.903548 6.370910
v -5.473960 0.948768 6.318040
v -5.463980 0.903548 6.349170
v -5.471280 0.936651 6.319470
v -5.468790 0.925360 6.323660
v -5.605570 0.957701 6.369460
v -5.605810 0.956496 6.369380
v -5.607330 0.949176 6.363640
v -5.607410 0.948788 6.362480
v -5.607220 0.949709 6.364750
v -5.606060 0.955312 6.369140
v -5.606300 0.954169 6.368740
v -5.607080 0.950380 6.365770
v -5.606920 0.951175 6.366700
v -5.483940 0.993988 6.349170
v -5.484290 0.995583 6.360040
v -5.471280 0.936651 6.400610
v -5.473960 0.948768 6.402040
v -5.483940 0.993988 6.370910
v -5.476630 0.960884 6.400610
v -5.482910 0.989311 6.381040
v -5.614570 0.914212 6.359150
v -5.614590 0.914144 6.358950
v -5.614550 0.914305 6.359590
v -5.614780 0.913221 6.355050
v -5.614550 0.914305 6.360490
v -5.598030 0.994081 6.639370
v -5.527420 1.335070 6.636000
v -5.526330 1.340310 6.629020
v -5.614570 0.914212 6.360920
v -5.614670 0.913750 6.362080
v -5.614640 0.913897 6.358380
v -5.526530 1.339350 6.631020
v -5.526780 1.338140 6.632870
v -5.614770 0.913241 6.364580
v -5.527080 1.336700 6.634540
v -5.614730 0.913465 6.367080
v -5.527790 1.333260 6.637240
v -5.614660 0.913788 6.368190
v -5.614560 0.914261 6.369220
v -5.528200 1.331300 6.638220
v -5.528620 1.329240 6.638940
v -5.614390 0.915090 6.370300
v -5.614190 0.916068 6.371300
v -5.529070 1.327110 6.639370
v -5.613580 0.918991 6.373770
v -5.613260 0.920566 6.374850
v -5.598470 0.991946 6.638940
v -5.598900 0.989884 6.638220
v -5.612560 0.923907 6.376690
v -5.611730 0.927937 6.374250
v -5.611990 0.926665 6.375740
v -5.612200 0.925659 6.377430
v -5.599310 0.987931 6.637240
v -5.599680 0.986120 6.636000
v -5.608190 0.945015 6.375670
v -5.611070 0.931123 6.372030
v -5.611420 0.929437 6.373000
v -5.610300 0.934853 6.371020
v -5.610690 0.932946 6.371360
v -5.609500 0.938700 6.371340
v -5.609900 0.936790 6.371010
v -5.608770 0.942221 6.372950
v -5.609120 0.940528 6.371990
v -5.608460 0.943732 6.374190
v -5.600020 0.984483 6.634540
v -5.600320 0.983047 6.632870
v -5.600570 0.981838 6.631020
v -5.600770 0.980874 6.629020
v -5.608120 0.945366 6.375240
v -5.608010 0.945911 6.374380
v -5.600910 0.980175 6.626920
v -5.607760 0.947128 6.370780
v -5.607850 0.946673 6.372580
v -5.605580 0.957622 6.368230
v -5.610190 0.935358 6.340750
v -5.609310 0.939604 6.341190
v -5.605630 0.957386 6.367020
v -5.605710 0.956998 6.365850
v -5.608920 0.941502 6.341920
v -5.608570 0.943191 6.342870
v -5.605820 0.956465 6.364750
v -5.605960 0.955794 6.363720
v -5.608010 0.945911 6.345690
v -5.608360 0.944205 6.343630
v -5.608260 0.944704 6.344070
v -5.606130 0.954999 6.362800
v -5.607850 0.946673 6.347500
v -5.606310 0.954091 6.361980
v -5.607760 0.947128 6.349300
v -5.608160 0.945157 6.344570
v -5.608040 0.945743 6.345400
v -5.606520 0.953088 6.361300
v -5.607710 0.947329 6.350670
v -5.606740 0.952005 6.360750
v -5.607700 0.947397 6.352050
v -5.606980 0.950863 6.360360
v -5.607710 0.947329 6.353430
v -5.607230 0.949679 6.360120
v -5.607760 0.947128 6.354800
v -5.607820 0.946793 6.356150
v -5.607460 0.948553 6.361270
v -5.607710 0.947329 6.369400
v -5.607760 0.947128 6.365280
v -5.607710 0.947329 6.366650
v -5.607700 0.947397 6.368030
v -5.607820 0.946793 6.363920
v -5.607920 0.946328 6.357480
v -5.608190 0.945015 6.360040
v -5.607920 0.946328 6.362590
v -5.523240 1.224570 6.644520
v -5.524830 1.227860 6.644520
v -5.524180 1.227420 6.644520
v -5.523180 1.225350 6.644520
v -5.454930 0.760553 6.489930
v -5.449310 0.762051 6.489590
v -5.443940 0.764509 6.489040
v -5.438960 0.767871 6.488290
v -5.434470 0.772060 6.487360
v -5.423370 0.794926 6.482260
v -5.486400 1.097730 6.414750
v -5.493630 1.110090 6.411990
v -5.498870 1.114540 6.411000
v -5.504860 1.117500 6.410340
v -5.508310 1.118420 6.410130
v -5.489400 1.104390 6.413260
v -5.427400 0.782517 6.485030
v -5.495710 1.332850 6.077570
v -5.512780 1.095840 6.304910
v -5.454930 0.760553 6.230150
v -5.443940 0.764509 6.231030
v -5.434470 0.772060 6.232720
v -5.423370 0.794926 6.237810
v -5.427400 0.782517 6.235050
v -5.422740 0.808155 6.240760
v -5.486400 1.097730 6.305330
v -5.493630 1.110090 6.308080
v -5.489400 1.104390 6.306810
v -5.504860 1.117500 6.309740
v -5.498870 1.114540 6.309080
v -5.510440 1.106840 6.307360
v -5.508310 1.118420 6.309940
v -5.438960 0.767871 6.231780
v -5.449310 0.762051 6.230480
v -5.567880 0.937071 6.114220
v -5.567860 0.937188 6.114220
v -5.492990 1.309310 6.582040
v -5.492990 1.309310 6.138040
v -5.493390 1.319600 6.582040
v -5.493390 1.319600 6.138040
v -5.572780 0.913428 6.114220
v -5.493570 1.324230 6.629010
v -5.492640 1.300380 6.114220
v -5.530830 1.025250 6.487840
v -5.457250 0.966543 6.319470
v -5.454570 0.954427 6.318040
v -5.451900 0.942310 6.319470
v -5.464560 0.999647 6.370910
v -5.464910 1.001240 6.360040
v -5.444590 0.909207 6.349170
v -5.463520 0.994970 6.339040
v -5.464560 0.999647 6.349170
v -5.454570 0.954427 6.402040
v -5.457250 0.966543 6.400610
v -5.444590 0.909207 6.370910
v -5.445620 0.913884 6.339040
v -5.459740 0.977834 6.396410
v -5.461880 0.987530 6.389740
v -5.463520 0.994970 6.381040
v -5.447270 0.921323 6.330340
v -5.451900 0.942310 6.400610
v -5.461880 0.987530 6.330340
v -5.444240 0.907612 6.360040
v -5.447270 0.921323 6.389740
v -5.449410 0.931019 6.396410
v -5.449410 0.931019 6.323660
v -5.445620 0.913884 6.381040
v -5.459740 0.977834 6.323660
v -5.567880 0.937084 6.114190
v -5.560620 1.062690 6.474520
v -5.523240 1.224570 6.474520
v -5.557620 1.062870 6.474520
v -5.561260 1.063130 6.474520
v -5.561780 1.063730 6.474520
v -5.525570 1.228120 6.474520
v -5.556590 1.064030 6.474520
v -5.562210 1.065980 6.474520
v -5.526350 1.228170 6.474520
v -5.527820 1.227690 6.474520
v -5.559100 1.062380 6.474520
v -5.562120 1.064430 6.474520
v -5.562260 1.065200 6.474520
v -5.528850 1.226530 6.474520
v -5.528410 1.227170 6.474520
v -5.523180 1.225350 6.474520
v -5.524180 1.227420 6.474520
v -5.523330 1.226120 6.474520
v -5.558330 1.062530 6.474520
v -5.523670 1.226830 6.474520
v -5.527120 1.228030 6.474520
v -5.559880 1.062440 6.474520
v -5.524830 1.227860 6.474520
v -5.556330 1.064770 6.474520
v -5.557030 1.063380 6.474520
v -5.529110 1.225790 6.474520
v -5.515690 1.314010 6.582040
v -5.515690 1.314010 6.138040
v -5.513670 1.323800 6.138040
v -5.513670 1.323800 6.582040
f 4732 4733 4734
f 4735 4736 4737
f 4738 4739 4740
f 4741 4742 4743
f 4744 4745 4746
f 4747 4748 4749
f 4750 4751 4752
f 4753 4754 4755
f 4755 4756 4753
f 4757 4758 4759
f 4760 4746 4745
f 4761 4762 4763
f 4764 4765 4766
f 4734 4767 4768
f 4769 4770 4771
f 4772 4773 4774
f 4775 4776 4777
f 4778 4779 4780
f 4781 4759 4751
f 4782 4764 4783
f 4784 4785 4779
f 4743 4786 4787
f 4788 4770 4789
f 4790 4791 4792
f 4793 4794 4795
f 4796 4797 4798
f 4799 4800 4801
f 4773 4802 4803
f 4804 4747 4749
f 4805 4806 4807
f 4808 4762 4809
f 4810 4811 4812
f 4740 4813 4806
f 4814 4815 4801
f 4816 4817 4818
f 4794 4810 4795
f 4819 4820 4778
f 4821 4822 4823
f 4776 4824 4825
f 4816 4826 4827
f 4828 4829 4830
f 4772 4831 4735
f 4775 4808 4809
f 4832 4786 4833
f 4794 4834 4835
f 4803 4836 4837
f 4838 4768 4767
f 4804 4826 4839
f 4741 4736 4840
f 4841 4842 4843
f 4844 4780 4779
f 4797 4752 4798
f 4845 4846 4847
f 4812 4805 4848
f 4836 4849 4837
f 4796 4798 4789
f 4850 4851 4815
f 4852 4853 4765
f 4849 4854 4814
f 4855 4856 4857
f 4748 4834 4793
f 4769 4858 4859
f 4732 4796 4733
f 4735 4831 4736
f 4738 4850 4739
f 4860 4743 4742
f 4741 4840 4742
f 4744 4845 4745
f 4747 4861 4748
f 4750 4781 4751
f 4753 4758 4754
f 4755 4862 4756
f 4757 4754 4758
f 4760 4838 4746
f 4761 4863 4766
f 4766 4762 4761
f 4766 4863 4764
f 4764 4852 4765
f 4734 4733 4767
f 4769 4859 4770
f 4772 4864 4773
f 4775 4865 4776
f 4778 4784 4779
f 4781 4757 4759
f 4782 4852 4764
f 4784 4858 4785
f 4743 4860 4786
f 4788 4771 4770
f 4866 4867 4841
f 4841 4832 4833
f 4791 4817 4868
f 4866 4841 4833
f 4869 4866 4833
f 4833 4791 4870
f 4868 4871 4791
f 4871 4872 4873
f 4874 4869 4833
f 4875 4874 4833
f 4871 4873 4876
f 4871 4876 4877
f 4878 4875 4833
f 4879 4878 4833
f 4871 4877 4880
f 4871 4880 4881
f 4870 4879 4833
f 4870 4791 4882
f 4871 4881 4883
f 4871 4883 4791
f 4882 4791 4884
f 4884 4791 4885
f 4883 4792 4791
f 4885 4791 4790
f 4793 4834 4794
f 4796 4732 4797
f 4886 4887 4851
f 4887 4888 4851
f 4889 4886 4851
f 4890 4889 4851
f 4891 4890 4851
f 4892 4891 4851
f 4893 4892 4851
f 4894 4893 4851
f 4851 4791 4895
f 4895 4894 4851
f 4851 4888 4896
f 4814 4801 4897
f 4837 4849 4898
f 4899 4860 4742
f 4900 4899 4742
f 4849 4814 4898
f 4851 4896 4901
f 4851 4901 4902
f 4900 4742 4903
f 4903 4742 4837
f 4851 4902 4904
f 4851 4904 4905
f 4906 4903 4837
f 4907 4906 4837
f 4851 4905 4908
f 4851 4908 4909
f 4910 4907 4837
f 4911 4910 4837
f 4851 4909 4912
f 4851 4912 4913
f 4914 4911 4837
f 4898 4914 4837
f 4851 4913 4915
f 4851 4915 4801
f 4897 4898 4814
f 4916 4897 4801
f 4801 4915 4799
f 4800 4916 4801
f 4773 4864 4802
f 4804 4839 4747
f 4813 4807 4806
f 4848 4805 4807
f 4808 4763 4762
f 4810 4835 4811
f 4740 4739 4813
f 4814 4854 4815
f 4816 4868 4817
f 4794 4835 4810
f 4917 4918 4855
f 4778 4780 4919
f 4919 4920 4921
f 4919 4921 4922
f 4923 4917 4855
f 4924 4923 4855
f 4778 4919 4925
f 4919 4922 4926
f 4924 4855 4778
f 4927 4924 4778
f 4919 4926 4925
f 4778 4925 4928
f 4929 4927 4778
f 4930 4929 4778
f 4778 4928 4819
f 4820 4930 4778
f 4823 4888 4931
f 4823 4931 4932
f 4933 4934 4823
f 4935 4933 4823
f 4823 4932 4936
f 4823 4936 4937
f 4938 4935 4823
f 4939 4938 4823
f 4823 4937 4821
f 4822 4939 4823
f 4776 4865 4855
f 4855 4918 4940
f 4855 4940 4941
f 4942 4920 4919
f 4943 4942 4919
f 4776 4855 4941
f 4776 4941 4944
f 4943 4919 4945
f 4945 4919 4776
f 4776 4944 4946
f 4776 4946 4824
f 4825 4945 4776
f 4816 4818 4826
f 4947 4948 4949
f 4950 4895 4791
f 4949 4948 4951
f 4791 4833 4952
f 4786 4860 4953
f 4860 4899 4954
f 4951 4948 4955
f 4956 4955 4957
f 4955 4948 4957
f 4860 4954 4958
f 4860 4958 4959
f 4956 4957 4950
f 4960 4956 4950
f 4860 4959 4961
f 4860 4961 4953
f 4960 4950 4791
f 4962 4960 4791
f 4786 4953 4963
f 4786 4963 4833
f 4964 4962 4791
f 4965 4964 4791
f 4963 4966 4833
f 4966 4967 4833
f 4968 4965 4791
f 4969 4968 4791
f 4833 4967 4970
f 4833 4970 4952
f 4971 4969 4791
f 4972 4971 4791
f 4791 4952 4973
f 4791 4973 4974
f 4975 4972 4791
f 4976 4977 4978
f 4978 4975 4791
f 4791 4974 4979
f 4791 4979 4980
f 4976 4978 4981
f 4982 4983 4976
f 4984 4985 4982
f 4986 4987 4984
f 4988 4989 4986
f 4981 4990 4986
f 4990 4988 4986
f 4986 4984 4976
f 4982 4976 4984
f 4791 4980 4991
f 4791 4991 4992
f 4986 4976 4981
f 4981 4978 4823
f 4791 4992 4993
f 4791 4993 4994
f 4995 4981 4823
f 4996 4995 4823
f 4791 4994 4997
f 4823 4934 4998
f 4791 4997 4823
f 4999 4996 4823
f 4998 4999 4823
f 5000 4931 4888
f 4888 4887 5001
f 4888 5001 5002
f 5003 5000 4888
f 5004 5003 4888
f 4888 5002 5005
f 4888 5005 5006
f 5007 5004 4888
f 5008 5007 5009
f 4888 5006 5010
f 4888 5010 5011
f 5012 5008 5013
f 5014 5012 5015
f 4888 5011 5016
f 4888 5016 5017
f 5018 5014 5019
f 5020 5018 5021
f 4888 5017 5009
f 4888 5009 5007
f 5022 5020 5023
f 5024 5022 5025
f 5009 5013 5008
f 5013 5015 5012
f 4830 5024 5026
f 5014 5015 5019
f 5018 5019 5021
f 5027 4830 4829
f 5020 5021 5023
f 4978 4791 4823
f 5028 4998 4934
f 4934 5029 5030
f 5022 5023 5025
f 5031 5028 4934
f 5030 5031 4934
f 5024 5025 5026
f 5032 5029 4934
f 4830 5026 5033
f 4828 5034 4829
f 4934 5035 5032
f 4934 5027 5035
f 5033 4828 4830
f 5035 5027 4829
f 4772 4774 4831
f 4775 4777 4808
f 4832 4787 4786
f 4803 4802 4836
f 4838 4760 4768
f 4804 4827 4826
f 4741 4737 4736
f 5036 4872 4841
f 4841 4867 5037
f 4841 5037 5038
f 4872 4871 4841
f 5039 5036 4841
f 4841 5038 4842
f 4843 5039 4841
f 4756 4862 4788
f 5040 5041 4788
f 5042 5043 4771
f 5044 4769 4771
f 5045 4844 4779
f 5046 4777 4776
f 5047 5048 4783
f 5049 5050 4783
f 4783 4761 4763
f 4783 4763 4808
f 5048 5049 4783
f 4844 5046 4919
f 5042 4771 4788
f 4862 5040 4788
f 4788 5041 5042
f 5047 4783 4808
f 5047 4808 5051
f 5043 5044 4771
f 5044 5052 4769
f 4808 4777 5051
f 4777 5046 5051
f 4769 5052 4785
f 4785 5052 5045
f 5046 4776 4919
f 4844 4919 4780
f 4779 4785 5045
f 4797 4750 4752
f 4845 4744 4846
f 4812 4811 4805
f 4836 5053 4849
f 4758 4753 4756
f 4756 4788 4798
f 4789 4846 4796
f 4744 4746 4838
f 4838 4767 4733
f 4733 4796 4744
f 4798 4752 4751
f 4751 4759 4758
f 4758 4756 4798
f 4846 4744 4796
f 4838 4733 4744
f 4798 4751 4758
f 4788 4789 4798
f 4801 4815 4851
f 4850 4738 4851
f 5054 4765 4853
f 4852 4782 4853
f 4849 5053 4854
f 5055 4847 4789
f 4847 4846 4789
f 5056 4789 4770
f 5057 4770 4859
f 5058 5059 4858
f 4857 5060 4778
f 5061 4856 4865
f 5062 5063 4809
f 5064 5065 5066
f 5066 5067 5064
f 4765 5054 5066
f 4766 4765 5066
f 5066 5065 5062
f 5063 5061 4775
f 5060 5058 4784
f 5068 4770 5057
f 5055 4789 5069
f 4789 5056 5069
f 5059 5057 4859
f 4766 5066 4762
f 4762 5066 4809
f 5056 4770 5068
f 5059 4859 4858
f 4809 5066 5062
f 4775 4809 5063
f 5058 4858 4784
f 5060 4784 4778
f 4865 4775 5061
f 4857 4778 4855
f 4855 4865 4856
f 4748 4861 4834
f 4769 4785 4858
f 5054 5070 5071
f 5072 5050 5073
f 4735 5074 5075
f 4795 4807 5076
f 4832 5077 4787
f 5078 5066 5054
f 5054 4853 5079
f 5079 5076 5054
f 5071 5078 5054
f 5076 5070 5054
f 5072 5074 5077
f 5079 4853 4782
f 5079 4782 4783
f 5072 5077 5079
f 5078 5073 5067
f 5067 5066 5078
f 5079 4783 5050
f 5050 5067 5073
f 5072 5079 5050
f 4802 4864 4772
f 4772 4735 5075
f 4737 4741 5077
f 5077 5074 4735
f 5075 5073 5078
f 5078 4802 4772
f 4735 4737 5077
f 5075 5078 4772
f 5076 5079 4793
f 4827 4804 4749
f 4749 4748 4827
f 4793 4795 5076
f 4810 4812 4807
f 4848 4807 4812
f 5079 4827 4793
f 4748 4793 4827
f 4810 4807 4795
f 4743 4787 5077
f 4832 4841 5077
f 4871 4868 4827
f 4816 4827 4868
f 5079 5077 4841
f 4741 4743 5077
f 4841 4871 5079
f 4827 5079 4871
f 5049 5065 5064
f 5080 4923 4924
f 5081 5082 4857
f 5083 4941 5084
f 5050 5064 5067
f 4862 4754 4797
f 5085 4819 4928
f 4940 5086 5087
f 5059 5045 5052
f 5088 4945 5089
f 5088 5089 4844
f 4922 5090 4926
f 5048 5062 5065
f 5081 4924 4927
f 5091 4820 4819
f 5042 5068 5043
f 5092 4824 5093
f 5094 4944 5083
f 5095 4930 4820
f 5062 5051 5063
f 5096 4943 5088
f 4918 5097 5086
f 5098 4928 4925
f 5082 4927 4929
f 5093 4946 5094
f 5099 4920 5100
f 5089 4825 5092
f 5059 5044 5057
f 4941 5087 5084
f 5101 4929 4930
f 4921 5102 4922
f 5045 5060 4844
f 5046 5063 5051
f 4926 5098 4925
f 5103 4917 4923
f 5100 4942 5096
f 5041 5040 5069
f 5049 5048 5065
f 5080 5103 4923
f 4856 5086 5097
f 4856 5097 5103
f 5095 5091 4857
f 5101 5095 4857
f 4857 4856 5080
f 4856 5103 5080
f 5082 5101 4857
f 4857 5080 5081
f 5083 4944 4941
f 5050 5049 5064
f 4797 4732 5055
f 4734 4768 4760
f 4760 4745 4845
f 4845 4847 4732
f 5055 5040 4797
f 4862 4755 4754
f 4754 4757 4797
f 4781 4750 4797
f 4732 4847 5055
f 4760 4845 4734
f 5040 4862 4797
f 4757 4781 4797
f 4734 4845 4732
f 5085 5091 4819
f 4940 4918 5086
f 5059 5058 5045
f 5088 4943 4945
f 5087 5086 4856
f 4856 5061 5046
f 4844 5060 4857
f 4857 5091 5085
f 4857 5085 5098
f 5087 4856 5084
f 5084 4856 5046
f 4844 4857 5098
f 4844 5098 5090
f 5083 5084 5046
f 5094 5083 5046
f 4844 5090 5102
f 4844 5102 5099
f 5093 5094 5046
f 5092 5093 5046
f 4844 5099 5100
f 4844 5100 5096
f 5092 5046 5089
f 5089 5046 4844
f 4844 5096 5088
f 4922 5102 5090
f 5048 5047 5062
f 5081 5080 4924
f 5091 5095 4820
f 5044 5043 5068
f 5042 5056 5068
f 5068 5057 5044
f 5092 4825 4824
f 5094 4946 4944
f 5095 5101 4930
f 5062 5047 5051
f 5096 4942 4943
f 4918 4917 5097
f 5098 5085 4928
f 5082 5081 4927
f 5093 4824 4946
f 5099 4921 4920
f 5089 4945 4825
f 5059 5052 5044
f 4941 4940 5087
f 5101 5082 4929
f 4921 5099 5102
f 5045 5058 5060
f 5046 5061 5063
f 4926 5090 5098
f 5103 5097 4917
f 5100 4920 4942
f 5069 5056 5042
f 5042 5041 5069
f 5040 5055 5069
f 4815 5071 4850
f 5104 5070 5076
f 5076 4807 4850
f 4813 4739 4807
f 4850 5071 5104
f 4854 5053 4802
f 4836 4802 5053
f 5078 5071 4815
f 5104 5076 4850
f 4739 4850 4807
f 4854 4802 4815
f 5078 4815 4802
f 4883 5105 4792
f 5036 5039 5106
f 4876 5107 4877
f 4885 5108 5109
f 4866 5110 4867
f 5111 4876 4873
f 4870 4882 5112
f 4869 5113 4866
f 4875 5114 4874
f 4880 5115 4881
f 4884 5109 5116
f 4882 5116 5117
f 4875 5118 5119
f 5114 5118 5120
f 5037 5121 5038
f 5122 5039 4843
f 4792 5108 4790
f 4877 5123 4880
f 5121 4842 5038
f 5124 4843 4842
f 4874 5125 4869
f 4881 5126 4883
f 4867 5127 5037
f 4883 5126 5105
f 5106 5128 4872
f 5111 4873 4872
f 4872 5036 5106
f 5039 5120 5106
f 5128 5111 4872
f 4876 5129 5107
f 4885 4790 5108
f 4866 5113 5110
f 5111 5129 4876
f 5130 5118 4878
f 4879 4870 5112
f 5130 4878 4879
f 4882 5117 5112
f 5112 5130 4879
f 4869 5125 5113
f 4875 5119 5114
f 4880 5123 5115
f 4884 4885 5109
f 4882 4884 5116
f 4875 4878 5118
f 5128 5106 5130
f 5120 5122 5124
f 5124 5121 5120
f 5127 5110 5113
f 5113 5125 5114
f 5114 5119 5118
f 5118 5130 5106
f 5112 5117 5116
f 5116 5109 5108
f 5108 5105 5126
f 5126 5115 5123
f 5123 5107 5126
f 5129 5111 5128
f 5106 5120 5118
f 5121 5127 5120
f 5113 5114 5120
f 5130 5112 5128
f 5116 5108 5126
f 5126 5107 5129
f 5129 5112 5126
f 5127 5113 5120
f 5112 5116 5126
f 5129 5128 5112
f 5037 5127 5121
f 5122 5120 5039
f 4792 5105 5108
f 4877 5107 5123
f 5121 5124 4842
f 5124 5122 4843
f 4874 5114 5125
f 4881 5115 5126
f 4867 5110 5127
f 4811 4738 4835
f 5131 5073 5072
f 5075 5132 5133
f 4761 4764 4783
f 5074 5131 5072
f 4938 4935 5018
f 4803 4774 4837
f 5133 5131 5134
f 4971 4969 4983
f 5074 5133 5134
f 4900 4970 4823
f 4826 4839 4747
f 4747 4861 4834
f 4834 4835 4851
f 4811 4805 4738
f 4806 4740 4738
f 4738 4851 4835
f 4791 4817 4818
f 4818 4826 4747
f 4747 4834 4818
f 4805 4806 4738
f 4851 4791 4834
f 4818 4834 4791
f 5131 5132 5073
f 5075 5073 5132
f 4761 4863 4764
f 5074 5134 5131
f 5018 5014 4938
f 5012 5008 4822
f 5007 5004 4937
f 5003 5000 4932
f 4931 4932 5000
f 4936 4937 5004
f 4821 4822 5008
f 4939 4938 5014
f 4935 4933 5018
f 4934 5027 5022
f 4830 5024 5027
f 5022 5020 4934
f 5014 5012 4939
f 5004 5003 4936
f 4932 4936 5003
f 4822 4939 5012
f 4933 5020 5018
f 5024 5022 5027
f 5008 5007 4821
f 4937 4821 5007
f 4934 5020 4933
f 4736 4840 4742
f 4742 4837 4774
f 4803 4773 4774
f 4774 4831 4742
f 4736 4742 4831
f 5133 5132 5131
f 5025 5026 5001
f 5033 4828 5001
f 5034 4829 4986
f 5035 5032 4986
f 5029 5030 4989
f 5031 5028 4989
f 4998 4999 4988
f 4996 4995 4990
f 4995 4981 4990
f 5028 4998 4988
f 5032 5029 4986
f 5026 5033 5001
f 4829 5035 4986
f 4999 4996 4990
f 4999 4990 4988
f 5023 5025 5001
f 5030 5031 4989
f 5028 4988 4989
f 5021 5023 5001
f 5015 5019 5002
f 5009 5013 5010
f 5016 5017 5009
f 5010 5011 5016
f 5005 5013 5015
f 5001 5002 5019
f 4886 4887 5034
f 4890 4889 4985
f 4892 4891 4947
f 4894 4893 4895
f 4950 4895 4893
f 4948 4957 4892
f 4947 4948 4892
f 4950 4893 4892
f 4891 4949 4947
f 4887 5001 5034
f 5006 5013 5005
f 5016 5009 5010
f 5019 5021 5001
f 5029 4989 4986
f 5034 4986 4987
f 5013 5006 5010
f 5001 4828 5034
f 4950 4892 4957
f 4891 4890 4949
f 5005 5015 5002
f 5034 4987 4984
f 5034 4984 4985
f 4889 4886 5034
f 4949 4890 4985
f 5034 4985 4889
f 4985 4982 4949
f 4951 4949 4982
f 4960 4956 4969
f 4955 4951 4983
f 4951 4982 4983
f 4962 4960 4968
f 4965 4964 4968
f 4969 4968 4960
f 4972 4971 4976
f 4978 4975 4977
f 4977 4975 4972
f 4971 4983 4976
f 4964 4962 4968
f 4955 4983 4969
f 4976 4977 4972
f 4969 4956 4955
f 5074 5075 5133
f 4901 4902 4904
f 4904 4905 4908
f 4908 4909 4912
f 4912 4913 4908
f 4915 4799 4903
f 4800 4916 4897
f 4897 4898 4914
f 4914 4911 4897
f 4910 4907 4906
f 4906 4903 4799
f 4900 4899 4954
f 4954 4958 4959
f 4959 4961 4953
f 4953 4963 4959
f 4966 4967 4970
f 4970 4952 4823
f 4973 4974 4952
f 4979 4980 4991
f 4991 4992 4997
f 4993 4994 4997
f 4997 4823 4952
f 4888 4896 4901
f 4901 4904 4915
f 4908 4913 4915
f 4799 4800 4906
f 4897 4911 4910
f 4910 4906 4800
f 4900 4954 4959
f 4959 4963 4966
f 4966 4970 4959
f 4974 4979 4997
f 4992 4993 4997
f 4823 4888 4900
f 4904 4908 4915
f 4800 4897 4910
f 4903 4888 4915
f 4959 4970 4900
f 4979 4991 4997
f 4888 4901 4915
f 4903 4900 4888
f 4952 4974 4997
g iMac_node0
usemtl itu_metal
v 7.492410 0.760000 -2.937680
v 7.499320 0.783000 -2.943820
v 7.494580 0.760000 -2.945780
v 7.615330 1.340020 -2.564180
v 7.584280 1.345410 -2.560390
v 7.615120 1.339020 -2.560390
v 7.491340 0.896618 -3.119970
v 7.521420 0.886526 -3.118950
v 7.490570 0.892914 -3.118950
v 7.614730 1.337110 -2.557000
v 7.583620 1.342230 -2.555530
v 7.614170 1.334390 -2.554230
v 7.517270 0.783000 -2.959570
v 7.508200 0.760000 -2.961310
v 7.510760 0.783000 -2.956870
v 7.489100 0.885814 -2.558630
v 7.519640 0.877959 -2.562250
v 7.519950 0.879426 -2.558630
v 7.493230 0.760000 -2.729430
v 7.500880 0.783000 -2.724240
v 7.498180 0.783000 -2.730750
v 7.513930 0.783000 -2.712800
v 7.504700 0.760000 -2.712250
v 7.511970 0.760000 -2.708060
v 7.520740 0.783000 -2.710970
v 7.498770 0.760000 -2.718190
v 7.507830 0.783000 -2.716320
v 7.502840 0.783000 -2.721310
v 7.504700 0.760000 -2.958980
v 7.599830 1.095010 -2.780310
v 7.600700 1.094510 -2.891030
v 7.600700 1.094510 -2.780200
v 7.597970 1.095650 -2.780450
v 7.597010 1.095790 -2.890750
v 7.598920 1.095390 -2.890830
v 7.502840 0.783000 -2.949920
v 7.498770 0.760000 -2.953040
v 7.661280 0.788760 -2.712030
v 7.656790 0.785180 -2.960000
v 7.656790 0.785180 -2.711230
v 7.615330 1.340020 -3.107050
v 7.584280 1.345410 -3.110830
v 7.584480 1.346400 -3.107050
v 7.603520 1.091490 -2.891700
v 7.604420 1.089500 -2.779080
v 7.603520 1.091490 -2.779520
v 7.666840 0.805871 -2.955390
v 7.666540 0.799600 -2.714440
v 7.666840 0.805871 -2.715840
v 7.496440 0.760000 -2.721680
v 7.596760 1.095790 -2.780480
v 7.599100 1.106790 -2.782940
v 7.666540 0.799600 -2.956790
v 7.664630 0.793717 -2.713130
v 7.582630 1.337460 -2.552280
v 7.613480 1.331070 -2.552280
v 7.651580 0.783305 -2.710810
v 7.651580 0.783305 -2.960420
v 7.548280 1.063080 -2.551130
v 7.491730 0.898535 -2.551130
v 7.548930 1.062640 -2.551130
v 7.519560 0.877584 -2.564180
v 7.488720 0.883972 -3.107050
v 7.519560 0.877584 -3.107050
v 7.497490 0.783000 -2.937010
v 7.492410 0.760000 -2.733550
v 7.497490 0.783000 -2.734220
v 7.580480 1.327060 -3.114950
v 7.580920 1.329190 -3.114520
v 7.581870 1.333760 -3.119970
v 7.614730 1.337110 -3.114230
v 7.583880 1.343490 -3.114230
v 7.520170 0.880494 -2.557000
v 7.489580 0.888149 -3.115700
v 7.490210 0.891191 -3.118080
v 7.520730 0.883205 -3.116990
v 7.602260 1.093180 -2.779900
v 7.602260 1.093180 -2.891330
v 7.519640 0.877959 -3.108980
v 7.489100 0.885814 -3.112590
v 7.519950 0.879426 -3.112590
v 7.521060 0.884803 -3.118080
v 7.582630 1.337460 -3.118950
v 7.612710 1.327370 -3.119970
v 7.521420 0.886526 -2.552280
v 7.491340 0.896618 -2.551260
v 7.490570 0.892914 -2.552280
v 7.644530 0.908175 -2.856610
v 7.642890 0.915614 -2.865310
v 7.503020 0.953037 -2.827450
v 7.502810 0.952033 -2.828140
v 7.508540 0.979700 -2.570920
v 7.628280 0.981821 -2.805920
v 7.630420 0.972125 -2.799240
v 7.489880 0.889593 -2.554230
v 7.520730 0.883205 -2.554230
v 7.501500 0.945684 -2.836870
v 7.501500 0.945684 -2.834360
v 7.502070 0.948425 -2.835610
v 7.584480 1.346400 -2.564180
v 7.612710 1.327370 -2.551260
v 7.581870 1.333760 -2.551260
v 7.488720 0.883972 -2.564180
v 7.488800 0.884347 -3.108980
v 7.614460 1.335840 -3.115700
v 7.583620 1.342230 -3.115700
v 7.507830 0.783000 -2.954910
v 7.489320 0.886882 -2.557000
v 7.583880 1.343490 -2.557000
v 7.612310 1.325450 -2.551130
v 7.585880 1.226780 -2.551130
v 7.586220 1.226070 -2.551130
v 7.686810 0.808105 -2.716340
v 7.515950 0.760000 -2.964520
v 7.520740 0.783000 -2.960260
v 7.520070 0.760000 -2.965340
v 7.520430 0.881761 -3.115700
v 7.582990 1.339190 -3.118080
v 7.522180 0.890230 -3.119970
v 7.491730 0.898535 -3.120090
v 7.597010 1.095790 -2.780480
v 7.596770 1.095790 -2.780590
v 7.613480 1.331070 -3.118950
v 7.604880 1.087810 -2.892520
v 7.624130 1.094100 -2.891120
v 7.685810 0.814649 -2.953430
v 7.664630 0.793717 -2.958100
v 7.661280 0.788760 -2.959200
v 7.583320 1.340780 -2.554230
v 7.488800 0.884347 -2.562250
v 7.520070 0.760000 -2.705890
v 7.598920 1.095390 -2.780400
v 7.615120 1.339020 -3.110830
v 7.604420 1.089500 -2.892150
v 7.583200 1.228120 -2.551130
v 7.583980 1.228070 -2.551130
v 7.522180 0.890230 -2.551260
v 7.582430 1.227980 -2.551130
v 7.547340 1.065930 -2.551130
v 7.522580 0.892147 -2.551130
v 7.553210 1.064720 -2.551130
v 7.552950 1.063980 -2.551130
v 7.581720 1.227640 -2.551130
v 7.581130 1.227120 -2.551130
v 7.552510 1.063330 -2.551130
v 7.551920 1.062820 -2.551130
v 7.580690 1.226480 -2.551130
v 7.580430 1.225740 -2.551130
v 7.551220 1.062480 -2.551130
v 7.550450 1.062330 -2.551130
v 7.547280 1.065150 -2.551130
v 7.549670 1.062390 -2.551130
v 7.547430 1.064380 -2.551130
v 7.547770 1.063680 -2.551130
v 7.498090 0.929238 -2.854140
v 7.498480 0.931099 -2.854520
v 7.508540 0.979700 -3.100310
v 7.497340 0.925609 -2.853010
v 7.496630 0.922157 -2.851400
v 7.495960 0.918941 -2.849350
v 7.495360 0.916018 -2.846880
v 7.495110 0.914810 -2.845620
v 7.495030 0.914460 -2.845180
v 7.494770 0.913194 -2.841450
v 7.508630 0.980125 -3.102490
v 7.581750 1.333210 -3.112820
v 7.582130 1.335020 -3.111580
v 7.583360 1.340960 -2.568730
v 7.583450 1.341390 -2.570920
v 7.508780 0.980824 -3.104600
v 7.508980 0.981788 -3.106590
v 7.583450 1.341390 -3.100310
v 7.509230 0.982997 -3.108440
v 7.509520 0.984433 -3.110120
v 7.583360 1.340960 -3.102490
v 7.583210 1.340260 -3.104600
v 7.509860 0.986070 -3.111580
v 7.510240 0.987881 -3.112820
v 7.583010 1.339300 -3.106590
v 7.582760 1.338090 -3.108440
v 7.510640 0.989834 -3.113800
v 7.511070 0.991896 -3.114520
v 7.582470 1.336650 -3.110120
v 7.511510 0.994031 -3.114950
v 7.581350 1.331250 -3.113800
v 7.628280 0.981821 -2.865310
v 7.626630 0.989261 -2.856610
v 7.666240 0.809835 -2.716730
v 7.640750 0.925310 -2.799240
v 7.642890 0.915614 -2.805920
v 7.644530 0.908175 -2.814610
v 7.630420 0.972125 -2.871990
v 7.632910 0.960834 -2.876180
v 7.645920 0.901903 -2.835610
v 7.645570 0.903498 -2.824740
v 7.635580 0.948718 -2.877610
v 7.645570 0.903498 -2.846480
v 7.638260 0.936601 -2.876180
v 7.640750 0.925310 -2.871990
v 7.503980 0.957651 -2.826190
v 7.503730 0.956446 -2.826270
v 7.502210 0.949126 -2.832010
v 7.502130 0.948738 -2.833180
v 7.502320 0.949659 -2.830900
v 7.503480 0.955262 -2.826510
v 7.503250 0.954119 -2.826910
v 7.502460 0.950330 -2.829880
v 7.502630 0.951125 -2.828950
v 7.625600 0.993938 -2.846480
v 7.625250 0.995533 -2.835610
v 7.638260 0.936601 -2.795050
v 7.635580 0.948718 -2.793610
v 7.625600 0.993938 -2.824740
v 7.632910 0.960834 -2.795050
v 7.626630 0.989261 -2.814610
v 7.494970 0.914162 -2.836500
v 7.494960 0.914094 -2.836710
v 7.494990 0.914255 -2.836070
v 7.494770 0.913171 -2.840600
v 7.494990 0.914255 -2.835160
v 7.511510 0.994031 -2.556280
v 7.582130 1.335020 -2.559650
v 7.583210 1.340260 -2.566630
v 7.494970 0.914162 -2.834730
v 7.494880 0.913700 -2.833570
v 7.494910 0.913847 -2.837270
v 7.583010 1.339300 -2.564630
v 7.582760 1.338090 -2.562790
v 7.494770 0.913191 -2.831070
v 7.582470 1.336650 -2.561110
v 7.494820 0.913415 -2.828570
v 7.581750 1.333210 -2.558410
v 7.494880 0.913738 -2.827460
v 7.494980 0.914211 -2.826430
v 7.581350 1.331250 -2.557430
v 7.580920 1.329190 -2.556710
v 7.495150 0.915040 -2.825350
v 7.495360 0.916018 -2.824350
v 7.580480 1.327060 -2.556280
v 7.495960 0.918941 -2.821880
v 7.496290 0.920516 -2.820800
v 7.511070 0.991896 -2.556710
v 7.510640 0.989834 -2.557430
v 7.496980 0.923857 -2.818960
v 7.497810 0.927887 -2.821400
v 7.497550 0.926615 -2.819910
v 7.497340 0.925609 -2.818220
v 7.510240 0.987881 -2.558410
v 7.509860 0.986070 -2.559650
v 7.501350 0.944965 -2.819990
v 7.498470 0.931073 -2.823620
v 7.498120 0.929387 -2.822650
v 7.499250 0.934803 -2.824630
v 7.498850 0.932896 -2.824290
v 7.500040 0.938650 -2.824310
v 7.499650 0.936740 -2.824640
v 7.500770 0.942171 -2.822700
v 7.500420 0.940478 -2.823660
v 7.501080 0.943682 -2.821470
v 7.509520 0.984433 -2.561110
v 7.509230 0.982997 -2.562790
v 7.508980 0.981788 -2.564630
v 7.508780 0.980824 -2.566630
v 7.501420 0.945316 -2.820410
v 7.501540 0.945861 -2.821270
v 7.508630 0.980125 -2.568730
v 7.501790 0.947078 -2.824880
v 7.501690 0.946623 -2.823080
v 7.503960 0.957572 -2.827420
v 7.499350 0.935308 -2.854900
v 7.500230 0.939554 -2.854470
v 7.503910 0.957336 -2.828630
v 7.503830 0.956948 -2.829800
v 7.500620 0.941452 -2.853740
v 7.500970 0.943141 -2.852780
v 7.503720 0.956415 -2.830900
v 7.503580 0.955744 -2.831930
v 7.501540 0.945861 -2.849960
v 7.501180 0.944155 -2.852030
v 7.501290 0.944654 -2.851580
v 7.503420 0.954949 -2.832850
v 7.501690 0.946623 -2.848150
v 7.503230 0.954041 -2.833670
v 7.501790 0.947078 -2.846350
v 7.501380 0.945107 -2.851080
v 7.501500 0.945693 -2.850260
v 7.503020 0.953038 -2.834350
v 7.501830 0.947279 -2.844980
v 7.502800 0.951955 -2.834900
v 7.501840 0.947347 -2.843600
v 7.502560 0.950813 -2.835290
v 7.501830 0.947279 -2.842220
v 7.502320 0.949629 -2.835530
v 7.501790 0.947078 -2.840850
v 7.501720 0.946743 -2.839500
v 7.502080 0.948503 -2.834380
v 7.501830 0.947279 -2.826250
v 7.501790 0.947078 -2.830380
v 7.501830 0.947279 -2.829010
v 7.501840 0.947347 -2.827630
v 7.501720 0.946743 -2.831730
v 7.501620 0.946278 -2.838170
v 7.501350 0.944965 -2.835610
v 7.501620 0.946278 -2.833060
v 7.586310 1.224520 -2.551130
v 7.584720 1.227810 -2.551130
v 7.585360 1.227370 -2.551130
v 7.586360 1.225300 -2.551130
v 7.654610 0.760503 -2.705730
v 7.660240 0.762001 -2.706060
v 7.665600 0.764459 -2.706610
v 7.670580 0.767821 -2.707360
v 7.675070 0.772010 -2.708290
v 7.686180 0.794876 -2.713390
v 7.623140 1.097680 -2.780910
v 7.615920 1.110040 -2.783660
v 7.610670 1.114490 -2.784650
v 7.604680 1.117450 -2.785310
v 7.601230 1.118370 -2.785520
v 7.620150 1.104340 -2.782390
v 7.682140 0.782467 -2.710620
v 7.613830 1.332800 -3.118080
v 7.596760 1.095790 -2.890750
v 7.654610 0.760503 -2.965500
v 7.665600 0.764459 -2.964620
v 7.675070 0.772010 -2.962940
v 7.686180 0.794876 -2.957840
v 7.682140 0.782467 -2.960610
v 7.686810 0.808105 -2.954890
v 7.623140 1.097680 -2.890320
v 7.615920 1.110040 -2.887570
v 7.620150 1.104340 -2.888840
v 7.604680 1.117450 -2.885910
v 7.610670 1.114490 -2.886580
v 7.599100 1.106790 -2.888290
v 7.601230 1.118370 -2.885710
v 7.670580 0.767821 -2.963870
v 7.660240 0.762001 -2.965170
v 7.541660 0.937021 -3.081430
v 7.541690 0.937138 -3.081430
v 7.616550 1.309260 -2.613610
v 7.616550 1.309260 -3.057610
v 7.616150 1.319550 -2.613610
v 7.616150 1.319550 -3.057610
v 7.536770 0.913378 -3.081430
v 7.615980 1.324180 -2.566640
v 7.616900 1.300330 -3.081430
v 7.578710 1.025200 -2.707810
v 7.652290 0.966493 -2.876180
v 7.654970 0.954377 -2.877610
v 7.657640 0.942260 -2.876180
v 7.644990 0.999597 -2.824740
v 7.644630 1.001190 -2.835610
v 7.664950 0.909157 -2.846480
v 7.646020 0.994920 -2.856610
v 7.644990 0.999597 -2.846480
v 7.654970 0.954377 -2.793610
v 7.652290 0.966493 -2.795050
v 7.664950 0.909157 -2.824740
v 7.663920 0.913834 -2.856610
v 7.649800 0.977784 -2.799240
v 7.647660 0.987480 -2.805920
v 7.646020 0.994920 -2.814610
v 7.662280 0.921273 -2.865310
v 7.657640 0.942260 -2.795050
v 7.647660 0.987480 -2.865310
v 7.665300 0.907562 -2.835610
v 7.662280 0.921273 -2.805920
v 7.660140 0.930969 -2.799240
v 7.660140 0.930969 -2.871990
v 7.663920 0.913834 -2.814610
v 7.649800 0.977784 -2.871990
v 7.541660 0.937034 -3.081460
v 7.548930 1.062640 -2.721130
v 7.586310 1.224520 -2.721130
v 7.551920 1.062820 -2.721130
v 7.548280 1.063080 -2.721130
v 7.547770 1.063680 -2.721130
v 7.583980 1.228070 -2.721130
v 7.552950 1.063980 -2.721130
v 7.547340 1.065930 -2.721130
v 7.583200 1.228120 -2.721130
v 7.581720 1.227640 -2.721130
v 7.550450 1.062330 -2.721130
v 7.547430 1.064380 -2.721130
v 7.547280 1.065150 -2.721130
v 7.580690 1.226480 -2.721130
v 7.581130 1.227120 -2.721130
v 7.586360 1.225300 -2.721130
v 7.585360 1.227370 -2.721130
v 7.586220 1.226070 -2.721130
v 7.551220 1.062480 -2.721130
v 7.585880 1.226780 -2.721130
v 7.582430 1.227980 -2.721130
v 7.549670 1.062390 -2.721130
v 7.584720 1.227810 -2.721130
v 7.553210 1.064720 -2.721130
v 7.552510 1.063330 -2.721130
v 7.580430 1.225740 -2.721130
v 7.593850 1.313960 -2.613610
v 7.593850 1.313960 -3.057610
v 7.595880 1.323750 -3.057610
v 7.595880 1.323750 -2.613610
f 5135 5136 5137
f 5138 5139 5140
f 5141 5142 5143
f 5144 5145 5146
f 5147 5148 5149
f 5150 5151 5152
f 5153 5154 5155
f 5156 5157 5158
f 5158 5159 5156
f 5160 5161 5162
f 5163 5149 5148
f 5164 5165 5166
f 5167 5168 5169
f 5137 5170 5171
f 5172 5173 5174
f 5175 5176 5177
f 5178 5179 5180
f 5181 5182 5183
f 5184 5162 5154
f 5185 5167 5186
f 5187 5188 5182
f 5146 5189 5190
f 5191 5173 5192
f 5193 5194 5195
f 5196 5197 5198
f 5199 5200 5201
f 5202 5203 5204
f 5176 5205 5206
f 5207 5150 5152
f 5208 5209 5210
f 5211 5165 5212
f 5213 5214 5215
f 5143 5216 5209
f 5217 5218 5204
f 5219 5220 5221
f 5197 5213 5198
f 5222 5223 5181
f 5224 5225 5226
f 5179 5227 5228
f 5219 5229 5230
f 5231 5232 5233
f 5175 5234 5138
f 5178 5211 5212
f 5235 5189 5236
f 5197 5237 5238
f 5206 5239 5240
f 5241 5171 5170
f 5207 5229 5242
f 5144 5139 5243
f 5244 5245 5246
f 5247 5183 5182
f 5200 5155 5201
f 5248 5249 5250
f 5215 5208 5251
f 5239 5252 5240
f 5199 5201 5192
f 5253 5254 5218
f 5255 5256 5168
f 5252 5257 5217
f 5258 5259 5260
f 5151 5237 5196
f 5172 5261 5262
f 5135 5199 5136
f 5138 5234 5139
f 5141 5253 5142
f 5263 5146 5145
f 5144 5243 5145
f 5147 5248 5148
f 5150 5264 5151
f 5153 5184 5154
f 5156 5161 5157
f 5158 5265 5159
f 5160 5157 5161
f 5163 5241 5149
f 5164 5266 5169
f 5169 5165 5164
f 5169 5266 5167
f 5167 5255 5168
f 5137 5136 5170
f 5172 5262 5173
f 5175 5267 5176
f 5178 5268 5179
f 5181 5187 5182
f 5184 5160 5162
f 5185 5255 5167
f 5187 5261 5188
f 5146 5263 5189
f 5191 5174 5173
f 5269 5270 5244
f 5244 5235 5236
f 5194 5220 5271
f 5269 5244 5236
f 5272 5269 5236
f 5236 5194 5273
f 5271 5274 5194
f 5274 5275 5276
f 5277 5272 5236
f 5278 5277 5236
f 5274 5276 5279
f 5274 5279 5280
f 5281 5278 5236
f 5282 5281 5236
f 5274 5280 5283
f 5274 5283 5284
f 5273 5282 5236
f 5273 5194 5285
f 5274 5284 5286
f 5274 5286 5194
f 5285 5194 5287
f 5287 5194 5288
f 5286 5195 5194
f 5288 5194 5193
f 5196 5237 5197
f 5199 5135 5200
f 5289 5290 5254
f 5290 5291 5254
f 5292 5289 5254
f 5293 5292 5254
f 5294 5293 5254
f 5295 5294 5254
f 5296 5295 5254
f 5297 5296 5254
f 5254 5194 5298
f 5298 5297 5254
f 5254 5291 5299
f 5217 5204 5300
f 5240 5252 5301
f 5302 5263 5145
f 5303 5302 5145
f 5252 5217 5301
f 5254 5299 5304
f 5254 5304 5305
f 5303 5145 5306
f 5306 5145 5240
f 5254 5305 5307
f 5254 5307 5308
f 5309 5306 5240
f 5310 5309 5240
f 5254 5308 5311
f 5254 5311 5312
f 5313 5310 5240
f 5314 5313 5240
f 5254 5312 5315
f 5254 5315 5316
f 5317 5314 5240
f 5301 5317 5240
f 5254 5316 5318
f 5254 5318 5204
f 5300 5301 5217
f 5319 5300 5204
f 5204 5318 5202
f 5203 5319 5204
f 5176 5267 5205
f 5207 5242 5150
f 5216 5210 5209
f 5251 5208 5210
f 5211 5166 5165
f 5213 5238 5214
f 5143 5142 5216
f 5217 5257 5218
f 5219 5271 5220
f 5197 5238 5213
f 5320 5321 5258
f 5181 5183 5322
f 5322 5323 5324
f 5322 5324 5325
f 5326 5320 5258
f 5327 5326 5258
f 5181 5322 5328
f 5322 5325 5329
f 5327 5258 5181
f 5330 5327 5181
f 5322 5329 5328
f 5181 5328 5331
f 5332 5330 5181
f 5333 5332 5181
f 5181 5331 5222
f 5223 5333 5181
f 5226 5291 5334
f 5226 5334 5335
f 5336 5337 5226
f 5338 5336 5226
f 5226 5335 5339
f 5226 5339 5340
f 5341 5338 5226
f 5342 5341 5226
f 5226 5340 5224
f 5225 5342 5226
f 5179 5268 5258
f 5258 5321 5343
f 5258 5343 5344
f 5345 5323 5322
f 5346 5345 5322
f 5179 5258 5344
f 5179 5344 5347
f 5346 5322 5348
f 5348 5322 5179
f 5179 5347 5349
f 5179 5349 5227
f 5228 5348 5179
f 5219 5221 5229
f 5350 5351 5352
f 5353 5298 5194
f 5352 5351 5354
f 5194 5236 5355
f 5189 5263 5356
f 5263 5302 5357
f 5354 5351 5358
f 5359 5358 5360
f 5358 5351 5360
f 5263 5357 5361
f 5263 5361 5362
f 5359 5360 5353
f 5363 5359 5353
f 5263 5362 5364
f 5263 5364 5356
f 5363 5353 5194
f 5365 5363 5194
f 5189 5356 5366
f 5189 5366 5236
f 5367 5365 5194
f 5368 5367 5194
f 5366 5369 5236
f 5369 5370 5236
f 5371 5368 5194
f 5372 5371 5194
f 5236 5370 5373
f 5236 5373 5355
f 5374 5372 5194
f 5375 5374 5194
f 5194 5355 5376
f 5194 5376 5377
f 5378 5375 5194
f 5379 5380 5381
f 5381 5378 5194
f 5194 5377 5382
f 5194 5382 5383
f 5379 5381 5384
f 5385 5386 5379
f 5387 5388 5385
f 5389 5390 5387
f 5391 5392 5389
f 5384 5393 5389
f 5393 5391 5389
f 5389 5387 5379
f 5385 5379 5387
f 5194 5383 5394
f 5194 5394 5395
f 5389 5379 5384
f 5384 5381 5226
f 5194 5395 5396
f 5194 5396 5397
f 5398 5384 5226
f 5399 5398 5226
f 5194 5397 5400
f 5226 5337 5401
f 5194 5400 5226
f 5402 5399 5226
f 5401 5402 5226
f 5403 5334 5291
f 5291 5290 5404
f 5291 5404 5405
f 5406 5403 5291
f 5407 5406 5291
f 5291 5405 5408
f 5291 5408 5409
f 5410 5407 5291
f 5411 5410 5412
f 5291 5409 5413
f 5291 5413 5414
f 5415 5411 5416
f 5417 5415 5418
f 5291 5414 5419
f 5291 5419 5420
f 5421 5417 5422
f 5423 5421 5424
f 5291 5420 5412
f 5291 5412 5410
f 5425 5423 5426
f 5427 5425 5428
f 5412 5416 5411
f 5416 5418 5415
f 5233 5427 5429
f 5417 5418 5422
f 5421 5422 5424
f 5430 5233 5232
f 5423 5424 5426
f 5381 5194 5226
f 5431 5401 5337
f 5337 5432 5433
f 5425 5426 5428
f 5434 5431 5337
f 5433 5434 5337
f 5427 5428 5429
f 5435 5432 5337
f 5233 5429 5436
f 5231 5437 5232
f 5337 5438 5435
f 5337 5430 5438
f 5436 5231 5233
f 5438 5430 5232
f 5175 5177 5234
f 5178 5180 5211
f 5235 5190 5189
f 5206 5205 5239
f 5241 5163 5171
f 5207 5230 5229
f 5144 5140 5139
f 5439 5275 5244
f 5244 5270 5440
f 5244 5440 5441
f 5275 5274 5244
f 5442 5439 5244
f 5244 5441 5245
f 5246 5442 5244
f 5159 5265 5191
f 5443 5444 5191
f 5445 5446 5174
f 5447 5172 5174
f 5448 5247 5182
f 5449 5180 5179
f 5450 5451 5186
f 5452 5453 5186
f 5186 5164 5166
f 5186 5166 5211
f 5451 5452 5186
f 5247 5449 5322
f 5445 5174 5191
f 5265 5443 5191
f 5191 5444 5445
f 5450 5186 5211
f 5450 5211 5454
f 5446 5447 5174
f 5447 5455 5172
f 5211 5180 5454
f 5180 5449 5454
f 5172 5455 5188
f 5188 5455 5448
f 5449 5179 5322
f 5247 5322 5183
f 5182 5188 5448
f 5200 5153 5155
f 5248 5147 5249
f 5215 5214 5208
f 5239 5456 5252
f 5161 5156 5159
f 5159 5191 5201
f 5192 5249 5199
f 5147 5149 5241
f 5241 5170 5136
f 5136 5199 5147
f 5201 5155 5154
f 5154 5162 5161
f 5161 5159 5201
f 5249 5147 5199
f 5241 5136 5147
f 5201 5154 5161
f 5191 5192 5201
f 5204 5218 5254
f 5253 5141 5254
f 5457 5168 5256
f 5255 5185 5256
f 5252 5456 5257
f 5458 5250 5192
f 5250 5249 5192
f 5459 5192 5173
f 5460 5173 5262
f 5461 5462 5261
f 5260 5463 5181
f 5464 5259 5268
f 5465 5466 5212
f 5467 5468 5469
f 5469 5470 5467
f 5168 5457 5469
f 5169 5168 5469
f 5469 5468 5465
f 5466 5464 5178
f 5463 5461 5187
f 5471 5173 5460
f 5458 5192 5472
f 5192 5459 5472
f 5462 5460 5262
f 5169 5469 5165
f 5165 5469 5212
f 5459 5173 5471
f 5462 5262 5261
f 5212 5469 5465
f 5178 5212 5466
f 5461 5261 5187
f 5463 5187 5181
f 5268 5178 5464
f 5260 5181 5258
f 5258 5268 5259
f 5151 5264 5237
f 5172 5188 5261
f 5457 5473 5474
f 5475 5453 5476
f 5138 5477 5478
f 5198 5210 5479
f 5235 5480 5190
f 5481 5469 5457
f 5457 5256 5482
f 5482 5479 5457
f 5474 5481 5457
f 5479 5473 5457
f 5475 5477 5480
f 5482 5256 5185
f 5482 5185 5186
f 5475 5480 5482
f 5481 5476 5470
f 5470 5469 5481
f 5482 5186 5453
f 5453 5470 5476
f 5475 5482 5453
f 5205 5267 5175
f 5175 5138 5478
f 5140 5144 5480
f 5480 5477 5138
f 5478 5476 5481
f 5481 5205 5175
f 5138 5140 5480
f 5478 5481 5175
f 5479 5482 5196
f 5230 5207 5152
f 5152 5151 5230
f 5196 5198 5479
f 5213 5215 5210
f 5251 5210 5215
f 5482 5230 5196
f 5151 5196 5230
f 5213 5210 5198
f 5146 5190 5480
f 5235 5244 5480
f 5274 5271 5230
f 5219 5230 5271
f 5482 5480 5244
f 5144 5146 5480
f 5244 5274 5482
f 5230 5482 5274
f 5452 5468 5467
f 5483 5326 5327
f 5484 5485 5260
f 5486 5344 5487
f 5453 5467 5470
f 5265 5157 5200
f 5488 5222 5331
f 5343 5489 5490
f 5462 5448 5455
f 5491 5348 5492
f 5491 5492 5247
f 5325 5493 5329
f 5451 5465 5468
f 5484 5327 5330
f 5494 5223 5222
f 5445 5471 5446
f 5495 5227 5496
f 5497 5347 5486
f 5498 5333 5223
f 5465 5454 5466
f 5499 5346 5491
f 5321 5500 5489
f 5501 5331 5328
f 5485 5330 5332
f 5496 5349 5497
f 5502 5323 5503
f 5492 5228 5495
f 5462 5447 5460
f 5344 5490 5487
f 5504 5332 5333
f 5324 5505 5325
f 5448 5463 5247
f 5449 5466 5454
f 5329 5501 5328
f 5506 5320 5326
f 5503 5345 5499
f 5444 5443 5472
f 5452 5451 5468
f 5483 5506 5326
f 5259 5489 5500
f 5259 5500 5506
f 5498 5494 5260
f 5504 5498 5260
f 5260 5259 5483
f 5259 5506 5483
f 5485 5504 5260
f 5260 5483 5484
f 5486 5347 5344
f 5453 5452 5467
f 5200 5135 5458
f 5137 5171 5163
f 5163 5148 5248
f 5248 5250 5135
f 5458 5443 5200
f 5265 5158 5157
f 5157 5160 5200
f 5184 5153 5200
f 5135 5250 5458
f 5163 5248 5137
f 5443 5265 5200
f 5160 5184 5200
f 5137 5248 5135
f 5488 5494 5222
f 5343 5321 5489
f 5462 5461 5448
f 5491 5346 5348
f 5490 5489 5259
f 5259 5464 5449
f 5247 5463 5260
f 5260 5494 5488
f 5260 5488 5501
f 5490 5259 5487
f 5487 5259 5449
f 5247 5260 5501
f 5247 5501 5493
f 5486 5487 5449
f 5497 5486 5449
f 5247 5493 5505
f 5247 5505 5502
f 5496 5497 5449
f 5495 5496 5449
f 5247 5502 5503
f 5247 5503 5499
f 5495 5449 5492
f 5492 5449 5247
f 5247 5499 5491
f 5325 5505 5493
f 5451 5450 5465
f 5484 5483 5327
f 5494 5498 5223
f 5447 5446 5471
f 5445 5459 5471
f 5471 5460 5447
f 5495 5228 5227
f 5497 5349 5347
f 5498 5504 5333
f 5465 5450 5454
f 5499 5345 5346
f 5321 5320 5500
f 5501 5488 5331
f 5485 5484 5330
f 5496 5227 5349
f 5502 5324 5323
f 5492 5348 5228
f 5462 5455 5447
f 5344 5343 5490
f 5504 5485 5332
f 5324 5502 5505
f 5448 5461 5463
f 5449 5464 5466
f 5329 5493 5501
f 5506 5500 5320
f 5503 5323 5345
f 5472 5459 5445
f 5445 5444 5472
f 5443 5458 5472
f 5218 5474 5253
f 5507 5473 5479
f 5479 5210 5253
f 5216 5142 5210
f 5253 5474 5507
f 5257 5456 5205
f 5239 5205 5456
f 5481 5474 5218
f 5507 5479 5253
f 5142 5253 5210
f 5257 5205 5218
f 5481 5218 5205
f 5286 5508 5195
f 5439 5442 5509
f 5279 5510 5280
f 5288 5511 5512
f 5269 5513 5270
f 5514 5279 5276
f 5273 5285 5515
f 5272 5516 5269
f 5278 5517 5277
f 5283 5518 5284
f 5287 5512 5519
f 5285 5519 5520
f 5278 5521 5522
f 5517 5521 5523
f 5440 5524 5441
f 5525 5442 5246
f 5195 5511 5193
f 5280 5526 5283
f 5524 5245 5441
f 5527 5246 5245
f 5277 5528 5272
f 5284 5529 5286
f 5270 5530 5440
f 5286 5529 5508
f 5509 5531 5275
f 5514 5276 5275
f 5275 5439 5509
f 5442 5523 5509
f 5531 5514 5275
f 5279 5532 5510
f 5288 5193 5511
f 5269 5516 5513
f 5514 5532 5279
f 5533 5521 5281
f 5282 5273 5515
f 5533 5281 5282
f 5285 5520 5515
f 5515 5533 5282
f 5272 5528 5516
f 5278 5522 5517
f 5283 5526 5518
f 5287 5288 5512
f 5285 5287 5519
f 5278 5281 5521
f 5531 5509 5533
f 5523 5525 5527
f 5527 5524 5523
f 5530 5513 5516
f 5516 5528 5517
f 5517 5522 5521
f 5521 5533 5509
f 5515 5520 5519
f 5519 5512 5511
f 5511 5508 5529
f 5529 5518 5526
f 5526 5510 5529
f 5532 5514 5531
f 5509 5523 5521
f 5524 5530 5523
f 5516 5517 5523
f 5533 5515 5531
f 5519 5511 5529
f 5529 5510 5532
f 5532 5515 5529
f 5530 5516 5523
f 5515 5519 5529
f 5532 5531 5515
f 5440 5530 5524
f 5525 5523 5442
f 5195 5508 5511
f 5280 5510 5526
f 5524 5527 5245
f 5527 5525 5246
f 5277 5517 5528
f 5284 5518 5529
f 5270 5513 5530
f 5214 5141 5238
f 5534 5476 5475
f 5478 5535 5536
f 5164 5167 5186
f 5477 5534 5475
f 5341 5338 5421
f 5206 5177 5240
f 5536 5534 5537
f 5374 5372 5386
f 5477 5536 5537
f 5303 5373 5226
f 5229 5242 5150
f 5150 5264 5237
f 5237 5238 5254
f 5214 5208 5141
f 5209 5143 5141
f 5141 5254 5238
f 5194 5220 5221
f 5221 5229 5150
f 5150 5237 5221
f 5208 5209 5141
f 5254 5194 5237
f 5221 5237 5194
f 5534 5535 5476
f 5478 5476 5535
f 5164 5266 5167
f 5477 5537 5534
f 5421 5417 5341
f 5415 5411 5225
f 5410 5407 5340
f 5406 5403 5335
f 5334 5335 5403
f 5339 5340 5407
f 5224 5225 5411
f 5342 5341 5417
f 5338 5336 5421
f 5337 5430 5425
f 5233 5427 5430
f 5425 5423 5337
f 5417 5415 5342
f 5407 5406 5339
f 5335 5339 5406
f 5225 5342 5415
f 5336 5423 5421
f 5427 5425 5430
f 5411 5410 5224
f 5340 5224 5410
f 5337 5423 5336
f 5139 5243 5145
f 5145 5240 5177
f 5206 5176 5177
f 5177 5234 5145
f 5139 5145 5234
f 5536 5535 5534
f 5428 5429 5404
f 5436 5231 5404
f 5437 5232 5389
f 5438 5435 5389
f 5432 5433 5392
f 5434 5431 5392
f 5401 5402 5391
f 5399 5398 5393
f 5398 5384 5393
f 5431 5401 5391
f 5435 5432 5389
f 5429 5436 5404
f 5232 5438 5389
f 5402 5399 5393
f 5402 5393 5391
f 5426 5428 5404
f 5433 5434 5392
f 5431 5391 5392
f 5424 5426 5404
f 5418 5422 5405
f 5412 5416 5413
f 5419 5420 5412
f 5413 5414 5419
f 5408 5416 5418
f 5404 5405 5422
f 5289 5290 5437
f 5293 5292 5388
f 5295 5294 5350
f 5297 5296 5298
f 5353 5298 5296
f 5351 5360 5295
f 5350 5351 5295
f 5353 5296 5295
f 5294 5352 5350
f 5290 5404 5437
f 5409 5416 5408
f 5419 5412 5413
f 5422 5424 5404
f 5432 5392 5389
f 5437 5389 5390
f 5416 5409 5413
f 5404 5231 5437
f 5353 5295 5360
f 5294 5293 5352
f 5408 5418 5405
f 5437 5390 5387
f 5437 5387 5388
f 5292 5289 5437
f 5352 5293 5388
f 5437 5388 5292
f 5388 5385 5352
f 5354 5352 5385
f 5363 5359 5372
f 5358 5354 5386
f 5354 5385 5386
f 5365 5363 5371
f 5368 5367 5371
f 5372 5371 5363
f 5375 5374 5379
f 5381 5378 5380
f 5380 5378 5375
f 5374 5386 5379
f 5367 5365 5371
f 5358 5386 5372
f 5379 5380 5375
f 5372 5359 5358
f 5477 5478 5536
f 5304 5305 5307
f 5307 5308 5311
f 5311 5312 5315
f 5315 5316 5311
f 5318 5202 5306
f 5203 5319 5300
f 5300 5301 5317
f 5317 5314 5300
f 5313 5310 5309
f 5309 5306 5202
f 5303 5302 5357
f 5357 5361 5362
f 5362 5364 5356
f 5356 5366 5362
f 5369 5370 5373
f 5373 5355 5226
f 5376 5377 5355
f 5382 5383 5394
f 5394 5395 5400
f 5396 5397 5400
f 5400 5226 5355
f 5291 5299 5304
f 5304 5307 5318
f 5311 5316 5318
f 5202 5203 5309
f 5300 5314 5313
f 5313 5309 5203
f 5303 5357 5362
f 5362 5366 5369
f 5369 5373 5362
f 5377 5382 5400
f 5395 5396 5400
f 5226 5291 5303
f 5307 5311 5318
f 5203 5300 5313
f 5306 5291 5318
f 5362 5373 5303
f 5382 5394 5400
f 5291 5304 5318
f 5306 5303 5291
f 5355 5377 5400
g Kitchen_node0
usemtl itu_chipboard
v 7.812410 1.047270 -6.157810
v 7.802210 1.051720 -6.175280
v 7.797740 1.049710 -6.157810
v 7.846660 0.927100 -6.208610
v 7.846660 0.914400 -6.189560
v 7.846660 0.914400 -6.208610
v 7.738710 0.927100 -6.208610
v 7.719660 0.914400 -6.208610
v 7.719660 0.927100 -6.208610
v 7.753170 1.038710 -6.157810
v 7.764110 1.034260 -6.175280
v 7.768410 1.036270 -6.157810
v 7.764110 1.051720 -6.175280
v 7.768410 1.049710 -6.157810
v 7.753170 1.047270 -6.157810
v 7.744330 1.037430 -6.175280
v 7.719660 0.927100 -6.189560
v 7.738710 0.914400 -6.189560
v 7.738710 0.927100 -6.189560
v 7.827610 0.914400 -6.208610
v 7.827610 0.927100 -6.189560
v 7.827610 0.927100 -6.208610
v 7.719660 0.914400 -6.418160
v 7.719660 0.927100 -6.399110
v 7.719660 0.927100 -6.418160
v 7.846660 0.927100 -6.418160
v 7.846660 0.914400 -6.399110
v 7.846660 0.914400 -6.418160
v 7.821260 1.037430 -6.175280
v 7.821260 1.048550 -6.175280
v 7.827610 0.927100 -6.399110
v 7.846660 0.927100 -6.399110
v 7.738710 0.927100 -6.418160
v 7.812410 1.038710 -6.157810
v 7.802210 1.034260 -6.175280
v 7.797740 1.036270 -6.157810
v 7.827610 0.914400 -6.418160
v 7.827610 0.927100 -6.418160
v 7.738710 0.914400 -6.399110
v 7.738710 0.927100 -6.399110
v 7.846660 0.927100 -6.189560
v 7.738710 0.914400 -6.418160
v 7.738710 0.914400 -6.208610
v 7.744330 1.048550 -6.175280
v 7.719660 0.914400 -6.189560
v 7.827610 0.914400 -6.189560
v 7.719660 0.914400 -6.399110
v 7.827610 0.914400 -6.399110
v 7.791100 1.098550 -6.373710
v 7.813320 0.971550 -6.373710
v 7.813320 1.098550 -6.373710
v 7.813320 1.098550 -6.234010
v 7.791100 0.971550 -6.234010
v 7.791100 1.098550 -6.234010
v 7.791100 0.971550 -6.373710
v 7.753000 1.098550 -6.373710
v 7.775220 0.971550 -6.373710
v 7.775220 1.098550 -6.373710
v 7.775220 1.098550 -6.234010
v 7.753000 0.971550 -6.234010
v 7.753000 0.971550 -6.373710
v 7.753000 1.098550 -6.234010
v 7.813320 0.971550 -6.234010
v 7.775220 0.971550 -6.234010
v 7.849830 1.088980 -6.410890
v 7.716480 1.077820 -6.422800
v 7.716480 1.088980 -6.410890
v 7.849830 1.096100 -6.211530
v 7.716480 1.088980 -6.196840
v 7.849830 1.088980 -6.196840
v 7.713060 1.086900 -6.214380
v 7.716480 1.098550 -6.227660
v 7.713060 1.086900 -6.393340
v 7.713060 1.061110 -6.186390
v 7.716480 0.927100 -6.176860
v 7.716480 1.063620 -6.176860
v 7.849830 1.098550 -6.380060
v 7.716480 1.096100 -6.396200
v 7.716480 1.098550 -6.380060
v 7.853010 1.086900 -6.393340
v 7.853010 1.081040 -6.405430
v 7.716480 1.077820 -6.184930
v 7.713060 0.927100 -6.421340
v 7.853010 0.927100 -6.421340
v 7.853010 0.927100 -6.186390
v 7.853010 1.086900 -6.214380
v 7.853010 1.081040 -6.202300
v 7.849830 0.927100 -6.430860
v 7.853010 1.061110 -6.421340
v 7.853010 1.071850 -6.415230
v 7.849830 1.077820 -6.422800
v 7.716480 1.063620 -6.430860
v 7.849830 1.063620 -6.176860
v 7.849830 1.077820 -6.184930
v 7.849830 1.098550 -6.227660
v 7.853010 1.071850 -6.192500
v 7.853010 1.061110 -6.186390
v 7.713060 1.061110 -6.421340
v 7.713060 1.071850 -6.415230
v 7.713060 1.081040 -6.202300
v 7.849830 0.927100 -6.176860
v 7.713060 1.071850 -6.192500
v 7.716480 0.927100 -6.430860
v 7.849830 1.063620 -6.430860
v 7.716480 1.096100 -6.211530
v 7.849830 1.096100 -6.396200
v 7.713060 1.081040 -6.405430
v 7.713060 0.927100 -6.186390
v 4.943240 1.731660 -6.462840
v 5.705240 1.657050 -6.462840
v 5.705240 1.731660 -6.462840
v 7.242250 1.123950 -6.707860
v 7.217040 1.117600 -6.707860
v 7.217040 1.123950 -6.707860
v 5.705240 1.657050 -6.614860
v 7.610240 1.380800 -5.421060
v 7.615660 1.397000 -5.422750
v 7.610240 1.413200 -5.421060
v 3.724040 0.774700 -6.348160
v 3.876440 0.774700 -6.348160
v 3.476720 0.795805 -6.348160
v 7.204750 1.244600 -6.650990
v 7.178850 1.225550 -6.669080
v 7.188550 1.225550 -6.639220
v 7.554860 1.378880 -5.700460
v 7.563010 1.385800 -5.843980
v 7.569260 1.378880 -5.842700
v 7.191550 1.066590 -6.823570
v 7.174580 0.981895 -6.901940
v 7.174580 0.981895 -6.806610
v 5.020530 0.942975 -6.632800
v 5.020490 0.927100 -6.560330
v 5.020490 0.942975 -6.560330
v 7.191550 1.066590 -6.884980
v 7.191550 1.117600 -6.823570
v 7.191550 1.117600 -6.884980
v 3.419240 0.889000 -6.373560
v 4.181240 0.876300 -6.373560
v 4.181240 0.889000 -6.373560
v 7.573120 1.397000 -5.841910
v 7.554860 1.415120 -5.700460
v 7.558800 1.397000 -5.700460
v 7.128040 0.914400 -6.694480
v 7.147450 0.939800 -6.634760
v 7.128040 0.939800 -6.694480
v 7.611920 1.415120 -5.979340
v 7.569260 1.415120 -5.842700
v 7.196650 1.117600 -6.693050
v 7.188860 1.123950 -6.669080
v 7.196650 1.123950 -6.693050
v 7.213950 1.123950 -6.620760
v 7.245340 1.225550 -6.620760
v 7.213950 1.225550 -6.620760
v 7.196650 1.123950 -6.645100
v 7.217040 1.117600 -6.630290
v 7.217040 1.123950 -6.630290
v 5.020530 0.927100 -6.755040
v 4.994180 0.927100 -6.718820
v 5.001450 0.927100 -6.696420
v 7.284710 0.981895 -6.901940
v 7.267750 1.066590 -6.823570
v 7.284710 0.981895 -6.806610
v 5.044040 0.942975 -6.438080
v 5.020490 0.927100 -6.438100
v 5.044040 0.927100 -6.438080
v 5.044070 0.942975 -6.510550
v 5.020490 0.942975 -6.438100
v 5.020530 0.942975 -6.510570
v 5.044070 0.927100 -6.510550
v 7.242250 1.123950 -6.630290
v 7.262640 1.117600 -6.645100
v 7.262640 1.123950 -6.645100
v 7.198250 0.939800 -6.597850
v 7.261040 0.914400 -6.597850
v 7.261040 0.939800 -6.597850
v 4.981340 0.927100 -6.398960
v 5.667140 0.914400 -6.398960
v 5.667140 0.927100 -6.398960
v 7.147450 0.914400 -6.634760
v 7.311840 0.914400 -6.634760
v 4.181240 1.701800 -6.614860
v 4.354730 1.701800 -6.614860
v 4.181240 1.778000 -6.614860
v 7.611920 1.378880 -5.979340
v 5.679840 1.657050 -6.488240
v 4.943240 1.657050 -6.462840
v 7.311840 0.939800 -6.634760
v 4.005610 0.795805 -6.348160
v 4.052040 0.795805 -6.348160
v 4.181240 0.876300 -6.348160
v 3.724040 0.774700 -6.354510
v 3.876440 0.774700 -6.354510
v 7.270740 1.131820 -6.883090
v 7.267750 1.117600 -6.884980
v 7.245340 1.131820 -6.901540
v 3.876440 0.737723 -6.354510
v 3.724040 0.737723 -6.354510
v 7.267750 1.066590 -6.884980
v 3.419240 0.876300 -6.348160
v 4.181240 0.889000 -6.386260
v 7.381640 0.889000 -6.386260
v 7.356240 0.889000 -6.360860
v 5.705240 1.854200 -6.640260
v 5.705240 1.767530 -6.614860
v 5.705240 1.657050 -6.640260
v 7.610240 1.447800 -6.081460
v 7.610240 1.371600 -6.386260
v 7.610240 1.371600 -6.081460
v 5.070380 0.927100 -6.841020
v 5.044070 0.927100 -6.877270
v 5.044040 0.927100 -6.804800
v 7.245340 1.225550 -6.901540
v 7.213950 1.131820 -6.901540
v 7.213950 1.225550 -6.901540
v 7.563010 1.385800 -5.556940
v 7.548480 1.408200 -5.700460
v 7.548480 1.385800 -5.700460
v 7.220140 1.244600 -6.882490
v 7.188550 1.225550 -6.883090
v 7.204750 1.244600 -6.871310
v 5.044070 0.942975 -6.755030
v 5.020490 0.942975 -6.682570
v 5.044040 0.942975 -6.682560
v 7.128040 0.939800 -6.910380
v 7.128040 0.939800 -6.750180
v 7.267750 1.117600 -6.823570
v 7.563010 1.408200 -5.843980
v 3.520530 0.750262 -6.360860
v 3.419240 0.101600 -6.360860
v 3.622180 0.742129 -6.360860
v 7.198250 0.914400 -6.597850
v 4.968640 1.707850 -6.970460
v 5.679840 1.657050 -6.970460
v 5.679840 1.707850 -6.970460
v 7.573120 1.397000 -5.559010
v 7.569260 1.378880 -5.558220
v 7.331250 0.939800 -6.910380
v 7.128040 0.914400 -6.910380
v 3.724040 0.737723 -6.348160
v 5.044040 0.942975 -6.804800
v 5.044070 0.942975 -6.877270
v 7.605860 1.385800 -5.419690
v 7.605860 1.408200 -5.419690
v 5.044070 0.927100 -6.632790
v 5.044070 0.942975 -6.632790
v 5.044040 0.942975 -6.560320
v 3.520530 0.750262 -6.348160
v 5.070380 0.927100 -6.718780
v 5.044070 0.927100 -6.755030
v 5.044040 0.927100 -6.682560
v 7.188860 1.117600 -6.669080
v 7.611920 1.415120 -5.421580
v 7.569260 1.415120 -5.558220
v 7.280450 1.225550 -6.853230
v 7.254540 1.244600 -6.871310
v 7.261400 1.244600 -6.850210
v 5.020490 0.942975 -6.804810
v 7.270740 1.225550 -6.883090
v 7.239150 1.244600 -6.882490
v 5.020530 0.942975 -6.755040
v 5.020490 0.927100 -6.682570
v 7.270430 1.123950 -6.669080
v 7.270430 1.117600 -6.669080
v 5.667140 0.927100 -6.932360
v 5.020530 0.942975 -6.877280
v 4.181240 0.762000 -6.360860
v 4.181240 0.762000 -6.348160
v 7.242250 1.117600 -6.630290
v 7.178850 1.136650 -6.808610
v 7.280450 1.136650 -6.808610
v 5.020490 0.927100 -6.804810
v 7.331250 0.939800 -6.750180
v 7.331250 0.914400 -6.910380
v 7.229650 0.939800 -6.798170
v 7.188550 1.131820 -6.883090
v 7.280450 1.131820 -6.853230
v 7.178850 1.131820 -6.853230
v 7.178850 1.173450 -6.853230
v 7.197900 1.244600 -6.672090
v 7.261400 1.244600 -6.672090
v 7.611920 1.378880 -5.421580
v 4.981340 0.914400 -6.932360
v 4.981340 0.927100 -6.932360
v 7.270740 1.225550 -6.639220
v 7.245340 1.123950 -6.620760
v 7.270740 1.123950 -6.639220
v 7.188550 1.123950 -6.639220
v 7.331250 0.939800 -6.694480
v 7.331250 0.914400 -6.694480
v 7.178850 1.136650 -6.669080
v 7.178850 1.160750 -6.669080
v 5.667140 0.914400 -6.932360
v 4.968640 1.657050 -6.970460
v 4.943240 1.657050 -6.983160
v 5.705240 1.657050 -6.983160
v 4.181240 0.101600 -6.411660
v 3.419240 0.101600 -6.462460
v 7.563010 1.408200 -5.556940
v 7.242250 1.117600 -6.707860
v 4.943240 1.767530 -6.614860
v 5.679840 1.707850 -6.488240
v 7.178850 1.225550 -6.853230
v 7.197900 1.244600 -6.850210
v 7.220140 1.244600 -6.639810
v 7.280450 1.225550 -6.669080
v 7.254540 1.244600 -6.650990
v 4.968640 1.657050 -6.488240
v 7.239150 1.244600 -6.639810
v 7.262640 1.123950 -6.693050
v 5.020530 0.927100 -6.877280
v 4.994180 0.927100 -6.841060
v 5.001450 0.927100 -6.818660
v 4.968640 1.707850 -6.488240
v 5.070380 0.927100 -6.596540
v 5.044040 0.927100 -6.560320
v 5.001450 0.927100 -6.574180
v 5.020530 0.927100 -6.632800
v 4.994180 0.927100 -6.596580
v 5.070380 0.927100 -6.474310
v 5.063120 0.927100 -6.496710
v 5.001450 0.927100 -6.451950
v 5.020530 0.927100 -6.510570
v 4.994180 0.927100 -6.474340
v 7.605860 1.385800 -5.981230
v 7.605860 1.408200 -5.981230
v 7.615660 1.397000 -5.978170
v 7.262640 1.117600 -6.693050
v 3.419240 0.762000 -6.348160
v 3.622180 0.742129 -6.348160
v 3.876440 0.737723 -6.348160
v 4.144910 0.795805 -6.348160
v 3.523160 0.795805 -6.348160
v 4.098480 0.795805 -6.348160
v 3.419240 0.876300 -6.373560
v 7.196650 1.117600 -6.645100
v 4.943240 1.657050 -6.614860
v 5.001470 0.927100 -6.741210
v 4.981340 0.914400 -6.398960
v 4.943240 1.778000 -6.614860
v 5.324240 1.854200 -6.614860
v 5.705240 1.854200 -6.614860
v 4.209040 1.420960 -6.614860
v 4.238010 1.420960 -6.614860
v 4.209040 1.541610 -6.614860
v 4.295960 1.541610 -6.614860
v 4.324930 1.541610 -6.614860
v 4.429880 1.662320 -6.614860
v 4.943240 1.701800 -6.614860
v 4.399720 1.662320 -6.614860
v 3.959170 0.795805 -6.348160
v 3.569590 0.795805 -6.348160
v 7.381640 0.889000 -6.081460
v 3.419240 0.889000 -6.360860
v 7.356240 0.889000 -6.081460
v 7.610240 1.447800 -5.319460
v 7.610240 1.600200 -5.319460
v 7.610240 2.286000 -5.319460
v 7.610240 2.286000 -6.386260
v 5.063100 0.927100 -6.818630
v 5.063120 0.927100 -6.863420
v 4.181240 0.101600 -6.360860
v 3.724040 0.737723 -6.360860
v 3.419240 0.762000 -6.360860
v 5.063100 0.927100 -6.696390
v 5.063120 0.927100 -6.741180
v 4.181240 0.101600 -6.386260
v 4.181240 0.736600 -6.386260
v 7.178850 1.123950 -6.669080
v 4.181240 0.101600 -6.462460
v 5.001470 0.927100 -6.863450
v 5.063100 0.927100 -6.574150
v 5.063120 0.927100 -6.618940
v 5.001470 0.927100 -6.618970
v 5.063100 0.927100 -6.451920
v 5.001470 0.927100 -6.496730
v 7.610240 1.016000 -5.979860
v 7.610240 1.346200 -5.421060
v 7.610240 1.346200 -5.979860
v 7.610240 1.016000 -5.421060
v 7.270740 1.136650 -6.698940
v 7.245340 1.123950 -6.717390
v 7.245340 1.136650 -6.717390
v 7.178850 1.170090 -6.762930
v 7.166150 1.170090 -6.756580
v 7.166150 1.170090 -6.750240
v 7.178850 1.163740 -6.769280
v 7.178850 1.170090 -6.769280
v 7.280450 1.123950 -6.669080
v 7.213950 1.136650 -6.717390
v 7.188550 1.123950 -6.698940
v 7.188550 1.136650 -6.698940
v 7.226470 1.117600 -6.642990
v 7.232820 1.016000 -6.642990
v 7.232820 1.117600 -6.642990
v 7.166150 1.163740 -6.756580
v 7.178850 1.170090 -6.737530
v 7.178850 1.163740 -6.762930
v 7.213950 1.123950 -6.717390
v 7.270740 1.123950 -6.698940
v 7.280450 1.136650 -6.669080
v 7.166150 1.163740 -6.750240
v 7.226470 1.016000 -6.642990
v 7.510320 0.575449 -4.623460
v 7.502120 0.575449 -5.259090
v 7.502120 0.575449 -4.623460
v 6.462310 0.975392 -6.929290
v 6.454020 0.932466 -6.929290
v 6.454020 0.975392 -6.929290
v 6.317120 0.920750 -6.520620
v 6.315790 0.609600 -6.513950
v 6.315790 0.927100 -6.513950
v 6.986160 0.908050 -6.654460
v 6.567040 0.920750 -6.654460
v 6.567040 0.895350 -6.654460
v 7.635640 0.736600 -6.081460
v 7.635640 0.914400 -6.081460
v 7.610240 0.831850 -6.081460
v 6.100030 1.078540 -6.722000
v 6.102830 1.071310 -6.715460
v 6.100030 1.071310 -6.722000
v 7.051450 0.927100 -6.970460
v 7.051450 0.914400 -6.437060
v 7.051450 0.914400 -6.970460
v 6.986160 0.920750 -6.587780
v 6.996160 0.920750 -6.520620
v 7.026040 0.920750 -6.550500
v 7.543440 1.967700 -4.582860
v 7.543440 1.854760 -5.319460
v 7.543440 1.873810 -4.582860
v 5.781440 0.889000 -4.659060
v 5.781440 0.101600 -4.633660
v 5.781440 0.101600 -4.659060
v 5.781440 0.101600 -5.116260
v 3.495440 0.000000 -5.116260
v 3.495440 0.101600 -5.116260
v 7.499590 0.564800 -4.623460
v 7.506220 0.558218 -5.259090
v 7.506220 0.558218 -4.623460
v 6.468270 1.006950 -6.890540
v 6.466250 1.004130 -6.897240
v 6.466550 1.010500 -6.896230
v 7.076850 0.101600 -6.386260
v 5.705240 0.101600 -6.386260
v 6.192600 0.935355 -6.969190
v 5.994480 0.927100 -6.969190
v 5.994480 0.935355 -6.969190
v 5.994480 0.935355 -6.919660
v 6.192600 0.927100 -6.919660
v 6.192600 0.935355 -6.919660
v 6.076850 1.032350 -6.956550
v 6.077370 1.039570 -6.944420
v 6.080460 1.039570 -6.953930
v 7.972190 1.346200 -5.421060
v 6.096910 0.609600 -6.729570
v 6.077270 0.609600 -6.719040
v 6.095680 0.609600 -6.721920
v 7.543440 1.761130 -5.252740
v 7.506220 1.757670 -5.242100
v 7.543440 1.757670 -5.242100
v 6.104560 0.609600 -6.665270
v 6.086150 0.609600 -6.662380
v 6.084920 0.609600 -6.654730
v 6.449660 1.000210 -6.922710
v 6.454020 0.995513 -6.929290
v 6.447310 0.995513 -6.924410
v 7.506220 0.717017 -5.259330
v 7.543440 0.707958 -5.252740
v 7.506220 0.707958 -5.252740
v 6.567040 0.784225 -6.618080
v 6.346380 0.784225 -6.777570
v 6.346380 0.784225 -6.618080
v 6.516490 0.784225 -6.844330
v 6.485160 0.920750 -6.849630
v 6.485160 0.784225 -6.849630
v 6.451450 0.955672 -6.905630
v 6.447310 0.975392 -6.908640
v 6.447310 0.932466 -6.908640
v 6.431160 0.784225 -6.849630
v 6.431160 0.920750 -6.849630
v 6.516490 0.920750 -6.844330
v 6.543060 0.784225 -6.829240
v 6.543060 0.920750 -6.829240
v 6.398720 0.920750 -6.844140
v 6.514710 0.784225 -6.551510
v 6.482260 0.920750 -6.546020
v 6.514710 0.920750 -6.551510
v 3.495440 0.101600 -4.608260
v 5.781440 0.101600 -4.608260
v 7.007600 0.927100 -6.872760
v 7.017290 0.920750 -6.866280
v 7.017290 0.927100 -6.866280
v 6.393770 0.927100 -6.932620
v 6.393770 0.932466 -6.900430
v 6.393770 0.932466 -6.932620
v 3.419240 0.889000 -5.167060
v 3.419240 0.914400 -4.557460
v 3.419240 0.914400 -5.167060
v 6.567040 0.895350 -6.678270
v 7.023770 0.927100 -6.539070
v 7.026040 0.927100 -6.550500
v 6.462310 0.995513 -6.903770
v 6.469010 0.975392 -6.908640
v 6.469010 0.995513 -6.908640
v 6.371210 0.920750 -6.828520
v 6.398720 0.784225 -6.844140
v 6.560810 0.920750 -6.806660
v 6.346380 0.920750 -6.777570
v 6.346380 0.920750 -6.618080
v 6.352840 0.784225 -6.590510
v 6.099920 1.032350 -6.964050
v 6.087170 1.001390 -6.964050
v 6.087170 1.032350 -6.964050
v 7.506220 0.557955 -5.230920
v 7.506220 0.568604 -5.222850
v 7.506220 0.568604 -5.232820
v 6.464870 1.030530 -6.783740
v 6.451450 1.031180 -6.776890
v 6.464870 1.031180 -6.776890
v 7.506220 0.568604 -4.653580
v 7.543440 0.557955 -4.655480
v 7.543440 0.568604 -4.653580
v 3.419240 1.016000 -6.983160
v 4.943240 1.397000 -6.983160
v 7.978540 1.397000 -6.983160
v 6.322140 0.609600 -6.836250
v 6.322140 0.920750 -6.545870
v 6.322140 0.920750 -6.836250
v 6.107970 1.053690 -6.920780
v 6.105980 1.054900 -6.914750
v 6.105980 1.045600 -6.914750
v 7.023770 0.920750 -6.856580
v 7.026040 0.927100 -6.845150
v 7.023770 0.927100 -6.856580
v 6.315790 0.609600 -6.868170
v 6.315790 0.920750 -6.868170
v 6.311210 0.920750 -6.875030
v 6.462310 0.950155 -6.903770
v 6.454020 0.950155 -6.903770
v 6.464870 0.943959 -6.913460
v 7.972190 1.016000 -5.979860
v 7.972190 1.346200 -5.979860
v 6.109100 1.057620 -6.904440
v 6.116120 1.054430 -6.893800
v 6.109100 1.049950 -6.904440
v 6.238730 0.927100 -6.462460
v 5.948350 0.609600 -6.462460
v 5.948350 0.927100 -6.462460
v 6.986160 0.908050 -6.608420
v 6.601990 0.908050 -6.587780
v 6.986160 0.908050 -6.587780
v 6.522550 0.927100 -6.900430
v 6.522550 0.932466 -6.900430
v 3.495440 0.101600 -4.659060
v 3.495440 0.889000 -4.633660
v 3.495440 0.889000 -4.659060
v 5.864940 0.927100 -6.836250
v 5.864940 0.609600 -6.545870
v 5.864940 0.609600 -6.836250
v 6.098540 1.039570 -6.959800
v 6.088550 1.039570 -6.959800
v 6.996160 0.920750 -6.875030
v 6.099920 0.935355 -6.964050
v 6.109710 1.039570 -6.944420
v 6.139100 1.062280 -6.895530
v 6.141630 1.062280 -6.887760
v 5.864940 0.927100 -6.545870
v 5.871290 0.609600 -6.513950
v 6.986160 0.920750 -6.633820
v 6.986160 0.920750 -6.654460
v 7.506220 1.752070 -5.259330
v 7.543440 1.743010 -5.252740
v 7.506220 1.743010 -5.252740
v 6.468670 1.000210 -6.916530
v 6.489410 1.014960 -6.879700
v 6.481570 1.010010 -6.889380
v 7.381640 1.397000 -6.640260
v 7.635640 1.371600 -6.386260
v 7.381640 1.371600 -6.640260
v 6.132500 1.062280 -6.875200
v 6.125180 1.057380 -6.886800
v 6.130690 1.058680 -6.886320
v 6.093650 1.078540 -6.706070
v 6.100190 1.071310 -6.708860
v 6.100190 1.078540 -6.708860
v 6.464870 1.024960 -6.782670
v 6.086900 1.071310 -6.721840
v 6.084260 1.078540 -6.715240
v 6.086900 1.078540 -6.721840
v 6.522550 0.932466 -6.932620
v 7.026040 0.920750 -6.845150
v 6.084260 1.071310 -6.715240
v 6.398720 0.920750 -6.551510
v 6.371210 0.784225 -6.567130
v 6.371210 0.920750 -6.567130
v 7.017290 0.927100 -6.529370
v 7.007600 0.920750 -6.522900
v 7.007600 0.927100 -6.522900
v 6.076850 1.001390 -6.956550
v 6.103860 1.083190 -6.750510
v 6.083220 1.086220 -6.740140
v 6.103860 1.086220 -6.740140
v 6.102830 1.078540 -6.715460
v 6.114180 1.032350 -6.944420
v 6.110240 1.001390 -6.932290
v 6.114180 1.001390 -6.944420
v 6.987750 0.920750 -6.770350
v 6.603570 0.908050 -6.770350
v 6.603570 0.920750 -6.770350
v 6.464870 1.028560 -6.790480
v 6.451450 1.030530 -6.783740
v 7.506220 0.557955 -4.655480
v 7.543440 0.557955 -4.661640
v 6.560590 0.920750 -6.590510
v 6.567040 0.920750 -6.618080
v 6.987750 0.908050 -6.698910
v 6.567040 0.920750 -6.698910
v 6.567040 0.895350 -6.698910
v 6.099920 1.001390 -6.964050
v 6.087170 0.935355 -6.964050
v 7.512860 0.564800 -5.259090
v 7.512860 0.564800 -4.623460
v 7.499590 1.815890 -5.248940
v 7.506220 1.815890 -5.242360
v 7.512860 1.815890 -5.248940
v 7.543440 0.726076 -5.252740
v 7.506220 0.722616 -5.242100
v 7.543440 0.722616 -5.242100
v 7.381640 1.371600 -6.614860
v 6.110240 1.032350 -6.956550
v 6.110240 1.001390 -6.956550
v 6.087170 0.972888 -6.924800
v 6.099920 0.962569 -6.924800
v 6.099920 0.972888 -6.924800
v 6.099920 1.001390 -6.924800
v 7.381640 2.286000 -6.640260
v 7.635640 2.260600 -6.386260
v 7.381640 2.260600 -6.640260
v 6.352840 0.920750 -6.805140
v 6.352840 0.784225 -6.805140
v 6.987750 0.908050 -6.790990
v 6.987750 0.908050 -6.770350
v 6.116940 1.062280 -6.893110
v 3.419240 2.286000 -6.614860
v 3.419240 2.260600 -6.640260
v 3.419240 1.371600 -6.640260
v 7.978540 1.016000 -6.081460
v 7.978540 1.016000 -6.983160
v 6.297710 0.927100 -6.486890
v 6.270650 0.609600 -6.468810
v 6.270650 0.927100 -6.468810
v 5.857640 0.889000 -5.167060
v 5.857640 0.889000 -4.557460
v 5.781440 0.889000 -5.065460
v 6.088550 1.039570 -6.929050
v 6.117730 1.062280 -6.880000
v 6.080460 1.039570 -6.934920
v 5.857640 0.914400 -5.167060
v 5.857640 0.914400 -4.557460
v 6.987750 0.920750 -6.790990
v 6.076850 1.032350 -6.932290
v 6.087170 1.032350 -6.924800
v 6.477000 1.011740 -6.896300
v 6.481570 1.014390 -6.889380
v 5.839540 0.927100 -6.437060
v 7.051450 0.927100 -6.437060
v 7.610240 0.736600 -5.319460
v 7.991240 2.133600 -5.319460
v 7.991240 0.000000 -5.319460
v 6.601990 0.920750 -6.608420
v 6.567040 0.920750 -6.633820
v 4.181240 0.736600 -6.411660
v 6.103860 1.078540 -6.729180
v 3.495440 0.000000 -4.608260
v 5.781440 0.000000 -4.608260
v 6.451450 1.031180 -6.758640
v 6.464870 1.031180 -6.758640
v 5.839540 0.927100 -6.970460
v 6.462310 0.932466 -6.903770
v 5.839540 0.914400 -6.970460
v 6.451450 1.023290 -6.788380
v 6.464870 1.023290 -6.788380
v 7.499590 0.564800 -5.259090
v 7.510320 0.575449 -5.259090
v 6.522550 0.927100 -6.932620
v 7.543440 0.711419 -5.242100
v 6.462480 1.025530 -6.763410
v 6.464870 1.025530 -6.758640
v 6.458230 1.025530 -6.761600
v 6.099920 1.032350 -6.924800
v 6.110240 1.032350 -6.932290
v 6.469010 0.975392 -6.924410
v 6.462310 0.932466 -6.929290
v 5.705240 1.397000 -6.983160
v 7.356240 0.914400 -6.360860
v 4.943240 0.101600 -6.462460
v 7.076850 0.000000 -6.462460
v 5.705240 0.101600 -6.462460
v 6.451450 0.948718 -6.916500
v 6.464870 0.948718 -6.916500
v 6.103860 0.960359 -6.944380
v 6.103860 0.960737 -6.927660
v 6.103860 0.953037 -6.939700
v 4.943240 0.101600 -6.386260
v 3.419240 0.914400 -6.360860
v 3.419240 0.914400 -6.970460
v 7.991240 2.260600 -5.319460
v 7.991240 0.000000 -6.995860
v 7.991240 2.260600 -6.995860
v 6.454910 1.000210 -6.906530
v 6.473880 1.014960 -6.874650
v 6.449660 1.000210 -6.910350
v 4.943240 0.101600 -6.411660
v 5.705240 0.101600 -6.411660
v 7.381640 0.101600 -6.386260
v 7.457840 0.101600 -6.081460
v 7.381640 0.101600 -6.081460
v 7.965840 1.016000 -6.970460
v 3.419240 1.016000 -6.970460
v 7.610240 0.101600 -6.081460
v 7.635640 0.101600 -6.081460
v 7.617880 0.101600 -5.319460
v 7.610240 0.736600 -6.081460
v 7.617880 0.110994 -4.557460
v 7.991240 2.133600 -4.557460
v 7.543440 2.133600 -4.557460
v 3.495440 0.101600 -5.065460
v 7.610240 0.927100 -6.081460
v 7.543440 0.110994 -4.557460
v 7.610240 0.110994 -5.319460
v 6.454020 0.956862 -6.903770
v 6.462310 0.956862 -6.903770
v 5.889370 0.927100 -6.895230
v 5.871290 0.609600 -6.868170
v 5.889370 0.609600 -6.895230
v 6.601990 0.908050 -6.608420
v 6.103860 1.077650 -6.738490
v 6.083220 1.075080 -6.747270
v 6.103860 1.075080 -6.747270
v 5.705240 2.260600 -6.640260
v 3.419240 2.286000 -6.640260
v 7.076850 2.260600 -6.640260
v 7.076850 1.397000 -6.640260
v 6.458090 1.025530 -6.773670
v 6.451450 1.025530 -6.776620
v 6.464870 1.025530 -6.776620
v 7.635640 2.286000 -6.386260
v 7.635640 2.260600 -5.319460
v 7.965840 1.016000 -6.081460
v 7.635640 1.371600 -6.081460
v 7.506220 0.568604 -4.663540
v 7.506220 0.557955 -4.661640
v 6.560590 0.784225 -6.590510
v 6.542210 0.920750 -6.567130
v 7.076850 0.736600 -6.411660
v 7.076850 0.101600 -6.411660
v 6.083220 0.960359 -6.944380
v 7.686440 0.101600 -5.319460
v 7.617880 0.000000 -5.319460
v 4.943240 1.854200 -6.640260
v 4.943240 1.854200 -6.614860
v 6.472240 1.014960 -6.879700
v 6.453840 1.020840 -6.771850
v 6.453840 1.025530 -6.771850
v 7.543440 2.061590 -4.582860
v 7.543440 2.133600 -5.319460
v 7.381640 2.286000 -6.614860
v 7.610240 2.133600 -5.319460
v 6.447310 0.932466 -6.924410
v 6.447310 0.975392 -6.924410
v 6.192600 0.927100 -6.969190
v 7.635640 1.397000 -6.386260
v 6.451450 1.020510 -6.793790
v 6.464870 1.020510 -6.793790
v 5.705240 1.371600 -6.640260
v 7.610240 1.600200 -6.081460
v 7.635640 1.397000 -6.081460
v 3.419240 1.371600 -6.614860
v 4.181240 1.371600 -6.640260
v 4.181240 1.371600 -6.614860
v 6.114290 1.054680 -6.920230
v 6.122530 1.057320 -6.913300
v 7.965840 0.914400 -6.970460
v 6.099920 0.935355 -6.924800
v 7.506220 0.660192 -5.242360
v 6.451450 0.948964 -6.905630
v 5.781440 0.889000 -5.090860
v 3.495440 0.889000 -5.065460
v 6.087170 1.001390 -6.924800
v 5.871290 0.927100 -6.513950
v 5.889370 0.609600 -6.486890
v 6.103860 0.971056 -6.927660
v 7.543440 0.557955 -5.230920
v 7.543440 0.568604 -5.222850
v 7.543440 0.568604 -5.232820
v 7.543440 1.746470 -5.242100
v 7.023770 0.920750 -6.539070
v 6.987750 0.908050 -6.744950
v 6.987750 0.920750 -6.724310
v 6.987750 0.920750 -6.744950
v 5.781440 0.101600 -5.090860
v 5.781440 0.101600 -5.065460
v 6.451450 1.024960 -6.782670
v 6.469010 0.995513 -6.924410
v 6.462310 0.995513 -6.929290
v 3.419240 0.889000 -4.557460
v 6.478200 1.011760 -6.879120
v 6.478200 1.014960 -6.879120
v 6.482300 1.012630 -6.878760
v 7.543440 1.752070 -5.259330
v 6.461410 1.000210 -6.906530
v 7.506220 0.575186 -4.658560
v 3.419240 2.260600 -6.995860
v 3.419240 0.000000 -6.995860
v 7.543440 0.575186 -4.658560
v 7.972190 1.016000 -5.421060
v 6.987750 0.920750 -6.678270
v 6.987750 0.920750 -6.698910
v 5.781440 0.889000 -4.633660
v 5.871290 0.927100 -6.868170
v 6.103860 1.087230 -6.729590
v 6.083220 1.087230 -6.701530
v 6.103860 1.087230 -6.701530
v 7.512860 0.660192 -5.248940
v 7.510320 1.815890 -5.259590
v 4.943240 0.736600 -6.411660
v 5.705240 0.736600 -6.411660
v 6.238730 0.609600 -6.462460
v 6.322140 0.609600 -6.545870
v 6.117760 0.609600 -6.678420
v 6.996160 0.927100 -6.520620
v 6.986160 0.920750 -6.608420
v 6.129560 1.054650 -6.902660
v 6.987750 0.908050 -6.678270
v 6.453940 1.025530 -6.763310
v 6.458230 1.020840 -6.761600
v 6.603570 0.920750 -6.790990
v 6.603570 0.908050 -6.790990
v 5.948350 0.927100 -6.919660
v 6.238730 0.609600 -6.919660
v 6.238730 0.927100 -6.919660
v 7.502120 0.660192 -5.259590
v 7.499590 0.660192 -5.248940
v 3.495440 0.101600 -5.090860
v 6.487770 1.014960 -6.884740
v 7.502120 1.815890 -5.259590
v 6.468270 1.011940 -6.890540
v 6.472830 1.009870 -6.883620
v 5.889370 0.927100 -6.486890
v 7.506220 1.746470 -5.242100
v 6.072910 1.001390 -6.944420
v 6.072910 1.032350 -6.944420
v 6.132360 1.057560 -6.891400
v 6.130690 1.062280 -6.886320
v 6.454020 0.975392 -6.903770
v 6.462310 0.975392 -6.903770
v 7.506220 0.726076 -5.252740
v 7.506220 0.711418 -5.242100
v 6.083220 1.077650 -6.738490
v 6.471570 0.995513 -6.916530
v 7.543440 0.717017 -5.259330
v 6.352840 0.920750 -6.590510
v 6.064080 0.609600 -6.705890
v 5.948350 0.609600 -6.919660
v 6.077850 0.609600 -6.666630
v 5.324240 1.854200 -6.640260
v 6.478170 1.014960 -6.871530
v 6.114290 1.045430 -6.920230
v 6.116320 1.046350 -6.918520
v 5.781440 0.000000 -5.116260
v 6.083220 1.083190 -6.750510
v 6.115200 1.062280 -6.887760
v 6.087170 0.962569 -6.924800
v 6.083220 0.953037 -6.939700
v 6.093430 1.078540 -6.724640
v 6.567040 0.920750 -6.744950
v 6.567040 0.895350 -6.744950
v 6.462380 1.025530 -6.771950
v 6.458090 1.020840 -6.773670
v 6.454020 0.995513 -6.903770
v 6.106620 1.039570 -6.953930
v 6.444750 0.932466 -6.916530
v 6.471570 0.932466 -6.916530
v 6.469010 0.932466 -6.924410
v 6.461410 1.000210 -6.926520
v 6.454910 1.000210 -6.926520
v 6.317120 0.927100 -6.520620
v 6.471570 0.975392 -6.916530
v 6.444750 0.975392 -6.916530
v 6.130260 1.062280 -6.900330
v 6.470320 1.009980 -6.900920
v 6.467540 1.009380 -6.901160
v 6.471640 1.004020 -6.900800
v 6.076850 0.935355 -6.956550
v 6.469010 0.932466 -6.908640
v 6.447310 0.995513 -6.908640
v 6.444750 0.995513 -6.916530
v 6.464870 0.955672 -6.905630
v 6.087050 1.078540 -6.708710
v 6.093650 1.071310 -6.706070
v 6.371210 0.784225 -6.828520
v 7.506220 1.761130 -5.252740
v 7.356240 0.914400 -6.081460
v 7.457840 0.000000 -6.462460
v 7.457840 0.101600 -6.462460
v 6.098540 1.039570 -6.929050
v 6.083220 1.087230 -6.729590
v 6.464200 1.020840 -6.767700
v 6.462380 1.020840 -6.771950
v 6.996160 0.927100 -6.875030
v 7.007600 0.920750 -6.872760
v 6.482300 1.014960 -6.878760
v 6.483590 1.014960 -6.882680
v 3.495440 0.889000 -5.090860
v 6.477000 1.006930 -6.896300
v 6.471640 1.010030 -6.900800
v 6.472970 1.004610 -6.899690
v 6.431160 0.920750 -6.546020
v 6.398720 0.784225 -6.551510
v 6.466660 1.000210 -6.910350
v 6.467540 1.003050 -6.901160
v 6.466250 1.010170 -6.897240
v 7.686440 0.000000 -6.081460
v 7.686440 0.101600 -6.081460
v 6.483480 1.014960 -6.887860
v 6.483480 1.014960 -6.871530
v 6.483390 1.011900 -6.882060
v 6.482030 1.014960 -6.887860
v 7.543440 0.557955 -5.224760
v 7.543440 0.568604 -4.663540
v 6.132500 1.062280 -6.900330
v 3.495440 0.101600 -4.633660
v 6.452120 1.020840 -6.767560
v 6.083220 1.078350 -6.759930
v 6.466660 1.000210 -6.922710
v 6.986160 0.908050 -6.633820
v 6.567040 0.895350 -6.633820
v 7.543440 0.575186 -5.227840
v 7.506220 0.575186 -5.227840
v 6.464870 0.948964 -6.905630
v 6.447650 1.000210 -6.916530
v 6.083220 0.960737 -6.927660
v 6.083220 0.971056 -6.927660
v 6.076850 0.935355 -6.932290
v 5.916430 0.927100 -6.468810
v 6.114180 0.935355 -6.944420
v 6.110240 0.935355 -6.956550
v 6.110240 0.935355 -6.932290
v 6.472830 1.014690 -6.883620
v 6.107970 1.043940 -6.920780
v 6.311210 0.927100 -6.875030
v 6.072910 0.935355 -6.944420
v 6.076850 1.001390 -6.932290
v 6.464200 1.025530 -6.767700
v 6.462480 1.020840 -6.763410
v 6.083220 1.070810 -6.755590
v 6.103860 1.070810 -6.755590
v 7.506220 0.557955 -5.224760
v 6.106620 1.039570 -6.934920
v 6.452120 1.025530 -6.767560
v 7.991240 0.000000 -4.557460
v 5.916430 0.609600 -6.913310
v 5.916430 0.927100 -6.913310
v 6.103860 1.078350 -6.759930
v 6.103860 1.078540 -6.701530
v 6.083220 1.078540 -6.701530
v 7.617880 0.110994 -5.319460
v 6.124330 1.062280 -6.875200
v 6.270650 0.927100 -6.913310
v 6.297710 0.609600 -6.895230
v 6.297710 0.927100 -6.895230
v 6.139100 1.062280 -6.880000
v 6.431160 0.784225 -6.546020
v 6.106460 1.055410 -6.913190
v 6.270650 0.609600 -6.913310
v 6.464870 1.025420 -6.796610
v 6.451450 1.028560 -6.790480
v 6.567040 0.920750 -6.678270
v 6.124370 1.062280 -6.886870
v 6.093430 1.071310 -6.724640
v 6.601990 0.920750 -6.587780
v 6.567040 0.895350 -6.724310
v 6.987750 0.908050 -6.724310
v 5.916430 0.609600 -6.468810
v 4.181240 1.778000 -6.640260
v 4.181240 1.397000 -6.640260
v 6.567040 0.920750 -6.724310
v 6.103980 0.609600 -6.717680
v 6.090920 0.609600 -6.692150
v 5.705240 1.397000 -6.640260
v 6.129560 1.061390 -6.902660
v 6.560810 0.784225 -6.806660
v 6.567040 0.920750 -6.780030
v 7.610240 0.914400 -6.081460
v 7.017290 0.920750 -6.529370
v 5.994480 0.927100 -6.919660
v 6.108060 0.609600 -6.658350
v 6.124650 0.609600 -6.674890
v 6.128360 0.609600 -6.698020
v 6.117760 0.609600 -6.718900
v 6.073770 0.609600 -6.725950
v 6.057180 0.609600 -6.709420
v 6.053470 0.609600 -6.686290
v 6.064070 0.609600 -6.665400
v 6.567040 0.784225 -6.780030
v 6.482260 0.784225 -6.546020
v 6.542210 0.784225 -6.567130
v 6.454020 0.932466 -6.903770
v 6.393770 0.927100 -6.900430
v 6.106520 1.044910 -6.916390
v 6.451450 0.943959 -6.913460
v 6.116120 1.061850 -6.893800
v 6.087170 0.935355 -6.924800
v 6.487770 1.014960 -6.874650
v 6.087050 1.071310 -6.708710
v 5.705240 1.371600 -6.614860
v 7.978540 1.397000 -6.081460
v 6.297710 0.609600 -6.486890
v 5.839540 0.914400 -6.437060
v 7.686440 0.000000 -5.319460
v 6.451450 1.025530 -6.758640
v 7.965840 0.914400 -6.081460
v 7.076850 0.101600 -6.462460
v 3.419240 0.000000 -6.462460
v 3.419240 1.397000 -6.640260
v 3.419240 1.397000 -6.983160
v 7.610240 0.101600 -5.319460
v 7.457840 0.000000 -6.081460
v 7.617880 0.000000 -4.557460
v 7.543440 0.110994 -5.319460
v 7.635640 2.286000 -5.319460
v 7.076850 0.736600 -6.386260
v 4.943240 1.778000 -6.640260
v 7.543440 0.614871 -5.319460
v 7.543440 1.983010 -4.582860
v 7.543440 1.999000 -4.582860
v 7.543440 2.014310 -4.582860
v 7.543440 2.030290 -4.582860
v 7.543440 2.045610 -4.582860
v 7.076850 1.397000 -6.983160
v 7.635640 1.803400 -6.081460
v 6.112250 1.054610 -6.920410
v 4.181240 1.397000 -6.614860
v 7.510320 0.660192 -5.259590
v 4.943240 0.736600 -6.386260
v 5.705240 0.736600 -6.386260
v 6.122530 1.049920 -6.913300
v 6.453940 1.020840 -6.763310
v 6.132670 1.062280 -6.892350
v 6.083220 1.078540 -6.729180
v 6.466600 1.003680 -6.898300
v 6.451450 1.025420 -6.796610
v 4.399720 1.662320 -6.589460
v 4.429850 1.419400 -6.589460
v 4.429880 1.662320 -6.589460
v 4.429850 1.419400 -6.614860
v 4.399690 1.419400 -6.614860
v 4.943240 1.397000 -6.614860
v 4.399690 1.419400 -6.589460
v 4.266980 1.420960 -6.614860
v 4.295960 1.420960 -6.614860
f 5538 5539 5540
f 5541 5542 5543
f 5544 5545 5546
f 5547 5548 5549
f 5540 5550 5551
f 5552 5553 5547
f 5554 5555 5556
f 5557 5558 5559
f 5560 5561 5562
f 5563 5564 5565
f 5538 5566 5567
f 5568 5564 5569
f 5570 5560 5562
f 5545 5554 5546
f 5571 5572 5566
f 5573 5571 5540
f 5574 5568 5575
f 5561 5576 5577
f 5558 5542 5578
f 5541 5557 5559
f 5573 5548 5572
f 5570 5576 5579
f 5544 5555 5580
f 5552 5550 5581
f 5563 5574 5575
f 5538 5567 5539
f 5541 5578 5542
f 5544 5580 5545
f 5547 5553 5548
f 5540 5539 5550
f 5552 5581 5553
f 5554 5582 5555
f 5557 5583 5558
f 5560 5584 5561
f 5563 5569 5564
f 5538 5571 5566
f 5568 5585 5564
f 5570 5579 5560
f 5545 5582 5554
f 5571 5573 5572
f 5540 5551 5549
f 5552 5547 5549
f 5549 5573 5540
f 5571 5538 5540
f 5551 5552 5549
f 5574 5585 5568
f 5561 5584 5576
f 5558 5583 5542
f 5541 5543 5557
f 5573 5549 5548
f 5570 5577 5576
f 5544 5556 5555
f 5552 5551 5550
f 5563 5565 5574
f 5586 5587 5588
f 5589 5590 5591
f 5586 5590 5592
f 5593 5594 5595
f 5594 5596 5595
f 5593 5597 5598
f 5596 5597 5599
f 5587 5589 5588
f 5586 5592 5587
f 5589 5600 5590
f 5586 5591 5590
f 5593 5598 5594
f 5594 5601 5596
f 5593 5599 5597
f 5596 5601 5597
f 5587 5600 5589
f 5602 5603 5604
f 5605 5606 5607
f 5608 5609 5610
f 5611 5612 5613
f 5614 5615 5616
f 5602 5617 5618
f 5619 5611 5613
f 5620 5621 5622
f 5623 5607 5624
f 5596 5599 5609
f 5625 5626 5621
f 5627 5602 5618
f 5628 5629 5603
f 5619 5630 5631
f 5614 5632 5617
f 5633 5607 5631
f 5604 5610 5615
f 5634 5631 5630
f 5603 5635 5636
f 5611 5637 5608
f 5613 5638 5630
f 5606 5639 5619
f 5640 5635 5629
f 5634 5638 5622
f 5641 5640 5629
f 5626 5628 5627
f 5608 5606 5642
f 5632 5642 5605
f 5623 5622 5617
f 5588 5614 5586
f 5602 5615 5643
f 5604 5636 5644
f 5607 5619 5631
f 5602 5628 5603
f 5605 5642 5606
f 5615 5610 5616
f 5608 5642 5609
f 5609 5616 5610
f 5611 5645 5612
f 5614 5643 5615
f 5602 5643 5617
f 5619 5639 5611
f 5622 5638 5612
f 5612 5645 5622
f 5620 5640 5621
f 5625 5621 5640
f 5622 5645 5620
f 5623 5605 5607
f 5609 5632 5591
f 5591 5586 5595
f 5591 5595 5596
f 5599 5593 5609
f 5609 5591 5596
f 5625 5641 5626
f 5627 5628 5602
f 5628 5641 5629
f 5619 5613 5630
f 5623 5617 5632
f 5643 5614 5617
f 5632 5605 5623
f 5633 5624 5607
f 5604 5644 5610
f 5634 5633 5631
f 5603 5629 5635
f 5608 5610 5645
f 5644 5636 5635
f 5635 5620 5610
f 5645 5611 5608
f 5639 5637 5611
f 5610 5644 5635
f 5620 5645 5610
f 5613 5612 5638
f 5606 5637 5639
f 5640 5620 5635
f 5634 5630 5638
f 5641 5625 5640
f 5626 5641 5628
f 5608 5637 5606
f 5632 5609 5642
f 5626 5627 5618
f 5618 5617 5626
f 5623 5624 5634
f 5633 5634 5624
f 5622 5621 5617
f 5626 5617 5621
f 5623 5634 5622
f 5589 5591 5632
f 5616 5609 5593
f 5595 5586 5614
f 5616 5593 5595
f 5589 5632 5614
f 5616 5595 5614
f 5588 5589 5614
f 5602 5604 5615
f 5604 5603 5636
f 5607 5606 5619
f 5646 5647 5648
f 5649 5650 5651
f 5652 5648 5647
f 5653 5654 5655
f 5656 5657 5658
f 5659 5660 5661
f 5662 5663 5664
f 5665 5666 5667
f 5668 5669 5670
f 5671 5672 5673
f 5674 5675 5676
f 5677 5678 5679
f 5680 5681 5682
f 5677 5683 5684
f 5685 5686 5687
f 5688 5689 5690
f 5691 5692 5693
f 5694 5695 5696
f 5697 5698 5699
f 5700 5701 5702
f 5703 5704 5700
f 5705 5701 5704
f 5700 5706 5703
f 5707 5708 5709
f 5710 5711 5712
f 5713 5714 5715
f 5711 5716 5717
f 5718 5719 5720
f 5721 5677 5664
f 5722 5647 5723
f 5712 5717 5724
f 5725 5726 5727
f 5657 5728 5729
f 5730 5731 5732
f 5733 5728 5734
f 5731 5698 5735
f 5675 5736 5727
f 5737 5738 5739
f 5740 5741 5742
f 5743 5744 5745
f 5746 5747 5748
f 5749 5750 5751
f 5752 5753 5754
f 5755 5756 5757
f 5758 5759 5760
f 5667 5761 5762
f 5672 5698 5763
f 5754 5764 5663
f 5662 5677 5679
f 5765 5766 5767
f 5681 5768 5710
f 5769 5770 5771
f 5662 5772 5773
f 5764 5678 5684
f 5774 5775 5761
f 5728 5776 5734
f 5777 5747 5778
f 5779 5655 5780
f 5781 5668 5782
f 5782 5670 5783
f 5765 5767 5784
f 5653 5779 5773
f 5785 5786 5787
f 5788 5691 5686
f 5772 5789 5790
f 5791 5792 5793
f 5733 5657 5729
f 5778 5794 5777
f 5795 5796 5792
f 5797 5798 5759
f 5799 5708 5800
f 5801 5713 5715
f 5760 5798 5787
f 5747 5802 5778
f 5731 5671 5673
f 5733 5803 5804
f 5805 5693 5692
f 5806 5763 5807
f 5802 5808 5794
f 5774 5809 5810
f 5697 5761 5666
f 5699 5811 5809
f 5667 5762 5811
f 5698 5667 5699
f 5731 5730 5763
f 5673 5672 5812
f 5750 5673 5812
f 5813 5763 5730
f 5672 5814 5812
f 5813 5807 5763
f 5814 5672 5806
f 5812 5815 5756
f 5793 5816 5817
f 5796 5751 5755
f 5818 5772 5773
f 5737 5675 5803
f 5801 5819 5820
f 5821 5822 5823
f 5824 5690 5661
f 5662 5752 5754
f 5783 5781 5782
f 5825 5682 5724
f 5825 5717 5826
f 5786 5797 5758
f 5827 5824 5828
f 5772 5678 5790
f 5801 5714 5829
f 5819 5713 5820
f 5830 5831 5832
f 5690 5659 5661
f 5833 5766 5834
f 5760 5786 5758
f 5779 5835 5752
f 5780 5655 5790
f 5805 5685 5836
f 5648 5837 5646
f 5775 5680 5762
f 5770 5838 5771
f 5757 5839 5840
f 5689 5841 5690
f 5651 5685 5687
f 5842 5843 5821
f 5769 5844 5830
f 5689 5843 5845
f 5774 5699 5809
f 5732 5673 5750
f 5838 5769 5771
f 5793 5842 5791
f 5846 5836 5649
f 5847 5848 5849
f 5838 5844 5850
f 5851 5781 5852
f 5777 5808 5748
f 5853 5854 5855
f 5856 5857 5706
f 5706 5705 5703
f 5858 5859 5860
f 5840 5660 5816
f 5664 5861 5721
f 5764 5861 5663
f 5783 5669 5852
f 5795 5813 5730
f 5684 5862 5764
f 5862 5863 5861
f 5835 5678 5753
f 5846 5800 5864
f 5646 5723 5647
f 5649 5836 5650
f 5652 5741 5648
f 5789 5655 5654
f 5653 5818 5654
f 5865 5784 5658
f 5866 5776 5656
f 5657 5867 5868
f 5784 5866 5658
f 5658 5869 5736
f 5804 5727 5868
f 5658 5736 5865
f 5804 5868 5867
f 5657 5870 5658
f 5658 5866 5656
f 5659 5816 5660
f 5662 5754 5663
f 5665 5671 5666
f 5668 5854 5669
f 5671 5665 5672
f 5674 5871 5675
f 5677 5684 5678
f 5680 5716 5681
f 5677 5863 5683
f 5685 5788 5686
f 5688 5822 5689
f 5691 5872 5692
f 5873 5723 5646
f 5696 5798 5694
f 5694 5874 5695
f 5697 5735 5698
f 5700 5704 5701
f 5703 5705 5704
f 5705 5859 5701
f 5700 5702 5706
f 5707 5805 5708
f 5710 5768 5711
f 5713 5875 5714
f 5775 5810 5826
f 5826 5717 5716
f 5711 5768 5716
f 5716 5680 5826
f 5775 5826 5680
f 5837 5741 5876
f 5877 5876 5878
f 5876 5720 5719
f 5879 5880 5881
f 5881 5882 5718
f 5883 5881 5880
f 5741 5878 5876
f 5884 5885 5837
f 5719 5886 5884
f 5718 5879 5881
f 5719 5884 5876
f 5718 5882 5719
f 5837 5876 5884
f 5721 5863 5677
f 5722 5742 5652
f 5723 5830 5844
f 5722 5652 5647
f 5723 5844 5722
f 5712 5711 5717
f 5727 5736 5887
f 5888 5887 5736
f 5736 5869 5888
f 5870 5868 5727
f 5887 5725 5727
f 5726 5870 5727
f 5657 5656 5728
f 5732 5749 5795
f 5795 5730 5732
f 5733 5729 5728
f 5731 5763 5698
f 5675 5871 5736
f 5676 5737 5739
f 5738 5889 5739
f 5739 5890 5676
f 5889 5891 5739
f 5890 5674 5676
f 5652 5742 5741
f 5740 5878 5741
f 5743 5892 5893
f 5893 5894 5743
f 5895 5744 5743
f 5743 5894 5895
f 5748 5896 5746
f 5746 5897 5747
f 5749 5732 5750
f 5752 5835 5753
f 5755 5751 5756
f 5758 5797 5759
f 5667 5666 5761
f 5672 5665 5698
f 5754 5753 5764
f 5662 5664 5677
f 5898 5803 5899
f 5898 5899 5766
f 5900 5766 5765
f 5899 5767 5766
f 5681 5716 5768
f 5769 5830 5770
f 5662 5679 5772
f 5764 5753 5678
f 5774 5810 5775
f 5728 5656 5776
f 5777 5748 5747
f 5779 5653 5655
f 5781 5854 5668
f 5782 5668 5670
f 5866 5784 5767
f 5865 5900 5765
f 5899 5776 5767
f 5865 5765 5784
f 5767 5776 5866
f 5752 5773 5779
f 5818 5653 5773
f 5787 5901 5785
f 5785 5902 5786
f 5788 5872 5691
f 5772 5654 5789
f 5791 5795 5792
f 5733 5867 5657
f 5778 5802 5794
f 5795 5749 5796
f 5797 5694 5798
f 5799 5709 5708
f 5801 5820 5713
f 5760 5759 5798
f 5747 5847 5802
f 5731 5735 5671
f 5733 5734 5899
f 5899 5803 5733
f 5804 5867 5733
f 5805 5707 5693
f 5806 5672 5763
f 5802 5847 5808
f 5826 5810 5809
f 5809 5825 5826
f 5666 5671 5697
f 5697 5774 5761
f 5671 5735 5697
f 5811 5699 5667
f 5698 5665 5667
f 5812 5756 5751
f 5751 5750 5812
f 5839 5756 5815
f 5812 5814 5815
f 5841 5845 5843
f 5843 5659 5841
f 5793 5792 5757
f 5796 5755 5757
f 5757 5840 5793
f 5816 5659 5817
f 5843 5817 5659
f 5792 5796 5757
f 5840 5816 5793
f 5796 5749 5751
f 5818 5654 5772
f 5898 5903 5803
f 5737 5676 5675
f 5675 5727 5803
f 5803 5904 5737
f 5727 5804 5803
f 5801 5829 5819
f 5821 5689 5822
f 5824 5688 5690
f 5662 5773 5752
f 5783 5852 5781
f 5712 5724 5710
f 5825 5809 5811
f 5811 5762 5682
f 5682 5681 5710
f 5710 5724 5682
f 5825 5811 5682
f 5825 5724 5717
f 5786 5694 5797
f 5661 5660 5828
f 5827 5905 5824
f 5661 5828 5824
f 5772 5679 5678
f 5801 5715 5714
f 5819 5875 5713
f 5830 5723 5873
f 5832 5722 5770
f 5830 5873 5831
f 5832 5770 5830
f 5690 5841 5659
f 5834 5906 5833
f 5833 5898 5766
f 5760 5787 5786
f 5779 5780 5835
f 5790 5835 5780
f 5655 5789 5790
f 5836 5864 5805
f 5800 5708 5805
f 5805 5692 5685
f 5872 5788 5685
f 5685 5650 5836
f 5864 5800 5805
f 5692 5872 5685
f 5648 5741 5837
f 5682 5762 5680
f 5761 5775 5762
f 5770 5722 5838
f 5757 5756 5839
f 5689 5845 5841
f 5651 5650 5685
f 5842 5817 5843
f 5769 5850 5844
f 5689 5821 5843
f 5774 5697 5699
f 5732 5731 5673
f 5838 5850 5769
f 5793 5817 5842
f 5846 5864 5836
f 5849 5808 5847
f 5847 5907 5848
f 5838 5722 5844
f 5852 5908 5851
f 5851 5909 5781
f 5777 5794 5808
f 5910 5855 5854
f 5853 5669 5854
f 5706 5702 5911
f 5911 5856 5706
f 5706 5859 5705
f 5912 5860 5859
f 5858 5701 5859
f 5840 5839 5660
f 5664 5663 5861
f 5764 5862 5861
f 5783 5670 5669
f 5795 5791 5813
f 5684 5683 5862
f 5721 5861 5863
f 5862 5683 5863
f 5835 5790 5678
f 5846 5799 5800
f 5913 5914 5915
f 5913 5916 5914
f 5917 5918 5919
f 5920 5921 5922
f 5923 5921 5924
f 5925 5799 5846
f 5926 5927 5928
f 5923 5920 5924
f 5929 5930 5931
f 5842 5807 5791
f 5932 5922 5921
f 5827 5933 5934
f 5919 5935 5926
f 5905 5927 5686
f 5917 5925 5936
f 5660 5839 5920
f 5937 5821 5823
f 5926 5806 5807
f 5920 5938 5934
f 5934 5932 5923
f 5927 5827 5928
f 5917 5936 5918
f 5920 5924 5921
f 5923 5932 5921
f 5918 5936 5846
f 5925 5823 5709
f 5822 5707 5709
f 5823 5822 5709
f 5846 5649 5918
f 5925 5709 5799
f 5846 5936 5925
f 5926 5935 5927
f 5923 5934 5920
f 5929 5939 5930
f 5813 5791 5807
f 5842 5937 5807
f 5932 5938 5922
f 5924 5815 5806
f 5806 5827 5934
f 5815 5814 5806
f 5923 5924 5806
f 5827 5828 5933
f 5933 5920 5934
f 5934 5923 5806
f 5919 5918 5935
f 5693 5707 5822
f 5822 5688 5693
f 5824 5905 5686
f 5927 5935 5651
f 5918 5649 5651
f 5935 5918 5651
f 5693 5688 5824
f 5691 5693 5824
f 5927 5651 5687
f 5686 5691 5824
f 5927 5687 5686
f 5917 5937 5925
f 5924 5920 5839
f 5933 5828 5660
f 5660 5920 5933
f 5815 5924 5839
f 5823 5925 5937
f 5937 5842 5821
f 5928 5827 5806
f 5807 5937 5917
f 5807 5917 5919
f 5928 5806 5926
f 5807 5919 5926
f 5920 5922 5938
f 5934 5938 5932
f 5927 5905 5827
f 5940 5941 5942
f 5943 5944 5945
f 5946 5947 5948
f 5949 5950 5951
f 5952 5953 5954
f 5955 5956 5957
f 5958 5959 5960
f 5961 5962 5963
f 5964 5965 5966
f 5967 5968 5969
f 5970 5971 5972
f 5973 5974 5975
f 5976 5977 5978
f 5979 5738 5980
f 5981 5982 5983
f 5984 5985 5986
f 5987 5988 5989
f 5990 5916 5914
f 5991 5992 5993
f 5994 5995 5996
f 5997 5998 5999
f 6000 6001 6002
f 6003 6004 6005
f 6006 6007 6008
f 6009 6010 6011
f 6012 6013 6014
f 6015 6010 6016
f 6017 6018 6019
f 6020 6015 6016
f 6021 6022 6023
f 5968 6024 6025
f 6026 6027 6028
f 6029 6030 6031
f 6032 6033 6034
f 6006 5951 6035
f 5963 6036 6037
f 6038 6039 6040
f 6041 6042 6020
f 6018 6043 6019
f 6008 6044 6045
f 6045 6046 6008
f 5982 5984 5983
f 6047 6048 6049
f 6050 6051 6052
f 6053 6054 6055
f 6056 6057 6058
f 6059 6060 6061
f 6062 6063 6064
f 6065 6066 6067
f 6068 6069 6070
f 6071 6072 6073
f 6074 6075 6076
f 5915 6077 6078
f 6079 6080 6081
f 6082 6083 6084
f 6085 6086 6087
f 6030 6088 6089
f 6090 6091 6092
f 6093 6094 6095
f 6096 6049 6097
f 6010 6017 6098
f 6099 5981 5983
f 6100 6101 6102
f 6103 6104 6094
f 5949 6105 6106
f 6107 6108 6109
f 6110 6111 6112
f 6113 6114 6115
f 6116 6117 6118
f 6119 6120 6121
f 6053 6055 6122
f 6123 6124 6125
f 6126 6029 6031
f 6127 6037 6069
f 6128 5957 5956
f 5594 5597 5601
f 6129 6130 6131
f 6132 6133 6134
f 6049 6135 5987
f 6136 6137 6138
f 6139 6120 5956
f 6140 6141 6142
f 6143 6144 6145
f 6146 6147 6053
f 6148 6149 6057
f 6006 6150 6151
f 6152 6153 6154
f 6155 6156 6048
f 5975 6157 6158
f 6159 6160 6161
f 6162 6163 6164
f 6115 6114 6165
f 6166 6142 6167
f 6168 6169 6170
f 6171 6135 6142
f 6172 6173 6174
f 6175 6007 6176
f 6177 6144 6178
f 6179 6117 6080
f 6180 6181 6182
f 6061 6183 6184
f 6185 6186 6187
f 6188 6189 6190
f 6191 6192 6193
f 6194 6033 6195
f 6177 6143 6196
f 6191 6197 6198
f 6199 6112 6200
f 6201 5959 6202
f 6203 6204 6205
f 6151 6206 6207
f 5833 5904 6208
f 6139 5955 6209
f 6025 6210 6211
f 6055 6212 6213
f 6214 5960 5958
f 6075 6215 6074
f 6216 6201 6214
f 6122 6217 6218
f 5990 5915 6078
f 6219 6220 6157
f 6126 6088 6221
f 6163 6222 6164
f 6223 6224 6225
f 6226 6141 6227
f 6228 6229 5943
f 6230 5742 5832
f 5959 6231 5960
f 6232 6233 6234
f 6235 6076 6236
f 6237 6238 6239
f 6232 6240 5903
f 5674 6241 6242
f 6243 6205 6244
f 6173 6245 6174
f 6246 6247 6248
f 6249 6232 6250
f 6251 6252 6253
f 6254 6059 6255
f 6256 6257 6258
f 6252 6256 6259
f 6260 6261 6262
f 6263 5971 6090
f 6264 5954 5913
f 6260 6265 6266
f 6267 6074 6268
f 6269 6270 6271
f 6206 6086 6272
f 6273 6274 6275
f 6214 5958 6254
f 6027 6070 6028
f 6276 6277 6172
f 5740 6278 6279
f 6280 6281 6282
f 6283 6284 6173
f 6251 5889 5738
f 6241 5739 6231
f 5953 6285 6286
f 6287 6149 6288
f 6289 6290 6150
f 6291 5979 6292
f 6293 6239 6237
f 6194 6032 6034
f 6294 6295 6258
f 6296 5876 6297
f 6298 6248 6247
f 6280 6299 6300
f 6301 6262 6302
f 6165 5895 6303
f 5965 6304 5893
f 5945 6305 6306
f 5981 5985 6307
f 6061 6308 6113
f 6218 6309 6310
f 5895 6283 6172
f 6279 6115 6311
f 6312 5743 6313
f 6069 5958 6070
f 6314 6315 6316
f 6096 6317 6318
f 6319 6285 6254
f 6303 5877 5878
f 6320 5984 5986
f 6159 6321 6160
f 6235 6322 6012
f 6323 6324 6190
f 6197 6325 6198
f 6326 6327 6104
f 6328 6169 6238
f 6329 6330 6331
f 5995 6332 5996
f 6333 6132 6036
f 6334 6335 6336
f 6337 6263 6338
f 6282 6339 6122
f 6340 5943 6341
f 6288 6056 6287
f 6342 6032 6091
f 6343 6344 6345
f 6157 5940 6158
f 5996 6346 6332
f 6246 6038 6347
f 6058 6348 6056
f 6349 6244 6350
f 6351 6287 6348
f 6325 6170 6171
f 6352 5913 5916
f 6052 6329 6050
f 6152 6353 6354
f 5967 6091 6355
f 6356 6095 6270
f 6357 6358 6359
f 6360 6361 6161
f 6362 6240 6249
f 6363 5980 6250
f 6364 6365 6366
f 6134 5962 6367
f 6085 5961 6368
f 6369 6100 6102
f 5973 5941 6219
f 6152 6035 6370
f 6371 6372 6225
f 6160 6360 6161
f 5952 6256 6259
f 6373 6144 6374
f 6375 6376 6377
f 6159 6378 6379
f 5967 6090 6092
f 5970 6380 6337
f 6110 6381 6111
f 6361 6378 6382
f 6198 6171 6226
f 6383 6384 5976
f 6201 6385 6326
f 6386 6108 6332
f 6387 6197 6388
f 6389 6118 6390
f 6391 6268 6392
f 6162 6003 6393
f 6163 6003 6394
f 6209 6395 6273
f 6340 6110 6396
f 5973 6158 5940
f 6164 6397 6222
f 6166 6100 6140
f 6398 6130 6046
f 6399 6400 6401
f 6001 6306 6002
f 6204 6304 6261
f 5947 6185 5948
f 6402 6297 5877
f 6403 6246 5976
f 6317 6404 6405
f 5743 5915 5892
f 5969 6406 6338
f 6284 5894 6304
f 6407 6274 6395
f 6408 6193 6192
f 6239 6409 6410
f 6411 6123 6125
f 5600 5592 5590
f 6334 6412 6413
f 6414 6415 6280
f 6416 6392 6038
f 6417 6047 6096
f 6031 6030 6418
f 6419 6126 6420
f 6108 6346 6397
f 6421 6001 6422
f 6423 5962 5946
f 6396 6039 6424
f 6228 6013 6425
f 6369 6389 6426
f 6427 6428 6429
f 6048 6430 6135
f 6424 6431 6419
f 6425 6432 6433
f 6306 6433 6002
f 6431 6039 6434
f 6432 6391 6416
f 6435 6436 6119
f 6212 6224 6213
f 6075 6309 6322
f 6217 6339 6147
f 6041 6176 6437
f 6012 6267 6434
f 5994 6107 6438
f 6110 6040 6396
f 5989 6049 5987
f 5739 6439 6231
f 6166 6155 6047
f 6440 6252 6441
f 6394 6004 6222
f 6191 6226 6442
f 6138 6443 6357
f 6414 6444 6445
f 6446 6447 6026
f 6448 6111 6449
f 6380 6324 6450
f 6305 6425 6306
f 6228 6419 6420
f 6451 6452 6453
f 6454 6455 6129
f 6323 6338 6337
f 6456 6457 6347
f 6458 6000 5978
f 6459 6294 6460
f 6461 6199 6200
f 6428 6458 5977
f 6340 6424 6228
f 6462 6343 6345
f 6463 6464 6112
f 6051 6465 6330
f 6058 6351 6466
f 6467 6417 6096
f 6355 6468 6091
f 6372 6469 6415
f 6170 6168 6470
f 6461 6471 6421
f 6207 6472 6473
f 6474 6052 6475
f 6195 6342 6189
f 5878 6402 5740
f 6290 6021 6023
f 6236 6476 6076
f 6002 6477 6000
f 5969 6468 5968
f 6478 6479 6480
f 6409 6479 6478
f 6481 6327 6385
f 6167 6482 6483
f 6142 6484 6482
f 6383 6298 6485
f 6328 6238 6484
f 6471 6341 6421
f 6408 6079 5988
f 6065 6486 6404
f 6487 6098 6446
f 6488 6489 6387
f 6167 6099 6155
f 6490 6491 6444
f 6330 6475 6051
f 6275 6492 6493
f 6494 6329 6465
f 6442 6227 6495
f 6469 6371 6496
f 6246 6432 6416
f 6205 6261 6497
f 6071 6064 6072
f 6269 6498 6499
f 6500 6407 6136
f 6328 6479 6168
f 6358 6501 6359
f 6140 6495 6227
f 6225 6491 6223
f 6360 6321 6379
f 6124 6435 6502
f 6266 6258 6503
f 5949 6473 6472
f 6373 6177 6196
f 6504 6191 6081
f 6409 6492 6478
f 6409 6320 6169
f 6505 6506 6507
f 6390 6508 6102
f 6442 6495 6486
f 6022 6509 6454
f 6066 5989 6510
f 6193 6388 6197
f 6377 6511 6505
f 6081 6067 6510
f 6512 6513 6146
f 6514 6370 6035
f 6268 6512 6434
f 6118 6117 6515
f 6299 6496 6300
f 6128 6435 6124
f 6293 6478 6479
f 6273 6138 6357
f 6194 6189 6188
f 5832 6060 5831
f 6190 6263 6338
f 6135 6388 5987
f 5995 6438 6107
f 6434 6074 6476
f 5955 6516 6411
f 6323 6380 6337
f 6206 6085 6368
f 5961 6086 6517
f 6308 6286 6114
f 6334 6518 6519
f 6347 6040 6456
f 6084 6520 6481
f 6521 6522 5718
f 6418 6013 6425
f 6075 6012 6322
f 6449 6463 6448
f 6187 6364 6082
f 6523 6519 6518
f 6477 6432 6248
f 6341 5945 6001
f 6524 6525 6366
f 5652 6526 6311
f 6499 6400 6375
f 6318 6369 6527
f 6528 6529 6043
f 6077 5990 6078
f 6430 6387 6135
f 5940 6220 5941
f 5943 6229 5944
f 5948 6423 5946
f 5946 6063 6365
f 6365 5947 5946
f 5949 6106 5950
f 6530 5954 5953
f 6259 5952 5954
f 5955 6139 5956
f 5958 6202 5959
f 6531 6333 6133
f 5963 6127 6354
f 6068 6027 6447
f 6447 6098 6127
f 6143 6336 6127
f 6447 6127 6068
f 6127 6196 6143
f 6133 6333 5963
f 5946 5962 6022
f 6045 6063 6398
f 6398 6063 6131
f 5962 6023 6022
f 6098 6196 6127
f 6335 6523 6153
f 6127 6336 6335
f 6131 6063 5946
f 6129 6131 5946
f 6335 6153 6354
f 6353 6514 6106
f 6127 6335 6354
f 6514 5950 6106
f 5963 6354 6353
f 6454 6129 5946
f 6022 6454 5946
f 5963 6353 6106
f 6105 6368 5963
f 5963 6106 6105
f 5962 6517 6023
f 6023 6517 6290
f 5963 6368 5961
f 6517 6151 6150
f 5963 5962 6133
f 5962 5961 6517
f 6517 6150 6290
f 5964 6302 5965
f 5967 6355 5968
f 5970 6406 5971
f 5973 6219 5974
f 6458 5978 5977
f 6383 5976 5978
f 5737 5904 6240
f 6240 5980 5737
f 5904 5903 6240
f 6251 5738 5979
f 5737 5980 5738
f 5981 6307 5982
f 5984 6532 5985
f 5987 6388 5988
f 5990 6352 5916
f 6366 5997 6533
f 6533 6534 6366
f 6535 6536 6524
f 5991 6537 5992
f 6538 6539 6399
f 6540 5999 6401
f 6401 6525 6539
f 6540 6401 6539
f 6366 6534 6535
f 6524 6366 6535
f 6539 6525 6399
f 6538 6399 5992
f 6524 6536 5991
f 5993 6524 5991
f 6537 6538 5992
f 5994 6438 5995
f 5999 6533 5997
f 5998 6401 5999
f 6000 6422 6001
f 6003 6397 6004
f 6011 6015 6541
f 6042 6437 6007
f 6176 6007 6437
f 6008 6046 6130
f 6130 6455 6008
f 6509 6542 6006
f 6021 6543 6006
f 6289 6006 6543
f 6541 6528 6018
f 6018 6009 6541
f 6015 6042 6007
f 6007 6006 6541
f 6455 6509 6008
f 6021 6006 6542
f 6541 6009 6011
f 6015 6007 6541
f 6509 6006 6008
f 6009 6017 6010
f 6544 6075 6322
f 6012 6267 6013
f 6014 6544 6322
f 6267 6391 6013
f 6014 6322 6012
f 6015 6011 6010
f 6017 6009 6018
f 6020 6042 6015
f 6021 6542 6022
f 5968 6468 6024
f 6026 6447 6027
f 6029 6545 6030
f 6032 6342 6033
f 6153 6523 6518
f 6413 6412 6529
f 6154 6153 6518
f 6413 6529 6541
f 6154 6518 6541
f 5950 6514 5951
f 6518 6413 6541
f 5951 6514 6035
f 6035 6154 6006
f 6006 6151 6473
f 6473 5951 6006
f 6151 6207 6473
f 6154 6541 6006
f 5963 6333 6036
f 6038 6392 6039
f 6041 6437 6042
f 6018 6528 6043
f 6008 6007 6044
f 6045 6398 6046
f 5982 6532 5984
f 6047 6155 6048
f 6475 6052 6051
f 6050 6494 6051
f 6053 6147 6054
f 6056 6148 6057
f 6061 6184 6059
f 6062 6365 6063
f 6067 6546 6065
f 6486 6065 6546
f 6068 6127 6069
f 6487 6507 6073
f 6506 6071 6073
f 6073 6507 6506
f 6547 6076 6075
f 6476 6074 6076
f 6075 6322 6547
f 5915 5913 6077
f 6079 6548 6080
f 6082 6364 6083
f 6085 6272 6086
f 6030 6545 6088
f 6090 6468 6091
f 6093 6103 6094
f 6096 6047 6049
f 6063 6045 6064
f 6064 6045 6044
f 6098 6073 6010
f 6072 6064 6041
f 6064 6044 6175
f 6373 6196 6098
f 6336 6143 6145
f 6412 6336 6145
f 6529 6412 6145
f 6529 6145 6373
f 6043 6529 6373
f 6064 6175 6041
f 6072 6041 6020
f 6043 6373 6019
f 6019 6373 6098
f 6072 6020 6073
f 6020 6016 6073
f 6017 6019 6098
f 6073 6016 6010
f 5984 6549 6480
f 5984 6480 6488
f 6320 5986 6484
f 6484 5986 6482
f 5983 5984 6488
f 5983 6488 6430
f 6482 5986 5981
f 6483 6482 5981
f 5983 6430 6156
f 6099 6483 5981
f 5983 6156 6099
f 6100 6417 6101
f 6103 6326 6104
f 5949 6472 6105
f 6107 6346 6108
f 6451 6453 6110
f 6456 6110 6453
f 6111 6550 6463
f 6451 6110 6112
f 6111 6463 6112
f 6113 6308 6114
f 6118 6389 6508
f 6508 6116 6118
f 6119 6436 6120
f 6310 6476 6434
f 6434 6512 6310
f 6146 6053 6218
f 6055 6213 6282
f 6213 6224 6282
f 6512 6218 6310
f 6512 6146 6218
f 6055 6282 6122
f 6218 6053 6122
f 6123 6128 6124
f 6126 6221 6029
f 6127 5963 6037
f 5956 6120 6436
f 6436 6551 5956
f 6128 6123 6516
f 6516 5957 6128
f 5956 6551 6128
f 5594 5598 5597
f 6129 6455 6130
f 6132 6531 6133
f 6049 6048 6135
f 6136 6407 6137
f 6139 6121 6120
f 6140 6227 6141
f 6143 6178 6144
f 6146 6513 6147
f 6148 6288 6149
f 6006 6289 6150
f 6152 6354 6153
f 6155 6099 6156
f 5975 5974 6157
f 6161 6361 6382
f 6382 6159 6161
f 6162 6393 6163
f 6114 6286 5745
f 6114 5745 5744
f 6552 6311 6115
f 6114 5744 6165
f 6165 6552 6115
f 6166 6140 6142
f 6168 6409 6169
f 6155 6167 6142
f 6142 6141 6171
f 6171 6325 6489
f 6489 6387 6171
f 6135 6048 6155
f 6155 6142 6135
f 6171 6387 6135
f 6172 6283 6173
f 6175 6044 6007
f 6177 6374 6144
f 6080 6548 6179
f 6179 6515 6117
f 6182 6314 6180
f 6061 6553 6183
f 6185 6554 6186
f 6355 5967 6189
f 6323 6450 6188
f 5967 6190 6189
f 6189 6091 6355
f 6323 6188 6190
f 6191 6504 6192
f 6194 6034 6033
f 6177 6178 6143
f 6191 6193 6197
f 6199 6451 6112
f 6201 6555 5959
f 6304 6204 5893
f 6205 6556 6294
f 6294 6258 6503
f 6503 6266 6203
f 5892 5893 6204
f 6503 6203 6294
f 6204 6203 5892
f 6294 6203 6205
f 6105 6207 6206
f 6151 6517 6206
f 6206 6368 6105
f 5833 5903 5904
f 5955 6411 6209
f 6209 6501 6139
f 6025 6024 6210
f 6055 6054 6212
f 6214 6216 5960
f 6075 6544 6215
f 6216 6555 6201
f 6122 6339 6217
f 5990 5914 5915
f 6157 5974 6219
f 6219 5941 6220
f 6126 6089 6088
f 6163 6394 6222
f 6414 6280 6282
f 6281 6300 6496
f 6557 6281 6496
f 6490 6414 6282
f 6490 6282 6224
f 6557 6496 6371
f 6557 6371 6225
f 6223 6490 6224
f 6557 6225 6224
f 6226 6171 6141
f 6228 6420 6229
f 6230 6526 5742
f 6555 6216 6242
f 6231 6439 6530
f 5953 6558 6319
f 6231 6530 5953
f 6555 6242 6241
f 6319 5960 6231
f 5959 6555 6231
f 6231 5953 6319
f 6555 6241 6231
f 6559 6234 6233
f 5906 5834 6560
f 6441 6559 6233
f 6232 5906 6560
f 6233 6440 6441
f 6232 6560 6233
f 6235 6547 6076
f 6237 6328 6238
f 5903 5906 6232
f 6350 6560 5834
f 5834 5766 5900
f 5900 5865 5736
f 5900 5736 5871
f 6350 5834 6242
f 6561 6181 6562
f 6562 6181 6349
f 5834 5900 6242
f 5674 5890 6241
f 5900 5871 6242
f 6562 6349 6059
f 6242 6255 6059
f 6059 6349 6350
f 5871 5674 6242
f 6242 6059 6350
f 6244 6245 6243
f 6173 6284 6243
f 6245 6349 6276
f 6276 6278 6245
f 6349 6181 6276
f 6173 6243 6245
f 6245 6278 6174
f 6246 6403 6247
f 6250 5980 6240
f 6240 6249 6250
f 6232 6234 6250
f 5980 6234 5979
f 6251 5979 6292
f 6292 6559 6251
f 6441 6252 6251
f 6251 6559 6441
f 6254 6285 6183
f 6184 6059 6254
f 6254 6183 6184
f 6294 6258 6257
f 6563 6256 6258
f 6257 6460 6294
f 5954 6530 5889
f 6439 5891 5889
f 5889 6253 6259
f 6252 6564 6256
f 6460 6256 6459
f 6259 5954 5889
f 6564 6459 6256
f 6530 6439 5889
f 6253 6252 6259
f 6262 6265 6260
f 6260 6565 6497
f 6497 6261 6260
f 6092 6324 6263
f 6380 5972 5971
f 6090 6092 6263
f 6263 6380 5971
f 5971 6210 6090
f 6468 6090 6210
f 6210 6024 6468
f 6563 6203 6256
f 6203 5892 5916
f 5892 5914 5916
f 6259 6256 6203
f 5745 6264 5913
f 5954 6259 5913
f 6203 5916 5913
f 5913 5743 5745
f 6259 6203 5913
f 6566 6266 6265
f 6503 6260 6266
f 6267 6075 6074
f 6269 6356 6270
f 6206 6517 6086
f 6273 6395 6274
f 6254 6255 6214
f 6242 6216 6214
f 5958 5960 6319
f 6255 6242 6214
f 5958 6319 6254
f 6027 6068 6070
f 6172 6174 6278
f 6276 6181 6277
f 6172 6278 6276
f 6279 6526 5742
f 5742 5740 6279
f 6276 6278 5740
f 6280 6300 6281
f 6283 6567 6284
f 6251 6253 5889
f 6241 5890 5739
f 6264 6530 5953
f 5953 6558 6285
f 6285 6183 6553
f 6553 6313 6286
f 6286 5745 6264
f 6264 5953 6286
f 6285 6553 6286
f 6287 6466 6149
f 6289 6543 6290
f 6291 6568 5979
f 6293 6410 6239
f 6194 6188 6032
f 6294 6556 6295
f 6296 6569 5876
f 6298 6477 6248
f 6280 6415 6299
f 5965 6346 5994
f 5965 5994 5996
f 5966 5965 5996
f 5966 6332 6222
f 6004 6397 6570
f 6570 6566 6265
f 6302 5964 6571
f 6302 6571 6572
f 6004 6570 6222
f 6222 6570 6265
f 6302 6572 6573
f 6302 6573 6574
f 5966 6222 6265
f 5966 6265 6262
f 6302 6574 6575
f 6302 6575 6301
f 6575 6262 6301
f 6165 5744 5895
f 6203 6266 6570
f 6570 5965 5892
f 6266 6566 6570
f 5893 5892 5965
f 6203 6570 5892
f 6302 6304 5965
f 6485 6344 6343
f 6343 6384 6485
f 5945 5944 6305
f 5981 5986 5985
f 6113 6279 6576
f 6526 6230 6576
f 6576 6061 6113
f 6553 6313 6308
f 6279 6526 6576
f 6553 6308 6061
f 6218 6217 6309
f 5895 5894 6567
f 6172 6277 6180
f 6172 6180 6303
f 5895 6567 6283
f 6172 6303 5895
f 6311 6526 6279
f 6279 6113 6115
f 6286 6313 5745
f 6577 6312 6313
f 5743 5745 6313
f 6037 6036 6202
f 5958 6446 6026
f 5958 6026 6028
f 6037 6202 6069
f 6069 6202 5958
f 5958 6028 6070
f 6314 6182 6315
f 6527 6426 6467
f 6467 6096 6318
f 6097 6578 6096
f 6318 6527 6467
f 6578 6317 6096
f 6319 6558 6285
f 6180 6314 5720
f 6579 5718 6314
f 6314 6316 6579
f 6552 6165 5652
f 5741 5652 6165
f 6314 5718 5720
f 5720 5876 6297
f 6297 5877 6180
f 6180 5720 6297
f 5741 6165 5878
f 6180 5877 6303
f 5878 6165 6303
f 6320 6549 5984
f 6159 6379 6321
f 6235 6547 6322
f 6323 6450 6324
f 6197 6489 6325
f 6326 6385 6327
f 6328 6170 6169
f 6474 6331 6330
f 6329 6465 6330
f 5995 6386 6332
f 6333 6531 6132
f 6334 6519 6335
f 6337 6380 6263
f 6282 6281 6339
f 6340 6228 5943
f 6348 6287 6056
f 6288 6148 6056
f 6032 6188 6450
f 6091 6189 6342
f 6032 6324 6091
f 6448 6345 6344
f 6157 6220 5940
f 6108 6332 6346
f 5996 5994 6346
f 6246 6416 6038
f 6058 6351 6348
f 6349 6245 6244
f 6351 6466 6287
f 6325 6168 6170
f 6352 6077 5913
f 6052 6331 6329
f 6152 6370 6353
f 5967 6092 6091
f 6356 6093 6095
f 6357 6443 6358
f 6360 6580 6361
f 6362 6581 6240
f 6363 6582 5980
f 6071 6506 6062
f 6511 6376 6062
f 6376 6399 5992
f 6062 6506 6511
f 5947 6365 6364
f 6186 6554 5947
f 6083 6364 5998
f 6327 6520 6094
f 6094 6104 6327
f 6270 6095 6498
f 6498 6271 6270
f 6401 6400 6095
f 6400 6498 6095
f 6095 6094 6401
f 6520 6083 6094
f 6186 5947 6364
f 6062 6376 6524
f 6376 5992 5993
f 6364 6366 5997
f 6401 6094 6083
f 5998 6401 6083
f 6376 5993 6524
f 6062 6524 6366
f 5997 5998 6364
f 6062 6366 6365
f 6134 6133 5962
f 6085 6087 5961
f 6102 6508 6389
f 6495 6100 6405
f 6583 6405 6100
f 6102 6389 6369
f 6583 6100 6369
f 5973 5942 5941
f 6152 6154 6035
f 6371 6584 6372
f 6160 6321 6360
f 5952 6257 6256
f 6373 6145 6144
f 6375 6400 6376
f 6159 6382 6378
f 5967 5969 6090
f 5970 5972 6380
f 6110 6471 6381
f 6361 6580 6378
f 6198 6325 6171
f 6383 6485 6384
f 6507 6487 6446
f 6446 5958 6507
f 6202 6036 6132
f 6202 6132 6134
f 6505 6507 5958
f 6377 6505 5958
f 6202 6134 6367
f 6367 6423 5948
f 6367 5948 6185
f 6377 5958 6214
f 6375 6377 6214
f 6202 6367 6185
f 6202 6185 6187
f 6499 6375 6214
f 6269 6499 6214
f 6202 6187 6082
f 6202 6082 6201
f 6356 6269 6214
f 6093 6356 6214
f 6201 6082 6084
f 6201 6084 6481
f 6093 6214 6201
f 6103 6093 6201
f 6201 6481 6385
f 6326 6103 6201
f 6386 6109 6108
f 6387 6489 6197
f 6390 6585 6389
f 6391 6267 6268
f 6162 6397 6003
f 6005 6394 6003
f 6163 6393 6003
f 6209 6586 6395
f 6340 6471 6110
f 5940 5942 5973
f 5973 5975 6158
f 6004 6222 6397
f 6164 6162 6397
f 6166 6417 6100
f 6398 6131 6130
f 6399 6376 6400
f 6401 6525 6399
f 6001 5945 6306
f 6262 6261 6304
f 6304 6302 6262
f 5947 6554 6185
f 6402 6296 6297
f 6246 6347 5977
f 6347 6587 5977
f 6343 6462 6403
f 6384 6343 6403
f 6246 5977 5976
f 5976 6384 6403
f 6405 6583 6317
f 6318 6317 6583
f 5743 5913 5915
f 5915 5914 5892
f 5969 5968 6211
f 6025 6211 5968
f 6406 5970 6337
f 6338 6190 5967
f 6406 6337 6338
f 5969 6211 6406
f 6338 5967 5969
f 6204 6243 6284
f 6284 6567 5894
f 6304 6204 6284
f 6443 6137 6395
f 6407 6470 6274
f 6479 6478 6492
f 6470 6479 6492
f 6358 6443 6586
f 6586 6502 6358
f 6395 6586 6443
f 6470 6492 6274
f 6395 6137 6407
f 6408 5988 6193
f 6478 6410 6409
f 6239 6238 6169
f 6169 6409 6239
f 6411 6516 6123
f 5600 5587 5592
f 6334 6336 6412
f 6414 6445 6415
f 6416 6391 6392
f 6417 6166 6047
f 6229 6420 6126
f 6089 6431 6215
f 6089 6215 6544
f 6229 6126 6031
f 5944 6229 6031
f 6030 6089 6544
f 6030 6544 6014
f 5944 6031 6305
f 6305 6031 6418
f 6030 6014 6418
f 6419 6431 6089
f 6089 6126 6419
f 6162 6164 6108
f 6164 6332 6108
f 5965 6570 6346
f 6397 6162 6108
f 6346 6570 6397
f 6421 6341 6001
f 6423 6367 5962
f 6396 6040 6039
f 6425 6306 5945
f 5945 5943 6425
f 6228 6424 6039
f 6039 6392 6391
f 6391 6013 6039
f 6425 5943 6228
f 6228 6039 6013
f 6585 6426 6389
f 6527 6369 6426
f 6457 6429 6428
f 6452 6427 6429
f 6048 6156 6430
f 6424 6039 6431
f 6425 6013 6432
f 6306 6425 6433
f 6476 6074 6215
f 6215 6431 6476
f 6039 6392 6268
f 6039 6268 6434
f 6476 6431 6434
f 6432 6013 6391
f 6295 6565 6260
f 6435 6551 6436
f 6212 6557 6224
f 6074 6476 6310
f 6310 6309 6075
f 6075 6074 6310
f 6147 6513 6217
f 6588 6012 6309
f 6012 6322 6309
f 6054 6147 6339
f 6557 6212 6281
f 6281 6212 6054
f 6513 6588 6217
f 6588 6309 6217
f 6339 6281 6054
f 6041 6175 6176
f 6434 6236 6235
f 6235 6012 6434
f 6267 6268 6434
f 5994 6346 6107
f 6110 6456 6040
f 5989 6097 6049
f 5739 5891 6439
f 6166 6167 6155
f 6440 6564 6252
f 6394 6005 6004
f 6191 6198 6226
f 6138 6137 6443
f 6414 6490 6444
f 6446 6098 6447
f 6344 6485 6298
f 6298 6247 6344
f 6403 6462 6448
f 6550 6111 6448
f 6381 6461 6449
f 6461 6464 6449
f 6462 6550 6448
f 6344 6247 6403
f 6381 6449 6111
f 6448 6344 6403
f 6380 6263 6324
f 6305 6418 6425
f 6228 6424 6419
f 6429 6453 6452
f 6451 6199 6452
f 6454 6509 6455
f 6323 6190 6338
f 6456 6453 6429
f 6457 6587 6347
f 6456 6429 6457
f 6428 6427 6422
f 6422 6000 6428
f 6458 6428 6000
f 6459 6556 6294
f 6461 6421 6199
f 6422 6427 6421
f 6427 6452 6421
f 6200 6464 6461
f 6421 6452 6199
f 5977 6587 6428
f 6457 6428 6587
f 6340 6396 6424
f 6345 6463 6550
f 6550 6462 6345
f 6200 6112 6464
f 6463 6449 6464
f 6051 6494 6465
f 6466 6149 6057
f 6057 6058 6466
f 6467 6101 6417
f 6355 5968 6468
f 6415 6445 6444
f 6444 6491 6372
f 6372 6584 6469
f 6469 6299 6415
f 6415 6444 6372
f 6470 6500 6170
f 6500 6328 6170
f 6168 6479 6470
f 6461 6381 6471
f 6207 6105 6472
f 6474 6331 6052
f 6195 6033 6342
f 5878 5877 6402
f 6290 6543 6021
f 6236 6434 6476
f 6002 6433 6477
f 5969 6090 6468
f 6479 6168 6489
f 6325 6489 6168
f 6480 6549 6478
f 6549 6409 6478
f 6479 6489 6480
f 6409 6168 6479
f 6481 6520 6327
f 6167 6142 6482
f 6142 6141 6484
f 6383 5978 6477
f 6000 6477 5978
f 6383 6477 6298
f 6484 6141 6328
f 6171 6170 6141
f 6238 6169 6320
f 6141 6170 6328
f 6238 6320 6484
f 6471 6340 6341
f 6408 6179 6548
f 6079 6510 5988
f 6408 6548 6079
f 5989 5988 6510
f 6404 6317 6578
f 6578 6065 6404
f 6487 6073 6098
f 6488 6480 6489
f 6167 6483 6099
f 6490 6223 6491
f 6330 6474 6475
f 6275 6274 6492
f 6494 6050 6329
f 6442 6226 6227
f 6469 6584 6371
f 6246 6248 6432
f 6205 6204 6261
f 6071 6062 6064
f 6269 6271 6498
f 6500 6470 6407
f 6168 6170 6328
f 6328 6237 6293
f 6293 6479 6328
f 6358 6502 6501
f 6140 6100 6495
f 6225 6372 6491
f 6379 6378 6580
f 6580 6360 6379
f 6586 6209 6411
f 6586 6411 6125
f 6121 6139 6501
f 6119 6121 6501
f 6586 6125 6124
f 6435 6119 6502
f 6502 6586 6124
f 6119 6501 6502
f 6266 6563 6258
f 5949 5951 6473
f 6373 6374 6177
f 6191 6442 6067
f 6442 6546 6067
f 6117 6116 6504
f 6080 6117 6504
f 6191 6067 6081
f 6081 6080 6504
f 6169 6238 6493
f 6493 6492 6409
f 6409 6169 6493
f 6409 6549 6320
f 6505 6511 6506
f 6102 6101 6585
f 6467 6426 6585
f 6101 6467 6585
f 6116 6508 6390
f 6192 6504 6515
f 6179 6408 6515
f 6515 6408 6192
f 6504 6116 6390
f 6102 6585 6390
f 6390 6515 6504
f 6486 6546 6442
f 6495 6405 6404
f 6404 6486 6495
f 6022 6542 6509
f 6065 6578 6097
f 6097 5989 6065
f 6066 6065 5989
f 6193 5988 6388
f 6377 6376 6511
f 6066 6510 6067
f 6079 6081 6510
f 6512 6588 6513
f 6514 6353 6370
f 6267 6012 6588
f 6588 6512 6268
f 6268 6267 6588
f 6390 6118 6515
f 6299 6469 6496
f 6128 6551 6435
f 6293 6410 6478
f 6493 6238 6328
f 6328 6500 6493
f 6136 6138 6275
f 6357 6359 6209
f 6359 6501 6209
f 6500 6275 6493
f 6500 6136 6275
f 6357 6209 6273
f 6275 6138 6273
f 6194 6195 6189
f 5832 6230 6060
f 6190 6324 6263
f 6135 6387 6388
f 6107 6109 6386
f 6386 5995 6107
f 6434 6268 6074
f 5955 5957 6516
f 6323 6450 6380
f 6206 6272 6085
f 5961 6087 6086
f 6308 6313 6286
f 6334 6413 6518
f 6347 6038 6040
f 6084 6083 6520
f 6579 5718 6522
f 5720 6521 5718
f 6418 6014 6013
f 6075 6267 6012
f 6345 6448 6463
f 6187 6186 6364
f 6523 6335 6519
f 6477 6433 6432
f 6341 5943 5945
f 5997 6366 6525
f 6524 5993 6525
f 5992 6399 6525
f 6525 6401 5998
f 5998 5997 6525
f 5993 5992 6525
f 6311 6552 5652
f 6499 6498 6400
f 6318 6583 6369
f 6528 6541 6529
f 6077 6352 5990
f 6430 6488 6387
f 6589 6590 6591
f 6182 6522 6315
f 6579 6592 6593
f 5884 6590 6592
f 6594 6522 6060
f 6590 6593 6592
f 6315 6579 6522
f 5831 6594 6060
f 5884 6589 6591
f 6593 6589 5886
f 6589 6595 6590
f 6182 6561 6522
f 5886 5719 5883
f 5883 5880 6596
f 5719 5882 5883
f 6593 5886 5883
f 5883 6596 6597
f 6593 5883 6597
f 5885 5884 5873
f 6593 6597 6579
f 5873 5884 6592
f 6594 5873 6592
f 5879 5718 6579
f 6594 6592 6579
f 6597 5879 6579
f 5884 6591 6590
f 6562 6060 6522
f 6594 6579 6522
f 6522 6561 6562
f 6590 6595 6593
f 6315 6316 6579
f 5831 5873 6594
f 5884 5886 6589
f 6593 6595 6589
f 5873 5646 5837
f 5657 5868 5870
f 5877 6297 5876
f 5722 5832 5742
f 5803 5903 5904
f 6059 6562 6060
f 6180 6277 6181
f 5979 6234 6559
f 6295 6260 6503
f 5652 5742 6526
f 5966 5996 6332
f 6575 5966 6262
f 6032 6450 6324
g Lamp_2__node0
usemtl itu_marble
v -0.418068 0.030000 7.571180
v -0.418068 1.530000 7.576360
v -0.418068 1.530000 7.571180
v -0.425138 1.530000 7.564110
v -0.420656 0.030000 7.566700
v -0.420656 1.530000 7.566700
v -0.434798 1.530000 7.566700
v -0.432727 0.030000 7.565110
v -0.430315 1.530000 7.564110
v -0.425138 1.530000 7.583430
v -0.432727 0.030000 7.582430
v -0.432727 1.530000 7.582430
v -0.437386 1.530000 7.576360
v -0.437727 0.030000 7.573770
v -0.437386 1.530000 7.571180
v -0.425138 0.030000 7.564110
v -0.437386 0.030000 7.576360
v -0.420656 1.530000 7.580840
v -0.425138 0.030000 7.583430
v -0.418068 0.030000 7.576360
v -0.420656 0.030000 7.580840
v -0.437386 0.030000 7.571180
v -0.434798 0.030000 7.566700
v -0.430315 0.030000 7.564110
v -0.430315 1.580000 7.564110
v -0.425138 1.580000 7.564110
v -0.282838 0.030000 7.612590
v -0.388904 0.030000 7.428880
v -0.352727 0.000000 7.443870
v -0.352727 0.030000 7.443870
v -0.432727 1.580000 7.582430
v -0.418068 1.580000 7.576360
v -0.533793 0.030000 7.467700
v -0.572616 0.000000 7.534950
v -0.533793 0.000000 7.467700
v -0.266264 1.730000 7.530510
v -0.282963 1.730000 7.490190
v -0.266264 1.440000 7.530510
v -0.427727 0.030000 7.723770
v -0.388904 0.000000 7.718660
v -0.466549 0.000000 7.718660
v -0.282838 0.000000 7.534950
v -0.321661 0.030000 7.467700
v -0.321661 0.000000 7.467700
v -0.260568 1.440000 7.573770
v -0.282963 1.730000 7.657350
v -0.260568 1.730000 7.573770
v -0.437386 1.580000 7.576360
v -0.437386 1.580000 7.571180
v -0.418068 1.580000 7.571180
v -0.572616 0.030000 7.612590
v -0.572616 0.030000 7.534950
v -0.533793 0.000000 7.679840
v -0.572616 0.000000 7.612590
v -0.434798 1.580000 7.566700
v -0.282963 1.440000 7.657350
v -0.384463 1.730000 7.735230
v -0.511306 1.730000 7.718530
v -0.545926 1.440000 7.691970
v -0.545926 1.730000 7.691970
v -0.511306 1.730000 7.429010
v -0.427727 1.440000 7.406610
v -0.427727 1.730000 7.406610
v -0.572490 1.730000 7.490190
v -0.594885 1.440000 7.573770
v -0.572490 1.440000 7.490190
v -0.321661 0.030000 7.679840
v -0.388904 0.030000 7.718660
v -0.425138 1.580000 7.583430
v -0.420656 1.580000 7.580840
v -0.594885 1.730000 7.573770
v -0.572490 1.440000 7.657350
v -0.470990 1.440000 7.735230
v -0.470990 1.730000 7.735230
v -0.282838 0.000000 7.612590
v -0.309528 1.440000 7.455570
v -0.309528 1.730000 7.455570
v -0.427727 0.000000 7.423770
v -0.427727 0.030000 7.423770
v -0.420656 1.580000 7.566700
v -0.533793 0.030000 7.679840
v -0.466549 0.030000 7.718660
v -0.282838 0.030000 7.534950
v -0.388904 0.000000 7.428880
v -0.282963 1.440000 7.490190
v -0.384463 1.440000 7.735230
v -0.572490 1.730000 7.657350
v -0.511306 1.440000 7.718530
v -0.511306 1.440000 7.429010
v -0.321661 0.000000 7.679840
f 6598 6599 6600
f 6601 6602 6603
f 6604 6605 6606
f 6607 6608 6609
f 6610 6611 6612
f 6602 6600 6603
f 6606 6613 6601
f 6609 6614 6610
f 6615 6616 6607
f 6615 6617 6618
f 6604 6619 6620
f 6598 6617 6599
f 6601 6613 6602
f 6621 6606 6605
f 6604 6620 6605
f 6607 6616 6608
f 6619 6612 6611
f 6610 6614 6611
f 6602 6598 6600
f 6606 6621 6613
f 6609 6608 6614
f 6615 6618 6616
f 6615 6599 6617
f 6604 6612 6619
f 6622 6601 6623
f 6624 6617 6598
f 6625 6626 6627
f 6628 6622 6629
f 6630 6631 6632
f 6633 6634 6635
f 6636 6637 6638
f 6639 6640 6641
f 6642 6643 6644
f 6628 6610 6645
f 6610 6646 6645
f 6647 6603 6600
f 6648 6631 6649
f 6648 6650 6651
f 6612 6652 6646
f 6599 6607 6606
f 6653 6654 6643
f 6655 6656 6657
f 6600 6629 6647
f 6658 6659 6660
f 6661 6662 6663
f 6664 6637 6665
f 6615 6629 6599
f 6630 6619 6649
f 6607 6628 6666
f 6667 6607 6666
f 6604 6622 6652
f 6668 6669 6662
f 6654 6670 6671
f 6624 6639 6672
f 6672 6664 6624
f 6663 6658 6661
f 6660 6673 6674
f 6630 6675 6676
f 6623 6603 6677
f 6638 6678 6679
f 6622 6606 6601
f 6640 6602 6627
f 6624 6664 6618
f 6636 6611 6614
f 6636 6614 6608
f 6664 6665 6616
f 6627 6602 6613
f 6676 6625 6613
f 6621 6605 6676
f 6613 6621 6676
f 6625 6627 6613
f 6665 6636 6616
f 6636 6608 6616
f 6640 6680 6602
f 6602 6680 6598
f 6664 6616 6618
f 6624 6618 6617
f 6598 6680 6624
f 6640 6627 6641
f 6625 6676 6675
f 6681 6626 6625
f 6625 6675 6681
f 6641 6627 6626
f 6667 6666 6628
f 6628 6645 6622
f 6646 6652 6622
f 6622 6623 6647
f 6677 6647 6623
f 6629 6667 6628
f 6645 6646 6622
f 6622 6647 6629
f 6630 6649 6631
f 6682 6635 6634
f 6642 6644 6633
f 6634 6674 6673
f 6642 6633 6635
f 6634 6673 6682
f 6638 6679 6636
f 6636 6665 6637
f 6639 6680 6640
f 6642 6653 6643
f 6628 6609 6610
f 6610 6612 6646
f 6647 6677 6603
f 6648 6651 6631
f 6648 6678 6650
f 6612 6604 6652
f 6606 6601 6599
f 6603 6600 6601
f 6599 6615 6607
f 6607 6609 6610
f 6610 6612 6604
f 6604 6606 6610
f 6600 6599 6601
f 6607 6610 6606
f 6653 6683 6654
f 6684 6657 6669
f 6655 6671 6670
f 6685 6656 6655
f 6655 6670 6685
f 6669 6657 6656
f 6600 6599 6629
f 6658 6686 6659
f 6661 6668 6662
f 6664 6687 6637
f 6615 6667 6629
f 6679 6678 6611
f 6648 6649 6611
f 6630 6676 6605
f 6630 6605 6620
f 6678 6648 6611
f 6611 6636 6679
f 6630 6620 6619
f 6619 6611 6649
f 6607 6609 6628
f 6667 6615 6607
f 6604 6606 6622
f 6668 6684 6669
f 6654 6683 6670
f 6624 6680 6639
f 6672 6687 6664
f 6663 6686 6658
f 6660 6659 6673
f 6630 6632 6675
f 6623 6601 6603
f 6638 6650 6678
g Lamp_node0
usemtl itu_marble
v 0.227341 0.030000 -3.801860
v 0.227341 1.530000 -3.796680
v 0.227341 1.530000 -3.801860
v 0.220271 1.530000 -3.808930
v 0.224753 0.030000 -3.806340
v 0.224753 1.530000 -3.806340
v 0.210611 1.530000 -3.806340
v 0.212682 0.030000 -3.807930
v 0.215094 1.530000 -3.808930
v 0.220271 1.530000 -3.789610
v 0.212682 0.030000 -3.790610
v 0.212682 1.530000 -3.790610
v 0.208023 1.530000 -3.796680
v 0.207682 0.030000 -3.799270
v 0.208023 1.530000 -3.801860
v 0.220271 0.030000 -3.808930
v 0.208023 0.030000 -3.796680
v 0.224753 1.530000 -3.792200
v 0.220271 0.030000 -3.789610
v 0.227341 0.030000 -3.796680
v 0.224753 0.030000 -3.792200
v 0.208023 0.030000 -3.801860
v 0.210611 0.030000 -3.806340
v 0.215094 0.030000 -3.808930
v 0.215094 1.580000 -3.808930
v 0.220271 1.580000 -3.808930
v 0.362571 0.030000 -3.760440
v 0.256505 0.030000 -3.944160
v 0.292682 0.000000 -3.929170
v 0.292682 0.030000 -3.929170
v 0.212682 1.580000 -3.790610
v 0.227341 1.580000 -3.796680
v 0.111616 0.030000 -3.905330
v 0.072793 0.000000 -3.838090
v 0.111616 0.000000 -3.905330
v 0.379145 1.730000 -3.842530
v 0.362446 1.730000 -3.882850
v 0.379145 1.440000 -3.842530
v 0.217682 0.030000 -3.649270
v 0.256505 0.000000 -3.654380
v 0.178859 0.000000 -3.654380
v 0.362571 0.000000 -3.838090
v 0.323748 0.030000 -3.905330
v 0.323748 0.000000 -3.905330
v 0.384841 1.440000 -3.799270
v 0.362446 1.730000 -3.715690
v 0.384841 1.730000 -3.799270
v 0.208023 1.580000 -3.796680
v 0.208023 1.580000 -3.801860
v 0.227341 1.580000 -3.801860
v 0.072793 0.030000 -3.760440
v 0.072793 0.030000 -3.838090
v 0.111616 0.000000 -3.693200
v 0.072793 0.000000 -3.760440
v 0.210611 1.580000 -3.806340
v 0.362446 1.440000 -3.715690
v 0.260946 1.730000 -3.637800
v 0.134103 1.730000 -3.654500
v 0.099483 1.440000 -3.681070
v 0.099483 1.730000 -3.681070
v 0.134103 1.730000 -3.944030
v 0.217682 1.440000 -3.966430
v 0.217682 1.730000 -3.966430
v 0.072919 1.730000 -3.882850
v 0.050524 1.440000 -3.799270
v 0.072919 1.440000 -3.882850
v 0.323748 0.030000 -3.693200
v 0.256505 0.030000 -3.654380
v 0.220271 1.580000 -3.789610
v 0.224753 1.580000 -3.792200
v 0.050524 1.730000 -3.799270
v 0.072919 1.440000 -3.715690
v 0.174419 1.440000 -3.637800
v 0.174419 1.730000 -3.637800
v 0.362571 0.000000 -3.760440
v 0.335881 1.440000 -3.917470
v 0.335881 1.730000 -3.917470
v 0.217682 0.000000 -3.949270
v 0.217682 0.030000 -3.949270
v 0.224753 1.580000 -3.806340
v 0.111616 0.030000 -3.693200
v 0.178859 0.030000 -3.654380
v 0.362571 0.030000 -3.838090
v 0.256505 0.000000 -3.944160
v 0.362446 1.440000 -3.882850
v 0.260946 1.440000 -3.637800
v 0.072919 1.730000 -3.715690
v 0.134103 1.440000 -3.654500
v 0.134103 1.440000 -3.944030
v 0.323748 0.000000 -3.693200
f 6688 6689 6690
f 6691 6692 6693
f 6694 6695 6696
f 6697 6698 6699
f 6700 6701 6702
f 6692 6690 6693
f 6696 6703 6691
f 6699 6704 6700
f 6705 6706 6697
f 6705 6707 6708
f 6694 6709 6710
f 6688 6707 6689
f 6691 6703 6692
f 6711 6696 6695
f 6694 6710 6695
f 6697 6706 6698
f 6709 6702 6701
f 6700 6704 6701
f 6692 6688 6690
f 6696 6711 6703
f 6699 6698 6704
f 6705 6708 6706
f 6705 6689 6707
f 6694 6702 6709
f 6712 6691 6713
f 6714 6707 6688
f 6715 6716 6717
f 6718 6712 6719
f 6720 6721 6722
f 6723 6724 6725
f 6726 6727 6728
f 6729 6730 6731
f 6732 6733 6734
f 6718 6700 6735
f 6700 6736 6735
f 6737 6693 6690
f 6738 6721 6739
f 6738 6740 6741
f 6702 6742 6736
f 6689 6697 6696
f 6743 6744 6733
f 6745 6746 6747
f 6690 6719 6737
f 6748 6749 6750
f 6751 6752 6753
f 6754 6727 6755
f 6705 6719 6689
f 6720 6709 6739
f 6697 6718 6756
f 6757 6697 6756
f 6694 6712 6742
f 6758 6759 6752
f 6744 6760 6761
f 6714 6729 6762
f 6762 6754 6714
f 6753 6748 6751
f 6750 6763 6764
f 6720 6765 6766
f 6713 6693 6767
f 6728 6768 6769
f 6712 6696 6691
f 6730 6692 6717
f 6714 6754 6708
f 6726 6701 6704
f 6726 6704 6698
f 6754 6755 6706
f 6717 6692 6703
f 6766 6715 6703
f 6711 6695 6766
f 6703 6711 6766
f 6715 6717 6703
f 6755 6726 6706
f 6726 6698 6706
f 6730 6770 6692
f 6692 6770 6688
f 6754 6706 6708
f 6714 6708 6707
f 6688 6770 6714
f 6730 6717 6731
f 6715 6766 6765
f 6771 6716 6715
f 6715 6765 6771
f 6731 6717 6716
f 6757 6756 6718
f 6718 6735 6712
f 6736 6742 6712
f 6712 6713 6737
f 6767 6737 6713
f 6719 6757 6718
f 6735 6736 6712
f 6712 6737 6719
f 6720 6739 6721
f 6772 6725 6724
f 6732 6734 6723
f 6724 6764 6763
f 6732 6723 6725
f 6724 6763 6772
f 6728 6769 6726
f 6726 6755 6727
f 6729 6770 6730
f 6732 6743 6733
f 6718 6699 6700
f 6700 6702 6736
f 6737 6767 6693
f 6738 6741 6721
f 6738 6768 6740
f 6702 6694 6742
f 6696 6691 6689
f 6693 6690 6691
f 6689 6705 6697
f 6697 6699 6700
f 6700 6702 6694
f 6694 6696 6700
f 6690 6689 6691
f 6697 6700 6696
f 6743 6773 6744
f 6774 6747 6759
f 6745 6761 6760
f 6775 6746 6745
f 6745 6760 6775
f 6759 6747 6746
f 6690 6689 6719
f 6748 6776 6749
f 6751 6758 6752
f 6754 6777 6727
f 6705 6757 6719
f 6769 6768 6701
f 6738 6739 6701
f 6720 6766 6695
f 6720 6695 6710
f 6768 6738 6701
f 6701 6726 6769
f 6720 6710 6709
f 6709 6701 6739
f 6697 6699 6718
f 6757 6705 6697
f 6694 6696 6712
f 6758 6774 6759
f 6744 6773 6760
f 6714 6770 6729
f 6762 6777 6754
f 6753 6776 6748
f 6750 6749 6763
f 6720 6722 6765
f 6713 6691 6693
f 6728 6740 6768
g Man_sitting_node0
usemtl itu_marble
v -6.313600 1.066800 6.645970
v -6.300300 1.016100 6.658170
v -6.275200 1.013600 6.584070
v -6.286900 1.056200 6.576970
v -6.284300 1.025000 6.541670
v -6.292000 1.060600 6.541670
v -6.333200 1.041000 6.684870
v -6.343200 1.098700 6.681270
v -6.302600 1.090700 6.569670
v -6.328900 1.100900 6.645270
v -6.317400 1.106900 6.541570
v -6.314600 1.113300 6.567670
v -6.302900 1.086900 6.541670
v -6.291800 0.961600 6.660970
v -6.272000 0.971800 6.588470
v -6.339000 0.991600 6.694370
v -6.276800 0.955900 6.590670
v -6.279900 0.969900 6.541670
v -6.281500 0.984700 6.541670
v -6.306200 0.944100 6.650670
v -6.361500 0.970400 6.694370
v -6.264500 0.925800 6.541670
v -6.263700 0.922500 6.595970
v -6.299800 0.893600 6.647170
v -6.371700 0.871000 6.686570
v -6.369500 0.950500 6.699070
v -6.424900 0.993300 6.696070
v -6.418500 0.955800 6.711670
v -6.238500 0.840900 6.579670
v -6.234300 0.843300 6.541670
v -6.273500 0.800100 6.646670
v -6.360700 0.829200 6.695870
v -6.349300 0.788500 6.715870
v -6.214200 0.696500 6.589070
v -6.204100 0.690700 6.543170
v -6.258800 0.715700 6.636270
v -6.300200 0.718500 6.667970
v -6.347100 0.760600 6.712970
v -6.355400 0.708300 6.718170
v -6.418100 0.816300 6.716770
v -6.407600 0.779500 6.729170
v -6.433300 0.858500 6.714970
v -6.407500 0.751000 6.722870
v -6.211300 0.601600 6.592070
v -6.201600 0.593000 6.543070
v -6.248600 0.631600 6.628670
v -6.286400 0.643100 6.680370
v -6.333800 0.636100 6.737470
v -6.407400 0.698300 6.728770
v -6.392800 0.611600 6.760570
v -6.340800 1.126400 6.638570
v -6.373400 1.141700 6.720170
v -6.484600 1.008300 6.717370
v -6.475100 0.960800 6.719570
v -6.338700 1.160200 6.541470
v -6.344500 1.163700 6.563270
v -6.358200 1.154800 6.628570
v -6.364200 1.174400 6.595470
v -6.391500 1.179800 6.646770
v -6.385000 1.162400 6.680070
v -6.400000 1.194200 6.612470
v -6.432400 1.179500 6.694470
v -6.432600 1.197800 6.648070
v -6.432800 1.155500 6.735570
v -6.432900 1.208000 6.611170
v -6.540500 0.884800 6.625670
v -6.551800 1.044200 6.643370
v -6.552500 1.051200 6.575870
v -6.551000 0.885800 6.571570
v -6.516400 0.980300 6.694770
v -6.519600 1.054300 6.698670
v -6.513600 0.877200 6.675270
v -6.520200 1.138600 6.585470
v -6.509300 1.134200 6.650170
v -6.488500 1.125100 6.711570
v -6.495200 0.757000 6.647970
v -6.502500 0.764600 6.573770
v -6.481300 0.692600 6.650570
v -6.485300 0.693700 6.575770
v -6.467800 0.564700 6.673570
v -6.495300 0.577400 6.575170
v -6.474100 1.167800 6.657970
v -6.494600 1.168300 6.587770
v -6.478500 1.193300 6.588870
v -6.452900 1.214100 6.576470
v -6.553300 1.053100 6.541670
v -6.550000 0.885700 6.541670
v -6.503500 0.764900 6.541770
v -6.475000 0.691200 6.541670
v -6.492500 0.586300 6.540570
v -6.485800 1.192900 6.541670
v -6.496800 1.169400 6.541670
v -6.321400 0.908200 6.720970
v -6.331800 0.950200 6.699970
v -6.315100 0.966900 6.742170
v -6.306500 0.917600 6.752970
v -6.339300 0.964100 6.783570
v -6.335001 0.921600 6.796970
v -6.388000 0.969700 6.805970
v -6.385400 0.921100 6.821370
v -6.348800 0.983000 6.693470
v -6.319800 0.995600 6.729770
v -6.339300 0.993800 6.774870
v -6.392100 0.997500 6.800670
v -6.341000 1.057200 6.762370
v -6.410900 1.065600 6.790870
v -6.354900 1.121000 6.739470
v -6.424100 1.133600 6.760470
v -6.319400 1.040100 6.715370
v -6.327200 1.077200 6.709170
v -6.336900 1.000300 6.696670
v -6.326000 1.028400 6.703270
v -6.329900 1.037100 6.698270
v -6.356600 0.896800 6.699870
v -6.361800 0.941400 6.678370
v -6.430400 0.950000 6.786570
v -6.423400 0.914300 6.794270
v -6.449300 1.030300 6.776970
v -6.434200 0.993600 6.774370
v -6.460800 1.069100 6.771570
v -6.472900 1.113500 6.751270
v -6.459400 0.952000 6.751370
v -6.444900 0.907900 6.763070
v -6.484200 1.057100 6.734170
v -6.477500 1.017600 6.744070
v -6.463200 0.950800 6.720470
v -6.433900 0.902600 6.735170
v -6.405300 0.893200 6.712870
v -6.422300 0.936600 6.699470
v -6.522400 1.140800 6.541670
v -6.459800 1.215300 6.541670
v -6.275200 1.013600 6.499370
v -6.300300 1.016100 6.426770
v -6.313400 1.066700 6.437970
v -6.286900 1.056200 6.506470
v -6.332800 1.038700 6.391970
v -6.339300 1.094800 6.392570
v -6.302600 1.090700 6.513770
v -6.328300 1.101200 6.438970
v -6.314500 1.113500 6.515470
v -6.272000 0.971800 6.494970
v -6.291900 0.961700 6.424270
v -6.335600 0.987900 6.391170
v -6.276800 0.955900 6.492770
v -6.304300 0.940100 6.433670
v -6.357100 0.965500 6.402970
v -6.263700 0.922500 6.487570
v -6.299100 0.893600 6.443070
v -6.371600 0.870200 6.418170
v -6.368300 0.947300 6.403670
v -6.417900 0.953000 6.392670
v -6.419400 0.990300 6.403270
v -6.238500 0.840900 6.504470
v -6.273100 0.800200 6.451070
v -6.360600 0.828800 6.401570
v -6.350500 0.794400 6.384770
v -6.213400 0.696000 6.494470
v -6.252000 0.712300 6.450970
v -6.302500 0.717200 6.421170
v -6.362600 0.704900 6.387870
v -6.352200 0.751700 6.389770
v -6.434200 0.855400 6.393070
v -6.418500 0.814600 6.382870
v -6.413000 0.693700 6.368070
v -6.407400 0.743100 6.375270
v -6.211000 0.600800 6.491270
v -6.243700 0.627700 6.453770
v -6.286900 0.642100 6.414870
v -6.338400 0.638900 6.362870
v -6.397100 0.609900 6.340070
v -6.340500 1.126700 6.445570
v -6.373600 1.148000 6.366270
v -6.474600 0.964400 6.377970
v -6.481400 1.006200 6.381370
v -6.345000 1.163800 6.519770
v -6.357800 1.154900 6.454970
v -6.365300 1.174200 6.487570
v -6.384800 1.160900 6.403470
v -6.392000 1.178500 6.437070
v -6.401800 1.194200 6.471970
v -6.433200 1.178000 6.390670
v -6.434600 1.194500 6.437470
v -6.434300 1.161200 6.355470
v -6.434500 1.207700 6.477070
v -6.552500 1.051200 6.507570
v -6.551500 1.044200 6.440570
v -6.540500 0.884800 6.458770
v -6.551000 0.885800 6.511870
v -6.515500 0.979500 6.396870
v -6.517900 1.053000 6.392870
v -6.514500 0.876600 6.416170
v -6.520200 1.138500 6.497970
v -6.508300 1.136000 6.433270
v -6.488400 1.123000 6.378570
v -6.495200 0.757000 6.444070
v -6.409200 0.785200 6.372670
v -6.502500 0.764600 6.510570
v -6.483000 0.691700 6.439970
v -6.484700 0.694200 6.509170
v -6.483200 0.603800 6.429070
v -6.495500 0.581700 6.503670
v -6.474400 1.166800 6.425270
v -6.494700 1.168300 6.495570
v -6.478500 1.193300 6.494070
v -6.454800 1.214400 6.506070
v -6.333700 0.928700 6.322270
v -6.327100 0.945600 6.283170
v -6.330000 0.979400 6.299170
v -6.337900 0.952500 6.354670
v -6.366300 0.955100 6.258270
v -6.364200 0.988800 6.275170
v -6.421000 0.962700 6.244970
v -6.416600 0.998800 6.266870
v -6.329900 1.002900 6.315670
v -6.343500 0.977200 6.391770
v -6.360400 1.013300 6.285370
v -6.417800 1.021900 6.275770
v -6.424500 1.082500 6.298870
v -6.353800 1.071400 6.305570
v -6.361300 1.121500 6.340270
v -6.430000 1.132600 6.330970
v -6.321900 1.041800 6.336270
v -6.328000 1.076900 6.353670
v -6.333500 0.996000 6.376470
v -6.325800 1.025700 6.351870
v -6.325000 1.033900 6.365970
v -6.362700 0.912300 6.348970
v -6.361001 0.949600 6.379570
v -6.452000 0.958900 6.273870
v -6.457100 0.978100 6.283170
v -6.454900 1.011000 6.303570
v -6.463200 1.041700 6.307670
v -6.471200 1.078900 6.318270
v -6.477000 1.114200 6.340370
v -6.463100 0.947800 6.300570
v -6.469000 0.965300 6.326970
v -6.477500 1.013800 6.352170
v -6.485700 1.058500 6.358070
v -6.446300 0.934100 6.324670
v -6.463400 0.971600 6.355970
v -6.413100 0.913000 6.349270
v -6.423000 0.948100 6.373270
v -6.336500 0.975300 6.742070
v -6.348500 0.965600 6.711170
v -6.354600 0.979100 6.773170
v -6.390300 0.978100 6.792770
v -6.368800 0.957100 6.694970
v -6.418100 0.968400 6.782770
v -6.430100 0.962200 6.758570
v -6.431900 0.958900 6.734570
v -6.407700 0.956600 6.711770
v -6.351900 0.998000 6.317370
v -6.354900 0.982100 6.349670
v -6.375100 1.005600 6.296870
v -6.414700 1.008400 6.287770
v -6.370800 0.971000 6.368970
v -6.439300 0.997600 6.303170
v -6.445000 0.987400 6.328370
v -6.442900 0.982400 6.347170
v -6.413900 0.975000 6.361670
v -6.218000 0.615000 6.542670
v -6.223900 0.622700 6.492370
v -6.256900 0.644100 6.451470
v -6.224100 0.623300 6.590470
v -6.258900 0.648400 6.634770
v -6.306400 0.664900 6.678070
v -6.347300 0.650900 6.724870
v -6.408400 0.627400 6.720170
v -6.464500 0.612100 6.680470
v -6.476700 0.636300 6.576470
v -6.464900 0.641200 6.540270
v -6.476300 0.637200 6.507070
v -6.464900 0.617200 6.410470
v -6.413200 0.620800 6.366870
v -6.346800 0.651100 6.374970
v -6.305600 0.661400 6.417770
v -6.171200 0.572100 6.586670
v -6.258700 0.544600 6.573170
v -6.255500 0.645400 6.607670
v -6.170000 0.647600 6.630170
v -6.265500 0.649200 6.683470
v -6.178900 0.638700 6.692070
v -6.065300 0.621100 6.648670
v -6.072500 0.605900 6.701370
v -5.989300 0.596000 6.664770
v -5.998400 0.580700 6.712370
v -5.925600 0.562300 6.672070
v -5.937500 0.547700 6.717470
v -5.894400 0.463800 6.735870
v -5.870200 0.471000 6.693770
v -5.898700 0.394800 6.742470
v -5.880800 0.395000 6.696270
v -5.885000 0.285600 6.748070
v -5.862000 0.273100 6.698170
v -5.871000 0.343300 6.697270
v -5.891600 0.332500 6.748470
v -5.857600 0.192800 6.699970
v -5.859500 0.231700 6.698370
v -5.873200 0.220600 6.745570
v -5.872800 0.190400 6.747870
v -5.826200 0.111100 6.755970
v -5.805700 0.120800 6.701770
v -5.832000 0.144800 6.701970
v -5.848800 0.130800 6.750970
v -6.189900 0.563700 6.736770
v -6.292100 0.608600 6.739070
v -6.090600 0.515400 6.738870
v -6.029400 0.497600 6.733170
v -5.993300 0.475900 6.739670
v -5.977900 0.437300 6.754070
v -5.948100 0.256400 6.771470
v -5.933800 0.219900 6.754870
v -5.878400 0.256900 6.738870
v -5.856900 0.169000 6.756470
v -5.922400 0.194200 6.767470
v -5.889000 0.095200 6.773270
v -5.883300 0.074900 6.768070
v -6.057800 0.601400 6.604670
v -5.991100 0.576100 6.621570
v -5.925900 0.538300 6.635370
v -5.889500 0.462100 6.647570
v -5.874400 0.267100 6.642070
v -5.886000 0.344000 6.650670
v -5.867400 0.221900 6.657370
v -5.869500 0.183300 6.651670
v -5.820500 0.111400 6.651370
v -5.845500 0.135500 6.646370
v -6.238200 0.577300 6.588370
v -6.257500 0.515900 6.733170
v -6.185200 0.488000 6.723270
v -6.096100 0.455500 6.725170
v -6.054800 0.428600 6.719170
v -6.044100 0.405700 6.725170
v -6.019700 0.298300 6.740170
v -5.951700 0.303600 6.772570
v -6.007600 0.249200 6.740970
v -5.996200 0.208200 6.734070
v -5.987700 0.177700 6.740770
v -5.961000 0.120200 6.732270
v -5.955900 0.087800 6.732970
v -5.955600 0.071800 6.728470
v -6.298500 0.534000 6.739170
v -6.379000 0.573400 6.730970
v -6.176800 0.518600 6.570070
v -6.291200 0.512700 6.547670
v -6.062900 0.521800 6.594770
v -6.007900 0.507800 6.604670
v -5.970900 0.478800 6.615270
v -5.940700 0.319000 6.623470
v -5.929600 0.239200 6.619370
v -5.914200 0.190800 6.639470
v -5.886100 0.080400 6.633570
v -5.889400 0.109700 6.629470
v -6.227300 0.570900 6.541770
v -6.242800 0.533400 6.541270
v -6.293600 0.515400 6.540770
v -6.296600 0.466200 6.657870
v -6.188500 0.455700 6.656070
v -6.096500 0.434600 6.654770
v -6.059400 0.422600 6.661770
v -6.045900 0.393900 6.672970
v -6.023200 0.307100 6.669470
v -6.003400 0.242500 6.669670
v -5.985500 0.178100 6.681570
v -5.963600 0.092400 6.687370
v -5.964100 0.122700 6.688170
v -5.962900 0.075600 6.688370
v -6.370800 0.460000 6.659870
v -6.431700 0.552400 6.695070
v -6.299400 0.474600 6.551170
v -6.196000 0.473900 6.587370
v -6.077500 0.467200 6.609770
v -6.039100 0.455600 6.620270
v -6.017700 0.435900 6.627670
v -6.010500 0.401400 6.635270
v -5.997600 0.308700 6.630370
v -5.976500 0.225700 6.626070
v -5.964300 0.171100 6.645770
v -5.947700 0.117100 6.651470
v -5.951800 0.088800 6.654270
v -5.950700 0.072100 6.657070
v -6.343400 0.462100 6.572270
v -6.421100 0.492900 6.594870
v -6.480200 0.581900 6.574270
v -6.341700 0.466900 6.542170
v -6.313500 0.478600 6.541070
v -6.449200 0.539100 6.540570
v -6.467400 0.588900 6.540870
v -5.954200 0.435000 6.624970
v -5.893400 0.395700 6.649770
v -5.815600 0.080200 6.740970
v -5.797200 0.095600 6.700970
v -5.878100 0.050800 6.754870
v -5.811300 0.087600 6.660070
v -5.954300 0.052500 6.722770
v -5.881500 0.059800 6.645470
v -5.961300 0.056100 6.690170
v -5.943000 0.053800 6.664670
v -6.252900 0.645600 6.473070
v -6.258300 0.544500 6.508670
v -6.168800 0.581900 6.494670
v -6.167200 0.640700 6.448570
v -6.264400 0.647000 6.405570
v -6.178600 0.628000 6.388370
v -6.064400 0.610400 6.432770
v -6.074900 0.588500 6.382970
v -5.993600 0.579600 6.417270
v -6.004100 0.564700 6.368370
v -5.946400 0.534500 6.360770
v -5.927000 0.544100 6.404970
v -5.908600 0.460600 6.349870
v -5.880700 0.460000 6.388870
v -6.193600 0.553100 6.345970
v -6.291500 0.614900 6.353370
v -6.096500 0.501400 6.352770
v -6.039100 0.484100 6.349970
v -6.004800 0.464300 6.342070
v -5.992200 0.425300 6.333770
v -6.061200 0.576200 6.476270
v -5.994600 0.562400 6.461470
v -5.934000 0.525800 6.440970
v -6.238100 0.576700 6.494070
v -6.190800 0.479200 6.361370
v -6.264200 0.508800 6.353070
v -6.103600 0.443400 6.363070
v -6.061600 0.412400 6.356770
v -6.062200 0.400600 6.351070
v -6.304200 0.528400 6.348170
v -6.384100 0.572600 6.358370
v -6.178400 0.513800 6.509470
v -6.290500 0.512600 6.532770
v -6.069200 0.511600 6.489370
v -6.016100 0.498500 6.477270
v -5.982800 0.469600 6.463470
v -6.196500 0.448100 6.424970
v -6.297600 0.453600 6.420070
v -6.102700 0.424100 6.427370
v -6.066300 0.407900 6.415870
v -6.061100 0.389200 6.408570
v -6.381600 0.484900 6.413370
v -6.441100 0.557400 6.395170
v -6.201500 0.468700 6.493270
v -6.300300 0.474300 6.530270
v -6.083700 0.457100 6.478470
v -6.048400 0.443800 6.462870
v -6.025600 0.396100 6.455370
v -6.029600 0.426800 6.451870
v -6.346500 0.461500 6.508470
v -6.435700 0.502100 6.495170
v -6.480200 0.583100 6.509370
v -5.967100 0.428100 6.461570
v -5.903000 0.458700 6.436570
v -5.844100 0.099200 6.698470
v -5.861200 0.089200 6.733370
v -5.857300 0.089300 6.666470
v -5.903500 0.070600 6.742570
v -5.896400 0.070900 6.655370
v -5.947500 0.060600 6.721970
v -5.951900 0.059500 6.687170
v -5.931300 0.066100 6.661870
v -5.832600 0.166800 6.701470
v -5.792600 0.049300 6.748470
v -5.784700 0.062800 6.693670
v -5.808600 0.001700 6.758770
v -5.951000 0.000400 6.721170
v -5.903300 0.002000 6.735570
v -5.957700 0.000200 6.682570
v -5.733900 0.042800 6.721870
v -5.730200 0.045100 6.689470
v -5.744700 0.031000 6.756670
v -5.744300 0.001000 6.762970
v -5.723100 0.027000 6.752570
v -5.698100 0.031200 6.722370
v -5.713100 0.014000 6.754070
v -5.715800 0.001000 6.755570
v -5.690800 0.001000 6.723170
v -5.688200 0.016100 6.722770
v -5.792100 0.052000 6.659470
v -5.805600 0.001800 6.651470
v -5.938200 0.001600 6.654170
v -5.735400 0.036600 6.659970
v -5.737300 0.001000 6.656670
v -5.708000 0.025900 6.664770
v -5.694000 0.032400 6.690870
v -5.700900 0.013400 6.663570
v -5.706500 0.001000 6.662370
v -5.684100 0.016700 6.690570
v -5.734200 0.001000 6.709670
v -5.686800 0.001000 6.690270
v -5.895600 0.399300 6.390470
v -5.916500 0.406500 6.342270
v -5.899100 0.324800 6.346670
v -5.881600 0.343500 6.390370
v -5.869600 0.274400 6.389870
v -5.886600 0.263300 6.350870
v -5.833000 0.145400 6.386570
v -5.805500 0.119500 6.386770
v -5.825900 0.109600 6.332470
v -5.848800 0.129700 6.337570
v -5.859400 0.170600 6.332070
v -5.921400 0.175800 6.311970
v -5.876200 0.191300 6.340470
v -5.889500 0.100400 6.315070
v -5.883000 0.073500 6.320370
v -5.896900 0.343600 6.434570
v -5.882000 0.268000 6.440270
v -5.820500 0.110300 6.437170
v -5.846300 0.135600 6.442270
v -6.027800 0.291800 6.351370
v -5.957800 0.293000 6.322170
v -5.961400 0.117100 6.355870
v -5.992400 0.172500 6.346970
v -5.955400 0.085400 6.355270
v -5.954900 0.069500 6.359770
v -5.951000 0.317900 6.461870
v -5.936100 0.238400 6.462970
v -5.885900 0.079200 6.454870
v -5.889600 0.108400 6.458970
v -6.032200 0.300800 6.417370
v -5.988600 0.173800 6.406170
v -6.009500 0.237300 6.417670
v -6.000300 0.203100 6.353470
v -5.994700 0.185800 6.354270
v -5.963400 0.089800 6.400870
v -5.964800 0.119600 6.399970
v -5.962400 0.073100 6.399870
v -6.007000 0.303600 6.454370
v -5.982200 0.222400 6.455970
v -5.961800 0.146500 6.440670
v -5.948300 0.114700 6.436670
v -5.951600 0.086500 6.433970
v -5.950200 0.070000 6.431270
v -5.906500 0.152900 6.447770
v -5.912200 0.166800 6.456670
v -5.909200 0.401900 6.433870
v -5.815400 0.078700 6.347470
v -5.796900 0.094000 6.387470
v -5.878000 0.049200 6.333570
v -5.811100 0.086100 6.428370
v -5.953500 0.050500 6.365470
v -5.881200 0.058600 6.442970
v -5.960600 0.053900 6.398070
v -5.942400 0.052000 6.423570
v -5.844000 0.099900 6.389770
v -5.861000 0.089700 6.354870
v -5.857200 0.090000 6.421770
v -5.903100 0.070800 6.345570
v -5.896100 0.071200 6.432770
v -5.946900 0.060100 6.366170
v -5.951400 0.059000 6.400870
v -5.930900 0.065900 6.426170
v -5.861400 0.194600 6.388470
v -5.834000 0.167400 6.387070
v -5.873100 0.184600 6.436770
v -5.863400 0.167300 6.429870
v -5.943200 0.234700 6.332570
v -5.875900 0.221000 6.350770
v -5.930200 0.198000 6.324070
v -6.322100 0.913000 6.761370
v -6.335100 0.901300 6.730370
v -6.344300 0.918900 6.793570
v -6.322200 0.857400 6.773070
v -6.338300 0.854200 6.805270
v -6.330000 0.850500 6.745370
v -6.382700 0.917600 6.811370
v -6.363500 0.847200 6.817170
v -6.301300 0.826000 6.774770
v -6.309200 0.815400 6.743870
v -6.321800 0.825300 6.812770
v -6.348600 0.807400 6.825470
v -6.298800 0.813600 6.803170
v -6.307800 0.782400 6.814370
v -6.266800 0.823800 6.760570
v -6.278100 0.817700 6.736270
v -6.260100 0.813000 6.785470
v -6.216500 0.816200 6.738770
v -6.205000 0.808400 6.758170
v -6.165000 0.807900 6.734370
v -6.172600 0.816500 6.711570
v -6.144000 0.807500 6.723370
v -6.152500 0.817200 6.699070
v -6.259800 0.778200 6.794170
v -6.201400 0.776800 6.764970
v -6.163400 0.775700 6.742970
v -6.146600 0.771600 6.732370
v -6.224000 0.815600 6.725470
v -6.359300 0.892600 6.716870
v -6.348300 0.844100 6.730770
v -6.345900 0.813000 6.736470
v -6.286700 0.794400 6.722770
v -6.325700 0.797700 6.728070
v -6.163500 0.788200 6.690270
v -6.185400 0.790400 6.702370
v -6.230600 0.792200 6.716070
v -6.388000 0.842200 6.802670
v -6.409000 0.930700 6.800570
v -6.368300 0.793000 6.809470
v -6.325600 0.762800 6.799270
v -6.269900 0.755800 6.777370
v -6.209900 0.757300 6.754170
v -6.172900 0.758700 6.728770
v -6.156300 0.753400 6.717870
v -6.422300 0.922700 6.771470
v -6.398200 0.839100 6.779170
v -6.382200 0.788400 6.779770
v -6.337100 0.756200 6.771870
v -6.282300 0.749800 6.758170
v -6.219500 0.753900 6.740670
v -6.416100 0.894900 6.744770
v -6.382600 0.837500 6.741870
v -6.370300 0.795700 6.746970
v -6.340300 0.771500 6.737270
v -6.292800 0.764900 6.729470
v -6.186400 0.765800 6.706170
v -6.231500 0.764600 6.720870
v -6.394100 0.887800 6.729170
v -6.165300 0.762600 6.696070
v -6.093000 0.808400 6.689970
v -6.102700 0.817800 6.675470
v -6.098500 0.748600 6.702970
v -6.134200 0.832200 6.672470
v -6.148000 0.820400 6.656670
v -6.119000 0.831300 6.652170
v -6.128800 0.821700 6.639370
v -6.105100 0.824700 6.624570
v -6.098500 0.832600 6.631470
v -6.081500 0.821100 6.600970
v -6.070400 0.828700 6.600070
v -6.091800 0.821500 6.638270
v -6.068300 0.820200 6.611770
v -6.077700 0.771200 6.685170
v -6.074800 0.792200 6.680270
v -6.074600 0.805800 6.674970
v -6.079100 0.751300 6.688470
v -6.081500 0.742300 6.687670
v -6.082300 0.812400 6.664570
v -6.074900 0.809300 6.608870
v -6.097700 0.814000 6.633970
v -6.071000 0.816600 6.603270
v -6.136800 0.795400 6.657670
v -6.120200 0.804200 6.649970
v -6.107300 0.737800 6.696570
v -6.116500 0.740100 6.681670
v -6.089600 0.731800 6.681970
v -6.111500 0.775400 6.674870
v -6.093300 0.750200 6.667970
v -6.096200 0.735600 6.669370
v -6.089400 0.769800 6.666170
v -6.088600 0.737000 6.662770
v -6.082200 0.729600 6.675170
v -6.073800 0.739800 6.680870
v -6.073300 0.810700 6.659870
v -6.067500 0.803800 6.668670
v -6.067600 0.760500 6.678070
v -6.077600 0.747700 6.672070
v -6.065800 0.780000 6.674570
v -6.075000 0.768100 6.667870
v -6.074000 0.789000 6.662970
v -6.031900 0.792700 6.632970
v -6.038900 0.800800 6.622970
v -6.030000 0.791800 6.588370
v -6.024300 0.780000 6.582470
v -6.040200 0.782000 6.628170
v -6.031900 0.772900 6.591970
v -6.035400 0.776700 6.628470
v -6.028300 0.768700 6.636570
v -6.035600 0.758500 6.634670
v -6.030700 0.764100 6.583370
v -6.024400 0.754800 6.576270
v -6.031400 0.748900 6.587370
v -6.047400 0.739900 6.641470
v -6.037300 0.751000 6.648070
v -6.041700 0.758600 6.642670
v -6.037100 0.733000 6.607970
v -6.030500 0.739900 6.600570
v -6.033200 0.748500 6.605870
v -6.053100 0.731300 6.649570
v -6.061400 0.723300 6.645270
v -6.054800 0.738800 6.643870
v -6.054100 0.721700 6.623770
v -6.045100 0.725900 6.613270
v -6.049900 0.733800 6.620370
v -6.111500 0.806300 6.663370
v -6.089800 0.788900 6.659570
v -6.090000 0.803100 6.654770
v -6.082700 0.799800 6.648470
v -6.082200 0.778400 6.655870
v -6.084200 0.757200 6.660670
v -6.048400 0.791200 6.617770
v -6.045200 0.768500 6.626170
v -6.053200 0.748900 6.635170
v -6.067300 0.730700 6.640070
v -6.040000 0.784200 6.587170
v -6.040900 0.757600 6.581070
v -6.045100 0.742700 6.604170
v -6.060000 0.728200 6.615970
v -6.345100 0.938000 6.288170
v -6.350100 0.921200 6.319070
v -6.374600 0.950200 6.264870
v -6.353200 0.884400 6.267270
v -6.377900 0.888200 6.241170
v -6.353700 0.872700 6.294470
v -6.416400 0.953000 6.258470
v -6.406000 0.885100 6.236170
v -6.338000 0.829000 6.280670
v -6.337400 0.844400 6.250870
v -6.368300 0.857300 6.223170
v -6.401000 0.847800 6.217770
v -6.347100 0.837500 6.221370
v -6.368100 0.812100 6.209470
v -6.307100 0.817600 6.274870
v -6.302700 0.827200 6.249470
v -6.307700 0.821800 6.222670
v -6.251200 0.798700 6.227170
v -6.253200 0.804000 6.250370
v -6.205800 0.787800 6.259470
v -6.208500 0.783400 6.234470
v -6.186600 0.776100 6.237070
v -6.184100 0.781400 6.263970
v -6.320800 0.791300 6.209470
v -6.259700 0.769800 6.214970
v -6.219200 0.754700 6.221170
v -6.201700 0.744700 6.224370
v -6.256100 0.801900 6.265270
v -6.370300 0.910900 6.337170
v -6.367800 0.864600 6.312470
v -6.371200 0.832900 6.300170
v -6.318000 0.794500 6.286970
v -6.353100 0.811500 6.298270
v -6.222200 0.763800 6.268770
v -6.199600 0.754200 6.271770
v -6.266100 0.779000 6.272770
v -6.425900 0.878700 6.256070
v -6.439200 0.966800 6.275770
v -6.418000 0.833900 6.237170
v -6.384300 0.793400 6.226670
v -6.331800 0.768400 6.225270
v -6.269800 0.750700 6.225170
v -6.228400 0.737400 6.235170
v -6.211100 0.726000 6.238470
v -6.444900 0.953600 6.305470
v -6.429400 0.871700 6.280670
v -6.423000 0.825200 6.268670
v -6.387700 0.783000 6.254970
v -6.339300 0.760900 6.246470
v -6.275300 0.746400 6.240570
v -6.432200 0.919600 6.326970
v -6.404300 0.862300 6.310970
v -6.400500 0.822400 6.295970
v -6.376100 0.790800 6.290670
v -6.334900 0.770300 6.278870
v -6.231500 0.741800 6.261970
v -6.276700 0.754400 6.264570
v -6.407400 0.909400 6.334570
v -6.210200 0.731600 6.263170
v -6.129800 0.757800 6.249670
v -6.131400 0.765400 6.267870
v -6.155900 0.705500 6.230670
v -6.154900 0.785200 6.284070
v -6.166000 0.773200 6.301870
v -6.135100 0.776100 6.297270
v -6.142800 0.766200 6.311070
v -6.115900 0.760300 6.316670
v -6.109800 0.768000 6.309070
v -6.088300 0.746100 6.329270
v -6.075700 0.750600 6.327370
v -6.109000 0.757600 6.298770
v -6.079900 0.744900 6.314570
v -6.109200 0.747700 6.256470
v -6.114900 0.736200 6.249570
v -6.125100 0.718100 6.243070
v -6.111100 0.753200 6.269770
v -6.088100 0.735300 6.317970
v -6.115200 0.750800 6.303770
v -6.080700 0.740000 6.322770
v -6.163300 0.747400 6.293170
v -6.143300 0.750300 6.295670
v -6.165000 0.695700 6.238170
v -6.168100 0.696300 6.255570
v -6.137600 0.692200 6.237770
v -6.146200 0.682700 6.244370
v -6.151400 0.727000 6.265270
v -6.140000 0.697500 6.261370
v -6.130200 0.714800 6.264570
v -6.147200 0.684700 6.258970
v -6.138000 0.677400 6.247670
v -6.137900 0.682800 6.262470
v -6.129200 0.686500 6.240870
v -6.102000 0.748500 6.270570
v -6.101400 0.742800 6.259370
v -6.133100 0.700400 6.237470
v -6.116800 0.704100 6.244370
v -6.127700 0.692700 6.251570
v -6.108500 0.721300 6.249870
v -6.118200 0.710500 6.257570
v -6.109700 0.728800 6.264770
v -6.062300 0.722800 6.290770
v -6.061400 0.716000 6.277770
v -6.046100 0.704000 6.318070
v -6.042500 0.690200 6.319670
v -6.070400 0.706500 6.283570
v -6.054400 0.687500 6.312570
v -6.067700 0.700600 6.280870
v -6.066000 0.693300 6.269670
v -6.075000 0.684800 6.272470
v -6.053200 0.676900 6.318870
v -6.048000 0.665000 6.321770
v -6.059400 0.663600 6.313070
v -6.093100 0.671500 6.267670
v -6.082800 0.681300 6.259570
v -6.082900 0.688200 6.267270
v -6.075500 0.654600 6.293770
v -6.065200 0.658000 6.299270
v -6.066900 0.668000 6.296670
v -6.103200 0.666500 6.261070
v -6.111800 0.659700 6.266670
v -6.100900 0.672600 6.267970
v -6.099000 0.651500 6.283670
v -6.086400 0.651000 6.290770
v -6.090700 0.661200 6.287070
v -6.138900 0.753600 6.280470
v -6.123100 0.731400 6.273470
v -6.117700 0.743700 6.280170
v -6.110100 0.737500 6.282870
v -6.118100 0.718900 6.272770
v -6.127500 0.700500 6.265770
v -6.072100 0.714500 6.297570
v -6.078200 0.694400 6.285270
v -6.093900 0.679700 6.276970
v -6.113300 0.666800 6.274770
v -6.057000 0.698800 6.321670
v -6.063600 0.672400 6.323570
v -6.078800 0.664700 6.301570
v -6.100000 0.657100 6.293970
v -5.784400 0.062900 6.394470
v -5.792400 0.049400 6.339670
v -5.808500 0.001800 6.329370
v -5.903000 0.002200 6.352470
v -5.950600 0.000400 6.366870
v -5.957200 -0.000000 6.405370
v -5.733900 0.042800 6.366270
v -5.744700 0.031000 6.331470
v -5.730200 0.045100 6.398670
v -5.744300 0.001000 6.325170
v -5.698100 0.031200 6.365770
v -5.723100 0.027000 6.335570
v -5.715800 0.001000 6.332570
v -5.713100 0.014000 6.334070
v -5.688200 0.016100 6.365370
v -5.690800 0.001000 6.364970
v -5.791800 0.052000 6.428770
v -5.805500 0.001900 6.436670
v -5.937900 0.001500 6.433770
v -5.735400 0.036600 6.428170
v -5.737300 0.001000 6.431470
v -5.708000 0.025900 6.423370
v -5.694000 0.032400 6.397270
v -5.706500 0.001000 6.425770
v -5.700900 0.013400 6.424570
v -5.684100 0.016700 6.397570
v -5.734200 0.001000 6.378470
v -5.686800 0.001000 6.397870
v -6.272000 1.345300 6.574070
v -6.269500 1.351100 6.569570
v -6.272800 1.350900 6.584070
v -6.273900 1.346700 6.587170
v -6.274000 1.350500 6.562570
v -6.273700 1.355400 6.560570
v -6.282900 1.353400 6.594070
v -6.272900 1.359800 6.583770
v -6.271700 1.362800 6.585270
v -6.267700 1.361900 6.571870
v -6.266800 1.364600 6.569070
v -6.262000 1.281700 6.542570
v -6.253300 1.285300 6.542570
v -6.255600 1.286600 6.552070
v -6.263300 1.282200 6.549370
v -6.266600 1.284200 6.563870
v -6.268700 1.281500 6.562570
v -6.276200 1.283300 6.571170
v -6.252300 1.296100 6.549170
v -6.253000 1.295400 6.542570
v -6.262000 1.295700 6.562470
v -6.270800 1.295900 6.570170
v -6.249400 1.305200 6.542570
v -6.250600 1.305800 6.549070
v -6.258200 1.308200 6.559170
v -6.262500 1.311000 6.561770
v -6.232800 1.323500 6.542570
v -6.235800 1.322800 6.549770
v -6.236100 1.313600 6.549870
v -6.233500 1.312400 6.542570
v -6.242800 1.334100 6.546770
v -6.240500 1.336200 6.542570
v -6.248000 1.347900 6.546070
v -6.246900 1.349000 6.542570
v -6.259900 1.364600 6.542570
v -6.260600 1.363000 6.551070
v -6.260200 1.377700 6.542570
v -6.261500 1.373900 6.551770
v -6.263100 1.389500 6.542570
v -6.262800 1.387700 6.554370
v -6.247400 1.315900 6.557370
v -6.247300 1.324300 6.554770
v -6.258200 1.323100 6.560070
v -6.257800 1.314300 6.563070
v -6.261500 1.341300 6.548670
v -6.266400 1.353600 6.551670
v -6.261300 1.330800 6.551170
v -6.262700 1.273200 6.552270
v -6.259500 1.278100 6.553870
v -6.269001 1.276300 6.561770
v -6.260200 1.272700 6.542570
v -6.257800 1.278600 6.542570
v -6.273800 1.262200 6.567070
v -6.269100 1.261300 6.553170
v -6.266400 1.261700 6.542570
v -6.266400 1.247700 6.559870
v -6.276800 1.252100 6.571970
v -6.263600 1.247600 6.542570
v -6.273900 1.235100 6.560270
v -6.285100 1.240800 6.578170
v -6.271100 1.233200 6.542570
v -6.277400 1.281100 6.576570
v -6.271200 1.296600 6.576070
v -6.263800 1.310200 6.570470
v -6.262900 1.318900 6.559370
v -6.266700 1.340800 6.568570
v -6.269800 1.340300 6.583970
v -6.265700 1.323700 6.576570
v -6.272400 1.330600 6.594770
v -6.279800 1.315000 6.596670
v -6.273000 1.303000 6.581570
v -6.287600 1.281900 6.594670
v -6.279000 1.279400 6.581770
v -6.263600 1.329100 6.560970
v -6.266600 1.405600 6.542570
v -6.270500 1.404000 6.572370
v -6.283600 1.444100 6.542570
v -6.288900 1.440300 6.575870
v -6.310100 1.461700 6.542570
v -6.320500 1.455300 6.578070
v -6.279100 1.346500 6.597770
v -6.292200 1.355500 6.602370
v -6.274100 1.365200 6.593170
v -6.261300 1.367500 6.570270
v -6.265400 1.380000 6.572970
v -6.275600 1.376600 6.596070
v -6.289400 1.397900 6.599070
v -6.299900 1.424300 6.604470
v -6.331100 1.434500 6.609870
v -6.309900 1.360800 6.612270
v -6.304900 1.347900 6.610670
v -6.335800 1.402700 6.619970
v -6.336500 1.376800 6.621170
v -6.309700 1.379500 6.611270
v -6.306700 1.401400 6.609770
v -6.305400 1.318800 6.610570
v -6.310600 1.283000 6.603770
v -6.311500 1.250900 6.591570
v -6.337000 1.355400 6.620570
v -6.335700 1.320900 6.619370
v -6.333700 1.284100 6.613770
v -6.345500 1.471100 6.566770
v -6.376400 1.379200 6.628170
v -6.376100 1.402200 6.628670
v -6.375100 1.356800 6.626970
v -6.364000 1.343500 6.624470
v -6.338500 1.472300 6.542570
v -6.356100 1.460700 6.593970
v -6.368800 1.437600 6.617370
v -6.354100 1.313900 6.621070
v -6.375200 1.324000 6.628270
v -6.386900 1.355400 6.633970
v -6.395300 1.343900 6.639370
v -6.370500 1.294900 6.626270
v -6.391400 1.319200 6.635970
v -6.351900 1.292800 6.621670
v -6.350000 1.292100 6.618170
v -6.326200 1.263300 6.605070
v -6.338000 1.180700 6.542570
v -6.341800 1.184400 6.562270
v -6.288200 1.229000 6.560270
v -6.285200 1.227500 6.542570
v -6.347500 1.272000 6.611070
v -6.311500 1.237400 6.579270
v -6.337900 1.251700 6.598570
v -6.316400 1.224700 6.560670
v -6.313800 1.221000 6.542570
v -6.395600 1.343900 6.634270
v -6.392000 1.318800 6.630470
v -6.371500 1.293800 6.619670
v -6.359600 1.202900 6.589770
v -6.333300 1.202800 6.561770
v -6.347300 1.237000 6.586570
v -6.385000 1.220200 6.602970
v -6.364200 1.255800 6.602470
v -6.385300 1.263000 6.595870
v -6.404500 1.231900 6.597070
v -6.426500 1.239500 6.579770
v -6.421200 1.262200 6.578470
v -6.436400 1.261500 6.542570
v -6.441900 1.241200 6.542570
v -6.459200 1.271600 6.576570
v -6.442500 1.274300 6.593170
v -6.477300 1.267200 6.542570
v -6.329900 1.199000 6.542570
v -6.418300 1.280500 6.605970
v -6.390100 1.292900 6.620570
v -6.265100 1.283600 6.550770
v -6.263800 1.283600 6.542570
v -6.270800 1.282300 6.562070
v -6.274200 1.359400 6.583170
v -6.284700 1.353700 6.592370
v -6.274500 1.351400 6.583370
v -6.271000 1.351600 6.569870
v -6.269700 1.361100 6.571770
v -6.275500 1.355500 6.561870
v -6.383100 1.480400 6.542570
v -6.387300 1.477500 6.570970
v -6.398500 1.465100 6.600370
v -6.403900 1.440600 6.621670
v -6.403100 1.403200 6.634770
v -6.399200 1.377900 6.636570
v -6.430800 1.470400 6.542570
v -6.431600 1.464500 6.571570
v -6.431300 1.451000 6.602570
v -6.431200 1.433200 6.621070
v -6.436200 1.399500 6.630270
v -6.435200 1.354900 6.630970
v -6.437200 1.376100 6.632070
v -6.469200 1.437600 6.542570
v -6.463800 1.436200 6.573270
v -6.458300 1.432900 6.597170
v -6.485500 1.398900 6.573170
v -6.487600 1.400000 6.542570
v -6.476300 1.398000 6.594070
v -6.494700 1.355800 6.542570
v -6.490300 1.353400 6.571970
v -6.481200 1.354100 6.596070
v -6.485900 1.307400 6.563270
v -6.489800 1.306900 6.542570
v -6.474700 1.309300 6.588970
v -6.463100 1.235900 6.542570
v -6.444600 1.235800 6.567370
v -6.408000 1.246000 6.601770
v -6.387900 1.261900 6.619170
v -6.428300 1.314600 6.620470
v -6.455600 1.311800 6.607670
v -6.462900 1.353000 6.612670
v -6.448300 1.424700 6.610670
v -6.461900 1.398600 6.611270
v -6.426200 1.238500 6.585770
v -6.299900 1.424300 6.483270
v -6.288900 1.440300 6.510170
v -6.269700 1.404400 6.505770
v -6.284600 1.404000 6.481870
v -6.262600 1.378100 6.510070
v -6.277400 1.383100 6.483270
v -6.306700 1.401300 6.475470
v -6.298900 1.390500 6.474070
v -6.257600 1.383700 6.555370
v -6.266700 1.420600 6.544570
v -6.272800 1.410800 6.579770
v -6.263400 1.378000 6.584970
v -6.283800 1.401500 6.603170
v -6.272900 1.365600 6.602770
v -6.261500 1.391100 6.528470
v -6.269800 1.416100 6.515870
v -6.301100 1.378300 6.609470
v -6.272800 1.350900 6.501070
v -6.269500 1.351100 6.515570
v -6.272000 1.345300 6.511170
v -6.273900 1.346700 6.497970
v -6.274000 1.350500 6.522570
v -6.273700 1.355400 6.524570
v -6.282900 1.353400 6.490970
v -6.272900 1.359800 6.501370
v -6.271700 1.362800 6.499870
v -6.267700 1.361900 6.513270
v -6.266800 1.364600 6.516070
v -6.255600 1.286600 6.533170
v -6.263300 1.282200 6.535870
v -6.266600 1.284200 6.521270
v -6.268700 1.281500 6.522570
v -6.276200 1.283300 6.514070
v -6.252300 1.296100 6.535970
v -6.262000 1.295700 6.522670
v -6.270800 1.295900 6.514970
v -6.250600 1.305800 6.536070
v -6.258200 1.308200 6.525970
v -6.262500 1.311000 6.523370
v -6.236100 1.313600 6.535270
v -6.235800 1.322800 6.535370
v -6.242800 1.334100 6.536070
v -6.248000 1.347900 6.536770
v -6.260600 1.363000 6.534070
v -6.261500 1.373900 6.533370
v -6.262800 1.387700 6.530770
v -6.247400 1.315900 6.527870
v -6.247300 1.324300 6.530370
v -6.257800 1.314300 6.522070
v -6.258200 1.323100 6.525170
v -6.261500 1.341300 6.534170
v -6.266400 1.353600 6.533470
v -6.261300 1.330800 6.531670
v -6.262900 1.318900 6.525770
v -6.262700 1.273200 6.532870
v -6.269001 1.276300 6.523470
v -6.259500 1.278100 6.531370
v -6.267800 1.261300 6.532070
v -6.273800 1.262200 6.518070
v -6.266400 1.247700 6.525270
v -6.276800 1.252100 6.513270
v -6.273900 1.235100 6.524870
v -6.285100 1.240800 6.506970
v -6.277400 1.281100 6.508670
v -6.271200 1.296600 6.509170
v -6.263800 1.310200 6.514770
v -6.266700 1.340800 6.516570
v -6.269800 1.340300 6.501170
v -6.265700 1.323700 6.508570
v -6.272400 1.330600 6.490470
v -6.273000 1.303000 6.503570
v -6.279800 1.315000 6.488470
v -6.287600 1.281900 6.490470
v -6.279000 1.279400 6.503370
v -6.263600 1.329100 6.524170
v -6.270500 1.404100 6.512770
v -6.313700 1.452500 6.508070
v -6.279100 1.346500 6.487370
v -6.292200 1.355500 6.481770
v -6.265400 1.380000 6.512270
v -6.261300 1.367500 6.514870
v -6.274100 1.365200 6.491770
v -6.275600 1.376600 6.487970
v -6.289400 1.397900 6.485370
v -6.324300 1.431300 6.475770
v -6.304900 1.347900 6.472370
v -6.309900 1.360800 6.471870
v -6.309700 1.379400 6.471870
v -6.336500 1.376800 6.462470
v -6.332900 1.402600 6.464470
v -6.305400 1.318800 6.474670
v -6.310600 1.283000 6.481470
v -6.311500 1.250900 6.493570
v -6.337000 1.355400 6.464470
v -6.335700 1.320900 6.465770
v -6.333700 1.284100 6.471370
v -6.345500 1.471100 6.518370
v -6.376100 1.401500 6.455570
v -6.376400 1.378400 6.454670
v -6.364000 1.343500 6.460770
v -6.375100 1.356800 6.458270
v -6.356000 1.459800 6.489770
v -6.368700 1.435800 6.465070
v -6.354100 1.313900 6.464070
v -6.375200 1.324000 6.456970
v -6.386900 1.355400 6.451270
v -6.395300 1.343900 6.445770
v -6.370500 1.294900 6.458970
v -6.391400 1.319200 6.449270
v -6.351900 1.292800 6.463470
v -6.350000 1.292100 6.467070
v -6.326200 1.263300 6.480070
v -6.341800 1.184300 6.522870
v -6.288200 1.229000 6.524870
v -6.347500 1.272000 6.474070
v -6.311500 1.237400 6.505870
v -6.337900 1.251700 6.486570
v -6.316400 1.224700 6.524470
v -6.395600 1.343900 6.450770
v -6.371500 1.293800 6.465470
v -6.392000 1.318800 6.454670
v -6.365200 1.205800 6.495470
v -6.347300 1.237000 6.498670
v -6.333300 1.202800 6.523370
v -6.385000 1.220100 6.482070
v -6.364200 1.255800 6.482670
v -6.384600 1.263000 6.489270
v -6.401400 1.230300 6.488070
v -6.421100 1.262300 6.506670
v -6.426500 1.239600 6.505370
v -6.459300 1.271500 6.508570
v -6.442200 1.274700 6.491970
v -6.418100 1.280700 6.479170
v -6.390100 1.292900 6.464570
v -6.265100 1.283600 6.534370
v -6.270800 1.282300 6.523070
v -6.274200 1.359400 6.502070
v -6.274500 1.351400 6.501870
v -6.284700 1.353700 6.492670
v -6.269700 1.361100 6.513470
v -6.271000 1.351600 6.515270
v -6.275500 1.355500 6.523270
v -6.387300 1.477500 6.514170
v -6.398400 1.464200 6.483270
v -6.403800 1.438800 6.460770
v -6.403100 1.402600 6.449570
v -6.399200 1.377900 6.448370
v -6.431600 1.464300 6.513370
v -6.431300 1.449700 6.480670
v -6.431100 1.431400 6.461370
v -6.436100 1.398800 6.453770
v -6.435200 1.354900 6.454170
v -6.437200 1.376100 6.453070
v -6.463800 1.436100 6.511670
v -6.458300 1.432100 6.486770
v -6.485700 1.398900 6.512070
v -6.476600 1.398000 6.491070
v -6.490700 1.353400 6.513170
v -6.481700 1.351800 6.492070
v -6.486200 1.307400 6.521870
v -6.475200 1.309200 6.496270
v -6.444600 1.235800 6.517770
v -6.407500 1.246700 6.483170
v -6.387700 1.261800 6.465770
v -6.455700 1.311800 6.477470
v -6.428300 1.314600 6.464670
v -6.463100 1.353000 6.472570
v -6.448300 1.423400 6.472470
v -6.461900 1.398300 6.473470
v -6.426400 1.236900 6.501670
v -6.367200 1.304700 6.459570
v -6.372100 1.302100 6.461870
v -6.370300 1.301700 6.464470
v -6.365900 1.304100 6.462370
v -6.369700 1.301100 6.464170
v -6.365800 1.303100 6.462370
v -6.368500 1.303000 6.456770
v -6.372300 1.300900 6.458570
v -6.373000 1.301600 6.458870
v -6.368500 1.303900 6.456770
v -6.373900 1.296500 6.462770
v -6.372000 1.296600 6.465370
v -6.371100 1.296600 6.464970
v -6.373700 1.296500 6.459370
v -6.374600 1.296500 6.459770
v -6.371500 1.291100 6.461870
v -6.369800 1.291600 6.464470
v -6.369200 1.292400 6.464170
v -6.371900 1.292200 6.458570
v -6.372500 1.291500 6.458870
v -6.366400 1.289000 6.459570
v -6.365100 1.289800 6.462370
v -6.365200 1.290800 6.462370
v -6.367800 1.290600 6.456770
v -6.367800 1.289600 6.456770
v -6.361500 1.291600 6.457270
v -6.360700 1.292100 6.460270
v -6.361300 1.292800 6.460570
v -6.364000 1.292600 6.454970
v -6.363300 1.292000 6.454670
v -6.359000 1.297200 6.459370
v -6.359800 1.297200 6.456370
v -6.359900 1.297200 6.459770
v -6.362600 1.297100 6.454270
v -6.361700 1.297100 6.453770
v -6.362100 1.302600 6.457270
v -6.361200 1.302200 6.460270
v -6.361800 1.301500 6.460570
v -6.364400 1.301300 6.454970
v -6.363800 1.302100 6.454670
f 6778 6779 6780
f 6781 6778 6780
f 6781 6780 6782
f 6782 6783 6781
f 6784 6779 6778
f 6784 6778 6785
f 6778 6781 6786
f 6778 6786 6787
f 6785 6778 6787
f 6788 6789 6786
f 6788 6786 6790
f 6779 6791 6792
f 6792 6780 6779
f 6779 6784 6793
f 6791 6779 6793
f 6792 6794 6795
f 6792 6795 6796
f 6791 6797 6794
f 6794 6792 6791
f 6793 6798 6797
f 6797 6791 6793
f 6799 6795 6794
f 6800 6799 6794
f 6797 6801 6800
f 6794 6797 6800
f 6801 6797 6802
f 6802 6797 6803
f 6803 6797 6798
f 6798 6804 6805
f 6798 6805 6803
f 6803 6805 6802
f 6799 6800 6806
f 6806 6807 6799
f 6801 6808 6806
f 6801 6806 6800
f 6808 6801 6809
f 6809 6810 6808
f 6809 6801 6802
f 6811 6812 6807
f 6811 6807 6806
f 6806 6808 6813
f 6813 6811 6806
f 6808 6814 6813
f 6814 6808 6815
f 6815 6816 6814
f 6815 6808 6810
f 6810 6809 6817
f 6818 6810 6817
f 6802 6805 6819
f 6818 6820 6815
f 6815 6810 6818
f 6821 6822 6812
f 6821 6812 6811
f 6811 6813 6823
f 6823 6821 6811
f 6824 6823 6813
f 6824 6813 6814
f 6824 6814 6816
f 6816 6825 6824
f 6826 6827 6825
f 6826 6825 6816
f 6789 6828 6787
f 6789 6787 6786
f 6785 6787 6829
f 6787 6828 6829
f 6804 6830 6831
f 6804 6831 6805
f 6819 6805 6831
f 6789 6788 6832
f 6832 6833 6789
f 6828 6789 6834
f 6834 6789 6833
f 6833 6835 6834
f 6834 6836 6837
f 6834 6837 6828
f 6828 6837 6829
f 6836 6834 6835
f 6838 6836 6835
f 6839 6837 6836
f 6836 6840 6839
f 6837 6839 6841
f 6837 6841 6829
f 6840 6836 6838
f 6842 6840 6838
f 6843 6844 6845
f 6845 6846 6843
f 6847 6831 6830
f 6848 6847 6830
f 6849 6819 6831
f 6849 6831 6847
f 6847 6844 6843
f 6847 6843 6849
f 6844 6847 6848
f 6850 6845 6844
f 6851 6850 6844
f 6848 6852 6851
f 6848 6851 6844
f 6817 6849 6853
f 6853 6818 6817
f 6849 6817 6819
f 6853 6849 6843
f 6843 6854 6853
f 6854 6843 6846
f 6820 6853 6855
f 6855 6826 6820
f 6853 6820 6818
f 6853 6854 6856
f 6853 6856 6855
f 6857 6827 6826
f 6826 6855 6857
f 6858 6857 6855
f 6858 6855 6856
f 6852 6841 6859
f 6852 6859 6851
f 6851 6859 6860
f 6860 6850 6851
f 6859 6841 6839
f 6859 6839 6840
f 6859 6840 6861
f 6859 6861 6860
f 6842 6862 6861
f 6842 6861 6840
f 6845 6863 6864
f 6845 6864 6846
f 6865 6854 6846
f 6864 6865 6846
f 6865 6866 6856
f 6865 6856 6854
f 6856 6866 6867
f 6856 6867 6858
f 6860 6861 6868
f 6868 6869 6860
f 6870 6871 6872
f 6873 6870 6872
f 6873 6872 6874
f 6874 6875 6873
f 6876 6877 6875
f 6876 6875 6874
f 6871 6878 6879
f 6871 6879 6872
f 6876 6874 6880
f 6880 6881 6876
f 6882 6883 6881
f 6882 6881 6880
f 6884 6885 6883
f 6884 6883 6882
f 6829 6841 6885
f 6829 6885 6884
f 6874 6872 6879
f 6879 6880 6874
f 6882 6880 6879
f 6879 6886 6882
f 6887 6884 6882
f 6887 6882 6886
f 6884 6887 6785
f 6785 6829 6884
f 6879 6878 6888
f 6879 6888 6889
f 6889 6886 6879
f 6888 6890 6889
f 6886 6889 6890
f 6890 6887 6886
f 6871 6870 6891
f 6891 6892 6871
f 6871 6892 6798
f 6871 6798 6878
f 6878 6798 6793
f 6878 6793 6888
f 6784 6890 6888
f 6793 6784 6888
f 6784 6785 6887
f 6784 6887 6890
f 6893 6894 6877
f 6877 6876 6893
f 6881 6895 6896
f 6881 6896 6876
f 6895 6881 6883
f 6897 6895 6883
f 6885 6898 6897
f 6885 6897 6883
f 6841 6852 6898
f 6841 6898 6885
f 6896 6893 6876
f 6893 6899 6900
f 6893 6900 6894
f 6895 6901 6902
f 6895 6902 6896
f 6895 6897 6901
f 6897 6898 6901
f 6899 6893 6896
f 6902 6899 6896
f 6901 6898 6852
f 6852 6848 6901
f 6901 6848 6830
f 6901 6830 6902
f 6899 6903 6904
f 6899 6904 6900
f 6830 6903 6899
f 6830 6899 6902
f 6892 6891 6905
f 6905 6906 6892
f 6906 6804 6798
f 6906 6798 6892
f 6903 6830 6804
f 6804 6906 6903
f 6904 6903 6906
f 6905 6904 6906
f 6780 6792 6796
f 6782 6780 6796
f 6845 6850 6907
f 6845 6907 6863
f 6868 6861 6862
f 6868 6862 6908
f 6786 6781 6783
f 6786 6783 6790
f 6850 6860 6869
f 6869 6907 6850
f 6909 6910 6911
f 6909 6911 6912
f 6782 6909 6912
f 6912 6783 6782
f 6913 6914 6911
f 6913 6911 6910
f 6915 6912 6911
f 6915 6911 6916
f 6911 6914 6916
f 6915 6917 6788
f 6915 6788 6790
f 6918 6919 6910
f 6910 6909 6918
f 6910 6919 6920
f 6913 6910 6920
f 6795 6921 6918
f 6796 6795 6918
f 6921 6922 6919
f 6919 6918 6921
f 6923 6920 6919
f 6923 6919 6922
f 6921 6795 6799
f 6921 6799 6924
f 6924 6925 6922
f 6924 6922 6921
f 6922 6925 6926
f 6922 6926 6927
f 6922 6927 6923
f 6927 6928 6929
f 6927 6929 6923
f 6928 6927 6926
f 6930 6924 6799
f 6799 6807 6930
f 6930 6931 6925
f 6930 6925 6924
f 6932 6925 6931
f 6931 6933 6932
f 6925 6932 6926
f 6807 6812 6934
f 6807 6934 6930
f 6931 6930 6934
f 6931 6934 6935
f 6936 6931 6935
f 6936 6937 6938
f 6936 6938 6931
f 6931 6938 6933
f 6939 6926 6932
f 6939 6932 6940
f 6928 6926 6939
f 6937 6941 6942
f 6942 6938 6937
f 6812 6822 6943
f 6812 6943 6934
f 6944 6935 6934
f 6934 6943 6944
f 6945 6936 6935
f 6935 6944 6945
f 6945 6946 6937
f 6945 6937 6936
f 6946 6947 6941
f 6946 6941 6937
f 6916 6948 6917
f 6915 6916 6917
f 6916 6914 6949
f 6948 6916 6949
f 6950 6951 6929
f 6928 6950 6929
f 6928 6939 6950
f 6832 6788 6917
f 6917 6952 6832
f 6917 6948 6953
f 6952 6917 6953
f 6953 6954 6952
f 6955 6956 6953
f 6948 6955 6953
f 6955 6948 6949
f 6956 6957 6954
f 6953 6956 6954
f 6958 6959 6956
f 6955 6958 6956
f 6955 6949 6960
f 6955 6960 6958
f 6957 6956 6959
f 6957 6959 6961
f 6962 6963 6964
f 6964 6965 6962
f 6951 6950 6966
f 6951 6966 6967
f 6950 6939 6968
f 6950 6968 6966
f 6964 6963 6966
f 6968 6964 6966
f 6966 6963 6967
f 6963 6962 6969
f 6963 6969 6970
f 6970 6971 6967
f 6970 6967 6963
f 6972 6968 6940
f 6940 6973 6972
f 6940 6968 6939
f 6968 6972 6964
f 6974 6964 6972
f 6964 6974 6965
f 6975 6972 6942
f 6942 6941 6975
f 6942 6972 6973
f 6976 6974 6972
f 6975 6976 6972
f 6977 6975 6941
f 6941 6947 6977
f 6977 6978 6976
f 6975 6977 6976
f 6979 6960 6971
f 6971 6970 6979
f 6980 6979 6970
f 6970 6969 6980
f 6960 6979 6958
f 6958 6979 6959
f 6981 6959 6979
f 6979 6980 6981
f 6981 6982 6961
f 6981 6961 6959
f 6864 6863 6962
f 6965 6864 6962
f 6965 6974 6865
f 6965 6865 6864
f 6976 6866 6865
f 6976 6865 6974
f 6976 6978 6867
f 6976 6867 6866
f 6868 6981 6980
f 6980 6869 6868
f 6983 6984 6985
f 6986 6983 6985
f 6984 6987 6988
f 6984 6988 6985
f 6987 6989 6990
f 6987 6990 6988
f 6991 6992 6986
f 6985 6991 6986
f 6993 6988 6990
f 6990 6994 6993
f 6994 6995 6996
f 6994 6996 6993
f 6997 6996 6995
f 6995 6998 6997
f 6998 6960 6949
f 6998 6949 6997
f 6985 6988 6991
f 6993 6991 6988
f 6993 6996 6999
f 6993 6999 6991
f 6996 6997 7000
f 6996 7000 6999
f 6914 7000 6997
f 6997 6949 6914
f 6992 6991 7001
f 7001 6991 7002
f 6999 7002 6991
f 7003 7001 7002
f 6999 7000 7003
f 6999 7003 7002
f 7004 6983 6986
f 6986 7005 7004
f 7005 6986 6992
f 6992 6923 7005
f 6992 7001 6920
f 6992 6920 6923
f 7001 7003 6913
f 7001 6913 6920
f 7000 6914 6913
f 7000 6913 7003
f 7006 7007 6989
f 6990 6989 7007
f 7008 7009 6994
f 6990 7008 6994
f 6995 6994 7009
f 6995 7009 7010
f 6998 6995 7010
f 6998 7010 7011
f 6960 6998 7011
f 6960 7011 6971
f 7007 7008 6990
f 7012 7013 7007
f 7006 7012 7007
f 7014 7015 7009
f 7008 7014 7009
f 7010 7009 7015
f 7011 7010 7015
f 7013 7014 7008
f 7007 7013 7008
f 7015 6967 6971
f 7015 6971 7011
f 6967 7015 6951
f 6951 7015 7014
f 7013 7012 7016
f 7013 7016 7017
f 7017 6951 7014
f 7013 7017 7014
f 7018 7004 7005
f 7005 7019 7018
f 6923 6929 7019
f 6923 7019 7005
f 7017 7019 6929
f 7017 6929 6951
f 7019 7017 7016
f 7019 7016 7018
f 6796 6918 6909
f 6796 6909 6782
f 6907 6969 6962
f 6907 6962 6863
f 6868 6908 6982
f 6868 6982 6981
f 6783 6912 6915
f 6790 6783 6915
f 6869 6980 6969
f 6969 6907 6869
f 6870 6873 7020
f 7020 7021 6870
f 7020 6873 6875
f 7022 7020 6875
f 6875 6877 7023
f 7023 7022 6875
f 6891 6870 7021
f 7021 7024 6891
f 6877 6894 7025
f 7025 7023 6877
f 6894 6900 7026
f 7026 7025 6894
f 6900 6904 7027
f 7027 7026 6900
f 6905 6891 7024
f 7024 7028 6905
f 6904 6905 7028
f 7028 7027 6904
f 7029 6984 6983
f 7030 7029 6983
f 6987 6984 7029
f 7029 7031 6987
f 7032 6989 6987
f 7031 7032 6987
f 7030 6983 7004
f 7033 7030 7004
f 7006 6989 7032
f 7032 7034 7006
f 7012 7006 7034
f 7034 7035 7012
f 7016 7012 7035
f 7035 7036 7016
f 7033 7004 7018
f 7037 7033 7018
f 7037 7018 7016
f 7036 7037 7016
f 6943 6822 7038
f 7039 6943 7038
f 6944 6943 7039
f 6944 7039 7040
f 7038 6822 6821
f 7038 6821 7041
f 7041 6821 6823
f 7041 6823 7042
f 6824 7043 7042
f 7042 6823 6824
f 7043 6824 6825
f 7043 6825 7044
f 6827 7045 7044
f 7044 6825 6827
f 7045 6827 6857
f 7045 6857 7046
f 6858 7047 7046
f 6857 6858 7046
f 6867 7048 7047
f 7047 6858 6867
f 6867 6978 7049
f 6867 7049 7048
f 7049 6978 6977
f 7049 6977 7050
f 7051 7050 6977
f 7051 6977 6947
f 7052 7051 6947
f 7052 6947 6946
f 6946 6945 7053
f 7052 6946 7053
f 7040 7053 6945
f 6945 6944 7040
f 6802 6819 6817
f 6802 6817 6809
f 6820 6826 6816
f 6816 6815 6820
f 6940 6932 6933
f 6973 6940 6933
f 6973 6933 6938
f 6938 6942 6973
f 7054 7055 7056
f 7054 7056 7057
f 7057 7056 7058
f 7057 7058 7059
f 7060 7057 7059
f 7060 7059 7061
f 7062 7060 7061
f 7062 7061 7063
f 7064 7062 7063
f 7064 7063 7065
f 7065 7066 7067
f 7065 7067 7064
f 7066 7068 7069
f 7069 7067 7066
f 7070 7071 7072
f 7070 7072 7073
f 7074 7075 7076
f 7074 7076 7077
f 7078 7079 7080
f 7080 7081 7078
f 7042 7043 7058
f 7058 7056 7042
f 7082 7059 7058
f 7058 7083 7082
f 7082 7084 7061
f 7061 7059 7082
f 7063 7061 7084
f 7063 7084 7085
f 7065 7063 7085
f 7065 7085 7086
f 7066 7065 7086
f 7066 7086 7087
f 7068 7066 7087
f 7088 7089 7090
f 7088 7090 7070
f 7091 7077 7092
f 7078 7081 7093
f 7078 7093 7094
f 7083 7058 7043
f 7043 7044 7083
f 7095 7054 7057
f 7057 7060 7095
f 7096 7095 7060
f 7060 7062 7096
f 7096 7062 7064
f 7096 7064 7097
f 7067 7098 7097
f 7097 7064 7067
f 7071 7099 7100
f 7100 7072 7071
f 7101 7075 7074
f 7101 7074 7102
f 7080 7079 7103
f 7080 7103 7104
f 7055 7105 7056
f 7106 7107 7082
f 7082 7083 7106
f 7084 7082 7107
f 7084 7107 7108
f 7085 7084 7108
f 7085 7108 7109
f 7086 7085 7109
f 7086 7110 7087
f 7110 7086 7109
f 7087 7110 7111
f 7112 7087 7111
f 7088 7113 7114
f 7114 7089 7088
f 7092 7115 7116
f 7094 7093 7117
f 7094 7117 7118
f 7119 7106 7083
f 7083 7044 7120
f 7120 7119 7083
f 7045 7120 7044
f 7055 7054 7121
f 7055 7121 7122
f 7054 7095 7123
f 7054 7123 7121
f 7123 7095 7096
f 7123 7096 7124
f 7124 7096 7097
f 7124 7097 7125
f 7126 7100 7099
f 7126 7099 7127
f 7101 7102 7128
f 7104 7103 7129
f 7104 7129 7130
f 7038 7041 7105
f 7105 7131 7038
f 7132 7055 7122
f 7132 7122 7133
f 7106 7134 7135
f 7107 7106 7135
f 7108 7107 7135
f 7108 7135 7136
f 7109 7108 7136
f 7109 7136 7137
f 7109 7137 7138
f 7110 7109 7138
f 7139 7111 7110
f 7139 7110 7138
f 7114 7140 7141
f 7141 7115 7114
f 7142 7117 7116
f 7142 7116 7143
f 7142 7144 7118
f 7118 7117 7142
f 7119 7145 7134
f 7106 7119 7134
f 7145 7119 7120
f 7120 7146 7145
f 7045 7046 7146
f 7120 7045 7146
f 7134 7147 7148
f 7135 7134 7148
f 7135 7148 7149
f 7136 7135 7149
f 7136 7149 7150
f 7137 7136 7150
f 7151 7152 7138
f 7139 7138 7152
f 7139 7152 7153
f 7141 7140 7154
f 7154 7155 7141
f 7142 7143 7156
f 7156 7157 7142
f 7157 7158 7144
f 7144 7142 7157
f 7159 7147 7134
f 7145 7160 7159
f 7145 7159 7134
f 7146 7161 7160
f 7145 7146 7160
f 7161 7146 7046
f 7161 7046 7047
f 7150 7151 7137
f 7137 7151 7138
f 7159 7162 7163
f 7147 7159 7163
f 7164 7160 7161
f 7164 7161 7165
f 7047 7048 7165
f 7161 7047 7165
f 7160 7164 7162
f 7159 7160 7162
f 7157 7130 7129
f 7157 7129 7158
f 7128 7130 7156
f 7128 7156 7155
f 7128 7155 7154
f 7127 7128 7154
f 7152 7166 7126
f 7153 7152 7126
f 7151 7125 7166
f 7152 7151 7166
f 7150 7124 7125
f 7151 7150 7125
f 7123 7124 7150
f 7150 7149 7123
f 7121 7123 7149
f 7148 7121 7149
f 7122 7121 7148
f 7147 7122 7148
f 7122 7147 7163
f 7122 7163 7133
f 7125 7097 7098
f 7125 7098 7166
f 7098 7067 7069
f 7069 7167 7098
f 7166 7098 7167
f 7079 7078 7168
f 7079 7168 7169
f 7168 7078 7094
f 7168 7094 7170
f 7079 7169 7171
f 7103 7079 7171
f 7170 7094 7118
f 7170 7118 7172
f 7129 7103 7171
f 7129 7171 7173
f 7174 7172 7118
f 7118 7144 7174
f 7175 7174 7144
f 7144 7158 7175
f 7129 7173 7175
f 7158 7129 7175
f 7176 7177 7178
f 7176 7178 7179
f 7180 7176 7179
f 7179 7181 7180
f 7181 7179 7182
f 7181 7182 7183
f 7183 7182 7184
f 7183 7184 7185
f 7186 7185 7184
f 7184 7187 7186
f 7188 7186 7187
f 7187 7189 7188
f 7181 7190 7191
f 7181 7191 7180
f 7183 7192 7190
f 7183 7190 7181
f 7192 7183 7185
f 7185 7193 7192
f 7185 7186 7194
f 7185 7194 7193
f 7194 7186 7188
f 7188 7195 7194
f 7191 7052 7053
f 7053 7180 7191
f 7182 7179 7178
f 7182 7178 7196
f 7182 7196 7197
f 7182 7197 7184
f 7184 7197 7198
f 7184 7198 7187
f 7177 7176 7199
f 7190 7200 7201
f 7190 7201 7191
f 7200 7190 7192
f 7192 7202 7200
f 7202 7192 7193
f 7193 7203 7202
f 7194 7203 7193
f 7194 7195 7204
f 7204 7203 7194
f 7205 7191 7201
f 7191 7206 7052
f 7206 7191 7205
f 7051 7052 7206
f 7207 7178 7177
f 7177 7208 7207
f 7178 7207 7209
f 7178 7209 7196
f 7210 7197 7196
f 7196 7209 7210
f 7198 7197 7210
f 7210 7211 7198
f 7199 7039 7038
f 7038 7131 7199
f 7208 7177 7132
f 7208 7132 7133
f 7212 7213 7201
f 7200 7212 7201
f 7212 7200 7202
f 7202 7214 7212
f 7202 7203 7215
f 7202 7215 7214
f 7216 7215 7203
f 7204 7216 7203
f 7213 7217 7205
f 7201 7213 7205
f 7206 7205 7217
f 7206 7217 7218
f 7218 7050 7051
f 7206 7218 7051
f 7219 7220 7213
f 7212 7219 7213
f 7219 7212 7214
f 7214 7221 7219
f 7214 7215 7222
f 7214 7222 7221
f 7216 7223 7224
f 7225 7213 7220
f 7225 7226 7217
f 7225 7217 7213
f 7218 7217 7226
f 7218 7226 7227
f 7050 7218 7227
f 7050 7227 7049
f 7222 7215 7224
f 7215 7216 7224
f 7225 7220 7163
f 7163 7162 7225
f 7227 7226 7164
f 7227 7164 7165
f 7165 7048 7049
f 7227 7165 7049
f 7162 7164 7226
f 7225 7162 7226
f 7228 7211 7224
f 7223 7228 7224
f 7211 7210 7222
f 7224 7211 7222
f 7222 7210 7209
f 7222 7209 7221
f 7221 7209 7207
f 7219 7221 7207
f 7219 7207 7208
f 7220 7219 7208
f 7163 7220 7208
f 7163 7208 7133
f 7229 7189 7187
f 7229 7187 7198
f 7229 7198 7211
f 7228 7229 7211
f 7230 7169 7168
f 7230 7168 7231
f 7171 7169 7230
f 7171 7230 7232
f 7170 7233 7231
f 7168 7170 7231
f 7173 7171 7232
f 7173 7232 7234
f 7235 7172 7174
f 7235 7174 7236
f 7233 7170 7172
f 7233 7172 7235
f 7175 7237 7236
f 7236 7174 7175
f 7173 7234 7237
f 7237 7175 7173
f 7131 7105 7055
f 7131 7055 7132
f 7131 7132 7177
f 7131 7177 7199
f 7115 7141 7143
f 7143 7116 7115
f 7143 7141 7155
f 7155 7156 7143
f 7091 7238 7074
f 7074 7077 7091
f 7074 7238 7102
f 7077 7076 7092
f 7102 7104 7130
f 7128 7102 7130
f 7092 7093 7091
f 7091 7081 7080
f 7238 7091 7080
f 7104 7102 7238
f 7104 7238 7080
f 7116 7093 7092
f 7116 7117 7093
f 7093 7081 7091
f 7153 7154 7140
f 7153 7140 7139
f 7153 7126 7127
f 7127 7154 7153
f 7070 7073 7112
f 7112 7088 7070
f 7076 7090 7089
f 7076 7089 7092
f 7112 7111 7113
f 7113 7088 7112
f 7089 7114 7115
f 7089 7115 7092
f 7075 7071 7090
f 7075 7090 7076
f 7071 7070 7090
f 7101 7099 7071
f 7101 7071 7075
f 7101 7128 7127
f 7127 7099 7101
f 7111 7139 7140
f 7140 7113 7111
f 7140 7114 7113
f 7130 7157 7156
f 7068 7087 7112
f 7073 7068 7112
f 7068 7073 7072
f 7072 7069 7068
f 7069 7072 7100
f 7167 7069 7100
f 7126 7166 7167
f 7126 7167 7100
f 7239 7240 7230
f 7230 7231 7239
f 7241 7239 7231
f 7231 7233 7241
f 7235 7242 7243
f 7233 7235 7243
f 7236 7244 7242
f 7235 7236 7242
f 7243 7241 7233
f 7240 7239 7245
f 7245 7246 7240
f 7245 7239 7247
f 7247 7239 7241
f 7247 7241 7248
f 7249 7250 7245
f 7249 7245 7247
f 7251 7247 7248
f 7251 7248 7252
f 7247 7251 7249
f 7253 7254 7251
f 7252 7253 7251
f 7230 7240 7255
f 7232 7230 7255
f 7232 7255 7256
f 7234 7232 7256
f 7257 7244 7236
f 7236 7237 7257
f 7234 7256 7257
f 7237 7234 7257
f 7258 7255 7240
f 7258 7240 7246
f 7259 7256 7255
f 7259 7255 7258
f 7260 7258 7246
f 7260 7246 7261
f 7259 7258 7260
f 7260 7262 7259
f 7259 7262 7263
f 7261 7264 7262
f 7261 7262 7260
f 7257 7243 7242
f 7242 7244 7257
f 7256 7241 7243
f 7256 7243 7257
f 7256 7259 7265
f 7256 7265 7248
f 7256 7248 7241
f 7265 7259 7263
f 7263 7266 7265
f 7265 7266 7253
f 7246 7245 7250
f 7250 7261 7246
f 7266 7264 7254
f 7253 7266 7254
f 7265 7253 7252
f 7252 7248 7265
f 7251 7254 7250
f 7251 7250 7249
f 7262 7264 7266
f 7262 7266 7263
f 7254 7264 7261
f 7254 7261 7250
f 7267 7268 7188
f 7267 7188 7189
f 7269 7270 7271
f 7272 7269 7271
f 7273 7274 7275
f 7273 7275 7276
f 7268 7195 7188
f 7277 7278 7279
f 7280 7276 7275
f 7275 7281 7280
f 7282 7283 7271
f 7282 7271 7270
f 7284 7274 7273
f 7273 7285 7284
f 7286 7204 7195
f 7287 7286 7195
f 7278 7288 7289
f 7290 7280 7281
f 7281 7291 7290
f 7283 7282 7292
f 7292 7293 7283
f 7294 7284 7285
f 7285 7295 7294
f 7286 7296 7216
f 7286 7216 7204
f 7297 7298 7299
f 7299 7300 7297
f 7289 7297 7300
f 7288 7290 7301
f 7301 7302 7288
f 7291 7303 7301
f 7291 7301 7290
f 7223 7216 7296
f 7296 7304 7223
f 7305 7298 7297
f 7305 7297 7306
f 7307 7302 7301
f 7307 7301 7308
f 7303 7309 7308
f 7303 7308 7301
f 7294 7295 7308
f 7294 7308 7309
f 7307 7295 7310
f 7306 7307 7310
f 7305 7306 7311
f 7293 7305 7311
f 7292 7228 7223
f 7304 7292 7223
f 7267 7189 7229
f 7267 7229 7312
f 7228 7312 7229
f 7313 7275 7274
f 7274 7314 7313
f 7281 7275 7313
f 7281 7313 7315
f 7316 7314 7274
f 7284 7316 7274
f 7291 7281 7315
f 7291 7315 7317
f 7316 7284 7294
f 7294 7318 7316
f 7291 7317 7319
f 7291 7319 7303
f 7320 7309 7303
f 7303 7319 7320
f 7320 7318 7294
f 7309 7320 7294
f 7313 7314 7321
f 7321 7322 7313
f 7321 7314 7316
f 7316 7323 7321
f 7322 7324 7315
f 7313 7322 7315
f 7323 7316 7318
f 7323 7318 7325
f 7319 7317 7326
f 7319 7326 7327
f 7317 7315 7324
f 7317 7324 7326
f 7327 7328 7320
f 7327 7320 7319
f 7328 7325 7318
f 7328 7318 7320
f 7302 7297 7289
f 7302 7289 7288
f 7306 7297 7302
f 7306 7302 7307
f 7329 7330 7277
f 7329 7277 7279
f 7329 7331 7330
f 7310 7332 7331
f 7310 7331 7311
f 7278 7277 7280
f 7273 7276 7277
f 7277 7330 7273
f 7330 7331 7332
f 7288 7278 7280
f 7288 7280 7290
f 7280 7277 7276
f 7304 7296 7298
f 7304 7298 7305
f 7293 7292 7304
f 7293 7304 7305
f 7287 7269 7272
f 7287 7272 7333
f 7333 7272 7334
f 7334 7335 7333
f 7299 7286 7287
f 7299 7287 7333
f 7333 7335 7300
f 7300 7299 7333
f 7334 7271 7329
f 7329 7279 7334
f 7272 7271 7334
f 7329 7271 7283
f 7331 7329 7283
f 7331 7283 7293
f 7331 7293 7311
f 7298 7296 7286
f 7298 7286 7299
f 7295 7307 7308
f 7268 7269 7287
f 7268 7287 7195
f 7268 7267 7270
f 7270 7269 7268
f 7282 7270 7267
f 7312 7282 7267
f 7312 7228 7292
f 7292 7282 7312
f 7310 7295 7285
f 7285 7332 7310
f 7332 7285 7273
f 7273 7330 7332
f 7310 7311 7306
f 7335 7334 7279
f 7335 7279 7278
f 7335 7278 7289
f 7289 7300 7335
f 7020 7336 7337
f 7021 7020 7337
f 7022 7338 7336
f 7336 7020 7022
f 7339 7336 7338
f 7339 7338 7340
f 7337 7336 7339
f 7337 7339 7341
f 7023 7342 7338
f 7338 7022 7023
f 7340 7338 7342
f 7340 7342 7343
f 7344 7345 7341
f 7341 7339 7344
f 7339 7346 7344
f 7346 7339 7340
f 7343 7347 7346
f 7340 7343 7346
f 7346 7348 7344
f 7346 7347 7349
f 7348 7346 7349
f 7344 7350 7351
f 7351 7345 7344
f 7344 7348 7352
f 7344 7352 7350
f 7353 7350 7352
f 7353 7352 7354
f 7355 7356 7353
f 7353 7354 7355
f 7356 7355 7357
f 7356 7357 7358
f 7348 7349 7352
f 7349 7359 7352
f 7352 7359 7360
f 7354 7352 7360
f 7361 7355 7354
f 7361 7354 7360
f 7362 7357 7355
f 7362 7355 7361
f 7363 7351 7350
f 7363 7350 7353
f 7353 7356 7363
f 7021 7337 7364
f 7021 7364 7024
f 7365 7364 7337
f 7337 7341 7365
f 7365 7341 7366
f 7345 7366 7341
f 7345 7351 7367
f 7345 7367 7368
f 7369 7370 7356
f 7356 7358 7369
f 7371 7367 7351
f 7351 7363 7371
f 7363 7356 7370
f 7363 7370 7371
f 7366 7345 7368
f 7372 7343 7342
f 7372 7342 7373
f 7374 7347 7343
f 7374 7343 7372
f 7375 7349 7347
f 7375 7347 7374
f 7376 7359 7349
f 7376 7349 7375
f 7359 7376 7377
f 7360 7359 7377
f 7378 7361 7360
f 7378 7360 7377
f 7378 7379 7362
f 7362 7361 7378
f 7380 7373 7025
f 7380 7025 7026
f 7372 7373 7380
f 7372 7380 7381
f 7382 7374 7372
f 7382 7372 7381
f 7374 7382 7383
f 7375 7374 7383
f 7375 7383 7384
f 7376 7375 7384
f 7377 7385 7378
f 7376 7384 7385
f 7377 7376 7385
f 7027 7386 7380
f 7386 7387 7381
f 7381 7380 7386
f 7381 7387 7388
f 7382 7381 7388
f 7388 7389 7383
f 7383 7382 7388
f 7383 7389 7390
f 7384 7383 7390
f 7391 7378 7385
f 7391 7385 7392
f 7384 7390 7392
f 7385 7384 7392
f 7028 7024 7364
f 7028 7364 7393
f 7393 7364 7365
f 7393 7365 7387
f 7387 7365 7366
f 7387 7366 7388
f 7368 7367 7390
f 7368 7390 7389
f 7370 7369 7394
f 7370 7394 7391
f 7392 7390 7367
f 7367 7371 7392
f 7391 7392 7371
f 7371 7370 7391
f 7389 7388 7366
f 7366 7368 7389
f 7386 7027 7028
f 7386 7028 7393
f 7378 7391 7394
f 7378 7394 7379
f 7387 7386 7393
f 7358 7357 7395
f 7358 7395 7396
f 7397 7395 7357
f 7357 7362 7397
f 7396 7398 7358
f 7399 7369 7358
f 7358 7398 7399
f 7399 7398 7400
f 7399 7400 7401
f 7402 7401 7400
f 7402 7400 7403
f 7404 7402 7403
f 7404 7403 7405
f 7400 7398 7396
f 7400 7396 7406
f 7400 7406 7403
f 7403 7406 7407
f 7403 7407 7405
f 7395 7408 7409
f 7409 7410 7395
f 7397 7411 7408
f 7408 7395 7397
f 7411 7397 7412
f 7413 7396 7395
f 7413 7395 7410
f 7414 7407 7406
f 7414 7406 7415
f 7414 7415 7402
f 7414 7402 7404
f 7414 7404 7416
f 7414 7416 7407
f 7416 7404 7405
f 7416 7405 7407
f 7399 7417 7369
f 7401 7417 7399
f 7401 7418 7417
f 7415 7418 7401
f 7415 7401 7402
f 7397 7362 7379
f 7397 7379 7419
f 7379 7394 7420
f 7419 7379 7420
f 7412 7397 7419
f 7412 7419 7421
f 7417 7422 7369
f 7422 7420 7394
f 7394 7369 7422
f 7420 7422 7423
f 7423 7424 7420
f 7423 7422 7425
f 7421 7419 7420
f 7421 7420 7424
f 7424 7426 7427
f 7424 7427 7421
f 7428 7412 7421
f 7428 7421 7427
f 7429 7413 7410
f 7429 7410 7430
f 7412 7428 7411
f 7431 7411 7432
f 7411 7431 7408
f 7408 7433 7409
f 7433 7408 7434
f 7409 7430 7410
f 7409 7435 7430
f 7436 7437 7429
f 7436 7429 7430
f 7438 7437 7436
f 7436 7439 7438
f 7409 7433 7435
f 7434 7408 7431
f 7432 7411 7428
f 7436 7430 7435
f 7435 7440 7436
f 7436 7440 7441
f 7436 7441 7439
f 7442 7435 7433
f 7443 7442 7433
f 7433 7434 7444
f 7433 7444 7443
f 7445 7442 7443
f 7443 7446 7445
f 7443 7444 7447
f 7443 7447 7446
f 7431 7432 7448
f 7431 7448 7449
f 7450 7434 7431
f 7449 7450 7431
f 7449 7448 7451
f 7449 7451 7452
f 7453 7450 7449
f 7449 7452 7453
f 7454 7428 7427
f 7427 7455 7454
f 7432 7428 7454
f 7454 7456 7432
f 7454 7455 7457
f 7454 7457 7458
f 7459 7456 7454
f 7454 7458 7459
f 7460 7422 7417
f 7418 7460 7417
f 7422 7460 7461
f 7461 7425 7422
f 7462 7461 7460
f 7462 7460 7396
f 7396 7413 7462
f 7460 7418 7415
f 7406 7396 7460
f 7406 7460 7415
f 7462 7413 7429
f 7462 7429 7463
f 7425 7464 7434
f 7463 7461 7462
f 7424 7423 7426
f 7465 7423 7425
f 7464 7425 7461
f 7463 7435 7461
f 7435 7464 7461
f 7434 7465 7425
f 7432 7426 7423
f 7465 7432 7423
f 7463 7429 7437
f 7463 7437 7466
f 7440 7435 7463
f 7440 7463 7466
f 7434 7464 7467
f 7434 7467 7444
f 7467 7464 7435
f 7435 7442 7467
f 7434 7450 7468
f 7434 7468 7465
f 7432 7465 7468
f 7432 7468 7448
f 7455 7427 7426
f 7455 7426 7469
f 7469 7426 7432
f 7432 7456 7469
f 7466 7437 7438
f 7466 7438 7470
f 7441 7440 7466
f 7441 7466 7470
f 7439 7470 7438
f 7439 7441 7470
f 7447 7444 7467
f 7447 7467 7471
f 7467 7442 7445
f 7467 7445 7471
f 7446 7471 7445
f 7446 7447 7471
f 7468 7450 7453
f 7468 7453 7472
f 7468 7472 7451
f 7448 7468 7451
f 7452 7472 7453
f 7452 7451 7472
f 7469 7473 7457
f 7455 7469 7457
f 7469 7456 7459
f 7469 7459 7473
f 7458 7473 7459
f 7458 7457 7473
f 7026 7027 7380
f 7474 7029 7030
f 7474 7030 7475
f 7474 7476 7031
f 7031 7029 7474
f 7476 7474 7477
f 7478 7476 7477
f 7477 7474 7475
f 7477 7475 7479
f 7476 7480 7032
f 7032 7031 7476
f 7480 7476 7478
f 7480 7478 7481
f 7479 7482 7483
f 7483 7477 7479
f 7477 7483 7484
f 7484 7478 7477
f 7484 7485 7481
f 7484 7481 7478
f 7484 7483 7486
f 7487 7485 7484
f 7487 7484 7486
f 7483 7482 7488
f 7489 7483 7488
f 7490 7486 7483
f 7490 7483 7489
f 7491 7490 7489
f 7491 7489 7492
f 7492 7493 7494
f 7494 7491 7492
f 7495 7494 7493
f 7495 7493 7496
f 7486 7490 7487
f 7487 7490 7497
f 7498 7497 7490
f 7498 7490 7491
f 7491 7494 7499
f 7498 7491 7499
f 7494 7495 7500
f 7499 7494 7500
f 7489 7488 7501
f 7492 7489 7501
f 7492 7501 7493
f 7033 7502 7475
f 7033 7475 7030
f 7475 7502 7503
f 7503 7479 7475
f 7503 7504 7479
f 7482 7479 7504
f 7505 7488 7482
f 7505 7482 7506
f 7493 7507 7508
f 7508 7496 7493
f 7488 7505 7509
f 7509 7501 7488
f 7507 7493 7501
f 7507 7501 7509
f 7504 7506 7482
f 7480 7481 7510
f 7511 7480 7510
f 7481 7485 7512
f 7510 7481 7512
f 7485 7487 7513
f 7512 7485 7513
f 7487 7497 7514
f 7513 7487 7514
f 7515 7514 7497
f 7515 7497 7498
f 7516 7515 7498
f 7516 7498 7499
f 7500 7517 7516
f 7516 7499 7500
f 7034 7511 7518
f 7035 7034 7518
f 7518 7511 7510
f 7518 7510 7519
f 7510 7512 7520
f 7519 7510 7520
f 7521 7520 7512
f 7521 7512 7513
f 7522 7521 7513
f 7522 7513 7514
f 7515 7516 7523
f 7523 7522 7514
f 7523 7514 7515
f 7518 7524 7036
f 7036 7035 7518
f 7519 7525 7524
f 7524 7518 7519
f 7526 7525 7519
f 7526 7519 7520
f 7521 7527 7526
f 7526 7520 7521
f 7528 7527 7521
f 7528 7521 7522
f 7523 7516 7529
f 7530 7523 7529
f 7530 7528 7522
f 7530 7522 7523
f 7033 7037 7531
f 7531 7502 7033
f 7503 7502 7531
f 7525 7503 7531
f 7504 7503 7525
f 7526 7504 7525
f 7528 7505 7506
f 7528 7506 7527
f 7532 7508 7507
f 7532 7507 7529
f 7505 7528 7530
f 7530 7509 7505
f 7509 7530 7529
f 7529 7507 7509
f 7504 7526 7527
f 7527 7506 7504
f 7037 7036 7524
f 7531 7037 7524
f 7532 7529 7516
f 7532 7516 7517
f 7525 7531 7524
f 7533 7495 7496
f 7533 7496 7534
f 7495 7533 7535
f 7535 7500 7495
f 7534 7496 7536
f 7496 7508 7537
f 7537 7536 7496
f 7538 7536 7537
f 7538 7537 7539
f 7538 7539 7540
f 7541 7538 7540
f 7541 7540 7542
f 7543 7541 7542
f 7538 7534 7536
f 7544 7534 7538
f 7544 7538 7541
f 7545 7544 7541
f 7545 7541 7543
f 7533 7546 7547
f 7533 7547 7548
f 7535 7533 7548
f 7533 7534 7549
f 7546 7533 7549
f 7544 7545 7550
f 7551 7544 7550
f 7542 7540 7551
f 7542 7551 7550
f 7550 7552 7542
f 7550 7545 7552
f 7552 7543 7542
f 7552 7545 7543
f 7537 7508 7553
f 7539 7537 7553
f 7539 7553 7554
f 7539 7554 7551
f 7539 7551 7540
f 7517 7500 7535
f 7517 7535 7555
f 7556 7532 7517
f 7556 7517 7555
f 7555 7535 7557
f 7555 7557 7558
f 7553 7508 7559
f 7532 7556 7559
f 7559 7508 7532
f 7559 7556 7560
f 7560 7561 7559
f 7560 7556 7562
f 7556 7555 7558
f 7556 7558 7562
f 7562 7558 7563
f 7563 7564 7562
f 7558 7557 7565
f 7563 7558 7565
f 7546 7549 7566
f 7567 7546 7566
f 7557 7568 7565
f 7569 7570 7568
f 7568 7548 7569
f 7548 7547 7571
f 7571 7572 7548
f 7547 7546 7567
f 7547 7567 7573
f 7566 7574 7575
f 7566 7575 7567
f 7575 7574 7576
f 7576 7577 7575
f 7547 7573 7571
f 7572 7569 7548
f 7570 7565 7568
f 7573 7567 7575
f 7575 7578 7573
f 7579 7578 7575
f 7579 7575 7577
f 7571 7573 7580
f 7571 7580 7581
f 7582 7572 7571
f 7581 7582 7571
f 7581 7580 7583
f 7583 7584 7581
f 7585 7582 7581
f 7585 7581 7584
f 7586 7570 7569
f 7587 7586 7569
f 7569 7572 7588
f 7569 7588 7587
f 7589 7586 7587
f 7589 7587 7590
f 7587 7588 7591
f 7591 7590 7587
f 7563 7565 7592
f 7592 7593 7563
f 7592 7565 7570
f 7570 7594 7592
f 7595 7593 7592
f 7595 7592 7596
f 7592 7594 7597
f 7597 7596 7592
f 7598 7553 7559
f 7554 7553 7598
f 7599 7598 7559
f 7559 7561 7599
f 7600 7598 7599
f 7534 7598 7600
f 7600 7549 7534
f 7598 7551 7554
f 7598 7534 7544
f 7544 7551 7598
f 7566 7549 7600
f 7566 7600 7601
f 7561 7572 7602
f 7601 7600 7599
f 7562 7564 7560
f 7603 7561 7560
f 7602 7599 7561
f 7601 7599 7573
f 7573 7599 7602
f 7572 7561 7603
f 7570 7560 7564
f 7603 7560 7570
f 7574 7566 7601
f 7604 7574 7601
f 7601 7573 7578
f 7604 7601 7578
f 7605 7602 7572
f 7605 7572 7582
f 7573 7602 7605
f 7605 7580 7573
f 7606 7588 7572
f 7606 7572 7603
f 7606 7603 7570
f 7606 7570 7586
f 7564 7563 7593
f 7607 7564 7593
f 7570 7564 7607
f 7607 7594 7570
f 7576 7574 7604
f 7608 7576 7604
f 7604 7578 7579
f 7608 7604 7579
f 7577 7576 7608
f 7577 7608 7579
f 7605 7582 7585
f 7609 7605 7585
f 7583 7580 7605
f 7609 7583 7605
f 7584 7583 7609
f 7584 7609 7585
f 7591 7588 7606
f 7610 7591 7606
f 7589 7610 7606
f 7589 7606 7586
f 7590 7591 7610
f 7590 7610 7589
f 7595 7611 7607
f 7595 7607 7593
f 7597 7594 7607
f 7611 7597 7607
f 7596 7597 7611
f 7596 7611 7595
f 7023 7025 7373
f 7023 7373 7342
f 7511 7034 7032
f 7032 7480 7511
f 7321 7612 7613
f 7613 7322 7321
f 7322 7613 7614
f 7614 7324 7322
f 7615 7616 7326
f 7615 7326 7324
f 7616 7617 7327
f 7616 7327 7326
f 7615 7324 7614
f 7613 7612 7618
f 7618 7619 7613
f 7618 7612 7620
f 7614 7613 7619
f 7621 7614 7619
f 7618 7622 7623
f 7618 7623 7619
f 7624 7619 7623
f 7624 7623 7625
f 7619 7624 7621
f 7625 7626 7627
f 7625 7627 7624
f 7628 7612 7321
f 7628 7321 7323
f 7629 7628 7323
f 7629 7323 7325
f 7327 7617 7630
f 7630 7328 7327
f 7630 7629 7325
f 7630 7325 7328
f 7612 7628 7631
f 7620 7612 7631
f 7628 7629 7632
f 7631 7628 7632
f 7620 7631 7633
f 7634 7620 7633
f 7633 7632 7635
f 7633 7635 7636
f 7632 7633 7631
f 7636 7637 7634
f 7633 7636 7634
f 7616 7615 7630
f 7630 7617 7616
f 7615 7614 7629
f 7630 7615 7629
f 7638 7629 7614
f 7638 7614 7621
f 7629 7638 7632
f 7638 7627 7639
f 7639 7635 7638
f 7638 7635 7632
f 7622 7618 7620
f 7620 7634 7622
f 7626 7637 7639
f 7626 7639 7627
f 7624 7627 7638
f 7638 7621 7624
f 7622 7626 7625
f 7622 7625 7623
f 7639 7637 7636
f 7639 7636 7635
f 7634 7637 7626
f 7634 7626 7622
f 7640 7641 7642
f 7643 7640 7642
f 7641 7640 7644
f 7644 7645 7641
f 7643 7642 7646
f 7647 7648 7646
f 7648 7647 7649
f 7649 7650 7648
f 7650 7649 7645
f 7651 7652 7653
f 7654 7651 7653
f 7654 7653 7655
f 7655 7656 7654
f 7656 7655 7657
f 7658 7653 7652
f 7659 7658 7652
f 7660 7655 7653
f 7658 7660 7653
f 7655 7660 7661
f 7655 7661 7657
f 7662 7663 7658
f 7662 7658 7659
f 7663 7664 7658
f 7660 7658 7664
f 7665 7661 7660
f 7664 7665 7660
f 7666 7667 7668
f 7666 7668 7669
f 7670 7667 7666
f 7671 7670 7666
f 7672 7670 7671
f 7673 7672 7671
f 7674 7675 7672
f 7674 7672 7673
f 7674 7676 7677
f 7674 7677 7675
f 7676 7678 7679
f 7676 7679 7677
f 7680 7668 7667
f 7681 7680 7667
f 7681 7667 7670
f 7682 7683 7680
f 7682 7680 7681
f 7670 7672 7684
f 7685 7684 7672
f 7685 7672 7675
f 7670 7684 7686
f 7681 7670 7686
f 7687 7688 7689
f 7687 7690 7691
f 7687 7691 7688
f 7689 7692 7693
f 7689 7693 7687
f 7687 7693 7694
f 7687 7694 7690
f 7695 7693 7692
f 7696 7695 7692
f 7693 7695 7697
f 7693 7697 7694
f 7698 7695 7696
f 7699 7698 7696
f 7700 7697 7695
f 7698 7700 7695
f 7692 7689 7657
f 7657 7701 7692
f 7657 7661 7702
f 7702 7701 7657
f 7661 7665 7703
f 7661 7703 7702
f 7703 7665 7704
f 7705 7644 7640
f 7706 7705 7640
f 7707 7705 7706
f 7707 7706 7708
f 7709 7710 7707
f 7709 7707 7708
f 7710 7709 7711
f 7711 7712 7710
f 7696 7712 7711
f 7699 7696 7711
f 7705 7707 7713
f 7705 7713 7684
f 7684 7685 7705
f 7714 7715 7679
f 7714 7679 7678
f 7716 7717 7715
f 7716 7715 7714
f 7718 7719 7717
f 7718 7717 7716
f 7706 7640 7643
f 7706 7643 7720
f 7720 7643 7646
f 7720 7646 7721
f 7722 7723 7724
f 7722 7724 7725
f 7724 7723 7677
f 7723 7675 7677
f 7724 7677 7679
f 7715 7724 7679
f 7725 7724 7715
f 7715 7726 7725
f 7727 7717 7719
f 7728 7727 7719
f 7727 7726 7715
f 7715 7717 7727
f 7721 7729 7730
f 7721 7730 7720
f 7708 7706 7720
f 7708 7720 7730
f 7725 7729 7721
f 7725 7721 7722
f 7725 7726 7729
f 7731 7732 7733
f 7731 7733 7734
f 7728 7731 7734
f 7734 7727 7728
f 7708 7730 7735
f 7735 7709 7708
f 7711 7709 7735
f 7736 7711 7735
f 7737 7699 7711
f 7737 7711 7736
f 7730 7729 7738
f 7730 7738 7739
f 7730 7739 7735
f 7735 7739 7740
f 7735 7740 7736
f 7719 7718 7741
f 7742 7731 7743
f 7738 7744 7745
f 7741 7718 7746
f 7719 7741 7747
f 7732 7731 7742
f 7732 7742 7744
f 7738 7732 7744
f 7728 7719 7747
f 7747 7748 7728
f 7748 7743 7731
f 7748 7731 7728
f 7646 7648 7722
f 7722 7721 7646
f 7685 7645 7644
f 7644 7705 7685
f 7685 7675 7645
f 7650 7645 7675
f 7650 7675 7723
f 7648 7650 7723
f 7648 7723 7722
f 7680 7664 7663
f 7663 7668 7680
f 7662 7669 7668
f 7663 7662 7668
f 7704 7665 7683
f 7704 7683 7682
f 7683 7665 7664
f 7664 7680 7683
f 7707 7703 7704
f 7704 7713 7707
f 7713 7704 7686
f 7713 7686 7684
f 7710 7703 7707
f 7710 7702 7703
f 7702 7710 7712
f 7702 7712 7701
f 7712 7696 7692
f 7712 7692 7701
f 7749 7745 7750
f 7738 7745 7749
f 7738 7749 7739
f 7749 7740 7739
f 7745 7744 7751
f 7745 7751 7752
f 7753 7749 7750
f 7754 7753 7750
f 7750 7745 7752
f 7752 7754 7750
f 7749 7753 7755
f 7749 7755 7756
f 7736 7740 7757
f 7736 7757 7737
f 7758 7759 6833
f 6832 7758 6833
f 7698 7760 7761
f 7700 7698 7761
f 7699 7760 7698
f 7756 7762 7740
f 7740 7749 7756
f 7763 7760 7699
f 7699 7737 7763
f 7737 7757 7764
f 7737 7764 7763
f 7757 7740 7762
f 7757 7762 7764
f 7760 7765 7766
f 7761 7760 7766
f 7767 7752 7751
f 7768 7769 7753
f 7768 7753 7754
f 7767 7768 7754
f 7754 7752 7767
f 7755 7753 7769
f 7755 7769 7756
f 7763 7765 7760
f 7759 7770 6835
f 7759 6835 6833
f 7771 7772 7770
f 7770 7759 7771
f 7772 7771 7765
f 7773 7770 7772
f 7773 7772 7774
f 7763 7764 7772
f 7765 7763 7772
f 7764 7762 7774
f 7764 7774 7772
f 7775 7776 7773
f 7775 7773 7774
f 7777 7778 7779
f 7779 7780 7777
f 7776 7775 7778
f 7778 7777 7776
f 7781 7779 7778
f 7781 7778 7782
f 7779 7781 7783
f 7771 7784 7766
f 7766 7765 7771
f 7759 7758 7784
f 7784 7771 7759
f 7770 7773 6838
f 6838 6835 7770
f 7776 6842 6838
f 7776 6838 7773
f 6862 7777 7780
f 6908 6862 7780
f 7777 6862 6842
f 7777 6842 7776
f 7774 7762 7756
f 7774 7756 7769
f 7769 7775 7774
f 7785 7782 7778
f 7785 7778 7775
f 7786 7785 7769
f 7769 7768 7786
f 7775 7769 7785
f 7787 7688 7691
f 7788 7787 7691
f 7689 7688 7787
f 7787 7789 7689
f 7790 7791 7792
f 7793 7794 7790
f 7790 7792 7793
f 7794 7793 7795
f 7793 7792 7642
f 7642 7641 7793
f 7645 7795 7793
f 7641 7645 7793
f 7792 7791 7646
f 7646 7642 7792
f 7646 7791 7790
f 7647 7646 7790
f 7794 7649 7647
f 7794 7647 7790
f 7794 7795 7645
f 7645 7649 7794
f 7657 7689 7789
f 7726 7734 7733
f 7726 7733 7729
f 7734 7726 7727
f 7796 7797 7741
f 7741 7746 7796
f 7797 7798 7747
f 7747 7741 7797
f 7748 7747 7798
f 7748 7798 7799
f 7743 7748 7799
f 7743 7799 7800
f 7743 7800 7801
f 7743 7801 7742
f 7802 7803 7797
f 7802 7797 7796
f 7803 7804 7798
f 7803 7798 7797
f 7799 7798 7804
f 7804 7805 7799
f 7805 7806 7800
f 7805 7800 7799
f 7807 7751 7801
f 7801 7808 7807
f 7809 7810 7803
f 7809 7803 7802
f 7804 7803 7810
f 7810 7811 7804
f 7812 7810 7809
f 7813 7812 7809
f 7814 7811 7810
f 7812 7814 7810
f 7812 7813 7815
f 7815 7816 7812
f 7812 7816 7817
f 7812 7817 7814
f 7818 7816 7815
f 7819 7818 7815
f 7816 7818 7820
f 7816 7820 7817
f 7818 7819 7783
f 7818 7783 7781
f 7818 7781 7820
f 7781 7783 7821
f 7821 7822 7781
f 7823 7824 7785
f 7785 7825 7826
f 7826 7782 7785
f 7825 7785 7786
f 7825 7786 7768
f 7825 7807 7827
f 7827 7826 7825
f 7767 7807 7825
f 7767 7825 7768
f 7828 7805 7804
f 7828 7804 7811
f 7828 7829 7806
f 7828 7806 7805
f 7808 7806 7829
f 7808 7827 7807
f 7808 7829 7827
f 7824 7786 7785
f 7807 7767 7751
f 7822 7830 7782
f 7822 7782 7781
f 7782 7826 7820
f 7782 7820 7781
f 7817 7820 7826
f 7826 7827 7817
f 7811 7814 7829
f 7829 7828 7811
f 7814 7817 7827
f 7827 7829 7814
f 7823 7785 7782
f 7782 7830 7823
f 7742 7801 7751
f 7751 7744 7742
f 7801 7800 7806
f 7801 7806 7808
f 7732 7738 7729
f 7732 7729 7733
f 7831 7832 7833
f 7831 7833 7834
f 7833 7835 7836
f 7833 7836 7834
f 7831 7834 7837
f 7834 7836 7838
f 7838 7837 7834
f 7839 7840 7841
f 7841 7842 7839
f 7842 7841 7843
f 7842 7843 7844
f 7845 7846 7840
f 7845 7840 7839
f 7717 7841 7840
f 7717 7840 7716
f 7841 7717 7727
f 7843 7841 7727
f 7846 7832 7716
f 7840 7846 7716
f 7843 7727 7734
f 7843 7734 7847
f 7843 7847 7844
f 7848 7849 7850
f 7851 7848 7850
f 7852 7850 7849
f 7852 7849 7853
f 7851 7854 7848
f 7855 7854 7856
f 7857 7855 7856
f 7857 7856 7858
f 7858 7853 7857
f 7859 7652 7651
f 7860 7859 7651
f 7861 7859 7860
f 7861 7860 7862
f 7862 7863 7861
f 7652 7859 7864
f 7659 7652 7864
f 7859 7861 7865
f 7864 7859 7865
f 7866 7865 7861
f 7866 7861 7863
f 7864 7867 7662
f 7662 7659 7864
f 7867 7864 7868
f 7865 7868 7864
f 7865 7866 7869
f 7868 7865 7869
f 7870 7871 7666
f 7666 7669 7870
f 7666 7871 7872
f 7671 7666 7872
f 7671 7872 7873
f 7673 7671 7873
f 7873 7874 7674
f 7674 7673 7873
f 7875 7676 7674
f 7875 7674 7874
f 7876 7678 7676
f 7876 7676 7875
f 7871 7870 7877
f 7878 7871 7877
f 7878 7872 7871
f 7877 7879 7880
f 7880 7878 7877
f 7872 7881 7873
f 7873 7881 7882
f 7882 7874 7873
f 7872 7883 7881
f 7878 7883 7872
f 7883 7878 7880
f 7884 7883 7880
f 7885 7886 7887
f 7691 7690 7885
f 7691 7885 7887
f 7888 7889 7886
f 7888 7886 7885
f 7694 7888 7885
f 7694 7885 7690
f 7889 7888 7890
f 7891 7889 7890
f 7697 7890 7888
f 7697 7888 7694
f 7891 7890 7892
f 7893 7891 7892
f 7890 7697 7700
f 7892 7890 7700
f 7863 7886 7889
f 7863 7889 7894
f 7895 7866 7863
f 7895 7863 7894
f 7896 7869 7866
f 7896 7866 7895
f 7896 7884 7869
f 7850 7852 7897
f 7898 7850 7897
f 7898 7897 7899
f 7899 7900 7898
f 7899 7901 7902
f 7902 7900 7899
f 7903 7902 7901
f 7903 7901 7904
f 7903 7904 7891
f 7893 7903 7891
f 7897 7905 7899
f 7881 7905 7897
f 7881 7897 7882
f 7876 7906 7714
f 7714 7678 7876
f 7906 7832 7716
f 7716 7714 7906
f 7718 7716 7832
f 7718 7832 7907
f 7851 7850 7898
f 7898 7908 7851
f 7854 7851 7908
f 7908 7909 7854
f 7910 7911 7912
f 7910 7912 7913
f 7910 7875 7911
f 7911 7875 7874
f 7910 7876 7875
f 7906 7876 7910
f 7906 7910 7913
f 7906 7913 7914
f 7907 7832 7831
f 7915 7907 7831
f 7831 7906 7914
f 7906 7831 7832
f 7916 7917 7909
f 7916 7909 7908
f 7908 7898 7900
f 7900 7916 7908
f 7909 7917 7913
f 7909 7913 7912
f 7913 7917 7914
f 7918 7919 7920
f 7920 7837 7918
f 7837 7920 7915
f 7831 7837 7915
f 7921 7916 7900
f 7921 7900 7902
f 7921 7902 7903
f 7922 7921 7903
f 7903 7893 7923
f 7923 7922 7903
f 7916 7924 7917
f 7925 7924 7916
f 7925 7916 7921
f 7926 7925 7921
f 7926 7921 7922
f 7907 7927 7718
f 7928 7920 7929
f 7924 7930 7931
f 7927 7746 7718
f 7907 7932 7927
f 7919 7929 7920
f 7931 7929 7919
f 7924 7931 7919
f 7932 7907 7915
f 7932 7915 7933
f 7920 7928 7933
f 7933 7915 7920
f 7912 7856 7854
f 7912 7854 7909
f 7852 7853 7882
f 7852 7882 7897
f 7882 7853 7874
f 7874 7853 7858
f 7858 7911 7874
f 7911 7858 7856
f 7911 7856 7912
f 7867 7868 7877
f 7867 7877 7870
f 7870 7669 7662
f 7867 7870 7662
f 7879 7869 7884
f 7884 7880 7879
f 7868 7869 7879
f 7868 7879 7877
f 7884 7896 7899
f 7884 7899 7905
f 7883 7884 7905
f 7905 7881 7883
f 7901 7899 7896
f 7901 7896 7895
f 7904 7901 7895
f 7895 7894 7904
f 7889 7891 7904
f 7889 7904 7894
f 7934 7935 7930
f 7924 7934 7930
f 7924 7925 7934
f 7934 7925 7926
f 7930 7936 7931
f 7930 7937 7936
f 7935 7934 7938
f 7939 7935 7938
f 7937 7930 7935
f 7937 7935 7939
f 7934 7940 7938
f 7934 7941 7940
f 7922 7942 7926
f 7922 7923 7942
f 7758 6832 6952
f 7758 6952 7943
f 7761 7944 7892
f 7700 7761 7892
f 7893 7892 7944
f 7926 7945 7941
f 7926 7941 7934
f 7893 7944 7946
f 7893 7946 7923
f 7947 7942 7923
f 7923 7946 7947
f 7945 7926 7942
f 7942 7947 7945
f 7766 7948 7944
f 7761 7766 7944
f 7949 7936 7937
f 7938 7950 7951
f 7938 7951 7939
f 7939 7951 7949
f 7939 7949 7937
f 7950 7938 7940
f 7940 7941 7950
f 7946 7944 7948
f 6954 7952 7943
f 6954 7943 6952
f 7952 7953 7954
f 7952 7954 7943
f 7953 7948 7954
f 7955 7956 7953
f 7955 7953 7952
f 7953 7947 7946
f 7948 7953 7946
f 7956 7945 7947
f 7947 7953 7956
f 7957 7956 7955
f 7957 7955 7958
f 7779 7959 7960
f 7779 7960 7780
f 7959 7957 7958
f 7959 7958 7960
f 7779 7783 7961
f 7779 7961 7962
f 7779 7962 7959
f 7766 7784 7954
f 7766 7954 7948
f 7784 7758 7943
f 7784 7943 7954
f 7952 6954 6957
f 6957 7955 7952
f 6957 6961 7958
f 6957 7958 7955
f 7780 7960 6982
f 6908 7780 6982
f 6961 6982 7960
f 6961 7960 7958
f 7956 7941 7945
f 7950 7941 7956
f 7950 7956 7957
f 7959 7962 7963
f 7959 7963 7957
f 7964 7950 7963
f 7950 7964 7951
f 7957 7963 7950
f 7691 7887 7965
f 7788 7691 7965
f 7965 7887 7886
f 7965 7886 7966
f 7967 7968 7969
f 7967 7970 7971
f 7967 7971 7968
f 7970 7972 7971
f 7848 7968 7971
f 7848 7971 7849
f 7971 7972 7853
f 7849 7971 7853
f 7854 7969 7968
f 7854 7968 7848
f 7967 7969 7854
f 7855 7967 7854
f 7855 7857 7970
f 7855 7970 7967
f 7853 7972 7970
f 7853 7970 7857
f 7863 7966 7886
f 7918 7837 7914
f 7914 7917 7918
f 7837 7831 7914
f 7927 7973 7796
f 7927 7796 7746
f 7932 7974 7973
f 7932 7973 7927
f 7974 7932 7933
f 7933 7975 7974
f 7975 7933 7928
f 7928 7976 7975
f 7977 7976 7928
f 7928 7929 7977
f 7973 7978 7802
f 7802 7796 7973
f 7974 7979 7978
f 7978 7973 7974
f 7979 7974 7975
f 7979 7975 7980
f 7976 7981 7980
f 7980 7975 7976
f 7977 7936 7982
f 7977 7982 7983
f 7978 7984 7809
f 7809 7802 7978
f 7984 7978 7979
f 7984 7979 7985
f 7809 7984 7986
f 7813 7809 7986
f 7984 7985 7987
f 7986 7984 7987
f 7815 7813 7986
f 7815 7986 7988
f 7989 7988 7986
f 7989 7986 7987
f 7815 7988 7990
f 7819 7815 7990
f 7991 7990 7988
f 7991 7988 7989
f 7990 7783 7819
f 7961 7783 7990
f 7961 7990 7991
f 7961 7992 7821
f 7821 7783 7961
f 7993 7963 7994
f 7995 7996 7963
f 7995 7963 7962
f 7964 7963 7996
f 7996 7951 7964
f 7997 7982 7996
f 7997 7996 7995
f 7996 7982 7949
f 7996 7949 7951
f 7979 7980 7998
f 7998 7985 7979
f 7981 7999 7998
f 7998 7980 7981
f 7983 7997 7999
f 7983 7982 7997
f 7983 7999 7981
f 7994 7963 7964
f 7982 7936 7949
f 7962 8000 7992
f 7962 7992 7961
f 7991 7995 7962
f 7962 7961 7991
f 7995 7991 7989
f 7995 7989 7997
f 7999 7987 7985
f 7999 7985 7998
f 7997 7989 7987
f 7997 7987 7999
f 7962 7963 7993
f 7962 7993 8000
f 7936 7977 7929
f 7936 7929 7931
f 7981 7976 7977
f 7981 7977 7983
f 7917 7924 7919
f 7919 7918 7917
f 8001 8002 8003
f 8003 8004 8001
f 8005 8006 8004
f 8005 8004 8003
f 8007 8006 8005
f 8008 8007 8005
f 8007 8008 8009
f 8009 8010 8007
f 8002 8001 8010
f 8002 8010 8009
f 8002 8011 8012
f 8012 8003 8002
f 8012 8013 8005
f 8012 8005 8003
f 8005 8013 8014
f 8014 8008 8005
f 8015 8009 8008
f 8015 8008 8014
f 8002 8009 8015
f 8011 8002 8015
f 8012 8011 8016
f 8017 8012 8016
f 8017 8018 8013
f 8017 8013 8012
f 8018 8019 8014
f 8018 8014 8013
f 8014 8019 8020
f 8020 8015 8014
f 8020 8016 8011
f 8020 8011 8015
f 8021 8022 8017
f 8021 8017 8016
f 8023 8018 8017
f 8023 8017 8022
f 8024 8019 8018
f 8024 8018 8023
f 8019 8024 8025
f 8025 8020 8019
f 8016 8020 8025
f 8021 8016 8025
f 8022 8021 8026
f 8027 8022 8026
f 8023 8022 8027
f 8028 8023 8027
f 8023 8028 8029
f 8029 8024 8023
f 8025 8024 8029
f 8030 8025 8029
f 8021 8025 8030
f 8026 8021 8030
f 8031 8027 8026
f 8031 8026 8032
f 8031 8033 8028
f 8031 8028 8027
f 8034 8029 8028
f 8034 8028 8033
f 8034 8035 8030
f 8034 8030 8029
f 8030 8035 8032
f 8032 8026 8030
f 8032 8036 8037
f 8037 8031 8032
f 8037 8038 8033
f 8037 8033 8031
f 8034 8033 8038
f 8039 8034 8038
f 8039 8040 8035
f 8039 8035 8034
f 8036 8032 8035
f 8036 8035 8040
f 8004 8037 8036
f 8004 8036 8001
f 8037 8004 8006
f 8006 8038 8037
f 8006 8007 8039
f 8006 8039 8038
f 8040 8039 8007
f 8010 8040 8007
f 8040 8010 8001
f 8001 8036 8040
g Man_standing_node0
usemtl itu_marble
v 6.295350 1.202930 -6.476860
v 6.299840 1.200300 -6.477970
v 6.294090 1.195700 -6.476380
v 6.295490 1.194990 -6.476730
v 6.298240 1.185950 -6.477260
v 6.296240 1.172990 -6.518760
v 6.294420 1.176960 -6.522840
v 6.290460 1.164820 -6.530060
v 6.295780 1.184320 -6.476590
v 6.297470 1.180600 -6.476960
v 6.294410 1.161620 -6.505670
v 6.293140 1.173340 -6.475690
v 6.288840 1.192760 -6.521880
v 6.290540 1.196060 -6.510820
v 6.290060 1.174080 -6.540310
v 6.285520 1.153520 -6.531730
v 6.292780 1.157190 -6.505690
v 6.282640 1.211060 -6.516300
v 6.278500 1.207850 -6.533990
v 6.283700 1.183980 -6.549820
v 6.283210 1.192770 -6.540430
v 6.288500 1.212730 -6.475280
v 6.283270 1.171260 -6.555790
v 6.281940 1.157020 -6.543170
v 6.283310 1.149550 -6.527990
v 6.286220 1.152910 -6.506240
v 6.277060 1.200350 -6.546660
v 6.272570 1.207460 -6.544840
v 6.274060 1.220110 -6.519390
v 6.273950 1.215970 -6.529340
v 6.278770 1.174540 -6.563200
v 6.276660 1.164360 -6.562820
v 6.271220 1.150270 -6.544870
v 6.273330 1.148280 -6.535960
v 6.262020 1.196430 -6.566520
v 6.282060 1.219750 -6.473750
v 6.276530 1.221180 -6.472340
v 6.270760 1.222400 -6.470870
v 6.265220 1.153070 -6.553470
v 6.273140 1.152350 -6.504700
v 6.287290 1.166610 -6.474030
v 6.257910 1.230930 -6.526540
v 6.264170 1.229170 -6.508670
v 6.257890 1.180950 -6.584600
v 6.262320 1.158650 -6.569070
v 6.260750 1.162230 -6.584550
v 6.269690 1.146580 -6.526050
v 6.278040 1.165940 -6.471620
v 6.252990 1.209120 -6.568090
v 6.253910 1.218330 -6.557610
v 6.262110 1.172120 -6.584960
v 6.253600 1.193590 -6.583430
v 6.254920 1.177750 -6.595120
v 6.255740 1.162760 -6.590340
v 6.256870 1.150570 -6.577400
v 6.259990 1.152390 -6.561320
v 6.257700 1.166030 -6.492440
v 6.261890 1.153160 -6.511880
v 6.248040 1.232170 -6.540410
v 6.239250 1.234000 -6.526890
v 6.247350 1.235210 -6.531990
v 6.252240 1.177430 -6.599870
v 6.240230 1.143870 -6.591820
v 6.241830 1.149770 -6.546250
v 6.255030 1.150000 -6.529910
v 6.257100 1.157760 -6.512480
v 6.247660 1.203110 -6.590850
v 6.241230 1.224660 -6.504780
v 6.256960 1.216620 -6.467170
v 6.250630 1.142330 -6.574720
v 6.247700 1.147620 -6.557950
v 6.248890 1.167940 -6.501260
v 6.241700 1.215570 -6.590220
v 6.239820 1.206990 -6.601590
v 6.232520 1.233190 -6.567690
v 6.241830 1.189250 -6.612550
v 6.241190 1.234590 -6.538410
v 6.242860 1.161660 -6.600920
v 6.231400 1.218870 -6.491050
v 6.236650 1.138570 -6.587590
v 6.239630 1.163340 -6.518390
v 6.251800 1.171690 -6.491320
v 6.260300 1.180480 -6.467300
v 6.257390 1.183250 -6.466610
v 6.223710 1.221660 -6.605400
v 6.232020 1.224710 -6.587550
v 6.230650 1.237490 -6.555670
v 6.231900 1.195910 -6.618210
v 6.238580 1.173140 -6.613460
v 6.233070 1.160000 -6.614950
v 6.249240 1.208370 -6.465000
v 6.254150 1.215320 -6.466410
v 6.242480 1.142840 -6.565270
v 6.237120 1.134770 -6.578550
v 6.254080 1.184750 -6.465780
v 6.228310 1.232220 -6.533670
v 6.232380 1.170440 -6.624770
v 6.230170 1.147670 -6.601900
v 6.217630 1.217980 -6.498860
v 6.218970 1.145430 -6.594930
v 6.249320 1.200700 -6.464860
v 6.251000 1.200340 -6.465290
v 6.250800 1.194220 -6.465120
v 6.249800 1.192350 -6.464820
v 6.238710 1.151980 -6.535880
v 6.232200 1.174480 -6.507810
v 6.232580 1.181860 -6.492020
v 6.226260 1.232180 -6.587330
v 6.216840 1.214450 -6.617710
v 6.224930 1.239330 -6.572890
v 6.222390 1.203490 -6.621440
v 6.219100 1.233510 -6.553600
v 6.227840 1.179190 -6.633690
v 6.227420 1.164770 -6.624810
v 6.220480 1.155930 -6.614530
v 6.222080 1.206950 -6.487780
v 6.233030 1.172520 -6.523660
v 6.234040 1.159220 -6.530390
v 6.231490 1.142460 -6.569760
v 6.233080 1.149430 -6.553360
v 6.216030 1.229220 -6.589060
v 6.220870 1.234130 -6.586410
v 6.228770 1.239340 -6.562970
v 6.220950 1.187490 -6.633970
v 6.217880 1.182100 -6.637890
v 6.221330 1.171400 -6.630120
v 6.217150 1.226690 -6.541790
v 6.220070 1.227910 -6.519210
v 6.222260 1.193830 -6.539130
v 6.225180 1.177830 -6.552110
v 6.226450 1.177320 -6.548910
v 6.230170 1.179070 -6.538190
v 6.229580 1.178720 -6.519470
v 6.230330 1.153740 -6.560350
v 6.226500 1.162060 -6.557530
v 6.228000 1.156490 -6.573230
v 6.231530 1.156720 -6.540910
v 6.222940 1.140200 -6.584720
v 6.224390 1.175900 -6.509940
v 6.210230 1.214700 -6.614240
v 6.222270 1.238750 -6.573500
v 6.207340 1.207790 -6.625500
v 6.209980 1.196810 -6.630230
v 6.216840 1.224280 -6.572390
v 6.213700 1.189750 -6.634590
v 6.218750 1.229730 -6.525350
v 6.219230 1.200070 -6.558610
v 6.218960 1.197770 -6.564930
v 6.222200 1.182850 -6.565570
v 6.223120 1.173170 -6.577800
v 6.218970 1.191710 -6.570520
v 6.219380 1.185420 -6.579280
v 6.224790 1.184930 -6.557380
v 6.224610 1.174120 -6.565170
v 6.220910 1.156260 -6.583090
v 6.215570 1.187770 -6.524110
v 6.221360 1.204430 -6.487980
v 6.212180 1.220860 -6.606510
v 6.215600 1.223280 -6.590050
v 6.211800 1.212260 -6.597340
v 6.213330 1.206060 -6.585700
v 6.217300 1.223610 -6.558210
v 6.217440 1.207530 -6.577720
v 6.216460 1.175140 -6.625050
v 6.214700 1.186950 -6.613880
v 6.212770 1.190910 -6.601870
v 6.205950 1.198380 -6.621220
v 6.218430 1.212720 -6.546950
v 6.213390 1.180370 -6.593760
v 6.218200 1.179310 -6.611630
v 6.211510 1.173070 -6.610650
v 6.209730 1.171970 -6.611240
v 6.217030 1.166770 -6.622610
v 6.214570 1.224650 -6.524570
v 6.213750 1.171030 -6.607410
v 6.214330 1.166960 -6.594070
v 6.213310 1.149720 -6.602030
v 6.215180 1.205020 -6.491900
v 6.214800 1.178330 -6.515110
v 6.219060 1.186960 -6.495310
v 6.206880 1.206690 -6.615320
v 6.211650 1.206390 -6.606070
v 6.208080 1.187590 -6.627700
v 6.212730 1.197430 -6.588340
v 6.210660 1.175330 -6.606600
v 6.210800 1.175850 -6.605680
v 6.210870 1.175330 -6.606630
v 6.210500 1.174480 -6.607420
v 6.214910 1.208770 -6.536260
v 6.210840 1.176110 -6.605040
v 6.210910 1.176220 -6.604740
v 6.210910 1.176030 -6.605200
v 6.210990 1.175550 -6.605950
v 6.210930 1.175890 -6.605240
v 6.211000 1.175140 -6.606280
v 6.211770 1.224390 -6.519410
v 6.212590 1.208890 -6.526790
v 6.210440 1.164760 -6.615200
v 6.214180 1.155580 -6.603480
v 6.207150 1.222320 -6.509550
v 6.212940 1.194610 -6.525310
v 6.210730 1.175600 -6.605840
v 6.210870 1.176080 -6.604960
v 6.210850 1.175600 -6.605620
v 6.210780 1.174670 -6.606780
v 6.206930 1.211840 -6.524020
v 6.206250 1.215040 -6.502840
v 6.200040 1.192130 -6.521370
v 6.205940 1.193500 -6.504760
v 6.196920 1.224350 -6.520800
v 6.204710 1.201750 -6.502310
v 6.199200 1.219790 -6.525810
v 6.187990 1.207130 -6.516420
v 6.195470 1.210650 -6.534670
v 6.194470 1.213720 -6.509020
v 6.190880 1.201130 -6.530030
v 6.184270 1.225250 -6.538120
v 6.187440 1.223580 -6.520670
v 6.173950 1.218280 -6.548400
v 6.177040 1.208200 -6.529040
v 6.174360 1.229480 -6.543600
v 6.176350 1.227440 -6.534710
v 6.176650 1.205030 -6.536890
v 6.170750 1.220180 -6.532790
v 6.159940 1.229010 -6.544240
v 6.165950 1.210970 -6.543850
v 6.302580 -0.000077 -6.261500
v 6.325430 0.002054 -6.274530
v 6.334990 0.003183 -6.262030
v 6.339660 0.002107 -6.248160
v 6.336210 0.000457 -6.237350
v 6.339340 0.003537 -6.222840
v 6.340060 0.003024 -6.236250
v 6.310960 0.000983 -6.282900
v 6.337300 0.002989 -6.214010
v 6.245650 -0.000039 -6.232970
v 6.299430 0.002070 -6.289190
v 6.330850 -0.000408 -6.204660
v 6.334040 0.007819 -6.199450
v 6.328010 0.006619 -6.184030
v 6.324300 0.000070 -6.184400
v 6.289860 0.002358 -6.289120
v 6.272790 0.000330 -6.283910
v 6.268600 -0.000079 -6.185320
v 6.317380 0.000376 -6.169320
v 6.254440 0.006599 -6.276840
v 6.270310 0.005276 -6.288840
v 6.320410 0.006493 -6.170920
v 6.248920 -0.000326 -6.263860
v 6.304100 0.006465 -6.147440
v 6.300810 -0.000050 -6.147560
v 6.243960 0.005360 -6.265820
v 6.293010 -0.000293 -6.140650
v 6.234110 -0.000049 -6.243470
v 6.233580 0.004678 -6.250920
v 6.223010 0.002798 -6.233180
v 6.270730 0.000880 -6.126460
v 6.272570 0.011962 -6.112500
v 6.217750 0.003192 -6.221380
v 6.217070 -0.000208 -6.205320
v 6.219160 -0.000068 -6.153660
v 6.209820 0.003274 -6.201490
v 6.253090 0.000264 -6.100770
v 6.208790 0.001807 -6.191950
v 6.208310 0.000467 -6.173900
v 6.256450 0.002369 -6.096700
v 6.191100 -0.000079 -6.087910
v 6.246920 0.001040 -6.080750
v 6.201240 0.003379 -6.168460
v 6.249990 0.006364 -6.078690
v 6.225950 -0.000403 -6.061070
v 6.171330 -0.000375 -6.134940
v 6.182420 0.001870 -6.154100
v 6.230350 0.006503 -6.057040
v 6.212990 0.001370 -6.047640
v 6.162630 0.011187 -6.137110
v 6.162490 0.002864 -6.131260
v 6.159400 -0.000494 -6.114040
v 6.198820 -0.000096 -6.041630
v 6.153420 0.005995 -6.114530
v 6.199310 0.003964 -6.036800
v 6.148490 -0.000514 -6.091320
v 6.180560 0.001290 -6.033650
v 6.181180 -0.000568 -6.036770
v 6.148270 0.022067 -6.105510
v 6.167310 -0.000029 -6.041020
v 6.157690 -0.000300 -6.047960
v 6.144400 -0.000322 -6.072020
v 6.141740 0.005454 -6.088930
v 6.139350 0.009047 -6.076910
v 6.139040 0.005875 -6.064250
v 6.156870 0.003557 -6.043940
v 6.031290 -0.000146 -5.982090
v 6.023470 0.001493 -6.000220
v 6.035440 0.004940 -5.984650
v 6.035740 -0.000536 -5.953020
v 6.040700 0.003970 -5.971890
v 5.970130 -0.000076 -5.955910
v 6.014410 0.003083 -6.013670
v 6.016940 -0.000039 -6.003230
v 6.011870 0.000010 -6.012640
v 5.959900 -0.000175 -6.092440
v 5.964590 0.008435 -6.100420
v 5.964680 0.002077 -6.091670
v 5.956930 0.004459 -6.114690
v 5.962810 -0.000082 -6.086800
v 5.967770 0.003078 -6.085880
v 5.936680 -0.000080 -6.086880
v 5.945250 0.001245 -6.133700
v 5.932830 -0.000292 -6.142450
v 5.936590 0.002140 -6.144630
v 5.996310 -0.000386 -6.025390
v 5.996720 0.004948 -6.033710
v 5.927500 0.000187 -6.151830
v 5.968520 -0.000079 -6.017570
v 5.892780 -0.000079 -6.130390
v 5.917990 -0.000099 -6.158690
v 5.918220 0.002449 -6.164480
v 6.040100 0.003319 -5.947410
v 6.021630 -0.000502 -5.930640
v 5.985960 0.002254 -6.039850
v 5.898530 -0.000097 -6.013030
v 5.972420 0.005274 -6.068430
v 6.035970 0.005381 -5.935360
v 5.971460 0.000343 -6.043570
v 5.915390 0.000166 -5.998180
v 5.900850 0.000123 -6.168630
v 6.017160 0.011688 -5.918180
v 5.890370 0.001854 -6.172980
v 6.016090 0.002026 -5.921080
v 5.999230 -0.000582 -5.918650
v 5.997190 0.002940 -5.913580
v 5.863420 0.000311 -6.152600
v 5.966010 0.000527 -5.926800
v 5.854710 0.000655 -6.143380
v 5.934800 0.000012 -5.967770
v 5.925780 0.000102 -5.984440
v 5.853980 -0.000217 -6.121540
v 5.845480 0.000868 -6.132480
v 5.957040 0.000870 -5.938440
v 5.858980 -0.000067 -6.107250
v 5.952460 0.000200 -5.946090
v 5.842340 0.005627 -6.136160
v 5.963780 0.003360 -5.924690
v 5.949950 0.002605 -5.943370
v 5.945920 0.001695 -5.949170
v 5.927090 0.008536 -5.964330
v 5.918540 0.003443 -5.985770
v 5.870950 -0.000148 -6.058490
v 5.848700 -0.000040 -6.079130
v 5.843130 0.000721 -6.122040
v 5.935730 0.015262 -5.950200
v 5.911970 0.003438 -5.993860
v 5.872250 -0.000584 -6.044810
v 5.841650 0.002138 -6.092250
v 5.836720 0.009389 -6.121300
v 5.887070 0.001118 -6.018240
v 5.876140 -0.000287 -6.032240
v 5.867070 0.000095 -6.043980
v 5.858880 0.001196 -6.053880
v 5.869340 0.003245 -6.034170
v 5.854840 0.007399 -6.055790
v 5.844350 0.003794 -6.080330
v 6.331980 0.019102 -6.274350
v 6.324360 0.009107 -6.283830
v 6.314790 0.009030 -6.289510
v 6.302470 0.015390 -6.293920
v 6.294010 0.004854 -6.293260
v 6.341910 0.015174 -6.237860
v 6.280480 0.004166 -6.290920
v 6.289960 0.018940 -6.294930
v 6.291460 0.011302 -6.133140
v 6.221150 0.023693 -6.222460
v 6.229410 0.012613 -6.240720
v 6.261270 0.006659 -6.101000
v 6.207120 0.016285 -6.199950
v 6.255660 0.006268 -6.087780
v 6.172030 0.013458 -6.152010
v 6.206420 0.020084 -6.037740
v 6.190900 0.016030 -6.028020
v 6.174900 0.008108 -6.032510
v 6.145270 0.012474 -6.052130
v 6.035830 0.019693 -5.986450
v 6.024840 0.013389 -6.001510
v 6.041970 0.012907 -5.956760
v 6.014020 0.019721 -6.013050
v 5.951480 0.009569 -6.125560
v 5.969730 0.007828 -6.085840
v 5.935190 0.016702 -6.148290
v 5.972960 0.011625 -6.075740
v 5.918610 0.014964 -6.167000
v 6.035660 0.018627 -5.935710
v 5.909780 0.010587 -6.173650
v 5.980870 0.009383 -6.053390
v 5.890440 0.012957 -6.179460
v 6.030460 0.019154 -5.929530
v 5.878470 0.010238 -6.177690
v 5.866920 0.009075 -6.170180
v 5.856450 0.006726 -6.157210
v 5.979610 0.006233 -5.914250
v 5.848950 0.011958 -6.151910
v 5.947320 0.016530 -5.928050
v 5.903920 0.008662 -5.997970
v 5.883920 0.012532 -6.018520
v 5.864420 0.013104 -6.043510
v 6.343120 0.019010 -6.250950
v 6.335400 0.022419 -6.221030
v 6.330570 0.025101 -6.210560
v 6.323060 0.021935 -6.188090
v 6.266200 0.013631 -6.285280
v 6.319180 0.018558 -6.176440
v 6.248220 0.012948 -6.266470
v 6.287610 0.022044 -6.132840
v 6.193780 0.016690 -6.178790
v 6.182820 0.010148 -6.162800
v 6.241830 0.032204 -6.055400
v 6.153720 0.021562 -6.116570
v 6.172880 0.025991 -6.030630
v 6.041100 0.021732 -5.974700
v 6.005500 0.015157 -6.027020
v 5.955030 0.033537 -6.107100
v 5.987850 0.019526 -6.056640
v 5.911300 0.023324 -5.973700
v 5.839480 0.016649 -6.135100
v 5.889750 0.020368 -6.015010
v 5.838890 0.016845 -6.096270
v 5.875020 0.016952 -6.030010
v 5.847070 0.018342 -6.075130
v 6.324730 0.019545 -6.281590
v 6.281860 0.024094 -6.289310
v 6.268160 0.020461 -6.282040
v 6.313440 0.017533 -6.167510
v 6.306130 0.016254 -6.155340
v 6.251500 0.022156 -6.259510
v 6.236870 0.022875 -6.245350
v 6.280300 0.026799 -6.119130
v 6.268080 0.028190 -6.095090
v 6.257080 0.023045 -6.077670
v 6.183780 0.020920 -6.166590
v 6.158350 0.032580 -6.143570
v 6.192940 0.032543 -6.025900
v 6.154670 0.031300 -6.041970
v 5.998740 0.017945 -6.042010
v 5.970010 0.026404 -6.083040
v 5.984870 0.020008 -6.059860
v 5.909700 0.021273 -6.169540
v 5.870320 0.021580 -6.172840
v 5.856680 0.019632 -6.161140
v 5.847200 0.030405 -6.138450
v 5.963380 0.022791 -5.915720
v 5.934590 0.018572 -5.948150
v 5.838120 0.022738 -6.122890
v 5.903900 0.025825 -5.995220
v 5.855530 0.024523 -6.063760
v 6.307740 0.021610 -6.288630
v 6.289710 0.025724 -6.292010
v 6.212200 0.030858 -6.202590
v 6.153860 0.032178 -6.135200
v 6.140900 0.052540 -6.072200
v 6.145170 0.024791 -6.052850
v 6.040780 0.024103 -5.959370
v 5.981560 0.029871 -6.065240
v 5.945180 0.034027 -6.120500
v 5.920810 0.027670 -6.154540
v 5.893920 0.034190 -6.168550
v 5.991120 0.019543 -5.909440
v 5.973600 0.022343 -5.913030
v 5.945240 0.026276 -5.921720
v 5.899960 0.025188 -6.003390
v 5.842270 0.026857 -6.097560
v 6.335790 0.027433 -6.264160
v 6.327830 0.031327 -6.272750
v 6.301950 0.042495 -6.183320
v 6.269420 0.028877 -6.268280
v 6.291360 0.043449 -6.157150
v 6.230010 0.024591 -6.234720
v 6.225590 0.030134 -6.224670
v 6.214640 0.052635 -6.198680
v 6.226110 0.034637 -6.042600
v 6.187070 0.034995 -6.025170
v 6.026790 0.027682 -5.995450
v 6.021030 0.029310 -6.004720
v 6.011260 0.030446 -6.031070
v 5.992520 0.042990 -6.053980
v 6.004980 0.048377 -6.044230
v 5.985280 0.027993 -6.061730
v 5.930190 0.027977 -6.140910
v 5.901580 0.034330 -6.164160
v 5.997940 0.025229 -5.908850
v 6.014560 0.025752 -5.916660
v 5.864810 0.030450 -6.162960
v 5.981670 0.071974 -5.904170
v 5.921670 0.033936 -5.945940
v 5.906470 0.029208 -5.977740
v 5.861210 0.029110 -6.059840
v 5.850270 0.030497 -6.082570
v 6.302570 0.044790 -6.271240
v 6.335160 0.029976 -6.231150
v 6.330090 0.028665 -6.215580
v 6.241790 0.047881 -6.228930
v 6.265670 0.040618 -6.075300
v 6.164060 0.033116 -6.149880
v 6.145340 0.051870 -6.117450
v 6.036980 0.028132 -5.984310
v 6.032590 0.066938 -5.942720
v 6.017200 0.031853 -6.013160
v 5.921360 0.031415 -6.146030
v 6.021280 0.049645 -5.926860
v 5.874920 0.034254 -6.167440
v 5.963110 0.028824 -5.912330
v 5.846540 0.034703 -6.126510
v 5.912530 0.034650 -5.963670
v 5.901840 0.033995 -5.995150
v 5.869220 0.026855 -6.046170
v 6.332900 0.035857 -6.246830
v 6.272640 0.035109 -6.099080
v 6.261710 0.047278 -6.066990
v 6.191100 0.044058 -6.023020
v 6.023470 0.043819 -6.015270
v 5.984110 0.038843 -6.062100
v 5.971470 0.041772 -6.076690
v 5.922560 0.057144 -6.108460
v 5.913610 0.033399 -6.153020
v 5.947530 0.044252 -5.910870
v 5.899170 0.076124 -6.010870
v 5.876990 0.058428 -6.135460
v 5.933130 0.043360 -5.923820
v 5.897640 0.054550 -6.072840
v 6.287260 0.059729 -6.229510
v 6.279020 0.049872 -6.114660
v 6.272640 0.044093 -6.083000
v 6.237140 0.074874 -6.054470
v 6.156070 0.072791 -6.140790
v 6.165310 0.040730 -6.033980
v 6.152850 0.062810 -6.053000
v 6.015480 0.049510 -6.033840
v 5.962070 0.039804 -6.091860
v 5.946880 0.058035 -6.089030
v 5.942110 0.044344 -5.914800
v 6.166000 0.065181 -6.158900
v 6.034760 0.058728 -6.002730
v 5.998240 0.067228 -6.055030
v 5.902420 0.051344 -5.963810
v 5.920190 0.048318 -5.938570
v 6.276690 0.091761 -6.089040
v 6.173760 0.045465 -6.029420
v 6.023230 0.051389 -6.022230
v 5.932690 0.094865 -5.913710
v 5.896220 0.061104 -5.970120
v 6.145130 0.093010 -6.072880
v 6.005180 0.077054 -6.045860
v 5.898280 0.058360 -5.980350
v 5.905770 0.057994 -5.955090
v 6.237700 0.075743 -6.198290
v 6.203600 0.072021 -6.018670
v 6.175920 0.089987 -6.029360
v 5.893210 0.068611 -5.977330
v 5.897910 0.071872 -5.967300
v 6.277710 0.094942 -6.147440
v 6.022130 0.111719 -5.924410
v 5.907370 0.068884 -5.953970
v 5.905700 0.099580 -6.039001
v 6.210240 0.089288 -6.019680
v 6.199210 0.076250 -6.017700
v 6.129900 0.149139 -6.110440
v 6.023030 0.135572 -6.037350
v 5.955680 0.090972 -6.068660
v 5.903190 0.138320 -5.940130
v 5.880510 0.121909 -6.001090
v 5.962600 0.102056 -6.067880
v 6.233500 0.102560 -6.177090
v 5.951330 0.092899 -6.068440
v 6.279660 0.118697 -6.139620
v 6.209020 0.102480 -6.018530
v 6.233470 0.135730 -6.025760
v 6.037040 0.155242 -6.021430
v 5.965110 0.108681 -6.055040
v 5.948520 0.104699 -6.066100
v 5.955130 0.107636 -6.067190
v 6.206820 0.100734 -6.017790
v 6.255790 0.129650 -6.051170
v 6.205070 0.140840 -6.010890
v 6.163210 0.133197 -6.171680
v 5.943030 0.113890 -6.063620
v 5.944770 0.151461 -5.912040
v 6.272620 0.139719 -6.136260
v 6.149850 0.182192 -6.043680
v 5.944910 0.157076 -6.045300
v 6.219730 0.142030 -6.164580
v 6.269510 0.246670 -6.069930
v 6.147040 0.162377 -6.165150
v 6.275180 0.201748 -6.121780
v 5.983900 0.173949 -6.047750
v 5.899060 0.200556 -5.941700
v 6.183610 0.176297 -6.158320
v 6.249820 0.183124 -6.166830
v 5.954430 0.220191 -5.910060
v 6.012780 0.220504 -5.911840
v 6.040090 0.198153 -5.987440
v 5.898150 0.205111 -6.032030
v 6.176360 0.249812 -6.014450
v 6.128720 0.196332 -6.083120
v 5.935580 0.234280 -6.051670
v 6.134810 0.205356 -6.130140
v 6.158560 0.268619 -6.157720
v 6.216170 0.232516 -6.003980
v 5.898860 0.261127 -6.010240
v 6.121510 0.252130 -6.074680
v 5.982360 0.311235 -5.900870
v 6.035780 0.226329 -6.017260
v 6.213790 0.278929 -6.172930
v 5.926450 0.292667 -5.917370
v 6.210350 0.307147 -6.005430
v 6.032120 0.306731 -5.922410
v 6.270260 0.301551 -6.104260
v 6.238370 0.296643 -6.156970
v 6.136910 0.296353 -6.114510
v 5.917790 0.265144 -6.046160
v 5.903740 0.280273 -5.958500
v 6.262750 0.358332 -6.069390
v 5.959440 0.290695 -6.066050
v 6.131430 0.308403 -6.037250
v 5.933390 0.337850 -6.060330
v 6.147320 0.325464 -6.142260
v 6.124820 0.367269 -6.088230
v 6.044950 0.321425 -5.979700
v 6.016580 0.328421 -6.024380
v 5.904390 0.325889 -5.999330
v 5.955590 0.351902 -5.904130
v 5.980720 0.383755 -6.095100
v 6.030500 0.386912 -5.930300
v 6.224300 0.359816 -6.014390
v 6.183410 0.359059 -6.000820
v 6.271260 0.397759 -6.146210
v 6.122850 0.382990 -6.052650
v 5.918400 0.388750 -5.948910
v 6.205380 0.380336 -6.156290
v 6.251050 0.435213 -6.052400
v 6.152760 0.382797 -6.156620
v 6.249740 0.402987 -6.157510
v 6.037630 0.386869 -6.008060
v 6.013390 0.395477 -6.049480
v 6.120710 0.478850 -6.041050
v 5.916880 0.428392 -6.017040
v 5.930010 0.408129 -5.927390
v 6.022870 0.426355 -5.928000
v 6.186060 0.448173 -6.002390
v 6.262740 0.473698 -6.090890
v 6.140340 0.431649 -6.138530
v 6.253340 0.429038 -6.161700
v 6.037810 0.437145 -5.998100
v 5.982230 0.430812 -6.054300
v 5.902990 0.456531 -6.094910
v 6.212620 0.448591 -6.188490
v 6.212640 0.412431 -6.177920
v 6.119720 0.457018 -6.101160
v 5.919630 0.467914 -5.949980
v 5.975070 0.470316 -5.917450
v 6.180580 0.453546 -6.190560
v 5.904240 0.446935 -5.990560
v 6.202460 0.542419 -6.008490
v 6.154590 0.496016 -6.174650
v 5.904200 0.479479 -6.101080
v 6.262680 0.516164 -6.101140
v 6.169180 0.503883 -5.996840
v 5.893840 0.487608 -6.094950
v 5.992130 0.503499 -6.078440
v 6.090770 0.556048 -6.117130
v 6.048330 0.555122 -5.982490
v 5.891140 0.534661 -6.015740
v 6.231320 0.524946 -6.190490
v 6.225770 0.561373 -6.025850
v 6.115310 0.564215 -6.037230
v 6.053560 0.549649 -6.021540
v 6.027480 0.548778 -5.950940
v 5.915160 0.531897 -6.115560
v 6.106580 0.548645 -6.169550
v 6.014890 0.542497 -6.078740
v 5.884860 0.560179 -6.101470
v 5.971490 0.527771 -5.927500
v 6.089510 0.571464 -6.086580
v 6.260070 0.566060 -6.123200
v 6.202230 0.600569 -6.192820
v 6.168170 0.589682 -5.997770
v 5.905310 0.581744 -5.989190
v 6.251240 0.634675 -6.156660
v 5.931170 0.585620 -5.952600
v 6.054540 0.603316 -6.067830
v 5.880930 0.661412 -6.042050
v 6.093440 0.607539 -6.052001
v 6.246570 0.615076 -6.054610
v 6.094330 0.593703 -6.172800
v 5.932710 0.588697 -6.134850
v 5.997930 0.602139 -6.115450
v 6.077170 0.605788 -6.142670
v 6.041660 0.649044 -5.961200
v 5.982660 0.609567 -5.950450
v 6.036340 0.614742 -6.112390
v 6.233500 0.655950 -6.187220
v 5.935320 0.637218 -5.962980
v 6.069210 0.643773 -6.076990
v 6.115540 0.647892 -6.001940
v 5.905480 0.643323 -5.980430
v 6.248340 0.637278 -6.079100
v 6.150090 0.664964 -6.201520
v 6.143990 0.661670 -5.989260
v 5.875860 0.679917 -6.092680
v 6.196630 0.671758 -6.201070
v 6.060680 0.661797 -6.136370
v 5.943380 0.730344 -5.969580
v 6.241960 0.654376 -6.045740
v 6.045800 0.648410 -5.999130
v 6.064800 0.698731 -6.191750
v 6.190800 0.671624 -6.002750
v 6.074360 0.686431 -6.006380
v 6.249110 0.709383 -6.153230
v 6.020370 0.694485 -6.152790
v 5.982100 0.682479 -5.953690
v 5.900550 0.691239 -6.149440
v 6.093690 0.731816 -5.961270
v 5.946060 0.701284 -6.166020
v 6.229720 0.753350 -6.022990
v 5.881540 0.702336 -6.013270
v 6.043580 0.721284 -5.956690
v 6.188340 0.752821 -6.206570
v 6.259610 0.754178 -6.093400
v 6.174740 0.741270 -5.973880
v 6.225680 0.723457 -6.189480
v 5.989660 0.759198 -6.186540
v 6.127390 0.774360 -6.210010
v 5.972630 0.757710 -5.950820
v 5.871790 0.842846 -6.145550
v 6.077500 0.756507 -5.956560
v 5.888480 0.837448 -6.165350
v 5.961650 0.783360 -6.191140
v 6.100860 0.767065 -5.942740
v 5.872590 0.788374 -6.034040
v 6.171160 0.833005 -5.953540
v 5.917000 0.792527 -5.983160
v 6.241980 0.814580 -6.151730
v 6.257650 0.812698 -6.109020
v 6.250960 0.810733 -6.065340
v 6.058710 0.812833 -6.212020
v 6.149440 0.859379 -6.204670
v 6.202180 0.852183 -5.975490
v 5.969990 0.803228 -5.951210
v 6.011940 0.880254 -5.922150
v 6.002210 0.868038 -6.212930
v 5.970980 0.896070 -6.209820
v 6.237630 0.882003 -6.162890
v 6.226870 0.928966 -6.021840
v 5.861670 0.875840 -6.037850
v 5.907360 0.832290 -5.976410
v 6.209890 0.899016 -5.992480
v 6.056610 0.868423 -6.226420
v 6.201730 0.873528 -6.190020
v 6.122560 0.884690 -5.925730
v 5.937090 0.917914 -5.958520
v 6.157980 0.897602 -6.213990
v 5.843030 0.912498 -6.144590
v 5.851710 0.870776 -6.098730
v 6.027860 0.919685 -6.221060
v 5.875460 0.902888 -6.011130
v 5.830630 0.900667 -6.107190
v 6.237550 0.951024 -6.056390
v 5.817890 0.919174 -6.082620
v 6.223740 0.941766 -6.157770
v 6.031900 0.947187 -5.919610
v 6.186350 0.920355 -5.963250
v 6.145320 0.945778 -5.935750
v 5.812900 0.943551 -6.125850
v 5.888770 0.952677 -5.991940
v 6.246790 0.962225 -6.120710
v 6.180680 0.961722 -6.195330
v 6.138350 0.972288 -6.216730
v 5.855710 0.943640 -6.014020
v 6.037230 0.995883 -6.227140
v 5.851810 0.989616 -6.149210
v 5.942930 0.969414 -5.953680
v 6.165960 0.965995 -5.957780
v 6.216960 0.998894 -5.996080
v 5.945520 0.971237 -6.198510
v 5.793580 1.015530 -6.074310
v 6.067190 0.985832 -5.927750
v 5.817360 1.007120 -5.977900
v 5.994460 1.023720 -6.221100
v 5.926360 1.005170 -5.941110
v 6.235610 1.016100 -6.140580
v 6.191720 1.025160 -6.172300
v 6.116310 1.009460 -5.939640
v 6.109830 1.073150 -6.214970
v 6.175470 1.052710 -5.966230
v 6.069210 1.040690 -6.232590
v 5.881680 1.015850 -6.166880
v 5.978560 1.071880 -5.916480
v 6.228550 1.081910 -6.069320
v 5.780860 1.027830 -6.026340
v 5.865220 1.057650 -5.947050
v 5.848010 1.035610 -6.126430
v 6.232380 1.052810 -6.026530
v 5.951940 1.070780 -6.210710
v 6.010670 1.086260 -6.221540
v 5.898430 1.057020 -5.940640
v 5.776920 1.067030 -6.039760
v 5.813690 1.072870 -5.947820
v 5.868350 1.071900 -6.155720
v 5.774740 1.087930 -6.015850
v 6.059690 1.125070 -5.914310
v 5.888230 1.129510 -6.167100
v 6.229650 1.103550 -6.107510
v 5.795580 1.117240 -6.066150
v 6.196480 1.104450 -6.170500
v 6.088110 1.178380 -6.217300
v 6.246770 1.095880 -6.190920
v 6.292870 1.080720 -6.248680
v 6.300410 1.098170 -6.180850
v 6.229120 1.111760 -6.269280
v 5.955140 1.137300 -6.195950
v 5.891190 1.127630 -5.911620
v 6.333440 1.106180 -6.250670
v 6.231300 1.114160 -6.313160
v 6.188440 1.140560 -5.962620
v 6.209810 1.140140 -6.000290
v 5.787030 1.156730 -5.955590
v 6.269890 1.098030 -6.315980
v 6.274310 1.114700 -6.147080
v 6.334480 1.113030 -6.306150
v 6.309010 1.115460 -6.377980
v 6.156560 1.147640 -6.204700
v 5.839840 1.144760 -5.925730
v 6.302920 1.114240 -6.380940
v 6.268430 1.112470 -6.372650
v 6.291760 1.118600 -6.396650
v 6.328810 1.150920 -6.175670
v 6.182620 1.176650 -6.181880
v 6.242980 1.115000 -6.064220
v 6.007150 1.234720 -5.906870
v 6.327220 1.146640 -6.378270
v 6.309890 1.123680 -6.394300
v 6.297640 1.121460 -6.398560
v 6.278640 1.126720 -6.417070
v 5.918980 1.184430 -5.905790
v 6.232170 1.130590 -6.374770
v 6.283830 1.137240 -6.111750
v 6.217360 1.139250 -6.190390
v 6.324390 1.156630 -6.402650
v 6.295420 1.128140 -6.410570
v 6.222070 1.148060 -6.159450
v 6.235870 1.179130 -6.089360
v 5.784990 1.179370 -6.005140
v 6.272470 1.134900 -6.440860
v 6.276630 1.136210 -6.446340
v 6.267100 1.139130 -6.450190
v 6.235110 1.178390 -6.340030
v 5.823400 1.168640 -6.080370
v 5.902940 1.184080 -6.154460
v 6.317860 1.197000 -6.363360
v 6.265760 1.139730 -6.458780
v 6.269610 1.139950 -6.468880
v 6.263000 1.138940 -6.443360
v 6.256340 1.143310 -6.456200
v 6.250600 1.149000 -6.454590
v 6.321720 1.184910 -6.144820
v 6.242670 1.158800 -6.032390
v 6.277260 1.149410 -6.471060
v 6.295090 1.155130 -6.475800
v 6.293790 1.151700 -6.475400
v 6.269480 1.145000 -6.468950
v 6.268340 1.150210 -6.468760
v 6.253150 1.147410 -6.464760
v 6.343560 1.178610 -6.232650
v 6.245550 1.171420 -6.463270
v 6.134320 1.221780 -6.202000
v 6.078680 1.256120 -5.905110
v 6.255580 1.155100 -6.465550
v 6.236510 1.181070 -6.254530
v 5.825460 1.215220 -5.930680
v 6.298590 1.155980 -6.476730
v 6.291400 1.161260 -6.474970
v 6.266180 1.168470 -6.468570
v 6.334310 1.179640 -6.307650
v 6.234740 1.184890 -6.403370
v 6.264680 1.183900 -6.064140
v 6.300160 1.163860 -6.477290
v 6.282900 1.170310 -6.472940
v 6.237660 1.206560 -6.049480
v 6.310760 1.177580 -6.455940
v 6.256450 1.171020 -6.466090
v 6.179290 1.187480 -5.948650
v 6.265910 1.194650 -6.340220
v 6.331230 1.183270 -6.175580
v 6.204990 1.185670 -6.242520
v 6.202430 1.195190 -6.175720
v 6.308050 1.192800 -6.446960
v 6.298660 1.184750 -6.477330
v 6.286660 1.176270 -6.474040
v 6.249120 1.175020 -6.464270
v 6.241200 1.220430 -6.012350
v 5.948860 1.230940 -6.172320
v 6.277740 1.176770 -6.471740
v 6.264260 1.176350 -6.468230
v 6.249900 1.180540 -6.473510
v 6.246830 1.189260 -6.463960
v 6.244040 1.191890 -6.239610
v 6.032420 1.234310 -6.192430
v 5.893940 1.242690 -5.912280
v 6.305940 1.191910 -6.479360
v 6.304970 1.197150 -6.479220
v 6.246270 1.189770 -6.463830
v 6.252480 1.180740 -6.465260
v 6.241380 1.182110 -6.492190
v 6.237660 1.188890 -6.493560
v 5.816830 1.214030 -6.061390
v 5.802750 1.263210 -5.954710
v 6.274300 1.190560 -6.282070
v 6.246620 1.201670 -6.464160
v 6.101060 1.244490 -6.207040
v 6.292590 1.220190 -6.218680
v 6.246410 1.204110 -6.467220
v 6.245190 1.201320 -6.463780
v 6.304360 1.210610 -6.442450
v 6.247110 1.210830 -6.227340
v 6.182510 1.266040 -6.189700
v 5.865810 1.245580 -6.113390
v 6.294690 1.222090 -6.435510
v 6.249460 1.210400 -6.469740
v 6.257800 1.209060 -6.444960
v 6.311750 1.274710 -6.150960
v 6.304700 1.263080 -6.087640
v 6.253720 1.245960 -6.021340
v 6.295240 1.223950 -6.477230
v 6.276190 1.217070 -6.416130
v 6.254200 1.217450 -6.466440
v 5.942910 1.276250 -5.899570
v 6.269940 1.218850 -6.427420
v 6.258270 1.218370 -6.467520
v 6.257430 1.219940 -6.467330
v 6.277550 1.217430 -6.417230
v 6.299870 1.222300 -6.478400
v 6.285610 1.224200 -6.438920
v 6.275530 1.224960 -6.442010
v 6.260550 1.223370 -6.468210
v 6.250050 1.271330 -5.995900
v 6.277080 1.228330 -6.472600
v 6.271900 1.230170 -6.471300
v 6.265040 1.229220 -6.469500
v 6.080580 1.287410 -5.905450
v 6.178260 1.258170 -5.945650
v 6.291250 1.233150 -6.476380
v 6.273210 1.233760 -6.471710
v 6.250200 1.271030 -6.186170
v 5.807030 1.322690 -6.023700
v 6.009840 1.315730 -6.160630
v 6.287980 1.352630 -6.123150
v 6.148330 1.280530 -6.181260
v 6.288760 1.321090 -6.064520
v 5.914030 1.288990 -6.142750
v 5.833350 1.276460 -6.078650
v 6.126080 1.342180 -6.177090
v 5.877330 1.290160 -6.119410
v 5.866840 1.280500 -5.914190
v 6.222040 1.303080 -6.181640
v 6.141490 1.367260 -5.939560
v 6.244630 1.334800 -5.988830
v 5.836780 1.349890 -5.935590
v 5.836220 1.350890 -6.058210
v 5.976700 1.335650 -5.905470
v 5.915320 1.348720 -5.903800
v 6.226530 1.366700 -6.163480
v 6.211400 1.362330 -5.970730
v 6.049580 1.345590 -6.154490
v 6.087060 1.345890 -5.917360
v 5.827000 1.381370 -5.973130
v 6.167860 1.376680 -6.159560
v 6.002020 1.394690 -6.105990
v 5.962840 1.407960 -6.086990
v 6.268320 1.400530 -6.101980
v 6.237370 1.386370 -6.010530
v 5.893380 1.395490 -5.930230
v 6.054810 1.395190 -5.929210
v 6.158490 1.396880 -6.137440
v 6.096510 1.405180 -6.126930
v 5.945430 1.429310 -6.067190
v 6.015960 1.444910 -5.953680
v 6.140380 1.450170 -5.994610
v 6.221380 1.426870 -6.069650
v 5.938470 1.427590 -5.943240
v 6.155240 1.452260 -6.013920
v 5.855780 1.419260 -6.013690
v 5.904300 1.440730 -5.980800
v 6.213650 1.418080 -6.106580
v 6.043940 1.429470 -6.098720
v 6.173860 1.421520 -6.109680
v 6.077760 1.428960 -6.100230
v 6.191130 1.423360 -6.105140
v 6.204950 1.423900 -6.097910
v 6.154690 1.423650 -6.105840
v 6.115880 1.423540 -6.105610
v 6.098130 1.424740 -6.104600
v 6.162450 1.429290 -6.098620
v 6.083760 1.439660 -5.958330
v 6.021000 1.430280 -6.093830
v 6.113110 1.430310 -6.098380
v 6.101190 1.435380 -6.094960
v 6.063120 1.433680 -6.097070
v 6.024560 1.436570 -6.094230
v 6.000810 1.435880 -6.088330
v 6.168970 1.438950 -6.080600
v 6.136830 1.436340 -6.092100
v 6.048280 1.436860 -6.096680
v 5.983000 1.437630 -6.079780
v 5.981680 1.439960 -6.072950
v 6.148620 1.439060 -6.086250
v 6.108160 1.445800 -6.089880
v 6.088880 1.446250 -6.091580
v 5.975870 1.442240 -6.066190
v 6.069350 1.452520 -6.093670
v 6.036500 1.452150 -6.096980
v 6.018230 1.446160 -6.091140
v 5.993110 1.443330 -6.075840
v 5.982340 1.447960 -6.067730
v 6.157140 1.458120 -6.043210
v 6.130120 1.470300 -6.060880
v 6.118560 1.446440 -6.086180
v 6.119650 1.442380 -6.090110
v 6.026280 1.461650 -6.095110
v 6.005610 1.448260 -6.082780
v 5.997150 1.449820 -6.075490
v 5.970870 1.453270 -6.059640
v 5.946150 1.460460 -6.024010
v 6.099790 1.458300 -6.085920
v 6.009630 1.454260 -6.084930
v 5.960420 1.459770 -6.043150
v 6.112340 1.475700 -6.002480
v 5.953370 1.461800 -6.030890
v 6.088820 1.471590 -6.093070
v 6.046790 1.468070 -6.104980
v 5.993440 1.473440 -6.079090
v 5.981280 1.461910 -6.062920
v 5.968910 1.467110 -6.044230
v 5.977090 1.473410 -6.049780
v 6.111270 1.471150 -6.078640
v 6.107260 1.474200 -6.083070
v 6.067110 1.471630 -6.102750
v 6.036500 1.468550 -6.105210
v 6.028050 1.469240 -5.970190
v 6.007720 1.472740 -5.976840
v 6.001200 1.468430 -5.972890
v 5.955580 1.466830 -6.010420
v 5.969600 1.471980 -5.994300
v 5.955260 1.465670 -5.995760
v 6.130940 1.470990 -6.053130
v 6.129040 1.470920 -6.030680
v 6.083210 1.474290 -6.098680
v 6.065160 1.474840 -6.106980
v 6.003370 1.473560 -6.093710
v 5.975930 1.475910 -6.030910
v 5.973610 1.474540 -6.015100
v 5.969000 1.470510 -5.991310
v 6.120910 1.482990 -6.046580
v 6.124870 1.474880 -6.041110
v 6.112630 1.488260 -6.073950
v 6.118730 1.482190 -6.028790
v 6.089930 1.484520 -6.109060
v 6.116730 1.475230 -6.009470
v 6.040280 1.478910 -6.123230
v 6.059200 1.481960 -6.122330
v 6.031460 1.475360 -6.114340
v 6.010290 1.477330 -6.107360
v 6.041140 1.474650 -5.973190
v 5.987170 1.483830 -6.067710
v 5.980360 1.476520 -5.993700
v 5.977880 1.478670 -6.004440
v 6.119240 1.481630 -6.059910
v 6.098880 1.484640 -6.097460
v 6.112770 1.484310 -6.021990
v 6.068730 1.487570 -6.130560
v 6.107870 1.481390 -6.001880
v 6.021990 1.480610 -6.126280
v 5.996690 1.483650 -6.109380
v 6.031120 1.478990 -5.978010
v 5.985900 1.482520 -6.054190
v 5.993450 1.480770 -5.992840
v 5.982940 1.483290 -6.016700
v 6.115730 1.484480 -6.059260
v 6.055530 1.486390 -6.134640
v 6.044570 1.485530 -6.133530
v 6.035250 1.485990 -6.145190
v 6.002520 1.484270 -6.118410
v 6.008480 1.486630 -6.137340
v 6.052910 1.484850 -5.984350
v 6.069840 1.483390 -5.982130
v 5.990990 1.482150 -6.082740
v 6.041280 1.486520 -5.986510
v 5.989440 1.489150 -6.071990
v 6.019550 1.483270 -5.987690
v 5.983470 1.483110 -6.026650
v 5.991880 1.482480 -6.004680
v 5.999100 1.488140 -6.006750
v 6.107860 1.489970 -6.032320
v 6.110750 1.490350 -6.059370
v 6.072320 1.492290 -6.132900
v 6.057910 1.492510 -6.144110
v 6.045560 1.487570 -6.145580
v 6.096330 1.496690 -6.014740
v 6.100660 1.488950 -6.012570
v 6.096670 1.486660 -6.002010
v 6.006180 1.490270 -6.143680
v 6.018880 1.497390 -6.153870
v 6.036390 1.488860 -6.148780
v 6.092730 1.492870 -6.005490
v 6.086830 1.484050 -5.988930
v 6.078840 1.487880 -5.992260
v 6.000900 1.488860 -6.129930
v 6.067990 1.487700 -5.989310
v 5.996040 1.499500 -6.117700
v 6.062060 1.493210 -5.990130
v 5.994290 1.492350 -6.095910
v 5.990070 1.490780 -6.063320
v 5.990840 1.488220 -6.043300
v 6.013720 1.490020 -5.998700
v 5.997750 1.497340 -6.019430
v 6.111850 1.499840 -6.079400
v 6.099540 1.498390 -6.103200
v 6.043770 1.496500 -6.151320
v 6.074480 1.490930 -5.992860
v 6.003290 1.495770 -6.145020
v 6.048400 1.514710 -5.990530
v 5.990610 1.496790 -6.083570
v 6.033800 1.496970 -5.994160
v 6.018140 1.504930 -6.005820
v 6.004220 1.494680 -6.009330
v 5.993600 1.496660 -6.041280
v 6.105070 1.504110 -6.097140
v 6.088260 1.502000 -6.125320
v 6.074530 1.505470 -6.139140
v 6.015080 1.501030 -6.153550
v 6.056400 1.512790 -5.989960
v 5.985740 1.510620 -6.093320
v 5.988010 1.506820 -6.073910
v 6.104320 1.513670 -6.108800
v 6.052400 1.519640 -6.149600
v 6.107720 1.503420 -6.045390
v 6.092960 1.507530 -6.010330
v 5.994340 1.512280 -6.132790
v 6.084480 1.519370 -5.999330
v 5.993270 1.506400 -6.121250
v 5.993140 1.505700 -6.031420
v 6.114390 1.513860 -6.086020
v 6.110620 1.511010 -6.060490
v 6.102780 1.515110 -6.031670
v 6.032990 1.513070 -6.150570
v 5.983810 1.513370 -6.085680
v 6.003020 1.522110 -6.018450
v 6.089670 1.515870 -6.133940
v 6.098280 1.520000 -6.128310
v 6.002990 1.522340 -6.144290
v 5.996570 1.520250 -6.137130
v 5.979610 1.529050 -6.055990
v 5.984880 1.526560 -6.039900
v 6.118870 1.531360 -6.104380
v 6.111550 1.527890 -6.044140
v 6.048820 1.524530 -6.150560
v 5.975980 1.533610 -6.095300
v 6.036510 1.515820 -5.997150
v 6.033730 1.523870 -6.152270
v 6.015070 1.525660 -6.151910
v 6.063930 1.528560 -5.988540
v 5.990270 1.524910 -6.124910
v 6.121720 1.540780 -6.094190
v 6.108240 1.524020 -6.116160
v 6.120890 1.548480 -6.070700
v 6.097520 1.524410 -6.018530
v 5.977200 1.539690 -6.106340
v 6.038970 1.529020 -5.994530
v 6.008080 1.533620 -6.013940
v 5.976890 1.535510 -6.060240
v 6.087320 1.544210 -6.145660
v 6.076480 1.534370 -6.143990
v 6.056270 1.537030 -6.147520
v 6.039700 1.533500 -6.150290
v 6.025560 1.531580 -6.150440
v 6.100480 1.534590 -6.012310
v 6.112860 1.543980 -6.030120
v 6.001340 1.536120 -6.139810
v 6.087900 1.536660 -5.990990
v 6.073340 1.534570 -5.986160
v 5.979900 1.548900 -6.117460
v 6.042940 1.538010 -5.989110
v 5.981450 1.535520 -6.041440
v 6.107000 1.538380 -6.128360
v 6.124570 1.549610 -6.104480
v 6.100140 1.549360 -6.000190
v 5.985900 1.556790 -6.129850
v 6.060110 1.538870 -5.982100
v 6.098810 1.555660 -6.145480
v 6.109960 1.547260 -6.022600
v 6.054570 1.551620 -5.977340
v 6.004800 1.549640 -6.009450
v 5.973280 1.549580 -6.078770
v 5.989910 1.550060 -6.025560
v 5.981370 1.558520 -6.035090
v 6.123560 1.544390 -6.096770
v 6.059770 1.550610 -6.153860
v 6.120100 1.550800 -6.052210
v 6.038440 1.553670 -6.158200
v 6.018400 1.549280 -6.155340
v 6.095280 1.552790 -5.986480
v 6.077760 1.553230 -5.977480
v 5.975200 1.548580 -6.105010
v 6.118720 1.567770 -6.121170
v 6.126540 1.552940 -6.081080
v 6.072820 1.556540 -6.153860
v 6.129980 1.559350 -6.044220
v 6.026710 1.551100 -6.156520
v 5.997100 1.551850 -6.141020
v 5.972480 1.562580 -6.088580
v 5.977780 1.560440 -6.043350
v 6.140070 1.560830 -6.084550
v 6.088180 1.558780 -6.151850
v 6.132670 1.557140 -6.054740
v 6.112630 1.556940 -6.012630
v 6.108340 1.562530 -5.997730
v 6.030560 1.560290 -5.988870
v 6.008700 1.566240 -5.999570
v 6.044890 1.564350 -6.157300
v 6.048980 1.564230 -6.156490
v 6.014370 1.564700 -6.150610
v 5.993590 1.567250 -6.137730
v 6.066230 1.562430 -5.970960
v 6.049380 1.564370 -5.974610
v 5.975040 1.563090 -6.069800
v 6.144950 1.565660 -6.075740
v 6.099620 1.564720 -6.146070
v 6.143490 1.571420 -6.055210
v 6.072780 1.567790 -6.154860
v 6.053280 1.565740 -6.156420
v 6.121170 1.574620 -6.009530
v 6.112930 1.576830 -5.992000
v 6.096090 1.568900 -5.976020
v 5.982230 1.570990 -6.125310
v 5.977760 1.574790 -6.117730
v 5.988290 1.570630 -6.014260
v 5.983350 1.563920 -6.027580
v 5.973170 1.577660 -6.045280
v 6.135220 1.579890 -6.097910
v 6.142330 1.576660 -6.088230
v 6.128590 1.580920 -6.109320
v 6.090400 1.574720 -6.150180
v 6.054900 1.569440 -6.156540
v 6.130840 1.574460 -6.029110
v 6.059660 1.575720 -5.966970
v 5.978090 1.587680 -6.112300
v 6.039050 1.574700 -5.973700
v 6.025090 1.573870 -5.982820
v 6.104520 1.572150 -5.980370
v 6.081420 1.586170 -5.965440
v 5.989870 1.574670 -6.006530
v 5.978470 1.574970 -6.017600
v 6.103800 1.581630 -6.141240
v 6.146400 1.582080 -6.054010
v 6.136520 1.576510 -6.036980
v 6.066840 1.584500 -6.153660
v 6.051460 1.574440 -6.156350
v 6.094000 1.583760 -5.970510
v 6.012270 1.566620 -6.149240
v 6.009680 1.568970 -6.147550
v 5.997780 1.579770 -6.139780
v 5.971760 1.585510 -6.073820
v 5.970600 1.577750 -6.062010
v 6.012310 1.584440 -5.988220
v 5.988160 1.583040 -6.004550
v 5.974910 1.581140 -6.020760
v 6.142620 1.593500 -6.089940
v 6.116190 1.588810 -6.129360
v 6.129680 1.597200 -6.004800
v 6.052020 1.593210 -6.154120
v 6.047090 1.577940 -6.156380
v 6.045360 1.589560 -6.154670
v 5.986480 1.591100 -6.124600
v 6.042070 1.588050 -5.969060
v 6.030430 1.585140 -5.976400
v 5.979850 1.584610 -6.009720
v 6.149280 1.588590 -6.074410
v 6.131110 1.611220 -6.112070
v 6.103130 1.597090 -6.140010
v 6.144770 1.594030 -6.041270
v 6.089090 1.593040 -6.144260
v 6.138230 1.594150 -6.023060
v 6.046030 1.595130 -6.153840
v 6.001650 1.594510 -6.138170
v 6.061170 1.604740 -5.962670
v 5.976010 1.597740 -6.081610
v 5.970360 1.590790 -6.052150
v 5.976240 1.590800 -6.013380
v 6.121110 1.595010 -5.990350
v 5.974040 1.604480 -6.063620
v 5.994070 1.606300 -5.997200
v 5.974350 1.590600 -6.023210
v 6.146110 1.613580 -6.061110
v 6.072610 1.594710 -6.151830
v 6.115620 1.601630 -5.977390
v 6.106680 1.600450 -5.971970
v 6.087880 1.605500 -5.964500
v 5.985610 1.601070 -6.121070
v 6.007030 1.614270 -5.989270
v 6.058050 1.597760 -6.153780
v 6.066530 1.595360 -6.153460
v 6.139340 1.616680 -6.017820
v 6.115520 1.612130 -5.975810
v 6.075220 1.603770 -5.963090
v 5.984340 1.619170 -6.112830
v 6.017680 1.602050 -5.982080
v 6.148210 1.627170 -6.083880
v 6.105750 1.607420 -6.142960
v 6.050000 1.599270 -6.154690
v 6.046440 1.601720 -6.154680
v 6.127500 1.620660 -5.990770
v 5.981200 1.622420 -6.091700
v 5.976220 1.613520 -6.037600
v 5.979760 1.608430 -6.007720
v 6.137450 1.618150 -6.102560
v 6.122890 1.643400 -6.129620
v 6.075380 1.599600 -6.150960
v 6.084850 1.607870 -6.152290
v 6.090010 1.604990 -6.149580
v 6.046860 1.608660 -6.155570
v 6.060290 1.612630 -6.156340
v 6.066280 1.603970 -6.153310
v 5.995740 1.612170 -6.134470
v 6.023450 1.607100 -6.150290
v 5.988140 1.610390 -6.126700
v 5.986320 1.614590 -6.120070
v 6.047440 1.614740 -5.963590
v 5.976150 1.625050 -6.056770
v 6.149010 1.622310 -6.073310
v 6.094110 1.602790 -6.146400
v 6.099270 1.612780 -6.148600
v 6.142110 1.627310 -6.022530
v 6.073170 1.610370 -6.154520
v 6.134460 1.624980 -6.003900
v 6.041950 1.602560 -6.154400
v 6.040820 1.596710 -6.154560
v 6.038030 1.596840 -6.156180
v 6.038520 1.602830 -6.155550
v 5.987170 1.615440 -6.125370
v 5.986210 1.620440 -6.124050
v 6.068310 1.627700 -5.960100
v 6.030780 1.629890 -5.974260
v 5.978670 1.614060 -6.015620
v 5.991690 1.616250 -5.998720
v 6.068670 1.611160 -6.155260
v 6.043480 1.612280 -6.155990
v 6.042530 1.606450 -6.154930
v 6.002470 1.616520 -6.140630
v 6.011110 1.622090 -6.148520
v 6.018040 1.613680 -6.149510
v 6.104410 1.622050 -5.969740
v 5.979840 1.641370 -6.040330
v 6.110970 1.639000 -6.138580
v 6.064560 1.611940 -6.154700
v 6.049460 1.616240 -6.157920
v 6.028990 1.621270 -6.155780
v 6.026130 1.613960 -6.152950
v 6.030770 1.625820 -6.157550
v 5.994770 1.616620 -6.135640
v 5.992840 1.625430 -6.137960
v 5.990100 1.616680 -6.131410
v 5.998320 1.655020 -5.995150
v 5.982490 1.621570 -6.010360
v 6.127940 1.645390 -6.123140
v 6.092550 1.625120 -6.152700
v 6.145530 1.639250 -6.037930
v 6.090630 1.612900 -6.153110
v 6.071360 1.619240 -6.157460
v 6.127840 1.649920 -5.990040
v 6.121510 1.629580 -5.979880
v 6.047900 1.638590 -5.963870
v 6.025300 1.653530 -5.977090
v 5.982230 1.639080 -6.023650
v 5.988630 1.643910 -6.006500
v 6.139310 1.639210 -6.102210
v 6.149290 1.638970 -6.063980
v 6.150350 1.646750 -6.083640
v 6.083560 1.650500 -6.146570
v 6.075660 1.627370 -6.157070
v 6.060420 1.631170 -6.158040
v 6.044120 1.637620 -6.157000
v 6.052230 1.624300 -6.160430
v 5.999140 1.631330 -6.141540
v 6.017130 1.641240 -6.146610
v 6.083840 1.636310 -5.961940
v 5.995290 1.642290 -6.130630
v 6.066230 1.646220 -5.960740
v 5.983790 1.635880 -6.104940
v 5.978820 1.655450 -6.073800
v 6.147930 1.650170 -6.064220
v 6.136860 1.650560 -6.008140
v 5.988620 1.639260 -6.120250
v 6.140640 1.650150 -6.017360
v 6.012860 1.667910 -6.135380
v 6.138330 1.654030 -6.107270
v 6.144410 1.651720 -6.040460
v 6.034660 1.664180 -6.148660
v 6.119820 1.649670 -5.980340
v 6.098210 1.665320 -5.973010
v 6.055830 1.658650 -5.966130
v 5.987750 1.668440 -6.027560
v 6.149010 1.657490 -6.086650
v 6.123200 1.665710 -6.126500
v 6.105100 1.664230 -6.133830
v 6.137590 1.665350 -6.020530
v 6.071270 1.658570 -6.148500
v 6.127440 1.659900 -5.995110
v 5.990630 1.655820 -6.115850
v 5.992810 1.667320 -6.008370
v 6.133140 1.662300 -6.116170
v 6.052670 1.663440 -6.148490
v 6.006330 1.668420 -6.128900
v 6.082280 1.667460 -5.967260
v 6.041090 1.670800 -5.975060
v 6.025690 1.664340 -6.144690
v 6.114410 1.663850 -5.979430
v 5.979770 1.664480 -6.084340
v 6.019790 1.666690 -5.984480
v 6.144620 1.664490 -6.092380
v 6.143160 1.668710 -6.068170
v 6.079330 1.671580 -6.139580
v 6.126660 1.671170 -6.002400
v 6.115700 1.677010 -5.988510
v 5.995850 1.679750 -6.111730
v 5.980710 1.669150 -6.078870
v 5.987020 1.673210 -6.039400
v 6.122410 1.676120 -6.124910
v 6.137030 1.684450 -6.091780
v 6.145400 1.669810 -6.084500
v 6.108370 1.671960 -6.133000
v 6.137290 1.673560 -6.041420
v 6.055430 1.673320 -6.140730
v 6.126330 1.676150 -6.008850
v 6.036450 1.680480 -6.138950
v 6.112500 1.676620 -5.984230
v 5.985310 1.681450 -6.096230
v 6.016630 1.672790 -5.990170
v 6.129230 1.680640 -6.021490
v 6.027420 1.674440 -6.140610
v 6.102050 1.674000 -5.977440
v 6.073550 1.677820 -5.974310
v 6.008350 1.677450 -6.124280
v 5.983430 1.679110 -6.086130
v 5.987870 1.683340 -6.063590
v 6.005730 1.673320 -5.997980
v 6.136850 1.684030 -6.082100
v 6.128380 1.690090 -6.051690
v 6.086600 1.683770 -6.136660
v 6.056110 1.684160 -6.139800
v 6.058590 1.682150 -5.980780
v 6.043520 1.686720 -5.987110
v 5.994120 1.681860 -6.021330
v 6.107560 1.694420 -6.136210
v 6.107230 1.693590 -5.996560
v 6.015330 1.687520 -6.126990
v 6.092730 1.687110 -5.987090
v 5.999160 1.685810 -6.017980
v 6.133200 1.692840 -6.092960
v 6.118240 1.691250 -6.123410
v 6.117910 1.690640 -6.011280
v 6.044500 1.690600 -6.144490
v 5.991360 1.698330 -6.098230
v 6.039280 1.694460 -5.998740
v 5.989550 1.694580 -6.068840
v 6.012430 1.692110 -6.012630
v 6.089160 1.691280 -6.140280
v 6.129780 1.692310 -6.066060
v 6.065780 1.697060 -6.147860
v 6.118340 1.700940 -6.038950
v 6.065880 1.695200 -5.990820
v 5.993060 1.698040 -6.106200
v 6.007730 1.700060 -6.028340
v 5.994920 1.700440 -6.057190
v 6.122930 1.696790 -6.110580
v 6.097280 1.697780 -6.143570
v 6.106970 1.700660 -6.134230
v 6.047030 1.695370 -6.148670
v 6.020670 1.695620 -6.141320
v 6.097050 1.700260 -5.997790
v 6.006110 1.700070 -6.133580
v 5.998570 1.697980 -6.120450
v 6.126990 1.699630 -6.095680
v 6.114450 1.704170 -6.117220
v 6.078670 1.703790 -6.149310
v 6.059250 1.707480 -6.151190
v 6.050930 1.708050 -6.151810
v 6.037520 1.702120 -6.151240
v 6.111240 1.696620 -6.009160
v 6.106060 1.704780 -6.021550
v 6.020480 1.709690 -6.143610
v 6.080650 1.704600 -6.001240
v 6.004180 1.703840 -6.132400
v 6.056470 1.705050 -6.001260
v 6.021320 1.701760 -6.017220
v 6.004900 1.704470 -6.060040
v 6.114020 1.707370 -6.102930
v 6.116750 1.709510 -6.070710
v 6.114230 1.706500 -6.046170
v 6.094110 1.710420 -6.019650
v 6.009180 1.709720 -6.089190
v 5.996420 1.702520 -6.073320
v 5.999420 1.704030 -6.093260
v 6.015810 1.709460 -6.035800
v 6.110150 1.709430 -6.110270
v 6.098470 1.710980 -6.129300
v 6.079040 1.712110 -6.145180
v 6.027740 1.711900 -6.143730
v 6.043160 1.712230 -6.147320
v 6.077660 1.715260 -6.017410
v 6.016080 1.710800 -6.133940
v 6.009430 1.709680 -6.115800
v 6.029950 1.709950 -6.022870
v 6.015480 1.713080 -6.080250
v 6.009350 1.708600 -6.059510
v 6.105160 1.714690 -6.084970
v 6.084930 1.712430 -6.123780
v 6.075570 1.712670 -6.130630
v 6.062530 1.712480 -6.138320
v 6.095420 1.716130 -6.060400
v 6.108600 1.711390 -6.050990
v 6.042780 1.711950 -6.142090
v 6.051350 1.716170 -6.132250
v 6.091850 1.713150 -6.042770
v 6.084550 1.717770 -6.055440
v 6.033120 1.717870 -6.120420
v 6.072120 1.720560 -6.028440
v 6.029800 1.717840 -6.112320
v 6.022060 1.713360 -6.097860
v 6.032470 1.717920 -6.079630
v 6.059090 1.715210 -6.016230
v 6.022870 1.715180 -6.063320
v 6.048850 1.719230 -6.030780
v 6.027760 1.715700 -6.044070
v 6.086970 1.718660 -6.090090
v 6.079530 1.716570 -6.106650
v 6.093310 1.717210 -6.082310
v 6.063880 1.716780 -6.119720
v 6.070520 1.721120 -6.101780
v 6.047180 1.721560 -6.118130
v 6.060780 1.721170 -6.029170
v 6.040510 1.720480 -6.063140
v 6.081780 1.722410 -6.087730
v 6.067240 1.725200 -6.094390
v 6.058240 1.721260 -6.097780
v 6.041070 1.721080 -6.097800
v 6.066070 1.726100 -6.072830
v 6.046490 1.721890 -6.086820
v 6.052230 1.724960 -6.072540
v 6.055570 1.720970 -6.060030
v 6.069900 1.726250 -6.087020
v 6.021640 1.562320 -6.154670
v 6.023800 1.560720 -6.156170
v 6.025120 1.597610 -6.152100
v 6.022790 1.595480 -6.150050
v 6.026480 1.604010 -6.151550
v 6.035370 1.620920 -6.156980
v 6.038990 1.617050 -6.156540
v 6.055260 1.619910 -6.158890
v 6.062910 1.619620 -6.156030
v 6.046970 1.566170 -6.160670
v 6.047900 1.569620 -6.162230
v 6.040760 1.587450 -6.157660
v 6.014930 1.577450 -6.153800
v 6.019020 1.578450 -6.157450
v 6.017370 1.572040 -6.158720
v 6.012210 1.572300 -6.155060
v 6.018090 1.565910 -6.152960
v 6.014110 1.566870 -6.150420
v 6.017760 1.581960 -6.151130
v 6.040760 1.574770 -6.161620
v 6.034800 1.575440 -6.167890
v 6.036330 1.587670 -6.160420
v 6.039670 1.569360 -6.162930
v 6.033770 1.569860 -6.168220
v 6.046380 1.574590 -6.159810
v 6.009800 1.572480 -6.147480
v 6.014030 1.577060 -6.149910
v 6.020300 1.588770 -6.150580
v 6.022770 1.588570 -6.154410
v 6.022030 1.570930 -6.165560
v 6.022900 1.577500 -6.164400
v 6.027700 1.576520 -6.169150
v 6.026960 1.570590 -6.169760
v 6.026890 1.588260 -6.158310
v 6.031170 1.587970 -6.160810
v 6.028390 1.597440 -6.154410
v 6.028660 1.603740 -6.154390
v 6.034190 1.603230 -6.155290
v 6.033180 1.597120 -6.156790
v 6.039450 1.566750 -6.162500
v 6.033370 1.565650 -6.168050
v 6.026990 1.565950 -6.168800
v 6.021940 1.568560 -6.165050
v 6.017060 1.569310 -6.157860
v 6.040520 1.564480 -6.157710
v 6.034520 1.561640 -6.162750
v 6.028130 1.562380 -6.164130
v 6.023010 1.563140 -6.160670
v 6.011970 1.569560 -6.153560
v 6.035050 1.559680 -6.157750
v 6.029640 1.560180 -6.156990
f 8041 8042 8043
f 8042 8044 8043
f 8045 8043 8044
f 8045 8046 8047
f 8048 8047 8046
f 8044 8049 8045
f 8045 8049 8050
f 8045 8050 8046
f 8046 8050 8051
f 8049 8052 8050
f 8045 8053 8054
f 8041 8043 8054
f 8045 8047 8053
f 8055 8053 8047
f 8054 8043 8045
f 8055 8047 8048
f 8046 8051 8048
f 8051 8050 8052
f 8051 8056 8048
f 8056 8051 8057
f 8058 8053 8059
f 8055 8060 8061
f 8062 8054 8058
f 8060 8055 8063
f 8054 8062 8041
f 8058 8054 8053
f 8055 8061 8053
f 8055 8064 8063
f 8048 8056 8064
f 8057 8065 8056
f 8065 8057 8066
f 8067 8068 8059
f 8067 8059 8061
f 8069 8058 8070
f 8070 8058 8059
f 8059 8053 8061
f 8060 8067 8061
f 8060 8063 8071
f 8072 8063 8064
f 8055 8048 8064
f 8064 8056 8073
f 8056 8074 8073
f 8074 8056 8065
f 8070 8059 8068
f 8067 8060 8075
f 8058 8076 8062
f 8076 8058 8069
f 8071 8075 8060
f 8077 8076 8078
f 8063 8072 8071
f 8073 8072 8064
f 8072 8073 8079
f 8065 8066 8080
f 8081 8080 8066
f 8069 8082 8083
f 8082 8069 8070
f 8068 8067 8075
f 8076 8069 8083
f 8083 8078 8076
f 8084 8075 8071
f 8072 8085 8086
f 8072 8079 8085
f 8074 8065 8087
f 8065 8080 8087
f 8088 8080 8081
f 8089 8090 8068
f 8090 8070 8068
f 8089 8068 8075
f 8084 8071 8091
f 8091 8071 8086
f 8072 8086 8071
f 8084 8092 8075
f 8093 8084 8091
f 8093 8091 8094
f 8091 8086 8094
f 8086 8085 8095
f 8096 8085 8079
f 8080 8097 8098
f 8088 8097 8080
f 8070 8090 8099
f 8089 8075 8092
f 8100 8082 8101
f 8092 8084 8093
f 8100 8083 8082
f 8102 8093 8094
f 8086 8103 8094
f 8086 8095 8103
f 8096 8095 8085
f 8073 8074 8104
f 8074 8087 8105
f 8106 8098 8097
f 8087 8098 8105
f 8080 8098 8087
f 8101 8082 8099
f 8107 8093 8102
f 8099 8082 8070
f 8107 8092 8093
f 8108 8078 8083
f 8109 8077 8078
f 8095 8110 8103
f 8095 8096 8110
f 8079 8111 8096
f 8073 8104 8079
f 8104 8074 8105
f 8097 8112 8106
f 8098 8106 8105
f 8113 8090 8089
f 8113 8089 8107
f 8113 8107 8114
f 8090 8115 8099
f 8089 8092 8107
f 8116 8114 8107
f 8099 8117 8101
f 8116 8107 8102
f 8108 8083 8100
f 8094 8118 8102
f 8094 8103 8118
f 8119 8109 8078
f 8103 8110 8120
f 8096 8111 8110
f 8104 8111 8079
f 8106 8121 8105
f 8097 8122 8112
f 8123 8124 8122
f 8123 8122 8097
f 8113 8125 8126
f 8113 8126 8115
f 8125 8113 8114
f 8099 8127 8117
f 8115 8090 8113
f 8114 8116 8128
f 8100 8101 8117
f 8116 8102 8129
f 8118 8129 8102
f 8129 8118 8130
f 8109 8119 8131
f 8131 8132 8109
f 8110 8111 8133
f 8120 8110 8134
f 8121 8106 8112
f 8124 8135 8122
f 8127 8099 8115
f 8100 8117 8136
f 8137 8116 8129
f 8137 8129 8130
f 8118 8138 8130
f 8118 8103 8138
f 8119 8078 8108
f 8139 8119 8108
f 8140 8138 8120
f 8138 8103 8120
f 8133 8134 8110
f 8141 8142 8131
f 8143 8141 8144
f 8143 8142 8141
f 8121 8145 8105
f 8146 8112 8122
f 8121 8112 8146
f 8105 8145 8104
f 8147 8122 8135
f 8126 8125 8148
f 8125 8114 8149
f 8150 8115 8148
f 8148 8115 8126
f 8114 8128 8151
f 8127 8152 8117
f 8153 8128 8116
f 8152 8136 8117
f 8137 8153 8116
f 8153 8137 8154
f 8137 8130 8154
f 8130 8138 8155
f 8156 8131 8119
f 8121 8157 8158
f 8159 8134 8133
f 8104 8160 8111
f 8160 8133 8111
f 8146 8122 8147
f 8146 8157 8121
f 8145 8160 8104
f 8121 8158 8145
f 8125 8161 8148
f 8148 8161 8162
f 8163 8115 8150
f 8151 8149 8114
f 8163 8127 8115
f 8128 8164 8151
f 8128 8153 8164
f 8153 8165 8164
f 8153 8166 8165
f 8167 8136 8152
f 8154 8166 8153
f 8168 8108 8100
f 8155 8154 8130
f 8169 8170 8171
f 8171 8172 8169
f 8169 8172 8173
f 8174 8175 8176
f 8174 8176 8159
f 8157 8173 8172
f 8157 8172 8158
f 8172 8171 8177
f 8174 8177 8175
f 8131 8156 8141
f 8158 8172 8177
f 8178 8120 8134
f 8160 8177 8174
f 8133 8160 8174
f 8133 8174 8159
f 8157 8179 8173
f 8146 8179 8157
f 8145 8177 8160
f 8158 8177 8145
f 8149 8180 8125
f 8150 8181 8163
f 8148 8181 8150
f 8148 8162 8181
f 8149 8151 8182
f 8151 8183 8182
f 8184 8181 8162
f 8183 8151 8185
f 8163 8181 8184
f 8185 8151 8164
f 8152 8163 8184
f 8164 8165 8185
f 8152 8127 8163
f 8186 8100 8136
f 8168 8100 8186
f 8187 8188 8189
f 8190 8191 8192
f 8193 8187 8189
f 8193 8169 8187
f 8189 8191 8190
f 8194 8189 8190
f 8194 8193 8189
f 8176 8190 8195
f 8170 8169 8193
f 8170 8193 8194
f 8194 8190 8176
f 8169 8173 8196
f 8119 8139 8156
f 8175 8194 8176
f 8175 8170 8194
f 8195 8178 8159
f 8159 8176 8195
f 8175 8171 8170
f 8177 8171 8175
f 8140 8120 8178
f 8197 8144 8141
f 8134 8159 8178
f 8144 8147 8135
f 8179 8146 8147
f 8198 8161 8125
f 8180 8198 8125
f 8199 8161 8198
f 8200 8199 8198
f 8161 8184 8162
f 8199 8184 8161
f 8201 8199 8200
f 8202 8152 8184
f 8203 8184 8199
f 8203 8199 8201
f 8204 8165 8166
f 8167 8152 8202
f 8202 8184 8203
f 8205 8206 8207
f 8208 8167 8202
f 8209 8206 8205
f 8210 8205 8204
f 8209 8205 8210
f 8136 8167 8186
f 8211 8210 8204
f 8211 8204 8212
f 8212 8204 8213
f 8213 8204 8166
f 8213 8166 8154
f 8214 8186 8167
f 8188 8202 8203
f 8187 8202 8188
f 8215 8209 8210
f 8187 8208 8202
f 8191 8188 8203
f 8191 8203 8192
f 8154 8155 8213
f 8188 8191 8189
f 8190 8192 8216
f 8190 8216 8195
f 8108 8168 8139
f 8217 8155 8138
f 8140 8178 8195
f 8139 8218 8156
f 8197 8156 8218
f 8156 8197 8141
f 8173 8179 8219
f 8220 8144 8197
f 8220 8147 8144
f 8179 8147 8220
f 8180 8149 8221
f 8200 8198 8180
f 8200 8180 8222
f 8222 8180 8221
f 8223 8183 8185
f 8201 8200 8224
f 8224 8200 8222
f 8222 8221 8207
f 8165 8223 8185
f 8204 8223 8165
f 8206 8224 8222
f 8206 8222 8207
f 8205 8223 8204
f 8207 8223 8205
f 8203 8201 8224
f 8203 8224 8192
f 8209 8224 8206
f 8192 8224 8209
f 8208 8214 8167
f 8225 8226 8227
f 8227 8228 8225
f 8208 8229 8214
f 8192 8209 8216
f 8230 8231 8232
f 8230 8232 8226
f 8232 8227 8226
f 8232 8233 8227
f 8228 8215 8211
f 8228 8227 8215
f 8232 8234 8233
f 8231 8234 8232
f 8233 8235 8227
f 8234 8235 8233
f 8235 8215 8227
f 8210 8211 8215
f 8168 8186 8214
f 8236 8168 8214
f 8237 8214 8229
f 8216 8209 8215
f 8155 8238 8213
f 8236 8214 8237
f 8208 8187 8229
f 8155 8239 8238
f 8168 8240 8139
f 8169 8229 8187
f 8216 8215 8239
f 8217 8239 8155
f 8195 8216 8239
f 8195 8239 8217
f 8241 8237 8229
f 8241 8229 8169
f 8241 8169 8196
f 8140 8217 8138
f 8140 8195 8217
f 8219 8196 8173
f 8179 8220 8219
f 8149 8182 8221
f 8207 8221 8182
f 8183 8207 8182
f 8223 8207 8183
f 8242 8226 8225
f 8225 8228 8242
f 8243 8231 8230
f 8226 8242 8230
f 8242 8243 8230
f 8242 8244 8243
f 8245 8242 8228
f 8244 8242 8245
f 8245 8228 8215
f 8215 8211 8212
f 8213 8238 8212
f 8231 8243 8234
f 8234 8243 8244
f 8234 8244 8235
f 8235 8244 8245
f 8235 8245 8215
f 8215 8212 8239
f 8239 8212 8238
f 8236 8240 8168
f 8246 8236 8237
f 8139 8240 8247
f 8218 8139 8247
f 8248 8196 8219
f 8220 8218 8249
f 8197 8218 8220
f 8240 8236 8250
f 8250 8236 8246
f 8241 8248 8237
f 8251 8218 8247
f 8249 8218 8251
f 8219 8249 8248
f 8220 8249 8219
f 8246 8252 8250
f 8240 8250 8247
f 8196 8248 8241
f 8248 8251 8253
f 8249 8251 8248
f 8254 8252 8246
f 8250 8255 8247
f 8254 8246 8237
f 8256 8254 8237
f 8256 8237 8248
f 8255 8251 8247
f 8251 8255 8253
f 8252 8254 8257
f 8252 8257 8258
f 8250 8252 8258
f 8255 8250 8258
f 8255 8258 8253
f 8253 8256 8248
f 8259 8257 8254
f 8260 8254 8256
f 8256 8253 8260
f 8257 8261 8262
f 8257 8259 8261
f 8262 8258 8257
f 8258 8262 8260
f 8260 8263 8254
f 8253 8258 8260
f 8261 8264 8262
f 8260 8262 8264
f 8254 8263 8259
f 8265 8264 8261
f 8265 8261 8259
f 8266 8265 8259
f 8266 8259 8263
f 8263 8264 8266
f 8260 8264 8263
f 8264 8265 8266
f 8267 8268 8269
f 8270 8267 8269
f 8271 8267 8270
f 8272 8271 8273
f 8268 8267 8274
f 8272 8275 8276
f 8272 8276 8271
f 8274 8267 8277
f 8271 8276 8267
f 8275 8278 8276
f 8279 8278 8275
f 8279 8280 8281
f 8281 8278 8279
f 8282 8267 8283
f 8281 8284 8278
f 8285 8284 8281
f 8284 8276 8278
f 8283 8286 8287
f 8285 8281 8288
f 8283 8289 8286
f 8267 8289 8283
f 8267 8276 8289
f 8290 8285 8288
f 8290 8291 8285
f 8289 8292 8286
f 8285 8291 8284
f 8291 8293 8284
f 8276 8294 8289
f 8289 8295 8292
f 8295 8289 8294
f 8294 8296 8295
f 8276 8296 8294
f 8284 8296 8276
f 8293 8297 8284
f 8298 8297 8293
f 8284 8299 8296
f 8284 8300 8299
f 8297 8301 8284
f 8300 8302 8299
f 8303 8301 8297
f 8284 8304 8300
f 8300 8304 8302
f 8304 8284 8305
f 8306 8307 8303
f 8284 8301 8305
f 8308 8307 8306
f 8305 8301 8309
f 8303 8307 8301
f 8308 8310 8311
f 8301 8312 8313
f 8311 8307 8308
f 8311 8310 8314
f 8307 8312 8301
f 8314 8315 8311
f 8311 8315 8307
f 8313 8312 8316
f 8312 8317 8316
f 8312 8307 8318
f 8312 8318 8317
f 8315 8319 8307
f 8317 8318 8320
f 8315 8321 8319
f 8307 8322 8318
f 8319 8321 8323
f 8322 8320 8318
f 8319 8324 8307
f 8320 8322 8325
f 8323 8324 8319
f 8324 8323 8326
f 8324 8326 8307
f 8307 8326 8327
f 8322 8307 8328
f 8328 8329 8322
f 8328 8330 8329
f 8328 8331 8330
f 8326 8332 8327
f 8307 8327 8328
f 8327 8331 8328
f 8333 8334 8335
f 8336 8333 8337
f 8333 8338 8334
f 8339 8340 8341
f 8333 8336 8338
f 8334 8338 8340
f 8342 8343 8344
f 8342 8345 8343
f 8340 8338 8341
f 8346 8344 8347
f 8345 8342 8348
f 8349 8345 8348
f 8349 8348 8350
f 8349 8350 8351
f 8341 8338 8352
f 8341 8352 8353
f 8344 8346 8342
f 8351 8350 8354
f 8338 8355 8352
f 8353 8352 8355
f 8348 8356 8350
f 8354 8357 8358
f 8359 8360 8336
f 8336 8360 8338
f 8353 8355 8361
f 8362 8347 8363
f 8347 8362 8346
f 8348 8342 8346
f 8350 8356 8354
f 8359 8364 8360
f 8365 8362 8363
f 8362 8348 8346
f 8361 8355 8365
f 8356 8357 8354
f 8365 8355 8366
f 8365 8366 8362
f 8357 8356 8367
f 8360 8364 8368
f 8367 8356 8369
f 8368 8370 8360
f 8360 8370 8338
f 8370 8371 8338
f 8370 8372 8371
f 8356 8373 8369
f 8371 8374 8338
f 8373 8356 8375
f 8355 8376 8377
f 8355 8377 8366
f 8356 8378 8375
f 8378 8379 8375
f 8338 8374 8380
f 8381 8378 8356
f 8380 8382 8338
f 8338 8382 8355
f 8375 8379 8383
f 8374 8384 8380
f 8385 8382 8380
f 8382 8385 8386
f 8382 8386 8355
f 8348 8381 8356
f 8355 8386 8376
f 8386 8387 8376
f 8376 8387 8377
f 8377 8388 8366
f 8348 8389 8390
f 8348 8390 8381
f 8379 8391 8383
f 8386 8392 8387
f 8377 8387 8388
f 8388 8393 8366
f 8394 8389 8348
f 8379 8378 8391
f 8393 8362 8366
f 8381 8395 8378
f 8378 8395 8391
f 8391 8395 8396
f 8362 8397 8348
f 8381 8390 8395
f 8348 8397 8398
f 8394 8348 8398
f 8394 8398 8399
f 8394 8399 8389
f 8389 8400 8390
f 8399 8400 8389
f 8398 8401 8399
f 8400 8402 8390
f 8395 8390 8403
f 8402 8403 8390
f 8404 8269 8268
f 8404 8268 8405
f 8405 8268 8406
f 8406 8268 8274
f 8277 8406 8274
f 8273 8271 8270
f 8406 8277 8407
f 8408 8407 8277
f 8273 8409 8272
f 8277 8267 8282
f 8277 8282 8408
f 8408 8410 8411
f 8282 8410 8408
f 8410 8282 8283
f 8410 8283 8287
f 8412 8291 8290
f 8293 8291 8412
f 8293 8412 8298
f 8413 8414 8296
f 8298 8415 8297
f 8302 8416 8299
f 8415 8303 8297
f 8415 8306 8303
f 8417 8306 8415
f 8417 8308 8306
f 8417 8310 8308
f 8313 8309 8301
f 8316 8418 8313
f 8419 8420 8321
f 8321 8315 8419
f 8323 8321 8420
f 8420 8421 8323
f 8329 8325 8322
f 8421 8332 8326
f 8323 8421 8326
f 8332 8422 8327
f 8422 8331 8327
f 8335 8337 8333
f 8423 8335 8334
f 8424 8423 8334
f 8425 8359 8337
f 8426 8334 8340
f 8426 8340 8339
f 8337 8359 8336
f 8427 8345 8349
f 8344 8428 8347
f 8344 8343 8428
f 8354 8429 8351
f 8347 8428 8430
f 8354 8358 8431
f 8363 8347 8430
f 8359 8425 8432
f 8433 8431 8358
f 8432 8364 8359
f 8361 8365 8434
f 8434 8365 8363
f 8358 8357 8367
f 8358 8367 8433
f 8369 8433 8367
f 8435 8433 8369
f 8364 8436 8368
f 8435 8369 8437
f 8372 8370 8368
f 8369 8373 8438
f 8373 8439 8438
f 8439 8373 8375
f 8440 8371 8372
f 8371 8440 8374
f 8440 8384 8374
f 8375 8383 8441
f 8384 8442 8380
f 8380 8442 8385
f 8385 8392 8386
f 8383 8391 8396
f 8393 8443 8362
f 8443 8444 8362
f 8362 8444 8397
f 8444 8398 8397
f 8444 8401 8398
f 8401 8445 8399
f 8399 8445 8400
f 8445 8402 8400
f 8446 8270 8269
f 8404 8446 8269
f 8273 8446 8409
f 8446 8273 8270
f 8447 8272 8409
f 8275 8272 8447
f 8411 8407 8408
f 8279 8275 8448
f 8449 8280 8279
f 8287 8286 8450
f 8288 8281 8280
f 8280 8451 8288
f 8286 8292 8452
f 8292 8295 8452
f 8453 8412 8290
f 8414 8295 8296
f 8413 8296 8299
f 8416 8413 8299
f 8302 8304 8454
f 8454 8304 8305
f 8454 8305 8309
f 8455 8454 8309
f 8313 8455 8309
f 8310 8456 8314
f 8455 8313 8418
f 8316 8317 8457
f 8457 8317 8320
f 8421 8420 8458
f 8335 8423 8459
f 8424 8334 8426
f 8460 8339 8341
f 8349 8429 8427
f 8351 8429 8349
f 8460 8341 8353
f 8461 8343 8345
f 8354 8431 8429
f 8361 8462 8353
f 8434 8462 8361
f 8369 8438 8437
f 8375 8441 8439
f 8392 8385 8442
f 8463 8388 8387
f 8383 8396 8464
f 8465 8444 8443
f 8395 8466 8396
f 8444 8467 8401
f 8467 8445 8401
f 8395 8403 8466
f 8468 8403 8402
f 8404 8405 8469
f 8406 8469 8405
f 8447 8448 8275
f 8410 8470 8411
f 8449 8279 8448
f 8287 8470 8410
f 8449 8451 8280
f 8471 8450 8286
f 8452 8471 8286
f 8288 8451 8472
f 8473 8290 8288
f 8290 8473 8453
f 8474 8452 8295
f 8414 8475 8295
f 8412 8453 8476
f 8476 8298 8412
f 8298 8477 8415
f 8415 8477 8417
f 8454 8416 8302
f 8310 8417 8478
f 8454 8455 8479
f 8419 8315 8314
f 8316 8480 8418
f 8481 8420 8419
f 8421 8458 8332
f 8458 8482 8332
f 8335 8459 8337
f 8459 8425 8337
f 8483 8460 8353
f 8483 8353 8462
f 8343 8484 8428
f 8461 8345 8427
f 8434 8485 8462
f 8430 8485 8434
f 8484 8430 8428
f 8430 8434 8363
f 8436 8364 8432
f 8435 8486 8433
f 8438 8487 8437
f 8488 8487 8439
f 8438 8439 8487
f 8439 8441 8488
f 8441 8489 8488
f 8490 8384 8440
f 8441 8383 8464
f 8490 8442 8384
f 8392 8442 8491
f 8387 8392 8463
f 8388 8463 8393
f 8464 8396 8492
f 8493 8443 8393
f 8468 8466 8403
f 8402 8494 8468
f 8495 8469 8406
f 8495 8406 8407
f 8411 8496 8407
f 8450 8470 8287
f 8471 8470 8450
f 8288 8472 8473
f 8416 8497 8413
f 8478 8417 8477
f 8478 8456 8310
f 8316 8498 8480
f 8457 8498 8316
f 8329 8499 8325
f 8330 8499 8329
f 8332 8482 8422
f 8500 8331 8422
f 8501 8425 8459
f 8426 8339 8460
f 8430 8502 8485
f 8427 8429 8503
f 8429 8431 8504
f 8432 8425 8501
f 8431 8486 8504
f 8486 8431 8433
f 8505 8486 8435
f 8487 8435 8437
f 8372 8506 8440
f 8507 8440 8506
f 8490 8440 8507
f 8489 8441 8464
f 8490 8508 8442
f 8392 8491 8463
f 8493 8509 8443
f 8443 8509 8465
f 8510 8492 8466
f 8466 8492 8396
f 8494 8402 8445
f 8511 8446 8404
f 8469 8512 8404
f 8496 8495 8407
f 8411 8470 8496
f 8513 8451 8449
f 8471 8452 8514
f 8513 8472 8451
f 8473 8515 8453
f 8475 8474 8295
f 8516 8475 8414
f 8516 8414 8413
f 8497 8517 8413
f 8454 8497 8416
f 8454 8479 8518
f 8479 8455 8418
f 8314 8519 8419
f 8325 8457 8320
f 8481 8520 8420
f 8458 8420 8520
f 8499 8330 8331
f 8521 8423 8424
f 8522 8521 8424
f 8522 8424 8426
f 8523 8460 8483
f 8524 8525 8483
f 8524 8483 8462
f 8462 8485 8526
f 8502 8526 8485
f 8484 8502 8430
f 8461 8484 8343
f 8503 8429 8527
f 8527 8429 8504
f 8486 8528 8504
f 8505 8528 8486
f 8487 8505 8435
f 8529 8368 8530
f 8531 8487 8488
f 8368 8529 8372
f 8506 8372 8529
f 8489 8531 8488
f 8532 8507 8506
f 8489 8464 8492
f 8508 8491 8442
f 8463 8493 8393
f 8508 8533 8491
f 8467 8444 8465
f 8463 8534 8493
f 8494 8445 8535
f 8468 8494 8536
f 8404 8512 8511
f 8537 8512 8469
f 8409 8538 8447
f 8496 8537 8495
f 8447 8538 8539
f 8447 8539 8448
f 8448 8513 8449
f 8452 8474 8514
f 8472 8515 8473
f 8514 8474 8540
f 8474 8475 8540
f 8515 8476 8453
f 8517 8516 8413
f 8477 8298 8476
f 8454 8518 8497
f 8456 8478 8541
f 8479 8418 8542
f 8519 8314 8456
f 8519 8481 8419
f 8543 8457 8325
f 8482 8500 8422
f 8331 8500 8499
f 8544 8459 8423
f 8544 8423 8521
f 8545 8501 8459
f 8426 8460 8546
f 8546 8460 8523
f 8526 8524 8462
f 8527 8504 8547
f 8548 8436 8432
f 8548 8530 8436
f 8436 8530 8368
f 8549 8505 8487
f 8506 8529 8532
f 8532 8550 8507
f 8550 8490 8507
f 8550 8508 8490
f 8489 8492 8551
f 8491 8533 8552
f 8552 8463 8491
f 8553 8493 8534
f 8467 8554 8445
f 8554 8535 8445
f 8536 8510 8468
f 8468 8510 8466
f 8494 8535 8536
f 8555 8511 8512
f 8511 8555 8446
f 8446 8555 8409
f 8409 8555 8538
f 8495 8537 8469
f 8448 8539 8513
f 8470 8537 8496
f 8537 8470 8514
f 8471 8514 8470
f 8516 8540 8475
f 8497 8518 8517
f 8477 8476 8556
f 8557 8456 8541
f 8480 8542 8418
f 8558 8481 8519
f 8499 8543 8325
f 8559 8546 8523
f 8525 8523 8483
f 8546 8522 8426
f 8526 8560 8524
f 8560 8526 8502
f 8484 8561 8502
f 8427 8503 8461
f 8503 8527 8562
f 8501 8545 8432
f 8432 8545 8548
f 8547 8504 8563
f 8531 8549 8487
f 8564 8508 8550
f 8565 8465 8509
f 8551 8510 8566
f 8510 8551 8492
f 8493 8553 8509
f 8533 8508 8567
f 8467 8465 8565
f 8565 8554 8467
f 8510 8536 8566
f 8536 8535 8568
f 8555 8512 8537
f 8569 8538 8555
f 8539 8538 8569
f 8476 8515 8570
f 8556 8571 8477
f 8571 8478 8477
f 8478 8571 8541
f 8519 8456 8572
f 8542 8518 8479
f 8498 8573 8480
f 8543 8498 8457
f 8573 8498 8543
f 8520 8481 8558
f 8520 8574 8458
f 8574 8482 8458
f 8482 8575 8500
f 8525 8576 8523
f 8546 8559 8522
f 8577 8561 8484
f 8461 8577 8484
f 8503 8562 8461
f 8578 8461 8562
f 8562 8527 8547
f 8528 8563 8504
f 8566 8563 8528
f 8566 8528 8505
f 8549 8566 8505
f 8566 8531 8489
f 8551 8566 8489
f 8532 8564 8550
f 8553 8565 8509
f 8564 8579 8508
f 8508 8579 8567
f 8536 8568 8566
f 8534 8463 8552
f 8513 8539 8569
f 8515 8472 8513
f 8517 8540 8516
f 8540 8517 8518
f 8570 8571 8556
f 8542 8480 8580
f 8574 8575 8482
f 8575 8499 8500
f 8581 8544 8521
f 8522 8581 8521
f 8582 8560 8561
f 8560 8502 8561
f 8577 8578 8561
f 8461 8578 8577
f 8531 8566 8549
f 8554 8568 8535
f 8583 8534 8552
f 8552 8533 8583
f 8533 8584 8583
f 8569 8555 8537
f 8556 8476 8570
f 8571 8585 8541
f 8585 8557 8541
f 8557 8572 8456
f 8520 8558 8586
f 8586 8574 8520
f 8559 8587 8581
f 8576 8559 8523
f 8582 8524 8560
f 8548 8529 8530
f 8564 8588 8579
f 8533 8567 8584
f 8583 8589 8534
f 8557 8585 8572
f 8542 8580 8518
f 8480 8573 8580
f 8575 8590 8499
f 8587 8559 8576
f 8591 8587 8576
f 8525 8591 8576
f 8581 8522 8559
f 8524 8582 8525
f 8582 8561 8578
f 8529 8548 8532
f 8592 8565 8553
f 8584 8593 8583
f 8537 8514 8569
f 8540 8569 8514
f 8594 8513 8569
f 8571 8570 8585
f 8519 8572 8595
f 8582 8591 8525
f 8532 8588 8564
f 8567 8579 8588
f 8534 8589 8592
f 8553 8534 8592
f 8593 8589 8583
f 8558 8519 8595
f 8596 8586 8558
f 8459 8544 8545
f 8566 8562 8547
f 8547 8563 8566
f 8554 8565 8568
f 8588 8584 8567
f 8597 8592 8589
f 8597 8565 8592
f 8593 8598 8589
f 8570 8515 8599
f 8596 8575 8586
f 8574 8586 8575
f 8568 8578 8562
f 8600 8532 8548
f 8568 8562 8566
f 8584 8601 8593
f 8594 8569 8540
f 8599 8515 8513
f 8594 8540 8518
f 8499 8590 8543
f 8545 8600 8548
f 8565 8602 8568
f 8584 8588 8601
f 8593 8601 8598
f 8597 8589 8598
f 8513 8594 8599
f 8595 8603 8604
f 8572 8603 8595
f 8595 8604 8558
f 8604 8596 8558
f 8544 8581 8545
f 8543 8605 8573
f 8606 8581 8587
f 8582 8578 8607
f 8608 8609 8598
f 8601 8608 8598
f 8598 8609 8597
f 8603 8596 8604
f 8607 8610 8582
f 8608 8601 8588
f 8609 8565 8597
f 8585 8570 8599
f 8594 8518 8611
f 8518 8580 8611
f 8606 8545 8581
f 8610 8591 8582
f 8587 8591 8606
f 8594 8611 8599
f 8575 8596 8590
f 8612 8610 8607
f 8578 8612 8607
f 8568 8602 8578
f 8602 8565 8609
f 8585 8599 8613
f 8614 8603 8572
f 8614 8572 8615
f 8606 8616 8545
f 8591 8610 8617
f 8618 8619 8612
f 8602 8612 8578
f 8618 8612 8602
f 8620 8603 8614
f 8596 8603 8620
f 8591 8617 8606
f 8612 8619 8610
f 8611 8613 8599
f 8585 8621 8572
f 8620 8614 8622
f 8617 8610 8619
f 8611 8580 8623
f 8614 8615 8622
f 8605 8543 8590
f 8600 8545 8616
f 8624 8618 8602
f 8532 8625 8588
f 8626 8585 8613
f 8626 8621 8585
f 8573 8623 8580
f 8627 8590 8596
f 8618 8617 8619
f 8624 8617 8618
f 8602 8609 8628
f 8629 8613 8611
f 8573 8605 8623
f 8602 8628 8624
f 8625 8608 8588
f 8629 8626 8613
f 8622 8596 8620
f 8623 8629 8611
f 8621 8615 8572
f 8606 8617 8628
f 8624 8628 8617
f 8625 8532 8600
f 8596 8622 8627
f 8630 8615 8621
f 8631 8623 8605
f 8626 8632 8621
f 8633 8606 8628
f 8609 8608 8634
f 8635 8636 8629
f 8637 8625 8600
f 8626 8629 8636
f 8621 8632 8630
f 8635 8629 8623
f 8631 8635 8623
f 8638 8600 8639
f 8634 8640 8609
f 8641 8627 8622
f 8642 8605 8590
f 8616 8606 8633
f 8600 8638 8637
f 8627 8642 8590
f 8600 8616 8639
f 8609 8640 8628
f 8628 8643 8633
f 8628 8640 8643
f 8625 8634 8608
f 8615 8641 8622
f 8635 8644 8645
f 8631 8644 8635
f 8605 8642 8631
f 8636 8632 8626
f 8646 8615 8630
f 8642 8644 8631
f 8634 8647 8640
f 8637 8634 8625
f 8642 8627 8648
f 8633 8639 8616
f 8649 8637 8638
f 8650 8639 8633
f 8645 8651 8635
f 8635 8651 8636
f 8641 8615 8646
f 8637 8652 8634
f 8644 8642 8648
f 8630 8653 8646
f 8654 8649 8638
f 8632 8636 8655
f 8630 8632 8655
f 8636 8651 8656
f 8650 8633 8643
f 8644 8657 8645
f 8640 8658 8643
f 8634 8652 8659
f 8659 8647 8634
f 8656 8655 8636
f 8644 8648 8657
f 8641 8648 8627
f 8647 8658 8640
f 8654 8638 8639
f 8660 8653 8630
f 8661 8650 8643
f 8657 8648 8662
f 8662 8648 8641
f 8658 8647 8663
f 8664 8645 8657
f 8665 8657 8662
f 8649 8652 8637
f 8653 8641 8646
f 8653 8662 8641
f 8643 8658 8661
f 8666 8639 8650
f 8645 8664 8651
f 8667 8666 8650
f 8666 8654 8639
f 8661 8667 8650
f 8661 8658 8663
f 8647 8659 8668
f 8669 8652 8649
f 8670 8661 8663
f 8649 8654 8671
f 8672 8653 8660
f 8655 8660 8630
f 8673 8662 8653
f 8670 8667 8661
f 8656 8674 8655
f 8656 8651 8664
f 8663 8647 8668
f 8665 8664 8657
f 8655 8674 8660
f 8665 8662 8675
f 8672 8673 8653
f 8666 8671 8654
f 8652 8676 8659
f 8673 8675 8662
f 8656 8664 8677
f 8660 8678 8672
f 8664 8679 8677
f 8656 8677 8680
f 8665 8679 8664
f 8667 8681 8666
f 8671 8669 8649
f 8669 8676 8652
f 8682 8681 8667
f 8680 8674 8656
f 8683 8675 8673
f 8667 8670 8682
f 8668 8684 8663
f 8681 8671 8666
f 8676 8668 8659
f 8685 8676 8669
f 8686 8669 8671
f 8669 8686 8685
f 8687 8672 8678
f 8687 8673 8672
f 8688 8660 8674
f 8679 8689 8677
f 8665 8689 8679
f 8676 8684 8668
f 8680 8690 8674
f 8691 8671 8681
f 8663 8684 8670
f 8688 8674 8690
f 8682 8670 8692
f 8692 8670 8693
f 8694 8680 8695
f 8680 8677 8695
f 8677 8689 8695
f 8682 8691 8681
f 8684 8693 8670
f 8692 8691 8682
f 8694 8690 8680
f 8688 8678 8660
f 8696 8689 8665
f 8697 8685 8698
f 8696 8665 8675
f 8698 8685 8686
f 8689 8699 8695
f 8687 8683 8673
f 8676 8700 8684
f 8699 8694 8695
f 8701 8687 8678
f 8685 8700 8676
f 8693 8684 8700
f 8689 8702 8699
f 8696 8675 8683
f 8692 8693 8703
f 8697 8700 8685
f 8694 8704 8690
f 8687 8701 8705
f 8693 8700 8706
f 8686 8671 8691
f 8692 8703 8707
f 8688 8690 8704
f 8683 8687 8705
f 8683 8708 8696
f 8709 8686 8691
f 8703 8693 8706
f 8702 8689 8696
f 8696 8708 8702
f 8697 8710 8700
f 8699 8711 8694
f 8678 8712 8701
f 8683 8705 8713
f 8691 8714 8709
f 8707 8691 8692
f 8715 8698 8686
f 8703 8716 8707
f 8703 8706 8716
f 8708 8717 8702
f 8704 8694 8711
f 8688 8712 8678
f 8718 8691 8707
f 8709 8715 8686
f 8716 8706 8719
f 8720 8698 8715
f 8702 8711 8699
f 8683 8721 8708
f 8710 8706 8700
f 8704 8711 8722
f 8710 8719 8706
f 8717 8723 8702
f 8724 8705 8701
f 8705 8724 8713
f 8723 8711 8702
f 8710 8697 8725
f 8718 8714 8691
f 8716 8718 8707
f 8722 8711 8726
f 8712 8688 8704
f 8683 8713 8721
f 8720 8697 8698
f 8725 8697 8727
f 8728 8714 8718
f 8729 8710 8725
f 8710 8729 8719
f 8712 8724 8701
f 8730 8721 8713
f 8704 8731 8712
f 8708 8732 8717
f 8733 8734 8716
f 8716 8719 8733
f 8727 8697 8720
f 8711 8723 8726
f 8732 8708 8721
f 8723 8717 8732
f 8732 8721 8735
f 8716 8734 8718
f 8709 8736 8715
f 8715 8737 8720
f 8720 8737 8727
f 8718 8734 8738
f 8739 8726 8723
f 8722 8731 8704
f 8728 8718 8738
f 8715 8736 8737
f 8727 8737 8740
f 8741 8735 8721
f 8713 8742 8730
f 8727 8743 8725
f 8730 8741 8721
f 8724 8742 8713
f 8709 8714 8736
f 8744 8731 8722
f 8724 8712 8731
f 8732 8735 8745
f 8725 8743 8729
f 8744 8722 8726
f 8732 8745 8723
f 8746 8742 8724
f 8719 8729 8747
f 8727 8740 8743
f 8723 8748 8739
f 8749 8741 8728
f 8750 8743 8740
f 8731 8744 8751
f 8714 8728 8752
f 8753 8745 8735
f 8741 8749 8735
f 8749 8728 8738
f 8714 8752 8736
f 8731 8751 8724
f 8754 8724 8751
f 8746 8724 8754
f 8755 8741 8730
f 8755 8728 8741
f 8749 8753 8735
f 8739 8756 8726
f 8757 8749 8738
f 8755 8730 8742
f 8755 8752 8728
f 8734 8757 8738
f 8737 8736 8758
f 8747 8759 8719
f 8746 8760 8742
f 8734 8761 8757
f 8737 8758 8740
f 8748 8756 8739
f 8748 8723 8745
f 8762 8754 8751
f 8719 8759 8733
f 8763 8729 8743
f 8726 8756 8744
f 8755 8742 8760
f 8736 8752 8764
f 8749 8757 8753
f 8752 8755 8764
f 8733 8761 8734
f 8765 8748 8745
f 8733 8759 8761
f 8762 8751 8766
f 8767 8746 8754
f 8768 8756 8748
f 8744 8766 8751
f 8764 8758 8736
f 8758 8750 8740
f 8763 8743 8750
f 8753 8757 8769
f 8755 8760 8764
f 8765 8768 8748
f 8765 8745 8770
f 8753 8770 8745
f 8760 8746 8767
f 8771 8750 8758
f 8729 8763 8747
f 8766 8744 8756
f 8754 8762 8767
f 8769 8757 8761
f 8758 8764 8771
f 8747 8772 8759
f 8760 8773 8764
f 8759 8774 8775
f 8759 8775 8761
f 8769 8770 8753
f 8760 8767 8776
f 8773 8771 8764
f 8761 8775 8769
f 8763 8777 8747
f 8760 8776 8773
f 8759 8772 8774
f 8776 8767 8778
f 8779 8777 8750
f 8777 8763 8750
f 8780 8756 8768
f 8771 8779 8750
f 8777 8772 8747
f 8781 8766 8756
f 8778 8767 8762
f 8768 8765 8780
f 8762 8766 8782
f 8769 8775 8783
f 8781 8782 8766
f 8770 8784 8765
f 8770 8769 8783
f 8762 8782 8785
f 8762 8785 8778
f 8771 8773 8786
f 8783 8784 8770
f 8776 8787 8773
f 8783 8775 8788
f 8771 8786 8779
f 8774 8789 8775
f 8786 8773 8787
f 8790 8780 8765
f 8781 8756 8780
f 8791 8782 8781
f 8777 8779 8792
f 8793 8792 8779
f 8786 8793 8779
f 8791 8781 8780
f 8794 8785 8782
f 8783 8795 8784
f 8796 8765 8784
f 8782 8791 8794
f 8775 8789 8788
f 8796 8790 8765
f 8783 8788 8795
f 8776 8797 8787
f 8778 8797 8776
f 8786 8798 8793
f 8790 8791 8780
f 8799 8784 8795
f 8800 8774 8772
f 8787 8798 8786
f 8792 8801 8777
f 8777 8801 8772
f 8802 8795 8788
f 8788 8789 8802
f 8803 8793 8798
f 8803 8792 8793
f 8797 8778 8785
f 8789 8774 8800
f 8772 8801 8800
f 8800 8801 8804
f 8784 8799 8796
f 8805 8791 8790
f 8801 8792 8804
f 8804 8792 8806
f 8807 8790 8796
f 8797 8808 8787
f 8806 8792 8803
f 8807 8796 8799
f 8794 8809 8785
f 8795 8802 8799
f 8785 8809 8797
f 8809 8794 8791
f 8810 8797 8809
f 8811 8800 8804
f 8798 8812 8803
f 8804 8806 8811
f 8790 8813 8805
f 8814 8799 8815
f 8812 8816 8803
f 8807 8813 8790
f 8817 8799 8802
f 8808 8798 8787
f 8806 8803 8816
f 8811 8818 8800
f 8814 8807 8799
f 8812 8798 8819
f 8819 8798 8808
f 8809 8791 8820
f 8817 8815 8799
f 8820 8791 8821
f 8800 8822 8789
f 8811 8823 8818
f 8811 8806 8823
f 8820 8810 8809
f 8810 8824 8797
f 8824 8808 8797
f 8825 8806 8816
f 8805 8821 8791
f 8789 8822 8802
f 8818 8822 8800
f 8826 8817 8802
f 8827 8819 8808
f 8819 8827 8812
f 8827 8825 8812
f 8825 8816 8812
f 8807 8828 8813
f 8822 8826 8802
f 8806 8825 8823
f 8829 8807 8814
f 8830 8810 8820
f 8831 8814 8815
f 8820 8832 8830
f 8810 8830 8824
f 8832 8820 8821
f 8833 8815 8817
f 8818 8834 8822
f 8827 8808 8835
f 8828 8807 8829
f 8836 8805 8813
f 8831 8829 8814
f 8825 8837 8823
f 8834 8826 8822
f 8827 8838 8825
f 8836 8813 8828
f 8818 8839 8834
f 8824 8835 8808
f 8818 8823 8839
f 8836 8840 8805
f 8833 8831 8815
f 8826 8834 8841
f 8821 8805 8840
f 8817 8826 8842
f 8835 8843 8827
f 8837 8844 8823
f 8844 8839 8823
f 8845 8825 8838
f 8845 8837 8825
f 8827 8843 8838
f 8832 8821 8840
f 8846 8834 8839
f 8837 8845 8847
f 8826 8841 8842
f 8841 8834 8846
f 8839 8844 8846
f 8833 8842 8831
f 8848 8835 8824
f 8824 8830 8848
f 8846 8849 8841
f 8837 8847 8844
f 8836 8828 8850
f 8833 8817 8842
f 8846 8844 8851
f 8829 8852 8828
f 8852 8850 8828
f 8852 8829 8831
f 8831 8842 8853
f 8854 8855 8856
f 8854 8857 8855
f 8832 8848 8830
f 8841 8858 8842
f 8838 8843 8859
f 8860 8856 8855
f 8855 8857 8861
f 8862 8840 8863
f 8859 8843 8835
f 8864 8847 8845
f 8865 8855 8861
f 8856 8866 8854
f 8867 8860 8855
f 8855 8865 8867
f 8863 8840 8836
f 8862 8848 8832
f 8844 8847 8851
f 8867 8865 8868
f 8831 8869 8852
f 8862 8832 8840
f 8849 8846 8851
f 8870 8845 8838
f 8845 8870 8864
f 8865 8871 8868
f 8871 8865 8872
f 8871 8872 8873
f 8861 8872 8865
f 8874 8866 8856
f 8852 8869 8875
f 8876 8836 8850
f 8848 8877 8835
f 8859 8870 8838
f 8878 8868 8879
f 8868 8871 8879
f 8879 8871 8880
f 8880 8871 8873
f 8872 8881 8873
f 8836 8876 8863
f 8835 8882 8859
f 8867 8868 8878
f 8880 8873 8881
f 8881 8872 8883
f 8874 8856 8860
f 8874 8884 8866
f 8854 8866 8885
f 8886 8879 8880
f 8886 8880 8887
f 8880 8881 8887
f 8884 8888 8866
f 8889 8876 8850
f 8847 8890 8851
f 8879 8886 8878
f 8857 8854 8885
f 8841 8849 8858
f 8881 8891 8892
f 8892 8891 8893
f 8891 8881 8883
f 8861 8894 8883
f 8869 8831 8853
f 8858 8853 8842
f 8849 8895 8896
f 8895 8849 8851
f 8870 8859 8882
f 8897 8867 8878
f 8892 8898 8899
f 8898 8892 8893
f 8900 8893 8891
f 8901 8898 8893
f 8900 8901 8893
f 8891 8883 8900
f 8901 8900 8902
f 8900 8883 8902
f 8903 8884 8874
f 8888 8885 8866
f 8875 8850 8852
f 8876 8904 8863
f 8864 8890 8847
f 8905 8906 8907
f 8907 8899 8905
f 8907 8881 8892
f 8907 8892 8899
f 8899 8908 8905
f 8905 8908 8909
f 8899 8898 8908
f 8898 8910 8908
f 8911 8860 8867
f 8910 8898 8901
f 8910 8901 8902
f 8902 8883 8912
f 8911 8874 8860
f 8889 8888 8884
f 8853 8913 8869
f 8877 8848 8914
f 8909 8908 8915
f 8908 8910 8915
f 8857 8916 8861
f 8876 8889 8904
f 8890 8895 8851
f 8917 8864 8870
f 8907 8918 8887
f 8906 8918 8907
f 8887 8881 8907
f 8905 8919 8906
f 8920 8909 8915
f 8911 8867 8921
f 8921 8867 8897
f 8912 8883 8922
f 8889 8884 8923
f 8849 8896 8858
f 8906 8924 8918
f 8906 8919 8924
f 8925 8919 8905
f 8909 8925 8905
f 8915 8910 8902
f 8857 8885 8916
f 8903 8923 8884
f 8926 8904 8889
f 8918 8924 8927
f 8887 8918 8927
f 8887 8927 8886
f 8920 8915 8928
f 8915 8902 8912
f 8862 8929 8848
f 8835 8877 8882
f 8897 8878 8886
f 8909 8920 8925
f 8930 8922 8894
f 8903 8874 8931
f 8885 8932 8916
f 8933 8850 8875
f 8929 8914 8848
f 8927 8934 8886
f 8924 8919 8935
f 8925 8936 8919
f 8915 8937 8928
f 8937 8915 8912
f 8931 8874 8911
f 8916 8894 8861
f 8889 8933 8888
f 8889 8850 8933
f 8904 8926 8938
f 8938 8863 8904
f 8862 8863 8929
f 8858 8896 8939
f 8925 8920 8940
f 8940 8920 8941
f 8941 8920 8928
f 8941 8928 8942
f 8922 8943 8912
f 8944 8916 8932
f 8933 8885 8888
f 8929 8863 8938
f 8858 8945 8853
f 8882 8946 8870
f 8947 8927 8924
f 8934 8927 8948
f 8919 8936 8935
f 8928 8937 8942
f 8942 8949 8950
f 8950 8949 8951
f 8951 8949 8952
f 8943 8942 8937
f 8942 8943 8949
f 8912 8943 8937
f 8916 8930 8894
f 8933 8932 8885
f 8939 8945 8858
f 8953 8895 8890
f 8890 8864 8954
f 8947 8948 8927
f 8935 8947 8924
f 8955 8921 8897
f 8943 8922 8956
f 8911 8921 8955
f 8955 8930 8916
f 8853 8957 8913
f 8953 8896 8895
f 8930 8955 8897
f 8958 8931 8911
f 8944 8911 8955
f 8916 8944 8955
f 8926 8889 8923
f 8954 8864 8917
f 8949 8943 8959
f 8959 8960 8949
f 8959 8943 8956
f 8944 8958 8911
f 8961 8886 8934
f 8932 8962 8944
f 8932 8933 8963
f 8939 8896 8964
f 8886 8961 8965
f 8966 8956 8967
f 8959 8956 8966
f 8966 8960 8959
f 8968 8903 8931
f 8903 8969 8923
f 8970 8926 8923
f 8953 8964 8896
f 8948 8971 8961
f 8961 8934 8948
f 8886 8965 8897
f 8930 8897 8972
f 8966 8973 8960
f 8956 8922 8967
f 8922 8930 8972
f 8958 8968 8931
f 8944 8962 8958
f 8933 8875 8963
f 8946 8882 8974
f 8961 8971 8965
f 8922 8975 8967
f 8967 8976 8977
f 8967 8977 8966
f 8922 8972 8975
f 8978 8897 8965
f 8972 8897 8978
f 8976 8967 8975
f 8975 8972 8978
f 8966 8977 8973
f 8970 8938 8926
f 8913 8875 8869
f 8971 8948 8979
f 8978 8965 8980
f 8975 8980 8981
f 8978 8980 8975
f 8975 8981 8976
f 8982 8976 8981
f 8977 8976 8982
f 8969 8903 8968
f 8983 8929 8938
f 8984 8965 8971
f 8980 8965 8984
f 8981 8984 8985
f 8980 8984 8981
f 8982 8985 8986
f 8981 8985 8982
f 8875 8913 8963
f 8945 8957 8853
f 8987 8929 8988
f 8984 8971 8989
f 8985 8990 8986
f 8963 8962 8932
f 8974 8882 8877
f 8987 8877 8914
f 8917 8870 8946
f 8962 8991 8958
f 8923 8969 8970
f 8983 8938 8970
f 8929 8987 8914
f 8890 8992 8953
f 8991 8968 8958
f 8988 8929 8983
f 8945 8939 8993
f 8968 8991 8994
f 8995 8963 8913
f 8957 8995 8913
f 8991 8962 8963
f 8996 8970 8969
f 8983 8970 8996
f 8997 8939 8964
f 8987 8974 8877
f 8953 8998 8964
f 8953 8992 8998
f 8957 8999 8995
f 8964 9000 8997
f 8946 9001 8917
f 8939 8997 8993
f 8954 8992 8890
f 8917 9001 8954
f 8995 9002 8963
f 9003 8987 8988
f 8993 8957 8945
f 8964 8998 9000
f 8991 9002 8994
f 9004 8983 8996
f 8988 8983 9004
f 9001 9005 8954
f 9002 8991 8963
f 8998 9006 9000
f 8974 8987 9007
f 8974 9001 8946
f 8969 8968 8996
f 8974 9007 9008
f 9008 9001 8974
f 8994 9002 9009
f 9004 9010 8988
f 9011 8957 8993
f 8996 8968 8994
f 9003 8988 9010
f 9003 9012 8987
f 8998 8992 9006
f 9005 9013 8954
f 8957 9011 8999
f 9012 9007 8987
f 8954 9013 8992
f 9005 9001 9008
f 9014 9002 8995
f 9002 9014 9009
f 9014 8995 8999
f 8993 8997 9015
f 9011 8993 9015
f 9015 8997 9016
f 9017 8996 8994
f 9017 9018 8996
f 9008 9019 9005
f 9010 9004 9018
f 9020 9012 9003
f 9020 9007 9012
f 9000 9016 8997
f 9018 9004 8996
f 9005 9019 9013
f 9021 8999 9011
f 9021 9011 9022
f 9023 9000 9006
f 8992 9013 9006
f 9007 9024 9008
f 8999 9021 9014
f 9025 9010 9018
f 9009 9017 8994
f 9018 9017 9026
f 9014 9021 9009
f 9010 9025 9003
f 9008 9024 9027
f 9019 9008 9027
f 9018 9028 9025
f 9023 9016 9000
f 9006 9013 9029
f 9013 9019 9030
f 9009 9031 9017
f 9032 9011 9015
f 9024 9007 9020
f 9009 9021 9033
f 9034 9022 9011
f 9013 9030 9029
f 9035 9031 9009
f 9036 9031 9035
f 9021 9037 9033
f 9022 9038 9021
f 9034 9039 9022
f 9029 9023 9006
f 9026 9017 9031
f 9026 9031 9036
f 9035 9009 9033
f 9040 9035 9033
f 9037 9040 9033
f 9028 9018 9026
f 9021 9038 9037
f 9041 9003 9025
f 9015 9042 9032
f 9043 9037 9038
f 9022 9039 9038
f 9043 9038 9039
f 9039 9044 9043
f 9034 9044 9039
f 9011 9045 9034
f 9045 9011 9032
f 9032 9042 9046
f 9042 9015 9047
f 9048 9026 9036
f 9035 9048 9036
f 9048 9035 9040
f 9049 9040 9037
f 9043 9049 9037
f 9045 9032 9050
f 9003 9041 9020
f 9047 9016 9051
f 9015 9016 9047
f 9051 9016 9052
f 9023 9052 9016
f 9024 9020 9041
f 9027 9030 9019
f 9053 9048 9040
f 9049 9053 9040
f 9054 9043 9044
f 9055 9044 9034
f 9045 9055 9034
f 9050 9032 9046
f 9023 9056 9052
f 9045 9057 9055
f 9050 9057 9045
f 9058 9050 9046
f 9042 9059 9046
f 9051 9052 9060
f 9051 9060 9047
f 9061 9052 9056
f 9026 9048 9062
f 9026 9062 9028
f 9053 9062 9048
f 9053 9063 9062
f 9063 9053 9049
f 9049 9064 9063
f 9065 9064 9049
f 9043 9065 9049
f 9064 9065 9054
f 9054 9065 9043
f 9058 9057 9050
f 9046 9066 9058
f 9047 9059 9042
f 9067 9059 9047
f 9047 9060 9067
f 9060 9068 9067
f 9068 9060 9061
f 9052 9061 9060
f 9061 9056 9069
f 9023 9069 9056
f 9029 9070 9023
f 9071 9064 9054
f 9044 9071 9054
f 9055 9071 9044
f 9046 9059 9066
f 9066 9059 9072
f 9072 9059 9067
f 9073 9069 9023
f 9071 9055 9057
f 9025 9074 9041
f 9068 9072 9067
f 9075 9073 9023
f 9075 9023 9070
f 9029 9030 9070
f 9076 9071 9057
f 9077 9057 9058
f 9068 9061 9078
f 9079 9078 9061
f 9069 9079 9061
f 9079 9080 9081
f 9069 9080 9079
f 9073 9080 9069
f 9082 9063 9064
f 9083 9064 9071
f 9084 9057 9077
f 9085 9077 9058
f 9058 9066 9085
f 9068 9078 9072
f 9086 9087 9024
f 9024 9088 9027
f 9089 9075 9070
f 9090 9089 9091
f 9030 9089 9070
f 9091 9089 9030
f 9030 9027 9091
f 9063 9092 9062
f 9028 9062 9093
f 9064 9083 9082
f 9071 9076 9083
f 9094 9076 9057
f 9077 9095 9084
f 9072 9096 9066
f 9072 9078 9096
f 9041 9086 9024
f 9024 9087 9088
f 9097 9080 9089
f 9075 9080 9073
f 9089 9098 9097
f 9089 9080 9075
f 9027 9088 9099
f 9027 9099 9091
f 9092 9063 9100
f 9101 9062 9092
f 9101 9092 9100
f 9062 9101 9093
f 9083 9102 9082
f 9093 9101 9103
f 9076 9094 9104
f 9025 9028 9093
f 9025 9093 9105
f 9095 9094 9084
f 9084 9094 9057
f 9025 9105 9074
f 9077 9106 9107
f 9077 9085 9106
f 9085 9108 9106
f 9108 9085 9109
f 9066 9109 9085
f 9066 9096 9109
f 9110 9086 9041
f 9111 9078 9079
f 9081 9111 9079
f 9080 9097 9081
f 9088 9112 9099
f 9098 9090 9113
f 9090 9098 9089
f 9112 9090 9099
f 9091 9099 9090
f 9063 9114 9100
f 9082 9114 9063
f 9082 9102 9114
f 9115 9102 9083
f 9076 9115 9083
f 9115 9076 9104
f 9093 9103 9105
f 9103 9116 9105
f 9117 9095 9107
f 9105 9116 9074
f 9095 9077 9107
f 9118 9074 9116
f 9041 9074 9118
f 9106 9108 9119
f 9108 9109 9119
f 9120 9096 9078
f 9110 9121 9086
f 9122 9111 9081
f 9086 9121 9087
f 9097 9122 9081
f 9087 9123 9088
f 9088 9123 9112
f 9098 9124 9097
f 9113 9090 9112
f 9125 9100 9114
f 9101 9100 9103
f 9104 9094 9117
f 9117 9094 9095
f 9107 9106 9126
f 9126 9106 9127
f 9128 9106 9119
f 9109 9129 9119
f 9119 9129 9130
f 9129 9109 9120
f 9131 9041 9132
f 9096 9120 9109
f 9041 9131 9110
f 9078 9133 9120
f 9134 9121 9110
f 9135 9133 9078
f 9136 9121 9134
f 9135 9078 9111
f 9121 9136 9087
f 9087 9136 9123
f 9097 9137 9122
f 9097 9124 9137
f 9138 9123 9139
f 9138 9124 9098
f 9123 9138 9113
f 9113 9138 9098
f 9112 9123 9113
f 9114 9102 9125
f 9140 9125 9141
f 9141 9125 9102
f 9117 9142 9104
f 9103 9100 9140
f 9140 9100 9125
f 9117 9107 9126
f 9126 9143 9117
f 9126 9127 9144
f 9103 9140 9116
f 9116 9140 9145
f 9146 9116 9145
f 9127 9128 9144
f 9116 9146 9118
f 9127 9106 9128
f 9147 9118 9146
f 9148 9149 9150
f 9147 9146 9151
f 9152 9118 9147
f 9128 9119 9130
f 9128 9130 9148
f 9147 9153 9152
f 9152 9041 9118
f 9152 9153 9132
f 9130 9129 9154
f 9132 9041 9152
f 9155 9132 9153
f 9154 9129 9156
f 9131 9132 9155
f 9129 9120 9156
f 9131 9157 9134
f 9133 9158 9120
f 9110 9131 9134
f 9135 9111 9159
f 9160 9159 9122
f 9111 9122 9159
f 9123 9136 9161
f 9162 9160 9137
f 9162 9124 9139
f 9124 9162 9137
f 9137 9160 9122
f 9139 9123 9161
f 9138 9139 9124
f 9115 9163 9102
f 9115 9104 9164
f 9141 9102 9163
f 9143 9142 9117
f 9143 9126 9144
f 9128 9150 9144
f 9144 9150 9143
f 9165 9150 9149
f 9151 9146 9145
f 9147 9151 9153
f 9153 9151 9166
f 9149 9148 9167
f 9154 9148 9130
f 9155 9153 9166
f 9157 9155 9166
f 9157 9131 9155
f 9168 9134 9157
f 9169 9158 9133
f 9133 9135 9169
f 9136 9134 9170
f 9136 9170 9161
f 9161 9170 9171
f 9161 9171 9172
f 9160 9173 9159
f 9173 9160 9162
f 9139 9161 9172
f 9163 9115 9174
f 9174 9115 9164
f 9104 9142 9175
f 9176 9142 9143
f 9149 9167 9177
f 9148 9154 9167
f 9157 9166 9178
f 9120 9158 9156
f 9158 9169 9179
f 9168 9170 9134
f 9180 9169 9135
f 9135 9159 9180
f 9172 9162 9139
f 9181 9174 9164
f 9164 9175 9181
f 9164 9104 9175
f 9176 9143 9182
f 9141 9183 9140
f 9145 9184 9151
f 9185 9167 9154
f 9186 9178 9166
f 9187 9154 9156
f 9158 9179 9156
f 9173 9162 9188
f 9174 9189 9163
f 9175 9142 9176
f 9190 9141 9163
f 9190 9183 9141
f 9143 9165 9182
f 9183 9191 9140
f 9140 9191 9145
f 9192 9165 9149
f 9192 9149 9177
f 9184 9166 9151
f 9185 9154 9187
f 9178 9168 9157
f 9169 9180 9193
f 9173 9180 9159
f 9162 9171 9194
f 9171 9162 9172
f 9195 9196 9175
f 9195 9175 9176
f 9165 9192 9182
f 9191 9184 9145
f 9166 9184 9186
f 9197 9177 9167
f 9185 9198 9167
f 9169 9193 9179
f 9199 9193 9180
f 9173 9188 9200
f 9188 9162 9194
f 9201 9189 9174
f 9196 9181 9175
f 9189 9190 9163
f 9191 9183 9202
f 9182 9192 9203
f 9204 9156 9179
f 9168 9205 9170
f 9171 9170 9205
f 9199 9180 9173
f 9205 9194 9171
f 9173 9200 9199
f 9174 9181 9201
f 9202 9183 9190
f 9203 9192 9206
f 9207 9206 9192
f 9177 9207 9192
f 9177 9197 9207
f 9167 9198 9197
f 9178 9186 9208
f 9209 9185 9187
f 9204 9187 9156
f 9201 9210 9189
f 9181 9211 9201
f 9196 9211 9181
f 9190 9189 9212
f 9176 9182 9195
f 9202 9213 9191
f 9213 9184 9191
f 9186 9184 9213
f 9209 9198 9185
f 9178 9208 9168
f 9209 9187 9214
f 9168 9215 9205
f 9179 9193 9204
f 9205 9216 9194
f 9199 9217 9193
f 9188 9194 9200
f 9210 9212 9189
f 9218 9196 9195
f 9182 9219 9195
f 9220 9203 9221
f 9206 9221 9203
f 9207 9222 9206
f 9223 9213 9224
f 9223 9186 9213
f 9207 9197 9225
f 9226 9227 9186
f 9227 9208 9186
f 9197 9198 9225
f 9214 9228 9209
f 9204 9214 9187
f 9229 9215 9168
f 9215 9216 9205
f 9194 9230 9200
f 9200 9230 9199
f 9231 9232 9201
f 9201 9211 9231
f 9231 9211 9196
f 9219 9218 9195
f 9202 9190 9212
f 9220 9182 9203
f 9224 9213 9202
f 9222 9221 9206
f 9225 9222 9207
f 9233 9226 9186
f 9198 9234 9225
f 9209 9234 9198
f 9227 9235 9208
f 9208 9229 9168
f 9193 9217 9204
f 9196 9236 9231
f 9218 9236 9196
f 9182 9220 9219
f 9237 9223 9224
f 9228 9234 9209
f 9235 9229 9208
f 9229 9235 9238
f 9229 9239 9215
f 9239 9216 9215
f 9217 9240 9204
f 9239 9241 9216
f 9241 9194 9216
f 9241 9242 9230
f 9194 9241 9230
f 9199 9230 9217
f 9201 9243 9210
f 9219 9244 9218
f 9202 9212 9245
f 9220 9244 9219
f 9246 9220 9221
f 9222 9246 9221
f 9233 9186 9223
f 9222 9225 9247
f 9248 9226 9233
f 9235 9227 9249
f 9250 9228 9214
f 9204 9250 9214
f 9230 9242 9217
f 9251 9232 9231
f 9232 9243 9201
f 9243 9252 9210
f 9212 9210 9252
f 9244 9253 9218
f 9245 9224 9202
f 9254 9237 9224
f 9244 9220 9246
f 9222 9247 9255
f 9237 9233 9223
f 9226 9248 9227
f 9225 9256 9247
f 9248 9249 9227
f 9234 9256 9225
f 9249 9238 9235
f 9204 9257 9250
f 9204 9240 9257
f 9242 9258 9217
f 9243 9232 9259
f 9259 9252 9243
f 9253 9260 9218
f 9212 9252 9261
f 9261 9245 9212
f 9245 9254 9224
f 9262 9237 9254
f 9262 9233 9237
f 9233 9263 9248
f 9229 9264 9239
f 9239 9264 9265
f 9240 9217 9258
f 9260 9236 9218
f 9254 9245 9261
f 9244 9246 9266
f 9266 9267 9244
f 9263 9233 9262
f 9256 9268 9247
f 9268 9256 9269
f 9256 9234 9269
f 9238 9249 9270
f 9238 9271 9264
f 9229 9238 9264
f 9258 9272 9240
f 9273 9261 9252
f 9273 9252 9259
f 9251 9231 9236
f 9236 9260 9274
f 9254 9261 9275
f 9260 9253 9276
f 9267 9277 9253
f 9253 9244 9267
f 9278 9263 9262
f 9248 9263 9279
f 9249 9248 9280
f 9280 9270 9249
f 9281 9269 9234
f 9228 9281 9234
f 9250 9282 9228
f 9257 9282 9250
f 9257 9240 9272
f 9239 9265 9283
f 9239 9283 9284
f 9284 9241 9239
f 9241 9284 9242
f 9284 9285 9242
f 9242 9285 9258
f 9232 9286 9287
f 9287 9259 9232
f 9288 9232 9251
f 9261 9273 9275
f 9276 9289 9260
f 9277 9290 9276
f 9276 9253 9277
f 9262 9254 9291
f 9270 9292 9238
f 9228 9282 9281
f 9238 9292 9271
f 9293 9282 9257
f 9294 9264 9271
f 9295 9264 9294
f 9264 9295 9265
f 9287 9273 9259
f 9288 9286 9232
f 9274 9251 9236
f 9289 9274 9260
f 9291 9278 9262
f 9263 9278 9279
f 9296 9248 9279
f 9296 9280 9248
f 9270 9280 9297
f 9292 9294 9271
f 9283 9265 9298
f 9299 9284 9283
f 9284 9299 9285
f 9251 9274 9300
f 9275 9273 9301
f 9301 9302 9275
f 9302 9254 9275
f 9303 9289 9276
f 9254 9302 9291
f 9303 9276 9290
f 9290 9304 9303
f 9305 9280 9296
f 9306 9268 9269
f 9307 9306 9269
f 9308 9307 9269
f 9281 9308 9269
f 9297 9292 9270
f 9309 9293 9257
f 9310 9257 9272
f 9257 9310 9309
f 9295 9311 9265
f 9310 9272 9258
f 9258 9285 9310
f 9312 9298 9265
f 9283 9298 9299
f 9299 9313 9285
f 9286 9314 9287
f 9288 9251 9315
f 9300 9315 9251
f 9289 9300 9274
f 9291 9316 9278
f 9316 9279 9278
f 9317 9318 9319
f 9297 9280 9305
f 9281 9282 9320
f 9321 9294 9292
f 9295 9294 9322
f 9265 9311 9312
f 9323 9298 9312
f 9323 9299 9298
f 9323 9313 9299
f 9324 9273 9287
f 9325 9286 9288
f 9326 9315 9300
f 9273 9324 9301
f 9301 9327 9302
f 9303 9328 9289
f 9302 9329 9291
f 9304 9318 9317
f 9317 9303 9304
f 9330 9317 9319
f 9308 9281 9331
f 9332 9292 9297
f 9293 9320 9282
f 9321 9322 9294
f 9293 9309 9333
f 9285 9334 9310
f 9285 9313 9334
f 9335 9313 9323
f 9325 9314 9286
f 9325 9288 9315
f 9328 9300 9289
f 9327 9329 9302
f 9329 9316 9291
f 9316 9336 9279
f 9336 9296 9279
f 9320 9331 9281
f 9332 9321 9292
f 9311 9295 9322
f 9337 9309 9310
f 9338 9312 9311
f 9335 9339 9313
f 9287 9314 9324
f 9324 9340 9301
f 9300 9328 9326
f 9303 9341 9328
f 9336 9342 9296
f 9343 9305 9296
f 9305 9344 9297
f 9320 9293 9345
f 9338 9311 9346
f 9334 9337 9310
f 9339 9334 9313
f 9340 9327 9301
f 9303 9317 9347
f 9347 9348 9303
f 9349 9316 9329
f 9342 9350 9343
f 9343 9296 9342
f 9305 9343 9344
f 9344 9351 9297
f 9345 9331 9320
f 9332 9297 9351
f 9333 9352 9293
f 9333 9309 9337
f 9353 9311 9322
f 9338 9323 9312
f 9324 9314 9354
f 9326 9328 9355
f 9327 9349 9329
f 9303 9348 9341
f 9347 9317 9356
f 9356 9317 9330
f 9330 9357 9356
f 9342 9336 9358
f 9293 9352 9345
f 9337 9359 9333
f 9353 9346 9311
f 9339 9360 9334
f 9361 9323 9338
f 9323 9361 9335
f 9362 9354 9314
f 9362 9314 9325
f 9315 9363 9325
f 9326 9355 9315
f 9328 9364 9365
f 9365 9366 9328
f 9367 9368 9369
f 9336 9316 9358
f 9370 9371 9331
f 9345 9372 9331
f 9345 9352 9373
f 9373 9372 9345
f 9332 9374 9321
f 9321 9374 9322
f 9337 9375 9359
f 9334 9360 9337
f 9361 9339 9335
f 9340 9324 9376
f 9355 9328 9377
f 9377 9378 9355
f 9377 9328 9366
f 9327 9340 9379
f 9365 9364 9380
f 9349 9327 9379
f 9358 9316 9381
f 9382 9383 9384
f 9384 9385 9382
f 9342 9358 9350
f 9344 9343 9350
f 9372 9370 9331
f 9386 9373 9387
f 9351 9388 9332
f 9359 9352 9333
f 9374 9389 9322
f 9389 9353 9322
f 9337 9360 9375
f 9390 9360 9339
f 9391 9361 9338
f 9361 9390 9339
f 9354 9376 9324
f 9325 9363 9362
f 9364 9369 9392
f 9392 9380 9364
f 9393 9367 9394
f 9395 9396 9397
f 9398 9344 9350
f 9360 9399 9375
f 9391 9338 9346
f 9391 9390 9361
f 9355 9363 9315
f 9355 9378 9400
f 9369 9401 9392
f 9402 9367 9393
f 9403 9404 9396
f 9396 9405 9403
f 9395 9406 9407
f 9407 9396 9395
f 9408 9407 9406
f 9351 9344 9388
f 9332 9388 9374
f 9409 9391 9346
f 9390 9391 9410
f 9411 9362 9363
f 9412 9400 9378
f 9340 9376 9413
f 9412 9378 9414
f 9415 9412 9414
f 9340 9413 9379
f 9369 9368 9401
f 9381 9316 9349
f 9416 9358 9381
f 9358 9417 9350
f 9408 9386 9387
f 9387 9407 9408
f 9374 9418 9389
f 9353 9389 9346
f 9419 9409 9346
f 9399 9360 9420
f 9360 9390 9420
f 9391 9421 9410
f 9422 9354 9362
f 9362 9411 9422
f 9376 9354 9423
f 9423 9354 9424
f 9376 9423 9413
f 9425 9400 9412
f 9415 9426 9412
f 9427 9426 9415
f 9349 9379 9381
f 9405 9428 9429
f 9416 9417 9358
f 9398 9350 9417
f 9396 9430 9431
f 9407 9430 9396
f 9432 9344 9398
f 9430 9407 9433
f 9432 9388 9344
f 9387 9433 9407
f 9388 9434 9374
f 9352 9359 9435
f 9359 9375 9436
f 9409 9421 9391
f 9400 9363 9355
f 9423 9437 9413
f 9427 9425 9426
f 9381 9379 9438
f 9429 9428 9427
f 9438 9416 9381
f 9396 9431 9405
f 9387 9439 9433
f 9439 9387 9352
f 9375 9399 9436
f 9421 9420 9410
f 9420 9390 9410
f 9412 9426 9425
f 9379 9440 9438
f 9431 9430 9441
f 9439 9352 9435
f 9434 9418 9374
f 9436 9435 9359
f 9424 9354 9422
f 9411 9442 9422
f 9423 9424 9437
f 9443 9413 9437
f 9413 9440 9379
f 9405 9444 9428
f 9445 9417 9416
f 9431 9444 9405
f 9445 9398 9417
f 9446 9432 9398
f 9430 9433 9441
f 9434 9388 9432
f 9447 9418 9434
f 9389 9418 9419
f 9389 9419 9346
f 9399 9420 9448
f 9449 9424 9422
f 9442 9449 9422
f 9363 9450 9411
f 9437 9424 9449
f 9450 9363 9400
f 9451 9400 9425
f 9452 9440 9413
f 9427 9453 9425
f 9416 9438 9454
f 9446 9398 9445
f 9433 9439 9455
f 9439 9435 9455
f 9418 9447 9419
f 9421 9456 9420
f 9450 9457 9411
f 9458 9428 9444
f 9454 9445 9416
f 9433 9455 9459
f 9434 9432 9460
f 9434 9460 9447
f 9461 9419 9447
f 9457 9442 9411
f 9451 9450 9400
f 9452 9413 9443
f 9453 9427 9458
f 9452 9438 9440
f 9458 9427 9428
f 9454 9438 9452
f 9431 9462 9444
f 9454 9463 9445
f 9441 9462 9431
f 9433 9459 9441
f 9464 9455 9435
f 9436 9464 9435
f 9465 9409 9419
f 9409 9456 9421
f 9442 9466 9449
f 9442 9457 9466
f 9467 9437 9449
f 9443 9437 9467
f 9425 9468 9451
f 9453 9468 9425
f 9469 9454 9452
f 9470 9463 9454
f 9446 9445 9463
f 9460 9432 9446
f 9471 9459 9455
f 9465 9419 9461
f 9464 9436 9472
f 9473 9472 9436
f 9436 9399 9473
f 9448 9420 9456
f 9457 9474 9475
f 9474 9457 9450
f 9476 9467 9449
f 9477 9450 9451
f 9478 9443 9467
f 9478 9452 9443
f 9453 9479 9468
f 9458 9479 9453
f 9469 9452 9480
f 9481 9458 9444
f 9482 9463 9470
f 9483 9471 9455
f 9460 9461 9447
f 9455 9464 9483
f 9473 9399 9448
f 9484 9409 9465
f 9466 9476 9449
f 9457 9475 9466
f 9477 9474 9450
f 9451 9468 9477
f 9480 9452 9485
f 9458 9481 9479
f 9470 9454 9469
f 9486 9481 9444
f 9462 9486 9444
f 9486 9462 9441
f 9487 9463 9482
f 9487 9446 9463
f 9446 9487 9488
f 9459 9489 9441
f 9460 9446 9488
f 9472 9490 9464
f 9464 9490 9483
f 9473 9491 9472
f 9409 9484 9492
f 9409 9492 9456
f 9467 9476 9493
f 9494 9478 9467
f 9452 9478 9485
f 9479 9495 9468
f 9496 9479 9481
f 9469 9480 9470
f 9481 9486 9489
f 9489 9486 9441
f 9471 9489 9459
f 9461 9460 9488
f 9461 9488 9497
f 9465 9461 9498
f 9498 9484 9465
f 9448 9456 9499
f 9500 9474 9477
f 9468 9495 9477
f 9478 9494 9485
f 9480 9501 9470
f 9501 9482 9470
f 9502 9481 9489
f 9488 9487 9503
f 9489 9471 9502
f 9461 9497 9498
f 9472 9491 9490
f 9499 9473 9448
f 9492 9504 9456
f 9456 9504 9499
f 9466 9475 9476
f 9474 9505 9475
f 9493 9476 9475
f 9506 9474 9500
f 9479 9496 9495
f 9480 9485 9507
f 9481 9508 9496
f 9482 9501 9487
f 9503 9497 9488
f 9483 9509 9471
f 9484 9498 9510
f 9490 9491 9511
f 9484 9512 9492
f 9504 9492 9512
f 9475 9505 9493
f 9513 9500 9477
f 9467 9493 9514
f 9495 9513 9477
f 9513 9495 9515
f 9495 9496 9515
f 9494 9516 9485
f 9485 9516 9507
f 9515 9496 9508
f 9501 9480 9507
f 9481 9502 9508
f 9497 9503 9517
f 9497 9517 9498
f 9518 9471 9509
f 9490 9509 9483
f 9484 9510 9512
f 9519 9499 9504
f 9473 9499 9520
f 9521 9505 9474
f 9521 9474 9506
f 9522 9523 9500
f 9505 9514 9493
f 9522 9500 9513
f 9514 9494 9467
f 9508 9524 9515
f 9524 9508 9525
f 9487 9501 9503
f 9502 9525 9508
f 9503 9501 9526
f 9527 9525 9502
f 9517 9503 9526
f 9527 9502 9528
f 9471 9528 9502
f 9471 9518 9528
f 9509 9490 9511
f 9512 9519 9504
f 9473 9520 9491
f 9521 9529 9505
f 9506 9530 9521
f 9523 9506 9500
f 9523 9530 9506
f 9505 9529 9514
f 9531 9522 9513
f 9515 9531 9513
f 9515 9524 9532
f 9532 9524 9533
f 9524 9534 9533
f 9534 9524 9525
f 9535 9507 9536
f 9535 9501 9507
f 9535 9536 9526
f 9535 9526 9501
f 9525 9537 9534
f 9517 9526 9538
f 9537 9525 9527
f 9528 9539 9527
f 9517 9540 9498
f 9510 9541 9512
f 9512 9541 9519
f 9542 9520 9499
f 9542 9499 9519
f 9491 9520 9511
f 9543 9529 9521
f 9514 9529 9544
f 9514 9544 9494
f 9532 9531 9515
f 9494 9545 9516
f 9516 9536 9507
f 9536 9546 9526
f 9527 9539 9537
f 9517 9538 9540
f 9542 9547 9548
f 9547 9549 9548
f 9509 9549 9518
f 9510 9498 9540
f 9548 9549 9509
f 9541 9510 9540
f 9511 9548 9509
f 9520 9542 9548
f 9519 9550 9542
f 9511 9520 9548
f 9530 9551 9521
f 9543 9521 9551
f 9530 9523 9552
f 9553 9552 9523
f 9522 9553 9523
f 9544 9529 9543
f 9553 9522 9531
f 9545 9494 9544
f 9536 9516 9545
f 9554 9555 9534
f 9526 9556 9538
f 9539 9557 9537
f 9557 9539 9558
f 9528 9558 9539
f 9518 9558 9528
f 9549 9558 9518
f 9540 9559 9541
f 9547 9542 9560
f 9541 9559 9550
f 9542 9550 9561
f 9519 9541 9550
f 9530 9552 9551
f 9562 9543 9551
f 9563 9552 9553
f 9544 9543 9562
f 9563 9551 9552
f 9564 9563 9553
f 9565 9564 9553
f 9532 9553 9531
f 9565 9553 9532
f 9533 9565 9532
f 9566 9544 9562
f 9544 9567 9545
f 9544 9566 9567
f 9568 9565 9533
f 9568 9533 9555
f 9569 9565 9568
f 9534 9555 9533
f 9570 9567 9566
f 9545 9567 9570
f 9536 9545 9546
f 9571 9570 9566
f 9568 9555 9554
f 9546 9545 9570
f 9572 9569 9568
f 9573 9546 9570
f 9572 9568 9554
f 9537 9554 9534
f 9556 9546 9573
f 9557 9572 9554
f 9556 9526 9546
f 9557 9554 9537
f 9557 9558 9574
f 9575 9560 9576
f 9540 9538 9556
f 9540 9556 9577
f 9559 9540 9577
f 9560 9575 9547
f 9547 9575 9558
f 9547 9558 9549
f 9561 9578 9560
f 9559 9577 9579
f 9542 9561 9560
f 9550 9579 9580
f 9579 9550 9559
f 9550 9580 9578
f 9550 9578 9561
f 9581 9562 9551
f 9581 9551 9582
f 9563 9582 9551
f 9564 9582 9563
f 9581 9583 9562
f 9566 9562 9583
f 9584 9582 9564
f 9565 9569 9564
f 9584 9564 9569
f 9585 9581 9582
f 9585 9582 9584
f 9584 9569 9586
f 9571 9566 9583
f 9570 9571 9573
f 9572 9586 9569
f 9574 9572 9557
f 9556 9573 9587
f 9577 9556 9587
f 9576 9574 9575
f 9575 9574 9558
f 9577 9587 9579
f 9578 9576 9560
f 9580 9579 9588
f 9580 9588 9578
f 9589 9583 9581
f 9585 9589 9581
f 9590 9589 9585
f 9586 9585 9584
f 9583 9589 9571
f 9591 9590 9585
f 9591 9585 9586
f 9592 9591 9586
f 9593 9571 9589
f 9594 9590 9591
f 9573 9571 9593
f 9593 9595 9596
f 9594 9591 9592
f 9592 9586 9572
f 9587 9573 9596
f 9596 9573 9593
f 9592 9572 9574
f 9576 9594 9592
f 9576 9592 9574
f 9588 9596 9595
f 9588 9595 9576
f 9588 9587 9596
f 9579 9587 9588
f 9578 9588 9576
f 9597 9589 9590
f 9589 9597 9593
f 9597 9590 9594
f 9595 9593 9597
f 9595 9597 9594
f 9576 9595 9594
f 9150 9128 9148
f 9150 9165 9143
f 9247 9598 9599
f 9599 9255 9247
f 9600 9601 9371
f 9371 9602 9600
f 9602 9371 9404
f 9397 9396 9404
f 9404 9371 9397
f 9603 9405 9429
f 9604 9603 9429
f 9393 9604 9429
f 9393 9429 9402
f 9402 9429 9605
f 9605 9429 9427
f 9427 9606 9605
f 9606 9427 9415
f 9277 9607 9608
f 9608 9290 9277
f 9319 9609 9383
f 9383 9330 9319
f 9383 9382 9357
f 9357 9330 9383
f 9402 9605 9368
f 9368 9367 9402
f 9368 9605 9606
f 9606 9401 9368
f 9415 9392 9401
f 9401 9606 9415
f 9392 9415 9380
f 9414 9365 9380
f 9380 9415 9414
f 9365 9414 9366
f 9414 9378 9377
f 9377 9366 9414
f 9610 9611 9612
f 9612 9613 9610
f 9614 9598 9247
f 9614 9247 9268
f 9268 9306 9615
f 9614 9268 9615
f 9616 9611 9610
f 9609 9617 9618
f 9618 9619 9609
f 9617 9620 9621
f 9621 9618 9617
f 9617 9609 9319
f 9319 9318 9617
f 9318 9304 9622
f 9623 9307 9308
f 9624 9623 9308
f 9308 9625 9616
f 9624 9308 9616
f 9601 9600 9626
f 9626 9625 9601
f 9308 9601 9625
f 9601 9308 9331
f 9331 9371 9601
f 9370 9395 9397
f 9397 9371 9370
f 9395 9370 9406
f 9406 9370 9372
f 9372 9408 9406
f 9408 9372 9386
f 9386 9372 9373
f 9373 9352 9387
f 9627 9628 9629
f 9629 9630 9627
f 9629 9628 9631
f 9631 9632 9629
f 9633 9634 9635
f 9635 9636 9633
f 9629 9618 9621
f 9621 9630 9629
f 9629 9632 9619
f 9619 9618 9629
f 9636 9635 9385
f 9385 9384 9636
f 9612 9611 9628
f 9628 9627 9612
f 9628 9611 9626
f 9626 9631 9628
f 9602 9634 9633
f 9633 9600 9602
f 9383 9609 9619
f 9619 9384 9383
f 9619 9632 9636
f 9636 9384 9619
f 9632 9631 9633
f 9633 9636 9632
f 9631 9626 9600
f 9600 9633 9631
f 9637 9638 9621
f 9621 9620 9637
f 9638 9639 9630
f 9630 9621 9638
f 9630 9639 9640
f 9640 9627 9630
f 9640 9641 9612
f 9612 9627 9640
f 9267 9266 9607
f 9607 9277 9267
f 9642 9643 9638
f 9638 9637 9642
f 9643 9644 9639
f 9639 9638 9643
f 9639 9644 9645
f 9645 9640 9639
f 9645 9614 9641
f 9641 9640 9645
f 9641 9614 9615
f 9615 9646 9641
f 9612 9641 9646
f 9646 9613 9612
f 9304 9290 9608
f 9608 9622 9304
f 9266 9642 9637
f 9637 9607 9266
f 9607 9637 9620
f 9620 9608 9607
f 9620 9617 9622
f 9622 9608 9620
f 9622 9617 9318
f 9306 9307 9646
f 9646 9615 9306
f 9646 9307 9623
f 9623 9613 9646
f 9613 9623 9624
f 9624 9610 9613
f 9610 9624 9616
f 9626 9611 9616
f 9616 9625 9626
f 9404 9403 9634
f 9634 9602 9404
f 9403 9405 9603
f 9403 9603 9635
f 9634 9403 9635
f 9635 9603 9604
f 9604 9385 9635
f 9385 9604 9393
f 9385 9393 9394
f 9385 9394 9382
f 9394 9367 9357
f 9357 9382 9394
f 9357 9367 9356
f 9369 9347 9356
f 9356 9367 9369
f 9347 9369 9348
f 9348 9369 9364
f 9364 9341 9348
f 9341 9364 9328
f 9642 9647 9643
f 9647 9648 9644
f 9644 9643 9647
f 9648 9599 9645
f 9645 9644 9648
f 9599 9598 9614
f 9614 9645 9599
f 9246 9647 9642
f 9642 9266 9246
f 9599 9648 9255
f 9255 9246 9222
f 9648 9647 9246
f 9246 9255 9648
f 8883 8872 8861
f 8922 8883 8894
f 8984 8971 8948
f 8948 8947 8935
f 8949 8959 8941
f 8941 8950 8949
f 8941 8959 8966
f 8935 8936 8940
f 8940 8948 8935
f 8982 8985 8984
f 8940 8984 8948
f 8966 8940 8941
f 8940 8966 8977
f 8984 8940 8977
f 8977 8982 8984
g Microwave_node0
usemtl itu_metal
v -8.765520 0.809141 2.196160
v -8.764490 1.036320 2.229320
v -8.765520 1.003160 2.196160
v -8.777960 1.003160 1.792790
v -8.777960 0.809141 1.792790
v -8.778979 0.775973 1.759640
v -8.778979 1.036320 1.759640
v -8.780010 0.820156 1.726340
v -8.781770 0.794756 1.669210
v -8.780010 0.794756 1.726340
v -8.781770 0.820156 1.669210
v -8.775479 0.969590 1.667210
v -8.774870 0.955446 1.687140
v -8.773910 0.969057 1.718280
v -8.780129 0.937840 1.722370
v -8.773690 0.945497 1.725350
v -8.773789 0.937840 1.722180
v -8.779799 0.886340 1.733310
v -8.779930 0.889095 1.728940
v -8.782149 0.886340 1.657150
v -8.779799 0.911740 1.733310
v -8.779930 0.908145 1.728940
v -8.780519 0.908145 1.709900
v -8.780680 0.908395 1.704830
v -8.781260 0.908395 1.685780
v -8.781430 0.908670 1.680240
v -8.782020 0.908670 1.661200
v -8.780730 0.984383 1.703100
v -8.780290 0.976166 1.717330
v -8.779890 0.999402 1.730400
v -8.782020 0.889620 1.661200
v -8.781260 0.889345 1.685780
v -8.780519 0.889095 1.709900
v -8.779990 1.002610 1.727190
v -8.780980 0.985465 1.694890
v -8.782149 0.911740 1.657150
v -8.780680 0.889345 1.704830
v -8.781670 0.976166 1.672450
v -8.775129 0.981211 1.678830
v -8.781469 0.981211 1.679020
v -8.767480 0.963261 1.720680
v -8.774790 0.949650 1.689730
v -8.773829 0.963261 1.720870
v -8.768440 0.949650 1.689530
v -8.768519 0.955446 1.686940
v -8.767560 0.969057 1.718080
v -8.781430 0.889620 1.680240
v -8.779540 0.775795 1.741500
v -8.782480 0.775795 1.646300
v -8.779540 1.036140 1.741500
v -8.780040 0.945497 1.725540
v -8.780490 0.926219 1.710760
v -8.780290 0.931264 1.717330
v -8.780730 0.923047 1.703100
v -9.170340 0.760000 1.635870
v -8.783170 1.052100 1.623920
v -9.170340 1.052100 1.635870
v -8.780000 0.953715 1.726620
v -8.780040 0.961932 1.725540
v -8.780129 0.969590 1.722370
v -8.779890 1.024800 1.730400
v -8.781240 0.923047 1.686680
v -8.780980 0.921965 1.694890
v -8.782480 1.036140 1.646300
v -8.781930 0.945497 1.664240
v -8.781830 0.937840 1.667410
v -8.781670 0.931264 1.672450
v -8.781469 0.926219 1.679020
v -8.781960 0.953715 1.663150
v -8.781930 0.961932 1.664240
v -8.781830 0.969590 1.667410
v -8.782040 1.024800 1.660580
v -8.782040 0.999402 1.660580
v -8.781240 0.984383 1.686680
v -8.763850 1.052100 2.250370
v -9.151010 1.052100 2.262310
v -8.764490 0.775973 2.229320
v -8.763850 0.760000 2.250370
v -8.783170 0.760000 1.623920
v -8.957430 0.760000 2.256340
v -8.773660 0.953715 1.726430
v -8.775479 0.937840 1.667210
v -9.151010 0.760000 2.262310
v -8.779990 1.021590 1.727190
v -8.781940 1.021590 1.663790
v -8.781940 1.002610 1.663790
v -8.774640 0.921965 1.694690
v -8.774890 0.923047 1.686480
v -8.774150 0.981211 1.710560
v -8.775330 0.976166 1.672250
v -8.774380 0.923047 1.702910
v -8.774150 0.926219 1.710560
v -8.775129 0.926219 1.678830
v -8.773940 0.931264 1.717130
v -8.775330 0.931264 1.672250
v -8.775579 0.945497 1.664040
v -8.780490 0.981211 1.710760
v -8.773789 0.969590 1.722180
v -8.775610 0.953715 1.662960
v -8.775579 0.961932 1.664040
v -8.773940 0.976166 1.717130
v -8.774380 0.984383 1.702910
v -8.774890 0.984383 1.686480
v -8.774640 0.985465 1.694690
v -8.773690 0.961932 1.725350
v -8.935400 0.760000 2.156250
v -8.977170 0.760000 2.156410
v -8.895100 0.760000 2.145280
v -8.859010 0.760000 2.124250
v -8.829590 0.760000 2.094600
v -8.808849 0.760000 2.058350
v -8.798200 0.760000 2.017960
v -8.798300 0.760000 1.992800
v -8.798360 0.760000 1.976190
v -8.809330 0.760000 1.935890
v -8.830359 0.760000 1.899800
v -8.860010 0.760000 1.870380
v -8.896259 0.760000 1.849640
v -8.936649 0.760000 1.838990
v -9.115459 0.760000 2.019210
v -9.104489 0.760000 2.059510
v -9.083460 0.760000 2.095600
v -9.053810 0.760000 2.125020
v -9.017560 0.760000 2.145760
v -9.115620 0.760000 1.977440
v -9.104970 0.760000 1.937050
v -9.084229 0.760000 1.900800
v -9.054810 0.760000 1.871150
v -9.018720 0.760000 1.850120
v -8.978419 0.760000 1.839150
v -8.961800 0.760000 1.839080
f 9649 9650 9651
f 9651 9650 9652
f 9653 9654 9649
f 9655 9653 9652
f 9655 9652 9650
f 9656 9657 9658
f 9657 9656 9659
f 9660 9661 9662
f 9663 9664 9665
f 9666 9667 9668
f 9667 9666 9669
f 9667 9669 9670
f 9670 9671 9667
f 9672 9669 9673
f 9674 9669 9675
f 9676 9677 9678
f 9679 9668 9680
f 9680 9668 9681
f 9681 9668 9667
f 9682 9683 9678
f 9684 9679 9675
f 9684 9675 9669
f 9671 9685 9681
f 9685 9671 9672
f 9686 9687 9688
f 9689 9690 9691
f 9690 9689 9692
f 9689 9693 9692
f 9693 9689 9694
f 9679 9695 9674
f 9661 9694 9662
f 9694 9661 9693
f 9696 9658 9697
f 9658 9696 9666
f 9666 9696 9698
f 9658 9666 9656
f 9656 9666 9659
f 9666 9698 9669
f 9669 9698 9699
f 9669 9699 9663
f 9661 9692 9693
f 9700 9669 9701
f 9669 9702 9684
f 9703 9704 9705
f 9699 9698 9706
f 9706 9698 9707
f 9707 9698 9708
f 9708 9698 9678
f 9708 9678 9677
f 9676 9678 9683
f 9678 9698 9709
f 9710 9702 9711
f 9697 9668 9712
f 9668 9697 9657
f 9657 9697 9658
f 9668 9657 9659
f 9668 9659 9666
f 9712 9684 9713
f 9713 9684 9714
f 9714 9684 9715
f 9715 9684 9716
f 9716 9684 9710
f 9712 9713 9717
f 9712 9717 9718
f 9712 9718 9719
f 9720 9709 9698
f 9721 9686 9688
f 9721 9688 9722
f 9721 9722 9683
f 9695 9680 9673
f 9721 9720 9712
f 9705 9723 9724
f 9723 9705 9704
f 9696 9654 9653
f 9654 9696 9725
f 9698 9655 9712
f 9726 9725 9727
f 9725 9726 9723
f 9727 9725 9696
f 9725 9650 9649
f 9727 9697 9704
f 9697 9727 9696
f 9704 9697 9712
f 9723 9728 9724
f 9655 9704 9712
f 9729 9730 9664
f 9705 9731 9703
f 9731 9705 9724
f 9679 9674 9675
f 9682 9678 9709
f 9682 9709 9732
f 9732 9709 9733
f 9721 9734 9720
f 9734 9721 9682
f 9720 9734 9733
f 9735 9710 9711
f 9710 9735 9736
f 9737 9738 9660
f 9739 9736 9735
f 9736 9739 9740
f 9736 9740 9741
f 9741 9740 9742
f 9741 9742 9743
f 9743 9742 9665
f 9743 9665 9730
f 9730 9665 9664
f 9662 9689 9691
f 9744 9729 9690
f 9676 9737 9745
f 9691 9746 9662
f 9690 9747 9744
f 9747 9690 9661
f 9747 9661 9748
f 9660 9662 9746
f 9660 9746 9749
f 9739 9711 9702
f 9680 9685 9672
f 9687 9737 9750
f 9687 9750 9751
f 9751 9750 9752
f 9736 9716 9710
f 9716 9736 9741
f 9740 9702 9700
f 9702 9740 9739
f 9742 9700 9701
f 9700 9742 9740
f 9742 9663 9665
f 9663 9742 9701
f 9664 9706 9729
f 9706 9664 9699
f 9706 9753 9729
f 9753 9706 9707
f 9707 9746 9753
f 9746 9707 9708
f 9708 9749 9746
f 9749 9708 9677
f 9745 9749 9677
f 9749 9745 9737
f 9753 9691 9729
f 9683 9750 9676
f 9750 9683 9752
f 9722 9752 9683
f 9752 9722 9751
f 9688 9751 9722
f 9751 9688 9687
f 9686 9660 9738
f 9660 9686 9719
f 9719 9748 9660
f 9748 9719 9718
f 9718 9747 9748
f 9747 9718 9717
f 9747 9713 9744
f 9713 9747 9717
f 9744 9714 9730
f 9714 9744 9713
f 9730 9715 9743
f 9715 9730 9714
f 9741 9715 9716
f 9715 9741 9743
f 9668 9684 9712
f 9660 9748 9661
f 9663 9699 9664
f 9670 9669 9671
f 9671 9681 9667
f 9669 9672 9671
f 9676 9745 9677
f 9682 9721 9683
f 9686 9738 9687
f 9679 9680 9695
f 9661 9690 9692
f 9700 9702 9669
f 9669 9663 9701
f 9703 9727 9704
f 9710 9684 9702
f 9720 9733 9709
f 9674 9695 9673
f 9680 9672 9673
f 9673 9669 9674
f 9719 9686 9721
f 9720 9698 9712
f 9712 9719 9721
f 9653 9655 9698
f 9698 9696 9653
f 9723 9655 9650
f 9649 9654 9725
f 9723 9650 9725
f 9731 9724 9728
f 9723 9726 9728
f 9655 9723 9704
f 9729 9744 9730
f 9660 9749 9737
f 9737 9687 9738
f 9662 9694 9689
f 9676 9750 9737
f 9739 9735 9711
f 9680 9681 9685
f 9690 9729 9691
f 9753 9746 9691
f 9668 9679 9684
f 9652 9649 9651
f 9652 9653 9649
f 9733 9682 9732
f 9733 9734 9682
f 9726 9754 9755
f 9754 9726 9756
f 9756 9726 9757
f 9757 9726 9758
f 9758 9726 9759
f 9759 9726 9760
f 9760 9726 9727
f 9760 9727 9761
f 9761 9727 9762
f 9762 9727 9763
f 9763 9727 9764
f 9764 9727 9765
f 9765 9727 9766
f 9766 9727 9767
f 9767 9727 9703
f 9731 9768 9703
f 9768 9731 9769
f 9769 9731 9770
f 9770 9731 9728
f 9770 9728 9771
f 9771 9728 9772
f 9772 9728 9726
f 9772 9726 9755
f 9703 9768 9773
f 9703 9773 9774
f 9703 9774 9775
f 9703 9775 9776
f 9703 9776 9777
f 9703 9777 9778
f 9703 9778 9779
f 9703 9779 9767
f 9754 9772 9755
f 9772 9754 9756
f 9772 9756 9771
f 9771 9756 9757
f 9771 9757 9770
f 9770 9757 9758
f 9770 9758 9769
f 9769 9758 9759
f 9769 9759 9768
f 9768 9759 9760
f 9768 9760 9773
f 9773 9760 9761
f 9773 9761 9762
f 9773 9762 9774
f 9774 9762 9763
f 9774 9763 9775
f 9775 9763 9764
f 9775 9764 9776
f 9776 9764 9765
f 9776 9765 9777
f 9777 9765 9766
f 9777 9766 9778
f 9778 9766 9779
f 9779 9766 9767
g Mini_Fridge_node0
usemtl itu_metal
v -8.521359 0.417540 0.134833
v -8.512730 0.646783 0.613923
v -8.512730 0.052917 0.613923
v -8.521359 0.052917 0.134833
v -8.521359 0.646783 0.134833
v -8.511559 0.000092 0.679128
v -9.132040 0.000092 0.080605
v -8.522540 0.000092 0.069627
v -8.511559 0.699608 0.679128
v -9.132040 0.699608 0.080605
v -9.121059 0.699608 0.690107
v -8.521870 0.417540 0.106937
v -8.522540 0.699608 0.069627
v -8.502820 0.417540 0.106594
v -8.521870 0.271087 0.106937
v -8.502319 0.271087 0.134489
v -8.502820 0.271087 0.106594
v -8.502319 0.417540 0.134489
v -8.521359 0.271087 0.134833
v -9.121059 0.000092 0.690107
f 9780 9781 9782
f 9782 9783 9780
f 9780 9784 9781
f 9785 9786 9787
f 9788 9789 9790
f 9790 9785 9788
f 9788 9782 9781
f 9791 9787 9792
f 9789 9787 9786
f 9793 9794 9791
f 9795 9794 9796
f 9797 9798 9795
f 9797 9791 9780
f 9786 9790 9789
f 9785 9799 9786
f 9788 9792 9789
f 9790 9799 9785
f 9788 9785 9782
f 9794 9798 9783
f 9783 9782 9785
f 9792 9788 9784
f 9784 9780 9791
f 9788 9781 9784
f 9783 9785 9787
f 9794 9783 9787
f 9792 9784 9791
f 9791 9794 9787
f 9789 9792 9787
f 9793 9796 9794
f 9795 9798 9794
f 9797 9780 9798
f 9797 9793 9791
f 9786 9799 9790
f 9796 9797 9795
f 9796 9793 9797
g Office_Chair_2__node0
usemtl itu_concrete
v -6.457100 -0.000000 6.269440
v -6.481480 0.055572 6.269440
v -6.457100 0.055572 6.269440
v -6.481480 0.121249 6.494990
v -6.481480 -0.000000 6.269440
v -6.319330 0.759592 6.876600
v -6.582670 0.427939 6.876600
v -6.260810 0.427939 6.876600
v -6.457100 0.121249 6.494990
v -6.582670 0.534924 6.353560
v -6.582670 0.427939 6.731520
v -6.582670 0.534924 6.731520
v -6.457100 0.055572 6.793700
v -6.481480 -0.000000 6.793700
v -6.457100 -0.000000 6.793700
v -6.621690 1.176830 6.816860
v -6.582670 0.427939 6.817930
v -6.484950 0.427939 6.818150
v -6.192530 0.534924 6.816860
v -6.504650 0.534924 6.816860
v -6.260810 0.427939 6.816860
v -6.621690 1.176830 6.268220
v -6.562980 0.427939 6.354860
v -6.484950 0.427939 6.269510
v -6.504650 0.427939 6.816860
v -6.641200 0.759592 6.816860
v -6.319330 0.759592 6.816860
v -6.641200 0.759592 6.268220
v -6.504650 0.427939 6.268220
v -6.319330 0.759592 6.268220
v -6.192530 0.427939 6.268220
v -6.192530 0.534924 6.268220
v -6.260810 0.427939 6.208480
v -6.319330 0.759592 6.208480
v -6.505860 0.121249 6.543760
v -6.731420 0.055572 6.543760
v -6.731420 -0.000000 6.543760
v -6.719410 1.176830 6.268220
v -6.664360 0.427939 6.354450
v -6.801100 1.176830 6.353160
v -6.699720 1.176830 6.353560
v -6.801960 1.176830 6.731520
v -6.457100 0.121249 6.568140
v -6.457100 0.176822 6.494990
v -6.481480 0.176822 6.494990
v -6.505860 0.404164 6.494990
v -6.582670 0.427939 6.208480
v -6.201060 0.055572 6.543760
v -6.426620 0.176822 6.519380
v -6.426620 0.176822 6.543760
v -6.641200 0.759592 6.876600
v -6.457100 0.176822 6.568140
v -6.505860 0.404164 6.568140
v -6.481480 0.176822 6.568140
v -6.505860 0.176822 6.519380
v -6.505860 0.176822 6.543760
v -6.641200 0.759592 6.208480
v -6.582670 0.427939 6.268220
v -6.504650 0.534924 6.268220
v -6.260810 0.427939 6.268220
v -6.582670 0.427939 6.353560
v -6.201060 -0.000000 6.543760
v -6.426620 0.121249 6.519380
v -6.201060 -0.000000 6.519380
v -6.562980 0.427939 6.732810
v -6.699720 1.176830 6.731520
v -6.665230 0.427939 6.732810
v -6.505860 0.121249 6.519380
v -6.731420 0.055572 6.519380
v -6.426620 0.121249 6.543760
v -6.426620 0.404164 6.494990
v -6.201060 0.055572 6.519380
v -6.582670 0.427939 6.269510
v -6.481480 0.055572 6.793700
v -6.481480 0.121249 6.568140
v -6.719410 1.176830 6.816640
v -6.731420 -0.000000 6.519380
v -6.192530 0.427939 6.816860
v -6.582670 0.427939 6.816860
v -6.426620 0.121249 6.494990
v -6.505860 0.121249 6.494990
v -6.426620 0.121249 6.568140
v -6.426620 0.404164 6.568140
v -6.505860 0.121249 6.568140
f 9800 9801 9802
f 9803 9801 9804
f 9805 9806 9807
f 9802 9808 9800
f 9809 9810 9811
f 9812 9813 9814
f 9815 9816 9817
f 9818 9819 9820
f 9821 9822 9823
f 9811 9824 9819
f 9825 9805 9826
f 9827 9828 9829
f 9809 9811 9818
f 9825 9826 9824
f 9818 9830 9831
f 9829 9832 9833
f 9834 9835 9836
f 9837 9838 9839
f 9840 9839 9841
f 9842 9812 9814
f 9843 9844 9845
f 9828 9846 9832
f 9847 9848 9849
f 9825 9816 9850
f 9851 9852 9853
f 9852 9854 9855
f 9856 9857 9827
f 9858 9831 9859
f 9858 9860 9809
f 9861 9862 9863
f 9805 9820 9826
f 9815 9864 9865
f 9813 9842 9814
f 9822 9864 9866
f 9867 9868 9854
f 9808 9869 9834
f 9868 9836 9835
f 9865 9822 9840
f 9849 9848 9870
f 9847 9863 9871
f 9847 9869 9861
f 9872 9821 9823
f 9803 9800 9808
f 9873 9874 9813
f 9871 9862 9848
f 9807 9816 9820
f 9846 9833 9832
f 9808 9844 9843
f 9812 9853 9873
f 9849 9862 9848
f 9875 9866 9816
f 9830 9820 9860
f 9854 9834 9855
f 9834 9876 9867
f 9851 9874 9842
f 9856 9829 9833
f 9855 9868 9835
f 9843 9801 9844
f 9841 9838 9866
f 9800 9804 9801
f 9803 9844 9801
f 9805 9850 9806
f 9802 9843 9808
f 9809 9860 9810
f 9812 9873 9813
f 9815 9875 9816
f 9824 9820 9819
f 9877 9818 9820
f 9821 9840 9822
f 9811 9810 9824
f 9825 9850 9805
f 9859 9829 9828
f 9827 9857 9828
f 9818 9831 9809
f 9858 9809 9831
f 9811 9819 9818
f 9820 9824 9826
f 9878 9825 9824
f 9818 9877 9830
f 9829 9859 9832
f 9834 9855 9835
f 9837 9872 9838
f 9840 9821 9837
f 9837 9839 9840
f 9841 9875 9865
f 9865 9840 9841
f 9875 9815 9865
f 9842 9851 9812
f 9845 9870 9843
f 9879 9808 9843
f 9844 9803 9880
f 9870 9879 9843
f 9844 9880 9845
f 9832 9859 9828
f 9828 9857 9846
f 9847 9871 9848
f 9806 9850 9816
f 9825 9878 9816
f 9851 9842 9881
f 9881 9882 9851
f 9852 9883 9853
f 9883 9874 9853
f 9851 9882 9852
f 9834 9883 9855
f 9852 9845 9854
f 9880 9867 9854
f 9855 9883 9852
f 9845 9880 9854
f 9856 9846 9857
f 9830 9859 9831
f 9828 9858 9859
f 9858 9828 9860
f 9861 9869 9862
f 9805 9807 9820
f 9815 9817 9864
f 9813 9874 9842
f 9866 9838 9822
f 9872 9823 9822
f 9864 9817 9816
f 9872 9822 9838
f 9816 9866 9864
f 9867 9876 9868
f 9880 9803 9867
f 9808 9879 9862
f 9869 9881 9883
f 9808 9862 9869
f 9867 9803 9808
f 9869 9883 9834
f 9834 9867 9808
f 9868 9876 9836
f 9865 9864 9822
f 9870 9882 9849
f 9881 9869 9849
f 9848 9862 9879
f 9882 9881 9849
f 9848 9879 9870
f 9847 9861 9863
f 9847 9849 9869
f 9872 9837 9821
f 9803 9804 9800
f 9873 9853 9874
f 9871 9863 9862
f 9878 9820 9816
f 9807 9806 9816
f 9846 9856 9833
f 9808 9803 9844
f 9812 9851 9853
f 9849 9869 9862
f 9875 9841 9866
f 9810 9860 9820
f 9828 9830 9860
f 9820 9824 9810
f 9830 9877 9820
f 9854 9867 9834
f 9834 9836 9876
f 9851 9853 9874
f 9856 9827 9829
f 9855 9854 9868
f 9843 9802 9801
f 9841 9839 9838
g Office_Chair_node0
usemtl itu_concrete
v 6.360390 0.000047 -2.941000
v 6.360390 0.054908 -2.966910
v 6.360390 0.054908 -2.941000
v 6.120740 0.119742 -2.966910
v 6.360390 0.000047 -2.966910
v 5.715280 0.749901 -2.794620
v 5.715280 0.422500 -3.074430
v 5.715280 0.422500 -2.732440
v 6.120740 0.119742 -2.941000
v 6.271000 0.528113 -3.074430
v 5.869430 0.422500 -3.074430
v 5.869430 0.528113 -3.074430
v 5.803360 0.054908 -2.941000
v 5.803360 0.000047 -2.966910
v 5.803360 0.000047 -2.941000
v 5.778750 1.161790 -3.115880
v 5.777610 0.422500 -3.074430
v 5.777380 0.422500 -2.970600
v 5.778750 0.528113 -2.659900
v 5.778750 0.528113 -2.991520
v 5.778750 0.422500 -2.732440
v 6.361680 1.161790 -3.115880
v 6.269630 0.422500 -3.053500
v 6.360310 0.422500 -2.970600
v 5.778750 0.422500 -2.991520
v 5.778750 0.749901 -3.136610
v 5.778750 0.749901 -2.794620
v 6.361680 0.749901 -3.136610
v 6.361680 0.422500 -2.991520
v 6.361680 0.749901 -2.794620
v 6.361680 0.422500 -2.659900
v 6.361680 0.528113 -2.659900
v 6.425160 0.422500 -2.732440
v 6.425160 0.749901 -2.794620
v 6.068920 0.119742 -2.992820
v 6.068920 0.054908 -3.232470
v 6.068920 0.000047 -3.232470
v 6.361680 1.161790 -3.219710
v 6.270060 0.422500 -3.161220
v 6.271430 1.161790 -3.306500
v 6.271000 1.161790 -3.198780
v 5.869430 1.161790 -3.307420
v 6.043010 0.119742 -2.941000
v 6.120740 0.174603 -2.941000
v 6.120740 0.174603 -2.966910
v 6.120740 0.399031 -2.992820
v 6.425160 0.422500 -3.074430
v 6.068920 0.054908 -2.668970
v 6.094830 0.174603 -2.908620
v 6.068920 0.174603 -2.908620
v 5.715280 0.749901 -3.136610
v 6.043010 0.174603 -2.941000
v 6.043010 0.399031 -2.992820
v 6.043010 0.174603 -2.966910
v 6.094830 0.174603 -2.992820
v 6.068920 0.174603 -2.992820
v 6.425160 0.749901 -3.136610
v 6.361680 0.422500 -3.074430
v 6.361680 0.528113 -2.991520
v 6.361680 0.422500 -2.732440
v 6.271000 0.422500 -3.074430
v 6.068920 0.000047 -2.668970
v 6.094830 0.119742 -2.908620
v 6.094830 0.000047 -2.668970
v 5.868060 0.422500 -3.053500
v 5.869430 1.161790 -3.198780
v 5.868060 0.422500 -3.162140
v 6.094830 0.119742 -2.992820
v 6.094830 0.054908 -3.232470
v 6.068920 0.119742 -2.908620
v 6.120740 0.399031 -2.908620
v 6.094830 0.054908 -2.668970
v 6.360310 0.422500 -3.074430
v 5.803360 0.054908 -2.966910
v 6.043010 0.119742 -2.966910
v 5.778980 1.161790 -3.219710
v 6.094830 0.000047 -3.232470
v 5.778750 0.422500 -2.659900
v 5.778750 0.422500 -3.074430
v 6.120740 0.119742 -2.908620
v 6.120740 0.119742 -2.992820
v 6.043010 0.119742 -2.908620
v 6.043010 0.399031 -2.908620
v 6.043010 0.119742 -2.992820
f 9884 9885 9886
f 9887 9885 9888
f 9889 9890 9891
f 9886 9892 9884
f 9893 9894 9895
f 9896 9897 9898
f 9899 9900 9901
f 9902 9903 9904
f 9905 9906 9907
f 9895 9908 9903
f 9909 9889 9910
f 9911 9912 9913
f 9893 9895 9902
f 9909 9910 9908
f 9902 9914 9915
f 9913 9916 9917
f 9918 9919 9920
f 9921 9922 9923
f 9924 9923 9925
f 9926 9896 9898
f 9927 9928 9929
f 9912 9930 9916
f 9931 9932 9933
f 9909 9900 9934
f 9935 9936 9937
f 9936 9938 9939
f 9940 9941 9911
f 9942 9915 9943
f 9942 9944 9893
f 9945 9946 9947
f 9889 9904 9910
f 9899 9948 9949
f 9897 9926 9898
f 9906 9948 9950
f 9951 9952 9938
f 9892 9953 9918
f 9952 9920 9919
f 9949 9906 9924
f 9933 9932 9954
f 9931 9947 9955
f 9931 9953 9945
f 9956 9905 9907
f 9887 9884 9892
f 9957 9958 9897
f 9955 9946 9932
f 9891 9900 9904
f 9930 9917 9916
f 9892 9928 9927
f 9896 9937 9957
f 9933 9946 9932
f 9959 9950 9900
f 9914 9904 9944
f 9938 9918 9939
f 9918 9960 9951
f 9935 9958 9926
f 9940 9913 9917
f 9939 9952 9919
f 9927 9885 9928
f 9925 9922 9950
f 9884 9888 9885
f 9887 9928 9885
f 9889 9934 9890
f 9886 9927 9892
f 9893 9944 9894
f 9896 9957 9897
f 9899 9959 9900
f 9908 9904 9903
f 9961 9902 9904
f 9905 9924 9906
f 9895 9894 9908
f 9909 9934 9889
f 9943 9913 9912
f 9911 9941 9912
f 9902 9915 9893
f 9942 9893 9915
f 9895 9903 9902
f 9904 9908 9910
f 9962 9909 9908
f 9902 9961 9914
f 9913 9943 9916
f 9918 9939 9919
f 9921 9956 9922
f 9924 9905 9921
f 9921 9923 9924
f 9925 9959 9949
f 9949 9924 9925
f 9959 9899 9949
f 9926 9935 9896
f 9929 9954 9927
f 9963 9892 9927
f 9928 9887 9964
f 9954 9963 9927
f 9928 9964 9929
f 9916 9943 9912
f 9912 9941 9930
f 9931 9955 9932
f 9890 9934 9900
f 9909 9962 9900
f 9935 9926 9965
f 9965 9966 9935
f 9936 9967 9937
f 9967 9958 9937
f 9935 9966 9936
f 9918 9967 9939
f 9936 9929 9938
f 9964 9951 9938
f 9939 9967 9936
f 9929 9964 9938
f 9940 9930 9941
f 9914 9943 9915
f 9912 9942 9943
f 9942 9912 9944
f 9945 9953 9946
f 9889 9891 9904
f 9899 9901 9948
f 9897 9958 9926
f 9950 9922 9906
f 9956 9907 9906
f 9948 9901 9900
f 9956 9906 9922
f 9900 9950 9948
f 9951 9960 9952
f 9964 9887 9951
f 9892 9963 9946
f 9953 9965 9967
f 9892 9946 9953
f 9951 9887 9892
f 9953 9967 9918
f 9918 9951 9892
f 9952 9960 9920
f 9949 9948 9906
f 9954 9966 9933
f 9965 9953 9933
f 9932 9946 9963
f 9966 9965 9933
f 9932 9963 9954
f 9931 9945 9947
f 9931 9933 9953
f 9956 9921 9905
f 9887 9888 9884
f 9957 9937 9958
f 9955 9947 9946
f 9962 9904 9900
f 9891 9890 9900
f 9930 9940 9917
f 9892 9887 9928
f 9896 9935 9937
f 9933 9953 9946
f 9959 9925 9950
f 9894 9944 9904
f 9912 9914 9944
f 9904 9908 9894
f 9914 9961 9904
f 9938 9951 9918
f 9918 9920 9960
f 9935 9937 9958
f 9940 9911 9913
f 9939 9938 9952
f 9927 9886 9885
f 9925 9923 9922
g Office_Desk_2__node0
usemtl itu_glass
v 7.085120 0.766983 -1.436340
v 7.085990 0.753984 -1.433090
v 7.085990 0.766983 -1.433090
v 5.653150 0.027624 -1.481230
v 5.655680 0.011375 -1.480550
v 5.655680 0.027624 -1.480550
v 5.555790 0.011375 -1.495770
v 5.563220 -0.000000 -1.503200
v 5.555790 -0.000000 -1.495770
v 5.658220 0.027624 -1.481230
v 5.660760 0.027624 -1.485630
v 5.651290 0.027624 -1.488170
v 7.237180 0.753984 -3.210200
v 7.230690 0.753984 -3.275480
v 7.274010 0.753984 -3.239220
v 6.753540 0.734484 -3.822310
v 6.751690 0.734484 -3.824170
v 6.747470 0.734484 -3.669210
v 5.118910 1.712710 -2.060330
v 5.606400 1.712710 -1.436340
v 5.606400 1.712710 -2.060330
v 5.154480 0.027624 -1.490020
v 5.151950 0.011375 -1.490700
v 5.151950 0.027624 -1.490700
v 7.062230 0.011375 -1.993470
v 7.052080 -0.000000 -1.990760
v 7.062230 -0.000000 -1.993470
v 5.149410 0.027624 -2.006640
v 5.151950 0.011375 -2.005960
v 5.151950 0.027624 -2.005960
v 5.143280 1.524220 -1.738990
v 5.582020 1.517720 -1.741170
v 5.582020 1.524220 -1.738990
v 5.590930 -0.000000 -1.475480
v 5.593650 0.011375 -1.485630
v 5.590930 0.011375 -1.475480
v 5.651290 0.027624 -1.483090
v 5.650610 0.011375 -1.485630
v 5.651290 0.011375 -1.483090
v 7.056480 0.011375 -2.013580
v 7.054620 0.027624 -2.015440
v 7.056480 0.027624 -2.013580
v 7.977980 0.753984 -3.945290
v 7.975600 0.766983 -3.947670
v 7.977980 0.766983 -3.945290
v 5.555790 0.011375 -2.000900
v 5.553080 -0.000000 -2.011040
v 5.555790 -0.000000 -2.000900
v 7.972350 0.753984 -3.948540
v 6.539130 0.766983 -3.948540
v 7.972350 0.766983 -3.948540
v 7.031790 0.011375 -1.485630
v 7.034510 -0.000000 -1.495770
v 7.031790 -0.000000 -1.485630
v 7.069650 0.011375 -2.021190
v 7.034510 0.011375 -2.021190
v 6.533390 0.766983 -3.317610
v 6.535490 0.753984 -3.315270
v 6.535490 0.766983 -3.315270
v 5.172230 -0.000000 -2.011040
v 5.169510 0.011375 -2.021190
v 5.172230 0.011375 -2.011040
v 5.582020 1.693210 -1.462750
v 5.143280 1.577840 -1.462750
v 5.143280 1.693210 -1.462750
v 5.638120 0.011375 -2.021190
v 5.645540 -0.000000 -2.028610
v 5.638120 -0.000000 -2.021190
v 6.597630 0.347743 -1.468840
v 6.597630 0.328244 -1.995330
v 6.597630 0.328244 -1.468840
v 7.085130 0.753984 -1.523390
v 7.085120 0.753984 -1.436340
v 7.171710 0.766983 -3.245960
v 6.538430 0.753984 -3.314190
v 7.171710 0.753984 -3.245960
v 5.573360 0.011375 -2.031330
v 5.563220 -0.000000 -2.028610
v 5.563220 0.011375 -2.028610
v 6.596490 0.350278 -2.061950
v 6.596490 0.681576 -2.086330
v 6.596490 0.681576 -2.061950
v 7.208000 0.766983 -3.234590
v 7.208000 0.753984 -3.234590
v 7.977390 -0.000000 -1.431300
v 7.902640 0.683785 -1.476800
v 7.902640 -0.000000 -1.476800
v 5.582020 1.693210 -1.436340
v 5.606400 0.016251 -1.436340
v 5.143280 0.263245 -1.462750
v 5.582020 0.263245 -1.852740
v 5.143280 0.263245 -1.852740
v 5.568970 0.027624 -2.008500
v 5.568290 0.011375 -2.011040
v 5.568970 0.011375 -2.008500
v 5.143280 1.517720 -1.741170
v 5.582020 1.512960 -1.747120
v 5.573360 -0.000000 -1.505910
v 5.593650 -0.000000 -1.485630
v 5.553080 -0.000000 -1.485630
v 5.582020 0.243746 -1.462750
v 5.582020 0.263245 -1.462750
v 5.143280 1.558340 -1.930330
v 5.143280 1.558340 -1.462750
v 5.582020 1.530720 -1.769310
v 5.143280 1.524220 -1.771490
v 5.143280 1.530720 -1.769310
v 7.975600 0.766983 -1.430710
v 7.972350 0.753984 -1.429840
v 7.975600 0.753984 -1.430710
v 5.143280 1.512960 -1.763370
v 5.582020 1.511220 -1.755240
v 5.143280 1.511220 -1.755240
v 5.582020 1.577840 -1.462750
v 5.143280 1.535480 -1.747120
v 5.143280 1.535480 -1.763370
v 5.143280 1.530720 -1.741170
v 5.582020 1.530720 -1.741170
v 5.169510 -0.000000 -1.475480
v 5.172230 0.011375 -1.485630
v 5.169510 0.011375 -1.475480
v 7.041940 0.011375 -1.468060
v 7.034510 -0.000000 -1.475480
v 7.041940 -0.000000 -1.468060
v 5.575900 0.011375 -2.006640
v 5.577760 0.027624 -2.008500
v 5.575900 0.027624 -2.006640
v 5.623790 0.681576 -2.086330
v 5.154480 0.027624 -2.006640
v 5.154480 0.027624 -2.015440
v 5.582020 1.558340 -1.462750
v 5.582020 1.577840 -1.930330
v 5.141800 0.011375 -1.993470
v 5.134380 -0.000000 -2.000900
v 5.141800 -0.000000 -1.993470
v 6.597630 0.347743 -1.995330
v 7.048560 0.347743 -1.468840
v 7.048560 0.347743 -1.995330
v 5.638120 0.011375 -1.475480
v 5.635400 -0.000000 -1.485630
v 5.638120 -0.000000 -1.475480
v 7.062220 -0.000000 -1.468060
v 7.069650 0.011375 -1.475480
v 7.062220 0.011375 -1.468060
v 5.660080 0.011375 -2.008500
v 5.660760 0.027624 -2.011040
v 5.660080 0.027624 -2.008500
v 7.088370 0.766983 -1.430710
v 7.088370 0.753984 -1.430710
v 7.972350 0.766983 -1.429840
v 7.091620 0.753984 -1.429840
v 5.575900 0.011375 -1.490020
v 5.575900 0.011375 -1.481230
v 5.570820 0.011375 -1.481230
v 5.146870 0.027624 -2.011040
v 5.147550 0.011375 -2.013580
v 5.146870 0.011375 -2.011040
v 5.120050 1.711800 -2.061950
v 5.120050 0.017160 -2.086330
v 5.120050 0.017160 -2.061950
v 5.582020 1.537220 -1.755240
v 5.143280 1.537220 -1.755240
v 5.623790 0.348458 -2.086330
v 6.596490 0.348458 -2.061950
v 6.596490 0.348458 -2.086330
v 5.660080 0.027624 -2.013580
v 5.658220 0.011375 -2.015440
v 5.658220 0.027624 -2.015440
v 5.156340 0.011375 -1.488170
v 5.156340 0.027624 -1.488170
v 5.154480 0.011375 -1.481230
v 5.156340 0.027624 -1.483090
v 5.154480 0.027624 -1.481230
v 7.048560 0.328244 -1.468840
v 5.573360 0.011375 -1.465340
v 5.583510 -0.000000 -1.468060
v 5.583510 0.011375 -1.468060
v 7.048560 0.645437 -1.444470
v 7.048560 0.653237 -1.436340
v 7.048560 0.645437 -1.468840
v 7.049540 0.027624 -2.006640
v 7.047680 0.011375 -2.008500
v 7.049540 0.011375 -2.006640
v 7.069650 -0.000000 -1.475480
v 7.072370 0.011375 -1.485630
v 7.978850 0.766983 -3.942040
v 5.149410 0.027624 -1.490020
v 5.147550 0.011375 -1.488170
v 5.147550 0.027624 -1.488170
v 5.590930 0.011375 -2.000900
v 5.583510 -0.000000 -1.993470
v 5.590930 -0.000000 -2.000900
v 5.147550 0.027624 -1.483090
v 5.655680 0.011375 -1.505910
v 5.665830 -0.000000 -1.503200
v 5.655680 -0.000000 -1.505910
v 5.590930 0.011375 -1.495770
v 5.143280 0.035750 -1.436340
v 5.143280 1.693210 -1.438370
v 5.143280 1.693210 -1.436340
v 5.143280 0.243746 -1.462750
v 5.156340 0.011375 -1.483090
v 5.147550 0.011375 -1.483090
v 5.169510 -0.000000 -2.021190
v 5.162090 0.011375 -2.028610
v 5.645540 0.011375 -1.468060
v 5.655680 -0.000000 -1.465340
v 5.655680 0.011375 -1.465340
v 5.582020 1.517720 -1.769310
v 5.143280 1.517720 -1.769310
v 7.052080 -0.000000 -1.465340
v 5.169510 -0.000000 -1.495770
v 5.162090 0.011375 -1.503200
v 5.169510 0.011375 -1.495770
v 7.052080 0.027624 -2.005960
v 7.054620 0.011375 -2.006640
v 7.054620 0.027624 -2.006640
v 6.608840 0.683785 -3.901580
v 6.534090 -0.000000 -3.856080
v 6.534090 0.743584 -3.856080
v 7.052080 0.011375 -2.016120
v 7.052080 0.027624 -2.016120
v 6.596490 0.017160 -2.061950
v 5.623790 0.350278 -2.086330
v 5.143280 1.693210 -2.060330
v 5.141800 -0.000000 -1.468060
v 5.162090 -0.000000 -1.503200
v 5.162090 -0.000000 -1.468060
v 5.149410 0.011375 -1.481230
v 5.149410 0.027624 -1.481230
v 6.597630 0.653237 -2.060330
v 6.573250 0.045500 -2.060330
v 6.573250 0.653237 -2.060330
v 5.156340 0.011375 -2.013580
v 5.156340 0.027624 -2.013580
v 5.658220 0.027624 -1.490020
v 5.655680 0.011375 -1.490700
v 5.655680 0.027624 -1.490700
v 5.582020 0.035750 -1.438370
v 5.582020 1.693210 -1.438370
v 7.054620 0.011375 -1.490020
v 7.054620 0.011375 -1.481230
v 7.049540 0.011375 -1.481230
v 7.237180 0.766983 -3.210200
v 7.254810 0.753984 -3.176510
v 7.254810 0.766983 -3.176510
v 7.047680 0.027624 -2.013580
v 7.049540 0.011375 -2.015440
v 7.047680 0.011375 -2.013580
v 5.577760 0.011375 -2.008500
v 5.578440 0.027624 -2.011040
v 5.151950 0.011375 -2.031330
v 5.141800 -0.000000 -2.028610
v 5.141800 0.011375 -2.028610
v 5.638120 0.011375 -1.495770
v 5.645540 -0.000000 -1.503200
v 5.638120 -0.000000 -1.495770
v 6.573250 0.653237 -1.497280
v 6.597630 0.630487 -1.468840
v 6.597630 0.653237 -1.497280
v 5.143280 1.577840 -1.930330
v 7.258210 0.753984 -3.138630
v 7.258210 0.766983 -3.138630
v 5.623790 0.350278 -2.061950
v 5.577760 0.011375 -2.013580
v 5.573360 0.011375 -2.005960
v 5.118910 0.016251 -2.060330
v 5.118910 0.016251 -1.436340
v 5.660760 0.011375 -2.011040
v 7.052080 0.027624 -1.490700
v 7.049540 0.011375 -1.490020
v 7.049540 0.027624 -1.490020
v 5.169510 -0.000000 -2.000900
v 5.169510 0.011375 -2.000900
v 7.069650 -0.000000 -2.000900
v 7.072370 0.011375 -2.011040
v 7.069650 0.011375 -2.000900
v 5.573360 0.027624 -2.005960
v 5.555790 -0.000000 -2.021190
v 5.555790 0.011375 -2.021190
v 5.162090 0.011375 -1.468060
v 5.655680 0.011375 -1.990760
v 5.665830 -0.000000 -1.993470
v 5.665830 0.011375 -1.993470
v 5.134380 0.011375 -2.021190
v 5.134380 -0.000000 -2.021190
v 5.154480 0.011375 -2.006640
v 5.151950 0.011375 -2.016120
v 5.151950 0.027624 -2.016120
v 7.034510 -0.000000 -2.021190
v 7.041940 -0.000000 -1.993470
v 5.583510 0.011375 -2.028610
v 5.157020 0.011375 -1.485630
v 5.157020 0.027624 -1.485630
v 7.764010 0.734484 -1.709170
v 7.725840 0.734484 -1.690380
v 7.725840 0.734484 -1.620830
v 6.838770 0.714985 -3.816250
v 6.838770 0.729529 -3.669210
v 6.838770 0.714985 -3.681400
v 5.151950 0.027624 -1.480550
v 5.650610 0.027624 -1.485630
v 5.651290 0.011375 -1.488170
v 5.553080 0.011375 -2.011040
v 5.151950 -0.000000 -1.505910
v 5.151950 0.011375 -1.505910
v 5.622650 0.016251 -2.060330
v 7.085120 0.016251 -1.436340
v 5.622650 0.016251 -1.436340
v 5.623790 0.681576 -2.061950
v 7.049540 0.027624 -1.481230
v 7.047680 0.011375 -1.483090
v 5.156340 0.011375 -2.008500
v 5.157020 0.027624 -2.011040
v 5.156340 0.027624 -2.008500
v 5.645540 0.011375 -1.993470
v 5.638120 -0.000000 -2.000900
v 5.645540 -0.000000 -1.993470
v 5.582020 0.035750 -1.436340
v 6.580080 0.753984 -3.850520
v 6.580080 0.734484 -3.357380
v 6.580080 0.753984 -3.357380
v 5.157020 0.011375 -2.011040
v 5.570820 0.027624 -2.006640
v 5.570820 0.011375 -2.006640
v 7.931400 0.734484 -3.850520
v 7.931400 0.753984 -3.850520
v 7.062220 0.011375 -1.503200
v 7.052080 -0.000000 -1.505910
v 7.052080 0.011375 -1.505910
v 5.655680 -0.000000 -1.990760
v 7.977390 0.743584 -1.431300
v 7.977390 -0.000000 -1.522300
v 7.977390 0.743584 -1.522300
v 5.653150 0.027624 -2.006640
v 5.651290 0.011375 -2.008500
v 5.653150 0.011375 -2.006640
v 5.575900 0.027624 -2.015440
v 5.573360 0.011375 -2.016120
v 5.573360 0.027624 -2.016120
v 7.347580 0.734484 -1.692920
v 7.381530 0.734484 -1.551670
v 7.385070 0.734484 -1.709170
v 7.052080 0.011375 -1.465340
v 7.770200 0.714985 -3.816250
v 7.770200 0.729529 -3.669210
v 7.770200 0.714985 -3.681400
v 5.162090 0.011375 -1.993470
v 5.131660 0.011375 -2.011040
v 5.162090 -0.000000 -1.993470
v 7.161330 0.683785 -1.476800
v 7.086580 -0.000000 -1.522300
v 7.086580 0.743584 -1.522300
v 7.902640 0.683785 -3.901580
v 7.977390 0.743584 -3.856080
v 6.534090 -0.000000 -3.947070
v 6.608840 -0.000000 -3.901580
v 5.577760 0.027624 -1.483090
v 5.575900 0.027624 -1.481230
v 7.975600 0.753984 -3.947670
v 5.134380 0.011375 -2.000900
v 5.131660 -0.000000 -2.011040
v 5.605260 0.017160 -2.086330
v 5.605260 0.017160 -2.061950
v 7.091620 0.766983 -1.429840
v 5.638120 0.011375 -2.000900
v 5.635400 -0.000000 -2.011040
v 5.605260 1.711800 -2.086330
v 5.605260 1.711800 -2.061950
v 7.977390 -0.000000 -3.856080
v 7.052080 0.011375 -1.990760
v 5.143280 1.512960 -1.747120
v 5.568970 0.027624 -1.483090
v 5.568290 0.011375 -1.485630
v 5.568970 0.011375 -1.483090
v 5.673250 0.011375 -2.000900
v 5.582020 0.035750 -2.060330
v 5.582020 0.035750 -1.462750
v 5.568290 0.027624 -1.485630
v 5.568970 0.011375 -1.488170
v 5.118910 1.712710 -1.436340
v 6.741270 0.729047 -3.864160
v 6.741270 0.714985 -3.816250
v 6.741270 0.729231 -3.863480
v 5.563220 0.011375 -1.993470
v 5.573360 -0.000000 -1.990760
v 5.573360 0.011375 -1.990760
v 5.660080 0.011375 -1.483090
v 5.660080 0.027624 -1.483090
v 5.575900 0.027624 -1.490020
v 5.570820 0.027624 -1.481230
v 5.582020 1.524220 -1.771490
v 5.147550 0.011375 -2.008500
v 6.535880 0.766983 -3.947670
v 6.533500 0.753984 -3.945290
v 6.533500 0.766983 -3.945290
v 6.532630 0.766983 -3.942040
v 6.532630 0.753984 -3.320650
v 6.532630 0.766983 -3.320650
v 6.597630 0.045500 -2.060330
v 7.048560 0.045500 -1.468840
v 7.048560 0.045500 -2.060330
v 5.675970 -0.000000 -1.485630
v 5.673250 0.011375 -1.495770
v 5.675970 0.011375 -1.485630
v 5.623790 0.348458 -2.061950
v 5.151950 0.011375 -1.480550
v 5.659210 0.045500 -2.060330
v 6.573250 0.045500 -1.468840
v 7.034510 0.011375 -1.495770
v 7.041940 -0.000000 -1.503200
v 5.622650 0.682486 -1.436340
v 5.583510 -0.000000 -2.028610
v 5.573360 -0.000000 -2.031330
v 5.659210 0.653237 -1.436340
v 5.659210 0.645437 -1.468840
v 5.659210 0.653237 -2.060330
v 5.590930 -0.000000 -2.021190
v 7.176800 0.753984 -3.292420
v 7.176800 0.734484 -3.292420
v 5.582020 0.243746 -1.852740
v 5.162090 -0.000000 -2.028610
v 5.151950 -0.000000 -2.031330
v 7.052080 0.011375 -2.031330
v 7.041940 -0.000000 -2.028610
v 7.041940 0.011375 -2.028610
v 5.577760 0.027624 -2.013580
v 5.570820 0.027624 -2.015440
v 5.568290 0.027624 -2.011040
v 5.568970 0.027624 -1.488170
v 5.570820 0.011375 -1.490020
v 5.573360 0.011375 -1.480550
v 5.573360 0.027624 -1.480550
v 7.978850 0.766983 -1.436340
v 7.978850 0.753984 -3.942040
v 5.653150 0.011375 -1.490020
v 5.653150 0.027624 -1.490020
v 6.573250 0.630487 -1.468840
v 7.086580 0.743584 -1.431300
v 5.655680 0.011375 -2.016120
v 5.655680 0.027624 -2.016120
v 7.062230 -0.000000 -2.028610
v 7.062230 0.011375 -2.028610
v 5.593650 0.011375 -2.011040
v 7.977390 0.743584 -3.947070
v 7.048560 0.653237 -2.060330
v 5.659210 0.045500 -1.436340
v 5.149410 0.011375 -1.490020
v 7.085120 0.682486 -1.436340
v 7.048560 0.045500 -1.436340
v 5.622650 0.682486 -2.060330
v 5.146870 0.027624 -1.485630
v 5.146870 0.011375 -1.485630
v 5.563220 -0.000000 -1.993470
v 7.305230 0.753984 -3.132890
v 7.133330 0.734484 -1.527860
v 7.133330 0.753984 -1.527860
v 7.977980 0.766983 -1.433090
v 7.977980 0.753984 -1.433090
v 5.583510 0.011375 -1.993470
v 5.623790 0.017160 -2.086330
v 5.623790 0.017160 -2.061950
v 5.658220 0.027624 -2.006640
v 5.582020 1.535480 -1.747120
v 7.057160 0.011375 -1.485630
v 7.056480 0.027624 -1.488170
v 7.057160 0.027624 -1.485630
v 5.568970 0.011375 -2.013580
v 7.041940 0.011375 -1.503200
v 5.577760 0.011375 -1.483090
v 5.578440 0.027624 -1.485630
v 7.931400 0.753984 -1.527860
v 7.931400 0.734484 -1.527860
v 5.635400 0.011375 -2.011040
v 6.597630 0.045500 -1.468840
v 7.041940 0.011375 -1.993470
v 7.034510 -0.000000 -2.000900
v 5.147550 0.027624 -2.013580
v 5.149410 0.011375 -2.015440
v 5.673250 -0.000000 -2.000900
v 5.675970 0.011375 -2.011040
v 7.048560 0.045500 -1.444470
v 5.659210 0.045500 -1.444470
v 7.047000 0.027624 -1.485630
v 7.047680 0.011375 -1.488170
v 7.047000 0.011375 -1.485630
v 5.660760 0.011375 -1.485630
v 5.658220 0.011375 -1.481230
v 7.339980 0.734484 -1.613910
v 7.338120 0.734484 -1.615760
v 7.306030 0.734484 -1.556060
v 6.533390 0.753984 -3.317610
v 5.143280 0.035750 -1.438370
v 5.659210 0.645437 -1.444470
v 5.143280 0.035750 -1.462750
v 7.057160 0.011375 -2.011040
v 7.057160 0.027624 -2.011040
v 7.085120 0.682486 -2.060330
v 5.673250 0.011375 -1.475480
v 5.141800 0.011375 -1.503200
v 5.141800 -0.000000 -1.503200
v 5.673250 -0.000000 -1.495770
v 5.673250 -0.000000 -1.475480
v 5.645540 -0.000000 -1.468060
v 5.653150 0.011375 -1.481230
v 5.645540 0.011375 -1.503200
v 7.049540 0.027624 -2.015440
v 7.047000 0.027624 -2.011040
v 7.047680 0.027624 -1.483090
v 7.978850 0.753984 -1.436340
v 5.590930 -0.000000 -1.495770
v 5.583510 0.011375 -1.503200
v 7.056480 0.011375 -1.483090
v 7.056480 0.027624 -1.483090
v 7.052080 0.011375 -2.005960
v 7.047000 0.011375 -2.011040
v 5.635400 0.011375 -1.485630
v 5.172230 -0.000000 -1.485630
v 7.052080 0.011375 -1.480550
v 7.052080 0.027624 -1.480550
v 5.149410 0.011375 -2.006640
v 5.660080 0.027624 -1.488170
v 5.658220 0.011375 -1.490020
v 5.131660 0.011375 -1.485630
v 5.134380 -0.000000 -1.495770
v 5.131660 -0.000000 -1.485630
v 7.072370 -0.000000 -1.485630
v 7.069650 0.011375 -1.495770
v 7.031790 0.011375 -2.011040
v 7.031790 -0.000000 -2.011040
v 7.054620 0.027624 -1.490020
v 7.052080 0.011375 -1.490700
v 5.655680 0.011375 -2.005960
v 5.655680 0.027624 -2.005960
v 7.300190 0.734484 -3.189160
v 7.300190 0.753984 -3.189160
v 5.573360 0.011375 -1.490700
v 5.573360 0.027624 -1.490700
v 5.141800 0.011375 -1.468060
v 7.047680 0.027624 -1.488170
v 5.651290 0.027624 -2.008500
v 5.577760 0.011375 -1.488170
v 5.577760 0.027624 -1.488170
v 7.054620 0.027624 -1.481230
v 7.072370 -0.000000 -2.011040
v 5.658220 0.011375 -2.006640
v 5.563220 -0.000000 -1.468060
v 5.573360 -0.000000 -1.465340
v 5.553080 0.011375 -1.485630
v 5.563220 0.011375 -1.503200
v 7.034510 0.011375 -2.000900
v 5.573360 0.011375 -1.505910
v 6.534090 0.743584 -3.947070
v 5.134380 0.011375 -1.475480
v 5.134380 -0.000000 -1.475480
v 7.056480 0.011375 -1.488170
v 5.570820 0.011375 -2.015440
v 5.673250 -0.000000 -2.021190
v 7.672700 0.728984 -3.864870
v 7.672700 0.693054 -3.898800
v 7.672700 0.729047 -3.864160
v 7.750330 0.734484 -3.826700
v 7.692580 0.734484 -3.826700
v 7.691900 0.734484 -3.824170
v 5.665830 0.011375 -2.028610
v 5.673250 0.011375 -2.021190
v 5.665830 -0.000000 -1.468060
v 5.665830 0.011375 -1.468060
v 7.069650 -0.000000 -1.495770
v 7.056480 0.011375 -2.008500
v 7.056480 0.027624 -2.008500
v 5.570820 0.027624 -1.490020
v 7.723990 0.734484 -3.689850
v 7.725840 0.734484 -3.688000
v 7.723990 0.734484 -3.755690
v 7.390700 0.731584 -1.516760
v 7.391260 0.729529 -1.709170
v 7.390430 0.732006 -1.709170
v 7.678900 0.734484 -3.861620
v 7.751010 0.734484 -3.829240
v 7.764010 0.734484 -3.861620
v 5.143280 0.243746 -1.852740
v 5.665830 0.011375 -1.503200
v 6.532630 0.753984 -3.942040
v 5.645540 0.011375 -2.028610
v 5.655680 -0.000000 -2.031330
v 5.582020 1.512960 -1.763370
v 5.582020 1.535480 -1.763370
v 7.725840 0.734484 -3.682930
v 7.723990 0.734484 -3.681070
v 7.764010 0.734484 -3.669210
v 7.085150 0.766983 -1.523620
v 5.606400 0.016251 -2.060330
v 5.143280 0.035750 -2.060330
v 5.120050 1.711800 -2.086330
v 7.034510 0.011375 -1.475480
v 7.293760 0.728984 -1.513510
v 7.293760 0.729047 -1.514220
v 7.293760 0.693054 -1.479580
v 5.151950 0.011375 -1.465340
v 5.151950 -0.000000 -1.465340
v 5.555790 0.011375 -1.475480
v 5.555790 -0.000000 -1.475480
v 7.977390 -0.000000 -3.947070
v 7.902640 -0.000000 -3.901580
v 6.785630 0.734484 -3.682930
v 6.784950 0.734484 -3.685460
v 6.828360 0.734484 -3.829240
v 6.832580 0.734484 -3.861620
v 6.826500 0.734484 -3.831090
v 5.151950 -0.000000 -1.990760
v 5.147550 0.027624 -2.008500
v 6.538430 0.766983 -3.314190
v 7.052080 -0.000000 -2.031330
v 5.593650 -0.000000 -2.011040
v 5.590930 0.011375 -2.021190
v 7.086580 -0.000000 -1.431300
v 7.391260 0.729047 -1.514220
v 7.391260 0.693054 -1.479580
v 7.391260 0.714985 -1.562130
v 5.651290 0.027624 -2.013580
v 5.653150 0.011375 -2.015440
v 5.651290 0.011375 -2.013580
v 7.391150 0.730463 -1.516440
v 7.391260 0.729529 -1.515500
v 7.293760 0.729529 -1.709170
v 7.294320 0.731584 -1.516760
v 7.294590 0.732006 -1.709170
v 7.389340 0.733114 -1.516760
v 7.388160 0.733820 -1.709170
v 7.387370 0.734129 -1.516760
v 7.299960 0.734484 -1.709170
v 7.297650 0.734129 -1.516760
v 7.299960 0.734484 -1.516760
v 7.306030 0.734484 -1.547280
v 7.304180 0.734484 -1.549140
v 5.675970 -0.000000 -2.011040
v 7.372070 0.734484 -1.549140
v 7.312960 0.734484 -1.549140
v 7.311100 0.734484 -1.547280
v 7.296860 0.733820 -1.709170
v 7.295680 0.733114 -1.516760
v 7.672700 0.729529 -1.709170
v 7.673260 0.731584 -1.516760
v 7.673530 0.732006 -1.709170
v 7.293870 0.730463 -1.516440
v 7.293760 0.729529 -1.515500
v 6.539130 0.753984 -3.948540
v 5.578440 0.011375 -1.485630
v 5.563220 0.011375 -1.468060
v 7.770090 0.730463 -1.516440
v 7.770200 0.729529 -1.515500
v 7.770200 0.729529 -1.709170
v 7.766310 0.734129 -1.516760
v 7.767110 0.733820 -1.709170
v 7.768290 0.733114 -1.516760
v 7.769640 0.731584 -1.516760
v 7.769370 0.732006 -1.709170
v 7.678900 0.734484 -1.709170
v 7.676600 0.734129 -1.516760
v 7.678900 0.734484 -1.516760
v 7.687510 0.734484 -1.546600
v 7.690040 0.734484 -1.547280
v 5.650610 0.027624 -2.011040
v 5.650610 0.011375 -2.011040
v 7.717060 0.734484 -1.615760
v 7.687510 0.734484 -1.556740
v 7.718920 0.734484 -1.613910
v 5.151950 0.011375 -1.990760
v 5.655680 0.011375 -2.031330
v 5.665830 -0.000000 -2.028610
v 7.085120 0.016251 -2.060330
v 5.134380 0.011375 -1.495770
v 7.047680 0.027624 -2.008500
v 7.675800 0.733820 -1.709170
v 7.674620 0.733114 -1.516760
v 7.672820 0.730463 -1.516440
v 7.672710 0.729529 -1.515500
v 7.770200 0.714985 -1.562130
v 7.770200 0.729231 -1.514900
v 7.770200 0.729047 -1.514220
v 7.672710 0.714985 -1.562130
v 7.161330 -0.000000 -1.476800
v 5.149410 0.027624 -2.015440
v 7.831890 0.768283 -2.045850
v 7.765400 0.768283 -2.084230
v 7.765400 0.768283 -2.045850
v 5.578440 0.011375 -2.011040
v 7.817840 0.768283 -3.346580
v 7.779450 0.768283 -3.346580
v 7.817840 0.768283 -3.280100
v 7.230690 0.734484 -3.275480
v 5.653150 0.027624 -2.015440
v 5.568970 0.027624 -2.013580
v 7.305230 0.734484 -3.132890
v 7.274010 0.734484 -3.239220
v 6.753540 0.734484 -3.831090
v 6.756080 0.734484 -3.831770
v 6.747470 0.734484 -3.861620
v 6.785630 0.734484 -3.757540
v 6.784950 0.734484 -3.760080
v 6.751690 0.734484 -3.829240
v 6.792560 0.734484 -3.755690
v 6.790020 0.734484 -3.755010
v 6.790020 0.734484 -3.690530
v 6.787490 0.734484 -3.689850
v 6.794410 0.734484 -3.757540
v 6.792560 0.734484 -3.689850
v 6.795090 0.734484 -3.760080
v 6.832580 0.734484 -3.669210
v 6.794410 0.734484 -3.688000
v 6.794410 0.734484 -3.682930
v 6.792560 0.734484 -3.681070
v 6.795090 0.734484 -3.685460
v 6.826500 0.734484 -3.822310
v 6.794410 0.734484 -3.762610
v 6.823970 0.734484 -3.821630
v 6.792560 0.734484 -3.764470
v 6.821430 0.734484 -3.822310
v 6.790020 0.734484 -3.765150
v 6.819580 0.734484 -3.824170
v 6.760470 0.734484 -3.824170
v 6.821430 0.734484 -3.831090
v 6.823970 0.734484 -3.831770
v 6.758610 0.734484 -3.831090
v 6.818900 0.734484 -3.826700
v 6.819580 0.734484 -3.829240
v 6.760470 0.734484 -3.829240
v 6.787490 0.734484 -3.764470
v 6.758610 0.734484 -3.822310
v 6.785630 0.734484 -3.762610
v 6.756080 0.734484 -3.821630
v 6.761150 0.734484 -3.826700
v 6.751010 0.734484 -3.826700
v 5.154480 0.011375 -1.490020
v 7.054620 0.011375 -2.015440
v 6.596490 0.350278 -2.086330
v 5.583510 -0.000000 -1.503200
v 5.582020 1.558340 -1.930330
v 5.660080 0.011375 -2.013580
v 7.048560 0.328244 -1.995330
v 6.596490 0.017160 -2.086330
v 5.582020 1.693210 -2.060330
v 5.154480 0.011375 -2.015440
v 5.575900 0.011375 -2.015440
v 7.069650 -0.000000 -2.021190
v 7.723990 0.734484 -1.613910
v 7.721450 0.734484 -1.613230
v 7.755400 0.734484 -1.556740
v 7.725840 0.734484 -1.615760
v 7.757930 0.734484 -1.556070
v 7.759790 0.734484 -1.554210
v 7.760470 0.734484 -1.551670
v 7.726520 0.734484 -1.618300
v 7.717060 0.734484 -1.695450
v 7.718920 0.734484 -1.697310
v 7.721450 0.734484 -1.697990
v 7.723990 0.734484 -1.697310
v 7.723990 0.734484 -1.622690
v 7.721450 0.734484 -1.687850
v 7.718920 0.734484 -1.622690
v 7.721450 0.734484 -1.623370
v 7.723990 0.734484 -1.688530
v 7.725840 0.734484 -1.695450
v 7.726520 0.734484 -1.692920
v 6.838770 0.716291 -3.675310
v 6.838770 0.724734 -3.669210
v 6.838770 0.719859 -3.670840
v 6.838770 0.693054 -3.898800
v 6.838770 0.729047 -3.864160
v 6.838770 0.694312 -3.899930
v 6.838770 0.728984 -3.867270
v 6.838770 0.728984 -3.864870
v 6.838770 0.729231 -3.863480
v 6.838770 0.729529 -3.862880
v 6.580080 0.734484 -3.850520
v 7.062220 -0.000000 -1.503200
v 7.378990 0.734484 -1.547280
v 7.376460 0.734484 -1.546600
v 7.385070 0.734484 -1.516760
v 7.339980 0.734484 -1.697310
v 7.342510 0.734484 -1.697990
v 7.380850 0.734484 -1.549140
v 7.345050 0.734484 -1.697310
v 7.346900 0.734484 -1.695450
v 7.770200 0.716291 -3.675310
v 7.770200 0.724734 -3.669210
v 7.770200 0.719859 -3.670840
v 7.770200 0.693054 -3.898800
v 7.770200 0.729047 -3.864160
v 7.770200 0.694312 -3.899930
v 7.770200 0.728984 -3.867270
v 7.770200 0.728984 -3.864870
v 7.770200 0.729231 -3.863480
v 7.770200 0.729529 -3.862880
v 6.741270 0.728984 -3.864870
v 6.741270 0.728984 -3.867270
v 6.741270 0.693054 -3.898800
v 6.741270 0.694312 -3.899930
v 6.741270 0.714985 -3.681400
v 6.741270 0.729529 -3.669210
v 6.741270 0.716291 -3.675310
v 6.741270 0.719859 -3.670840
v 6.741270 0.724734 -3.669210
v 6.741270 0.729529 -3.862880
v 6.535880 0.753984 -3.947670
v 5.659210 0.045500 -1.468840
v 5.660080 0.011375 -1.488170
v 7.337440 0.734484 -1.618300
v 7.338120 0.734484 -1.620830
v 7.304180 0.734484 -1.554210
v 7.342510 0.734484 -1.613230
v 7.672700 0.714985 -3.681400
v 7.672700 0.716291 -3.675310
v 7.672700 0.724734 -3.669210
v 7.672700 0.719859 -3.670840
v 7.672700 0.729529 -3.669210
v 7.672700 0.729529 -3.862880
v 7.672700 0.714985 -3.816250
v 7.672700 0.729231 -3.863480
v 7.672700 0.694312 -3.899930
v 7.672700 0.728984 -3.867270
v 7.691900 0.734484 -3.829240
v 7.690040 0.734484 -3.831090
v 7.751010 0.734484 -3.824170
v 7.716380 0.734484 -3.760080
v 7.717060 0.734484 -3.762610
v 7.684970 0.734484 -3.822310
v 7.687510 0.734484 -3.821630
v 7.678900 0.734484 -3.669210
v 7.721450 0.734484 -3.680390
v 7.718920 0.734484 -3.681070
v 7.717060 0.734484 -3.682930
v 7.717060 0.734484 -3.757540
v 7.716380 0.734484 -3.685460
v 7.717060 0.734484 -3.688000
v 7.718920 0.734484 -3.755690
v 7.721450 0.734484 -3.755010
v 7.718920 0.734484 -3.689850
v 7.725840 0.734484 -3.757540
v 7.721450 0.734484 -3.690530
v 7.726520 0.734484 -3.685460
v 7.752860 0.734484 -3.822310
v 7.721450 0.734484 -3.765150
v 7.690040 0.734484 -3.822310
v 7.718920 0.734484 -3.764470
v 7.755400 0.734484 -3.821630
v 7.723990 0.734484 -3.764470
v 7.757930 0.734484 -3.822310
v 7.725840 0.734484 -3.762610
v 7.759790 0.734484 -3.824170
v 7.726520 0.734484 -3.760080
v 7.683120 0.734484 -3.824170
v 7.682440 0.734484 -3.826700
v 7.760470 0.734484 -3.826700
v 7.683120 0.734484 -3.829240
v 7.759790 0.734484 -3.829240
v 7.757930 0.734484 -3.831090
v 7.684970 0.734484 -3.831090
v 7.687510 0.734484 -3.831770
v 7.755400 0.734484 -3.831770
v 7.752860 0.734484 -3.831090
v 7.293760 0.729231 -1.514890
v 7.293760 0.714985 -1.562130
v 7.293760 0.724734 -1.709170
v 7.293760 0.714985 -1.696980
v 7.293760 0.719859 -1.707530
v 7.293760 0.716291 -1.703070
v 7.293760 0.694312 -1.478450
v 7.293760 0.728984 -1.511110
v 6.787490 0.734484 -3.755690
v 6.785630 0.734484 -3.688000
v 6.790020 0.734484 -3.680390
v 6.787490 0.734484 -3.681070
v 6.828360 0.734484 -3.824170
v 6.829040 0.734484 -3.826700
v 7.391260 0.716291 -1.703070
v 7.391260 0.719859 -1.707530
v 7.391260 0.724734 -1.709170
v 7.391260 0.714985 -1.696980
v 7.391260 0.694312 -1.478450
v 7.391260 0.728984 -1.511110
v 7.391260 0.729231 -1.514890
v 7.391260 0.728984 -1.513510
v 7.345050 0.734484 -1.613910
v 7.373920 0.734484 -1.556060
v 7.308570 0.734484 -1.556740
v 7.346900 0.734484 -1.615760
v 7.376460 0.734484 -1.556740
v 7.311100 0.734484 -1.556060
v 7.312960 0.734484 -1.554210
v 7.313640 0.734484 -1.551670
v 7.371390 0.734484 -1.551670
v 7.372070 0.734484 -1.554210
v 7.347580 0.734484 -1.618300
v 7.378990 0.734484 -1.556060
v 7.346900 0.734484 -1.620830
v 7.380850 0.734484 -1.554210
v 7.346900 0.734484 -1.690380
v 7.345050 0.734484 -1.622690
v 7.345050 0.734484 -1.688530
v 7.342510 0.734484 -1.623370
v 7.342510 0.734484 -1.687850
v 7.339980 0.734484 -1.622690
v 7.339980 0.734484 -1.688530
v 7.338120 0.734484 -1.690380
v 7.303500 0.734484 -1.551670
v 7.338120 0.734484 -1.695450
v 7.337440 0.734484 -1.692920
v 7.373920 0.734484 -1.547280
v 7.308570 0.734484 -1.546600
v 7.764010 0.734484 -1.516760
v 7.751010 0.734484 -1.554210
v 7.752860 0.734484 -1.556070
v 7.691900 0.734484 -1.554210
v 7.690040 0.734484 -1.556070
v 7.750330 0.734484 -1.551670
v 7.692580 0.734484 -1.551670
v 7.751010 0.734484 -1.549140
v 7.691900 0.734484 -1.549140
v 7.752860 0.734484 -1.547280
v 7.755400 0.734484 -1.546600
v 7.683120 0.734484 -1.554210
v 7.718920 0.734484 -1.688530
v 7.682440 0.734484 -1.551670
v 7.716380 0.734484 -1.692920
v 7.717060 0.734484 -1.690380
v 7.759790 0.734484 -1.549140
v 7.683120 0.734484 -1.549140
v 7.757930 0.734484 -1.547280
v 7.684970 0.734484 -1.547280
v 7.717060 0.734484 -1.620830
v 7.684970 0.734484 -1.556070
v 7.716380 0.734484 -1.618300
v 7.770200 0.728984 -1.513510
v 7.770200 0.728984 -1.511110
v 7.770200 0.693054 -1.479580
v 7.770200 0.694312 -1.478450
v 7.770200 0.714985 -1.696980
v 7.770200 0.716291 -1.703070
v 7.770200 0.719859 -1.707530
v 7.770200 0.724734 -1.709170
v 7.672700 0.719859 -1.707530
v 7.672700 0.716291 -1.703070
v 7.672700 0.724734 -1.709170
v 7.672710 0.693054 -1.479580
v 7.672710 0.729047 -1.514220
v 7.672700 0.714985 -1.696980
v 7.672710 0.729231 -1.514900
v 7.672710 0.694312 -1.478450
v 7.672710 0.728984 -1.511110
v 7.672710 0.728984 -1.513510
v 7.779450 0.768283 -2.031800
v 7.798650 0.768283 -2.026660
v 7.817840 0.768283 -2.031800
v 7.837030 0.768283 -2.065040
v 7.831890 0.768283 -2.084230
v 7.817840 0.768283 -2.098280
v 7.798650 0.768283 -2.103420
v 7.779450 0.768283 -2.098280
v 7.760260 0.768283 -2.065040
v 7.765400 0.768283 -3.294150
v 7.779450 0.768283 -3.280100
v 7.798650 0.768283 -3.274950
v 7.831890 0.768283 -3.294150
v 7.837030 0.768283 -3.313340
v 7.831890 0.768283 -3.332530
v 7.798650 0.768283 -3.351720
v 7.765400 0.768283 -3.332530
v 7.760260 0.768283 -3.313340
f 9968 9969 9970
f 9971 9972 9973
f 9974 9975 9976
f 9977 9978 9979
f 9980 9981 9982
f 9983 9984 9985
f 9986 9987 9988
f 9989 9990 9991
f 9992 9993 9994
f 9995 9996 9997
f 9998 9999 10000
f 10001 10002 10003
f 10004 10005 10006
f 10007 10008 10009
f 10010 10011 10012
f 10013 10014 10015
f 10016 10017 10018
f 10019 10020 10021
f 9992 10022 10023
f 10024 10025 10026
f 10027 10028 10029
f 10030 10031 10032
f 10033 10034 10035
f 10036 10037 10038
f 9968 10039 10040
f 10041 10042 10043
f 10044 10045 10046
f 10047 10048 10049
f 10050 10043 10051
f 10052 10053 10054
f 10055 10056 9987
f 10057 10058 10059
f 10060 10061 10062
f 10063 10064 9999
f 10065 10066 10067
f 10068 10058 10069
f 10031 10070 10071
f 10072 10073 10074
f 10075 10076 10077
f 10078 10079 10080
f 10081 10071 10031
f 10082 10083 10080
f 10084 10000 10085
f 10086 10087 10088
f 10089 10090 10091
f 10092 10093 10094
f 10095 10049 10048
f 9995 10096 10097
f 10098 10099 10081
f 10100 10101 10102
f 10103 10104 10105
f 10106 10107 10108
f 10109 10110 10111
f 10112 10113 10114
f 10115 9969 10116
f 10117 10118 10076
f 10119 10120 10121
f 10122 10123 10124
f 10125 10126 10127
f 10082 10128 10129
f 10130 10131 10132
f 10133 10134 10135
f 10136 9989 10137
f 10138 10139 10140
f 10141 10105 10104
f 10142 10143 10144
f 10145 10146 10147
f 10148 10149 10150
f 10151 10152 10110
f 10153 10010 10012
f 10154 10155 10156
f 10157 10158 10159
f 10139 10156 10160
f 10161 10162 10163
f 10066 10164 10002
f 10165 10166 10167
f 10098 10168 10071
f 10155 10169 10170
f 10171 10172 10028
f 10173 10174 10175
f 10166 10055 10167
f 10176 10078 10177
f 10111 10178 10109
f 10179 10180 10181
f 10182 10183 10184
f 10185 10186 10187
f 10008 10188 10189
f 10190 10132 10131
f 10048 10191 10095
f 10192 10030 10032
f 10193 10194 10195
f 10160 10196 10197
f 10198 10199 10200
f 10201 10097 10202
f 10203 10204 10205
f 10166 10206 10207
f 10208 10209 10210
f 10211 10212 10213
f 10214 10215 10216
f 10217 10218 10093
f 10219 10220 10221
f 10222 10223 10224
f 10225 10226 10227
f 10099 10070 10228
f 10213 10229 10230
f 10191 10047 10231
f 10232 10233 10061
f 10234 10056 10235
f 10236 10133 10113
f 10237 10238 10239
f 10240 10029 10241
f 10242 10243 10244
f 10245 10092 10094
f 10046 10246 10247
f 10195 10088 10248
f 10249 10250 10251
f 10252 10220 10253
f 9997 10254 10096
f 10097 10255 10256
f 10257 9994 10258
f 10157 10259 10046
f 10260 10137 10261
f 10262 10263 10264
f 10265 10266 10267
f 10268 10138 10140
f 10045 10159 10015
f 10269 10270 10005
f 10271 10246 10014
f 10180 10272 10273
f 10274 10275 10276
f 10277 10047 10049
f 10278 10279 10210
f 10280 10281 10282
f 10283 10284 10285
f 10055 10206 10286
f 10287 10288 10289
f 10290 10202 10281
f 10291 10062 10292
f 10293 10287 10294
f 10295 10296 10297
f 10283 10298 10249
f 10299 10300 10301
f 10302 10303 10304
f 10056 9988 9987
f 10305 10306 10307
f 10308 10309 10310
f 10019 10311 10152
f 10312 10313 10314
f 10315 10221 10316
f 10220 10317 10102
f 10318 10319 10320
f 10321 10187 10322
f 10211 10051 9980
f 10185 10323 10324
f 10120 10325 10326
f 10327 10018 10011
f 10328 10329 10101
f 10127 10330 10331
f 10332 10116 10118
f 10333 10334 10284
f 10331 10335 10336
f 10311 10091 10178
f 10018 10050 10211
f 10337 10321 10322
f 10338 10258 9993
f 10080 10064 10339
f 10340 10341 10342
f 10250 10343 10251
f 10030 10344 10345
f 10346 10347 10341
f 10235 10167 10348
f 10031 10099 10228
f 10349 10350 10351
f 10352 10353 10354
f 10355 9978 10356
f 10326 10357 10358
f 10359 10177 10073
f 10254 10360 10123
f 10361 10362 10363
f 10037 10141 10038
f 10364 10365 10366
f 10367 10368 10369
f 10370 10371 10372
f 10373 10190 10131
f 10197 10374 10268
f 10169 10261 10139
f 10375 10376 10199
f 10377 10378 10020
f 10379 10274 10276
f 10044 10380 10381
f 10382 10383 10384
f 10259 10385 10380
f 10386 10288 10387
f 10168 10388 10068
f 10376 10038 10036
f 10376 10367 10199
f 10219 10389 10390
f 10105 10037 10103
f 10391 10392 10393
f 10394 10395 10396
f 10397 10398 10347
f 10358 10399 10400
f 10401 10402 10153
f 10205 10403 10404
f 10199 10376 10405
f 10299 10320 10406
f 10198 10227 10226
f 10135 10407 10408
f 10022 10409 10410
f 10225 10198 10200
f 10159 10411 10157
f 10187 10412 10322
f 10198 10413 10146
f 10414 10379 10276
f 9991 10415 10154
f 10275 10416 10417
f 10418 10384 10274
f 10369 10199 10367
f 10419 10155 10420
f 10013 10421 10352
f 10422 10423 10424
f 10031 10098 10081
f 10425 10077 10426
f 10424 10076 10118
f 10427 10353 10158
f 10428 10190 10429
f 10430 10112 10114
f 10084 10431 10082
f 10432 10433 10434
f 10396 10435 10061
f 10297 10378 10436
f 10437 10438 10325
f 10439 10423 10440
f 10343 10033 10333
f 10317 10241 10315
f 10358 10342 10121
f 10125 10331 10336
f 10441 10035 10334
f 10199 10442 10376
f 10443 10444 10258
f 10316 10253 10329
f 10300 10053 10301
f 10445 10446 10123
f 10447 10448 10343
f 10414 10449 10450
f 10451 10452 10453
f 10204 10454 10455
f 10439 10293 10294
f 10456 10457 10458
f 10366 10459 10024
f 10165 10206 10460
f 10461 10449 10145
f 10462 10192 10032
f 10463 10009 10464
f 10275 10465 10416
f 10466 10222 10106
f 10467 10272 10468
f 10469 10470 10471
f 10036 10141 10104
f 10461 10147 10383
f 9971 10006 10472
f 10254 10282 10096
f 10143 10003 10144
f 10473 10163 10223
f 10474 10475 10182
f 10476 10453 10279
f 10425 10477 10401
f 10478 10479 10164
f 10480 10434 10481
f 10215 10482 10483
f 10484 10224 10107
f 10485 10181 10087
f 10189 10215 10474
f 10173 10108 10471
f 9977 10355 10356
f 10393 10257 10023
f 10278 10486 10487
f 9995 10360 10488
f 10489 10490 10203
f 10148 10482 10182
f 10491 10492 10493
f 10494 10495 10152
f 9979 10403 10270
f 10496 10257 10497
f 10498 10499 10237
f 10278 10498 10239
f 10302 10500 10501
f 9982 10502 10503
f 10357 10504 10505
f 10248 10467 10506
f 10132 10428 10130
f 10507 10238 10452
f 10135 10508 10430
f 10509 10357 10510
f 10209 10481 10511
f 10057 10068 10069
f 10512 10022 10243
f 10513 10304 10134
f 10142 10514 10515
f 10516 9976 10067
f 10296 10494 10021
f 10475 10216 10483
f 10517 10065 9975
f 10518 10497 10444
f 10479 10065 10519
f 10501 10513 10430
f 10068 10462 10168
f 10321 10520 10185
f 10521 10493 10522
f 10523 10498 10433
f 10506 10522 10193
f 10307 10524 10395
f 10447 10284 10525
f 10526 10527 10528
f 10529 10530 10531
f 10525 10532 10533
f 10175 10534 10535
f 10536 10295 10495
f 10537 10464 10538
f 10505 10398 10539
f 10142 10002 10519
f 10540 10541 10542
f 10543 10544 10545
f 10546 10547 10548
f 10400 10120 10326
f 10057 10549 10168
f 10534 10466 10535
f 10469 10550 10371
f 10363 10551 10364
f 10058 10549 10059
f 10552 10553 10034
f 10079 10554 10555
f 10183 10538 10184
f 10556 10557 10558
f 10418 10416 10465
f 10559 10229 10039
f 10070 10098 10071
f 10560 10561 10344
f 10129 10555 10083
f 10335 10126 10562
f 10563 10021 10090
f 10564 10565 10566
f 10373 10428 10429
f 10567 10193 10568
f 10569 10067 10570
f 10571 10321 10572
f 10277 10191 10231
f 9985 10573 10574
f 10348 10234 10235
f 10575 10576 10577
f 10315 10578 10317
f 10487 10209 10511
f 10160 10420 10170
f 10579 10124 10360
f 10580 10025 10042
f 10410 10581 10391
f 10582 10583 10411
f 10320 10584 10406
f 10585 10586 10587
f 10588 10589 10590
f 10591 10592 10544
f 10593 10594 10595
f 10596 10543 10545
f 10597 10596 10545
f 10596 10597 10598
f 10599 10600 10601
f 10601 10602 10603
f 10301 10318 10320
f 10604 10533 10448
f 10412 10337 10322
f 9973 10455 9977
f 10244 9994 10242
f 10561 10345 10344
f 10605 10606 10607
f 10470 10372 10466
f 10600 10608 10609
f 10608 10595 10609
f 10609 10595 10594
f 10610 10611 10612
f 10613 10593 10614
f 10615 10361 10017
f 10616 10510 10438
f 10617 10570 10514
f 10618 10619 10620
f 10262 10621 10622
f 10623 10624 10625
f 10622 10623 10625
f 10623 10622 10621
f 10626 10627 10628
f 10629 10628 10630
f 10631 10590 10632
f 10633 10634 10635
f 10508 10632 10303
f 10100 10578 10636
f 10637 10638 10553
f 10639 10413 10465
f 10640 10468 10492
f 10641 10483 10149
f 10310 10598 10597
f 10627 10642 10643
f 10642 10612 10643
f 10643 10612 10611
f 10624 10620 10625
f 10644 10610 10645
f 10454 10489 9978
f 10187 10323 10520
f 10646 10647 10648
f 10649 10645 10610
f 10584 10319 10650
f 10318 10584 10650
f 10256 10446 10651
f 10567 10195 10248
f 10052 10054 10300
f 10083 10072 10074
f 10192 9986 9988
f 10652 10653 10654
f 10318 10299 10406
f 10655 10394 10218
f 10656 10657 10658
f 10125 10335 10562
f 10291 10233 10245
f 9981 10387 10659
f 10408 10589 10660
f 10232 10305 10394
f 10661 10524 10435
f 10104 10442 10376
f 10503 10662 10422
f 9982 10659 10663
f 9968 10040 9969
f 9971 10472 9972
f 9974 10517 9975
f 10404 9979 10205
f 10269 10004 9979
f 9971 9973 9977
f 9977 10356 9978
f 9978 10489 10203
f 10203 10205 9978
f 9979 10004 9971
f 9971 9977 9979
f 9978 10205 9979
f 9981 9980 10051
f 10503 9980 9982
f 10051 10043 9981
f 10664 10665 10666
f 9985 10667 10668
f 9985 10668 9983
f 10665 10576 10666
f 10669 10664 10666
f 10670 10671 10672
f 10671 10673 10672
f 10674 10670 10675
f 10670 10672 10675
f 10676 10674 10677
f 10674 10675 10678
f 10674 10678 10677
f 10679 10680 10677
f 10681 10679 10677
f 10677 10682 10676
f 10682 10683 10676
f 10678 10681 10677
f 10683 10682 10684
f 10684 10685 10683
f 10686 10685 10684
f 10686 10687 10685
f 10688 10687 10686
f 10688 10689 10687
f 10690 10691 10692
f 10688 10693 10689
f 10694 10690 10695
f 10690 10692 10695
f 10696 10687 10697
f 10698 10696 10699
f 10694 10695 10693
f 10695 10700 10693
f 10693 10700 10689
f 10687 10689 10697
f 10701 10669 10666
f 10701 10666 9985
f 10668 10698 9983
f 10696 10697 10699
f 9984 10701 9985
f 10698 10699 9983
f 9986 10348 9987
f 9989 10702 9990
f 9992 10338 9993
f 9995 10488 9996
f 9998 10063 9999
f 10001 10066 10002
f 10004 10269 10005
f 10007 10703 10008
f 10010 10327 10011
f 10013 10271 10014
f 10016 10615 10017
f 10019 10377 10020
f 10391 10393 10410
f 10023 10496 10443
f 10518 10443 10496
f 10338 9992 10443
f 10244 10243 9992
f 10022 10410 10393
f 10393 10023 10022
f 10443 9992 10023
f 10243 10022 9992
f 10024 10459 10025
f 10027 10171 10028
f 10030 10081 10031
f 10033 10552 10034
f 10036 10103 10037
f 9968 10559 10039
f 10041 10580 10042
f 10044 10381 10045
f 10047 10704 10048
f 10050 10041 10043
f 10052 10299 10053
f 10055 10286 10056
f 10057 10069 10058
f 10060 10396 10061
f 10063 10339 10064
f 10514 10570 10067
f 10067 9976 9975
f 9975 10065 10067
f 10705 10478 10066
f 10066 10001 10143
f 10143 10515 10066
f 10514 10067 10515
f 10065 10705 10066
f 10066 10515 10067
f 10068 10388 10058
f 10031 10228 10070
f 10072 10359 10073
f 10075 10117 10076
f 10078 10554 10079
f 10081 10098 10071
f 10078 10080 10083
f 10339 10063 9998
f 9998 10084 10082
f 10082 10129 10083
f 10083 10074 10073
f 10073 10177 10078
f 10080 10339 9998
f 9998 10082 10080
f 10083 10073 10078
f 10084 9998 10000
f 10086 10485 10087
f 10089 10563 10090
f 10092 10217 10093
f 10095 10277 10049
f 10097 10256 10651
f 10651 10445 9995
f 10122 10579 10445
f 9995 9997 10096
f 10096 10282 10281
f 10281 10202 10097
f 10097 10651 9995
f 10579 9995 10445
f 10096 10281 10097
f 10098 10706 10099
f 10100 10328 10101
f 10103 10036 10104
f 10106 10484 10107
f 10109 10151 10110
f 10112 10236 10113
f 10115 9970 9969
f 10117 10332 10118
f 10121 10342 10347
f 10341 10347 10342
f 10398 10504 10119
f 10119 10509 10120
f 10616 10437 10509
f 10120 10399 10121
f 10121 10347 10398
f 10398 10119 10121
f 10437 10120 10509
f 10122 10445 10123
f 10125 10562 10126
f 10082 10431 10128
f 10130 10373 10131
f 10133 10707 10134
f 10136 10702 9989
f 10138 10169 10139
f 10141 10708 10105
f 10142 10515 10143
f 10145 10449 10417
f 10413 10369 10147
f 10369 10368 10147
f 10145 10417 10146
f 10413 10147 10146
f 10148 10641 10149
f 10151 10494 10152
f 10153 10402 10010
f 10154 10415 10155
f 10157 10427 10158
f 10160 10197 10140
f 10268 10140 10197
f 10139 10261 10137
f 10137 9989 10154
f 9991 10154 9989
f 10156 10419 10160
f 10160 10140 10139
f 10139 10137 10156
f 10154 10156 10137
f 10161 10550 10162
f 10066 10478 10164
f 10165 10460 10166
f 10098 10068 10168
f 10374 10196 10138
f 10170 10420 10155
f 10155 10415 10702
f 9990 10702 10415
f 10136 10260 10169
f 10169 10138 10170
f 10196 10170 10138
f 10155 10702 10136
f 10136 10169 10155
f 10171 10389 10172
f 10173 10471 10174
f 10166 10207 10055
f 10176 10554 10078
f 10111 10311 10178
f 10179 10194 10180
f 10182 10482 10183
f 10185 10324 10186
f 10008 10703 10188
f 10190 10709 10132
f 10048 10704 10191
f 10192 10710 10030
f 10485 10086 10179
f 10195 10568 10193
f 10193 10522 10492
f 10493 10492 10522
f 10468 10272 10194
f 10194 10179 10086
f 10086 10195 10194
f 10193 10492 10468
f 10468 10194 10193
f 10160 10170 10196
f 10198 10367 10199
f 10201 10711 10097
f 10203 10490 10204
f 10166 10460 10206
f 10486 10210 10209
f 10279 10453 10210
f 10452 10238 10453
f 10499 10208 10238
f 10523 10432 10208
f 10480 10209 10432
f 10210 10453 10238
f 10238 10208 10210
f 10432 10209 10208
f 10211 9980 10212
f 10214 10474 10215
f 10217 10655 10218
f 10219 10390 10220
f 10222 10473 10223
f 10225 10405 10226
f 10099 10706 10070
f 10213 10212 10229
f 10191 10704 10047
f 10292 10062 10061
f 10061 10435 10524
f 10524 10306 10712
f 10712 10232 10524
f 10655 10217 10232
f 10092 10233 10217
f 10292 10061 10233
f 10524 10232 10061
f 10217 10233 10232
f 10234 10560 10056
f 10236 10707 10133
f 10237 10499 10238
f 10240 10027 10029
f 10242 10512 10243
f 10245 10233 10092
f 10046 10045 10246
f 10195 10086 10088
f 10249 10298 10250
f 10252 10221 10220
f 9997 9996 10254
f 10097 10711 10255
f 9993 10258 9994
f 10444 10497 10258
f 10257 10392 10713
f 10581 10409 10392
f 10713 10512 9994
f 10242 9994 10512
f 10258 10497 10257
f 10392 10409 10713
f 10713 9994 10257
f 10046 10247 10013
f 10271 10013 10247
f 10352 10354 10427
f 10427 10157 10352
f 10411 10583 10157
f 10259 10044 10046
f 10046 10013 10157
f 10352 10157 10013
f 10583 10259 10157
f 10260 10136 10137
f 10714 10715 10716
f 10714 10716 10717
f 10717 10716 10718
f 10719 10720 10262
f 10717 10718 10721
f 10721 10718 10262
f 10626 10722 10723
f 10626 10723 10724
f 10718 10719 10262
f 10264 10721 10262
f 10262 10626 10724
f 10262 10724 10725
f 10726 10264 10263
f 10727 10728 10729
f 10729 10726 10730
f 10262 10725 10731
f 10262 10731 10732
f 10730 10727 10729
f 10262 10732 10263
f 10263 10730 10726
f 10733 10734 10735
f 10265 10736 10737
f 10738 10739 10736
f 10739 10740 10736
f 10733 10267 10734
f 10736 10740 10737
f 10741 10742 10265
f 10265 10737 10741
f 10734 10267 10266
f 10742 10266 10265
f 10268 10374 10138
f 10353 10421 10158
f 10015 10014 10246
f 10246 10045 10015
f 10381 10380 10045
f 10385 10582 10159
f 10159 10158 10015
f 10421 10015 10158
f 10045 10380 10159
f 10385 10159 10380
f 10269 9979 10270
f 10271 10247 10246
f 10180 10194 10272
f 10274 10639 10275
f 10277 10231 10047
f 10278 10476 10279
f 10280 10290 10281
f 10283 10333 10284
f 10055 10207 10206
f 10287 10743 10288
f 10290 10201 10202
f 10291 10060 10062
f 10293 10743 10287
f 10295 10744 10296
f 10283 10285 10298
f 10299 10052 10300
f 10302 10508 10303
f 10056 10560 9988
f 10305 10712 10306
f 10745 10746 10747
f 10599 10748 10749
f 10310 10599 10749
f 10750 10745 10747
f 10309 10750 10747
f 10310 10749 10751
f 10310 10751 10752
f 10309 10747 10310
f 10310 10752 10308
f 10152 10495 10295
f 10295 10297 10152
f 10436 10377 10019
f 10019 10563 10089
f 10089 10311 10019
f 10111 10110 10152
f 10152 10297 10019
f 10436 10019 10297
f 10311 10111 10152
f 10753 10754 10755
f 10312 10756 10757
f 10758 10759 10756
f 10759 10760 10756
f 10753 10314 10754
f 10756 10760 10757
f 10761 10762 10312
f 10312 10757 10761
f 10754 10314 10313
f 10762 10313 10312
f 10316 10328 10100
f 10100 10636 10315
f 10315 10241 10029
f 10029 10028 10172
f 10172 10219 10221
f 10221 10252 10316
f 10316 10100 10315
f 10315 10029 10172
f 10172 10221 10315
f 10102 10101 10329
f 10329 10253 10220
f 10220 10390 10027
f 10389 10171 10027
f 10027 10240 10317
f 10317 10578 10102
f 10102 10329 10220
f 10390 10389 10027
f 10027 10317 10220
f 10318 10650 10319
f 10321 10185 10187
f 10211 10050 10051
f 10185 10520 10323
f 10120 10437 10325
f 10327 10016 10018
f 10328 10316 10329
f 10127 10126 10330
f 10332 10115 10116
f 10333 10441 10334
f 10331 10330 10335
f 10311 10089 10091
f 10117 10075 10425
f 10425 10401 10117
f 10153 10012 10011
f 10011 10018 10153
f 10017 10361 10364
f 10363 10364 10361
f 10366 10024 10580
f 10026 10580 10024
f 10366 10580 10017
f 10017 10364 10366
f 10153 10018 10211
f 10117 10401 10559
f 10115 10332 9968
f 9968 9970 10115
f 10230 10559 10401
f 10559 9968 10332
f 10332 10117 10559
f 10018 10017 10041
f 10017 10580 10041
f 10230 10401 10153
f 10213 10230 10153
f 10018 10041 10050
f 10211 10213 10153
f 10337 10572 10321
f 10338 10443 10258
f 10080 10079 10064
f 10340 10346 10341
f 10250 10447 10343
f 10030 10710 10344
f 10346 10397 10347
f 10235 10056 10286
f 10235 10286 10165
f 10055 9987 10348
f 10235 10165 10167
f 10167 10055 10348
f 10031 10081 10099
f 10763 10764 10765
f 10766 10765 10764
f 10350 10767 10768
f 10769 10770 10771
f 10771 10768 10767
f 10768 10772 10350
f 10767 10769 10771
f 10763 10765 10349
f 10772 10351 10350
f 10349 10765 10350
f 10352 10421 10353
f 10355 10454 9978
f 10346 10340 10397
f 10358 10400 10326
f 10326 10325 10510
f 10438 10510 10325
f 10357 10505 10539
f 10539 10397 10358
f 10340 10358 10397
f 10326 10510 10357
f 10357 10539 10358
f 10359 10176 10177
f 10123 10446 10711
f 10255 10711 10446
f 10201 10290 10711
f 10280 10254 10290
f 9996 10488 10254
f 10360 10124 10123
f 10123 10711 10254
f 10290 10254 10711
f 10488 10360 10254
f 10361 10773 10362
f 10037 10708 10141
f 10364 10551 10365
f 10367 10442 10368
f 10370 10469 10371
f 10373 10429 10190
f 10197 10196 10374
f 10169 10260 10261
f 10199 10369 10375
f 10375 10774 10376
f 10377 10436 10378
f 10379 10418 10274
f 10044 10259 10380
f 10382 10414 10461
f 10414 10450 10461
f 10774 10375 10383
f 10382 10461 10383
f 10383 10375 10384
f 10259 10583 10385
f 10386 10289 10288
f 10168 10549 10388
f 10226 10405 10036
f 10376 10442 10038
f 10036 10405 10376
f 10376 10442 10367
f 10219 10172 10389
f 10105 10708 10037
f 10391 10581 10392
f 10396 10060 10291
f 10291 10245 10396
f 10094 10093 10245
f 10218 10394 10093
f 10305 10307 10395
f 10395 10661 10396
f 10396 10245 10394
f 10093 10394 10245
f 10305 10395 10394
f 10397 10539 10398
f 10358 10121 10399
f 10401 10477 10402
f 10205 10204 10403
f 10405 10225 10200
f 10200 10199 10405
f 10299 10301 10320
f 10226 10442 10367
f 10367 10198 10226
f 10135 10134 10407
f 10022 10713 10409
f 10225 10227 10198
f 10159 10582 10411
f 10187 10520 10412
f 10146 10382 10200
f 10200 10198 10146
f 10382 10384 10200
f 10414 10382 10379
f 10276 10417 10414
f 9991 9990 10415
f 10416 10379 10382
f 10416 10382 10146
f 10417 10276 10275
f 10416 10146 10417
f 10418 10198 10200
f 10384 10375 10274
f 10418 10200 10384
f 10419 10156 10155
f 10013 10015 10421
f 10422 10662 10423
f 10031 10071 10098
f 10425 10075 10077
f 10077 10076 10426
f 10118 10116 10040
f 9969 10040 10116
f 10040 10039 10424
f 10076 10424 10439
f 10477 10426 10076
f 10010 10402 10016
f 10016 10327 10010
f 10773 10615 10551
f 10551 10362 10773
f 10459 10365 10042
f 10042 10025 10459
f 9981 10043 10386
f 10289 10386 10043
f 10289 10043 10042
f 10042 10365 10289
f 10551 10615 10287
f 10016 10402 10294
f 10477 10076 10439
f 10289 10365 10287
f 10287 10365 10551
f 10212 9980 10503
f 10503 10422 10229
f 10229 10212 10503
f 10287 10615 10016
f 10294 10287 10016
f 10039 10229 10424
f 10229 10422 10424
f 10294 10402 10477
f 10040 10424 10118
f 10439 10294 10477
f 10427 10354 10353
f 10428 10709 10190
f 10430 10513 10112
f 10084 10085 10431
f 10432 10523 10433
f 10396 10661 10435
f 10297 10296 10378
f 10437 10616 10438
f 10439 10424 10423
f 10333 10283 10343
f 10249 10251 10343
f 10343 10448 10533
f 10533 10532 10637
f 10637 10552 10033
f 10033 10441 10333
f 10283 10249 10343
f 10343 10533 10033
f 10637 10033 10533
f 10317 10240 10241
f 10358 10340 10342
f 10125 10127 10331
f 10441 10033 10035
f 10199 10367 10442
f 10443 10518 10444
f 10316 10252 10253
f 10300 10054 10053
f 10445 10651 10446
f 10447 10604 10448
f 10414 10417 10449
f 10451 10507 10452
f 10455 9972 10472
f 10472 10006 10270
f 10005 10270 10006
f 10403 10204 10270
f 10490 10775 10454
f 10454 10355 10455
f 10455 10472 10270
f 10270 10204 10455
f 10490 10454 10204
f 10439 10440 10293
f 10776 10777 10778
f 10778 10458 10776
f 10458 10779 10456
f 10457 10776 10458
f 10366 10365 10459
f 10165 10286 10206
f 10461 10450 10449
f 10462 10561 10192
f 10463 10007 10009
f 10275 10639 10465
f 10106 10173 10466
f 10175 10535 10173
f 10466 10372 10371
f 10371 10550 10473
f 10161 10473 10550
f 10222 10484 10106
f 10173 10535 10466
f 10466 10371 10222
f 10473 10222 10371
f 10467 10273 10272
f 10471 10108 10224
f 10107 10224 10108
f 10223 10163 10162
f 10162 10469 10223
f 10370 10470 10469
f 10534 10174 10471
f 10471 10224 10223
f 10223 10469 10471
f 10470 10534 10471
f 10036 10038 10141
f 10461 10145 10147
f 9971 10004 10006
f 10254 10280 10282
f 10143 10001 10003
f 10473 10161 10163
f 10182 10184 10538
f 10538 10464 10182
f 10009 10008 10464
f 10189 10474 10008
f 10214 10475 10474
f 10641 10148 10182
f 10182 10464 10008
f 10008 10474 10182
f 10475 10641 10182
f 10476 10451 10453
f 10425 10426 10477
f 10478 10705 10479
f 10480 10432 10434
f 10150 10149 10482
f 10483 10216 10215
f 10215 10188 10703
f 10703 10007 10463
f 10463 10537 10482
f 10183 10482 10537
f 10149 10483 10482
f 10215 10703 10482
f 10463 10482 10703
f 10484 10222 10224
f 10485 10179 10181
f 10189 10188 10215
f 10173 10106 10108
f 9977 10455 10355
f 10393 10392 10257
f 10278 10210 10486
f 9995 10579 10360
f 10489 10775 10490
f 10148 10150 10482
f 10491 10640 10492
f 10494 10536 10495
f 9979 10404 10403
f 10496 10023 10257
f 10498 10208 10499
f 10239 10507 10451
f 10451 10476 10278
f 10278 10487 10511
f 10511 10481 10434
f 10434 10433 10498
f 10498 10237 10239
f 10239 10451 10278
f 10278 10511 10498
f 10434 10498 10511
f 10302 10304 10500
f 9982 10663 10502
f 10357 10119 10504
f 10491 10521 10640
f 10506 10567 10248
f 10248 10088 10180
f 10087 10181 10088
f 10180 10273 10467
f 10467 10640 10506
f 10521 10506 10640
f 10088 10181 10180
f 10180 10467 10248
f 10132 10709 10428
f 10507 10239 10238
f 10508 10302 10430
f 10501 10430 10302
f 10114 10113 10430
f 10133 10135 10113
f 10408 10660 10135
f 10588 10631 10508
f 10508 10135 10588
f 10113 10135 10430
f 10660 10588 10135
f 10509 10119 10357
f 10209 10480 10481
f 10057 10168 10068
f 10512 10713 10022
f 10589 10407 10134
f 10134 10707 10236
f 10236 10112 10513
f 10513 10500 10304
f 10304 10303 10590
f 10632 10590 10303
f 10589 10134 10304
f 10236 10513 10134
f 10304 10590 10589
f 10142 10617 10514
f 10516 9974 9976
f 10091 10090 10021
f 10021 10020 10378
f 10378 10296 10021
f 10744 10536 10494
f 10494 10151 10109
f 10109 10178 10494
f 10091 10021 10178
f 10296 10744 10494
f 10494 10178 10021
f 10475 10214 10216
f 10517 10519 10065
f 10518 10496 10497
f 10479 10705 10065
f 10501 10500 10513
f 10068 10345 10462
f 10321 10412 10520
f 10521 10491 10493
f 10523 10208 10498
f 10506 10521 10522
f 10307 10306 10524
f 10034 10553 10035
f 10638 10525 10553
f 10604 10447 10525
f 10250 10298 10285
f 10285 10284 10447
f 10334 10035 10284
f 10553 10525 10035
f 10447 10250 10285
f 10284 10035 10525
f 10780 10781 10782
f 10783 10782 10781
f 10784 10785 10786
f 10785 10787 10786
f 10780 10782 10784
f 10788 10527 10789
f 10786 10780 10784
f 10787 10528 10786
f 10526 10789 10527
f 10786 10528 10527
f 10529 10547 10790
f 10547 10791 10790
f 10531 10792 10529
f 10529 10790 10530
f 10525 10638 10532
f 10175 10174 10534
f 10536 10744 10295
f 10537 10463 10464
f 10505 10504 10398
f 10519 10517 9974
f 9974 10516 10519
f 10569 10617 10142
f 10142 10144 10003
f 10003 10002 10142
f 10164 10479 10519
f 10519 10516 10142
f 10569 10142 10516
f 10002 10164 10519
f 10793 10794 10795
f 10796 10795 10794
f 10797 10798 10799
f 10797 10799 10800
f 10793 10795 10797
f 10801 10793 10797
f 10797 10800 10802
f 10797 10802 10803
f 10804 10801 10803
f 10805 10804 10806
f 10797 10803 10801
f 10804 10803 10806
f 10558 10807 10541
f 10542 10805 10808
f 10805 10806 10808
f 10809 10558 10541
f 10541 10807 10542
f 10542 10808 10540
f 10543 10591 10544
f 10810 10792 10811
f 10812 10796 10813
f 10792 10531 10811
f 10814 10810 10815
f 10796 10794 10813
f 10812 10813 10811
f 10531 10812 10811
f 10810 10811 10815
f 10816 10814 10817
f 10814 10815 10817
f 10818 10816 10558
f 10819 10807 10558
f 10816 10817 10819
f 10816 10819 10558
f 10797 10795 10820
f 10797 10820 10821
f 10822 10818 10558
f 10822 10558 10548
f 10546 10797 10821
f 10546 10821 10823
f 10824 10822 10548
f 10825 10824 10548
f 10546 10823 10826
f 10827 10791 10546
f 10546 10826 10827
f 10825 10548 10828
f 10828 10548 10829
f 10546 10791 10547
f 10829 10548 10547
f 10400 10399 10120
f 10057 10059 10549
f 10534 10470 10466
f 10469 10162 10550
f 10363 10362 10551
f 10058 10388 10549
f 10552 10637 10553
f 10555 10128 10431
f 10431 10085 10000
f 10000 9999 10064
f 10064 10079 10000
f 10554 10176 10359
f 10359 10072 10555
f 10555 10431 10079
f 10000 10079 10431
f 10554 10359 10555
f 10183 10537 10538
f 10798 10797 10558
f 10558 10809 10556
f 10557 10798 10558
f 10418 10379 10416
f 10559 10230 10229
f 10070 10706 10098
f 10560 10234 10561
f 10129 10128 10555
f 10335 10330 10126
f 10563 10019 10021
f 10830 10614 10831
f 10593 10832 10833
f 10834 10835 10832
f 10831 10566 10565
f 10835 10833 10832
f 10614 10593 10831
f 10565 10830 10831
f 10566 10836 10837
f 10593 10833 10831
f 10566 10837 10564
f 10373 10130 10428
f 10567 10506 10193
f 10569 10516 10067
f 10571 10412 10321
f 10277 10095 10191
f 10673 10671 10838
f 10838 10667 10839
f 10677 10680 10840
f 9985 10677 10840
f 10673 10838 10839
f 10839 10667 9985
f 9985 10840 10841
f 9985 10841 10573
f 10574 10839 9985
f 10348 9986 10234
f 10842 10682 10677
f 10576 10665 10692
f 10576 10692 10691
f 10843 10842 10677
f 10843 10677 10576
f 10576 10691 10577
f 10575 10843 10576
f 10315 10636 10578
f 10487 10486 10209
f 10160 10419 10420
f 10579 10122 10124
f 10580 10026 10025
f 10410 10409 10581
f 10582 10385 10583
f 10320 10319 10584
f 10844 10845 10846
f 10846 10544 10847
f 10544 10592 10587
f 10847 10844 10846
f 10848 10586 10849
f 10587 10847 10544
f 10592 10850 10587
f 10851 10849 10586
f 10850 10585 10587
f 10851 10586 10585
f 10588 10660 10589
f 10593 10613 10594
f 10599 10608 10600
f 10852 10779 10853
f 10779 10458 10854
f 10855 10852 10856
f 10779 10854 10857
f 10779 10857 10858
f 10859 10606 10860
f 10779 10858 10861
f 10858 10859 10861
f 10859 10860 10861
f 10862 10855 10863
f 10779 10861 10853
f 10864 10862 10308
f 10852 10853 10856
f 10855 10856 10863
f 10865 10309 10308
f 10862 10863 10865
f 10862 10865 10308
f 10864 10308 10866
f 10867 10864 10866
f 10867 10866 10868
f 10869 10867 10868
f 10869 10868 10870
f 10871 10869 10870
f 10871 10870 10872
f 10777 10871 10873
f 10871 10872 10873
f 10778 10777 10599
f 10777 10873 10599
f 10874 10778 10599
f 10875 10748 10599
f 10876 10875 10599
f 10601 10747 10877
f 10746 10877 10747
f 10601 10877 10878
f 10873 10876 10599
f 10874 10599 10601
f 10601 10878 10602
f 10603 10874 10601
f 10301 10053 10318
f 10604 10525 10533
f 10412 10571 10337
f 9973 9972 10455
f 10244 9992 9994
f 10561 10462 10345
f 10878 10877 10607
f 10605 10860 10606
f 10607 10877 10605
f 10470 10370 10372
f 10610 10644 10611
f 10615 10773 10361
f 10616 10509 10510
f 10617 10569 10570
f 10262 10879 10621
f 10626 10642 10627
f 10880 10881 10882
f 10881 10883 10882
f 10884 10880 10882
f 10884 10882 10885
f 10886 10884 10887
f 10884 10885 10887
f 10888 10886 10879
f 10886 10887 10879
f 10889 10888 10879
f 10887 10628 10879
f 10890 10727 10891
f 10890 10891 10626
f 10892 10890 10626
f 10893 10722 10626
f 10891 10894 10626
f 10894 10893 10626
f 10879 10262 10720
f 10879 10720 10895
f 10892 10626 10628
f 10896 10892 10628
f 10879 10895 10897
f 10879 10897 10889
f 10898 10896 10628
f 10887 10630 10628
f 10629 10898 10628
f 10631 10588 10590
f 10899 10728 10727
f 10727 10890 10899
f 10634 10883 10635
f 10890 10900 10901
f 10901 10899 10890
f 10901 10900 10633
f 10883 10715 10635
f 10716 10715 10881
f 10633 10900 10634
f 10715 10883 10881
f 10508 10631 10632
f 10100 10102 10578
f 10637 10532 10638
f 10639 10274 10375
f 10639 10375 10369
f 10198 10418 10465
f 10639 10369 10413
f 10413 10198 10465
f 10640 10467 10468
f 10641 10475 10483
f 10310 10747 10598
f 10624 10618 10620
f 10454 10775 10489
f 10187 10186 10323
f 10902 10903 10904
f 10905 10904 10903
f 10646 10906 10620
f 10907 10908 10909
f 10909 10620 10906
f 10620 10619 10646
f 10906 10907 10909
f 10902 10904 10648
f 10619 10647 10646
f 10648 10904 10646
f 10910 10911 10912
f 10649 10913 10914
f 10911 10915 10912
f 10610 10912 10915
f 10916 10645 10649
f 10914 10916 10649
f 10610 10915 10649
f 10913 10917 10918
f 10919 10914 10913
f 10913 10918 10919
f 10318 10406 10584
f 10256 10255 10446
f 10567 10568 10195
f 10083 10555 10072
f 10192 10561 10234
f 9988 10560 10344
f 9988 10344 10710
f 10192 10234 9986
f 9988 10710 10192
f 10654 10920 10921
f 10921 10922 10652
f 10652 10923 10924
f 10924 10925 10926
f 10926 10927 10653
f 10653 10928 10654
f 10654 10921 10652
f 10652 10924 10653
f 10926 10653 10924
f 10318 10053 10299
f 10655 10232 10394
f 10929 10930 10657
f 10931 10658 10930
f 10932 10933 10656
f 10934 10656 10933
f 10935 10657 10656
f 10936 10937 10657
f 10930 10658 10657
f 10932 10656 10658
f 10657 10937 10929
f 10125 10336 10335
f 10291 10292 10233
f 9981 10386 10387
f 10408 10407 10589
f 10232 10712 10305
f 10661 10395 10524
f 10774 10383 10376
f 10147 10104 10376
f 10141 10368 10442
f 10376 10383 10147
f 10141 10442 10104
f 10503 10502 10662
f 9982 9981 10659
g Office_Desk_node0
usemtl itu_glass
v -5.967650 0.766983 7.858220
v -5.966780 0.753984 7.861470
v -5.966780 0.766983 7.861470
v -7.399620 0.027624 7.813330
v -7.397080 0.011375 7.814010
v -7.397080 0.027624 7.814010
v -7.496970 0.011375 7.798790
v -7.489550 -0.000000 7.791370
v -7.496970 -0.000000 7.798790
v -7.394550 0.027624 7.813330
v -7.392010 0.027624 7.808940
v -7.401480 0.027624 7.806400
v -5.815590 0.753984 6.084360
v -5.822080 0.753984 6.019080
v -5.778750 0.753984 6.055340
v -6.299230 0.734484 5.472250
v -6.301080 0.734484 5.470390
v -6.305300 0.734484 5.625350
v -7.933860 1.712710 7.234240
v -7.446370 1.712710 7.858220
v -7.446370 1.712710 7.234240
v -7.898290 0.027624 7.804540
v -7.900820 0.011375 7.803860
v -7.900820 0.027624 7.803860
v -5.990540 0.011375 7.301090
v -6.000690 -0.000000 7.303810
v -5.990540 -0.000000 7.301090
v -7.903360 0.027624 7.287920
v -7.900820 0.011375 7.288600
v -7.900820 0.027624 7.288600
v -7.909480 1.524220 7.555570
v -7.470740 1.517720 7.553400
v -7.470740 1.524220 7.555570
v -7.461840 -0.000000 7.819080
v -7.459120 0.011375 7.808940
v -7.461840 0.011375 7.819080
v -7.401480 0.027624 7.811480
v -7.402160 0.011375 7.808940
v -7.401480 0.011375 7.811480
v -5.996290 0.011375 7.280980
v -5.998150 0.027624 7.279120
v -5.996290 0.027624 7.280980
v -5.074790 0.753984 5.349280
v -5.077170 0.766983 5.346900
v -5.074790 0.766983 5.349280
v -7.496970 0.011375 7.293660
v -7.499690 -0.000000 7.283520
v -7.496970 -0.000000 7.293660
v -5.080420 0.753984 5.346030
v -6.513640 0.766983 5.346030
v -5.080420 0.766983 5.346030
v -6.020970 0.011375 7.808940
v -6.018260 -0.000000 7.798790
v -6.020970 -0.000000 7.808940
v -5.983120 0.011375 7.273380
v -6.018260 0.011375 7.273380
v -6.519380 0.766983 5.976960
v -6.517280 0.753984 5.979290
v -6.517280 0.766983 5.979290
v -7.880540 -0.000000 7.283520
v -7.883250 0.011375 7.273380
v -7.880540 0.011375 7.283520
v -7.470740 1.693210 7.831820
v -7.909480 1.577840 7.831820
v -7.909480 1.693210 7.831820
v -7.414650 0.011375 7.273380
v -7.407230 -0.000000 7.265950
v -7.414650 -0.000000 7.273380
v -6.455140 0.347743 7.825720
v -6.455140 0.328244 7.299230
v -6.455140 0.328244 7.825720
v -5.967640 0.753984 7.771170
v -5.967650 0.753984 7.858220
v -5.881060 0.766983 6.048610
v -6.514340 0.753984 5.980370
v -5.881060 0.753984 6.048610
v -7.479400 0.011375 7.263230
v -7.489550 -0.000000 7.265950
v -7.489550 0.011375 7.265950
v -6.456280 0.350278 7.232610
v -6.456280 0.681576 7.208240
v -6.456280 0.681576 7.232610
v -5.844770 0.766983 6.059970
v -5.844770 0.753984 6.059970
v -5.075380 -0.000000 7.863260
v -5.150130 0.683785 7.817760
v -5.150130 -0.000000 7.817760
v -7.470740 1.693210 7.858220
v -7.446370 0.016251 7.858220
v -7.909480 0.263245 7.831820
v -7.470740 0.263245 7.441820
v -7.909480 0.263245 7.441820
v -7.483800 0.027624 7.286060
v -7.484480 0.011375 7.283520
v -7.483800 0.011375 7.286060
v -7.909480 1.517720 7.553400
v -7.470740 1.512960 7.547450
v -7.479400 -0.000000 7.788650
v -7.459120 -0.000000 7.808940
v -7.499690 -0.000000 7.808940
v -7.470740 0.243746 7.831820
v -7.470740 0.263245 7.831820
v -7.909480 1.558340 7.364230
v -7.909480 1.558340 7.831820
v -7.470740 1.530720 7.525250
v -7.909480 1.524220 7.523070
v -7.909480 1.530720 7.525250
v -5.077170 0.766983 7.863850
v -5.080420 0.753984 7.864720
v -5.077170 0.753984 7.863850
v -7.909480 1.512960 7.531200
v -7.470740 1.511220 7.539320
v -7.909480 1.511220 7.539320
v -7.470740 1.577840 7.831820
v -7.909480 1.535480 7.547450
v -7.909480 1.535480 7.531200
v -7.909480 1.530720 7.553400
v -7.470740 1.530720 7.553400
v -7.883250 -0.000000 7.819080
v -7.880540 0.011375 7.808940
v -7.883250 0.011375 7.819080
v -6.010830 0.011375 7.826510
v -6.018260 -0.000000 7.819080
v -6.010830 -0.000000 7.826510
v -7.476870 0.011375 7.287920
v -7.475010 0.027624 7.286060
v -7.476870 0.027624 7.287920
v -7.428980 0.681576 7.208240
v -7.898290 0.027624 7.287920
v -7.898290 0.027624 7.279120
v -7.470740 1.558340 7.831820
v -7.470740 1.577840 7.364230
v -7.910970 0.011375 7.301090
v -7.918390 -0.000000 7.293660
v -7.910970 -0.000000 7.301090
v -6.455140 0.347743 7.299230
v -6.004210 0.347743 7.825720
v -6.004210 0.347743 7.299230
v -7.414650 0.011375 7.819080
v -7.417370 -0.000000 7.808940
v -7.414650 -0.000000 7.819080
v -5.990540 -0.000000 7.826510
v -5.983120 0.011375 7.819080
v -5.990540 0.011375 7.826510
v -7.392690 0.011375 7.286060
v -7.392010 0.027624 7.283520
v -7.392690 0.027624 7.286060
v -5.964400 0.766983 7.863850
v -5.964400 0.753984 7.863850
v -5.080420 0.766983 7.864720
v -5.961150 0.753984 7.864720
v -7.476870 0.011375 7.804540
v -7.476870 0.011375 7.813330
v -7.481940 0.011375 7.813330
v -7.905900 0.027624 7.283520
v -7.905220 0.011375 7.280980
v -7.905900 0.011375 7.283520
v -7.932720 1.711800 7.232610
v -7.932720 0.017160 7.208240
v -7.932720 0.017160 7.232610
v -7.470740 1.537220 7.539320
v -7.909480 1.537220 7.539320
v -7.428980 0.348458 7.208240
v -6.456280 0.348458 7.232610
v -6.456280 0.348458 7.208240
v -7.392690 0.027624 7.280980
v -7.394550 0.011375 7.279120
v -7.394550 0.027624 7.279120
v -7.896420 0.011375 7.806400
v -7.896420 0.027624 7.806400
v -7.898290 0.011375 7.813330
v -7.896420 0.027624 7.811480
v -7.898290 0.027624 7.813330
v -6.004210 0.328244 7.825720
v -7.479400 0.011375 7.829220
v -7.469260 -0.000000 7.826510
v -7.469260 0.011375 7.826510
v -6.004210 0.645437 7.850100
v -6.004210 0.653237 7.858220
v -6.004210 0.645437 7.825720
v -6.003230 0.027624 7.287920
v -6.005080 0.011375 7.286060
v -6.003230 0.011375 7.287920
v -5.983120 -0.000000 7.819080
v -5.980400 0.011375 7.808940
v -5.073920 0.766983 5.352530
v -7.903360 0.027624 7.804540
v -7.905220 0.011375 7.806400
v -7.905220 0.027624 7.806400
v -7.461840 0.011375 7.293660
v -7.469260 -0.000000 7.301090
v -7.461840 -0.000000 7.293660
v -7.905220 0.027624 7.811480
v -7.397080 0.011375 7.788650
v -7.386940 -0.000000 7.791370
v -7.397080 -0.000000 7.788650
v -7.461840 0.011375 7.798790
v -7.909480 0.035750 7.858220
v -7.909480 1.693210 7.856190
v -7.909480 1.693210 7.858220
v -7.909480 0.243746 7.831820
v -7.896420 0.011375 7.811480
v -7.905220 0.011375 7.811480
v -7.883250 -0.000000 7.273380
v -7.890680 0.011375 7.265950
v -7.407230 0.011375 7.826510
v -7.397080 -0.000000 7.829220
v -7.397080 0.011375 7.829220
v -7.470740 1.517720 7.525250
v -7.909480 1.517720 7.525250
v -6.000690 -0.000000 7.829220
v -7.883250 -0.000000 7.798790
v -7.890680 0.011375 7.791370
v -7.883250 0.011375 7.798790
v -6.000690 0.027624 7.288600
v -5.998150 0.011375 7.287920
v -5.998150 0.027624 7.287920
v -6.443930 0.683785 5.392990
v -6.518680 -0.000000 5.438490
v -6.518680 0.743584 5.438490
v -6.000690 0.011375 7.278440
v -6.000690 0.027624 7.278440
v -6.456280 0.017160 7.232610
v -7.428980 0.350278 7.208240
v -7.909480 1.693210 7.234240
v -7.910970 -0.000000 7.826510
v -7.890680 -0.000000 7.791370
v -7.890680 -0.000000 7.826510
v -7.903360 0.011375 7.813330
v -7.903360 0.027624 7.813330
v -6.455140 0.653237 7.234230
v -6.479520 0.045500 7.234230
v -6.479520 0.653237 7.234230
v -7.896420 0.011375 7.280980
v -7.896420 0.027624 7.280980
v -7.394550 0.027624 7.804540
v -7.397080 0.011375 7.803860
v -7.397080 0.027624 7.803860
v -7.470740 0.035750 7.856190
v -7.470740 1.693210 7.856190
v -5.998150 0.011375 7.804540
v -5.998150 0.011375 7.813330
v -6.003230 0.011375 7.813330
v -5.815590 0.766983 6.084360
v -5.797960 0.753984 6.118050
v -5.797960 0.766983 6.118050
v -6.005080 0.027624 7.280980
v -6.003230 0.011375 7.279120
v -6.005080 0.011375 7.280980
v -7.475010 0.011375 7.286060
v -7.474330 0.027624 7.283520
v -7.900820 0.011375 7.263230
v -7.910970 -0.000000 7.265950
v -7.910970 0.011375 7.265950
v -7.414650 0.011375 7.798790
v -7.407230 -0.000000 7.791370
v -7.414650 -0.000000 7.798790
v -6.479520 0.653237 7.797290
v -6.455140 0.630487 7.825720
v -6.455140 0.653237 7.797290
v -7.909480 1.577840 7.364230
v -5.794560 0.753984 6.155930
v -5.794560 0.766983 6.155930
v -7.428980 0.350278 7.232610
v -7.475010 0.011375 7.280980
v -7.479400 0.011375 7.288600
v -7.933860 0.016251 7.234240
v -7.933860 0.016251 7.858220
v -7.392010 0.011375 7.283520
v -6.000690 0.027624 7.803860
v -6.003230 0.011375 7.804540
v -6.003230 0.027624 7.804540
v -7.883250 -0.000000 7.293660
v -7.883250 0.011375 7.293660
v -5.983120 -0.000000 7.293660
v -5.980400 0.011375 7.283520
v -5.983120 0.011375 7.293660
v -7.479400 0.027624 7.288600
v -7.496970 -0.000000 7.273380
v -7.496970 0.011375 7.273380
v -7.890680 0.011375 7.826510
v -7.397080 0.011375 7.303810
v -7.386940 -0.000000 7.301090
v -7.386940 0.011375 7.301090
v -7.918390 0.011375 7.273380
v -7.918390 -0.000000 7.273380
v -7.898290 0.011375 7.287920
v -7.900820 0.011375 7.278440
v -7.900820 0.027624 7.278440
v -6.018260 -0.000000 7.273380
v -6.010830 -0.000000 7.301090
v -7.469260 0.011375 7.265950
v -7.895750 0.011375 7.808940
v -7.895750 0.027624 7.808940
v -5.288760 0.734484 7.585400
v -5.326920 0.734484 7.604180
v -5.326920 0.734484 7.673730
v -6.214000 0.714985 5.478310
v -6.214000 0.729529 5.625350
v -6.214000 0.714985 5.613160
v -7.900820 0.027624 7.814010
v -7.402160 0.027624 7.808940
v -7.401480 0.011375 7.806400
v -7.499690 0.011375 7.283520
v -7.900820 -0.000000 7.788650
v -7.900820 0.011375 7.788650
v -7.430120 0.016251 7.234240
v -5.967650 0.016251 7.858220
v -7.430120 0.016251 7.858220
v -7.428980 0.681576 7.232610
v -6.003230 0.027624 7.813330
v -6.005080 0.011375 7.811480
v -7.896420 0.011375 7.286060
v -7.895750 0.027624 7.283520
v -7.896420 0.027624 7.286060
v -7.407230 0.011375 7.301090
v -7.414650 -0.000000 7.293660
v -7.407230 -0.000000 7.301090
v -7.470740 0.035750 7.858220
v -6.472690 0.753984 5.444040
v -6.472690 0.734484 5.937180
v -6.472690 0.753984 5.937180
v -7.895750 0.011375 7.283520
v -7.481940 0.027624 7.287920
v -7.481940 0.011375 7.287920
v -5.121370 0.734484 5.444040
v -5.121370 0.753984 5.444040
v -5.990540 0.011375 7.791370
v -6.000690 -0.000000 7.788650
v -6.000690 0.011375 7.788650
v -7.397080 -0.000000 7.303810
v -5.075380 0.743584 7.863260
v -5.075380 -0.000000 7.772260
v -5.075380 0.743584 7.772260
v -7.399620 0.027624 7.287920
v -7.401480 0.011375 7.286060
v -7.399620 0.011375 7.287920
v -7.476870 0.027624 7.279120
v -7.479400 0.011375 7.278440
v -7.479400 0.027624 7.278440
v -5.705190 0.734484 7.601650
v -5.671240 0.734484 7.742890
v -5.667700 0.734484 7.585400
v -6.000690 0.011375 7.829220
v -5.282570 0.714985 5.478310
v -5.282570 0.729529 5.625350
v -5.282570 0.714985 5.613160
v -7.890680 0.011375 7.301090
v -7.921110 0.011375 7.283520
v -7.890680 -0.000000 7.301090
v -5.891440 0.683785 7.817760
v -5.966190 -0.000000 7.772260
v -5.966190 0.743584 7.772260
v -5.150130 0.683785 5.392990
v -5.075380 0.743584 5.438490
v -6.518680 -0.000000 5.347490
v -6.443930 -0.000000 5.392990
v -7.475010 0.027624 7.811480
v -7.476870 0.027624 7.813330
v -5.077170 0.753984 5.346900
v -7.918390 0.011375 7.293660
v -7.921110 -0.000000 7.283520
v -7.447510 0.017160 7.208240
v -7.447510 0.017160 7.232610
v -5.961150 0.766983 7.864720
v -7.414650 0.011375 7.293660
v -7.417370 -0.000000 7.283520
v -7.447510 1.711800 7.208240
v -7.447510 1.711800 7.232610
v -5.075380 -0.000000 5.438490
v -6.000690 0.011375 7.303810
v -7.909480 1.512960 7.547450
v -7.483800 0.027624 7.811480
v -7.484480 0.011375 7.808940
v -7.483800 0.011375 7.811480
v -7.379520 0.011375 7.293660
v -7.470740 0.035750 7.234240
v -7.470740 0.035750 7.831820
v -7.484480 0.027624 7.808940
v -7.483800 0.011375 7.806400
v -7.933860 1.712710 7.858220
v -6.311490 0.729047 5.430410
v -6.311490 0.714985 5.478310
v -6.311490 0.729231 5.431080
v -7.489550 0.011375 7.301090
v -7.479400 -0.000000 7.303810
v -7.479400 0.011375 7.303810
v -7.392690 0.011375 7.811480
v -7.392690 0.027624 7.811480
v -7.476870 0.027624 7.804540
v -7.481940 0.027624 7.813330
v -7.470740 1.524220 7.523070
v -7.905220 0.011375 7.286060
v -6.516890 0.766983 5.346900
v -6.519270 0.753984 5.349280
v -6.519270 0.766983 5.349280
v -6.520140 0.766983 5.352530
v -6.520140 0.753984 5.973910
v -6.520140 0.766983 5.973910
v -6.455140 0.045500 7.234230
v -6.004210 0.045500 7.825720
v -6.004210 0.045500 7.234230
v -7.376800 -0.000000 7.808940
v -7.379520 0.011375 7.798790
v -7.376800 0.011375 7.808940
v -7.428980 0.348458 7.232610
v -7.900820 0.011375 7.814010
v -7.393560 0.045500 7.234240
v -6.479520 0.045500 7.825720
v -6.018260 0.011375 7.798790
v -6.010830 -0.000000 7.791370
v -7.430120 0.682486 7.858220
v -7.469260 -0.000000 7.265950
v -7.479400 -0.000000 7.263230
v -7.393560 0.653237 7.858220
v -7.393560 0.645437 7.825720
v -7.393560 0.653237 7.234240
v -7.461840 -0.000000 7.273380
v -5.875970 0.753984 6.002140
v -5.875970 0.734484 6.002140
v -7.470740 0.243746 7.441820
v -7.890680 -0.000000 7.265950
v -7.900820 -0.000000 7.263230
v -6.000690 0.011375 7.263230
v -6.010830 -0.000000 7.265950
v -6.010830 0.011375 7.265950
v -7.475010 0.027624 7.280980
v -7.481940 0.027624 7.279120
v -7.484480 0.027624 7.283520
v -7.483800 0.027624 7.806400
v -7.481940 0.011375 7.804540
v -7.479400 0.011375 7.814010
v -7.479400 0.027624 7.814010
v -5.073920 0.766983 7.858220
v -5.073920 0.753984 5.352530
v -7.399620 0.011375 7.804540
v -7.399620 0.027624 7.804540
v -6.479520 0.630487 7.825720
v -5.966190 0.743584 7.863260
v -7.397080 0.011375 7.278440
v -7.397080 0.027624 7.278440
v -5.990540 -0.000000 7.265950
v -5.990540 0.011375 7.265950
v -7.459120 0.011375 7.283520
v -5.075380 0.743584 5.347490
v -6.004210 0.653237 7.234230
v -7.393560 0.045500 7.858220
v -7.903360 0.011375 7.804540
v -5.967650 0.682486 7.858220
v -6.004210 0.045500 7.858220
v -7.430120 0.682486 7.234240
v -7.905900 0.027624 7.808940
v -7.905900 0.011375 7.808940
v -7.489550 -0.000000 7.301090
v -5.747540 0.753984 6.161670
v -5.919440 0.734484 7.766700
v -5.919440 0.753984 7.766700
v -5.074790 0.766983 7.861470
v -5.074790 0.753984 7.861470
v -7.469260 0.011375 7.301090
v -7.428980 0.017160 7.208240
v -7.428980 0.017160 7.232610
v -7.394550 0.027624 7.287920
v -7.470740 1.535480 7.547450
v -5.995610 0.011375 7.808940
v -5.996290 0.027624 7.806400
v -5.995610 0.027624 7.808940
v -7.483800 0.011375 7.280980
v -6.010830 0.011375 7.791370
v -7.475010 0.011375 7.811480
v -7.474330 0.027624 7.808940
v -5.121370 0.753984 7.766700
v -5.121370 0.734484 7.766700
v -7.417370 0.011375 7.283520
v -6.455140 0.045500 7.825720
v -6.010830 0.011375 7.301090
v -6.018260 -0.000000 7.293660
v -7.905220 0.027624 7.280980
v -7.903360 0.011375 7.279120
v -7.379520 -0.000000 7.293660
v -7.376800 0.011375 7.283520
v -6.004210 0.045500 7.850100
v -7.393560 0.045500 7.850100
v -6.005760 0.027624 7.808940
v -6.005080 0.011375 7.806400
v -6.005760 0.011375 7.808940
v -7.392010 0.011375 7.808940
v -7.394550 0.011375 7.813330
v -5.712790 0.734484 7.680660
v -5.714650 0.734484 7.678800
v -5.746740 0.734484 7.738500
v -6.519380 0.753984 5.976960
v -7.909480 0.035750 7.856190
v -7.393560 0.645437 7.850100
v -7.909480 0.035750 7.831820
v -5.995610 0.011375 7.283520
v -5.995610 0.027624 7.283520
v -5.967650 0.682486 7.234230
v -7.379520 0.011375 7.819080
v -7.910970 0.011375 7.791370
v -7.910970 -0.000000 7.791370
v -7.379520 -0.000000 7.798790
v -7.379520 -0.000000 7.819080
v -7.407230 -0.000000 7.826510
v -7.399620 0.011375 7.813330
v -7.407230 0.011375 7.791370
v -6.003230 0.027624 7.279120
v -6.005770 0.027624 7.283520
v -6.005080 0.027624 7.811480
v -5.073920 0.753984 7.858220
v -7.461840 -0.000000 7.798790
v -7.469260 0.011375 7.791370
v -5.996290 0.011375 7.811480
v -5.996290 0.027624 7.811480
v -6.000690 0.011375 7.288600
v -6.005770 0.011375 7.283520
v -7.417370 0.011375 7.808940
v -7.880540 -0.000000 7.808940
v -6.000690 0.011375 7.814010
v -6.000690 0.027624 7.814010
v -7.903360 0.011375 7.287920
v -7.392690 0.027624 7.806400
v -7.394550 0.011375 7.804540
v -7.921110 0.011375 7.808940
v -7.918390 -0.000000 7.798790
v -7.921110 -0.000000 7.808940
v -5.980400 -0.000000 7.808940
v -5.983120 0.011375 7.798790
v -6.020970 0.011375 7.283520
v -6.020970 -0.000000 7.283520
v -5.998150 0.027624 7.804540
v -6.000690 0.011375 7.803860
v -7.397080 0.011375 7.288600
v -7.397080 0.027624 7.288600
v -5.752580 0.734484 6.105400
v -5.752580 0.753984 6.105400
v -7.479400 0.011375 7.803860
v -7.479400 0.027624 7.803860
v -7.910970 0.011375 7.826510
v -6.005080 0.027624 7.806400
v -7.401480 0.027624 7.286060
v -7.475010 0.011375 7.806400
v -7.475010 0.027624 7.806400
v -5.998150 0.027624 7.813330
v -5.980400 -0.000000 7.283520
v -7.394550 0.011375 7.287920
v -7.489550 -0.000000 7.826510
v -7.479400 -0.000000 7.829220
v -7.499690 0.011375 7.808940
v -7.489550 0.011375 7.791370
v -6.018260 0.011375 7.293660
v -7.479400 0.011375 7.788650
v -6.518680 0.743584 5.347490
v -7.918390 0.011375 7.819080
v -7.918390 -0.000000 7.819080
v -5.996290 0.011375 7.806400
v -7.481940 0.011375 7.279120
v -7.379520 -0.000000 7.273380
v -5.380060 0.728984 5.429700
v -5.380060 0.693054 5.395760
v -5.380060 0.729047 5.430410
v -5.302440 0.734484 5.467860
v -5.360190 0.734484 5.467860
v -5.360870 0.734484 5.470390
v -7.386940 0.011375 7.265950
v -7.379520 0.011375 7.273380
v -7.386940 -0.000000 7.826510
v -7.386940 0.011375 7.826510
v -5.983120 -0.000000 7.798790
v -5.996290 0.011375 7.286060
v -5.996290 0.027624 7.286060
v -7.481940 0.027624 7.804540
v -5.328780 0.734484 5.604710
v -5.326920 0.734484 5.606570
v -5.328780 0.734484 5.538870
v -5.662070 0.731584 7.777800
v -5.661510 0.729529 7.585400
v -5.662340 0.732006 7.585400
v -5.373870 0.734484 5.432950
v -5.301760 0.734484 5.465320
v -5.288760 0.734484 5.432950
v -7.909480 0.243746 7.441820
v -7.386940 0.011375 7.791370
v -6.520140 0.753984 5.352530
v -7.407230 0.011375 7.265950
v -7.397080 -0.000000 7.263230
v -7.470740 1.512960 7.531200
v -7.470740 1.535480 7.531200
v -5.326920 0.734484 5.611640
v -5.328780 0.734484 5.613490
v -5.288760 0.734484 5.625350
v -5.967620 0.766983 7.770950
v -7.446370 0.016251 7.234240
v -7.909480 0.035750 7.234240
v -7.932720 1.711800 7.208240
v -6.018260 0.011375 7.819080
v -5.759010 0.728984 7.781050
v -5.759010 0.729047 7.780340
v -5.759010 0.693054 7.814990
v -7.900820 0.011375 7.829220
v -7.900820 -0.000000 7.829220
v -7.496970 0.011375 7.819080
v -7.496970 -0.000000 7.819080
v -5.075380 -0.000000 5.347490
v -5.150130 -0.000000 5.392990
v -6.267140 0.734484 5.611640
v -6.267810 0.734484 5.609100
v -6.224410 0.734484 5.465320
v -6.220190 0.734484 5.432950
v -6.226260 0.734484 5.463470
v -7.900820 -0.000000 7.303810
v -7.905220 0.027624 7.286060
v -6.514340 0.766983 5.980370
v -6.000690 -0.000000 7.263230
v -7.459120 -0.000000 7.283520
v -7.461840 0.011375 7.273380
v -5.966190 -0.000000 7.863260
v -5.661510 0.729047 7.780340
v -5.661510 0.693054 7.814990
v -5.661510 0.714985 7.732440
v -7.401480 0.027624 7.280980
v -7.399620 0.011375 7.279120
v -7.401480 0.011375 7.280980
v -5.661620 0.730463 7.778120
v -5.661510 0.729529 7.779060
v -5.759010 0.729529 7.585400
v -5.758450 0.731584 7.777800
v -5.758180 0.732006 7.585400
v -5.663420 0.733114 7.777800
v -5.664600 0.733820 7.585400
v -5.665400 0.734129 7.777800
v -5.752810 0.734484 7.585400
v -5.755110 0.734129 7.777800
v -5.752810 0.734484 7.777800
v -5.746740 0.734484 7.747280
v -5.748590 0.734484 7.745420
v -7.376800 -0.000000 7.283520
v -5.680700 0.734484 7.745420
v -5.739810 0.734484 7.745420
v -5.741670 0.734484 7.747280
v -5.755910 0.733820 7.585400
v -5.757090 0.733114 7.777800
v -5.380060 0.729529 7.585400
v -5.379510 0.731584 7.777800
v -5.379230 0.732006 7.585400
v -5.758890 0.730463 7.778120
v -5.759010 0.729529 7.779060
v -6.513640 0.753984 5.346030
v -7.474330 0.011375 7.808940
v -7.489550 0.011375 7.826510
v -5.282680 0.730463 7.778120
v -5.282570 0.729529 7.779060
v -5.282570 0.729529 7.585400
v -5.286460 0.734129 7.777800
v -5.285660 0.733820 7.585400
v -5.284480 0.733114 7.777800
v -5.283120 0.731584 7.777800
v -5.283400 0.732006 7.585400
v -5.373870 0.734484 7.585400
v -5.376170 0.734129 7.777800
v -5.373870 0.734484 7.777800
v -5.365260 0.734484 7.747960
v -5.362730 0.734484 7.747280
v -7.402160 0.027624 7.283520
v -7.402160 0.011375 7.283520
v -5.335710 0.734484 7.678800
v -5.365260 0.734484 7.737820
v -5.333850 0.734484 7.680660
v -7.900820 0.011375 7.303810
v -7.397080 0.011375 7.263230
v -7.386940 -0.000000 7.265950
v -5.967650 0.016251 7.234230
v -7.918390 0.011375 7.798790
v -6.005080 0.027624 7.286060
v -5.376970 0.733820 7.585400
v -5.378150 0.733114 7.777800
v -5.379950 0.730463 7.778120
v -5.380060 0.729529 7.779060
v -5.282570 0.714985 7.732440
v -5.282570 0.729231 7.779670
v -5.282570 0.729047 7.780340
v -5.380060 0.714985 7.732440
v -5.891440 -0.000000 7.817760
v -7.903360 0.027624 7.279120
v -5.220880 0.768283 7.248720
v -5.287360 0.768283 7.210330
v -5.287360 0.768283 7.248720
v -7.474330 0.011375 7.283520
v -5.234930 0.768283 5.947980
v -5.273310 0.768283 5.947980
v -5.234930 0.768283 6.014470
v -5.822080 0.734484 6.019080
v -7.399620 0.027624 7.279120
v -7.483800 0.027624 7.280980
v -5.747540 0.734484 6.161670
v -5.778750 0.734484 6.055340
v -6.299230 0.734484 5.463470
v -6.296690 0.734484 5.462790
v -6.305300 0.734484 5.432950
v -6.267140 0.734484 5.537020
v -6.267810 0.734484 5.534480
v -6.301080 0.734484 5.465320
v -6.260210 0.734484 5.538870
v -6.262740 0.734484 5.539550
v -6.262740 0.734484 5.604030
v -6.265280 0.734484 5.604710
v -6.258350 0.734484 5.537020
v -6.260210 0.734484 5.604710
v -6.257670 0.734484 5.534480
v -6.220190 0.734484 5.625350
v -6.258350 0.734484 5.606570
v -6.258350 0.734484 5.611640
v -6.260210 0.734484 5.613490
v -6.257670 0.734484 5.609100
v -6.226260 0.734484 5.472250
v -6.258350 0.734484 5.531950
v -6.228800 0.734484 5.472930
v -6.260210 0.734484 5.530090
v -6.231330 0.734484 5.472250
v -6.262740 0.734484 5.529410
v -6.233190 0.734484 5.470390
v -6.292300 0.734484 5.470390
v -6.231330 0.734484 5.463470
v -6.228800 0.734484 5.462790
v -6.294160 0.734484 5.463470
v -6.233870 0.734484 5.467860
v -6.233190 0.734484 5.465320
v -6.292300 0.734484 5.465320
v -6.265280 0.734484 5.530090
v -6.294160 0.734484 5.472250
v -6.267140 0.734484 5.531950
v -6.296690 0.734484 5.472930
v -6.291620 0.734484 5.467860
v -6.301760 0.734484 5.467860
v -7.898290 0.011375 7.804540
v -5.998150 0.011375 7.279120
v -6.456280 0.350278 7.208240
v -7.469260 -0.000000 7.791370
v -7.470740 1.558340 7.364230
v -7.392690 0.011375 7.280980
v -6.004210 0.328244 7.299230
v -6.456280 0.017160 7.208240
v -7.470740 1.693210 7.234240
v -7.898290 0.011375 7.279120
v -7.476870 0.011375 7.279120
v -5.983120 -0.000000 7.273380
v -5.328780 0.734484 7.680660
v -5.331310 0.734484 7.681330
v -5.297370 0.734484 7.737820
v -5.326920 0.734484 7.678800
v -5.294830 0.734484 7.738500
v -5.292980 0.734484 7.740350
v -5.292300 0.734484 7.742890
v -5.326240 0.734484 7.676260
v -5.335710 0.734484 7.599110
v -5.333850 0.734484 7.597260
v -5.331310 0.734484 7.596580
v -5.328780 0.734484 7.597260
v -5.328780 0.734484 7.671870
v -5.331310 0.734484 7.606720
v -5.333850 0.734484 7.671870
v -5.331310 0.734484 7.671190
v -5.328780 0.734484 7.606040
v -5.326920 0.734484 7.599110
v -5.326240 0.734484 7.601650
v -6.214000 0.716291 5.619260
v -6.214000 0.724734 5.625350
v -6.214000 0.719859 5.623720
v -6.214000 0.693054 5.395760
v -6.214000 0.729047 5.430410
v -6.214000 0.694312 5.394630
v -6.214000 0.728984 5.427290
v -6.214000 0.728984 5.429700
v -6.214000 0.729231 5.431080
v -6.214000 0.729529 5.431690
v -6.472690 0.734484 5.444040
v -5.990540 -0.000000 7.791370
v -5.673780 0.734484 7.747280
v -5.676310 0.734484 7.747960
v -5.667700 0.734484 7.777800
v -5.712790 0.734484 7.597260
v -5.710260 0.734484 7.596580
v -5.671920 0.734484 7.745420
v -5.707720 0.734484 7.597260
v -5.705870 0.734484 7.599110
v -5.282570 0.716291 5.619260
v -5.282570 0.724734 5.625350
v -5.282570 0.719859 5.623720
v -5.282570 0.693054 5.395760
v -5.282570 0.729047 5.430410
v -5.282570 0.694312 5.394630
v -5.282570 0.728984 5.427290
v -5.282570 0.728984 5.429700
v -5.282570 0.729231 5.431080
v -5.282570 0.729529 5.431690
v -6.311490 0.728984 5.429700
v -6.311490 0.728984 5.427290
v -6.311490 0.693054 5.395760
v -6.311490 0.694312 5.394630
v -6.311490 0.714985 5.613160
v -6.311490 0.729529 5.625350
v -6.311490 0.716291 5.619260
v -6.311490 0.719859 5.623720
v -6.311490 0.724734 5.625350
v -6.311490 0.729529 5.431690
v -6.516890 0.753984 5.346900
v -7.393560 0.045500 7.825720
v -7.392690 0.011375 7.806400
v -5.715330 0.734484 7.676260
v -5.714650 0.734484 7.673730
v -5.748590 0.734484 7.740350
v -5.710260 0.734484 7.681330
v -5.380060 0.714985 5.613160
v -5.380060 0.716291 5.619260
v -5.380060 0.724734 5.625350
v -5.380060 0.719859 5.623720
v -5.380060 0.729529 5.625350
v -5.380060 0.729529 5.431690
v -5.380060 0.714985 5.478310
v -5.380060 0.729231 5.431080
v -5.380060 0.694312 5.394630
v -5.380060 0.728984 5.427290
v -5.360870 0.734484 5.465320
v -5.362730 0.734484 5.463470
v -5.301760 0.734484 5.470390
v -5.336380 0.734484 5.534480
v -5.335710 0.734484 5.531950
v -5.367800 0.734484 5.472250
v -5.365260 0.734484 5.472930
v -5.373870 0.734484 5.625350
v -5.331310 0.734484 5.614170
v -5.333850 0.734484 5.613490
v -5.335710 0.734484 5.611640
v -5.335710 0.734484 5.537020
v -5.336380 0.734484 5.609100
v -5.335710 0.734484 5.606570
v -5.333850 0.734484 5.538870
v -5.331310 0.734484 5.539550
v -5.333850 0.734484 5.604710
v -5.326920 0.734484 5.537020
v -5.331310 0.734484 5.604030
v -5.326250 0.734484 5.609100
v -5.299900 0.734484 5.472250
v -5.331310 0.734484 5.529410
v -5.362730 0.734484 5.472250
v -5.333850 0.734484 5.530090
v -5.297370 0.734484 5.472930
v -5.328780 0.734484 5.530090
v -5.294830 0.734484 5.472250
v -5.326920 0.734484 5.531950
v -5.292980 0.734484 5.470390
v -5.326250 0.734484 5.534480
v -5.369650 0.734484 5.470390
v -5.370330 0.734484 5.467860
v -5.292300 0.734484 5.467860
v -5.369650 0.734484 5.465320
v -5.292980 0.734484 5.465320
v -5.294830 0.734484 5.463470
v -5.367800 0.734484 5.463470
v -5.365260 0.734484 5.462790
v -5.297370 0.734484 5.462790
v -5.299900 0.734484 5.463470
v -5.759010 0.729231 7.779670
v -5.759010 0.714985 7.732440
v -5.759010 0.724734 7.585400
v -5.759010 0.714985 7.597580
v -5.759010 0.719859 7.587030
v -5.759010 0.716291 7.591490
v -5.759010 0.694312 7.816120
v -5.759010 0.728984 7.783460
v -6.265280 0.734484 5.538870
v -6.267140 0.734484 5.606570
v -6.262740 0.734484 5.614170
v -6.265280 0.734484 5.613490
v -6.224410 0.734484 5.470390
v -6.223730 0.734484 5.467860
v -5.661510 0.716291 7.591490
v -5.661510 0.719859 7.587030
v -5.661510 0.724734 7.585400
v -5.661510 0.714985 7.597580
v -5.661510 0.694312 7.816120
v -5.661510 0.728984 7.783460
v -5.661510 0.729231 7.779670
v -5.661510 0.728984 7.781050
v -5.707720 0.734484 7.680660
v -5.678850 0.734484 7.738500
v -5.744200 0.734484 7.737820
v -5.705870 0.734484 7.678800
v -5.676310 0.734484 7.737820
v -5.741670 0.734484 7.738500
v -5.739810 0.734484 7.740350
v -5.739130 0.734484 7.742890
v -5.681380 0.734484 7.742890
v -5.680700 0.734484 7.740350
v -5.705190 0.734484 7.676260
v -5.673780 0.734484 7.738500
v -5.705870 0.734484 7.673730
v -5.671920 0.734484 7.740350
v -5.705870 0.734484 7.604180
v -5.707720 0.734484 7.671870
v -5.707720 0.734484 7.606040
v -5.710260 0.734484 7.671190
v -5.710260 0.734484 7.606720
v -5.712790 0.734484 7.671870
v -5.712790 0.734484 7.606040
v -5.714650 0.734484 7.604180
v -5.749270 0.734484 7.742890
v -5.714650 0.734484 7.599110
v -5.715330 0.734484 7.601650
v -5.678850 0.734484 7.747280
v -5.744200 0.734484 7.747960
v -5.288760 0.734484 7.777800
v -5.301760 0.734484 7.740350
v -5.299900 0.734484 7.738500
v -5.360870 0.734484 7.740350
v -5.362730 0.734484 7.738500
v -5.302440 0.734484 7.742890
v -5.360190 0.734484 7.742890
v -5.301760 0.734484 7.745420
v -5.360870 0.734484 7.745420
v -5.299900 0.734484 7.747280
v -5.297370 0.734484 7.747960
v -5.369650 0.734484 7.740350
v -5.333850 0.734484 7.606040
v -5.370330 0.734484 7.742890
v -5.336380 0.734484 7.601650
v -5.335710 0.734484 7.604180
v -5.292980 0.734484 7.745420
v -5.369650 0.734484 7.745420
v -5.294830 0.734484 7.747280
v -5.367800 0.734484 7.747280
v -5.335710 0.734484 7.673730
v -5.367800 0.734484 7.738500
v -5.336380 0.734484 7.676260
v -5.282570 0.728984 7.781050
v -5.282570 0.728984 7.783460
v -5.282570 0.693054 7.814990
v -5.282570 0.694312 7.816120
v -5.282570 0.714985 7.597580
v -5.282570 0.716291 7.591490
v -5.282570 0.719859 7.587030
v -5.282570 0.724734 7.585400
v -5.380060 0.719859 7.587030
v -5.380060 0.716291 7.591490
v -5.380060 0.724734 7.585400
v -5.380060 0.693054 7.814990
v -5.380060 0.729047 7.780340
v -5.380060 0.714985 7.597580
v -5.380060 0.729231 7.779670
v -5.380060 0.694312 7.816120
v -5.380060 0.728984 7.783460
v -5.380060 0.728984 7.781050
v -5.273310 0.768283 7.262770
v -5.254120 0.768283 7.267910
v -5.234930 0.768283 7.262770
v -5.215740 0.768283 7.229520
v -5.220880 0.768283 7.210330
v -5.234930 0.768283 7.196280
v -5.254120 0.768283 7.191140
v -5.273310 0.768283 7.196280
v -5.292510 0.768283 7.229520
v -5.287360 0.768283 6.000420
v -5.273310 0.768283 6.014470
v -5.254120 0.768283 6.019610
v -5.220880 0.768283 6.000420
v -5.215740 0.768283 5.981220
v -5.220880 0.768283 5.962030
v -5.254120 0.768283 5.942840
v -5.287360 0.768283 5.962030
v -5.292510 0.768283 5.981220
f 10938 10939 10940
f 10941 10942 10943
f 10944 10945 10946
f 10947 10948 10949
f 10950 10951 10952
f 10953 10954 10955
f 10956 10957 10958
f 10959 10960 10961
f 10962 10963 10964
f 10965 10966 10967
f 10968 10969 10970
f 10971 10972 10973
f 10974 10975 10976
f 10977 10978 10979
f 10980 10981 10982
f 10983 10984 10985
f 10986 10987 10988
f 10989 10990 10991
f 10962 10992 10993
f 10994 10995 10996
f 10997 10998 10999
f 11000 11001 11002
f 11003 11004 11005
f 11006 11007 11008
f 10938 11009 11010
f 11011 11012 11013
f 11014 11015 11016
f 11017 11018 11019
f 11020 11013 11021
f 11022 11023 11024
f 11025 11026 10957
f 11027 11028 11029
f 11030 11031 11032
f 11033 11034 10969
f 11035 11036 11037
f 11038 11028 11039
f 11001 11040 11041
f 11042 11043 11044
f 11045 11046 11047
f 11048 11049 11050
f 11051 11041 11001
f 11052 11053 11050
f 11054 10970 11055
f 11056 11057 11058
f 11059 11060 11061
f 11062 11063 11064
f 11065 11019 11018
f 10965 11066 11067
f 11068 11069 11051
f 11070 11071 11072
f 11073 11074 11075
f 11076 11077 11078
f 11079 11080 11081
f 11082 11083 11084
f 11085 10939 11086
f 11087 11088 11046
f 11089 11090 11091
f 11092 11093 11094
f 11095 11096 11097
f 11052 11098 11099
f 11100 11101 11102
f 11103 11104 11105
f 11106 10959 11107
f 11108 11109 11110
f 11111 11075 11074
f 11112 11113 11114
f 11115 11116 11117
f 11118 11119 11120
f 11121 11122 11080
f 11123 10980 10982
f 11124 11125 11126
f 11127 11128 11129
f 11109 11126 11130
f 11131 11132 11133
f 11036 11134 10972
f 11135 11136 11137
f 11068 11138 11041
f 11125 11139 11140
f 11141 11142 10998
f 11143 11144 11145
f 11136 11025 11137
f 11146 11048 11147
f 11081 11148 11079
f 11149 11150 11151
f 11152 11153 11154
f 11155 11156 11157
f 10978 11158 11159
f 11160 11102 11101
f 11018 11161 11065
f 11162 11000 11002
f 11163 11164 11165
f 11130 11166 11167
f 11168 11169 11170
f 11171 11067 11172
f 11173 11174 11175
f 11136 11176 11177
f 11178 11179 11180
f 11181 11182 11183
f 11184 11185 11186
f 11187 11188 11063
f 11189 11190 11191
f 11192 11193 11194
f 11195 11196 11197
f 11069 11040 11198
f 11183 11199 11200
f 11161 11017 11201
f 11202 11203 11031
f 11204 11026 11205
f 11206 11103 11083
f 11207 11208 11209
f 11210 10999 11211
f 11212 11213 11214
f 11215 11062 11064
f 11016 11216 11217
f 11165 11058 11218
f 11219 11220 11221
f 11222 11190 11223
f 10967 11224 11066
f 11067 11225 11226
f 11227 10964 11228
f 11127 11229 11016
f 11230 11107 11231
f 11232 11233 11234
f 11235 11236 11237
f 11238 11108 11110
f 11015 11129 10985
f 11239 11240 10975
f 11241 11216 10984
f 11150 11242 11243
f 11244 11245 11246
f 11247 11017 11019
f 11248 11249 11180
f 11250 11251 11252
f 11253 11254 11255
f 11025 11176 11256
f 11257 11258 11259
f 11260 11172 11251
f 11261 11032 11262
f 11263 11257 11264
f 11265 11266 11267
f 11253 11268 11219
f 11269 11270 11271
f 11272 11273 11274
f 11026 10958 10957
f 11275 11276 11277
f 11278 11279 11280
f 10989 11281 11122
f 11282 11283 11284
f 11285 11191 11286
f 11190 11287 11072
f 11288 11289 11290
f 11291 11157 11292
f 11181 11021 10950
f 11155 11293 11294
f 11090 11295 11296
f 11297 10988 10981
f 11298 11299 11071
f 11097 11300 11301
f 11302 11086 11088
f 11303 11304 11254
f 11301 11305 11306
f 11281 11061 11148
f 10988 11020 11181
f 11307 11291 11292
f 11308 11228 10963
f 11050 11034 11309
f 11310 11311 11312
f 11220 11313 11221
f 11000 11314 11315
f 11316 11317 11311
f 11205 11137 11318
f 11001 11069 11198
f 11319 11320 11321
f 11322 11323 11324
f 11325 10948 11326
f 11296 11327 11328
f 11329 11147 11043
f 11224 11330 11093
f 11331 11332 11333
f 11007 11111 11008
f 11334 11335 11336
f 11337 11338 11339
f 11340 11341 11342
f 11343 11160 11101
f 11167 11344 11238
f 11139 11231 11109
f 11345 11346 11169
f 11347 11348 10990
f 11349 11244 11246
f 11014 11350 11351
f 11352 11353 11354
f 11229 11355 11350
f 11356 11258 11357
f 11138 11358 11038
f 11346 11008 11006
f 11346 11337 11169
f 11189 11359 11360
f 11075 11007 11073
f 11361 11362 11363
f 11364 11365 11366
f 11367 11368 11317
f 11328 11369 11370
f 11371 11372 11123
f 11175 11373 11374
f 11169 11346 11375
f 11269 11290 11376
f 11168 11197 11196
f 11105 11377 11378
f 10992 11379 11380
f 11195 11168 11170
f 11129 11381 11127
f 11157 11382 11292
f 11168 11383 11116
f 11384 11349 11246
f 10961 11385 11124
f 11245 11386 11387
f 11388 11354 11244
f 11339 11169 11337
f 11389 11125 11390
f 10983 11391 11322
f 11392 11393 11394
f 11001 11068 11051
f 11395 11047 11396
f 11394 11046 11088
f 11397 11323 11128
f 11398 11160 11399
f 11400 11082 11084
f 11054 11401 11052
f 11402 11403 11404
f 11366 11405 11031
f 11267 11348 11406
f 11407 11408 11295
f 11409 11393 11410
f 11313 11003 11303
f 11287 11211 11285
f 11328 11312 11091
f 11095 11301 11306
f 11411 11005 11304
f 11169 11412 11346
f 11413 11414 11228
f 11286 11223 11299
f 11270 11023 11271
f 11415 11416 11093
f 11417 11418 11313
f 11384 11419 11420
f 11421 11422 11423
f 11174 11424 11425
f 11409 11263 11264
f 11426 11427 11428
f 11336 11429 10994
f 11135 11176 11430
f 11431 11419 11115
f 11432 11162 11002
f 11433 10979 11434
f 11245 11435 11386
f 11436 11192 11076
f 11437 11242 11438
f 11439 11440 11441
f 11006 11111 11074
f 11431 11117 11353
f 10941 10976 11442
f 11224 11252 11066
f 11113 10973 11114
f 11443 11133 11193
f 11444 11445 11152
f 11446 11423 11249
f 11395 11447 11371
f 11448 11449 11134
f 11450 11404 11451
f 11185 11452 11453
f 11454 11194 11077
f 11455 11151 11057
f 11159 11185 11444
f 11143 11078 11441
f 10947 11325 11326
f 11363 11227 10993
f 11248 11456 11457
f 10965 11330 11458
f 11459 11460 11173
f 11118 11452 11152
f 11461 11462 11463
f 11464 11465 11122
f 10949 11373 11240
f 11466 11227 11467
f 11468 11469 11207
f 11248 11468 11209
f 11272 11470 11471
f 10952 11472 11473
f 11327 11474 11475
f 11218 11437 11476
f 11102 11398 11100
f 11477 11208 11422
f 11105 11478 11400
f 11479 11327 11480
f 11179 11451 11481
f 11027 11038 11039
f 11482 10992 11213
f 11483 11274 11104
f 11112 11484 11485
f 11486 10946 11037
f 11266 11464 10991
f 11445 11186 11453
f 11487 11035 10945
f 11488 11467 11414
f 11449 11035 11489
f 11471 11483 11400
f 11038 11432 11138
f 11291 11490 11155
f 11491 11463 11492
f 11493 11468 11403
f 11476 11492 11163
f 11277 11494 11365
f 11417 11254 11495
f 11496 11497 11498
f 11499 11500 11501
f 11495 11502 11503
f 11145 11504 11505
f 11506 11265 11465
f 11507 11434 11508
f 11475 11368 11509
f 11112 10972 11489
f 11510 11511 11512
f 11513 11514 11515
f 11516 11517 11518
f 11370 11090 11296
f 11027 11519 11138
f 11504 11436 11505
f 11439 11520 11341
f 11333 11521 11334
f 11028 11519 11029
f 11522 11523 11004
f 11049 11524 11525
f 11153 11508 11154
f 11526 11527 11528
f 11388 11386 11435
f 11529 11199 11009
f 11040 11068 11041
f 11530 11531 11314
f 11099 11525 11053
f 11305 11096 11532
f 11533 10991 11060
f 11534 11535 11536
f 11343 11398 11399
f 11537 11163 11538
f 11539 11037 11540
f 11541 11291 11542
f 11247 11161 11201
f 10955 11543 11544
f 11318 11204 11205
f 11545 11546 11547
f 11285 11548 11287
f 11457 11179 11481
f 11130 11390 11140
f 11549 11094 11330
f 11550 10995 11012
f 11380 11551 11361
f 11552 11553 11381
f 11290 11554 11376
f 11555 11556 11557
f 11558 11559 11560
f 11561 11562 11514
f 11563 11564 11565
f 11566 11513 11515
f 11567 11566 11515
f 11566 11567 11568
f 11569 11570 11571
f 11571 11572 11573
f 11271 11288 11290
f 11574 11503 11418
f 11382 11307 11292
f 10943 11425 10947
f 11214 10964 11212
f 11531 11315 11314
f 11575 11576 11577
f 11440 11342 11436
f 11570 11578 11579
f 11578 11565 11579
f 11579 11565 11564
f 11580 11581 11582
f 11583 11563 11584
f 11585 11331 10987
f 11586 11480 11408
f 11587 11540 11484
f 11588 11589 11590
f 11232 11591 11592
f 11593 11594 11595
f 11592 11593 11595
f 11593 11592 11591
f 11596 11597 11598
f 11599 11598 11600
f 11601 11560 11602
f 11603 11604 11605
f 11478 11602 11273
f 11070 11548 11606
f 11607 11608 11523
f 11609 11383 11435
f 11610 11438 11462
f 11611 11453 11119
f 11280 11568 11567
f 11597 11612 11613
f 11612 11582 11613
f 11613 11582 11581
f 11594 11590 11595
f 11614 11580 11615
f 11424 11459 10948
f 11157 11293 11490
f 11616 11617 11618
f 11619 11615 11580
f 11554 11289 11620
f 11288 11554 11620
f 11226 11416 11621
f 11537 11165 11218
f 11022 11024 11270
f 11053 11042 11044
f 11162 10956 10958
f 11622 11623 11624
f 11288 11269 11376
f 11625 11364 11188
f 11626 11627 11628
f 11095 11305 11532
f 11261 11203 11215
f 10951 11357 11629
f 11378 11559 11630
f 11202 11275 11364
f 11631 11494 11405
f 11074 11412 11346
f 11473 11632 11392
f 10952 11629 11633
f 10938 11010 10939
f 10941 11442 10942
f 10944 11487 10945
f 11374 10949 11175
f 11239 10974 10949
f 10941 10943 10947
f 10947 11326 10948
f 10948 11459 11173
f 11173 11175 10948
f 10949 10974 10941
f 10941 10947 10949
f 10948 11175 10949
f 10951 10950 11021
f 11473 10950 10952
f 11021 11013 10951
f 11634 11635 11636
f 10955 11637 11638
f 10955 11638 10953
f 11635 11546 11636
f 11639 11634 11636
f 11640 11641 11642
f 11641 11643 11642
f 11644 11640 11645
f 11640 11642 11645
f 11646 11644 11647
f 11644 11645 11648
f 11644 11648 11647
f 11649 11650 11647
f 11651 11649 11647
f 11647 11652 11646
f 11652 11653 11646
f 11648 11651 11647
f 11653 11652 11654
f 11654 11655 11653
f 11656 11655 11654
f 11656 11657 11655
f 11658 11657 11656
f 11658 11659 11657
f 11660 11661 11662
f 11658 11663 11659
f 11664 11660 11665
f 11660 11662 11665
f 11666 11657 11667
f 11668 11666 11669
f 11664 11665 11663
f 11665 11670 11663
f 11663 11670 11659
f 11657 11659 11667
f 11671 11639 11636
f 11671 11636 10955
f 11638 11668 10953
f 11666 11667 11669
f 10954 11671 10955
f 11668 11669 10953
f 10956 11318 10957
f 10959 11672 10960
f 10962 11308 10963
f 10965 11458 10966
f 10968 11033 10969
f 10971 11036 10972
f 10974 11239 10975
f 10977 11673 10978
f 10980 11297 10981
f 10983 11241 10984
f 10986 11585 10987
f 10989 11347 10990
f 11361 11363 11380
f 10993 11466 11413
f 11488 11413 11466
f 11308 10962 11413
f 11214 11213 10962
f 10992 11380 11363
f 11363 10993 10992
f 11413 10962 10993
f 11213 10992 10962
f 10994 11429 10995
f 10997 11141 10998
f 11000 11051 11001
f 11003 11522 11004
f 11006 11073 11007
f 10938 11529 11009
f 11011 11550 11012
f 11014 11351 11015
f 11017 11674 11018
f 11020 11011 11013
f 11022 11269 11023
f 11025 11256 11026
f 11027 11039 11028
f 11030 11366 11031
f 11033 11309 11034
f 11484 11540 11037
f 11037 10946 10945
f 10945 11035 11037
f 11675 11448 11036
f 11036 10971 11113
f 11113 11485 11036
f 11484 11037 11485
f 11035 11675 11036
f 11036 11485 11037
f 11038 11358 11028
f 11001 11198 11040
f 11042 11329 11043
f 11045 11087 11046
f 11048 11524 11049
f 11051 11068 11041
f 11048 11050 11053
f 11309 11033 10968
f 10968 11054 11052
f 11052 11099 11053
f 11053 11044 11043
f 11043 11147 11048
f 11050 11309 10968
f 10968 11052 11050
f 11053 11043 11048
f 11054 10968 10970
f 11056 11455 11057
f 11059 11533 11060
f 11062 11187 11063
f 11065 11247 11019
f 11067 11226 11621
f 11621 11415 10965
f 11092 11549 11415
f 10965 10967 11066
f 11066 11252 11251
f 11251 11172 11067
f 11067 11621 10965
f 11549 10965 11415
f 11066 11251 11067
f 11068 11676 11069
f 11070 11298 11071
f 11073 11006 11074
f 11076 11454 11077
f 11079 11121 11080
f 11082 11206 11083
f 11085 10940 10939
f 11087 11302 11088
f 11091 11312 11317
f 11311 11317 11312
f 11368 11474 11089
f 11089 11479 11090
f 11586 11407 11479
f 11090 11369 11091
f 11091 11317 11368
f 11368 11089 11091
f 11407 11090 11479
f 11092 11415 11093
f 11095 11532 11096
f 11052 11401 11098
f 11100 11343 11101
f 11103 11677 11104
f 11106 11672 10959
f 11108 11139 11109
f 11111 11678 11075
f 11112 11485 11113
f 11115 11419 11387
f 11383 11339 11117
f 11339 11338 11117
f 11115 11387 11116
f 11383 11117 11116
f 11118 11611 11119
f 11121 11464 11122
f 11123 11372 10980
f 11124 11385 11125
f 11127 11397 11128
f 11130 11167 11110
f 11238 11110 11167
f 11109 11231 11107
f 11107 10959 11124
f 10961 11124 10959
f 11126 11389 11130
f 11130 11110 11109
f 11109 11107 11126
f 11124 11126 11107
f 11131 11520 11132
f 11036 11448 11134
f 11135 11430 11136
f 11068 11038 11138
f 11344 11166 11108
f 11140 11390 11125
f 11125 11385 11672
f 10960 11672 11385
f 11106 11230 11139
f 11139 11108 11140
f 11166 11140 11108
f 11125 11672 11106
f 11106 11139 11125
f 11141 11359 11142
f 11143 11441 11144
f 11136 11177 11025
f 11146 11524 11048
f 11081 11281 11148
f 11149 11164 11150
f 11152 11452 11153
f 11155 11294 11156
f 10978 11673 11158
f 11160 11679 11102
f 11018 11674 11161
f 11162 11680 11000
f 11455 11056 11149
f 11165 11538 11163
f 11163 11492 11462
f 11463 11462 11492
f 11438 11242 11164
f 11164 11149 11056
f 11056 11165 11164
f 11163 11462 11438
f 11438 11164 11163
f 11130 11140 11166
f 11168 11337 11169
f 11171 11681 11067
f 11173 11460 11174
f 11136 11430 11176
f 11456 11180 11179
f 11249 11423 11180
f 11422 11208 11423
f 11469 11178 11208
f 11493 11402 11178
f 11450 11179 11402
f 11180 11423 11208
f 11208 11178 11180
f 11402 11179 11178
f 11181 10950 11182
f 11184 11444 11185
f 11187 11625 11188
f 11189 11360 11190
f 11192 11443 11193
f 11195 11375 11196
f 11069 11676 11040
f 11183 11182 11199
f 11161 11674 11017
f 11262 11032 11031
f 11031 11405 11494
f 11494 11276 11682
f 11682 11202 11494
f 11625 11187 11202
f 11062 11203 11187
f 11262 11031 11203
f 11494 11202 11031
f 11187 11203 11202
f 11204 11530 11026
f 11206 11677 11103
f 11207 11469 11208
f 11210 10997 10999
f 11212 11482 11213
f 11215 11203 11062
f 11016 11015 11216
f 11165 11056 11058
f 11219 11268 11220
f 11222 11191 11190
f 10967 10966 11224
f 11067 11681 11225
f 10963 11228 10964
f 11414 11467 11228
f 11227 11362 11683
f 11551 11379 11362
f 11683 11482 10964
f 11212 10964 11482
f 11228 11467 11227
f 11362 11379 11683
f 11683 10964 11227
f 11016 11217 10983
f 11241 10983 11217
f 11322 11324 11397
f 11397 11127 11322
f 11381 11553 11127
f 11229 11014 11016
f 11016 10983 11127
f 11322 11127 10983
f 11553 11229 11127
f 11230 11106 11107
f 11684 11685 11686
f 11684 11686 11687
f 11687 11686 11688
f 11689 11690 11232
f 11687 11688 11691
f 11691 11688 11232
f 11596 11692 11693
f 11596 11693 11694
f 11688 11689 11232
f 11234 11691 11232
f 11232 11596 11694
f 11232 11694 11695
f 11696 11234 11233
f 11697 11698 11699
f 11699 11696 11700
f 11232 11695 11701
f 11232 11701 11702
f 11700 11697 11699
f 11232 11702 11233
f 11233 11700 11696
f 11703 11704 11705
f 11235 11706 11707
f 11708 11709 11706
f 11709 11710 11706
f 11703 11237 11704
f 11706 11710 11707
f 11711 11712 11235
f 11235 11707 11711
f 11704 11237 11236
f 11712 11236 11235
f 11238 11344 11108
f 11323 11391 11128
f 10985 10984 11216
f 11216 11015 10985
f 11351 11350 11015
f 11355 11552 11129
f 11129 11128 10985
f 11391 10985 11128
f 11015 11350 11129
f 11355 11129 11350
f 11239 10949 11240
f 11241 11217 11216
f 11150 11164 11242
f 11244 11609 11245
f 11247 11201 11017
f 11248 11446 11249
f 11250 11260 11251
f 11253 11303 11254
f 11025 11177 11176
f 11257 11713 11258
f 11260 11171 11172
f 11261 11030 11032
f 11263 11713 11257
f 11265 11714 11266
f 11253 11255 11268
f 11269 11022 11270
f 11272 11478 11273
f 11026 11530 10958
f 11275 11682 11276
f 11715 11716 11717
f 11569 11718 11719
f 11280 11569 11719
f 11720 11715 11717
f 11279 11720 11717
f 11280 11719 11721
f 11280 11721 11722
f 11279 11717 11280
f 11280 11722 11278
f 11122 11465 11265
f 11265 11267 11122
f 11406 11347 10989
f 10989 11533 11059
f 11059 11281 10989
f 11081 11080 11122
f 11122 11267 10989
f 11406 10989 11267
f 11281 11081 11122
f 11723 11724 11725
f 11282 11726 11727
f 11728 11729 11726
f 11729 11730 11726
f 11723 11284 11724
f 11726 11730 11727
f 11731 11732 11282
f 11282 11727 11731
f 11724 11284 11283
f 11732 11283 11282
f 11286 11298 11070
f 11070 11606 11285
f 11285 11211 10999
f 10999 10998 11142
f 11142 11189 11191
f 11191 11222 11286
f 11286 11070 11285
f 11285 10999 11142
f 11142 11191 11285
f 11072 11071 11299
f 11299 11223 11190
f 11190 11360 10997
f 11359 11141 10997
f 10997 11210 11287
f 11287 11548 11072
f 11072 11299 11190
f 11360 11359 10997
f 10997 11287 11190
f 11288 11620 11289
f 11291 11155 11157
f 11181 11020 11021
f 11155 11490 11293
f 11090 11407 11295
f 11297 10986 10988
f 11298 11286 11299
f 11097 11096 11300
f 11302 11085 11086
f 11303 11411 11304
f 11301 11300 11305
f 11281 11059 11061
f 11087 11045 11395
f 11395 11371 11087
f 11123 10982 10981
f 10981 10988 11123
f 10987 11331 11334
f 11333 11334 11331
f 11336 10994 11550
f 10996 11550 10994
f 11336 11550 10987
f 10987 11334 11336
f 11123 10988 11181
f 11087 11371 11529
f 11085 11302 10938
f 10938 10940 11085
f 11200 11529 11371
f 11529 10938 11302
f 11302 11087 11529
f 10988 10987 11011
f 10987 11550 11011
f 11200 11371 11123
f 11183 11200 11123
f 10988 11011 11020
f 11181 11183 11123
f 11307 11542 11291
f 11308 11413 11228
f 11050 11049 11034
f 11310 11316 11311
f 11220 11417 11313
f 11000 11680 11314
f 11316 11367 11317
f 11205 11026 11256
f 11205 11256 11135
f 11025 10957 11318
f 11205 11135 11137
f 11137 11025 11318
f 11001 11051 11069
f 11733 11734 11735
f 11736 11735 11734
f 11320 11737 11738
f 11739 11740 11741
f 11741 11738 11737
f 11738 11742 11320
f 11737 11739 11741
f 11733 11735 11319
f 11742 11321 11320
f 11319 11735 11320
f 11322 11391 11323
f 11325 11424 10948
f 11316 11310 11367
f 11328 11370 11296
f 11296 11295 11480
f 11408 11480 11295
f 11327 11475 11509
f 11509 11367 11328
f 11310 11328 11367
f 11296 11480 11327
f 11327 11509 11328
f 11329 11146 11147
f 11093 11416 11681
f 11225 11681 11416
f 11171 11260 11681
f 11250 11224 11260
f 10966 11458 11224
f 11330 11094 11093
f 11093 11681 11224
f 11260 11224 11681
f 11458 11330 11224
f 11331 11743 11332
f 11007 11678 11111
f 11334 11521 11335
f 11337 11412 11338
f 11340 11439 11341
f 11343 11399 11160
f 11167 11166 11344
f 11139 11230 11231
f 11169 11339 11345
f 11345 11744 11346
f 11347 11406 11348
f 11349 11388 11244
f 11014 11229 11350
f 11352 11384 11431
f 11384 11420 11431
f 11744 11345 11353
f 11352 11431 11353
f 11353 11345 11354
f 11229 11553 11355
f 11356 11259 11258
f 11138 11519 11358
f 11196 11375 11006
f 11346 11412 11008
f 11006 11375 11346
f 11346 11412 11337
f 11189 11142 11359
f 11075 11678 11007
f 11361 11551 11362
f 11366 11030 11261
f 11261 11215 11366
f 11064 11063 11215
f 11188 11364 11063
f 11275 11277 11365
f 11365 11631 11366
f 11366 11215 11364
f 11063 11364 11215
f 11275 11365 11364
f 11367 11509 11368
f 11328 11091 11369
f 11371 11447 11372
f 11175 11174 11373
f 11375 11195 11170
f 11170 11169 11375
f 11269 11271 11290
f 11196 11412 11337
f 11337 11168 11196
f 11105 11104 11377
f 10992 11683 11379
f 11195 11197 11168
f 11129 11552 11381
f 11157 11490 11382
f 11116 11352 11170
f 11170 11168 11116
f 11352 11354 11170
f 11384 11352 11349
f 11246 11387 11384
f 10961 10960 11385
f 11386 11349 11352
f 11386 11352 11116
f 11387 11246 11245
f 11386 11116 11387
f 11388 11168 11170
f 11354 11345 11244
f 11388 11170 11354
f 11389 11126 11125
f 10983 10985 11391
f 11392 11632 11393
f 11001 11041 11068
f 11395 11045 11047
f 11047 11046 11396
f 11088 11086 11010
f 10939 11010 11086
f 11010 11009 11394
f 11046 11394 11409
f 11447 11396 11046
f 10980 11372 10986
f 10986 11297 10980
f 11743 11585 11521
f 11521 11332 11743
f 11429 11335 11012
f 11012 10995 11429
f 10951 11013 11356
f 11259 11356 11013
f 11259 11013 11012
f 11012 11335 11259
f 11521 11585 11257
f 10986 11372 11264
f 11447 11046 11409
f 11259 11335 11257
f 11257 11335 11521
f 11182 10950 11473
f 11473 11392 11199
f 11199 11182 11473
f 11257 11585 10986
f 11264 11257 10986
f 11009 11199 11394
f 11199 11392 11394
f 11264 11372 11447
f 11010 11394 11088
f 11409 11264 11447
f 11397 11324 11323
f 11398 11679 11160
f 11400 11483 11082
f 11054 11055 11401
f 11402 11493 11403
f 11366 11631 11405
f 11267 11266 11348
f 11407 11586 11408
f 11409 11394 11393
f 11303 11253 11313
f 11219 11221 11313
f 11313 11418 11503
f 11503 11502 11607
f 11607 11522 11003
f 11003 11411 11303
f 11253 11219 11313
f 11313 11503 11003
f 11607 11003 11503
f 11287 11210 11211
f 11328 11310 11312
f 11095 11097 11301
f 11411 11003 11005
f 11169 11337 11412
f 11413 11488 11414
f 11286 11222 11223
f 11270 11024 11023
f 11415 11621 11416
f 11417 11574 11418
f 11384 11387 11419
f 11421 11477 11422
f 11425 10942 11442
f 11442 10976 11240
f 10975 11240 10976
f 11373 11174 11240
f 11460 11745 11424
f 11424 11325 11425
f 11425 11442 11240
f 11240 11174 11425
f 11460 11424 11174
f 11409 11410 11263
f 11746 11747 11748
f 11748 11428 11746
f 11428 11749 11426
f 11427 11746 11428
f 11336 11335 11429
f 11135 11256 11176
f 11431 11420 11419
f 11432 11531 11162
f 11433 10977 10979
f 11245 11609 11435
f 11076 11143 11436
f 11145 11505 11143
f 11436 11342 11341
f 11341 11520 11443
f 11131 11443 11520
f 11192 11454 11076
f 11143 11505 11436
f 11436 11341 11192
f 11443 11192 11341
f 11437 11243 11242
f 11441 11078 11194
f 11077 11194 11078
f 11193 11133 11132
f 11132 11439 11193
f 11340 11440 11439
f 11504 11144 11441
f 11441 11194 11193
f 11193 11439 11441
f 11440 11504 11441
f 11006 11008 11111
f 11431 11115 11117
f 10941 10974 10976
f 11224 11250 11252
f 11113 10971 10973
f 11443 11131 11133
f 11152 11154 11508
f 11508 11434 11152
f 10979 10978 11434
f 11159 11444 10978
f 11184 11445 11444
f 11611 11118 11152
f 11152 11434 10978
f 10978 11444 11152
f 11445 11611 11152
f 11446 11421 11423
f 11395 11396 11447
f 11448 11675 11449
f 11450 11402 11404
f 11120 11119 11452
f 11453 11186 11185
f 11185 11158 11673
f 11673 10977 11433
f 11433 11507 11452
f 11153 11452 11507
f 11119 11453 11452
f 11185 11673 11452
f 11433 11452 11673
f 11454 11192 11194
f 11455 11149 11151
f 11159 11158 11185
f 11143 11076 11078
f 10947 11425 11325
f 11363 11362 11227
f 11248 11180 11456
f 10965 11549 11330
f 11459 11745 11460
f 11118 11120 11452
f 11461 11610 11462
f 11464 11506 11465
f 10949 11374 11373
f 11466 10993 11227
f 11468 11178 11469
f 11209 11477 11421
f 11421 11446 11248
f 11248 11457 11481
f 11481 11451 11404
f 11404 11403 11468
f 11468 11207 11209
f 11209 11421 11248
f 11248 11481 11468
f 11404 11468 11481
f 11272 11274 11470
f 10952 11633 11472
f 11327 11089 11474
f 11461 11491 11610
f 11476 11537 11218
f 11218 11058 11150
f 11057 11151 11058
f 11150 11243 11437
f 11437 11610 11476
f 11491 11476 11610
f 11058 11151 11150
f 11150 11437 11218
f 11102 11679 11398
f 11477 11209 11208
f 11478 11272 11400
f 11471 11400 11272
f 11084 11083 11400
f 11103 11105 11083
f 11378 11630 11105
f 11558 11601 11478
f 11478 11105 11558
f 11083 11105 11400
f 11630 11558 11105
f 11479 11089 11327
f 11179 11450 11451
f 11027 11138 11038
f 11482 11683 10992
f 11559 11377 11104
f 11104 11677 11206
f 11206 11082 11483
f 11483 11470 11274
f 11274 11273 11560
f 11602 11560 11273
f 11559 11104 11274
f 11206 11483 11104
f 11274 11560 11559
f 11112 11587 11484
f 11486 10944 10946
f 11061 11060 10991
f 10991 10990 11348
f 11348 11266 10991
f 11714 11506 11464
f 11464 11121 11079
f 11079 11148 11464
f 11061 10991 11148
f 11266 11714 11464
f 11464 11148 10991
f 11445 11184 11186
f 11487 11489 11035
f 11488 11466 11467
f 11449 11675 11035
f 11471 11470 11483
f 11038 11315 11432
f 11291 11382 11490
f 11491 11461 11463
f 11493 11178 11468
f 11476 11491 11492
f 11277 11276 11494
f 11004 11523 11005
f 11608 11495 11523
f 11574 11417 11495
f 11220 11268 11255
f 11255 11254 11417
f 11304 11005 11254
f 11523 11495 11005
f 11417 11220 11255
f 11254 11005 11495
f 11750 11751 11752
f 11753 11752 11751
f 11754 11755 11756
f 11755 11757 11756
f 11750 11752 11754
f 11758 11497 11759
f 11756 11750 11754
f 11757 11498 11756
f 11496 11759 11497
f 11756 11498 11497
f 11499 11517 11760
f 11517 11761 11760
f 11501 11762 11499
f 11499 11760 11500
f 11495 11608 11502
f 11145 11144 11504
f 11506 11714 11265
f 11507 11433 11434
f 11475 11474 11368
f 11489 11487 10944
f 10944 11486 11489
f 11539 11587 11112
f 11112 11114 10973
f 10973 10972 11112
f 11134 11449 11489
f 11489 11486 11112
f 11539 11112 11486
f 10972 11134 11489
f 11763 11764 11765
f 11766 11765 11764
f 11767 11768 11769
f 11767 11769 11770
f 11763 11765 11767
f 11771 11763 11767
f 11767 11770 11772
f 11767 11772 11773
f 11774 11771 11773
f 11775 11774 11776
f 11767 11773 11771
f 11774 11773 11776
f 11528 11777 11511
f 11512 11775 11778
f 11775 11776 11778
f 11779 11528 11511
f 11511 11777 11512
f 11512 11778 11510
f 11513 11561 11514
f 11780 11762 11781
f 11782 11766 11783
f 11762 11501 11781
f 11784 11780 11785
f 11766 11764 11783
f 11782 11783 11781
f 11501 11782 11781
f 11780 11781 11785
f 11786 11784 11787
f 11784 11785 11787
f 11788 11786 11528
f 11789 11777 11528
f 11786 11787 11789
f 11786 11789 11528
f 11767 11765 11790
f 11767 11790 11791
f 11792 11788 11528
f 11792 11528 11518
f 11516 11767 11791
f 11516 11791 11793
f 11794 11792 11518
f 11795 11794 11518
f 11516 11793 11796
f 11797 11761 11516
f 11516 11796 11797
f 11795 11518 11798
f 11798 11518 11799
f 11516 11761 11517
f 11799 11518 11517
f 11370 11369 11090
f 11027 11029 11519
f 11504 11440 11436
f 11439 11132 11520
f 11333 11332 11521
f 11028 11358 11519
f 11522 11607 11523
f 11525 11098 11401
f 11401 11055 10970
f 10970 10969 11034
f 11034 11049 10970
f 11524 11146 11329
f 11329 11042 11525
f 11525 11401 11049
f 10970 11049 11401
f 11524 11329 11525
f 11153 11507 11508
f 11768 11767 11528
f 11528 11779 11526
f 11527 11768 11528
f 11388 11349 11386
f 11529 11200 11199
f 11040 11676 11068
f 11530 11204 11531
f 11099 11098 11525
f 11305 11300 11096
f 11533 10989 10991
f 11800 11584 11801
f 11563 11802 11803
f 11804 11805 11802
f 11801 11536 11535
f 11805 11803 11802
f 11584 11563 11801
f 11535 11800 11801
f 11536 11806 11807
f 11563 11803 11801
f 11536 11807 11534
f 11343 11100 11398
f 11537 11476 11163
f 11539 11486 11037
f 11541 11382 11291
f 11247 11065 11161
f 11643 11641 11808
f 11808 11637 11809
f 11647 11650 11810
f 10955 11647 11810
f 11643 11808 11809
f 11809 11637 10955
f 10955 11810 11811
f 10955 11811 11543
f 11544 11809 10955
f 11318 10956 11204
f 11812 11652 11647
f 11546 11635 11662
f 11546 11662 11661
f 11813 11812 11647
f 11813 11647 11546
f 11546 11661 11547
f 11545 11813 11546
f 11285 11606 11548
f 11457 11456 11179
f 11130 11389 11390
f 11549 11092 11094
f 11550 10996 10995
f 11380 11379 11551
f 11552 11355 11553
f 11290 11289 11554
f 11814 11815 11816
f 11816 11514 11817
f 11514 11562 11557
f 11817 11814 11816
f 11818 11556 11819
f 11557 11817 11514
f 11562 11820 11557
f 11821 11819 11556
f 11820 11555 11557
f 11821 11556 11555
f 11558 11630 11559
f 11563 11583 11564
f 11569 11578 11570
f 11822 11749 11823
f 11749 11428 11824
f 11825 11822 11826
f 11749 11824 11827
f 11749 11827 11828
f 11829 11576 11830
f 11749 11828 11831
f 11828 11829 11831
f 11829 11830 11831
f 11832 11825 11833
f 11749 11831 11823
f 11834 11832 11278
f 11822 11823 11826
f 11825 11826 11833
f 11835 11279 11278
f 11832 11833 11835
f 11832 11835 11278
f 11834 11278 11836
f 11837 11834 11836
f 11837 11836 11838
f 11839 11837 11838
f 11839 11838 11840
f 11841 11839 11840
f 11841 11840 11842
f 11747 11841 11843
f 11841 11842 11843
f 11748 11747 11569
f 11747 11843 11569
f 11844 11748 11569
f 11845 11718 11569
f 11846 11845 11569
f 11571 11717 11847
f 11716 11847 11717
f 11571 11847 11848
f 11843 11846 11569
f 11844 11569 11571
f 11571 11848 11572
f 11573 11844 11571
f 11271 11023 11288
f 11574 11495 11503
f 11382 11541 11307
f 10943 10942 11425
f 11214 10962 10964
f 11531 11432 11315
f 11848 11847 11577
f 11575 11830 11576
f 11577 11847 11575
f 11440 11340 11342
f 11580 11614 11581
f 11585 11743 11331
f 11586 11479 11480
f 11587 11539 11540
f 11232 11849 11591
f 11596 11612 11597
f 11850 11851 11852
f 11851 11853 11852
f 11854 11850 11852
f 11854 11852 11855
f 11856 11854 11857
f 11854 11855 11857
f 11858 11856 11849
f 11856 11857 11849
f 11859 11858 11849
f 11857 11598 11849
f 11860 11697 11861
f 11860 11861 11596
f 11862 11860 11596
f 11863 11692 11596
f 11861 11864 11596
f 11864 11863 11596
f 11849 11232 11690
f 11849 11690 11865
f 11862 11596 11598
f 11866 11862 11598
f 11849 11865 11867
f 11849 11867 11859
f 11868 11866 11598
f 11857 11600 11598
f 11599 11868 11598
f 11601 11558 11560
f 11869 11698 11697
f 11697 11860 11869
f 11604 11853 11605
f 11860 11870 11871
f 11871 11869 11860
f 11871 11870 11603
f 11853 11685 11605
f 11686 11685 11851
f 11603 11870 11604
f 11685 11853 11851
f 11478 11601 11602
f 11070 11072 11548
f 11607 11502 11608
f 11609 11244 11345
f 11609 11345 11339
f 11168 11388 11435
f 11609 11339 11383
f 11383 11168 11435
f 11610 11437 11438
f 11611 11445 11453
f 11280 11717 11568
f 11594 11588 11590
f 11424 11745 11459
f 11157 11156 11293
f 11872 11873 11874
f 11875 11874 11873
f 11616 11876 11590
f 11877 11878 11879
f 11879 11590 11876
f 11590 11589 11616
f 11876 11877 11879
f 11872 11874 11618
f 11589 11617 11616
f 11618 11874 11616
f 11880 11881 11882
f 11619 11883 11884
f 11881 11885 11882
f 11580 11882 11885
f 11886 11615 11619
f 11884 11886 11619
f 11580 11885 11619
f 11883 11887 11888
f 11889 11884 11883
f 11883 11888 11889
f 11288 11376 11554
f 11226 11225 11416
f 11537 11538 11165
f 11053 11525 11042
f 11162 11531 11204
f 10958 11530 11314
f 10958 11314 11680
f 11162 11204 10956
f 10958 11680 11162
f 11624 11890 11891
f 11891 11892 11622
f 11622 11893 11894
f 11894 11895 11896
f 11896 11897 11623
f 11623 11898 11624
f 11624 11891 11622
f 11622 11894 11623
f 11896 11623 11894
f 11288 11023 11269
f 11625 11202 11364
f 11899 11900 11627
f 11901 11628 11900
f 11902 11903 11626
f 11904 11626 11903
f 11905 11627 11626
f 11906 11907 11627
f 11900 11628 11627
f 11902 11626 11628
f 11627 11907 11899
f 11095 11306 11305
f 11261 11262 11203
f 10951 11356 11357
f 11378 11377 11559
f 11202 11682 11275
f 11631 11365 11494
f 11744 11353 11346
f 11117 11074 11346
f 11111 11338 11412
f 11346 11353 11117
f 11111 11412 11074
f 11473 11472 11632
f 10952 10951 11629
g Projector_Stand_node0
usemtl itu_glass
v -2.701280 2.808730 -5.790990
v -5.195030 0.778726 -5.790990
v -2.701280 0.778726 -5.790990
v -5.195030 2.808730 -5.790990
v -2.617200 0.745295 -5.701630
v -5.312200 0.677095 -5.741010
v -2.617200 0.677095 -5.741010
v -3.933190 0.774690 -5.877480
v -3.933190 0.766238 -5.892120
v -3.933190 0.770161 -5.894390
v -5.293400 2.801340 -5.799050
v -2.598400 2.807530 -5.792860
v -2.598400 2.801340 -5.799050
v -2.617200 0.677095 -5.819760
v -5.312200 0.745295 -5.859130
v -2.617200 0.745295 -5.859130
v -5.293400 2.806650 -5.786220
v -2.598400 2.806650 -5.786220
v -2.617200 0.813494 -5.741010
v -5.312200 0.813494 -5.819760
v -5.312200 0.813494 -5.741010
v -2.598400 2.794700 -5.798170
v -5.293400 2.794700 -5.798170
v -5.293400 2.790630 -5.788330
v -2.598400 2.790620 -5.788330
v -3.022630 0.026125 -5.774860
v -3.018410 0.027942 -5.824150
v -3.008150 0.048387 -5.797660
v -2.617200 0.813494 -5.819760
v -5.293400 2.796810 -5.782140
v -2.598400 2.796810 -5.782140
v -3.942180 2.112210 -5.860900
v -3.942180 2.095880 -5.865270
v -3.942180 2.096180 -5.867540
v -4.489300 0.042821 -5.116230
v -4.473940 -0.000142 -5.135430
v -4.461990 0.021626 -5.110760
v -5.312200 0.745295 -5.701630
v -4.315840 0.022505 -6.663170
v -4.277060 0.037650 -6.689940
v -4.283690 0.010131 -6.669360
v -3.933190 0.774690 -5.894390
v -3.933190 0.780877 -5.888200
v -3.933190 0.776801 -5.878360
v -3.933190 0.772426 -5.877180
v -3.933190 0.763974 -5.888200
v -3.933190 0.770161 -5.877480
v -3.933190 0.768051 -5.878360
v -5.293400 2.807530 -5.792860
v -5.312200 0.677095 -5.819760
v -3.032900 0.005680 -5.801350
v -3.942180 2.106900 -5.873720
v -3.942180 2.113080 -5.867540
v -3.942180 2.113080 -5.863010
v -3.942180 2.109010 -5.857690
v -3.942180 2.096180 -5.863010
v -3.942180 2.106900 -5.856820
v -3.942180 2.097050 -5.860900
v -4.501250 0.021053 -5.140900
v -4.309210 0.050025 -6.683760
v -4.425310 0.056380 -5.159210
v -4.437260 0.034612 -5.183870
v -4.291560 0.057976 -6.607930
v -4.252780 0.073121 -6.634700
v -4.284930 0.085495 -6.628510
v -4.259410 0.045601 -6.614110
v -3.082960 0.061420 -5.778730
v -3.068480 0.083682 -5.801520
v -4.464570 0.055807 -5.189340
v -4.452620 0.077574 -5.164680
v -3.093230 0.040975 -5.805220
v -3.078740 0.063237 -5.828010
v -3.950690 0.774690 -5.894390
v -3.950690 0.780877 -5.888200
v -3.950690 0.763974 -5.888200
v -3.950690 0.770161 -5.877480
v -3.950690 0.772426 -5.877180
v -3.950690 0.766238 -5.892120
v -3.959680 2.106900 -5.873720
v -3.959680 2.113080 -5.867540
v -3.959680 2.096180 -5.863010
v -3.959680 2.106900 -5.856820
v -3.959680 2.097050 -5.860900
v -3.950690 0.776801 -5.878360
v -3.959680 2.096180 -5.867540
v -3.959680 2.109010 -5.857690
v -3.950690 0.768051 -5.878360
v -3.959680 2.113080 -5.863010
v -3.950690 0.774690 -5.877480
v -3.950690 0.770161 -5.894390
v -3.959680 2.095880 -5.865270
v -3.959680 2.112210 -5.860900
v -3.919650 2.835690 -5.786970
v -3.928400 2.835690 -5.795720
v -3.928400 2.835690 -5.786970
v -3.942670 0.096942 -5.842990
v -3.942670 2.791940 -5.842990
v -3.942670 2.131290 -5.877990
v -4.062240 0.415772 -5.658990
v -3.937230 0.166749 -5.845190
v -3.930330 0.179123 -5.855470
v -4.292760 0.057735 -6.608640
v -4.253980 0.072881 -6.635410
v -4.260610 0.045361 -6.614820
v -3.688360 0.411961 -5.852250
v -3.925620 0.175312 -5.847900
v -3.689330 0.411961 -5.834780
v -4.083670 0.403398 -5.658480
v -3.951760 0.166749 -5.854950
v -3.852040 0.541435 -5.852370
v -3.078060 0.062158 -5.828630
v -3.862310 0.520990 -5.878860
v -3.676010 0.399587 -5.851560
v -3.676980 0.399587 -5.834090
v -3.907670 2.791940 -5.842990
v -3.907670 2.131290 -5.877990
v -3.907670 2.791940 -5.877990
v -3.910900 2.861940 -5.839470
v -3.910900 2.826940 -5.874470
v -3.910900 2.861940 -5.874470
v -3.866530 0.519173 -5.829580
v -3.876790 0.498729 -5.856070
v -3.944910 0.506477 -5.896630
v -3.970430 0.546372 -5.911020
v -3.977060 0.518852 -5.890440
v -3.935650 0.737474 -5.865340
v -3.935650 0.754974 -5.865340
v -3.936010 0.754974 -5.874080
v -4.453500 0.076470 -5.164550
v -4.438140 0.033508 -5.183740
v -4.426190 0.055276 -5.159080
v -3.937150 2.826940 -5.874470
v -3.937150 2.791940 -5.839470
v -3.937150 2.826940 -5.839470
v -3.918520 0.754974 -5.874780
v -3.918170 0.737474 -5.866040
v -3.919570 0.737474 -5.901010
v -3.910900 2.791940 -5.874470
v -3.910900 2.826940 -5.839470
v -3.910900 2.791940 -5.839470
v -3.920630 0.842474 -5.927240
v -3.920140 0.813297 -5.915060
v -3.920600 0.665015 -5.926640
v -4.069140 0.403398 -5.648720
v -4.076770 0.415772 -5.668750
v -3.938110 0.842474 -5.926540
v -3.938090 0.665015 -5.925940
v -3.919570 0.842474 -5.901010
v -3.937060 0.842474 -5.900310
v -3.945310 0.171687 -5.879550
v -4.031100 0.408337 -6.100790
v -3.929510 0.171687 -5.887060
v -3.919650 2.853190 -5.795720
v -3.919650 2.835690 -5.795720
v -3.913260 0.162937 -5.847210
v -3.912290 0.162937 -5.864680
v -3.949380 0.507075 -5.788860
v -3.961330 0.485307 -5.813520
v -3.942670 2.791940 -5.877990
v -3.907670 0.096942 -5.877990
v -3.092540 0.039896 -5.805830
v -3.082280 0.060341 -5.779350
v -3.928400 2.826940 -5.778220
v -3.919650 2.826940 -5.839470
v -3.919650 2.826940 -5.778220
v -4.046900 0.408337 -6.093280
v -4.025780 0.420711 -6.089620
v -3.937970 0.662673 -5.923020
v -3.920490 0.662673 -5.923720
v -3.944860 0.179123 -5.865220
v -3.937780 0.663835 -5.918270
v -3.920300 0.663835 -5.918980
v -4.041590 0.420711 -6.082110
v -3.924190 0.184062 -5.875880
v -3.938280 0.533997 -5.917210
v -3.907670 2.131290 -5.842990
v -3.928400 2.826940 -5.839470
v -3.988640 0.506502 -5.819000
v -3.928400 2.853190 -5.795720
v -3.924650 0.175312 -5.865370
v -3.919670 0.813297 -5.903420
v -3.937620 0.813297 -5.914360
v -3.910900 2.849510 -5.806750
v -3.937150 2.861940 -5.839470
v -3.937150 2.849510 -5.806750
v -3.918170 0.754974 -5.866040
v -3.919650 2.853190 -5.778220
v -3.928400 2.853190 -5.786970
v -3.928400 2.853190 -5.778220
v -3.937150 2.861940 -5.874470
v -3.940000 0.184062 -5.868370
v -3.936300 0.829349 -5.881370
v -3.918810 0.829349 -5.882070
v -3.067790 0.082603 -5.802140
v -4.465450 0.054703 -5.189210
v -3.919570 0.807474 -5.901010
v -3.937060 0.737474 -5.900310
v -3.937060 0.807474 -5.900310
v -4.286130 0.085255 -6.629220
v -3.919650 2.853190 -5.786970
v -3.942670 0.096942 -5.877990
v -3.937150 2.791940 -5.874470
v -3.907670 0.096942 -5.842990
v -3.976690 0.528270 -5.794330
v -3.937160 0.813297 -5.902720
v -3.950390 0.496143 -5.945990
v -3.934700 0.496143 -5.936930
v -3.934700 0.548643 -5.936930
v -3.842160 0.496143 -5.884530
v -3.836600 0.548643 -5.877290
v -3.842160 0.548643 -5.884530
v -3.949050 0.173882 -5.946340
v -3.940610 0.173882 -5.942850
v -3.933360 0.173882 -5.937290
v -3.952650 0.496143 -5.773370
v -3.849410 0.548643 -5.829470
v -3.849410 0.496143 -5.829470
v -3.848080 0.226382 -5.890450
v -3.848080 0.173882 -5.890450
v -3.840830 0.173882 -5.884890
v -3.994180 0.173882 -5.798470
v -3.960380 0.226382 -5.772530
v -3.960380 0.173882 -5.772530
v -3.988420 0.173882 -5.930040
v -3.994240 0.226382 -5.860030
v -3.849680 0.226382 -5.890350
v -3.849680 0.173882 -5.890350
v -3.958110 0.226382 -5.947540
v -3.958110 0.173882 -5.947540
v -3.995580 0.548643 -5.859680
v -3.995520 0.496143 -5.798120
v -3.989760 0.496143 -5.929680
v -3.851010 0.548643 -5.889990
v -3.941940 0.496143 -5.942490
v -3.851010 0.496143 -5.889990
v -3.961710 0.548643 -5.772180
v -3.961710 0.496143 -5.772180
v -3.951320 0.173882 -5.773720
v -3.951320 0.226382 -5.773720
v -3.840830 0.226382 -5.835390
v -3.976940 0.548643 -5.881870
v -3.994440 0.548643 -5.912180
v -3.970660 0.548643 -5.879270
v -3.989760 0.548643 -5.929680
v -3.959440 0.496143 -5.947180
v -3.959440 0.548643 -5.947180
v -3.884410 0.548643 -5.829470
v -3.933360 0.226382 -5.937290
v -3.969330 0.226382 -5.879620
v -3.883080 0.226382 -5.829830
v -3.940610 0.226382 -5.942850
v -3.941940 0.548643 -5.942490
v -3.849410 0.548643 -5.890100
v -3.857850 0.548643 -5.893590
v -3.857850 0.496143 -5.893590
v -3.849410 0.496143 -5.890100
v -3.836600 0.496143 -5.877290
v -3.833110 0.548643 -5.868840
v -3.833110 0.496143 -5.868840
v -3.948450 0.173882 -5.947380
v -3.833110 0.548643 -5.850730
v -3.831910 0.548643 -5.859790
v -3.833110 0.496143 -5.850730
v -3.831910 0.496143 -5.859790
v -3.836600 0.496143 -5.842290
v -3.842160 0.548643 -5.835040
v -3.836600 0.548643 -5.842290
v -3.842160 0.496143 -5.835040
v -3.952650 0.548643 -5.773370
v -3.830580 0.173882 -5.860140
v -3.830580 0.226382 -5.860140
v -3.831770 0.226382 -5.869200
v -3.835270 0.226382 -5.877640
v -3.840830 0.226382 -5.884890
v -3.831770 0.173882 -5.869200
v -3.835270 0.173882 -5.877640
v -3.856520 0.226382 -5.893950
v -3.856520 0.173882 -5.893950
v -3.994180 0.226382 -5.798470
v -3.995380 0.226382 -5.807530
v -3.988420 0.226382 -5.930040
v -3.993110 0.226382 -5.912540
v -3.996710 0.548643 -5.807180
v -3.995520 0.548643 -5.798120
v -3.835270 0.226382 -5.842640
v -3.835270 0.173882 -5.842640
v -3.831770 0.226382 -5.851080
v -3.831770 0.173882 -5.851080
v -3.840830 0.173882 -5.835390
v -3.968500 0.548643 -5.878380
v -3.984190 0.548643 -5.887430
v -3.982340 0.548643 -5.886010
v -3.984350 0.548643 -5.887170
v -3.851610 0.548643 -5.888960
v -3.850450 0.548643 -5.888290
v -3.897220 0.548643 -5.877290
v -3.991920 0.226382 -5.903480
v -3.975610 0.226382 -5.882230
v -3.982860 0.226382 -5.887790
v -3.967170 0.226382 -5.878730
v -3.849120 0.226382 -5.888650
v -3.850270 0.226382 -5.889310
v -3.899390 0.226382 -5.869200
v -3.981000 0.226382 -5.886370
v -3.983010 0.226382 -5.887520
v -3.949790 0.496143 -5.947020
f 11908 11909 11910
f 11908 11911 11909
f 11912 11913 11914
f 11915 11916 11917
f 11918 11919 11920
f 11921 11922 11923
f 11919 11924 11925
f 11926 11927 11928
f 11918 11929 11930
f 11931 11929 11932
f 11933 11934 11935
f 11923 11927 11936
f 11936 11914 11921
f 11937 11932 11938
f 11938 11924 11937
f 11939 11940 11941
f 11913 11921 11914
f 11942 11943 11944
f 11928 11922 11913
f 11924 11918 11937
f 11926 11945 11912
f 11946 11947 11948
f 11932 11920 11938
f 11912 11945 11913
f 11917 11949 11915
f 11950 11951 11915
f 11915 11952 11953
f 11954 11955 11953
f 11953 11916 11915
f 11949 11950 11915
f 11952 11954 11953
f 11918 11956 11919
f 11921 11957 11922
f 11919 11956 11924
f 11926 11936 11927
f 11918 11920 11929
f 11931 11930 11929
f 11933 11958 11934
f 11923 11922 11927
f 11921 11923 11936
f 11936 11926 11912
f 11912 11914 11936
f 11937 11931 11932
f 11938 11925 11924
f 11941 11959 11960
f 11960 11961 11941
f 11939 11962 11963
f 11964 11965 11963
f 11963 11940 11939
f 11941 11961 11939
f 11962 11964 11963
f 11913 11957 11921
f 11942 11966 11943
f 11913 11945 11928
f 11928 11927 11922
f 11922 11957 11913
f 11931 11937 11918
f 11924 11956 11918
f 11918 11930 11931
f 11926 11928 11945
f 11946 11967 11947
f 11925 11938 11920
f 11932 11929 11920
f 11920 11919 11925
f 11968 11943 11969
f 11970 11971 11972
f 11973 11946 11948
f 11974 11935 11975
f 11942 11976 11966
f 11977 11969 11976
f 11978 11934 11958
f 11975 11934 11979
f 11971 11948 11947
f 11972 11946 11970
f 11978 11975 11979
f 11974 11958 11933
f 11968 11942 11944
f 11971 11967 11972
f 11976 11943 11966
f 11968 11944 11943
f 11970 11973 11971
f 11973 11970 11946
f 11974 11933 11935
f 11942 11977 11976
f 11977 11968 11969
f 11978 11979 11934
f 11975 11935 11934
f 11971 11973 11948
f 11972 11967 11946
f 11978 11974 11975
f 11974 11978 11958
f 11968 11977 11942
f 11971 11947 11967
f 11976 11969 11943
f 11980 11950 11949
f 11981 11982 11983
f 11984 11983 11954
f 11985 11917 11916
f 11960 11986 11987
f 11963 11965 11988
f 11965 11989 11990
f 11950 11991 11951
f 11986 11941 11992
f 11993 11962 11939
f 11953 11994 11982
f 11993 11995 11986
f 11980 11981 11950
f 11983 11984 11981
f 11996 11991 11981
f 11981 11980 11997
f 11997 11985 11981
f 11982 11994 11983
f 11984 11996 11981
f 11981 11985 11982
f 11954 11952 11984
f 11915 11951 11991
f 11996 11984 11952
f 11915 11991 11996
f 11994 11955 11954
f 11952 11915 11996
f 11983 11994 11954
f 11916 11953 11982
f 11985 11997 11917
f 11916 11982 11985
f 11949 11917 11997
f 11997 11980 11949
f 11960 11959 11986
f 11988 11998 11940
f 11992 11941 11940
f 11940 11963 11988
f 11965 11990 11988
f 11998 11992 11940
f 11965 11964 11989
f 11950 11981 11991
f 11986 11959 11941
f 11939 11961 11999
f 11960 11987 11995
f 11999 11993 11939
f 11960 11995 11961
f 11962 11993 11989
f 11989 11964 11962
f 11995 11999 11961
f 11953 11955 11994
f 11986 11992 11998
f 11998 11988 11990
f 11990 11989 11993
f 11993 11999 11995
f 11995 11987 11986
f 11986 11998 11990
f 11990 11993 11986
f 12000 12001 12002
f 12003 12004 12005
f 12006 12007 12008
f 12009 12010 12011
f 12012 12013 12014
f 12007 12015 12016
f 12017 12018 12019
f 12020 12014 12021
f 12022 12023 12024
f 12025 12026 12027
f 12028 12019 12029
f 12030 12031 12032
f 12033 12034 12035
f 12036 12037 12038
f 12039 12040 12041
f 12042 12043 12044
f 12045 12039 12026
f 12046 12045 12026
f 12040 12045 12047
f 12048 12049 12050
f 12051 12052 12015
f 12053 12050 12054
f 12055 12053 12056
f 12057 12058 12059
f 12060 12001 12061
f 12020 12062 12063
f 12064 12037 12065
f 12023 12066 12024
f 12067 12005 12023
f 12028 12068 12069
f 12070 12071 12072
f 12073 12074 12058
f 12075 12050 12076
f 12006 12077 12052
f 12049 12078 12079
f 12080 12081 12074
f 12030 12010 12082
f 12083 12067 12023
f 12084 12070 12001
f 12079 12075 12076
f 12085 12064 12065
f 12060 12084 12086
f 12087 12020 12063
f 12088 12089 12049
f 12090 12091 12092
f 12034 12043 12093
f 12094 12095 12096
f 12021 12013 12062
f 12026 12097 12027
f 12080 12057 12098
f 12030 12009 12011
f 12025 12097 12091
f 12097 12041 12091
f 12031 12009 12032
f 12099 12042 12100
f 12053 12089 12056
f 12000 12072 12061
f 12028 12101 12017
f 12065 12102 12085
f 12036 12085 12102
f 12058 12081 12059
f 12064 12036 12038
f 12103 12104 12105
f 12094 12070 12072
f 12015 12077 12016
f 12025 12090 12046
f 12092 12071 12090
f 12091 12041 12092
f 12069 12018 12101
f 12043 12104 12044
f 12093 12035 12034
f 12082 12106 12031
f 12019 12068 12029
f 12000 12095 12107
f 12084 12047 12071
f 12000 12061 12001
f 12066 12005 12004
f 12108 12003 12005
f 12006 12051 12007
f 12009 12106 12010
f 12012 12087 12013
f 12007 12051 12015
f 12017 12101 12018
f 12020 12012 12014
f 12022 12083 12023
f 12025 12046 12026
f 12028 12017 12019
f 12030 12082 12031
f 12035 12099 12104
f 12104 12033 12035
f 12099 12056 12104
f 12036 12102 12037
f 12039 12109 12040
f 12044 12055 12100
f 12042 12093 12043
f 12044 12100 12042
f 12045 12109 12039
f 12046 12047 12045
f 12040 12109 12045
f 12055 12103 12088
f 12049 12079 12050
f 12055 12088 12049
f 12076 12050 12079
f 12048 12055 12049
f 12051 12006 12052
f 12053 12048 12050
f 12056 12099 12100
f 12055 12048 12053
f 12056 12100 12055
f 12057 12073 12058
f 12060 12086 12001
f 12020 12021 12062
f 12064 12038 12037
f 12023 12005 12066
f 12067 12108 12005
f 12028 12029 12068
f 12070 12084 12071
f 12073 12080 12074
f 12075 12054 12050
f 12006 12008 12077
f 12049 12089 12078
f 12080 12098 12081
f 12030 12011 12010
f 12083 12110 12067
f 12070 12096 12002
f 12096 12095 12002
f 12001 12086 12084
f 12070 12002 12001
f 12079 12078 12075
f 12085 12111 12064
f 12060 12071 12084
f 12087 12012 12020
f 12088 12112 12089
f 12090 12025 12091
f 12034 12033 12043
f 12094 12107 12095
f 12021 12014 12013
f 12026 12039 12097
f 12080 12073 12057
f 12030 12032 12009
f 12025 12027 12097
f 12097 12039 12041
f 12031 12106 12009
f 12099 12035 12042
f 12053 12054 12089
f 12075 12078 12054
f 12112 12105 12056
f 12054 12078 12089
f 12089 12112 12056
f 12000 12107 12094
f 12071 12060 12061
f 12000 12094 12072
f 12071 12061 12072
f 12028 12069 12101
f 12065 12037 12102
f 12036 12111 12085
f 12058 12074 12081
f 12064 12111 12036
f 12112 12088 12103
f 12103 12044 12104
f 12105 12112 12103
f 12094 12096 12070
f 12015 12052 12077
f 12046 12090 12071
f 12092 12041 12071
f 12069 12068 12018
f 12043 12033 12104
f 12093 12042 12035
f 12082 12010 12106
f 12019 12018 12068
f 12000 12002 12095
f 12046 12071 12047
f 12084 12041 12040
f 12040 12047 12084
f 12022 12003 12110
f 12083 12023 12005
f 12113 12114 12115
f 12116 12117 12118
f 12119 12120 12121
f 12122 12123 12124
f 12125 12126 12127
f 12128 12129 12130
f 12128 12131 12132
f 12133 12120 12134
f 12135 12136 12119
f 12137 12138 12139
f 12140 12141 12142
f 12138 12143 12144
f 12145 12146 12147
f 12098 12059 12081
f 12135 12131 12136
f 12148 12149 12150
f 12151 12152 12153
f 12123 12154 12118
f 12046 12039 12041
f 12063 12013 12087
f 12155 12156 12135
f 12022 12066 12004
f 12147 12146 12157
f 12003 12067 12110
f 12121 12158 12155
f 12114 12159 12115
f 12008 12016 12077
f 12046 12071 12025
f 12113 12141 12114
f 12022 12004 12003
f 12115 12153 12113
f 12152 12113 12153
f 12118 12160 12116
f 12161 12162 12163
f 12116 12164 12117
f 12161 12163 12160
f 12165 12117 12164
f 12160 12163 12116
f 12164 12166 12165
f 12119 12167 12120
f 12168 12169 12170
f 12165 12166 12171
f 12170 12172 12168
f 12165 12171 12169
f 12173 12174 12175
f 12169 12171 12170
f 12175 12124 12173
f 12168 12172 12174
f 12176 12123 12122
f 12174 12172 12175
f 12122 12144 12143
f 12173 12124 12123
f 12122 12143 12176
f 12177 12178 12179
f 12180 12181 12127
f 12177 12179 12182
f 12127 12183 12180
f 12182 12179 12180
f 12125 12184 12185
f 12182 12180 12183
f 12185 12126 12125
f 12127 12181 12125
f 12128 12186 12129
f 12132 12187 12128
f 12186 12128 12187
f 12131 12188 12189
f 12189 12132 12131
f 12133 12158 12120
f 12119 12121 12155
f 12155 12135 12119
f 12139 12151 12149
f 12137 12190 12138
f 12139 12149 12137
f 12191 12138 12190
f 12140 12159 12141
f 12138 12191 12143
f 12147 12192 12193
f 12194 12178 12177
f 12195 12193 12192
f 12194 12177 12195
f 12129 12146 12130
f 12192 12194 12195
f 12196 12145 12147
f 12147 12193 12196
f 12130 12146 12145
f 12098 12057 12059
f 12135 12188 12131
f 12150 12197 12148
f 12148 12198 12199
f 12200 12137 12149
f 12148 12199 12200
f 12154 12150 12115
f 12201 12202 12154
f 12159 12140 12115
f 12151 12153 12150
f 12115 12140 12201
f 12201 12154 12115
f 12148 12200 12149
f 12149 12151 12150
f 12115 12150 12153
f 12151 12139 12152
f 12117 12165 12169
f 12169 12168 12174
f 12174 12173 12123
f 12123 12176 12154
f 12143 12191 12190
f 12190 12137 12154
f 12154 12203 12161
f 12137 12200 12154
f 12176 12190 12154
f 12169 12174 12123
f 12118 12117 12123
f 12161 12160 12154
f 12143 12190 12176
f 12154 12160 12118
f 12117 12169 12123
f 12046 12026 12039
f 12063 12062 12013
f 12189 12188 12156
f 12155 12158 12133
f 12188 12135 12156
f 12204 12132 12189
f 12205 12206 12156
f 12156 12207 12205
f 12208 12157 12209
f 12155 12133 12209
f 12209 12157 12155
f 12156 12206 12204
f 12204 12189 12156
f 12155 12157 12156
f 12022 12024 12066
f 12210 12184 12125
f 12125 12181 12180
f 12180 12179 12157
f 12178 12194 12192
f 12192 12147 12157
f 12146 12129 12186
f 12186 12187 12146
f 12206 12211 12212
f 12157 12210 12180
f 12204 12206 12212
f 12210 12125 12180
f 12132 12204 12212
f 12157 12179 12178
f 12132 12212 12157
f 12146 12187 12157
f 12178 12192 12157
f 12187 12132 12157
f 12003 12108 12067
f 12121 12120 12158
f 12114 12141 12159
f 12008 12007 12016
f 12091 12025 12071
f 12071 12041 12091
f 12113 12213 12141
g Projector_node0
usemtl itu_marble
v -3.851970 0.828795 -1.363520
v -3.855780 0.823430 -1.369870
v -3.851970 0.828795 -1.369870
v -3.858680 0.810714 -1.369870
v -3.858070 0.817263 -1.363520
v -3.854840 0.798250 -1.363520
v -3.858680 0.810714 -1.363520
v -3.808320 0.812595 -1.369870
v -3.809420 0.819080 -1.369870
v -3.803160 0.821011 -1.369870
v -3.808940 0.806046 -1.363520
v -3.809420 0.819080 -1.363520
v -3.860390 0.794765 -1.369870
v -3.865230 0.810470 -1.369870
v -3.854840 0.798250 -1.369870
v -3.820100 0.790319 -1.363520
v -3.811230 0.799879 -1.369870
v -3.820100 0.790319 -1.369870
v -3.845280 0.789378 -1.369870
v -3.839110 0.787089 -1.363520
v -3.832560 0.786475 -1.369870
v -3.816360 0.830125 -1.369870
v -3.827890 0.836220 -1.363520
v -3.827890 0.836220 -1.369870
v -3.840930 0.835733 -1.369870
v -3.845280 0.789378 -1.363520
v -3.816360 0.830125 -1.363520
v -3.808940 0.806046 -1.369870
v -3.811230 0.799879 -1.363520
v -3.832560 0.786475 -1.363520
v -3.855780 0.823430 -1.363520
v -3.802550 0.804588 -1.369870
v -3.805430 0.796817 -1.369870
v -3.810230 0.790058 -1.369870
v -3.811910 0.834928 -1.369870
v -3.818670 0.839724 -1.369870
v -3.816610 0.784770 -1.369870
v -3.832320 0.779927 -1.369870
v -3.840570 0.780701 -1.369870
v -3.855100 0.788382 -1.369870
v -3.861570 0.826493 -1.369870
v -3.850390 0.838539 -1.369870
v -3.834690 0.843383 -1.369870
v -3.840930 0.835733 -1.363520
v -4.094200 0.834731 -1.357170
v -4.096400 0.776350 -0.982516
v -4.094200 0.834731 -0.982516
v -3.760090 0.828498 -0.982516
v -3.759850 0.776350 -0.982516
v -3.760090 0.828498 -1.357170
v -4.090430 0.841257 -1.357170
v -3.765570 0.841727 -0.982516
v -3.761950 0.835473 -1.357170
v -3.765570 0.841727 -1.357170
v -3.776930 0.850444 -0.982516
v -3.776930 0.850444 -1.357170
v -4.078580 0.850353 -0.982516
v -4.081970 0.848683 -1.357170
v -4.081970 0.848683 -0.982516
v -4.096400 0.776350 -1.357170
v -3.760790 0.832047 -1.357170
v -3.761950 0.835473 -0.982516
v -3.760790 0.832047 -0.982516
v -3.759850 0.776350 -1.357170
v -4.090430 0.841257 -0.982516
v -4.078580 0.850353 -1.357170
v -4.085110 0.846585 -0.982516
v -4.085110 0.846585 -1.357170
v -4.075000 0.851566 -0.982516
v -4.075000 0.851566 -1.357170
v -4.067530 0.852550 -1.357170
v -4.002370 0.820030 -1.358750
v -3.989670 0.820030 -1.357170
v -3.989670 0.820030 -1.358750
v -4.002370 0.837623 -1.358750
v -4.002370 0.824923 -1.357170
v -4.002370 0.837623 -1.357170
v -3.983320 0.837623 -1.358750
v -3.983320 0.824923 -1.357170
v -3.983320 0.837623 -1.357170
v -4.021420 0.820030 -1.358750
v -4.008720 0.820030 -1.357170
v -4.008720 0.820030 -1.358750
v -4.002370 0.807330 -1.357170
v -4.002370 0.820030 -1.357170
v -3.989670 0.824923 -1.358750
v -4.002370 0.824923 -1.358750
v -4.008720 0.807330 -1.358750
v -3.989670 0.807330 -1.358750
v -4.002370 0.807330 -1.358750
v -3.970620 0.837623 -1.357170
v -3.970620 0.824923 -1.358750
v -3.970620 0.837623 -1.358750
v -4.021420 0.802437 -1.358750
v -4.008720 0.789737 -1.358750
v -4.021420 0.789737 -1.358750
v -3.983320 0.820030 -1.358750
v -3.970620 0.807330 -1.358750
v -3.983320 0.807330 -1.358750
v -3.989670 0.837623 -1.357170
v -3.989670 0.837623 -1.358750
v -4.008720 0.824923 -1.358750
v -4.021420 0.824923 -1.357170
v -4.021420 0.824923 -1.358750
v -4.021420 0.807330 -1.357170
v -4.021420 0.820030 -1.357170
v -3.983320 0.807330 -1.357170
v -4.021420 0.837623 -1.358750
v -4.021420 0.802437 -1.357170
v -4.021420 0.789737 -1.357170
v -4.002370 0.802437 -1.357170
v -4.002370 0.789737 -1.358750
v -4.002370 0.789737 -1.357170
v -3.983320 0.802437 -1.358750
v -3.970620 0.789737 -1.358750
v -3.983320 0.789737 -1.358750
v -4.002370 0.802437 -1.358750
v -3.989670 0.802437 -1.357170
v -3.989670 0.802437 -1.358750
v -3.989670 0.789737 -1.358750
v -3.970620 0.802437 -1.357170
v -3.970620 0.802437 -1.358750
v -4.008720 0.802437 -1.357170
v -4.008720 0.802437 -1.358750
v -3.970620 0.820030 -1.357170
v -3.970620 0.820030 -1.358750
v -4.008720 0.837623 -1.357170
v -4.008720 0.837623 -1.358750
v -3.983320 0.789737 -1.357170
v -3.983320 0.802437 -1.357170
v -4.021420 0.807330 -1.358750
v -3.983320 0.820030 -1.357170
v -3.983320 0.824923 -1.358750
v -4.021420 0.837623 -1.357170
v -4.008720 0.807330 -1.357170
v -3.989670 0.807330 -1.357170
v -3.970620 0.824923 -1.357170
v -3.989670 0.824923 -1.357170
v -4.008720 0.824923 -1.357170
v -3.970620 0.807330 -1.357170
v -3.970620 0.789737 -1.357170
v -4.008720 0.789737 -1.357170
v -3.989670 0.789737 -1.357170
v -3.967370 0.783320 -1.357170
v -3.840570 0.780701 -1.357170
v -3.832320 0.779927 -1.357170
v -3.818670 0.839724 -1.357170
v -3.834690 0.843383 -1.357170
v -3.967370 0.840470 -1.357170
v -3.810230 0.790058 -1.357170
v -4.024520 0.783320 -1.357170
v -4.024520 0.840470 -1.357170
v -3.816610 0.784770 -1.357170
v -3.865230 0.810470 -1.357170
v -3.860390 0.794765 -1.357170
v -3.855100 0.788382 -1.357170
v -3.805430 0.796817 -1.357170
v -3.802550 0.804588 -1.357170
v -3.861570 0.826493 -1.357170
v -3.850390 0.838539 -1.357170
v -3.803160 0.821011 -1.357170
v -3.811910 0.834928 -1.357170
v -3.782990 0.770000 -1.324290
v -3.778590 0.770000 -1.324290
v -3.780790 0.776350 -1.319810
v -3.774440 0.776350 -1.343510
v -3.780790 0.776350 -1.345210
v -3.772240 0.776350 -1.013940
v -3.773720 0.770000 -1.007280
v -3.775500 0.770000 -1.011310
v -3.789770 0.776350 -1.323530
v -3.784080 0.776350 -1.320250
v -4.066880 0.770000 -1.326500
v -4.060190 0.776350 -1.332510
v -4.063910 0.776350 -1.323530
v -3.790090 0.776350 -1.015860
v -3.783430 0.770000 -1.014380
v -3.787460 0.770000 -1.012600
v -3.776540 0.770000 -1.339880
v -3.772570 0.770000 -1.330310
v -3.786810 0.770000 -1.326500
v -3.774780 0.770000 -1.326500
v -3.774440 0.776350 -1.321520
v -3.793740 0.776350 -1.000830
v -3.790580 0.770000 -1.006880
v -3.789900 0.770000 -1.002530
v -3.787140 0.776350 -1.343510
v -3.788160 0.770000 -1.336770
v -3.791790 0.776350 -1.338860
v -4.078910 0.770000 -1.326500
v -4.085160 0.776350 -1.329230
v -4.081110 0.770000 -1.330310
v -3.779060 0.770000 -1.013910
v -4.072890 0.776350 -1.319810
v -3.784080 0.776350 -1.018520
v -4.078910 0.770000 -1.338530
v -4.085160 0.776350 -1.335800
v -4.081870 0.776350 -1.341490
v -3.771810 0.776350 -1.341490
v -3.773420 0.770000 -1.336770
v -4.081870 0.776350 -1.323530
v -4.075090 0.770000 -1.324290
v -4.076180 0.776350 -1.320250
v -4.064380 0.770000 -1.332510
v -4.061890 0.776350 -1.338860
v -3.768520 0.776350 -1.329230
v -4.070690 0.770000 -1.324290
v -4.069600 0.776350 -1.320250
v -3.780790 0.770000 -1.341020
v -3.785050 0.770000 -1.339880
v -3.774190 0.770000 -1.002910
v -3.774150 0.776350 -0.996085
v -3.776780 0.770000 -0.999348
v -4.072870 0.776350 -1.018600
v -4.069640 0.776350 -1.017820
v -4.071160 0.770000 -1.013910
v -4.070780 0.770000 -0.998192
v -4.078800 0.776350 -0.994127
v -4.077290 0.770000 -0.998036
v -3.793060 0.776350 -1.329230
v -3.789010 0.770000 -1.330310
v -4.065520 0.770000 -1.336770
v -4.066540 0.776350 -1.343510
v -4.086850 0.776350 -1.007330
v -4.068640 0.770000 -1.339880
v -4.081110 0.770000 -1.334720
v -4.065760 0.770000 -1.005060
v -4.080850 0.770000 -1.000630
v -4.063970 0.776350 -0.998484
v -4.067350 0.770000 -1.000960
v -3.794750 0.776350 -1.007330
v -3.769580 0.776350 -1.007930
v -4.066440 0.770000 -1.009420
v -4.062610 0.776350 -1.011110
v -3.769790 0.776350 -1.338860
v -4.069080 0.776350 -0.994359
v -4.082680 0.770000 -1.006880
v -4.084110 0.776350 -0.998004
v -3.785190 0.770000 -0.998036
v -4.072890 0.770000 -1.341020
v -3.786700 0.776350 -0.994127
v -4.061600 0.776350 -1.004620
v -3.780170 0.776350 -0.993425
v -3.780770 0.776350 -1.018600
v -3.780810 0.770000 -0.997566
v -4.072890 0.776350 -1.345210
v -4.075540 0.770000 -1.014380
v -4.082190 0.776350 -1.015860
v -4.076180 0.776350 -1.018520
v -4.079560 0.770000 -1.012600
v -3.777500 0.776350 -1.320250
v -3.771810 0.776350 -1.323530
v -3.777540 0.776350 -1.017820
v -3.770280 0.776350 -1.001390
v -3.827090 0.805701 -1.369150
v -3.833470 0.811623 -1.369870
v -3.833460 0.811656 -1.369870
v -3.830270 0.808651 -1.369690
v -3.827410 0.823173 -1.368250
v -3.835850 0.815394 -1.369690
v -3.836510 0.808418 -1.369690
v -3.841240 0.815745 -1.369150
v -3.833500 0.811609 -1.369870
v -3.833530 0.811621 -1.369870
v -3.824640 0.821204 -1.368250
v -3.831440 0.815558 -1.369690
v -3.833500 0.811701 -1.369870
v -3.833670 0.816067 -1.369690
v -3.833470 0.811688 -1.369870
v -3.848720 0.819699 -1.367010
v -3.850280 0.815486 -1.367010
v -3.838160 0.819066 -1.369150
v -3.833540 0.811686 -1.369870
v -3.833550 0.811653 -1.369870
f 12214 12215 12216
f 12217 12215 12218
f 12219 12217 12220
f 12221 12222 12223
f 12224 12225 12221
f 12226 12227 12228
f 12229 12230 12231
f 12232 12233 12234
f 12235 12236 12237
f 12236 12238 12237
f 12238 12214 12216
f 12228 12239 12232
f 12222 12240 12235
f 12241 12242 12224
f 12243 12231 12234
f 12214 12244 12215
f 12244 12218 12215
f 12220 12217 12218
f 12219 12228 12217
f 12223 12245 12221
f 12246 12247 12221
f 12222 12235 12248
f 12246 12221 12245
f 12248 12223 12222
f 12235 12249 12248
f 12222 12221 12225
f 12241 12224 12221
f 12241 12221 12247
f 12247 12250 12231
f 12251 12252 12234
f 12253 12226 12228
f 12227 12254 12215
f 12255 12256 12238
f 12249 12235 12237
f 12249 12237 12256
f 12230 12241 12247
f 12231 12230 12247
f 12256 12237 12238
f 12255 12238 12216
f 12231 12250 12251
f 12234 12231 12251
f 12254 12255 12216
f 12254 12216 12215
f 12234 12252 12232
f 12232 12252 12253
f 12227 12215 12217
f 12228 12232 12253
f 12227 12217 12228
f 12229 12242 12230
f 12243 12234 12233
f 12232 12239 12233
f 12235 12240 12236
f 12236 12257 12238
f 12238 12257 12214
f 12228 12219 12239
f 12222 12225 12240
f 12241 12230 12242
f 12243 12229 12231
f 12258 12259 12260
f 12261 12262 12263
f 12260 12264 12258
f 12265 12266 12267
f 12268 12267 12269
f 12270 12271 12272
f 12258 12273 12259
f 12274 12266 12275
f 12276 12261 12263
f 12274 12275 12276
f 12262 12277 12263
f 12263 12274 12276
f 12260 12278 12264
f 12265 12275 12266
f 12268 12265 12267
f 12271 12270 12279
f 12264 12278 12280
f 12272 12281 12280
f 12264 12280 12281
f 12279 12270 12282
f 12272 12271 12281
f 12282 12283 12279
f 12284 12282 12268
f 12268 12269 12284
f 12284 12283 12282
f 12285 12286 12287
f 12288 12289 12290
f 12291 12292 12293
f 12294 12295 12296
f 12285 12297 12298
f 12288 12299 12300
f 12295 12301 12296
f 12302 12297 12303
f 12304 12305 12306
f 12307 12308 12309
f 12310 12311 12312
f 12313 12299 12314
f 12315 12316 12317
f 12294 12318 12319
f 12311 12320 12312
f 12321 12315 12317
f 12299 12289 12300
f 12322 12309 12323
f 12324 12325 12326
f 12327 12328 12329
f 12330 12331 12332
f 12330 12333 12325
f 12334 12328 12335
f 12327 12334 12335
f 12336 12308 12337
f 12308 12323 12309
f 12310 12338 12339
f 12338 12311 12339
f 12321 12340 12341
f 12291 12304 12306
f 12328 12342 12329
f 12343 12329 12342
f 12301 12318 12344
f 12331 12333 12332
f 12333 12326 12325
f 12288 12313 12314
f 12307 12336 12337
f 12285 12302 12303
f 12286 12302 12287
f 12294 12301 12344
f 12310 12320 12345
f 12340 12315 12341
f 12291 12305 12346
f 12305 12292 12346
f 12321 12316 12347
f 12285 12298 12286
f 12288 12300 12289
f 12291 12346 12292
f 12294 12319 12295
f 12285 12303 12297
f 12288 12314 12299
f 12295 12348 12301
f 12302 12349 12297
f 12304 12350 12305
f 12307 12337 12308
f 12310 12339 12311
f 12313 12351 12299
f 12315 12352 12316
f 12294 12344 12318
f 12311 12353 12320
f 12321 12341 12315
f 12299 12351 12289
f 12322 12307 12309
f 12324 12330 12325
f 12327 12335 12328
f 12330 12324 12331
f 12330 12332 12333
f 12334 12354 12328
f 12327 12343 12334
f 12336 12355 12308
f 12308 12355 12323
f 12310 12345 12338
f 12338 12353 12311
f 12321 12347 12340
f 12291 12293 12304
f 12328 12354 12342
f 12343 12327 12329
f 12301 12348 12318
f 12331 12356 12333
f 12333 12356 12326
f 12288 12290 12313
f 12307 12322 12336
f 12285 12287 12302
f 12286 12349 12302
f 12294 12296 12301
f 12310 12312 12320
f 12340 12352 12315
f 12291 12306 12305
f 12305 12350 12292
f 12321 12317 12316
f 12357 12358 12359
f 12360 12361 12269
f 12282 12262 12268
f 12264 12281 12258
f 12271 12279 12258
f 12283 12284 12258
f 12362 12354 12304
f 12293 12356 12313
f 12362 12304 12293
f 12279 12283 12258
f 12258 12281 12271
f 12274 12263 12267
f 12267 12266 12274
f 12363 12267 12263
f 12273 12258 12364
f 12284 12362 12365
f 12293 12313 12362
f 12365 12347 12316
f 12365 12316 12284
f 12362 12313 12365
f 12363 12263 12277
f 12366 12363 12277
f 12258 12284 12316
f 12258 12316 12364
f 12359 12366 12277
f 12359 12277 12273
f 12273 12364 12357
f 12357 12367 12368
f 12357 12368 12369
f 12359 12273 12357
f 12357 12369 12358
f 12284 12269 12361
f 12267 12363 12370
f 12267 12370 12371
f 12353 12334 12343
f 12320 12353 12343
f 12320 12343 12356
f 12350 12338 12345
f 12292 12350 12345
f 12356 12293 12292
f 12356 12292 12345
f 12356 12345 12320
f 12356 12343 12342
f 12356 12342 12357
f 12326 12356 12364
f 12349 12331 12324
f 12297 12349 12324
f 12297 12324 12355
f 12351 12286 12298
f 12289 12351 12298
f 12365 12313 12290
f 12289 12298 12340
f 12340 12347 12365
f 12340 12365 12290
f 12290 12289 12340
f 12298 12297 12340
f 12355 12340 12297
f 12355 12324 12326
f 12355 12326 12364
f 12323 12355 12364
f 12348 12336 12322
f 12318 12348 12322
f 12318 12322 12364
f 12352 12295 12319
f 12319 12318 12364
f 12316 12352 12319
f 12372 12367 12362
f 12373 12372 12362
f 12364 12316 12319
f 12364 12322 12323
f 12267 12371 12374
f 12364 12356 12357
f 12267 12374 12269
f 12357 12342 12354
f 12367 12357 12354
f 12367 12354 12362
f 12361 12373 12362
f 12374 12375 12269
f 12361 12362 12284
f 12375 12360 12269
f 12265 12268 12275
f 12282 12270 12278
f 12272 12280 12278
f 12278 12260 12282
f 12259 12262 12282
f 12261 12276 12275
f 12275 12268 12261
f 12270 12272 12278
f 12260 12259 12282
f 12261 12268 12262
f 12376 12377 12378
f 12250 12359 12251
f 12379 12380 12277
f 12381 12382 12383
f 12384 12376 12385
f 12386 12387 12388
f 12389 12390 12391
f 12251 12358 12252
f 12392 12393 12394
f 12371 12223 12374
f 12252 12369 12253
f 12395 12396 12377
f 12397 12398 12399
f 12400 12401 12402
f 12403 12404 12405
f 12249 12375 12248
f 12406 12381 12383
f 12407 12378 12408
f 12409 12410 12411
f 12392 12412 12413
f 12414 12415 12416
f 12255 12361 12256
f 12254 12373 12255
f 12417 12418 12387
f 12419 12395 12393
f 12361 12249 12256
f 12254 12367 12372
f 12420 12388 12421
f 12400 12422 12423
f 12424 12425 12426
f 12427 12428 12429
f 12422 12379 12392
f 12430 12431 12432
f 12371 12246 12245
f 12394 12433 12434
f 12247 12370 12363
f 12227 12368 12367
f 12435 12436 12418
f 12273 12404 12437
f 12438 12403 12439
f 12440 12441 12429
f 12440 12442 12443
f 12391 12444 12389
f 12445 12424 12382
f 12446 12428 12447
f 12393 12448 12419
f 12404 12439 12405
f 12443 12449 12430
f 12450 12451 12437
f 12382 12452 12390
f 12453 12436 12438
f 12432 12451 12441
f 12399 12454 12397
f 12446 12455 12440
f 12452 12456 12454
f 12390 12457 12406
f 12426 12456 12458
f 12409 12459 12453
f 12460 12461 12462
f 12437 12463 12450
f 12226 12369 12368
f 12415 12420 12407
f 12434 12402 12401
f 12375 12223 12248
f 12464 12378 12377
f 12385 12376 12378
f 12250 12366 12359
f 12380 12273 12277
f 12277 12412 12379
f 12381 12445 12382
f 12384 12394 12376
f 12386 12417 12387
f 12389 12408 12390
f 12251 12359 12358
f 12434 12401 12423
f 12423 12422 12392
f 12392 12413 12393
f 12393 12395 12394
f 12377 12376 12394
f 12394 12434 12423
f 12423 12392 12394
f 12395 12377 12394
f 12371 12245 12223
f 12252 12358 12369
f 12464 12377 12396
f 12395 12465 12396
f 12397 12444 12398
f 12400 12423 12401
f 12403 12414 12404
f 12249 12360 12375
f 12406 12466 12381
f 12427 12414 12416
f 12427 12416 12407
f 12408 12428 12407
f 12396 12457 12464
f 12464 12457 12378
f 12428 12427 12407
f 12378 12457 12408
f 12409 12439 12410
f 12448 12413 12412
f 12392 12379 12412
f 12414 12403 12415
f 12255 12373 12361
f 12254 12372 12373
f 12417 12435 12418
f 12419 12465 12395
f 12361 12360 12249
f 12254 12227 12367
f 12420 12386 12388
f 12400 12380 12422
f 12424 12467 12425
f 12429 12460 12427
f 12462 12427 12460
f 12422 12380 12379
f 12430 12449 12431
f 12371 12370 12246
f 12394 12384 12433
f 12366 12250 12247
f 12247 12246 12370
f 12363 12366 12247
f 12227 12226 12368
f 12435 12438 12436
f 12447 12428 12389
f 12428 12408 12389
f 12455 12447 12444
f 12447 12389 12444
f 12442 12455 12397
f 12455 12444 12397
f 12449 12442 12454
f 12442 12397 12454
f 12431 12449 12259
f 12449 12454 12259
f 12466 12457 12396
f 12466 12396 12381
f 12381 12396 12465
f 12381 12465 12419
f 12445 12381 12419
f 12448 12412 12277
f 12419 12448 12277
f 12273 12380 12400
f 12273 12400 12436
f 12419 12277 12262
f 12445 12419 12262
f 12400 12402 12436
f 12402 12418 12436
f 12467 12445 12262
f 12425 12467 12262
f 12387 12418 12402
f 12385 12378 12421
f 12378 12407 12421
f 12456 12425 12262
f 12454 12456 12262
f 12385 12421 12388
f 12385 12388 12384
f 12454 12262 12259
f 12451 12431 12259
f 12388 12433 12384
f 12387 12433 12388
f 12437 12451 12259
f 12437 12259 12273
f 12387 12402 12433
f 12273 12436 12459
f 12461 12437 12404
f 12414 12427 12462
f 12462 12461 12414
f 12273 12459 12411
f 12273 12411 12410
f 12404 12414 12461
f 12273 12410 12404
f 12409 12453 12439
f 12438 12435 12417
f 12417 12386 12438
f 12420 12415 12403
f 12403 12405 12439
f 12439 12453 12438
f 12438 12386 12420
f 12420 12403 12438
f 12463 12460 12429
f 12429 12446 12440
f 12440 12443 12441
f 12430 12432 12441
f 12441 12450 12463
f 12463 12429 12441
f 12443 12430 12441
f 12440 12455 12442
f 12391 12398 12444
f 12445 12467 12424
f 12446 12429 12428
f 12393 12413 12448
f 12404 12410 12439
f 12443 12442 12449
f 12450 12441 12451
f 12406 12383 12390
f 12382 12424 12452
f 12426 12458 12452
f 12452 12399 12398
f 12398 12391 12452
f 12390 12383 12382
f 12424 12426 12452
f 12452 12391 12390
f 12453 12459 12436
f 12432 12431 12451
f 12399 12452 12454
f 12446 12447 12455
f 12452 12458 12456
f 12466 12406 12457
f 12390 12408 12457
f 12426 12425 12456
f 12409 12411 12459
f 12460 12463 12461
f 12437 12461 12463
f 12226 12253 12369
f 12421 12407 12420
f 12416 12415 12407
f 12434 12433 12402
f 12375 12374 12223
f 12468 12229 12243
f 12469 12470 12471
f 12472 12257 12236
f 12473 12474 12475
f 12243 12233 12468
f 12468 12242 12229
f 12242 12468 12224
f 12471 12474 12476
f 12474 12477 12476
f 12224 12468 12478
f 12240 12225 12478
f 12479 12472 12478
f 12478 12225 12224
f 12468 12471 12478
f 12471 12476 12469
f 12479 12478 12471
f 12480 12481 12479
f 12482 12480 12479
f 12479 12471 12470
f 12470 12482 12479
f 12214 12257 12483
f 12236 12240 12472
f 12472 12479 12481
f 12240 12478 12472
f 12244 12214 12483
f 12484 12218 12483
f 12485 12475 12483
f 12483 12218 12244
f 12257 12472 12485
f 12472 12481 12485
f 12485 12483 12257
f 12481 12473 12485
f 12484 12483 12475
f 12475 12485 12473
f 12473 12481 12480
f 12473 12480 12486
f 12484 12475 12474
f 12220 12218 12484
f 12239 12219 12474
f 12468 12233 12474
f 12474 12471 12468
f 12487 12477 12474
f 12473 12486 12487
f 12220 12484 12219
f 12233 12239 12474
f 12473 12487 12474
f 12474 12219 12484
g PS4_node0
usemtl itu_marble
v 4.853940 0.830739 6.969850
v 5.019560 0.852597 6.982130
v 5.019560 0.830739 6.969850
v 5.022940 0.882088 7.000160
v 5.019560 0.862134 6.988950
v 5.019560 0.882088 7.000160
v 5.117330 0.862147 6.994570
v 4.865050 0.852615 6.993570
v 4.865050 0.862147 6.994570
v 5.128940 0.883739 6.999630
v 5.022940 0.862131 6.987490
v 5.022940 0.883739 6.999630
v 5.128940 0.852597 6.982130
v 5.022940 0.830739 6.969850
v 5.022940 0.852597 6.982130
v 5.019560 0.883739 6.999630
v 4.853940 0.862131 6.987490
v 4.853940 0.883739 6.999630
v 4.853940 0.852597 6.982130
v 5.022940 0.862134 6.988950
v 5.117330 0.852615 6.993570
v 5.128940 0.862131 6.987490
v 5.128940 0.830739 6.969850
v 5.019560 0.862131 6.987490
v 5.022940 0.852599 6.983590
v 5.019560 0.830741 6.971300
v 5.019560 0.852599 6.983590
v 5.022940 0.830741 6.971300
v 5.117330 0.853037 7.250320
v 4.865050 0.853037 7.250320
v 4.853940 0.862731 7.263170
v 5.020250 0.853037 7.250320
v 5.022940 0.853037 7.250320
v 5.022940 0.862717 7.256530
v 5.117330 0.862717 7.256530
v 4.865050 0.862717 7.256530
v 5.128940 0.862731 7.263170
v 5.128940 0.831211 7.245290
v 4.853940 0.883739 7.275080
v 5.019560 0.862717 7.256530
v 5.019560 0.853037 7.250320
v 5.128940 0.883739 7.275080
v 5.128940 0.853049 7.257680
v 4.853940 0.831211 7.245290
v 4.853940 0.853049 7.257680
v 5.022940 0.882088 7.267520
v 5.019560 0.882088 7.267520
v 5.019560 0.831199 7.237940
v 5.022940 0.831199 7.237940
v 5.022940 0.831211 7.245290
v 5.022940 0.853049 7.257680
v 5.019560 0.883739 7.275080
v 5.019560 0.862731 7.263170
v 5.022940 0.862731 7.263170
v 5.022940 0.883739 7.275080
v 5.019560 0.853049 7.257680
v 5.019560 0.831211 7.245290
f 12488 12489 12490
f 12491 12492 12493
f 12494 12495 12496
f 12497 12498 12499
f 12500 12501 12502
f 12503 12504 12505
f 12488 12506 12489
f 12491 12507 12492
f 12494 12508 12495
f 12497 12509 12498
f 12500 12510 12501
f 12503 12511 12504
f 12512 12513 12514
f 12512 12515 12513
f 12516 12495 12517
f 12518 12505 12504
f 12519 12520 12521
f 12517 12496 12495
f 12522 12496 12523
f 12497 12524 12509
f 12500 12525 12510
f 12494 12516 12508
f 12516 12508 12495
f 12518 12526 12505
f 12522 12520 12516
f 12527 12523 12517
f 12528 12519 12527
f 12527 12517 12528
f 12522 12521 12520
f 12527 12519 12521
f 12517 12523 12496
f 12522 12494 12496
f 12497 12529 12524
f 12500 12530 12525
f 12494 12522 12516
f 12531 12506 12488
f 12531 12532 12506
f 12533 12527 12521
f 12533 12534 12527
f 12535 12536 12519
f 12520 12519 12536
f 12528 12535 12519
f 12537 12530 12538
f 12537 12525 12530
f 12539 12518 12540
f 12539 12526 12518
f 12529 12541 12524
f 12529 12542 12541
f 12543 12531 12544
f 12543 12532 12531
f 12533 12493 12534
f 12539 12505 12526
f 12533 12491 12493
f 12539 12503 12505
f 12529 12499 12542
f 12529 12497 12499
f 12537 12520 12536
f 12536 12510 12525
f 12496 12492 12494
f 12503 12534 12493
f 12533 12542 12499
f 12512 12514 12508
f 12489 12513 12490
f 12515 12502 12501
f 12528 12544 12535
f 12537 12538 12520
f 12535 12544 12531
f 12531 12488 12535
f 12488 12490 12513
f 12535 12488 12513
f 12515 12501 12510
f 12535 12513 12536
f 12525 12537 12536
f 12536 12513 12515
f 12515 12510 12536
f 12523 12527 12540
f 12504 12511 12496
f 12507 12498 12494
f 12524 12541 12522
f 12541 12521 12522
f 12523 12540 12518
f 12496 12523 12518
f 12509 12524 12494
f 12524 12522 12494
f 12498 12509 12494
f 12496 12518 12504
f 12507 12494 12492
f 12496 12511 12492
f 12539 12540 12534
f 12540 12527 12534
f 12492 12511 12493
f 12539 12534 12503
f 12493 12511 12503
f 12533 12521 12541
f 12499 12498 12491
f 12498 12507 12491
f 12533 12541 12542
f 12499 12491 12533
f 12520 12538 12516
f 12500 12502 12508
f 12514 12489 12495
f 12532 12543 12517
f 12543 12528 12517
f 12516 12538 12530
f 12508 12516 12530
f 12506 12532 12495
f 12532 12517 12495
f 12489 12506 12495
f 12508 12530 12500
f 12514 12495 12508
f 12508 12502 12512
f 12489 12514 12513
f 12515 12512 12502
f 12528 12543 12544
g Record_Player_node0
usemtl itu_marble
v 6.149740 0.722687 -1.680930
v 5.913200 0.718815 -1.641430
v 6.149740 0.718815 -1.641430
v 6.149740 0.981795 -1.655530
v 6.149740 0.948834 -1.618880
v 6.149740 0.968533 -1.624650
v 5.913200 0.948834 -1.618880
v 5.913200 0.722687 -1.680930
v 5.913200 0.981795 -1.655530
v 6.149740 0.979858 -1.635780
v 5.913200 0.979858 -1.635780
v 5.913200 0.968533 -1.624650
v 5.967800 0.735387 -1.762360
v 5.977330 0.735387 -1.762360
v 5.977330 0.735387 -1.774260
v 5.993280 0.735387 -1.823270
v 5.972560 0.735387 -1.786170
v 5.972560 0.722687 -1.786170
v 5.977330 0.730625 -1.774260
v 5.977330 0.722687 -1.774260
v 5.977330 0.722687 -1.762360
v 5.967800 0.735387 -1.786170
v 6.001080 0.735387 -1.828740
v 5.999540 0.735387 -1.831300
v 5.990230 0.735387 -1.825220
v 5.972560 0.730625 -1.786170
v 5.967800 0.722687 -1.786170
v 5.967800 0.722687 -1.762360
v 6.096660 0.703843 -1.934930
v 6.096870 0.702199 -1.938110
v 6.096660 0.703843 -1.938110
v 6.130240 0.706093 -1.944460
v 6.130690 0.705008 -1.942870
v 6.130240 0.706093 -1.942870
v 6.105250 0.706088 -1.938110
v 6.105760 0.705430 -1.939690
v 6.105760 0.705430 -1.938110
v 6.105760 0.702255 -1.938110
v 6.105250 0.701598 -1.939690
v 6.105250 0.701598 -1.938110
v 6.067270 0.726259 -1.837070
v 6.067070 0.726259 -1.837150
v 6.067510 0.726259 -1.837430
v 6.080600 0.699579 -1.938110
v 6.079540 0.700020 -1.939690
v 6.079540 0.700020 -1.938110
v 6.057950 0.736975 -1.824900
v 6.058110 0.725863 -1.824680
v 6.058110 0.736975 -1.824680
v 6.118410 0.704138 -1.942870
v 6.118600 0.702075 -1.942870
v 6.121840 0.703843 -1.942870
v 5.998350 0.730625 -1.828740
v 5.998360 0.728332 -1.828660
v 5.998360 0.730625 -1.828660
v 6.051800 0.690887 -1.934930
v 6.137530 0.690887 -1.941280
v 6.137530 0.690887 -1.934930
v 6.149740 0.683000 -1.941280
v 6.149740 0.683000 -1.680930
v 6.059390 0.725863 -1.826340
v 6.059140 0.736975 -1.826450
v 6.059390 0.736975 -1.826340
v 6.088620 0.699874 -1.938110
v 6.087360 0.698230 -1.934930
v 6.088620 0.699874 -1.934930
v 6.074080 0.705897 -1.938110
v 6.073810 0.703843 -1.934930
v 6.073810 0.703843 -1.938110
v 6.104650 0.709976 -1.934930
v 6.106180 0.709342 -1.938110
v 6.106180 0.709342 -1.934930
v 6.074870 0.699874 -1.938110
v 6.076130 0.698230 -1.934930
v 6.076130 0.698230 -1.938110
v 6.106070 0.703021 -1.938110
v 6.105760 0.702255 -1.939690
v 6.079690 0.711510 -1.934930
v 6.077780 0.710717 -1.938110
v 6.079690 0.711510 -1.938110
v 6.133060 0.699621 -1.942870
v 6.131740 0.698025 -1.934930
v 6.133060 0.699621 -1.934930
v 6.081740 0.711780 -1.934930
v 6.083800 0.711510 -1.938110
v 6.083800 0.711510 -1.934930
v 6.057840 0.736975 -1.825150
v 6.057950 0.725863 -1.824900
v 6.109140 0.705486 -1.934930
v 6.109360 0.703843 -1.938110
v 6.109360 0.703843 -1.934930
v 6.128590 0.707740 -1.942870
v 6.127500 0.708190 -1.944460
v 6.128590 0.707740 -1.944460
v 6.108510 0.707018 -1.934930
v 6.109140 0.705486 -1.938110
v 6.101420 0.701093 -1.938110
v 6.102190 0.700776 -1.939690
v 6.101420 0.701093 -1.939690
v 6.081740 0.711780 -1.938110
v 5.925930 0.722687 -1.727120
v 5.925930 0.722687 -1.925560
v 5.974770 0.722687 -1.828110
v 6.057800 0.725863 -1.825430
v 6.057840 0.725863 -1.825150
v 5.976940 0.725863 -1.806250
v 6.100260 0.705430 -1.938110
v 6.099940 0.704665 -1.939690
v 6.100260 0.705430 -1.939690
v 6.130240 0.701593 -1.944460
v 6.129520 0.700661 -1.942870
v 6.130240 0.701593 -1.942870
v 6.086010 0.704985 -1.938110
v 6.086160 0.703843 -1.939690
v 6.086160 0.703843 -1.938110
v 6.101360 0.697709 -1.934930
v 6.099830 0.698344 -1.938110
v 6.099830 0.698344 -1.934930
v 6.080600 0.708107 -1.938110
v 6.081740 0.708257 -1.939690
v 6.081740 0.708257 -1.938110
v 6.099940 0.703021 -1.939690
v 6.106070 0.704665 -1.939690
v 6.099940 0.703021 -1.938110
v 6.100260 0.702255 -1.939690
v 6.103010 0.707018 -1.938110
v 6.103830 0.706910 -1.939690
v 6.103830 0.706910 -1.938110
v 6.099830 0.703843 -1.938110
v 6.099830 0.703843 -1.939690
v 6.126340 0.699343 -1.942870
v 6.125170 0.699496 -1.944460
v 6.125170 0.699496 -1.942870
v 6.057800 0.736975 -1.825430
v 6.120220 0.725863 -1.883000
v 6.133030 0.722687 -1.865150
v 6.133030 0.725863 -1.865150
v 6.125170 0.708190 -1.942870
v 6.126340 0.708343 -1.944460
v 6.126340 0.708343 -1.942870
v 5.978330 0.725863 -1.849780
v 5.987370 0.722687 -1.869800
v 5.987370 0.725863 -1.869800
v 6.082890 0.708107 -1.939690
v 6.082890 0.708107 -1.938110
v 6.098520 0.708333 -1.934930
v 6.097510 0.707018 -1.938110
v 6.098520 0.708333 -1.938110
v 6.100760 0.706088 -1.938110
v 6.101420 0.706592 -1.939690
v 6.101420 0.706592 -1.938110
v 6.089680 0.703843 -1.938110
v 6.089410 0.701788 -1.934930
v 6.089680 0.703843 -1.934930
v 6.101360 0.709976 -1.934930
v 6.103010 0.710193 -1.938110
v 6.103010 0.710193 -1.934930
v 6.104600 0.701093 -1.938110
v 6.104600 0.701093 -1.939690
v 6.106180 0.703843 -1.938110
v 6.109140 0.702199 -1.938110
v 6.059140 0.725863 -1.826450
v 6.058860 0.736975 -1.826480
v 6.129520 0.707025 -1.944460
v 6.129520 0.707025 -1.942870
v 6.128590 0.699945 -1.942870
v 6.129520 0.700661 -1.944460
v 6.128590 0.699945 -1.944460
v 6.097510 0.700668 -1.934930
v 6.098520 0.699353 -1.938110
v 6.097510 0.700668 -1.938110
v 6.079540 0.707666 -1.938110
v 6.080600 0.708107 -1.939690
v 6.076130 0.709455 -1.934930
v 6.077780 0.710717 -1.934930
v 6.078040 0.722687 -1.743500
v 6.056180 0.725863 -1.741330
v 6.078040 0.725863 -1.743500
v 6.127500 0.699496 -1.942870
v 6.126340 0.699343 -1.944460
v 6.119320 0.700132 -1.942870
v 6.120520 0.698443 -1.934930
v 6.120520 0.698443 -1.942870
v 6.103830 0.700776 -1.939690
v 6.103830 0.700776 -1.938110
v 6.124000 0.696257 -1.934930
v 6.122120 0.697121 -1.942870
v 6.122120 0.697121 -1.934930
v 6.130050 0.696826 -1.942870
v 6.130050 0.696826 -1.934930
v 6.124090 0.707740 -1.942870
v 6.125170 0.708190 -1.944460
v 5.995610 0.730625 -1.828740
v 5.913200 0.683000 -1.941280
v 5.913200 0.722687 -1.941280
v 6.058330 0.725863 -1.826340
v 6.058110 0.736975 -1.826180
v 6.058330 0.736975 -1.826340
v 6.106180 0.698344 -1.934930
v 6.107500 0.699353 -1.938110
v 6.106180 0.698344 -1.938110
v 6.059880 0.736975 -1.825700
v 6.059780 0.725863 -1.825960
v 6.059780 0.736975 -1.825960
v 6.102190 0.706910 -1.939690
v 6.102190 0.706910 -1.938110
v 6.134080 0.705611 -1.942870
v 6.130840 0.703843 -1.942870
v 6.087360 0.709455 -1.934930
v 6.085710 0.710717 -1.938110
v 6.087360 0.709455 -1.938110
v 6.077480 0.704985 -1.938110
v 6.077330 0.703843 -1.939690
v 6.077480 0.704985 -1.939690
v 6.100760 0.706088 -1.939690
v 6.134270 0.703548 -1.934930
v 6.134080 0.705611 -1.934930
v 6.119620 0.708064 -1.942870
v 6.118750 0.706181 -1.934930
v 6.118750 0.706181 -1.942870
v 6.099830 0.709342 -1.938110
v 6.099940 0.704665 -1.938110
v 6.121990 0.705008 -1.942870
v 6.121840 0.703843 -1.944460
v 6.121990 0.705008 -1.944460
v 6.128680 0.711428 -1.934930
v 6.130560 0.710565 -1.942870
v 6.130560 0.710565 -1.934930
v 6.078620 0.706964 -1.938110
v 6.079540 0.707666 -1.939690
v 6.068580 0.726259 -1.835760
v 6.068550 0.726259 -1.835300
v 6.068360 0.726259 -1.835370
v 6.083220 0.725863 -1.905960
v 6.061540 0.722687 -1.909520
v 6.083220 0.722687 -1.905960
v 6.103010 0.700668 -1.938110
v 6.102190 0.700776 -1.938110
v 6.077330 0.703843 -1.938110
v 6.077480 0.702700 -1.939690
v 6.089410 0.701788 -1.938110
v 6.085710 0.696969 -1.934930
v 6.083800 0.696176 -1.938110
v 6.083800 0.696176 -1.934930
v 6.100260 0.702255 -1.938110
v 6.100760 0.701598 -1.939690
v 6.124090 0.699945 -1.944460
v 6.124090 0.699945 -1.942870
v 6.119320 0.700132 -1.934930
v 6.088620 0.707812 -1.934930
v 6.104600 0.706592 -1.938110
v 6.105250 0.706088 -1.939690
v 6.089410 0.705897 -1.938110
v 6.089410 0.705897 -1.934930
v 6.130690 0.705008 -1.944460
v 6.121990 0.702678 -1.944460
v 6.085570 0.706050 -1.938110
v 6.086010 0.704985 -1.939690
v 6.059610 0.736975 -1.824680
v 6.059390 0.725863 -1.824510
v 6.059610 0.725863 -1.824680
v 6.106070 0.704665 -1.938110
v 6.106180 0.703843 -1.939690
v 6.103010 0.697493 -1.934930
v 6.101360 0.697709 -1.938110
v 6.034510 0.722687 -1.744890
v 6.014490 0.725863 -1.753940
v 6.034510 0.725863 -1.744890
v 6.101360 0.709976 -1.938110
v 6.104600 0.706592 -1.939690
v 6.085570 0.701636 -1.938110
v 6.084870 0.700722 -1.939690
v 6.084870 0.700722 -1.938110
v 6.120940 0.709660 -1.942870
v 6.119620 0.708064 -1.934930
v 6.103230 0.722687 -1.896910
v 6.120220 0.722687 -1.883000
v 6.096870 0.702199 -1.934930
v 6.122440 0.701593 -1.942870
v 6.123160 0.700661 -1.944460
v 6.122440 0.701593 -1.944460
v 6.058590 0.725863 -1.826450
v 6.058590 0.736975 -1.826450
v 6.140790 0.725863 -1.844600
v 6.142960 0.722687 -1.822750
v 6.142960 0.725863 -1.822750
v 6.127500 0.708190 -1.942870
v 6.118600 0.702075 -1.934930
v 6.140790 0.722687 -1.844600
v 6.077480 0.702700 -1.938110
v 6.077920 0.701636 -1.939690
v 6.059880 0.736975 -1.825150
v 6.059920 0.725863 -1.825430
v 6.059920 0.736975 -1.825430
v 6.081740 0.699429 -1.939690
v 6.085570 0.701636 -1.939690
v 6.059780 0.725863 -1.824900
v 6.059780 0.736975 -1.824900
v 6.081740 0.695905 -1.934930
v 6.081740 0.695905 -1.938110
v 6.109140 0.702199 -1.934930
v 6.058860 0.736975 -1.824370
v 6.058590 0.725863 -1.824410
v 6.058860 0.725863 -1.824370
v 6.084870 0.706964 -1.938110
v 6.083950 0.707666 -1.939690
v 6.084870 0.706964 -1.939690
v 6.149740 0.722687 -1.941280
v 6.058860 0.725863 -1.826480
v 6.079690 0.696176 -1.938110
v 6.079690 0.696176 -1.934930
v 6.085710 0.710717 -1.934930
v 6.081740 0.699429 -1.938110
v 6.080600 0.699579 -1.939690
v 6.087360 0.698230 -1.938110
v 6.085710 0.696969 -1.938110
v 6.076130 0.709455 -1.938110
v 6.074870 0.707812 -1.934930
v 6.074870 0.707812 -1.938110
v 6.077920 0.706050 -1.938110
v 6.077920 0.706050 -1.939690
v 6.059880 0.725863 -1.825700
v 6.126630 0.711775 -1.942870
v 6.128680 0.711428 -1.942870
v 5.998480 0.730625 -1.828740
v 5.998480 0.728332 -1.828740
v 6.098590 0.722687 -1.751260
v 6.098590 0.725863 -1.751260
v 6.100760 0.701598 -1.938110
v 6.128110 0.696105 -1.942870
v 6.128110 0.696105 -1.934930
v 6.130840 0.703843 -1.944460
v 6.130690 0.702678 -1.942870
v 6.104650 0.697709 -1.938110
v 6.104650 0.697709 -1.934930
v 5.998430 0.730625 -1.828810
v 6.077780 0.696969 -1.934930
v 6.083950 0.700020 -1.939690
v 6.083950 0.700020 -1.938110
v 5.974770 0.725863 -1.828110
v 6.107500 0.708333 -1.938110
v 6.107500 0.708333 -1.934930
v 6.139400 0.722687 -1.801070
v 6.139400 0.725863 -1.801070
v 6.059610 0.725863 -1.826180
v 6.059610 0.736975 -1.826180
v 6.106070 0.703021 -1.939690
v 6.133360 0.707553 -1.942870
v 6.133360 0.707553 -1.934930
v 6.051800 0.714700 -1.934930
v 6.137530 0.714700 -1.934930
v 6.082890 0.699579 -1.938110
v 6.082890 0.699579 -1.939690
v 6.130690 0.702678 -1.944460
v 6.001290 0.722687 -1.886790
v 6.001290 0.725863 -1.886790
v 6.098520 0.699353 -1.934930
v 6.123160 0.707025 -1.942870
v 6.122440 0.706093 -1.944460
v 6.123160 0.707025 -1.944460
v 6.059880 0.725863 -1.825150
v 6.083950 0.707666 -1.938110
v 6.126040 0.695911 -1.934930
v 6.124000 0.696257 -1.942870
v 6.078620 0.706964 -1.939690
v 6.059390 0.736975 -1.824510
v 6.059140 0.725863 -1.824410
v 6.014490 0.722687 -1.753940
v 5.997500 0.725863 -1.767860
v 5.978330 0.722687 -1.849780
v 6.086010 0.702700 -1.938110
v 6.097510 0.707018 -1.934930
v 6.096870 0.705486 -1.938110
v 6.137530 0.714700 -1.941280
v 6.077920 0.701636 -1.938110
v 6.078620 0.700722 -1.939690
v 5.998350 0.728332 -1.828740
v 5.998430 0.728332 -1.828810
v 5.993280 0.730625 -1.823270
v 6.079250 0.725863 -1.822230
v 5.984690 0.722687 -1.785700
v 5.997500 0.722687 -1.767860
v 6.057950 0.725863 -1.825960
v 6.057950 0.736975 -1.825960
v 6.001080 0.730625 -1.828740
v 6.057840 0.736975 -1.825700
v 6.103010 0.697493 -1.938110
v 5.999540 0.730625 -1.831300
v 6.056180 0.722687 -1.741330
v 6.099830 0.709342 -1.934930
v 6.130350 0.725863 -1.781060
v 6.116430 0.722687 -1.764070
v 6.116430 0.725863 -1.764070
v 6.108510 0.707018 -1.938110
v 6.124570 0.711581 -1.942870
v 6.122630 0.710860 -1.934930
v 6.122630 0.710860 -1.942870
v 6.123160 0.700661 -1.942870
v 6.051800 0.714700 -1.941280
v 6.051800 0.690887 -1.941280
v 6.108510 0.700668 -1.934930
v 6.107500 0.699353 -1.934930
v 6.057840 0.725863 -1.825700
v 6.039690 0.725863 -1.907350
v 6.019140 0.722687 -1.899600
v 6.039690 0.722687 -1.907350
v 6.108510 0.700668 -1.938110
v 6.074080 0.705897 -1.934930
v 6.126040 0.695911 -1.942870
v 6.124090 0.707740 -1.944460
v 6.058590 0.736975 -1.824410
v 6.058330 0.725863 -1.824510
v 6.061540 0.725863 -1.909520
v 6.134270 0.703548 -1.942870
v 6.133920 0.701505 -1.934930
v 6.122440 0.706093 -1.942870
v 6.077780 0.696969 -1.938110
v 6.121990 0.702678 -1.942870
v 5.984690 0.725863 -1.785700
v 6.104650 0.709976 -1.938110
v 6.085570 0.706050 -1.939690
v 6.074080 0.701788 -1.934930
v 6.074080 0.701788 -1.938110
v 6.124570 0.711581 -1.934930
v 6.126630 0.711775 -1.934930
v 6.130350 0.722687 -1.781060
v 6.118410 0.704138 -1.934930
v 6.074870 0.699874 -1.934930
v 6.066870 0.726259 -1.832730
v 6.067180 0.726259 -1.832540
v 6.067170 0.726259 -1.832430
v 6.127500 0.699496 -1.944460
v 6.096870 0.705486 -1.934930
v 6.065780 0.726259 -1.833960
v 6.066250 0.726259 -1.833900
v 6.066230 0.726259 -1.833700
v 6.086010 0.702700 -1.939690
v 6.132160 0.709243 -1.942870
v 6.132160 0.709243 -1.934930
v 6.019140 0.725863 -1.899600
v 6.067840 0.726259 -1.831410
v 6.067750 0.726259 -1.831530
v 6.067660 0.726259 -1.831890
v 6.070240 0.726259 -1.833750
v 6.068020 0.726259 -1.832140
v 6.103230 0.725863 -1.896910
v 5.976940 0.722687 -1.806250
v 6.078620 0.700722 -1.938110
v 6.088620 0.707812 -1.938110
v 6.058330 0.736975 -1.824510
v 6.059140 0.736975 -1.824410
v 6.103010 0.707018 -1.939690
v 6.069390 0.726259 -1.829240
v 6.070060 0.726259 -1.829310
v 6.069700 0.726259 -1.829050
v 6.069300 0.726259 -1.831500
v 6.069080 0.726259 -1.830170
v 6.068670 0.726259 -1.831050
v 6.070070 0.726259 -1.828410
v 6.069920 0.726259 -1.827990
v 6.069960 0.726259 -1.828450
v 6.070760 0.726259 -1.827290
v 6.070610 0.726259 -1.827590
v 6.071500 0.726259 -1.827500
v 6.103010 0.700668 -1.939690
v 6.133920 0.701505 -1.942870
v 6.067770 0.726259 -1.837170
v 6.067420 0.726259 -1.836930
v 6.067960 0.726259 -1.836840
v 6.068000 0.726259 -1.836860
v 6.067870 0.726259 -1.836160
v 6.067930 0.726259 -1.836850
v 6.067520 0.726259 -1.836620
v 6.065600 0.726259 -1.834530
v 6.067510 0.726259 -1.836520
v 6.065500 0.726259 -1.834660
v 6.065110 0.726259 -1.834370
v 6.065110 0.726259 -1.834790
v 6.067480 0.726259 -1.836830
v 6.067510 0.726259 -1.836730
v 6.067510 0.726259 -1.837450
v 6.066840 0.726259 -1.837590
v 6.067550 0.726259 -1.837490
v 6.067530 0.726259 -1.837470
v 6.064650 0.726259 -1.835810
v 6.064570 0.726259 -1.835950
v 6.064660 0.726259 -1.835410
v 6.064270 0.726259 -1.835530
v 6.131740 0.698025 -1.942870
v 6.058110 0.725863 -1.826180
v 5.990230 0.730625 -1.825220
v 5.913200 0.683000 -1.680930
v 6.068160 0.726259 -1.835380
v 6.068010 0.726259 -1.835330
v 6.068740 0.726259 -1.835690
v 6.068880 0.726259 -1.835590
v 6.120940 0.709660 -1.934930
v 6.066740 0.726259 -1.832230
v 6.066700 0.726259 -1.832460
v 6.066790 0.726259 -1.832870
v 6.067540 0.726259 -1.832800
v 6.066740 0.726259 -1.832640
v 6.066920 0.726259 -1.831860
v 6.066820 0.726259 -1.832030
v 6.067210 0.726259 -1.832210
v 6.067070 0.726259 -1.831690
v 6.067540 0.726259 -1.831900
v 6.067440 0.726259 -1.831950
v 6.067180 0.726259 -1.832310
v 6.069060 0.726259 -1.834510
v 6.067580 0.726259 -1.832830
v 6.068340 0.726259 -1.832880
v 6.068060 0.726259 -1.832170
v 6.069770 0.726259 -1.834410
v 6.067350 0.726259 -1.832010
v 6.067270 0.726259 -1.832110
v 6.068670 0.726259 -1.835200
v 6.069000 0.726259 -1.835470
v 6.068890 0.726259 -1.834740
v 6.066620 0.726259 -1.833110
v 6.066530 0.726259 -1.833230
v 6.066130 0.726259 -1.832950
v 6.066290 0.726259 -1.833480
v 6.065820 0.726259 -1.833380
v 6.065770 0.726259 -1.833480
v 6.065750 0.726259 -1.833610
v 6.065880 0.726259 -1.834300
v 6.065940 0.726259 -1.834420
v 6.066340 0.726259 -1.834090
v 6.066020 0.726259 -1.834500
v 6.067710 0.726259 -1.835720
v 6.066510 0.726259 -1.834250
v 6.067860 0.726259 -1.835790
v 6.068020 0.726259 -1.835840
v 6.068200 0.726259 -1.835840
v 6.068390 0.726259 -1.835820
v 6.067400 0.726259 -1.831490
v 6.067230 0.726259 -1.831570
v 6.070110 0.726259 -1.833050
v 6.067590 0.726259 -1.831450
v 6.069340 0.726259 -1.828540
v 6.069260 0.726259 -1.828740
v 6.069700 0.726259 -1.828820
v 6.069230 0.726259 -1.828970
v 6.069260 0.726259 -1.829140
v 6.069310 0.726259 -1.829380
v 6.071580 0.726259 -1.831020
v 6.072290 0.726259 -1.830910
v 6.070100 0.726259 -1.829340
v 6.070860 0.726259 -1.829380
v 6.070580 0.726259 -1.828680
v 6.072760 0.726259 -1.830260
v 6.070540 0.726259 -1.828650
v 6.069690 0.726259 -1.828930
v 6.068090 0.726259 -1.831040
v 6.068010 0.726259 -1.831180
v 6.070280 0.726259 -1.832810
v 6.070990 0.726259 -1.832720
v 6.071540 0.726259 -1.831950
v 6.071410 0.726259 -1.831250
v 6.069140 0.726259 -1.829610
v 6.067710 0.726259 -1.830770
v 6.068100 0.726259 -1.830640
v 6.068850 0.726259 -1.829600
v 6.068460 0.726259 -1.829720
v 6.069050 0.726259 -1.829730
v 6.069440 0.726259 -1.828370
v 6.069730 0.726259 -1.828710
v 6.069750 0.726259 -1.828070
v 6.069590 0.726259 -1.828200
v 6.070110 0.726259 -1.827960
v 6.070180 0.726259 -1.828390
v 6.072630 0.726259 -1.829550
v 6.070360 0.726259 -1.827910
v 6.070270 0.726259 -1.828030
v 6.069870 0.726259 -1.828520
v 6.069790 0.726259 -1.828610
v 6.071290 0.726259 -1.826620
v 6.070900 0.726259 -1.826340
v 6.070910 0.726259 -1.826750
v 6.071070 0.726259 -1.826860
v 6.072220 0.726259 -1.827690
v 6.071380 0.726259 -1.826490
v 6.073890 0.726259 -1.828690
v 6.073430 0.726259 -1.828020
v 6.072660 0.726259 -1.828330
v 6.072590 0.726259 -1.829150
v 6.073380 0.726259 -1.829400
v 6.071910 0.726259 -1.828120
v 6.070510 0.726259 -1.827710
v 6.070210 0.726259 -1.827300
v 6.070600 0.726259 -1.827180
f 12545 12546 12547
f 12548 12549 12550
f 12551 12552 12553
f 12551 12550 12549
f 12554 12553 12548
f 12550 12555 12554
f 12546 12549 12547
f 12545 12552 12546
f 12550 12554 12548
f 12548 12545 12549
f 12547 12549 12545
f 12553 12555 12556
f 12556 12551 12553
f 12546 12552 12551
f 12551 12556 12550
f 12554 12555 12553
f 12550 12556 12555
f 12546 12551 12549
f 12557 12558 12559
f 12560 12561 12559
f 12562 12563 12564
f 12564 12563 12565
f 12559 12561 12566
f 12566 12557 12559
f 12560 12567 12568
f 12569 12561 12560
f 12560 12568 12569
f 12562 12570 12563
f 12558 12565 12563
f 12563 12559 12558
f 12571 12564 12572
f 12573 12574 12575
f 12576 12577 12578
f 12579 12580 12581
f 12582 12583 12584
f 12585 12586 12587
f 12588 12589 12590
f 12591 12592 12593
f 12594 12595 12596
f 12597 12598 12599
f 12600 12601 12602
f 12561 12571 12562
f 12545 12603 12604
f 12605 12606 12607
f 12608 12609 12610
f 12611 12612 12613
f 12614 12615 12616
f 12617 12618 12619
f 12620 12621 12582
f 12622 12623 12624
f 12625 12626 12627
f 12628 12629 12630
f 12631 12632 12591
f 12633 12634 12635
f 12636 12637 12638
f 12639 12640 12633
f 12641 12642 12643
f 12622 12644 12628
f 12645 12646 12647
f 12648 12649 12650
f 12651 12652 12653
f 12654 12655 12656
f 12657 12658 12659
f 12660 12661 12662
f 12663 12664 12665
f 12666 12642 12667
f 12668 12669 12666
f 12670 12671 12672
f 12673 12666 12674
f 12675 12676 12677
f 12678 12649 12631
f 12679 12680 12681
f 12682 12683 12684
f 12685 12686 12687
f 12665 12688 12689
f 12690 12691 12692
f 12693 12694 12695
f 12696 12697 12698
f 12699 12700 12701
f 12702 12583 12703
f 12704 12620 12705
f 12706 12707 12606
f 12636 12708 12709
f 12710 12711 12712
f 12713 12714 12715
f 12716 12717 12663
f 12718 12623 12719
f 12720 12721 12722
f 12723 12724 12675
f 12725 12726 12727
f 12702 12728 12729
f 12730 12731 12732
f 12626 12733 12734
f 12735 12736 12682
f 12569 12568 12737
f 12604 12552 12545
f 12552 12738 12739
f 12740 12741 12742
f 12743 12744 12745
f 12746 12747 12748
f 12695 12749 12750
f 12751 12577 12752
f 12753 12754 12755
f 12756 12757 12758
f 12693 12653 12759
f 12751 12760 12761
f 12762 12763 12764
f 12765 12766 12651
f 12767 12768 12769
f 12770 12771 12772
f 12773 12774 12716
f 12775 12776 12777
f 12778 12779 12780
f 12781 12642 12782
f 12783 12784 12757
f 12785 12610 12697
f 12786 12787 12788
f 12789 12790 12669
f 12677 12791 12792
f 12595 12793 12725
f 12755 12794 12753
f 12795 12796 12579
f 12797 12698 12798
f 12799 12800 12676
f 12801 12802 12657
f 12803 12804 12805
f 12806 12807 12704
f 12808 12809 12660
f 12810 12811 12812
f 12699 12765 12813
f 12672 12814 12795
f 12815 12816 12817
f 12708 12578 12709
f 12818 12819 12762
f 12679 12820 12821
f 12822 12715 12574
f 12823 12824 12825
f 12826 12742 12827
f 12828 12829 12830
f 12684 12637 12831
f 12594 12832 12595
f 12681 12833 12828
f 12581 12667 12806
f 12834 12835 12784
f 12836 12837 12838
f 12664 12839 12840
f 12803 12841 12842
f 12843 12787 12844
f 12635 12705 12845
f 12846 12847 12848
f 12849 12850 12851
f 12852 12545 12829
f 12569 12570 12561
f 12853 12827 12707
f 12843 12854 12855
f 12630 12754 12856
f 12857 12858 12588
f 12859 12815 12860
f 12861 12862 12863
f 12864 12758 12865
f 12838 12866 12746
f 12770 12867 12868
f 12869 12598 12870
f 12871 12722 12872
f 12641 12790 12873
f 12734 12874 12875
f 12876 12877 12752
f 12743 12878 12879
f 12880 12870 12869
f 12618 12600 12881
f 12817 12882 12883
f 12650 12647 12884
f 12616 12885 12886
f 12830 12887 12888
f 12889 12607 12890
f 12704 12891 12620
f 12892 12761 12893
f 12894 12628 12895
f 12895 12893 12761
f 12896 12882 12897
f 12898 12656 12877
f 12766 12674 12652
f 12687 12899 12900
f 12748 12889 12890
f 12591 12842 12707
f 12662 12714 12901
f 12902 12903 12904
f 12881 12619 12618
f 12842 12905 12836
f 12689 12850 12906
f 12896 12839 12857
f 12907 12908 12730
f 12773 12865 12909
f 12910 12911 12804
f 12912 12913 12811
f 12884 12914 12685
f 12915 12840 12815
f 12916 12917 12691
f 12603 12918 12601
f 12919 12920 12835
f 12921 12870 12922
f 12559 12923 12560
f 12924 12889 12605
f 12732 12727 12726
f 12564 12925 12926
f 12741 12927 12928
f 12565 12557 12558
f 12560 12929 12567
f 12930 12648 12678
f 12879 12931 12808
f 12880 12737 12932
f 12933 12812 12721
f 12690 12765 12934
f 12935 12936 12937
f 12609 12860 12786
f 12886 12938 12639
f 12939 12940 12941
f 12792 12824 12942
f 12943 12738 12944
f 12945 12744 12946
f 12798 12916 12794
f 12928 12947 12930
f 12948 12949 12950
f 12845 12951 12945
f 12863 12952 12611
f 12875 12953 12907
f 12611 12864 12863
f 12902 12954 12735
f 12955 12956 12847
f 12922 12597 12880
f 12957 12950 12779
f 12958 12959 12760
f 12799 12752 12577
f 12960 12769 12903
f 12855 12961 12881
f 12962 12825 12800
f 12913 12925 12963
f 12614 12700 12964
f 12849 12965 12801
f 12613 12966 12967
f 12968 12867 12969
f 12888 12970 12935
f 12597 12869 12599
f 12764 12971 12594
f 12967 12972 12617
f 12973 12974 12975
f 12557 12571 12566
f 12710 12976 12723
f 12940 12818 12941
f 12977 12575 12917
f 12895 12601 12918
f 12978 12979 12980
f 12659 12981 12915
f 12895 12943 12894
f 12772 12982 12983
f 12943 12600 12894
f 12984 12899 12949
f 12923 12737 12599
f 12985 12986 12987
f 12988 12987 12989
f 12990 12780 12820
f 12963 12991 12650
f 12982 12893 12983
f 12590 12920 12992
f 12993 12798 12794
f 12994 12592 12956
f 12765 12575 12714
f 12995 12848 12911
f 12670 12749 12996
f 12997 12998 12999
f 13000 13001 13002
f 12567 12932 12568
f 13003 13004 13005
f 12936 12872 12937
f 12561 12563 12559
f 12596 12800 12768
f 13006 13007 13008
f 12729 13009 12781
f 13010 12627 12959
f 12565 12572 12564
f 12571 12562 12564
f 12573 12822 12574
f 12576 12799 12577
f 12579 12796 12580
f 12582 12621 12583
f 12587 13011 13012
f 13013 13014 13015
f 13016 13013 13017
f 13015 13018 13019
f 13020 13021 13022
f 13020 13022 13019
f 13013 13015 13019
f 13018 13020 13019
f 13013 13019 13017
f 13011 13016 13023
f 13016 13017 13024
f 13025 12587 12586
f 13016 13024 13023
f 13026 13027 13028
f 13011 13023 13012
f 13026 13028 13025
f 13029 13030 12586
f 13031 13032 13029
f 12586 13031 13029
f 13030 13026 12586
f 12587 13012 12585
f 12586 13026 13025
f 12588 12858 12589
f 12591 12632 12592
f 12727 12731 12823
f 12908 12823 12731
f 12596 12941 12818
f 12727 12823 12725
f 12962 12596 12595
f 12818 12762 12596
f 12764 12594 12596
f 12595 12725 12962
f 12823 12962 12725
f 12762 12764 12596
f 12597 12921 12598
f 12600 12944 12601
f 12561 12566 12571
f 12545 12852 12603
f 12605 12706 12606
f 12608 12859 12609
f 12611 12952 12612
f 12614 12964 12615
f 12617 12972 12618
f 12620 12891 12621
f 12622 12719 12623
f 12625 13033 12626
f 12628 12644 12629
f 12631 12649 12632
f 12633 12640 12634
f 12636 12831 12637
f 12639 12938 12640
f 12641 12782 12642
f 12622 12624 12644
f 12645 12545 12552
f 12646 12686 12914
f 12647 12991 12645
f 12646 12914 12647
f 12645 12552 12646
f 12804 12805 12924
f 12924 12650 12848
f 12884 12853 12826
f 12884 12826 12740
f 12911 12804 12924
f 12848 12911 12924
f 12884 12740 13034
f 12884 13034 12927
f 12848 12650 12847
f 12847 12650 12956
f 12884 12927 12947
f 12884 12947 12648
f 12956 12650 12592
f 12592 12650 12632
f 12884 12648 12650
f 12632 12650 12649
f 12651 12766 12652
f 12654 12711 12655
f 12657 12802 12658
f 12660 12809 12661
f 12663 12717 12664
f 12667 12580 12796
f 12796 12814 12667
f 12671 12996 12749
f 12749 12694 12671
f 12759 12653 12652
f 12652 12674 12759
f 12666 12669 12790
f 12790 12643 12666
f 12642 13009 12583
f 12728 12703 12583
f 12583 12621 12891
f 12891 12807 12667
f 12667 12814 12671
f 12671 12694 12759
f 12759 12674 12666
f 12666 12643 12642
f 13009 12728 12583
f 12583 12891 12642
f 12667 12671 12759
f 12759 12666 12667
f 12642 12891 12667
f 12668 12789 12669
f 12670 12996 12671
f 12673 12668 12666
f 12675 12724 12676
f 12678 12648 12649
f 12679 12821 12680
f 12682 12736 12683
f 12685 12914 12686
f 12665 12664 12688
f 12690 12916 12691
f 12693 12759 12694
f 12696 12785 12697
f 12699 12813 12700
f 12702 12584 12583
f 12668 12673 12661
f 12661 12809 12782
f 12931 12878 12729
f 12745 12744 12702
f 12951 12705 12620
f 12634 12640 12806
f 12938 12885 12579
f 12615 12964 12672
f 12700 12813 12750
f 12813 12651 12693
f 12885 12615 12795
f 12705 12634 12704
f 12878 12745 12729
f 12789 12668 12661
f 12873 12789 12661
f 12809 12931 12781
f 12813 12693 12695
f 12813 12695 12750
f 12641 12873 12661
f 12782 12641 12661
f 12700 12750 12670
f 12700 12670 12672
f 12781 12782 12809
f 12729 12781 12931
f 12964 12700 12672
f 12615 12672 12795
f 12729 12745 12702
f 12702 12744 12584
f 12885 12795 12579
f 12938 12579 12581
f 12584 12744 12951
f 12582 12584 12951
f 12640 12938 12581
f 12640 12581 12806
f 12620 12582 12951
f 12634 12806 12704
f 12706 12853 12707
f 12636 12638 12708
f 12710 12655 12711
f 12713 12901 12714
f 12716 12774 12717
f 12718 12861 12623
f 12720 12933 12721
f 12723 12976 12724
f 12725 12793 12726
f 12702 12703 12728
f 12730 12908 12731
f 12626 13033 12733
f 12735 12954 12736
f 12932 12737 12568
f 13035 12569 12737
f 12604 13036 12552
f 12552 13036 12738
f 12740 13034 12741
f 12743 12946 12744
f 12746 12866 12747
f 12695 12694 12749
f 12942 12823 12908
f 12908 12953 12677
f 12874 12733 12723
f 13033 12625 12655
f 13010 12958 12877
f 12751 12892 12577
f 12982 12771 12709
f 12868 12867 12831
f 12941 12596 12767
f 12941 12767 12960
f 12867 12684 12831
f 12892 12982 12578
f 12625 13010 12656
f 12953 12675 12677
f 12792 12942 12908
f 12677 12792 12908
f 12771 12868 12636
f 12941 12960 12902
f 12941 12902 12735
f 12953 12874 12675
f 12675 12874 12723
f 12941 12735 12682
f 12941 12682 12939
f 12723 12733 12710
f 12710 12733 13033
f 12682 12684 12939
f 12684 12867 12939
f 12655 12710 13033
f 12656 12655 12625
f 12868 12831 12636
f 12771 12636 12709
f 12656 13010 12877
f 12877 12958 12752
f 12982 12709 12578
f 12892 12578 12577
f 12752 12958 12751
f 12753 12856 12754
f 12756 12783 12757
f 12693 12651 12653
f 12751 12958 12760
f 12762 12819 12763
f 12651 12813 12765
f 12765 12673 12766
f 12767 12596 12768
f 12770 12868 12771
f 12773 12909 12774
f 13037 13038 12775
f 12775 13039 12776
f 13040 12776 13039
f 12777 13037 12775
f 12778 12957 12779
f 12781 13009 12642
f 12783 12834 12784
f 12785 12608 12610
f 12786 12860 12787
f 12789 12873 12790
f 12677 12676 12791
f 12595 12832 12793
f 12755 12993 12794
f 12795 12814 12796
f 12797 12696 12698
f 12676 12724 12976
f 12976 12712 12711
f 12711 12654 12898
f 12898 12876 12711
f 12799 12576 12637
f 12708 12638 12637
f 12637 12683 12736
f 12736 12954 12637
f 12904 12903 12769
f 12769 12768 12800
f 12800 12825 12824
f 12824 12791 12800
f 12676 12976 12799
f 12711 12876 12799
f 12576 12708 12637
f 12637 12954 12904
f 12904 12769 12800
f 12800 12791 12676
f 12976 12711 12799
f 12799 12637 12904
f 12904 12800 12799
f 12801 12965 12802
f 12803 12910 12804
f 12806 12667 12807
f 12808 12931 12809
f 12810 12912 12811
f 12699 12934 12765
f 12672 12671 12814
f 12815 12840 12816
f 12708 12576 12578
f 12818 13041 12819
f 12679 12990 12820
f 12822 12713 12715
f 12823 12942 12824
f 12826 12740 12742
f 12828 12833 12829
f 12684 12683 12637
f 12594 12971 12832
f 12681 12680 12833
f 12581 12580 12667
f 12834 12919 12835
f 12836 12905 12837
f 12840 12981 12658
f 12658 12802 12840
f 12965 12851 12664
f 12850 12688 12664
f 12664 12717 12774
f 12774 12909 12865
f 12865 12758 12835
f 12757 12784 12835
f 12835 12920 12589
f 12589 12858 12839
f 12839 12897 12882
f 12882 12816 12839
f 12840 12802 12965
f 12851 12850 12664
f 12664 12774 12835
f 12758 12757 12835
f 12835 12589 12839
f 12839 12816 12840
f 12840 12965 12664
f 12774 12865 12835
f 12835 12839 12664
f 12803 12805 12841
f 12843 12788 12787
f 12635 12634 12705
f 12846 12955 12847
f 12849 12906 12850
f 12899 12686 12646
f 12646 12552 12739
f 12991 12562 12571
f 12572 12565 12645
f 12645 12991 12571
f 12565 12912 12645
f 12645 12571 12572
f 12646 12739 12950
f 12949 12899 12646
f 12950 12949 12646
f 12545 12645 12810
f 12645 12912 12810
f 12950 12739 12779
f 12779 12739 12852
f 12545 12810 12933
f 12545 12933 12720
f 12780 12779 12852
f 12820 12780 12852
f 12545 12720 12871
f 12545 12871 12936
f 12821 12820 12852
f 12680 12821 12852
f 12545 12936 12970
f 12545 12970 12887
f 12833 12680 12852
f 12545 12887 12829
f 12829 12833 12852
f 12569 13035 12570
f 12853 12826 12827
f 12843 12844 12854
f 12630 12629 12754
f 12857 12839 12858
f 12859 12915 12815
f 12861 12718 12862
f 12864 12756 12758
f 12838 12837 12866
f 12770 12969 12867
f 12869 12599 12598
f 12871 12720 12722
f 12641 12643 12790
f 12734 12733 12874
f 12876 12898 12877
f 12743 12745 12878
f 12880 12922 12870
f 12718 12719 12894
f 12602 12610 12609
f 12602 12609 12786
f 12718 12894 12862
f 12862 12894 12952
f 12602 12786 12788
f 12602 12788 12843
f 12952 12894 12612
f 12612 12894 12600
f 12600 12602 12843
f 12600 12843 12855
f 12966 12612 12600
f 12972 12966 12600
f 12600 12855 12881
f 12618 12972 12600
f 12817 12816 12882
f 12650 12991 12647
f 12616 12615 12885
f 12830 12829 12887
f 12889 12605 12607
f 12704 12807 12891
f 12892 12751 12761
f 12573 12977 12698
f 12573 12698 12822
f 12822 12698 12697
f 12602 12627 12626
f 12602 12626 12734
f 12822 12697 12713
f 12713 12697 12610
f 12602 12734 12875
f 12602 12875 12907
f 12901 12713 12610
f 12662 12901 12610
f 12602 12907 12730
f 12660 12662 12610
f 12660 12610 12602
f 12808 12660 12602
f 12879 12808 12730
f 12808 12602 12730
f 12743 12879 12732
f 12879 12730 12732
f 12946 12743 12726
f 12743 12732 12726
f 12945 12946 12793
f 12946 12726 12793
f 12845 12945 12832
f 12945 12793 12832
f 12635 12845 12832
f 12635 12832 12971
f 12633 12635 12971
f 12633 12971 12763
f 12639 12633 12763
f 12639 12763 12819
f 12886 12639 12819
f 12886 12819 13041
f 12616 12886 13041
f 12616 13041 12940
f 12614 12616 12940
f 12614 12940 12968
f 12753 12699 12856
f 12701 12614 12968
f 12969 12770 12895
f 12701 12968 12895
f 12856 12699 12630
f 12630 12699 12701
f 12968 12969 12895
f 12894 12719 12622
f 12628 12630 12895
f 12894 12622 12628
f 12701 12895 12630
f 12959 12627 12602
f 12895 12770 12772
f 12895 12772 12983
f 12959 12602 12760
f 12760 12602 12895
f 12895 12983 12893
f 12761 12760 12895
f 12896 12883 12882
f 12898 12654 12656
f 12766 12673 12674
f 12687 12686 12899
f 12748 12747 12889
f 12707 12827 12928
f 12742 12741 12928
f 12928 12930 12678
f 12678 12631 12591
f 12591 12593 12846
f 12994 12955 12846
f 12846 12995 12910
f 12910 12803 12846
f 12842 12836 12838
f 12838 12746 12842
f 12748 12890 12607
f 12607 12606 12707
f 12827 12742 12928
f 12928 12678 12707
f 12593 12994 12846
f 12846 12803 12842
f 12842 12746 12748
f 12748 12607 12842
f 12707 12678 12591
f 12591 12846 12842
f 12842 12607 12707
f 12662 12661 12714
f 12902 12960 12903
f 12881 12961 12619
f 12842 12841 12905
f 12689 12688 12850
f 12896 12897 12839
f 12907 12953 12908
f 12773 12864 12865
f 12910 12995 12911
f 12912 12926 12913
f 12884 12647 12914
f 12915 12981 12840
f 12916 12977 12917
f 12852 12739 12943
f 12852 12943 12918
f 12944 12738 12603
f 12852 12918 12603
f 12601 12944 12603
f 12919 12992 12920
f 12921 12598 12870
f 12559 12563 12923
f 12990 12679 12924
f 12681 12828 12924
f 12830 12888 12924
f 12935 12937 12924
f 12872 12722 12924
f 12721 12812 12924
f 12811 12913 12924
f 12963 12650 12924
f 12924 12805 12841
f 12924 12841 12905
f 12913 12963 12924
f 12722 12721 12924
f 12888 12935 12924
f 12679 12681 12924
f 12957 12778 12706
f 12984 12948 12853
f 12687 12900 12853
f 12884 12685 12853
f 12853 12685 12687
f 12900 12984 12853
f 12778 12990 12605
f 12937 12872 12924
f 12924 12905 12837
f 12812 12811 12924
f 12948 12957 12853
f 12706 12853 12957
f 12605 12706 12778
f 12828 12830 12924
f 12924 12837 12866
f 12924 12866 12747
f 12605 12990 12924
f 12924 12747 12889
f 12732 12731 12727
f 12912 12565 12926
f 12564 12562 12925
f 12562 12991 12925
f 12926 12565 12564
f 12741 13034 12927
f 12565 12572 12557
f 12560 12923 12929
f 12930 12947 12648
f 12879 12878 12931
f 12597 12599 12737
f 12932 12929 12880
f 12880 12597 12737
f 12929 12869 12880
f 12933 12810 12812
f 12690 12692 12765
f 12935 12970 12936
f 12609 12859 12860
f 12886 12885 12938
f 12939 12968 12940
f 12792 12791 12824
f 12943 12739 12738
f 12945 12951 12744
f 12934 12699 12753
f 12934 12753 12690
f 12690 12753 12794
f 12798 12698 12977
f 12690 12794 12916
f 12798 12977 12916
f 12928 12927 12947
f 12948 12984 12949
f 12845 12705 12951
f 12863 12862 12952
f 12875 12874 12953
f 12659 12915 12785
f 12859 12608 12915
f 12785 12696 12659
f 12797 12993 12657
f 12755 12754 12906
f 12629 12644 12689
f 12624 12623 12663
f 12861 12863 12773
f 12611 12613 12783
f 12967 12617 12919
f 12619 12961 12590
f 12854 12844 12857
f 12787 12860 12883
f 12860 12815 12817
f 12961 12854 12588
f 12613 12967 12834
f 12623 12716 12663
f 12754 12629 12906
f 12696 12797 12657
f 12915 12608 12785
f 12657 12659 12696
f 12860 12817 12883
f 12787 12883 12896
f 12657 12993 12801
f 12801 12993 12755
f 12844 12787 12896
f 12844 12896 12857
f 12849 12801 12755
f 12906 12849 12755
f 12854 12857 12588
f 12961 12588 12590
f 12906 12629 12689
f 12689 12644 12665
f 12619 12590 12992
f 12619 12992 12919
f 12665 12644 12624
f 12663 12665 12624
f 12617 12619 12919
f 12967 12919 12834
f 12623 12861 12716
f 12716 12861 12773
f 12613 12834 12783
f 12611 12783 12756
f 12773 12863 12864
f 12611 12756 12864
f 12902 12904 12954
f 12955 12994 12956
f 12922 12921 12597
f 12957 12948 12950
f 12958 13010 12959
f 12799 12876 12752
f 12960 12767 12769
f 12855 12854 12961
f 12962 12823 12825
f 12913 12926 12925
f 12614 12701 12700
f 12849 12851 12965
f 12613 12612 12966
f 12968 12939 12867
f 12888 12887 12970
f 12597 12880 12869
f 12764 12763 12971
f 12967 12966 12972
f 13042 13043 12975
f 12973 13044 13045
f 13043 13046 12975
f 13047 13048 13049
f 12987 13050 13051
f 13051 13050 13052
f 13048 13053 13049
f 13044 13054 13055
f 13055 13056 13057
f 13054 13058 13055
f 13052 13050 13059
f 13059 13050 13047
f 13057 12988 12989
f 13057 12989 13055
f 13060 13059 13047
f 13049 13060 13047
f 13055 12989 13045
f 13044 13055 13045
f 13048 13042 13053
f 13053 13042 12975
f 12973 13045 12974
f 12975 13046 12973
f 12557 12572 12571
f 12710 12712 12976
f 12940 13041 12818
f 12977 12573 12575
f 12895 12602 12601
f 13061 12776 13040
f 13040 13062 13061
f 13063 13064 13065
f 13065 13066 13067
f 13068 13069 12980
f 13070 12978 12980
f 13071 13072 13073
f 13074 13075 13076
f 13077 13078 13038
f 13079 13080 13038
f 12775 13038 13080
f 13079 13038 13078
f 13075 13038 13076
f 12978 13071 12979
f 13066 13068 13067
f 13061 13062 13063
f 13067 13061 13065
f 13072 13074 13073
f 13077 13038 13075
f 13061 13063 13065
f 13067 13068 12980
f 13074 13076 13073
f 13071 13073 12979
f 12980 13069 13070
f 12659 12658 12981
f 12895 12918 12943
f 12772 12771 12982
f 12943 12944 12600
f 12984 12900 12899
f 12923 12563 12570
f 12570 13035 12923
f 12599 12869 12929
f 12923 13035 12737
f 12599 12929 12923
f 13081 13082 12987
f 12987 12988 13083
f 13082 13050 12987
f 12986 13084 12987
f 13083 12985 12987
f 13081 12987 13084
f 12990 12778 12780
f 12963 12925 12991
f 12982 12892 12893
f 12590 12589 12920
f 12993 12797 12798
f 12994 12593 12592
f 12714 12661 12765
f 12765 12692 12575
f 12691 12917 12575
f 12575 12574 12715
f 12715 12714 12575
f 12692 12691 12575
f 12995 12846 12848
f 12670 12750 12749
f 13085 13086 13087
f 13088 13089 12997
f 12997 13090 12998
f 13091 13092 13093
f 13093 13094 13095
f 13095 13096 13097
f 13090 13091 13093
f 13093 13095 12998
f 13095 13097 12998
f 13088 12997 13098
f 13087 13086 13098
f 13098 13086 13088
f 13090 13093 12998
f 12999 13098 12997
f 13099 13100 13002
f 13101 13102 13000
f 13001 13103 13104
f 13100 13101 13000
f 13001 13104 13105
f 13106 13099 13107
f 13002 13107 13099
f 13108 13109 13001
f 13001 13105 13110
f 13110 13108 13001
f 13002 13100 13000
f 13001 13109 13002
f 12567 12929 12932
f 13111 13085 13112
f 13085 13087 13112
f 13113 13114 13005
f 13115 13003 13116
f 13117 13118 13097
f 13119 13115 13116
f 13114 13111 13120
f 13111 13112 13121
f 13118 13119 13097
f 13097 13096 13117
f 13116 13097 13119
f 13111 13121 13120
f 13114 13120 13005
f 13115 13004 13003
f 13113 13005 13004
f 12936 12871 12872
f 12561 12570 12563
f 12596 12962 12800
f 13122 13123 13124
f 13122 13124 13125
f 13126 13127 13008
f 13128 13129 13130
f 13131 13132 13130
f 13130 13129 13126
f 13127 13122 13008
f 13122 13125 13008
f 13131 13130 13133
f 13007 13134 13008
f 13133 13130 13126
f 13133 13126 13008
f 13135 13007 13136
f 13006 13136 13007
f 13133 13008 13134
f 12729 12728 13009
f 13010 12625 12627
g Table_2__node0
usemtl itu_wood
v 2.544260 0.433297 4.321470
v 4.365260 0.381862 4.321470
v 4.365260 0.433297 4.321470
v 4.429760 0.433297 4.643220
v 4.429760 0.457300 3.968220
v 4.429760 0.457300 4.643220
v 4.428260 0.433297 3.968970
v 4.365260 0.000100 3.968970
v 4.365260 0.433297 3.968970
v 2.479760 0.457300 4.643220
v 2.479760 0.457300 3.968220
v 4.365260 0.433297 4.289970
v 2.544260 0.381862 4.289970
v 2.544260 0.433297 4.289970
v 2.479760 0.433297 3.968220
v 2.479760 0.433297 4.643220
v 2.544260 0.433297 3.968970
v 2.481260 0.000100 3.968970
v 2.481260 0.433297 3.968970
v 4.428260 0.000100 4.642470
v 4.365260 0.000100 4.642470
v 4.428260 0.433297 4.642470
v 2.544260 0.381862 4.321470
v 2.481260 0.433297 4.642470
v 2.481260 0.000100 4.642470
v 2.544260 0.000100 4.642470
v 2.544260 0.433297 4.642470
v 4.365260 0.433297 4.642470
v 4.429760 0.433297 3.968220
v 4.428260 0.000100 3.968970
v 4.365260 0.381862 4.289970
v 2.544260 0.000100 3.968970
f 13137 13138 13139
f 13140 13141 13142
f 13143 13144 13145
f 13146 13141 13147
f 13138 13148 13139
f 13148 13149 13150
f 13146 13151 13152
f 13153 13154 13155
f 13144 13156 13157
f 13156 13143 13158
f 13137 13149 13159
f 13160 13154 13161
f 13146 13140 13142
f 13162 13153 13163
f 13160 13153 13155
f 13141 13151 13147
f 13164 13156 13158
f 13154 13162 13161
f 13164 13143 13145
f 13164 13144 13157
f 13151 13140 13152
f 13160 13162 13163
f 13137 13148 13150
f 13149 13138 13159
f 13137 13159 13138
f 13140 13165 13141
f 13143 13166 13144
f 13146 13142 13141
f 13138 13167 13148
f 13148 13167 13149
f 13146 13147 13151
f 13153 13168 13154
f 13144 13166 13156
f 13156 13166 13143
f 13137 13150 13149
f 13160 13155 13154
f 13146 13152 13140
f 13162 13168 13153
f 13160 13163 13153
f 13141 13165 13151
f 13164 13157 13156
f 13154 13168 13162
f 13164 13158 13143
f 13164 13145 13144
f 13151 13165 13140
f 13160 13161 13162
f 13137 13139 13148
f 13149 13167 13138
g Table_node0
usemtl itu_wood
v -9.165540 0.720062 -1.271350
v -9.165540 0.634567 2.370650
v -9.165540 0.720062 2.370650
v -9.809040 0.720062 2.499650
v -8.459040 0.759960 2.499650
v -9.809040 0.759960 2.499650
v -8.460540 0.720062 2.496650
v -8.460540 -0.000000 2.370650
v -8.460540 0.720062 2.370650
v -9.809040 0.759960 -1.400350
v -8.459040 0.759960 -1.400350
v -9.102540 0.720062 2.370650
v -9.102540 0.634567 -1.271350
v -9.102540 0.720062 -1.271350
v -8.459040 0.720062 -1.400350
v -9.809040 0.720062 -1.400350
v -8.460540 0.720062 -1.271350
v -8.460540 -0.000000 -1.397340
v -8.460540 0.720062 -1.397340
v -9.807540 -0.000000 2.496650
v -9.807540 -0.000000 2.370650
v -9.807540 0.720062 2.496650
v -9.165540 0.634567 -1.271350
v -9.807540 0.720062 -1.397340
v -9.807540 -0.000000 -1.397340
v -9.807540 -0.000000 -1.271350
v -9.807540 0.720062 -1.271350
v -9.807540 0.720062 2.370650
v -8.459040 0.720062 2.499650
v -8.460540 -0.000000 2.496650
v -9.102540 0.634567 2.370650
v -8.460540 -0.000000 -1.271350
f 13169 13170 13171
f 13172 13173 13174
f 13175 13176 13177
f 13178 13173 13179
f 13170 13180 13171
f 13180 13181 13182
f 13178 13183 13184
f 13185 13186 13187
f 13176 13188 13189
f 13188 13175 13190
f 13169 13181 13191
f 13192 13186 13193
f 13178 13172 13174
f 13194 13185 13195
f 13192 13185 13187
f 13173 13183 13179
f 13196 13188 13190
f 13186 13194 13193
f 13196 13175 13177
f 13196 13176 13189
f 13183 13172 13184
f 13192 13194 13195
f 13169 13180 13182
f 13181 13170 13191
f 13169 13191 13170
f 13172 13197 13173
f 13175 13198 13176
f 13178 13174 13173
f 13170 13199 13180
f 13180 13199 13181
f 13178 13179 13183
f 13185 13200 13186
f 13176 13198 13188
f 13188 13198 13175
f 13169 13182 13181
f 13192 13187 13186
f 13178 13184 13172
f 13194 13200 13185
f 13192 13195 13185
f 13173 13197 13183
f 13196 13189 13188
f 13186 13200 13194
f 13196 13190 13175
f 13196 13177 13176
f 13183 13197 13172
f 13192 13193 13194
f 13169 13171 13180
f 13181 13199 13170
g TV_Stand_node0
usemtl itu_wood
v 4.469840 1.038100 7.926340
v 4.453800 1.038100 7.938660
v 4.458100 1.038100 7.938090
v 4.468180 1.038100 7.930350
v 4.469840 1.023150 7.926340
v 4.468180 1.023150 7.930350
v 4.468180 1.038100 7.515120
v 4.469840 1.023150 7.519130
v 4.468180 1.023150 7.515120
v 3.714690 1.038100 7.936430
v 3.718690 1.023150 7.938090
v 3.718690 1.038100 7.938090
v 3.711250 1.023150 7.511680
v 3.708610 1.038100 7.515120
v 3.711250 1.038100 7.511680
v 4.462100 1.038100 7.509040
v 4.458100 1.023150 7.507380
v 4.458100 1.038100 7.507380
v 3.706380 1.023150 7.922050
v 3.706950 1.038100 7.926340
v 3.706380 1.038100 7.922050
v 3.714690 1.038100 7.509040
v 4.465540 1.023150 7.511680
v 4.462100 1.038100 7.936430
v 4.465540 1.023150 7.933790
v 4.465540 1.038100 7.933790
v 4.470410 1.038100 7.523420
v 4.470410 1.023150 7.922050
v 4.470410 1.023150 7.523420
v 4.469840 1.038100 7.519130
v 4.458100 1.023150 7.938090
v 4.470410 1.038100 7.922050
v 3.708610 1.023150 7.515120
v 3.706950 1.038100 7.519130
v 4.453800 1.023150 7.506810
v 3.722990 1.038100 7.506810
v 3.722990 1.023150 7.506810
v 3.722990 1.023150 7.938660
v 4.453800 1.023150 7.938660
v 3.708610 1.023150 7.930350
v 3.711250 1.038100 7.933790
v 3.708610 1.038100 7.930350
v 3.722990 1.038100 7.938660
v 3.706380 1.023150 7.523420
v 3.706380 1.038100 7.523420
v 4.465540 1.038100 7.511680
v 4.462100 1.023150 7.509040
v 4.453800 1.038100 7.506810
v 3.718690 1.038100 7.507380
v 3.714690 1.023150 7.936430
v 3.706950 1.023150 7.926340
v 3.714690 1.023150 7.509040
v 4.462100 1.023150 7.936430
v 3.706950 1.023150 7.519130
v 3.711250 1.023150 7.933790
v 3.827460 1.760970 7.652980
v 3.827630 1.762260 7.664600
v 3.827630 1.762260 7.652980
v 3.826960 1.266480 7.652980
v 3.826170 1.267510 7.664600
v 3.826170 1.267510 7.652980
v 3.820160 1.259670 7.664600
v 3.821360 1.259170 7.652980
v 3.820160 1.259670 7.652980
v 4.316610 1.261490 7.652980
v 4.317400 1.260460 7.664600
v 4.317400 1.260460 7.652980
v 4.324450 1.260460 7.664600
v 4.323420 1.259670 7.652980
v 4.324450 1.260460 7.652980
v 3.827460 1.763550 7.652980
v 3.827460 1.763550 7.664600
v 4.325740 1.760970 7.652980
v 4.325910 1.762260 7.664600
v 4.325910 1.762260 7.652980
v 4.316110 1.763550 7.652980
v 4.315940 1.762260 7.664600
v 4.315940 1.762260 7.652980
v 4.318430 1.268300 7.652980
v 4.317400 1.267510 7.664600
v 4.318430 1.268300 7.664600
v 4.323420 1.757950 7.664600
v 4.324450 1.758740 7.652980
v 4.323420 1.757950 7.652980
v 3.825140 1.268300 7.664600
v 3.819120 1.758740 7.664600
v 3.820160 1.757950 7.652980
v 3.819120 1.758740 7.652980
v 4.322210 1.767080 7.652980
v 4.323420 1.766580 7.664600
v 4.322210 1.767080 7.664600
v 4.322210 1.268800 7.652980
v 4.320920 1.268970 7.664600
v 4.322210 1.268800 7.664600
v 4.318430 1.757950 7.664600
v 4.317400 1.758740 7.652980
v 4.318430 1.757950 7.652980
v 3.821360 1.757450 7.664600
v 3.822650 1.757280 7.652980
v 3.821360 1.757450 7.652980
v 4.316110 1.760970 7.652980
v 4.316110 1.760970 7.664600
v 4.967020 1.154360 7.664600
v 4.967020 1.104540 7.689520
v 4.967020 1.119480 7.639690
v 4.325240 1.759770 7.652980
v 4.325740 1.760970 7.664600
v 3.823940 1.259170 7.664600
v 3.822650 1.259000 7.652980
v 3.823940 1.259170 7.652980
v 4.319640 1.268800 7.664600
v 3.817830 1.262690 7.652980
v 3.818330 1.261490 7.664600
v 3.818330 1.261490 7.652980
v 3.176550 1.119480 7.639690
v 3.176550 1.154360 7.664600
v 3.176550 1.104540 7.689520
v 4.323420 1.268300 7.664600
v 3.176550 1.119480 7.619760
v 3.820160 1.757950 7.664600
v 3.825140 1.268300 7.652980
v 3.821360 1.268800 7.652980
v 3.820160 1.268300 7.664600
v 3.821360 1.268800 7.664600
v 4.316110 1.265270 7.664600
v 4.315940 1.263980 7.652980
v 4.315940 1.263980 7.664600
v 3.176550 1.104540 7.639690
v 3.819120 1.267510 7.664600
v 3.818330 1.266480 7.652980
v 3.818330 1.266480 7.664600
v 3.827630 1.263980 7.664600
v 3.827460 1.265270 7.652980
v 3.827460 1.265270 7.664600
v 3.826170 1.260460 7.664600
v 3.825140 1.259670 7.652980
v 3.826170 1.260460 7.652980
v 4.317400 1.765790 7.664600
v 4.316610 1.764750 7.652980
v 4.316610 1.764750 7.664600
v 4.325240 1.261490 7.652980
v 4.325240 1.261490 7.664600
v 3.820160 1.766580 7.652980
v 3.821360 1.767080 7.664600
v 3.820160 1.766580 7.664600
v 3.819120 1.765790 7.652980
v 3.819120 1.765790 7.664600
v 3.817830 1.760970 7.652980
v 3.818330 1.759770 7.664600
v 3.818330 1.759770 7.652980
v 3.820160 1.268300 7.652980
v 3.826960 1.759770 7.652980
v 3.827460 1.760970 7.664600
v 4.324450 1.758740 7.664600
v 4.325240 1.759770 7.664600
v 4.320920 1.767240 7.652980
v 4.319640 1.767080 7.664600
v 4.320920 1.767240 7.664600
v 3.826170 1.758740 7.664600
v 3.826960 1.759770 7.664600
v 4.319640 1.757450 7.652980
v 3.819120 1.260460 7.664600
v 3.819120 1.260460 7.652980
v 3.823940 1.757450 7.664600
v 3.825140 1.757950 7.652980
v 3.823940 1.757450 7.652980
v 3.817660 1.762260 7.652980
v 3.817830 1.760970 7.664600
v 3.176550 2.200750 7.664600
v 4.967020 2.200750 7.619760
v 3.176550 2.200750 7.619760
v 3.176550 1.154360 7.689520
v 3.822650 1.268970 7.652980
v 3.823940 1.268800 7.664600
v 3.822650 1.268970 7.664600
v 4.322210 1.259170 7.664600
v 4.322210 1.259170 7.652980
v 4.967020 1.154360 7.689520
v 3.826960 1.261490 7.652980
v 3.826960 1.261490 7.664600
v 3.827460 1.262690 7.664600
v 3.827460 1.262690 7.652980
v 3.826960 1.764750 7.652980
v 3.826960 1.764750 7.664600
v 4.325240 1.266480 7.652980
v 4.324450 1.267510 7.664600
v 4.324450 1.267510 7.652980
v 4.318430 1.259670 7.664600
v 4.319640 1.259170 7.652980
v 4.318430 1.259670 7.652980
v 4.316110 1.262700 7.652980
v 4.316610 1.261490 7.664600
v 4.325740 1.763550 7.664600
v 4.325240 1.764750 7.652980
v 4.325240 1.764750 7.664600
v 3.822650 1.767240 7.652980
v 3.822650 1.767240 7.664600
v 4.316610 1.759770 7.652980
v 4.319640 1.268800 7.652980
v 4.317400 1.758740 7.664600
v 4.322210 1.757450 7.652980
v 4.325740 1.262700 7.664600
v 4.325910 1.263980 7.652980
v 4.325910 1.263980 7.664600
v 4.325740 1.265270 7.652980
v 4.325740 1.265270 7.664600
v 4.323420 1.766580 7.652980
v 4.324450 1.765790 7.664600
v 4.316110 1.262700 7.664600
v 4.316610 1.759770 7.664600
v 3.817830 1.265270 7.652980
v 3.817660 1.263980 7.664600
v 3.817660 1.263980 7.652980
v 4.317400 1.765790 7.652980
v 4.318430 1.766580 7.664600
v 4.320920 1.259000 7.652980
v 4.320920 1.259000 7.664600
v 3.823940 1.767080 7.664600
v 4.325240 1.266480 7.664600
v 4.324450 1.765790 7.652980
v 4.316610 1.266480 7.652980
v 4.316610 1.266480 7.664600
v 3.826170 1.765790 7.664600
v 3.826170 1.765790 7.652980
v 4.325740 1.262700 7.652980
v 4.319640 1.757450 7.664600
v 4.320920 1.757280 7.652980
v 4.320920 1.757280 7.664600
v 4.322210 1.757450 7.664600
v 3.821360 1.767080 7.652980
v 3.825140 1.766580 7.652980
v 3.825140 1.766580 7.664600
v 3.825140 1.757950 7.664600
v 3.826170 1.758740 7.652980
v 3.818330 1.764750 7.652980
v 3.818330 1.764750 7.664600
v 3.817830 1.265270 7.664600
v 4.325740 1.763550 7.652980
v 3.817830 1.763550 7.664600
v 3.817830 1.763550 7.652980
v 4.967020 2.200750 7.664600
v 4.316110 1.265270 7.652980
v 3.817660 1.762260 7.664600
v 3.817830 1.262690 7.664600
v 3.826960 1.266480 7.664600
v 3.827630 1.263980 7.652980
v 3.822650 1.259000 7.664600
v 3.823940 1.268800 7.652980
v 4.316110 1.763550 7.664600
v 4.323420 1.268300 7.652980
v 4.967020 1.104540 7.639690
v 4.318430 1.766580 7.652980
v 3.821360 1.259170 7.664600
v 4.323420 1.259670 7.664600
v 4.317400 1.267510 7.652980
v 3.825140 1.259670 7.664600
v 4.319640 1.259170 7.664600
v 4.320920 1.268970 7.652980
v 3.822650 1.757280 7.664600
v 4.967020 1.119480 7.619760
v 3.819120 1.267510 7.652980
v 4.319640 1.767080 7.652980
v 3.823940 1.767080 7.652980
v 2.593560 0.000020 6.912200
v 2.593560 0.797265 7.955260
v 2.593560 0.797265 6.912200
v 3.502420 0.066457 6.878990
v 3.502420 0.033239 7.872220
v 3.502420 0.033239 6.878990
v 4.258640 0.863701 7.525080
v 4.225420 0.863701 7.895970
v 4.225420 0.863701 7.525080
v 4.259470 0.863701 7.862750
v 4.276080 0.880310 7.862750
v 4.276080 0.872006 7.862750
v 4.259470 0.863701 7.525080
v 4.259470 1.001560 7.862750
v 4.259470 1.001560 7.525080
v 2.900830 0.913529 7.657960
v 2.626780 0.863701 7.657960
v 2.626780 0.913529 7.657960
v 3.951370 1.004880 7.491870
v 2.900830 1.004880 7.525080
v 3.951370 1.004880 7.525080
v 5.225300 0.880310 7.862750
v 4.276080 0.880310 7.879360
v 5.225300 0.872006 7.862750
v 4.276080 0.872006 7.879360
v 5.225300 0.872006 7.879360
v 3.900710 0.880310 7.879360
v 2.951490 0.880311 7.508480
v 2.951490 0.880311 7.879360
v 5.225300 0.880310 7.879360
v 3.606730 0.797265 6.912200
v 3.606730 0.448470 7.936990
v 3.606730 0.448470 6.912200
v 4.225420 0.905224 7.895970
v 4.225420 1.004880 7.525080
v 5.583230 0.024934 6.912200
v 4.588330 0.024934 6.878990
v 5.583230 0.024934 6.878990
v 3.518700 0.016629 7.639690
v 2.615150 0.016629 7.623080
v 3.518700 0.016629 7.623080
v 4.276080 0.880310 7.525080
v 5.275960 1.003220 7.525080
v 4.225420 1.003220 7.525080
v 5.565790 0.813043 7.953600
v 2.611000 0.813043 7.953600
v 4.487020 0.747937 7.953600
v 3.884100 0.872006 7.862750
v 3.884100 0.863701 7.525080
v 3.884100 0.863701 7.862750
v 3.673160 0.502748 7.936990
v 3.666280 0.508027 7.953600
v 3.673160 0.502748 7.953600
v 5.225300 0.880310 7.508480
v 4.276080 0.872006 7.508480
v 5.225300 0.872006 7.508480
v 3.900710 0.880310 7.862750
v 3.900710 0.872006 7.525080
v 3.900710 0.872006 7.862750
v 4.276080 0.872006 7.525080
v 5.225300 0.872006 7.525080
v 4.276080 0.880310 7.508480
v 2.900830 0.863701 7.689520
v 2.900830 0.863701 7.657960
v 4.210740 0.971661 7.935830
v 4.208100 0.975101 7.952440
v 4.208100 0.975101 7.935830
v 5.550010 0.830483 7.955260
v 5.550010 0.847092 7.955260
v 5.550010 0.847092 7.936990
v 3.518700 0.720031 7.623080
v 2.615150 0.720031 7.623080
v 4.585010 0.794773 6.878990
v 3.591780 0.416912 6.878990
v 3.591780 0.794773 6.878990
v 5.225300 0.880310 7.525080
v 5.241910 0.863701 7.525080
v 4.259470 1.001560 7.895970
v 4.292690 0.880310 7.862750
v 4.292690 0.880310 7.525080
v 2.626780 0.797265 6.912200
v 2.615150 0.355458 7.639690
v 3.518700 0.355458 7.639690
v 5.275960 0.863701 7.895970
v 5.242740 0.863701 7.525080
v 5.275960 0.863701 7.525080
v 4.258640 0.905224 7.895970
v 4.258640 1.004880 7.525080
v 4.258640 1.004880 7.935830
v 3.951370 0.905224 7.935830
v 3.918150 0.905224 7.895970
v 3.951370 0.905224 7.895970
v 2.611000 0.016629 7.936990
v 4.487020 0.498298 7.936990
v 5.565790 0.016629 7.936990
v 2.968100 0.863701 7.862750
v 2.934880 0.863701 7.525080
v 2.968100 0.863701 7.525080
v 5.275960 0.905224 7.895970
v 5.275960 1.004880 7.525080
v 5.275960 1.004880 7.935830
v 3.963830 0.913529 7.935830
v 3.964390 0.909230 7.952440
v 3.964390 0.909230 7.935830
v 3.718690 1.023150 7.507380
v 2.951490 0.872006 7.525080
v 2.951490 0.872006 7.508480
v 5.583230 0.830483 6.875660
v 2.593560 0.830483 7.955260
v 5.583230 0.830483 7.955260
v 5.566620 0.847092 7.955260
v 2.626780 1.004880 7.490210
v 2.626780 0.847092 7.936990
v 2.626780 0.830483 7.490210
v 2.615150 0.720031 7.639690
v 2.610170 0.847092 7.955260
v 2.626780 0.830483 7.955260
v 2.626780 0.847092 7.955260
v 2.934050 0.905224 7.935830
v 2.900830 0.905224 7.895970
v 2.934050 0.905224 7.895970
v 2.610170 1.004880 7.936990
v 2.593560 1.004880 7.490210
v 2.593560 1.004880 7.955260
v 5.550010 1.004880 7.936990
v 5.566620 0.847092 7.936990
v 5.566620 1.004880 7.936990
v 2.631760 0.033239 6.878990
v 2.631760 0.066457 7.872220
v 2.631760 0.066457 6.878990
v 4.212400 0.909230 7.935830
v 4.212960 0.913529 7.952440
v 4.212960 0.913529 7.935830
v 5.550010 0.830483 7.490210
v 5.550010 0.863701 7.490210
v 2.611000 0.847092 7.952440
v 5.565790 0.847092 7.952440
v 4.196360 0.896920 7.952440
v 3.951370 0.863701 7.525080
v 2.900830 0.863701 7.491870
v 3.951370 0.863701 7.491870
v 3.968690 0.975101 7.935830
v 3.966050 0.971661 7.952440
v 3.966050 0.971661 7.935830
v 3.917320 1.001560 7.862750
v 3.917320 0.863701 7.895970
v 3.917320 0.863701 7.862750
v 3.502420 0.033239 7.910670
v 2.631760 0.033239 6.917440
v 3.502420 0.033239 6.917440
v 3.951370 1.004880 7.935830
v 3.588460 0.016629 6.907850
v 2.593560 0.016629 6.874630
v 3.588460 0.016629 6.874630
v 5.208690 0.880310 7.862750
v 5.208690 0.880310 7.525080
v 3.606730 0.033239 6.912200
v 3.606730 0.398642 7.936990
v 3.606730 0.033239 7.936990
v 5.583230 1.004880 7.490210
v 4.208100 0.901784 7.935830
v 4.210740 0.905224 7.952440
v 4.210740 0.905224 7.935830
v 3.518700 0.720031 7.639690
v 2.593560 1.038100 7.955260
v 2.934880 0.863701 7.862750
v 2.934880 1.001560 7.895970
v 2.934880 1.001560 7.862750
v 5.583230 1.038100 7.955260
v 2.610170 1.021490 7.955260
v 5.566620 1.021490 7.955260
v 4.258640 0.905224 7.935830
v 5.242740 0.905224 7.895970
v 5.242740 1.004880 7.525080
v 3.900710 0.872006 7.879360
v 4.292690 0.863701 7.862750
v 4.292690 0.863701 7.525080
v 3.917320 1.001560 7.895970
v 5.275960 0.905224 7.935830
v 3.588460 0.786468 6.874630
v 2.593560 0.786468 6.907850
v 3.588460 0.786468 6.907850
v 4.586670 0.398642 6.912200
v 4.586670 0.448470 7.936990
v 4.586670 0.448470 6.912200
v 4.585010 0.416912 6.912200
v 4.585010 0.416912 6.878990
v 5.241910 0.863701 7.862750
v 2.626780 0.913529 7.689520
v 2.900830 0.913529 7.689520
v 5.550010 0.913529 7.657960
v 5.550010 0.863701 7.689520
v 5.550010 0.863701 7.657960
v 4.225420 0.913529 7.656300
v 3.951370 0.913529 7.687860
v 4.225420 0.913529 7.687860
v 2.626780 0.033239 7.936990
v 5.550010 0.016629 7.936990
v 5.550010 0.033239 7.936990
v 2.610170 0.016629 7.955260
v 2.626780 0.000020 7.955260
v 2.626780 0.016629 7.955260
v 5.565790 0.016629 7.953600
v 3.657690 0.723316 7.936990
v 3.656550 0.714718 7.953600
v 3.656550 0.714718 7.936990
v 5.242740 1.004880 7.935830
v 3.657690 0.522919 7.936990
v 3.661000 0.514907 7.953600
v 3.661000 0.514907 7.936990
v 3.596920 0.066457 6.925490
v 2.600370 0.066457 7.950280
v 3.596920 0.066457 7.950280
v 2.934050 1.004880 7.935830
v 2.934050 1.004880 7.525080
v 4.204660 0.899145 7.952440
v 4.208100 0.901784 7.952440
v 2.626780 0.863701 7.936990
v 5.550010 0.863701 7.936990
v 2.900830 1.004880 7.491870
v 4.200650 0.979400 7.935830
v 4.196360 0.979966 7.935830
v 5.565790 1.020660 7.935830
v 3.502420 0.066457 6.917440
v 2.631760 0.066457 6.917440
v 2.600370 0.016629 6.925490
v 2.600370 0.066457 6.925490
v 2.611000 0.847092 7.935830
v 5.565790 0.847092 7.935830
v 5.565790 1.020660 7.952440
v 2.611000 1.020660 7.952440
v 3.980430 0.979966 7.952440
v 4.196360 0.896920 7.935830
v 3.980430 0.896920 7.952440
v 5.241910 0.863701 7.895970
v 5.241910 1.001560 7.895970
v 4.515790 0.514907 7.936990
v 4.510510 0.508027 7.953600
v 4.515790 0.514907 7.953600
v 5.275960 0.863701 7.657960
v 5.275960 0.913529 7.689520
v 5.275960 0.913529 7.657960
v 4.200650 0.979400 7.952440
v 4.212400 0.967656 7.935830
v 4.210740 0.971661 7.952440
v 4.503630 0.743486 7.953600
v 4.495610 0.746805 7.936990
v 4.503630 0.743486 7.936990
v 3.918150 1.004880 7.525080
v 3.918150 1.004880 7.935830
v 4.588330 0.794773 6.878990
v 4.204660 0.977741 7.952440
v 4.204660 0.977741 7.935830
v 3.666280 0.738207 7.936990
v 3.661000 0.731328 7.953600
v 3.661000 0.731328 7.936990
v 3.590120 0.448470 6.912200
v 5.583230 0.794773 6.878990
v 4.588330 0.794773 6.912200
v 5.583230 0.794773 6.912200
v 4.225420 0.863701 7.491870
v 5.275960 0.863701 7.491870
v 2.968100 0.872006 7.525080
v 4.200650 0.897486 7.935830
v 4.200650 0.897486 7.952440
v 2.934050 0.863701 7.525080
v 2.900830 0.863701 7.895970
v 2.900830 0.863701 7.525080
v 5.566620 0.797265 7.936990
v 5.566620 0.016629 7.955260
v 5.566620 0.797265 7.955260
v 2.951490 0.872006 7.862750
v 5.550010 0.000020 6.912200
v 5.550010 0.000020 7.955260
v 5.550010 0.033239 6.912200
v 2.626780 0.000020 6.912200
v 2.626780 0.033239 6.912200
v 4.212960 0.963357 7.952440
v 4.212960 0.963357 7.935830
v 2.951490 0.880311 7.862750
v 5.583230 0.797265 6.912200
v 5.550010 0.797265 6.912200
v 5.565790 0.813043 7.936990
v 3.900710 0.880310 7.525080
v 3.900710 0.880310 7.508480
v 3.900710 0.872006 7.508480
v 3.590120 0.398642 7.936990
v 3.590120 0.398642 6.912200
v 2.593560 0.405286 6.909830
v 3.586800 0.016629 6.909830
v 3.586800 0.405286 6.909830
v 5.550010 1.004880 7.490210
v 3.884100 1.001560 7.525080
v 3.884100 1.001560 7.862750
v 2.610170 0.797265 7.936990
v 2.610170 0.016629 7.936990
v 3.917320 0.863701 7.525080
v 3.917320 1.001560 7.525080
v 2.968100 0.872006 7.862750
v 2.968100 0.880311 7.862750
v 2.951490 0.880311 7.525080
v 2.968100 0.880311 7.525080
v 4.603280 0.033239 7.936990
v 4.570060 0.033239 6.912200
v 4.603280 0.033239 6.912200
v 2.626780 0.016629 7.936990
v 2.610170 0.797265 7.955260
v 4.292690 0.872006 7.525080
v 5.583230 0.000020 7.955260
v 5.583230 0.000020 6.912200
v 3.689770 0.498298 7.953600
v 4.487020 0.498298 7.953600
v 3.606730 0.398642 6.912200
v 5.241910 1.001560 7.862750
v 3.918150 0.863701 7.525080
v 4.570060 0.797265 6.912200
v 4.570060 0.448470 7.936990
v 4.570060 0.797265 7.936990
v 4.510510 0.738207 7.953600
v 4.510510 0.738207 7.936990
v 2.610170 0.813874 7.936990
v 5.566620 0.813874 7.955260
v 5.566620 0.813874 7.936990
v 4.225420 0.863701 7.687860
v 3.573510 0.797265 7.936990
v 3.606730 0.797265 7.936990
v 3.573510 0.033239 6.912200
v 3.573510 0.797265 6.912200
v 2.626780 1.004880 7.936990
v 4.292690 1.001560 7.525080
v 4.292690 1.001560 7.862750
v 2.610170 0.813874 7.955260
v 2.593560 0.797265 6.875660
v 5.583230 0.797265 6.875660
v 5.550010 0.797265 7.936990
v 5.566620 0.016629 7.936990
v 4.225420 0.863701 7.656300
v 4.603280 0.797265 7.936990
v 4.586670 0.398642 7.936990
v 2.593560 1.038100 7.490210
v 3.591780 0.794773 6.912200
v 4.585010 0.794773 6.912200
v 3.951370 0.863701 7.895970
v 3.689770 0.747937 7.953600
v 3.681180 0.746805 7.936990
v 3.689770 0.747937 7.936990
v 2.615150 0.355458 7.623080
v 4.520240 0.531516 7.936990
v 4.520240 0.714718 7.953600
v 4.520240 0.714718 7.936990
v 3.518700 0.355458 7.623080
v 5.550010 0.016629 7.955260
v 3.951370 0.863701 7.656300
v 3.951370 0.913529 7.656300
v 2.593560 0.830483 7.490210
v 3.586800 0.405286 6.876610
v 3.586800 0.016629 6.876610
v 3.964390 0.967656 7.935830
v 3.963830 0.963357 7.952440
v 3.963830 0.963357 7.935830
v 3.976140 0.979400 7.952440
v 3.972130 0.977741 7.935830
v 3.976140 0.979400 7.935830
v 4.603280 0.797265 6.912200
v 4.487020 0.747937 7.936990
v 3.681180 0.746805 7.953600
v 3.673160 0.743486 7.936990
v 3.972130 0.899145 7.935830
v 3.968690 0.901784 7.952440
v 3.972130 0.899145 7.952440
v 4.196360 0.979966 7.952440
v 3.980430 0.979966 7.935830
v 4.570060 0.398642 7.936990
v 4.570060 0.398642 6.912200
v 3.596920 0.016629 7.950280
v 3.596920 0.016629 6.925490
v 2.610170 1.021490 7.936990
v 5.566620 1.021490 7.936990
v 5.583230 1.038100 7.490210
v 5.208690 1.001560 7.525080
v 3.963830 0.913529 7.952440
v 3.980430 0.896920 7.935830
v 3.976140 0.897486 7.952440
v 3.666280 0.508027 7.936990
v 2.611000 1.020660 7.935830
v 5.275960 1.003220 7.491870
v 2.593560 0.830483 6.875660
v 2.611000 0.813043 7.936990
v 2.611000 0.016629 7.953600
v 4.495610 0.499429 7.936990
v 4.495610 0.499429 7.953600
v 4.225420 1.004880 7.935830
v 2.631760 0.066457 7.910670
v 3.884100 0.880310 7.862750
v 3.884100 0.880310 7.525080
v 5.550010 0.913529 7.689520
v 2.968100 1.001560 7.525080
v 2.900830 1.004880 7.935830
v 5.583230 0.797265 7.955260
v 2.593560 0.016629 6.876610
v 2.593560 0.405286 6.876610
v 5.241910 1.001560 7.525080
v 2.593560 0.786468 6.874630
v 4.258640 0.863701 7.895970
v 5.208690 0.872006 7.862750
v 3.656550 0.531516 7.953600
v 3.656550 0.531516 7.936990
v 5.208690 0.863701 7.525080
v 5.208690 0.863701 7.862750
v 3.591780 0.416912 6.912200
v 5.583230 1.004880 7.955260
v 2.610170 1.004880 7.955260
v 4.225420 1.003220 7.491870
v 2.626780 0.797265 7.936990
v 2.626780 0.863701 7.490210
v 3.976140 0.897486 7.935830
v 5.583230 0.830483 7.490210
v 4.570060 0.448470 6.912200
v 3.590120 0.448470 7.936990
v 3.966050 0.905224 7.952440
v 3.966050 0.905224 7.935830
v 3.689770 0.498298 7.936990
v 3.681180 0.499429 7.953600
v 3.502420 0.066457 7.872220
v 3.502420 0.066457 7.910670
v 2.968100 1.001560 7.862750
v 3.972130 0.977741 7.952440
v 2.934880 1.001560 7.525080
v 4.292690 0.872006 7.862750
v 3.968690 0.901784 7.935830
v 4.519100 0.522919 7.953600
v 4.519100 0.522919 7.936990
v 2.610170 0.847092 7.936990
v 5.566620 1.004880 7.955260
v 4.212400 0.967656 7.952440
v 3.657690 0.723316 7.953600
v 2.593560 0.016629 6.909830
v 2.934050 0.863701 7.895970
v 4.212400 0.909230 7.952440
v 2.951490 0.872006 7.879360
v 4.519100 0.723316 7.936990
v 4.515790 0.731328 7.953600
v 4.515790 0.731328 7.936990
v 4.495610 0.746805 7.953600
v 5.208690 1.001560 7.862750
v 4.503630 0.502748 7.936990
v 4.503630 0.502748 7.953600
v 4.520240 0.531516 7.953600
v 3.673160 0.743486 7.953600
v 4.519100 0.723316 7.953600
v 4.204660 0.899145 7.935830
v 3.681180 0.499429 7.936990
v 4.588330 0.024934 6.912200
v 3.964390 0.967656 7.952440
v 4.510510 0.508027 7.936990
v 2.593560 0.016629 6.907850
v 3.657690 0.522919 7.953600
v 2.593560 0.000020 7.955260
v 4.225420 0.905224 7.935830
v 2.615150 0.016629 7.639690
v 3.666280 0.738207 7.953600
v 3.884100 0.872006 7.525080
v 5.208690 0.872006 7.525080
v 4.259470 0.863701 7.895970
v 5.242740 0.863701 7.895970
v 3.918150 0.905224 7.935830
v 2.900830 0.905224 7.935830
v 2.631760 0.033239 7.872220
v 3.968690 0.975101 7.952440
v 2.631760 0.033239 7.910670
v 2.934880 0.863701 7.895970
v 5.242740 0.905224 7.935830
v 2.626780 0.863701 7.689520
v 5.275960 0.863701 7.689520
v 4.570060 0.033239 7.936990
v 3.951370 0.863701 7.687860
v 3.918150 0.863701 7.895970
v 3.573510 0.033239 7.936990
v 2.600370 0.016629 7.950280
f 13201 13202 13203
f 13204 13205 13206
f 13207 13208 13209
f 13210 13211 13212
f 13213 13214 13215
f 13216 13217 13218
f 13219 13220 13221
f 13222 13213 13215
f 13207 13223 13209
f 13224 13225 13226
f 13227 13228 13229
f 13230 13229 13208
f 13202 13231 13203
f 13232 13205 13228
f 13233 13234 13214
f 13235 13236 13237
f 13238 13202 13239
f 13240 13241 13242
f 13211 13243 13238
f 13244 13221 13245
f 13246 13247 13216
f 13210 13212 13243
f 13243 13202 13248
f 13203 13224 13226
f 13226 13204 13203
f 13201 13232 13202
f 13227 13230 13207
f 13207 13246 13248
f 13216 13218 13248
f 13248 13236 13243
f 13249 13222 13215
f 13215 13214 13234
f 13234 13245 13249
f 13221 13220 13242
f 13242 13241 13221
f 13210 13243 13241
f 13203 13204 13201
f 13232 13227 13202
f 13246 13216 13248
f 13236 13245 13221
f 13215 13234 13249
f 13221 13241 13243
f 13202 13227 13248
f 13227 13207 13248
f 13249 13245 13236
f 13221 13243 13236
f 13204 13201 13205
f 13207 13230 13208
f 13210 13250 13211
f 13213 13233 13214
f 13216 13247 13217
f 13219 13251 13220
f 13222 13252 13213
f 13207 13246 13223
f 13224 13253 13225
f 13227 13232 13228
f 13230 13227 13229
f 13202 13239 13231
f 13232 13201 13205
f 13233 13254 13234
f 13235 13248 13236
f 13238 13243 13202
f 13240 13255 13241
f 13211 13212 13243
f 13244 13219 13221
f 13246 13223 13247
f 13256 13257 13258
f 13259 13260 13261
f 13262 13263 13264
f 13265 13266 13267
f 13268 13269 13270
f 13257 13271 13272
f 13273 13274 13275
f 13276 13277 13278
f 13279 13280 13281
f 13282 13283 13284
f 13280 13281 13285
f 13286 13287 13288
f 13289 13290 13291
f 13292 13293 13294
f 13295 13296 13297
f 13298 13299 13300
f 13277 13301 13302
f 13303 13304 13305
f 13306 13307 13273
f 13308 13309 13310
f 13279 13311 13281
f 13312 13313 13314
f 13315 13316 13317
f 13292 13318 13294
f 13319 13305 13315
f 13320 13300 13287
f 13321 13260 13285
f 13322 13323 13324
f 13325 13326 13327
f 13328 13304 13317
f 13329 13330 13331
f 13332 13333 13334
f 13335 13336 13337
f 13338 13339 13340
f 13268 13341 13342
f 13343 13344 13345
f 13346 13345 13347
f 13348 13349 13350
f 13351 13329 13323
f 13352 13353 13256
f 13354 13306 13355
f 13356 13357 13358
f 13359 13352 13360
f 13295 13361 13297
f 13362 13264 13363
f 13364 13365 13366
f 13367 13368 13348
f 13369 13370 13371
f 13304 13372 13317
f 13373 13374 13375
f 13376 13269 13377
f 13378 13316 13303
f 13335 13379 13380
f 13356 13291 13358
f 13379 13381 13382
f 13272 13383 13384
f 13385 13386 13387
f 13388 13389 13390
f 13391 13392 13265
f 13393 13394 13395
f 13396 13344 13397
f 13361 13275 13398
f 13399 13293 13311
f 13398 13400 13296
f 13282 13401 13284
f 13402 13403 13404
f 13404 13405 13406
f 13407 13408 13290
f 13326 13409 13391
f 13301 13410 13398
f 13411 13412 13413
f 13403 13399 13267
f 13414 13415 13338
f 13376 13416 13377
f 13388 13267 13390
f 13417 13389 13416
f 13396 13418 13397
f 13406 13385 13419
f 13394 13408 13420
f 13280 13421 13422
f 13383 13423 13424
f 13341 13402 13425
f 13426 13427 13361
f 13428 13429 13294
f 13396 13430 13366
f 13431 13418 13432
f 13431 13423 13432
f 13433 13434 13365
f 13364 13299 13366
f 13347 13435 13436
f 13308 13336 13310
f 13429 13427 13401
f 13329 13320 13286
f 13330 13437 13411
f 13274 13438 13393
f 13435 13439 13440
f 13441 13395 13408
f 13421 13325 13442
f 13439 13367 13443
f 13413 13444 13312
f 13333 13445 13259
f 13446 13351 13413
f 13447 13263 13309
f 13448 13285 13374
f 13314 13362 13363
f 13373 13324 13375
f 13339 13449 13276
f 13381 13446 13332
f 13450 13386 13318
f 13451 13315 13305
f 13452 13357 13415
f 13350 13286 13288
f 13256 13353 13257
f 13259 13445 13260
f 13262 13453 13263
f 13265 13392 13266
f 13268 13454 13269
f 13257 13258 13271
f 13273 13307 13274
f 13276 13449 13277
f 13279 13455 13280
f 13282 13354 13283
f 13412 13437 13316
f 13441 13294 13318
f 13444 13412 13316
f 13441 13318 13386
f 13303 13386 13419
f 13313 13444 13316
f 13362 13313 13316
f 13303 13419 13406
f 13303 13406 13404
f 13262 13362 13316
f 13453 13262 13316
f 13303 13404 13402
f 13303 13402 13342
f 13447 13453 13316
f 13308 13447 13417
f 13303 13342 13268
f 13303 13268 13454
f 13447 13316 13303
f 13456 13308 13457
f 13303 13454 13376
f 13303 13376 13417
f 13335 13456 13388
f 13380 13335 13266
f 13308 13417 13457
f 13381 13380 13392
f 13456 13457 13388
f 13332 13381 13409
f 13335 13388 13266
f 13334 13332 13327
f 13380 13266 13392
f 13445 13334 13325
f 13381 13392 13409
f 13260 13445 13422
f 13332 13409 13327
f 13285 13260 13280
f 13334 13327 13325
f 13293 13375 13311
f 13374 13285 13281
f 13445 13325 13422
f 13311 13375 13374
f 13281 13311 13374
f 13260 13422 13280
f 13286 13320 13287
f 13289 13407 13290
f 13292 13458 13293
f 13295 13400 13296
f 13298 13459 13299
f 13277 13278 13301
f 13305 13460 13303
f 13370 13441 13303
f 13303 13378 13304
f 13304 13451 13305
f 13460 13370 13303
f 13306 13355 13307
f 13308 13447 13309
f 13279 13399 13311
f 13312 13444 13313
f 13315 13319 13316
f 13371 13369 13316
f 13316 13372 13317
f 13317 13328 13315
f 13319 13371 13316
f 13292 13450 13318
f 13319 13460 13305
f 13320 13298 13300
f 13321 13261 13260
f 13322 13351 13323
f 13325 13442 13326
f 13328 13451 13304
f 13329 13461 13330
f 13332 13446 13333
f 13335 13456 13336
f 13338 13414 13339
f 13268 13270 13341
f 13343 13430 13344
f 13346 13343 13345
f 13348 13368 13349
f 13351 13461 13329
f 13352 13360 13353
f 13354 13283 13306
f 13356 13462 13357
f 13359 13434 13352
f 13295 13426 13361
f 13362 13262 13264
f 13364 13433 13365
f 13367 13443 13368
f 13369 13441 13370
f 13304 13378 13372
f 13373 13448 13374
f 13376 13454 13269
f 13378 13372 13316
f 13335 13337 13379
f 13356 13289 13291
f 13379 13380 13381
f 13272 13271 13383
f 13385 13419 13386
f 13388 13457 13389
f 13391 13409 13392
f 13393 13438 13394
f 13396 13430 13344
f 13452 13414 13339
f 13339 13276 13398
f 13278 13301 13276
f 13398 13296 13297
f 13297 13361 13398
f 13427 13401 13361
f 13284 13283 13401
f 13306 13273 13275
f 13275 13438 13394
f 13394 13420 13275
f 13407 13289 13356
f 13356 13462 13452
f 13452 13339 13398
f 13301 13398 13276
f 13361 13401 13275
f 13283 13306 13401
f 13275 13420 13407
f 13407 13356 13275
f 13452 13398 13275
f 13401 13306 13275
f 13275 13356 13452
f 13399 13458 13293
f 13398 13410 13400
f 13282 13429 13401
f 13402 13425 13403
f 13404 13403 13405
f 13407 13420 13408
f 13326 13327 13409
f 13301 13302 13410
f 13411 13437 13412
f 13267 13390 13389
f 13389 13416 13377
f 13377 13269 13270
f 13270 13341 13425
f 13425 13403 13270
f 13405 13385 13387
f 13387 13450 13292
f 13292 13458 13399
f 13399 13279 13455
f 13455 13421 13399
f 13442 13326 13391
f 13391 13265 13267
f 13267 13389 13377
f 13377 13270 13267
f 13403 13405 13387
f 13387 13292 13399
f 13399 13421 13442
f 13442 13391 13399
f 13267 13270 13403
f 13403 13387 13399
f 13399 13391 13267
f 13414 13452 13415
f 13376 13417 13416
f 13388 13266 13267
f 13417 13457 13389
f 13396 13463 13418
f 13406 13405 13385
f 13394 13395 13408
f 13280 13455 13421
f 13383 13384 13423
f 13341 13342 13402
f 13426 13428 13427
f 13422 13325 13334
f 13422 13334 13445
f 13280 13422 13445
f 13280 13445 13260
f 13281 13280 13400
f 13311 13281 13295
f 13374 13375 13459
f 13260 13285 13433
f 13293 13311 13426
f 13369 13344 13345
f 13369 13345 13347
f 13285 13374 13364
f 13294 13293 13428
f 13369 13347 13436
f 13369 13436 13439
f 13318 13294 13429
f 13386 13318 13282
f 13369 13439 13443
f 13369 13443 13368
f 13368 13349 13375
f 13375 13349 13286
f 13375 13286 13320
f 13375 13320 13298
f 13375 13298 13459
f 13374 13459 13364
f 13285 13364 13433
f 13260 13433 13359
f 13359 13360 13410
f 13360 13353 13410
f 13353 13257 13302
f 13384 13423 13338
f 13257 13277 13302
f 13384 13338 13340
f 13384 13340 13449
f 13384 13449 13272
f 13449 13277 13272
f 13272 13277 13257
f 13353 13302 13410
f 13419 13386 13354
f 13359 13410 13400
f 13406 13419 13354
f 13281 13400 13295
f 13441 13402 13404
f 13404 13406 13441
f 13311 13295 13426
f 13282 13354 13386
f 13293 13426 13428
f 13429 13282 13318
f 13288 13287 13300
f 13300 13299 13366
f 13366 13365 13434
f 13434 13352 13366
f 13256 13258 13352
f 13271 13383 13424
f 13424 13431 13463
f 13463 13396 13424
f 13430 13343 13440
f 13346 13435 13440
f 13440 13367 13430
f 13348 13350 13367
f 13288 13300 13350
f 13366 13352 13258
f 13258 13271 13424
f 13424 13396 13366
f 13343 13346 13440
f 13367 13350 13300
f 13300 13366 13430
f 13258 13424 13366
f 13430 13367 13300
f 13431 13463 13418
f 13431 13424 13423
f 13433 13359 13434
f 13364 13459 13299
f 13347 13346 13435
f 13308 13456 13336
f 13429 13428 13427
f 13381 13332 13327
f 13381 13327 13409
f 13335 13380 13392
f 13335 13392 13266
f 13456 13335 13266
f 13456 13266 13388
f 13369 13375 13324
f 13369 13324 13323
f 13402 13441 13303
f 13316 13369 13329
f 13369 13323 13329
f 13316 13329 13331
f 13316 13331 13437
f 13447 13417 13316
f 13417 13303 13316
f 13375 13293 13359
f 13293 13429 13428
f 13324 13375 13459
f 13426 13295 13293
f 13323 13324 13298
f 13295 13359 13293
f 13359 13433 13375
f 13329 13323 13320
f 13369 13437 13368
f 13375 13433 13364
f 13437 13331 13368
f 13349 13368 13331
f 13286 13349 13329
f 13375 13364 13459
f 13324 13459 13298
f 13349 13331 13329
f 13323 13298 13320
f 13330 13331 13437
f 13274 13275 13438
f 13435 13436 13439
f 13415 13338 13432
f 13338 13423 13432
f 13357 13415 13432
f 13357 13432 13418
f 13358 13357 13441
f 13397 13344 13369
f 13418 13397 13369
f 13441 13354 13355
f 13441 13355 13307
f 13357 13369 13441
f 13291 13358 13441
f 13441 13307 13274
f 13441 13274 13393
f 13290 13291 13441
f 13408 13290 13441
f 13441 13393 13395
f 13421 13422 13325
f 13439 13440 13367
f 13413 13412 13444
f 13360 13359 13400
f 13359 13295 13400
f 13360 13400 13410
f 13423 13384 13340
f 13423 13340 13338
f 13418 13432 13415
f 13418 13415 13357
f 13418 13441 13369
f 13293 13294 13429
f 13282 13429 13294
f 13354 13282 13294
f 13354 13294 13355
f 13355 13294 13307
f 13307 13294 13441
f 13441 13418 13357
f 13333 13334 13445
f 13413 13312 13314
f 13314 13363 13264
f 13264 13263 13309
f 13309 13310 13264
f 13336 13337 13446
f 13379 13382 13446
f 13446 13333 13259
f 13259 13261 13446
f 13321 13448 13351
f 13373 13322 13351
f 13351 13461 13330
f 13330 13411 13413
f 13413 13314 13264
f 13264 13310 13336
f 13337 13379 13446
f 13446 13261 13321
f 13448 13373 13351
f 13351 13330 13413
f 13413 13264 13446
f 13336 13446 13264
f 13321 13351 13446
f 13447 13453 13263
f 13448 13321 13285
f 13314 13313 13362
f 13373 13322 13324
f 13339 13340 13449
f 13381 13382 13446
f 13450 13387 13386
f 13451 13328 13315
f 13452 13462 13357
f 13350 13349 13286
f 13464 13465 13466
f 13467 13468 13469
f 13470 13471 13472
f 13473 13474 13475
f 13476 13477 13478
f 13479 13480 13481
f 13482 13483 13484
f 13485 13486 13474
f 13487 13488 13489
f 13490 13491 13492
f 13493 13488 13486
f 13494 13495 13496
f 13472 13497 13498
f 13499 13500 13501
f 13502 13503 13504
f 13505 13506 13507
f 13508 13509 13510
f 13511 13512 13513
f 13514 13515 13516
f 13517 13518 13519
f 13520 13521 13522
f 13519 13523 13524
f 13517 13505 13525
f 13479 13526 13527
f 13528 13529 13530
f 13531 13532 13533
f 13505 13523 13476
f 13534 13503 13535
f 13536 13537 13538
f 13524 13539 13540
f 13473 13541 13477
f 13249 13237 13236
f 13542 13505 13543
f 13544 13464 13466
f 13545 13502 13546
f 13547 13548 13549
f 13550 13551 13552
f 13553 13554 13555
f 13556 13557 13558
f 13519 13539 13517
f 13485 13524 13487
f 13559 13560 13561
f 13562 13563 13564
f 13565 13566 13567
f 13220 13240 13251
f 13222 13568 13249
f 13491 13569 13570
f 13571 13572 13573
f 13574 13531 13573
f 13575 13576 13577
f 13503 13578 13535
f 13579 13580 13581
f 13582 13583 13584
f 13585 13586 13587
f 13588 13589 13590
f 13591 13592 13593
f 13594 13595 13596
f 13533 13597 13598
f 13599 13600 13601
f 13234 13244 13254
f 13602 13603 13604
f 13605 13606 13607
f 13608 13609 13610
f 13611 13612 13613
f 13614 13555 13484
f 13615 13616 13617
f 13539 13618 13619
f 13620 13621 13622
f 13586 13623 13585
f 13624 13625 13626
f 13534 13578 13627
f 13241 13242 13628
f 13629 13630 13631
f 13248 13217 13218
f 13632 13633 13634
f 13635 13497 13550
f 13636 13637 13548
f 13492 13638 13490
f 13639 13476 13640
f 13229 13235 13239
f 13608 13630 13641
f 13642 13636 13562
f 13643 13644 13645
f 13646 13647 13648
f 13526 13480 13527
f 13224 13231 13203
f 13204 13225 13226
f 13536 13649 13650
f 13651 13485 13487
f 13479 13652 13653
f 13518 13486 13525
f 13654 13655 13656
f 13657 13658 13659
f 13522 13490 13520
f 13660 13661 13662
f 13663 13664 13665
f 13666 13556 13558
f 13667 13668 13669
f 13519 13493 13489
f 13563 13670 13564
f 13671 13672 13673
f 13674 13675 13676
f 13677 13584 13678
f 13624 13679 13680
f 13681 13533 13682
f 13482 13603 13683
f 13684 13685 13686
f 13687 13612 13688
f 13674 13689 13690
f 13600 13691 13692
f 13210 13255 13241
f 13693 13694 13695
f 13696 13697 13601
f 13541 13698 13699
f 13700 13701 13702
f 13703 13704 13705
f 13706 13685 13684
f 13609 13629 13610
f 13643 13615 13617
f 13707 13708 13528
f 13709 13710 13711
f 13614 13712 13713
f 13714 13501 13500
f 13715 13684 13716
f 13717 13718 13719
f 13495 13720 13496
f 13721 13722 13723
f 13549 13724 13725
f 13726 13559 13561
f 13727 13601 13728
f 13729 13730 13731
f 13732 13733 13734
f 13610 13629 13735
f 13736 13737 13661
f 13738 13739 13740
f 13596 13741 13742
f 13520 13492 13743
f 13735 13638 13522
f 13498 13470 13472
f 13744 13736 13745
f 13563 13548 13637
f 13746 13666 13558
f 13569 13731 13602
f 13649 13537 13650
f 13521 13570 13569
f 13747 13491 13748
f 13491 13749 13748
f 13749 13747 13748
f 13720 13750 13751
f 13752 13753 13754
f 13623 13597 13755
f 13608 13756 13757
f 13529 13716 13530
f 13758 13663 13759
f 13760 13747 13761
f 13610 13512 13760
f 13762 13569 13735
f 13763 13764 13765
f 13766 13767 13768
f 13544 13769 13739
f 13465 13770 13758
f 13771 13639 13640
f 13744 13772 13773
f 13557 13774 13775
f 13670 13642 13564
f 13776 13750 13621
f 13733 13737 13772
f 13777 13698 13651
f 13578 13502 13627
f 13737 13739 13736
f 13745 13732 13744
f 13484 13778 13712
f 13779 13780 13781
f 13570 13492 13491
f 13489 13518 13519
f 13661 13736 13738
f 13782 13711 13783
f 13784 13770 13758
f 13732 13785 13786
f 13658 13787 13659
f 13494 13788 13789
f 13790 13791 13751
f 13585 13576 13792
f 13793 13477 13794
f 13785 13573 13795
f 13796 13797 13758
f 13798 13799 13732
f 13657 13787 13800
f 13505 13475 13523
f 13766 13801 13802
f 13517 13486 13493
f 13586 13628 13803
f 13536 13804 13805
f 13554 13806 13555
f 13807 13808 13809
f 13503 13545 13810
f 13811 13812 13813
f 13576 13579 13581
f 13814 13502 13504
f 13661 13665 13815
f 13598 13681 13682
f 13816 13658 13817
f 13655 13703 13656
f 13575 13818 13586
f 13787 13816 13800
f 13819 13753 13820
f 13644 13615 13645
f 13821 13822 13823
f 13665 13737 13815
f 13824 13825 13826
f 13581 13531 13532
f 13827 13646 13648
f 13510 13809 13828
f 13810 13504 13503
f 13829 13830 13808
f 13622 13790 13620
f 13831 13832 13833
f 13738 13660 13662
f 13604 13484 13602
f 13834 13835 13685
f 13630 13609 13641
f 13767 13836 13837
f 13838 13689 13839
f 13840 13590 13841
f 13842 13216 13246
f 13618 13843 13619
f 13823 13844 13565
f 13845 13846 13697
f 13673 13515 13847
f 13848 13599 13694
f 13698 13473 13651
f 13722 13499 13723
f 13525 13523 13518
f 13849 13507 13506
f 13610 13761 13608
f 13814 13545 13546
f 13713 13553 13614
f 13571 13796 13850
f 13695 13826 13835
f 13851 13852 13509
f 13534 13502 13504
f 13853 13775 13854
f 13480 13652 13481
f 13551 13855 13552
f 13612 13856 13688
f 13747 13857 13858
f 13580 13818 13577
f 13654 13703 13705
f 13654 13704 13859
f 13860 13763 13765
f 13861 13582 13677
f 13571 13862 13797
f 13819 13863 13864
f 13777 13541 13699
f 13651 13865 13777
f 13664 13464 13739
f 13806 13778 13602
f 13866 13617 13616
f 13483 13729 13731
f 13589 13532 13574
f 13497 13867 13550
f 13524 13868 13487
f 13638 13570 13749
f 13669 13869 13870
f 13868 13871 13872
f 13538 13873 13804
f 13636 13547 13562
f 13533 13581 13532
f 13748 13638 13749
f 13487 13493 13485
f 13842 13586 13803
f 13769 13663 13665
f 13623 13632 13874
f 13603 13483 13683
f 13746 13509 13508
f 13585 13633 13875
f 13467 13591 13593
f 13819 13752 13754
f 13590 13634 13841
f 13796 13572 13850
f 13678 13861 13677
f 13657 13816 13817
f 13724 13507 13876
f 13758 13769 13877
f 13598 13577 13878
f 13879 13691 13848
f 13880 13874 13573
f 13647 13881 13648
f 13882 13788 13750
f 13560 13764 13569
f 13721 13499 13501
f 13521 13511 13522
f 13608 13763 13631
f 13778 13554 13712
f 13567 13883 13884
f 13885 13886 13774
f 13592 13468 13887
f 13687 13856 13888
f 13704 13655 13859
f 13646 13836 13802
f 13860 13631 13889
f 13764 13735 13569
f 13827 13781 13801
f 13890 13605 13825
f 13573 13597 13880
f 13560 13631 13891
f 13856 13611 13888
f 13892 13523 13475
f 13884 13832 13893
f 13700 13894 13895
f 13849 13724 13876
f 13725 13506 13549
f 13896 13875 13579
f 13784 13732 13786
f 13589 13897 13590
f 13590 13623 13755
f 13753 13863 13820
f 13687 13611 13613
f 13742 13898 13707
f 13719 13899 13667
f 13827 13766 13768
f 13864 13900 13752
f 13583 13901 13584
f 13857 13756 13858
f 13785 13784 13786
f 13652 13526 13653
f 13626 13902 13594
f 13790 13788 13791
f 13764 13484 13483
f 13674 13838 13839
f 13675 13838 13676
f 13775 13774 13852
f 13689 13675 13690
f 13743 13903 13735
f 13904 13905 13906
f 13549 13523 13472
f 13828 13851 13746
f 13907 13828 13710
f 13777 13843 13908
f 13909 13854 13910
f 13686 13600 13692
f 13895 13911 13811
f 13879 13833 13846
f 13686 13694 13693
f 13912 13717 13830
f 13906 13782 13783
f 13634 13840 13841
f 13813 13913 13904
f 13474 13488 13475
f 13914 13728 13679
f 13818 13587 13586
f 13651 13871 13540
f 13799 13815 13733
f 13915 13516 13886
f 13714 13916 13722
f 13607 13917 13821
f 13793 13542 13543
f 13583 13483 13731
f 13804 13649 13805
f 13772 13736 13773
f 13918 13910 13701
f 13866 13919 13644
f 13855 13635 13552
f 13467 13592 13887
f 13531 13577 13597
f 13468 13591 13469
f 13870 13920 13671
f 13464 13921 13465
f 13467 13887 13468
f 13470 13867 13471
f 13475 13487 13651
f 13477 13777 13485
f 13477 13485 13474
f 13475 13651 13473
f 13477 13474 13473
f 13476 13473 13477
f 13479 13527 13480
f 13482 13683 13483
f 13485 13493 13486
f 13487 13475 13488
f 13490 13748 13491
f 13493 13489 13488
f 13494 13789 13495
f 13855 13498 13497
f 13472 13471 13497
f 13497 13922 13855
f 13499 13916 13500
f 13502 13923 13503
f 13472 13523 13505
f 13539 13524 13506
f 13507 13472 13505
f 13505 13539 13506
f 13701 13910 13508
f 13509 13516 13515
f 13509 13515 13672
f 13702 13701 13508
f 13894 13702 13508
f 13509 13672 13920
f 13509 13920 13869
f 13911 13894 13508
f 13812 13911 13508
f 13509 13869 13668
f 13509 13668 13899
f 13913 13812 13508
f 13905 13913 13508
f 13509 13899 13718
f 13509 13718 13924
f 13782 13905 13508
f 13709 13782 13508
f 13509 13924 13912
f 13509 13912 13829
f 13907 13709 13508
f 13510 13907 13508
f 13509 13829 13807
f 13807 13510 13509
f 13511 13925 13512
f 13514 13847 13515
f 13517 13525 13518
f 13520 13747 13521
f 13519 13518 13523
f 13517 13539 13505
f 13479 13653 13526
f 13528 13708 13529
f 13588 13755 13533
f 13597 13531 13533
f 13533 13755 13597
f 13523 13771 13640
f 13476 13478 13505
f 13793 13543 13505
f 13523 13640 13476
f 13478 13793 13505
f 13534 13504 13503
f 13536 13650 13537
f 13539 13619 13843
f 13843 13865 13539
f 13540 13871 13524
f 13871 13926 13524
f 13539 13865 13540
f 13473 13927 13541
f 13249 13568 13237
f 13542 13474 13505
f 13544 13739 13464
f 13545 13923 13502
f 13547 13928 13548
f 13550 13867 13470
f 13470 13551 13550
f 13552 13635 13550
f 13553 13929 13554
f 13556 13851 13671
f 13556 13671 13673
f 13700 13746 13558
f 13918 13700 13558
f 13556 13673 13847
f 13556 13847 13514
f 13909 13918 13558
f 13853 13909 13558
f 13556 13514 13915
f 13556 13915 13885
f 13853 13558 13557
f 13556 13885 13557
f 13519 13524 13539
f 13485 13539 13524
f 13559 13629 13560
f 13562 13547 13549
f 13549 13563 13562
f 13564 13642 13562
f 13565 13844 13566
f 13220 13242 13240
f 13222 13252 13568
f 13491 13764 13569
f 13571 13850 13572
f 13573 13874 13574
f 13574 13532 13531
f 13874 13897 13574
f 13580 13577 13576
f 13575 13792 13576
f 13576 13581 13580
f 13503 13923 13578
f 13579 13875 13587
f 13572 13580 13579
f 13579 13587 13572
f 13582 13930 13583
f 13587 13875 13585
f 13585 13792 13575
f 13575 13586 13585
f 13588 13533 13589
f 13591 13931 13592
f 13594 13902 13595
f 13598 13682 13533
f 13846 13833 13599
f 13600 13693 13679
f 13600 13679 13728
f 13833 13694 13599
f 13697 13846 13599
f 13600 13728 13601
f 13601 13697 13599
f 13681 13878 13576
f 13576 13878 13577
f 13234 13245 13244
f 13602 13731 13603
f 13605 13932 13606
f 13608 13641 13609
f 13611 13933 13612
f 13602 13484 13555
f 13614 13553 13555
f 13555 13806 13602
f 13615 13919 13616
f 13539 13485 13618
f 13620 13776 13621
f 13623 13874 13590
f 13874 13897 13590
f 13623 13590 13585
f 13624 13680 13625
f 13534 13535 13578
f 13632 13204 13226
f 13632 13226 13224
f 13215 13803 13214
f 13214 13803 13234
f 13632 13224 13203
f 13632 13203 13202
f 13234 13803 13245
f 13245 13803 13628
f 13628 13632 13243
f 13632 13202 13243
f 13221 13245 13628
f 13220 13221 13628
f 13628 13243 13212
f 13628 13212 13210
f 13242 13220 13628
f 13628 13210 13241
f 13629 13934 13630
f 13248 13235 13217
f 13628 13587 13633
f 13587 13875 13633
f 13897 13874 13634
f 13628 13633 13632
f 13634 13874 13632
f 13635 13922 13497
f 13636 13935 13670
f 13670 13637 13636
f 13548 13928 13636
f 13492 13903 13638
f 13639 13473 13476
f 13219 13251 13240
f 13240 13255 13219
f 13250 13211 13238
f 13238 13239 13235
f 13231 13253 13205
f 13225 13206 13253
f 13205 13228 13231
f 13229 13208 13209
f 13209 13223 13235
f 13247 13217 13235
f 13235 13237 13238
f 13568 13252 13213
f 13213 13233 13254
f 13254 13244 13213
f 13219 13255 13238
f 13250 13238 13255
f 13253 13206 13205
f 13228 13239 13231
f 13223 13247 13235
f 13237 13219 13238
f 13213 13244 13237
f 13219 13237 13244
f 13228 13229 13239
f 13209 13235 13229
f 13213 13237 13568
f 13608 13631 13630
f 13642 13935 13636
f 13643 13866 13644
f 13646 13802 13647
f 13526 13936 13480
f 13224 13253 13231
f 13204 13206 13225
f 13536 13805 13649
f 13651 13777 13485
f 13908 13618 13485
f 13487 13868 13872
f 13777 13908 13485
f 13487 13872 13651
f 13479 13481 13652
f 13518 13488 13486
f 13654 13859 13655
f 13657 13817 13658
f 13522 13638 13490
f 13660 13769 13661
f 13663 13770 13465
f 13921 13664 13663
f 13663 13465 13921
f 13666 13852 13556
f 13667 13899 13668
f 13519 13517 13493
f 13563 13637 13670
f 13671 13920 13672
f 13674 13690 13675
f 13729 13678 13584
f 13677 13582 13584
f 13584 13901 13729
f 13624 13914 13679
f 13681 13576 13533
f 13482 13604 13603
f 13831 13879 13848
f 13692 13691 13696
f 13691 13845 13696
f 13893 13831 13848
f 13884 13893 13848
f 13686 13692 13596
f 13692 13696 13727
f 13567 13884 13848
f 13565 13567 13848
f 13692 13727 13914
f 13692 13914 13624
f 13823 13565 13848
f 13821 13823 13848
f 13692 13624 13626
f 13692 13626 13594
f 13607 13821 13848
f 13605 13607 13848
f 13692 13594 13596
f 13686 13596 13742
f 13825 13605 13848
f 13826 13825 13848
f 13686 13742 13707
f 13686 13707 13528
f 13835 13826 13848
f 13685 13835 13848
f 13686 13528 13530
f 13686 13530 13716
f 13685 13848 13686
f 13686 13716 13684
f 13687 13613 13612
f 13674 13839 13689
f 13600 13599 13691
f 13210 13250 13255
f 13680 13679 13693
f 13694 13833 13832
f 13694 13832 13883
f 13625 13680 13693
f 13902 13625 13693
f 13694 13883 13566
f 13694 13566 13844
f 13595 13902 13693
f 13741 13595 13693
f 13694 13844 13822
f 13694 13822 13917
f 13898 13741 13693
f 13708 13898 13693
f 13694 13917 13606
f 13694 13606 13932
f 13529 13708 13693
f 13715 13529 13693
f 13694 13932 13890
f 13694 13890 13824
f 13706 13715 13693
f 13834 13706 13693
f 13694 13824 13695
f 13695 13834 13693
f 13696 13845 13697
f 13541 13927 13698
f 13700 13918 13701
f 13703 13937 13704
f 13706 13834 13685
f 13609 13934 13629
f 13643 13645 13615
f 13707 13898 13708
f 13709 13907 13710
f 13614 13484 13712
f 13714 13721 13501
f 13715 13706 13684
f 13717 13924 13718
f 13495 13882 13720
f 13721 13714 13722
f 13549 13472 13724
f 13726 13762 13559
f 13727 13696 13601
f 13729 13901 13730
f 13732 13799 13733
f 13631 13763 13743
f 13631 13743 13629
f 13520 13608 13610
f 13522 13520 13610
f 13629 13743 13735
f 13735 13522 13610
f 13661 13798 13745
f 13745 13736 13661
f 13737 13815 13661
f 13738 13736 13739
f 13596 13595 13741
f 13520 13490 13492
f 13735 13903 13638
f 13498 13551 13470
f 13744 13773 13736
f 13563 13549 13548
f 13746 13508 13666
f 13602 13484 13747
f 13602 13747 13521
f 13764 13483 13731
f 13602 13521 13569
f 13569 13764 13731
f 13649 13873 13537
f 13521 13749 13570
f 13747 13764 13491
f 13491 13570 13749
f 13749 13521 13747
f 13720 13882 13750
f 13752 13900 13753
f 13623 13880 13597
f 13608 13761 13756
f 13757 13857 13520
f 13522 13511 13513
f 13608 13757 13520
f 13522 13513 13610
f 13529 13715 13716
f 13758 13770 13663
f 13760 13512 13521
f 13512 13925 13521
f 13756 13761 13747
f 13747 13858 13756
f 13760 13521 13747
f 13610 13513 13512
f 13762 13726 13569
f 13763 13743 13764
f 13766 13938 13767
f 13664 13739 13769
f 13544 13877 13769
f 13769 13665 13664
f 13877 13544 13758
f 13466 13465 13758
f 13758 13544 13466
f 13771 13892 13639
f 13744 13862 13772
f 13557 13885 13774
f 13670 13935 13642
f 13776 13751 13750
f 13772 13862 13733
f 13733 13815 13737
f 13862 13734 13733
f 13777 13699 13698
f 13578 13923 13502
f 13737 13664 13739
f 13862 13744 13732
f 13745 13798 13732
f 13732 13734 13862
f 13484 13602 13778
f 13779 13881 13780
f 13570 13903 13492
f 13489 13488 13518
f 13738 13662 13661
f 13782 13709 13711
f 13784 13795 13770
f 13732 13734 13785
f 13658 13939 13787
f 13494 13791 13788
f 13791 13494 13720
f 13494 13496 13720
f 13776 13620 13751
f 13791 13720 13751
f 13751 13620 13790
f 13585 13896 13576
f 13793 13478 13477
f 13785 13734 13862
f 13572 13465 13795
f 13465 13770 13795
f 13785 13862 13573
f 13572 13795 13573
f 13797 13862 13732
f 13797 13732 13758
f 13758 13465 13796
f 13798 13661 13799
f 13657 13659 13787
f 13505 13474 13475
f 13801 13781 13647
f 13781 13780 13647
f 13836 13938 13802
f 13801 13647 13802
f 13802 13938 13766
f 13517 13525 13486
f 13586 13587 13628
f 13740 13739 13769
f 13769 13660 13740
f 13536 13538 13804
f 13554 13940 13806
f 13807 13829 13808
f 13503 13923 13545
f 13811 13911 13812
f 13576 13896 13579
f 13814 13546 13502
f 13661 13769 13665
f 13598 13878 13681
f 13816 13939 13658
f 13655 13937 13703
f 13575 13577 13818
f 13787 13939 13816
f 13819 13754 13753
f 13644 13919 13615
f 13821 13917 13822
f 13665 13664 13737
f 13824 13890 13825
f 13581 13580 13531
f 13881 13779 13648
f 13768 13767 13646
f 13767 13837 13646
f 13648 13779 13827
f 13768 13646 13827
f 13510 13807 13809
f 13810 13814 13504
f 13829 13912 13830
f 13622 13941 13790
f 13831 13893 13832
f 13738 13740 13660
f 13604 13482 13484
f 13834 13695 13835
f 13630 13934 13609
f 13767 13938 13836
f 13838 13942 13689
f 13840 13585 13590
f 13204 13632 13201
f 13803 13215 13222
f 13803 13222 13249
f 13201 13632 13232
f 13232 13632 13842
f 13803 13249 13236
f 13803 13236 13842
f 13227 13232 13842
f 13230 13227 13842
f 13842 13236 13248
f 13842 13248 13218
f 13207 13230 13842
f 13246 13207 13842
f 13842 13218 13216
f 13618 13908 13843
f 13823 13822 13844
f 13845 13879 13846
f 13673 13672 13515
f 13848 13691 13599
f 13698 13927 13473
f 13722 13916 13499
f 13525 13505 13523
f 13849 13876 13507
f 13610 13760 13761
f 13814 13810 13545
f 13713 13929 13553
f 13571 13797 13796
f 13695 13824 13826
f 13851 13556 13852
f 13534 13627 13502
f 13853 13557 13775
f 13480 13936 13652
f 13551 13498 13855
f 13612 13933 13856
f 13747 13520 13857
f 13580 13572 13818
f 13654 13656 13703
f 13654 13705 13704
f 13860 13889 13763
f 13861 13930 13582
f 13571 13573 13862
f 13819 13820 13863
f 13777 13477 13541
f 13651 13540 13865
f 13664 13921 13464
f 13806 13940 13778
f 13866 13643 13617
f 13483 13678 13729
f 13589 13533 13532
f 13497 13471 13867
f 13524 13926 13868
f 13638 13903 13570
f 13669 13668 13869
f 13743 13763 13889
f 13889 13631 13743
f 13629 13559 13735
f 13559 13762 13735
f 13868 13926 13871
f 13538 13537 13873
f 13636 13928 13547
f 13533 13576 13581
f 13748 13490 13638
f 13487 13489 13493
f 13842 13623 13586
f 13769 13759 13663
f 13623 13842 13632
f 13603 13731 13483
f 13746 13851 13509
f 13585 13840 13633
f 13467 13469 13591
f 13819 13864 13752
f 13590 13897 13634
f 13796 13465 13572
f 13678 13483 13861
f 13657 13800 13816
f 13724 13472 13507
f 13758 13759 13769
f 13598 13597 13577
f 13879 13845 13691
f 13880 13623 13874
f 13647 13780 13881
f 13622 13621 13750
f 13882 13495 13789
f 13941 13622 13750
f 13882 13789 13788
f 13941 13750 13788
f 13560 13891 13764
f 13860 13765 13764
f 13569 13726 13561
f 13891 13860 13764
f 13569 13561 13560
f 13721 13723 13499
f 13521 13925 13511
f 13608 13520 13763
f 13713 13712 13554
f 13778 13940 13554
f 13554 13929 13713
f 13567 13566 13883
f 13885 13915 13886
f 13592 13931 13468
f 13687 13688 13856
f 13704 13937 13655
f 13646 13837 13836
f 13860 13891 13631
f 13764 13743 13735
f 13827 13779 13781
f 13890 13932 13605
f 13573 13531 13597
f 13560 13629 13631
f 13856 13933 13611
f 13892 13771 13523
f 13884 13883 13832
f 13700 13702 13894
f 13849 13725 13724
f 13725 13849 13506
f 13896 13585 13875
f 13784 13758 13732
f 13589 13574 13897
f 13755 13588 13590
f 13753 13900 13863
f 13687 13888 13611
f 13742 13741 13898
f 13719 13718 13899
f 13827 13801 13766
f 13864 13863 13900
f 13583 13730 13901
f 13857 13757 13756
f 13785 13795 13784
f 13652 13936 13526
f 13626 13625 13902
f 13790 13941 13788
f 13764 13747 13484
f 13794 13477 13474
f 13473 13639 13475
f 13639 13892 13475
f 13474 13542 13794
f 13674 13676 13838
f 13675 13942 13838
f 13666 13508 13910
f 13666 13910 13854
f 13516 13509 13852
f 13886 13516 13852
f 13852 13666 13775
f 13666 13854 13775
f 13774 13886 13852
f 13689 13942 13675
f 13743 13492 13903
f 13904 13913 13905
f 13549 13506 13524
f 13524 13523 13549
f 13870 13671 13851
f 13746 13700 13895
f 13746 13895 13811
f 13669 13870 13851
f 13667 13669 13851
f 13746 13811 13813
f 13746 13813 13904
f 13719 13667 13851
f 13717 13719 13851
f 13746 13904 13906
f 13746 13906 13783
f 13830 13717 13851
f 13808 13830 13851
f 13746 13783 13711
f 13746 13711 13710
f 13809 13808 13851
f 13746 13710 13828
f 13828 13809 13851
f 13907 13510 13828
f 13777 13865 13843
f 13909 13853 13854
f 13686 13693 13600
f 13895 13894 13911
f 13879 13831 13833
f 13686 13848 13694
f 13912 13924 13717
f 13906 13905 13782
f 13634 13633 13840
f 13813 13812 13913
f 13474 13486 13488
f 13914 13727 13728
f 13818 13572 13587
f 13651 13872 13871
f 13799 13661 13815
f 13915 13514 13516
f 13714 13500 13916
f 13607 13606 13917
f 13793 13794 13542
f 13583 13930 13861
f 13861 13483 13583
f 13731 13730 13583
f 13804 13873 13649
f 13772 13737 13736
f 13918 13909 13910
f 13866 13616 13919
f 13855 13922 13635
f 13467 13593 13592
f 13531 13580 13577
f 13468 13931 13591
f 13870 13869 13920
f 13370 13319 13371
f 13370 13460 13319
g Wall_shelf_node0
usemtl itu_wood
v 0.004743 2.028520 5.134150
v 0.004743 2.485720 5.172250
v 0.004743 2.485720 5.134150
v 0.144443 1.495120 4.638850
v 0.284143 1.533220 4.638850
v 0.144443 1.533220 4.638850
v 0.144443 1.533220 5.629450
v 0.284143 1.990420 5.629450
v 0.284143 1.037920 5.629450
v 0.004743 1.037920 4.638710
v 0.284143 1.037920 5.667550
v 0.284143 1.037920 4.638710
v 0.004743 1.990420 5.667550
v 0.004743 1.990420 5.629450
v 0.004743 1.495120 4.638850
v 0.004743 1.037920 4.676950
v 0.004743 1.495120 4.676950
v 0.144443 1.990420 4.638850
v 0.144443 2.028520 4.676950
v 0.144443 2.028520 4.638850
v 0.284143 2.485720 4.638850
v 0.004743 2.485720 4.676950
v 0.284143 2.485720 4.676950
v 0.284143 0.999820 4.638710
v 0.004743 0.999820 5.667550
v 0.004743 0.999820 4.638710
v 0.284143 1.037920 4.638850
v 0.004743 1.533220 4.143550
v 0.144443 1.533220 5.172250
v 0.144443 1.533220 5.134150
v 0.284143 1.990420 4.143550
v 0.284143 1.533220 4.143550
v 0.284143 1.533220 6.162850
v 0.284143 1.495120 5.667550
v 0.284143 1.533220 5.667550
v 0.004743 1.495120 5.667550
v 0.004743 1.037920 5.629450
v 0.004743 1.037920 5.667550
v 0.004743 1.990420 4.143550
v 0.004743 1.533220 4.181650
v 0.004743 1.990420 4.181650
v 0.004743 1.495120 5.134150
v 0.004743 1.037920 5.172250
v 0.004743 1.495120 5.172250
v 0.144443 1.990420 5.134150
v 0.144443 2.028520 5.172250
v 0.144443 2.028520 5.134150
v 0.144443 2.028520 4.675170
v 0.144443 1.990420 4.637070
v 0.144443 2.028520 4.637070
v 0.284143 1.533220 4.181650
v 0.284143 2.028520 4.637070
v 0.004743 1.037920 4.638850
v 0.004743 1.990420 6.162850
v 0.004743 1.533220 6.162850
v 0.004743 1.990420 4.676950
v 0.144443 1.990420 4.676950
v 0.144443 1.495120 4.676950
v 0.144443 1.533220 4.676950
v 0.284143 1.495120 4.676950
v 0.144443 1.495120 5.134150
v 0.284143 1.533220 5.134150
v 0.004743 1.533220 5.134150
v 0.144443 1.533220 5.667550
v 0.144443 1.495120 5.629450
v 0.004743 1.533220 4.638850
v 0.004743 1.990420 4.638850
v 0.004743 1.533220 5.629450
v 0.004743 1.533220 5.667550
v 0.284143 1.533220 5.629450
v 0.284143 1.495120 5.172250
v 0.284143 1.533220 5.172250
v 0.144443 1.495120 5.172250
v 0.004743 1.495120 6.162850
v 0.284143 2.523820 5.172250
v 0.004743 2.523820 5.172250
v 0.004743 2.028520 4.141770
v 0.144443 2.028520 5.132370
v 0.004743 2.485720 4.638850
v 0.004743 1.495120 5.629450
v 0.144443 1.495120 5.667550
v 0.144443 1.990420 5.170470
v 0.284143 1.990420 6.161070
v 0.004743 1.990420 6.161070
v 0.144443 2.028520 5.170470
v 0.284143 1.990420 5.170470
v 0.004743 1.533220 6.124750
v 0.284143 1.990420 6.124750
v 0.284143 1.533220 6.124750
v 0.284143 1.037920 5.134150
v 0.284143 2.485720 5.172250
v 0.284143 1.037920 5.172250
v 0.284143 2.523820 4.638850
v 0.284143 0.999820 5.667550
v 0.284143 1.037920 4.676950
v 0.284143 1.495120 4.143550
v 0.004743 1.990420 5.172250
v 0.004743 1.990420 5.134150
v 0.004743 1.037920 5.134150
v 0.284143 1.990420 6.162850
v 0.144443 1.990420 5.132370
v 0.284143 2.028520 5.132370
v 0.004743 1.990420 6.124750
v 0.284143 2.485720 5.134150
v 0.284143 1.990420 4.141770
v 0.284143 2.028520 4.141770
v 0.284143 1.990420 5.667550
v 0.004743 2.028520 6.161070
v 0.284143 1.990420 4.675170
v 0.284143 2.028520 4.675170
v 0.004743 2.028520 4.638850
v 0.004743 2.028520 4.676950
v 0.004743 1.990420 4.141770
v 0.284143 2.028520 6.161070
v 0.284143 2.028520 5.170470
v 0.144443 1.990420 4.675170
v 0.004743 2.523820 4.638850
v 0.004743 2.028520 5.172250
v 0.284143 1.533220 4.676950
v 0.144443 1.990420 5.172250
v 0.004743 1.495120 4.143550
v 0.284143 1.495120 4.638850
v 0.284143 1.495120 6.162850
v 0.284143 1.990420 4.637070
v 0.284143 1.990420 4.181650
v 0.284143 1.495120 5.134150
v 0.004743 1.533220 5.172250
v 0.004743 1.533220 4.676950
v 0.284143 1.495120 5.629450
v 0.284143 1.990420 5.132370
f 13943 13944 13945
f 13946 13947 13948
f 13949 13950 13951
f 13952 13953 13954
f 13955 13950 13956
f 13957 13958 13959
f 13960 13961 13962
f 13963 13964 13965
f 13966 13967 13968
f 13963 13969 13948
f 13970 13971 13972
f 13970 13973 13974
f 13975 13976 13977
f 13978 13979 13980
f 13981 13982 13983
f 13984 13985 13986
f 13987 13988 13989
f 13990 13991 13992
f 13970 13993 13982
f 13991 13994 13992
f 13969 13958 13995
f 13975 13996 13997
f 13973 13993 13974
f 13960 13998 13999
f 13946 13959 14000
f 14001 14002 14000
f 14003 14004 13972
f 13971 14005 13972
f 14006 14007 13949
f 13971 14003 13972
f 14008 13998 14009
f 13955 14010 14011
f 14012 14013 14014
f 14015 14007 14016
f 13944 14017 14018
f 14019 14020 13990
f 13983 13973 13981
f 13963 13944 14021
f 14016 13975 13997
f 14022 14023 14007
f 13993 13983 13982
f 14024 14025 14026
f 14027 14028 14024
f 14001 13946 13948
f 14029 14030 14031
f 14032 14033 14034
f 14017 13963 14035
f 13954 14036 13966
f 13969 13965 14037
f 14015 13985 14034
f 13947 14038 13974
f 14005 14039 14040
f 14010 14006 14011
f 14032 13985 14041
f 14031 14042 13975
f 13971 14013 14015
f 14003 13986 14015
f 14043 14044 14020
f 13952 13966 13968
f 14029 13996 14045
f 13987 14046 13972
f 13994 14047 14048
f 14023 13953 14049
f 14019 14026 14050
f 14044 14051 14052
f 13979 13953 13980
f 13953 13950 14049
f 14053 13964 14021
f 13962 14054 14053
f 14046 13944 14033
f 14019 14047 14055
f 13970 14016 13997
f 13996 14030 14045
f 13952 13967 13980
f 14056 14028 14057
f 13990 14051 14058
f 14027 14043 14020
f 14026 14056 14050
f 13967 13953 13980
f 14059 14017 14035
f 14000 13958 14037
f 14059 13944 14018
f 13989 14060 13943
f 14004 14002 14061
f 14007 14012 13949
f 13987 14039 14062
f 13970 14038 14063
f 14059 13963 14021
f 14029 13975 13997
f 14006 13976 14023
f 14001 14008 13948
f 13943 14060 13944
f 13946 14064 13947
f 13949 14010 13956
f 13951 13979 14007
f 13979 14022 14007
f 13949 13956 13950
f 13951 14007 13949
f 13952 13980 13953
f 13955 14049 13950
f 13957 13995 13958
f 13960 13999 13961
f 13963 14021 13964
f 13966 14036 13967
f 14008 14009 13960
f 13962 14053 14021
f 13948 14008 13960
f 13962 14021 13963
f 13948 13960 13963
f 13995 13957 13946
f 13960 13962 13963
f 13969 13995 13946
f 13946 13948 13969
f 13997 13975 14006
f 13975 13977 14006
f 13947 13974 13948
f 13948 13974 13970
f 13970 13997 13971
f 13949 14012 14014
f 13997 14006 13949
f 14001 13948 13970
f 14004 14061 14001
f 13972 14004 14001
f 13949 14014 13971
f 13972 14001 13970
f 13997 13949 13971
f 13970 13981 13973
f 13975 14065 13976
f 13978 14022 13979
f 13981 13970 13982
f 13984 14041 13985
f 13987 14062 13988
f 13990 14058 13991
f 13970 13974 13993
f 13991 14066 13994
f 13969 14037 13958
f 13975 14042 13996
f 13973 14067 13993
f 13960 14009 13998
f 13946 13957 13959
f 14001 14061 14002
f 14003 14068 14004
f 13971 14069 14005
f 14006 14023 14007
f 13971 14015 14003
f 14008 14070 13998
f 13955 13956 14010
f 14012 14071 14013
f 14000 14002 14068
f 14000 14068 14003
f 14038 14064 13946
f 14000 14003 14063
f 14063 14038 13946
f 13946 14000 14063
f 14016 14063 14015
f 13976 14065 14023
f 14023 14065 14016
f 14063 14003 14015
f 14015 14013 14071
f 14007 14023 14016
f 14015 14071 14007
f 13944 14033 14017
f 13994 14048 13992
f 14050 14056 14027
f 14056 14057 14027
f 13992 14048 14019
f 14044 14052 13990
f 13990 13992 14019
f 14019 14050 14027
f 14020 14044 13990
f 14019 14027 14020
f 13983 14067 13973
f 13963 14033 13944
f 14016 14065 13975
f 14022 13978 14023
f 13993 14067 13983
f 14058 14051 14072
f 14058 14072 14043
f 14047 14066 13991
f 14058 14043 14055
f 14055 14047 13991
f 13991 14058 14055
f 14026 14055 14024
f 14028 14025 14024
f 14055 14043 14024
f 14027 14057 14028
f 14001 14000 13946
f 14029 14045 14030
f 14032 14046 14033
f 14017 14033 13963
f 13954 13953 14036
f 13969 13963 13965
f 14062 14039 14069
f 14062 14069 13971
f 13944 14060 13988
f 14062 13971 14034
f 14033 13944 13988
f 13988 14062 14033
f 14034 14033 14062
f 13986 13985 14015
f 14034 13971 14015
f 13947 14064 14038
f 14005 14069 14039
f 14010 13949 14006
f 14032 14034 13985
f 14031 14030 14042
f 13971 14014 14013
f 14003 13984 13986
f 14043 14072 14044
f 13952 13954 13966
f 14029 13997 13996
f 13989 13943 13945
f 14032 14041 14003
f 14041 13984 14003
f 13989 13945 14046
f 14005 14040 13987
f 13987 13989 14046
f 14046 14032 13972
f 13972 14005 13987
f 14032 14003 13972
f 13994 14066 14047
f 14023 13978 13980
f 14049 13955 14006
f 13955 14011 14006
f 14023 13980 13953
f 14049 14006 14023
f 14019 14055 14026
f 14044 14072 14051
f 13979 13951 13953
f 13953 13951 13950
f 14053 14054 13964
f 13962 13961 14054
f 14046 13945 13944
f 14019 14048 14047
f 13970 14063 14016
f 13996 14042 14030
f 13952 13968 13967
f 14056 14025 14028
f 13990 14052 14051
f 14027 14024 14043
f 14026 14025 14056
f 13967 14036 13953
f 14059 14018 14017
f 13999 13998 14070
f 13999 14070 14001
f 13964 14054 13961
f 13999 14001 14037
f 13965 13964 13961
f 13961 13999 13965
f 14037 13965 13999
f 13959 13958 14000
f 14037 14001 14000
f 14059 14021 13944
f 13989 13988 14060
f 14004 14068 14002
f 14007 14071 14012
f 13987 14040 14039
f 13970 13974 14038
f 14059 14035 13963
f 14029 14031 13975
f 14006 13977 13976
f 14001 14070 14008
g XBox_One_node0
usemtl itu_marble
v 3.327640 1.106600 7.008190
v 3.327640 0.830000 7.183390
v 3.327640 0.830000 7.008190
v 3.327640 1.106600 7.183390
v 3.299950 0.830000 7.027360
v 3.304150 0.830000 7.027360
v 3.276040 0.830000 7.183390
v 3.276040 0.830000 7.008190
v 3.299950 0.830000 7.008190
v 3.304150 0.830000 7.008190
v 3.264640 1.095690 7.019100
v 3.276040 1.095690 7.172480
v 3.276040 1.095690 7.019100
v 3.269600 0.858215 7.028100
v 3.269600 0.859000 7.019100
v 3.269600 0.858215 7.019100
v 3.269600 0.864493 7.028100
v 3.269600 0.865415 7.019100
v 3.269600 0.864493 7.019100
v 3.268140 0.857360 7.019100
v 3.272340 0.857360 7.028100
v 3.272340 0.857360 7.019100
v 3.268140 0.866360 7.028100
v 3.268140 0.857360 7.028100
v 3.272340 0.866360 7.019100
v 3.268140 0.866360 7.019100
v 3.266810 1.066300 7.019100
v 3.264640 0.840908 7.019100
v 3.271400 0.865415 7.028100
v 3.271400 0.865415 7.019100
v 3.272340 0.866360 7.028100
v 3.269600 0.865415 7.028100
v 3.271400 0.858215 7.019100
v 3.264640 1.095690 7.172480
v 3.270050 0.859000 7.028100
v 3.269600 0.860408 7.028100
v 3.270050 0.860408 7.028100
v 3.269600 0.861815 7.028100
v 3.269600 0.860408 7.019100
v 3.268090 1.053770 7.019100
v 3.267290 1.064500 7.019100
v 3.270050 0.864493 7.019100
v 3.270050 0.863154 7.028100
v 3.270050 0.864493 7.028100
v 3.272190 1.052080 7.019100
v 3.272570 1.052570 7.019100
v 3.271400 0.858215 7.028100
v 3.264640 0.840908 7.172480
v 3.276040 0.840908 7.172480
v 3.276040 0.840908 7.019100
v 3.269600 0.859000 7.028100
v 3.267290 1.085500 7.019100
v 3.266810 1.083700 7.019100
v 3.269600 0.863154 7.019100
v 3.269600 0.863154 7.028100
v 3.268790 1.052080 7.019100
v 3.269290 1.051690 7.019100
v 3.268410 1.052570 7.019100
v 3.268610 1.063180 7.019100
v 3.268410 1.054970 7.019100
v 3.268170 1.054390 7.019100
v 3.268170 1.053150 7.019100
v 3.270050 0.860408 7.019100
v 3.270050 0.863154 7.019100
v 3.270050 0.859000 7.019100
v 3.268790 1.055470 7.019100
v 3.269290 1.055850 7.019100
v 3.269870 1.056090 7.019100
v 3.270410 1.062700 7.019100
v 3.270490 1.056170 7.019100
v 3.271110 1.056090 7.019100
v 3.272210 1.063180 7.019100
v 3.271690 1.055850 7.019100
v 3.272190 1.055470 7.019100
v 3.273530 1.064500 7.019100
v 3.272570 1.054970 7.019100
v 3.272810 1.054390 7.019100
v 3.272890 1.053770 7.019100
v 3.274010 1.066300 7.019100
v 3.268610 1.086820 7.019100
v 3.270410 1.087300 7.019100
v 3.272210 1.086820 7.019100
v 3.273530 1.085500 7.019100
v 3.274010 1.083700 7.019100
v 3.269870 1.051460 7.019100
v 3.270490 1.051370 7.019100
v 3.271110 1.051460 7.019100
v 3.272810 1.053150 7.019100
v 3.271690 1.051690 7.019100
v 3.269290 1.051690 7.018720
v 3.268410 1.054970 7.018720
v 3.270490 1.056170 7.018720
v 3.268090 1.053770 7.018720
v 3.268170 1.054390 7.018720
v 3.273530 1.064500 7.018720
v 3.272210 1.063180 7.018720
v 3.269290 1.055850 7.018720
v 3.269870 1.056090 7.018720
v 3.272570 1.052570 7.018720
v 3.268790 1.052080 7.018720
v 3.268410 1.052570 7.018720
v 3.273530 1.085500 7.018720
v 3.271110 1.056090 7.018720
v 3.272810 1.053150 7.018720
v 3.268790 1.055470 7.018720
v 3.274010 1.083700 7.018720
v 3.272890 1.053770 7.018720
v 3.274010 1.066300 7.018720
v 3.266810 1.066300 7.018720
v 3.270410 1.062700 7.018720
v 3.272190 1.052080 7.018720
v 3.267290 1.064500 7.018720
v 3.271110 1.051460 7.018720
v 3.270490 1.051370 7.018720
v 3.272190 1.055470 7.018720
v 3.269870 1.051460 7.018720
v 3.268170 1.053150 7.018720
v 3.266810 1.083700 7.018720
v 3.268610 1.063180 7.018720
v 3.267290 1.085500 7.018720
v 3.268610 1.086820 7.018720
v 3.270410 1.087300 7.018720
v 3.272210 1.086820 7.018720
v 3.271690 1.051690 7.018720
v 3.272810 1.054390 7.018720
v 3.271690 1.055850 7.018720
v 3.272570 1.054970 7.018720
v 3.299950 0.968300 7.008190
v 3.299950 0.968300 7.011190
v 3.299950 0.833000 7.011190
v 3.304250 0.979110 7.006990
v 3.303760 0.979491 7.008190
v 3.304250 0.979110 7.008190
v 3.301360 0.979491 7.006990
v 3.301930 0.979731 7.008190
v 3.301930 0.979731 7.006990
v 3.302560 0.975013 7.006990
v 3.301930 0.975095 7.008190
v 3.301930 0.975095 7.006990
v 3.300240 0.978034 7.008190
v 3.300480 0.978613 7.006990
v 3.300240 0.978034 7.006990
v 3.301360 0.975334 7.008190
v 3.301360 0.975334 7.006990
v 3.302560 0.979813 7.006990
v 3.303180 0.979731 7.008190
v 3.303180 0.979731 7.006990
v 3.304250 0.975716 7.006990
v 3.303760 0.975334 7.008190
v 3.303760 0.975334 7.006990
v 3.304630 0.976213 7.008190
v 3.304250 0.975716 7.008190
v 3.276040 1.106600 7.008190
v 3.300480 0.976213 7.008190
v 3.300240 0.976792 7.006990
v 3.300480 0.976213 7.006990
v 3.276040 1.106600 7.183390
v 3.304150 0.968300 7.008190
v 3.304630 0.978613 7.006990
v 3.304630 0.978613 7.008190
v 3.304960 0.977413 7.006990
v 3.304870 0.978034 7.008190
v 3.304960 0.977413 7.008190
v 3.303760 0.979491 7.006990
v 3.300860 0.975716 7.008190
v 3.300860 0.975716 7.006990
v 3.300240 0.976792 7.008190
v 3.300160 0.977413 7.006990
v 3.304150 0.833000 7.011190
v 3.304630 0.976213 7.006990
v 3.304870 0.976792 7.008190
v 3.302560 0.979813 7.008190
v 3.300160 0.977413 7.008190
v 3.303180 0.975095 7.008190
v 3.302560 0.975013 7.008190
v 3.300480 0.978613 7.008190
v 3.300860 0.979110 7.006990
v 3.304870 0.976792 7.006990
v 3.299950 0.833000 7.027360
v 3.304150 0.833000 7.027360
v 3.303180 0.975095 7.006990
v 3.301360 0.979491 7.008190
v 3.304870 0.978034 7.006990
v 3.276040 0.968300 7.008190
v 3.304150 0.968300 7.011190
v 3.300860 0.979110 7.008190
f 14073 14074 14075
f 14073 14076 14074
f 14077 14078 14074
f 14074 14079 14077
f 14080 14081 14077
f 14078 14082 14075
f 14079 14080 14077
f 14078 14075 14074
f 14083 14084 14085
f 14086 14087 14088
f 14089 14090 14091
f 14092 14093 14094
f 14092 14095 14096
f 14097 14095 14098
f 14093 14097 14094
f 14083 14099 14100
f 14090 14101 14102
f 14095 14103 14104
f 14105 14086 14088
f 14100 14106 14083
f 14107 14108 14109
f 14108 14110 14111
f 14112 14098 14113
f 14114 14090 14102
f 14115 14089 14116
f 14097 14117 14118
f 14105 14101 14119
f 14084 14120 14121
f 14122 14120 14100
f 14119 14093 14086
f 14083 14106 14084
f 14086 14123 14087
f 14089 14104 14090
f 14092 14096 14093
f 14092 14098 14095
f 14097 14103 14095
f 14093 14103 14097
f 14083 14085 14124
f 14125 14099 14083
f 14083 14124 14125
f 14090 14104 14101
f 14086 14093 14096
f 14103 14119 14101
f 14104 14086 14096
f 14103 14101 14104
f 14104 14096 14095
f 14105 14119 14086
f 14100 14120 14106
f 14107 14123 14108
f 14126 14111 14110
f 14110 14127 14126
f 14128 14129 14098
f 14098 14092 14113
f 14129 14097 14098
f 14130 14128 14098
f 14113 14131 14132
f 14113 14132 14133
f 14134 14130 14098
f 14113 14133 14112
f 14112 14134 14098
f 14135 14111 14126
f 14135 14126 14136
f 14088 14087 14137
f 14135 14136 14105
f 14105 14088 14137
f 14137 14135 14105
f 14102 14105 14136
f 14091 14090 14114
f 14102 14136 14114
f 14115 14127 14089
f 14138 14132 14131
f 14138 14131 14139
f 14139 14131 14140
f 14131 14141 14140
f 14140 14141 14142
f 14141 14143 14142
f 14141 14144 14143
f 14143 14144 14145
f 14145 14144 14146
f 14144 14147 14146
f 14146 14147 14148
f 14148 14147 14149
f 14149 14147 14150
f 14150 14147 14151
f 14152 14124 14085
f 14100 14099 14092
f 14099 14113 14092
f 14153 14152 14085
f 14154 14153 14085
f 14122 14100 14094
f 14100 14092 14094
f 14155 14154 14085
f 14156 14155 14085
f 14085 14122 14151
f 14097 14129 14157
f 14122 14094 14097
f 14151 14156 14085
f 14151 14122 14150
f 14097 14157 14158
f 14097 14158 14159
f 14150 14122 14160
f 14160 14122 14097
f 14097 14159 14161
f 14097 14161 14117
f 14118 14160 14097
f 14105 14102 14101
f 14084 14106 14120
f 14122 14121 14120
f 14119 14103 14093
f 14162 14163 14164
f 14165 14133 14166
f 14167 14144 14168
f 14169 14140 14170
f 14171 14160 14118
f 14172 14130 14173
f 14174 14154 14155
f 14164 14143 14175
f 14176 14150 14160
f 14162 14128 14172
f 14177 14139 14169
f 14178 14155 14156
f 14179 14149 14150
f 14180 14168 14181
f 14182 14144 14141
f 14156 14180 14178
f 14183 14118 14117
f 14184 14099 14181
f 14185 14158 14186
f 14187 14145 14146
f 14167 14151 14147
f 14186 14157 14188
f 14189 14112 14165
f 14181 14125 14190
f 14191 14113 14184
f 14192 14152 14193
f 14173 14134 14189
f 14163 14138 14177
f 14182 14131 14191
f 14194 14154 14195
f 14188 14129 14162
f 14166 14132 14163
f 14193 14153 14194
f 14190 14124 14192
f 14183 14161 14196
f 14185 14161 14159
f 14170 14142 14164
f 14197 14148 14149
f 14175 14145 14198
f 14199 14146 14148
f 14164 14175 14198
f 14198 14187 14199
f 14199 14197 14179
f 14179 14176 14199
f 14171 14183 14196
f 14196 14185 14188
f 14186 14188 14185
f 14162 14172 14173
f 14173 14189 14162
f 14165 14166 14163
f 14163 14177 14169
f 14169 14170 14164
f 14164 14198 14199
f 14199 14176 14196
f 14171 14196 14176
f 14188 14162 14196
f 14189 14165 14163
f 14163 14169 14164
f 14164 14199 14196
f 14196 14162 14164
f 14189 14163 14162
f 14165 14112 14133
f 14167 14147 14144
f 14169 14139 14140
f 14171 14176 14160
f 14172 14128 14130
f 14174 14195 14154
f 14164 14142 14143
f 14176 14179 14150
f 14162 14129 14128
f 14177 14138 14139
f 14178 14174 14155
f 14179 14197 14149
f 14192 14193 14174
f 14194 14195 14174
f 14174 14178 14190
f 14180 14167 14168
f 14168 14182 14191
f 14191 14184 14181
f 14181 14190 14178
f 14193 14194 14174
f 14178 14180 14181
f 14168 14191 14181
f 14190 14192 14174
f 14182 14168 14144
f 14156 14151 14180
f 14183 14171 14118
f 14184 14113 14099
f 14185 14159 14158
f 14187 14198 14145
f 14167 14180 14151
f 14186 14158 14157
f 14189 14134 14112
f 14181 14099 14125
f 14191 14131 14113
f 14192 14124 14152
f 14173 14130 14134
f 14163 14132 14138
f 14182 14141 14131
f 14194 14153 14154
f 14188 14157 14129
f 14166 14133 14132
f 14193 14152 14153
f 14190 14125 14124
f 14183 14117 14161
f 14185 14196 14161
f 14170 14140 14142
f 14197 14199 14148
f 14175 14143 14145
f 14199 14187 14146
f 14200 14201 14202
f 14203 14204 14205
f 14206 14207 14208
f 14209 14210 14211
f 14212 14213 14214
f 14211 14215 14216
f 14217 14218 14219
f 14220 14221 14222
f 14220 14223 14224
f 14200 14225 14073
f 14226 14227 14228
f 14073 14229 14076
f 14230 14201 14200
f 14231 14205 14232
f 14233 14234 14235
f 14219 14204 14236
f 14216 14237 14238
f 14239 14240 14227
f 14082 14241 14230
f 14242 14243 14223
f 14208 14244 14217
f 14245 14214 14240
f 14209 14246 14247
f 14237 14228 14238
f 14248 14249 14213
f 14250 14235 14243
f 14078 14251 14252
f 14250 14253 14217
f 14249 14254 14206
f 14222 14246 14253
f 14255 14232 14234
f 14251 14077 14202
f 14081 14200 14202
f 14202 14077 14081
f 14203 14236 14204
f 14206 14254 14207
f 14209 14247 14210
f 14212 14248 14213
f 14211 14210 14215
f 14217 14244 14218
f 14220 14224 14221
f 14220 14242 14223
f 14073 14075 14230
f 14075 14082 14230
f 14256 14225 14200
f 14081 14080 14256
f 14073 14230 14200
f 14200 14081 14256
f 14226 14239 14227
f 14073 14225 14229
f 14230 14257 14201
f 14231 14203 14205
f 14233 14255 14234
f 14219 14218 14204
f 14216 14215 14237
f 14239 14245 14240
f 14082 14078 14241
f 14241 14257 14230
f 14078 14252 14241
f 14242 14250 14243
f 14208 14207 14244
f 14245 14212 14214
f 14209 14253 14246
f 14237 14226 14228
f 14248 14258 14249
f 14250 14233 14235
f 14078 14077 14251
f 14240 14214 14213
f 14213 14249 14206
f 14206 14208 14217
f 14217 14219 14236
f 14236 14203 14231
f 14231 14255 14236
f 14233 14250 14255
f 14242 14220 14250
f 14222 14253 14250
f 14209 14211 14253
f 14216 14238 14228
f 14228 14227 14216
f 14240 14213 14206
f 14206 14217 14240
f 14236 14255 14250
f 14250 14220 14222
f 14253 14211 14216
f 14216 14227 14240
f 14240 14217 14253
f 14236 14250 14217
f 14253 14216 14240
f 14249 14258 14254
f 14222 14221 14246
f 14255 14231 14232
f 14241 14251 14202
f 14201 14241 14202
f 14241 14252 14251
f 14201 14257 14241
f 14079 14121 14080
f 14087 14107 14137
f 14122 14085 14256
f 14114 14089 14091
f 14126 14115 14136
f 14107 14135 14137
f 14115 14114 14136
f 14135 14108 14111
f 14076 14079 14074
f 14122 14084 14085
f 14229 14085 14084
f 14229 14084 14121
f 14122 14256 14080
f 14079 14229 14121
f 14121 14122 14080
f 14087 14123 14107
f 14225 14256 14085
f 14085 14229 14225
f 14114 14116 14089
f 14126 14127 14115
f 14107 14109 14135
f 14115 14116 14114
f 14135 14109 14108
f 14076 14229 14079
f 14122 14121 14084
g Metal_Cabinet
usemtl itu_metal
v 0.900000 0.000000 7.700000
v 0.900000 2.200000 7.700000
v 0.900000 0.000000 7.300000
v 0.900000 2.200000 7.300000
v 2.100000 0.000000 7.700000
v 2.100000 2.200000 7.700000
v 2.100000 0.000000 7.300000
v 2.100000 2.200000 7.300000
f 14260 14262 14259
f 14263 14260 14259
f 14259 14262 14261
f 14261 14263 14259
f 14260 14266 14262
f 14264 14260 14263
f 14264 14266 14260
f 14262 14266 14261
f 14265 14263 14261
f 14261 14266 14265
f 14265 14264 14263
f 14266 14264 14265
