Rx_Number,Path_Power_dBm,Interaction_Description,Total_Interactions_for_Path,RSS_dBm,Interaction_Coordinates
1,0.0000,Tx-Rx,0,-120.0000,"-0.15000 1.10000 4.90000, 9.85000 0.10000 7.85000"
2,0.0000,Tx-Rx,0,-120.0000,"-0.15000 1.10000 4.90000, 9.55000 0.10000 7.85000"
3,0.0000,Tx-Rx,0,-120.0000,"-0.15000 1.10000 4.90000, 9.25000 0.10000 7.85000"
4,0.0000,Tx-Rx,0,-120.0000,"-0.15000 1.10000 4.90000, 8.95000 0.10000 7.85000"
5,0.0000,Tx-Rx,0,-120.0000,"-0.15000 1.10000 4.90000, 8.65000 0.10000 7.85000"
6,0.0000,Tx-Rx,0,-120.0000,"-0.15000 1.10000 4.90000, 8.35000 0.10000 7.85000"
7,0.0000,Tx-Rx,0,-98.5558,"-0.15000 1.10000 4.90000, 8.05000 0.10000 7.85000"
8,0.0000,Tx-Rx,0,-104.5456,"-0.15000 1.10000 4.90000, 7.75000 0.10000 7.85000"
9,0.0000,Tx-Rx,0,-95.1596,"-0.15000 1.10000 4.90000, 7.45000 0.10000 7.85000"
10,0.0000,Tx-Rx,0,-93.3741,"-0.15000 1.10000 4.90000, 7.15000 0.10000 7.85000"
11,0.0000,Tx-Rx,0,-88.4819,"-0.15000 1.10000 4.90000, 6.85000 0.10000 7.85000"
12,0.0000,Tx-Rx,0,-84.1817,"-0.15000 1.10000 4.90000, 6.55000 0.10000 7.85000"
13,0.0000,Tx-Rx,0,-80.8754,"-0.15000 1.10000 4.90000, 6.25000 0.10000 7.85000"
14,0.0000,Tx-Rx,0,-77.0136,"-0.15000 1.10000 4.90000, 5.95000 0.10000 7.85000"
15,0.0000,Tx-Rx,0,-75.5533,"-0.15000 1.10000 4.90000, 5.65000 0.10000 7.85000"
16,0.0000,Tx-Rx,0,-75.5495,"-0.15000 1.10000 4.90000, 5.35000 0.10000 7.85000"
17,0.0000,Tx-Rx,0,-75.2063,"-0.15000 1.10000 4.90000, 5.05000 0.10000 7.85000"
18,0.0000,Tx-Rx,0,-74.3476,"-0.15000 1.10000 4.90000, 4.75000 0.10000 7.85000"
19,0.0000,Tx-Rx,0,-74.8921,"-0.15000 1.10000 4.90000, 4.45000 0.10000 7.85000"
20,0.0000,Tx-Rx,0,-74.4784,"-0.15000 1.10000 4.90000, 4.15000 0.10000 7.85000"
21,0.0000,Tx-Rx,0,-74.2958,"-0.15000 1.10000 4.90000, 3.85000 0.10000 7.85000"
22,0.0000,Tx-Rx,0,-74.6695,"-0.15000 1.10000 4.90000, 3.55000 0.10000 7.85000"
23,0.0000,Tx-Rx,0,-74.6310,"-0.15000 1.10000 4.90000, 3.25000 0.10000 7.85000"
24,0.0000,Tx-Rx,0,-74.4729,"-0.15000 1.10000 4.90000, 2.95000 0.10000 7.85000"
25,0.0000,Tx-Rx,0,-74.1393,"-0.15000 1.10000 4.90000, 2.65000 0.10000 7.85000"
26,0.0000,Tx-Rx,0,-74.7452,"-0.15000 1.10000 4.90000, 2.35000 0.10000 7.85000"
27,0.0000,Tx-Rx,0,-81.1389,"-0.15000 1.10000 4.90000, 2.05000 0.10000 7.85000"
28,0.0000,Tx-Rx,0,-81.9548,"-0.15000 1.10000 4.90000, 1.75000 0.10000 7.85000"
29,0.0000,Tx-Rx,0,-84.3406,"-0.15000 1.10000 4.90000, 1.45000 0.10000 7.85000"
30,0.0000,Tx-Rx,0,-83.6712,"-0.15000 1.10000 4.90000, 1.15000 0.10000 7.85000"
31,0.0000,Tx-Rx,0,-85.0971,"-0.15000 1.10000 4.90000, 0.85000 0.10000 7.85000"
32,0.0000,Tx-Rx,0,-78.9739,"-0.15000 1.10000 4.90000, 0.55000 0.10000 7.85000"
33,0.0000,Tx-Rx,0,-77.9313,"-0.15000 1.10000 4.90000, 0.25000 0.10000 7.85000"
34,0.0000,Tx-Rx,0,-54.3144,"-0.15000 1.10000 4.90000, -0.05000 0.10000 7.85000"
35,0.0000,Tx-Rx,0,-52.8771,"-0.15000 1.10000 4.90000, -0.35000 0.10000 7.85000"
36,0.0000,Tx-Rx,0,-53.1657,"-0.15000 1.10000 4.90000, -0.65000 0.10000 7.85000"
37,0.0000,Tx-Rx,0,-53.3002,"-0.15000 1.10000 4.90000, -0.95000 0.10000 7.85000"
38,0.0000,Tx-Rx,0,-53.9150,"-0.15000 1.10000 4.90000, -1.25000 0.10000 7.85000"
39,0.0000,Tx-Rx,0,-55.2719,"-0.15000 1.10000 4.90000, -1.55000 0.10000 7.85000"
40,0.0000,Tx-Rx,0,-52.4629,"-0.15000 1.10000 4.90000, -1.85000 0.10000 7.85000"
41,0.0000,Tx-Rx,0,-51.2061,"-0.15000 1.10000 4.90000, -2.15000 0.10000 7.85000"
42,0.0000,Tx-Rx,0,-46.3855,"-0.15000 1.10000 4.90000, -2.45000 0.10000 7.85000"
43,0.0000,Tx-Rx,0,-56.3657,"-0.15000 1.10000 4.90000, -2.75000 0.10000 7.85000"
44,0.0000,Tx-Rx,0,-66.8840,"-0.15000 1.10000 4.90000, -3.05000 0.10000 7.85000"
45,0.0000,Tx-Rx,0,-78.3701,"-0.15000 1.10000 4.90000, -3.35000 0.10000 7.85000"
46,0.0000,Tx-Rx,0,-78.5813,"-0.15000 1.10000 4.90000, -3.65000 0.10000 7.85000"
47,0.0000,Tx-Rx,0,-78.1401,"-0.15000 1.10000 4.90000, -3.95000 0.10000 7.85000"
48,0.0000,Tx-Rx,0,-73.5688,"-0.15000 1.10000 4.90000, -4.25000 0.10000 7.85000"
49,0.0000,Tx-Rx,0,-73.6969,"-0.15000 1.10000 4.90000, -4.55000 0.10000 7.85000"
50,0.0000,Tx-Rx,0,-75.6796,"-0.15000 1.10000 4.90000, -4.85000 0.10000 7.85000"
51,0.0000,Tx-Rx,0,-76.6353,"-0.15000 1.10000 4.90000, -5.15000 0.10000 7.85000"
52,0.0000,Tx-Rx,0,-72.5018,"-0.15000 1.10000 4.90000, -5.45000 0.10000 7.85000"
53,0.0000,Tx-Rx,0,-68.0841,"-0.15000 1.10000 4.90000, -5.75000 0.10000 7.85000"
54,0.0000,Tx-Rx,0,-67.8185,"-0.15000 1.10000 4.90000, -6.05000 0.10000 7.85000"
55,0.0000,Tx-Rx,0,-67.4867,"-0.15000 1.10000 4.90000, -6.35000 0.10000 7.85000"
56,0.0000,Tx-Rx,0,-65.8680,"-0.15000 1.10000 4.90000, -6.65000 0.10000 7.85000"
57,0.0000,Tx-Rx,0,-65.2019,"-0.15000 1.10000 4.90000, -6.95000 0.10000 7.85000"
58,0.0000,Tx-Rx,0,-65.2340,"-0.15000 1.10000 4.90000, -7.25000 0.10000 7.85000"
59,0.0000,Tx-Rx,0,-64.9936,"-0.15000 1.10000 4.90000, -7.55000 0.10000 7.85000"
60,0.0000,Tx-Rx,0,-63.0582,"-0.15000 1.10000 4.90000, -7.85000 0.10000 7.85000"
61,0.0000,Tx-Rx,0,-120.0000,"-0.15000 1.10000 4.90000, 9.85000 0.10000 7.55000"
62,0.0000,Tx-Rx,0,-120.0000,"-0.15000 1.10000 4.90000, 9.55000 0.10000 7.55000"
63,0.0000,Tx-Rx,0,-102.3146,"-0.15000 1.10000 4.90000, 9.25000 0.10000 7.55000"
64,0.0000,Tx-Rx,0,-102.4183,"-0.15000 1.10000 4.90000, 8.95000 0.10000 7.55000"
65,0.0000,Tx-Rx,0,-120.0000,"-0.15000 1.10000 4.90000, 8.65000 0.10000 7.55000"
66,0.0000,Tx-Rx,0,-120.0000,"-0.15000 1.10000 4.90000, 8.35000 0.10000 7.55000"
67,0.0000,Tx-Rx,0,-120.0000,"-0.15000 1.10000 4.90000, 8.05000 0.10000 7.55000"
68,0.0000,Tx-Rx,0,-97.5864,"-0.15000 1.10000 4.90000, 7.75000 0.10000 7.55000"
69,0.0000,Tx-Rx,0,-90.2431,"-0.15000 1.10000 4.90000, 7.45000 0.10000 7.55000"
70,0.0000,Tx-Rx,0,-87.8076,"-0.15000 1.10000 4.90000, 7.15000 0.10000 7.55000"
71,0.0000,Tx-Rx,0,-89.5496,"-0.15000 1.10000 4.90000, 6.85000 0.10000 7.55000"
72,0.0000,Tx-Rx,0,-85.6545,"-0.15000 1.10000 4.90000, 6.55000 0.10000 7.55000"
73,0.0000,Tx-Rx,0,-81.2694,"-0.15000 1.10000 4.90000, 6.25000 0.10000 7.55000"
74,0.0000,Tx-Rx,0,-76.3948,"-0.15000 1.10000 4.90000, 5.95000 0.10000 7.55000"
75,0.0000,Tx-Rx,0,-75.0627,"-0.15000 1.10000 4.90000, 5.65000 0.10000 7.55000"
76,0.0000,Tx-Rx,0,-75.3334,"-0.15000 1.10000 4.90000, 5.35000 0.10000 7.55000"
77,0.0000,Tx-Rx,0,-75.0492,"-0.15000 1.10000 4.90000, 5.05000 0.10000 7.55000"
78,0.0000,Tx-Rx,0,-74.7755,"-0.15000 1.10000 4.90000, 4.75000 0.10000 7.55000"
79,0.0000,Tx-Rx,0,-74.8244,"-0.15000 1.10000 4.90000, 4.45000 0.10000 7.55000"
80,0.0000,Tx-Rx,0,-74.7568,"-0.15000 1.10000 4.90000, 4.15000 0.10000 7.55000"
81,0.0000,Tx-Rx,0,-74.4240,"-0.15000 1.10000 4.90000, 3.85000 0.10000 7.55000"
82,0.0000,Tx-Rx,0,-74.2463,"-0.15000 1.10000 4.90000, 3.55000 0.10000 7.55000"
83,0.0000,Tx-Rx,0,-74.2267,"-0.15000 1.10000 4.90000, 3.25000 0.10000 7.55000"
84,0.0000,Tx-Rx,0,-74.1536,"-0.15000 1.10000 4.90000, 2.95000 0.10000 7.55000"
85,0.0000,Tx-Rx,0,-73.9150,"-0.15000 1.10000 4.90000, 2.65000 0.10000 7.55000"
86,0.0000,Tx-Rx,0,-73.8574,"-0.15000 1.10000 4.90000, 2.35000 0.10000 7.55000"
87,0.0000,Tx-Rx,0,-79.5494,"-0.15000 1.10000 4.90000, 2.05000 0.10000 7.55000"
88,0.0000,Tx-Rx,0,-81.3041,"-0.15000 1.10000 4.90000, 1.75000 0.10000 7.55000"
89,0.0000,Tx-Rx,0,-82.2494,"-0.15000 1.10000 4.90000, 1.45000 0.10000 7.55000"
90,0.0000,Tx-Rx,0,-83.9048,"-0.15000 1.10000 4.90000, 1.15000 0.10000 7.55000"
91,0.0000,Tx-Rx,0,-84.7476,"-0.15000 1.10000 4.90000, 0.85000 0.10000 7.55000"
92,0.0000,Tx-Rx,0,-78.6055,"-0.15000 1.10000 4.90000, 0.55000 0.10000 7.55000"
93,0.0000,Tx-Rx,0,-77.4365,"-0.15000 1.10000 4.90000, 0.25000 0.10000 7.55000"
94,0.0000,Tx-Rx,0,-53.2330,"-0.15000 1.10000 4.90000, -0.05000 0.10000 7.55000"
95,0.0000,Tx-Rx,0,-51.8335,"-0.15000 1.10000 4.90000, -0.35000 0.10000 7.55000"
96,0.0000,Tx-Rx,0,-52.3498,"-0.15000 1.10000 4.90000, -0.65000 0.10000 7.55000"
97,0.0000,Tx-Rx,0,-52.6888,"-0.15000 1.10000 4.90000, -0.95000 0.10000 7.55000"
98,0.0000,Tx-Rx,0,-52.9755,"-0.15000 1.10000 4.90000, -1.25000 0.10000 7.55000"
99,0.0000,Tx-Rx,0,-52.2965,"-0.15000 1.10000 4.90000, -1.55000 0.10000 7.55000"
100,0.0000,Tx-Rx,0,-51.0726,"-0.15000 1.10000 4.90000, -1.85000 0.10000 7.55000"
101,0.0000,Tx-Rx,0,-50.4283,"-0.15000 1.10000 4.90000, -2.15000 0.10000 7.55000"
102,0.0000,Tx-Rx,0,-45.7717,"-0.15000 1.10000 4.90000, -2.45000 0.10000 7.55000"
103,0.0000,Tx-Rx,0,-57.5962,"-0.15000 1.10000 4.90000, -2.75000 0.10000 7.55000"
104,0.0000,Tx-Rx,0,-70.9003,"-0.15000 1.10000 4.90000, -3.05000 0.10000 7.55000"
105,0.0000,Tx-Rx,0,-76.1337,"-0.15000 1.10000 4.90000, -3.35000 0.10000 7.55000"
106,0.0000,Tx-Rx,0,-73.7077,"-0.15000 1.10000 4.90000, -3.65000 0.10000 7.55000"
107,0.0000,Tx-Rx,0,-75.3138,"-0.15000 1.10000 4.90000, -3.95000 0.10000 7.55000"
108,0.0000,Tx-Rx,0,-72.1895,"-0.15000 1.10000 4.90000, -4.25000 0.10000 7.55000"
109,0.0000,Tx-Rx,0,-71.9007,"-0.15000 1.10000 4.90000, -4.55000 0.10000 7.55000"
110,0.0000,Tx-Rx,0,-73.8231,"-0.15000 1.10000 4.90000, -4.85000 0.10000 7.55000"
111,0.0000,Tx-Rx,0,-74.7174,"-0.15000 1.10000 4.90000, -5.15000 0.10000 7.55000"
112,0.0000,Tx-Rx,0,-71.5649,"-0.15000 1.10000 4.90000, -5.45000 0.10000 7.55000"
113,0.0000,Tx-Rx,0,-68.0225,"-0.15000 1.10000 4.90000, -5.75000 0.10000 7.55000"
114,0.0000,Tx-Rx,0,-67.7748,"-0.15000 1.10000 4.90000, -6.05000 0.10000 7.55000"
115,0.0000,Tx-Rx,0,-67.4525,"-0.15000 1.10000 4.90000, -6.35000 0.10000 7.55000"
116,0.0000,Tx-Rx,0,-65.6683,"-0.15000 1.10000 4.90000, -6.65000 0.10000 7.55000"
117,0.0000,Tx-Rx,0,-65.0474,"-0.15000 1.10000 4.90000, -6.95000 0.10000 7.55000"
118,0.0000,Tx-Rx,0,-64.5534,"-0.15000 1.10000 4.90000, -7.25000 0.10000 7.55000"
119,0.0000,Tx-Rx,0,-62.3765,"-0.15000 1.10000 4.90000, -7.55000 0.10000 7.55000"
120,0.0000,Tx-Rx,0,-60.5504,"-0.15000 1.10000 4.90000, -7.85000 0.10000 7.55000"
121,0.0000,Tx-Rx,0,-113.0963,"-0.15000 1.10000 4.90000, 9.85000 0.10000 7.25000"
122,0.0000,Tx-Rx,0,-120.0000,"-0.15000 1.10000 4.90000, 9.55000 0.10000 7.25000"
123,0.0000,Tx-Rx,0,-120.0000,"-0.15000 1.10000 4.90000, 9.25000 0.10000 7.25000"
124,0.0000,Tx-Rx,0,-120.0000,"-0.15000 1.10000 4.90000, 8.95000 0.10000 7.25000"
125,0.0000,Tx-Rx,0,-120.0000,"-0.15000 1.10000 4.90000, 8.65000 0.10000 7.25000"
126,0.0000,Tx-Rx,0,-99.3011,"-0.15000 1.10000 4.90000, 8.35000 0.10000 7.25000"
127,0.0000,Tx-Rx,0,-86.4439,"-0.15000 1.10000 4.90000, 8.05000 0.10000 7.25000"
128,0.0000,Tx-Rx,0,-84.1482,"-0.15000 1.10000 4.90000, 7.75000 0.10000 7.25000"
129,0.0000,Tx-Rx,0,-83.4664,"-0.15000 1.10000 4.90000, 7.45000 0.10000 7.25000"
130,0.0000,Tx-Rx,0,-81.2188,"-0.15000 1.10000 4.90000, 7.15000 0.10000 7.25000"
131,0.0000,Tx-Rx,0,-78.7920,"-0.15000 1.10000 4.90000, 6.85000 0.10000 7.25000"
132,0.0000,Tx-Rx,0,-79.5282,"-0.15000 1.10000 4.90000, 6.55000 0.10000 7.25000"
133,0.0000,Tx-Rx,0,-77.0707,"-0.15000 1.10000 4.90000, 6.25000 0.10000 7.25000"
134,0.0000,Tx-Rx,0,-76.2836,"-0.15000 1.10000 4.90000, 5.95000 0.10000 7.25000"
135,0.0000,Tx-Rx,0,-75.2119,"-0.15000 1.10000 4.90000, 5.65000 0.10000 7.25000"
136,0.0000,Tx-Rx,0,-74.8703,"-0.15000 1.10000 4.90000, 5.35000 0.10000 7.25000"
137,0.0000,Tx-Rx,0,-74.7453,"-0.15000 1.10000 4.90000, 5.05000 0.10000 7.25000"
138,0.0000,Tx-Rx,0,-75.2940,"-0.15000 1.10000 4.90000, 4.75000 0.10000 7.25000"
139,0.0000,Tx-Rx,0,-74.6745,"-0.15000 1.10000 4.90000, 4.45000 0.10000 7.25000"
140,0.0000,Tx-Rx,0,-74.7112,"-0.15000 1.10000 4.90000, 4.15000 0.10000 7.25000"
141,0.0000,Tx-Rx,0,-74.5236,"-0.15000 1.10000 4.90000, 3.85000 0.10000 7.25000"
142,0.0000,Tx-Rx,0,-73.9825,"-0.15000 1.10000 4.90000, 3.55000 0.10000 7.25000"
143,0.0000,Tx-Rx,0,-74.0904,"-0.15000 1.10000 4.90000, 3.25000 0.10000 7.25000"
144,0.0000,Tx-Rx,0,-73.7678,"-0.15000 1.10000 4.90000, 2.95000 0.10000 7.25000"
145,0.0000,Tx-Rx,0,-73.6232,"-0.15000 1.10000 4.90000, 2.65000 0.10000 7.25000"
146,0.0000,Tx-Rx,0,-73.1365,"-0.15000 1.10000 4.90000, 2.35000 0.10000 7.25000"
147,0.0000,Tx-Rx,0,-79.1935,"-0.15000 1.10000 4.90000, 2.05000 0.10000 7.25000"
148,0.0000,Tx-Rx,0,-80.8932,"-0.15000 1.10000 4.90000, 1.75000 0.10000 7.25000"
149,0.0000,Tx-Rx,0,-82.3130,"-0.15000 1.10000 4.90000, 1.45000 0.10000 7.25000"
150,0.0000,Tx-Rx,0,-82.0248,"-0.15000 1.10000 4.90000, 1.15000 0.10000 7.25000"
151,0.0000,Tx-Rx,0,-82.6130,"-0.15000 1.10000 4.90000, 0.85000 0.10000 7.25000"
152,0.0000,Tx-Rx,0,-77.6927,"-0.15000 1.10000 4.90000, 0.55000 0.10000 7.25000"
153,0.0000,Tx-Rx,0,-77.4018,"-0.15000 1.10000 4.90000, 0.25000 0.10000 7.25000"
154,0.0000,Tx-Rx,0,-51.9483,"-0.15000 1.10000 4.90000, -0.05000 0.10000 7.25000"
155,0.0000,Tx-Rx,0,-50.6561,"-0.15000 1.10000 4.90000, -0.35000 0.10000 7.25000"
156,0.0000,Tx-Rx,0,-51.2208,"-0.15000 1.10000 4.90000, -0.65000 0.10000 7.25000"
157,0.0000,Tx-Rx,0,-51.8060,"-0.15000 1.10000 4.90000, -0.95000 0.10000 7.25000"
158,0.0000,Tx-Rx,0,-51.1567,"-0.15000 1.10000 4.90000, -1.25000 0.10000 7.25000"
159,0.0000,Tx-Rx,0,-50.9173,"-0.15000 1.10000 4.90000, -1.55000 0.10000 7.25000"
160,0.0000,Tx-Rx,0,-50.8405,"-0.15000 1.10000 4.90000, -1.85000 0.10000 7.25000"
161,0.0000,Tx-Rx,0,-49.9718,"-0.15000 1.10000 4.90000, -2.15000 0.10000 7.25000"
162,0.0000,Tx-Rx,0,-47.5261,"-0.15000 1.10000 4.90000, -2.45000 0.10000 7.25000"
163,0.0000,Tx-Rx,0,-64.0474,"-0.15000 1.10000 4.90000, -2.75000 0.10000 7.25000"
164,0.0000,Tx-Rx,0,-68.0759,"-0.15000 1.10000 4.90000, -3.05000 0.10000 7.25000"
165,0.0000,Tx-Rx,0,-73.4789,"-0.15000 1.10000 4.90000, -3.35000 0.10000 7.25000"
166,0.0000,Tx-Rx,0,-76.2826,"-0.15000 1.10000 4.90000, -3.65000 0.10000 7.25000"
167,0.0000,Tx-Rx,0,-71.9842,"-0.15000 1.10000 4.90000, -3.95000 0.10000 7.25000"
168,0.0000,Tx-Rx,0,-72.1790,"-0.15000 1.10000 4.90000, -4.25000 0.10000 7.25000"
169,0.0000,Tx-Rx,0,-70.6364,"-0.15000 1.10000 4.90000, -4.55000 0.10000 7.25000"
170,0.0000,Tx-Rx,0,-69.4264,"-0.15000 1.10000 4.90000, -4.85000 0.10000 7.25000"
171,0.0000,Tx-Rx,0,-69.9826,"-0.15000 1.10000 4.90000, -5.15000 0.10000 7.25000"
172,0.0000,Tx-Rx,0,-68.9642,"-0.15000 1.10000 4.90000, -5.45000 0.10000 7.25000"
173,0.0000,Tx-Rx,0,-64.4506,"-0.15000 1.10000 4.90000, -5.75000 0.10000 7.25000"
174,0.0000,Tx-Rx,0,-65.6340,"-0.15000 1.10000 4.90000, -6.05000 0.10000 7.25000"
175,0.0000,Tx-Rx,0,-66.0129,"-0.15000 1.10000 4.90000, -6.35000 0.10000 7.25000"
176,0.0000,Tx-Rx,0,-64.5952,"-0.15000 1.10000 4.90000, -6.65000 0.10000 7.25000"
177,0.0000,Tx-Rx,0,-64.3559,"-0.15000 1.10000 4.90000, -6.95000 0.10000 7.25000"
178,0.0000,Tx-Rx,0,-61.7676,"-0.15000 1.10000 4.90000, -7.25000 0.10000 7.25000"
179,0.0000,Tx-Rx,0,-60.0578,"-0.15000 1.10000 4.90000, -7.55000 0.10000 7.25000"
180,0.0000,Tx-Rx,0,-60.0770,"-0.15000 1.10000 4.90000, -7.85000 0.10000 7.25000"
181,0.0000,Tx-Rx,0,-120.0000,"-0.15000 1.10000 4.90000, 9.85000 0.10000 6.95000"
182,0.0000,Tx-Rx,0,-119.8639,"-0.15000 1.10000 4.90000, 9.55000 0.10000 6.95000"
183,0.0000,Tx-Rx,0,-120.0000,"-0.15000 1.10000 4.90000, 9.25000 0.10000 6.95000"
184,0.0000,Tx-Rx,0,-120.0000,"-0.15000 1.10000 4.90000, 8.95000 0.10000 6.95000"
185,0.0000,Tx-Rx,0,-101.5584,"-0.15000 1.10000 4.90000, 8.65000 0.10000 6.95000"
186,0.0000,Tx-Rx,0,-102.7265,"-0.15000 1.10000 4.90000, 8.35000 0.10000 6.95000"
187,0.0000,Tx-Rx,0,-82.6215,"-0.15000 1.10000 4.90000, 8.05000 0.10000 6.95000"
188,0.0000,Tx-Rx,0,-76.3340,"-0.15000 1.10000 4.90000, 7.75000 0.10000 6.95000"
189,0.0000,Tx-Rx,0,-77.7707,"-0.15000 1.10000 4.90000, 7.45000 0.10000 6.95000"
190,0.0000,Tx-Rx,0,-77.2556,"-0.15000 1.10000 4.90000, 7.15000 0.10000 6.95000"
191,0.0000,Tx-Rx,0,-78.5556,"-0.15000 1.10000 4.90000, 6.85000 0.10000 6.95000"
192,0.0000,Tx-Rx,0,-77.8827,"-0.15000 1.10000 4.90000, 6.55000 0.10000 6.95000"
193,0.0000,Tx-Rx,0,-76.4501,"-0.15000 1.10000 4.90000, 6.25000 0.10000 6.95000"
194,0.0000,Tx-Rx,0,-75.9091,"-0.15000 1.10000 4.90000, 5.95000 0.10000 6.95000"
195,0.0000,Tx-Rx,0,-75.3305,"-0.15000 1.10000 4.90000, 5.65000 0.10000 6.95000"
196,0.0000,Tx-Rx,0,-75.3310,"-0.15000 1.10000 4.90000, 5.35000 0.10000 6.95000"
197,0.0000,Tx-Rx,0,-74.6341,"-0.15000 1.10000 4.90000, 5.05000 0.10000 6.95000"
198,0.0000,Tx-Rx,0,-74.3286,"-0.15000 1.10000 4.90000, 4.75000 0.10000 6.95000"
199,0.0000,Tx-Rx,0,-74.2662,"-0.15000 1.10000 4.90000, 4.45000 0.10000 6.95000"
200,0.0000,Tx-Rx,0,-73.5907,"-0.15000 1.10000 4.90000, 4.15000 0.10000 6.95000"
201,0.0000,Tx-Rx,0,-74.1449,"-0.15000 1.10000 4.90000, 3.85000 0.10000 6.95000"
202,0.0000,Tx-Rx,0,-73.9008,"-0.15000 1.10000 4.90000, 3.55000 0.10000 6.95000"
203,0.0000,Tx-Rx,0,-73.3452,"-0.15000 1.10000 4.90000, 3.25000 0.10000 6.95000"
204,0.0000,Tx-Rx,0,-73.1054,"-0.15000 1.10000 4.90000, 2.95000 0.10000 6.95000"
205,0.0000,Tx-Rx,0,-72.5220,"-0.15000 1.10000 4.90000, 2.65000 0.10000 6.95000"
206,0.0000,Tx-Rx,0,-73.2689,"-0.15000 1.10000 4.90000, 2.35000 0.10000 6.95000"
207,0.0000,Tx-Rx,0,-79.4345,"-0.15000 1.10000 4.90000, 2.05000 0.10000 6.95000"
208,0.0000,Tx-Rx,0,-80.3283,"-0.15000 1.10000 4.90000, 1.75000 0.10000 6.95000"
209,0.0000,Tx-Rx,0,-81.1298,"-0.15000 1.10000 4.90000, 1.45000 0.10000 6.95000"
210,0.0000,Tx-Rx,0,-81.4689,"-0.15000 1.10000 4.90000, 1.15000 0.10000 6.95000"
211,0.0000,Tx-Rx,0,-81.2779,"-0.15000 1.10000 4.90000, 0.85000 0.10000 6.95000"
212,0.0000,Tx-Rx,0,-77.9768,"-0.15000 1.10000 4.90000, 0.55000 0.10000 6.95000"
213,0.0000,Tx-Rx,0,-76.9485,"-0.15000 1.10000 4.90000, 0.25000 0.10000 6.95000"
214,0.0000,Tx-Rx,0,-50.6600,"-0.15000 1.10000 4.90000, -0.05000 0.10000 6.95000"
215,0.0000,Tx-Rx,0,-49.3581,"-0.15000 1.10000 4.90000, -0.35000 0.10000 6.95000"
216,0.0000,Tx-Rx,0,-49.9854,"-0.15000 1.10000 4.90000, -0.65000 0.10000 6.95000"
217,0.0000,Tx-Rx,0,-49.9161,"-0.15000 1.10000 4.90000, -0.95000 0.10000 6.95000"
218,0.0000,Tx-Rx,0,-49.6264,"-0.15000 1.10000 4.90000, -1.25000 0.10000 6.95000"
219,0.0000,Tx-Rx,0,-50.1362,"-0.15000 1.10000 4.90000, -1.55000 0.10000 6.95000"
220,0.0000,Tx-Rx,0,-49.8669,"-0.15000 1.10000 4.90000, -1.85000 0.10000 6.95000"
221,0.0000,Tx-Rx,0,-52.3377,"-0.15000 1.10000 4.90000, -2.15000 0.10000 6.95000"
222,0.0000,Tx-Rx,0,-57.7106,"-0.15000 1.10000 4.90000, -2.45000 0.10000 6.95000"
223,0.0000,Tx-Rx,0,-62.9934,"-0.15000 1.10000 4.90000, -2.75000 0.10000 6.95000"
224,0.0000,Tx-Rx,0,-64.0890,"-0.15000 1.10000 4.90000, -3.05000 0.10000 6.95000"
225,0.0000,Tx-Rx,0,-65.9186,"-0.15000 1.10000 4.90000, -3.35000 0.10000 6.95000"
226,0.0000,Tx-Rx,0,-65.5224,"-0.15000 1.10000 4.90000, -3.65000 0.10000 6.95000"
227,0.0000,Tx-Rx,0,-64.3367,"-0.15000 1.10000 4.90000, -3.95000 0.10000 6.95000"
228,0.0000,Tx-Rx,0,-62.4773,"-0.15000 1.10000 4.90000, -4.25000 0.10000 6.95000"
229,0.0000,Tx-Rx,0,-63.5999,"-0.15000 1.10000 4.90000, -4.55000 0.10000 6.95000"
230,0.0000,Tx-Rx,0,-64.2244,"-0.15000 1.10000 4.90000, -4.85000 0.10000 6.95000"
231,0.0000,Tx-Rx,0,-63.8239,"-0.15000 1.10000 4.90000, -5.15000 0.10000 6.95000"
232,0.0000,Tx-Rx,0,-63.4983,"-0.15000 1.10000 4.90000, -5.45000 0.10000 6.95000"
233,0.0000,Tx-Rx,0,-60.9127,"-0.15000 1.10000 4.90000, -5.75000 0.10000 6.95000"
234,0.0000,Tx-Rx,0,-60.4885,"-0.15000 1.10000 4.90000, -6.05000 0.10000 6.95000"
235,0.0000,Tx-Rx,0,-60.5117,"-0.15000 1.10000 4.90000, -6.35000 0.10000 6.95000"
236,0.0000,Tx-Rx,0,-61.5088,"-0.15000 1.10000 4.90000, -6.65000 0.10000 6.95000"
237,0.0000,Tx-Rx,0,-60.4827,"-0.15000 1.10000 4.90000, -6.95000 0.10000 6.95000"
238,0.0000,Tx-Rx,0,-59.3419,"-0.15000 1.10000 4.90000, -7.25000 0.10000 6.95000"
239,0.0000,Tx-Rx,0,-61.2094,"-0.15000 1.10000 4.90000, -7.55000 0.10000 6.95000"
240,0.0000,Tx-Rx,0,-63.0668,"-0.15000 1.10000 4.90000, -7.85000 0.10000 6.95000"
241,0.0000,Tx-Rx,0,-97.1758,"-0.15000 1.10000 4.90000, 9.85000 0.10000 6.65000"
242,0.0000,Tx-Rx,0,-107.0078,"-0.15000 1.10000 4.90000, 9.55000 0.10000 6.65000"
243,0.0000,Tx-Rx,0,-100.9877,"-0.15000 1.10000 4.90000, 9.25000 0.10000 6.65000"
244,0.0000,Tx-Rx,0,-102.4400,"-0.15000 1.10000 4.90000, 8.95000 0.10000 6.65000"
245,0.0000,Tx-Rx,0,-104.0209,"-0.15000 1.10000 4.90000, 8.65000 0.10000 6.65000"
246,0.0000,Tx-Rx,0,-101.5572,"-0.15000 1.10000 4.90000, 8.35000 0.10000 6.65000"
247,0.0000,Tx-Rx,0,-81.9385,"-0.15000 1.10000 4.90000, 8.05000 0.10000 6.65000"
248,0.0000,Tx-Rx,0,-78.0106,"-0.15000 1.10000 4.90000, 7.75000 0.10000 6.65000"
249,0.0000,Tx-Rx,0,-78.9327,"-0.15000 1.10000 4.90000, 7.45000 0.10000 6.65000"
250,0.0000,Tx-Rx,0,-78.0323,"-0.15000 1.10000 4.90000, 7.15000 0.10000 6.65000"
251,0.0000,Tx-Rx,0,-79.9718,"-0.15000 1.10000 4.90000, 6.85000 0.10000 6.65000"
252,0.0000,Tx-Rx,0,-79.3097,"-0.15000 1.10000 4.90000, 6.55000 0.10000 6.65000"
253,0.0000,Tx-Rx,0,-77.4070,"-0.15000 1.10000 4.90000, 6.25000 0.10000 6.65000"
254,0.0000,Tx-Rx,0,-76.5305,"-0.15000 1.10000 4.90000, 5.95000 0.10000 6.65000"
255,0.0000,Tx-Rx,0,-75.5134,"-0.15000 1.10000 4.90000, 5.65000 0.10000 6.65000"
256,0.0000,Tx-Rx,0,-74.9043,"-0.15000 1.10000 4.90000, 5.35000 0.10000 6.65000"
257,0.0000,Tx-Rx,0,-75.2385,"-0.15000 1.10000 4.90000, 5.05000 0.10000 6.65000"
258,0.0000,Tx-Rx,0,-74.4713,"-0.15000 1.10000 4.90000, 4.75000 0.10000 6.65000"
259,0.0000,Tx-Rx,0,-73.9118,"-0.15000 1.10000 4.90000, 4.45000 0.10000 6.65000"
260,0.0000,Tx-Rx,0,-74.2117,"-0.15000 1.10000 4.90000, 4.15000 0.10000 6.65000"
261,0.0000,Tx-Rx,0,-73.2951,"-0.15000 1.10000 4.90000, 3.85000 0.10000 6.65000"
262,0.0000,Tx-Rx,0,-73.2971,"-0.15000 1.10000 4.90000, 3.55000 0.10000 6.65000"
263,0.0000,Tx-Rx,0,-73.3699,"-0.15000 1.10000 4.90000, 3.25000 0.10000 6.65000"
264,0.0000,Tx-Rx,0,-73.4954,"-0.15000 1.10000 4.90000, 2.95000 0.10000 6.65000"
265,0.0000,Tx-Rx,0,-72.6093,"-0.15000 1.10000 4.90000, 2.65000 0.10000 6.65000"
266,0.0000,Tx-Rx,0,-72.3374,"-0.15000 1.10000 4.90000, 2.35000 0.10000 6.65000"
267,0.0000,Tx-Rx,0,-78.5220,"-0.15000 1.10000 4.90000, 2.05000 0.10000 6.65000"
268,0.0000,Tx-Rx,0,-79.1458,"-0.15000 1.10000 4.90000, 1.75000 0.10000 6.65000"
269,0.0000,Tx-Rx,0,-79.5234,"-0.15000 1.10000 4.90000, 1.45000 0.10000 6.65000"
270,0.0000,Tx-Rx,0,-79.9058,"-0.15000 1.10000 4.90000, 1.15000 0.10000 6.65000"
271,0.0000,Tx-Rx,0,-79.7591,"-0.15000 1.10000 4.90000, 0.85000 0.10000 6.65000"
272,0.0000,Tx-Rx,0,-77.5801,"-0.15000 1.10000 4.90000, 0.55000 0.10000 6.65000"
273,0.0000,Tx-Rx,0,-76.4975,"-0.15000 1.10000 4.90000, 0.25000 0.10000 6.65000"
274,0.0000,Tx-Rx,0,-49.3507,"-0.15000 1.10000 4.90000, -0.05000 0.10000 6.65000"
275,0.0000,Tx-Rx,0,-47.9514,"-0.15000 1.10000 4.90000, -0.35000 0.10000 6.65000"
276,0.0000,Tx-Rx,0,-48.2206,"-0.15000 1.10000 4.90000, -0.65000 0.10000 6.65000"
277,0.0000,Tx-Rx,0,-48.4771,"-0.15000 1.10000 4.90000, -0.95000 0.10000 6.65000"
278,0.0000,Tx-Rx,0,-48.7828,"-0.15000 1.10000 4.90000, -1.25000 0.10000 6.65000"
279,0.0000,Tx-Rx,0,-49.3606,"-0.15000 1.10000 4.90000, -1.55000 0.10000 6.65000"
280,0.0000,Tx-Rx,0,-51.5118,"-0.15000 1.10000 4.90000, -1.85000 0.10000 6.65000"
281,0.0000,Tx-Rx,0,-59.0632,"-0.15000 1.10000 4.90000, -2.15000 0.10000 6.65000"
282,0.0000,Tx-Rx,0,-57.8619,"-0.15000 1.10000 4.90000, -2.45000 0.10000 6.65000"
283,0.0000,Tx-Rx,0,-59.4101,"-0.15000 1.10000 4.90000, -2.75000 0.10000 6.65000"
284,0.0000,Tx-Rx,0,-60.6755,"-0.15000 1.10000 4.90000, -3.05000 0.10000 6.65000"
285,0.0000,Tx-Rx,0,-61.7845,"-0.15000 1.10000 4.90000, -3.35000 0.10000 6.65000"
286,0.0000,Tx-Rx,0,-61.6425,"-0.15000 1.10000 4.90000, -3.65000 0.10000 6.65000"
287,0.0000,Tx-Rx,0,-61.3301,"-0.15000 1.10000 4.90000, -3.95000 0.10000 6.65000"
288,0.0000,Tx-Rx,0,-59.6287,"-0.15000 1.10000 4.90000, -4.25000 0.10000 6.65000"
289,0.0000,Tx-Rx,0,-59.3661,"-0.15000 1.10000 4.90000, -4.55000 0.10000 6.65000"
290,0.0000,Tx-Rx,0,-59.5170,"-0.15000 1.10000 4.90000, -4.85000 0.10000 6.65000"
291,0.0000,Tx-Rx,0,-59.3374,"-0.15000 1.10000 4.90000, -5.15000 0.10000 6.65000"
292,0.0000,Tx-Rx,0,-59.3151,"-0.15000 1.10000 4.90000, -5.45000 0.10000 6.65000"
293,0.0000,Tx-Rx,0,-58.9213,"-0.15000 1.10000 4.90000, -5.75000 0.10000 6.65000"
294,0.0000,Tx-Rx,0,-58.8169,"-0.15000 1.10000 4.90000, -6.05000 0.10000 6.65000"
295,0.0000,Tx-Rx,0,-58.6233,"-0.15000 1.10000 4.90000, -6.35000 0.10000 6.65000"
296,0.0000,Tx-Rx,0,-58.6496,"-0.15000 1.10000 4.90000, -6.65000 0.10000 6.65000"
297,0.0000,Tx-Rx,0,-56.8943,"-0.15000 1.10000 4.90000, -6.95000 0.10000 6.65000"
298,0.0000,Tx-Rx,0,-56.5541,"-0.15000 1.10000 4.90000, -7.25000 0.10000 6.65000"
299,0.0000,Tx-Rx,0,-55.0478,"-0.15000 1.10000 4.90000, -7.55000 0.10000 6.65000"
300,0.0000,Tx-Rx,0,-53.9232,"-0.15000 1.10000 4.90000, -7.85000 0.10000 6.65000"
301,0.0000,Tx-Rx,0,-111.3022,"-0.15000 1.10000 4.90000, 9.85000 0.10000 6.35000"
302,0.0000,Tx-Rx,0,-114.2799,"-0.15000 1.10000 4.90000, 9.55000 0.10000 6.35000"
303,0.0000,Tx-Rx,0,-101.2476,"-0.15000 1.10000 4.90000, 9.25000 0.10000 6.35000"
304,0.0000,Tx-Rx,0,-102.2001,"-0.15000 1.10000 4.90000, 8.95000 0.10000 6.35000"
305,0.0000,Tx-Rx,0,-102.5136,"-0.15000 1.10000 4.90000, 8.65000 0.10000 6.35000"
306,0.0000,Tx-Rx,0,-106.8302,"-0.15000 1.10000 4.90000, 8.35000 0.10000 6.35000"
307,0.0000,Tx-Rx,0,-82.0331,"-0.15000 1.10000 4.90000, 8.05000 0.10000 6.35000"
308,0.0000,Tx-Rx,0,-77.5005,"-0.15000 1.10000 4.90000, 7.75000 0.10000 6.35000"
309,0.0000,Tx-Rx,0,-76.0149,"-0.15000 1.10000 4.90000, 7.45000 0.10000 6.35000"
310,0.0000,Tx-Rx,0,-76.4569,"-0.15000 1.10000 4.90000, 7.15000 0.10000 6.35000"
311,0.0000,Tx-Rx,0,-76.8024,"-0.15000 1.10000 4.90000, 6.85000 0.10000 6.35000"
312,0.0000,Tx-Rx,0,-77.4973,"-0.15000 1.10000 4.90000, 6.55000 0.10000 6.35000"
313,0.0000,Tx-Rx,0,-77.3561,"-0.15000 1.10000 4.90000, 6.25000 0.10000 6.35000"
314,0.0000,Tx-Rx,0,-76.9083,"-0.15000 1.10000 4.90000, 5.95000 0.10000 6.35000"
315,0.0000,Tx-Rx,0,-75.6654,"-0.15000 1.10000 4.90000, 5.65000 0.10000 6.35000"
316,0.0000,Tx-Rx,0,-75.6552,"-0.15000 1.10000 4.90000, 5.35000 0.10000 6.35000"
317,0.0000,Tx-Rx,0,-74.5452,"-0.15000 1.10000 4.90000, 5.05000 0.10000 6.35000"
318,0.0000,Tx-Rx,0,-74.5221,"-0.15000 1.10000 4.90000, 4.75000 0.10000 6.35000"
319,0.0000,Tx-Rx,0,-73.8684,"-0.15000 1.10000 4.90000, 4.45000 0.10000 6.35000"
320,0.0000,Tx-Rx,0,-73.8132,"-0.15000 1.10000 4.90000, 4.15000 0.10000 6.35000"
321,0.0000,Tx-Rx,0,-73.3444,"-0.15000 1.10000 4.90000, 3.85000 0.10000 6.35000"
322,0.0000,Tx-Rx,0,-73.0196,"-0.15000 1.10000 4.90000, 3.55000 0.10000 6.35000"
323,0.0000,Tx-Rx,0,-72.3704,"-0.15000 1.10000 4.90000, 3.25000 0.10000 6.35000"
324,0.0000,Tx-Rx,0,-72.2783,"-0.15000 1.10000 4.90000, 2.95000 0.10000 6.35000"
325,0.0000,Tx-Rx,0,-71.9388,"-0.15000 1.10000 4.90000, 2.65000 0.10000 6.35000"
326,0.0000,Tx-Rx,0,-71.3924,"-0.15000 1.10000 4.90000, 2.35000 0.10000 6.35000"
327,0.0000,Tx-Rx,0,-76.9110,"-0.15000 1.10000 4.90000, 2.05000 0.10000 6.35000"
328,0.0000,Tx-Rx,0,-77.3999,"-0.15000 1.10000 4.90000, 1.75000 0.10000 6.35000"
329,0.0000,Tx-Rx,0,-78.3002,"-0.15000 1.10000 4.90000, 1.45000 0.10000 6.35000"
330,0.0000,Tx-Rx,0,-77.6993,"-0.15000 1.10000 4.90000, 1.15000 0.10000 6.35000"
331,0.0000,Tx-Rx,0,-78.3037,"-0.15000 1.10000 4.90000, 0.85000 0.10000 6.35000"
332,0.0000,Tx-Rx,0,-76.5800,"-0.15000 1.10000 4.90000, 0.55000 0.10000 6.35000"
333,0.0000,Tx-Rx,0,-76.5188,"-0.15000 1.10000 4.90000, 0.25000 0.10000 6.35000"
334,0.0000,Tx-Rx,0,-47.7867,"-0.15000 1.10000 4.90000, -0.05000 0.10000 6.35000"
335,0.0000,Tx-Rx,0,-46.2134,"-0.15000 1.10000 4.90000, -0.35000 0.10000 6.35000"
336,0.0000,Tx-Rx,0,-46.7188,"-0.15000 1.10000 4.90000, -0.65000 0.10000 6.35000"
337,0.0000,Tx-Rx,0,-47.1700,"-0.15000 1.10000 4.90000, -0.95000 0.10000 6.35000"
338,0.0000,Tx-Rx,0,-47.2415,"-0.15000 1.10000 4.90000, -1.25000 0.10000 6.35000"
339,0.0000,Tx-Rx,0,-47.4199,"-0.15000 1.10000 4.90000, -1.55000 0.10000 6.35000"
340,0.0000,Tx-Rx,0,-58.9534,"-0.15000 1.10000 4.90000, -1.85000 0.10000 6.35000"
341,0.0000,Tx-Rx,0,-61.2126,"-0.15000 1.10000 4.90000, -2.15000 0.10000 6.35000"
342,0.0000,Tx-Rx,0,-58.0310,"-0.15000 1.10000 4.90000, -2.45000 0.10000 6.35000"
343,0.0000,Tx-Rx,0,-58.2345,"-0.15000 1.10000 4.90000, -2.75000 0.10000 6.35000"
344,0.0000,Tx-Rx,0,-60.4674,"-0.15000 1.10000 4.90000, -3.05000 0.10000 6.35000"
345,0.0000,Tx-Rx,0,-61.7282,"-0.15000 1.10000 4.90000, -3.35000 0.10000 6.35000"
346,0.0000,Tx-Rx,0,-61.9946,"-0.15000 1.10000 4.90000, -3.65000 0.10000 6.35000"
347,0.0000,Tx-Rx,0,-62.0116,"-0.15000 1.10000 4.90000, -3.95000 0.10000 6.35000"
348,0.0000,Tx-Rx,0,-61.2352,"-0.15000 1.10000 4.90000, -4.25000 0.10000 6.35000"
349,0.0000,Tx-Rx,0,-59.2993,"-0.15000 1.10000 4.90000, -4.55000 0.10000 6.35000"
350,0.0000,Tx-Rx,0,-58.9761,"-0.15000 1.10000 4.90000, -4.85000 0.10000 6.35000"
351,0.0000,Tx-Rx,0,-58.2954,"-0.15000 1.10000 4.90000, -5.15000 0.10000 6.35000"
352,0.0000,Tx-Rx,0,-58.1410,"-0.15000 1.10000 4.90000, -5.45000 0.10000 6.35000"
353,0.0000,Tx-Rx,0,-57.5583,"-0.15000 1.10000 4.90000, -5.75000 0.10000 6.35000"
354,0.0000,Tx-Rx,0,-54.9624,"-0.15000 1.10000 4.90000, -6.05000 0.10000 6.35000"
355,0.0000,Tx-Rx,0,-53.3200,"-0.15000 1.10000 4.90000, -6.35000 0.10000 6.35000"
356,0.0000,Tx-Rx,0,-52.2351,"-0.15000 1.10000 4.90000, -6.65000 0.10000 6.35000"
357,0.0000,Tx-Rx,0,-51.3652,"-0.15000 1.10000 4.90000, -6.95000 0.10000 6.35000"
358,0.0000,Tx-Rx,0,-51.3295,"-0.15000 1.10000 4.90000, -7.25000 0.10000 6.35000"
359,0.0000,Tx-Rx,0,-51.4939,"-0.15000 1.10000 4.90000, -7.55000 0.10000 6.35000"
360,0.0000,Tx-Rx,0,-51.8260,"-0.15000 1.10000 4.90000, -7.85000 0.10000 6.35000"
361,0.0000,Tx-Rx,0,-97.9210,"-0.15000 1.10000 4.90000, 9.85000 0.10000 6.05000"
362,0.0000,Tx-Rx,0,-109.7133,"-0.15000 1.10000 4.90000, 9.55000 0.10000 6.05000"
363,0.0000,Tx-Rx,0,-100.5114,"-0.15000 1.10000 4.90000, 9.25000 0.10000 6.05000"
364,0.0000,Tx-Rx,0,-101.4180,"-0.15000 1.10000 4.90000, 8.95000 0.10000 6.05000"
365,0.0000,Tx-Rx,0,-109.4717,"-0.15000 1.10000 4.90000, 8.65000 0.10000 6.05000"
366,0.0000,Tx-Rx,0,-120.0000,"-0.15000 1.10000 4.90000, 8.35000 0.10000 6.05000"
367,0.0000,Tx-Rx,0,-83.3754,"-0.15000 1.10000 4.90000, 8.05000 0.10000 6.05000"
368,0.0000,Tx-Rx,0,-76.7627,"-0.15000 1.10000 4.90000, 7.75000 0.10000 6.05000"
369,0.0000,Tx-Rx,0,-76.7657,"-0.15000 1.10000 4.90000, 7.45000 0.10000 6.05000"
370,0.0000,Tx-Rx,0,-76.2255,"-0.15000 1.10000 4.90000, 7.15000 0.10000 6.05000"
371,0.0000,Tx-Rx,0,-75.5550,"-0.15000 1.10000 4.90000, 6.85000 0.10000 6.05000"
372,0.0000,Tx-Rx,0,-76.0880,"-0.15000 1.10000 4.90000, 6.55000 0.10000 6.05000"
373,0.0000,Tx-Rx,0,-75.0893,"-0.15000 1.10000 4.90000, 6.25000 0.10000 6.05000"
374,0.0000,Tx-Rx,0,-75.4365,"-0.15000 1.10000 4.90000, 5.95000 0.10000 6.05000"
375,0.0000,Tx-Rx,0,-75.4881,"-0.15000 1.10000 4.90000, 5.65000 0.10000 6.05000"
376,0.0000,Tx-Rx,0,-74.5474,"-0.15000 1.10000 4.90000, 5.35000 0.10000 6.05000"
377,0.0000,Tx-Rx,0,-74.4170,"-0.15000 1.10000 4.90000, 5.05000 0.10000 6.05000"
378,0.0000,Tx-Rx,0,-74.3255,"-0.15000 1.10000 4.90000, 4.75000 0.10000 6.05000"
379,0.0000,Tx-Rx,0,-73.9319,"-0.15000 1.10000 4.90000, 4.45000 0.10000 6.05000"
380,0.0000,Tx-Rx,0,-74.2065,"-0.15000 1.10000 4.90000, 4.15000 0.10000 6.05000"
381,0.0000,Tx-Rx,0,-73.2416,"-0.15000 1.10000 4.90000, 3.85000 0.10000 6.05000"
382,0.0000,Tx-Rx,0,-72.5703,"-0.15000 1.10000 4.90000, 3.55000 0.10000 6.05000"
383,0.0000,Tx-Rx,0,-71.9605,"-0.15000 1.10000 4.90000, 3.25000 0.10000 6.05000"
384,0.0000,Tx-Rx,0,-71.5345,"-0.15000 1.10000 4.90000, 2.95000 0.10000 6.05000"
385,0.0000,Tx-Rx,0,-70.9885,"-0.15000 1.10000 4.90000, 2.65000 0.10000 6.05000"
386,0.0000,Tx-Rx,0,-70.6536,"-0.15000 1.10000 4.90000, 2.35000 0.10000 6.05000"
387,0.0000,Tx-Rx,0,-76.4313,"-0.15000 1.10000 4.90000, 2.05000 0.10000 6.05000"
388,0.0000,Tx-Rx,0,-76.6918,"-0.15000 1.10000 4.90000, 1.75000 0.10000 6.05000"
389,0.0000,Tx-Rx,0,-76.5202,"-0.15000 1.10000 4.90000, 1.45000 0.10000 6.05000"
390,0.0000,Tx-Rx,0,-76.0459,"-0.15000 1.10000 4.90000, 1.15000 0.10000 6.05000"
391,0.0000,Tx-Rx,0,-76.1650,"-0.15000 1.10000 4.90000, 0.85000 0.10000 6.05000"
392,0.0000,Tx-Rx,0,-74.6345,"-0.15000 1.10000 4.90000, 0.55000 0.10000 6.05000"
393,0.0000,Tx-Rx,0,-73.8808,"-0.15000 1.10000 4.90000, 0.25000 0.10000 6.05000"
394,0.0000,Tx-Rx,0,-45.1054,"-0.15000 1.10000 4.90000, -0.05000 0.10000 6.05000"
395,0.0000,Tx-Rx,0,-43.2601,"-0.15000 1.10000 4.90000, -0.35000 0.10000 6.05000"
396,0.0000,Tx-Rx,0,-43.1889,"-0.15000 1.10000 4.90000, -0.65000 0.10000 6.05000"
397,0.0000,Tx-Rx,0,-43.9701,"-0.15000 1.10000 4.90000, -0.95000 0.10000 6.05000"
398,0.0000,Tx-Rx,0,-45.6138,"-0.15000 1.10000 4.90000, -1.25000 0.10000 6.05000"
399,0.0000,Tx-Rx,0,-46.2583,"-0.15000 1.10000 4.90000, -1.55000 0.10000 6.05000"
400,0.0000,Tx-Rx,0,-48.8337,"-0.15000 1.10000 4.90000, -1.85000 0.10000 6.05000"
401,0.0000,Tx-Rx,0,-75.7508,"-0.15000 1.10000 4.90000, -2.15000 0.10000 6.05000"
402,0.0000,Tx-Rx,0,-60.1656,"-0.15000 1.10000 4.90000, -2.45000 0.10000 6.05000"
403,0.0000,Tx-Rx,0,-60.0853,"-0.15000 1.10000 4.90000, -2.75000 0.10000 6.05000"
404,0.0000,Tx-Rx,0,-61.2813,"-0.15000 1.10000 4.90000, -3.05000 0.10000 6.05000"
405,0.0000,Tx-Rx,0,-63.2178,"-0.15000 1.10000 4.90000, -3.35000 0.10000 6.05000"
406,0.0000,Tx-Rx,0,-62.0654,"-0.15000 1.10000 4.90000, -3.65000 0.10000 6.05000"
407,0.0000,Tx-Rx,0,-60.5721,"-0.15000 1.10000 4.90000, -3.95000 0.10000 6.05000"
408,0.0000,Tx-Rx,0,-58.8154,"-0.15000 1.10000 4.90000, -4.25000 0.10000 6.05000"
409,0.0000,Tx-Rx,0,-55.8856,"-0.15000 1.10000 4.90000, -4.55000 0.10000 6.05000"
410,0.0000,Tx-Rx,0,-52.8450,"-0.15000 1.10000 4.90000, -4.85000 0.10000 6.05000"
411,0.0000,Tx-Rx,0,-51.2873,"-0.15000 1.10000 4.90000, -5.15000 0.10000 6.05000"
412,0.0000,Tx-Rx,0,-50.5000,"-0.15000 1.10000 4.90000, -5.45000 0.10000 6.05000"
413,0.0000,Tx-Rx,0,-50.0474,"-0.15000 1.10000 4.90000, -5.75000 0.10000 6.05000"
414,0.0000,Tx-Rx,0,-50.3405,"-0.15000 1.10000 4.90000, -6.05000 0.10000 6.05000"
415,0.0000,Tx-Rx,0,-50.7791,"-0.15000 1.10000 4.90000, -6.35000 0.10000 6.05000"
416,0.0000,Tx-Rx,0,-51.1764,"-0.15000 1.10000 4.90000, -6.65000 0.10000 6.05000"
417,0.0000,Tx-Rx,0,-51.0354,"-0.15000 1.10000 4.90000, -6.95000 0.10000 6.05000"
418,0.0000,Tx-Rx,0,-51.3725,"-0.15000 1.10000 4.90000, -7.25000 0.10000 6.05000"
419,0.0000,Tx-Rx,0,-51.6908,"-0.15000 1.10000 4.90000, -7.55000 0.10000 6.05000"
420,0.0000,Tx-Rx,0,-51.9727,"-0.15000 1.10000 4.90000, -7.85000 0.10000 6.05000"
421,0.0000,Tx-Rx,0,-108.3981,"-0.15000 1.10000 4.90000, 9.85000 0.10000 5.75000"
422,0.0000,Tx-Rx,0,-111.0840,"-0.15000 1.10000 4.90000, 9.55000 0.10000 5.75000"
423,0.0000,Tx-Rx,0,-111.6081,"-0.15000 1.10000 4.90000, 9.25000 0.10000 5.75000"
424,0.0000,Tx-Rx,0,-111.7383,"-0.15000 1.10000 4.90000, 8.95000 0.10000 5.75000"
425,0.0000,Tx-Rx,0,-101.4192,"-0.15000 1.10000 4.90000, 8.65000 0.10000 5.75000"
426,0.0000,Tx-Rx,0,-99.1336,"-0.15000 1.10000 4.90000, 8.35000 0.10000 5.75000"
427,0.0000,Tx-Rx,0,-83.3267,"-0.15000 1.10000 4.90000, 8.05000 0.10000 5.75000"
428,0.0000,Tx-Rx,0,-78.9805,"-0.15000 1.10000 4.90000, 7.75000 0.10000 5.75000"
429,0.0000,Tx-Rx,0,-79.0077,"-0.15000 1.10000 4.90000, 7.45000 0.10000 5.75000"
430,0.0000,Tx-Rx,0,-77.5154,"-0.15000 1.10000 4.90000, 7.15000 0.10000 5.75000"
431,0.0000,Tx-Rx,0,-76.2383,"-0.15000 1.10000 4.90000, 6.85000 0.10000 5.75000"
432,0.0000,Tx-Rx,0,-75.9135,"-0.15000 1.10000 4.90000, 6.55000 0.10000 5.75000"
433,0.0000,Tx-Rx,0,-75.3770,"-0.15000 1.10000 4.90000, 6.25000 0.10000 5.75000"
434,0.0000,Tx-Rx,0,-75.8942,"-0.15000 1.10000 4.90000, 5.95000 0.10000 5.75000"
435,0.0000,Tx-Rx,0,-75.1387,"-0.15000 1.10000 4.90000, 5.65000 0.10000 5.75000"
436,0.0000,Tx-Rx,0,-74.4614,"-0.15000 1.10000 4.90000, 5.35000 0.10000 5.75000"
437,0.0000,Tx-Rx,0,-74.4678,"-0.15000 1.10000 4.90000, 5.05000 0.10000 5.75000"
438,0.0000,Tx-Rx,0,-74.4301,"-0.15000 1.10000 4.90000, 4.75000 0.10000 5.75000"
439,0.0000,Tx-Rx,0,-74.4039,"-0.15000 1.10000 4.90000, 4.45000 0.10000 5.75000"
440,0.0000,Tx-Rx,0,-73.4952,"-0.15000 1.10000 4.90000, 4.15000 0.10000 5.75000"
441,0.0000,Tx-Rx,0,-72.8317,"-0.15000 1.10000 4.90000, 3.85000 0.10000 5.75000"
442,0.0000,Tx-Rx,0,-73.0119,"-0.15000 1.10000 4.90000, 3.55000 0.10000 5.75000"
443,0.0000,Tx-Rx,0,-71.7184,"-0.15000 1.10000 4.90000, 3.25000 0.10000 5.75000"
444,0.0000,Tx-Rx,0,-71.6865,"-0.15000 1.10000 4.90000, 2.95000 0.10000 5.75000"
445,0.0000,Tx-Rx,0,-71.0817,"-0.15000 1.10000 4.90000, 2.65000 0.10000 5.75000"
446,0.0000,Tx-Rx,0,-69.9274,"-0.15000 1.10000 4.90000, 2.35000 0.10000 5.75000"
447,0.0000,Tx-Rx,0,-74.7699,"-0.15000 1.10000 4.90000, 2.05000 0.10000 5.75000"
448,0.0000,Tx-Rx,0,-74.7128,"-0.15000 1.10000 4.90000, 1.75000 0.10000 5.75000"
449,0.0000,Tx-Rx,0,-73.8830,"-0.15000 1.10000 4.90000, 1.45000 0.10000 5.75000"
450,0.0000,Tx-Rx,0,-72.5629,"-0.15000 1.10000 4.90000, 1.15000 0.10000 5.75000"
451,0.0000,Tx-Rx,0,-71.7112,"-0.15000 1.10000 4.90000, 0.85000 0.10000 5.75000"
452,0.0000,Tx-Rx,0,-70.6704,"-0.15000 1.10000 4.90000, 0.55000 0.10000 5.75000"
453,0.0000,Tx-Rx,0,-71.0369,"-0.15000 1.10000 4.90000, 0.25000 0.10000 5.75000"
454,0.0000,Tx-Rx,0,-43.6185,"-0.15000 1.10000 4.90000, -0.05000 0.10000 5.75000"
455,0.0000,Tx-Rx,0,-42.1542,"-0.15000 1.10000 4.90000, -0.35000 0.10000 5.75000"
456,0.0000,Tx-Rx,0,-42.3915,"-0.15000 1.10000 4.90000, -0.65000 0.10000 5.75000"
457,0.0000,Tx-Rx,0,-42.7207,"-0.15000 1.10000 4.90000, -0.95000 0.10000 5.75000"
458,0.0000,Tx-Rx,0,-42.9189,"-0.15000 1.10000 4.90000, -1.25000 0.10000 5.75000"
459,0.0000,Tx-Rx,0,-44.3291,"-0.15000 1.10000 4.90000, -1.55000 0.10000 5.75000"
460,0.0000,Tx-Rx,0,-45.7471,"-0.15000 1.10000 4.90000, -1.85000 0.10000 5.75000"
461,0.0000,Tx-Rx,0,-54.6489,"-0.15000 1.10000 4.90000, -2.15000 0.10000 5.75000"
462,0.0000,Tx-Rx,0,-62.9943,"-0.15000 1.10000 4.90000, -2.45000 0.10000 5.75000"
463,0.0000,Tx-Rx,0,-60.3784,"-0.15000 1.10000 4.90000, -2.75000 0.10000 5.75000"
464,0.0000,Tx-Rx,0,-58.6485,"-0.15000 1.10000 4.90000, -3.05000 0.10000 5.75000"
465,0.0000,Tx-Rx,0,-53.2152,"-0.15000 1.10000 4.90000, -3.35000 0.10000 5.75000"
466,0.0000,Tx-Rx,0,-50.1457,"-0.15000 1.10000 4.90000, -3.65000 0.10000 5.75000"
467,0.0000,Tx-Rx,0,-49.1670,"-0.15000 1.10000 4.90000, -3.95000 0.10000 5.75000"
468,0.0000,Tx-Rx,0,-48.4245,"-0.15000 1.10000 4.90000, -4.25000 0.10000 5.75000"
469,0.0000,Tx-Rx,0,-48.3074,"-0.15000 1.10000 4.90000, -4.55000 0.10000 5.75000"
470,0.0000,Tx-Rx,0,-48.8337,"-0.15000 1.10000 4.90000, -4.85000 0.10000 5.75000"
471,0.0000,Tx-Rx,0,-49.3046,"-0.15000 1.10000 4.90000, -5.15000 0.10000 5.75000"
472,0.0000,Tx-Rx,0,-49.7160,"-0.15000 1.10000 4.90000, -5.45000 0.10000 5.75000"
473,0.0000,Tx-Rx,0,-50.1843,"-0.15000 1.10000 4.90000, -5.75000 0.10000 5.75000"
474,0.0000,Tx-Rx,0,-50.5265,"-0.15000 1.10000 4.90000, -6.05000 0.10000 5.75000"
475,0.0000,Tx-Rx,0,-50.8627,"-0.15000 1.10000 4.90000, -6.35000 0.10000 5.75000"
476,0.0000,Tx-Rx,0,-51.1215,"-0.15000 1.10000 4.90000, -6.65000 0.10000 5.75000"
477,0.0000,Tx-Rx,0,-51.2219,"-0.15000 1.10000 4.90000, -6.95000 0.10000 5.75000"
478,0.0000,Tx-Rx,0,-51.3901,"-0.15000 1.10000 4.90000, -7.25000 0.10000 5.75000"
479,0.0000,Tx-Rx,0,-51.6423,"-0.15000 1.10000 4.90000, -7.55000 0.10000 5.75000"
480,0.0000,Tx-Rx,0,-51.9033,"-0.15000 1.10000 4.90000, -7.85000 0.10000 5.75000"
481,0.0000,Tx-Rx,0,-108.1546,"-0.15000 1.10000 4.90000, 9.85000 0.10000 5.45000"
482,0.0000,Tx-Rx,0,-111.5323,"-0.15000 1.10000 4.90000, 9.55000 0.10000 5.45000"
483,0.0000,Tx-Rx,0,-101.2357,"-0.15000 1.10000 4.90000, 9.25000 0.10000 5.45000"
484,0.0000,Tx-Rx,0,-108.7414,"-0.15000 1.10000 4.90000, 8.95000 0.10000 5.45000"
485,0.0000,Tx-Rx,0,-109.5817,"-0.15000 1.10000 4.90000, 8.65000 0.10000 5.45000"
486,0.0000,Tx-Rx,0,-106.7403,"-0.15000 1.10000 4.90000, 8.35000 0.10000 5.45000"
487,0.0000,Tx-Rx,0,-82.7980,"-0.15000 1.10000 4.90000, 8.05000 0.10000 5.45000"
488,0.0000,Tx-Rx,0,-78.7697,"-0.15000 1.10000 4.90000, 7.75000 0.10000 5.45000"
489,0.0000,Tx-Rx,0,-78.7010,"-0.15000 1.10000 4.90000, 7.45000 0.10000 5.45000"
490,0.0000,Tx-Rx,0,-78.6089,"-0.15000 1.10000 4.90000, 7.15000 0.10000 5.45000"
491,0.0000,Tx-Rx,0,-78.7400,"-0.15000 1.10000 4.90000, 6.85000 0.10000 5.45000"
492,0.0000,Tx-Rx,0,-77.0275,"-0.15000 1.10000 4.90000, 6.55000 0.10000 5.45000"
493,0.0000,Tx-Rx,0,-76.9946,"-0.15000 1.10000 4.90000, 6.25000 0.10000 5.45000"
494,0.0000,Tx-Rx,0,-76.8646,"-0.15000 1.10000 4.90000, 5.95000 0.10000 5.45000"
495,0.0000,Tx-Rx,0,-76.5466,"-0.15000 1.10000 4.90000, 5.65000 0.10000 5.45000"
496,0.0000,Tx-Rx,0,-75.5156,"-0.15000 1.10000 4.90000, 5.35000 0.10000 5.45000"
497,0.0000,Tx-Rx,0,-74.4516,"-0.15000 1.10000 4.90000, 5.05000 0.10000 5.45000"
498,0.0000,Tx-Rx,0,-74.1173,"-0.15000 1.10000 4.90000, 4.75000 0.10000 5.45000"
499,0.0000,Tx-Rx,0,-73.7262,"-0.15000 1.10000 4.90000, 4.45000 0.10000 5.45000"
500,0.0000,Tx-Rx,0,-73.0392,"-0.15000 1.10000 4.90000, 4.15000 0.10000 5.45000"
501,0.0000,Tx-Rx,0,-72.5211,"-0.15000 1.10000 4.90000, 3.85000 0.10000 5.45000"
502,0.0000,Tx-Rx,0,-72.0842,"-0.15000 1.10000 4.90000, 3.55000 0.10000 5.45000"
503,0.0000,Tx-Rx,0,-71.7802,"-0.15000 1.10000 4.90000, 3.25000 0.10000 5.45000"
504,0.0000,Tx-Rx,0,-70.8958,"-0.15000 1.10000 4.90000, 2.95000 0.10000 5.45000"
505,0.0000,Tx-Rx,0,-70.0696,"-0.15000 1.10000 4.90000, 2.65000 0.10000 5.45000"
506,0.0000,Tx-Rx,0,-69.3015,"-0.15000 1.10000 4.90000, 2.35000 0.10000 5.45000"
507,0.0000,Tx-Rx,0,-72.6321,"-0.15000 1.10000 4.90000, 2.05000 0.10000 5.45000"
508,0.0000,Tx-Rx,0,-71.9523,"-0.15000 1.10000 4.90000, 1.75000 0.10000 5.45000"
509,0.0000,Tx-Rx,0,-71.6874,"-0.15000 1.10000 4.90000, 1.45000 0.10000 5.45000"
510,0.0000,Tx-Rx,0,-71.3717,"-0.15000 1.10000 4.90000, 1.15000 0.10000 5.45000"
511,0.0000,Tx-Rx,0,-70.7731,"-0.15000 1.10000 4.90000, 0.85000 0.10000 5.45000"
512,0.0000,Tx-Rx,0,-69.9076,"-0.15000 1.10000 4.90000, 0.55000 0.10000 5.45000"
513,0.0000,Tx-Rx,0,-70.0387,"-0.15000 1.10000 4.90000, 0.25000 0.10000 5.45000"
514,0.0000,Tx-Rx,0,-42.8393,"-0.15000 1.10000 4.90000, -0.05000 0.10000 5.45000"
515,0.0000,Tx-Rx,0,-41.5649,"-0.15000 1.10000 4.90000, -0.35000 0.10000 5.45000"
516,0.0000,Tx-Rx,0,-41.8111,"-0.15000 1.10000 4.90000, -0.65000 0.10000 5.45000"
517,0.0000,Tx-Rx,0,-42.3759,"-0.15000 1.10000 4.90000, -0.95000 0.10000 5.45000"
518,0.0000,Tx-Rx,0,-42.6174,"-0.15000 1.10000 4.90000, -1.25000 0.10000 5.45000"
519,0.0000,Tx-Rx,0,-42.6392,"-0.15000 1.10000 4.90000, -1.55000 0.10000 5.45000"
520,0.0000,Tx-Rx,0,-42.9669,"-0.15000 1.10000 4.90000, -1.85000 0.10000 5.45000"
521,0.0000,Tx-Rx,0,-46.0321,"-0.15000 1.10000 4.90000, -2.15000 0.10000 5.45000"
522,0.0000,Tx-Rx,0,-46.8288,"-0.15000 1.10000 4.90000, -2.45000 0.10000 5.45000"
523,0.0000,Tx-Rx,0,-45.7729,"-0.15000 1.10000 4.90000, -2.75000 0.10000 5.45000"
524,0.0000,Tx-Rx,0,-45.4306,"-0.15000 1.10000 4.90000, -3.05000 0.10000 5.45000"
525,0.0000,Tx-Rx,0,-45.7801,"-0.15000 1.10000 4.90000, -3.35000 0.10000 5.45000"
526,0.0000,Tx-Rx,0,-46.7778,"-0.15000 1.10000 4.90000, -3.65000 0.10000 5.45000"
527,0.0000,Tx-Rx,0,-47.3337,"-0.15000 1.10000 4.90000, -3.95000 0.10000 5.45000"
528,0.0000,Tx-Rx,0,-47.9330,"-0.15000 1.10000 4.90000, -4.25000 0.10000 5.45000"
529,0.0000,Tx-Rx,0,-48.4477,"-0.15000 1.10000 4.90000, -4.55000 0.10000 5.45000"
530,0.0000,Tx-Rx,0,-48.9372,"-0.15000 1.10000 4.90000, -4.85000 0.10000 5.45000"
531,0.0000,Tx-Rx,0,-49.4047,"-0.15000 1.10000 4.90000, -5.15000 0.10000 5.45000"
532,0.0000,Tx-Rx,0,-49.7843,"-0.15000 1.10000 4.90000, -5.45000 0.10000 5.45000"
533,0.0000,Tx-Rx,0,-50.0803,"-0.15000 1.10000 4.90000, -5.75000 0.10000 5.45000"
534,0.0000,Tx-Rx,0,-50.5604,"-0.15000 1.10000 4.90000, -6.05000 0.10000 5.45000"
535,0.0000,Tx-Rx,0,-50.9192,"-0.15000 1.10000 4.90000, -6.35000 0.10000 5.45000"
536,0.0000,Tx-Rx,0,-51.1757,"-0.15000 1.10000 4.90000, -6.65000 0.10000 5.45000"
537,0.0000,Tx-Rx,0,-51.1872,"-0.15000 1.10000 4.90000, -6.95000 0.10000 5.45000"
538,0.0000,Tx-Rx,0,-51.5016,"-0.15000 1.10000 4.90000, -7.25000 0.10000 5.45000"
539,0.0000,Tx-Rx,0,-51.6496,"-0.15000 1.10000 4.90000, -7.55000 0.10000 5.45000"
540,0.0000,Tx-Rx,0,-51.8972,"-0.15000 1.10000 4.90000, -7.85000 0.10000 5.45000"
541,0.0000,Tx-Rx,0,-101.2930,"-0.15000 1.10000 4.90000, 9.85000 0.10000 5.15000"
542,0.0000,Tx-Rx,0,-114.5320,"-0.15000 1.10000 4.90000, 9.55000 0.10000 5.15000"
543,0.0000,Tx-Rx,0,-101.7231,"-0.15000 1.10000 4.90000, 9.25000 0.10000 5.15000"
544,0.0000,Tx-Rx,0,-101.9094,"-0.15000 1.10000 4.90000, 8.95000 0.10000 5.15000"
545,0.0000,Tx-Rx,0,-101.6246,"-0.15000 1.10000 4.90000, 8.65000 0.10000 5.15000"
546,0.0000,Tx-Rx,0,-101.4404,"-0.15000 1.10000 4.90000, 8.35000 0.10000 5.15000"
547,0.0000,Tx-Rx,0,-81.4441,"-0.15000 1.10000 4.90000, 8.05000 0.10000 5.15000"
548,0.0000,Tx-Rx,0,-75.9195,"-0.15000 1.10000 4.90000, 7.75000 0.10000 5.15000"
549,0.0000,Tx-Rx,0,-76.7393,"-0.15000 1.10000 4.90000, 7.45000 0.10000 5.15000"
550,0.0000,Tx-Rx,0,-76.7211,"-0.15000 1.10000 4.90000, 7.15000 0.10000 5.15000"
551,0.0000,Tx-Rx,0,-75.6147,"-0.15000 1.10000 4.90000, 6.85000 0.10000 5.15000"
552,0.0000,Tx-Rx,0,-75.2307,"-0.15000 1.10000 4.90000, 6.55000 0.10000 5.15000"
553,0.0000,Tx-Rx,0,-75.6065,"-0.15000 1.10000 4.90000, 6.25000 0.10000 5.15000"
554,0.0000,Tx-Rx,0,-74.9877,"-0.15000 1.10000 4.90000, 5.95000 0.10000 5.15000"
555,0.0000,Tx-Rx,0,-75.5033,"-0.15000 1.10000 4.90000, 5.65000 0.10000 5.15000"
556,0.0000,Tx-Rx,0,-75.1458,"-0.15000 1.10000 4.90000, 5.35000 0.10000 5.15000"
557,0.0000,Tx-Rx,0,-74.6087,"-0.15000 1.10000 4.90000, 5.05000 0.10000 5.15000"
558,0.0000,Tx-Rx,0,-74.0457,"-0.15000 1.10000 4.90000, 4.75000 0.10000 5.15000"
559,0.0000,Tx-Rx,0,-73.5144,"-0.15000 1.10000 4.90000, 4.45000 0.10000 5.15000"
560,0.0000,Tx-Rx,0,-73.2017,"-0.15000 1.10000 4.90000, 4.15000 0.10000 5.15000"
561,0.0000,Tx-Rx,0,-72.0175,"-0.15000 1.10000 4.90000, 3.85000 0.10000 5.15000"
562,0.0000,Tx-Rx,0,-71.2958,"-0.15000 1.10000 4.90000, 3.55000 0.10000 5.15000"
563,0.0000,Tx-Rx,0,-70.7997,"-0.15000 1.10000 4.90000, 3.25000 0.10000 5.15000"
564,0.0000,Tx-Rx,0,-69.7219,"-0.15000 1.10000 4.90000, 2.95000 0.10000 5.15000"
565,0.0000,Tx-Rx,0,-69.1457,"-0.15000 1.10000 4.90000, 2.65000 0.10000 5.15000"
566,0.0000,Tx-Rx,0,-68.8993,"-0.15000 1.10000 4.90000, 2.35000 0.10000 5.15000"
567,0.0000,Tx-Rx,0,-72.1541,"-0.15000 1.10000 4.90000, 2.05000 0.10000 5.15000"
568,0.0000,Tx-Rx,0,-71.6236,"-0.15000 1.10000 4.90000, 1.75000 0.10000 5.15000"
569,0.0000,Tx-Rx,0,-71.8088,"-0.15000 1.10000 4.90000, 1.45000 0.10000 5.15000"
570,0.0000,Tx-Rx,0,-71.0643,"-0.15000 1.10000 4.90000, 1.15000 0.10000 5.15000"
571,0.0000,Tx-Rx,0,-70.0063,"-0.15000 1.10000 4.90000, 0.85000 0.10000 5.15000"
572,0.0000,Tx-Rx,0,-68.8553,"-0.15000 1.10000 4.90000, 0.55000 0.10000 5.15000"
573,0.0000,Tx-Rx,0,-68.4785,"-0.15000 1.10000 4.90000, 0.25000 0.10000 5.15000"
574,0.0000,Tx-Rx,0,-42.5089,"-0.15000 1.10000 4.90000, -0.05000 0.10000 5.15000"
575,0.0000,Tx-Rx,0,-41.2991,"-0.15000 1.10000 4.90000, -0.35000 0.10000 5.15000"
576,0.0000,Tx-Rx,0,-41.5810,"-0.15000 1.10000 4.90000, -0.65000 0.10000 5.15000"
577,0.0000,Tx-Rx,0,-42.2159,"-0.15000 1.10000 4.90000, -0.95000 0.10000 5.15000"
578,0.0000,Tx-Rx,0,-42.5978,"-0.15000 1.10000 4.90000, -1.25000 0.10000 5.15000"
579,0.0000,Tx-Rx,0,-42.7042,"-0.15000 1.10000 4.90000, -1.55000 0.10000 5.15000"
580,0.0000,Tx-Rx,0,-42.6611,"-0.15000 1.10000 4.90000, -1.85000 0.10000 5.15000"
581,0.0000,Tx-Rx,0,-45.0831,"-0.15000 1.10000 4.90000, -2.15000 0.10000 5.15000"
582,0.0000,Tx-Rx,0,-43.4071,"-0.15000 1.10000 4.90000, -2.45000 0.10000 5.15000"
583,0.0000,Tx-Rx,0,-44.2160,"-0.15000 1.10000 4.90000, -2.75000 0.10000 5.15000"
584,0.0000,Tx-Rx,0,-45.0733,"-0.15000 1.10000 4.90000, -3.05000 0.10000 5.15000"
585,0.0000,Tx-Rx,0,-45.9129,"-0.15000 1.10000 4.90000, -3.35000 0.10000 5.15000"
586,0.0000,Tx-Rx,0,-46.7493,"-0.15000 1.10000 4.90000, -3.65000 0.10000 5.15000"
587,0.0000,Tx-Rx,0,-47.3754,"-0.15000 1.10000 4.90000, -3.95000 0.10000 5.15000"
588,0.0000,Tx-Rx,0,-47.9157,"-0.15000 1.10000 4.90000, -4.25000 0.10000 5.15000"
589,0.0000,Tx-Rx,0,-48.3969,"-0.15000 1.10000 4.90000, -4.55000 0.10000 5.15000"
590,0.0000,Tx-Rx,0,-49.0327,"-0.15000 1.10000 4.90000, -4.85000 0.10000 5.15000"
591,0.0000,Tx-Rx,0,-49.4454,"-0.15000 1.10000 4.90000, -5.15000 0.10000 5.15000"
592,0.0000,Tx-Rx,0,-49.6846,"-0.15000 1.10000 4.90000, -5.45000 0.10000 5.15000"
593,0.0000,Tx-Rx,0,-50.2504,"-0.15000 1.10000 4.90000, -5.75000 0.10000 5.15000"
594,0.0000,Tx-Rx,0,-50.6516,"-0.15000 1.10000 4.90000, -6.05000 0.10000 5.15000"
595,0.0000,Tx-Rx,0,-50.8695,"-0.15000 1.10000 4.90000, -6.35000 0.10000 5.15000"
596,0.0000,Tx-Rx,0,-51.2991,"-0.15000 1.10000 4.90000, -6.65000 0.10000 5.15000"
597,0.0000,Tx-Rx,0,-51.1827,"-0.15000 1.10000 4.90000, -6.95000 0.10000 5.15000"
598,0.0000,Tx-Rx,0,-51.3115,"-0.15000 1.10000 4.90000, -7.25000 0.10000 5.15000"
599,0.0000,Tx-Rx,0,-51.4201,"-0.15000 1.10000 4.90000, -7.55000 0.10000 5.15000"
600,0.0000,Tx-Rx,0,-51.8447,"-0.15000 1.10000 4.90000, -7.85000 0.10000 5.15000"
601,0.0000,Tx-Rx,0,-114.5181,"-0.15000 1.10000 4.90000, 9.85000 0.10000 4.85000"
602,0.0000,Tx-Rx,0,-98.9689,"-0.15000 1.10000 4.90000, 9.55000 0.10000 4.85000"
603,0.0000,Tx-Rx,0,-108.7521,"-0.15000 1.10000 4.90000, 9.25000 0.10000 4.85000"
604,0.0000,Tx-Rx,0,-120.0000,"-0.15000 1.10000 4.90000, 8.95000 0.10000 4.85000"
605,0.0000,Tx-Rx,0,-106.1478,"-0.15000 1.10000 4.90000, 8.65000 0.10000 4.85000"
606,0.0000,Tx-Rx,0,-102.5791,"-0.15000 1.10000 4.90000, 8.35000 0.10000 4.85000"
607,0.0000,Tx-Rx,0,-81.3107,"-0.15000 1.10000 4.90000, 8.05000 0.10000 4.85000"
608,0.0000,Tx-Rx,0,-75.7264,"-0.15000 1.10000 4.90000, 7.75000 0.10000 4.85000"
609,0.0000,Tx-Rx,0,-76.0051,"-0.15000 1.10000 4.90000, 7.45000 0.10000 4.85000"
610,0.0000,Tx-Rx,0,-75.3748,"-0.15000 1.10000 4.90000, 7.15000 0.10000 4.85000"
611,0.0000,Tx-Rx,0,-75.3524,"-0.15000 1.10000 4.90000, 6.85000 0.10000 4.85000"
612,0.0000,Tx-Rx,0,-75.2712,"-0.15000 1.10000 4.90000, 6.55000 0.10000 4.85000"
613,0.0000,Tx-Rx,0,-75.5212,"-0.15000 1.10000 4.90000, 6.25000 0.10000 4.85000"
614,0.0000,Tx-Rx,0,-75.2261,"-0.15000 1.10000 4.90000, 5.95000 0.10000 4.85000"
615,0.0000,Tx-Rx,0,-74.4354,"-0.15000 1.10000 4.90000, 5.65000 0.10000 4.85000"
616,0.0000,Tx-Rx,0,-74.1917,"-0.15000 1.10000 4.90000, 5.35000 0.10000 4.85000"
617,0.0000,Tx-Rx,0,-73.3211,"-0.15000 1.10000 4.90000, 5.05000 0.10000 4.85000"
618,0.0000,Tx-Rx,0,-73.0087,"-0.15000 1.10000 4.90000, 4.75000 0.10000 4.85000"
619,0.0000,Tx-Rx,0,-72.7330,"-0.15000 1.10000 4.90000, 4.45000 0.10000 4.85000"
620,0.0000,Tx-Rx,0,-72.0780,"-0.15000 1.10000 4.90000, 4.15000 0.10000 4.85000"
621,0.0000,Tx-Rx,0,-71.6439,"-0.15000 1.10000 4.90000, 3.85000 0.10000 4.85000"
622,0.0000,Tx-Rx,0,-71.4483,"-0.15000 1.10000 4.90000, 3.55000 0.10000 4.85000"
623,0.0000,Tx-Rx,0,-70.3022,"-0.15000 1.10000 4.90000, 3.25000 0.10000 4.85000"
624,0.0000,Tx-Rx,0,-69.7926,"-0.15000 1.10000 4.90000, 2.95000 0.10000 4.85000"
625,0.0000,Tx-Rx,0,-69.5525,"-0.15000 1.10000 4.90000, 2.65000 0.10000 4.85000"
626,0.0000,Tx-Rx,0,-68.9728,"-0.15000 1.10000 4.90000, 2.35000 0.10000 4.85000"
627,0.0000,Tx-Rx,0,-72.5163,"-0.15000 1.10000 4.90000, 2.05000 0.10000 4.85000"
628,0.0000,Tx-Rx,0,-72.0415,"-0.15000 1.10000 4.90000, 1.75000 0.10000 4.85000"
629,0.0000,Tx-Rx,0,-71.7753,"-0.15000 1.10000 4.90000, 1.45000 0.10000 4.85000"
630,0.0000,Tx-Rx,0,-70.8156,"-0.15000 1.10000 4.90000, 1.15000 0.10000 4.85000"
631,0.0000,Tx-Rx,0,-69.8863,"-0.15000 1.10000 4.90000, 0.85000 0.10000 4.85000"
632,0.0000,Tx-Rx,0,-68.2462,"-0.15000 1.10000 4.90000, 0.55000 0.10000 4.85000"
633,0.0000,Tx-Rx,0,-67.6192,"-0.15000 1.10000 4.90000, 0.25000 0.10000 4.85000"
634,0.0000,Tx-Rx,0,-42.8285,"-0.15000 1.10000 4.90000, -0.05000 0.10000 4.85000"
635,0.0000,Tx-Rx,0,-41.3682,"-0.15000 1.10000 4.90000, -0.35000 0.10000 4.85000"
636,0.0000,Tx-Rx,0,-41.6237,"-0.15000 1.10000 4.90000, -0.65000 0.10000 4.85000"
637,0.0000,Tx-Rx,0,-42.2751,"-0.15000 1.10000 4.90000, -0.95000 0.10000 4.85000"
638,0.0000,Tx-Rx,0,-42.6393,"-0.15000 1.10000 4.90000, -1.25000 0.10000 4.85000"
639,0.0000,Tx-Rx,0,-42.9281,"-0.15000 1.10000 4.90000, -1.55000 0.10000 4.85000"
640,0.0000,Tx-Rx,0,-44.9653,"-0.15000 1.10000 4.90000, -1.85000 0.10000 4.85000"
641,0.0000,Tx-Rx,0,-46.3488,"-0.15000 1.10000 4.90000, -2.15000 0.10000 4.85000"
642,0.0000,Tx-Rx,0,-43.3058,"-0.15000 1.10000 4.90000, -2.45000 0.10000 4.85000"
643,0.0000,Tx-Rx,0,-44.1885,"-0.15000 1.10000 4.90000, -2.75000 0.10000 4.85000"
644,0.0000,Tx-Rx,0,-45.0018,"-0.15000 1.10000 4.90000, -3.05000 0.10000 4.85000"
645,0.0000,Tx-Rx,0,-45.6709,"-0.15000 1.10000 4.90000, -3.35000 0.10000 4.85000"
646,0.0000,Tx-Rx,0,-46.3508,"-0.15000 1.10000 4.90000, -3.65000 0.10000 4.85000"
647,0.0000,Tx-Rx,0,-47.0452,"-0.15000 1.10000 4.90000, -3.95000 0.10000 4.85000"
648,0.0000,Tx-Rx,0,-47.6119,"-0.15000 1.10000 4.90000, -4.25000 0.10000 4.85000"
649,0.0000,Tx-Rx,0,-48.2162,"-0.15000 1.10000 4.90000, -4.55000 0.10000 4.85000"
650,0.0000,Tx-Rx,0,-48.6329,"-0.15000 1.10000 4.90000, -4.85000 0.10000 4.85000"
651,0.0000,Tx-Rx,0,-49.1272,"-0.15000 1.10000 4.90000, -5.15000 0.10000 4.85000"
652,0.0000,Tx-Rx,0,-49.5318,"-0.15000 1.10000 4.90000, -5.45000 0.10000 4.85000"
653,0.0000,Tx-Rx,0,-49.8512,"-0.15000 1.10000 4.90000, -5.75000 0.10000 4.85000"
654,0.0000,Tx-Rx,0,-50.2390,"-0.15000 1.10000 4.90000, -6.05000 0.10000 4.85000"
655,0.0000,Tx-Rx,0,-50.4710,"-0.15000 1.10000 4.90000, -6.35000 0.10000 4.85000"
656,0.0000,Tx-Rx,0,-50.8174,"-0.15000 1.10000 4.90000, -6.65000 0.10000 4.85000"
657,0.0000,Tx-Rx,0,-51.0858,"-0.15000 1.10000 4.90000, -6.95000 0.10000 4.85000"
658,0.0000,Tx-Rx,0,-51.0761,"-0.15000 1.10000 4.90000, -7.25000 0.10000 4.85000"
659,0.0000,Tx-Rx,0,-51.1921,"-0.15000 1.10000 4.90000, -7.55000 0.10000 4.85000"
660,0.0000,Tx-Rx,0,-51.4073,"-0.15000 1.10000 4.90000, -7.85000 0.10000 4.85000"
661,0.0000,Tx-Rx,0,-120.0000,"-0.15000 1.10000 4.90000, 9.85000 0.10000 4.55000"
662,0.0000,Tx-Rx,0,-102.0411,"-0.15000 1.10000 4.90000, 9.55000 0.10000 4.55000"
663,0.0000,Tx-Rx,0,-108.8053,"-0.15000 1.10000 4.90000, 9.25000 0.10000 4.55000"
664,0.0000,Tx-Rx,0,-99.0326,"-0.15000 1.10000 4.90000, 8.95000 0.10000 4.55000"
665,0.0000,Tx-Rx,0,-101.6102,"-0.15000 1.10000 4.90000, 8.65000 0.10000 4.55000"
666,0.0000,Tx-Rx,0,-101.8376,"-0.15000 1.10000 4.90000, 8.35000 0.10000 4.55000"
667,0.0000,Tx-Rx,0,-80.4122,"-0.15000 1.10000 4.90000, 8.05000 0.10000 4.55000"
668,0.0000,Tx-Rx,0,-76.4700,"-0.15000 1.10000 4.90000, 7.75000 0.10000 4.55000"
669,0.0000,Tx-Rx,0,-75.8731,"-0.15000 1.10000 4.90000, 7.45000 0.10000 4.55000"
670,0.0000,Tx-Rx,0,-75.9440,"-0.15000 1.10000 4.90000, 7.15000 0.10000 4.55000"
671,0.0000,Tx-Rx,0,-76.2504,"-0.15000 1.10000 4.90000, 6.85000 0.10000 4.55000"
672,0.0000,Tx-Rx,0,-75.1786,"-0.15000 1.10000 4.90000, 6.55000 0.10000 4.55000"
673,0.0000,Tx-Rx,0,-75.0512,"-0.15000 1.10000 4.90000, 6.25000 0.10000 4.55000"
674,0.0000,Tx-Rx,0,-74.3890,"-0.15000 1.10000 4.90000, 5.95000 0.10000 4.55000"
675,0.0000,Tx-Rx,0,-73.5158,"-0.15000 1.10000 4.90000, 5.65000 0.10000 4.55000"
676,0.0000,Tx-Rx,0,-73.3707,"-0.15000 1.10000 4.90000, 5.35000 0.10000 4.55000"
677,0.0000,Tx-Rx,0,-73.6110,"-0.15000 1.10000 4.90000, 5.05000 0.10000 4.55000"
678,0.0000,Tx-Rx,0,-73.6034,"-0.15000 1.10000 4.90000, 4.75000 0.10000 4.55000"
679,0.0000,Tx-Rx,0,-72.4685,"-0.15000 1.10000 4.90000, 4.45000 0.10000 4.55000"
680,0.0000,Tx-Rx,0,-72.0965,"-0.15000 1.10000 4.90000, 4.15000 0.10000 4.55000"
681,0.0000,Tx-Rx,0,-71.5718,"-0.15000 1.10000 4.90000, 3.85000 0.10000 4.55000"
682,0.0000,Tx-Rx,0,-71.0627,"-0.15000 1.10000 4.90000, 3.55000 0.10000 4.55000"
683,0.0000,Tx-Rx,0,-70.9674,"-0.15000 1.10000 4.90000, 3.25000 0.10000 4.55000"
684,0.0000,Tx-Rx,0,-70.3057,"-0.15000 1.10000 4.90000, 2.95000 0.10000 4.55000"
685,0.0000,Tx-Rx,0,-69.8418,"-0.15000 1.10000 4.90000, 2.65000 0.10000 4.55000"
686,0.0000,Tx-Rx,0,-69.0759,"-0.15000 1.10000 4.90000, 2.35000 0.10000 4.55000"
687,0.0000,Tx-Rx,0,-72.5776,"-0.15000 1.10000 4.90000, 2.05000 0.10000 4.55000"
688,0.0000,Tx-Rx,0,-72.6001,"-0.15000 1.10000 4.90000, 1.75000 0.10000 4.55000"
689,0.0000,Tx-Rx,0,-72.2057,"-0.15000 1.10000 4.90000, 1.45000 0.10000 4.55000"
690,0.0000,Tx-Rx,0,-71.2908,"-0.15000 1.10000 4.90000, 1.15000 0.10000 4.55000"
691,0.0000,Tx-Rx,0,-70.4822,"-0.15000 1.10000 4.90000, 0.85000 0.10000 4.55000"
692,0.0000,Tx-Rx,0,-69.3414,"-0.15000 1.10000 4.90000, 0.55000 0.10000 4.55000"
693,0.0000,Tx-Rx,0,-69.2080,"-0.15000 1.10000 4.90000, 0.25000 0.10000 4.55000"
694,0.0000,Tx-Rx,0,-42.6220,"-0.15000 1.10000 4.90000, -0.05000 0.10000 4.55000"
695,0.0000,Tx-Rx,0,-41.4811,"-0.15000 1.10000 4.90000, -0.35000 0.10000 4.55000"
696,0.0000,Tx-Rx,0,-41.8496,"-0.15000 1.10000 4.90000, -0.65000 0.10000 4.55000"
697,0.0000,Tx-Rx,0,-42.5472,"-0.15000 1.10000 4.90000, -0.95000 0.10000 4.55000"
698,0.0000,Tx-Rx,0,-43.0286,"-0.15000 1.10000 4.90000, -1.25000 0.10000 4.55000"
699,0.0000,Tx-Rx,0,-44.9573,"-0.15000 1.10000 4.90000, -1.55000 0.10000 4.55000"
700,0.0000,Tx-Rx,0,-45.7784,"-0.15000 1.10000 4.90000, -1.85000 0.10000 4.55000"
701,0.0000,Tx-Rx,0,-46.5196,"-0.15000 1.10000 4.90000, -2.15000 0.10000 4.55000"
702,0.0000,Tx-Rx,0,-44.3529,"-0.15000 1.10000 4.90000, -2.45000 0.10000 4.55000"
703,0.0000,Tx-Rx,0,-48.0263,"-0.15000 1.10000 4.90000, -2.75000 0.10000 4.55000"
704,0.0000,Tx-Rx,0,-48.1384,"-0.15000 1.10000 4.90000, -3.05000 0.10000 4.55000"
705,0.0000,Tx-Rx,0,-48.0394,"-0.15000 1.10000 4.90000, -3.35000 0.10000 4.55000"
706,0.0000,Tx-Rx,0,-48.2829,"-0.15000 1.10000 4.90000, -3.65000 0.10000 4.55000"
707,0.0000,Tx-Rx,0,-48.8777,"-0.15000 1.10000 4.90000, -3.95000 0.10000 4.55000"
708,0.0000,Tx-Rx,0,-49.4845,"-0.15000 1.10000 4.90000, -4.25000 0.10000 4.55000"
709,0.0000,Tx-Rx,0,-52.6822,"-0.15000 1.10000 4.90000, -4.55000 0.10000 4.55000"
710,0.0000,Tx-Rx,0,-52.5305,"-0.15000 1.10000 4.90000, -4.85000 0.10000 4.55000"
711,0.0000,Tx-Rx,0,-52.5913,"-0.15000 1.10000 4.90000, -5.15000 0.10000 4.55000"
712,0.0000,Tx-Rx,0,-52.5460,"-0.15000 1.10000 4.90000, -5.45000 0.10000 4.55000"
713,0.0000,Tx-Rx,0,-52.4641,"-0.15000 1.10000 4.90000, -5.75000 0.10000 4.55000"
714,0.0000,Tx-Rx,0,-52.5402,"-0.15000 1.10000 4.90000, -6.05000 0.10000 4.55000"
715,0.0000,Tx-Rx,0,-52.9345,"-0.15000 1.10000 4.90000, -6.35000 0.10000 4.55000"
716,0.0000,Tx-Rx,0,-52.5359,"-0.15000 1.10000 4.90000, -6.65000 0.10000 4.55000"
717,0.0000,Tx-Rx,0,-51.1292,"-0.15000 1.10000 4.90000, -6.95000 0.10000 4.55000"
718,0.0000,Tx-Rx,0,-51.2171,"-0.15000 1.10000 4.90000, -7.25000 0.10000 4.55000"
719,0.0000,Tx-Rx,0,-51.2681,"-0.15000 1.10000 4.90000, -7.55000 0.10000 4.55000"
720,0.0000,Tx-Rx,0,-51.5918,"-0.15000 1.10000 4.90000, -7.85000 0.10000 4.55000"
721,0.0000,Tx-Rx,0,-113.8384,"-0.15000 1.10000 4.90000, 9.85000 0.10000 4.25000"
722,0.0000,Tx-Rx,0,-120.0000,"-0.15000 1.10000 4.90000, 9.55000 0.10000 4.25000"
723,0.0000,Tx-Rx,0,-120.0000,"-0.15000 1.10000 4.90000, 9.25000 0.10000 4.25000"
724,0.0000,Tx-Rx,0,-114.5630,"-0.15000 1.10000 4.90000, 8.95000 0.10000 4.25000"
725,0.0000,Tx-Rx,0,-99.3833,"-0.15000 1.10000 4.90000, 8.65000 0.10000 4.25000"
726,0.0000,Tx-Rx,0,-110.4026,"-0.15000 1.10000 4.90000, 8.35000 0.10000 4.25000"
727,0.0000,Tx-Rx,0,-81.2996,"-0.15000 1.10000 4.90000, 8.05000 0.10000 4.25000"
728,0.0000,Tx-Rx,0,-75.1857,"-0.15000 1.10000 4.90000, 7.75000 0.10000 4.25000"
729,0.0000,Tx-Rx,0,-75.0218,"-0.15000 1.10000 4.90000, 7.45000 0.10000 4.25000"
730,0.0000,Tx-Rx,0,-74.2483,"-0.15000 1.10000 4.90000, 7.15000 0.10000 4.25000"
731,0.0000,Tx-Rx,0,-74.1234,"-0.15000 1.10000 4.90000, 6.85000 0.10000 4.25000"
732,0.0000,Tx-Rx,0,-74.5006,"-0.15000 1.10000 4.90000, 6.55000 0.10000 4.25000"
733,0.0000,Tx-Rx,0,-74.1026,"-0.15000 1.10000 4.90000, 6.25000 0.10000 4.25000"
734,0.0000,Tx-Rx,0,-75.2522,"-0.15000 1.10000 4.90000, 5.95000 0.10000 4.25000"
735,0.0000,Tx-Rx,0,-74.3369,"-0.15000 1.10000 4.90000, 5.65000 0.10000 4.25000"
736,0.0000,Tx-Rx,0,-73.6430,"-0.15000 1.10000 4.90000, 5.35000 0.10000 4.25000"
737,0.0000,Tx-Rx,0,-73.6382,"-0.15000 1.10000 4.90000, 5.05000 0.10000 4.25000"
738,0.0000,Tx-Rx,0,-73.4652,"-0.15000 1.10000 4.90000, 4.75000 0.10000 4.25000"
739,0.0000,Tx-Rx,0,-72.6018,"-0.15000 1.10000 4.90000, 4.45000 0.10000 4.25000"
740,0.0000,Tx-Rx,0,-72.3746,"-0.15000 1.10000 4.90000, 4.15000 0.10000 4.25000"
741,0.0000,Tx-Rx,0,-72.1559,"-0.15000 1.10000 4.90000, 3.85000 0.10000 4.25000"
742,0.0000,Tx-Rx,0,-71.3834,"-0.15000 1.10000 4.90000, 3.55000 0.10000 4.25000"
743,0.0000,Tx-Rx,0,-71.2623,"-0.15000 1.10000 4.90000, 3.25000 0.10000 4.25000"
744,0.0000,Tx-Rx,0,-70.4442,"-0.15000 1.10000 4.90000, 2.95000 0.10000 4.25000"
745,0.0000,Tx-Rx,0,-69.8183,"-0.15000 1.10000 4.90000, 2.65000 0.10000 4.25000"
746,0.0000,Tx-Rx,0,-69.3447,"-0.15000 1.10000 4.90000, 2.35000 0.10000 4.25000"
747,0.0000,Tx-Rx,0,-73.0568,"-0.15000 1.10000 4.90000, 2.05000 0.10000 4.25000"
748,0.0000,Tx-Rx,0,-72.5473,"-0.15000 1.10000 4.90000, 1.75000 0.10000 4.25000"
749,0.0000,Tx-Rx,0,-72.5985,"-0.15000 1.10000 4.90000, 1.45000 0.10000 4.25000"
750,0.0000,Tx-Rx,0,-72.0712,"-0.15000 1.10000 4.90000, 1.15000 0.10000 4.25000"
751,0.0000,Tx-Rx,0,-71.5320,"-0.15000 1.10000 4.90000, 0.85000 0.10000 4.25000"
752,0.0000,Tx-Rx,0,-70.8684,"-0.15000 1.10000 4.90000, 0.55000 0.10000 4.25000"
753,0.0000,Tx-Rx,0,-71.2617,"-0.15000 1.10000 4.90000, 0.25000 0.10000 4.25000"
754,0.0000,Tx-Rx,0,-43.2600,"-0.15000 1.10000 4.90000, -0.05000 0.10000 4.25000"
755,0.0000,Tx-Rx,0,-42.0266,"-0.15000 1.10000 4.90000, -0.35000 0.10000 4.25000"
756,0.0000,Tx-Rx,0,-42.3823,"-0.15000 1.10000 4.90000, -0.65000 0.10000 4.25000"
757,0.0000,Tx-Rx,0,-43.0798,"-0.15000 1.10000 4.90000, -0.95000 0.10000 4.25000"
758,0.0000,Tx-Rx,0,-44.6730,"-0.15000 1.10000 4.90000, -1.25000 0.10000 4.25000"
759,0.0000,Tx-Rx,0,-45.9132,"-0.15000 1.10000 4.90000, -1.55000 0.10000 4.25000"
760,0.0000,Tx-Rx,0,-46.2881,"-0.15000 1.10000 4.90000, -1.85000 0.10000 4.25000"
761,0.0000,Tx-Rx,0,-46.4420,"-0.15000 1.10000 4.90000, -2.15000 0.10000 4.25000"
762,0.0000,Tx-Rx,0,-44.7440,"-0.15000 1.10000 4.90000, -2.45000 0.10000 4.25000"
763,0.0000,Tx-Rx,0,-51.7865,"-0.15000 1.10000 4.90000, -2.75000 0.10000 4.25000"
764,0.0000,Tx-Rx,0,-52.3479,"-0.15000 1.10000 4.90000, -3.05000 0.10000 4.25000"
765,0.0000,Tx-Rx,0,-52.7235,"-0.15000 1.10000 4.90000, -3.35000 0.10000 4.25000"
766,0.0000,Tx-Rx,0,-52.9702,"-0.15000 1.10000 4.90000, -3.65000 0.10000 4.25000"
767,0.0000,Tx-Rx,0,-52.3977,"-0.15000 1.10000 4.90000, -3.95000 0.10000 4.25000"
768,0.0000,Tx-Rx,0,-52.8459,"-0.15000 1.10000 4.90000, -4.25000 0.10000 4.25000"
769,0.0000,Tx-Rx,0,-58.4980,"-0.15000 1.10000 4.90000, -4.55000 0.10000 4.25000"
770,0.0000,Tx-Rx,0,-56.9938,"-0.15000 1.10000 4.90000, -4.85000 0.10000 4.25000"
771,0.0000,Tx-Rx,0,-57.9290,"-0.15000 1.10000 4.90000, -5.15000 0.10000 4.25000"
772,0.0000,Tx-Rx,0,-62.0486,"-0.15000 1.10000 4.90000, -5.45000 0.10000 4.25000"
773,0.0000,Tx-Rx,0,-61.0863,"-0.15000 1.10000 4.90000, -5.75000 0.10000 4.25000"
774,0.0000,Tx-Rx,0,-60.2408,"-0.15000 1.10000 4.90000, -6.05000 0.10000 4.25000"
775,0.0000,Tx-Rx,0,-62.7081,"-0.15000 1.10000 4.90000, -6.35000 0.10000 4.25000"
776,0.0000,Tx-Rx,0,-64.7314,"-0.15000 1.10000 4.90000, -6.65000 0.10000 4.25000"
777,0.0000,Tx-Rx,0,-62.9983,"-0.15000 1.10000 4.90000, -6.95000 0.10000 4.25000"
778,0.0000,Tx-Rx,0,-63.1672,"-0.15000 1.10000 4.90000, -7.25000 0.10000 4.25000"
779,0.0000,Tx-Rx,0,-63.8041,"-0.15000 1.10000 4.90000, -7.55000 0.10000 4.25000"
780,0.0000,Tx-Rx,0,-63.8400,"-0.15000 1.10000 4.90000, -7.85000 0.10000 4.25000"
781,0.0000,Tx-Rx,0,-113.6839,"-0.15000 1.10000 4.90000, 9.85000 0.10000 3.95000"
782,0.0000,Tx-Rx,0,-120.0000,"-0.15000 1.10000 4.90000, 9.55000 0.10000 3.95000"
783,0.0000,Tx-Rx,0,-99.1933,"-0.15000 1.10000 4.90000, 9.25000 0.10000 3.95000"
784,0.0000,Tx-Rx,0,-102.3775,"-0.15000 1.10000 4.90000, 8.95000 0.10000 3.95000"
785,0.0000,Tx-Rx,0,-101.7216,"-0.15000 1.10000 4.90000, 8.65000 0.10000 3.95000"
786,0.0000,Tx-Rx,0,-108.6068,"-0.15000 1.10000 4.90000, 8.35000 0.10000 3.95000"
787,0.0000,Tx-Rx,0,-79.5220,"-0.15000 1.10000 4.90000, 8.05000 0.10000 3.95000"
788,0.0000,Tx-Rx,0,-75.1564,"-0.15000 1.10000 4.90000, 7.75000 0.10000 3.95000"
789,0.0000,Tx-Rx,0,-75.0164,"-0.15000 1.10000 4.90000, 7.45000 0.10000 3.95000"
790,0.0000,Tx-Rx,0,-75.0176,"-0.15000 1.10000 4.90000, 7.15000 0.10000 3.95000"
791,0.0000,Tx-Rx,0,-75.1115,"-0.15000 1.10000 4.90000, 6.85000 0.10000 3.95000"
792,0.0000,Tx-Rx,0,-74.4470,"-0.15000 1.10000 4.90000, 6.55000 0.10000 3.95000"
793,0.0000,Tx-Rx,0,-73.8418,"-0.15000 1.10000 4.90000, 6.25000 0.10000 3.95000"
794,0.0000,Tx-Rx,0,-73.9640,"-0.15000 1.10000 4.90000, 5.95000 0.10000 3.95000"
795,0.0000,Tx-Rx,0,-74.2890,"-0.15000 1.10000 4.90000, 5.65000 0.10000 3.95000"
796,0.0000,Tx-Rx,0,-74.4285,"-0.15000 1.10000 4.90000, 5.35000 0.10000 3.95000"
797,0.0000,Tx-Rx,0,-73.0590,"-0.15000 1.10000 4.90000, 5.05000 0.10000 3.95000"
798,0.0000,Tx-Rx,0,-73.0543,"-0.15000 1.10000 4.90000, 4.75000 0.10000 3.95000"
799,0.0000,Tx-Rx,0,-72.7609,"-0.15000 1.10000 4.90000, 4.45000 0.10000 3.95000"
800,0.0000,Tx-Rx,0,-72.2748,"-0.15000 1.10000 4.90000, 4.15000 0.10000 3.95000"
801,0.0000,Tx-Rx,0,-72.6658,"-0.15000 1.10000 4.90000, 3.85000 0.10000 3.95000"
802,0.0000,Tx-Rx,0,-71.8335,"-0.15000 1.10000 4.90000, 3.55000 0.10000 3.95000"
803,0.0000,Tx-Rx,0,-71.0542,"-0.15000 1.10000 4.90000, 3.25000 0.10000 3.95000"
804,0.0000,Tx-Rx,0,-70.4697,"-0.15000 1.10000 4.90000, 2.95000 0.10000 3.95000"
805,0.0000,Tx-Rx,0,-70.6185,"-0.15000 1.10000 4.90000, 2.65000 0.10000 3.95000"
806,0.0000,Tx-Rx,0,-69.9614,"-0.15000 1.10000 4.90000, 2.35000 0.10000 3.95000"
807,0.0000,Tx-Rx,0,-74.0615,"-0.15000 1.10000 4.90000, 2.05000 0.10000 3.95000"
808,0.0000,Tx-Rx,0,-73.5234,"-0.15000 1.10000 4.90000, 1.75000 0.10000 3.95000"
809,0.0000,Tx-Rx,0,-73.0881,"-0.15000 1.10000 4.90000, 1.45000 0.10000 3.95000"
810,0.0000,Tx-Rx,0,-73.0011,"-0.15000 1.10000 4.90000, 1.15000 0.10000 3.95000"
811,0.0000,Tx-Rx,0,-72.7872,"-0.15000 1.10000 4.90000, 0.85000 0.10000 3.95000"
812,0.0000,Tx-Rx,0,-72.2090,"-0.15000 1.10000 4.90000, 0.55000 0.10000 3.95000"
813,0.0000,Tx-Rx,0,-72.5483,"-0.15000 1.10000 4.90000, 0.25000 0.10000 3.95000"
814,0.0000,Tx-Rx,0,-44.2712,"-0.15000 1.10000 4.90000, -0.05000 0.10000 3.95000"
815,0.0000,Tx-Rx,0,-42.8724,"-0.15000 1.10000 4.90000, -0.35000 0.10000 3.95000"
816,0.0000,Tx-Rx,0,-43.3352,"-0.15000 1.10000 4.90000, -0.65000 0.10000 3.95000"
817,0.0000,Tx-Rx,0,-44.8855,"-0.15000 1.10000 4.90000, -0.95000 0.10000 3.95000"
818,0.0000,Tx-Rx,0,-45.9726,"-0.15000 1.10000 4.90000, -1.25000 0.10000 3.95000"
819,0.0000,Tx-Rx,0,-46.4111,"-0.15000 1.10000 4.90000, -1.55000 0.10000 3.95000"
820,0.0000,Tx-Rx,0,-46.5940,"-0.15000 1.10000 4.90000, -1.85000 0.10000 3.95000"
821,0.0000,Tx-Rx,0,-46.6345,"-0.15000 1.10000 4.90000, -2.15000 0.10000 3.95000"
822,0.0000,Tx-Rx,0,-44.3552,"-0.15000 1.10000 4.90000, -2.45000 0.10000 3.95000"
823,0.0000,Tx-Rx,0,-48.6828,"-0.15000 1.10000 4.90000, -2.75000 0.10000 3.95000"
824,0.0000,Tx-Rx,0,-51.6726,"-0.15000 1.10000 4.90000, -3.05000 0.10000 3.95000"
825,0.0000,Tx-Rx,0,-50.2641,"-0.15000 1.10000 4.90000, -3.35000 0.10000 3.95000"
826,0.0000,Tx-Rx,0,-50.2922,"-0.15000 1.10000 4.90000, -3.65000 0.10000 3.95000"
827,0.0000,Tx-Rx,0,-51.0073,"-0.15000 1.10000 4.90000, -3.95000 0.10000 3.95000"
828,0.0000,Tx-Rx,0,-51.4102,"-0.15000 1.10000 4.90000, -4.25000 0.10000 3.95000"
829,0.0000,Tx-Rx,0,-52.5759,"-0.15000 1.10000 4.90000, -4.55000 0.10000 3.95000"
830,0.0000,Tx-Rx,0,-52.6895,"-0.15000 1.10000 4.90000, -4.85000 0.10000 3.95000"
831,0.0000,Tx-Rx,0,-55.8344,"-0.15000 1.10000 4.90000, -5.15000 0.10000 3.95000"
832,0.0000,Tx-Rx,0,-62.0109,"-0.15000 1.10000 4.90000, -5.45000 0.10000 3.95000"
833,0.0000,Tx-Rx,0,-60.5154,"-0.15000 1.10000 4.90000, -5.75000 0.10000 3.95000"
834,0.0000,Tx-Rx,0,-60.5223,"-0.15000 1.10000 4.90000, -6.05000 0.10000 3.95000"
835,0.0000,Tx-Rx,0,-63.3048,"-0.15000 1.10000 4.90000, -6.35000 0.10000 3.95000"
836,0.0000,Tx-Rx,0,-65.1519,"-0.15000 1.10000 4.90000, -6.65000 0.10000 3.95000"
837,0.0000,Tx-Rx,0,-64.8760,"-0.15000 1.10000 4.90000, -6.95000 0.10000 3.95000"
838,0.0000,Tx-Rx,0,-65.2151,"-0.15000 1.10000 4.90000, -7.25000 0.10000 3.95000"
839,0.0000,Tx-Rx,0,-66.0762,"-0.15000 1.10000 4.90000, -7.55000 0.10000 3.95000"
840,0.0000,Tx-Rx,0,-66.5792,"-0.15000 1.10000 4.90000, -7.85000 0.10000 3.95000"
841,0.0000,Tx-Rx,0,-120.0000,"-0.15000 1.10000 4.90000, 9.85000 0.10000 3.65000"
842,0.0000,Tx-Rx,0,-98.2706,"-0.15000 1.10000 4.90000, 9.55000 0.10000 3.65000"
843,0.0000,Tx-Rx,0,-120.0000,"-0.15000 1.10000 4.90000, 9.25000 0.10000 3.65000"
844,0.0000,Tx-Rx,0,-95.1281,"-0.15000 1.10000 4.90000, 8.95000 0.10000 3.65000"
845,0.0000,Tx-Rx,0,-114.0112,"-0.15000 1.10000 4.90000, 8.65000 0.10000 3.65000"
846,0.0000,Tx-Rx,0,-99.6422,"-0.15000 1.10000 4.90000, 8.35000 0.10000 3.65000"
847,0.0000,Tx-Rx,0,-78.6723,"-0.15000 1.10000 4.90000, 8.05000 0.10000 3.65000"
848,0.0000,Tx-Rx,0,-74.4764,"-0.15000 1.10000 4.90000, 7.75000 0.10000 3.65000"
849,0.0000,Tx-Rx,0,-75.2362,"-0.15000 1.10000 4.90000, 7.45000 0.10000 3.65000"
850,0.0000,Tx-Rx,0,-74.6613,"-0.15000 1.10000 4.90000, 7.15000 0.10000 3.65000"
851,0.0000,Tx-Rx,0,-74.5920,"-0.15000 1.10000 4.90000, 6.85000 0.10000 3.65000"
852,0.0000,Tx-Rx,0,-75.7054,"-0.15000 1.10000 4.90000, 6.55000 0.10000 3.65000"
853,0.0000,Tx-Rx,0,-73.7491,"-0.15000 1.10000 4.90000, 6.25000 0.10000 3.65000"
854,0.0000,Tx-Rx,0,-74.2239,"-0.15000 1.10000 4.90000, 5.95000 0.10000 3.65000"
855,0.0000,Tx-Rx,0,-73.8637,"-0.15000 1.10000 4.90000, 5.65000 0.10000 3.65000"
856,0.0000,Tx-Rx,0,-73.9552,"-0.15000 1.10000 4.90000, 5.35000 0.10000 3.65000"
857,0.0000,Tx-Rx,0,-73.9813,"-0.15000 1.10000 4.90000, 5.05000 0.10000 3.65000"
858,0.0000,Tx-Rx,0,-73.5082,"-0.15000 1.10000 4.90000, 4.75000 0.10000 3.65000"
859,0.0000,Tx-Rx,0,-72.8524,"-0.15000 1.10000 4.90000, 4.45000 0.10000 3.65000"
860,0.0000,Tx-Rx,0,-73.3832,"-0.15000 1.10000 4.90000, 4.15000 0.10000 3.65000"
861,0.0000,Tx-Rx,0,-71.8170,"-0.15000 1.10000 4.90000, 3.85000 0.10000 3.65000"
862,0.0000,Tx-Rx,0,-72.3107,"-0.15000 1.10000 4.90000, 3.55000 0.10000 3.65000"
863,0.0000,Tx-Rx,0,-71.3456,"-0.15000 1.10000 4.90000, 3.25000 0.10000 3.65000"
864,0.0000,Tx-Rx,0,-71.3226,"-0.15000 1.10000 4.90000, 2.95000 0.10000 3.65000"
865,0.0000,Tx-Rx,0,-70.8758,"-0.15000 1.10000 4.90000, 2.65000 0.10000 3.65000"
866,0.0000,Tx-Rx,0,-70.2542,"-0.15000 1.10000 4.90000, 2.35000 0.10000 3.65000"
867,0.0000,Tx-Rx,0,-74.5113,"-0.15000 1.10000 4.90000, 2.05000 0.10000 3.65000"
868,0.0000,Tx-Rx,0,-74.1458,"-0.15000 1.10000 4.90000, 1.75000 0.10000 3.65000"
869,0.0000,Tx-Rx,0,-74.1369,"-0.15000 1.10000 4.90000, 1.45000 0.10000 3.65000"
870,0.0000,Tx-Rx,0,-74.2361,"-0.15000 1.10000 4.90000, 1.15000 0.10000 3.65000"
871,0.0000,Tx-Rx,0,-74.1333,"-0.15000 1.10000 4.90000, 0.85000 0.10000 3.65000"
872,0.0000,Tx-Rx,0,-73.9425,"-0.15000 1.10000 4.90000, 0.55000 0.10000 3.65000"
873,0.0000,Tx-Rx,0,-72.9874,"-0.15000 1.10000 4.90000, 0.25000 0.10000 3.65000"
874,0.0000,Tx-Rx,0,-45.4131,"-0.15000 1.10000 4.90000, -0.05000 0.10000 3.65000"
875,0.0000,Tx-Rx,0,-43.8876,"-0.15000 1.10000 4.90000, -0.35000 0.10000 3.65000"
876,0.0000,Tx-Rx,0,-45.2629,"-0.15000 1.10000 4.90000, -0.65000 0.10000 3.65000"
877,0.0000,Tx-Rx,0,-46.2731,"-0.15000 1.10000 4.90000, -0.95000 0.10000 3.65000"
878,0.0000,Tx-Rx,0,-46.6971,"-0.15000 1.10000 4.90000, -1.25000 0.10000 3.65000"
879,0.0000,Tx-Rx,0,-47.2820,"-0.15000 1.10000 4.90000, -1.55000 0.10000 3.65000"
880,0.0000,Tx-Rx,0,-47.5698,"-0.15000 1.10000 4.90000, -1.85000 0.10000 3.65000"
881,0.0000,Tx-Rx,0,-47.7249,"-0.15000 1.10000 4.90000, -2.15000 0.10000 3.65000"
882,0.0000,Tx-Rx,0,-44.1896,"-0.15000 1.10000 4.90000, -2.45000 0.10000 3.65000"
883,0.0000,Tx-Rx,0,-44.4657,"-0.15000 1.10000 4.90000, -2.75000 0.10000 3.65000"
884,0.0000,Tx-Rx,0,-45.0731,"-0.15000 1.10000 4.90000, -3.05000 0.10000 3.65000"
885,0.0000,Tx-Rx,0,-46.6749,"-0.15000 1.10000 4.90000, -3.35000 0.10000 3.65000"
886,0.0000,Tx-Rx,0,-48.5325,"-0.15000 1.10000 4.90000, -3.65000 0.10000 3.65000"
887,0.0000,Tx-Rx,0,-49.8132,"-0.15000 1.10000 4.90000, -3.95000 0.10000 3.65000"
888,0.0000,Tx-Rx,0,-50.2550,"-0.15000 1.10000 4.90000, -4.25000 0.10000 3.65000"
889,0.0000,Tx-Rx,0,-50.8153,"-0.15000 1.10000 4.90000, -4.55000 0.10000 3.65000"
890,0.0000,Tx-Rx,0,-51.5335,"-0.15000 1.10000 4.90000, -4.85000 0.10000 3.65000"
891,0.0000,Tx-Rx,0,-55.1174,"-0.15000 1.10000 4.90000, -5.15000 0.10000 3.65000"
892,0.0000,Tx-Rx,0,-65.0151,"-0.15000 1.10000 4.90000, -5.45000 0.10000 3.65000"
893,0.0000,Tx-Rx,0,-62.5102,"-0.15000 1.10000 4.90000, -5.75000 0.10000 3.65000"
894,0.0000,Tx-Rx,0,-62.5649,"-0.15000 1.10000 4.90000, -6.05000 0.10000 3.65000"
895,0.0000,Tx-Rx,0,-63.2237,"-0.15000 1.10000 4.90000, -6.35000 0.10000 3.65000"
896,0.0000,Tx-Rx,0,-65.1280,"-0.15000 1.10000 4.90000, -6.65000 0.10000 3.65000"
897,0.0000,Tx-Rx,0,-65.2217,"-0.15000 1.10000 4.90000, -6.95000 0.10000 3.65000"
898,0.0000,Tx-Rx,0,-66.0678,"-0.15000 1.10000 4.90000, -7.25000 0.10000 3.65000"
899,0.0000,Tx-Rx,0,-66.9527,"-0.15000 1.10000 4.90000, -7.55000 0.10000 3.65000"
900,0.0000,Tx-Rx,0,-66.8612,"-0.15000 1.10000 4.90000, -7.85000 0.10000 3.65000"
901,0.0000,Tx-Rx,0,-100.6324,"-0.15000 1.10000 4.90000, 9.85000 0.10000 3.35000"
902,0.0000,Tx-Rx,0,-103.8249,"-0.15000 1.10000 4.90000, 9.55000 0.10000 3.35000"
903,0.0000,Tx-Rx,0,-120.0000,"-0.15000 1.10000 4.90000, 9.25000 0.10000 3.35000"
904,0.0000,Tx-Rx,0,-101.0723,"-0.15000 1.10000 4.90000, 8.95000 0.10000 3.35000"
905,0.0000,Tx-Rx,0,-113.2814,"-0.15000 1.10000 4.90000, 8.65000 0.10000 3.35000"
906,0.0000,Tx-Rx,0,-97.0992,"-0.15000 1.10000 4.90000, 8.35000 0.10000 3.35000"
907,0.0000,Tx-Rx,0,-79.7260,"-0.15000 1.10000 4.90000, 8.05000 0.10000 3.35000"
908,0.0000,Tx-Rx,0,-76.1235,"-0.15000 1.10000 4.90000, 7.75000 0.10000 3.35000"
909,0.0000,Tx-Rx,0,-75.8982,"-0.15000 1.10000 4.90000, 7.45000 0.10000 3.35000"
910,0.0000,Tx-Rx,0,-75.8335,"-0.15000 1.10000 4.90000, 7.15000 0.10000 3.35000"
911,0.0000,Tx-Rx,0,-75.2592,"-0.15000 1.10000 4.90000, 6.85000 0.10000 3.35000"
912,0.0000,Tx-Rx,0,-74.7515,"-0.15000 1.10000 4.90000, 6.55000 0.10000 3.35000"
913,0.0000,Tx-Rx,0,-74.7240,"-0.15000 1.10000 4.90000, 6.25000 0.10000 3.35000"
914,0.0000,Tx-Rx,0,-73.5732,"-0.15000 1.10000 4.90000, 5.95000 0.10000 3.35000"
915,0.0000,Tx-Rx,0,-73.7587,"-0.15000 1.10000 4.90000, 5.65000 0.10000 3.35000"
916,0.0000,Tx-Rx,0,-74.2811,"-0.15000 1.10000 4.90000, 5.35000 0.10000 3.35000"
917,0.0000,Tx-Rx,0,-73.7680,"-0.15000 1.10000 4.90000, 5.05000 0.10000 3.35000"
918,0.0000,Tx-Rx,0,-74.1433,"-0.15000 1.10000 4.90000, 4.75000 0.10000 3.35000"
919,0.0000,Tx-Rx,0,-73.1502,"-0.15000 1.10000 4.90000, 4.45000 0.10000 3.35000"
920,0.0000,Tx-Rx,0,-73.1237,"-0.15000 1.10000 4.90000, 4.15000 0.10000 3.35000"
921,0.0000,Tx-Rx,0,-72.7085,"-0.15000 1.10000 4.90000, 3.85000 0.10000 3.35000"
922,0.0000,Tx-Rx,0,-72.2966,"-0.15000 1.10000 4.90000, 3.55000 0.10000 3.35000"
923,0.0000,Tx-Rx,0,-72.2462,"-0.15000 1.10000 4.90000, 3.25000 0.10000 3.35000"
924,0.0000,Tx-Rx,0,-71.4721,"-0.15000 1.10000 4.90000, 2.95000 0.10000 3.35000"
925,0.0000,Tx-Rx,0,-71.5335,"-0.15000 1.10000 4.90000, 2.65000 0.10000 3.35000"
926,0.0000,Tx-Rx,0,-70.9294,"-0.15000 1.10000 4.90000, 2.35000 0.10000 3.35000"
927,0.0000,Tx-Rx,0,-75.0222,"-0.15000 1.10000 4.90000, 2.05000 0.10000 3.35000"
928,0.0000,Tx-Rx,0,-74.5516,"-0.15000 1.10000 4.90000, 1.75000 0.10000 3.35000"
929,0.0000,Tx-Rx,0,-74.7251,"-0.15000 1.10000 4.90000, 1.45000 0.10000 3.35000"
930,0.0000,Tx-Rx,0,-75.1223,"-0.15000 1.10000 4.90000, 1.15000 0.10000 3.35000"
931,0.0000,Tx-Rx,0,-75.4206,"-0.15000 1.10000 4.90000, 0.85000 0.10000 3.35000"
932,0.0000,Tx-Rx,0,-74.6587,"-0.15000 1.10000 4.90000, 0.55000 0.10000 3.35000"
933,0.0000,Tx-Rx,0,-73.4696,"-0.15000 1.10000 4.90000, 0.25000 0.10000 3.35000"
934,0.0000,Tx-Rx,0,-46.5849,"-0.15000 1.10000 4.90000, -0.05000 0.10000 3.35000"
935,0.0000,Tx-Rx,0,-45.9807,"-0.15000 1.10000 4.90000, -0.35000 0.10000 3.35000"
936,0.0000,Tx-Rx,0,-46.7780,"-0.15000 1.10000 4.90000, -0.65000 0.10000 3.35000"
937,0.0000,Tx-Rx,0,-47.2934,"-0.15000 1.10000 4.90000, -0.95000 0.10000 3.35000"
938,0.0000,Tx-Rx,0,-47.5779,"-0.15000 1.10000 4.90000, -1.25000 0.10000 3.35000"
939,0.0000,Tx-Rx,0,-48.2997,"-0.15000 1.10000 4.90000, -1.55000 0.10000 3.35000"
940,0.0000,Tx-Rx,0,-48.3447,"-0.15000 1.10000 4.90000, -1.85000 0.10000 3.35000"
941,0.0000,Tx-Rx,0,-48.0083,"-0.15000 1.10000 4.90000, -2.15000 0.10000 3.35000"
942,0.0000,Tx-Rx,0,-44.5700,"-0.15000 1.10000 4.90000, -2.45000 0.10000 3.35000"
943,0.0000,Tx-Rx,0,-47.2458,"-0.15000 1.10000 4.90000, -2.75000 0.10000 3.35000"
944,0.0000,Tx-Rx,0,-47.8672,"-0.15000 1.10000 4.90000, -3.05000 0.10000 3.35000"
945,0.0000,Tx-Rx,0,-48.4010,"-0.15000 1.10000 4.90000, -3.35000 0.10000 3.35000"
946,0.0000,Tx-Rx,0,-48.8892,"-0.15000 1.10000 4.90000, -3.65000 0.10000 3.35000"
947,0.0000,Tx-Rx,0,-50.2895,"-0.15000 1.10000 4.90000, -3.95000 0.10000 3.35000"
948,0.0000,Tx-Rx,0,-50.6696,"-0.15000 1.10000 4.90000, -4.25000 0.10000 3.35000"
949,0.0000,Tx-Rx,0,-51.2867,"-0.15000 1.10000 4.90000, -4.55000 0.10000 3.35000"
950,0.0000,Tx-Rx,0,-52.2366,"-0.15000 1.10000 4.90000, -4.85000 0.10000 3.35000"
951,0.0000,Tx-Rx,0,-55.0277,"-0.15000 1.10000 4.90000, -5.15000 0.10000 3.35000"
952,0.0000,Tx-Rx,0,-62.5489,"-0.15000 1.10000 4.90000, -5.45000 0.10000 3.35000"
953,0.0000,Tx-Rx,0,-62.1486,"-0.15000 1.10000 4.90000, -5.75000 0.10000 3.35000"
954,0.0000,Tx-Rx,0,-62.4214,"-0.15000 1.10000 4.90000, -6.05000 0.10000 3.35000"
955,0.0000,Tx-Rx,0,-63.3044,"-0.15000 1.10000 4.90000, -6.35000 0.10000 3.35000"
956,0.0000,Tx-Rx,0,-66.0430,"-0.15000 1.10000 4.90000, -6.65000 0.10000 3.35000"
957,0.0000,Tx-Rx,0,-65.6401,"-0.15000 1.10000 4.90000, -6.95000 0.10000 3.35000"
958,0.0000,Tx-Rx,0,-67.5026,"-0.15000 1.10000 4.90000, -7.25000 0.10000 3.35000"
959,0.0000,Tx-Rx,0,-67.4377,"-0.15000 1.10000 4.90000, -7.55000 0.10000 3.35000"
960,0.0000,Tx-Rx,0,-67.5569,"-0.15000 1.10000 4.90000, -7.85000 0.10000 3.35000"
961,0.0000,Tx-Rx,0,-90.0514,"-0.15000 1.10000 4.90000, 9.85000 0.10000 3.05000"
962,0.0000,Tx-Rx,0,-91.4714,"-0.15000 1.10000 4.90000, 9.55000 0.10000 3.05000"
963,0.0000,Tx-Rx,0,-89.1126,"-0.15000 1.10000 4.90000, 9.25000 0.10000 3.05000"
964,0.0000,Tx-Rx,0,-90.0200,"-0.15000 1.10000 4.90000, 8.95000 0.10000 3.05000"
965,0.0000,Tx-Rx,0,-93.0492,"-0.15000 1.10000 4.90000, 8.65000 0.10000 3.05000"
966,0.0000,Tx-Rx,0,-86.5424,"-0.15000 1.10000 4.90000, 8.35000 0.10000 3.05000"
967,0.0000,Tx-Rx,0,-79.3349,"-0.15000 1.10000 4.90000, 8.05000 0.10000 3.05000"
968,0.0000,Tx-Rx,0,-76.6642,"-0.15000 1.10000 4.90000, 7.75000 0.10000 3.05000"
969,0.0000,Tx-Rx,0,-75.2257,"-0.15000 1.10000 4.90000, 7.45000 0.10000 3.05000"
970,0.0000,Tx-Rx,0,-75.1924,"-0.15000 1.10000 4.90000, 7.15000 0.10000 3.05000"
971,0.0000,Tx-Rx,0,-75.2182,"-0.15000 1.10000 4.90000, 6.85000 0.10000 3.05000"
972,0.0000,Tx-Rx,0,-74.8762,"-0.15000 1.10000 4.90000, 6.55000 0.10000 3.05000"
973,0.0000,Tx-Rx,0,-74.8119,"-0.15000 1.10000 4.90000, 6.25000 0.10000 3.05000"
974,0.0000,Tx-Rx,0,-74.9233,"-0.15000 1.10000 4.90000, 5.95000 0.10000 3.05000"
975,0.0000,Tx-Rx,0,-74.8426,"-0.15000 1.10000 4.90000, 5.65000 0.10000 3.05000"
976,0.0000,Tx-Rx,0,-74.2388,"-0.15000 1.10000 4.90000, 5.35000 0.10000 3.05000"
977,0.0000,Tx-Rx,0,-73.5363,"-0.15000 1.10000 4.90000, 5.05000 0.10000 3.05000"
978,0.0000,Tx-Rx,0,-74.2027,"-0.15000 1.10000 4.90000, 4.75000 0.10000 3.05000"
979,0.0000,Tx-Rx,0,-73.3585,"-0.15000 1.10000 4.90000, 4.45000 0.10000 3.05000"
980,0.0000,Tx-Rx,0,-73.4876,"-0.15000 1.10000 4.90000, 4.15000 0.10000 3.05000"
981,0.0000,Tx-Rx,0,-72.9744,"-0.15000 1.10000 4.90000, 3.85000 0.10000 3.05000"
982,0.0000,Tx-Rx,0,-72.3740,"-0.15000 1.10000 4.90000, 3.55000 0.10000 3.05000"
983,0.0000,Tx-Rx,0,-72.4685,"-0.15000 1.10000 4.90000, 3.25000 0.10000 3.05000"
984,0.0000,Tx-Rx,0,-72.1781,"-0.15000 1.10000 4.90000, 2.95000 0.10000 3.05000"
985,0.0000,Tx-Rx,0,-71.6841,"-0.15000 1.10000 4.90000, 2.65000 0.10000 3.05000"
986,0.0000,Tx-Rx,0,-71.4310,"-0.15000 1.10000 4.90000, 2.35000 0.10000 3.05000"
987,0.0000,Tx-Rx,0,-75.7308,"-0.15000 1.10000 4.90000, 2.05000 0.10000 3.05000"
988,0.0000,Tx-Rx,0,-76.3453,"-0.15000 1.10000 4.90000, 1.75000 0.10000 3.05000"
989,0.0000,Tx-Rx,0,-75.2167,"-0.15000 1.10000 4.90000, 1.45000 0.10000 3.05000"
990,0.0000,Tx-Rx,0,-76.2753,"-0.15000 1.10000 4.90000, 1.15000 0.10000 3.05000"
991,0.0000,Tx-Rx,0,-76.1975,"-0.15000 1.10000 4.90000, 0.85000 0.10000 3.05000"
992,0.0000,Tx-Rx,0,-75.7641,"-0.15000 1.10000 4.90000, 0.55000 0.10000 3.05000"
993,0.0000,Tx-Rx,0,-74.0963,"-0.15000 1.10000 4.90000, 0.25000 0.10000 3.05000"
994,0.0000,Tx-Rx,0,-49.0597,"-0.15000 1.10000 4.90000, -0.05000 0.10000 3.05000"
995,0.0000,Tx-Rx,0,-47.8757,"-0.15000 1.10000 4.90000, -0.35000 0.10000 3.05000"
996,0.0000,Tx-Rx,0,-48.4862,"-0.15000 1.10000 4.90000, -0.65000 0.10000 3.05000"
997,0.0000,Tx-Rx,0,-48.4113,"-0.15000 1.10000 4.90000, -0.95000 0.10000 3.05000"
998,0.0000,Tx-Rx,0,-48.5397,"-0.15000 1.10000 4.90000, -1.25000 0.10000 3.05000"
999,0.0000,Tx-Rx,0,-49.0293,"-0.15000 1.10000 4.90000, -1.55000 0.10000 3.05000"
1000,0.0000,Tx-Rx,0,-48.5130,"-0.15000 1.10000 4.90000, -1.85000 0.10000 3.05000"
1001,0.0000,Tx-Rx,0,-47.5147,"-0.15000 1.10000 4.90000, -2.15000 0.10000 3.05000"
1002,0.0000,Tx-Rx,0,-44.9977,"-0.15000 1.10000 4.90000, -2.45000 0.10000 3.05000"
1003,0.0000,Tx-Rx,0,-55.0042,"-0.15000 1.10000 4.90000, -2.75000 0.10000 3.05000"
1004,0.0000,Tx-Rx,0,-59.5636,"-0.15000 1.10000 4.90000, -3.05000 0.10000 3.05000"
1005,0.0000,Tx-Rx,0,-59.0176,"-0.15000 1.10000 4.90000, -3.35000 0.10000 3.05000"
1006,0.0000,Tx-Rx,0,-58.9888,"-0.15000 1.10000 4.90000, -3.65000 0.10000 3.05000"
1007,0.0000,Tx-Rx,0,-58.8806,"-0.15000 1.10000 4.90000, -3.95000 0.10000 3.05000"
1008,0.0000,Tx-Rx,0,-58.9433,"-0.15000 1.10000 4.90000, -4.25000 0.10000 3.05000"
1009,0.0000,Tx-Rx,0,-59.2354,"-0.15000 1.10000 4.90000, -4.55000 0.10000 3.05000"
1010,0.0000,Tx-Rx,0,-60.0871,"-0.15000 1.10000 4.90000, -4.85000 0.10000 3.05000"
1011,0.0000,Tx-Rx,0,-61.3468,"-0.15000 1.10000 4.90000, -5.15000 0.10000 3.05000"
1012,0.0000,Tx-Rx,0,-62.1688,"-0.15000 1.10000 4.90000, -5.45000 0.10000 3.05000"
1013,0.0000,Tx-Rx,0,-60.2599,"-0.15000 1.10000 4.90000, -5.75000 0.10000 3.05000"
1014,0.0000,Tx-Rx,0,-60.3983,"-0.15000 1.10000 4.90000, -6.05000 0.10000 3.05000"
1015,0.0000,Tx-Rx,0,-63.1511,"-0.15000 1.10000 4.90000, -6.35000 0.10000 3.05000"
1016,0.0000,Tx-Rx,0,-65.8819,"-0.15000 1.10000 4.90000, -6.65000 0.10000 3.05000"
1017,0.0000,Tx-Rx,0,-65.5774,"-0.15000 1.10000 4.90000, -6.95000 0.10000 3.05000"
1018,0.0000,Tx-Rx,0,-66.4600,"-0.15000 1.10000 4.90000, -7.25000 0.10000 3.05000"
1019,0.0000,Tx-Rx,0,-67.5721,"-0.15000 1.10000 4.90000, -7.55000 0.10000 3.05000"
1020,0.0000,Tx-Rx,0,-67.8525,"-0.15000 1.10000 4.90000, -7.85000 0.10000 3.05000"
1021,0.0000,Tx-Rx,0,-80.4453,"-0.15000 1.10000 4.90000, 9.85000 0.10000 2.75000"
1022,0.0000,Tx-Rx,0,-80.7175,"-0.15000 1.10000 4.90000, 9.55000 0.10000 2.75000"
1023,0.0000,Tx-Rx,0,-81.3122,"-0.15000 1.10000 4.90000, 9.25000 0.10000 2.75000"
1024,0.0000,Tx-Rx,0,-78.6826,"-0.15000 1.10000 4.90000, 8.95000 0.10000 2.75000"
1025,0.0000,Tx-Rx,0,-77.3809,"-0.15000 1.10000 4.90000, 8.65000 0.10000 2.75000"
1026,0.0000,Tx-Rx,0,-76.7503,"-0.15000 1.10000 4.90000, 8.35000 0.10000 2.75000"
1027,0.0000,Tx-Rx,0,-76.7974,"-0.15000 1.10000 4.90000, 8.05000 0.10000 2.75000"
1028,0.0000,Tx-Rx,0,-76.4359,"-0.15000 1.10000 4.90000, 7.75000 0.10000 2.75000"
1029,0.0000,Tx-Rx,0,-76.1000,"-0.15000 1.10000 4.90000, 7.45000 0.10000 2.75000"
1030,0.0000,Tx-Rx,0,-75.8391,"-0.15000 1.10000 4.90000, 7.15000 0.10000 2.75000"
1031,0.0000,Tx-Rx,0,-76.6571,"-0.15000 1.10000 4.90000, 6.85000 0.10000 2.75000"
1032,0.0000,Tx-Rx,0,-75.9689,"-0.15000 1.10000 4.90000, 6.55000 0.10000 2.75000"
1033,0.0000,Tx-Rx,0,-75.4820,"-0.15000 1.10000 4.90000, 6.25000 0.10000 2.75000"
1034,0.0000,Tx-Rx,0,-75.4533,"-0.15000 1.10000 4.90000, 5.95000 0.10000 2.75000"
1035,0.0000,Tx-Rx,0,-74.7749,"-0.15000 1.10000 4.90000, 5.65000 0.10000 2.75000"
1036,0.0000,Tx-Rx,0,-74.1827,"-0.15000 1.10000 4.90000, 5.35000 0.10000 2.75000"
1037,0.0000,Tx-Rx,0,-73.8472,"-0.15000 1.10000 4.90000, 5.05000 0.10000 2.75000"
1038,0.0000,Tx-Rx,0,-73.8382,"-0.15000 1.10000 4.90000, 4.75000 0.10000 2.75000"
1039,0.0000,Tx-Rx,0,-73.4931,"-0.15000 1.10000 4.90000, 4.45000 0.10000 2.75000"
1040,0.0000,Tx-Rx,0,-73.1796,"-0.15000 1.10000 4.90000, 4.15000 0.10000 2.75000"
1041,0.0000,Tx-Rx,0,-73.0404,"-0.15000 1.10000 4.90000, 3.85000 0.10000 2.75000"
1042,0.0000,Tx-Rx,0,-72.6324,"-0.15000 1.10000 4.90000, 3.55000 0.10000 2.75000"
1043,0.0000,Tx-Rx,0,-72.7842,"-0.15000 1.10000 4.90000, 3.25000 0.10000 2.75000"
1044,0.0000,Tx-Rx,0,-72.7761,"-0.15000 1.10000 4.90000, 2.95000 0.10000 2.75000"
1045,0.0000,Tx-Rx,0,-72.2273,"-0.15000 1.10000 4.90000, 2.65000 0.10000 2.75000"
1046,0.0000,Tx-Rx,0,-72.1614,"-0.15000 1.10000 4.90000, 2.35000 0.10000 2.75000"
1047,0.0000,Tx-Rx,0,-75.9890,"-0.15000 1.10000 4.90000, 2.05000 0.10000 2.75000"
1048,0.0000,Tx-Rx,0,-77.4667,"-0.15000 1.10000 4.90000, 1.75000 0.10000 2.75000"
1049,0.0000,Tx-Rx,0,-75.6252,"-0.15000 1.10000 4.90000, 1.45000 0.10000 2.75000"
1050,0.0000,Tx-Rx,0,-76.2076,"-0.15000 1.10000 4.90000, 1.15000 0.10000 2.75000"
1051,0.0000,Tx-Rx,0,-76.9031,"-0.15000 1.10000 4.90000, 0.85000 0.10000 2.75000"
1052,0.0000,Tx-Rx,0,-76.1174,"-0.15000 1.10000 4.90000, 0.55000 0.10000 2.75000"
1053,0.0000,Tx-Rx,0,-76.5000,"-0.15000 1.10000 4.90000, 0.25000 0.10000 2.75000"
1054,0.0000,Tx-Rx,0,-51.1172,"-0.15000 1.10000 4.90000, -0.05000 0.10000 2.75000"
1055,0.0000,Tx-Rx,0,-49.5212,"-0.15000 1.10000 4.90000, -0.35000 0.10000 2.75000"
1056,0.0000,Tx-Rx,0,-49.7621,"-0.15000 1.10000 4.90000, -0.65000 0.10000 2.75000"
1057,0.0000,Tx-Rx,0,-50.2409,"-0.15000 1.10000 4.90000, -0.95000 0.10000 2.75000"
1058,0.0000,Tx-Rx,0,-49.3039,"-0.15000 1.10000 4.90000, -1.25000 0.10000 2.75000"
1059,0.0000,Tx-Rx,0,-49.0034,"-0.15000 1.10000 4.90000, -1.55000 0.10000 2.75000"
1060,0.0000,Tx-Rx,0,-48.3756,"-0.15000 1.10000 4.90000, -1.85000 0.10000 2.75000"
1061,0.0000,Tx-Rx,0,-47.9897,"-0.15000 1.10000 4.90000, -2.15000 0.10000 2.75000"
1062,0.0000,Tx-Rx,0,-45.4268,"-0.15000 1.10000 4.90000, -2.45000 0.10000 2.75000"
1063,0.0000,Tx-Rx,0,-54.4036,"-0.15000 1.10000 4.90000, -2.75000 0.10000 2.75000"
1064,0.0000,Tx-Rx,0,-59.4565,"-0.15000 1.10000 4.90000, -3.05000 0.10000 2.75000"
1065,0.0000,Tx-Rx,0,-62.2979,"-0.15000 1.10000 4.90000, -3.35000 0.10000 2.75000"
1066,0.0000,Tx-Rx,0,-62.5455,"-0.15000 1.10000 4.90000, -3.65000 0.10000 2.75000"
1067,0.0000,Tx-Rx,0,-62.0342,"-0.15000 1.10000 4.90000, -3.95000 0.10000 2.75000"
1068,0.0000,Tx-Rx,0,-61.7038,"-0.15000 1.10000 4.90000, -4.25000 0.10000 2.75000"
1069,0.0000,Tx-Rx,0,-62.3690,"-0.15000 1.10000 4.90000, -4.55000 0.10000 2.75000"
1070,0.0000,Tx-Rx,0,-62.8438,"-0.15000 1.10000 4.90000, -4.85000 0.10000 2.75000"
1071,0.0000,Tx-Rx,0,-63.7158,"-0.15000 1.10000 4.90000, -5.15000 0.10000 2.75000"
1072,0.0000,Tx-Rx,0,-63.2976,"-0.15000 1.10000 4.90000, -5.45000 0.10000 2.75000"
1073,0.0000,Tx-Rx,0,-63.7730,"-0.15000 1.10000 4.90000, -5.75000 0.10000 2.75000"
1074,0.0000,Tx-Rx,0,-66.5238,"-0.15000 1.10000 4.90000, -6.05000 0.10000 2.75000"
1075,0.0000,Tx-Rx,0,-66.0855,"-0.15000 1.10000 4.90000, -6.35000 0.10000 2.75000"
1076,0.0000,Tx-Rx,0,-65.4083,"-0.15000 1.10000 4.90000, -6.65000 0.10000 2.75000"
1077,0.0000,Tx-Rx,0,-65.4701,"-0.15000 1.10000 4.90000, -6.95000 0.10000 2.75000"
1078,0.0000,Tx-Rx,0,-66.1741,"-0.15000 1.10000 4.90000, -7.25000 0.10000 2.75000"
1079,0.0000,Tx-Rx,0,-65.8285,"-0.15000 1.10000 4.90000, -7.55000 0.10000 2.75000"
1080,0.0000,Tx-Rx,0,-68.0035,"-0.15000 1.10000 4.90000, -7.85000 0.10000 2.75000"
1081,0.0000,Tx-Rx,0,-80.5612,"-0.15000 1.10000 4.90000, 9.85000 0.10000 2.45000"
1082,0.0000,Tx-Rx,0,-79.7138,"-0.15000 1.10000 4.90000, 9.55000 0.10000 2.45000"
1083,0.0000,Tx-Rx,0,-79.9946,"-0.15000 1.10000 4.90000, 9.25000 0.10000 2.45000"
1084,0.0000,Tx-Rx,0,-79.3192,"-0.15000 1.10000 4.90000, 8.95000 0.10000 2.45000"
1085,0.0000,Tx-Rx,0,-79.2694,"-0.15000 1.10000 4.90000, 8.65000 0.10000 2.45000"
1086,0.0000,Tx-Rx,0,-76.3349,"-0.15000 1.10000 4.90000, 8.35000 0.10000 2.45000"
1087,0.0000,Tx-Rx,0,-77.0047,"-0.15000 1.10000 4.90000, 8.05000 0.10000 2.45000"
1088,0.0000,Tx-Rx,0,-75.8222,"-0.15000 1.10000 4.90000, 7.75000 0.10000 2.45000"
1089,0.0000,Tx-Rx,0,-75.5867,"-0.15000 1.10000 4.90000, 7.45000 0.10000 2.45000"
1090,0.0000,Tx-Rx,0,-75.8050,"-0.15000 1.10000 4.90000, 7.15000 0.10000 2.45000"
1091,0.0000,Tx-Rx,0,-75.8377,"-0.15000 1.10000 4.90000, 6.85000 0.10000 2.45000"
1092,0.0000,Tx-Rx,0,-76.3855,"-0.15000 1.10000 4.90000, 6.55000 0.10000 2.45000"
1093,0.0000,Tx-Rx,0,-75.6047,"-0.15000 1.10000 4.90000, 6.25000 0.10000 2.45000"
1094,0.0000,Tx-Rx,0,-75.1593,"-0.15000 1.10000 4.90000, 5.95000 0.10000 2.45000"
1095,0.0000,Tx-Rx,0,-75.3278,"-0.15000 1.10000 4.90000, 5.65000 0.10000 2.45000"
1096,0.0000,Tx-Rx,0,-74.8933,"-0.15000 1.10000 4.90000, 5.35000 0.10000 2.45000"
1097,0.0000,Tx-Rx,0,-75.1606,"-0.15000 1.10000 4.90000, 5.05000 0.10000 2.45000"
1098,0.0000,Tx-Rx,0,-74.2387,"-0.15000 1.10000 4.90000, 4.75000 0.10000 2.45000"
1099,0.0000,Tx-Rx,0,-73.9905,"-0.15000 1.10000 4.90000, 4.45000 0.10000 2.45000"
1100,0.0000,Tx-Rx,0,-73.8042,"-0.15000 1.10000 4.90000, 4.15000 0.10000 2.45000"
1101,0.0000,Tx-Rx,0,-73.5336,"-0.15000 1.10000 4.90000, 3.85000 0.10000 2.45000"
1102,0.0000,Tx-Rx,0,-73.2156,"-0.15000 1.10000 4.90000, 3.55000 0.10000 2.45000"
1103,0.0000,Tx-Rx,0,-73.1034,"-0.15000 1.10000 4.90000, 3.25000 0.10000 2.45000"
1104,0.0000,Tx-Rx,0,-73.1468,"-0.15000 1.10000 4.90000, 2.95000 0.10000 2.45000"
1105,0.0000,Tx-Rx,0,-73.1183,"-0.15000 1.10000 4.90000, 2.65000 0.10000 2.45000"
1106,0.0000,Tx-Rx,0,-73.0902,"-0.15000 1.10000 4.90000, 2.35000 0.10000 2.45000"
1107,0.0000,Tx-Rx,0,-76.3078,"-0.15000 1.10000 4.90000, 2.05000 0.10000 2.45000"
1108,0.0000,Tx-Rx,0,-77.3443,"-0.15000 1.10000 4.90000, 1.75000 0.10000 2.45000"
1109,0.0000,Tx-Rx,0,-76.5520,"-0.15000 1.10000 4.90000, 1.45000 0.10000 2.45000"
1110,0.0000,Tx-Rx,0,-77.0511,"-0.15000 1.10000 4.90000, 1.15000 0.10000 2.45000"
1111,0.0000,Tx-Rx,0,-77.9516,"-0.15000 1.10000 4.90000, 0.85000 0.10000 2.45000"
1112,0.0000,Tx-Rx,0,-79.9898,"-0.15000 1.10000 4.90000, 0.55000 0.10000 2.45000"
1113,0.0000,Tx-Rx,0,-76.9748,"-0.15000 1.10000 4.90000, 0.25000 0.10000 2.45000"
1114,0.0000,Tx-Rx,0,-52.5104,"-0.15000 1.10000 4.90000, -0.05000 0.10000 2.45000"
1115,0.0000,Tx-Rx,0,-51.2202,"-0.15000 1.10000 4.90000, -0.35000 0.10000 2.45000"
1116,0.0000,Tx-Rx,0,-51.1756,"-0.15000 1.10000 4.90000, -0.65000 0.10000 2.45000"
1117,0.0000,Tx-Rx,0,-51.0811,"-0.15000 1.10000 4.90000, -0.95000 0.10000 2.45000"
1118,0.0000,Tx-Rx,0,-50.0913,"-0.15000 1.10000 4.90000, -1.25000 0.10000 2.45000"
1119,0.0000,Tx-Rx,0,-49.5668,"-0.15000 1.10000 4.90000, -1.55000 0.10000 2.45000"
1120,0.0000,Tx-Rx,0,-48.8723,"-0.15000 1.10000 4.90000, -1.85000 0.10000 2.45000"
1121,0.0000,Tx-Rx,0,-48.3619,"-0.15000 1.10000 4.90000, -2.15000 0.10000 2.45000"
1122,0.0000,Tx-Rx,0,-45.8454,"-0.15000 1.10000 4.90000, -2.45000 0.10000 2.45000"
1123,0.0000,Tx-Rx,0,-56.1188,"-0.15000 1.10000 4.90000, -2.75000 0.10000 2.45000"
1124,0.0000,Tx-Rx,0,-59.3177,"-0.15000 1.10000 4.90000, -3.05000 0.10000 2.45000"
1125,0.0000,Tx-Rx,0,-61.7039,"-0.15000 1.10000 4.90000, -3.35000 0.10000 2.45000"
1126,0.0000,Tx-Rx,0,-63.4752,"-0.15000 1.10000 4.90000, -3.65000 0.10000 2.45000"
1127,0.0000,Tx-Rx,0,-64.5816,"-0.15000 1.10000 4.90000, -3.95000 0.10000 2.45000"
1128,0.0000,Tx-Rx,0,-63.8101,"-0.15000 1.10000 4.90000, -4.25000 0.10000 2.45000"
1129,0.0000,Tx-Rx,0,-65.1524,"-0.15000 1.10000 4.90000, -4.55000 0.10000 2.45000"
1130,0.0000,Tx-Rx,0,-64.8804,"-0.15000 1.10000 4.90000, -4.85000 0.10000 2.45000"
1131,0.0000,Tx-Rx,0,-64.1924,"-0.15000 1.10000 4.90000, -5.15000 0.10000 2.45000"
1132,0.0000,Tx-Rx,0,-64.3557,"-0.15000 1.10000 4.90000, -5.45000 0.10000 2.45000"
1133,0.0000,Tx-Rx,0,-65.3909,"-0.15000 1.10000 4.90000, -5.75000 0.10000 2.45000"
1134,0.0000,Tx-Rx,0,-65.6734,"-0.15000 1.10000 4.90000, -6.05000 0.10000 2.45000"
1135,0.0000,Tx-Rx,0,-65.4282,"-0.15000 1.10000 4.90000, -6.35000 0.10000 2.45000"
1136,0.0000,Tx-Rx,0,-66.2710,"-0.15000 1.10000 4.90000, -6.65000 0.10000 2.45000"
1137,0.0000,Tx-Rx,0,-68.1416,"-0.15000 1.10000 4.90000, -6.95000 0.10000 2.45000"
1138,0.0000,Tx-Rx,0,-67.0707,"-0.15000 1.10000 4.90000, -7.25000 0.10000 2.45000"
1139,0.0000,Tx-Rx,0,-66.1356,"-0.15000 1.10000 4.90000, -7.55000 0.10000 2.45000"
1140,0.0000,Tx-Rx,0,-67.5614,"-0.15000 1.10000 4.90000, -7.85000 0.10000 2.45000"
1141,0.0000,Tx-Rx,0,-83.7639,"-0.15000 1.10000 4.90000, 9.85000 0.10000 2.15000"
1142,0.0000,Tx-Rx,0,-82.6074,"-0.15000 1.10000 4.90000, 9.55000 0.10000 2.15000"
1143,0.0000,Tx-Rx,0,-80.4847,"-0.15000 1.10000 4.90000, 9.25000 0.10000 2.15000"
1144,0.0000,Tx-Rx,0,-78.2532,"-0.15000 1.10000 4.90000, 8.95000 0.10000 2.15000"
1145,0.0000,Tx-Rx,0,-77.9538,"-0.15000 1.10000 4.90000, 8.65000 0.10000 2.15000"
1146,0.0000,Tx-Rx,0,-76.8912,"-0.15000 1.10000 4.90000, 8.35000 0.10000 2.15000"
1147,0.0000,Tx-Rx,0,-76.3450,"-0.15000 1.10000 4.90000, 8.05000 0.10000 2.15000"
1148,0.0000,Tx-Rx,0,-76.2890,"-0.15000 1.10000 4.90000, 7.75000 0.10000 2.15000"
1149,0.0000,Tx-Rx,0,-75.8976,"-0.15000 1.10000 4.90000, 7.45000 0.10000 2.15000"
1150,0.0000,Tx-Rx,0,-76.0206,"-0.15000 1.10000 4.90000, 7.15000 0.10000 2.15000"
1151,0.0000,Tx-Rx,0,-76.3145,"-0.15000 1.10000 4.90000, 6.85000 0.10000 2.15000"
1152,0.0000,Tx-Rx,0,-76.3430,"-0.15000 1.10000 4.90000, 6.55000 0.10000 2.15000"
1153,0.0000,Tx-Rx,0,-76.6127,"-0.15000 1.10000 4.90000, 6.25000 0.10000 2.15000"
1154,0.0000,Tx-Rx,0,-75.5293,"-0.15000 1.10000 4.90000, 5.95000 0.10000 2.15000"
1155,0.0000,Tx-Rx,0,-75.0636,"-0.15000 1.10000 4.90000, 5.65000 0.10000 2.15000"
1156,0.0000,Tx-Rx,0,-75.3817,"-0.15000 1.10000 4.90000, 5.35000 0.10000 2.15000"
1157,0.0000,Tx-Rx,0,-74.5775,"-0.15000 1.10000 4.90000, 5.05000 0.10000 2.15000"
1158,0.0000,Tx-Rx,0,-74.0518,"-0.15000 1.10000 4.90000, 4.75000 0.10000 2.15000"
1159,0.0000,Tx-Rx,0,-73.9550,"-0.15000 1.10000 4.90000, 4.45000 0.10000 2.15000"
1160,0.0000,Tx-Rx,0,-73.9985,"-0.15000 1.10000 4.90000, 4.15000 0.10000 2.15000"
1161,0.0000,Tx-Rx,0,-73.3726,"-0.15000 1.10000 4.90000, 3.85000 0.10000 2.15000"
1162,0.0000,Tx-Rx,0,-74.0377,"-0.15000 1.10000 4.90000, 3.55000 0.10000 2.15000"
1163,0.0000,Tx-Rx,0,-73.3712,"-0.15000 1.10000 4.90000, 3.25000 0.10000 2.15000"
1164,0.0000,Tx-Rx,0,-73.1783,"-0.15000 1.10000 4.90000, 2.95000 0.10000 2.15000"
1165,0.0000,Tx-Rx,0,-73.5983,"-0.15000 1.10000 4.90000, 2.65000 0.10000 2.15000"
1166,0.0000,Tx-Rx,0,-73.5429,"-0.15000 1.10000 4.90000, 2.35000 0.10000 2.15000"
1167,0.0000,Tx-Rx,0,-77.5832,"-0.15000 1.10000 4.90000, 2.05000 0.10000 2.15000"
1168,0.0000,Tx-Rx,0,-77.8717,"-0.15000 1.10000 4.90000, 1.75000 0.10000 2.15000"
1169,0.0000,Tx-Rx,0,-77.1213,"-0.15000 1.10000 4.90000, 1.45000 0.10000 2.15000"
1170,0.0000,Tx-Rx,0,-79.1491,"-0.15000 1.10000 4.90000, 1.15000 0.10000 2.15000"
1171,0.0000,Tx-Rx,0,-81.8629,"-0.15000 1.10000 4.90000, 0.85000 0.10000 2.15000"
1172,0.0000,Tx-Rx,0,-82.1275,"-0.15000 1.10000 4.90000, 0.55000 0.10000 2.15000"
1173,0.0000,Tx-Rx,0,-76.9005,"-0.15000 1.10000 4.90000, 0.25000 0.10000 2.15000"
1174,0.0000,Tx-Rx,0,-52.7972,"-0.15000 1.10000 4.90000, -0.05000 0.10000 2.15000"
1175,0.0000,Tx-Rx,0,-51.3318,"-0.15000 1.10000 4.90000, -0.35000 0.10000 2.15000"
1176,0.0000,Tx-Rx,0,-51.6909,"-0.15000 1.10000 4.90000, -0.65000 0.10000 2.15000"
1177,0.0000,Tx-Rx,0,-51.5275,"-0.15000 1.10000 4.90000, -0.95000 0.10000 2.15000"
1178,0.0000,Tx-Rx,0,-50.2232,"-0.15000 1.10000 4.90000, -1.25000 0.10000 2.15000"
1179,0.0000,Tx-Rx,0,-50.6190,"-0.15000 1.10000 4.90000, -1.55000 0.10000 2.15000"
1180,0.0000,Tx-Rx,0,-49.3447,"-0.15000 1.10000 4.90000, -1.85000 0.10000 2.15000"
1181,0.0000,Tx-Rx,0,-48.8363,"-0.15000 1.10000 4.90000, -2.15000 0.10000 2.15000"
1182,0.0000,Tx-Rx,0,-46.3172,"-0.15000 1.10000 4.90000, -2.45000 0.10000 2.15000"
1183,0.0000,Tx-Rx,0,-53.8722,"-0.15000 1.10000 4.90000, -2.75000 0.10000 2.15000"
1184,0.0000,Tx-Rx,0,-61.4522,"-0.15000 1.10000 4.90000, -3.05000 0.10000 2.15000"
1185,0.0000,Tx-Rx,0,-61.8835,"-0.15000 1.10000 4.90000, -3.35000 0.10000 2.15000"
1186,0.0000,Tx-Rx,0,-63.3514,"-0.15000 1.10000 4.90000, -3.65000 0.10000 2.15000"
1187,0.0000,Tx-Rx,0,-63.6043,"-0.15000 1.10000 4.90000, -3.95000 0.10000 2.15000"
1188,0.0000,Tx-Rx,0,-64.0908,"-0.15000 1.10000 4.90000, -4.25000 0.10000 2.15000"
1189,0.0000,Tx-Rx,0,-66.3990,"-0.15000 1.10000 4.90000, -4.55000 0.10000 2.15000"
1190,0.0000,Tx-Rx,0,-66.1903,"-0.15000 1.10000 4.90000, -4.85000 0.10000 2.15000"
1191,0.0000,Tx-Rx,0,-64.9552,"-0.15000 1.10000 4.90000, -5.15000 0.10000 2.15000"
1192,0.0000,Tx-Rx,0,-64.8159,"-0.15000 1.10000 4.90000, -5.45000 0.10000 2.15000"
1193,0.0000,Tx-Rx,0,-64.5860,"-0.15000 1.10000 4.90000, -5.75000 0.10000 2.15000"
1194,0.0000,Tx-Rx,0,-64.8364,"-0.15000 1.10000 4.90000, -6.05000 0.10000 2.15000"
1195,0.0000,Tx-Rx,0,-65.5167,"-0.15000 1.10000 4.90000, -6.35000 0.10000 2.15000"
1196,0.0000,Tx-Rx,0,-65.4922,"-0.15000 1.10000 4.90000, -6.65000 0.10000 2.15000"
1197,0.0000,Tx-Rx,0,-67.0783,"-0.15000 1.10000 4.90000, -6.95000 0.10000 2.15000"
1198,0.0000,Tx-Rx,0,-66.8239,"-0.15000 1.10000 4.90000, -7.25000 0.10000 2.15000"
1199,0.0000,Tx-Rx,0,-66.2426,"-0.15000 1.10000 4.90000, -7.55000 0.10000 2.15000"
1200,0.0000,Tx-Rx,0,-65.0160,"-0.15000 1.10000 4.90000, -7.85000 0.10000 2.15000"
1201,0.0000,Tx-Rx,0,-78.6609,"-0.15000 1.10000 4.90000, 9.85000 0.10000 1.85000"
1202,0.0000,Tx-Rx,0,-77.0260,"-0.15000 1.10000 4.90000, 9.55000 0.10000 1.85000"
1203,0.0000,Tx-Rx,0,-77.2988,"-0.15000 1.10000 4.90000, 9.25000 0.10000 1.85000"
1204,0.0000,Tx-Rx,0,-76.5242,"-0.15000 1.10000 4.90000, 8.95000 0.10000 1.85000"
1205,0.0000,Tx-Rx,0,-77.0910,"-0.15000 1.10000 4.90000, 8.65000 0.10000 1.85000"
1206,0.0000,Tx-Rx,0,-77.1959,"-0.15000 1.10000 4.90000, 8.35000 0.10000 1.85000"
1207,0.0000,Tx-Rx,0,-78.5582,"-0.15000 1.10000 4.90000, 8.05000 0.10000 1.85000"
1208,0.0000,Tx-Rx,0,-77.4781,"-0.15000 1.10000 4.90000, 7.75000 0.10000 1.85000"
1209,0.0000,Tx-Rx,0,-77.3018,"-0.15000 1.10000 4.90000, 7.45000 0.10000 1.85000"
1210,0.0000,Tx-Rx,0,-76.2152,"-0.15000 1.10000 4.90000, 7.15000 0.10000 1.85000"
1211,0.0000,Tx-Rx,0,-76.9648,"-0.15000 1.10000 4.90000, 6.85000 0.10000 1.85000"
1212,0.0000,Tx-Rx,0,-76.6362,"-0.15000 1.10000 4.90000, 6.55000 0.10000 1.85000"
1213,0.0000,Tx-Rx,0,-75.3691,"-0.15000 1.10000 4.90000, 6.25000 0.10000 1.85000"
1214,0.0000,Tx-Rx,0,-76.1951,"-0.15000 1.10000 4.90000, 5.95000 0.10000 1.85000"
1215,0.0000,Tx-Rx,0,-75.0068,"-0.15000 1.10000 4.90000, 5.65000 0.10000 1.85000"
1216,0.0000,Tx-Rx,0,-75.7768,"-0.15000 1.10000 4.90000, 5.35000 0.10000 1.85000"
1217,0.0000,Tx-Rx,0,-75.4465,"-0.15000 1.10000 4.90000, 5.05000 0.10000 1.85000"
1218,0.0000,Tx-Rx,0,-75.4524,"-0.15000 1.10000 4.90000, 4.75000 0.10000 1.85000"
1219,0.0000,Tx-Rx,0,-74.9228,"-0.15000 1.10000 4.90000, 4.45000 0.10000 1.85000"
1220,0.0000,Tx-Rx,0,-74.9199,"-0.15000 1.10000 4.90000, 4.15000 0.10000 1.85000"
1221,0.0000,Tx-Rx,0,-74.0673,"-0.15000 1.10000 4.90000, 3.85000 0.10000 1.85000"
1222,0.0000,Tx-Rx,0,-74.2083,"-0.15000 1.10000 4.90000, 3.55000 0.10000 1.85000"
1223,0.0000,Tx-Rx,0,-74.1011,"-0.15000 1.10000 4.90000, 3.25000 0.10000 1.85000"
1224,0.0000,Tx-Rx,0,-74.0943,"-0.15000 1.10000 4.90000, 2.95000 0.10000 1.85000"
1225,0.0000,Tx-Rx,0,-73.8431,"-0.15000 1.10000 4.90000, 2.65000 0.10000 1.85000"
1226,0.0000,Tx-Rx,0,-74.1362,"-0.15000 1.10000 4.90000, 2.35000 0.10000 1.85000"
1227,0.0000,Tx-Rx,0,-76.9332,"-0.15000 1.10000 4.90000, 2.05000 0.10000 1.85000"
1228,0.0000,Tx-Rx,0,-78.0812,"-0.15000 1.10000 4.90000, 1.75000 0.10000 1.85000"
1229,0.0000,Tx-Rx,0,-77.7771,"-0.15000 1.10000 4.90000, 1.45000 0.10000 1.85000"
1230,0.0000,Tx-Rx,0,-79.3475,"-0.15000 1.10000 4.90000, 1.15000 0.10000 1.85000"
1231,0.0000,Tx-Rx,0,-83.1189,"-0.15000 1.10000 4.90000, 0.85000 0.10000 1.85000"
1232,0.0000,Tx-Rx,0,-83.1310,"-0.15000 1.10000 4.90000, 0.55000 0.10000 1.85000"
1233,0.0000,Tx-Rx,0,-76.7356,"-0.15000 1.10000 4.90000, 0.25000 0.10000 1.85000"
1234,0.0000,Tx-Rx,0,-53.6543,"-0.15000 1.10000 4.90000, -0.05000 0.10000 1.85000"
1235,0.0000,Tx-Rx,0,-52.0507,"-0.15000 1.10000 4.90000, -0.35000 0.10000 1.85000"
1236,0.0000,Tx-Rx,0,-52.4632,"-0.15000 1.10000 4.90000, -0.65000 0.10000 1.85000"
1237,0.0000,Tx-Rx,0,-52.5168,"-0.15000 1.10000 4.90000, -0.95000 0.10000 1.85000"
1238,0.0000,Tx-Rx,0,-51.0868,"-0.15000 1.10000 4.90000, -1.25000 0.10000 1.85000"
1239,0.0000,Tx-Rx,0,-50.8737,"-0.15000 1.10000 4.90000, -1.55000 0.10000 1.85000"
1240,0.0000,Tx-Rx,0,-50.8132,"-0.15000 1.10000 4.90000, -1.85000 0.10000 1.85000"
1241,0.0000,Tx-Rx,0,-50.3146,"-0.15000 1.10000 4.90000, -2.15000 0.10000 1.85000"
1242,0.0000,Tx-Rx,0,-47.0260,"-0.15000 1.10000 4.90000, -2.45000 0.10000 1.85000"
1243,0.0000,Tx-Rx,0,-48.2688,"-0.15000 1.10000 4.90000, -2.75000 0.10000 1.85000"
1244,0.0000,Tx-Rx,0,-56.3785,"-0.15000 1.10000 4.90000, -3.05000 0.10000 1.85000"
1245,0.0000,Tx-Rx,0,-63.0830,"-0.15000 1.10000 4.90000, -3.35000 0.10000 1.85000"
1246,0.0000,Tx-Rx,0,-63.1462,"-0.15000 1.10000 4.90000, -3.65000 0.10000 1.85000"
1247,0.0000,Tx-Rx,0,-63.3870,"-0.15000 1.10000 4.90000, -3.95000 0.10000 1.85000"
1248,0.0000,Tx-Rx,0,-64.3883,"-0.15000 1.10000 4.90000, -4.25000 0.10000 1.85000"
1249,0.0000,Tx-Rx,0,-65.9177,"-0.15000 1.10000 4.90000, -4.55000 0.10000 1.85000"
1250,0.0000,Tx-Rx,0,-66.0031,"-0.15000 1.10000 4.90000, -4.85000 0.10000 1.85000"
1251,0.0000,Tx-Rx,0,-65.2471,"-0.15000 1.10000 4.90000, -5.15000 0.10000 1.85000"
1252,0.0000,Tx-Rx,0,-65.2058,"-0.15000 1.10000 4.90000, -5.45000 0.10000 1.85000"
1253,0.0000,Tx-Rx,0,-65.2778,"-0.15000 1.10000 4.90000, -5.75000 0.10000 1.85000"
1254,0.0000,Tx-Rx,0,-64.7151,"-0.15000 1.10000 4.90000, -6.05000 0.10000 1.85000"
1255,0.0000,Tx-Rx,0,-65.3490,"-0.15000 1.10000 4.90000, -6.35000 0.10000 1.85000"
1256,0.0000,Tx-Rx,0,-65.0376,"-0.15000 1.10000 4.90000, -6.65000 0.10000 1.85000"
1257,0.0000,Tx-Rx,0,-66.4281,"-0.15000 1.10000 4.90000, -6.95000 0.10000 1.85000"
1258,0.0000,Tx-Rx,0,-67.1220,"-0.15000 1.10000 4.90000, -7.25000 0.10000 1.85000"
1259,0.0000,Tx-Rx,0,-65.4651,"-0.15000 1.10000 4.90000, -7.55000 0.10000 1.85000"
1260,0.0000,Tx-Rx,0,-62.0608,"-0.15000 1.10000 4.90000, -7.85000 0.10000 1.85000"
1261,0.0000,Tx-Rx,0,-76.7744,"-0.15000 1.10000 4.90000, 9.85000 0.10000 1.55000"
1262,0.0000,Tx-Rx,0,-78.0103,"-0.15000 1.10000 4.90000, 9.55000 0.10000 1.55000"
1263,0.0000,Tx-Rx,0,-76.8223,"-0.15000 1.10000 4.90000, 9.25000 0.10000 1.55000"
1264,0.0000,Tx-Rx,0,-78.1612,"-0.15000 1.10000 4.90000, 8.95000 0.10000 1.55000"
1265,0.0000,Tx-Rx,0,-76.9599,"-0.15000 1.10000 4.90000, 8.65000 0.10000 1.55000"
1266,0.0000,Tx-Rx,0,-76.5832,"-0.15000 1.10000 4.90000, 8.35000 0.10000 1.55000"
1267,0.0000,Tx-Rx,0,-77.7894,"-0.15000 1.10000 4.90000, 8.05000 0.10000 1.55000"
1268,0.0000,Tx-Rx,0,-76.6791,"-0.15000 1.10000 4.90000, 7.75000 0.10000 1.55000"
1269,0.0000,Tx-Rx,0,-77.6648,"-0.15000 1.10000 4.90000, 7.45000 0.10000 1.55000"
1270,0.0000,Tx-Rx,0,-76.7294,"-0.15000 1.10000 4.90000, 7.15000 0.10000 1.55000"
1271,0.0000,Tx-Rx,0,-76.3843,"-0.15000 1.10000 4.90000, 6.85000 0.10000 1.55000"
1272,0.0000,Tx-Rx,0,-75.5734,"-0.15000 1.10000 4.90000, 6.55000 0.10000 1.55000"
1273,0.0000,Tx-Rx,0,-76.8285,"-0.15000 1.10000 4.90000, 6.25000 0.10000 1.55000"
1274,0.0000,Tx-Rx,0,-76.4727,"-0.15000 1.10000 4.90000, 5.95000 0.10000 1.55000"
1275,0.0000,Tx-Rx,0,-76.2463,"-0.15000 1.10000 4.90000, 5.65000 0.10000 1.55000"
1276,0.0000,Tx-Rx,0,-75.9048,"-0.15000 1.10000 4.90000, 5.35000 0.10000 1.55000"
1277,0.0000,Tx-Rx,0,-75.6329,"-0.15000 1.10000 4.90000, 5.05000 0.10000 1.55000"
1278,0.0000,Tx-Rx,0,-74.8639,"-0.15000 1.10000 4.90000, 4.75000 0.10000 1.55000"
1279,0.0000,Tx-Rx,0,-75.1403,"-0.15000 1.10000 4.90000, 4.45000 0.10000 1.55000"
1280,0.0000,Tx-Rx,0,-74.8452,"-0.15000 1.10000 4.90000, 4.15000 0.10000 1.55000"
1281,0.0000,Tx-Rx,0,-75.3003,"-0.15000 1.10000 4.90000, 3.85000 0.10000 1.55000"
1282,0.0000,Tx-Rx,0,-74.8782,"-0.15000 1.10000 4.90000, 3.55000 0.10000 1.55000"
1283,0.0000,Tx-Rx,0,-74.4890,"-0.15000 1.10000 4.90000, 3.25000 0.10000 1.55000"
1284,0.0000,Tx-Rx,0,-74.3821,"-0.15000 1.10000 4.90000, 2.95000 0.10000 1.55000"
1285,0.0000,Tx-Rx,0,-75.0646,"-0.15000 1.10000 4.90000, 2.65000 0.10000 1.55000"
1286,0.0000,Tx-Rx,0,-74.5505,"-0.15000 1.10000 4.90000, 2.35000 0.10000 1.55000"
1287,0.0000,Tx-Rx,0,-78.6761,"-0.15000 1.10000 4.90000, 2.05000 0.10000 1.55000"
1288,0.0000,Tx-Rx,0,-78.2375,"-0.15000 1.10000 4.90000, 1.75000 0.10000 1.55000"
1289,0.0000,Tx-Rx,0,-81.4701,"-0.15000 1.10000 4.90000, 1.45000 0.10000 1.55000"
1290,0.0000,Tx-Rx,0,-82.7954,"-0.15000 1.10000 4.90000, 1.15000 0.10000 1.55000"
1291,0.0000,Tx-Rx,0,-82.3963,"-0.15000 1.10000 4.90000, 0.85000 0.10000 1.55000"
1292,0.0000,Tx-Rx,0,-83.5585,"-0.15000 1.10000 4.90000, 0.55000 0.10000 1.55000"
1293,0.0000,Tx-Rx,0,-76.6579,"-0.15000 1.10000 4.90000, 0.25000 0.10000 1.55000"
1294,0.0000,Tx-Rx,0,-54.3358,"-0.15000 1.10000 4.90000, -0.05000 0.10000 1.55000"
1295,0.0000,Tx-Rx,0,-52.8353,"-0.15000 1.10000 4.90000, -0.35000 0.10000 1.55000"
1296,0.0000,Tx-Rx,0,-53.1551,"-0.15000 1.10000 4.90000, -0.65000 0.10000 1.55000"
1297,0.0000,Tx-Rx,0,-53.1757,"-0.15000 1.10000 4.90000, -0.95000 0.10000 1.55000"
1298,0.0000,Tx-Rx,0,-51.9726,"-0.15000 1.10000 4.90000, -1.25000 0.10000 1.55000"
1299,0.0000,Tx-Rx,0,-51.5977,"-0.15000 1.10000 4.90000, -1.55000 0.10000 1.55000"
1300,0.0000,Tx-Rx,0,-52.5896,"-0.15000 1.10000 4.90000, -1.85000 0.10000 1.55000"
1301,0.0000,Tx-Rx,0,-52.9719,"-0.15000 1.10000 4.90000, -2.15000 0.10000 1.55000"
1302,0.0000,Tx-Rx,0,-47.4505,"-0.15000 1.10000 4.90000, -2.45000 0.10000 1.55000"
1303,0.0000,Tx-Rx,0,-47.4791,"-0.15000 1.10000 4.90000, -2.75000 0.10000 1.55000"
1304,0.0000,Tx-Rx,0,-49.3368,"-0.15000 1.10000 4.90000, -3.05000 0.10000 1.55000"
1305,0.0000,Tx-Rx,0,-57.0515,"-0.15000 1.10000 4.90000, -3.35000 0.10000 1.55000"
1306,0.0000,Tx-Rx,0,-60.5827,"-0.15000 1.10000 4.90000, -3.65000 0.10000 1.55000"
1307,0.0000,Tx-Rx,0,-61.3515,"-0.15000 1.10000 4.90000, -3.95000 0.10000 1.55000"
1308,0.0000,Tx-Rx,0,-62.0261,"-0.15000 1.10000 4.90000, -4.25000 0.10000 1.55000"
1309,0.0000,Tx-Rx,0,-63.5881,"-0.15000 1.10000 4.90000, -4.55000 0.10000 1.55000"
1310,0.0000,Tx-Rx,0,-63.0286,"-0.15000 1.10000 4.90000, -4.85000 0.10000 1.55000"
1311,0.0000,Tx-Rx,0,-63.2668,"-0.15000 1.10000 4.90000, -5.15000 0.10000 1.55000"
1312,0.0000,Tx-Rx,0,-63.5425,"-0.15000 1.10000 4.90000, -5.45000 0.10000 1.55000"
1313,0.0000,Tx-Rx,0,-63.9636,"-0.15000 1.10000 4.90000, -5.75000 0.10000 1.55000"
1314,0.0000,Tx-Rx,0,-63.8612,"-0.15000 1.10000 4.90000, -6.05000 0.10000 1.55000"
1315,0.0000,Tx-Rx,0,-63.9340,"-0.15000 1.10000 4.90000, -6.35000 0.10000 1.55000"
1316,0.0000,Tx-Rx,0,-65.6719,"-0.15000 1.10000 4.90000, -6.65000 0.10000 1.55000"
1317,0.0000,Tx-Rx,0,-64.2142,"-0.15000 1.10000 4.90000, -6.95000 0.10000 1.55000"
1318,0.0000,Tx-Rx,0,-65.8022,"-0.15000 1.10000 4.90000, -7.25000 0.10000 1.55000"
1319,0.0000,Tx-Rx,0,-62.9959,"-0.15000 1.10000 4.90000, -7.55000 0.10000 1.55000"
1320,0.0000,Tx-Rx,0,-62.1570,"-0.15000 1.10000 4.90000, -7.85000 0.10000 1.55000"
1321,0.0000,Tx-Rx,0,-75.0112,"-0.15000 1.10000 4.90000, 9.85000 0.10000 1.25000"
1322,0.0000,Tx-Rx,0,-76.4273,"-0.15000 1.10000 4.90000, 9.55000 0.10000 1.25000"
1323,0.0000,Tx-Rx,0,-77.0276,"-0.15000 1.10000 4.90000, 9.25000 0.10000 1.25000"
1324,0.0000,Tx-Rx,0,-78.2698,"-0.15000 1.10000 4.90000, 8.95000 0.10000 1.25000"
1325,0.0000,Tx-Rx,0,-77.2992,"-0.15000 1.10000 4.90000, 8.65000 0.10000 1.25000"
1326,0.0000,Tx-Rx,0,-76.5862,"-0.15000 1.10000 4.90000, 8.35000 0.10000 1.25000"
1327,0.0000,Tx-Rx,0,-77.7790,"-0.15000 1.10000 4.90000, 8.05000 0.10000 1.25000"
1328,0.0000,Tx-Rx,0,-76.4391,"-0.15000 1.10000 4.90000, 7.75000 0.10000 1.25000"
1329,0.0000,Tx-Rx,0,-76.5658,"-0.15000 1.10000 4.90000, 7.45000 0.10000 1.25000"
1330,0.0000,Tx-Rx,0,-77.0930,"-0.15000 1.10000 4.90000, 7.15000 0.10000 1.25000"
1331,0.0000,Tx-Rx,0,-76.9015,"-0.15000 1.10000 4.90000, 6.85000 0.10000 1.25000"
1332,0.0000,Tx-Rx,0,-76.2613,"-0.15000 1.10000 4.90000, 6.55000 0.10000 1.25000"
1333,0.0000,Tx-Rx,0,-77.1456,"-0.15000 1.10000 4.90000, 6.25000 0.10000 1.25000"
1334,0.0000,Tx-Rx,0,-76.0200,"-0.15000 1.10000 4.90000, 5.95000 0.10000 1.25000"
1335,0.0000,Tx-Rx,0,-75.6832,"-0.15000 1.10000 4.90000, 5.65000 0.10000 1.25000"
1336,0.0000,Tx-Rx,0,-76.7123,"-0.15000 1.10000 4.90000, 5.35000 0.10000 1.25000"
1337,0.0000,Tx-Rx,0,-75.3910,"-0.15000 1.10000 4.90000, 5.05000 0.10000 1.25000"
1338,0.0000,Tx-Rx,0,-75.8449,"-0.15000 1.10000 4.90000, 4.75000 0.10000 1.25000"
1339,0.0000,Tx-Rx,0,-75.9794,"-0.15000 1.10000 4.90000, 4.45000 0.10000 1.25000"
1340,0.0000,Tx-Rx,0,-75.3851,"-0.15000 1.10000 4.90000, 4.15000 0.10000 1.25000"
1341,0.0000,Tx-Rx,0,-74.8089,"-0.15000 1.10000 4.90000, 3.85000 0.10000 1.25000"
1342,0.0000,Tx-Rx,0,-75.7807,"-0.15000 1.10000 4.90000, 3.55000 0.10000 1.25000"
1343,0.0000,Tx-Rx,0,-74.9772,"-0.15000 1.10000 4.90000, 3.25000 0.10000 1.25000"
1344,0.0000,Tx-Rx,0,-74.8354,"-0.15000 1.10000 4.90000, 2.95000 0.10000 1.25000"
1345,0.0000,Tx-Rx,0,-75.3002,"-0.15000 1.10000 4.90000, 2.65000 0.10000 1.25000"
1346,0.0000,Tx-Rx,0,-75.8815,"-0.15000 1.10000 4.90000, 2.35000 0.10000 1.25000"
1347,0.0000,Tx-Rx,0,-78.1917,"-0.15000 1.10000 4.90000, 2.05000 0.10000 1.25000"
1348,0.0000,Tx-Rx,0,-81.9039,"-0.15000 1.10000 4.90000, 1.75000 0.10000 1.25000"
1349,0.0000,Tx-Rx,0,-85.7336,"-0.15000 1.10000 4.90000, 1.45000 0.10000 1.25000"
1350,0.0000,Tx-Rx,0,-81.5588,"-0.15000 1.10000 4.90000, 1.15000 0.10000 1.25000"
1351,0.0000,Tx-Rx,0,-82.3892,"-0.15000 1.10000 4.90000, 0.85000 0.10000 1.25000"
1352,0.0000,Tx-Rx,0,-83.9634,"-0.15000 1.10000 4.90000, 0.55000 0.10000 1.25000"
1353,0.0000,Tx-Rx,0,-76.6060,"-0.15000 1.10000 4.90000, 0.25000 0.10000 1.25000"
1354,0.0000,Tx-Rx,0,-56.6649,"-0.15000 1.10000 4.90000, -0.05000 0.10000 1.25000"
1355,0.0000,Tx-Rx,0,-55.3461,"-0.15000 1.10000 4.90000, -0.35000 0.10000 1.25000"
1356,0.0000,Tx-Rx,0,-55.1715,"-0.15000 1.10000 4.90000, -0.65000 0.10000 1.25000"
1357,0.0000,Tx-Rx,0,-55.4525,"-0.15000 1.10000 4.90000, -0.95000 0.10000 1.25000"
1358,0.0000,Tx-Rx,0,-53.4375,"-0.15000 1.10000 4.90000, -1.25000 0.10000 1.25000"
1359,0.0000,Tx-Rx,0,-54.2107,"-0.15000 1.10000 4.90000, -1.55000 0.10000 1.25000"
1360,0.0000,Tx-Rx,0,-56.2003,"-0.15000 1.10000 4.90000, -1.85000 0.10000 1.25000"
1361,0.0000,Tx-Rx,0,-54.5673,"-0.15000 1.10000 4.90000, -2.15000 0.10000 1.25000"
1362,0.0000,Tx-Rx,0,-47.7124,"-0.15000 1.10000 4.90000, -2.45000 0.10000 1.25000"
1363,0.0000,Tx-Rx,0,-47.7068,"-0.15000 1.10000 4.90000, -2.75000 0.10000 1.25000"
1364,0.0000,Tx-Rx,0,-48.2090,"-0.15000 1.10000 4.90000, -3.05000 0.10000 1.25000"
1365,0.0000,Tx-Rx,0,-50.8202,"-0.15000 1.10000 4.90000, -3.35000 0.10000 1.25000"
1366,0.0000,Tx-Rx,0,-57.3832,"-0.15000 1.10000 4.90000, -3.65000 0.10000 1.25000"
1367,0.0000,Tx-Rx,0,-60.0472,"-0.15000 1.10000 4.90000, -3.95000 0.10000 1.25000"
1368,0.0000,Tx-Rx,0,-62.6775,"-0.15000 1.10000 4.90000, -4.25000 0.10000 1.25000"
1369,0.0000,Tx-Rx,0,-63.3547,"-0.15000 1.10000 4.90000, -4.55000 0.10000 1.25000"
1370,0.0000,Tx-Rx,0,-62.9679,"-0.15000 1.10000 4.90000, -4.85000 0.10000 1.25000"
1371,0.0000,Tx-Rx,0,-63.3590,"-0.15000 1.10000 4.90000, -5.15000 0.10000 1.25000"
1372,0.0000,Tx-Rx,0,-63.2584,"-0.15000 1.10000 4.90000, -5.45000 0.10000 1.25000"
1373,0.0000,Tx-Rx,0,-63.8116,"-0.15000 1.10000 4.90000, -5.75000 0.10000 1.25000"
1374,0.0000,Tx-Rx,0,-64.3067,"-0.15000 1.10000 4.90000, -6.05000 0.10000 1.25000"
1375,0.0000,Tx-Rx,0,-64.5986,"-0.15000 1.10000 4.90000, -6.35000 0.10000 1.25000"
1376,0.0000,Tx-Rx,0,-64.8555,"-0.15000 1.10000 4.90000, -6.65000 0.10000 1.25000"
1377,0.0000,Tx-Rx,0,-66.6516,"-0.15000 1.10000 4.90000, -6.95000 0.10000 1.25000"
1378,0.0000,Tx-Rx,0,-62.6231,"-0.15000 1.10000 4.90000, -7.25000 0.10000 1.25000"
1379,0.0000,Tx-Rx,0,-61.8388,"-0.15000 1.10000 4.90000, -7.55000 0.10000 1.25000"
1380,0.0000,Tx-Rx,0,-63.0055,"-0.15000 1.10000 4.90000, -7.85000 0.10000 1.25000"
1381,0.0000,Tx-Rx,0,-78.7114,"-0.15000 1.10000 4.90000, 9.85000 0.10000 0.95000"
1382,0.0000,Tx-Rx,0,-76.3747,"-0.15000 1.10000 4.90000, 9.55000 0.10000 0.95000"
1383,0.0000,Tx-Rx,0,-74.8518,"-0.15000 1.10000 4.90000, 9.25000 0.10000 0.95000"
1384,0.0000,Tx-Rx,0,-77.2987,"-0.15000 1.10000 4.90000, 8.95000 0.10000 0.95000"
1385,0.0000,Tx-Rx,0,-77.7355,"-0.15000 1.10000 4.90000, 8.65000 0.10000 0.95000"
1386,0.0000,Tx-Rx,0,-76.6452,"-0.15000 1.10000 4.90000, 8.35000 0.10000 0.95000"
1387,0.0000,Tx-Rx,0,-77.4799,"-0.15000 1.10000 4.90000, 8.05000 0.10000 0.95000"
1388,0.0000,Tx-Rx,0,-77.1384,"-0.15000 1.10000 4.90000, 7.75000 0.10000 0.95000"
1389,0.0000,Tx-Rx,0,-76.9023,"-0.15000 1.10000 4.90000, 7.45000 0.10000 0.95000"
1390,0.0000,Tx-Rx,0,-76.8075,"-0.15000 1.10000 4.90000, 7.15000 0.10000 0.95000"
1391,0.0000,Tx-Rx,0,-77.7785,"-0.15000 1.10000 4.90000, 6.85000 0.10000 0.95000"
1392,0.0000,Tx-Rx,0,-77.0773,"-0.15000 1.10000 4.90000, 6.55000 0.10000 0.95000"
1393,0.0000,Tx-Rx,0,-75.7522,"-0.15000 1.10000 4.90000, 6.25000 0.10000 0.95000"
1394,0.0000,Tx-Rx,0,-76.4288,"-0.15000 1.10000 4.90000, 5.95000 0.10000 0.95000"
1395,0.0000,Tx-Rx,0,-76.6355,"-0.15000 1.10000 4.90000, 5.65000 0.10000 0.95000"
1396,0.0000,Tx-Rx,0,-76.5418,"-0.15000 1.10000 4.90000, 5.35000 0.10000 0.95000"
1397,0.0000,Tx-Rx,0,-76.5524,"-0.15000 1.10000 4.90000, 5.05000 0.10000 0.95000"
1398,0.0000,Tx-Rx,0,-80.7767,"-0.15000 1.10000 4.90000, 4.75000 0.10000 0.95000"
1399,0.0000,Tx-Rx,0,-79.9795,"-0.15000 1.10000 4.90000, 4.45000 0.10000 0.95000"
1400,0.0000,Tx-Rx,0,-75.2379,"-0.15000 1.10000 4.90000, 4.15000 0.10000 0.95000"
1401,0.0000,Tx-Rx,0,-76.9024,"-0.15000 1.10000 4.90000, 3.85000 0.10000 0.95000"
1402,0.0000,Tx-Rx,0,-80.3792,"-0.15000 1.10000 4.90000, 3.55000 0.10000 0.95000"
1403,0.0000,Tx-Rx,0,-77.5870,"-0.15000 1.10000 4.90000, 3.25000 0.10000 0.95000"
1404,0.0000,Tx-Rx,0,-75.4295,"-0.15000 1.10000 4.90000, 2.95000 0.10000 0.95000"
1405,0.0000,Tx-Rx,0,-75.6519,"-0.15000 1.10000 4.90000, 2.65000 0.10000 0.95000"
1406,0.0000,Tx-Rx,0,-76.8356,"-0.15000 1.10000 4.90000, 2.35000 0.10000 0.95000"
1407,0.0000,Tx-Rx,0,-82.2169,"-0.15000 1.10000 4.90000, 2.05000 0.10000 0.95000"
1408,0.0000,Tx-Rx,0,-83.2857,"-0.15000 1.10000 4.90000, 1.75000 0.10000 0.95000"
1409,0.0000,Tx-Rx,0,-85.6108,"-0.15000 1.10000 4.90000, 1.45000 0.10000 0.95000"
1410,0.0000,Tx-Rx,0,-81.4301,"-0.15000 1.10000 4.90000, 1.15000 0.10000 0.95000"
1411,0.0000,Tx-Rx,0,-83.9864,"-0.15000 1.10000 4.90000, 0.85000 0.10000 0.95000"
1412,0.0000,Tx-Rx,0,-84.0595,"-0.15000 1.10000 4.90000, 0.55000 0.10000 0.95000"
1413,0.0000,Tx-Rx,0,-76.7199,"-0.15000 1.10000 4.90000, 0.25000 0.10000 0.95000"
1414,0.0000,Tx-Rx,0,-58.4334,"-0.15000 1.10000 4.90000, -0.05000 0.10000 0.95000"
1415,0.0000,Tx-Rx,0,-56.9676,"-0.15000 1.10000 4.90000, -0.35000 0.10000 0.95000"
1416,0.0000,Tx-Rx,0,-56.0961,"-0.15000 1.10000 4.90000, -0.65000 0.10000 0.95000"
1417,0.0000,Tx-Rx,0,-55.3279,"-0.15000 1.10000 4.90000, -0.95000 0.10000 0.95000"
1418,0.0000,Tx-Rx,0,-54.6467,"-0.15000 1.10000 4.90000, -1.25000 0.10000 0.95000"
1419,0.0000,Tx-Rx,0,-57.3832,"-0.15000 1.10000 4.90000, -1.55000 0.10000 0.95000"
1420,0.0000,Tx-Rx,0,-56.4563,"-0.15000 1.10000 4.90000, -1.85000 0.10000 0.95000"
1421,0.0000,Tx-Rx,0,-53.5901,"-0.15000 1.10000 4.90000, -2.15000 0.10000 0.95000"
1422,0.0000,Tx-Rx,0,-50.5035,"-0.15000 1.10000 4.90000, -2.45000 0.10000 0.95000"
1423,0.0000,Tx-Rx,0,-47.9623,"-0.15000 1.10000 4.90000, -2.75000 0.10000 0.95000"
1424,0.0000,Tx-Rx,0,-48.4768,"-0.15000 1.10000 4.90000, -3.05000 0.10000 0.95000"
1425,0.0000,Tx-Rx,0,-48.7361,"-0.15000 1.10000 4.90000, -3.35000 0.10000 0.95000"
1426,0.0000,Tx-Rx,0,-52.3571,"-0.15000 1.10000 4.90000, -3.65000 0.10000 0.95000"
1427,0.0000,Tx-Rx,0,-57.5527,"-0.15000 1.10000 4.90000, -3.95000 0.10000 0.95000"
1428,0.0000,Tx-Rx,0,-61.2168,"-0.15000 1.10000 4.90000, -4.25000 0.10000 0.95000"
1429,0.0000,Tx-Rx,0,-62.7385,"-0.15000 1.10000 4.90000, -4.55000 0.10000 0.95000"
1430,0.0000,Tx-Rx,0,-62.9359,"-0.15000 1.10000 4.90000, -4.85000 0.10000 0.95000"
1431,0.0000,Tx-Rx,0,-63.3245,"-0.15000 1.10000 4.90000, -5.15000 0.10000 0.95000"
1432,0.0000,Tx-Rx,0,-63.5384,"-0.15000 1.10000 4.90000, -5.45000 0.10000 0.95000"
1433,0.0000,Tx-Rx,0,-63.7735,"-0.15000 1.10000 4.90000, -5.75000 0.10000 0.95000"
1434,0.0000,Tx-Rx,0,-64.0010,"-0.15000 1.10000 4.90000, -6.05000 0.10000 0.95000"
1435,0.0000,Tx-Rx,0,-65.3609,"-0.15000 1.10000 4.90000, -6.35000 0.10000 0.95000"
1436,0.0000,Tx-Rx,0,-64.9192,"-0.15000 1.10000 4.90000, -6.65000 0.10000 0.95000"
1437,0.0000,Tx-Rx,0,-63.7260,"-0.15000 1.10000 4.90000, -6.95000 0.10000 0.95000"
1438,0.0000,Tx-Rx,0,-61.8507,"-0.15000 1.10000 4.90000, -7.25000 0.10000 0.95000"
1439,0.0000,Tx-Rx,0,-61.8001,"-0.15000 1.10000 4.90000, -7.55000 0.10000 0.95000"
1440,0.0000,Tx-Rx,0,-63.0363,"-0.15000 1.10000 4.90000, -7.85000 0.10000 0.95000"
1441,0.0000,Tx-Rx,0,-77.6631,"-0.15000 1.10000 4.90000, 9.85000 0.10000 0.65000"
1442,0.0000,Tx-Rx,0,-78.3547,"-0.15000 1.10000 4.90000, 9.55000 0.10000 0.65000"
1443,0.0000,Tx-Rx,0,-78.7052,"-0.15000 1.10000 4.90000, 9.25000 0.10000 0.65000"
1444,0.0000,Tx-Rx,0,-79.6084,"-0.15000 1.10000 4.90000, 8.95000 0.10000 0.65000"
1445,0.0000,Tx-Rx,0,-79.3074,"-0.15000 1.10000 4.90000, 8.65000 0.10000 0.65000"
1446,0.0000,Tx-Rx,0,-76.1695,"-0.15000 1.10000 4.90000, 8.35000 0.10000 0.65000"
1447,0.0000,Tx-Rx,0,-76.7200,"-0.15000 1.10000 4.90000, 8.05000 0.10000 0.65000"
1448,0.0000,Tx-Rx,0,-76.2842,"-0.15000 1.10000 4.90000, 7.75000 0.10000 0.65000"
1449,0.0000,Tx-Rx,0,-77.5805,"-0.15000 1.10000 4.90000, 7.45000 0.10000 0.65000"
1450,0.0000,Tx-Rx,0,-76.4921,"-0.15000 1.10000 4.90000, 7.15000 0.10000 0.65000"
1451,0.0000,Tx-Rx,0,-77.7289,"-0.15000 1.10000 4.90000, 6.85000 0.10000 0.65000"
1452,0.0000,Tx-Rx,0,-76.5370,"-0.15000 1.10000 4.90000, 6.55000 0.10000 0.65000"
1453,0.0000,Tx-Rx,0,-77.4592,"-0.15000 1.10000 4.90000, 6.25000 0.10000 0.65000"
1454,0.0000,Tx-Rx,0,-76.6573,"-0.15000 1.10000 4.90000, 5.95000 0.10000 0.65000"
1455,0.0000,Tx-Rx,0,-77.5040,"-0.15000 1.10000 4.90000, 5.65000 0.10000 0.65000"
1456,0.0000,Tx-Rx,0,-77.6743,"-0.15000 1.10000 4.90000, 5.35000 0.10000 0.65000"
1457,0.0000,Tx-Rx,0,-82.5057,"-0.15000 1.10000 4.90000, 5.05000 0.10000 0.65000"
1458,0.0000,Tx-Rx,0,-82.5225,"-0.15000 1.10000 4.90000, 4.75000 0.10000 0.65000"
1459,0.0000,Tx-Rx,0,-78.7251,"-0.15000 1.10000 4.90000, 4.45000 0.10000 0.65000"
1460,0.0000,Tx-Rx,0,-76.2185,"-0.15000 1.10000 4.90000, 4.15000 0.10000 0.65000"
1461,0.0000,Tx-Rx,0,-81.4961,"-0.15000 1.10000 4.90000, 3.85000 0.10000 0.65000"
1462,0.0000,Tx-Rx,0,-80.4838,"-0.15000 1.10000 4.90000, 3.55000 0.10000 0.65000"
1463,0.0000,Tx-Rx,0,-76.3009,"-0.15000 1.10000 4.90000, 3.25000 0.10000 0.65000"
1464,0.0000,Tx-Rx,0,-75.1007,"-0.15000 1.10000 4.90000, 2.95000 0.10000 0.65000"
1465,0.0000,Tx-Rx,0,-76.5946,"-0.15000 1.10000 4.90000, 2.65000 0.10000 0.65000"
1466,0.0000,Tx-Rx,0,-80.2609,"-0.15000 1.10000 4.90000, 2.35000 0.10000 0.65000"
1467,0.0000,Tx-Rx,0,-82.3208,"-0.15000 1.10000 4.90000, 2.05000 0.10000 0.65000"
1468,0.0000,Tx-Rx,0,-82.6453,"-0.15000 1.10000 4.90000, 1.75000 0.10000 0.65000"
1469,0.0000,Tx-Rx,0,-81.7625,"-0.15000 1.10000 4.90000, 1.45000 0.10000 0.65000"
1470,0.0000,Tx-Rx,0,-85.2920,"-0.15000 1.10000 4.90000, 1.15000 0.10000 0.65000"
1471,0.0000,Tx-Rx,0,-82.6964,"-0.15000 1.10000 4.90000, 0.85000 0.10000 0.65000"
1472,0.0000,Tx-Rx,0,-83.4811,"-0.15000 1.10000 4.90000, 0.55000 0.10000 0.65000"
1473,0.0000,Tx-Rx,0,-76.6818,"-0.15000 1.10000 4.90000, 0.25000 0.10000 0.65000"
1474,0.0000,Tx-Rx,0,-55.5962,"-0.15000 1.10000 4.90000, -0.05000 0.10000 0.65000"
1475,0.0000,Tx-Rx,0,-53.5709,"-0.15000 1.10000 4.90000, -0.35000 0.10000 0.65000"
1476,0.0000,Tx-Rx,0,-52.5281,"-0.15000 1.10000 4.90000, -0.65000 0.10000 0.65000"
1477,0.0000,Tx-Rx,0,-52.8826,"-0.15000 1.10000 4.90000, -0.95000 0.10000 0.65000"
1478,0.0000,Tx-Rx,0,-54.2036,"-0.15000 1.10000 4.90000, -1.25000 0.10000 0.65000"
1479,0.0000,Tx-Rx,0,-54.5395,"-0.15000 1.10000 4.90000, -1.55000 0.10000 0.65000"
1480,0.0000,Tx-Rx,0,-54.5231,"-0.15000 1.10000 4.90000, -1.85000 0.10000 0.65000"
1481,0.0000,Tx-Rx,0,-53.7162,"-0.15000 1.10000 4.90000, -2.15000 0.10000 0.65000"
1482,0.0000,Tx-Rx,0,-53.1408,"-0.15000 1.10000 4.90000, -2.45000 0.10000 0.65000"
1483,0.0000,Tx-Rx,0,-49.3726,"-0.15000 1.10000 4.90000, -2.75000 0.10000 0.65000"
1484,0.0000,Tx-Rx,0,-48.7793,"-0.15000 1.10000 4.90000, -3.05000 0.10000 0.65000"
1485,0.0000,Tx-Rx,0,-49.0522,"-0.15000 1.10000 4.90000, -3.35000 0.10000 0.65000"
1486,0.0000,Tx-Rx,0,-49.4178,"-0.15000 1.10000 4.90000, -3.65000 0.10000 0.65000"
1487,0.0000,Tx-Rx,0,-52.3265,"-0.15000 1.10000 4.90000, -3.95000 0.10000 0.65000"
1488,0.0000,Tx-Rx,0,-57.1590,"-0.15000 1.10000 4.90000, -4.25000 0.10000 0.65000"
1489,0.0000,Tx-Rx,0,-59.8366,"-0.15000 1.10000 4.90000, -4.55000 0.10000 0.65000"
1490,0.0000,Tx-Rx,0,-62.7358,"-0.15000 1.10000 4.90000, -4.85000 0.10000 0.65000"
1491,0.0000,Tx-Rx,0,-63.4890,"-0.15000 1.10000 4.90000, -5.15000 0.10000 0.65000"
1492,0.0000,Tx-Rx,0,-63.7085,"-0.15000 1.10000 4.90000, -5.45000 0.10000 0.65000"
1493,0.0000,Tx-Rx,0,-63.9706,"-0.15000 1.10000 4.90000, -5.75000 0.10000 0.65000"
1494,0.0000,Tx-Rx,0,-64.7981,"-0.15000 1.10000 4.90000, -6.05000 0.10000 0.65000"
1495,0.0000,Tx-Rx,0,-65.3231,"-0.15000 1.10000 4.90000, -6.35000 0.10000 0.65000"
1496,0.0000,Tx-Rx,0,-64.1173,"-0.15000 1.10000 4.90000, -6.65000 0.10000 0.65000"
1497,0.0000,Tx-Rx,0,-61.5197,"-0.15000 1.10000 4.90000, -6.95000 0.10000 0.65000"
1498,0.0000,Tx-Rx,0,-61.9834,"-0.15000 1.10000 4.90000, -7.25000 0.10000 0.65000"
1499,0.0000,Tx-Rx,0,-62.7004,"-0.15000 1.10000 4.90000, -7.55000 0.10000 0.65000"
1500,0.0000,Tx-Rx,0,-64.9165,"-0.15000 1.10000 4.90000, -7.85000 0.10000 0.65000"
1501,0.0000,Tx-Rx,0,-78.6558,"-0.15000 1.10000 4.90000, 9.85000 0.10000 0.35000"
1502,0.0000,Tx-Rx,0,-81.6174,"-0.15000 1.10000 4.90000, 9.55000 0.10000 0.35000"
1503,0.0000,Tx-Rx,0,-83.8530,"-0.15000 1.10000 4.90000, 9.25000 0.10000 0.35000"
1504,0.0000,Tx-Rx,0,-120.0000,"-0.15000 1.10000 4.90000, 8.95000 0.10000 0.35000"
1505,0.0000,Tx-Rx,0,-90.0303,"-0.15000 1.10000 4.90000, 8.65000 0.10000 0.35000"
1506,0.0000,Tx-Rx,0,-75.9009,"-0.15000 1.10000 4.90000, 8.35000 0.10000 0.35000"
1507,0.0000,Tx-Rx,0,-75.3859,"-0.15000 1.10000 4.90000, 8.05000 0.10000 0.35000"
1508,0.0000,Tx-Rx,0,-76.0426,"-0.15000 1.10000 4.90000, 7.75000 0.10000 0.35000"
1509,0.0000,Tx-Rx,0,-76.7054,"-0.15000 1.10000 4.90000, 7.45000 0.10000 0.35000"
1510,0.0000,Tx-Rx,0,-77.1415,"-0.15000 1.10000 4.90000, 7.15000 0.10000 0.35000"
1511,0.0000,Tx-Rx,0,-77.5189,"-0.15000 1.10000 4.90000, 6.85000 0.10000 0.35000"
1512,0.0000,Tx-Rx,0,-76.9759,"-0.15000 1.10000 4.90000, 6.55000 0.10000 0.35000"
1513,0.0000,Tx-Rx,0,-77.0328,"-0.15000 1.10000 4.90000, 6.25000 0.10000 0.35000"
1514,0.0000,Tx-Rx,0,-76.9001,"-0.15000 1.10000 4.90000, 5.95000 0.10000 0.35000"
1515,0.0000,Tx-Rx,0,-79.9848,"-0.15000 1.10000 4.90000, 5.65000 0.10000 0.35000"
1516,0.0000,Tx-Rx,0,-81.9049,"-0.15000 1.10000 4.90000, 5.35000 0.10000 0.35000"
1517,0.0000,Tx-Rx,0,-81.8607,"-0.15000 1.10000 4.90000, 5.05000 0.10000 0.35000"
1518,0.0000,Tx-Rx,0,-77.5249,"-0.15000 1.10000 4.90000, 4.75000 0.10000 0.35000"
1519,0.0000,Tx-Rx,0,-78.4700,"-0.15000 1.10000 4.90000, 4.45000 0.10000 0.35000"
1520,0.0000,Tx-Rx,0,-78.2829,"-0.15000 1.10000 4.90000, 4.15000 0.10000 0.35000"
1521,0.0000,Tx-Rx,0,-81.4776,"-0.15000 1.10000 4.90000, 3.85000 0.10000 0.35000"
1522,0.0000,Tx-Rx,0,-78.1260,"-0.15000 1.10000 4.90000, 3.55000 0.10000 0.35000"
1523,0.0000,Tx-Rx,0,-76.6358,"-0.15000 1.10000 4.90000, 3.25000 0.10000 0.35000"
1524,0.0000,Tx-Rx,0,-76.1982,"-0.15000 1.10000 4.90000, 2.95000 0.10000 0.35000"
1525,0.0000,Tx-Rx,0,-79.7614,"-0.15000 1.10000 4.90000, 2.65000 0.10000 0.35000"
1526,0.0000,Tx-Rx,0,-82.1701,"-0.15000 1.10000 4.90000, 2.35000 0.10000 0.35000"
1527,0.0000,Tx-Rx,0,-82.6131,"-0.15000 1.10000 4.90000, 2.05000 0.10000 0.35000"
1528,0.0000,Tx-Rx,0,-82.7651,"-0.15000 1.10000 4.90000, 1.75000 0.10000 0.35000"
1529,0.0000,Tx-Rx,0,-81.6286,"-0.15000 1.10000 4.90000, 1.45000 0.10000 0.35000"
1530,0.0000,Tx-Rx,0,-81.9594,"-0.15000 1.10000 4.90000, 1.15000 0.10000 0.35000"
1531,0.0000,Tx-Rx,0,-81.5829,"-0.15000 1.10000 4.90000, 0.85000 0.10000 0.35000"
1532,0.0000,Tx-Rx,0,-83.2348,"-0.15000 1.10000 4.90000, 0.55000 0.10000 0.35000"
1533,0.0000,Tx-Rx,0,-76.0261,"-0.15000 1.10000 4.90000, 0.25000 0.10000 0.35000"
1534,0.0000,Tx-Rx,0,-55.0260,"-0.15000 1.10000 4.90000, -0.05000 0.10000 0.35000"
1535,0.0000,Tx-Rx,0,-52.1212,"-0.15000 1.10000 4.90000, -0.35000 0.10000 0.35000"
1536,0.0000,Tx-Rx,0,-52.0719,"-0.15000 1.10000 4.90000, -0.65000 0.10000 0.35000"
1537,0.0000,Tx-Rx,0,-53.6795,"-0.15000 1.10000 4.90000, -0.95000 0.10000 0.35000"
1538,0.0000,Tx-Rx,0,-54.0355,"-0.15000 1.10000 4.90000, -1.25000 0.10000 0.35000"
1539,0.0000,Tx-Rx,0,-54.3027,"-0.15000 1.10000 4.90000, -1.55000 0.10000 0.35000"
1540,0.0000,Tx-Rx,0,-53.8849,"-0.15000 1.10000 4.90000, -1.85000 0.10000 0.35000"
1541,0.0000,Tx-Rx,0,-54.4230,"-0.15000 1.10000 4.90000, -2.15000 0.10000 0.35000"
1542,0.0000,Tx-Rx,0,-53.6174,"-0.15000 1.10000 4.90000, -2.45000 0.10000 0.35000"
1543,0.0000,Tx-Rx,0,-52.8807,"-0.15000 1.10000 4.90000, -2.75000 0.10000 0.35000"
1544,0.0000,Tx-Rx,0,-49.1324,"-0.15000 1.10000 4.90000, -3.05000 0.10000 0.35000"
1545,0.0000,Tx-Rx,0,-49.3271,"-0.15000 1.10000 4.90000, -3.35000 0.10000 0.35000"
1546,0.0000,Tx-Rx,0,-49.7422,"-0.15000 1.10000 4.90000, -3.65000 0.10000 0.35000"
1547,0.0000,Tx-Rx,0,-49.8269,"-0.15000 1.10000 4.90000, -3.95000 0.10000 0.35000"
1548,0.0000,Tx-Rx,0,-52.0288,"-0.15000 1.10000 4.90000, -4.25000 0.10000 0.35000"
1549,0.0000,Tx-Rx,0,-57.5842,"-0.15000 1.10000 4.90000, -4.55000 0.10000 0.35000"
1550,0.0000,Tx-Rx,0,-59.4692,"-0.15000 1.10000 4.90000, -4.85000 0.10000 0.35000"
1551,0.0000,Tx-Rx,0,-62.8325,"-0.15000 1.10000 4.90000, -5.15000 0.10000 0.35000"
1552,0.0000,Tx-Rx,0,-63.8782,"-0.15000 1.10000 4.90000, -5.45000 0.10000 0.35000"
1553,0.0000,Tx-Rx,0,-64.0651,"-0.15000 1.10000 4.90000, -5.75000 0.10000 0.35000"
1554,0.0000,Tx-Rx,0,-65.5777,"-0.15000 1.10000 4.90000, -6.05000 0.10000 0.35000"
1555,0.0000,Tx-Rx,0,-65.3518,"-0.15000 1.10000 4.90000, -6.35000 0.10000 0.35000"
1556,0.0000,Tx-Rx,0,-61.3717,"-0.15000 1.10000 4.90000, -6.65000 0.10000 0.35000"
1557,0.0000,Tx-Rx,0,-61.3803,"-0.15000 1.10000 4.90000, -6.95000 0.10000 0.35000"
1558,0.0000,Tx-Rx,0,-61.8109,"-0.15000 1.10000 4.90000, -7.25000 0.10000 0.35000"
1559,0.0000,Tx-Rx,0,-64.1547,"-0.15000 1.10000 4.90000, -7.55000 0.10000 0.35000"
1560,0.0000,Tx-Rx,0,-66.5908,"-0.15000 1.10000 4.90000, -7.85000 0.10000 0.35000"
1561,0.0000,Tx-Rx,0,-86.3281,"-0.15000 1.10000 4.90000, 9.85000 0.10000 0.05000"
1562,0.0000,Tx-Rx,0,-83.9097,"-0.15000 1.10000 4.90000, 9.55000 0.10000 0.05000"
1563,0.0000,Tx-Rx,0,-85.6582,"-0.15000 1.10000 4.90000, 9.25000 0.10000 0.05000"
1564,0.0000,Tx-Rx,0,-90.8348,"-0.15000 1.10000 4.90000, 8.95000 0.10000 0.05000"
1565,0.0000,Tx-Rx,0,-82.2826,"-0.15000 1.10000 4.90000, 8.65000 0.10000 0.05000"
1566,0.0000,Tx-Rx,0,-75.9169,"-0.15000 1.10000 4.90000, 8.35000 0.10000 0.05000"
1567,0.0000,Tx-Rx,0,-75.0577,"-0.15000 1.10000 4.90000, 8.05000 0.10000 0.05000"
1568,0.0000,Tx-Rx,0,-75.7589,"-0.15000 1.10000 4.90000, 7.75000 0.10000 0.05000"
1569,0.0000,Tx-Rx,0,-75.7084,"-0.15000 1.10000 4.90000, 7.45000 0.10000 0.05000"
1570,0.0000,Tx-Rx,0,-77.0602,"-0.15000 1.10000 4.90000, 7.15000 0.10000 0.05000"
1571,0.0000,Tx-Rx,0,-77.4113,"-0.15000 1.10000 4.90000, 6.85000 0.10000 0.05000"
1572,0.0000,Tx-Rx,0,-77.7287,"-0.15000 1.10000 4.90000, 6.55000 0.10000 0.05000"
1573,0.0000,Tx-Rx,0,-78.5483,"-0.15000 1.10000 4.90000, 6.25000 0.10000 0.05000"
1574,0.0000,Tx-Rx,0,-81.6279,"-0.15000 1.10000 4.90000, 5.95000 0.10000 0.05000"
1575,0.0000,Tx-Rx,0,-82.7916,"-0.15000 1.10000 4.90000, 5.65000 0.10000 0.05000"
1576,0.0000,Tx-Rx,0,-80.9315,"-0.15000 1.10000 4.90000, 5.35000 0.10000 0.05000"
1577,0.0000,Tx-Rx,0,-79.2569,"-0.15000 1.10000 4.90000, 5.05000 0.10000 0.05000"
1578,0.0000,Tx-Rx,0,-77.8685,"-0.15000 1.10000 4.90000, 4.75000 0.10000 0.05000"
1579,0.0000,Tx-Rx,0,-82.1661,"-0.15000 1.10000 4.90000, 4.45000 0.10000 0.05000"
1580,0.0000,Tx-Rx,0,-79.7559,"-0.15000 1.10000 4.90000, 4.15000 0.10000 0.05000"
1581,0.0000,Tx-Rx,0,-78.1141,"-0.15000 1.10000 4.90000, 3.85000 0.10000 0.05000"
1582,0.0000,Tx-Rx,0,-77.5227,"-0.15000 1.10000 4.90000, 3.55000 0.10000 0.05000"
1583,0.0000,Tx-Rx,0,-77.0430,"-0.15000 1.10000 4.90000, 3.25000 0.10000 0.05000"
1584,0.0000,Tx-Rx,0,-80.5015,"-0.15000 1.10000 4.90000, 2.95000 0.10000 0.05000"
1585,0.0000,Tx-Rx,0,-82.3912,"-0.15000 1.10000 4.90000, 2.65000 0.10000 0.05000"
1586,0.0000,Tx-Rx,0,-82.3646,"-0.15000 1.10000 4.90000, 2.35000 0.10000 0.05000"
1587,0.0000,Tx-Rx,0,-82.7766,"-0.15000 1.10000 4.90000, 2.05000 0.10000 0.05000"
1588,0.0000,Tx-Rx,0,-83.1343,"-0.15000 1.10000 4.90000, 1.75000 0.10000 0.05000"
1589,0.0000,Tx-Rx,0,-83.2519,"-0.15000 1.10000 4.90000, 1.45000 0.10000 0.05000"
1590,0.0000,Tx-Rx,0,-81.9822,"-0.15000 1.10000 4.90000, 1.15000 0.10000 0.05000"
1591,0.0000,Tx-Rx,0,-80.4925,"-0.15000 1.10000 4.90000, 0.85000 0.10000 0.05000"
1592,0.0000,Tx-Rx,0,-83.2294,"-0.15000 1.10000 4.90000, 0.55000 0.10000 0.05000"
1593,0.0000,Tx-Rx,0,-76.3094,"-0.15000 1.10000 4.90000, 0.25000 0.10000 0.05000"
1594,0.0000,Tx-Rx,0,-54.2619,"-0.15000 1.10000 4.90000, -0.05000 0.10000 0.05000"
1595,0.0000,Tx-Rx,0,-52.3511,"-0.15000 1.10000 4.90000, -0.35000 0.10000 0.05000"
1596,0.0000,Tx-Rx,0,-53.6296,"-0.15000 1.10000 4.90000, -0.65000 0.10000 0.05000"
1597,0.0000,Tx-Rx,0,-54.3114,"-0.15000 1.10000 4.90000, -0.95000 0.10000 0.05000"
1598,0.0000,Tx-Rx,0,-54.4709,"-0.15000 1.10000 4.90000, -1.25000 0.10000 0.05000"
1599,0.0000,Tx-Rx,0,-54.7863,"-0.15000 1.10000 4.90000, -1.55000 0.10000 0.05000"
1600,0.0000,Tx-Rx,0,-54.7941,"-0.15000 1.10000 4.90000, -1.85000 0.10000 0.05000"
1601,0.0000,Tx-Rx,0,-54.6377,"-0.15000 1.10000 4.90000, -2.15000 0.10000 0.05000"
1602,0.0000,Tx-Rx,0,-54.0420,"-0.15000 1.10000 4.90000, -2.45000 0.10000 0.05000"
1603,0.0000,Tx-Rx,0,-53.8326,"-0.15000 1.10000 4.90000, -2.75000 0.10000 0.05000"
1604,0.0000,Tx-Rx,0,-51.6533,"-0.15000 1.10000 4.90000, -3.05000 0.10000 0.05000"
1605,0.0000,Tx-Rx,0,-49.7747,"-0.15000 1.10000 4.90000, -3.35000 0.10000 0.05000"
1606,0.0000,Tx-Rx,0,-49.9720,"-0.15000 1.10000 4.90000, -3.65000 0.10000 0.05000"
1607,0.0000,Tx-Rx,0,-50.3039,"-0.15000 1.10000 4.90000, -3.95000 0.10000 0.05000"
1608,0.0000,Tx-Rx,0,-50.4226,"-0.15000 1.10000 4.90000, -4.25000 0.10000 0.05000"
1609,0.0000,Tx-Rx,0,-52.9923,"-0.15000 1.10000 4.90000, -4.55000 0.10000 0.05000"
1610,0.0000,Tx-Rx,0,-57.9157,"-0.15000 1.10000 4.90000, -4.85000 0.10000 0.05000"
1611,0.0000,Tx-Rx,0,-59.4967,"-0.15000 1.10000 4.90000, -5.15000 0.10000 0.05000"
1612,0.0000,Tx-Rx,0,-62.0394,"-0.15000 1.10000 4.90000, -5.45000 0.10000 0.05000"
1613,0.0000,Tx-Rx,0,-64.4324,"-0.15000 1.10000 4.90000, -5.75000 0.10000 0.05000"
1614,0.0000,Tx-Rx,0,-65.6941,"-0.15000 1.10000 4.90000, -6.05000 0.10000 0.05000"
1615,0.0000,Tx-Rx,0,-62.6693,"-0.15000 1.10000 4.90000, -6.35000 0.10000 0.05000"
1616,0.0000,Tx-Rx,0,-61.6032,"-0.15000 1.10000 4.90000, -6.65000 0.10000 0.05000"
1617,0.0000,Tx-Rx,0,-61.8819,"-0.15000 1.10000 4.90000, -6.95000 0.10000 0.05000"
1618,0.0000,Tx-Rx,0,-62.5058,"-0.15000 1.10000 4.90000, -7.25000 0.10000 0.05000"
1619,0.0000,Tx-Rx,0,-65.1828,"-0.15000 1.10000 4.90000, -7.55000 0.10000 0.05000"
1620,0.0000,Tx-Rx,0,-66.1567,"-0.15000 1.10000 4.90000, -7.85000 0.10000 0.05000"
1621,0.0000,Tx-Rx,0,-87.4442,"-0.15000 1.10000 4.90000, 9.85000 0.10000 -0.25000"
1622,0.0000,Tx-Rx,0,-89.3020,"-0.15000 1.10000 4.90000, 9.55000 0.10000 -0.25000"
1623,0.0000,Tx-Rx,0,-84.2984,"-0.15000 1.10000 4.90000, 9.25000 0.10000 -0.25000"
1624,0.0000,Tx-Rx,0,-79.6404,"-0.15000 1.10000 4.90000, 8.95000 0.10000 -0.25000"
1625,0.0000,Tx-Rx,0,-78.7044,"-0.15000 1.10000 4.90000, 8.65000 0.10000 -0.25000"
1626,0.0000,Tx-Rx,0,-77.7702,"-0.15000 1.10000 4.90000, 8.35000 0.10000 -0.25000"
1627,0.0000,Tx-Rx,0,-77.1460,"-0.15000 1.10000 4.90000, 8.05000 0.10000 -0.25000"
1628,0.0000,Tx-Rx,0,-75.6321,"-0.15000 1.10000 4.90000, 7.75000 0.10000 -0.25000"
1629,0.0000,Tx-Rx,0,-75.3386,"-0.15000 1.10000 4.90000, 7.45000 0.10000 -0.25000"
1630,0.0000,Tx-Rx,0,-76.9405,"-0.15000 1.10000 4.90000, 7.15000 0.10000 -0.25000"
1631,0.0000,Tx-Rx,0,-77.7961,"-0.15000 1.10000 4.90000, 6.85000 0.10000 -0.25000"
1632,0.0000,Tx-Rx,0,-78.5428,"-0.15000 1.10000 4.90000, 6.55000 0.10000 -0.25000"
1633,0.0000,Tx-Rx,0,-83.2256,"-0.15000 1.10000 4.90000, 6.25000 0.10000 -0.25000"
1634,0.0000,Tx-Rx,0,-83.5125,"-0.15000 1.10000 4.90000, 5.95000 0.10000 -0.25000"
1635,0.0000,Tx-Rx,0,-80.2355,"-0.15000 1.10000 4.90000, 5.65000 0.10000 -0.25000"
1636,0.0000,Tx-Rx,0,-79.6005,"-0.15000 1.10000 4.90000, 5.35000 0.10000 -0.25000"
1637,0.0000,Tx-Rx,0,-79.8749,"-0.15000 1.10000 4.90000, 5.05000 0.10000 -0.25000"
1638,0.0000,Tx-Rx,0,-80.3500,"-0.15000 1.10000 4.90000, 4.75000 0.10000 -0.25000"
1639,0.0000,Tx-Rx,0,-80.1711,"-0.15000 1.10000 4.90000, 4.45000 0.10000 -0.25000"
1640,0.0000,Tx-Rx,0,-77.9858,"-0.15000 1.10000 4.90000, 4.15000 0.10000 -0.25000"
1641,0.0000,Tx-Rx,0,-75.7591,"-0.15000 1.10000 4.90000, 3.85000 0.10000 -0.25000"
1642,0.0000,Tx-Rx,0,-78.7901,"-0.15000 1.10000 4.90000, 3.55000 0.10000 -0.25000"
1643,0.0000,Tx-Rx,0,-80.3765,"-0.15000 1.10000 4.90000, 3.25000 0.10000 -0.25000"
1644,0.0000,Tx-Rx,0,-85.1710,"-0.15000 1.10000 4.90000, 2.95000 0.10000 -0.25000"
1645,0.0000,Tx-Rx,0,-84.8186,"-0.15000 1.10000 4.90000, 2.65000 0.10000 -0.25000"
1646,0.0000,Tx-Rx,0,-82.6780,"-0.15000 1.10000 4.90000, 2.35000 0.10000 -0.25000"
1647,0.0000,Tx-Rx,0,-82.6963,"-0.15000 1.10000 4.90000, 2.05000 0.10000 -0.25000"
1648,0.0000,Tx-Rx,0,-82.3807,"-0.15000 1.10000 4.90000, 1.75000 0.10000 -0.25000"
1649,0.0000,Tx-Rx,0,-83.0037,"-0.15000 1.10000 4.90000, 1.45000 0.10000 -0.25000"
1650,0.0000,Tx-Rx,0,-82.5482,"-0.15000 1.10000 4.90000, 1.15000 0.10000 -0.25000"
1651,0.0000,Tx-Rx,0,-80.2204,"-0.15000 1.10000 4.90000, 0.85000 0.10000 -0.25000"
1652,0.0000,Tx-Rx,0,-80.1680,"-0.15000 1.10000 4.90000, 0.55000 0.10000 -0.25000"
1653,0.0000,Tx-Rx,0,-75.5849,"-0.15000 1.10000 4.90000, 0.25000 0.10000 -0.25000"
1654,0.0000,Tx-Rx,0,-54.3021,"-0.15000 1.10000 4.90000, -0.05000 0.10000 -0.25000"
1655,0.0000,Tx-Rx,0,-53.4143,"-0.15000 1.10000 4.90000, -0.35000 0.10000 -0.25000"
1656,0.0000,Tx-Rx,0,-54.3036,"-0.15000 1.10000 4.90000, -0.65000 0.10000 -0.25000"
1657,0.0000,Tx-Rx,0,-54.6152,"-0.15000 1.10000 4.90000, -0.95000 0.10000 -0.25000"
1658,0.0000,Tx-Rx,0,-54.6300,"-0.15000 1.10000 4.90000, -1.25000 0.10000 -0.25000"
1659,0.0000,Tx-Rx,0,-54.7371,"-0.15000 1.10000 4.90000, -1.55000 0.10000 -0.25000"
1660,0.0000,Tx-Rx,0,-55.1974,"-0.15000 1.10000 4.90000, -1.85000 0.10000 -0.25000"
1661,0.0000,Tx-Rx,0,-54.8784,"-0.15000 1.10000 4.90000, -2.15000 0.10000 -0.25000"
1662,0.0000,Tx-Rx,0,-54.3332,"-0.15000 1.10000 4.90000, -2.45000 0.10000 -0.25000"
1663,0.0000,Tx-Rx,0,-54.1062,"-0.15000 1.10000 4.90000, -2.75000 0.10000 -0.25000"
1664,0.0000,Tx-Rx,0,-55.3952,"-0.15000 1.10000 4.90000, -3.05000 0.10000 -0.25000"
1665,0.0000,Tx-Rx,0,-50.5167,"-0.15000 1.10000 4.90000, -3.35000 0.10000 -0.25000"
1666,0.0000,Tx-Rx,0,-50.0958,"-0.15000 1.10000 4.90000, -3.65000 0.10000 -0.25000"
1667,0.0000,Tx-Rx,0,-50.5882,"-0.15000 1.10000 4.90000, -3.95000 0.10000 -0.25000"
1668,0.0000,Tx-Rx,0,-50.8067,"-0.15000 1.10000 4.90000, -4.25000 0.10000 -0.25000"
1669,0.0000,Tx-Rx,0,-50.9574,"-0.15000 1.10000 4.90000, -4.55000 0.10000 -0.25000"
1670,0.0000,Tx-Rx,0,-53.7462,"-0.15000 1.10000 4.90000, -4.85000 0.10000 -0.25000"
1671,0.0000,Tx-Rx,0,-58.3917,"-0.15000 1.10000 4.90000, -5.15000 0.10000 -0.25000"
1672,0.0000,Tx-Rx,0,-59.6663,"-0.15000 1.10000 4.90000, -5.45000 0.10000 -0.25000"
1673,0.0000,Tx-Rx,0,-61.9180,"-0.15000 1.10000 4.90000, -5.75000 0.10000 -0.25000"
1674,0.0000,Tx-Rx,0,-62.4879,"-0.15000 1.10000 4.90000, -6.05000 0.10000 -0.25000"
1675,0.0000,Tx-Rx,0,-61.2129,"-0.15000 1.10000 4.90000, -6.35000 0.10000 -0.25000"
1676,0.0000,Tx-Rx,0,-62.2500,"-0.15000 1.10000 4.90000, -6.65000 0.10000 -0.25000"
1677,0.0000,Tx-Rx,0,-62.7776,"-0.15000 1.10000 4.90000, -6.95000 0.10000 -0.25000"
1678,0.0000,Tx-Rx,0,-64.9583,"-0.15000 1.10000 4.90000, -7.25000 0.10000 -0.25000"
1679,0.0000,Tx-Rx,0,-64.9229,"-0.15000 1.10000 4.90000, -7.55000 0.10000 -0.25000"
1680,0.0000,Tx-Rx,0,-65.9655,"-0.15000 1.10000 4.90000, -7.85000 0.10000 -0.25000"
1681,0.0000,Tx-Rx,0,-86.1839,"-0.15000 1.10000 4.90000, 9.85000 0.10000 -0.55000"
1682,0.0000,Tx-Rx,0,-80.0061,"-0.15000 1.10000 4.90000, 9.55000 0.10000 -0.55000"
1683,0.0000,Tx-Rx,0,-77.7840,"-0.15000 1.10000 4.90000, 9.25000 0.10000 -0.55000"
1684,0.0000,Tx-Rx,0,-78.7109,"-0.15000 1.10000 4.90000, 8.95000 0.10000 -0.55000"
1685,0.0000,Tx-Rx,0,-77.4953,"-0.15000 1.10000 4.90000, 8.65000 0.10000 -0.55000"
1686,0.0000,Tx-Rx,0,-78.4682,"-0.15000 1.10000 4.90000, 8.35000 0.10000 -0.55000"
1687,0.0000,Tx-Rx,0,-78.2970,"-0.15000 1.10000 4.90000, 8.05000 0.10000 -0.55000"
1688,0.0000,Tx-Rx,0,-77.9108,"-0.15000 1.10000 4.90000, 7.75000 0.10000 -0.55000"
1689,0.0000,Tx-Rx,0,-76.2894,"-0.15000 1.10000 4.90000, 7.45000 0.10000 -0.55000"
1690,0.0000,Tx-Rx,0,-75.9516,"-0.15000 1.10000 4.90000, 7.15000 0.10000 -0.55000"
1691,0.0000,Tx-Rx,0,-77.8751,"-0.15000 1.10000 4.90000, 6.85000 0.10000 -0.55000"
1692,0.0000,Tx-Rx,0,-79.9496,"-0.15000 1.10000 4.90000, 6.55000 0.10000 -0.55000"
1693,0.0000,Tx-Rx,0,-79.8805,"-0.15000 1.10000 4.90000, 6.25000 0.10000 -0.55000"
1694,0.0000,Tx-Rx,0,-81.0090,"-0.15000 1.10000 4.90000, 5.95000 0.10000 -0.55000"
1695,0.0000,Tx-Rx,0,-79.7857,"-0.15000 1.10000 4.90000, 5.65000 0.10000 -0.55000"
1696,0.0000,Tx-Rx,0,-82.4426,"-0.15000 1.10000 4.90000, 5.35000 0.10000 -0.55000"
1697,0.0000,Tx-Rx,0,-82.9783,"-0.15000 1.10000 4.90000, 5.05000 0.10000 -0.55000"
1698,0.0000,Tx-Rx,0,-81.1510,"-0.15000 1.10000 4.90000, 4.75000 0.10000 -0.55000"
1699,0.0000,Tx-Rx,0,-77.6999,"-0.15000 1.10000 4.90000, 4.45000 0.10000 -0.55000"
1700,0.0000,Tx-Rx,0,-77.9550,"-0.15000 1.10000 4.90000, 4.15000 0.10000 -0.55000"
1701,0.0000,Tx-Rx,0,-76.0869,"-0.15000 1.10000 4.90000, 3.85000 0.10000 -0.55000"
1702,0.0000,Tx-Rx,0,-78.2813,"-0.15000 1.10000 4.90000, 3.55000 0.10000 -0.55000"
1703,0.0000,Tx-Rx,0,-82.7482,"-0.15000 1.10000 4.90000, 3.25000 0.10000 -0.55000"
1704,0.0000,Tx-Rx,0,-85.0729,"-0.15000 1.10000 4.90000, 2.95000 0.10000 -0.55000"
1705,0.0000,Tx-Rx,0,-83.5138,"-0.15000 1.10000 4.90000, 2.65000 0.10000 -0.55000"
1706,0.0000,Tx-Rx,0,-83.5994,"-0.15000 1.10000 4.90000, 2.35000 0.10000 -0.55000"
1707,0.0000,Tx-Rx,0,-83.1259,"-0.15000 1.10000 4.90000, 2.05000 0.10000 -0.55000"
1708,0.0000,Tx-Rx,0,-82.1578,"-0.15000 1.10000 4.90000, 1.75000 0.10000 -0.55000"
1709,0.0000,Tx-Rx,0,-82.3780,"-0.15000 1.10000 4.90000, 1.45000 0.10000 -0.55000"
1710,0.0000,Tx-Rx,0,-82.8773,"-0.15000 1.10000 4.90000, 1.15000 0.10000 -0.55000"
1711,0.0000,Tx-Rx,0,-81.3134,"-0.15000 1.10000 4.90000, 0.85000 0.10000 -0.55000"
1712,0.0000,Tx-Rx,0,-77.7631,"-0.15000 1.10000 4.90000, 0.55000 0.10000 -0.55000"
1713,0.0000,Tx-Rx,0,-74.7198,"-0.15000 1.10000 4.90000, 0.25000 0.10000 -0.55000"
1714,0.0000,Tx-Rx,0,-55.5430,"-0.15000 1.10000 4.90000, -0.05000 0.10000 -0.55000"
1715,0.0000,Tx-Rx,0,-53.9279,"-0.15000 1.10000 4.90000, -0.35000 0.10000 -0.55000"
1716,0.0000,Tx-Rx,0,-54.4879,"-0.15000 1.10000 4.90000, -0.65000 0.10000 -0.55000"
1717,0.0000,Tx-Rx,0,-54.7131,"-0.15000 1.10000 4.90000, -0.95000 0.10000 -0.55000"
1718,0.0000,Tx-Rx,0,-55.0279,"-0.15000 1.10000 4.90000, -1.25000 0.10000 -0.55000"
1719,0.0000,Tx-Rx,0,-55.0389,"-0.15000 1.10000 4.90000, -1.55000 0.10000 -0.55000"
1720,0.0000,Tx-Rx,0,-55.2434,"-0.15000 1.10000 4.90000, -1.85000 0.10000 -0.55000"
1721,0.0000,Tx-Rx,0,-55.2013,"-0.15000 1.10000 4.90000, -2.15000 0.10000 -0.55000"
1722,0.0000,Tx-Rx,0,-54.4755,"-0.15000 1.10000 4.90000, -2.45000 0.10000 -0.55000"
1723,0.0000,Tx-Rx,0,-54.4330,"-0.15000 1.10000 4.90000, -2.75000 0.10000 -0.55000"
1724,0.0000,Tx-Rx,0,-55.0962,"-0.15000 1.10000 4.90000, -3.05000 0.10000 -0.55000"
1725,0.0000,Tx-Rx,0,-53.3627,"-0.15000 1.10000 4.90000, -3.35000 0.10000 -0.55000"
1726,0.0000,Tx-Rx,0,-50.3706,"-0.15000 1.10000 4.90000, -3.65000 0.10000 -0.55000"
1727,0.0000,Tx-Rx,0,-50.6176,"-0.15000 1.10000 4.90000, -3.95000 0.10000 -0.55000"
1728,0.0000,Tx-Rx,0,-50.8388,"-0.15000 1.10000 4.90000, -4.25000 0.10000 -0.55000"
1729,0.0000,Tx-Rx,0,-51.1375,"-0.15000 1.10000 4.90000, -4.55000 0.10000 -0.55000"
1730,0.0000,Tx-Rx,0,-51.3193,"-0.15000 1.10000 4.90000, -4.85000 0.10000 -0.55000"
1731,0.0000,Tx-Rx,0,-54.6228,"-0.15000 1.10000 4.90000, -5.15000 0.10000 -0.55000"
1732,0.0000,Tx-Rx,0,-58.6102,"-0.15000 1.10000 4.90000, -5.45000 0.10000 -0.55000"
1733,0.0000,Tx-Rx,0,-59.5494,"-0.15000 1.10000 4.90000, -5.75000 0.10000 -0.55000"
1734,0.0000,Tx-Rx,0,-59.1657,"-0.15000 1.10000 4.90000, -6.05000 0.10000 -0.55000"
1735,0.0000,Tx-Rx,0,-60.2440,"-0.15000 1.10000 4.90000, -6.35000 0.10000 -0.55000"
1736,0.0000,Tx-Rx,0,-62.7996,"-0.15000 1.10000 4.90000, -6.65000 0.10000 -0.55000"
1737,0.0000,Tx-Rx,0,-66.0564,"-0.15000 1.10000 4.90000, -6.95000 0.10000 -0.55000"
1738,0.0000,Tx-Rx,0,-65.6301,"-0.15000 1.10000 4.90000, -7.25000 0.10000 -0.55000"
1739,0.0000,Tx-Rx,0,-64.7860,"-0.15000 1.10000 4.90000, -7.55000 0.10000 -0.55000"
1740,0.0000,Tx-Rx,0,-64.7039,"-0.15000 1.10000 4.90000, -7.85000 0.10000 -0.55000"
1741,0.0000,Tx-Rx,0,-79.2120,"-0.15000 1.10000 4.90000, 9.85000 0.10000 -0.85000"
1742,0.0000,Tx-Rx,0,-79.2846,"-0.15000 1.10000 4.90000, 9.55000 0.10000 -0.85000"
1743,0.0000,Tx-Rx,0,-79.2355,"-0.15000 1.10000 4.90000, 9.25000 0.10000 -0.85000"
1744,0.0000,Tx-Rx,0,-80.9277,"-0.15000 1.10000 4.90000, 8.95000 0.10000 -0.85000"
1745,0.0000,Tx-Rx,0,-78.5525,"-0.15000 1.10000 4.90000, 8.65000 0.10000 -0.85000"
1746,0.0000,Tx-Rx,0,-78.5758,"-0.15000 1.10000 4.90000, 8.35000 0.10000 -0.85000"
1747,0.0000,Tx-Rx,0,-79.1804,"-0.15000 1.10000 4.90000, 8.05000 0.10000 -0.85000"
1748,0.0000,Tx-Rx,0,-79.1922,"-0.15000 1.10000 4.90000, 7.75000 0.10000 -0.85000"
1749,0.0000,Tx-Rx,0,-79.1878,"-0.15000 1.10000 4.90000, 7.45000 0.10000 -0.85000"
1750,0.0000,Tx-Rx,0,-79.5955,"-0.15000 1.10000 4.90000, 7.15000 0.10000 -0.85000"
1751,0.0000,Tx-Rx,0,-80.0290,"-0.15000 1.10000 4.90000, 6.85000 0.10000 -0.85000"
1752,0.0000,Tx-Rx,0,-78.8610,"-0.15000 1.10000 4.90000, 6.55000 0.10000 -0.85000"
1753,0.0000,Tx-Rx,0,-78.7327,"-0.15000 1.10000 4.90000, 6.25000 0.10000 -0.85000"
1754,0.0000,Tx-Rx,0,-77.0094,"-0.15000 1.10000 4.90000, 5.95000 0.10000 -0.85000"
1755,0.0000,Tx-Rx,0,-79.7729,"-0.15000 1.10000 4.90000, 5.65000 0.10000 -0.85000"
1756,0.0000,Tx-Rx,0,-84.9799,"-0.15000 1.10000 4.90000, 5.35000 0.10000 -0.85000"
1757,0.0000,Tx-Rx,0,-84.8829,"-0.15000 1.10000 4.90000, 5.05000 0.10000 -0.85000"
1758,0.0000,Tx-Rx,0,-81.0653,"-0.15000 1.10000 4.90000, 4.75000 0.10000 -0.85000"
1759,0.0000,Tx-Rx,0,-78.7879,"-0.15000 1.10000 4.90000, 4.45000 0.10000 -0.85000"
1760,0.0000,Tx-Rx,0,-78.1476,"-0.15000 1.10000 4.90000, 4.15000 0.10000 -0.85000"
1761,0.0000,Tx-Rx,0,-77.4853,"-0.15000 1.10000 4.90000, 3.85000 0.10000 -0.85000"
1762,0.0000,Tx-Rx,0,-78.3763,"-0.15000 1.10000 4.90000, 3.55000 0.10000 -0.85000"
1763,0.0000,Tx-Rx,0,-82.1734,"-0.15000 1.10000 4.90000, 3.25000 0.10000 -0.85000"
1764,0.0000,Tx-Rx,0,-82.6529,"-0.15000 1.10000 4.90000, 2.95000 0.10000 -0.85000"
1765,0.0000,Tx-Rx,0,-83.5276,"-0.15000 1.10000 4.90000, 2.65000 0.10000 -0.85000"
1766,0.0000,Tx-Rx,0,-83.7236,"-0.15000 1.10000 4.90000, 2.35000 0.10000 -0.85000"
1767,0.0000,Tx-Rx,0,-84.5127,"-0.15000 1.10000 4.90000, 2.05000 0.10000 -0.85000"
1768,0.0000,Tx-Rx,0,-83.7767,"-0.15000 1.10000 4.90000, 1.75000 0.10000 -0.85000"
1769,0.0000,Tx-Rx,0,-82.3968,"-0.15000 1.10000 4.90000, 1.45000 0.10000 -0.85000"
1770,0.0000,Tx-Rx,0,-82.1289,"-0.15000 1.10000 4.90000, 1.15000 0.10000 -0.85000"
1771,0.0000,Tx-Rx,0,-80.9786,"-0.15000 1.10000 4.90000, 0.85000 0.10000 -0.85000"
1772,0.0000,Tx-Rx,0,-77.7742,"-0.15000 1.10000 4.90000, 0.55000 0.10000 -0.85000"
1773,0.0000,Tx-Rx,0,-74.3934,"-0.15000 1.10000 4.90000, 0.25000 0.10000 -0.85000"
1774,0.0000,Tx-Rx,0,-56.0585,"-0.15000 1.10000 4.90000, -0.05000 0.10000 -0.85000"
1775,0.0000,Tx-Rx,0,-54.6687,"-0.15000 1.10000 4.90000, -0.35000 0.10000 -0.85000"
1776,0.0000,Tx-Rx,0,-54.5563,"-0.15000 1.10000 4.90000, -0.65000 0.10000 -0.85000"
1777,0.0000,Tx-Rx,0,-54.8098,"-0.15000 1.10000 4.90000, -0.95000 0.10000 -0.85000"
1778,0.0000,Tx-Rx,0,-55.3296,"-0.15000 1.10000 4.90000, -1.25000 0.10000 -0.85000"
1779,0.0000,Tx-Rx,0,-55.5060,"-0.15000 1.10000 4.90000, -1.55000 0.10000 -0.85000"
1780,0.0000,Tx-Rx,0,-55.5765,"-0.15000 1.10000 4.90000, -1.85000 0.10000 -0.85000"
1781,0.0000,Tx-Rx,0,-55.5022,"-0.15000 1.10000 4.90000, -2.15000 0.10000 -0.85000"
1782,0.0000,Tx-Rx,0,-55.2204,"-0.15000 1.10000 4.90000, -2.45000 0.10000 -0.85000"
1783,0.0000,Tx-Rx,0,-54.3698,"-0.15000 1.10000 4.90000, -2.75000 0.10000 -0.85000"
1784,0.0000,Tx-Rx,0,-55.4233,"-0.15000 1.10000 4.90000, -3.05000 0.10000 -0.85000"
1785,0.0000,Tx-Rx,0,-56.2914,"-0.15000 1.10000 4.90000, -3.35000 0.10000 -0.85000"
1786,0.0000,Tx-Rx,0,-52.2387,"-0.15000 1.10000 4.90000, -3.65000 0.10000 -0.85000"
1787,0.0000,Tx-Rx,0,-51.1790,"-0.15000 1.10000 4.90000, -3.95000 0.10000 -0.85000"
1788,0.0000,Tx-Rx,0,-51.0640,"-0.15000 1.10000 4.90000, -4.25000 0.10000 -0.85000"
1789,0.0000,Tx-Rx,0,-51.5033,"-0.15000 1.10000 4.90000, -4.55000 0.10000 -0.85000"
1790,0.0000,Tx-Rx,0,-51.4843,"-0.15000 1.10000 4.90000, -4.85000 0.10000 -0.85000"
1791,0.0000,Tx-Rx,0,-51.7741,"-0.15000 1.10000 4.90000, -5.15000 0.10000 -0.85000"
1792,0.0000,Tx-Rx,0,-55.6751,"-0.15000 1.10000 4.90000, -5.45000 0.10000 -0.85000"
1793,0.0000,Tx-Rx,0,-57.7394,"-0.15000 1.10000 4.90000, -5.75000 0.10000 -0.85000"
1794,0.0000,Tx-Rx,0,-58.9493,"-0.15000 1.10000 4.90000, -6.05000 0.10000 -0.85000"
1795,0.0000,Tx-Rx,0,-59.7725,"-0.15000 1.10000 4.90000, -6.35000 0.10000 -0.85000"
1796,0.0000,Tx-Rx,0,-62.1847,"-0.15000 1.10000 4.90000, -6.65000 0.10000 -0.85000"
1797,0.0000,Tx-Rx,0,-65.2648,"-0.15000 1.10000 4.90000, -6.95000 0.10000 -0.85000"
1798,0.0000,Tx-Rx,0,-65.8525,"-0.15000 1.10000 4.90000, -7.25000 0.10000 -0.85000"
1799,0.0000,Tx-Rx,0,-65.2857,"-0.15000 1.10000 4.90000, -7.55000 0.10000 -0.85000"
1800,0.0000,Tx-Rx,0,-62.7544,"-0.15000 1.10000 4.90000, -7.85000 0.10000 -0.85000"
1801,0.0000,Tx-Rx,0,-79.2207,"-0.15000 1.10000 4.90000, 9.85000 0.10000 -1.15000"
1802,0.0000,Tx-Rx,0,-78.6605,"-0.15000 1.10000 4.90000, 9.55000 0.10000 -1.15000"
1803,0.0000,Tx-Rx,0,-78.3173,"-0.15000 1.10000 4.90000, 9.25000 0.10000 -1.15000"
1804,0.0000,Tx-Rx,0,-78.2226,"-0.15000 1.10000 4.90000, 8.95000 0.10000 -1.15000"
1805,0.0000,Tx-Rx,0,-79.8349,"-0.15000 1.10000 4.90000, 8.65000 0.10000 -1.15000"
1806,0.0000,Tx-Rx,0,-79.6838,"-0.15000 1.10000 4.90000, 8.35000 0.10000 -1.15000"
1807,0.0000,Tx-Rx,0,-78.9836,"-0.15000 1.10000 4.90000, 8.05000 0.10000 -1.15000"
1808,0.0000,Tx-Rx,0,-79.1135,"-0.15000 1.10000 4.90000, 7.75000 0.10000 -1.15000"
1809,0.0000,Tx-Rx,0,-83.0751,"-0.15000 1.10000 4.90000, 7.45000 0.10000 -1.15000"
1810,0.0000,Tx-Rx,0,-84.8198,"-0.15000 1.10000 4.90000, 7.15000 0.10000 -1.15000"
1811,0.0000,Tx-Rx,0,-82.8929,"-0.15000 1.10000 4.90000, 6.85000 0.10000 -1.15000"
1812,0.0000,Tx-Rx,0,-78.7671,"-0.15000 1.10000 4.90000, 6.55000 0.10000 -1.15000"
1813,0.0000,Tx-Rx,0,-77.1766,"-0.15000 1.10000 4.90000, 6.25000 0.10000 -1.15000"
1814,0.0000,Tx-Rx,0,-78.1737,"-0.15000 1.10000 4.90000, 5.95000 0.10000 -1.15000"
1815,0.0000,Tx-Rx,0,-79.7392,"-0.15000 1.10000 4.90000, 5.65000 0.10000 -1.15000"
1816,0.0000,Tx-Rx,0,-79.2705,"-0.15000 1.10000 4.90000, 5.35000 0.10000 -1.15000"
1817,0.0000,Tx-Rx,0,-80.7667,"-0.15000 1.10000 4.90000, 5.05000 0.10000 -1.15000"
1818,0.0000,Tx-Rx,0,-79.7420,"-0.15000 1.10000 4.90000, 4.75000 0.10000 -1.15000"
1819,0.0000,Tx-Rx,0,-78.6018,"-0.15000 1.10000 4.90000, 4.45000 0.10000 -1.15000"
1820,0.0000,Tx-Rx,0,-80.3241,"-0.15000 1.10000 4.90000, 4.15000 0.10000 -1.15000"
1821,0.0000,Tx-Rx,0,-79.3885,"-0.15000 1.10000 4.90000, 3.85000 0.10000 -1.15000"
1822,0.0000,Tx-Rx,0,-78.1788,"-0.15000 1.10000 4.90000, 3.55000 0.10000 -1.15000"
1823,0.0000,Tx-Rx,0,-81.4557,"-0.15000 1.10000 4.90000, 3.25000 0.10000 -1.15000"
1824,0.0000,Tx-Rx,0,-81.0603,"-0.15000 1.10000 4.90000, 2.95000 0.10000 -1.15000"
1825,0.0000,Tx-Rx,0,-81.0682,"-0.15000 1.10000 4.90000, 2.65000 0.10000 -1.15000"
1826,0.0000,Tx-Rx,0,-82.6849,"-0.15000 1.10000 4.90000, 2.35000 0.10000 -1.15000"
1827,0.0000,Tx-Rx,0,-84.1311,"-0.15000 1.10000 4.90000, 2.05000 0.10000 -1.15000"
1828,0.0000,Tx-Rx,0,-82.8499,"-0.15000 1.10000 4.90000, 1.75000 0.10000 -1.15000"
1829,0.0000,Tx-Rx,0,-82.0162,"-0.15000 1.10000 4.90000, 1.45000 0.10000 -1.15000"
1830,0.0000,Tx-Rx,0,-79.5472,"-0.15000 1.10000 4.90000, 1.15000 0.10000 -1.15000"
1831,0.0000,Tx-Rx,0,-78.0902,"-0.15000 1.10000 4.90000, 0.85000 0.10000 -1.15000"
1832,0.0000,Tx-Rx,0,-77.5339,"-0.15000 1.10000 4.90000, 0.55000 0.10000 -1.15000"
1833,0.0000,Tx-Rx,0,-69.2887,"-0.15000 1.10000 4.90000, 0.25000 0.10000 -1.15000"
1834,0.0000,Tx-Rx,0,-56.4065,"-0.15000 1.10000 4.90000, -0.05000 0.10000 -1.15000"
1835,0.0000,Tx-Rx,0,-55.2929,"-0.15000 1.10000 4.90000, -0.35000 0.10000 -1.15000"
1836,0.0000,Tx-Rx,0,-55.0641,"-0.15000 1.10000 4.90000, -0.65000 0.10000 -1.15000"
1837,0.0000,Tx-Rx,0,-54.9798,"-0.15000 1.10000 4.90000, -0.95000 0.10000 -1.15000"
1838,0.0000,Tx-Rx,0,-55.2889,"-0.15000 1.10000 4.90000, -1.25000 0.10000 -1.15000"
1839,0.0000,Tx-Rx,0,-55.5621,"-0.15000 1.10000 4.90000, -1.55000 0.10000 -1.15000"
1840,0.0000,Tx-Rx,0,-55.9578,"-0.15000 1.10000 4.90000, -1.85000 0.10000 -1.15000"
1841,0.0000,Tx-Rx,0,-56.2784,"-0.15000 1.10000 4.90000, -2.15000 0.10000 -1.15000"
1842,0.0000,Tx-Rx,0,-55.5799,"-0.15000 1.10000 4.90000, -2.45000 0.10000 -1.15000"
1843,0.0000,Tx-Rx,0,-55.3834,"-0.15000 1.10000 4.90000, -2.75000 0.10000 -1.15000"
1844,0.0000,Tx-Rx,0,-55.1354,"-0.15000 1.10000 4.90000, -3.05000 0.10000 -1.15000"
1845,0.0000,Tx-Rx,0,-55.2705,"-0.15000 1.10000 4.90000, -3.35000 0.10000 -1.15000"
1846,0.0000,Tx-Rx,0,-55.5876,"-0.15000 1.10000 4.90000, -3.65000 0.10000 -1.15000"
1847,0.0000,Tx-Rx,0,-51.9069,"-0.15000 1.10000 4.90000, -3.95000 0.10000 -1.15000"
1848,0.0000,Tx-Rx,0,-51.8169,"-0.15000 1.10000 4.90000, -4.25000 0.10000 -1.15000"
1849,0.0000,Tx-Rx,0,-51.5882,"-0.15000 1.10000 4.90000, -4.55000 0.10000 -1.15000"
1850,0.0000,Tx-Rx,0,-51.8160,"-0.15000 1.10000 4.90000, -4.85000 0.10000 -1.15000"
1851,0.0000,Tx-Rx,0,-51.9053,"-0.15000 1.10000 4.90000, -5.15000 0.10000 -1.15000"
1852,0.0000,Tx-Rx,0,-51.8994,"-0.15000 1.10000 4.90000, -5.45000 0.10000 -1.15000"
1853,0.0000,Tx-Rx,0,-55.6933,"-0.15000 1.10000 4.90000, -5.75000 0.10000 -1.15000"
1854,0.0000,Tx-Rx,0,-58.3884,"-0.15000 1.10000 4.90000, -6.05000 0.10000 -1.15000"
1855,0.0000,Tx-Rx,0,-60.1005,"-0.15000 1.10000 4.90000, -6.35000 0.10000 -1.15000"
1856,0.0000,Tx-Rx,0,-61.0126,"-0.15000 1.10000 4.90000, -6.65000 0.10000 -1.15000"
1857,0.0000,Tx-Rx,0,-61.8321,"-0.15000 1.10000 4.90000, -6.95000 0.10000 -1.15000"
1858,0.0000,Tx-Rx,0,-64.4922,"-0.15000 1.10000 4.90000, -7.25000 0.10000 -1.15000"
1859,0.0000,Tx-Rx,0,-64.7378,"-0.15000 1.10000 4.90000, -7.55000 0.10000 -1.15000"
1860,0.0000,Tx-Rx,0,-62.2560,"-0.15000 1.10000 4.90000, -7.85000 0.10000 -1.15000"
1861,0.0000,Tx-Rx,0,-83.3299,"-0.15000 1.10000 4.90000, 9.85000 0.10000 -1.45000"
1862,0.0000,Tx-Rx,0,-83.3477,"-0.15000 1.10000 4.90000, 9.55000 0.10000 -1.45000"
1863,0.0000,Tx-Rx,0,-85.0368,"-0.15000 1.10000 4.90000, 9.25000 0.10000 -1.45000"
1864,0.0000,Tx-Rx,0,-86.2305,"-0.15000 1.10000 4.90000, 8.95000 0.10000 -1.45000"
1865,0.0000,Tx-Rx,0,-83.1631,"-0.15000 1.10000 4.90000, 8.65000 0.10000 -1.45000"
1866,0.0000,Tx-Rx,0,-81.0794,"-0.15000 1.10000 4.90000, 8.35000 0.10000 -1.45000"
1867,0.0000,Tx-Rx,0,-80.7365,"-0.15000 1.10000 4.90000, 8.05000 0.10000 -1.45000"
1868,0.0000,Tx-Rx,0,-83.4100,"-0.15000 1.10000 4.90000, 7.75000 0.10000 -1.45000"
1869,0.0000,Tx-Rx,0,-85.2303,"-0.15000 1.10000 4.90000, 7.45000 0.10000 -1.45000"
1870,0.0000,Tx-Rx,0,-84.4240,"-0.15000 1.10000 4.90000, 7.15000 0.10000 -1.45000"
1871,0.0000,Tx-Rx,0,-83.9253,"-0.15000 1.10000 4.90000, 6.85000 0.10000 -1.45000"
1872,0.0000,Tx-Rx,0,-83.6415,"-0.15000 1.10000 4.90000, 6.55000 0.10000 -1.45000"
1873,0.0000,Tx-Rx,0,-83.1648,"-0.15000 1.10000 4.90000, 6.25000 0.10000 -1.45000"
1874,0.0000,Tx-Rx,0,-79.9268,"-0.15000 1.10000 4.90000, 5.95000 0.10000 -1.45000"
1875,0.0000,Tx-Rx,0,-78.8344,"-0.15000 1.10000 4.90000, 5.65000 0.10000 -1.45000"
1876,0.0000,Tx-Rx,0,-77.6069,"-0.15000 1.10000 4.90000, 5.35000 0.10000 -1.45000"
1877,0.0000,Tx-Rx,0,-77.7084,"-0.15000 1.10000 4.90000, 5.05000 0.10000 -1.45000"
1878,0.0000,Tx-Rx,0,-78.1231,"-0.15000 1.10000 4.90000, 4.75000 0.10000 -1.45000"
1879,0.0000,Tx-Rx,0,-81.2838,"-0.15000 1.10000 4.90000, 4.45000 0.10000 -1.45000"
1880,0.0000,Tx-Rx,0,-80.8222,"-0.15000 1.10000 4.90000, 4.15000 0.10000 -1.45000"
1881,0.0000,Tx-Rx,0,-76.9083,"-0.15000 1.10000 4.90000, 3.85000 0.10000 -1.45000"
1882,0.0000,Tx-Rx,0,-77.1055,"-0.15000 1.10000 4.90000, 3.55000 0.10000 -1.45000"
1883,0.0000,Tx-Rx,0,-81.5318,"-0.15000 1.10000 4.90000, 3.25000 0.10000 -1.45000"
1884,0.0000,Tx-Rx,0,-81.3267,"-0.15000 1.10000 4.90000, 2.95000 0.10000 -1.45000"
1885,0.0000,Tx-Rx,0,-80.7833,"-0.15000 1.10000 4.90000, 2.65000 0.10000 -1.45000"
1886,0.0000,Tx-Rx,0,-79.7459,"-0.15000 1.10000 4.90000, 2.35000 0.10000 -1.45000"
1887,0.0000,Tx-Rx,0,-79.2151,"-0.15000 1.10000 4.90000, 2.05000 0.10000 -1.45000"
1888,0.0000,Tx-Rx,0,-79.3070,"-0.15000 1.10000 4.90000, 1.75000 0.10000 -1.45000"
1889,0.0000,Tx-Rx,0,-78.8237,"-0.15000 1.10000 4.90000, 1.45000 0.10000 -1.45000"
1890,0.0000,Tx-Rx,0,-78.6995,"-0.15000 1.10000 4.90000, 1.15000 0.10000 -1.45000"
1891,0.0000,Tx-Rx,0,-79.2240,"-0.15000 1.10000 4.90000, 0.85000 0.10000 -1.45000"
1892,0.0000,Tx-Rx,0,-77.7851,"-0.15000 1.10000 4.90000, 0.55000 0.10000 -1.45000"
1893,0.0000,Tx-Rx,0,-66.2213,"-0.15000 1.10000 4.90000, 0.25000 0.10000 -1.45000"
1894,0.0000,Tx-Rx,0,-56.9524,"-0.15000 1.10000 4.90000, -0.05000 0.10000 -1.45000"
1895,0.0000,Tx-Rx,0,-55.5874,"-0.15000 1.10000 4.90000, -0.35000 0.10000 -1.45000"
1896,0.0000,Tx-Rx,0,-55.6746,"-0.15000 1.10000 4.90000, -0.65000 0.10000 -1.45000"
1897,0.0000,Tx-Rx,0,-55.4874,"-0.15000 1.10000 4.90000, -0.95000 0.10000 -1.45000"
1898,0.0000,Tx-Rx,0,-55.4402,"-0.15000 1.10000 4.90000, -1.25000 0.10000 -1.45000"
1899,0.0000,Tx-Rx,0,-55.5730,"-0.15000 1.10000 4.90000, -1.55000 0.10000 -1.45000"
1900,0.0000,Tx-Rx,0,-56.2438,"-0.15000 1.10000 4.90000, -1.85000 0.10000 -1.45000"
1901,0.0000,Tx-Rx,0,-55.9365,"-0.15000 1.10000 4.90000, -2.15000 0.10000 -1.45000"
1902,0.0000,Tx-Rx,0,-55.8073,"-0.15000 1.10000 4.90000, -2.45000 0.10000 -1.45000"
1903,0.0000,Tx-Rx,0,-56.2675,"-0.15000 1.10000 4.90000, -2.75000 0.10000 -1.45000"
1904,0.0000,Tx-Rx,0,-55.6432,"-0.15000 1.10000 4.90000, -3.05000 0.10000 -1.45000"
1905,0.0000,Tx-Rx,0,-55.7470,"-0.15000 1.10000 4.90000, -3.35000 0.10000 -1.45000"
1906,0.0000,Tx-Rx,0,-57.0650,"-0.15000 1.10000 4.90000, -3.65000 0.10000 -1.45000"
1907,0.0000,Tx-Rx,0,-54.1759,"-0.15000 1.10000 4.90000, -3.95000 0.10000 -1.45000"
1908,0.0000,Tx-Rx,0,-51.9410,"-0.15000 1.10000 4.90000, -4.25000 0.10000 -1.45000"
1909,0.0000,Tx-Rx,0,-51.8369,"-0.15000 1.10000 4.90000, -4.55000 0.10000 -1.45000"
1910,0.0000,Tx-Rx,0,-51.9464,"-0.15000 1.10000 4.90000, -4.85000 0.10000 -1.45000"
1911,0.0000,Tx-Rx,0,-53.3034,"-0.15000 1.10000 4.90000, -5.15000 0.10000 -1.45000"
1912,0.0000,Tx-Rx,0,-54.2524,"-0.15000 1.10000 4.90000, -5.45000 0.10000 -1.45000"
1913,0.0000,Tx-Rx,0,-55.2455,"-0.15000 1.10000 4.90000, -5.75000 0.10000 -1.45000"
1914,0.0000,Tx-Rx,0,-60.4266,"-0.15000 1.10000 4.90000, -6.05000 0.10000 -1.45000"
1915,0.0000,Tx-Rx,0,-62.5003,"-0.15000 1.10000 4.90000, -6.35000 0.10000 -1.45000"
1916,0.0000,Tx-Rx,0,-63.0443,"-0.15000 1.10000 4.90000, -6.65000 0.10000 -1.45000"
1917,0.0000,Tx-Rx,0,-63.1075,"-0.15000 1.10000 4.90000, -6.95000 0.10000 -1.45000"
1918,0.0000,Tx-Rx,0,-62.6034,"-0.15000 1.10000 4.90000, -7.25000 0.10000 -1.45000"
1919,0.0000,Tx-Rx,0,-61.7589,"-0.15000 1.10000 4.90000, -7.55000 0.10000 -1.45000"
1920,0.0000,Tx-Rx,0,-62.1591,"-0.15000 1.10000 4.90000, -7.85000 0.10000 -1.45000"
1921,0.0000,Tx-Rx,0,-85.9359,"-0.15000 1.10000 4.90000, 9.85000 0.10000 -1.75000"
1922,0.0000,Tx-Rx,0,-84.4184,"-0.15000 1.10000 4.90000, 9.55000 0.10000 -1.75000"
1923,0.0000,Tx-Rx,0,-83.0333,"-0.15000 1.10000 4.90000, 9.25000 0.10000 -1.75000"
1924,0.0000,Tx-Rx,0,-83.2532,"-0.15000 1.10000 4.90000, 8.95000 0.10000 -1.75000"
1925,0.0000,Tx-Rx,0,-82.2543,"-0.15000 1.10000 4.90000, 8.65000 0.10000 -1.75000"
1926,0.0000,Tx-Rx,0,-82.6469,"-0.15000 1.10000 4.90000, 8.35000 0.10000 -1.75000"
1927,0.0000,Tx-Rx,0,-86.1077,"-0.15000 1.10000 4.90000, 8.05000 0.10000 -1.75000"
1928,0.0000,Tx-Rx,0,-84.3536,"-0.15000 1.10000 4.90000, 7.75000 0.10000 -1.75000"
1929,0.0000,Tx-Rx,0,-83.8973,"-0.15000 1.10000 4.90000, 7.45000 0.10000 -1.75000"
1930,0.0000,Tx-Rx,0,-86.6527,"-0.15000 1.10000 4.90000, 7.15000 0.10000 -1.75000"
1931,0.0000,Tx-Rx,0,-85.5825,"-0.15000 1.10000 4.90000, 6.85000 0.10000 -1.75000"
1932,0.0000,Tx-Rx,0,-86.7255,"-0.15000 1.10000 4.90000, 6.55000 0.10000 -1.75000"
1933,0.0000,Tx-Rx,0,-85.4294,"-0.15000 1.10000 4.90000, 6.25000 0.10000 -1.75000"
1934,0.0000,Tx-Rx,0,-83.7738,"-0.15000 1.10000 4.90000, 5.95000 0.10000 -1.75000"
1935,0.0000,Tx-Rx,0,-82.0024,"-0.15000 1.10000 4.90000, 5.65000 0.10000 -1.75000"
1936,0.0000,Tx-Rx,0,-79.7948,"-0.15000 1.10000 4.90000, 5.35000 0.10000 -1.75000"
1937,0.0000,Tx-Rx,0,-77.6324,"-0.15000 1.10000 4.90000, 5.05000 0.10000 -1.75000"
1938,0.0000,Tx-Rx,0,-78.8967,"-0.15000 1.10000 4.90000, 4.75000 0.10000 -1.75000"
1939,0.0000,Tx-Rx,0,-78.6093,"-0.15000 1.10000 4.90000, 4.45000 0.10000 -1.75000"
1940,0.0000,Tx-Rx,0,-78.6515,"-0.15000 1.10000 4.90000, 4.15000 0.10000 -1.75000"
1941,0.0000,Tx-Rx,0,-77.3090,"-0.15000 1.10000 4.90000, 3.85000 0.10000 -1.75000"
1942,0.0000,Tx-Rx,0,-76.3662,"-0.15000 1.10000 4.90000, 3.55000 0.10000 -1.75000"
1943,0.0000,Tx-Rx,0,-78.4931,"-0.15000 1.10000 4.90000, 3.25000 0.10000 -1.75000"
1944,0.0000,Tx-Rx,0,-78.8514,"-0.15000 1.10000 4.90000, 2.95000 0.10000 -1.75000"
1945,0.0000,Tx-Rx,0,-78.2856,"-0.15000 1.10000 4.90000, 2.65000 0.10000 -1.75000"
1946,0.0000,Tx-Rx,0,-78.0504,"-0.15000 1.10000 4.90000, 2.35000 0.10000 -1.75000"
1947,0.0000,Tx-Rx,0,-78.3354,"-0.15000 1.10000 4.90000, 2.05000 0.10000 -1.75000"
1948,0.0000,Tx-Rx,0,-78.3051,"-0.15000 1.10000 4.90000, 1.75000 0.10000 -1.75000"
1949,0.0000,Tx-Rx,0,-78.8895,"-0.15000 1.10000 4.90000, 1.45000 0.10000 -1.75000"
1950,0.0000,Tx-Rx,0,-79.5121,"-0.15000 1.10000 4.90000, 1.15000 0.10000 -1.75000"
1951,0.0000,Tx-Rx,0,-78.8386,"-0.15000 1.10000 4.90000, 0.85000 0.10000 -1.75000"
1952,0.0000,Tx-Rx,0,-77.6964,"-0.15000 1.10000 4.90000, 0.55000 0.10000 -1.75000"
1953,0.0000,Tx-Rx,0,-64.8025,"-0.15000 1.10000 4.90000, 0.25000 0.10000 -1.75000"
1954,0.0000,Tx-Rx,0,-57.4479,"-0.15000 1.10000 4.90000, -0.05000 0.10000 -1.75000"
1955,0.0000,Tx-Rx,0,-55.8660,"-0.15000 1.10000 4.90000, -0.35000 0.10000 -1.75000"
1956,0.0000,Tx-Rx,0,-56.0493,"-0.15000 1.10000 4.90000, -0.65000 0.10000 -1.75000"
1957,0.0000,Tx-Rx,0,-56.1879,"-0.15000 1.10000 4.90000, -0.95000 0.10000 -1.75000"
1958,0.0000,Tx-Rx,0,-55.7057,"-0.15000 1.10000 4.90000, -1.25000 0.10000 -1.75000"
1959,0.0000,Tx-Rx,0,-55.8436,"-0.15000 1.10000 4.90000, -1.55000 0.10000 -1.75000"
1960,0.0000,Tx-Rx,0,-56.2434,"-0.15000 1.10000 4.90000, -1.85000 0.10000 -1.75000"
1961,0.0000,Tx-Rx,0,-56.2799,"-0.15000 1.10000 4.90000, -2.15000 0.10000 -1.75000"
1962,0.0000,Tx-Rx,0,-56.2840,"-0.15000 1.10000 4.90000, -2.45000 0.10000 -1.75000"
1963,0.0000,Tx-Rx,0,-56.3716,"-0.15000 1.10000 4.90000, -2.75000 0.10000 -1.75000"
1964,0.0000,Tx-Rx,0,-56.2946,"-0.15000 1.10000 4.90000, -3.05000 0.10000 -1.75000"
1965,0.0000,Tx-Rx,0,-55.9322,"-0.15000 1.10000 4.90000, -3.35000 0.10000 -1.75000"
1966,0.0000,Tx-Rx,0,-56.2139,"-0.15000 1.10000 4.90000, -3.65000 0.10000 -1.75000"
1967,0.0000,Tx-Rx,0,-56.6200,"-0.15000 1.10000 4.90000, -3.95000 0.10000 -1.75000"
1968,0.0000,Tx-Rx,0,-53.0115,"-0.15000 1.10000 4.90000, -4.25000 0.10000 -1.75000"
1969,0.0000,Tx-Rx,0,-52.5622,"-0.15000 1.10000 4.90000, -4.55000 0.10000 -1.75000"
1970,0.0000,Tx-Rx,0,-51.9153,"-0.15000 1.10000 4.90000, -4.85000 0.10000 -1.75000"
1971,0.0000,Tx-Rx,0,-54.9216,"-0.15000 1.10000 4.90000, -5.15000 0.10000 -1.75000"
1972,0.0000,Tx-Rx,0,-59.7662,"-0.15000 1.10000 4.90000, -5.45000 0.10000 -1.75000"
1973,0.0000,Tx-Rx,0,-67.9899,"-0.15000 1.10000 4.90000, -5.75000 0.10000 -1.75000"
1974,0.0000,Tx-Rx,0,-61.6048,"-0.15000 1.10000 4.90000, -6.05000 0.10000 -1.75000"
1975,0.0000,Tx-Rx,0,-66.8730,"-0.15000 1.10000 4.90000, -6.35000 0.10000 -1.75000"
1976,0.0000,Tx-Rx,0,-69.9639,"-0.15000 1.10000 4.90000, -6.65000 0.10000 -1.75000"
1977,0.0000,Tx-Rx,0,-64.8445,"-0.15000 1.10000 4.90000, -6.95000 0.10000 -1.75000"
1978,0.0000,Tx-Rx,0,-66.8175,"-0.15000 1.10000 4.90000, -7.25000 0.10000 -1.75000"
1979,0.0000,Tx-Rx,0,-61.1086,"-0.15000 1.10000 4.90000, -7.55000 0.10000 -1.75000"
1980,0.0000,Tx-Rx,0,-60.5820,"-0.15000 1.10000 4.90000, -7.85000 0.10000 -1.75000"
1981,0.0000,Tx-Rx,0,-92.2885,"-0.15000 1.10000 4.90000, 9.85000 0.10000 -2.05000"
1982,0.0000,Tx-Rx,0,-92.2514,"-0.15000 1.10000 4.90000, 9.55000 0.10000 -2.05000"
1983,0.0000,Tx-Rx,0,-87.4059,"-0.15000 1.10000 4.90000, 9.25000 0.10000 -2.05000"
1984,0.0000,Tx-Rx,0,-84.0236,"-0.15000 1.10000 4.90000, 8.95000 0.10000 -2.05000"
1985,0.0000,Tx-Rx,0,-87.4545,"-0.15000 1.10000 4.90000, 8.65000 0.10000 -2.05000"
1986,0.0000,Tx-Rx,0,-89.7820,"-0.15000 1.10000 4.90000, 8.35000 0.10000 -2.05000"
1987,0.0000,Tx-Rx,0,-86.1717,"-0.15000 1.10000 4.90000, 8.05000 0.10000 -2.05000"
1988,0.0000,Tx-Rx,0,-84.8850,"-0.15000 1.10000 4.90000, 7.75000 0.10000 -2.05000"
1989,0.0000,Tx-Rx,0,-85.9053,"-0.15000 1.10000 4.90000, 7.45000 0.10000 -2.05000"
1990,0.0000,Tx-Rx,0,-85.8863,"-0.15000 1.10000 4.90000, 7.15000 0.10000 -2.05000"
1991,0.0000,Tx-Rx,0,-86.2486,"-0.15000 1.10000 4.90000, 6.85000 0.10000 -2.05000"
1992,0.0000,Tx-Rx,0,-85.7726,"-0.15000 1.10000 4.90000, 6.55000 0.10000 -2.05000"
1993,0.0000,Tx-Rx,0,-83.1532,"-0.15000 1.10000 4.90000, 6.25000 0.10000 -2.05000"
1994,0.0000,Tx-Rx,0,-84.0846,"-0.15000 1.10000 4.90000, 5.95000 0.10000 -2.05000"
1995,0.0000,Tx-Rx,0,-81.7916,"-0.15000 1.10000 4.90000, 5.65000 0.10000 -2.05000"
1996,0.0000,Tx-Rx,0,-81.8191,"-0.15000 1.10000 4.90000, 5.35000 0.10000 -2.05000"
1997,0.0000,Tx-Rx,0,-79.0913,"-0.15000 1.10000 4.90000, 5.05000 0.10000 -2.05000"
1998,0.0000,Tx-Rx,0,-78.5088,"-0.15000 1.10000 4.90000, 4.75000 0.10000 -2.05000"
1999,0.0000,Tx-Rx,0,-77.9720,"-0.15000 1.10000 4.90000, 4.45000 0.10000 -2.05000"
2000,0.0000,Tx-Rx,0,-77.8005,"-0.15000 1.10000 4.90000, 4.15000 0.10000 -2.05000"
2001,0.0000,Tx-Rx,0,-76.0364,"-0.15000 1.10000 4.90000, 3.85000 0.10000 -2.05000"
2002,0.0000,Tx-Rx,0,-74.5254,"-0.15000 1.10000 4.90000, 3.55000 0.10000 -2.05000"
2003,0.0000,Tx-Rx,0,-76.3885,"-0.15000 1.10000 4.90000, 3.25000 0.10000 -2.05000"
2004,0.0000,Tx-Rx,0,-78.6070,"-0.15000 1.10000 4.90000, 2.95000 0.10000 -2.05000"
2005,0.0000,Tx-Rx,0,-77.9746,"-0.15000 1.10000 4.90000, 2.65000 0.10000 -2.05000"
2006,0.0000,Tx-Rx,0,-77.8413,"-0.15000 1.10000 4.90000, 2.35000 0.10000 -2.05000"
2007,0.0000,Tx-Rx,0,-77.9936,"-0.15000 1.10000 4.90000, 2.05000 0.10000 -2.05000"
2008,0.0000,Tx-Rx,0,-78.3093,"-0.15000 1.10000 4.90000, 1.75000 0.10000 -2.05000"
2009,0.0000,Tx-Rx,0,-78.6322,"-0.15000 1.10000 4.90000, 1.45000 0.10000 -2.05000"
2010,0.0000,Tx-Rx,0,-78.9449,"-0.15000 1.10000 4.90000, 1.15000 0.10000 -2.05000"
2011,0.0000,Tx-Rx,0,-78.6787,"-0.15000 1.10000 4.90000, 0.85000 0.10000 -2.05000"
2012,0.0000,Tx-Rx,0,-69.9117,"-0.15000 1.10000 4.90000, 0.55000 0.10000 -2.05000"
2013,0.0000,Tx-Rx,0,-65.0148,"-0.15000 1.10000 4.90000, 0.25000 0.10000 -2.05000"
2014,0.0000,Tx-Rx,0,-57.9130,"-0.15000 1.10000 4.90000, -0.05000 0.10000 -2.05000"
2015,0.0000,Tx-Rx,0,-56.1604,"-0.15000 1.10000 4.90000, -0.35000 0.10000 -2.05000"
2016,0.0000,Tx-Rx,0,-56.2209,"-0.15000 1.10000 4.90000, -0.65000 0.10000 -2.05000"
2017,0.0000,Tx-Rx,0,-56.3541,"-0.15000 1.10000 4.90000, -0.95000 0.10000 -2.05000"
2018,0.0000,Tx-Rx,0,-56.3924,"-0.15000 1.10000 4.90000, -1.25000 0.10000 -2.05000"
2019,0.0000,Tx-Rx,0,-56.3328,"-0.15000 1.10000 4.90000, -1.55000 0.10000 -2.05000"
2020,0.0000,Tx-Rx,0,-56.1513,"-0.15000 1.10000 4.90000, -1.85000 0.10000 -2.05000"
2021,0.0000,Tx-Rx,0,-56.5207,"-0.15000 1.10000 4.90000, -2.15000 0.10000 -2.05000"
2022,0.0000,Tx-Rx,0,-56.8051,"-0.15000 1.10000 4.90000, -2.45000 0.10000 -2.05000"
2023,0.0000,Tx-Rx,0,-56.4081,"-0.15000 1.10000 4.90000, -2.75000 0.10000 -2.05000"
2024,0.0000,Tx-Rx,0,-56.7401,"-0.15000 1.10000 4.90000, -3.05000 0.10000 -2.05000"
2025,0.0000,Tx-Rx,0,-56.1594,"-0.15000 1.10000 4.90000, -3.35000 0.10000 -2.05000"
2026,0.0000,Tx-Rx,0,-56.0760,"-0.15000 1.10000 4.90000, -3.65000 0.10000 -2.05000"
2027,0.0000,Tx-Rx,0,-56.7457,"-0.15000 1.10000 4.90000, -3.95000 0.10000 -2.05000"
2028,0.0000,Tx-Rx,0,-55.7551,"-0.15000 1.10000 4.90000, -4.25000 0.10000 -2.05000"
2029,0.0000,Tx-Rx,0,-52.2743,"-0.15000 1.10000 4.90000, -4.55000 0.10000 -2.05000"
2030,0.0000,Tx-Rx,0,-52.4661,"-0.15000 1.10000 4.90000, -4.85000 0.10000 -2.05000"
2031,0.0000,Tx-Rx,0,-55.1248,"-0.15000 1.10000 4.90000, -5.15000 0.10000 -2.05000"
2032,0.0000,Tx-Rx,0,-61.2058,"-0.15000 1.10000 4.90000, -5.45000 0.10000 -2.05000"
2033,0.0000,Tx-Rx,0,-70.1015,"-0.15000 1.10000 4.90000, -5.75000 0.10000 -2.05000"
2034,0.0000,Tx-Rx,0,-64.9247,"-0.15000 1.10000 4.90000, -6.05000 0.10000 -2.05000"
2035,0.0000,Tx-Rx,0,-62.7430,"-0.15000 1.10000 4.90000, -6.35000 0.10000 -2.05000"
2036,0.0000,Tx-Rx,0,-66.9451,"-0.15000 1.10000 4.90000, -6.65000 0.10000 -2.05000"
2037,0.0000,Tx-Rx,0,-64.2641,"-0.15000 1.10000 4.90000, -6.95000 0.10000 -2.05000"
2038,0.0000,Tx-Rx,0,-63.9023,"-0.15000 1.10000 4.90000, -7.25000 0.10000 -2.05000"
2039,0.0000,Tx-Rx,0,-62.9508,"-0.15000 1.10000 4.90000, -7.55000 0.10000 -2.05000"
2040,0.0000,Tx-Rx,0,-63.0873,"-0.15000 1.10000 4.90000, -7.85000 0.10000 -2.05000"
2041,0.0000,Tx-Rx,0,-120.0000,"-0.15000 1.10000 4.90000, 9.85000 0.10000 -2.35000"
2042,0.0000,Tx-Rx,0,-120.0000,"-0.15000 1.10000 4.90000, 9.55000 0.10000 -2.35000"
2043,0.0000,Tx-Rx,0,-120.0000,"-0.15000 1.10000 4.90000, 9.25000 0.10000 -2.35000"
2044,0.0000,Tx-Rx,0,-120.0000,"-0.15000 1.10000 4.90000, 8.95000 0.10000 -2.35000"
2045,0.0000,Tx-Rx,0,-120.0000,"-0.15000 1.10000 4.90000, 8.65000 0.10000 -2.35000"
2046,0.0000,Tx-Rx,0,-115.3304,"-0.15000 1.10000 4.90000, 8.35000 0.10000 -2.35000"
2047,0.0000,Tx-Rx,0,-92.7608,"-0.15000 1.10000 4.90000, 8.05000 0.10000 -2.35000"
2048,0.0000,Tx-Rx,0,-85.4841,"-0.15000 1.10000 4.90000, 7.75000 0.10000 -2.35000"
2049,0.0000,Tx-Rx,0,-84.5714,"-0.15000 1.10000 4.90000, 7.45000 0.10000 -2.35000"
2050,0.0000,Tx-Rx,0,-84.8628,"-0.15000 1.10000 4.90000, 7.15000 0.10000 -2.35000"
2051,0.0000,Tx-Rx,0,-83.1579,"-0.15000 1.10000 4.90000, 6.85000 0.10000 -2.35000"
2052,0.0000,Tx-Rx,0,-81.2395,"-0.15000 1.10000 4.90000, 6.55000 0.10000 -2.35000"
2053,0.0000,Tx-Rx,0,-82.6805,"-0.15000 1.10000 4.90000, 6.25000 0.10000 -2.35000"
2054,0.0000,Tx-Rx,0,-82.9259,"-0.15000 1.10000 4.90000, 5.95000 0.10000 -2.35000"
2055,0.0000,Tx-Rx,0,-81.2119,"-0.15000 1.10000 4.90000, 5.65000 0.10000 -2.35000"
2056,0.0000,Tx-Rx,0,-82.9246,"-0.15000 1.10000 4.90000, 5.35000 0.10000 -2.35000"
2057,0.0000,Tx-Rx,0,-82.6543,"-0.15000 1.10000 4.90000, 5.05000 0.10000 -2.35000"
2058,0.0000,Tx-Rx,0,-80.4562,"-0.15000 1.10000 4.90000, 4.75000 0.10000 -2.35000"
2059,0.0000,Tx-Rx,0,-77.5783,"-0.15000 1.10000 4.90000, 4.45000 0.10000 -2.35000"
2060,0.0000,Tx-Rx,0,-76.0640,"-0.15000 1.10000 4.90000, 4.15000 0.10000 -2.35000"
2061,0.0000,Tx-Rx,0,-75.5106,"-0.15000 1.10000 4.90000, 3.85000 0.10000 -2.35000"
2062,0.0000,Tx-Rx,0,-74.0105,"-0.15000 1.10000 4.90000, 3.55000 0.10000 -2.35000"
2063,0.0000,Tx-Rx,0,-74.2645,"-0.15000 1.10000 4.90000, 3.25000 0.10000 -2.35000"
2064,0.0000,Tx-Rx,0,-78.2402,"-0.15000 1.10000 4.90000, 2.95000 0.10000 -2.35000"
2065,0.0000,Tx-Rx,0,-78.9653,"-0.15000 1.10000 4.90000, 2.65000 0.10000 -2.35000"
2066,0.0000,Tx-Rx,0,-78.1362,"-0.15000 1.10000 4.90000, 2.35000 0.10000 -2.35000"
2067,0.0000,Tx-Rx,0,-77.9915,"-0.15000 1.10000 4.90000, 2.05000 0.10000 -2.35000"
2068,0.0000,Tx-Rx,0,-78.2404,"-0.15000 1.10000 4.90000, 1.75000 0.10000 -2.35000"
2069,0.0000,Tx-Rx,0,-78.5422,"-0.15000 1.10000 4.90000, 1.45000 0.10000 -2.35000"
2070,0.0000,Tx-Rx,0,-78.1918,"-0.15000 1.10000 4.90000, 1.15000 0.10000 -2.35000"
2071,0.0000,Tx-Rx,0,-78.2468,"-0.15000 1.10000 4.90000, 0.85000 0.10000 -2.35000"
2072,0.0000,Tx-Rx,0,-67.1409,"-0.15000 1.10000 4.90000, 0.55000 0.10000 -2.35000"
2073,0.0000,Tx-Rx,0,-66.5956,"-0.15000 1.10000 4.90000, 0.25000 0.10000 -2.35000"
2074,0.0000,Tx-Rx,0,-58.1977,"-0.15000 1.10000 4.90000, -0.05000 0.10000 -2.35000"
2075,0.0000,Tx-Rx,0,-56.5065,"-0.15000 1.10000 4.90000, -0.35000 0.10000 -2.35000"
2076,0.0000,Tx-Rx,0,-56.3458,"-0.15000 1.10000 4.90000, -0.65000 0.10000 -2.35000"
2077,0.0000,Tx-Rx,0,-56.5899,"-0.15000 1.10000 4.90000, -0.95000 0.10000 -2.35000"
2078,0.0000,Tx-Rx,0,-56.6699,"-0.15000 1.10000 4.90000, -1.25000 0.10000 -2.35000"
2079,0.0000,Tx-Rx,0,-56.6771,"-0.15000 1.10000 4.90000, -1.55000 0.10000 -2.35000"
2080,0.0000,Tx-Rx,0,-56.5477,"-0.15000 1.10000 4.90000, -1.85000 0.10000 -2.35000"
2081,0.0000,Tx-Rx,0,-56.0840,"-0.15000 1.10000 4.90000, -2.15000 0.10000 -2.35000"
2082,0.0000,Tx-Rx,0,-56.3829,"-0.15000 1.10000 4.90000, -2.45000 0.10000 -2.35000"
2083,0.0000,Tx-Rx,0,-56.8477,"-0.15000 1.10000 4.90000, -2.75000 0.10000 -2.35000"
2084,0.0000,Tx-Rx,0,-57.0206,"-0.15000 1.10000 4.90000, -3.05000 0.10000 -2.35000"
2085,0.0000,Tx-Rx,0,-56.3417,"-0.15000 1.10000 4.90000, -3.35000 0.10000 -2.35000"
2086,0.0000,Tx-Rx,0,-56.3856,"-0.15000 1.10000 4.90000, -3.65000 0.10000 -2.35000"
2087,0.0000,Tx-Rx,0,-56.7486,"-0.15000 1.10000 4.90000, -3.95000 0.10000 -2.35000"
2088,0.0000,Tx-Rx,0,-58.0030,"-0.15000 1.10000 4.90000, -4.25000 0.10000 -2.35000"
2089,0.0000,Tx-Rx,0,-53.4941,"-0.15000 1.10000 4.90000, -4.55000 0.10000 -2.35000"
2090,0.0000,Tx-Rx,0,-52.7694,"-0.15000 1.10000 4.90000, -4.85000 0.10000 -2.35000"
2091,0.0000,Tx-Rx,0,-52.9510,"-0.15000 1.10000 4.90000, -5.15000 0.10000 -2.35000"
2092,0.0000,Tx-Rx,0,-61.1008,"-0.15000 1.10000 4.90000, -5.45000 0.10000 -2.35000"
2093,0.0000,Tx-Rx,0,-66.0231,"-0.15000 1.10000 4.90000, -5.75000 0.10000 -2.35000"
2094,0.0000,Tx-Rx,0,-68.5891,"-0.15000 1.10000 4.90000, -6.05000 0.10000 -2.35000"
2095,0.0000,Tx-Rx,0,-68.3985,"-0.15000 1.10000 4.90000, -6.35000 0.10000 -2.35000"
2096,0.0000,Tx-Rx,0,-63.6437,"-0.15000 1.10000 4.90000, -6.65000 0.10000 -2.35000"
2097,0.0000,Tx-Rx,0,-63.4970,"-0.15000 1.10000 4.90000, -6.95000 0.10000 -2.35000"
2098,0.0000,Tx-Rx,0,-62.9209,"-0.15000 1.10000 4.90000, -7.25000 0.10000 -2.35000"
2099,0.0000,Tx-Rx,0,-63.6739,"-0.15000 1.10000 4.90000, -7.55000 0.10000 -2.35000"
2100,0.0000,Tx-Rx,0,-71.0528,"-0.15000 1.10000 4.90000, -7.85000 0.10000 -2.35000"
2101,0.0000,Tx-Rx,0,-120.0000,"-0.15000 1.10000 4.90000, 9.85000 0.10000 -2.65000"
2102,0.0000,Tx-Rx,0,-120.0000,"-0.15000 1.10000 4.90000, 9.55000 0.10000 -2.65000"
2103,0.0000,Tx-Rx,0,-120.0000,"-0.15000 1.10000 4.90000, 9.25000 0.10000 -2.65000"
2104,0.0000,Tx-Rx,0,-117.7297,"-0.15000 1.10000 4.90000, 8.95000 0.10000 -2.65000"
2105,0.0000,Tx-Rx,0,-118.1284,"-0.15000 1.10000 4.90000, 8.65000 0.10000 -2.65000"
2106,0.0000,Tx-Rx,0,-107.3418,"-0.15000 1.10000 4.90000, 8.35000 0.10000 -2.65000"
2107,0.0000,Tx-Rx,0,-87.8858,"-0.15000 1.10000 4.90000, 8.05000 0.10000 -2.65000"
2108,0.0000,Tx-Rx,0,-83.8230,"-0.15000 1.10000 4.90000, 7.75000 0.10000 -2.65000"
2109,0.0000,Tx-Rx,0,-84.1284,"-0.15000 1.10000 4.90000, 7.45000 0.10000 -2.65000"
2110,0.0000,Tx-Rx,0,-81.8916,"-0.15000 1.10000 4.90000, 7.15000 0.10000 -2.65000"
2111,0.0000,Tx-Rx,0,-83.3449,"-0.15000 1.10000 4.90000, 6.85000 0.10000 -2.65000"
2112,0.0000,Tx-Rx,0,-82.8387,"-0.15000 1.10000 4.90000, 6.55000 0.10000 -2.65000"
2113,0.0000,Tx-Rx,0,-80.4875,"-0.15000 1.10000 4.90000, 6.25000 0.10000 -2.65000"
2114,0.0000,Tx-Rx,0,-80.0655,"-0.15000 1.10000 4.90000, 5.95000 0.10000 -2.65000"
2115,0.0000,Tx-Rx,0,-80.3956,"-0.15000 1.10000 4.90000, 5.65000 0.10000 -2.65000"
2116,0.0000,Tx-Rx,0,-79.1576,"-0.15000 1.10000 4.90000, 5.35000 0.10000 -2.65000"
2117,0.0000,Tx-Rx,0,-78.6020,"-0.15000 1.10000 4.90000, 5.05000 0.10000 -2.65000"
2118,0.0000,Tx-Rx,0,-78.6272,"-0.15000 1.10000 4.90000, 4.75000 0.10000 -2.65000"
2119,0.0000,Tx-Rx,0,-78.3038,"-0.15000 1.10000 4.90000, 4.45000 0.10000 -2.65000"
2120,0.0000,Tx-Rx,0,-77.8809,"-0.15000 1.10000 4.90000, 4.15000 0.10000 -2.65000"
2121,0.0000,Tx-Rx,0,-76.2847,"-0.15000 1.10000 4.90000, 3.85000 0.10000 -2.65000"
2122,0.0000,Tx-Rx,0,-74.6501,"-0.15000 1.10000 4.90000, 3.55000 0.10000 -2.65000"
2123,0.0000,Tx-Rx,0,-74.1053,"-0.15000 1.10000 4.90000, 3.25000 0.10000 -2.65000"
2124,0.0000,Tx-Rx,0,-76.0527,"-0.15000 1.10000 4.90000, 2.95000 0.10000 -2.65000"
2125,0.0000,Tx-Rx,0,-77.2343,"-0.15000 1.10000 4.90000, 2.65000 0.10000 -2.65000"
2126,0.0000,Tx-Rx,0,-78.2763,"-0.15000 1.10000 4.90000, 2.35000 0.10000 -2.65000"
2127,0.0000,Tx-Rx,0,-78.7637,"-0.15000 1.10000 4.90000, 2.05000 0.10000 -2.65000"
2128,0.0000,Tx-Rx,0,-78.5808,"-0.15000 1.10000 4.90000, 1.75000 0.10000 -2.65000"
2129,0.0000,Tx-Rx,0,-78.5024,"-0.15000 1.10000 4.90000, 1.45000 0.10000 -2.65000"
2130,0.0000,Tx-Rx,0,-78.4856,"-0.15000 1.10000 4.90000, 1.15000 0.10000 -2.65000"
2131,0.0000,Tx-Rx,0,-76.6359,"-0.15000 1.10000 4.90000, 0.85000 0.10000 -2.65000"
2132,0.0000,Tx-Rx,0,-65.6622,"-0.15000 1.10000 4.90000, 0.55000 0.10000 -2.65000"
2133,0.0000,Tx-Rx,0,-68.7905,"-0.15000 1.10000 4.90000, 0.25000 0.10000 -2.65000"
2134,0.0000,Tx-Rx,0,-58.4934,"-0.15000 1.10000 4.90000, -0.05000 0.10000 -2.65000"
2135,0.0000,Tx-Rx,0,-56.7021,"-0.15000 1.10000 4.90000, -0.35000 0.10000 -2.65000"
2136,0.0000,Tx-Rx,0,-56.7453,"-0.15000 1.10000 4.90000, -0.65000 0.10000 -2.65000"
2137,0.0000,Tx-Rx,0,-57.0071,"-0.15000 1.10000 4.90000, -0.95000 0.10000 -2.65000"
2138,0.0000,Tx-Rx,0,-56.9085,"-0.15000 1.10000 4.90000, -1.25000 0.10000 -2.65000"
2139,0.0000,Tx-Rx,0,-57.1690,"-0.15000 1.10000 4.90000, -1.55000 0.10000 -2.65000"
2140,0.0000,Tx-Rx,0,-57.3174,"-0.15000 1.10000 4.90000, -1.85000 0.10000 -2.65000"
2141,0.0000,Tx-Rx,0,-56.4093,"-0.15000 1.10000 4.90000, -2.15000 0.10000 -2.65000"
2142,0.0000,Tx-Rx,0,-56.6573,"-0.15000 1.10000 4.90000, -2.45000 0.10000 -2.65000"
2143,0.0000,Tx-Rx,0,-56.8881,"-0.15000 1.10000 4.90000, -2.75000 0.10000 -2.65000"
2144,0.0000,Tx-Rx,0,-57.0092,"-0.15000 1.10000 4.90000, -3.05000 0.10000 -2.65000"
2145,0.0000,Tx-Rx,0,-56.2315,"-0.15000 1.10000 4.90000, -3.35000 0.10000 -2.65000"
2146,0.0000,Tx-Rx,0,-56.3325,"-0.15000 1.10000 4.90000, -3.65000 0.10000 -2.65000"
2147,0.0000,Tx-Rx,0,-56.6446,"-0.15000 1.10000 4.90000, -3.95000 0.10000 -2.65000"
2148,0.0000,Tx-Rx,0,-56.4219,"-0.15000 1.10000 4.90000, -4.25000 0.10000 -2.65000"
2149,0.0000,Tx-Rx,0,-56.1344,"-0.15000 1.10000 4.90000, -4.55000 0.10000 -2.65000"
2150,0.0000,Tx-Rx,0,-53.4109,"-0.15000 1.10000 4.90000, -4.85000 0.10000 -2.65000"
2151,0.0000,Tx-Rx,0,-53.3068,"-0.15000 1.10000 4.90000, -5.15000 0.10000 -2.65000"
2152,0.0000,Tx-Rx,0,-54.9566,"-0.15000 1.10000 4.90000, -5.45000 0.10000 -2.65000"
2153,0.0000,Tx-Rx,0,-64.1551,"-0.15000 1.10000 4.90000, -5.75000 0.10000 -2.65000"
2154,0.0000,Tx-Rx,0,-68.2546,"-0.15000 1.10000 4.90000, -6.05000 0.10000 -2.65000"
2155,0.0000,Tx-Rx,0,-67.2874,"-0.15000 1.10000 4.90000, -6.35000 0.10000 -2.65000"
2156,0.0000,Tx-Rx,0,-62.9374,"-0.15000 1.10000 4.90000, -6.65000 0.10000 -2.65000"
2157,0.0000,Tx-Rx,0,-62.3395,"-0.15000 1.10000 4.90000, -6.95000 0.10000 -2.65000"
2158,0.0000,Tx-Rx,0,-62.8893,"-0.15000 1.10000 4.90000, -7.25000 0.10000 -2.65000"
2159,0.0000,Tx-Rx,0,-70.7914,"-0.15000 1.10000 4.90000, -7.55000 0.10000 -2.65000"
2160,0.0000,Tx-Rx,0,-75.2958,"-0.15000 1.10000 4.90000, -7.85000 0.10000 -2.65000"
2161,0.0000,Tx-Rx,0,-109.3660,"-0.15000 1.10000 4.90000, 9.85000 0.10000 -2.95000"
2162,0.0000,Tx-Rx,0,-108.8789,"-0.15000 1.10000 4.90000, 9.55000 0.10000 -2.95000"
2163,0.0000,Tx-Rx,0,-112.7101,"-0.15000 1.10000 4.90000, 9.25000 0.10000 -2.95000"
2164,0.0000,Tx-Rx,0,-107.6606,"-0.15000 1.10000 4.90000, 8.95000 0.10000 -2.95000"
2165,0.0000,Tx-Rx,0,-111.3989,"-0.15000 1.10000 4.90000, 8.65000 0.10000 -2.95000"
2166,0.0000,Tx-Rx,0,-107.5928,"-0.15000 1.10000 4.90000, 8.35000 0.10000 -2.95000"
2167,0.0000,Tx-Rx,0,-89.9462,"-0.15000 1.10000 4.90000, 8.05000 0.10000 -2.95000"
2168,0.0000,Tx-Rx,0,-85.0431,"-0.15000 1.10000 4.90000, 7.75000 0.10000 -2.95000"
2169,0.0000,Tx-Rx,0,-84.9955,"-0.15000 1.10000 4.90000, 7.45000 0.10000 -2.95000"
2170,0.0000,Tx-Rx,0,-82.2545,"-0.15000 1.10000 4.90000, 7.15000 0.10000 -2.95000"
2171,0.0000,Tx-Rx,0,-83.1474,"-0.15000 1.10000 4.90000, 6.85000 0.10000 -2.95000"
2172,0.0000,Tx-Rx,0,-79.3579,"-0.15000 1.10000 4.90000, 6.55000 0.10000 -2.95000"
2173,0.0000,Tx-Rx,0,-77.9663,"-0.15000 1.10000 4.90000, 6.25000 0.10000 -2.95000"
2174,0.0000,Tx-Rx,0,-77.1471,"-0.15000 1.10000 4.90000, 5.95000 0.10000 -2.95000"
2175,0.0000,Tx-Rx,0,-78.3960,"-0.15000 1.10000 4.90000, 5.65000 0.10000 -2.95000"
2176,0.0000,Tx-Rx,0,-78.5109,"-0.15000 1.10000 4.90000, 5.35000 0.10000 -2.95000"
2177,0.0000,Tx-Rx,0,-78.5306,"-0.15000 1.10000 4.90000, 5.05000 0.10000 -2.95000"
2178,0.0000,Tx-Rx,0,-78.4642,"-0.15000 1.10000 4.90000, 4.75000 0.10000 -2.95000"
2179,0.0000,Tx-Rx,0,-78.3045,"-0.15000 1.10000 4.90000, 4.45000 0.10000 -2.95000"
2180,0.0000,Tx-Rx,0,-78.5518,"-0.15000 1.10000 4.90000, 4.15000 0.10000 -2.95000"
2181,0.0000,Tx-Rx,0,-78.4633,"-0.15000 1.10000 4.90000, 3.85000 0.10000 -2.95000"
2182,0.0000,Tx-Rx,0,-75.2525,"-0.15000 1.10000 4.90000, 3.55000 0.10000 -2.95000"
2183,0.0000,Tx-Rx,0,-74.2760,"-0.15000 1.10000 4.90000, 3.25000 0.10000 -2.95000"
2184,0.0000,Tx-Rx,0,-75.3458,"-0.15000 1.10000 4.90000, 2.95000 0.10000 -2.95000"
2185,0.0000,Tx-Rx,0,-76.7503,"-0.15000 1.10000 4.90000, 2.65000 0.10000 -2.95000"
2186,0.0000,Tx-Rx,0,-77.1825,"-0.15000 1.10000 4.90000, 2.35000 0.10000 -2.95000"
2187,0.0000,Tx-Rx,0,-78.3441,"-0.15000 1.10000 4.90000, 2.05000 0.10000 -2.95000"
2188,0.0000,Tx-Rx,0,-79.3190,"-0.15000 1.10000 4.90000, 1.75000 0.10000 -2.95000"
2189,0.0000,Tx-Rx,0,-79.2320,"-0.15000 1.10000 4.90000, 1.45000 0.10000 -2.95000"
2190,0.0000,Tx-Rx,0,-79.0064,"-0.15000 1.10000 4.90000, 1.15000 0.10000 -2.95000"
2191,0.0000,Tx-Rx,0,-69.8826,"-0.15000 1.10000 4.90000, 0.85000 0.10000 -2.95000"
2192,0.0000,Tx-Rx,0,-65.9439,"-0.15000 1.10000 4.90000, 0.55000 0.10000 -2.95000"
2193,0.0000,Tx-Rx,0,-72.0376,"-0.15000 1.10000 4.90000, 0.25000 0.10000 -2.95000"
2194,0.0000,Tx-Rx,0,-58.7566,"-0.15000 1.10000 4.90000, -0.05000 0.10000 -2.95000"
2195,0.0000,Tx-Rx,0,-56.9711,"-0.15000 1.10000 4.90000, -0.35000 0.10000 -2.95000"
2196,0.0000,Tx-Rx,0,-56.9534,"-0.15000 1.10000 4.90000, -0.65000 0.10000 -2.95000"
2197,0.0000,Tx-Rx,0,-56.8631,"-0.15000 1.10000 4.90000, -0.95000 0.10000 -2.95000"
2198,0.0000,Tx-Rx,0,-57.2323,"-0.15000 1.10000 4.90000, -1.25000 0.10000 -2.95000"
2199,0.0000,Tx-Rx,0,-57.3420,"-0.15000 1.10000 4.90000, -1.55000 0.10000 -2.95000"
2200,0.0000,Tx-Rx,0,-57.1945,"-0.15000 1.10000 4.90000, -1.85000 0.10000 -2.95000"
2201,0.0000,Tx-Rx,0,-57.4646,"-0.15000 1.10000 4.90000, -2.15000 0.10000 -2.95000"
2202,0.0000,Tx-Rx,0,-56.6628,"-0.15000 1.10000 4.90000, -2.45000 0.10000 -2.95000"
2203,0.0000,Tx-Rx,0,-57.0183,"-0.15000 1.10000 4.90000, -2.75000 0.10000 -2.95000"
2204,0.0000,Tx-Rx,0,-57.2004,"-0.15000 1.10000 4.90000, -3.05000 0.10000 -2.95000"
2205,0.0000,Tx-Rx,0,-57.4918,"-0.15000 1.10000 4.90000, -3.35000 0.10000 -2.95000"
2206,0.0000,Tx-Rx,0,-56.6342,"-0.15000 1.10000 4.90000, -3.65000 0.10000 -2.95000"
2207,0.0000,Tx-Rx,0,-56.2278,"-0.15000 1.10000 4.90000, -3.95000 0.10000 -2.95000"
2208,0.0000,Tx-Rx,0,-57.0405,"-0.15000 1.10000 4.90000, -4.25000 0.10000 -2.95000"
2209,0.0000,Tx-Rx,0,-58.1241,"-0.15000 1.10000 4.90000, -4.55000 0.10000 -2.95000"
2210,0.0000,Tx-Rx,0,-55.6807,"-0.15000 1.10000 4.90000, -4.85000 0.10000 -2.95000"
2211,0.0000,Tx-Rx,0,-53.8257,"-0.15000 1.10000 4.90000, -5.15000 0.10000 -2.95000"
2212,0.0000,Tx-Rx,0,-54.0416,"-0.15000 1.10000 4.90000, -5.45000 0.10000 -2.95000"
2213,0.0000,Tx-Rx,0,-56.7386,"-0.15000 1.10000 4.90000, -5.75000 0.10000 -2.95000"
2214,0.0000,Tx-Rx,0,-67.2503,"-0.15000 1.10000 4.90000, -6.05000 0.10000 -2.95000"
2215,0.0000,Tx-Rx,0,-63.6668,"-0.15000 1.10000 4.90000, -6.35000 0.10000 -2.95000"
2216,0.0000,Tx-Rx,0,-62.4799,"-0.15000 1.10000 4.90000, -6.65000 0.10000 -2.95000"
2217,0.0000,Tx-Rx,0,-62.3156,"-0.15000 1.10000 4.90000, -6.95000 0.10000 -2.95000"
2218,0.0000,Tx-Rx,0,-66.3172,"-0.15000 1.10000 4.90000, -7.25000 0.10000 -2.95000"
2219,0.0000,Tx-Rx,0,-73.5876,"-0.15000 1.10000 4.90000, -7.55000 0.10000 -2.95000"
2220,0.0000,Tx-Rx,0,-74.5837,"-0.15000 1.10000 4.90000, -7.85000 0.10000 -2.95000"
2221,0.0000,Tx-Rx,0,-111.4815,"-0.15000 1.10000 4.90000, 9.85000 0.10000 -3.25000"
2222,0.0000,Tx-Rx,0,-106.9583,"-0.15000 1.10000 4.90000, 9.55000 0.10000 -3.25000"
2223,0.0000,Tx-Rx,0,-109.9932,"-0.15000 1.10000 4.90000, 9.25000 0.10000 -3.25000"
2224,0.0000,Tx-Rx,0,-118.7700,"-0.15000 1.10000 4.90000, 8.95000 0.10000 -3.25000"
2225,0.0000,Tx-Rx,0,-108.0503,"-0.15000 1.10000 4.90000, 8.65000 0.10000 -3.25000"
2226,0.0000,Tx-Rx,0,-109.8685,"-0.15000 1.10000 4.90000, 8.35000 0.10000 -3.25000"
2227,0.0000,Tx-Rx,0,-89.7609,"-0.15000 1.10000 4.90000, 8.05000 0.10000 -3.25000"
2228,0.0000,Tx-Rx,0,-83.9019,"-0.15000 1.10000 4.90000, 7.75000 0.10000 -3.25000"
2229,0.0000,Tx-Rx,0,-80.7682,"-0.15000 1.10000 4.90000, 7.45000 0.10000 -3.25000"
2230,0.0000,Tx-Rx,0,-79.3372,"-0.15000 1.10000 4.90000, 7.15000 0.10000 -3.25000"
2231,0.0000,Tx-Rx,0,-77.8996,"-0.15000 1.10000 4.90000, 6.85000 0.10000 -3.25000"
2232,0.0000,Tx-Rx,0,-77.4829,"-0.15000 1.10000 4.90000, 6.55000 0.10000 -3.25000"
2233,0.0000,Tx-Rx,0,-77.0817,"-0.15000 1.10000 4.90000, 6.25000 0.10000 -3.25000"
2234,0.0000,Tx-Rx,0,-77.8867,"-0.15000 1.10000 4.90000, 5.95000 0.10000 -3.25000"
2235,0.0000,Tx-Rx,0,-78.0304,"-0.15000 1.10000 4.90000, 5.65000 0.10000 -3.25000"
2236,0.0000,Tx-Rx,0,-78.3439,"-0.15000 1.10000 4.90000, 5.35000 0.10000 -3.25000"
2237,0.0000,Tx-Rx,0,-78.4094,"-0.15000 1.10000 4.90000, 5.05000 0.10000 -3.25000"
2238,0.0000,Tx-Rx,0,-78.5045,"-0.15000 1.10000 4.90000, 4.75000 0.10000 -3.25000"
2239,0.0000,Tx-Rx,0,-78.4921,"-0.15000 1.10000 4.90000, 4.45000 0.10000 -3.25000"
2240,0.0000,Tx-Rx,0,-78.7059,"-0.15000 1.10000 4.90000, 4.15000 0.10000 -3.25000"
2241,0.0000,Tx-Rx,0,-78.6921,"-0.15000 1.10000 4.90000, 3.85000 0.10000 -3.25000"
2242,0.0000,Tx-Rx,0,-77.7081,"-0.15000 1.10000 4.90000, 3.55000 0.10000 -3.25000"
2243,0.0000,Tx-Rx,0,-74.8319,"-0.15000 1.10000 4.90000, 3.25000 0.10000 -3.25000"
2244,0.0000,Tx-Rx,0,-75.1345,"-0.15000 1.10000 4.90000, 2.95000 0.10000 -3.25000"
2245,0.0000,Tx-Rx,0,-77.3001,"-0.15000 1.10000 4.90000, 2.65000 0.10000 -3.25000"
2246,0.0000,Tx-Rx,0,-77.3844,"-0.15000 1.10000 4.90000, 2.35000 0.10000 -3.25000"
2247,0.0000,Tx-Rx,0,-77.2265,"-0.15000 1.10000 4.90000, 2.05000 0.10000 -3.25000"
2248,0.0000,Tx-Rx,0,-77.8019,"-0.15000 1.10000 4.90000, 1.75000 0.10000 -3.25000"
2249,0.0000,Tx-Rx,0,-78.3837,"-0.15000 1.10000 4.90000, 1.45000 0.10000 -3.25000"
2250,0.0000,Tx-Rx,0,-78.9536,"-0.15000 1.10000 4.90000, 1.15000 0.10000 -3.25000"
2251,0.0000,Tx-Rx,0,-67.3863,"-0.15000 1.10000 4.90000, 0.85000 0.10000 -3.25000"
2252,0.0000,Tx-Rx,0,-66.5268,"-0.15000 1.10000 4.90000, 0.55000 0.10000 -3.25000"
2253,0.0000,Tx-Rx,0,-72.3242,"-0.15000 1.10000 4.90000, 0.25000 0.10000 -3.25000"
2254,0.0000,Tx-Rx,0,-58.9277,"-0.15000 1.10000 4.90000, -0.05000 0.10000 -3.25000"
2255,0.0000,Tx-Rx,0,-57.1055,"-0.15000 1.10000 4.90000, -0.35000 0.10000 -3.25000"
2256,0.0000,Tx-Rx,0,-57.0700,"-0.15000 1.10000 4.90000, -0.65000 0.10000 -3.25000"
2257,0.0000,Tx-Rx,0,-57.1915,"-0.15000 1.10000 4.90000, -0.95000 0.10000 -3.25000"
2258,0.0000,Tx-Rx,0,-57.5527,"-0.15000 1.10000 4.90000, -1.25000 0.10000 -3.25000"
2259,0.0000,Tx-Rx,0,-57.5401,"-0.15000 1.10000 4.90000, -1.55000 0.10000 -3.25000"
2260,0.0000,Tx-Rx,0,-57.3553,"-0.15000 1.10000 4.90000, -1.85000 0.10000 -3.25000"
2261,0.0000,Tx-Rx,0,-58.0368,"-0.15000 1.10000 4.90000, -2.15000 0.10000 -3.25000"
2262,0.0000,Tx-Rx,0,-57.3659,"-0.15000 1.10000 4.90000, -2.45000 0.10000 -3.25000"
2263,0.0000,Tx-Rx,0,-57.3474,"-0.15000 1.10000 4.90000, -2.75000 0.10000 -3.25000"
2264,0.0000,Tx-Rx,0,-57.0052,"-0.15000 1.10000 4.90000, -3.05000 0.10000 -3.25000"
2265,0.0000,Tx-Rx,0,-57.2021,"-0.15000 1.10000 4.90000, -3.35000 0.10000 -3.25000"
2266,0.0000,Tx-Rx,0,-56.9484,"-0.15000 1.10000 4.90000, -3.65000 0.10000 -3.25000"
2267,0.0000,Tx-Rx,0,-56.4390,"-0.15000 1.10000 4.90000, -3.95000 0.10000 -3.25000"
2268,0.0000,Tx-Rx,0,-56.1653,"-0.15000 1.10000 4.90000, -4.25000 0.10000 -3.25000"
2269,0.0000,Tx-Rx,0,-56.6373,"-0.15000 1.10000 4.90000, -4.55000 0.10000 -3.25000"
2270,0.0000,Tx-Rx,0,-58.3719,"-0.15000 1.10000 4.90000, -4.85000 0.10000 -3.25000"
2271,0.0000,Tx-Rx,0,-53.9753,"-0.15000 1.10000 4.90000, -5.15000 0.10000 -3.25000"
2272,0.0000,Tx-Rx,0,-53.9773,"-0.15000 1.10000 4.90000, -5.45000 0.10000 -3.25000"
2273,0.0000,Tx-Rx,0,-54.2220,"-0.15000 1.10000 4.90000, -5.75000 0.10000 -3.25000"
2274,0.0000,Tx-Rx,0,-58.7769,"-0.15000 1.10000 4.90000, -6.05000 0.10000 -3.25000"
2275,0.0000,Tx-Rx,0,-62.1348,"-0.15000 1.10000 4.90000, -6.35000 0.10000 -3.25000"
2276,0.0000,Tx-Rx,0,-62.5894,"-0.15000 1.10000 4.90000, -6.65000 0.10000 -3.25000"
2277,0.0000,Tx-Rx,0,-64.5483,"-0.15000 1.10000 4.90000, -6.95000 0.10000 -3.25000"
2278,0.0000,Tx-Rx,0,-69.6714,"-0.15000 1.10000 4.90000, -7.25000 0.10000 -3.25000"
2279,0.0000,Tx-Rx,0,-71.1429,"-0.15000 1.10000 4.90000, -7.55000 0.10000 -3.25000"
2280,0.0000,Tx-Rx,0,-73.5549,"-0.15000 1.10000 4.90000, -7.85000 0.10000 -3.25000"
2281,0.0000,Tx-Rx,0,-111.6574,"-0.15000 1.10000 4.90000, 9.85000 0.10000 -3.55000"
2282,0.0000,Tx-Rx,0,-114.6534,"-0.15000 1.10000 4.90000, 9.55000 0.10000 -3.55000"
2283,0.0000,Tx-Rx,0,-107.4018,"-0.15000 1.10000 4.90000, 9.25000 0.10000 -3.55000"
2284,0.0000,Tx-Rx,0,-103.9698,"-0.15000 1.10000 4.90000, 8.95000 0.10000 -3.55000"
2285,0.0000,Tx-Rx,0,-110.0025,"-0.15000 1.10000 4.90000, 8.65000 0.10000 -3.55000"
2286,0.0000,Tx-Rx,0,-110.5789,"-0.15000 1.10000 4.90000, 8.35000 0.10000 -3.55000"
2287,0.0000,Tx-Rx,0,-83.2714,"-0.15000 1.10000 4.90000, 8.05000 0.10000 -3.55000"
2288,0.0000,Tx-Rx,0,-78.0756,"-0.15000 1.10000 4.90000, 7.75000 0.10000 -3.55000"
2289,0.0000,Tx-Rx,0,-77.8537,"-0.15000 1.10000 4.90000, 7.45000 0.10000 -3.55000"
2290,0.0000,Tx-Rx,0,-77.9502,"-0.15000 1.10000 4.90000, 7.15000 0.10000 -3.55000"
2291,0.0000,Tx-Rx,0,-77.7571,"-0.15000 1.10000 4.90000, 6.85000 0.10000 -3.55000"
2292,0.0000,Tx-Rx,0,-77.5950,"-0.15000 1.10000 4.90000, 6.55000 0.10000 -3.55000"
2293,0.0000,Tx-Rx,0,-77.6628,"-0.15000 1.10000 4.90000, 6.25000 0.10000 -3.55000"
2294,0.0000,Tx-Rx,0,-78.1946,"-0.15000 1.10000 4.90000, 5.95000 0.10000 -3.55000"
2295,0.0000,Tx-Rx,0,-78.2208,"-0.15000 1.10000 4.90000, 5.65000 0.10000 -3.55000"
2296,0.0000,Tx-Rx,0,-78.3931,"-0.15000 1.10000 4.90000, 5.35000 0.10000 -3.55000"
2297,0.0000,Tx-Rx,0,-78.6220,"-0.15000 1.10000 4.90000, 5.05000 0.10000 -3.55000"
2298,0.0000,Tx-Rx,0,-78.7701,"-0.15000 1.10000 4.90000, 4.75000 0.10000 -3.55000"
2299,0.0000,Tx-Rx,0,-79.1598,"-0.15000 1.10000 4.90000, 4.45000 0.10000 -3.55000"
2300,0.0000,Tx-Rx,0,-79.3712,"-0.15000 1.10000 4.90000, 4.15000 0.10000 -3.55000"
2301,0.0000,Tx-Rx,0,-79.8475,"-0.15000 1.10000 4.90000, 3.85000 0.10000 -3.55000"
2302,0.0000,Tx-Rx,0,-78.4378,"-0.15000 1.10000 4.90000, 3.55000 0.10000 -3.55000"
2303,0.0000,Tx-Rx,0,-75.6768,"-0.15000 1.10000 4.90000, 3.25000 0.10000 -3.55000"
2304,0.0000,Tx-Rx,0,-75.3966,"-0.15000 1.10000 4.90000, 2.95000 0.10000 -3.55000"
2305,0.0000,Tx-Rx,0,-77.9148,"-0.15000 1.10000 4.90000, 2.65000 0.10000 -3.55000"
2306,0.0000,Tx-Rx,0,-78.0678,"-0.15000 1.10000 4.90000, 2.35000 0.10000 -3.55000"
2307,0.0000,Tx-Rx,0,-76.9211,"-0.15000 1.10000 4.90000, 2.05000 0.10000 -3.55000"
2308,0.0000,Tx-Rx,0,-78.0468,"-0.15000 1.10000 4.90000, 1.75000 0.10000 -3.55000"
2309,0.0000,Tx-Rx,0,-76.6670,"-0.15000 1.10000 4.90000, 1.45000 0.10000 -3.55000"
2310,0.0000,Tx-Rx,0,-75.1475,"-0.15000 1.10000 4.90000, 1.15000 0.10000 -3.55000"
2311,0.0000,Tx-Rx,0,-66.0059,"-0.15000 1.10000 4.90000, 0.85000 0.10000 -3.55000"
2312,0.0000,Tx-Rx,0,-69.5153,"-0.15000 1.10000 4.90000, 0.55000 0.10000 -3.55000"
2313,0.0000,Tx-Rx,0,-72.5824,"-0.15000 1.10000 4.90000, 0.25000 0.10000 -3.55000"
2314,0.0000,Tx-Rx,0,-59.0769,"-0.15000 1.10000 4.90000, -0.05000 0.10000 -3.55000"
2315,0.0000,Tx-Rx,0,-57.3331,"-0.15000 1.10000 4.90000, -0.35000 0.10000 -3.55000"
2316,0.0000,Tx-Rx,0,-57.3069,"-0.15000 1.10000 4.90000, -0.65000 0.10000 -3.55000"
2317,0.0000,Tx-Rx,0,-57.3720,"-0.15000 1.10000 4.90000, -0.95000 0.10000 -3.55000"
2318,0.0000,Tx-Rx,0,-57.4891,"-0.15000 1.10000 4.90000, -1.25000 0.10000 -3.55000"
2319,0.0000,Tx-Rx,0,-57.8973,"-0.15000 1.10000 4.90000, -1.55000 0.10000 -3.55000"
2320,0.0000,Tx-Rx,0,-57.7234,"-0.15000 1.10000 4.90000, -1.85000 0.10000 -3.55000"
2321,0.0000,Tx-Rx,0,-58.1451,"-0.15000 1.10000 4.90000, -2.15000 0.10000 -3.55000"
2322,0.0000,Tx-Rx,0,-57.9029,"-0.15000 1.10000 4.90000, -2.45000 0.10000 -3.55000"
2323,0.0000,Tx-Rx,0,-57.5962,"-0.15000 1.10000 4.90000, -2.75000 0.10000 -3.55000"
2324,0.0000,Tx-Rx,0,-57.2243,"-0.15000 1.10000 4.90000, -3.05000 0.10000 -3.55000"
2325,0.0000,Tx-Rx,0,-56.8035,"-0.15000 1.10000 4.90000, -3.35000 0.10000 -3.55000"
2326,0.0000,Tx-Rx,0,-56.4401,"-0.15000 1.10000 4.90000, -3.65000 0.10000 -3.55000"
2327,0.0000,Tx-Rx,0,-56.8384,"-0.15000 1.10000 4.90000, -3.95000 0.10000 -3.55000"
2328,0.0000,Tx-Rx,0,-57.7037,"-0.15000 1.10000 4.90000, -4.25000 0.10000 -3.55000"
2329,0.0000,Tx-Rx,0,-58.2311,"-0.15000 1.10000 4.90000, -4.55000 0.10000 -3.55000"
2330,0.0000,Tx-Rx,0,-58.2264,"-0.15000 1.10000 4.90000, -4.85000 0.10000 -3.55000"
2331,0.0000,Tx-Rx,0,-57.2249,"-0.15000 1.10000 4.90000, -5.15000 0.10000 -3.55000"
2332,0.0000,Tx-Rx,0,-54.0674,"-0.15000 1.10000 4.90000, -5.45000 0.10000 -3.55000"
2333,0.0000,Tx-Rx,0,-53.9500,"-0.15000 1.10000 4.90000, -5.75000 0.10000 -3.55000"
2334,0.0000,Tx-Rx,0,-54.5386,"-0.15000 1.10000 4.90000, -6.05000 0.10000 -3.55000"
2335,0.0000,Tx-Rx,0,-60.6567,"-0.15000 1.10000 4.90000, -6.35000 0.10000 -3.55000"
2336,0.0000,Tx-Rx,0,-62.7880,"-0.15000 1.10000 4.90000, -6.65000 0.10000 -3.55000"
2337,0.0000,Tx-Rx,0,-70.0706,"-0.15000 1.10000 4.90000, -6.95000 0.10000 -3.55000"
2338,0.0000,Tx-Rx,0,-71.7624,"-0.15000 1.10000 4.90000, -7.25000 0.10000 -3.55000"
2339,0.0000,Tx-Rx,0,-69.7558,"-0.15000 1.10000 4.90000, -7.55000 0.10000 -3.55000"
2340,0.0000,Tx-Rx,0,-71.5208,"-0.15000 1.10000 4.90000, -7.85000 0.10000 -3.55000"
2341,0.0000,Tx-Rx,0,-112.9723,"-0.15000 1.10000 4.90000, 9.85000 0.10000 -3.85000"
2342,0.0000,Tx-Rx,0,-110.9656,"-0.15000 1.10000 4.90000, 9.55000 0.10000 -3.85000"
2343,0.0000,Tx-Rx,0,-110.0749,"-0.15000 1.10000 4.90000, 9.25000 0.10000 -3.85000"
2344,0.0000,Tx-Rx,0,-103.9774,"-0.15000 1.10000 4.90000, 8.95000 0.10000 -3.85000"
2345,0.0000,Tx-Rx,0,-103.2968,"-0.15000 1.10000 4.90000, 8.65000 0.10000 -3.85000"
2346,0.0000,Tx-Rx,0,-102.7882,"-0.15000 1.10000 4.90000, 8.35000 0.10000 -3.85000"
2347,0.0000,Tx-Rx,0,-81.8063,"-0.15000 1.10000 4.90000, 8.05000 0.10000 -3.85000"
2348,0.0000,Tx-Rx,0,-77.0570,"-0.15000 1.10000 4.90000, 7.75000 0.10000 -3.85000"
2349,0.0000,Tx-Rx,0,-77.2023,"-0.15000 1.10000 4.90000, 7.45000 0.10000 -3.85000"
2350,0.0000,Tx-Rx,0,-77.5086,"-0.15000 1.10000 4.90000, 7.15000 0.10000 -3.85000"
2351,0.0000,Tx-Rx,0,-77.7663,"-0.15000 1.10000 4.90000, 6.85000 0.10000 -3.85000"
2352,0.0000,Tx-Rx,0,-77.6227,"-0.15000 1.10000 4.90000, 6.55000 0.10000 -3.85000"
2353,0.0000,Tx-Rx,0,-78.1530,"-0.15000 1.10000 4.90000, 6.25000 0.10000 -3.85000"
2354,0.0000,Tx-Rx,0,-78.5428,"-0.15000 1.10000 4.90000, 5.95000 0.10000 -3.85000"
2355,0.0000,Tx-Rx,0,-78.8027,"-0.15000 1.10000 4.90000, 5.65000 0.10000 -3.85000"
2356,0.0000,Tx-Rx,0,-79.1872,"-0.15000 1.10000 4.90000, 5.35000 0.10000 -3.85000"
2357,0.0000,Tx-Rx,0,-79.6159,"-0.15000 1.10000 4.90000, 5.05000 0.10000 -3.85000"
2358,0.0000,Tx-Rx,0,-79.3986,"-0.15000 1.10000 4.90000, 4.75000 0.10000 -3.85000"
2359,0.0000,Tx-Rx,0,-79.8287,"-0.15000 1.10000 4.90000, 4.45000 0.10000 -3.85000"
2360,0.0000,Tx-Rx,0,-79.6257,"-0.15000 1.10000 4.90000, 4.15000 0.10000 -3.85000"
2361,0.0000,Tx-Rx,0,-79.2988,"-0.15000 1.10000 4.90000, 3.85000 0.10000 -3.85000"
2362,0.0000,Tx-Rx,0,-79.3088,"-0.15000 1.10000 4.90000, 3.55000 0.10000 -3.85000"
2363,0.0000,Tx-Rx,0,-76.3209,"-0.15000 1.10000 4.90000, 3.25000 0.10000 -3.85000"
2364,0.0000,Tx-Rx,0,-75.2278,"-0.15000 1.10000 4.90000, 2.95000 0.10000 -3.85000"
2365,0.0000,Tx-Rx,0,-76.9987,"-0.15000 1.10000 4.90000, 2.65000 0.10000 -3.85000"
2366,0.0000,Tx-Rx,0,-79.2809,"-0.15000 1.10000 4.90000, 2.35000 0.10000 -3.85000"
2367,0.0000,Tx-Rx,0,-78.3090,"-0.15000 1.10000 4.90000, 2.05000 0.10000 -3.85000"
2368,0.0000,Tx-Rx,0,-76.9312,"-0.15000 1.10000 4.90000, 1.75000 0.10000 -3.85000"
2369,0.0000,Tx-Rx,0,-77.5681,"-0.15000 1.10000 4.90000, 1.45000 0.10000 -3.85000"
2370,0.0000,Tx-Rx,0,-69.5877,"-0.15000 1.10000 4.90000, 1.15000 0.10000 -3.85000"
2371,0.0000,Tx-Rx,0,-66.1264,"-0.15000 1.10000 4.90000, 0.85000 0.10000 -3.85000"
2372,0.0000,Tx-Rx,0,-73.3616,"-0.15000 1.10000 4.90000, 0.55000 0.10000 -3.85000"
2373,0.0000,Tx-Rx,0,-73.4821,"-0.15000 1.10000 4.90000, 0.25000 0.10000 -3.85000"
2374,0.0000,Tx-Rx,0,-59.2898,"-0.15000 1.10000 4.90000, -0.05000 0.10000 -3.85000"
2375,0.0000,Tx-Rx,0,-57.5965,"-0.15000 1.10000 4.90000, -0.35000 0.10000 -3.85000"
2376,0.0000,Tx-Rx,0,-57.3339,"-0.15000 1.10000 4.90000, -0.65000 0.10000 -3.85000"
2377,0.0000,Tx-Rx,0,-57.7135,"-0.15000 1.10000 4.90000, -0.95000 0.10000 -3.85000"
2378,0.0000,Tx-Rx,0,-57.6524,"-0.15000 1.10000 4.90000, -1.25000 0.10000 -3.85000"
2379,0.0000,Tx-Rx,0,-57.9317,"-0.15000 1.10000 4.90000, -1.55000 0.10000 -3.85000"
2380,0.0000,Tx-Rx,0,-57.9166,"-0.15000 1.10000 4.90000, -1.85000 0.10000 -3.85000"
2381,0.0000,Tx-Rx,0,-58.3599,"-0.15000 1.10000 4.90000, -2.15000 0.10000 -3.85000"
2382,0.0000,Tx-Rx,0,-57.9272,"-0.15000 1.10000 4.90000, -2.45000 0.10000 -3.85000"
2383,0.0000,Tx-Rx,0,-58.3852,"-0.15000 1.10000 4.90000, -2.75000 0.10000 -3.85000"
2384,0.0000,Tx-Rx,0,-57.2095,"-0.15000 1.10000 4.90000, -3.05000 0.10000 -3.85000"
2385,0.0000,Tx-Rx,0,-56.1439,"-0.15000 1.10000 4.90000, -3.35000 0.10000 -3.85000"
2386,0.0000,Tx-Rx,0,-56.2405,"-0.15000 1.10000 4.90000, -3.65000 0.10000 -3.85000"
2387,0.0000,Tx-Rx,0,-57.1321,"-0.15000 1.10000 4.90000, -3.95000 0.10000 -3.85000"
2388,0.0000,Tx-Rx,0,-58.0697,"-0.15000 1.10000 4.90000, -4.25000 0.10000 -3.85000"
2389,0.0000,Tx-Rx,0,-58.1868,"-0.15000 1.10000 4.90000, -4.55000 0.10000 -3.85000"
2390,0.0000,Tx-Rx,0,-58.9522,"-0.15000 1.10000 4.90000, -4.85000 0.10000 -3.85000"
2391,0.0000,Tx-Rx,0,-59.0957,"-0.15000 1.10000 4.90000, -5.15000 0.10000 -3.85000"
2392,0.0000,Tx-Rx,0,-55.1052,"-0.15000 1.10000 4.90000, -5.45000 0.10000 -3.85000"
2393,0.0000,Tx-Rx,0,-53.8088,"-0.15000 1.10000 4.90000, -5.75000 0.10000 -3.85000"
2394,0.0000,Tx-Rx,0,-53.8676,"-0.15000 1.10000 4.90000, -6.05000 0.10000 -3.85000"
2395,0.0000,Tx-Rx,0,-55.6190,"-0.15000 1.10000 4.90000, -6.35000 0.10000 -3.85000"
2396,0.0000,Tx-Rx,0,-64.7722,"-0.15000 1.10000 4.90000, -6.65000 0.10000 -3.85000"
2397,0.0000,Tx-Rx,0,-68.9201,"-0.15000 1.10000 4.90000, -6.95000 0.10000 -3.85000"
2398,0.0000,Tx-Rx,0,-72.4304,"-0.15000 1.10000 4.90000, -7.25000 0.10000 -3.85000"
2399,0.0000,Tx-Rx,0,-72.9007,"-0.15000 1.10000 4.90000, -7.55000 0.10000 -3.85000"
2400,0.0000,Tx-Rx,0,-69.3792,"-0.15000 1.10000 4.90000, -7.85000 0.10000 -3.85000"
2401,0.0000,Tx-Rx,0,-109.8282,"-0.15000 1.10000 4.90000, 9.85000 0.10000 -4.15000"
2402,0.0000,Tx-Rx,0,-111.5199,"-0.15000 1.10000 4.90000, 9.55000 0.10000 -4.15000"
2403,0.0000,Tx-Rx,0,-104.2133,"-0.15000 1.10000 4.90000, 9.25000 0.10000 -4.15000"
2404,0.0000,Tx-Rx,0,-104.3082,"-0.15000 1.10000 4.90000, 8.95000 0.10000 -4.15000"
2405,0.0000,Tx-Rx,0,-104.0026,"-0.15000 1.10000 4.90000, 8.65000 0.10000 -4.15000"
2406,0.0000,Tx-Rx,0,-105.5570,"-0.15000 1.10000 4.90000, 8.35000 0.10000 -4.15000"
2407,0.0000,Tx-Rx,0,-82.5985,"-0.15000 1.10000 4.90000, 8.05000 0.10000 -4.15000"
2408,0.0000,Tx-Rx,0,-77.7044,"-0.15000 1.10000 4.90000, 7.75000 0.10000 -4.15000"
2409,0.0000,Tx-Rx,0,-77.5257,"-0.15000 1.10000 4.90000, 7.45000 0.10000 -4.15000"
2410,0.0000,Tx-Rx,0,-77.6861,"-0.15000 1.10000 4.90000, 7.15000 0.10000 -4.15000"
2411,0.0000,Tx-Rx,0,-78.0596,"-0.15000 1.10000 4.90000, 6.85000 0.10000 -4.15000"
2412,0.0000,Tx-Rx,0,-77.9613,"-0.15000 1.10000 4.90000, 6.55000 0.10000 -4.15000"
2413,0.0000,Tx-Rx,0,-78.6411,"-0.15000 1.10000 4.90000, 6.25000 0.10000 -4.15000"
2414,0.0000,Tx-Rx,0,-79.0656,"-0.15000 1.10000 4.90000, 5.95000 0.10000 -4.15000"
2415,0.0000,Tx-Rx,0,-79.4990,"-0.15000 1.10000 4.90000, 5.65000 0.10000 -4.15000"
2416,0.0000,Tx-Rx,0,-79.5355,"-0.15000 1.10000 4.90000, 5.35000 0.10000 -4.15000"
2417,0.0000,Tx-Rx,0,-79.3646,"-0.15000 1.10000 4.90000, 5.05000 0.10000 -4.15000"
2418,0.0000,Tx-Rx,0,-79.3284,"-0.15000 1.10000 4.90000, 4.75000 0.10000 -4.15000"
2419,0.0000,Tx-Rx,0,-79.5298,"-0.15000 1.10000 4.90000, 4.45000 0.10000 -4.15000"
2420,0.0000,Tx-Rx,0,-79.1498,"-0.15000 1.10000 4.90000, 4.15000 0.10000 -4.15000"
2421,0.0000,Tx-Rx,0,-79.0412,"-0.15000 1.10000 4.90000, 3.85000 0.10000 -4.15000"
2422,0.0000,Tx-Rx,0,-79.3619,"-0.15000 1.10000 4.90000, 3.55000 0.10000 -4.15000"
2423,0.0000,Tx-Rx,0,-77.5899,"-0.15000 1.10000 4.90000, 3.25000 0.10000 -4.15000"
2424,0.0000,Tx-Rx,0,-74.9888,"-0.15000 1.10000 4.90000, 2.95000 0.10000 -4.15000"
2425,0.0000,Tx-Rx,0,-75.4667,"-0.15000 1.10000 4.90000, 2.65000 0.10000 -4.15000"
2426,0.0000,Tx-Rx,0,-79.0524,"-0.15000 1.10000 4.90000, 2.35000 0.10000 -4.15000"
2427,0.0000,Tx-Rx,0,-79.0216,"-0.15000 1.10000 4.90000, 2.05000 0.10000 -4.15000"
2428,0.0000,Tx-Rx,0,-79.0454,"-0.15000 1.10000 4.90000, 1.75000 0.10000 -4.15000"
2429,0.0000,Tx-Rx,0,-77.6111,"-0.15000 1.10000 4.90000, 1.45000 0.10000 -4.15000"
2430,0.0000,Tx-Rx,0,-66.4756,"-0.15000 1.10000 4.90000, 1.15000 0.10000 -4.15000"
2431,0.0000,Tx-Rx,0,-66.6780,"-0.15000 1.10000 4.90000, 0.85000 0.10000 -4.15000"
2432,0.0000,Tx-Rx,0,-77.0703,"-0.15000 1.10000 4.90000, 0.55000 0.10000 -4.15000"
2433,0.0000,Tx-Rx,0,-73.6912,"-0.15000 1.10000 4.90000, 0.25000 0.10000 -4.15000"
2434,0.0000,Tx-Rx,0,-66.6774,"-0.15000 1.10000 4.90000, -0.05000 0.10000 -4.15000"
2435,0.0000,Tx-Rx,0,-83.0217,"-0.15000 1.10000 4.90000, -0.35000 0.10000 -4.15000"
2436,0.0000,Tx-Rx,0,-82.7542,"-0.15000 1.10000 4.90000, -0.65000 0.10000 -4.15000"
2437,0.0000,Tx-Rx,0,-82.5716,"-0.15000 1.10000 4.90000, -0.95000 0.10000 -4.15000"
2438,0.0000,Tx-Rx,0,-82.8258,"-0.15000 1.10000 4.90000, -1.25000 0.10000 -4.15000"
2439,0.0000,Tx-Rx,0,-81.7346,"-0.15000 1.10000 4.90000, -1.55000 0.10000 -4.15000"
2440,0.0000,Tx-Rx,0,-78.0211,"-0.15000 1.10000 4.90000, -1.85000 0.10000 -4.15000"
2441,0.0000,Tx-Rx,0,-58.9085,"-0.15000 1.10000 4.90000, -2.15000 0.10000 -4.15000"
2442,0.0000,Tx-Rx,0,-58.6976,"-0.15000 1.10000 4.90000, -2.45000 0.10000 -4.15000"
2443,0.0000,Tx-Rx,0,-58.4055,"-0.15000 1.10000 4.90000, -2.75000 0.10000 -4.15000"
2444,0.0000,Tx-Rx,0,-59.1052,"-0.15000 1.10000 4.90000, -3.05000 0.10000 -4.15000"
2445,0.0000,Tx-Rx,0,-60.4065,"-0.15000 1.10000 4.90000, -3.35000 0.10000 -4.15000"
2446,0.0000,Tx-Rx,0,-64.6835,"-0.15000 1.10000 4.90000, -3.65000 0.10000 -4.15000"
2447,0.0000,Tx-Rx,0,-82.7253,"-0.15000 1.10000 4.90000, -3.95000 0.10000 -4.15000"
2448,0.0000,Tx-Rx,0,-84.2191,"-0.15000 1.10000 4.90000, -4.25000 0.10000 -4.15000"
2449,0.0000,Tx-Rx,0,-86.0229,"-0.15000 1.10000 4.90000, -4.55000 0.10000 -4.15000"
2450,0.0000,Tx-Rx,0,-87.1857,"-0.15000 1.10000 4.90000, -4.85000 0.10000 -4.15000"
2451,0.0000,Tx-Rx,0,-86.0779,"-0.15000 1.10000 4.90000, -5.15000 0.10000 -4.15000"
2452,0.0000,Tx-Rx,0,-87.0348,"-0.15000 1.10000 4.90000, -5.45000 0.10000 -4.15000"
2453,0.0000,Tx-Rx,0,-83.3362,"-0.15000 1.10000 4.90000, -5.75000 0.10000 -4.15000"
2454,0.0000,Tx-Rx,0,-83.1591,"-0.15000 1.10000 4.90000, -6.05000 0.10000 -4.15000"
2455,0.0000,Tx-Rx,0,-81.3651,"-0.15000 1.10000 4.90000, -6.35000 0.10000 -4.15000"
2456,0.0000,Tx-Rx,0,-85.7512,"-0.15000 1.10000 4.90000, -6.65000 0.10000 -4.15000"
2457,0.0000,Tx-Rx,0,-94.9234,"-0.15000 1.10000 4.90000, -6.95000 0.10000 -4.15000"
2458,0.0000,Tx-Rx,0,-98.3970,"-0.15000 1.10000 4.90000, -7.25000 0.10000 -4.15000"
2459,0.0000,Tx-Rx,0,-106.5015,"-0.15000 1.10000 4.90000, -7.55000 0.10000 -4.15000"
2460,0.0000,Tx-Rx,0,-95.3538,"-0.15000 1.10000 4.90000, -7.85000 0.10000 -4.15000"
2461,0.0000,Tx-Rx,0,-105.9027,"-0.15000 1.10000 4.90000, 9.85000 0.10000 -4.45000"
2462,0.0000,Tx-Rx,0,-103.0802,"-0.15000 1.10000 4.90000, 9.55000 0.10000 -4.45000"
2463,0.0000,Tx-Rx,0,-106.4001,"-0.15000 1.10000 4.90000, 9.25000 0.10000 -4.45000"
2464,0.0000,Tx-Rx,0,-102.6243,"-0.15000 1.10000 4.90000, 8.95000 0.10000 -4.45000"
2465,0.0000,Tx-Rx,0,-107.6437,"-0.15000 1.10000 4.90000, 8.65000 0.10000 -4.45000"
2466,0.0000,Tx-Rx,0,-104.7843,"-0.15000 1.10000 4.90000, 8.35000 0.10000 -4.45000"
2467,0.0000,Tx-Rx,0,-82.2414,"-0.15000 1.10000 4.90000, 8.05000 0.10000 -4.45000"
2468,0.0000,Tx-Rx,0,-77.9640,"-0.15000 1.10000 4.90000, 7.75000 0.10000 -4.45000"
2469,0.0000,Tx-Rx,0,-77.9951,"-0.15000 1.10000 4.90000, 7.45000 0.10000 -4.45000"
2470,0.0000,Tx-Rx,0,-77.9478,"-0.15000 1.10000 4.90000, 7.15000 0.10000 -4.45000"
2471,0.0000,Tx-Rx,0,-78.3792,"-0.15000 1.10000 4.90000, 6.85000 0.10000 -4.45000"
2472,0.0000,Tx-Rx,0,-78.6838,"-0.15000 1.10000 4.90000, 6.55000 0.10000 -4.45000"
2473,0.0000,Tx-Rx,0,-78.6919,"-0.15000 1.10000 4.90000, 6.25000 0.10000 -4.45000"
2474,0.0000,Tx-Rx,0,-78.7347,"-0.15000 1.10000 4.90000, 5.95000 0.10000 -4.45000"
2475,0.0000,Tx-Rx,0,-79.0246,"-0.15000 1.10000 4.90000, 5.65000 0.10000 -4.45000"
2476,0.0000,Tx-Rx,0,-79.2077,"-0.15000 1.10000 4.90000, 5.35000 0.10000 -4.45000"
2477,0.0000,Tx-Rx,0,-78.8734,"-0.15000 1.10000 4.90000, 5.05000 0.10000 -4.45000"
2478,0.0000,Tx-Rx,0,-78.8080,"-0.15000 1.10000 4.90000, 4.75000 0.10000 -4.45000"
2479,0.0000,Tx-Rx,0,-78.9148,"-0.15000 1.10000 4.90000, 4.45000 0.10000 -4.45000"
2480,0.0000,Tx-Rx,0,-79.1813,"-0.15000 1.10000 4.90000, 4.15000 0.10000 -4.45000"
2481,0.0000,Tx-Rx,0,-78.8984,"-0.15000 1.10000 4.90000, 3.85000 0.10000 -4.45000"
2482,0.0000,Tx-Rx,0,-78.9815,"-0.15000 1.10000 4.90000, 3.55000 0.10000 -4.45000"
2483,0.0000,Tx-Rx,0,-78.3338,"-0.15000 1.10000 4.90000, 3.25000 0.10000 -4.45000"
2484,0.0000,Tx-Rx,0,-75.3628,"-0.15000 1.10000 4.90000, 2.95000 0.10000 -4.45000"
2485,0.0000,Tx-Rx,0,-74.8233,"-0.15000 1.10000 4.90000, 2.65000 0.10000 -4.45000"
2486,0.0000,Tx-Rx,0,-78.0847,"-0.15000 1.10000 4.90000, 2.35000 0.10000 -4.45000"
2487,0.0000,Tx-Rx,0,-78.9545,"-0.15000 1.10000 4.90000, 2.05000 0.10000 -4.45000"
2488,0.0000,Tx-Rx,0,-79.4032,"-0.15000 1.10000 4.90000, 1.75000 0.10000 -4.45000"
2489,0.0000,Tx-Rx,0,-75.4319,"-0.15000 1.10000 4.90000, 1.45000 0.10000 -4.45000"
2490,0.0000,Tx-Rx,0,-65.4687,"-0.15000 1.10000 4.90000, 1.15000 0.10000 -4.45000"
2491,0.0000,Tx-Rx,0,-68.6668,"-0.15000 1.10000 4.90000, 0.85000 0.10000 -4.45000"
2492,0.0000,Tx-Rx,0,-77.8546,"-0.15000 1.10000 4.90000, 0.55000 0.10000 -4.45000"
2493,0.0000,Tx-Rx,0,-73.7125,"-0.15000 1.10000 4.90000, 0.25000 0.10000 -4.45000"
2494,0.0000,Tx-Rx,0,-66.6713,"-0.15000 1.10000 4.90000, -0.05000 0.10000 -4.45000"
2495,0.0000,Tx-Rx,0,-81.0972,"-0.15000 1.10000 4.90000, -0.35000 0.10000 -4.45000"
2496,0.0000,Tx-Rx,0,-82.2142,"-0.15000 1.10000 4.90000, -0.65000 0.10000 -4.45000"
2497,0.0000,Tx-Rx,0,-82.9038,"-0.15000 1.10000 4.90000, -0.95000 0.10000 -4.45000"
2498,0.0000,Tx-Rx,0,-83.1055,"-0.15000 1.10000 4.90000, -1.25000 0.10000 -4.45000"
2499,0.0000,Tx-Rx,0,-82.9143,"-0.15000 1.10000 4.90000, -1.55000 0.10000 -4.45000"
2500,0.0000,Tx-Rx,0,-74.7215,"-0.15000 1.10000 4.90000, -1.85000 0.10000 -4.45000"
2501,0.0000,Tx-Rx,0,-60.0820,"-0.15000 1.10000 4.90000, -2.15000 0.10000 -4.45000"
2502,0.0000,Tx-Rx,0,-58.7160,"-0.15000 1.10000 4.90000, -2.45000 0.10000 -4.45000"
2503,0.0000,Tx-Rx,0,-58.7642,"-0.15000 1.10000 4.90000, -2.75000 0.10000 -4.45000"
2504,0.0000,Tx-Rx,0,-57.3027,"-0.15000 1.10000 4.90000, -3.05000 0.10000 -4.45000"
2505,0.0000,Tx-Rx,0,-60.2471,"-0.15000 1.10000 4.90000, -3.35000 0.10000 -4.45000"
2506,0.0000,Tx-Rx,0,-67.0882,"-0.15000 1.10000 4.90000, -3.65000 0.10000 -4.45000"
2507,0.0000,Tx-Rx,0,-82.7001,"-0.15000 1.10000 4.90000, -3.95000 0.10000 -4.45000"
2508,0.0000,Tx-Rx,0,-84.0529,"-0.15000 1.10000 4.90000, -4.25000 0.10000 -4.45000"
2509,0.0000,Tx-Rx,0,-85.5672,"-0.15000 1.10000 4.90000, -4.55000 0.10000 -4.45000"
2510,0.0000,Tx-Rx,0,-85.3578,"-0.15000 1.10000 4.90000, -4.85000 0.10000 -4.45000"
2511,0.0000,Tx-Rx,0,-87.4272,"-0.15000 1.10000 4.90000, -5.15000 0.10000 -4.45000"
2512,0.0000,Tx-Rx,0,-88.5556,"-0.15000 1.10000 4.90000, -5.45000 0.10000 -4.45000"
2513,0.0000,Tx-Rx,0,-84.4602,"-0.15000 1.10000 4.90000, -5.75000 0.10000 -4.45000"
2514,0.0000,Tx-Rx,0,-81.5491,"-0.15000 1.10000 4.90000, -6.05000 0.10000 -4.45000"
2515,0.0000,Tx-Rx,0,-83.5111,"-0.15000 1.10000 4.90000, -6.35000 0.10000 -4.45000"
2516,0.0000,Tx-Rx,0,-80.5264,"-0.15000 1.10000 4.90000, -6.65000 0.10000 -4.45000"
2517,0.0000,Tx-Rx,0,-89.4704,"-0.15000 1.10000 4.90000, -6.95000 0.10000 -4.45000"
2518,0.0000,Tx-Rx,0,-97.8361,"-0.15000 1.10000 4.90000, -7.25000 0.10000 -4.45000"
2519,0.0000,Tx-Rx,0,-98.9272,"-0.15000 1.10000 4.90000, -7.55000 0.10000 -4.45000"
2520,0.0000,Tx-Rx,0,-110.4982,"-0.15000 1.10000 4.90000, -7.85000 0.10000 -4.45000"
2521,0.0000,Tx-Rx,0,-102.7584,"-0.15000 1.10000 4.90000, 9.85000 0.10000 -4.75000"
2522,0.0000,Tx-Rx,0,-104.0189,"-0.15000 1.10000 4.90000, 9.55000 0.10000 -4.75000"
2523,0.0000,Tx-Rx,0,-102.0493,"-0.15000 1.10000 4.90000, 9.25000 0.10000 -4.75000"
2524,0.0000,Tx-Rx,0,-103.9380,"-0.15000 1.10000 4.90000, 8.95000 0.10000 -4.75000"
2525,0.0000,Tx-Rx,0,-108.4148,"-0.15000 1.10000 4.90000, 8.65000 0.10000 -4.75000"
2526,0.0000,Tx-Rx,0,-103.6620,"-0.15000 1.10000 4.90000, 8.35000 0.10000 -4.75000"
2527,0.0000,Tx-Rx,0,-82.7599,"-0.15000 1.10000 4.90000, 8.05000 0.10000 -4.75000"
2528,0.0000,Tx-Rx,0,-78.0256,"-0.15000 1.10000 4.90000, 7.75000 0.10000 -4.75000"
2529,0.0000,Tx-Rx,0,-78.2179,"-0.15000 1.10000 4.90000, 7.45000 0.10000 -4.75000"
2530,0.0000,Tx-Rx,0,-78.5654,"-0.15000 1.10000 4.90000, 7.15000 0.10000 -4.75000"
2531,0.0000,Tx-Rx,0,-78.8253,"-0.15000 1.10000 4.90000, 6.85000 0.10000 -4.75000"
2532,0.0000,Tx-Rx,0,-78.7991,"-0.15000 1.10000 4.90000, 6.55000 0.10000 -4.75000"
2533,0.0000,Tx-Rx,0,-78.6803,"-0.15000 1.10000 4.90000, 6.25000 0.10000 -4.75000"
2534,0.0000,Tx-Rx,0,-78.8110,"-0.15000 1.10000 4.90000, 5.95000 0.10000 -4.75000"
2535,0.0000,Tx-Rx,0,-78.7654,"-0.15000 1.10000 4.90000, 5.65000 0.10000 -4.75000"
2536,0.0000,Tx-Rx,0,-78.4996,"-0.15000 1.10000 4.90000, 5.35000 0.10000 -4.75000"
2537,0.0000,Tx-Rx,0,-78.4489,"-0.15000 1.10000 4.90000, 5.05000 0.10000 -4.75000"
2538,0.0000,Tx-Rx,0,-78.2095,"-0.15000 1.10000 4.90000, 4.75000 0.10000 -4.75000"
2539,0.0000,Tx-Rx,0,-78.4972,"-0.15000 1.10000 4.90000, 4.45000 0.10000 -4.75000"
2540,0.0000,Tx-Rx,0,-78.5876,"-0.15000 1.10000 4.90000, 4.15000 0.10000 -4.75000"
2541,0.0000,Tx-Rx,0,-78.8268,"-0.15000 1.10000 4.90000, 3.85000 0.10000 -4.75000"
2542,0.0000,Tx-Rx,0,-78.7528,"-0.15000 1.10000 4.90000, 3.55000 0.10000 -4.75000"
2543,0.0000,Tx-Rx,0,-78.8808,"-0.15000 1.10000 4.90000, 3.25000 0.10000 -4.75000"
2544,0.0000,Tx-Rx,0,-75.8429,"-0.15000 1.10000 4.90000, 2.95000 0.10000 -4.75000"
2545,0.0000,Tx-Rx,0,-74.6288,"-0.15000 1.10000 4.90000, 2.65000 0.10000 -4.75000"
2546,0.0000,Tx-Rx,0,-76.8648,"-0.15000 1.10000 4.90000, 2.35000 0.10000 -4.75000"
2547,0.0000,Tx-Rx,0,-80.6480,"-0.15000 1.10000 4.90000, 2.05000 0.10000 -4.75000"
2548,0.0000,Tx-Rx,0,-84.1906,"-0.15000 1.10000 4.90000, 1.75000 0.10000 -4.75000"
2549,0.0000,Tx-Rx,0,-69.3027,"-0.15000 1.10000 4.90000, 1.45000 0.10000 -4.75000"
2550,0.0000,Tx-Rx,0,-65.6581,"-0.15000 1.10000 4.90000, 1.15000 0.10000 -4.75000"
2551,0.0000,Tx-Rx,0,-73.4814,"-0.15000 1.10000 4.90000, 0.85000 0.10000 -4.75000"
2552,0.0000,Tx-Rx,0,-77.9795,"-0.15000 1.10000 4.90000, 0.55000 0.10000 -4.75000"
2553,0.0000,Tx-Rx,0,-72.1055,"-0.15000 1.10000 4.90000, 0.25000 0.10000 -4.75000"
2554,0.0000,Tx-Rx,0,-67.3165,"-0.15000 1.10000 4.90000, -0.05000 0.10000 -4.75000"
2555,0.0000,Tx-Rx,0,-80.5578,"-0.15000 1.10000 4.90000, -0.35000 0.10000 -4.75000"
2556,0.0000,Tx-Rx,0,-79.6300,"-0.15000 1.10000 4.90000, -0.65000 0.10000 -4.75000"
2557,0.0000,Tx-Rx,0,-82.3480,"-0.15000 1.10000 4.90000, -0.95000 0.10000 -4.75000"
2558,0.0000,Tx-Rx,0,-82.6976,"-0.15000 1.10000 4.90000, -1.25000 0.10000 -4.75000"
2559,0.0000,Tx-Rx,0,-77.5185,"-0.15000 1.10000 4.90000, -1.55000 0.10000 -4.75000"
2560,0.0000,Tx-Rx,0,-72.5452,"-0.15000 1.10000 4.90000, -1.85000 0.10000 -4.75000"
2561,0.0000,Tx-Rx,0,-61.9557,"-0.15000 1.10000 4.90000, -2.15000 0.10000 -4.75000"
2562,0.0000,Tx-Rx,0,-58.7998,"-0.15000 1.10000 4.90000, -2.45000 0.10000 -4.75000"
2563,0.0000,Tx-Rx,0,-58.1557,"-0.15000 1.10000 4.90000, -2.75000 0.10000 -4.75000"
2564,0.0000,Tx-Rx,0,-56.9118,"-0.15000 1.10000 4.90000, -3.05000 0.10000 -4.75000"
2565,0.0000,Tx-Rx,0,-59.5257,"-0.15000 1.10000 4.90000, -3.35000 0.10000 -4.75000"
2566,0.0000,Tx-Rx,0,-79.0005,"-0.15000 1.10000 4.90000, -3.65000 0.10000 -4.75000"
2567,0.0000,Tx-Rx,0,-87.2406,"-0.15000 1.10000 4.90000, -3.95000 0.10000 -4.75000"
2568,0.0000,Tx-Rx,0,-88.8416,"-0.15000 1.10000 4.90000, -4.25000 0.10000 -4.75000"
2569,0.0000,Tx-Rx,0,-96.0258,"-0.15000 1.10000 4.90000, -4.55000 0.10000 -4.75000"
2570,0.0000,Tx-Rx,0,-99.7587,"-0.15000 1.10000 4.90000, -4.85000 0.10000 -4.75000"
2571,0.0000,Tx-Rx,0,-95.3144,"-0.15000 1.10000 4.90000, -5.15000 0.10000 -4.75000"
2572,0.0000,Tx-Rx,0,-97.7535,"-0.15000 1.10000 4.90000, -5.45000 0.10000 -4.75000"
2573,0.0000,Tx-Rx,0,-97.1898,"-0.15000 1.10000 4.90000, -5.75000 0.10000 -4.75000"
2574,0.0000,Tx-Rx,0,-82.2226,"-0.15000 1.10000 4.90000, -6.05000 0.10000 -4.75000"
2575,0.0000,Tx-Rx,0,-81.8146,"-0.15000 1.10000 4.90000, -6.35000 0.10000 -4.75000"
2576,0.0000,Tx-Rx,0,-80.3953,"-0.15000 1.10000 4.90000, -6.65000 0.10000 -4.75000"
2577,0.0000,Tx-Rx,0,-83.9535,"-0.15000 1.10000 4.90000, -6.95000 0.10000 -4.75000"
2578,0.0000,Tx-Rx,0,-95.3343,"-0.15000 1.10000 4.90000, -7.25000 0.10000 -4.75000"
2579,0.0000,Tx-Rx,0,-96.1516,"-0.15000 1.10000 4.90000, -7.55000 0.10000 -4.75000"
2580,0.0000,Tx-Rx,0,-105.1688,"-0.15000 1.10000 4.90000, -7.85000 0.10000 -4.75000"
2581,0.0000,Tx-Rx,0,-105.3309,"-0.15000 1.10000 4.90000, 9.85000 0.10000 -5.05000"
2582,0.0000,Tx-Rx,0,-105.3709,"-0.15000 1.10000 4.90000, 9.55000 0.10000 -5.05000"
2583,0.0000,Tx-Rx,0,-103.0986,"-0.15000 1.10000 4.90000, 9.25000 0.10000 -5.05000"
2584,0.0000,Tx-Rx,0,-104.7644,"-0.15000 1.10000 4.90000, 8.95000 0.10000 -5.05000"
2585,0.0000,Tx-Rx,0,-103.2775,"-0.15000 1.10000 4.90000, 8.65000 0.10000 -5.05000"
2586,0.0000,Tx-Rx,0,-103.6111,"-0.15000 1.10000 4.90000, 8.35000 0.10000 -5.05000"
2587,0.0000,Tx-Rx,0,-83.2021,"-0.15000 1.10000 4.90000, 8.05000 0.10000 -5.05000"
2588,0.0000,Tx-Rx,0,-78.4525,"-0.15000 1.10000 4.90000, 7.75000 0.10000 -5.05000"
2589,0.0000,Tx-Rx,0,-78.5489,"-0.15000 1.10000 4.90000, 7.45000 0.10000 -5.05000"
2590,0.0000,Tx-Rx,0,-78.7413,"-0.15000 1.10000 4.90000, 7.15000 0.10000 -5.05000"
2591,0.0000,Tx-Rx,0,-78.8330,"-0.15000 1.10000 4.90000, 6.85000 0.10000 -5.05000"
2592,0.0000,Tx-Rx,0,-78.7237,"-0.15000 1.10000 4.90000, 6.55000 0.10000 -5.05000"
2593,0.0000,Tx-Rx,0,-78.7441,"-0.15000 1.10000 4.90000, 6.25000 0.10000 -5.05000"
2594,0.0000,Tx-Rx,0,-78.6588,"-0.15000 1.10000 4.90000, 5.95000 0.10000 -5.05000"
2595,0.0000,Tx-Rx,0,-78.5075,"-0.15000 1.10000 4.90000, 5.65000 0.10000 -5.05000"
2596,0.0000,Tx-Rx,0,-78.0054,"-0.15000 1.10000 4.90000, 5.35000 0.10000 -5.05000"
2597,0.0000,Tx-Rx,0,-78.1045,"-0.15000 1.10000 4.90000, 5.05000 0.10000 -5.05000"
2598,0.0000,Tx-Rx,0,-77.9346,"-0.15000 1.10000 4.90000, 4.75000 0.10000 -5.05000"
2599,0.0000,Tx-Rx,0,-77.8102,"-0.15000 1.10000 4.90000, 4.45000 0.10000 -5.05000"
2600,0.0000,Tx-Rx,0,-78.2761,"-0.15000 1.10000 4.90000, 4.15000 0.10000 -5.05000"
2601,0.0000,Tx-Rx,0,-78.5854,"-0.15000 1.10000 4.90000, 3.85000 0.10000 -5.05000"
2602,0.0000,Tx-Rx,0,-78.5733,"-0.15000 1.10000 4.90000, 3.55000 0.10000 -5.05000"
2603,0.0000,Tx-Rx,0,-78.6448,"-0.15000 1.10000 4.90000, 3.25000 0.10000 -5.05000"
2604,0.0000,Tx-Rx,0,-77.4504,"-0.15000 1.10000 4.90000, 2.95000 0.10000 -5.05000"
2605,0.0000,Tx-Rx,0,-75.1201,"-0.15000 1.10000 4.90000, 2.65000 0.10000 -5.05000"
2606,0.0000,Tx-Rx,0,-77.1182,"-0.15000 1.10000 4.90000, 2.35000 0.10000 -5.05000"
2607,0.0000,Tx-Rx,0,-86.2741,"-0.15000 1.10000 4.90000, 2.05000 0.10000 -5.05000"
2608,0.0000,Tx-Rx,0,-81.9700,"-0.15000 1.10000 4.90000, 1.75000 0.10000 -5.05000"
2609,0.0000,Tx-Rx,0,-67.0445,"-0.15000 1.10000 4.90000, 1.45000 0.10000 -5.05000"
2610,0.0000,Tx-Rx,0,-66.6856,"-0.15000 1.10000 4.90000, 1.15000 0.10000 -5.05000"
2611,0.0000,Tx-Rx,0,-79.0023,"-0.15000 1.10000 4.90000, 0.85000 0.10000 -5.05000"
2612,0.0000,Tx-Rx,0,-79.3882,"-0.15000 1.10000 4.90000, 0.55000 0.10000 -5.05000"
2613,0.0000,Tx-Rx,0,-71.7783,"-0.15000 1.10000 4.90000, 0.25000 0.10000 -5.05000"
2614,0.0000,Tx-Rx,0,-67.5443,"-0.15000 1.10000 4.90000, -0.05000 0.10000 -5.05000"
2615,0.0000,Tx-Rx,0,-81.1647,"-0.15000 1.10000 4.90000, -0.35000 0.10000 -5.05000"
2616,0.0000,Tx-Rx,0,-80.1045,"-0.15000 1.10000 4.90000, -0.65000 0.10000 -5.05000"
2617,0.0000,Tx-Rx,0,-79.3930,"-0.15000 1.10000 4.90000, -0.95000 0.10000 -5.05000"
2618,0.0000,Tx-Rx,0,-75.7197,"-0.15000 1.10000 4.90000, -1.25000 0.10000 -5.05000"
2619,0.0000,Tx-Rx,0,-73.7252,"-0.15000 1.10000 4.90000, -1.55000 0.10000 -5.05000"
2620,0.0000,Tx-Rx,0,-72.5888,"-0.15000 1.10000 4.90000, -1.85000 0.10000 -5.05000"
2621,0.0000,Tx-Rx,0,-64.3533,"-0.15000 1.10000 4.90000, -2.15000 0.10000 -5.05000"
2622,0.0000,Tx-Rx,0,-59.3236,"-0.15000 1.10000 4.90000, -2.45000 0.10000 -5.05000"
2623,0.0000,Tx-Rx,0,-58.3349,"-0.15000 1.10000 4.90000, -2.75000 0.10000 -5.05000"
2624,0.0000,Tx-Rx,0,-57.0359,"-0.15000 1.10000 4.90000, -3.05000 0.10000 -5.05000"
2625,0.0000,Tx-Rx,0,-58.6482,"-0.15000 1.10000 4.90000, -3.35000 0.10000 -5.05000"
2626,0.0000,Tx-Rx,0,-74.8961,"-0.15000 1.10000 4.90000, -3.65000 0.10000 -5.05000"
2627,0.0000,Tx-Rx,0,-77.7500,"-0.15000 1.10000 4.90000, -3.95000 0.10000 -5.05000"
2628,0.0000,Tx-Rx,0,-83.1861,"-0.15000 1.10000 4.90000, -4.25000 0.10000 -5.05000"
2629,0.0000,Tx-Rx,0,-87.5555,"-0.15000 1.10000 4.90000, -4.55000 0.10000 -5.05000"
2630,0.0000,Tx-Rx,0,-94.1518,"-0.15000 1.10000 4.90000, -4.85000 0.10000 -5.05000"
2631,0.0000,Tx-Rx,0,-98.2942,"-0.15000 1.10000 4.90000, -5.15000 0.10000 -5.05000"
2632,0.0000,Tx-Rx,0,-104.2069,"-0.15000 1.10000 4.90000, -5.45000 0.10000 -5.05000"
2633,0.0000,Tx-Rx,0,-100.8929,"-0.15000 1.10000 4.90000, -5.75000 0.10000 -5.05000"
2634,0.0000,Tx-Rx,0,-84.7067,"-0.15000 1.10000 4.90000, -6.05000 0.10000 -5.05000"
2635,0.0000,Tx-Rx,0,-82.3786,"-0.15000 1.10000 4.90000, -6.35000 0.10000 -5.05000"
2636,0.0000,Tx-Rx,0,-82.7156,"-0.15000 1.10000 4.90000, -6.65000 0.10000 -5.05000"
2637,0.0000,Tx-Rx,0,-82.9876,"-0.15000 1.10000 4.90000, -6.95000 0.10000 -5.05000"
2638,0.0000,Tx-Rx,0,-85.8864,"-0.15000 1.10000 4.90000, -7.25000 0.10000 -5.05000"
2639,0.0000,Tx-Rx,0,-98.3688,"-0.15000 1.10000 4.90000, -7.55000 0.10000 -5.05000"
2640,0.0000,Tx-Rx,0,-106.4303,"-0.15000 1.10000 4.90000, -7.85000 0.10000 -5.05000"
2641,0.0000,Tx-Rx,0,-103.9228,"-0.15000 1.10000 4.90000, 9.85000 0.10000 -5.35000"
2642,0.0000,Tx-Rx,0,-106.3038,"-0.15000 1.10000 4.90000, 9.55000 0.10000 -5.35000"
2643,0.0000,Tx-Rx,0,-103.2966,"-0.15000 1.10000 4.90000, 9.25000 0.10000 -5.35000"
2644,0.0000,Tx-Rx,0,-105.1234,"-0.15000 1.10000 4.90000, 8.95000 0.10000 -5.35000"
2645,0.0000,Tx-Rx,0,-109.3505,"-0.15000 1.10000 4.90000, 8.65000 0.10000 -5.35000"
2646,0.0000,Tx-Rx,0,-104.7552,"-0.15000 1.10000 4.90000, 8.35000 0.10000 -5.35000"
2647,0.0000,Tx-Rx,0,-83.5051,"-0.15000 1.10000 4.90000, 8.05000 0.10000 -5.35000"
2648,0.0000,Tx-Rx,0,-78.3863,"-0.15000 1.10000 4.90000, 7.75000 0.10000 -5.35000"
2649,0.0000,Tx-Rx,0,-78.5783,"-0.15000 1.10000 4.90000, 7.45000 0.10000 -5.35000"
2650,0.0000,Tx-Rx,0,-78.6226,"-0.15000 1.10000 4.90000, 7.15000 0.10000 -5.35000"
2651,0.0000,Tx-Rx,0,-78.2631,"-0.15000 1.10000 4.90000, 6.85000 0.10000 -5.35000"
2652,0.0000,Tx-Rx,0,-76.4118,"-0.15000 1.10000 4.90000, 6.55000 0.10000 -5.35000"
2653,0.0000,Tx-Rx,0,-75.9248,"-0.15000 1.10000 4.90000, 6.25000 0.10000 -5.35000"
2654,0.0000,Tx-Rx,0,-76.0568,"-0.15000 1.10000 4.90000, 5.95000 0.10000 -5.35000"
2655,0.0000,Tx-Rx,0,-76.4805,"-0.15000 1.10000 4.90000, 5.65000 0.10000 -5.35000"
2656,0.0000,Tx-Rx,0,-76.1835,"-0.15000 1.10000 4.90000, 5.35000 0.10000 -5.35000"
2657,0.0000,Tx-Rx,0,-76.9522,"-0.15000 1.10000 4.90000, 5.05000 0.10000 -5.35000"
2658,0.0000,Tx-Rx,0,-78.3054,"-0.15000 1.10000 4.90000, 4.75000 0.10000 -5.35000"
2659,0.0000,Tx-Rx,0,-78.9043,"-0.15000 1.10000 4.90000, 4.45000 0.10000 -5.35000"
2660,0.0000,Tx-Rx,0,-78.0713,"-0.15000 1.10000 4.90000, 4.15000 0.10000 -5.35000"
2661,0.0000,Tx-Rx,0,-77.9937,"-0.15000 1.10000 4.90000, 3.85000 0.10000 -5.35000"
2662,0.0000,Tx-Rx,0,-77.9643,"-0.15000 1.10000 4.90000, 3.55000 0.10000 -5.35000"
2663,0.0000,Tx-Rx,0,-78.6698,"-0.15000 1.10000 4.90000, 3.25000 0.10000 -5.35000"
2664,0.0000,Tx-Rx,0,-79.8900,"-0.15000 1.10000 4.90000, 2.95000 0.10000 -5.35000"
2665,0.0000,Tx-Rx,0,-76.3755,"-0.15000 1.10000 4.90000, 2.65000 0.10000 -5.35000"
2666,0.0000,Tx-Rx,0,-75.8146,"-0.15000 1.10000 4.90000, 2.35000 0.10000 -5.35000"
2667,0.0000,Tx-Rx,0,-82.9375,"-0.15000 1.10000 4.90000, 2.05000 0.10000 -5.35000"
2668,0.0000,Tx-Rx,0,-74.5354,"-0.15000 1.10000 4.90000, 1.75000 0.10000 -5.35000"
2669,0.0000,Tx-Rx,0,-66.0312,"-0.15000 1.10000 4.90000, 1.45000 0.10000 -5.35000"
2670,0.0000,Tx-Rx,0,-68.7375,"-0.15000 1.10000 4.90000, 1.15000 0.10000 -5.35000"
2671,0.0000,Tx-Rx,0,-79.1200,"-0.15000 1.10000 4.90000, 0.85000 0.10000 -5.35000"
2672,0.0000,Tx-Rx,0,-80.2935,"-0.15000 1.10000 4.90000, 0.55000 0.10000 -5.35000"
2673,0.0000,Tx-Rx,0,-71.1111,"-0.15000 1.10000 4.90000, 0.25000 0.10000 -5.35000"
2674,0.0000,Tx-Rx,0,-68.2347,"-0.15000 1.10000 4.90000, -0.05000 0.10000 -5.35000"
2675,0.0000,Tx-Rx,0,-81.4263,"-0.15000 1.10000 4.90000, -0.35000 0.10000 -5.35000"
2676,0.0000,Tx-Rx,0,-79.2110,"-0.15000 1.10000 4.90000, -0.65000 0.10000 -5.35000"
2677,0.0000,Tx-Rx,0,-75.2859,"-0.15000 1.10000 4.90000, -0.95000 0.10000 -5.35000"
2678,0.0000,Tx-Rx,0,-73.4648,"-0.15000 1.10000 4.90000, -1.25000 0.10000 -5.35000"
2679,0.0000,Tx-Rx,0,-74.9785,"-0.15000 1.10000 4.90000, -1.55000 0.10000 -5.35000"
2680,0.0000,Tx-Rx,0,-76.0279,"-0.15000 1.10000 4.90000, -1.85000 0.10000 -5.35000"
2681,0.0000,Tx-Rx,0,-66.2745,"-0.15000 1.10000 4.90000, -2.15000 0.10000 -5.35000"
2682,0.0000,Tx-Rx,0,-59.3958,"-0.15000 1.10000 4.90000, -2.45000 0.10000 -5.35000"
2683,0.0000,Tx-Rx,0,-57.6739,"-0.15000 1.10000 4.90000, -2.75000 0.10000 -5.35000"
2684,0.0000,Tx-Rx,0,-57.0612,"-0.15000 1.10000 4.90000, -3.05000 0.10000 -5.35000"
2685,0.0000,Tx-Rx,0,-57.9744,"-0.15000 1.10000 4.90000, -3.35000 0.10000 -5.35000"
2686,0.0000,Tx-Rx,0,-71.0622,"-0.15000 1.10000 4.90000, -3.65000 0.10000 -5.35000"
2687,0.0000,Tx-Rx,0,-73.4302,"-0.15000 1.10000 4.90000, -3.95000 0.10000 -5.35000"
2688,0.0000,Tx-Rx,0,-79.4839,"-0.15000 1.10000 4.90000, -4.25000 0.10000 -5.35000"
2689,0.0000,Tx-Rx,0,-89.5690,"-0.15000 1.10000 4.90000, -4.55000 0.10000 -5.35000"
2690,0.0000,Tx-Rx,0,-87.6085,"-0.15000 1.10000 4.90000, -4.85000 0.10000 -5.35000"
2691,0.0000,Tx-Rx,0,-90.1378,"-0.15000 1.10000 4.90000, -5.15000 0.10000 -5.35000"
2692,0.0000,Tx-Rx,0,-96.2059,"-0.15000 1.10000 4.90000, -5.45000 0.10000 -5.35000"
2693,0.0000,Tx-Rx,0,-95.8347,"-0.15000 1.10000 4.90000, -5.75000 0.10000 -5.35000"
2694,0.0000,Tx-Rx,0,-105.3074,"-0.15000 1.10000 4.90000, -6.05000 0.10000 -5.35000"
2695,0.0000,Tx-Rx,0,-84.3803,"-0.15000 1.10000 4.90000, -6.35000 0.10000 -5.35000"
2696,0.0000,Tx-Rx,0,-81.3714,"-0.15000 1.10000 4.90000, -6.65000 0.10000 -5.35000"
2697,0.0000,Tx-Rx,0,-81.9778,"-0.15000 1.10000 4.90000, -6.95000 0.10000 -5.35000"
2698,0.0000,Tx-Rx,0,-80.5213,"-0.15000 1.10000 4.90000, -7.25000 0.10000 -5.35000"
2699,0.0000,Tx-Rx,0,-89.6793,"-0.15000 1.10000 4.90000, -7.55000 0.10000 -5.35000"
2700,0.0000,Tx-Rx,0,-112.2045,"-0.15000 1.10000 4.90000, -7.85000 0.10000 -5.35000"
2701,0.0000,Tx-Rx,0,-104.7245,"-0.15000 1.10000 4.90000, 9.85000 0.10000 -5.65000"
2702,0.0000,Tx-Rx,0,-106.3891,"-0.15000 1.10000 4.90000, 9.55000 0.10000 -5.65000"
2703,0.0000,Tx-Rx,0,-109.6355,"-0.15000 1.10000 4.90000, 9.25000 0.10000 -5.65000"
2704,0.0000,Tx-Rx,0,-105.0136,"-0.15000 1.10000 4.90000, 8.95000 0.10000 -5.65000"
2705,0.0000,Tx-Rx,0,-105.1509,"-0.15000 1.10000 4.90000, 8.65000 0.10000 -5.65000"
2706,0.0000,Tx-Rx,0,-104.5366,"-0.15000 1.10000 4.90000, 8.35000 0.10000 -5.65000"
2707,0.0000,Tx-Rx,0,-83.2491,"-0.15000 1.10000 4.90000, 8.05000 0.10000 -5.65000"
2708,0.0000,Tx-Rx,0,-78.6083,"-0.15000 1.10000 4.90000, 7.75000 0.10000 -5.65000"
2709,0.0000,Tx-Rx,0,-78.6653,"-0.15000 1.10000 4.90000, 7.45000 0.10000 -5.65000"
2710,0.0000,Tx-Rx,0,-78.5468,"-0.15000 1.10000 4.90000, 7.15000 0.10000 -5.65000"
2711,0.0000,Tx-Rx,0,-78.5377,"-0.15000 1.10000 4.90000, 6.85000 0.10000 -5.65000"
2712,0.0000,Tx-Rx,0,-78.3906,"-0.15000 1.10000 4.90000, 6.55000 0.10000 -5.65000"
2713,0.0000,Tx-Rx,0,-78.1359,"-0.15000 1.10000 4.90000, 6.25000 0.10000 -5.65000"
2714,0.0000,Tx-Rx,0,-77.8878,"-0.15000 1.10000 4.90000, 5.95000 0.10000 -5.65000"
2715,0.0000,Tx-Rx,0,-77.8339,"-0.15000 1.10000 4.90000, 5.65000 0.10000 -5.65000"
2716,0.0000,Tx-Rx,0,-77.6913,"-0.15000 1.10000 4.90000, 5.35000 0.10000 -5.65000"
2717,0.0000,Tx-Rx,0,-77.7769,"-0.15000 1.10000 4.90000, 5.05000 0.10000 -5.65000"
2718,0.0000,Tx-Rx,0,-78.7332,"-0.15000 1.10000 4.90000, 4.75000 0.10000 -5.65000"
2719,0.0000,Tx-Rx,0,-78.0411,"-0.15000 1.10000 4.90000, 4.45000 0.10000 -5.65000"
2720,0.0000,Tx-Rx,0,-78.2412,"-0.15000 1.10000 4.90000, 4.15000 0.10000 -5.65000"
2721,0.0000,Tx-Rx,0,-78.5778,"-0.15000 1.10000 4.90000, 3.85000 0.10000 -5.65000"
2722,0.0000,Tx-Rx,0,-80.6556,"-0.15000 1.10000 4.90000, 3.55000 0.10000 -5.65000"
2723,0.0000,Tx-Rx,0,-83.3237,"-0.15000 1.10000 4.90000, 3.25000 0.10000 -5.65000"
2724,0.0000,Tx-Rx,0,-82.7626,"-0.15000 1.10000 4.90000, 2.95000 0.10000 -5.65000"
2725,0.0000,Tx-Rx,0,-77.6971,"-0.15000 1.10000 4.90000, 2.65000 0.10000 -5.65000"
2726,0.0000,Tx-Rx,0,-75.5535,"-0.15000 1.10000 4.90000, 2.35000 0.10000 -5.65000"
2727,0.0000,Tx-Rx,0,-78.7728,"-0.15000 1.10000 4.90000, 2.05000 0.10000 -5.65000"
2728,0.0000,Tx-Rx,0,-69.4550,"-0.15000 1.10000 4.90000, 1.75000 0.10000 -5.65000"
2729,0.0000,Tx-Rx,0,-65.8927,"-0.15000 1.10000 4.90000, 1.45000 0.10000 -5.65000"
2730,0.0000,Tx-Rx,0,-72.6853,"-0.15000 1.10000 4.90000, 1.15000 0.10000 -5.65000"
2731,0.0000,Tx-Rx,0,-79.3667,"-0.15000 1.10000 4.90000, 0.85000 0.10000 -5.65000"
2732,0.0000,Tx-Rx,0,-80.6160,"-0.15000 1.10000 4.90000, 0.55000 0.10000 -5.65000"
2733,0.0000,Tx-Rx,0,-70.4317,"-0.15000 1.10000 4.90000, 0.25000 0.10000 -5.65000"
2734,0.0000,Tx-Rx,0,-68.6340,"-0.15000 1.10000 4.90000, -0.05000 0.10000 -5.65000"
2735,0.0000,Tx-Rx,0,-79.4421,"-0.15000 1.10000 4.90000, -0.35000 0.10000 -5.65000"
2736,0.0000,Tx-Rx,0,-75.7631,"-0.15000 1.10000 4.90000, -0.65000 0.10000 -5.65000"
2737,0.0000,Tx-Rx,0,-74.0371,"-0.15000 1.10000 4.90000, -0.95000 0.10000 -5.65000"
2738,0.0000,Tx-Rx,0,-74.9543,"-0.15000 1.10000 4.90000, -1.25000 0.10000 -5.65000"
2739,0.0000,Tx-Rx,0,-77.0372,"-0.15000 1.10000 4.90000, -1.55000 0.10000 -5.65000"
2740,0.0000,Tx-Rx,0,-75.7611,"-0.15000 1.10000 4.90000, -1.85000 0.10000 -5.65000"
2741,0.0000,Tx-Rx,0,-70.6824,"-0.15000 1.10000 4.90000, -2.15000 0.10000 -5.65000"
2742,0.0000,Tx-Rx,0,-59.7553,"-0.15000 1.10000 4.90000, -2.45000 0.10000 -5.65000"
2743,0.0000,Tx-Rx,0,-57.3847,"-0.15000 1.10000 4.90000, -2.75000 0.10000 -5.65000"
2744,0.0000,Tx-Rx,0,-57.1888,"-0.15000 1.10000 4.90000, -3.05000 0.10000 -5.65000"
2745,0.0000,Tx-Rx,0,-57.5980,"-0.15000 1.10000 4.90000, -3.35000 0.10000 -5.65000"
2746,0.0000,Tx-Rx,0,-66.6218,"-0.15000 1.10000 4.90000, -3.65000 0.10000 -5.65000"
2747,0.0000,Tx-Rx,0,-73.8144,"-0.15000 1.10000 4.90000, -3.95000 0.10000 -5.65000"
2748,0.0000,Tx-Rx,0,-82.0900,"-0.15000 1.10000 4.90000, -4.25000 0.10000 -5.65000"
2749,0.0000,Tx-Rx,0,-88.6459,"-0.15000 1.10000 4.90000, -4.55000 0.10000 -5.65000"
2750,0.0000,Tx-Rx,0,-96.9209,"-0.15000 1.10000 4.90000, -4.85000 0.10000 -5.65000"
2751,0.0000,Tx-Rx,0,-91.5511,"-0.15000 1.10000 4.90000, -5.15000 0.10000 -5.65000"
2752,0.0000,Tx-Rx,0,-89.6050,"-0.15000 1.10000 4.90000, -5.45000 0.10000 -5.65000"
2753,0.0000,Tx-Rx,0,-91.3543,"-0.15000 1.10000 4.90000, -5.75000 0.10000 -5.65000"
2754,0.0000,Tx-Rx,0,-99.7076,"-0.15000 1.10000 4.90000, -6.05000 0.10000 -5.65000"
2755,0.0000,Tx-Rx,0,-93.1562,"-0.15000 1.10000 4.90000, -6.35000 0.10000 -5.65000"
2756,0.0000,Tx-Rx,0,-82.7428,"-0.15000 1.10000 4.90000, -6.65000 0.10000 -5.65000"
2757,0.0000,Tx-Rx,0,-82.5159,"-0.15000 1.10000 4.90000, -6.95000 0.10000 -5.65000"
2758,0.0000,Tx-Rx,0,-81.9119,"-0.15000 1.10000 4.90000, -7.25000 0.10000 -5.65000"
2759,0.0000,Tx-Rx,0,-83.6131,"-0.15000 1.10000 4.90000, -7.55000 0.10000 -5.65000"
2760,0.0000,Tx-Rx,0,-102.1082,"-0.15000 1.10000 4.90000, -7.85000 0.10000 -5.65000"
2761,0.0000,Tx-Rx,0,-105.7734,"-0.15000 1.10000 4.90000, 9.85000 0.10000 -5.95000"
2762,0.0000,Tx-Rx,0,-103.2346,"-0.15000 1.10000 4.90000, 9.55000 0.10000 -5.95000"
2763,0.0000,Tx-Rx,0,-105.0820,"-0.15000 1.10000 4.90000, 9.25000 0.10000 -5.95000"
2764,0.0000,Tx-Rx,0,-104.9493,"-0.15000 1.10000 4.90000, 8.95000 0.10000 -5.95000"
2765,0.0000,Tx-Rx,0,-104.4939,"-0.15000 1.10000 4.90000, 8.65000 0.10000 -5.95000"
2766,0.0000,Tx-Rx,0,-104.8225,"-0.15000 1.10000 4.90000, 8.35000 0.10000 -5.95000"
2767,0.0000,Tx-Rx,0,-83.1389,"-0.15000 1.10000 4.90000, 8.05000 0.10000 -5.95000"
2768,0.0000,Tx-Rx,0,-78.5352,"-0.15000 1.10000 4.90000, 7.75000 0.10000 -5.95000"
2769,0.0000,Tx-Rx,0,-78.6324,"-0.15000 1.10000 4.90000, 7.45000 0.10000 -5.95000"
2770,0.0000,Tx-Rx,0,-78.5693,"-0.15000 1.10000 4.90000, 7.15000 0.10000 -5.95000"
2771,0.0000,Tx-Rx,0,-78.5858,"-0.15000 1.10000 4.90000, 6.85000 0.10000 -5.95000"
2772,0.0000,Tx-Rx,0,-78.4526,"-0.15000 1.10000 4.90000, 6.55000 0.10000 -5.95000"
2773,0.0000,Tx-Rx,0,-78.2809,"-0.15000 1.10000 4.90000, 6.25000 0.10000 -5.95000"
2774,0.0000,Tx-Rx,0,-77.8601,"-0.15000 1.10000 4.90000, 5.95000 0.10000 -5.95000"
2775,0.0000,Tx-Rx,0,-77.9443,"-0.15000 1.10000 4.90000, 5.65000 0.10000 -5.95000"
2776,0.0000,Tx-Rx,0,-77.7985,"-0.15000 1.10000 4.90000, 5.35000 0.10000 -5.95000"
2777,0.0000,Tx-Rx,0,-78.6999,"-0.15000 1.10000 4.90000, 5.05000 0.10000 -5.95000"
2778,0.0000,Tx-Rx,0,-78.2813,"-0.15000 1.10000 4.90000, 4.75000 0.10000 -5.95000"
2779,0.0000,Tx-Rx,0,-78.7367,"-0.15000 1.10000 4.90000, 4.45000 0.10000 -5.95000"
2780,0.0000,Tx-Rx,0,-80.5094,"-0.15000 1.10000 4.90000, 4.15000 0.10000 -5.95000"
2781,0.0000,Tx-Rx,0,-82.7130,"-0.15000 1.10000 4.90000, 3.85000 0.10000 -5.95000"
2782,0.0000,Tx-Rx,0,-83.4781,"-0.15000 1.10000 4.90000, 3.55000 0.10000 -5.95000"
2783,0.0000,Tx-Rx,0,-84.1237,"-0.15000 1.10000 4.90000, 3.25000 0.10000 -5.95000"
2784,0.0000,Tx-Rx,0,-83.7168,"-0.15000 1.10000 4.90000, 2.95000 0.10000 -5.95000"
2785,0.0000,Tx-Rx,0,-79.9955,"-0.15000 1.10000 4.90000, 2.65000 0.10000 -5.95000"
2786,0.0000,Tx-Rx,0,-75.6617,"-0.15000 1.10000 4.90000, 2.35000 0.10000 -5.95000"
2787,0.0000,Tx-Rx,0,-76.4115,"-0.15000 1.10000 4.90000, 2.05000 0.10000 -5.95000"
2788,0.0000,Tx-Rx,0,-66.9392,"-0.15000 1.10000 4.90000, 1.75000 0.10000 -5.95000"
2789,0.0000,Tx-Rx,0,-66.4586,"-0.15000 1.10000 4.90000, 1.45000 0.10000 -5.95000"
2790,0.0000,Tx-Rx,0,-79.6287,"-0.15000 1.10000 4.90000, 1.15000 0.10000 -5.95000"
2791,0.0000,Tx-Rx,0,-79.2811,"-0.15000 1.10000 4.90000, 0.85000 0.10000 -5.95000"
2792,0.0000,Tx-Rx,0,-81.9304,"-0.15000 1.10000 4.90000, 0.55000 0.10000 -5.95000"
2793,0.0000,Tx-Rx,0,-70.2122,"-0.15000 1.10000 4.90000, 0.25000 0.10000 -5.95000"
2794,0.0000,Tx-Rx,0,-68.9840,"-0.15000 1.10000 4.90000, -0.05000 0.10000 -5.95000"
2795,0.0000,Tx-Rx,0,-75.4615,"-0.15000 1.10000 4.90000, -0.35000 0.10000 -5.95000"
2796,0.0000,Tx-Rx,0,-74.1019,"-0.15000 1.10000 4.90000, -0.65000 0.10000 -5.95000"
2797,0.0000,Tx-Rx,0,-75.5389,"-0.15000 1.10000 4.90000, -0.95000 0.10000 -5.95000"
2798,0.0000,Tx-Rx,0,-80.2433,"-0.15000 1.10000 4.90000, -1.25000 0.10000 -5.95000"
2799,0.0000,Tx-Rx,0,-79.8596,"-0.15000 1.10000 4.90000, -1.55000 0.10000 -5.95000"
2800,0.0000,Tx-Rx,0,-75.0562,"-0.15000 1.10000 4.90000, -1.85000 0.10000 -5.95000"
2801,0.0000,Tx-Rx,0,-70.6033,"-0.15000 1.10000 4.90000, -2.15000 0.10000 -5.95000"
2802,0.0000,Tx-Rx,0,-61.0076,"-0.15000 1.10000 4.90000, -2.45000 0.10000 -5.95000"
2803,0.0000,Tx-Rx,0,-57.1530,"-0.15000 1.10000 4.90000, -2.75000 0.10000 -5.95000"
2804,0.0000,Tx-Rx,0,-56.9673,"-0.15000 1.10000 4.90000, -3.05000 0.10000 -5.95000"
2805,0.0000,Tx-Rx,0,-58.6368,"-0.15000 1.10000 4.90000, -3.35000 0.10000 -5.95000"
2806,0.0000,Tx-Rx,0,-62.3936,"-0.15000 1.10000 4.90000, -3.65000 0.10000 -5.95000"
2807,0.0000,Tx-Rx,0,-73.8184,"-0.15000 1.10000 4.90000, -3.95000 0.10000 -5.95000"
2808,0.0000,Tx-Rx,0,-84.6420,"-0.15000 1.10000 4.90000, -4.25000 0.10000 -5.95000"
2809,0.0000,Tx-Rx,0,-89.0770,"-0.15000 1.10000 4.90000, -4.55000 0.10000 -5.95000"
2810,0.0000,Tx-Rx,0,-94.3906,"-0.15000 1.10000 4.90000, -4.85000 0.10000 -5.95000"
2811,0.0000,Tx-Rx,0,-95.9149,"-0.15000 1.10000 4.90000, -5.15000 0.10000 -5.95000"
2812,0.0000,Tx-Rx,0,-96.3041,"-0.15000 1.10000 4.90000, -5.45000 0.10000 -5.95000"
2813,0.0000,Tx-Rx,0,-96.5092,"-0.15000 1.10000 4.90000, -5.75000 0.10000 -5.95000"
2814,0.0000,Tx-Rx,0,-100.7489,"-0.15000 1.10000 4.90000, -6.05000 0.10000 -5.95000"
2815,0.0000,Tx-Rx,0,-99.3693,"-0.15000 1.10000 4.90000, -6.35000 0.10000 -5.95000"
2816,0.0000,Tx-Rx,0,-84.2751,"-0.15000 1.10000 4.90000, -6.65000 0.10000 -5.95000"
2817,0.0000,Tx-Rx,0,-81.9807,"-0.15000 1.10000 4.90000, -6.95000 0.10000 -5.95000"
2818,0.0000,Tx-Rx,0,-83.7527,"-0.15000 1.10000 4.90000, -7.25000 0.10000 -5.95000"
2819,0.0000,Tx-Rx,0,-82.5017,"-0.15000 1.10000 4.90000, -7.55000 0.10000 -5.95000"
2820,0.0000,Tx-Rx,0,-95.3843,"-0.15000 1.10000 4.90000, -7.85000 0.10000 -5.95000"
2821,0.0000,Tx-Rx,0,-109.3760,"-0.15000 1.10000 4.90000, 9.85000 0.10000 -6.25000"
2822,0.0000,Tx-Rx,0,-105.6549,"-0.15000 1.10000 4.90000, 9.55000 0.10000 -6.25000"
2823,0.0000,Tx-Rx,0,-108.2488,"-0.15000 1.10000 4.90000, 9.25000 0.10000 -6.25000"
2824,0.0000,Tx-Rx,0,-102.7164,"-0.15000 1.10000 4.90000, 8.95000 0.10000 -6.25000"
2825,0.0000,Tx-Rx,0,-102.6208,"-0.15000 1.10000 4.90000, 8.65000 0.10000 -6.25000"
2826,0.0000,Tx-Rx,0,-103.8126,"-0.15000 1.10000 4.90000, 8.35000 0.10000 -6.25000"
2827,0.0000,Tx-Rx,0,-83.0475,"-0.15000 1.10000 4.90000, 8.05000 0.10000 -6.25000"
2828,0.0000,Tx-Rx,0,-78.4413,"-0.15000 1.10000 4.90000, 7.75000 0.10000 -6.25000"
2829,0.0000,Tx-Rx,0,-78.4871,"-0.15000 1.10000 4.90000, 7.45000 0.10000 -6.25000"
2830,0.0000,Tx-Rx,0,-78.3545,"-0.15000 1.10000 4.90000, 7.15000 0.10000 -6.25000"
2831,0.0000,Tx-Rx,0,-78.2150,"-0.15000 1.10000 4.90000, 6.85000 0.10000 -6.25000"
2832,0.0000,Tx-Rx,0,-78.1970,"-0.15000 1.10000 4.90000, 6.55000 0.10000 -6.25000"
2833,0.0000,Tx-Rx,0,-78.0834,"-0.15000 1.10000 4.90000, 6.25000 0.10000 -6.25000"
2834,0.0000,Tx-Rx,0,-77.8980,"-0.15000 1.10000 4.90000, 5.95000 0.10000 -6.25000"
2835,0.0000,Tx-Rx,0,-77.4756,"-0.15000 1.10000 4.90000, 5.65000 0.10000 -6.25000"
2836,0.0000,Tx-Rx,0,-78.9545,"-0.15000 1.10000 4.90000, 5.35000 0.10000 -6.25000"
2837,0.0000,Tx-Rx,0,-78.7647,"-0.15000 1.10000 4.90000, 5.05000 0.10000 -6.25000"
2838,0.0000,Tx-Rx,0,-80.5985,"-0.15000 1.10000 4.90000, 4.75000 0.10000 -6.25000"
2839,0.0000,Tx-Rx,0,-82.9854,"-0.15000 1.10000 4.90000, 4.45000 0.10000 -6.25000"
2840,0.0000,Tx-Rx,0,-82.6556,"-0.15000 1.10000 4.90000, 4.15000 0.10000 -6.25000"
2841,0.0000,Tx-Rx,0,-82.7062,"-0.15000 1.10000 4.90000, 3.85000 0.10000 -6.25000"
2842,0.0000,Tx-Rx,0,-83.2216,"-0.15000 1.10000 4.90000, 3.55000 0.10000 -6.25000"
2843,0.0000,Tx-Rx,0,-83.2108,"-0.15000 1.10000 4.90000, 3.25000 0.10000 -6.25000"
2844,0.0000,Tx-Rx,0,-83.6883,"-0.15000 1.10000 4.90000, 2.95000 0.10000 -6.25000"
2845,0.0000,Tx-Rx,0,-82.6981,"-0.15000 1.10000 4.90000, 2.65000 0.10000 -6.25000"
2846,0.0000,Tx-Rx,0,-76.3119,"-0.15000 1.10000 4.90000, 2.35000 0.10000 -6.25000"
2847,0.0000,Tx-Rx,0,-72.1187,"-0.15000 1.10000 4.90000, 2.05000 0.10000 -6.25000"
2848,0.0000,Tx-Rx,0,-65.9236,"-0.15000 1.10000 4.90000, 1.75000 0.10000 -6.25000"
2849,0.0000,Tx-Rx,0,-68.2896,"-0.15000 1.10000 4.90000, 1.45000 0.10000 -6.25000"
2850,0.0000,Tx-Rx,0,-81.3255,"-0.15000 1.10000 4.90000, 1.15000 0.10000 -6.25000"
2851,0.0000,Tx-Rx,0,-80.2548,"-0.15000 1.10000 4.90000, 0.85000 0.10000 -6.25000"
2852,0.0000,Tx-Rx,0,-83.6201,"-0.15000 1.10000 4.90000, 0.55000 0.10000 -6.25000"
2853,0.0000,Tx-Rx,0,-69.3336,"-0.15000 1.10000 4.90000, 0.25000 0.10000 -6.25000"
2854,0.0000,Tx-Rx,0,-68.9622,"-0.15000 1.10000 4.90000, -0.05000 0.10000 -6.25000"
2855,0.0000,Tx-Rx,0,-74.5707,"-0.15000 1.10000 4.90000, -0.35000 0.10000 -6.25000"
2856,0.0000,Tx-Rx,0,-74.8122,"-0.15000 1.10000 4.90000, -0.65000 0.10000 -6.25000"
2857,0.0000,Tx-Rx,0,-79.4309,"-0.15000 1.10000 4.90000, -0.95000 0.10000 -6.25000"
2858,0.0000,Tx-Rx,0,-81.1128,"-0.15000 1.10000 4.90000, -1.25000 0.10000 -6.25000"
2859,0.0000,Tx-Rx,0,-81.2587,"-0.15000 1.10000 4.90000, -1.55000 0.10000 -6.25000"
2860,0.0000,Tx-Rx,0,-75.5887,"-0.15000 1.10000 4.90000, -1.85000 0.10000 -6.25000"
2861,0.0000,Tx-Rx,0,-70.8961,"-0.15000 1.10000 4.90000, -2.15000 0.10000 -6.25000"
2862,0.0000,Tx-Rx,0,-64.6844,"-0.15000 1.10000 4.90000, -2.45000 0.10000 -6.25000"
2863,0.0000,Tx-Rx,0,-60.6678,"-0.15000 1.10000 4.90000, -2.75000 0.10000 -6.25000"
2864,0.0000,Tx-Rx,0,-60.9204,"-0.15000 1.10000 4.90000, -3.05000 0.10000 -6.25000"
2865,0.0000,Tx-Rx,0,-60.2990,"-0.15000 1.10000 4.90000, -3.35000 0.10000 -6.25000"
2866,0.0000,Tx-Rx,0,-60.8398,"-0.15000 1.10000 4.90000, -3.65000 0.10000 -6.25000"
2867,0.0000,Tx-Rx,0,-74.2472,"-0.15000 1.10000 4.90000, -3.95000 0.10000 -6.25000"
2868,0.0000,Tx-Rx,0,-80.3199,"-0.15000 1.10000 4.90000, -4.25000 0.10000 -6.25000"
2869,0.0000,Tx-Rx,0,-90.0768,"-0.15000 1.10000 4.90000, -4.55000 0.10000 -6.25000"
2870,0.0000,Tx-Rx,0,-97.2899,"-0.15000 1.10000 4.90000, -4.85000 0.10000 -6.25000"
2871,0.0000,Tx-Rx,0,-95.6642,"-0.15000 1.10000 4.90000, -5.15000 0.10000 -6.25000"
2872,0.0000,Tx-Rx,0,-96.7188,"-0.15000 1.10000 4.90000, -5.45000 0.10000 -6.25000"
2873,0.0000,Tx-Rx,0,-97.2147,"-0.15000 1.10000 4.90000, -5.75000 0.10000 -6.25000"
2874,0.0000,Tx-Rx,0,-96.9848,"-0.15000 1.10000 4.90000, -6.05000 0.10000 -6.25000"
2875,0.0000,Tx-Rx,0,-97.3756,"-0.15000 1.10000 4.90000, -6.35000 0.10000 -6.25000"
2876,0.0000,Tx-Rx,0,-96.4256,"-0.15000 1.10000 4.90000, -6.65000 0.10000 -6.25000"
2877,0.0000,Tx-Rx,0,-84.9919,"-0.15000 1.10000 4.90000, -6.95000 0.10000 -6.25000"
2878,0.0000,Tx-Rx,0,-80.7921,"-0.15000 1.10000 4.90000, -7.25000 0.10000 -6.25000"
2879,0.0000,Tx-Rx,0,-88.5968,"-0.15000 1.10000 4.90000, -7.55000 0.10000 -6.25000"
2880,0.0000,Tx-Rx,0,-94.0714,"-0.15000 1.10000 4.90000, -7.85000 0.10000 -6.25000"
2881,0.0000,Tx-Rx,0,-105.7669,"-0.15000 1.10000 4.90000, 9.85000 0.10000 -6.55000"
2882,0.0000,Tx-Rx,0,-104.6758,"-0.15000 1.10000 4.90000, 9.55000 0.10000 -6.55000"
2883,0.0000,Tx-Rx,0,-107.4456,"-0.15000 1.10000 4.90000, 9.25000 0.10000 -6.55000"
2884,0.0000,Tx-Rx,0,-105.8712,"-0.15000 1.10000 4.90000, 8.95000 0.10000 -6.55000"
2885,0.0000,Tx-Rx,0,-104.8758,"-0.15000 1.10000 4.90000, 8.65000 0.10000 -6.55000"
2886,0.0000,Tx-Rx,0,-108.1072,"-0.15000 1.10000 4.90000, 8.35000 0.10000 -6.55000"
2887,0.0000,Tx-Rx,0,-82.9737,"-0.15000 1.10000 4.90000, 8.05000 0.10000 -6.55000"
2888,0.0000,Tx-Rx,0,-78.2063,"-0.15000 1.10000 4.90000, 7.75000 0.10000 -6.55000"
2889,0.0000,Tx-Rx,0,-78.0142,"-0.15000 1.10000 4.90000, 7.45000 0.10000 -6.55000"
2890,0.0000,Tx-Rx,0,-77.9154,"-0.15000 1.10000 4.90000, 7.15000 0.10000 -6.55000"
2891,0.0000,Tx-Rx,0,-77.9702,"-0.15000 1.10000 4.90000, 6.85000 0.10000 -6.55000"
2892,0.0000,Tx-Rx,0,-77.7452,"-0.15000 1.10000 4.90000, 6.55000 0.10000 -6.55000"
2893,0.0000,Tx-Rx,0,-77.8206,"-0.15000 1.10000 4.90000, 6.25000 0.10000 -6.55000"
2894,0.0000,Tx-Rx,0,-78.0188,"-0.15000 1.10000 4.90000, 5.95000 0.10000 -6.55000"
2895,0.0000,Tx-Rx,0,-78.6911,"-0.15000 1.10000 4.90000, 5.65000 0.10000 -6.55000"
2896,0.0000,Tx-Rx,0,-80.1492,"-0.15000 1.10000 4.90000, 5.35000 0.10000 -6.55000"
2897,0.0000,Tx-Rx,0,-83.0563,"-0.15000 1.10000 4.90000, 5.05000 0.10000 -6.55000"
2898,0.0000,Tx-Rx,0,-83.5007,"-0.15000 1.10000 4.90000, 4.75000 0.10000 -6.55000"
2899,0.0000,Tx-Rx,0,-81.7018,"-0.15000 1.10000 4.90000, 4.45000 0.10000 -6.55000"
2900,0.0000,Tx-Rx,0,-83.4745,"-0.15000 1.10000 4.90000, 4.15000 0.10000 -6.55000"
2901,0.0000,Tx-Rx,0,-84.0602,"-0.15000 1.10000 4.90000, 3.85000 0.10000 -6.55000"
2902,0.0000,Tx-Rx,0,-84.0987,"-0.15000 1.10000 4.90000, 3.55000 0.10000 -6.55000"
2903,0.0000,Tx-Rx,0,-83.7079,"-0.15000 1.10000 4.90000, 3.25000 0.10000 -6.55000"
2904,0.0000,Tx-Rx,0,-83.7068,"-0.15000 1.10000 4.90000, 2.95000 0.10000 -6.55000"
2905,0.0000,Tx-Rx,0,-84.2429,"-0.15000 1.10000 4.90000, 2.65000 0.10000 -6.55000"
2906,0.0000,Tx-Rx,0,-77.7696,"-0.15000 1.10000 4.90000, 2.35000 0.10000 -6.55000"
2907,0.0000,Tx-Rx,0,-69.0843,"-0.15000 1.10000 4.90000, 2.05000 0.10000 -6.55000"
2908,0.0000,Tx-Rx,0,-66.3656,"-0.15000 1.10000 4.90000, 1.75000 0.10000 -6.55000"
2909,0.0000,Tx-Rx,0,-71.8675,"-0.15000 1.10000 4.90000, 1.45000 0.10000 -6.55000"
2910,0.0000,Tx-Rx,0,-80.2320,"-0.15000 1.10000 4.90000, 1.15000 0.10000 -6.55000"
2911,0.0000,Tx-Rx,0,-80.4419,"-0.15000 1.10000 4.90000, 0.85000 0.10000 -6.55000"
2912,0.0000,Tx-Rx,0,-84.1068,"-0.15000 1.10000 4.90000, 0.55000 0.10000 -6.55000"
2913,0.0000,Tx-Rx,0,-69.3443,"-0.15000 1.10000 4.90000, 0.25000 0.10000 -6.55000"
2914,0.0000,Tx-Rx,0,-68.9993,"-0.15000 1.10000 4.90000, -0.05000 0.10000 -6.55000"
2915,0.0000,Tx-Rx,0,-75.5261,"-0.15000 1.10000 4.90000, -0.35000 0.10000 -6.55000"
2916,0.0000,Tx-Rx,0,-80.4482,"-0.15000 1.10000 4.90000, -0.65000 0.10000 -6.55000"
2917,0.0000,Tx-Rx,0,-82.0031,"-0.15000 1.10000 4.90000, -0.95000 0.10000 -6.55000"
2918,0.0000,Tx-Rx,0,-81.9976,"-0.15000 1.10000 4.90000, -1.25000 0.10000 -6.55000"
2919,0.0000,Tx-Rx,0,-81.1926,"-0.15000 1.10000 4.90000, -1.55000 0.10000 -6.55000"
2920,0.0000,Tx-Rx,0,-75.1516,"-0.15000 1.10000 4.90000, -1.85000 0.10000 -6.55000"
2921,0.0000,Tx-Rx,0,-70.9959,"-0.15000 1.10000 4.90000, -2.15000 0.10000 -6.55000"
2922,0.0000,Tx-Rx,0,-75.4018,"-0.15000 1.10000 4.90000, -2.45000 0.10000 -6.55000"
2923,0.0000,Tx-Rx,0,-120.0000,"-0.15000 1.10000 4.90000, -2.75000 0.10000 -6.55000"
2924,0.0000,Tx-Rx,0,-120.0000,"-0.15000 1.10000 4.90000, -3.05000 0.10000 -6.55000"
2925,0.0000,Tx-Rx,0,-62.9779,"-0.15000 1.10000 4.90000, -3.35000 0.10000 -6.55000"
2926,0.0000,Tx-Rx,0,-68.1238,"-0.15000 1.10000 4.90000, -3.65000 0.10000 -6.55000"
2927,0.0000,Tx-Rx,0,-76.2761,"-0.15000 1.10000 4.90000, -3.95000 0.10000 -6.55000"
2928,0.0000,Tx-Rx,0,-82.7570,"-0.15000 1.10000 4.90000, -4.25000 0.10000 -6.55000"
2929,0.0000,Tx-Rx,0,-94.7225,"-0.15000 1.10000 4.90000, -4.55000 0.10000 -6.55000"
2930,0.0000,Tx-Rx,0,-109.8275,"-0.15000 1.10000 4.90000, -4.85000 0.10000 -6.55000"
2931,0.0000,Tx-Rx,0,-107.8176,"-0.15000 1.10000 4.90000, -5.15000 0.10000 -6.55000"
2932,0.0000,Tx-Rx,0,-100.4820,"-0.15000 1.10000 4.90000, -5.45000 0.10000 -6.55000"
2933,0.0000,Tx-Rx,0,-110.9145,"-0.15000 1.10000 4.90000, -5.75000 0.10000 -6.55000"
2934,0.0000,Tx-Rx,0,-109.7564,"-0.15000 1.10000 4.90000, -6.05000 0.10000 -6.55000"
2935,0.0000,Tx-Rx,0,-105.1225,"-0.15000 1.10000 4.90000, -6.35000 0.10000 -6.55000"
2936,0.0000,Tx-Rx,0,-105.7203,"-0.15000 1.10000 4.90000, -6.65000 0.10000 -6.55000"
2937,0.0000,Tx-Rx,0,-95.0503,"-0.15000 1.10000 4.90000, -6.95000 0.10000 -6.55000"
2938,0.0000,Tx-Rx,0,-89.2272,"-0.15000 1.10000 4.90000, -7.25000 0.10000 -6.55000"
2939,0.0000,Tx-Rx,0,-90.9139,"-0.15000 1.10000 4.90000, -7.55000 0.10000 -6.55000"
2940,0.0000,Tx-Rx,0,-91.6036,"-0.15000 1.10000 4.90000, -7.85000 0.10000 -6.55000"
2941,0.0000,Tx-Rx,0,-104.7382,"-0.15000 1.10000 4.90000, 9.85000 0.10000 -6.85000"
2942,0.0000,Tx-Rx,0,-104.9108,"-0.15000 1.10000 4.90000, 9.55000 0.10000 -6.85000"
2943,0.0000,Tx-Rx,0,-105.3185,"-0.15000 1.10000 4.90000, 9.25000 0.10000 -6.85000"
2944,0.0000,Tx-Rx,0,-105.4094,"-0.15000 1.10000 4.90000, 8.95000 0.10000 -6.85000"
2945,0.0000,Tx-Rx,0,-106.4320,"-0.15000 1.10000 4.90000, 8.65000 0.10000 -6.85000"
2946,0.0000,Tx-Rx,0,-109.1752,"-0.15000 1.10000 4.90000, 8.35000 0.10000 -6.85000"
2947,0.0000,Tx-Rx,0,-81.9625,"-0.15000 1.10000 4.90000, 8.05000 0.10000 -6.85000"
2948,0.0000,Tx-Rx,0,-77.2412,"-0.15000 1.10000 4.90000, 7.75000 0.10000 -6.85000"
2949,0.0000,Tx-Rx,0,-77.2238,"-0.15000 1.10000 4.90000, 7.45000 0.10000 -6.85000"
2950,0.0000,Tx-Rx,0,-77.0514,"-0.15000 1.10000 4.90000, 7.15000 0.10000 -6.85000"
2951,0.0000,Tx-Rx,0,-76.9890,"-0.15000 1.10000 4.90000, 6.85000 0.10000 -6.85000"
2952,0.0000,Tx-Rx,0,-77.1868,"-0.15000 1.10000 4.90000, 6.55000 0.10000 -6.85000"
2953,0.0000,Tx-Rx,0,-77.6864,"-0.15000 1.10000 4.90000, 6.25000 0.10000 -6.85000"
2954,0.0000,Tx-Rx,0,-79.9948,"-0.15000 1.10000 4.90000, 5.95000 0.10000 -6.85000"
2955,0.0000,Tx-Rx,0,-83.6846,"-0.15000 1.10000 4.90000, 5.65000 0.10000 -6.85000"
2956,0.0000,Tx-Rx,0,-83.5655,"-0.15000 1.10000 4.90000, 5.35000 0.10000 -6.85000"
2957,0.0000,Tx-Rx,0,-83.0592,"-0.15000 1.10000 4.90000, 5.05000 0.10000 -6.85000"
2958,0.0000,Tx-Rx,0,-82.3741,"-0.15000 1.10000 4.90000, 4.75000 0.10000 -6.85000"
2959,0.0000,Tx-Rx,0,-83.1681,"-0.15000 1.10000 4.90000, 4.45000 0.10000 -6.85000"
2960,0.0000,Tx-Rx,0,-84.0307,"-0.15000 1.10000 4.90000, 4.15000 0.10000 -6.85000"
2961,0.0000,Tx-Rx,0,-83.3218,"-0.15000 1.10000 4.90000, 3.85000 0.10000 -6.85000"
2962,0.0000,Tx-Rx,0,-82.9264,"-0.15000 1.10000 4.90000, 3.55000 0.10000 -6.85000"
2963,0.0000,Tx-Rx,0,-83.8389,"-0.15000 1.10000 4.90000, 3.25000 0.10000 -6.85000"
2964,0.0000,Tx-Rx,0,-84.0305,"-0.15000 1.10000 4.90000, 2.95000 0.10000 -6.85000"
2965,0.0000,Tx-Rx,0,-84.1442,"-0.15000 1.10000 4.90000, 2.65000 0.10000 -6.85000"
2966,0.0000,Tx-Rx,0,-77.5008,"-0.15000 1.10000 4.90000, 2.35000 0.10000 -6.85000"
2967,0.0000,Tx-Rx,0,-67.5058,"-0.15000 1.10000 4.90000, 2.05000 0.10000 -6.85000"
2968,0.0000,Tx-Rx,0,-67.4347,"-0.15000 1.10000 4.90000, 1.75000 0.10000 -6.85000"
2969,0.0000,Tx-Rx,0,-80.4965,"-0.15000 1.10000 4.90000, 1.45000 0.10000 -6.85000"
2970,0.0000,Tx-Rx,0,-80.6952,"-0.15000 1.10000 4.90000, 1.15000 0.10000 -6.85000"
2971,0.0000,Tx-Rx,0,-80.0399,"-0.15000 1.10000 4.90000, 0.85000 0.10000 -6.85000"
2972,0.0000,Tx-Rx,0,-83.7607,"-0.15000 1.10000 4.90000, 0.55000 0.10000 -6.85000"
2973,0.0000,Tx-Rx,0,-68.9182,"-0.15000 1.10000 4.90000, 0.25000 0.10000 -6.85000"
2974,0.0000,Tx-Rx,0,-69.5186,"-0.15000 1.10000 4.90000, -0.05000 0.10000 -6.85000"
2975,0.0000,Tx-Rx,0,-78.1407,"-0.15000 1.10000 4.90000, -0.35000 0.10000 -6.85000"
2976,0.0000,Tx-Rx,0,-80.8224,"-0.15000 1.10000 4.90000, -0.65000 0.10000 -6.85000"
2977,0.0000,Tx-Rx,0,-81.8428,"-0.15000 1.10000 4.90000, -0.95000 0.10000 -6.85000"
2978,0.0000,Tx-Rx,0,-80.8802,"-0.15000 1.10000 4.90000, -1.25000 0.10000 -6.85000"
2979,0.0000,Tx-Rx,0,-80.5813,"-0.15000 1.10000 4.90000, -1.55000 0.10000 -6.85000"
2980,0.0000,Tx-Rx,0,-74.5968,"-0.15000 1.10000 4.90000, -1.85000 0.10000 -6.85000"
2981,0.0000,Tx-Rx,0,-71.1100,"-0.15000 1.10000 4.90000, -2.15000 0.10000 -6.85000"
2982,0.0000,Tx-Rx,0,-75.5298,"-0.15000 1.10000 4.90000, -2.45000 0.10000 -6.85000"
2983,0.0000,Tx-Rx,0,-120.0000,"-0.15000 1.10000 4.90000, -2.75000 0.10000 -6.85000"
2984,0.0000,Tx-Rx,0,-120.0000,"-0.15000 1.10000 4.90000, -3.05000 0.10000 -6.85000"
2985,0.0000,Tx-Rx,0,-65.2976,"-0.15000 1.10000 4.90000, -3.35000 0.10000 -6.85000"
2986,0.0000,Tx-Rx,0,-69.8060,"-0.15000 1.10000 4.90000, -3.65000 0.10000 -6.85000"
2987,0.0000,Tx-Rx,0,-72.7748,"-0.15000 1.10000 4.90000, -3.95000 0.10000 -6.85000"
2988,0.0000,Tx-Rx,0,-86.8908,"-0.15000 1.10000 4.90000, -4.25000 0.10000 -6.85000"
2989,0.0000,Tx-Rx,0,-88.9802,"-0.15000 1.10000 4.90000, -4.55000 0.10000 -6.85000"
2990,0.0000,Tx-Rx,0,-106.4143,"-0.15000 1.10000 4.90000, -4.85000 0.10000 -6.85000"
2991,0.0000,Tx-Rx,0,-106.0950,"-0.15000 1.10000 4.90000, -5.15000 0.10000 -6.85000"
2992,0.0000,Tx-Rx,0,-112.4938,"-0.15000 1.10000 4.90000, -5.45000 0.10000 -6.85000"
2993,0.0000,Tx-Rx,0,-118.8801,"-0.15000 1.10000 4.90000, -5.75000 0.10000 -6.85000"
2994,0.0000,Tx-Rx,0,-111.3184,"-0.15000 1.10000 4.90000, -6.05000 0.10000 -6.85000"
2995,0.0000,Tx-Rx,0,-113.0201,"-0.15000 1.10000 4.90000, -6.35000 0.10000 -6.85000"
2996,0.0000,Tx-Rx,0,-113.3654,"-0.15000 1.10000 4.90000, -6.65000 0.10000 -6.85000"
2997,0.0000,Tx-Rx,0,-95.5028,"-0.15000 1.10000 4.90000, -6.95000 0.10000 -6.85000"
2998,0.0000,Tx-Rx,0,-93.3377,"-0.15000 1.10000 4.90000, -7.25000 0.10000 -6.85000"
2999,0.0000,Tx-Rx,0,-91.8471,"-0.15000 1.10000 4.90000, -7.55000 0.10000 -6.85000"
3000,0.0000,Tx-Rx,0,-93.7873,"-0.15000 1.10000 4.90000, -7.85000 0.10000 -6.85000"
