Rx_Number,Path_Power_dBm,Interaction_Description,Total_Interactions_for_Path,RSS_dBm,Interaction_Coordinates
1,0.0000,Tx-Rx,0,-120.0000,"-0.15000 1.10000 4.90000, 9.85000 0.10000 7.85000"
2,0.0000,Tx-Rx,0,-120.0000,"-0.15000 1.10000 4.90000, 9.55000 0.10000 7.85000"
3,0.0000,Tx-Rx,0,-120.0000,"-0.15000 1.10000 4.90000, 9.25000 0.10000 7.85000"
4,0.0000,Tx-Rx,0,-120.0000,"-0.15000 1.10000 4.90000, 8.95000 0.10000 7.85000"
5,0.0000,Tx-Rx,0,-120.0000,"-0.15000 1.10000 4.90000, 8.65000 0.10000 7.85000"
6,0.0000,Tx-Rx,0,-120.0000,"-0.15000 1.10000 4.90000, 8.35000 0.10000 7.85000"
7,0.0000,Tx-Rx,0,-115.9436,"-0.15000 1.10000 4.90000, 8.05000 0.10000 7.85000"
8,0.0000,Tx-Rx,0,-112.0057,"-0.15000 1.10000 4.90000, 7.75000 0.10000 7.85000"
9,0.0000,Tx-Rx,0,-95.5765,"-0.15000 1.10000 4.90000, 7.45000 0.10000 7.85000"
10,0.0000,Tx-Rx,0,-94.2440,"-0.15000 1.10000 4.90000, 7.15000 0.10000 7.85000"
11,0.0000,Tx-Rx,0,-89.2430,"-0.15000 1.10000 4.90000, 6.85000 0.10000 7.85000"
12,0.0000,Tx-Rx,0,-84.2909,"-0.15000 1.10000 4.90000, 6.55000 0.10000 7.85000"
13,0.0000,Tx-Rx,0,-81.0095,"-0.15000 1.10000 4.90000, 6.25000 0.10000 7.85000"
14,0.0000,Tx-Rx,0,-76.9644,"-0.15000 1.10000 4.90000, 5.95000 0.10000 7.85000"
15,0.0000,Tx-Rx,0,-75.5719,"-0.15000 1.10000 4.90000, 5.65000 0.10000 7.85000"
16,0.0000,Tx-Rx,0,-75.5515,"-0.15000 1.10000 4.90000, 5.35000 0.10000 7.85000"
17,0.0000,Tx-Rx,0,-75.3580,"-0.15000 1.10000 4.90000, 5.05000 0.10000 7.85000"
18,0.0000,Tx-Rx,0,-74.3454,"-0.15000 1.10000 4.90000, 4.75000 0.10000 7.85000"
19,0.0000,Tx-Rx,0,-74.6905,"-0.15000 1.10000 4.90000, 4.45000 0.10000 7.85000"
20,0.0000,Tx-Rx,0,-74.3756,"-0.15000 1.10000 4.90000, 4.15000 0.10000 7.85000"
21,0.0000,Tx-Rx,0,-74.3440,"-0.15000 1.10000 4.90000, 3.85000 0.10000 7.85000"
22,0.0000,Tx-Rx,0,-74.6818,"-0.15000 1.10000 4.90000, 3.55000 0.10000 7.85000"
23,0.0000,Tx-Rx,0,-74.5421,"-0.15000 1.10000 4.90000, 3.25000 0.10000 7.85000"
24,0.0000,Tx-Rx,0,-74.4587,"-0.15000 1.10000 4.90000, 2.95000 0.10000 7.85000"
25,0.0000,Tx-Rx,0,-74.1899,"-0.15000 1.10000 4.90000, 2.65000 0.10000 7.85000"
26,0.0000,Tx-Rx,0,-74.7810,"-0.15000 1.10000 4.90000, 2.35000 0.10000 7.85000"
27,0.0000,Tx-Rx,0,-80.9994,"-0.15000 1.10000 4.90000, 2.05000 0.10000 7.85000"
28,0.0000,Tx-Rx,0,-82.6401,"-0.15000 1.10000 4.90000, 1.75000 0.10000 7.85000"
29,0.0000,Tx-Rx,0,-84.1195,"-0.15000 1.10000 4.90000, 1.45000 0.10000 7.85000"
30,0.0000,Tx-Rx,0,-81.8201,"-0.15000 1.10000 4.90000, 1.15000 0.10000 7.85000"
31,0.0000,Tx-Rx,0,-84.5993,"-0.15000 1.10000 4.90000, 0.85000 0.10000 7.85000"
32,0.0000,Tx-Rx,0,-79.1922,"-0.15000 1.10000 4.90000, 0.55000 0.10000 7.85000"
33,0.0000,Tx-Rx,0,-78.0001,"-0.15000 1.10000 4.90000, 0.25000 0.10000 7.85000"
34,0.0000,Tx-Rx,0,-54.3699,"-0.15000 1.10000 4.90000, -0.05000 0.10000 7.85000"
35,0.0000,Tx-Rx,0,-52.9720,"-0.15000 1.10000 4.90000, -0.35000 0.10000 7.85000"
36,0.0000,Tx-Rx,0,-53.3848,"-0.15000 1.10000 4.90000, -0.65000 0.10000 7.85000"
37,0.0000,Tx-Rx,0,-53.6342,"-0.15000 1.10000 4.90000, -0.95000 0.10000 7.85000"
38,0.0000,Tx-Rx,0,-54.0848,"-0.15000 1.10000 4.90000, -1.25000 0.10000 7.85000"
39,0.0000,Tx-Rx,0,-55.5744,"-0.15000 1.10000 4.90000, -1.55000 0.10000 7.85000"
40,0.0000,Tx-Rx,0,-54.6222,"-0.15000 1.10000 4.90000, -1.85000 0.10000 7.85000"
41,0.0000,Tx-Rx,0,-58.0185,"-0.15000 1.10000 4.90000, -2.15000 0.10000 7.85000"
42,0.0000,Tx-Rx,0,-58.6332,"-0.15000 1.10000 4.90000, -2.45000 0.10000 7.85000"
43,0.0000,Tx-Rx,0,-72.3919,"-0.15000 1.10000 4.90000, -2.75000 0.10000 7.85000"
44,0.0000,Tx-Rx,0,-81.8901,"-0.15000 1.10000 4.90000, -3.05000 0.10000 7.85000"
45,0.0000,Tx-Rx,0,-80.8976,"-0.15000 1.10000 4.90000, -3.35000 0.10000 7.85000"
46,0.0000,Tx-Rx,0,-80.0120,"-0.15000 1.10000 4.90000, -3.65000 0.10000 7.85000"
47,0.0000,Tx-Rx,0,-80.9230,"-0.15000 1.10000 4.90000, -3.95000 0.10000 7.85000"
48,0.0000,Tx-Rx,0,-81.7093,"-0.15000 1.10000 4.90000, -4.25000 0.10000 7.85000"
49,0.0000,Tx-Rx,0,-78.8177,"-0.15000 1.10000 4.90000, -4.55000 0.10000 7.85000"
50,0.0000,Tx-Rx,0,-77.0370,"-0.15000 1.10000 4.90000, -4.85000 0.10000 7.85000"
51,0.0000,Tx-Rx,0,-78.3617,"-0.15000 1.10000 4.90000, -5.15000 0.10000 7.85000"
52,0.0000,Tx-Rx,0,-74.6496,"-0.15000 1.10000 4.90000, -5.45000 0.10000 7.85000"
53,0.0000,Tx-Rx,0,-67.7255,"-0.15000 1.10000 4.90000, -5.75000 0.10000 7.85000"
54,0.0000,Tx-Rx,0,-67.5174,"-0.15000 1.10000 4.90000, -6.05000 0.10000 7.85000"
55,0.0000,Tx-Rx,0,-67.4281,"-0.15000 1.10000 4.90000, -6.35000 0.10000 7.85000"
56,0.0000,Tx-Rx,0,-67.5359,"-0.15000 1.10000 4.90000, -6.65000 0.10000 7.85000"
57,0.0000,Tx-Rx,0,-67.1124,"-0.15000 1.10000 4.90000, -6.95000 0.10000 7.85000"
58,0.0000,Tx-Rx,0,-66.8842,"-0.15000 1.10000 4.90000, -7.25000 0.10000 7.85000"
59,0.0000,Tx-Rx,0,-66.3183,"-0.15000 1.10000 4.90000, -7.55000 0.10000 7.85000"
60,0.0000,Tx-Rx,0,-63.8842,"-0.15000 1.10000 4.90000, -7.85000 0.10000 7.85000"
61,0.0000,Tx-Rx,0,-120.0000,"-0.15000 1.10000 4.90000, 9.85000 0.10000 7.55000"
62,0.0000,Tx-Rx,0,-120.0000,"-0.15000 1.10000 4.90000, 9.55000 0.10000 7.55000"
63,0.0000,Tx-Rx,0,-102.3146,"-0.15000 1.10000 4.90000, 9.25000 0.10000 7.55000"
64,0.0000,Tx-Rx,0,-102.4183,"-0.15000 1.10000 4.90000, 8.95000 0.10000 7.55000"
65,0.0000,Tx-Rx,0,-120.0000,"-0.15000 1.10000 4.90000, 8.65000 0.10000 7.55000"
66,0.0000,Tx-Rx,0,-120.0000,"-0.15000 1.10000 4.90000, 8.35000 0.10000 7.55000"
67,0.0000,Tx-Rx,0,-120.0000,"-0.15000 1.10000 4.90000, 8.05000 0.10000 7.55000"
68,0.0000,Tx-Rx,0,-97.5864,"-0.15000 1.10000 4.90000, 7.75000 0.10000 7.55000"
69,0.0000,Tx-Rx,0,-90.2431,"-0.15000 1.10000 4.90000, 7.45000 0.10000 7.55000"
70,0.0000,Tx-Rx,0,-87.8076,"-0.15000 1.10000 4.90000, 7.15000 0.10000 7.55000"
71,0.0000,Tx-Rx,0,-89.5496,"-0.15000 1.10000 4.90000, 6.85000 0.10000 7.55000"
72,0.0000,Tx-Rx,0,-85.6728,"-0.15000 1.10000 4.90000, 6.55000 0.10000 7.55000"
73,0.0000,Tx-Rx,0,-81.2115,"-0.15000 1.10000 4.90000, 6.25000 0.10000 7.55000"
74,0.0000,Tx-Rx,0,-76.2992,"-0.15000 1.10000 4.90000, 5.95000 0.10000 7.55000"
75,0.0000,Tx-Rx,0,-75.0159,"-0.15000 1.10000 4.90000, 5.65000 0.10000 7.55000"
76,0.0000,Tx-Rx,0,-75.4302,"-0.15000 1.10000 4.90000, 5.35000 0.10000 7.55000"
77,0.0000,Tx-Rx,0,-75.1612,"-0.15000 1.10000 4.90000, 5.05000 0.10000 7.55000"
78,0.0000,Tx-Rx,0,-74.8311,"-0.15000 1.10000 4.90000, 4.75000 0.10000 7.55000"
79,0.0000,Tx-Rx,0,-74.6012,"-0.15000 1.10000 4.90000, 4.45000 0.10000 7.55000"
80,0.0000,Tx-Rx,0,-74.6066,"-0.15000 1.10000 4.90000, 4.15000 0.10000 7.55000"
81,0.0000,Tx-Rx,0,-74.4797,"-0.15000 1.10000 4.90000, 3.85000 0.10000 7.55000"
82,0.0000,Tx-Rx,0,-74.2438,"-0.15000 1.10000 4.90000, 3.55000 0.10000 7.55000"
83,0.0000,Tx-Rx,0,-74.3149,"-0.15000 1.10000 4.90000, 3.25000 0.10000 7.55000"
84,0.0000,Tx-Rx,0,-74.1382,"-0.15000 1.10000 4.90000, 2.95000 0.10000 7.55000"
85,0.0000,Tx-Rx,0,-73.8572,"-0.15000 1.10000 4.90000, 2.65000 0.10000 7.55000"
86,0.0000,Tx-Rx,0,-73.6171,"-0.15000 1.10000 4.90000, 2.35000 0.10000 7.55000"
87,0.0000,Tx-Rx,0,-80.0084,"-0.15000 1.10000 4.90000, 2.05000 0.10000 7.55000"
88,0.0000,Tx-Rx,0,-81.3624,"-0.15000 1.10000 4.90000, 1.75000 0.10000 7.55000"
89,0.0000,Tx-Rx,0,-82.4637,"-0.15000 1.10000 4.90000, 1.45000 0.10000 7.55000"
90,0.0000,Tx-Rx,0,-82.9769,"-0.15000 1.10000 4.90000, 1.15000 0.10000 7.55000"
91,0.0000,Tx-Rx,0,-83.4734,"-0.15000 1.10000 4.90000, 0.85000 0.10000 7.55000"
92,0.0000,Tx-Rx,0,-78.7435,"-0.15000 1.10000 4.90000, 0.55000 0.10000 7.55000"
93,0.0000,Tx-Rx,0,-77.4757,"-0.15000 1.10000 4.90000, 0.25000 0.10000 7.55000"
94,0.0000,Tx-Rx,0,-53.3113,"-0.15000 1.10000 4.90000, -0.05000 0.10000 7.55000"
95,0.0000,Tx-Rx,0,-51.9081,"-0.15000 1.10000 4.90000, -0.35000 0.10000 7.55000"
96,0.0000,Tx-Rx,0,-52.4132,"-0.15000 1.10000 4.90000, -0.65000 0.10000 7.55000"
97,0.0000,Tx-Rx,0,-52.8461,"-0.15000 1.10000 4.90000, -0.95000 0.10000 7.55000"
98,0.0000,Tx-Rx,0,-53.2641,"-0.15000 1.10000 4.90000, -1.25000 0.10000 7.55000"
99,0.0000,Tx-Rx,0,-53.0634,"-0.15000 1.10000 4.90000, -1.55000 0.10000 7.55000"
100,0.0000,Tx-Rx,0,-57.4130,"-0.15000 1.10000 4.90000, -1.85000 0.10000 7.55000"
101,0.0000,Tx-Rx,0,-58.2281,"-0.15000 1.10000 4.90000, -2.15000 0.10000 7.55000"
102,0.0000,Tx-Rx,0,-58.8080,"-0.15000 1.10000 4.90000, -2.45000 0.10000 7.55000"
103,0.0000,Tx-Rx,0,-70.9483,"-0.15000 1.10000 4.90000, -2.75000 0.10000 7.55000"
104,0.0000,Tx-Rx,0,-71.1343,"-0.15000 1.10000 4.90000, -3.05000 0.10000 7.55000"
105,0.0000,Tx-Rx,0,-70.3402,"-0.15000 1.10000 4.90000, -3.35000 0.10000 7.55000"
106,0.0000,Tx-Rx,0,-72.1362,"-0.15000 1.10000 4.90000, -3.65000 0.10000 7.55000"
107,0.0000,Tx-Rx,0,-75.3554,"-0.15000 1.10000 4.90000, -3.95000 0.10000 7.55000"
108,0.0000,Tx-Rx,0,-77.6868,"-0.15000 1.10000 4.90000, -4.25000 0.10000 7.55000"
109,0.0000,Tx-Rx,0,-76.7795,"-0.15000 1.10000 4.90000, -4.55000 0.10000 7.55000"
110,0.0000,Tx-Rx,0,-76.0781,"-0.15000 1.10000 4.90000, -4.85000 0.10000 7.55000"
111,0.0000,Tx-Rx,0,-76.5566,"-0.15000 1.10000 4.90000, -5.15000 0.10000 7.55000"
112,0.0000,Tx-Rx,0,-74.3440,"-0.15000 1.10000 4.90000, -5.45000 0.10000 7.55000"
113,0.0000,Tx-Rx,0,-68.0186,"-0.15000 1.10000 4.90000, -5.75000 0.10000 7.55000"
114,0.0000,Tx-Rx,0,-67.7475,"-0.15000 1.10000 4.90000, -6.05000 0.10000 7.55000"
115,0.0000,Tx-Rx,0,-67.5906,"-0.15000 1.10000 4.90000, -6.35000 0.10000 7.55000"
116,0.0000,Tx-Rx,0,-67.4350,"-0.15000 1.10000 4.90000, -6.65000 0.10000 7.55000"
117,0.0000,Tx-Rx,0,-67.2776,"-0.15000 1.10000 4.90000, -6.95000 0.10000 7.55000"
118,0.0000,Tx-Rx,0,-66.7891,"-0.15000 1.10000 4.90000, -7.25000 0.10000 7.55000"
119,0.0000,Tx-Rx,0,-63.5438,"-0.15000 1.10000 4.90000, -7.55000 0.10000 7.55000"
120,0.0000,Tx-Rx,0,-61.3553,"-0.15000 1.10000 4.90000, -7.85000 0.10000 7.55000"
121,0.0000,Tx-Rx,0,-113.2001,"-0.15000 1.10000 4.90000, 9.85000 0.10000 7.25000"
122,0.0000,Tx-Rx,0,-120.0000,"-0.15000 1.10000 4.90000, 9.55000 0.10000 7.25000"
123,0.0000,Tx-Rx,0,-120.0000,"-0.15000 1.10000 4.90000, 9.25000 0.10000 7.25000"
124,0.0000,Tx-Rx,0,-120.0000,"-0.15000 1.10000 4.90000, 8.95000 0.10000 7.25000"
125,0.0000,Tx-Rx,0,-120.0000,"-0.15000 1.10000 4.90000, 8.65000 0.10000 7.25000"
126,0.0000,Tx-Rx,0,-99.3011,"-0.15000 1.10000 4.90000, 8.35000 0.10000 7.25000"
127,0.0000,Tx-Rx,0,-87.2812,"-0.15000 1.10000 4.90000, 8.05000 0.10000 7.25000"
128,0.0000,Tx-Rx,0,-84.7216,"-0.15000 1.10000 4.90000, 7.75000 0.10000 7.25000"
129,0.0000,Tx-Rx,0,-83.2720,"-0.15000 1.10000 4.90000, 7.45000 0.10000 7.25000"
130,0.0000,Tx-Rx,0,-81.0558,"-0.15000 1.10000 4.90000, 7.15000 0.10000 7.25000"
131,0.0000,Tx-Rx,0,-78.7075,"-0.15000 1.10000 4.90000, 6.85000 0.10000 7.25000"
132,0.0000,Tx-Rx,0,-79.6662,"-0.15000 1.10000 4.90000, 6.55000 0.10000 7.25000"
133,0.0000,Tx-Rx,0,-77.0758,"-0.15000 1.10000 4.90000, 6.25000 0.10000 7.25000"
134,0.0000,Tx-Rx,0,-76.2998,"-0.15000 1.10000 4.90000, 5.95000 0.10000 7.25000"
135,0.0000,Tx-Rx,0,-75.2058,"-0.15000 1.10000 4.90000, 5.65000 0.10000 7.25000"
136,0.0000,Tx-Rx,0,-74.8775,"-0.15000 1.10000 4.90000, 5.35000 0.10000 7.25000"
137,0.0000,Tx-Rx,0,-74.7223,"-0.15000 1.10000 4.90000, 5.05000 0.10000 7.25000"
138,0.0000,Tx-Rx,0,-75.2663,"-0.15000 1.10000 4.90000, 4.75000 0.10000 7.25000"
139,0.0000,Tx-Rx,0,-74.4634,"-0.15000 1.10000 4.90000, 4.45000 0.10000 7.25000"
140,0.0000,Tx-Rx,0,-74.6225,"-0.15000 1.10000 4.90000, 4.15000 0.10000 7.25000"
141,0.0000,Tx-Rx,0,-74.4328,"-0.15000 1.10000 4.90000, 3.85000 0.10000 7.25000"
142,0.0000,Tx-Rx,0,-73.9843,"-0.15000 1.10000 4.90000, 3.55000 0.10000 7.25000"
143,0.0000,Tx-Rx,0,-74.0900,"-0.15000 1.10000 4.90000, 3.25000 0.10000 7.25000"
144,0.0000,Tx-Rx,0,-73.8100,"-0.15000 1.10000 4.90000, 2.95000 0.10000 7.25000"
145,0.0000,Tx-Rx,0,-73.6287,"-0.15000 1.10000 4.90000, 2.65000 0.10000 7.25000"
146,0.0000,Tx-Rx,0,-73.2078,"-0.15000 1.10000 4.90000, 2.35000 0.10000 7.25000"
147,0.0000,Tx-Rx,0,-79.9259,"-0.15000 1.10000 4.90000, 2.05000 0.10000 7.25000"
148,0.0000,Tx-Rx,0,-81.3209,"-0.15000 1.10000 4.90000, 1.75000 0.10000 7.25000"
149,0.0000,Tx-Rx,0,-82.7647,"-0.15000 1.10000 4.90000, 1.45000 0.10000 7.25000"
150,0.0000,Tx-Rx,0,-81.8347,"-0.15000 1.10000 4.90000, 1.15000 0.10000 7.25000"
151,0.0000,Tx-Rx,0,-82.3746,"-0.15000 1.10000 4.90000, 0.85000 0.10000 7.25000"
152,0.0000,Tx-Rx,0,-77.8944,"-0.15000 1.10000 4.90000, 0.55000 0.10000 7.25000"
153,0.0000,Tx-Rx,0,-77.5766,"-0.15000 1.10000 4.90000, 0.25000 0.10000 7.25000"
154,0.0000,Tx-Rx,0,-52.0641,"-0.15000 1.10000 4.90000, -0.05000 0.10000 7.25000"
155,0.0000,Tx-Rx,0,-50.7792,"-0.15000 1.10000 4.90000, -0.35000 0.10000 7.25000"
156,0.0000,Tx-Rx,0,-51.3267,"-0.15000 1.10000 4.90000, -0.65000 0.10000 7.25000"
157,0.0000,Tx-Rx,0,-51.9271,"-0.15000 1.10000 4.90000, -0.95000 0.10000 7.25000"
158,0.0000,Tx-Rx,0,-51.2799,"-0.15000 1.10000 4.90000, -1.25000 0.10000 7.25000"
159,0.0000,Tx-Rx,0,-54.2715,"-0.15000 1.10000 4.90000, -1.55000 0.10000 7.25000"
160,0.0000,Tx-Rx,0,-59.5563,"-0.15000 1.10000 4.90000, -1.85000 0.10000 7.25000"
161,0.0000,Tx-Rx,0,-59.1181,"-0.15000 1.10000 4.90000, -2.15000 0.10000 7.25000"
162,0.0000,Tx-Rx,0,-57.0154,"-0.15000 1.10000 4.90000, -2.45000 0.10000 7.25000"
163,0.0000,Tx-Rx,0,-69.8849,"-0.15000 1.10000 4.90000, -2.75000 0.10000 7.25000"
164,0.0000,Tx-Rx,0,-71.5234,"-0.15000 1.10000 4.90000, -3.05000 0.10000 7.25000"
165,0.0000,Tx-Rx,0,-71.1466,"-0.15000 1.10000 4.90000, -3.35000 0.10000 7.25000"
166,0.0000,Tx-Rx,0,-73.5367,"-0.15000 1.10000 4.90000, -3.65000 0.10000 7.25000"
167,0.0000,Tx-Rx,0,-71.5657,"-0.15000 1.10000 4.90000, -3.95000 0.10000 7.25000"
168,0.0000,Tx-Rx,0,-75.2054,"-0.15000 1.10000 4.90000, -4.25000 0.10000 7.25000"
169,0.0000,Tx-Rx,0,-77.3552,"-0.15000 1.10000 4.90000, -4.55000 0.10000 7.25000"
170,0.0000,Tx-Rx,0,-78.1163,"-0.15000 1.10000 4.90000, -4.85000 0.10000 7.25000"
171,0.0000,Tx-Rx,0,-77.0555,"-0.15000 1.10000 4.90000, -5.15000 0.10000 7.25000"
172,0.0000,Tx-Rx,0,-74.6782,"-0.15000 1.10000 4.90000, -5.45000 0.10000 7.25000"
173,0.0000,Tx-Rx,0,-67.7442,"-0.15000 1.10000 4.90000, -5.75000 0.10000 7.25000"
174,0.0000,Tx-Rx,0,-67.5857,"-0.15000 1.10000 4.90000, -6.05000 0.10000 7.25000"
175,0.0000,Tx-Rx,0,-67.4691,"-0.15000 1.10000 4.90000, -6.35000 0.10000 7.25000"
176,0.0000,Tx-Rx,0,-67.3841,"-0.15000 1.10000 4.90000, -6.65000 0.10000 7.25000"
177,0.0000,Tx-Rx,0,-67.0809,"-0.15000 1.10000 4.90000, -6.95000 0.10000 7.25000"
178,0.0000,Tx-Rx,0,-63.2226,"-0.15000 1.10000 4.90000, -7.25000 0.10000 7.25000"
179,0.0000,Tx-Rx,0,-60.9719,"-0.15000 1.10000 4.90000, -7.55000 0.10000 7.25000"
180,0.0000,Tx-Rx,0,-60.9070,"-0.15000 1.10000 4.90000, -7.85000 0.10000 7.25000"
181,0.0000,Tx-Rx,0,-120.0000,"-0.15000 1.10000 4.90000, 9.85000 0.10000 6.95000"
182,0.0000,Tx-Rx,0,-119.8639,"-0.15000 1.10000 4.90000, 9.55000 0.10000 6.95000"
183,0.0000,Tx-Rx,0,-120.0000,"-0.15000 1.10000 4.90000, 9.25000 0.10000 6.95000"
184,0.0000,Tx-Rx,0,-120.0000,"-0.15000 1.10000 4.90000, 8.95000 0.10000 6.95000"
185,0.0000,Tx-Rx,0,-101.5584,"-0.15000 1.10000 4.90000, 8.65000 0.10000 6.95000"
186,0.0000,Tx-Rx,0,-102.7265,"-0.15000 1.10000 4.90000, 8.35000 0.10000 6.95000"
187,0.0000,Tx-Rx,0,-83.1901,"-0.15000 1.10000 4.90000, 8.05000 0.10000 6.95000"
188,0.0000,Tx-Rx,0,-77.0915,"-0.15000 1.10000 4.90000, 7.75000 0.10000 6.95000"
189,0.0000,Tx-Rx,0,-77.7464,"-0.15000 1.10000 4.90000, 7.45000 0.10000 6.95000"
190,0.0000,Tx-Rx,0,-76.7687,"-0.15000 1.10000 4.90000, 7.15000 0.10000 6.95000"
191,0.0000,Tx-Rx,0,-78.2686,"-0.15000 1.10000 4.90000, 6.85000 0.10000 6.95000"
192,0.0000,Tx-Rx,0,-77.6985,"-0.15000 1.10000 4.90000, 6.55000 0.10000 6.95000"
193,0.0000,Tx-Rx,0,-76.3130,"-0.15000 1.10000 4.90000, 6.25000 0.10000 6.95000"
194,0.0000,Tx-Rx,0,-75.8400,"-0.15000 1.10000 4.90000, 5.95000 0.10000 6.95000"
195,0.0000,Tx-Rx,0,-75.2798,"-0.15000 1.10000 4.90000, 5.65000 0.10000 6.95000"
196,0.0000,Tx-Rx,0,-75.2360,"-0.15000 1.10000 4.90000, 5.35000 0.10000 6.95000"
197,0.0000,Tx-Rx,0,-74.6022,"-0.15000 1.10000 4.90000, 5.05000 0.10000 6.95000"
198,0.0000,Tx-Rx,0,-74.3351,"-0.15000 1.10000 4.90000, 4.75000 0.10000 6.95000"
199,0.0000,Tx-Rx,0,-74.0568,"-0.15000 1.10000 4.90000, 4.45000 0.10000 6.95000"
200,0.0000,Tx-Rx,0,-73.4422,"-0.15000 1.10000 4.90000, 4.15000 0.10000 6.95000"
201,0.0000,Tx-Rx,0,-73.9419,"-0.15000 1.10000 4.90000, 3.85000 0.10000 6.95000"
202,0.0000,Tx-Rx,0,-73.9040,"-0.15000 1.10000 4.90000, 3.55000 0.10000 6.95000"
203,0.0000,Tx-Rx,0,-73.3284,"-0.15000 1.10000 4.90000, 3.25000 0.10000 6.95000"
204,0.0000,Tx-Rx,0,-73.1009,"-0.15000 1.10000 4.90000, 2.95000 0.10000 6.95000"
205,0.0000,Tx-Rx,0,-72.5397,"-0.15000 1.10000 4.90000, 2.65000 0.10000 6.95000"
206,0.0000,Tx-Rx,0,-73.2704,"-0.15000 1.10000 4.90000, 2.35000 0.10000 6.95000"
207,0.0000,Tx-Rx,0,-79.4435,"-0.15000 1.10000 4.90000, 2.05000 0.10000 6.95000"
208,0.0000,Tx-Rx,0,-80.3266,"-0.15000 1.10000 4.90000, 1.75000 0.10000 6.95000"
209,0.0000,Tx-Rx,0,-81.0843,"-0.15000 1.10000 4.90000, 1.45000 0.10000 6.95000"
210,0.0000,Tx-Rx,0,-81.1573,"-0.15000 1.10000 4.90000, 1.15000 0.10000 6.95000"
211,0.0000,Tx-Rx,0,-80.9718,"-0.15000 1.10000 4.90000, 0.85000 0.10000 6.95000"
212,0.0000,Tx-Rx,0,-78.2223,"-0.15000 1.10000 4.90000, 0.55000 0.10000 6.95000"
213,0.0000,Tx-Rx,0,-77.1562,"-0.15000 1.10000 4.90000, 0.25000 0.10000 6.95000"
214,0.0000,Tx-Rx,0,-50.8140,"-0.15000 1.10000 4.90000, -0.05000 0.10000 6.95000"
215,0.0000,Tx-Rx,0,-49.5351,"-0.15000 1.10000 4.90000, -0.35000 0.10000 6.95000"
216,0.0000,Tx-Rx,0,-50.1798,"-0.15000 1.10000 4.90000, -0.65000 0.10000 6.95000"
217,0.0000,Tx-Rx,0,-50.0826,"-0.15000 1.10000 4.90000, -0.95000 0.10000 6.95000"
218,0.0000,Tx-Rx,0,-50.4222,"-0.15000 1.10000 4.90000, -1.25000 0.10000 6.95000"
219,0.0000,Tx-Rx,0,-60.4687,"-0.15000 1.10000 4.90000, -1.55000 0.10000 6.95000"
220,0.0000,Tx-Rx,0,-63.5390,"-0.15000 1.10000 4.90000, -1.85000 0.10000 6.95000"
221,0.0000,Tx-Rx,0,-59.1146,"-0.15000 1.10000 4.90000, -2.15000 0.10000 6.95000"
222,0.0000,Tx-Rx,0,-57.5547,"-0.15000 1.10000 4.90000, -2.45000 0.10000 6.95000"
223,0.0000,Tx-Rx,0,-64.0473,"-0.15000 1.10000 4.90000, -2.75000 0.10000 6.95000"
224,0.0000,Tx-Rx,0,-65.5901,"-0.15000 1.10000 4.90000, -3.05000 0.10000 6.95000"
225,0.0000,Tx-Rx,0,-66.1917,"-0.15000 1.10000 4.90000, -3.35000 0.10000 6.95000"
226,0.0000,Tx-Rx,0,-65.5335,"-0.15000 1.10000 4.90000, -3.65000 0.10000 6.95000"
227,0.0000,Tx-Rx,0,-63.9737,"-0.15000 1.10000 4.90000, -3.95000 0.10000 6.95000"
228,0.0000,Tx-Rx,0,-65.9177,"-0.15000 1.10000 4.90000, -4.25000 0.10000 6.95000"
229,0.0000,Tx-Rx,0,-74.8433,"-0.15000 1.10000 4.90000, -4.55000 0.10000 6.95000"
230,0.0000,Tx-Rx,0,-76.2333,"-0.15000 1.10000 4.90000, -4.85000 0.10000 6.95000"
231,0.0000,Tx-Rx,0,-71.9006,"-0.15000 1.10000 4.90000, -5.15000 0.10000 6.95000"
232,0.0000,Tx-Rx,0,-70.6887,"-0.15000 1.10000 4.90000, -5.45000 0.10000 6.95000"
233,0.0000,Tx-Rx,0,-67.1353,"-0.15000 1.10000 4.90000, -5.75000 0.10000 6.95000"
234,0.0000,Tx-Rx,0,-66.8380,"-0.15000 1.10000 4.90000, -6.05000 0.10000 6.95000"
235,0.0000,Tx-Rx,0,-67.3531,"-0.15000 1.10000 4.90000, -6.35000 0.10000 6.95000"
236,0.0000,Tx-Rx,0,-70.1291,"-0.15000 1.10000 4.90000, -6.65000 0.10000 6.95000"
237,0.0000,Tx-Rx,0,-63.8684,"-0.15000 1.10000 4.90000, -6.95000 0.10000 6.95000"
238,0.0000,Tx-Rx,0,-61.2427,"-0.15000 1.10000 4.90000, -7.25000 0.10000 6.95000"
239,0.0000,Tx-Rx,0,-64.0430,"-0.15000 1.10000 4.90000, -7.55000 0.10000 6.95000"
240,0.0000,Tx-Rx,0,-69.1266,"-0.15000 1.10000 4.90000, -7.85000 0.10000 6.95000"
241,0.0000,Tx-Rx,0,-97.1758,"-0.15000 1.10000 4.90000, 9.85000 0.10000 6.65000"
242,0.0000,Tx-Rx,0,-107.0078,"-0.15000 1.10000 4.90000, 9.55000 0.10000 6.65000"
243,0.0000,Tx-Rx,0,-100.9877,"-0.15000 1.10000 4.90000, 9.25000 0.10000 6.65000"
244,0.0000,Tx-Rx,0,-102.4400,"-0.15000 1.10000 4.90000, 8.95000 0.10000 6.65000"
245,0.0000,Tx-Rx,0,-104.0209,"-0.15000 1.10000 4.90000, 8.65000 0.10000 6.65000"
246,0.0000,Tx-Rx,0,-101.5572,"-0.15000 1.10000 4.90000, 8.35000 0.10000 6.65000"
247,0.0000,Tx-Rx,0,-81.8542,"-0.15000 1.10000 4.90000, 8.05000 0.10000 6.65000"
248,0.0000,Tx-Rx,0,-78.0775,"-0.15000 1.10000 4.90000, 7.75000 0.10000 6.65000"
249,0.0000,Tx-Rx,0,-79.2634,"-0.15000 1.10000 4.90000, 7.45000 0.10000 6.65000"
250,0.0000,Tx-Rx,0,-78.6163,"-0.15000 1.10000 4.90000, 7.15000 0.10000 6.65000"
251,0.0000,Tx-Rx,0,-79.3104,"-0.15000 1.10000 4.90000, 6.85000 0.10000 6.65000"
252,0.0000,Tx-Rx,0,-79.1514,"-0.15000 1.10000 4.90000, 6.55000 0.10000 6.65000"
253,0.0000,Tx-Rx,0,-77.0475,"-0.15000 1.10000 4.90000, 6.25000 0.10000 6.65000"
254,0.0000,Tx-Rx,0,-76.1320,"-0.15000 1.10000 4.90000, 5.95000 0.10000 6.65000"
255,0.0000,Tx-Rx,0,-75.3649,"-0.15000 1.10000 4.90000, 5.65000 0.10000 6.65000"
256,0.0000,Tx-Rx,0,-74.8076,"-0.15000 1.10000 4.90000, 5.35000 0.10000 6.65000"
257,0.0000,Tx-Rx,0,-75.0300,"-0.15000 1.10000 4.90000, 5.05000 0.10000 6.65000"
258,0.0000,Tx-Rx,0,-74.1679,"-0.15000 1.10000 4.90000, 4.75000 0.10000 6.65000"
259,0.0000,Tx-Rx,0,-73.6877,"-0.15000 1.10000 4.90000, 4.45000 0.10000 6.65000"
260,0.0000,Tx-Rx,0,-73.6040,"-0.15000 1.10000 4.90000, 4.15000 0.10000 6.65000"
261,0.0000,Tx-Rx,0,-72.7763,"-0.15000 1.10000 4.90000, 3.85000 0.10000 6.65000"
262,0.0000,Tx-Rx,0,-73.1659,"-0.15000 1.10000 4.90000, 3.55000 0.10000 6.65000"
263,0.0000,Tx-Rx,0,-73.3276,"-0.15000 1.10000 4.90000, 3.25000 0.10000 6.65000"
264,0.0000,Tx-Rx,0,-73.4921,"-0.15000 1.10000 4.90000, 2.95000 0.10000 6.65000"
265,0.0000,Tx-Rx,0,-72.6096,"-0.15000 1.10000 4.90000, 2.65000 0.10000 6.65000"
266,0.0000,Tx-Rx,0,-72.4102,"-0.15000 1.10000 4.90000, 2.35000 0.10000 6.65000"
267,0.0000,Tx-Rx,0,-78.5241,"-0.15000 1.10000 4.90000, 2.05000 0.10000 6.65000"
268,0.0000,Tx-Rx,0,-79.1226,"-0.15000 1.10000 4.90000, 1.75000 0.10000 6.65000"
269,0.0000,Tx-Rx,0,-79.5135,"-0.15000 1.10000 4.90000, 1.45000 0.10000 6.65000"
270,0.0000,Tx-Rx,0,-79.8344,"-0.15000 1.10000 4.90000, 1.15000 0.10000 6.65000"
271,0.0000,Tx-Rx,0,-79.2586,"-0.15000 1.10000 4.90000, 0.85000 0.10000 6.65000"
272,0.0000,Tx-Rx,0,-77.5924,"-0.15000 1.10000 4.90000, 0.55000 0.10000 6.65000"
273,0.0000,Tx-Rx,0,-76.7260,"-0.15000 1.10000 4.90000, 0.25000 0.10000 6.65000"
274,0.0000,Tx-Rx,0,-49.4442,"-0.15000 1.10000 4.90000, -0.05000 0.10000 6.65000"
275,0.0000,Tx-Rx,0,-48.0574,"-0.15000 1.10000 4.90000, -0.35000 0.10000 6.65000"
276,0.0000,Tx-Rx,0,-48.3104,"-0.15000 1.10000 4.90000, -0.65000 0.10000 6.65000"
277,0.0000,Tx-Rx,0,-48.5721,"-0.15000 1.10000 4.90000, -0.95000 0.10000 6.65000"
278,0.0000,Tx-Rx,0,-53.2147,"-0.15000 1.10000 4.90000, -1.25000 0.10000 6.65000"
279,0.0000,Tx-Rx,0,-67.5719,"-0.15000 1.10000 4.90000, -1.55000 0.10000 6.65000"
280,0.0000,Tx-Rx,0,-66.3980,"-0.15000 1.10000 4.90000, -1.85000 0.10000 6.65000"
281,0.0000,Tx-Rx,0,-60.6587,"-0.15000 1.10000 4.90000, -2.15000 0.10000 6.65000"
282,0.0000,Tx-Rx,0,-58.0288,"-0.15000 1.10000 4.90000, -2.45000 0.10000 6.65000"
283,0.0000,Tx-Rx,0,-58.9394,"-0.15000 1.10000 4.90000, -2.75000 0.10000 6.65000"
284,0.0000,Tx-Rx,0,-59.7470,"-0.15000 1.10000 4.90000, -3.05000 0.10000 6.65000"
285,0.0000,Tx-Rx,0,-60.2059,"-0.15000 1.10000 4.90000, -3.35000 0.10000 6.65000"
286,0.0000,Tx-Rx,0,-60.5955,"-0.15000 1.10000 4.90000, -3.65000 0.10000 6.65000"
287,0.0000,Tx-Rx,0,-61.4292,"-0.15000 1.10000 4.90000, -3.95000 0.10000 6.65000"
288,0.0000,Tx-Rx,0,-62.5539,"-0.15000 1.10000 4.90000, -4.25000 0.10000 6.65000"
289,0.0000,Tx-Rx,0,-67.5606,"-0.15000 1.10000 4.90000, -4.55000 0.10000 6.65000"
290,0.0000,Tx-Rx,0,-70.5756,"-0.15000 1.10000 4.90000, -4.85000 0.10000 6.65000"
291,0.0000,Tx-Rx,0,-68.6374,"-0.15000 1.10000 4.90000, -5.15000 0.10000 6.65000"
292,0.0000,Tx-Rx,0,-69.2949,"-0.15000 1.10000 4.90000, -5.45000 0.10000 6.65000"
293,0.0000,Tx-Rx,0,-67.6681,"-0.15000 1.10000 4.90000, -5.75000 0.10000 6.65000"
294,0.0000,Tx-Rx,0,-66.8511,"-0.15000 1.10000 4.90000, -6.05000 0.10000 6.65000"
295,0.0000,Tx-Rx,0,-67.1934,"-0.15000 1.10000 4.90000, -6.35000 0.10000 6.65000"
296,0.0000,Tx-Rx,0,-69.8059,"-0.15000 1.10000 4.90000, -6.65000 0.10000 6.65000"
297,0.0000,Tx-Rx,0,-61.1522,"-0.15000 1.10000 4.90000, -6.95000 0.10000 6.65000"
298,0.0000,Tx-Rx,0,-64.5310,"-0.15000 1.10000 4.90000, -7.25000 0.10000 6.65000"
299,0.0000,Tx-Rx,0,-70.3128,"-0.15000 1.10000 4.90000, -7.55000 0.10000 6.65000"
300,0.0000,Tx-Rx,0,-68.2846,"-0.15000 1.10000 4.90000, -7.85000 0.10000 6.65000"
301,0.0000,Tx-Rx,0,-111.3022,"-0.15000 1.10000 4.90000, 9.85000 0.10000 6.35000"
302,0.0000,Tx-Rx,0,-114.2799,"-0.15000 1.10000 4.90000, 9.55000 0.10000 6.35000"
303,0.0000,Tx-Rx,0,-101.2476,"-0.15000 1.10000 4.90000, 9.25000 0.10000 6.35000"
304,0.0000,Tx-Rx,0,-102.2001,"-0.15000 1.10000 4.90000, 8.95000 0.10000 6.35000"
305,0.0000,Tx-Rx,0,-102.5136,"-0.15000 1.10000 4.90000, 8.65000 0.10000 6.35000"
306,0.0000,Tx-Rx,0,-106.8302,"-0.15000 1.10000 4.90000, 8.35000 0.10000 6.35000"
307,0.0000,Tx-Rx,0,-81.7402,"-0.15000 1.10000 4.90000, 8.05000 0.10000 6.35000"
308,0.0000,Tx-Rx,0,-77.5509,"-0.15000 1.10000 4.90000, 7.75000 0.10000 6.35000"
309,0.0000,Tx-Rx,0,-76.0554,"-0.15000 1.10000 4.90000, 7.45000 0.10000 6.35000"
310,0.0000,Tx-Rx,0,-77.0998,"-0.15000 1.10000 4.90000, 7.15000 0.10000 6.35000"
311,0.0000,Tx-Rx,0,-76.8019,"-0.15000 1.10000 4.90000, 6.85000 0.10000 6.35000"
312,0.0000,Tx-Rx,0,-77.2722,"-0.15000 1.10000 4.90000, 6.55000 0.10000 6.35000"
313,0.0000,Tx-Rx,0,-77.3242,"-0.15000 1.10000 4.90000, 6.25000 0.10000 6.35000"
314,0.0000,Tx-Rx,0,-76.6542,"-0.15000 1.10000 4.90000, 5.95000 0.10000 6.35000"
315,0.0000,Tx-Rx,0,-75.4867,"-0.15000 1.10000 4.90000, 5.65000 0.10000 6.35000"
316,0.0000,Tx-Rx,0,-75.5102,"-0.15000 1.10000 4.90000, 5.35000 0.10000 6.35000"
317,0.0000,Tx-Rx,0,-74.4031,"-0.15000 1.10000 4.90000, 5.05000 0.10000 6.35000"
318,0.0000,Tx-Rx,0,-74.2420,"-0.15000 1.10000 4.90000, 4.75000 0.10000 6.35000"
319,0.0000,Tx-Rx,0,-73.6900,"-0.15000 1.10000 4.90000, 4.45000 0.10000 6.35000"
320,0.0000,Tx-Rx,0,-72.9892,"-0.15000 1.10000 4.90000, 4.15000 0.10000 6.35000"
321,0.0000,Tx-Rx,0,-72.8589,"-0.15000 1.10000 4.90000, 3.85000 0.10000 6.35000"
322,0.0000,Tx-Rx,0,-72.9216,"-0.15000 1.10000 4.90000, 3.55000 0.10000 6.35000"
323,0.0000,Tx-Rx,0,-72.2961,"-0.15000 1.10000 4.90000, 3.25000 0.10000 6.35000"
324,0.0000,Tx-Rx,0,-72.2122,"-0.15000 1.10000 4.90000, 2.95000 0.10000 6.35000"
325,0.0000,Tx-Rx,0,-71.9079,"-0.15000 1.10000 4.90000, 2.65000 0.10000 6.35000"
326,0.0000,Tx-Rx,0,-71.4894,"-0.15000 1.10000 4.90000, 2.35000 0.10000 6.35000"
327,0.0000,Tx-Rx,0,-76.9527,"-0.15000 1.10000 4.90000, 2.05000 0.10000 6.35000"
328,0.0000,Tx-Rx,0,-77.2502,"-0.15000 1.10000 4.90000, 1.75000 0.10000 6.35000"
329,0.0000,Tx-Rx,0,-78.2608,"-0.15000 1.10000 4.90000, 1.45000 0.10000 6.35000"
330,0.0000,Tx-Rx,0,-77.9846,"-0.15000 1.10000 4.90000, 1.15000 0.10000 6.35000"
331,0.0000,Tx-Rx,0,-77.9187,"-0.15000 1.10000 4.90000, 0.85000 0.10000 6.35000"
332,0.0000,Tx-Rx,0,-76.7920,"-0.15000 1.10000 4.90000, 0.55000 0.10000 6.35000"
333,0.0000,Tx-Rx,0,-76.5515,"-0.15000 1.10000 4.90000, 0.25000 0.10000 6.35000"
334,0.0000,Tx-Rx,0,-47.9906,"-0.15000 1.10000 4.90000, -0.05000 0.10000 6.35000"
335,0.0000,Tx-Rx,0,-46.5233,"-0.15000 1.10000 4.90000, -0.35000 0.10000 6.35000"
336,0.0000,Tx-Rx,0,-46.9835,"-0.15000 1.10000 4.90000, -0.65000 0.10000 6.35000"
337,0.0000,Tx-Rx,0,-48.7803,"-0.15000 1.10000 4.90000, -0.95000 0.10000 6.35000"
338,0.0000,Tx-Rx,0,-62.9878,"-0.15000 1.10000 4.90000, -1.25000 0.10000 6.35000"
339,0.0000,Tx-Rx,0,-69.6863,"-0.15000 1.10000 4.90000, -1.55000 0.10000 6.35000"
340,0.0000,Tx-Rx,0,-66.1927,"-0.15000 1.10000 4.90000, -1.85000 0.10000 6.35000"
341,0.0000,Tx-Rx,0,-64.6119,"-0.15000 1.10000 4.90000, -2.15000 0.10000 6.35000"
342,0.0000,Tx-Rx,0,-58.2748,"-0.15000 1.10000 4.90000, -2.45000 0.10000 6.35000"
343,0.0000,Tx-Rx,0,-58.3071,"-0.15000 1.10000 4.90000, -2.75000 0.10000 6.35000"
344,0.0000,Tx-Rx,0,-59.7190,"-0.15000 1.10000 4.90000, -3.05000 0.10000 6.35000"
345,0.0000,Tx-Rx,0,-60.8459,"-0.15000 1.10000 4.90000, -3.35000 0.10000 6.35000"
346,0.0000,Tx-Rx,0,-61.5512,"-0.15000 1.10000 4.90000, -3.65000 0.10000 6.35000"
347,0.0000,Tx-Rx,0,-62.2787,"-0.15000 1.10000 4.90000, -3.95000 0.10000 6.35000"
348,0.0000,Tx-Rx,0,-62.8823,"-0.15000 1.10000 4.90000, -4.25000 0.10000 6.35000"
349,0.0000,Tx-Rx,0,-64.6710,"-0.15000 1.10000 4.90000, -4.55000 0.10000 6.35000"
350,0.0000,Tx-Rx,0,-71.5978,"-0.15000 1.10000 4.90000, -4.85000 0.10000 6.35000"
351,0.0000,Tx-Rx,0,-69.6078,"-0.15000 1.10000 4.90000, -5.15000 0.10000 6.35000"
352,0.0000,Tx-Rx,0,-69.9548,"-0.15000 1.10000 4.90000, -5.45000 0.10000 6.35000"
353,0.0000,Tx-Rx,0,-70.2346,"-0.15000 1.10000 4.90000, -5.75000 0.10000 6.35000"
354,0.0000,Tx-Rx,0,-68.1226,"-0.15000 1.10000 4.90000, -6.05000 0.10000 6.35000"
355,0.0000,Tx-Rx,0,-66.9278,"-0.15000 1.10000 4.90000, -6.35000 0.10000 6.35000"
356,0.0000,Tx-Rx,0,-68.0809,"-0.15000 1.10000 4.90000, -6.65000 0.10000 6.35000"
357,0.0000,Tx-Rx,0,-65.2224,"-0.15000 1.10000 4.90000, -6.95000 0.10000 6.35000"
358,0.0000,Tx-Rx,0,-70.6841,"-0.15000 1.10000 4.90000, -7.25000 0.10000 6.35000"
359,0.0000,Tx-Rx,0,-69.5455,"-0.15000 1.10000 4.90000, -7.55000 0.10000 6.35000"
360,0.0000,Tx-Rx,0,-67.6961,"-0.15000 1.10000 4.90000, -7.85000 0.10000 6.35000"
361,0.0000,Tx-Rx,0,-95.0707,"-0.15000 1.10000 4.90000, 9.85000 0.10000 6.05000"
362,0.0000,Tx-Rx,0,-109.7133,"-0.15000 1.10000 4.90000, 9.55000 0.10000 6.05000"
363,0.0000,Tx-Rx,0,-101.5861,"-0.15000 1.10000 4.90000, 9.25000 0.10000 6.05000"
364,0.0000,Tx-Rx,0,-101.3987,"-0.15000 1.10000 4.90000, 8.95000 0.10000 6.05000"
365,0.0000,Tx-Rx,0,-96.7162,"-0.15000 1.10000 4.90000, 8.65000 0.10000 6.05000"
366,0.0000,Tx-Rx,0,-107.6822,"-0.15000 1.10000 4.90000, 8.35000 0.10000 6.05000"
367,0.0000,Tx-Rx,0,-80.8224,"-0.15000 1.10000 4.90000, 8.05000 0.10000 6.05000"
368,0.0000,Tx-Rx,0,-75.6226,"-0.15000 1.10000 4.90000, 7.75000 0.10000 6.05000"
369,0.0000,Tx-Rx,0,-75.4554,"-0.15000 1.10000 4.90000, 7.45000 0.10000 6.05000"
370,0.0000,Tx-Rx,0,-75.5219,"-0.15000 1.10000 4.90000, 7.15000 0.10000 6.05000"
371,0.0000,Tx-Rx,0,-74.9104,"-0.15000 1.10000 4.90000, 6.85000 0.10000 6.05000"
372,0.0000,Tx-Rx,0,-74.5175,"-0.15000 1.10000 4.90000, 6.55000 0.10000 6.05000"
373,0.0000,Tx-Rx,0,-73.5974,"-0.15000 1.10000 4.90000, 6.25000 0.10000 6.05000"
374,0.0000,Tx-Rx,0,-74.1348,"-0.15000 1.10000 4.90000, 5.95000 0.10000 6.05000"
375,0.0000,Tx-Rx,0,-74.3474,"-0.15000 1.10000 4.90000, 5.65000 0.10000 6.05000"
376,0.0000,Tx-Rx,0,-73.6369,"-0.15000 1.10000 4.90000, 5.35000 0.10000 6.05000"
377,0.0000,Tx-Rx,0,-73.2136,"-0.15000 1.10000 4.90000, 5.05000 0.10000 6.05000"
378,0.0000,Tx-Rx,0,-73.2751,"-0.15000 1.10000 4.90000, 4.75000 0.10000 6.05000"
379,0.0000,Tx-Rx,0,-72.8911,"-0.15000 1.10000 4.90000, 4.45000 0.10000 6.05000"
380,0.0000,Tx-Rx,0,-72.5919,"-0.15000 1.10000 4.90000, 4.15000 0.10000 6.05000"
381,0.0000,Tx-Rx,0,-71.8540,"-0.15000 1.10000 4.90000, 3.85000 0.10000 6.05000"
382,0.0000,Tx-Rx,0,-71.7332,"-0.15000 1.10000 4.90000, 3.55000 0.10000 6.05000"
383,0.0000,Tx-Rx,0,-71.2790,"-0.15000 1.10000 4.90000, 3.25000 0.10000 6.05000"
384,0.0000,Tx-Rx,0,-70.8133,"-0.15000 1.10000 4.90000, 2.95000 0.10000 6.05000"
385,0.0000,Tx-Rx,0,-70.3027,"-0.15000 1.10000 4.90000, 2.65000 0.10000 6.05000"
386,0.0000,Tx-Rx,0,-70.1159,"-0.15000 1.10000 4.90000, 2.35000 0.10000 6.05000"
387,0.0000,Tx-Rx,0,-75.8545,"-0.15000 1.10000 4.90000, 2.05000 0.10000 6.05000"
388,0.0000,Tx-Rx,0,-76.4026,"-0.15000 1.10000 4.90000, 1.75000 0.10000 6.05000"
389,0.0000,Tx-Rx,0,-76.2054,"-0.15000 1.10000 4.90000, 1.45000 0.10000 6.05000"
390,0.0000,Tx-Rx,0,-75.7201,"-0.15000 1.10000 4.90000, 1.15000 0.10000 6.05000"
391,0.0000,Tx-Rx,0,-75.4828,"-0.15000 1.10000 4.90000, 0.85000 0.10000 6.05000"
392,0.0000,Tx-Rx,0,-74.8673,"-0.15000 1.10000 4.90000, 0.55000 0.10000 6.05000"
393,0.0000,Tx-Rx,0,-74.8399,"-0.15000 1.10000 4.90000, 0.25000 0.10000 6.05000"
394,0.0000,Tx-Rx,0,-46.2978,"-0.15000 1.10000 4.90000, -0.05000 0.10000 6.05000"
395,0.0000,Tx-Rx,0,-44.9270,"-0.15000 1.10000 4.90000, -0.35000 0.10000 6.05000"
396,0.0000,Tx-Rx,0,-45.5056,"-0.15000 1.10000 4.90000, -0.65000 0.10000 6.05000"
397,0.0000,Tx-Rx,0,-54.2191,"-0.15000 1.10000 4.90000, -0.95000 0.10000 6.05000"
398,0.0000,Tx-Rx,0,-74.4653,"-0.15000 1.10000 4.90000, -1.25000 0.10000 6.05000"
399,0.0000,Tx-Rx,0,-67.2493,"-0.15000 1.10000 4.90000, -1.55000 0.10000 6.05000"
400,0.0000,Tx-Rx,0,-67.4530,"-0.15000 1.10000 4.90000, -1.85000 0.10000 6.05000"
401,0.0000,Tx-Rx,0,-66.3088,"-0.15000 1.10000 4.90000, -2.15000 0.10000 6.05000"
402,0.0000,Tx-Rx,0,-60.3296,"-0.15000 1.10000 4.90000, -2.45000 0.10000 6.05000"
403,0.0000,Tx-Rx,0,-58.5867,"-0.15000 1.10000 4.90000, -2.75000 0.10000 6.05000"
404,0.0000,Tx-Rx,0,-58.8996,"-0.15000 1.10000 4.90000, -3.05000 0.10000 6.05000"
405,0.0000,Tx-Rx,0,-60.5736,"-0.15000 1.10000 4.90000, -3.35000 0.10000 6.05000"
406,0.0000,Tx-Rx,0,-61.3473,"-0.15000 1.10000 4.90000, -3.65000 0.10000 6.05000"
407,0.0000,Tx-Rx,0,-61.8068,"-0.15000 1.10000 4.90000, -3.95000 0.10000 6.05000"
408,0.0000,Tx-Rx,0,-62.3790,"-0.15000 1.10000 4.90000, -4.25000 0.10000 6.05000"
409,0.0000,Tx-Rx,0,-62.9678,"-0.15000 1.10000 4.90000, -4.55000 0.10000 6.05000"
410,0.0000,Tx-Rx,0,-66.2551,"-0.15000 1.10000 4.90000, -4.85000 0.10000 6.05000"
411,0.0000,Tx-Rx,0,-68.1251,"-0.15000 1.10000 4.90000, -5.15000 0.10000 6.05000"
412,0.0000,Tx-Rx,0,-68.5343,"-0.15000 1.10000 4.90000, -5.45000 0.10000 6.05000"
413,0.0000,Tx-Rx,0,-68.6789,"-0.15000 1.10000 4.90000, -5.75000 0.10000 6.05000"
414,0.0000,Tx-Rx,0,-69.0823,"-0.15000 1.10000 4.90000, -6.05000 0.10000 6.05000"
415,0.0000,Tx-Rx,0,-68.5053,"-0.15000 1.10000 4.90000, -6.35000 0.10000 6.05000"
416,0.0000,Tx-Rx,0,-68.2450,"-0.15000 1.10000 4.90000, -6.65000 0.10000 6.05000"
417,0.0000,Tx-Rx,0,-69.0384,"-0.15000 1.10000 4.90000, -6.95000 0.10000 6.05000"
418,0.0000,Tx-Rx,0,-68.6228,"-0.15000 1.10000 4.90000, -7.25000 0.10000 6.05000"
419,0.0000,Tx-Rx,0,-67.4998,"-0.15000 1.10000 4.90000, -7.55000 0.10000 6.05000"
420,0.0000,Tx-Rx,0,-66.6732,"-0.15000 1.10000 4.90000, -7.85000 0.10000 6.05000"
421,0.0000,Tx-Rx,0,-108.3889,"-0.15000 1.10000 4.90000, 9.85000 0.10000 5.75000"
422,0.0000,Tx-Rx,0,-114.2845,"-0.15000 1.10000 4.90000, 9.55000 0.10000 5.75000"
423,0.0000,Tx-Rx,0,-98.2274,"-0.15000 1.10000 4.90000, 9.25000 0.10000 5.75000"
424,0.0000,Tx-Rx,0,-111.7268,"-0.15000 1.10000 4.90000, 8.95000 0.10000 5.75000"
425,0.0000,Tx-Rx,0,-98.5759,"-0.15000 1.10000 4.90000, 8.65000 0.10000 5.75000"
426,0.0000,Tx-Rx,0,-99.4056,"-0.15000 1.10000 4.90000, 8.35000 0.10000 5.75000"
427,0.0000,Tx-Rx,0,-81.3700,"-0.15000 1.10000 4.90000, 8.05000 0.10000 5.75000"
428,0.0000,Tx-Rx,0,-75.9582,"-0.15000 1.10000 4.90000, 7.75000 0.10000 5.75000"
429,0.0000,Tx-Rx,0,-76.5557,"-0.15000 1.10000 4.90000, 7.45000 0.10000 5.75000"
430,0.0000,Tx-Rx,0,-75.2474,"-0.15000 1.10000 4.90000, 7.15000 0.10000 5.75000"
431,0.0000,Tx-Rx,0,-74.3715,"-0.15000 1.10000 4.90000, 6.85000 0.10000 5.75000"
432,0.0000,Tx-Rx,0,-73.2562,"-0.15000 1.10000 4.90000, 6.55000 0.10000 5.75000"
433,0.0000,Tx-Rx,0,-73.4770,"-0.15000 1.10000 4.90000, 6.25000 0.10000 5.75000"
434,0.0000,Tx-Rx,0,-73.3326,"-0.15000 1.10000 4.90000, 5.95000 0.10000 5.75000"
435,0.0000,Tx-Rx,0,-73.4887,"-0.15000 1.10000 4.90000, 5.65000 0.10000 5.75000"
436,0.0000,Tx-Rx,0,-72.6487,"-0.15000 1.10000 4.90000, 5.35000 0.10000 5.75000"
437,0.0000,Tx-Rx,0,-72.1692,"-0.15000 1.10000 4.90000, 5.05000 0.10000 5.75000"
438,0.0000,Tx-Rx,0,-72.5561,"-0.15000 1.10000 4.90000, 4.75000 0.10000 5.75000"
439,0.0000,Tx-Rx,0,-72.5102,"-0.15000 1.10000 4.90000, 4.45000 0.10000 5.75000"
440,0.0000,Tx-Rx,0,-71.1512,"-0.15000 1.10000 4.90000, 4.15000 0.10000 5.75000"
441,0.0000,Tx-Rx,0,-70.6874,"-0.15000 1.10000 4.90000, 3.85000 0.10000 5.75000"
442,0.0000,Tx-Rx,0,-70.9870,"-0.15000 1.10000 4.90000, 3.55000 0.10000 5.75000"
443,0.0000,Tx-Rx,0,-69.8961,"-0.15000 1.10000 4.90000, 3.25000 0.10000 5.75000"
444,0.0000,Tx-Rx,0,-69.7737,"-0.15000 1.10000 4.90000, 2.95000 0.10000 5.75000"
445,0.0000,Tx-Rx,0,-69.3855,"-0.15000 1.10000 4.90000, 2.65000 0.10000 5.75000"
446,0.0000,Tx-Rx,0,-68.4717,"-0.15000 1.10000 4.90000, 2.35000 0.10000 5.75000"
447,0.0000,Tx-Rx,0,-71.3652,"-0.15000 1.10000 4.90000, 2.05000 0.10000 5.75000"
448,0.0000,Tx-Rx,0,-73.3631,"-0.15000 1.10000 4.90000, 1.75000 0.10000 5.75000"
449,0.0000,Tx-Rx,0,-74.2085,"-0.15000 1.10000 4.90000, 1.45000 0.10000 5.75000"
450,0.0000,Tx-Rx,0,-73.6318,"-0.15000 1.10000 4.90000, 1.15000 0.10000 5.75000"
451,0.0000,Tx-Rx,0,-73.0957,"-0.15000 1.10000 4.90000, 0.85000 0.10000 5.75000"
452,0.0000,Tx-Rx,0,-72.2527,"-0.15000 1.10000 4.90000, 0.55000 0.10000 5.75000"
453,0.0000,Tx-Rx,0,-72.4788,"-0.15000 1.10000 4.90000, 0.25000 0.10000 5.75000"
454,0.0000,Tx-Rx,0,-44.1582,"-0.15000 1.10000 4.90000, -0.05000 0.10000 5.75000"
455,0.0000,Tx-Rx,0,-42.6094,"-0.15000 1.10000 4.90000, -0.35000 0.10000 5.75000"
456,0.0000,Tx-Rx,0,-42.6153,"-0.15000 1.10000 4.90000, -0.65000 0.10000 5.75000"
457,0.0000,Tx-Rx,0,-48.4868,"-0.15000 1.10000 4.90000, -0.95000 0.10000 5.75000"
458,0.0000,Tx-Rx,0,-81.3055,"-0.15000 1.10000 4.90000, -1.25000 0.10000 5.75000"
459,0.0000,Tx-Rx,0,-69.4669,"-0.15000 1.10000 4.90000, -1.55000 0.10000 5.75000"
460,0.0000,Tx-Rx,0,-66.8350,"-0.15000 1.10000 4.90000, -1.85000 0.10000 5.75000"
461,0.0000,Tx-Rx,0,-67.8497,"-0.15000 1.10000 4.90000, -2.15000 0.10000 5.75000"
462,0.0000,Tx-Rx,0,-63.0180,"-0.15000 1.10000 4.90000, -2.45000 0.10000 5.75000"
463,0.0000,Tx-Rx,0,-59.0199,"-0.15000 1.10000 4.90000, -2.75000 0.10000 5.75000"
464,0.0000,Tx-Rx,0,-58.7383,"-0.15000 1.10000 4.90000, -3.05000 0.10000 5.75000"
465,0.0000,Tx-Rx,0,-59.3509,"-0.15000 1.10000 4.90000, -3.35000 0.10000 5.75000"
466,0.0000,Tx-Rx,0,-60.7159,"-0.15000 1.10000 4.90000, -3.65000 0.10000 5.75000"
467,0.0000,Tx-Rx,0,-61.1937,"-0.15000 1.10000 4.90000, -3.95000 0.10000 5.75000"
468,0.0000,Tx-Rx,0,-61.6287,"-0.15000 1.10000 4.90000, -4.25000 0.10000 5.75000"
469,0.0000,Tx-Rx,0,-62.0351,"-0.15000 1.10000 4.90000, -4.55000 0.10000 5.75000"
470,0.0000,Tx-Rx,0,-63.0606,"-0.15000 1.10000 4.90000, -4.85000 0.10000 5.75000"
471,0.0000,Tx-Rx,0,-65.8396,"-0.15000 1.10000 4.90000, -5.15000 0.10000 5.75000"
472,0.0000,Tx-Rx,0,-66.4434,"-0.15000 1.10000 4.90000, -5.45000 0.10000 5.75000"
473,0.0000,Tx-Rx,0,-65.4196,"-0.15000 1.10000 4.90000, -5.75000 0.10000 5.75000"
474,0.0000,Tx-Rx,0,-65.1175,"-0.15000 1.10000 4.90000, -6.05000 0.10000 5.75000"
475,0.0000,Tx-Rx,0,-66.1418,"-0.15000 1.10000 4.90000, -6.35000 0.10000 5.75000"
476,0.0000,Tx-Rx,0,-65.7479,"-0.15000 1.10000 4.90000, -6.65000 0.10000 5.75000"
477,0.0000,Tx-Rx,0,-66.5616,"-0.15000 1.10000 4.90000, -6.95000 0.10000 5.75000"
478,0.0000,Tx-Rx,0,-65.5574,"-0.15000 1.10000 4.90000, -7.25000 0.10000 5.75000"
479,0.0000,Tx-Rx,0,-65.2480,"-0.15000 1.10000 4.90000, -7.55000 0.10000 5.75000"
480,0.0000,Tx-Rx,0,-65.0388,"-0.15000 1.10000 4.90000, -7.85000 0.10000 5.75000"
481,0.0000,Tx-Rx,0,-108.4436,"-0.15000 1.10000 4.90000, 9.85000 0.10000 5.45000"
482,0.0000,Tx-Rx,0,-111.5323,"-0.15000 1.10000 4.90000, 9.55000 0.10000 5.45000"
483,0.0000,Tx-Rx,0,-101.2343,"-0.15000 1.10000 4.90000, 9.25000 0.10000 5.45000"
484,0.0000,Tx-Rx,0,-98.1842,"-0.15000 1.10000 4.90000, 8.95000 0.10000 5.45000"
485,0.0000,Tx-Rx,0,-109.5826,"-0.15000 1.10000 4.90000, 8.65000 0.10000 5.45000"
486,0.0000,Tx-Rx,0,-100.6077,"-0.15000 1.10000 4.90000, 8.35000 0.10000 5.45000"
487,0.0000,Tx-Rx,0,-80.8039,"-0.15000 1.10000 4.90000, 8.05000 0.10000 5.45000"
488,0.0000,Tx-Rx,0,-76.3633,"-0.15000 1.10000 4.90000, 7.75000 0.10000 5.45000"
489,0.0000,Tx-Rx,0,-76.2099,"-0.15000 1.10000 4.90000, 7.45000 0.10000 5.45000"
490,0.0000,Tx-Rx,0,-76.8848,"-0.15000 1.10000 4.90000, 7.15000 0.10000 5.45000"
491,0.0000,Tx-Rx,0,-76.7387,"-0.15000 1.10000 4.90000, 6.85000 0.10000 5.45000"
492,0.0000,Tx-Rx,0,-74.8347,"-0.15000 1.10000 4.90000, 6.55000 0.10000 5.45000"
493,0.0000,Tx-Rx,0,-74.9609,"-0.15000 1.10000 4.90000, 6.25000 0.10000 5.45000"
494,0.0000,Tx-Rx,0,-74.7825,"-0.15000 1.10000 4.90000, 5.95000 0.10000 5.45000"
495,0.0000,Tx-Rx,0,-74.6508,"-0.15000 1.10000 4.90000, 5.65000 0.10000 5.45000"
496,0.0000,Tx-Rx,0,-74.0198,"-0.15000 1.10000 4.90000, 5.35000 0.10000 5.45000"
497,0.0000,Tx-Rx,0,-72.7215,"-0.15000 1.10000 4.90000, 5.05000 0.10000 5.45000"
498,0.0000,Tx-Rx,0,-72.3201,"-0.15000 1.10000 4.90000, 4.75000 0.10000 5.45000"
499,0.0000,Tx-Rx,0,-71.8749,"-0.15000 1.10000 4.90000, 4.45000 0.10000 5.45000"
500,0.0000,Tx-Rx,0,-70.9351,"-0.15000 1.10000 4.90000, 4.15000 0.10000 5.45000"
501,0.0000,Tx-Rx,0,-70.6662,"-0.15000 1.10000 4.90000, 3.85000 0.10000 5.45000"
502,0.0000,Tx-Rx,0,-70.3846,"-0.15000 1.10000 4.90000, 3.55000 0.10000 5.45000"
503,0.0000,Tx-Rx,0,-70.1865,"-0.15000 1.10000 4.90000, 3.25000 0.10000 5.45000"
504,0.0000,Tx-Rx,0,-69.5961,"-0.15000 1.10000 4.90000, 2.95000 0.10000 5.45000"
505,0.0000,Tx-Rx,0,-68.9878,"-0.15000 1.10000 4.90000, 2.65000 0.10000 5.45000"
506,0.0000,Tx-Rx,0,-68.3953,"-0.15000 1.10000 4.90000, 2.35000 0.10000 5.45000"
507,0.0000,Tx-Rx,0,-71.2016,"-0.15000 1.10000 4.90000, 2.05000 0.10000 5.45000"
508,0.0000,Tx-Rx,0,-70.6534,"-0.15000 1.10000 4.90000, 1.75000 0.10000 5.45000"
509,0.0000,Tx-Rx,0,-71.1534,"-0.15000 1.10000 4.90000, 1.45000 0.10000 5.45000"
510,0.0000,Tx-Rx,0,-72.1216,"-0.15000 1.10000 4.90000, 1.15000 0.10000 5.45000"
511,0.0000,Tx-Rx,0,-71.9163,"-0.15000 1.10000 4.90000, 0.85000 0.10000 5.45000"
512,0.0000,Tx-Rx,0,-70.8247,"-0.15000 1.10000 4.90000, 0.55000 0.10000 5.45000"
513,0.0000,Tx-Rx,0,-70.9812,"-0.15000 1.10000 4.90000, 0.25000 0.10000 5.45000"
514,0.0000,Tx-Rx,0,-43.3069,"-0.15000 1.10000 4.90000, -0.05000 0.10000 5.45000"
515,0.0000,Tx-Rx,0,-41.9746,"-0.15000 1.10000 4.90000, -0.35000 0.10000 5.45000"
516,0.0000,Tx-Rx,0,-42.0469,"-0.15000 1.10000 4.90000, -0.65000 0.10000 5.45000"
517,0.0000,Tx-Rx,0,-43.3359,"-0.15000 1.10000 4.90000, -0.95000 0.10000 5.45000"
518,0.0000,Tx-Rx,0,-63.5325,"-0.15000 1.10000 4.90000, -1.25000 0.10000 5.45000"
519,0.0000,Tx-Rx,0,-68.2334,"-0.15000 1.10000 4.90000, -1.55000 0.10000 5.45000"
520,0.0000,Tx-Rx,0,-66.0777,"-0.15000 1.10000 4.90000, -1.85000 0.10000 5.45000"
521,0.0000,Tx-Rx,0,-64.7374,"-0.15000 1.10000 4.90000, -2.15000 0.10000 5.45000"
522,0.0000,Tx-Rx,0,-62.6871,"-0.15000 1.10000 4.90000, -2.45000 0.10000 5.45000"
523,0.0000,Tx-Rx,0,-60.4978,"-0.15000 1.10000 4.90000, -2.75000 0.10000 5.45000"
524,0.0000,Tx-Rx,0,-58.2525,"-0.15000 1.10000 4.90000, -3.05000 0.10000 5.45000"
525,0.0000,Tx-Rx,0,-58.2284,"-0.15000 1.10000 4.90000, -3.35000 0.10000 5.45000"
526,0.0000,Tx-Rx,0,-59.2166,"-0.15000 1.10000 4.90000, -3.65000 0.10000 5.45000"
527,0.0000,Tx-Rx,0,-60.0736,"-0.15000 1.10000 4.90000, -3.95000 0.10000 5.45000"
528,0.0000,Tx-Rx,0,-60.4025,"-0.15000 1.10000 4.90000, -4.25000 0.10000 5.45000"
529,0.0000,Tx-Rx,0,-60.6786,"-0.15000 1.10000 4.90000, -4.55000 0.10000 5.45000"
530,0.0000,Tx-Rx,0,-61.0705,"-0.15000 1.10000 4.90000, -4.85000 0.10000 5.45000"
531,0.0000,Tx-Rx,0,-62.5318,"-0.15000 1.10000 4.90000, -5.15000 0.10000 5.45000"
532,0.0000,Tx-Rx,0,-62.4341,"-0.15000 1.10000 4.90000, -5.45000 0.10000 5.45000"
533,0.0000,Tx-Rx,0,-62.6629,"-0.15000 1.10000 4.90000, -5.75000 0.10000 5.45000"
534,0.0000,Tx-Rx,0,-63.4411,"-0.15000 1.10000 4.90000, -6.05000 0.10000 5.45000"
535,0.0000,Tx-Rx,0,-63.7579,"-0.15000 1.10000 4.90000, -6.35000 0.10000 5.45000"
536,0.0000,Tx-Rx,0,-63.4547,"-0.15000 1.10000 4.90000, -6.65000 0.10000 5.45000"
537,0.0000,Tx-Rx,0,-63.9359,"-0.15000 1.10000 4.90000, -6.95000 0.10000 5.45000"
538,0.0000,Tx-Rx,0,-63.8614,"-0.15000 1.10000 4.90000, -7.25000 0.10000 5.45000"
539,0.0000,Tx-Rx,0,-63.7421,"-0.15000 1.10000 4.90000, -7.55000 0.10000 5.45000"
540,0.0000,Tx-Rx,0,-63.5790,"-0.15000 1.10000 4.90000, -7.85000 0.10000 5.45000"
541,0.0000,Tx-Rx,0,-101.5404,"-0.15000 1.10000 4.90000, 9.85000 0.10000 5.15000"
542,0.0000,Tx-Rx,0,-114.5320,"-0.15000 1.10000 4.90000, 9.55000 0.10000 5.15000"
543,0.0000,Tx-Rx,0,-101.9976,"-0.15000 1.10000 4.90000, 9.25000 0.10000 5.15000"
544,0.0000,Tx-Rx,0,-101.9088,"-0.15000 1.10000 4.90000, 8.95000 0.10000 5.15000"
545,0.0000,Tx-Rx,0,-98.0279,"-0.15000 1.10000 4.90000, 8.65000 0.10000 5.15000"
546,0.0000,Tx-Rx,0,-101.4404,"-0.15000 1.10000 4.90000, 8.35000 0.10000 5.15000"
547,0.0000,Tx-Rx,0,-80.1692,"-0.15000 1.10000 4.90000, 8.05000 0.10000 5.15000"
548,0.0000,Tx-Rx,0,-75.2352,"-0.15000 1.10000 4.90000, 7.75000 0.10000 5.15000"
549,0.0000,Tx-Rx,0,-75.6442,"-0.15000 1.10000 4.90000, 7.45000 0.10000 5.15000"
550,0.0000,Tx-Rx,0,-75.6990,"-0.15000 1.10000 4.90000, 7.15000 0.10000 5.15000"
551,0.0000,Tx-Rx,0,-74.1961,"-0.15000 1.10000 4.90000, 6.85000 0.10000 5.15000"
552,0.0000,Tx-Rx,0,-73.5400,"-0.15000 1.10000 4.90000, 6.55000 0.10000 5.15000"
553,0.0000,Tx-Rx,0,-73.9317,"-0.15000 1.10000 4.90000, 6.25000 0.10000 5.15000"
554,0.0000,Tx-Rx,0,-73.4593,"-0.15000 1.10000 4.90000, 5.95000 0.10000 5.15000"
555,0.0000,Tx-Rx,0,-73.4004,"-0.15000 1.10000 4.90000, 5.65000 0.10000 5.15000"
556,0.0000,Tx-Rx,0,-73.1456,"-0.15000 1.10000 4.90000, 5.35000 0.10000 5.15000"
557,0.0000,Tx-Rx,0,-72.8832,"-0.15000 1.10000 4.90000, 5.05000 0.10000 5.15000"
558,0.0000,Tx-Rx,0,-72.1702,"-0.15000 1.10000 4.90000, 4.75000 0.10000 5.15000"
559,0.0000,Tx-Rx,0,-72.1608,"-0.15000 1.10000 4.90000, 4.45000 0.10000 5.15000"
560,0.0000,Tx-Rx,0,-71.7941,"-0.15000 1.10000 4.90000, 4.15000 0.10000 5.15000"
561,0.0000,Tx-Rx,0,-70.8664,"-0.15000 1.10000 4.90000, 3.85000 0.10000 5.15000"
562,0.0000,Tx-Rx,0,-70.4527,"-0.15000 1.10000 4.90000, 3.55000 0.10000 5.15000"
563,0.0000,Tx-Rx,0,-70.1660,"-0.15000 1.10000 4.90000, 3.25000 0.10000 5.15000"
564,0.0000,Tx-Rx,0,-69.2410,"-0.15000 1.10000 4.90000, 2.95000 0.10000 5.15000"
565,0.0000,Tx-Rx,0,-68.6817,"-0.15000 1.10000 4.90000, 2.65000 0.10000 5.15000"
566,0.0000,Tx-Rx,0,-68.2249,"-0.15000 1.10000 4.90000, 2.35000 0.10000 5.15000"
567,0.0000,Tx-Rx,0,-71.0165,"-0.15000 1.10000 4.90000, 2.05000 0.10000 5.15000"
568,0.0000,Tx-Rx,0,-70.5176,"-0.15000 1.10000 4.90000, 1.75000 0.10000 5.15000"
569,0.0000,Tx-Rx,0,-70.0710,"-0.15000 1.10000 4.90000, 1.45000 0.10000 5.15000"
570,0.0000,Tx-Rx,0,-69.1874,"-0.15000 1.10000 4.90000, 1.15000 0.10000 5.15000"
571,0.0000,Tx-Rx,0,-69.5495,"-0.15000 1.10000 4.90000, 0.85000 0.10000 5.15000"
572,0.0000,Tx-Rx,0,-69.2843,"-0.15000 1.10000 4.90000, 0.55000 0.10000 5.15000"
573,0.0000,Tx-Rx,0,-68.9530,"-0.15000 1.10000 4.90000, 0.25000 0.10000 5.15000"
574,0.0000,Tx-Rx,0,-42.9286,"-0.15000 1.10000 4.90000, -0.05000 0.10000 5.15000"
575,0.0000,Tx-Rx,0,-41.7181,"-0.15000 1.10000 4.90000, -0.35000 0.10000 5.15000"
576,0.0000,Tx-Rx,0,-41.8926,"-0.15000 1.10000 4.90000, -0.65000 0.10000 5.15000"
577,0.0000,Tx-Rx,0,-42.1783,"-0.15000 1.10000 4.90000, -0.95000 0.10000 5.15000"
578,0.0000,Tx-Rx,0,-46.5160,"-0.15000 1.10000 4.90000, -1.25000 0.10000 5.15000"
579,0.0000,Tx-Rx,0,-74.0125,"-0.15000 1.10000 4.90000, -1.55000 0.10000 5.15000"
580,0.0000,Tx-Rx,0,-67.4023,"-0.15000 1.10000 4.90000, -1.85000 0.10000 5.15000"
581,0.0000,Tx-Rx,0,-66.4153,"-0.15000 1.10000 4.90000, -2.15000 0.10000 5.15000"
582,0.0000,Tx-Rx,0,-58.4927,"-0.15000 1.10000 4.90000, -2.45000 0.10000 5.15000"
583,0.0000,Tx-Rx,0,-56.9728,"-0.15000 1.10000 4.90000, -2.75000 0.10000 5.15000"
584,0.0000,Tx-Rx,0,-55.9651,"-0.15000 1.10000 4.90000, -3.05000 0.10000 5.15000"
585,0.0000,Tx-Rx,0,-56.3354,"-0.15000 1.10000 4.90000, -3.35000 0.10000 5.15000"
586,0.0000,Tx-Rx,0,-56.6318,"-0.15000 1.10000 4.90000, -3.65000 0.10000 5.15000"
587,0.0000,Tx-Rx,0,-57.4527,"-0.15000 1.10000 4.90000, -3.95000 0.10000 5.15000"
588,0.0000,Tx-Rx,0,-57.7517,"-0.15000 1.10000 4.90000, -4.25000 0.10000 5.15000"
589,0.0000,Tx-Rx,0,-57.9039,"-0.15000 1.10000 4.90000, -4.55000 0.10000 5.15000"
590,0.0000,Tx-Rx,0,-58.0357,"-0.15000 1.10000 4.90000, -4.85000 0.10000 5.15000"
591,0.0000,Tx-Rx,0,-58.6455,"-0.15000 1.10000 4.90000, -5.15000 0.10000 5.15000"
592,0.0000,Tx-Rx,0,-59.8349,"-0.15000 1.10000 4.90000, -5.45000 0.10000 5.15000"
593,0.0000,Tx-Rx,0,-60.4486,"-0.15000 1.10000 4.90000, -5.75000 0.10000 5.15000"
594,0.0000,Tx-Rx,0,-60.6940,"-0.15000 1.10000 4.90000, -6.05000 0.10000 5.15000"
595,0.0000,Tx-Rx,0,-61.0868,"-0.15000 1.10000 4.90000, -6.35000 0.10000 5.15000"
596,0.0000,Tx-Rx,0,-60.3992,"-0.15000 1.10000 4.90000, -6.65000 0.10000 5.15000"
597,0.0000,Tx-Rx,0,-60.9346,"-0.15000 1.10000 4.90000, -6.95000 0.10000 5.15000"
598,0.0000,Tx-Rx,0,-60.8757,"-0.15000 1.10000 4.90000, -7.25000 0.10000 5.15000"
599,0.0000,Tx-Rx,0,-61.0289,"-0.15000 1.10000 4.90000, -7.55000 0.10000 5.15000"
600,0.0000,Tx-Rx,0,-61.4643,"-0.15000 1.10000 4.90000, -7.85000 0.10000 5.15000"
601,0.0000,Tx-Rx,0,-114.4365,"-0.15000 1.10000 4.90000, 9.85000 0.10000 4.85000"
602,0.0000,Tx-Rx,0,-98.9683,"-0.15000 1.10000 4.90000, 9.55000 0.10000 4.85000"
603,0.0000,Tx-Rx,0,-100.7737,"-0.15000 1.10000 4.90000, 9.25000 0.10000 4.85000"
604,0.0000,Tx-Rx,0,-120.0000,"-0.15000 1.10000 4.90000, 8.95000 0.10000 4.85000"
605,0.0000,Tx-Rx,0,-98.0029,"-0.15000 1.10000 4.90000, 8.65000 0.10000 4.85000"
606,0.0000,Tx-Rx,0,-98.6912,"-0.15000 1.10000 4.90000, 8.35000 0.10000 4.85000"
607,0.0000,Tx-Rx,0,-78.6482,"-0.15000 1.10000 4.90000, 8.05000 0.10000 4.85000"
608,0.0000,Tx-Rx,0,-74.3052,"-0.15000 1.10000 4.90000, 7.75000 0.10000 4.85000"
609,0.0000,Tx-Rx,0,-74.3145,"-0.15000 1.10000 4.90000, 7.45000 0.10000 4.85000"
610,0.0000,Tx-Rx,0,-73.7143,"-0.15000 1.10000 4.90000, 7.15000 0.10000 4.85000"
611,0.0000,Tx-Rx,0,-73.3079,"-0.15000 1.10000 4.90000, 6.85000 0.10000 4.85000"
612,0.0000,Tx-Rx,0,-73.2561,"-0.15000 1.10000 4.90000, 6.55000 0.10000 4.85000"
613,0.0000,Tx-Rx,0,-73.3080,"-0.15000 1.10000 4.90000, 6.25000 0.10000 4.85000"
614,0.0000,Tx-Rx,0,-73.3408,"-0.15000 1.10000 4.90000, 5.95000 0.10000 4.85000"
615,0.0000,Tx-Rx,0,-73.5246,"-0.15000 1.10000 4.90000, 5.65000 0.10000 4.85000"
616,0.0000,Tx-Rx,0,-72.8839,"-0.15000 1.10000 4.90000, 5.35000 0.10000 4.85000"
617,0.0000,Tx-Rx,0,-72.4376,"-0.15000 1.10000 4.90000, 5.05000 0.10000 4.85000"
618,0.0000,Tx-Rx,0,-72.5388,"-0.15000 1.10000 4.90000, 4.75000 0.10000 4.85000"
619,0.0000,Tx-Rx,0,-72.2127,"-0.15000 1.10000 4.90000, 4.45000 0.10000 4.85000"
620,0.0000,Tx-Rx,0,-71.4134,"-0.15000 1.10000 4.90000, 4.15000 0.10000 4.85000"
621,0.0000,Tx-Rx,0,-70.7108,"-0.15000 1.10000 4.90000, 3.85000 0.10000 4.85000"
622,0.0000,Tx-Rx,0,-70.1133,"-0.15000 1.10000 4.90000, 3.55000 0.10000 4.85000"
623,0.0000,Tx-Rx,0,-69.8596,"-0.15000 1.10000 4.90000, 3.25000 0.10000 4.85000"
624,0.0000,Tx-Rx,0,-69.2750,"-0.15000 1.10000 4.90000, 2.95000 0.10000 4.85000"
625,0.0000,Tx-Rx,0,-68.9291,"-0.15000 1.10000 4.90000, 2.65000 0.10000 4.85000"
626,0.0000,Tx-Rx,0,-68.3686,"-0.15000 1.10000 4.90000, 2.35000 0.10000 4.85000"
627,0.0000,Tx-Rx,0,-71.2466,"-0.15000 1.10000 4.90000, 2.05000 0.10000 4.85000"
628,0.0000,Tx-Rx,0,-70.8248,"-0.15000 1.10000 4.90000, 1.75000 0.10000 4.85000"
629,0.0000,Tx-Rx,0,-70.2034,"-0.15000 1.10000 4.90000, 1.45000 0.10000 4.85000"
630,0.0000,Tx-Rx,0,-69.3385,"-0.15000 1.10000 4.90000, 1.15000 0.10000 4.85000"
631,0.0000,Tx-Rx,0,-68.4171,"-0.15000 1.10000 4.90000, 0.85000 0.10000 4.85000"
632,0.0000,Tx-Rx,0,-67.3682,"-0.15000 1.10000 4.90000, 0.55000 0.10000 4.85000"
633,0.0000,Tx-Rx,0,-67.5346,"-0.15000 1.10000 4.90000, 0.25000 0.10000 4.85000"
634,0.0000,Tx-Rx,0,-43.2264,"-0.15000 1.10000 4.90000, -0.05000 0.10000 4.85000"
635,0.0000,Tx-Rx,0,-41.5920,"-0.15000 1.10000 4.90000, -0.35000 0.10000 4.85000"
636,0.0000,Tx-Rx,0,-41.6464,"-0.15000 1.10000 4.90000, -0.65000 0.10000 4.85000"
637,0.0000,Tx-Rx,0,-42.2985,"-0.15000 1.10000 4.90000, -0.95000 0.10000 4.85000"
638,0.0000,Tx-Rx,0,-43.4352,"-0.15000 1.10000 4.90000, -1.25000 0.10000 4.85000"
639,0.0000,Tx-Rx,0,-47.6879,"-0.15000 1.10000 4.90000, -1.55000 0.10000 4.85000"
640,0.0000,Tx-Rx,0,-48.3408,"-0.15000 1.10000 4.90000, -1.85000 0.10000 4.85000"
641,0.0000,Tx-Rx,0,-49.0185,"-0.15000 1.10000 4.90000, -2.15000 0.10000 4.85000"
642,0.0000,Tx-Rx,0,-44.9391,"-0.15000 1.10000 4.90000, -2.45000 0.10000 4.85000"
643,0.0000,Tx-Rx,0,-45.6350,"-0.15000 1.10000 4.90000, -2.75000 0.10000 4.85000"
644,0.0000,Tx-Rx,0,-46.4702,"-0.15000 1.10000 4.90000, -3.05000 0.10000 4.85000"
645,0.0000,Tx-Rx,0,-47.2151,"-0.15000 1.10000 4.90000, -3.35000 0.10000 4.85000"
646,0.0000,Tx-Rx,0,-47.8686,"-0.15000 1.10000 4.90000, -3.65000 0.10000 4.85000"
647,0.0000,Tx-Rx,0,-48.5693,"-0.15000 1.10000 4.90000, -3.95000 0.10000 4.85000"
648,0.0000,Tx-Rx,0,-49.1700,"-0.15000 1.10000 4.90000, -4.25000 0.10000 4.85000"
649,0.0000,Tx-Rx,0,-49.6279,"-0.15000 1.10000 4.90000, -4.55000 0.10000 4.85000"
650,0.0000,Tx-Rx,0,-50.1650,"-0.15000 1.10000 4.90000, -4.85000 0.10000 4.85000"
651,0.0000,Tx-Rx,0,-50.7638,"-0.15000 1.10000 4.90000, -5.15000 0.10000 4.85000"
652,0.0000,Tx-Rx,0,-51.2302,"-0.15000 1.10000 4.90000, -5.45000 0.10000 4.85000"
653,0.0000,Tx-Rx,0,-51.6006,"-0.15000 1.10000 4.90000, -5.75000 0.10000 4.85000"
654,0.0000,Tx-Rx,0,-51.9933,"-0.15000 1.10000 4.90000, -6.05000 0.10000 4.85000"
655,0.0000,Tx-Rx,0,-52.5013,"-0.15000 1.10000 4.90000, -6.35000 0.10000 4.85000"
656,0.0000,Tx-Rx,0,-52.8867,"-0.15000 1.10000 4.90000, -6.65000 0.10000 4.85000"
657,0.0000,Tx-Rx,0,-53.1002,"-0.15000 1.10000 4.90000, -6.95000 0.10000 4.85000"
658,0.0000,Tx-Rx,0,-53.2483,"-0.15000 1.10000 4.90000, -7.25000 0.10000 4.85000"
659,0.0000,Tx-Rx,0,-53.1670,"-0.15000 1.10000 4.90000, -7.55000 0.10000 4.85000"
660,0.0000,Tx-Rx,0,-53.5714,"-0.15000 1.10000 4.90000, -7.85000 0.10000 4.85000"
661,0.0000,Tx-Rx,0,-120.0000,"-0.15000 1.10000 4.90000, 9.85000 0.10000 4.55000"
662,0.0000,Tx-Rx,0,-102.0372,"-0.15000 1.10000 4.90000, 9.55000 0.10000 4.55000"
663,0.0000,Tx-Rx,0,-108.8015,"-0.15000 1.10000 4.90000, 9.25000 0.10000 4.55000"
664,0.0000,Tx-Rx,0,-97.1135,"-0.15000 1.10000 4.90000, 8.95000 0.10000 4.55000"
665,0.0000,Tx-Rx,0,-101.6102,"-0.15000 1.10000 4.90000, 8.65000 0.10000 4.55000"
666,0.0000,Tx-Rx,0,-98.8591,"-0.15000 1.10000 4.90000, 8.35000 0.10000 4.55000"
667,0.0000,Tx-Rx,0,-79.0978,"-0.15000 1.10000 4.90000, 8.05000 0.10000 4.55000"
668,0.0000,Tx-Rx,0,-74.5353,"-0.15000 1.10000 4.90000, 7.75000 0.10000 4.55000"
669,0.0000,Tx-Rx,0,-74.1184,"-0.15000 1.10000 4.90000, 7.45000 0.10000 4.55000"
670,0.0000,Tx-Rx,0,-74.2636,"-0.15000 1.10000 4.90000, 7.15000 0.10000 4.55000"
671,0.0000,Tx-Rx,0,-74.3119,"-0.15000 1.10000 4.90000, 6.85000 0.10000 4.55000"
672,0.0000,Tx-Rx,0,-74.4660,"-0.15000 1.10000 4.90000, 6.55000 0.10000 4.55000"
673,0.0000,Tx-Rx,0,-73.6577,"-0.15000 1.10000 4.90000, 6.25000 0.10000 4.55000"
674,0.0000,Tx-Rx,0,-73.4741,"-0.15000 1.10000 4.90000, 5.95000 0.10000 4.55000"
675,0.0000,Tx-Rx,0,-73.2636,"-0.15000 1.10000 4.90000, 5.65000 0.10000 4.55000"
676,0.0000,Tx-Rx,0,-73.1584,"-0.15000 1.10000 4.90000, 5.35000 0.10000 4.55000"
677,0.0000,Tx-Rx,0,-73.1887,"-0.15000 1.10000 4.90000, 5.05000 0.10000 4.55000"
678,0.0000,Tx-Rx,0,-72.5586,"-0.15000 1.10000 4.90000, 4.75000 0.10000 4.55000"
679,0.0000,Tx-Rx,0,-72.0774,"-0.15000 1.10000 4.90000, 4.45000 0.10000 4.55000"
680,0.0000,Tx-Rx,0,-71.3099,"-0.15000 1.10000 4.90000, 4.15000 0.10000 4.55000"
681,0.0000,Tx-Rx,0,-70.7149,"-0.15000 1.10000 4.90000, 3.85000 0.10000 4.55000"
682,0.0000,Tx-Rx,0,-70.0922,"-0.15000 1.10000 4.90000, 3.55000 0.10000 4.55000"
683,0.0000,Tx-Rx,0,-70.1296,"-0.15000 1.10000 4.90000, 3.25000 0.10000 4.55000"
684,0.0000,Tx-Rx,0,-69.7369,"-0.15000 1.10000 4.90000, 2.95000 0.10000 4.55000"
685,0.0000,Tx-Rx,0,-69.3290,"-0.15000 1.10000 4.90000, 2.65000 0.10000 4.55000"
686,0.0000,Tx-Rx,0,-68.5059,"-0.15000 1.10000 4.90000, 2.35000 0.10000 4.55000"
687,0.0000,Tx-Rx,0,-71.4098,"-0.15000 1.10000 4.90000, 2.05000 0.10000 4.55000"
688,0.0000,Tx-Rx,0,-71.0157,"-0.15000 1.10000 4.90000, 1.75000 0.10000 4.55000"
689,0.0000,Tx-Rx,0,-70.6557,"-0.15000 1.10000 4.90000, 1.45000 0.10000 4.55000"
690,0.0000,Tx-Rx,0,-70.0482,"-0.15000 1.10000 4.90000, 1.15000 0.10000 4.55000"
691,0.0000,Tx-Rx,0,-69.0051,"-0.15000 1.10000 4.90000, 0.85000 0.10000 4.55000"
692,0.0000,Tx-Rx,0,-67.9685,"-0.15000 1.10000 4.90000, 0.55000 0.10000 4.55000"
693,0.0000,Tx-Rx,0,-67.7851,"-0.15000 1.10000 4.90000, 0.25000 0.10000 4.55000"
694,0.0000,Tx-Rx,0,-41.9546,"-0.15000 1.10000 4.90000, -0.05000 0.10000 4.55000"
695,0.0000,Tx-Rx,0,-41.4123,"-0.15000 1.10000 4.90000, -0.35000 0.10000 4.55000"
696,0.0000,Tx-Rx,0,-41.8683,"-0.15000 1.10000 4.90000, -0.65000 0.10000 4.55000"
697,0.0000,Tx-Rx,0,-42.6159,"-0.15000 1.10000 4.90000, -0.95000 0.10000 4.55000"
698,0.0000,Tx-Rx,0,-44.3531,"-0.15000 1.10000 4.90000, -1.25000 0.10000 4.55000"
699,0.0000,Tx-Rx,0,-45.5936,"-0.15000 1.10000 4.90000, -1.55000 0.10000 4.55000"
700,0.0000,Tx-Rx,0,-45.8620,"-0.15000 1.10000 4.90000, -1.85000 0.10000 4.55000"
701,0.0000,Tx-Rx,0,-46.1818,"-0.15000 1.10000 4.90000, -2.15000 0.10000 4.55000"
702,0.0000,Tx-Rx,0,-44.2145,"-0.15000 1.10000 4.90000, -2.45000 0.10000 4.55000"
703,0.0000,Tx-Rx,0,-47.8460,"-0.15000 1.10000 4.90000, -2.75000 0.10000 4.55000"
704,0.0000,Tx-Rx,0,-47.9993,"-0.15000 1.10000 4.90000, -3.05000 0.10000 4.55000"
705,0.0000,Tx-Rx,0,-48.0325,"-0.15000 1.10000 4.90000, -3.35000 0.10000 4.55000"
706,0.0000,Tx-Rx,0,-48.2024,"-0.15000 1.10000 4.90000, -3.65000 0.10000 4.55000"
707,0.0000,Tx-Rx,0,-48.8158,"-0.15000 1.10000 4.90000, -3.95000 0.10000 4.55000"
708,0.0000,Tx-Rx,0,-49.4576,"-0.15000 1.10000 4.90000, -4.25000 0.10000 4.55000"
709,0.0000,Tx-Rx,0,-52.7615,"-0.15000 1.10000 4.90000, -4.55000 0.10000 4.55000"
710,0.0000,Tx-Rx,0,-52.4907,"-0.15000 1.10000 4.90000, -4.85000 0.10000 4.55000"
711,0.0000,Tx-Rx,0,-52.5773,"-0.15000 1.10000 4.90000, -5.15000 0.10000 4.55000"
712,0.0000,Tx-Rx,0,-52.4886,"-0.15000 1.10000 4.90000, -5.45000 0.10000 4.55000"
713,0.0000,Tx-Rx,0,-52.1820,"-0.15000 1.10000 4.90000, -5.75000 0.10000 4.55000"
714,0.0000,Tx-Rx,0,-52.2093,"-0.15000 1.10000 4.90000, -6.05000 0.10000 4.55000"
715,0.0000,Tx-Rx,0,-52.4226,"-0.15000 1.10000 4.90000, -6.35000 0.10000 4.55000"
716,0.0000,Tx-Rx,0,-52.1923,"-0.15000 1.10000 4.90000, -6.65000 0.10000 4.55000"
717,0.0000,Tx-Rx,0,-50.8588,"-0.15000 1.10000 4.90000, -6.95000 0.10000 4.55000"
718,0.0000,Tx-Rx,0,-50.9848,"-0.15000 1.10000 4.90000, -7.25000 0.10000 4.55000"
719,0.0000,Tx-Rx,0,-50.9325,"-0.15000 1.10000 4.90000, -7.55000 0.10000 4.55000"
720,0.0000,Tx-Rx,0,-51.3683,"-0.15000 1.10000 4.90000, -7.85000 0.10000 4.55000"
721,0.0000,Tx-Rx,0,-101.0387,"-0.15000 1.10000 4.90000, 9.85000 0.10000 4.25000"
722,0.0000,Tx-Rx,0,-98.3834,"-0.15000 1.10000 4.90000, 9.55000 0.10000 4.25000"
723,0.0000,Tx-Rx,0,-120.0000,"-0.15000 1.10000 4.90000, 9.25000 0.10000 4.25000"
724,0.0000,Tx-Rx,0,-114.5630,"-0.15000 1.10000 4.90000, 8.95000 0.10000 4.25000"
725,0.0000,Tx-Rx,0,-99.3833,"-0.15000 1.10000 4.90000, 8.65000 0.10000 4.25000"
726,0.0000,Tx-Rx,0,-110.4016,"-0.15000 1.10000 4.90000, 8.35000 0.10000 4.25000"
727,0.0000,Tx-Rx,0,-79.7446,"-0.15000 1.10000 4.90000, 8.05000 0.10000 4.25000"
728,0.0000,Tx-Rx,0,-74.2940,"-0.15000 1.10000 4.90000, 7.75000 0.10000 4.25000"
729,0.0000,Tx-Rx,0,-74.0148,"-0.15000 1.10000 4.90000, 7.45000 0.10000 4.25000"
730,0.0000,Tx-Rx,0,-73.8217,"-0.15000 1.10000 4.90000, 7.15000 0.10000 4.25000"
731,0.0000,Tx-Rx,0,-73.6050,"-0.15000 1.10000 4.90000, 6.85000 0.10000 4.25000"
732,0.0000,Tx-Rx,0,-73.7469,"-0.15000 1.10000 4.90000, 6.55000 0.10000 4.25000"
733,0.0000,Tx-Rx,0,-73.2316,"-0.15000 1.10000 4.90000, 6.25000 0.10000 4.25000"
734,0.0000,Tx-Rx,0,-73.8981,"-0.15000 1.10000 4.90000, 5.95000 0.10000 4.25000"
735,0.0000,Tx-Rx,0,-73.3773,"-0.15000 1.10000 4.90000, 5.65000 0.10000 4.25000"
736,0.0000,Tx-Rx,0,-72.8311,"-0.15000 1.10000 4.90000, 5.35000 0.10000 4.25000"
737,0.0000,Tx-Rx,0,-72.9542,"-0.15000 1.10000 4.90000, 5.05000 0.10000 4.25000"
738,0.0000,Tx-Rx,0,-72.4255,"-0.15000 1.10000 4.90000, 4.75000 0.10000 4.25000"
739,0.0000,Tx-Rx,0,-72.0596,"-0.15000 1.10000 4.90000, 4.45000 0.10000 4.25000"
740,0.0000,Tx-Rx,0,-71.8035,"-0.15000 1.10000 4.90000, 4.15000 0.10000 4.25000"
741,0.0000,Tx-Rx,0,-71.0942,"-0.15000 1.10000 4.90000, 3.85000 0.10000 4.25000"
742,0.0000,Tx-Rx,0,-70.4237,"-0.15000 1.10000 4.90000, 3.55000 0.10000 4.25000"
743,0.0000,Tx-Rx,0,-70.4208,"-0.15000 1.10000 4.90000, 3.25000 0.10000 4.25000"
744,0.0000,Tx-Rx,0,-69.8150,"-0.15000 1.10000 4.90000, 2.95000 0.10000 4.25000"
745,0.0000,Tx-Rx,0,-69.2688,"-0.15000 1.10000 4.90000, 2.65000 0.10000 4.25000"
746,0.0000,Tx-Rx,0,-68.7750,"-0.15000 1.10000 4.90000, 2.35000 0.10000 4.25000"
747,0.0000,Tx-Rx,0,-72.1939,"-0.15000 1.10000 4.90000, 2.05000 0.10000 4.25000"
748,0.0000,Tx-Rx,0,-71.3611,"-0.15000 1.10000 4.90000, 1.75000 0.10000 4.25000"
749,0.0000,Tx-Rx,0,-71.2336,"-0.15000 1.10000 4.90000, 1.45000 0.10000 4.25000"
750,0.0000,Tx-Rx,0,-70.7848,"-0.15000 1.10000 4.90000, 1.15000 0.10000 4.25000"
751,0.0000,Tx-Rx,0,-69.9968,"-0.15000 1.10000 4.90000, 0.85000 0.10000 4.25000"
752,0.0000,Tx-Rx,0,-69.1577,"-0.15000 1.10000 4.90000, 0.55000 0.10000 4.25000"
753,0.0000,Tx-Rx,0,-69.3582,"-0.15000 1.10000 4.90000, 0.25000 0.10000 4.25000"
754,0.0000,Tx-Rx,0,-41.8737,"-0.15000 1.10000 4.90000, -0.05000 0.10000 4.25000"
755,0.0000,Tx-Rx,0,-40.5101,"-0.15000 1.10000 4.90000, -0.35000 0.10000 4.25000"
756,0.0000,Tx-Rx,0,-41.7235,"-0.15000 1.10000 4.90000, -0.65000 0.10000 4.25000"
757,0.0000,Tx-Rx,0,-43.6222,"-0.15000 1.10000 4.90000, -0.95000 0.10000 4.25000"
758,0.0000,Tx-Rx,0,-45.0667,"-0.15000 1.10000 4.90000, -1.25000 0.10000 4.25000"
759,0.0000,Tx-Rx,0,-45.8018,"-0.15000 1.10000 4.90000, -1.55000 0.10000 4.25000"
760,0.0000,Tx-Rx,0,-46.1344,"-0.15000 1.10000 4.90000, -1.85000 0.10000 4.25000"
761,0.0000,Tx-Rx,0,-46.2281,"-0.15000 1.10000 4.90000, -2.15000 0.10000 4.25000"
762,0.0000,Tx-Rx,0,-44.6107,"-0.15000 1.10000 4.90000, -2.45000 0.10000 4.25000"
763,0.0000,Tx-Rx,0,-51.6148,"-0.15000 1.10000 4.90000, -2.75000 0.10000 4.25000"
764,0.0000,Tx-Rx,0,-52.1899,"-0.15000 1.10000 4.90000, -3.05000 0.10000 4.25000"
765,0.0000,Tx-Rx,0,-52.9060,"-0.15000 1.10000 4.90000, -3.35000 0.10000 4.25000"
766,0.0000,Tx-Rx,0,-53.5496,"-0.15000 1.10000 4.90000, -3.65000 0.10000 4.25000"
767,0.0000,Tx-Rx,0,-52.9452,"-0.15000 1.10000 4.90000, -3.95000 0.10000 4.25000"
768,0.0000,Tx-Rx,0,-53.3655,"-0.15000 1.10000 4.90000, -4.25000 0.10000 4.25000"
769,0.0000,Tx-Rx,0,-58.8474,"-0.15000 1.10000 4.90000, -4.55000 0.10000 4.25000"
770,0.0000,Tx-Rx,0,-57.2261,"-0.15000 1.10000 4.90000, -4.85000 0.10000 4.25000"
771,0.0000,Tx-Rx,0,-57.8667,"-0.15000 1.10000 4.90000, -5.15000 0.10000 4.25000"
772,0.0000,Tx-Rx,0,-62.3601,"-0.15000 1.10000 4.90000, -5.45000 0.10000 4.25000"
773,0.0000,Tx-Rx,0,-61.3174,"-0.15000 1.10000 4.90000, -5.75000 0.10000 4.25000"
774,0.0000,Tx-Rx,0,-60.4281,"-0.15000 1.10000 4.90000, -6.05000 0.10000 4.25000"
775,0.0000,Tx-Rx,0,-63.0430,"-0.15000 1.10000 4.90000, -6.35000 0.10000 4.25000"
776,0.0000,Tx-Rx,0,-64.9639,"-0.15000 1.10000 4.90000, -6.65000 0.10000 4.25000"
777,0.0000,Tx-Rx,0,-63.2601,"-0.15000 1.10000 4.90000, -6.95000 0.10000 4.25000"
778,0.0000,Tx-Rx,0,-63.4939,"-0.15000 1.10000 4.90000, -7.25000 0.10000 4.25000"
779,0.0000,Tx-Rx,0,-63.9993,"-0.15000 1.10000 4.90000, -7.55000 0.10000 4.25000"
780,0.0000,Tx-Rx,0,-64.2220,"-0.15000 1.10000 4.90000, -7.85000 0.10000 4.25000"
781,0.0000,Tx-Rx,0,-113.6453,"-0.15000 1.10000 4.90000, 9.85000 0.10000 3.95000"
782,0.0000,Tx-Rx,0,-101.3695,"-0.15000 1.10000 4.90000, 9.55000 0.10000 3.95000"
783,0.0000,Tx-Rx,0,-97.1987,"-0.15000 1.10000 4.90000, 9.25000 0.10000 3.95000"
784,0.0000,Tx-Rx,0,-102.3783,"-0.15000 1.10000 4.90000, 8.95000 0.10000 3.95000"
785,0.0000,Tx-Rx,0,-98.7072,"-0.15000 1.10000 4.90000, 8.65000 0.10000 3.95000"
786,0.0000,Tx-Rx,0,-100.2184,"-0.15000 1.10000 4.90000, 8.35000 0.10000 3.95000"
787,0.0000,Tx-Rx,0,-79.8856,"-0.15000 1.10000 4.90000, 8.05000 0.10000 3.95000"
788,0.0000,Tx-Rx,0,-74.5361,"-0.15000 1.10000 4.90000, 7.75000 0.10000 3.95000"
789,0.0000,Tx-Rx,0,-74.1571,"-0.15000 1.10000 4.90000, 7.45000 0.10000 3.95000"
790,0.0000,Tx-Rx,0,-74.4935,"-0.15000 1.10000 4.90000, 7.15000 0.10000 3.95000"
791,0.0000,Tx-Rx,0,-73.7558,"-0.15000 1.10000 4.90000, 6.85000 0.10000 3.95000"
792,0.0000,Tx-Rx,0,-73.2737,"-0.15000 1.10000 4.90000, 6.55000 0.10000 3.95000"
793,0.0000,Tx-Rx,0,-73.3913,"-0.15000 1.10000 4.90000, 6.25000 0.10000 3.95000"
794,0.0000,Tx-Rx,0,-73.4522,"-0.15000 1.10000 4.90000, 5.95000 0.10000 3.95000"
795,0.0000,Tx-Rx,0,-73.2110,"-0.15000 1.10000 4.90000, 5.65000 0.10000 3.95000"
796,0.0000,Tx-Rx,0,-73.7131,"-0.15000 1.10000 4.90000, 5.35000 0.10000 3.95000"
797,0.0000,Tx-Rx,0,-72.6794,"-0.15000 1.10000 4.90000, 5.05000 0.10000 3.95000"
798,0.0000,Tx-Rx,0,-72.6777,"-0.15000 1.10000 4.90000, 4.75000 0.10000 3.95000"
799,0.0000,Tx-Rx,0,-72.4032,"-0.15000 1.10000 4.90000, 4.45000 0.10000 3.95000"
800,0.0000,Tx-Rx,0,-71.9000,"-0.15000 1.10000 4.90000, 4.15000 0.10000 3.95000"
801,0.0000,Tx-Rx,0,-71.3374,"-0.15000 1.10000 4.90000, 3.85000 0.10000 3.95000"
802,0.0000,Tx-Rx,0,-71.0414,"-0.15000 1.10000 4.90000, 3.55000 0.10000 3.95000"
803,0.0000,Tx-Rx,0,-70.3097,"-0.15000 1.10000 4.90000, 3.25000 0.10000 3.95000"
804,0.0000,Tx-Rx,0,-70.0399,"-0.15000 1.10000 4.90000, 2.95000 0.10000 3.95000"
805,0.0000,Tx-Rx,0,-69.9299,"-0.15000 1.10000 4.90000, 2.65000 0.10000 3.95000"
806,0.0000,Tx-Rx,0,-69.2154,"-0.15000 1.10000 4.90000, 2.35000 0.10000 3.95000"
807,0.0000,Tx-Rx,0,-72.9216,"-0.15000 1.10000 4.90000, 2.05000 0.10000 3.95000"
808,0.0000,Tx-Rx,0,-71.9303,"-0.15000 1.10000 4.90000, 1.75000 0.10000 3.95000"
809,0.0000,Tx-Rx,0,-71.7746,"-0.15000 1.10000 4.90000, 1.45000 0.10000 3.95000"
810,0.0000,Tx-Rx,0,-71.6065,"-0.15000 1.10000 4.90000, 1.15000 0.10000 3.95000"
811,0.0000,Tx-Rx,0,-71.1885,"-0.15000 1.10000 4.90000, 0.85000 0.10000 3.95000"
812,0.0000,Tx-Rx,0,-70.8037,"-0.15000 1.10000 4.90000, 0.55000 0.10000 3.95000"
813,0.0000,Tx-Rx,0,-70.6125,"-0.15000 1.10000 4.90000, 0.25000 0.10000 3.95000"
814,0.0000,Tx-Rx,0,-42.7799,"-0.15000 1.10000 4.90000, -0.05000 0.10000 3.95000"
815,0.0000,Tx-Rx,0,-41.1559,"-0.15000 1.10000 4.90000, -0.35000 0.10000 3.95000"
816,0.0000,Tx-Rx,0,-41.3735,"-0.15000 1.10000 4.90000, -0.65000 0.10000 3.95000"
817,0.0000,Tx-Rx,0,-44.3929,"-0.15000 1.10000 4.90000, -0.95000 0.10000 3.95000"
818,0.0000,Tx-Rx,0,-45.6651,"-0.15000 1.10000 4.90000, -1.25000 0.10000 3.95000"
819,0.0000,Tx-Rx,0,-46.4509,"-0.15000 1.10000 4.90000, -1.55000 0.10000 3.95000"
820,0.0000,Tx-Rx,0,-46.5245,"-0.15000 1.10000 4.90000, -1.85000 0.10000 3.95000"
821,0.0000,Tx-Rx,0,-46.7308,"-0.15000 1.10000 4.90000, -2.15000 0.10000 3.95000"
822,0.0000,Tx-Rx,0,-44.3193,"-0.15000 1.10000 4.90000, -2.45000 0.10000 3.95000"
823,0.0000,Tx-Rx,0,-48.6148,"-0.15000 1.10000 4.90000, -2.75000 0.10000 3.95000"
824,0.0000,Tx-Rx,0,-51.5333,"-0.15000 1.10000 4.90000, -3.05000 0.10000 3.95000"
825,0.0000,Tx-Rx,0,-50.2111,"-0.15000 1.10000 4.90000, -3.35000 0.10000 3.95000"
826,0.0000,Tx-Rx,0,-50.2631,"-0.15000 1.10000 4.90000, -3.65000 0.10000 3.95000"
827,0.0000,Tx-Rx,0,-51.0216,"-0.15000 1.10000 4.90000, -3.95000 0.10000 3.95000"
828,0.0000,Tx-Rx,0,-51.4396,"-0.15000 1.10000 4.90000, -4.25000 0.10000 3.95000"
829,0.0000,Tx-Rx,0,-52.5281,"-0.15000 1.10000 4.90000, -4.55000 0.10000 3.95000"
830,0.0000,Tx-Rx,0,-52.6961,"-0.15000 1.10000 4.90000, -4.85000 0.10000 3.95000"
831,0.0000,Tx-Rx,0,-55.8750,"-0.15000 1.10000 4.90000, -5.15000 0.10000 3.95000"
832,0.0000,Tx-Rx,0,-62.3634,"-0.15000 1.10000 4.90000, -5.45000 0.10000 3.95000"
833,0.0000,Tx-Rx,0,-60.6293,"-0.15000 1.10000 4.90000, -5.75000 0.10000 3.95000"
834,0.0000,Tx-Rx,0,-60.6128,"-0.15000 1.10000 4.90000, -6.05000 0.10000 3.95000"
835,0.0000,Tx-Rx,0,-63.4129,"-0.15000 1.10000 4.90000, -6.35000 0.10000 3.95000"
836,0.0000,Tx-Rx,0,-65.4297,"-0.15000 1.10000 4.90000, -6.65000 0.10000 3.95000"
837,0.0000,Tx-Rx,0,-65.1499,"-0.15000 1.10000 4.90000, -6.95000 0.10000 3.95000"
838,0.0000,Tx-Rx,0,-65.6919,"-0.15000 1.10000 4.90000, -7.25000 0.10000 3.95000"
839,0.0000,Tx-Rx,0,-66.8348,"-0.15000 1.10000 4.90000, -7.55000 0.10000 3.95000"
840,0.0000,Tx-Rx,0,-67.5022,"-0.15000 1.10000 4.90000, -7.85000 0.10000 3.95000"
841,0.0000,Tx-Rx,0,-120.0000,"-0.15000 1.10000 4.90000, 9.85000 0.10000 3.65000"
842,0.0000,Tx-Rx,0,-101.7613,"-0.15000 1.10000 4.90000, 9.55000 0.10000 3.65000"
843,0.0000,Tx-Rx,0,-120.0000,"-0.15000 1.10000 4.90000, 9.25000 0.10000 3.65000"
844,0.0000,Tx-Rx,0,-96.3960,"-0.15000 1.10000 4.90000, 8.95000 0.10000 3.65000"
845,0.0000,Tx-Rx,0,-101.4786,"-0.15000 1.10000 4.90000, 8.65000 0.10000 3.65000"
846,0.0000,Tx-Rx,0,-109.7242,"-0.15000 1.10000 4.90000, 8.35000 0.10000 3.65000"
847,0.0000,Tx-Rx,0,-79.0671,"-0.15000 1.10000 4.90000, 8.05000 0.10000 3.65000"
848,0.0000,Tx-Rx,0,-74.3849,"-0.15000 1.10000 4.90000, 7.75000 0.10000 3.65000"
849,0.0000,Tx-Rx,0,-74.6483,"-0.15000 1.10000 4.90000, 7.45000 0.10000 3.65000"
850,0.0000,Tx-Rx,0,-74.0789,"-0.15000 1.10000 4.90000, 7.15000 0.10000 3.65000"
851,0.0000,Tx-Rx,0,-74.1324,"-0.15000 1.10000 4.90000, 6.85000 0.10000 3.65000"
852,0.0000,Tx-Rx,0,-74.3466,"-0.15000 1.10000 4.90000, 6.55000 0.10000 3.65000"
853,0.0000,Tx-Rx,0,-73.3444,"-0.15000 1.10000 4.90000, 6.25000 0.10000 3.65000"
854,0.0000,Tx-Rx,0,-73.2972,"-0.15000 1.10000 4.90000, 5.95000 0.10000 3.65000"
855,0.0000,Tx-Rx,0,-73.5917,"-0.15000 1.10000 4.90000, 5.65000 0.10000 3.65000"
856,0.0000,Tx-Rx,0,-73.5485,"-0.15000 1.10000 4.90000, 5.35000 0.10000 3.65000"
857,0.0000,Tx-Rx,0,-73.3806,"-0.15000 1.10000 4.90000, 5.05000 0.10000 3.65000"
858,0.0000,Tx-Rx,0,-72.7512,"-0.15000 1.10000 4.90000, 4.75000 0.10000 3.65000"
859,0.0000,Tx-Rx,0,-72.2467,"-0.15000 1.10000 4.90000, 4.45000 0.10000 3.65000"
860,0.0000,Tx-Rx,0,-72.5487,"-0.15000 1.10000 4.90000, 4.15000 0.10000 3.65000"
861,0.0000,Tx-Rx,0,-71.3711,"-0.15000 1.10000 4.90000, 3.85000 0.10000 3.65000"
862,0.0000,Tx-Rx,0,-71.2164,"-0.15000 1.10000 4.90000, 3.55000 0.10000 3.65000"
863,0.0000,Tx-Rx,0,-70.9722,"-0.15000 1.10000 4.90000, 3.25000 0.10000 3.65000"
864,0.0000,Tx-Rx,0,-70.8375,"-0.15000 1.10000 4.90000, 2.95000 0.10000 3.65000"
865,0.0000,Tx-Rx,0,-70.1984,"-0.15000 1.10000 4.90000, 2.65000 0.10000 3.65000"
866,0.0000,Tx-Rx,0,-69.6881,"-0.15000 1.10000 4.90000, 2.35000 0.10000 3.65000"
867,0.0000,Tx-Rx,0,-73.0562,"-0.15000 1.10000 4.90000, 2.05000 0.10000 3.65000"
868,0.0000,Tx-Rx,0,-72.2807,"-0.15000 1.10000 4.90000, 1.75000 0.10000 3.65000"
869,0.0000,Tx-Rx,0,-72.6049,"-0.15000 1.10000 4.90000, 1.45000 0.10000 3.65000"
870,0.0000,Tx-Rx,0,-72.7400,"-0.15000 1.10000 4.90000, 1.15000 0.10000 3.65000"
871,0.0000,Tx-Rx,0,-72.1323,"-0.15000 1.10000 4.90000, 0.85000 0.10000 3.65000"
872,0.0000,Tx-Rx,0,-71.8018,"-0.15000 1.10000 4.90000, 0.55000 0.10000 3.65000"
873,0.0000,Tx-Rx,0,-71.7005,"-0.15000 1.10000 4.90000, 0.25000 0.10000 3.65000"
874,0.0000,Tx-Rx,0,-43.7718,"-0.15000 1.10000 4.90000, -0.05000 0.10000 3.65000"
875,0.0000,Tx-Rx,0,-42.0022,"-0.15000 1.10000 4.90000, -0.35000 0.10000 3.65000"
876,0.0000,Tx-Rx,0,-43.4368,"-0.15000 1.10000 4.90000, -0.65000 0.10000 3.65000"
877,0.0000,Tx-Rx,0,-45.5681,"-0.15000 1.10000 4.90000, -0.95000 0.10000 3.65000"
878,0.0000,Tx-Rx,0,-46.3534,"-0.15000 1.10000 4.90000, -1.25000 0.10000 3.65000"
879,0.0000,Tx-Rx,0,-47.0430,"-0.15000 1.10000 4.90000, -1.55000 0.10000 3.65000"
880,0.0000,Tx-Rx,0,-47.3341,"-0.15000 1.10000 4.90000, -1.85000 0.10000 3.65000"
881,0.0000,Tx-Rx,0,-47.3989,"-0.15000 1.10000 4.90000, -2.15000 0.10000 3.65000"
882,0.0000,Tx-Rx,0,-44.1044,"-0.15000 1.10000 4.90000, -2.45000 0.10000 3.65000"
883,0.0000,Tx-Rx,0,-44.4049,"-0.15000 1.10000 4.90000, -2.75000 0.10000 3.65000"
884,0.0000,Tx-Rx,0,-44.8888,"-0.15000 1.10000 4.90000, -3.05000 0.10000 3.65000"
885,0.0000,Tx-Rx,0,-46.5967,"-0.15000 1.10000 4.90000, -3.35000 0.10000 3.65000"
886,0.0000,Tx-Rx,0,-48.5186,"-0.15000 1.10000 4.90000, -3.65000 0.10000 3.65000"
887,0.0000,Tx-Rx,0,-49.7802,"-0.15000 1.10000 4.90000, -3.95000 0.10000 3.65000"
888,0.0000,Tx-Rx,0,-50.2283,"-0.15000 1.10000 4.90000, -4.25000 0.10000 3.65000"
889,0.0000,Tx-Rx,0,-50.7895,"-0.15000 1.10000 4.90000, -4.55000 0.10000 3.65000"
890,0.0000,Tx-Rx,0,-51.5983,"-0.15000 1.10000 4.90000, -4.85000 0.10000 3.65000"
891,0.0000,Tx-Rx,0,-55.2351,"-0.15000 1.10000 4.90000, -5.15000 0.10000 3.65000"
892,0.0000,Tx-Rx,0,-65.4646,"-0.15000 1.10000 4.90000, -5.45000 0.10000 3.65000"
893,0.0000,Tx-Rx,0,-62.6125,"-0.15000 1.10000 4.90000, -5.75000 0.10000 3.65000"
894,0.0000,Tx-Rx,0,-62.7085,"-0.15000 1.10000 4.90000, -6.05000 0.10000 3.65000"
895,0.0000,Tx-Rx,0,-63.4200,"-0.15000 1.10000 4.90000, -6.35000 0.10000 3.65000"
896,0.0000,Tx-Rx,0,-65.4167,"-0.15000 1.10000 4.90000, -6.65000 0.10000 3.65000"
897,0.0000,Tx-Rx,0,-65.5009,"-0.15000 1.10000 4.90000, -6.95000 0.10000 3.65000"
898,0.0000,Tx-Rx,0,-66.3788,"-0.15000 1.10000 4.90000, -7.25000 0.10000 3.65000"
899,0.0000,Tx-Rx,0,-67.8012,"-0.15000 1.10000 4.90000, -7.55000 0.10000 3.65000"
900,0.0000,Tx-Rx,0,-68.3951,"-0.15000 1.10000 4.90000, -7.85000 0.10000 3.65000"
901,0.0000,Tx-Rx,0,-103.1849,"-0.15000 1.10000 4.90000, 9.85000 0.10000 3.35000"
902,0.0000,Tx-Rx,0,-103.8222,"-0.15000 1.10000 4.90000, 9.55000 0.10000 3.35000"
903,0.0000,Tx-Rx,0,-120.0000,"-0.15000 1.10000 4.90000, 9.25000 0.10000 3.35000"
904,0.0000,Tx-Rx,0,-120.0000,"-0.15000 1.10000 4.90000, 8.95000 0.10000 3.35000"
905,0.0000,Tx-Rx,0,-98.6393,"-0.15000 1.10000 4.90000, 8.65000 0.10000 3.35000"
906,0.0000,Tx-Rx,0,-99.1931,"-0.15000 1.10000 4.90000, 8.35000 0.10000 3.35000"
907,0.0000,Tx-Rx,0,-79.9692,"-0.15000 1.10000 4.90000, 8.05000 0.10000 3.35000"
908,0.0000,Tx-Rx,0,-75.6587,"-0.15000 1.10000 4.90000, 7.75000 0.10000 3.35000"
909,0.0000,Tx-Rx,0,-75.7649,"-0.15000 1.10000 4.90000, 7.45000 0.10000 3.35000"
910,0.0000,Tx-Rx,0,-74.8339,"-0.15000 1.10000 4.90000, 7.15000 0.10000 3.35000"
911,0.0000,Tx-Rx,0,-75.2401,"-0.15000 1.10000 4.90000, 6.85000 0.10000 3.35000"
912,0.0000,Tx-Rx,0,-73.9807,"-0.15000 1.10000 4.90000, 6.55000 0.10000 3.35000"
913,0.0000,Tx-Rx,0,-73.9484,"-0.15000 1.10000 4.90000, 6.25000 0.10000 3.35000"
914,0.0000,Tx-Rx,0,-72.9376,"-0.15000 1.10000 4.90000, 5.95000 0.10000 3.35000"
915,0.0000,Tx-Rx,0,-73.6811,"-0.15000 1.10000 4.90000, 5.65000 0.10000 3.35000"
916,0.0000,Tx-Rx,0,-73.4662,"-0.15000 1.10000 4.90000, 5.35000 0.10000 3.35000"
917,0.0000,Tx-Rx,0,-73.3779,"-0.15000 1.10000 4.90000, 5.05000 0.10000 3.35000"
918,0.0000,Tx-Rx,0,-73.7635,"-0.15000 1.10000 4.90000, 4.75000 0.10000 3.35000"
919,0.0000,Tx-Rx,0,-72.5501,"-0.15000 1.10000 4.90000, 4.45000 0.10000 3.35000"
920,0.0000,Tx-Rx,0,-72.6468,"-0.15000 1.10000 4.90000, 4.15000 0.10000 3.35000"
921,0.0000,Tx-Rx,0,-71.9995,"-0.15000 1.10000 4.90000, 3.85000 0.10000 3.35000"
922,0.0000,Tx-Rx,0,-71.4852,"-0.15000 1.10000 4.90000, 3.55000 0.10000 3.35000"
923,0.0000,Tx-Rx,0,-71.1489,"-0.15000 1.10000 4.90000, 3.25000 0.10000 3.35000"
924,0.0000,Tx-Rx,0,-70.8348,"-0.15000 1.10000 4.90000, 2.95000 0.10000 3.35000"
925,0.0000,Tx-Rx,0,-70.6496,"-0.15000 1.10000 4.90000, 2.65000 0.10000 3.35000"
926,0.0000,Tx-Rx,0,-70.4385,"-0.15000 1.10000 4.90000, 2.35000 0.10000 3.35000"
927,0.0000,Tx-Rx,0,-73.9145,"-0.15000 1.10000 4.90000, 2.05000 0.10000 3.35000"
928,0.0000,Tx-Rx,0,-73.3331,"-0.15000 1.10000 4.90000, 1.75000 0.10000 3.35000"
929,0.0000,Tx-Rx,0,-73.1214,"-0.15000 1.10000 4.90000, 1.45000 0.10000 3.35000"
930,0.0000,Tx-Rx,0,-73.5661,"-0.15000 1.10000 4.90000, 1.15000 0.10000 3.35000"
931,0.0000,Tx-Rx,0,-73.1015,"-0.15000 1.10000 4.90000, 0.85000 0.10000 3.35000"
932,0.0000,Tx-Rx,0,-72.9728,"-0.15000 1.10000 4.90000, 0.55000 0.10000 3.35000"
933,0.0000,Tx-Rx,0,-72.4008,"-0.15000 1.10000 4.90000, 0.25000 0.10000 3.35000"
934,0.0000,Tx-Rx,0,-44.6864,"-0.15000 1.10000 4.90000, -0.05000 0.10000 3.35000"
935,0.0000,Tx-Rx,0,-43.2405,"-0.15000 1.10000 4.90000, -0.35000 0.10000 3.35000"
936,0.0000,Tx-Rx,0,-45.6559,"-0.15000 1.10000 4.90000, -0.65000 0.10000 3.35000"
937,0.0000,Tx-Rx,0,-46.5979,"-0.15000 1.10000 4.90000, -0.95000 0.10000 3.35000"
938,0.0000,Tx-Rx,0,-47.2780,"-0.15000 1.10000 4.90000, -1.25000 0.10000 3.35000"
939,0.0000,Tx-Rx,0,-47.9325,"-0.15000 1.10000 4.90000, -1.55000 0.10000 3.35000"
940,0.0000,Tx-Rx,0,-47.8686,"-0.15000 1.10000 4.90000, -1.85000 0.10000 3.35000"
941,0.0000,Tx-Rx,0,-47.8647,"-0.15000 1.10000 4.90000, -2.15000 0.10000 3.35000"
942,0.0000,Tx-Rx,0,-44.4622,"-0.15000 1.10000 4.90000, -2.45000 0.10000 3.35000"
943,0.0000,Tx-Rx,0,-47.0547,"-0.15000 1.10000 4.90000, -2.75000 0.10000 3.35000"
944,0.0000,Tx-Rx,0,-47.7719,"-0.15000 1.10000 4.90000, -3.05000 0.10000 3.35000"
945,0.0000,Tx-Rx,0,-48.3635,"-0.15000 1.10000 4.90000, -3.35000 0.10000 3.35000"
946,0.0000,Tx-Rx,0,-48.8988,"-0.15000 1.10000 4.90000, -3.65000 0.10000 3.35000"
947,0.0000,Tx-Rx,0,-50.1882,"-0.15000 1.10000 4.90000, -3.95000 0.10000 3.35000"
948,0.0000,Tx-Rx,0,-50.7833,"-0.15000 1.10000 4.90000, -4.25000 0.10000 3.35000"
949,0.0000,Tx-Rx,0,-51.2749,"-0.15000 1.10000 4.90000, -4.55000 0.10000 3.35000"
950,0.0000,Tx-Rx,0,-52.1497,"-0.15000 1.10000 4.90000, -4.85000 0.10000 3.35000"
951,0.0000,Tx-Rx,0,-55.2264,"-0.15000 1.10000 4.90000, -5.15000 0.10000 3.35000"
952,0.0000,Tx-Rx,0,-62.6261,"-0.15000 1.10000 4.90000, -5.45000 0.10000 3.35000"
953,0.0000,Tx-Rx,0,-62.2196,"-0.15000 1.10000 4.90000, -5.75000 0.10000 3.35000"
954,0.0000,Tx-Rx,0,-62.4428,"-0.15000 1.10000 4.90000, -6.05000 0.10000 3.35000"
955,0.0000,Tx-Rx,0,-63.4423,"-0.15000 1.10000 4.90000, -6.35000 0.10000 3.35000"
956,0.0000,Tx-Rx,0,-66.4285,"-0.15000 1.10000 4.90000, -6.65000 0.10000 3.35000"
957,0.0000,Tx-Rx,0,-65.9887,"-0.15000 1.10000 4.90000, -6.95000 0.10000 3.35000"
958,0.0000,Tx-Rx,0,-67.9836,"-0.15000 1.10000 4.90000, -7.25000 0.10000 3.35000"
959,0.0000,Tx-Rx,0,-67.9599,"-0.15000 1.10000 4.90000, -7.55000 0.10000 3.35000"
960,0.0000,Tx-Rx,0,-68.6217,"-0.15000 1.10000 4.90000, -7.85000 0.10000 3.35000"
961,0.0000,Tx-Rx,0,-90.1631,"-0.15000 1.10000 4.90000, 9.85000 0.10000 3.05000"
962,0.0000,Tx-Rx,0,-91.7677,"-0.15000 1.10000 4.90000, 9.55000 0.10000 3.05000"
963,0.0000,Tx-Rx,0,-88.8258,"-0.15000 1.10000 4.90000, 9.25000 0.10000 3.05000"
964,0.0000,Tx-Rx,0,-89.4273,"-0.15000 1.10000 4.90000, 8.95000 0.10000 3.05000"
965,0.0000,Tx-Rx,0,-91.6269,"-0.15000 1.10000 4.90000, 8.65000 0.10000 3.05000"
966,0.0000,Tx-Rx,0,-85.8266,"-0.15000 1.10000 4.90000, 8.35000 0.10000 3.05000"
967,0.0000,Tx-Rx,0,-78.5550,"-0.15000 1.10000 4.90000, 8.05000 0.10000 3.05000"
968,0.0000,Tx-Rx,0,-75.2624,"-0.15000 1.10000 4.90000, 7.75000 0.10000 3.05000"
969,0.0000,Tx-Rx,0,-74.7141,"-0.15000 1.10000 4.90000, 7.45000 0.10000 3.05000"
970,0.0000,Tx-Rx,0,-75.5638,"-0.15000 1.10000 4.90000, 7.15000 0.10000 3.05000"
971,0.0000,Tx-Rx,0,-74.4096,"-0.15000 1.10000 4.90000, 6.85000 0.10000 3.05000"
972,0.0000,Tx-Rx,0,-74.2004,"-0.15000 1.10000 4.90000, 6.55000 0.10000 3.05000"
973,0.0000,Tx-Rx,0,-73.6875,"-0.15000 1.10000 4.90000, 6.25000 0.10000 3.05000"
974,0.0000,Tx-Rx,0,-74.2023,"-0.15000 1.10000 4.90000, 5.95000 0.10000 3.05000"
975,0.0000,Tx-Rx,0,-73.8419,"-0.15000 1.10000 4.90000, 5.65000 0.10000 3.05000"
976,0.0000,Tx-Rx,0,-73.3967,"-0.15000 1.10000 4.90000, 5.35000 0.10000 3.05000"
977,0.0000,Tx-Rx,0,-73.3224,"-0.15000 1.10000 4.90000, 5.05000 0.10000 3.05000"
978,0.0000,Tx-Rx,0,-73.5879,"-0.15000 1.10000 4.90000, 4.75000 0.10000 3.05000"
979,0.0000,Tx-Rx,0,-73.2019,"-0.15000 1.10000 4.90000, 4.45000 0.10000 3.05000"
980,0.0000,Tx-Rx,0,-73.0096,"-0.15000 1.10000 4.90000, 4.15000 0.10000 3.05000"
981,0.0000,Tx-Rx,0,-72.6547,"-0.15000 1.10000 4.90000, 3.85000 0.10000 3.05000"
982,0.0000,Tx-Rx,0,-71.5565,"-0.15000 1.10000 4.90000, 3.55000 0.10000 3.05000"
983,0.0000,Tx-Rx,0,-71.4978,"-0.15000 1.10000 4.90000, 3.25000 0.10000 3.05000"
984,0.0000,Tx-Rx,0,-71.5042,"-0.15000 1.10000 4.90000, 2.95000 0.10000 3.05000"
985,0.0000,Tx-Rx,0,-71.2273,"-0.15000 1.10000 4.90000, 2.65000 0.10000 3.05000"
986,0.0000,Tx-Rx,0,-70.6354,"-0.15000 1.10000 4.90000, 2.35000 0.10000 3.05000"
987,0.0000,Tx-Rx,0,-73.9578,"-0.15000 1.10000 4.90000, 2.05000 0.10000 3.05000"
988,0.0000,Tx-Rx,0,-74.0658,"-0.15000 1.10000 4.90000, 1.75000 0.10000 3.05000"
989,0.0000,Tx-Rx,0,-73.5444,"-0.15000 1.10000 4.90000, 1.45000 0.10000 3.05000"
990,0.0000,Tx-Rx,0,-74.1865,"-0.15000 1.10000 4.90000, 1.15000 0.10000 3.05000"
991,0.0000,Tx-Rx,0,-74.3278,"-0.15000 1.10000 4.90000, 0.85000 0.10000 3.05000"
992,0.0000,Tx-Rx,0,-73.8954,"-0.15000 1.10000 4.90000, 0.55000 0.10000 3.05000"
993,0.0000,Tx-Rx,0,-72.9666,"-0.15000 1.10000 4.90000, 0.25000 0.10000 3.05000"
994,0.0000,Tx-Rx,0,-45.4633,"-0.15000 1.10000 4.90000, -0.05000 0.10000 3.05000"
995,0.0000,Tx-Rx,0,-45.7206,"-0.15000 1.10000 4.90000, -0.35000 0.10000 3.05000"
996,0.0000,Tx-Rx,0,-47.1696,"-0.15000 1.10000 4.90000, -0.65000 0.10000 3.05000"
997,0.0000,Tx-Rx,0,-47.6294,"-0.15000 1.10000 4.90000, -0.95000 0.10000 3.05000"
998,0.0000,Tx-Rx,0,-48.0386,"-0.15000 1.10000 4.90000, -1.25000 0.10000 3.05000"
999,0.0000,Tx-Rx,0,-48.5693,"-0.15000 1.10000 4.90000, -1.55000 0.10000 3.05000"
1000,0.0000,Tx-Rx,0,-48.0265,"-0.15000 1.10000 4.90000, -1.85000 0.10000 3.05000"
1001,0.0000,Tx-Rx,0,-47.3736,"-0.15000 1.10000 4.90000, -2.15000 0.10000 3.05000"
1002,0.0000,Tx-Rx,0,-44.8768,"-0.15000 1.10000 4.90000, -2.45000 0.10000 3.05000"
1003,0.0000,Tx-Rx,0,-54.9595,"-0.15000 1.10000 4.90000, -2.75000 0.10000 3.05000"
1004,0.0000,Tx-Rx,0,-59.3007,"-0.15000 1.10000 4.90000, -3.05000 0.10000 3.05000"
1005,0.0000,Tx-Rx,0,-58.5842,"-0.15000 1.10000 4.90000, -3.35000 0.10000 3.05000"
1006,0.0000,Tx-Rx,0,-58.8038,"-0.15000 1.10000 4.90000, -3.65000 0.10000 3.05000"
1007,0.0000,Tx-Rx,0,-59.0638,"-0.15000 1.10000 4.90000, -3.95000 0.10000 3.05000"
1008,0.0000,Tx-Rx,0,-59.1885,"-0.15000 1.10000 4.90000, -4.25000 0.10000 3.05000"
1009,0.0000,Tx-Rx,0,-59.4512,"-0.15000 1.10000 4.90000, -4.55000 0.10000 3.05000"
1010,0.0000,Tx-Rx,0,-60.0164,"-0.15000 1.10000 4.90000, -4.85000 0.10000 3.05000"
1011,0.0000,Tx-Rx,0,-61.3664,"-0.15000 1.10000 4.90000, -5.15000 0.10000 3.05000"
1012,0.0000,Tx-Rx,0,-62.1929,"-0.15000 1.10000 4.90000, -5.45000 0.10000 3.05000"
1013,0.0000,Tx-Rx,0,-60.2780,"-0.15000 1.10000 4.90000, -5.75000 0.10000 3.05000"
1014,0.0000,Tx-Rx,0,-60.4116,"-0.15000 1.10000 4.90000, -6.05000 0.10000 3.05000"
1015,0.0000,Tx-Rx,0,-63.1491,"-0.15000 1.10000 4.90000, -6.35000 0.10000 3.05000"
1016,0.0000,Tx-Rx,0,-66.1069,"-0.15000 1.10000 4.90000, -6.65000 0.10000 3.05000"
1017,0.0000,Tx-Rx,0,-65.9339,"-0.15000 1.10000 4.90000, -6.95000 0.10000 3.05000"
1018,0.0000,Tx-Rx,0,-66.7601,"-0.15000 1.10000 4.90000, -7.25000 0.10000 3.05000"
1019,0.0000,Tx-Rx,0,-67.9057,"-0.15000 1.10000 4.90000, -7.55000 0.10000 3.05000"
1020,0.0000,Tx-Rx,0,-68.1433,"-0.15000 1.10000 4.90000, -7.85000 0.10000 3.05000"
1021,0.0000,Tx-Rx,0,-79.4397,"-0.15000 1.10000 4.90000, 9.85000 0.10000 2.75000"
1022,0.0000,Tx-Rx,0,-80.8599,"-0.15000 1.10000 4.90000, 9.55000 0.10000 2.75000"
1023,0.0000,Tx-Rx,0,-80.5703,"-0.15000 1.10000 4.90000, 9.25000 0.10000 2.75000"
1024,0.0000,Tx-Rx,0,-77.7140,"-0.15000 1.10000 4.90000, 8.95000 0.10000 2.75000"
1025,0.0000,Tx-Rx,0,-76.9736,"-0.15000 1.10000 4.90000, 8.65000 0.10000 2.75000"
1026,0.0000,Tx-Rx,0,-77.3362,"-0.15000 1.10000 4.90000, 8.35000 0.10000 2.75000"
1027,0.0000,Tx-Rx,0,-75.8801,"-0.15000 1.10000 4.90000, 8.05000 0.10000 2.75000"
1028,0.0000,Tx-Rx,0,-75.7137,"-0.15000 1.10000 4.90000, 7.75000 0.10000 2.75000"
1029,0.0000,Tx-Rx,0,-75.5447,"-0.15000 1.10000 4.90000, 7.45000 0.10000 2.75000"
1030,0.0000,Tx-Rx,0,-75.3934,"-0.15000 1.10000 4.90000, 7.15000 0.10000 2.75000"
1031,0.0000,Tx-Rx,0,-75.4031,"-0.15000 1.10000 4.90000, 6.85000 0.10000 2.75000"
1032,0.0000,Tx-Rx,0,-74.9364,"-0.15000 1.10000 4.90000, 6.55000 0.10000 2.75000"
1033,0.0000,Tx-Rx,0,-74.3596,"-0.15000 1.10000 4.90000, 6.25000 0.10000 2.75000"
1034,0.0000,Tx-Rx,0,-74.8712,"-0.15000 1.10000 4.90000, 5.95000 0.10000 2.75000"
1035,0.0000,Tx-Rx,0,-74.4484,"-0.15000 1.10000 4.90000, 5.65000 0.10000 2.75000"
1036,0.0000,Tx-Rx,0,-73.9697,"-0.15000 1.10000 4.90000, 5.35000 0.10000 2.75000"
1037,0.0000,Tx-Rx,0,-73.4149,"-0.15000 1.10000 4.90000, 5.05000 0.10000 2.75000"
1038,0.0000,Tx-Rx,0,-72.9881,"-0.15000 1.10000 4.90000, 4.75000 0.10000 2.75000"
1039,0.0000,Tx-Rx,0,-73.0284,"-0.15000 1.10000 4.90000, 4.45000 0.10000 2.75000"
1040,0.0000,Tx-Rx,0,-72.7697,"-0.15000 1.10000 4.90000, 4.15000 0.10000 2.75000"
1041,0.0000,Tx-Rx,0,-72.9050,"-0.15000 1.10000 4.90000, 3.85000 0.10000 2.75000"
1042,0.0000,Tx-Rx,0,-72.4259,"-0.15000 1.10000 4.90000, 3.55000 0.10000 2.75000"
1043,0.0000,Tx-Rx,0,-71.6459,"-0.15000 1.10000 4.90000, 3.25000 0.10000 2.75000"
1044,0.0000,Tx-Rx,0,-72.2287,"-0.15000 1.10000 4.90000, 2.95000 0.10000 2.75000"
1045,0.0000,Tx-Rx,0,-71.8981,"-0.15000 1.10000 4.90000, 2.65000 0.10000 2.75000"
1046,0.0000,Tx-Rx,0,-71.9874,"-0.15000 1.10000 4.90000, 2.35000 0.10000 2.75000"
1047,0.0000,Tx-Rx,0,-74.5956,"-0.15000 1.10000 4.90000, 2.05000 0.10000 2.75000"
1048,0.0000,Tx-Rx,0,-75.3435,"-0.15000 1.10000 4.90000, 1.75000 0.10000 2.75000"
1049,0.0000,Tx-Rx,0,-74.5376,"-0.15000 1.10000 4.90000, 1.45000 0.10000 2.75000"
1050,0.0000,Tx-Rx,0,-74.5604,"-0.15000 1.10000 4.90000, 1.15000 0.10000 2.75000"
1051,0.0000,Tx-Rx,0,-75.1200,"-0.15000 1.10000 4.90000, 0.85000 0.10000 2.75000"
1052,0.0000,Tx-Rx,0,-74.8256,"-0.15000 1.10000 4.90000, 0.55000 0.10000 2.75000"
1053,0.0000,Tx-Rx,0,-73.7344,"-0.15000 1.10000 4.90000, 0.25000 0.10000 2.75000"
1054,0.0000,Tx-Rx,0,-47.5733,"-0.15000 1.10000 4.90000, -0.05000 0.10000 2.75000"
1055,0.0000,Tx-Rx,0,-47.4446,"-0.15000 1.10000 4.90000, -0.35000 0.10000 2.75000"
1056,0.0000,Tx-Rx,0,-48.2378,"-0.15000 1.10000 4.90000, -0.65000 0.10000 2.75000"
1057,0.0000,Tx-Rx,0,-49.2480,"-0.15000 1.10000 4.90000, -0.95000 0.10000 2.75000"
1058,0.0000,Tx-Rx,0,-48.8217,"-0.15000 1.10000 4.90000, -1.25000 0.10000 2.75000"
1059,0.0000,Tx-Rx,0,-48.4528,"-0.15000 1.10000 4.90000, -1.55000 0.10000 2.75000"
1060,0.0000,Tx-Rx,0,-47.9867,"-0.15000 1.10000 4.90000, -1.85000 0.10000 2.75000"
1061,0.0000,Tx-Rx,0,-47.7514,"-0.15000 1.10000 4.90000, -2.15000 0.10000 2.75000"
1062,0.0000,Tx-Rx,0,-45.3359,"-0.15000 1.10000 4.90000, -2.45000 0.10000 2.75000"
1063,0.0000,Tx-Rx,0,-54.5813,"-0.15000 1.10000 4.90000, -2.75000 0.10000 2.75000"
1064,0.0000,Tx-Rx,0,-59.5382,"-0.15000 1.10000 4.90000, -3.05000 0.10000 2.75000"
1065,0.0000,Tx-Rx,0,-62.3073,"-0.15000 1.10000 4.90000, -3.35000 0.10000 2.75000"
1066,0.0000,Tx-Rx,0,-62.4293,"-0.15000 1.10000 4.90000, -3.65000 0.10000 2.75000"
1067,0.0000,Tx-Rx,0,-62.5316,"-0.15000 1.10000 4.90000, -3.95000 0.10000 2.75000"
1068,0.0000,Tx-Rx,0,-62.0927,"-0.15000 1.10000 4.90000, -4.25000 0.10000 2.75000"
1069,0.0000,Tx-Rx,0,-63.1188,"-0.15000 1.10000 4.90000, -4.55000 0.10000 2.75000"
1070,0.0000,Tx-Rx,0,-63.5949,"-0.15000 1.10000 4.90000, -4.85000 0.10000 2.75000"
1071,0.0000,Tx-Rx,0,-64.0563,"-0.15000 1.10000 4.90000, -5.15000 0.10000 2.75000"
1072,0.0000,Tx-Rx,0,-63.3812,"-0.15000 1.10000 4.90000, -5.45000 0.10000 2.75000"
1073,0.0000,Tx-Rx,0,-63.8274,"-0.15000 1.10000 4.90000, -5.75000 0.10000 2.75000"
1074,0.0000,Tx-Rx,0,-66.6293,"-0.15000 1.10000 4.90000, -6.05000 0.10000 2.75000"
1075,0.0000,Tx-Rx,0,-66.2685,"-0.15000 1.10000 4.90000, -6.35000 0.10000 2.75000"
1076,0.0000,Tx-Rx,0,-65.4626,"-0.15000 1.10000 4.90000, -6.65000 0.10000 2.75000"
1077,0.0000,Tx-Rx,0,-65.6657,"-0.15000 1.10000 4.90000, -6.95000 0.10000 2.75000"
1078,0.0000,Tx-Rx,0,-66.3191,"-0.15000 1.10000 4.90000, -7.25000 0.10000 2.75000"
1079,0.0000,Tx-Rx,0,-66.1134,"-0.15000 1.10000 4.90000, -7.55000 0.10000 2.75000"
1080,0.0000,Tx-Rx,0,-68.4502,"-0.15000 1.10000 4.90000, -7.85000 0.10000 2.75000"
1081,0.0000,Tx-Rx,0,-80.1045,"-0.15000 1.10000 4.90000, 9.85000 0.10000 2.45000"
1082,0.0000,Tx-Rx,0,-78.8483,"-0.15000 1.10000 4.90000, 9.55000 0.10000 2.45000"
1083,0.0000,Tx-Rx,0,-79.3004,"-0.15000 1.10000 4.90000, 9.25000 0.10000 2.45000"
1084,0.0000,Tx-Rx,0,-79.7127,"-0.15000 1.10000 4.90000, 8.95000 0.10000 2.45000"
1085,0.0000,Tx-Rx,0,-77.7910,"-0.15000 1.10000 4.90000, 8.65000 0.10000 2.45000"
1086,0.0000,Tx-Rx,0,-75.7902,"-0.15000 1.10000 4.90000, 8.35000 0.10000 2.45000"
1087,0.0000,Tx-Rx,0,-76.1313,"-0.15000 1.10000 4.90000, 8.05000 0.10000 2.45000"
1088,0.0000,Tx-Rx,0,-75.5912,"-0.15000 1.10000 4.90000, 7.75000 0.10000 2.45000"
1089,0.0000,Tx-Rx,0,-75.2603,"-0.15000 1.10000 4.90000, 7.45000 0.10000 2.45000"
1090,0.0000,Tx-Rx,0,-75.8019,"-0.15000 1.10000 4.90000, 7.15000 0.10000 2.45000"
1091,0.0000,Tx-Rx,0,-75.3264,"-0.15000 1.10000 4.90000, 6.85000 0.10000 2.45000"
1092,0.0000,Tx-Rx,0,-75.7662,"-0.15000 1.10000 4.90000, 6.55000 0.10000 2.45000"
1093,0.0000,Tx-Rx,0,-74.9495,"-0.15000 1.10000 4.90000, 6.25000 0.10000 2.45000"
1094,0.0000,Tx-Rx,0,-74.7052,"-0.15000 1.10000 4.90000, 5.95000 0.10000 2.45000"
1095,0.0000,Tx-Rx,0,-74.3717,"-0.15000 1.10000 4.90000, 5.65000 0.10000 2.45000"
1096,0.0000,Tx-Rx,0,-74.2437,"-0.15000 1.10000 4.90000, 5.35000 0.10000 2.45000"
1097,0.0000,Tx-Rx,0,-74.4063,"-0.15000 1.10000 4.90000, 5.05000 0.10000 2.45000"
1098,0.0000,Tx-Rx,0,-73.6906,"-0.15000 1.10000 4.90000, 4.75000 0.10000 2.45000"
1099,0.0000,Tx-Rx,0,-73.8540,"-0.15000 1.10000 4.90000, 4.45000 0.10000 2.45000"
1100,0.0000,Tx-Rx,0,-73.4937,"-0.15000 1.10000 4.90000, 4.15000 0.10000 2.45000"
1101,0.0000,Tx-Rx,0,-73.1853,"-0.15000 1.10000 4.90000, 3.85000 0.10000 2.45000"
1102,0.0000,Tx-Rx,0,-72.8448,"-0.15000 1.10000 4.90000, 3.55000 0.10000 2.45000"
1103,0.0000,Tx-Rx,0,-72.3802,"-0.15000 1.10000 4.90000, 3.25000 0.10000 2.45000"
1104,0.0000,Tx-Rx,0,-72.0318,"-0.15000 1.10000 4.90000, 2.95000 0.10000 2.45000"
1105,0.0000,Tx-Rx,0,-72.8540,"-0.15000 1.10000 4.90000, 2.65000 0.10000 2.45000"
1106,0.0000,Tx-Rx,0,-72.7829,"-0.15000 1.10000 4.90000, 2.35000 0.10000 2.45000"
1107,0.0000,Tx-Rx,0,-74.6768,"-0.15000 1.10000 4.90000, 2.05000 0.10000 2.45000"
1108,0.0000,Tx-Rx,0,-75.3094,"-0.15000 1.10000 4.90000, 1.75000 0.10000 2.45000"
1109,0.0000,Tx-Rx,0,-75.4141,"-0.15000 1.10000 4.90000, 1.45000 0.10000 2.45000"
1110,0.0000,Tx-Rx,0,-75.7099,"-0.15000 1.10000 4.90000, 1.15000 0.10000 2.45000"
1111,0.0000,Tx-Rx,0,-75.8832,"-0.15000 1.10000 4.90000, 0.85000 0.10000 2.45000"
1112,0.0000,Tx-Rx,0,-75.5906,"-0.15000 1.10000 4.90000, 0.55000 0.10000 2.45000"
1113,0.0000,Tx-Rx,0,-74.1580,"-0.15000 1.10000 4.90000, 0.25000 0.10000 2.45000"
1114,0.0000,Tx-Rx,0,-50.4498,"-0.15000 1.10000 4.90000, -0.05000 0.10000 2.45000"
1115,0.0000,Tx-Rx,0,-48.4260,"-0.15000 1.10000 4.90000, -0.35000 0.10000 2.45000"
1116,0.0000,Tx-Rx,0,-49.1427,"-0.15000 1.10000 4.90000, -0.65000 0.10000 2.45000"
1117,0.0000,Tx-Rx,0,-49.9646,"-0.15000 1.10000 4.90000, -0.95000 0.10000 2.45000"
1118,0.0000,Tx-Rx,0,-49.4308,"-0.15000 1.10000 4.90000, -1.25000 0.10000 2.45000"
1119,0.0000,Tx-Rx,0,-49.0697,"-0.15000 1.10000 4.90000, -1.55000 0.10000 2.45000"
1120,0.0000,Tx-Rx,0,-48.3746,"-0.15000 1.10000 4.90000, -1.85000 0.10000 2.45000"
1121,0.0000,Tx-Rx,0,-48.1608,"-0.15000 1.10000 4.90000, -2.15000 0.10000 2.45000"
1122,0.0000,Tx-Rx,0,-45.7870,"-0.15000 1.10000 4.90000, -2.45000 0.10000 2.45000"
1123,0.0000,Tx-Rx,0,-56.1595,"-0.15000 1.10000 4.90000, -2.75000 0.10000 2.45000"
1124,0.0000,Tx-Rx,0,-59.3501,"-0.15000 1.10000 4.90000, -3.05000 0.10000 2.45000"
1125,0.0000,Tx-Rx,0,-61.5556,"-0.15000 1.10000 4.90000, -3.35000 0.10000 2.45000"
1126,0.0000,Tx-Rx,0,-63.5594,"-0.15000 1.10000 4.90000, -3.65000 0.10000 2.45000"
1127,0.0000,Tx-Rx,0,-65.3538,"-0.15000 1.10000 4.90000, -3.95000 0.10000 2.45000"
1128,0.0000,Tx-Rx,0,-64.5638,"-0.15000 1.10000 4.90000, -4.25000 0.10000 2.45000"
1129,0.0000,Tx-Rx,0,-66.1366,"-0.15000 1.10000 4.90000, -4.55000 0.10000 2.45000"
1130,0.0000,Tx-Rx,0,-66.4778,"-0.15000 1.10000 4.90000, -4.85000 0.10000 2.45000"
1131,0.0000,Tx-Rx,0,-65.0841,"-0.15000 1.10000 4.90000, -5.15000 0.10000 2.45000"
1132,0.0000,Tx-Rx,0,-65.0773,"-0.15000 1.10000 4.90000, -5.45000 0.10000 2.45000"
1133,0.0000,Tx-Rx,0,-65.4372,"-0.15000 1.10000 4.90000, -5.75000 0.10000 2.45000"
1134,0.0000,Tx-Rx,0,-65.8482,"-0.15000 1.10000 4.90000, -6.05000 0.10000 2.45000"
1135,0.0000,Tx-Rx,0,-65.5607,"-0.15000 1.10000 4.90000, -6.35000 0.10000 2.45000"
1136,0.0000,Tx-Rx,0,-66.0351,"-0.15000 1.10000 4.90000, -6.65000 0.10000 2.45000"
1137,0.0000,Tx-Rx,0,-67.8199,"-0.15000 1.10000 4.90000, -6.95000 0.10000 2.45000"
1138,0.0000,Tx-Rx,0,-67.3526,"-0.15000 1.10000 4.90000, -7.25000 0.10000 2.45000"
1139,0.0000,Tx-Rx,0,-66.4853,"-0.15000 1.10000 4.90000, -7.55000 0.10000 2.45000"
1140,0.0000,Tx-Rx,0,-67.9750,"-0.15000 1.10000 4.90000, -7.85000 0.10000 2.45000"
1141,0.0000,Tx-Rx,0,-83.7174,"-0.15000 1.10000 4.90000, 9.85000 0.10000 2.15000"
1142,0.0000,Tx-Rx,0,-82.6490,"-0.15000 1.10000 4.90000, 9.55000 0.10000 2.15000"
1143,0.0000,Tx-Rx,0,-79.9448,"-0.15000 1.10000 4.90000, 9.25000 0.10000 2.15000"
1144,0.0000,Tx-Rx,0,-77.9391,"-0.15000 1.10000 4.90000, 8.95000 0.10000 2.15000"
1145,0.0000,Tx-Rx,0,-76.5080,"-0.15000 1.10000 4.90000, 8.65000 0.10000 2.15000"
1146,0.0000,Tx-Rx,0,-76.4973,"-0.15000 1.10000 4.90000, 8.35000 0.10000 2.15000"
1147,0.0000,Tx-Rx,0,-76.6419,"-0.15000 1.10000 4.90000, 8.05000 0.10000 2.15000"
1148,0.0000,Tx-Rx,0,-76.4704,"-0.15000 1.10000 4.90000, 7.75000 0.10000 2.15000"
1149,0.0000,Tx-Rx,0,-76.1897,"-0.15000 1.10000 4.90000, 7.45000 0.10000 2.15000"
1150,0.0000,Tx-Rx,0,-75.8948,"-0.15000 1.10000 4.90000, 7.15000 0.10000 2.15000"
1151,0.0000,Tx-Rx,0,-75.8334,"-0.15000 1.10000 4.90000, 6.85000 0.10000 2.15000"
1152,0.0000,Tx-Rx,0,-76.4532,"-0.15000 1.10000 4.90000, 6.55000 0.10000 2.15000"
1153,0.0000,Tx-Rx,0,-75.2926,"-0.15000 1.10000 4.90000, 6.25000 0.10000 2.15000"
1154,0.0000,Tx-Rx,0,-74.8607,"-0.15000 1.10000 4.90000, 5.95000 0.10000 2.15000"
1155,0.0000,Tx-Rx,0,-74.4023,"-0.15000 1.10000 4.90000, 5.65000 0.10000 2.15000"
1156,0.0000,Tx-Rx,0,-74.8040,"-0.15000 1.10000 4.90000, 5.35000 0.10000 2.15000"
1157,0.0000,Tx-Rx,0,-74.6679,"-0.15000 1.10000 4.90000, 5.05000 0.10000 2.15000"
1158,0.0000,Tx-Rx,0,-73.7856,"-0.15000 1.10000 4.90000, 4.75000 0.10000 2.15000"
1159,0.0000,Tx-Rx,0,-73.2489,"-0.15000 1.10000 4.90000, 4.45000 0.10000 2.15000"
1160,0.0000,Tx-Rx,0,-73.6773,"-0.15000 1.10000 4.90000, 4.15000 0.10000 2.15000"
1161,0.0000,Tx-Rx,0,-73.4289,"-0.15000 1.10000 4.90000, 3.85000 0.10000 2.15000"
1162,0.0000,Tx-Rx,0,-73.6283,"-0.15000 1.10000 4.90000, 3.55000 0.10000 2.15000"
1163,0.0000,Tx-Rx,0,-72.6279,"-0.15000 1.10000 4.90000, 3.25000 0.10000 2.15000"
1164,0.0000,Tx-Rx,0,-72.4846,"-0.15000 1.10000 4.90000, 2.95000 0.10000 2.15000"
1165,0.0000,Tx-Rx,0,-73.3967,"-0.15000 1.10000 4.90000, 2.65000 0.10000 2.15000"
1166,0.0000,Tx-Rx,0,-73.2262,"-0.15000 1.10000 4.90000, 2.35000 0.10000 2.15000"
1167,0.0000,Tx-Rx,0,-75.7715,"-0.15000 1.10000 4.90000, 2.05000 0.10000 2.15000"
1168,0.0000,Tx-Rx,0,-76.5710,"-0.15000 1.10000 4.90000, 1.75000 0.10000 2.15000"
1169,0.0000,Tx-Rx,0,-75.5811,"-0.15000 1.10000 4.90000, 1.45000 0.10000 2.15000"
1170,0.0000,Tx-Rx,0,-76.6462,"-0.15000 1.10000 4.90000, 1.15000 0.10000 2.15000"
1171,0.0000,Tx-Rx,0,-76.6614,"-0.15000 1.10000 4.90000, 0.85000 0.10000 2.15000"
1172,0.0000,Tx-Rx,0,-76.3642,"-0.15000 1.10000 4.90000, 0.55000 0.10000 2.15000"
1173,0.0000,Tx-Rx,0,-75.5214,"-0.15000 1.10000 4.90000, 0.25000 0.10000 2.15000"
1174,0.0000,Tx-Rx,0,-51.6188,"-0.15000 1.10000 4.90000, -0.05000 0.10000 2.15000"
1175,0.0000,Tx-Rx,0,-49.1842,"-0.15000 1.10000 4.90000, -0.35000 0.10000 2.15000"
1176,0.0000,Tx-Rx,0,-49.3729,"-0.15000 1.10000 4.90000, -0.65000 0.10000 2.15000"
1177,0.0000,Tx-Rx,0,-50.0430,"-0.15000 1.10000 4.90000, -0.95000 0.10000 2.15000"
1178,0.0000,Tx-Rx,0,-49.4983,"-0.15000 1.10000 4.90000, -1.25000 0.10000 2.15000"
1179,0.0000,Tx-Rx,0,-49.9468,"-0.15000 1.10000 4.90000, -1.55000 0.10000 2.15000"
1180,0.0000,Tx-Rx,0,-48.8371,"-0.15000 1.10000 4.90000, -1.85000 0.10000 2.15000"
1181,0.0000,Tx-Rx,0,-48.5448,"-0.15000 1.10000 4.90000, -2.15000 0.10000 2.15000"
1182,0.0000,Tx-Rx,0,-46.2471,"-0.15000 1.10000 4.90000, -2.45000 0.10000 2.15000"
1183,0.0000,Tx-Rx,0,-53.8407,"-0.15000 1.10000 4.90000, -2.75000 0.10000 2.15000"
1184,0.0000,Tx-Rx,0,-61.4758,"-0.15000 1.10000 4.90000, -3.05000 0.10000 2.15000"
1185,0.0000,Tx-Rx,0,-61.7859,"-0.15000 1.10000 4.90000, -3.35000 0.10000 2.15000"
1186,0.0000,Tx-Rx,0,-63.4041,"-0.15000 1.10000 4.90000, -3.65000 0.10000 2.15000"
1187,0.0000,Tx-Rx,0,-65.3227,"-0.15000 1.10000 4.90000, -3.95000 0.10000 2.15000"
1188,0.0000,Tx-Rx,0,-64.8106,"-0.15000 1.10000 4.90000, -4.25000 0.10000 2.15000"
1189,0.0000,Tx-Rx,0,-66.3080,"-0.15000 1.10000 4.90000, -4.55000 0.10000 2.15000"
1190,0.0000,Tx-Rx,0,-66.6475,"-0.15000 1.10000 4.90000, -4.85000 0.10000 2.15000"
1191,0.0000,Tx-Rx,0,-65.8388,"-0.15000 1.10000 4.90000, -5.15000 0.10000 2.15000"
1192,0.0000,Tx-Rx,0,-65.4056,"-0.15000 1.10000 4.90000, -5.45000 0.10000 2.15000"
1193,0.0000,Tx-Rx,0,-64.7130,"-0.15000 1.10000 4.90000, -5.75000 0.10000 2.15000"
1194,0.0000,Tx-Rx,0,-64.9637,"-0.15000 1.10000 4.90000, -6.05000 0.10000 2.15000"
1195,0.0000,Tx-Rx,0,-65.4046,"-0.15000 1.10000 4.90000, -6.35000 0.10000 2.15000"
1196,0.0000,Tx-Rx,0,-65.4614,"-0.15000 1.10000 4.90000, -6.65000 0.10000 2.15000"
1197,0.0000,Tx-Rx,0,-66.7628,"-0.15000 1.10000 4.90000, -6.95000 0.10000 2.15000"
1198,0.0000,Tx-Rx,0,-66.7653,"-0.15000 1.10000 4.90000, -7.25000 0.10000 2.15000"
1199,0.0000,Tx-Rx,0,-66.2743,"-0.15000 1.10000 4.90000, -7.55000 0.10000 2.15000"
1200,0.0000,Tx-Rx,0,-65.2492,"-0.15000 1.10000 4.90000, -7.85000 0.10000 2.15000"
1201,0.0000,Tx-Rx,0,-77.9856,"-0.15000 1.10000 4.90000, 9.85000 0.10000 1.85000"
1202,0.0000,Tx-Rx,0,-77.2593,"-0.15000 1.10000 4.90000, 9.55000 0.10000 1.85000"
1203,0.0000,Tx-Rx,0,-77.2634,"-0.15000 1.10000 4.90000, 9.25000 0.10000 1.85000"
1204,0.0000,Tx-Rx,0,-76.4490,"-0.15000 1.10000 4.90000, 8.95000 0.10000 1.85000"
1205,0.0000,Tx-Rx,0,-76.1991,"-0.15000 1.10000 4.90000, 8.65000 0.10000 1.85000"
1206,0.0000,Tx-Rx,0,-76.6554,"-0.15000 1.10000 4.90000, 8.35000 0.10000 1.85000"
1207,0.0000,Tx-Rx,0,-77.9523,"-0.15000 1.10000 4.90000, 8.05000 0.10000 1.85000"
1208,0.0000,Tx-Rx,0,-77.1393,"-0.15000 1.10000 4.90000, 7.75000 0.10000 1.85000"
1209,0.0000,Tx-Rx,0,-76.5046,"-0.15000 1.10000 4.90000, 7.45000 0.10000 1.85000"
1210,0.0000,Tx-Rx,0,-75.8906,"-0.15000 1.10000 4.90000, 7.15000 0.10000 1.85000"
1211,0.0000,Tx-Rx,0,-75.4611,"-0.15000 1.10000 4.90000, 6.85000 0.10000 1.85000"
1212,0.0000,Tx-Rx,0,-75.5295,"-0.15000 1.10000 4.90000, 6.55000 0.10000 1.85000"
1213,0.0000,Tx-Rx,0,-74.5093,"-0.15000 1.10000 4.90000, 6.25000 0.10000 1.85000"
1214,0.0000,Tx-Rx,0,-75.3982,"-0.15000 1.10000 4.90000, 5.95000 0.10000 1.85000"
1215,0.0000,Tx-Rx,0,-74.8619,"-0.15000 1.10000 4.90000, 5.65000 0.10000 1.85000"
1216,0.0000,Tx-Rx,0,-74.9340,"-0.15000 1.10000 4.90000, 5.35000 0.10000 1.85000"
1217,0.0000,Tx-Rx,0,-74.7257,"-0.15000 1.10000 4.90000, 5.05000 0.10000 1.85000"
1218,0.0000,Tx-Rx,0,-75.1198,"-0.15000 1.10000 4.90000, 4.75000 0.10000 1.85000"
1219,0.0000,Tx-Rx,0,-74.2412,"-0.15000 1.10000 4.90000, 4.45000 0.10000 1.85000"
1220,0.0000,Tx-Rx,0,-74.4737,"-0.15000 1.10000 4.90000, 4.15000 0.10000 1.85000"
1221,0.0000,Tx-Rx,0,-73.8123,"-0.15000 1.10000 4.90000, 3.85000 0.10000 1.85000"
1222,0.0000,Tx-Rx,0,-73.9421,"-0.15000 1.10000 4.90000, 3.55000 0.10000 1.85000"
1223,0.0000,Tx-Rx,0,-72.9457,"-0.15000 1.10000 4.90000, 3.25000 0.10000 1.85000"
1224,0.0000,Tx-Rx,0,-73.1260,"-0.15000 1.10000 4.90000, 2.95000 0.10000 1.85000"
1225,0.0000,Tx-Rx,0,-73.9751,"-0.15000 1.10000 4.90000, 2.65000 0.10000 1.85000"
1226,0.0000,Tx-Rx,0,-73.3166,"-0.15000 1.10000 4.90000, 2.35000 0.10000 1.85000"
1227,0.0000,Tx-Rx,0,-76.0306,"-0.15000 1.10000 4.90000, 2.05000 0.10000 1.85000"
1228,0.0000,Tx-Rx,0,-76.9497,"-0.15000 1.10000 4.90000, 1.75000 0.10000 1.85000"
1229,0.0000,Tx-Rx,0,-77.0223,"-0.15000 1.10000 4.90000, 1.45000 0.10000 1.85000"
1230,0.0000,Tx-Rx,0,-76.1249,"-0.15000 1.10000 4.90000, 1.15000 0.10000 1.85000"
1231,0.0000,Tx-Rx,0,-77.2074,"-0.15000 1.10000 4.90000, 0.85000 0.10000 1.85000"
1232,0.0000,Tx-Rx,0,-77.9940,"-0.15000 1.10000 4.90000, 0.55000 0.10000 1.85000"
1233,0.0000,Tx-Rx,0,-76.2309,"-0.15000 1.10000 4.90000, 0.25000 0.10000 1.85000"
1234,0.0000,Tx-Rx,0,-52.4599,"-0.15000 1.10000 4.90000, -0.05000 0.10000 1.85000"
1235,0.0000,Tx-Rx,0,-50.8266,"-0.15000 1.10000 4.90000, -0.35000 0.10000 1.85000"
1236,0.0000,Tx-Rx,0,-50.0589,"-0.15000 1.10000 4.90000, -0.65000 0.10000 1.85000"
1237,0.0000,Tx-Rx,0,-50.5237,"-0.15000 1.10000 4.90000, -0.95000 0.10000 1.85000"
1238,0.0000,Tx-Rx,0,-49.8899,"-0.15000 1.10000 4.90000, -1.25000 0.10000 1.85000"
1239,0.0000,Tx-Rx,0,-50.1145,"-0.15000 1.10000 4.90000, -1.55000 0.10000 1.85000"
1240,0.0000,Tx-Rx,0,-50.3528,"-0.15000 1.10000 4.90000, -1.85000 0.10000 1.85000"
1241,0.0000,Tx-Rx,0,-49.9551,"-0.15000 1.10000 4.90000, -2.15000 0.10000 1.85000"
1242,0.0000,Tx-Rx,0,-46.8220,"-0.15000 1.10000 4.90000, -2.45000 0.10000 1.85000"
1243,0.0000,Tx-Rx,0,-48.1482,"-0.15000 1.10000 4.90000, -2.75000 0.10000 1.85000"
1244,0.0000,Tx-Rx,0,-56.2567,"-0.15000 1.10000 4.90000, -3.05000 0.10000 1.85000"
1245,0.0000,Tx-Rx,0,-63.1913,"-0.15000 1.10000 4.90000, -3.35000 0.10000 1.85000"
1246,0.0000,Tx-Rx,0,-63.2626,"-0.15000 1.10000 4.90000, -3.65000 0.10000 1.85000"
1247,0.0000,Tx-Rx,0,-64.8610,"-0.15000 1.10000 4.90000, -3.95000 0.10000 1.85000"
1248,0.0000,Tx-Rx,0,-64.7829,"-0.15000 1.10000 4.90000, -4.25000 0.10000 1.85000"
1249,0.0000,Tx-Rx,0,-66.2714,"-0.15000 1.10000 4.90000, -4.55000 0.10000 1.85000"
1250,0.0000,Tx-Rx,0,-66.1548,"-0.15000 1.10000 4.90000, -4.85000 0.10000 1.85000"
1251,0.0000,Tx-Rx,0,-65.6528,"-0.15000 1.10000 4.90000, -5.15000 0.10000 1.85000"
1252,0.0000,Tx-Rx,0,-65.2359,"-0.15000 1.10000 4.90000, -5.45000 0.10000 1.85000"
1253,0.0000,Tx-Rx,0,-65.5525,"-0.15000 1.10000 4.90000, -5.75000 0.10000 1.85000"
1254,0.0000,Tx-Rx,0,-64.5233,"-0.15000 1.10000 4.90000, -6.05000 0.10000 1.85000"
1255,0.0000,Tx-Rx,0,-64.9586,"-0.15000 1.10000 4.90000, -6.35000 0.10000 1.85000"
1256,0.0000,Tx-Rx,0,-64.8763,"-0.15000 1.10000 4.90000, -6.65000 0.10000 1.85000"
1257,0.0000,Tx-Rx,0,-66.5634,"-0.15000 1.10000 4.90000, -6.95000 0.10000 1.85000"
1258,0.0000,Tx-Rx,0,-67.4154,"-0.15000 1.10000 4.90000, -7.25000 0.10000 1.85000"
1259,0.0000,Tx-Rx,0,-65.5329,"-0.15000 1.10000 4.90000, -7.55000 0.10000 1.85000"
1260,0.0000,Tx-Rx,0,-62.1049,"-0.15000 1.10000 4.90000, -7.85000 0.10000 1.85000"
1261,0.0000,Tx-Rx,0,-77.1899,"-0.15000 1.10000 4.90000, 9.85000 0.10000 1.55000"
1262,0.0000,Tx-Rx,0,-77.1551,"-0.15000 1.10000 4.90000, 9.55000 0.10000 1.55000"
1263,0.0000,Tx-Rx,0,-76.4745,"-0.15000 1.10000 4.90000, 9.25000 0.10000 1.55000"
1264,0.0000,Tx-Rx,0,-77.6848,"-0.15000 1.10000 4.90000, 8.95000 0.10000 1.55000"
1265,0.0000,Tx-Rx,0,-77.3467,"-0.15000 1.10000 4.90000, 8.65000 0.10000 1.55000"
1266,0.0000,Tx-Rx,0,-76.4441,"-0.15000 1.10000 4.90000, 8.35000 0.10000 1.55000"
1267,0.0000,Tx-Rx,0,-77.1150,"-0.15000 1.10000 4.90000, 8.05000 0.10000 1.55000"
1268,0.0000,Tx-Rx,0,-76.8061,"-0.15000 1.10000 4.90000, 7.75000 0.10000 1.55000"
1269,0.0000,Tx-Rx,0,-77.3508,"-0.15000 1.10000 4.90000, 7.45000 0.10000 1.55000"
1270,0.0000,Tx-Rx,0,-76.4792,"-0.15000 1.10000 4.90000, 7.15000 0.10000 1.55000"
1271,0.0000,Tx-Rx,0,-75.5812,"-0.15000 1.10000 4.90000, 6.85000 0.10000 1.55000"
1272,0.0000,Tx-Rx,0,-75.2415,"-0.15000 1.10000 4.90000, 6.55000 0.10000 1.55000"
1273,0.0000,Tx-Rx,0,-75.9220,"-0.15000 1.10000 4.90000, 6.25000 0.10000 1.55000"
1274,0.0000,Tx-Rx,0,-75.2926,"-0.15000 1.10000 4.90000, 5.95000 0.10000 1.55000"
1275,0.0000,Tx-Rx,0,-75.2757,"-0.15000 1.10000 4.90000, 5.65000 0.10000 1.55000"
1276,0.0000,Tx-Rx,0,-75.4972,"-0.15000 1.10000 4.90000, 5.35000 0.10000 1.55000"
1277,0.0000,Tx-Rx,0,-75.5944,"-0.15000 1.10000 4.90000, 5.05000 0.10000 1.55000"
1278,0.0000,Tx-Rx,0,-74.6906,"-0.15000 1.10000 4.90000, 4.75000 0.10000 1.55000"
1279,0.0000,Tx-Rx,0,-74.7943,"-0.15000 1.10000 4.90000, 4.45000 0.10000 1.55000"
1280,0.0000,Tx-Rx,0,-74.3209,"-0.15000 1.10000 4.90000, 4.15000 0.10000 1.55000"
1281,0.0000,Tx-Rx,0,-74.8178,"-0.15000 1.10000 4.90000, 3.85000 0.10000 1.55000"
1282,0.0000,Tx-Rx,0,-74.8593,"-0.15000 1.10000 4.90000, 3.55000 0.10000 1.55000"
1283,0.0000,Tx-Rx,0,-73.5597,"-0.15000 1.10000 4.90000, 3.25000 0.10000 1.55000"
1284,0.0000,Tx-Rx,0,-73.1927,"-0.15000 1.10000 4.90000, 2.95000 0.10000 1.55000"
1285,0.0000,Tx-Rx,0,-74.6305,"-0.15000 1.10000 4.90000, 2.65000 0.10000 1.55000"
1286,0.0000,Tx-Rx,0,-74.6014,"-0.15000 1.10000 4.90000, 2.35000 0.10000 1.55000"
1287,0.0000,Tx-Rx,0,-76.8908,"-0.15000 1.10000 4.90000, 2.05000 0.10000 1.55000"
1288,0.0000,Tx-Rx,0,-77.0738,"-0.15000 1.10000 4.90000, 1.75000 0.10000 1.55000"
1289,0.0000,Tx-Rx,0,-77.6827,"-0.15000 1.10000 4.90000, 1.45000 0.10000 1.55000"
1290,0.0000,Tx-Rx,0,-77.3281,"-0.15000 1.10000 4.90000, 1.15000 0.10000 1.55000"
1291,0.0000,Tx-Rx,0,-78.1323,"-0.15000 1.10000 4.90000, 0.85000 0.10000 1.55000"
1292,0.0000,Tx-Rx,0,-82.0241,"-0.15000 1.10000 4.90000, 0.55000 0.10000 1.55000"
1293,0.0000,Tx-Rx,0,-76.3185,"-0.15000 1.10000 4.90000, 0.25000 0.10000 1.55000"
1294,0.0000,Tx-Rx,0,-53.1646,"-0.15000 1.10000 4.90000, -0.05000 0.10000 1.55000"
1295,0.0000,Tx-Rx,0,-51.7521,"-0.15000 1.10000 4.90000, -0.35000 0.10000 1.55000"
1296,0.0000,Tx-Rx,0,-51.6781,"-0.15000 1.10000 4.90000, -0.65000 0.10000 1.55000"
1297,0.0000,Tx-Rx,0,-50.9003,"-0.15000 1.10000 4.90000, -0.95000 0.10000 1.55000"
1298,0.0000,Tx-Rx,0,-50.1828,"-0.15000 1.10000 4.90000, -1.25000 0.10000 1.55000"
1299,0.0000,Tx-Rx,0,-50.3930,"-0.15000 1.10000 4.90000, -1.55000 0.10000 1.55000"
1300,0.0000,Tx-Rx,0,-51.7418,"-0.15000 1.10000 4.90000, -1.85000 0.10000 1.55000"
1301,0.0000,Tx-Rx,0,-52.0404,"-0.15000 1.10000 4.90000, -2.15000 0.10000 1.55000"
1302,0.0000,Tx-Rx,0,-47.2919,"-0.15000 1.10000 4.90000, -2.45000 0.10000 1.55000"
1303,0.0000,Tx-Rx,0,-47.3915,"-0.15000 1.10000 4.90000, -2.75000 0.10000 1.55000"
1304,0.0000,Tx-Rx,0,-49.1733,"-0.15000 1.10000 4.90000, -3.05000 0.10000 1.55000"
1305,0.0000,Tx-Rx,0,-56.9441,"-0.15000 1.10000 4.90000, -3.35000 0.10000 1.55000"
1306,0.0000,Tx-Rx,0,-60.9013,"-0.15000 1.10000 4.90000, -3.65000 0.10000 1.55000"
1307,0.0000,Tx-Rx,0,-61.6507,"-0.15000 1.10000 4.90000, -3.95000 0.10000 1.55000"
1308,0.0000,Tx-Rx,0,-62.1004,"-0.15000 1.10000 4.90000, -4.25000 0.10000 1.55000"
1309,0.0000,Tx-Rx,0,-63.5394,"-0.15000 1.10000 4.90000, -4.55000 0.10000 1.55000"
1310,0.0000,Tx-Rx,0,-63.2471,"-0.15000 1.10000 4.90000, -4.85000 0.10000 1.55000"
1311,0.0000,Tx-Rx,0,-63.1580,"-0.15000 1.10000 4.90000, -5.15000 0.10000 1.55000"
1312,0.0000,Tx-Rx,0,-63.5912,"-0.15000 1.10000 4.90000, -5.45000 0.10000 1.55000"
1313,0.0000,Tx-Rx,0,-64.0415,"-0.15000 1.10000 4.90000, -5.75000 0.10000 1.55000"
1314,0.0000,Tx-Rx,0,-63.7668,"-0.15000 1.10000 4.90000, -6.05000 0.10000 1.55000"
1315,0.0000,Tx-Rx,0,-63.9616,"-0.15000 1.10000 4.90000, -6.35000 0.10000 1.55000"
1316,0.0000,Tx-Rx,0,-65.3161,"-0.15000 1.10000 4.90000, -6.65000 0.10000 1.55000"
1317,0.0000,Tx-Rx,0,-64.4066,"-0.15000 1.10000 4.90000, -6.95000 0.10000 1.55000"
1318,0.0000,Tx-Rx,0,-65.7353,"-0.15000 1.10000 4.90000, -7.25000 0.10000 1.55000"
1319,0.0000,Tx-Rx,0,-63.0470,"-0.15000 1.10000 4.90000, -7.55000 0.10000 1.55000"
1320,0.0000,Tx-Rx,0,-62.1372,"-0.15000 1.10000 4.90000, -7.85000 0.10000 1.55000"
1321,0.0000,Tx-Rx,0,-74.8220,"-0.15000 1.10000 4.90000, 9.85000 0.10000 1.25000"
1322,0.0000,Tx-Rx,0,-76.0120,"-0.15000 1.10000 4.90000, 9.55000 0.10000 1.25000"
1323,0.0000,Tx-Rx,0,-76.8213,"-0.15000 1.10000 4.90000, 9.25000 0.10000 1.25000"
1324,0.0000,Tx-Rx,0,-77.0212,"-0.15000 1.10000 4.90000, 8.95000 0.10000 1.25000"
1325,0.0000,Tx-Rx,0,-76.7161,"-0.15000 1.10000 4.90000, 8.65000 0.10000 1.25000"
1326,0.0000,Tx-Rx,0,-75.7732,"-0.15000 1.10000 4.90000, 8.35000 0.10000 1.25000"
1327,0.0000,Tx-Rx,0,-77.1954,"-0.15000 1.10000 4.90000, 8.05000 0.10000 1.25000"
1328,0.0000,Tx-Rx,0,-76.4113,"-0.15000 1.10000 4.90000, 7.75000 0.10000 1.25000"
1329,0.0000,Tx-Rx,0,-76.2634,"-0.15000 1.10000 4.90000, 7.45000 0.10000 1.25000"
1330,0.0000,Tx-Rx,0,-76.8156,"-0.15000 1.10000 4.90000, 7.15000 0.10000 1.25000"
1331,0.0000,Tx-Rx,0,-76.8864,"-0.15000 1.10000 4.90000, 6.85000 0.10000 1.25000"
1332,0.0000,Tx-Rx,0,-75.0425,"-0.15000 1.10000 4.90000, 6.55000 0.10000 1.25000"
1333,0.0000,Tx-Rx,0,-76.5527,"-0.15000 1.10000 4.90000, 6.25000 0.10000 1.25000"
1334,0.0000,Tx-Rx,0,-75.6006,"-0.15000 1.10000 4.90000, 5.95000 0.10000 1.25000"
1335,0.0000,Tx-Rx,0,-75.3194,"-0.15000 1.10000 4.90000, 5.65000 0.10000 1.25000"
1336,0.0000,Tx-Rx,0,-76.0058,"-0.15000 1.10000 4.90000, 5.35000 0.10000 1.25000"
1337,0.0000,Tx-Rx,0,-75.1670,"-0.15000 1.10000 4.90000, 5.05000 0.10000 1.25000"
1338,0.0000,Tx-Rx,0,-75.4390,"-0.15000 1.10000 4.90000, 4.75000 0.10000 1.25000"
1339,0.0000,Tx-Rx,0,-75.9245,"-0.15000 1.10000 4.90000, 4.45000 0.10000 1.25000"
1340,0.0000,Tx-Rx,0,-74.9827,"-0.15000 1.10000 4.90000, 4.15000 0.10000 1.25000"
1341,0.0000,Tx-Rx,0,-74.1812,"-0.15000 1.10000 4.90000, 3.85000 0.10000 1.25000"
1342,0.0000,Tx-Rx,0,-75.0549,"-0.15000 1.10000 4.90000, 3.55000 0.10000 1.25000"
1343,0.0000,Tx-Rx,0,-74.3327,"-0.15000 1.10000 4.90000, 3.25000 0.10000 1.25000"
1344,0.0000,Tx-Rx,0,-74.0707,"-0.15000 1.10000 4.90000, 2.95000 0.10000 1.25000"
1345,0.0000,Tx-Rx,0,-74.6220,"-0.15000 1.10000 4.90000, 2.65000 0.10000 1.25000"
1346,0.0000,Tx-Rx,0,-75.3356,"-0.15000 1.10000 4.90000, 2.35000 0.10000 1.25000"
1347,0.0000,Tx-Rx,0,-78.1987,"-0.15000 1.10000 4.90000, 2.05000 0.10000 1.25000"
1348,0.0000,Tx-Rx,0,-77.6721,"-0.15000 1.10000 4.90000, 1.75000 0.10000 1.25000"
1349,0.0000,Tx-Rx,0,-77.8212,"-0.15000 1.10000 4.90000, 1.45000 0.10000 1.25000"
1350,0.0000,Tx-Rx,0,-77.5866,"-0.15000 1.10000 4.90000, 1.15000 0.10000 1.25000"
1351,0.0000,Tx-Rx,0,-79.6826,"-0.15000 1.10000 4.90000, 0.85000 0.10000 1.25000"
1352,0.0000,Tx-Rx,0,-83.6640,"-0.15000 1.10000 4.90000, 0.55000 0.10000 1.25000"
1353,0.0000,Tx-Rx,0,-76.1223,"-0.15000 1.10000 4.90000, 0.25000 0.10000 1.25000"
1354,0.0000,Tx-Rx,0,-55.1151,"-0.15000 1.10000 4.90000, -0.05000 0.10000 1.25000"
1355,0.0000,Tx-Rx,0,-53.8081,"-0.15000 1.10000 4.90000, -0.35000 0.10000 1.25000"
1356,0.0000,Tx-Rx,0,-54.7437,"-0.15000 1.10000 4.90000, -0.65000 0.10000 1.25000"
1357,0.0000,Tx-Rx,0,-52.4939,"-0.15000 1.10000 4.90000, -0.95000 0.10000 1.25000"
1358,0.0000,Tx-Rx,0,-51.1029,"-0.15000 1.10000 4.90000, -1.25000 0.10000 1.25000"
1359,0.0000,Tx-Rx,0,-51.8536,"-0.15000 1.10000 4.90000, -1.55000 0.10000 1.25000"
1360,0.0000,Tx-Rx,0,-53.8482,"-0.15000 1.10000 4.90000, -1.85000 0.10000 1.25000"
1361,0.0000,Tx-Rx,0,-53.4122,"-0.15000 1.10000 4.90000, -2.15000 0.10000 1.25000"
1362,0.0000,Tx-Rx,0,-47.5725,"-0.15000 1.10000 4.90000, -2.45000 0.10000 1.25000"
1363,0.0000,Tx-Rx,0,-47.6212,"-0.15000 1.10000 4.90000, -2.75000 0.10000 1.25000"
1364,0.0000,Tx-Rx,0,-48.0479,"-0.15000 1.10000 4.90000, -3.05000 0.10000 1.25000"
1365,0.0000,Tx-Rx,0,-50.4230,"-0.15000 1.10000 4.90000, -3.35000 0.10000 1.25000"
1366,0.0000,Tx-Rx,0,-57.2167,"-0.15000 1.10000 4.90000, -3.65000 0.10000 1.25000"
1367,0.0000,Tx-Rx,0,-61.0645,"-0.15000 1.10000 4.90000, -3.95000 0.10000 1.25000"
1368,0.0000,Tx-Rx,0,-62.5644,"-0.15000 1.10000 4.90000, -4.25000 0.10000 1.25000"
1369,0.0000,Tx-Rx,0,-63.3847,"-0.15000 1.10000 4.90000, -4.55000 0.10000 1.25000"
1370,0.0000,Tx-Rx,0,-63.1121,"-0.15000 1.10000 4.90000, -4.85000 0.10000 1.25000"
1371,0.0000,Tx-Rx,0,-63.1108,"-0.15000 1.10000 4.90000, -5.15000 0.10000 1.25000"
1372,0.0000,Tx-Rx,0,-63.2996,"-0.15000 1.10000 4.90000, -5.45000 0.10000 1.25000"
1373,0.0000,Tx-Rx,0,-63.7959,"-0.15000 1.10000 4.90000, -5.75000 0.10000 1.25000"
1374,0.0000,Tx-Rx,0,-63.9503,"-0.15000 1.10000 4.90000, -6.05000 0.10000 1.25000"
1375,0.0000,Tx-Rx,0,-64.4086,"-0.15000 1.10000 4.90000, -6.35000 0.10000 1.25000"
1376,0.0000,Tx-Rx,0,-65.0729,"-0.15000 1.10000 4.90000, -6.65000 0.10000 1.25000"
1377,0.0000,Tx-Rx,0,-66.3768,"-0.15000 1.10000 4.90000, -6.95000 0.10000 1.25000"
1378,0.0000,Tx-Rx,0,-62.5688,"-0.15000 1.10000 4.90000, -7.25000 0.10000 1.25000"
1379,0.0000,Tx-Rx,0,-61.8269,"-0.15000 1.10000 4.90000, -7.55000 0.10000 1.25000"
1380,0.0000,Tx-Rx,0,-62.6418,"-0.15000 1.10000 4.90000, -7.85000 0.10000 1.25000"
1381,0.0000,Tx-Rx,0,-77.9552,"-0.15000 1.10000 4.90000, 9.85000 0.10000 0.95000"
1382,0.0000,Tx-Rx,0,-76.1594,"-0.15000 1.10000 4.90000, 9.55000 0.10000 0.95000"
1383,0.0000,Tx-Rx,0,-74.5663,"-0.15000 1.10000 4.90000, 9.25000 0.10000 0.95000"
1384,0.0000,Tx-Rx,0,-76.0328,"-0.15000 1.10000 4.90000, 8.95000 0.10000 0.95000"
1385,0.0000,Tx-Rx,0,-77.4626,"-0.15000 1.10000 4.90000, 8.65000 0.10000 0.95000"
1386,0.0000,Tx-Rx,0,-76.6161,"-0.15000 1.10000 4.90000, 8.35000 0.10000 0.95000"
1387,0.0000,Tx-Rx,0,-76.7854,"-0.15000 1.10000 4.90000, 8.05000 0.10000 0.95000"
1388,0.0000,Tx-Rx,0,-76.5681,"-0.15000 1.10000 4.90000, 7.75000 0.10000 0.95000"
1389,0.0000,Tx-Rx,0,-76.0433,"-0.15000 1.10000 4.90000, 7.45000 0.10000 0.95000"
1390,0.0000,Tx-Rx,0,-77.1354,"-0.15000 1.10000 4.90000, 7.15000 0.10000 0.95000"
1391,0.0000,Tx-Rx,0,-76.2733,"-0.15000 1.10000 4.90000, 6.85000 0.10000 0.95000"
1392,0.0000,Tx-Rx,0,-75.9739,"-0.15000 1.10000 4.90000, 6.55000 0.10000 0.95000"
1393,0.0000,Tx-Rx,0,-76.0109,"-0.15000 1.10000 4.90000, 6.25000 0.10000 0.95000"
1394,0.0000,Tx-Rx,0,-75.7464,"-0.15000 1.10000 4.90000, 5.95000 0.10000 0.95000"
1395,0.0000,Tx-Rx,0,-75.5585,"-0.15000 1.10000 4.90000, 5.65000 0.10000 0.95000"
1396,0.0000,Tx-Rx,0,-75.8603,"-0.15000 1.10000 4.90000, 5.35000 0.10000 0.95000"
1397,0.0000,Tx-Rx,0,-76.2904,"-0.15000 1.10000 4.90000, 5.05000 0.10000 0.95000"
1398,0.0000,Tx-Rx,0,-80.3458,"-0.15000 1.10000 4.90000, 4.75000 0.10000 0.95000"
1399,0.0000,Tx-Rx,0,-79.9290,"-0.15000 1.10000 4.90000, 4.45000 0.10000 0.95000"
1400,0.0000,Tx-Rx,0,-75.9480,"-0.15000 1.10000 4.90000, 4.15000 0.10000 0.95000"
1401,0.0000,Tx-Rx,0,-76.5077,"-0.15000 1.10000 4.90000, 3.85000 0.10000 0.95000"
1402,0.0000,Tx-Rx,0,-80.4648,"-0.15000 1.10000 4.90000, 3.55000 0.10000 0.95000"
1403,0.0000,Tx-Rx,0,-76.4121,"-0.15000 1.10000 4.90000, 3.25000 0.10000 0.95000"
1404,0.0000,Tx-Rx,0,-73.9533,"-0.15000 1.10000 4.90000, 2.95000 0.10000 0.95000"
1405,0.0000,Tx-Rx,0,-74.8068,"-0.15000 1.10000 4.90000, 2.65000 0.10000 0.95000"
1406,0.0000,Tx-Rx,0,-76.6523,"-0.15000 1.10000 4.90000, 2.35000 0.10000 0.95000"
1407,0.0000,Tx-Rx,0,-78.5171,"-0.15000 1.10000 4.90000, 2.05000 0.10000 0.95000"
1408,0.0000,Tx-Rx,0,-77.7085,"-0.15000 1.10000 4.90000, 1.75000 0.10000 0.95000"
1409,0.0000,Tx-Rx,0,-78.5418,"-0.15000 1.10000 4.90000, 1.45000 0.10000 0.95000"
1410,0.0000,Tx-Rx,0,-77.4630,"-0.15000 1.10000 4.90000, 1.15000 0.10000 0.95000"
1411,0.0000,Tx-Rx,0,-83.4847,"-0.15000 1.10000 4.90000, 0.85000 0.10000 0.95000"
1412,0.0000,Tx-Rx,0,-83.8823,"-0.15000 1.10000 4.90000, 0.55000 0.10000 0.95000"
1413,0.0000,Tx-Rx,0,-76.2148,"-0.15000 1.10000 4.90000, 0.25000 0.10000 0.95000"
1414,0.0000,Tx-Rx,0,-56.3750,"-0.15000 1.10000 4.90000, -0.05000 0.10000 0.95000"
1415,0.0000,Tx-Rx,0,-55.3550,"-0.15000 1.10000 4.90000, -0.35000 0.10000 0.95000"
1416,0.0000,Tx-Rx,0,-55.7662,"-0.15000 1.10000 4.90000, -0.65000 0.10000 0.95000"
1417,0.0000,Tx-Rx,0,-54.0228,"-0.15000 1.10000 4.90000, -0.95000 0.10000 0.95000"
1418,0.0000,Tx-Rx,0,-51.9780,"-0.15000 1.10000 4.90000, -1.25000 0.10000 0.95000"
1419,0.0000,Tx-Rx,0,-53.4410,"-0.15000 1.10000 4.90000, -1.55000 0.10000 0.95000"
1420,0.0000,Tx-Rx,0,-53.2107,"-0.15000 1.10000 4.90000, -1.85000 0.10000 0.95000"
1421,0.0000,Tx-Rx,0,-52.9741,"-0.15000 1.10000 4.90000, -2.15000 0.10000 0.95000"
1422,0.0000,Tx-Rx,0,-50.2373,"-0.15000 1.10000 4.90000, -2.45000 0.10000 0.95000"
1423,0.0000,Tx-Rx,0,-47.8403,"-0.15000 1.10000 4.90000, -2.75000 0.10000 0.95000"
1424,0.0000,Tx-Rx,0,-48.4031,"-0.15000 1.10000 4.90000, -3.05000 0.10000 0.95000"
1425,0.0000,Tx-Rx,0,-48.7054,"-0.15000 1.10000 4.90000, -3.35000 0.10000 0.95000"
1426,0.0000,Tx-Rx,0,-51.9115,"-0.15000 1.10000 4.90000, -3.65000 0.10000 0.95000"
1427,0.0000,Tx-Rx,0,-57.1444,"-0.15000 1.10000 4.90000, -3.95000 0.10000 0.95000"
1428,0.0000,Tx-Rx,0,-62.3164,"-0.15000 1.10000 4.90000, -4.25000 0.10000 0.95000"
1429,0.0000,Tx-Rx,0,-62.7781,"-0.15000 1.10000 4.90000, -4.55000 0.10000 0.95000"
1430,0.0000,Tx-Rx,0,-62.9238,"-0.15000 1.10000 4.90000, -4.85000 0.10000 0.95000"
1431,0.0000,Tx-Rx,0,-63.2559,"-0.15000 1.10000 4.90000, -5.15000 0.10000 0.95000"
1432,0.0000,Tx-Rx,0,-63.4736,"-0.15000 1.10000 4.90000, -5.45000 0.10000 0.95000"
1433,0.0000,Tx-Rx,0,-63.4765,"-0.15000 1.10000 4.90000, -5.75000 0.10000 0.95000"
1434,0.0000,Tx-Rx,0,-63.9190,"-0.15000 1.10000 4.90000, -6.05000 0.10000 0.95000"
1435,0.0000,Tx-Rx,0,-64.9417,"-0.15000 1.10000 4.90000, -6.35000 0.10000 0.95000"
1436,0.0000,Tx-Rx,0,-64.8745,"-0.15000 1.10000 4.90000, -6.65000 0.10000 0.95000"
1437,0.0000,Tx-Rx,0,-63.7280,"-0.15000 1.10000 4.90000, -6.95000 0.10000 0.95000"
1438,0.0000,Tx-Rx,0,-61.7989,"-0.15000 1.10000 4.90000, -7.25000 0.10000 0.95000"
1439,0.0000,Tx-Rx,0,-61.5597,"-0.15000 1.10000 4.90000, -7.55000 0.10000 0.95000"
1440,0.0000,Tx-Rx,0,-62.9277,"-0.15000 1.10000 4.90000, -7.85000 0.10000 0.95000"
1441,0.0000,Tx-Rx,0,-77.7409,"-0.15000 1.10000 4.90000, 9.85000 0.10000 0.65000"
1442,0.0000,Tx-Rx,0,-77.4052,"-0.15000 1.10000 4.90000, 9.55000 0.10000 0.65000"
1443,0.0000,Tx-Rx,0,-78.0921,"-0.15000 1.10000 4.90000, 9.25000 0.10000 0.65000"
1444,0.0000,Tx-Rx,0,-78.7012,"-0.15000 1.10000 4.90000, 8.95000 0.10000 0.65000"
1445,0.0000,Tx-Rx,0,-77.8742,"-0.15000 1.10000 4.90000, 8.65000 0.10000 0.65000"
1446,0.0000,Tx-Rx,0,-75.8673,"-0.15000 1.10000 4.90000, 8.35000 0.10000 0.65000"
1447,0.0000,Tx-Rx,0,-76.6272,"-0.15000 1.10000 4.90000, 8.05000 0.10000 0.65000"
1448,0.0000,Tx-Rx,0,-76.5171,"-0.15000 1.10000 4.90000, 7.75000 0.10000 0.65000"
1449,0.0000,Tx-Rx,0,-77.0398,"-0.15000 1.10000 4.90000, 7.45000 0.10000 0.65000"
1450,0.0000,Tx-Rx,0,-77.0619,"-0.15000 1.10000 4.90000, 7.15000 0.10000 0.65000"
1451,0.0000,Tx-Rx,0,-76.4130,"-0.15000 1.10000 4.90000, 6.85000 0.10000 0.65000"
1452,0.0000,Tx-Rx,0,-75.7160,"-0.15000 1.10000 4.90000, 6.55000 0.10000 0.65000"
1453,0.0000,Tx-Rx,0,-76.1331,"-0.15000 1.10000 4.90000, 6.25000 0.10000 0.65000"
1454,0.0000,Tx-Rx,0,-76.6471,"-0.15000 1.10000 4.90000, 5.95000 0.10000 0.65000"
1455,0.0000,Tx-Rx,0,-76.7531,"-0.15000 1.10000 4.90000, 5.65000 0.10000 0.65000"
1456,0.0000,Tx-Rx,0,-77.4566,"-0.15000 1.10000 4.90000, 5.35000 0.10000 0.65000"
1457,0.0000,Tx-Rx,0,-83.5348,"-0.15000 1.10000 4.90000, 5.05000 0.10000 0.65000"
1458,0.0000,Tx-Rx,0,-82.9343,"-0.15000 1.10000 4.90000, 4.75000 0.10000 0.65000"
1459,0.0000,Tx-Rx,0,-78.1724,"-0.15000 1.10000 4.90000, 4.45000 0.10000 0.65000"
1460,0.0000,Tx-Rx,0,-77.7009,"-0.15000 1.10000 4.90000, 4.15000 0.10000 0.65000"
1461,0.0000,Tx-Rx,0,-81.9080,"-0.15000 1.10000 4.90000, 3.85000 0.10000 0.65000"
1462,0.0000,Tx-Rx,0,-80.6904,"-0.15000 1.10000 4.90000, 3.55000 0.10000 0.65000"
1463,0.0000,Tx-Rx,0,-75.5181,"-0.15000 1.10000 4.90000, 3.25000 0.10000 0.65000"
1464,0.0000,Tx-Rx,0,-74.0332,"-0.15000 1.10000 4.90000, 2.95000 0.10000 0.65000"
1465,0.0000,Tx-Rx,0,-74.9418,"-0.15000 1.10000 4.90000, 2.65000 0.10000 0.65000"
1466,0.0000,Tx-Rx,0,-77.6146,"-0.15000 1.10000 4.90000, 2.35000 0.10000 0.65000"
1467,0.0000,Tx-Rx,0,-78.4655,"-0.15000 1.10000 4.90000, 2.05000 0.10000 0.65000"
1468,0.0000,Tx-Rx,0,-78.7187,"-0.15000 1.10000 4.90000, 1.75000 0.10000 0.65000"
1469,0.0000,Tx-Rx,0,-79.2544,"-0.15000 1.10000 4.90000, 1.45000 0.10000 0.65000"
1470,0.0000,Tx-Rx,0,-82.0496,"-0.15000 1.10000 4.90000, 1.15000 0.10000 0.65000"
1471,0.0000,Tx-Rx,0,-82.8796,"-0.15000 1.10000 4.90000, 0.85000 0.10000 0.65000"
1472,0.0000,Tx-Rx,0,-83.8251,"-0.15000 1.10000 4.90000, 0.55000 0.10000 0.65000"
1473,0.0000,Tx-Rx,0,-76.2625,"-0.15000 1.10000 4.90000, 0.25000 0.10000 0.65000"
1474,0.0000,Tx-Rx,0,-54.3415,"-0.15000 1.10000 4.90000, -0.05000 0.10000 0.65000"
1475,0.0000,Tx-Rx,0,-52.9963,"-0.15000 1.10000 4.90000, -0.35000 0.10000 0.65000"
1476,0.0000,Tx-Rx,0,-52.3852,"-0.15000 1.10000 4.90000, -0.65000 0.10000 0.65000"
1477,0.0000,Tx-Rx,0,-52.5045,"-0.15000 1.10000 4.90000, -0.95000 0.10000 0.65000"
1478,0.0000,Tx-Rx,0,-52.4162,"-0.15000 1.10000 4.90000, -1.25000 0.10000 0.65000"
1479,0.0000,Tx-Rx,0,-52.0592,"-0.15000 1.10000 4.90000, -1.55000 0.10000 0.65000"
1480,0.0000,Tx-Rx,0,-52.3895,"-0.15000 1.10000 4.90000, -1.85000 0.10000 0.65000"
1481,0.0000,Tx-Rx,0,-51.9453,"-0.15000 1.10000 4.90000, -2.15000 0.10000 0.65000"
1482,0.0000,Tx-Rx,0,-51.9046,"-0.15000 1.10000 4.90000, -2.45000 0.10000 0.65000"
1483,0.0000,Tx-Rx,0,-49.1102,"-0.15000 1.10000 4.90000, -2.75000 0.10000 0.65000"
1484,0.0000,Tx-Rx,0,-48.4573,"-0.15000 1.10000 4.90000, -3.05000 0.10000 0.65000"
1485,0.0000,Tx-Rx,0,-48.9796,"-0.15000 1.10000 4.90000, -3.35000 0.10000 0.65000"
1486,0.0000,Tx-Rx,0,-49.3399,"-0.15000 1.10000 4.90000, -3.65000 0.10000 0.65000"
1487,0.0000,Tx-Rx,0,-51.9294,"-0.15000 1.10000 4.90000, -3.95000 0.10000 0.65000"
1488,0.0000,Tx-Rx,0,-56.8191,"-0.15000 1.10000 4.90000, -4.25000 0.10000 0.65000"
1489,0.0000,Tx-Rx,0,-61.1188,"-0.15000 1.10000 4.90000, -4.55000 0.10000 0.65000"
1490,0.0000,Tx-Rx,0,-62.7567,"-0.15000 1.10000 4.90000, -4.85000 0.10000 0.65000"
1491,0.0000,Tx-Rx,0,-63.2850,"-0.15000 1.10000 4.90000, -5.15000 0.10000 0.65000"
1492,0.0000,Tx-Rx,0,-63.5372,"-0.15000 1.10000 4.90000, -5.45000 0.10000 0.65000"
1493,0.0000,Tx-Rx,0,-63.6738,"-0.15000 1.10000 4.90000, -5.75000 0.10000 0.65000"
1494,0.0000,Tx-Rx,0,-64.8807,"-0.15000 1.10000 4.90000, -6.05000 0.10000 0.65000"
1495,0.0000,Tx-Rx,0,-65.3064,"-0.15000 1.10000 4.90000, -6.35000 0.10000 0.65000"
1496,0.0000,Tx-Rx,0,-63.8479,"-0.15000 1.10000 4.90000, -6.65000 0.10000 0.65000"
1497,0.0000,Tx-Rx,0,-61.4515,"-0.15000 1.10000 4.90000, -6.95000 0.10000 0.65000"
1498,0.0000,Tx-Rx,0,-61.7847,"-0.15000 1.10000 4.90000, -7.25000 0.10000 0.65000"
1499,0.0000,Tx-Rx,0,-62.5981,"-0.15000 1.10000 4.90000, -7.55000 0.10000 0.65000"
1500,0.0000,Tx-Rx,0,-64.8926,"-0.15000 1.10000 4.90000, -7.85000 0.10000 0.65000"
1501,0.0000,Tx-Rx,0,-78.5699,"-0.15000 1.10000 4.90000, 9.85000 0.10000 0.35000"
1502,0.0000,Tx-Rx,0,-82.1373,"-0.15000 1.10000 4.90000, 9.55000 0.10000 0.35000"
1503,0.0000,Tx-Rx,0,-83.8312,"-0.15000 1.10000 4.90000, 9.25000 0.10000 0.35000"
1504,0.0000,Tx-Rx,0,-120.0000,"-0.15000 1.10000 4.90000, 8.95000 0.10000 0.35000"
1505,0.0000,Tx-Rx,0,-87.4521,"-0.15000 1.10000 4.90000, 8.65000 0.10000 0.35000"
1506,0.0000,Tx-Rx,0,-74.7445,"-0.15000 1.10000 4.90000, 8.35000 0.10000 0.35000"
1507,0.0000,Tx-Rx,0,-75.6629,"-0.15000 1.10000 4.90000, 8.05000 0.10000 0.35000"
1508,0.0000,Tx-Rx,0,-76.0741,"-0.15000 1.10000 4.90000, 7.75000 0.10000 0.35000"
1509,0.0000,Tx-Rx,0,-76.1054,"-0.15000 1.10000 4.90000, 7.45000 0.10000 0.35000"
1510,0.0000,Tx-Rx,0,-76.6563,"-0.15000 1.10000 4.90000, 7.15000 0.10000 0.35000"
1511,0.0000,Tx-Rx,0,-76.8698,"-0.15000 1.10000 4.90000, 6.85000 0.10000 0.35000"
1512,0.0000,Tx-Rx,0,-76.4356,"-0.15000 1.10000 4.90000, 6.55000 0.10000 0.35000"
1513,0.0000,Tx-Rx,0,-76.3923,"-0.15000 1.10000 4.90000, 6.25000 0.10000 0.35000"
1514,0.0000,Tx-Rx,0,-76.1380,"-0.15000 1.10000 4.90000, 5.95000 0.10000 0.35000"
1515,0.0000,Tx-Rx,0,-78.8971,"-0.15000 1.10000 4.90000, 5.65000 0.10000 0.35000"
1516,0.0000,Tx-Rx,0,-81.6770,"-0.15000 1.10000 4.90000, 5.35000 0.10000 0.35000"
1517,0.0000,Tx-Rx,0,-82.2202,"-0.15000 1.10000 4.90000, 5.05000 0.10000 0.35000"
1518,0.0000,Tx-Rx,0,-77.7098,"-0.15000 1.10000 4.90000, 4.75000 0.10000 0.35000"
1519,0.0000,Tx-Rx,0,-78.1379,"-0.15000 1.10000 4.90000, 4.45000 0.10000 0.35000"
1520,0.0000,Tx-Rx,0,-82.4632,"-0.15000 1.10000 4.90000, 4.15000 0.10000 0.35000"
1521,0.0000,Tx-Rx,0,-82.1516,"-0.15000 1.10000 4.90000, 3.85000 0.10000 0.35000"
1522,0.0000,Tx-Rx,0,-78.0726,"-0.15000 1.10000 4.90000, 3.55000 0.10000 0.35000"
1523,0.0000,Tx-Rx,0,-76.4633,"-0.15000 1.10000 4.90000, 3.25000 0.10000 0.35000"
1524,0.0000,Tx-Rx,0,-75.3261,"-0.15000 1.10000 4.90000, 2.95000 0.10000 0.35000"
1525,0.0000,Tx-Rx,0,-76.1418,"-0.15000 1.10000 4.90000, 2.65000 0.10000 0.35000"
1526,0.0000,Tx-Rx,0,-77.8873,"-0.15000 1.10000 4.90000, 2.35000 0.10000 0.35000"
1527,0.0000,Tx-Rx,0,-77.7047,"-0.15000 1.10000 4.90000, 2.05000 0.10000 0.35000"
1528,0.0000,Tx-Rx,0,-78.5380,"-0.15000 1.10000 4.90000, 1.75000 0.10000 0.35000"
1529,0.0000,Tx-Rx,0,-80.0054,"-0.15000 1.10000 4.90000, 1.45000 0.10000 0.35000"
1530,0.0000,Tx-Rx,0,-82.7937,"-0.15000 1.10000 4.90000, 1.15000 0.10000 0.35000"
1531,0.0000,Tx-Rx,0,-80.9016,"-0.15000 1.10000 4.90000, 0.85000 0.10000 0.35000"
1532,0.0000,Tx-Rx,0,-83.1588,"-0.15000 1.10000 4.90000, 0.55000 0.10000 0.35000"
1533,0.0000,Tx-Rx,0,-75.5832,"-0.15000 1.10000 4.90000, 0.25000 0.10000 0.35000"
1534,0.0000,Tx-Rx,0,-53.8404,"-0.15000 1.10000 4.90000, -0.05000 0.10000 0.35000"
1535,0.0000,Tx-Rx,0,-51.9410,"-0.15000 1.10000 4.90000, -0.35000 0.10000 0.35000"
1536,0.0000,Tx-Rx,0,-51.9567,"-0.15000 1.10000 4.90000, -0.65000 0.10000 0.35000"
1537,0.0000,Tx-Rx,0,-53.2728,"-0.15000 1.10000 4.90000, -0.95000 0.10000 0.35000"
1538,0.0000,Tx-Rx,0,-53.4370,"-0.15000 1.10000 4.90000, -1.25000 0.10000 0.35000"
1539,0.0000,Tx-Rx,0,-52.1117,"-0.15000 1.10000 4.90000, -1.55000 0.10000 0.35000"
1540,0.0000,Tx-Rx,0,-52.0311,"-0.15000 1.10000 4.90000, -1.85000 0.10000 0.35000"
1541,0.0000,Tx-Rx,0,-52.3016,"-0.15000 1.10000 4.90000, -2.15000 0.10000 0.35000"
1542,0.0000,Tx-Rx,0,-52.0012,"-0.15000 1.10000 4.90000, -2.45000 0.10000 0.35000"
1543,0.0000,Tx-Rx,0,-51.7792,"-0.15000 1.10000 4.90000, -2.75000 0.10000 0.35000"
1544,0.0000,Tx-Rx,0,-49.1539,"-0.15000 1.10000 4.90000, -3.05000 0.10000 0.35000"
1545,0.0000,Tx-Rx,0,-49.2806,"-0.15000 1.10000 4.90000, -3.35000 0.10000 0.35000"
1546,0.0000,Tx-Rx,0,-49.5896,"-0.15000 1.10000 4.90000, -3.65000 0.10000 0.35000"
1547,0.0000,Tx-Rx,0,-49.6548,"-0.15000 1.10000 4.90000, -3.95000 0.10000 0.35000"
1548,0.0000,Tx-Rx,0,-51.7329,"-0.15000 1.10000 4.90000, -4.25000 0.10000 0.35000"
1549,0.0000,Tx-Rx,0,-57.0090,"-0.15000 1.10000 4.90000, -4.55000 0.10000 0.35000"
1550,0.0000,Tx-Rx,0,-60.6668,"-0.15000 1.10000 4.90000, -4.85000 0.10000 0.35000"
1551,0.0000,Tx-Rx,0,-63.2570,"-0.15000 1.10000 4.90000, -5.15000 0.10000 0.35000"
1552,0.0000,Tx-Rx,0,-63.7433,"-0.15000 1.10000 4.90000, -5.45000 0.10000 0.35000"
1553,0.0000,Tx-Rx,0,-64.0509,"-0.15000 1.10000 4.90000, -5.75000 0.10000 0.35000"
1554,0.0000,Tx-Rx,0,-65.4744,"-0.15000 1.10000 4.90000, -6.05000 0.10000 0.35000"
1555,0.0000,Tx-Rx,0,-65.0561,"-0.15000 1.10000 4.90000, -6.35000 0.10000 0.35000"
1556,0.0000,Tx-Rx,0,-61.4236,"-0.15000 1.10000 4.90000, -6.65000 0.10000 0.35000"
1557,0.0000,Tx-Rx,0,-60.9120,"-0.15000 1.10000 4.90000, -6.95000 0.10000 0.35000"
1558,0.0000,Tx-Rx,0,-61.7890,"-0.15000 1.10000 4.90000, -7.25000 0.10000 0.35000"
1559,0.0000,Tx-Rx,0,-64.1100,"-0.15000 1.10000 4.90000, -7.55000 0.10000 0.35000"
1560,0.0000,Tx-Rx,0,-66.6667,"-0.15000 1.10000 4.90000, -7.85000 0.10000 0.35000"
1561,0.0000,Tx-Rx,0,-85.0133,"-0.15000 1.10000 4.90000, 9.85000 0.10000 0.05000"
1562,0.0000,Tx-Rx,0,-82.7148,"-0.15000 1.10000 4.90000, 9.55000 0.10000 0.05000"
1563,0.0000,Tx-Rx,0,-85.2507,"-0.15000 1.10000 4.90000, 9.25000 0.10000 0.05000"
1564,0.0000,Tx-Rx,0,-89.5382,"-0.15000 1.10000 4.90000, 8.95000 0.10000 0.05000"
1565,0.0000,Tx-Rx,0,-82.5351,"-0.15000 1.10000 4.90000, 8.65000 0.10000 0.05000"
1566,0.0000,Tx-Rx,0,-75.8173,"-0.15000 1.10000 4.90000, 8.35000 0.10000 0.05000"
1567,0.0000,Tx-Rx,0,-74.4730,"-0.15000 1.10000 4.90000, 8.05000 0.10000 0.05000"
1568,0.0000,Tx-Rx,0,-74.8599,"-0.15000 1.10000 4.90000, 7.75000 0.10000 0.05000"
1569,0.0000,Tx-Rx,0,-76.1587,"-0.15000 1.10000 4.90000, 7.45000 0.10000 0.05000"
1570,0.0000,Tx-Rx,0,-76.6438,"-0.15000 1.10000 4.90000, 7.15000 0.10000 0.05000"
1571,0.0000,Tx-Rx,0,-76.5539,"-0.15000 1.10000 4.90000, 6.85000 0.10000 0.05000"
1572,0.0000,Tx-Rx,0,-77.2102,"-0.15000 1.10000 4.90000, 6.55000 0.10000 0.05000"
1573,0.0000,Tx-Rx,0,-77.1827,"-0.15000 1.10000 4.90000, 6.25000 0.10000 0.05000"
1574,0.0000,Tx-Rx,0,-80.8598,"-0.15000 1.10000 4.90000, 5.95000 0.10000 0.05000"
1575,0.0000,Tx-Rx,0,-82.2379,"-0.15000 1.10000 4.90000, 5.65000 0.10000 0.05000"
1576,0.0000,Tx-Rx,0,-81.3747,"-0.15000 1.10000 4.90000, 5.35000 0.10000 0.05000"
1577,0.0000,Tx-Rx,0,-77.8645,"-0.15000 1.10000 4.90000, 5.05000 0.10000 0.05000"
1578,0.0000,Tx-Rx,0,-77.8813,"-0.15000 1.10000 4.90000, 4.75000 0.10000 0.05000"
1579,0.0000,Tx-Rx,0,-83.2621,"-0.15000 1.10000 4.90000, 4.45000 0.10000 0.05000"
1580,0.0000,Tx-Rx,0,-81.6048,"-0.15000 1.10000 4.90000, 4.15000 0.10000 0.05000"
1581,0.0000,Tx-Rx,0,-79.6385,"-0.15000 1.10000 4.90000, 3.85000 0.10000 0.05000"
1582,0.0000,Tx-Rx,0,-77.5956,"-0.15000 1.10000 4.90000, 3.55000 0.10000 0.05000"
1583,0.0000,Tx-Rx,0,-77.0728,"-0.15000 1.10000 4.90000, 3.25000 0.10000 0.05000"
1584,0.0000,Tx-Rx,0,-76.3786,"-0.15000 1.10000 4.90000, 2.95000 0.10000 0.05000"
1585,0.0000,Tx-Rx,0,-77.8496,"-0.15000 1.10000 4.90000, 2.65000 0.10000 0.05000"
1586,0.0000,Tx-Rx,0,-77.6977,"-0.15000 1.10000 4.90000, 2.35000 0.10000 0.05000"
1587,0.0000,Tx-Rx,0,-78.1839,"-0.15000 1.10000 4.90000, 2.05000 0.10000 0.05000"
1588,0.0000,Tx-Rx,0,-78.4849,"-0.15000 1.10000 4.90000, 1.75000 0.10000 0.05000"
1589,0.0000,Tx-Rx,0,-82.3806,"-0.15000 1.10000 4.90000, 1.45000 0.10000 0.05000"
1590,0.0000,Tx-Rx,0,-82.3942,"-0.15000 1.10000 4.90000, 1.15000 0.10000 0.05000"
1591,0.0000,Tx-Rx,0,-81.3998,"-0.15000 1.10000 4.90000, 0.85000 0.10000 0.05000"
1592,0.0000,Tx-Rx,0,-82.7676,"-0.15000 1.10000 4.90000, 0.55000 0.10000 0.05000"
1593,0.0000,Tx-Rx,0,-75.8537,"-0.15000 1.10000 4.90000, 0.25000 0.10000 0.05000"
1594,0.0000,Tx-Rx,0,-53.6048,"-0.15000 1.10000 4.90000, -0.05000 0.10000 0.05000"
1595,0.0000,Tx-Rx,0,-52.2340,"-0.15000 1.10000 4.90000, -0.35000 0.10000 0.05000"
1596,0.0000,Tx-Rx,0,-53.3156,"-0.15000 1.10000 4.90000, -0.65000 0.10000 0.05000"
1597,0.0000,Tx-Rx,0,-53.6898,"-0.15000 1.10000 4.90000, -0.95000 0.10000 0.05000"
1598,0.0000,Tx-Rx,0,-53.9924,"-0.15000 1.10000 4.90000, -1.25000 0.10000 0.05000"
1599,0.0000,Tx-Rx,0,-53.3846,"-0.15000 1.10000 4.90000, -1.55000 0.10000 0.05000"
1600,0.0000,Tx-Rx,0,-52.4113,"-0.15000 1.10000 4.90000, -1.85000 0.10000 0.05000"
1601,0.0000,Tx-Rx,0,-52.5454,"-0.15000 1.10000 4.90000, -2.15000 0.10000 0.05000"
1602,0.0000,Tx-Rx,0,-52.3343,"-0.15000 1.10000 4.90000, -2.45000 0.10000 0.05000"
1603,0.0000,Tx-Rx,0,-52.3236,"-0.15000 1.10000 4.90000, -2.75000 0.10000 0.05000"
1604,0.0000,Tx-Rx,0,-51.0055,"-0.15000 1.10000 4.90000, -3.05000 0.10000 0.05000"
1605,0.0000,Tx-Rx,0,-49.4638,"-0.15000 1.10000 4.90000, -3.35000 0.10000 0.05000"
1606,0.0000,Tx-Rx,0,-49.6805,"-0.15000 1.10000 4.90000, -3.65000 0.10000 0.05000"
1607,0.0000,Tx-Rx,0,-50.0135,"-0.15000 1.10000 4.90000, -3.95000 0.10000 0.05000"
1608,0.0000,Tx-Rx,0,-50.2714,"-0.15000 1.10000 4.90000, -4.25000 0.10000 0.05000"
1609,0.0000,Tx-Rx,0,-52.5729,"-0.15000 1.10000 4.90000, -4.55000 0.10000 0.05000"
1610,0.0000,Tx-Rx,0,-57.2563,"-0.15000 1.10000 4.90000, -4.85000 0.10000 0.05000"
1611,0.0000,Tx-Rx,0,-59.9541,"-0.15000 1.10000 4.90000, -5.15000 0.10000 0.05000"
1612,0.0000,Tx-Rx,0,-63.0029,"-0.15000 1.10000 4.90000, -5.45000 0.10000 0.05000"
1613,0.0000,Tx-Rx,0,-64.3107,"-0.15000 1.10000 4.90000, -5.75000 0.10000 0.05000"
1614,0.0000,Tx-Rx,0,-65.9579,"-0.15000 1.10000 4.90000, -6.05000 0.10000 0.05000"
1615,0.0000,Tx-Rx,0,-62.5417,"-0.15000 1.10000 4.90000, -6.35000 0.10000 0.05000"
1616,0.0000,Tx-Rx,0,-61.2522,"-0.15000 1.10000 4.90000, -6.65000 0.10000 0.05000"
1617,0.0000,Tx-Rx,0,-61.8736,"-0.15000 1.10000 4.90000, -6.95000 0.10000 0.05000"
1618,0.0000,Tx-Rx,0,-62.4508,"-0.15000 1.10000 4.90000, -7.25000 0.10000 0.05000"
1619,0.0000,Tx-Rx,0,-65.0704,"-0.15000 1.10000 4.90000, -7.55000 0.10000 0.05000"
1620,0.0000,Tx-Rx,0,-66.3521,"-0.15000 1.10000 4.90000, -7.85000 0.10000 0.05000"
1621,0.0000,Tx-Rx,0,-86.4285,"-0.15000 1.10000 4.90000, 9.85000 0.10000 -0.25000"
1622,0.0000,Tx-Rx,0,-89.2327,"-0.15000 1.10000 4.90000, 9.55000 0.10000 -0.25000"
1623,0.0000,Tx-Rx,0,-83.4263,"-0.15000 1.10000 4.90000, 9.25000 0.10000 -0.25000"
1624,0.0000,Tx-Rx,0,-78.6049,"-0.15000 1.10000 4.90000, 8.95000 0.10000 -0.25000"
1625,0.0000,Tx-Rx,0,-77.9791,"-0.15000 1.10000 4.90000, 8.65000 0.10000 -0.25000"
1626,0.0000,Tx-Rx,0,-77.5257,"-0.15000 1.10000 4.90000, 8.35000 0.10000 -0.25000"
1627,0.0000,Tx-Rx,0,-77.1395,"-0.15000 1.10000 4.90000, 8.05000 0.10000 -0.25000"
1628,0.0000,Tx-Rx,0,-74.4610,"-0.15000 1.10000 4.90000, 7.75000 0.10000 -0.25000"
1629,0.0000,Tx-Rx,0,-75.1637,"-0.15000 1.10000 4.90000, 7.45000 0.10000 -0.25000"
1630,0.0000,Tx-Rx,0,-76.3907,"-0.15000 1.10000 4.90000, 7.15000 0.10000 -0.25000"
1631,0.0000,Tx-Rx,0,-76.8701,"-0.15000 1.10000 4.90000, 6.85000 0.10000 -0.25000"
1632,0.0000,Tx-Rx,0,-77.9903,"-0.15000 1.10000 4.90000, 6.55000 0.10000 -0.25000"
1633,0.0000,Tx-Rx,0,-82.7538,"-0.15000 1.10000 4.90000, 6.25000 0.10000 -0.25000"
1634,0.0000,Tx-Rx,0,-83.0486,"-0.15000 1.10000 4.90000, 5.95000 0.10000 -0.25000"
1635,0.0000,Tx-Rx,0,-81.3071,"-0.15000 1.10000 4.90000, 5.65000 0.10000 -0.25000"
1636,0.0000,Tx-Rx,0,-78.1652,"-0.15000 1.10000 4.90000, 5.35000 0.10000 -0.25000"
1637,0.0000,Tx-Rx,0,-79.3128,"-0.15000 1.10000 4.90000, 5.05000 0.10000 -0.25000"
1638,0.0000,Tx-Rx,0,-81.5358,"-0.15000 1.10000 4.90000, 4.75000 0.10000 -0.25000"
1639,0.0000,Tx-Rx,0,-80.6274,"-0.15000 1.10000 4.90000, 4.45000 0.10000 -0.25000"
1640,0.0000,Tx-Rx,0,-77.9695,"-0.15000 1.10000 4.90000, 4.15000 0.10000 -0.25000"
1641,0.0000,Tx-Rx,0,-77.1048,"-0.15000 1.10000 4.90000, 3.85000 0.10000 -0.25000"
1642,0.0000,Tx-Rx,0,-78.4158,"-0.15000 1.10000 4.90000, 3.55000 0.10000 -0.25000"
1643,0.0000,Tx-Rx,0,-78.0160,"-0.15000 1.10000 4.90000, 3.25000 0.10000 -0.25000"
1644,0.0000,Tx-Rx,0,-77.1924,"-0.15000 1.10000 4.90000, 2.95000 0.10000 -0.25000"
1645,0.0000,Tx-Rx,0,-76.7689,"-0.15000 1.10000 4.90000, 2.65000 0.10000 -0.25000"
1646,0.0000,Tx-Rx,0,-78.3977,"-0.15000 1.10000 4.90000, 2.35000 0.10000 -0.25000"
1647,0.0000,Tx-Rx,0,-79.0434,"-0.15000 1.10000 4.90000, 2.05000 0.10000 -0.25000"
1648,0.0000,Tx-Rx,0,-80.0201,"-0.15000 1.10000 4.90000, 1.75000 0.10000 -0.25000"
1649,0.0000,Tx-Rx,0,-82.6650,"-0.15000 1.10000 4.90000, 1.45000 0.10000 -0.25000"
1650,0.0000,Tx-Rx,0,-82.1064,"-0.15000 1.10000 4.90000, 1.15000 0.10000 -0.25000"
1651,0.0000,Tx-Rx,0,-80.7363,"-0.15000 1.10000 4.90000, 0.85000 0.10000 -0.25000"
1652,0.0000,Tx-Rx,0,-80.2584,"-0.15000 1.10000 4.90000, 0.55000 0.10000 -0.25000"
1653,0.0000,Tx-Rx,0,-75.3346,"-0.15000 1.10000 4.90000, 0.25000 0.10000 -0.25000"
1654,0.0000,Tx-Rx,0,-53.9564,"-0.15000 1.10000 4.90000, -0.05000 0.10000 -0.25000"
1655,0.0000,Tx-Rx,0,-53.2823,"-0.15000 1.10000 4.90000, -0.35000 0.10000 -0.25000"
1656,0.0000,Tx-Rx,0,-53.8439,"-0.15000 1.10000 4.90000, -0.65000 0.10000 -0.25000"
1657,0.0000,Tx-Rx,0,-53.9762,"-0.15000 1.10000 4.90000, -0.95000 0.10000 -0.25000"
1658,0.0000,Tx-Rx,0,-54.2466,"-0.15000 1.10000 4.90000, -1.25000 0.10000 -0.25000"
1659,0.0000,Tx-Rx,0,-54.5886,"-0.15000 1.10000 4.90000, -1.55000 0.10000 -0.25000"
1660,0.0000,Tx-Rx,0,-52.9625,"-0.15000 1.10000 4.90000, -1.85000 0.10000 -0.25000"
1661,0.0000,Tx-Rx,0,-52.6894,"-0.15000 1.10000 4.90000, -2.15000 0.10000 -0.25000"
1662,0.0000,Tx-Rx,0,-52.5173,"-0.15000 1.10000 4.90000, -2.45000 0.10000 -0.25000"
1663,0.0000,Tx-Rx,0,-52.4817,"-0.15000 1.10000 4.90000, -2.75000 0.10000 -0.25000"
1664,0.0000,Tx-Rx,0,-53.2168,"-0.15000 1.10000 4.90000, -3.05000 0.10000 -0.25000"
1665,0.0000,Tx-Rx,0,-50.0582,"-0.15000 1.10000 4.90000, -3.35000 0.10000 -0.25000"
1666,0.0000,Tx-Rx,0,-49.8254,"-0.15000 1.10000 4.90000, -3.65000 0.10000 -0.25000"
1667,0.0000,Tx-Rx,0,-50.2506,"-0.15000 1.10000 4.90000, -3.95000 0.10000 -0.25000"
1668,0.0000,Tx-Rx,0,-50.3340,"-0.15000 1.10000 4.90000, -4.25000 0.10000 -0.25000"
1669,0.0000,Tx-Rx,0,-50.6461,"-0.15000 1.10000 4.90000, -4.55000 0.10000 -0.25000"
1670,0.0000,Tx-Rx,0,-53.2639,"-0.15000 1.10000 4.90000, -4.85000 0.10000 -0.25000"
1671,0.0000,Tx-Rx,0,-57.5414,"-0.15000 1.10000 4.90000, -5.15000 0.10000 -0.25000"
1672,0.0000,Tx-Rx,0,-59.0861,"-0.15000 1.10000 4.90000, -5.45000 0.10000 -0.25000"
1673,0.0000,Tx-Rx,0,-63.2510,"-0.15000 1.10000 4.90000, -5.75000 0.10000 -0.25000"
1674,0.0000,Tx-Rx,0,-62.5807,"-0.15000 1.10000 4.90000, -6.05000 0.10000 -0.25000"
1675,0.0000,Tx-Rx,0,-60.9487,"-0.15000 1.10000 4.90000, -6.35000 0.10000 -0.25000"
1676,0.0000,Tx-Rx,0,-62.0075,"-0.15000 1.10000 4.90000, -6.65000 0.10000 -0.25000"
1677,0.0000,Tx-Rx,0,-62.5927,"-0.15000 1.10000 4.90000, -6.95000 0.10000 -0.25000"
1678,0.0000,Tx-Rx,0,-65.2048,"-0.15000 1.10000 4.90000, -7.25000 0.10000 -0.25000"
1679,0.0000,Tx-Rx,0,-64.7401,"-0.15000 1.10000 4.90000, -7.55000 0.10000 -0.25000"
1680,0.0000,Tx-Rx,0,-65.8122,"-0.15000 1.10000 4.90000, -7.85000 0.10000 -0.25000"
1681,0.0000,Tx-Rx,0,-83.6324,"-0.15000 1.10000 4.90000, 9.85000 0.10000 -0.55000"
1682,0.0000,Tx-Rx,0,-78.8373,"-0.15000 1.10000 4.90000, 9.55000 0.10000 -0.55000"
1683,0.0000,Tx-Rx,0,-77.7238,"-0.15000 1.10000 4.90000, 9.25000 0.10000 -0.55000"
1684,0.0000,Tx-Rx,0,-78.4091,"-0.15000 1.10000 4.90000, 8.95000 0.10000 -0.55000"
1685,0.0000,Tx-Rx,0,-77.3910,"-0.15000 1.10000 4.90000, 8.65000 0.10000 -0.55000"
1686,0.0000,Tx-Rx,0,-77.5189,"-0.15000 1.10000 4.90000, 8.35000 0.10000 -0.55000"
1687,0.0000,Tx-Rx,0,-78.0283,"-0.15000 1.10000 4.90000, 8.05000 0.10000 -0.55000"
1688,0.0000,Tx-Rx,0,-77.4000,"-0.15000 1.10000 4.90000, 7.75000 0.10000 -0.55000"
1689,0.0000,Tx-Rx,0,-76.5446,"-0.15000 1.10000 4.90000, 7.45000 0.10000 -0.55000"
1690,0.0000,Tx-Rx,0,-75.1405,"-0.15000 1.10000 4.90000, 7.15000 0.10000 -0.55000"
1691,0.0000,Tx-Rx,0,-77.3845,"-0.15000 1.10000 4.90000, 6.85000 0.10000 -0.55000"
1692,0.0000,Tx-Rx,0,-79.4301,"-0.15000 1.10000 4.90000, 6.55000 0.10000 -0.55000"
1693,0.0000,Tx-Rx,0,-79.4052,"-0.15000 1.10000 4.90000, 6.25000 0.10000 -0.55000"
1694,0.0000,Tx-Rx,0,-81.1155,"-0.15000 1.10000 4.90000, 5.95000 0.10000 -0.55000"
1695,0.0000,Tx-Rx,0,-79.0907,"-0.15000 1.10000 4.90000, 5.65000 0.10000 -0.55000"
1696,0.0000,Tx-Rx,0,-82.3994,"-0.15000 1.10000 4.90000, 5.35000 0.10000 -0.55000"
1697,0.0000,Tx-Rx,0,-83.2504,"-0.15000 1.10000 4.90000, 5.05000 0.10000 -0.55000"
1698,0.0000,Tx-Rx,0,-83.0191,"-0.15000 1.10000 4.90000, 4.75000 0.10000 -0.55000"
1699,0.0000,Tx-Rx,0,-78.4091,"-0.15000 1.10000 4.90000, 4.45000 0.10000 -0.55000"
1700,0.0000,Tx-Rx,0,-77.7121,"-0.15000 1.10000 4.90000, 4.15000 0.10000 -0.55000"
1701,0.0000,Tx-Rx,0,-77.7522,"-0.15000 1.10000 4.90000, 3.85000 0.10000 -0.55000"
1702,0.0000,Tx-Rx,0,-77.8490,"-0.15000 1.10000 4.90000, 3.55000 0.10000 -0.55000"
1703,0.0000,Tx-Rx,0,-78.6230,"-0.15000 1.10000 4.90000, 3.25000 0.10000 -0.55000"
1704,0.0000,Tx-Rx,0,-79.1840,"-0.15000 1.10000 4.90000, 2.95000 0.10000 -0.55000"
1705,0.0000,Tx-Rx,0,-77.2102,"-0.15000 1.10000 4.90000, 2.65000 0.10000 -0.55000"
1706,0.0000,Tx-Rx,0,-78.0260,"-0.15000 1.10000 4.90000, 2.35000 0.10000 -0.55000"
1707,0.0000,Tx-Rx,0,-79.5337,"-0.15000 1.10000 4.90000, 2.05000 0.10000 -0.55000"
1708,0.0000,Tx-Rx,0,-81.9012,"-0.15000 1.10000 4.90000, 1.75000 0.10000 -0.55000"
1709,0.0000,Tx-Rx,0,-81.7776,"-0.15000 1.10000 4.90000, 1.45000 0.10000 -0.55000"
1710,0.0000,Tx-Rx,0,-82.2644,"-0.15000 1.10000 4.90000, 1.15000 0.10000 -0.55000"
1711,0.0000,Tx-Rx,0,-81.0009,"-0.15000 1.10000 4.90000, 0.85000 0.10000 -0.55000"
1712,0.0000,Tx-Rx,0,-78.3656,"-0.15000 1.10000 4.90000, 0.55000 0.10000 -0.55000"
1713,0.0000,Tx-Rx,0,-75.2960,"-0.15000 1.10000 4.90000, 0.25000 0.10000 -0.55000"
1714,0.0000,Tx-Rx,0,-55.5324,"-0.15000 1.10000 4.90000, -0.05000 0.10000 -0.55000"
1715,0.0000,Tx-Rx,0,-53.6421,"-0.15000 1.10000 4.90000, -0.35000 0.10000 -0.55000"
1716,0.0000,Tx-Rx,0,-53.9983,"-0.15000 1.10000 4.90000, -0.65000 0.10000 -0.55000"
1717,0.0000,Tx-Rx,0,-54.1919,"-0.15000 1.10000 4.90000, -0.95000 0.10000 -0.55000"
1718,0.0000,Tx-Rx,0,-54.4639,"-0.15000 1.10000 4.90000, -1.25000 0.10000 -0.55000"
1719,0.0000,Tx-Rx,0,-54.7850,"-0.15000 1.10000 4.90000, -1.55000 0.10000 -0.55000"
1720,0.0000,Tx-Rx,0,-54.5995,"-0.15000 1.10000 4.90000, -1.85000 0.10000 -0.55000"
1721,0.0000,Tx-Rx,0,-53.0783,"-0.15000 1.10000 4.90000, -2.15000 0.10000 -0.55000"
1722,0.0000,Tx-Rx,0,-52.7710,"-0.15000 1.10000 4.90000, -2.45000 0.10000 -0.55000"
1723,0.0000,Tx-Rx,0,-52.6957,"-0.15000 1.10000 4.90000, -2.75000 0.10000 -0.55000"
1724,0.0000,Tx-Rx,0,-53.3905,"-0.15000 1.10000 4.90000, -3.05000 0.10000 -0.55000"
1725,0.0000,Tx-Rx,0,-52.4252,"-0.15000 1.10000 4.90000, -3.35000 0.10000 -0.55000"
1726,0.0000,Tx-Rx,0,-50.0491,"-0.15000 1.10000 4.90000, -3.65000 0.10000 -0.55000"
1727,0.0000,Tx-Rx,0,-50.4495,"-0.15000 1.10000 4.90000, -3.95000 0.10000 -0.55000"
1728,0.0000,Tx-Rx,0,-50.7676,"-0.15000 1.10000 4.90000, -4.25000 0.10000 -0.55000"
1729,0.0000,Tx-Rx,0,-50.9593,"-0.15000 1.10000 4.90000, -4.55000 0.10000 -0.55000"
1730,0.0000,Tx-Rx,0,-51.0175,"-0.15000 1.10000 4.90000, -4.85000 0.10000 -0.55000"
1731,0.0000,Tx-Rx,0,-54.4318,"-0.15000 1.10000 4.90000, -5.15000 0.10000 -0.55000"
1732,0.0000,Tx-Rx,0,-57.9250,"-0.15000 1.10000 4.90000, -5.45000 0.10000 -0.55000"
1733,0.0000,Tx-Rx,0,-58.4632,"-0.15000 1.10000 4.90000, -5.75000 0.10000 -0.55000"
1734,0.0000,Tx-Rx,0,-59.3821,"-0.15000 1.10000 4.90000, -6.05000 0.10000 -0.55000"
1735,0.0000,Tx-Rx,0,-60.8818,"-0.15000 1.10000 4.90000, -6.35000 0.10000 -0.55000"
1736,0.0000,Tx-Rx,0,-62.7060,"-0.15000 1.10000 4.90000, -6.65000 0.10000 -0.55000"
1737,0.0000,Tx-Rx,0,-65.5464,"-0.15000 1.10000 4.90000, -6.95000 0.10000 -0.55000"
1738,0.0000,Tx-Rx,0,-65.9404,"-0.15000 1.10000 4.90000, -7.25000 0.10000 -0.55000"
1739,0.0000,Tx-Rx,0,-65.0374,"-0.15000 1.10000 4.90000, -7.55000 0.10000 -0.55000"
1740,0.0000,Tx-Rx,0,-64.7539,"-0.15000 1.10000 4.90000, -7.85000 0.10000 -0.55000"
1741,0.0000,Tx-Rx,0,-78.0911,"-0.15000 1.10000 4.90000, 9.85000 0.10000 -0.85000"
1742,0.0000,Tx-Rx,0,-78.7812,"-0.15000 1.10000 4.90000, 9.55000 0.10000 -0.85000"
1743,0.0000,Tx-Rx,0,-78.3358,"-0.15000 1.10000 4.90000, 9.25000 0.10000 -0.85000"
1744,0.0000,Tx-Rx,0,-80.0371,"-0.15000 1.10000 4.90000, 8.95000 0.10000 -0.85000"
1745,0.0000,Tx-Rx,0,-78.1141,"-0.15000 1.10000 4.90000, 8.65000 0.10000 -0.85000"
1746,0.0000,Tx-Rx,0,-79.3011,"-0.15000 1.10000 4.90000, 8.35000 0.10000 -0.85000"
1747,0.0000,Tx-Rx,0,-78.2641,"-0.15000 1.10000 4.90000, 8.05000 0.10000 -0.85000"
1748,0.0000,Tx-Rx,0,-78.1529,"-0.15000 1.10000 4.90000, 7.75000 0.10000 -0.85000"
1749,0.0000,Tx-Rx,0,-78.9908,"-0.15000 1.10000 4.90000, 7.45000 0.10000 -0.85000"
1750,0.0000,Tx-Rx,0,-79.3748,"-0.15000 1.10000 4.90000, 7.15000 0.10000 -0.85000"
1751,0.0000,Tx-Rx,0,-79.2620,"-0.15000 1.10000 4.90000, 6.85000 0.10000 -0.85000"
1752,0.0000,Tx-Rx,0,-78.2543,"-0.15000 1.10000 4.90000, 6.55000 0.10000 -0.85000"
1753,0.0000,Tx-Rx,0,-78.1533,"-0.15000 1.10000 4.90000, 6.25000 0.10000 -0.85000"
1754,0.0000,Tx-Rx,0,-76.1736,"-0.15000 1.10000 4.90000, 5.95000 0.10000 -0.85000"
1755,0.0000,Tx-Rx,0,-79.6897,"-0.15000 1.10000 4.90000, 5.65000 0.10000 -0.85000"
1756,0.0000,Tx-Rx,0,-85.2180,"-0.15000 1.10000 4.90000, 5.35000 0.10000 -0.85000"
1757,0.0000,Tx-Rx,0,-85.2967,"-0.15000 1.10000 4.90000, 5.05000 0.10000 -0.85000"
1758,0.0000,Tx-Rx,0,-81.4125,"-0.15000 1.10000 4.90000, 4.75000 0.10000 -0.85000"
1759,0.0000,Tx-Rx,0,-79.4196,"-0.15000 1.10000 4.90000, 4.45000 0.10000 -0.85000"
1760,0.0000,Tx-Rx,0,-78.2412,"-0.15000 1.10000 4.90000, 4.15000 0.10000 -0.85000"
1761,0.0000,Tx-Rx,0,-78.1948,"-0.15000 1.10000 4.90000, 3.85000 0.10000 -0.85000"
1762,0.0000,Tx-Rx,0,-79.1154,"-0.15000 1.10000 4.90000, 3.55000 0.10000 -0.85000"
1763,0.0000,Tx-Rx,0,-79.1394,"-0.15000 1.10000 4.90000, 3.25000 0.10000 -0.85000"
1764,0.0000,Tx-Rx,0,-78.2111,"-0.15000 1.10000 4.90000, 2.95000 0.10000 -0.85000"
1765,0.0000,Tx-Rx,0,-77.7424,"-0.15000 1.10000 4.90000, 2.65000 0.10000 -0.85000"
1766,0.0000,Tx-Rx,0,-77.9317,"-0.15000 1.10000 4.90000, 2.35000 0.10000 -0.85000"
1767,0.0000,Tx-Rx,0,-83.7182,"-0.15000 1.10000 4.90000, 2.05000 0.10000 -0.85000"
1768,0.0000,Tx-Rx,0,-82.7703,"-0.15000 1.10000 4.90000, 1.75000 0.10000 -0.85000"
1769,0.0000,Tx-Rx,0,-81.6540,"-0.15000 1.10000 4.90000, 1.45000 0.10000 -0.85000"
1770,0.0000,Tx-Rx,0,-81.6524,"-0.15000 1.10000 4.90000, 1.15000 0.10000 -0.85000"
1771,0.0000,Tx-Rx,0,-80.9442,"-0.15000 1.10000 4.90000, 0.85000 0.10000 -0.85000"
1772,0.0000,Tx-Rx,0,-77.6348,"-0.15000 1.10000 4.90000, 0.55000 0.10000 -0.85000"
1773,0.0000,Tx-Rx,0,-74.6480,"-0.15000 1.10000 4.90000, 0.25000 0.10000 -0.85000"
1774,0.0000,Tx-Rx,0,-56.4663,"-0.15000 1.10000 4.90000, -0.05000 0.10000 -0.85000"
1775,0.0000,Tx-Rx,0,-54.2048,"-0.15000 1.10000 4.90000, -0.35000 0.10000 -0.85000"
1776,0.0000,Tx-Rx,0,-53.9550,"-0.15000 1.10000 4.90000, -0.65000 0.10000 -0.85000"
1777,0.0000,Tx-Rx,0,-54.3104,"-0.15000 1.10000 4.90000, -0.95000 0.10000 -0.85000"
1778,0.0000,Tx-Rx,0,-54.7508,"-0.15000 1.10000 4.90000, -1.25000 0.10000 -0.85000"
1779,0.0000,Tx-Rx,0,-55.0604,"-0.15000 1.10000 4.90000, -1.55000 0.10000 -0.85000"
1780,0.0000,Tx-Rx,0,-55.2523,"-0.15000 1.10000 4.90000, -1.85000 0.10000 -0.85000"
1781,0.0000,Tx-Rx,0,-54.1723,"-0.15000 1.10000 4.90000, -2.15000 0.10000 -0.85000"
1782,0.0000,Tx-Rx,0,-53.0844,"-0.15000 1.10000 4.90000, -2.45000 0.10000 -0.85000"
1783,0.0000,Tx-Rx,0,-52.9662,"-0.15000 1.10000 4.90000, -2.75000 0.10000 -0.85000"
1784,0.0000,Tx-Rx,0,-53.5879,"-0.15000 1.10000 4.90000, -3.05000 0.10000 -0.85000"
1785,0.0000,Tx-Rx,0,-54.0322,"-0.15000 1.10000 4.90000, -3.35000 0.10000 -0.85000"
1786,0.0000,Tx-Rx,0,-51.2928,"-0.15000 1.10000 4.90000, -3.65000 0.10000 -0.85000"
1787,0.0000,Tx-Rx,0,-50.6279,"-0.15000 1.10000 4.90000, -3.95000 0.10000 -0.85000"
1788,0.0000,Tx-Rx,0,-50.8247,"-0.15000 1.10000 4.90000, -4.25000 0.10000 -0.85000"
1789,0.0000,Tx-Rx,0,-51.1784,"-0.15000 1.10000 4.90000, -4.55000 0.10000 -0.85000"
1790,0.0000,Tx-Rx,0,-51.2469,"-0.15000 1.10000 4.90000, -4.85000 0.10000 -0.85000"
1791,0.0000,Tx-Rx,0,-51.6931,"-0.15000 1.10000 4.90000, -5.15000 0.10000 -0.85000"
1792,0.0000,Tx-Rx,0,-55.2151,"-0.15000 1.10000 4.90000, -5.45000 0.10000 -0.85000"
1793,0.0000,Tx-Rx,0,-56.8425,"-0.15000 1.10000 4.90000, -5.75000 0.10000 -0.85000"
1794,0.0000,Tx-Rx,0,-57.8045,"-0.15000 1.10000 4.90000, -6.05000 0.10000 -0.85000"
1795,0.0000,Tx-Rx,0,-59.8402,"-0.15000 1.10000 4.90000, -6.35000 0.10000 -0.85000"
1796,0.0000,Tx-Rx,0,-64.6924,"-0.15000 1.10000 4.90000, -6.65000 0.10000 -0.85000"
1797,0.0000,Tx-Rx,0,-65.4759,"-0.15000 1.10000 4.90000, -6.95000 0.10000 -0.85000"
1798,0.0000,Tx-Rx,0,-65.8659,"-0.15000 1.10000 4.90000, -7.25000 0.10000 -0.85000"
1799,0.0000,Tx-Rx,0,-65.2469,"-0.15000 1.10000 4.90000, -7.55000 0.10000 -0.85000"
1800,0.0000,Tx-Rx,0,-63.0112,"-0.15000 1.10000 4.90000, -7.85000 0.10000 -0.85000"
1801,0.0000,Tx-Rx,0,-78.3052,"-0.15000 1.10000 4.90000, 9.85000 0.10000 -1.15000"
1802,0.0000,Tx-Rx,0,-78.5076,"-0.15000 1.10000 4.90000, 9.55000 0.10000 -1.15000"
1803,0.0000,Tx-Rx,0,-77.8600,"-0.15000 1.10000 4.90000, 9.25000 0.10000 -1.15000"
1804,0.0000,Tx-Rx,0,-79.0223,"-0.15000 1.10000 4.90000, 8.95000 0.10000 -1.15000"
1805,0.0000,Tx-Rx,0,-79.6684,"-0.15000 1.10000 4.90000, 8.65000 0.10000 -1.15000"
1806,0.0000,Tx-Rx,0,-79.5600,"-0.15000 1.10000 4.90000, 8.35000 0.10000 -1.15000"
1807,0.0000,Tx-Rx,0,-79.6203,"-0.15000 1.10000 4.90000, 8.05000 0.10000 -1.15000"
1808,0.0000,Tx-Rx,0,-78.8739,"-0.15000 1.10000 4.90000, 7.75000 0.10000 -1.15000"
1809,0.0000,Tx-Rx,0,-83.4922,"-0.15000 1.10000 4.90000, 7.45000 0.10000 -1.15000"
1810,0.0000,Tx-Rx,0,-85.7146,"-0.15000 1.10000 4.90000, 7.15000 0.10000 -1.15000"
1811,0.0000,Tx-Rx,0,-85.1993,"-0.15000 1.10000 4.90000, 6.85000 0.10000 -1.15000"
1812,0.0000,Tx-Rx,0,-79.2004,"-0.15000 1.10000 4.90000, 6.55000 0.10000 -1.15000"
1813,0.0000,Tx-Rx,0,-76.2804,"-0.15000 1.10000 4.90000, 6.25000 0.10000 -1.15000"
1814,0.0000,Tx-Rx,0,-77.4549,"-0.15000 1.10000 4.90000, 5.95000 0.10000 -1.15000"
1815,0.0000,Tx-Rx,0,-78.8931,"-0.15000 1.10000 4.90000, 5.65000 0.10000 -1.15000"
1816,0.0000,Tx-Rx,0,-78.9825,"-0.15000 1.10000 4.90000, 5.35000 0.10000 -1.15000"
1817,0.0000,Tx-Rx,0,-81.5096,"-0.15000 1.10000 4.90000, 5.05000 0.10000 -1.15000"
1818,0.0000,Tx-Rx,0,-80.0059,"-0.15000 1.10000 4.90000, 4.75000 0.10000 -1.15000"
1819,0.0000,Tx-Rx,0,-79.0179,"-0.15000 1.10000 4.90000, 4.45000 0.10000 -1.15000"
1820,0.0000,Tx-Rx,0,-80.6663,"-0.15000 1.10000 4.90000, 4.15000 0.10000 -1.15000"
1821,0.0000,Tx-Rx,0,-80.8273,"-0.15000 1.10000 4.90000, 3.85000 0.10000 -1.15000"
1822,0.0000,Tx-Rx,0,-79.3911,"-0.15000 1.10000 4.90000, 3.55000 0.10000 -1.15000"
1823,0.0000,Tx-Rx,0,-78.9006,"-0.15000 1.10000 4.90000, 3.25000 0.10000 -1.15000"
1824,0.0000,Tx-Rx,0,-78.1883,"-0.15000 1.10000 4.90000, 2.95000 0.10000 -1.15000"
1825,0.0000,Tx-Rx,0,-76.7747,"-0.15000 1.10000 4.90000, 2.65000 0.10000 -1.15000"
1826,0.0000,Tx-Rx,0,-77.6314,"-0.15000 1.10000 4.90000, 2.35000 0.10000 -1.15000"
1827,0.0000,Tx-Rx,0,-83.3248,"-0.15000 1.10000 4.90000, 2.05000 0.10000 -1.15000"
1828,0.0000,Tx-Rx,0,-83.0176,"-0.15000 1.10000 4.90000, 1.75000 0.10000 -1.15000"
1829,0.0000,Tx-Rx,0,-81.9103,"-0.15000 1.10000 4.90000, 1.45000 0.10000 -1.15000"
1830,0.0000,Tx-Rx,0,-79.2328,"-0.15000 1.10000 4.90000, 1.15000 0.10000 -1.15000"
1831,0.0000,Tx-Rx,0,-78.0571,"-0.15000 1.10000 4.90000, 0.85000 0.10000 -1.15000"
1832,0.0000,Tx-Rx,0,-77.4570,"-0.15000 1.10000 4.90000, 0.55000 0.10000 -1.15000"
1833,0.0000,Tx-Rx,0,-73.7883,"-0.15000 1.10000 4.90000, 0.25000 0.10000 -1.15000"
1834,0.0000,Tx-Rx,0,-56.8800,"-0.15000 1.10000 4.90000, -0.05000 0.10000 -1.15000"
1835,0.0000,Tx-Rx,0,-54.7467,"-0.15000 1.10000 4.90000, -0.35000 0.10000 -1.15000"
1836,0.0000,Tx-Rx,0,-54.5039,"-0.15000 1.10000 4.90000, -0.65000 0.10000 -1.15000"
1837,0.0000,Tx-Rx,0,-54.5382,"-0.15000 1.10000 4.90000, -0.95000 0.10000 -1.15000"
1838,0.0000,Tx-Rx,0,-54.8609,"-0.15000 1.10000 4.90000, -1.25000 0.10000 -1.15000"
1839,0.0000,Tx-Rx,0,-55.0921,"-0.15000 1.10000 4.90000, -1.55000 0.10000 -1.15000"
1840,0.0000,Tx-Rx,0,-55.5775,"-0.15000 1.10000 4.90000, -1.85000 0.10000 -1.15000"
1841,0.0000,Tx-Rx,0,-55.4270,"-0.15000 1.10000 4.90000, -2.15000 0.10000 -1.15000"
1842,0.0000,Tx-Rx,0,-53.4427,"-0.15000 1.10000 4.90000, -2.45000 0.10000 -1.15000"
1843,0.0000,Tx-Rx,0,-53.4819,"-0.15000 1.10000 4.90000, -2.75000 0.10000 -1.15000"
1844,0.0000,Tx-Rx,0,-53.2371,"-0.15000 1.10000 4.90000, -3.05000 0.10000 -1.15000"
1845,0.0000,Tx-Rx,0,-53.9310,"-0.15000 1.10000 4.90000, -3.35000 0.10000 -1.15000"
1846,0.0000,Tx-Rx,0,-53.6596,"-0.15000 1.10000 4.90000, -3.65000 0.10000 -1.15000"
1847,0.0000,Tx-Rx,0,-50.9475,"-0.15000 1.10000 4.90000, -3.95000 0.10000 -1.15000"
1848,0.0000,Tx-Rx,0,-51.2453,"-0.15000 1.10000 4.90000, -4.25000 0.10000 -1.15000"
1849,0.0000,Tx-Rx,0,-51.4212,"-0.15000 1.10000 4.90000, -4.55000 0.10000 -1.15000"
1850,0.0000,Tx-Rx,0,-51.7166,"-0.15000 1.10000 4.90000, -4.85000 0.10000 -1.15000"
1851,0.0000,Tx-Rx,0,-51.8372,"-0.15000 1.10000 4.90000, -5.15000 0.10000 -1.15000"
1852,0.0000,Tx-Rx,0,-51.7825,"-0.15000 1.10000 4.90000, -5.45000 0.10000 -1.15000"
1853,0.0000,Tx-Rx,0,-55.1459,"-0.15000 1.10000 4.90000, -5.75000 0.10000 -1.15000"
1854,0.0000,Tx-Rx,0,-57.1502,"-0.15000 1.10000 4.90000, -6.05000 0.10000 -1.15000"
1855,0.0000,Tx-Rx,0,-58.7608,"-0.15000 1.10000 4.90000, -6.35000 0.10000 -1.15000"
1856,0.0000,Tx-Rx,0,-60.2751,"-0.15000 1.10000 4.90000, -6.65000 0.10000 -1.15000"
1857,0.0000,Tx-Rx,0,-64.1064,"-0.15000 1.10000 4.90000, -6.95000 0.10000 -1.15000"
1858,0.0000,Tx-Rx,0,-65.2927,"-0.15000 1.10000 4.90000, -7.25000 0.10000 -1.15000"
1859,0.0000,Tx-Rx,0,-64.7469,"-0.15000 1.10000 4.90000, -7.55000 0.10000 -1.15000"
1860,0.0000,Tx-Rx,0,-61.8197,"-0.15000 1.10000 4.90000, -7.85000 0.10000 -1.15000"
1861,0.0000,Tx-Rx,0,-82.5069,"-0.15000 1.10000 4.90000, 9.85000 0.10000 -1.45000"
1862,0.0000,Tx-Rx,0,-82.8670,"-0.15000 1.10000 4.90000, 9.55000 0.10000 -1.45000"
1863,0.0000,Tx-Rx,0,-83.9770,"-0.15000 1.10000 4.90000, 9.25000 0.10000 -1.45000"
1864,0.0000,Tx-Rx,0,-85.4219,"-0.15000 1.10000 4.90000, 8.95000 0.10000 -1.45000"
1865,0.0000,Tx-Rx,0,-82.2782,"-0.15000 1.10000 4.90000, 8.65000 0.10000 -1.45000"
1866,0.0000,Tx-Rx,0,-80.4377,"-0.15000 1.10000 4.90000, 8.35000 0.10000 -1.45000"
1867,0.0000,Tx-Rx,0,-80.9768,"-0.15000 1.10000 4.90000, 8.05000 0.10000 -1.45000"
1868,0.0000,Tx-Rx,0,-83.8496,"-0.15000 1.10000 4.90000, 7.75000 0.10000 -1.45000"
1869,0.0000,Tx-Rx,0,-85.9090,"-0.15000 1.10000 4.90000, 7.45000 0.10000 -1.45000"
1870,0.0000,Tx-Rx,0,-83.7392,"-0.15000 1.10000 4.90000, 7.15000 0.10000 -1.45000"
1871,0.0000,Tx-Rx,0,-80.9192,"-0.15000 1.10000 4.90000, 6.85000 0.10000 -1.45000"
1872,0.0000,Tx-Rx,0,-82.4002,"-0.15000 1.10000 4.90000, 6.55000 0.10000 -1.45000"
1873,0.0000,Tx-Rx,0,-82.9259,"-0.15000 1.10000 4.90000, 6.25000 0.10000 -1.45000"
1874,0.0000,Tx-Rx,0,-79.6001,"-0.15000 1.10000 4.90000, 5.95000 0.10000 -1.45000"
1875,0.0000,Tx-Rx,0,-79.6221,"-0.15000 1.10000 4.90000, 5.65000 0.10000 -1.45000"
1876,0.0000,Tx-Rx,0,-77.6833,"-0.15000 1.10000 4.90000, 5.35000 0.10000 -1.45000"
1877,0.0000,Tx-Rx,0,-78.5868,"-0.15000 1.10000 4.90000, 5.05000 0.10000 -1.45000"
1878,0.0000,Tx-Rx,0,-78.1258,"-0.15000 1.10000 4.90000, 4.75000 0.10000 -1.45000"
1879,0.0000,Tx-Rx,0,-80.6419,"-0.15000 1.10000 4.90000, 4.45000 0.10000 -1.45000"
1880,0.0000,Tx-Rx,0,-85.6123,"-0.15000 1.10000 4.90000, 4.15000 0.10000 -1.45000"
1881,0.0000,Tx-Rx,0,-80.5459,"-0.15000 1.10000 4.90000, 3.85000 0.10000 -1.45000"
1882,0.0000,Tx-Rx,0,-79.5573,"-0.15000 1.10000 4.90000, 3.55000 0.10000 -1.45000"
1883,0.0000,Tx-Rx,0,-78.7263,"-0.15000 1.10000 4.90000, 3.25000 0.10000 -1.45000"
1884,0.0000,Tx-Rx,0,-78.6028,"-0.15000 1.10000 4.90000, 2.95000 0.10000 -1.45000"
1885,0.0000,Tx-Rx,0,-77.5381,"-0.15000 1.10000 4.90000, 2.65000 0.10000 -1.45000"
1886,0.0000,Tx-Rx,0,-76.7715,"-0.15000 1.10000 4.90000, 2.35000 0.10000 -1.45000"
1887,0.0000,Tx-Rx,0,-78.9633,"-0.15000 1.10000 4.90000, 2.05000 0.10000 -1.45000"
1888,0.0000,Tx-Rx,0,-79.1847,"-0.15000 1.10000 4.90000, 1.75000 0.10000 -1.45000"
1889,0.0000,Tx-Rx,0,-78.6990,"-0.15000 1.10000 4.90000, 1.45000 0.10000 -1.45000"
1890,0.0000,Tx-Rx,0,-78.4941,"-0.15000 1.10000 4.90000, 1.15000 0.10000 -1.45000"
1891,0.0000,Tx-Rx,0,-79.0843,"-0.15000 1.10000 4.90000, 0.85000 0.10000 -1.45000"
1892,0.0000,Tx-Rx,0,-77.8679,"-0.15000 1.10000 4.90000, 0.55000 0.10000 -1.45000"
1893,0.0000,Tx-Rx,0,-71.4288,"-0.15000 1.10000 4.90000, 0.25000 0.10000 -1.45000"
1894,0.0000,Tx-Rx,0,-57.2192,"-0.15000 1.10000 4.90000, -0.05000 0.10000 -1.45000"
1895,0.0000,Tx-Rx,0,-55.1733,"-0.15000 1.10000 4.90000, -0.35000 0.10000 -1.45000"
1896,0.0000,Tx-Rx,0,-54.9865,"-0.15000 1.10000 4.90000, -0.65000 0.10000 -1.45000"
1897,0.0000,Tx-Rx,0,-54.9225,"-0.15000 1.10000 4.90000, -0.95000 0.10000 -1.45000"
1898,0.0000,Tx-Rx,0,-54.9790,"-0.15000 1.10000 4.90000, -1.25000 0.10000 -1.45000"
1899,0.0000,Tx-Rx,0,-55.3830,"-0.15000 1.10000 4.90000, -1.55000 0.10000 -1.45000"
1900,0.0000,Tx-Rx,0,-55.8581,"-0.15000 1.10000 4.90000, -1.85000 0.10000 -1.45000"
1901,0.0000,Tx-Rx,0,-55.7996,"-0.15000 1.10000 4.90000, -2.15000 0.10000 -1.45000"
1902,0.0000,Tx-Rx,0,-54.8733,"-0.15000 1.10000 4.90000, -2.45000 0.10000 -1.45000"
1903,0.0000,Tx-Rx,0,-53.7816,"-0.15000 1.10000 4.90000, -2.75000 0.10000 -1.45000"
1904,0.0000,Tx-Rx,0,-53.8783,"-0.15000 1.10000 4.90000, -3.05000 0.10000 -1.45000"
1905,0.0000,Tx-Rx,0,-54.1512,"-0.15000 1.10000 4.90000, -3.35000 0.10000 -1.45000"
1906,0.0000,Tx-Rx,0,-54.3179,"-0.15000 1.10000 4.90000, -3.65000 0.10000 -1.45000"
1907,0.0000,Tx-Rx,0,-52.7765,"-0.15000 1.10000 4.90000, -3.95000 0.10000 -1.45000"
1908,0.0000,Tx-Rx,0,-51.4573,"-0.15000 1.10000 4.90000, -4.25000 0.10000 -1.45000"
1909,0.0000,Tx-Rx,0,-51.6597,"-0.15000 1.10000 4.90000, -4.55000 0.10000 -1.45000"
1910,0.0000,Tx-Rx,0,-51.7096,"-0.15000 1.10000 4.90000, -4.85000 0.10000 -1.45000"
1911,0.0000,Tx-Rx,0,-53.2151,"-0.15000 1.10000 4.90000, -5.15000 0.10000 -1.45000"
1912,0.0000,Tx-Rx,0,-54.0883,"-0.15000 1.10000 4.90000, -5.45000 0.10000 -1.45000"
1913,0.0000,Tx-Rx,0,-54.9155,"-0.15000 1.10000 4.90000, -5.75000 0.10000 -1.45000"
1914,0.0000,Tx-Rx,0,-59.4778,"-0.15000 1.10000 4.90000, -6.05000 0.10000 -1.45000"
1915,0.0000,Tx-Rx,0,-60.9359,"-0.15000 1.10000 4.90000, -6.35000 0.10000 -1.45000"
1916,0.0000,Tx-Rx,0,-61.4601,"-0.15000 1.10000 4.90000, -6.65000 0.10000 -1.45000"
1917,0.0000,Tx-Rx,0,-62.1915,"-0.15000 1.10000 4.90000, -6.95000 0.10000 -1.45000"
1918,0.0000,Tx-Rx,0,-64.3519,"-0.15000 1.10000 4.90000, -7.25000 0.10000 -1.45000"
1919,0.0000,Tx-Rx,0,-61.4447,"-0.15000 1.10000 4.90000, -7.55000 0.10000 -1.45000"
1920,0.0000,Tx-Rx,0,-61.1474,"-0.15000 1.10000 4.90000, -7.85000 0.10000 -1.45000"
1921,0.0000,Tx-Rx,0,-86.4974,"-0.15000 1.10000 4.90000, 9.85000 0.10000 -1.75000"
1922,0.0000,Tx-Rx,0,-83.7061,"-0.15000 1.10000 4.90000, 9.55000 0.10000 -1.75000"
1923,0.0000,Tx-Rx,0,-82.5552,"-0.15000 1.10000 4.90000, 9.25000 0.10000 -1.75000"
1924,0.0000,Tx-Rx,0,-82.1709,"-0.15000 1.10000 4.90000, 8.95000 0.10000 -1.75000"
1925,0.0000,Tx-Rx,0,-81.0186,"-0.15000 1.10000 4.90000, 8.65000 0.10000 -1.75000"
1926,0.0000,Tx-Rx,0,-82.3474,"-0.15000 1.10000 4.90000, 8.35000 0.10000 -1.75000"
1927,0.0000,Tx-Rx,0,-85.5274,"-0.15000 1.10000 4.90000, 8.05000 0.10000 -1.75000"
1928,0.0000,Tx-Rx,0,-86.2742,"-0.15000 1.10000 4.90000, 7.75000 0.10000 -1.75000"
1929,0.0000,Tx-Rx,0,-83.5141,"-0.15000 1.10000 4.90000, 7.45000 0.10000 -1.75000"
1930,0.0000,Tx-Rx,0,-82.5338,"-0.15000 1.10000 4.90000, 7.15000 0.10000 -1.75000"
1931,0.0000,Tx-Rx,0,-83.7515,"-0.15000 1.10000 4.90000, 6.85000 0.10000 -1.75000"
1932,0.0000,Tx-Rx,0,-85.8376,"-0.15000 1.10000 4.90000, 6.55000 0.10000 -1.75000"
1933,0.0000,Tx-Rx,0,-86.2246,"-0.15000 1.10000 4.90000, 6.25000 0.10000 -1.75000"
1934,0.0000,Tx-Rx,0,-85.4582,"-0.15000 1.10000 4.90000, 5.95000 0.10000 -1.75000"
1935,0.0000,Tx-Rx,0,-81.5177,"-0.15000 1.10000 4.90000, 5.65000 0.10000 -1.75000"
1936,0.0000,Tx-Rx,0,-79.2518,"-0.15000 1.10000 4.90000, 5.35000 0.10000 -1.75000"
1937,0.0000,Tx-Rx,0,-78.0492,"-0.15000 1.10000 4.90000, 5.05000 0.10000 -1.75000"
1938,0.0000,Tx-Rx,0,-78.8989,"-0.15000 1.10000 4.90000, 4.75000 0.10000 -1.75000"
1939,0.0000,Tx-Rx,0,-78.4137,"-0.15000 1.10000 4.90000, 4.45000 0.10000 -1.75000"
1940,0.0000,Tx-Rx,0,-78.1954,"-0.15000 1.10000 4.90000, 4.15000 0.10000 -1.75000"
1941,0.0000,Tx-Rx,0,-80.3683,"-0.15000 1.10000 4.90000, 3.85000 0.10000 -1.75000"
1942,0.0000,Tx-Rx,0,-79.7546,"-0.15000 1.10000 4.90000, 3.55000 0.10000 -1.75000"
1943,0.0000,Tx-Rx,0,-78.2131,"-0.15000 1.10000 4.90000, 3.25000 0.10000 -1.75000"
1944,0.0000,Tx-Rx,0,-77.2216,"-0.15000 1.10000 4.90000, 2.95000 0.10000 -1.75000"
1945,0.0000,Tx-Rx,0,-77.1267,"-0.15000 1.10000 4.90000, 2.65000 0.10000 -1.75000"
1946,0.0000,Tx-Rx,0,-76.3875,"-0.15000 1.10000 4.90000, 2.35000 0.10000 -1.75000"
1947,0.0000,Tx-Rx,0,-77.8188,"-0.15000 1.10000 4.90000, 2.05000 0.10000 -1.75000"
1948,0.0000,Tx-Rx,0,-78.2074,"-0.15000 1.10000 4.90000, 1.75000 0.10000 -1.75000"
1949,0.0000,Tx-Rx,0,-78.7571,"-0.15000 1.10000 4.90000, 1.45000 0.10000 -1.75000"
1950,0.0000,Tx-Rx,0,-79.3088,"-0.15000 1.10000 4.90000, 1.15000 0.10000 -1.75000"
1951,0.0000,Tx-Rx,0,-78.9905,"-0.15000 1.10000 4.90000, 0.85000 0.10000 -1.75000"
1952,0.0000,Tx-Rx,0,-78.4602,"-0.15000 1.10000 4.90000, 0.55000 0.10000 -1.75000"
1953,0.0000,Tx-Rx,0,-70.1016,"-0.15000 1.10000 4.90000, 0.25000 0.10000 -1.75000"
1954,0.0000,Tx-Rx,0,-57.4714,"-0.15000 1.10000 4.90000, -0.05000 0.10000 -1.75000"
1955,0.0000,Tx-Rx,0,-55.5431,"-0.15000 1.10000 4.90000, -0.35000 0.10000 -1.75000"
1956,0.0000,Tx-Rx,0,-55.2916,"-0.15000 1.10000 4.90000, -0.65000 0.10000 -1.75000"
1957,0.0000,Tx-Rx,0,-55.3988,"-0.15000 1.10000 4.90000, -0.95000 0.10000 -1.75000"
1958,0.0000,Tx-Rx,0,-55.4576,"-0.15000 1.10000 4.90000, -1.25000 0.10000 -1.75000"
1959,0.0000,Tx-Rx,0,-55.4549,"-0.15000 1.10000 4.90000, -1.55000 0.10000 -1.75000"
1960,0.0000,Tx-Rx,0,-55.7499,"-0.15000 1.10000 4.90000, -1.85000 0.10000 -1.75000"
1961,0.0000,Tx-Rx,0,-56.2859,"-0.15000 1.10000 4.90000, -2.15000 0.10000 -1.75000"
1962,0.0000,Tx-Rx,0,-56.0276,"-0.15000 1.10000 4.90000, -2.45000 0.10000 -1.75000"
1963,0.0000,Tx-Rx,0,-54.4835,"-0.15000 1.10000 4.90000, -2.75000 0.10000 -1.75000"
1964,0.0000,Tx-Rx,0,-54.0487,"-0.15000 1.10000 4.90000, -3.05000 0.10000 -1.75000"
1965,0.0000,Tx-Rx,0,-53.9820,"-0.15000 1.10000 4.90000, -3.35000 0.10000 -1.75000"
1966,0.0000,Tx-Rx,0,-54.3894,"-0.15000 1.10000 4.90000, -3.65000 0.10000 -1.75000"
1967,0.0000,Tx-Rx,0,-55.2393,"-0.15000 1.10000 4.90000, -3.95000 0.10000 -1.75000"
1968,0.0000,Tx-Rx,0,-51.9264,"-0.15000 1.10000 4.90000, -4.25000 0.10000 -1.75000"
1969,0.0000,Tx-Rx,0,-51.8049,"-0.15000 1.10000 4.90000, -4.55000 0.10000 -1.75000"
1970,0.0000,Tx-Rx,0,-51.6797,"-0.15000 1.10000 4.90000, -4.85000 0.10000 -1.75000"
1971,0.0000,Tx-Rx,0,-54.6181,"-0.15000 1.10000 4.90000, -5.15000 0.10000 -1.75000"
1972,0.0000,Tx-Rx,0,-59.5239,"-0.15000 1.10000 4.90000, -5.45000 0.10000 -1.75000"
1973,0.0000,Tx-Rx,0,-67.6787,"-0.15000 1.10000 4.90000, -5.75000 0.10000 -1.75000"
1974,0.0000,Tx-Rx,0,-61.1067,"-0.15000 1.10000 4.90000, -6.05000 0.10000 -1.75000"
1975,0.0000,Tx-Rx,0,-65.2159,"-0.15000 1.10000 4.90000, -6.35000 0.10000 -1.75000"
1976,0.0000,Tx-Rx,0,-68.7386,"-0.15000 1.10000 4.90000, -6.65000 0.10000 -1.75000"
1977,0.0000,Tx-Rx,0,-63.8153,"-0.15000 1.10000 4.90000, -6.95000 0.10000 -1.75000"
1978,0.0000,Tx-Rx,0,-65.9390,"-0.15000 1.10000 4.90000, -7.25000 0.10000 -1.75000"
1979,0.0000,Tx-Rx,0,-61.0297,"-0.15000 1.10000 4.90000, -7.55000 0.10000 -1.75000"
1980,0.0000,Tx-Rx,0,-60.2575,"-0.15000 1.10000 4.90000, -7.85000 0.10000 -1.75000"
1981,0.0000,Tx-Rx,0,-90.4602,"-0.15000 1.10000 4.90000, 9.85000 0.10000 -2.05000"
1982,0.0000,Tx-Rx,0,-91.3931,"-0.15000 1.10000 4.90000, 9.55000 0.10000 -2.05000"
1983,0.0000,Tx-Rx,0,-86.4092,"-0.15000 1.10000 4.90000, 9.25000 0.10000 -2.05000"
1984,0.0000,Tx-Rx,0,-83.0470,"-0.15000 1.10000 4.90000, 8.95000 0.10000 -2.05000"
1985,0.0000,Tx-Rx,0,-87.2818,"-0.15000 1.10000 4.90000, 8.65000 0.10000 -2.05000"
1986,0.0000,Tx-Rx,0,-89.7153,"-0.15000 1.10000 4.90000, 8.35000 0.10000 -2.05000"
1987,0.0000,Tx-Rx,0,-91.3696,"-0.15000 1.10000 4.90000, 8.05000 0.10000 -2.05000"
1988,0.0000,Tx-Rx,0,-81.6249,"-0.15000 1.10000 4.90000, 7.75000 0.10000 -2.05000"
1989,0.0000,Tx-Rx,0,-83.1374,"-0.15000 1.10000 4.90000, 7.45000 0.10000 -2.05000"
1990,0.0000,Tx-Rx,0,-84.6573,"-0.15000 1.10000 4.90000, 7.15000 0.10000 -2.05000"
1991,0.0000,Tx-Rx,0,-86.3980,"-0.15000 1.10000 4.90000, 6.85000 0.10000 -2.05000"
1992,0.0000,Tx-Rx,0,-85.6452,"-0.15000 1.10000 4.90000, 6.55000 0.10000 -2.05000"
1993,0.0000,Tx-Rx,0,-84.0353,"-0.15000 1.10000 4.90000, 6.25000 0.10000 -2.05000"
1994,0.0000,Tx-Rx,0,-84.0650,"-0.15000 1.10000 4.90000, 5.95000 0.10000 -2.05000"
1995,0.0000,Tx-Rx,0,-83.6920,"-0.15000 1.10000 4.90000, 5.65000 0.10000 -2.05000"
1996,0.0000,Tx-Rx,0,-82.8311,"-0.15000 1.10000 4.90000, 5.35000 0.10000 -2.05000"
1997,0.0000,Tx-Rx,0,-79.8197,"-0.15000 1.10000 4.90000, 5.05000 0.10000 -2.05000"
1998,0.0000,Tx-Rx,0,-78.0470,"-0.15000 1.10000 4.90000, 4.75000 0.10000 -2.05000"
1999,0.0000,Tx-Rx,0,-78.3551,"-0.15000 1.10000 4.90000, 4.45000 0.10000 -2.05000"
2000,0.0000,Tx-Rx,0,-76.8408,"-0.15000 1.10000 4.90000, 4.15000 0.10000 -2.05000"
2001,0.0000,Tx-Rx,0,-76.7680,"-0.15000 1.10000 4.90000, 3.85000 0.10000 -2.05000"
2002,0.0000,Tx-Rx,0,-75.5883,"-0.15000 1.10000 4.90000, 3.55000 0.10000 -2.05000"
2003,0.0000,Tx-Rx,0,-76.8163,"-0.15000 1.10000 4.90000, 3.25000 0.10000 -2.05000"
2004,0.0000,Tx-Rx,0,-77.8767,"-0.15000 1.10000 4.90000, 2.95000 0.10000 -2.05000"
2005,0.0000,Tx-Rx,0,-78.0332,"-0.15000 1.10000 4.90000, 2.65000 0.10000 -2.05000"
2006,0.0000,Tx-Rx,0,-76.4599,"-0.15000 1.10000 4.90000, 2.35000 0.10000 -2.05000"
2007,0.0000,Tx-Rx,0,-76.9444,"-0.15000 1.10000 4.90000, 2.05000 0.10000 -2.05000"
2008,0.0000,Tx-Rx,0,-78.0336,"-0.15000 1.10000 4.90000, 1.75000 0.10000 -2.05000"
2009,0.0000,Tx-Rx,0,-78.5037,"-0.15000 1.10000 4.90000, 1.45000 0.10000 -2.05000"
2010,0.0000,Tx-Rx,0,-78.8976,"-0.15000 1.10000 4.90000, 1.15000 0.10000 -2.05000"
2011,0.0000,Tx-Rx,0,-78.6522,"-0.15000 1.10000 4.90000, 0.85000 0.10000 -2.05000"
2012,0.0000,Tx-Rx,0,-78.2745,"-0.15000 1.10000 4.90000, 0.55000 0.10000 -2.05000"
2013,0.0000,Tx-Rx,0,-70.1301,"-0.15000 1.10000 4.90000, 0.25000 0.10000 -2.05000"
2014,0.0000,Tx-Rx,0,-57.7682,"-0.15000 1.10000 4.90000, -0.05000 0.10000 -2.05000"
2015,0.0000,Tx-Rx,0,-55.9298,"-0.15000 1.10000 4.90000, -0.35000 0.10000 -2.05000"
2016,0.0000,Tx-Rx,0,-55.5604,"-0.15000 1.10000 4.90000, -0.65000 0.10000 -2.05000"
2017,0.0000,Tx-Rx,0,-55.7707,"-0.15000 1.10000 4.90000, -0.95000 0.10000 -2.05000"
2018,0.0000,Tx-Rx,0,-56.0774,"-0.15000 1.10000 4.90000, -1.25000 0.10000 -2.05000"
2019,0.0000,Tx-Rx,0,-55.8269,"-0.15000 1.10000 4.90000, -1.55000 0.10000 -2.05000"
2020,0.0000,Tx-Rx,0,-55.9866,"-0.15000 1.10000 4.90000, -1.85000 0.10000 -2.05000"
2021,0.0000,Tx-Rx,0,-56.2710,"-0.15000 1.10000 4.90000, -2.15000 0.10000 -2.05000"
2022,0.0000,Tx-Rx,0,-56.2406,"-0.15000 1.10000 4.90000, -2.45000 0.10000 -2.05000"
2023,0.0000,Tx-Rx,0,-55.9003,"-0.15000 1.10000 4.90000, -2.75000 0.10000 -2.05000"
2024,0.0000,Tx-Rx,0,-54.4701,"-0.15000 1.10000 4.90000, -3.05000 0.10000 -2.05000"
2025,0.0000,Tx-Rx,0,-54.1728,"-0.15000 1.10000 4.90000, -3.35000 0.10000 -2.05000"
2026,0.0000,Tx-Rx,0,-54.2557,"-0.15000 1.10000 4.90000, -3.65000 0.10000 -2.05000"
2027,0.0000,Tx-Rx,0,-54.9545,"-0.15000 1.10000 4.90000, -3.95000 0.10000 -2.05000"
2028,0.0000,Tx-Rx,0,-53.9749,"-0.15000 1.10000 4.90000, -4.25000 0.10000 -2.05000"
2029,0.0000,Tx-Rx,0,-51.9133,"-0.15000 1.10000 4.90000, -4.55000 0.10000 -2.05000"
2030,0.0000,Tx-Rx,0,-51.7221,"-0.15000 1.10000 4.90000, -4.85000 0.10000 -2.05000"
2031,0.0000,Tx-Rx,0,-54.4473,"-0.15000 1.10000 4.90000, -5.15000 0.10000 -2.05000"
2032,0.0000,Tx-Rx,0,-60.6087,"-0.15000 1.10000 4.90000, -5.45000 0.10000 -2.05000"
2033,0.0000,Tx-Rx,0,-67.5684,"-0.15000 1.10000 4.90000, -5.75000 0.10000 -2.05000"
2034,0.0000,Tx-Rx,0,-63.8579,"-0.15000 1.10000 4.90000, -6.05000 0.10000 -2.05000"
2035,0.0000,Tx-Rx,0,-61.8590,"-0.15000 1.10000 4.90000, -6.35000 0.10000 -2.05000"
2036,0.0000,Tx-Rx,0,-65.6957,"-0.15000 1.10000 4.90000, -6.65000 0.10000 -2.05000"
2037,0.0000,Tx-Rx,0,-63.2508,"-0.15000 1.10000 4.90000, -6.95000 0.10000 -2.05000"
2038,0.0000,Tx-Rx,0,-62.8589,"-0.15000 1.10000 4.90000, -7.25000 0.10000 -2.05000"
2039,0.0000,Tx-Rx,0,-62.0152,"-0.15000 1.10000 4.90000, -7.55000 0.10000 -2.05000"
2040,0.0000,Tx-Rx,0,-62.7723,"-0.15000 1.10000 4.90000, -7.85000 0.10000 -2.05000"
2041,0.0000,Tx-Rx,0,-120.0000,"-0.15000 1.10000 4.90000, 9.85000 0.10000 -2.35000"
2042,0.0000,Tx-Rx,0,-120.0000,"-0.15000 1.10000 4.90000, 9.55000 0.10000 -2.35000"
2043,0.0000,Tx-Rx,0,-120.0000,"-0.15000 1.10000 4.90000, 9.25000 0.10000 -2.35000"
2044,0.0000,Tx-Rx,0,-120.0000,"-0.15000 1.10000 4.90000, 8.95000 0.10000 -2.35000"
2045,0.0000,Tx-Rx,0,-108.8633,"-0.15000 1.10000 4.90000, 8.65000 0.10000 -2.35000"
2046,0.0000,Tx-Rx,0,-116.7194,"-0.15000 1.10000 4.90000, 8.35000 0.10000 -2.35000"
2047,0.0000,Tx-Rx,0,-91.6788,"-0.15000 1.10000 4.90000, 8.05000 0.10000 -2.35000"
2048,0.0000,Tx-Rx,0,-85.7880,"-0.15000 1.10000 4.90000, 7.75000 0.10000 -2.35000"
2049,0.0000,Tx-Rx,0,-84.3493,"-0.15000 1.10000 4.90000, 7.45000 0.10000 -2.35000"
2050,0.0000,Tx-Rx,0,-84.7154,"-0.15000 1.10000 4.90000, 7.15000 0.10000 -2.35000"
2051,0.0000,Tx-Rx,0,-84.2917,"-0.15000 1.10000 4.90000, 6.85000 0.10000 -2.35000"
2052,0.0000,Tx-Rx,0,-84.8156,"-0.15000 1.10000 4.90000, 6.55000 0.10000 -2.35000"
2053,0.0000,Tx-Rx,0,-83.2554,"-0.15000 1.10000 4.90000, 6.25000 0.10000 -2.35000"
2054,0.0000,Tx-Rx,0,-82.8696,"-0.15000 1.10000 4.90000, 5.95000 0.10000 -2.35000"
2055,0.0000,Tx-Rx,0,-81.9136,"-0.15000 1.10000 4.90000, 5.65000 0.10000 -2.35000"
2056,0.0000,Tx-Rx,0,-81.4614,"-0.15000 1.10000 4.90000, 5.35000 0.10000 -2.35000"
2057,0.0000,Tx-Rx,0,-82.4831,"-0.15000 1.10000 4.90000, 5.05000 0.10000 -2.35000"
2058,0.0000,Tx-Rx,0,-80.4017,"-0.15000 1.10000 4.90000, 4.75000 0.10000 -2.35000"
2059,0.0000,Tx-Rx,0,-76.7430,"-0.15000 1.10000 4.90000, 4.45000 0.10000 -2.35000"
2060,0.0000,Tx-Rx,0,-75.7122,"-0.15000 1.10000 4.90000, 4.15000 0.10000 -2.35000"
2061,0.0000,Tx-Rx,0,-76.0241,"-0.15000 1.10000 4.90000, 3.85000 0.10000 -2.35000"
2062,0.0000,Tx-Rx,0,-75.8878,"-0.15000 1.10000 4.90000, 3.55000 0.10000 -2.35000"
2063,0.0000,Tx-Rx,0,-75.5665,"-0.15000 1.10000 4.90000, 3.25000 0.10000 -2.35000"
2064,0.0000,Tx-Rx,0,-78.5784,"-0.15000 1.10000 4.90000, 2.95000 0.10000 -2.35000"
2065,0.0000,Tx-Rx,0,-78.9677,"-0.15000 1.10000 4.90000, 2.65000 0.10000 -2.35000"
2066,0.0000,Tx-Rx,0,-77.0649,"-0.15000 1.10000 4.90000, 2.35000 0.10000 -2.35000"
2067,0.0000,Tx-Rx,0,-76.8506,"-0.15000 1.10000 4.90000, 2.05000 0.10000 -2.35000"
2068,0.0000,Tx-Rx,0,-78.0820,"-0.15000 1.10000 4.90000, 1.75000 0.10000 -2.35000"
2069,0.0000,Tx-Rx,0,-78.4499,"-0.15000 1.10000 4.90000, 1.45000 0.10000 -2.35000"
2070,0.0000,Tx-Rx,0,-77.9211,"-0.15000 1.10000 4.90000, 1.15000 0.10000 -2.35000"
2071,0.0000,Tx-Rx,0,-77.9965,"-0.15000 1.10000 4.90000, 0.85000 0.10000 -2.35000"
2072,0.0000,Tx-Rx,0,-77.6791,"-0.15000 1.10000 4.90000, 0.55000 0.10000 -2.35000"
2073,0.0000,Tx-Rx,0,-70.2120,"-0.15000 1.10000 4.90000, 0.25000 0.10000 -2.35000"
2074,0.0000,Tx-Rx,0,-58.0922,"-0.15000 1.10000 4.90000, -0.05000 0.10000 -2.35000"
2075,0.0000,Tx-Rx,0,-56.3158,"-0.15000 1.10000 4.90000, -0.35000 0.10000 -2.35000"
2076,0.0000,Tx-Rx,0,-55.8244,"-0.15000 1.10000 4.90000, -0.65000 0.10000 -2.35000"
2077,0.0000,Tx-Rx,0,-55.9281,"-0.15000 1.10000 4.90000, -0.95000 0.10000 -2.35000"
2078,0.0000,Tx-Rx,0,-56.1854,"-0.15000 1.10000 4.90000, -1.25000 0.10000 -2.35000"
2079,0.0000,Tx-Rx,0,-56.2714,"-0.15000 1.10000 4.90000, -1.55000 0.10000 -2.35000"
2080,0.0000,Tx-Rx,0,-56.1682,"-0.15000 1.10000 4.90000, -1.85000 0.10000 -2.35000"
2081,0.0000,Tx-Rx,0,-56.1187,"-0.15000 1.10000 4.90000, -2.15000 0.10000 -2.35000"
2082,0.0000,Tx-Rx,0,-56.2968,"-0.15000 1.10000 4.90000, -2.45000 0.10000 -2.35000"
2083,0.0000,Tx-Rx,0,-56.3541,"-0.15000 1.10000 4.90000, -2.75000 0.10000 -2.35000"
2084,0.0000,Tx-Rx,0,-55.7862,"-0.15000 1.10000 4.90000, -3.05000 0.10000 -2.35000"
2085,0.0000,Tx-Rx,0,-54.7018,"-0.15000 1.10000 4.90000, -3.35000 0.10000 -2.35000"
2086,0.0000,Tx-Rx,0,-54.7588,"-0.15000 1.10000 4.90000, -3.65000 0.10000 -2.35000"
2087,0.0000,Tx-Rx,0,-55.0631,"-0.15000 1.10000 4.90000, -3.95000 0.10000 -2.35000"
2088,0.0000,Tx-Rx,0,-55.6344,"-0.15000 1.10000 4.90000, -4.25000 0.10000 -2.35000"
2089,0.0000,Tx-Rx,0,-52.9024,"-0.15000 1.10000 4.90000, -4.55000 0.10000 -2.35000"
2090,0.0000,Tx-Rx,0,-51.8819,"-0.15000 1.10000 4.90000, -4.85000 0.10000 -2.35000"
2091,0.0000,Tx-Rx,0,-52.7559,"-0.15000 1.10000 4.90000, -5.15000 0.10000 -2.35000"
2092,0.0000,Tx-Rx,0,-59.6319,"-0.15000 1.10000 4.90000, -5.45000 0.10000 -2.35000"
2093,0.0000,Tx-Rx,0,-63.7102,"-0.15000 1.10000 4.90000, -5.75000 0.10000 -2.35000"
2094,0.0000,Tx-Rx,0,-65.0423,"-0.15000 1.10000 4.90000, -6.05000 0.10000 -2.35000"
2095,0.0000,Tx-Rx,0,-65.7358,"-0.15000 1.10000 4.90000, -6.35000 0.10000 -2.35000"
2096,0.0000,Tx-Rx,0,-62.7085,"-0.15000 1.10000 4.90000, -6.65000 0.10000 -2.35000"
2097,0.0000,Tx-Rx,0,-62.4774,"-0.15000 1.10000 4.90000, -6.95000 0.10000 -2.35000"
2098,0.0000,Tx-Rx,0,-62.3032,"-0.15000 1.10000 4.90000, -7.25000 0.10000 -2.35000"
2099,0.0000,Tx-Rx,0,-63.0476,"-0.15000 1.10000 4.90000, -7.55000 0.10000 -2.35000"
2100,0.0000,Tx-Rx,0,-68.6349,"-0.15000 1.10000 4.90000, -7.85000 0.10000 -2.35000"
2101,0.0000,Tx-Rx,0,-120.0000,"-0.15000 1.10000 4.90000, 9.85000 0.10000 -2.65000"
2102,0.0000,Tx-Rx,0,-120.0000,"-0.15000 1.10000 4.90000, 9.55000 0.10000 -2.65000"
2103,0.0000,Tx-Rx,0,-120.0000,"-0.15000 1.10000 4.90000, 9.25000 0.10000 -2.65000"
2104,0.0000,Tx-Rx,0,-119.2817,"-0.15000 1.10000 4.90000, 8.95000 0.10000 -2.65000"
2105,0.0000,Tx-Rx,0,-118.1284,"-0.15000 1.10000 4.90000, 8.65000 0.10000 -2.65000"
2106,0.0000,Tx-Rx,0,-112.9040,"-0.15000 1.10000 4.90000, 8.35000 0.10000 -2.65000"
2107,0.0000,Tx-Rx,0,-89.4429,"-0.15000 1.10000 4.90000, 8.05000 0.10000 -2.65000"
2108,0.0000,Tx-Rx,0,-83.9182,"-0.15000 1.10000 4.90000, 7.75000 0.10000 -2.65000"
2109,0.0000,Tx-Rx,0,-83.9133,"-0.15000 1.10000 4.90000, 7.45000 0.10000 -2.65000"
2110,0.0000,Tx-Rx,0,-84.2641,"-0.15000 1.10000 4.90000, 7.15000 0.10000 -2.65000"
2111,0.0000,Tx-Rx,0,-84.6795,"-0.15000 1.10000 4.90000, 6.85000 0.10000 -2.65000"
2112,0.0000,Tx-Rx,0,-83.4394,"-0.15000 1.10000 4.90000, 6.55000 0.10000 -2.65000"
2113,0.0000,Tx-Rx,0,-82.3821,"-0.15000 1.10000 4.90000, 6.25000 0.10000 -2.65000"
2114,0.0000,Tx-Rx,0,-81.3184,"-0.15000 1.10000 4.90000, 5.95000 0.10000 -2.65000"
2115,0.0000,Tx-Rx,0,-79.5428,"-0.15000 1.10000 4.90000, 5.65000 0.10000 -2.65000"
2116,0.0000,Tx-Rx,0,-79.0413,"-0.15000 1.10000 4.90000, 5.35000 0.10000 -2.65000"
2117,0.0000,Tx-Rx,0,-78.7925,"-0.15000 1.10000 4.90000, 5.05000 0.10000 -2.65000"
2118,0.0000,Tx-Rx,0,-78.0042,"-0.15000 1.10000 4.90000, 4.75000 0.10000 -2.65000"
2119,0.0000,Tx-Rx,0,-78.0024,"-0.15000 1.10000 4.90000, 4.45000 0.10000 -2.65000"
2120,0.0000,Tx-Rx,0,-77.2050,"-0.15000 1.10000 4.90000, 4.15000 0.10000 -2.65000"
2121,0.0000,Tx-Rx,0,-76.2712,"-0.15000 1.10000 4.90000, 3.85000 0.10000 -2.65000"
2122,0.0000,Tx-Rx,0,-76.1508,"-0.15000 1.10000 4.90000, 3.55000 0.10000 -2.65000"
2123,0.0000,Tx-Rx,0,-76.3304,"-0.15000 1.10000 4.90000, 3.25000 0.10000 -2.65000"
2124,0.0000,Tx-Rx,0,-77.6574,"-0.15000 1.10000 4.90000, 2.95000 0.10000 -2.65000"
2125,0.0000,Tx-Rx,0,-77.0851,"-0.15000 1.10000 4.90000, 2.65000 0.10000 -2.65000"
2126,0.0000,Tx-Rx,0,-76.9144,"-0.15000 1.10000 4.90000, 2.35000 0.10000 -2.65000"
2127,0.0000,Tx-Rx,0,-77.3988,"-0.15000 1.10000 4.90000, 2.05000 0.10000 -2.65000"
2128,0.0000,Tx-Rx,0,-78.6098,"-0.15000 1.10000 4.90000, 1.75000 0.10000 -2.65000"
2129,0.0000,Tx-Rx,0,-78.1348,"-0.15000 1.10000 4.90000, 1.45000 0.10000 -2.65000"
2130,0.0000,Tx-Rx,0,-78.2484,"-0.15000 1.10000 4.90000, 1.15000 0.10000 -2.65000"
2131,0.0000,Tx-Rx,0,-78.4625,"-0.15000 1.10000 4.90000, 0.85000 0.10000 -2.65000"
2132,0.0000,Tx-Rx,0,-75.1749,"-0.15000 1.10000 4.90000, 0.55000 0.10000 -2.65000"
2133,0.0000,Tx-Rx,0,-69.9383,"-0.15000 1.10000 4.90000, 0.25000 0.10000 -2.65000"
2134,0.0000,Tx-Rx,0,-58.3825,"-0.15000 1.10000 4.90000, -0.05000 0.10000 -2.65000"
2135,0.0000,Tx-Rx,0,-56.6519,"-0.15000 1.10000 4.90000, -0.35000 0.10000 -2.65000"
2136,0.0000,Tx-Rx,0,-56.1471,"-0.15000 1.10000 4.90000, -0.65000 0.10000 -2.65000"
2137,0.0000,Tx-Rx,0,-56.3816,"-0.15000 1.10000 4.90000, -0.95000 0.10000 -2.65000"
2138,0.0000,Tx-Rx,0,-56.4603,"-0.15000 1.10000 4.90000, -1.25000 0.10000 -2.65000"
2139,0.0000,Tx-Rx,0,-56.6712,"-0.15000 1.10000 4.90000, -1.55000 0.10000 -2.65000"
2140,0.0000,Tx-Rx,0,-56.6568,"-0.15000 1.10000 4.90000, -1.85000 0.10000 -2.65000"
2141,0.0000,Tx-Rx,0,-56.5249,"-0.15000 1.10000 4.90000, -2.15000 0.10000 -2.65000"
2142,0.0000,Tx-Rx,0,-56.5947,"-0.15000 1.10000 4.90000, -2.45000 0.10000 -2.65000"
2143,0.0000,Tx-Rx,0,-56.4499,"-0.15000 1.10000 4.90000, -2.75000 0.10000 -2.65000"
2144,0.0000,Tx-Rx,0,-56.8642,"-0.15000 1.10000 4.90000, -3.05000 0.10000 -2.65000"
2145,0.0000,Tx-Rx,0,-54.6732,"-0.15000 1.10000 4.90000, -3.35000 0.10000 -2.65000"
2146,0.0000,Tx-Rx,0,-54.4147,"-0.15000 1.10000 4.90000, -3.65000 0.10000 -2.65000"
2147,0.0000,Tx-Rx,0,-55.0781,"-0.15000 1.10000 4.90000, -3.95000 0.10000 -2.65000"
2148,0.0000,Tx-Rx,0,-54.7774,"-0.15000 1.10000 4.90000, -4.25000 0.10000 -2.65000"
2149,0.0000,Tx-Rx,0,-53.8246,"-0.15000 1.10000 4.90000, -4.55000 0.10000 -2.65000"
2150,0.0000,Tx-Rx,0,-52.5148,"-0.15000 1.10000 4.90000, -4.85000 0.10000 -2.65000"
2151,0.0000,Tx-Rx,0,-52.4920,"-0.15000 1.10000 4.90000, -5.15000 0.10000 -2.65000"
2152,0.0000,Tx-Rx,0,-53.7392,"-0.15000 1.10000 4.90000, -5.45000 0.10000 -2.65000"
2153,0.0000,Tx-Rx,0,-61.5664,"-0.15000 1.10000 4.90000, -5.75000 0.10000 -2.65000"
2154,0.0000,Tx-Rx,0,-65.2658,"-0.15000 1.10000 4.90000, -6.05000 0.10000 -2.65000"
2155,0.0000,Tx-Rx,0,-65.8213,"-0.15000 1.10000 4.90000, -6.35000 0.10000 -2.65000"
2156,0.0000,Tx-Rx,0,-61.9398,"-0.15000 1.10000 4.90000, -6.65000 0.10000 -2.65000"
2157,0.0000,Tx-Rx,0,-61.7393,"-0.15000 1.10000 4.90000, -6.95000 0.10000 -2.65000"
2158,0.0000,Tx-Rx,0,-62.2158,"-0.15000 1.10000 4.90000, -7.25000 0.10000 -2.65000"
2159,0.0000,Tx-Rx,0,-67.6884,"-0.15000 1.10000 4.90000, -7.55000 0.10000 -2.65000"
2160,0.0000,Tx-Rx,0,-70.8397,"-0.15000 1.10000 4.90000, -7.85000 0.10000 -2.65000"
2161,0.0000,Tx-Rx,0,-109.7043,"-0.15000 1.10000 4.90000, 9.85000 0.10000 -2.95000"
2162,0.0000,Tx-Rx,0,-108.8789,"-0.15000 1.10000 4.90000, 9.55000 0.10000 -2.95000"
2163,0.0000,Tx-Rx,0,-112.7102,"-0.15000 1.10000 4.90000, 9.25000 0.10000 -2.95000"
2164,0.0000,Tx-Rx,0,-107.9136,"-0.15000 1.10000 4.90000, 8.95000 0.10000 -2.95000"
2165,0.0000,Tx-Rx,0,-109.6266,"-0.15000 1.10000 4.90000, 8.65000 0.10000 -2.95000"
2166,0.0000,Tx-Rx,0,-114.1509,"-0.15000 1.10000 4.90000, 8.35000 0.10000 -2.95000"
2167,0.0000,Tx-Rx,0,-91.0944,"-0.15000 1.10000 4.90000, 8.05000 0.10000 -2.95000"
2168,0.0000,Tx-Rx,0,-85.1916,"-0.15000 1.10000 4.90000, 7.75000 0.10000 -2.95000"
2169,0.0000,Tx-Rx,0,-84.4132,"-0.15000 1.10000 4.90000, 7.45000 0.10000 -2.95000"
2170,0.0000,Tx-Rx,0,-83.6009,"-0.15000 1.10000 4.90000, 7.15000 0.10000 -2.95000"
2171,0.0000,Tx-Rx,0,-83.0058,"-0.15000 1.10000 4.90000, 6.85000 0.10000 -2.95000"
2172,0.0000,Tx-Rx,0,-80.5284,"-0.15000 1.10000 4.90000, 6.55000 0.10000 -2.95000"
2173,0.0000,Tx-Rx,0,-78.7346,"-0.15000 1.10000 4.90000, 6.25000 0.10000 -2.95000"
2174,0.0000,Tx-Rx,0,-77.4414,"-0.15000 1.10000 4.90000, 5.95000 0.10000 -2.95000"
2175,0.0000,Tx-Rx,0,-78.6090,"-0.15000 1.10000 4.90000, 5.65000 0.10000 -2.95000"
2176,0.0000,Tx-Rx,0,-78.9145,"-0.15000 1.10000 4.90000, 5.35000 0.10000 -2.95000"
2177,0.0000,Tx-Rx,0,-78.3562,"-0.15000 1.10000 4.90000, 5.05000 0.10000 -2.95000"
2178,0.0000,Tx-Rx,0,-78.1993,"-0.15000 1.10000 4.90000, 4.75000 0.10000 -2.95000"
2179,0.0000,Tx-Rx,0,-77.3769,"-0.15000 1.10000 4.90000, 4.45000 0.10000 -2.95000"
2180,0.0000,Tx-Rx,0,-77.7096,"-0.15000 1.10000 4.90000, 4.15000 0.10000 -2.95000"
2181,0.0000,Tx-Rx,0,-77.5359,"-0.15000 1.10000 4.90000, 3.85000 0.10000 -2.95000"
2182,0.0000,Tx-Rx,0,-76.7422,"-0.15000 1.10000 4.90000, 3.55000 0.10000 -2.95000"
2183,0.0000,Tx-Rx,0,-77.4890,"-0.15000 1.10000 4.90000, 3.25000 0.10000 -2.95000"
2184,0.0000,Tx-Rx,0,-76.5661,"-0.15000 1.10000 4.90000, 2.95000 0.10000 -2.95000"
2185,0.0000,Tx-Rx,0,-76.6330,"-0.15000 1.10000 4.90000, 2.65000 0.10000 -2.95000"
2186,0.0000,Tx-Rx,0,-76.3048,"-0.15000 1.10000 4.90000, 2.35000 0.10000 -2.95000"
2187,0.0000,Tx-Rx,0,-76.4644,"-0.15000 1.10000 4.90000, 2.05000 0.10000 -2.95000"
2188,0.0000,Tx-Rx,0,-78.9180,"-0.15000 1.10000 4.90000, 1.75000 0.10000 -2.95000"
2189,0.0000,Tx-Rx,0,-79.2980,"-0.15000 1.10000 4.90000, 1.45000 0.10000 -2.95000"
2190,0.0000,Tx-Rx,0,-78.8490,"-0.15000 1.10000 4.90000, 1.15000 0.10000 -2.95000"
2191,0.0000,Tx-Rx,0,-78.5398,"-0.15000 1.10000 4.90000, 0.85000 0.10000 -2.95000"
2192,0.0000,Tx-Rx,0,-74.7696,"-0.15000 1.10000 4.90000, 0.55000 0.10000 -2.95000"
2193,0.0000,Tx-Rx,0,-71.0075,"-0.15000 1.10000 4.90000, 0.25000 0.10000 -2.95000"
2194,0.0000,Tx-Rx,0,-58.6655,"-0.15000 1.10000 4.90000, -0.05000 0.10000 -2.95000"
2195,0.0000,Tx-Rx,0,-56.8728,"-0.15000 1.10000 4.90000, -0.35000 0.10000 -2.95000"
2196,0.0000,Tx-Rx,0,-56.5952,"-0.15000 1.10000 4.90000, -0.65000 0.10000 -2.95000"
2197,0.0000,Tx-Rx,0,-56.3320,"-0.15000 1.10000 4.90000, -0.95000 0.10000 -2.95000"
2198,0.0000,Tx-Rx,0,-56.6131,"-0.15000 1.10000 4.90000, -1.25000 0.10000 -2.95000"
2199,0.0000,Tx-Rx,0,-56.8535,"-0.15000 1.10000 4.90000, -1.55000 0.10000 -2.95000"
2200,0.0000,Tx-Rx,0,-56.9012,"-0.15000 1.10000 4.90000, -1.85000 0.10000 -2.95000"
2201,0.0000,Tx-Rx,0,-57.2307,"-0.15000 1.10000 4.90000, -2.15000 0.10000 -2.95000"
2202,0.0000,Tx-Rx,0,-56.3110,"-0.15000 1.10000 4.90000, -2.45000 0.10000 -2.95000"
2203,0.0000,Tx-Rx,0,-56.8882,"-0.15000 1.10000 4.90000, -2.75000 0.10000 -2.95000"
2204,0.0000,Tx-Rx,0,-56.7091,"-0.15000 1.10000 4.90000, -3.05000 0.10000 -2.95000"
2205,0.0000,Tx-Rx,0,-56.4484,"-0.15000 1.10000 4.90000, -3.35000 0.10000 -2.95000"
2206,0.0000,Tx-Rx,0,-55.0069,"-0.15000 1.10000 4.90000, -3.65000 0.10000 -2.95000"
2207,0.0000,Tx-Rx,0,-54.3414,"-0.15000 1.10000 4.90000, -3.95000 0.10000 -2.95000"
2208,0.0000,Tx-Rx,0,-54.4579,"-0.15000 1.10000 4.90000, -4.25000 0.10000 -2.95000"
2209,0.0000,Tx-Rx,0,-55.6381,"-0.15000 1.10000 4.90000, -4.55000 0.10000 -2.95000"
2210,0.0000,Tx-Rx,0,-54.1978,"-0.15000 1.10000 4.90000, -4.85000 0.10000 -2.95000"
2211,0.0000,Tx-Rx,0,-53.0069,"-0.15000 1.10000 4.90000, -5.15000 0.10000 -2.95000"
2212,0.0000,Tx-Rx,0,-52.7252,"-0.15000 1.10000 4.90000, -5.45000 0.10000 -2.95000"
2213,0.0000,Tx-Rx,0,-55.4548,"-0.15000 1.10000 4.90000, -5.75000 0.10000 -2.95000"
2214,0.0000,Tx-Rx,0,-64.9155,"-0.15000 1.10000 4.90000, -6.05000 0.10000 -2.95000"
2215,0.0000,Tx-Rx,0,-62.7494,"-0.15000 1.10000 4.90000, -6.35000 0.10000 -2.95000"
2216,0.0000,Tx-Rx,0,-61.7948,"-0.15000 1.10000 4.90000, -6.65000 0.10000 -2.95000"
2217,0.0000,Tx-Rx,0,-61.5151,"-0.15000 1.10000 4.90000, -6.95000 0.10000 -2.95000"
2218,0.0000,Tx-Rx,0,-64.5962,"-0.15000 1.10000 4.90000, -7.25000 0.10000 -2.95000"
2219,0.0000,Tx-Rx,0,-69.8918,"-0.15000 1.10000 4.90000, -7.55000 0.10000 -2.95000"
2220,0.0000,Tx-Rx,0,-72.8148,"-0.15000 1.10000 4.90000, -7.85000 0.10000 -2.95000"
2221,0.0000,Tx-Rx,0,-111.2710,"-0.15000 1.10000 4.90000, 9.85000 0.10000 -3.25000"
2222,0.0000,Tx-Rx,0,-106.9583,"-0.15000 1.10000 4.90000, 9.55000 0.10000 -3.25000"
2223,0.0000,Tx-Rx,0,-109.9932,"-0.15000 1.10000 4.90000, 9.25000 0.10000 -3.25000"
2224,0.0000,Tx-Rx,0,-118.7700,"-0.15000 1.10000 4.90000, 8.95000 0.10000 -3.25000"
2225,0.0000,Tx-Rx,0,-108.0258,"-0.15000 1.10000 4.90000, 8.65000 0.10000 -3.25000"
2226,0.0000,Tx-Rx,0,-109.8685,"-0.15000 1.10000 4.90000, 8.35000 0.10000 -3.25000"
2227,0.0000,Tx-Rx,0,-90.5234,"-0.15000 1.10000 4.90000, 8.05000 0.10000 -3.25000"
2228,0.0000,Tx-Rx,0,-84.3193,"-0.15000 1.10000 4.90000, 7.75000 0.10000 -3.25000"
2229,0.0000,Tx-Rx,0,-80.9751,"-0.15000 1.10000 4.90000, 7.45000 0.10000 -3.25000"
2230,0.0000,Tx-Rx,0,-79.4755,"-0.15000 1.10000 4.90000, 7.15000 0.10000 -3.25000"
2231,0.0000,Tx-Rx,0,-78.4255,"-0.15000 1.10000 4.90000, 6.85000 0.10000 -3.25000"
2232,0.0000,Tx-Rx,0,-78.0924,"-0.15000 1.10000 4.90000, 6.55000 0.10000 -3.25000"
2233,0.0000,Tx-Rx,0,-77.3638,"-0.15000 1.10000 4.90000, 6.25000 0.10000 -3.25000"
2234,0.0000,Tx-Rx,0,-78.2234,"-0.15000 1.10000 4.90000, 5.95000 0.10000 -3.25000"
2235,0.0000,Tx-Rx,0,-78.6746,"-0.15000 1.10000 4.90000, 5.65000 0.10000 -3.25000"
2236,0.0000,Tx-Rx,0,-78.7179,"-0.15000 1.10000 4.90000, 5.35000 0.10000 -3.25000"
2237,0.0000,Tx-Rx,0,-78.2483,"-0.15000 1.10000 4.90000, 5.05000 0.10000 -3.25000"
2238,0.0000,Tx-Rx,0,-77.5513,"-0.15000 1.10000 4.90000, 4.75000 0.10000 -3.25000"
2239,0.0000,Tx-Rx,0,-77.9360,"-0.15000 1.10000 4.90000, 4.45000 0.10000 -3.25000"
2240,0.0000,Tx-Rx,0,-77.9978,"-0.15000 1.10000 4.90000, 4.15000 0.10000 -3.25000"
2241,0.0000,Tx-Rx,0,-77.8592,"-0.15000 1.10000 4.90000, 3.85000 0.10000 -3.25000"
2242,0.0000,Tx-Rx,0,-78.6471,"-0.15000 1.10000 4.90000, 3.55000 0.10000 -3.25000"
2243,0.0000,Tx-Rx,0,-78.4817,"-0.15000 1.10000 4.90000, 3.25000 0.10000 -3.25000"
2244,0.0000,Tx-Rx,0,-77.9945,"-0.15000 1.10000 4.90000, 2.95000 0.10000 -3.25000"
2245,0.0000,Tx-Rx,0,-77.0544,"-0.15000 1.10000 4.90000, 2.65000 0.10000 -3.25000"
2246,0.0000,Tx-Rx,0,-76.5701,"-0.15000 1.10000 4.90000, 2.35000 0.10000 -3.25000"
2247,0.0000,Tx-Rx,0,-76.1677,"-0.15000 1.10000 4.90000, 2.05000 0.10000 -3.25000"
2248,0.0000,Tx-Rx,0,-76.9695,"-0.15000 1.10000 4.90000, 1.75000 0.10000 -3.25000"
2249,0.0000,Tx-Rx,0,-77.9337,"-0.15000 1.10000 4.90000, 1.45000 0.10000 -3.25000"
2250,0.0000,Tx-Rx,0,-79.1970,"-0.15000 1.10000 4.90000, 1.15000 0.10000 -3.25000"
2251,0.0000,Tx-Rx,0,-77.2395,"-0.15000 1.10000 4.90000, 0.85000 0.10000 -3.25000"
2252,0.0000,Tx-Rx,0,-70.6178,"-0.15000 1.10000 4.90000, 0.55000 0.10000 -3.25000"
2253,0.0000,Tx-Rx,0,-70.2716,"-0.15000 1.10000 4.90000, 0.25000 0.10000 -3.25000"
2254,0.0000,Tx-Rx,0,-58.7970,"-0.15000 1.10000 4.90000, -0.05000 0.10000 -3.25000"
2255,0.0000,Tx-Rx,0,-56.8962,"-0.15000 1.10000 4.90000, -0.35000 0.10000 -3.25000"
2256,0.0000,Tx-Rx,0,-56.7834,"-0.15000 1.10000 4.90000, -0.65000 0.10000 -3.25000"
2257,0.0000,Tx-Rx,0,-56.5886,"-0.15000 1.10000 4.90000, -0.95000 0.10000 -3.25000"
2258,0.0000,Tx-Rx,0,-56.9154,"-0.15000 1.10000 4.90000, -1.25000 0.10000 -3.25000"
2259,0.0000,Tx-Rx,0,-56.9972,"-0.15000 1.10000 4.90000, -1.55000 0.10000 -3.25000"
2260,0.0000,Tx-Rx,0,-57.0882,"-0.15000 1.10000 4.90000, -1.85000 0.10000 -3.25000"
2261,0.0000,Tx-Rx,0,-57.6708,"-0.15000 1.10000 4.90000, -2.15000 0.10000 -3.25000"
2262,0.0000,Tx-Rx,0,-57.1211,"-0.15000 1.10000 4.90000, -2.45000 0.10000 -3.25000"
2263,0.0000,Tx-Rx,0,-57.0861,"-0.15000 1.10000 4.90000, -2.75000 0.10000 -3.25000"
2264,0.0000,Tx-Rx,0,-56.7610,"-0.15000 1.10000 4.90000, -3.05000 0.10000 -3.25000"
2265,0.0000,Tx-Rx,0,-56.8356,"-0.15000 1.10000 4.90000, -3.35000 0.10000 -3.25000"
2266,0.0000,Tx-Rx,0,-55.3097,"-0.15000 1.10000 4.90000, -3.65000 0.10000 -3.25000"
2267,0.0000,Tx-Rx,0,-54.5229,"-0.15000 1.10000 4.90000, -3.95000 0.10000 -3.25000"
2268,0.0000,Tx-Rx,0,-54.9178,"-0.15000 1.10000 4.90000, -4.25000 0.10000 -3.25000"
2269,0.0000,Tx-Rx,0,-55.2363,"-0.15000 1.10000 4.90000, -4.55000 0.10000 -3.25000"
2270,0.0000,Tx-Rx,0,-55.8508,"-0.15000 1.10000 4.90000, -4.85000 0.10000 -3.25000"
2271,0.0000,Tx-Rx,0,-53.1698,"-0.15000 1.10000 4.90000, -5.15000 0.10000 -3.25000"
2272,0.0000,Tx-Rx,0,-53.1299,"-0.15000 1.10000 4.90000, -5.45000 0.10000 -3.25000"
2273,0.0000,Tx-Rx,0,-53.2551,"-0.15000 1.10000 4.90000, -5.75000 0.10000 -3.25000"
2274,0.0000,Tx-Rx,0,-57.3999,"-0.15000 1.10000 4.90000, -6.05000 0.10000 -3.25000"
2275,0.0000,Tx-Rx,0,-61.3636,"-0.15000 1.10000 4.90000, -6.35000 0.10000 -3.25000"
2276,0.0000,Tx-Rx,0,-61.5842,"-0.15000 1.10000 4.90000, -6.65000 0.10000 -3.25000"
2277,0.0000,Tx-Rx,0,-63.1885,"-0.15000 1.10000 4.90000, -6.95000 0.10000 -3.25000"
2278,0.0000,Tx-Rx,0,-67.3256,"-0.15000 1.10000 4.90000, -7.25000 0.10000 -3.25000"
2279,0.0000,Tx-Rx,0,-69.7444,"-0.15000 1.10000 4.90000, -7.55000 0.10000 -3.25000"
2280,0.0000,Tx-Rx,0,-73.6627,"-0.15000 1.10000 4.90000, -7.85000 0.10000 -3.25000"
2281,0.0000,Tx-Rx,0,-111.2154,"-0.15000 1.10000 4.90000, 9.85000 0.10000 -3.55000"
2282,0.0000,Tx-Rx,0,-120.0000,"-0.15000 1.10000 4.90000, 9.55000 0.10000 -3.55000"
2283,0.0000,Tx-Rx,0,-107.4018,"-0.15000 1.10000 4.90000, 9.25000 0.10000 -3.55000"
2284,0.0000,Tx-Rx,0,-103.9698,"-0.15000 1.10000 4.90000, 8.95000 0.10000 -3.55000"
2285,0.0000,Tx-Rx,0,-107.9803,"-0.15000 1.10000 4.90000, 8.65000 0.10000 -3.55000"
2286,0.0000,Tx-Rx,0,-110.5789,"-0.15000 1.10000 4.90000, 8.35000 0.10000 -3.55000"
2287,0.0000,Tx-Rx,0,-83.5122,"-0.15000 1.10000 4.90000, 8.05000 0.10000 -3.55000"
2288,0.0000,Tx-Rx,0,-78.1331,"-0.15000 1.10000 4.90000, 7.75000 0.10000 -3.55000"
2289,0.0000,Tx-Rx,0,-78.0845,"-0.15000 1.10000 4.90000, 7.45000 0.10000 -3.55000"
2290,0.0000,Tx-Rx,0,-78.2679,"-0.15000 1.10000 4.90000, 7.15000 0.10000 -3.55000"
2291,0.0000,Tx-Rx,0,-78.4062,"-0.15000 1.10000 4.90000, 6.85000 0.10000 -3.55000"
2292,0.0000,Tx-Rx,0,-77.9764,"-0.15000 1.10000 4.90000, 6.55000 0.10000 -3.55000"
2293,0.0000,Tx-Rx,0,-78.1375,"-0.15000 1.10000 4.90000, 6.25000 0.10000 -3.55000"
2294,0.0000,Tx-Rx,0,-78.8411,"-0.15000 1.10000 4.90000, 5.95000 0.10000 -3.55000"
2295,0.0000,Tx-Rx,0,-78.7181,"-0.15000 1.10000 4.90000, 5.65000 0.10000 -3.55000"
2296,0.0000,Tx-Rx,0,-77.8870,"-0.15000 1.10000 4.90000, 5.35000 0.10000 -3.55000"
2297,0.0000,Tx-Rx,0,-77.8869,"-0.15000 1.10000 4.90000, 5.05000 0.10000 -3.55000"
2298,0.0000,Tx-Rx,0,-78.0443,"-0.15000 1.10000 4.90000, 4.75000 0.10000 -3.55000"
2299,0.0000,Tx-Rx,0,-77.9290,"-0.15000 1.10000 4.90000, 4.45000 0.10000 -3.55000"
2300,0.0000,Tx-Rx,0,-77.9455,"-0.15000 1.10000 4.90000, 4.15000 0.10000 -3.55000"
2301,0.0000,Tx-Rx,0,-78.9710,"-0.15000 1.10000 4.90000, 3.85000 0.10000 -3.55000"
2302,0.0000,Tx-Rx,0,-79.2153,"-0.15000 1.10000 4.90000, 3.55000 0.10000 -3.55000"
2303,0.0000,Tx-Rx,0,-78.8003,"-0.15000 1.10000 4.90000, 3.25000 0.10000 -3.55000"
2304,0.0000,Tx-Rx,0,-79.5861,"-0.15000 1.10000 4.90000, 2.95000 0.10000 -3.55000"
2305,0.0000,Tx-Rx,0,-78.7798,"-0.15000 1.10000 4.90000, 2.65000 0.10000 -3.55000"
2306,0.0000,Tx-Rx,0,-77.5486,"-0.15000 1.10000 4.90000, 2.35000 0.10000 -3.55000"
2307,0.0000,Tx-Rx,0,-76.2435,"-0.15000 1.10000 4.90000, 2.05000 0.10000 -3.55000"
2308,0.0000,Tx-Rx,0,-76.9661,"-0.15000 1.10000 4.90000, 1.75000 0.10000 -3.55000"
2309,0.0000,Tx-Rx,0,-76.9914,"-0.15000 1.10000 4.90000, 1.45000 0.10000 -3.55000"
2310,0.0000,Tx-Rx,0,-77.7007,"-0.15000 1.10000 4.90000, 1.15000 0.10000 -3.55000"
2311,0.0000,Tx-Rx,0,-76.9107,"-0.15000 1.10000 4.90000, 0.85000 0.10000 -3.55000"
2312,0.0000,Tx-Rx,0,-73.3764,"-0.15000 1.10000 4.90000, 0.55000 0.10000 -3.55000"
2313,0.0000,Tx-Rx,0,-70.9091,"-0.15000 1.10000 4.90000, 0.25000 0.10000 -3.55000"
2314,0.0000,Tx-Rx,0,-59.0043,"-0.15000 1.10000 4.90000, -0.05000 0.10000 -3.55000"
2315,0.0000,Tx-Rx,0,-57.2047,"-0.15000 1.10000 4.90000, -0.35000 0.10000 -3.55000"
2316,0.0000,Tx-Rx,0,-57.0774,"-0.15000 1.10000 4.90000, -0.65000 0.10000 -3.55000"
2317,0.0000,Tx-Rx,0,-56.9782,"-0.15000 1.10000 4.90000, -0.95000 0.10000 -3.55000"
2318,0.0000,Tx-Rx,0,-57.0905,"-0.15000 1.10000 4.90000, -1.25000 0.10000 -3.55000"
2319,0.0000,Tx-Rx,0,-57.2505,"-0.15000 1.10000 4.90000, -1.55000 0.10000 -3.55000"
2320,0.0000,Tx-Rx,0,-57.3206,"-0.15000 1.10000 4.90000, -1.85000 0.10000 -3.55000"
2321,0.0000,Tx-Rx,0,-57.9331,"-0.15000 1.10000 4.90000, -2.15000 0.10000 -3.55000"
2322,0.0000,Tx-Rx,0,-57.7469,"-0.15000 1.10000 4.90000, -2.45000 0.10000 -3.55000"
2323,0.0000,Tx-Rx,0,-57.3787,"-0.15000 1.10000 4.90000, -2.75000 0.10000 -3.55000"
2324,0.0000,Tx-Rx,0,-57.3114,"-0.15000 1.10000 4.90000, -3.05000 0.10000 -3.55000"
2325,0.0000,Tx-Rx,0,-56.3998,"-0.15000 1.10000 4.90000, -3.35000 0.10000 -3.55000"
2326,0.0000,Tx-Rx,0,-55.9915,"-0.15000 1.10000 4.90000, -3.65000 0.10000 -3.55000"
2327,0.0000,Tx-Rx,0,-54.8319,"-0.15000 1.10000 4.90000, -3.95000 0.10000 -3.55000"
2328,0.0000,Tx-Rx,0,-55.5550,"-0.15000 1.10000 4.90000, -4.25000 0.10000 -3.55000"
2329,0.0000,Tx-Rx,0,-55.1890,"-0.15000 1.10000 4.90000, -4.55000 0.10000 -3.55000"
2330,0.0000,Tx-Rx,0,-55.8247,"-0.15000 1.10000 4.90000, -4.85000 0.10000 -3.55000"
2331,0.0000,Tx-Rx,0,-55.4025,"-0.15000 1.10000 4.90000, -5.15000 0.10000 -3.55000"
2332,0.0000,Tx-Rx,0,-53.3540,"-0.15000 1.10000 4.90000, -5.45000 0.10000 -3.55000"
2333,0.0000,Tx-Rx,0,-53.1693,"-0.15000 1.10000 4.90000, -5.75000 0.10000 -3.55000"
2334,0.0000,Tx-Rx,0,-53.4281,"-0.15000 1.10000 4.90000, -6.05000 0.10000 -3.55000"
2335,0.0000,Tx-Rx,0,-58.4787,"-0.15000 1.10000 4.90000, -6.35000 0.10000 -3.55000"
2336,0.0000,Tx-Rx,0,-61.7067,"-0.15000 1.10000 4.90000, -6.65000 0.10000 -3.55000"
2337,0.0000,Tx-Rx,0,-67.1736,"-0.15000 1.10000 4.90000, -6.95000 0.10000 -3.55000"
2338,0.0000,Tx-Rx,0,-69.2012,"-0.15000 1.10000 4.90000, -7.25000 0.10000 -3.55000"
2339,0.0000,Tx-Rx,0,-68.8681,"-0.15000 1.10000 4.90000, -7.55000 0.10000 -3.55000"
2340,0.0000,Tx-Rx,0,-70.7614,"-0.15000 1.10000 4.90000, -7.85000 0.10000 -3.55000"
2341,0.0000,Tx-Rx,0,-112.5933,"-0.15000 1.10000 4.90000, 9.85000 0.10000 -3.85000"
2342,0.0000,Tx-Rx,0,-110.6128,"-0.15000 1.10000 4.90000, 9.55000 0.10000 -3.85000"
2343,0.0000,Tx-Rx,0,-110.0749,"-0.15000 1.10000 4.90000, 9.25000 0.10000 -3.85000"
2344,0.0000,Tx-Rx,0,-102.6568,"-0.15000 1.10000 4.90000, 8.95000 0.10000 -3.85000"
2345,0.0000,Tx-Rx,0,-103.3932,"-0.15000 1.10000 4.90000, 8.65000 0.10000 -3.85000"
2346,0.0000,Tx-Rx,0,-102.8856,"-0.15000 1.10000 4.90000, 8.35000 0.10000 -3.85000"
2347,0.0000,Tx-Rx,0,-82.2670,"-0.15000 1.10000 4.90000, 8.05000 0.10000 -3.85000"
2348,0.0000,Tx-Rx,0,-77.1618,"-0.15000 1.10000 4.90000, 7.75000 0.10000 -3.85000"
2349,0.0000,Tx-Rx,0,-77.3249,"-0.15000 1.10000 4.90000, 7.45000 0.10000 -3.85000"
2350,0.0000,Tx-Rx,0,-78.1547,"-0.15000 1.10000 4.90000, 7.15000 0.10000 -3.85000"
2351,0.0000,Tx-Rx,0,-78.3000,"-0.15000 1.10000 4.90000, 6.85000 0.10000 -3.85000"
2352,0.0000,Tx-Rx,0,-78.2862,"-0.15000 1.10000 4.90000, 6.55000 0.10000 -3.85000"
2353,0.0000,Tx-Rx,0,-78.6387,"-0.15000 1.10000 4.90000, 6.25000 0.10000 -3.85000"
2354,0.0000,Tx-Rx,0,-79.0777,"-0.15000 1.10000 4.90000, 5.95000 0.10000 -3.85000"
2355,0.0000,Tx-Rx,0,-78.7250,"-0.15000 1.10000 4.90000, 5.65000 0.10000 -3.85000"
2356,0.0000,Tx-Rx,0,-78.7004,"-0.15000 1.10000 4.90000, 5.35000 0.10000 -3.85000"
2357,0.0000,Tx-Rx,0,-78.1793,"-0.15000 1.10000 4.90000, 5.05000 0.10000 -3.85000"
2358,0.0000,Tx-Rx,0,-77.6993,"-0.15000 1.10000 4.90000, 4.75000 0.10000 -3.85000"
2359,0.0000,Tx-Rx,0,-78.8274,"-0.15000 1.10000 4.90000, 4.45000 0.10000 -3.85000"
2360,0.0000,Tx-Rx,0,-78.2889,"-0.15000 1.10000 4.90000, 4.15000 0.10000 -3.85000"
2361,0.0000,Tx-Rx,0,-78.8773,"-0.15000 1.10000 4.90000, 3.85000 0.10000 -3.85000"
2362,0.0000,Tx-Rx,0,-79.4823,"-0.15000 1.10000 4.90000, 3.55000 0.10000 -3.85000"
2363,0.0000,Tx-Rx,0,-79.2513,"-0.15000 1.10000 4.90000, 3.25000 0.10000 -3.85000"
2364,0.0000,Tx-Rx,0,-79.3883,"-0.15000 1.10000 4.90000, 2.95000 0.10000 -3.85000"
2365,0.0000,Tx-Rx,0,-79.2526,"-0.15000 1.10000 4.90000, 2.65000 0.10000 -3.85000"
2366,0.0000,Tx-Rx,0,-78.9865,"-0.15000 1.10000 4.90000, 2.35000 0.10000 -3.85000"
2367,0.0000,Tx-Rx,0,-76.5488,"-0.15000 1.10000 4.90000, 2.05000 0.10000 -3.85000"
2368,0.0000,Tx-Rx,0,-75.9360,"-0.15000 1.10000 4.90000, 1.75000 0.10000 -3.85000"
2369,0.0000,Tx-Rx,0,-78.1264,"-0.15000 1.10000 4.90000, 1.45000 0.10000 -3.85000"
2370,0.0000,Tx-Rx,0,-77.8588,"-0.15000 1.10000 4.90000, 1.15000 0.10000 -3.85000"
2371,0.0000,Tx-Rx,0,-75.2469,"-0.15000 1.10000 4.90000, 0.85000 0.10000 -3.85000"
2372,0.0000,Tx-Rx,0,-72.1044,"-0.15000 1.10000 4.90000, 0.55000 0.10000 -3.85000"
2373,0.0000,Tx-Rx,0,-71.2805,"-0.15000 1.10000 4.90000, 0.25000 0.10000 -3.85000"
2374,0.0000,Tx-Rx,0,-59.2242,"-0.15000 1.10000 4.90000, -0.05000 0.10000 -3.85000"
2375,0.0000,Tx-Rx,0,-57.3156,"-0.15000 1.10000 4.90000, -0.35000 0.10000 -3.85000"
2376,0.0000,Tx-Rx,0,-57.0968,"-0.15000 1.10000 4.90000, -0.65000 0.10000 -3.85000"
2377,0.0000,Tx-Rx,0,-57.2614,"-0.15000 1.10000 4.90000, -0.95000 0.10000 -3.85000"
2378,0.0000,Tx-Rx,0,-57.1523,"-0.15000 1.10000 4.90000, -1.25000 0.10000 -3.85000"
2379,0.0000,Tx-Rx,0,-57.3516,"-0.15000 1.10000 4.90000, -1.55000 0.10000 -3.85000"
2380,0.0000,Tx-Rx,0,-57.6245,"-0.15000 1.10000 4.90000, -1.85000 0.10000 -3.85000"
2381,0.0000,Tx-Rx,0,-58.1917,"-0.15000 1.10000 4.90000, -2.15000 0.10000 -3.85000"
2382,0.0000,Tx-Rx,0,-57.6017,"-0.15000 1.10000 4.90000, -2.45000 0.10000 -3.85000"
2383,0.0000,Tx-Rx,0,-57.9709,"-0.15000 1.10000 4.90000, -2.75000 0.10000 -3.85000"
2384,0.0000,Tx-Rx,0,-56.6915,"-0.15000 1.10000 4.90000, -3.05000 0.10000 -3.85000"
2385,0.0000,Tx-Rx,0,-55.8877,"-0.15000 1.10000 4.90000, -3.35000 0.10000 -3.85000"
2386,0.0000,Tx-Rx,0,-56.4835,"-0.15000 1.10000 4.90000, -3.65000 0.10000 -3.85000"
2387,0.0000,Tx-Rx,0,-56.3216,"-0.15000 1.10000 4.90000, -3.95000 0.10000 -3.85000"
2388,0.0000,Tx-Rx,0,-55.5124,"-0.15000 1.10000 4.90000, -4.25000 0.10000 -3.85000"
2389,0.0000,Tx-Rx,0,-55.3730,"-0.15000 1.10000 4.90000, -4.55000 0.10000 -3.85000"
2390,0.0000,Tx-Rx,0,-55.8871,"-0.15000 1.10000 4.90000, -4.85000 0.10000 -3.85000"
2391,0.0000,Tx-Rx,0,-55.9027,"-0.15000 1.10000 4.90000, -5.15000 0.10000 -3.85000"
2392,0.0000,Tx-Rx,0,-54.2447,"-0.15000 1.10000 4.90000, -5.45000 0.10000 -3.85000"
2393,0.0000,Tx-Rx,0,-53.4091,"-0.15000 1.10000 4.90000, -5.75000 0.10000 -3.85000"
2394,0.0000,Tx-Rx,0,-53.1368,"-0.15000 1.10000 4.90000, -6.05000 0.10000 -3.85000"
2395,0.0000,Tx-Rx,0,-54.4727,"-0.15000 1.10000 4.90000, -6.35000 0.10000 -3.85000"
2396,0.0000,Tx-Rx,0,-61.6288,"-0.15000 1.10000 4.90000, -6.65000 0.10000 -3.85000"
2397,0.0000,Tx-Rx,0,-66.2102,"-0.15000 1.10000 4.90000, -6.95000 0.10000 -3.85000"
2398,0.0000,Tx-Rx,0,-69.5222,"-0.15000 1.10000 4.90000, -7.25000 0.10000 -3.85000"
2399,0.0000,Tx-Rx,0,-70.0503,"-0.15000 1.10000 4.90000, -7.55000 0.10000 -3.85000"
2400,0.0000,Tx-Rx,0,-68.1596,"-0.15000 1.10000 4.90000, -7.85000 0.10000 -3.85000"
2401,0.0000,Tx-Rx,0,-109.8963,"-0.15000 1.10000 4.90000, 9.85000 0.10000 -4.15000"
2402,0.0000,Tx-Rx,0,-111.5199,"-0.15000 1.10000 4.90000, 9.55000 0.10000 -4.15000"
2403,0.0000,Tx-Rx,0,-102.8032,"-0.15000 1.10000 4.90000, 9.25000 0.10000 -4.15000"
2404,0.0000,Tx-Rx,0,-104.7025,"-0.15000 1.10000 4.90000, 8.95000 0.10000 -4.15000"
2405,0.0000,Tx-Rx,0,-105.1628,"-0.15000 1.10000 4.90000, 8.65000 0.10000 -4.15000"
2406,0.0000,Tx-Rx,0,-105.5570,"-0.15000 1.10000 4.90000, 8.35000 0.10000 -4.15000"
2407,0.0000,Tx-Rx,0,-82.9764,"-0.15000 1.10000 4.90000, 8.05000 0.10000 -4.15000"
2408,0.0000,Tx-Rx,0,-77.7552,"-0.15000 1.10000 4.90000, 7.75000 0.10000 -4.15000"
2409,0.0000,Tx-Rx,0,-78.1783,"-0.15000 1.10000 4.90000, 7.45000 0.10000 -4.15000"
2410,0.0000,Tx-Rx,0,-78.2421,"-0.15000 1.10000 4.90000, 7.15000 0.10000 -4.15000"
2411,0.0000,Tx-Rx,0,-78.6410,"-0.15000 1.10000 4.90000, 6.85000 0.10000 -4.15000"
2412,0.0000,Tx-Rx,0,-78.4612,"-0.15000 1.10000 4.90000, 6.55000 0.10000 -4.15000"
2413,0.0000,Tx-Rx,0,-79.0013,"-0.15000 1.10000 4.90000, 6.25000 0.10000 -4.15000"
2414,0.0000,Tx-Rx,0,-78.7867,"-0.15000 1.10000 4.90000, 5.95000 0.10000 -4.15000"
2415,0.0000,Tx-Rx,0,-78.8682,"-0.15000 1.10000 4.90000, 5.65000 0.10000 -4.15000"
2416,0.0000,Tx-Rx,0,-78.5954,"-0.15000 1.10000 4.90000, 5.35000 0.10000 -4.15000"
2417,0.0000,Tx-Rx,0,-78.0021,"-0.15000 1.10000 4.90000, 5.05000 0.10000 -4.15000"
2418,0.0000,Tx-Rx,0,-78.0635,"-0.15000 1.10000 4.90000, 4.75000 0.10000 -4.15000"
2419,0.0000,Tx-Rx,0,-77.9316,"-0.15000 1.10000 4.90000, 4.45000 0.10000 -4.15000"
2420,0.0000,Tx-Rx,0,-78.2932,"-0.15000 1.10000 4.90000, 4.15000 0.10000 -4.15000"
2421,0.0000,Tx-Rx,0,-78.8908,"-0.15000 1.10000 4.90000, 3.85000 0.10000 -4.15000"
2422,0.0000,Tx-Rx,0,-79.3437,"-0.15000 1.10000 4.90000, 3.55000 0.10000 -4.15000"
2423,0.0000,Tx-Rx,0,-79.0699,"-0.15000 1.10000 4.90000, 3.25000 0.10000 -4.15000"
2424,0.0000,Tx-Rx,0,-79.2351,"-0.15000 1.10000 4.90000, 2.95000 0.10000 -4.15000"
2425,0.0000,Tx-Rx,0,-78.7881,"-0.15000 1.10000 4.90000, 2.65000 0.10000 -4.15000"
2426,0.0000,Tx-Rx,0,-78.6967,"-0.15000 1.10000 4.90000, 2.35000 0.10000 -4.15000"
2427,0.0000,Tx-Rx,0,-77.4512,"-0.15000 1.10000 4.90000, 2.05000 0.10000 -4.15000"
2428,0.0000,Tx-Rx,0,-78.1385,"-0.15000 1.10000 4.90000, 1.75000 0.10000 -4.15000"
2429,0.0000,Tx-Rx,0,-77.7483,"-0.15000 1.10000 4.90000, 1.45000 0.10000 -4.15000"
2430,0.0000,Tx-Rx,0,-78.3715,"-0.15000 1.10000 4.90000, 1.15000 0.10000 -4.15000"
2431,0.0000,Tx-Rx,0,-75.2177,"-0.15000 1.10000 4.90000, 0.85000 0.10000 -4.15000"
2432,0.0000,Tx-Rx,0,-72.6770,"-0.15000 1.10000 4.90000, 0.55000 0.10000 -4.15000"
2433,0.0000,Tx-Rx,0,-71.8751,"-0.15000 1.10000 4.90000, 0.25000 0.10000 -4.15000"
2434,0.0000,Tx-Rx,0,-66.6251,"-0.15000 1.10000 4.90000, -0.05000 0.10000 -4.15000"
2435,0.0000,Tx-Rx,0,-82.6644,"-0.15000 1.10000 4.90000, -0.35000 0.10000 -4.15000"
2436,0.0000,Tx-Rx,0,-82.4108,"-0.15000 1.10000 4.90000, -0.65000 0.10000 -4.15000"
2437,0.0000,Tx-Rx,0,-82.3662,"-0.15000 1.10000 4.90000, -0.95000 0.10000 -4.15000"
2438,0.0000,Tx-Rx,0,-82.5061,"-0.15000 1.10000 4.90000, -1.25000 0.10000 -4.15000"
2439,0.0000,Tx-Rx,0,-82.4430,"-0.15000 1.10000 4.90000, -1.55000 0.10000 -4.15000"
2440,0.0000,Tx-Rx,0,-80.1670,"-0.15000 1.10000 4.90000, -1.85000 0.10000 -4.15000"
2441,0.0000,Tx-Rx,0,-59.0602,"-0.15000 1.10000 4.90000, -2.15000 0.10000 -4.15000"
2442,0.0000,Tx-Rx,0,-58.1588,"-0.15000 1.10000 4.90000, -2.45000 0.10000 -4.15000"
2443,0.0000,Tx-Rx,0,-57.9969,"-0.15000 1.10000 4.90000, -2.75000 0.10000 -4.15000"
2444,0.0000,Tx-Rx,0,-58.8032,"-0.15000 1.10000 4.90000, -3.05000 0.10000 -4.15000"
2445,0.0000,Tx-Rx,0,-60.4070,"-0.15000 1.10000 4.90000, -3.35000 0.10000 -4.15000"
2446,0.0000,Tx-Rx,0,-64.6951,"-0.15000 1.10000 4.90000, -3.65000 0.10000 -4.15000"
2447,0.0000,Tx-Rx,0,-82.5859,"-0.15000 1.10000 4.90000, -3.95000 0.10000 -4.15000"
2448,0.0000,Tx-Rx,0,-82.1767,"-0.15000 1.10000 4.90000, -4.25000 0.10000 -4.15000"
2449,0.0000,Tx-Rx,0,-82.5069,"-0.15000 1.10000 4.90000, -4.55000 0.10000 -4.15000"
2450,0.0000,Tx-Rx,0,-83.5189,"-0.15000 1.10000 4.90000, -4.85000 0.10000 -4.15000"
2451,0.0000,Tx-Rx,0,-82.9920,"-0.15000 1.10000 4.90000, -5.15000 0.10000 -4.15000"
2452,0.0000,Tx-Rx,0,-84.2475,"-0.15000 1.10000 4.90000, -5.45000 0.10000 -4.15000"
2453,0.0000,Tx-Rx,0,-82.1470,"-0.15000 1.10000 4.90000, -5.75000 0.10000 -4.15000"
2454,0.0000,Tx-Rx,0,-82.0000,"-0.15000 1.10000 4.90000, -6.05000 0.10000 -4.15000"
2455,0.0000,Tx-Rx,0,-80.6941,"-0.15000 1.10000 4.90000, -6.35000 0.10000 -4.15000"
2456,0.0000,Tx-Rx,0,-85.0589,"-0.15000 1.10000 4.90000, -6.65000 0.10000 -4.15000"
2457,0.0000,Tx-Rx,0,-93.0688,"-0.15000 1.10000 4.90000, -6.95000 0.10000 -4.15000"
2458,0.0000,Tx-Rx,0,-98.2268,"-0.15000 1.10000 4.90000, -7.25000 0.10000 -4.15000"
2459,0.0000,Tx-Rx,0,-100.8832,"-0.15000 1.10000 4.90000, -7.55000 0.10000 -4.15000"
2460,0.0000,Tx-Rx,0,-94.2640,"-0.15000 1.10000 4.90000, -7.85000 0.10000 -4.15000"
2461,0.0000,Tx-Rx,0,-106.0405,"-0.15000 1.10000 4.90000, 9.85000 0.10000 -4.45000"
2462,0.0000,Tx-Rx,0,-103.4827,"-0.15000 1.10000 4.90000, 9.55000 0.10000 -4.45000"
2463,0.0000,Tx-Rx,0,-106.6532,"-0.15000 1.10000 4.90000, 9.25000 0.10000 -4.45000"
2464,0.0000,Tx-Rx,0,-102.9934,"-0.15000 1.10000 4.90000, 8.95000 0.10000 -4.45000"
2465,0.0000,Tx-Rx,0,-108.4226,"-0.15000 1.10000 4.90000, 8.65000 0.10000 -4.45000"
2466,0.0000,Tx-Rx,0,-104.9682,"-0.15000 1.10000 4.90000, 8.35000 0.10000 -4.45000"
2467,0.0000,Tx-Rx,0,-83.0932,"-0.15000 1.10000 4.90000, 8.05000 0.10000 -4.45000"
2468,0.0000,Tx-Rx,0,-78.5730,"-0.15000 1.10000 4.90000, 7.75000 0.10000 -4.45000"
2469,0.0000,Tx-Rx,0,-78.4317,"-0.15000 1.10000 4.90000, 7.45000 0.10000 -4.45000"
2470,0.0000,Tx-Rx,0,-78.3676,"-0.15000 1.10000 4.90000, 7.15000 0.10000 -4.45000"
2471,0.0000,Tx-Rx,0,-78.8116,"-0.15000 1.10000 4.90000, 6.85000 0.10000 -4.45000"
2472,0.0000,Tx-Rx,0,-78.8792,"-0.15000 1.10000 4.90000, 6.55000 0.10000 -4.45000"
2473,0.0000,Tx-Rx,0,-78.4285,"-0.15000 1.10000 4.90000, 6.25000 0.10000 -4.45000"
2474,0.0000,Tx-Rx,0,-78.0001,"-0.15000 1.10000 4.90000, 5.95000 0.10000 -4.45000"
2475,0.0000,Tx-Rx,0,-78.4124,"-0.15000 1.10000 4.90000, 5.65000 0.10000 -4.45000"
2476,0.0000,Tx-Rx,0,-77.7984,"-0.15000 1.10000 4.90000, 5.35000 0.10000 -4.45000"
2477,0.0000,Tx-Rx,0,-78.4325,"-0.15000 1.10000 4.90000, 5.05000 0.10000 -4.45000"
2478,0.0000,Tx-Rx,0,-77.7204,"-0.15000 1.10000 4.90000, 4.75000 0.10000 -4.45000"
2479,0.0000,Tx-Rx,0,-78.1240,"-0.15000 1.10000 4.90000, 4.45000 0.10000 -4.45000"
2480,0.0000,Tx-Rx,0,-79.1284,"-0.15000 1.10000 4.90000, 4.15000 0.10000 -4.45000"
2481,0.0000,Tx-Rx,0,-79.0281,"-0.15000 1.10000 4.90000, 3.85000 0.10000 -4.45000"
2482,0.0000,Tx-Rx,0,-79.2647,"-0.15000 1.10000 4.90000, 3.55000 0.10000 -4.45000"
2483,0.0000,Tx-Rx,0,-79.3447,"-0.15000 1.10000 4.90000, 3.25000 0.10000 -4.45000"
2484,0.0000,Tx-Rx,0,-78.7677,"-0.15000 1.10000 4.90000, 2.95000 0.10000 -4.45000"
2485,0.0000,Tx-Rx,0,-78.6766,"-0.15000 1.10000 4.90000, 2.65000 0.10000 -4.45000"
2486,0.0000,Tx-Rx,0,-78.9263,"-0.15000 1.10000 4.90000, 2.35000 0.10000 -4.45000"
2487,0.0000,Tx-Rx,0,-79.3351,"-0.15000 1.10000 4.90000, 2.05000 0.10000 -4.45000"
2488,0.0000,Tx-Rx,0,-79.2268,"-0.15000 1.10000 4.90000, 1.75000 0.10000 -4.45000"
2489,0.0000,Tx-Rx,0,-81.3783,"-0.15000 1.10000 4.90000, 1.45000 0.10000 -4.45000"
2490,0.0000,Tx-Rx,0,-82.3902,"-0.15000 1.10000 4.90000, 1.15000 0.10000 -4.45000"
2491,0.0000,Tx-Rx,0,-74.2532,"-0.15000 1.10000 4.90000, 0.85000 0.10000 -4.45000"
2492,0.0000,Tx-Rx,0,-72.5972,"-0.15000 1.10000 4.90000, 0.55000 0.10000 -4.45000"
2493,0.0000,Tx-Rx,0,-72.7686,"-0.15000 1.10000 4.90000, 0.25000 0.10000 -4.45000"
2494,0.0000,Tx-Rx,0,-66.7316,"-0.15000 1.10000 4.90000, -0.05000 0.10000 -4.45000"
2495,0.0000,Tx-Rx,0,-82.1065,"-0.15000 1.10000 4.90000, -0.35000 0.10000 -4.45000"
2496,0.0000,Tx-Rx,0,-81.7869,"-0.15000 1.10000 4.90000, -0.65000 0.10000 -4.45000"
2497,0.0000,Tx-Rx,0,-82.7411,"-0.15000 1.10000 4.90000, -0.95000 0.10000 -4.45000"
2498,0.0000,Tx-Rx,0,-82.8505,"-0.15000 1.10000 4.90000, -1.25000 0.10000 -4.45000"
2499,0.0000,Tx-Rx,0,-82.9561,"-0.15000 1.10000 4.90000, -1.55000 0.10000 -4.45000"
2500,0.0000,Tx-Rx,0,-81.0877,"-0.15000 1.10000 4.90000, -1.85000 0.10000 -4.45000"
2501,0.0000,Tx-Rx,0,-60.1937,"-0.15000 1.10000 4.90000, -2.15000 0.10000 -4.45000"
2502,0.0000,Tx-Rx,0,-58.2924,"-0.15000 1.10000 4.90000, -2.45000 0.10000 -4.45000"
2503,0.0000,Tx-Rx,0,-57.9634,"-0.15000 1.10000 4.90000, -2.75000 0.10000 -4.45000"
2504,0.0000,Tx-Rx,0,-57.4878,"-0.15000 1.10000 4.90000, -3.05000 0.10000 -4.45000"
2505,0.0000,Tx-Rx,0,-60.1550,"-0.15000 1.10000 4.90000, -3.35000 0.10000 -4.45000"
2506,0.0000,Tx-Rx,0,-66.9171,"-0.15000 1.10000 4.90000, -3.65000 0.10000 -4.45000"
2507,0.0000,Tx-Rx,0,-82.6246,"-0.15000 1.10000 4.90000, -3.95000 0.10000 -4.45000"
2508,0.0000,Tx-Rx,0,-83.2065,"-0.15000 1.10000 4.90000, -4.25000 0.10000 -4.45000"
2509,0.0000,Tx-Rx,0,-83.2209,"-0.15000 1.10000 4.90000, -4.55000 0.10000 -4.45000"
2510,0.0000,Tx-Rx,0,-82.8865,"-0.15000 1.10000 4.90000, -4.85000 0.10000 -4.45000"
2511,0.0000,Tx-Rx,0,-83.9794,"-0.15000 1.10000 4.90000, -5.15000 0.10000 -4.45000"
2512,0.0000,Tx-Rx,0,-84.0193,"-0.15000 1.10000 4.90000, -5.45000 0.10000 -4.45000"
2513,0.0000,Tx-Rx,0,-82.4357,"-0.15000 1.10000 4.90000, -5.75000 0.10000 -4.45000"
2514,0.0000,Tx-Rx,0,-80.6400,"-0.15000 1.10000 4.90000, -6.05000 0.10000 -4.45000"
2515,0.0000,Tx-Rx,0,-82.3774,"-0.15000 1.10000 4.90000, -6.35000 0.10000 -4.45000"
2516,0.0000,Tx-Rx,0,-80.0673,"-0.15000 1.10000 4.90000, -6.65000 0.10000 -4.45000"
2517,0.0000,Tx-Rx,0,-87.8310,"-0.15000 1.10000 4.90000, -6.95000 0.10000 -4.45000"
2518,0.0000,Tx-Rx,0,-95.5255,"-0.15000 1.10000 4.90000, -7.25000 0.10000 -4.45000"
2519,0.0000,Tx-Rx,0,-98.2999,"-0.15000 1.10000 4.90000, -7.55000 0.10000 -4.45000"
2520,0.0000,Tx-Rx,0,-103.3841,"-0.15000 1.10000 4.90000, -7.85000 0.10000 -4.45000"
2521,0.0000,Tx-Rx,0,-103.0205,"-0.15000 1.10000 4.90000, 9.85000 0.10000 -4.75000"
2522,0.0000,Tx-Rx,0,-104.3876,"-0.15000 1.10000 4.90000, 9.55000 0.10000 -4.75000"
2523,0.0000,Tx-Rx,0,-102.4847,"-0.15000 1.10000 4.90000, 9.25000 0.10000 -4.75000"
2524,0.0000,Tx-Rx,0,-104.4555,"-0.15000 1.10000 4.90000, 8.95000 0.10000 -4.75000"
2525,0.0000,Tx-Rx,0,-109.9371,"-0.15000 1.10000 4.90000, 8.65000 0.10000 -4.75000"
2526,0.0000,Tx-Rx,0,-103.9542,"-0.15000 1.10000 4.90000, 8.35000 0.10000 -4.75000"
2527,0.0000,Tx-Rx,0,-83.4967,"-0.15000 1.10000 4.90000, 8.05000 0.10000 -4.75000"
2528,0.0000,Tx-Rx,0,-78.7377,"-0.15000 1.10000 4.90000, 7.75000 0.10000 -4.75000"
2529,0.0000,Tx-Rx,0,-78.5074,"-0.15000 1.10000 4.90000, 7.45000 0.10000 -4.75000"
2530,0.0000,Tx-Rx,0,-78.6089,"-0.15000 1.10000 4.90000, 7.15000 0.10000 -4.75000"
2531,0.0000,Tx-Rx,0,-78.7403,"-0.15000 1.10000 4.90000, 6.85000 0.10000 -4.75000"
2532,0.0000,Tx-Rx,0,-78.5385,"-0.15000 1.10000 4.90000, 6.55000 0.10000 -4.75000"
2533,0.0000,Tx-Rx,0,-78.2497,"-0.15000 1.10000 4.90000, 6.25000 0.10000 -4.75000"
2534,0.0000,Tx-Rx,0,-78.4728,"-0.15000 1.10000 4.90000, 5.95000 0.10000 -4.75000"
2535,0.0000,Tx-Rx,0,-77.4340,"-0.15000 1.10000 4.90000, 5.65000 0.10000 -4.75000"
2536,0.0000,Tx-Rx,0,-77.6796,"-0.15000 1.10000 4.90000, 5.35000 0.10000 -4.75000"
2537,0.0000,Tx-Rx,0,-77.4450,"-0.15000 1.10000 4.90000, 5.05000 0.10000 -4.75000"
2538,0.0000,Tx-Rx,0,-77.3441,"-0.15000 1.10000 4.90000, 4.75000 0.10000 -4.75000"
2539,0.0000,Tx-Rx,0,-78.1812,"-0.15000 1.10000 4.90000, 4.45000 0.10000 -4.75000"
2540,0.0000,Tx-Rx,0,-78.6849,"-0.15000 1.10000 4.90000, 4.15000 0.10000 -4.75000"
2541,0.0000,Tx-Rx,0,-79.0588,"-0.15000 1.10000 4.90000, 3.85000 0.10000 -4.75000"
2542,0.0000,Tx-Rx,0,-79.1872,"-0.15000 1.10000 4.90000, 3.55000 0.10000 -4.75000"
2543,0.0000,Tx-Rx,0,-78.9820,"-0.15000 1.10000 4.90000, 3.25000 0.10000 -4.75000"
2544,0.0000,Tx-Rx,0,-78.7455,"-0.15000 1.10000 4.90000, 2.95000 0.10000 -4.75000"
2545,0.0000,Tx-Rx,0,-79.1215,"-0.15000 1.10000 4.90000, 2.65000 0.10000 -4.75000"
2546,0.0000,Tx-Rx,0,-79.4269,"-0.15000 1.10000 4.90000, 2.35000 0.10000 -4.75000"
2547,0.0000,Tx-Rx,0,-80.8362,"-0.15000 1.10000 4.90000, 2.05000 0.10000 -4.75000"
2548,0.0000,Tx-Rx,0,-84.2186,"-0.15000 1.10000 4.90000, 1.75000 0.10000 -4.75000"
2549,0.0000,Tx-Rx,0,-84.3294,"-0.15000 1.10000 4.90000, 1.45000 0.10000 -4.75000"
2550,0.0000,Tx-Rx,0,-83.8501,"-0.15000 1.10000 4.90000, 1.15000 0.10000 -4.75000"
2551,0.0000,Tx-Rx,0,-72.2964,"-0.15000 1.10000 4.90000, 0.85000 0.10000 -4.75000"
2552,0.0000,Tx-Rx,0,-72.3993,"-0.15000 1.10000 4.90000, 0.55000 0.10000 -4.75000"
2553,0.0000,Tx-Rx,0,-71.1673,"-0.15000 1.10000 4.90000, 0.25000 0.10000 -4.75000"
2554,0.0000,Tx-Rx,0,-67.3452,"-0.15000 1.10000 4.90000, -0.05000 0.10000 -4.75000"
2555,0.0000,Tx-Rx,0,-80.3111,"-0.15000 1.10000 4.90000, -0.35000 0.10000 -4.75000"
2556,0.0000,Tx-Rx,0,-79.6375,"-0.15000 1.10000 4.90000, -0.65000 0.10000 -4.75000"
2557,0.0000,Tx-Rx,0,-82.4628,"-0.15000 1.10000 4.90000, -0.95000 0.10000 -4.75000"
2558,0.0000,Tx-Rx,0,-82.5868,"-0.15000 1.10000 4.90000, -1.25000 0.10000 -4.75000"
2559,0.0000,Tx-Rx,0,-82.3320,"-0.15000 1.10000 4.90000, -1.55000 0.10000 -4.75000"
2560,0.0000,Tx-Rx,0,-76.9911,"-0.15000 1.10000 4.90000, -1.85000 0.10000 -4.75000"
2561,0.0000,Tx-Rx,0,-62.2772,"-0.15000 1.10000 4.90000, -2.15000 0.10000 -4.75000"
2562,0.0000,Tx-Rx,0,-58.5453,"-0.15000 1.10000 4.90000, -2.45000 0.10000 -4.75000"
2563,0.0000,Tx-Rx,0,-57.7841,"-0.15000 1.10000 4.90000, -2.75000 0.10000 -4.75000"
2564,0.0000,Tx-Rx,0,-56.7911,"-0.15000 1.10000 4.90000, -3.05000 0.10000 -4.75000"
2565,0.0000,Tx-Rx,0,-59.4123,"-0.15000 1.10000 4.90000, -3.35000 0.10000 -4.75000"
2566,0.0000,Tx-Rx,0,-79.0157,"-0.15000 1.10000 4.90000, -3.65000 0.10000 -4.75000"
2567,0.0000,Tx-Rx,0,-87.2535,"-0.15000 1.10000 4.90000, -3.95000 0.10000 -4.75000"
2568,0.0000,Tx-Rx,0,-88.8412,"-0.15000 1.10000 4.90000, -4.25000 0.10000 -4.75000"
2569,0.0000,Tx-Rx,0,-94.2679,"-0.15000 1.10000 4.90000, -4.55000 0.10000 -4.75000"
2570,0.0000,Tx-Rx,0,-96.3544,"-0.15000 1.10000 4.90000, -4.85000 0.10000 -4.75000"
2571,0.0000,Tx-Rx,0,-92.3672,"-0.15000 1.10000 4.90000, -5.15000 0.10000 -4.75000"
2572,0.0000,Tx-Rx,0,-96.5238,"-0.15000 1.10000 4.90000, -5.45000 0.10000 -4.75000"
2573,0.0000,Tx-Rx,0,-93.8229,"-0.15000 1.10000 4.90000, -5.75000 0.10000 -4.75000"
2574,0.0000,Tx-Rx,0,-81.5233,"-0.15000 1.10000 4.90000, -6.05000 0.10000 -4.75000"
2575,0.0000,Tx-Rx,0,-81.3680,"-0.15000 1.10000 4.90000, -6.35000 0.10000 -4.75000"
2576,0.0000,Tx-Rx,0,-79.6994,"-0.15000 1.10000 4.90000, -6.65000 0.10000 -4.75000"
2577,0.0000,Tx-Rx,0,-82.7901,"-0.15000 1.10000 4.90000, -6.95000 0.10000 -4.75000"
2578,0.0000,Tx-Rx,0,-88.7659,"-0.15000 1.10000 4.90000, -7.25000 0.10000 -4.75000"
2579,0.0000,Tx-Rx,0,-92.5824,"-0.15000 1.10000 4.90000, -7.55000 0.10000 -4.75000"
2580,0.0000,Tx-Rx,0,-105.3508,"-0.15000 1.10000 4.90000, -7.85000 0.10000 -4.75000"
2581,0.0000,Tx-Rx,0,-105.5982,"-0.15000 1.10000 4.90000, 9.85000 0.10000 -5.05000"
2582,0.0000,Tx-Rx,0,-105.8930,"-0.15000 1.10000 4.90000, 9.55000 0.10000 -5.05000"
2583,0.0000,Tx-Rx,0,-103.8309,"-0.15000 1.10000 4.90000, 9.25000 0.10000 -5.05000"
2584,0.0000,Tx-Rx,0,-104.9641,"-0.15000 1.10000 4.90000, 8.95000 0.10000 -5.05000"
2585,0.0000,Tx-Rx,0,-103.7076,"-0.15000 1.10000 4.90000, 8.65000 0.10000 -5.05000"
2586,0.0000,Tx-Rx,0,-104.0613,"-0.15000 1.10000 4.90000, 8.35000 0.10000 -5.05000"
2587,0.0000,Tx-Rx,0,-83.3197,"-0.15000 1.10000 4.90000, 8.05000 0.10000 -5.05000"
2588,0.0000,Tx-Rx,0,-78.3987,"-0.15000 1.10000 4.90000, 7.75000 0.10000 -5.05000"
2589,0.0000,Tx-Rx,0,-78.3803,"-0.15000 1.10000 4.90000, 7.45000 0.10000 -5.05000"
2590,0.0000,Tx-Rx,0,-78.5469,"-0.15000 1.10000 4.90000, 7.15000 0.10000 -5.05000"
2591,0.0000,Tx-Rx,0,-78.6233,"-0.15000 1.10000 4.90000, 6.85000 0.10000 -5.05000"
2592,0.0000,Tx-Rx,0,-78.3902,"-0.15000 1.10000 4.90000, 6.55000 0.10000 -5.05000"
2593,0.0000,Tx-Rx,0,-78.6485,"-0.15000 1.10000 4.90000, 6.25000 0.10000 -5.05000"
2594,0.0000,Tx-Rx,0,-78.0123,"-0.15000 1.10000 4.90000, 5.95000 0.10000 -5.05000"
2595,0.0000,Tx-Rx,0,-77.8569,"-0.15000 1.10000 4.90000, 5.65000 0.10000 -5.05000"
2596,0.0000,Tx-Rx,0,-77.6582,"-0.15000 1.10000 4.90000, 5.35000 0.10000 -5.05000"
2597,0.0000,Tx-Rx,0,-77.9397,"-0.15000 1.10000 4.90000, 5.05000 0.10000 -5.05000"
2598,0.0000,Tx-Rx,0,-77.6931,"-0.15000 1.10000 4.90000, 4.75000 0.10000 -5.05000"
2599,0.0000,Tx-Rx,0,-77.9397,"-0.15000 1.10000 4.90000, 4.45000 0.10000 -5.05000"
2600,0.0000,Tx-Rx,0,-78.3524,"-0.15000 1.10000 4.90000, 4.15000 0.10000 -5.05000"
2601,0.0000,Tx-Rx,0,-78.5909,"-0.15000 1.10000 4.90000, 3.85000 0.10000 -5.05000"
2602,0.0000,Tx-Rx,0,-79.0122,"-0.15000 1.10000 4.90000, 3.55000 0.10000 -5.05000"
2603,0.0000,Tx-Rx,0,-79.1591,"-0.15000 1.10000 4.90000, 3.25000 0.10000 -5.05000"
2604,0.0000,Tx-Rx,0,-79.1861,"-0.15000 1.10000 4.90000, 2.95000 0.10000 -5.05000"
2605,0.0000,Tx-Rx,0,-80.5382,"-0.15000 1.10000 4.90000, 2.65000 0.10000 -5.05000"
2606,0.0000,Tx-Rx,0,-83.2782,"-0.15000 1.10000 4.90000, 2.35000 0.10000 -5.05000"
2607,0.0000,Tx-Rx,0,-83.1431,"-0.15000 1.10000 4.90000, 2.05000 0.10000 -5.05000"
2608,0.0000,Tx-Rx,0,-81.9488,"-0.15000 1.10000 4.90000, 1.75000 0.10000 -5.05000"
2609,0.0000,Tx-Rx,0,-83.0918,"-0.15000 1.10000 4.90000, 1.45000 0.10000 -5.05000"
2610,0.0000,Tx-Rx,0,-81.3897,"-0.15000 1.10000 4.90000, 1.15000 0.10000 -5.05000"
2611,0.0000,Tx-Rx,0,-74.9311,"-0.15000 1.10000 4.90000, 0.85000 0.10000 -5.05000"
2612,0.0000,Tx-Rx,0,-74.6524,"-0.15000 1.10000 4.90000, 0.55000 0.10000 -5.05000"
2613,0.0000,Tx-Rx,0,-71.1376,"-0.15000 1.10000 4.90000, 0.25000 0.10000 -5.05000"
2614,0.0000,Tx-Rx,0,-67.5862,"-0.15000 1.10000 4.90000, -0.05000 0.10000 -5.05000"
2615,0.0000,Tx-Rx,0,-80.9186,"-0.15000 1.10000 4.90000, -0.35000 0.10000 -5.05000"
2616,0.0000,Tx-Rx,0,-81.5803,"-0.15000 1.10000 4.90000, -0.65000 0.10000 -5.05000"
2617,0.0000,Tx-Rx,0,-80.0381,"-0.15000 1.10000 4.90000, -0.95000 0.10000 -5.05000"
2618,0.0000,Tx-Rx,0,-79.8327,"-0.15000 1.10000 4.90000, -1.25000 0.10000 -5.05000"
2619,0.0000,Tx-Rx,0,-77.8901,"-0.15000 1.10000 4.90000, -1.55000 0.10000 -5.05000"
2620,0.0000,Tx-Rx,0,-74.6367,"-0.15000 1.10000 4.90000, -1.85000 0.10000 -5.05000"
2621,0.0000,Tx-Rx,0,-64.5221,"-0.15000 1.10000 4.90000, -2.15000 0.10000 -5.05000"
2622,0.0000,Tx-Rx,0,-58.9832,"-0.15000 1.10000 4.90000, -2.45000 0.10000 -5.05000"
2623,0.0000,Tx-Rx,0,-57.5306,"-0.15000 1.10000 4.90000, -2.75000 0.10000 -5.05000"
2624,0.0000,Tx-Rx,0,-56.5859,"-0.15000 1.10000 4.90000, -3.05000 0.10000 -5.05000"
2625,0.0000,Tx-Rx,0,-58.1350,"-0.15000 1.10000 4.90000, -3.35000 0.10000 -5.05000"
2626,0.0000,Tx-Rx,0,-73.9664,"-0.15000 1.10000 4.90000, -3.65000 0.10000 -5.05000"
2627,0.0000,Tx-Rx,0,-77.5497,"-0.15000 1.10000 4.90000, -3.95000 0.10000 -5.05000"
2628,0.0000,Tx-Rx,0,-82.3553,"-0.15000 1.10000 4.90000, -4.25000 0.10000 -5.05000"
2629,0.0000,Tx-Rx,0,-92.2233,"-0.15000 1.10000 4.90000, -4.55000 0.10000 -5.05000"
2630,0.0000,Tx-Rx,0,-100.3140,"-0.15000 1.10000 4.90000, -4.85000 0.10000 -5.05000"
2631,0.0000,Tx-Rx,0,-97.1310,"-0.15000 1.10000 4.90000, -5.15000 0.10000 -5.05000"
2632,0.0000,Tx-Rx,0,-101.3477,"-0.15000 1.10000 4.90000, -5.45000 0.10000 -5.05000"
2633,0.0000,Tx-Rx,0,-98.9535,"-0.15000 1.10000 4.90000, -5.75000 0.10000 -5.05000"
2634,0.0000,Tx-Rx,0,-84.1976,"-0.15000 1.10000 4.90000, -6.05000 0.10000 -5.05000"
2635,0.0000,Tx-Rx,0,-81.2689,"-0.15000 1.10000 4.90000, -6.35000 0.10000 -5.05000"
2636,0.0000,Tx-Rx,0,-81.4720,"-0.15000 1.10000 4.90000, -6.65000 0.10000 -5.05000"
2637,0.0000,Tx-Rx,0,-81.7576,"-0.15000 1.10000 4.90000, -6.95000 0.10000 -5.05000"
2638,0.0000,Tx-Rx,0,-83.7004,"-0.15000 1.10000 4.90000, -7.25000 0.10000 -5.05000"
2639,0.0000,Tx-Rx,0,-93.0299,"-0.15000 1.10000 4.90000, -7.55000 0.10000 -5.05000"
2640,0.0000,Tx-Rx,0,-109.7847,"-0.15000 1.10000 4.90000, -7.85000 0.10000 -5.05000"
2641,0.0000,Tx-Rx,0,-104.0610,"-0.15000 1.10000 4.90000, 9.85000 0.10000 -5.35000"
2642,0.0000,Tx-Rx,0,-106.9353,"-0.15000 1.10000 4.90000, 9.55000 0.10000 -5.35000"
2643,0.0000,Tx-Rx,0,-103.4458,"-0.15000 1.10000 4.90000, 9.25000 0.10000 -5.35000"
2644,0.0000,Tx-Rx,0,-105.5729,"-0.15000 1.10000 4.90000, 8.95000 0.10000 -5.35000"
2645,0.0000,Tx-Rx,0,-109.9516,"-0.15000 1.10000 4.90000, 8.65000 0.10000 -5.35000"
2646,0.0000,Tx-Rx,0,-104.7552,"-0.15000 1.10000 4.90000, 8.35000 0.10000 -5.35000"
2647,0.0000,Tx-Rx,0,-83.2201,"-0.15000 1.10000 4.90000, 8.05000 0.10000 -5.35000"
2648,0.0000,Tx-Rx,0,-78.0019,"-0.15000 1.10000 4.90000, 7.75000 0.10000 -5.35000"
2649,0.0000,Tx-Rx,0,-78.3382,"-0.15000 1.10000 4.90000, 7.45000 0.10000 -5.35000"
2650,0.0000,Tx-Rx,0,-78.4064,"-0.15000 1.10000 4.90000, 7.15000 0.10000 -5.35000"
2651,0.0000,Tx-Rx,0,-78.0885,"-0.15000 1.10000 4.90000, 6.85000 0.10000 -5.35000"
2652,0.0000,Tx-Rx,0,-76.3720,"-0.15000 1.10000 4.90000, 6.55000 0.10000 -5.35000"
2653,0.0000,Tx-Rx,0,-75.8331,"-0.15000 1.10000 4.90000, 6.25000 0.10000 -5.35000"
2654,0.0000,Tx-Rx,0,-75.8977,"-0.15000 1.10000 4.90000, 5.95000 0.10000 -5.35000"
2655,0.0000,Tx-Rx,0,-76.0609,"-0.15000 1.10000 4.90000, 5.65000 0.10000 -5.35000"
2656,0.0000,Tx-Rx,0,-75.8247,"-0.15000 1.10000 4.90000, 5.35000 0.10000 -5.35000"
2657,0.0000,Tx-Rx,0,-76.7129,"-0.15000 1.10000 4.90000, 5.05000 0.10000 -5.35000"
2658,0.0000,Tx-Rx,0,-78.3705,"-0.15000 1.10000 4.90000, 4.75000 0.10000 -5.35000"
2659,0.0000,Tx-Rx,0,-78.9134,"-0.15000 1.10000 4.90000, 4.45000 0.10000 -5.35000"
2660,0.0000,Tx-Rx,0,-78.4659,"-0.15000 1.10000 4.90000, 4.15000 0.10000 -5.35000"
2661,0.0000,Tx-Rx,0,-78.6212,"-0.15000 1.10000 4.90000, 3.85000 0.10000 -5.35000"
2662,0.0000,Tx-Rx,0,-78.4446,"-0.15000 1.10000 4.90000, 3.55000 0.10000 -5.35000"
2663,0.0000,Tx-Rx,0,-78.9353,"-0.15000 1.10000 4.90000, 3.25000 0.10000 -5.35000"
2664,0.0000,Tx-Rx,0,-81.0283,"-0.15000 1.10000 4.90000, 2.95000 0.10000 -5.35000"
2665,0.0000,Tx-Rx,0,-82.2981,"-0.15000 1.10000 4.90000, 2.65000 0.10000 -5.35000"
2666,0.0000,Tx-Rx,0,-81.8212,"-0.15000 1.10000 4.90000, 2.35000 0.10000 -5.35000"
2667,0.0000,Tx-Rx,0,-81.1830,"-0.15000 1.10000 4.90000, 2.05000 0.10000 -5.35000"
2668,0.0000,Tx-Rx,0,-82.8980,"-0.15000 1.10000 4.90000, 1.75000 0.10000 -5.35000"
2669,0.0000,Tx-Rx,0,-82.5648,"-0.15000 1.10000 4.90000, 1.45000 0.10000 -5.35000"
2670,0.0000,Tx-Rx,0,-78.9713,"-0.15000 1.10000 4.90000, 1.15000 0.10000 -5.35000"
2671,0.0000,Tx-Rx,0,-75.6890,"-0.15000 1.10000 4.90000, 0.85000 0.10000 -5.35000"
2672,0.0000,Tx-Rx,0,-76.3820,"-0.15000 1.10000 4.90000, 0.55000 0.10000 -5.35000"
2673,0.0000,Tx-Rx,0,-70.5253,"-0.15000 1.10000 4.90000, 0.25000 0.10000 -5.35000"
2674,0.0000,Tx-Rx,0,-68.2338,"-0.15000 1.10000 4.90000, -0.05000 0.10000 -5.35000"
2675,0.0000,Tx-Rx,0,-81.9363,"-0.15000 1.10000 4.90000, -0.35000 0.10000 -5.35000"
2676,0.0000,Tx-Rx,0,-79.0888,"-0.15000 1.10000 4.90000, -0.65000 0.10000 -5.35000"
2677,0.0000,Tx-Rx,0,-78.9617,"-0.15000 1.10000 4.90000, -0.95000 0.10000 -5.35000"
2678,0.0000,Tx-Rx,0,-77.9823,"-0.15000 1.10000 4.90000, -1.25000 0.10000 -5.35000"
2679,0.0000,Tx-Rx,0,-73.9832,"-0.15000 1.10000 4.90000, -1.55000 0.10000 -5.35000"
2680,0.0000,Tx-Rx,0,-77.4941,"-0.15000 1.10000 4.90000, -1.85000 0.10000 -5.35000"
2681,0.0000,Tx-Rx,0,-69.3214,"-0.15000 1.10000 4.90000, -2.15000 0.10000 -5.35000"
2682,0.0000,Tx-Rx,0,-59.3002,"-0.15000 1.10000 4.90000, -2.45000 0.10000 -5.35000"
2683,0.0000,Tx-Rx,0,-57.2398,"-0.15000 1.10000 4.90000, -2.75000 0.10000 -5.35000"
2684,0.0000,Tx-Rx,0,-56.5894,"-0.15000 1.10000 4.90000, -3.05000 0.10000 -5.35000"
2685,0.0000,Tx-Rx,0,-57.3502,"-0.15000 1.10000 4.90000, -3.35000 0.10000 -5.35000"
2686,0.0000,Tx-Rx,0,-69.9640,"-0.15000 1.10000 4.90000, -3.65000 0.10000 -5.35000"
2687,0.0000,Tx-Rx,0,-73.1202,"-0.15000 1.10000 4.90000, -3.95000 0.10000 -5.35000"
2688,0.0000,Tx-Rx,0,-78.9836,"-0.15000 1.10000 4.90000, -4.25000 0.10000 -5.35000"
2689,0.0000,Tx-Rx,0,-90.5833,"-0.15000 1.10000 4.90000, -4.55000 0.10000 -5.35000"
2690,0.0000,Tx-Rx,0,-90.7562,"-0.15000 1.10000 4.90000, -4.85000 0.10000 -5.35000"
2691,0.0000,Tx-Rx,0,-93.0688,"-0.15000 1.10000 4.90000, -5.15000 0.10000 -5.35000"
2692,0.0000,Tx-Rx,0,-96.1244,"-0.15000 1.10000 4.90000, -5.45000 0.10000 -5.35000"
2693,0.0000,Tx-Rx,0,-95.7739,"-0.15000 1.10000 4.90000, -5.75000 0.10000 -5.35000"
2694,0.0000,Tx-Rx,0,-103.2859,"-0.15000 1.10000 4.90000, -6.05000 0.10000 -5.35000"
2695,0.0000,Tx-Rx,0,-83.5450,"-0.15000 1.10000 4.90000, -6.35000 0.10000 -5.35000"
2696,0.0000,Tx-Rx,0,-80.7129,"-0.15000 1.10000 4.90000, -6.65000 0.10000 -5.35000"
2697,0.0000,Tx-Rx,0,-81.1048,"-0.15000 1.10000 4.90000, -6.95000 0.10000 -5.35000"
2698,0.0000,Tx-Rx,0,-79.6970,"-0.15000 1.10000 4.90000, -7.25000 0.10000 -5.35000"
2699,0.0000,Tx-Rx,0,-87.8547,"-0.15000 1.10000 4.90000, -7.55000 0.10000 -5.35000"
2700,0.0000,Tx-Rx,0,-103.3817,"-0.15000 1.10000 4.90000, -7.85000 0.10000 -5.35000"
2701,0.0000,Tx-Rx,0,-104.9551,"-0.15000 1.10000 4.90000, 9.85000 0.10000 -5.65000"
2702,0.0000,Tx-Rx,0,-106.7043,"-0.15000 1.10000 4.90000, 9.55000 0.10000 -5.65000"
2703,0.0000,Tx-Rx,0,-109.6355,"-0.15000 1.10000 4.90000, 9.25000 0.10000 -5.65000"
2704,0.0000,Tx-Rx,0,-105.0543,"-0.15000 1.10000 4.90000, 8.95000 0.10000 -5.65000"
2705,0.0000,Tx-Rx,0,-104.5404,"-0.15000 1.10000 4.90000, 8.65000 0.10000 -5.65000"
2706,0.0000,Tx-Rx,0,-104.5231,"-0.15000 1.10000 4.90000, 8.35000 0.10000 -5.65000"
2707,0.0000,Tx-Rx,0,-82.8129,"-0.15000 1.10000 4.90000, 8.05000 0.10000 -5.65000"
2708,0.0000,Tx-Rx,0,-78.2399,"-0.15000 1.10000 4.90000, 7.75000 0.10000 -5.65000"
2709,0.0000,Tx-Rx,0,-78.3728,"-0.15000 1.10000 4.90000, 7.45000 0.10000 -5.65000"
2710,0.0000,Tx-Rx,0,-78.5218,"-0.15000 1.10000 4.90000, 7.15000 0.10000 -5.65000"
2711,0.0000,Tx-Rx,0,-78.3594,"-0.15000 1.10000 4.90000, 6.85000 0.10000 -5.65000"
2712,0.0000,Tx-Rx,0,-78.2776,"-0.15000 1.10000 4.90000, 6.55000 0.10000 -5.65000"
2713,0.0000,Tx-Rx,0,-77.8205,"-0.15000 1.10000 4.90000, 6.25000 0.10000 -5.65000"
2714,0.0000,Tx-Rx,0,-77.5341,"-0.15000 1.10000 4.90000, 5.95000 0.10000 -5.65000"
2715,0.0000,Tx-Rx,0,-77.4065,"-0.15000 1.10000 4.90000, 5.65000 0.10000 -5.65000"
2716,0.0000,Tx-Rx,0,-77.2003,"-0.15000 1.10000 4.90000, 5.35000 0.10000 -5.65000"
2717,0.0000,Tx-Rx,0,-77.7913,"-0.15000 1.10000 4.90000, 5.05000 0.10000 -5.65000"
2718,0.0000,Tx-Rx,0,-79.0942,"-0.15000 1.10000 4.90000, 4.75000 0.10000 -5.65000"
2719,0.0000,Tx-Rx,0,-78.6855,"-0.15000 1.10000 4.90000, 4.45000 0.10000 -5.65000"
2720,0.0000,Tx-Rx,0,-78.7521,"-0.15000 1.10000 4.90000, 4.15000 0.10000 -5.65000"
2721,0.0000,Tx-Rx,0,-79.0632,"-0.15000 1.10000 4.90000, 3.85000 0.10000 -5.65000"
2722,0.0000,Tx-Rx,0,-81.2208,"-0.15000 1.10000 4.90000, 3.55000 0.10000 -5.65000"
2723,0.0000,Tx-Rx,0,-83.4475,"-0.15000 1.10000 4.90000, 3.25000 0.10000 -5.65000"
2724,0.0000,Tx-Rx,0,-81.9148,"-0.15000 1.10000 4.90000, 2.95000 0.10000 -5.65000"
2725,0.0000,Tx-Rx,0,-81.7630,"-0.15000 1.10000 4.90000, 2.65000 0.10000 -5.65000"
2726,0.0000,Tx-Rx,0,-81.2650,"-0.15000 1.10000 4.90000, 2.35000 0.10000 -5.65000"
2727,0.0000,Tx-Rx,0,-82.4749,"-0.15000 1.10000 4.90000, 2.05000 0.10000 -5.65000"
2728,0.0000,Tx-Rx,0,-83.5894,"-0.15000 1.10000 4.90000, 1.75000 0.10000 -5.65000"
2729,0.0000,Tx-Rx,0,-84.0901,"-0.15000 1.10000 4.90000, 1.45000 0.10000 -5.65000"
2730,0.0000,Tx-Rx,0,-76.8995,"-0.15000 1.10000 4.90000, 1.15000 0.10000 -5.65000"
2731,0.0000,Tx-Rx,0,-74.8463,"-0.15000 1.10000 4.90000, 0.85000 0.10000 -5.65000"
2732,0.0000,Tx-Rx,0,-74.6065,"-0.15000 1.10000 4.90000, 0.55000 0.10000 -5.65000"
2733,0.0000,Tx-Rx,0,-69.9946,"-0.15000 1.10000 4.90000, 0.25000 0.10000 -5.65000"
2734,0.0000,Tx-Rx,0,-68.6315,"-0.15000 1.10000 4.90000, -0.05000 0.10000 -5.65000"
2735,0.0000,Tx-Rx,0,-79.2899,"-0.15000 1.10000 4.90000, -0.35000 0.10000 -5.65000"
2736,0.0000,Tx-Rx,0,-80.7907,"-0.15000 1.10000 4.90000, -0.65000 0.10000 -5.65000"
2737,0.0000,Tx-Rx,0,-78.5210,"-0.15000 1.10000 4.90000, -0.95000 0.10000 -5.65000"
2738,0.0000,Tx-Rx,0,-74.1346,"-0.15000 1.10000 4.90000, -1.25000 0.10000 -5.65000"
2739,0.0000,Tx-Rx,0,-76.8984,"-0.15000 1.10000 4.90000, -1.55000 0.10000 -5.65000"
2740,0.0000,Tx-Rx,0,-80.0278,"-0.15000 1.10000 4.90000, -1.85000 0.10000 -5.65000"
2741,0.0000,Tx-Rx,0,-76.3388,"-0.15000 1.10000 4.90000, -2.15000 0.10000 -5.65000"
2742,0.0000,Tx-Rx,0,-59.9298,"-0.15000 1.10000 4.90000, -2.45000 0.10000 -5.65000"
2743,0.0000,Tx-Rx,0,-56.9151,"-0.15000 1.10000 4.90000, -2.75000 0.10000 -5.65000"
2744,0.0000,Tx-Rx,0,-56.8775,"-0.15000 1.10000 4.90000, -3.05000 0.10000 -5.65000"
2745,0.0000,Tx-Rx,0,-57.5780,"-0.15000 1.10000 4.90000, -3.35000 0.10000 -5.65000"
2746,0.0000,Tx-Rx,0,-65.6819,"-0.15000 1.10000 4.90000, -3.65000 0.10000 -5.65000"
2747,0.0000,Tx-Rx,0,-73.6554,"-0.15000 1.10000 4.90000, -3.95000 0.10000 -5.65000"
2748,0.0000,Tx-Rx,0,-81.2978,"-0.15000 1.10000 4.90000, -4.25000 0.10000 -5.65000"
2749,0.0000,Tx-Rx,0,-95.2264,"-0.15000 1.10000 4.90000, -4.55000 0.10000 -5.65000"
2750,0.0000,Tx-Rx,0,-97.4857,"-0.15000 1.10000 4.90000, -4.85000 0.10000 -5.65000"
2751,0.0000,Tx-Rx,0,-97.0901,"-0.15000 1.10000 4.90000, -5.15000 0.10000 -5.65000"
2752,0.0000,Tx-Rx,0,-91.0775,"-0.15000 1.10000 4.90000, -5.45000 0.10000 -5.65000"
2753,0.0000,Tx-Rx,0,-96.1147,"-0.15000 1.10000 4.90000, -5.75000 0.10000 -5.65000"
2754,0.0000,Tx-Rx,0,-98.9849,"-0.15000 1.10000 4.90000, -6.05000 0.10000 -5.65000"
2755,0.0000,Tx-Rx,0,-93.1058,"-0.15000 1.10000 4.90000, -6.35000 0.10000 -5.65000"
2756,0.0000,Tx-Rx,0,-81.7156,"-0.15000 1.10000 4.90000, -6.65000 0.10000 -5.65000"
2757,0.0000,Tx-Rx,0,-81.5054,"-0.15000 1.10000 4.90000, -6.95000 0.10000 -5.65000"
2758,0.0000,Tx-Rx,0,-81.3177,"-0.15000 1.10000 4.90000, -7.25000 0.10000 -5.65000"
2759,0.0000,Tx-Rx,0,-82.4869,"-0.15000 1.10000 4.90000, -7.55000 0.10000 -5.65000"
2760,0.0000,Tx-Rx,0,-101.2717,"-0.15000 1.10000 4.90000, -7.85000 0.10000 -5.65000"
2761,0.0000,Tx-Rx,0,-105.8048,"-0.15000 1.10000 4.90000, 9.85000 0.10000 -5.95000"
2762,0.0000,Tx-Rx,0,-103.2346,"-0.15000 1.10000 4.90000, 9.55000 0.10000 -5.95000"
2763,0.0000,Tx-Rx,0,-105.0820,"-0.15000 1.10000 4.90000, 9.25000 0.10000 -5.95000"
2764,0.0000,Tx-Rx,0,-104.8893,"-0.15000 1.10000 4.90000, 8.95000 0.10000 -5.95000"
2765,0.0000,Tx-Rx,0,-103.9624,"-0.15000 1.10000 4.90000, 8.65000 0.10000 -5.95000"
2766,0.0000,Tx-Rx,0,-104.7865,"-0.15000 1.10000 4.90000, 8.35000 0.10000 -5.95000"
2767,0.0000,Tx-Rx,0,-83.0735,"-0.15000 1.10000 4.90000, 8.05000 0.10000 -5.95000"
2768,0.0000,Tx-Rx,0,-78.3622,"-0.15000 1.10000 4.90000, 7.75000 0.10000 -5.95000"
2769,0.0000,Tx-Rx,0,-78.4930,"-0.15000 1.10000 4.90000, 7.45000 0.10000 -5.95000"
2770,0.0000,Tx-Rx,0,-78.2214,"-0.15000 1.10000 4.90000, 7.15000 0.10000 -5.95000"
2771,0.0000,Tx-Rx,0,-78.4206,"-0.15000 1.10000 4.90000, 6.85000 0.10000 -5.95000"
2772,0.0000,Tx-Rx,0,-78.2158,"-0.15000 1.10000 4.90000, 6.55000 0.10000 -5.95000"
2773,0.0000,Tx-Rx,0,-77.6656,"-0.15000 1.10000 4.90000, 6.25000 0.10000 -5.95000"
2774,0.0000,Tx-Rx,0,-77.1601,"-0.15000 1.10000 4.90000, 5.95000 0.10000 -5.95000"
2775,0.0000,Tx-Rx,0,-77.3267,"-0.15000 1.10000 4.90000, 5.65000 0.10000 -5.95000"
2776,0.0000,Tx-Rx,0,-77.4773,"-0.15000 1.10000 4.90000, 5.35000 0.10000 -5.95000"
2777,0.0000,Tx-Rx,0,-78.8565,"-0.15000 1.10000 4.90000, 5.05000 0.10000 -5.95000"
2778,0.0000,Tx-Rx,0,-78.9321,"-0.15000 1.10000 4.90000, 4.75000 0.10000 -5.95000"
2779,0.0000,Tx-Rx,0,-79.1515,"-0.15000 1.10000 4.90000, 4.45000 0.10000 -5.95000"
2780,0.0000,Tx-Rx,0,-80.8236,"-0.15000 1.10000 4.90000, 4.15000 0.10000 -5.95000"
2781,0.0000,Tx-Rx,0,-82.8377,"-0.15000 1.10000 4.90000, 3.85000 0.10000 -5.95000"
2782,0.0000,Tx-Rx,0,-83.4991,"-0.15000 1.10000 4.90000, 3.55000 0.10000 -5.95000"
2783,0.0000,Tx-Rx,0,-83.9428,"-0.15000 1.10000 4.90000, 3.25000 0.10000 -5.95000"
2784,0.0000,Tx-Rx,0,-82.8047,"-0.15000 1.10000 4.90000, 2.95000 0.10000 -5.95000"
2785,0.0000,Tx-Rx,0,-81.8273,"-0.15000 1.10000 4.90000, 2.65000 0.10000 -5.95000"
2786,0.0000,Tx-Rx,0,-82.8227,"-0.15000 1.10000 4.90000, 2.35000 0.10000 -5.95000"
2787,0.0000,Tx-Rx,0,-82.5916,"-0.15000 1.10000 4.90000, 2.05000 0.10000 -5.95000"
2788,0.0000,Tx-Rx,0,-83.1168,"-0.15000 1.10000 4.90000, 1.75000 0.10000 -5.95000"
2789,0.0000,Tx-Rx,0,-83.2838,"-0.15000 1.10000 4.90000, 1.45000 0.10000 -5.95000"
2790,0.0000,Tx-Rx,0,-74.9975,"-0.15000 1.10000 4.90000, 1.15000 0.10000 -5.95000"
2791,0.0000,Tx-Rx,0,-76.4728,"-0.15000 1.10000 4.90000, 0.85000 0.10000 -5.95000"
2792,0.0000,Tx-Rx,0,-75.8358,"-0.15000 1.10000 4.90000, 0.55000 0.10000 -5.95000"
2793,0.0000,Tx-Rx,0,-70.1537,"-0.15000 1.10000 4.90000, 0.25000 0.10000 -5.95000"
2794,0.0000,Tx-Rx,0,-68.9864,"-0.15000 1.10000 4.90000, -0.05000 0.10000 -5.95000"
2795,0.0000,Tx-Rx,0,-81.8628,"-0.15000 1.10000 4.90000, -0.35000 0.10000 -5.95000"
2796,0.0000,Tx-Rx,0,-79.1803,"-0.15000 1.10000 4.90000, -0.65000 0.10000 -5.95000"
2797,0.0000,Tx-Rx,0,-74.4464,"-0.15000 1.10000 4.90000, -0.95000 0.10000 -5.95000"
2798,0.0000,Tx-Rx,0,-77.8970,"-0.15000 1.10000 4.90000, -1.25000 0.10000 -5.95000"
2799,0.0000,Tx-Rx,0,-80.1215,"-0.15000 1.10000 4.90000, -1.55000 0.10000 -5.95000"
2800,0.0000,Tx-Rx,0,-80.0099,"-0.15000 1.10000 4.90000, -1.85000 0.10000 -5.95000"
2801,0.0000,Tx-Rx,0,-76.7908,"-0.15000 1.10000 4.90000, -2.15000 0.10000 -5.95000"
2802,0.0000,Tx-Rx,0,-61.1653,"-0.15000 1.10000 4.90000, -2.45000 0.10000 -5.95000"
2803,0.0000,Tx-Rx,0,-57.0205,"-0.15000 1.10000 4.90000, -2.75000 0.10000 -5.95000"
2804,0.0000,Tx-Rx,0,-56.5600,"-0.15000 1.10000 4.90000, -3.05000 0.10000 -5.95000"
2805,0.0000,Tx-Rx,0,-58.0305,"-0.15000 1.10000 4.90000, -3.35000 0.10000 -5.95000"
2806,0.0000,Tx-Rx,0,-61.5975,"-0.15000 1.10000 4.90000, -3.65000 0.10000 -5.95000"
2807,0.0000,Tx-Rx,0,-74.3075,"-0.15000 1.10000 4.90000, -3.95000 0.10000 -5.95000"
2808,0.0000,Tx-Rx,0,-83.7884,"-0.15000 1.10000 4.90000, -4.25000 0.10000 -5.95000"
2809,0.0000,Tx-Rx,0,-92.5132,"-0.15000 1.10000 4.90000, -4.55000 0.10000 -5.95000"
2810,0.0000,Tx-Rx,0,-94.2761,"-0.15000 1.10000 4.90000, -4.85000 0.10000 -5.95000"
2811,0.0000,Tx-Rx,0,-96.9564,"-0.15000 1.10000 4.90000, -5.15000 0.10000 -5.95000"
2812,0.0000,Tx-Rx,0,-96.2088,"-0.15000 1.10000 4.90000, -5.45000 0.10000 -5.95000"
2813,0.0000,Tx-Rx,0,-96.3928,"-0.15000 1.10000 4.90000, -5.75000 0.10000 -5.95000"
2814,0.0000,Tx-Rx,0,-100.7240,"-0.15000 1.10000 4.90000, -6.05000 0.10000 -5.95000"
2815,0.0000,Tx-Rx,0,-99.3693,"-0.15000 1.10000 4.90000, -6.35000 0.10000 -5.95000"
2816,0.0000,Tx-Rx,0,-83.4575,"-0.15000 1.10000 4.90000, -6.65000 0.10000 -5.95000"
2817,0.0000,Tx-Rx,0,-81.7221,"-0.15000 1.10000 4.90000, -6.95000 0.10000 -5.95000"
2818,0.0000,Tx-Rx,0,-82.6366,"-0.15000 1.10000 4.90000, -7.25000 0.10000 -5.95000"
2819,0.0000,Tx-Rx,0,-81.6266,"-0.15000 1.10000 4.90000, -7.55000 0.10000 -5.95000"
2820,0.0000,Tx-Rx,0,-94.1435,"-0.15000 1.10000 4.90000, -7.85000 0.10000 -5.95000"
2821,0.0000,Tx-Rx,0,-107.7738,"-0.15000 1.10000 4.90000, 9.85000 0.10000 -6.25000"
2822,0.0000,Tx-Rx,0,-104.9166,"-0.15000 1.10000 4.90000, 9.55000 0.10000 -6.25000"
2823,0.0000,Tx-Rx,0,-108.2488,"-0.15000 1.10000 4.90000, 9.25000 0.10000 -6.25000"
2824,0.0000,Tx-Rx,0,-102.7164,"-0.15000 1.10000 4.90000, 8.95000 0.10000 -6.25000"
2825,0.0000,Tx-Rx,0,-102.6208,"-0.15000 1.10000 4.90000, 8.65000 0.10000 -6.25000"
2826,0.0000,Tx-Rx,0,-103.8021,"-0.15000 1.10000 4.90000, 8.35000 0.10000 -6.25000"
2827,0.0000,Tx-Rx,0,-82.9479,"-0.15000 1.10000 4.90000, 8.05000 0.10000 -6.25000"
2828,0.0000,Tx-Rx,0,-78.2718,"-0.15000 1.10000 4.90000, 7.75000 0.10000 -6.25000"
2829,0.0000,Tx-Rx,0,-78.2382,"-0.15000 1.10000 4.90000, 7.45000 0.10000 -6.25000"
2830,0.0000,Tx-Rx,0,-78.3059,"-0.15000 1.10000 4.90000, 7.15000 0.10000 -6.25000"
2831,0.0000,Tx-Rx,0,-78.1724,"-0.15000 1.10000 4.90000, 6.85000 0.10000 -6.25000"
2832,0.0000,Tx-Rx,0,-77.3810,"-0.15000 1.10000 4.90000, 6.55000 0.10000 -6.25000"
2833,0.0000,Tx-Rx,0,-77.5196,"-0.15000 1.10000 4.90000, 6.25000 0.10000 -6.25000"
2834,0.0000,Tx-Rx,0,-77.6834,"-0.15000 1.10000 4.90000, 5.95000 0.10000 -6.25000"
2835,0.0000,Tx-Rx,0,-77.0866,"-0.15000 1.10000 4.90000, 5.65000 0.10000 -6.25000"
2836,0.0000,Tx-Rx,0,-79.1754,"-0.15000 1.10000 4.90000, 5.35000 0.10000 -6.25000"
2837,0.0000,Tx-Rx,0,-79.2187,"-0.15000 1.10000 4.90000, 5.05000 0.10000 -6.25000"
2838,0.0000,Tx-Rx,0,-81.1980,"-0.15000 1.10000 4.90000, 4.75000 0.10000 -6.25000"
2839,0.0000,Tx-Rx,0,-83.4589,"-0.15000 1.10000 4.90000, 4.45000 0.10000 -6.25000"
2840,0.0000,Tx-Rx,0,-83.5310,"-0.15000 1.10000 4.90000, 4.15000 0.10000 -6.25000"
2841,0.0000,Tx-Rx,0,-83.0966,"-0.15000 1.10000 4.90000, 3.85000 0.10000 -6.25000"
2842,0.0000,Tx-Rx,0,-83.3128,"-0.15000 1.10000 4.90000, 3.55000 0.10000 -6.25000"
2843,0.0000,Tx-Rx,0,-83.1889,"-0.15000 1.10000 4.90000, 3.25000 0.10000 -6.25000"
2844,0.0000,Tx-Rx,0,-83.6019,"-0.15000 1.10000 4.90000, 2.95000 0.10000 -6.25000"
2845,0.0000,Tx-Rx,0,-82.9398,"-0.15000 1.10000 4.90000, 2.65000 0.10000 -6.25000"
2846,0.0000,Tx-Rx,0,-83.3453,"-0.15000 1.10000 4.90000, 2.35000 0.10000 -6.25000"
2847,0.0000,Tx-Rx,0,-83.4657,"-0.15000 1.10000 4.90000, 2.05000 0.10000 -6.25000"
2848,0.0000,Tx-Rx,0,-83.4093,"-0.15000 1.10000 4.90000, 1.75000 0.10000 -6.25000"
2849,0.0000,Tx-Rx,0,-77.1633,"-0.15000 1.10000 4.90000, 1.45000 0.10000 -6.25000"
2850,0.0000,Tx-Rx,0,-76.4454,"-0.15000 1.10000 4.90000, 1.15000 0.10000 -6.25000"
2851,0.0000,Tx-Rx,0,-74.5873,"-0.15000 1.10000 4.90000, 0.85000 0.10000 -6.25000"
2852,0.0000,Tx-Rx,0,-77.0519,"-0.15000 1.10000 4.90000, 0.55000 0.10000 -6.25000"
2853,0.0000,Tx-Rx,0,-69.3192,"-0.15000 1.10000 4.90000, 0.25000 0.10000 -6.25000"
2854,0.0000,Tx-Rx,0,-69.8197,"-0.15000 1.10000 4.90000, -0.05000 0.10000 -6.25000"
2855,0.0000,Tx-Rx,0,-80.0915,"-0.15000 1.10000 4.90000, -0.35000 0.10000 -6.25000"
2856,0.0000,Tx-Rx,0,-75.0094,"-0.15000 1.10000 4.90000, -0.65000 0.10000 -6.25000"
2857,0.0000,Tx-Rx,0,-77.6053,"-0.15000 1.10000 4.90000, -0.95000 0.10000 -6.25000"
2858,0.0000,Tx-Rx,0,-81.5696,"-0.15000 1.10000 4.90000, -1.25000 0.10000 -6.25000"
2859,0.0000,Tx-Rx,0,-81.3899,"-0.15000 1.10000 4.90000, -1.55000 0.10000 -6.25000"
2860,0.0000,Tx-Rx,0,-82.1490,"-0.15000 1.10000 4.90000, -1.85000 0.10000 -6.25000"
2861,0.0000,Tx-Rx,0,-78.5836,"-0.15000 1.10000 4.90000, -2.15000 0.10000 -6.25000"
2862,0.0000,Tx-Rx,0,-65.0073,"-0.15000 1.10000 4.90000, -2.45000 0.10000 -6.25000"
2863,0.0000,Tx-Rx,0,-60.6610,"-0.15000 1.10000 4.90000, -2.75000 0.10000 -6.25000"
2864,0.0000,Tx-Rx,0,-60.5133,"-0.15000 1.10000 4.90000, -3.05000 0.10000 -6.25000"
2865,0.0000,Tx-Rx,0,-59.8178,"-0.15000 1.10000 4.90000, -3.35000 0.10000 -6.25000"
2866,0.0000,Tx-Rx,0,-60.5924,"-0.15000 1.10000 4.90000, -3.65000 0.10000 -6.25000"
2867,0.0000,Tx-Rx,0,-71.3652,"-0.15000 1.10000 4.90000, -3.95000 0.10000 -6.25000"
2868,0.0000,Tx-Rx,0,-85.5051,"-0.15000 1.10000 4.90000, -4.25000 0.10000 -6.25000"
2869,0.0000,Tx-Rx,0,-90.5084,"-0.15000 1.10000 4.90000, -4.55000 0.10000 -6.25000"
2870,0.0000,Tx-Rx,0,-97.2226,"-0.15000 1.10000 4.90000, -4.85000 0.10000 -6.25000"
2871,0.0000,Tx-Rx,0,-96.8113,"-0.15000 1.10000 4.90000, -5.15000 0.10000 -6.25000"
2872,0.0000,Tx-Rx,0,-96.7740,"-0.15000 1.10000 4.90000, -5.45000 0.10000 -6.25000"
2873,0.0000,Tx-Rx,0,-96.3765,"-0.15000 1.10000 4.90000, -5.75000 0.10000 -6.25000"
2874,0.0000,Tx-Rx,0,-96.9654,"-0.15000 1.10000 4.90000, -6.05000 0.10000 -6.25000"
2875,0.0000,Tx-Rx,0,-94.8532,"-0.15000 1.10000 4.90000, -6.35000 0.10000 -6.25000"
2876,0.0000,Tx-Rx,0,-96.4545,"-0.15000 1.10000 4.90000, -6.65000 0.10000 -6.25000"
2877,0.0000,Tx-Rx,0,-84.1189,"-0.15000 1.10000 4.90000, -6.95000 0.10000 -6.25000"
2878,0.0000,Tx-Rx,0,-80.0923,"-0.15000 1.10000 4.90000, -7.25000 0.10000 -6.25000"
2879,0.0000,Tx-Rx,0,-88.3153,"-0.15000 1.10000 4.90000, -7.55000 0.10000 -6.25000"
2880,0.0000,Tx-Rx,0,-92.7494,"-0.15000 1.10000 4.90000, -7.85000 0.10000 -6.25000"
2881,0.0000,Tx-Rx,0,-105.7669,"-0.15000 1.10000 4.90000, 9.85000 0.10000 -6.55000"
2882,0.0000,Tx-Rx,0,-104.6758,"-0.15000 1.10000 4.90000, 9.55000 0.10000 -6.55000"
2883,0.0000,Tx-Rx,0,-106.3701,"-0.15000 1.10000 4.90000, 9.25000 0.10000 -6.55000"
2884,0.0000,Tx-Rx,0,-105.8711,"-0.15000 1.10000 4.90000, 8.95000 0.10000 -6.55000"
2885,0.0000,Tx-Rx,0,-104.8758,"-0.15000 1.10000 4.90000, 8.65000 0.10000 -6.55000"
2886,0.0000,Tx-Rx,0,-108.1072,"-0.15000 1.10000 4.90000, 8.35000 0.10000 -6.55000"
2887,0.0000,Tx-Rx,0,-83.0855,"-0.15000 1.10000 4.90000, 8.05000 0.10000 -6.55000"
2888,0.0000,Tx-Rx,0,-77.9079,"-0.15000 1.10000 4.90000, 7.75000 0.10000 -6.55000"
2889,0.0000,Tx-Rx,0,-77.7688,"-0.15000 1.10000 4.90000, 7.45000 0.10000 -6.55000"
2890,0.0000,Tx-Rx,0,-77.8884,"-0.15000 1.10000 4.90000, 7.15000 0.10000 -6.55000"
2891,0.0000,Tx-Rx,0,-77.5452,"-0.15000 1.10000 4.90000, 6.85000 0.10000 -6.55000"
2892,0.0000,Tx-Rx,0,-77.4807,"-0.15000 1.10000 4.90000, 6.55000 0.10000 -6.55000"
2893,0.0000,Tx-Rx,0,-77.6120,"-0.15000 1.10000 4.90000, 6.25000 0.10000 -6.55000"
2894,0.0000,Tx-Rx,0,-77.7458,"-0.15000 1.10000 4.90000, 5.95000 0.10000 -6.55000"
2895,0.0000,Tx-Rx,0,-78.8818,"-0.15000 1.10000 4.90000, 5.65000 0.10000 -6.55000"
2896,0.0000,Tx-Rx,0,-80.4074,"-0.15000 1.10000 4.90000, 5.35000 0.10000 -6.55000"
2897,0.0000,Tx-Rx,0,-83.4102,"-0.15000 1.10000 4.90000, 5.05000 0.10000 -6.55000"
2898,0.0000,Tx-Rx,0,-84.3262,"-0.15000 1.10000 4.90000, 4.75000 0.10000 -6.55000"
2899,0.0000,Tx-Rx,0,-83.8689,"-0.15000 1.10000 4.90000, 4.45000 0.10000 -6.55000"
2900,0.0000,Tx-Rx,0,-84.2429,"-0.15000 1.10000 4.90000, 4.15000 0.10000 -6.55000"
2901,0.0000,Tx-Rx,0,-84.0891,"-0.15000 1.10000 4.90000, 3.85000 0.10000 -6.55000"
2902,0.0000,Tx-Rx,0,-84.1421,"-0.15000 1.10000 4.90000, 3.55000 0.10000 -6.55000"
2903,0.0000,Tx-Rx,0,-83.5383,"-0.15000 1.10000 4.90000, 3.25000 0.10000 -6.55000"
2904,0.0000,Tx-Rx,0,-82.9109,"-0.15000 1.10000 4.90000, 2.95000 0.10000 -6.55000"
2905,0.0000,Tx-Rx,0,-83.0150,"-0.15000 1.10000 4.90000, 2.65000 0.10000 -6.55000"
2906,0.0000,Tx-Rx,0,-83.7138,"-0.15000 1.10000 4.90000, 2.35000 0.10000 -6.55000"
2907,0.0000,Tx-Rx,0,-84.8652,"-0.15000 1.10000 4.90000, 2.05000 0.10000 -6.55000"
2908,0.0000,Tx-Rx,0,-84.8282,"-0.15000 1.10000 4.90000, 1.75000 0.10000 -6.55000"
2909,0.0000,Tx-Rx,0,-78.7295,"-0.15000 1.10000 4.90000, 1.45000 0.10000 -6.55000"
2910,0.0000,Tx-Rx,0,-75.3963,"-0.15000 1.10000 4.90000, 1.15000 0.10000 -6.55000"
2911,0.0000,Tx-Rx,0,-76.0881,"-0.15000 1.10000 4.90000, 0.85000 0.10000 -6.55000"
2912,0.0000,Tx-Rx,0,-78.1921,"-0.15000 1.10000 4.90000, 0.55000 0.10000 -6.55000"
2913,0.0000,Tx-Rx,0,-69.3344,"-0.15000 1.10000 4.90000, 0.25000 0.10000 -6.55000"
2914,0.0000,Tx-Rx,0,-69.7459,"-0.15000 1.10000 4.90000, -0.05000 0.10000 -6.55000"
2915,0.0000,Tx-Rx,0,-76.3682,"-0.15000 1.10000 4.90000, -0.35000 0.10000 -6.55000"
2916,0.0000,Tx-Rx,0,-76.7432,"-0.15000 1.10000 4.90000, -0.65000 0.10000 -6.55000"
2917,0.0000,Tx-Rx,0,-82.1926,"-0.15000 1.10000 4.90000, -0.95000 0.10000 -6.55000"
2918,0.0000,Tx-Rx,0,-82.3042,"-0.15000 1.10000 4.90000, -1.25000 0.10000 -6.55000"
2919,0.0000,Tx-Rx,0,-81.0942,"-0.15000 1.10000 4.90000, -1.55000 0.10000 -6.55000"
2920,0.0000,Tx-Rx,0,-80.7748,"-0.15000 1.10000 4.90000, -1.85000 0.10000 -6.55000"
2921,0.0000,Tx-Rx,0,-79.8586,"-0.15000 1.10000 4.90000, -2.15000 0.10000 -6.55000"
2922,0.0000,Tx-Rx,0,-79.1829,"-0.15000 1.10000 4.90000, -2.45000 0.10000 -6.55000"
2923,0.0000,Tx-Rx,0,-120.0000,"-0.15000 1.10000 4.90000, -2.75000 0.10000 -6.55000"
2924,0.0000,Tx-Rx,0,-120.0000,"-0.15000 1.10000 4.90000, -3.05000 0.10000 -6.55000"
2925,0.0000,Tx-Rx,0,-63.4370,"-0.15000 1.10000 4.90000, -3.35000 0.10000 -6.55000"
2926,0.0000,Tx-Rx,0,-67.7766,"-0.15000 1.10000 4.90000, -3.65000 0.10000 -6.55000"
2927,0.0000,Tx-Rx,0,-74.7161,"-0.15000 1.10000 4.90000, -3.95000 0.10000 -6.55000"
2928,0.0000,Tx-Rx,0,-89.9912,"-0.15000 1.10000 4.90000, -4.25000 0.10000 -6.55000"
2929,0.0000,Tx-Rx,0,-95.2374,"-0.15000 1.10000 4.90000, -4.55000 0.10000 -6.55000"
2930,0.0000,Tx-Rx,0,-109.5155,"-0.15000 1.10000 4.90000, -4.85000 0.10000 -6.55000"
2931,0.0000,Tx-Rx,0,-107.8633,"-0.15000 1.10000 4.90000, -5.15000 0.10000 -6.55000"
2932,0.0000,Tx-Rx,0,-100.4820,"-0.15000 1.10000 4.90000, -5.45000 0.10000 -6.55000"
2933,0.0000,Tx-Rx,0,-110.9145,"-0.15000 1.10000 4.90000, -5.75000 0.10000 -6.55000"
2934,0.0000,Tx-Rx,0,-109.7564,"-0.15000 1.10000 4.90000, -6.05000 0.10000 -6.55000"
2935,0.0000,Tx-Rx,0,-105.0762,"-0.15000 1.10000 4.90000, -6.35000 0.10000 -6.55000"
2936,0.0000,Tx-Rx,0,-102.9988,"-0.15000 1.10000 4.90000, -6.65000 0.10000 -6.55000"
2937,0.0000,Tx-Rx,0,-94.9093,"-0.15000 1.10000 4.90000, -6.95000 0.10000 -6.55000"
2938,0.0000,Tx-Rx,0,-88.8945,"-0.15000 1.10000 4.90000, -7.25000 0.10000 -6.55000"
2939,0.0000,Tx-Rx,0,-90.4441,"-0.15000 1.10000 4.90000, -7.55000 0.10000 -6.55000"
2940,0.0000,Tx-Rx,0,-90.6494,"-0.15000 1.10000 4.90000, -7.85000 0.10000 -6.55000"
2941,0.0000,Tx-Rx,0,-104.7382,"-0.15000 1.10000 4.90000, 9.85000 0.10000 -6.85000"
2942,0.0000,Tx-Rx,0,-104.7027,"-0.15000 1.10000 4.90000, 9.55000 0.10000 -6.85000"
2943,0.0000,Tx-Rx,0,-105.3185,"-0.15000 1.10000 4.90000, 9.25000 0.10000 -6.85000"
2944,0.0000,Tx-Rx,0,-105.4094,"-0.15000 1.10000 4.90000, 8.95000 0.10000 -6.85000"
2945,0.0000,Tx-Rx,0,-106.4320,"-0.15000 1.10000 4.90000, 8.65000 0.10000 -6.85000"
2946,0.0000,Tx-Rx,0,-109.1751,"-0.15000 1.10000 4.90000, 8.35000 0.10000 -6.85000"
2947,0.0000,Tx-Rx,0,-82.1334,"-0.15000 1.10000 4.90000, 8.05000 0.10000 -6.85000"
2948,0.0000,Tx-Rx,0,-77.2052,"-0.15000 1.10000 4.90000, 7.75000 0.10000 -6.85000"
2949,0.0000,Tx-Rx,0,-77.3480,"-0.15000 1.10000 4.90000, 7.45000 0.10000 -6.85000"
2950,0.0000,Tx-Rx,0,-76.9087,"-0.15000 1.10000 4.90000, 7.15000 0.10000 -6.85000"
2951,0.0000,Tx-Rx,0,-77.0861,"-0.15000 1.10000 4.90000, 6.85000 0.10000 -6.85000"
2952,0.0000,Tx-Rx,0,-77.1876,"-0.15000 1.10000 4.90000, 6.55000 0.10000 -6.85000"
2953,0.0000,Tx-Rx,0,-77.2456,"-0.15000 1.10000 4.90000, 6.25000 0.10000 -6.85000"
2954,0.0000,Tx-Rx,0,-79.7230,"-0.15000 1.10000 4.90000, 5.95000 0.10000 -6.85000"
2955,0.0000,Tx-Rx,0,-83.0990,"-0.15000 1.10000 4.90000, 5.65000 0.10000 -6.85000"
2956,0.0000,Tx-Rx,0,-84.3742,"-0.15000 1.10000 4.90000, 5.35000 0.10000 -6.85000"
2957,0.0000,Tx-Rx,0,-84.2034,"-0.15000 1.10000 4.90000, 5.05000 0.10000 -6.85000"
2958,0.0000,Tx-Rx,0,-84.0791,"-0.15000 1.10000 4.90000, 4.75000 0.10000 -6.85000"
2959,0.0000,Tx-Rx,0,-83.6695,"-0.15000 1.10000 4.90000, 4.45000 0.10000 -6.85000"
2960,0.0000,Tx-Rx,0,-83.7700,"-0.15000 1.10000 4.90000, 4.15000 0.10000 -6.85000"
2961,0.0000,Tx-Rx,0,-83.8328,"-0.15000 1.10000 4.90000, 3.85000 0.10000 -6.85000"
2962,0.0000,Tx-Rx,0,-83.3889,"-0.15000 1.10000 4.90000, 3.55000 0.10000 -6.85000"
2963,0.0000,Tx-Rx,0,-83.1344,"-0.15000 1.10000 4.90000, 3.25000 0.10000 -6.85000"
2964,0.0000,Tx-Rx,0,-83.1854,"-0.15000 1.10000 4.90000, 2.95000 0.10000 -6.85000"
2965,0.0000,Tx-Rx,0,-83.5601,"-0.15000 1.10000 4.90000, 2.65000 0.10000 -6.85000"
2966,0.0000,Tx-Rx,0,-84.2848,"-0.15000 1.10000 4.90000, 2.35000 0.10000 -6.85000"
2967,0.0000,Tx-Rx,0,-84.3006,"-0.15000 1.10000 4.90000, 2.05000 0.10000 -6.85000"
2968,0.0000,Tx-Rx,0,-84.3980,"-0.15000 1.10000 4.90000, 1.75000 0.10000 -6.85000"
2969,0.0000,Tx-Rx,0,-77.7030,"-0.15000 1.10000 4.90000, 1.45000 0.10000 -6.85000"
2970,0.0000,Tx-Rx,0,-76.0501,"-0.15000 1.10000 4.90000, 1.15000 0.10000 -6.85000"
2971,0.0000,Tx-Rx,0,-75.1531,"-0.15000 1.10000 4.90000, 0.85000 0.10000 -6.85000"
2972,0.0000,Tx-Rx,0,-79.4344,"-0.15000 1.10000 4.90000, 0.55000 0.10000 -6.85000"
2973,0.0000,Tx-Rx,0,-68.9413,"-0.15000 1.10000 4.90000, 0.25000 0.10000 -6.85000"
2974,0.0000,Tx-Rx,0,-69.2008,"-0.15000 1.10000 4.90000, -0.05000 0.10000 -6.85000"
2975,0.0000,Tx-Rx,0,-77.4190,"-0.15000 1.10000 4.90000, -0.35000 0.10000 -6.85000"
2976,0.0000,Tx-Rx,0,-83.4805,"-0.15000 1.10000 4.90000, -0.65000 0.10000 -6.85000"
2977,0.0000,Tx-Rx,0,-82.6395,"-0.15000 1.10000 4.90000, -0.95000 0.10000 -6.85000"
2978,0.0000,Tx-Rx,0,-81.4487,"-0.15000 1.10000 4.90000, -1.25000 0.10000 -6.85000"
2979,0.0000,Tx-Rx,0,-80.5132,"-0.15000 1.10000 4.90000, -1.55000 0.10000 -6.85000"
2980,0.0000,Tx-Rx,0,-79.8886,"-0.15000 1.10000 4.90000, -1.85000 0.10000 -6.85000"
2981,0.0000,Tx-Rx,0,-78.9726,"-0.15000 1.10000 4.90000, -2.15000 0.10000 -6.85000"
2982,0.0000,Tx-Rx,0,-80.8626,"-0.15000 1.10000 4.90000, -2.45000 0.10000 -6.85000"
2983,0.0000,Tx-Rx,0,-120.0000,"-0.15000 1.10000 4.90000, -2.75000 0.10000 -6.85000"
2984,0.0000,Tx-Rx,0,-120.0000,"-0.15000 1.10000 4.90000, -3.05000 0.10000 -6.85000"
2985,0.0000,Tx-Rx,0,-64.8970,"-0.15000 1.10000 4.90000, -3.35000 0.10000 -6.85000"
2986,0.0000,Tx-Rx,0,-69.5415,"-0.15000 1.10000 4.90000, -3.65000 0.10000 -6.85000"
2987,0.0000,Tx-Rx,0,-72.1025,"-0.15000 1.10000 4.90000, -3.95000 0.10000 -6.85000"
2988,0.0000,Tx-Rx,0,-84.8498,"-0.15000 1.10000 4.90000, -4.25000 0.10000 -6.85000"
2989,0.0000,Tx-Rx,0,-98.1964,"-0.15000 1.10000 4.90000, -4.55000 0.10000 -6.85000"
2990,0.0000,Tx-Rx,0,-106.5221,"-0.15000 1.10000 4.90000, -4.85000 0.10000 -6.85000"
2991,0.0000,Tx-Rx,0,-114.2826,"-0.15000 1.10000 4.90000, -5.15000 0.10000 -6.85000"
2992,0.0000,Tx-Rx,0,-112.4938,"-0.15000 1.10000 4.90000, -5.45000 0.10000 -6.85000"
2993,0.0000,Tx-Rx,0,-118.8801,"-0.15000 1.10000 4.90000, -5.75000 0.10000 -6.85000"
2994,0.0000,Tx-Rx,0,-111.3184,"-0.15000 1.10000 4.90000, -6.05000 0.10000 -6.85000"
2995,0.0000,Tx-Rx,0,-113.0201,"-0.15000 1.10000 4.90000, -6.35000 0.10000 -6.85000"
2996,0.0000,Tx-Rx,0,-108.1875,"-0.15000 1.10000 4.90000, -6.65000 0.10000 -6.85000"
2997,0.0000,Tx-Rx,0,-95.3342,"-0.15000 1.10000 4.90000, -6.95000 0.10000 -6.85000"
2998,0.0000,Tx-Rx,0,-93.2425,"-0.15000 1.10000 4.90000, -7.25000 0.10000 -6.85000"
2999,0.0000,Tx-Rx,0,-91.5037,"-0.15000 1.10000 4.90000, -7.55000 0.10000 -6.85000"
3000,0.0000,Tx-Rx,0,-93.0205,"-0.15000 1.10000 4.90000, -7.85000 0.10000 -6.85000"
