Rx_Number,Path_Power_dBm,Interaction_Description,Total_Interactions_for_Path,RSS_dBm,Interaction_Coordinates
1,0.0000,Tx-Rx,0,-270.0000,"7.30900 2.93800 0.90000, -9.85000 -7.85000 0.10000"
2,0.0000,Tx-Rx,0,-102.0284,"7.30900 2.93800 0.90000, -9.55000 -7.85000 0.10000"
3,0.0000,Tx-Rx,0,-126.6581,"7.30900 2.93800 0.90000, -9.25000 -7.85000 0.10000"
4,0.0000,Tx-Rx,0,-270.0000,"7.30900 2.93800 0.90000, -8.95000 -7.85000 0.10000"
5,0.0000,Tx-Rx,0,-270.0000,"7.30900 2.93800 0.90000, -8.65000 -7.85000 0.10000"
6,0.0000,Tx-Rx,0,-270.0000,"7.30900 2.93800 0.90000, -8.35000 -7.85000 0.10000"
7,0.0000,Tx-Rx,0,-112.0740,"7.30900 2.93800 0.90000, -8.05000 -7.85000 0.10000"
8,0.0000,Tx-Rx,0,-96.7635,"7.30900 2.93800 0.90000, -7.75000 -7.85000 0.10000"
9,0.0000,Tx-Rx,0,-110.2262,"7.30900 2.93800 0.90000, -7.45000 -7.85000 0.10000"
10,0.0000,Tx-Rx,0,-96.8872,"7.30900 2.93800 0.90000, -7.15000 -7.85000 0.10000"
11,0.0000,Tx-Rx,0,-91.4183,"7.30900 2.93800 0.90000, -6.85000 -7.85000 0.10000"
12,0.0000,Tx-Rx,0,-86.6716,"7.30900 2.93800 0.90000, -6.55000 -7.85000 0.10000"
13,0.0000,Tx-Rx,0,-83.4665,"7.30900 2.93800 0.90000, -6.25000 -7.85000 0.10000"
14,0.0000,Tx-Rx,0,-75.4094,"7.30900 2.93800 0.90000, -5.95000 -7.85000 0.10000"
15,0.0000,Tx-Rx,0,-72.8771,"7.30900 2.93800 0.90000, -5.65000 -7.85000 0.10000"
16,0.0000,Tx-Rx,0,-73.7305,"7.30900 2.93800 0.90000, -5.35000 -7.85000 0.10000"
17,0.0000,Tx-Rx,0,-75.4710,"7.30900 2.93800 0.90000, -5.05000 -7.85000 0.10000"
18,0.0000,Tx-Rx,0,-74.7113,"7.30900 2.93800 0.90000, -4.75000 -7.85000 0.10000"
19,0.0000,Tx-Rx,0,-75.0781,"7.30900 2.93800 0.90000, -4.45000 -7.85000 0.10000"
20,0.0000,Tx-Rx,0,-78.2127,"7.30900 2.93800 0.90000, -4.15000 -7.85000 0.10000"
21,0.0000,Tx-Rx,0,-80.7426,"7.30900 2.93800 0.90000, -3.85000 -7.85000 0.10000"
22,0.0000,Tx-Rx,0,-82.4543,"7.30900 2.93800 0.90000, -3.55000 -7.85000 0.10000"
23,0.0000,Tx-Rx,0,-83.2323,"7.30900 2.93800 0.90000, -3.25000 -7.85000 0.10000"
24,0.0000,Tx-Rx,0,-79.7479,"7.30900 2.93800 0.90000, -2.95000 -7.85000 0.10000"
25,0.0000,Tx-Rx,0,-77.7937,"7.30900 2.93800 0.90000, -2.65000 -7.85000 0.10000"
26,0.0000,Tx-Rx,0,-80.0620,"7.30900 2.93800 0.90000, -2.35000 -7.85000 0.10000"
27,0.0000,Tx-Rx,0,-83.0223,"7.30900 2.93800 0.90000, -2.05000 -7.85000 0.10000"
28,0.0000,Tx-Rx,0,-76.7740,"7.30900 2.93800 0.90000, -1.75000 -7.85000 0.10000"
29,0.0000,Tx-Rx,0,-75.7727,"7.30900 2.93800 0.90000, -1.45000 -7.85000 0.10000"
30,0.0000,Tx-Rx,0,-77.0389,"7.30900 2.93800 0.90000, -1.15000 -7.85000 0.10000"
31,0.0000,Tx-Rx,0,-78.4154,"7.30900 2.93800 0.90000, -0.85000 -7.85000 0.10000"
32,0.0000,Tx-Rx,0,-79.2768,"7.30900 2.93800 0.90000, -0.55000 -7.85000 0.10000"
33,0.0000,Tx-Rx,0,-78.9945,"7.30900 2.93800 0.90000, -0.25000 -7.85000 0.10000"
34,0.0000,Tx-Rx,0,-69.1944,"7.30900 2.93800 0.90000, 0.05000 -7.85000 0.10000"
35,0.0000,Tx-Rx,0,-67.4516,"7.30900 2.93800 0.90000, 0.35000 -7.85000 0.10000"
36,0.0000,Tx-Rx,0,-67.3841,"7.30900 2.93800 0.90000, 0.65000 -7.85000 0.10000"
37,0.0000,Tx-Rx,0,-67.4996,"7.30900 2.93800 0.90000, 0.95000 -7.85000 0.10000"
38,0.0000,Tx-Rx,0,-67.6852,"7.30900 2.93800 0.90000, 1.25000 -7.85000 0.10000"
39,0.0000,Tx-Rx,0,-68.0368,"7.30900 2.93800 0.90000, 1.55000 -7.85000 0.10000"
40,0.0000,Tx-Rx,0,-68.0999,"7.30900 2.93800 0.90000, 1.85000 -7.85000 0.10000"
41,0.0000,Tx-Rx,0,-73.3294,"7.30900 2.93800 0.90000, 2.15000 -7.85000 0.10000"
42,0.0000,Tx-Rx,0,-78.4208,"7.30900 2.93800 0.90000, 2.45000 -7.85000 0.10000"
43,0.0000,Tx-Rx,0,-81.0091,"7.30900 2.93800 0.90000, 2.75000 -7.85000 0.10000"
44,0.0000,Tx-Rx,0,-97.6797,"7.30900 2.93800 0.90000, 3.05000 -7.85000 0.10000"
45,0.0000,Tx-Rx,0,-86.6154,"7.30900 2.93800 0.90000, 3.35000 -7.85000 0.10000"
46,0.0000,Tx-Rx,0,-78.5435,"7.30900 2.93800 0.90000, 3.65000 -7.85000 0.10000"
47,0.0000,Tx-Rx,0,-77.5644,"7.30900 2.93800 0.90000, 3.95000 -7.85000 0.10000"
48,0.0000,Tx-Rx,0,-76.1327,"7.30900 2.93800 0.90000, 4.25000 -7.85000 0.10000"
49,0.0000,Tx-Rx,0,-72.5522,"7.30900 2.93800 0.90000, 4.55000 -7.85000 0.10000"
50,0.0000,Tx-Rx,0,-73.7450,"7.30900 2.93800 0.90000, 4.85000 -7.85000 0.10000"
51,0.0000,Tx-Rx,0,-69.1827,"7.30900 2.93800 0.90000, 5.15000 -7.85000 0.10000"
52,0.0000,Tx-Rx,0,-62.9456,"7.30900 2.93800 0.90000, 5.45000 -7.85000 0.10000"
53,0.0000,Tx-Rx,0,-52.8784,"7.30900 2.93800 0.90000, 5.75000 -7.85000 0.10000"
54,0.0000,Tx-Rx,0,-53.2436,"7.30900 2.93800 0.90000, 6.05000 -7.85000 0.10000"
55,0.0000,Tx-Rx,0,-53.9591,"7.30900 2.93800 0.90000, 6.35000 -7.85000 0.10000"
56,0.0000,Tx-Rx,0,-52.6727,"7.30900 2.93800 0.90000, 6.65000 -7.85000 0.10000"
57,0.0000,Tx-Rx,0,-52.1160,"7.30900 2.93800 0.90000, 6.95000 -7.85000 0.10000"
58,0.0000,Tx-Rx,0,-52.1393,"7.30900 2.93800 0.90000, 7.25000 -7.85000 0.10000"
59,0.0000,Tx-Rx,0,-52.9646,"7.30900 2.93800 0.90000, 7.55000 -7.85000 0.10000"
60,0.0000,Tx-Rx,0,-52.9599,"7.30900 2.93800 0.90000, 7.85000 -7.85000 0.10000"
61,0.0000,Tx-Rx,0,-97.2107,"7.30900 2.93800 0.90000, -9.85000 -7.55000 0.10000"
62,0.0000,Tx-Rx,0,-270.0000,"7.30900 2.93800 0.90000, -9.55000 -7.55000 0.10000"
63,0.0000,Tx-Rx,0,-131.8457,"7.30900 2.93800 0.90000, -9.25000 -7.55000 0.10000"
64,0.0000,Tx-Rx,0,-99.1582,"7.30900 2.93800 0.90000, -8.95000 -7.55000 0.10000"
65,0.0000,Tx-Rx,0,-154.7777,"7.30900 2.93800 0.90000, -8.65000 -7.55000 0.10000"
66,0.0000,Tx-Rx,0,-116.4870,"7.30900 2.93800 0.90000, -8.35000 -7.55000 0.10000"
67,0.0000,Tx-Rx,0,-92.1668,"7.30900 2.93800 0.90000, -8.05000 -7.55000 0.10000"
68,0.0000,Tx-Rx,0,-270.0000,"7.30900 2.93800 0.90000, -7.75000 -7.55000 0.10000"
69,0.0000,Tx-Rx,0,-103.0776,"7.30900 2.93800 0.90000, -7.45000 -7.55000 0.10000"
70,0.0000,Tx-Rx,0,-94.7219,"7.30900 2.93800 0.90000, -7.15000 -7.55000 0.10000"
71,0.0000,Tx-Rx,0,-87.2911,"7.30900 2.93800 0.90000, -6.85000 -7.55000 0.10000"
72,0.0000,Tx-Rx,0,-85.7301,"7.30900 2.93800 0.90000, -6.55000 -7.55000 0.10000"
73,0.0000,Tx-Rx,0,-79.6087,"7.30900 2.93800 0.90000, -6.25000 -7.55000 0.10000"
74,0.0000,Tx-Rx,0,-75.9967,"7.30900 2.93800 0.90000, -5.95000 -7.55000 0.10000"
75,0.0000,Tx-Rx,0,-73.8705,"7.30900 2.93800 0.90000, -5.65000 -7.55000 0.10000"
76,0.0000,Tx-Rx,0,-73.7025,"7.30900 2.93800 0.90000, -5.35000 -7.55000 0.10000"
77,0.0000,Tx-Rx,0,-74.3477,"7.30900 2.93800 0.90000, -5.05000 -7.55000 0.10000"
78,0.0000,Tx-Rx,0,-75.1004,"7.30900 2.93800 0.90000, -4.75000 -7.55000 0.10000"
79,0.0000,Tx-Rx,0,-75.2754,"7.30900 2.93800 0.90000, -4.45000 -7.55000 0.10000"
80,0.0000,Tx-Rx,0,-76.2788,"7.30900 2.93800 0.90000, -4.15000 -7.55000 0.10000"
81,0.0000,Tx-Rx,0,-79.5707,"7.30900 2.93800 0.90000, -3.85000 -7.55000 0.10000"
82,0.0000,Tx-Rx,0,-81.0258,"7.30900 2.93800 0.90000, -3.55000 -7.55000 0.10000"
83,0.0000,Tx-Rx,0,-79.6183,"7.30900 2.93800 0.90000, -3.25000 -7.55000 0.10000"
84,0.0000,Tx-Rx,0,-78.3895,"7.30900 2.93800 0.90000, -2.95000 -7.55000 0.10000"
85,0.0000,Tx-Rx,0,-80.1829,"7.30900 2.93800 0.90000, -2.65000 -7.55000 0.10000"
86,0.0000,Tx-Rx,0,-76.6560,"7.30900 2.93800 0.90000, -2.35000 -7.55000 0.10000"
87,0.0000,Tx-Rx,0,-74.3173,"7.30900 2.93800 0.90000, -2.05000 -7.55000 0.10000"
88,0.0000,Tx-Rx,0,-77.9747,"7.30900 2.93800 0.90000, -1.75000 -7.55000 0.10000"
89,0.0000,Tx-Rx,0,-79.5180,"7.30900 2.93800 0.90000, -1.45000 -7.55000 0.10000"
90,0.0000,Tx-Rx,0,-80.5066,"7.30900 2.93800 0.90000, -1.15000 -7.55000 0.10000"
91,0.0000,Tx-Rx,0,-78.6784,"7.30900 2.93800 0.90000, -0.85000 -7.55000 0.10000"
92,0.0000,Tx-Rx,0,-77.7040,"7.30900 2.93800 0.90000, -0.55000 -7.55000 0.10000"
93,0.0000,Tx-Rx,0,-77.9163,"7.30900 2.93800 0.90000, -0.25000 -7.55000 0.10000"
94,0.0000,Tx-Rx,0,-69.0889,"7.30900 2.93800 0.90000, 0.05000 -7.55000 0.10000"
95,0.0000,Tx-Rx,0,-67.5198,"7.30900 2.93800 0.90000, 0.35000 -7.55000 0.10000"
96,0.0000,Tx-Rx,0,-67.3626,"7.30900 2.93800 0.90000, 0.65000 -7.55000 0.10000"
97,0.0000,Tx-Rx,0,-67.4326,"7.30900 2.93800 0.90000, 0.95000 -7.55000 0.10000"
98,0.0000,Tx-Rx,0,-67.7227,"7.30900 2.93800 0.90000, 1.25000 -7.55000 0.10000"
99,0.0000,Tx-Rx,0,-67.7358,"7.30900 2.93800 0.90000, 1.55000 -7.55000 0.10000"
100,0.0000,Tx-Rx,0,-68.5357,"7.30900 2.93800 0.90000, 1.85000 -7.55000 0.10000"
101,0.0000,Tx-Rx,0,-68.9680,"7.30900 2.93800 0.90000, 2.15000 -7.55000 0.10000"
102,0.0000,Tx-Rx,0,-70.8750,"7.30900 2.93800 0.90000, 2.45000 -7.55000 0.10000"
103,0.0000,Tx-Rx,0,-76.0774,"7.30900 2.93800 0.90000, 2.75000 -7.55000 0.10000"
104,0.0000,Tx-Rx,0,-75.6487,"7.30900 2.93800 0.90000, 3.05000 -7.55000 0.10000"
105,0.0000,Tx-Rx,0,-78.5406,"7.30900 2.93800 0.90000, 3.35000 -7.55000 0.10000"
106,0.0000,Tx-Rx,0,-69.3984,"7.30900 2.93800 0.90000, 3.65000 -7.55000 0.10000"
107,0.0000,Tx-Rx,0,-74.3756,"7.30900 2.93800 0.90000, 3.95000 -7.55000 0.10000"
108,0.0000,Tx-Rx,0,-67.6084,"7.30900 2.93800 0.90000, 4.25000 -7.55000 0.10000"
109,0.0000,Tx-Rx,0,-66.6076,"7.30900 2.93800 0.90000, 4.55000 -7.55000 0.10000"
110,0.0000,Tx-Rx,0,-76.7375,"7.30900 2.93800 0.90000, 4.85000 -7.55000 0.10000"
111,0.0000,Tx-Rx,0,-72.2206,"7.30900 2.93800 0.90000, 5.15000 -7.55000 0.10000"
112,0.0000,Tx-Rx,0,-62.4608,"7.30900 2.93800 0.90000, 5.45000 -7.55000 0.10000"
113,0.0000,Tx-Rx,0,-52.7043,"7.30900 2.93800 0.90000, 5.75000 -7.55000 0.10000"
114,0.0000,Tx-Rx,0,-53.2861,"7.30900 2.93800 0.90000, 6.05000 -7.55000 0.10000"
115,0.0000,Tx-Rx,0,-53.5309,"7.30900 2.93800 0.90000, 6.35000 -7.55000 0.10000"
116,0.0000,Tx-Rx,0,-52.1882,"7.30900 2.93800 0.90000, 6.65000 -7.55000 0.10000"
117,0.0000,Tx-Rx,0,-51.8496,"7.30900 2.93800 0.90000, 6.95000 -7.55000 0.10000"
118,0.0000,Tx-Rx,0,-52.0779,"7.30900 2.93800 0.90000, 7.25000 -7.55000 0.10000"
119,0.0000,Tx-Rx,0,-52.7104,"7.30900 2.93800 0.90000, 7.55000 -7.55000 0.10000"
120,0.0000,Tx-Rx,0,-52.6759,"7.30900 2.93800 0.90000, 7.85000 -7.55000 0.10000"
121,0.0000,Tx-Rx,0,-270.0000,"7.30900 2.93800 0.90000, -9.85000 -7.25000 0.10000"
122,0.0000,Tx-Rx,0,-270.0000,"7.30900 2.93800 0.90000, -9.55000 -7.25000 0.10000"
123,0.0000,Tx-Rx,0,-155.9639,"7.30900 2.93800 0.90000, -9.25000 -7.25000 0.10000"
124,0.0000,Tx-Rx,0,-97.3470,"7.30900 2.93800 0.90000, -8.95000 -7.25000 0.10000"
125,0.0000,Tx-Rx,0,-97.4314,"7.30900 2.93800 0.90000, -8.65000 -7.25000 0.10000"
126,0.0000,Tx-Rx,0,-96.2094,"7.30900 2.93800 0.90000, -8.35000 -7.25000 0.10000"
127,0.0000,Tx-Rx,0,-90.2444,"7.30900 2.93800 0.90000, -8.05000 -7.25000 0.10000"
128,0.0000,Tx-Rx,0,-79.8615,"7.30900 2.93800 0.90000, -7.75000 -7.25000 0.10000"
129,0.0000,Tx-Rx,0,-81.7315,"7.30900 2.93800 0.90000, -7.45000 -7.25000 0.10000"
130,0.0000,Tx-Rx,0,-81.2167,"7.30900 2.93800 0.90000, -7.15000 -7.25000 0.10000"
131,0.0000,Tx-Rx,0,-83.3291,"7.30900 2.93800 0.90000, -6.85000 -7.25000 0.10000"
132,0.0000,Tx-Rx,0,-78.3916,"7.30900 2.93800 0.90000, -6.55000 -7.25000 0.10000"
133,0.0000,Tx-Rx,0,-80.6153,"7.30900 2.93800 0.90000, -6.25000 -7.25000 0.10000"
134,0.0000,Tx-Rx,0,-75.3161,"7.30900 2.93800 0.90000, -5.95000 -7.25000 0.10000"
135,0.0000,Tx-Rx,0,-73.9576,"7.30900 2.93800 0.90000, -5.65000 -7.25000 0.10000"
136,0.0000,Tx-Rx,0,-73.7490,"7.30900 2.93800 0.90000, -5.35000 -7.25000 0.10000"
137,0.0000,Tx-Rx,0,-73.8276,"7.30900 2.93800 0.90000, -5.05000 -7.25000 0.10000"
138,0.0000,Tx-Rx,0,-75.1600,"7.30900 2.93800 0.90000, -4.75000 -7.25000 0.10000"
139,0.0000,Tx-Rx,0,-75.8934,"7.30900 2.93800 0.90000, -4.45000 -7.25000 0.10000"
140,0.0000,Tx-Rx,0,-74.9931,"7.30900 2.93800 0.90000, -4.15000 -7.25000 0.10000"
141,0.0000,Tx-Rx,0,-78.0016,"7.30900 2.93800 0.90000, -3.85000 -7.25000 0.10000"
142,0.0000,Tx-Rx,0,-80.1789,"7.30900 2.93800 0.90000, -3.55000 -7.25000 0.10000"
143,0.0000,Tx-Rx,0,-78.1921,"7.30900 2.93800 0.90000, -3.25000 -7.25000 0.10000"
144,0.0000,Tx-Rx,0,-77.3756,"7.30900 2.93800 0.90000, -2.95000 -7.25000 0.10000"
145,0.0000,Tx-Rx,0,-75.1926,"7.30900 2.93800 0.90000, -2.65000 -7.25000 0.10000"
146,0.0000,Tx-Rx,0,-78.0017,"7.30900 2.93800 0.90000, -2.35000 -7.25000 0.10000"
147,0.0000,Tx-Rx,0,-77.2182,"7.30900 2.93800 0.90000, -2.05000 -7.25000 0.10000"
148,0.0000,Tx-Rx,0,-80.1520,"7.30900 2.93800 0.90000, -1.75000 -7.25000 0.10000"
149,0.0000,Tx-Rx,0,-80.1927,"7.30900 2.93800 0.90000, -1.45000 -7.25000 0.10000"
150,0.0000,Tx-Rx,0,-80.5951,"7.30900 2.93800 0.90000, -1.15000 -7.25000 0.10000"
151,0.0000,Tx-Rx,0,-81.3847,"7.30900 2.93800 0.90000, -0.85000 -7.25000 0.10000"
152,0.0000,Tx-Rx,0,-78.5410,"7.30900 2.93800 0.90000, -0.55000 -7.25000 0.10000"
153,0.0000,Tx-Rx,0,-74.6916,"7.30900 2.93800 0.90000, -0.25000 -7.25000 0.10000"
154,0.0000,Tx-Rx,0,-68.8974,"7.30900 2.93800 0.90000, 0.05000 -7.25000 0.10000"
155,0.0000,Tx-Rx,0,-67.5152,"7.30900 2.93800 0.90000, 0.35000 -7.25000 0.10000"
156,0.0000,Tx-Rx,0,-67.4017,"7.30900 2.93800 0.90000, 0.65000 -7.25000 0.10000"
157,0.0000,Tx-Rx,0,-67.3443,"7.30900 2.93800 0.90000, 0.95000 -7.25000 0.10000"
158,0.0000,Tx-Rx,0,-67.7724,"7.30900 2.93800 0.90000, 1.25000 -7.25000 0.10000"
159,0.0000,Tx-Rx,0,-67.9769,"7.30900 2.93800 0.90000, 1.55000 -7.25000 0.10000"
160,0.0000,Tx-Rx,0,-68.4849,"7.30900 2.93800 0.90000, 1.85000 -7.25000 0.10000"
161,0.0000,Tx-Rx,0,-67.1383,"7.30900 2.93800 0.90000, 2.15000 -7.25000 0.10000"
162,0.0000,Tx-Rx,0,-67.4323,"7.30900 2.93800 0.90000, 2.45000 -7.25000 0.10000"
163,0.0000,Tx-Rx,0,-75.7678,"7.30900 2.93800 0.90000, 2.75000 -7.25000 0.10000"
164,0.0000,Tx-Rx,0,-83.7567,"7.30900 2.93800 0.90000, 3.05000 -7.25000 0.10000"
165,0.0000,Tx-Rx,0,-80.4307,"7.30900 2.93800 0.90000, 3.35000 -7.25000 0.10000"
166,0.0000,Tx-Rx,0,-67.4353,"7.30900 2.93800 0.90000, 3.65000 -7.25000 0.10000"
167,0.0000,Tx-Rx,0,-64.9207,"7.30900 2.93800 0.90000, 3.95000 -7.25000 0.10000"
168,0.0000,Tx-Rx,0,-64.7037,"7.30900 2.93800 0.90000, 4.25000 -7.25000 0.10000"
169,0.0000,Tx-Rx,0,-69.7006,"7.30900 2.93800 0.90000, 4.55000 -7.25000 0.10000"
170,0.0000,Tx-Rx,0,-77.1160,"7.30900 2.93800 0.90000, 4.85000 -7.25000 0.10000"
171,0.0000,Tx-Rx,0,-79.5928,"7.30900 2.93800 0.90000, 5.15000 -7.25000 0.10000"
172,0.0000,Tx-Rx,0,-63.2671,"7.30900 2.93800 0.90000, 5.45000 -7.25000 0.10000"
173,0.0000,Tx-Rx,0,-52.4466,"7.30900 2.93800 0.90000, 5.75000 -7.25000 0.10000"
174,0.0000,Tx-Rx,0,-53.4400,"7.30900 2.93800 0.90000, 6.05000 -7.25000 0.10000"
175,0.0000,Tx-Rx,0,-53.3492,"7.30900 2.93800 0.90000, 6.35000 -7.25000 0.10000"
176,0.0000,Tx-Rx,0,-51.8165,"7.30900 2.93800 0.90000, 6.65000 -7.25000 0.10000"
177,0.0000,Tx-Rx,0,-51.5630,"7.30900 2.93800 0.90000, 6.95000 -7.25000 0.10000"
178,0.0000,Tx-Rx,0,-52.2328,"7.30900 2.93800 0.90000, 7.25000 -7.25000 0.10000"
179,0.0000,Tx-Rx,0,-52.5367,"7.30900 2.93800 0.90000, 7.55000 -7.25000 0.10000"
180,0.0000,Tx-Rx,0,-52.4929,"7.30900 2.93800 0.90000, 7.85000 -7.25000 0.10000"
181,0.0000,Tx-Rx,0,-130.1240,"7.30900 2.93800 0.90000, -9.85000 -6.95000 0.10000"
182,0.0000,Tx-Rx,0,-116.7886,"7.30900 2.93800 0.90000, -9.55000 -6.95000 0.10000"
183,0.0000,Tx-Rx,0,-116.9518,"7.30900 2.93800 0.90000, -9.25000 -6.95000 0.10000"
184,0.0000,Tx-Rx,0,-122.3076,"7.30900 2.93800 0.90000, -8.95000 -6.95000 0.10000"
185,0.0000,Tx-Rx,0,-270.0000,"7.30900 2.93800 0.90000, -8.65000 -6.95000 0.10000"
186,0.0000,Tx-Rx,0,-97.2098,"7.30900 2.93800 0.90000, -8.35000 -6.95000 0.10000"
187,0.0000,Tx-Rx,0,-82.2262,"7.30900 2.93800 0.90000, -8.05000 -6.95000 0.10000"
188,0.0000,Tx-Rx,0,-77.7652,"7.30900 2.93800 0.90000, -7.75000 -6.95000 0.10000"
189,0.0000,Tx-Rx,0,-78.7303,"7.30900 2.93800 0.90000, -7.45000 -6.95000 0.10000"
190,0.0000,Tx-Rx,0,-80.9434,"7.30900 2.93800 0.90000, -7.15000 -6.95000 0.10000"
191,0.0000,Tx-Rx,0,-78.8922,"7.30900 2.93800 0.90000, -6.85000 -6.95000 0.10000"
192,0.0000,Tx-Rx,0,-76.5482,"7.30900 2.93800 0.90000, -6.55000 -6.95000 0.10000"
193,0.0000,Tx-Rx,0,-77.8120,"7.30900 2.93800 0.90000, -6.25000 -6.95000 0.10000"
194,0.0000,Tx-Rx,0,-75.5595,"7.30900 2.93800 0.90000, -5.95000 -6.95000 0.10000"
195,0.0000,Tx-Rx,0,-74.7331,"7.30900 2.93800 0.90000, -5.65000 -6.95000 0.10000"
196,0.0000,Tx-Rx,0,-73.4824,"7.30900 2.93800 0.90000, -5.35000 -6.95000 0.10000"
197,0.0000,Tx-Rx,0,-73.4704,"7.30900 2.93800 0.90000, -5.05000 -6.95000 0.10000"
198,0.0000,Tx-Rx,0,-74.5951,"7.30900 2.93800 0.90000, -4.75000 -6.95000 0.10000"
199,0.0000,Tx-Rx,0,-75.4755,"7.30900 2.93800 0.90000, -4.45000 -6.95000 0.10000"
200,0.0000,Tx-Rx,0,-75.3454,"7.30900 2.93800 0.90000, -4.15000 -6.95000 0.10000"
201,0.0000,Tx-Rx,0,-75.8027,"7.30900 2.93800 0.90000, -3.85000 -6.95000 0.10000"
202,0.0000,Tx-Rx,0,-76.9001,"7.30900 2.93800 0.90000, -3.55000 -6.95000 0.10000"
203,0.0000,Tx-Rx,0,-74.3337,"7.30900 2.93800 0.90000, -3.25000 -6.95000 0.10000"
204,0.0000,Tx-Rx,0,-76.1593,"7.30900 2.93800 0.90000, -2.95000 -6.95000 0.10000"
205,0.0000,Tx-Rx,0,-79.7859,"7.30900 2.93800 0.90000, -2.65000 -6.95000 0.10000"
206,0.0000,Tx-Rx,0,-78.6903,"7.30900 2.93800 0.90000, -2.35000 -6.95000 0.10000"
207,0.0000,Tx-Rx,0,-75.5392,"7.30900 2.93800 0.90000, -2.05000 -6.95000 0.10000"
208,0.0000,Tx-Rx,0,-79.6848,"7.30900 2.93800 0.90000, -1.75000 -6.95000 0.10000"
209,0.0000,Tx-Rx,0,-80.8284,"7.30900 2.93800 0.90000, -1.45000 -6.95000 0.10000"
210,0.0000,Tx-Rx,0,-81.4193,"7.30900 2.93800 0.90000, -1.15000 -6.95000 0.10000"
211,0.0000,Tx-Rx,0,-78.9193,"7.30900 2.93800 0.90000, -0.85000 -6.95000 0.10000"
212,0.0000,Tx-Rx,0,-75.2183,"7.30900 2.93800 0.90000, -0.55000 -6.95000 0.10000"
213,0.0000,Tx-Rx,0,-78.7378,"7.30900 2.93800 0.90000, -0.25000 -6.95000 0.10000"
214,0.0000,Tx-Rx,0,-69.2926,"7.30900 2.93800 0.90000, 0.05000 -6.95000 0.10000"
215,0.0000,Tx-Rx,0,-67.4607,"7.30900 2.93800 0.90000, 0.35000 -6.95000 0.10000"
216,0.0000,Tx-Rx,0,-67.4532,"7.30900 2.93800 0.90000, 0.65000 -6.95000 0.10000"
217,0.0000,Tx-Rx,0,-67.4120,"7.30900 2.93800 0.90000, 0.95000 -6.95000 0.10000"
218,0.0000,Tx-Rx,0,-67.7314,"7.30900 2.93800 0.90000, 1.25000 -6.95000 0.10000"
219,0.0000,Tx-Rx,0,-67.7880,"7.30900 2.93800 0.90000, 1.55000 -6.95000 0.10000"
220,0.0000,Tx-Rx,0,-66.7314,"7.30900 2.93800 0.90000, 1.85000 -6.95000 0.10000"
221,0.0000,Tx-Rx,0,-66.2724,"7.30900 2.93800 0.90000, 2.15000 -6.95000 0.10000"
222,0.0000,Tx-Rx,0,-65.0651,"7.30900 2.93800 0.90000, 2.45000 -6.95000 0.10000"
223,0.0000,Tx-Rx,0,-69.9047,"7.30900 2.93800 0.90000, 2.75000 -6.95000 0.10000"
224,0.0000,Tx-Rx,0,-69.8134,"7.30900 2.93800 0.90000, 3.05000 -6.95000 0.10000"
225,0.0000,Tx-Rx,0,-69.3163,"7.30900 2.93800 0.90000, 3.35000 -6.95000 0.10000"
226,0.0000,Tx-Rx,0,-63.8065,"7.30900 2.93800 0.90000, 3.65000 -6.95000 0.10000"
227,0.0000,Tx-Rx,0,-62.7714,"7.30900 2.93800 0.90000, 3.95000 -6.95000 0.10000"
228,0.0000,Tx-Rx,0,-65.9228,"7.30900 2.93800 0.90000, 4.25000 -6.95000 0.10000"
229,0.0000,Tx-Rx,0,-69.5342,"7.30900 2.93800 0.90000, 4.55000 -6.95000 0.10000"
230,0.0000,Tx-Rx,0,-75.0695,"7.30900 2.93800 0.90000, 4.85000 -6.95000 0.10000"
231,0.0000,Tx-Rx,0,-80.3455,"7.30900 2.93800 0.90000, 5.15000 -6.95000 0.10000"
232,0.0000,Tx-Rx,0,-62.3286,"7.30900 2.93800 0.90000, 5.45000 -6.95000 0.10000"
233,0.0000,Tx-Rx,0,-52.4407,"7.30900 2.93800 0.90000, 5.75000 -6.95000 0.10000"
234,0.0000,Tx-Rx,0,-53.2947,"7.30900 2.93800 0.90000, 6.05000 -6.95000 0.10000"
235,0.0000,Tx-Rx,0,-52.9396,"7.30900 2.93800 0.90000, 6.35000 -6.95000 0.10000"
236,0.0000,Tx-Rx,0,-51.6461,"7.30900 2.93800 0.90000, 6.65000 -6.95000 0.10000"
237,0.0000,Tx-Rx,0,-51.2515,"7.30900 2.93800 0.90000, 6.95000 -6.95000 0.10000"
238,0.0000,Tx-Rx,0,-52.2068,"7.30900 2.93800 0.90000, 7.25000 -6.95000 0.10000"
239,0.0000,Tx-Rx,0,-52.3987,"7.30900 2.93800 0.90000, 7.55000 -6.95000 0.10000"
240,0.0000,Tx-Rx,0,-52.2995,"7.30900 2.93800 0.90000, 7.85000 -6.95000 0.10000"
241,0.0000,Tx-Rx,0,-112.7683,"7.30900 2.93800 0.90000, -9.85000 -6.65000 0.10000"
242,0.0000,Tx-Rx,0,-270.0000,"7.30900 2.93800 0.90000, -9.55000 -6.65000 0.10000"
243,0.0000,Tx-Rx,0,-111.5408,"7.30900 2.93800 0.90000, -9.25000 -6.65000 0.10000"
244,0.0000,Tx-Rx,0,-113.8727,"7.30900 2.93800 0.90000, -8.95000 -6.65000 0.10000"
245,0.0000,Tx-Rx,0,-109.6028,"7.30900 2.93800 0.90000, -8.65000 -6.65000 0.10000"
246,0.0000,Tx-Rx,0,-112.8827,"7.30900 2.93800 0.90000, -8.35000 -6.65000 0.10000"
247,0.0000,Tx-Rx,0,-86.5313,"7.30900 2.93800 0.90000, -8.05000 -6.65000 0.10000"
248,0.0000,Tx-Rx,0,-78.2403,"7.30900 2.93800 0.90000, -7.75000 -6.65000 0.10000"
249,0.0000,Tx-Rx,0,-77.5934,"7.30900 2.93800 0.90000, -7.45000 -6.65000 0.10000"
250,0.0000,Tx-Rx,0,-77.5501,"7.30900 2.93800 0.90000, -7.15000 -6.65000 0.10000"
251,0.0000,Tx-Rx,0,-79.9894,"7.30900 2.93800 0.90000, -6.85000 -6.65000 0.10000"
252,0.0000,Tx-Rx,0,-79.6644,"7.30900 2.93800 0.90000, -6.55000 -6.65000 0.10000"
253,0.0000,Tx-Rx,0,-74.5847,"7.30900 2.93800 0.90000, -6.25000 -6.65000 0.10000"
254,0.0000,Tx-Rx,0,-76.5006,"7.30900 2.93800 0.90000, -5.95000 -6.65000 0.10000"
255,0.0000,Tx-Rx,0,-73.3223,"7.30900 2.93800 0.90000, -5.65000 -6.65000 0.10000"
256,0.0000,Tx-Rx,0,-73.5387,"7.30900 2.93800 0.90000, -5.35000 -6.65000 0.10000"
257,0.0000,Tx-Rx,0,-73.2668,"7.30900 2.93800 0.90000, -5.05000 -6.65000 0.10000"
258,0.0000,Tx-Rx,0,-73.7501,"7.30900 2.93800 0.90000, -4.75000 -6.65000 0.10000"
259,0.0000,Tx-Rx,0,-75.2471,"7.30900 2.93800 0.90000, -4.45000 -6.65000 0.10000"
260,0.0000,Tx-Rx,0,-75.3565,"7.30900 2.93800 0.90000, -4.15000 -6.65000 0.10000"
261,0.0000,Tx-Rx,0,-72.7777,"7.30900 2.93800 0.90000, -3.85000 -6.65000 0.10000"
262,0.0000,Tx-Rx,0,-73.2040,"7.30900 2.93800 0.90000, -3.55000 -6.65000 0.10000"
263,0.0000,Tx-Rx,0,-77.5652,"7.30900 2.93800 0.90000, -3.25000 -6.65000 0.10000"
264,0.0000,Tx-Rx,0,-80.1316,"7.30900 2.93800 0.90000, -2.95000 -6.65000 0.10000"
265,0.0000,Tx-Rx,0,-79.3352,"7.30900 2.93800 0.90000, -2.65000 -6.65000 0.10000"
266,0.0000,Tx-Rx,0,-79.3232,"7.30900 2.93800 0.90000, -2.35000 -6.65000 0.10000"
267,0.0000,Tx-Rx,0,-76.2999,"7.30900 2.93800 0.90000, -2.05000 -6.65000 0.10000"
268,0.0000,Tx-Rx,0,-79.6731,"7.30900 2.93800 0.90000, -1.75000 -6.65000 0.10000"
269,0.0000,Tx-Rx,0,-79.8399,"7.30900 2.93800 0.90000, -1.45000 -6.65000 0.10000"
270,0.0000,Tx-Rx,0,-78.3244,"7.30900 2.93800 0.90000, -1.15000 -6.65000 0.10000"
271,0.0000,Tx-Rx,0,-75.0816,"7.30900 2.93800 0.90000, -0.85000 -6.65000 0.10000"
272,0.0000,Tx-Rx,0,-79.8972,"7.30900 2.93800 0.90000, -0.55000 -6.65000 0.10000"
273,0.0000,Tx-Rx,0,-81.4084,"7.30900 2.93800 0.90000, -0.25000 -6.65000 0.10000"
274,0.0000,Tx-Rx,0,-69.2595,"7.30900 2.93800 0.90000, 0.05000 -6.65000 0.10000"
275,0.0000,Tx-Rx,0,-67.3825,"7.30900 2.93800 0.90000, 0.35000 -6.65000 0.10000"
276,0.0000,Tx-Rx,0,-67.4526,"7.30900 2.93800 0.90000, 0.65000 -6.65000 0.10000"
277,0.0000,Tx-Rx,0,-67.3954,"7.30900 2.93800 0.90000, 0.95000 -6.65000 0.10000"
278,0.0000,Tx-Rx,0,-67.6036,"7.30900 2.93800 0.90000, 1.25000 -6.65000 0.10000"
279,0.0000,Tx-Rx,0,-67.0702,"7.30900 2.93800 0.90000, 1.55000 -6.65000 0.10000"
280,0.0000,Tx-Rx,0,-65.7773,"7.30900 2.93800 0.90000, 1.85000 -6.65000 0.10000"
281,0.0000,Tx-Rx,0,-65.0693,"7.30900 2.93800 0.90000, 2.15000 -6.65000 0.10000"
282,0.0000,Tx-Rx,0,-64.3575,"7.30900 2.93800 0.90000, 2.45000 -6.65000 0.10000"
283,0.0000,Tx-Rx,0,-64.1964,"7.30900 2.93800 0.90000, 2.75000 -6.65000 0.10000"
284,0.0000,Tx-Rx,0,-63.7937,"7.30900 2.93800 0.90000, 3.05000 -6.65000 0.10000"
285,0.0000,Tx-Rx,0,-62.1647,"7.30900 2.93800 0.90000, 3.35000 -6.65000 0.10000"
286,0.0000,Tx-Rx,0,-63.2885,"7.30900 2.93800 0.90000, 3.65000 -6.65000 0.10000"
287,0.0000,Tx-Rx,0,-64.2452,"7.30900 2.93800 0.90000, 3.95000 -6.65000 0.10000"
288,0.0000,Tx-Rx,0,-65.2979,"7.30900 2.93800 0.90000, 4.25000 -6.65000 0.10000"
289,0.0000,Tx-Rx,0,-67.6501,"7.30900 2.93800 0.90000, 4.55000 -6.65000 0.10000"
290,0.0000,Tx-Rx,0,-70.9025,"7.30900 2.93800 0.90000, 4.85000 -6.65000 0.10000"
291,0.0000,Tx-Rx,0,-77.1526,"7.30900 2.93800 0.90000, 5.15000 -6.65000 0.10000"
292,0.0000,Tx-Rx,0,-59.1589,"7.30900 2.93800 0.90000, 5.45000 -6.65000 0.10000"
293,0.0000,Tx-Rx,0,-52.7686,"7.30900 2.93800 0.90000, 5.75000 -6.65000 0.10000"
294,0.0000,Tx-Rx,0,-53.1540,"7.30900 2.93800 0.90000, 6.05000 -6.65000 0.10000"
295,0.0000,Tx-Rx,0,-52.5737,"7.30900 2.93800 0.90000, 6.35000 -6.65000 0.10000"
296,0.0000,Tx-Rx,0,-51.4237,"7.30900 2.93800 0.90000, 6.65000 -6.65000 0.10000"
297,0.0000,Tx-Rx,0,-51.0205,"7.30900 2.93800 0.90000, 6.95000 -6.65000 0.10000"
298,0.0000,Tx-Rx,0,-52.2455,"7.30900 2.93800 0.90000, 7.25000 -6.65000 0.10000"
299,0.0000,Tx-Rx,0,-52.2736,"7.30900 2.93800 0.90000, 7.55000 -6.65000 0.10000"
300,0.0000,Tx-Rx,0,-52.1364,"7.30900 2.93800 0.90000, 7.85000 -6.65000 0.10000"
301,0.0000,Tx-Rx,0,-116.7102,"7.30900 2.93800 0.90000, -9.85000 -6.35000 0.10000"
302,0.0000,Tx-Rx,0,-110.8607,"7.30900 2.93800 0.90000, -9.55000 -6.35000 0.10000"
303,0.0000,Tx-Rx,0,-111.5973,"7.30900 2.93800 0.90000, -9.25000 -6.35000 0.10000"
304,0.0000,Tx-Rx,0,-110.5724,"7.30900 2.93800 0.90000, -8.95000 -6.35000 0.10000"
305,0.0000,Tx-Rx,0,-123.5717,"7.30900 2.93800 0.90000, -8.65000 -6.35000 0.10000"
306,0.0000,Tx-Rx,0,-103.8118,"7.30900 2.93800 0.90000, -8.35000 -6.35000 0.10000"
307,0.0000,Tx-Rx,0,-89.7128,"7.30900 2.93800 0.90000, -8.05000 -6.35000 0.10000"
308,0.0000,Tx-Rx,0,-81.3852,"7.30900 2.93800 0.90000, -7.75000 -6.35000 0.10000"
309,0.0000,Tx-Rx,0,-79.7890,"7.30900 2.93800 0.90000, -7.45000 -6.35000 0.10000"
310,0.0000,Tx-Rx,0,-76.5017,"7.30900 2.93800 0.90000, -7.15000 -6.35000 0.10000"
311,0.0000,Tx-Rx,0,-76.0010,"7.30900 2.93800 0.90000, -6.85000 -6.35000 0.10000"
312,0.0000,Tx-Rx,0,-76.6928,"7.30900 2.93800 0.90000, -6.55000 -6.35000 0.10000"
313,0.0000,Tx-Rx,0,-74.3838,"7.30900 2.93800 0.90000, -6.25000 -6.35000 0.10000"
314,0.0000,Tx-Rx,0,-74.3788,"7.30900 2.93800 0.90000, -5.95000 -6.35000 0.10000"
315,0.0000,Tx-Rx,0,-73.8469,"7.30900 2.93800 0.90000, -5.65000 -6.35000 0.10000"
316,0.0000,Tx-Rx,0,-72.9132,"7.30900 2.93800 0.90000, -5.35000 -6.35000 0.10000"
317,0.0000,Tx-Rx,0,-72.5325,"7.30900 2.93800 0.90000, -5.05000 -6.35000 0.10000"
318,0.0000,Tx-Rx,0,-72.7136,"7.30900 2.93800 0.90000, -4.75000 -6.35000 0.10000"
319,0.0000,Tx-Rx,0,-73.4037,"7.30900 2.93800 0.90000, -4.45000 -6.35000 0.10000"
320,0.0000,Tx-Rx,0,-72.3649,"7.30900 2.93800 0.90000, -4.15000 -6.35000 0.10000"
321,0.0000,Tx-Rx,0,-72.6522,"7.30900 2.93800 0.90000, -3.85000 -6.35000 0.10000"
322,0.0000,Tx-Rx,0,-74.5469,"7.30900 2.93800 0.90000, -3.55000 -6.35000 0.10000"
323,0.0000,Tx-Rx,0,-78.3015,"7.30900 2.93800 0.90000, -3.25000 -6.35000 0.10000"
324,0.0000,Tx-Rx,0,-76.9621,"7.30900 2.93800 0.90000, -2.95000 -6.35000 0.10000"
325,0.0000,Tx-Rx,0,-77.0687,"7.30900 2.93800 0.90000, -2.65000 -6.35000 0.10000"
326,0.0000,Tx-Rx,0,-78.0583,"7.30900 2.93800 0.90000, -2.35000 -6.35000 0.10000"
327,0.0000,Tx-Rx,0,-73.8099,"7.30900 2.93800 0.90000, -2.05000 -6.35000 0.10000"
328,0.0000,Tx-Rx,0,-80.6893,"7.30900 2.93800 0.90000, -1.75000 -6.35000 0.10000"
329,0.0000,Tx-Rx,0,-79.8664,"7.30900 2.93800 0.90000, -1.45000 -6.35000 0.10000"
330,0.0000,Tx-Rx,0,-74.6233,"7.30900 2.93800 0.90000, -1.15000 -6.35000 0.10000"
331,0.0000,Tx-Rx,0,-79.5070,"7.30900 2.93800 0.90000, -0.85000 -6.35000 0.10000"
332,0.0000,Tx-Rx,0,-79.8380,"7.30900 2.93800 0.90000, -0.55000 -6.35000 0.10000"
333,0.0000,Tx-Rx,0,-81.3821,"7.30900 2.93800 0.90000, -0.25000 -6.35000 0.10000"
334,0.0000,Tx-Rx,0,-69.1112,"7.30900 2.93800 0.90000, 0.05000 -6.35000 0.10000"
335,0.0000,Tx-Rx,0,-67.4048,"7.30900 2.93800 0.90000, 0.35000 -6.35000 0.10000"
336,0.0000,Tx-Rx,0,-67.3234,"7.30900 2.93800 0.90000, 0.65000 -6.35000 0.10000"
337,0.0000,Tx-Rx,0,-67.3823,"7.30900 2.93800 0.90000, 0.95000 -6.35000 0.10000"
338,0.0000,Tx-Rx,0,-66.6684,"7.30900 2.93800 0.90000, 1.25000 -6.35000 0.10000"
339,0.0000,Tx-Rx,0,-65.3796,"7.30900 2.93800 0.90000, 1.55000 -6.35000 0.10000"
340,0.0000,Tx-Rx,0,-64.8870,"7.30900 2.93800 0.90000, 1.85000 -6.35000 0.10000"
341,0.0000,Tx-Rx,0,-64.3894,"7.30900 2.93800 0.90000, 2.15000 -6.35000 0.10000"
342,0.0000,Tx-Rx,0,-64.1630,"7.30900 2.93800 0.90000, 2.45000 -6.35000 0.10000"
343,0.0000,Tx-Rx,0,-63.8947,"7.30900 2.93800 0.90000, 2.75000 -6.35000 0.10000"
344,0.0000,Tx-Rx,0,-62.0926,"7.30900 2.93800 0.90000, 3.05000 -6.35000 0.10000"
345,0.0000,Tx-Rx,0,-63.3574,"7.30900 2.93800 0.90000, 3.35000 -6.35000 0.10000"
346,0.0000,Tx-Rx,0,-64.5237,"7.30900 2.93800 0.90000, 3.65000 -6.35000 0.10000"
347,0.0000,Tx-Rx,0,-64.7130,"7.30900 2.93800 0.90000, 3.95000 -6.35000 0.10000"
348,0.0000,Tx-Rx,0,-65.6850,"7.30900 2.93800 0.90000, 4.25000 -6.35000 0.10000"
349,0.0000,Tx-Rx,0,-67.6347,"7.30900 2.93800 0.90000, 4.55000 -6.35000 0.10000"
350,0.0000,Tx-Rx,0,-68.6021,"7.30900 2.93800 0.90000, 4.85000 -6.35000 0.10000"
351,0.0000,Tx-Rx,0,-74.2837,"7.30900 2.93800 0.90000, 5.15000 -6.35000 0.10000"
352,0.0000,Tx-Rx,0,-59.0995,"7.30900 2.93800 0.90000, 5.45000 -6.35000 0.10000"
353,0.0000,Tx-Rx,0,-53.1602,"7.30900 2.93800 0.90000, 5.75000 -6.35000 0.10000"
354,0.0000,Tx-Rx,0,-52.9645,"7.30900 2.93800 0.90000, 6.05000 -6.35000 0.10000"
355,0.0000,Tx-Rx,0,-52.1724,"7.30900 2.93800 0.90000, 6.35000 -6.35000 0.10000"
356,0.0000,Tx-Rx,0,-51.0891,"7.30900 2.93800 0.90000, 6.65000 -6.35000 0.10000"
357,0.0000,Tx-Rx,0,-51.0691,"7.30900 2.93800 0.90000, 6.95000 -6.35000 0.10000"
358,0.0000,Tx-Rx,0,-52.1839,"7.30900 2.93800 0.90000, 7.25000 -6.35000 0.10000"
359,0.0000,Tx-Rx,0,-52.1040,"7.30900 2.93800 0.90000, 7.55000 -6.35000 0.10000"
360,0.0000,Tx-Rx,0,-52.0353,"7.30900 2.93800 0.90000, 7.85000 -6.35000 0.10000"
361,0.0000,Tx-Rx,0,-116.6109,"7.30900 2.93800 0.90000, -9.85000 -6.05000 0.10000"
362,0.0000,Tx-Rx,0,-116.5655,"7.30900 2.93800 0.90000, -9.55000 -6.05000 0.10000"
363,0.0000,Tx-Rx,0,-116.3802,"7.30900 2.93800 0.90000, -9.25000 -6.05000 0.10000"
364,0.0000,Tx-Rx,0,-108.2564,"7.30900 2.93800 0.90000, -8.95000 -6.05000 0.10000"
365,0.0000,Tx-Rx,0,-113.5053,"7.30900 2.93800 0.90000, -8.65000 -6.05000 0.10000"
366,0.0000,Tx-Rx,0,-111.5075,"7.30900 2.93800 0.90000, -8.35000 -6.05000 0.10000"
367,0.0000,Tx-Rx,0,-87.3336,"7.30900 2.93800 0.90000, -8.05000 -6.05000 0.10000"
368,0.0000,Tx-Rx,0,-82.5876,"7.30900 2.93800 0.90000, -7.75000 -6.05000 0.10000"
369,0.0000,Tx-Rx,0,-82.9215,"7.30900 2.93800 0.90000, -7.45000 -6.05000 0.10000"
370,0.0000,Tx-Rx,0,-82.2053,"7.30900 2.93800 0.90000, -7.15000 -6.05000 0.10000"
371,0.0000,Tx-Rx,0,-80.8144,"7.30900 2.93800 0.90000, -6.85000 -6.05000 0.10000"
372,0.0000,Tx-Rx,0,-77.4131,"7.30900 2.93800 0.90000, -6.55000 -6.05000 0.10000"
373,0.0000,Tx-Rx,0,-75.6101,"7.30900 2.93800 0.90000, -6.25000 -6.05000 0.10000"
374,0.0000,Tx-Rx,0,-72.8176,"7.30900 2.93800 0.90000, -5.95000 -6.05000 0.10000"
375,0.0000,Tx-Rx,0,-73.3107,"7.30900 2.93800 0.90000, -5.65000 -6.05000 0.10000"
376,0.0000,Tx-Rx,0,-72.4349,"7.30900 2.93800 0.90000, -5.35000 -6.05000 0.10000"
377,0.0000,Tx-Rx,0,-72.5638,"7.30900 2.93800 0.90000, -5.05000 -6.05000 0.10000"
378,0.0000,Tx-Rx,0,-70.5513,"7.30900 2.93800 0.90000, -4.75000 -6.05000 0.10000"
379,0.0000,Tx-Rx,0,-71.3022,"7.30900 2.93800 0.90000, -4.45000 -6.05000 0.10000"
380,0.0000,Tx-Rx,0,-72.2295,"7.30900 2.93800 0.90000, -4.15000 -6.05000 0.10000"
381,0.0000,Tx-Rx,0,-73.6026,"7.30900 2.93800 0.90000, -3.85000 -6.05000 0.10000"
382,0.0000,Tx-Rx,0,-74.2507,"7.30900 2.93800 0.90000, -3.55000 -6.05000 0.10000"
383,0.0000,Tx-Rx,0,-77.1734,"7.30900 2.93800 0.90000, -3.25000 -6.05000 0.10000"
384,0.0000,Tx-Rx,0,-77.7774,"7.30900 2.93800 0.90000, -2.95000 -6.05000 0.10000"
385,0.0000,Tx-Rx,0,-77.6963,"7.30900 2.93800 0.90000, -2.65000 -6.05000 0.10000"
386,0.0000,Tx-Rx,0,-79.4126,"7.30900 2.93800 0.90000, -2.35000 -6.05000 0.10000"
387,0.0000,Tx-Rx,0,-80.0042,"7.30900 2.93800 0.90000, -2.05000 -6.05000 0.10000"
388,0.0000,Tx-Rx,0,-75.7321,"7.30900 2.93800 0.90000, -1.75000 -6.05000 0.10000"
389,0.0000,Tx-Rx,0,-74.9840,"7.30900 2.93800 0.90000, -1.45000 -6.05000 0.10000"
390,0.0000,Tx-Rx,0,-77.9663,"7.30900 2.93800 0.90000, -1.15000 -6.05000 0.10000"
391,0.0000,Tx-Rx,0,-79.0955,"7.30900 2.93800 0.90000, -0.85000 -6.05000 0.10000"
392,0.0000,Tx-Rx,0,-79.4372,"7.30900 2.93800 0.90000, -0.55000 -6.05000 0.10000"
393,0.0000,Tx-Rx,0,-78.4534,"7.30900 2.93800 0.90000, -0.25000 -6.05000 0.10000"
394,0.0000,Tx-Rx,0,-68.8269,"7.30900 2.93800 0.90000, 0.05000 -6.05000 0.10000"
395,0.0000,Tx-Rx,0,-67.3439,"7.30900 2.93800 0.90000, 0.35000 -6.05000 0.10000"
396,0.0000,Tx-Rx,0,-67.2427,"7.30900 2.93800 0.90000, 0.65000 -6.05000 0.10000"
397,0.0000,Tx-Rx,0,-66.8962,"7.30900 2.93800 0.90000, 0.95000 -6.05000 0.10000"
398,0.0000,Tx-Rx,0,-65.0335,"7.30900 2.93800 0.90000, 1.25000 -6.05000 0.10000"
399,0.0000,Tx-Rx,0,-64.6038,"7.30900 2.93800 0.90000, 1.55000 -6.05000 0.10000"
400,0.0000,Tx-Rx,0,-64.4353,"7.30900 2.93800 0.90000, 1.85000 -6.05000 0.10000"
401,0.0000,Tx-Rx,0,-64.0786,"7.30900 2.93800 0.90000, 2.15000 -6.05000 0.10000"
402,0.0000,Tx-Rx,0,-63.6554,"7.30900 2.93800 0.90000, 2.45000 -6.05000 0.10000"
403,0.0000,Tx-Rx,0,-62.0597,"7.30900 2.93800 0.90000, 2.75000 -6.05000 0.10000"
404,0.0000,Tx-Rx,0,-63.7858,"7.30900 2.93800 0.90000, 3.05000 -6.05000 0.10000"
405,0.0000,Tx-Rx,0,-64.7161,"7.30900 2.93800 0.90000, 3.35000 -6.05000 0.10000"
406,0.0000,Tx-Rx,0,-64.5672,"7.30900 2.93800 0.90000, 3.65000 -6.05000 0.10000"
407,0.0000,Tx-Rx,0,-65.1914,"7.30900 2.93800 0.90000, 3.95000 -6.05000 0.10000"
408,0.0000,Tx-Rx,0,-65.5542,"7.30900 2.93800 0.90000, 4.25000 -6.05000 0.10000"
409,0.0000,Tx-Rx,0,-67.1857,"7.30900 2.93800 0.90000, 4.55000 -6.05000 0.10000"
410,0.0000,Tx-Rx,0,-67.0559,"7.30900 2.93800 0.90000, 4.85000 -6.05000 0.10000"
411,0.0000,Tx-Rx,0,-71.6506,"7.30900 2.93800 0.90000, 5.15000 -6.05000 0.10000"
412,0.0000,Tx-Rx,0,-61.9580,"7.30900 2.93800 0.90000, 5.45000 -6.05000 0.10000"
413,0.0000,Tx-Rx,0,-54.4686,"7.30900 2.93800 0.90000, 5.75000 -6.05000 0.10000"
414,0.0000,Tx-Rx,0,-55.6606,"7.30900 2.93800 0.90000, 6.05000 -6.05000 0.10000"
415,0.0000,Tx-Rx,0,-54.5989,"7.30900 2.93800 0.90000, 6.35000 -6.05000 0.10000"
416,0.0000,Tx-Rx,0,-53.2519,"7.30900 2.93800 0.90000, 6.65000 -6.05000 0.10000"
417,0.0000,Tx-Rx,0,-54.2154,"7.30900 2.93800 0.90000, 6.95000 -6.05000 0.10000"
418,0.0000,Tx-Rx,0,-56.1203,"7.30900 2.93800 0.90000, 7.25000 -6.05000 0.10000"
419,0.0000,Tx-Rx,0,-55.5257,"7.30900 2.93800 0.90000, 7.55000 -6.05000 0.10000"
420,0.0000,Tx-Rx,0,-56.0440,"7.30900 2.93800 0.90000, 7.85000 -6.05000 0.10000"
421,0.0000,Tx-Rx,0,-114.9416,"7.30900 2.93800 0.90000, -9.85000 -5.75000 0.10000"
422,0.0000,Tx-Rx,0,-113.8517,"7.30900 2.93800 0.90000, -9.55000 -5.75000 0.10000"
423,0.0000,Tx-Rx,0,-111.9537,"7.30900 2.93800 0.90000, -9.25000 -5.75000 0.10000"
424,0.0000,Tx-Rx,0,-112.0190,"7.30900 2.93800 0.90000, -8.95000 -5.75000 0.10000"
425,0.0000,Tx-Rx,0,-113.9209,"7.30900 2.93800 0.90000, -8.65000 -5.75000 0.10000"
426,0.0000,Tx-Rx,0,-114.9833,"7.30900 2.93800 0.90000, -8.35000 -5.75000 0.10000"
427,0.0000,Tx-Rx,0,-85.5011,"7.30900 2.93800 0.90000, -8.05000 -5.75000 0.10000"
428,0.0000,Tx-Rx,0,-82.7320,"7.30900 2.93800 0.90000, -7.75000 -5.75000 0.10000"
429,0.0000,Tx-Rx,0,-80.6456,"7.30900 2.93800 0.90000, -7.45000 -5.75000 0.10000"
430,0.0000,Tx-Rx,0,-83.4377,"7.30900 2.93800 0.90000, -7.15000 -5.75000 0.10000"
431,0.0000,Tx-Rx,0,-82.5530,"7.30900 2.93800 0.90000, -6.85000 -5.75000 0.10000"
432,0.0000,Tx-Rx,0,-80.3513,"7.30900 2.93800 0.90000, -6.55000 -5.75000 0.10000"
433,0.0000,Tx-Rx,0,-82.9636,"7.30900 2.93800 0.90000, -6.25000 -5.75000 0.10000"
434,0.0000,Tx-Rx,0,-77.2766,"7.30900 2.93800 0.90000, -5.95000 -5.75000 0.10000"
435,0.0000,Tx-Rx,0,-72.9996,"7.30900 2.93800 0.90000, -5.65000 -5.75000 0.10000"
436,0.0000,Tx-Rx,0,-71.9330,"7.30900 2.93800 0.90000, -5.35000 -5.75000 0.10000"
437,0.0000,Tx-Rx,0,-70.5189,"7.30900 2.93800 0.90000, -5.05000 -5.75000 0.10000"
438,0.0000,Tx-Rx,0,-71.2342,"7.30900 2.93800 0.90000, -4.75000 -5.75000 0.10000"
439,0.0000,Tx-Rx,0,-70.8909,"7.30900 2.93800 0.90000, -4.45000 -5.75000 0.10000"
440,0.0000,Tx-Rx,0,-71.7289,"7.30900 2.93800 0.90000, -4.15000 -5.75000 0.10000"
441,0.0000,Tx-Rx,0,-72.9288,"7.30900 2.93800 0.90000, -3.85000 -5.75000 0.10000"
442,0.0000,Tx-Rx,0,-73.1761,"7.30900 2.93800 0.90000, -3.55000 -5.75000 0.10000"
443,0.0000,Tx-Rx,0,-74.3071,"7.30900 2.93800 0.90000, -3.25000 -5.75000 0.10000"
444,0.0000,Tx-Rx,0,-78.5768,"7.30900 2.93800 0.90000, -2.95000 -5.75000 0.10000"
445,0.0000,Tx-Rx,0,-78.9718,"7.30900 2.93800 0.90000, -2.65000 -5.75000 0.10000"
446,0.0000,Tx-Rx,0,-79.8747,"7.30900 2.93800 0.90000, -2.35000 -5.75000 0.10000"
447,0.0000,Tx-Rx,0,-78.2992,"7.30900 2.93800 0.90000, -2.05000 -5.75000 0.10000"
448,0.0000,Tx-Rx,0,-72.4852,"7.30900 2.93800 0.90000, -1.75000 -5.75000 0.10000"
449,0.0000,Tx-Rx,0,-77.5940,"7.30900 2.93800 0.90000, -1.45000 -5.75000 0.10000"
450,0.0000,Tx-Rx,0,-76.3046,"7.30900 2.93800 0.90000, -1.15000 -5.75000 0.10000"
451,0.0000,Tx-Rx,0,-76.0786,"7.30900 2.93800 0.90000, -0.85000 -5.75000 0.10000"
452,0.0000,Tx-Rx,0,-78.4907,"7.30900 2.93800 0.90000, -0.55000 -5.75000 0.10000"
453,0.0000,Tx-Rx,0,-79.3894,"7.30900 2.93800 0.90000, -0.25000 -5.75000 0.10000"
454,0.0000,Tx-Rx,0,-68.8062,"7.30900 2.93800 0.90000, 0.05000 -5.75000 0.10000"
455,0.0000,Tx-Rx,0,-67.2060,"7.30900 2.93800 0.90000, 0.35000 -5.75000 0.10000"
456,0.0000,Tx-Rx,0,-66.9458,"7.30900 2.93800 0.90000, 0.65000 -5.75000 0.10000"
457,0.0000,Tx-Rx,0,-65.1127,"7.30900 2.93800 0.90000, 0.95000 -5.75000 0.10000"
458,0.0000,Tx-Rx,0,-64.5640,"7.30900 2.93800 0.90000, 1.25000 -5.75000 0.10000"
459,0.0000,Tx-Rx,0,-64.0934,"7.30900 2.93800 0.90000, 1.55000 -5.75000 0.10000"
460,0.0000,Tx-Rx,0,-64.2713,"7.30900 2.93800 0.90000, 1.85000 -5.75000 0.10000"
461,0.0000,Tx-Rx,0,-63.2346,"7.30900 2.93800 0.90000, 2.15000 -5.75000 0.10000"
462,0.0000,Tx-Rx,0,-62.0084,"7.30900 2.93800 0.90000, 2.45000 -5.75000 0.10000"
463,0.0000,Tx-Rx,0,-63.9285,"7.30900 2.93800 0.90000, 2.75000 -5.75000 0.10000"
464,0.0000,Tx-Rx,0,-64.7944,"7.30900 2.93800 0.90000, 3.05000 -5.75000 0.10000"
465,0.0000,Tx-Rx,0,-64.8633,"7.30900 2.93800 0.90000, 3.35000 -5.75000 0.10000"
466,0.0000,Tx-Rx,0,-65.2451,"7.30900 2.93800 0.90000, 3.65000 -5.75000 0.10000"
467,0.0000,Tx-Rx,0,-65.5097,"7.30900 2.93800 0.90000, 3.95000 -5.75000 0.10000"
468,0.0000,Tx-Rx,0,-65.3311,"7.30900 2.93800 0.90000, 4.25000 -5.75000 0.10000"
469,0.0000,Tx-Rx,0,-65.0412,"7.30900 2.93800 0.90000, 4.55000 -5.75000 0.10000"
470,0.0000,Tx-Rx,0,-67.0302,"7.30900 2.93800 0.90000, 4.85000 -5.75000 0.10000"
471,0.0000,Tx-Rx,0,-72.5368,"7.30900 2.93800 0.90000, 5.15000 -5.75000 0.10000"
472,0.0000,Tx-Rx,0,-63.4573,"7.30900 2.93800 0.90000, 5.45000 -5.75000 0.10000"
473,0.0000,Tx-Rx,0,-55.1787,"7.30900 2.93800 0.90000, 5.75000 -5.75000 0.10000"
474,0.0000,Tx-Rx,0,-56.8597,"7.30900 2.93800 0.90000, 6.05000 -5.75000 0.10000"
475,0.0000,Tx-Rx,0,-55.2060,"7.30900 2.93800 0.90000, 6.35000 -5.75000 0.10000"
476,0.0000,Tx-Rx,0,-54.1706,"7.30900 2.93800 0.90000, 6.65000 -5.75000 0.10000"
477,0.0000,Tx-Rx,0,-56.5389,"7.30900 2.93800 0.90000, 6.95000 -5.75000 0.10000"
478,0.0000,Tx-Rx,0,-58.5985,"7.30900 2.93800 0.90000, 7.25000 -5.75000 0.10000"
479,0.0000,Tx-Rx,0,-58.0199,"7.30900 2.93800 0.90000, 7.55000 -5.75000 0.10000"
480,0.0000,Tx-Rx,0,-58.2321,"7.30900 2.93800 0.90000, 7.85000 -5.75000 0.10000"
481,0.0000,Tx-Rx,0,-99.9023,"7.30900 2.93800 0.90000, -9.85000 -5.45000 0.10000"
482,0.0000,Tx-Rx,0,-111.4194,"7.30900 2.93800 0.90000, -9.55000 -5.45000 0.10000"
483,0.0000,Tx-Rx,0,-111.4110,"7.30900 2.93800 0.90000, -9.25000 -5.45000 0.10000"
484,0.0000,Tx-Rx,0,-111.5714,"7.30900 2.93800 0.90000, -8.95000 -5.45000 0.10000"
485,0.0000,Tx-Rx,0,-121.7245,"7.30900 2.93800 0.90000, -8.65000 -5.45000 0.10000"
486,0.0000,Tx-Rx,0,-120.2548,"7.30900 2.93800 0.90000, -8.35000 -5.45000 0.10000"
487,0.0000,Tx-Rx,0,-86.8099,"7.30900 2.93800 0.90000, -8.05000 -5.45000 0.10000"
488,0.0000,Tx-Rx,0,-80.3518,"7.30900 2.93800 0.90000, -7.75000 -5.45000 0.10000"
489,0.0000,Tx-Rx,0,-81.6416,"7.30900 2.93800 0.90000, -7.45000 -5.45000 0.10000"
490,0.0000,Tx-Rx,0,-82.7358,"7.30900 2.93800 0.90000, -7.15000 -5.45000 0.10000"
491,0.0000,Tx-Rx,0,-81.1929,"7.30900 2.93800 0.90000, -6.85000 -5.45000 0.10000"
492,0.0000,Tx-Rx,0,-80.9646,"7.30900 2.93800 0.90000, -6.55000 -5.45000 0.10000"
493,0.0000,Tx-Rx,0,-79.4936,"7.30900 2.93800 0.90000, -6.25000 -5.45000 0.10000"
494,0.0000,Tx-Rx,0,-76.0246,"7.30900 2.93800 0.90000, -5.95000 -5.45000 0.10000"
495,0.0000,Tx-Rx,0,-72.7149,"7.30900 2.93800 0.90000, -5.65000 -5.45000 0.10000"
496,0.0000,Tx-Rx,0,-72.8906,"7.30900 2.93800 0.90000, -5.35000 -5.45000 0.10000"
497,0.0000,Tx-Rx,0,-72.8097,"7.30900 2.93800 0.90000, -5.05000 -5.45000 0.10000"
498,0.0000,Tx-Rx,0,-70.7413,"7.30900 2.93800 0.90000, -4.75000 -5.45000 0.10000"
499,0.0000,Tx-Rx,0,-70.8630,"7.30900 2.93800 0.90000, -4.45000 -5.45000 0.10000"
500,0.0000,Tx-Rx,0,-72.0954,"7.30900 2.93800 0.90000, -4.15000 -5.45000 0.10000"
501,0.0000,Tx-Rx,0,-72.7532,"7.30900 2.93800 0.90000, -3.85000 -5.45000 0.10000"
502,0.0000,Tx-Rx,0,-72.7166,"7.30900 2.93800 0.90000, -3.55000 -5.45000 0.10000"
503,0.0000,Tx-Rx,0,-72.7529,"7.30900 2.93800 0.90000, -3.25000 -5.45000 0.10000"
504,0.0000,Tx-Rx,0,-74.3533,"7.30900 2.93800 0.90000, -2.95000 -5.45000 0.10000"
505,0.0000,Tx-Rx,0,-77.2550,"7.30900 2.93800 0.90000, -2.65000 -5.45000 0.10000"
506,0.0000,Tx-Rx,0,-76.2674,"7.30900 2.93800 0.90000, -2.35000 -5.45000 0.10000"
507,0.0000,Tx-Rx,0,-74.1597,"7.30900 2.93800 0.90000, -2.05000 -5.45000 0.10000"
508,0.0000,Tx-Rx,0,-75.7930,"7.30900 2.93800 0.90000, -1.75000 -5.45000 0.10000"
509,0.0000,Tx-Rx,0,-76.3283,"7.30900 2.93800 0.90000, -1.45000 -5.45000 0.10000"
510,0.0000,Tx-Rx,0,-77.4114,"7.30900 2.93800 0.90000, -1.15000 -5.45000 0.10000"
511,0.0000,Tx-Rx,0,-77.6479,"7.30900 2.93800 0.90000, -0.85000 -5.45000 0.10000"
512,0.0000,Tx-Rx,0,-77.9451,"7.30900 2.93800 0.90000, -0.55000 -5.45000 0.10000"
513,0.0000,Tx-Rx,0,-77.3386,"7.30900 2.93800 0.90000, -0.25000 -5.45000 0.10000"
514,0.0000,Tx-Rx,0,-68.4709,"7.30900 2.93800 0.90000, 0.05000 -5.45000 0.10000"
515,0.0000,Tx-Rx,0,-66.9364,"7.30900 2.93800 0.90000, 0.35000 -5.45000 0.10000"
516,0.0000,Tx-Rx,0,-65.0319,"7.30900 2.93800 0.90000, 0.65000 -5.45000 0.10000"
517,0.0000,Tx-Rx,0,-64.7979,"7.30900 2.93800 0.90000, 0.95000 -5.45000 0.10000"
518,0.0000,Tx-Rx,0,-64.0589,"7.30900 2.93800 0.90000, 1.25000 -5.45000 0.10000"
519,0.0000,Tx-Rx,0,-63.7022,"7.30900 2.93800 0.90000, 1.55000 -5.45000 0.10000"
520,0.0000,Tx-Rx,0,-63.2383,"7.30900 2.93800 0.90000, 1.85000 -5.45000 0.10000"
521,0.0000,Tx-Rx,0,-62.1032,"7.30900 2.93800 0.90000, 2.15000 -5.45000 0.10000"
522,0.0000,Tx-Rx,0,-64.4861,"7.30900 2.93800 0.90000, 2.45000 -5.45000 0.10000"
523,0.0000,Tx-Rx,0,-65.1922,"7.30900 2.93800 0.90000, 2.75000 -5.45000 0.10000"
524,0.0000,Tx-Rx,0,-65.2146,"7.30900 2.93800 0.90000, 3.05000 -5.45000 0.10000"
525,0.0000,Tx-Rx,0,-66.1059,"7.30900 2.93800 0.90000, 3.35000 -5.45000 0.10000"
526,0.0000,Tx-Rx,0,-66.4470,"7.30900 2.93800 0.90000, 3.65000 -5.45000 0.10000"
527,0.0000,Tx-Rx,0,-65.7822,"7.30900 2.93800 0.90000, 3.95000 -5.45000 0.10000"
528,0.0000,Tx-Rx,0,-64.4427,"7.30900 2.93800 0.90000, 4.25000 -5.45000 0.10000"
529,0.0000,Tx-Rx,0,-64.1882,"7.30900 2.93800 0.90000, 4.55000 -5.45000 0.10000"
530,0.0000,Tx-Rx,0,-67.2164,"7.30900 2.93800 0.90000, 4.85000 -5.45000 0.10000"
531,0.0000,Tx-Rx,0,-74.3465,"7.30900 2.93800 0.90000, 5.15000 -5.45000 0.10000"
532,0.0000,Tx-Rx,0,-63.6433,"7.30900 2.93800 0.90000, 5.45000 -5.45000 0.10000"
533,0.0000,Tx-Rx,0,-56.3870,"7.30900 2.93800 0.90000, 5.75000 -5.45000 0.10000"
534,0.0000,Tx-Rx,0,-55.8912,"7.30900 2.93800 0.90000, 6.05000 -5.45000 0.10000"
535,0.0000,Tx-Rx,0,-54.4922,"7.30900 2.93800 0.90000, 6.35000 -5.45000 0.10000"
536,0.0000,Tx-Rx,0,-54.1116,"7.30900 2.93800 0.90000, 6.65000 -5.45000 0.10000"
537,0.0000,Tx-Rx,0,-57.5799,"7.30900 2.93800 0.90000, 6.95000 -5.45000 0.10000"
538,0.0000,Tx-Rx,0,-58.3486,"7.30900 2.93800 0.90000, 7.25000 -5.45000 0.10000"
539,0.0000,Tx-Rx,0,-58.0890,"7.30900 2.93800 0.90000, 7.55000 -5.45000 0.10000"
540,0.0000,Tx-Rx,0,-57.9905,"7.30900 2.93800 0.90000, 7.85000 -5.45000 0.10000"
541,0.0000,Tx-Rx,0,-94.5604,"7.30900 2.93800 0.90000, -9.85000 -5.15000 0.10000"
542,0.0000,Tx-Rx,0,-97.7850,"7.30900 2.93800 0.90000, -9.55000 -5.15000 0.10000"
543,0.0000,Tx-Rx,0,-110.1492,"7.30900 2.93800 0.90000, -9.25000 -5.15000 0.10000"
544,0.0000,Tx-Rx,0,-126.4713,"7.30900 2.93800 0.90000, -8.95000 -5.15000 0.10000"
545,0.0000,Tx-Rx,0,-98.8905,"7.30900 2.93800 0.90000, -8.65000 -5.15000 0.10000"
546,0.0000,Tx-Rx,0,-114.8742,"7.30900 2.93800 0.90000, -8.35000 -5.15000 0.10000"
547,0.0000,Tx-Rx,0,-82.6466,"7.30900 2.93800 0.90000, -8.05000 -5.15000 0.10000"
548,0.0000,Tx-Rx,0,-79.9829,"7.30900 2.93800 0.90000, -7.75000 -5.15000 0.10000"
549,0.0000,Tx-Rx,0,-82.9370,"7.30900 2.93800 0.90000, -7.45000 -5.15000 0.10000"
550,0.0000,Tx-Rx,0,-81.0956,"7.30900 2.93800 0.90000, -7.15000 -5.15000 0.10000"
551,0.0000,Tx-Rx,0,-80.3202,"7.30900 2.93800 0.90000, -6.85000 -5.15000 0.10000"
552,0.0000,Tx-Rx,0,-79.0648,"7.30900 2.93800 0.90000, -6.55000 -5.15000 0.10000"
553,0.0000,Tx-Rx,0,-74.7199,"7.30900 2.93800 0.90000, -6.25000 -5.15000 0.10000"
554,0.0000,Tx-Rx,0,-75.5023,"7.30900 2.93800 0.90000, -5.95000 -5.15000 0.10000"
555,0.0000,Tx-Rx,0,-76.9142,"7.30900 2.93800 0.90000, -5.65000 -5.15000 0.10000"
556,0.0000,Tx-Rx,0,-73.9705,"7.30900 2.93800 0.90000, -5.35000 -5.15000 0.10000"
557,0.0000,Tx-Rx,0,-73.1756,"7.30900 2.93800 0.90000, -5.05000 -5.15000 0.10000"
558,0.0000,Tx-Rx,0,-71.6899,"7.30900 2.93800 0.90000, -4.75000 -5.15000 0.10000"
559,0.0000,Tx-Rx,0,-71.4162,"7.30900 2.93800 0.90000, -4.45000 -5.15000 0.10000"
560,0.0000,Tx-Rx,0,-71.2617,"7.30900 2.93800 0.90000, -4.15000 -5.15000 0.10000"
561,0.0000,Tx-Rx,0,-72.6038,"7.30900 2.93800 0.90000, -3.85000 -5.15000 0.10000"
562,0.0000,Tx-Rx,0,-73.1650,"7.30900 2.93800 0.90000, -3.55000 -5.15000 0.10000"
563,0.0000,Tx-Rx,0,-72.4924,"7.30900 2.93800 0.90000, -3.25000 -5.15000 0.10000"
564,0.0000,Tx-Rx,0,-72.3844,"7.30900 2.93800 0.90000, -2.95000 -5.15000 0.10000"
565,0.0000,Tx-Rx,0,-73.9623,"7.30900 2.93800 0.90000, -2.65000 -5.15000 0.10000"
566,0.0000,Tx-Rx,0,-71.5589,"7.30900 2.93800 0.90000, -2.35000 -5.15000 0.10000"
567,0.0000,Tx-Rx,0,-73.6201,"7.30900 2.93800 0.90000, -2.05000 -5.15000 0.10000"
568,0.0000,Tx-Rx,0,-73.2538,"7.30900 2.93800 0.90000, -1.75000 -5.15000 0.10000"
569,0.0000,Tx-Rx,0,-76.8850,"7.30900 2.93800 0.90000, -1.45000 -5.15000 0.10000"
570,0.0000,Tx-Rx,0,-77.4273,"7.30900 2.93800 0.90000, -1.15000 -5.15000 0.10000"
571,0.0000,Tx-Rx,0,-76.7318,"7.30900 2.93800 0.90000, -0.85000 -5.15000 0.10000"
572,0.0000,Tx-Rx,0,-75.2123,"7.30900 2.93800 0.90000, -0.55000 -5.15000 0.10000"
573,0.0000,Tx-Rx,0,-75.0462,"7.30900 2.93800 0.90000, -0.25000 -5.15000 0.10000"
574,0.0000,Tx-Rx,0,-68.0682,"7.30900 2.93800 0.90000, 0.05000 -5.15000 0.10000"
575,0.0000,Tx-Rx,0,-64.7802,"7.30900 2.93800 0.90000, 0.35000 -5.15000 0.10000"
576,0.0000,Tx-Rx,0,-64.8670,"7.30900 2.93800 0.90000, 0.65000 -5.15000 0.10000"
577,0.0000,Tx-Rx,0,-64.8456,"7.30900 2.93800 0.90000, 0.95000 -5.15000 0.10000"
578,0.0000,Tx-Rx,0,-63.6492,"7.30900 2.93800 0.90000, 1.25000 -5.15000 0.10000"
579,0.0000,Tx-Rx,0,-62.6034,"7.30900 2.93800 0.90000, 1.55000 -5.15000 0.10000"
580,0.0000,Tx-Rx,0,-62.3446,"7.30900 2.93800 0.90000, 1.85000 -5.15000 0.10000"
581,0.0000,Tx-Rx,0,-65.2720,"7.30900 2.93800 0.90000, 2.15000 -5.15000 0.10000"
582,0.0000,Tx-Rx,0,-66.6073,"7.30900 2.93800 0.90000, 2.45000 -5.15000 0.10000"
583,0.0000,Tx-Rx,0,-66.7982,"7.30900 2.93800 0.90000, 2.75000 -5.15000 0.10000"
584,0.0000,Tx-Rx,0,-68.2463,"7.30900 2.93800 0.90000, 3.05000 -5.15000 0.10000"
585,0.0000,Tx-Rx,0,-69.6305,"7.30900 2.93800 0.90000, 3.35000 -5.15000 0.10000"
586,0.0000,Tx-Rx,0,-69.7788,"7.30900 2.93800 0.90000, 3.65000 -5.15000 0.10000"
587,0.0000,Tx-Rx,0,-67.4685,"7.30900 2.93800 0.90000, 3.95000 -5.15000 0.10000"
588,0.0000,Tx-Rx,0,-64.9581,"7.30900 2.93800 0.90000, 4.25000 -5.15000 0.10000"
589,0.0000,Tx-Rx,0,-64.7242,"7.30900 2.93800 0.90000, 4.55000 -5.15000 0.10000"
590,0.0000,Tx-Rx,0,-68.2025,"7.30900 2.93800 0.90000, 4.85000 -5.15000 0.10000"
591,0.0000,Tx-Rx,0,-69.0224,"7.30900 2.93800 0.90000, 5.15000 -5.15000 0.10000"
592,0.0000,Tx-Rx,0,-61.7868,"7.30900 2.93800 0.90000, 5.45000 -5.15000 0.10000"
593,0.0000,Tx-Rx,0,-57.2070,"7.30900 2.93800 0.90000, 5.75000 -5.15000 0.10000"
594,0.0000,Tx-Rx,0,-54.7368,"7.30900 2.93800 0.90000, 6.05000 -5.15000 0.10000"
595,0.0000,Tx-Rx,0,-54.4345,"7.30900 2.93800 0.90000, 6.35000 -5.15000 0.10000"
596,0.0000,Tx-Rx,0,-54.3756,"7.30900 2.93800 0.90000, 6.65000 -5.15000 0.10000"
597,0.0000,Tx-Rx,0,-58.5437,"7.30900 2.93800 0.90000, 6.95000 -5.15000 0.10000"
598,0.0000,Tx-Rx,0,-58.6422,"7.30900 2.93800 0.90000, 7.25000 -5.15000 0.10000"
599,0.0000,Tx-Rx,0,-58.4260,"7.30900 2.93800 0.90000, 7.55000 -5.15000 0.10000"
600,0.0000,Tx-Rx,0,-58.1111,"7.30900 2.93800 0.90000, 7.85000 -5.15000 0.10000"
601,0.0000,Tx-Rx,0,-105.6949,"7.30900 2.93800 0.90000, -9.85000 -4.85000 0.10000"
602,0.0000,Tx-Rx,0,-99.9343,"7.30900 2.93800 0.90000, -9.55000 -4.85000 0.10000"
603,0.0000,Tx-Rx,0,-88.1847,"7.30900 2.93800 0.90000, -9.25000 -4.85000 0.10000"
604,0.0000,Tx-Rx,0,-128.0845,"7.30900 2.93800 0.90000, -8.95000 -4.85000 0.10000"
605,0.0000,Tx-Rx,0,-114.1649,"7.30900 2.93800 0.90000, -8.65000 -4.85000 0.10000"
606,0.0000,Tx-Rx,0,-94.9960,"7.30900 2.93800 0.90000, -8.35000 -4.85000 0.10000"
607,0.0000,Tx-Rx,0,-81.5853,"7.30900 2.93800 0.90000, -8.05000 -4.85000 0.10000"
608,0.0000,Tx-Rx,0,-77.6809,"7.30900 2.93800 0.90000, -7.75000 -4.85000 0.10000"
609,0.0000,Tx-Rx,0,-79.0014,"7.30900 2.93800 0.90000, -7.45000 -4.85000 0.10000"
610,0.0000,Tx-Rx,0,-81.2020,"7.30900 2.93800 0.90000, -7.15000 -4.85000 0.10000"
611,0.0000,Tx-Rx,0,-75.9792,"7.30900 2.93800 0.90000, -6.85000 -4.85000 0.10000"
612,0.0000,Tx-Rx,0,-74.6518,"7.30900 2.93800 0.90000, -6.55000 -4.85000 0.10000"
613,0.0000,Tx-Rx,0,-75.4241,"7.30900 2.93800 0.90000, -6.25000 -4.85000 0.10000"
614,0.0000,Tx-Rx,0,-77.1505,"7.30900 2.93800 0.90000, -5.95000 -4.85000 0.10000"
615,0.0000,Tx-Rx,0,-78.4649,"7.30900 2.93800 0.90000, -5.65000 -4.85000 0.10000"
616,0.0000,Tx-Rx,0,-75.9238,"7.30900 2.93800 0.90000, -5.35000 -4.85000 0.10000"
617,0.0000,Tx-Rx,0,-73.0304,"7.30900 2.93800 0.90000, -5.05000 -4.85000 0.10000"
618,0.0000,Tx-Rx,0,-73.6902,"7.30900 2.93800 0.90000, -4.75000 -4.85000 0.10000"
619,0.0000,Tx-Rx,0,-73.0818,"7.30900 2.93800 0.90000, -4.45000 -4.85000 0.10000"
620,0.0000,Tx-Rx,0,-72.4790,"7.30900 2.93800 0.90000, -4.15000 -4.85000 0.10000"
621,0.0000,Tx-Rx,0,-72.3690,"7.30900 2.93800 0.90000, -3.85000 -4.85000 0.10000"
622,0.0000,Tx-Rx,0,-71.8124,"7.30900 2.93800 0.90000, -3.55000 -4.85000 0.10000"
623,0.0000,Tx-Rx,0,-72.1827,"7.30900 2.93800 0.90000, -3.25000 -4.85000 0.10000"
624,0.0000,Tx-Rx,0,-71.2170,"7.30900 2.93800 0.90000, -2.95000 -4.85000 0.10000"
625,0.0000,Tx-Rx,0,-71.8113,"7.30900 2.93800 0.90000, -2.65000 -4.85000 0.10000"
626,0.0000,Tx-Rx,0,-73.1029,"7.30900 2.93800 0.90000, -2.35000 -4.85000 0.10000"
627,0.0000,Tx-Rx,0,-73.0896,"7.30900 2.93800 0.90000, -2.05000 -4.85000 0.10000"
628,0.0000,Tx-Rx,0,-72.4118,"7.30900 2.93800 0.90000, -1.75000 -4.85000 0.10000"
629,0.0000,Tx-Rx,0,-73.8093,"7.30900 2.93800 0.90000, -1.45000 -4.85000 0.10000"
630,0.0000,Tx-Rx,0,-74.2182,"7.30900 2.93800 0.90000, -1.15000 -4.85000 0.10000"
631,0.0000,Tx-Rx,0,-75.6418,"7.30900 2.93800 0.90000, -0.85000 -4.85000 0.10000"
632,0.0000,Tx-Rx,0,-75.1334,"7.30900 2.93800 0.90000, -0.55000 -4.85000 0.10000"
633,0.0000,Tx-Rx,0,-74.5597,"7.30900 2.93800 0.90000, -0.25000 -4.85000 0.10000"
634,0.0000,Tx-Rx,0,-64.0612,"7.30900 2.93800 0.90000, 0.05000 -4.85000 0.10000"
635,0.0000,Tx-Rx,0,-64.5207,"7.30900 2.93800 0.90000, 0.35000 -4.85000 0.10000"
636,0.0000,Tx-Rx,0,-64.5572,"7.30900 2.93800 0.90000, 0.65000 -4.85000 0.10000"
637,0.0000,Tx-Rx,0,-63.6257,"7.30900 2.93800 0.90000, 0.95000 -4.85000 0.10000"
638,0.0000,Tx-Rx,0,-61.9973,"7.30900 2.93800 0.90000, 1.25000 -4.85000 0.10000"
639,0.0000,Tx-Rx,0,-62.2125,"7.30900 2.93800 0.90000, 1.55000 -4.85000 0.10000"
640,0.0000,Tx-Rx,0,-64.6280,"7.30900 2.93800 0.90000, 1.85000 -4.85000 0.10000"
641,0.0000,Tx-Rx,0,-66.0130,"7.30900 2.93800 0.90000, 2.15000 -4.85000 0.10000"
642,0.0000,Tx-Rx,0,-67.0684,"7.30900 2.93800 0.90000, 2.45000 -4.85000 0.10000"
643,0.0000,Tx-Rx,0,-69.5478,"7.30900 2.93800 0.90000, 2.75000 -4.85000 0.10000"
644,0.0000,Tx-Rx,0,-71.9248,"7.30900 2.93800 0.90000, 3.05000 -4.85000 0.10000"
645,0.0000,Tx-Rx,0,-71.2704,"7.30900 2.93800 0.90000, 3.35000 -4.85000 0.10000"
646,0.0000,Tx-Rx,0,-68.6658,"7.30900 2.93800 0.90000, 3.65000 -4.85000 0.10000"
647,0.0000,Tx-Rx,0,-68.3909,"7.30900 2.93800 0.90000, 3.95000 -4.85000 0.10000"
648,0.0000,Tx-Rx,0,-68.1156,"7.30900 2.93800 0.90000, 4.25000 -4.85000 0.10000"
649,0.0000,Tx-Rx,0,-64.9928,"7.30900 2.93800 0.90000, 4.55000 -4.85000 0.10000"
650,0.0000,Tx-Rx,0,-71.7695,"7.30900 2.93800 0.90000, 4.85000 -4.85000 0.10000"
651,0.0000,Tx-Rx,0,-67.5872,"7.30900 2.93800 0.90000, 5.15000 -4.85000 0.10000"
652,0.0000,Tx-Rx,0,-61.0203,"7.30900 2.93800 0.90000, 5.45000 -4.85000 0.10000"
653,0.0000,Tx-Rx,0,-57.3306,"7.30900 2.93800 0.90000, 5.75000 -4.85000 0.10000"
654,0.0000,Tx-Rx,0,-53.9260,"7.30900 2.93800 0.90000, 6.05000 -4.85000 0.10000"
655,0.0000,Tx-Rx,0,-53.7653,"7.30900 2.93800 0.90000, 6.35000 -4.85000 0.10000"
656,0.0000,Tx-Rx,0,-55.3690,"7.30900 2.93800 0.90000, 6.65000 -4.85000 0.10000"
657,0.0000,Tx-Rx,0,-58.9468,"7.30900 2.93800 0.90000, 6.95000 -4.85000 0.10000"
658,0.0000,Tx-Rx,0,-58.5752,"7.30900 2.93800 0.90000, 7.25000 -4.85000 0.10000"
659,0.0000,Tx-Rx,0,-58.2525,"7.30900 2.93800 0.90000, 7.55000 -4.85000 0.10000"
660,0.0000,Tx-Rx,0,-58.0892,"7.30900 2.93800 0.90000, 7.85000 -4.85000 0.10000"
661,0.0000,Tx-Rx,0,-100.7420,"7.30900 2.93800 0.90000, -9.85000 -4.55000 0.10000"
662,0.0000,Tx-Rx,0,-93.7130,"7.30900 2.93800 0.90000, -9.55000 -4.55000 0.10000"
663,0.0000,Tx-Rx,0,-104.0638,"7.30900 2.93800 0.90000, -9.25000 -4.55000 0.10000"
664,0.0000,Tx-Rx,0,-98.0788,"7.30900 2.93800 0.90000, -8.95000 -4.55000 0.10000"
665,0.0000,Tx-Rx,0,-95.2654,"7.30900 2.93800 0.90000, -8.65000 -4.55000 0.10000"
666,0.0000,Tx-Rx,0,-112.1462,"7.30900 2.93800 0.90000, -8.35000 -4.55000 0.10000"
667,0.0000,Tx-Rx,0,-86.3920,"7.30900 2.93800 0.90000, -8.05000 -4.55000 0.10000"
668,0.0000,Tx-Rx,0,-82.1555,"7.30900 2.93800 0.90000, -7.75000 -4.55000 0.10000"
669,0.0000,Tx-Rx,0,-75.5133,"7.30900 2.93800 0.90000, -7.45000 -4.55000 0.10000"
670,0.0000,Tx-Rx,0,-73.4203,"7.30900 2.93800 0.90000, -7.15000 -4.55000 0.10000"
671,0.0000,Tx-Rx,0,-75.2386,"7.30900 2.93800 0.90000, -6.85000 -4.55000 0.10000"
672,0.0000,Tx-Rx,0,-75.8947,"7.30900 2.93800 0.90000, -6.55000 -4.55000 0.10000"
673,0.0000,Tx-Rx,0,-75.8390,"7.30900 2.93800 0.90000, -6.25000 -4.55000 0.10000"
674,0.0000,Tx-Rx,0,-77.1652,"7.30900 2.93800 0.90000, -5.95000 -4.55000 0.10000"
675,0.0000,Tx-Rx,0,-78.7396,"7.30900 2.93800 0.90000, -5.65000 -4.55000 0.10000"
676,0.0000,Tx-Rx,0,-76.3698,"7.30900 2.93800 0.90000, -5.35000 -4.55000 0.10000"
677,0.0000,Tx-Rx,0,-74.0316,"7.30900 2.93800 0.90000, -5.05000 -4.55000 0.10000"
678,0.0000,Tx-Rx,0,-74.7542,"7.30900 2.93800 0.90000, -4.75000 -4.55000 0.10000"
679,0.0000,Tx-Rx,0,-72.9125,"7.30900 2.93800 0.90000, -4.45000 -4.55000 0.10000"
680,0.0000,Tx-Rx,0,-72.3110,"7.30900 2.93800 0.90000, -4.15000 -4.55000 0.10000"
681,0.0000,Tx-Rx,0,-71.8797,"7.30900 2.93800 0.90000, -3.85000 -4.55000 0.10000"
682,0.0000,Tx-Rx,0,-72.8652,"7.30900 2.93800 0.90000, -3.55000 -4.55000 0.10000"
683,0.0000,Tx-Rx,0,-72.0213,"7.30900 2.93800 0.90000, -3.25000 -4.55000 0.10000"
684,0.0000,Tx-Rx,0,-70.8457,"7.30900 2.93800 0.90000, -2.95000 -4.55000 0.10000"
685,0.0000,Tx-Rx,0,-71.3544,"7.30900 2.93800 0.90000, -2.65000 -4.55000 0.10000"
686,0.0000,Tx-Rx,0,-72.6688,"7.30900 2.93800 0.90000, -2.35000 -4.55000 0.10000"
687,0.0000,Tx-Rx,0,-73.2413,"7.30900 2.93800 0.90000, -2.05000 -4.55000 0.10000"
688,0.0000,Tx-Rx,0,-73.0567,"7.30900 2.93800 0.90000, -1.75000 -4.55000 0.10000"
689,0.0000,Tx-Rx,0,-71.2003,"7.30900 2.93800 0.90000, -1.45000 -4.55000 0.10000"
690,0.0000,Tx-Rx,0,-73.2575,"7.30900 2.93800 0.90000, -1.15000 -4.55000 0.10000"
691,0.0000,Tx-Rx,0,-72.7998,"7.30900 2.93800 0.90000, -0.85000 -4.55000 0.10000"
692,0.0000,Tx-Rx,0,-74.1080,"7.30900 2.93800 0.90000, -0.55000 -4.55000 0.10000"
693,0.0000,Tx-Rx,0,-73.4412,"7.30900 2.93800 0.90000, -0.25000 -4.55000 0.10000"
694,0.0000,Tx-Rx,0,-60.3725,"7.30900 2.93800 0.90000, 0.05000 -4.55000 0.10000"
695,0.0000,Tx-Rx,0,-61.1290,"7.30900 2.93800 0.90000, 0.35000 -4.55000 0.10000"
696,0.0000,Tx-Rx,0,-63.6016,"7.30900 2.93800 0.90000, 0.65000 -4.55000 0.10000"
697,0.0000,Tx-Rx,0,-61.6572,"7.30900 2.93800 0.90000, 0.95000 -4.55000 0.10000"
698,0.0000,Tx-Rx,0,-62.0383,"7.30900 2.93800 0.90000, 1.25000 -4.55000 0.10000"
699,0.0000,Tx-Rx,0,-64.4972,"7.30900 2.93800 0.90000, 1.55000 -4.55000 0.10000"
700,0.0000,Tx-Rx,0,-64.3524,"7.30900 2.93800 0.90000, 1.85000 -4.55000 0.10000"
701,0.0000,Tx-Rx,0,-65.4042,"7.30900 2.93800 0.90000, 2.15000 -4.55000 0.10000"
702,0.0000,Tx-Rx,0,-67.7811,"7.30900 2.93800 0.90000, 2.45000 -4.55000 0.10000"
703,0.0000,Tx-Rx,0,-69.2099,"7.30900 2.93800 0.90000, 2.75000 -4.55000 0.10000"
704,0.0000,Tx-Rx,0,-68.5052,"7.30900 2.93800 0.90000, 3.05000 -4.55000 0.10000"
705,0.0000,Tx-Rx,0,-66.4491,"7.30900 2.93800 0.90000, 3.35000 -4.55000 0.10000"
706,0.0000,Tx-Rx,0,-66.4873,"7.30900 2.93800 0.90000, 3.65000 -4.55000 0.10000"
707,0.0000,Tx-Rx,0,-67.4359,"7.30900 2.93800 0.90000, 3.95000 -4.55000 0.10000"
708,0.0000,Tx-Rx,0,-70.3653,"7.30900 2.93800 0.90000, 4.25000 -4.55000 0.10000"
709,0.0000,Tx-Rx,0,-64.8853,"7.30900 2.93800 0.90000, 4.55000 -4.55000 0.10000"
710,0.0000,Tx-Rx,0,-70.7434,"7.30900 2.93800 0.90000, 4.85000 -4.55000 0.10000"
711,0.0000,Tx-Rx,0,-67.1375,"7.30900 2.93800 0.90000, 5.15000 -4.55000 0.10000"
712,0.0000,Tx-Rx,0,-61.7846,"7.30900 2.93800 0.90000, 5.45000 -4.55000 0.10000"
713,0.0000,Tx-Rx,0,-57.4544,"7.30900 2.93800 0.90000, 5.75000 -4.55000 0.10000"
714,0.0000,Tx-Rx,0,-53.1040,"7.30900 2.93800 0.90000, 6.05000 -4.55000 0.10000"
715,0.0000,Tx-Rx,0,-53.4064,"7.30900 2.93800 0.90000, 6.35000 -4.55000 0.10000"
716,0.0000,Tx-Rx,0,-56.5158,"7.30900 2.93800 0.90000, 6.65000 -4.55000 0.10000"
717,0.0000,Tx-Rx,0,-59.4593,"7.30900 2.93800 0.90000, 6.95000 -4.55000 0.10000"
718,0.0000,Tx-Rx,0,-59.0356,"7.30900 2.93800 0.90000, 7.25000 -4.55000 0.10000"
719,0.0000,Tx-Rx,0,-58.4854,"7.30900 2.93800 0.90000, 7.55000 -4.55000 0.10000"
720,0.0000,Tx-Rx,0,-58.1496,"7.30900 2.93800 0.90000, 7.85000 -4.55000 0.10000"
721,0.0000,Tx-Rx,0,-100.8448,"7.30900 2.93800 0.90000, -9.85000 -4.25000 0.10000"
722,0.0000,Tx-Rx,0,-101.5863,"7.30900 2.93800 0.90000, -9.55000 -4.25000 0.10000"
723,0.0000,Tx-Rx,0,-103.2514,"7.30900 2.93800 0.90000, -9.25000 -4.25000 0.10000"
724,0.0000,Tx-Rx,0,-94.8322,"7.30900 2.93800 0.90000, -8.95000 -4.25000 0.10000"
725,0.0000,Tx-Rx,0,-104.1571,"7.30900 2.93800 0.90000, -8.65000 -4.25000 0.10000"
726,0.0000,Tx-Rx,0,-92.2153,"7.30900 2.93800 0.90000, -8.35000 -4.25000 0.10000"
727,0.0000,Tx-Rx,0,-80.6589,"7.30900 2.93800 0.90000, -8.05000 -4.25000 0.10000"
728,0.0000,Tx-Rx,0,-74.5699,"7.30900 2.93800 0.90000, -7.75000 -4.25000 0.10000"
729,0.0000,Tx-Rx,0,-75.0977,"7.30900 2.93800 0.90000, -7.45000 -4.25000 0.10000"
730,0.0000,Tx-Rx,0,-77.6216,"7.30900 2.93800 0.90000, -7.15000 -4.25000 0.10000"
731,0.0000,Tx-Rx,0,-77.0687,"7.30900 2.93800 0.90000, -6.85000 -4.25000 0.10000"
732,0.0000,Tx-Rx,0,-77.2495,"7.30900 2.93800 0.90000, -6.55000 -4.25000 0.10000"
733,0.0000,Tx-Rx,0,-76.1413,"7.30900 2.93800 0.90000, -6.25000 -4.25000 0.10000"
734,0.0000,Tx-Rx,0,-74.0944,"7.30900 2.93800 0.90000, -5.95000 -4.25000 0.10000"
735,0.0000,Tx-Rx,0,-75.6518,"7.30900 2.93800 0.90000, -5.65000 -4.25000 0.10000"
736,0.0000,Tx-Rx,0,-76.5284,"7.30900 2.93800 0.90000, -5.35000 -4.25000 0.10000"
737,0.0000,Tx-Rx,0,-78.2402,"7.30900 2.93800 0.90000, -5.05000 -4.25000 0.10000"
738,0.0000,Tx-Rx,0,-73.9396,"7.30900 2.93800 0.90000, -4.75000 -4.25000 0.10000"
739,0.0000,Tx-Rx,0,-72.9755,"7.30900 2.93800 0.90000, -4.45000 -4.25000 0.10000"
740,0.0000,Tx-Rx,0,-71.8542,"7.30900 2.93800 0.90000, -4.15000 -4.25000 0.10000"
741,0.0000,Tx-Rx,0,-71.2865,"7.30900 2.93800 0.90000, -3.85000 -4.25000 0.10000"
742,0.0000,Tx-Rx,0,-71.4320,"7.30900 2.93800 0.90000, -3.55000 -4.25000 0.10000"
743,0.0000,Tx-Rx,0,-71.0550,"7.30900 2.93800 0.90000, -3.25000 -4.25000 0.10000"
744,0.0000,Tx-Rx,0,-71.1796,"7.30900 2.93800 0.90000, -2.95000 -4.25000 0.10000"
745,0.0000,Tx-Rx,0,-70.7539,"7.30900 2.93800 0.90000, -2.65000 -4.25000 0.10000"
746,0.0000,Tx-Rx,0,-71.4453,"7.30900 2.93800 0.90000, -2.35000 -4.25000 0.10000"
747,0.0000,Tx-Rx,0,-72.5600,"7.30900 2.93800 0.90000, -2.05000 -4.25000 0.10000"
748,0.0000,Tx-Rx,0,-71.9169,"7.30900 2.93800 0.90000, -1.75000 -4.25000 0.10000"
749,0.0000,Tx-Rx,0,-72.2504,"7.30900 2.93800 0.90000, -1.45000 -4.25000 0.10000"
750,0.0000,Tx-Rx,0,-73.1725,"7.30900 2.93800 0.90000, -1.15000 -4.25000 0.10000"
751,0.0000,Tx-Rx,0,-72.5433,"7.30900 2.93800 0.90000, -0.85000 -4.25000 0.10000"
752,0.0000,Tx-Rx,0,-71.2064,"7.30900 2.93800 0.90000, -0.55000 -4.25000 0.10000"
753,0.0000,Tx-Rx,0,-69.7700,"7.30900 2.93800 0.90000, -0.25000 -4.25000 0.10000"
754,0.0000,Tx-Rx,0,-60.1012,"7.30900 2.93800 0.90000, 0.05000 -4.25000 0.10000"
755,0.0000,Tx-Rx,0,-58.5566,"7.30900 2.93800 0.90000, 0.35000 -4.25000 0.10000"
756,0.0000,Tx-Rx,0,-60.2031,"7.30900 2.93800 0.90000, 0.65000 -4.25000 0.10000"
757,0.0000,Tx-Rx,0,-62.2387,"7.30900 2.93800 0.90000, 0.95000 -4.25000 0.10000"
758,0.0000,Tx-Rx,0,-63.6094,"7.30900 2.93800 0.90000, 1.25000 -4.25000 0.10000"
759,0.0000,Tx-Rx,0,-64.1487,"7.30900 2.93800 0.90000, 1.55000 -4.25000 0.10000"
760,0.0000,Tx-Rx,0,-64.0738,"7.30900 2.93800 0.90000, 1.85000 -4.25000 0.10000"
761,0.0000,Tx-Rx,0,-64.6348,"7.30900 2.93800 0.90000, 2.15000 -4.25000 0.10000"
762,0.0000,Tx-Rx,0,-66.9198,"7.30900 2.93800 0.90000, 2.45000 -4.25000 0.10000"
763,0.0000,Tx-Rx,0,-65.9264,"7.30900 2.93800 0.90000, 2.75000 -4.25000 0.10000"
764,0.0000,Tx-Rx,0,-64.4471,"7.30900 2.93800 0.90000, 3.05000 -4.25000 0.10000"
765,0.0000,Tx-Rx,0,-64.4577,"7.30900 2.93800 0.90000, 3.35000 -4.25000 0.10000"
766,0.0000,Tx-Rx,0,-65.0966,"7.30900 2.93800 0.90000, 3.65000 -4.25000 0.10000"
767,0.0000,Tx-Rx,0,-65.0074,"7.30900 2.93800 0.90000, 3.95000 -4.25000 0.10000"
768,0.0000,Tx-Rx,0,-66.8796,"7.30900 2.93800 0.90000, 4.25000 -4.25000 0.10000"
769,0.0000,Tx-Rx,0,-64.2762,"7.30900 2.93800 0.90000, 4.55000 -4.25000 0.10000"
770,0.0000,Tx-Rx,0,-69.3544,"7.30900 2.93800 0.90000, 4.85000 -4.25000 0.10000"
771,0.0000,Tx-Rx,0,-67.2105,"7.30900 2.93800 0.90000, 5.15000 -4.25000 0.10000"
772,0.0000,Tx-Rx,0,-61.8426,"7.30900 2.93800 0.90000, 5.45000 -4.25000 0.10000"
773,0.0000,Tx-Rx,0,-56.8062,"7.30900 2.93800 0.90000, 5.75000 -4.25000 0.10000"
774,0.0000,Tx-Rx,0,-52.4532,"7.30900 2.93800 0.90000, 6.05000 -4.25000 0.10000"
775,0.0000,Tx-Rx,0,-52.9709,"7.30900 2.93800 0.90000, 6.35000 -4.25000 0.10000"
776,0.0000,Tx-Rx,0,-57.8621,"7.30900 2.93800 0.90000, 6.65000 -4.25000 0.10000"
777,0.0000,Tx-Rx,0,-59.0628,"7.30900 2.93800 0.90000, 6.95000 -4.25000 0.10000"
778,0.0000,Tx-Rx,0,-58.8066,"7.30900 2.93800 0.90000, 7.25000 -4.25000 0.10000"
779,0.0000,Tx-Rx,0,-58.0814,"7.30900 2.93800 0.90000, 7.55000 -4.25000 0.10000"
780,0.0000,Tx-Rx,0,-57.8326,"7.30900 2.93800 0.90000, 7.85000 -4.25000 0.10000"
781,0.0000,Tx-Rx,0,-104.4969,"7.30900 2.93800 0.90000, -9.85000 -3.95000 0.10000"
782,0.0000,Tx-Rx,0,-97.0548,"7.30900 2.93800 0.90000, -9.55000 -3.95000 0.10000"
783,0.0000,Tx-Rx,0,-94.4339,"7.30900 2.93800 0.90000, -9.25000 -3.95000 0.10000"
784,0.0000,Tx-Rx,0,-99.9661,"7.30900 2.93800 0.90000, -8.95000 -3.95000 0.10000"
785,0.0000,Tx-Rx,0,-94.1865,"7.30900 2.93800 0.90000, -8.65000 -3.95000 0.10000"
786,0.0000,Tx-Rx,0,-97.0345,"7.30900 2.93800 0.90000, -8.35000 -3.95000 0.10000"
787,0.0000,Tx-Rx,0,-71.8204,"7.30900 2.93800 0.90000, -8.05000 -3.95000 0.10000"
788,0.0000,Tx-Rx,0,-67.5232,"7.30900 2.93800 0.90000, -7.75000 -3.95000 0.10000"
789,0.0000,Tx-Rx,0,-73.0846,"7.30900 2.93800 0.90000, -7.45000 -3.95000 0.10000"
790,0.0000,Tx-Rx,0,-77.4110,"7.30900 2.93800 0.90000, -7.15000 -3.95000 0.10000"
791,0.0000,Tx-Rx,0,-77.2448,"7.30900 2.93800 0.90000, -6.85000 -3.95000 0.10000"
792,0.0000,Tx-Rx,0,-77.6082,"7.30900 2.93800 0.90000, -6.55000 -3.95000 0.10000"
793,0.0000,Tx-Rx,0,-79.3903,"7.30900 2.93800 0.90000, -6.25000 -3.95000 0.10000"
794,0.0000,Tx-Rx,0,-78.0906,"7.30900 2.93800 0.90000, -5.95000 -3.95000 0.10000"
795,0.0000,Tx-Rx,0,-75.9490,"7.30900 2.93800 0.90000, -5.65000 -3.95000 0.10000"
796,0.0000,Tx-Rx,0,-75.7441,"7.30900 2.93800 0.90000, -5.35000 -3.95000 0.10000"
797,0.0000,Tx-Rx,0,-74.5455,"7.30900 2.93800 0.90000, -5.05000 -3.95000 0.10000"
798,0.0000,Tx-Rx,0,-73.1636,"7.30900 2.93800 0.90000, -4.75000 -3.95000 0.10000"
799,0.0000,Tx-Rx,0,-72.4185,"7.30900 2.93800 0.90000, -4.45000 -3.95000 0.10000"
800,0.0000,Tx-Rx,0,-72.1652,"7.30900 2.93800 0.90000, -4.15000 -3.95000 0.10000"
801,0.0000,Tx-Rx,0,-70.9951,"7.30900 2.93800 0.90000, -3.85000 -3.95000 0.10000"
802,0.0000,Tx-Rx,0,-70.8224,"7.30900 2.93800 0.90000, -3.55000 -3.95000 0.10000"
803,0.0000,Tx-Rx,0,-71.0322,"7.30900 2.93800 0.90000, -3.25000 -3.95000 0.10000"
804,0.0000,Tx-Rx,0,-70.6551,"7.30900 2.93800 0.90000, -2.95000 -3.95000 0.10000"
805,0.0000,Tx-Rx,0,-70.1127,"7.30900 2.93800 0.90000, -2.65000 -3.95000 0.10000"
806,0.0000,Tx-Rx,0,-70.5522,"7.30900 2.93800 0.90000, -2.35000 -3.95000 0.10000"
807,0.0000,Tx-Rx,0,-72.2025,"7.30900 2.93800 0.90000, -2.05000 -3.95000 0.10000"
808,0.0000,Tx-Rx,0,-73.3221,"7.30900 2.93800 0.90000, -1.75000 -3.95000 0.10000"
809,0.0000,Tx-Rx,0,-71.9870,"7.30900 2.93800 0.90000, -1.45000 -3.95000 0.10000"
810,0.0000,Tx-Rx,0,-71.3441,"7.30900 2.93800 0.90000, -1.15000 -3.95000 0.10000"
811,0.0000,Tx-Rx,0,-69.7555,"7.30900 2.93800 0.90000, -0.85000 -3.95000 0.10000"
812,0.0000,Tx-Rx,0,-66.4515,"7.30900 2.93800 0.90000, -0.55000 -3.95000 0.10000"
813,0.0000,Tx-Rx,0,-67.1487,"7.30900 2.93800 0.90000, -0.25000 -3.95000 0.10000"
814,0.0000,Tx-Rx,0,-60.4328,"7.30900 2.93800 0.90000, 0.05000 -3.95000 0.10000"
815,0.0000,Tx-Rx,0,-57.7513,"7.30900 2.93800 0.90000, 0.35000 -3.95000 0.10000"
816,0.0000,Tx-Rx,0,-57.8829,"7.30900 2.93800 0.90000, 0.65000 -3.95000 0.10000"
817,0.0000,Tx-Rx,0,-61.4476,"7.30900 2.93800 0.90000, 0.95000 -3.95000 0.10000"
818,0.0000,Tx-Rx,0,-63.2021,"7.30900 2.93800 0.90000, 1.25000 -3.95000 0.10000"
819,0.0000,Tx-Rx,0,-62.6393,"7.30900 2.93800 0.90000, 1.55000 -3.95000 0.10000"
820,0.0000,Tx-Rx,0,-62.5852,"7.30900 2.93800 0.90000, 1.85000 -3.95000 0.10000"
821,0.0000,Tx-Rx,0,-64.0904,"7.30900 2.93800 0.90000, 2.15000 -3.95000 0.10000"
822,0.0000,Tx-Rx,0,-63.8000,"7.30900 2.93800 0.90000, 2.45000 -3.95000 0.10000"
823,0.0000,Tx-Rx,0,-63.2523,"7.30900 2.93800 0.90000, 2.75000 -3.95000 0.10000"
824,0.0000,Tx-Rx,0,-63.3171,"7.30900 2.93800 0.90000, 3.05000 -3.95000 0.10000"
825,0.0000,Tx-Rx,0,-63.8228,"7.30900 2.93800 0.90000, 3.35000 -3.95000 0.10000"
826,0.0000,Tx-Rx,0,-64.2176,"7.30900 2.93800 0.90000, 3.65000 -3.95000 0.10000"
827,0.0000,Tx-Rx,0,-63.9184,"7.30900 2.93800 0.90000, 3.95000 -3.95000 0.10000"
828,0.0000,Tx-Rx,0,-64.0780,"7.30900 2.93800 0.90000, 4.25000 -3.95000 0.10000"
829,0.0000,Tx-Rx,0,-63.3211,"7.30900 2.93800 0.90000, 4.55000 -3.95000 0.10000"
830,0.0000,Tx-Rx,0,-65.9298,"7.30900 2.93800 0.90000, 4.85000 -3.95000 0.10000"
831,0.0000,Tx-Rx,0,-63.2954,"7.30900 2.93800 0.90000, 5.15000 -3.95000 0.10000"
832,0.0000,Tx-Rx,0,-61.2278,"7.30900 2.93800 0.90000, 5.45000 -3.95000 0.10000"
833,0.0000,Tx-Rx,0,-57.4216,"7.30900 2.93800 0.90000, 5.75000 -3.95000 0.10000"
834,0.0000,Tx-Rx,0,-51.8976,"7.30900 2.93800 0.90000, 6.05000 -3.95000 0.10000"
835,0.0000,Tx-Rx,0,-52.9833,"7.30900 2.93800 0.90000, 6.35000 -3.95000 0.10000"
836,0.0000,Tx-Rx,0,-58.2171,"7.30900 2.93800 0.90000, 6.65000 -3.95000 0.10000"
837,0.0000,Tx-Rx,0,-58.3465,"7.30900 2.93800 0.90000, 6.95000 -3.95000 0.10000"
838,0.0000,Tx-Rx,0,-57.7836,"7.30900 2.93800 0.90000, 7.25000 -3.95000 0.10000"
839,0.0000,Tx-Rx,0,-57.6291,"7.30900 2.93800 0.90000, 7.55000 -3.95000 0.10000"
840,0.0000,Tx-Rx,0,-57.1270,"7.30900 2.93800 0.90000, 7.85000 -3.95000 0.10000"
841,0.0000,Tx-Rx,0,-106.7904,"7.30900 2.93800 0.90000, -9.85000 -3.65000 0.10000"
842,0.0000,Tx-Rx,0,-96.2093,"7.30900 2.93800 0.90000, -9.55000 -3.65000 0.10000"
843,0.0000,Tx-Rx,0,-98.0035,"7.30900 2.93800 0.90000, -9.25000 -3.65000 0.10000"
844,0.0000,Tx-Rx,0,-100.2539,"7.30900 2.93800 0.90000, -8.95000 -3.65000 0.10000"
845,0.0000,Tx-Rx,0,-96.0764,"7.30900 2.93800 0.90000, -8.65000 -3.65000 0.10000"
846,0.0000,Tx-Rx,0,-99.7795,"7.30900 2.93800 0.90000, -8.35000 -3.65000 0.10000"
847,0.0000,Tx-Rx,0,-74.5729,"7.30900 2.93800 0.90000, -8.05000 -3.65000 0.10000"
848,0.0000,Tx-Rx,0,-69.6874,"7.30900 2.93800 0.90000, -7.75000 -3.65000 0.10000"
849,0.0000,Tx-Rx,0,-67.1155,"7.30900 2.93800 0.90000, -7.45000 -3.65000 0.10000"
850,0.0000,Tx-Rx,0,-68.2918,"7.30900 2.93800 0.90000, -7.15000 -3.65000 0.10000"
851,0.0000,Tx-Rx,0,-77.7029,"7.30900 2.93800 0.90000, -6.85000 -3.65000 0.10000"
852,0.0000,Tx-Rx,0,-79.0851,"7.30900 2.93800 0.90000, -6.55000 -3.65000 0.10000"
853,0.0000,Tx-Rx,0,-78.3768,"7.30900 2.93800 0.90000, -6.25000 -3.65000 0.10000"
854,0.0000,Tx-Rx,0,-75.2234,"7.30900 2.93800 0.90000, -5.95000 -3.65000 0.10000"
855,0.0000,Tx-Rx,0,-76.0746,"7.30900 2.93800 0.90000, -5.65000 -3.65000 0.10000"
856,0.0000,Tx-Rx,0,-75.6274,"7.30900 2.93800 0.90000, -5.35000 -3.65000 0.10000"
857,0.0000,Tx-Rx,0,-73.5884,"7.30900 2.93800 0.90000, -5.05000 -3.65000 0.10000"
858,0.0000,Tx-Rx,0,-74.5734,"7.30900 2.93800 0.90000, -4.75000 -3.65000 0.10000"
859,0.0000,Tx-Rx,0,-72.0698,"7.30900 2.93800 0.90000, -4.45000 -3.65000 0.10000"
860,0.0000,Tx-Rx,0,-70.5658,"7.30900 2.93800 0.90000, -4.15000 -3.65000 0.10000"
861,0.0000,Tx-Rx,0,-69.5451,"7.30900 2.93800 0.90000, -3.85000 -3.65000 0.10000"
862,0.0000,Tx-Rx,0,-69.0762,"7.30900 2.93800 0.90000, -3.55000 -3.65000 0.10000"
863,0.0000,Tx-Rx,0,-69.5901,"7.30900 2.93800 0.90000, -3.25000 -3.65000 0.10000"
864,0.0000,Tx-Rx,0,-70.9293,"7.30900 2.93800 0.90000, -2.95000 -3.65000 0.10000"
865,0.0000,Tx-Rx,0,-71.3915,"7.30900 2.93800 0.90000, -2.65000 -3.65000 0.10000"
866,0.0000,Tx-Rx,0,-71.0254,"7.30900 2.93800 0.90000, -2.35000 -3.65000 0.10000"
867,0.0000,Tx-Rx,0,-71.8952,"7.30900 2.93800 0.90000, -2.05000 -3.65000 0.10000"
868,0.0000,Tx-Rx,0,-70.2747,"7.30900 2.93800 0.90000, -1.75000 -3.65000 0.10000"
869,0.0000,Tx-Rx,0,-67.7343,"7.30900 2.93800 0.90000, -1.45000 -3.65000 0.10000"
870,0.0000,Tx-Rx,0,-68.4615,"7.30900 2.93800 0.90000, -1.15000 -3.65000 0.10000"
871,0.0000,Tx-Rx,0,-67.8845,"7.30900 2.93800 0.90000, -0.85000 -3.65000 0.10000"
872,0.0000,Tx-Rx,0,-65.9756,"7.30900 2.93800 0.90000, -0.55000 -3.65000 0.10000"
873,0.0000,Tx-Rx,0,-66.7109,"7.30900 2.93800 0.90000, -0.25000 -3.65000 0.10000"
874,0.0000,Tx-Rx,0,-57.8404,"7.30900 2.93800 0.90000, 0.05000 -3.65000 0.10000"
875,0.0000,Tx-Rx,0,-58.3737,"7.30900 2.93800 0.90000, 0.35000 -3.65000 0.10000"
876,0.0000,Tx-Rx,0,-58.4895,"7.30900 2.93800 0.90000, 0.65000 -3.65000 0.10000"
877,0.0000,Tx-Rx,0,-58.3402,"7.30900 2.93800 0.90000, 0.95000 -3.65000 0.10000"
878,0.0000,Tx-Rx,0,-61.6407,"7.30900 2.93800 0.90000, 1.25000 -3.65000 0.10000"
879,0.0000,Tx-Rx,0,-64.5631,"7.30900 2.93800 0.90000, 1.55000 -3.65000 0.10000"
880,0.0000,Tx-Rx,0,-64.1268,"7.30900 2.93800 0.90000, 1.85000 -3.65000 0.10000"
881,0.0000,Tx-Rx,0,-64.8349,"7.30900 2.93800 0.90000, 2.15000 -3.65000 0.10000"
882,0.0000,Tx-Rx,0,-64.6737,"7.30900 2.93800 0.90000, 2.45000 -3.65000 0.10000"
883,0.0000,Tx-Rx,0,-63.8319,"7.30900 2.93800 0.90000, 2.75000 -3.65000 0.10000"
884,0.0000,Tx-Rx,0,-64.3830,"7.30900 2.93800 0.90000, 3.05000 -3.65000 0.10000"
885,0.0000,Tx-Rx,0,-65.1465,"7.30900 2.93800 0.90000, 3.35000 -3.65000 0.10000"
886,0.0000,Tx-Rx,0,-66.0635,"7.30900 2.93800 0.90000, 3.65000 -3.65000 0.10000"
887,0.0000,Tx-Rx,0,-66.1343,"7.30900 2.93800 0.90000, 3.95000 -3.65000 0.10000"
888,0.0000,Tx-Rx,0,-65.6320,"7.30900 2.93800 0.90000, 4.25000 -3.65000 0.10000"
889,0.0000,Tx-Rx,0,-64.3265,"7.30900 2.93800 0.90000, 4.55000 -3.65000 0.10000"
890,0.0000,Tx-Rx,0,-65.5235,"7.30900 2.93800 0.90000, 4.85000 -3.65000 0.10000"
891,0.0000,Tx-Rx,0,-63.1858,"7.30900 2.93800 0.90000, 5.15000 -3.65000 0.10000"
892,0.0000,Tx-Rx,0,-61.0704,"7.30900 2.93800 0.90000, 5.45000 -3.65000 0.10000"
893,0.0000,Tx-Rx,0,-58.7751,"7.30900 2.93800 0.90000, 5.75000 -3.65000 0.10000"
894,0.0000,Tx-Rx,0,-51.1501,"7.30900 2.93800 0.90000, 6.05000 -3.65000 0.10000"
895,0.0000,Tx-Rx,0,-52.9964,"7.30900 2.93800 0.90000, 6.35000 -3.65000 0.10000"
896,0.0000,Tx-Rx,0,-56.6622,"7.30900 2.93800 0.90000, 6.65000 -3.65000 0.10000"
897,0.0000,Tx-Rx,0,-56.5671,"7.30900 2.93800 0.90000, 6.95000 -3.65000 0.10000"
898,0.0000,Tx-Rx,0,-56.5350,"7.30900 2.93800 0.90000, 7.25000 -3.65000 0.10000"
899,0.0000,Tx-Rx,0,-56.1929,"7.30900 2.93800 0.90000, 7.55000 -3.65000 0.10000"
900,0.0000,Tx-Rx,0,-55.6507,"7.30900 2.93800 0.90000, 7.85000 -3.65000 0.10000"
901,0.0000,Tx-Rx,0,-92.1284,"7.30900 2.93800 0.90000, -9.85000 -3.35000 0.10000"
902,0.0000,Tx-Rx,0,-92.5867,"7.30900 2.93800 0.90000, -9.55000 -3.35000 0.10000"
903,0.0000,Tx-Rx,0,-99.4024,"7.30900 2.93800 0.90000, -9.25000 -3.35000 0.10000"
904,0.0000,Tx-Rx,0,-109.0160,"7.30900 2.93800 0.90000, -8.95000 -3.35000 0.10000"
905,0.0000,Tx-Rx,0,-99.1840,"7.30900 2.93800 0.90000, -8.65000 -3.35000 0.10000"
906,0.0000,Tx-Rx,0,-94.5811,"7.30900 2.93800 0.90000, -8.35000 -3.35000 0.10000"
907,0.0000,Tx-Rx,0,-74.1986,"7.30900 2.93800 0.90000, -8.05000 -3.35000 0.10000"
908,0.0000,Tx-Rx,0,-69.6472,"7.30900 2.93800 0.90000, -7.75000 -3.35000 0.10000"
909,0.0000,Tx-Rx,0,-68.9775,"7.30900 2.93800 0.90000, -7.45000 -3.35000 0.10000"
910,0.0000,Tx-Rx,0,-69.1137,"7.30900 2.93800 0.90000, -7.15000 -3.35000 0.10000"
911,0.0000,Tx-Rx,0,-66.9706,"7.30900 2.93800 0.90000, -6.85000 -3.35000 0.10000"
912,0.0000,Tx-Rx,0,-70.0111,"7.30900 2.93800 0.90000, -6.55000 -3.35000 0.10000"
913,0.0000,Tx-Rx,0,-74.4203,"7.30900 2.93800 0.90000, -6.25000 -3.35000 0.10000"
914,0.0000,Tx-Rx,0,-73.4848,"7.30900 2.93800 0.90000, -5.95000 -3.35000 0.10000"
915,0.0000,Tx-Rx,0,-74.0474,"7.30900 2.93800 0.90000, -5.65000 -3.35000 0.10000"
916,0.0000,Tx-Rx,0,-74.1789,"7.30900 2.93800 0.90000, -5.35000 -3.35000 0.10000"
917,0.0000,Tx-Rx,0,-73.2402,"7.30900 2.93800 0.90000, -5.05000 -3.35000 0.10000"
918,0.0000,Tx-Rx,0,-72.8033,"7.30900 2.93800 0.90000, -4.75000 -3.35000 0.10000"
919,0.0000,Tx-Rx,0,-72.3323,"7.30900 2.93800 0.90000, -4.45000 -3.35000 0.10000"
920,0.0000,Tx-Rx,0,-71.0015,"7.30900 2.93800 0.90000, -4.15000 -3.35000 0.10000"
921,0.0000,Tx-Rx,0,-70.1321,"7.30900 2.93800 0.90000, -3.85000 -3.35000 0.10000"
922,0.0000,Tx-Rx,0,-69.1635,"7.30900 2.93800 0.90000, -3.55000 -3.35000 0.10000"
923,0.0000,Tx-Rx,0,-68.7720,"7.30900 2.93800 0.90000, -3.25000 -3.35000 0.10000"
924,0.0000,Tx-Rx,0,-69.7134,"7.30900 2.93800 0.90000, -2.95000 -3.35000 0.10000"
925,0.0000,Tx-Rx,0,-69.5929,"7.30900 2.93800 0.90000, -2.65000 -3.35000 0.10000"
926,0.0000,Tx-Rx,0,-67.7637,"7.30900 2.93800 0.90000, -2.35000 -3.35000 0.10000"
927,0.0000,Tx-Rx,0,-67.3545,"7.30900 2.93800 0.90000, -2.05000 -3.35000 0.10000"
928,0.0000,Tx-Rx,0,-66.4074,"7.30900 2.93800 0.90000, -1.75000 -3.35000 0.10000"
929,0.0000,Tx-Rx,0,-66.3767,"7.30900 2.93800 0.90000, -1.45000 -3.35000 0.10000"
930,0.0000,Tx-Rx,0,-66.2739,"7.30900 2.93800 0.90000, -1.15000 -3.35000 0.10000"
931,0.0000,Tx-Rx,0,-66.8239,"7.30900 2.93800 0.90000, -0.85000 -3.35000 0.10000"
932,0.0000,Tx-Rx,0,-67.3187,"7.30900 2.93800 0.90000, -0.55000 -3.35000 0.10000"
933,0.0000,Tx-Rx,0,-68.6278,"7.30900 2.93800 0.90000, -0.25000 -3.35000 0.10000"
934,0.0000,Tx-Rx,0,-58.1798,"7.30900 2.93800 0.90000, 0.05000 -3.35000 0.10000"
935,0.0000,Tx-Rx,0,-56.3321,"7.30900 2.93800 0.90000, 0.35000 -3.35000 0.10000"
936,0.0000,Tx-Rx,0,-58.5677,"7.30900 2.93800 0.90000, 0.65000 -3.35000 0.10000"
937,0.0000,Tx-Rx,0,-58.3272,"7.30900 2.93800 0.90000, 0.95000 -3.35000 0.10000"
938,0.0000,Tx-Rx,0,-57.6798,"7.30900 2.93800 0.90000, 1.25000 -3.35000 0.10000"
939,0.0000,Tx-Rx,0,-62.2508,"7.30900 2.93800 0.90000, 1.55000 -3.35000 0.10000"
940,0.0000,Tx-Rx,0,-64.8750,"7.30900 2.93800 0.90000, 1.85000 -3.35000 0.10000"
941,0.0000,Tx-Rx,0,-64.1739,"7.30900 2.93800 0.90000, 2.15000 -3.35000 0.10000"
942,0.0000,Tx-Rx,0,-64.5429,"7.30900 2.93800 0.90000, 2.45000 -3.35000 0.10000"
943,0.0000,Tx-Rx,0,-64.9243,"7.30900 2.93800 0.90000, 2.75000 -3.35000 0.10000"
944,0.0000,Tx-Rx,0,-64.2077,"7.30900 2.93800 0.90000, 3.05000 -3.35000 0.10000"
945,0.0000,Tx-Rx,0,-64.8442,"7.30900 2.93800 0.90000, 3.35000 -3.35000 0.10000"
946,0.0000,Tx-Rx,0,-66.2121,"7.30900 2.93800 0.90000, 3.65000 -3.35000 0.10000"
947,0.0000,Tx-Rx,0,-66.1761,"7.30900 2.93800 0.90000, 3.95000 -3.35000 0.10000"
948,0.0000,Tx-Rx,0,-65.2757,"7.30900 2.93800 0.90000, 4.25000 -3.35000 0.10000"
949,0.0000,Tx-Rx,0,-64.2200,"7.30900 2.93800 0.90000, 4.55000 -3.35000 0.10000"
950,0.0000,Tx-Rx,0,-64.3674,"7.30900 2.93800 0.90000, 4.85000 -3.35000 0.10000"
951,0.0000,Tx-Rx,0,-63.6442,"7.30900 2.93800 0.90000, 5.15000 -3.35000 0.10000"
952,0.0000,Tx-Rx,0,-62.9055,"7.30900 2.93800 0.90000, 5.45000 -3.35000 0.10000"
953,0.0000,Tx-Rx,0,-60.4111,"7.30900 2.93800 0.90000, 5.75000 -3.35000 0.10000"
954,0.0000,Tx-Rx,0,-50.5944,"7.30900 2.93800 0.90000, 6.05000 -3.35000 0.10000"
955,0.0000,Tx-Rx,0,-53.2667,"7.30900 2.93800 0.90000, 6.35000 -3.35000 0.10000"
956,0.0000,Tx-Rx,0,-56.2379,"7.30900 2.93800 0.90000, 6.65000 -3.35000 0.10000"
957,0.0000,Tx-Rx,0,-56.4170,"7.30900 2.93800 0.90000, 6.95000 -3.35000 0.10000"
958,0.0000,Tx-Rx,0,-56.3839,"7.30900 2.93800 0.90000, 7.25000 -3.35000 0.10000"
959,0.0000,Tx-Rx,0,-56.0968,"7.30900 2.93800 0.90000, 7.55000 -3.35000 0.10000"
960,0.0000,Tx-Rx,0,-55.2160,"7.30900 2.93800 0.90000, 7.85000 -3.35000 0.10000"
961,0.0000,Tx-Rx,0,-78.0481,"7.30900 2.93800 0.90000, -9.85000 -3.05000 0.10000"
962,0.0000,Tx-Rx,0,-73.2940,"7.30900 2.93800 0.90000, -9.55000 -3.05000 0.10000"
963,0.0000,Tx-Rx,0,-68.3733,"7.30900 2.93800 0.90000, -9.25000 -3.05000 0.10000"
964,0.0000,Tx-Rx,0,-67.9424,"7.30900 2.93800 0.90000, -8.95000 -3.05000 0.10000"
965,0.0000,Tx-Rx,0,-73.9497,"7.30900 2.93800 0.90000, -8.65000 -3.05000 0.10000"
966,0.0000,Tx-Rx,0,-73.8523,"7.30900 2.93800 0.90000, -8.35000 -3.05000 0.10000"
967,0.0000,Tx-Rx,0,-72.5915,"7.30900 2.93800 0.90000, -8.05000 -3.05000 0.10000"
968,0.0000,Tx-Rx,0,-69.4264,"7.30900 2.93800 0.90000, -7.75000 -3.05000 0.10000"
969,0.0000,Tx-Rx,0,-69.1557,"7.30900 2.93800 0.90000, -7.45000 -3.05000 0.10000"
970,0.0000,Tx-Rx,0,-68.7327,"7.30900 2.93800 0.90000, -7.15000 -3.05000 0.10000"
971,0.0000,Tx-Rx,0,-68.1718,"7.30900 2.93800 0.90000, -6.85000 -3.05000 0.10000"
972,0.0000,Tx-Rx,0,-67.0979,"7.30900 2.93800 0.90000, -6.55000 -3.05000 0.10000"
973,0.0000,Tx-Rx,0,-65.8275,"7.30900 2.93800 0.90000, -6.25000 -3.05000 0.10000"
974,0.0000,Tx-Rx,0,-68.3748,"7.30900 2.93800 0.90000, -5.95000 -3.05000 0.10000"
975,0.0000,Tx-Rx,0,-70.1457,"7.30900 2.93800 0.90000, -5.65000 -3.05000 0.10000"
976,0.0000,Tx-Rx,0,-70.7850,"7.30900 2.93800 0.90000, -5.35000 -3.05000 0.10000"
977,0.0000,Tx-Rx,0,-71.8951,"7.30900 2.93800 0.90000, -5.05000 -3.05000 0.10000"
978,0.0000,Tx-Rx,0,-71.7701,"7.30900 2.93800 0.90000, -4.75000 -3.05000 0.10000"
979,0.0000,Tx-Rx,0,-71.5890,"7.30900 2.93800 0.90000, -4.45000 -3.05000 0.10000"
980,0.0000,Tx-Rx,0,-70.3502,"7.30900 2.93800 0.90000, -4.15000 -3.05000 0.10000"
981,0.0000,Tx-Rx,0,-68.9276,"7.30900 2.93800 0.90000, -3.85000 -3.05000 0.10000"
982,0.0000,Tx-Rx,0,-68.1628,"7.30900 2.93800 0.90000, -3.55000 -3.05000 0.10000"
983,0.0000,Tx-Rx,0,-67.9079,"7.30900 2.93800 0.90000, -3.25000 -3.05000 0.10000"
984,0.0000,Tx-Rx,0,-66.7019,"7.30900 2.93800 0.90000, -2.95000 -3.05000 0.10000"
985,0.0000,Tx-Rx,0,-66.1486,"7.30900 2.93800 0.90000, -2.65000 -3.05000 0.10000"
986,0.0000,Tx-Rx,0,-65.8957,"7.30900 2.93800 0.90000, -2.35000 -3.05000 0.10000"
987,0.0000,Tx-Rx,0,-66.2633,"7.30900 2.93800 0.90000, -2.05000 -3.05000 0.10000"
988,0.0000,Tx-Rx,0,-66.2726,"7.30900 2.93800 0.90000, -1.75000 -3.05000 0.10000"
989,0.0000,Tx-Rx,0,-67.3095,"7.30900 2.93800 0.90000, -1.45000 -3.05000 0.10000"
990,0.0000,Tx-Rx,0,-67.0620,"7.30900 2.93800 0.90000, -1.15000 -3.05000 0.10000"
991,0.0000,Tx-Rx,0,-68.0980,"7.30900 2.93800 0.90000, -0.85000 -3.05000 0.10000"
992,0.0000,Tx-Rx,0,-68.7480,"7.30900 2.93800 0.90000, -0.55000 -3.05000 0.10000"
993,0.0000,Tx-Rx,0,-69.2854,"7.30900 2.93800 0.90000, -0.25000 -3.05000 0.10000"
994,0.0000,Tx-Rx,0,-60.4920,"7.30900 2.93800 0.90000, 0.05000 -3.05000 0.10000"
995,0.0000,Tx-Rx,0,-57.3586,"7.30900 2.93800 0.90000, 0.35000 -3.05000 0.10000"
996,0.0000,Tx-Rx,0,-56.1470,"7.30900 2.93800 0.90000, 0.65000 -3.05000 0.10000"
997,0.0000,Tx-Rx,0,-58.1842,"7.30900 2.93800 0.90000, 0.95000 -3.05000 0.10000"
998,0.0000,Tx-Rx,0,-57.7772,"7.30900 2.93800 0.90000, 1.25000 -3.05000 0.10000"
999,0.0000,Tx-Rx,0,-57.5718,"7.30900 2.93800 0.90000, 1.55000 -3.05000 0.10000"
1000,0.0000,Tx-Rx,0,-62.5473,"7.30900 2.93800 0.90000, 1.85000 -3.05000 0.10000"
1001,0.0000,Tx-Rx,0,-65.0836,"7.30900 2.93800 0.90000, 2.15000 -3.05000 0.10000"
1002,0.0000,Tx-Rx,0,-64.4056,"7.30900 2.93800 0.90000, 2.45000 -3.05000 0.10000"
1003,0.0000,Tx-Rx,0,-64.5197,"7.30900 2.93800 0.90000, 2.75000 -3.05000 0.10000"
1004,0.0000,Tx-Rx,0,-64.3359,"7.30900 2.93800 0.90000, 3.05000 -3.05000 0.10000"
1005,0.0000,Tx-Rx,0,-65.7186,"7.30900 2.93800 0.90000, 3.35000 -3.05000 0.10000"
1006,0.0000,Tx-Rx,0,-67.1576,"7.30900 2.93800 0.90000, 3.65000 -3.05000 0.10000"
1007,0.0000,Tx-Rx,0,-65.9801,"7.30900 2.93800 0.90000, 3.95000 -3.05000 0.10000"
1008,0.0000,Tx-Rx,0,-65.2932,"7.30900 2.93800 0.90000, 4.25000 -3.05000 0.10000"
1009,0.0000,Tx-Rx,0,-64.5115,"7.30900 2.93800 0.90000, 4.55000 -3.05000 0.10000"
1010,0.0000,Tx-Rx,0,-64.0948,"7.30900 2.93800 0.90000, 4.85000 -3.05000 0.10000"
1011,0.0000,Tx-Rx,0,-62.5355,"7.30900 2.93800 0.90000, 5.15000 -3.05000 0.10000"
1012,0.0000,Tx-Rx,0,-62.1915,"7.30900 2.93800 0.90000, 5.45000 -3.05000 0.10000"
1013,0.0000,Tx-Rx,0,-61.7463,"7.30900 2.93800 0.90000, 5.75000 -3.05000 0.10000"
1014,0.0000,Tx-Rx,0,-50.1521,"7.30900 2.93800 0.90000, 6.05000 -3.05000 0.10000"
1015,0.0000,Tx-Rx,0,-53.1825,"7.30900 2.93800 0.90000, 6.35000 -3.05000 0.10000"
1016,0.0000,Tx-Rx,0,-55.9863,"7.30900 2.93800 0.90000, 6.65000 -3.05000 0.10000"
1017,0.0000,Tx-Rx,0,-56.2063,"7.30900 2.93800 0.90000, 6.95000 -3.05000 0.10000"
1018,0.0000,Tx-Rx,0,-56.0054,"7.30900 2.93800 0.90000, 7.25000 -3.05000 0.10000"
1019,0.0000,Tx-Rx,0,-55.5768,"7.30900 2.93800 0.90000, 7.55000 -3.05000 0.10000"
1020,0.0000,Tx-Rx,0,-54.9421,"7.30900 2.93800 0.90000, 7.85000 -3.05000 0.10000"
1021,0.0000,Tx-Rx,0,-69.4922,"7.30900 2.93800 0.90000, -9.85000 -2.75000 0.10000"
1022,0.0000,Tx-Rx,0,-68.1635,"7.30900 2.93800 0.90000, -9.55000 -2.75000 0.10000"
1023,0.0000,Tx-Rx,0,-68.6398,"7.30900 2.93800 0.90000, -9.25000 -2.75000 0.10000"
1024,0.0000,Tx-Rx,0,-66.1517,"7.30900 2.93800 0.90000, -8.95000 -2.75000 0.10000"
1025,0.0000,Tx-Rx,0,-64.3902,"7.30900 2.93800 0.90000, -8.65000 -2.75000 0.10000"
1026,0.0000,Tx-Rx,0,-66.4179,"7.30900 2.93800 0.90000, -8.35000 -2.75000 0.10000"
1027,0.0000,Tx-Rx,0,-69.3763,"7.30900 2.93800 0.90000, -8.05000 -2.75000 0.10000"
1028,0.0000,Tx-Rx,0,-69.1894,"7.30900 2.93800 0.90000, -7.75000 -2.75000 0.10000"
1029,0.0000,Tx-Rx,0,-67.6362,"7.30900 2.93800 0.90000, -7.45000 -2.75000 0.10000"
1030,0.0000,Tx-Rx,0,-66.2474,"7.30900 2.93800 0.90000, -7.15000 -2.75000 0.10000"
1031,0.0000,Tx-Rx,0,-66.2661,"7.30900 2.93800 0.90000, -6.85000 -2.75000 0.10000"
1032,0.0000,Tx-Rx,0,-65.8043,"7.30900 2.93800 0.90000, -6.55000 -2.75000 0.10000"
1033,0.0000,Tx-Rx,0,-66.2038,"7.30900 2.93800 0.90000, -6.25000 -2.75000 0.10000"
1034,0.0000,Tx-Rx,0,-65.1498,"7.30900 2.93800 0.90000, -5.95000 -2.75000 0.10000"
1035,0.0000,Tx-Rx,0,-65.7817,"7.30900 2.93800 0.90000, -5.65000 -2.75000 0.10000"
1036,0.0000,Tx-Rx,0,-69.0231,"7.30900 2.93800 0.90000, -5.35000 -2.75000 0.10000"
1037,0.0000,Tx-Rx,0,-69.8277,"7.30900 2.93800 0.90000, -5.05000 -2.75000 0.10000"
1038,0.0000,Tx-Rx,0,-70.6698,"7.30900 2.93800 0.90000, -4.75000 -2.75000 0.10000"
1039,0.0000,Tx-Rx,0,-70.8681,"7.30900 2.93800 0.90000, -4.45000 -2.75000 0.10000"
1040,0.0000,Tx-Rx,0,-71.2179,"7.30900 2.93800 0.90000, -4.15000 -2.75000 0.10000"
1041,0.0000,Tx-Rx,0,-67.2295,"7.30900 2.93800 0.90000, -3.85000 -2.75000 0.10000"
1042,0.0000,Tx-Rx,0,-65.9786,"7.30900 2.93800 0.90000, -3.55000 -2.75000 0.10000"
1043,0.0000,Tx-Rx,0,-64.9624,"7.30900 2.93800 0.90000, -3.25000 -2.75000 0.10000"
1044,0.0000,Tx-Rx,0,-64.9377,"7.30900 2.93800 0.90000, -2.95000 -2.75000 0.10000"
1045,0.0000,Tx-Rx,0,-65.7614,"7.30900 2.93800 0.90000, -2.65000 -2.75000 0.10000"
1046,0.0000,Tx-Rx,0,-65.7967,"7.30900 2.93800 0.90000, -2.35000 -2.75000 0.10000"
1047,0.0000,Tx-Rx,0,-66.5460,"7.30900 2.93800 0.90000, -2.05000 -2.75000 0.10000"
1048,0.0000,Tx-Rx,0,-67.9152,"7.30900 2.93800 0.90000, -1.75000 -2.75000 0.10000"
1049,0.0000,Tx-Rx,0,-71.1628,"7.30900 2.93800 0.90000, -1.45000 -2.75000 0.10000"
1050,0.0000,Tx-Rx,0,-71.4574,"7.30900 2.93800 0.90000, -1.15000 -2.75000 0.10000"
1051,0.0000,Tx-Rx,0,-69.8924,"7.30900 2.93800 0.90000, -0.85000 -2.75000 0.10000"
1052,0.0000,Tx-Rx,0,-68.7538,"7.30900 2.93800 0.90000, -0.55000 -2.75000 0.10000"
1053,0.0000,Tx-Rx,0,-69.1341,"7.30900 2.93800 0.90000, -0.25000 -2.75000 0.10000"
1054,0.0000,Tx-Rx,0,-60.4037,"7.30900 2.93800 0.90000, 0.05000 -2.75000 0.10000"
1055,0.0000,Tx-Rx,0,-58.6946,"7.30900 2.93800 0.90000, 0.35000 -2.75000 0.10000"
1056,0.0000,Tx-Rx,0,-57.6406,"7.30900 2.93800 0.90000, 0.65000 -2.75000 0.10000"
1057,0.0000,Tx-Rx,0,-57.0969,"7.30900 2.93800 0.90000, 0.95000 -2.75000 0.10000"
1058,0.0000,Tx-Rx,0,-59.2033,"7.30900 2.93800 0.90000, 1.25000 -2.75000 0.10000"
1059,0.0000,Tx-Rx,0,-58.8671,"7.30900 2.93800 0.90000, 1.55000 -2.75000 0.10000"
1060,0.0000,Tx-Rx,0,-59.9389,"7.30900 2.93800 0.90000, 1.85000 -2.75000 0.10000"
1061,0.0000,Tx-Rx,0,-63.7402,"7.30900 2.93800 0.90000, 2.15000 -2.75000 0.10000"
1062,0.0000,Tx-Rx,0,-64.7688,"7.30900 2.93800 0.90000, 2.45000 -2.75000 0.10000"
1063,0.0000,Tx-Rx,0,-63.1482,"7.30900 2.93800 0.90000, 2.75000 -2.75000 0.10000"
1064,0.0000,Tx-Rx,0,-63.3489,"7.30900 2.93800 0.90000, 3.05000 -2.75000 0.10000"
1065,0.0000,Tx-Rx,0,-62.7059,"7.30900 2.93800 0.90000, 3.35000 -2.75000 0.10000"
1066,0.0000,Tx-Rx,0,-63.4435,"7.30900 2.93800 0.90000, 3.65000 -2.75000 0.10000"
1067,0.0000,Tx-Rx,0,-63.2349,"7.30900 2.93800 0.90000, 3.95000 -2.75000 0.10000"
1068,0.0000,Tx-Rx,0,-62.6166,"7.30900 2.93800 0.90000, 4.25000 -2.75000 0.10000"
1069,0.0000,Tx-Rx,0,-62.2668,"7.30900 2.93800 0.90000, 4.55000 -2.75000 0.10000"
1070,0.0000,Tx-Rx,0,-62.1494,"7.30900 2.93800 0.90000, 4.85000 -2.75000 0.10000"
1071,0.0000,Tx-Rx,0,-60.6876,"7.30900 2.93800 0.90000, 5.15000 -2.75000 0.10000"
1072,0.0000,Tx-Rx,0,-59.9922,"7.30900 2.93800 0.90000, 5.45000 -2.75000 0.10000"
1073,0.0000,Tx-Rx,0,-60.7417,"7.30900 2.93800 0.90000, 5.75000 -2.75000 0.10000"
1074,0.0000,Tx-Rx,0,-50.2378,"7.30900 2.93800 0.90000, 6.05000 -2.75000 0.10000"
1075,0.0000,Tx-Rx,0,-52.7568,"7.30900 2.93800 0.90000, 6.35000 -2.75000 0.10000"
1076,0.0000,Tx-Rx,0,-55.7361,"7.30900 2.93800 0.90000, 6.65000 -2.75000 0.10000"
1077,0.0000,Tx-Rx,0,-55.6281,"7.30900 2.93800 0.90000, 6.95000 -2.75000 0.10000"
1078,0.0000,Tx-Rx,0,-55.1651,"7.30900 2.93800 0.90000, 7.25000 -2.75000 0.10000"
1079,0.0000,Tx-Rx,0,-54.7541,"7.30900 2.93800 0.90000, 7.55000 -2.75000 0.10000"
1080,0.0000,Tx-Rx,0,-54.2699,"7.30900 2.93800 0.90000, 7.85000 -2.75000 0.10000"
1081,0.0000,Tx-Rx,0,-61.9421,"7.30900 2.93800 0.90000, -9.85000 -2.45000 0.10000"
1082,0.0000,Tx-Rx,0,-64.6232,"7.30900 2.93800 0.90000, -9.55000 -2.45000 0.10000"
1083,0.0000,Tx-Rx,0,-64.9010,"7.30900 2.93800 0.90000, -9.25000 -2.45000 0.10000"
1084,0.0000,Tx-Rx,0,-64.9794,"7.30900 2.93800 0.90000, -8.95000 -2.45000 0.10000"
1085,0.0000,Tx-Rx,0,-64.0889,"7.30900 2.93800 0.90000, -8.65000 -2.45000 0.10000"
1086,0.0000,Tx-Rx,0,-62.4716,"7.30900 2.93800 0.90000, -8.35000 -2.45000 0.10000"
1087,0.0000,Tx-Rx,0,-62.7272,"7.30900 2.93800 0.90000, -8.05000 -2.45000 0.10000"
1088,0.0000,Tx-Rx,0,-63.7681,"7.30900 2.93800 0.90000, -7.75000 -2.45000 0.10000"
1089,0.0000,Tx-Rx,0,-65.1568,"7.30900 2.93800 0.90000, -7.45000 -2.45000 0.10000"
1090,0.0000,Tx-Rx,0,-65.2697,"7.30900 2.93800 0.90000, -7.15000 -2.45000 0.10000"
1091,0.0000,Tx-Rx,0,-65.1751,"7.30900 2.93800 0.90000, -6.85000 -2.45000 0.10000"
1092,0.0000,Tx-Rx,0,-65.4702,"7.30900 2.93800 0.90000, -6.55000 -2.45000 0.10000"
1093,0.0000,Tx-Rx,0,-65.7415,"7.30900 2.93800 0.90000, -6.25000 -2.45000 0.10000"
1094,0.0000,Tx-Rx,0,-65.4158,"7.30900 2.93800 0.90000, -5.95000 -2.45000 0.10000"
1095,0.0000,Tx-Rx,0,-65.6722,"7.30900 2.93800 0.90000, -5.65000 -2.45000 0.10000"
1096,0.0000,Tx-Rx,0,-64.9209,"7.30900 2.93800 0.90000, -5.35000 -2.45000 0.10000"
1097,0.0000,Tx-Rx,0,-67.0558,"7.30900 2.93800 0.90000, -5.05000 -2.45000 0.10000"
1098,0.0000,Tx-Rx,0,-69.9790,"7.30900 2.93800 0.90000, -4.75000 -2.45000 0.10000"
1099,0.0000,Tx-Rx,0,-67.2638,"7.30900 2.93800 0.90000, -4.45000 -2.45000 0.10000"
1100,0.0000,Tx-Rx,0,-66.1893,"7.30900 2.93800 0.90000, -4.15000 -2.45000 0.10000"
1101,0.0000,Tx-Rx,0,-65.9895,"7.30900 2.93800 0.90000, -3.85000 -2.45000 0.10000"
1102,0.0000,Tx-Rx,0,-65.7140,"7.30900 2.93800 0.90000, -3.55000 -2.45000 0.10000"
1103,0.0000,Tx-Rx,0,-66.2349,"7.30900 2.93800 0.90000, -3.25000 -2.45000 0.10000"
1104,0.0000,Tx-Rx,0,-66.3275,"7.30900 2.93800 0.90000, -2.95000 -2.45000 0.10000"
1105,0.0000,Tx-Rx,0,-67.1983,"7.30900 2.93800 0.90000, -2.65000 -2.45000 0.10000"
1106,0.0000,Tx-Rx,0,-68.8703,"7.30900 2.93800 0.90000, -2.35000 -2.45000 0.10000"
1107,0.0000,Tx-Rx,0,-69.3209,"7.30900 2.93800 0.90000, -2.05000 -2.45000 0.10000"
1108,0.0000,Tx-Rx,0,-68.6037,"7.30900 2.93800 0.90000, -1.75000 -2.45000 0.10000"
1109,0.0000,Tx-Rx,0,-68.7905,"7.30900 2.93800 0.90000, -1.45000 -2.45000 0.10000"
1110,0.0000,Tx-Rx,0,-69.1402,"7.30900 2.93800 0.90000, -1.15000 -2.45000 0.10000"
1111,0.0000,Tx-Rx,0,-68.8958,"7.30900 2.93800 0.90000, -0.85000 -2.45000 0.10000"
1112,0.0000,Tx-Rx,0,-68.1842,"7.30900 2.93800 0.90000, -0.55000 -2.45000 0.10000"
1113,0.0000,Tx-Rx,0,-66.9275,"7.30900 2.93800 0.90000, -0.25000 -2.45000 0.10000"
1114,0.0000,Tx-Rx,0,-60.0165,"7.30900 2.93800 0.90000, 0.05000 -2.45000 0.10000"
1115,0.0000,Tx-Rx,0,-58.6265,"7.30900 2.93800 0.90000, 0.35000 -2.45000 0.10000"
1116,0.0000,Tx-Rx,0,-58.5167,"7.30900 2.93800 0.90000, 0.65000 -2.45000 0.10000"
1117,0.0000,Tx-Rx,0,-59.0709,"7.30900 2.93800 0.90000, 0.95000 -2.45000 0.10000"
1118,0.0000,Tx-Rx,0,-61.8382,"7.30900 2.93800 0.90000, 1.25000 -2.45000 0.10000"
1119,0.0000,Tx-Rx,0,-62.3390,"7.30900 2.93800 0.90000, 1.55000 -2.45000 0.10000"
1120,0.0000,Tx-Rx,0,-62.0295,"7.30900 2.93800 0.90000, 1.85000 -2.45000 0.10000"
1121,0.0000,Tx-Rx,0,-61.5127,"7.30900 2.93800 0.90000, 2.15000 -2.45000 0.10000"
1122,0.0000,Tx-Rx,0,-59.2251,"7.30900 2.93800 0.90000, 2.45000 -2.45000 0.10000"
1123,0.0000,Tx-Rx,0,-57.8932,"7.30900 2.93800 0.90000, 2.75000 -2.45000 0.10000"
1124,0.0000,Tx-Rx,0,-56.6482,"7.30900 2.93800 0.90000, 3.05000 -2.45000 0.10000"
1125,0.0000,Tx-Rx,0,-55.6547,"7.30900 2.93800 0.90000, 3.35000 -2.45000 0.10000"
1126,0.0000,Tx-Rx,0,-55.7338,"7.30900 2.93800 0.90000, 3.65000 -2.45000 0.10000"
1127,0.0000,Tx-Rx,0,-55.2705,"7.30900 2.93800 0.90000, 3.95000 -2.45000 0.10000"
1128,0.0000,Tx-Rx,0,-54.9675,"7.30900 2.93800 0.90000, 4.25000 -2.45000 0.10000"
1129,0.0000,Tx-Rx,0,-55.2060,"7.30900 2.93800 0.90000, 4.55000 -2.45000 0.10000"
1130,0.0000,Tx-Rx,0,-54.7449,"7.30900 2.93800 0.90000, 4.85000 -2.45000 0.10000"
1131,0.0000,Tx-Rx,0,-54.3401,"7.30900 2.93800 0.90000, 5.15000 -2.45000 0.10000"
1132,0.0000,Tx-Rx,0,-53.9721,"7.30900 2.93800 0.90000, 5.45000 -2.45000 0.10000"
1133,0.0000,Tx-Rx,0,-55.0934,"7.30900 2.93800 0.90000, 5.75000 -2.45000 0.10000"
1134,0.0000,Tx-Rx,0,-53.1460,"7.30900 2.93800 0.90000, 6.05000 -2.45000 0.10000"
1135,0.0000,Tx-Rx,0,-54.6948,"7.30900 2.93800 0.90000, 6.35000 -2.45000 0.10000"
1136,0.0000,Tx-Rx,0,-54.2498,"7.30900 2.93800 0.90000, 6.65000 -2.45000 0.10000"
1137,0.0000,Tx-Rx,0,-52.8361,"7.30900 2.93800 0.90000, 6.95000 -2.45000 0.10000"
1138,0.0000,Tx-Rx,0,-52.5043,"7.30900 2.93800 0.90000, 7.25000 -2.45000 0.10000"
1139,0.0000,Tx-Rx,0,-52.3458,"7.30900 2.93800 0.90000, 7.55000 -2.45000 0.10000"
1140,0.0000,Tx-Rx,0,-52.1261,"7.30900 2.93800 0.90000, 7.85000 -2.45000 0.10000"
1141,0.0000,Tx-Rx,0,-56.4887,"7.30900 2.93800 0.90000, -9.85000 -2.15000 0.10000"
1142,0.0000,Tx-Rx,0,-57.1533,"7.30900 2.93800 0.90000, -9.55000 -2.15000 0.10000"
1143,0.0000,Tx-Rx,0,-58.1150,"7.30900 2.93800 0.90000, -9.25000 -2.15000 0.10000"
1144,0.0000,Tx-Rx,0,-59.6469,"7.30900 2.93800 0.90000, -8.95000 -2.15000 0.10000"
1145,0.0000,Tx-Rx,0,-61.0197,"7.30900 2.93800 0.90000, -8.65000 -2.15000 0.10000"
1146,0.0000,Tx-Rx,0,-60.7705,"7.30900 2.93800 0.90000, -8.35000 -2.15000 0.10000"
1147,0.0000,Tx-Rx,0,-60.3532,"7.30900 2.93800 0.90000, -8.05000 -2.15000 0.10000"
1148,0.0000,Tx-Rx,0,-61.0641,"7.30900 2.93800 0.90000, -7.75000 -2.15000 0.10000"
1149,0.0000,Tx-Rx,0,-61.9395,"7.30900 2.93800 0.90000, -7.45000 -2.15000 0.10000"
1150,0.0000,Tx-Rx,0,-63.6153,"7.30900 2.93800 0.90000, -7.15000 -2.15000 0.10000"
1151,0.0000,Tx-Rx,0,-66.0566,"7.30900 2.93800 0.90000, -6.85000 -2.15000 0.10000"
1152,0.0000,Tx-Rx,0,-66.1210,"7.30900 2.93800 0.90000, -6.55000 -2.15000 0.10000"
1153,0.0000,Tx-Rx,0,-65.4816,"7.30900 2.93800 0.90000, -6.25000 -2.15000 0.10000"
1154,0.0000,Tx-Rx,0,-65.2459,"7.30900 2.93800 0.90000, -5.95000 -2.15000 0.10000"
1155,0.0000,Tx-Rx,0,-65.5513,"7.30900 2.93800 0.90000, -5.65000 -2.15000 0.10000"
1156,0.0000,Tx-Rx,0,-65.5799,"7.30900 2.93800 0.90000, -5.35000 -2.15000 0.10000"
1157,0.0000,Tx-Rx,0,-64.4941,"7.30900 2.93800 0.90000, -5.05000 -2.15000 0.10000"
1158,0.0000,Tx-Rx,0,-64.0831,"7.30900 2.93800 0.90000, -4.75000 -2.15000 0.10000"
1159,0.0000,Tx-Rx,0,-65.3844,"7.30900 2.93800 0.90000, -4.45000 -2.15000 0.10000"
1160,0.0000,Tx-Rx,0,-66.0502,"7.30900 2.93800 0.90000, -4.15000 -2.15000 0.10000"
1161,0.0000,Tx-Rx,0,-66.4433,"7.30900 2.93800 0.90000, -3.85000 -2.15000 0.10000"
1162,0.0000,Tx-Rx,0,-66.2684,"7.30900 2.93800 0.90000, -3.55000 -2.15000 0.10000"
1163,0.0000,Tx-Rx,0,-67.5182,"7.30900 2.93800 0.90000, -3.25000 -2.15000 0.10000"
1164,0.0000,Tx-Rx,0,-68.8260,"7.30900 2.93800 0.90000, -2.95000 -2.15000 0.10000"
1165,0.0000,Tx-Rx,0,-69.4935,"7.30900 2.93800 0.90000, -2.65000 -2.15000 0.10000"
1166,0.0000,Tx-Rx,0,-68.7072,"7.30900 2.93800 0.90000, -2.35000 -2.15000 0.10000"
1167,0.0000,Tx-Rx,0,-68.7972,"7.30900 2.93800 0.90000, -2.05000 -2.15000 0.10000"
1168,0.0000,Tx-Rx,0,-67.7125,"7.30900 2.93800 0.90000, -1.75000 -2.15000 0.10000"
1169,0.0000,Tx-Rx,0,-66.9308,"7.30900 2.93800 0.90000, -1.45000 -2.15000 0.10000"
1170,0.0000,Tx-Rx,0,-66.5226,"7.30900 2.93800 0.90000, -1.15000 -2.15000 0.10000"
1171,0.0000,Tx-Rx,0,-66.4778,"7.30900 2.93800 0.90000, -0.85000 -2.15000 0.10000"
1172,0.0000,Tx-Rx,0,-65.5872,"7.30900 2.93800 0.90000, -0.55000 -2.15000 0.10000"
1173,0.0000,Tx-Rx,0,-63.2971,"7.30900 2.93800 0.90000, -0.25000 -2.15000 0.10000"
1174,0.0000,Tx-Rx,0,-60.1960,"7.30900 2.93800 0.90000, 0.05000 -2.15000 0.10000"
1175,0.0000,Tx-Rx,0,-58.7435,"7.30900 2.93800 0.90000, 0.35000 -2.15000 0.10000"
1176,0.0000,Tx-Rx,0,-58.5336,"7.30900 2.93800 0.90000, 0.65000 -2.15000 0.10000"
1177,0.0000,Tx-Rx,0,-58.5280,"7.30900 2.93800 0.90000, 0.95000 -2.15000 0.10000"
1178,0.0000,Tx-Rx,0,-58.9758,"7.30900 2.93800 0.90000, 1.25000 -2.15000 0.10000"
1179,0.0000,Tx-Rx,0,-62.3353,"7.30900 2.93800 0.90000, 1.55000 -2.15000 0.10000"
1180,0.0000,Tx-Rx,0,-62.4142,"7.30900 2.93800 0.90000, 1.85000 -2.15000 0.10000"
1181,0.0000,Tx-Rx,0,-62.0051,"7.30900 2.93800 0.90000, 2.15000 -2.15000 0.10000"
1182,0.0000,Tx-Rx,0,-60.8539,"7.30900 2.93800 0.90000, 2.45000 -2.15000 0.10000"
1183,0.0000,Tx-Rx,0,-57.0245,"7.30900 2.93800 0.90000, 2.75000 -2.15000 0.10000"
1184,0.0000,Tx-Rx,0,-56.3558,"7.30900 2.93800 0.90000, 3.05000 -2.15000 0.10000"
1185,0.0000,Tx-Rx,0,-55.4415,"7.30900 2.93800 0.90000, 3.35000 -2.15000 0.10000"
1186,0.0000,Tx-Rx,0,-54.9861,"7.30900 2.93800 0.90000, 3.65000 -2.15000 0.10000"
1187,0.0000,Tx-Rx,0,-54.7777,"7.30900 2.93800 0.90000, 3.95000 -2.15000 0.10000"
1188,0.0000,Tx-Rx,0,-54.5482,"7.30900 2.93800 0.90000, 4.25000 -2.15000 0.10000"
1189,0.0000,Tx-Rx,0,-54.1616,"7.30900 2.93800 0.90000, 4.55000 -2.15000 0.10000"
1190,0.0000,Tx-Rx,0,-54.3668,"7.30900 2.93800 0.90000, 4.85000 -2.15000 0.10000"
1191,0.0000,Tx-Rx,0,-53.8801,"7.30900 2.93800 0.90000, 5.15000 -2.15000 0.10000"
1192,0.0000,Tx-Rx,0,-53.2316,"7.30900 2.93800 0.90000, 5.45000 -2.15000 0.10000"
1193,0.0000,Tx-Rx,0,-53.0547,"7.30900 2.93800 0.90000, 5.75000 -2.15000 0.10000"
1194,0.0000,Tx-Rx,0,-52.8187,"7.30900 2.93800 0.90000, 6.05000 -2.15000 0.10000"
1195,0.0000,Tx-Rx,0,-54.3715,"7.30900 2.93800 0.90000, 6.35000 -2.15000 0.10000"
1196,0.0000,Tx-Rx,0,-55.0701,"7.30900 2.93800 0.90000, 6.65000 -2.15000 0.10000"
1197,0.0000,Tx-Rx,0,-51.3050,"7.30900 2.93800 0.90000, 6.95000 -2.15000 0.10000"
1198,0.0000,Tx-Rx,0,-51.1111,"7.30900 2.93800 0.90000, 7.25000 -2.15000 0.10000"
1199,0.0000,Tx-Rx,0,-50.9369,"7.30900 2.93800 0.90000, 7.55000 -2.15000 0.10000"
1200,0.0000,Tx-Rx,0,-50.8160,"7.30900 2.93800 0.90000, 7.85000 -2.15000 0.10000"
1201,0.0000,Tx-Rx,0,-55.6428,"7.30900 2.93800 0.90000, -9.85000 -1.85000 0.10000"
1202,0.0000,Tx-Rx,0,-54.1760,"7.30900 2.93800 0.90000, -9.55000 -1.85000 0.10000"
1203,0.0000,Tx-Rx,0,-55.2233,"7.30900 2.93800 0.90000, -9.25000 -1.85000 0.10000"
1204,0.0000,Tx-Rx,0,-55.6556,"7.30900 2.93800 0.90000, -8.95000 -1.85000 0.10000"
1205,0.0000,Tx-Rx,0,-55.9492,"7.30900 2.93800 0.90000, -8.65000 -1.85000 0.10000"
1206,0.0000,Tx-Rx,0,-57.8430,"7.30900 2.93800 0.90000, -8.35000 -1.85000 0.10000"
1207,0.0000,Tx-Rx,0,-59.5074,"7.30900 2.93800 0.90000, -8.05000 -1.85000 0.10000"
1208,0.0000,Tx-Rx,0,-60.7774,"7.30900 2.93800 0.90000, -7.75000 -1.85000 0.10000"
1209,0.0000,Tx-Rx,0,-60.3624,"7.30900 2.93800 0.90000, -7.45000 -1.85000 0.10000"
1210,0.0000,Tx-Rx,0,-60.2665,"7.30900 2.93800 0.90000, -7.15000 -1.85000 0.10000"
1211,0.0000,Tx-Rx,0,-61.3610,"7.30900 2.93800 0.90000, -6.85000 -1.85000 0.10000"
1212,0.0000,Tx-Rx,0,-63.3976,"7.30900 2.93800 0.90000, -6.55000 -1.85000 0.10000"
1213,0.0000,Tx-Rx,0,-66.1809,"7.30900 2.93800 0.90000, -6.25000 -1.85000 0.10000"
1214,0.0000,Tx-Rx,0,-66.3993,"7.30900 2.93800 0.90000, -5.95000 -1.85000 0.10000"
1215,0.0000,Tx-Rx,0,-66.1085,"7.30900 2.93800 0.90000, -5.65000 -1.85000 0.10000"
1216,0.0000,Tx-Rx,0,-64.8354,"7.30900 2.93800 0.90000, -5.35000 -1.85000 0.10000"
1217,0.0000,Tx-Rx,0,-64.7759,"7.30900 2.93800 0.90000, -5.05000 -1.85000 0.10000"
1218,0.0000,Tx-Rx,0,-64.5977,"7.30900 2.93800 0.90000, -4.75000 -1.85000 0.10000"
1219,0.0000,Tx-Rx,0,-63.7762,"7.30900 2.93800 0.90000, -4.45000 -1.85000 0.10000"
1220,0.0000,Tx-Rx,0,-64.5295,"7.30900 2.93800 0.90000, -4.15000 -1.85000 0.10000"
1221,0.0000,Tx-Rx,0,-68.3786,"7.30900 2.93800 0.90000, -3.85000 -1.85000 0.10000"
1222,0.0000,Tx-Rx,0,-70.0917,"7.30900 2.93800 0.90000, -3.55000 -1.85000 0.10000"
1223,0.0000,Tx-Rx,0,-70.3185,"7.30900 2.93800 0.90000, -3.25000 -1.85000 0.10000"
1224,0.0000,Tx-Rx,0,-66.9127,"7.30900 2.93800 0.90000, -2.95000 -1.85000 0.10000"
1225,0.0000,Tx-Rx,0,-64.2962,"7.30900 2.93800 0.90000, -2.65000 -1.85000 0.10000"
1226,0.0000,Tx-Rx,0,-64.3282,"7.30900 2.93800 0.90000, -2.35000 -1.85000 0.10000"
1227,0.0000,Tx-Rx,0,-63.4637,"7.30900 2.93800 0.90000, -2.05000 -1.85000 0.10000"
1228,0.0000,Tx-Rx,0,-63.4519,"7.30900 2.93800 0.90000, -1.75000 -1.85000 0.10000"
1229,0.0000,Tx-Rx,0,-65.0859,"7.30900 2.93800 0.90000, -1.45000 -1.85000 0.10000"
1230,0.0000,Tx-Rx,0,-66.8304,"7.30900 2.93800 0.90000, -1.15000 -1.85000 0.10000"
1231,0.0000,Tx-Rx,0,-66.7901,"7.30900 2.93800 0.90000, -0.85000 -1.85000 0.10000"
1232,0.0000,Tx-Rx,0,-67.7164,"7.30900 2.93800 0.90000, -0.55000 -1.85000 0.10000"
1233,0.0000,Tx-Rx,0,-71.4746,"7.30900 2.93800 0.90000, -0.25000 -1.85000 0.10000"
1234,0.0000,Tx-Rx,0,-60.1696,"7.30900 2.93800 0.90000, 0.05000 -1.85000 0.10000"
1235,0.0000,Tx-Rx,0,-58.3808,"7.30900 2.93800 0.90000, 0.35000 -1.85000 0.10000"
1236,0.0000,Tx-Rx,0,-58.2694,"7.30900 2.93800 0.90000, 0.65000 -1.85000 0.10000"
1237,0.0000,Tx-Rx,0,-58.1259,"7.30900 2.93800 0.90000, 0.95000 -1.85000 0.10000"
1238,0.0000,Tx-Rx,0,-58.5398,"7.30900 2.93800 0.90000, 1.25000 -1.85000 0.10000"
1239,0.0000,Tx-Rx,0,-59.4022,"7.30900 2.93800 0.90000, 1.55000 -1.85000 0.10000"
1240,0.0000,Tx-Rx,0,-62.1039,"7.30900 2.93800 0.90000, 1.85000 -1.85000 0.10000"
1241,0.0000,Tx-Rx,0,-59.9357,"7.30900 2.93800 0.90000, 2.15000 -1.85000 0.10000"
1242,0.0000,Tx-Rx,0,-58.7934,"7.30900 2.93800 0.90000, 2.45000 -1.85000 0.10000"
1243,0.0000,Tx-Rx,0,-58.0952,"7.30900 2.93800 0.90000, 2.75000 -1.85000 0.10000"
1244,0.0000,Tx-Rx,0,-55.7949,"7.30900 2.93800 0.90000, 3.05000 -1.85000 0.10000"
1245,0.0000,Tx-Rx,0,-55.1001,"7.30900 2.93800 0.90000, 3.35000 -1.85000 0.10000"
1246,0.0000,Tx-Rx,0,-54.8162,"7.30900 2.93800 0.90000, 3.65000 -1.85000 0.10000"
1247,0.0000,Tx-Rx,0,-54.2283,"7.30900 2.93800 0.90000, 3.95000 -1.85000 0.10000"
1248,0.0000,Tx-Rx,0,-53.9022,"7.30900 2.93800 0.90000, 4.25000 -1.85000 0.10000"
1249,0.0000,Tx-Rx,0,-53.5174,"7.30900 2.93800 0.90000, 4.55000 -1.85000 0.10000"
1250,0.0000,Tx-Rx,0,-53.7596,"7.30900 2.93800 0.90000, 4.85000 -1.85000 0.10000"
1251,0.0000,Tx-Rx,0,-52.8910,"7.30900 2.93800 0.90000, 5.15000 -1.85000 0.10000"
1252,0.0000,Tx-Rx,0,-52.3420,"7.30900 2.93800 0.90000, 5.45000 -1.85000 0.10000"
1253,0.0000,Tx-Rx,0,-52.0070,"7.30900 2.93800 0.90000, 5.75000 -1.85000 0.10000"
1254,0.0000,Tx-Rx,0,-52.0985,"7.30900 2.93800 0.90000, 6.05000 -1.85000 0.10000"
1255,0.0000,Tx-Rx,0,-53.5127,"7.30900 2.93800 0.90000, 6.35000 -1.85000 0.10000"
1256,0.0000,Tx-Rx,0,-55.7122,"7.30900 2.93800 0.90000, 6.65000 -1.85000 0.10000"
1257,0.0000,Tx-Rx,0,-50.9366,"7.30900 2.93800 0.90000, 6.95000 -1.85000 0.10000"
1258,0.0000,Tx-Rx,0,-50.5450,"7.30900 2.93800 0.90000, 7.25000 -1.85000 0.10000"
1259,0.0000,Tx-Rx,0,-50.3180,"7.30900 2.93800 0.90000, 7.55000 -1.85000 0.10000"
1260,0.0000,Tx-Rx,0,-50.2942,"7.30900 2.93800 0.90000, 7.85000 -1.85000 0.10000"
1261,0.0000,Tx-Rx,0,-54.8892,"7.30900 2.93800 0.90000, -9.85000 -1.55000 0.10000"
1262,0.0000,Tx-Rx,0,-54.8567,"7.30900 2.93800 0.90000, -9.55000 -1.55000 0.10000"
1263,0.0000,Tx-Rx,0,-55.1079,"7.30900 2.93800 0.90000, -9.25000 -1.55000 0.10000"
1264,0.0000,Tx-Rx,0,-55.4441,"7.30900 2.93800 0.90000, -8.95000 -1.55000 0.10000"
1265,0.0000,Tx-Rx,0,-54.6032,"7.30900 2.93800 0.90000, -8.65000 -1.55000 0.10000"
1266,0.0000,Tx-Rx,0,-54.7844,"7.30900 2.93800 0.90000, -8.35000 -1.55000 0.10000"
1267,0.0000,Tx-Rx,0,-55.0996,"7.30900 2.93800 0.90000, -8.05000 -1.55000 0.10000"
1268,0.0000,Tx-Rx,0,-55.6633,"7.30900 2.93800 0.90000, -7.75000 -1.55000 0.10000"
1269,0.0000,Tx-Rx,0,-57.4638,"7.30900 2.93800 0.90000, -7.45000 -1.55000 0.10000"
1270,0.0000,Tx-Rx,0,-58.7208,"7.30900 2.93800 0.90000, -7.15000 -1.55000 0.10000"
1271,0.0000,Tx-Rx,0,-60.5223,"7.30900 2.93800 0.90000, -6.85000 -1.55000 0.10000"
1272,0.0000,Tx-Rx,0,-61.8909,"7.30900 2.93800 0.90000, -6.55000 -1.55000 0.10000"
1273,0.0000,Tx-Rx,0,-62.2293,"7.30900 2.93800 0.90000, -6.25000 -1.55000 0.10000"
1274,0.0000,Tx-Rx,0,-62.8413,"7.30900 2.93800 0.90000, -5.95000 -1.55000 0.10000"
1275,0.0000,Tx-Rx,0,-63.8661,"7.30900 2.93800 0.90000, -5.65000 -1.55000 0.10000"
1276,0.0000,Tx-Rx,0,-63.4634,"7.30900 2.93800 0.90000, -5.35000 -1.55000 0.10000"
1277,0.0000,Tx-Rx,0,-64.0473,"7.30900 2.93800 0.90000, -5.05000 -1.55000 0.10000"
1278,0.0000,Tx-Rx,0,-64.6709,"7.30900 2.93800 0.90000, -4.75000 -1.55000 0.10000"
1279,0.0000,Tx-Rx,0,-64.9818,"7.30900 2.93800 0.90000, -4.45000 -1.55000 0.10000"
1280,0.0000,Tx-Rx,0,-62.5849,"7.30900 2.93800 0.90000, -4.15000 -1.55000 0.10000"
1281,0.0000,Tx-Rx,0,-60.5205,"7.30900 2.93800 0.90000, -3.85000 -1.55000 0.10000"
1282,0.0000,Tx-Rx,0,-60.3504,"7.30900 2.93800 0.90000, -3.55000 -1.55000 0.10000"
1283,0.0000,Tx-Rx,0,-60.4125,"7.30900 2.93800 0.90000, -3.25000 -1.55000 0.10000"
1284,0.0000,Tx-Rx,0,-60.4428,"7.30900 2.93800 0.90000, -2.95000 -1.55000 0.10000"
1285,0.0000,Tx-Rx,0,-62.2738,"7.30900 2.93800 0.90000, -2.65000 -1.55000 0.10000"
1286,0.0000,Tx-Rx,0,-64.1510,"7.30900 2.93800 0.90000, -2.35000 -1.55000 0.10000"
1287,0.0000,Tx-Rx,0,-67.1242,"7.30900 2.93800 0.90000, -2.05000 -1.55000 0.10000"
1288,0.0000,Tx-Rx,0,-71.4818,"7.30900 2.93800 0.90000, -1.75000 -1.55000 0.10000"
1289,0.0000,Tx-Rx,0,-71.8394,"7.30900 2.93800 0.90000, -1.45000 -1.55000 0.10000"
1290,0.0000,Tx-Rx,0,-73.8786,"7.30900 2.93800 0.90000, -1.15000 -1.55000 0.10000"
1291,0.0000,Tx-Rx,0,-79.4938,"7.30900 2.93800 0.90000, -0.85000 -1.55000 0.10000"
1292,0.0000,Tx-Rx,0,-75.9715,"7.30900 2.93800 0.90000, -0.55000 -1.55000 0.10000"
1293,0.0000,Tx-Rx,0,-73.0456,"7.30900 2.93800 0.90000, -0.25000 -1.55000 0.10000"
1294,0.0000,Tx-Rx,0,-59.7114,"7.30900 2.93800 0.90000, 0.05000 -1.55000 0.10000"
1295,0.0000,Tx-Rx,0,-58.0229,"7.30900 2.93800 0.90000, 0.35000 -1.55000 0.10000"
1296,0.0000,Tx-Rx,0,-57.9089,"7.30900 2.93800 0.90000, 0.65000 -1.55000 0.10000"
1297,0.0000,Tx-Rx,0,-57.9338,"7.30900 2.93800 0.90000, 0.95000 -1.55000 0.10000"
1298,0.0000,Tx-Rx,0,-58.1698,"7.30900 2.93800 0.90000, 1.25000 -1.55000 0.10000"
1299,0.0000,Tx-Rx,0,-58.4029,"7.30900 2.93800 0.90000, 1.55000 -1.55000 0.10000"
1300,0.0000,Tx-Rx,0,-59.0226,"7.30900 2.93800 0.90000, 1.85000 -1.55000 0.10000"
1301,0.0000,Tx-Rx,0,-58.5001,"7.30900 2.93800 0.90000, 2.15000 -1.55000 0.10000"
1302,0.0000,Tx-Rx,0,-57.5617,"7.30900 2.93800 0.90000, 2.45000 -1.55000 0.10000"
1303,0.0000,Tx-Rx,0,-57.2854,"7.30900 2.93800 0.90000, 2.75000 -1.55000 0.10000"
1304,0.0000,Tx-Rx,0,-56.7016,"7.30900 2.93800 0.90000, 3.05000 -1.55000 0.10000"
1305,0.0000,Tx-Rx,0,-55.0802,"7.30900 2.93800 0.90000, 3.35000 -1.55000 0.10000"
1306,0.0000,Tx-Rx,0,-54.9627,"7.30900 2.93800 0.90000, 3.65000 -1.55000 0.10000"
1307,0.0000,Tx-Rx,0,-54.5865,"7.30900 2.93800 0.90000, 3.95000 -1.55000 0.10000"
1308,0.0000,Tx-Rx,0,-53.8689,"7.30900 2.93800 0.90000, 4.25000 -1.55000 0.10000"
1309,0.0000,Tx-Rx,0,-53.6320,"7.30900 2.93800 0.90000, 4.55000 -1.55000 0.10000"
1310,0.0000,Tx-Rx,0,-53.8066,"7.30900 2.93800 0.90000, 4.85000 -1.55000 0.10000"
1311,0.0000,Tx-Rx,0,-53.2307,"7.30900 2.93800 0.90000, 5.15000 -1.55000 0.10000"
1312,0.0000,Tx-Rx,0,-52.5636,"7.30900 2.93800 0.90000, 5.45000 -1.55000 0.10000"
1313,0.0000,Tx-Rx,0,-52.3438,"7.30900 2.93800 0.90000, 5.75000 -1.55000 0.10000"
1314,0.0000,Tx-Rx,0,-52.1505,"7.30900 2.93800 0.90000, 6.05000 -1.55000 0.10000"
1315,0.0000,Tx-Rx,0,-53.4212,"7.30900 2.93800 0.90000, 6.35000 -1.55000 0.10000"
1316,0.0000,Tx-Rx,0,-55.5547,"7.30900 2.93800 0.90000, 6.65000 -1.55000 0.10000"
1317,0.0000,Tx-Rx,0,-50.9821,"7.30900 2.93800 0.90000, 6.95000 -1.55000 0.10000"
1318,0.0000,Tx-Rx,0,-50.0459,"7.30900 2.93800 0.90000, 7.25000 -1.55000 0.10000"
1319,0.0000,Tx-Rx,0,-49.7457,"7.30900 2.93800 0.90000, 7.55000 -1.55000 0.10000"
1320,0.0000,Tx-Rx,0,-49.5715,"7.30900 2.93800 0.90000, 7.85000 -1.55000 0.10000"
1321,0.0000,Tx-Rx,0,-55.4781,"7.30900 2.93800 0.90000, -9.85000 -1.25000 0.10000"
1322,0.0000,Tx-Rx,0,-55.1604,"7.30900 2.93800 0.90000, -9.55000 -1.25000 0.10000"
1323,0.0000,Tx-Rx,0,-54.8397,"7.30900 2.93800 0.90000, -9.25000 -1.25000 0.10000"
1324,0.0000,Tx-Rx,0,-55.1107,"7.30900 2.93800 0.90000, -8.95000 -1.25000 0.10000"
1325,0.0000,Tx-Rx,0,-54.7110,"7.30900 2.93800 0.90000, -8.65000 -1.25000 0.10000"
1326,0.0000,Tx-Rx,0,-55.2408,"7.30900 2.93800 0.90000, -8.35000 -1.25000 0.10000"
1327,0.0000,Tx-Rx,0,-55.2491,"7.30900 2.93800 0.90000, -8.05000 -1.25000 0.10000"
1328,0.0000,Tx-Rx,0,-55.2083,"7.30900 2.93800 0.90000, -7.75000 -1.25000 0.10000"
1329,0.0000,Tx-Rx,0,-54.8028,"7.30900 2.93800 0.90000, -7.45000 -1.25000 0.10000"
1330,0.0000,Tx-Rx,0,-54.5171,"7.30900 2.93800 0.90000, -7.15000 -1.25000 0.10000"
1331,0.0000,Tx-Rx,0,-54.1070,"7.30900 2.93800 0.90000, -6.85000 -1.25000 0.10000"
1332,0.0000,Tx-Rx,0,-55.6351,"7.30900 2.93800 0.90000, -6.55000 -1.25000 0.10000"
1333,0.0000,Tx-Rx,0,-57.6055,"7.30900 2.93800 0.90000, -6.25000 -1.25000 0.10000"
1334,0.0000,Tx-Rx,0,-58.6254,"7.30900 2.93800 0.90000, -5.95000 -1.25000 0.10000"
1335,0.0000,Tx-Rx,0,-58.6218,"7.30900 2.93800 0.90000, -5.65000 -1.25000 0.10000"
1336,0.0000,Tx-Rx,0,-58.2980,"7.30900 2.93800 0.90000, -5.35000 -1.25000 0.10000"
1337,0.0000,Tx-Rx,0,-58.1582,"7.30900 2.93800 0.90000, -5.05000 -1.25000 0.10000"
1338,0.0000,Tx-Rx,0,-58.5210,"7.30900 2.93800 0.90000, -4.75000 -1.25000 0.10000"
1339,0.0000,Tx-Rx,0,-59.0082,"7.30900 2.93800 0.90000, -4.45000 -1.25000 0.10000"
1340,0.0000,Tx-Rx,0,-60.5092,"7.30900 2.93800 0.90000, -4.15000 -1.25000 0.10000"
1341,0.0000,Tx-Rx,0,-63.3799,"7.30900 2.93800 0.90000, -3.85000 -1.25000 0.10000"
1342,0.0000,Tx-Rx,0,-64.1107,"7.30900 2.93800 0.90000, -3.55000 -1.25000 0.10000"
1343,0.0000,Tx-Rx,0,-63.9976,"7.30900 2.93800 0.90000, -3.25000 -1.25000 0.10000"
1344,0.0000,Tx-Rx,0,-66.8734,"7.30900 2.93800 0.90000, -2.95000 -1.25000 0.10000"
1345,0.0000,Tx-Rx,0,-68.1000,"7.30900 2.93800 0.90000, -2.65000 -1.25000 0.10000"
1346,0.0000,Tx-Rx,0,-69.7058,"7.30900 2.93800 0.90000, -2.35000 -1.25000 0.10000"
1347,0.0000,Tx-Rx,0,-72.7021,"7.30900 2.93800 0.90000, -2.05000 -1.25000 0.10000"
1348,0.0000,Tx-Rx,0,-71.8114,"7.30900 2.93800 0.90000, -1.75000 -1.25000 0.10000"
1349,0.0000,Tx-Rx,0,-71.9014,"7.30900 2.93800 0.90000, -1.45000 -1.25000 0.10000"
1350,0.0000,Tx-Rx,0,-72.1437,"7.30900 2.93800 0.90000, -1.15000 -1.25000 0.10000"
1351,0.0000,Tx-Rx,0,-75.1890,"7.30900 2.93800 0.90000, -0.85000 -1.25000 0.10000"
1352,0.0000,Tx-Rx,0,-75.6951,"7.30900 2.93800 0.90000, -0.55000 -1.25000 0.10000"
1353,0.0000,Tx-Rx,0,-68.2602,"7.30900 2.93800 0.90000, -0.25000 -1.25000 0.10000"
1354,0.0000,Tx-Rx,0,-59.2980,"7.30900 2.93800 0.90000, 0.05000 -1.25000 0.10000"
1355,0.0000,Tx-Rx,0,-57.7326,"7.30900 2.93800 0.90000, 0.35000 -1.25000 0.10000"
1356,0.0000,Tx-Rx,0,-57.6339,"7.30900 2.93800 0.90000, 0.65000 -1.25000 0.10000"
1357,0.0000,Tx-Rx,0,-57.5548,"7.30900 2.93800 0.90000, 0.95000 -1.25000 0.10000"
1358,0.0000,Tx-Rx,0,-57.9517,"7.30900 2.93800 0.90000, 1.25000 -1.25000 0.10000"
1359,0.0000,Tx-Rx,0,-57.9369,"7.30900 2.93800 0.90000, 1.55000 -1.25000 0.10000"
1360,0.0000,Tx-Rx,0,-56.7467,"7.30900 2.93800 0.90000, 1.85000 -1.25000 0.10000"
1361,0.0000,Tx-Rx,0,-57.1192,"7.30900 2.93800 0.90000, 2.15000 -1.25000 0.10000"
1362,0.0000,Tx-Rx,0,-57.9842,"7.30900 2.93800 0.90000, 2.45000 -1.25000 0.10000"
1363,0.0000,Tx-Rx,0,-57.6338,"7.30900 2.93800 0.90000, 2.75000 -1.25000 0.10000"
1364,0.0000,Tx-Rx,0,-57.2245,"7.30900 2.93800 0.90000, 3.05000 -1.25000 0.10000"
1365,0.0000,Tx-Rx,0,-56.6049,"7.30900 2.93800 0.90000, 3.35000 -1.25000 0.10000"
1366,0.0000,Tx-Rx,0,-54.9607,"7.30900 2.93800 0.90000, 3.65000 -1.25000 0.10000"
1367,0.0000,Tx-Rx,0,-54.6894,"7.30900 2.93800 0.90000, 3.95000 -1.25000 0.10000"
1368,0.0000,Tx-Rx,0,-54.2309,"7.30900 2.93800 0.90000, 4.25000 -1.25000 0.10000"
1369,0.0000,Tx-Rx,0,-53.7281,"7.30900 2.93800 0.90000, 4.55000 -1.25000 0.10000"
1370,0.0000,Tx-Rx,0,-53.6670,"7.30900 2.93800 0.90000, 4.85000 -1.25000 0.10000"
1371,0.0000,Tx-Rx,0,-53.5868,"7.30900 2.93800 0.90000, 5.15000 -1.25000 0.10000"
1372,0.0000,Tx-Rx,0,-52.8614,"7.30900 2.93800 0.90000, 5.45000 -1.25000 0.10000"
1373,0.0000,Tx-Rx,0,-52.4698,"7.30900 2.93800 0.90000, 5.75000 -1.25000 0.10000"
1374,0.0000,Tx-Rx,0,-52.0850,"7.30900 2.93800 0.90000, 6.05000 -1.25000 0.10000"
1375,0.0000,Tx-Rx,0,-52.4755,"7.30900 2.93800 0.90000, 6.35000 -1.25000 0.10000"
1376,0.0000,Tx-Rx,0,-54.8176,"7.30900 2.93800 0.90000, 6.65000 -1.25000 0.10000"
1377,0.0000,Tx-Rx,0,-51.0780,"7.30900 2.93800 0.90000, 6.95000 -1.25000 0.10000"
1378,0.0000,Tx-Rx,0,-49.3980,"7.30900 2.93800 0.90000, 7.25000 -1.25000 0.10000"
1379,0.0000,Tx-Rx,0,-49.1802,"7.30900 2.93800 0.90000, 7.55000 -1.25000 0.10000"
1380,0.0000,Tx-Rx,0,-49.0691,"7.30900 2.93800 0.90000, 7.85000 -1.25000 0.10000"
1381,0.0000,Tx-Rx,0,-58.8436,"7.30900 2.93800 0.90000, -9.85000 -0.95000 0.10000"
1382,0.0000,Tx-Rx,0,-56.8359,"7.30900 2.93800 0.90000, -9.55000 -0.95000 0.10000"
1383,0.0000,Tx-Rx,0,-55.4781,"7.30900 2.93800 0.90000, -9.25000 -0.95000 0.10000"
1384,0.0000,Tx-Rx,0,-55.2256,"7.30900 2.93800 0.90000, -8.95000 -0.95000 0.10000"
1385,0.0000,Tx-Rx,0,-54.6585,"7.30900 2.93800 0.90000, -8.65000 -0.95000 0.10000"
1386,0.0000,Tx-Rx,0,-55.4618,"7.30900 2.93800 0.90000, -8.35000 -0.95000 0.10000"
1387,0.0000,Tx-Rx,0,-54.7905,"7.30900 2.93800 0.90000, -8.05000 -0.95000 0.10000"
1388,0.0000,Tx-Rx,0,-53.9015,"7.30900 2.93800 0.90000, -7.75000 -0.95000 0.10000"
1389,0.0000,Tx-Rx,0,-53.4073,"7.30900 2.93800 0.90000, -7.45000 -0.95000 0.10000"
1390,0.0000,Tx-Rx,0,-52.9765,"7.30900 2.93800 0.90000, -7.15000 -0.95000 0.10000"
1391,0.0000,Tx-Rx,0,-52.5333,"7.30900 2.93800 0.90000, -6.85000 -0.95000 0.10000"
1392,0.0000,Tx-Rx,0,-52.6796,"7.30900 2.93800 0.90000, -6.55000 -0.95000 0.10000"
1393,0.0000,Tx-Rx,0,-52.8407,"7.30900 2.93800 0.90000, -6.25000 -0.95000 0.10000"
1394,0.0000,Tx-Rx,0,-53.8321,"7.30900 2.93800 0.90000, -5.95000 -0.95000 0.10000"
1395,0.0000,Tx-Rx,0,-54.1302,"7.30900 2.93800 0.90000, -5.65000 -0.95000 0.10000"
1396,0.0000,Tx-Rx,0,-54.7835,"7.30900 2.93800 0.90000, -5.35000 -0.95000 0.10000"
1397,0.0000,Tx-Rx,0,-55.9923,"7.30900 2.93800 0.90000, -5.05000 -0.95000 0.10000"
1398,0.0000,Tx-Rx,0,-58.4820,"7.30900 2.93800 0.90000, -4.75000 -0.95000 0.10000"
1399,0.0000,Tx-Rx,0,-61.2259,"7.30900 2.93800 0.90000, -4.45000 -0.95000 0.10000"
1400,0.0000,Tx-Rx,0,-60.5209,"7.30900 2.93800 0.90000, -4.15000 -0.95000 0.10000"
1401,0.0000,Tx-Rx,0,-61.1970,"7.30900 2.93800 0.90000, -3.85000 -0.95000 0.10000"
1402,0.0000,Tx-Rx,0,-62.7800,"7.30900 2.93800 0.90000, -3.55000 -0.95000 0.10000"
1403,0.0000,Tx-Rx,0,-61.3797,"7.30900 2.93800 0.90000, -3.25000 -0.95000 0.10000"
1404,0.0000,Tx-Rx,0,-60.4406,"7.30900 2.93800 0.90000, -2.95000 -0.95000 0.10000"
1405,0.0000,Tx-Rx,0,-63.4468,"7.30900 2.93800 0.90000, -2.65000 -0.95000 0.10000"
1406,0.0000,Tx-Rx,0,-69.0351,"7.30900 2.93800 0.90000, -2.35000 -0.95000 0.10000"
1407,0.0000,Tx-Rx,0,-70.6421,"7.30900 2.93800 0.90000, -2.05000 -0.95000 0.10000"
1408,0.0000,Tx-Rx,0,-70.0368,"7.30900 2.93800 0.90000, -1.75000 -0.95000 0.10000"
1409,0.0000,Tx-Rx,0,-70.3821,"7.30900 2.93800 0.90000, -1.45000 -0.95000 0.10000"
1410,0.0000,Tx-Rx,0,-70.1671,"7.30900 2.93800 0.90000, -1.15000 -0.95000 0.10000"
1411,0.0000,Tx-Rx,0,-71.0542,"7.30900 2.93800 0.90000, -0.85000 -0.95000 0.10000"
1412,0.0000,Tx-Rx,0,-73.1388,"7.30900 2.93800 0.90000, -0.55000 -0.95000 0.10000"
1413,0.0000,Tx-Rx,0,-72.4286,"7.30900 2.93800 0.90000, -0.25000 -0.95000 0.10000"
1414,0.0000,Tx-Rx,0,-59.2162,"7.30900 2.93800 0.90000, 0.05000 -0.95000 0.10000"
1415,0.0000,Tx-Rx,0,-57.4128,"7.30900 2.93800 0.90000, 0.35000 -0.95000 0.10000"
1416,0.0000,Tx-Rx,0,-57.3752,"7.30900 2.93800 0.90000, 0.65000 -0.95000 0.10000"
1417,0.0000,Tx-Rx,0,-57.5279,"7.30900 2.93800 0.90000, 0.95000 -0.95000 0.10000"
1418,0.0000,Tx-Rx,0,-57.4327,"7.30900 2.93800 0.90000, 1.25000 -0.95000 0.10000"
1419,0.0000,Tx-Rx,0,-56.9113,"7.30900 2.93800 0.90000, 1.55000 -0.95000 0.10000"
1420,0.0000,Tx-Rx,0,-56.2483,"7.30900 2.93800 0.90000, 1.85000 -0.95000 0.10000"
1421,0.0000,Tx-Rx,0,-56.1196,"7.30900 2.93800 0.90000, 2.15000 -0.95000 0.10000"
1422,0.0000,Tx-Rx,0,-57.0461,"7.30900 2.93800 0.90000, 2.45000 -0.95000 0.10000"
1423,0.0000,Tx-Rx,0,-57.4368,"7.30900 2.93800 0.90000, 2.75000 -0.95000 0.10000"
1424,0.0000,Tx-Rx,0,-56.9926,"7.30900 2.93800 0.90000, 3.05000 -0.95000 0.10000"
1425,0.0000,Tx-Rx,0,-56.7255,"7.30900 2.93800 0.90000, 3.35000 -0.95000 0.10000"
1426,0.0000,Tx-Rx,0,-56.0638,"7.30900 2.93800 0.90000, 3.65000 -0.95000 0.10000"
1427,0.0000,Tx-Rx,0,-55.1355,"7.30900 2.93800 0.90000, 3.95000 -0.95000 0.10000"
1428,0.0000,Tx-Rx,0,-54.5520,"7.30900 2.93800 0.90000, 4.25000 -0.95000 0.10000"
1429,0.0000,Tx-Rx,0,-54.3622,"7.30900 2.93800 0.90000, 4.55000 -0.95000 0.10000"
1430,0.0000,Tx-Rx,0,-54.0222,"7.30900 2.93800 0.90000, 4.85000 -0.95000 0.10000"
1431,0.0000,Tx-Rx,0,-53.6211,"7.30900 2.93800 0.90000, 5.15000 -0.95000 0.10000"
1432,0.0000,Tx-Rx,0,-53.4533,"7.30900 2.93800 0.90000, 5.45000 -0.95000 0.10000"
1433,0.0000,Tx-Rx,0,-52.8479,"7.30900 2.93800 0.90000, 5.75000 -0.95000 0.10000"
1434,0.0000,Tx-Rx,0,-52.2902,"7.30900 2.93800 0.90000, 6.05000 -0.95000 0.10000"
1435,0.0000,Tx-Rx,0,-52.2018,"7.30900 2.93800 0.90000, 6.35000 -0.95000 0.10000"
1436,0.0000,Tx-Rx,0,-54.0585,"7.30900 2.93800 0.90000, 6.65000 -0.95000 0.10000"
1437,0.0000,Tx-Rx,0,-50.9906,"7.30900 2.93800 0.90000, 6.95000 -0.95000 0.10000"
1438,0.0000,Tx-Rx,0,-48.6966,"7.30900 2.93800 0.90000, 7.25000 -0.95000 0.10000"
1439,0.0000,Tx-Rx,0,-48.4510,"7.30900 2.93800 0.90000, 7.55000 -0.95000 0.10000"
1440,0.0000,Tx-Rx,0,-48.2947,"7.30900 2.93800 0.90000, 7.85000 -0.95000 0.10000"
1441,0.0000,Tx-Rx,0,-67.8477,"7.30900 2.93800 0.90000, -9.85000 -0.65000 0.10000"
1442,0.0000,Tx-Rx,0,-69.3666,"7.30900 2.93800 0.90000, -9.55000 -0.65000 0.10000"
1443,0.0000,Tx-Rx,0,-70.4168,"7.30900 2.93800 0.90000, -9.25000 -0.65000 0.10000"
1444,0.0000,Tx-Rx,0,-66.1189,"7.30900 2.93800 0.90000, -8.95000 -0.65000 0.10000"
1445,0.0000,Tx-Rx,0,-59.5947,"7.30900 2.93800 0.90000, -8.65000 -0.65000 0.10000"
1446,0.0000,Tx-Rx,0,-52.5906,"7.30900 2.93800 0.90000, -8.35000 -0.65000 0.10000"
1447,0.0000,Tx-Rx,0,-52.0315,"7.30900 2.93800 0.90000, -8.05000 -0.65000 0.10000"
1448,0.0000,Tx-Rx,0,-51.9216,"7.30900 2.93800 0.90000, -7.75000 -0.65000 0.10000"
1449,0.0000,Tx-Rx,0,-52.4237,"7.30900 2.93800 0.90000, -7.45000 -0.65000 0.10000"
1450,0.0000,Tx-Rx,0,-52.5037,"7.30900 2.93800 0.90000, -7.15000 -0.65000 0.10000"
1451,0.0000,Tx-Rx,0,-52.6569,"7.30900 2.93800 0.90000, -6.85000 -0.65000 0.10000"
1452,0.0000,Tx-Rx,0,-52.7045,"7.30900 2.93800 0.90000, -6.55000 -0.65000 0.10000"
1453,0.0000,Tx-Rx,0,-53.5191,"7.30900 2.93800 0.90000, -6.25000 -0.65000 0.10000"
1454,0.0000,Tx-Rx,0,-52.9230,"7.30900 2.93800 0.90000, -5.95000 -0.65000 0.10000"
1455,0.0000,Tx-Rx,0,-53.8679,"7.30900 2.93800 0.90000, -5.65000 -0.65000 0.10000"
1456,0.0000,Tx-Rx,0,-54.5907,"7.30900 2.93800 0.90000, -5.35000 -0.65000 0.10000"
1457,0.0000,Tx-Rx,0,-54.3881,"7.30900 2.93800 0.90000, -5.05000 -0.65000 0.10000"
1458,0.0000,Tx-Rx,0,-55.0097,"7.30900 2.93800 0.90000, -4.75000 -0.65000 0.10000"
1459,0.0000,Tx-Rx,0,-56.1263,"7.30900 2.93800 0.90000, -4.45000 -0.65000 0.10000"
1460,0.0000,Tx-Rx,0,-58.5271,"7.30900 2.93800 0.90000, -4.15000 -0.65000 0.10000"
1461,0.0000,Tx-Rx,0,-59.5077,"7.30900 2.93800 0.90000, -3.85000 -0.65000 0.10000"
1462,0.0000,Tx-Rx,0,-59.4330,"7.30900 2.93800 0.90000, -3.55000 -0.65000 0.10000"
1463,0.0000,Tx-Rx,0,-59.7656,"7.30900 2.93800 0.90000, -3.25000 -0.65000 0.10000"
1464,0.0000,Tx-Rx,0,-59.6198,"7.30900 2.93800 0.90000, -2.95000 -0.65000 0.10000"
1465,0.0000,Tx-Rx,0,-59.1585,"7.30900 2.93800 0.90000, -2.65000 -0.65000 0.10000"
1466,0.0000,Tx-Rx,0,-60.0033,"7.30900 2.93800 0.90000, -2.35000 -0.65000 0.10000"
1467,0.0000,Tx-Rx,0,-64.4245,"7.30900 2.93800 0.90000, -2.05000 -0.65000 0.10000"
1468,0.0000,Tx-Rx,0,-68.1491,"7.30900 2.93800 0.90000, -1.75000 -0.65000 0.10000"
1469,0.0000,Tx-Rx,0,-68.5447,"7.30900 2.93800 0.90000, -1.45000 -0.65000 0.10000"
1470,0.0000,Tx-Rx,0,-68.4212,"7.30900 2.93800 0.90000, -1.15000 -0.65000 0.10000"
1471,0.0000,Tx-Rx,0,-68.1996,"7.30900 2.93800 0.90000, -0.85000 -0.65000 0.10000"
1472,0.0000,Tx-Rx,0,-69.2388,"7.30900 2.93800 0.90000, -0.55000 -0.65000 0.10000"
1473,0.0000,Tx-Rx,0,-69.2053,"7.30900 2.93800 0.90000, -0.25000 -0.65000 0.10000"
1474,0.0000,Tx-Rx,0,-58.7688,"7.30900 2.93800 0.90000, 0.05000 -0.65000 0.10000"
1475,0.0000,Tx-Rx,0,-57.1601,"7.30900 2.93800 0.90000, 0.35000 -0.65000 0.10000"
1476,0.0000,Tx-Rx,0,-57.1106,"7.30900 2.93800 0.90000, 0.65000 -0.65000 0.10000"
1477,0.0000,Tx-Rx,0,-57.0923,"7.30900 2.93800 0.90000, 0.95000 -0.65000 0.10000"
1478,0.0000,Tx-Rx,0,-56.6226,"7.30900 2.93800 0.90000, 1.25000 -0.65000 0.10000"
1479,0.0000,Tx-Rx,0,-56.1279,"7.30900 2.93800 0.90000, 1.55000 -0.65000 0.10000"
1480,0.0000,Tx-Rx,0,-55.6871,"7.30900 2.93800 0.90000, 1.85000 -0.65000 0.10000"
1481,0.0000,Tx-Rx,0,-55.4496,"7.30900 2.93800 0.90000, 2.15000 -0.65000 0.10000"
1482,0.0000,Tx-Rx,0,-55.4480,"7.30900 2.93800 0.90000, 2.45000 -0.65000 0.10000"
1483,0.0000,Tx-Rx,0,-56.9261,"7.30900 2.93800 0.90000, 2.75000 -0.65000 0.10000"
1484,0.0000,Tx-Rx,0,-57.0244,"7.30900 2.93800 0.90000, 3.05000 -0.65000 0.10000"
1485,0.0000,Tx-Rx,0,-56.7512,"7.30900 2.93800 0.90000, 3.35000 -0.65000 0.10000"
1486,0.0000,Tx-Rx,0,-56.4791,"7.30900 2.93800 0.90000, 3.65000 -0.65000 0.10000"
1487,0.0000,Tx-Rx,0,-55.7800,"7.30900 2.93800 0.90000, 3.95000 -0.65000 0.10000"
1488,0.0000,Tx-Rx,0,-55.0706,"7.30900 2.93800 0.90000, 4.25000 -0.65000 0.10000"
1489,0.0000,Tx-Rx,0,-54.7946,"7.30900 2.93800 0.90000, 4.55000 -0.65000 0.10000"
1490,0.0000,Tx-Rx,0,-54.5677,"7.30900 2.93800 0.90000, 4.85000 -0.65000 0.10000"
1491,0.0000,Tx-Rx,0,-54.0949,"7.30900 2.93800 0.90000, 5.15000 -0.65000 0.10000"
1492,0.0000,Tx-Rx,0,-53.6481,"7.30900 2.93800 0.90000, 5.45000 -0.65000 0.10000"
1493,0.0000,Tx-Rx,0,-52.9959,"7.30900 2.93800 0.90000, 5.75000 -0.65000 0.10000"
1494,0.0000,Tx-Rx,0,-52.0352,"7.30900 2.93800 0.90000, 6.05000 -0.65000 0.10000"
1495,0.0000,Tx-Rx,0,-51.9883,"7.30900 2.93800 0.90000, 6.35000 -0.65000 0.10000"
1496,0.0000,Tx-Rx,0,-52.5908,"7.30900 2.93800 0.90000, 6.65000 -0.65000 0.10000"
1497,0.0000,Tx-Rx,0,-50.7933,"7.30900 2.93800 0.90000, 6.95000 -0.65000 0.10000"
1498,0.0000,Tx-Rx,0,-48.4938,"7.30900 2.93800 0.90000, 7.25000 -0.65000 0.10000"
1499,0.0000,Tx-Rx,0,-47.6234,"7.30900 2.93800 0.90000, 7.55000 -0.65000 0.10000"
1500,0.0000,Tx-Rx,0,-47.7190,"7.30900 2.93800 0.90000, 7.85000 -0.65000 0.10000"
1501,0.0000,Tx-Rx,0,-62.0237,"7.30900 2.93800 0.90000, -9.85000 -0.35000 0.10000"
1502,0.0000,Tx-Rx,0,-63.6801,"7.30900 2.93800 0.90000, -9.55000 -0.35000 0.10000"
1503,0.0000,Tx-Rx,0,-64.4553,"7.30900 2.93800 0.90000, -9.25000 -0.35000 0.10000"
1504,0.0000,Tx-Rx,0,-85.9553,"7.30900 2.93800 0.90000, -8.95000 -0.35000 0.10000"
1505,0.0000,Tx-Rx,0,-64.8597,"7.30900 2.93800 0.90000, -8.65000 -0.35000 0.10000"
1506,0.0000,Tx-Rx,0,-52.5610,"7.30900 2.93800 0.90000, -8.35000 -0.35000 0.10000"
1507,0.0000,Tx-Rx,0,-52.4748,"7.30900 2.93800 0.90000, -8.05000 -0.35000 0.10000"
1508,0.0000,Tx-Rx,0,-52.5662,"7.30900 2.93800 0.90000, -7.75000 -0.35000 0.10000"
1509,0.0000,Tx-Rx,0,-52.6750,"7.30900 2.93800 0.90000, -7.45000 -0.35000 0.10000"
1510,0.0000,Tx-Rx,0,-51.8706,"7.30900 2.93800 0.90000, -7.15000 -0.35000 0.10000"
1511,0.0000,Tx-Rx,0,-52.3247,"7.30900 2.93800 0.90000, -6.85000 -0.35000 0.10000"
1512,0.0000,Tx-Rx,0,-52.7893,"7.30900 2.93800 0.90000, -6.55000 -0.35000 0.10000"
1513,0.0000,Tx-Rx,0,-54.1509,"7.30900 2.93800 0.90000, -6.25000 -0.35000 0.10000"
1514,0.0000,Tx-Rx,0,-54.8113,"7.30900 2.93800 0.90000, -5.95000 -0.35000 0.10000"
1515,0.0000,Tx-Rx,0,-54.7934,"7.30900 2.93800 0.90000, -5.65000 -0.35000 0.10000"
1516,0.0000,Tx-Rx,0,-55.4893,"7.30900 2.93800 0.90000, -5.35000 -0.35000 0.10000"
1517,0.0000,Tx-Rx,0,-56.0267,"7.30900 2.93800 0.90000, -5.05000 -0.35000 0.10000"
1518,0.0000,Tx-Rx,0,-55.4727,"7.30900 2.93800 0.90000, -4.75000 -0.35000 0.10000"
1519,0.0000,Tx-Rx,0,-55.4391,"7.30900 2.93800 0.90000, -4.45000 -0.35000 0.10000"
1520,0.0000,Tx-Rx,0,-55.1782,"7.30900 2.93800 0.90000, -4.15000 -0.35000 0.10000"
1521,0.0000,Tx-Rx,0,-55.4056,"7.30900 2.93800 0.90000, -3.85000 -0.35000 0.10000"
1522,0.0000,Tx-Rx,0,-55.9030,"7.30900 2.93800 0.90000, -3.55000 -0.35000 0.10000"
1523,0.0000,Tx-Rx,0,-56.4967,"7.30900 2.93800 0.90000, -3.25000 -0.35000 0.10000"
1524,0.0000,Tx-Rx,0,-58.3584,"7.30900 2.93800 0.90000, -2.95000 -0.35000 0.10000"
1525,0.0000,Tx-Rx,0,-59.2889,"7.30900 2.93800 0.90000, -2.65000 -0.35000 0.10000"
1526,0.0000,Tx-Rx,0,-58.7897,"7.30900 2.93800 0.90000, -2.35000 -0.35000 0.10000"
1527,0.0000,Tx-Rx,0,-58.8337,"7.30900 2.93800 0.90000, -2.05000 -0.35000 0.10000"
1528,0.0000,Tx-Rx,0,-60.5594,"7.30900 2.93800 0.90000, -1.75000 -0.35000 0.10000"
1529,0.0000,Tx-Rx,0,-64.9696,"7.30900 2.93800 0.90000, -1.45000 -0.35000 0.10000"
1530,0.0000,Tx-Rx,0,-65.6714,"7.30900 2.93800 0.90000, -1.15000 -0.35000 0.10000"
1531,0.0000,Tx-Rx,0,-65.8090,"7.30900 2.93800 0.90000, -0.85000 -0.35000 0.10000"
1532,0.0000,Tx-Rx,0,-66.3942,"7.30900 2.93800 0.90000, -0.55000 -0.35000 0.10000"
1533,0.0000,Tx-Rx,0,-66.8711,"7.30900 2.93800 0.90000, -0.25000 -0.35000 0.10000"
1534,0.0000,Tx-Rx,0,-58.2746,"7.30900 2.93800 0.90000, 0.05000 -0.35000 0.10000"
1535,0.0000,Tx-Rx,0,-56.6753,"7.30900 2.93800 0.90000, 0.35000 -0.35000 0.10000"
1536,0.0000,Tx-Rx,0,-56.6791,"7.30900 2.93800 0.90000, 0.65000 -0.35000 0.10000"
1537,0.0000,Tx-Rx,0,-55.7074,"7.30900 2.93800 0.90000, 0.95000 -0.35000 0.10000"
1538,0.0000,Tx-Rx,0,-54.8945,"7.30900 2.93800 0.90000, 1.25000 -0.35000 0.10000"
1539,0.0000,Tx-Rx,0,-54.8803,"7.30900 2.93800 0.90000, 1.55000 -0.35000 0.10000"
1540,0.0000,Tx-Rx,0,-55.0223,"7.30900 2.93800 0.90000, 1.85000 -0.35000 0.10000"
1541,0.0000,Tx-Rx,0,-55.0551,"7.30900 2.93800 0.90000, 2.15000 -0.35000 0.10000"
1542,0.0000,Tx-Rx,0,-54.9810,"7.30900 2.93800 0.90000, 2.45000 -0.35000 0.10000"
1543,0.0000,Tx-Rx,0,-56.1595,"7.30900 2.93800 0.90000, 2.75000 -0.35000 0.10000"
1544,0.0000,Tx-Rx,0,-56.5940,"7.30900 2.93800 0.90000, 3.05000 -0.35000 0.10000"
1545,0.0000,Tx-Rx,0,-57.0563,"7.30900 2.93800 0.90000, 3.35000 -0.35000 0.10000"
1546,0.0000,Tx-Rx,0,-56.9675,"7.30900 2.93800 0.90000, 3.65000 -0.35000 0.10000"
1547,0.0000,Tx-Rx,0,-56.7067,"7.30900 2.93800 0.90000, 3.95000 -0.35000 0.10000"
1548,0.0000,Tx-Rx,0,-55.8030,"7.30900 2.93800 0.90000, 4.25000 -0.35000 0.10000"
1549,0.0000,Tx-Rx,0,-55.0167,"7.30900 2.93800 0.90000, 4.55000 -0.35000 0.10000"
1550,0.0000,Tx-Rx,0,-54.5301,"7.30900 2.93800 0.90000, 4.85000 -0.35000 0.10000"
1551,0.0000,Tx-Rx,0,-54.5256,"7.30900 2.93800 0.90000, 5.15000 -0.35000 0.10000"
1552,0.0000,Tx-Rx,0,-53.8299,"7.30900 2.93800 0.90000, 5.45000 -0.35000 0.10000"
1553,0.0000,Tx-Rx,0,-53.0738,"7.30900 2.93800 0.90000, 5.75000 -0.35000 0.10000"
1554,0.0000,Tx-Rx,0,-51.8244,"7.30900 2.93800 0.90000, 6.05000 -0.35000 0.10000"
1555,0.0000,Tx-Rx,0,-51.7395,"7.30900 2.93800 0.90000, 6.35000 -0.35000 0.10000"
1556,0.0000,Tx-Rx,0,-51.8941,"7.30900 2.93800 0.90000, 6.65000 -0.35000 0.10000"
1557,0.0000,Tx-Rx,0,-50.0551,"7.30900 2.93800 0.90000, 6.95000 -0.35000 0.10000"
1558,0.0000,Tx-Rx,0,-47.7594,"7.30900 2.93800 0.90000, 7.25000 -0.35000 0.10000"
1559,0.0000,Tx-Rx,0,-46.4599,"7.30900 2.93800 0.90000, 7.55000 -0.35000 0.10000"
1560,0.0000,Tx-Rx,0,-46.9528,"7.30900 2.93800 0.90000, 7.85000 -0.35000 0.10000"
1561,0.0000,Tx-Rx,0,-55.6527,"7.30900 2.93800 0.90000, -9.85000 -0.05000 0.10000"
1562,0.0000,Tx-Rx,0,-54.9570,"7.30900 2.93800 0.90000, -9.55000 -0.05000 0.10000"
1563,0.0000,Tx-Rx,0,-54.3165,"7.30900 2.93800 0.90000, -9.25000 -0.05000 0.10000"
1564,0.0000,Tx-Rx,0,-55.1464,"7.30900 2.93800 0.90000, -8.95000 -0.05000 0.10000"
1565,0.0000,Tx-Rx,0,-56.3188,"7.30900 2.93800 0.90000, -8.65000 -0.05000 0.10000"
1566,0.0000,Tx-Rx,0,-53.9224,"7.30900 2.93800 0.90000, -8.35000 -0.05000 0.10000"
1567,0.0000,Tx-Rx,0,-54.1597,"7.30900 2.93800 0.90000, -8.05000 -0.05000 0.10000"
1568,0.0000,Tx-Rx,0,-54.3376,"7.30900 2.93800 0.90000, -7.75000 -0.05000 0.10000"
1569,0.0000,Tx-Rx,0,-54.4441,"7.30900 2.93800 0.90000, -7.45000 -0.05000 0.10000"
1570,0.0000,Tx-Rx,0,-54.6699,"7.30900 2.93800 0.90000, -7.15000 -0.05000 0.10000"
1571,0.0000,Tx-Rx,0,-54.8556,"7.30900 2.93800 0.90000, -6.85000 -0.05000 0.10000"
1572,0.0000,Tx-Rx,0,-54.1100,"7.30900 2.93800 0.90000, -6.55000 -0.05000 0.10000"
1573,0.0000,Tx-Rx,0,-54.4738,"7.30900 2.93800 0.90000, -6.25000 -0.05000 0.10000"
1574,0.0000,Tx-Rx,0,-54.8487,"7.30900 2.93800 0.90000, -5.95000 -0.05000 0.10000"
1575,0.0000,Tx-Rx,0,-54.1421,"7.30900 2.93800 0.90000, -5.65000 -0.05000 0.10000"
1576,0.0000,Tx-Rx,0,-54.5186,"7.30900 2.93800 0.90000, -5.35000 -0.05000 0.10000"
1577,0.0000,Tx-Rx,0,-54.8959,"7.30900 2.93800 0.90000, -5.05000 -0.05000 0.10000"
1578,0.0000,Tx-Rx,0,-54.8379,"7.30900 2.93800 0.90000, -4.75000 -0.05000 0.10000"
1579,0.0000,Tx-Rx,0,-55.0655,"7.30900 2.93800 0.90000, -4.45000 -0.05000 0.10000"
1580,0.0000,Tx-Rx,0,-54.8110,"7.30900 2.93800 0.90000, -4.15000 -0.05000 0.10000"
1581,0.0000,Tx-Rx,0,-54.3316,"7.30900 2.93800 0.90000, -3.85000 -0.05000 0.10000"
1582,0.0000,Tx-Rx,0,-53.9721,"7.30900 2.93800 0.90000, -3.55000 -0.05000 0.10000"
1583,0.0000,Tx-Rx,0,-53.7776,"7.30900 2.93800 0.90000, -3.25000 -0.05000 0.10000"
1584,0.0000,Tx-Rx,0,-53.7671,"7.30900 2.93800 0.90000, -2.95000 -0.05000 0.10000"
1585,0.0000,Tx-Rx,0,-54.2778,"7.30900 2.93800 0.90000, -2.65000 -0.05000 0.10000"
1586,0.0000,Tx-Rx,0,-55.2897,"7.30900 2.93800 0.90000, -2.35000 -0.05000 0.10000"
1587,0.0000,Tx-Rx,0,-56.9465,"7.30900 2.93800 0.90000, -2.05000 -0.05000 0.10000"
1588,0.0000,Tx-Rx,0,-58.4463,"7.30900 2.93800 0.90000, -1.75000 -0.05000 0.10000"
1589,0.0000,Tx-Rx,0,-58.8332,"7.30900 2.93800 0.90000, -1.45000 -0.05000 0.10000"
1590,0.0000,Tx-Rx,0,-61.6159,"7.30900 2.93800 0.90000, -1.15000 -0.05000 0.10000"
1591,0.0000,Tx-Rx,0,-65.4769,"7.30900 2.93800 0.90000, -0.85000 -0.05000 0.10000"
1592,0.0000,Tx-Rx,0,-65.5344,"7.30900 2.93800 0.90000, -0.55000 -0.05000 0.10000"
1593,0.0000,Tx-Rx,0,-66.5113,"7.30900 2.93800 0.90000, -0.25000 -0.05000 0.10000"
1594,0.0000,Tx-Rx,0,-57.4291,"7.30900 2.93800 0.90000, 0.05000 -0.05000 0.10000"
1595,0.0000,Tx-Rx,0,-55.4615,"7.30900 2.93800 0.90000, 0.35000 -0.05000 0.10000"
1596,0.0000,Tx-Rx,0,-54.7859,"7.30900 2.93800 0.90000, 0.65000 -0.05000 0.10000"
1597,0.0000,Tx-Rx,0,-54.3049,"7.30900 2.93800 0.90000, 0.95000 -0.05000 0.10000"
1598,0.0000,Tx-Rx,0,-54.4285,"7.30900 2.93800 0.90000, 1.25000 -0.05000 0.10000"
1599,0.0000,Tx-Rx,0,-54.8447,"7.30900 2.93800 0.90000, 1.55000 -0.05000 0.10000"
1600,0.0000,Tx-Rx,0,-54.9567,"7.30900 2.93800 0.90000, 1.85000 -0.05000 0.10000"
1601,0.0000,Tx-Rx,0,-55.0570,"7.30900 2.93800 0.90000, 2.15000 -0.05000 0.10000"
1602,0.0000,Tx-Rx,0,-55.1786,"7.30900 2.93800 0.90000, 2.45000 -0.05000 0.10000"
1603,0.0000,Tx-Rx,0,-56.8775,"7.30900 2.93800 0.90000, 2.75000 -0.05000 0.10000"
1604,0.0000,Tx-Rx,0,-57.0884,"7.30900 2.93800 0.90000, 3.05000 -0.05000 0.10000"
1605,0.0000,Tx-Rx,0,-57.2654,"7.30900 2.93800 0.90000, 3.35000 -0.05000 0.10000"
1606,0.0000,Tx-Rx,0,-57.4575,"7.30900 2.93800 0.90000, 3.65000 -0.05000 0.10000"
1607,0.0000,Tx-Rx,0,-57.3065,"7.30900 2.93800 0.90000, 3.95000 -0.05000 0.10000"
1608,0.0000,Tx-Rx,0,-57.0577,"7.30900 2.93800 0.90000, 4.25000 -0.05000 0.10000"
1609,0.0000,Tx-Rx,0,-55.9058,"7.30900 2.93800 0.90000, 4.55000 -0.05000 0.10000"
1610,0.0000,Tx-Rx,0,-54.9834,"7.30900 2.93800 0.90000, 4.85000 -0.05000 0.10000"
1611,0.0000,Tx-Rx,0,-54.7806,"7.30900 2.93800 0.90000, 5.15000 -0.05000 0.10000"
1612,0.0000,Tx-Rx,0,-54.7563,"7.30900 2.93800 0.90000, 5.45000 -0.05000 0.10000"
1613,0.0000,Tx-Rx,0,-53.2131,"7.30900 2.93800 0.90000, 5.75000 -0.05000 0.10000"
1614,0.0000,Tx-Rx,0,-51.5598,"7.30900 2.93800 0.90000, 6.05000 -0.05000 0.10000"
1615,0.0000,Tx-Rx,0,-51.3805,"7.30900 2.93800 0.90000, 6.35000 -0.05000 0.10000"
1616,0.0000,Tx-Rx,0,-51.3613,"7.30900 2.93800 0.90000, 6.65000 -0.05000 0.10000"
1617,0.0000,Tx-Rx,0,-48.9593,"7.30900 2.93800 0.90000, 6.95000 -0.05000 0.10000"
1618,0.0000,Tx-Rx,0,-46.5991,"7.30900 2.93800 0.90000, 7.25000 -0.05000 0.10000"
1619,0.0000,Tx-Rx,0,-45.7217,"7.30900 2.93800 0.90000, 7.55000 -0.05000 0.10000"
1620,0.0000,Tx-Rx,0,-45.8751,"7.30900 2.93800 0.90000, 7.85000 -0.05000 0.10000"
1621,0.0000,Tx-Rx,0,-58.0109,"7.30900 2.93800 0.90000, -9.85000 0.25000 0.10000"
1622,0.0000,Tx-Rx,0,-58.9126,"7.30900 2.93800 0.90000, -9.55000 0.25000 0.10000"
1623,0.0000,Tx-Rx,0,-59.2494,"7.30900 2.93800 0.90000, -9.25000 0.25000 0.10000"
1624,0.0000,Tx-Rx,0,-58.9584,"7.30900 2.93800 0.90000, -8.95000 0.25000 0.10000"
1625,0.0000,Tx-Rx,0,-57.5520,"7.30900 2.93800 0.90000, -8.65000 0.25000 0.10000"
1626,0.0000,Tx-Rx,0,-56.5565,"7.30900 2.93800 0.90000, -8.35000 0.25000 0.10000"
1627,0.0000,Tx-Rx,0,-55.7253,"7.30900 2.93800 0.90000, -8.05000 0.25000 0.10000"
1628,0.0000,Tx-Rx,0,-54.8450,"7.30900 2.93800 0.90000, -7.75000 0.25000 0.10000"
1629,0.0000,Tx-Rx,0,-54.4396,"7.30900 2.93800 0.90000, -7.45000 0.25000 0.10000"
1630,0.0000,Tx-Rx,0,-53.6684,"7.30900 2.93800 0.90000, -7.15000 0.25000 0.10000"
1631,0.0000,Tx-Rx,0,-53.5044,"7.30900 2.93800 0.90000, -6.85000 0.25000 0.10000"
1632,0.0000,Tx-Rx,0,-53.2408,"7.30900 2.93800 0.90000, -6.55000 0.25000 0.10000"
1633,0.0000,Tx-Rx,0,-54.7197,"7.30900 2.93800 0.90000, -6.25000 0.25000 0.10000"
1634,0.0000,Tx-Rx,0,-54.8359,"7.30900 2.93800 0.90000, -5.95000 0.25000 0.10000"
1635,0.0000,Tx-Rx,0,-54.7393,"7.30900 2.93800 0.90000, -5.65000 0.25000 0.10000"
1636,0.0000,Tx-Rx,0,-54.5139,"7.30900 2.93800 0.90000, -5.35000 0.25000 0.10000"
1637,0.0000,Tx-Rx,0,-55.5512,"7.30900 2.93800 0.90000, -5.05000 0.25000 0.10000"
1638,0.0000,Tx-Rx,0,-55.3862,"7.30900 2.93800 0.90000, -4.75000 0.25000 0.10000"
1639,0.0000,Tx-Rx,0,-54.8853,"7.30900 2.93800 0.90000, -4.45000 0.25000 0.10000"
1640,0.0000,Tx-Rx,0,-55.0112,"7.30900 2.93800 0.90000, -4.15000 0.25000 0.10000"
1641,0.0000,Tx-Rx,0,-55.1424,"7.30900 2.93800 0.90000, -3.85000 0.25000 0.10000"
1642,0.0000,Tx-Rx,0,-54.3566,"7.30900 2.93800 0.90000, -3.55000 0.25000 0.10000"
1643,0.0000,Tx-Rx,0,-53.7661,"7.30900 2.93800 0.90000, -3.25000 0.25000 0.10000"
1644,0.0000,Tx-Rx,0,-53.6235,"7.30900 2.93800 0.90000, -2.95000 0.25000 0.10000"
1645,0.0000,Tx-Rx,0,-53.5504,"7.30900 2.93800 0.90000, -2.65000 0.25000 0.10000"
1646,0.0000,Tx-Rx,0,-53.2859,"7.30900 2.93800 0.90000, -2.35000 0.25000 0.10000"
1647,0.0000,Tx-Rx,0,-53.0910,"7.30900 2.93800 0.90000, -2.05000 0.25000 0.10000"
1648,0.0000,Tx-Rx,0,-53.3412,"7.30900 2.93800 0.90000, -1.75000 0.25000 0.10000"
1649,0.0000,Tx-Rx,0,-54.2605,"7.30900 2.93800 0.90000, -1.45000 0.25000 0.10000"
1650,0.0000,Tx-Rx,0,-56.0590,"7.30900 2.93800 0.90000, -1.15000 0.25000 0.10000"
1651,0.0000,Tx-Rx,0,-58.9988,"7.30900 2.93800 0.90000, -0.85000 0.25000 0.10000"
1652,0.0000,Tx-Rx,0,-64.2254,"7.30900 2.93800 0.90000, -0.55000 0.25000 0.10000"
1653,0.0000,Tx-Rx,0,-70.1150,"7.30900 2.93800 0.90000, -0.25000 0.25000 0.10000"
1654,0.0000,Tx-Rx,0,-52.8484,"7.30900 2.93800 0.90000, 0.05000 0.25000 0.10000"
1655,0.0000,Tx-Rx,0,-51.6645,"7.30900 2.93800 0.90000, 0.35000 0.25000 0.10000"
1656,0.0000,Tx-Rx,0,-52.7472,"7.30900 2.93800 0.90000, 0.65000 0.25000 0.10000"
1657,0.0000,Tx-Rx,0,-53.7258,"7.30900 2.93800 0.90000, 0.95000 0.25000 0.10000"
1658,0.0000,Tx-Rx,0,-54.3988,"7.30900 2.93800 0.90000, 1.25000 0.25000 0.10000"
1659,0.0000,Tx-Rx,0,-54.8627,"7.30900 2.93800 0.90000, 1.55000 0.25000 0.10000"
1660,0.0000,Tx-Rx,0,-55.2932,"7.30900 2.93800 0.90000, 1.85000 0.25000 0.10000"
1661,0.0000,Tx-Rx,0,-55.2789,"7.30900 2.93800 0.90000, 2.15000 0.25000 0.10000"
1662,0.0000,Tx-Rx,0,-55.1543,"7.30900 2.93800 0.90000, 2.45000 0.25000 0.10000"
1663,0.0000,Tx-Rx,0,-56.5977,"7.30900 2.93800 0.90000, 2.75000 0.25000 0.10000"
1664,0.0000,Tx-Rx,0,-56.6154,"7.30900 2.93800 0.90000, 3.05000 0.25000 0.10000"
1665,0.0000,Tx-Rx,0,-56.7758,"7.30900 2.93800 0.90000, 3.35000 0.25000 0.10000"
1666,0.0000,Tx-Rx,0,-56.9058,"7.30900 2.93800 0.90000, 3.65000 0.25000 0.10000"
1667,0.0000,Tx-Rx,0,-56.9665,"7.30900 2.93800 0.90000, 3.95000 0.25000 0.10000"
1668,0.0000,Tx-Rx,0,-56.4192,"7.30900 2.93800 0.90000, 4.25000 0.25000 0.10000"
1669,0.0000,Tx-Rx,0,-55.3622,"7.30900 2.93800 0.90000, 4.55000 0.25000 0.10000"
1670,0.0000,Tx-Rx,0,-54.4698,"7.30900 2.93800 0.90000, 4.85000 0.25000 0.10000"
1671,0.0000,Tx-Rx,0,-54.3187,"7.30900 2.93800 0.90000, 5.15000 0.25000 0.10000"
1672,0.0000,Tx-Rx,0,-54.6711,"7.30900 2.93800 0.90000, 5.45000 0.25000 0.10000"
1673,0.0000,Tx-Rx,0,-54.2269,"7.30900 2.93800 0.90000, 5.75000 0.25000 0.10000"
1674,0.0000,Tx-Rx,0,-50.5088,"7.30900 2.93800 0.90000, 6.05000 0.25000 0.10000"
1675,0.0000,Tx-Rx,0,-49.6430,"7.30900 2.93800 0.90000, 6.35000 0.25000 0.10000"
1676,0.0000,Tx-Rx,0,-51.0784,"7.30900 2.93800 0.90000, 6.65000 0.25000 0.10000"
1677,0.0000,Tx-Rx,0,-48.9550,"7.30900 2.93800 0.90000, 6.95000 0.25000 0.10000"
1678,0.0000,Tx-Rx,0,-45.2550,"7.30900 2.93800 0.90000, 7.25000 0.25000 0.10000"
1679,0.0000,Tx-Rx,0,-45.2955,"7.30900 2.93800 0.90000, 7.55000 0.25000 0.10000"
1680,0.0000,Tx-Rx,0,-45.1395,"7.30900 2.93800 0.90000, 7.85000 0.25000 0.10000"
1681,0.0000,Tx-Rx,0,-56.7913,"7.30900 2.93800 0.90000, -9.85000 0.55000 0.10000"
1682,0.0000,Tx-Rx,0,-57.1418,"7.30900 2.93800 0.90000, -9.55000 0.55000 0.10000"
1683,0.0000,Tx-Rx,0,-57.6412,"7.30900 2.93800 0.90000, -9.25000 0.55000 0.10000"
1684,0.0000,Tx-Rx,0,-58.3455,"7.30900 2.93800 0.90000, -8.95000 0.55000 0.10000"
1685,0.0000,Tx-Rx,0,-59.3835,"7.30900 2.93800 0.90000, -8.65000 0.55000 0.10000"
1686,0.0000,Tx-Rx,0,-59.1231,"7.30900 2.93800 0.90000, -8.35000 0.55000 0.10000"
1687,0.0000,Tx-Rx,0,-58.4059,"7.30900 2.93800 0.90000, -8.05000 0.55000 0.10000"
1688,0.0000,Tx-Rx,0,-57.3973,"7.30900 2.93800 0.90000, -7.75000 0.55000 0.10000"
1689,0.0000,Tx-Rx,0,-56.6124,"7.30900 2.93800 0.90000, -7.45000 0.55000 0.10000"
1690,0.0000,Tx-Rx,0,-55.4957,"7.30900 2.93800 0.90000, -7.15000 0.55000 0.10000"
1691,0.0000,Tx-Rx,0,-56.0000,"7.30900 2.93800 0.90000, -6.85000 0.55000 0.10000"
1692,0.0000,Tx-Rx,0,-55.2490,"7.30900 2.93800 0.90000, -6.55000 0.55000 0.10000"
1693,0.0000,Tx-Rx,0,-55.3901,"7.30900 2.93800 0.90000, -6.25000 0.55000 0.10000"
1694,0.0000,Tx-Rx,0,-55.3694,"7.30900 2.93800 0.90000, -5.95000 0.55000 0.10000"
1695,0.0000,Tx-Rx,0,-54.7467,"7.30900 2.93800 0.90000, -5.65000 0.55000 0.10000"
1696,0.0000,Tx-Rx,0,-53.9624,"7.30900 2.93800 0.90000, -5.35000 0.55000 0.10000"
1697,0.0000,Tx-Rx,0,-54.8715,"7.30900 2.93800 0.90000, -5.05000 0.55000 0.10000"
1698,0.0000,Tx-Rx,0,-54.0318,"7.30900 2.93800 0.90000, -4.75000 0.55000 0.10000"
1699,0.0000,Tx-Rx,0,-53.6903,"7.30900 2.93800 0.90000, -4.45000 0.55000 0.10000"
1700,0.0000,Tx-Rx,0,-54.3902,"7.30900 2.93800 0.90000, -4.15000 0.55000 0.10000"
1701,0.0000,Tx-Rx,0,-54.2085,"7.30900 2.93800 0.90000, -3.85000 0.55000 0.10000"
1702,0.0000,Tx-Rx,0,-54.0538,"7.30900 2.93800 0.90000, -3.55000 0.55000 0.10000"
1703,0.0000,Tx-Rx,0,-53.8112,"7.30900 2.93800 0.90000, -3.25000 0.55000 0.10000"
1704,0.0000,Tx-Rx,0,-53.5956,"7.30900 2.93800 0.90000, -2.95000 0.55000 0.10000"
1705,0.0000,Tx-Rx,0,-53.5211,"7.30900 2.93800 0.90000, -2.65000 0.55000 0.10000"
1706,0.0000,Tx-Rx,0,-53.3577,"7.30900 2.93800 0.90000, -2.35000 0.55000 0.10000"
1707,0.0000,Tx-Rx,0,-53.0163,"7.30900 2.93800 0.90000, -2.05000 0.55000 0.10000"
1708,0.0000,Tx-Rx,0,-52.7570,"7.30900 2.93800 0.90000, -1.75000 0.55000 0.10000"
1709,0.0000,Tx-Rx,0,-52.6383,"7.30900 2.93800 0.90000, -1.45000 0.55000 0.10000"
1710,0.0000,Tx-Rx,0,-52.3337,"7.30900 2.93800 0.90000, -1.15000 0.55000 0.10000"
1711,0.0000,Tx-Rx,0,-52.3265,"7.30900 2.93800 0.90000, -0.85000 0.55000 0.10000"
1712,0.0000,Tx-Rx,0,-53.2270,"7.30900 2.93800 0.90000, -0.55000 0.55000 0.10000"
1713,0.0000,Tx-Rx,0,-55.4530,"7.30900 2.93800 0.90000, -0.25000 0.55000 0.10000"
1714,0.0000,Tx-Rx,0,-52.2217,"7.30900 2.93800 0.90000, 0.05000 0.55000 0.10000"
1715,0.0000,Tx-Rx,0,-50.5089,"7.30900 2.93800 0.90000, 0.35000 0.55000 0.10000"
1716,0.0000,Tx-Rx,0,-50.3183,"7.30900 2.93800 0.90000, 0.65000 0.55000 0.10000"
1717,0.0000,Tx-Rx,0,-50.6267,"7.30900 2.93800 0.90000, 0.95000 0.55000 0.10000"
1718,0.0000,Tx-Rx,0,-51.7723,"7.30900 2.93800 0.90000, 1.25000 0.55000 0.10000"
1719,0.0000,Tx-Rx,0,-53.7775,"7.30900 2.93800 0.90000, 1.55000 0.55000 0.10000"
1720,0.0000,Tx-Rx,0,-54.3929,"7.30900 2.93800 0.90000, 1.85000 0.55000 0.10000"
1721,0.0000,Tx-Rx,0,-54.3721,"7.30900 2.93800 0.90000, 2.15000 0.55000 0.10000"
1722,0.0000,Tx-Rx,0,-54.4572,"7.30900 2.93800 0.90000, 2.45000 0.55000 0.10000"
1723,0.0000,Tx-Rx,0,-55.9970,"7.30900 2.93800 0.90000, 2.75000 0.55000 0.10000"
1724,0.0000,Tx-Rx,0,-56.1908,"7.30900 2.93800 0.90000, 3.05000 0.55000 0.10000"
1725,0.0000,Tx-Rx,0,-56.1877,"7.30900 2.93800 0.90000, 3.35000 0.55000 0.10000"
1726,0.0000,Tx-Rx,0,-56.4885,"7.30900 2.93800 0.90000, 3.65000 0.55000 0.10000"
1727,0.0000,Tx-Rx,0,-56.8082,"7.30900 2.93800 0.90000, 3.95000 0.55000 0.10000"
1728,0.0000,Tx-Rx,0,-56.8556,"7.30900 2.93800 0.90000, 4.25000 0.55000 0.10000"
1729,0.0000,Tx-Rx,0,-56.0713,"7.30900 2.93800 0.90000, 4.55000 0.55000 0.10000"
1730,0.0000,Tx-Rx,0,-54.8901,"7.30900 2.93800 0.90000, 4.85000 0.55000 0.10000"
1731,0.0000,Tx-Rx,0,-54.1537,"7.30900 2.93800 0.90000, 5.15000 0.55000 0.10000"
1732,0.0000,Tx-Rx,0,-54.7368,"7.30900 2.93800 0.90000, 5.45000 0.55000 0.10000"
1733,0.0000,Tx-Rx,0,-54.3424,"7.30900 2.93800 0.90000, 5.75000 0.55000 0.10000"
1734,0.0000,Tx-Rx,0,-52.8170,"7.30900 2.93800 0.90000, 6.05000 0.55000 0.10000"
1735,0.0000,Tx-Rx,0,-49.2249,"7.30900 2.93800 0.90000, 6.35000 0.55000 0.10000"
1736,0.0000,Tx-Rx,0,-50.0810,"7.30900 2.93800 0.90000, 6.65000 0.55000 0.10000"
1737,0.0000,Tx-Rx,0,-49.0841,"7.30900 2.93800 0.90000, 6.95000 0.55000 0.10000"
1738,0.0000,Tx-Rx,0,-44.1869,"7.30900 2.93800 0.90000, 7.25000 0.55000 0.10000"
1739,0.0000,Tx-Rx,0,-45.1965,"7.30900 2.93800 0.90000, 7.55000 0.55000 0.10000"
1740,0.0000,Tx-Rx,0,-44.6193,"7.30900 2.93800 0.90000, 7.85000 0.55000 0.10000"
1741,0.0000,Tx-Rx,0,-54.7566,"7.30900 2.93800 0.90000, -9.85000 0.85000 0.10000"
1742,0.0000,Tx-Rx,0,-54.3259,"7.30900 2.93800 0.90000, -9.55000 0.85000 0.10000"
1743,0.0000,Tx-Rx,0,-53.8404,"7.30900 2.93800 0.90000, -9.25000 0.85000 0.10000"
1744,0.0000,Tx-Rx,0,-54.1275,"7.30900 2.93800 0.90000, -8.95000 0.85000 0.10000"
1745,0.0000,Tx-Rx,0,-54.1694,"7.30900 2.93800 0.90000, -8.65000 0.85000 0.10000"
1746,0.0000,Tx-Rx,0,-54.9987,"7.30900 2.93800 0.90000, -8.35000 0.85000 0.10000"
1747,0.0000,Tx-Rx,0,-55.3462,"7.30900 2.93800 0.90000, -8.05000 0.85000 0.10000"
1748,0.0000,Tx-Rx,0,-55.7439,"7.30900 2.93800 0.90000, -7.75000 0.85000 0.10000"
1749,0.0000,Tx-Rx,0,-56.4085,"7.30900 2.93800 0.90000, -7.45000 0.85000 0.10000"
1750,0.0000,Tx-Rx,0,-55.9812,"7.30900 2.93800 0.90000, -7.15000 0.85000 0.10000"
1751,0.0000,Tx-Rx,0,-56.7282,"7.30900 2.93800 0.90000, -6.85000 0.85000 0.10000"
1752,0.0000,Tx-Rx,0,-56.6787,"7.30900 2.93800 0.90000, -6.55000 0.85000 0.10000"
1753,0.0000,Tx-Rx,0,-57.0410,"7.30900 2.93800 0.90000, -6.25000 0.85000 0.10000"
1754,0.0000,Tx-Rx,0,-57.0825,"7.30900 2.93800 0.90000, -5.95000 0.85000 0.10000"
1755,0.0000,Tx-Rx,0,-57.8106,"7.30900 2.93800 0.90000, -5.65000 0.85000 0.10000"
1756,0.0000,Tx-Rx,0,-58.1639,"7.30900 2.93800 0.90000, -5.35000 0.85000 0.10000"
1757,0.0000,Tx-Rx,0,-59.4640,"7.30900 2.93800 0.90000, -5.05000 0.85000 0.10000"
1758,0.0000,Tx-Rx,0,-59.6240,"7.30900 2.93800 0.90000, -4.75000 0.85000 0.10000"
1759,0.0000,Tx-Rx,0,-58.2346,"7.30900 2.93800 0.90000, -4.45000 0.85000 0.10000"
1760,0.0000,Tx-Rx,0,-56.8203,"7.30900 2.93800 0.90000, -4.15000 0.85000 0.10000"
1761,0.0000,Tx-Rx,0,-54.9166,"7.30900 2.93800 0.90000, -3.85000 0.85000 0.10000"
1762,0.0000,Tx-Rx,0,-54.0035,"7.30900 2.93800 0.90000, -3.55000 0.85000 0.10000"
1763,0.0000,Tx-Rx,0,-53.6379,"7.30900 2.93800 0.90000, -3.25000 0.85000 0.10000"
1764,0.0000,Tx-Rx,0,-53.4401,"7.30900 2.93800 0.90000, -2.95000 0.85000 0.10000"
1765,0.0000,Tx-Rx,0,-53.1273,"7.30900 2.93800 0.90000, -2.65000 0.85000 0.10000"
1766,0.0000,Tx-Rx,0,-53.0531,"7.30900 2.93800 0.90000, -2.35000 0.85000 0.10000"
1767,0.0000,Tx-Rx,0,-52.8053,"7.30900 2.93800 0.90000, -2.05000 0.85000 0.10000"
1768,0.0000,Tx-Rx,0,-52.5855,"7.30900 2.93800 0.90000, -1.75000 0.85000 0.10000"
1769,0.0000,Tx-Rx,0,-52.4800,"7.30900 2.93800 0.90000, -1.45000 0.85000 0.10000"
1770,0.0000,Tx-Rx,0,-52.1965,"7.30900 2.93800 0.90000, -1.15000 0.85000 0.10000"
1771,0.0000,Tx-Rx,0,-51.9676,"7.30900 2.93800 0.90000, -0.85000 0.85000 0.10000"
1772,0.0000,Tx-Rx,0,-51.7093,"7.30900 2.93800 0.90000, -0.55000 0.85000 0.10000"
1773,0.0000,Tx-Rx,0,-51.4946,"7.30900 2.93800 0.90000, -0.25000 0.85000 0.10000"
1774,0.0000,Tx-Rx,0,-50.8874,"7.30900 2.93800 0.90000, 0.05000 0.85000 0.10000"
1775,0.0000,Tx-Rx,0,-50.5596,"7.30900 2.93800 0.90000, 0.35000 0.85000 0.10000"
1776,0.0000,Tx-Rx,0,-50.3261,"7.30900 2.93800 0.90000, 0.65000 0.85000 0.10000"
1777,0.0000,Tx-Rx,0,-50.0556,"7.30900 2.93800 0.90000, 0.95000 0.85000 0.10000"
1778,0.0000,Tx-Rx,0,-49.8709,"7.30900 2.93800 0.90000, 1.25000 0.85000 0.10000"
1779,0.0000,Tx-Rx,0,-49.7179,"7.30900 2.93800 0.90000, 1.55000 0.85000 0.10000"
1780,0.0000,Tx-Rx,0,-50.3905,"7.30900 2.93800 0.90000, 1.85000 0.85000 0.10000"
1781,0.0000,Tx-Rx,0,-51.7750,"7.30900 2.93800 0.90000, 2.15000 0.85000 0.10000"
1782,0.0000,Tx-Rx,0,-53.4326,"7.30900 2.93800 0.90000, 2.45000 0.85000 0.10000"
1783,0.0000,Tx-Rx,0,-55.1365,"7.30900 2.93800 0.90000, 2.75000 0.85000 0.10000"
1784,0.0000,Tx-Rx,0,-55.5229,"7.30900 2.93800 0.90000, 3.05000 0.85000 0.10000"
1785,0.0000,Tx-Rx,0,-55.5488,"7.30900 2.93800 0.90000, 3.35000 0.85000 0.10000"
1786,0.0000,Tx-Rx,0,-55.6877,"7.30900 2.93800 0.90000, 3.65000 0.85000 0.10000"
1787,0.0000,Tx-Rx,0,-56.7573,"7.30900 2.93800 0.90000, 3.95000 0.85000 0.10000"
1788,0.0000,Tx-Rx,0,-59.4221,"7.30900 2.93800 0.90000, 4.25000 0.85000 0.10000"
1789,0.0000,Tx-Rx,0,-59.5482,"7.30900 2.93800 0.90000, 4.55000 0.85000 0.10000"
1790,0.0000,Tx-Rx,0,-57.2817,"7.30900 2.93800 0.90000, 4.85000 0.85000 0.10000"
1791,0.0000,Tx-Rx,0,-54.3100,"7.30900 2.93800 0.90000, 5.15000 0.85000 0.10000"
1792,0.0000,Tx-Rx,0,-54.2111,"7.30900 2.93800 0.90000, 5.45000 0.85000 0.10000"
1793,0.0000,Tx-Rx,0,-53.8734,"7.30900 2.93800 0.90000, 5.75000 0.85000 0.10000"
1794,0.0000,Tx-Rx,0,-53.7562,"7.30900 2.93800 0.90000, 6.05000 0.85000 0.10000"
1795,0.0000,Tx-Rx,0,-50.8969,"7.30900 2.93800 0.90000, 6.35000 0.85000 0.10000"
1796,0.0000,Tx-Rx,0,-49.9500,"7.30900 2.93800 0.90000, 6.65000 0.85000 0.10000"
1797,0.0000,Tx-Rx,0,-49.1368,"7.30900 2.93800 0.90000, 6.95000 0.85000 0.10000"
1798,0.0000,Tx-Rx,0,-43.2551,"7.30900 2.93800 0.90000, 7.25000 0.85000 0.10000"
1799,0.0000,Tx-Rx,0,-44.2918,"7.30900 2.93800 0.90000, 7.55000 0.85000 0.10000"
1800,0.0000,Tx-Rx,0,-44.0567,"7.30900 2.93800 0.90000, 7.85000 0.85000 0.10000"
1801,0.0000,Tx-Rx,0,-58.2909,"7.30900 2.93800 0.90000, -9.85000 1.15000 0.10000"
1802,0.0000,Tx-Rx,0,-56.8997,"7.30900 2.93800 0.90000, -9.55000 1.15000 0.10000"
1803,0.0000,Tx-Rx,0,-56.1095,"7.30900 2.93800 0.90000, -9.25000 1.15000 0.10000"
1804,0.0000,Tx-Rx,0,-55.3298,"7.30900 2.93800 0.90000, -8.95000 1.15000 0.10000"
1805,0.0000,Tx-Rx,0,-54.7175,"7.30900 2.93800 0.90000, -8.65000 1.15000 0.10000"
1806,0.0000,Tx-Rx,0,-54.7672,"7.30900 2.93800 0.90000, -8.35000 1.15000 0.10000"
1807,0.0000,Tx-Rx,0,-54.7070,"7.30900 2.93800 0.90000, -8.05000 1.15000 0.10000"
1808,0.0000,Tx-Rx,0,-54.5439,"7.30900 2.93800 0.90000, -7.75000 1.15000 0.10000"
1809,0.0000,Tx-Rx,0,-54.2469,"7.30900 2.93800 0.90000, -7.45000 1.15000 0.10000"
1810,0.0000,Tx-Rx,0,-54.1255,"7.30900 2.93800 0.90000, -7.15000 1.15000 0.10000"
1811,0.0000,Tx-Rx,0,-53.4366,"7.30900 2.93800 0.90000, -6.85000 1.15000 0.10000"
1812,0.0000,Tx-Rx,0,-53.8016,"7.30900 2.93800 0.90000, -6.55000 1.15000 0.10000"
1813,0.0000,Tx-Rx,0,-54.5299,"7.30900 2.93800 0.90000, -6.25000 1.15000 0.10000"
1814,0.0000,Tx-Rx,0,-54.5446,"7.30900 2.93800 0.90000, -5.95000 1.15000 0.10000"
1815,0.0000,Tx-Rx,0,-54.1982,"7.30900 2.93800 0.90000, -5.65000 1.15000 0.10000"
1816,0.0000,Tx-Rx,0,-54.2478,"7.30900 2.93800 0.90000, -5.35000 1.15000 0.10000"
1817,0.0000,Tx-Rx,0,-54.9580,"7.30900 2.93800 0.90000, -5.05000 1.15000 0.10000"
1818,0.0000,Tx-Rx,0,-55.7666,"7.30900 2.93800 0.90000, -4.75000 1.15000 0.10000"
1819,0.0000,Tx-Rx,0,-57.1875,"7.30900 2.93800 0.90000, -4.45000 1.15000 0.10000"
1820,0.0000,Tx-Rx,0,-58.6433,"7.30900 2.93800 0.90000, -4.15000 1.15000 0.10000"
1821,0.0000,Tx-Rx,0,-56.1092,"7.30900 2.93800 0.90000, -3.85000 1.15000 0.10000"
1822,0.0000,Tx-Rx,0,-53.8141,"7.30900 2.93800 0.90000, -3.55000 1.15000 0.10000"
1823,0.0000,Tx-Rx,0,-53.5294,"7.30900 2.93800 0.90000, -3.25000 1.15000 0.10000"
1824,0.0000,Tx-Rx,0,-53.4146,"7.30900 2.93800 0.90000, -2.95000 1.15000 0.10000"
1825,0.0000,Tx-Rx,0,-53.2685,"7.30900 2.93800 0.90000, -2.65000 1.15000 0.10000"
1826,0.0000,Tx-Rx,0,-52.9440,"7.30900 2.93800 0.90000, -2.35000 1.15000 0.10000"
1827,0.0000,Tx-Rx,0,-52.7386,"7.30900 2.93800 0.90000, -2.05000 1.15000 0.10000"
1828,0.0000,Tx-Rx,0,-52.3956,"7.30900 2.93800 0.90000, -1.75000 1.15000 0.10000"
1829,0.0000,Tx-Rx,0,-52.1637,"7.30900 2.93800 0.90000, -1.45000 1.15000 0.10000"
1830,0.0000,Tx-Rx,0,-52.0106,"7.30900 2.93800 0.90000, -1.15000 1.15000 0.10000"
1831,0.0000,Tx-Rx,0,-51.8738,"7.30900 2.93800 0.90000, -0.85000 1.15000 0.10000"
1832,0.0000,Tx-Rx,0,-51.5704,"7.30900 2.93800 0.90000, -0.55000 1.15000 0.10000"
1833,0.0000,Tx-Rx,0,-51.1881,"7.30900 2.93800 0.90000, -0.25000 1.15000 0.10000"
1834,0.0000,Tx-Rx,0,-50.8152,"7.30900 2.93800 0.90000, 0.05000 1.15000 0.10000"
1835,0.0000,Tx-Rx,0,-50.5234,"7.30900 2.93800 0.90000, 0.35000 1.15000 0.10000"
1836,0.0000,Tx-Rx,0,-50.2464,"7.30900 2.93800 0.90000, 0.65000 1.15000 0.10000"
1837,0.0000,Tx-Rx,0,-50.0027,"7.30900 2.93800 0.90000, 0.95000 1.15000 0.10000"
1838,0.0000,Tx-Rx,0,-49.8292,"7.30900 2.93800 0.90000, 1.25000 1.15000 0.10000"
1839,0.0000,Tx-Rx,0,-49.5561,"7.30900 2.93800 0.90000, 1.55000 1.15000 0.10000"
1840,0.0000,Tx-Rx,0,-49.1283,"7.30900 2.93800 0.90000, 1.85000 1.15000 0.10000"
1841,0.0000,Tx-Rx,0,-48.6466,"7.30900 2.93800 0.90000, 2.15000 1.15000 0.10000"
1842,0.0000,Tx-Rx,0,-48.7543,"7.30900 2.93800 0.90000, 2.45000 1.15000 0.10000"
1843,0.0000,Tx-Rx,0,-50.5076,"7.30900 2.93800 0.90000, 2.75000 1.15000 0.10000"
1844,0.0000,Tx-Rx,0,-52.9779,"7.30900 2.93800 0.90000, 3.05000 1.15000 0.10000"
1845,0.0000,Tx-Rx,0,-54.4541,"7.30900 2.93800 0.90000, 3.35000 1.15000 0.10000"
1846,0.0000,Tx-Rx,0,-54.8247,"7.30900 2.93800 0.90000, 3.65000 1.15000 0.10000"
1847,0.0000,Tx-Rx,0,-55.2777,"7.30900 2.93800 0.90000, 3.95000 1.15000 0.10000"
1848,0.0000,Tx-Rx,0,-58.9745,"7.30900 2.93800 0.90000, 4.25000 1.15000 0.10000"
1849,0.0000,Tx-Rx,0,-60.7224,"7.30900 2.93800 0.90000, 4.55000 1.15000 0.10000"
1850,0.0000,Tx-Rx,0,-61.0191,"7.30900 2.93800 0.90000, 4.85000 1.15000 0.10000"
1851,0.0000,Tx-Rx,0,-58.9856,"7.30900 2.93800 0.90000, 5.15000 1.15000 0.10000"
1852,0.0000,Tx-Rx,0,-54.8488,"7.30900 2.93800 0.90000, 5.45000 1.15000 0.10000"
1853,0.0000,Tx-Rx,0,-53.8146,"7.30900 2.93800 0.90000, 5.75000 1.15000 0.10000"
1854,0.0000,Tx-Rx,0,-53.6616,"7.30900 2.93800 0.90000, 6.05000 1.15000 0.10000"
1855,0.0000,Tx-Rx,0,-53.2979,"7.30900 2.93800 0.90000, 6.35000 1.15000 0.10000"
1856,0.0000,Tx-Rx,0,-51.6173,"7.30900 2.93800 0.90000, 6.65000 1.15000 0.10000"
1857,0.0000,Tx-Rx,0,-49.8628,"7.30900 2.93800 0.90000, 6.95000 1.15000 0.10000"
1858,0.0000,Tx-Rx,0,-42.6425,"7.30900 2.93800 0.90000, 7.25000 1.15000 0.10000"
1859,0.0000,Tx-Rx,0,-43.0358,"7.30900 2.93800 0.90000, 7.55000 1.15000 0.10000"
1860,0.0000,Tx-Rx,0,-43.5359,"7.30900 2.93800 0.90000, 7.85000 1.15000 0.10000"
1861,0.0000,Tx-Rx,0,-54.8301,"7.30900 2.93800 0.90000, -9.85000 1.45000 0.10000"
1862,0.0000,Tx-Rx,0,-54.6202,"7.30900 2.93800 0.90000, -9.55000 1.45000 0.10000"
1863,0.0000,Tx-Rx,0,-54.6701,"7.30900 2.93800 0.90000, -9.25000 1.45000 0.10000"
1864,0.0000,Tx-Rx,0,-54.9870,"7.30900 2.93800 0.90000, -8.95000 1.45000 0.10000"
1865,0.0000,Tx-Rx,0,-55.1372,"7.30900 2.93800 0.90000, -8.65000 1.45000 0.10000"
1866,0.0000,Tx-Rx,0,-54.2800,"7.30900 2.93800 0.90000, -8.35000 1.45000 0.10000"
1867,0.0000,Tx-Rx,0,-54.1258,"7.30900 2.93800 0.90000, -8.05000 1.45000 0.10000"
1868,0.0000,Tx-Rx,0,-53.9820,"7.30900 2.93800 0.90000, -7.75000 1.45000 0.10000"
1869,0.0000,Tx-Rx,0,-53.6776,"7.30900 2.93800 0.90000, -7.45000 1.45000 0.10000"
1870,0.0000,Tx-Rx,0,-53.7820,"7.30900 2.93800 0.90000, -7.15000 1.45000 0.10000"
1871,0.0000,Tx-Rx,0,-53.6007,"7.30900 2.93800 0.90000, -6.85000 1.45000 0.10000"
1872,0.0000,Tx-Rx,0,-53.3960,"7.30900 2.93800 0.90000, -6.55000 1.45000 0.10000"
1873,0.0000,Tx-Rx,0,-53.9397,"7.30900 2.93800 0.90000, -6.25000 1.45000 0.10000"
1874,0.0000,Tx-Rx,0,-54.0176,"7.30900 2.93800 0.90000, -5.95000 1.45000 0.10000"
1875,0.0000,Tx-Rx,0,-53.8383,"7.30900 2.93800 0.90000, -5.65000 1.45000 0.10000"
1876,0.0000,Tx-Rx,0,-53.3839,"7.30900 2.93800 0.90000, -5.35000 1.45000 0.10000"
1877,0.0000,Tx-Rx,0,-52.9221,"7.30900 2.93800 0.90000, -5.05000 1.45000 0.10000"
1878,0.0000,Tx-Rx,0,-53.1970,"7.30900 2.93800 0.90000, -4.75000 1.45000 0.10000"
1879,0.0000,Tx-Rx,0,-52.9231,"7.30900 2.93800 0.90000, -4.45000 1.45000 0.10000"
1880,0.0000,Tx-Rx,0,-52.8268,"7.30900 2.93800 0.90000, -4.15000 1.45000 0.10000"
1881,0.0000,Tx-Rx,0,-53.4207,"7.30900 2.93800 0.90000, -3.85000 1.45000 0.10000"
1882,0.0000,Tx-Rx,0,-53.2513,"7.30900 2.93800 0.90000, -3.55000 1.45000 0.10000"
1883,0.0000,Tx-Rx,0,-53.3407,"7.30900 2.93800 0.90000, -3.25000 1.45000 0.10000"
1884,0.0000,Tx-Rx,0,-53.3620,"7.30900 2.93800 0.90000, -2.95000 1.45000 0.10000"
1885,0.0000,Tx-Rx,0,-53.1999,"7.30900 2.93800 0.90000, -2.65000 1.45000 0.10000"
1886,0.0000,Tx-Rx,0,-53.0129,"7.30900 2.93800 0.90000, -2.35000 1.45000 0.10000"
1887,0.0000,Tx-Rx,0,-52.8012,"7.30900 2.93800 0.90000, -2.05000 1.45000 0.10000"
1888,0.0000,Tx-Rx,0,-52.4317,"7.30900 2.93800 0.90000, -1.75000 1.45000 0.10000"
1889,0.0000,Tx-Rx,0,-52.2343,"7.30900 2.93800 0.90000, -1.45000 1.45000 0.10000"
1890,0.0000,Tx-Rx,0,-51.9194,"7.30900 2.93800 0.90000, -1.15000 1.45000 0.10000"
1891,0.0000,Tx-Rx,0,-51.7921,"7.30900 2.93800 0.90000, -0.85000 1.45000 0.10000"
1892,0.0000,Tx-Rx,0,-51.2124,"7.30900 2.93800 0.90000, -0.55000 1.45000 0.10000"
1893,0.0000,Tx-Rx,0,-50.7446,"7.30900 2.93800 0.90000, -0.25000 1.45000 0.10000"
1894,0.0000,Tx-Rx,0,-50.5009,"7.30900 2.93800 0.90000, 0.05000 1.45000 0.10000"
1895,0.0000,Tx-Rx,0,-50.3161,"7.30900 2.93800 0.90000, 0.35000 1.45000 0.10000"
1896,0.0000,Tx-Rx,0,-50.0244,"7.30900 2.93800 0.90000, 0.65000 1.45000 0.10000"
1897,0.0000,Tx-Rx,0,-49.8775,"7.30900 2.93800 0.90000, 0.95000 1.45000 0.10000"
1898,0.0000,Tx-Rx,0,-49.5983,"7.30900 2.93800 0.90000, 1.25000 1.45000 0.10000"
1899,0.0000,Tx-Rx,0,-49.4447,"7.30900 2.93800 0.90000, 1.55000 1.45000 0.10000"
1900,0.0000,Tx-Rx,0,-49.0300,"7.30900 2.93800 0.90000, 1.85000 1.45000 0.10000"
1901,0.0000,Tx-Rx,0,-48.5628,"7.30900 2.93800 0.90000, 2.15000 1.45000 0.10000"
1902,0.0000,Tx-Rx,0,-48.0084,"7.30900 2.93800 0.90000, 2.45000 1.45000 0.10000"
1903,0.0000,Tx-Rx,0,-47.9679,"7.30900 2.93800 0.90000, 2.75000 1.45000 0.10000"
1904,0.0000,Tx-Rx,0,-47.6575,"7.30900 2.93800 0.90000, 3.05000 1.45000 0.10000"
1905,0.0000,Tx-Rx,0,-48.2570,"7.30900 2.93800 0.90000, 3.35000 1.45000 0.10000"
1906,0.0000,Tx-Rx,0,-50.0691,"7.30900 2.93800 0.90000, 3.65000 1.45000 0.10000"
1907,0.0000,Tx-Rx,0,-53.0395,"7.30900 2.93800 0.90000, 3.95000 1.45000 0.10000"
1908,0.0000,Tx-Rx,0,-55.5389,"7.30900 2.93800 0.90000, 4.25000 1.45000 0.10000"
1909,0.0000,Tx-Rx,0,-58.1552,"7.30900 2.93800 0.90000, 4.55000 1.45000 0.10000"
1910,0.0000,Tx-Rx,0,-59.8397,"7.30900 2.93800 0.90000, 4.85000 1.45000 0.10000"
1911,0.0000,Tx-Rx,0,-63.0111,"7.30900 2.93800 0.90000, 5.15000 1.45000 0.10000"
1912,0.0000,Tx-Rx,0,-64.1043,"7.30900 2.93800 0.90000, 5.45000 1.45000 0.10000"
1913,0.0000,Tx-Rx,0,-52.3174,"7.30900 2.93800 0.90000, 5.75000 1.45000 0.10000"
1914,0.0000,Tx-Rx,0,-51.3500,"7.30900 2.93800 0.90000, 6.05000 1.45000 0.10000"
1915,0.0000,Tx-Rx,0,-54.2555,"7.30900 2.93800 0.90000, 6.35000 1.45000 0.10000"
1916,0.0000,Tx-Rx,0,-47.8841,"7.30900 2.93800 0.90000, 6.65000 1.45000 0.10000"
1917,0.0000,Tx-Rx,0,-50.2853,"7.30900 2.93800 0.90000, 6.95000 1.45000 0.10000"
1918,0.0000,Tx-Rx,0,-41.9046,"7.30900 2.93800 0.90000, 7.25000 1.45000 0.10000"
1919,0.0000,Tx-Rx,0,-41.7835,"7.30900 2.93800 0.90000, 7.55000 1.45000 0.10000"
1920,0.0000,Tx-Rx,0,-42.3366,"7.30900 2.93800 0.90000, 7.85000 1.45000 0.10000"
1921,0.0000,Tx-Rx,0,-55.5919,"7.30900 2.93800 0.90000, -9.85000 1.75000 0.10000"
1922,0.0000,Tx-Rx,0,-55.1453,"7.30900 2.93800 0.90000, -9.55000 1.75000 0.10000"
1923,0.0000,Tx-Rx,0,-55.0681,"7.30900 2.93800 0.90000, -9.25000 1.75000 0.10000"
1924,0.0000,Tx-Rx,0,-54.6480,"7.30900 2.93800 0.90000, -8.95000 1.75000 0.10000"
1925,0.0000,Tx-Rx,0,-54.3018,"7.30900 2.93800 0.90000, -8.65000 1.75000 0.10000"
1926,0.0000,Tx-Rx,0,-53.9283,"7.30900 2.93800 0.90000, -8.35000 1.75000 0.10000"
1927,0.0000,Tx-Rx,0,-53.9501,"7.30900 2.93800 0.90000, -8.05000 1.75000 0.10000"
1928,0.0000,Tx-Rx,0,-53.9413,"7.30900 2.93800 0.90000, -7.75000 1.75000 0.10000"
1929,0.0000,Tx-Rx,0,-54.7780,"7.30900 2.93800 0.90000, -7.45000 1.75000 0.10000"
1930,0.0000,Tx-Rx,0,-54.6481,"7.30900 2.93800 0.90000, -7.15000 1.75000 0.10000"
1931,0.0000,Tx-Rx,0,-54.3946,"7.30900 2.93800 0.90000, -6.85000 1.75000 0.10000"
1932,0.0000,Tx-Rx,0,-54.2699,"7.30900 2.93800 0.90000, -6.55000 1.75000 0.10000"
1933,0.0000,Tx-Rx,0,-55.2827,"7.30900 2.93800 0.90000, -6.25000 1.75000 0.10000"
1934,0.0000,Tx-Rx,0,-55.6112,"7.30900 2.93800 0.90000, -5.95000 1.75000 0.10000"
1935,0.0000,Tx-Rx,0,-55.3026,"7.30900 2.93800 0.90000, -5.65000 1.75000 0.10000"
1936,0.0000,Tx-Rx,0,-54.9140,"7.30900 2.93800 0.90000, -5.35000 1.75000 0.10000"
1937,0.0000,Tx-Rx,0,-54.5236,"7.30900 2.93800 0.90000, -5.05000 1.75000 0.10000"
1938,0.0000,Tx-Rx,0,-55.2016,"7.30900 2.93800 0.90000, -4.75000 1.75000 0.10000"
1939,0.0000,Tx-Rx,0,-54.6985,"7.30900 2.93800 0.90000, -4.45000 1.75000 0.10000"
1940,0.0000,Tx-Rx,0,-54.0041,"7.30900 2.93800 0.90000, -4.15000 1.75000 0.10000"
1941,0.0000,Tx-Rx,0,-53.4361,"7.30900 2.93800 0.90000, -3.85000 1.75000 0.10000"
1942,0.0000,Tx-Rx,0,-53.0539,"7.30900 2.93800 0.90000, -3.55000 1.75000 0.10000"
1943,0.0000,Tx-Rx,0,-52.9353,"7.30900 2.93800 0.90000, -3.25000 1.75000 0.10000"
1944,0.0000,Tx-Rx,0,-52.8509,"7.30900 2.93800 0.90000, -2.95000 1.75000 0.10000"
1945,0.0000,Tx-Rx,0,-52.8433,"7.30900 2.93800 0.90000, -2.65000 1.75000 0.10000"
1946,0.0000,Tx-Rx,0,-52.7946,"7.30900 2.93800 0.90000, -2.35000 1.75000 0.10000"
1947,0.0000,Tx-Rx,0,-52.6585,"7.30900 2.93800 0.90000, -2.05000 1.75000 0.10000"
1948,0.0000,Tx-Rx,0,-52.1901,"7.30900 2.93800 0.90000, -1.75000 1.75000 0.10000"
1949,0.0000,Tx-Rx,0,-52.0522,"7.30900 2.93800 0.90000, -1.45000 1.75000 0.10000"
1950,0.0000,Tx-Rx,0,-51.6822,"7.30900 2.93800 0.90000, -1.15000 1.75000 0.10000"
1951,0.0000,Tx-Rx,0,-51.2093,"7.30900 2.93800 0.90000, -0.85000 1.75000 0.10000"
1952,0.0000,Tx-Rx,0,-50.9148,"7.30900 2.93800 0.90000, -0.55000 1.75000 0.10000"
1953,0.0000,Tx-Rx,0,-50.6660,"7.30900 2.93800 0.90000, -0.25000 1.75000 0.10000"
1954,0.0000,Tx-Rx,0,-50.3386,"7.30900 2.93800 0.90000, 0.05000 1.75000 0.10000"
1955,0.0000,Tx-Rx,0,-50.0891,"7.30900 2.93800 0.90000, 0.35000 1.75000 0.10000"
1956,0.0000,Tx-Rx,0,-49.6840,"7.30900 2.93800 0.90000, 0.65000 1.75000 0.10000"
1957,0.0000,Tx-Rx,0,-49.4517,"7.30900 2.93800 0.90000, 0.95000 1.75000 0.10000"
1958,0.0000,Tx-Rx,0,-49.2294,"7.30900 2.93800 0.90000, 1.25000 1.75000 0.10000"
1959,0.0000,Tx-Rx,0,-49.0034,"7.30900 2.93800 0.90000, 1.55000 1.75000 0.10000"
1960,0.0000,Tx-Rx,0,-48.8660,"7.30900 2.93800 0.90000, 1.85000 1.75000 0.10000"
1961,0.0000,Tx-Rx,0,-48.4327,"7.30900 2.93800 0.90000, 2.15000 1.75000 0.10000"
1962,0.0000,Tx-Rx,0,-47.9557,"7.30900 2.93800 0.90000, 2.45000 1.75000 0.10000"
1963,0.0000,Tx-Rx,0,-47.9418,"7.30900 2.93800 0.90000, 2.75000 1.75000 0.10000"
1964,0.0000,Tx-Rx,0,-47.3868,"7.30900 2.93800 0.90000, 3.05000 1.75000 0.10000"
1965,0.0000,Tx-Rx,0,-46.8319,"7.30900 2.93800 0.90000, 3.35000 1.75000 0.10000"
1966,0.0000,Tx-Rx,0,-45.8276,"7.30900 2.93800 0.90000, 3.65000 1.75000 0.10000"
1967,0.0000,Tx-Rx,0,-45.6542,"7.30900 2.93800 0.90000, 3.95000 1.75000 0.10000"
1968,0.0000,Tx-Rx,0,-46.8386,"7.30900 2.93800 0.90000, 4.25000 1.75000 0.10000"
1969,0.0000,Tx-Rx,0,-50.7289,"7.30900 2.93800 0.90000, 4.55000 1.75000 0.10000"
1970,0.0000,Tx-Rx,0,-56.7231,"7.30900 2.93800 0.90000, 4.85000 1.75000 0.10000"
1971,0.0000,Tx-Rx,0,-60.9150,"7.30900 2.93800 0.90000, 5.15000 1.75000 0.10000"
1972,0.0000,Tx-Rx,0,-63.2310,"7.30900 2.93800 0.90000, 5.45000 1.75000 0.10000"
1973,0.0000,Tx-Rx,0,-50.7521,"7.30900 2.93800 0.90000, 5.75000 1.75000 0.10000"
1974,0.0000,Tx-Rx,0,-48.4926,"7.30900 2.93800 0.90000, 6.05000 1.75000 0.10000"
1975,0.0000,Tx-Rx,0,-48.6086,"7.30900 2.93800 0.90000, 6.35000 1.75000 0.10000"
1976,0.0000,Tx-Rx,0,-40.5059,"7.30900 2.93800 0.90000, 6.65000 1.75000 0.10000"
1977,0.0000,Tx-Rx,0,-43.6241,"7.30900 2.93800 0.90000, 6.95000 1.75000 0.10000"
1978,0.0000,Tx-Rx,0,-40.7690,"7.30900 2.93800 0.90000, 7.25000 1.75000 0.10000"
1979,0.0000,Tx-Rx,0,-40.7165,"7.30900 2.93800 0.90000, 7.55000 1.75000 0.10000"
1980,0.0000,Tx-Rx,0,-40.6981,"7.30900 2.93800 0.90000, 7.85000 1.75000 0.10000"
1981,0.0000,Tx-Rx,0,-63.4896,"7.30900 2.93800 0.90000, -9.85000 2.05000 0.10000"
1982,0.0000,Tx-Rx,0,-62.3693,"7.30900 2.93800 0.90000, -9.55000 2.05000 0.10000"
1983,0.0000,Tx-Rx,0,-61.7134,"7.30900 2.93800 0.90000, -9.25000 2.05000 0.10000"
1984,0.0000,Tx-Rx,0,-62.0360,"7.30900 2.93800 0.90000, -8.95000 2.05000 0.10000"
1985,0.0000,Tx-Rx,0,-61.6680,"7.30900 2.93800 0.90000, -8.65000 2.05000 0.10000"
1986,0.0000,Tx-Rx,0,-61.6087,"7.30900 2.93800 0.90000, -8.35000 2.05000 0.10000"
1987,0.0000,Tx-Rx,0,-58.4185,"7.30900 2.93800 0.90000, -8.05000 2.05000 0.10000"
1988,0.0000,Tx-Rx,0,-55.5564,"7.30900 2.93800 0.90000, -7.75000 2.05000 0.10000"
1989,0.0000,Tx-Rx,0,-55.2161,"7.30900 2.93800 0.90000, -7.45000 2.05000 0.10000"
1990,0.0000,Tx-Rx,0,-55.2267,"7.30900 2.93800 0.90000, -7.15000 2.05000 0.10000"
1991,0.0000,Tx-Rx,0,-54.8890,"7.30900 2.93800 0.90000, -6.85000 2.05000 0.10000"
1992,0.0000,Tx-Rx,0,-54.5967,"7.30900 2.93800 0.90000, -6.55000 2.05000 0.10000"
1993,0.0000,Tx-Rx,0,-55.6690,"7.30900 2.93800 0.90000, -6.25000 2.05000 0.10000"
1994,0.0000,Tx-Rx,0,-56.0898,"7.30900 2.93800 0.90000, -5.95000 2.05000 0.10000"
1995,0.0000,Tx-Rx,0,-56.0492,"7.30900 2.93800 0.90000, -5.65000 2.05000 0.10000"
1996,0.0000,Tx-Rx,0,-55.9296,"7.30900 2.93800 0.90000, -5.35000 2.05000 0.10000"
1997,0.0000,Tx-Rx,0,-55.9630,"7.30900 2.93800 0.90000, -5.05000 2.05000 0.10000"
1998,0.0000,Tx-Rx,0,-55.7393,"7.30900 2.93800 0.90000, -4.75000 2.05000 0.10000"
1999,0.0000,Tx-Rx,0,-55.6645,"7.30900 2.93800 0.90000, -4.45000 2.05000 0.10000"
2000,0.0000,Tx-Rx,0,-55.2565,"7.30900 2.93800 0.90000, -4.15000 2.05000 0.10000"
2001,0.0000,Tx-Rx,0,-54.6821,"7.30900 2.93800 0.90000, -3.85000 2.05000 0.10000"
2002,0.0000,Tx-Rx,0,-54.1749,"7.30900 2.93800 0.90000, -3.55000 2.05000 0.10000"
2003,0.0000,Tx-Rx,0,-53.9357,"7.30900 2.93800 0.90000, -3.25000 2.05000 0.10000"
2004,0.0000,Tx-Rx,0,-53.3959,"7.30900 2.93800 0.90000, -2.95000 2.05000 0.10000"
2005,0.0000,Tx-Rx,0,-52.8895,"7.30900 2.93800 0.90000, -2.65000 2.05000 0.10000"
2006,0.0000,Tx-Rx,0,-52.5700,"7.30900 2.93800 0.90000, -2.35000 2.05000 0.10000"
2007,0.0000,Tx-Rx,0,-52.5197,"7.30900 2.93800 0.90000, -2.05000 2.05000 0.10000"
2008,0.0000,Tx-Rx,0,-52.3738,"7.30900 2.93800 0.90000, -1.75000 2.05000 0.10000"
2009,0.0000,Tx-Rx,0,-52.0360,"7.30900 2.93800 0.90000, -1.45000 2.05000 0.10000"
2010,0.0000,Tx-Rx,0,-51.8000,"7.30900 2.93800 0.90000, -1.15000 2.05000 0.10000"
2011,0.0000,Tx-Rx,0,-51.1922,"7.30900 2.93800 0.90000, -0.85000 2.05000 0.10000"
2012,0.0000,Tx-Rx,0,-50.6905,"7.30900 2.93800 0.90000, -0.55000 2.05000 0.10000"
2013,0.0000,Tx-Rx,0,-50.5676,"7.30900 2.93800 0.90000, -0.25000 2.05000 0.10000"
2014,0.0000,Tx-Rx,0,-50.1483,"7.30900 2.93800 0.90000, 0.05000 2.05000 0.10000"
2015,0.0000,Tx-Rx,0,-50.0051,"7.30900 2.93800 0.90000, 0.35000 2.05000 0.10000"
2016,0.0000,Tx-Rx,0,-49.5384,"7.30900 2.93800 0.90000, 0.65000 2.05000 0.10000"
2017,0.0000,Tx-Rx,0,-49.5753,"7.30900 2.93800 0.90000, 0.95000 2.05000 0.10000"
2018,0.0000,Tx-Rx,0,-49.4338,"7.30900 2.93800 0.90000, 1.25000 2.05000 0.10000"
2019,0.0000,Tx-Rx,0,-49.0116,"7.30900 2.93800 0.90000, 1.55000 2.05000 0.10000"
2020,0.0000,Tx-Rx,0,-48.6936,"7.30900 2.93800 0.90000, 1.85000 2.05000 0.10000"
2021,0.0000,Tx-Rx,0,-48.2846,"7.30900 2.93800 0.90000, 2.15000 2.05000 0.10000"
2022,0.0000,Tx-Rx,0,-48.0104,"7.30900 2.93800 0.90000, 2.45000 2.05000 0.10000"
2023,0.0000,Tx-Rx,0,-48.0344,"7.30900 2.93800 0.90000, 2.75000 2.05000 0.10000"
2024,0.0000,Tx-Rx,0,-47.4966,"7.30900 2.93800 0.90000, 3.05000 2.05000 0.10000"
2025,0.0000,Tx-Rx,0,-46.9182,"7.30900 2.93800 0.90000, 3.35000 2.05000 0.10000"
2026,0.0000,Tx-Rx,0,-45.6784,"7.30900 2.93800 0.90000, 3.65000 2.05000 0.10000"
2027,0.0000,Tx-Rx,0,-44.8839,"7.30900 2.93800 0.90000, 3.95000 2.05000 0.10000"
2028,0.0000,Tx-Rx,0,-43.9287,"7.30900 2.93800 0.90000, 4.25000 2.05000 0.10000"
2029,0.0000,Tx-Rx,0,-42.8615,"7.30900 2.93800 0.90000, 4.55000 2.05000 0.10000"
2030,0.0000,Tx-Rx,0,-44.8277,"7.30900 2.93800 0.90000, 4.85000 2.05000 0.10000"
2031,0.0000,Tx-Rx,0,-44.3129,"7.30900 2.93800 0.90000, 5.15000 2.05000 0.10000"
2032,0.0000,Tx-Rx,0,-44.6728,"7.30900 2.93800 0.90000, 5.45000 2.05000 0.10000"
2033,0.0000,Tx-Rx,0,-43.5576,"7.30900 2.93800 0.90000, 5.75000 2.05000 0.10000"
2034,0.0000,Tx-Rx,0,-42.6309,"7.30900 2.93800 0.90000, 6.05000 2.05000 0.10000"
2035,0.0000,Tx-Rx,0,-41.4595,"7.30900 2.93800 0.90000, 6.35000 2.05000 0.10000"
2036,0.0000,Tx-Rx,0,-38.2941,"7.30900 2.93800 0.90000, 6.65000 2.05000 0.10000"
2037,0.0000,Tx-Rx,0,-41.0827,"7.30900 2.93800 0.90000, 6.95000 2.05000 0.10000"
2038,0.0000,Tx-Rx,0,-39.5315,"7.30900 2.93800 0.90000, 7.25000 2.05000 0.10000"
2039,0.0000,Tx-Rx,0,-39.5016,"7.30900 2.93800 0.90000, 7.55000 2.05000 0.10000"
2040,0.0000,Tx-Rx,0,-39.6515,"7.30900 2.93800 0.90000, 7.85000 2.05000 0.10000"
2041,0.0000,Tx-Rx,0,-83.5793,"7.30900 2.93800 0.90000, -9.85000 2.35000 0.10000"
2042,0.0000,Tx-Rx,0,-79.8611,"7.30900 2.93800 0.90000, -9.55000 2.35000 0.10000"
2043,0.0000,Tx-Rx,0,-82.6684,"7.30900 2.93800 0.90000, -9.25000 2.35000 0.10000"
2044,0.0000,Tx-Rx,0,-81.1062,"7.30900 2.93800 0.90000, -8.95000 2.35000 0.10000"
2045,0.0000,Tx-Rx,0,-80.2812,"7.30900 2.93800 0.90000, -8.65000 2.35000 0.10000"
2046,0.0000,Tx-Rx,0,-82.0445,"7.30900 2.93800 0.90000, -8.35000 2.35000 0.10000"
2047,0.0000,Tx-Rx,0,-60.1785,"7.30900 2.93800 0.90000, -8.05000 2.35000 0.10000"
2048,0.0000,Tx-Rx,0,-55.2395,"7.30900 2.93800 0.90000, -7.75000 2.35000 0.10000"
2049,0.0000,Tx-Rx,0,-54.7621,"7.30900 2.93800 0.90000, -7.45000 2.35000 0.10000"
2050,0.0000,Tx-Rx,0,-54.7594,"7.30900 2.93800 0.90000, -7.15000 2.35000 0.10000"
2051,0.0000,Tx-Rx,0,-54.5725,"7.30900 2.93800 0.90000, -6.85000 2.35000 0.10000"
2052,0.0000,Tx-Rx,0,-54.6096,"7.30900 2.93800 0.90000, -6.55000 2.35000 0.10000"
2053,0.0000,Tx-Rx,0,-55.6750,"7.30900 2.93800 0.90000, -6.25000 2.35000 0.10000"
2054,0.0000,Tx-Rx,0,-56.2804,"7.30900 2.93800 0.90000, -5.95000 2.35000 0.10000"
2055,0.0000,Tx-Rx,0,-56.1986,"7.30900 2.93800 0.90000, -5.65000 2.35000 0.10000"
2056,0.0000,Tx-Rx,0,-56.0050,"7.30900 2.93800 0.90000, -5.35000 2.35000 0.10000"
2057,0.0000,Tx-Rx,0,-55.8190,"7.30900 2.93800 0.90000, -5.05000 2.35000 0.10000"
2058,0.0000,Tx-Rx,0,-55.9184,"7.30900 2.93800 0.90000, -4.75000 2.35000 0.10000"
2059,0.0000,Tx-Rx,0,-55.6904,"7.30900 2.93800 0.90000, -4.45000 2.35000 0.10000"
2060,0.0000,Tx-Rx,0,-55.5079,"7.30900 2.93800 0.90000, -4.15000 2.35000 0.10000"
2061,0.0000,Tx-Rx,0,-55.3737,"7.30900 2.93800 0.90000, -3.85000 2.35000 0.10000"
2062,0.0000,Tx-Rx,0,-55.0996,"7.30900 2.93800 0.90000, -3.55000 2.35000 0.10000"
2063,0.0000,Tx-Rx,0,-55.4466,"7.30900 2.93800 0.90000, -3.25000 2.35000 0.10000"
2064,0.0000,Tx-Rx,0,-55.1785,"7.30900 2.93800 0.90000, -2.95000 2.35000 0.10000"
2065,0.0000,Tx-Rx,0,-54.7001,"7.30900 2.93800 0.90000, -2.65000 2.35000 0.10000"
2066,0.0000,Tx-Rx,0,-54.0006,"7.30900 2.93800 0.90000, -2.35000 2.35000 0.10000"
2067,0.0000,Tx-Rx,0,-53.1962,"7.30900 2.93800 0.90000, -2.05000 2.35000 0.10000"
2068,0.0000,Tx-Rx,0,-52.5762,"7.30900 2.93800 0.90000, -1.75000 2.35000 0.10000"
2069,0.0000,Tx-Rx,0,-52.3319,"7.30900 2.93800 0.90000, -1.45000 2.35000 0.10000"
2070,0.0000,Tx-Rx,0,-53.7052,"7.30900 2.93800 0.90000, -1.15000 2.35000 0.10000"
2071,0.0000,Tx-Rx,0,-54.7448,"7.30900 2.93800 0.90000, -0.85000 2.35000 0.10000"
2072,0.0000,Tx-Rx,0,-54.0545,"7.30900 2.93800 0.90000, -0.55000 2.35000 0.10000"
2073,0.0000,Tx-Rx,0,-53.3924,"7.30900 2.93800 0.90000, -0.25000 2.35000 0.10000"
2074,0.0000,Tx-Rx,0,-52.7086,"7.30900 2.93800 0.90000, 0.05000 2.35000 0.10000"
2075,0.0000,Tx-Rx,0,-52.1944,"7.30900 2.93800 0.90000, 0.35000 2.35000 0.10000"
2076,0.0000,Tx-Rx,0,-51.9088,"7.30900 2.93800 0.90000, 0.65000 2.35000 0.10000"
2077,0.0000,Tx-Rx,0,-51.3174,"7.30900 2.93800 0.90000, 0.95000 2.35000 0.10000"
2078,0.0000,Tx-Rx,0,-50.7813,"7.30900 2.93800 0.90000, 1.25000 2.35000 0.10000"
2079,0.0000,Tx-Rx,0,-50.3880,"7.30900 2.93800 0.90000, 1.55000 2.35000 0.10000"
2080,0.0000,Tx-Rx,0,-49.9422,"7.30900 2.93800 0.90000, 1.85000 2.35000 0.10000"
2081,0.0000,Tx-Rx,0,-49.6776,"7.30900 2.93800 0.90000, 2.15000 2.35000 0.10000"
2082,0.0000,Tx-Rx,0,-52.4731,"7.30900 2.93800 0.90000, 2.45000 2.35000 0.10000"
2083,0.0000,Tx-Rx,0,-53.3182,"7.30900 2.93800 0.90000, 2.75000 2.35000 0.10000"
2084,0.0000,Tx-Rx,0,-52.3502,"7.30900 2.93800 0.90000, 3.05000 2.35000 0.10000"
2085,0.0000,Tx-Rx,0,-51.2958,"7.30900 2.93800 0.90000, 3.35000 2.35000 0.10000"
2086,0.0000,Tx-Rx,0,-49.6906,"7.30900 2.93800 0.90000, 3.65000 2.35000 0.10000"
2087,0.0000,Tx-Rx,0,-47.6946,"7.30900 2.93800 0.90000, 3.95000 2.35000 0.10000"
2088,0.0000,Tx-Rx,0,-45.3750,"7.30900 2.93800 0.90000, 4.25000 2.35000 0.10000"
2089,0.0000,Tx-Rx,0,-42.4363,"7.30900 2.93800 0.90000, 4.55000 2.35000 0.10000"
2090,0.0000,Tx-Rx,0,-43.3671,"7.30900 2.93800 0.90000, 4.85000 2.35000 0.10000"
2091,0.0000,Tx-Rx,0,-41.8244,"7.30900 2.93800 0.90000, 5.15000 2.35000 0.10000"
2092,0.0000,Tx-Rx,0,-41.8486,"7.30900 2.93800 0.90000, 5.45000 2.35000 0.10000"
2093,0.0000,Tx-Rx,0,-40.4445,"7.30900 2.93800 0.90000, 5.75000 2.35000 0.10000"
2094,0.0000,Tx-Rx,0,-39.3734,"7.30900 2.93800 0.90000, 6.05000 2.35000 0.10000"
2095,0.0000,Tx-Rx,0,-38.3716,"7.30900 2.93800 0.90000, 6.35000 2.35000 0.10000"
2096,0.0000,Tx-Rx,0,-36.9739,"7.30900 2.93800 0.90000, 6.65000 2.35000 0.10000"
2097,0.0000,Tx-Rx,0,-39.5758,"7.30900 2.93800 0.90000, 6.95000 2.35000 0.10000"
2098,0.0000,Tx-Rx,0,-38.3416,"7.30900 2.93800 0.90000, 7.25000 2.35000 0.10000"
2099,0.0000,Tx-Rx,0,-38.5772,"7.30900 2.93800 0.90000, 7.55000 2.35000 0.10000"
2100,0.0000,Tx-Rx,0,-38.8454,"7.30900 2.93800 0.90000, 7.85000 2.35000 0.10000"
2101,0.0000,Tx-Rx,0,-90.1144,"7.30900 2.93800 0.90000, -9.85000 2.65000 0.10000"
2102,0.0000,Tx-Rx,0,-80.5924,"7.30900 2.93800 0.90000, -9.55000 2.65000 0.10000"
2103,0.0000,Tx-Rx,0,-81.4947,"7.30900 2.93800 0.90000, -9.25000 2.65000 0.10000"
2104,0.0000,Tx-Rx,0,-80.9510,"7.30900 2.93800 0.90000, -8.95000 2.65000 0.10000"
2105,0.0000,Tx-Rx,0,-83.5787,"7.30900 2.93800 0.90000, -8.65000 2.65000 0.10000"
2106,0.0000,Tx-Rx,0,-81.0444,"7.30900 2.93800 0.90000, -8.35000 2.65000 0.10000"
2107,0.0000,Tx-Rx,0,-59.8770,"7.30900 2.93800 0.90000, -8.05000 2.65000 0.10000"
2108,0.0000,Tx-Rx,0,-55.2116,"7.30900 2.93800 0.90000, -7.75000 2.65000 0.10000"
2109,0.0000,Tx-Rx,0,-55.2977,"7.30900 2.93800 0.90000, -7.45000 2.65000 0.10000"
2110,0.0000,Tx-Rx,0,-55.0527,"7.30900 2.93800 0.90000, -7.15000 2.65000 0.10000"
2111,0.0000,Tx-Rx,0,-54.5628,"7.30900 2.93800 0.90000, -6.85000 2.65000 0.10000"
2112,0.0000,Tx-Rx,0,-54.8607,"7.30900 2.93800 0.90000, -6.55000 2.65000 0.10000"
2113,0.0000,Tx-Rx,0,-55.9987,"7.30900 2.93800 0.90000, -6.25000 2.65000 0.10000"
2114,0.0000,Tx-Rx,0,-56.1967,"7.30900 2.93800 0.90000, -5.95000 2.65000 0.10000"
2115,0.0000,Tx-Rx,0,-56.0835,"7.30900 2.93800 0.90000, -5.65000 2.65000 0.10000"
2116,0.0000,Tx-Rx,0,-56.0174,"7.30900 2.93800 0.90000, -5.35000 2.65000 0.10000"
2117,0.0000,Tx-Rx,0,-56.0734,"7.30900 2.93800 0.90000, -5.05000 2.65000 0.10000"
2118,0.0000,Tx-Rx,0,-55.8650,"7.30900 2.93800 0.90000, -4.75000 2.65000 0.10000"
2119,0.0000,Tx-Rx,0,-55.7696,"7.30900 2.93800 0.90000, -4.45000 2.65000 0.10000"
2120,0.0000,Tx-Rx,0,-55.4230,"7.30900 2.93800 0.90000, -4.15000 2.65000 0.10000"
2121,0.0000,Tx-Rx,0,-55.3582,"7.30900 2.93800 0.90000, -3.85000 2.65000 0.10000"
2122,0.0000,Tx-Rx,0,-55.2414,"7.30900 2.93800 0.90000, -3.55000 2.65000 0.10000"
2123,0.0000,Tx-Rx,0,-55.8072,"7.30900 2.93800 0.90000, -3.25000 2.65000 0.10000"
2124,0.0000,Tx-Rx,0,-56.0523,"7.30900 2.93800 0.90000, -2.95000 2.65000 0.10000"
2125,0.0000,Tx-Rx,0,-55.6237,"7.30900 2.93800 0.90000, -2.65000 2.65000 0.10000"
2126,0.0000,Tx-Rx,0,-54.9206,"7.30900 2.93800 0.90000, -2.35000 2.65000 0.10000"
2127,0.0000,Tx-Rx,0,-54.1938,"7.30900 2.93800 0.90000, -2.05000 2.65000 0.10000"
2128,0.0000,Tx-Rx,0,-53.8942,"7.30900 2.93800 0.90000, -1.75000 2.65000 0.10000"
2129,0.0000,Tx-Rx,0,-53.0745,"7.30900 2.93800 0.90000, -1.45000 2.65000 0.10000"
2130,0.0000,Tx-Rx,0,-54.2146,"7.30900 2.93800 0.90000, -1.15000 2.65000 0.10000"
2131,0.0000,Tx-Rx,0,-55.1296,"7.30900 2.93800 0.90000, -0.85000 2.65000 0.10000"
2132,0.0000,Tx-Rx,0,-54.6122,"7.30900 2.93800 0.90000, -0.55000 2.65000 0.10000"
2133,0.0000,Tx-Rx,0,-54.3313,"7.30900 2.93800 0.90000, -0.25000 2.65000 0.10000"
2134,0.0000,Tx-Rx,0,-54.0692,"7.30900 2.93800 0.90000, 0.05000 2.65000 0.10000"
2135,0.0000,Tx-Rx,0,-53.8198,"7.30900 2.93800 0.90000, 0.35000 2.65000 0.10000"
2136,0.0000,Tx-Rx,0,-53.4088,"7.30900 2.93800 0.90000, 0.65000 2.65000 0.10000"
2137,0.0000,Tx-Rx,0,-53.4256,"7.30900 2.93800 0.90000, 0.95000 2.65000 0.10000"
2138,0.0000,Tx-Rx,0,-52.7411,"7.30900 2.93800 0.90000, 1.25000 2.65000 0.10000"
2139,0.0000,Tx-Rx,0,-52.3586,"7.30900 2.93800 0.90000, 1.55000 2.65000 0.10000"
2140,0.0000,Tx-Rx,0,-52.1387,"7.30900 2.93800 0.90000, 1.85000 2.65000 0.10000"
2141,0.0000,Tx-Rx,0,-52.0094,"7.30900 2.93800 0.90000, 2.15000 2.65000 0.10000"
2142,0.0000,Tx-Rx,0,-52.2247,"7.30900 2.93800 0.90000, 2.45000 2.65000 0.10000"
2143,0.0000,Tx-Rx,0,-54.2210,"7.30900 2.93800 0.90000, 2.75000 2.65000 0.10000"
2144,0.0000,Tx-Rx,0,-53.9973,"7.30900 2.93800 0.90000, 3.05000 2.65000 0.10000"
2145,0.0000,Tx-Rx,0,-52.0054,"7.30900 2.93800 0.90000, 3.35000 2.65000 0.10000"
2146,0.0000,Tx-Rx,0,-49.3704,"7.30900 2.93800 0.90000, 3.65000 2.65000 0.10000"
2147,0.0000,Tx-Rx,0,-47.3478,"7.30900 2.93800 0.90000, 3.95000 2.65000 0.10000"
2148,0.0000,Tx-Rx,0,-46.4237,"7.30900 2.93800 0.90000, 4.25000 2.65000 0.10000"
2149,0.0000,Tx-Rx,0,-45.4093,"7.30900 2.93800 0.90000, 4.55000 2.65000 0.10000"
2150,0.0000,Tx-Rx,0,-47.0385,"7.30900 2.93800 0.90000, 4.85000 2.65000 0.10000"
2151,0.0000,Tx-Rx,0,-46.2014,"7.30900 2.93800 0.90000, 5.15000 2.65000 0.10000"
2152,0.0000,Tx-Rx,0,-47.1311,"7.30900 2.93800 0.90000, 5.45000 2.65000 0.10000"
2153,0.0000,Tx-Rx,0,-43.1435,"7.30900 2.93800 0.90000, 5.75000 2.65000 0.10000"
2154,0.0000,Tx-Rx,0,-39.2843,"7.30900 2.93800 0.90000, 6.05000 2.65000 0.10000"
2155,0.0000,Tx-Rx,0,-37.8599,"7.30900 2.93800 0.90000, 6.35000 2.65000 0.10000"
2156,0.0000,Tx-Rx,0,-36.1819,"7.30900 2.93800 0.90000, 6.65000 2.65000 0.10000"
2157,0.0000,Tx-Rx,0,-38.3042,"7.30900 2.93800 0.90000, 6.95000 2.65000 0.10000"
2158,0.0000,Tx-Rx,0,-38.0852,"7.30900 2.93800 0.90000, 7.25000 2.65000 0.10000"
2159,0.0000,Tx-Rx,0,-38.0363,"7.30900 2.93800 0.90000, 7.55000 2.65000 0.10000"
2160,0.0000,Tx-Rx,0,-38.2221,"7.30900 2.93800 0.90000, 7.85000 2.65000 0.10000"
2161,0.0000,Tx-Rx,0,-81.0704,"7.30900 2.93800 0.90000, -9.85000 2.95000 0.10000"
2162,0.0000,Tx-Rx,0,-83.0955,"7.30900 2.93800 0.90000, -9.55000 2.95000 0.10000"
2163,0.0000,Tx-Rx,0,-80.8948,"7.30900 2.93800 0.90000, -9.25000 2.95000 0.10000"
2164,0.0000,Tx-Rx,0,-81.4871,"7.30900 2.93800 0.90000, -8.95000 2.95000 0.10000"
2165,0.0000,Tx-Rx,0,-80.9960,"7.30900 2.93800 0.90000, -8.65000 2.95000 0.10000"
2166,0.0000,Tx-Rx,0,-80.5829,"7.30900 2.93800 0.90000, -8.35000 2.95000 0.10000"
2167,0.0000,Tx-Rx,0,-60.2880,"7.30900 2.93800 0.90000, -8.05000 2.95000 0.10000"
2168,0.0000,Tx-Rx,0,-55.4287,"7.30900 2.93800 0.90000, -7.75000 2.95000 0.10000"
2169,0.0000,Tx-Rx,0,-55.1373,"7.30900 2.93800 0.90000, -7.45000 2.95000 0.10000"
2170,0.0000,Tx-Rx,0,-55.0566,"7.30900 2.93800 0.90000, -7.15000 2.95000 0.10000"
2171,0.0000,Tx-Rx,0,-54.7525,"7.30900 2.93800 0.90000, -6.85000 2.95000 0.10000"
2172,0.0000,Tx-Rx,0,-54.8876,"7.30900 2.93800 0.90000, -6.55000 2.95000 0.10000"
2173,0.0000,Tx-Rx,0,-56.0640,"7.30900 2.93800 0.90000, -6.25000 2.95000 0.10000"
2174,0.0000,Tx-Rx,0,-56.2693,"7.30900 2.93800 0.90000, -5.95000 2.95000 0.10000"
2175,0.0000,Tx-Rx,0,-56.2080,"7.30900 2.93800 0.90000, -5.65000 2.95000 0.10000"
2176,0.0000,Tx-Rx,0,-56.3415,"7.30900 2.93800 0.90000, -5.35000 2.95000 0.10000"
2177,0.0000,Tx-Rx,0,-55.9577,"7.30900 2.93800 0.90000, -5.05000 2.95000 0.10000"
2178,0.0000,Tx-Rx,0,-56.0142,"7.30900 2.93800 0.90000, -4.75000 2.95000 0.10000"
2179,0.0000,Tx-Rx,0,-55.9076,"7.30900 2.93800 0.90000, -4.45000 2.95000 0.10000"
2180,0.0000,Tx-Rx,0,-55.7410,"7.30900 2.93800 0.90000, -4.15000 2.95000 0.10000"
2181,0.0000,Tx-Rx,0,-55.4683,"7.30900 2.93800 0.90000, -3.85000 2.95000 0.10000"
2182,0.0000,Tx-Rx,0,-55.3526,"7.30900 2.93800 0.90000, -3.55000 2.95000 0.10000"
2183,0.0000,Tx-Rx,0,-55.9546,"7.30900 2.93800 0.90000, -3.25000 2.95000 0.10000"
2184,0.0000,Tx-Rx,0,-56.1181,"7.30900 2.93800 0.90000, -2.95000 2.95000 0.10000"
2185,0.0000,Tx-Rx,0,-55.9475,"7.30900 2.93800 0.90000, -2.65000 2.95000 0.10000"
2186,0.0000,Tx-Rx,0,-55.6637,"7.30900 2.93800 0.90000, -2.35000 2.95000 0.10000"
2187,0.0000,Tx-Rx,0,-55.1057,"7.30900 2.93800 0.90000, -2.05000 2.95000 0.10000"
2188,0.0000,Tx-Rx,0,-54.0699,"7.30900 2.93800 0.90000, -1.75000 2.95000 0.10000"
2189,0.0000,Tx-Rx,0,-53.5193,"7.30900 2.93800 0.90000, -1.45000 2.95000 0.10000"
2190,0.0000,Tx-Rx,0,-55.3978,"7.30900 2.93800 0.90000, -1.15000 2.95000 0.10000"
2191,0.0000,Tx-Rx,0,-57.4956,"7.30900 2.93800 0.90000, -0.85000 2.95000 0.10000"
2192,0.0000,Tx-Rx,0,-56.9826,"7.30900 2.93800 0.90000, -0.55000 2.95000 0.10000"
2193,0.0000,Tx-Rx,0,-55.9715,"7.30900 2.93800 0.90000, -0.25000 2.95000 0.10000"
2194,0.0000,Tx-Rx,0,-54.9937,"7.30900 2.93800 0.90000, 0.05000 2.95000 0.10000"
2195,0.0000,Tx-Rx,0,-53.8472,"7.30900 2.93800 0.90000, 0.35000 2.95000 0.10000"
2196,0.0000,Tx-Rx,0,-53.5170,"7.30900 2.93800 0.90000, 0.65000 2.95000 0.10000"
2197,0.0000,Tx-Rx,0,-53.3530,"7.30900 2.93800 0.90000, 0.95000 2.95000 0.10000"
2198,0.0000,Tx-Rx,0,-53.0509,"7.30900 2.93800 0.90000, 1.25000 2.95000 0.10000"
2199,0.0000,Tx-Rx,0,-52.6126,"7.30900 2.93800 0.90000, 1.55000 2.95000 0.10000"
2200,0.0000,Tx-Rx,0,-52.2807,"7.30900 2.93800 0.90000, 1.85000 2.95000 0.10000"
2201,0.0000,Tx-Rx,0,-52.0067,"7.30900 2.93800 0.90000, 2.15000 2.95000 0.10000"
2202,0.0000,Tx-Rx,0,-51.5690,"7.30900 2.93800 0.90000, 2.45000 2.95000 0.10000"
2203,0.0000,Tx-Rx,0,-50.4047,"7.30900 2.93800 0.90000, 2.75000 2.95000 0.10000"
2204,0.0000,Tx-Rx,0,-49.5875,"7.30900 2.93800 0.90000, 3.05000 2.95000 0.10000"
2205,0.0000,Tx-Rx,0,-48.6839,"7.30900 2.93800 0.90000, 3.35000 2.95000 0.10000"
2206,0.0000,Tx-Rx,0,-48.3536,"7.30900 2.93800 0.90000, 3.65000 2.95000 0.10000"
2207,0.0000,Tx-Rx,0,-48.3922,"7.30900 2.93800 0.90000, 3.95000 2.95000 0.10000"
2208,0.0000,Tx-Rx,0,-47.9385,"7.30900 2.93800 0.90000, 4.25000 2.95000 0.10000"
2209,0.0000,Tx-Rx,0,-46.9797,"7.30900 2.93800 0.90000, 4.55000 2.95000 0.10000"
2210,0.0000,Tx-Rx,0,-49.3454,"7.30900 2.93800 0.90000, 4.85000 2.95000 0.10000"
2211,0.0000,Tx-Rx,0,-49.0669,"7.30900 2.93800 0.90000, 5.15000 2.95000 0.10000"
2212,0.0000,Tx-Rx,0,-49.5341,"7.30900 2.93800 0.90000, 5.45000 2.95000 0.10000"
2213,0.0000,Tx-Rx,0,-45.0824,"7.30900 2.93800 0.90000, 5.75000 2.95000 0.10000"
2214,0.0000,Tx-Rx,0,-41.3491,"7.30900 2.93800 0.90000, 6.05000 2.95000 0.10000"
2215,0.0000,Tx-Rx,0,-37.6393,"7.30900 2.93800 0.90000, 6.35000 2.95000 0.10000"
2216,0.0000,Tx-Rx,0,-35.8485,"7.30900 2.93800 0.90000, 6.65000 2.95000 0.10000"
2217,0.0000,Tx-Rx,0,-37.3701,"7.30900 2.93800 0.90000, 6.95000 2.95000 0.10000"
2218,0.0000,Tx-Rx,0,-38.4036,"7.30900 2.93800 0.90000, 7.25000 2.95000 0.10000"
2219,0.0000,Tx-Rx,0,-37.9282,"7.30900 2.93800 0.90000, 7.55000 2.95000 0.10000"
2220,0.0000,Tx-Rx,0,-38.1322,"7.30900 2.93800 0.90000, 7.85000 2.95000 0.10000"
2221,0.0000,Tx-Rx,0,-85.8748,"7.30900 2.93800 0.90000, -9.85000 3.25000 0.10000"
2222,0.0000,Tx-Rx,0,-81.0414,"7.30900 2.93800 0.90000, -9.55000 3.25000 0.10000"
2223,0.0000,Tx-Rx,0,-81.4764,"7.30900 2.93800 0.90000, -9.25000 3.25000 0.10000"
2224,0.0000,Tx-Rx,0,-83.4604,"7.30900 2.93800 0.90000, -8.95000 3.25000 0.10000"
2225,0.0000,Tx-Rx,0,-80.9255,"7.30900 2.93800 0.90000, -8.65000 3.25000 0.10000"
2226,0.0000,Tx-Rx,0,-82.7430,"7.30900 2.93800 0.90000, -8.35000 3.25000 0.10000"
2227,0.0000,Tx-Rx,0,-60.1492,"7.30900 2.93800 0.90000, -8.05000 3.25000 0.10000"
2228,0.0000,Tx-Rx,0,-55.0510,"7.30900 2.93800 0.90000, -7.75000 3.25000 0.10000"
2229,0.0000,Tx-Rx,0,-55.1583,"7.30900 2.93800 0.90000, -7.45000 3.25000 0.10000"
2230,0.0000,Tx-Rx,0,-55.2066,"7.30900 2.93800 0.90000, -7.15000 3.25000 0.10000"
2231,0.0000,Tx-Rx,0,-55.0724,"7.30900 2.93800 0.90000, -6.85000 3.25000 0.10000"
2232,0.0000,Tx-Rx,0,-54.8082,"7.30900 2.93800 0.90000, -6.55000 3.25000 0.10000"
2233,0.0000,Tx-Rx,0,-56.0824,"7.30900 2.93800 0.90000, -6.25000 3.25000 0.10000"
2234,0.0000,Tx-Rx,0,-56.3040,"7.30900 2.93800 0.90000, -5.95000 3.25000 0.10000"
2235,0.0000,Tx-Rx,0,-56.3809,"7.30900 2.93800 0.90000, -5.65000 3.25000 0.10000"
2236,0.0000,Tx-Rx,0,-56.2436,"7.30900 2.93800 0.90000, -5.35000 3.25000 0.10000"
2237,0.0000,Tx-Rx,0,-56.1539,"7.30900 2.93800 0.90000, -5.05000 3.25000 0.10000"
2238,0.0000,Tx-Rx,0,-56.0070,"7.30900 2.93800 0.90000, -4.75000 3.25000 0.10000"
2239,0.0000,Tx-Rx,0,-55.9091,"7.30900 2.93800 0.90000, -4.45000 3.25000 0.10000"
2240,0.0000,Tx-Rx,0,-55.7106,"7.30900 2.93800 0.90000, -4.15000 3.25000 0.10000"
2241,0.0000,Tx-Rx,0,-55.5641,"7.30900 2.93800 0.90000, -3.85000 3.25000 0.10000"
2242,0.0000,Tx-Rx,0,-55.3547,"7.30900 2.93800 0.90000, -3.55000 3.25000 0.10000"
2243,0.0000,Tx-Rx,0,-55.9166,"7.30900 2.93800 0.90000, -3.25000 3.25000 0.10000"
2244,0.0000,Tx-Rx,0,-56.1220,"7.30900 2.93800 0.90000, -2.95000 3.25000 0.10000"
2245,0.0000,Tx-Rx,0,-55.9008,"7.30900 2.93800 0.90000, -2.65000 3.25000 0.10000"
2246,0.0000,Tx-Rx,0,-55.5079,"7.30900 2.93800 0.90000, -2.35000 3.25000 0.10000"
2247,0.0000,Tx-Rx,0,-54.7404,"7.30900 2.93800 0.90000, -2.05000 3.25000 0.10000"
2248,0.0000,Tx-Rx,0,-54.5082,"7.30900 2.93800 0.90000, -1.75000 3.25000 0.10000"
2249,0.0000,Tx-Rx,0,-54.2856,"7.30900 2.93800 0.90000, -1.45000 3.25000 0.10000"
2250,0.0000,Tx-Rx,0,-56.4295,"7.30900 2.93800 0.90000, -1.15000 3.25000 0.10000"
2251,0.0000,Tx-Rx,0,-58.1878,"7.30900 2.93800 0.90000, -0.85000 3.25000 0.10000"
2252,0.0000,Tx-Rx,0,-57.3743,"7.30900 2.93800 0.90000, -0.55000 3.25000 0.10000"
2253,0.0000,Tx-Rx,0,-57.1193,"7.30900 2.93800 0.90000, -0.25000 3.25000 0.10000"
2254,0.0000,Tx-Rx,0,-57.0857,"7.30900 2.93800 0.90000, 0.05000 3.25000 0.10000"
2255,0.0000,Tx-Rx,0,-57.3778,"7.30900 2.93800 0.90000, 0.35000 3.25000 0.10000"
2256,0.0000,Tx-Rx,0,-55.9934,"7.30900 2.93800 0.90000, 0.65000 3.25000 0.10000"
2257,0.0000,Tx-Rx,0,-54.3300,"7.30900 2.93800 0.90000, 0.95000 3.25000 0.10000"
2258,0.0000,Tx-Rx,0,-52.8040,"7.30900 2.93800 0.90000, 1.25000 3.25000 0.10000"
2259,0.0000,Tx-Rx,0,-52.1298,"7.30900 2.93800 0.90000, 1.55000 3.25000 0.10000"
2260,0.0000,Tx-Rx,0,-51.3574,"7.30900 2.93800 0.90000, 1.85000 3.25000 0.10000"
2261,0.0000,Tx-Rx,0,-49.9263,"7.30900 2.93800 0.90000, 2.15000 3.25000 0.10000"
2262,0.0000,Tx-Rx,0,-48.8064,"7.30900 2.93800 0.90000, 2.45000 3.25000 0.10000"
2263,0.0000,Tx-Rx,0,-48.3871,"7.30900 2.93800 0.90000, 2.75000 3.25000 0.10000"
2264,0.0000,Tx-Rx,0,-48.2478,"7.30900 2.93800 0.90000, 3.05000 3.25000 0.10000"
2265,0.0000,Tx-Rx,0,-47.9256,"7.30900 2.93800 0.90000, 3.35000 3.25000 0.10000"
2266,0.0000,Tx-Rx,0,-47.4192,"7.30900 2.93800 0.90000, 3.65000 3.25000 0.10000"
2267,0.0000,Tx-Rx,0,-47.1971,"7.30900 2.93800 0.90000, 3.95000 3.25000 0.10000"
2268,0.0000,Tx-Rx,0,-46.8550,"7.30900 2.93800 0.90000, 4.25000 3.25000 0.10000"
2269,0.0000,Tx-Rx,0,-47.1039,"7.30900 2.93800 0.90000, 4.55000 3.25000 0.10000"
2270,0.0000,Tx-Rx,0,-47.7458,"7.30900 2.93800 0.90000, 4.85000 3.25000 0.10000"
2271,0.0000,Tx-Rx,0,-46.7246,"7.30900 2.93800 0.90000, 5.15000 3.25000 0.10000"
2272,0.0000,Tx-Rx,0,-44.5130,"7.30900 2.93800 0.90000, 5.45000 3.25000 0.10000"
2273,0.0000,Tx-Rx,0,-40.8684,"7.30900 2.93800 0.90000, 5.75000 3.25000 0.10000"
2274,0.0000,Tx-Rx,0,-39.2979,"7.30900 2.93800 0.90000, 6.05000 3.25000 0.10000"
2275,0.0000,Tx-Rx,0,-37.8095,"7.30900 2.93800 0.90000, 6.35000 3.25000 0.10000"
2276,0.0000,Tx-Rx,0,-36.1354,"7.30900 2.93800 0.90000, 6.65000 3.25000 0.10000"
2277,0.0000,Tx-Rx,0,-37.1302,"7.30900 2.93800 0.90000, 6.95000 3.25000 0.10000"
2278,0.0000,Tx-Rx,0,-38.6626,"7.30900 2.93800 0.90000, 7.25000 3.25000 0.10000"
2279,0.0000,Tx-Rx,0,-37.6748,"7.30900 2.93800 0.90000, 7.55000 3.25000 0.10000"
2280,0.0000,Tx-Rx,0,-38.1651,"7.30900 2.93800 0.90000, 7.85000 3.25000 0.10000"
2281,0.0000,Tx-Rx,0,-83.6925,"7.30900 2.93800 0.90000, -9.85000 3.55000 0.10000"
2282,0.0000,Tx-Rx,0,-80.9863,"7.30900 2.93800 0.90000, -9.55000 3.55000 0.10000"
2283,0.0000,Tx-Rx,0,-81.2746,"7.30900 2.93800 0.90000, -9.25000 3.55000 0.10000"
2284,0.0000,Tx-Rx,0,-83.9946,"7.30900 2.93800 0.90000, -8.95000 3.55000 0.10000"
2285,0.0000,Tx-Rx,0,-81.8844,"7.30900 2.93800 0.90000, -8.65000 3.55000 0.10000"
2286,0.0000,Tx-Rx,0,-81.8123,"7.30900 2.93800 0.90000, -8.35000 3.55000 0.10000"
2287,0.0000,Tx-Rx,0,-60.3938,"7.30900 2.93800 0.90000, -8.05000 3.55000 0.10000"
2288,0.0000,Tx-Rx,0,-55.4552,"7.30900 2.93800 0.90000, -7.75000 3.55000 0.10000"
2289,0.0000,Tx-Rx,0,-55.5387,"7.30900 2.93800 0.90000, -7.45000 3.55000 0.10000"
2290,0.0000,Tx-Rx,0,-55.5009,"7.30900 2.93800 0.90000, -7.15000 3.55000 0.10000"
2291,0.0000,Tx-Rx,0,-55.1223,"7.30900 2.93800 0.90000, -6.85000 3.55000 0.10000"
2292,0.0000,Tx-Rx,0,-55.4505,"7.30900 2.93800 0.90000, -6.55000 3.55000 0.10000"
2293,0.0000,Tx-Rx,0,-56.0530,"7.30900 2.93800 0.90000, -6.25000 3.55000 0.10000"
2294,0.0000,Tx-Rx,0,-56.5099,"7.30900 2.93800 0.90000, -5.95000 3.55000 0.10000"
2295,0.0000,Tx-Rx,0,-56.3771,"7.30900 2.93800 0.90000, -5.65000 3.55000 0.10000"
2296,0.0000,Tx-Rx,0,-56.2466,"7.30900 2.93800 0.90000, -5.35000 3.55000 0.10000"
2297,0.0000,Tx-Rx,0,-56.0558,"7.30900 2.93800 0.90000, -5.05000 3.55000 0.10000"
2298,0.0000,Tx-Rx,0,-55.8829,"7.30900 2.93800 0.90000, -4.75000 3.55000 0.10000"
2299,0.0000,Tx-Rx,0,-55.7678,"7.30900 2.93800 0.90000, -4.45000 3.55000 0.10000"
2300,0.0000,Tx-Rx,0,-55.6469,"7.30900 2.93800 0.90000, -4.15000 3.55000 0.10000"
2301,0.0000,Tx-Rx,0,-55.5555,"7.30900 2.93800 0.90000, -3.85000 3.55000 0.10000"
2302,0.0000,Tx-Rx,0,-55.7376,"7.30900 2.93800 0.90000, -3.55000 3.55000 0.10000"
2303,0.0000,Tx-Rx,0,-56.4724,"7.30900 2.93800 0.90000, -3.25000 3.55000 0.10000"
2304,0.0000,Tx-Rx,0,-56.9721,"7.30900 2.93800 0.90000, -2.95000 3.55000 0.10000"
2305,0.0000,Tx-Rx,0,-56.9262,"7.30900 2.93800 0.90000, -2.65000 3.55000 0.10000"
2306,0.0000,Tx-Rx,0,-56.5244,"7.30900 2.93800 0.90000, -2.35000 3.55000 0.10000"
2307,0.0000,Tx-Rx,0,-56.5943,"7.30900 2.93800 0.90000, -2.05000 3.55000 0.10000"
2308,0.0000,Tx-Rx,0,-56.9343,"7.30900 2.93800 0.90000, -1.75000 3.55000 0.10000"
2309,0.0000,Tx-Rx,0,-57.2215,"7.30900 2.93800 0.90000, -1.45000 3.55000 0.10000"
2310,0.0000,Tx-Rx,0,-59.0520,"7.30900 2.93800 0.90000, -1.15000 3.55000 0.10000"
2311,0.0000,Tx-Rx,0,-60.2790,"7.30900 2.93800 0.90000, -0.85000 3.55000 0.10000"
2312,0.0000,Tx-Rx,0,-59.3904,"7.30900 2.93800 0.90000, -0.55000 3.55000 0.10000"
2313,0.0000,Tx-Rx,0,-57.6030,"7.30900 2.93800 0.90000, -0.25000 3.55000 0.10000"
2314,0.0000,Tx-Rx,0,-56.3798,"7.30900 2.93800 0.90000, 0.05000 3.55000 0.10000"
2315,0.0000,Tx-Rx,0,-55.9466,"7.30900 2.93800 0.90000, 0.35000 3.55000 0.10000"
2316,0.0000,Tx-Rx,0,-55.9384,"7.30900 2.93800 0.90000, 0.65000 3.55000 0.10000"
2317,0.0000,Tx-Rx,0,-56.3662,"7.30900 2.93800 0.90000, 0.95000 3.55000 0.10000"
2318,0.0000,Tx-Rx,0,-54.5223,"7.30900 2.93800 0.90000, 1.25000 3.55000 0.10000"
2319,0.0000,Tx-Rx,0,-52.0090,"7.30900 2.93800 0.90000, 1.55000 3.55000 0.10000"
2320,0.0000,Tx-Rx,0,-50.2611,"7.30900 2.93800 0.90000, 1.85000 3.55000 0.10000"
2321,0.0000,Tx-Rx,0,-49.2381,"7.30900 2.93800 0.90000, 2.15000 3.55000 0.10000"
2322,0.0000,Tx-Rx,0,-48.6035,"7.30900 2.93800 0.90000, 2.45000 3.55000 0.10000"
2323,0.0000,Tx-Rx,0,-48.4270,"7.30900 2.93800 0.90000, 2.75000 3.55000 0.10000"
2324,0.0000,Tx-Rx,0,-48.1423,"7.30900 2.93800 0.90000, 3.05000 3.55000 0.10000"
2325,0.0000,Tx-Rx,0,-47.6647,"7.30900 2.93800 0.90000, 3.35000 3.55000 0.10000"
2326,0.0000,Tx-Rx,0,-47.0690,"7.30900 2.93800 0.90000, 3.65000 3.55000 0.10000"
2327,0.0000,Tx-Rx,0,-46.9527,"7.30900 2.93800 0.90000, 3.95000 3.55000 0.10000"
2328,0.0000,Tx-Rx,0,-46.6497,"7.30900 2.93800 0.90000, 4.25000 3.55000 0.10000"
2329,0.0000,Tx-Rx,0,-45.2257,"7.30900 2.93800 0.90000, 4.55000 3.55000 0.10000"
2330,0.0000,Tx-Rx,0,-43.7619,"7.30900 2.93800 0.90000, 4.85000 3.55000 0.10000"
2331,0.0000,Tx-Rx,0,-42.1684,"7.30900 2.93800 0.90000, 5.15000 3.55000 0.10000"
2332,0.0000,Tx-Rx,0,-41.1262,"7.30900 2.93800 0.90000, 5.45000 3.55000 0.10000"
2333,0.0000,Tx-Rx,0,-40.2843,"7.30900 2.93800 0.90000, 5.75000 3.55000 0.10000"
2334,0.0000,Tx-Rx,0,-39.3551,"7.30900 2.93800 0.90000, 6.05000 3.55000 0.10000"
2335,0.0000,Tx-Rx,0,-38.3371,"7.30900 2.93800 0.90000, 6.35000 3.55000 0.10000"
2336,0.0000,Tx-Rx,0,-36.8364,"7.30900 2.93800 0.90000, 6.65000 3.55000 0.10000"
2337,0.0000,Tx-Rx,0,-37.5963,"7.30900 2.93800 0.90000, 6.95000 3.55000 0.10000"
2338,0.0000,Tx-Rx,0,-39.1241,"7.30900 2.93800 0.90000, 7.25000 3.55000 0.10000"
2339,0.0000,Tx-Rx,0,-38.1484,"7.30900 2.93800 0.90000, 7.55000 3.55000 0.10000"
2340,0.0000,Tx-Rx,0,-38.6747,"7.30900 2.93800 0.90000, 7.85000 3.55000 0.10000"
2341,0.0000,Tx-Rx,0,-85.1850,"7.30900 2.93800 0.90000, -9.85000 3.85000 0.10000"
2342,0.0000,Tx-Rx,0,-84.0286,"7.30900 2.93800 0.90000, -9.55000 3.85000 0.10000"
2343,0.0000,Tx-Rx,0,-83.2177,"7.30900 2.93800 0.90000, -9.25000 3.85000 0.10000"
2344,0.0000,Tx-Rx,0,-82.5965,"7.30900 2.93800 0.90000, -8.95000 3.85000 0.10000"
2345,0.0000,Tx-Rx,0,-81.4712,"7.30900 2.93800 0.90000, -8.65000 3.85000 0.10000"
2346,0.0000,Tx-Rx,0,-80.9094,"7.30900 2.93800 0.90000, -8.35000 3.85000 0.10000"
2347,0.0000,Tx-Rx,0,-62.1166,"7.30900 2.93800 0.90000, -8.05000 3.85000 0.10000"
2348,0.0000,Tx-Rx,0,-57.4337,"7.30900 2.93800 0.90000, -7.75000 3.85000 0.10000"
2349,0.0000,Tx-Rx,0,-57.4520,"7.30900 2.93800 0.90000, -7.45000 3.85000 0.10000"
2350,0.0000,Tx-Rx,0,-57.6413,"7.30900 2.93800 0.90000, -7.15000 3.85000 0.10000"
2351,0.0000,Tx-Rx,0,-57.7945,"7.30900 2.93800 0.90000, -6.85000 3.85000 0.10000"
2352,0.0000,Tx-Rx,0,-58.0129,"7.30900 2.93800 0.90000, -6.55000 3.85000 0.10000"
2353,0.0000,Tx-Rx,0,-58.3118,"7.30900 2.93800 0.90000, -6.25000 3.85000 0.10000"
2354,0.0000,Tx-Rx,0,-58.7798,"7.30900 2.93800 0.90000, -5.95000 3.85000 0.10000"
2355,0.0000,Tx-Rx,0,-59.0441,"7.30900 2.93800 0.90000, -5.65000 3.85000 0.10000"
2356,0.0000,Tx-Rx,0,-59.6427,"7.30900 2.93800 0.90000, -5.35000 3.85000 0.10000"
2357,0.0000,Tx-Rx,0,-59.9762,"7.30900 2.93800 0.90000, -5.05000 3.85000 0.10000"
2358,0.0000,Tx-Rx,0,-60.9985,"7.30900 2.93800 0.90000, -4.75000 3.85000 0.10000"
2359,0.0000,Tx-Rx,0,-61.5208,"7.30900 2.93800 0.90000, -4.45000 3.85000 0.10000"
2360,0.0000,Tx-Rx,0,-63.0243,"7.30900 2.93800 0.90000, -4.15000 3.85000 0.10000"
2361,0.0000,Tx-Rx,0,-64.1494,"7.30900 2.93800 0.90000, -3.85000 3.85000 0.10000"
2362,0.0000,Tx-Rx,0,-64.6644,"7.30900 2.93800 0.90000, -3.55000 3.85000 0.10000"
2363,0.0000,Tx-Rx,0,-65.4162,"7.30900 2.93800 0.90000, -3.25000 3.85000 0.10000"
2364,0.0000,Tx-Rx,0,-64.4574,"7.30900 2.93800 0.90000, -2.95000 3.85000 0.10000"
2365,0.0000,Tx-Rx,0,-62.2431,"7.30900 2.93800 0.90000, -2.65000 3.85000 0.10000"
2366,0.0000,Tx-Rx,0,-61.9321,"7.30900 2.93800 0.90000, -2.35000 3.85000 0.10000"
2367,0.0000,Tx-Rx,0,-61.7237,"7.30900 2.93800 0.90000, -2.05000 3.85000 0.10000"
2368,0.0000,Tx-Rx,0,-61.7058,"7.30900 2.93800 0.90000, -1.75000 3.85000 0.10000"
2369,0.0000,Tx-Rx,0,-61.9420,"7.30900 2.93800 0.90000, -1.45000 3.85000 0.10000"
2370,0.0000,Tx-Rx,0,-62.1169,"7.30900 2.93800 0.90000, -1.15000 3.85000 0.10000"
2371,0.0000,Tx-Rx,0,-61.8991,"7.30900 2.93800 0.90000, -0.85000 3.85000 0.10000"
2372,0.0000,Tx-Rx,0,-62.0475,"7.30900 2.93800 0.90000, -0.55000 3.85000 0.10000"
2373,0.0000,Tx-Rx,0,-62.6245,"7.30900 2.93800 0.90000, -0.25000 3.85000 0.10000"
2374,0.0000,Tx-Rx,0,-57.7241,"7.30900 2.93800 0.90000, 0.05000 3.85000 0.10000"
2375,0.0000,Tx-Rx,0,-54.5809,"7.30900 2.93800 0.90000, 0.35000 3.85000 0.10000"
2376,0.0000,Tx-Rx,0,-53.2242,"7.30900 2.93800 0.90000, 0.65000 3.85000 0.10000"
2377,0.0000,Tx-Rx,0,-52.1440,"7.30900 2.93800 0.90000, 0.95000 3.85000 0.10000"
2378,0.0000,Tx-Rx,0,-51.8883,"7.30900 2.93800 0.90000, 1.25000 3.85000 0.10000"
2379,0.0000,Tx-Rx,0,-51.9051,"7.30900 2.93800 0.90000, 1.55000 3.85000 0.10000"
2380,0.0000,Tx-Rx,0,-52.1466,"7.30900 2.93800 0.90000, 1.85000 3.85000 0.10000"
2381,0.0000,Tx-Rx,0,-51.9626,"7.30900 2.93800 0.90000, 2.15000 3.85000 0.10000"
2382,0.0000,Tx-Rx,0,-50.7523,"7.30900 2.93800 0.90000, 2.45000 3.85000 0.10000"
2383,0.0000,Tx-Rx,0,-49.4095,"7.30900 2.93800 0.90000, 2.75000 3.85000 0.10000"
2384,0.0000,Tx-Rx,0,-48.4201,"7.30900 2.93800 0.90000, 3.05000 3.85000 0.10000"
2385,0.0000,Tx-Rx,0,-47.1408,"7.30900 2.93800 0.90000, 3.35000 3.85000 0.10000"
2386,0.0000,Tx-Rx,0,-45.9406,"7.30900 2.93800 0.90000, 3.65000 3.85000 0.10000"
2387,0.0000,Tx-Rx,0,-44.9199,"7.30900 2.93800 0.90000, 3.95000 3.85000 0.10000"
2388,0.0000,Tx-Rx,0,-43.9365,"7.30900 2.93800 0.90000, 4.25000 3.85000 0.10000"
2389,0.0000,Tx-Rx,0,-43.4260,"7.30900 2.93800 0.90000, 4.55000 3.85000 0.10000"
2390,0.0000,Tx-Rx,0,-42.9599,"7.30900 2.93800 0.90000, 4.85000 3.85000 0.10000"
2391,0.0000,Tx-Rx,0,-42.1276,"7.30900 2.93800 0.90000, 5.15000 3.85000 0.10000"
2392,0.0000,Tx-Rx,0,-41.3786,"7.30900 2.93800 0.90000, 5.45000 3.85000 0.10000"
2393,0.0000,Tx-Rx,0,-40.6016,"7.30900 2.93800 0.90000, 5.75000 3.85000 0.10000"
2394,0.0000,Tx-Rx,0,-39.2454,"7.30900 2.93800 0.90000, 6.05000 3.85000 0.10000"
2395,0.0000,Tx-Rx,0,-39.0337,"7.30900 2.93800 0.90000, 6.35000 3.85000 0.10000"
2396,0.0000,Tx-Rx,0,-38.0622,"7.30900 2.93800 0.90000, 6.65000 3.85000 0.10000"
2397,0.0000,Tx-Rx,0,-38.3442,"7.30900 2.93800 0.90000, 6.95000 3.85000 0.10000"
2398,0.0000,Tx-Rx,0,-40.0946,"7.30900 2.93800 0.90000, 7.25000 3.85000 0.10000"
2399,0.0000,Tx-Rx,0,-39.0780,"7.30900 2.93800 0.90000, 7.55000 3.85000 0.10000"
2400,0.0000,Tx-Rx,0,-39.7548,"7.30900 2.93800 0.90000, 7.85000 3.85000 0.10000"
2401,0.0000,Tx-Rx,0,-87.5240,"7.30900 2.93800 0.90000, -9.85000 4.15000 0.10000"
2402,0.0000,Tx-Rx,0,-89.1881,"7.30900 2.93800 0.90000, -9.55000 4.15000 0.10000"
2403,0.0000,Tx-Rx,0,-88.0913,"7.30900 2.93800 0.90000, -9.25000 4.15000 0.10000"
2404,0.0000,Tx-Rx,0,-91.1579,"7.30900 2.93800 0.90000, -8.95000 4.15000 0.10000"
2405,0.0000,Tx-Rx,0,-87.8953,"7.30900 2.93800 0.90000, -8.65000 4.15000 0.10000"
2406,0.0000,Tx-Rx,0,-89.5507,"7.30900 2.93800 0.90000, -8.35000 4.15000 0.10000"
2407,0.0000,Tx-Rx,0,-69.5720,"7.30900 2.93800 0.90000, -8.05000 4.15000 0.10000"
2408,0.0000,Tx-Rx,0,-66.5049,"7.30900 2.93800 0.90000, -7.75000 4.15000 0.10000"
2409,0.0000,Tx-Rx,0,-67.3909,"7.30900 2.93800 0.90000, -7.45000 4.15000 0.10000"
2410,0.0000,Tx-Rx,0,-67.9539,"7.30900 2.93800 0.90000, -7.15000 4.15000 0.10000"
2411,0.0000,Tx-Rx,0,-67.4693,"7.30900 2.93800 0.90000, -6.85000 4.15000 0.10000"
2412,0.0000,Tx-Rx,0,-67.2895,"7.30900 2.93800 0.90000, -6.55000 4.15000 0.10000"
2413,0.0000,Tx-Rx,0,-67.2199,"7.30900 2.93800 0.90000, -6.25000 4.15000 0.10000"
2414,0.0000,Tx-Rx,0,-66.5490,"7.30900 2.93800 0.90000, -5.95000 4.15000 0.10000"
2415,0.0000,Tx-Rx,0,-66.5151,"7.30900 2.93800 0.90000, -5.65000 4.15000 0.10000"
2416,0.0000,Tx-Rx,0,-66.6414,"7.30900 2.93800 0.90000, -5.35000 4.15000 0.10000"
2417,0.0000,Tx-Rx,0,-66.1413,"7.30900 2.93800 0.90000, -5.05000 4.15000 0.10000"
2418,0.0000,Tx-Rx,0,-66.3428,"7.30900 2.93800 0.90000, -4.75000 4.15000 0.10000"
2419,0.0000,Tx-Rx,0,-66.3497,"7.30900 2.93800 0.90000, -4.45000 4.15000 0.10000"
2420,0.0000,Tx-Rx,0,-66.5153,"7.30900 2.93800 0.90000, -4.15000 4.15000 0.10000"
2421,0.0000,Tx-Rx,0,-66.9877,"7.30900 2.93800 0.90000, -3.85000 4.15000 0.10000"
2422,0.0000,Tx-Rx,0,-67.4287,"7.30900 2.93800 0.90000, -3.55000 4.15000 0.10000"
2423,0.0000,Tx-Rx,0,-66.6623,"7.30900 2.93800 0.90000, -3.25000 4.15000 0.10000"
2424,0.0000,Tx-Rx,0,-63.3802,"7.30900 2.93800 0.90000, -2.95000 4.15000 0.10000"
2425,0.0000,Tx-Rx,0,-62.5528,"7.30900 2.93800 0.90000, -2.65000 4.15000 0.10000"
2426,0.0000,Tx-Rx,0,-62.6609,"7.30900 2.93800 0.90000, -2.35000 4.15000 0.10000"
2427,0.0000,Tx-Rx,0,-62.7081,"7.30900 2.93800 0.90000, -2.05000 4.15000 0.10000"
2428,0.0000,Tx-Rx,0,-62.7729,"7.30900 2.93800 0.90000, -1.75000 4.15000 0.10000"
2429,0.0000,Tx-Rx,0,-62.8028,"7.30900 2.93800 0.90000, -1.45000 4.15000 0.10000"
2430,0.0000,Tx-Rx,0,-62.7303,"7.30900 2.93800 0.90000, -1.15000 4.15000 0.10000"
2431,0.0000,Tx-Rx,0,-62.7173,"7.30900 2.93800 0.90000, -0.85000 4.15000 0.10000"
2432,0.0000,Tx-Rx,0,-62.3934,"7.30900 2.93800 0.90000, -0.55000 4.15000 0.10000"
2433,0.0000,Tx-Rx,0,-64.9180,"7.30900 2.93800 0.90000, -0.25000 4.15000 0.10000"
2434,0.0000,Tx-Rx,0,-69.6800,"7.30900 2.93800 0.90000, 0.05000 4.15000 0.10000"
2435,0.0000,Tx-Rx,0,-70.4497,"7.30900 2.93800 0.90000, 0.35000 4.15000 0.10000"
2436,0.0000,Tx-Rx,0,-67.2231,"7.30900 2.93800 0.90000, 0.65000 4.15000 0.10000"
2437,0.0000,Tx-Rx,0,-63.6796,"7.30900 2.93800 0.90000, 0.95000 4.15000 0.10000"
2438,0.0000,Tx-Rx,0,-62.3033,"7.30900 2.93800 0.90000, 1.25000 4.15000 0.10000"
2439,0.0000,Tx-Rx,0,-57.8247,"7.30900 2.93800 0.90000, 1.55000 4.15000 0.10000"
2440,0.0000,Tx-Rx,0,-53.8008,"7.30900 2.93800 0.90000, 1.85000 4.15000 0.10000"
2441,0.0000,Tx-Rx,0,-52.7597,"7.30900 2.93800 0.90000, 2.15000 4.15000 0.10000"
2442,0.0000,Tx-Rx,0,-52.8502,"7.30900 2.93800 0.90000, 2.45000 4.15000 0.10000"
2443,0.0000,Tx-Rx,0,-55.6057,"7.30900 2.93800 0.90000, 2.75000 4.15000 0.10000"
2444,0.0000,Tx-Rx,0,-67.4120,"7.30900 2.93800 0.90000, 3.05000 4.15000 0.10000"
2445,0.0000,Tx-Rx,0,-76.3414,"7.30900 2.93800 0.90000, 3.35000 4.15000 0.10000"
2446,0.0000,Tx-Rx,0,-75.6176,"7.30900 2.93800 0.90000, 3.65000 4.15000 0.10000"
2447,0.0000,Tx-Rx,0,-76.0123,"7.30900 2.93800 0.90000, 3.95000 4.15000 0.10000"
2448,0.0000,Tx-Rx,0,-75.9144,"7.30900 2.93800 0.90000, 4.25000 4.15000 0.10000"
2449,0.0000,Tx-Rx,0,-75.2987,"7.30900 2.93800 0.90000, 4.55000 4.15000 0.10000"
2450,0.0000,Tx-Rx,0,-74.0836,"7.30900 2.93800 0.90000, 4.85000 4.15000 0.10000"
2451,0.0000,Tx-Rx,0,-73.0255,"7.30900 2.93800 0.90000, 5.15000 4.15000 0.10000"
2452,0.0000,Tx-Rx,0,-71.9145,"7.30900 2.93800 0.90000, 5.45000 4.15000 0.10000"
2453,0.0000,Tx-Rx,0,-70.0460,"7.30900 2.93800 0.90000, 5.75000 4.15000 0.10000"
2454,0.0000,Tx-Rx,0,-68.0291,"7.30900 2.93800 0.90000, 6.05000 4.15000 0.10000"
2455,0.0000,Tx-Rx,0,-68.6189,"7.30900 2.93800 0.90000, 6.35000 4.15000 0.10000"
2456,0.0000,Tx-Rx,0,-65.6955,"7.30900 2.93800 0.90000, 6.65000 4.15000 0.10000"
2457,0.0000,Tx-Rx,0,-65.9340,"7.30900 2.93800 0.90000, 6.95000 4.15000 0.10000"
2458,0.0000,Tx-Rx,0,-67.2923,"7.30900 2.93800 0.90000, 7.25000 4.15000 0.10000"
2459,0.0000,Tx-Rx,0,-66.2141,"7.30900 2.93800 0.90000, 7.55000 4.15000 0.10000"
2460,0.0000,Tx-Rx,0,-67.0209,"7.30900 2.93800 0.90000, 7.85000 4.15000 0.10000"
2461,0.0000,Tx-Rx,0,-102.2432,"7.30900 2.93800 0.90000, -9.85000 4.45000 0.10000"
2462,0.0000,Tx-Rx,0,-98.7187,"7.30900 2.93800 0.90000, -9.55000 4.45000 0.10000"
2463,0.0000,Tx-Rx,0,-108.3744,"7.30900 2.93800 0.90000, -9.25000 4.45000 0.10000"
2464,0.0000,Tx-Rx,0,-103.6284,"7.30900 2.93800 0.90000, -8.95000 4.45000 0.10000"
2465,0.0000,Tx-Rx,0,-100.4428,"7.30900 2.93800 0.90000, -8.65000 4.45000 0.10000"
2466,0.0000,Tx-Rx,0,-98.9403,"7.30900 2.93800 0.90000, -8.35000 4.45000 0.10000"
2467,0.0000,Tx-Rx,0,-81.4514,"7.30900 2.93800 0.90000, -8.05000 4.45000 0.10000"
2468,0.0000,Tx-Rx,0,-72.9501,"7.30900 2.93800 0.90000, -7.75000 4.45000 0.10000"
2469,0.0000,Tx-Rx,0,-71.5751,"7.30900 2.93800 0.90000, -7.45000 4.45000 0.10000"
2470,0.0000,Tx-Rx,0,-71.8060,"7.30900 2.93800 0.90000, -7.15000 4.45000 0.10000"
2471,0.0000,Tx-Rx,0,-73.2066,"7.30900 2.93800 0.90000, -6.85000 4.45000 0.10000"
2472,0.0000,Tx-Rx,0,-72.5201,"7.30900 2.93800 0.90000, -6.55000 4.45000 0.10000"
2473,0.0000,Tx-Rx,0,-72.1816,"7.30900 2.93800 0.90000, -6.25000 4.45000 0.10000"
2474,0.0000,Tx-Rx,0,-72.3989,"7.30900 2.93800 0.90000, -5.95000 4.45000 0.10000"
2475,0.0000,Tx-Rx,0,-72.0875,"7.30900 2.93800 0.90000, -5.65000 4.45000 0.10000"
2476,0.0000,Tx-Rx,0,-70.0998,"7.30900 2.93800 0.90000, -5.35000 4.45000 0.10000"
2477,0.0000,Tx-Rx,0,-71.2012,"7.30900 2.93800 0.90000, -5.05000 4.45000 0.10000"
2478,0.0000,Tx-Rx,0,-71.0504,"7.30900 2.93800 0.90000, -4.75000 4.45000 0.10000"
2479,0.0000,Tx-Rx,0,-70.7476,"7.30900 2.93800 0.90000, -4.45000 4.45000 0.10000"
2480,0.0000,Tx-Rx,0,-70.4241,"7.30900 2.93800 0.90000, -4.15000 4.45000 0.10000"
2481,0.0000,Tx-Rx,0,-70.3061,"7.30900 2.93800 0.90000, -3.85000 4.45000 0.10000"
2482,0.0000,Tx-Rx,0,-70.7245,"7.30900 2.93800 0.90000, -3.55000 4.45000 0.10000"
2483,0.0000,Tx-Rx,0,-65.1655,"7.30900 2.93800 0.90000, -3.25000 4.45000 0.10000"
2484,0.0000,Tx-Rx,0,-63.5784,"7.30900 2.93800 0.90000, -2.95000 4.45000 0.10000"
2485,0.0000,Tx-Rx,0,-63.4077,"7.30900 2.93800 0.90000, -2.65000 4.45000 0.10000"
2486,0.0000,Tx-Rx,0,-63.2249,"7.30900 2.93800 0.90000, -2.35000 4.45000 0.10000"
2487,0.0000,Tx-Rx,0,-62.9305,"7.30900 2.93800 0.90000, -2.05000 4.45000 0.10000"
2488,0.0000,Tx-Rx,0,-62.9538,"7.30900 2.93800 0.90000, -1.75000 4.45000 0.10000"
2489,0.0000,Tx-Rx,0,-62.9472,"7.30900 2.93800 0.90000, -1.45000 4.45000 0.10000"
2490,0.0000,Tx-Rx,0,-62.5248,"7.30900 2.93800 0.90000, -1.15000 4.45000 0.10000"
2491,0.0000,Tx-Rx,0,-61.9614,"7.30900 2.93800 0.90000, -0.85000 4.45000 0.10000"
2492,0.0000,Tx-Rx,0,-61.5673,"7.30900 2.93800 0.90000, -0.55000 4.45000 0.10000"
2493,0.0000,Tx-Rx,0,-63.3183,"7.30900 2.93800 0.90000, -0.25000 4.45000 0.10000"
2494,0.0000,Tx-Rx,0,-61.0007,"7.30900 2.93800 0.90000, 0.05000 4.45000 0.10000"
2495,0.0000,Tx-Rx,0,-60.9055,"7.30900 2.93800 0.90000, 0.35000 4.45000 0.10000"
2496,0.0000,Tx-Rx,0,-60.6338,"7.30900 2.93800 0.90000, 0.65000 4.45000 0.10000"
2497,0.0000,Tx-Rx,0,-60.6820,"7.30900 2.93800 0.90000, 0.95000 4.45000 0.10000"
2498,0.0000,Tx-Rx,0,-60.5254,"7.30900 2.93800 0.90000, 1.25000 4.45000 0.10000"
2499,0.0000,Tx-Rx,0,-59.1612,"7.30900 2.93800 0.90000, 1.55000 4.45000 0.10000"
2500,0.0000,Tx-Rx,0,-58.3923,"7.30900 2.93800 0.90000, 1.85000 4.45000 0.10000"
2501,0.0000,Tx-Rx,0,-58.1477,"7.30900 2.93800 0.90000, 2.15000 4.45000 0.10000"
2502,0.0000,Tx-Rx,0,-60.3311,"7.30900 2.93800 0.90000, 2.45000 4.45000 0.10000"
2503,0.0000,Tx-Rx,0,-64.0966,"7.30900 2.93800 0.90000, 2.75000 4.45000 0.10000"
2504,0.0000,Tx-Rx,0,-71.1533,"7.30900 2.93800 0.90000, 3.05000 4.45000 0.10000"
2505,0.0000,Tx-Rx,0,-71.6103,"7.30900 2.93800 0.90000, 3.35000 4.45000 0.10000"
2506,0.0000,Tx-Rx,0,-72.2031,"7.30900 2.93800 0.90000, 3.65000 4.45000 0.10000"
2507,0.0000,Tx-Rx,0,-72.1294,"7.30900 2.93800 0.90000, 3.95000 4.45000 0.10000"
2508,0.0000,Tx-Rx,0,-71.6655,"7.30900 2.93800 0.90000, 4.25000 4.45000 0.10000"
2509,0.0000,Tx-Rx,0,-71.4775,"7.30900 2.93800 0.90000, 4.55000 4.45000 0.10000"
2510,0.0000,Tx-Rx,0,-70.7432,"7.30900 2.93800 0.90000, 4.85000 4.45000 0.10000"
2511,0.0000,Tx-Rx,0,-70.8836,"7.30900 2.93800 0.90000, 5.15000 4.45000 0.10000"
2512,0.0000,Tx-Rx,0,-69.7582,"7.30900 2.93800 0.90000, 5.45000 4.45000 0.10000"
2513,0.0000,Tx-Rx,0,-68.5832,"7.30900 2.93800 0.90000, 5.75000 4.45000 0.10000"
2514,0.0000,Tx-Rx,0,-69.2158,"7.30900 2.93800 0.90000, 6.05000 4.45000 0.10000"
2515,0.0000,Tx-Rx,0,-67.2784,"7.30900 2.93800 0.90000, 6.35000 4.45000 0.10000"
2516,0.0000,Tx-Rx,0,-66.0673,"7.30900 2.93800 0.90000, 6.65000 4.45000 0.10000"
2517,0.0000,Tx-Rx,0,-67.6624,"7.30900 2.93800 0.90000, 6.95000 4.45000 0.10000"
2518,0.0000,Tx-Rx,0,-67.3034,"7.30900 2.93800 0.90000, 7.25000 4.45000 0.10000"
2519,0.0000,Tx-Rx,0,-66.9598,"7.30900 2.93800 0.90000, 7.55000 4.45000 0.10000"
2520,0.0000,Tx-Rx,0,-67.0541,"7.30900 2.93800 0.90000, 7.85000 4.45000 0.10000"
2521,0.0000,Tx-Rx,0,-99.7676,"7.30900 2.93800 0.90000, -9.85000 4.75000 0.10000"
2522,0.0000,Tx-Rx,0,-101.5055,"7.30900 2.93800 0.90000, -9.55000 4.75000 0.10000"
2523,0.0000,Tx-Rx,0,-100.2158,"7.30900 2.93800 0.90000, -9.25000 4.75000 0.10000"
2524,0.0000,Tx-Rx,0,-103.4300,"7.30900 2.93800 0.90000, -8.95000 4.75000 0.10000"
2525,0.0000,Tx-Rx,0,-102.6473,"7.30900 2.93800 0.90000, -8.65000 4.75000 0.10000"
2526,0.0000,Tx-Rx,0,-105.3329,"7.30900 2.93800 0.90000, -8.35000 4.75000 0.10000"
2527,0.0000,Tx-Rx,0,-84.2825,"7.30900 2.93800 0.90000, -8.05000 4.75000 0.10000"
2528,0.0000,Tx-Rx,0,-78.8051,"7.30900 2.93800 0.90000, -7.75000 4.75000 0.10000"
2529,0.0000,Tx-Rx,0,-73.8493,"7.30900 2.93800 0.90000, -7.45000 4.75000 0.10000"
2530,0.0000,Tx-Rx,0,-72.4922,"7.30900 2.93800 0.90000, -7.15000 4.75000 0.10000"
2531,0.0000,Tx-Rx,0,-73.5913,"7.30900 2.93800 0.90000, -6.85000 4.75000 0.10000"
2532,0.0000,Tx-Rx,0,-73.8774,"7.30900 2.93800 0.90000, -6.55000 4.75000 0.10000"
2533,0.0000,Tx-Rx,0,-73.3460,"7.30900 2.93800 0.90000, -6.25000 4.75000 0.10000"
2534,0.0000,Tx-Rx,0,-72.8452,"7.30900 2.93800 0.90000, -5.95000 4.75000 0.10000"
2535,0.0000,Tx-Rx,0,-72.3702,"7.30900 2.93800 0.90000, -5.65000 4.75000 0.10000"
2536,0.0000,Tx-Rx,0,-72.7949,"7.30900 2.93800 0.90000, -5.35000 4.75000 0.10000"
2537,0.0000,Tx-Rx,0,-72.2936,"7.30900 2.93800 0.90000, -5.05000 4.75000 0.10000"
2538,0.0000,Tx-Rx,0,-71.9384,"7.30900 2.93800 0.90000, -4.75000 4.75000 0.10000"
2539,0.0000,Tx-Rx,0,-71.2991,"7.30900 2.93800 0.90000, -4.45000 4.75000 0.10000"
2540,0.0000,Tx-Rx,0,-71.8558,"7.30900 2.93800 0.90000, -4.15000 4.75000 0.10000"
2541,0.0000,Tx-Rx,0,-72.2252,"7.30900 2.93800 0.90000, -3.85000 4.75000 0.10000"
2542,0.0000,Tx-Rx,0,-67.3381,"7.30900 2.93800 0.90000, -3.55000 4.75000 0.10000"
2543,0.0000,Tx-Rx,0,-65.2694,"7.30900 2.93800 0.90000, -3.25000 4.75000 0.10000"
2544,0.0000,Tx-Rx,0,-65.0961,"7.30900 2.93800 0.90000, -2.95000 4.75000 0.10000"
2545,0.0000,Tx-Rx,0,-63.1680,"7.30900 2.93800 0.90000, -2.65000 4.75000 0.10000"
2546,0.0000,Tx-Rx,0,-63.4286,"7.30900 2.93800 0.90000, -2.35000 4.75000 0.10000"
2547,0.0000,Tx-Rx,0,-63.3569,"7.30900 2.93800 0.90000, -2.05000 4.75000 0.10000"
2548,0.0000,Tx-Rx,0,-62.3646,"7.30900 2.93800 0.90000, -1.75000 4.75000 0.10000"
2549,0.0000,Tx-Rx,0,-61.1569,"7.30900 2.93800 0.90000, -1.45000 4.75000 0.10000"
2550,0.0000,Tx-Rx,0,-61.4564,"7.30900 2.93800 0.90000, -1.15000 4.75000 0.10000"
2551,0.0000,Tx-Rx,0,-60.7480,"7.30900 2.93800 0.90000, -0.85000 4.75000 0.10000"
2552,0.0000,Tx-Rx,0,-63.1649,"7.30900 2.93800 0.90000, -0.55000 4.75000 0.10000"
2553,0.0000,Tx-Rx,0,-63.4424,"7.30900 2.93800 0.90000, -0.25000 4.75000 0.10000"
2554,0.0000,Tx-Rx,0,-66.0429,"7.30900 2.93800 0.90000, 0.05000 4.75000 0.10000"
2555,0.0000,Tx-Rx,0,-66.7634,"7.30900 2.93800 0.90000, 0.35000 4.75000 0.10000"
2556,0.0000,Tx-Rx,0,-63.5848,"7.30900 2.93800 0.90000, 0.65000 4.75000 0.10000"
2557,0.0000,Tx-Rx,0,-62.1847,"7.30900 2.93800 0.90000, 0.95000 4.75000 0.10000"
2558,0.0000,Tx-Rx,0,-62.7070,"7.30900 2.93800 0.90000, 1.25000 4.75000 0.10000"
2559,0.0000,Tx-Rx,0,-62.4136,"7.30900 2.93800 0.90000, 1.55000 4.75000 0.10000"
2560,0.0000,Tx-Rx,0,-61.6394,"7.30900 2.93800 0.90000, 1.85000 4.75000 0.10000"
2561,0.0000,Tx-Rx,0,-62.6943,"7.30900 2.93800 0.90000, 2.15000 4.75000 0.10000"
2562,0.0000,Tx-Rx,0,-63.2755,"7.30900 2.93800 0.90000, 2.45000 4.75000 0.10000"
2563,0.0000,Tx-Rx,0,-65.8397,"7.30900 2.93800 0.90000, 2.75000 4.75000 0.10000"
2564,0.0000,Tx-Rx,0,-69.3334,"7.30900 2.93800 0.90000, 3.05000 4.75000 0.10000"
2565,0.0000,Tx-Rx,0,-69.3816,"7.30900 2.93800 0.90000, 3.35000 4.75000 0.10000"
2566,0.0000,Tx-Rx,0,-77.4329,"7.30900 2.93800 0.90000, 3.65000 4.75000 0.10000"
2567,0.0000,Tx-Rx,0,-77.8884,"7.30900 2.93800 0.90000, 3.95000 4.75000 0.10000"
2568,0.0000,Tx-Rx,0,-78.1715,"7.30900 2.93800 0.90000, 4.25000 4.75000 0.10000"
2569,0.0000,Tx-Rx,0,-78.1107,"7.30900 2.93800 0.90000, 4.55000 4.75000 0.10000"
2570,0.0000,Tx-Rx,0,-79.5339,"7.30900 2.93800 0.90000, 4.85000 4.75000 0.10000"
2571,0.0000,Tx-Rx,0,-77.6534,"7.30900 2.93800 0.90000, 5.15000 4.75000 0.10000"
2572,0.0000,Tx-Rx,0,-78.7133,"7.30900 2.93800 0.90000, 5.45000 4.75000 0.10000"
2573,0.0000,Tx-Rx,0,-74.9952,"7.30900 2.93800 0.90000, 5.75000 4.75000 0.10000"
2574,0.0000,Tx-Rx,0,-73.1876,"7.30900 2.93800 0.90000, 6.05000 4.75000 0.10000"
2575,0.0000,Tx-Rx,0,-72.0635,"7.30900 2.93800 0.90000, 6.35000 4.75000 0.10000"
2576,0.0000,Tx-Rx,0,-71.8694,"7.30900 2.93800 0.90000, 6.65000 4.75000 0.10000"
2577,0.0000,Tx-Rx,0,-69.8624,"7.30900 2.93800 0.90000, 6.95000 4.75000 0.10000"
2578,0.0000,Tx-Rx,0,-68.4446,"7.30900 2.93800 0.90000, 7.25000 4.75000 0.10000"
2579,0.0000,Tx-Rx,0,-70.7136,"7.30900 2.93800 0.90000, 7.55000 4.75000 0.10000"
2580,0.0000,Tx-Rx,0,-76.4995,"7.30900 2.93800 0.90000, 7.85000 4.75000 0.10000"
2581,0.0000,Tx-Rx,0,-121.4374,"7.30900 2.93800 0.90000, -9.85000 5.05000 0.10000"
2582,0.0000,Tx-Rx,0,-270.0000,"7.30900 2.93800 0.90000, -9.55000 5.05000 0.10000"
2583,0.0000,Tx-Rx,0,-122.2025,"7.30900 2.93800 0.90000, -9.25000 5.05000 0.10000"
2584,0.0000,Tx-Rx,0,-105.7428,"7.30900 2.93800 0.90000, -8.95000 5.05000 0.10000"
2585,0.0000,Tx-Rx,0,-108.8670,"7.30900 2.93800 0.90000, -8.65000 5.05000 0.10000"
2586,0.0000,Tx-Rx,0,-104.0393,"7.30900 2.93800 0.90000, -8.35000 5.05000 0.10000"
2587,0.0000,Tx-Rx,0,-81.9456,"7.30900 2.93800 0.90000, -8.05000 5.05000 0.10000"
2588,0.0000,Tx-Rx,0,-77.9049,"7.30900 2.93800 0.90000, -7.75000 5.05000 0.10000"
2589,0.0000,Tx-Rx,0,-76.9648,"7.30900 2.93800 0.90000, -7.45000 5.05000 0.10000"
2590,0.0000,Tx-Rx,0,-73.1469,"7.30900 2.93800 0.90000, -7.15000 5.05000 0.10000"
2591,0.0000,Tx-Rx,0,-72.6931,"7.30900 2.93800 0.90000, -6.85000 5.05000 0.10000"
2592,0.0000,Tx-Rx,0,-73.5121,"7.30900 2.93800 0.90000, -6.55000 5.05000 0.10000"
2593,0.0000,Tx-Rx,0,-72.6207,"7.30900 2.93800 0.90000, -6.25000 5.05000 0.10000"
2594,0.0000,Tx-Rx,0,-72.2517,"7.30900 2.93800 0.90000, -5.95000 5.05000 0.10000"
2595,0.0000,Tx-Rx,0,-72.1923,"7.30900 2.93800 0.90000, -5.65000 5.05000 0.10000"
2596,0.0000,Tx-Rx,0,-72.3446,"7.30900 2.93800 0.90000, -5.35000 5.05000 0.10000"
2597,0.0000,Tx-Rx,0,-71.9107,"7.30900 2.93800 0.90000, -5.05000 5.05000 0.10000"
2598,0.0000,Tx-Rx,0,-71.7148,"7.30900 2.93800 0.90000, -4.75000 5.05000 0.10000"
2599,0.0000,Tx-Rx,0,-72.3125,"7.30900 2.93800 0.90000, -4.45000 5.05000 0.10000"
2600,0.0000,Tx-Rx,0,-70.2760,"7.30900 2.93800 0.90000, -4.15000 5.05000 0.10000"
2601,0.0000,Tx-Rx,0,-66.1630,"7.30900 2.93800 0.90000, -3.85000 5.05000 0.10000"
2602,0.0000,Tx-Rx,0,-63.5074,"7.30900 2.93800 0.90000, -3.55000 5.05000 0.10000"
2603,0.0000,Tx-Rx,0,-63.7463,"7.30900 2.93800 0.90000, -3.25000 5.05000 0.10000"
2604,0.0000,Tx-Rx,0,-62.6991,"7.30900 2.93800 0.90000, -2.95000 5.05000 0.10000"
2605,0.0000,Tx-Rx,0,-62.9495,"7.30900 2.93800 0.90000, -2.65000 5.05000 0.10000"
2606,0.0000,Tx-Rx,0,-61.7570,"7.30900 2.93800 0.90000, -2.35000 5.05000 0.10000"
2607,0.0000,Tx-Rx,0,-62.0748,"7.30900 2.93800 0.90000, -2.05000 5.05000 0.10000"
2608,0.0000,Tx-Rx,0,-62.4177,"7.30900 2.93800 0.90000, -1.75000 5.05000 0.10000"
2609,0.0000,Tx-Rx,0,-62.8585,"7.30900 2.93800 0.90000, -1.45000 5.05000 0.10000"
2610,0.0000,Tx-Rx,0,-63.3888,"7.30900 2.93800 0.90000, -1.15000 5.05000 0.10000"
2611,0.0000,Tx-Rx,0,-68.1410,"7.30900 2.93800 0.90000, -0.85000 5.05000 0.10000"
2612,0.0000,Tx-Rx,0,-74.6775,"7.30900 2.93800 0.90000, -0.55000 5.05000 0.10000"
2613,0.0000,Tx-Rx,0,-71.8966,"7.30900 2.93800 0.90000, -0.25000 5.05000 0.10000"
2614,0.0000,Tx-Rx,0,-65.6979,"7.30900 2.93800 0.90000, 0.05000 5.05000 0.10000"
2615,0.0000,Tx-Rx,0,-63.4120,"7.30900 2.93800 0.90000, 0.35000 5.05000 0.10000"
2616,0.0000,Tx-Rx,0,-63.6327,"7.30900 2.93800 0.90000, 0.65000 5.05000 0.10000"
2617,0.0000,Tx-Rx,0,-63.7679,"7.30900 2.93800 0.90000, 0.95000 5.05000 0.10000"
2618,0.0000,Tx-Rx,0,-65.1835,"7.30900 2.93800 0.90000, 1.25000 5.05000 0.10000"
2619,0.0000,Tx-Rx,0,-64.0538,"7.30900 2.93800 0.90000, 1.55000 5.05000 0.10000"
2620,0.0000,Tx-Rx,0,-63.0337,"7.30900 2.93800 0.90000, 1.85000 5.05000 0.10000"
2621,0.0000,Tx-Rx,0,-63.4028,"7.30900 2.93800 0.90000, 2.15000 5.05000 0.10000"
2622,0.0000,Tx-Rx,0,-64.2062,"7.30900 2.93800 0.90000, 2.45000 5.05000 0.10000"
2623,0.0000,Tx-Rx,0,-72.0561,"7.30900 2.93800 0.90000, 2.75000 5.05000 0.10000"
2624,0.0000,Tx-Rx,0,-74.0261,"7.30900 2.93800 0.90000, 3.05000 5.05000 0.10000"
2625,0.0000,Tx-Rx,0,-73.5983,"7.30900 2.93800 0.90000, 3.35000 5.05000 0.10000"
2626,0.0000,Tx-Rx,0,-80.7392,"7.30900 2.93800 0.90000, 3.65000 5.05000 0.10000"
2627,0.0000,Tx-Rx,0,-80.9983,"7.30900 2.93800 0.90000, 3.95000 5.05000 0.10000"
2628,0.0000,Tx-Rx,0,-79.9923,"7.30900 2.93800 0.90000, 4.25000 5.05000 0.10000"
2629,0.0000,Tx-Rx,0,-79.7812,"7.30900 2.93800 0.90000, 4.55000 5.05000 0.10000"
2630,0.0000,Tx-Rx,0,-79.9556,"7.30900 2.93800 0.90000, 4.85000 5.05000 0.10000"
2631,0.0000,Tx-Rx,0,-80.2135,"7.30900 2.93800 0.90000, 5.15000 5.05000 0.10000"
2632,0.0000,Tx-Rx,0,-79.5569,"7.30900 2.93800 0.90000, 5.45000 5.05000 0.10000"
2633,0.0000,Tx-Rx,0,-75.1159,"7.30900 2.93800 0.90000, 5.75000 5.05000 0.10000"
2634,0.0000,Tx-Rx,0,-71.0318,"7.30900 2.93800 0.90000, 6.05000 5.05000 0.10000"
2635,0.0000,Tx-Rx,0,-71.2491,"7.30900 2.93800 0.90000, 6.35000 5.05000 0.10000"
2636,0.0000,Tx-Rx,0,-70.4076,"7.30900 2.93800 0.90000, 6.65000 5.05000 0.10000"
2637,0.0000,Tx-Rx,0,-69.7755,"7.30900 2.93800 0.90000, 6.95000 5.05000 0.10000"
2638,0.0000,Tx-Rx,0,-69.6056,"7.30900 2.93800 0.90000, 7.25000 5.05000 0.10000"
2639,0.0000,Tx-Rx,0,-71.7017,"7.30900 2.93800 0.90000, 7.55000 5.05000 0.10000"
2640,0.0000,Tx-Rx,0,-77.3057,"7.30900 2.93800 0.90000, 7.85000 5.05000 0.10000"
2641,0.0000,Tx-Rx,0,-270.0000,"7.30900 2.93800 0.90000, -9.85000 5.35000 0.10000"
2642,0.0000,Tx-Rx,0,-270.0000,"7.30900 2.93800 0.90000, -9.55000 5.35000 0.10000"
2643,0.0000,Tx-Rx,0,-139.7852,"7.30900 2.93800 0.90000, -9.25000 5.35000 0.10000"
2644,0.0000,Tx-Rx,0,-142.7259,"7.30900 2.93800 0.90000, -8.95000 5.35000 0.10000"
2645,0.0000,Tx-Rx,0,-132.7549,"7.30900 2.93800 0.90000, -8.65000 5.35000 0.10000"
2646,0.0000,Tx-Rx,0,-107.9335,"7.30900 2.93800 0.90000, -8.35000 5.35000 0.10000"
2647,0.0000,Tx-Rx,0,-84.7516,"7.30900 2.93800 0.90000, -8.05000 5.35000 0.10000"
2648,0.0000,Tx-Rx,0,-79.3391,"7.30900 2.93800 0.90000, -7.75000 5.35000 0.10000"
2649,0.0000,Tx-Rx,0,-77.9440,"7.30900 2.93800 0.90000, -7.45000 5.35000 0.10000"
2650,0.0000,Tx-Rx,0,-76.9595,"7.30900 2.93800 0.90000, -7.15000 5.35000 0.10000"
2651,0.0000,Tx-Rx,0,-72.0034,"7.30900 2.93800 0.90000, -6.85000 5.35000 0.10000"
2652,0.0000,Tx-Rx,0,-66.5309,"7.30900 2.93800 0.90000, -6.55000 5.35000 0.10000"
2653,0.0000,Tx-Rx,0,-64.7773,"7.30900 2.93800 0.90000, -6.25000 5.35000 0.10000"
2654,0.0000,Tx-Rx,0,-62.4214,"7.30900 2.93800 0.90000, -5.95000 5.35000 0.10000"
2655,0.0000,Tx-Rx,0,-64.5419,"7.30900 2.93800 0.90000, -5.65000 5.35000 0.10000"
2656,0.0000,Tx-Rx,0,-70.4529,"7.30900 2.93800 0.90000, -5.35000 5.35000 0.10000"
2657,0.0000,Tx-Rx,0,-69.4612,"7.30900 2.93800 0.90000, -5.05000 5.35000 0.10000"
2658,0.0000,Tx-Rx,0,-66.6920,"7.30900 2.93800 0.90000, -4.75000 5.35000 0.10000"
2659,0.0000,Tx-Rx,0,-65.3894,"7.30900 2.93800 0.90000, -4.45000 5.35000 0.10000"
2660,0.0000,Tx-Rx,0,-66.1614,"7.30900 2.93800 0.90000, -4.15000 5.35000 0.10000"
2661,0.0000,Tx-Rx,0,-62.5593,"7.30900 2.93800 0.90000, -3.85000 5.35000 0.10000"
2662,0.0000,Tx-Rx,0,-63.4195,"7.30900 2.93800 0.90000, -3.55000 5.35000 0.10000"
2663,0.0000,Tx-Rx,0,-63.8126,"7.30900 2.93800 0.90000, -3.25000 5.35000 0.10000"
2664,0.0000,Tx-Rx,0,-63.4437,"7.30900 2.93800 0.90000, -2.95000 5.35000 0.10000"
2665,0.0000,Tx-Rx,0,-64.0296,"7.30900 2.93800 0.90000, -2.65000 5.35000 0.10000"
2666,0.0000,Tx-Rx,0,-64.7116,"7.30900 2.93800 0.90000, -2.35000 5.35000 0.10000"
2667,0.0000,Tx-Rx,0,-64.8564,"7.30900 2.93800 0.90000, -2.05000 5.35000 0.10000"
2668,0.0000,Tx-Rx,0,-64.7036,"7.30900 2.93800 0.90000, -1.75000 5.35000 0.10000"
2669,0.0000,Tx-Rx,0,-64.7172,"7.30900 2.93800 0.90000, -1.45000 5.35000 0.10000"
2670,0.0000,Tx-Rx,0,-66.1681,"7.30900 2.93800 0.90000, -1.15000 5.35000 0.10000"
2671,0.0000,Tx-Rx,0,-75.9683,"7.30900 2.93800 0.90000, -0.85000 5.35000 0.10000"
2672,0.0000,Tx-Rx,0,-76.7824,"7.30900 2.93800 0.90000, -0.55000 5.35000 0.10000"
2673,0.0000,Tx-Rx,0,-76.7041,"7.30900 2.93800 0.90000, -0.25000 5.35000 0.10000"
2674,0.0000,Tx-Rx,0,-71.7369,"7.30900 2.93800 0.90000, 0.05000 5.35000 0.10000"
2675,0.0000,Tx-Rx,0,-68.9616,"7.30900 2.93800 0.90000, 0.35000 5.35000 0.10000"
2676,0.0000,Tx-Rx,0,-68.9223,"7.30900 2.93800 0.90000, 0.65000 5.35000 0.10000"
2677,0.0000,Tx-Rx,0,-69.7599,"7.30900 2.93800 0.90000, 0.95000 5.35000 0.10000"
2678,0.0000,Tx-Rx,0,-67.8859,"7.30900 2.93800 0.90000, 1.25000 5.35000 0.10000"
2679,0.0000,Tx-Rx,0,-63.4401,"7.30900 2.93800 0.90000, 1.55000 5.35000 0.10000"
2680,0.0000,Tx-Rx,0,-63.4081,"7.30900 2.93800 0.90000, 1.85000 5.35000 0.10000"
2681,0.0000,Tx-Rx,0,-64.2558,"7.30900 2.93800 0.90000, 2.15000 5.35000 0.10000"
2682,0.0000,Tx-Rx,0,-65.9314,"7.30900 2.93800 0.90000, 2.45000 5.35000 0.10000"
2683,0.0000,Tx-Rx,0,-75.0142,"7.30900 2.93800 0.90000, 2.75000 5.35000 0.10000"
2684,0.0000,Tx-Rx,0,-76.1576,"7.30900 2.93800 0.90000, 3.05000 5.35000 0.10000"
2685,0.0000,Tx-Rx,0,-75.9638,"7.30900 2.93800 0.90000, 3.35000 5.35000 0.10000"
2686,0.0000,Tx-Rx,0,-78.3260,"7.30900 2.93800 0.90000, 3.65000 5.35000 0.10000"
2687,0.0000,Tx-Rx,0,-80.0383,"7.30900 2.93800 0.90000, 3.95000 5.35000 0.10000"
2688,0.0000,Tx-Rx,0,-80.3880,"7.30900 2.93800 0.90000, 4.25000 5.35000 0.10000"
2689,0.0000,Tx-Rx,0,-80.4951,"7.30900 2.93800 0.90000, 4.55000 5.35000 0.10000"
2690,0.0000,Tx-Rx,0,-80.3645,"7.30900 2.93800 0.90000, 4.85000 5.35000 0.10000"
2691,0.0000,Tx-Rx,0,-80.2324,"7.30900 2.93800 0.90000, 5.15000 5.35000 0.10000"
2692,0.0000,Tx-Rx,0,-78.9943,"7.30900 2.93800 0.90000, 5.45000 5.35000 0.10000"
2693,0.0000,Tx-Rx,0,-73.0358,"7.30900 2.93800 0.90000, 5.75000 5.35000 0.10000"
2694,0.0000,Tx-Rx,0,-70.9373,"7.30900 2.93800 0.90000, 6.05000 5.35000 0.10000"
2695,0.0000,Tx-Rx,0,-71.3856,"7.30900 2.93800 0.90000, 6.35000 5.35000 0.10000"
2696,0.0000,Tx-Rx,0,-71.0656,"7.30900 2.93800 0.90000, 6.65000 5.35000 0.10000"
2697,0.0000,Tx-Rx,0,-70.8192,"7.30900 2.93800 0.90000, 6.95000 5.35000 0.10000"
2698,0.0000,Tx-Rx,0,-70.3913,"7.30900 2.93800 0.90000, 7.25000 5.35000 0.10000"
2699,0.0000,Tx-Rx,0,-71.9361,"7.30900 2.93800 0.90000, 7.55000 5.35000 0.10000"
2700,0.0000,Tx-Rx,0,-81.2883,"7.30900 2.93800 0.90000, 7.85000 5.35000 0.10000"
2701,0.0000,Tx-Rx,0,-131.8073,"7.30900 2.93800 0.90000, -9.85000 5.65000 0.10000"
2702,0.0000,Tx-Rx,0,-101.6695,"7.30900 2.93800 0.90000, -9.55000 5.65000 0.10000"
2703,0.0000,Tx-Rx,0,-103.7599,"7.30900 2.93800 0.90000, -9.25000 5.65000 0.10000"
2704,0.0000,Tx-Rx,0,-100.6280,"7.30900 2.93800 0.90000, -8.95000 5.65000 0.10000"
2705,0.0000,Tx-Rx,0,-106.5560,"7.30900 2.93800 0.90000, -8.65000 5.65000 0.10000"
2706,0.0000,Tx-Rx,0,-102.8132,"7.30900 2.93800 0.90000, -8.35000 5.65000 0.10000"
2707,0.0000,Tx-Rx,0,-84.5552,"7.30900 2.93800 0.90000, -8.05000 5.65000 0.10000"
2708,0.0000,Tx-Rx,0,-77.5912,"7.30900 2.93800 0.90000, -7.75000 5.65000 0.10000"
2709,0.0000,Tx-Rx,0,-64.9344,"7.30900 2.93800 0.90000, -7.45000 5.65000 0.10000"
2710,0.0000,Tx-Rx,0,-61.5051,"7.30900 2.93800 0.90000, -7.15000 5.65000 0.10000"
2711,0.0000,Tx-Rx,0,-60.0844,"7.30900 2.93800 0.90000, -6.85000 5.65000 0.10000"
2712,0.0000,Tx-Rx,0,-59.8687,"7.30900 2.93800 0.90000, -6.55000 5.65000 0.10000"
2713,0.0000,Tx-Rx,0,-65.5015,"7.30900 2.93800 0.90000, -6.25000 5.65000 0.10000"
2714,0.0000,Tx-Rx,0,-68.5314,"7.30900 2.93800 0.90000, -5.95000 5.65000 0.10000"
2715,0.0000,Tx-Rx,0,-66.0717,"7.30900 2.93800 0.90000, -5.65000 5.65000 0.10000"
2716,0.0000,Tx-Rx,0,-66.9022,"7.30900 2.93800 0.90000, -5.35000 5.65000 0.10000"
2717,0.0000,Tx-Rx,0,-67.8696,"7.30900 2.93800 0.90000, -5.05000 5.65000 0.10000"
2718,0.0000,Tx-Rx,0,-68.9065,"7.30900 2.93800 0.90000, -4.75000 5.65000 0.10000"
2719,0.0000,Tx-Rx,0,-65.4166,"7.30900 2.93800 0.90000, -4.45000 5.65000 0.10000"
2720,0.0000,Tx-Rx,0,-63.8357,"7.30900 2.93800 0.90000, -4.15000 5.65000 0.10000"
2721,0.0000,Tx-Rx,0,-64.4639,"7.30900 2.93800 0.90000, -3.85000 5.65000 0.10000"
2722,0.0000,Tx-Rx,0,-64.5204,"7.30900 2.93800 0.90000, -3.55000 5.65000 0.10000"
2723,0.0000,Tx-Rx,0,-64.8567,"7.30900 2.93800 0.90000, -3.25000 5.65000 0.10000"
2724,0.0000,Tx-Rx,0,-65.0281,"7.30900 2.93800 0.90000, -2.95000 5.65000 0.10000"
2725,0.0000,Tx-Rx,0,-64.9842,"7.30900 2.93800 0.90000, -2.65000 5.65000 0.10000"
2726,0.0000,Tx-Rx,0,-64.9685,"7.30900 2.93800 0.90000, -2.35000 5.65000 0.10000"
2727,0.0000,Tx-Rx,0,-65.0364,"7.30900 2.93800 0.90000, -2.05000 5.65000 0.10000"
2728,0.0000,Tx-Rx,0,-65.0819,"7.30900 2.93800 0.90000, -1.75000 5.65000 0.10000"
2729,0.0000,Tx-Rx,0,-65.0503,"7.30900 2.93800 0.90000, -1.45000 5.65000 0.10000"
2730,0.0000,Tx-Rx,0,-71.5473,"7.30900 2.93800 0.90000, -1.15000 5.65000 0.10000"
2731,0.0000,Tx-Rx,0,-74.3648,"7.30900 2.93800 0.90000, -0.85000 5.65000 0.10000"
2732,0.0000,Tx-Rx,0,-75.2805,"7.30900 2.93800 0.90000, -0.55000 5.65000 0.10000"
2733,0.0000,Tx-Rx,0,-75.5053,"7.30900 2.93800 0.90000, -0.25000 5.65000 0.10000"
2734,0.0000,Tx-Rx,0,-71.8530,"7.30900 2.93800 0.90000, 0.05000 5.65000 0.10000"
2735,0.0000,Tx-Rx,0,-70.7462,"7.30900 2.93800 0.90000, 0.35000 5.65000 0.10000"
2736,0.0000,Tx-Rx,0,-71.7327,"7.30900 2.93800 0.90000, 0.65000 5.65000 0.10000"
2737,0.0000,Tx-Rx,0,-72.3091,"7.30900 2.93800 0.90000, 0.95000 5.65000 0.10000"
2738,0.0000,Tx-Rx,0,-65.2084,"7.30900 2.93800 0.90000, 1.25000 5.65000 0.10000"
2739,0.0000,Tx-Rx,0,-63.5541,"7.30900 2.93800 0.90000, 1.55000 5.65000 0.10000"
2740,0.0000,Tx-Rx,0,-63.7798,"7.30900 2.93800 0.90000, 1.85000 5.65000 0.10000"
2741,0.0000,Tx-Rx,0,-64.5870,"7.30900 2.93800 0.90000, 2.15000 5.65000 0.10000"
2742,0.0000,Tx-Rx,0,-68.9436,"7.30900 2.93800 0.90000, 2.45000 5.65000 0.10000"
2743,0.0000,Tx-Rx,0,-77.6785,"7.30900 2.93800 0.90000, 2.75000 5.65000 0.10000"
2744,0.0000,Tx-Rx,0,-76.7109,"7.30900 2.93800 0.90000, 3.05000 5.65000 0.10000"
2745,0.0000,Tx-Rx,0,-74.7874,"7.30900 2.93800 0.90000, 3.35000 5.65000 0.10000"
2746,0.0000,Tx-Rx,0,-77.6556,"7.30900 2.93800 0.90000, 3.65000 5.65000 0.10000"
2747,0.0000,Tx-Rx,0,-81.9622,"7.30900 2.93800 0.90000, 3.95000 5.65000 0.10000"
2748,0.0000,Tx-Rx,0,-81.8090,"7.30900 2.93800 0.90000, 4.25000 5.65000 0.10000"
2749,0.0000,Tx-Rx,0,-81.1471,"7.30900 2.93800 0.90000, 4.55000 5.65000 0.10000"
2750,0.0000,Tx-Rx,0,-80.5479,"7.30900 2.93800 0.90000, 4.85000 5.65000 0.10000"
2751,0.0000,Tx-Rx,0,-78.8877,"7.30900 2.93800 0.90000, 5.15000 5.65000 0.10000"
2752,0.0000,Tx-Rx,0,-74.9450,"7.30900 2.93800 0.90000, 5.45000 5.65000 0.10000"
2753,0.0000,Tx-Rx,0,-72.3165,"7.30900 2.93800 0.90000, 5.75000 5.65000 0.10000"
2754,0.0000,Tx-Rx,0,-71.4355,"7.30900 2.93800 0.90000, 6.05000 5.65000 0.10000"
2755,0.0000,Tx-Rx,0,-71.6128,"7.30900 2.93800 0.90000, 6.35000 5.65000 0.10000"
2756,0.0000,Tx-Rx,0,-71.4646,"7.30900 2.93800 0.90000, 6.65000 5.65000 0.10000"
2757,0.0000,Tx-Rx,0,-71.5691,"7.30900 2.93800 0.90000, 6.95000 5.65000 0.10000"
2758,0.0000,Tx-Rx,0,-70.7365,"7.30900 2.93800 0.90000, 7.25000 5.65000 0.10000"
2759,0.0000,Tx-Rx,0,-72.1763,"7.30900 2.93800 0.90000, 7.55000 5.65000 0.10000"
2760,0.0000,Tx-Rx,0,-85.5011,"7.30900 2.93800 0.90000, 7.85000 5.65000 0.10000"
2761,0.0000,Tx-Rx,0,-115.9503,"7.30900 2.93800 0.90000, -9.85000 5.95000 0.10000"
2762,0.0000,Tx-Rx,0,-123.3789,"7.30900 2.93800 0.90000, -9.55000 5.95000 0.10000"
2763,0.0000,Tx-Rx,0,-123.1790,"7.30900 2.93800 0.90000, -9.25000 5.95000 0.10000"
2764,0.0000,Tx-Rx,0,-123.7846,"7.30900 2.93800 0.90000, -8.95000 5.95000 0.10000"
2765,0.0000,Tx-Rx,0,-123.0727,"7.30900 2.93800 0.90000, -8.65000 5.95000 0.10000"
2766,0.0000,Tx-Rx,0,-89.5222,"7.30900 2.93800 0.90000, -8.35000 5.95000 0.10000"
2767,0.0000,Tx-Rx,0,-64.2301,"7.30900 2.93800 0.90000, -8.05000 5.95000 0.10000"
2768,0.0000,Tx-Rx,0,-60.0095,"7.30900 2.93800 0.90000, -7.75000 5.95000 0.10000"
2769,0.0000,Tx-Rx,0,-60.3238,"7.30900 2.93800 0.90000, -7.45000 5.95000 0.10000"
2770,0.0000,Tx-Rx,0,-64.8597,"7.30900 2.93800 0.90000, -7.15000 5.95000 0.10000"
2771,0.0000,Tx-Rx,0,-65.9830,"7.30900 2.93800 0.90000, -6.85000 5.95000 0.10000"
2772,0.0000,Tx-Rx,0,-67.5248,"7.30900 2.93800 0.90000, -6.55000 5.95000 0.10000"
2773,0.0000,Tx-Rx,0,-69.0587,"7.30900 2.93800 0.90000, -6.25000 5.95000 0.10000"
2774,0.0000,Tx-Rx,0,-69.7304,"7.30900 2.93800 0.90000, -5.95000 5.95000 0.10000"
2775,0.0000,Tx-Rx,0,-70.2822,"7.30900 2.93800 0.90000, -5.65000 5.95000 0.10000"
2776,0.0000,Tx-Rx,0,-72.0759,"7.30900 2.93800 0.90000, -5.35000 5.95000 0.10000"
2777,0.0000,Tx-Rx,0,-72.7118,"7.30900 2.93800 0.90000, -5.05000 5.95000 0.10000"
2778,0.0000,Tx-Rx,0,-70.1022,"7.30900 2.93800 0.90000, -4.75000 5.95000 0.10000"
2779,0.0000,Tx-Rx,0,-64.9221,"7.30900 2.93800 0.90000, -4.45000 5.95000 0.10000"
2780,0.0000,Tx-Rx,0,-64.9291,"7.30900 2.93800 0.90000, -4.15000 5.95000 0.10000"
2781,0.0000,Tx-Rx,0,-64.6786,"7.30900 2.93800 0.90000, -3.85000 5.95000 0.10000"
2782,0.0000,Tx-Rx,0,-64.7920,"7.30900 2.93800 0.90000, -3.55000 5.95000 0.10000"
2783,0.0000,Tx-Rx,0,-65.5716,"7.30900 2.93800 0.90000, -3.25000 5.95000 0.10000"
2784,0.0000,Tx-Rx,0,-64.7685,"7.30900 2.93800 0.90000, -2.95000 5.95000 0.10000"
2785,0.0000,Tx-Rx,0,-65.2903,"7.30900 2.93800 0.90000, -2.65000 5.95000 0.10000"
2786,0.0000,Tx-Rx,0,-65.2952,"7.30900 2.93800 0.90000, -2.35000 5.95000 0.10000"
2787,0.0000,Tx-Rx,0,-65.0816,"7.30900 2.93800 0.90000, -2.05000 5.95000 0.10000"
2788,0.0000,Tx-Rx,0,-64.7917,"7.30900 2.93800 0.90000, -1.75000 5.95000 0.10000"
2789,0.0000,Tx-Rx,0,-68.0014,"7.30900 2.93800 0.90000, -1.45000 5.95000 0.10000"
2790,0.0000,Tx-Rx,0,-72.3557,"7.30900 2.93800 0.90000, -1.15000 5.95000 0.10000"
2791,0.0000,Tx-Rx,0,-73.8964,"7.30900 2.93800 0.90000, -0.85000 5.95000 0.10000"
2792,0.0000,Tx-Rx,0,-74.7574,"7.30900 2.93800 0.90000, -0.55000 5.95000 0.10000"
2793,0.0000,Tx-Rx,0,-80.4031,"7.30900 2.93800 0.90000, -0.25000 5.95000 0.10000"
2794,0.0000,Tx-Rx,0,-75.1736,"7.30900 2.93800 0.90000, 0.05000 5.95000 0.10000"
2795,0.0000,Tx-Rx,0,-71.9371,"7.30900 2.93800 0.90000, 0.35000 5.95000 0.10000"
2796,0.0000,Tx-Rx,0,-72.5607,"7.30900 2.93800 0.90000, 0.65000 5.95000 0.10000"
2797,0.0000,Tx-Rx,0,-70.2566,"7.30900 2.93800 0.90000, 0.95000 5.95000 0.10000"
2798,0.0000,Tx-Rx,0,-63.8192,"7.30900 2.93800 0.90000, 1.25000 5.95000 0.10000"
2799,0.0000,Tx-Rx,0,-63.5452,"7.30900 2.93800 0.90000, 1.55000 5.95000 0.10000"
2800,0.0000,Tx-Rx,0,-64.7233,"7.30900 2.93800 0.90000, 1.85000 5.95000 0.10000"
2801,0.0000,Tx-Rx,0,-65.2952,"7.30900 2.93800 0.90000, 2.15000 5.95000 0.10000"
2802,0.0000,Tx-Rx,0,-73.5441,"7.30900 2.93800 0.90000, 2.45000 5.95000 0.10000"
2803,0.0000,Tx-Rx,0,-75.6501,"7.30900 2.93800 0.90000, 2.75000 5.95000 0.10000"
2804,0.0000,Tx-Rx,0,-74.4844,"7.30900 2.93800 0.90000, 3.05000 5.95000 0.10000"
2805,0.0000,Tx-Rx,0,-75.6257,"7.30900 2.93800 0.90000, 3.35000 5.95000 0.10000"
2806,0.0000,Tx-Rx,0,-76.7875,"7.30900 2.93800 0.90000, 3.65000 5.95000 0.10000"
2807,0.0000,Tx-Rx,0,-78.0953,"7.30900 2.93800 0.90000, 3.95000 5.95000 0.10000"
2808,0.0000,Tx-Rx,0,-78.9565,"7.30900 2.93800 0.90000, 4.25000 5.95000 0.10000"
2809,0.0000,Tx-Rx,0,-80.0148,"7.30900 2.93800 0.90000, 4.55000 5.95000 0.10000"
2810,0.0000,Tx-Rx,0,-82.9282,"7.30900 2.93800 0.90000, 4.85000 5.95000 0.10000"
2811,0.0000,Tx-Rx,0,-77.8546,"7.30900 2.93800 0.90000, 5.15000 5.95000 0.10000"
2812,0.0000,Tx-Rx,0,-74.0585,"7.30900 2.93800 0.90000, 5.45000 5.95000 0.10000"
2813,0.0000,Tx-Rx,0,-73.1693,"7.30900 2.93800 0.90000, 5.75000 5.95000 0.10000"
2814,0.0000,Tx-Rx,0,-72.9700,"7.30900 2.93800 0.90000, 6.05000 5.95000 0.10000"
2815,0.0000,Tx-Rx,0,-72.4742,"7.30900 2.93800 0.90000, 6.35000 5.95000 0.10000"
2816,0.0000,Tx-Rx,0,-72.7768,"7.30900 2.93800 0.90000, 6.65000 5.95000 0.10000"
2817,0.0000,Tx-Rx,0,-73.0258,"7.30900 2.93800 0.90000, 6.95000 5.95000 0.10000"
2818,0.0000,Tx-Rx,0,-71.7534,"7.30900 2.93800 0.90000, 7.25000 5.95000 0.10000"
2819,0.0000,Tx-Rx,0,-73.1712,"7.30900 2.93800 0.90000, 7.55000 5.95000 0.10000"
2820,0.0000,Tx-Rx,0,-86.7479,"7.30900 2.93800 0.90000, 7.85000 5.95000 0.10000"
2821,0.0000,Tx-Rx,0,-112.7001,"7.30900 2.93800 0.90000, -9.85000 6.25000 0.10000"
2822,0.0000,Tx-Rx,0,-89.2328,"7.30900 2.93800 0.90000, -9.55000 6.25000 0.10000"
2823,0.0000,Tx-Rx,0,-86.0167,"7.30900 2.93800 0.90000, -9.25000 6.25000 0.10000"
2824,0.0000,Tx-Rx,0,-102.2481,"7.30900 2.93800 0.90000, -8.95000 6.25000 0.10000"
2825,0.0000,Tx-Rx,0,-88.8346,"7.30900 2.93800 0.90000, -8.65000 6.25000 0.10000"
2826,0.0000,Tx-Rx,0,-88.8516,"7.30900 2.93800 0.90000, -8.35000 6.25000 0.10000"
2827,0.0000,Tx-Rx,0,-77.9043,"7.30900 2.93800 0.90000, -8.05000 6.25000 0.10000"
2828,0.0000,Tx-Rx,0,-67.1705,"7.30900 2.93800 0.90000, -7.75000 6.25000 0.10000"
2829,0.0000,Tx-Rx,0,-68.4051,"7.30900 2.93800 0.90000, -7.45000 6.25000 0.10000"
2830,0.0000,Tx-Rx,0,-68.1483,"7.30900 2.93800 0.90000, -7.15000 6.25000 0.10000"
2831,0.0000,Tx-Rx,0,-66.5990,"7.30900 2.93800 0.90000, -6.85000 6.25000 0.10000"
2832,0.0000,Tx-Rx,0,-71.3081,"7.30900 2.93800 0.90000, -6.55000 6.25000 0.10000"
2833,0.0000,Tx-Rx,0,-73.2604,"7.30900 2.93800 0.90000, -6.25000 6.25000 0.10000"
2834,0.0000,Tx-Rx,0,-71.8308,"7.30900 2.93800 0.90000, -5.95000 6.25000 0.10000"
2835,0.0000,Tx-Rx,0,-73.0889,"7.30900 2.93800 0.90000, -5.65000 6.25000 0.10000"
2836,0.0000,Tx-Rx,0,-73.5079,"7.30900 2.93800 0.90000, -5.35000 6.25000 0.10000"
2837,0.0000,Tx-Rx,0,-70.4191,"7.30900 2.93800 0.90000, -5.05000 6.25000 0.10000"
2838,0.0000,Tx-Rx,0,-65.3696,"7.30900 2.93800 0.90000, -4.75000 6.25000 0.10000"
2839,0.0000,Tx-Rx,0,-65.0025,"7.30900 2.93800 0.90000, -4.45000 6.25000 0.10000"
2840,0.0000,Tx-Rx,0,-65.0884,"7.30900 2.93800 0.90000, -4.15000 6.25000 0.10000"
2841,0.0000,Tx-Rx,0,-64.9432,"7.30900 2.93800 0.90000, -3.85000 6.25000 0.10000"
2842,0.0000,Tx-Rx,0,-65.7043,"7.30900 2.93800 0.90000, -3.55000 6.25000 0.10000"
2843,0.0000,Tx-Rx,0,-64.9725,"7.30900 2.93800 0.90000, -3.25000 6.25000 0.10000"
2844,0.0000,Tx-Rx,0,-64.7954,"7.30900 2.93800 0.90000, -2.95000 6.25000 0.10000"
2845,0.0000,Tx-Rx,0,-65.0215,"7.30900 2.93800 0.90000, -2.65000 6.25000 0.10000"
2846,0.0000,Tx-Rx,0,-65.1160,"7.30900 2.93800 0.90000, -2.35000 6.25000 0.10000"
2847,0.0000,Tx-Rx,0,-64.8919,"7.30900 2.93800 0.90000, -2.05000 6.25000 0.10000"
2848,0.0000,Tx-Rx,0,-66.0624,"7.30900 2.93800 0.90000, -1.75000 6.25000 0.10000"
2849,0.0000,Tx-Rx,0,-74.5952,"7.30900 2.93800 0.90000, -1.45000 6.25000 0.10000"
2850,0.0000,Tx-Rx,0,-75.7633,"7.30900 2.93800 0.90000, -1.15000 6.25000 0.10000"
2851,0.0000,Tx-Rx,0,-77.7788,"7.30900 2.93800 0.90000, -0.85000 6.25000 0.10000"
2852,0.0000,Tx-Rx,0,-80.8758,"7.30900 2.93800 0.90000, -0.55000 6.25000 0.10000"
2853,0.0000,Tx-Rx,0,-80.4068,"7.30900 2.93800 0.90000, -0.25000 6.25000 0.10000"
2854,0.0000,Tx-Rx,0,-77.3126,"7.30900 2.93800 0.90000, 0.05000 6.25000 0.10000"
2855,0.0000,Tx-Rx,0,-73.3276,"7.30900 2.93800 0.90000, 0.35000 6.25000 0.10000"
2856,0.0000,Tx-Rx,0,-71.5071,"7.30900 2.93800 0.90000, 0.65000 6.25000 0.10000"
2857,0.0000,Tx-Rx,0,-66.5987,"7.30900 2.93800 0.90000, 0.95000 6.25000 0.10000"
2858,0.0000,Tx-Rx,0,-63.6138,"7.30900 2.93800 0.90000, 1.25000 6.25000 0.10000"
2859,0.0000,Tx-Rx,0,-63.9582,"7.30900 2.93800 0.90000, 1.55000 6.25000 0.10000"
2860,0.0000,Tx-Rx,0,-65.2180,"7.30900 2.93800 0.90000, 1.85000 6.25000 0.10000"
2861,0.0000,Tx-Rx,0,-67.3576,"7.30900 2.93800 0.90000, 2.15000 6.25000 0.10000"
2862,0.0000,Tx-Rx,0,-79.1330,"7.30900 2.93800 0.90000, 2.45000 6.25000 0.10000"
2863,0.0000,Tx-Rx,0,-85.3419,"7.30900 2.93800 0.90000, 2.75000 6.25000 0.10000"
2864,0.0000,Tx-Rx,0,-81.0428,"7.30900 2.93800 0.90000, 3.05000 6.25000 0.10000"
2865,0.0000,Tx-Rx,0,-77.3536,"7.30900 2.93800 0.90000, 3.35000 6.25000 0.10000"
2866,0.0000,Tx-Rx,0,-76.3107,"7.30900 2.93800 0.90000, 3.65000 6.25000 0.10000"
2867,0.0000,Tx-Rx,0,-75.9586,"7.30900 2.93800 0.90000, 3.95000 6.25000 0.10000"
2868,0.0000,Tx-Rx,0,-79.1146,"7.30900 2.93800 0.90000, 4.25000 6.25000 0.10000"
2869,0.0000,Tx-Rx,0,-77.7308,"7.30900 2.93800 0.90000, 4.55000 6.25000 0.10000"
2870,0.0000,Tx-Rx,0,-77.6857,"7.30900 2.93800 0.90000, 4.85000 6.25000 0.10000"
2871,0.0000,Tx-Rx,0,-74.9336,"7.30900 2.93800 0.90000, 5.15000 6.25000 0.10000"
2872,0.0000,Tx-Rx,0,-73.6376,"7.30900 2.93800 0.90000, 5.45000 6.25000 0.10000"
2873,0.0000,Tx-Rx,0,-76.3594,"7.30900 2.93800 0.90000, 5.75000 6.25000 0.10000"
2874,0.0000,Tx-Rx,0,-76.7242,"7.30900 2.93800 0.90000, 6.05000 6.25000 0.10000"
2875,0.0000,Tx-Rx,0,-73.9043,"7.30900 2.93800 0.90000, 6.35000 6.25000 0.10000"
2876,0.0000,Tx-Rx,0,-73.2790,"7.30900 2.93800 0.90000, 6.65000 6.25000 0.10000"
2877,0.0000,Tx-Rx,0,-73.5923,"7.30900 2.93800 0.90000, 6.95000 6.25000 0.10000"
2878,0.0000,Tx-Rx,0,-73.6785,"7.30900 2.93800 0.90000, 7.25000 6.25000 0.10000"
2879,0.0000,Tx-Rx,0,-83.9655,"7.30900 2.93800 0.90000, 7.55000 6.25000 0.10000"
2880,0.0000,Tx-Rx,0,-89.3393,"7.30900 2.93800 0.90000, 7.85000 6.25000 0.10000"
2881,0.0000,Tx-Rx,0,-83.9541,"7.30900 2.93800 0.90000, -9.85000 6.55000 0.10000"
2882,0.0000,Tx-Rx,0,-83.0660,"7.30900 2.93800 0.90000, -9.55000 6.55000 0.10000"
2883,0.0000,Tx-Rx,0,-89.0307,"7.30900 2.93800 0.90000, -9.25000 6.55000 0.10000"
2884,0.0000,Tx-Rx,0,-101.2211,"7.30900 2.93800 0.90000, -8.95000 6.55000 0.10000"
2885,0.0000,Tx-Rx,0,-96.4629,"7.30900 2.93800 0.90000, -8.65000 6.55000 0.10000"
2886,0.0000,Tx-Rx,0,-104.1809,"7.30900 2.93800 0.90000, -8.35000 6.55000 0.10000"
2887,0.0000,Tx-Rx,0,-81.9841,"7.30900 2.93800 0.90000, -8.05000 6.55000 0.10000"
2888,0.0000,Tx-Rx,0,-77.2607,"7.30900 2.93800 0.90000, -7.75000 6.55000 0.10000"
2889,0.0000,Tx-Rx,0,-77.0362,"7.30900 2.93800 0.90000, -7.45000 6.55000 0.10000"
2890,0.0000,Tx-Rx,0,-78.0871,"7.30900 2.93800 0.90000, -7.15000 6.55000 0.10000"
2891,0.0000,Tx-Rx,0,-72.3314,"7.30900 2.93800 0.90000, -6.85000 6.55000 0.10000"
2892,0.0000,Tx-Rx,0,-69.8360,"7.30900 2.93800 0.90000, -6.55000 6.55000 0.10000"
2893,0.0000,Tx-Rx,0,-67.4142,"7.30900 2.93800 0.90000, -6.25000 6.55000 0.10000"
2894,0.0000,Tx-Rx,0,-69.0929,"7.30900 2.93800 0.90000, -5.95000 6.55000 0.10000"
2895,0.0000,Tx-Rx,0,-69.6848,"7.30900 2.93800 0.90000, -5.65000 6.55000 0.10000"
2896,0.0000,Tx-Rx,0,-71.2008,"7.30900 2.93800 0.90000, -5.35000 6.55000 0.10000"
2897,0.0000,Tx-Rx,0,-65.8269,"7.30900 2.93800 0.90000, -5.05000 6.55000 0.10000"
2898,0.0000,Tx-Rx,0,-64.9644,"7.30900 2.93800 0.90000, -4.75000 6.55000 0.10000"
2899,0.0000,Tx-Rx,0,-65.6309,"7.30900 2.93800 0.90000, -4.45000 6.55000 0.10000"
2900,0.0000,Tx-Rx,0,-64.9578,"7.30900 2.93800 0.90000, -4.15000 6.55000 0.10000"
2901,0.0000,Tx-Rx,0,-65.3925,"7.30900 2.93800 0.90000, -3.85000 6.55000 0.10000"
2902,0.0000,Tx-Rx,0,-65.1425,"7.30900 2.93800 0.90000, -3.55000 6.55000 0.10000"
2903,0.0000,Tx-Rx,0,-64.6624,"7.30900 2.93800 0.90000, -3.25000 6.55000 0.10000"
2904,0.0000,Tx-Rx,0,-64.7028,"7.30900 2.93800 0.90000, -2.95000 6.55000 0.10000"
2905,0.0000,Tx-Rx,0,-64.7236,"7.30900 2.93800 0.90000, -2.65000 6.55000 0.10000"
2906,0.0000,Tx-Rx,0,-65.2756,"7.30900 2.93800 0.90000, -2.35000 6.55000 0.10000"
2907,0.0000,Tx-Rx,0,-65.7761,"7.30900 2.93800 0.90000, -2.05000 6.55000 0.10000"
2908,0.0000,Tx-Rx,0,-72.2840,"7.30900 2.93800 0.90000, -1.75000 6.55000 0.10000"
2909,0.0000,Tx-Rx,0,-77.1585,"7.30900 2.93800 0.90000, -1.45000 6.55000 0.10000"
2910,0.0000,Tx-Rx,0,-76.6902,"7.30900 2.93800 0.90000, -1.15000 6.55000 0.10000"
2911,0.0000,Tx-Rx,0,-79.3107,"7.30900 2.93800 0.90000, -0.85000 6.55000 0.10000"
2912,0.0000,Tx-Rx,0,-79.0393,"7.30900 2.93800 0.90000, -0.55000 6.55000 0.10000"
2913,0.0000,Tx-Rx,0,-84.5216,"7.30900 2.93800 0.90000, -0.25000 6.55000 0.10000"
2914,0.0000,Tx-Rx,0,-80.5103,"7.30900 2.93800 0.90000, 0.05000 6.55000 0.10000"
2915,0.0000,Tx-Rx,0,-75.5424,"7.30900 2.93800 0.90000, 0.35000 6.55000 0.10000"
2916,0.0000,Tx-Rx,0,-70.2264,"7.30900 2.93800 0.90000, 0.65000 6.55000 0.10000"
2917,0.0000,Tx-Rx,0,-64.4914,"7.30900 2.93800 0.90000, 0.95000 6.55000 0.10000"
2918,0.0000,Tx-Rx,0,-63.6775,"7.30900 2.93800 0.90000, 1.25000 6.55000 0.10000"
2919,0.0000,Tx-Rx,0,-64.5734,"7.30900 2.93800 0.90000, 1.55000 6.55000 0.10000"
2920,0.0000,Tx-Rx,0,-65.2174,"7.30900 2.93800 0.90000, 1.85000 6.55000 0.10000"
2921,0.0000,Tx-Rx,0,-71.4861,"7.30900 2.93800 0.90000, 2.15000 6.55000 0.10000"
2922,0.0000,Tx-Rx,0,-84.7627,"7.30900 2.93800 0.90000, 2.45000 6.55000 0.10000"
2923,0.0000,Tx-Rx,0,-270.0000,"7.30900 2.93800 0.90000, 2.75000 6.55000 0.10000"
2924,0.0000,Tx-Rx,0,-270.0000,"7.30900 2.93800 0.90000, 3.05000 6.55000 0.10000"
2925,0.0000,Tx-Rx,0,-84.3389,"7.30900 2.93800 0.90000, 3.35000 6.55000 0.10000"
2926,0.0000,Tx-Rx,0,-88.3510,"7.30900 2.93800 0.90000, 3.65000 6.55000 0.10000"
2927,0.0000,Tx-Rx,0,-87.6680,"7.30900 2.93800 0.90000, 3.95000 6.55000 0.10000"
2928,0.0000,Tx-Rx,0,-84.5174,"7.30900 2.93800 0.90000, 4.25000 6.55000 0.10000"
2929,0.0000,Tx-Rx,0,-83.4048,"7.30900 2.93800 0.90000, 4.55000 6.55000 0.10000"
2930,0.0000,Tx-Rx,0,-82.5517,"7.30900 2.93800 0.90000, 4.85000 6.55000 0.10000"
2931,0.0000,Tx-Rx,0,-84.3624,"7.30900 2.93800 0.90000, 5.15000 6.55000 0.10000"
2932,0.0000,Tx-Rx,0,-85.4466,"7.30900 2.93800 0.90000, 5.45000 6.55000 0.10000"
2933,0.0000,Tx-Rx,0,-89.9545,"7.30900 2.93800 0.90000, 5.75000 6.55000 0.10000"
2934,0.0000,Tx-Rx,0,-89.7546,"7.30900 2.93800 0.90000, 6.05000 6.55000 0.10000"
2935,0.0000,Tx-Rx,0,-86.5546,"7.30900 2.93800 0.90000, 6.35000 6.55000 0.10000"
2936,0.0000,Tx-Rx,0,-86.6210,"7.30900 2.93800 0.90000, 6.65000 6.55000 0.10000"
2937,0.0000,Tx-Rx,0,-86.3151,"7.30900 2.93800 0.90000, 6.95000 6.55000 0.10000"
2938,0.0000,Tx-Rx,0,-85.0926,"7.30900 2.93800 0.90000, 7.25000 6.55000 0.10000"
2939,0.0000,Tx-Rx,0,-85.9415,"7.30900 2.93800 0.90000, 7.55000 6.55000 0.10000"
2940,0.0000,Tx-Rx,0,-94.8314,"7.30900 2.93800 0.90000, 7.85000 6.55000 0.10000"
2941,0.0000,Tx-Rx,0,-102.2333,"7.30900 2.93800 0.90000, -9.85000 6.85000 0.10000"
2942,0.0000,Tx-Rx,0,-107.7287,"7.30900 2.93800 0.90000, -9.55000 6.85000 0.10000"
2943,0.0000,Tx-Rx,0,-117.6376,"7.30900 2.93800 0.90000, -9.25000 6.85000 0.10000"
2944,0.0000,Tx-Rx,0,-99.7854,"7.30900 2.93800 0.90000, -8.95000 6.85000 0.10000"
2945,0.0000,Tx-Rx,0,-119.0235,"7.30900 2.93800 0.90000, -8.65000 6.85000 0.10000"
2946,0.0000,Tx-Rx,0,-121.1997,"7.30900 2.93800 0.90000, -8.35000 6.85000 0.10000"
2947,0.0000,Tx-Rx,0,-82.4184,"7.30900 2.93800 0.90000, -8.05000 6.85000 0.10000"
2948,0.0000,Tx-Rx,0,-78.2379,"7.30900 2.93800 0.90000, -7.75000 6.85000 0.10000"
2949,0.0000,Tx-Rx,0,-77.6997,"7.30900 2.93800 0.90000, -7.45000 6.85000 0.10000"
2950,0.0000,Tx-Rx,0,-78.3028,"7.30900 2.93800 0.90000, -7.15000 6.85000 0.10000"
2951,0.0000,Tx-Rx,0,-78.8055,"7.30900 2.93800 0.90000, -6.85000 6.85000 0.10000"
2952,0.0000,Tx-Rx,0,-77.8116,"7.30900 2.93800 0.90000, -6.55000 6.85000 0.10000"
2953,0.0000,Tx-Rx,0,-77.2382,"7.30900 2.93800 0.90000, -6.25000 6.85000 0.10000"
2954,0.0000,Tx-Rx,0,-75.1830,"7.30900 2.93800 0.90000, -5.95000 6.85000 0.10000"
2955,0.0000,Tx-Rx,0,-69.0994,"7.30900 2.93800 0.90000, -5.65000 6.85000 0.10000"
2956,0.0000,Tx-Rx,0,-64.6332,"7.30900 2.93800 0.90000, -5.35000 6.85000 0.10000"
2957,0.0000,Tx-Rx,0,-64.1660,"7.30900 2.93800 0.90000, -5.05000 6.85000 0.10000"
2958,0.0000,Tx-Rx,0,-64.5871,"7.30900 2.93800 0.90000, -4.75000 6.85000 0.10000"
2959,0.0000,Tx-Rx,0,-65.2477,"7.30900 2.93800 0.90000, -4.45000 6.85000 0.10000"
2960,0.0000,Tx-Rx,0,-64.9525,"7.30900 2.93800 0.90000, -4.15000 6.85000 0.10000"
2961,0.0000,Tx-Rx,0,-65.0556,"7.30900 2.93800 0.90000, -3.85000 6.85000 0.10000"
2962,0.0000,Tx-Rx,0,-65.0647,"7.30900 2.93800 0.90000, -3.55000 6.85000 0.10000"
2963,0.0000,Tx-Rx,0,-65.0451,"7.30900 2.93800 0.90000, -3.25000 6.85000 0.10000"
2964,0.0000,Tx-Rx,0,-64.9468,"7.30900 2.93800 0.90000, -2.95000 6.85000 0.10000"
2965,0.0000,Tx-Rx,0,-65.0140,"7.30900 2.93800 0.90000, -2.65000 6.85000 0.10000"
2966,0.0000,Tx-Rx,0,-65.1010,"7.30900 2.93800 0.90000, -2.35000 6.85000 0.10000"
2967,0.0000,Tx-Rx,0,-68.8129,"7.30900 2.93800 0.90000, -2.05000 6.85000 0.10000"
2968,0.0000,Tx-Rx,0,-76.0212,"7.30900 2.93800 0.90000, -1.75000 6.85000 0.10000"
2969,0.0000,Tx-Rx,0,-76.8177,"7.30900 2.93800 0.90000, -1.45000 6.85000 0.10000"
2970,0.0000,Tx-Rx,0,-78.0190,"7.30900 2.93800 0.90000, -1.15000 6.85000 0.10000"
2971,0.0000,Tx-Rx,0,-81.5847,"7.30900 2.93800 0.90000, -0.85000 6.85000 0.10000"
2972,0.0000,Tx-Rx,0,-84.7524,"7.30900 2.93800 0.90000, -0.55000 6.85000 0.10000"
2973,0.0000,Tx-Rx,0,-82.3213,"7.30900 2.93800 0.90000, -0.25000 6.85000 0.10000"
2974,0.0000,Tx-Rx,0,-83.2605,"7.30900 2.93800 0.90000, 0.05000 6.85000 0.10000"
2975,0.0000,Tx-Rx,0,-75.5656,"7.30900 2.93800 0.90000, 0.35000 6.85000 0.10000"
2976,0.0000,Tx-Rx,0,-67.4122,"7.30900 2.93800 0.90000, 0.65000 6.85000 0.10000"
2977,0.0000,Tx-Rx,0,-63.9491,"7.30900 2.93800 0.90000, 0.95000 6.85000 0.10000"
2978,0.0000,Tx-Rx,0,-64.1876,"7.30900 2.93800 0.90000, 1.25000 6.85000 0.10000"
2979,0.0000,Tx-Rx,0,-64.9255,"7.30900 2.93800 0.90000, 1.55000 6.85000 0.10000"
2980,0.0000,Tx-Rx,0,-65.9903,"7.30900 2.93800 0.90000, 1.85000 6.85000 0.10000"
2981,0.0000,Tx-Rx,0,-75.4704,"7.30900 2.93800 0.90000, 2.15000 6.85000 0.10000"
2982,0.0000,Tx-Rx,0,-91.9541,"7.30900 2.93800 0.90000, 2.45000 6.85000 0.10000"
2983,0.0000,Tx-Rx,0,-270.0000,"7.30900 2.93800 0.90000, 2.75000 6.85000 0.10000"
2984,0.0000,Tx-Rx,0,-270.0000,"7.30900 2.93800 0.90000, 3.05000 6.85000 0.10000"
2985,0.0000,Tx-Rx,0,-88.4017,"7.30900 2.93800 0.90000, 3.35000 6.85000 0.10000"
2986,0.0000,Tx-Rx,0,-88.8403,"7.30900 2.93800 0.90000, 3.65000 6.85000 0.10000"
2987,0.0000,Tx-Rx,0,-88.4272,"7.30900 2.93800 0.90000, 3.95000 6.85000 0.10000"
2988,0.0000,Tx-Rx,0,-89.6617,"7.30900 2.93800 0.90000, 4.25000 6.85000 0.10000"
2989,0.0000,Tx-Rx,0,-95.1599,"7.30900 2.93800 0.90000, 4.55000 6.85000 0.10000"
2990,0.0000,Tx-Rx,0,-94.1398,"7.30900 2.93800 0.90000, 4.85000 6.85000 0.10000"
2991,0.0000,Tx-Rx,0,-91.3032,"7.30900 2.93800 0.90000, 5.15000 6.85000 0.10000"
2992,0.0000,Tx-Rx,0,-90.5816,"7.30900 2.93800 0.90000, 5.45000 6.85000 0.10000"
2993,0.0000,Tx-Rx,0,-90.0231,"7.30900 2.93800 0.90000, 5.75000 6.85000 0.10000"
2994,0.0000,Tx-Rx,0,-88.8587,"7.30900 2.93800 0.90000, 6.05000 6.85000 0.10000"
2995,0.0000,Tx-Rx,0,-86.2793,"7.30900 2.93800 0.90000, 6.35000 6.85000 0.10000"
2996,0.0000,Tx-Rx,0,-86.8064,"7.30900 2.93800 0.90000, 6.65000 6.85000 0.10000"
2997,0.0000,Tx-Rx,0,-88.0729,"7.30900 2.93800 0.90000, 6.95000 6.85000 0.10000"
2998,0.0000,Tx-Rx,0,-87.4597,"7.30900 2.93800 0.90000, 7.25000 6.85000 0.10000"
2999,0.0000,Tx-Rx,0,-87.7095,"7.30900 2.93800 0.90000, 7.55000 6.85000 0.10000"
3000,0.0000,Tx-Rx,0,-102.4957,"7.30900 2.93800 0.90000, 7.85000 6.85000 0.10000"
