Rx_Number,Path_Power_dBm,Interaction_Description,Total_Interactions_for_Path,RSS_dBm,Interaction_Coordinates
1,0.0000,Tx-Rx,0,-120.0000,"-7.30900 0.90000 -2.93800, 9.85000 0.10000 7.85000"
2,0.0000,Tx-Rx,0,-102.0284,"-7.30900 0.90000 -2.93800, 9.55000 0.10000 7.85000"
3,0.0000,Tx-Rx,0,-120.0000,"-7.30900 0.90000 -2.93800, 9.25000 0.10000 7.85000"
4,0.0000,Tx-Rx,0,-120.0000,"-7.30900 0.90000 -2.93800, 8.95000 0.10000 7.85000"
5,0.0000,Tx-Rx,0,-120.0000,"-7.30900 0.90000 -2.93800, 8.65000 0.10000 7.85000"
6,0.0000,Tx-Rx,0,-120.0000,"-7.30900 0.90000 -2.93800, 8.35000 0.10000 7.85000"
7,0.0000,Tx-Rx,0,-110.9163,"-7.30900 0.90000 -2.93800, 8.05000 0.10000 7.85000"
8,0.0000,Tx-Rx,0,-96.7635,"-7.30900 0.90000 -2.93800, 7.75000 0.10000 7.85000"
9,0.0000,Tx-Rx,0,-110.2262,"-7.30900 0.90000 -2.93800, 7.45000 0.10000 7.85000"
10,0.0000,Tx-Rx,0,-96.8872,"-7.30900 0.90000 -2.93800, 7.15000 0.10000 7.85000"
11,0.0000,Tx-Rx,0,-91.4183,"-7.30900 0.90000 -2.93800, 6.85000 0.10000 7.85000"
12,0.0000,Tx-Rx,0,-86.6716,"-7.30900 0.90000 -2.93800, 6.55000 0.10000 7.85000"
13,0.0000,Tx-Rx,0,-83.4666,"-7.30900 0.90000 -2.93800, 6.25000 0.10000 7.85000"
14,0.0000,Tx-Rx,0,-75.4101,"-7.30900 0.90000 -2.93800, 5.95000 0.10000 7.85000"
15,0.0000,Tx-Rx,0,-72.8770,"-7.30900 0.90000 -2.93800, 5.65000 0.10000 7.85000"
16,0.0000,Tx-Rx,0,-73.7301,"-7.30900 0.90000 -2.93800, 5.35000 0.10000 7.85000"
17,0.0000,Tx-Rx,0,-75.3879,"-7.30900 0.90000 -2.93800, 5.05000 0.10000 7.85000"
18,0.0000,Tx-Rx,0,-74.5987,"-7.30900 0.90000 -2.93800, 4.75000 0.10000 7.85000"
19,0.0000,Tx-Rx,0,-74.9647,"-7.30900 0.90000 -2.93800, 4.45000 0.10000 7.85000"
20,0.0000,Tx-Rx,0,-77.9742,"-7.30900 0.90000 -2.93800, 4.15000 0.10000 7.85000"
21,0.0000,Tx-Rx,0,-80.6001,"-7.30900 0.90000 -2.93800, 3.85000 0.10000 7.85000"
22,0.0000,Tx-Rx,0,-82.7761,"-7.30900 0.90000 -2.93800, 3.55000 0.10000 7.85000"
23,0.0000,Tx-Rx,0,-84.1117,"-7.30900 0.90000 -2.93800, 3.25000 0.10000 7.85000"
24,0.0000,Tx-Rx,0,-80.1597,"-7.30900 0.90000 -2.93800, 2.95000 0.10000 7.85000"
25,0.0000,Tx-Rx,0,-78.0369,"-7.30900 0.90000 -2.93800, 2.65000 0.10000 7.85000"
26,0.0000,Tx-Rx,0,-80.1508,"-7.30900 0.90000 -2.93800, 2.35000 0.10000 7.85000"
27,0.0000,Tx-Rx,0,-83.0163,"-7.30900 0.90000 -2.93800, 2.05000 0.10000 7.85000"
28,0.0000,Tx-Rx,0,-76.7651,"-7.30900 0.90000 -2.93800, 1.75000 0.10000 7.85000"
29,0.0000,Tx-Rx,0,-75.7732,"-7.30900 0.90000 -2.93800, 1.45000 0.10000 7.85000"
30,0.0000,Tx-Rx,0,-77.0414,"-7.30900 0.90000 -2.93800, 1.15000 0.10000 7.85000"
31,0.0000,Tx-Rx,0,-78.4162,"-7.30900 0.90000 -2.93800, 0.85000 0.10000 7.85000"
32,0.0000,Tx-Rx,0,-79.2855,"-7.30900 0.90000 -2.93800, 0.55000 0.10000 7.85000"
33,0.0000,Tx-Rx,0,-78.9999,"-7.30900 0.90000 -2.93800, 0.25000 0.10000 7.85000"
34,0.0000,Tx-Rx,0,-69.1929,"-7.30900 0.90000 -2.93800, -0.05000 0.10000 7.85000"
35,0.0000,Tx-Rx,0,-67.4637,"-7.30900 0.90000 -2.93800, -0.35000 0.10000 7.85000"
36,0.0000,Tx-Rx,0,-67.3671,"-7.30900 0.90000 -2.93800, -0.65000 0.10000 7.85000"
37,0.0000,Tx-Rx,0,-67.4531,"-7.30900 0.90000 -2.93800, -0.95000 0.10000 7.85000"
38,0.0000,Tx-Rx,0,-67.6296,"-7.30900 0.90000 -2.93800, -1.25000 0.10000 7.85000"
39,0.0000,Tx-Rx,0,-68.0004,"-7.30900 0.90000 -2.93800, -1.55000 0.10000 7.85000"
40,0.0000,Tx-Rx,0,-67.9848,"-7.30900 0.90000 -2.93800, -1.85000 0.10000 7.85000"
41,0.0000,Tx-Rx,0,-72.8825,"-7.30900 0.90000 -2.93800, -2.15000 0.10000 7.85000"
42,0.0000,Tx-Rx,0,-78.3244,"-7.30900 0.90000 -2.93800, -2.45000 0.10000 7.85000"
43,0.0000,Tx-Rx,0,-81.0016,"-7.30900 0.90000 -2.93800, -2.75000 0.10000 7.85000"
44,0.0000,Tx-Rx,0,-98.0482,"-7.30900 0.90000 -2.93800, -3.05000 0.10000 7.85000"
45,0.0000,Tx-Rx,0,-99.3716,"-7.30900 0.90000 -2.93800, -3.35000 0.10000 7.85000"
46,0.0000,Tx-Rx,0,-77.5068,"-7.30900 0.90000 -2.93800, -3.65000 0.10000 7.85000"
47,0.0000,Tx-Rx,0,-78.9963,"-7.30900 0.90000 -2.93800, -3.95000 0.10000 7.85000"
48,0.0000,Tx-Rx,0,-78.1040,"-7.30900 0.90000 -2.93800, -4.25000 0.10000 7.85000"
49,0.0000,Tx-Rx,0,-72.6162,"-7.30900 0.90000 -2.93800, -4.55000 0.10000 7.85000"
50,0.0000,Tx-Rx,0,-73.2630,"-7.30900 0.90000 -2.93800, -4.85000 0.10000 7.85000"
51,0.0000,Tx-Rx,0,-69.2036,"-7.30900 0.90000 -2.93800, -5.15000 0.10000 7.85000"
52,0.0000,Tx-Rx,0,-62.7419,"-7.30900 0.90000 -2.93800, -5.45000 0.10000 7.85000"
53,0.0000,Tx-Rx,0,-52.9105,"-7.30900 0.90000 -2.93800, -5.75000 0.10000 7.85000"
54,0.0000,Tx-Rx,0,-53.5293,"-7.30900 0.90000 -2.93800, -6.05000 0.10000 7.85000"
55,0.0000,Tx-Rx,0,-53.9022,"-7.30900 0.90000 -2.93800, -6.35000 0.10000 7.85000"
56,0.0000,Tx-Rx,0,-52.6859,"-7.30900 0.90000 -2.93800, -6.65000 0.10000 7.85000"
57,0.0000,Tx-Rx,0,-52.1146,"-7.30900 0.90000 -2.93800, -6.95000 0.10000 7.85000"
58,0.0000,Tx-Rx,0,-52.1410,"-7.30900 0.90000 -2.93800, -7.25000 0.10000 7.85000"
59,0.0000,Tx-Rx,0,-52.9619,"-7.30900 0.90000 -2.93800, -7.55000 0.10000 7.85000"
60,0.0000,Tx-Rx,0,-52.9568,"-7.30900 0.90000 -2.93800, -7.85000 0.10000 7.85000"
61,0.0000,Tx-Rx,0,-97.2107,"-7.30900 0.90000 -2.93800, 9.85000 0.10000 7.55000"
62,0.0000,Tx-Rx,0,-120.0000,"-7.30900 0.90000 -2.93800, 9.55000 0.10000 7.55000"
63,0.0000,Tx-Rx,0,-120.0000,"-7.30900 0.90000 -2.93800, 9.25000 0.10000 7.55000"
64,0.0000,Tx-Rx,0,-99.1582,"-7.30900 0.90000 -2.93800, 8.95000 0.10000 7.55000"
65,0.0000,Tx-Rx,0,-112.7096,"-7.30900 0.90000 -2.93800, 8.65000 0.10000 7.55000"
66,0.0000,Tx-Rx,0,-111.2296,"-7.30900 0.90000 -2.93800, 8.35000 0.10000 7.55000"
67,0.0000,Tx-Rx,0,-92.1678,"-7.30900 0.90000 -2.93800, 8.05000 0.10000 7.55000"
68,0.0000,Tx-Rx,0,-120.0000,"-7.30900 0.90000 -2.93800, 7.75000 0.10000 7.55000"
69,0.0000,Tx-Rx,0,-103.0776,"-7.30900 0.90000 -2.93800, 7.45000 0.10000 7.55000"
70,0.0000,Tx-Rx,0,-94.7219,"-7.30900 0.90000 -2.93800, 7.15000 0.10000 7.55000"
71,0.0000,Tx-Rx,0,-87.2911,"-7.30900 0.90000 -2.93800, 6.85000 0.10000 7.55000"
72,0.0000,Tx-Rx,0,-85.7255,"-7.30900 0.90000 -2.93800, 6.55000 0.10000 7.55000"
73,0.0000,Tx-Rx,0,-79.6088,"-7.30900 0.90000 -2.93800, 6.25000 0.10000 7.55000"
74,0.0000,Tx-Rx,0,-75.9956,"-7.30900 0.90000 -2.93800, 5.95000 0.10000 7.55000"
75,0.0000,Tx-Rx,0,-73.8724,"-7.30900 0.90000 -2.93800, 5.65000 0.10000 7.55000"
76,0.0000,Tx-Rx,0,-73.7086,"-7.30900 0.90000 -2.93800, 5.35000 0.10000 7.55000"
77,0.0000,Tx-Rx,0,-74.3205,"-7.30900 0.90000 -2.93800, 5.05000 0.10000 7.55000"
78,0.0000,Tx-Rx,0,-74.9782,"-7.30900 0.90000 -2.93800, 4.75000 0.10000 7.55000"
79,0.0000,Tx-Rx,0,-75.1467,"-7.30900 0.90000 -2.93800, 4.45000 0.10000 7.55000"
80,0.0000,Tx-Rx,0,-76.0496,"-7.30900 0.90000 -2.93800, 4.15000 0.10000 7.55000"
81,0.0000,Tx-Rx,0,-79.4635,"-7.30900 0.90000 -2.93800, 3.85000 0.10000 7.55000"
82,0.0000,Tx-Rx,0,-80.8593,"-7.30900 0.90000 -2.93800, 3.55000 0.10000 7.55000"
83,0.0000,Tx-Rx,0,-79.5193,"-7.30900 0.90000 -2.93800, 3.25000 0.10000 7.55000"
84,0.0000,Tx-Rx,0,-78.4810,"-7.30900 0.90000 -2.93800, 2.95000 0.10000 7.55000"
85,0.0000,Tx-Rx,0,-80.2778,"-7.30900 0.90000 -2.93800, 2.65000 0.10000 7.55000"
86,0.0000,Tx-Rx,0,-76.6597,"-7.30900 0.90000 -2.93800, 2.35000 0.10000 7.55000"
87,0.0000,Tx-Rx,0,-74.3164,"-7.30900 0.90000 -2.93800, 2.05000 0.10000 7.55000"
88,0.0000,Tx-Rx,0,-77.9724,"-7.30900 0.90000 -2.93800, 1.75000 0.10000 7.55000"
89,0.0000,Tx-Rx,0,-79.5095,"-7.30900 0.90000 -2.93800, 1.45000 0.10000 7.55000"
90,0.0000,Tx-Rx,0,-80.5117,"-7.30900 0.90000 -2.93800, 1.15000 0.10000 7.55000"
91,0.0000,Tx-Rx,0,-78.6733,"-7.30900 0.90000 -2.93800, 0.85000 0.10000 7.55000"
92,0.0000,Tx-Rx,0,-77.6998,"-7.30900 0.90000 -2.93800, 0.55000 0.10000 7.55000"
93,0.0000,Tx-Rx,0,-77.9218,"-7.30900 0.90000 -2.93800, 0.25000 0.10000 7.55000"
94,0.0000,Tx-Rx,0,-68.9868,"-7.30900 0.90000 -2.93800, -0.05000 0.10000 7.55000"
95,0.0000,Tx-Rx,0,-67.5161,"-7.30900 0.90000 -2.93800, -0.35000 0.10000 7.55000"
96,0.0000,Tx-Rx,0,-67.2935,"-7.30900 0.90000 -2.93800, -0.65000 0.10000 7.55000"
97,0.0000,Tx-Rx,0,-67.3925,"-7.30900 0.90000 -2.93800, -0.95000 0.10000 7.55000"
98,0.0000,Tx-Rx,0,-67.6522,"-7.30900 0.90000 -2.93800, -1.25000 0.10000 7.55000"
99,0.0000,Tx-Rx,0,-67.6750,"-7.30900 0.90000 -2.93800, -1.55000 0.10000 7.55000"
100,0.0000,Tx-Rx,0,-68.4700,"-7.30900 0.90000 -2.93800, -1.85000 0.10000 7.55000"
101,0.0000,Tx-Rx,0,-68.7401,"-7.30900 0.90000 -2.93800, -2.15000 0.10000 7.55000"
102,0.0000,Tx-Rx,0,-70.8455,"-7.30900 0.90000 -2.93800, -2.45000 0.10000 7.55000"
103,0.0000,Tx-Rx,0,-76.0774,"-7.30900 0.90000 -2.93800, -2.75000 0.10000 7.55000"
104,0.0000,Tx-Rx,0,-76.1872,"-7.30900 0.90000 -2.93800, -3.05000 0.10000 7.55000"
105,0.0000,Tx-Rx,0,-80.8869,"-7.30900 0.90000 -2.93800, -3.35000 0.10000 7.55000"
106,0.0000,Tx-Rx,0,-71.1824,"-7.30900 0.90000 -2.93800, -3.65000 0.10000 7.55000"
107,0.0000,Tx-Rx,0,-78.1603,"-7.30900 0.90000 -2.93800, -3.95000 0.10000 7.55000"
108,0.0000,Tx-Rx,0,-68.0242,"-7.30900 0.90000 -2.93800, -4.25000 0.10000 7.55000"
109,0.0000,Tx-Rx,0,-66.6279,"-7.30900 0.90000 -2.93800, -4.55000 0.10000 7.55000"
110,0.0000,Tx-Rx,0,-76.8065,"-7.30900 0.90000 -2.93800, -4.85000 0.10000 7.55000"
111,0.0000,Tx-Rx,0,-71.7983,"-7.30900 0.90000 -2.93800, -5.15000 0.10000 7.55000"
112,0.0000,Tx-Rx,0,-62.3715,"-7.30900 0.90000 -2.93800, -5.45000 0.10000 7.55000"
113,0.0000,Tx-Rx,0,-52.9584,"-7.30900 0.90000 -2.93800, -5.75000 0.10000 7.55000"
114,0.0000,Tx-Rx,0,-53.2728,"-7.30900 0.90000 -2.93800, -6.05000 0.10000 7.55000"
115,0.0000,Tx-Rx,0,-53.5364,"-7.30900 0.90000 -2.93800, -6.35000 0.10000 7.55000"
116,0.0000,Tx-Rx,0,-52.2052,"-7.30900 0.90000 -2.93800, -6.65000 0.10000 7.55000"
117,0.0000,Tx-Rx,0,-51.8490,"-7.30900 0.90000 -2.93800, -6.95000 0.10000 7.55000"
118,0.0000,Tx-Rx,0,-52.0802,"-7.30900 0.90000 -2.93800, -7.25000 0.10000 7.55000"
119,0.0000,Tx-Rx,0,-52.7070,"-7.30900 0.90000 -2.93800, -7.55000 0.10000 7.55000"
120,0.0000,Tx-Rx,0,-52.6705,"-7.30900 0.90000 -2.93800, -7.85000 0.10000 7.55000"
121,0.0000,Tx-Rx,0,-120.0000,"-7.30900 0.90000 -2.93800, 9.85000 0.10000 7.25000"
122,0.0000,Tx-Rx,0,-120.0000,"-7.30900 0.90000 -2.93800, 9.55000 0.10000 7.25000"
123,0.0000,Tx-Rx,0,-120.0000,"-7.30900 0.90000 -2.93800, 9.25000 0.10000 7.25000"
124,0.0000,Tx-Rx,0,-97.3470,"-7.30900 0.90000 -2.93800, 8.95000 0.10000 7.25000"
125,0.0000,Tx-Rx,0,-97.4314,"-7.30900 0.90000 -2.93800, 8.65000 0.10000 7.25000"
126,0.0000,Tx-Rx,0,-96.2094,"-7.30900 0.90000 -2.93800, 8.35000 0.10000 7.25000"
127,0.0000,Tx-Rx,0,-89.9782,"-7.30900 0.90000 -2.93800, 8.05000 0.10000 7.25000"
128,0.0000,Tx-Rx,0,-79.6597,"-7.30900 0.90000 -2.93800, 7.75000 0.10000 7.25000"
129,0.0000,Tx-Rx,0,-81.5973,"-7.30900 0.90000 -2.93800, 7.45000 0.10000 7.25000"
130,0.0000,Tx-Rx,0,-81.2101,"-7.30900 0.90000 -2.93800, 7.15000 0.10000 7.25000"
131,0.0000,Tx-Rx,0,-83.3259,"-7.30900 0.90000 -2.93800, 6.85000 0.10000 7.25000"
132,0.0000,Tx-Rx,0,-78.4089,"-7.30900 0.90000 -2.93800, 6.55000 0.10000 7.25000"
133,0.0000,Tx-Rx,0,-80.6187,"-7.30900 0.90000 -2.93800, 6.25000 0.10000 7.25000"
134,0.0000,Tx-Rx,0,-75.3153,"-7.30900 0.90000 -2.93800, 5.95000 0.10000 7.25000"
135,0.0000,Tx-Rx,0,-73.9576,"-7.30900 0.90000 -2.93800, 5.65000 0.10000 7.25000"
136,0.0000,Tx-Rx,0,-73.7525,"-7.30900 0.90000 -2.93800, 5.35000 0.10000 7.25000"
137,0.0000,Tx-Rx,0,-73.8243,"-7.30900 0.90000 -2.93800, 5.05000 0.10000 7.25000"
138,0.0000,Tx-Rx,0,-75.1051,"-7.30900 0.90000 -2.93800, 4.75000 0.10000 7.25000"
139,0.0000,Tx-Rx,0,-75.8361,"-7.30900 0.90000 -2.93800, 4.45000 0.10000 7.25000"
140,0.0000,Tx-Rx,0,-74.9220,"-7.30900 0.90000 -2.93800, 4.15000 0.10000 7.25000"
141,0.0000,Tx-Rx,0,-77.9508,"-7.30900 0.90000 -2.93800, 3.85000 0.10000 7.25000"
142,0.0000,Tx-Rx,0,-80.4390,"-7.30900 0.90000 -2.93800, 3.55000 0.10000 7.25000"
143,0.0000,Tx-Rx,0,-78.2373,"-7.30900 0.90000 -2.93800, 3.25000 0.10000 7.25000"
144,0.0000,Tx-Rx,0,-77.4440,"-7.30900 0.90000 -2.93800, 2.95000 0.10000 7.25000"
145,0.0000,Tx-Rx,0,-75.2227,"-7.30900 0.90000 -2.93800, 2.65000 0.10000 7.25000"
146,0.0000,Tx-Rx,0,-78.0392,"-7.30900 0.90000 -2.93800, 2.35000 0.10000 7.25000"
147,0.0000,Tx-Rx,0,-77.2157,"-7.30900 0.90000 -2.93800, 2.05000 0.10000 7.25000"
148,0.0000,Tx-Rx,0,-80.1510,"-7.30900 0.90000 -2.93800, 1.75000 0.10000 7.25000"
149,0.0000,Tx-Rx,0,-80.1920,"-7.30900 0.90000 -2.93800, 1.45000 0.10000 7.25000"
150,0.0000,Tx-Rx,0,-80.5953,"-7.30900 0.90000 -2.93800, 1.15000 0.10000 7.25000"
151,0.0000,Tx-Rx,0,-81.3807,"-7.30900 0.90000 -2.93800, 0.85000 0.10000 7.25000"
152,0.0000,Tx-Rx,0,-78.7355,"-7.30900 0.90000 -2.93800, 0.55000 0.10000 7.25000"
153,0.0000,Tx-Rx,0,-74.0780,"-7.30900 0.90000 -2.93800, 0.25000 0.10000 7.25000"
154,0.0000,Tx-Rx,0,-68.9292,"-7.30900 0.90000 -2.93800, -0.05000 0.10000 7.25000"
155,0.0000,Tx-Rx,0,-67.5058,"-7.30900 0.90000 -2.93800, -0.35000 0.10000 7.25000"
156,0.0000,Tx-Rx,0,-67.3563,"-7.30900 0.90000 -2.93800, -0.65000 0.10000 7.25000"
157,0.0000,Tx-Rx,0,-67.2954,"-7.30900 0.90000 -2.93800, -0.95000 0.10000 7.25000"
158,0.0000,Tx-Rx,0,-67.7211,"-7.30900 0.90000 -2.93800, -1.25000 0.10000 7.25000"
159,0.0000,Tx-Rx,0,-67.9291,"-7.30900 0.90000 -2.93800, -1.55000 0.10000 7.25000"
160,0.0000,Tx-Rx,0,-68.4250,"-7.30900 0.90000 -2.93800, -1.85000 0.10000 7.25000"
161,0.0000,Tx-Rx,0,-66.9967,"-7.30900 0.90000 -2.93800, -2.15000 0.10000 7.25000"
162,0.0000,Tx-Rx,0,-67.3930,"-7.30900 0.90000 -2.93800, -2.45000 0.10000 7.25000"
163,0.0000,Tx-Rx,0,-75.7678,"-7.30900 0.90000 -2.93800, -2.75000 0.10000 7.25000"
164,0.0000,Tx-Rx,0,-83.9228,"-7.30900 0.90000 -2.93800, -3.05000 0.10000 7.25000"
165,0.0000,Tx-Rx,0,-83.4272,"-7.30900 0.90000 -2.93800, -3.35000 0.10000 7.25000"
166,0.0000,Tx-Rx,0,-68.7176,"-7.30900 0.90000 -2.93800, -3.65000 0.10000 7.25000"
167,0.0000,Tx-Rx,0,-66.2065,"-7.30900 0.90000 -2.93800, -3.95000 0.10000 7.25000"
168,0.0000,Tx-Rx,0,-65.1338,"-7.30900 0.90000 -2.93800, -4.25000 0.10000 7.25000"
169,0.0000,Tx-Rx,0,-69.8898,"-7.30900 0.90000 -2.93800, -4.55000 0.10000 7.25000"
170,0.0000,Tx-Rx,0,-77.1178,"-7.30900 0.90000 -2.93800, -4.85000 0.10000 7.25000"
171,0.0000,Tx-Rx,0,-77.8108,"-7.30900 0.90000 -2.93800, -5.15000 0.10000 7.25000"
172,0.0000,Tx-Rx,0,-63.1814,"-7.30900 0.90000 -2.93800, -5.45000 0.10000 7.25000"
173,0.0000,Tx-Rx,0,-52.8384,"-7.30900 0.90000 -2.93800, -5.75000 0.10000 7.25000"
174,0.0000,Tx-Rx,0,-53.2411,"-7.30900 0.90000 -2.93800, -6.05000 0.10000 7.25000"
175,0.0000,Tx-Rx,0,-53.4171,"-7.30900 0.90000 -2.93800, -6.35000 0.10000 7.25000"
176,0.0000,Tx-Rx,0,-51.8166,"-7.30900 0.90000 -2.93800, -6.65000 0.10000 7.25000"
177,0.0000,Tx-Rx,0,-51.5632,"-7.30900 0.90000 -2.93800, -6.95000 0.10000 7.25000"
178,0.0000,Tx-Rx,0,-52.2266,"-7.30900 0.90000 -2.93800, -7.25000 0.10000 7.25000"
179,0.0000,Tx-Rx,0,-52.5343,"-7.30900 0.90000 -2.93800, -7.55000 0.10000 7.25000"
180,0.0000,Tx-Rx,0,-52.4876,"-7.30900 0.90000 -2.93800, -7.85000 0.10000 7.25000"
181,0.0000,Tx-Rx,0,-120.0000,"-7.30900 0.90000 -2.93800, 9.85000 0.10000 6.95000"
182,0.0000,Tx-Rx,0,-116.7886,"-7.30900 0.90000 -2.93800, 9.55000 0.10000 6.95000"
183,0.0000,Tx-Rx,0,-116.9518,"-7.30900 0.90000 -2.93800, 9.25000 0.10000 6.95000"
184,0.0000,Tx-Rx,0,-120.0000,"-7.30900 0.90000 -2.93800, 8.95000 0.10000 6.95000"
185,0.0000,Tx-Rx,0,-120.0000,"-7.30900 0.90000 -2.93800, 8.65000 0.10000 6.95000"
186,0.0000,Tx-Rx,0,-97.2098,"-7.30900 0.90000 -2.93800, 8.35000 0.10000 6.95000"
187,0.0000,Tx-Rx,0,-81.6034,"-7.30900 0.90000 -2.93800, 8.05000 0.10000 6.95000"
188,0.0000,Tx-Rx,0,-77.4380,"-7.30900 0.90000 -2.93800, 7.75000 0.10000 6.95000"
189,0.0000,Tx-Rx,0,-78.6785,"-7.30900 0.90000 -2.93800, 7.45000 0.10000 6.95000"
190,0.0000,Tx-Rx,0,-80.8604,"-7.30900 0.90000 -2.93800, 7.15000 0.10000 6.95000"
191,0.0000,Tx-Rx,0,-78.8898,"-7.30900 0.90000 -2.93800, 6.85000 0.10000 6.95000"
192,0.0000,Tx-Rx,0,-76.5441,"-7.30900 0.90000 -2.93800, 6.55000 0.10000 6.95000"
193,0.0000,Tx-Rx,0,-77.8245,"-7.30900 0.90000 -2.93800, 6.25000 0.10000 6.95000"
194,0.0000,Tx-Rx,0,-75.5621,"-7.30900 0.90000 -2.93800, 5.95000 0.10000 6.95000"
195,0.0000,Tx-Rx,0,-74.7350,"-7.30900 0.90000 -2.93800, 5.65000 0.10000 6.95000"
196,0.0000,Tx-Rx,0,-73.4821,"-7.30900 0.90000 -2.93800, 5.35000 0.10000 6.95000"
197,0.0000,Tx-Rx,0,-73.4696,"-7.30900 0.90000 -2.93800, 5.05000 0.10000 6.95000"
198,0.0000,Tx-Rx,0,-74.5904,"-7.30900 0.90000 -2.93800, 4.75000 0.10000 6.95000"
199,0.0000,Tx-Rx,0,-75.4758,"-7.30900 0.90000 -2.93800, 4.45000 0.10000 6.95000"
200,0.0000,Tx-Rx,0,-75.3420,"-7.30900 0.90000 -2.93800, 4.15000 0.10000 6.95000"
201,0.0000,Tx-Rx,0,-75.7757,"-7.30900 0.90000 -2.93800, 3.85000 0.10000 6.95000"
202,0.0000,Tx-Rx,0,-77.0704,"-7.30900 0.90000 -2.93800, 3.55000 0.10000 6.95000"
203,0.0000,Tx-Rx,0,-74.4170,"-7.30900 0.90000 -2.93800, 3.25000 0.10000 6.95000"
204,0.0000,Tx-Rx,0,-76.2166,"-7.30900 0.90000 -2.93800, 2.95000 0.10000 6.95000"
205,0.0000,Tx-Rx,0,-79.8253,"-7.30900 0.90000 -2.93800, 2.65000 0.10000 6.95000"
206,0.0000,Tx-Rx,0,-78.7162,"-7.30900 0.90000 -2.93800, 2.35000 0.10000 6.95000"
207,0.0000,Tx-Rx,0,-75.5364,"-7.30900 0.90000 -2.93800, 2.05000 0.10000 6.95000"
208,0.0000,Tx-Rx,0,-79.6785,"-7.30900 0.90000 -2.93800, 1.75000 0.10000 6.95000"
209,0.0000,Tx-Rx,0,-80.8278,"-7.30900 0.90000 -2.93800, 1.45000 0.10000 6.95000"
210,0.0000,Tx-Rx,0,-81.4099,"-7.30900 0.90000 -2.93800, 1.15000 0.10000 6.95000"
211,0.0000,Tx-Rx,0,-78.9226,"-7.30900 0.90000 -2.93800, 0.85000 0.10000 6.95000"
212,0.0000,Tx-Rx,0,-75.0460,"-7.30900 0.90000 -2.93800, 0.55000 0.10000 6.95000"
213,0.0000,Tx-Rx,0,-78.0524,"-7.30900 0.90000 -2.93800, 0.25000 0.10000 6.95000"
214,0.0000,Tx-Rx,0,-69.2945,"-7.30900 0.90000 -2.93800, -0.05000 0.10000 6.95000"
215,0.0000,Tx-Rx,0,-67.4664,"-7.30900 0.90000 -2.93800, -0.35000 0.10000 6.95000"
216,0.0000,Tx-Rx,0,-67.4233,"-7.30900 0.90000 -2.93800, -0.65000 0.10000 6.95000"
217,0.0000,Tx-Rx,0,-67.3608,"-7.30900 0.90000 -2.93800, -0.95000 0.10000 6.95000"
218,0.0000,Tx-Rx,0,-67.6768,"-7.30900 0.90000 -2.93800, -1.25000 0.10000 6.95000"
219,0.0000,Tx-Rx,0,-67.7278,"-7.30900 0.90000 -2.93800, -1.55000 0.10000 6.95000"
220,0.0000,Tx-Rx,0,-66.7234,"-7.30900 0.90000 -2.93800, -1.85000 0.10000 6.95000"
221,0.0000,Tx-Rx,0,-66.2047,"-7.30900 0.90000 -2.93800, -2.15000 0.10000 6.95000"
222,0.0000,Tx-Rx,0,-65.0038,"-7.30900 0.90000 -2.93800, -2.45000 0.10000 6.95000"
223,0.0000,Tx-Rx,0,-69.8703,"-7.30900 0.90000 -2.93800, -2.75000 0.10000 6.95000"
224,0.0000,Tx-Rx,0,-69.0191,"-7.30900 0.90000 -2.93800, -3.05000 0.10000 6.95000"
225,0.0000,Tx-Rx,0,-69.1632,"-7.30900 0.90000 -2.93800, -3.35000 0.10000 6.95000"
226,0.0000,Tx-Rx,0,-63.9422,"-7.30900 0.90000 -2.93800, -3.65000 0.10000 6.95000"
227,0.0000,Tx-Rx,0,-63.5419,"-7.30900 0.90000 -2.93800, -3.95000 0.10000 6.95000"
228,0.0000,Tx-Rx,0,-68.1592,"-7.30900 0.90000 -2.93800, -4.25000 0.10000 6.95000"
229,0.0000,Tx-Rx,0,-70.8114,"-7.30900 0.90000 -2.93800, -4.55000 0.10000 6.95000"
230,0.0000,Tx-Rx,0,-77.9251,"-7.30900 0.90000 -2.93800, -4.85000 0.10000 6.95000"
231,0.0000,Tx-Rx,0,-78.7276,"-7.30900 0.90000 -2.93800, -5.15000 0.10000 6.95000"
232,0.0000,Tx-Rx,0,-62.9327,"-7.30900 0.90000 -2.93800, -5.45000 0.10000 6.95000"
233,0.0000,Tx-Rx,0,-52.6738,"-7.30900 0.90000 -2.93800, -5.75000 0.10000 6.95000"
234,0.0000,Tx-Rx,0,-53.2877,"-7.30900 0.90000 -2.93800, -6.05000 0.10000 6.95000"
235,0.0000,Tx-Rx,0,-53.0279,"-7.30900 0.90000 -2.93800, -6.35000 0.10000 6.95000"
236,0.0000,Tx-Rx,0,-51.6245,"-7.30900 0.90000 -2.93800, -6.65000 0.10000 6.95000"
237,0.0000,Tx-Rx,0,-51.2478,"-7.30900 0.90000 -2.93800, -6.95000 0.10000 6.95000"
238,0.0000,Tx-Rx,0,-52.1986,"-7.30900 0.90000 -2.93800, -7.25000 0.10000 6.95000"
239,0.0000,Tx-Rx,0,-52.3928,"-7.30900 0.90000 -2.93800, -7.55000 0.10000 6.95000"
240,0.0000,Tx-Rx,0,-52.2972,"-7.30900 0.90000 -2.93800, -7.85000 0.10000 6.95000"
241,0.0000,Tx-Rx,0,-112.7683,"-7.30900 0.90000 -2.93800, 9.85000 0.10000 6.65000"
242,0.0000,Tx-Rx,0,-120.0000,"-7.30900 0.90000 -2.93800, 9.55000 0.10000 6.65000"
243,0.0000,Tx-Rx,0,-111.5408,"-7.30900 0.90000 -2.93800, 9.25000 0.10000 6.65000"
244,0.0000,Tx-Rx,0,-113.8727,"-7.30900 0.90000 -2.93800, 8.95000 0.10000 6.65000"
245,0.0000,Tx-Rx,0,-109.6028,"-7.30900 0.90000 -2.93800, 8.65000 0.10000 6.65000"
246,0.0000,Tx-Rx,0,-112.8827,"-7.30900 0.90000 -2.93800, 8.35000 0.10000 6.65000"
247,0.0000,Tx-Rx,0,-84.6408,"-7.30900 0.90000 -2.93800, 8.05000 0.10000 6.65000"
248,0.0000,Tx-Rx,0,-77.8139,"-7.30900 0.90000 -2.93800, 7.75000 0.10000 6.65000"
249,0.0000,Tx-Rx,0,-77.5784,"-7.30900 0.90000 -2.93800, 7.45000 0.10000 6.65000"
250,0.0000,Tx-Rx,0,-77.5489,"-7.30900 0.90000 -2.93800, 7.15000 0.10000 6.65000"
251,0.0000,Tx-Rx,0,-79.9873,"-7.30900 0.90000 -2.93800, 6.85000 0.10000 6.65000"
252,0.0000,Tx-Rx,0,-79.6533,"-7.30900 0.90000 -2.93800, 6.55000 0.10000 6.65000"
253,0.0000,Tx-Rx,0,-74.5829,"-7.30900 0.90000 -2.93800, 6.25000 0.10000 6.65000"
254,0.0000,Tx-Rx,0,-76.5017,"-7.30900 0.90000 -2.93800, 5.95000 0.10000 6.65000"
255,0.0000,Tx-Rx,0,-73.3213,"-7.30900 0.90000 -2.93800, 5.65000 0.10000 6.65000"
256,0.0000,Tx-Rx,0,-73.5378,"-7.30900 0.90000 -2.93800, 5.35000 0.10000 6.65000"
257,0.0000,Tx-Rx,0,-73.2669,"-7.30900 0.90000 -2.93800, 5.05000 0.10000 6.65000"
258,0.0000,Tx-Rx,0,-73.7472,"-7.30900 0.90000 -2.93800, 4.75000 0.10000 6.65000"
259,0.0000,Tx-Rx,0,-75.2473,"-7.30900 0.90000 -2.93800, 4.45000 0.10000 6.65000"
260,0.0000,Tx-Rx,0,-75.3663,"-7.30900 0.90000 -2.93800, 4.15000 0.10000 6.65000"
261,0.0000,Tx-Rx,0,-72.7767,"-7.30900 0.90000 -2.93800, 3.85000 0.10000 6.65000"
262,0.0000,Tx-Rx,0,-73.2535,"-7.30900 0.90000 -2.93800, 3.55000 0.10000 6.65000"
263,0.0000,Tx-Rx,0,-77.7981,"-7.30900 0.90000 -2.93800, 3.25000 0.10000 6.65000"
264,0.0000,Tx-Rx,0,-80.2735,"-7.30900 0.90000 -2.93800, 2.95000 0.10000 6.65000"
265,0.0000,Tx-Rx,0,-79.3430,"-7.30900 0.90000 -2.93800, 2.65000 0.10000 6.65000"
266,0.0000,Tx-Rx,0,-79.3229,"-7.30900 0.90000 -2.93800, 2.35000 0.10000 6.65000"
267,0.0000,Tx-Rx,0,-76.2986,"-7.30900 0.90000 -2.93800, 2.05000 0.10000 6.65000"
268,0.0000,Tx-Rx,0,-79.6595,"-7.30900 0.90000 -2.93800, 1.75000 0.10000 6.65000"
269,0.0000,Tx-Rx,0,-79.8421,"-7.30900 0.90000 -2.93800, 1.45000 0.10000 6.65000"
270,0.0000,Tx-Rx,0,-78.0629,"-7.30900 0.90000 -2.93800, 1.15000 0.10000 6.65000"
271,0.0000,Tx-Rx,0,-75.7517,"-7.30900 0.90000 -2.93800, 0.85000 0.10000 6.65000"
272,0.0000,Tx-Rx,0,-79.4947,"-7.30900 0.90000 -2.93800, 0.55000 0.10000 6.65000"
273,0.0000,Tx-Rx,0,-81.4111,"-7.30900 0.90000 -2.93800, 0.25000 0.10000 6.65000"
274,0.0000,Tx-Rx,0,-69.2589,"-7.30900 0.90000 -2.93800, -0.05000 0.10000 6.65000"
275,0.0000,Tx-Rx,0,-67.3781,"-7.30900 0.90000 -2.93800, -0.35000 0.10000 6.65000"
276,0.0000,Tx-Rx,0,-67.4380,"-7.30900 0.90000 -2.93800, -0.65000 0.10000 6.65000"
277,0.0000,Tx-Rx,0,-67.3660,"-7.30900 0.90000 -2.93800, -0.95000 0.10000 6.65000"
278,0.0000,Tx-Rx,0,-67.5661,"-7.30900 0.90000 -2.93800, -1.25000 0.10000 6.65000"
279,0.0000,Tx-Rx,0,-67.0299,"-7.30900 0.90000 -2.93800, -1.55000 0.10000 6.65000"
280,0.0000,Tx-Rx,0,-65.7576,"-7.30900 0.90000 -2.93800, -1.85000 0.10000 6.65000"
281,0.0000,Tx-Rx,0,-65.0515,"-7.30900 0.90000 -2.93800, -2.15000 0.10000 6.65000"
282,0.0000,Tx-Rx,0,-64.2813,"-7.30900 0.90000 -2.93800, -2.45000 0.10000 6.65000"
283,0.0000,Tx-Rx,0,-64.1499,"-7.30900 0.90000 -2.93800, -2.75000 0.10000 6.65000"
284,0.0000,Tx-Rx,0,-63.2363,"-7.30900 0.90000 -2.93800, -3.05000 0.10000 6.65000"
285,0.0000,Tx-Rx,0,-61.9517,"-7.30900 0.90000 -2.93800, -3.35000 0.10000 6.65000"
286,0.0000,Tx-Rx,0,-63.1638,"-7.30900 0.90000 -2.93800, -3.65000 0.10000 6.65000"
287,0.0000,Tx-Rx,0,-64.3183,"-7.30900 0.90000 -2.93800, -3.95000 0.10000 6.65000"
288,0.0000,Tx-Rx,0,-67.3047,"-7.30900 0.90000 -2.93800, -4.25000 0.10000 6.65000"
289,0.0000,Tx-Rx,0,-73.2634,"-7.30900 0.90000 -2.93800, -4.55000 0.10000 6.65000"
290,0.0000,Tx-Rx,0,-87.5047,"-7.30900 0.90000 -2.93800, -4.85000 0.10000 6.65000"
291,0.0000,Tx-Rx,0,-79.7590,"-7.30900 0.90000 -2.93800, -5.15000 0.10000 6.65000"
292,0.0000,Tx-Rx,0,-61.9330,"-7.30900 0.90000 -2.93800, -5.45000 0.10000 6.65000"
293,0.0000,Tx-Rx,0,-52.7042,"-7.30900 0.90000 -2.93800, -5.75000 0.10000 6.65000"
294,0.0000,Tx-Rx,0,-53.1749,"-7.30900 0.90000 -2.93800, -6.05000 0.10000 6.65000"
295,0.0000,Tx-Rx,0,-52.6293,"-7.30900 0.90000 -2.93800, -6.35000 0.10000 6.65000"
296,0.0000,Tx-Rx,0,-51.4114,"-7.30900 0.90000 -2.93800, -6.65000 0.10000 6.65000"
297,0.0000,Tx-Rx,0,-51.0154,"-7.30900 0.90000 -2.93800, -6.95000 0.10000 6.65000"
298,0.0000,Tx-Rx,0,-52.2357,"-7.30900 0.90000 -2.93800, -7.25000 0.10000 6.65000"
299,0.0000,Tx-Rx,0,-52.2737,"-7.30900 0.90000 -2.93800, -7.55000 0.10000 6.65000"
300,0.0000,Tx-Rx,0,-52.1362,"-7.30900 0.90000 -2.93800, -7.85000 0.10000 6.65000"
301,0.0000,Tx-Rx,0,-116.7102,"-7.30900 0.90000 -2.93800, 9.85000 0.10000 6.35000"
302,0.0000,Tx-Rx,0,-110.8607,"-7.30900 0.90000 -2.93800, 9.55000 0.10000 6.35000"
303,0.0000,Tx-Rx,0,-111.5973,"-7.30900 0.90000 -2.93800, 9.25000 0.10000 6.35000"
304,0.0000,Tx-Rx,0,-110.5724,"-7.30900 0.90000 -2.93800, 8.95000 0.10000 6.35000"
305,0.0000,Tx-Rx,0,-120.0000,"-7.30900 0.90000 -2.93800, 8.65000 0.10000 6.35000"
306,0.0000,Tx-Rx,0,-103.8118,"-7.30900 0.90000 -2.93800, 8.35000 0.10000 6.35000"
307,0.0000,Tx-Rx,0,-87.1137,"-7.30900 0.90000 -2.93800, 8.05000 0.10000 6.35000"
308,0.0000,Tx-Rx,0,-80.4691,"-7.30900 0.90000 -2.93800, 7.75000 0.10000 6.35000"
309,0.0000,Tx-Rx,0,-79.7785,"-7.30900 0.90000 -2.93800, 7.45000 0.10000 6.35000"
310,0.0000,Tx-Rx,0,-76.4977,"-7.30900 0.90000 -2.93800, 7.15000 0.10000 6.35000"
311,0.0000,Tx-Rx,0,-75.9992,"-7.30900 0.90000 -2.93800, 6.85000 0.10000 6.35000"
312,0.0000,Tx-Rx,0,-76.6935,"-7.30900 0.90000 -2.93800, 6.55000 0.10000 6.35000"
313,0.0000,Tx-Rx,0,-74.3855,"-7.30900 0.90000 -2.93800, 6.25000 0.10000 6.35000"
314,0.0000,Tx-Rx,0,-74.3740,"-7.30900 0.90000 -2.93800, 5.95000 0.10000 6.35000"
315,0.0000,Tx-Rx,0,-73.8464,"-7.30900 0.90000 -2.93800, 5.65000 0.10000 6.35000"
316,0.0000,Tx-Rx,0,-72.9121,"-7.30900 0.90000 -2.93800, 5.35000 0.10000 6.35000"
317,0.0000,Tx-Rx,0,-72.5318,"-7.30900 0.90000 -2.93800, 5.05000 0.10000 6.35000"
318,0.0000,Tx-Rx,0,-72.7125,"-7.30900 0.90000 -2.93800, 4.75000 0.10000 6.35000"
319,0.0000,Tx-Rx,0,-73.4037,"-7.30900 0.90000 -2.93800, 4.45000 0.10000 6.35000"
320,0.0000,Tx-Rx,0,-72.3773,"-7.30900 0.90000 -2.93800, 4.15000 0.10000 6.35000"
321,0.0000,Tx-Rx,0,-72.6638,"-7.30900 0.90000 -2.93800, 3.85000 0.10000 6.35000"
322,0.0000,Tx-Rx,0,-74.5974,"-7.30900 0.90000 -2.93800, 3.55000 0.10000 6.35000"
323,0.0000,Tx-Rx,0,-78.5594,"-7.30900 0.90000 -2.93800, 3.25000 0.10000 6.35000"
324,0.0000,Tx-Rx,0,-77.0616,"-7.30900 0.90000 -2.93800, 2.95000 0.10000 6.35000"
325,0.0000,Tx-Rx,0,-77.0759,"-7.30900 0.90000 -2.93800, 2.65000 0.10000 6.35000"
326,0.0000,Tx-Rx,0,-78.0597,"-7.30900 0.90000 -2.93800, 2.35000 0.10000 6.35000"
327,0.0000,Tx-Rx,0,-73.8100,"-7.30900 0.90000 -2.93800, 2.05000 0.10000 6.35000"
328,0.0000,Tx-Rx,0,-80.6929,"-7.30900 0.90000 -2.93800, 1.75000 0.10000 6.35000"
329,0.0000,Tx-Rx,0,-79.8837,"-7.30900 0.90000 -2.93800, 1.45000 0.10000 6.35000"
330,0.0000,Tx-Rx,0,-75.5422,"-7.30900 0.90000 -2.93800, 1.15000 0.10000 6.35000"
331,0.0000,Tx-Rx,0,-78.3834,"-7.30900 0.90000 -2.93800, 0.85000 0.10000 6.35000"
332,0.0000,Tx-Rx,0,-79.8209,"-7.30900 0.90000 -2.93800, 0.55000 0.10000 6.35000"
333,0.0000,Tx-Rx,0,-81.3680,"-7.30900 0.90000 -2.93800, 0.25000 0.10000 6.35000"
334,0.0000,Tx-Rx,0,-69.1251,"-7.30900 0.90000 -2.93800, -0.05000 0.10000 6.35000"
335,0.0000,Tx-Rx,0,-67.3981,"-7.30900 0.90000 -2.93800, -0.35000 0.10000 6.35000"
336,0.0000,Tx-Rx,0,-67.3033,"-7.30900 0.90000 -2.93800, -0.65000 0.10000 6.35000"
337,0.0000,Tx-Rx,0,-67.3486,"-7.30900 0.90000 -2.93800, -0.95000 0.10000 6.35000"
338,0.0000,Tx-Rx,0,-66.6323,"-7.30900 0.90000 -2.93800, -1.25000 0.10000 6.35000"
339,0.0000,Tx-Rx,0,-65.3598,"-7.30900 0.90000 -2.93800, -1.55000 0.10000 6.35000"
340,0.0000,Tx-Rx,0,-64.8730,"-7.30900 0.90000 -2.93800, -1.85000 0.10000 6.35000"
341,0.0000,Tx-Rx,0,-64.3850,"-7.30900 0.90000 -2.93800, -2.15000 0.10000 6.35000"
342,0.0000,Tx-Rx,0,-64.1056,"-7.30900 0.90000 -2.93800, -2.45000 0.10000 6.35000"
343,0.0000,Tx-Rx,0,-63.8219,"-7.30900 0.90000 -2.93800, -2.75000 0.10000 6.35000"
344,0.0000,Tx-Rx,0,-61.8837,"-7.30900 0.90000 -2.93800, -3.05000 0.10000 6.35000"
345,0.0000,Tx-Rx,0,-62.8281,"-7.30900 0.90000 -2.93800, -3.35000 0.10000 6.35000"
346,0.0000,Tx-Rx,0,-64.5387,"-7.30900 0.90000 -2.93800, -3.65000 0.10000 6.35000"
347,0.0000,Tx-Rx,0,-64.4693,"-7.30900 0.90000 -2.93800, -3.95000 0.10000 6.35000"
348,0.0000,Tx-Rx,0,-66.1060,"-7.30900 0.90000 -2.93800, -4.25000 0.10000 6.35000"
349,0.0000,Tx-Rx,0,-120.0000,"-7.30900 0.90000 -2.93800, -4.55000 0.10000 6.35000"
350,0.0000,Tx-Rx,0,-120.0000,"-7.30900 0.90000 -2.93800, -4.85000 0.10000 6.35000"
351,0.0000,Tx-Rx,0,-120.0000,"-7.30900 0.90000 -2.93800, -5.15000 0.10000 6.35000"
352,0.0000,Tx-Rx,0,-120.0000,"-7.30900 0.90000 -2.93800, -5.45000 0.10000 6.35000"
353,0.0000,Tx-Rx,0,-52.9499,"-7.30900 0.90000 -2.93800, -5.75000 0.10000 6.35000"
354,0.0000,Tx-Rx,0,-52.9697,"-7.30900 0.90000 -2.93800, -6.05000 0.10000 6.35000"
355,0.0000,Tx-Rx,0,-52.1746,"-7.30900 0.90000 -2.93800, -6.35000 0.10000 6.35000"
356,0.0000,Tx-Rx,0,-51.1053,"-7.30900 0.90000 -2.93800, -6.65000 0.10000 6.35000"
357,0.0000,Tx-Rx,0,-51.0626,"-7.30900 0.90000 -2.93800, -6.95000 0.10000 6.35000"
358,0.0000,Tx-Rx,0,-52.1865,"-7.30900 0.90000 -2.93800, -7.25000 0.10000 6.35000"
359,0.0000,Tx-Rx,0,-52.1085,"-7.30900 0.90000 -2.93800, -7.55000 0.10000 6.35000"
360,0.0000,Tx-Rx,0,-52.0356,"-7.30900 0.90000 -2.93800, -7.85000 0.10000 6.35000"
361,0.0000,Tx-Rx,0,-116.6109,"-7.30900 0.90000 -2.93800, 9.85000 0.10000 6.05000"
362,0.0000,Tx-Rx,0,-116.5655,"-7.30900 0.90000 -2.93800, 9.55000 0.10000 6.05000"
363,0.0000,Tx-Rx,0,-116.3802,"-7.30900 0.90000 -2.93800, 9.25000 0.10000 6.05000"
364,0.0000,Tx-Rx,0,-108.2564,"-7.30900 0.90000 -2.93800, 8.95000 0.10000 6.05000"
365,0.0000,Tx-Rx,0,-113.5053,"-7.30900 0.90000 -2.93800, 8.65000 0.10000 6.05000"
366,0.0000,Tx-Rx,0,-111.5075,"-7.30900 0.90000 -2.93800, 8.35000 0.10000 6.05000"
367,0.0000,Tx-Rx,0,-85.4243,"-7.30900 0.90000 -2.93800, 8.05000 0.10000 6.05000"
368,0.0000,Tx-Rx,0,-81.8660,"-7.30900 0.90000 -2.93800, 7.75000 0.10000 6.05000"
369,0.0000,Tx-Rx,0,-82.4798,"-7.30900 0.90000 -2.93800, 7.45000 0.10000 6.05000"
370,0.0000,Tx-Rx,0,-82.2036,"-7.30900 0.90000 -2.93800, 7.15000 0.10000 6.05000"
371,0.0000,Tx-Rx,0,-80.8193,"-7.30900 0.90000 -2.93800, 6.85000 0.10000 6.05000"
372,0.0000,Tx-Rx,0,-77.4047,"-7.30900 0.90000 -2.93800, 6.55000 0.10000 6.05000"
373,0.0000,Tx-Rx,0,-75.6134,"-7.30900 0.90000 -2.93800, 6.25000 0.10000 6.05000"
374,0.0000,Tx-Rx,0,-72.8252,"-7.30900 0.90000 -2.93800, 5.95000 0.10000 6.05000"
375,0.0000,Tx-Rx,0,-73.3120,"-7.30900 0.90000 -2.93800, 5.65000 0.10000 6.05000"
376,0.0000,Tx-Rx,0,-72.4360,"-7.30900 0.90000 -2.93800, 5.35000 0.10000 6.05000"
377,0.0000,Tx-Rx,0,-72.5796,"-7.30900 0.90000 -2.93800, 5.05000 0.10000 6.05000"
378,0.0000,Tx-Rx,0,-70.5696,"-7.30900 0.90000 -2.93800, 4.75000 0.10000 6.05000"
379,0.0000,Tx-Rx,0,-71.3063,"-7.30900 0.90000 -2.93800, 4.45000 0.10000 6.05000"
380,0.0000,Tx-Rx,0,-72.2417,"-7.30900 0.90000 -2.93800, 4.15000 0.10000 6.05000"
381,0.0000,Tx-Rx,0,-73.6223,"-7.30900 0.90000 -2.93800, 3.85000 0.10000 6.05000"
382,0.0000,Tx-Rx,0,-74.2605,"-7.30900 0.90000 -2.93800, 3.55000 0.10000 6.05000"
383,0.0000,Tx-Rx,0,-77.2975,"-7.30900 0.90000 -2.93800, 3.25000 0.10000 6.05000"
384,0.0000,Tx-Rx,0,-77.9260,"-7.30900 0.90000 -2.93800, 2.95000 0.10000 6.05000"
385,0.0000,Tx-Rx,0,-77.7267,"-7.30900 0.90000 -2.93800, 2.65000 0.10000 6.05000"
386,0.0000,Tx-Rx,0,-79.5035,"-7.30900 0.90000 -2.93800, 2.35000 0.10000 6.05000"
387,0.0000,Tx-Rx,0,-80.1124,"-7.30900 0.90000 -2.93800, 2.05000 0.10000 6.05000"
388,0.0000,Tx-Rx,0,-75.4457,"-7.30900 0.90000 -2.93800, 1.75000 0.10000 6.05000"
389,0.0000,Tx-Rx,0,-74.6339,"-7.30900 0.90000 -2.93800, 1.45000 0.10000 6.05000"
390,0.0000,Tx-Rx,0,-77.7502,"-7.30900 0.90000 -2.93800, 1.15000 0.10000 6.05000"
391,0.0000,Tx-Rx,0,-79.0995,"-7.30900 0.90000 -2.93800, 0.85000 0.10000 6.05000"
392,0.0000,Tx-Rx,0,-79.4376,"-7.30900 0.90000 -2.93800, 0.55000 0.10000 6.05000"
393,0.0000,Tx-Rx,0,-78.4543,"-7.30900 0.90000 -2.93800, 0.25000 0.10000 6.05000"
394,0.0000,Tx-Rx,0,-68.8652,"-7.30900 0.90000 -2.93800, -0.05000 0.10000 6.05000"
395,0.0000,Tx-Rx,0,-67.3392,"-7.30900 0.90000 -2.93800, -0.35000 0.10000 6.05000"
396,0.0000,Tx-Rx,0,-67.2353,"-7.30900 0.90000 -2.93800, -0.65000 0.10000 6.05000"
397,0.0000,Tx-Rx,0,-66.8545,"-7.30900 0.90000 -2.93800, -0.95000 0.10000 6.05000"
398,0.0000,Tx-Rx,0,-65.0083,"-7.30900 0.90000 -2.93800, -1.25000 0.10000 6.05000"
399,0.0000,Tx-Rx,0,-64.5814,"-7.30900 0.90000 -2.93800, -1.55000 0.10000 6.05000"
400,0.0000,Tx-Rx,0,-64.4396,"-7.30900 0.90000 -2.93800, -1.85000 0.10000 6.05000"
401,0.0000,Tx-Rx,0,-64.0787,"-7.30900 0.90000 -2.93800, -2.15000 0.10000 6.05000"
402,0.0000,Tx-Rx,0,-63.6207,"-7.30900 0.90000 -2.93800, -2.45000 0.10000 6.05000"
403,0.0000,Tx-Rx,0,-62.0005,"-7.30900 0.90000 -2.93800, -2.75000 0.10000 6.05000"
404,0.0000,Tx-Rx,0,-63.7248,"-7.30900 0.90000 -2.93800, -3.05000 0.10000 6.05000"
405,0.0000,Tx-Rx,0,-63.8081,"-7.30900 0.90000 -2.93800, -3.35000 0.10000 6.05000"
406,0.0000,Tx-Rx,0,-64.4248,"-7.30900 0.90000 -2.93800, -3.65000 0.10000 6.05000"
407,0.0000,Tx-Rx,0,-64.9419,"-7.30900 0.90000 -2.93800, -3.95000 0.10000 6.05000"
408,0.0000,Tx-Rx,0,-65.1564,"-7.30900 0.90000 -2.93800, -4.25000 0.10000 6.05000"
409,0.0000,Tx-Rx,0,-66.3564,"-7.30900 0.90000 -2.93800, -4.55000 0.10000 6.05000"
410,0.0000,Tx-Rx,0,-67.1889,"-7.30900 0.90000 -2.93800, -4.85000 0.10000 6.05000"
411,0.0000,Tx-Rx,0,-64.1731,"-7.30900 0.90000 -2.93800, -5.15000 0.10000 6.05000"
412,0.0000,Tx-Rx,0,-61.4662,"-7.30900 0.90000 -2.93800, -5.45000 0.10000 6.05000"
413,0.0000,Tx-Rx,0,-54.3373,"-7.30900 0.90000 -2.93800, -5.75000 0.10000 6.05000"
414,0.0000,Tx-Rx,0,-55.6347,"-7.30900 0.90000 -2.93800, -6.05000 0.10000 6.05000"
415,0.0000,Tx-Rx,0,-54.5873,"-7.30900 0.90000 -2.93800, -6.35000 0.10000 6.05000"
416,0.0000,Tx-Rx,0,-53.3088,"-7.30900 0.90000 -2.93800, -6.65000 0.10000 6.05000"
417,0.0000,Tx-Rx,0,-54.1919,"-7.30900 0.90000 -2.93800, -6.95000 0.10000 6.05000"
418,0.0000,Tx-Rx,0,-56.1217,"-7.30900 0.90000 -2.93800, -7.25000 0.10000 6.05000"
419,0.0000,Tx-Rx,0,-55.5308,"-7.30900 0.90000 -2.93800, -7.55000 0.10000 6.05000"
420,0.0000,Tx-Rx,0,-56.0479,"-7.30900 0.90000 -2.93800, -7.85000 0.10000 6.05000"
421,0.0000,Tx-Rx,0,-114.9416,"-7.30900 0.90000 -2.93800, 9.85000 0.10000 5.75000"
422,0.0000,Tx-Rx,0,-113.8517,"-7.30900 0.90000 -2.93800, 9.55000 0.10000 5.75000"
423,0.0000,Tx-Rx,0,-111.9537,"-7.30900 0.90000 -2.93800, 9.25000 0.10000 5.75000"
424,0.0000,Tx-Rx,0,-112.0190,"-7.30900 0.90000 -2.93800, 8.95000 0.10000 5.75000"
425,0.0000,Tx-Rx,0,-113.9209,"-7.30900 0.90000 -2.93800, 8.65000 0.10000 5.75000"
426,0.0000,Tx-Rx,0,-114.9833,"-7.30900 0.90000 -2.93800, 8.35000 0.10000 5.75000"
427,0.0000,Tx-Rx,0,-85.4302,"-7.30900 0.90000 -2.93800, 8.05000 0.10000 5.75000"
428,0.0000,Tx-Rx,0,-81.7697,"-7.30900 0.90000 -2.93800, 7.75000 0.10000 5.75000"
429,0.0000,Tx-Rx,0,-80.1869,"-7.30900 0.90000 -2.93800, 7.45000 0.10000 5.75000"
430,0.0000,Tx-Rx,0,-83.4465,"-7.30900 0.90000 -2.93800, 7.15000 0.10000 5.75000"
431,0.0000,Tx-Rx,0,-82.5549,"-7.30900 0.90000 -2.93800, 6.85000 0.10000 5.75000"
432,0.0000,Tx-Rx,0,-80.3500,"-7.30900 0.90000 -2.93800, 6.55000 0.10000 5.75000"
433,0.0000,Tx-Rx,0,-82.9018,"-7.30900 0.90000 -2.93800, 6.25000 0.10000 5.75000"
434,0.0000,Tx-Rx,0,-77.2484,"-7.30900 0.90000 -2.93800, 5.95000 0.10000 5.75000"
435,0.0000,Tx-Rx,0,-72.9973,"-7.30900 0.90000 -2.93800, 5.65000 0.10000 5.75000"
436,0.0000,Tx-Rx,0,-71.9374,"-7.30900 0.90000 -2.93800, 5.35000 0.10000 5.75000"
437,0.0000,Tx-Rx,0,-70.5468,"-7.30900 0.90000 -2.93800, 5.05000 0.10000 5.75000"
438,0.0000,Tx-Rx,0,-71.2669,"-7.30900 0.90000 -2.93800, 4.75000 0.10000 5.75000"
439,0.0000,Tx-Rx,0,-70.8992,"-7.30900 0.90000 -2.93800, 4.45000 0.10000 5.75000"
440,0.0000,Tx-Rx,0,-71.7427,"-7.30900 0.90000 -2.93800, 4.15000 0.10000 5.75000"
441,0.0000,Tx-Rx,0,-72.9439,"-7.30900 0.90000 -2.93800, 3.85000 0.10000 5.75000"
442,0.0000,Tx-Rx,0,-73.1766,"-7.30900 0.90000 -2.93800, 3.55000 0.10000 5.75000"
443,0.0000,Tx-Rx,0,-74.3232,"-7.30900 0.90000 -2.93800, 3.25000 0.10000 5.75000"
444,0.0000,Tx-Rx,0,-78.5848,"-7.30900 0.90000 -2.93800, 2.95000 0.10000 5.75000"
445,0.0000,Tx-Rx,0,-79.0136,"-7.30900 0.90000 -2.93800, 2.65000 0.10000 5.75000"
446,0.0000,Tx-Rx,0,-79.9685,"-7.30900 0.90000 -2.93800, 2.35000 0.10000 5.75000"
447,0.0000,Tx-Rx,0,-78.2903,"-7.30900 0.90000 -2.93800, 2.05000 0.10000 5.75000"
448,0.0000,Tx-Rx,0,-71.8860,"-7.30900 0.90000 -2.93800, 1.75000 0.10000 5.75000"
449,0.0000,Tx-Rx,0,-77.5214,"-7.30900 0.90000 -2.93800, 1.45000 0.10000 5.75000"
450,0.0000,Tx-Rx,0,-76.3130,"-7.30900 0.90000 -2.93800, 1.15000 0.10000 5.75000"
451,0.0000,Tx-Rx,0,-76.0799,"-7.30900 0.90000 -2.93800, 0.85000 0.10000 5.75000"
452,0.0000,Tx-Rx,0,-78.4999,"-7.30900 0.90000 -2.93800, 0.55000 0.10000 5.75000"
453,0.0000,Tx-Rx,0,-79.3889,"-7.30900 0.90000 -2.93800, 0.25000 0.10000 5.75000"
454,0.0000,Tx-Rx,0,-68.8445,"-7.30900 0.90000 -2.93800, -0.05000 0.10000 5.75000"
455,0.0000,Tx-Rx,0,-67.2424,"-7.30900 0.90000 -2.93800, -0.35000 0.10000 5.75000"
456,0.0000,Tx-Rx,0,-66.9414,"-7.30900 0.90000 -2.93800, -0.65000 0.10000 5.75000"
457,0.0000,Tx-Rx,0,-65.0883,"-7.30900 0.90000 -2.93800, -0.95000 0.10000 5.75000"
458,0.0000,Tx-Rx,0,-64.5475,"-7.30900 0.90000 -2.93800, -1.25000 0.10000 5.75000"
459,0.0000,Tx-Rx,0,-64.0885,"-7.30900 0.90000 -2.93800, -1.55000 0.10000 5.75000"
460,0.0000,Tx-Rx,0,-64.2610,"-7.30900 0.90000 -2.93800, -1.85000 0.10000 5.75000"
461,0.0000,Tx-Rx,0,-63.2348,"-7.30900 0.90000 -2.93800, -2.15000 0.10000 5.75000"
462,0.0000,Tx-Rx,0,-62.0122,"-7.30900 0.90000 -2.93800, -2.45000 0.10000 5.75000"
463,0.0000,Tx-Rx,0,-63.8253,"-7.30900 0.90000 -2.93800, -2.75000 0.10000 5.75000"
464,0.0000,Tx-Rx,0,-64.7985,"-7.30900 0.90000 -2.93800, -3.05000 0.10000 5.75000"
465,0.0000,Tx-Rx,0,-64.4748,"-7.30900 0.90000 -2.93800, -3.35000 0.10000 5.75000"
466,0.0000,Tx-Rx,0,-64.9379,"-7.30900 0.90000 -2.93800, -3.65000 0.10000 5.75000"
467,0.0000,Tx-Rx,0,-65.2760,"-7.30900 0.90000 -2.93800, -3.95000 0.10000 5.75000"
468,0.0000,Tx-Rx,0,-64.3016,"-7.30900 0.90000 -2.93800, -4.25000 0.10000 5.75000"
469,0.0000,Tx-Rx,0,-63.7553,"-7.30900 0.90000 -2.93800, -4.55000 0.10000 5.75000"
470,0.0000,Tx-Rx,0,-65.7111,"-7.30900 0.90000 -2.93800, -4.85000 0.10000 5.75000"
471,0.0000,Tx-Rx,0,-63.6618,"-7.30900 0.90000 -2.93800, -5.15000 0.10000 5.75000"
472,0.0000,Tx-Rx,0,-59.6130,"-7.30900 0.90000 -2.93800, -5.45000 0.10000 5.75000"
473,0.0000,Tx-Rx,0,-55.0751,"-7.30900 0.90000 -2.93800, -5.75000 0.10000 5.75000"
474,0.0000,Tx-Rx,0,-56.8533,"-7.30900 0.90000 -2.93800, -6.05000 0.10000 5.75000"
475,0.0000,Tx-Rx,0,-55.2108,"-7.30900 0.90000 -2.93800, -6.35000 0.10000 5.75000"
476,0.0000,Tx-Rx,0,-54.2280,"-7.30900 0.90000 -2.93800, -6.65000 0.10000 5.75000"
477,0.0000,Tx-Rx,0,-56.5278,"-7.30900 0.90000 -2.93800, -6.95000 0.10000 5.75000"
478,0.0000,Tx-Rx,0,-58.6078,"-7.30900 0.90000 -2.93800, -7.25000 0.10000 5.75000"
479,0.0000,Tx-Rx,0,-58.0293,"-7.30900 0.90000 -2.93800, -7.55000 0.10000 5.75000"
480,0.0000,Tx-Rx,0,-58.2296,"-7.30900 0.90000 -2.93800, -7.85000 0.10000 5.75000"
481,0.0000,Tx-Rx,0,-99.9023,"-7.30900 0.90000 -2.93800, 9.85000 0.10000 5.45000"
482,0.0000,Tx-Rx,0,-111.4194,"-7.30900 0.90000 -2.93800, 9.55000 0.10000 5.45000"
483,0.0000,Tx-Rx,0,-111.4110,"-7.30900 0.90000 -2.93800, 9.25000 0.10000 5.45000"
484,0.0000,Tx-Rx,0,-111.5714,"-7.30900 0.90000 -2.93800, 8.95000 0.10000 5.45000"
485,0.0000,Tx-Rx,0,-120.0000,"-7.30900 0.90000 -2.93800, 8.65000 0.10000 5.45000"
486,0.0000,Tx-Rx,0,-120.0000,"-7.30900 0.90000 -2.93800, 8.35000 0.10000 5.45000"
487,0.0000,Tx-Rx,0,-86.8107,"-7.30900 0.90000 -2.93800, 8.05000 0.10000 5.45000"
488,0.0000,Tx-Rx,0,-80.2113,"-7.30900 0.90000 -2.93800, 7.75000 0.10000 5.45000"
489,0.0000,Tx-Rx,0,-81.5554,"-7.30900 0.90000 -2.93800, 7.45000 0.10000 5.45000"
490,0.0000,Tx-Rx,0,-82.7158,"-7.30900 0.90000 -2.93800, 7.15000 0.10000 5.45000"
491,0.0000,Tx-Rx,0,-81.1909,"-7.30900 0.90000 -2.93800, 6.85000 0.10000 5.45000"
492,0.0000,Tx-Rx,0,-80.9298,"-7.30900 0.90000 -2.93800, 6.55000 0.10000 5.45000"
493,0.0000,Tx-Rx,0,-79.4150,"-7.30900 0.90000 -2.93800, 6.25000 0.10000 5.45000"
494,0.0000,Tx-Rx,0,-75.9904,"-7.30900 0.90000 -2.93800, 5.95000 0.10000 5.45000"
495,0.0000,Tx-Rx,0,-72.7044,"-7.30900 0.90000 -2.93800, 5.65000 0.10000 5.45000"
496,0.0000,Tx-Rx,0,-72.9182,"-7.30900 0.90000 -2.93800, 5.35000 0.10000 5.45000"
497,0.0000,Tx-Rx,0,-72.8549,"-7.30900 0.90000 -2.93800, 5.05000 0.10000 5.45000"
498,0.0000,Tx-Rx,0,-70.7595,"-7.30900 0.90000 -2.93800, 4.75000 0.10000 5.45000"
499,0.0000,Tx-Rx,0,-70.8727,"-7.30900 0.90000 -2.93800, 4.45000 0.10000 5.45000"
500,0.0000,Tx-Rx,0,-72.1120,"-7.30900 0.90000 -2.93800, 4.15000 0.10000 5.45000"
501,0.0000,Tx-Rx,0,-72.7691,"-7.30900 0.90000 -2.93800, 3.85000 0.10000 5.45000"
502,0.0000,Tx-Rx,0,-72.7380,"-7.30900 0.90000 -2.93800, 3.55000 0.10000 5.45000"
503,0.0000,Tx-Rx,0,-72.7693,"-7.30900 0.90000 -2.93800, 3.25000 0.10000 5.45000"
504,0.0000,Tx-Rx,0,-74.3551,"-7.30900 0.90000 -2.93800, 2.95000 0.10000 5.45000"
505,0.0000,Tx-Rx,0,-77.2984,"-7.30900 0.90000 -2.93800, 2.65000 0.10000 5.45000"
506,0.0000,Tx-Rx,0,-76.0397,"-7.30900 0.90000 -2.93800, 2.35000 0.10000 5.45000"
507,0.0000,Tx-Rx,0,-74.0636,"-7.30900 0.90000 -2.93800, 2.05000 0.10000 5.45000"
508,0.0000,Tx-Rx,0,-75.8821,"-7.30900 0.90000 -2.93800, 1.75000 0.10000 5.45000"
509,0.0000,Tx-Rx,0,-76.3286,"-7.30900 0.90000 -2.93800, 1.45000 0.10000 5.45000"
510,0.0000,Tx-Rx,0,-77.4166,"-7.30900 0.90000 -2.93800, 1.15000 0.10000 5.45000"
511,0.0000,Tx-Rx,0,-77.6347,"-7.30900 0.90000 -2.93800, 0.85000 0.10000 5.45000"
512,0.0000,Tx-Rx,0,-77.9433,"-7.30900 0.90000 -2.93800, 0.55000 0.10000 5.45000"
513,0.0000,Tx-Rx,0,-77.3268,"-7.30900 0.90000 -2.93800, 0.25000 0.10000 5.45000"
514,0.0000,Tx-Rx,0,-68.4986,"-7.30900 0.90000 -2.93800, -0.05000 0.10000 5.45000"
515,0.0000,Tx-Rx,0,-66.9499,"-7.30900 0.90000 -2.93800, -0.35000 0.10000 5.45000"
516,0.0000,Tx-Rx,0,-65.0410,"-7.30900 0.90000 -2.93800, -0.65000 0.10000 5.45000"
517,0.0000,Tx-Rx,0,-64.7817,"-7.30900 0.90000 -2.93800, -0.95000 0.10000 5.45000"
518,0.0000,Tx-Rx,0,-64.0454,"-7.30900 0.90000 -2.93800, -1.25000 0.10000 5.45000"
519,0.0000,Tx-Rx,0,-63.6898,"-7.30900 0.90000 -2.93800, -1.55000 0.10000 5.45000"
520,0.0000,Tx-Rx,0,-63.2291,"-7.30900 0.90000 -2.93800, -1.85000 0.10000 5.45000"
521,0.0000,Tx-Rx,0,-62.1077,"-7.30900 0.90000 -2.93800, -2.15000 0.10000 5.45000"
522,0.0000,Tx-Rx,0,-64.4576,"-7.30900 0.90000 -2.93800, -2.45000 0.10000 5.45000"
523,0.0000,Tx-Rx,0,-65.0932,"-7.30900 0.90000 -2.93800, -2.75000 0.10000 5.45000"
524,0.0000,Tx-Rx,0,-65.2006,"-7.30900 0.90000 -2.93800, -3.05000 0.10000 5.45000"
525,0.0000,Tx-Rx,0,-66.0839,"-7.30900 0.90000 -2.93800, -3.35000 0.10000 5.45000"
526,0.0000,Tx-Rx,0,-66.3937,"-7.30900 0.90000 -2.93800, -3.65000 0.10000 5.45000"
527,0.0000,Tx-Rx,0,-65.6439,"-7.30900 0.90000 -2.93800, -3.95000 0.10000 5.45000"
528,0.0000,Tx-Rx,0,-63.5540,"-7.30900 0.90000 -2.93800, -4.25000 0.10000 5.45000"
529,0.0000,Tx-Rx,0,-63.4185,"-7.30900 0.90000 -2.93800, -4.55000 0.10000 5.45000"
530,0.0000,Tx-Rx,0,-65.6643,"-7.30900 0.90000 -2.93800, -4.85000 0.10000 5.45000"
531,0.0000,Tx-Rx,0,-63.1724,"-7.30900 0.90000 -2.93800, -5.15000 0.10000 5.45000"
532,0.0000,Tx-Rx,0,-60.3153,"-7.30900 0.90000 -2.93800, -5.45000 0.10000 5.45000"
533,0.0000,Tx-Rx,0,-56.2287,"-7.30900 0.90000 -2.93800, -5.75000 0.10000 5.45000"
534,0.0000,Tx-Rx,0,-55.7900,"-7.30900 0.90000 -2.93800, -6.05000 0.10000 5.45000"
535,0.0000,Tx-Rx,0,-54.4594,"-7.30900 0.90000 -2.93800, -6.35000 0.10000 5.45000"
536,0.0000,Tx-Rx,0,-54.1164,"-7.30900 0.90000 -2.93800, -6.65000 0.10000 5.45000"
537,0.0000,Tx-Rx,0,-57.6981,"-7.30900 0.90000 -2.93800, -6.95000 0.10000 5.45000"
538,0.0000,Tx-Rx,0,-58.3356,"-7.30900 0.90000 -2.93800, -7.25000 0.10000 5.45000"
539,0.0000,Tx-Rx,0,-58.0922,"-7.30900 0.90000 -2.93800, -7.55000 0.10000 5.45000"
540,0.0000,Tx-Rx,0,-58.0008,"-7.30900 0.90000 -2.93800, -7.85000 0.10000 5.45000"
541,0.0000,Tx-Rx,0,-94.5604,"-7.30900 0.90000 -2.93800, 9.85000 0.10000 5.15000"
542,0.0000,Tx-Rx,0,-97.7850,"-7.30900 0.90000 -2.93800, 9.55000 0.10000 5.15000"
543,0.0000,Tx-Rx,0,-110.1492,"-7.30900 0.90000 -2.93800, 9.25000 0.10000 5.15000"
544,0.0000,Tx-Rx,0,-120.0000,"-7.30900 0.90000 -2.93800, 8.95000 0.10000 5.15000"
545,0.0000,Tx-Rx,0,-98.8905,"-7.30900 0.90000 -2.93800, 8.65000 0.10000 5.15000"
546,0.0000,Tx-Rx,0,-114.8742,"-7.30900 0.90000 -2.93800, 8.35000 0.10000 5.15000"
547,0.0000,Tx-Rx,0,-82.6469,"-7.30900 0.90000 -2.93800, 8.05000 0.10000 5.15000"
548,0.0000,Tx-Rx,0,-79.9780,"-7.30900 0.90000 -2.93800, 7.75000 0.10000 5.15000"
549,0.0000,Tx-Rx,0,-82.6824,"-7.30900 0.90000 -2.93800, 7.45000 0.10000 5.15000"
550,0.0000,Tx-Rx,0,-80.9392,"-7.30900 0.90000 -2.93800, 7.15000 0.10000 5.15000"
551,0.0000,Tx-Rx,0,-80.3201,"-7.30900 0.90000 -2.93800, 6.85000 0.10000 5.15000"
552,0.0000,Tx-Rx,0,-79.0194,"-7.30900 0.90000 -2.93800, 6.55000 0.10000 5.15000"
553,0.0000,Tx-Rx,0,-74.7161,"-7.30900 0.90000 -2.93800, 6.25000 0.10000 5.15000"
554,0.0000,Tx-Rx,0,-75.5010,"-7.30900 0.90000 -2.93800, 5.95000 0.10000 5.15000"
555,0.0000,Tx-Rx,0,-76.9085,"-7.30900 0.90000 -2.93800, 5.65000 0.10000 5.15000"
556,0.0000,Tx-Rx,0,-74.0133,"-7.30900 0.90000 -2.93800, 5.35000 0.10000 5.15000"
557,0.0000,Tx-Rx,0,-73.2239,"-7.30900 0.90000 -2.93800, 5.05000 0.10000 5.15000"
558,0.0000,Tx-Rx,0,-71.6981,"-7.30900 0.90000 -2.93800, 4.75000 0.10000 5.15000"
559,0.0000,Tx-Rx,0,-71.4300,"-7.30900 0.90000 -2.93800, 4.45000 0.10000 5.15000"
560,0.0000,Tx-Rx,0,-71.2750,"-7.30900 0.90000 -2.93800, 4.15000 0.10000 5.15000"
561,0.0000,Tx-Rx,0,-72.6223,"-7.30900 0.90000 -2.93800, 3.85000 0.10000 5.15000"
562,0.0000,Tx-Rx,0,-73.1848,"-7.30900 0.90000 -2.93800, 3.55000 0.10000 5.15000"
563,0.0000,Tx-Rx,0,-72.5008,"-7.30900 0.90000 -2.93800, 3.25000 0.10000 5.15000"
564,0.0000,Tx-Rx,0,-72.3837,"-7.30900 0.90000 -2.93800, 2.95000 0.10000 5.15000"
565,0.0000,Tx-Rx,0,-74.0739,"-7.30900 0.90000 -2.93800, 2.65000 0.10000 5.15000"
566,0.0000,Tx-Rx,0,-71.8477,"-7.30900 0.90000 -2.93800, 2.35000 0.10000 5.15000"
567,0.0000,Tx-Rx,0,-73.5942,"-7.30900 0.90000 -2.93800, 2.05000 0.10000 5.15000"
568,0.0000,Tx-Rx,0,-73.2720,"-7.30900 0.90000 -2.93800, 1.75000 0.10000 5.15000"
569,0.0000,Tx-Rx,0,-76.8832,"-7.30900 0.90000 -2.93800, 1.45000 0.10000 5.15000"
570,0.0000,Tx-Rx,0,-77.4279,"-7.30900 0.90000 -2.93800, 1.15000 0.10000 5.15000"
571,0.0000,Tx-Rx,0,-76.7385,"-7.30900 0.90000 -2.93800, 0.85000 0.10000 5.15000"
572,0.0000,Tx-Rx,0,-75.2155,"-7.30900 0.90000 -2.93800, 0.55000 0.10000 5.15000"
573,0.0000,Tx-Rx,0,-75.0506,"-7.30900 0.90000 -2.93800, 0.25000 0.10000 5.15000"
574,0.0000,Tx-Rx,0,-68.0802,"-7.30900 0.90000 -2.93800, -0.05000 0.10000 5.15000"
575,0.0000,Tx-Rx,0,-64.8156,"-7.30900 0.90000 -2.93800, -0.35000 0.10000 5.15000"
576,0.0000,Tx-Rx,0,-64.8679,"-7.30900 0.90000 -2.93800, -0.65000 0.10000 5.15000"
577,0.0000,Tx-Rx,0,-64.8506,"-7.30900 0.90000 -2.93800, -0.95000 0.10000 5.15000"
578,0.0000,Tx-Rx,0,-63.6473,"-7.30900 0.90000 -2.93800, -1.25000 0.10000 5.15000"
579,0.0000,Tx-Rx,0,-62.5875,"-7.30900 0.90000 -2.93800, -1.55000 0.10000 5.15000"
580,0.0000,Tx-Rx,0,-62.3325,"-7.30900 0.90000 -2.93800, -1.85000 0.10000 5.15000"
581,0.0000,Tx-Rx,0,-65.2802,"-7.30900 0.90000 -2.93800, -2.15000 0.10000 5.15000"
582,0.0000,Tx-Rx,0,-66.4884,"-7.30900 0.90000 -2.93800, -2.45000 0.10000 5.15000"
583,0.0000,Tx-Rx,0,-66.7635,"-7.30900 0.90000 -2.93800, -2.75000 0.10000 5.15000"
584,0.0000,Tx-Rx,0,-68.1001,"-7.30900 0.90000 -2.93800, -3.05000 0.10000 5.15000"
585,0.0000,Tx-Rx,0,-69.4888,"-7.30900 0.90000 -2.93800, -3.35000 0.10000 5.15000"
586,0.0000,Tx-Rx,0,-69.7908,"-7.30900 0.90000 -2.93800, -3.65000 0.10000 5.15000"
587,0.0000,Tx-Rx,0,-66.8487,"-7.30900 0.90000 -2.93800, -3.95000 0.10000 5.15000"
588,0.0000,Tx-Rx,0,-64.0935,"-7.30900 0.90000 -2.93800, -4.25000 0.10000 5.15000"
589,0.0000,Tx-Rx,0,-64.3052,"-7.30900 0.90000 -2.93800, -4.55000 0.10000 5.15000"
590,0.0000,Tx-Rx,0,-66.9038,"-7.30900 0.90000 -2.93800, -4.85000 0.10000 5.15000"
591,0.0000,Tx-Rx,0,-62.0372,"-7.30900 0.90000 -2.93800, -5.15000 0.10000 5.15000"
592,0.0000,Tx-Rx,0,-61.5723,"-7.30900 0.90000 -2.93800, -5.45000 0.10000 5.15000"
593,0.0000,Tx-Rx,0,-57.3829,"-7.30900 0.90000 -2.93800, -5.75000 0.10000 5.15000"
594,0.0000,Tx-Rx,0,-54.6751,"-7.30900 0.90000 -2.93800, -6.05000 0.10000 5.15000"
595,0.0000,Tx-Rx,0,-54.3296,"-7.30900 0.90000 -2.93800, -6.35000 0.10000 5.15000"
596,0.0000,Tx-Rx,0,-54.3343,"-7.30900 0.90000 -2.93800, -6.65000 0.10000 5.15000"
597,0.0000,Tx-Rx,0,-58.7109,"-7.30900 0.90000 -2.93800, -6.95000 0.10000 5.15000"
598,0.0000,Tx-Rx,0,-58.5930,"-7.30900 0.90000 -2.93800, -7.25000 0.10000 5.15000"
599,0.0000,Tx-Rx,0,-58.4245,"-7.30900 0.90000 -2.93800, -7.55000 0.10000 5.15000"
600,0.0000,Tx-Rx,0,-58.1078,"-7.30900 0.90000 -2.93800, -7.85000 0.10000 5.15000"
601,0.0000,Tx-Rx,0,-105.6949,"-7.30900 0.90000 -2.93800, 9.85000 0.10000 4.85000"
602,0.0000,Tx-Rx,0,-99.9343,"-7.30900 0.90000 -2.93800, 9.55000 0.10000 4.85000"
603,0.0000,Tx-Rx,0,-88.1847,"-7.30900 0.90000 -2.93800, 9.25000 0.10000 4.85000"
604,0.0000,Tx-Rx,0,-120.0000,"-7.30900 0.90000 -2.93800, 8.95000 0.10000 4.85000"
605,0.0000,Tx-Rx,0,-114.1649,"-7.30900 0.90000 -2.93800, 8.65000 0.10000 4.85000"
606,0.0000,Tx-Rx,0,-94.9960,"-7.30900 0.90000 -2.93800, 8.35000 0.10000 4.85000"
607,0.0000,Tx-Rx,0,-81.5600,"-7.30900 0.90000 -2.93800, 8.05000 0.10000 4.85000"
608,0.0000,Tx-Rx,0,-77.6805,"-7.30900 0.90000 -2.93800, 7.75000 0.10000 4.85000"
609,0.0000,Tx-Rx,0,-78.8686,"-7.30900 0.90000 -2.93800, 7.45000 0.10000 4.85000"
610,0.0000,Tx-Rx,0,-81.1076,"-7.30900 0.90000 -2.93800, 7.15000 0.10000 4.85000"
611,0.0000,Tx-Rx,0,-75.9614,"-7.30900 0.90000 -2.93800, 6.85000 0.10000 4.85000"
612,0.0000,Tx-Rx,0,-74.6340,"-7.30900 0.90000 -2.93800, 6.55000 0.10000 4.85000"
613,0.0000,Tx-Rx,0,-75.4230,"-7.30900 0.90000 -2.93800, 6.25000 0.10000 4.85000"
614,0.0000,Tx-Rx,0,-77.1400,"-7.30900 0.90000 -2.93800, 5.95000 0.10000 4.85000"
615,0.0000,Tx-Rx,0,-78.5692,"-7.30900 0.90000 -2.93800, 5.65000 0.10000 4.85000"
616,0.0000,Tx-Rx,0,-75.9994,"-7.30900 0.90000 -2.93800, 5.35000 0.10000 4.85000"
617,0.0000,Tx-Rx,0,-73.0694,"-7.30900 0.90000 -2.93800, 5.05000 0.10000 4.85000"
618,0.0000,Tx-Rx,0,-73.6963,"-7.30900 0.90000 -2.93800, 4.75000 0.10000 4.85000"
619,0.0000,Tx-Rx,0,-73.1028,"-7.30900 0.90000 -2.93800, 4.45000 0.10000 4.85000"
620,0.0000,Tx-Rx,0,-72.4956,"-7.30900 0.90000 -2.93800, 4.15000 0.10000 4.85000"
621,0.0000,Tx-Rx,0,-72.3868,"-7.30900 0.90000 -2.93800, 3.85000 0.10000 4.85000"
622,0.0000,Tx-Rx,0,-71.8304,"-7.30900 0.90000 -2.93800, 3.55000 0.10000 4.85000"
623,0.0000,Tx-Rx,0,-72.1865,"-7.30900 0.90000 -2.93800, 3.25000 0.10000 4.85000"
624,0.0000,Tx-Rx,0,-71.1564,"-7.30900 0.90000 -2.93800, 2.95000 0.10000 4.85000"
625,0.0000,Tx-Rx,0,-71.8813,"-7.30900 0.90000 -2.93800, 2.65000 0.10000 4.85000"
626,0.0000,Tx-Rx,0,-73.0902,"-7.30900 0.90000 -2.93800, 2.35000 0.10000 4.85000"
627,0.0000,Tx-Rx,0,-73.1154,"-7.30900 0.90000 -2.93800, 2.05000 0.10000 4.85000"
628,0.0000,Tx-Rx,0,-72.4328,"-7.30900 0.90000 -2.93800, 1.75000 0.10000 4.85000"
629,0.0000,Tx-Rx,0,-73.8145,"-7.30900 0.90000 -2.93800, 1.45000 0.10000 4.85000"
630,0.0000,Tx-Rx,0,-74.2177,"-7.30900 0.90000 -2.93800, 1.15000 0.10000 4.85000"
631,0.0000,Tx-Rx,0,-75.6424,"-7.30900 0.90000 -2.93800, 0.85000 0.10000 4.85000"
632,0.0000,Tx-Rx,0,-75.1338,"-7.30900 0.90000 -2.93800, 0.55000 0.10000 4.85000"
633,0.0000,Tx-Rx,0,-74.5570,"-7.30900 0.90000 -2.93800, 0.25000 0.10000 4.85000"
634,0.0000,Tx-Rx,0,-64.0914,"-7.30900 0.90000 -2.93800, -0.05000 0.10000 4.85000"
635,0.0000,Tx-Rx,0,-64.5558,"-7.30900 0.90000 -2.93800, -0.35000 0.10000 4.85000"
636,0.0000,Tx-Rx,0,-64.5633,"-7.30900 0.90000 -2.93800, -0.65000 0.10000 4.85000"
637,0.0000,Tx-Rx,0,-63.6281,"-7.30900 0.90000 -2.93800, -0.95000 0.10000 4.85000"
638,0.0000,Tx-Rx,0,-62.0003,"-7.30900 0.90000 -2.93800, -1.25000 0.10000 4.85000"
639,0.0000,Tx-Rx,0,-62.2112,"-7.30900 0.90000 -2.93800, -1.55000 0.10000 4.85000"
640,0.0000,Tx-Rx,0,-64.6021,"-7.30900 0.90000 -2.93800, -1.85000 0.10000 4.85000"
641,0.0000,Tx-Rx,0,-65.9689,"-7.30900 0.90000 -2.93800, -2.15000 0.10000 4.85000"
642,0.0000,Tx-Rx,0,-66.9808,"-7.30900 0.90000 -2.93800, -2.45000 0.10000 4.85000"
643,0.0000,Tx-Rx,0,-69.3725,"-7.30900 0.90000 -2.93800, -2.75000 0.10000 4.85000"
644,0.0000,Tx-Rx,0,-71.2476,"-7.30900 0.90000 -2.93800, -3.05000 0.10000 4.85000"
645,0.0000,Tx-Rx,0,-71.1323,"-7.30900 0.90000 -2.93800, -3.35000 0.10000 4.85000"
646,0.0000,Tx-Rx,0,-68.5514,"-7.30900 0.90000 -2.93800, -3.65000 0.10000 4.85000"
647,0.0000,Tx-Rx,0,-66.7336,"-7.30900 0.90000 -2.93800, -3.95000 0.10000 4.85000"
648,0.0000,Tx-Rx,0,-67.0262,"-7.30900 0.90000 -2.93800, -4.25000 0.10000 4.85000"
649,0.0000,Tx-Rx,0,-64.5442,"-7.30900 0.90000 -2.93800, -4.55000 0.10000 4.85000"
650,0.0000,Tx-Rx,0,-69.5421,"-7.30900 0.90000 -2.93800, -4.85000 0.10000 4.85000"
651,0.0000,Tx-Rx,0,-62.4230,"-7.30900 0.90000 -2.93800, -5.15000 0.10000 4.85000"
652,0.0000,Tx-Rx,0,-61.1100,"-7.30900 0.90000 -2.93800, -5.45000 0.10000 4.85000"
653,0.0000,Tx-Rx,0,-57.8267,"-7.30900 0.90000 -2.93800, -5.75000 0.10000 4.85000"
654,0.0000,Tx-Rx,0,-53.9419,"-7.30900 0.90000 -2.93800, -6.05000 0.10000 4.85000"
655,0.0000,Tx-Rx,0,-53.7192,"-7.30900 0.90000 -2.93800, -6.35000 0.10000 4.85000"
656,0.0000,Tx-Rx,0,-55.2143,"-7.30900 0.90000 -2.93800, -6.65000 0.10000 4.85000"
657,0.0000,Tx-Rx,0,-58.9079,"-7.30900 0.90000 -2.93800, -6.95000 0.10000 4.85000"
658,0.0000,Tx-Rx,0,-58.6021,"-7.30900 0.90000 -2.93800, -7.25000 0.10000 4.85000"
659,0.0000,Tx-Rx,0,-58.4234,"-7.30900 0.90000 -2.93800, -7.55000 0.10000 4.85000"
660,0.0000,Tx-Rx,0,-58.1709,"-7.30900 0.90000 -2.93800, -7.85000 0.10000 4.85000"
661,0.0000,Tx-Rx,0,-100.7420,"-7.30900 0.90000 -2.93800, 9.85000 0.10000 4.55000"
662,0.0000,Tx-Rx,0,-93.7130,"-7.30900 0.90000 -2.93800, 9.55000 0.10000 4.55000"
663,0.0000,Tx-Rx,0,-104.0638,"-7.30900 0.90000 -2.93800, 9.25000 0.10000 4.55000"
664,0.0000,Tx-Rx,0,-98.0788,"-7.30900 0.90000 -2.93800, 8.95000 0.10000 4.55000"
665,0.0000,Tx-Rx,0,-95.2654,"-7.30900 0.90000 -2.93800, 8.65000 0.10000 4.55000"
666,0.0000,Tx-Rx,0,-112.1462,"-7.30900 0.90000 -2.93800, 8.35000 0.10000 4.55000"
667,0.0000,Tx-Rx,0,-86.5710,"-7.30900 0.90000 -2.93800, 8.05000 0.10000 4.55000"
668,0.0000,Tx-Rx,0,-82.2735,"-7.30900 0.90000 -2.93800, 7.75000 0.10000 4.55000"
669,0.0000,Tx-Rx,0,-75.5034,"-7.30900 0.90000 -2.93800, 7.45000 0.10000 4.55000"
670,0.0000,Tx-Rx,0,-73.3964,"-7.30900 0.90000 -2.93800, 7.15000 0.10000 4.55000"
671,0.0000,Tx-Rx,0,-75.2236,"-7.30900 0.90000 -2.93800, 6.85000 0.10000 4.55000"
672,0.0000,Tx-Rx,0,-75.8992,"-7.30900 0.90000 -2.93800, 6.55000 0.10000 4.55000"
673,0.0000,Tx-Rx,0,-75.8187,"-7.30900 0.90000 -2.93800, 6.25000 0.10000 4.55000"
674,0.0000,Tx-Rx,0,-77.1624,"-7.30900 0.90000 -2.93800, 5.95000 0.10000 4.55000"
675,0.0000,Tx-Rx,0,-78.9021,"-7.30900 0.90000 -2.93800, 5.65000 0.10000 4.55000"
676,0.0000,Tx-Rx,0,-76.4357,"-7.30900 0.90000 -2.93800, 5.35000 0.10000 4.55000"
677,0.0000,Tx-Rx,0,-74.0502,"-7.30900 0.90000 -2.93800, 5.05000 0.10000 4.55000"
678,0.0000,Tx-Rx,0,-74.7607,"-7.30900 0.90000 -2.93800, 4.75000 0.10000 4.55000"
679,0.0000,Tx-Rx,0,-72.9282,"-7.30900 0.90000 -2.93800, 4.45000 0.10000 4.55000"
680,0.0000,Tx-Rx,0,-72.3276,"-7.30900 0.90000 -2.93800, 4.15000 0.10000 4.55000"
681,0.0000,Tx-Rx,0,-71.8934,"-7.30900 0.90000 -2.93800, 3.85000 0.10000 4.55000"
682,0.0000,Tx-Rx,0,-72.8843,"-7.30900 0.90000 -2.93800, 3.55000 0.10000 4.55000"
683,0.0000,Tx-Rx,0,-72.0220,"-7.30900 0.90000 -2.93800, 3.25000 0.10000 4.55000"
684,0.0000,Tx-Rx,0,-70.6491,"-7.30900 0.90000 -2.93800, 2.95000 0.10000 4.55000"
685,0.0000,Tx-Rx,0,-71.3537,"-7.30900 0.90000 -2.93800, 2.65000 0.10000 4.55000"
686,0.0000,Tx-Rx,0,-72.6719,"-7.30900 0.90000 -2.93800, 2.35000 0.10000 4.55000"
687,0.0000,Tx-Rx,0,-73.2617,"-7.30900 0.90000 -2.93800, 2.05000 0.10000 4.55000"
688,0.0000,Tx-Rx,0,-73.0859,"-7.30900 0.90000 -2.93800, 1.75000 0.10000 4.55000"
689,0.0000,Tx-Rx,0,-71.2068,"-7.30900 0.90000 -2.93800, 1.45000 0.10000 4.55000"
690,0.0000,Tx-Rx,0,-73.2580,"-7.30900 0.90000 -2.93800, 1.15000 0.10000 4.55000"
691,0.0000,Tx-Rx,0,-72.7800,"-7.30900 0.90000 -2.93800, 0.85000 0.10000 4.55000"
692,0.0000,Tx-Rx,0,-74.1064,"-7.30900 0.90000 -2.93800, 0.55000 0.10000 4.55000"
693,0.0000,Tx-Rx,0,-73.4408,"-7.30900 0.90000 -2.93800, 0.25000 0.10000 4.55000"
694,0.0000,Tx-Rx,0,-60.0514,"-7.30900 0.90000 -2.93800, -0.05000 0.10000 4.55000"
695,0.0000,Tx-Rx,0,-60.9330,"-7.30900 0.90000 -2.93800, -0.35000 0.10000 4.55000"
696,0.0000,Tx-Rx,0,-63.6156,"-7.30900 0.90000 -2.93800, -0.65000 0.10000 4.55000"
697,0.0000,Tx-Rx,0,-61.6598,"-7.30900 0.90000 -2.93800, -0.95000 0.10000 4.55000"
698,0.0000,Tx-Rx,0,-62.0417,"-7.30900 0.90000 -2.93800, -1.25000 0.10000 4.55000"
699,0.0000,Tx-Rx,0,-64.5032,"-7.30900 0.90000 -2.93800, -1.55000 0.10000 4.55000"
700,0.0000,Tx-Rx,0,-64.3351,"-7.30900 0.90000 -2.93800, -1.85000 0.10000 4.55000"
701,0.0000,Tx-Rx,0,-65.2948,"-7.30900 0.90000 -2.93800, -2.15000 0.10000 4.55000"
702,0.0000,Tx-Rx,0,-67.7729,"-7.30900 0.90000 -2.93800, -2.45000 0.10000 4.55000"
703,0.0000,Tx-Rx,0,-69.0238,"-7.30900 0.90000 -2.93800, -2.75000 0.10000 4.55000"
704,0.0000,Tx-Rx,0,-68.3424,"-7.30900 0.90000 -2.93800, -3.05000 0.10000 4.55000"
705,0.0000,Tx-Rx,0,-66.4515,"-7.30900 0.90000 -2.93800, -3.35000 0.10000 4.55000"
706,0.0000,Tx-Rx,0,-66.3254,"-7.30900 0.90000 -2.93800, -3.65000 0.10000 4.55000"
707,0.0000,Tx-Rx,0,-66.0745,"-7.30900 0.90000 -2.93800, -3.95000 0.10000 4.55000"
708,0.0000,Tx-Rx,0,-69.2897,"-7.30900 0.90000 -2.93800, -4.25000 0.10000 4.55000"
709,0.0000,Tx-Rx,0,-64.4540,"-7.30900 0.90000 -2.93800, -4.55000 0.10000 4.55000"
710,0.0000,Tx-Rx,0,-65.2198,"-7.30900 0.90000 -2.93800, -4.85000 0.10000 4.55000"
711,0.0000,Tx-Rx,0,-63.6565,"-7.30900 0.90000 -2.93800, -5.15000 0.10000 4.55000"
712,0.0000,Tx-Rx,0,-61.6992,"-7.30900 0.90000 -2.93800, -5.45000 0.10000 4.55000"
713,0.0000,Tx-Rx,0,-58.0116,"-7.30900 0.90000 -2.93800, -5.75000 0.10000 4.55000"
714,0.0000,Tx-Rx,0,-53.1074,"-7.30900 0.90000 -2.93800, -6.05000 0.10000 4.55000"
715,0.0000,Tx-Rx,0,-53.3947,"-7.30900 0.90000 -2.93800, -6.35000 0.10000 4.55000"
716,0.0000,Tx-Rx,0,-56.3175,"-7.30900 0.90000 -2.93800, -6.65000 0.10000 4.55000"
717,0.0000,Tx-Rx,0,-59.1884,"-7.30900 0.90000 -2.93800, -6.95000 0.10000 4.55000"
718,0.0000,Tx-Rx,0,-59.0073,"-7.30900 0.90000 -2.93800, -7.25000 0.10000 4.55000"
719,0.0000,Tx-Rx,0,-58.6900,"-7.30900 0.90000 -2.93800, -7.55000 0.10000 4.55000"
720,0.0000,Tx-Rx,0,-58.3322,"-7.30900 0.90000 -2.93800, -7.85000 0.10000 4.55000"
721,0.0000,Tx-Rx,0,-100.8448,"-7.30900 0.90000 -2.93800, 9.85000 0.10000 4.25000"
722,0.0000,Tx-Rx,0,-101.5863,"-7.30900 0.90000 -2.93800, 9.55000 0.10000 4.25000"
723,0.0000,Tx-Rx,0,-103.2514,"-7.30900 0.90000 -2.93800, 9.25000 0.10000 4.25000"
724,0.0000,Tx-Rx,0,-94.8322,"-7.30900 0.90000 -2.93800, 8.95000 0.10000 4.25000"
725,0.0000,Tx-Rx,0,-104.1571,"-7.30900 0.90000 -2.93800, 8.65000 0.10000 4.25000"
726,0.0000,Tx-Rx,0,-92.2153,"-7.30900 0.90000 -2.93800, 8.35000 0.10000 4.25000"
727,0.0000,Tx-Rx,0,-80.6799,"-7.30900 0.90000 -2.93800, 8.05000 0.10000 4.25000"
728,0.0000,Tx-Rx,0,-74.5777,"-7.30900 0.90000 -2.93800, 7.75000 0.10000 4.25000"
729,0.0000,Tx-Rx,0,-75.0914,"-7.30900 0.90000 -2.93800, 7.45000 0.10000 4.25000"
730,0.0000,Tx-Rx,0,-77.5486,"-7.30900 0.90000 -2.93800, 7.15000 0.10000 4.25000"
731,0.0000,Tx-Rx,0,-76.9976,"-7.30900 0.90000 -2.93800, 6.85000 0.10000 4.25000"
732,0.0000,Tx-Rx,0,-77.1588,"-7.30900 0.90000 -2.93800, 6.55000 0.10000 4.25000"
733,0.0000,Tx-Rx,0,-76.0244,"-7.30900 0.90000 -2.93800, 6.25000 0.10000 4.25000"
734,0.0000,Tx-Rx,0,-74.0558,"-7.30900 0.90000 -2.93800, 5.95000 0.10000 4.25000"
735,0.0000,Tx-Rx,0,-75.6451,"-7.30900 0.90000 -2.93800, 5.65000 0.10000 4.25000"
736,0.0000,Tx-Rx,0,-76.5401,"-7.30900 0.90000 -2.93800, 5.35000 0.10000 4.25000"
737,0.0000,Tx-Rx,0,-78.0932,"-7.30900 0.90000 -2.93800, 5.05000 0.10000 4.25000"
738,0.0000,Tx-Rx,0,-73.9496,"-7.30900 0.90000 -2.93800, 4.75000 0.10000 4.25000"
739,0.0000,Tx-Rx,0,-72.9919,"-7.30900 0.90000 -2.93800, 4.45000 0.10000 4.25000"
740,0.0000,Tx-Rx,0,-71.8699,"-7.30900 0.90000 -2.93800, 4.15000 0.10000 4.25000"
741,0.0000,Tx-Rx,0,-71.3025,"-7.30900 0.90000 -2.93800, 3.85000 0.10000 4.25000"
742,0.0000,Tx-Rx,0,-71.4418,"-7.30900 0.90000 -2.93800, 3.55000 0.10000 4.25000"
743,0.0000,Tx-Rx,0,-71.0332,"-7.30900 0.90000 -2.93800, 3.25000 0.10000 4.25000"
744,0.0000,Tx-Rx,0,-71.1554,"-7.30900 0.90000 -2.93800, 2.95000 0.10000 4.25000"
745,0.0000,Tx-Rx,0,-70.7528,"-7.30900 0.90000 -2.93800, 2.65000 0.10000 4.25000"
746,0.0000,Tx-Rx,0,-71.4494,"-7.30900 0.90000 -2.93800, 2.35000 0.10000 4.25000"
747,0.0000,Tx-Rx,0,-72.5669,"-7.30900 0.90000 -2.93800, 2.05000 0.10000 4.25000"
748,0.0000,Tx-Rx,0,-71.9347,"-7.30900 0.90000 -2.93800, 1.75000 0.10000 4.25000"
749,0.0000,Tx-Rx,0,-72.2605,"-7.30900 0.90000 -2.93800, 1.45000 0.10000 4.25000"
750,0.0000,Tx-Rx,0,-73.1747,"-7.30900 0.90000 -2.93800, 1.15000 0.10000 4.25000"
751,0.0000,Tx-Rx,0,-72.5443,"-7.30900 0.90000 -2.93800, 0.85000 0.10000 4.25000"
752,0.0000,Tx-Rx,0,-71.2056,"-7.30900 0.90000 -2.93800, 0.55000 0.10000 4.25000"
753,0.0000,Tx-Rx,0,-69.7666,"-7.30900 0.90000 -2.93800, 0.25000 0.10000 4.25000"
754,0.0000,Tx-Rx,0,-59.6573,"-7.30900 0.90000 -2.93800, -0.05000 0.10000 4.25000"
755,0.0000,Tx-Rx,0,-57.4666,"-7.30900 0.90000 -2.93800, -0.35000 0.10000 4.25000"
756,0.0000,Tx-Rx,0,-60.0712,"-7.30900 0.90000 -2.93800, -0.65000 0.10000 4.25000"
757,0.0000,Tx-Rx,0,-62.2455,"-7.30900 0.90000 -2.93800, -0.95000 0.10000 4.25000"
758,0.0000,Tx-Rx,0,-63.6147,"-7.30900 0.90000 -2.93800, -1.25000 0.10000 4.25000"
759,0.0000,Tx-Rx,0,-64.1544,"-7.30900 0.90000 -2.93800, -1.55000 0.10000 4.25000"
760,0.0000,Tx-Rx,0,-64.0512,"-7.30900 0.90000 -2.93800, -1.85000 0.10000 4.25000"
761,0.0000,Tx-Rx,0,-64.5476,"-7.30900 0.90000 -2.93800, -2.15000 0.10000 4.25000"
762,0.0000,Tx-Rx,0,-66.9292,"-7.30900 0.90000 -2.93800, -2.45000 0.10000 4.25000"
763,0.0000,Tx-Rx,0,-65.9432,"-7.30900 0.90000 -2.93800, -2.75000 0.10000 4.25000"
764,0.0000,Tx-Rx,0,-64.4340,"-7.30900 0.90000 -2.93800, -3.05000 0.10000 4.25000"
765,0.0000,Tx-Rx,0,-64.4366,"-7.30900 0.90000 -2.93800, -3.35000 0.10000 4.25000"
766,0.0000,Tx-Rx,0,-64.6749,"-7.30900 0.90000 -2.93800, -3.65000 0.10000 4.25000"
767,0.0000,Tx-Rx,0,-64.3486,"-7.30900 0.90000 -2.93800, -3.95000 0.10000 4.25000"
768,0.0000,Tx-Rx,0,-66.6187,"-7.30900 0.90000 -2.93800, -4.25000 0.10000 4.25000"
769,0.0000,Tx-Rx,0,-63.5945,"-7.30900 0.90000 -2.93800, -4.55000 0.10000 4.25000"
770,0.0000,Tx-Rx,0,-62.6516,"-7.30900 0.90000 -2.93800, -4.85000 0.10000 4.25000"
771,0.0000,Tx-Rx,0,-66.1843,"-7.30900 0.90000 -2.93800, -5.15000 0.10000 4.25000"
772,0.0000,Tx-Rx,0,-61.7413,"-7.30900 0.90000 -2.93800, -5.45000 0.10000 4.25000"
773,0.0000,Tx-Rx,0,-57.2082,"-7.30900 0.90000 -2.93800, -5.75000 0.10000 4.25000"
774,0.0000,Tx-Rx,0,-52.4513,"-7.30900 0.90000 -2.93800, -6.05000 0.10000 4.25000"
775,0.0000,Tx-Rx,0,-53.0034,"-7.30900 0.90000 -2.93800, -6.35000 0.10000 4.25000"
776,0.0000,Tx-Rx,0,-57.7725,"-7.30900 0.90000 -2.93800, -6.65000 0.10000 4.25000"
777,0.0000,Tx-Rx,0,-58.8414,"-7.30900 0.90000 -2.93800, -6.95000 0.10000 4.25000"
778,0.0000,Tx-Rx,0,-58.7334,"-7.30900 0.90000 -2.93800, -7.25000 0.10000 4.25000"
779,0.0000,Tx-Rx,0,-58.0395,"-7.30900 0.90000 -2.93800, -7.55000 0.10000 4.25000"
780,0.0000,Tx-Rx,0,-58.0352,"-7.30900 0.90000 -2.93800, -7.85000 0.10000 4.25000"
781,0.0000,Tx-Rx,0,-104.4969,"-7.30900 0.90000 -2.93800, 9.85000 0.10000 3.95000"
782,0.0000,Tx-Rx,0,-97.0548,"-7.30900 0.90000 -2.93800, 9.55000 0.10000 3.95000"
783,0.0000,Tx-Rx,0,-94.4339,"-7.30900 0.90000 -2.93800, 9.25000 0.10000 3.95000"
784,0.0000,Tx-Rx,0,-99.9661,"-7.30900 0.90000 -2.93800, 8.95000 0.10000 3.95000"
785,0.0000,Tx-Rx,0,-94.1865,"-7.30900 0.90000 -2.93800, 8.65000 0.10000 3.95000"
786,0.0000,Tx-Rx,0,-97.0345,"-7.30900 0.90000 -2.93800, 8.35000 0.10000 3.95000"
787,0.0000,Tx-Rx,0,-71.8105,"-7.30900 0.90000 -2.93800, 8.05000 0.10000 3.95000"
788,0.0000,Tx-Rx,0,-67.5236,"-7.30900 0.90000 -2.93800, 7.75000 0.10000 3.95000"
789,0.0000,Tx-Rx,0,-73.0872,"-7.30900 0.90000 -2.93800, 7.45000 0.10000 3.95000"
790,0.0000,Tx-Rx,0,-77.3612,"-7.30900 0.90000 -2.93800, 7.15000 0.10000 3.95000"
791,0.0000,Tx-Rx,0,-77.1385,"-7.30900 0.90000 -2.93800, 6.85000 0.10000 3.95000"
792,0.0000,Tx-Rx,0,-77.4282,"-7.30900 0.90000 -2.93800, 6.55000 0.10000 3.95000"
793,0.0000,Tx-Rx,0,-79.1771,"-7.30900 0.90000 -2.93800, 6.25000 0.10000 3.95000"
794,0.0000,Tx-Rx,0,-77.9625,"-7.30900 0.90000 -2.93800, 5.95000 0.10000 3.95000"
795,0.0000,Tx-Rx,0,-75.9484,"-7.30900 0.90000 -2.93800, 5.65000 0.10000 3.95000"
796,0.0000,Tx-Rx,0,-75.6938,"-7.30900 0.90000 -2.93800, 5.35000 0.10000 3.95000"
797,0.0000,Tx-Rx,0,-74.4875,"-7.30900 0.90000 -2.93800, 5.05000 0.10000 3.95000"
798,0.0000,Tx-Rx,0,-73.1836,"-7.30900 0.90000 -2.93800, 4.75000 0.10000 3.95000"
799,0.0000,Tx-Rx,0,-72.4319,"-7.30900 0.90000 -2.93800, 4.45000 0.10000 3.95000"
800,0.0000,Tx-Rx,0,-72.1785,"-7.30900 0.90000 -2.93800, 4.15000 0.10000 3.95000"
801,0.0000,Tx-Rx,0,-71.0010,"-7.30900 0.90000 -2.93800, 3.85000 0.10000 3.95000"
802,0.0000,Tx-Rx,0,-70.8276,"-7.30900 0.90000 -2.93800, 3.55000 0.10000 3.95000"
803,0.0000,Tx-Rx,0,-71.0314,"-7.30900 0.90000 -2.93800, 3.25000 0.10000 3.95000"
804,0.0000,Tx-Rx,0,-70.6542,"-7.30900 0.90000 -2.93800, 2.95000 0.10000 3.95000"
805,0.0000,Tx-Rx,0,-70.1106,"-7.30900 0.90000 -2.93800, 2.65000 0.10000 3.95000"
806,0.0000,Tx-Rx,0,-70.5412,"-7.30900 0.90000 -2.93800, 2.35000 0.10000 3.95000"
807,0.0000,Tx-Rx,0,-72.1915,"-7.30900 0.90000 -2.93800, 2.05000 0.10000 3.95000"
808,0.0000,Tx-Rx,0,-73.3551,"-7.30900 0.90000 -2.93800, 1.75000 0.10000 3.95000"
809,0.0000,Tx-Rx,0,-72.0125,"-7.30900 0.90000 -2.93800, 1.45000 0.10000 3.95000"
810,0.0000,Tx-Rx,0,-71.3562,"-7.30900 0.90000 -2.93800, 1.15000 0.10000 3.95000"
811,0.0000,Tx-Rx,0,-69.7204,"-7.30900 0.90000 -2.93800, 0.85000 0.10000 3.95000"
812,0.0000,Tx-Rx,0,-66.4407,"-7.30900 0.90000 -2.93800, 0.55000 0.10000 3.95000"
813,0.0000,Tx-Rx,0,-67.1470,"-7.30900 0.90000 -2.93800, 0.25000 0.10000 3.95000"
814,0.0000,Tx-Rx,0,-60.1931,"-7.30900 0.90000 -2.93800, -0.05000 0.10000 3.95000"
815,0.0000,Tx-Rx,0,-57.3694,"-7.30900 0.90000 -2.93800, -0.35000 0.10000 3.95000"
816,0.0000,Tx-Rx,0,-57.9492,"-7.30900 0.90000 -2.93800, -0.65000 0.10000 3.95000"
817,0.0000,Tx-Rx,0,-61.4867,"-7.30900 0.90000 -2.93800, -0.95000 0.10000 3.95000"
818,0.0000,Tx-Rx,0,-63.2009,"-7.30900 0.90000 -2.93800, -1.25000 0.10000 3.95000"
819,0.0000,Tx-Rx,0,-62.6395,"-7.30900 0.90000 -2.93800, -1.55000 0.10000 3.95000"
820,0.0000,Tx-Rx,0,-62.5534,"-7.30900 0.90000 -2.93800, -1.85000 0.10000 3.95000"
821,0.0000,Tx-Rx,0,-64.0677,"-7.30900 0.90000 -2.93800, -2.15000 0.10000 3.95000"
822,0.0000,Tx-Rx,0,-63.8185,"-7.30900 0.90000 -2.93800, -2.45000 0.10000 3.95000"
823,0.0000,Tx-Rx,0,-63.2668,"-7.30900 0.90000 -2.93800, -2.75000 0.10000 3.95000"
824,0.0000,Tx-Rx,0,-63.3030,"-7.30900 0.90000 -2.93800, -3.05000 0.10000 3.95000"
825,0.0000,Tx-Rx,0,-63.7887,"-7.30900 0.90000 -2.93800, -3.35000 0.10000 3.95000"
826,0.0000,Tx-Rx,0,-63.4263,"-7.30900 0.90000 -2.93800, -3.65000 0.10000 3.95000"
827,0.0000,Tx-Rx,0,-63.7091,"-7.30900 0.90000 -2.93800, -3.95000 0.10000 3.95000"
828,0.0000,Tx-Rx,0,-64.0196,"-7.30900 0.90000 -2.93800, -4.25000 0.10000 3.95000"
829,0.0000,Tx-Rx,0,-62.4498,"-7.30900 0.90000 -2.93800, -4.55000 0.10000 3.95000"
830,0.0000,Tx-Rx,0,-61.6652,"-7.30900 0.90000 -2.93800, -4.85000 0.10000 3.95000"
831,0.0000,Tx-Rx,0,-62.8376,"-7.30900 0.90000 -2.93800, -5.15000 0.10000 3.95000"
832,0.0000,Tx-Rx,0,-61.1405,"-7.30900 0.90000 -2.93800, -5.45000 0.10000 3.95000"
833,0.0000,Tx-Rx,0,-57.9168,"-7.30900 0.90000 -2.93800, -5.75000 0.10000 3.95000"
834,0.0000,Tx-Rx,0,-51.8991,"-7.30900 0.90000 -2.93800, -6.05000 0.10000 3.95000"
835,0.0000,Tx-Rx,0,-52.9741,"-7.30900 0.90000 -2.93800, -6.35000 0.10000 3.95000"
836,0.0000,Tx-Rx,0,-58.1810,"-7.30900 0.90000 -2.93800, -6.65000 0.10000 3.95000"
837,0.0000,Tx-Rx,0,-58.3140,"-7.30900 0.90000 -2.93800, -6.95000 0.10000 3.95000"
838,0.0000,Tx-Rx,0,-57.7532,"-7.30900 0.90000 -2.93800, -7.25000 0.10000 3.95000"
839,0.0000,Tx-Rx,0,-57.5028,"-7.30900 0.90000 -2.93800, -7.55000 0.10000 3.95000"
840,0.0000,Tx-Rx,0,-57.2252,"-7.30900 0.90000 -2.93800, -7.85000 0.10000 3.95000"
841,0.0000,Tx-Rx,0,-106.7904,"-7.30900 0.90000 -2.93800, 9.85000 0.10000 3.65000"
842,0.0000,Tx-Rx,0,-96.2093,"-7.30900 0.90000 -2.93800, 9.55000 0.10000 3.65000"
843,0.0000,Tx-Rx,0,-98.0035,"-7.30900 0.90000 -2.93800, 9.25000 0.10000 3.65000"
844,0.0000,Tx-Rx,0,-100.2539,"-7.30900 0.90000 -2.93800, 8.95000 0.10000 3.65000"
845,0.0000,Tx-Rx,0,-96.0764,"-7.30900 0.90000 -2.93800, 8.65000 0.10000 3.65000"
846,0.0000,Tx-Rx,0,-99.7795,"-7.30900 0.90000 -2.93800, 8.35000 0.10000 3.65000"
847,0.0000,Tx-Rx,0,-74.5643,"-7.30900 0.90000 -2.93800, 8.05000 0.10000 3.65000"
848,0.0000,Tx-Rx,0,-69.6669,"-7.30900 0.90000 -2.93800, 7.75000 0.10000 3.65000"
849,0.0000,Tx-Rx,0,-67.1159,"-7.30900 0.90000 -2.93800, 7.45000 0.10000 3.65000"
850,0.0000,Tx-Rx,0,-68.2922,"-7.30900 0.90000 -2.93800, 7.15000 0.10000 3.65000"
851,0.0000,Tx-Rx,0,-77.5344,"-7.30900 0.90000 -2.93800, 6.85000 0.10000 3.65000"
852,0.0000,Tx-Rx,0,-78.8717,"-7.30900 0.90000 -2.93800, 6.55000 0.10000 3.65000"
853,0.0000,Tx-Rx,0,-78.2124,"-7.30900 0.90000 -2.93800, 6.25000 0.10000 3.65000"
854,0.0000,Tx-Rx,0,-75.2159,"-7.30900 0.90000 -2.93800, 5.95000 0.10000 3.65000"
855,0.0000,Tx-Rx,0,-76.0908,"-7.30900 0.90000 -2.93800, 5.65000 0.10000 3.65000"
856,0.0000,Tx-Rx,0,-75.5498,"-7.30900 0.90000 -2.93800, 5.35000 0.10000 3.65000"
857,0.0000,Tx-Rx,0,-73.5695,"-7.30900 0.90000 -2.93800, 5.05000 0.10000 3.65000"
858,0.0000,Tx-Rx,0,-74.5978,"-7.30900 0.90000 -2.93800, 4.75000 0.10000 3.65000"
859,0.0000,Tx-Rx,0,-72.0874,"-7.30900 0.90000 -2.93800, 4.45000 0.10000 3.65000"
860,0.0000,Tx-Rx,0,-70.5732,"-7.30900 0.90000 -2.93800, 4.15000 0.10000 3.65000"
861,0.0000,Tx-Rx,0,-69.5543,"-7.30900 0.90000 -2.93800, 3.85000 0.10000 3.65000"
862,0.0000,Tx-Rx,0,-69.0794,"-7.30900 0.90000 -2.93800, 3.55000 0.10000 3.65000"
863,0.0000,Tx-Rx,0,-69.5797,"-7.30900 0.90000 -2.93800, 3.25000 0.10000 3.65000"
864,0.0000,Tx-Rx,0,-70.9282,"-7.30900 0.90000 -2.93800, 2.95000 0.10000 3.65000"
865,0.0000,Tx-Rx,0,-71.3973,"-7.30900 0.90000 -2.93800, 2.65000 0.10000 3.65000"
866,0.0000,Tx-Rx,0,-71.0414,"-7.30900 0.90000 -2.93800, 2.35000 0.10000 3.65000"
867,0.0000,Tx-Rx,0,-71.9423,"-7.30900 0.90000 -2.93800, 2.05000 0.10000 3.65000"
868,0.0000,Tx-Rx,0,-70.3136,"-7.30900 0.90000 -2.93800, 1.75000 0.10000 3.65000"
869,0.0000,Tx-Rx,0,-67.7436,"-7.30900 0.90000 -2.93800, 1.45000 0.10000 3.65000"
870,0.0000,Tx-Rx,0,-68.4665,"-7.30900 0.90000 -2.93800, 1.15000 0.10000 3.65000"
871,0.0000,Tx-Rx,0,-67.8841,"-7.30900 0.90000 -2.93800, 0.85000 0.10000 3.65000"
872,0.0000,Tx-Rx,0,-65.9757,"-7.30900 0.90000 -2.93800, 0.55000 0.10000 3.65000"
873,0.0000,Tx-Rx,0,-66.7112,"-7.30900 0.90000 -2.93800, 0.25000 0.10000 3.65000"
874,0.0000,Tx-Rx,0,-57.9131,"-7.30900 0.90000 -2.93800, -0.05000 0.10000 3.65000"
875,0.0000,Tx-Rx,0,-59.0559,"-7.30900 0.90000 -2.93800, -0.35000 0.10000 3.65000"
876,0.0000,Tx-Rx,0,-58.6168,"-7.30900 0.90000 -2.93800, -0.65000 0.10000 3.65000"
877,0.0000,Tx-Rx,0,-58.3124,"-7.30900 0.90000 -2.93800, -0.95000 0.10000 3.65000"
878,0.0000,Tx-Rx,0,-61.9325,"-7.30900 0.90000 -2.93800, -1.25000 0.10000 3.65000"
879,0.0000,Tx-Rx,0,-64.5588,"-7.30900 0.90000 -2.93800, -1.55000 0.10000 3.65000"
880,0.0000,Tx-Rx,0,-64.0757,"-7.30900 0.90000 -2.93800, -1.85000 0.10000 3.65000"
881,0.0000,Tx-Rx,0,-64.8278,"-7.30900 0.90000 -2.93800, -2.15000 0.10000 3.65000"
882,0.0000,Tx-Rx,0,-64.6774,"-7.30900 0.90000 -2.93800, -2.45000 0.10000 3.65000"
883,0.0000,Tx-Rx,0,-63.8344,"-7.30900 0.90000 -2.93800, -2.75000 0.10000 3.65000"
884,0.0000,Tx-Rx,0,-64.3988,"-7.30900 0.90000 -2.93800, -3.05000 0.10000 3.65000"
885,0.0000,Tx-Rx,0,-65.0798,"-7.30900 0.90000 -2.93800, -3.35000 0.10000 3.65000"
886,0.0000,Tx-Rx,0,-64.9253,"-7.30900 0.90000 -2.93800, -3.65000 0.10000 3.65000"
887,0.0000,Tx-Rx,0,-66.1336,"-7.30900 0.90000 -2.93800, -3.95000 0.10000 3.65000"
888,0.0000,Tx-Rx,0,-65.5302,"-7.30900 0.90000 -2.93800, -4.25000 0.10000 3.65000"
889,0.0000,Tx-Rx,0,-62.6462,"-7.30900 0.90000 -2.93800, -4.55000 0.10000 3.65000"
890,0.0000,Tx-Rx,0,-64.1039,"-7.30900 0.90000 -2.93800, -4.85000 0.10000 3.65000"
891,0.0000,Tx-Rx,0,-62.5245,"-7.30900 0.90000 -2.93800, -5.15000 0.10000 3.65000"
892,0.0000,Tx-Rx,0,-61.0484,"-7.30900 0.90000 -2.93800, -5.45000 0.10000 3.65000"
893,0.0000,Tx-Rx,0,-59.3669,"-7.30900 0.90000 -2.93800, -5.75000 0.10000 3.65000"
894,0.0000,Tx-Rx,0,-51.2377,"-7.30900 0.90000 -2.93800, -6.05000 0.10000 3.65000"
895,0.0000,Tx-Rx,0,-52.9706,"-7.30900 0.90000 -2.93800, -6.35000 0.10000 3.65000"
896,0.0000,Tx-Rx,0,-56.6651,"-7.30900 0.90000 -2.93800, -6.65000 0.10000 3.65000"
897,0.0000,Tx-Rx,0,-56.5579,"-7.30900 0.90000 -2.93800, -6.95000 0.10000 3.65000"
898,0.0000,Tx-Rx,0,-56.5283,"-7.30900 0.90000 -2.93800, -7.25000 0.10000 3.65000"
899,0.0000,Tx-Rx,0,-56.1829,"-7.30900 0.90000 -2.93800, -7.55000 0.10000 3.65000"
900,0.0000,Tx-Rx,0,-55.6835,"-7.30900 0.90000 -2.93800, -7.85000 0.10000 3.65000"
901,0.0000,Tx-Rx,0,-92.1284,"-7.30900 0.90000 -2.93800, 9.85000 0.10000 3.35000"
902,0.0000,Tx-Rx,0,-92.5867,"-7.30900 0.90000 -2.93800, 9.55000 0.10000 3.35000"
903,0.0000,Tx-Rx,0,-99.4024,"-7.30900 0.90000 -2.93800, 9.25000 0.10000 3.35000"
904,0.0000,Tx-Rx,0,-109.0160,"-7.30900 0.90000 -2.93800, 8.95000 0.10000 3.35000"
905,0.0000,Tx-Rx,0,-99.1840,"-7.30900 0.90000 -2.93800, 8.65000 0.10000 3.35000"
906,0.0000,Tx-Rx,0,-94.5811,"-7.30900 0.90000 -2.93800, 8.35000 0.10000 3.35000"
907,0.0000,Tx-Rx,0,-74.2202,"-7.30900 0.90000 -2.93800, 8.05000 0.10000 3.35000"
908,0.0000,Tx-Rx,0,-69.6511,"-7.30900 0.90000 -2.93800, 7.75000 0.10000 3.35000"
909,0.0000,Tx-Rx,0,-68.9687,"-7.30900 0.90000 -2.93800, 7.45000 0.10000 3.35000"
910,0.0000,Tx-Rx,0,-69.1080,"-7.30900 0.90000 -2.93800, 7.15000 0.10000 3.35000"
911,0.0000,Tx-Rx,0,-66.9600,"-7.30900 0.90000 -2.93800, 6.85000 0.10000 3.35000"
912,0.0000,Tx-Rx,0,-69.9774,"-7.30900 0.90000 -2.93800, 6.55000 0.10000 3.35000"
913,0.0000,Tx-Rx,0,-74.3960,"-7.30900 0.90000 -2.93800, 6.25000 0.10000 3.35000"
914,0.0000,Tx-Rx,0,-73.4937,"-7.30900 0.90000 -2.93800, 5.95000 0.10000 3.35000"
915,0.0000,Tx-Rx,0,-74.0266,"-7.30900 0.90000 -2.93800, 5.65000 0.10000 3.35000"
916,0.0000,Tx-Rx,0,-74.1089,"-7.30900 0.90000 -2.93800, 5.35000 0.10000 3.35000"
917,0.0000,Tx-Rx,0,-73.2508,"-7.30900 0.90000 -2.93800, 5.05000 0.10000 3.35000"
918,0.0000,Tx-Rx,0,-72.8270,"-7.30900 0.90000 -2.93800, 4.75000 0.10000 3.35000"
919,0.0000,Tx-Rx,0,-72.3302,"-7.30900 0.90000 -2.93800, 4.45000 0.10000 3.35000"
920,0.0000,Tx-Rx,0,-71.0121,"-7.30900 0.90000 -2.93800, 4.15000 0.10000 3.35000"
921,0.0000,Tx-Rx,0,-70.1474,"-7.30900 0.90000 -2.93800, 3.85000 0.10000 3.35000"
922,0.0000,Tx-Rx,0,-69.1587,"-7.30900 0.90000 -2.93800, 3.55000 0.10000 3.35000"
923,0.0000,Tx-Rx,0,-68.7547,"-7.30900 0.90000 -2.93800, 3.25000 0.10000 3.35000"
924,0.0000,Tx-Rx,0,-69.7133,"-7.30900 0.90000 -2.93800, 2.95000 0.10000 3.35000"
925,0.0000,Tx-Rx,0,-69.6103,"-7.30900 0.90000 -2.93800, 2.65000 0.10000 3.35000"
926,0.0000,Tx-Rx,0,-67.7602,"-7.30900 0.90000 -2.93800, 2.35000 0.10000 3.35000"
927,0.0000,Tx-Rx,0,-67.3520,"-7.30900 0.90000 -2.93800, 2.05000 0.10000 3.35000"
928,0.0000,Tx-Rx,0,-66.4111,"-7.30900 0.90000 -2.93800, 1.75000 0.10000 3.35000"
929,0.0000,Tx-Rx,0,-66.3804,"-7.30900 0.90000 -2.93800, 1.45000 0.10000 3.35000"
930,0.0000,Tx-Rx,0,-66.2759,"-7.30900 0.90000 -2.93800, 1.15000 0.10000 3.35000"
931,0.0000,Tx-Rx,0,-66.8236,"-7.30900 0.90000 -2.93800, 0.85000 0.10000 3.35000"
932,0.0000,Tx-Rx,0,-67.3191,"-7.30900 0.90000 -2.93800, 0.55000 0.10000 3.35000"
933,0.0000,Tx-Rx,0,-68.6275,"-7.30900 0.90000 -2.93800, 0.25000 0.10000 3.35000"
934,0.0000,Tx-Rx,0,-58.0921,"-7.30900 0.90000 -2.93800, -0.05000 0.10000 3.35000"
935,0.0000,Tx-Rx,0,-56.1467,"-7.30900 0.90000 -2.93800, -0.35000 0.10000 3.35000"
936,0.0000,Tx-Rx,0,-58.4204,"-7.30900 0.90000 -2.93800, -0.65000 0.10000 3.35000"
937,0.0000,Tx-Rx,0,-58.2150,"-7.30900 0.90000 -2.93800, -0.95000 0.10000 3.35000"
938,0.0000,Tx-Rx,0,-58.3679,"-7.30900 0.90000 -2.93800, -1.25000 0.10000 3.35000"
939,0.0000,Tx-Rx,0,-62.4177,"-7.30900 0.90000 -2.93800, -1.55000 0.10000 3.35000"
940,0.0000,Tx-Rx,0,-64.8576,"-7.30900 0.90000 -2.93800, -1.85000 0.10000 3.35000"
941,0.0000,Tx-Rx,0,-64.1842,"-7.30900 0.90000 -2.93800, -2.15000 0.10000 3.35000"
942,0.0000,Tx-Rx,0,-64.5258,"-7.30900 0.90000 -2.93800, -2.45000 0.10000 3.35000"
943,0.0000,Tx-Rx,0,-64.9441,"-7.30900 0.90000 -2.93800, -2.75000 0.10000 3.35000"
944,0.0000,Tx-Rx,0,-64.1920,"-7.30900 0.90000 -2.93800, -3.05000 0.10000 3.35000"
945,0.0000,Tx-Rx,0,-64.4296,"-7.30900 0.90000 -2.93800, -3.35000 0.10000 3.35000"
946,0.0000,Tx-Rx,0,-65.4307,"-7.30900 0.90000 -2.93800, -3.65000 0.10000 3.35000"
947,0.0000,Tx-Rx,0,-66.1686,"-7.30900 0.90000 -2.93800, -3.95000 0.10000 3.35000"
948,0.0000,Tx-Rx,0,-64.9500,"-7.30900 0.90000 -2.93800, -4.25000 0.10000 3.35000"
949,0.0000,Tx-Rx,0,-62.2036,"-7.30900 0.90000 -2.93800, -4.55000 0.10000 3.35000"
950,0.0000,Tx-Rx,0,-64.0968,"-7.30900 0.90000 -2.93800, -4.85000 0.10000 3.35000"
951,0.0000,Tx-Rx,0,-63.3190,"-7.30900 0.90000 -2.93800, -5.15000 0.10000 3.35000"
952,0.0000,Tx-Rx,0,-62.8931,"-7.30900 0.90000 -2.93800, -5.45000 0.10000 3.35000"
953,0.0000,Tx-Rx,0,-60.7706,"-7.30900 0.90000 -2.93800, -5.75000 0.10000 3.35000"
954,0.0000,Tx-Rx,0,-50.6294,"-7.30900 0.90000 -2.93800, -6.05000 0.10000 3.35000"
955,0.0000,Tx-Rx,0,-53.2150,"-7.30900 0.90000 -2.93800, -6.35000 0.10000 3.35000"
956,0.0000,Tx-Rx,0,-56.3335,"-7.30900 0.90000 -2.93800, -6.65000 0.10000 3.35000"
957,0.0000,Tx-Rx,0,-56.3766,"-7.30900 0.90000 -2.93800, -6.95000 0.10000 3.35000"
958,0.0000,Tx-Rx,0,-56.3665,"-7.30900 0.90000 -2.93800, -7.25000 0.10000 3.35000"
959,0.0000,Tx-Rx,0,-56.1629,"-7.30900 0.90000 -2.93800, -7.55000 0.10000 3.35000"
960,0.0000,Tx-Rx,0,-55.2577,"-7.30900 0.90000 -2.93800, -7.85000 0.10000 3.35000"
961,0.0000,Tx-Rx,0,-78.0502,"-7.30900 0.90000 -2.93800, 9.85000 0.10000 3.05000"
962,0.0000,Tx-Rx,0,-73.2940,"-7.30900 0.90000 -2.93800, 9.55000 0.10000 3.05000"
963,0.0000,Tx-Rx,0,-68.3622,"-7.30900 0.90000 -2.93800, 9.25000 0.10000 3.05000"
964,0.0000,Tx-Rx,0,-67.9446,"-7.30900 0.90000 -2.93800, 8.95000 0.10000 3.05000"
965,0.0000,Tx-Rx,0,-73.9720,"-7.30900 0.90000 -2.93800, 8.65000 0.10000 3.05000"
966,0.0000,Tx-Rx,0,-73.8417,"-7.30900 0.90000 -2.93800, 8.35000 0.10000 3.05000"
967,0.0000,Tx-Rx,0,-72.5845,"-7.30900 0.90000 -2.93800, 8.05000 0.10000 3.05000"
968,0.0000,Tx-Rx,0,-69.4300,"-7.30900 0.90000 -2.93800, 7.75000 0.10000 3.05000"
969,0.0000,Tx-Rx,0,-69.1421,"-7.30900 0.90000 -2.93800, 7.45000 0.10000 3.05000"
970,0.0000,Tx-Rx,0,-68.7020,"-7.30900 0.90000 -2.93800, 7.15000 0.10000 3.05000"
971,0.0000,Tx-Rx,0,-68.1575,"-7.30900 0.90000 -2.93800, 6.85000 0.10000 3.05000"
972,0.0000,Tx-Rx,0,-67.0875,"-7.30900 0.90000 -2.93800, 6.55000 0.10000 3.05000"
973,0.0000,Tx-Rx,0,-65.8279,"-7.30900 0.90000 -2.93800, 6.25000 0.10000 3.05000"
974,0.0000,Tx-Rx,0,-68.3773,"-7.30900 0.90000 -2.93800, 5.95000 0.10000 3.05000"
975,0.0000,Tx-Rx,0,-70.1291,"-7.30900 0.90000 -2.93800, 5.65000 0.10000 3.05000"
976,0.0000,Tx-Rx,0,-70.7649,"-7.30900 0.90000 -2.93800, 5.35000 0.10000 3.05000"
977,0.0000,Tx-Rx,0,-71.9030,"-7.30900 0.90000 -2.93800, 5.05000 0.10000 3.05000"
978,0.0000,Tx-Rx,0,-71.8045,"-7.30900 0.90000 -2.93800, 4.75000 0.10000 3.05000"
979,0.0000,Tx-Rx,0,-71.5878,"-7.30900 0.90000 -2.93800, 4.45000 0.10000 3.05000"
980,0.0000,Tx-Rx,0,-70.3676,"-7.30900 0.90000 -2.93800, 4.15000 0.10000 3.05000"
981,0.0000,Tx-Rx,0,-68.9325,"-7.30900 0.90000 -2.93800, 3.85000 0.10000 3.05000"
982,0.0000,Tx-Rx,0,-68.1549,"-7.30900 0.90000 -2.93800, 3.55000 0.10000 3.05000"
983,0.0000,Tx-Rx,0,-67.9076,"-7.30900 0.90000 -2.93800, 3.25000 0.10000 3.05000"
984,0.0000,Tx-Rx,0,-66.7022,"-7.30900 0.90000 -2.93800, 2.95000 0.10000 3.05000"
985,0.0000,Tx-Rx,0,-66.1476,"-7.30900 0.90000 -2.93800, 2.65000 0.10000 3.05000"
986,0.0000,Tx-Rx,0,-65.8936,"-7.30900 0.90000 -2.93800, 2.35000 0.10000 3.05000"
987,0.0000,Tx-Rx,0,-66.2616,"-7.30900 0.90000 -2.93800, 2.05000 0.10000 3.05000"
988,0.0000,Tx-Rx,0,-66.2752,"-7.30900 0.90000 -2.93800, 1.75000 0.10000 3.05000"
989,0.0000,Tx-Rx,0,-67.3157,"-7.30900 0.90000 -2.93800, 1.45000 0.10000 3.05000"
990,0.0000,Tx-Rx,0,-67.0661,"-7.30900 0.90000 -2.93800, 1.15000 0.10000 3.05000"
991,0.0000,Tx-Rx,0,-68.0981,"-7.30900 0.90000 -2.93800, 0.85000 0.10000 3.05000"
992,0.0000,Tx-Rx,0,-68.7480,"-7.30900 0.90000 -2.93800, 0.55000 0.10000 3.05000"
993,0.0000,Tx-Rx,0,-69.2856,"-7.30900 0.90000 -2.93800, 0.25000 0.10000 3.05000"
994,0.0000,Tx-Rx,0,-60.4183,"-7.30900 0.90000 -2.93800, -0.05000 0.10000 3.05000"
995,0.0000,Tx-Rx,0,-57.4086,"-7.30900 0.90000 -2.93800, -0.35000 0.10000 3.05000"
996,0.0000,Tx-Rx,0,-56.1080,"-7.30900 0.90000 -2.93800, -0.65000 0.10000 3.05000"
997,0.0000,Tx-Rx,0,-57.9489,"-7.30900 0.90000 -2.93800, -0.95000 0.10000 3.05000"
998,0.0000,Tx-Rx,0,-57.7785,"-7.30900 0.90000 -2.93800, -1.25000 0.10000 3.05000"
999,0.0000,Tx-Rx,0,-57.8558,"-7.30900 0.90000 -2.93800, -1.55000 0.10000 3.05000"
1000,0.0000,Tx-Rx,0,-62.0029,"-7.30900 0.90000 -2.93800, -1.85000 0.10000 3.05000"
1001,0.0000,Tx-Rx,0,-65.0770,"-7.30900 0.90000 -2.93800, -2.15000 0.10000 3.05000"
1002,0.0000,Tx-Rx,0,-64.4181,"-7.30900 0.90000 -2.93800, -2.45000 0.10000 3.05000"
1003,0.0000,Tx-Rx,0,-64.5200,"-7.30900 0.90000 -2.93800, -2.75000 0.10000 3.05000"
1004,0.0000,Tx-Rx,0,-64.3333,"-7.30900 0.90000 -2.93800, -3.05000 0.10000 3.05000"
1005,0.0000,Tx-Rx,0,-64.7734,"-7.30900 0.90000 -2.93800, -3.35000 0.10000 3.05000"
1006,0.0000,Tx-Rx,0,-67.0989,"-7.30900 0.90000 -2.93800, -3.65000 0.10000 3.05000"
1007,0.0000,Tx-Rx,0,-65.9653,"-7.30900 0.90000 -2.93800, -3.95000 0.10000 3.05000"
1008,0.0000,Tx-Rx,0,-64.5042,"-7.30900 0.90000 -2.93800, -4.25000 0.10000 3.05000"
1009,0.0000,Tx-Rx,0,-62.7017,"-7.30900 0.90000 -2.93800, -4.55000 0.10000 3.05000"
1010,0.0000,Tx-Rx,0,-63.7910,"-7.30900 0.90000 -2.93800, -4.85000 0.10000 3.05000"
1011,0.0000,Tx-Rx,0,-62.4600,"-7.30900 0.90000 -2.93800, -5.15000 0.10000 3.05000"
1012,0.0000,Tx-Rx,0,-62.2099,"-7.30900 0.90000 -2.93800, -5.45000 0.10000 3.05000"
1013,0.0000,Tx-Rx,0,-62.0294,"-7.30900 0.90000 -2.93800, -5.75000 0.10000 3.05000"
1014,0.0000,Tx-Rx,0,-50.2298,"-7.30900 0.90000 -2.93800, -6.05000 0.10000 3.05000"
1015,0.0000,Tx-Rx,0,-53.1496,"-7.30900 0.90000 -2.93800, -6.35000 0.10000 3.05000"
1016,0.0000,Tx-Rx,0,-56.0700,"-7.30900 0.90000 -2.93800, -6.65000 0.10000 3.05000"
1017,0.0000,Tx-Rx,0,-56.1626,"-7.30900 0.90000 -2.93800, -6.95000 0.10000 3.05000"
1018,0.0000,Tx-Rx,0,-55.9780,"-7.30900 0.90000 -2.93800, -7.25000 0.10000 3.05000"
1019,0.0000,Tx-Rx,0,-55.6496,"-7.30900 0.90000 -2.93800, -7.55000 0.10000 3.05000"
1020,0.0000,Tx-Rx,0,-55.0001,"-7.30900 0.90000 -2.93800, -7.85000 0.10000 3.05000"
1021,0.0000,Tx-Rx,0,-69.4939,"-7.30900 0.90000 -2.93800, 9.85000 0.10000 2.75000"
1022,0.0000,Tx-Rx,0,-68.1635,"-7.30900 0.90000 -2.93800, 9.55000 0.10000 2.75000"
1023,0.0000,Tx-Rx,0,-68.6398,"-7.30900 0.90000 -2.93800, 9.25000 0.10000 2.75000"
1024,0.0000,Tx-Rx,0,-66.1484,"-7.30900 0.90000 -2.93800, 8.95000 0.10000 2.75000"
1025,0.0000,Tx-Rx,0,-64.3923,"-7.30900 0.90000 -2.93800, 8.65000 0.10000 2.75000"
1026,0.0000,Tx-Rx,0,-66.4142,"-7.30900 0.90000 -2.93800, 8.35000 0.10000 2.75000"
1027,0.0000,Tx-Rx,0,-69.3636,"-7.30900 0.90000 -2.93800, 8.05000 0.10000 2.75000"
1028,0.0000,Tx-Rx,0,-69.1978,"-7.30900 0.90000 -2.93800, 7.75000 0.10000 2.75000"
1029,0.0000,Tx-Rx,0,-67.6278,"-7.30900 0.90000 -2.93800, 7.45000 0.10000 2.75000"
1030,0.0000,Tx-Rx,0,-66.2411,"-7.30900 0.90000 -2.93800, 7.15000 0.10000 2.75000"
1031,0.0000,Tx-Rx,0,-66.2517,"-7.30900 0.90000 -2.93800, 6.85000 0.10000 2.75000"
1032,0.0000,Tx-Rx,0,-65.8011,"-7.30900 0.90000 -2.93800, 6.55000 0.10000 2.75000"
1033,0.0000,Tx-Rx,0,-66.2026,"-7.30900 0.90000 -2.93800, 6.25000 0.10000 2.75000"
1034,0.0000,Tx-Rx,0,-65.1421,"-7.30900 0.90000 -2.93800, 5.95000 0.10000 2.75000"
1035,0.0000,Tx-Rx,0,-65.7728,"-7.30900 0.90000 -2.93800, 5.65000 0.10000 2.75000"
1036,0.0000,Tx-Rx,0,-69.0112,"-7.30900 0.90000 -2.93800, 5.35000 0.10000 2.75000"
1037,0.0000,Tx-Rx,0,-69.8365,"-7.30900 0.90000 -2.93800, 5.05000 0.10000 2.75000"
1038,0.0000,Tx-Rx,0,-70.6778,"-7.30900 0.90000 -2.93800, 4.75000 0.10000 2.75000"
1039,0.0000,Tx-Rx,0,-70.8829,"-7.30900 0.90000 -2.93800, 4.45000 0.10000 2.75000"
1040,0.0000,Tx-Rx,0,-71.2288,"-7.30900 0.90000 -2.93800, 4.15000 0.10000 2.75000"
1041,0.0000,Tx-Rx,0,-67.2317,"-7.30900 0.90000 -2.93800, 3.85000 0.10000 2.75000"
1042,0.0000,Tx-Rx,0,-65.9788,"-7.30900 0.90000 -2.93800, 3.55000 0.10000 2.75000"
1043,0.0000,Tx-Rx,0,-64.9625,"-7.30900 0.90000 -2.93800, 3.25000 0.10000 2.75000"
1044,0.0000,Tx-Rx,0,-64.9377,"-7.30900 0.90000 -2.93800, 2.95000 0.10000 2.75000"
1045,0.0000,Tx-Rx,0,-65.7615,"-7.30900 0.90000 -2.93800, 2.65000 0.10000 2.75000"
1046,0.0000,Tx-Rx,0,-65.7943,"-7.30900 0.90000 -2.93800, 2.35000 0.10000 2.75000"
1047,0.0000,Tx-Rx,0,-66.5472,"-7.30900 0.90000 -2.93800, 2.05000 0.10000 2.75000"
1048,0.0000,Tx-Rx,0,-67.9181,"-7.30900 0.90000 -2.93800, 1.75000 0.10000 2.75000"
1049,0.0000,Tx-Rx,0,-71.1755,"-7.30900 0.90000 -2.93800, 1.45000 0.10000 2.75000"
1050,0.0000,Tx-Rx,0,-71.4722,"-7.30900 0.90000 -2.93800, 1.15000 0.10000 2.75000"
1051,0.0000,Tx-Rx,0,-69.8928,"-7.30900 0.90000 -2.93800, 0.85000 0.10000 2.75000"
1052,0.0000,Tx-Rx,0,-68.7530,"-7.30900 0.90000 -2.93800, 0.55000 0.10000 2.75000"
1053,0.0000,Tx-Rx,0,-69.1341,"-7.30900 0.90000 -2.93800, 0.25000 0.10000 2.75000"
1054,0.0000,Tx-Rx,0,-60.4548,"-7.30900 0.90000 -2.93800, -0.05000 0.10000 2.75000"
1055,0.0000,Tx-Rx,0,-58.6958,"-7.30900 0.90000 -2.93800, -0.35000 0.10000 2.75000"
1056,0.0000,Tx-Rx,0,-57.5824,"-7.30900 0.90000 -2.93800, -0.65000 0.10000 2.75000"
1057,0.0000,Tx-Rx,0,-56.8740,"-7.30900 0.90000 -2.93800, -0.95000 0.10000 2.75000"
1058,0.0000,Tx-Rx,0,-59.1697,"-7.30900 0.90000 -2.93800, -1.25000 0.10000 2.75000"
1059,0.0000,Tx-Rx,0,-58.9923,"-7.30900 0.90000 -2.93800, -1.55000 0.10000 2.75000"
1060,0.0000,Tx-Rx,0,-59.3321,"-7.30900 0.90000 -2.93800, -1.85000 0.10000 2.75000"
1061,0.0000,Tx-Rx,0,-63.7256,"-7.30900 0.90000 -2.93800, -2.15000 0.10000 2.75000"
1062,0.0000,Tx-Rx,0,-64.7668,"-7.30900 0.90000 -2.93800, -2.45000 0.10000 2.75000"
1063,0.0000,Tx-Rx,0,-63.1473,"-7.30900 0.90000 -2.93800, -2.75000 0.10000 2.75000"
1064,0.0000,Tx-Rx,0,-63.3357,"-7.30900 0.90000 -2.93800, -3.05000 0.10000 2.75000"
1065,0.0000,Tx-Rx,0,-62.2107,"-7.30900 0.90000 -2.93800, -3.35000 0.10000 2.75000"
1066,0.0000,Tx-Rx,0,-63.4450,"-7.30900 0.90000 -2.93800, -3.65000 0.10000 2.75000"
1067,0.0000,Tx-Rx,0,-63.1876,"-7.30900 0.90000 -2.93800, -3.95000 0.10000 2.75000"
1068,0.0000,Tx-Rx,0,-61.4135,"-7.30900 0.90000 -2.93800, -4.25000 0.10000 2.75000"
1069,0.0000,Tx-Rx,0,-61.7884,"-7.30900 0.90000 -2.93800, -4.55000 0.10000 2.75000"
1070,0.0000,Tx-Rx,0,-61.9681,"-7.30900 0.90000 -2.93800, -4.85000 0.10000 2.75000"
1071,0.0000,Tx-Rx,0,-60.6229,"-7.30900 0.90000 -2.93800, -5.15000 0.10000 2.75000"
1072,0.0000,Tx-Rx,0,-59.9911,"-7.30900 0.90000 -2.93800, -5.45000 0.10000 2.75000"
1073,0.0000,Tx-Rx,0,-60.9006,"-7.30900 0.90000 -2.93800, -5.75000 0.10000 2.75000"
1074,0.0000,Tx-Rx,0,-50.2330,"-7.30900 0.90000 -2.93800, -6.05000 0.10000 2.75000"
1075,0.0000,Tx-Rx,0,-52.8221,"-7.30900 0.90000 -2.93800, -6.35000 0.10000 2.75000"
1076,0.0000,Tx-Rx,0,-55.7173,"-7.30900 0.90000 -2.93800, -6.65000 0.10000 2.75000"
1077,0.0000,Tx-Rx,0,-55.6085,"-7.30900 0.90000 -2.93800, -6.95000 0.10000 2.75000"
1078,0.0000,Tx-Rx,0,-55.1628,"-7.30900 0.90000 -2.93800, -7.25000 0.10000 2.75000"
1079,0.0000,Tx-Rx,0,-54.7991,"-7.30900 0.90000 -2.93800, -7.55000 0.10000 2.75000"
1080,0.0000,Tx-Rx,0,-54.3413,"-7.30900 0.90000 -2.93800, -7.85000 0.10000 2.75000"
1081,0.0000,Tx-Rx,0,-62.0423,"-7.30900 0.90000 -2.93800, 9.85000 0.10000 2.45000"
1082,0.0000,Tx-Rx,0,-64.6156,"-7.30900 0.90000 -2.93800, 9.55000 0.10000 2.45000"
1083,0.0000,Tx-Rx,0,-64.9063,"-7.30900 0.90000 -2.93800, 9.25000 0.10000 2.45000"
1084,0.0000,Tx-Rx,0,-64.9817,"-7.30900 0.90000 -2.93800, 8.95000 0.10000 2.45000"
1085,0.0000,Tx-Rx,0,-64.0940,"-7.30900 0.90000 -2.93800, 8.65000 0.10000 2.45000"
1086,0.0000,Tx-Rx,0,-62.4542,"-7.30900 0.90000 -2.93800, 8.35000 0.10000 2.45000"
1087,0.0000,Tx-Rx,0,-62.7302,"-7.30900 0.90000 -2.93800, 8.05000 0.10000 2.45000"
1088,0.0000,Tx-Rx,0,-63.7680,"-7.30900 0.90000 -2.93800, 7.75000 0.10000 2.45000"
1089,0.0000,Tx-Rx,0,-65.1590,"-7.30900 0.90000 -2.93800, 7.45000 0.10000 2.45000"
1090,0.0000,Tx-Rx,0,-65.2677,"-7.30900 0.90000 -2.93800, 7.15000 0.10000 2.45000"
1091,0.0000,Tx-Rx,0,-65.1723,"-7.30900 0.90000 -2.93800, 6.85000 0.10000 2.45000"
1092,0.0000,Tx-Rx,0,-65.4618,"-7.30900 0.90000 -2.93800, 6.55000 0.10000 2.45000"
1093,0.0000,Tx-Rx,0,-65.7363,"-7.30900 0.90000 -2.93800, 6.25000 0.10000 2.45000"
1094,0.0000,Tx-Rx,0,-65.4102,"-7.30900 0.90000 -2.93800, 5.95000 0.10000 2.45000"
1095,0.0000,Tx-Rx,0,-65.6624,"-7.30900 0.90000 -2.93800, 5.65000 0.10000 2.45000"
1096,0.0000,Tx-Rx,0,-64.9231,"-7.30900 0.90000 -2.93800, 5.35000 0.10000 2.45000"
1097,0.0000,Tx-Rx,0,-67.0593,"-7.30900 0.90000 -2.93800, 5.05000 0.10000 2.45000"
1098,0.0000,Tx-Rx,0,-69.9874,"-7.30900 0.90000 -2.93800, 4.75000 0.10000 2.45000"
1099,0.0000,Tx-Rx,0,-67.2686,"-7.30900 0.90000 -2.93800, 4.45000 0.10000 2.45000"
1100,0.0000,Tx-Rx,0,-66.1927,"-7.30900 0.90000 -2.93800, 4.15000 0.10000 2.45000"
1101,0.0000,Tx-Rx,0,-65.9898,"-7.30900 0.90000 -2.93800, 3.85000 0.10000 2.45000"
1102,0.0000,Tx-Rx,0,-65.7138,"-7.30900 0.90000 -2.93800, 3.55000 0.10000 2.45000"
1103,0.0000,Tx-Rx,0,-66.2344,"-7.30900 0.90000 -2.93800, 3.25000 0.10000 2.45000"
1104,0.0000,Tx-Rx,0,-66.3274,"-7.30900 0.90000 -2.93800, 2.95000 0.10000 2.45000"
1105,0.0000,Tx-Rx,0,-67.1983,"-7.30900 0.90000 -2.93800, 2.65000 0.10000 2.45000"
1106,0.0000,Tx-Rx,0,-68.8685,"-7.30900 0.90000 -2.93800, 2.35000 0.10000 2.45000"
1107,0.0000,Tx-Rx,0,-69.3233,"-7.30900 0.90000 -2.93800, 2.05000 0.10000 2.45000"
1108,0.0000,Tx-Rx,0,-68.6083,"-7.30900 0.90000 -2.93800, 1.75000 0.10000 2.45000"
1109,0.0000,Tx-Rx,0,-68.7968,"-7.30900 0.90000 -2.93800, 1.45000 0.10000 2.45000"
1110,0.0000,Tx-Rx,0,-69.1478,"-7.30900 0.90000 -2.93800, 1.15000 0.10000 2.45000"
1111,0.0000,Tx-Rx,0,-68.8992,"-7.30900 0.90000 -2.93800, 0.85000 0.10000 2.45000"
1112,0.0000,Tx-Rx,0,-68.1842,"-7.30900 0.90000 -2.93800, 0.55000 0.10000 2.45000"
1113,0.0000,Tx-Rx,0,-66.9268,"-7.30900 0.90000 -2.93800, 0.25000 0.10000 2.45000"
1114,0.0000,Tx-Rx,0,-59.9434,"-7.30900 0.90000 -2.93800, -0.05000 0.10000 2.45000"
1115,0.0000,Tx-Rx,0,-58.6365,"-7.30900 0.90000 -2.93800, -0.35000 0.10000 2.45000"
1116,0.0000,Tx-Rx,0,-58.5617,"-7.30900 0.90000 -2.93800, -0.65000 0.10000 2.45000"
1117,0.0000,Tx-Rx,0,-59.0207,"-7.30900 0.90000 -2.93800, -0.95000 0.10000 2.45000"
1118,0.0000,Tx-Rx,0,-61.7694,"-7.30900 0.90000 -2.93800, -1.25000 0.10000 2.45000"
1119,0.0000,Tx-Rx,0,-62.3653,"-7.30900 0.90000 -2.93800, -1.55000 0.10000 2.45000"
1120,0.0000,Tx-Rx,0,-62.0567,"-7.30900 0.90000 -2.93800, -1.85000 0.10000 2.45000"
1121,0.0000,Tx-Rx,0,-61.7771,"-7.30900 0.90000 -2.93800, -2.15000 0.10000 2.45000"
1122,0.0000,Tx-Rx,0,-59.1158,"-7.30900 0.90000 -2.93800, -2.45000 0.10000 2.45000"
1123,0.0000,Tx-Rx,0,-57.3839,"-7.30900 0.90000 -2.93800, -2.75000 0.10000 2.45000"
1124,0.0000,Tx-Rx,0,-56.4883,"-7.30900 0.90000 -2.93800, -3.05000 0.10000 2.45000"
1125,0.0000,Tx-Rx,0,-55.7234,"-7.30900 0.90000 -2.93800, -3.35000 0.10000 2.45000"
1126,0.0000,Tx-Rx,0,-55.6008,"-7.30900 0.90000 -2.93800, -3.65000 0.10000 2.45000"
1127,0.0000,Tx-Rx,0,-55.2780,"-7.30900 0.90000 -2.93800, -3.95000 0.10000 2.45000"
1128,0.0000,Tx-Rx,0,-54.7070,"-7.30900 0.90000 -2.93800, -4.25000 0.10000 2.45000"
1129,0.0000,Tx-Rx,0,-55.1256,"-7.30900 0.90000 -2.93800, -4.55000 0.10000 2.45000"
1130,0.0000,Tx-Rx,0,-54.8430,"-7.30900 0.90000 -2.93800, -4.85000 0.10000 2.45000"
1131,0.0000,Tx-Rx,0,-54.1974,"-7.30900 0.90000 -2.93800, -5.15000 0.10000 2.45000"
1132,0.0000,Tx-Rx,0,-54.1717,"-7.30900 0.90000 -2.93800, -5.45000 0.10000 2.45000"
1133,0.0000,Tx-Rx,0,-55.5549,"-7.30900 0.90000 -2.93800, -5.75000 0.10000 2.45000"
1134,0.0000,Tx-Rx,0,-53.4738,"-7.30900 0.90000 -2.93800, -6.05000 0.10000 2.45000"
1135,0.0000,Tx-Rx,0,-54.8843,"-7.30900 0.90000 -2.93800, -6.35000 0.10000 2.45000"
1136,0.0000,Tx-Rx,0,-54.2464,"-7.30900 0.90000 -2.93800, -6.65000 0.10000 2.45000"
1137,0.0000,Tx-Rx,0,-52.8403,"-7.30900 0.90000 -2.93800, -6.95000 0.10000 2.45000"
1138,0.0000,Tx-Rx,0,-52.5184,"-7.30900 0.90000 -2.93800, -7.25000 0.10000 2.45000"
1139,0.0000,Tx-Rx,0,-52.3701,"-7.30900 0.90000 -2.93800, -7.55000 0.10000 2.45000"
1140,0.0000,Tx-Rx,0,-52.1630,"-7.30900 0.90000 -2.93800, -7.85000 0.10000 2.45000"
1141,0.0000,Tx-Rx,0,-56.4670,"-7.30900 0.90000 -2.93800, 9.85000 0.10000 2.15000"
1142,0.0000,Tx-Rx,0,-57.1601,"-7.30900 0.90000 -2.93800, 9.55000 0.10000 2.15000"
1143,0.0000,Tx-Rx,0,-58.0945,"-7.30900 0.90000 -2.93800, 9.25000 0.10000 2.15000"
1144,0.0000,Tx-Rx,0,-59.6429,"-7.30900 0.90000 -2.93800, 8.95000 0.10000 2.15000"
1145,0.0000,Tx-Rx,0,-61.0400,"-7.30900 0.90000 -2.93800, 8.65000 0.10000 2.15000"
1146,0.0000,Tx-Rx,0,-60.7611,"-7.30900 0.90000 -2.93800, 8.35000 0.10000 2.15000"
1147,0.0000,Tx-Rx,0,-60.3484,"-7.30900 0.90000 -2.93800, 8.05000 0.10000 2.15000"
1148,0.0000,Tx-Rx,0,-61.0575,"-7.30900 0.90000 -2.93800, 7.75000 0.10000 2.15000"
1149,0.0000,Tx-Rx,0,-61.9339,"-7.30900 0.90000 -2.93800, 7.45000 0.10000 2.15000"
1150,0.0000,Tx-Rx,0,-63.6211,"-7.30900 0.90000 -2.93800, 7.15000 0.10000 2.15000"
1151,0.0000,Tx-Rx,0,-66.0496,"-7.30900 0.90000 -2.93800, 6.85000 0.10000 2.15000"
1152,0.0000,Tx-Rx,0,-66.1207,"-7.30900 0.90000 -2.93800, 6.55000 0.10000 2.15000"
1153,0.0000,Tx-Rx,0,-65.4793,"-7.30900 0.90000 -2.93800, 6.25000 0.10000 2.15000"
1154,0.0000,Tx-Rx,0,-65.2340,"-7.30900 0.90000 -2.93800, 5.95000 0.10000 2.15000"
1155,0.0000,Tx-Rx,0,-65.5468,"-7.30900 0.90000 -2.93800, 5.65000 0.10000 2.15000"
1156,0.0000,Tx-Rx,0,-65.5814,"-7.30900 0.90000 -2.93800, 5.35000 0.10000 2.15000"
1157,0.0000,Tx-Rx,0,-64.4937,"-7.30900 0.90000 -2.93800, 5.05000 0.10000 2.15000"
1158,0.0000,Tx-Rx,0,-64.0841,"-7.30900 0.90000 -2.93800, 4.75000 0.10000 2.15000"
1159,0.0000,Tx-Rx,0,-65.3848,"-7.30900 0.90000 -2.93800, 4.45000 0.10000 2.15000"
1160,0.0000,Tx-Rx,0,-66.0498,"-7.30900 0.90000 -2.93800, 4.15000 0.10000 2.15000"
1161,0.0000,Tx-Rx,0,-66.4433,"-7.30900 0.90000 -2.93800, 3.85000 0.10000 2.15000"
1162,0.0000,Tx-Rx,0,-66.2695,"-7.30900 0.90000 -2.93800, 3.55000 0.10000 2.15000"
1163,0.0000,Tx-Rx,0,-67.5180,"-7.30900 0.90000 -2.93800, 3.25000 0.10000 2.15000"
1164,0.0000,Tx-Rx,0,-68.8257,"-7.30900 0.90000 -2.93800, 2.95000 0.10000 2.15000"
1165,0.0000,Tx-Rx,0,-69.4949,"-7.30900 0.90000 -2.93800, 2.65000 0.10000 2.15000"
1166,0.0000,Tx-Rx,0,-68.7054,"-7.30900 0.90000 -2.93800, 2.35000 0.10000 2.15000"
1167,0.0000,Tx-Rx,0,-68.7964,"-7.30900 0.90000 -2.93800, 2.05000 0.10000 2.15000"
1168,0.0000,Tx-Rx,0,-67.7163,"-7.30900 0.90000 -2.93800, 1.75000 0.10000 2.15000"
1169,0.0000,Tx-Rx,0,-66.9332,"-7.30900 0.90000 -2.93800, 1.45000 0.10000 2.15000"
1170,0.0000,Tx-Rx,0,-66.5253,"-7.30900 0.90000 -2.93800, 1.15000 0.10000 2.15000"
1171,0.0000,Tx-Rx,0,-66.4797,"-7.30900 0.90000 -2.93800, 0.85000 0.10000 2.15000"
1172,0.0000,Tx-Rx,0,-65.5872,"-7.30900 0.90000 -2.93800, 0.55000 0.10000 2.15000"
1173,0.0000,Tx-Rx,0,-63.2971,"-7.30900 0.90000 -2.93800, 0.25000 0.10000 2.15000"
1174,0.0000,Tx-Rx,0,-60.1867,"-7.30900 0.90000 -2.93800, -0.05000 0.10000 2.15000"
1175,0.0000,Tx-Rx,0,-58.7400,"-7.30900 0.90000 -2.93800, -0.35000 0.10000 2.15000"
1176,0.0000,Tx-Rx,0,-58.5096,"-7.30900 0.90000 -2.93800, -0.65000 0.10000 2.15000"
1177,0.0000,Tx-Rx,0,-58.5227,"-7.30900 0.90000 -2.93800, -0.95000 0.10000 2.15000"
1178,0.0000,Tx-Rx,0,-58.9721,"-7.30900 0.90000 -2.93800, -1.25000 0.10000 2.15000"
1179,0.0000,Tx-Rx,0,-62.1042,"-7.30900 0.90000 -2.93800, -1.55000 0.10000 2.15000"
1180,0.0000,Tx-Rx,0,-62.4107,"-7.30900 0.90000 -2.93800, -1.85000 0.10000 2.15000"
1181,0.0000,Tx-Rx,0,-61.9725,"-7.30900 0.90000 -2.93800, -2.15000 0.10000 2.15000"
1182,0.0000,Tx-Rx,0,-60.7042,"-7.30900 0.90000 -2.93800, -2.45000 0.10000 2.15000"
1183,0.0000,Tx-Rx,0,-56.7569,"-7.30900 0.90000 -2.93800, -2.75000 0.10000 2.15000"
1184,0.0000,Tx-Rx,0,-56.3334,"-7.30900 0.90000 -2.93800, -3.05000 0.10000 2.15000"
1185,0.0000,Tx-Rx,0,-55.4116,"-7.30900 0.90000 -2.93800, -3.35000 0.10000 2.15000"
1186,0.0000,Tx-Rx,0,-54.9729,"-7.30900 0.90000 -2.93800, -3.65000 0.10000 2.15000"
1187,0.0000,Tx-Rx,0,-54.5880,"-7.30900 0.90000 -2.93800, -3.95000 0.10000 2.15000"
1188,0.0000,Tx-Rx,0,-54.2200,"-7.30900 0.90000 -2.93800, -4.25000 0.10000 2.15000"
1189,0.0000,Tx-Rx,0,-54.0260,"-7.30900 0.90000 -2.93800, -4.55000 0.10000 2.15000"
1190,0.0000,Tx-Rx,0,-54.5902,"-7.30900 0.90000 -2.93800, -4.85000 0.10000 2.15000"
1191,0.0000,Tx-Rx,0,-53.7893,"-7.30900 0.90000 -2.93800, -5.15000 0.10000 2.15000"
1192,0.0000,Tx-Rx,0,-53.3700,"-7.30900 0.90000 -2.93800, -5.45000 0.10000 2.15000"
1193,0.0000,Tx-Rx,0,-53.0672,"-7.30900 0.90000 -2.93800, -5.75000 0.10000 2.15000"
1194,0.0000,Tx-Rx,0,-53.1514,"-7.30900 0.90000 -2.93800, -6.05000 0.10000 2.15000"
1195,0.0000,Tx-Rx,0,-54.4941,"-7.30900 0.90000 -2.93800, -6.35000 0.10000 2.15000"
1196,0.0000,Tx-Rx,0,-55.0488,"-7.30900 0.90000 -2.93800, -6.65000 0.10000 2.15000"
1197,0.0000,Tx-Rx,0,-51.3054,"-7.30900 0.90000 -2.93800, -6.95000 0.10000 2.15000"
1198,0.0000,Tx-Rx,0,-51.1382,"-7.30900 0.90000 -2.93800, -7.25000 0.10000 2.15000"
1199,0.0000,Tx-Rx,0,-50.9547,"-7.30900 0.90000 -2.93800, -7.55000 0.10000 2.15000"
1200,0.0000,Tx-Rx,0,-50.8361,"-7.30900 0.90000 -2.93800, -7.85000 0.10000 2.15000"
1201,0.0000,Tx-Rx,0,-55.6441,"-7.30900 0.90000 -2.93800, 9.85000 0.10000 1.85000"
1202,0.0000,Tx-Rx,0,-54.8833,"-7.30900 0.90000 -2.93800, 9.55000 0.10000 1.85000"
1203,0.0000,Tx-Rx,0,-54.6985,"-7.30900 0.90000 -2.93800, 9.25000 0.10000 1.85000"
1204,0.0000,Tx-Rx,0,-55.6597,"-7.30900 0.90000 -2.93800, 8.95000 0.10000 1.85000"
1205,0.0000,Tx-Rx,0,-55.2764,"-7.30900 0.90000 -2.93800, 8.65000 0.10000 1.85000"
1206,0.0000,Tx-Rx,0,-57.8286,"-7.30900 0.90000 -2.93800, 8.35000 0.10000 1.85000"
1207,0.0000,Tx-Rx,0,-59.5178,"-7.30900 0.90000 -2.93800, 8.05000 0.10000 1.85000"
1208,0.0000,Tx-Rx,0,-60.7810,"-7.30900 0.90000 -2.93800, 7.75000 0.10000 1.85000"
1209,0.0000,Tx-Rx,0,-60.3839,"-7.30900 0.90000 -2.93800, 7.45000 0.10000 1.85000"
1210,0.0000,Tx-Rx,0,-60.2738,"-7.30900 0.90000 -2.93800, 7.15000 0.10000 1.85000"
1211,0.0000,Tx-Rx,0,-61.3619,"-7.30900 0.90000 -2.93800, 6.85000 0.10000 1.85000"
1212,0.0000,Tx-Rx,0,-63.3909,"-7.30900 0.90000 -2.93800, 6.55000 0.10000 1.85000"
1213,0.0000,Tx-Rx,0,-66.1808,"-7.30900 0.90000 -2.93800, 6.25000 0.10000 1.85000"
1214,0.0000,Tx-Rx,0,-66.3812,"-7.30900 0.90000 -2.93800, 5.95000 0.10000 1.85000"
1215,0.0000,Tx-Rx,0,-66.1011,"-7.30900 0.90000 -2.93800, 5.65000 0.10000 1.85000"
1216,0.0000,Tx-Rx,0,-64.8357,"-7.30900 0.90000 -2.93800, 5.35000 0.10000 1.85000"
1217,0.0000,Tx-Rx,0,-64.7768,"-7.30900 0.90000 -2.93800, 5.05000 0.10000 1.85000"
1218,0.0000,Tx-Rx,0,-64.5984,"-7.30900 0.90000 -2.93800, 4.75000 0.10000 1.85000"
1219,0.0000,Tx-Rx,0,-63.7770,"-7.30900 0.90000 -2.93800, 4.45000 0.10000 1.85000"
1220,0.0000,Tx-Rx,0,-64.5303,"-7.30900 0.90000 -2.93800, 4.15000 0.10000 1.85000"
1221,0.0000,Tx-Rx,0,-68.3792,"-7.30900 0.90000 -2.93800, 3.85000 0.10000 1.85000"
1222,0.0000,Tx-Rx,0,-70.0899,"-7.30900 0.90000 -2.93800, 3.55000 0.10000 1.85000"
1223,0.0000,Tx-Rx,0,-70.3197,"-7.30900 0.90000 -2.93800, 3.25000 0.10000 1.85000"
1224,0.0000,Tx-Rx,0,-66.9131,"-7.30900 0.90000 -2.93800, 2.95000 0.10000 1.85000"
1225,0.0000,Tx-Rx,0,-64.2964,"-7.30900 0.90000 -2.93800, 2.65000 0.10000 1.85000"
1226,0.0000,Tx-Rx,0,-64.3283,"-7.30900 0.90000 -2.93800, 2.35000 0.10000 1.85000"
1227,0.0000,Tx-Rx,0,-63.4633,"-7.30900 0.90000 -2.93800, 2.05000 0.10000 1.85000"
1228,0.0000,Tx-Rx,0,-63.4532,"-7.30900 0.90000 -2.93800, 1.75000 0.10000 1.85000"
1229,0.0000,Tx-Rx,0,-65.0874,"-7.30900 0.90000 -2.93800, 1.45000 0.10000 1.85000"
1230,0.0000,Tx-Rx,0,-66.8349,"-7.30900 0.90000 -2.93800, 1.15000 0.10000 1.85000"
1231,0.0000,Tx-Rx,0,-66.7932,"-7.30900 0.90000 -2.93800, 0.85000 0.10000 1.85000"
1232,0.0000,Tx-Rx,0,-67.7177,"-7.30900 0.90000 -2.93800, 0.55000 0.10000 1.85000"
1233,0.0000,Tx-Rx,0,-71.4759,"-7.30900 0.90000 -2.93800, 0.25000 0.10000 1.85000"
1234,0.0000,Tx-Rx,0,-60.1595,"-7.30900 0.90000 -2.93800, -0.05000 0.10000 1.85000"
1235,0.0000,Tx-Rx,0,-58.3724,"-7.30900 0.90000 -2.93800, -0.35000 0.10000 1.85000"
1236,0.0000,Tx-Rx,0,-58.2676,"-7.30900 0.90000 -2.93800, -0.65000 0.10000 1.85000"
1237,0.0000,Tx-Rx,0,-58.1463,"-7.30900 0.90000 -2.93800, -0.95000 0.10000 1.85000"
1238,0.0000,Tx-Rx,0,-58.5423,"-7.30900 0.90000 -2.93800, -1.25000 0.10000 1.85000"
1239,0.0000,Tx-Rx,0,-59.4079,"-7.30900 0.90000 -2.93800, -1.55000 0.10000 1.85000"
1240,0.0000,Tx-Rx,0,-62.1162,"-7.30900 0.90000 -2.93800, -1.85000 0.10000 1.85000"
1241,0.0000,Tx-Rx,0,-59.9482,"-7.30900 0.90000 -2.93800, -2.15000 0.10000 1.85000"
1242,0.0000,Tx-Rx,0,-58.8358,"-7.30900 0.90000 -2.93800, -2.45000 0.10000 1.85000"
1243,0.0000,Tx-Rx,0,-58.0305,"-7.30900 0.90000 -2.93800, -2.75000 0.10000 1.85000"
1244,0.0000,Tx-Rx,0,-55.8804,"-7.30900 0.90000 -2.93800, -3.05000 0.10000 1.85000"
1245,0.0000,Tx-Rx,0,-54.9638,"-7.30900 0.90000 -2.93800, -3.35000 0.10000 1.85000"
1246,0.0000,Tx-Rx,0,-54.5645,"-7.30900 0.90000 -2.93800, -3.65000 0.10000 1.85000"
1247,0.0000,Tx-Rx,0,-54.0637,"-7.30900 0.90000 -2.93800, -3.95000 0.10000 1.85000"
1248,0.0000,Tx-Rx,0,-53.9390,"-7.30900 0.90000 -2.93800, -4.25000 0.10000 1.85000"
1249,0.0000,Tx-Rx,0,-53.4544,"-7.30900 0.90000 -2.93800, -4.55000 0.10000 1.85000"
1250,0.0000,Tx-Rx,0,-53.8682,"-7.30900 0.90000 -2.93800, -4.85000 0.10000 1.85000"
1251,0.0000,Tx-Rx,0,-52.8493,"-7.30900 0.90000 -2.93800, -5.15000 0.10000 1.85000"
1252,0.0000,Tx-Rx,0,-52.4106,"-7.30900 0.90000 -2.93800, -5.45000 0.10000 1.85000"
1253,0.0000,Tx-Rx,0,-52.1091,"-7.30900 0.90000 -2.93800, -5.75000 0.10000 1.85000"
1254,0.0000,Tx-Rx,0,-52.1002,"-7.30900 0.90000 -2.93800, -6.05000 0.10000 1.85000"
1255,0.0000,Tx-Rx,0,-53.5421,"-7.30900 0.90000 -2.93800, -6.35000 0.10000 1.85000"
1256,0.0000,Tx-Rx,0,-55.7050,"-7.30900 0.90000 -2.93800, -6.65000 0.10000 1.85000"
1257,0.0000,Tx-Rx,0,-50.9438,"-7.30900 0.90000 -2.93800, -6.95000 0.10000 1.85000"
1258,0.0000,Tx-Rx,0,-50.5633,"-7.30900 0.90000 -2.93800, -7.25000 0.10000 1.85000"
1259,0.0000,Tx-Rx,0,-50.3311,"-7.30900 0.90000 -2.93800, -7.55000 0.10000 1.85000"
1260,0.0000,Tx-Rx,0,-50.3020,"-7.30900 0.90000 -2.93800, -7.85000 0.10000 1.85000"
1261,0.0000,Tx-Rx,0,-54.7402,"-7.30900 0.90000 -2.93800, 9.85000 0.10000 1.55000"
1262,0.0000,Tx-Rx,0,-54.8684,"-7.30900 0.90000 -2.93800, 9.55000 0.10000 1.55000"
1263,0.0000,Tx-Rx,0,-55.1059,"-7.30900 0.90000 -2.93800, 9.25000 0.10000 1.55000"
1264,0.0000,Tx-Rx,0,-55.4434,"-7.30900 0.90000 -2.93800, 8.95000 0.10000 1.55000"
1265,0.0000,Tx-Rx,0,-54.5920,"-7.30900 0.90000 -2.93800, 8.65000 0.10000 1.55000"
1266,0.0000,Tx-Rx,0,-53.9669,"-7.30900 0.90000 -2.93800, 8.35000 0.10000 1.55000"
1267,0.0000,Tx-Rx,0,-55.1028,"-7.30900 0.90000 -2.93800, 8.05000 0.10000 1.55000"
1268,0.0000,Tx-Rx,0,-55.8222,"-7.30900 0.90000 -2.93800, 7.75000 0.10000 1.55000"
1269,0.0000,Tx-Rx,0,-57.4634,"-7.30900 0.90000 -2.93800, 7.45000 0.10000 1.55000"
1270,0.0000,Tx-Rx,0,-58.6572,"-7.30900 0.90000 -2.93800, 7.15000 0.10000 1.55000"
1271,0.0000,Tx-Rx,0,-60.5368,"-7.30900 0.90000 -2.93800, 6.85000 0.10000 1.55000"
1272,0.0000,Tx-Rx,0,-61.8910,"-7.30900 0.90000 -2.93800, 6.55000 0.10000 1.55000"
1273,0.0000,Tx-Rx,0,-62.2291,"-7.30900 0.90000 -2.93800, 6.25000 0.10000 1.55000"
1274,0.0000,Tx-Rx,0,-62.8379,"-7.30900 0.90000 -2.93800, 5.95000 0.10000 1.55000"
1275,0.0000,Tx-Rx,0,-63.8593,"-7.30900 0.90000 -2.93800, 5.65000 0.10000 1.55000"
1276,0.0000,Tx-Rx,0,-63.4570,"-7.30900 0.90000 -2.93800, 5.35000 0.10000 1.55000"
1277,0.0000,Tx-Rx,0,-64.0477,"-7.30900 0.90000 -2.93800, 5.05000 0.10000 1.55000"
1278,0.0000,Tx-Rx,0,-64.6723,"-7.30900 0.90000 -2.93800, 4.75000 0.10000 1.55000"
1279,0.0000,Tx-Rx,0,-64.9820,"-7.30900 0.90000 -2.93800, 4.45000 0.10000 1.55000"
1280,0.0000,Tx-Rx,0,-62.5852,"-7.30900 0.90000 -2.93800, 4.15000 0.10000 1.55000"
1281,0.0000,Tx-Rx,0,-60.5203,"-7.30900 0.90000 -2.93800, 3.85000 0.10000 1.55000"
1282,0.0000,Tx-Rx,0,-60.3503,"-7.30900 0.90000 -2.93800, 3.55000 0.10000 1.55000"
1283,0.0000,Tx-Rx,0,-60.4126,"-7.30900 0.90000 -2.93800, 3.25000 0.10000 1.55000"
1284,0.0000,Tx-Rx,0,-60.4427,"-7.30900 0.90000 -2.93800, 2.95000 0.10000 1.55000"
1285,0.0000,Tx-Rx,0,-62.2734,"-7.30900 0.90000 -2.93800, 2.65000 0.10000 1.55000"
1286,0.0000,Tx-Rx,0,-64.1509,"-7.30900 0.90000 -2.93800, 2.35000 0.10000 1.55000"
1287,0.0000,Tx-Rx,0,-67.1238,"-7.30900 0.90000 -2.93800, 2.05000 0.10000 1.55000"
1288,0.0000,Tx-Rx,0,-71.4883,"-7.30900 0.90000 -2.93800, 1.75000 0.10000 1.55000"
1289,0.0000,Tx-Rx,0,-71.8538,"-7.30900 0.90000 -2.93800, 1.45000 0.10000 1.55000"
1290,0.0000,Tx-Rx,0,-73.9233,"-7.30900 0.90000 -2.93800, 1.15000 0.10000 1.55000"
1291,0.0000,Tx-Rx,0,-79.6163,"-7.30900 0.90000 -2.93800, 0.85000 0.10000 1.55000"
1292,0.0000,Tx-Rx,0,-75.9887,"-7.30900 0.90000 -2.93800, 0.55000 0.10000 1.55000"
1293,0.0000,Tx-Rx,0,-73.0438,"-7.30900 0.90000 -2.93800, 0.25000 0.10000 1.55000"
1294,0.0000,Tx-Rx,0,-59.7010,"-7.30900 0.90000 -2.93800, -0.05000 0.10000 1.55000"
1295,0.0000,Tx-Rx,0,-58.0223,"-7.30900 0.90000 -2.93800, -0.35000 0.10000 1.55000"
1296,0.0000,Tx-Rx,0,-57.9225,"-7.30900 0.90000 -2.93800, -0.65000 0.10000 1.55000"
1297,0.0000,Tx-Rx,0,-57.9342,"-7.30900 0.90000 -2.93800, -0.95000 0.10000 1.55000"
1298,0.0000,Tx-Rx,0,-58.1567,"-7.30900 0.90000 -2.93800, -1.25000 0.10000 1.55000"
1299,0.0000,Tx-Rx,0,-58.4043,"-7.30900 0.90000 -2.93800, -1.55000 0.10000 1.55000"
1300,0.0000,Tx-Rx,0,-59.0188,"-7.30900 0.90000 -2.93800, -1.85000 0.10000 1.55000"
1301,0.0000,Tx-Rx,0,-58.5020,"-7.30900 0.90000 -2.93800, -2.15000 0.10000 1.55000"
1302,0.0000,Tx-Rx,0,-57.5604,"-7.30900 0.90000 -2.93800, -2.45000 0.10000 1.55000"
1303,0.0000,Tx-Rx,0,-57.2570,"-7.30900 0.90000 -2.93800, -2.75000 0.10000 1.55000"
1304,0.0000,Tx-Rx,0,-56.7634,"-7.30900 0.90000 -2.93800, -3.05000 0.10000 1.55000"
1305,0.0000,Tx-Rx,0,-55.2032,"-7.30900 0.90000 -2.93800, -3.35000 0.10000 1.55000"
1306,0.0000,Tx-Rx,0,-54.8231,"-7.30900 0.90000 -2.93800, -3.65000 0.10000 1.55000"
1307,0.0000,Tx-Rx,0,-54.3525,"-7.30900 0.90000 -2.93800, -3.95000 0.10000 1.55000"
1308,0.0000,Tx-Rx,0,-53.7770,"-7.30900 0.90000 -2.93800, -4.25000 0.10000 1.55000"
1309,0.0000,Tx-Rx,0,-53.5333,"-7.30900 0.90000 -2.93800, -4.55000 0.10000 1.55000"
1310,0.0000,Tx-Rx,0,-53.7525,"-7.30900 0.90000 -2.93800, -4.85000 0.10000 1.55000"
1311,0.0000,Tx-Rx,0,-53.1583,"-7.30900 0.90000 -2.93800, -5.15000 0.10000 1.55000"
1312,0.0000,Tx-Rx,0,-52.7187,"-7.30900 0.90000 -2.93800, -5.45000 0.10000 1.55000"
1313,0.0000,Tx-Rx,0,-52.2431,"-7.30900 0.90000 -2.93800, -5.75000 0.10000 1.55000"
1314,0.0000,Tx-Rx,0,-52.2670,"-7.30900 0.90000 -2.93800, -6.05000 0.10000 1.55000"
1315,0.0000,Tx-Rx,0,-53.4086,"-7.30900 0.90000 -2.93800, -6.35000 0.10000 1.55000"
1316,0.0000,Tx-Rx,0,-55.5657,"-7.30900 0.90000 -2.93800, -6.65000 0.10000 1.55000"
1317,0.0000,Tx-Rx,0,-50.9903,"-7.30900 0.90000 -2.93800, -6.95000 0.10000 1.55000"
1318,0.0000,Tx-Rx,0,-50.0618,"-7.30900 0.90000 -2.93800, -7.25000 0.10000 1.55000"
1319,0.0000,Tx-Rx,0,-49.7521,"-7.30900 0.90000 -2.93800, -7.55000 0.10000 1.55000"
1320,0.0000,Tx-Rx,0,-49.5787,"-7.30900 0.90000 -2.93800, -7.85000 0.10000 1.55000"
1321,0.0000,Tx-Rx,0,-55.4798,"-7.30900 0.90000 -2.93800, 9.85000 0.10000 1.25000"
1322,0.0000,Tx-Rx,0,-54.4392,"-7.30900 0.90000 -2.93800, 9.55000 0.10000 1.25000"
1323,0.0000,Tx-Rx,0,-55.1832,"-7.30900 0.90000 -2.93800, 9.25000 0.10000 1.25000"
1324,0.0000,Tx-Rx,0,-54.9594,"-7.30900 0.90000 -2.93800, 8.95000 0.10000 1.25000"
1325,0.0000,Tx-Rx,0,-54.9877,"-7.30900 0.90000 -2.93800, 8.65000 0.10000 1.25000"
1326,0.0000,Tx-Rx,0,-55.2493,"-7.30900 0.90000 -2.93800, 8.35000 0.10000 1.25000"
1327,0.0000,Tx-Rx,0,-55.2076,"-7.30900 0.90000 -2.93800, 8.05000 0.10000 1.25000"
1328,0.0000,Tx-Rx,0,-55.2077,"-7.30900 0.90000 -2.93800, 7.75000 0.10000 1.25000"
1329,0.0000,Tx-Rx,0,-53.6959,"-7.30900 0.90000 -2.93800, 7.45000 0.10000 1.25000"
1330,0.0000,Tx-Rx,0,-54.0829,"-7.30900 0.90000 -2.93800, 7.15000 0.10000 1.25000"
1331,0.0000,Tx-Rx,0,-54.1032,"-7.30900 0.90000 -2.93800, 6.85000 0.10000 1.25000"
1332,0.0000,Tx-Rx,0,-55.6454,"-7.30900 0.90000 -2.93800, 6.55000 0.10000 1.25000"
1333,0.0000,Tx-Rx,0,-57.6088,"-7.30900 0.90000 -2.93800, 6.25000 0.10000 1.25000"
1334,0.0000,Tx-Rx,0,-58.6224,"-7.30900 0.90000 -2.93800, 5.95000 0.10000 1.25000"
1335,0.0000,Tx-Rx,0,-58.6068,"-7.30900 0.90000 -2.93800, 5.65000 0.10000 1.25000"
1336,0.0000,Tx-Rx,0,-58.2966,"-7.30900 0.90000 -2.93800, 5.35000 0.10000 1.25000"
1337,0.0000,Tx-Rx,0,-58.1563,"-7.30900 0.90000 -2.93800, 5.05000 0.10000 1.25000"
1338,0.0000,Tx-Rx,0,-58.5215,"-7.30900 0.90000 -2.93800, 4.75000 0.10000 1.25000"
1339,0.0000,Tx-Rx,0,-59.0082,"-7.30900 0.90000 -2.93800, 4.45000 0.10000 1.25000"
1340,0.0000,Tx-Rx,0,-60.5095,"-7.30900 0.90000 -2.93800, 4.15000 0.10000 1.25000"
1341,0.0000,Tx-Rx,0,-63.3805,"-7.30900 0.90000 -2.93800, 3.85000 0.10000 1.25000"
1342,0.0000,Tx-Rx,0,-64.1108,"-7.30900 0.90000 -2.93800, 3.55000 0.10000 1.25000"
1343,0.0000,Tx-Rx,0,-63.9976,"-7.30900 0.90000 -2.93800, 3.25000 0.10000 1.25000"
1344,0.0000,Tx-Rx,0,-66.8731,"-7.30900 0.90000 -2.93800, 2.95000 0.10000 1.25000"
1345,0.0000,Tx-Rx,0,-68.0966,"-7.30900 0.90000 -2.93800, 2.65000 0.10000 1.25000"
1346,0.0000,Tx-Rx,0,-69.7057,"-7.30900 0.90000 -2.93800, 2.35000 0.10000 1.25000"
1347,0.0000,Tx-Rx,0,-72.6997,"-7.30900 0.90000 -2.93800, 2.05000 0.10000 1.25000"
1348,0.0000,Tx-Rx,0,-71.7961,"-7.30900 0.90000 -2.93800, 1.75000 0.10000 1.25000"
1349,0.0000,Tx-Rx,0,-71.9345,"-7.30900 0.90000 -2.93800, 1.45000 0.10000 1.25000"
1350,0.0000,Tx-Rx,0,-72.0872,"-7.30900 0.90000 -2.93800, 1.15000 0.10000 1.25000"
1351,0.0000,Tx-Rx,0,-75.2158,"-7.30900 0.90000 -2.93800, 0.85000 0.10000 1.25000"
1352,0.0000,Tx-Rx,0,-75.7025,"-7.30900 0.90000 -2.93800, 0.55000 0.10000 1.25000"
1353,0.0000,Tx-Rx,0,-68.2603,"-7.30900 0.90000 -2.93800, 0.25000 0.10000 1.25000"
1354,0.0000,Tx-Rx,0,-59.2915,"-7.30900 0.90000 -2.93800, -0.05000 0.10000 1.25000"
1355,0.0000,Tx-Rx,0,-57.7358,"-7.30900 0.90000 -2.93800, -0.35000 0.10000 1.25000"
1356,0.0000,Tx-Rx,0,-57.6339,"-7.30900 0.90000 -2.93800, -0.65000 0.10000 1.25000"
1357,0.0000,Tx-Rx,0,-57.5500,"-7.30900 0.90000 -2.93800, -0.95000 0.10000 1.25000"
1358,0.0000,Tx-Rx,0,-57.9500,"-7.30900 0.90000 -2.93800, -1.25000 0.10000 1.25000"
1359,0.0000,Tx-Rx,0,-57.9503,"-7.30900 0.90000 -2.93800, -1.55000 0.10000 1.25000"
1360,0.0000,Tx-Rx,0,-56.7523,"-7.30900 0.90000 -2.93800, -1.85000 0.10000 1.25000"
1361,0.0000,Tx-Rx,0,-57.1221,"-7.30900 0.90000 -2.93800, -2.15000 0.10000 1.25000"
1362,0.0000,Tx-Rx,0,-57.9865,"-7.30900 0.90000 -2.93800, -2.45000 0.10000 1.25000"
1363,0.0000,Tx-Rx,0,-57.5791,"-7.30900 0.90000 -2.93800, -2.75000 0.10000 1.25000"
1364,0.0000,Tx-Rx,0,-57.2241,"-7.30900 0.90000 -2.93800, -3.05000 0.10000 1.25000"
1365,0.0000,Tx-Rx,0,-56.5632,"-7.30900 0.90000 -2.93800, -3.35000 0.10000 1.25000"
1366,0.0000,Tx-Rx,0,-54.8690,"-7.30900 0.90000 -2.93800, -3.65000 0.10000 1.25000"
1367,0.0000,Tx-Rx,0,-54.4934,"-7.30900 0.90000 -2.93800, -3.95000 0.10000 1.25000"
1368,0.0000,Tx-Rx,0,-54.0626,"-7.30900 0.90000 -2.93800, -4.25000 0.10000 1.25000"
1369,0.0000,Tx-Rx,0,-53.7121,"-7.30900 0.90000 -2.93800, -4.55000 0.10000 1.25000"
1370,0.0000,Tx-Rx,0,-53.7287,"-7.30900 0.90000 -2.93800, -4.85000 0.10000 1.25000"
1371,0.0000,Tx-Rx,0,-53.4823,"-7.30900 0.90000 -2.93800, -5.15000 0.10000 1.25000"
1372,0.0000,Tx-Rx,0,-52.8933,"-7.30900 0.90000 -2.93800, -5.45000 0.10000 1.25000"
1373,0.0000,Tx-Rx,0,-52.5230,"-7.30900 0.90000 -2.93800, -5.75000 0.10000 1.25000"
1374,0.0000,Tx-Rx,0,-52.0837,"-7.30900 0.90000 -2.93800, -6.05000 0.10000 1.25000"
1375,0.0000,Tx-Rx,0,-52.4743,"-7.30900 0.90000 -2.93800, -6.35000 0.10000 1.25000"
1376,0.0000,Tx-Rx,0,-54.8569,"-7.30900 0.90000 -2.93800, -6.65000 0.10000 1.25000"
1377,0.0000,Tx-Rx,0,-51.0921,"-7.30900 0.90000 -2.93800, -6.95000 0.10000 1.25000"
1378,0.0000,Tx-Rx,0,-49.4086,"-7.30900 0.90000 -2.93800, -7.25000 0.10000 1.25000"
1379,0.0000,Tx-Rx,0,-49.1844,"-7.30900 0.90000 -2.93800, -7.55000 0.10000 1.25000"
1380,0.0000,Tx-Rx,0,-49.0733,"-7.30900 0.90000 -2.93800, -7.85000 0.10000 1.25000"
1381,0.0000,Tx-Rx,0,-58.7930,"-7.30900 0.90000 -2.93800, 9.85000 0.10000 0.95000"
1382,0.0000,Tx-Rx,0,-56.8082,"-7.30900 0.90000 -2.93800, 9.55000 0.10000 0.95000"
1383,0.0000,Tx-Rx,0,-55.4953,"-7.30900 0.90000 -2.93800, 9.25000 0.10000 0.95000"
1384,0.0000,Tx-Rx,0,-54.6549,"-7.30900 0.90000 -2.93800, 8.95000 0.10000 0.95000"
1385,0.0000,Tx-Rx,0,-55.2229,"-7.30900 0.90000 -2.93800, 8.65000 0.10000 0.95000"
1386,0.0000,Tx-Rx,0,-55.4877,"-7.30900 0.90000 -2.93800, 8.35000 0.10000 0.95000"
1387,0.0000,Tx-Rx,0,-55.1953,"-7.30900 0.90000 -2.93800, 8.05000 0.10000 0.95000"
1388,0.0000,Tx-Rx,0,-54.2424,"-7.30900 0.90000 -2.93800, 7.75000 0.10000 0.95000"
1389,0.0000,Tx-Rx,0,-53.4066,"-7.30900 0.90000 -2.93800, 7.45000 0.10000 0.95000"
1390,0.0000,Tx-Rx,0,-52.9719,"-7.30900 0.90000 -2.93800, 7.15000 0.10000 0.95000"
1391,0.0000,Tx-Rx,0,-52.5434,"-7.30900 0.90000 -2.93800, 6.85000 0.10000 0.95000"
1392,0.0000,Tx-Rx,0,-52.3995,"-7.30900 0.90000 -2.93800, 6.55000 0.10000 0.95000"
1393,0.0000,Tx-Rx,0,-53.0777,"-7.30900 0.90000 -2.93800, 6.25000 0.10000 0.95000"
1394,0.0000,Tx-Rx,0,-53.4784,"-7.30900 0.90000 -2.93800, 5.95000 0.10000 0.95000"
1395,0.0000,Tx-Rx,0,-54.1288,"-7.30900 0.90000 -2.93800, 5.65000 0.10000 0.95000"
1396,0.0000,Tx-Rx,0,-54.7660,"-7.30900 0.90000 -2.93800, 5.35000 0.10000 0.95000"
1397,0.0000,Tx-Rx,0,-55.9972,"-7.30900 0.90000 -2.93800, 5.05000 0.10000 0.95000"
1398,0.0000,Tx-Rx,0,-58.5047,"-7.30900 0.90000 -2.93800, 4.75000 0.10000 0.95000"
1399,0.0000,Tx-Rx,0,-61.1996,"-7.30900 0.90000 -2.93800, 4.45000 0.10000 0.95000"
1400,0.0000,Tx-Rx,0,-60.5198,"-7.30900 0.90000 -2.93800, 4.15000 0.10000 0.95000"
1401,0.0000,Tx-Rx,0,-61.1968,"-7.30900 0.90000 -2.93800, 3.85000 0.10000 0.95000"
1402,0.0000,Tx-Rx,0,-62.7800,"-7.30900 0.90000 -2.93800, 3.55000 0.10000 0.95000"
1403,0.0000,Tx-Rx,0,-61.3796,"-7.30900 0.90000 -2.93800, 3.25000 0.10000 0.95000"
1404,0.0000,Tx-Rx,0,-60.4401,"-7.30900 0.90000 -2.93800, 2.95000 0.10000 0.95000"
1405,0.0000,Tx-Rx,0,-63.4525,"-7.30900 0.90000 -2.93800, 2.65000 0.10000 0.95000"
1406,0.0000,Tx-Rx,0,-69.0472,"-7.30900 0.90000 -2.93800, 2.35000 0.10000 0.95000"
1407,0.0000,Tx-Rx,0,-70.6635,"-7.30900 0.90000 -2.93800, 2.05000 0.10000 0.95000"
1408,0.0000,Tx-Rx,0,-70.0377,"-7.30900 0.90000 -2.93800, 1.75000 0.10000 0.95000"
1409,0.0000,Tx-Rx,0,-70.3841,"-7.30900 0.90000 -2.93800, 1.45000 0.10000 0.95000"
1410,0.0000,Tx-Rx,0,-70.1647,"-7.30900 0.90000 -2.93800, 1.15000 0.10000 0.95000"
1411,0.0000,Tx-Rx,0,-71.0530,"-7.30900 0.90000 -2.93800, 0.85000 0.10000 0.95000"
1412,0.0000,Tx-Rx,0,-73.1391,"-7.30900 0.90000 -2.93800, 0.55000 0.10000 0.95000"
1413,0.0000,Tx-Rx,0,-72.4248,"-7.30900 0.90000 -2.93800, 0.25000 0.10000 0.95000"
1414,0.0000,Tx-Rx,0,-59.2191,"-7.30900 0.90000 -2.93800, -0.05000 0.10000 0.95000"
1415,0.0000,Tx-Rx,0,-57.4167,"-7.30900 0.90000 -2.93800, -0.35000 0.10000 0.95000"
1416,0.0000,Tx-Rx,0,-57.3703,"-7.30900 0.90000 -2.93800, -0.65000 0.10000 0.95000"
1417,0.0000,Tx-Rx,0,-57.5251,"-7.30900 0.90000 -2.93800, -0.95000 0.10000 0.95000"
1418,0.0000,Tx-Rx,0,-57.4302,"-7.30900 0.90000 -2.93800, -1.25000 0.10000 0.95000"
1419,0.0000,Tx-Rx,0,-56.9083,"-7.30900 0.90000 -2.93800, -1.55000 0.10000 0.95000"
1420,0.0000,Tx-Rx,0,-56.2395,"-7.30900 0.90000 -2.93800, -1.85000 0.10000 0.95000"
1421,0.0000,Tx-Rx,0,-56.1206,"-7.30900 0.90000 -2.93800, -2.15000 0.10000 0.95000"
1422,0.0000,Tx-Rx,0,-57.0354,"-7.30900 0.90000 -2.93800, -2.45000 0.10000 0.95000"
1423,0.0000,Tx-Rx,0,-57.3875,"-7.30900 0.90000 -2.93800, -2.75000 0.10000 0.95000"
1424,0.0000,Tx-Rx,0,-56.9925,"-7.30900 0.90000 -2.93800, -3.05000 0.10000 0.95000"
1425,0.0000,Tx-Rx,0,-56.7251,"-7.30900 0.90000 -2.93800, -3.35000 0.10000 0.95000"
1426,0.0000,Tx-Rx,0,-55.9394,"-7.30900 0.90000 -2.93800, -3.65000 0.10000 0.95000"
1427,0.0000,Tx-Rx,0,-55.0658,"-7.30900 0.90000 -2.93800, -3.95000 0.10000 0.95000"
1428,0.0000,Tx-Rx,0,-54.6152,"-7.30900 0.90000 -2.93800, -4.25000 0.10000 0.95000"
1429,0.0000,Tx-Rx,0,-54.2596,"-7.30900 0.90000 -2.93800, -4.55000 0.10000 0.95000"
1430,0.0000,Tx-Rx,0,-54.0662,"-7.30900 0.90000 -2.93800, -4.85000 0.10000 0.95000"
1431,0.0000,Tx-Rx,0,-53.6763,"-7.30900 0.90000 -2.93800, -5.15000 0.10000 0.95000"
1432,0.0000,Tx-Rx,0,-53.3842,"-7.30900 0.90000 -2.93800, -5.45000 0.10000 0.95000"
1433,0.0000,Tx-Rx,0,-52.8939,"-7.30900 0.90000 -2.93800, -5.75000 0.10000 0.95000"
1434,0.0000,Tx-Rx,0,-52.2836,"-7.30900 0.90000 -2.93800, -6.05000 0.10000 0.95000"
1435,0.0000,Tx-Rx,0,-52.1809,"-7.30900 0.90000 -2.93800, -6.35000 0.10000 0.95000"
1436,0.0000,Tx-Rx,0,-54.1170,"-7.30900 0.90000 -2.93800, -6.65000 0.10000 0.95000"
1437,0.0000,Tx-Rx,0,-51.0068,"-7.30900 0.90000 -2.93800, -6.95000 0.10000 0.95000"
1438,0.0000,Tx-Rx,0,-48.6994,"-7.30900 0.90000 -2.93800, -7.25000 0.10000 0.95000"
1439,0.0000,Tx-Rx,0,-48.4596,"-7.30900 0.90000 -2.93800, -7.55000 0.10000 0.95000"
1440,0.0000,Tx-Rx,0,-48.2949,"-7.30900 0.90000 -2.93800, -7.85000 0.10000 0.95000"
1441,0.0000,Tx-Rx,0,-67.8486,"-7.30900 0.90000 -2.93800, 9.85000 0.10000 0.65000"
1442,0.0000,Tx-Rx,0,-69.3659,"-7.30900 0.90000 -2.93800, 9.55000 0.10000 0.65000"
1443,0.0000,Tx-Rx,0,-70.4169,"-7.30900 0.90000 -2.93800, 9.25000 0.10000 0.65000"
1444,0.0000,Tx-Rx,0,-66.1263,"-7.30900 0.90000 -2.93800, 8.95000 0.10000 0.65000"
1445,0.0000,Tx-Rx,0,-59.1902,"-7.30900 0.90000 -2.93800, 8.65000 0.10000 0.65000"
1446,0.0000,Tx-Rx,0,-52.6421,"-7.30900 0.90000 -2.93800, 8.35000 0.10000 0.65000"
1447,0.0000,Tx-Rx,0,-52.0531,"-7.30900 0.90000 -2.93800, 8.05000 0.10000 0.65000"
1448,0.0000,Tx-Rx,0,-51.9379,"-7.30900 0.90000 -2.93800, 7.75000 0.10000 0.65000"
1449,0.0000,Tx-Rx,0,-52.4247,"-7.30900 0.90000 -2.93800, 7.45000 0.10000 0.65000"
1450,0.0000,Tx-Rx,0,-52.5781,"-7.30900 0.90000 -2.93800, 7.15000 0.10000 0.65000"
1451,0.0000,Tx-Rx,0,-52.6568,"-7.30900 0.90000 -2.93800, 6.85000 0.10000 0.65000"
1452,0.0000,Tx-Rx,0,-52.3967,"-7.30900 0.90000 -2.93800, 6.55000 0.10000 0.65000"
1453,0.0000,Tx-Rx,0,-53.5226,"-7.30900 0.90000 -2.93800, 6.25000 0.10000 0.65000"
1454,0.0000,Tx-Rx,0,-53.2818,"-7.30900 0.90000 -2.93800, 5.95000 0.10000 0.65000"
1455,0.0000,Tx-Rx,0,-53.8093,"-7.30900 0.90000 -2.93800, 5.65000 0.10000 0.65000"
1456,0.0000,Tx-Rx,0,-54.5976,"-7.30900 0.90000 -2.93800, 5.35000 0.10000 0.65000"
1457,0.0000,Tx-Rx,0,-54.0166,"-7.30900 0.90000 -2.93800, 5.05000 0.10000 0.65000"
1458,0.0000,Tx-Rx,0,-55.5073,"-7.30900 0.90000 -2.93800, 4.75000 0.10000 0.65000"
1459,0.0000,Tx-Rx,0,-56.0984,"-7.30900 0.90000 -2.93800, 4.45000 0.10000 0.65000"
1460,0.0000,Tx-Rx,0,-58.3772,"-7.30900 0.90000 -2.93800, 4.15000 0.10000 0.65000"
1461,0.0000,Tx-Rx,0,-59.5118,"-7.30900 0.90000 -2.93800, 3.85000 0.10000 0.65000"
1462,0.0000,Tx-Rx,0,-59.4628,"-7.30900 0.90000 -2.93800, 3.55000 0.10000 0.65000"
1463,0.0000,Tx-Rx,0,-59.7667,"-7.30900 0.90000 -2.93800, 3.25000 0.10000 0.65000"
1464,0.0000,Tx-Rx,0,-59.6213,"-7.30900 0.90000 -2.93800, 2.95000 0.10000 0.65000"
1465,0.0000,Tx-Rx,0,-59.1586,"-7.30900 0.90000 -2.93800, 2.65000 0.10000 0.65000"
1466,0.0000,Tx-Rx,0,-60.0033,"-7.30900 0.90000 -2.93800, 2.35000 0.10000 0.65000"
1467,0.0000,Tx-Rx,0,-64.4243,"-7.30900 0.90000 -2.93800, 2.05000 0.10000 0.65000"
1468,0.0000,Tx-Rx,0,-68.1482,"-7.30900 0.90000 -2.93800, 1.75000 0.10000 0.65000"
1469,0.0000,Tx-Rx,0,-68.5463,"-7.30900 0.90000 -2.93800, 1.45000 0.10000 0.65000"
1470,0.0000,Tx-Rx,0,-68.4201,"-7.30900 0.90000 -2.93800, 1.15000 0.10000 0.65000"
1471,0.0000,Tx-Rx,0,-68.2000,"-7.30900 0.90000 -2.93800, 0.85000 0.10000 0.65000"
1472,0.0000,Tx-Rx,0,-69.2383,"-7.30900 0.90000 -2.93800, 0.55000 0.10000 0.65000"
1473,0.0000,Tx-Rx,0,-69.2054,"-7.30900 0.90000 -2.93800, 0.25000 0.10000 0.65000"
1474,0.0000,Tx-Rx,0,-58.7673,"-7.30900 0.90000 -2.93800, -0.05000 0.10000 0.65000"
1475,0.0000,Tx-Rx,0,-57.1743,"-7.30900 0.90000 -2.93800, -0.35000 0.10000 0.65000"
1476,0.0000,Tx-Rx,0,-57.1164,"-7.30900 0.90000 -2.93800, -0.65000 0.10000 0.65000"
1477,0.0000,Tx-Rx,0,-57.0787,"-7.30900 0.90000 -2.93800, -0.95000 0.10000 0.65000"
1478,0.0000,Tx-Rx,0,-56.6148,"-7.30900 0.90000 -2.93800, -1.25000 0.10000 0.65000"
1479,0.0000,Tx-Rx,0,-56.1367,"-7.30900 0.90000 -2.93800, -1.55000 0.10000 0.65000"
1480,0.0000,Tx-Rx,0,-55.6857,"-7.30900 0.90000 -2.93800, -1.85000 0.10000 0.65000"
1481,0.0000,Tx-Rx,0,-55.4549,"-7.30900 0.90000 -2.93800, -2.15000 0.10000 0.65000"
1482,0.0000,Tx-Rx,0,-55.4207,"-7.30900 0.90000 -2.93800, -2.45000 0.10000 0.65000"
1483,0.0000,Tx-Rx,0,-56.8991,"-7.30900 0.90000 -2.93800, -2.75000 0.10000 0.65000"
1484,0.0000,Tx-Rx,0,-57.0246,"-7.30900 0.90000 -2.93800, -3.05000 0.10000 0.65000"
1485,0.0000,Tx-Rx,0,-56.7487,"-7.30900 0.90000 -2.93800, -3.35000 0.10000 0.65000"
1486,0.0000,Tx-Rx,0,-56.4757,"-7.30900 0.90000 -2.93800, -3.65000 0.10000 0.65000"
1487,0.0000,Tx-Rx,0,-55.7667,"-7.30900 0.90000 -2.93800, -3.95000 0.10000 0.65000"
1488,0.0000,Tx-Rx,0,-55.0177,"-7.30900 0.90000 -2.93800, -4.25000 0.10000 0.65000"
1489,0.0000,Tx-Rx,0,-54.7362,"-7.30900 0.90000 -2.93800, -4.55000 0.10000 0.65000"
1490,0.0000,Tx-Rx,0,-54.5879,"-7.30900 0.90000 -2.93800, -4.85000 0.10000 0.65000"
1491,0.0000,Tx-Rx,0,-54.1215,"-7.30900 0.90000 -2.93800, -5.15000 0.10000 0.65000"
1492,0.0000,Tx-Rx,0,-53.6209,"-7.30900 0.90000 -2.93800, -5.45000 0.10000 0.65000"
1493,0.0000,Tx-Rx,0,-52.9648,"-7.30900 0.90000 -2.93800, -5.75000 0.10000 0.65000"
1494,0.0000,Tx-Rx,0,-52.0417,"-7.30900 0.90000 -2.93800, -6.05000 0.10000 0.65000"
1495,0.0000,Tx-Rx,0,-52.0134,"-7.30900 0.90000 -2.93800, -6.35000 0.10000 0.65000"
1496,0.0000,Tx-Rx,0,-52.6862,"-7.30900 0.90000 -2.93800, -6.65000 0.10000 0.65000"
1497,0.0000,Tx-Rx,0,-50.8143,"-7.30900 0.90000 -2.93800, -6.95000 0.10000 0.65000"
1498,0.0000,Tx-Rx,0,-48.4894,"-7.30900 0.90000 -2.93800, -7.25000 0.10000 0.65000"
1499,0.0000,Tx-Rx,0,-47.6318,"-7.30900 0.90000 -2.93800, -7.55000 0.10000 0.65000"
1500,0.0000,Tx-Rx,0,-47.7183,"-7.30900 0.90000 -2.93800, -7.85000 0.10000 0.65000"
1501,0.0000,Tx-Rx,0,-61.9738,"-7.30900 0.90000 -2.93800, 9.85000 0.10000 0.35000"
1502,0.0000,Tx-Rx,0,-63.6843,"-7.30900 0.90000 -2.93800, 9.55000 0.10000 0.35000"
1503,0.0000,Tx-Rx,0,-64.4561,"-7.30900 0.90000 -2.93800, 9.25000 0.10000 0.35000"
1504,0.0000,Tx-Rx,0,-85.9553,"-7.30900 0.90000 -2.93800, 8.95000 0.10000 0.35000"
1505,0.0000,Tx-Rx,0,-64.9441,"-7.30900 0.90000 -2.93800, 8.65000 0.10000 0.35000"
1506,0.0000,Tx-Rx,0,-52.6587,"-7.30900 0.90000 -2.93800, 8.35000 0.10000 0.35000"
1507,0.0000,Tx-Rx,0,-52.4820,"-7.30900 0.90000 -2.93800, 8.05000 0.10000 0.35000"
1508,0.0000,Tx-Rx,0,-52.4968,"-7.30900 0.90000 -2.93800, 7.75000 0.10000 0.35000"
1509,0.0000,Tx-Rx,0,-52.3739,"-7.30900 0.90000 -2.93800, 7.45000 0.10000 0.35000"
1510,0.0000,Tx-Rx,0,-52.1288,"-7.30900 0.90000 -2.93800, 7.15000 0.10000 0.35000"
1511,0.0000,Tx-Rx,0,-52.5663,"-7.30900 0.90000 -2.93800, 6.85000 0.10000 0.35000"
1512,0.0000,Tx-Rx,0,-53.0901,"-7.30900 0.90000 -2.93800, 6.55000 0.10000 0.35000"
1513,0.0000,Tx-Rx,0,-54.1567,"-7.30900 0.90000 -2.93800, 6.25000 0.10000 0.35000"
1514,0.0000,Tx-Rx,0,-54.8226,"-7.30900 0.90000 -2.93800, 5.95000 0.10000 0.35000"
1515,0.0000,Tx-Rx,0,-54.8209,"-7.30900 0.90000 -2.93800, 5.65000 0.10000 0.35000"
1516,0.0000,Tx-Rx,0,-55.4797,"-7.30900 0.90000 -2.93800, 5.35000 0.10000 0.35000"
1517,0.0000,Tx-Rx,0,-55.3221,"-7.30900 0.90000 -2.93800, 5.05000 0.10000 0.35000"
1518,0.0000,Tx-Rx,0,-55.4851,"-7.30900 0.90000 -2.93800, 4.75000 0.10000 0.35000"
1519,0.0000,Tx-Rx,0,-55.1544,"-7.30900 0.90000 -2.93800, 4.45000 0.10000 0.35000"
1520,0.0000,Tx-Rx,0,-55.0802,"-7.30900 0.90000 -2.93800, 4.15000 0.10000 0.35000"
1521,0.0000,Tx-Rx,0,-55.4623,"-7.30900 0.90000 -2.93800, 3.85000 0.10000 0.35000"
1522,0.0000,Tx-Rx,0,-55.8726,"-7.30900 0.90000 -2.93800, 3.55000 0.10000 0.35000"
1523,0.0000,Tx-Rx,0,-56.5502,"-7.30900 0.90000 -2.93800, 3.25000 0.10000 0.35000"
1524,0.0000,Tx-Rx,0,-58.3188,"-7.30900 0.90000 -2.93800, 2.95000 0.10000 0.35000"
1525,0.0000,Tx-Rx,0,-59.2897,"-7.30900 0.90000 -2.93800, 2.65000 0.10000 0.35000"
1526,0.0000,Tx-Rx,0,-58.7897,"-7.30900 0.90000 -2.93800, 2.35000 0.10000 0.35000"
1527,0.0000,Tx-Rx,0,-58.8336,"-7.30900 0.90000 -2.93800, 2.05000 0.10000 0.35000"
1528,0.0000,Tx-Rx,0,-60.5593,"-7.30900 0.90000 -2.93800, 1.75000 0.10000 0.35000"
1529,0.0000,Tx-Rx,0,-64.9706,"-7.30900 0.90000 -2.93800, 1.45000 0.10000 0.35000"
1530,0.0000,Tx-Rx,0,-65.6705,"-7.30900 0.90000 -2.93800, 1.15000 0.10000 0.35000"
1531,0.0000,Tx-Rx,0,-65.8072,"-7.30900 0.90000 -2.93800, 0.85000 0.10000 0.35000"
1532,0.0000,Tx-Rx,0,-66.3936,"-7.30900 0.90000 -2.93800, 0.55000 0.10000 0.35000"
1533,0.0000,Tx-Rx,0,-66.8710,"-7.30900 0.90000 -2.93800, 0.25000 0.10000 0.35000"
1534,0.0000,Tx-Rx,0,-58.2889,"-7.30900 0.90000 -2.93800, -0.05000 0.10000 0.35000"
1535,0.0000,Tx-Rx,0,-56.6656,"-7.30900 0.90000 -2.93800, -0.35000 0.10000 0.35000"
1536,0.0000,Tx-Rx,0,-56.6780,"-7.30900 0.90000 -2.93800, -0.65000 0.10000 0.35000"
1537,0.0000,Tx-Rx,0,-55.7070,"-7.30900 0.90000 -2.93800, -0.95000 0.10000 0.35000"
1538,0.0000,Tx-Rx,0,-54.8951,"-7.30900 0.90000 -2.93800, -1.25000 0.10000 0.35000"
1539,0.0000,Tx-Rx,0,-54.8809,"-7.30900 0.90000 -2.93800, -1.55000 0.10000 0.35000"
1540,0.0000,Tx-Rx,0,-55.0177,"-7.30900 0.90000 -2.93800, -1.85000 0.10000 0.35000"
1541,0.0000,Tx-Rx,0,-55.0577,"-7.30900 0.90000 -2.93800, -2.15000 0.10000 0.35000"
1542,0.0000,Tx-Rx,0,-54.9479,"-7.30900 0.90000 -2.93800, -2.45000 0.10000 0.35000"
1543,0.0000,Tx-Rx,0,-56.1543,"-7.30900 0.90000 -2.93800, -2.75000 0.10000 0.35000"
1544,0.0000,Tx-Rx,0,-56.5965,"-7.30900 0.90000 -2.93800, -3.05000 0.10000 0.35000"
1545,0.0000,Tx-Rx,0,-57.0460,"-7.30900 0.90000 -2.93800, -3.35000 0.10000 0.35000"
1546,0.0000,Tx-Rx,0,-56.9353,"-7.30900 0.90000 -2.93800, -3.65000 0.10000 0.35000"
1547,0.0000,Tx-Rx,0,-56.6376,"-7.30900 0.90000 -2.93800, -3.95000 0.10000 0.35000"
1548,0.0000,Tx-Rx,0,-55.7153,"-7.30900 0.90000 -2.93800, -4.25000 0.10000 0.35000"
1549,0.0000,Tx-Rx,0,-54.9849,"-7.30900 0.90000 -2.93800, -4.55000 0.10000 0.35000"
1550,0.0000,Tx-Rx,0,-54.4803,"-7.30900 0.90000 -2.93800, -4.85000 0.10000 0.35000"
1551,0.0000,Tx-Rx,0,-54.5271,"-7.30900 0.90000 -2.93800, -5.15000 0.10000 0.35000"
1552,0.0000,Tx-Rx,0,-53.8581,"-7.30900 0.90000 -2.93800, -5.45000 0.10000 0.35000"
1553,0.0000,Tx-Rx,0,-53.1147,"-7.30900 0.90000 -2.93800, -5.75000 0.10000 0.35000"
1554,0.0000,Tx-Rx,0,-51.7999,"-7.30900 0.90000 -2.93800, -6.05000 0.10000 0.35000"
1555,0.0000,Tx-Rx,0,-51.7912,"-7.30900 0.90000 -2.93800, -6.35000 0.10000 0.35000"
1556,0.0000,Tx-Rx,0,-51.9426,"-7.30900 0.90000 -2.93800, -6.65000 0.10000 0.35000"
1557,0.0000,Tx-Rx,0,-50.0758,"-7.30900 0.90000 -2.93800, -6.95000 0.10000 0.35000"
1558,0.0000,Tx-Rx,0,-47.7510,"-7.30900 0.90000 -2.93800, -7.25000 0.10000 0.35000"
1559,0.0000,Tx-Rx,0,-46.4663,"-7.30900 0.90000 -2.93800, -7.55000 0.10000 0.35000"
1560,0.0000,Tx-Rx,0,-46.9544,"-7.30900 0.90000 -2.93800, -7.85000 0.10000 0.35000"
1561,0.0000,Tx-Rx,0,-55.7820,"-7.30900 0.90000 -2.93800, 9.85000 0.10000 0.05000"
1562,0.0000,Tx-Rx,0,-55.0011,"-7.30900 0.90000 -2.93800, 9.55000 0.10000 0.05000"
1563,0.0000,Tx-Rx,0,-54.9402,"-7.30900 0.90000 -2.93800, 9.25000 0.10000 0.05000"
1564,0.0000,Tx-Rx,0,-55.1246,"-7.30900 0.90000 -2.93800, 8.95000 0.10000 0.05000"
1565,0.0000,Tx-Rx,0,-56.3428,"-7.30900 0.90000 -2.93800, 8.65000 0.10000 0.05000"
1566,0.0000,Tx-Rx,0,-53.7758,"-7.30900 0.90000 -2.93800, 8.35000 0.10000 0.05000"
1567,0.0000,Tx-Rx,0,-54.1407,"-7.30900 0.90000 -2.93800, 8.05000 0.10000 0.05000"
1568,0.0000,Tx-Rx,0,-54.3445,"-7.30900 0.90000 -2.93800, 7.75000 0.10000 0.05000"
1569,0.0000,Tx-Rx,0,-54.1884,"-7.30900 0.90000 -2.93800, 7.45000 0.10000 0.05000"
1570,0.0000,Tx-Rx,0,-54.8137,"-7.30900 0.90000 -2.93800, 7.15000 0.10000 0.05000"
1571,0.0000,Tx-Rx,0,-54.8323,"-7.30900 0.90000 -2.93800, 6.85000 0.10000 0.05000"
1572,0.0000,Tx-Rx,0,-54.5398,"-7.30900 0.90000 -2.93800, 6.55000 0.10000 0.05000"
1573,0.0000,Tx-Rx,0,-54.5065,"-7.30900 0.90000 -2.93800, 6.25000 0.10000 0.05000"
1574,0.0000,Tx-Rx,0,-54.4694,"-7.30900 0.90000 -2.93800, 5.95000 0.10000 0.05000"
1575,0.0000,Tx-Rx,0,-54.2396,"-7.30900 0.90000 -2.93800, 5.65000 0.10000 0.05000"
1576,0.0000,Tx-Rx,0,-54.1076,"-7.30900 0.90000 -2.93800, 5.35000 0.10000 0.05000"
1577,0.0000,Tx-Rx,0,-54.4428,"-7.30900 0.90000 -2.93800, 5.05000 0.10000 0.05000"
1578,0.0000,Tx-Rx,0,-55.5112,"-7.30900 0.90000 -2.93800, 4.75000 0.10000 0.05000"
1579,0.0000,Tx-Rx,0,-55.1185,"-7.30900 0.90000 -2.93800, 4.45000 0.10000 0.05000"
1580,0.0000,Tx-Rx,0,-54.6222,"-7.30900 0.90000 -2.93800, 4.15000 0.10000 0.05000"
1581,0.0000,Tx-Rx,0,-54.3897,"-7.30900 0.90000 -2.93800, 3.85000 0.10000 0.05000"
1582,0.0000,Tx-Rx,0,-53.9809,"-7.30900 0.90000 -2.93800, 3.55000 0.10000 0.05000"
1583,0.0000,Tx-Rx,0,-53.8813,"-7.30900 0.90000 -2.93800, 3.25000 0.10000 0.05000"
1584,0.0000,Tx-Rx,0,-53.7488,"-7.30900 0.90000 -2.93800, 2.95000 0.10000 0.05000"
1585,0.0000,Tx-Rx,0,-54.2814,"-7.30900 0.90000 -2.93800, 2.65000 0.10000 0.05000"
1586,0.0000,Tx-Rx,0,-55.1466,"-7.30900 0.90000 -2.93800, 2.35000 0.10000 0.05000"
1587,0.0000,Tx-Rx,0,-56.9718,"-7.30900 0.90000 -2.93800, 2.05000 0.10000 0.05000"
1588,0.0000,Tx-Rx,0,-58.4279,"-7.30900 0.90000 -2.93800, 1.75000 0.10000 0.05000"
1589,0.0000,Tx-Rx,0,-58.8320,"-7.30900 0.90000 -2.93800, 1.45000 0.10000 0.05000"
1590,0.0000,Tx-Rx,0,-61.6214,"-7.30900 0.90000 -2.93800, 1.15000 0.10000 0.05000"
1591,0.0000,Tx-Rx,0,-65.4750,"-7.30900 0.90000 -2.93800, 0.85000 0.10000 0.05000"
1592,0.0000,Tx-Rx,0,-65.5364,"-7.30900 0.90000 -2.93800, 0.55000 0.10000 0.05000"
1593,0.0000,Tx-Rx,0,-66.5058,"-7.30900 0.90000 -2.93800, 0.25000 0.10000 0.05000"
1594,0.0000,Tx-Rx,0,-57.5040,"-7.30900 0.90000 -2.93800, -0.05000 0.10000 0.05000"
1595,0.0000,Tx-Rx,0,-55.4540,"-7.30900 0.90000 -2.93800, -0.35000 0.10000 0.05000"
1596,0.0000,Tx-Rx,0,-54.7786,"-7.30900 0.90000 -2.93800, -0.65000 0.10000 0.05000"
1597,0.0000,Tx-Rx,0,-54.3051,"-7.30900 0.90000 -2.93800, -0.95000 0.10000 0.05000"
1598,0.0000,Tx-Rx,0,-54.4344,"-7.30900 0.90000 -2.93800, -1.25000 0.10000 0.05000"
1599,0.0000,Tx-Rx,0,-54.8533,"-7.30900 0.90000 -2.93800, -1.55000 0.10000 0.05000"
1600,0.0000,Tx-Rx,0,-54.9614,"-7.30900 0.90000 -2.93800, -1.85000 0.10000 0.05000"
1601,0.0000,Tx-Rx,0,-55.0454,"-7.30900 0.90000 -2.93800, -2.15000 0.10000 0.05000"
1602,0.0000,Tx-Rx,0,-55.1449,"-7.30900 0.90000 -2.93800, -2.45000 0.10000 0.05000"
1603,0.0000,Tx-Rx,0,-56.8710,"-7.30900 0.90000 -2.93800, -2.75000 0.10000 0.05000"
1604,0.0000,Tx-Rx,0,-57.0807,"-7.30900 0.90000 -2.93800, -3.05000 0.10000 0.05000"
1605,0.0000,Tx-Rx,0,-57.2225,"-7.30900 0.90000 -2.93800, -3.35000 0.10000 0.05000"
1606,0.0000,Tx-Rx,0,-57.3881,"-7.30900 0.90000 -2.93800, -3.65000 0.10000 0.05000"
1607,0.0000,Tx-Rx,0,-57.2580,"-7.30900 0.90000 -2.93800, -3.95000 0.10000 0.05000"
1608,0.0000,Tx-Rx,0,-57.0010,"-7.30900 0.90000 -2.93800, -4.25000 0.10000 0.05000"
1609,0.0000,Tx-Rx,0,-55.8987,"-7.30900 0.90000 -2.93800, -4.55000 0.10000 0.05000"
1610,0.0000,Tx-Rx,0,-55.0061,"-7.30900 0.90000 -2.93800, -4.85000 0.10000 0.05000"
1611,0.0000,Tx-Rx,0,-54.8260,"-7.30900 0.90000 -2.93800, -5.15000 0.10000 0.05000"
1612,0.0000,Tx-Rx,0,-54.7610,"-7.30900 0.90000 -2.93800, -5.45000 0.10000 0.05000"
1613,0.0000,Tx-Rx,0,-53.2434,"-7.30900 0.90000 -2.93800, -5.75000 0.10000 0.05000"
1614,0.0000,Tx-Rx,0,-51.5457,"-7.30900 0.90000 -2.93800, -6.05000 0.10000 0.05000"
1615,0.0000,Tx-Rx,0,-51.4293,"-7.30900 0.90000 -2.93800, -6.35000 0.10000 0.05000"
1616,0.0000,Tx-Rx,0,-51.3875,"-7.30900 0.90000 -2.93800, -6.65000 0.10000 0.05000"
1617,0.0000,Tx-Rx,0,-48.9743,"-7.30900 0.90000 -2.93800, -6.95000 0.10000 0.05000"
1618,0.0000,Tx-Rx,0,-46.5962,"-7.30900 0.90000 -2.93800, -7.25000 0.10000 0.05000"
1619,0.0000,Tx-Rx,0,-45.7216,"-7.30900 0.90000 -2.93800, -7.55000 0.10000 0.05000"
1620,0.0000,Tx-Rx,0,-45.8773,"-7.30900 0.90000 -2.93800, -7.85000 0.10000 0.05000"
1621,0.0000,Tx-Rx,0,-57.9610,"-7.30900 0.90000 -2.93800, 9.85000 0.10000 -0.25000"
1622,0.0000,Tx-Rx,0,-59.0084,"-7.30900 0.90000 -2.93800, 9.55000 0.10000 -0.25000"
1623,0.0000,Tx-Rx,0,-59.3145,"-7.30900 0.90000 -2.93800, 9.25000 0.10000 -0.25000"
1624,0.0000,Tx-Rx,0,-58.9045,"-7.30900 0.90000 -2.93800, 8.95000 0.10000 -0.25000"
1625,0.0000,Tx-Rx,0,-57.5068,"-7.30900 0.90000 -2.93800, 8.65000 0.10000 -0.25000"
1626,0.0000,Tx-Rx,0,-56.5248,"-7.30900 0.90000 -2.93800, 8.35000 0.10000 -0.25000"
1627,0.0000,Tx-Rx,0,-55.6282,"-7.30900 0.90000 -2.93800, 8.05000 0.10000 -0.25000"
1628,0.0000,Tx-Rx,0,-55.0177,"-7.30900 0.90000 -2.93800, 7.75000 0.10000 -0.25000"
1629,0.0000,Tx-Rx,0,-54.4398,"-7.30900 0.90000 -2.93800, 7.45000 0.10000 -0.25000"
1630,0.0000,Tx-Rx,0,-53.7167,"-7.30900 0.90000 -2.93800, 7.15000 0.10000 -0.25000"
1631,0.0000,Tx-Rx,0,-53.6109,"-7.30900 0.90000 -2.93800, 6.85000 0.10000 -0.25000"
1632,0.0000,Tx-Rx,0,-53.6876,"-7.30900 0.90000 -2.93800, 6.55000 0.10000 -0.25000"
1633,0.0000,Tx-Rx,0,-54.6602,"-7.30900 0.90000 -2.93800, 6.25000 0.10000 -0.25000"
1634,0.0000,Tx-Rx,0,-54.9758,"-7.30900 0.90000 -2.93800, 5.95000 0.10000 -0.25000"
1635,0.0000,Tx-Rx,0,-55.2511,"-7.30900 0.90000 -2.93800, 5.65000 0.10000 -0.25000"
1636,0.0000,Tx-Rx,0,-54.5096,"-7.30900 0.90000 -2.93800, 5.35000 0.10000 -0.25000"
1637,0.0000,Tx-Rx,0,-55.5523,"-7.30900 0.90000 -2.93800, 5.05000 0.10000 -0.25000"
1638,0.0000,Tx-Rx,0,-55.2709,"-7.30900 0.90000 -2.93800, 4.75000 0.10000 -0.25000"
1639,0.0000,Tx-Rx,0,-54.6817,"-7.30900 0.90000 -2.93800, 4.45000 0.10000 -0.25000"
1640,0.0000,Tx-Rx,0,-54.5233,"-7.30900 0.90000 -2.93800, 4.15000 0.10000 -0.25000"
1641,0.0000,Tx-Rx,0,-54.8503,"-7.30900 0.90000 -2.93800, 3.85000 0.10000 -0.25000"
1642,0.0000,Tx-Rx,0,-54.4458,"-7.30900 0.90000 -2.93800, 3.55000 0.10000 -0.25000"
1643,0.0000,Tx-Rx,0,-53.7964,"-7.30900 0.90000 -2.93800, 3.25000 0.10000 -0.25000"
1644,0.0000,Tx-Rx,0,-53.6480,"-7.30900 0.90000 -2.93800, 2.95000 0.10000 -0.25000"
1645,0.0000,Tx-Rx,0,-53.5183,"-7.30900 0.90000 -2.93800, 2.65000 0.10000 -0.25000"
1646,0.0000,Tx-Rx,0,-53.2447,"-7.30900 0.90000 -2.93800, 2.35000 0.10000 -0.25000"
1647,0.0000,Tx-Rx,0,-53.0632,"-7.30900 0.90000 -2.93800, 2.05000 0.10000 -0.25000"
1648,0.0000,Tx-Rx,0,-53.2954,"-7.30900 0.90000 -2.93800, 1.75000 0.10000 -0.25000"
1649,0.0000,Tx-Rx,0,-54.3076,"-7.30900 0.90000 -2.93800, 1.45000 0.10000 -0.25000"
1650,0.0000,Tx-Rx,0,-56.0714,"-7.30900 0.90000 -2.93800, 1.15000 0.10000 -0.25000"
1651,0.0000,Tx-Rx,0,-59.0114,"-7.30900 0.90000 -2.93800, 0.85000 0.10000 -0.25000"
1652,0.0000,Tx-Rx,0,-64.2251,"-7.30900 0.90000 -2.93800, 0.55000 0.10000 -0.25000"
1653,0.0000,Tx-Rx,0,-70.1143,"-7.30900 0.90000 -2.93800, 0.25000 0.10000 -0.25000"
1654,0.0000,Tx-Rx,0,-52.8548,"-7.30900 0.90000 -2.93800, -0.05000 0.10000 -0.25000"
1655,0.0000,Tx-Rx,0,-51.6603,"-7.30900 0.90000 -2.93800, -0.35000 0.10000 -0.25000"
1656,0.0000,Tx-Rx,0,-52.7571,"-7.30900 0.90000 -2.93800, -0.65000 0.10000 -0.25000"
1657,0.0000,Tx-Rx,0,-53.7639,"-7.30900 0.90000 -2.93800, -0.95000 0.10000 -0.25000"
1658,0.0000,Tx-Rx,0,-54.3988,"-7.30900 0.90000 -2.93800, -1.25000 0.10000 -0.25000"
1659,0.0000,Tx-Rx,0,-54.8595,"-7.30900 0.90000 -2.93800, -1.55000 0.10000 -0.25000"
1660,0.0000,Tx-Rx,0,-55.2726,"-7.30900 0.90000 -2.93800, -1.85000 0.10000 -0.25000"
1661,0.0000,Tx-Rx,0,-55.2610,"-7.30900 0.90000 -2.93800, -2.15000 0.10000 -0.25000"
1662,0.0000,Tx-Rx,0,-55.1427,"-7.30900 0.90000 -2.93800, -2.45000 0.10000 -0.25000"
1663,0.0000,Tx-Rx,0,-56.6101,"-7.30900 0.90000 -2.93800, -2.75000 0.10000 -0.25000"
1664,0.0000,Tx-Rx,0,-56.6309,"-7.30900 0.90000 -2.93800, -3.05000 0.10000 -0.25000"
1665,0.0000,Tx-Rx,0,-56.7222,"-7.30900 0.90000 -2.93800, -3.35000 0.10000 -0.25000"
1666,0.0000,Tx-Rx,0,-56.8389,"-7.30900 0.90000 -2.93800, -3.65000 0.10000 -0.25000"
1667,0.0000,Tx-Rx,0,-56.9530,"-7.30900 0.90000 -2.93800, -3.95000 0.10000 -0.25000"
1668,0.0000,Tx-Rx,0,-56.3913,"-7.30900 0.90000 -2.93800, -4.25000 0.10000 -0.25000"
1669,0.0000,Tx-Rx,0,-55.3593,"-7.30900 0.90000 -2.93800, -4.55000 0.10000 -0.25000"
1670,0.0000,Tx-Rx,0,-54.4675,"-7.30900 0.90000 -2.93800, -4.85000 0.10000 -0.25000"
1671,0.0000,Tx-Rx,0,-54.3303,"-7.30900 0.90000 -2.93800, -5.15000 0.10000 -0.25000"
1672,0.0000,Tx-Rx,0,-54.6736,"-7.30900 0.90000 -2.93800, -5.45000 0.10000 -0.25000"
1673,0.0000,Tx-Rx,0,-54.2275,"-7.30900 0.90000 -2.93800, -5.75000 0.10000 -0.25000"
1674,0.0000,Tx-Rx,0,-50.5177,"-7.30900 0.90000 -2.93800, -6.05000 0.10000 -0.25000"
1675,0.0000,Tx-Rx,0,-49.6661,"-7.30900 0.90000 -2.93800, -6.35000 0.10000 -0.25000"
1676,0.0000,Tx-Rx,0,-51.0869,"-7.30900 0.90000 -2.93800, -6.65000 0.10000 -0.25000"
1677,0.0000,Tx-Rx,0,-48.9670,"-7.30900 0.90000 -2.93800, -6.95000 0.10000 -0.25000"
1678,0.0000,Tx-Rx,0,-45.2536,"-7.30900 0.90000 -2.93800, -7.25000 0.10000 -0.25000"
1679,0.0000,Tx-Rx,0,-45.2908,"-7.30900 0.90000 -2.93800, -7.55000 0.10000 -0.25000"
1680,0.0000,Tx-Rx,0,-45.1420,"-7.30900 0.90000 -2.93800, -7.85000 0.10000 -0.25000"
1681,0.0000,Tx-Rx,0,-56.7728,"-7.30900 0.90000 -2.93800, 9.85000 0.10000 -0.55000"
1682,0.0000,Tx-Rx,0,-57.1762,"-7.30900 0.90000 -2.93800, 9.55000 0.10000 -0.55000"
1683,0.0000,Tx-Rx,0,-57.7096,"-7.30900 0.90000 -2.93800, 9.25000 0.10000 -0.55000"
1684,0.0000,Tx-Rx,0,-58.3318,"-7.30900 0.90000 -2.93800, 8.95000 0.10000 -0.55000"
1685,0.0000,Tx-Rx,0,-59.3633,"-7.30900 0.90000 -2.93800, 8.65000 0.10000 -0.55000"
1686,0.0000,Tx-Rx,0,-59.1196,"-7.30900 0.90000 -2.93800, 8.35000 0.10000 -0.55000"
1687,0.0000,Tx-Rx,0,-58.3938,"-7.30900 0.90000 -2.93800, 8.05000 0.10000 -0.55000"
1688,0.0000,Tx-Rx,0,-57.4254,"-7.30900 0.90000 -2.93800, 7.75000 0.10000 -0.55000"
1689,0.0000,Tx-Rx,0,-56.5973,"-7.30900 0.90000 -2.93800, 7.45000 0.10000 -0.55000"
1690,0.0000,Tx-Rx,0,-56.1559,"-7.30900 0.90000 -2.93800, 7.15000 0.10000 -0.55000"
1691,0.0000,Tx-Rx,0,-55.9885,"-7.30900 0.90000 -2.93800, 6.85000 0.10000 -0.55000"
1692,0.0000,Tx-Rx,0,-55.9982,"-7.30900 0.90000 -2.93800, 6.55000 0.10000 -0.55000"
1693,0.0000,Tx-Rx,0,-56.0380,"-7.30900 0.90000 -2.93800, 6.25000 0.10000 -0.55000"
1694,0.0000,Tx-Rx,0,-54.9552,"-7.30900 0.90000 -2.93800, 5.95000 0.10000 -0.55000"
1695,0.0000,Tx-Rx,0,-54.2744,"-7.30900 0.90000 -2.93800, 5.65000 0.10000 -0.55000"
1696,0.0000,Tx-Rx,0,-53.9041,"-7.30900 0.90000 -2.93800, 5.35000 0.10000 -0.55000"
1697,0.0000,Tx-Rx,0,-54.9537,"-7.30900 0.90000 -2.93800, 5.05000 0.10000 -0.55000"
1698,0.0000,Tx-Rx,0,-54.3556,"-7.30900 0.90000 -2.93800, 4.75000 0.10000 -0.55000"
1699,0.0000,Tx-Rx,0,-54.4865,"-7.30900 0.90000 -2.93800, 4.45000 0.10000 -0.55000"
1700,0.0000,Tx-Rx,0,-54.4447,"-7.30900 0.90000 -2.93800, 4.15000 0.10000 -0.55000"
1701,0.0000,Tx-Rx,0,-54.3817,"-7.30900 0.90000 -2.93800, 3.85000 0.10000 -0.55000"
1702,0.0000,Tx-Rx,0,-54.1666,"-7.30900 0.90000 -2.93800, 3.55000 0.10000 -0.55000"
1703,0.0000,Tx-Rx,0,-53.7869,"-7.30900 0.90000 -2.93800, 3.25000 0.10000 -0.55000"
1704,0.0000,Tx-Rx,0,-53.6946,"-7.30900 0.90000 -2.93800, 2.95000 0.10000 -0.55000"
1705,0.0000,Tx-Rx,0,-53.4873,"-7.30900 0.90000 -2.93800, 2.65000 0.10000 -0.55000"
1706,0.0000,Tx-Rx,0,-53.3247,"-7.30900 0.90000 -2.93800, 2.35000 0.10000 -0.55000"
1707,0.0000,Tx-Rx,0,-53.1006,"-7.30900 0.90000 -2.93800, 2.05000 0.10000 -0.55000"
1708,0.0000,Tx-Rx,0,-52.8137,"-7.30900 0.90000 -2.93800, 1.75000 0.10000 -0.55000"
1709,0.0000,Tx-Rx,0,-52.5819,"-7.30900 0.90000 -2.93800, 1.45000 0.10000 -0.55000"
1710,0.0000,Tx-Rx,0,-52.3192,"-7.30900 0.90000 -2.93800, 1.15000 0.10000 -0.55000"
1711,0.0000,Tx-Rx,0,-52.3652,"-7.30900 0.90000 -2.93800, 0.85000 0.10000 -0.55000"
1712,0.0000,Tx-Rx,0,-53.2405,"-7.30900 0.90000 -2.93800, 0.55000 0.10000 -0.55000"
1713,0.0000,Tx-Rx,0,-55.3676,"-7.30900 0.90000 -2.93800, 0.25000 0.10000 -0.55000"
1714,0.0000,Tx-Rx,0,-52.1838,"-7.30900 0.90000 -2.93800, -0.05000 0.10000 -0.55000"
1715,0.0000,Tx-Rx,0,-50.4450,"-7.30900 0.90000 -2.93800, -0.35000 0.10000 -0.55000"
1716,0.0000,Tx-Rx,0,-50.2315,"-7.30900 0.90000 -2.93800, -0.65000 0.10000 -0.55000"
1717,0.0000,Tx-Rx,0,-50.6310,"-7.30900 0.90000 -2.93800, -0.95000 0.10000 -0.55000"
1718,0.0000,Tx-Rx,0,-51.8045,"-7.30900 0.90000 -2.93800, -1.25000 0.10000 -0.55000"
1719,0.0000,Tx-Rx,0,-53.7761,"-7.30900 0.90000 -2.93800, -1.55000 0.10000 -0.55000"
1720,0.0000,Tx-Rx,0,-54.3943,"-7.30900 0.90000 -2.93800, -1.85000 0.10000 -0.55000"
1721,0.0000,Tx-Rx,0,-54.3497,"-7.30900 0.90000 -2.93800, -2.15000 0.10000 -0.55000"
1722,0.0000,Tx-Rx,0,-54.4513,"-7.30900 0.90000 -2.93800, -2.45000 0.10000 -0.55000"
1723,0.0000,Tx-Rx,0,-56.0060,"-7.30900 0.90000 -2.93800, -2.75000 0.10000 -0.55000"
1724,0.0000,Tx-Rx,0,-56.1778,"-7.30900 0.90000 -2.93800, -3.05000 0.10000 -0.55000"
1725,0.0000,Tx-Rx,0,-56.1450,"-7.30900 0.90000 -2.93800, -3.35000 0.10000 -0.55000"
1726,0.0000,Tx-Rx,0,-56.4275,"-7.30900 0.90000 -2.93800, -3.65000 0.10000 -0.55000"
1727,0.0000,Tx-Rx,0,-56.8088,"-7.30900 0.90000 -2.93800, -3.95000 0.10000 -0.55000"
1728,0.0000,Tx-Rx,0,-56.8431,"-7.30900 0.90000 -2.93800, -4.25000 0.10000 -0.55000"
1729,0.0000,Tx-Rx,0,-56.0657,"-7.30900 0.90000 -2.93800, -4.55000 0.10000 -0.55000"
1730,0.0000,Tx-Rx,0,-54.8847,"-7.30900 0.90000 -2.93800, -4.85000 0.10000 -0.55000"
1731,0.0000,Tx-Rx,0,-54.1570,"-7.30900 0.90000 -2.93800, -5.15000 0.10000 -0.55000"
1732,0.0000,Tx-Rx,0,-54.7460,"-7.30900 0.90000 -2.93800, -5.45000 0.10000 -0.55000"
1733,0.0000,Tx-Rx,0,-54.3333,"-7.30900 0.90000 -2.93800, -5.75000 0.10000 -0.55000"
1734,0.0000,Tx-Rx,0,-52.8320,"-7.30900 0.90000 -2.93800, -6.05000 0.10000 -0.55000"
1735,0.0000,Tx-Rx,0,-49.2393,"-7.30900 0.90000 -2.93800, -6.35000 0.10000 -0.55000"
1736,0.0000,Tx-Rx,0,-50.0971,"-7.30900 0.90000 -2.93800, -6.65000 0.10000 -0.55000"
1737,0.0000,Tx-Rx,0,-49.0858,"-7.30900 0.90000 -2.93800, -6.95000 0.10000 -0.55000"
1738,0.0000,Tx-Rx,0,-44.1863,"-7.30900 0.90000 -2.93800, -7.25000 0.10000 -0.55000"
1739,0.0000,Tx-Rx,0,-45.1918,"-7.30900 0.90000 -2.93800, -7.55000 0.10000 -0.55000"
1740,0.0000,Tx-Rx,0,-44.6219,"-7.30900 0.90000 -2.93800, -7.85000 0.10000 -0.55000"
1741,0.0000,Tx-Rx,0,-54.6032,"-7.30900 0.90000 -2.93800, 9.85000 0.10000 -0.85000"
1742,0.0000,Tx-Rx,0,-54.3228,"-7.30900 0.90000 -2.93800, 9.55000 0.10000 -0.85000"
1743,0.0000,Tx-Rx,0,-53.8429,"-7.30900 0.90000 -2.93800, 9.25000 0.10000 -0.85000"
1744,0.0000,Tx-Rx,0,-53.6431,"-7.30900 0.90000 -2.93800, 8.95000 0.10000 -0.85000"
1745,0.0000,Tx-Rx,0,-54.2114,"-7.30900 0.90000 -2.93800, 8.65000 0.10000 -0.85000"
1746,0.0000,Tx-Rx,0,-54.8576,"-7.30900 0.90000 -2.93800, 8.35000 0.10000 -0.85000"
1747,0.0000,Tx-Rx,0,-55.3460,"-7.30900 0.90000 -2.93800, 8.05000 0.10000 -0.85000"
1748,0.0000,Tx-Rx,0,-55.7452,"-7.30900 0.90000 -2.93800, 7.75000 0.10000 -0.85000"
1749,0.0000,Tx-Rx,0,-56.3974,"-7.30900 0.90000 -2.93800, 7.45000 0.10000 -0.85000"
1750,0.0000,Tx-Rx,0,-56.7455,"-7.30900 0.90000 -2.93800, 7.15000 0.10000 -0.85000"
1751,0.0000,Tx-Rx,0,-56.7289,"-7.30900 0.90000 -2.93800, 6.85000 0.10000 -0.85000"
1752,0.0000,Tx-Rx,0,-56.6956,"-7.30900 0.90000 -2.93800, 6.55000 0.10000 -0.85000"
1753,0.0000,Tx-Rx,0,-57.0403,"-7.30900 0.90000 -2.93800, 6.25000 0.10000 -0.85000"
1754,0.0000,Tx-Rx,0,-57.0836,"-7.30900 0.90000 -2.93800, 5.95000 0.10000 -0.85000"
1755,0.0000,Tx-Rx,0,-57.8001,"-7.30900 0.90000 -2.93800, 5.65000 0.10000 -0.85000"
1756,0.0000,Tx-Rx,0,-58.1432,"-7.30900 0.90000 -2.93800, 5.35000 0.10000 -0.85000"
1757,0.0000,Tx-Rx,0,-59.4656,"-7.30900 0.90000 -2.93800, 5.05000 0.10000 -0.85000"
1758,0.0000,Tx-Rx,0,-59.6149,"-7.30900 0.90000 -2.93800, 4.75000 0.10000 -0.85000"
1759,0.0000,Tx-Rx,0,-58.2313,"-7.30900 0.90000 -2.93800, 4.45000 0.10000 -0.85000"
1760,0.0000,Tx-Rx,0,-56.5918,"-7.30900 0.90000 -2.93800, 4.15000 0.10000 -0.85000"
1761,0.0000,Tx-Rx,0,-55.0674,"-7.30900 0.90000 -2.93800, 3.85000 0.10000 -0.85000"
1762,0.0000,Tx-Rx,0,-54.0164,"-7.30900 0.90000 -2.93800, 3.55000 0.10000 -0.85000"
1763,0.0000,Tx-Rx,0,-53.5378,"-7.30900 0.90000 -2.93800, 3.25000 0.10000 -0.85000"
1764,0.0000,Tx-Rx,0,-53.4224,"-7.30900 0.90000 -2.93800, 2.95000 0.10000 -0.85000"
1765,0.0000,Tx-Rx,0,-53.2230,"-7.30900 0.90000 -2.93800, 2.65000 0.10000 -0.85000"
1766,0.0000,Tx-Rx,0,-52.9752,"-7.30900 0.90000 -2.93800, 2.35000 0.10000 -0.85000"
1767,0.0000,Tx-Rx,0,-52.7590,"-7.30900 0.90000 -2.93800, 2.05000 0.10000 -0.85000"
1768,0.0000,Tx-Rx,0,-52.5084,"-7.30900 0.90000 -2.93800, 1.75000 0.10000 -0.85000"
1769,0.0000,Tx-Rx,0,-52.4623,"-7.30900 0.90000 -2.93800, 1.45000 0.10000 -0.85000"
1770,0.0000,Tx-Rx,0,-52.2003,"-7.30900 0.90000 -2.93800, 1.15000 0.10000 -0.85000"
1771,0.0000,Tx-Rx,0,-51.9546,"-7.30900 0.90000 -2.93800, 0.85000 0.10000 -0.85000"
1772,0.0000,Tx-Rx,0,-51.7527,"-7.30900 0.90000 -2.93800, 0.55000 0.10000 -0.85000"
1773,0.0000,Tx-Rx,0,-51.4556,"-7.30900 0.90000 -2.93800, 0.25000 0.10000 -0.85000"
1774,0.0000,Tx-Rx,0,-50.9825,"-7.30900 0.90000 -2.93800, -0.05000 0.10000 -0.85000"
1775,0.0000,Tx-Rx,0,-50.5706,"-7.30900 0.90000 -2.93800, -0.35000 0.10000 -0.85000"
1776,0.0000,Tx-Rx,0,-50.2662,"-7.30900 0.90000 -2.93800, -0.65000 0.10000 -0.85000"
1777,0.0000,Tx-Rx,0,-50.1028,"-7.30900 0.90000 -2.93800, -0.95000 0.10000 -0.85000"
1778,0.0000,Tx-Rx,0,-49.8346,"-7.30900 0.90000 -2.93800, -1.25000 0.10000 -0.85000"
1779,0.0000,Tx-Rx,0,-49.6686,"-7.30900 0.90000 -2.93800, -1.55000 0.10000 -0.85000"
1780,0.0000,Tx-Rx,0,-50.3966,"-7.30900 0.90000 -2.93800, -1.85000 0.10000 -0.85000"
1781,0.0000,Tx-Rx,0,-51.7059,"-7.30900 0.90000 -2.93800, -2.15000 0.10000 -0.85000"
1782,0.0000,Tx-Rx,0,-53.4232,"-7.30900 0.90000 -2.93800, -2.45000 0.10000 -0.85000"
1783,0.0000,Tx-Rx,0,-55.1255,"-7.30900 0.90000 -2.93800, -2.75000 0.10000 -0.85000"
1784,0.0000,Tx-Rx,0,-55.4904,"-7.30900 0.90000 -2.93800, -3.05000 0.10000 -0.85000"
1785,0.0000,Tx-Rx,0,-55.5241,"-7.30900 0.90000 -2.93800, -3.35000 0.10000 -0.85000"
1786,0.0000,Tx-Rx,0,-55.6184,"-7.30900 0.90000 -2.93800, -3.65000 0.10000 -0.85000"
1787,0.0000,Tx-Rx,0,-56.7387,"-7.30900 0.90000 -2.93800, -3.95000 0.10000 -0.85000"
1788,0.0000,Tx-Rx,0,-59.4064,"-7.30900 0.90000 -2.93800, -4.25000 0.10000 -0.85000"
1789,0.0000,Tx-Rx,0,-59.5445,"-7.30900 0.90000 -2.93800, -4.55000 0.10000 -0.85000"
1790,0.0000,Tx-Rx,0,-57.2752,"-7.30900 0.90000 -2.93800, -4.85000 0.10000 -0.85000"
1791,0.0000,Tx-Rx,0,-54.3094,"-7.30900 0.90000 -2.93800, -5.15000 0.10000 -0.85000"
1792,0.0000,Tx-Rx,0,-54.2179,"-7.30900 0.90000 -2.93800, -5.45000 0.10000 -0.85000"
1793,0.0000,Tx-Rx,0,-53.8741,"-7.30900 0.90000 -2.93800, -5.75000 0.10000 -0.85000"
1794,0.0000,Tx-Rx,0,-53.7961,"-7.30900 0.90000 -2.93800, -6.05000 0.10000 -0.85000"
1795,0.0000,Tx-Rx,0,-50.9219,"-7.30900 0.90000 -2.93800, -6.35000 0.10000 -0.85000"
1796,0.0000,Tx-Rx,0,-49.9615,"-7.30900 0.90000 -2.93800, -6.65000 0.10000 -0.85000"
1797,0.0000,Tx-Rx,0,-49.1403,"-7.30900 0.90000 -2.93800, -6.95000 0.10000 -0.85000"
1798,0.0000,Tx-Rx,0,-43.2549,"-7.30900 0.90000 -2.93800, -7.25000 0.10000 -0.85000"
1799,0.0000,Tx-Rx,0,-44.2873,"-7.30900 0.90000 -2.93800, -7.55000 0.10000 -0.85000"
1800,0.0000,Tx-Rx,0,-44.0599,"-7.30900 0.90000 -2.93800, -7.85000 0.10000 -0.85000"
1801,0.0000,Tx-Rx,0,-58.2961,"-7.30900 0.90000 -2.93800, 9.85000 0.10000 -1.15000"
1802,0.0000,Tx-Rx,0,-56.9622,"-7.30900 0.90000 -2.93800, 9.55000 0.10000 -1.15000"
1803,0.0000,Tx-Rx,0,-56.1096,"-7.30900 0.90000 -2.93800, 9.25000 0.10000 -1.15000"
1804,0.0000,Tx-Rx,0,-55.5297,"-7.30900 0.90000 -2.93800, 8.95000 0.10000 -1.15000"
1805,0.0000,Tx-Rx,0,-54.7151,"-7.30900 0.90000 -2.93800, 8.65000 0.10000 -1.15000"
1806,0.0000,Tx-Rx,0,-54.7769,"-7.30900 0.90000 -2.93800, 8.35000 0.10000 -1.15000"
1807,0.0000,Tx-Rx,0,-54.6952,"-7.30900 0.90000 -2.93800, 8.05000 0.10000 -1.15000"
1808,0.0000,Tx-Rx,0,-54.5602,"-7.30900 0.90000 -2.93800, 7.75000 0.10000 -1.15000"
1809,0.0000,Tx-Rx,0,-54.3047,"-7.30900 0.90000 -2.93800, 7.45000 0.10000 -1.15000"
1810,0.0000,Tx-Rx,0,-54.0874,"-7.30900 0.90000 -2.93800, 7.15000 0.10000 -1.15000"
1811,0.0000,Tx-Rx,0,-53.4302,"-7.30900 0.90000 -2.93800, 6.85000 0.10000 -1.15000"
1812,0.0000,Tx-Rx,0,-53.8024,"-7.30900 0.90000 -2.93800, 6.55000 0.10000 -1.15000"
1813,0.0000,Tx-Rx,0,-54.0822,"-7.30900 0.90000 -2.93800, 6.25000 0.10000 -1.15000"
1814,0.0000,Tx-Rx,0,-54.1066,"-7.30900 0.90000 -2.93800, 5.95000 0.10000 -1.15000"
1815,0.0000,Tx-Rx,0,-53.6989,"-7.30900 0.90000 -2.93800, 5.65000 0.10000 -1.15000"
1816,0.0000,Tx-Rx,0,-53.8729,"-7.30900 0.90000 -2.93800, 5.35000 0.10000 -1.15000"
1817,0.0000,Tx-Rx,0,-54.8348,"-7.30900 0.90000 -2.93800, 5.05000 0.10000 -1.15000"
1818,0.0000,Tx-Rx,0,-56.5443,"-7.30900 0.90000 -2.93800, 4.75000 0.10000 -1.15000"
1819,0.0000,Tx-Rx,0,-57.2048,"-7.30900 0.90000 -2.93800, 4.45000 0.10000 -1.15000"
1820,0.0000,Tx-Rx,0,-58.6425,"-7.30900 0.90000 -2.93800, 4.15000 0.10000 -1.15000"
1821,0.0000,Tx-Rx,0,-56.2361,"-7.30900 0.90000 -2.93800, 3.85000 0.10000 -1.15000"
1822,0.0000,Tx-Rx,0,-53.9000,"-7.30900 0.90000 -2.93800, 3.55000 0.10000 -1.15000"
1823,0.0000,Tx-Rx,0,-53.5038,"-7.30900 0.90000 -2.93800, 3.25000 0.10000 -1.15000"
1824,0.0000,Tx-Rx,0,-53.4303,"-7.30900 0.90000 -2.93800, 2.95000 0.10000 -1.15000"
1825,0.0000,Tx-Rx,0,-53.2329,"-7.30900 0.90000 -2.93800, 2.65000 0.10000 -1.15000"
1826,0.0000,Tx-Rx,0,-53.0165,"-7.30900 0.90000 -2.93800, 2.35000 0.10000 -1.15000"
1827,0.0000,Tx-Rx,0,-52.6484,"-7.30900 0.90000 -2.93800, 2.05000 0.10000 -1.15000"
1828,0.0000,Tx-Rx,0,-52.5170,"-7.30900 0.90000 -2.93800, 1.75000 0.10000 -1.15000"
1829,0.0000,Tx-Rx,0,-52.2390,"-7.30900 0.90000 -2.93800, 1.45000 0.10000 -1.15000"
1830,0.0000,Tx-Rx,0,-52.0866,"-7.30900 0.90000 -2.93800, 1.15000 0.10000 -1.15000"
1831,0.0000,Tx-Rx,0,-51.8947,"-7.30900 0.90000 -2.93800, 0.85000 0.10000 -1.15000"
1832,0.0000,Tx-Rx,0,-51.6320,"-7.30900 0.90000 -2.93800, 0.55000 0.10000 -1.15000"
1833,0.0000,Tx-Rx,0,-51.1618,"-7.30900 0.90000 -2.93800, 0.25000 0.10000 -1.15000"
1834,0.0000,Tx-Rx,0,-50.8300,"-7.30900 0.90000 -2.93800, -0.05000 0.10000 -1.15000"
1835,0.0000,Tx-Rx,0,-50.5013,"-7.30900 0.90000 -2.93800, -0.35000 0.10000 -1.15000"
1836,0.0000,Tx-Rx,0,-50.1871,"-7.30900 0.90000 -2.93800, -0.65000 0.10000 -1.15000"
1837,0.0000,Tx-Rx,0,-49.9612,"-7.30900 0.90000 -2.93800, -0.95000 0.10000 -1.15000"
1838,0.0000,Tx-Rx,0,-49.8214,"-7.30900 0.90000 -2.93800, -1.25000 0.10000 -1.15000"
1839,0.0000,Tx-Rx,0,-49.5188,"-7.30900 0.90000 -2.93800, -1.55000 0.10000 -1.15000"
1840,0.0000,Tx-Rx,0,-49.1377,"-7.30900 0.90000 -2.93800, -1.85000 0.10000 -1.15000"
1841,0.0000,Tx-Rx,0,-48.6871,"-7.30900 0.90000 -2.93800, -2.15000 0.10000 -1.15000"
1842,0.0000,Tx-Rx,0,-48.7642,"-7.30900 0.90000 -2.93800, -2.45000 0.10000 -1.15000"
1843,0.0000,Tx-Rx,0,-50.5222,"-7.30900 0.90000 -2.93800, -2.75000 0.10000 -1.15000"
1844,0.0000,Tx-Rx,0,-52.9376,"-7.30900 0.90000 -2.93800, -3.05000 0.10000 -1.15000"
1845,0.0000,Tx-Rx,0,-54.4338,"-7.30900 0.90000 -2.93800, -3.35000 0.10000 -1.15000"
1846,0.0000,Tx-Rx,0,-54.7911,"-7.30900 0.90000 -2.93800, -3.65000 0.10000 -1.15000"
1847,0.0000,Tx-Rx,0,-55.2631,"-7.30900 0.90000 -2.93800, -3.95000 0.10000 -1.15000"
1848,0.0000,Tx-Rx,0,-58.9544,"-7.30900 0.90000 -2.93800, -4.25000 0.10000 -1.15000"
1849,0.0000,Tx-Rx,0,-60.7028,"-7.30900 0.90000 -2.93800, -4.55000 0.10000 -1.15000"
1850,0.0000,Tx-Rx,0,-60.9997,"-7.30900 0.90000 -2.93800, -4.85000 0.10000 -1.15000"
1851,0.0000,Tx-Rx,0,-58.9828,"-7.30900 0.90000 -2.93800, -5.15000 0.10000 -1.15000"
1852,0.0000,Tx-Rx,0,-54.8497,"-7.30900 0.90000 -2.93800, -5.45000 0.10000 -1.15000"
1853,0.0000,Tx-Rx,0,-53.8323,"-7.30900 0.90000 -2.93800, -5.75000 0.10000 -1.15000"
1854,0.0000,Tx-Rx,0,-53.7062,"-7.30900 0.90000 -2.93800, -6.05000 0.10000 -1.15000"
1855,0.0000,Tx-Rx,0,-53.3460,"-7.30900 0.90000 -2.93800, -6.35000 0.10000 -1.15000"
1856,0.0000,Tx-Rx,0,-51.6339,"-7.30900 0.90000 -2.93800, -6.65000 0.10000 -1.15000"
1857,0.0000,Tx-Rx,0,-49.8685,"-7.30900 0.90000 -2.93800, -6.95000 0.10000 -1.15000"
1858,0.0000,Tx-Rx,0,-42.6429,"-7.30900 0.90000 -2.93800, -7.25000 0.10000 -1.15000"
1859,0.0000,Tx-Rx,0,-43.0315,"-7.30900 0.90000 -2.93800, -7.55000 0.10000 -1.15000"
1860,0.0000,Tx-Rx,0,-43.5373,"-7.30900 0.90000 -2.93800, -7.85000 0.10000 -1.15000"
1861,0.0000,Tx-Rx,0,-54.8189,"-7.30900 0.90000 -2.93800, 9.85000 0.10000 -1.45000"
1862,0.0000,Tx-Rx,0,-54.6466,"-7.30900 0.90000 -2.93800, 9.55000 0.10000 -1.45000"
1863,0.0000,Tx-Rx,0,-54.8317,"-7.30900 0.90000 -2.93800, 9.25000 0.10000 -1.45000"
1864,0.0000,Tx-Rx,0,-54.9307,"-7.30900 0.90000 -2.93800, 8.95000 0.10000 -1.45000"
1865,0.0000,Tx-Rx,0,-55.1355,"-7.30900 0.90000 -2.93800, 8.65000 0.10000 -1.45000"
1866,0.0000,Tx-Rx,0,-54.3948,"-7.30900 0.90000 -2.93800, 8.35000 0.10000 -1.45000"
1867,0.0000,Tx-Rx,0,-54.2451,"-7.30900 0.90000 -2.93800, 8.05000 0.10000 -1.45000"
1868,0.0000,Tx-Rx,0,-53.9564,"-7.30900 0.90000 -2.93800, 7.75000 0.10000 -1.45000"
1869,0.0000,Tx-Rx,0,-53.7973,"-7.30900 0.90000 -2.93800, 7.45000 0.10000 -1.45000"
1870,0.0000,Tx-Rx,0,-53.7998,"-7.30900 0.90000 -2.93800, 7.15000 0.10000 -1.45000"
1871,0.0000,Tx-Rx,0,-53.4943,"-7.30900 0.90000 -2.93800, 6.85000 0.10000 -1.45000"
1872,0.0000,Tx-Rx,0,-53.3278,"-7.30900 0.90000 -2.93800, 6.55000 0.10000 -1.45000"
1873,0.0000,Tx-Rx,0,-53.9435,"-7.30900 0.90000 -2.93800, 6.25000 0.10000 -1.45000"
1874,0.0000,Tx-Rx,0,-54.0139,"-7.30900 0.90000 -2.93800, 5.95000 0.10000 -1.45000"
1875,0.0000,Tx-Rx,0,-53.8918,"-7.30900 0.90000 -2.93800, 5.65000 0.10000 -1.45000"
1876,0.0000,Tx-Rx,0,-53.3277,"-7.30900 0.90000 -2.93800, 5.35000 0.10000 -1.45000"
1877,0.0000,Tx-Rx,0,-52.8587,"-7.30900 0.90000 -2.93800, 5.05000 0.10000 -1.45000"
1878,0.0000,Tx-Rx,0,-53.4993,"-7.30900 0.90000 -2.93800, 4.75000 0.10000 -1.45000"
1879,0.0000,Tx-Rx,0,-52.7247,"-7.30900 0.90000 -2.93800, 4.45000 0.10000 -1.45000"
1880,0.0000,Tx-Rx,0,-52.3515,"-7.30900 0.90000 -2.93800, 4.15000 0.10000 -1.45000"
1881,0.0000,Tx-Rx,0,-53.3590,"-7.30900 0.90000 -2.93800, 3.85000 0.10000 -1.45000"
1882,0.0000,Tx-Rx,0,-53.3439,"-7.30900 0.90000 -2.93800, 3.55000 0.10000 -1.45000"
1883,0.0000,Tx-Rx,0,-53.3562,"-7.30900 0.90000 -2.93800, 3.25000 0.10000 -1.45000"
1884,0.0000,Tx-Rx,0,-53.2675,"-7.30900 0.90000 -2.93800, 2.95000 0.10000 -1.45000"
1885,0.0000,Tx-Rx,0,-53.2888,"-7.30900 0.90000 -2.93800, 2.65000 0.10000 -1.45000"
1886,0.0000,Tx-Rx,0,-52.9092,"-7.30900 0.90000 -2.93800, 2.35000 0.10000 -1.45000"
1887,0.0000,Tx-Rx,0,-52.7822,"-7.30900 0.90000 -2.93800, 2.05000 0.10000 -1.45000"
1888,0.0000,Tx-Rx,0,-52.4457,"-7.30900 0.90000 -2.93800, 1.75000 0.10000 -1.45000"
1889,0.0000,Tx-Rx,0,-52.2596,"-7.30900 0.90000 -2.93800, 1.45000 0.10000 -1.45000"
1890,0.0000,Tx-Rx,0,-51.9410,"-7.30900 0.90000 -2.93800, 1.15000 0.10000 -1.45000"
1891,0.0000,Tx-Rx,0,-51.6853,"-7.30900 0.90000 -2.93800, 0.85000 0.10000 -1.45000"
1892,0.0000,Tx-Rx,0,-51.2576,"-7.30900 0.90000 -2.93800, 0.55000 0.10000 -1.45000"
1893,0.0000,Tx-Rx,0,-50.8230,"-7.30900 0.90000 -2.93800, 0.25000 0.10000 -1.45000"
1894,0.0000,Tx-Rx,0,-50.5631,"-7.30900 0.90000 -2.93800, -0.05000 0.10000 -1.45000"
1895,0.0000,Tx-Rx,0,-50.2334,"-7.30900 0.90000 -2.93800, -0.35000 0.10000 -1.45000"
1896,0.0000,Tx-Rx,0,-50.0649,"-7.30900 0.90000 -2.93800, -0.65000 0.10000 -1.45000"
1897,0.0000,Tx-Rx,0,-49.8127,"-7.30900 0.90000 -2.93800, -0.95000 0.10000 -1.45000"
1898,0.0000,Tx-Rx,0,-49.6376,"-7.30900 0.90000 -2.93800, -1.25000 0.10000 -1.45000"
1899,0.0000,Tx-Rx,0,-49.4724,"-7.30900 0.90000 -2.93800, -1.55000 0.10000 -1.45000"
1900,0.0000,Tx-Rx,0,-49.0511,"-7.30900 0.90000 -2.93800, -1.85000 0.10000 -1.45000"
1901,0.0000,Tx-Rx,0,-48.5804,"-7.30900 0.90000 -2.93800, -2.15000 0.10000 -1.45000"
1902,0.0000,Tx-Rx,0,-48.0294,"-7.30900 0.90000 -2.93800, -2.45000 0.10000 -1.45000"
1903,0.0000,Tx-Rx,0,-47.9815,"-7.30900 0.90000 -2.93800, -2.75000 0.10000 -1.45000"
1904,0.0000,Tx-Rx,0,-47.6557,"-7.30900 0.90000 -2.93800, -3.05000 0.10000 -1.45000"
1905,0.0000,Tx-Rx,0,-48.2507,"-7.30900 0.90000 -2.93800, -3.35000 0.10000 -1.45000"
1906,0.0000,Tx-Rx,0,-50.0678,"-7.30900 0.90000 -2.93800, -3.65000 0.10000 -1.45000"
1907,0.0000,Tx-Rx,0,-53.0171,"-7.30900 0.90000 -2.93800, -3.95000 0.10000 -1.45000"
1908,0.0000,Tx-Rx,0,-55.5439,"-7.30900 0.90000 -2.93800, -4.25000 0.10000 -1.45000"
1909,0.0000,Tx-Rx,0,-58.1428,"-7.30900 0.90000 -2.93800, -4.55000 0.10000 -1.45000"
1910,0.0000,Tx-Rx,0,-59.8370,"-7.30900 0.90000 -2.93800, -4.85000 0.10000 -1.45000"
1911,0.0000,Tx-Rx,0,-63.0066,"-7.30900 0.90000 -2.93800, -5.15000 0.10000 -1.45000"
1912,0.0000,Tx-Rx,0,-64.0994,"-7.30900 0.90000 -2.93800, -5.45000 0.10000 -1.45000"
1913,0.0000,Tx-Rx,0,-52.3277,"-7.30900 0.90000 -2.93800, -5.75000 0.10000 -1.45000"
1914,0.0000,Tx-Rx,0,-51.3629,"-7.30900 0.90000 -2.93800, -6.05000 0.10000 -1.45000"
1915,0.0000,Tx-Rx,0,-54.2851,"-7.30900 0.90000 -2.93800, -6.35000 0.10000 -1.45000"
1916,0.0000,Tx-Rx,0,-47.8860,"-7.30900 0.90000 -2.93800, -6.65000 0.10000 -1.45000"
1917,0.0000,Tx-Rx,0,-50.2917,"-7.30900 0.90000 -2.93800, -6.95000 0.10000 -1.45000"
1918,0.0000,Tx-Rx,0,-41.9049,"-7.30900 0.90000 -2.93800, -7.25000 0.10000 -1.45000"
1919,0.0000,Tx-Rx,0,-41.7815,"-7.30900 0.90000 -2.93800, -7.55000 0.10000 -1.45000"
1920,0.0000,Tx-Rx,0,-42.3358,"-7.30900 0.90000 -2.93800, -7.85000 0.10000 -1.45000"
1921,0.0000,Tx-Rx,0,-55.8426,"-7.30900 0.90000 -2.93800, 9.85000 0.10000 -1.75000"
1922,0.0000,Tx-Rx,0,-55.3536,"-7.30900 0.90000 -2.93800, 9.55000 0.10000 -1.75000"
1923,0.0000,Tx-Rx,0,-55.0715,"-7.30900 0.90000 -2.93800, 9.25000 0.10000 -1.75000"
1924,0.0000,Tx-Rx,0,-54.6662,"-7.30900 0.90000 -2.93800, 8.95000 0.10000 -1.75000"
1925,0.0000,Tx-Rx,0,-54.3033,"-7.30900 0.90000 -2.93800, 8.65000 0.10000 -1.75000"
1926,0.0000,Tx-Rx,0,-53.8264,"-7.30900 0.90000 -2.93800, 8.35000 0.10000 -1.75000"
1927,0.0000,Tx-Rx,0,-53.8248,"-7.30900 0.90000 -2.93800, 8.05000 0.10000 -1.75000"
1928,0.0000,Tx-Rx,0,-53.9411,"-7.30900 0.90000 -2.93800, 7.75000 0.10000 -1.75000"
1929,0.0000,Tx-Rx,0,-54.6165,"-7.30900 0.90000 -2.93800, 7.45000 0.10000 -1.75000"
1930,0.0000,Tx-Rx,0,-54.6364,"-7.30900 0.90000 -2.93800, 7.15000 0.10000 -1.75000"
1931,0.0000,Tx-Rx,0,-54.3343,"-7.30900 0.90000 -2.93800, 6.85000 0.10000 -1.75000"
1932,0.0000,Tx-Rx,0,-54.2401,"-7.30900 0.90000 -2.93800, 6.55000 0.10000 -1.75000"
1933,0.0000,Tx-Rx,0,-55.2821,"-7.30900 0.90000 -2.93800, 6.25000 0.10000 -1.75000"
1934,0.0000,Tx-Rx,0,-55.7701,"-7.30900 0.90000 -2.93800, 5.95000 0.10000 -1.75000"
1935,0.0000,Tx-Rx,0,-55.2755,"-7.30900 0.90000 -2.93800, 5.65000 0.10000 -1.75000"
1936,0.0000,Tx-Rx,0,-54.9359,"-7.30900 0.90000 -2.93800, 5.35000 0.10000 -1.75000"
1937,0.0000,Tx-Rx,0,-54.6249,"-7.30900 0.90000 -2.93800, 5.05000 0.10000 -1.75000"
1938,0.0000,Tx-Rx,0,-55.2751,"-7.30900 0.90000 -2.93800, 4.75000 0.10000 -1.75000"
1939,0.0000,Tx-Rx,0,-54.9373,"-7.30900 0.90000 -2.93800, 4.45000 0.10000 -1.75000"
1940,0.0000,Tx-Rx,0,-54.1310,"-7.30900 0.90000 -2.93800, 4.15000 0.10000 -1.75000"
1941,0.0000,Tx-Rx,0,-53.4201,"-7.30900 0.90000 -2.93800, 3.85000 0.10000 -1.75000"
1942,0.0000,Tx-Rx,0,-52.9908,"-7.30900 0.90000 -2.93800, 3.55000 0.10000 -1.75000"
1943,0.0000,Tx-Rx,0,-52.7159,"-7.30900 0.90000 -2.93800, 3.25000 0.10000 -1.75000"
1944,0.0000,Tx-Rx,0,-52.5641,"-7.30900 0.90000 -2.93800, 2.95000 0.10000 -1.75000"
1945,0.0000,Tx-Rx,0,-52.7421,"-7.30900 0.90000 -2.93800, 2.65000 0.10000 -1.75000"
1946,0.0000,Tx-Rx,0,-52.7614,"-7.30900 0.90000 -2.93800, 2.35000 0.10000 -1.75000"
1947,0.0000,Tx-Rx,0,-52.5254,"-7.30900 0.90000 -2.93800, 2.05000 0.10000 -1.75000"
1948,0.0000,Tx-Rx,0,-52.2929,"-7.30900 0.90000 -2.93800, 1.75000 0.10000 -1.75000"
1949,0.0000,Tx-Rx,0,-52.0536,"-7.30900 0.90000 -2.93800, 1.45000 0.10000 -1.75000"
1950,0.0000,Tx-Rx,0,-51.6488,"-7.30900 0.90000 -2.93800, 1.15000 0.10000 -1.75000"
1951,0.0000,Tx-Rx,0,-51.3407,"-7.30900 0.90000 -2.93800, 0.85000 0.10000 -1.75000"
1952,0.0000,Tx-Rx,0,-50.8974,"-7.30900 0.90000 -2.93800, 0.55000 0.10000 -1.75000"
1953,0.0000,Tx-Rx,0,-50.6499,"-7.30900 0.90000 -2.93800, 0.25000 0.10000 -1.75000"
1954,0.0000,Tx-Rx,0,-50.4229,"-7.30900 0.90000 -2.93800, -0.05000 0.10000 -1.75000"
1955,0.0000,Tx-Rx,0,-50.1274,"-7.30900 0.90000 -2.93800, -0.35000 0.10000 -1.75000"
1956,0.0000,Tx-Rx,0,-49.7001,"-7.30900 0.90000 -2.93800, -0.65000 0.10000 -1.75000"
1957,0.0000,Tx-Rx,0,-49.5412,"-7.30900 0.90000 -2.93800, -0.95000 0.10000 -1.75000"
1958,0.0000,Tx-Rx,0,-49.2326,"-7.30900 0.90000 -2.93800, -1.25000 0.10000 -1.75000"
1959,0.0000,Tx-Rx,0,-49.1445,"-7.30900 0.90000 -2.93800, -1.55000 0.10000 -1.75000"
1960,0.0000,Tx-Rx,0,-48.9048,"-7.30900 0.90000 -2.93800, -1.85000 0.10000 -1.75000"
1961,0.0000,Tx-Rx,0,-48.4232,"-7.30900 0.90000 -2.93800, -2.15000 0.10000 -1.75000"
1962,0.0000,Tx-Rx,0,-47.9110,"-7.30900 0.90000 -2.93800, -2.45000 0.10000 -1.75000"
1963,0.0000,Tx-Rx,0,-47.9283,"-7.30900 0.90000 -2.93800, -2.75000 0.10000 -1.75000"
1964,0.0000,Tx-Rx,0,-47.4254,"-7.30900 0.90000 -2.93800, -3.05000 0.10000 -1.75000"
1965,0.0000,Tx-Rx,0,-46.8562,"-7.30900 0.90000 -2.93800, -3.35000 0.10000 -1.75000"
1966,0.0000,Tx-Rx,0,-45.8059,"-7.30900 0.90000 -2.93800, -3.65000 0.10000 -1.75000"
1967,0.0000,Tx-Rx,0,-45.6361,"-7.30900 0.90000 -2.93800, -3.95000 0.10000 -1.75000"
1968,0.0000,Tx-Rx,0,-46.8455,"-7.30900 0.90000 -2.93800, -4.25000 0.10000 -1.75000"
1969,0.0000,Tx-Rx,0,-50.7473,"-7.30900 0.90000 -2.93800, -4.55000 0.10000 -1.75000"
1970,0.0000,Tx-Rx,0,-56.7231,"-7.30900 0.90000 -2.93800, -4.85000 0.10000 -1.75000"
1971,0.0000,Tx-Rx,0,-60.9149,"-7.30900 0.90000 -2.93800, -5.15000 0.10000 -1.75000"
1972,0.0000,Tx-Rx,0,-63.2316,"-7.30900 0.90000 -2.93800, -5.45000 0.10000 -1.75000"
1973,0.0000,Tx-Rx,0,-50.7522,"-7.30900 0.90000 -2.93800, -5.75000 0.10000 -1.75000"
1974,0.0000,Tx-Rx,0,-48.4926,"-7.30900 0.90000 -2.93800, -6.05000 0.10000 -1.75000"
1975,0.0000,Tx-Rx,0,-48.6086,"-7.30900 0.90000 -2.93800, -6.35000 0.10000 -1.75000"
1976,0.0000,Tx-Rx,0,-40.4912,"-7.30900 0.90000 -2.93800, -6.65000 0.10000 -1.75000"
1977,0.0000,Tx-Rx,0,-43.6252,"-7.30900 0.90000 -2.93800, -6.95000 0.10000 -1.75000"
1978,0.0000,Tx-Rx,0,-40.7683,"-7.30900 0.90000 -2.93800, -7.25000 0.10000 -1.75000"
1979,0.0000,Tx-Rx,0,-40.7151,"-7.30900 0.90000 -2.93800, -7.55000 0.10000 -1.75000"
1980,0.0000,Tx-Rx,0,-40.6974,"-7.30900 0.90000 -2.93800, -7.85000 0.10000 -1.75000"
1981,0.0000,Tx-Rx,0,-63.4826,"-7.30900 0.90000 -2.93800, 9.85000 0.10000 -2.05000"
1982,0.0000,Tx-Rx,0,-62.3729,"-7.30900 0.90000 -2.93800, 9.55000 0.10000 -2.05000"
1983,0.0000,Tx-Rx,0,-61.6886,"-7.30900 0.90000 -2.93800, 9.25000 0.10000 -2.05000"
1984,0.0000,Tx-Rx,0,-62.0267,"-7.30900 0.90000 -2.93800, 8.95000 0.10000 -2.05000"
1985,0.0000,Tx-Rx,0,-61.6684,"-7.30900 0.90000 -2.93800, 8.65000 0.10000 -2.05000"
1986,0.0000,Tx-Rx,0,-61.0595,"-7.30900 0.90000 -2.93800, 8.35000 0.10000 -2.05000"
1987,0.0000,Tx-Rx,0,-58.4213,"-7.30900 0.90000 -2.93800, 8.05000 0.10000 -2.05000"
1988,0.0000,Tx-Rx,0,-55.5569,"-7.30900 0.90000 -2.93800, 7.75000 0.10000 -2.05000"
1989,0.0000,Tx-Rx,0,-55.0751,"-7.30900 0.90000 -2.93800, 7.45000 0.10000 -2.05000"
1990,0.0000,Tx-Rx,0,-55.1674,"-7.30900 0.90000 -2.93800, 7.15000 0.10000 -2.05000"
1991,0.0000,Tx-Rx,0,-54.7799,"-7.30900 0.90000 -2.93800, 6.85000 0.10000 -2.05000"
1992,0.0000,Tx-Rx,0,-54.6085,"-7.30900 0.90000 -2.93800, 6.55000 0.10000 -2.05000"
1993,0.0000,Tx-Rx,0,-55.7350,"-7.30900 0.90000 -2.93800, 6.25000 0.10000 -2.05000"
1994,0.0000,Tx-Rx,0,-56.0796,"-7.30900 0.90000 -2.93800, 5.95000 0.10000 -2.05000"
1995,0.0000,Tx-Rx,0,-55.8131,"-7.30900 0.90000 -2.93800, 5.65000 0.10000 -2.05000"
1996,0.0000,Tx-Rx,0,-55.9017,"-7.30900 0.90000 -2.93800, 5.35000 0.10000 -2.05000"
1997,0.0000,Tx-Rx,0,-55.9973,"-7.30900 0.90000 -2.93800, 5.05000 0.10000 -2.05000"
1998,0.0000,Tx-Rx,0,-55.7121,"-7.30900 0.90000 -2.93800, 4.75000 0.10000 -2.05000"
1999,0.0000,Tx-Rx,0,-55.6179,"-7.30900 0.90000 -2.93800, 4.45000 0.10000 -2.05000"
2000,0.0000,Tx-Rx,0,-55.1655,"-7.30900 0.90000 -2.93800, 4.15000 0.10000 -2.05000"
2001,0.0000,Tx-Rx,0,-54.7934,"-7.30900 0.90000 -2.93800, 3.85000 0.10000 -2.05000"
2002,0.0000,Tx-Rx,0,-54.0937,"-7.30900 0.90000 -2.93800, 3.55000 0.10000 -2.05000"
2003,0.0000,Tx-Rx,0,-53.8535,"-7.30900 0.90000 -2.93800, 3.25000 0.10000 -2.05000"
2004,0.0000,Tx-Rx,0,-53.4409,"-7.30900 0.90000 -2.93800, 2.95000 0.10000 -2.05000"
2005,0.0000,Tx-Rx,0,-52.8409,"-7.30900 0.90000 -2.93800, 2.65000 0.10000 -2.05000"
2006,0.0000,Tx-Rx,0,-52.5778,"-7.30900 0.90000 -2.93800, 2.35000 0.10000 -2.05000"
2007,0.0000,Tx-Rx,0,-52.4541,"-7.30900 0.90000 -2.93800, 2.05000 0.10000 -2.05000"
2008,0.0000,Tx-Rx,0,-52.4142,"-7.30900 0.90000 -2.93800, 1.75000 0.10000 -2.05000"
2009,0.0000,Tx-Rx,0,-52.0806,"-7.30900 0.90000 -2.93800, 1.45000 0.10000 -2.05000"
2010,0.0000,Tx-Rx,0,-51.7246,"-7.30900 0.90000 -2.93800, 1.15000 0.10000 -2.05000"
2011,0.0000,Tx-Rx,0,-51.0728,"-7.30900 0.90000 -2.93800, 0.85000 0.10000 -2.05000"
2012,0.0000,Tx-Rx,0,-50.6539,"-7.30900 0.90000 -2.93800, 0.55000 0.10000 -2.05000"
2013,0.0000,Tx-Rx,0,-50.5080,"-7.30900 0.90000 -2.93800, 0.25000 0.10000 -2.05000"
2014,0.0000,Tx-Rx,0,-50.1900,"-7.30900 0.90000 -2.93800, -0.05000 0.10000 -2.05000"
2015,0.0000,Tx-Rx,0,-49.9344,"-7.30900 0.90000 -2.93800, -0.35000 0.10000 -2.05000"
2016,0.0000,Tx-Rx,0,-49.7389,"-7.30900 0.90000 -2.93800, -0.65000 0.10000 -2.05000"
2017,0.0000,Tx-Rx,0,-49.4763,"-7.30900 0.90000 -2.93800, -0.95000 0.10000 -2.05000"
2018,0.0000,Tx-Rx,0,-49.4059,"-7.30900 0.90000 -2.93800, -1.25000 0.10000 -2.05000"
2019,0.0000,Tx-Rx,0,-49.1226,"-7.30900 0.90000 -2.93800, -1.55000 0.10000 -2.05000"
2020,0.0000,Tx-Rx,0,-48.6719,"-7.30900 0.90000 -2.93800, -1.85000 0.10000 -2.05000"
2021,0.0000,Tx-Rx,0,-48.2760,"-7.30900 0.90000 -2.93800, -2.15000 0.10000 -2.05000"
2022,0.0000,Tx-Rx,0,-47.9627,"-7.30900 0.90000 -2.93800, -2.45000 0.10000 -2.05000"
2023,0.0000,Tx-Rx,0,-48.0320,"-7.30900 0.90000 -2.93800, -2.75000 0.10000 -2.05000"
2024,0.0000,Tx-Rx,0,-47.4855,"-7.30900 0.90000 -2.93800, -3.05000 0.10000 -2.05000"
2025,0.0000,Tx-Rx,0,-46.9195,"-7.30900 0.90000 -2.93800, -3.35000 0.10000 -2.05000"
2026,0.0000,Tx-Rx,0,-45.6441,"-7.30900 0.90000 -2.93800, -3.65000 0.10000 -2.05000"
2027,0.0000,Tx-Rx,0,-44.8942,"-7.30900 0.90000 -2.93800, -3.95000 0.10000 -2.05000"
2028,0.0000,Tx-Rx,0,-43.9291,"-7.30900 0.90000 -2.93800, -4.25000 0.10000 -2.05000"
2029,0.0000,Tx-Rx,0,-42.8726,"-7.30900 0.90000 -2.93800, -4.55000 0.10000 -2.05000"
2030,0.0000,Tx-Rx,0,-44.8167,"-7.30900 0.90000 -2.93800, -4.85000 0.10000 -2.05000"
2031,0.0000,Tx-Rx,0,-44.3135,"-7.30900 0.90000 -2.93800, -5.15000 0.10000 -2.05000"
2032,0.0000,Tx-Rx,0,-44.6647,"-7.30900 0.90000 -2.93800, -5.45000 0.10000 -2.05000"
2033,0.0000,Tx-Rx,0,-43.5573,"-7.30900 0.90000 -2.93800, -5.75000 0.10000 -2.05000"
2034,0.0000,Tx-Rx,0,-42.6265,"-7.30900 0.90000 -2.93800, -6.05000 0.10000 -2.05000"
2035,0.0000,Tx-Rx,0,-41.4504,"-7.30900 0.90000 -2.93800, -6.35000 0.10000 -2.05000"
2036,0.0000,Tx-Rx,0,-38.2921,"-7.30900 0.90000 -2.93800, -6.65000 0.10000 -2.05000"
2037,0.0000,Tx-Rx,0,-41.1197,"-7.30900 0.90000 -2.93800, -6.95000 0.10000 -2.05000"
2038,0.0000,Tx-Rx,0,-39.5322,"-7.30900 0.90000 -2.93800, -7.25000 0.10000 -2.05000"
2039,0.0000,Tx-Rx,0,-39.5014,"-7.30900 0.90000 -2.93800, -7.55000 0.10000 -2.05000"
2040,0.0000,Tx-Rx,0,-39.6504,"-7.30900 0.90000 -2.93800, -7.85000 0.10000 -2.05000"
2041,0.0000,Tx-Rx,0,-83.5793,"-7.30900 0.90000 -2.93800, 9.85000 0.10000 -2.35000"
2042,0.0000,Tx-Rx,0,-79.8611,"-7.30900 0.90000 -2.93800, 9.55000 0.10000 -2.35000"
2043,0.0000,Tx-Rx,0,-82.6684,"-7.30900 0.90000 -2.93800, 9.25000 0.10000 -2.35000"
2044,0.0000,Tx-Rx,0,-81.1062,"-7.30900 0.90000 -2.93800, 8.95000 0.10000 -2.35000"
2045,0.0000,Tx-Rx,0,-80.2812,"-7.30900 0.90000 -2.93800, 8.65000 0.10000 -2.35000"
2046,0.0000,Tx-Rx,0,-82.0445,"-7.30900 0.90000 -2.93800, 8.35000 0.10000 -2.35000"
2047,0.0000,Tx-Rx,0,-59.6844,"-7.30900 0.90000 -2.93800, 8.05000 0.10000 -2.35000"
2048,0.0000,Tx-Rx,0,-55.0242,"-7.30900 0.90000 -2.93800, 7.75000 0.10000 -2.35000"
2049,0.0000,Tx-Rx,0,-54.7921,"-7.30900 0.90000 -2.93800, 7.45000 0.10000 -2.35000"
2050,0.0000,Tx-Rx,0,-54.8428,"-7.30900 0.90000 -2.93800, 7.15000 0.10000 -2.35000"
2051,0.0000,Tx-Rx,0,-54.6140,"-7.30900 0.90000 -2.93800, 6.85000 0.10000 -2.35000"
2052,0.0000,Tx-Rx,0,-54.7354,"-7.30900 0.90000 -2.93800, 6.55000 0.10000 -2.35000"
2053,0.0000,Tx-Rx,0,-55.9065,"-7.30900 0.90000 -2.93800, 6.25000 0.10000 -2.35000"
2054,0.0000,Tx-Rx,0,-55.9352,"-7.30900 0.90000 -2.93800, 5.95000 0.10000 -2.35000"
2055,0.0000,Tx-Rx,0,-55.9924,"-7.30900 0.90000 -2.93800, 5.65000 0.10000 -2.35000"
2056,0.0000,Tx-Rx,0,-56.0539,"-7.30900 0.90000 -2.93800, 5.35000 0.10000 -2.35000"
2057,0.0000,Tx-Rx,0,-56.0057,"-7.30900 0.90000 -2.93800, 5.05000 0.10000 -2.35000"
2058,0.0000,Tx-Rx,0,-55.8540,"-7.30900 0.90000 -2.93800, 4.75000 0.10000 -2.35000"
2059,0.0000,Tx-Rx,0,-55.7707,"-7.30900 0.90000 -2.93800, 4.45000 0.10000 -2.35000"
2060,0.0000,Tx-Rx,0,-55.4979,"-7.30900 0.90000 -2.93800, 4.15000 0.10000 -2.35000"
2061,0.0000,Tx-Rx,0,-55.3801,"-7.30900 0.90000 -2.93800, 3.85000 0.10000 -2.35000"
2062,0.0000,Tx-Rx,0,-55.0972,"-7.30900 0.90000 -2.93800, 3.55000 0.10000 -2.35000"
2063,0.0000,Tx-Rx,0,-55.4398,"-7.30900 0.90000 -2.93800, 3.25000 0.10000 -2.35000"
2064,0.0000,Tx-Rx,0,-55.1780,"-7.30900 0.90000 -2.93800, 2.95000 0.10000 -2.35000"
2065,0.0000,Tx-Rx,0,-54.7270,"-7.30900 0.90000 -2.93800, 2.65000 0.10000 -2.35000"
2066,0.0000,Tx-Rx,0,-53.9811,"-7.30900 0.90000 -2.93800, 2.35000 0.10000 -2.35000"
2067,0.0000,Tx-Rx,0,-53.2033,"-7.30900 0.90000 -2.93800, 2.05000 0.10000 -2.35000"
2068,0.0000,Tx-Rx,0,-52.5956,"-7.30900 0.90000 -2.93800, 1.75000 0.10000 -2.35000"
2069,0.0000,Tx-Rx,0,-52.3407,"-7.30900 0.90000 -2.93800, 1.45000 0.10000 -2.35000"
2070,0.0000,Tx-Rx,0,-53.7080,"-7.30900 0.90000 -2.93800, 1.15000 0.10000 -2.35000"
2071,0.0000,Tx-Rx,0,-54.7994,"-7.30900 0.90000 -2.93800, 0.85000 0.10000 -2.35000"
2072,0.0000,Tx-Rx,0,-54.0264,"-7.30900 0.90000 -2.93800, 0.55000 0.10000 -2.35000"
2073,0.0000,Tx-Rx,0,-53.4896,"-7.30900 0.90000 -2.93800, 0.25000 0.10000 -2.35000"
2074,0.0000,Tx-Rx,0,-52.9026,"-7.30900 0.90000 -2.93800, -0.05000 0.10000 -2.35000"
2075,0.0000,Tx-Rx,0,-52.3563,"-7.30900 0.90000 -2.93800, -0.35000 0.10000 -2.35000"
2076,0.0000,Tx-Rx,0,-51.7181,"-7.30900 0.90000 -2.93800, -0.65000 0.10000 -2.35000"
2077,0.0000,Tx-Rx,0,-51.2396,"-7.30900 0.90000 -2.93800, -0.95000 0.10000 -2.35000"
2078,0.0000,Tx-Rx,0,-50.9955,"-7.30900 0.90000 -2.93800, -1.25000 0.10000 -2.35000"
2079,0.0000,Tx-Rx,0,-50.4320,"-7.30900 0.90000 -2.93800, -1.55000 0.10000 -2.35000"
2080,0.0000,Tx-Rx,0,-49.7065,"-7.30900 0.90000 -2.93800, -1.85000 0.10000 -2.35000"
2081,0.0000,Tx-Rx,0,-49.7692,"-7.30900 0.90000 -2.93800, -2.15000 0.10000 -2.35000"
2082,0.0000,Tx-Rx,0,-52.5395,"-7.30900 0.90000 -2.93800, -2.45000 0.10000 -2.35000"
2083,0.0000,Tx-Rx,0,-53.4990,"-7.30900 0.90000 -2.93800, -2.75000 0.10000 -2.35000"
2084,0.0000,Tx-Rx,0,-52.4552,"-7.30900 0.90000 -2.93800, -3.05000 0.10000 -2.35000"
2085,0.0000,Tx-Rx,0,-51.3266,"-7.30900 0.90000 -2.93800, -3.35000 0.10000 -2.35000"
2086,0.0000,Tx-Rx,0,-49.6741,"-7.30900 0.90000 -2.93800, -3.65000 0.10000 -2.35000"
2087,0.0000,Tx-Rx,0,-47.6926,"-7.30900 0.90000 -2.93800, -3.95000 0.10000 -2.35000"
2088,0.0000,Tx-Rx,0,-45.3704,"-7.30900 0.90000 -2.93800, -4.25000 0.10000 -2.35000"
2089,0.0000,Tx-Rx,0,-42.4344,"-7.30900 0.90000 -2.93800, -4.55000 0.10000 -2.35000"
2090,0.0000,Tx-Rx,0,-43.3633,"-7.30900 0.90000 -2.93800, -4.85000 0.10000 -2.35000"
2091,0.0000,Tx-Rx,0,-41.8255,"-7.30900 0.90000 -2.93800, -5.15000 0.10000 -2.35000"
2092,0.0000,Tx-Rx,0,-41.8399,"-7.30900 0.90000 -2.93800, -5.45000 0.10000 -2.35000"
2093,0.0000,Tx-Rx,0,-40.4423,"-7.30900 0.90000 -2.93800, -5.75000 0.10000 -2.35000"
2094,0.0000,Tx-Rx,0,-39.3785,"-7.30900 0.90000 -2.93800, -6.05000 0.10000 -2.35000"
2095,0.0000,Tx-Rx,0,-38.3789,"-7.30900 0.90000 -2.93800, -6.35000 0.10000 -2.35000"
2096,0.0000,Tx-Rx,0,-36.9704,"-7.30900 0.90000 -2.93800, -6.65000 0.10000 -2.35000"
2097,0.0000,Tx-Rx,0,-39.5727,"-7.30900 0.90000 -2.93800, -6.95000 0.10000 -2.35000"
2098,0.0000,Tx-Rx,0,-38.3419,"-7.30900 0.90000 -2.93800, -7.25000 0.10000 -2.35000"
2099,0.0000,Tx-Rx,0,-38.5774,"-7.30900 0.90000 -2.93800, -7.55000 0.10000 -2.35000"
2100,0.0000,Tx-Rx,0,-38.8438,"-7.30900 0.90000 -2.93800, -7.85000 0.10000 -2.35000"
2101,0.0000,Tx-Rx,0,-90.1144,"-7.30900 0.90000 -2.93800, 9.85000 0.10000 -2.65000"
2102,0.0000,Tx-Rx,0,-80.5924,"-7.30900 0.90000 -2.93800, 9.55000 0.10000 -2.65000"
2103,0.0000,Tx-Rx,0,-81.4947,"-7.30900 0.90000 -2.93800, 9.25000 0.10000 -2.65000"
2104,0.0000,Tx-Rx,0,-80.9510,"-7.30900 0.90000 -2.93800, 8.95000 0.10000 -2.65000"
2105,0.0000,Tx-Rx,0,-83.5787,"-7.30900 0.90000 -2.93800, 8.65000 0.10000 -2.65000"
2106,0.0000,Tx-Rx,0,-81.0444,"-7.30900 0.90000 -2.93800, 8.35000 0.10000 -2.65000"
2107,0.0000,Tx-Rx,0,-59.8762,"-7.30900 0.90000 -2.93800, 8.05000 0.10000 -2.65000"
2108,0.0000,Tx-Rx,0,-54.9791,"-7.30900 0.90000 -2.93800, 7.75000 0.10000 -2.65000"
2109,0.0000,Tx-Rx,0,-55.1956,"-7.30900 0.90000 -2.93800, 7.45000 0.10000 -2.65000"
2110,0.0000,Tx-Rx,0,-55.0998,"-7.30900 0.90000 -2.93800, 7.15000 0.10000 -2.65000"
2111,0.0000,Tx-Rx,0,-54.7483,"-7.30900 0.90000 -2.93800, 6.85000 0.10000 -2.65000"
2112,0.0000,Tx-Rx,0,-54.6979,"-7.30900 0.90000 -2.93800, 6.55000 0.10000 -2.65000"
2113,0.0000,Tx-Rx,0,-55.8958,"-7.30900 0.90000 -2.93800, 6.25000 0.10000 -2.65000"
2114,0.0000,Tx-Rx,0,-56.4876,"-7.30900 0.90000 -2.93800, 5.95000 0.10000 -2.65000"
2115,0.0000,Tx-Rx,0,-56.2814,"-7.30900 0.90000 -2.93800, 5.65000 0.10000 -2.65000"
2116,0.0000,Tx-Rx,0,-55.9439,"-7.30900 0.90000 -2.93800, 5.35000 0.10000 -2.65000"
2117,0.0000,Tx-Rx,0,-55.7309,"-7.30900 0.90000 -2.93800, 5.05000 0.10000 -2.65000"
2118,0.0000,Tx-Rx,0,-55.9283,"-7.30900 0.90000 -2.93800, 4.75000 0.10000 -2.65000"
2119,0.0000,Tx-Rx,0,-55.7315,"-7.30900 0.90000 -2.93800, 4.45000 0.10000 -2.65000"
2120,0.0000,Tx-Rx,0,-55.4760,"-7.30900 0.90000 -2.93800, 4.15000 0.10000 -2.65000"
2121,0.0000,Tx-Rx,0,-55.3789,"-7.30900 0.90000 -2.93800, 3.85000 0.10000 -2.65000"
2122,0.0000,Tx-Rx,0,-55.2738,"-7.30900 0.90000 -2.93800, 3.55000 0.10000 -2.65000"
2123,0.0000,Tx-Rx,0,-55.7307,"-7.30900 0.90000 -2.93800, 3.25000 0.10000 -2.65000"
2124,0.0000,Tx-Rx,0,-56.0381,"-7.30900 0.90000 -2.93800, 2.95000 0.10000 -2.65000"
2125,0.0000,Tx-Rx,0,-55.6673,"-7.30900 0.90000 -2.93800, 2.65000 0.10000 -2.65000"
2126,0.0000,Tx-Rx,0,-54.9046,"-7.30900 0.90000 -2.93800, 2.35000 0.10000 -2.65000"
2127,0.0000,Tx-Rx,0,-54.2009,"-7.30900 0.90000 -2.93800, 2.05000 0.10000 -2.65000"
2128,0.0000,Tx-Rx,0,-53.9075,"-7.30900 0.90000 -2.93800, 1.75000 0.10000 -2.65000"
2129,0.0000,Tx-Rx,0,-53.0554,"-7.30900 0.90000 -2.93800, 1.45000 0.10000 -2.65000"
2130,0.0000,Tx-Rx,0,-54.2091,"-7.30900 0.90000 -2.93800, 1.15000 0.10000 -2.65000"
2131,0.0000,Tx-Rx,0,-55.1070,"-7.30900 0.90000 -2.93800, 0.85000 0.10000 -2.65000"
2132,0.0000,Tx-Rx,0,-54.6308,"-7.30900 0.90000 -2.93800, 0.55000 0.10000 -2.65000"
2133,0.0000,Tx-Rx,0,-54.3600,"-7.30900 0.90000 -2.93800, 0.25000 0.10000 -2.65000"
2134,0.0000,Tx-Rx,0,-54.0784,"-7.30900 0.90000 -2.93800, -0.05000 0.10000 -2.65000"
2135,0.0000,Tx-Rx,0,-53.7186,"-7.30900 0.90000 -2.93800, -0.35000 0.10000 -2.65000"
2136,0.0000,Tx-Rx,0,-53.3340,"-7.30900 0.90000 -2.93800, -0.65000 0.10000 -2.65000"
2137,0.0000,Tx-Rx,0,-53.4668,"-7.30900 0.90000 -2.93800, -0.95000 0.10000 -2.65000"
2138,0.0000,Tx-Rx,0,-52.7261,"-7.30900 0.90000 -2.93800, -1.25000 0.10000 -2.65000"
2139,0.0000,Tx-Rx,0,-52.3250,"-7.30900 0.90000 -2.93800, -1.55000 0.10000 -2.65000"
2140,0.0000,Tx-Rx,0,-52.0579,"-7.30900 0.90000 -2.93800, -1.85000 0.10000 -2.65000"
2141,0.0000,Tx-Rx,0,-51.9688,"-7.30900 0.90000 -2.93800, -2.15000 0.10000 -2.65000"
2142,0.0000,Tx-Rx,0,-52.1999,"-7.30900 0.90000 -2.93800, -2.45000 0.10000 -2.65000"
2143,0.0000,Tx-Rx,0,-54.2067,"-7.30900 0.90000 -2.93800, -2.75000 0.10000 -2.65000"
2144,0.0000,Tx-Rx,0,-53.9930,"-7.30900 0.90000 -2.93800, -3.05000 0.10000 -2.65000"
2145,0.0000,Tx-Rx,0,-52.0213,"-7.30900 0.90000 -2.93800, -3.35000 0.10000 -2.65000"
2146,0.0000,Tx-Rx,0,-49.3758,"-7.30900 0.90000 -2.93800, -3.65000 0.10000 -2.65000"
2147,0.0000,Tx-Rx,0,-47.3395,"-7.30900 0.90000 -2.93800, -3.95000 0.10000 -2.65000"
2148,0.0000,Tx-Rx,0,-46.4256,"-7.30900 0.90000 -2.93800, -4.25000 0.10000 -2.65000"
2149,0.0000,Tx-Rx,0,-45.4068,"-7.30900 0.90000 -2.93800, -4.55000 0.10000 -2.65000"
2150,0.0000,Tx-Rx,0,-47.0406,"-7.30900 0.90000 -2.93800, -4.85000 0.10000 -2.65000"
2151,0.0000,Tx-Rx,0,-46.2152,"-7.30900 0.90000 -2.93800, -5.15000 0.10000 -2.65000"
2152,0.0000,Tx-Rx,0,-47.1178,"-7.30900 0.90000 -2.93800, -5.45000 0.10000 -2.65000"
2153,0.0000,Tx-Rx,0,-43.1462,"-7.30900 0.90000 -2.93800, -5.75000 0.10000 -2.65000"
2154,0.0000,Tx-Rx,0,-39.2949,"-7.30900 0.90000 -2.93800, -6.05000 0.10000 -2.65000"
2155,0.0000,Tx-Rx,0,-37.8644,"-7.30900 0.90000 -2.93800, -6.35000 0.10000 -2.65000"
2156,0.0000,Tx-Rx,0,-36.1747,"-7.30900 0.90000 -2.93800, -6.65000 0.10000 -2.65000"
2157,0.0000,Tx-Rx,0,-38.2801,"-7.30900 0.90000 -2.93800, -6.95000 0.10000 -2.65000"
2158,0.0000,Tx-Rx,0,-38.0854,"-7.30900 0.90000 -2.93800, -7.25000 0.10000 -2.65000"
2159,0.0000,Tx-Rx,0,-38.0365,"-7.30900 0.90000 -2.93800, -7.55000 0.10000 -2.65000"
2160,0.0000,Tx-Rx,0,-38.2208,"-7.30900 0.90000 -2.93800, -7.85000 0.10000 -2.65000"
2161,0.0000,Tx-Rx,0,-81.0704,"-7.30900 0.90000 -2.93800, 9.85000 0.10000 -2.95000"
2162,0.0000,Tx-Rx,0,-83.0955,"-7.30900 0.90000 -2.93800, 9.55000 0.10000 -2.95000"
2163,0.0000,Tx-Rx,0,-80.8948,"-7.30900 0.90000 -2.93800, 9.25000 0.10000 -2.95000"
2164,0.0000,Tx-Rx,0,-81.4871,"-7.30900 0.90000 -2.93800, 8.95000 0.10000 -2.95000"
2165,0.0000,Tx-Rx,0,-80.9960,"-7.30900 0.90000 -2.93800, 8.65000 0.10000 -2.95000"
2166,0.0000,Tx-Rx,0,-80.5829,"-7.30900 0.90000 -2.93800, 8.35000 0.10000 -2.95000"
2167,0.0000,Tx-Rx,0,-60.2881,"-7.30900 0.90000 -2.93800, 8.05000 0.10000 -2.95000"
2168,0.0000,Tx-Rx,0,-55.4285,"-7.30900 0.90000 -2.93800, 7.75000 0.10000 -2.95000"
2169,0.0000,Tx-Rx,0,-55.1940,"-7.30900 0.90000 -2.93800, 7.45000 0.10000 -2.95000"
2170,0.0000,Tx-Rx,0,-54.9064,"-7.30900 0.90000 -2.93800, 7.15000 0.10000 -2.95000"
2171,0.0000,Tx-Rx,0,-54.8551,"-7.30900 0.90000 -2.93800, 6.85000 0.10000 -2.95000"
2172,0.0000,Tx-Rx,0,-54.8897,"-7.30900 0.90000 -2.93800, 6.55000 0.10000 -2.95000"
2173,0.0000,Tx-Rx,0,-56.0649,"-7.30900 0.90000 -2.93800, 6.25000 0.10000 -2.95000"
2174,0.0000,Tx-Rx,0,-56.2727,"-7.30900 0.90000 -2.93800, 5.95000 0.10000 -2.95000"
2175,0.0000,Tx-Rx,0,-56.3948,"-7.30900 0.90000 -2.93800, 5.65000 0.10000 -2.95000"
2176,0.0000,Tx-Rx,0,-56.3405,"-7.30900 0.90000 -2.93800, 5.35000 0.10000 -2.95000"
2177,0.0000,Tx-Rx,0,-56.0101,"-7.30900 0.90000 -2.93800, 5.05000 0.10000 -2.95000"
2178,0.0000,Tx-Rx,0,-56.0158,"-7.30900 0.90000 -2.93800, 4.75000 0.10000 -2.95000"
2179,0.0000,Tx-Rx,0,-55.8568,"-7.30900 0.90000 -2.93800, 4.45000 0.10000 -2.95000"
2180,0.0000,Tx-Rx,0,-55.7411,"-7.30900 0.90000 -2.93800, 4.15000 0.10000 -2.95000"
2181,0.0000,Tx-Rx,0,-55.4290,"-7.30900 0.90000 -2.93800, 3.85000 0.10000 -2.95000"
2182,0.0000,Tx-Rx,0,-55.3517,"-7.30900 0.90000 -2.93800, 3.55000 0.10000 -2.95000"
2183,0.0000,Tx-Rx,0,-55.8675,"-7.30900 0.90000 -2.93800, 3.25000 0.10000 -2.95000"
2184,0.0000,Tx-Rx,0,-56.1170,"-7.30900 0.90000 -2.93800, 2.95000 0.10000 -2.95000"
2185,0.0000,Tx-Rx,0,-55.9075,"-7.30900 0.90000 -2.93800, 2.65000 0.10000 -2.95000"
2186,0.0000,Tx-Rx,0,-55.6634,"-7.30900 0.90000 -2.93800, 2.35000 0.10000 -2.95000"
2187,0.0000,Tx-Rx,0,-55.1057,"-7.30900 0.90000 -2.93800, 2.05000 0.10000 -2.95000"
2188,0.0000,Tx-Rx,0,-54.0700,"-7.30900 0.90000 -2.93800, 1.75000 0.10000 -2.95000"
2189,0.0000,Tx-Rx,0,-53.5202,"-7.30900 0.90000 -2.93800, 1.45000 0.10000 -2.95000"
2190,0.0000,Tx-Rx,0,-55.3978,"-7.30900 0.90000 -2.93800, 1.15000 0.10000 -2.95000"
2191,0.0000,Tx-Rx,0,-57.4959,"-7.30900 0.90000 -2.93800, 0.85000 0.10000 -2.95000"
2192,0.0000,Tx-Rx,0,-56.9792,"-7.30900 0.90000 -2.93800, 0.55000 0.10000 -2.95000"
2193,0.0000,Tx-Rx,0,-55.9719,"-7.30900 0.90000 -2.93800, 0.25000 0.10000 -2.95000"
2194,0.0000,Tx-Rx,0,-54.9937,"-7.30900 0.90000 -2.93800, -0.05000 0.10000 -2.95000"
2195,0.0000,Tx-Rx,0,-53.8446,"-7.30900 0.90000 -2.93800, -0.35000 0.10000 -2.95000"
2196,0.0000,Tx-Rx,0,-53.5152,"-7.30900 0.90000 -2.93800, -0.65000 0.10000 -2.95000"
2197,0.0000,Tx-Rx,0,-53.3477,"-7.30900 0.90000 -2.93800, -0.95000 0.10000 -2.95000"
2198,0.0000,Tx-Rx,0,-53.0457,"-7.30900 0.90000 -2.93800, -1.25000 0.10000 -2.95000"
2199,0.0000,Tx-Rx,0,-52.6076,"-7.30900 0.90000 -2.93800, -1.55000 0.10000 -2.95000"
2200,0.0000,Tx-Rx,0,-52.2781,"-7.30900 0.90000 -2.93800, -1.85000 0.10000 -2.95000"
2201,0.0000,Tx-Rx,0,-52.0117,"-7.30900 0.90000 -2.93800, -2.15000 0.10000 -2.95000"
2202,0.0000,Tx-Rx,0,-51.5684,"-7.30900 0.90000 -2.93800, -2.45000 0.10000 -2.95000"
2203,0.0000,Tx-Rx,0,-50.4090,"-7.30900 0.90000 -2.93800, -2.75000 0.10000 -2.95000"
2204,0.0000,Tx-Rx,0,-49.5839,"-7.30900 0.90000 -2.93800, -3.05000 0.10000 -2.95000"
2205,0.0000,Tx-Rx,0,-48.6857,"-7.30900 0.90000 -2.93800, -3.35000 0.10000 -2.95000"
2206,0.0000,Tx-Rx,0,-48.3516,"-7.30900 0.90000 -2.93800, -3.65000 0.10000 -2.95000"
2207,0.0000,Tx-Rx,0,-48.3917,"-7.30900 0.90000 -2.93800, -3.95000 0.10000 -2.95000"
2208,0.0000,Tx-Rx,0,-47.9313,"-7.30900 0.90000 -2.93800, -4.25000 0.10000 -2.95000"
2209,0.0000,Tx-Rx,0,-46.9988,"-7.30900 0.90000 -2.93800, -4.55000 0.10000 -2.95000"
2210,0.0000,Tx-Rx,0,-49.3269,"-7.30900 0.90000 -2.93800, -4.85000 0.10000 -2.95000"
2211,0.0000,Tx-Rx,0,-49.0590,"-7.30900 0.90000 -2.93800, -5.15000 0.10000 -2.95000"
2212,0.0000,Tx-Rx,0,-49.5539,"-7.30900 0.90000 -2.93800, -5.45000 0.10000 -2.95000"
2213,0.0000,Tx-Rx,0,-45.1205,"-7.30900 0.90000 -2.93800, -5.75000 0.10000 -2.95000"
2214,0.0000,Tx-Rx,0,-41.3494,"-7.30900 0.90000 -2.93800, -6.05000 0.10000 -2.95000"
2215,0.0000,Tx-Rx,0,-37.6484,"-7.30900 0.90000 -2.93800, -6.35000 0.10000 -2.95000"
2216,0.0000,Tx-Rx,0,-35.8483,"-7.30900 0.90000 -2.93800, -6.65000 0.10000 -2.95000"
2217,0.0000,Tx-Rx,0,-37.4164,"-7.30900 0.90000 -2.93800, -6.95000 0.10000 -2.95000"
2218,0.0000,Tx-Rx,0,-38.4065,"-7.30900 0.90000 -2.93800, -7.25000 0.10000 -2.95000"
2219,0.0000,Tx-Rx,0,-37.9282,"-7.30900 0.90000 -2.93800, -7.55000 0.10000 -2.95000"
2220,0.0000,Tx-Rx,0,-38.1311,"-7.30900 0.90000 -2.93800, -7.85000 0.10000 -2.95000"
2221,0.0000,Tx-Rx,0,-85.8748,"-7.30900 0.90000 -2.93800, 9.85000 0.10000 -3.25000"
2222,0.0000,Tx-Rx,0,-81.0414,"-7.30900 0.90000 -2.93800, 9.55000 0.10000 -3.25000"
2223,0.0000,Tx-Rx,0,-81.4764,"-7.30900 0.90000 -2.93800, 9.25000 0.10000 -3.25000"
2224,0.0000,Tx-Rx,0,-83.4604,"-7.30900 0.90000 -2.93800, 8.95000 0.10000 -3.25000"
2225,0.0000,Tx-Rx,0,-80.9255,"-7.30900 0.90000 -2.93800, 8.65000 0.10000 -3.25000"
2226,0.0000,Tx-Rx,0,-82.7430,"-7.30900 0.90000 -2.93800, 8.35000 0.10000 -3.25000"
2227,0.0000,Tx-Rx,0,-60.1483,"-7.30900 0.90000 -2.93800, 8.05000 0.10000 -3.25000"
2228,0.0000,Tx-Rx,0,-55.3798,"-7.30900 0.90000 -2.93800, 7.75000 0.10000 -3.25000"
2229,0.0000,Tx-Rx,0,-55.1684,"-7.30900 0.90000 -2.93800, 7.45000 0.10000 -3.25000"
2230,0.0000,Tx-Rx,0,-55.2069,"-7.30900 0.90000 -2.93800, 7.15000 0.10000 -3.25000"
2231,0.0000,Tx-Rx,0,-54.9252,"-7.30900 0.90000 -2.93800, 6.85000 0.10000 -3.25000"
2232,0.0000,Tx-Rx,0,-54.8116,"-7.30900 0.90000 -2.93800, 6.55000 0.10000 -3.25000"
2233,0.0000,Tx-Rx,0,-55.9209,"-7.30900 0.90000 -2.93800, 6.25000 0.10000 -3.25000"
2234,0.0000,Tx-Rx,0,-56.4939,"-7.30900 0.90000 -2.93800, 5.95000 0.10000 -3.25000"
2235,0.0000,Tx-Rx,0,-56.3768,"-7.30900 0.90000 -2.93800, 5.65000 0.10000 -3.25000"
2236,0.0000,Tx-Rx,0,-56.2404,"-7.30900 0.90000 -2.93800, 5.35000 0.10000 -3.25000"
2237,0.0000,Tx-Rx,0,-55.9879,"-7.30900 0.90000 -2.93800, 5.05000 0.10000 -3.25000"
2238,0.0000,Tx-Rx,0,-55.9985,"-7.30900 0.90000 -2.93800, 4.75000 0.10000 -3.25000"
2239,0.0000,Tx-Rx,0,-55.9214,"-7.30900 0.90000 -2.93800, 4.45000 0.10000 -3.25000"
2240,0.0000,Tx-Rx,0,-55.7167,"-7.30900 0.90000 -2.93800, 4.15000 0.10000 -3.25000"
2241,0.0000,Tx-Rx,0,-55.5593,"-7.30900 0.90000 -2.93800, 3.85000 0.10000 -3.25000"
2242,0.0000,Tx-Rx,0,-55.3495,"-7.30900 0.90000 -2.93800, 3.55000 0.10000 -3.25000"
2243,0.0000,Tx-Rx,0,-55.9235,"-7.30900 0.90000 -2.93800, 3.25000 0.10000 -3.25000"
2244,0.0000,Tx-Rx,0,-56.1309,"-7.30900 0.90000 -2.93800, 2.95000 0.10000 -3.25000"
2245,0.0000,Tx-Rx,0,-55.8994,"-7.30900 0.90000 -2.93800, 2.65000 0.10000 -3.25000"
2246,0.0000,Tx-Rx,0,-55.5318,"-7.30900 0.90000 -2.93800, 2.35000 0.10000 -3.25000"
2247,0.0000,Tx-Rx,0,-54.7332,"-7.30900 0.90000 -2.93800, 2.05000 0.10000 -3.25000"
2248,0.0000,Tx-Rx,0,-54.5405,"-7.30900 0.90000 -2.93800, 1.75000 0.10000 -3.25000"
2249,0.0000,Tx-Rx,0,-54.2985,"-7.30900 0.90000 -2.93800, 1.45000 0.10000 -3.25000"
2250,0.0000,Tx-Rx,0,-56.4545,"-7.30900 0.90000 -2.93800, 1.15000 0.10000 -3.25000"
2251,0.0000,Tx-Rx,0,-58.1515,"-7.30900 0.90000 -2.93800, 0.85000 0.10000 -3.25000"
2252,0.0000,Tx-Rx,0,-57.3947,"-7.30900 0.90000 -2.93800, 0.55000 0.10000 -3.25000"
2253,0.0000,Tx-Rx,0,-57.0713,"-7.30900 0.90000 -2.93800, 0.25000 0.10000 -3.25000"
2254,0.0000,Tx-Rx,0,-57.0966,"-7.30900 0.90000 -2.93800, -0.05000 0.10000 -3.25000"
2255,0.0000,Tx-Rx,0,-57.4118,"-7.30900 0.90000 -2.93800, -0.35000 0.10000 -3.25000"
2256,0.0000,Tx-Rx,0,-55.9800,"-7.30900 0.90000 -2.93800, -0.65000 0.10000 -3.25000"
2257,0.0000,Tx-Rx,0,-54.3231,"-7.30900 0.90000 -2.93800, -0.95000 0.10000 -3.25000"
2258,0.0000,Tx-Rx,0,-52.8019,"-7.30900 0.90000 -2.93800, -1.25000 0.10000 -3.25000"
2259,0.0000,Tx-Rx,0,-52.1356,"-7.30900 0.90000 -2.93800, -1.55000 0.10000 -3.25000"
2260,0.0000,Tx-Rx,0,-51.3543,"-7.30900 0.90000 -2.93800, -1.85000 0.10000 -3.25000"
2261,0.0000,Tx-Rx,0,-49.9289,"-7.30900 0.90000 -2.93800, -2.15000 0.10000 -3.25000"
2262,0.0000,Tx-Rx,0,-48.7988,"-7.30900 0.90000 -2.93800, -2.45000 0.10000 -3.25000"
2263,0.0000,Tx-Rx,0,-48.3812,"-7.30900 0.90000 -2.93800, -2.75000 0.10000 -3.25000"
2264,0.0000,Tx-Rx,0,-48.2557,"-7.30900 0.90000 -2.93800, -3.05000 0.10000 -3.25000"
2265,0.0000,Tx-Rx,0,-47.9192,"-7.30900 0.90000 -2.93800, -3.35000 0.10000 -3.25000"
2266,0.0000,Tx-Rx,0,-47.4389,"-7.30900 0.90000 -2.93800, -3.65000 0.10000 -3.25000"
2267,0.0000,Tx-Rx,0,-47.1937,"-7.30900 0.90000 -2.93800, -3.95000 0.10000 -3.25000"
2268,0.0000,Tx-Rx,0,-46.8646,"-7.30900 0.90000 -2.93800, -4.25000 0.10000 -3.25000"
2269,0.0000,Tx-Rx,0,-47.0914,"-7.30900 0.90000 -2.93800, -4.55000 0.10000 -3.25000"
2270,0.0000,Tx-Rx,0,-47.7382,"-7.30900 0.90000 -2.93800, -4.85000 0.10000 -3.25000"
2271,0.0000,Tx-Rx,0,-46.6739,"-7.30900 0.90000 -2.93800, -5.15000 0.10000 -3.25000"
2272,0.0000,Tx-Rx,0,-44.5290,"-7.30900 0.90000 -2.93800, -5.45000 0.10000 -3.25000"
2273,0.0000,Tx-Rx,0,-40.8876,"-7.30900 0.90000 -2.93800, -5.75000 0.10000 -3.25000"
2274,0.0000,Tx-Rx,0,-39.3011,"-7.30900 0.90000 -2.93800, -6.05000 0.10000 -3.25000"
2275,0.0000,Tx-Rx,0,-37.7994,"-7.30900 0.90000 -2.93800, -6.35000 0.10000 -3.25000"
2276,0.0000,Tx-Rx,0,-36.1457,"-7.30900 0.90000 -2.93800, -6.65000 0.10000 -3.25000"
2277,0.0000,Tx-Rx,0,-37.1121,"-7.30900 0.90000 -2.93800, -6.95000 0.10000 -3.25000"
2278,0.0000,Tx-Rx,0,-38.6489,"-7.30900 0.90000 -2.93800, -7.25000 0.10000 -3.25000"
2279,0.0000,Tx-Rx,0,-37.6746,"-7.30900 0.90000 -2.93800, -7.55000 0.10000 -3.25000"
2280,0.0000,Tx-Rx,0,-38.1641,"-7.30900 0.90000 -2.93800, -7.85000 0.10000 -3.25000"
2281,0.0000,Tx-Rx,0,-83.6925,"-7.30900 0.90000 -2.93800, 9.85000 0.10000 -3.55000"
2282,0.0000,Tx-Rx,0,-80.9863,"-7.30900 0.90000 -2.93800, 9.55000 0.10000 -3.55000"
2283,0.0000,Tx-Rx,0,-81.2746,"-7.30900 0.90000 -2.93800, 9.25000 0.10000 -3.55000"
2284,0.0000,Tx-Rx,0,-83.9946,"-7.30900 0.90000 -2.93800, 8.95000 0.10000 -3.55000"
2285,0.0000,Tx-Rx,0,-81.8844,"-7.30900 0.90000 -2.93800, 8.65000 0.10000 -3.55000"
2286,0.0000,Tx-Rx,0,-81.8123,"-7.30900 0.90000 -2.93800, 8.35000 0.10000 -3.55000"
2287,0.0000,Tx-Rx,0,-60.4088,"-7.30900 0.90000 -2.93800, 8.05000 0.10000 -3.55000"
2288,0.0000,Tx-Rx,0,-55.6386,"-7.30900 0.90000 -2.93800, 7.75000 0.10000 -3.55000"
2289,0.0000,Tx-Rx,0,-55.4971,"-7.30900 0.90000 -2.93800, 7.45000 0.10000 -3.55000"
2290,0.0000,Tx-Rx,0,-55.3426,"-7.30900 0.90000 -2.93800, 7.15000 0.10000 -3.55000"
2291,0.0000,Tx-Rx,0,-55.4590,"-7.30900 0.90000 -2.93800, 6.85000 0.10000 -3.55000"
2292,0.0000,Tx-Rx,0,-55.2789,"-7.30900 0.90000 -2.93800, 6.55000 0.10000 -3.55000"
2293,0.0000,Tx-Rx,0,-56.0767,"-7.30900 0.90000 -2.93800, 6.25000 0.10000 -3.55000"
2294,0.0000,Tx-Rx,0,-56.5194,"-7.30900 0.90000 -2.93800, 5.95000 0.10000 -3.55000"
2295,0.0000,Tx-Rx,0,-56.2611,"-7.30900 0.90000 -2.93800, 5.65000 0.10000 -3.55000"
2296,0.0000,Tx-Rx,0,-56.0777,"-7.30900 0.90000 -2.93800, 5.35000 0.10000 -3.55000"
2297,0.0000,Tx-Rx,0,-56.0569,"-7.30900 0.90000 -2.93800, 5.05000 0.10000 -3.55000"
2298,0.0000,Tx-Rx,0,-55.8664,"-7.30900 0.90000 -2.93800, 4.75000 0.10000 -3.55000"
2299,0.0000,Tx-Rx,0,-55.7414,"-7.30900 0.90000 -2.93800, 4.45000 0.10000 -3.55000"
2300,0.0000,Tx-Rx,0,-55.6468,"-7.30900 0.90000 -2.93800, 4.15000 0.10000 -3.55000"
2301,0.0000,Tx-Rx,0,-55.5869,"-7.30900 0.90000 -2.93800, 3.85000 0.10000 -3.55000"
2302,0.0000,Tx-Rx,0,-55.7143,"-7.30900 0.90000 -2.93800, 3.55000 0.10000 -3.55000"
2303,0.0000,Tx-Rx,0,-56.4215,"-7.30900 0.90000 -2.93800, 3.25000 0.10000 -3.55000"
2304,0.0000,Tx-Rx,0,-57.0196,"-7.30900 0.90000 -2.93800, 2.95000 0.10000 -3.55000"
2305,0.0000,Tx-Rx,0,-57.0472,"-7.30900 0.90000 -2.93800, 2.65000 0.10000 -3.55000"
2306,0.0000,Tx-Rx,0,-56.5107,"-7.30900 0.90000 -2.93800, 2.35000 0.10000 -3.55000"
2307,0.0000,Tx-Rx,0,-56.5321,"-7.30900 0.90000 -2.93800, 2.05000 0.10000 -3.55000"
2308,0.0000,Tx-Rx,0,-56.8769,"-7.30900 0.90000 -2.93800, 1.75000 0.10000 -3.55000"
2309,0.0000,Tx-Rx,0,-57.2078,"-7.30900 0.90000 -2.93800, 1.45000 0.10000 -3.55000"
2310,0.0000,Tx-Rx,0,-58.9448,"-7.30900 0.90000 -2.93800, 1.15000 0.10000 -3.55000"
2311,0.0000,Tx-Rx,0,-60.2132,"-7.30900 0.90000 -2.93800, 0.85000 0.10000 -3.55000"
2312,0.0000,Tx-Rx,0,-59.3783,"-7.30900 0.90000 -2.93800, 0.55000 0.10000 -3.55000"
2313,0.0000,Tx-Rx,0,-57.6240,"-7.30900 0.90000 -2.93800, 0.25000 0.10000 -3.55000"
2314,0.0000,Tx-Rx,0,-56.3711,"-7.30900 0.90000 -2.93800, -0.05000 0.10000 -3.55000"
2315,0.0000,Tx-Rx,0,-56.0017,"-7.30900 0.90000 -2.93800, -0.35000 0.10000 -3.55000"
2316,0.0000,Tx-Rx,0,-55.8815,"-7.30900 0.90000 -2.93800, -0.65000 0.10000 -3.55000"
2317,0.0000,Tx-Rx,0,-56.2758,"-7.30900 0.90000 -2.93800, -0.95000 0.10000 -3.55000"
2318,0.0000,Tx-Rx,0,-54.5039,"-7.30900 0.90000 -2.93800, -1.25000 0.10000 -3.55000"
2319,0.0000,Tx-Rx,0,-51.9900,"-7.30900 0.90000 -2.93800, -1.55000 0.10000 -3.55000"
2320,0.0000,Tx-Rx,0,-50.2125,"-7.30900 0.90000 -2.93800, -1.85000 0.10000 -3.55000"
2321,0.0000,Tx-Rx,0,-49.2424,"-7.30900 0.90000 -2.93800, -2.15000 0.10000 -3.55000"
2322,0.0000,Tx-Rx,0,-48.5918,"-7.30900 0.90000 -2.93800, -2.45000 0.10000 -3.55000"
2323,0.0000,Tx-Rx,0,-48.3884,"-7.30900 0.90000 -2.93800, -2.75000 0.10000 -3.55000"
2324,0.0000,Tx-Rx,0,-48.1523,"-7.30900 0.90000 -2.93800, -3.05000 0.10000 -3.55000"
2325,0.0000,Tx-Rx,0,-47.6479,"-7.30900 0.90000 -2.93800, -3.35000 0.10000 -3.55000"
2326,0.0000,Tx-Rx,0,-47.0676,"-7.30900 0.90000 -2.93800, -3.65000 0.10000 -3.55000"
2327,0.0000,Tx-Rx,0,-46.9483,"-7.30900 0.90000 -2.93800, -3.95000 0.10000 -3.55000"
2328,0.0000,Tx-Rx,0,-46.7122,"-7.30900 0.90000 -2.93800, -4.25000 0.10000 -3.55000"
2329,0.0000,Tx-Rx,0,-45.1909,"-7.30900 0.90000 -2.93800, -4.55000 0.10000 -3.55000"
2330,0.0000,Tx-Rx,0,-43.7776,"-7.30900 0.90000 -2.93800, -4.85000 0.10000 -3.55000"
2331,0.0000,Tx-Rx,0,-42.1767,"-7.30900 0.90000 -2.93800, -5.15000 0.10000 -3.55000"
2332,0.0000,Tx-Rx,0,-41.1335,"-7.30900 0.90000 -2.93800, -5.45000 0.10000 -3.55000"
2333,0.0000,Tx-Rx,0,-40.2914,"-7.30900 0.90000 -2.93800, -5.75000 0.10000 -3.55000"
2334,0.0000,Tx-Rx,0,-39.3589,"-7.30900 0.90000 -2.93800, -6.05000 0.10000 -3.55000"
2335,0.0000,Tx-Rx,0,-38.3371,"-7.30900 0.90000 -2.93800, -6.35000 0.10000 -3.55000"
2336,0.0000,Tx-Rx,0,-36.8255,"-7.30900 0.90000 -2.93800, -6.65000 0.10000 -3.55000"
2337,0.0000,Tx-Rx,0,-37.6080,"-7.30900 0.90000 -2.93800, -6.95000 0.10000 -3.55000"
2338,0.0000,Tx-Rx,0,-39.1147,"-7.30900 0.90000 -2.93800, -7.25000 0.10000 -3.55000"
2339,0.0000,Tx-Rx,0,-38.1484,"-7.30900 0.90000 -2.93800, -7.55000 0.10000 -3.55000"
2340,0.0000,Tx-Rx,0,-38.6737,"-7.30900 0.90000 -2.93800, -7.85000 0.10000 -3.55000"
2341,0.0000,Tx-Rx,0,-85.1850,"-7.30900 0.90000 -2.93800, 9.85000 0.10000 -3.85000"
2342,0.0000,Tx-Rx,0,-84.0286,"-7.30900 0.90000 -2.93800, 9.55000 0.10000 -3.85000"
2343,0.0000,Tx-Rx,0,-83.2177,"-7.30900 0.90000 -2.93800, 9.25000 0.10000 -3.85000"
2344,0.0000,Tx-Rx,0,-82.5965,"-7.30900 0.90000 -2.93800, 8.95000 0.10000 -3.85000"
2345,0.0000,Tx-Rx,0,-81.4712,"-7.30900 0.90000 -2.93800, 8.65000 0.10000 -3.85000"
2346,0.0000,Tx-Rx,0,-80.9094,"-7.30900 0.90000 -2.93800, 8.35000 0.10000 -3.85000"
2347,0.0000,Tx-Rx,0,-62.2324,"-7.30900 0.90000 -2.93800, 8.05000 0.10000 -3.85000"
2348,0.0000,Tx-Rx,0,-57.4669,"-7.30900 0.90000 -2.93800, 7.75000 0.10000 -3.85000"
2349,0.0000,Tx-Rx,0,-57.5094,"-7.30900 0.90000 -2.93800, 7.45000 0.10000 -3.85000"
2350,0.0000,Tx-Rx,0,-57.6498,"-7.30900 0.90000 -2.93800, 7.15000 0.10000 -3.85000"
2351,0.0000,Tx-Rx,0,-57.8431,"-7.30900 0.90000 -2.93800, 6.85000 0.10000 -3.85000"
2352,0.0000,Tx-Rx,0,-58.0174,"-7.30900 0.90000 -2.93800, 6.55000 0.10000 -3.85000"
2353,0.0000,Tx-Rx,0,-58.3241,"-7.30900 0.90000 -2.93800, 6.25000 0.10000 -3.85000"
2354,0.0000,Tx-Rx,0,-58.7373,"-7.30900 0.90000 -2.93800, 5.95000 0.10000 -3.85000"
2355,0.0000,Tx-Rx,0,-58.9644,"-7.30900 0.90000 -2.93800, 5.65000 0.10000 -3.85000"
2356,0.0000,Tx-Rx,0,-59.7284,"-7.30900 0.90000 -2.93800, 5.35000 0.10000 -3.85000"
2357,0.0000,Tx-Rx,0,-60.0882,"-7.30900 0.90000 -2.93800, 5.05000 0.10000 -3.85000"
2358,0.0000,Tx-Rx,0,-60.9589,"-7.30900 0.90000 -2.93800, 4.75000 0.10000 -3.85000"
2359,0.0000,Tx-Rx,0,-61.6014,"-7.30900 0.90000 -2.93800, 4.45000 0.10000 -3.85000"
2360,0.0000,Tx-Rx,0,-62.9319,"-7.30900 0.90000 -2.93800, 4.15000 0.10000 -3.85000"
2361,0.0000,Tx-Rx,0,-64.3567,"-7.30900 0.90000 -2.93800, 3.85000 0.10000 -3.85000"
2362,0.0000,Tx-Rx,0,-64.5791,"-7.30900 0.90000 -2.93800, 3.55000 0.10000 -3.85000"
2363,0.0000,Tx-Rx,0,-64.4232,"-7.30900 0.90000 -2.93800, 3.25000 0.10000 -3.85000"
2364,0.0000,Tx-Rx,0,-65.1393,"-7.30900 0.90000 -2.93800, 2.95000 0.10000 -3.85000"
2365,0.0000,Tx-Rx,0,-62.2364,"-7.30900 0.90000 -2.93800, 2.65000 0.10000 -3.85000"
2366,0.0000,Tx-Rx,0,-61.9180,"-7.30900 0.90000 -2.93800, 2.35000 0.10000 -3.85000"
2367,0.0000,Tx-Rx,0,-61.7158,"-7.30900 0.90000 -2.93800, 2.05000 0.10000 -3.85000"
2368,0.0000,Tx-Rx,0,-61.7558,"-7.30900 0.90000 -2.93800, 1.75000 0.10000 -3.85000"
2369,0.0000,Tx-Rx,0,-61.8408,"-7.30900 0.90000 -2.93800, 1.45000 0.10000 -3.85000"
2370,0.0000,Tx-Rx,0,-62.0147,"-7.30900 0.90000 -2.93800, 1.15000 0.10000 -3.85000"
2371,0.0000,Tx-Rx,0,-62.0233,"-7.30900 0.90000 -2.93800, 0.85000 0.10000 -3.85000"
2372,0.0000,Tx-Rx,0,-62.1549,"-7.30900 0.90000 -2.93800, 0.55000 0.10000 -3.85000"
2373,0.0000,Tx-Rx,0,-62.6082,"-7.30900 0.90000 -2.93800, 0.25000 0.10000 -3.85000"
2374,0.0000,Tx-Rx,0,-57.6678,"-7.30900 0.90000 -2.93800, -0.05000 0.10000 -3.85000"
2375,0.0000,Tx-Rx,0,-54.7188,"-7.30900 0.90000 -2.93800, -0.35000 0.10000 -3.85000"
2376,0.0000,Tx-Rx,0,-53.1976,"-7.30900 0.90000 -2.93800, -0.65000 0.10000 -3.85000"
2377,0.0000,Tx-Rx,0,-52.1429,"-7.30900 0.90000 -2.93800, -0.95000 0.10000 -3.85000"
2378,0.0000,Tx-Rx,0,-51.8302,"-7.30900 0.90000 -2.93800, -1.25000 0.10000 -3.85000"
2379,0.0000,Tx-Rx,0,-51.8871,"-7.30900 0.90000 -2.93800, -1.55000 0.10000 -3.85000"
2380,0.0000,Tx-Rx,0,-52.1514,"-7.30900 0.90000 -2.93800, -1.85000 0.10000 -3.85000"
2381,0.0000,Tx-Rx,0,-52.0372,"-7.30900 0.90000 -2.93800, -2.15000 0.10000 -3.85000"
2382,0.0000,Tx-Rx,0,-50.8120,"-7.30900 0.90000 -2.93800, -2.45000 0.10000 -3.85000"
2383,0.0000,Tx-Rx,0,-49.3922,"-7.30900 0.90000 -2.93800, -2.75000 0.10000 -3.85000"
2384,0.0000,Tx-Rx,0,-48.3947,"-7.30900 0.90000 -2.93800, -3.05000 0.10000 -3.85000"
2385,0.0000,Tx-Rx,0,-47.1067,"-7.30900 0.90000 -2.93800, -3.35000 0.10000 -3.85000"
2386,0.0000,Tx-Rx,0,-45.9527,"-7.30900 0.90000 -2.93800, -3.65000 0.10000 -3.85000"
2387,0.0000,Tx-Rx,0,-44.9115,"-7.30900 0.90000 -2.93800, -3.95000 0.10000 -3.85000"
2388,0.0000,Tx-Rx,0,-43.9313,"-7.30900 0.90000 -2.93800, -4.25000 0.10000 -3.85000"
2389,0.0000,Tx-Rx,0,-43.4183,"-7.30900 0.90000 -2.93800, -4.55000 0.10000 -3.85000"
2390,0.0000,Tx-Rx,0,-42.9659,"-7.30900 0.90000 -2.93800, -4.85000 0.10000 -3.85000"
2391,0.0000,Tx-Rx,0,-42.1316,"-7.30900 0.90000 -2.93800, -5.15000 0.10000 -3.85000"
2392,0.0000,Tx-Rx,0,-41.3686,"-7.30900 0.90000 -2.93800, -5.45000 0.10000 -3.85000"
2393,0.0000,Tx-Rx,0,-40.6102,"-7.30900 0.90000 -2.93800, -5.75000 0.10000 -3.85000"
2394,0.0000,Tx-Rx,0,-39.2463,"-7.30900 0.90000 -2.93800, -6.05000 0.10000 -3.85000"
2395,0.0000,Tx-Rx,0,-39.0321,"-7.30900 0.90000 -2.93800, -6.35000 0.10000 -3.85000"
2396,0.0000,Tx-Rx,0,-38.0561,"-7.30900 0.90000 -2.93800, -6.65000 0.10000 -3.85000"
2397,0.0000,Tx-Rx,0,-38.3397,"-7.30900 0.90000 -2.93800, -6.95000 0.10000 -3.85000"
2398,0.0000,Tx-Rx,0,-40.0728,"-7.30900 0.90000 -2.93800, -7.25000 0.10000 -3.85000"
2399,0.0000,Tx-Rx,0,-39.0779,"-7.30900 0.90000 -2.93800, -7.55000 0.10000 -3.85000"
2400,0.0000,Tx-Rx,0,-39.7537,"-7.30900 0.90000 -2.93800, -7.85000 0.10000 -3.85000"
2401,0.0000,Tx-Rx,0,-87.5240,"-7.30900 0.90000 -2.93800, 9.85000 0.10000 -4.15000"
2402,0.0000,Tx-Rx,0,-89.1881,"-7.30900 0.90000 -2.93800, 9.55000 0.10000 -4.15000"
2403,0.0000,Tx-Rx,0,-88.0913,"-7.30900 0.90000 -2.93800, 9.25000 0.10000 -4.15000"
2404,0.0000,Tx-Rx,0,-91.1579,"-7.30900 0.90000 -2.93800, 8.95000 0.10000 -4.15000"
2405,0.0000,Tx-Rx,0,-87.9029,"-7.30900 0.90000 -2.93800, 8.65000 0.10000 -4.15000"
2406,0.0000,Tx-Rx,0,-89.5613,"-7.30900 0.90000 -2.93800, 8.35000 0.10000 -4.15000"
2407,0.0000,Tx-Rx,0,-69.3141,"-7.30900 0.90000 -2.93800, 8.05000 0.10000 -4.15000"
2408,0.0000,Tx-Rx,0,-66.1650,"-7.30900 0.90000 -2.93800, 7.75000 0.10000 -4.15000"
2409,0.0000,Tx-Rx,0,-67.5066,"-7.30900 0.90000 -2.93800, 7.45000 0.10000 -4.15000"
2410,0.0000,Tx-Rx,0,-68.0803,"-7.30900 0.90000 -2.93800, 7.15000 0.10000 -4.15000"
2411,0.0000,Tx-Rx,0,-66.9835,"-7.30900 0.90000 -2.93800, 6.85000 0.10000 -4.15000"
2412,0.0000,Tx-Rx,0,-66.9939,"-7.30900 0.90000 -2.93800, 6.55000 0.10000 -4.15000"
2413,0.0000,Tx-Rx,0,-66.8602,"-7.30900 0.90000 -2.93800, 6.25000 0.10000 -4.15000"
2414,0.0000,Tx-Rx,0,-66.6307,"-7.30900 0.90000 -2.93800, 5.95000 0.10000 -4.15000"
2415,0.0000,Tx-Rx,0,-66.5115,"-7.30900 0.90000 -2.93800, 5.65000 0.10000 -4.15000"
2416,0.0000,Tx-Rx,0,-66.5637,"-7.30900 0.90000 -2.93800, 5.35000 0.10000 -4.15000"
2417,0.0000,Tx-Rx,0,-66.1545,"-7.30900 0.90000 -2.93800, 5.05000 0.10000 -4.15000"
2418,0.0000,Tx-Rx,0,-66.3428,"-7.30900 0.90000 -2.93800, 4.75000 0.10000 -4.15000"
2419,0.0000,Tx-Rx,0,-66.1400,"-7.30900 0.90000 -2.93800, 4.45000 0.10000 -4.15000"
2420,0.0000,Tx-Rx,0,-66.5130,"-7.30900 0.90000 -2.93800, 4.15000 0.10000 -4.15000"
2421,0.0000,Tx-Rx,0,-67.1664,"-7.30900 0.90000 -2.93800, 3.85000 0.10000 -4.15000"
2422,0.0000,Tx-Rx,0,-67.4401,"-7.30900 0.90000 -2.93800, 3.55000 0.10000 -4.15000"
2423,0.0000,Tx-Rx,0,-66.6625,"-7.30900 0.90000 -2.93800, 3.25000 0.10000 -4.15000"
2424,0.0000,Tx-Rx,0,-63.3769,"-7.30900 0.90000 -2.93800, 2.95000 0.10000 -4.15000"
2425,0.0000,Tx-Rx,0,-62.5580,"-7.30900 0.90000 -2.93800, 2.65000 0.10000 -4.15000"
2426,0.0000,Tx-Rx,0,-62.6646,"-7.30900 0.90000 -2.93800, 2.35000 0.10000 -4.15000"
2427,0.0000,Tx-Rx,0,-62.7087,"-7.30900 0.90000 -2.93800, 2.05000 0.10000 -4.15000"
2428,0.0000,Tx-Rx,0,-62.7813,"-7.30900 0.90000 -2.93800, 1.75000 0.10000 -4.15000"
2429,0.0000,Tx-Rx,0,-62.8103,"-7.30900 0.90000 -2.93800, 1.45000 0.10000 -4.15000"
2430,0.0000,Tx-Rx,0,-62.7066,"-7.30900 0.90000 -2.93800, 1.15000 0.10000 -4.15000"
2431,0.0000,Tx-Rx,0,-62.7196,"-7.30900 0.90000 -2.93800, 0.85000 0.10000 -4.15000"
2432,0.0000,Tx-Rx,0,-62.3802,"-7.30900 0.90000 -2.93800, 0.55000 0.10000 -4.15000"
2433,0.0000,Tx-Rx,0,-64.9111,"-7.30900 0.90000 -2.93800, 0.25000 0.10000 -4.15000"
2434,0.0000,Tx-Rx,0,-69.6789,"-7.30900 0.90000 -2.93800, -0.05000 0.10000 -4.15000"
2435,0.0000,Tx-Rx,0,-70.4639,"-7.30900 0.90000 -2.93800, -0.35000 0.10000 -4.15000"
2436,0.0000,Tx-Rx,0,-67.2536,"-7.30900 0.90000 -2.93800, -0.65000 0.10000 -4.15000"
2437,0.0000,Tx-Rx,0,-64.4582,"-7.30900 0.90000 -2.93800, -0.95000 0.10000 -4.15000"
2438,0.0000,Tx-Rx,0,-62.2662,"-7.30900 0.90000 -2.93800, -1.25000 0.10000 -4.15000"
2439,0.0000,Tx-Rx,0,-57.5723,"-7.30900 0.90000 -2.93800, -1.55000 0.10000 -4.15000"
2440,0.0000,Tx-Rx,0,-54.0198,"-7.30900 0.90000 -2.93800, -1.85000 0.10000 -4.15000"
2441,0.0000,Tx-Rx,0,-52.7143,"-7.30900 0.90000 -2.93800, -2.15000 0.10000 -4.15000"
2442,0.0000,Tx-Rx,0,-52.9176,"-7.30900 0.90000 -2.93800, -2.45000 0.10000 -4.15000"
2443,0.0000,Tx-Rx,0,-55.4571,"-7.30900 0.90000 -2.93800, -2.75000 0.10000 -4.15000"
2444,0.0000,Tx-Rx,0,-66.6222,"-7.30900 0.90000 -2.93800, -3.05000 0.10000 -4.15000"
2445,0.0000,Tx-Rx,0,-76.3408,"-7.30900 0.90000 -2.93800, -3.35000 0.10000 -4.15000"
2446,0.0000,Tx-Rx,0,-75.6156,"-7.30900 0.90000 -2.93800, -3.65000 0.10000 -4.15000"
2447,0.0000,Tx-Rx,0,-76.0067,"-7.30900 0.90000 -2.93800, -3.95000 0.10000 -4.15000"
2448,0.0000,Tx-Rx,0,-75.9126,"-7.30900 0.90000 -2.93800, -4.25000 0.10000 -4.15000"
2449,0.0000,Tx-Rx,0,-75.2987,"-7.30900 0.90000 -2.93800, -4.55000 0.10000 -4.15000"
2450,0.0000,Tx-Rx,0,-74.0836,"-7.30900 0.90000 -2.93800, -4.85000 0.10000 -4.15000"
2451,0.0000,Tx-Rx,0,-73.0255,"-7.30900 0.90000 -2.93800, -5.15000 0.10000 -4.15000"
2452,0.0000,Tx-Rx,0,-71.9145,"-7.30900 0.90000 -2.93800, -5.45000 0.10000 -4.15000"
2453,0.0000,Tx-Rx,0,-70.0460,"-7.30900 0.90000 -2.93800, -5.75000 0.10000 -4.15000"
2454,0.0000,Tx-Rx,0,-68.0291,"-7.30900 0.90000 -2.93800, -6.05000 0.10000 -4.15000"
2455,0.0000,Tx-Rx,0,-68.6189,"-7.30900 0.90000 -2.93800, -6.35000 0.10000 -4.15000"
2456,0.0000,Tx-Rx,0,-65.6955,"-7.30900 0.90000 -2.93800, -6.65000 0.10000 -4.15000"
2457,0.0000,Tx-Rx,0,-65.9340,"-7.30900 0.90000 -2.93800, -6.95000 0.10000 -4.15000"
2458,0.0000,Tx-Rx,0,-67.2923,"-7.30900 0.90000 -2.93800, -7.25000 0.10000 -4.15000"
2459,0.0000,Tx-Rx,0,-66.2135,"-7.30900 0.90000 -2.93800, -7.55000 0.10000 -4.15000"
2460,0.0000,Tx-Rx,0,-67.0207,"-7.30900 0.90000 -2.93800, -7.85000 0.10000 -4.15000"
2461,0.0000,Tx-Rx,0,-102.2432,"-7.30900 0.90000 -2.93800, 9.85000 0.10000 -4.45000"
2462,0.0000,Tx-Rx,0,-98.7187,"-7.30900 0.90000 -2.93800, 9.55000 0.10000 -4.45000"
2463,0.0000,Tx-Rx,0,-108.3744,"-7.30900 0.90000 -2.93800, 9.25000 0.10000 -4.45000"
2464,0.0000,Tx-Rx,0,-103.6284,"-7.30900 0.90000 -2.93800, 8.95000 0.10000 -4.45000"
2465,0.0000,Tx-Rx,0,-100.4428,"-7.30900 0.90000 -2.93800, 8.65000 0.10000 -4.45000"
2466,0.0000,Tx-Rx,0,-98.9403,"-7.30900 0.90000 -2.93800, 8.35000 0.10000 -4.45000"
2467,0.0000,Tx-Rx,0,-81.5226,"-7.30900 0.90000 -2.93800, 8.05000 0.10000 -4.45000"
2468,0.0000,Tx-Rx,0,-73.0153,"-7.30900 0.90000 -2.93800, 7.75000 0.10000 -4.45000"
2469,0.0000,Tx-Rx,0,-71.5926,"-7.30900 0.90000 -2.93800, 7.45000 0.10000 -4.45000"
2470,0.0000,Tx-Rx,0,-71.2375,"-7.30900 0.90000 -2.93800, 7.15000 0.10000 -4.45000"
2471,0.0000,Tx-Rx,0,-72.4292,"-7.30900 0.90000 -2.93800, 6.85000 0.10000 -4.45000"
2472,0.0000,Tx-Rx,0,-72.4514,"-7.30900 0.90000 -2.93800, 6.55000 0.10000 -4.45000"
2473,0.0000,Tx-Rx,0,-72.2166,"-7.30900 0.90000 -2.93800, 6.25000 0.10000 -4.45000"
2474,0.0000,Tx-Rx,0,-72.4021,"-7.30900 0.90000 -2.93800, 5.95000 0.10000 -4.45000"
2475,0.0000,Tx-Rx,0,-72.0653,"-7.30900 0.90000 -2.93800, 5.65000 0.10000 -4.45000"
2476,0.0000,Tx-Rx,0,-70.0996,"-7.30900 0.90000 -2.93800, 5.35000 0.10000 -4.45000"
2477,0.0000,Tx-Rx,0,-71.2117,"-7.30900 0.90000 -2.93800, 5.05000 0.10000 -4.45000"
2478,0.0000,Tx-Rx,0,-71.0316,"-7.30900 0.90000 -2.93800, 4.75000 0.10000 -4.45000"
2479,0.0000,Tx-Rx,0,-70.7501,"-7.30900 0.90000 -2.93800, 4.45000 0.10000 -4.45000"
2480,0.0000,Tx-Rx,0,-70.4243,"-7.30900 0.90000 -2.93800, 4.15000 0.10000 -4.45000"
2481,0.0000,Tx-Rx,0,-70.2989,"-7.30900 0.90000 -2.93800, 3.85000 0.10000 -4.45000"
2482,0.0000,Tx-Rx,0,-70.6969,"-7.30900 0.90000 -2.93800, 3.55000 0.10000 -4.45000"
2483,0.0000,Tx-Rx,0,-65.1503,"-7.30900 0.90000 -2.93800, 3.25000 0.10000 -4.45000"
2484,0.0000,Tx-Rx,0,-63.5629,"-7.30900 0.90000 -2.93800, 2.95000 0.10000 -4.45000"
2485,0.0000,Tx-Rx,0,-63.4129,"-7.30900 0.90000 -2.93800, 2.65000 0.10000 -4.45000"
2486,0.0000,Tx-Rx,0,-63.2291,"-7.30900 0.90000 -2.93800, 2.35000 0.10000 -4.45000"
2487,0.0000,Tx-Rx,0,-62.9433,"-7.30900 0.90000 -2.93800, 2.05000 0.10000 -4.45000"
2488,0.0000,Tx-Rx,0,-62.9553,"-7.30900 0.90000 -2.93800, 1.75000 0.10000 -4.45000"
2489,0.0000,Tx-Rx,0,-62.9411,"-7.30900 0.90000 -2.93800, 1.45000 0.10000 -4.45000"
2490,0.0000,Tx-Rx,0,-62.5046,"-7.30900 0.90000 -2.93800, 1.15000 0.10000 -4.45000"
2491,0.0000,Tx-Rx,0,-61.9816,"-7.30900 0.90000 -2.93800, 0.85000 0.10000 -4.45000"
2492,0.0000,Tx-Rx,0,-62.1348,"-7.30900 0.90000 -2.93800, 0.55000 0.10000 -4.45000"
2493,0.0000,Tx-Rx,0,-62.1768,"-7.30900 0.90000 -2.93800, 0.25000 0.10000 -4.45000"
2494,0.0000,Tx-Rx,0,-60.6317,"-7.30900 0.90000 -2.93800, -0.05000 0.10000 -4.45000"
2495,0.0000,Tx-Rx,0,-60.3304,"-7.30900 0.90000 -2.93800, -0.35000 0.10000 -4.45000"
2496,0.0000,Tx-Rx,0,-60.7942,"-7.30900 0.90000 -2.93800, -0.65000 0.10000 -4.45000"
2497,0.0000,Tx-Rx,0,-60.7126,"-7.30900 0.90000 -2.93800, -0.95000 0.10000 -4.45000"
2498,0.0000,Tx-Rx,0,-59.9232,"-7.30900 0.90000 -2.93800, -1.25000 0.10000 -4.45000"
2499,0.0000,Tx-Rx,0,-59.1498,"-7.30900 0.90000 -2.93800, -1.55000 0.10000 -4.45000"
2500,0.0000,Tx-Rx,0,-58.3881,"-7.30900 0.90000 -2.93800, -1.85000 0.10000 -4.45000"
2501,0.0000,Tx-Rx,0,-58.1446,"-7.30900 0.90000 -2.93800, -2.15000 0.10000 -4.45000"
2502,0.0000,Tx-Rx,0,-60.3156,"-7.30900 0.90000 -2.93800, -2.45000 0.10000 -4.45000"
2503,0.0000,Tx-Rx,0,-64.0417,"-7.30900 0.90000 -2.93800, -2.75000 0.10000 -4.45000"
2504,0.0000,Tx-Rx,0,-71.0691,"-7.30900 0.90000 -2.93800, -3.05000 0.10000 -4.45000"
2505,0.0000,Tx-Rx,0,-71.6048,"-7.30900 0.90000 -2.93800, -3.35000 0.10000 -4.45000"
2506,0.0000,Tx-Rx,0,-72.2028,"-7.30900 0.90000 -2.93800, -3.65000 0.10000 -4.45000"
2507,0.0000,Tx-Rx,0,-72.1277,"-7.30900 0.90000 -2.93800, -3.95000 0.10000 -4.45000"
2508,0.0000,Tx-Rx,0,-71.6655,"-7.30900 0.90000 -2.93800, -4.25000 0.10000 -4.45000"
2509,0.0000,Tx-Rx,0,-71.4775,"-7.30900 0.90000 -2.93800, -4.55000 0.10000 -4.45000"
2510,0.0000,Tx-Rx,0,-70.7434,"-7.30900 0.90000 -2.93800, -4.85000 0.10000 -4.45000"
2511,0.0000,Tx-Rx,0,-70.8839,"-7.30900 0.90000 -2.93800, -5.15000 0.10000 -4.45000"
2512,0.0000,Tx-Rx,0,-69.7584,"-7.30900 0.90000 -2.93800, -5.45000 0.10000 -4.45000"
2513,0.0000,Tx-Rx,0,-68.5832,"-7.30900 0.90000 -2.93800, -5.75000 0.10000 -4.45000"
2514,0.0000,Tx-Rx,0,-69.2158,"-7.30900 0.90000 -2.93800, -6.05000 0.10000 -4.45000"
2515,0.0000,Tx-Rx,0,-67.2784,"-7.30900 0.90000 -2.93800, -6.35000 0.10000 -4.45000"
2516,0.0000,Tx-Rx,0,-66.0673,"-7.30900 0.90000 -2.93800, -6.65000 0.10000 -4.45000"
2517,0.0000,Tx-Rx,0,-67.6624,"-7.30900 0.90000 -2.93800, -6.95000 0.10000 -4.45000"
2518,0.0000,Tx-Rx,0,-67.3034,"-7.30900 0.90000 -2.93800, -7.25000 0.10000 -4.45000"
2519,0.0000,Tx-Rx,0,-66.9609,"-7.30900 0.90000 -2.93800, -7.55000 0.10000 -4.45000"
2520,0.0000,Tx-Rx,0,-67.0512,"-7.30900 0.90000 -2.93800, -7.85000 0.10000 -4.45000"
2521,0.0000,Tx-Rx,0,-99.7676,"-7.30900 0.90000 -2.93800, 9.85000 0.10000 -4.75000"
2522,0.0000,Tx-Rx,0,-101.5055,"-7.30900 0.90000 -2.93800, 9.55000 0.10000 -4.75000"
2523,0.0000,Tx-Rx,0,-100.2158,"-7.30900 0.90000 -2.93800, 9.25000 0.10000 -4.75000"
2524,0.0000,Tx-Rx,0,-103.4300,"-7.30900 0.90000 -2.93800, 8.95000 0.10000 -4.75000"
2525,0.0000,Tx-Rx,0,-102.6473,"-7.30900 0.90000 -2.93800, 8.65000 0.10000 -4.75000"
2526,0.0000,Tx-Rx,0,-105.3329,"-7.30900 0.90000 -2.93800, 8.35000 0.10000 -4.75000"
2527,0.0000,Tx-Rx,0,-84.3921,"-7.30900 0.90000 -2.93800, 8.05000 0.10000 -4.75000"
2528,0.0000,Tx-Rx,0,-78.8501,"-7.30900 0.90000 -2.93800, 7.75000 0.10000 -4.75000"
2529,0.0000,Tx-Rx,0,-73.8729,"-7.30900 0.90000 -2.93800, 7.45000 0.10000 -4.75000"
2530,0.0000,Tx-Rx,0,-72.5305,"-7.30900 0.90000 -2.93800, 7.15000 0.10000 -4.75000"
2531,0.0000,Tx-Rx,0,-73.6185,"-7.30900 0.90000 -2.93800, 6.85000 0.10000 -4.75000"
2532,0.0000,Tx-Rx,0,-73.8205,"-7.30900 0.90000 -2.93800, 6.55000 0.10000 -4.75000"
2533,0.0000,Tx-Rx,0,-73.3171,"-7.30900 0.90000 -2.93800, 6.25000 0.10000 -4.75000"
2534,0.0000,Tx-Rx,0,-72.8467,"-7.30900 0.90000 -2.93800, 5.95000 0.10000 -4.75000"
2535,0.0000,Tx-Rx,0,-72.3489,"-7.30900 0.90000 -2.93800, 5.65000 0.10000 -4.75000"
2536,0.0000,Tx-Rx,0,-72.7951,"-7.30900 0.90000 -2.93800, 5.35000 0.10000 -4.75000"
2537,0.0000,Tx-Rx,0,-72.2961,"-7.30900 0.90000 -2.93800, 5.05000 0.10000 -4.75000"
2538,0.0000,Tx-Rx,0,-71.9162,"-7.30900 0.90000 -2.93800, 4.75000 0.10000 -4.75000"
2539,0.0000,Tx-Rx,0,-71.3081,"-7.30900 0.90000 -2.93800, 4.45000 0.10000 -4.75000"
2540,0.0000,Tx-Rx,0,-71.8498,"-7.30900 0.90000 -2.93800, 4.15000 0.10000 -4.75000"
2541,0.0000,Tx-Rx,0,-72.2268,"-7.30900 0.90000 -2.93800, 3.85000 0.10000 -4.75000"
2542,0.0000,Tx-Rx,0,-67.3374,"-7.30900 0.90000 -2.93800, 3.55000 0.10000 -4.75000"
2543,0.0000,Tx-Rx,0,-65.2745,"-7.30900 0.90000 -2.93800, 3.25000 0.10000 -4.75000"
2544,0.0000,Tx-Rx,0,-65.0922,"-7.30900 0.90000 -2.93800, 2.95000 0.10000 -4.75000"
2545,0.0000,Tx-Rx,0,-63.4049,"-7.30900 0.90000 -2.93800, 2.65000 0.10000 -4.75000"
2546,0.0000,Tx-Rx,0,-63.9579,"-7.30900 0.90000 -2.93800, 2.35000 0.10000 -4.75000"
2547,0.0000,Tx-Rx,0,-62.9473,"-7.30900 0.90000 -2.93800, 2.05000 0.10000 -4.75000"
2548,0.0000,Tx-Rx,0,-62.5572,"-7.30900 0.90000 -2.93800, 1.75000 0.10000 -4.75000"
2549,0.0000,Tx-Rx,0,-61.5447,"-7.30900 0.90000 -2.93800, 1.45000 0.10000 -4.75000"
2550,0.0000,Tx-Rx,0,-60.9425,"-7.30900 0.90000 -2.93800, 1.15000 0.10000 -4.75000"
2551,0.0000,Tx-Rx,0,-61.0204,"-7.30900 0.90000 -2.93800, 0.85000 0.10000 -4.75000"
2552,0.0000,Tx-Rx,0,-63.8996,"-7.30900 0.90000 -2.93800, 0.55000 0.10000 -4.75000"
2553,0.0000,Tx-Rx,0,-63.5102,"-7.30900 0.90000 -2.93800, 0.25000 0.10000 -4.75000"
2554,0.0000,Tx-Rx,0,-67.6340,"-7.30900 0.90000 -2.93800, -0.05000 0.10000 -4.75000"
2555,0.0000,Tx-Rx,0,-66.7603,"-7.30900 0.90000 -2.93800, -0.35000 0.10000 -4.75000"
2556,0.0000,Tx-Rx,0,-63.5875,"-7.30900 0.90000 -2.93800, -0.65000 0.10000 -4.75000"
2557,0.0000,Tx-Rx,0,-62.1713,"-7.30900 0.90000 -2.93800, -0.95000 0.10000 -4.75000"
2558,0.0000,Tx-Rx,0,-62.6984,"-7.30900 0.90000 -2.93800, -1.25000 0.10000 -4.75000"
2559,0.0000,Tx-Rx,0,-62.4153,"-7.30900 0.90000 -2.93800, -1.55000 0.10000 -4.75000"
2560,0.0000,Tx-Rx,0,-61.6296,"-7.30900 0.90000 -2.93800, -1.85000 0.10000 -4.75000"
2561,0.0000,Tx-Rx,0,-62.6858,"-7.30900 0.90000 -2.93800, -2.15000 0.10000 -4.75000"
2562,0.0000,Tx-Rx,0,-63.2565,"-7.30900 0.90000 -2.93800, -2.45000 0.10000 -4.75000"
2563,0.0000,Tx-Rx,0,-65.7821,"-7.30900 0.90000 -2.93800, -2.75000 0.10000 -4.75000"
2564,0.0000,Tx-Rx,0,-69.2726,"-7.30900 0.90000 -2.93800, -3.05000 0.10000 -4.75000"
2565,0.0000,Tx-Rx,0,-69.3703,"-7.30900 0.90000 -2.93800, -3.35000 0.10000 -4.75000"
2566,0.0000,Tx-Rx,0,-77.4327,"-7.30900 0.90000 -2.93800, -3.65000 0.10000 -4.75000"
2567,0.0000,Tx-Rx,0,-77.8880,"-7.30900 0.90000 -2.93800, -3.95000 0.10000 -4.75000"
2568,0.0000,Tx-Rx,0,-78.1709,"-7.30900 0.90000 -2.93800, -4.25000 0.10000 -4.75000"
2569,0.0000,Tx-Rx,0,-78.1107,"-7.30900 0.90000 -2.93800, -4.55000 0.10000 -4.75000"
2570,0.0000,Tx-Rx,0,-79.5339,"-7.30900 0.90000 -2.93800, -4.85000 0.10000 -4.75000"
2571,0.0000,Tx-Rx,0,-77.6534,"-7.30900 0.90000 -2.93800, -5.15000 0.10000 -4.75000"
2572,0.0000,Tx-Rx,0,-78.7136,"-7.30900 0.90000 -2.93800, -5.45000 0.10000 -4.75000"
2573,0.0000,Tx-Rx,0,-74.9952,"-7.30900 0.90000 -2.93800, -5.75000 0.10000 -4.75000"
2574,0.0000,Tx-Rx,0,-73.1878,"-7.30900 0.90000 -2.93800, -6.05000 0.10000 -4.75000"
2575,0.0000,Tx-Rx,0,-72.0635,"-7.30900 0.90000 -2.93800, -6.35000 0.10000 -4.75000"
2576,0.0000,Tx-Rx,0,-71.8694,"-7.30900 0.90000 -2.93800, -6.65000 0.10000 -4.75000"
2577,0.0000,Tx-Rx,0,-69.8624,"-7.30900 0.90000 -2.93800, -6.95000 0.10000 -4.75000"
2578,0.0000,Tx-Rx,0,-68.4446,"-7.30900 0.90000 -2.93800, -7.25000 0.10000 -4.75000"
2579,0.0000,Tx-Rx,0,-70.7136,"-7.30900 0.90000 -2.93800, -7.55000 0.10000 -4.75000"
2580,0.0000,Tx-Rx,0,-76.5049,"-7.30900 0.90000 -2.93800, -7.85000 0.10000 -4.75000"
2581,0.0000,Tx-Rx,0,-120.0000,"-7.30900 0.90000 -2.93800, 9.85000 0.10000 -5.05000"
2582,0.0000,Tx-Rx,0,-120.0000,"-7.30900 0.90000 -2.93800, 9.55000 0.10000 -5.05000"
2583,0.0000,Tx-Rx,0,-120.0000,"-7.30900 0.90000 -2.93800, 9.25000 0.10000 -5.05000"
2584,0.0000,Tx-Rx,0,-105.7428,"-7.30900 0.90000 -2.93800, 8.95000 0.10000 -5.05000"
2585,0.0000,Tx-Rx,0,-108.8670,"-7.30900 0.90000 -2.93800, 8.65000 0.10000 -5.05000"
2586,0.0000,Tx-Rx,0,-104.0393,"-7.30900 0.90000 -2.93800, 8.35000 0.10000 -5.05000"
2587,0.0000,Tx-Rx,0,-81.9763,"-7.30900 0.90000 -2.93800, 8.05000 0.10000 -5.05000"
2588,0.0000,Tx-Rx,0,-77.9288,"-7.30900 0.90000 -2.93800, 7.75000 0.10000 -5.05000"
2589,0.0000,Tx-Rx,0,-76.9723,"-7.30900 0.90000 -2.93800, 7.45000 0.10000 -5.05000"
2590,0.0000,Tx-Rx,0,-73.1773,"-7.30900 0.90000 -2.93800, 7.15000 0.10000 -5.05000"
2591,0.0000,Tx-Rx,0,-72.7408,"-7.30900 0.90000 -2.93800, 6.85000 0.10000 -5.05000"
2592,0.0000,Tx-Rx,0,-73.4988,"-7.30900 0.90000 -2.93800, 6.55000 0.10000 -5.05000"
2593,0.0000,Tx-Rx,0,-72.5780,"-7.30900 0.90000 -2.93800, 6.25000 0.10000 -5.05000"
2594,0.0000,Tx-Rx,0,-72.2295,"-7.30900 0.90000 -2.93800, 5.95000 0.10000 -5.05000"
2595,0.0000,Tx-Rx,0,-72.1557,"-7.30900 0.90000 -2.93800, 5.65000 0.10000 -5.05000"
2596,0.0000,Tx-Rx,0,-72.3303,"-7.30900 0.90000 -2.93800, 5.35000 0.10000 -5.05000"
2597,0.0000,Tx-Rx,0,-71.9339,"-7.30900 0.90000 -2.93800, 5.05000 0.10000 -5.05000"
2598,0.0000,Tx-Rx,0,-71.7173,"-7.30900 0.90000 -2.93800, 4.75000 0.10000 -5.05000"
2599,0.0000,Tx-Rx,0,-72.3000,"-7.30900 0.90000 -2.93800, 4.45000 0.10000 -5.05000"
2600,0.0000,Tx-Rx,0,-69.2644,"-7.30900 0.90000 -2.93800, 4.15000 0.10000 -5.05000"
2601,0.0000,Tx-Rx,0,-65.3027,"-7.30900 0.90000 -2.93800, 3.85000 0.10000 -5.05000"
2602,0.0000,Tx-Rx,0,-64.0841,"-7.30900 0.90000 -2.93800, 3.55000 0.10000 -5.05000"
2603,0.0000,Tx-Rx,0,-62.3775,"-7.30900 0.90000 -2.93800, 3.25000 0.10000 -5.05000"
2604,0.0000,Tx-Rx,0,-62.4795,"-7.30900 0.90000 -2.93800, 2.95000 0.10000 -5.05000"
2605,0.0000,Tx-Rx,0,-62.3227,"-7.30900 0.90000 -2.93800, 2.65000 0.10000 -5.05000"
2606,0.0000,Tx-Rx,0,-61.6229,"-7.30900 0.90000 -2.93800, 2.35000 0.10000 -5.05000"
2607,0.0000,Tx-Rx,0,-60.8542,"-7.30900 0.90000 -2.93800, 2.05000 0.10000 -5.05000"
2608,0.0000,Tx-Rx,0,-62.2305,"-7.30900 0.90000 -2.93800, 1.75000 0.10000 -5.05000"
2609,0.0000,Tx-Rx,0,-63.0485,"-7.30900 0.90000 -2.93800, 1.45000 0.10000 -5.05000"
2610,0.0000,Tx-Rx,0,-63.4018,"-7.30900 0.90000 -2.93800, 1.15000 0.10000 -5.05000"
2611,0.0000,Tx-Rx,0,-68.1261,"-7.30900 0.90000 -2.93800, 0.85000 0.10000 -5.05000"
2612,0.0000,Tx-Rx,0,-74.6197,"-7.30900 0.90000 -2.93800, 0.55000 0.10000 -5.05000"
2613,0.0000,Tx-Rx,0,-71.9083,"-7.30900 0.90000 -2.93800, 0.25000 0.10000 -5.05000"
2614,0.0000,Tx-Rx,0,-65.6992,"-7.30900 0.90000 -2.93800, -0.05000 0.10000 -5.05000"
2615,0.0000,Tx-Rx,0,-63.4199,"-7.30900 0.90000 -2.93800, -0.35000 0.10000 -5.05000"
2616,0.0000,Tx-Rx,0,-63.6414,"-7.30900 0.90000 -2.93800, -0.65000 0.10000 -5.05000"
2617,0.0000,Tx-Rx,0,-63.7667,"-7.30900 0.90000 -2.93800, -0.95000 0.10000 -5.05000"
2618,0.0000,Tx-Rx,0,-65.1822,"-7.30900 0.90000 -2.93800, -1.25000 0.10000 -5.05000"
2619,0.0000,Tx-Rx,0,-64.0494,"-7.30900 0.90000 -2.93800, -1.55000 0.10000 -5.05000"
2620,0.0000,Tx-Rx,0,-63.0161,"-7.30900 0.90000 -2.93800, -1.85000 0.10000 -5.05000"
2621,0.0000,Tx-Rx,0,-63.3863,"-7.30900 0.90000 -2.93800, -2.15000 0.10000 -5.05000"
2622,0.0000,Tx-Rx,0,-64.1915,"-7.30900 0.90000 -2.93800, -2.45000 0.10000 -5.05000"
2623,0.0000,Tx-Rx,0,-71.8715,"-7.30900 0.90000 -2.93800, -2.75000 0.10000 -5.05000"
2624,0.0000,Tx-Rx,0,-73.8686,"-7.30900 0.90000 -2.93800, -3.05000 0.10000 -5.05000"
2625,0.0000,Tx-Rx,0,-73.4788,"-7.30900 0.90000 -2.93800, -3.35000 0.10000 -5.05000"
2626,0.0000,Tx-Rx,0,-80.7391,"-7.30900 0.90000 -2.93800, -3.65000 0.10000 -5.05000"
2627,0.0000,Tx-Rx,0,-80.9982,"-7.30900 0.90000 -2.93800, -3.95000 0.10000 -5.05000"
2628,0.0000,Tx-Rx,0,-79.9923,"-7.30900 0.90000 -2.93800, -4.25000 0.10000 -5.05000"
2629,0.0000,Tx-Rx,0,-79.7812,"-7.30900 0.90000 -2.93800, -4.55000 0.10000 -5.05000"
2630,0.0000,Tx-Rx,0,-79.9556,"-7.30900 0.90000 -2.93800, -4.85000 0.10000 -5.05000"
2631,0.0000,Tx-Rx,0,-80.2135,"-7.30900 0.90000 -2.93800, -5.15000 0.10000 -5.05000"
2632,0.0000,Tx-Rx,0,-79.5569,"-7.30900 0.90000 -2.93800, -5.45000 0.10000 -5.05000"
2633,0.0000,Tx-Rx,0,-75.1159,"-7.30900 0.90000 -2.93800, -5.75000 0.10000 -5.05000"
2634,0.0000,Tx-Rx,0,-71.0318,"-7.30900 0.90000 -2.93800, -6.05000 0.10000 -5.05000"
2635,0.0000,Tx-Rx,0,-71.2491,"-7.30900 0.90000 -2.93800, -6.35000 0.10000 -5.05000"
2636,0.0000,Tx-Rx,0,-70.4076,"-7.30900 0.90000 -2.93800, -6.65000 0.10000 -5.05000"
2637,0.0000,Tx-Rx,0,-69.7755,"-7.30900 0.90000 -2.93800, -6.95000 0.10000 -5.05000"
2638,0.0000,Tx-Rx,0,-69.6057,"-7.30900 0.90000 -2.93800, -7.25000 0.10000 -5.05000"
2639,0.0000,Tx-Rx,0,-71.7035,"-7.30900 0.90000 -2.93800, -7.55000 0.10000 -5.05000"
2640,0.0000,Tx-Rx,0,-77.3057,"-7.30900 0.90000 -2.93800, -7.85000 0.10000 -5.05000"
2641,0.0000,Tx-Rx,0,-120.0000,"-7.30900 0.90000 -2.93800, 9.85000 0.10000 -5.35000"
2642,0.0000,Tx-Rx,0,-120.0000,"-7.30900 0.90000 -2.93800, 9.55000 0.10000 -5.35000"
2643,0.0000,Tx-Rx,0,-120.0000,"-7.30900 0.90000 -2.93800, 9.25000 0.10000 -5.35000"
2644,0.0000,Tx-Rx,0,-120.0000,"-7.30900 0.90000 -2.93800, 8.95000 0.10000 -5.35000"
2645,0.0000,Tx-Rx,0,-120.0000,"-7.30900 0.90000 -2.93800, 8.65000 0.10000 -5.35000"
2646,0.0000,Tx-Rx,0,-107.9335,"-7.30900 0.90000 -2.93800, 8.35000 0.10000 -5.35000"
2647,0.0000,Tx-Rx,0,-84.7298,"-7.30900 0.90000 -2.93800, 8.05000 0.10000 -5.35000"
2648,0.0000,Tx-Rx,0,-79.2580,"-7.30900 0.90000 -2.93800, 7.75000 0.10000 -5.35000"
2649,0.0000,Tx-Rx,0,-77.9812,"-7.30900 0.90000 -2.93800, 7.45000 0.10000 -5.35000"
2650,0.0000,Tx-Rx,0,-76.9895,"-7.30900 0.90000 -2.93800, 7.15000 0.10000 -5.35000"
2651,0.0000,Tx-Rx,0,-72.0393,"-7.30900 0.90000 -2.93800, 6.85000 0.10000 -5.35000"
2652,0.0000,Tx-Rx,0,-66.5351,"-7.30900 0.90000 -2.93800, 6.55000 0.10000 -5.35000"
2653,0.0000,Tx-Rx,0,-64.7849,"-7.30900 0.90000 -2.93800, 6.25000 0.10000 -5.35000"
2654,0.0000,Tx-Rx,0,-62.4170,"-7.30900 0.90000 -2.93800, 5.95000 0.10000 -5.35000"
2655,0.0000,Tx-Rx,0,-64.5535,"-7.30900 0.90000 -2.93800, 5.65000 0.10000 -5.35000"
2656,0.0000,Tx-Rx,0,-67.5184,"-7.30900 0.90000 -2.93800, 5.35000 0.10000 -5.35000"
2657,0.0000,Tx-Rx,0,-69.5039,"-7.30900 0.90000 -2.93800, 5.05000 0.10000 -5.35000"
2658,0.0000,Tx-Rx,0,-68.3452,"-7.30900 0.90000 -2.93800, 4.75000 0.10000 -5.35000"
2659,0.0000,Tx-Rx,0,-65.8618,"-7.30900 0.90000 -2.93800, 4.45000 0.10000 -5.35000"
2660,0.0000,Tx-Rx,0,-63.2023,"-7.30900 0.90000 -2.93800, 4.15000 0.10000 -5.35000"
2661,0.0000,Tx-Rx,0,-63.3781,"-7.30900 0.90000 -2.93800, 3.85000 0.10000 -5.35000"
2662,0.0000,Tx-Rx,0,-63.7419,"-7.30900 0.90000 -2.93800, 3.55000 0.10000 -5.35000"
2663,0.0000,Tx-Rx,0,-62.9722,"-7.30900 0.90000 -2.93800, 3.25000 0.10000 -5.35000"
2664,0.0000,Tx-Rx,0,-63.4768,"-7.30900 0.90000 -2.93800, 2.95000 0.10000 -5.35000"
2665,0.0000,Tx-Rx,0,-64.0260,"-7.30900 0.90000 -2.93800, 2.65000 0.10000 -5.35000"
2666,0.0000,Tx-Rx,0,-64.6747,"-7.30900 0.90000 -2.93800, 2.35000 0.10000 -5.35000"
2667,0.0000,Tx-Rx,0,-64.8053,"-7.30900 0.90000 -2.93800, 2.05000 0.10000 -5.35000"
2668,0.0000,Tx-Rx,0,-64.6486,"-7.30900 0.90000 -2.93800, 1.75000 0.10000 -5.35000"
2669,0.0000,Tx-Rx,0,-64.6847,"-7.30900 0.90000 -2.93800, 1.45000 0.10000 -5.35000"
2670,0.0000,Tx-Rx,0,-66.1680,"-7.30900 0.90000 -2.93800, 1.15000 0.10000 -5.35000"
2671,0.0000,Tx-Rx,0,-75.8971,"-7.30900 0.90000 -2.93800, 0.85000 0.10000 -5.35000"
2672,0.0000,Tx-Rx,0,-76.7423,"-7.30900 0.90000 -2.93800, 0.55000 0.10000 -5.35000"
2673,0.0000,Tx-Rx,0,-76.7255,"-7.30900 0.90000 -2.93800, 0.25000 0.10000 -5.35000"
2674,0.0000,Tx-Rx,0,-71.7201,"-7.30900 0.90000 -2.93800, -0.05000 0.10000 -5.35000"
2675,0.0000,Tx-Rx,0,-68.9617,"-7.30900 0.90000 -2.93800, -0.35000 0.10000 -5.35000"
2676,0.0000,Tx-Rx,0,-68.9123,"-7.30900 0.90000 -2.93800, -0.65000 0.10000 -5.35000"
2677,0.0000,Tx-Rx,0,-69.7610,"-7.30900 0.90000 -2.93800, -0.95000 0.10000 -5.35000"
2678,0.0000,Tx-Rx,0,-67.8776,"-7.30900 0.90000 -2.93800, -1.25000 0.10000 -5.35000"
2679,0.0000,Tx-Rx,0,-63.4266,"-7.30900 0.90000 -2.93800, -1.55000 0.10000 -5.35000"
2680,0.0000,Tx-Rx,0,-63.3912,"-7.30900 0.90000 -2.93800, -1.85000 0.10000 -5.35000"
2681,0.0000,Tx-Rx,0,-64.2432,"-7.30900 0.90000 -2.93800, -2.15000 0.10000 -5.35000"
2682,0.0000,Tx-Rx,0,-65.9192,"-7.30900 0.90000 -2.93800, -2.45000 0.10000 -5.35000"
2683,0.0000,Tx-Rx,0,-74.7240,"-7.30900 0.90000 -2.93800, -2.75000 0.10000 -5.35000"
2684,0.0000,Tx-Rx,0,-75.8872,"-7.30900 0.90000 -2.93800, -3.05000 0.10000 -5.35000"
2685,0.0000,Tx-Rx,0,-75.7304,"-7.30900 0.90000 -2.93800, -3.35000 0.10000 -5.35000"
2686,0.0000,Tx-Rx,0,-78.2796,"-7.30900 0.90000 -2.93800, -3.65000 0.10000 -5.35000"
2687,0.0000,Tx-Rx,0,-80.0383,"-7.30900 0.90000 -2.93800, -3.95000 0.10000 -5.35000"
2688,0.0000,Tx-Rx,0,-80.3880,"-7.30900 0.90000 -2.93800, -4.25000 0.10000 -5.35000"
2689,0.0000,Tx-Rx,0,-80.4951,"-7.30900 0.90000 -2.93800, -4.55000 0.10000 -5.35000"
2690,0.0000,Tx-Rx,0,-80.3645,"-7.30900 0.90000 -2.93800, -4.85000 0.10000 -5.35000"
2691,0.0000,Tx-Rx,0,-80.2324,"-7.30900 0.90000 -2.93800, -5.15000 0.10000 -5.35000"
2692,0.0000,Tx-Rx,0,-78.9943,"-7.30900 0.90000 -2.93800, -5.45000 0.10000 -5.35000"
2693,0.0000,Tx-Rx,0,-73.0358,"-7.30900 0.90000 -2.93800, -5.75000 0.10000 -5.35000"
2694,0.0000,Tx-Rx,0,-70.9373,"-7.30900 0.90000 -2.93800, -6.05000 0.10000 -5.35000"
2695,0.0000,Tx-Rx,0,-71.3856,"-7.30900 0.90000 -2.93800, -6.35000 0.10000 -5.35000"
2696,0.0000,Tx-Rx,0,-71.0657,"-7.30900 0.90000 -2.93800, -6.65000 0.10000 -5.35000"
2697,0.0000,Tx-Rx,0,-70.8192,"-7.30900 0.90000 -2.93800, -6.95000 0.10000 -5.35000"
2698,0.0000,Tx-Rx,0,-70.3913,"-7.30900 0.90000 -2.93800, -7.25000 0.10000 -5.35000"
2699,0.0000,Tx-Rx,0,-71.9361,"-7.30900 0.90000 -2.93800, -7.55000 0.10000 -5.35000"
2700,0.0000,Tx-Rx,0,-81.2883,"-7.30900 0.90000 -2.93800, -7.85000 0.10000 -5.35000"
2701,0.0000,Tx-Rx,0,-120.0000,"-7.30900 0.90000 -2.93800, 9.85000 0.10000 -5.65000"
2702,0.0000,Tx-Rx,0,-101.6695,"-7.30900 0.90000 -2.93800, 9.55000 0.10000 -5.65000"
2703,0.0000,Tx-Rx,0,-103.7599,"-7.30900 0.90000 -2.93800, 9.25000 0.10000 -5.65000"
2704,0.0000,Tx-Rx,0,-100.6280,"-7.30900 0.90000 -2.93800, 8.95000 0.10000 -5.65000"
2705,0.0000,Tx-Rx,0,-106.5560,"-7.30900 0.90000 -2.93800, 8.65000 0.10000 -5.65000"
2706,0.0000,Tx-Rx,0,-102.8132,"-7.30900 0.90000 -2.93800, 8.35000 0.10000 -5.65000"
2707,0.0000,Tx-Rx,0,-84.5680,"-7.30900 0.90000 -2.93800, 8.05000 0.10000 -5.65000"
2708,0.0000,Tx-Rx,0,-77.6010,"-7.30900 0.90000 -2.93800, 7.75000 0.10000 -5.65000"
2709,0.0000,Tx-Rx,0,-64.9391,"-7.30900 0.90000 -2.93800, 7.45000 0.10000 -5.65000"
2710,0.0000,Tx-Rx,0,-60.9234,"-7.30900 0.90000 -2.93800, 7.15000 0.10000 -5.65000"
2711,0.0000,Tx-Rx,0,-60.2386,"-7.30900 0.90000 -2.93800, 6.85000 0.10000 -5.65000"
2712,0.0000,Tx-Rx,0,-59.8864,"-7.30900 0.90000 -2.93800, 6.55000 0.10000 -5.65000"
2713,0.0000,Tx-Rx,0,-64.6784,"-7.30900 0.90000 -2.93800, 6.25000 0.10000 -5.65000"
2714,0.0000,Tx-Rx,0,-68.5747,"-7.30900 0.90000 -2.93800, 5.95000 0.10000 -5.65000"
2715,0.0000,Tx-Rx,0,-66.1380,"-7.30900 0.90000 -2.93800, 5.65000 0.10000 -5.65000"
2716,0.0000,Tx-Rx,0,-66.1490,"-7.30900 0.90000 -2.93800, 5.35000 0.10000 -5.65000"
2717,0.0000,Tx-Rx,0,-66.1996,"-7.30900 0.90000 -2.93800, 5.05000 0.10000 -5.65000"
2718,0.0000,Tx-Rx,0,-66.1665,"-7.30900 0.90000 -2.93800, 4.75000 0.10000 -5.65000"
2719,0.0000,Tx-Rx,0,-66.6673,"-7.30900 0.90000 -2.93800, 4.45000 0.10000 -5.65000"
2720,0.0000,Tx-Rx,0,-64.2020,"-7.30900 0.90000 -2.93800, 4.15000 0.10000 -5.65000"
2721,0.0000,Tx-Rx,0,-64.4742,"-7.30900 0.90000 -2.93800, 3.85000 0.10000 -5.65000"
2722,0.0000,Tx-Rx,0,-64.5419,"-7.30900 0.90000 -2.93800, 3.55000 0.10000 -5.65000"
2723,0.0000,Tx-Rx,0,-64.8629,"-7.30900 0.90000 -2.93800, 3.25000 0.10000 -5.65000"
2724,0.0000,Tx-Rx,0,-65.0015,"-7.30900 0.90000 -2.93800, 2.95000 0.10000 -5.65000"
2725,0.0000,Tx-Rx,0,-64.9415,"-7.30900 0.90000 -2.93800, 2.65000 0.10000 -5.65000"
2726,0.0000,Tx-Rx,0,-64.9190,"-7.30900 0.90000 -2.93800, 2.35000 0.10000 -5.65000"
2727,0.0000,Tx-Rx,0,-65.0270,"-7.30900 0.90000 -2.93800, 2.05000 0.10000 -5.65000"
2728,0.0000,Tx-Rx,0,-65.0809,"-7.30900 0.90000 -2.93800, 1.75000 0.10000 -5.65000"
2729,0.0000,Tx-Rx,0,-64.9967,"-7.30900 0.90000 -2.93800, 1.45000 0.10000 -5.65000"
2730,0.0000,Tx-Rx,0,-71.5011,"-7.30900 0.90000 -2.93800, 1.15000 0.10000 -5.65000"
2731,0.0000,Tx-Rx,0,-74.1197,"-7.30900 0.90000 -2.93800, 0.85000 0.10000 -5.65000"
2732,0.0000,Tx-Rx,0,-75.2746,"-7.30900 0.90000 -2.93800, 0.55000 0.10000 -5.65000"
2733,0.0000,Tx-Rx,0,-75.4999,"-7.30900 0.90000 -2.93800, 0.25000 0.10000 -5.65000"
2734,0.0000,Tx-Rx,0,-71.8634,"-7.30900 0.90000 -2.93800, -0.05000 0.10000 -5.65000"
2735,0.0000,Tx-Rx,0,-70.7713,"-7.30900 0.90000 -2.93800, -0.35000 0.10000 -5.65000"
2736,0.0000,Tx-Rx,0,-71.7529,"-7.30900 0.90000 -2.93800, -0.65000 0.10000 -5.65000"
2737,0.0000,Tx-Rx,0,-72.3048,"-7.30900 0.90000 -2.93800, -0.95000 0.10000 -5.65000"
2738,0.0000,Tx-Rx,0,-65.2033,"-7.30900 0.90000 -2.93800, -1.25000 0.10000 -5.65000"
2739,0.0000,Tx-Rx,0,-63.5365,"-7.30900 0.90000 -2.93800, -1.55000 0.10000 -5.65000"
2740,0.0000,Tx-Rx,0,-63.7681,"-7.30900 0.90000 -2.93800, -1.85000 0.10000 -5.65000"
2741,0.0000,Tx-Rx,0,-64.5823,"-7.30900 0.90000 -2.93800, -2.15000 0.10000 -5.65000"
2742,0.0000,Tx-Rx,0,-68.9330,"-7.30900 0.90000 -2.93800, -2.45000 0.10000 -5.65000"
2743,0.0000,Tx-Rx,0,-77.4904,"-7.30900 0.90000 -2.93800, -2.75000 0.10000 -5.65000"
2744,0.0000,Tx-Rx,0,-76.3701,"-7.30900 0.90000 -2.93800, -3.05000 0.10000 -5.65000"
2745,0.0000,Tx-Rx,0,-74.6159,"-7.30900 0.90000 -2.93800, -3.35000 0.10000 -5.65000"
2746,0.0000,Tx-Rx,0,-77.5105,"-7.30900 0.90000 -2.93800, -3.65000 0.10000 -5.65000"
2747,0.0000,Tx-Rx,0,-81.9650,"-7.30900 0.90000 -2.93800, -3.95000 0.10000 -5.65000"
2748,0.0000,Tx-Rx,0,-81.8081,"-7.30900 0.90000 -2.93800, -4.25000 0.10000 -5.65000"
2749,0.0000,Tx-Rx,0,-81.1482,"-7.30900 0.90000 -2.93800, -4.55000 0.10000 -5.65000"
2750,0.0000,Tx-Rx,0,-80.5489,"-7.30900 0.90000 -2.93800, -4.85000 0.10000 -5.65000"
2751,0.0000,Tx-Rx,0,-78.8880,"-7.30900 0.90000 -2.93800, -5.15000 0.10000 -5.65000"
2752,0.0000,Tx-Rx,0,-74.9450,"-7.30900 0.90000 -2.93800, -5.45000 0.10000 -5.65000"
2753,0.0000,Tx-Rx,0,-72.3165,"-7.30900 0.90000 -2.93800, -5.75000 0.10000 -5.65000"
2754,0.0000,Tx-Rx,0,-71.4355,"-7.30900 0.90000 -2.93800, -6.05000 0.10000 -5.65000"
2755,0.0000,Tx-Rx,0,-71.6128,"-7.30900 0.90000 -2.93800, -6.35000 0.10000 -5.65000"
2756,0.0000,Tx-Rx,0,-71.4646,"-7.30900 0.90000 -2.93800, -6.65000 0.10000 -5.65000"
2757,0.0000,Tx-Rx,0,-71.5691,"-7.30900 0.90000 -2.93800, -6.95000 0.10000 -5.65000"
2758,0.0000,Tx-Rx,0,-70.7365,"-7.30900 0.90000 -2.93800, -7.25000 0.10000 -5.65000"
2759,0.0000,Tx-Rx,0,-72.1763,"-7.30900 0.90000 -2.93800, -7.55000 0.10000 -5.65000"
2760,0.0000,Tx-Rx,0,-85.5011,"-7.30900 0.90000 -2.93800, -7.85000 0.10000 -5.65000"
2761,0.0000,Tx-Rx,0,-115.9503,"-7.30900 0.90000 -2.93800, 9.85000 0.10000 -5.95000"
2762,0.0000,Tx-Rx,0,-120.0000,"-7.30900 0.90000 -2.93800, 9.55000 0.10000 -5.95000"
2763,0.0000,Tx-Rx,0,-120.0000,"-7.30900 0.90000 -2.93800, 9.25000 0.10000 -5.95000"
2764,0.0000,Tx-Rx,0,-120.0000,"-7.30900 0.90000 -2.93800, 8.95000 0.10000 -5.95000"
2765,0.0000,Tx-Rx,0,-120.0000,"-7.30900 0.90000 -2.93800, 8.65000 0.10000 -5.95000"
2766,0.0000,Tx-Rx,0,-89.5222,"-7.30900 0.90000 -2.93800, 8.35000 0.10000 -5.95000"
2767,0.0000,Tx-Rx,0,-64.2369,"-7.30900 0.90000 -2.93800, 8.05000 0.10000 -5.95000"
2768,0.0000,Tx-Rx,0,-60.1692,"-7.30900 0.90000 -2.93800, 7.75000 0.10000 -5.95000"
2769,0.0000,Tx-Rx,0,-60.5144,"-7.30900 0.90000 -2.93800, 7.45000 0.10000 -5.95000"
2770,0.0000,Tx-Rx,0,-65.4101,"-7.30900 0.90000 -2.93800, 7.15000 0.10000 -5.95000"
2771,0.0000,Tx-Rx,0,-66.1838,"-7.30900 0.90000 -2.93800, 6.85000 0.10000 -5.95000"
2772,0.0000,Tx-Rx,0,-68.7878,"-7.30900 0.90000 -2.93800, 6.55000 0.10000 -5.95000"
2773,0.0000,Tx-Rx,0,-67.8159,"-7.30900 0.90000 -2.93800, 6.25000 0.10000 -5.95000"
2774,0.0000,Tx-Rx,0,-69.8721,"-7.30900 0.90000 -2.93800, 5.95000 0.10000 -5.95000"
2775,0.0000,Tx-Rx,0,-70.3365,"-7.30900 0.90000 -2.93800, 5.65000 0.10000 -5.95000"
2776,0.0000,Tx-Rx,0,-72.0289,"-7.30900 0.90000 -2.93800, 5.35000 0.10000 -5.95000"
2777,0.0000,Tx-Rx,0,-72.6766,"-7.30900 0.90000 -2.93800, 5.05000 0.10000 -5.95000"
2778,0.0000,Tx-Rx,0,-70.0897,"-7.30900 0.90000 -2.93800, 4.75000 0.10000 -5.95000"
2779,0.0000,Tx-Rx,0,-64.9212,"-7.30900 0.90000 -2.93800, 4.45000 0.10000 -5.95000"
2780,0.0000,Tx-Rx,0,-64.9349,"-7.30900 0.90000 -2.93800, 4.15000 0.10000 -5.95000"
2781,0.0000,Tx-Rx,0,-64.6966,"-7.30900 0.90000 -2.93800, 3.85000 0.10000 -5.95000"
2782,0.0000,Tx-Rx,0,-64.7104,"-7.30900 0.90000 -2.93800, 3.55000 0.10000 -5.95000"
2783,0.0000,Tx-Rx,0,-65.5729,"-7.30900 0.90000 -2.93800, 3.25000 0.10000 -5.95000"
2784,0.0000,Tx-Rx,0,-64.7381,"-7.30900 0.90000 -2.93800, 2.95000 0.10000 -5.95000"
2785,0.0000,Tx-Rx,0,-65.2361,"-7.30900 0.90000 -2.93800, 2.65000 0.10000 -5.95000"
2786,0.0000,Tx-Rx,0,-65.2796,"-7.30900 0.90000 -2.93800, 2.35000 0.10000 -5.95000"
2787,0.0000,Tx-Rx,0,-65.0803,"-7.30900 0.90000 -2.93800, 2.05000 0.10000 -5.95000"
2788,0.0000,Tx-Rx,0,-64.7772,"-7.30900 0.90000 -2.93800, 1.75000 0.10000 -5.95000"
2789,0.0000,Tx-Rx,0,-67.9993,"-7.30900 0.90000 -2.93800, 1.45000 0.10000 -5.95000"
2790,0.0000,Tx-Rx,0,-72.3807,"-7.30900 0.90000 -2.93800, 1.15000 0.10000 -5.95000"
2791,0.0000,Tx-Rx,0,-73.8570,"-7.30900 0.90000 -2.93800, 0.85000 0.10000 -5.95000"
2792,0.0000,Tx-Rx,0,-75.0227,"-7.30900 0.90000 -2.93800, 0.55000 0.10000 -5.95000"
2793,0.0000,Tx-Rx,0,-80.8083,"-7.30900 0.90000 -2.93800, 0.25000 0.10000 -5.95000"
2794,0.0000,Tx-Rx,0,-75.1367,"-7.30900 0.90000 -2.93800, -0.05000 0.10000 -5.95000"
2795,0.0000,Tx-Rx,0,-71.9253,"-7.30900 0.90000 -2.93800, -0.35000 0.10000 -5.95000"
2796,0.0000,Tx-Rx,0,-72.5603,"-7.30900 0.90000 -2.93800, -0.65000 0.10000 -5.95000"
2797,0.0000,Tx-Rx,0,-70.2525,"-7.30900 0.90000 -2.93800, -0.95000 0.10000 -5.95000"
2798,0.0000,Tx-Rx,0,-63.8143,"-7.30900 0.90000 -2.93800, -1.25000 0.10000 -5.95000"
2799,0.0000,Tx-Rx,0,-63.5298,"-7.30900 0.90000 -2.93800, -1.55000 0.10000 -5.95000"
2800,0.0000,Tx-Rx,0,-64.7097,"-7.30900 0.90000 -2.93800, -1.85000 0.10000 -5.95000"
2801,0.0000,Tx-Rx,0,-65.2969,"-7.30900 0.90000 -2.93800, -2.15000 0.10000 -5.95000"
2802,0.0000,Tx-Rx,0,-73.4998,"-7.30900 0.90000 -2.93800, -2.45000 0.10000 -5.95000"
2803,0.0000,Tx-Rx,0,-75.6139,"-7.30900 0.90000 -2.93800, -2.75000 0.10000 -5.95000"
2804,0.0000,Tx-Rx,0,-74.2509,"-7.30900 0.90000 -2.93800, -3.05000 0.10000 -5.95000"
2805,0.0000,Tx-Rx,0,-75.4084,"-7.30900 0.90000 -2.93800, -3.35000 0.10000 -5.95000"
2806,0.0000,Tx-Rx,0,-76.5180,"-7.30900 0.90000 -2.93800, -3.65000 0.10000 -5.95000"
2807,0.0000,Tx-Rx,0,-78.0949,"-7.30900 0.90000 -2.93800, -3.95000 0.10000 -5.95000"
2808,0.0000,Tx-Rx,0,-78.9575,"-7.30900 0.90000 -2.93800, -4.25000 0.10000 -5.95000"
2809,0.0000,Tx-Rx,0,-80.0154,"-7.30900 0.90000 -2.93800, -4.55000 0.10000 -5.95000"
2810,0.0000,Tx-Rx,0,-82.9231,"-7.30900 0.90000 -2.93800, -4.85000 0.10000 -5.95000"
2811,0.0000,Tx-Rx,0,-77.8540,"-7.30900 0.90000 -2.93800, -5.15000 0.10000 -5.95000"
2812,0.0000,Tx-Rx,0,-74.0583,"-7.30900 0.90000 -2.93800, -5.45000 0.10000 -5.95000"
2813,0.0000,Tx-Rx,0,-73.1692,"-7.30900 0.90000 -2.93800, -5.75000 0.10000 -5.95000"
2814,0.0000,Tx-Rx,0,-72.9699,"-7.30900 0.90000 -2.93800, -6.05000 0.10000 -5.95000"
2815,0.0000,Tx-Rx,0,-72.4742,"-7.30900 0.90000 -2.93800, -6.35000 0.10000 -5.95000"
2816,0.0000,Tx-Rx,0,-72.7768,"-7.30900 0.90000 -2.93800, -6.65000 0.10000 -5.95000"
2817,0.0000,Tx-Rx,0,-73.0258,"-7.30900 0.90000 -2.93800, -6.95000 0.10000 -5.95000"
2818,0.0000,Tx-Rx,0,-71.7534,"-7.30900 0.90000 -2.93800, -7.25000 0.10000 -5.95000"
2819,0.0000,Tx-Rx,0,-73.1712,"-7.30900 0.90000 -2.93800, -7.55000 0.10000 -5.95000"
2820,0.0000,Tx-Rx,0,-86.7479,"-7.30900 0.90000 -2.93800, -7.85000 0.10000 -5.95000"
2821,0.0000,Tx-Rx,0,-112.7001,"-7.30900 0.90000 -2.93800, 9.85000 0.10000 -6.25000"
2822,0.0000,Tx-Rx,0,-89.2328,"-7.30900 0.90000 -2.93800, 9.55000 0.10000 -6.25000"
2823,0.0000,Tx-Rx,0,-86.0167,"-7.30900 0.90000 -2.93800, 9.25000 0.10000 -6.25000"
2824,0.0000,Tx-Rx,0,-102.2481,"-7.30900 0.90000 -2.93800, 8.95000 0.10000 -6.25000"
2825,0.0000,Tx-Rx,0,-88.8346,"-7.30900 0.90000 -2.93800, 8.65000 0.10000 -6.25000"
2826,0.0000,Tx-Rx,0,-88.8516,"-7.30900 0.90000 -2.93800, 8.35000 0.10000 -6.25000"
2827,0.0000,Tx-Rx,0,-72.2142,"-7.30900 0.90000 -2.93800, 8.05000 0.10000 -6.25000"
2828,0.0000,Tx-Rx,0,-67.2737,"-7.30900 0.90000 -2.93800, 7.75000 0.10000 -6.25000"
2829,0.0000,Tx-Rx,0,-68.4089,"-7.30900 0.90000 -2.93800, 7.45000 0.10000 -6.25000"
2830,0.0000,Tx-Rx,0,-68.1514,"-7.30900 0.90000 -2.93800, 7.15000 0.10000 -6.25000"
2831,0.0000,Tx-Rx,0,-69.0360,"-7.30900 0.90000 -2.93800, 6.85000 0.10000 -6.25000"
2832,0.0000,Tx-Rx,0,-71.3080,"-7.30900 0.90000 -2.93800, 6.55000 0.10000 -6.25000"
2833,0.0000,Tx-Rx,0,-73.2631,"-7.30900 0.90000 -2.93800, 6.25000 0.10000 -6.25000"
2834,0.0000,Tx-Rx,0,-71.8348,"-7.30900 0.90000 -2.93800, 5.95000 0.10000 -6.25000"
2835,0.0000,Tx-Rx,0,-73.1162,"-7.30900 0.90000 -2.93800, 5.65000 0.10000 -6.25000"
2836,0.0000,Tx-Rx,0,-73.5372,"-7.30900 0.90000 -2.93800, 5.35000 0.10000 -6.25000"
2837,0.0000,Tx-Rx,0,-70.4028,"-7.30900 0.90000 -2.93800, 5.05000 0.10000 -6.25000"
2838,0.0000,Tx-Rx,0,-65.3640,"-7.30900 0.90000 -2.93800, 4.75000 0.10000 -6.25000"
2839,0.0000,Tx-Rx,0,-65.0157,"-7.30900 0.90000 -2.93800, 4.45000 0.10000 -6.25000"
2840,0.0000,Tx-Rx,0,-65.0960,"-7.30900 0.90000 -2.93800, 4.15000 0.10000 -6.25000"
2841,0.0000,Tx-Rx,0,-64.9548,"-7.30900 0.90000 -2.93800, 3.85000 0.10000 -6.25000"
2842,0.0000,Tx-Rx,0,-65.7074,"-7.30900 0.90000 -2.93800, 3.55000 0.10000 -6.25000"
2843,0.0000,Tx-Rx,0,-64.9565,"-7.30900 0.90000 -2.93800, 3.25000 0.10000 -6.25000"
2844,0.0000,Tx-Rx,0,-64.7393,"-7.30900 0.90000 -2.93800, 2.95000 0.10000 -6.25000"
2845,0.0000,Tx-Rx,0,-65.0147,"-7.30900 0.90000 -2.93800, 2.65000 0.10000 -6.25000"
2846,0.0000,Tx-Rx,0,-65.1188,"-7.30900 0.90000 -2.93800, 2.35000 0.10000 -6.25000"
2847,0.0000,Tx-Rx,0,-64.8911,"-7.30900 0.90000 -2.93800, 2.05000 0.10000 -6.25000"
2848,0.0000,Tx-Rx,0,-66.0427,"-7.30900 0.90000 -2.93800, 1.75000 0.10000 -6.25000"
2849,0.0000,Tx-Rx,0,-74.6073,"-7.30900 0.90000 -2.93800, 1.45000 0.10000 -6.25000"
2850,0.0000,Tx-Rx,0,-75.7504,"-7.30900 0.90000 -2.93800, 1.15000 0.10000 -6.25000"
2851,0.0000,Tx-Rx,0,-77.6473,"-7.30900 0.90000 -2.93800, 0.85000 0.10000 -6.25000"
2852,0.0000,Tx-Rx,0,-80.4833,"-7.30900 0.90000 -2.93800, 0.55000 0.10000 -6.25000"
2853,0.0000,Tx-Rx,0,-79.3425,"-7.30900 0.90000 -2.93800, 0.25000 0.10000 -6.25000"
2854,0.0000,Tx-Rx,0,-77.9411,"-7.30900 0.90000 -2.93800, -0.05000 0.10000 -6.25000"
2855,0.0000,Tx-Rx,0,-73.3384,"-7.30900 0.90000 -2.93800, -0.35000 0.10000 -6.25000"
2856,0.0000,Tx-Rx,0,-71.5101,"-7.30900 0.90000 -2.93800, -0.65000 0.10000 -6.25000"
2857,0.0000,Tx-Rx,0,-66.5999,"-7.30900 0.90000 -2.93800, -0.95000 0.10000 -6.25000"
2858,0.0000,Tx-Rx,0,-63.6076,"-7.30900 0.90000 -2.93800, -1.25000 0.10000 -6.25000"
2859,0.0000,Tx-Rx,0,-63.9385,"-7.30900 0.90000 -2.93800, -1.55000 0.10000 -6.25000"
2860,0.0000,Tx-Rx,0,-65.1927,"-7.30900 0.90000 -2.93800, -1.85000 0.10000 -6.25000"
2861,0.0000,Tx-Rx,0,-67.3614,"-7.30900 0.90000 -2.93800, -2.15000 0.10000 -6.25000"
2862,0.0000,Tx-Rx,0,-79.0891,"-7.30900 0.90000 -2.93800, -2.45000 0.10000 -6.25000"
2863,0.0000,Tx-Rx,0,-85.3134,"-7.30900 0.90000 -2.93800, -2.75000 0.10000 -6.25000"
2864,0.0000,Tx-Rx,0,-80.6209,"-7.30900 0.90000 -2.93800, -3.05000 0.10000 -6.25000"
2865,0.0000,Tx-Rx,0,-77.0160,"-7.30900 0.90000 -2.93800, -3.35000 0.10000 -6.25000"
2866,0.0000,Tx-Rx,0,-76.0533,"-7.30900 0.90000 -2.93800, -3.65000 0.10000 -6.25000"
2867,0.0000,Tx-Rx,0,-75.9010,"-7.30900 0.90000 -2.93800, -3.95000 0.10000 -6.25000"
2868,0.0000,Tx-Rx,0,-79.1147,"-7.30900 0.90000 -2.93800, -4.25000 0.10000 -6.25000"
2869,0.0000,Tx-Rx,0,-77.7314,"-7.30900 0.90000 -2.93800, -4.55000 0.10000 -6.25000"
2870,0.0000,Tx-Rx,0,-77.6860,"-7.30900 0.90000 -2.93800, -4.85000 0.10000 -6.25000"
2871,0.0000,Tx-Rx,0,-74.9335,"-7.30900 0.90000 -2.93800, -5.15000 0.10000 -6.25000"
2872,0.0000,Tx-Rx,0,-73.6376,"-7.30900 0.90000 -2.93800, -5.45000 0.10000 -6.25000"
2873,0.0000,Tx-Rx,0,-76.3578,"-7.30900 0.90000 -2.93800, -5.75000 0.10000 -6.25000"
2874,0.0000,Tx-Rx,0,-76.7248,"-7.30900 0.90000 -2.93800, -6.05000 0.10000 -6.25000"
2875,0.0000,Tx-Rx,0,-73.9043,"-7.30900 0.90000 -2.93800, -6.35000 0.10000 -6.25000"
2876,0.0000,Tx-Rx,0,-73.2791,"-7.30900 0.90000 -2.93800, -6.65000 0.10000 -6.25000"
2877,0.0000,Tx-Rx,0,-73.5924,"-7.30900 0.90000 -2.93800, -6.95000 0.10000 -6.25000"
2878,0.0000,Tx-Rx,0,-73.6785,"-7.30900 0.90000 -2.93800, -7.25000 0.10000 -6.25000"
2879,0.0000,Tx-Rx,0,-83.9655,"-7.30900 0.90000 -2.93800, -7.55000 0.10000 -6.25000"
2880,0.0000,Tx-Rx,0,-89.3393,"-7.30900 0.90000 -2.93800, -7.85000 0.10000 -6.25000"
2881,0.0000,Tx-Rx,0,-83.9541,"-7.30900 0.90000 -2.93800, 9.85000 0.10000 -6.55000"
2882,0.0000,Tx-Rx,0,-83.0660,"-7.30900 0.90000 -2.93800, 9.55000 0.10000 -6.55000"
2883,0.0000,Tx-Rx,0,-89.0307,"-7.30900 0.90000 -2.93800, 9.25000 0.10000 -6.55000"
2884,0.0000,Tx-Rx,0,-101.2211,"-7.30900 0.90000 -2.93800, 8.95000 0.10000 -6.55000"
2885,0.0000,Tx-Rx,0,-96.4629,"-7.30900 0.90000 -2.93800, 8.65000 0.10000 -6.55000"
2886,0.0000,Tx-Rx,0,-104.1809,"-7.30900 0.90000 -2.93800, 8.35000 0.10000 -6.55000"
2887,0.0000,Tx-Rx,0,-81.9843,"-7.30900 0.90000 -2.93800, 8.05000 0.10000 -6.55000"
2888,0.0000,Tx-Rx,0,-77.2593,"-7.30900 0.90000 -2.93800, 7.75000 0.10000 -6.55000"
2889,0.0000,Tx-Rx,0,-77.0427,"-7.30900 0.90000 -2.93800, 7.45000 0.10000 -6.55000"
2890,0.0000,Tx-Rx,0,-78.1034,"-7.30900 0.90000 -2.93800, 7.15000 0.10000 -6.55000"
2891,0.0000,Tx-Rx,0,-72.3319,"-7.30900 0.90000 -2.93800, 6.85000 0.10000 -6.55000"
2892,0.0000,Tx-Rx,0,-69.8374,"-7.30900 0.90000 -2.93800, 6.55000 0.10000 -6.55000"
2893,0.0000,Tx-Rx,0,-67.4152,"-7.30900 0.90000 -2.93800, 6.25000 0.10000 -6.55000"
2894,0.0000,Tx-Rx,0,-69.0929,"-7.30900 0.90000 -2.93800, 5.95000 0.10000 -6.55000"
2895,0.0000,Tx-Rx,0,-69.6852,"-7.30900 0.90000 -2.93800, 5.65000 0.10000 -6.55000"
2896,0.0000,Tx-Rx,0,-70.7922,"-7.30900 0.90000 -2.93800, 5.35000 0.10000 -6.55000"
2897,0.0000,Tx-Rx,0,-65.8342,"-7.30900 0.90000 -2.93800, 5.05000 0.10000 -6.55000"
2898,0.0000,Tx-Rx,0,-64.8713,"-7.30900 0.90000 -2.93800, 4.75000 0.10000 -6.55000"
2899,0.0000,Tx-Rx,0,-65.6337,"-7.30900 0.90000 -2.93800, 4.45000 0.10000 -6.55000"
2900,0.0000,Tx-Rx,0,-64.9653,"-7.30900 0.90000 -2.93800, 4.15000 0.10000 -6.55000"
2901,0.0000,Tx-Rx,0,-65.4060,"-7.30900 0.90000 -2.93800, 3.85000 0.10000 -6.55000"
2902,0.0000,Tx-Rx,0,-65.1206,"-7.30900 0.90000 -2.93800, 3.55000 0.10000 -6.55000"
2903,0.0000,Tx-Rx,0,-64.6116,"-7.30900 0.90000 -2.93800, 3.25000 0.10000 -6.55000"
2904,0.0000,Tx-Rx,0,-64.7032,"-7.30900 0.90000 -2.93800, 2.95000 0.10000 -6.55000"
2905,0.0000,Tx-Rx,0,-64.7254,"-7.30900 0.90000 -2.93800, 2.65000 0.10000 -6.55000"
2906,0.0000,Tx-Rx,0,-65.2728,"-7.30900 0.90000 -2.93800, 2.35000 0.10000 -6.55000"
2907,0.0000,Tx-Rx,0,-65.7638,"-7.30900 0.90000 -2.93800, 2.05000 0.10000 -6.55000"
2908,0.0000,Tx-Rx,0,-72.1208,"-7.30900 0.90000 -2.93800, 1.75000 0.10000 -6.55000"
2909,0.0000,Tx-Rx,0,-77.1642,"-7.30900 0.90000 -2.93800, 1.45000 0.10000 -6.55000"
2910,0.0000,Tx-Rx,0,-76.6528,"-7.30900 0.90000 -2.93800, 1.15000 0.10000 -6.55000"
2911,0.0000,Tx-Rx,0,-79.2770,"-7.30900 0.90000 -2.93800, 0.85000 0.10000 -6.55000"
2912,0.0000,Tx-Rx,0,-78.9905,"-7.30900 0.90000 -2.93800, 0.55000 0.10000 -6.55000"
2913,0.0000,Tx-Rx,0,-85.3431,"-7.30900 0.90000 -2.93800, 0.25000 0.10000 -6.55000"
2914,0.0000,Tx-Rx,0,-80.6074,"-7.30900 0.90000 -2.93800, -0.05000 0.10000 -6.55000"
2915,0.0000,Tx-Rx,0,-75.5340,"-7.30900 0.90000 -2.93800, -0.35000 0.10000 -6.55000"
2916,0.0000,Tx-Rx,0,-70.2317,"-7.30900 0.90000 -2.93800, -0.65000 0.10000 -6.55000"
2917,0.0000,Tx-Rx,0,-64.4915,"-7.30900 0.90000 -2.93800, -0.95000 0.10000 -6.55000"
2918,0.0000,Tx-Rx,0,-63.6692,"-7.30900 0.90000 -2.93800, -1.25000 0.10000 -6.55000"
2919,0.0000,Tx-Rx,0,-64.5507,"-7.30900 0.90000 -2.93800, -1.55000 0.10000 -6.55000"
2920,0.0000,Tx-Rx,0,-65.2008,"-7.30900 0.90000 -2.93800, -1.85000 0.10000 -6.55000"
2921,0.0000,Tx-Rx,0,-71.4783,"-7.30900 0.90000 -2.93800, -2.15000 0.10000 -6.55000"
2922,0.0000,Tx-Rx,0,-84.8305,"-7.30900 0.90000 -2.93800, -2.45000 0.10000 -6.55000"
2923,0.0000,Tx-Rx,0,-120.0000,"-7.30900 0.90000 -2.93800, -2.75000 0.10000 -6.55000"
2924,0.0000,Tx-Rx,0,-120.0000,"-7.30900 0.90000 -2.93800, -3.05000 0.10000 -6.55000"
2925,0.0000,Tx-Rx,0,-83.7136,"-7.30900 0.90000 -2.93800, -3.35000 0.10000 -6.55000"
2926,0.0000,Tx-Rx,0,-87.8651,"-7.30900 0.90000 -2.93800, -3.65000 0.10000 -6.55000"
2927,0.0000,Tx-Rx,0,-87.6680,"-7.30900 0.90000 -2.93800, -3.95000 0.10000 -6.55000"
2928,0.0000,Tx-Rx,0,-84.5174,"-7.30900 0.90000 -2.93800, -4.25000 0.10000 -6.55000"
2929,0.0000,Tx-Rx,0,-83.4048,"-7.30900 0.90000 -2.93800, -4.55000 0.10000 -6.55000"
2930,0.0000,Tx-Rx,0,-82.5517,"-7.30900 0.90000 -2.93800, -4.85000 0.10000 -6.55000"
2931,0.0000,Tx-Rx,0,-84.3624,"-7.30900 0.90000 -2.93800, -5.15000 0.10000 -6.55000"
2932,0.0000,Tx-Rx,0,-85.4466,"-7.30900 0.90000 -2.93800, -5.45000 0.10000 -6.55000"
2933,0.0000,Tx-Rx,0,-89.9545,"-7.30900 0.90000 -2.93800, -5.75000 0.10000 -6.55000"
2934,0.0000,Tx-Rx,0,-89.7546,"-7.30900 0.90000 -2.93800, -6.05000 0.10000 -6.55000"
2935,0.0000,Tx-Rx,0,-86.5564,"-7.30900 0.90000 -2.93800, -6.35000 0.10000 -6.55000"
2936,0.0000,Tx-Rx,0,-86.6210,"-7.30900 0.90000 -2.93800, -6.65000 0.10000 -6.55000"
2937,0.0000,Tx-Rx,0,-86.3151,"-7.30900 0.90000 -2.93800, -6.95000 0.10000 -6.55000"
2938,0.0000,Tx-Rx,0,-85.0926,"-7.30900 0.90000 -2.93800, -7.25000 0.10000 -6.55000"
2939,0.0000,Tx-Rx,0,-85.9415,"-7.30900 0.90000 -2.93800, -7.55000 0.10000 -6.55000"
2940,0.0000,Tx-Rx,0,-94.8314,"-7.30900 0.90000 -2.93800, -7.85000 0.10000 -6.55000"
2941,0.0000,Tx-Rx,0,-102.2333,"-7.30900 0.90000 -2.93800, 9.85000 0.10000 -6.85000"
2942,0.0000,Tx-Rx,0,-107.7287,"-7.30900 0.90000 -2.93800, 9.55000 0.10000 -6.85000"
2943,0.0000,Tx-Rx,0,-117.6376,"-7.30900 0.90000 -2.93800, 9.25000 0.10000 -6.85000"
2944,0.0000,Tx-Rx,0,-99.7854,"-7.30900 0.90000 -2.93800, 8.95000 0.10000 -6.85000"
2945,0.0000,Tx-Rx,0,-119.0235,"-7.30900 0.90000 -2.93800, 8.65000 0.10000 -6.85000"
2946,0.0000,Tx-Rx,0,-120.0000,"-7.30900 0.90000 -2.93800, 8.35000 0.10000 -6.85000"
2947,0.0000,Tx-Rx,0,-82.4260,"-7.30900 0.90000 -2.93800, 8.05000 0.10000 -6.85000"
2948,0.0000,Tx-Rx,0,-78.2565,"-7.30900 0.90000 -2.93800, 7.75000 0.10000 -6.85000"
2949,0.0000,Tx-Rx,0,-77.7148,"-7.30900 0.90000 -2.93800, 7.45000 0.10000 -6.85000"
2950,0.0000,Tx-Rx,0,-78.3333,"-7.30900 0.90000 -2.93800, 7.15000 0.10000 -6.85000"
2951,0.0000,Tx-Rx,0,-78.7896,"-7.30900 0.90000 -2.93800, 6.85000 0.10000 -6.85000"
2952,0.0000,Tx-Rx,0,-77.8137,"-7.30900 0.90000 -2.93800, 6.55000 0.10000 -6.85000"
2953,0.0000,Tx-Rx,0,-77.2344,"-7.30900 0.90000 -2.93800, 6.25000 0.10000 -6.85000"
2954,0.0000,Tx-Rx,0,-74.1486,"-7.30900 0.90000 -2.93800, 5.95000 0.10000 -6.85000"
2955,0.0000,Tx-Rx,0,-69.0995,"-7.30900 0.90000 -2.93800, 5.65000 0.10000 -6.85000"
2956,0.0000,Tx-Rx,0,-64.6395,"-7.30900 0.90000 -2.93800, 5.35000 0.10000 -6.85000"
2957,0.0000,Tx-Rx,0,-64.1803,"-7.30900 0.90000 -2.93800, 5.05000 0.10000 -6.85000"
2958,0.0000,Tx-Rx,0,-64.5935,"-7.30900 0.90000 -2.93800, 4.75000 0.10000 -6.85000"
2959,0.0000,Tx-Rx,0,-65.2710,"-7.30900 0.90000 -2.93800, 4.45000 0.10000 -6.85000"
2960,0.0000,Tx-Rx,0,-64.9519,"-7.30900 0.90000 -2.93800, 4.15000 0.10000 -6.85000"
2961,0.0000,Tx-Rx,0,-65.0066,"-7.30900 0.90000 -2.93800, 3.85000 0.10000 -6.85000"
2962,0.0000,Tx-Rx,0,-65.0198,"-7.30900 0.90000 -2.93800, 3.55000 0.10000 -6.85000"
2963,0.0000,Tx-Rx,0,-65.0469,"-7.30900 0.90000 -2.93800, 3.25000 0.10000 -6.85000"
2964,0.0000,Tx-Rx,0,-64.9455,"-7.30900 0.90000 -2.93800, 2.95000 0.10000 -6.85000"
2965,0.0000,Tx-Rx,0,-65.0132,"-7.30900 0.90000 -2.93800, 2.65000 0.10000 -6.85000"
2966,0.0000,Tx-Rx,0,-65.0987,"-7.30900 0.90000 -2.93800, 2.35000 0.10000 -6.85000"
2967,0.0000,Tx-Rx,0,-68.7055,"-7.30900 0.90000 -2.93800, 2.05000 0.10000 -6.85000"
2968,0.0000,Tx-Rx,0,-75.8444,"-7.30900 0.90000 -2.93800, 1.75000 0.10000 -6.85000"
2969,0.0000,Tx-Rx,0,-76.8685,"-7.30900 0.90000 -2.93800, 1.45000 0.10000 -6.85000"
2970,0.0000,Tx-Rx,0,-77.9737,"-7.30900 0.90000 -2.93800, 1.15000 0.10000 -6.85000"
2971,0.0000,Tx-Rx,0,-81.5259,"-7.30900 0.90000 -2.93800, 0.85000 0.10000 -6.85000"
2972,0.0000,Tx-Rx,0,-84.6459,"-7.30900 0.90000 -2.93800, 0.55000 0.10000 -6.85000"
2973,0.0000,Tx-Rx,0,-82.2991,"-7.30900 0.90000 -2.93800, 0.25000 0.10000 -6.85000"
2974,0.0000,Tx-Rx,0,-83.1327,"-7.30900 0.90000 -2.93800, -0.05000 0.10000 -6.85000"
2975,0.0000,Tx-Rx,0,-75.5724,"-7.30900 0.90000 -2.93800, -0.35000 0.10000 -6.85000"
2976,0.0000,Tx-Rx,0,-67.4162,"-7.30900 0.90000 -2.93800, -0.65000 0.10000 -6.85000"
2977,0.0000,Tx-Rx,0,-63.9467,"-7.30900 0.90000 -2.93800, -0.95000 0.10000 -6.85000"
2978,0.0000,Tx-Rx,0,-64.1690,"-7.30900 0.90000 -2.93800, -1.25000 0.10000 -6.85000"
2979,0.0000,Tx-Rx,0,-64.8955,"-7.30900 0.90000 -2.93800, -1.55000 0.10000 -6.85000"
2980,0.0000,Tx-Rx,0,-65.9814,"-7.30900 0.90000 -2.93800, -1.85000 0.10000 -6.85000"
2981,0.0000,Tx-Rx,0,-75.5421,"-7.30900 0.90000 -2.93800, -2.15000 0.10000 -6.85000"
2982,0.0000,Tx-Rx,0,-91.6372,"-7.30900 0.90000 -2.93800, -2.45000 0.10000 -6.85000"
2983,0.0000,Tx-Rx,0,-120.0000,"-7.30900 0.90000 -2.93800, -2.75000 0.10000 -6.85000"
2984,0.0000,Tx-Rx,0,-120.0000,"-7.30900 0.90000 -2.93800, -3.05000 0.10000 -6.85000"
2985,0.0000,Tx-Rx,0,-88.1607,"-7.30900 0.90000 -2.93800, -3.35000 0.10000 -6.85000"
2986,0.0000,Tx-Rx,0,-88.8403,"-7.30900 0.90000 -2.93800, -3.65000 0.10000 -6.85000"
2987,0.0000,Tx-Rx,0,-88.4272,"-7.30900 0.90000 -2.93800, -3.95000 0.10000 -6.85000"
2988,0.0000,Tx-Rx,0,-89.6617,"-7.30900 0.90000 -2.93800, -4.25000 0.10000 -6.85000"
2989,0.0000,Tx-Rx,0,-95.1599,"-7.30900 0.90000 -2.93800, -4.55000 0.10000 -6.85000"
2990,0.0000,Tx-Rx,0,-94.1398,"-7.30900 0.90000 -2.93800, -4.85000 0.10000 -6.85000"
2991,0.0000,Tx-Rx,0,-91.3032,"-7.30900 0.90000 -2.93800, -5.15000 0.10000 -6.85000"
2992,0.0000,Tx-Rx,0,-90.5816,"-7.30900 0.90000 -2.93800, -5.45000 0.10000 -6.85000"
2993,0.0000,Tx-Rx,0,-90.0231,"-7.30900 0.90000 -2.93800, -5.75000 0.10000 -6.85000"
2994,0.0000,Tx-Rx,0,-88.8587,"-7.30900 0.90000 -2.93800, -6.05000 0.10000 -6.85000"
2995,0.0000,Tx-Rx,0,-86.2793,"-7.30900 0.90000 -2.93800, -6.35000 0.10000 -6.85000"
2996,0.0000,Tx-Rx,0,-86.8064,"-7.30900 0.90000 -2.93800, -6.65000 0.10000 -6.85000"
2997,0.0000,Tx-Rx,0,-88.0729,"-7.30900 0.90000 -2.93800, -6.95000 0.10000 -6.85000"
2998,0.0000,Tx-Rx,0,-87.4597,"-7.30900 0.90000 -2.93800, -7.25000 0.10000 -6.85000"
2999,0.0000,Tx-Rx,0,-87.7095,"-7.30900 0.90000 -2.93800, -7.55000 0.10000 -6.85000"
3000,0.0000,Tx-Rx,0,-102.4957,"-7.30900 0.90000 -2.93800, -7.85000 0.10000 -6.85000"
