Rx_Number,Path_Power_dBm,Interaction_Description,Total_Interactions_for_Path,RSS_dBm,Interaction_Coordinates
1,0.0000,Tx-Rx,0,-89.7901,"3.90000 1.00000 -0.80000, 9.85000 0.10000 7.85000"
2,0.0000,Tx-Rx,0,-92.2650,"3.90000 1.00000 -0.80000, 9.55000 0.10000 7.85000"
3,0.0000,Tx-Rx,0,-87.5162,"3.90000 1.00000 -0.80000, 9.25000 0.10000 7.85000"
4,0.0000,Tx-Rx,0,-87.0312,"3.90000 1.00000 -0.80000, 8.95000 0.10000 7.85000"
5,0.0000,Tx-Rx,0,-82.6028,"3.90000 1.00000 -0.80000, 8.65000 0.10000 7.85000"
6,0.0000,Tx-Rx,0,-88.3339,"3.90000 1.00000 -0.80000, 8.35000 0.10000 7.85000"
7,0.0000,Tx-Rx,0,-71.5413,"3.90000 1.00000 -0.80000, 8.05000 0.10000 7.85000"
8,0.0000,Tx-Rx,0,-63.7716,"3.90000 1.00000 -0.80000, 7.75000 0.10000 7.85000"
9,0.0000,Tx-Rx,0,-65.8786,"3.90000 1.00000 -0.80000, 7.45000 0.10000 7.85000"
10,0.0000,Tx-Rx,0,-63.3097,"3.90000 1.00000 -0.80000, 7.15000 0.10000 7.85000"
11,0.0000,Tx-Rx,0,-65.1619,"3.90000 1.00000 -0.80000, 6.85000 0.10000 7.85000"
12,0.0000,Tx-Rx,0,-61.4256,"3.90000 1.00000 -0.80000, 6.55000 0.10000 7.85000"
13,0.0000,Tx-Rx,0,-58.4145,"3.90000 1.00000 -0.80000, 6.25000 0.10000 7.85000"
14,0.0000,Tx-Rx,0,-55.2771,"3.90000 1.00000 -0.80000, 5.95000 0.10000 7.85000"
15,0.0000,Tx-Rx,0,-55.0072,"3.90000 1.00000 -0.80000, 5.65000 0.10000 7.85000"
16,0.0000,Tx-Rx,0,-53.7575,"3.90000 1.00000 -0.80000, 5.35000 0.10000 7.85000"
17,0.0000,Tx-Rx,0,-54.4650,"3.90000 1.00000 -0.80000, 5.05000 0.10000 7.85000"
18,0.0000,Tx-Rx,0,-53.4608,"3.90000 1.00000 -0.80000, 4.75000 0.10000 7.85000"
19,0.0000,Tx-Rx,0,-53.1400,"3.90000 1.00000 -0.80000, 4.45000 0.10000 7.85000"
20,0.0000,Tx-Rx,0,-52.9602,"3.90000 1.00000 -0.80000, 4.15000 0.10000 7.85000"
21,0.0000,Tx-Rx,0,-52.7675,"3.90000 1.00000 -0.80000, 3.85000 0.10000 7.85000"
22,0.0000,Tx-Rx,0,-52.9944,"3.90000 1.00000 -0.80000, 3.55000 0.10000 7.85000"
23,0.0000,Tx-Rx,0,-53.4566,"3.90000 1.00000 -0.80000, 3.25000 0.10000 7.85000"
24,0.0000,Tx-Rx,0,-53.5152,"3.90000 1.00000 -0.80000, 2.95000 0.10000 7.85000"
25,0.0000,Tx-Rx,0,-53.7937,"3.90000 1.00000 -0.80000, 2.65000 0.10000 7.85000"
26,0.0000,Tx-Rx,0,-54.0566,"3.90000 1.00000 -0.80000, 2.35000 0.10000 7.85000"
27,0.0000,Tx-Rx,0,-54.0753,"3.90000 1.00000 -0.80000, 2.05000 0.10000 7.85000"
28,0.0000,Tx-Rx,0,-54.1087,"3.90000 1.00000 -0.80000, 1.75000 0.10000 7.85000"
29,0.0000,Tx-Rx,0,-54.1176,"3.90000 1.00000 -0.80000, 1.45000 0.10000 7.85000"
30,0.0000,Tx-Rx,0,-53.2881,"3.90000 1.00000 -0.80000, 1.15000 0.10000 7.85000"
31,0.0000,Tx-Rx,0,-52.9358,"3.90000 1.00000 -0.80000, 0.85000 0.10000 7.85000"
32,0.0000,Tx-Rx,0,-52.1893,"3.90000 1.00000 -0.80000, 0.55000 0.10000 7.85000"
33,0.0000,Tx-Rx,0,-52.0207,"3.90000 1.00000 -0.80000, 0.25000 0.10000 7.85000"
34,0.0000,Tx-Rx,0,-56.8771,"3.90000 1.00000 -0.80000, -0.05000 0.10000 7.85000"
35,0.0000,Tx-Rx,0,-71.2768,"3.90000 1.00000 -0.80000, -0.35000 0.10000 7.85000"
36,0.0000,Tx-Rx,0,-73.2062,"3.90000 1.00000 -0.80000, -0.65000 0.10000 7.85000"
37,0.0000,Tx-Rx,0,-76.9249,"3.90000 1.00000 -0.80000, -0.95000 0.10000 7.85000"
38,0.0000,Tx-Rx,0,-72.2142,"3.90000 1.00000 -0.80000, -1.25000 0.10000 7.85000"
39,0.0000,Tx-Rx,0,-77.6151,"3.90000 1.00000 -0.80000, -1.55000 0.10000 7.85000"
40,0.0000,Tx-Rx,0,-82.5922,"3.90000 1.00000 -0.80000, -1.85000 0.10000 7.85000"
41,0.0000,Tx-Rx,0,-78.6565,"3.90000 1.00000 -0.80000, -2.15000 0.10000 7.85000"
42,0.0000,Tx-Rx,0,-71.5968,"3.90000 1.00000 -0.80000, -2.45000 0.10000 7.85000"
43,0.0000,Tx-Rx,0,-88.8987,"3.90000 1.00000 -0.80000, -2.75000 0.10000 7.85000"
44,0.0000,Tx-Rx,0,-120.0000,"3.90000 1.00000 -0.80000, -3.05000 0.10000 7.85000"
45,0.0000,Tx-Rx,0,-120.0000,"3.90000 1.00000 -0.80000, -3.35000 0.10000 7.85000"
46,0.0000,Tx-Rx,0,-101.0244,"3.90000 1.00000 -0.80000, -3.65000 0.10000 7.85000"
47,0.0000,Tx-Rx,0,-73.3186,"3.90000 1.00000 -0.80000, -3.95000 0.10000 7.85000"
48,0.0000,Tx-Rx,0,-71.5740,"3.90000 1.00000 -0.80000, -4.25000 0.10000 7.85000"
49,0.0000,Tx-Rx,0,-82.5205,"3.90000 1.00000 -0.80000, -4.55000 0.10000 7.85000"
50,0.0000,Tx-Rx,0,-94.3232,"3.90000 1.00000 -0.80000, -4.85000 0.10000 7.85000"
51,0.0000,Tx-Rx,0,-100.0286,"3.90000 1.00000 -0.80000, -5.15000 0.10000 7.85000"
52,0.0000,Tx-Rx,0,-97.6838,"3.90000 1.00000 -0.80000, -5.45000 0.10000 7.85000"
53,0.0000,Tx-Rx,0,-82.6431,"3.90000 1.00000 -0.80000, -5.75000 0.10000 7.85000"
54,0.0000,Tx-Rx,0,-88.7383,"3.90000 1.00000 -0.80000, -6.05000 0.10000 7.85000"
55,0.0000,Tx-Rx,0,-91.5091,"3.90000 1.00000 -0.80000, -6.35000 0.10000 7.85000"
56,0.0000,Tx-Rx,0,-91.8699,"3.90000 1.00000 -0.80000, -6.65000 0.10000 7.85000"
57,0.0000,Tx-Rx,0,-92.5960,"3.90000 1.00000 -0.80000, -6.95000 0.10000 7.85000"
58,0.0000,Tx-Rx,0,-90.7696,"3.90000 1.00000 -0.80000, -7.25000 0.10000 7.85000"
59,0.0000,Tx-Rx,0,-88.2794,"3.90000 1.00000 -0.80000, -7.55000 0.10000 7.85000"
60,0.0000,Tx-Rx,0,-83.9837,"3.90000 1.00000 -0.80000, -7.85000 0.10000 7.85000"
61,0.0000,Tx-Rx,0,-91.4193,"3.90000 1.00000 -0.80000, 9.85000 0.10000 7.55000"
62,0.0000,Tx-Rx,0,-91.8122,"3.90000 1.00000 -0.80000, 9.55000 0.10000 7.55000"
63,0.0000,Tx-Rx,0,-89.9523,"3.90000 1.00000 -0.80000, 9.25000 0.10000 7.55000"
64,0.0000,Tx-Rx,0,-87.7294,"3.90000 1.00000 -0.80000, 8.95000 0.10000 7.55000"
65,0.0000,Tx-Rx,0,-86.4225,"3.90000 1.00000 -0.80000, 8.65000 0.10000 7.55000"
66,0.0000,Tx-Rx,0,-83.6946,"3.90000 1.00000 -0.80000, 8.35000 0.10000 7.55000"
67,0.0000,Tx-Rx,0,-65.6982,"3.90000 1.00000 -0.80000, 8.05000 0.10000 7.55000"
68,0.0000,Tx-Rx,0,-60.5137,"3.90000 1.00000 -0.80000, 7.75000 0.10000 7.55000"
69,0.0000,Tx-Rx,0,-63.4026,"3.90000 1.00000 -0.80000, 7.45000 0.10000 7.55000"
70,0.0000,Tx-Rx,0,-60.5686,"3.90000 1.00000 -0.80000, 7.15000 0.10000 7.55000"
71,0.0000,Tx-Rx,0,-63.1923,"3.90000 1.00000 -0.80000, 6.85000 0.10000 7.55000"
72,0.0000,Tx-Rx,0,-58.4483,"3.90000 1.00000 -0.80000, 6.55000 0.10000 7.55000"
73,0.0000,Tx-Rx,0,-56.1544,"3.90000 1.00000 -0.80000, 6.25000 0.10000 7.55000"
74,0.0000,Tx-Rx,0,-54.6264,"3.90000 1.00000 -0.80000, 5.95000 0.10000 7.55000"
75,0.0000,Tx-Rx,0,-54.1241,"3.90000 1.00000 -0.80000, 5.65000 0.10000 7.55000"
76,0.0000,Tx-Rx,0,-53.6446,"3.90000 1.00000 -0.80000, 5.35000 0.10000 7.55000"
77,0.0000,Tx-Rx,0,-53.7097,"3.90000 1.00000 -0.80000, 5.05000 0.10000 7.55000"
78,0.0000,Tx-Rx,0,-53.0913,"3.90000 1.00000 -0.80000, 4.75000 0.10000 7.55000"
79,0.0000,Tx-Rx,0,-52.9174,"3.90000 1.00000 -0.80000, 4.45000 0.10000 7.55000"
80,0.0000,Tx-Rx,0,-52.6013,"3.90000 1.00000 -0.80000, 4.15000 0.10000 7.55000"
81,0.0000,Tx-Rx,0,-52.6834,"3.90000 1.00000 -0.80000, 3.85000 0.10000 7.55000"
82,0.0000,Tx-Rx,0,-52.6650,"3.90000 1.00000 -0.80000, 3.55000 0.10000 7.55000"
83,0.0000,Tx-Rx,0,-52.9686,"3.90000 1.00000 -0.80000, 3.25000 0.10000 7.55000"
84,0.0000,Tx-Rx,0,-53.5806,"3.90000 1.00000 -0.80000, 2.95000 0.10000 7.55000"
85,0.0000,Tx-Rx,0,-53.6653,"3.90000 1.00000 -0.80000, 2.65000 0.10000 7.55000"
86,0.0000,Tx-Rx,0,-53.7292,"3.90000 1.00000 -0.80000, 2.35000 0.10000 7.55000"
87,0.0000,Tx-Rx,0,-53.7884,"3.90000 1.00000 -0.80000, 2.05000 0.10000 7.55000"
88,0.0000,Tx-Rx,0,-53.7876,"3.90000 1.00000 -0.80000, 1.75000 0.10000 7.55000"
89,0.0000,Tx-Rx,0,-53.6740,"3.90000 1.00000 -0.80000, 1.45000 0.10000 7.55000"
90,0.0000,Tx-Rx,0,-53.4726,"3.90000 1.00000 -0.80000, 1.15000 0.10000 7.55000"
91,0.0000,Tx-Rx,0,-52.5185,"3.90000 1.00000 -0.80000, 0.85000 0.10000 7.55000"
92,0.0000,Tx-Rx,0,-51.9756,"3.90000 1.00000 -0.80000, 0.55000 0.10000 7.55000"
93,0.0000,Tx-Rx,0,-52.0051,"3.90000 1.00000 -0.80000, 0.25000 0.10000 7.55000"
94,0.0000,Tx-Rx,0,-56.8387,"3.90000 1.00000 -0.80000, -0.05000 0.10000 7.55000"
95,0.0000,Tx-Rx,0,-73.2165,"3.90000 1.00000 -0.80000, -0.35000 0.10000 7.55000"
96,0.0000,Tx-Rx,0,-72.6204,"3.90000 1.00000 -0.80000, -0.65000 0.10000 7.55000"
97,0.0000,Tx-Rx,0,-75.0093,"3.90000 1.00000 -0.80000, -0.95000 0.10000 7.55000"
98,0.0000,Tx-Rx,0,-72.6739,"3.90000 1.00000 -0.80000, -1.25000 0.10000 7.55000"
99,0.0000,Tx-Rx,0,-76.2739,"3.90000 1.00000 -0.80000, -1.55000 0.10000 7.55000"
100,0.0000,Tx-Rx,0,-80.9272,"3.90000 1.00000 -0.80000, -1.85000 0.10000 7.55000"
101,0.0000,Tx-Rx,0,-78.6845,"3.90000 1.00000 -0.80000, -2.15000 0.10000 7.55000"
102,0.0000,Tx-Rx,0,-70.8779,"3.90000 1.00000 -0.80000, -2.45000 0.10000 7.55000"
103,0.0000,Tx-Rx,0,-83.3566,"3.90000 1.00000 -0.80000, -2.75000 0.10000 7.55000"
104,0.0000,Tx-Rx,0,-85.8698,"3.90000 1.00000 -0.80000, -3.05000 0.10000 7.55000"
105,0.0000,Tx-Rx,0,-85.9140,"3.90000 1.00000 -0.80000, -3.35000 0.10000 7.55000"
106,0.0000,Tx-Rx,0,-87.1353,"3.90000 1.00000 -0.80000, -3.65000 0.10000 7.55000"
107,0.0000,Tx-Rx,0,-70.4566,"3.90000 1.00000 -0.80000, -3.95000 0.10000 7.55000"
108,0.0000,Tx-Rx,0,-72.2651,"3.90000 1.00000 -0.80000, -4.25000 0.10000 7.55000"
109,0.0000,Tx-Rx,0,-84.2216,"3.90000 1.00000 -0.80000, -4.55000 0.10000 7.55000"
110,0.0000,Tx-Rx,0,-94.7936,"3.90000 1.00000 -0.80000, -4.85000 0.10000 7.55000"
111,0.0000,Tx-Rx,0,-100.2372,"3.90000 1.00000 -0.80000, -5.15000 0.10000 7.55000"
112,0.0000,Tx-Rx,0,-95.1710,"3.90000 1.00000 -0.80000, -5.45000 0.10000 7.55000"
113,0.0000,Tx-Rx,0,-81.2234,"3.90000 1.00000 -0.80000, -5.75000 0.10000 7.55000"
114,0.0000,Tx-Rx,0,-89.5581,"3.90000 1.00000 -0.80000, -6.05000 0.10000 7.55000"
115,0.0000,Tx-Rx,0,-91.0382,"3.90000 1.00000 -0.80000, -6.35000 0.10000 7.55000"
116,0.0000,Tx-Rx,0,-87.0455,"3.90000 1.00000 -0.80000, -6.65000 0.10000 7.55000"
117,0.0000,Tx-Rx,0,-88.6222,"3.90000 1.00000 -0.80000, -6.95000 0.10000 7.55000"
118,0.0000,Tx-Rx,0,-88.6865,"3.90000 1.00000 -0.80000, -7.25000 0.10000 7.55000"
119,0.0000,Tx-Rx,0,-87.0321,"3.90000 1.00000 -0.80000, -7.55000 0.10000 7.55000"
120,0.0000,Tx-Rx,0,-84.6122,"3.90000 1.00000 -0.80000, -7.85000 0.10000 7.55000"
121,0.0000,Tx-Rx,0,-90.2320,"3.90000 1.00000 -0.80000, 9.85000 0.10000 7.25000"
122,0.0000,Tx-Rx,0,-90.5740,"3.90000 1.00000 -0.80000, 9.55000 0.10000 7.25000"
123,0.0000,Tx-Rx,0,-90.7543,"3.90000 1.00000 -0.80000, 9.25000 0.10000 7.25000"
124,0.0000,Tx-Rx,0,-89.1953,"3.90000 1.00000 -0.80000, 8.95000 0.10000 7.25000"
125,0.0000,Tx-Rx,0,-84.3799,"3.90000 1.00000 -0.80000, 8.65000 0.10000 7.25000"
126,0.0000,Tx-Rx,0,-82.5166,"3.90000 1.00000 -0.80000, 8.35000 0.10000 7.25000"
127,0.0000,Tx-Rx,0,-58.7298,"3.90000 1.00000 -0.80000, 8.05000 0.10000 7.25000"
128,0.0000,Tx-Rx,0,-54.8682,"3.90000 1.00000 -0.80000, 7.75000 0.10000 7.25000"
129,0.0000,Tx-Rx,0,-55.0619,"3.90000 1.00000 -0.80000, 7.45000 0.10000 7.25000"
130,0.0000,Tx-Rx,0,-56.7294,"3.90000 1.00000 -0.80000, 7.15000 0.10000 7.25000"
131,0.0000,Tx-Rx,0,-57.0154,"3.90000 1.00000 -0.80000, 6.85000 0.10000 7.25000"
132,0.0000,Tx-Rx,0,-56.4584,"3.90000 1.00000 -0.80000, 6.55000 0.10000 7.25000"
133,0.0000,Tx-Rx,0,-55.1730,"3.90000 1.00000 -0.80000, 6.25000 0.10000 7.25000"
134,0.0000,Tx-Rx,0,-55.1784,"3.90000 1.00000 -0.80000, 5.95000 0.10000 7.25000"
135,0.0000,Tx-Rx,0,-53.7537,"3.90000 1.00000 -0.80000, 5.65000 0.10000 7.25000"
136,0.0000,Tx-Rx,0,-53.5428,"3.90000 1.00000 -0.80000, 5.35000 0.10000 7.25000"
137,0.0000,Tx-Rx,0,-53.1914,"3.90000 1.00000 -0.80000, 5.05000 0.10000 7.25000"
138,0.0000,Tx-Rx,0,-52.9308,"3.90000 1.00000 -0.80000, 4.75000 0.10000 7.25000"
139,0.0000,Tx-Rx,0,-52.7136,"3.90000 1.00000 -0.80000, 4.45000 0.10000 7.25000"
140,0.0000,Tx-Rx,0,-52.5346,"3.90000 1.00000 -0.80000, 4.15000 0.10000 7.25000"
141,0.0000,Tx-Rx,0,-52.5365,"3.90000 1.00000 -0.80000, 3.85000 0.10000 7.25000"
142,0.0000,Tx-Rx,0,-52.5821,"3.90000 1.00000 -0.80000, 3.55000 0.10000 7.25000"
143,0.0000,Tx-Rx,0,-52.8046,"3.90000 1.00000 -0.80000, 3.25000 0.10000 7.25000"
144,0.0000,Tx-Rx,0,-53.1475,"3.90000 1.00000 -0.80000, 2.95000 0.10000 7.25000"
145,0.0000,Tx-Rx,0,-53.4770,"3.90000 1.00000 -0.80000, 2.65000 0.10000 7.25000"
146,0.0000,Tx-Rx,0,-53.5291,"3.90000 1.00000 -0.80000, 2.35000 0.10000 7.25000"
147,0.0000,Tx-Rx,0,-53.5561,"3.90000 1.00000 -0.80000, 2.05000 0.10000 7.25000"
148,0.0000,Tx-Rx,0,-53.4889,"3.90000 1.00000 -0.80000, 1.75000 0.10000 7.25000"
149,0.0000,Tx-Rx,0,-53.5712,"3.90000 1.00000 -0.80000, 1.45000 0.10000 7.25000"
150,0.0000,Tx-Rx,0,-53.4827,"3.90000 1.00000 -0.80000, 1.15000 0.10000 7.25000"
151,0.0000,Tx-Rx,0,-52.5033,"3.90000 1.00000 -0.80000, 0.85000 0.10000 7.25000"
152,0.0000,Tx-Rx,0,-51.8319,"3.90000 1.00000 -0.80000, 0.55000 0.10000 7.25000"
153,0.0000,Tx-Rx,0,-51.8650,"3.90000 1.00000 -0.80000, 0.25000 0.10000 7.25000"
154,0.0000,Tx-Rx,0,-56.6604,"3.90000 1.00000 -0.80000, -0.05000 0.10000 7.25000"
155,0.0000,Tx-Rx,0,-75.7113,"3.90000 1.00000 -0.80000, -0.35000 0.10000 7.25000"
156,0.0000,Tx-Rx,0,-72.6754,"3.90000 1.00000 -0.80000, -0.65000 0.10000 7.25000"
157,0.0000,Tx-Rx,0,-73.5347,"3.90000 1.00000 -0.80000, -0.95000 0.10000 7.25000"
158,0.0000,Tx-Rx,0,-73.8424,"3.90000 1.00000 -0.80000, -1.25000 0.10000 7.25000"
159,0.0000,Tx-Rx,0,-73.1055,"3.90000 1.00000 -0.80000, -1.55000 0.10000 7.25000"
160,0.0000,Tx-Rx,0,-80.3569,"3.90000 1.00000 -0.80000, -1.85000 0.10000 7.25000"
161,0.0000,Tx-Rx,0,-78.0843,"3.90000 1.00000 -0.80000, -2.15000 0.10000 7.25000"
162,0.0000,Tx-Rx,0,-69.9761,"3.90000 1.00000 -0.80000, -2.45000 0.10000 7.25000"
163,0.0000,Tx-Rx,0,-81.5172,"3.90000 1.00000 -0.80000, -2.75000 0.10000 7.25000"
164,0.0000,Tx-Rx,0,-85.3348,"3.90000 1.00000 -0.80000, -3.05000 0.10000 7.25000"
165,0.0000,Tx-Rx,0,-86.2680,"3.90000 1.00000 -0.80000, -3.35000 0.10000 7.25000"
166,0.0000,Tx-Rx,0,-76.4526,"3.90000 1.00000 -0.80000, -3.65000 0.10000 7.25000"
167,0.0000,Tx-Rx,0,-69.7596,"3.90000 1.00000 -0.80000, -3.95000 0.10000 7.25000"
168,0.0000,Tx-Rx,0,-73.7181,"3.90000 1.00000 -0.80000, -4.25000 0.10000 7.25000"
169,0.0000,Tx-Rx,0,-84.4721,"3.90000 1.00000 -0.80000, -4.55000 0.10000 7.25000"
170,0.0000,Tx-Rx,0,-93.3490,"3.90000 1.00000 -0.80000, -4.85000 0.10000 7.25000"
171,0.0000,Tx-Rx,0,-95.2460,"3.90000 1.00000 -0.80000, -5.15000 0.10000 7.25000"
172,0.0000,Tx-Rx,0,-95.1588,"3.90000 1.00000 -0.80000, -5.45000 0.10000 7.25000"
173,0.0000,Tx-Rx,0,-79.1888,"3.90000 1.00000 -0.80000, -5.75000 0.10000 7.25000"
174,0.0000,Tx-Rx,0,-92.7280,"3.90000 1.00000 -0.80000, -6.05000 0.10000 7.25000"
175,0.0000,Tx-Rx,0,-89.0444,"3.90000 1.00000 -0.80000, -6.35000 0.10000 7.25000"
176,0.0000,Tx-Rx,0,-85.4921,"3.90000 1.00000 -0.80000, -6.65000 0.10000 7.25000"
177,0.0000,Tx-Rx,0,-89.5752,"3.90000 1.00000 -0.80000, -6.95000 0.10000 7.25000"
178,0.0000,Tx-Rx,0,-88.8254,"3.90000 1.00000 -0.80000, -7.25000 0.10000 7.25000"
179,0.0000,Tx-Rx,0,-88.5713,"3.90000 1.00000 -0.80000, -7.55000 0.10000 7.25000"
180,0.0000,Tx-Rx,0,-83.3228,"3.90000 1.00000 -0.80000, -7.85000 0.10000 7.25000"
181,0.0000,Tx-Rx,0,-91.6558,"3.90000 1.00000 -0.80000, 9.85000 0.10000 6.95000"
182,0.0000,Tx-Rx,0,-90.9330,"3.90000 1.00000 -0.80000, 9.55000 0.10000 6.95000"
183,0.0000,Tx-Rx,0,-90.6274,"3.90000 1.00000 -0.80000, 9.25000 0.10000 6.95000"
184,0.0000,Tx-Rx,0,-91.2050,"3.90000 1.00000 -0.80000, 8.95000 0.10000 6.95000"
185,0.0000,Tx-Rx,0,-85.9271,"3.90000 1.00000 -0.80000, 8.65000 0.10000 6.95000"
186,0.0000,Tx-Rx,0,-82.8185,"3.90000 1.00000 -0.80000, 8.35000 0.10000 6.95000"
187,0.0000,Tx-Rx,0,-56.2567,"3.90000 1.00000 -0.80000, 8.05000 0.10000 6.95000"
188,0.0000,Tx-Rx,0,-51.4698,"3.90000 1.00000 -0.80000, 7.75000 0.10000 6.95000"
189,0.0000,Tx-Rx,0,-51.8133,"3.90000 1.00000 -0.80000, 7.45000 0.10000 6.95000"
190,0.0000,Tx-Rx,0,-53.4301,"3.90000 1.00000 -0.80000, 7.15000 0.10000 6.95000"
191,0.0000,Tx-Rx,0,-53.3024,"3.90000 1.00000 -0.80000, 6.85000 0.10000 6.95000"
192,0.0000,Tx-Rx,0,-56.2379,"3.90000 1.00000 -0.80000, 6.55000 0.10000 6.95000"
193,0.0000,Tx-Rx,0,-54.4050,"3.90000 1.00000 -0.80000, 6.25000 0.10000 6.95000"
194,0.0000,Tx-Rx,0,-55.8781,"3.90000 1.00000 -0.80000, 5.95000 0.10000 6.95000"
195,0.0000,Tx-Rx,0,-53.1665,"3.90000 1.00000 -0.80000, 5.65000 0.10000 6.95000"
196,0.0000,Tx-Rx,0,-54.0016,"3.90000 1.00000 -0.80000, 5.35000 0.10000 6.95000"
197,0.0000,Tx-Rx,0,-52.6279,"3.90000 1.00000 -0.80000, 5.05000 0.10000 6.95000"
198,0.0000,Tx-Rx,0,-52.1135,"3.90000 1.00000 -0.80000, 4.75000 0.10000 6.95000"
199,0.0000,Tx-Rx,0,-52.5541,"3.90000 1.00000 -0.80000, 4.45000 0.10000 6.95000"
200,0.0000,Tx-Rx,0,-52.7365,"3.90000 1.00000 -0.80000, 4.15000 0.10000 6.95000"
201,0.0000,Tx-Rx,0,-52.5665,"3.90000 1.00000 -0.80000, 3.85000 0.10000 6.95000"
202,0.0000,Tx-Rx,0,-52.7728,"3.90000 1.00000 -0.80000, 3.55000 0.10000 6.95000"
203,0.0000,Tx-Rx,0,-52.7571,"3.90000 1.00000 -0.80000, 3.25000 0.10000 6.95000"
204,0.0000,Tx-Rx,0,-52.5841,"3.90000 1.00000 -0.80000, 2.95000 0.10000 6.95000"
205,0.0000,Tx-Rx,0,-53.0282,"3.90000 1.00000 -0.80000, 2.65000 0.10000 6.95000"
206,0.0000,Tx-Rx,0,-53.1905,"3.90000 1.00000 -0.80000, 2.35000 0.10000 6.95000"
207,0.0000,Tx-Rx,0,-53.2322,"3.90000 1.00000 -0.80000, 2.05000 0.10000 6.95000"
208,0.0000,Tx-Rx,0,-53.2063,"3.90000 1.00000 -0.80000, 1.75000 0.10000 6.95000"
209,0.0000,Tx-Rx,0,-53.3529,"3.90000 1.00000 -0.80000, 1.45000 0.10000 6.95000"
210,0.0000,Tx-Rx,0,-53.1300,"3.90000 1.00000 -0.80000, 1.15000 0.10000 6.95000"
211,0.0000,Tx-Rx,0,-52.6842,"3.90000 1.00000 -0.80000, 0.85000 0.10000 6.95000"
212,0.0000,Tx-Rx,0,-51.6010,"3.90000 1.00000 -0.80000, 0.55000 0.10000 6.95000"
213,0.0000,Tx-Rx,0,-51.6038,"3.90000 1.00000 -0.80000, 0.25000 0.10000 6.95000"
214,0.0000,Tx-Rx,0,-56.3157,"3.90000 1.00000 -0.80000, -0.05000 0.10000 6.95000"
215,0.0000,Tx-Rx,0,-77.3369,"3.90000 1.00000 -0.80000, -0.35000 0.10000 6.95000"
216,0.0000,Tx-Rx,0,-73.6831,"3.90000 1.00000 -0.80000, -0.65000 0.10000 6.95000"
217,0.0000,Tx-Rx,0,-72.8434,"3.90000 1.00000 -0.80000, -0.95000 0.10000 6.95000"
218,0.0000,Tx-Rx,0,-75.8227,"3.90000 1.00000 -0.80000, -1.25000 0.10000 6.95000"
219,0.0000,Tx-Rx,0,-71.6409,"3.90000 1.00000 -0.80000, -1.55000 0.10000 6.95000"
220,0.0000,Tx-Rx,0,-78.6199,"3.90000 1.00000 -0.80000, -1.85000 0.10000 6.95000"
221,0.0000,Tx-Rx,0,-77.8689,"3.90000 1.00000 -0.80000, -2.15000 0.10000 6.95000"
222,0.0000,Tx-Rx,0,-68.9106,"3.90000 1.00000 -0.80000, -2.45000 0.10000 6.95000"
223,0.0000,Tx-Rx,0,-72.8620,"3.90000 1.00000 -0.80000, -2.75000 0.10000 6.95000"
224,0.0000,Tx-Rx,0,-73.1465,"3.90000 1.00000 -0.80000, -3.05000 0.10000 6.95000"
225,0.0000,Tx-Rx,0,-77.4603,"3.90000 1.00000 -0.80000, -3.35000 0.10000 6.95000"
226,0.0000,Tx-Rx,0,-71.0983,"3.90000 1.00000 -0.80000, -3.65000 0.10000 6.95000"
227,0.0000,Tx-Rx,0,-70.9144,"3.90000 1.00000 -0.80000, -3.95000 0.10000 6.95000"
228,0.0000,Tx-Rx,0,-73.5300,"3.90000 1.00000 -0.80000, -4.25000 0.10000 6.95000"
229,0.0000,Tx-Rx,0,-79.7859,"3.90000 1.00000 -0.80000, -4.55000 0.10000 6.95000"
230,0.0000,Tx-Rx,0,-87.6897,"3.90000 1.00000 -0.80000, -4.85000 0.10000 6.95000"
231,0.0000,Tx-Rx,0,-90.0242,"3.90000 1.00000 -0.80000, -5.15000 0.10000 6.95000"
232,0.0000,Tx-Rx,0,-88.6867,"3.90000 1.00000 -0.80000, -5.45000 0.10000 6.95000"
233,0.0000,Tx-Rx,0,-82.2371,"3.90000 1.00000 -0.80000, -5.75000 0.10000 6.95000"
234,0.0000,Tx-Rx,0,-88.1787,"3.90000 1.00000 -0.80000, -6.05000 0.10000 6.95000"
235,0.0000,Tx-Rx,0,-89.5656,"3.90000 1.00000 -0.80000, -6.35000 0.10000 6.95000"
236,0.0000,Tx-Rx,0,-85.9465,"3.90000 1.00000 -0.80000, -6.65000 0.10000 6.95000"
237,0.0000,Tx-Rx,0,-88.4684,"3.90000 1.00000 -0.80000, -6.95000 0.10000 6.95000"
238,0.0000,Tx-Rx,0,-84.7123,"3.90000 1.00000 -0.80000, -7.25000 0.10000 6.95000"
239,0.0000,Tx-Rx,0,-82.5866,"3.90000 1.00000 -0.80000, -7.55000 0.10000 6.95000"
240,0.0000,Tx-Rx,0,-80.0154,"3.90000 1.00000 -0.80000, -7.85000 0.10000 6.95000"
241,0.0000,Tx-Rx,0,-92.7204,"3.90000 1.00000 -0.80000, 9.85000 0.10000 6.65000"
242,0.0000,Tx-Rx,0,-90.6112,"3.90000 1.00000 -0.80000, 9.55000 0.10000 6.65000"
243,0.0000,Tx-Rx,0,-90.0442,"3.90000 1.00000 -0.80000, 9.25000 0.10000 6.65000"
244,0.0000,Tx-Rx,0,-89.6541,"3.90000 1.00000 -0.80000, 8.95000 0.10000 6.65000"
245,0.0000,Tx-Rx,0,-88.7259,"3.90000 1.00000 -0.80000, 8.65000 0.10000 6.65000"
246,0.0000,Tx-Rx,0,-82.3051,"3.90000 1.00000 -0.80000, 8.35000 0.10000 6.65000"
247,0.0000,Tx-Rx,0,-55.9782,"3.90000 1.00000 -0.80000, 8.05000 0.10000 6.65000"
248,0.0000,Tx-Rx,0,-51.3680,"3.90000 1.00000 -0.80000, 7.75000 0.10000 6.65000"
249,0.0000,Tx-Rx,0,-52.1024,"3.90000 1.00000 -0.80000, 7.45000 0.10000 6.65000"
250,0.0000,Tx-Rx,0,-52.8585,"3.90000 1.00000 -0.80000, 7.15000 0.10000 6.65000"
251,0.0000,Tx-Rx,0,-53.5009,"3.90000 1.00000 -0.80000, 6.85000 0.10000 6.65000"
252,0.0000,Tx-Rx,0,-58.4595,"3.90000 1.00000 -0.80000, 6.55000 0.10000 6.65000"
253,0.0000,Tx-Rx,0,-57.7370,"3.90000 1.00000 -0.80000, 6.25000 0.10000 6.65000"
254,0.0000,Tx-Rx,0,-57.8193,"3.90000 1.00000 -0.80000, 5.95000 0.10000 6.65000"
255,0.0000,Tx-Rx,0,-56.1345,"3.90000 1.00000 -0.80000, 5.65000 0.10000 6.65000"
256,0.0000,Tx-Rx,0,-56.7103,"3.90000 1.00000 -0.80000, 5.35000 0.10000 6.65000"
257,0.0000,Tx-Rx,0,-55.2940,"3.90000 1.00000 -0.80000, 5.05000 0.10000 6.65000"
258,0.0000,Tx-Rx,0,-54.9049,"3.90000 1.00000 -0.80000, 4.75000 0.10000 6.65000"
259,0.0000,Tx-Rx,0,-54.9870,"3.90000 1.00000 -0.80000, 4.45000 0.10000 6.65000"
260,0.0000,Tx-Rx,0,-55.6796,"3.90000 1.00000 -0.80000, 4.15000 0.10000 6.65000"
261,0.0000,Tx-Rx,0,-56.3612,"3.90000 1.00000 -0.80000, 3.85000 0.10000 6.65000"
262,0.0000,Tx-Rx,0,-55.5462,"3.90000 1.00000 -0.80000, 3.55000 0.10000 6.65000"
263,0.0000,Tx-Rx,0,-55.1441,"3.90000 1.00000 -0.80000, 3.25000 0.10000 6.65000"
264,0.0000,Tx-Rx,0,-54.8962,"3.90000 1.00000 -0.80000, 2.95000 0.10000 6.65000"
265,0.0000,Tx-Rx,0,-54.8413,"3.90000 1.00000 -0.80000, 2.65000 0.10000 6.65000"
266,0.0000,Tx-Rx,0,-55.4481,"3.90000 1.00000 -0.80000, 2.35000 0.10000 6.65000"
267,0.0000,Tx-Rx,0,-55.4580,"3.90000 1.00000 -0.80000, 2.05000 0.10000 6.65000"
268,0.0000,Tx-Rx,0,-55.4846,"3.90000 1.00000 -0.80000, 1.75000 0.10000 6.65000"
269,0.0000,Tx-Rx,0,-55.3101,"3.90000 1.00000 -0.80000, 1.45000 0.10000 6.65000"
270,0.0000,Tx-Rx,0,-52.6014,"3.90000 1.00000 -0.80000, 1.15000 0.10000 6.65000"
271,0.0000,Tx-Rx,0,-52.6222,"3.90000 1.00000 -0.80000, 0.85000 0.10000 6.65000"
272,0.0000,Tx-Rx,0,-51.8032,"3.90000 1.00000 -0.80000, 0.55000 0.10000 6.65000"
273,0.0000,Tx-Rx,0,-51.5000,"3.90000 1.00000 -0.80000, 0.25000 0.10000 6.65000"
274,0.0000,Tx-Rx,0,-56.3099,"3.90000 1.00000 -0.80000, -0.05000 0.10000 6.65000"
275,0.0000,Tx-Rx,0,-78.1004,"3.90000 1.00000 -0.80000, -0.35000 0.10000 6.65000"
276,0.0000,Tx-Rx,0,-75.9262,"3.90000 1.00000 -0.80000, -0.65000 0.10000 6.65000"
277,0.0000,Tx-Rx,0,-72.5521,"3.90000 1.00000 -0.80000, -0.95000 0.10000 6.65000"
278,0.0000,Tx-Rx,0,-74.1414,"3.90000 1.00000 -0.80000, -1.25000 0.10000 6.65000"
279,0.0000,Tx-Rx,0,-72.2785,"3.90000 1.00000 -0.80000, -1.55000 0.10000 6.65000"
280,0.0000,Tx-Rx,0,-75.3494,"3.90000 1.00000 -0.80000, -1.85000 0.10000 6.65000"
281,0.0000,Tx-Rx,0,-76.5559,"3.90000 1.00000 -0.80000, -2.15000 0.10000 6.65000"
282,0.0000,Tx-Rx,0,-67.9641,"3.90000 1.00000 -0.80000, -2.45000 0.10000 6.65000"
283,0.0000,Tx-Rx,0,-67.6865,"3.90000 1.00000 -0.80000, -2.75000 0.10000 6.65000"
284,0.0000,Tx-Rx,0,-67.9590,"3.90000 1.00000 -0.80000, -3.05000 0.10000 6.65000"
285,0.0000,Tx-Rx,0,-74.1304,"3.90000 1.00000 -0.80000, -3.35000 0.10000 6.65000"
286,0.0000,Tx-Rx,0,-69.6143,"3.90000 1.00000 -0.80000, -3.65000 0.10000 6.65000"
287,0.0000,Tx-Rx,0,-72.6680,"3.90000 1.00000 -0.80000, -3.95000 0.10000 6.65000"
288,0.0000,Tx-Rx,0,-73.9675,"3.90000 1.00000 -0.80000, -4.25000 0.10000 6.65000"
289,0.0000,Tx-Rx,0,-76.7527,"3.90000 1.00000 -0.80000, -4.55000 0.10000 6.65000"
290,0.0000,Tx-Rx,0,-79.8421,"3.90000 1.00000 -0.80000, -4.85000 0.10000 6.65000"
291,0.0000,Tx-Rx,0,-82.7077,"3.90000 1.00000 -0.80000, -5.15000 0.10000 6.65000"
292,0.0000,Tx-Rx,0,-82.4147,"3.90000 1.00000 -0.80000, -5.45000 0.10000 6.65000"
293,0.0000,Tx-Rx,0,-75.8575,"3.90000 1.00000 -0.80000, -5.75000 0.10000 6.65000"
294,0.0000,Tx-Rx,0,-84.8878,"3.90000 1.00000 -0.80000, -6.05000 0.10000 6.65000"
295,0.0000,Tx-Rx,0,-83.5880,"3.90000 1.00000 -0.80000, -6.35000 0.10000 6.65000"
296,0.0000,Tx-Rx,0,-83.9781,"3.90000 1.00000 -0.80000, -6.65000 0.10000 6.65000"
297,0.0000,Tx-Rx,0,-81.0420,"3.90000 1.00000 -0.80000, -6.95000 0.10000 6.65000"
298,0.0000,Tx-Rx,0,-77.4885,"3.90000 1.00000 -0.80000, -7.25000 0.10000 6.65000"
299,0.0000,Tx-Rx,0,-76.1638,"3.90000 1.00000 -0.80000, -7.55000 0.10000 6.65000"
300,0.0000,Tx-Rx,0,-76.3167,"3.90000 1.00000 -0.80000, -7.85000 0.10000 6.65000"
301,0.0000,Tx-Rx,0,-91.6320,"3.90000 1.00000 -0.80000, 9.85000 0.10000 6.35000"
302,0.0000,Tx-Rx,0,-92.3650,"3.90000 1.00000 -0.80000, 9.55000 0.10000 6.35000"
303,0.0000,Tx-Rx,0,-90.6266,"3.90000 1.00000 -0.80000, 9.25000 0.10000 6.35000"
304,0.0000,Tx-Rx,0,-90.5546,"3.90000 1.00000 -0.80000, 8.95000 0.10000 6.35000"
305,0.0000,Tx-Rx,0,-90.6087,"3.90000 1.00000 -0.80000, 8.65000 0.10000 6.35000"
306,0.0000,Tx-Rx,0,-85.4932,"3.90000 1.00000 -0.80000, 8.35000 0.10000 6.35000"
307,0.0000,Tx-Rx,0,-56.1845,"3.90000 1.00000 -0.80000, 8.05000 0.10000 6.35000"
308,0.0000,Tx-Rx,0,-51.7267,"3.90000 1.00000 -0.80000, 7.75000 0.10000 6.35000"
309,0.0000,Tx-Rx,0,-52.1001,"3.90000 1.00000 -0.80000, 7.45000 0.10000 6.35000"
310,0.0000,Tx-Rx,0,-52.2607,"3.90000 1.00000 -0.80000, 7.15000 0.10000 6.35000"
311,0.0000,Tx-Rx,0,-53.9489,"3.90000 1.00000 -0.80000, 6.85000 0.10000 6.35000"
312,0.0000,Tx-Rx,0,-54.4523,"3.90000 1.00000 -0.80000, 6.55000 0.10000 6.35000"
313,0.0000,Tx-Rx,0,-58.9691,"3.90000 1.00000 -0.80000, 6.25000 0.10000 6.35000"
314,0.0000,Tx-Rx,0,-58.3366,"3.90000 1.00000 -0.80000, 5.95000 0.10000 6.35000"
315,0.0000,Tx-Rx,0,-57.1206,"3.90000 1.00000 -0.80000, 5.65000 0.10000 6.35000"
316,0.0000,Tx-Rx,0,-57.3367,"3.90000 1.00000 -0.80000, 5.35000 0.10000 6.35000"
317,0.0000,Tx-Rx,0,-56.9038,"3.90000 1.00000 -0.80000, 5.05000 0.10000 6.35000"
318,0.0000,Tx-Rx,0,-57.3003,"3.90000 1.00000 -0.80000, 4.75000 0.10000 6.35000"
319,0.0000,Tx-Rx,0,-57.4713,"3.90000 1.00000 -0.80000, 4.45000 0.10000 6.35000"
320,0.0000,Tx-Rx,0,-58.0868,"3.90000 1.00000 -0.80000, 4.15000 0.10000 6.35000"
321,0.0000,Tx-Rx,0,-59.3100,"3.90000 1.00000 -0.80000, 3.85000 0.10000 6.35000"
322,0.0000,Tx-Rx,0,-59.2698,"3.90000 1.00000 -0.80000, 3.55000 0.10000 6.35000"
323,0.0000,Tx-Rx,0,-57.7962,"3.90000 1.00000 -0.80000, 3.25000 0.10000 6.35000"
324,0.0000,Tx-Rx,0,-56.9022,"3.90000 1.00000 -0.80000, 2.95000 0.10000 6.35000"
325,0.0000,Tx-Rx,0,-56.8313,"3.90000 1.00000 -0.80000, 2.65000 0.10000 6.35000"
326,0.0000,Tx-Rx,0,-56.4995,"3.90000 1.00000 -0.80000, 2.35000 0.10000 6.35000"
327,0.0000,Tx-Rx,0,-57.9095,"3.90000 1.00000 -0.80000, 2.05000 0.10000 6.35000"
328,0.0000,Tx-Rx,0,-58.5393,"3.90000 1.00000 -0.80000, 1.75000 0.10000 6.35000"
329,0.0000,Tx-Rx,0,-57.5038,"3.90000 1.00000 -0.80000, 1.45000 0.10000 6.35000"
330,0.0000,Tx-Rx,0,-52.3658,"3.90000 1.00000 -0.80000, 1.15000 0.10000 6.35000"
331,0.0000,Tx-Rx,0,-52.3793,"3.90000 1.00000 -0.80000, 0.85000 0.10000 6.35000"
332,0.0000,Tx-Rx,0,-52.0099,"3.90000 1.00000 -0.80000, 0.55000 0.10000 6.35000"
333,0.0000,Tx-Rx,0,-51.4755,"3.90000 1.00000 -0.80000, 0.25000 0.10000 6.35000"
334,0.0000,Tx-Rx,0,-56.2829,"3.90000 1.00000 -0.80000, -0.05000 0.10000 6.35000"
335,0.0000,Tx-Rx,0,-77.2450,"3.90000 1.00000 -0.80000, -0.35000 0.10000 6.35000"
336,0.0000,Tx-Rx,0,-78.0983,"3.90000 1.00000 -0.80000, -0.65000 0.10000 6.35000"
337,0.0000,Tx-Rx,0,-73.0376,"3.90000 1.00000 -0.80000, -0.95000 0.10000 6.35000"
338,0.0000,Tx-Rx,0,-72.4490,"3.90000 1.00000 -0.80000, -1.25000 0.10000 6.35000"
339,0.0000,Tx-Rx,0,-75.2999,"3.90000 1.00000 -0.80000, -1.55000 0.10000 6.35000"
340,0.0000,Tx-Rx,0,-73.4797,"3.90000 1.00000 -0.80000, -1.85000 0.10000 6.35000"
341,0.0000,Tx-Rx,0,-71.3852,"3.90000 1.00000 -0.80000, -2.15000 0.10000 6.35000"
342,0.0000,Tx-Rx,0,-67.6343,"3.90000 1.00000 -0.80000, -2.45000 0.10000 6.35000"
343,0.0000,Tx-Rx,0,-67.4355,"3.90000 1.00000 -0.80000, -2.75000 0.10000 6.35000"
344,0.0000,Tx-Rx,0,-69.0956,"3.90000 1.00000 -0.80000, -3.05000 0.10000 6.35000"
345,0.0000,Tx-Rx,0,-72.3298,"3.90000 1.00000 -0.80000, -3.35000 0.10000 6.35000"
346,0.0000,Tx-Rx,0,-70.1959,"3.90000 1.00000 -0.80000, -3.65000 0.10000 6.35000"
347,0.0000,Tx-Rx,0,-73.0412,"3.90000 1.00000 -0.80000, -3.95000 0.10000 6.35000"
348,0.0000,Tx-Rx,0,-76.8116,"3.90000 1.00000 -0.80000, -4.25000 0.10000 6.35000"
349,0.0000,Tx-Rx,0,-77.8691,"3.90000 1.00000 -0.80000, -4.55000 0.10000 6.35000"
350,0.0000,Tx-Rx,0,-77.7953,"3.90000 1.00000 -0.80000, -4.85000 0.10000 6.35000"
351,0.0000,Tx-Rx,0,-80.2048,"3.90000 1.00000 -0.80000, -5.15000 0.10000 6.35000"
352,0.0000,Tx-Rx,0,-81.3231,"3.90000 1.00000 -0.80000, -5.45000 0.10000 6.35000"
353,0.0000,Tx-Rx,0,-76.8056,"3.90000 1.00000 -0.80000, -5.75000 0.10000 6.35000"
354,0.0000,Tx-Rx,0,-82.1502,"3.90000 1.00000 -0.80000, -6.05000 0.10000 6.35000"
355,0.0000,Tx-Rx,0,-84.9106,"3.90000 1.00000 -0.80000, -6.35000 0.10000 6.35000"
356,0.0000,Tx-Rx,0,-81.1628,"3.90000 1.00000 -0.80000, -6.65000 0.10000 6.35000"
357,0.0000,Tx-Rx,0,-77.6435,"3.90000 1.00000 -0.80000, -6.95000 0.10000 6.35000"
358,0.0000,Tx-Rx,0,-76.7023,"3.90000 1.00000 -0.80000, -7.25000 0.10000 6.35000"
359,0.0000,Tx-Rx,0,-76.0362,"3.90000 1.00000 -0.80000, -7.55000 0.10000 6.35000"
360,0.0000,Tx-Rx,0,-77.8455,"3.90000 1.00000 -0.80000, -7.85000 0.10000 6.35000"
361,0.0000,Tx-Rx,0,-85.2804,"3.90000 1.00000 -0.80000, 9.85000 0.10000 6.05000"
362,0.0000,Tx-Rx,0,-90.0539,"3.90000 1.00000 -0.80000, 9.55000 0.10000 6.05000"
363,0.0000,Tx-Rx,0,-90.2044,"3.90000 1.00000 -0.80000, 9.25000 0.10000 6.05000"
364,0.0000,Tx-Rx,0,-88.7555,"3.90000 1.00000 -0.80000, 8.95000 0.10000 6.05000"
365,0.0000,Tx-Rx,0,-87.8267,"3.90000 1.00000 -0.80000, 8.65000 0.10000 6.05000"
366,0.0000,Tx-Rx,0,-87.9065,"3.90000 1.00000 -0.80000, 8.35000 0.10000 6.05000"
367,0.0000,Tx-Rx,0,-56.0714,"3.90000 1.00000 -0.80000, 8.05000 0.10000 6.05000"
368,0.0000,Tx-Rx,0,-51.9805,"3.90000 1.00000 -0.80000, 7.75000 0.10000 6.05000"
369,0.0000,Tx-Rx,0,-51.7421,"3.90000 1.00000 -0.80000, 7.45000 0.10000 6.05000"
370,0.0000,Tx-Rx,0,-52.1550,"3.90000 1.00000 -0.80000, 7.15000 0.10000 6.05000"
371,0.0000,Tx-Rx,0,-53.5185,"3.90000 1.00000 -0.80000, 6.85000 0.10000 6.05000"
372,0.0000,Tx-Rx,0,-53.7703,"3.90000 1.00000 -0.80000, 6.55000 0.10000 6.05000"
373,0.0000,Tx-Rx,0,-58.1513,"3.90000 1.00000 -0.80000, 6.25000 0.10000 6.05000"
374,0.0000,Tx-Rx,0,-57.7549,"3.90000 1.00000 -0.80000, 5.95000 0.10000 6.05000"
375,0.0000,Tx-Rx,0,-56.3976,"3.90000 1.00000 -0.80000, 5.65000 0.10000 6.05000"
376,0.0000,Tx-Rx,0,-57.5024,"3.90000 1.00000 -0.80000, 5.35000 0.10000 6.05000"
377,0.0000,Tx-Rx,0,-57.4090,"3.90000 1.00000 -0.80000, 5.05000 0.10000 6.05000"
378,0.0000,Tx-Rx,0,-58.0256,"3.90000 1.00000 -0.80000, 4.75000 0.10000 6.05000"
379,0.0000,Tx-Rx,0,-59.4134,"3.90000 1.00000 -0.80000, 4.45000 0.10000 6.05000"
380,0.0000,Tx-Rx,0,-58.8517,"3.90000 1.00000 -0.80000, 4.15000 0.10000 6.05000"
381,0.0000,Tx-Rx,0,-58.3901,"3.90000 1.00000 -0.80000, 3.85000 0.10000 6.05000"
382,0.0000,Tx-Rx,0,-59.1757,"3.90000 1.00000 -0.80000, 3.55000 0.10000 6.05000"
383,0.0000,Tx-Rx,0,-59.3616,"3.90000 1.00000 -0.80000, 3.25000 0.10000 6.05000"
384,0.0000,Tx-Rx,0,-58.1052,"3.90000 1.00000 -0.80000, 2.95000 0.10000 6.05000"
385,0.0000,Tx-Rx,0,-56.8562,"3.90000 1.00000 -0.80000, 2.65000 0.10000 6.05000"
386,0.0000,Tx-Rx,0,-56.4501,"3.90000 1.00000 -0.80000, 2.35000 0.10000 6.05000"
387,0.0000,Tx-Rx,0,-56.4668,"3.90000 1.00000 -0.80000, 2.05000 0.10000 6.05000"
388,0.0000,Tx-Rx,0,-58.4439,"3.90000 1.00000 -0.80000, 1.75000 0.10000 6.05000"
389,0.0000,Tx-Rx,0,-56.5922,"3.90000 1.00000 -0.80000, 1.45000 0.10000 6.05000"
390,0.0000,Tx-Rx,0,-51.9993,"3.90000 1.00000 -0.80000, 1.15000 0.10000 6.05000"
391,0.0000,Tx-Rx,0,-52.0906,"3.90000 1.00000 -0.80000, 0.85000 0.10000 6.05000"
392,0.0000,Tx-Rx,0,-51.8064,"3.90000 1.00000 -0.80000, 0.55000 0.10000 6.05000"
393,0.0000,Tx-Rx,0,-51.7706,"3.90000 1.00000 -0.80000, 0.25000 0.10000 6.05000"
394,0.0000,Tx-Rx,0,-56.0246,"3.90000 1.00000 -0.80000, -0.05000 0.10000 6.05000"
395,0.0000,Tx-Rx,0,-77.4910,"3.90000 1.00000 -0.80000, -0.35000 0.10000 6.05000"
396,0.0000,Tx-Rx,0,-78.6608,"3.90000 1.00000 -0.80000, -0.65000 0.10000 6.05000"
397,0.0000,Tx-Rx,0,-74.3691,"3.90000 1.00000 -0.80000, -0.95000 0.10000 6.05000"
398,0.0000,Tx-Rx,0,-71.5708,"3.90000 1.00000 -0.80000, -1.25000 0.10000 6.05000"
399,0.0000,Tx-Rx,0,-75.8436,"3.90000 1.00000 -0.80000, -1.55000 0.10000 6.05000"
400,0.0000,Tx-Rx,0,-71.2904,"3.90000 1.00000 -0.80000, -1.85000 0.10000 6.05000"
401,0.0000,Tx-Rx,0,-68.7282,"3.90000 1.00000 -0.80000, -2.15000 0.10000 6.05000"
402,0.0000,Tx-Rx,0,-67.3522,"3.90000 1.00000 -0.80000, -2.45000 0.10000 6.05000"
403,0.0000,Tx-Rx,0,-67.6940,"3.90000 1.00000 -0.80000, -2.75000 0.10000 6.05000"
404,0.0000,Tx-Rx,0,-71.6283,"3.90000 1.00000 -0.80000, -3.05000 0.10000 6.05000"
405,0.0000,Tx-Rx,0,-70.0669,"3.90000 1.00000 -0.80000, -3.35000 0.10000 6.05000"
406,0.0000,Tx-Rx,0,-72.3896,"3.90000 1.00000 -0.80000, -3.65000 0.10000 6.05000"
407,0.0000,Tx-Rx,0,-74.4313,"3.90000 1.00000 -0.80000, -3.95000 0.10000 6.05000"
408,0.0000,Tx-Rx,0,-79.6535,"3.90000 1.00000 -0.80000, -4.25000 0.10000 6.05000"
409,0.0000,Tx-Rx,0,-78.8369,"3.90000 1.00000 -0.80000, -4.55000 0.10000 6.05000"
410,0.0000,Tx-Rx,0,-78.2178,"3.90000 1.00000 -0.80000, -4.85000 0.10000 6.05000"
411,0.0000,Tx-Rx,0,-79.5169,"3.90000 1.00000 -0.80000, -5.15000 0.10000 6.05000"
412,0.0000,Tx-Rx,0,-80.0242,"3.90000 1.00000 -0.80000, -5.45000 0.10000 6.05000"
413,0.0000,Tx-Rx,0,-79.8279,"3.90000 1.00000 -0.80000, -5.75000 0.10000 6.05000"
414,0.0000,Tx-Rx,0,-84.5650,"3.90000 1.00000 -0.80000, -6.05000 0.10000 6.05000"
415,0.0000,Tx-Rx,0,-80.4018,"3.90000 1.00000 -0.80000, -6.35000 0.10000 6.05000"
416,0.0000,Tx-Rx,0,-78.7021,"3.90000 1.00000 -0.80000, -6.65000 0.10000 6.05000"
417,0.0000,Tx-Rx,0,-77.0633,"3.90000 1.00000 -0.80000, -6.95000 0.10000 6.05000"
418,0.0000,Tx-Rx,0,-76.0595,"3.90000 1.00000 -0.80000, -7.25000 0.10000 6.05000"
419,0.0000,Tx-Rx,0,-77.9219,"3.90000 1.00000 -0.80000, -7.55000 0.10000 6.05000"
420,0.0000,Tx-Rx,0,-77.3230,"3.90000 1.00000 -0.80000, -7.85000 0.10000 6.05000"
421,0.0000,Tx-Rx,0,-82.3743,"3.90000 1.00000 -0.80000, 9.85000 0.10000 5.75000"
422,0.0000,Tx-Rx,0,-85.2809,"3.90000 1.00000 -0.80000, 9.55000 0.10000 5.75000"
423,0.0000,Tx-Rx,0,-90.0078,"3.90000 1.00000 -0.80000, 9.25000 0.10000 5.75000"
424,0.0000,Tx-Rx,0,-88.8338,"3.90000 1.00000 -0.80000, 8.95000 0.10000 5.75000"
425,0.0000,Tx-Rx,0,-88.5783,"3.90000 1.00000 -0.80000, 8.65000 0.10000 5.75000"
426,0.0000,Tx-Rx,0,-87.0273,"3.90000 1.00000 -0.80000, 8.35000 0.10000 5.75000"
427,0.0000,Tx-Rx,0,-59.2218,"3.90000 1.00000 -0.80000, 8.05000 0.10000 5.75000"
428,0.0000,Tx-Rx,0,-51.9814,"3.90000 1.00000 -0.80000, 7.75000 0.10000 5.75000"
429,0.0000,Tx-Rx,0,-51.4680,"3.90000 1.00000 -0.80000, 7.45000 0.10000 5.75000"
430,0.0000,Tx-Rx,0,-51.8960,"3.90000 1.00000 -0.80000, 7.15000 0.10000 5.75000"
431,0.0000,Tx-Rx,0,-52.4657,"3.90000 1.00000 -0.80000, 6.85000 0.10000 5.75000"
432,0.0000,Tx-Rx,0,-55.1124,"3.90000 1.00000 -0.80000, 6.55000 0.10000 5.75000"
433,0.0000,Tx-Rx,0,-57.5880,"3.90000 1.00000 -0.80000, 6.25000 0.10000 5.75000"
434,0.0000,Tx-Rx,0,-57.1958,"3.90000 1.00000 -0.80000, 5.95000 0.10000 5.75000"
435,0.0000,Tx-Rx,0,-56.2099,"3.90000 1.00000 -0.80000, 5.65000 0.10000 5.75000"
436,0.0000,Tx-Rx,0,-57.5036,"3.90000 1.00000 -0.80000, 5.35000 0.10000 5.75000"
437,0.0000,Tx-Rx,0,-58.4765,"3.90000 1.00000 -0.80000, 5.05000 0.10000 5.75000"
438,0.0000,Tx-Rx,0,-59.7345,"3.90000 1.00000 -0.80000, 4.75000 0.10000 5.75000"
439,0.0000,Tx-Rx,0,-60.0866,"3.90000 1.00000 -0.80000, 4.45000 0.10000 5.75000"
440,0.0000,Tx-Rx,0,-59.8023,"3.90000 1.00000 -0.80000, 4.15000 0.10000 5.75000"
441,0.0000,Tx-Rx,0,-59.7903,"3.90000 1.00000 -0.80000, 3.85000 0.10000 5.75000"
442,0.0000,Tx-Rx,0,-58.7393,"3.90000 1.00000 -0.80000, 3.55000 0.10000 5.75000"
443,0.0000,Tx-Rx,0,-59.7029,"3.90000 1.00000 -0.80000, 3.25000 0.10000 5.75000"
444,0.0000,Tx-Rx,0,-59.7387,"3.90000 1.00000 -0.80000, 2.95000 0.10000 5.75000"
445,0.0000,Tx-Rx,0,-57.8240,"3.90000 1.00000 -0.80000, 2.65000 0.10000 5.75000"
446,0.0000,Tx-Rx,0,-56.8289,"3.90000 1.00000 -0.80000, 2.35000 0.10000 5.75000"
447,0.0000,Tx-Rx,0,-56.4574,"3.90000 1.00000 -0.80000, 2.05000 0.10000 5.75000"
448,0.0000,Tx-Rx,0,-56.6639,"3.90000 1.00000 -0.80000, 1.75000 0.10000 5.75000"
449,0.0000,Tx-Rx,0,-55.8354,"3.90000 1.00000 -0.80000, 1.45000 0.10000 5.75000"
450,0.0000,Tx-Rx,0,-51.7938,"3.90000 1.00000 -0.80000, 1.15000 0.10000 5.75000"
451,0.0000,Tx-Rx,0,-51.7733,"3.90000 1.00000 -0.80000, 0.85000 0.10000 5.75000"
452,0.0000,Tx-Rx,0,-51.5207,"3.90000 1.00000 -0.80000, 0.55000 0.10000 5.75000"
453,0.0000,Tx-Rx,0,-51.9731,"3.90000 1.00000 -0.80000, 0.25000 0.10000 5.75000"
454,0.0000,Tx-Rx,0,-57.4084,"3.90000 1.00000 -0.80000, -0.05000 0.10000 5.75000"
455,0.0000,Tx-Rx,0,-77.5700,"3.90000 1.00000 -0.80000, -0.35000 0.10000 5.75000"
456,0.0000,Tx-Rx,0,-79.4193,"3.90000 1.00000 -0.80000, -0.65000 0.10000 5.75000"
457,0.0000,Tx-Rx,0,-76.7487,"3.90000 1.00000 -0.80000, -0.95000 0.10000 5.75000"
458,0.0000,Tx-Rx,0,-71.7476,"3.90000 1.00000 -0.80000, -1.25000 0.10000 5.75000"
459,0.0000,Tx-Rx,0,-73.3086,"3.90000 1.00000 -0.80000, -1.55000 0.10000 5.75000"
460,0.0000,Tx-Rx,0,-71.4994,"3.90000 1.00000 -0.80000, -1.85000 0.10000 5.75000"
461,0.0000,Tx-Rx,0,-67.0566,"3.90000 1.00000 -0.80000, -2.15000 0.10000 5.75000"
462,0.0000,Tx-Rx,0,-67.5423,"3.90000 1.00000 -0.80000, -2.45000 0.10000 5.75000"
463,0.0000,Tx-Rx,0,-67.9425,"3.90000 1.00000 -0.80000, -2.75000 0.10000 5.75000"
464,0.0000,Tx-Rx,0,-75.4172,"3.90000 1.00000 -0.80000, -3.05000 0.10000 5.75000"
465,0.0000,Tx-Rx,0,-69.1015,"3.90000 1.00000 -0.80000, -3.35000 0.10000 5.75000"
466,0.0000,Tx-Rx,0,-73.7210,"3.90000 1.00000 -0.80000, -3.65000 0.10000 5.75000"
467,0.0000,Tx-Rx,0,-77.5069,"3.90000 1.00000 -0.80000, -3.95000 0.10000 5.75000"
468,0.0000,Tx-Rx,0,-83.4850,"3.90000 1.00000 -0.80000, -4.25000 0.10000 5.75000"
469,0.0000,Tx-Rx,0,-80.8742,"3.90000 1.00000 -0.80000, -4.55000 0.10000 5.75000"
470,0.0000,Tx-Rx,0,-77.5970,"3.90000 1.00000 -0.80000, -4.85000 0.10000 5.75000"
471,0.0000,Tx-Rx,0,-78.6855,"3.90000 1.00000 -0.80000, -5.15000 0.10000 5.75000"
472,0.0000,Tx-Rx,0,-78.7259,"3.90000 1.00000 -0.80000, -5.45000 0.10000 5.75000"
473,0.0000,Tx-Rx,0,-77.5152,"3.90000 1.00000 -0.80000, -5.75000 0.10000 5.75000"
474,0.0000,Tx-Rx,0,-78.5997,"3.90000 1.00000 -0.80000, -6.05000 0.10000 5.75000"
475,0.0000,Tx-Rx,0,-78.5846,"3.90000 1.00000 -0.80000, -6.35000 0.10000 5.75000"
476,0.0000,Tx-Rx,0,-77.0840,"3.90000 1.00000 -0.80000, -6.65000 0.10000 5.75000"
477,0.0000,Tx-Rx,0,-76.7198,"3.90000 1.00000 -0.80000, -6.95000 0.10000 5.75000"
478,0.0000,Tx-Rx,0,-78.1649,"3.90000 1.00000 -0.80000, -7.25000 0.10000 5.75000"
479,0.0000,Tx-Rx,0,-77.9516,"3.90000 1.00000 -0.80000, -7.55000 0.10000 5.75000"
480,0.0000,Tx-Rx,0,-76.8646,"3.90000 1.00000 -0.80000, -7.85000 0.10000 5.75000"
481,0.0000,Tx-Rx,0,-81.9062,"3.90000 1.00000 -0.80000, 9.85000 0.10000 5.45000"
482,0.0000,Tx-Rx,0,-82.4454,"3.90000 1.00000 -0.80000, 9.55000 0.10000 5.45000"
483,0.0000,Tx-Rx,0,-86.5107,"3.90000 1.00000 -0.80000, 9.25000 0.10000 5.45000"
484,0.0000,Tx-Rx,0,-86.7252,"3.90000 1.00000 -0.80000, 8.95000 0.10000 5.45000"
485,0.0000,Tx-Rx,0,-87.9495,"3.90000 1.00000 -0.80000, 8.65000 0.10000 5.45000"
486,0.0000,Tx-Rx,0,-87.3252,"3.90000 1.00000 -0.80000, 8.35000 0.10000 5.45000"
487,0.0000,Tx-Rx,0,-61.7971,"3.90000 1.00000 -0.80000, 8.05000 0.10000 5.45000"
488,0.0000,Tx-Rx,0,-53.0504,"3.90000 1.00000 -0.80000, 7.75000 0.10000 5.45000"
489,0.0000,Tx-Rx,0,-51.3845,"3.90000 1.00000 -0.80000, 7.45000 0.10000 5.45000"
490,0.0000,Tx-Rx,0,-51.6471,"3.90000 1.00000 -0.80000, 7.15000 0.10000 5.45000"
491,0.0000,Tx-Rx,0,-52.1067,"3.90000 1.00000 -0.80000, 6.85000 0.10000 5.45000"
492,0.0000,Tx-Rx,0,-53.2836,"3.90000 1.00000 -0.80000, 6.55000 0.10000 5.45000"
493,0.0000,Tx-Rx,0,-56.6213,"3.90000 1.00000 -0.80000, 6.25000 0.10000 5.45000"
494,0.0000,Tx-Rx,0,-56.7369,"3.90000 1.00000 -0.80000, 5.95000 0.10000 5.45000"
495,0.0000,Tx-Rx,0,-56.3925,"3.90000 1.00000 -0.80000, 5.65000 0.10000 5.45000"
496,0.0000,Tx-Rx,0,-58.6903,"3.90000 1.00000 -0.80000, 5.35000 0.10000 5.45000"
497,0.0000,Tx-Rx,0,-59.8041,"3.90000 1.00000 -0.80000, 5.05000 0.10000 5.45000"
498,0.0000,Tx-Rx,0,-59.5743,"3.90000 1.00000 -0.80000, 4.75000 0.10000 5.45000"
499,0.0000,Tx-Rx,0,-59.8704,"3.90000 1.00000 -0.80000, 4.45000 0.10000 5.45000"
500,0.0000,Tx-Rx,0,-59.3347,"3.90000 1.00000 -0.80000, 4.15000 0.10000 5.45000"
501,0.0000,Tx-Rx,0,-59.4979,"3.90000 1.00000 -0.80000, 3.85000 0.10000 5.45000"
502,0.0000,Tx-Rx,0,-59.7130,"3.90000 1.00000 -0.80000, 3.55000 0.10000 5.45000"
503,0.0000,Tx-Rx,0,-58.6346,"3.90000 1.00000 -0.80000, 3.25000 0.10000 5.45000"
504,0.0000,Tx-Rx,0,-58.9890,"3.90000 1.00000 -0.80000, 2.95000 0.10000 5.45000"
505,0.0000,Tx-Rx,0,-58.8712,"3.90000 1.00000 -0.80000, 2.65000 0.10000 5.45000"
506,0.0000,Tx-Rx,0,-57.6224,"3.90000 1.00000 -0.80000, 2.35000 0.10000 5.45000"
507,0.0000,Tx-Rx,0,-56.5326,"3.90000 1.00000 -0.80000, 2.05000 0.10000 5.45000"
508,0.0000,Tx-Rx,0,-55.1912,"3.90000 1.00000 -0.80000, 1.75000 0.10000 5.45000"
509,0.0000,Tx-Rx,0,-54.6785,"3.90000 1.00000 -0.80000, 1.45000 0.10000 5.45000"
510,0.0000,Tx-Rx,0,-51.4361,"3.90000 1.00000 -0.80000, 1.15000 0.10000 5.45000"
511,0.0000,Tx-Rx,0,-51.6244,"3.90000 1.00000 -0.80000, 0.85000 0.10000 5.45000"
512,0.0000,Tx-Rx,0,-51.8804,"3.90000 1.00000 -0.80000, 0.55000 0.10000 5.45000"
513,0.0000,Tx-Rx,0,-52.8521,"3.90000 1.00000 -0.80000, 0.25000 0.10000 5.45000"
514,0.0000,Tx-Rx,0,-61.1830,"3.90000 1.00000 -0.80000, -0.05000 0.10000 5.45000"
515,0.0000,Tx-Rx,0,-78.6557,"3.90000 1.00000 -0.80000, -0.35000 0.10000 5.45000"
516,0.0000,Tx-Rx,0,-79.2284,"3.90000 1.00000 -0.80000, -0.65000 0.10000 5.45000"
517,0.0000,Tx-Rx,0,-77.1866,"3.90000 1.00000 -0.80000, -0.95000 0.10000 5.45000"
518,0.0000,Tx-Rx,0,-72.9253,"3.90000 1.00000 -0.80000, -1.25000 0.10000 5.45000"
519,0.0000,Tx-Rx,0,-71.8614,"3.90000 1.00000 -0.80000, -1.55000 0.10000 5.45000"
520,0.0000,Tx-Rx,0,-70.2888,"3.90000 1.00000 -0.80000, -1.85000 0.10000 5.45000"
521,0.0000,Tx-Rx,0,-66.0070,"3.90000 1.00000 -0.80000, -2.15000 0.10000 5.45000"
522,0.0000,Tx-Rx,0,-67.3206,"3.90000 1.00000 -0.80000, -2.45000 0.10000 5.45000"
523,0.0000,Tx-Rx,0,-69.7911,"3.90000 1.00000 -0.80000, -2.75000 0.10000 5.45000"
524,0.0000,Tx-Rx,0,-71.7459,"3.90000 1.00000 -0.80000, -3.05000 0.10000 5.45000"
525,0.0000,Tx-Rx,0,-70.7040,"3.90000 1.00000 -0.80000, -3.35000 0.10000 5.45000"
526,0.0000,Tx-Rx,0,-74.2950,"3.90000 1.00000 -0.80000, -3.65000 0.10000 5.45000"
527,0.0000,Tx-Rx,0,-83.2876,"3.90000 1.00000 -0.80000, -3.95000 0.10000 5.45000"
528,0.0000,Tx-Rx,0,-82.9113,"3.90000 1.00000 -0.80000, -4.25000 0.10000 5.45000"
529,0.0000,Tx-Rx,0,-83.1823,"3.90000 1.00000 -0.80000, -4.55000 0.10000 5.45000"
530,0.0000,Tx-Rx,0,-79.1247,"3.90000 1.00000 -0.80000, -4.85000 0.10000 5.45000"
531,0.0000,Tx-Rx,0,-78.9122,"3.90000 1.00000 -0.80000, -5.15000 0.10000 5.45000"
532,0.0000,Tx-Rx,0,-79.4708,"3.90000 1.00000 -0.80000, -5.45000 0.10000 5.45000"
533,0.0000,Tx-Rx,0,-76.9576,"3.90000 1.00000 -0.80000, -5.75000 0.10000 5.45000"
534,0.0000,Tx-Rx,0,-75.0113,"3.90000 1.00000 -0.80000, -6.05000 0.10000 5.45000"
535,0.0000,Tx-Rx,0,-76.5701,"3.90000 1.00000 -0.80000, -6.35000 0.10000 5.45000"
536,0.0000,Tx-Rx,0,-77.3904,"3.90000 1.00000 -0.80000, -6.65000 0.10000 5.45000"
537,0.0000,Tx-Rx,0,-77.8154,"3.90000 1.00000 -0.80000, -6.95000 0.10000 5.45000"
538,0.0000,Tx-Rx,0,-77.6961,"3.90000 1.00000 -0.80000, -7.25000 0.10000 5.45000"
539,0.0000,Tx-Rx,0,-77.9270,"3.90000 1.00000 -0.80000, -7.55000 0.10000 5.45000"
540,0.0000,Tx-Rx,0,-76.7535,"3.90000 1.00000 -0.80000, -7.85000 0.10000 5.45000"
541,0.0000,Tx-Rx,0,-82.3210,"3.90000 1.00000 -0.80000, 9.85000 0.10000 5.15000"
542,0.0000,Tx-Rx,0,-81.0368,"3.90000 1.00000 -0.80000, 9.55000 0.10000 5.15000"
543,0.0000,Tx-Rx,0,-82.9854,"3.90000 1.00000 -0.80000, 9.25000 0.10000 5.15000"
544,0.0000,Tx-Rx,0,-85.9316,"3.90000 1.00000 -0.80000, 8.95000 0.10000 5.15000"
545,0.0000,Tx-Rx,0,-85.8488,"3.90000 1.00000 -0.80000, 8.65000 0.10000 5.15000"
546,0.0000,Tx-Rx,0,-85.2372,"3.90000 1.00000 -0.80000, 8.35000 0.10000 5.15000"
547,0.0000,Tx-Rx,0,-59.8649,"3.90000 1.00000 -0.80000, 8.05000 0.10000 5.15000"
548,0.0000,Tx-Rx,0,-55.3663,"3.90000 1.00000 -0.80000, 7.75000 0.10000 5.15000"
549,0.0000,Tx-Rx,0,-52.5394,"3.90000 1.00000 -0.80000, 7.45000 0.10000 5.15000"
550,0.0000,Tx-Rx,0,-51.6547,"3.90000 1.00000 -0.80000, 7.15000 0.10000 5.15000"
551,0.0000,Tx-Rx,0,-51.4084,"3.90000 1.00000 -0.80000, 6.85000 0.10000 5.15000"
552,0.0000,Tx-Rx,0,-52.2217,"3.90000 1.00000 -0.80000, 6.55000 0.10000 5.15000"
553,0.0000,Tx-Rx,0,-55.5423,"3.90000 1.00000 -0.80000, 6.25000 0.10000 5.15000"
554,0.0000,Tx-Rx,0,-56.7764,"3.90000 1.00000 -0.80000, 5.95000 0.10000 5.15000"
555,0.0000,Tx-Rx,0,-57.9775,"3.90000 1.00000 -0.80000, 5.65000 0.10000 5.15000"
556,0.0000,Tx-Rx,0,-59.6442,"3.90000 1.00000 -0.80000, 5.35000 0.10000 5.15000"
557,0.0000,Tx-Rx,0,-59.6062,"3.90000 1.00000 -0.80000, 5.05000 0.10000 5.15000"
558,0.0000,Tx-Rx,0,-59.5782,"3.90000 1.00000 -0.80000, 4.75000 0.10000 5.15000"
559,0.0000,Tx-Rx,0,-59.8936,"3.90000 1.00000 -0.80000, 4.45000 0.10000 5.15000"
560,0.0000,Tx-Rx,0,-59.6760,"3.90000 1.00000 -0.80000, 4.15000 0.10000 5.15000"
561,0.0000,Tx-Rx,0,-59.5172,"3.90000 1.00000 -0.80000, 3.85000 0.10000 5.15000"
562,0.0000,Tx-Rx,0,-59.4774,"3.90000 1.00000 -0.80000, 3.55000 0.10000 5.15000"
563,0.0000,Tx-Rx,0,-59.7609,"3.90000 1.00000 -0.80000, 3.25000 0.10000 5.15000"
564,0.0000,Tx-Rx,0,-58.3689,"3.90000 1.00000 -0.80000, 2.95000 0.10000 5.15000"
565,0.0000,Tx-Rx,0,-58.6948,"3.90000 1.00000 -0.80000, 2.65000 0.10000 5.15000"
566,0.0000,Tx-Rx,0,-59.0111,"3.90000 1.00000 -0.80000, 2.35000 0.10000 5.15000"
567,0.0000,Tx-Rx,0,-57.2823,"3.90000 1.00000 -0.80000, 2.05000 0.10000 5.15000"
568,0.0000,Tx-Rx,0,-54.7748,"3.90000 1.00000 -0.80000, 1.75000 0.10000 5.15000"
569,0.0000,Tx-Rx,0,-53.7685,"3.90000 1.00000 -0.80000, 1.45000 0.10000 5.15000"
570,0.0000,Tx-Rx,0,-50.7222,"3.90000 1.00000 -0.80000, 1.15000 0.10000 5.15000"
571,0.0000,Tx-Rx,0,-51.4755,"3.90000 1.00000 -0.80000, 0.85000 0.10000 5.15000"
572,0.0000,Tx-Rx,0,-52.1100,"3.90000 1.00000 -0.80000, 0.55000 0.10000 5.15000"
573,0.0000,Tx-Rx,0,-55.3782,"3.90000 1.00000 -0.80000, 0.25000 0.10000 5.15000"
574,0.0000,Tx-Rx,0,-61.0604,"3.90000 1.00000 -0.80000, -0.05000 0.10000 5.15000"
575,0.0000,Tx-Rx,0,-79.8358,"3.90000 1.00000 -0.80000, -0.35000 0.10000 5.15000"
576,0.0000,Tx-Rx,0,-78.7097,"3.90000 1.00000 -0.80000, -0.65000 0.10000 5.15000"
577,0.0000,Tx-Rx,0,-76.9528,"3.90000 1.00000 -0.80000, -0.95000 0.10000 5.15000"
578,0.0000,Tx-Rx,0,-74.4625,"3.90000 1.00000 -0.80000, -1.25000 0.10000 5.15000"
579,0.0000,Tx-Rx,0,-71.6253,"3.90000 1.00000 -0.80000, -1.55000 0.10000 5.15000"
580,0.0000,Tx-Rx,0,-68.4140,"3.90000 1.00000 -0.80000, -1.85000 0.10000 5.15000"
581,0.0000,Tx-Rx,0,-65.9812,"3.90000 1.00000 -0.80000, -2.15000 0.10000 5.15000"
582,0.0000,Tx-Rx,0,-66.8292,"3.90000 1.00000 -0.80000, -2.45000 0.10000 5.15000"
583,0.0000,Tx-Rx,0,-72.4131,"3.90000 1.00000 -0.80000, -2.75000 0.10000 5.15000"
584,0.0000,Tx-Rx,0,-69.7667,"3.90000 1.00000 -0.80000, -3.05000 0.10000 5.15000"
585,0.0000,Tx-Rx,0,-72.5284,"3.90000 1.00000 -0.80000, -3.35000 0.10000 5.15000"
586,0.0000,Tx-Rx,0,-74.7055,"3.90000 1.00000 -0.80000, -3.65000 0.10000 5.15000"
587,0.0000,Tx-Rx,0,-82.4382,"3.90000 1.00000 -0.80000, -3.95000 0.10000 5.15000"
588,0.0000,Tx-Rx,0,-84.2619,"3.90000 1.00000 -0.80000, -4.25000 0.10000 5.15000"
589,0.0000,Tx-Rx,0,-85.3157,"3.90000 1.00000 -0.80000, -4.55000 0.10000 5.15000"
590,0.0000,Tx-Rx,0,-81.6915,"3.90000 1.00000 -0.80000, -4.85000 0.10000 5.15000"
591,0.0000,Tx-Rx,0,-78.2174,"3.90000 1.00000 -0.80000, -5.15000 0.10000 5.15000"
592,0.0000,Tx-Rx,0,-79.5807,"3.90000 1.00000 -0.80000, -5.45000 0.10000 5.15000"
593,0.0000,Tx-Rx,0,-76.1860,"3.90000 1.00000 -0.80000, -5.75000 0.10000 5.15000"
594,0.0000,Tx-Rx,0,-72.4669,"3.90000 1.00000 -0.80000, -6.05000 0.10000 5.15000"
595,0.0000,Tx-Rx,0,-74.5096,"3.90000 1.00000 -0.80000, -6.35000 0.10000 5.15000"
596,0.0000,Tx-Rx,0,-76.0840,"3.90000 1.00000 -0.80000, -6.65000 0.10000 5.15000"
597,0.0000,Tx-Rx,0,-76.8495,"3.90000 1.00000 -0.80000, -6.95000 0.10000 5.15000"
598,0.0000,Tx-Rx,0,-75.8412,"3.90000 1.00000 -0.80000, -7.25000 0.10000 5.15000"
599,0.0000,Tx-Rx,0,-76.3641,"3.90000 1.00000 -0.80000, -7.55000 0.10000 5.15000"
600,0.0000,Tx-Rx,0,-77.3050,"3.90000 1.00000 -0.80000, -7.85000 0.10000 5.15000"
601,0.0000,Tx-Rx,0,-81.1494,"3.90000 1.00000 -0.80000, 9.85000 0.10000 4.85000"
602,0.0000,Tx-Rx,0,-80.1603,"3.90000 1.00000 -0.80000, 9.55000 0.10000 4.85000"
603,0.0000,Tx-Rx,0,-80.1076,"3.90000 1.00000 -0.80000, 9.25000 0.10000 4.85000"
604,0.0000,Tx-Rx,0,-81.6731,"3.90000 1.00000 -0.80000, 8.95000 0.10000 4.85000"
605,0.0000,Tx-Rx,0,-86.5878,"3.90000 1.00000 -0.80000, 8.65000 0.10000 4.85000"
606,0.0000,Tx-Rx,0,-87.1654,"3.90000 1.00000 -0.80000, 8.35000 0.10000 4.85000"
607,0.0000,Tx-Rx,0,-59.6366,"3.90000 1.00000 -0.80000, 8.05000 0.10000 4.85000"
608,0.0000,Tx-Rx,0,-55.3270,"3.90000 1.00000 -0.80000, 7.75000 0.10000 4.85000"
609,0.0000,Tx-Rx,0,-54.4463,"3.90000 1.00000 -0.80000, 7.45000 0.10000 4.85000"
610,0.0000,Tx-Rx,0,-51.1113,"3.90000 1.00000 -0.80000, 7.15000 0.10000 4.85000"
611,0.0000,Tx-Rx,0,-50.8643,"3.90000 1.00000 -0.80000, 6.85000 0.10000 4.85000"
612,0.0000,Tx-Rx,0,-51.9910,"3.90000 1.00000 -0.80000, 6.55000 0.10000 4.85000"
613,0.0000,Tx-Rx,0,-56.4262,"3.90000 1.00000 -0.80000, 6.25000 0.10000 4.85000"
614,0.0000,Tx-Rx,0,-57.2874,"3.90000 1.00000 -0.80000, 5.95000 0.10000 4.85000"
615,0.0000,Tx-Rx,0,-59.7721,"3.90000 1.00000 -0.80000, 5.65000 0.10000 4.85000"
616,0.0000,Tx-Rx,0,-59.6051,"3.90000 1.00000 -0.80000, 5.35000 0.10000 4.85000"
617,0.0000,Tx-Rx,0,-59.4149,"3.90000 1.00000 -0.80000, 5.05000 0.10000 4.85000"
618,0.0000,Tx-Rx,0,-59.8098,"3.90000 1.00000 -0.80000, 4.75000 0.10000 4.85000"
619,0.0000,Tx-Rx,0,-59.9271,"3.90000 1.00000 -0.80000, 4.45000 0.10000 4.85000"
620,0.0000,Tx-Rx,0,-59.9391,"3.90000 1.00000 -0.80000, 4.15000 0.10000 4.85000"
621,0.0000,Tx-Rx,0,-59.4689,"3.90000 1.00000 -0.80000, 3.85000 0.10000 4.85000"
622,0.0000,Tx-Rx,0,-59.3700,"3.90000 1.00000 -0.80000, 3.55000 0.10000 4.85000"
623,0.0000,Tx-Rx,0,-59.5779,"3.90000 1.00000 -0.80000, 3.25000 0.10000 4.85000"
624,0.0000,Tx-Rx,0,-59.1383,"3.90000 1.00000 -0.80000, 2.95000 0.10000 4.85000"
625,0.0000,Tx-Rx,0,-58.4875,"3.90000 1.00000 -0.80000, 2.65000 0.10000 4.85000"
626,0.0000,Tx-Rx,0,-58.3954,"3.90000 1.00000 -0.80000, 2.35000 0.10000 4.85000"
627,0.0000,Tx-Rx,0,-57.6243,"3.90000 1.00000 -0.80000, 2.05000 0.10000 4.85000"
628,0.0000,Tx-Rx,0,-55.1974,"3.90000 1.00000 -0.80000, 1.75000 0.10000 4.85000"
629,0.0000,Tx-Rx,0,-53.7368,"3.90000 1.00000 -0.80000, 1.45000 0.10000 4.85000"
630,0.0000,Tx-Rx,0,-50.0761,"3.90000 1.00000 -0.80000, 1.15000 0.10000 4.85000"
631,0.0000,Tx-Rx,0,-51.2222,"3.90000 1.00000 -0.80000, 0.85000 0.10000 4.85000"
632,0.0000,Tx-Rx,0,-53.1632,"3.90000 1.00000 -0.80000, 0.55000 0.10000 4.85000"
633,0.0000,Tx-Rx,0,-56.3315,"3.90000 1.00000 -0.80000, 0.25000 0.10000 4.85000"
634,0.0000,Tx-Rx,0,-60.8753,"3.90000 1.00000 -0.80000, -0.05000 0.10000 4.85000"
635,0.0000,Tx-Rx,0,-81.6610,"3.90000 1.00000 -0.80000, -0.35000 0.10000 4.85000"
636,0.0000,Tx-Rx,0,-78.3498,"3.90000 1.00000 -0.80000, -0.65000 0.10000 4.85000"
637,0.0000,Tx-Rx,0,-75.3781,"3.90000 1.00000 -0.80000, -0.95000 0.10000 4.85000"
638,0.0000,Tx-Rx,0,-74.8042,"3.90000 1.00000 -0.80000, -1.25000 0.10000 4.85000"
639,0.0000,Tx-Rx,0,-71.6577,"3.90000 1.00000 -0.80000, -1.55000 0.10000 4.85000"
640,0.0000,Tx-Rx,0,-66.6993,"3.90000 1.00000 -0.80000, -1.85000 0.10000 4.85000"
641,0.0000,Tx-Rx,0,-66.5189,"3.90000 1.00000 -0.80000, -2.15000 0.10000 4.85000"
642,0.0000,Tx-Rx,0,-66.9178,"3.90000 1.00000 -0.80000, -2.45000 0.10000 4.85000"
643,0.0000,Tx-Rx,0,-73.7152,"3.90000 1.00000 -0.80000, -2.75000 0.10000 4.85000"
644,0.0000,Tx-Rx,0,-68.7475,"3.90000 1.00000 -0.80000, -3.05000 0.10000 4.85000"
645,0.0000,Tx-Rx,0,-73.1023,"3.90000 1.00000 -0.80000, -3.35000 0.10000 4.85000"
646,0.0000,Tx-Rx,0,-77.8152,"3.90000 1.00000 -0.80000, -3.65000 0.10000 4.85000"
647,0.0000,Tx-Rx,0,-79.9291,"3.90000 1.00000 -0.80000, -3.95000 0.10000 4.85000"
648,0.0000,Tx-Rx,0,-83.7187,"3.90000 1.00000 -0.80000, -4.25000 0.10000 4.85000"
649,0.0000,Tx-Rx,0,-84.0613,"3.90000 1.00000 -0.80000, -4.55000 0.10000 4.85000"
650,0.0000,Tx-Rx,0,-87.7906,"3.90000 1.00000 -0.80000, -4.85000 0.10000 4.85000"
651,0.0000,Tx-Rx,0,-79.9558,"3.90000 1.00000 -0.80000, -5.15000 0.10000 4.85000"
652,0.0000,Tx-Rx,0,-77.9400,"3.90000 1.00000 -0.80000, -5.45000 0.10000 4.85000"
653,0.0000,Tx-Rx,0,-75.6585,"3.90000 1.00000 -0.80000, -5.75000 0.10000 4.85000"
654,0.0000,Tx-Rx,0,-71.2960,"3.90000 1.00000 -0.80000, -6.05000 0.10000 4.85000"
655,0.0000,Tx-Rx,0,-75.0452,"3.90000 1.00000 -0.80000, -6.35000 0.10000 4.85000"
656,0.0000,Tx-Rx,0,-74.8807,"3.90000 1.00000 -0.80000, -6.65000 0.10000 4.85000"
657,0.0000,Tx-Rx,0,-75.6124,"3.90000 1.00000 -0.80000, -6.95000 0.10000 4.85000"
658,0.0000,Tx-Rx,0,-74.1942,"3.90000 1.00000 -0.80000, -7.25000 0.10000 4.85000"
659,0.0000,Tx-Rx,0,-78.0016,"3.90000 1.00000 -0.80000, -7.55000 0.10000 4.85000"
660,0.0000,Tx-Rx,0,-79.2155,"3.90000 1.00000 -0.80000, -7.85000 0.10000 4.85000"
661,0.0000,Tx-Rx,0,-84.1644,"3.90000 1.00000 -0.80000, 9.85000 0.10000 4.55000"
662,0.0000,Tx-Rx,0,-80.6985,"3.90000 1.00000 -0.80000, 9.55000 0.10000 4.55000"
663,0.0000,Tx-Rx,0,-80.3747,"3.90000 1.00000 -0.80000, 9.25000 0.10000 4.55000"
664,0.0000,Tx-Rx,0,-78.6452,"3.90000 1.00000 -0.80000, 8.95000 0.10000 4.55000"
665,0.0000,Tx-Rx,0,-81.2288,"3.90000 1.00000 -0.80000, 8.65000 0.10000 4.55000"
666,0.0000,Tx-Rx,0,-85.6408,"3.90000 1.00000 -0.80000, 8.35000 0.10000 4.55000"
667,0.0000,Tx-Rx,0,-60.2915,"3.90000 1.00000 -0.80000, 8.05000 0.10000 4.55000"
668,0.0000,Tx-Rx,0,-55.5269,"3.90000 1.00000 -0.80000, 7.75000 0.10000 4.55000"
669,0.0000,Tx-Rx,0,-54.0280,"3.90000 1.00000 -0.80000, 7.45000 0.10000 4.55000"
670,0.0000,Tx-Rx,0,-51.4995,"3.90000 1.00000 -0.80000, 7.15000 0.10000 4.55000"
671,0.0000,Tx-Rx,0,-50.5139,"3.90000 1.00000 -0.80000, 6.85000 0.10000 4.55000"
672,0.0000,Tx-Rx,0,-51.9488,"3.90000 1.00000 -0.80000, 6.55000 0.10000 4.55000"
673,0.0000,Tx-Rx,0,-58.3591,"3.90000 1.00000 -0.80000, 6.25000 0.10000 4.55000"
674,0.0000,Tx-Rx,0,-58.6124,"3.90000 1.00000 -0.80000, 5.95000 0.10000 4.55000"
675,0.0000,Tx-Rx,0,-58.0658,"3.90000 1.00000 -0.80000, 5.65000 0.10000 4.55000"
676,0.0000,Tx-Rx,0,-59.4710,"3.90000 1.00000 -0.80000, 5.35000 0.10000 4.55000"
677,0.0000,Tx-Rx,0,-59.6282,"3.90000 1.00000 -0.80000, 5.05000 0.10000 4.55000"
678,0.0000,Tx-Rx,0,-59.7033,"3.90000 1.00000 -0.80000, 4.75000 0.10000 4.55000"
679,0.0000,Tx-Rx,0,-59.7627,"3.90000 1.00000 -0.80000, 4.45000 0.10000 4.55000"
680,0.0000,Tx-Rx,0,-59.7321,"3.90000 1.00000 -0.80000, 4.15000 0.10000 4.55000"
681,0.0000,Tx-Rx,0,-59.3998,"3.90000 1.00000 -0.80000, 3.85000 0.10000 4.55000"
682,0.0000,Tx-Rx,0,-59.1531,"3.90000 1.00000 -0.80000, 3.55000 0.10000 4.55000"
683,0.0000,Tx-Rx,0,-59.0892,"3.90000 1.00000 -0.80000, 3.25000 0.10000 4.55000"
684,0.0000,Tx-Rx,0,-58.9061,"3.90000 1.00000 -0.80000, 2.95000 0.10000 4.55000"
685,0.0000,Tx-Rx,0,-59.0133,"3.90000 1.00000 -0.80000, 2.65000 0.10000 4.55000"
686,0.0000,Tx-Rx,0,-58.3759,"3.90000 1.00000 -0.80000, 2.35000 0.10000 4.55000"
687,0.0000,Tx-Rx,0,-56.2259,"3.90000 1.00000 -0.80000, 2.05000 0.10000 4.55000"
688,0.0000,Tx-Rx,0,-55.8716,"3.90000 1.00000 -0.80000, 1.75000 0.10000 4.55000"
689,0.0000,Tx-Rx,0,-53.7786,"3.90000 1.00000 -0.80000, 1.45000 0.10000 4.55000"
690,0.0000,Tx-Rx,0,-50.4321,"3.90000 1.00000 -0.80000, 1.15000 0.10000 4.55000"
691,0.0000,Tx-Rx,0,-50.8140,"3.90000 1.00000 -0.80000, 0.85000 0.10000 4.55000"
692,0.0000,Tx-Rx,0,-55.0564,"3.90000 1.00000 -0.80000, 0.55000 0.10000 4.55000"
693,0.0000,Tx-Rx,0,-56.3755,"3.90000 1.00000 -0.80000, 0.25000 0.10000 4.55000"
694,0.0000,Tx-Rx,0,-61.6819,"3.90000 1.00000 -0.80000, -0.05000 0.10000 4.55000"
695,0.0000,Tx-Rx,0,-82.4334,"3.90000 1.00000 -0.80000, -0.35000 0.10000 4.55000"
696,0.0000,Tx-Rx,0,-77.2808,"3.90000 1.00000 -0.80000, -0.65000 0.10000 4.55000"
697,0.0000,Tx-Rx,0,-76.0381,"3.90000 1.00000 -0.80000, -0.95000 0.10000 4.55000"
698,0.0000,Tx-Rx,0,-74.9685,"3.90000 1.00000 -0.80000, -1.25000 0.10000 4.55000"
699,0.0000,Tx-Rx,0,-70.9162,"3.90000 1.00000 -0.80000, -1.55000 0.10000 4.55000"
700,0.0000,Tx-Rx,0,-65.9669,"3.90000 1.00000 -0.80000, -1.85000 0.10000 4.55000"
701,0.0000,Tx-Rx,0,-66.8266,"3.90000 1.00000 -0.80000, -2.15000 0.10000 4.55000"
702,0.0000,Tx-Rx,0,-67.2989,"3.90000 1.00000 -0.80000, -2.45000 0.10000 4.55000"
703,0.0000,Tx-Rx,0,-69.6340,"3.90000 1.00000 -0.80000, -2.75000 0.10000 4.55000"
704,0.0000,Tx-Rx,0,-71.2914,"3.90000 1.00000 -0.80000, -3.05000 0.10000 4.55000"
705,0.0000,Tx-Rx,0,-73.4801,"3.90000 1.00000 -0.80000, -3.35000 0.10000 4.55000"
706,0.0000,Tx-Rx,0,-76.7734,"3.90000 1.00000 -0.80000, -3.65000 0.10000 4.55000"
707,0.0000,Tx-Rx,0,-78.5057,"3.90000 1.00000 -0.80000, -3.95000 0.10000 4.55000"
708,0.0000,Tx-Rx,0,-81.9419,"3.90000 1.00000 -0.80000, -4.25000 0.10000 4.55000"
709,0.0000,Tx-Rx,0,-82.2731,"3.90000 1.00000 -0.80000, -4.55000 0.10000 4.55000"
710,0.0000,Tx-Rx,0,-85.9391,"3.90000 1.00000 -0.80000, -4.85000 0.10000 4.55000"
711,0.0000,Tx-Rx,0,-79.5902,"3.90000 1.00000 -0.80000, -5.15000 0.10000 4.55000"
712,0.0000,Tx-Rx,0,-76.5716,"3.90000 1.00000 -0.80000, -5.45000 0.10000 4.55000"
713,0.0000,Tx-Rx,0,-74.4623,"3.90000 1.00000 -0.80000, -5.75000 0.10000 4.55000"
714,0.0000,Tx-Rx,0,-73.9775,"3.90000 1.00000 -0.80000, -6.05000 0.10000 4.55000"
715,0.0000,Tx-Rx,0,-74.6295,"3.90000 1.00000 -0.80000, -6.35000 0.10000 4.55000"
716,0.0000,Tx-Rx,0,-74.6820,"3.90000 1.00000 -0.80000, -6.65000 0.10000 4.55000"
717,0.0000,Tx-Rx,0,-72.8914,"3.90000 1.00000 -0.80000, -6.95000 0.10000 4.55000"
718,0.0000,Tx-Rx,0,-76.6051,"3.90000 1.00000 -0.80000, -7.25000 0.10000 4.55000"
719,0.0000,Tx-Rx,0,-80.4643,"3.90000 1.00000 -0.80000, -7.55000 0.10000 4.55000"
720,0.0000,Tx-Rx,0,-80.0391,"3.90000 1.00000 -0.80000, -7.85000 0.10000 4.55000"
721,0.0000,Tx-Rx,0,-86.7331,"3.90000 1.00000 -0.80000, 9.85000 0.10000 4.25000"
722,0.0000,Tx-Rx,0,-85.4104,"3.90000 1.00000 -0.80000, 9.55000 0.10000 4.25000"
723,0.0000,Tx-Rx,0,-79.4004,"3.90000 1.00000 -0.80000, 9.25000 0.10000 4.25000"
724,0.0000,Tx-Rx,0,-79.6938,"3.90000 1.00000 -0.80000, 8.95000 0.10000 4.25000"
725,0.0000,Tx-Rx,0,-79.9491,"3.90000 1.00000 -0.80000, 8.65000 0.10000 4.25000"
726,0.0000,Tx-Rx,0,-80.9863,"3.90000 1.00000 -0.80000, 8.35000 0.10000 4.25000"
727,0.0000,Tx-Rx,0,-60.8505,"3.90000 1.00000 -0.80000, 8.05000 0.10000 4.25000"
728,0.0000,Tx-Rx,0,-55.4240,"3.90000 1.00000 -0.80000, 7.75000 0.10000 4.25000"
729,0.0000,Tx-Rx,0,-53.5120,"3.90000 1.00000 -0.80000, 7.45000 0.10000 4.25000"
730,0.0000,Tx-Rx,0,-53.5385,"3.90000 1.00000 -0.80000, 7.15000 0.10000 4.25000"
731,0.0000,Tx-Rx,0,-51.3381,"3.90000 1.00000 -0.80000, 6.85000 0.10000 4.25000"
732,0.0000,Tx-Rx,0,-54.7115,"3.90000 1.00000 -0.80000, 6.55000 0.10000 4.25000"
733,0.0000,Tx-Rx,0,-58.4531,"3.90000 1.00000 -0.80000, 6.25000 0.10000 4.25000"
734,0.0000,Tx-Rx,0,-58.7425,"3.90000 1.00000 -0.80000, 5.95000 0.10000 4.25000"
735,0.0000,Tx-Rx,0,-57.7525,"3.90000 1.00000 -0.80000, 5.65000 0.10000 4.25000"
736,0.0000,Tx-Rx,0,-58.1842,"3.90000 1.00000 -0.80000, 5.35000 0.10000 4.25000"
737,0.0000,Tx-Rx,0,-59.4215,"3.90000 1.00000 -0.80000, 5.05000 0.10000 4.25000"
738,0.0000,Tx-Rx,0,-59.2333,"3.90000 1.00000 -0.80000, 4.75000 0.10000 4.25000"
739,0.0000,Tx-Rx,0,-59.6523,"3.90000 1.00000 -0.80000, 4.45000 0.10000 4.25000"
740,0.0000,Tx-Rx,0,-59.3595,"3.90000 1.00000 -0.80000, 4.15000 0.10000 4.25000"
741,0.0000,Tx-Rx,0,-58.7259,"3.90000 1.00000 -0.80000, 3.85000 0.10000 4.25000"
742,0.0000,Tx-Rx,0,-57.9758,"3.90000 1.00000 -0.80000, 3.55000 0.10000 4.25000"
743,0.0000,Tx-Rx,0,-58.5866,"3.90000 1.00000 -0.80000, 3.25000 0.10000 4.25000"
744,0.0000,Tx-Rx,0,-58.8203,"3.90000 1.00000 -0.80000, 2.95000 0.10000 4.25000"
745,0.0000,Tx-Rx,0,-58.8831,"3.90000 1.00000 -0.80000, 2.65000 0.10000 4.25000"
746,0.0000,Tx-Rx,0,-57.9580,"3.90000 1.00000 -0.80000, 2.35000 0.10000 4.25000"
747,0.0000,Tx-Rx,0,-56.3783,"3.90000 1.00000 -0.80000, 2.05000 0.10000 4.25000"
748,0.0000,Tx-Rx,0,-55.3303,"3.90000 1.00000 -0.80000, 1.75000 0.10000 4.25000"
749,0.0000,Tx-Rx,0,-56.3834,"3.90000 1.00000 -0.80000, 1.45000 0.10000 4.25000"
750,0.0000,Tx-Rx,0,-54.4855,"3.90000 1.00000 -0.80000, 1.15000 0.10000 4.25000"
751,0.0000,Tx-Rx,0,-53.0571,"3.90000 1.00000 -0.80000, 0.85000 0.10000 4.25000"
752,0.0000,Tx-Rx,0,-54.1412,"3.90000 1.00000 -0.80000, 0.55000 0.10000 4.25000"
753,0.0000,Tx-Rx,0,-56.3586,"3.90000 1.00000 -0.80000, 0.25000 0.10000 4.25000"
754,0.0000,Tx-Rx,0,-62.3725,"3.90000 1.00000 -0.80000, -0.05000 0.10000 4.25000"
755,0.0000,Tx-Rx,0,-78.9407,"3.90000 1.00000 -0.80000, -0.35000 0.10000 4.25000"
756,0.0000,Tx-Rx,0,-76.7687,"3.90000 1.00000 -0.80000, -0.65000 0.10000 4.25000"
757,0.0000,Tx-Rx,0,-74.8022,"3.90000 1.00000 -0.80000, -0.95000 0.10000 4.25000"
758,0.0000,Tx-Rx,0,-76.4315,"3.90000 1.00000 -0.80000, -1.25000 0.10000 4.25000"
759,0.0000,Tx-Rx,0,-69.3381,"3.90000 1.00000 -0.80000, -1.55000 0.10000 4.25000"
760,0.0000,Tx-Rx,0,-65.9296,"3.90000 1.00000 -0.80000, -1.85000 0.10000 4.25000"
761,0.0000,Tx-Rx,0,-66.6222,"3.90000 1.00000 -0.80000, -2.15000 0.10000 4.25000"
762,0.0000,Tx-Rx,0,-67.7078,"3.90000 1.00000 -0.80000, -2.45000 0.10000 4.25000"
763,0.0000,Tx-Rx,0,-67.3830,"3.90000 1.00000 -0.80000, -2.75000 0.10000 4.25000"
764,0.0000,Tx-Rx,0,-72.2745,"3.90000 1.00000 -0.80000, -3.05000 0.10000 4.25000"
765,0.0000,Tx-Rx,0,-75.0500,"3.90000 1.00000 -0.80000, -3.35000 0.10000 4.25000"
766,0.0000,Tx-Rx,0,-75.4766,"3.90000 1.00000 -0.80000, -3.65000 0.10000 4.25000"
767,0.0000,Tx-Rx,0,-75.6131,"3.90000 1.00000 -0.80000, -3.95000 0.10000 4.25000"
768,0.0000,Tx-Rx,0,-79.7855,"3.90000 1.00000 -0.80000, -4.25000 0.10000 4.25000"
769,0.0000,Tx-Rx,0,-80.4992,"3.90000 1.00000 -0.80000, -4.55000 0.10000 4.25000"
770,0.0000,Tx-Rx,0,-76.6981,"3.90000 1.00000 -0.80000, -4.85000 0.10000 4.25000"
771,0.0000,Tx-Rx,0,-76.0612,"3.90000 1.00000 -0.80000, -5.15000 0.10000 4.25000"
772,0.0000,Tx-Rx,0,-75.2445,"3.90000 1.00000 -0.80000, -5.45000 0.10000 4.25000"
773,0.0000,Tx-Rx,0,-75.4753,"3.90000 1.00000 -0.80000, -5.75000 0.10000 4.25000"
774,0.0000,Tx-Rx,0,-74.1437,"3.90000 1.00000 -0.80000, -6.05000 0.10000 4.25000"
775,0.0000,Tx-Rx,0,-73.7852,"3.90000 1.00000 -0.80000, -6.35000 0.10000 4.25000"
776,0.0000,Tx-Rx,0,-72.3883,"3.90000 1.00000 -0.80000, -6.65000 0.10000 4.25000"
777,0.0000,Tx-Rx,0,-75.4832,"3.90000 1.00000 -0.80000, -6.95000 0.10000 4.25000"
778,0.0000,Tx-Rx,0,-78.4677,"3.90000 1.00000 -0.80000, -7.25000 0.10000 4.25000"
779,0.0000,Tx-Rx,0,-77.0039,"3.90000 1.00000 -0.80000, -7.55000 0.10000 4.25000"
780,0.0000,Tx-Rx,0,-76.9702,"3.90000 1.00000 -0.80000, -7.85000 0.10000 4.25000"
781,0.0000,Tx-Rx,0,-85.5693,"3.90000 1.00000 -0.80000, 9.85000 0.10000 3.95000"
782,0.0000,Tx-Rx,0,-85.8252,"3.90000 1.00000 -0.80000, 9.55000 0.10000 3.95000"
783,0.0000,Tx-Rx,0,-83.3259,"3.90000 1.00000 -0.80000, 9.25000 0.10000 3.95000"
784,0.0000,Tx-Rx,0,-79.6306,"3.90000 1.00000 -0.80000, 8.95000 0.10000 3.95000"
785,0.0000,Tx-Rx,0,-79.6281,"3.90000 1.00000 -0.80000, 8.65000 0.10000 3.95000"
786,0.0000,Tx-Rx,0,-79.1423,"3.90000 1.00000 -0.80000, 8.35000 0.10000 3.95000"
787,0.0000,Tx-Rx,0,-58.4579,"3.90000 1.00000 -0.80000, 8.05000 0.10000 3.95000"
788,0.0000,Tx-Rx,0,-54.3580,"3.90000 1.00000 -0.80000, 7.75000 0.10000 3.95000"
789,0.0000,Tx-Rx,0,-54.1454,"3.90000 1.00000 -0.80000, 7.45000 0.10000 3.95000"
790,0.0000,Tx-Rx,0,-54.1031,"3.90000 1.00000 -0.80000, 7.15000 0.10000 3.95000"
791,0.0000,Tx-Rx,0,-56.5007,"3.90000 1.00000 -0.80000, 6.85000 0.10000 3.95000"
792,0.0000,Tx-Rx,0,-56.7813,"3.90000 1.00000 -0.80000, 6.55000 0.10000 3.95000"
793,0.0000,Tx-Rx,0,-58.6088,"3.90000 1.00000 -0.80000, 6.25000 0.10000 3.95000"
794,0.0000,Tx-Rx,0,-57.5453,"3.90000 1.00000 -0.80000, 5.95000 0.10000 3.95000"
795,0.0000,Tx-Rx,0,-58.5783,"3.90000 1.00000 -0.80000, 5.65000 0.10000 3.95000"
796,0.0000,Tx-Rx,0,-56.7606,"3.90000 1.00000 -0.80000, 5.35000 0.10000 3.95000"
797,0.0000,Tx-Rx,0,-58.6662,"3.90000 1.00000 -0.80000, 5.05000 0.10000 3.95000"
798,0.0000,Tx-Rx,0,-58.6101,"3.90000 1.00000 -0.80000, 4.75000 0.10000 3.95000"
799,0.0000,Tx-Rx,0,-58.3254,"3.90000 1.00000 -0.80000, 4.45000 0.10000 3.95000"
800,0.0000,Tx-Rx,0,-58.2435,"3.90000 1.00000 -0.80000, 4.15000 0.10000 3.95000"
801,0.0000,Tx-Rx,0,-58.0957,"3.90000 1.00000 -0.80000, 3.85000 0.10000 3.95000"
802,0.0000,Tx-Rx,0,-57.7015,"3.90000 1.00000 -0.80000, 3.55000 0.10000 3.95000"
803,0.0000,Tx-Rx,0,-58.0832,"3.90000 1.00000 -0.80000, 3.25000 0.10000 3.95000"
804,0.0000,Tx-Rx,0,-58.7785,"3.90000 1.00000 -0.80000, 2.95000 0.10000 3.95000"
805,0.0000,Tx-Rx,0,-58.7814,"3.90000 1.00000 -0.80000, 2.65000 0.10000 3.95000"
806,0.0000,Tx-Rx,0,-57.1587,"3.90000 1.00000 -0.80000, 2.35000 0.10000 3.95000"
807,0.0000,Tx-Rx,0,-56.4262,"3.90000 1.00000 -0.80000, 2.05000 0.10000 3.95000"
808,0.0000,Tx-Rx,0,-56.2079,"3.90000 1.00000 -0.80000, 1.75000 0.10000 3.95000"
809,0.0000,Tx-Rx,0,-57.1739,"3.90000 1.00000 -0.80000, 1.45000 0.10000 3.95000"
810,0.0000,Tx-Rx,0,-55.3940,"3.90000 1.00000 -0.80000, 1.15000 0.10000 3.95000"
811,0.0000,Tx-Rx,0,-54.8764,"3.90000 1.00000 -0.80000, 0.85000 0.10000 3.95000"
812,0.0000,Tx-Rx,0,-54.0694,"3.90000 1.00000 -0.80000, 0.55000 0.10000 3.95000"
813,0.0000,Tx-Rx,0,-54.7989,"3.90000 1.00000 -0.80000, 0.25000 0.10000 3.95000"
814,0.0000,Tx-Rx,0,-60.8548,"3.90000 1.00000 -0.80000, -0.05000 0.10000 3.95000"
815,0.0000,Tx-Rx,0,-77.0896,"3.90000 1.00000 -0.80000, -0.35000 0.10000 3.95000"
816,0.0000,Tx-Rx,0,-75.9041,"3.90000 1.00000 -0.80000, -0.65000 0.10000 3.95000"
817,0.0000,Tx-Rx,0,-75.1243,"3.90000 1.00000 -0.80000, -0.95000 0.10000 3.95000"
818,0.0000,Tx-Rx,0,-77.7173,"3.90000 1.00000 -0.80000, -1.25000 0.10000 3.95000"
819,0.0000,Tx-Rx,0,-67.4572,"3.90000 1.00000 -0.80000, -1.55000 0.10000 3.95000"
820,0.0000,Tx-Rx,0,-66.2176,"3.90000 1.00000 -0.80000, -1.85000 0.10000 3.95000"
821,0.0000,Tx-Rx,0,-66.4355,"3.90000 1.00000 -0.80000, -2.15000 0.10000 3.95000"
822,0.0000,Tx-Rx,0,-66.8533,"3.90000 1.00000 -0.80000, -2.45000 0.10000 3.95000"
823,0.0000,Tx-Rx,0,-66.6942,"3.90000 1.00000 -0.80000, -2.75000 0.10000 3.95000"
824,0.0000,Tx-Rx,0,-71.4722,"3.90000 1.00000 -0.80000, -3.05000 0.10000 3.95000"
825,0.0000,Tx-Rx,0,-73.8419,"3.90000 1.00000 -0.80000, -3.35000 0.10000 3.95000"
826,0.0000,Tx-Rx,0,-75.0430,"3.90000 1.00000 -0.80000, -3.65000 0.10000 3.95000"
827,0.0000,Tx-Rx,0,-74.9080,"3.90000 1.00000 -0.80000, -3.95000 0.10000 3.95000"
828,0.0000,Tx-Rx,0,-74.1076,"3.90000 1.00000 -0.80000, -4.25000 0.10000 3.95000"
829,0.0000,Tx-Rx,0,-72.6954,"3.90000 1.00000 -0.80000, -4.55000 0.10000 3.95000"
830,0.0000,Tx-Rx,0,-73.2123,"3.90000 1.00000 -0.80000, -4.85000 0.10000 3.95000"
831,0.0000,Tx-Rx,0,-74.6313,"3.90000 1.00000 -0.80000, -5.15000 0.10000 3.95000"
832,0.0000,Tx-Rx,0,-74.5490,"3.90000 1.00000 -0.80000, -5.45000 0.10000 3.95000"
833,0.0000,Tx-Rx,0,-75.6594,"3.90000 1.00000 -0.80000, -5.75000 0.10000 3.95000"
834,0.0000,Tx-Rx,0,-75.8046,"3.90000 1.00000 -0.80000, -6.05000 0.10000 3.95000"
835,0.0000,Tx-Rx,0,-71.7661,"3.90000 1.00000 -0.80000, -6.35000 0.10000 3.95000"
836,0.0000,Tx-Rx,0,-74.5317,"3.90000 1.00000 -0.80000, -6.65000 0.10000 3.95000"
837,0.0000,Tx-Rx,0,-78.9153,"3.90000 1.00000 -0.80000, -6.95000 0.10000 3.95000"
838,0.0000,Tx-Rx,0,-76.0559,"3.90000 1.00000 -0.80000, -7.25000 0.10000 3.95000"
839,0.0000,Tx-Rx,0,-75.3619,"3.90000 1.00000 -0.80000, -7.55000 0.10000 3.95000"
840,0.0000,Tx-Rx,0,-74.1909,"3.90000 1.00000 -0.80000, -7.85000 0.10000 3.95000"
841,0.0000,Tx-Rx,0,-87.5522,"3.90000 1.00000 -0.80000, 9.85000 0.10000 3.65000"
842,0.0000,Tx-Rx,0,-85.1355,"3.90000 1.00000 -0.80000, 9.55000 0.10000 3.65000"
843,0.0000,Tx-Rx,0,-84.6242,"3.90000 1.00000 -0.80000, 9.25000 0.10000 3.65000"
844,0.0000,Tx-Rx,0,-83.2550,"3.90000 1.00000 -0.80000, 8.95000 0.10000 3.65000"
845,0.0000,Tx-Rx,0,-79.7433,"3.90000 1.00000 -0.80000, 8.65000 0.10000 3.65000"
846,0.0000,Tx-Rx,0,-77.1617,"3.90000 1.00000 -0.80000, 8.35000 0.10000 3.65000"
847,0.0000,Tx-Rx,0,-54.5235,"3.90000 1.00000 -0.80000, 8.05000 0.10000 3.65000"
848,0.0000,Tx-Rx,0,-51.4202,"3.90000 1.00000 -0.80000, 7.75000 0.10000 3.65000"
849,0.0000,Tx-Rx,0,-54.3197,"3.90000 1.00000 -0.80000, 7.45000 0.10000 3.65000"
850,0.0000,Tx-Rx,0,-56.1235,"3.90000 1.00000 -0.80000, 7.15000 0.10000 3.65000"
851,0.0000,Tx-Rx,0,-55.8001,"3.90000 1.00000 -0.80000, 6.85000 0.10000 3.65000"
852,0.0000,Tx-Rx,0,-54.2217,"3.90000 1.00000 -0.80000, 6.55000 0.10000 3.65000"
853,0.0000,Tx-Rx,0,-58.0345,"3.90000 1.00000 -0.80000, 6.25000 0.10000 3.65000"
854,0.0000,Tx-Rx,0,-57.5603,"3.90000 1.00000 -0.80000, 5.95000 0.10000 3.65000"
855,0.0000,Tx-Rx,0,-57.8039,"3.90000 1.00000 -0.80000, 5.65000 0.10000 3.65000"
856,0.0000,Tx-Rx,0,-57.1462,"3.90000 1.00000 -0.80000, 5.35000 0.10000 3.65000"
857,0.0000,Tx-Rx,0,-55.6220,"3.90000 1.00000 -0.80000, 5.05000 0.10000 3.65000"
858,0.0000,Tx-Rx,0,-57.4517,"3.90000 1.00000 -0.80000, 4.75000 0.10000 3.65000"
859,0.0000,Tx-Rx,0,-57.9323,"3.90000 1.00000 -0.80000, 4.45000 0.10000 3.65000"
860,0.0000,Tx-Rx,0,-57.8635,"3.90000 1.00000 -0.80000, 4.15000 0.10000 3.65000"
861,0.0000,Tx-Rx,0,-57.6463,"3.90000 1.00000 -0.80000, 3.85000 0.10000 3.65000"
862,0.0000,Tx-Rx,0,-57.5447,"3.90000 1.00000 -0.80000, 3.55000 0.10000 3.65000"
863,0.0000,Tx-Rx,0,-58.0960,"3.90000 1.00000 -0.80000, 3.25000 0.10000 3.65000"
864,0.0000,Tx-Rx,0,-58.1773,"3.90000 1.00000 -0.80000, 2.95000 0.10000 3.65000"
865,0.0000,Tx-Rx,0,-57.7110,"3.90000 1.00000 -0.80000, 2.65000 0.10000 3.65000"
866,0.0000,Tx-Rx,0,-56.7235,"3.90000 1.00000 -0.80000, 2.35000 0.10000 3.65000"
867,0.0000,Tx-Rx,0,-56.0338,"3.90000 1.00000 -0.80000, 2.05000 0.10000 3.65000"
868,0.0000,Tx-Rx,0,-57.6842,"3.90000 1.00000 -0.80000, 1.75000 0.10000 3.65000"
869,0.0000,Tx-Rx,0,-55.6411,"3.90000 1.00000 -0.80000, 1.45000 0.10000 3.65000"
870,0.0000,Tx-Rx,0,-53.5487,"3.90000 1.00000 -0.80000, 1.15000 0.10000 3.65000"
871,0.0000,Tx-Rx,0,-55.5688,"3.90000 1.00000 -0.80000, 0.85000 0.10000 3.65000"
872,0.0000,Tx-Rx,0,-55.3414,"3.90000 1.00000 -0.80000, 0.55000 0.10000 3.65000"
873,0.0000,Tx-Rx,0,-52.8118,"3.90000 1.00000 -0.80000, 0.25000 0.10000 3.65000"
874,0.0000,Tx-Rx,0,-54.6900,"3.90000 1.00000 -0.80000, -0.05000 0.10000 3.65000"
875,0.0000,Tx-Rx,0,-76.8403,"3.90000 1.00000 -0.80000, -0.35000 0.10000 3.65000"
876,0.0000,Tx-Rx,0,-76.9421,"3.90000 1.00000 -0.80000, -0.65000 0.10000 3.65000"
877,0.0000,Tx-Rx,0,-75.5457,"3.90000 1.00000 -0.80000, -0.95000 0.10000 3.65000"
878,0.0000,Tx-Rx,0,-73.1918,"3.90000 1.00000 -0.80000, -1.25000 0.10000 3.65000"
879,0.0000,Tx-Rx,0,-66.7586,"3.90000 1.00000 -0.80000, -1.55000 0.10000 3.65000"
880,0.0000,Tx-Rx,0,-66.5184,"3.90000 1.00000 -0.80000, -1.85000 0.10000 3.65000"
881,0.0000,Tx-Rx,0,-66.2303,"3.90000 1.00000 -0.80000, -2.15000 0.10000 3.65000"
882,0.0000,Tx-Rx,0,-66.5969,"3.90000 1.00000 -0.80000, -2.45000 0.10000 3.65000"
883,0.0000,Tx-Rx,0,-68.5052,"3.90000 1.00000 -0.80000, -2.75000 0.10000 3.65000"
884,0.0000,Tx-Rx,0,-71.0700,"3.90000 1.00000 -0.80000, -3.05000 0.10000 3.65000"
885,0.0000,Tx-Rx,0,-72.9930,"3.90000 1.00000 -0.80000, -3.35000 0.10000 3.65000"
886,0.0000,Tx-Rx,0,-72.3756,"3.90000 1.00000 -0.80000, -3.65000 0.10000 3.65000"
887,0.0000,Tx-Rx,0,-73.3505,"3.90000 1.00000 -0.80000, -3.95000 0.10000 3.65000"
888,0.0000,Tx-Rx,0,-72.3865,"3.90000 1.00000 -0.80000, -4.25000 0.10000 3.65000"
889,0.0000,Tx-Rx,0,-72.1583,"3.90000 1.00000 -0.80000, -4.55000 0.10000 3.65000"
890,0.0000,Tx-Rx,0,-71.9750,"3.90000 1.00000 -0.80000, -4.85000 0.10000 3.65000"
891,0.0000,Tx-Rx,0,-72.4183,"3.90000 1.00000 -0.80000, -5.15000 0.10000 3.65000"
892,0.0000,Tx-Rx,0,-75.9162,"3.90000 1.00000 -0.80000, -5.45000 0.10000 3.65000"
893,0.0000,Tx-Rx,0,-74.3524,"3.90000 1.00000 -0.80000, -5.75000 0.10000 3.65000"
894,0.0000,Tx-Rx,0,-74.1323,"3.90000 1.00000 -0.80000, -6.05000 0.10000 3.65000"
895,0.0000,Tx-Rx,0,-72.6441,"3.90000 1.00000 -0.80000, -6.35000 0.10000 3.65000"
896,0.0000,Tx-Rx,0,-78.9594,"3.90000 1.00000 -0.80000, -6.65000 0.10000 3.65000"
897,0.0000,Tx-Rx,0,-75.7822,"3.90000 1.00000 -0.80000, -6.95000 0.10000 3.65000"
898,0.0000,Tx-Rx,0,-75.2796,"3.90000 1.00000 -0.80000, -7.25000 0.10000 3.65000"
899,0.0000,Tx-Rx,0,-73.7642,"3.90000 1.00000 -0.80000, -7.55000 0.10000 3.65000"
900,0.0000,Tx-Rx,0,-72.2053,"3.90000 1.00000 -0.80000, -7.85000 0.10000 3.65000"
901,0.0000,Tx-Rx,0,-87.4302,"3.90000 1.00000 -0.80000, 9.85000 0.10000 3.35000"
902,0.0000,Tx-Rx,0,-87.4421,"3.90000 1.00000 -0.80000, 9.55000 0.10000 3.35000"
903,0.0000,Tx-Rx,0,-84.8986,"3.90000 1.00000 -0.80000, 9.25000 0.10000 3.35000"
904,0.0000,Tx-Rx,0,-85.6429,"3.90000 1.00000 -0.80000, 8.95000 0.10000 3.35000"
905,0.0000,Tx-Rx,0,-83.3652,"3.90000 1.00000 -0.80000, 8.65000 0.10000 3.35000"
906,0.0000,Tx-Rx,0,-78.5171,"3.90000 1.00000 -0.80000, 8.35000 0.10000 3.35000"
907,0.0000,Tx-Rx,0,-54.3850,"3.90000 1.00000 -0.80000, 8.05000 0.10000 3.35000"
908,0.0000,Tx-Rx,0,-49.4322,"3.90000 1.00000 -0.80000, 7.75000 0.10000 3.35000"
909,0.0000,Tx-Rx,0,-52.5436,"3.90000 1.00000 -0.80000, 7.45000 0.10000 3.35000"
910,0.0000,Tx-Rx,0,-57.2199,"3.90000 1.00000 -0.80000, 7.15000 0.10000 3.35000"
911,0.0000,Tx-Rx,0,-55.6605,"3.90000 1.00000 -0.80000, 6.85000 0.10000 3.35000"
912,0.0000,Tx-Rx,0,-56.0852,"3.90000 1.00000 -0.80000, 6.55000 0.10000 3.35000"
913,0.0000,Tx-Rx,0,-56.3161,"3.90000 1.00000 -0.80000, 6.25000 0.10000 3.35000"
914,0.0000,Tx-Rx,0,-56.7698,"3.90000 1.00000 -0.80000, 5.95000 0.10000 3.35000"
915,0.0000,Tx-Rx,0,-56.2963,"3.90000 1.00000 -0.80000, 5.65000 0.10000 3.35000"
916,0.0000,Tx-Rx,0,-56.7054,"3.90000 1.00000 -0.80000, 5.35000 0.10000 3.35000"
917,0.0000,Tx-Rx,0,-56.0180,"3.90000 1.00000 -0.80000, 5.05000 0.10000 3.35000"
918,0.0000,Tx-Rx,0,-55.4025,"3.90000 1.00000 -0.80000, 4.75000 0.10000 3.35000"
919,0.0000,Tx-Rx,0,-57.0054,"3.90000 1.00000 -0.80000, 4.45000 0.10000 3.35000"
920,0.0000,Tx-Rx,0,-57.0481,"3.90000 1.00000 -0.80000, 4.15000 0.10000 3.35000"
921,0.0000,Tx-Rx,0,-57.3219,"3.90000 1.00000 -0.80000, 3.85000 0.10000 3.35000"
922,0.0000,Tx-Rx,0,-57.2940,"3.90000 1.00000 -0.80000, 3.55000 0.10000 3.35000"
923,0.0000,Tx-Rx,0,-58.0620,"3.90000 1.00000 -0.80000, 3.25000 0.10000 3.35000"
924,0.0000,Tx-Rx,0,-57.9944,"3.90000 1.00000 -0.80000, 2.95000 0.10000 3.35000"
925,0.0000,Tx-Rx,0,-56.9511,"3.90000 1.00000 -0.80000, 2.65000 0.10000 3.35000"
926,0.0000,Tx-Rx,0,-56.4454,"3.90000 1.00000 -0.80000, 2.35000 0.10000 3.35000"
927,0.0000,Tx-Rx,0,-56.9870,"3.90000 1.00000 -0.80000, 2.05000 0.10000 3.35000"
928,0.0000,Tx-Rx,0,-57.3531,"3.90000 1.00000 -0.80000, 1.75000 0.10000 3.35000"
929,0.0000,Tx-Rx,0,-56.4695,"3.90000 1.00000 -0.80000, 1.45000 0.10000 3.35000"
930,0.0000,Tx-Rx,0,-55.1159,"3.90000 1.00000 -0.80000, 1.15000 0.10000 3.35000"
931,0.0000,Tx-Rx,0,-55.9655,"3.90000 1.00000 -0.80000, 0.85000 0.10000 3.35000"
932,0.0000,Tx-Rx,0,-54.8883,"3.90000 1.00000 -0.80000, 0.55000 0.10000 3.35000"
933,0.0000,Tx-Rx,0,-49.8163,"3.90000 1.00000 -0.80000, 0.25000 0.10000 3.35000"
934,0.0000,Tx-Rx,0,-54.3072,"3.90000 1.00000 -0.80000, -0.05000 0.10000 3.35000"
935,0.0000,Tx-Rx,0,-78.5778,"3.90000 1.00000 -0.80000, -0.35000 0.10000 3.35000"
936,0.0000,Tx-Rx,0,-76.5090,"3.90000 1.00000 -0.80000, -0.65000 0.10000 3.35000"
937,0.0000,Tx-Rx,0,-76.2321,"3.90000 1.00000 -0.80000, -0.95000 0.10000 3.35000"
938,0.0000,Tx-Rx,0,-69.4633,"3.90000 1.00000 -0.80000, -1.25000 0.10000 3.35000"
939,0.0000,Tx-Rx,0,-66.6518,"3.90000 1.00000 -0.80000, -1.55000 0.10000 3.35000"
940,0.0000,Tx-Rx,0,-66.5360,"3.90000 1.00000 -0.80000, -1.85000 0.10000 3.35000"
941,0.0000,Tx-Rx,0,-66.3136,"3.90000 1.00000 -0.80000, -2.15000 0.10000 3.35000"
942,0.0000,Tx-Rx,0,-66.3638,"3.90000 1.00000 -0.80000, -2.45000 0.10000 3.35000"
943,0.0000,Tx-Rx,0,-68.8864,"3.90000 1.00000 -0.80000, -2.75000 0.10000 3.35000"
944,0.0000,Tx-Rx,0,-75.9320,"3.90000 1.00000 -0.80000, -3.05000 0.10000 3.35000"
945,0.0000,Tx-Rx,0,-73.7748,"3.90000 1.00000 -0.80000, -3.35000 0.10000 3.35000"
946,0.0000,Tx-Rx,0,-72.6911,"3.90000 1.00000 -0.80000, -3.65000 0.10000 3.35000"
947,0.0000,Tx-Rx,0,-71.1532,"3.90000 1.00000 -0.80000, -3.95000 0.10000 3.35000"
948,0.0000,Tx-Rx,0,-71.2689,"3.90000 1.00000 -0.80000, -4.25000 0.10000 3.35000"
949,0.0000,Tx-Rx,0,-72.1838,"3.90000 1.00000 -0.80000, -4.55000 0.10000 3.35000"
950,0.0000,Tx-Rx,0,-72.7537,"3.90000 1.00000 -0.80000, -4.85000 0.10000 3.35000"
951,0.0000,Tx-Rx,0,-71.2616,"3.90000 1.00000 -0.80000, -5.15000 0.10000 3.35000"
952,0.0000,Tx-Rx,0,-70.7417,"3.90000 1.00000 -0.80000, -5.45000 0.10000 3.35000"
953,0.0000,Tx-Rx,0,-73.5386,"3.90000 1.00000 -0.80000, -5.75000 0.10000 3.35000"
954,0.0000,Tx-Rx,0,-73.3386,"3.90000 1.00000 -0.80000, -6.05000 0.10000 3.35000"
955,0.0000,Tx-Rx,0,-76.6082,"3.90000 1.00000 -0.80000, -6.35000 0.10000 3.35000"
956,0.0000,Tx-Rx,0,-77.8756,"3.90000 1.00000 -0.80000, -6.65000 0.10000 3.35000"
957,0.0000,Tx-Rx,0,-75.6000,"3.90000 1.00000 -0.80000, -6.95000 0.10000 3.35000"
958,0.0000,Tx-Rx,0,-73.0954,"3.90000 1.00000 -0.80000, -7.25000 0.10000 3.35000"
959,0.0000,Tx-Rx,0,-72.1175,"3.90000 1.00000 -0.80000, -7.55000 0.10000 3.35000"
960,0.0000,Tx-Rx,0,-72.3457,"3.90000 1.00000 -0.80000, -7.85000 0.10000 3.35000"
961,0.0000,Tx-Rx,0,-69.2948,"3.90000 1.00000 -0.80000, 9.85000 0.10000 3.05000"
962,0.0000,Tx-Rx,0,-67.0100,"3.90000 1.00000 -0.80000, 9.55000 0.10000 3.05000"
963,0.0000,Tx-Rx,0,-64.7433,"3.90000 1.00000 -0.80000, 9.25000 0.10000 3.05000"
964,0.0000,Tx-Rx,0,-60.8105,"3.90000 1.00000 -0.80000, 8.95000 0.10000 3.05000"
965,0.0000,Tx-Rx,0,-60.5443,"3.90000 1.00000 -0.80000, 8.65000 0.10000 3.05000"
966,0.0000,Tx-Rx,0,-60.4200,"3.90000 1.00000 -0.80000, 8.35000 0.10000 3.05000"
967,0.0000,Tx-Rx,0,-53.8055,"3.90000 1.00000 -0.80000, 8.05000 0.10000 3.05000"
968,0.0000,Tx-Rx,0,-49.9706,"3.90000 1.00000 -0.80000, 7.75000 0.10000 3.05000"
969,0.0000,Tx-Rx,0,-49.9539,"3.90000 1.00000 -0.80000, 7.45000 0.10000 3.05000"
970,0.0000,Tx-Rx,0,-53.5107,"3.90000 1.00000 -0.80000, 7.15000 0.10000 3.05000"
971,0.0000,Tx-Rx,0,-56.0724,"3.90000 1.00000 -0.80000, 6.85000 0.10000 3.05000"
972,0.0000,Tx-Rx,0,-55.5078,"3.90000 1.00000 -0.80000, 6.55000 0.10000 3.05000"
973,0.0000,Tx-Rx,0,-55.8262,"3.90000 1.00000 -0.80000, 6.25000 0.10000 3.05000"
974,0.0000,Tx-Rx,0,-55.6498,"3.90000 1.00000 -0.80000, 5.95000 0.10000 3.05000"
975,0.0000,Tx-Rx,0,-56.0017,"3.90000 1.00000 -0.80000, 5.65000 0.10000 3.05000"
976,0.0000,Tx-Rx,0,-56.4692,"3.90000 1.00000 -0.80000, 5.35000 0.10000 3.05000"
977,0.0000,Tx-Rx,0,-56.0248,"3.90000 1.00000 -0.80000, 5.05000 0.10000 3.05000"
978,0.0000,Tx-Rx,0,-55.7066,"3.90000 1.00000 -0.80000, 4.75000 0.10000 3.05000"
979,0.0000,Tx-Rx,0,-55.6977,"3.90000 1.00000 -0.80000, 4.45000 0.10000 3.05000"
980,0.0000,Tx-Rx,0,-56.3625,"3.90000 1.00000 -0.80000, 4.15000 0.10000 3.05000"
981,0.0000,Tx-Rx,0,-57.2329,"3.90000 1.00000 -0.80000, 3.85000 0.10000 3.05000"
982,0.0000,Tx-Rx,0,-57.5102,"3.90000 1.00000 -0.80000, 3.55000 0.10000 3.05000"
983,0.0000,Tx-Rx,0,-58.1581,"3.90000 1.00000 -0.80000, 3.25000 0.10000 3.05000"
984,0.0000,Tx-Rx,0,-57.0040,"3.90000 1.00000 -0.80000, 2.95000 0.10000 3.05000"
985,0.0000,Tx-Rx,0,-56.6901,"3.90000 1.00000 -0.80000, 2.65000 0.10000 3.05000"
986,0.0000,Tx-Rx,0,-56.3236,"3.90000 1.00000 -0.80000, 2.35000 0.10000 3.05000"
987,0.0000,Tx-Rx,0,-57.3365,"3.90000 1.00000 -0.80000, 2.05000 0.10000 3.05000"
988,0.0000,Tx-Rx,0,-56.1875,"3.90000 1.00000 -0.80000, 1.75000 0.10000 3.05000"
989,0.0000,Tx-Rx,0,-56.9409,"3.90000 1.00000 -0.80000, 1.45000 0.10000 3.05000"
990,0.0000,Tx-Rx,0,-55.4748,"3.90000 1.00000 -0.80000, 1.15000 0.10000 3.05000"
991,0.0000,Tx-Rx,0,-55.4643,"3.90000 1.00000 -0.80000, 0.85000 0.10000 3.05000"
992,0.0000,Tx-Rx,0,-50.1235,"3.90000 1.00000 -0.80000, 0.55000 0.10000 3.05000"
993,0.0000,Tx-Rx,0,-49.7611,"3.90000 1.00000 -0.80000, 0.25000 0.10000 3.05000"
994,0.0000,Tx-Rx,0,-55.8079,"3.90000 1.00000 -0.80000, -0.05000 0.10000 3.05000"
995,0.0000,Tx-Rx,0,-79.9468,"3.90000 1.00000 -0.80000, -0.35000 0.10000 3.05000"
996,0.0000,Tx-Rx,0,-74.6219,"3.90000 1.00000 -0.80000, -0.65000 0.10000 3.05000"
997,0.0000,Tx-Rx,0,-76.6224,"3.90000 1.00000 -0.80000, -0.95000 0.10000 3.05000"
998,0.0000,Tx-Rx,0,-67.4713,"3.90000 1.00000 -0.80000, -1.25000 0.10000 3.05000"
999,0.0000,Tx-Rx,0,-66.4630,"3.90000 1.00000 -0.80000, -1.55000 0.10000 3.05000"
1000,0.0000,Tx-Rx,0,-66.2747,"3.90000 1.00000 -0.80000, -1.85000 0.10000 3.05000"
1001,0.0000,Tx-Rx,0,-65.9654,"3.90000 1.00000 -0.80000, -2.15000 0.10000 3.05000"
1002,0.0000,Tx-Rx,0,-66.2503,"3.90000 1.00000 -0.80000, -2.45000 0.10000 3.05000"
1003,0.0000,Tx-Rx,0,-68.3746,"3.90000 1.00000 -0.80000, -2.75000 0.10000 3.05000"
1004,0.0000,Tx-Rx,0,-75.3083,"3.90000 1.00000 -0.80000, -3.05000 0.10000 3.05000"
1005,0.0000,Tx-Rx,0,-76.2377,"3.90000 1.00000 -0.80000, -3.35000 0.10000 3.05000"
1006,0.0000,Tx-Rx,0,-72.7099,"3.90000 1.00000 -0.80000, -3.65000 0.10000 3.05000"
1007,0.0000,Tx-Rx,0,-70.0874,"3.90000 1.00000 -0.80000, -3.95000 0.10000 3.05000"
1008,0.0000,Tx-Rx,0,-69.6100,"3.90000 1.00000 -0.80000, -4.25000 0.10000 3.05000"
1009,0.0000,Tx-Rx,0,-69.5337,"3.90000 1.00000 -0.80000, -4.55000 0.10000 3.05000"
1010,0.0000,Tx-Rx,0,-70.6447,"3.90000 1.00000 -0.80000, -4.85000 0.10000 3.05000"
1011,0.0000,Tx-Rx,0,-69.5522,"3.90000 1.00000 -0.80000, -5.15000 0.10000 3.05000"
1012,0.0000,Tx-Rx,0,-68.6570,"3.90000 1.00000 -0.80000, -5.45000 0.10000 3.05000"
1013,0.0000,Tx-Rx,0,-68.5506,"3.90000 1.00000 -0.80000, -5.75000 0.10000 3.05000"
1014,0.0000,Tx-Rx,0,-71.9652,"3.90000 1.00000 -0.80000, -6.05000 0.10000 3.05000"
1015,0.0000,Tx-Rx,0,-73.1211,"3.90000 1.00000 -0.80000, -6.35000 0.10000 3.05000"
1016,0.0000,Tx-Rx,0,-73.3302,"3.90000 1.00000 -0.80000, -6.65000 0.10000 3.05000"
1017,0.0000,Tx-Rx,0,-71.8605,"3.90000 1.00000 -0.80000, -6.95000 0.10000 3.05000"
1018,0.0000,Tx-Rx,0,-72.4801,"3.90000 1.00000 -0.80000, -7.25000 0.10000 3.05000"
1019,0.0000,Tx-Rx,0,-72.2007,"3.90000 1.00000 -0.80000, -7.55000 0.10000 3.05000"
1020,0.0000,Tx-Rx,0,-72.0472,"3.90000 1.00000 -0.80000, -7.85000 0.10000 3.05000"
1021,0.0000,Tx-Rx,0,-64.0264,"3.90000 1.00000 -0.80000, 9.85000 0.10000 2.75000"
1022,0.0000,Tx-Rx,0,-62.3809,"3.90000 1.00000 -0.80000, 9.55000 0.10000 2.75000"
1023,0.0000,Tx-Rx,0,-60.4969,"3.90000 1.00000 -0.80000, 9.25000 0.10000 2.75000"
1024,0.0000,Tx-Rx,0,-59.1631,"3.90000 1.00000 -0.80000, 8.95000 0.10000 2.75000"
1025,0.0000,Tx-Rx,0,-56.3282,"3.90000 1.00000 -0.80000, 8.65000 0.10000 2.75000"
1026,0.0000,Tx-Rx,0,-55.4296,"3.90000 1.00000 -0.80000, 8.35000 0.10000 2.75000"
1027,0.0000,Tx-Rx,0,-55.6585,"3.90000 1.00000 -0.80000, 8.05000 0.10000 2.75000"
1028,0.0000,Tx-Rx,0,-51.4152,"3.90000 1.00000 -0.80000, 7.75000 0.10000 2.75000"
1029,0.0000,Tx-Rx,0,-49.6061,"3.90000 1.00000 -0.80000, 7.45000 0.10000 2.75000"
1030,0.0000,Tx-Rx,0,-49.4976,"3.90000 1.00000 -0.80000, 7.15000 0.10000 2.75000"
1031,0.0000,Tx-Rx,0,-53.6695,"3.90000 1.00000 -0.80000, 6.85000 0.10000 2.75000"
1032,0.0000,Tx-Rx,0,-55.7400,"3.90000 1.00000 -0.80000, 6.55000 0.10000 2.75000"
1033,0.0000,Tx-Rx,0,-56.1214,"3.90000 1.00000 -0.80000, 6.25000 0.10000 2.75000"
1034,0.0000,Tx-Rx,0,-55.3014,"3.90000 1.00000 -0.80000, 5.95000 0.10000 2.75000"
1035,0.0000,Tx-Rx,0,-55.8062,"3.90000 1.00000 -0.80000, 5.65000 0.10000 2.75000"
1036,0.0000,Tx-Rx,0,-55.7291,"3.90000 1.00000 -0.80000, 5.35000 0.10000 2.75000"
1037,0.0000,Tx-Rx,0,-56.2987,"3.90000 1.00000 -0.80000, 5.05000 0.10000 2.75000"
1038,0.0000,Tx-Rx,0,-56.2785,"3.90000 1.00000 -0.80000, 4.75000 0.10000 2.75000"
1039,0.0000,Tx-Rx,0,-56.1313,"3.90000 1.00000 -0.80000, 4.45000 0.10000 2.75000"
1040,0.0000,Tx-Rx,0,-56.1416,"3.90000 1.00000 -0.80000, 4.15000 0.10000 2.75000"
1041,0.0000,Tx-Rx,0,-57.1856,"3.90000 1.00000 -0.80000, 3.85000 0.10000 2.75000"
1042,0.0000,Tx-Rx,0,-56.9281,"3.90000 1.00000 -0.80000, 3.55000 0.10000 2.75000"
1043,0.0000,Tx-Rx,0,-56.7327,"3.90000 1.00000 -0.80000, 3.25000 0.10000 2.75000"
1044,0.0000,Tx-Rx,0,-56.3336,"3.90000 1.00000 -0.80000, 2.95000 0.10000 2.75000"
1045,0.0000,Tx-Rx,0,-56.6533,"3.90000 1.00000 -0.80000, 2.65000 0.10000 2.75000"
1046,0.0000,Tx-Rx,0,-57.0163,"3.90000 1.00000 -0.80000, 2.35000 0.10000 2.75000"
1047,0.0000,Tx-Rx,0,-55.2030,"3.90000 1.00000 -0.80000, 2.05000 0.10000 2.75000"
1048,0.0000,Tx-Rx,0,-56.5583,"3.90000 1.00000 -0.80000, 1.75000 0.10000 2.75000"
1049,0.0000,Tx-Rx,0,-56.3138,"3.90000 1.00000 -0.80000, 1.45000 0.10000 2.75000"
1050,0.0000,Tx-Rx,0,-54.6001,"3.90000 1.00000 -0.80000, 1.15000 0.10000 2.75000"
1051,0.0000,Tx-Rx,0,-49.7960,"3.90000 1.00000 -0.80000, 0.85000 0.10000 2.75000"
1052,0.0000,Tx-Rx,0,-48.9763,"3.90000 1.00000 -0.80000, 0.55000 0.10000 2.75000"
1053,0.0000,Tx-Rx,0,-51.5646,"3.90000 1.00000 -0.80000, 0.25000 0.10000 2.75000"
1054,0.0000,Tx-Rx,0,-57.3772,"3.90000 1.00000 -0.80000, -0.05000 0.10000 2.75000"
1055,0.0000,Tx-Rx,0,-77.5090,"3.90000 1.00000 -0.80000, -0.35000 0.10000 2.75000"
1056,0.0000,Tx-Rx,0,-74.5774,"3.90000 1.00000 -0.80000, -0.65000 0.10000 2.75000"
1057,0.0000,Tx-Rx,0,-73.2094,"3.90000 1.00000 -0.80000, -0.95000 0.10000 2.75000"
1058,0.0000,Tx-Rx,0,-66.3329,"3.90000 1.00000 -0.80000, -1.25000 0.10000 2.75000"
1059,0.0000,Tx-Rx,0,-66.0098,"3.90000 1.00000 -0.80000, -1.55000 0.10000 2.75000"
1060,0.0000,Tx-Rx,0,-65.8118,"3.90000 1.00000 -0.80000, -1.85000 0.10000 2.75000"
1061,0.0000,Tx-Rx,0,-65.7699,"3.90000 1.00000 -0.80000, -2.15000 0.10000 2.75000"
1062,0.0000,Tx-Rx,0,-66.1683,"3.90000 1.00000 -0.80000, -2.45000 0.10000 2.75000"
1063,0.0000,Tx-Rx,0,-71.8874,"3.90000 1.00000 -0.80000, -2.75000 0.10000 2.75000"
1064,0.0000,Tx-Rx,0,-76.4714,"3.90000 1.00000 -0.80000, -3.05000 0.10000 2.75000"
1065,0.0000,Tx-Rx,0,-73.7220,"3.90000 1.00000 -0.80000, -3.35000 0.10000 2.75000"
1066,0.0000,Tx-Rx,0,-72.4610,"3.90000 1.00000 -0.80000, -3.65000 0.10000 2.75000"
1067,0.0000,Tx-Rx,0,-72.0713,"3.90000 1.00000 -0.80000, -3.95000 0.10000 2.75000"
1068,0.0000,Tx-Rx,0,-70.7624,"3.90000 1.00000 -0.80000, -4.25000 0.10000 2.75000"
1069,0.0000,Tx-Rx,0,-68.5934,"3.90000 1.00000 -0.80000, -4.55000 0.10000 2.75000"
1070,0.0000,Tx-Rx,0,-68.7509,"3.90000 1.00000 -0.80000, -4.85000 0.10000 2.75000"
1071,0.0000,Tx-Rx,0,-69.2578,"3.90000 1.00000 -0.80000, -5.15000 0.10000 2.75000"
1072,0.0000,Tx-Rx,0,-68.1264,"3.90000 1.00000 -0.80000, -5.45000 0.10000 2.75000"
1073,0.0000,Tx-Rx,0,-69.2834,"3.90000 1.00000 -0.80000, -5.75000 0.10000 2.75000"
1074,0.0000,Tx-Rx,0,-69.1879,"3.90000 1.00000 -0.80000, -6.05000 0.10000 2.75000"
1075,0.0000,Tx-Rx,0,-70.4297,"3.90000 1.00000 -0.80000, -6.35000 0.10000 2.75000"
1076,0.0000,Tx-Rx,0,-70.6725,"3.90000 1.00000 -0.80000, -6.65000 0.10000 2.75000"
1077,0.0000,Tx-Rx,0,-71.9738,"3.90000 1.00000 -0.80000, -6.95000 0.10000 2.75000"
1078,0.0000,Tx-Rx,0,-72.4168,"3.90000 1.00000 -0.80000, -7.25000 0.10000 2.75000"
1079,0.0000,Tx-Rx,0,-72.0429,"3.90000 1.00000 -0.80000, -7.55000 0.10000 2.75000"
1080,0.0000,Tx-Rx,0,-71.8887,"3.90000 1.00000 -0.80000, -7.85000 0.10000 2.75000"
1081,0.0000,Tx-Rx,0,-60.5966,"3.90000 1.00000 -0.80000, 9.85000 0.10000 2.45000"
1082,0.0000,Tx-Rx,0,-60.4428,"3.90000 1.00000 -0.80000, 9.55000 0.10000 2.45000"
1083,0.0000,Tx-Rx,0,-60.0604,"3.90000 1.00000 -0.80000, 9.25000 0.10000 2.45000"
1084,0.0000,Tx-Rx,0,-59.0529,"3.90000 1.00000 -0.80000, 8.95000 0.10000 2.45000"
1085,0.0000,Tx-Rx,0,-57.7307,"3.90000 1.00000 -0.80000, 8.65000 0.10000 2.45000"
1086,0.0000,Tx-Rx,0,-55.7968,"3.90000 1.00000 -0.80000, 8.35000 0.10000 2.45000"
1087,0.0000,Tx-Rx,0,-55.0615,"3.90000 1.00000 -0.80000, 8.05000 0.10000 2.45000"
1088,0.0000,Tx-Rx,0,-54.4966,"3.90000 1.00000 -0.80000, 7.75000 0.10000 2.45000"
1089,0.0000,Tx-Rx,0,-51.3407,"3.90000 1.00000 -0.80000, 7.45000 0.10000 2.45000"
1090,0.0000,Tx-Rx,0,-48.8698,"3.90000 1.00000 -0.80000, 7.15000 0.10000 2.45000"
1091,0.0000,Tx-Rx,0,-50.3674,"3.90000 1.00000 -0.80000, 6.85000 0.10000 2.45000"
1092,0.0000,Tx-Rx,0,-55.9718,"3.90000 1.00000 -0.80000, 6.55000 0.10000 2.45000"
1093,0.0000,Tx-Rx,0,-56.1287,"3.90000 1.00000 -0.80000, 6.25000 0.10000 2.45000"
1094,0.0000,Tx-Rx,0,-55.8628,"3.90000 1.00000 -0.80000, 5.95000 0.10000 2.45000"
1095,0.0000,Tx-Rx,0,-55.3332,"3.90000 1.00000 -0.80000, 5.65000 0.10000 2.45000"
1096,0.0000,Tx-Rx,0,-55.7392,"3.90000 1.00000 -0.80000, 5.35000 0.10000 2.45000"
1097,0.0000,Tx-Rx,0,-56.5330,"3.90000 1.00000 -0.80000, 5.05000 0.10000 2.45000"
1098,0.0000,Tx-Rx,0,-56.1782,"3.90000 1.00000 -0.80000, 4.75000 0.10000 2.45000"
1099,0.0000,Tx-Rx,0,-56.3281,"3.90000 1.00000 -0.80000, 4.45000 0.10000 2.45000"
1100,0.0000,Tx-Rx,0,-55.7019,"3.90000 1.00000 -0.80000, 4.15000 0.10000 2.45000"
1101,0.0000,Tx-Rx,0,-56.1571,"3.90000 1.00000 -0.80000, 3.85000 0.10000 2.45000"
1102,0.0000,Tx-Rx,0,-56.3817,"3.90000 1.00000 -0.80000, 3.55000 0.10000 2.45000"
1103,0.0000,Tx-Rx,0,-56.0572,"3.90000 1.00000 -0.80000, 3.25000 0.10000 2.45000"
1104,0.0000,Tx-Rx,0,-55.2690,"3.90000 1.00000 -0.80000, 2.95000 0.10000 2.45000"
1105,0.0000,Tx-Rx,0,-55.4931,"3.90000 1.00000 -0.80000, 2.65000 0.10000 2.45000"
1106,0.0000,Tx-Rx,0,-53.9910,"3.90000 1.00000 -0.80000, 2.35000 0.10000 2.45000"
1107,0.0000,Tx-Rx,0,-53.3011,"3.90000 1.00000 -0.80000, 2.05000 0.10000 2.45000"
1108,0.0000,Tx-Rx,0,-54.2675,"3.90000 1.00000 -0.80000, 1.75000 0.10000 2.45000"
1109,0.0000,Tx-Rx,0,-54.2386,"3.90000 1.00000 -0.80000, 1.45000 0.10000 2.45000"
1110,0.0000,Tx-Rx,0,-53.6246,"3.90000 1.00000 -0.80000, 1.15000 0.10000 2.45000"
1111,0.0000,Tx-Rx,0,-49.3632,"3.90000 1.00000 -0.80000, 0.85000 0.10000 2.45000"
1112,0.0000,Tx-Rx,0,-51.1790,"3.90000 1.00000 -0.80000, 0.55000 0.10000 2.45000"
1113,0.0000,Tx-Rx,0,-52.5445,"3.90000 1.00000 -0.80000, 0.25000 0.10000 2.45000"
1114,0.0000,Tx-Rx,0,-57.4535,"3.90000 1.00000 -0.80000, -0.05000 0.10000 2.45000"
1115,0.0000,Tx-Rx,0,-77.5345,"3.90000 1.00000 -0.80000, -0.35000 0.10000 2.45000"
1116,0.0000,Tx-Rx,0,-74.6580,"3.90000 1.00000 -0.80000, -0.65000 0.10000 2.45000"
1117,0.0000,Tx-Rx,0,-68.6128,"3.90000 1.00000 -0.80000, -0.95000 0.10000 2.45000"
1118,0.0000,Tx-Rx,0,-65.9515,"3.90000 1.00000 -0.80000, -1.25000 0.10000 2.45000"
1119,0.0000,Tx-Rx,0,-65.7935,"3.90000 1.00000 -0.80000, -1.55000 0.10000 2.45000"
1120,0.0000,Tx-Rx,0,-65.7397,"3.90000 1.00000 -0.80000, -1.85000 0.10000 2.45000"
1121,0.0000,Tx-Rx,0,-65.7897,"3.90000 1.00000 -0.80000, -2.15000 0.10000 2.45000"
1122,0.0000,Tx-Rx,0,-67.0711,"3.90000 1.00000 -0.80000, -2.45000 0.10000 2.45000"
1123,0.0000,Tx-Rx,0,-76.7414,"3.90000 1.00000 -0.80000, -2.75000 0.10000 2.45000"
1124,0.0000,Tx-Rx,0,-72.7019,"3.90000 1.00000 -0.80000, -3.05000 0.10000 2.45000"
1125,0.0000,Tx-Rx,0,-71.8281,"3.90000 1.00000 -0.80000, -3.35000 0.10000 2.45000"
1126,0.0000,Tx-Rx,0,-72.0834,"3.90000 1.00000 -0.80000, -3.65000 0.10000 2.45000"
1127,0.0000,Tx-Rx,0,-72.0973,"3.90000 1.00000 -0.80000, -3.95000 0.10000 2.45000"
1128,0.0000,Tx-Rx,0,-71.5288,"3.90000 1.00000 -0.80000, -4.25000 0.10000 2.45000"
1129,0.0000,Tx-Rx,0,-71.1898,"3.90000 1.00000 -0.80000, -4.55000 0.10000 2.45000"
1130,0.0000,Tx-Rx,0,-69.7037,"3.90000 1.00000 -0.80000, -4.85000 0.10000 2.45000"
1131,0.0000,Tx-Rx,0,-67.9098,"3.90000 1.00000 -0.80000, -5.15000 0.10000 2.45000"
1132,0.0000,Tx-Rx,0,-68.4938,"3.90000 1.00000 -0.80000, -5.45000 0.10000 2.45000"
1133,0.0000,Tx-Rx,0,-69.4643,"3.90000 1.00000 -0.80000, -5.75000 0.10000 2.45000"
1134,0.0000,Tx-Rx,0,-68.6698,"3.90000 1.00000 -0.80000, -6.05000 0.10000 2.45000"
1135,0.0000,Tx-Rx,0,-67.9901,"3.90000 1.00000 -0.80000, -6.35000 0.10000 2.45000"
1136,0.0000,Tx-Rx,0,-68.4427,"3.90000 1.00000 -0.80000, -6.65000 0.10000 2.45000"
1137,0.0000,Tx-Rx,0,-70.7593,"3.90000 1.00000 -0.80000, -6.95000 0.10000 2.45000"
1138,0.0000,Tx-Rx,0,-72.1491,"3.90000 1.00000 -0.80000, -7.25000 0.10000 2.45000"
1139,0.0000,Tx-Rx,0,-72.2894,"3.90000 1.00000 -0.80000, -7.55000 0.10000 2.45000"
1140,0.0000,Tx-Rx,0,-75.3455,"3.90000 1.00000 -0.80000, -7.85000 0.10000 2.45000"
1141,0.0000,Tx-Rx,0,-57.7951,"3.90000 1.00000 -0.80000, 9.85000 0.10000 2.15000"
1142,0.0000,Tx-Rx,0,-57.0248,"3.90000 1.00000 -0.80000, 9.55000 0.10000 2.15000"
1143,0.0000,Tx-Rx,0,-55.9308,"3.90000 1.00000 -0.80000, 9.25000 0.10000 2.15000"
1144,0.0000,Tx-Rx,0,-55.0187,"3.90000 1.00000 -0.80000, 8.95000 0.10000 2.15000"
1145,0.0000,Tx-Rx,0,-55.2415,"3.90000 1.00000 -0.80000, 8.65000 0.10000 2.15000"
1146,0.0000,Tx-Rx,0,-54.9353,"3.90000 1.00000 -0.80000, 8.35000 0.10000 2.15000"
1147,0.0000,Tx-Rx,0,-54.2054,"3.90000 1.00000 -0.80000, 8.05000 0.10000 2.15000"
1148,0.0000,Tx-Rx,0,-54.1299,"3.90000 1.00000 -0.80000, 7.75000 0.10000 2.15000"
1149,0.0000,Tx-Rx,0,-54.5681,"3.90000 1.00000 -0.80000, 7.45000 0.10000 2.15000"
1150,0.0000,Tx-Rx,0,-51.3425,"3.90000 1.00000 -0.80000, 7.15000 0.10000 2.15000"
1151,0.0000,Tx-Rx,0,-51.7283,"3.90000 1.00000 -0.80000, 6.85000 0.10000 2.15000"
1152,0.0000,Tx-Rx,0,-56.1192,"3.90000 1.00000 -0.80000, 6.55000 0.10000 2.15000"
1153,0.0000,Tx-Rx,0,-56.6524,"3.90000 1.00000 -0.80000, 6.25000 0.10000 2.15000"
1154,0.0000,Tx-Rx,0,-56.4579,"3.90000 1.00000 -0.80000, 5.95000 0.10000 2.15000"
1155,0.0000,Tx-Rx,0,-54.9905,"3.90000 1.00000 -0.80000, 5.65000 0.10000 2.15000"
1156,0.0000,Tx-Rx,0,-55.9892,"3.90000 1.00000 -0.80000, 5.35000 0.10000 2.15000"
1157,0.0000,Tx-Rx,0,-56.2841,"3.90000 1.00000 -0.80000, 5.05000 0.10000 2.15000"
1158,0.0000,Tx-Rx,0,-53.9593,"3.90000 1.00000 -0.80000, 4.75000 0.10000 2.15000"
1159,0.0000,Tx-Rx,0,-55.2174,"3.90000 1.00000 -0.80000, 4.45000 0.10000 2.15000"
1160,0.0000,Tx-Rx,0,-55.2783,"3.90000 1.00000 -0.80000, 4.15000 0.10000 2.15000"
1161,0.0000,Tx-Rx,0,-54.0758,"3.90000 1.00000 -0.80000, 3.85000 0.10000 2.15000"
1162,0.0000,Tx-Rx,0,-54.4859,"3.90000 1.00000 -0.80000, 3.55000 0.10000 2.15000"
1163,0.0000,Tx-Rx,0,-52.1418,"3.90000 1.00000 -0.80000, 3.25000 0.10000 2.15000"
1164,0.0000,Tx-Rx,0,-53.0949,"3.90000 1.00000 -0.80000, 2.95000 0.10000 2.15000"
1165,0.0000,Tx-Rx,0,-52.5074,"3.90000 1.00000 -0.80000, 2.65000 0.10000 2.15000"
1166,0.0000,Tx-Rx,0,-51.9772,"3.90000 1.00000 -0.80000, 2.35000 0.10000 2.15000"
1167,0.0000,Tx-Rx,0,-52.7559,"3.90000 1.00000 -0.80000, 2.05000 0.10000 2.15000"
1168,0.0000,Tx-Rx,0,-53.7552,"3.90000 1.00000 -0.80000, 1.75000 0.10000 2.15000"
1169,0.0000,Tx-Rx,0,-53.9768,"3.90000 1.00000 -0.80000, 1.45000 0.10000 2.15000"
1170,0.0000,Tx-Rx,0,-52.3273,"3.90000 1.00000 -0.80000, 1.15000 0.10000 2.15000"
1171,0.0000,Tx-Rx,0,-51.9016,"3.90000 1.00000 -0.80000, 0.85000 0.10000 2.15000"
1172,0.0000,Tx-Rx,0,-52.6861,"3.90000 1.00000 -0.80000, 0.55000 0.10000 2.15000"
1173,0.0000,Tx-Rx,0,-53.0969,"3.90000 1.00000 -0.80000, 0.25000 0.10000 2.15000"
1174,0.0000,Tx-Rx,0,-58.1761,"3.90000 1.00000 -0.80000, -0.05000 0.10000 2.15000"
1175,0.0000,Tx-Rx,0,-75.9850,"3.90000 1.00000 -0.80000, -0.35000 0.10000 2.15000"
1176,0.0000,Tx-Rx,0,-74.0259,"3.90000 1.00000 -0.80000, -0.65000 0.10000 2.15000"
1177,0.0000,Tx-Rx,0,-66.8827,"3.90000 1.00000 -0.80000, -0.95000 0.10000 2.15000"
1178,0.0000,Tx-Rx,0,-65.6051,"3.90000 1.00000 -0.80000, -1.25000 0.10000 2.15000"
1179,0.0000,Tx-Rx,0,-65.5730,"3.90000 1.00000 -0.80000, -1.55000 0.10000 2.15000"
1180,0.0000,Tx-Rx,0,-65.4253,"3.90000 1.00000 -0.80000, -1.85000 0.10000 2.15000"
1181,0.0000,Tx-Rx,0,-65.7318,"3.90000 1.00000 -0.80000, -2.15000 0.10000 2.15000"
1182,0.0000,Tx-Rx,0,-69.5724,"3.90000 1.00000 -0.80000, -2.45000 0.10000 2.15000"
1183,0.0000,Tx-Rx,0,-72.3033,"3.90000 1.00000 -0.80000, -2.75000 0.10000 2.15000"
1184,0.0000,Tx-Rx,0,-70.7723,"3.90000 1.00000 -0.80000, -3.05000 0.10000 2.15000"
1185,0.0000,Tx-Rx,0,-71.1724,"3.90000 1.00000 -0.80000, -3.35000 0.10000 2.15000"
1186,0.0000,Tx-Rx,0,-71.2419,"3.90000 1.00000 -0.80000, -3.65000 0.10000 2.15000"
1187,0.0000,Tx-Rx,0,-71.3779,"3.90000 1.00000 -0.80000, -3.95000 0.10000 2.15000"
1188,0.0000,Tx-Rx,0,-71.0370,"3.90000 1.00000 -0.80000, -4.25000 0.10000 2.15000"
1189,0.0000,Tx-Rx,0,-71.5295,"3.90000 1.00000 -0.80000, -4.55000 0.10000 2.15000"
1190,0.0000,Tx-Rx,0,-70.2033,"3.90000 1.00000 -0.80000, -4.85000 0.10000 2.15000"
1191,0.0000,Tx-Rx,0,-68.4410,"3.90000 1.00000 -0.80000, -5.15000 0.10000 2.15000"
1192,0.0000,Tx-Rx,0,-68.0139,"3.90000 1.00000 -0.80000, -5.45000 0.10000 2.15000"
1193,0.0000,Tx-Rx,0,-67.8250,"3.90000 1.00000 -0.80000, -5.75000 0.10000 2.15000"
1194,0.0000,Tx-Rx,0,-67.9581,"3.90000 1.00000 -0.80000, -6.05000 0.10000 2.15000"
1195,0.0000,Tx-Rx,0,-67.5406,"3.90000 1.00000 -0.80000, -6.35000 0.10000 2.15000"
1196,0.0000,Tx-Rx,0,-67.7940,"3.90000 1.00000 -0.80000, -6.65000 0.10000 2.15000"
1197,0.0000,Tx-Rx,0,-68.5980,"3.90000 1.00000 -0.80000, -6.95000 0.10000 2.15000"
1198,0.0000,Tx-Rx,0,-70.3681,"3.90000 1.00000 -0.80000, -7.25000 0.10000 2.15000"
1199,0.0000,Tx-Rx,0,-75.8628,"3.90000 1.00000 -0.80000, -7.55000 0.10000 2.15000"
1200,0.0000,Tx-Rx,0,-76.6586,"3.90000 1.00000 -0.80000, -7.85000 0.10000 2.15000"
1201,0.0000,Tx-Rx,0,-52.9771,"3.90000 1.00000 -0.80000, 9.85000 0.10000 1.85000"
1202,0.0000,Tx-Rx,0,-55.2183,"3.90000 1.00000 -0.80000, 9.55000 0.10000 1.85000"
1203,0.0000,Tx-Rx,0,-55.6546,"3.90000 1.00000 -0.80000, 9.25000 0.10000 1.85000"
1204,0.0000,Tx-Rx,0,-55.2435,"3.90000 1.00000 -0.80000, 8.95000 0.10000 1.85000"
1205,0.0000,Tx-Rx,0,-55.2974,"3.90000 1.00000 -0.80000, 8.65000 0.10000 1.85000"
1206,0.0000,Tx-Rx,0,-54.9056,"3.90000 1.00000 -0.80000, 8.35000 0.10000 1.85000"
1207,0.0000,Tx-Rx,0,-54.4817,"3.90000 1.00000 -0.80000, 8.05000 0.10000 1.85000"
1208,0.0000,Tx-Rx,0,-54.3561,"3.90000 1.00000 -0.80000, 7.75000 0.10000 1.85000"
1209,0.0000,Tx-Rx,0,-54.5787,"3.90000 1.00000 -0.80000, 7.45000 0.10000 1.85000"
1210,0.0000,Tx-Rx,0,-54.5913,"3.90000 1.00000 -0.80000, 7.15000 0.10000 1.85000"
1211,0.0000,Tx-Rx,0,-53.9180,"3.90000 1.00000 -0.80000, 6.85000 0.10000 1.85000"
1212,0.0000,Tx-Rx,0,-52.1535,"3.90000 1.00000 -0.80000, 6.55000 0.10000 1.85000"
1213,0.0000,Tx-Rx,0,-56.6010,"3.90000 1.00000 -0.80000, 6.25000 0.10000 1.85000"
1214,0.0000,Tx-Rx,0,-57.8289,"3.90000 1.00000 -0.80000, 5.95000 0.10000 1.85000"
1215,0.0000,Tx-Rx,0,-56.9333,"3.90000 1.00000 -0.80000, 5.65000 0.10000 1.85000"
1216,0.0000,Tx-Rx,0,-56.4179,"3.90000 1.00000 -0.80000, 5.35000 0.10000 1.85000"
1217,0.0000,Tx-Rx,0,-56.8801,"3.90000 1.00000 -0.80000, 5.05000 0.10000 1.85000"
1218,0.0000,Tx-Rx,0,-54.4418,"3.90000 1.00000 -0.80000, 4.75000 0.10000 1.85000"
1219,0.0000,Tx-Rx,0,-53.3175,"3.90000 1.00000 -0.80000, 4.45000 0.10000 1.85000"
1220,0.0000,Tx-Rx,0,-52.5946,"3.90000 1.00000 -0.80000, 4.15000 0.10000 1.85000"
1221,0.0000,Tx-Rx,0,-51.7771,"3.90000 1.00000 -0.80000, 3.85000 0.10000 1.85000"
1222,0.0000,Tx-Rx,0,-52.0307,"3.90000 1.00000 -0.80000, 3.55000 0.10000 1.85000"
1223,0.0000,Tx-Rx,0,-51.4831,"3.90000 1.00000 -0.80000, 3.25000 0.10000 1.85000"
1224,0.0000,Tx-Rx,0,-52.9941,"3.90000 1.00000 -0.80000, 2.95000 0.10000 1.85000"
1225,0.0000,Tx-Rx,0,-52.3611,"3.90000 1.00000 -0.80000, 2.65000 0.10000 1.85000"
1226,0.0000,Tx-Rx,0,-52.3816,"3.90000 1.00000 -0.80000, 2.35000 0.10000 1.85000"
1227,0.0000,Tx-Rx,0,-53.1797,"3.90000 1.00000 -0.80000, 2.05000 0.10000 1.85000"
1228,0.0000,Tx-Rx,0,-53.5116,"3.90000 1.00000 -0.80000, 1.75000 0.10000 1.85000"
1229,0.0000,Tx-Rx,0,-51.5712,"3.90000 1.00000 -0.80000, 1.45000 0.10000 1.85000"
1230,0.0000,Tx-Rx,0,-50.9195,"3.90000 1.00000 -0.80000, 1.15000 0.10000 1.85000"
1231,0.0000,Tx-Rx,0,-53.6267,"3.90000 1.00000 -0.80000, 0.85000 0.10000 1.85000"
1232,0.0000,Tx-Rx,0,-53.8106,"3.90000 1.00000 -0.80000, 0.55000 0.10000 1.85000"
1233,0.0000,Tx-Rx,0,-54.1132,"3.90000 1.00000 -0.80000, 0.25000 0.10000 1.85000"
1234,0.0000,Tx-Rx,0,-59.0918,"3.90000 1.00000 -0.80000, -0.05000 0.10000 1.85000"
1235,0.0000,Tx-Rx,0,-72.7565,"3.90000 1.00000 -0.80000, -0.35000 0.10000 1.85000"
1236,0.0000,Tx-Rx,0,-71.7589,"3.90000 1.00000 -0.80000, -0.65000 0.10000 1.85000"
1237,0.0000,Tx-Rx,0,-65.5921,"3.90000 1.00000 -0.80000, -0.95000 0.10000 1.85000"
1238,0.0000,Tx-Rx,0,-65.4733,"3.90000 1.00000 -0.80000, -1.25000 0.10000 1.85000"
1239,0.0000,Tx-Rx,0,-65.0620,"3.90000 1.00000 -0.80000, -1.55000 0.10000 1.85000"
1240,0.0000,Tx-Rx,0,-65.3593,"3.90000 1.00000 -0.80000, -1.85000 0.10000 1.85000"
1241,0.0000,Tx-Rx,0,-66.0529,"3.90000 1.00000 -0.80000, -2.15000 0.10000 1.85000"
1242,0.0000,Tx-Rx,0,-71.6707,"3.90000 1.00000 -0.80000, -2.45000 0.10000 1.85000"
1243,0.0000,Tx-Rx,0,-70.8617,"3.90000 1.00000 -0.80000, -2.75000 0.10000 1.85000"
1244,0.0000,Tx-Rx,0,-70.5747,"3.90000 1.00000 -0.80000, -3.05000 0.10000 1.85000"
1245,0.0000,Tx-Rx,0,-70.7322,"3.90000 1.00000 -0.80000, -3.35000 0.10000 1.85000"
1246,0.0000,Tx-Rx,0,-70.8144,"3.90000 1.00000 -0.80000, -3.65000 0.10000 1.85000"
1247,0.0000,Tx-Rx,0,-71.3009,"3.90000 1.00000 -0.80000, -3.95000 0.10000 1.85000"
1248,0.0000,Tx-Rx,0,-71.2208,"3.90000 1.00000 -0.80000, -4.25000 0.10000 1.85000"
1249,0.0000,Tx-Rx,0,-70.6654,"3.90000 1.00000 -0.80000, -4.55000 0.10000 1.85000"
1250,0.0000,Tx-Rx,0,-68.3250,"3.90000 1.00000 -0.80000, -4.85000 0.10000 1.85000"
1251,0.0000,Tx-Rx,0,-70.7622,"3.90000 1.00000 -0.80000, -5.15000 0.10000 1.85000"
1252,0.0000,Tx-Rx,0,-70.3283,"3.90000 1.00000 -0.80000, -5.45000 0.10000 1.85000"
1253,0.0000,Tx-Rx,0,-68.9302,"3.90000 1.00000 -0.80000, -5.75000 0.10000 1.85000"
1254,0.0000,Tx-Rx,0,-67.7236,"3.90000 1.00000 -0.80000, -6.05000 0.10000 1.85000"
1255,0.0000,Tx-Rx,0,-67.5467,"3.90000 1.00000 -0.80000, -6.35000 0.10000 1.85000"
1256,0.0000,Tx-Rx,0,-67.1468,"3.90000 1.00000 -0.80000, -6.65000 0.10000 1.85000"
1257,0.0000,Tx-Rx,0,-68.1328,"3.90000 1.00000 -0.80000, -6.95000 0.10000 1.85000"
1258,0.0000,Tx-Rx,0,-69.3339,"3.90000 1.00000 -0.80000, -7.25000 0.10000 1.85000"
1259,0.0000,Tx-Rx,0,-71.3860,"3.90000 1.00000 -0.80000, -7.55000 0.10000 1.85000"
1260,0.0000,Tx-Rx,0,-76.8903,"3.90000 1.00000 -0.80000, -7.85000 0.10000 1.85000"
1261,0.0000,Tx-Rx,0,-50.9406,"3.90000 1.00000 -0.80000, 9.85000 0.10000 1.55000"
1262,0.0000,Tx-Rx,0,-50.8830,"3.90000 1.00000 -0.80000, 9.55000 0.10000 1.55000"
1263,0.0000,Tx-Rx,0,-51.9394,"3.90000 1.00000 -0.80000, 9.25000 0.10000 1.55000"
1264,0.0000,Tx-Rx,0,-53.9071,"3.90000 1.00000 -0.80000, 8.95000 0.10000 1.55000"
1265,0.0000,Tx-Rx,0,-55.5582,"3.90000 1.00000 -0.80000, 8.65000 0.10000 1.55000"
1266,0.0000,Tx-Rx,0,-55.6071,"3.90000 1.00000 -0.80000, 8.35000 0.10000 1.55000"
1267,0.0000,Tx-Rx,0,-55.0147,"3.90000 1.00000 -0.80000, 8.05000 0.10000 1.55000"
1268,0.0000,Tx-Rx,0,-55.1535,"3.90000 1.00000 -0.80000, 7.75000 0.10000 1.55000"
1269,0.0000,Tx-Rx,0,-54.6158,"3.90000 1.00000 -0.80000, 7.45000 0.10000 1.55000"
1270,0.0000,Tx-Rx,0,-54.2260,"3.90000 1.00000 -0.80000, 7.15000 0.10000 1.55000"
1271,0.0000,Tx-Rx,0,-53.8260,"3.90000 1.00000 -0.80000, 6.85000 0.10000 1.55000"
1272,0.0000,Tx-Rx,0,-53.4430,"3.90000 1.00000 -0.80000, 6.55000 0.10000 1.55000"
1273,0.0000,Tx-Rx,0,-54.6086,"3.90000 1.00000 -0.80000, 6.25000 0.10000 1.55000"
1274,0.0000,Tx-Rx,0,-55.8407,"3.90000 1.00000 -0.80000, 5.95000 0.10000 1.55000"
1275,0.0000,Tx-Rx,0,-54.9706,"3.90000 1.00000 -0.80000, 5.65000 0.10000 1.55000"
1276,0.0000,Tx-Rx,0,-53.7920,"3.90000 1.00000 -0.80000, 5.35000 0.10000 1.55000"
1277,0.0000,Tx-Rx,0,-53.1095,"3.90000 1.00000 -0.80000, 5.05000 0.10000 1.55000"
1278,0.0000,Tx-Rx,0,-52.1292,"3.90000 1.00000 -0.80000, 4.75000 0.10000 1.55000"
1279,0.0000,Tx-Rx,0,-52.4471,"3.90000 1.00000 -0.80000, 4.45000 0.10000 1.55000"
1280,0.0000,Tx-Rx,0,-51.5237,"3.90000 1.00000 -0.80000, 4.15000 0.10000 1.55000"
1281,0.0000,Tx-Rx,0,-51.0906,"3.90000 1.00000 -0.80000, 3.85000 0.10000 1.55000"
1282,0.0000,Tx-Rx,0,-52.2022,"3.90000 1.00000 -0.80000, 3.55000 0.10000 1.55000"
1283,0.0000,Tx-Rx,0,-52.5266,"3.90000 1.00000 -0.80000, 3.25000 0.10000 1.55000"
1284,0.0000,Tx-Rx,0,-53.6786,"3.90000 1.00000 -0.80000, 2.95000 0.10000 1.55000"
1285,0.0000,Tx-Rx,0,-54.7269,"3.90000 1.00000 -0.80000, 2.65000 0.10000 1.55000"
1286,0.0000,Tx-Rx,0,-55.3250,"3.90000 1.00000 -0.80000, 2.35000 0.10000 1.55000"
1287,0.0000,Tx-Rx,0,-55.2268,"3.90000 1.00000 -0.80000, 2.05000 0.10000 1.55000"
1288,0.0000,Tx-Rx,0,-52.9915,"3.90000 1.00000 -0.80000, 1.75000 0.10000 1.55000"
1289,0.0000,Tx-Rx,0,-53.6468,"3.90000 1.00000 -0.80000, 1.45000 0.10000 1.55000"
1290,0.0000,Tx-Rx,0,-52.2089,"3.90000 1.00000 -0.80000, 1.15000 0.10000 1.55000"
1291,0.0000,Tx-Rx,0,-52.5823,"3.90000 1.00000 -0.80000, 0.85000 0.10000 1.55000"
1292,0.0000,Tx-Rx,0,-53.3921,"3.90000 1.00000 -0.80000, 0.55000 0.10000 1.55000"
1293,0.0000,Tx-Rx,0,-53.9817,"3.90000 1.00000 -0.80000, 0.25000 0.10000 1.55000"
1294,0.0000,Tx-Rx,0,-58.5616,"3.90000 1.00000 -0.80000, -0.05000 0.10000 1.55000"
1295,0.0000,Tx-Rx,0,-67.9591,"3.90000 1.00000 -0.80000, -0.35000 0.10000 1.55000"
1296,0.0000,Tx-Rx,0,-68.2047,"3.90000 1.00000 -0.80000, -0.65000 0.10000 1.55000"
1297,0.0000,Tx-Rx,0,-65.2123,"3.90000 1.00000 -0.80000, -0.95000 0.10000 1.55000"
1298,0.0000,Tx-Rx,0,-65.1831,"3.90000 1.00000 -0.80000, -1.25000 0.10000 1.55000"
1299,0.0000,Tx-Rx,0,-65.2614,"3.90000 1.00000 -0.80000, -1.55000 0.10000 1.55000"
1300,0.0000,Tx-Rx,0,-65.2312,"3.90000 1.00000 -0.80000, -1.85000 0.10000 1.55000"
1301,0.0000,Tx-Rx,0,-67.2321,"3.90000 1.00000 -0.80000, -2.15000 0.10000 1.55000"
1302,0.0000,Tx-Rx,0,-70.1133,"3.90000 1.00000 -0.80000, -2.45000 0.10000 1.55000"
1303,0.0000,Tx-Rx,0,-70.7012,"3.90000 1.00000 -0.80000, -2.75000 0.10000 1.55000"
1304,0.0000,Tx-Rx,0,-70.7573,"3.90000 1.00000 -0.80000, -3.05000 0.10000 1.55000"
1305,0.0000,Tx-Rx,0,-70.5449,"3.90000 1.00000 -0.80000, -3.35000 0.10000 1.55000"
1306,0.0000,Tx-Rx,0,-70.9708,"3.90000 1.00000 -0.80000, -3.65000 0.10000 1.55000"
1307,0.0000,Tx-Rx,0,-70.7872,"3.90000 1.00000 -0.80000, -3.95000 0.10000 1.55000"
1308,0.0000,Tx-Rx,0,-71.1016,"3.90000 1.00000 -0.80000, -4.25000 0.10000 1.55000"
1309,0.0000,Tx-Rx,0,-67.8817,"3.90000 1.00000 -0.80000, -4.55000 0.10000 1.55000"
1310,0.0000,Tx-Rx,0,-69.9168,"3.90000 1.00000 -0.80000, -4.85000 0.10000 1.55000"
1311,0.0000,Tx-Rx,0,-70.7160,"3.90000 1.00000 -0.80000, -5.15000 0.10000 1.55000"
1312,0.0000,Tx-Rx,0,-70.9237,"3.90000 1.00000 -0.80000, -5.45000 0.10000 1.55000"
1313,0.0000,Tx-Rx,0,-70.0644,"3.90000 1.00000 -0.80000, -5.75000 0.10000 1.55000"
1314,0.0000,Tx-Rx,0,-70.1055,"3.90000 1.00000 -0.80000, -6.05000 0.10000 1.55000"
1315,0.0000,Tx-Rx,0,-68.1973,"3.90000 1.00000 -0.80000, -6.35000 0.10000 1.55000"
1316,0.0000,Tx-Rx,0,-68.2788,"3.90000 1.00000 -0.80000, -6.65000 0.10000 1.55000"
1317,0.0000,Tx-Rx,0,-68.3958,"3.90000 1.00000 -0.80000, -6.95000 0.10000 1.55000"
1318,0.0000,Tx-Rx,0,-69.3415,"3.90000 1.00000 -0.80000, -7.25000 0.10000 1.55000"
1319,0.0000,Tx-Rx,0,-69.3398,"3.90000 1.00000 -0.80000, -7.55000 0.10000 1.55000"
1320,0.0000,Tx-Rx,0,-66.9948,"3.90000 1.00000 -0.80000, -7.85000 0.10000 1.55000"
1321,0.0000,Tx-Rx,0,-51.2274,"3.90000 1.00000 -0.80000, 9.85000 0.10000 1.25000"
1322,0.0000,Tx-Rx,0,-50.8369,"3.90000 1.00000 -0.80000, 9.55000 0.10000 1.25000"
1323,0.0000,Tx-Rx,0,-50.8024,"3.90000 1.00000 -0.80000, 9.25000 0.10000 1.25000"
1324,0.0000,Tx-Rx,0,-50.4188,"3.90000 1.00000 -0.80000, 8.95000 0.10000 1.25000"
1325,0.0000,Tx-Rx,0,-50.8867,"3.90000 1.00000 -0.80000, 8.65000 0.10000 1.25000"
1326,0.0000,Tx-Rx,0,-52.4226,"3.90000 1.00000 -0.80000, 8.35000 0.10000 1.25000"
1327,0.0000,Tx-Rx,0,-54.4174,"3.90000 1.00000 -0.80000, 8.05000 0.10000 1.25000"
1328,0.0000,Tx-Rx,0,-54.8616,"3.90000 1.00000 -0.80000, 7.75000 0.10000 1.25000"
1329,0.0000,Tx-Rx,0,-54.6131,"3.90000 1.00000 -0.80000, 7.45000 0.10000 1.25000"
1330,0.0000,Tx-Rx,0,-54.1542,"3.90000 1.00000 -0.80000, 7.15000 0.10000 1.25000"
1331,0.0000,Tx-Rx,0,-52.6653,"3.90000 1.00000 -0.80000, 6.85000 0.10000 1.25000"
1332,0.0000,Tx-Rx,0,-52.0537,"3.90000 1.00000 -0.80000, 6.55000 0.10000 1.25000"
1333,0.0000,Tx-Rx,0,-52.0058,"3.90000 1.00000 -0.80000, 6.25000 0.10000 1.25000"
1334,0.0000,Tx-Rx,0,-50.4841,"3.90000 1.00000 -0.80000, 5.95000 0.10000 1.25000"
1335,0.0000,Tx-Rx,0,-51.3707,"3.90000 1.00000 -0.80000, 5.65000 0.10000 1.25000"
1336,0.0000,Tx-Rx,0,-51.8347,"3.90000 1.00000 -0.80000, 5.35000 0.10000 1.25000"
1337,0.0000,Tx-Rx,0,-52.1824,"3.90000 1.00000 -0.80000, 5.05000 0.10000 1.25000"
1338,0.0000,Tx-Rx,0,-52.5733,"3.90000 1.00000 -0.80000, 4.75000 0.10000 1.25000"
1339,0.0000,Tx-Rx,0,-54.1874,"3.90000 1.00000 -0.80000, 4.45000 0.10000 1.25000"
1340,0.0000,Tx-Rx,0,-53.2417,"3.90000 1.00000 -0.80000, 4.15000 0.10000 1.25000"
1341,0.0000,Tx-Rx,0,-52.4252,"3.90000 1.00000 -0.80000, 3.85000 0.10000 1.25000"
1342,0.0000,Tx-Rx,0,-55.9401,"3.90000 1.00000 -0.80000, 3.55000 0.10000 1.25000"
1343,0.0000,Tx-Rx,0,-55.6860,"3.90000 1.00000 -0.80000, 3.25000 0.10000 1.25000"
1344,0.0000,Tx-Rx,0,-54.3638,"3.90000 1.00000 -0.80000, 2.95000 0.10000 1.25000"
1345,0.0000,Tx-Rx,0,-55.7285,"3.90000 1.00000 -0.80000, 2.65000 0.10000 1.25000"
1346,0.0000,Tx-Rx,0,-55.1956,"3.90000 1.00000 -0.80000, 2.35000 0.10000 1.25000"
1347,0.0000,Tx-Rx,0,-52.1406,"3.90000 1.00000 -0.80000, 2.05000 0.10000 1.25000"
1348,0.0000,Tx-Rx,0,-53.9977,"3.90000 1.00000 -0.80000, 1.75000 0.10000 1.25000"
1349,0.0000,Tx-Rx,0,-53.9265,"3.90000 1.00000 -0.80000, 1.45000 0.10000 1.25000"
1350,0.0000,Tx-Rx,0,-52.0638,"3.90000 1.00000 -0.80000, 1.15000 0.10000 1.25000"
1351,0.0000,Tx-Rx,0,-52.3932,"3.90000 1.00000 -0.80000, 0.85000 0.10000 1.25000"
1352,0.0000,Tx-Rx,0,-52.3531,"3.90000 1.00000 -0.80000, 0.55000 0.10000 1.25000"
1353,0.0000,Tx-Rx,0,-52.1258,"3.90000 1.00000 -0.80000, 0.25000 0.10000 1.25000"
1354,0.0000,Tx-Rx,0,-55.3159,"3.90000 1.00000 -0.80000, -0.05000 0.10000 1.25000"
1355,0.0000,Tx-Rx,0,-66.9078,"3.90000 1.00000 -0.80000, -0.35000 0.10000 1.25000"
1356,0.0000,Tx-Rx,0,-64.5685,"3.90000 1.00000 -0.80000, -0.65000 0.10000 1.25000"
1357,0.0000,Tx-Rx,0,-64.5512,"3.90000 1.00000 -0.80000, -0.95000 0.10000 1.25000"
1358,0.0000,Tx-Rx,0,-65.2404,"3.90000 1.00000 -0.80000, -1.25000 0.10000 1.25000"
1359,0.0000,Tx-Rx,0,-65.1404,"3.90000 1.00000 -0.80000, -1.55000 0.10000 1.25000"
1360,0.0000,Tx-Rx,0,-64.8016,"3.90000 1.00000 -0.80000, -1.85000 0.10000 1.25000"
1361,0.0000,Tx-Rx,0,-68.8179,"3.90000 1.00000 -0.80000, -2.15000 0.10000 1.25000"
1362,0.0000,Tx-Rx,0,-69.9862,"3.90000 1.00000 -0.80000, -2.45000 0.10000 1.25000"
1363,0.0000,Tx-Rx,0,-70.0283,"3.90000 1.00000 -0.80000, -2.75000 0.10000 1.25000"
1364,0.0000,Tx-Rx,0,-70.3192,"3.90000 1.00000 -0.80000, -3.05000 0.10000 1.25000"
1365,0.0000,Tx-Rx,0,-70.2879,"3.90000 1.00000 -0.80000, -3.35000 0.10000 1.25000"
1366,0.0000,Tx-Rx,0,-70.1734,"3.90000 1.00000 -0.80000, -3.65000 0.10000 1.25000"
1367,0.0000,Tx-Rx,0,-71.5858,"3.90000 1.00000 -0.80000, -3.95000 0.10000 1.25000"
1368,0.0000,Tx-Rx,0,-67.6551,"3.90000 1.00000 -0.80000, -4.25000 0.10000 1.25000"
1369,0.0000,Tx-Rx,0,-69.8921,"3.90000 1.00000 -0.80000, -4.55000 0.10000 1.25000"
1370,0.0000,Tx-Rx,0,-70.4332,"3.90000 1.00000 -0.80000, -4.85000 0.10000 1.25000"
1371,0.0000,Tx-Rx,0,-70.5753,"3.90000 1.00000 -0.80000, -5.15000 0.10000 1.25000"
1372,0.0000,Tx-Rx,0,-71.0651,"3.90000 1.00000 -0.80000, -5.45000 0.10000 1.25000"
1373,0.0000,Tx-Rx,0,-70.6595,"3.90000 1.00000 -0.80000, -5.75000 0.10000 1.25000"
1374,0.0000,Tx-Rx,0,-71.8544,"3.90000 1.00000 -0.80000, -6.05000 0.10000 1.25000"
1375,0.0000,Tx-Rx,0,-75.3921,"3.90000 1.00000 -0.80000, -6.35000 0.10000 1.25000"
1376,0.0000,Tx-Rx,0,-71.3762,"3.90000 1.00000 -0.80000, -6.65000 0.10000 1.25000"
1377,0.0000,Tx-Rx,0,-68.4350,"3.90000 1.00000 -0.80000, -6.95000 0.10000 1.25000"
1378,0.0000,Tx-Rx,0,-68.8228,"3.90000 1.00000 -0.80000, -7.25000 0.10000 1.25000"
1379,0.0000,Tx-Rx,0,-64.7499,"3.90000 1.00000 -0.80000, -7.55000 0.10000 1.25000"
1380,0.0000,Tx-Rx,0,-62.3511,"3.90000 1.00000 -0.80000, -7.85000 0.10000 1.25000"
1381,0.0000,Tx-Rx,0,-65.6824,"3.90000 1.00000 -0.80000, 9.85000 0.10000 0.95000"
1382,0.0000,Tx-Rx,0,-56.2031,"3.90000 1.00000 -0.80000, 9.55000 0.10000 0.95000"
1383,0.0000,Tx-Rx,0,-52.7847,"3.90000 1.00000 -0.80000, 9.25000 0.10000 0.95000"
1384,0.0000,Tx-Rx,0,-50.5266,"3.90000 1.00000 -0.80000, 8.95000 0.10000 0.95000"
1385,0.0000,Tx-Rx,0,-49.7105,"3.90000 1.00000 -0.80000, 8.65000 0.10000 0.95000"
1386,0.0000,Tx-Rx,0,-49.1535,"3.90000 1.00000 -0.80000, 8.35000 0.10000 0.95000"
1387,0.0000,Tx-Rx,0,-49.1838,"3.90000 1.00000 -0.80000, 8.05000 0.10000 0.95000"
1388,0.0000,Tx-Rx,0,-49.8127,"3.90000 1.00000 -0.80000, 7.75000 0.10000 0.95000"
1389,0.0000,Tx-Rx,0,-50.5517,"3.90000 1.00000 -0.80000, 7.45000 0.10000 0.95000"
1390,0.0000,Tx-Rx,0,-50.0394,"3.90000 1.00000 -0.80000, 7.15000 0.10000 0.95000"
1391,0.0000,Tx-Rx,0,-49.6682,"3.90000 1.00000 -0.80000, 6.85000 0.10000 0.95000"
1392,0.0000,Tx-Rx,0,-50.1832,"3.90000 1.00000 -0.80000, 6.55000 0.10000 0.95000"
1393,0.0000,Tx-Rx,0,-51.4097,"3.90000 1.00000 -0.80000, 6.25000 0.10000 0.95000"
1394,0.0000,Tx-Rx,0,-51.5714,"3.90000 1.00000 -0.80000, 5.95000 0.10000 0.95000"
1395,0.0000,Tx-Rx,0,-51.0504,"3.90000 1.00000 -0.80000, 5.65000 0.10000 0.95000"
1396,0.0000,Tx-Rx,0,-52.6521,"3.90000 1.00000 -0.80000, 5.35000 0.10000 0.95000"
1397,0.0000,Tx-Rx,0,-53.2199,"3.90000 1.00000 -0.80000, 5.05000 0.10000 0.95000"
1398,0.0000,Tx-Rx,0,-51.4966,"3.90000 1.00000 -0.80000, 4.75000 0.10000 0.95000"
1399,0.0000,Tx-Rx,0,-56.2017,"3.90000 1.00000 -0.80000, 4.45000 0.10000 0.95000"
1400,0.0000,Tx-Rx,0,-53.1696,"3.90000 1.00000 -0.80000, 4.15000 0.10000 0.95000"
1401,0.0000,Tx-Rx,0,-51.3841,"3.90000 1.00000 -0.80000, 3.85000 0.10000 0.95000"
1402,0.0000,Tx-Rx,0,-55.0000,"3.90000 1.00000 -0.80000, 3.55000 0.10000 0.95000"
1403,0.0000,Tx-Rx,0,-52.9281,"3.90000 1.00000 -0.80000, 3.25000 0.10000 0.95000"
1404,0.0000,Tx-Rx,0,-52.5946,"3.90000 1.00000 -0.80000, 2.95000 0.10000 0.95000"
1405,0.0000,Tx-Rx,0,-54.2106,"3.90000 1.00000 -0.80000, 2.65000 0.10000 0.95000"
1406,0.0000,Tx-Rx,0,-52.9741,"3.90000 1.00000 -0.80000, 2.35000 0.10000 0.95000"
1407,0.0000,Tx-Rx,0,-53.1087,"3.90000 1.00000 -0.80000, 2.05000 0.10000 0.95000"
1408,0.0000,Tx-Rx,0,-54.6932,"3.90000 1.00000 -0.80000, 1.75000 0.10000 0.95000"
1409,0.0000,Tx-Rx,0,-53.8746,"3.90000 1.00000 -0.80000, 1.45000 0.10000 0.95000"
1410,0.0000,Tx-Rx,0,-51.9463,"3.90000 1.00000 -0.80000, 1.15000 0.10000 0.95000"
1411,0.0000,Tx-Rx,0,-51.7187,"3.90000 1.00000 -0.80000, 0.85000 0.10000 0.95000"
1412,0.0000,Tx-Rx,0,-49.2701,"3.90000 1.00000 -0.80000, 0.55000 0.10000 0.95000"
1413,0.0000,Tx-Rx,0,-47.7718,"3.90000 1.00000 -0.80000, 0.25000 0.10000 0.95000"
1414,0.0000,Tx-Rx,0,-52.3216,"3.90000 1.00000 -0.80000, -0.05000 0.10000 0.95000"
1415,0.0000,Tx-Rx,0,-66.9416,"3.90000 1.00000 -0.80000, -0.35000 0.10000 0.95000"
1416,0.0000,Tx-Rx,0,-63.7843,"3.90000 1.00000 -0.80000, -0.65000 0.10000 0.95000"
1417,0.0000,Tx-Rx,0,-63.5088,"3.90000 1.00000 -0.80000, -0.95000 0.10000 0.95000"
1418,0.0000,Tx-Rx,0,-63.6489,"3.90000 1.00000 -0.80000, -1.25000 0.10000 0.95000"
1419,0.0000,Tx-Rx,0,-64.2855,"3.90000 1.00000 -0.80000, -1.55000 0.10000 0.95000"
1420,0.0000,Tx-Rx,0,-65.2768,"3.90000 1.00000 -0.80000, -1.85000 0.10000 0.95000"
1421,0.0000,Tx-Rx,0,-68.8457,"3.90000 1.00000 -0.80000, -2.15000 0.10000 0.95000"
1422,0.0000,Tx-Rx,0,-69.4718,"3.90000 1.00000 -0.80000, -2.45000 0.10000 0.95000"
1423,0.0000,Tx-Rx,0,-70.0174,"3.90000 1.00000 -0.80000, -2.75000 0.10000 0.95000"
1424,0.0000,Tx-Rx,0,-70.1272,"3.90000 1.00000 -0.80000, -3.05000 0.10000 0.95000"
1425,0.0000,Tx-Rx,0,-70.0066,"3.90000 1.00000 -0.80000, -3.35000 0.10000 0.95000"
1426,0.0000,Tx-Rx,0,-71.7691,"3.90000 1.00000 -0.80000, -3.65000 0.10000 0.95000"
1427,0.0000,Tx-Rx,0,-68.7853,"3.90000 1.00000 -0.80000, -3.95000 0.10000 0.95000"
1428,0.0000,Tx-Rx,0,-69.4361,"3.90000 1.00000 -0.80000, -4.25000 0.10000 0.95000"
1429,0.0000,Tx-Rx,0,-70.6778,"3.90000 1.00000 -0.80000, -4.55000 0.10000 0.95000"
1430,0.0000,Tx-Rx,0,-70.8153,"3.90000 1.00000 -0.80000, -4.85000 0.10000 0.95000"
1431,0.0000,Tx-Rx,0,-70.8418,"3.90000 1.00000 -0.80000, -5.15000 0.10000 0.95000"
1432,0.0000,Tx-Rx,0,-70.6790,"3.90000 1.00000 -0.80000, -5.45000 0.10000 0.95000"
1433,0.0000,Tx-Rx,0,-71.8398,"3.90000 1.00000 -0.80000, -5.75000 0.10000 0.95000"
1434,0.0000,Tx-Rx,0,-73.8799,"3.90000 1.00000 -0.80000, -6.05000 0.10000 0.95000"
1435,0.0000,Tx-Rx,0,-77.6703,"3.90000 1.00000 -0.80000, -6.35000 0.10000 0.95000"
1436,0.0000,Tx-Rx,0,-77.4573,"3.90000 1.00000 -0.80000, -6.65000 0.10000 0.95000"
1437,0.0000,Tx-Rx,0,-69.1040,"3.90000 1.00000 -0.80000, -6.95000 0.10000 0.95000"
1438,0.0000,Tx-Rx,0,-63.6249,"3.90000 1.00000 -0.80000, -7.25000 0.10000 0.95000"
1439,0.0000,Tx-Rx,0,-61.8413,"3.90000 1.00000 -0.80000, -7.55000 0.10000 0.95000"
1440,0.0000,Tx-Rx,0,-61.6688,"3.90000 1.00000 -0.80000, -7.85000 0.10000 0.95000"
1441,0.0000,Tx-Rx,0,-71.6165,"3.90000 1.00000 -0.80000, 9.85000 0.10000 0.65000"
1442,0.0000,Tx-Rx,0,-71.8360,"3.90000 1.00000 -0.80000, 9.55000 0.10000 0.65000"
1443,0.0000,Tx-Rx,0,-70.6613,"3.90000 1.00000 -0.80000, 9.25000 0.10000 0.65000"
1444,0.0000,Tx-Rx,0,-67.4489,"3.90000 1.00000 -0.80000, 8.95000 0.10000 0.65000"
1445,0.0000,Tx-Rx,0,-54.4313,"3.90000 1.00000 -0.80000, 8.65000 0.10000 0.65000"
1446,0.0000,Tx-Rx,0,-46.8650,"3.90000 1.00000 -0.80000, 8.35000 0.10000 0.65000"
1447,0.0000,Tx-Rx,0,-46.4274,"3.90000 1.00000 -0.80000, 8.05000 0.10000 0.65000"
1448,0.0000,Tx-Rx,0,-46.3588,"3.90000 1.00000 -0.80000, 7.75000 0.10000 0.65000"
1449,0.0000,Tx-Rx,0,-46.5903,"3.90000 1.00000 -0.80000, 7.45000 0.10000 0.65000"
1450,0.0000,Tx-Rx,0,-47.7620,"3.90000 1.00000 -0.80000, 7.15000 0.10000 0.65000"
1451,0.0000,Tx-Rx,0,-50.0022,"3.90000 1.00000 -0.80000, 6.85000 0.10000 0.65000"
1452,0.0000,Tx-Rx,0,-52.5072,"3.90000 1.00000 -0.80000, 6.55000 0.10000 0.65000"
1453,0.0000,Tx-Rx,0,-54.2712,"3.90000 1.00000 -0.80000, 6.25000 0.10000 0.65000"
1454,0.0000,Tx-Rx,0,-54.3010,"3.90000 1.00000 -0.80000, 5.95000 0.10000 0.65000"
1455,0.0000,Tx-Rx,0,-54.0134,"3.90000 1.00000 -0.80000, 5.65000 0.10000 0.65000"
1456,0.0000,Tx-Rx,0,-53.9070,"3.90000 1.00000 -0.80000, 5.35000 0.10000 0.65000"
1457,0.0000,Tx-Rx,0,-54.3183,"3.90000 1.00000 -0.80000, 5.05000 0.10000 0.65000"
1458,0.0000,Tx-Rx,0,-51.4110,"3.90000 1.00000 -0.80000, 4.75000 0.10000 0.65000"
1459,0.0000,Tx-Rx,0,-52.8970,"3.90000 1.00000 -0.80000, 4.45000 0.10000 0.65000"
1460,0.0000,Tx-Rx,0,-51.4319,"3.90000 1.00000 -0.80000, 4.15000 0.10000 0.65000"
1461,0.0000,Tx-Rx,0,-49.8696,"3.90000 1.00000 -0.80000, 3.85000 0.10000 0.65000"
1462,0.0000,Tx-Rx,0,-53.2946,"3.90000 1.00000 -0.80000, 3.55000 0.10000 0.65000"
1463,0.0000,Tx-Rx,0,-49.7409,"3.90000 1.00000 -0.80000, 3.25000 0.10000 0.65000"
1464,0.0000,Tx-Rx,0,-54.2026,"3.90000 1.00000 -0.80000, 2.95000 0.10000 0.65000"
1465,0.0000,Tx-Rx,0,-54.3266,"3.90000 1.00000 -0.80000, 2.65000 0.10000 0.65000"
1466,0.0000,Tx-Rx,0,-54.3422,"3.90000 1.00000 -0.80000, 2.35000 0.10000 0.65000"
1467,0.0000,Tx-Rx,0,-54.4609,"3.90000 1.00000 -0.80000, 2.05000 0.10000 0.65000"
1468,0.0000,Tx-Rx,0,-54.6485,"3.90000 1.00000 -0.80000, 1.75000 0.10000 0.65000"
1469,0.0000,Tx-Rx,0,-54.1473,"3.90000 1.00000 -0.80000, 1.45000 0.10000 0.65000"
1470,0.0000,Tx-Rx,0,-51.1006,"3.90000 1.00000 -0.80000, 1.15000 0.10000 0.65000"
1471,0.0000,Tx-Rx,0,-47.1044,"3.90000 1.00000 -0.80000, 0.85000 0.10000 0.65000"
1472,0.0000,Tx-Rx,0,-46.8061,"3.90000 1.00000 -0.80000, 0.55000 0.10000 0.65000"
1473,0.0000,Tx-Rx,0,-47.0422,"3.90000 1.00000 -0.80000, 0.25000 0.10000 0.65000"
1474,0.0000,Tx-Rx,0,-52.0082,"3.90000 1.00000 -0.80000, -0.05000 0.10000 0.65000"
1475,0.0000,Tx-Rx,0,-66.4526,"3.90000 1.00000 -0.80000, -0.35000 0.10000 0.65000"
1476,0.0000,Tx-Rx,0,-63.3379,"3.90000 1.00000 -0.80000, -0.65000 0.10000 0.65000"
1477,0.0000,Tx-Rx,0,-63.3825,"3.90000 1.00000 -0.80000, -0.95000 0.10000 0.65000"
1478,0.0000,Tx-Rx,0,-62.9533,"3.90000 1.00000 -0.80000, -1.25000 0.10000 0.65000"
1479,0.0000,Tx-Rx,0,-62.6815,"3.90000 1.00000 -0.80000, -1.55000 0.10000 0.65000"
1480,0.0000,Tx-Rx,0,-65.8838,"3.90000 1.00000 -0.80000, -1.85000 0.10000 0.65000"
1481,0.0000,Tx-Rx,0,-69.6305,"3.90000 1.00000 -0.80000, -2.15000 0.10000 0.65000"
1482,0.0000,Tx-Rx,0,-69.4148,"3.90000 1.00000 -0.80000, -2.45000 0.10000 0.65000"
1483,0.0000,Tx-Rx,0,-69.0660,"3.90000 1.00000 -0.80000, -2.75000 0.10000 0.65000"
1484,0.0000,Tx-Rx,0,-70.2294,"3.90000 1.00000 -0.80000, -3.05000 0.10000 0.65000"
1485,0.0000,Tx-Rx,0,-72.8543,"3.90000 1.00000 -0.80000, -3.35000 0.10000 0.65000"
1486,0.0000,Tx-Rx,0,-70.0169,"3.90000 1.00000 -0.80000, -3.65000 0.10000 0.65000"
1487,0.0000,Tx-Rx,0,-69.4548,"3.90000 1.00000 -0.80000, -3.95000 0.10000 0.65000"
1488,0.0000,Tx-Rx,0,-71.4860,"3.90000 1.00000 -0.80000, -4.25000 0.10000 0.65000"
1489,0.0000,Tx-Rx,0,-71.4082,"3.90000 1.00000 -0.80000, -4.55000 0.10000 0.65000"
1490,0.0000,Tx-Rx,0,-70.9962,"3.90000 1.00000 -0.80000, -4.85000 0.10000 0.65000"
1491,0.0000,Tx-Rx,0,-70.6183,"3.90000 1.00000 -0.80000, -5.15000 0.10000 0.65000"
1492,0.0000,Tx-Rx,0,-72.3569,"3.90000 1.00000 -0.80000, -5.45000 0.10000 0.65000"
1493,0.0000,Tx-Rx,0,-76.3091,"3.90000 1.00000 -0.80000, -5.75000 0.10000 0.65000"
1494,0.0000,Tx-Rx,0,-76.4328,"3.90000 1.00000 -0.80000, -6.05000 0.10000 0.65000"
1495,0.0000,Tx-Rx,0,-74.4215,"3.90000 1.00000 -0.80000, -6.35000 0.10000 0.65000"
1496,0.0000,Tx-Rx,0,-68.0483,"3.90000 1.00000 -0.80000, -6.65000 0.10000 0.65000"
1497,0.0000,Tx-Rx,0,-63.1266,"3.90000 1.00000 -0.80000, -6.95000 0.10000 0.65000"
1498,0.0000,Tx-Rx,0,-62.1119,"3.90000 1.00000 -0.80000, -7.25000 0.10000 0.65000"
1499,0.0000,Tx-Rx,0,-61.9100,"3.90000 1.00000 -0.80000, -7.55000 0.10000 0.65000"
1500,0.0000,Tx-Rx,0,-61.5140,"3.90000 1.00000 -0.80000, -7.85000 0.10000 0.65000"
1501,0.0000,Tx-Rx,0,-64.8673,"3.90000 1.00000 -0.80000, 9.85000 0.10000 0.35000"
1502,0.0000,Tx-Rx,0,-65.5314,"3.90000 1.00000 -0.80000, 9.55000 0.10000 0.35000"
1503,0.0000,Tx-Rx,0,-65.9396,"3.90000 1.00000 -0.80000, 9.25000 0.10000 0.35000"
1504,0.0000,Tx-Rx,0,-91.7681,"3.90000 1.00000 -0.80000, 8.95000 0.10000 0.35000"
1505,0.0000,Tx-Rx,0,-60.9872,"3.90000 1.00000 -0.80000, 8.65000 0.10000 0.35000"
1506,0.0000,Tx-Rx,0,-48.1936,"3.90000 1.00000 -0.80000, 8.35000 0.10000 0.35000"
1507,0.0000,Tx-Rx,0,-47.8010,"3.90000 1.00000 -0.80000, 8.05000 0.10000 0.35000"
1508,0.0000,Tx-Rx,0,-47.3032,"3.90000 1.00000 -0.80000, 7.75000 0.10000 0.35000"
1509,0.0000,Tx-Rx,0,-47.0116,"3.90000 1.00000 -0.80000, 7.45000 0.10000 0.35000"
1510,0.0000,Tx-Rx,0,-46.5817,"3.90000 1.00000 -0.80000, 7.15000 0.10000 0.35000"
1511,0.0000,Tx-Rx,0,-48.6873,"3.90000 1.00000 -0.80000, 6.85000 0.10000 0.35000"
1512,0.0000,Tx-Rx,0,-54.0801,"3.90000 1.00000 -0.80000, 6.55000 0.10000 0.35000"
1513,0.0000,Tx-Rx,0,-55.6353,"3.90000 1.00000 -0.80000, 6.25000 0.10000 0.35000"
1514,0.0000,Tx-Rx,0,-55.3799,"3.90000 1.00000 -0.80000, 5.95000 0.10000 0.35000"
1515,0.0000,Tx-Rx,0,-54.7821,"3.90000 1.00000 -0.80000, 5.65000 0.10000 0.35000"
1516,0.0000,Tx-Rx,0,-55.1467,"3.90000 1.00000 -0.80000, 5.35000 0.10000 0.35000"
1517,0.0000,Tx-Rx,0,-54.5203,"3.90000 1.00000 -0.80000, 5.05000 0.10000 0.35000"
1518,0.0000,Tx-Rx,0,-50.2212,"3.90000 1.00000 -0.80000, 4.75000 0.10000 0.35000"
1519,0.0000,Tx-Rx,0,-52.1031,"3.90000 1.00000 -0.80000, 4.45000 0.10000 0.35000"
1520,0.0000,Tx-Rx,0,-49.8584,"3.90000 1.00000 -0.80000, 4.15000 0.10000 0.35000"
1521,0.0000,Tx-Rx,0,-48.3155,"3.90000 1.00000 -0.80000, 3.85000 0.10000 0.35000"
1522,0.0000,Tx-Rx,0,-51.8059,"3.90000 1.00000 -0.80000, 3.55000 0.10000 0.35000"
1523,0.0000,Tx-Rx,0,-48.7701,"3.90000 1.00000 -0.80000, 3.25000 0.10000 0.35000"
1524,0.0000,Tx-Rx,0,-53.2771,"3.90000 1.00000 -0.80000, 2.95000 0.10000 0.35000"
1525,0.0000,Tx-Rx,0,-55.6753,"3.90000 1.00000 -0.80000, 2.65000 0.10000 0.35000"
1526,0.0000,Tx-Rx,0,-54.7192,"3.90000 1.00000 -0.80000, 2.35000 0.10000 0.35000"
1527,0.0000,Tx-Rx,0,-54.7300,"3.90000 1.00000 -0.80000, 2.05000 0.10000 0.35000"
1528,0.0000,Tx-Rx,0,-54.6031,"3.90000 1.00000 -0.80000, 1.75000 0.10000 0.35000"
1529,0.0000,Tx-Rx,0,-51.0557,"3.90000 1.00000 -0.80000, 1.45000 0.10000 0.35000"
1530,0.0000,Tx-Rx,0,-47.4791,"3.90000 1.00000 -0.80000, 1.15000 0.10000 0.35000"
1531,0.0000,Tx-Rx,0,-46.0606,"3.90000 1.00000 -0.80000, 0.85000 0.10000 0.35000"
1532,0.0000,Tx-Rx,0,-46.3264,"3.90000 1.00000 -0.80000, 0.55000 0.10000 0.35000"
1533,0.0000,Tx-Rx,0,-46.7989,"3.90000 1.00000 -0.80000, 0.25000 0.10000 0.35000"
1534,0.0000,Tx-Rx,0,-51.9281,"3.90000 1.00000 -0.80000, -0.05000 0.10000 0.35000"
1535,0.0000,Tx-Rx,0,-66.5513,"3.90000 1.00000 -0.80000, -0.35000 0.10000 0.35000"
1536,0.0000,Tx-Rx,0,-64.6014,"3.90000 1.00000 -0.80000, -0.65000 0.10000 0.35000"
1537,0.0000,Tx-Rx,0,-63.2123,"3.90000 1.00000 -0.80000, -0.95000 0.10000 0.35000"
1538,0.0000,Tx-Rx,0,-62.4133,"3.90000 1.00000 -0.80000, -1.25000 0.10000 0.35000"
1539,0.0000,Tx-Rx,0,-62.8189,"3.90000 1.00000 -0.80000, -1.55000 0.10000 0.35000"
1540,0.0000,Tx-Rx,0,-65.6803,"3.90000 1.00000 -0.80000, -1.85000 0.10000 0.35000"
1541,0.0000,Tx-Rx,0,-66.3365,"3.90000 1.00000 -0.80000, -2.15000 0.10000 0.35000"
1542,0.0000,Tx-Rx,0,-68.7803,"3.90000 1.00000 -0.80000, -2.45000 0.10000 0.35000"
1543,0.0000,Tx-Rx,0,-70.7177,"3.90000 1.00000 -0.80000, -2.75000 0.10000 0.35000"
1544,0.0000,Tx-Rx,0,-72.1421,"3.90000 1.00000 -0.80000, -3.05000 0.10000 0.35000"
1545,0.0000,Tx-Rx,0,-69.6768,"3.90000 1.00000 -0.80000, -3.35000 0.10000 0.35000"
1546,0.0000,Tx-Rx,0,-68.4399,"3.90000 1.00000 -0.80000, -3.65000 0.10000 0.35000"
1547,0.0000,Tx-Rx,0,-71.2330,"3.90000 1.00000 -0.80000, -3.95000 0.10000 0.35000"
1548,0.0000,Tx-Rx,0,-71.8438,"3.90000 1.00000 -0.80000, -4.25000 0.10000 0.35000"
1549,0.0000,Tx-Rx,0,-71.5088,"3.90000 1.00000 -0.80000, -4.55000 0.10000 0.35000"
1550,0.0000,Tx-Rx,0,-70.3838,"3.90000 1.00000 -0.80000, -4.85000 0.10000 0.35000"
1551,0.0000,Tx-Rx,0,-72.9447,"3.90000 1.00000 -0.80000, -5.15000 0.10000 0.35000"
1552,0.0000,Tx-Rx,0,-76.2509,"3.90000 1.00000 -0.80000, -5.45000 0.10000 0.35000"
1553,0.0000,Tx-Rx,0,-76.9725,"3.90000 1.00000 -0.80000, -5.75000 0.10000 0.35000"
1554,0.0000,Tx-Rx,0,-73.7717,"3.90000 1.00000 -0.80000, -6.05000 0.10000 0.35000"
1555,0.0000,Tx-Rx,0,-65.2181,"3.90000 1.00000 -0.80000, -6.35000 0.10000 0.35000"
1556,0.0000,Tx-Rx,0,-62.1975,"3.90000 1.00000 -0.80000, -6.65000 0.10000 0.35000"
1557,0.0000,Tx-Rx,0,-61.7539,"3.90000 1.00000 -0.80000, -6.95000 0.10000 0.35000"
1558,0.0000,Tx-Rx,0,-61.8568,"3.90000 1.00000 -0.80000, -7.25000 0.10000 0.35000"
1559,0.0000,Tx-Rx,0,-62.0422,"3.90000 1.00000 -0.80000, -7.55000 0.10000 0.35000"
1560,0.0000,Tx-Rx,0,-63.6310,"3.90000 1.00000 -0.80000, -7.85000 0.10000 0.35000"
1561,0.0000,Tx-Rx,0,-56.3690,"3.90000 1.00000 -0.80000, 9.85000 0.10000 0.05000"
1562,0.0000,Tx-Rx,0,-56.2608,"3.90000 1.00000 -0.80000, 9.55000 0.10000 0.05000"
1563,0.0000,Tx-Rx,0,-56.5258,"3.90000 1.00000 -0.80000, 9.25000 0.10000 0.05000"
1564,0.0000,Tx-Rx,0,-56.7937,"3.90000 1.00000 -0.80000, 8.95000 0.10000 0.05000"
1565,0.0000,Tx-Rx,0,-56.3469,"3.90000 1.00000 -0.80000, 8.65000 0.10000 0.05000"
1566,0.0000,Tx-Rx,0,-53.3100,"3.90000 1.00000 -0.80000, 8.35000 0.10000 0.05000"
1567,0.0000,Tx-Rx,0,-53.7186,"3.90000 1.00000 -0.80000, 8.05000 0.10000 0.05000"
1568,0.0000,Tx-Rx,0,-52.2624,"3.90000 1.00000 -0.80000, 7.75000 0.10000 0.05000"
1569,0.0000,Tx-Rx,0,-49.8477,"3.90000 1.00000 -0.80000, 7.45000 0.10000 0.05000"
1570,0.0000,Tx-Rx,0,-47.8095,"3.90000 1.00000 -0.80000, 7.15000 0.10000 0.05000"
1571,0.0000,Tx-Rx,0,-49.8285,"3.90000 1.00000 -0.80000, 6.85000 0.10000 0.05000"
1572,0.0000,Tx-Rx,0,-50.8385,"3.90000 1.00000 -0.80000, 6.55000 0.10000 0.05000"
1573,0.0000,Tx-Rx,0,-54.4837,"3.90000 1.00000 -0.80000, 6.25000 0.10000 0.05000"
1574,0.0000,Tx-Rx,0,-54.4147,"3.90000 1.00000 -0.80000, 5.95000 0.10000 0.05000"
1575,0.0000,Tx-Rx,0,-54.7972,"3.90000 1.00000 -0.80000, 5.65000 0.10000 0.05000"
1576,0.0000,Tx-Rx,0,-54.1134,"3.90000 1.00000 -0.80000, 5.35000 0.10000 0.05000"
1577,0.0000,Tx-Rx,0,-54.1600,"3.90000 1.00000 -0.80000, 5.05000 0.10000 0.05000"
1578,0.0000,Tx-Rx,0,-48.4078,"3.90000 1.00000 -0.80000, 4.75000 0.10000 0.05000"
1579,0.0000,Tx-Rx,0,-49.7545,"3.90000 1.00000 -0.80000, 4.45000 0.10000 0.05000"
1580,0.0000,Tx-Rx,0,-48.1221,"3.90000 1.00000 -0.80000, 4.15000 0.10000 0.05000"
1581,0.0000,Tx-Rx,0,-46.7361,"3.90000 1.00000 -0.80000, 3.85000 0.10000 0.05000"
1582,0.0000,Tx-Rx,0,-50.0234,"3.90000 1.00000 -0.80000, 3.55000 0.10000 0.05000"
1583,0.0000,Tx-Rx,0,-46.4965,"3.90000 1.00000 -0.80000, 3.25000 0.10000 0.05000"
1584,0.0000,Tx-Rx,0,-50.3191,"3.90000 1.00000 -0.80000, 2.95000 0.10000 0.05000"
1585,0.0000,Tx-Rx,0,-52.3222,"3.90000 1.00000 -0.80000, 2.65000 0.10000 0.05000"
1586,0.0000,Tx-Rx,0,-52.1997,"3.90000 1.00000 -0.80000, 2.35000 0.10000 0.05000"
1587,0.0000,Tx-Rx,0,-51.3406,"3.90000 1.00000 -0.80000, 2.05000 0.10000 0.05000"
1588,0.0000,Tx-Rx,0,-52.0699,"3.90000 1.00000 -0.80000, 1.75000 0.10000 0.05000"
1589,0.0000,Tx-Rx,0,-50.2473,"3.90000 1.00000 -0.80000, 1.45000 0.10000 0.05000"
1590,0.0000,Tx-Rx,0,-49.5670,"3.90000 1.00000 -0.80000, 1.15000 0.10000 0.05000"
1591,0.0000,Tx-Rx,0,-46.4293,"3.90000 1.00000 -0.80000, 0.85000 0.10000 0.05000"
1592,0.0000,Tx-Rx,0,-47.4828,"3.90000 1.00000 -0.80000, 0.55000 0.10000 0.05000"
1593,0.0000,Tx-Rx,0,-48.9250,"3.90000 1.00000 -0.80000, 0.25000 0.10000 0.05000"
1594,0.0000,Tx-Rx,0,-54.5606,"3.90000 1.00000 -0.80000, -0.05000 0.10000 0.05000"
1595,0.0000,Tx-Rx,0,-65.2867,"3.90000 1.00000 -0.80000, -0.35000 0.10000 0.05000"
1596,0.0000,Tx-Rx,0,-64.4981,"3.90000 1.00000 -0.80000, -0.65000 0.10000 0.05000"
1597,0.0000,Tx-Rx,0,-63.9268,"3.90000 1.00000 -0.80000, -0.95000 0.10000 0.05000"
1598,0.0000,Tx-Rx,0,-63.4614,"3.90000 1.00000 -0.80000, -1.25000 0.10000 0.05000"
1599,0.0000,Tx-Rx,0,-63.9918,"3.90000 1.00000 -0.80000, -1.55000 0.10000 0.05000"
1600,0.0000,Tx-Rx,0,-65.4447,"3.90000 1.00000 -0.80000, -1.85000 0.10000 0.05000"
1601,0.0000,Tx-Rx,0,-65.9990,"3.90000 1.00000 -0.80000, -2.15000 0.10000 0.05000"
1602,0.0000,Tx-Rx,0,-66.3325,"3.90000 1.00000 -0.80000, -2.45000 0.10000 0.05000"
1603,0.0000,Tx-Rx,0,-68.1573,"3.90000 1.00000 -0.80000, -2.75000 0.10000 0.05000"
1604,0.0000,Tx-Rx,0,-71.1344,"3.90000 1.00000 -0.80000, -3.05000 0.10000 0.05000"
1605,0.0000,Tx-Rx,0,-68.0209,"3.90000 1.00000 -0.80000, -3.35000 0.10000 0.05000"
1606,0.0000,Tx-Rx,0,-70.6484,"3.90000 1.00000 -0.80000, -3.65000 0.10000 0.05000"
1607,0.0000,Tx-Rx,0,-69.9208,"3.90000 1.00000 -0.80000, -3.95000 0.10000 0.05000"
1608,0.0000,Tx-Rx,0,-70.2708,"3.90000 1.00000 -0.80000, -4.25000 0.10000 0.05000"
1609,0.0000,Tx-Rx,0,-70.7747,"3.90000 1.00000 -0.80000, -4.55000 0.10000 0.05000"
1610,0.0000,Tx-Rx,0,-72.7345,"3.90000 1.00000 -0.80000, -4.85000 0.10000 0.05000"
1611,0.0000,Tx-Rx,0,-74.5380,"3.90000 1.00000 -0.80000, -5.15000 0.10000 0.05000"
1612,0.0000,Tx-Rx,0,-74.0014,"3.90000 1.00000 -0.80000, -5.45000 0.10000 0.05000"
1613,0.0000,Tx-Rx,0,-69.2780,"3.90000 1.00000 -0.80000, -5.75000 0.10000 0.05000"
1614,0.0000,Tx-Rx,0,-63.4493,"3.90000 1.00000 -0.80000, -6.05000 0.10000 0.05000"
1615,0.0000,Tx-Rx,0,-61.6164,"3.90000 1.00000 -0.80000, -6.35000 0.10000 0.05000"
1616,0.0000,Tx-Rx,0,-61.6228,"3.90000 1.00000 -0.80000, -6.65000 0.10000 0.05000"
1617,0.0000,Tx-Rx,0,-61.7080,"3.90000 1.00000 -0.80000, -6.95000 0.10000 0.05000"
1618,0.0000,Tx-Rx,0,-62.1052,"3.90000 1.00000 -0.80000, -7.25000 0.10000 0.05000"
1619,0.0000,Tx-Rx,0,-66.5436,"3.90000 1.00000 -0.80000, -7.55000 0.10000 0.05000"
1620,0.0000,Tx-Rx,0,-75.5930,"3.90000 1.00000 -0.80000, -7.85000 0.10000 0.05000"
1621,0.0000,Tx-Rx,0,-56.7734,"3.90000 1.00000 -0.80000, 9.85000 0.10000 -0.25000"
1622,0.0000,Tx-Rx,0,-56.6900,"3.90000 1.00000 -0.80000, 9.55000 0.10000 -0.25000"
1623,0.0000,Tx-Rx,0,-56.3836,"3.90000 1.00000 -0.80000, 9.25000 0.10000 -0.25000"
1624,0.0000,Tx-Rx,0,-55.5458,"3.90000 1.00000 -0.80000, 8.95000 0.10000 -0.25000"
1625,0.0000,Tx-Rx,0,-54.6970,"3.90000 1.00000 -0.80000, 8.65000 0.10000 -0.25000"
1626,0.0000,Tx-Rx,0,-54.0738,"3.90000 1.00000 -0.80000, 8.35000 0.10000 -0.25000"
1627,0.0000,Tx-Rx,0,-53.9293,"3.90000 1.00000 -0.80000, 8.05000 0.10000 -0.25000"
1628,0.0000,Tx-Rx,0,-53.4760,"3.90000 1.00000 -0.80000, 7.75000 0.10000 -0.25000"
1629,0.0000,Tx-Rx,0,-52.8555,"3.90000 1.00000 -0.80000, 7.45000 0.10000 -0.25000"
1630,0.0000,Tx-Rx,0,-52.2613,"3.90000 1.00000 -0.80000, 7.15000 0.10000 -0.25000"
1631,0.0000,Tx-Rx,0,-51.7333,"3.90000 1.00000 -0.80000, 6.85000 0.10000 -0.25000"
1632,0.0000,Tx-Rx,0,-52.1664,"3.90000 1.00000 -0.80000, 6.55000 0.10000 -0.25000"
1633,0.0000,Tx-Rx,0,-53.5193,"3.90000 1.00000 -0.80000, 6.25000 0.10000 -0.25000"
1634,0.0000,Tx-Rx,0,-51.6162,"3.90000 1.00000 -0.80000, 5.95000 0.10000 -0.25000"
1635,0.0000,Tx-Rx,0,-51.5294,"3.90000 1.00000 -0.80000, 5.65000 0.10000 -0.25000"
1636,0.0000,Tx-Rx,0,-51.9194,"3.90000 1.00000 -0.80000, 5.35000 0.10000 -0.25000"
1637,0.0000,Tx-Rx,0,-49.0284,"3.90000 1.00000 -0.80000, 5.05000 0.10000 -0.25000"
1638,0.0000,Tx-Rx,0,-45.8115,"3.90000 1.00000 -0.80000, 4.75000 0.10000 -0.25000"
1639,0.0000,Tx-Rx,0,-47.6700,"3.90000 1.00000 -0.80000, 4.45000 0.10000 -0.25000"
1640,0.0000,Tx-Rx,0,-46.1691,"3.90000 1.00000 -0.80000, 4.15000 0.10000 -0.25000"
1641,0.0000,Tx-Rx,0,-45.0075,"3.90000 1.00000 -0.80000, 3.85000 0.10000 -0.25000"
1642,0.0000,Tx-Rx,0,-47.9218,"3.90000 1.00000 -0.80000, 3.55000 0.10000 -0.25000"
1643,0.0000,Tx-Rx,0,-45.0803,"3.90000 1.00000 -0.80000, 3.25000 0.10000 -0.25000"
1644,0.0000,Tx-Rx,0,-46.6933,"3.90000 1.00000 -0.80000, 2.95000 0.10000 -0.25000"
1645,0.0000,Tx-Rx,0,-48.1981,"3.90000 1.00000 -0.80000, 2.65000 0.10000 -0.25000"
1646,0.0000,Tx-Rx,0,-50.4242,"3.90000 1.00000 -0.80000, 2.35000 0.10000 -0.25000"
1647,0.0000,Tx-Rx,0,-50.3548,"3.90000 1.00000 -0.80000, 2.05000 0.10000 -0.25000"
1648,0.0000,Tx-Rx,0,-50.6734,"3.90000 1.00000 -0.80000, 1.75000 0.10000 -0.25000"
1649,0.0000,Tx-Rx,0,-49.7957,"3.90000 1.00000 -0.80000, 1.45000 0.10000 -0.25000"
1650,0.0000,Tx-Rx,0,-48.7389,"3.90000 1.00000 -0.80000, 1.15000 0.10000 -0.25000"
1651,0.0000,Tx-Rx,0,-51.3298,"3.90000 1.00000 -0.80000, 0.85000 0.10000 -0.25000"
1652,0.0000,Tx-Rx,0,-52.1404,"3.90000 1.00000 -0.80000, 0.55000 0.10000 -0.25000"
1653,0.0000,Tx-Rx,0,-52.6053,"3.90000 1.00000 -0.80000, 0.25000 0.10000 -0.25000"
1654,0.0000,Tx-Rx,0,-57.1407,"3.90000 1.00000 -0.80000, -0.05000 0.10000 -0.25000"
1655,0.0000,Tx-Rx,0,-63.7218,"3.90000 1.00000 -0.80000, -0.35000 0.10000 -0.25000"
1656,0.0000,Tx-Rx,0,-63.5083,"3.90000 1.00000 -0.80000, -0.65000 0.10000 -0.25000"
1657,0.0000,Tx-Rx,0,-63.4803,"3.90000 1.00000 -0.80000, -0.95000 0.10000 -0.25000"
1658,0.0000,Tx-Rx,0,-63.6763,"3.90000 1.00000 -0.80000, -1.25000 0.10000 -0.25000"
1659,0.0000,Tx-Rx,0,-68.3630,"3.90000 1.00000 -0.80000, -1.55000 0.10000 -0.25000"
1660,0.0000,Tx-Rx,0,-67.3612,"3.90000 1.00000 -0.80000, -1.85000 0.10000 -0.25000"
1661,0.0000,Tx-Rx,0,-65.9530,"3.90000 1.00000 -0.80000, -2.15000 0.10000 -0.25000"
1662,0.0000,Tx-Rx,0,-65.8306,"3.90000 1.00000 -0.80000, -2.45000 0.10000 -0.25000"
1663,0.0000,Tx-Rx,0,-65.5351,"3.90000 1.00000 -0.80000, -2.75000 0.10000 -0.25000"
1664,0.0000,Tx-Rx,0,-64.3653,"3.90000 1.00000 -0.80000, -3.05000 0.10000 -0.25000"
1665,0.0000,Tx-Rx,0,-67.6649,"3.90000 1.00000 -0.80000, -3.35000 0.10000 -0.25000"
1666,0.0000,Tx-Rx,0,-70.0735,"3.90000 1.00000 -0.80000, -3.65000 0.10000 -0.25000"
1667,0.0000,Tx-Rx,0,-69.8134,"3.90000 1.00000 -0.80000, -3.95000 0.10000 -0.25000"
1668,0.0000,Tx-Rx,0,-70.0771,"3.90000 1.00000 -0.80000, -4.25000 0.10000 -0.25000"
1669,0.0000,Tx-Rx,0,-70.9826,"3.90000 1.00000 -0.80000, -4.55000 0.10000 -0.25000"
1670,0.0000,Tx-Rx,0,-71.9664,"3.90000 1.00000 -0.80000, -4.85000 0.10000 -0.25000"
1671,0.0000,Tx-Rx,0,-72.3574,"3.90000 1.00000 -0.80000, -5.15000 0.10000 -0.25000"
1672,0.0000,Tx-Rx,0,-66.2324,"3.90000 1.00000 -0.80000, -5.45000 0.10000 -0.25000"
1673,0.0000,Tx-Rx,0,-62.0530,"3.90000 1.00000 -0.80000, -5.75000 0.10000 -0.25000"
1674,0.0000,Tx-Rx,0,-61.2725,"3.90000 1.00000 -0.80000, -6.05000 0.10000 -0.25000"
1675,0.0000,Tx-Rx,0,-61.3777,"3.90000 1.00000 -0.80000, -6.35000 0.10000 -0.25000"
1676,0.0000,Tx-Rx,0,-61.4357,"3.90000 1.00000 -0.80000, -6.65000 0.10000 -0.25000"
1677,0.0000,Tx-Rx,0,-63.8283,"3.90000 1.00000 -0.80000, -6.95000 0.10000 -0.25000"
1678,0.0000,Tx-Rx,0,-71.0129,"3.90000 1.00000 -0.80000, -7.25000 0.10000 -0.25000"
1679,0.0000,Tx-Rx,0,-74.6334,"3.90000 1.00000 -0.80000, -7.55000 0.10000 -0.25000"
1680,0.0000,Tx-Rx,0,-77.7732,"3.90000 1.00000 -0.80000, -7.85000 0.10000 -0.25000"
1681,0.0000,Tx-Rx,0,-57.3553,"3.90000 1.00000 -0.80000, 9.85000 0.10000 -0.55000"
1682,0.0000,Tx-Rx,0,-57.0199,"3.90000 1.00000 -0.80000, 9.55000 0.10000 -0.55000"
1683,0.0000,Tx-Rx,0,-56.6693,"3.90000 1.00000 -0.80000, 9.25000 0.10000 -0.55000"
1684,0.0000,Tx-Rx,0,-55.6137,"3.90000 1.00000 -0.80000, 8.95000 0.10000 -0.55000"
1685,0.0000,Tx-Rx,0,-55.0287,"3.90000 1.00000 -0.80000, 8.65000 0.10000 -0.55000"
1686,0.0000,Tx-Rx,0,-54.3309,"3.90000 1.00000 -0.80000, 8.35000 0.10000 -0.55000"
1687,0.0000,Tx-Rx,0,-53.8851,"3.90000 1.00000 -0.80000, 8.05000 0.10000 -0.55000"
1688,0.0000,Tx-Rx,0,-53.5477,"3.90000 1.00000 -0.80000, 7.75000 0.10000 -0.55000"
1689,0.0000,Tx-Rx,0,-52.8487,"3.90000 1.00000 -0.80000, 7.45000 0.10000 -0.55000"
1690,0.0000,Tx-Rx,0,-52.2489,"3.90000 1.00000 -0.80000, 7.15000 0.10000 -0.55000"
1691,0.0000,Tx-Rx,0,-51.7021,"3.90000 1.00000 -0.80000, 6.85000 0.10000 -0.55000"
1692,0.0000,Tx-Rx,0,-52.9179,"3.90000 1.00000 -0.80000, 6.55000 0.10000 -0.55000"
1693,0.0000,Tx-Rx,0,-55.1063,"3.90000 1.00000 -0.80000, 6.25000 0.10000 -0.55000"
1694,0.0000,Tx-Rx,0,-54.1523,"3.90000 1.00000 -0.80000, 5.95000 0.10000 -0.55000"
1695,0.0000,Tx-Rx,0,-53.2514,"3.90000 1.00000 -0.80000, 5.65000 0.10000 -0.55000"
1696,0.0000,Tx-Rx,0,-53.0785,"3.90000 1.00000 -0.80000, 5.35000 0.10000 -0.55000"
1697,0.0000,Tx-Rx,0,-52.6046,"3.90000 1.00000 -0.80000, 5.05000 0.10000 -0.55000"
1698,0.0000,Tx-Rx,0,-46.8849,"3.90000 1.00000 -0.80000, 4.75000 0.10000 -0.55000"
1699,0.0000,Tx-Rx,0,-46.7880,"3.90000 1.00000 -0.80000, 4.45000 0.10000 -0.55000"
1700,0.0000,Tx-Rx,0,-45.6610,"3.90000 1.00000 -0.80000, 4.15000 0.10000 -0.55000"
1701,0.0000,Tx-Rx,0,-44.8647,"3.90000 1.00000 -0.80000, 3.85000 0.10000 -0.55000"
1702,0.0000,Tx-Rx,0,-46.8814,"3.90000 1.00000 -0.80000, 3.55000 0.10000 -0.55000"
1703,0.0000,Tx-Rx,0,-44.7831,"3.90000 1.00000 -0.80000, 3.25000 0.10000 -0.55000"
1704,0.0000,Tx-Rx,0,-50.8405,"3.90000 1.00000 -0.80000, 2.95000 0.10000 -0.55000"
1705,0.0000,Tx-Rx,0,-52.9317,"3.90000 1.00000 -0.80000, 2.65000 0.10000 -0.55000"
1706,0.0000,Tx-Rx,0,-52.8830,"3.90000 1.00000 -0.80000, 2.35000 0.10000 -0.55000"
1707,0.0000,Tx-Rx,0,-53.5911,"3.90000 1.00000 -0.80000, 2.05000 0.10000 -0.55000"
1708,0.0000,Tx-Rx,0,-54.3357,"3.90000 1.00000 -0.80000, 1.75000 0.10000 -0.55000"
1709,0.0000,Tx-Rx,0,-52.9342,"3.90000 1.00000 -0.80000, 1.45000 0.10000 -0.55000"
1710,0.0000,Tx-Rx,0,-51.2328,"3.90000 1.00000 -0.80000, 1.15000 0.10000 -0.55000"
1711,0.0000,Tx-Rx,0,-51.6953,"3.90000 1.00000 -0.80000, 0.85000 0.10000 -0.55000"
1712,0.0000,Tx-Rx,0,-52.1163,"3.90000 1.00000 -0.80000, 0.55000 0.10000 -0.55000"
1713,0.0000,Tx-Rx,0,-52.6322,"3.90000 1.00000 -0.80000, 0.25000 0.10000 -0.55000"
1714,0.0000,Tx-Rx,0,-56.4360,"3.90000 1.00000 -0.80000, -0.05000 0.10000 -0.55000"
1715,0.0000,Tx-Rx,0,-60.4278,"3.90000 1.00000 -0.80000, -0.35000 0.10000 -0.55000"
1716,0.0000,Tx-Rx,0,-60.3998,"3.90000 1.00000 -0.80000, -0.65000 0.10000 -0.55000"
1717,0.0000,Tx-Rx,0,-60.4462,"3.90000 1.00000 -0.80000, -0.95000 0.10000 -0.55000"
1718,0.0000,Tx-Rx,0,-61.0237,"3.90000 1.00000 -0.80000, -1.25000 0.10000 -0.55000"
1719,0.0000,Tx-Rx,0,-62.3611,"3.90000 1.00000 -0.80000, -1.55000 0.10000 -0.55000"
1720,0.0000,Tx-Rx,0,-62.3664,"3.90000 1.00000 -0.80000, -1.85000 0.10000 -0.55000"
1721,0.0000,Tx-Rx,0,-62.3801,"3.90000 1.00000 -0.80000, -2.15000 0.10000 -0.55000"
1722,0.0000,Tx-Rx,0,-61.5035,"3.90000 1.00000 -0.80000, -2.45000 0.10000 -0.55000"
1723,0.0000,Tx-Rx,0,-60.6441,"3.90000 1.00000 -0.80000, -2.75000 0.10000 -0.55000"
1724,0.0000,Tx-Rx,0,-60.8366,"3.90000 1.00000 -0.80000, -3.05000 0.10000 -0.55000"
1725,0.0000,Tx-Rx,0,-60.8933,"3.90000 1.00000 -0.80000, -3.35000 0.10000 -0.55000"
1726,0.0000,Tx-Rx,0,-61.2107,"3.90000 1.00000 -0.80000, -3.65000 0.10000 -0.55000"
1727,0.0000,Tx-Rx,0,-62.2360,"3.90000 1.00000 -0.80000, -3.95000 0.10000 -0.55000"
1728,0.0000,Tx-Rx,0,-62.4355,"3.90000 1.00000 -0.80000, -4.25000 0.10000 -0.55000"
1729,0.0000,Tx-Rx,0,-62.6101,"3.90000 1.00000 -0.80000, -4.55000 0.10000 -0.55000"
1730,0.0000,Tx-Rx,0,-62.5154,"3.90000 1.00000 -0.80000, -4.85000 0.10000 -0.55000"
1731,0.0000,Tx-Rx,0,-60.2708,"3.90000 1.00000 -0.80000, -5.15000 0.10000 -0.55000"
1732,0.0000,Tx-Rx,0,-58.8428,"3.90000 1.00000 -0.80000, -5.45000 0.10000 -0.55000"
1733,0.0000,Tx-Rx,0,-58.8179,"3.90000 1.00000 -0.80000, -5.75000 0.10000 -0.55000"
1734,0.0000,Tx-Rx,0,-58.9402,"3.90000 1.00000 -0.80000, -6.05000 0.10000 -0.55000"
1735,0.0000,Tx-Rx,0,-59.4695,"3.90000 1.00000 -0.80000, -6.35000 0.10000 -0.55000"
1736,0.0000,Tx-Rx,0,-61.7456,"3.90000 1.00000 -0.80000, -6.65000 0.10000 -0.55000"
1737,0.0000,Tx-Rx,0,-62.8641,"3.90000 1.00000 -0.80000, -6.95000 0.10000 -0.55000"
1738,0.0000,Tx-Rx,0,-62.6165,"3.90000 1.00000 -0.80000, -7.25000 0.10000 -0.55000"
1739,0.0000,Tx-Rx,0,-62.9056,"3.90000 1.00000 -0.80000, -7.55000 0.10000 -0.55000"
1740,0.0000,Tx-Rx,0,-63.0037,"3.90000 1.00000 -0.80000, -7.85000 0.10000 -0.55000"
1741,0.0000,Tx-Rx,0,-57.5063,"3.90000 1.00000 -0.80000, 9.85000 0.10000 -0.85000"
1742,0.0000,Tx-Rx,0,-57.1534,"3.90000 1.00000 -0.80000, 9.55000 0.10000 -0.85000"
1743,0.0000,Tx-Rx,0,-56.6129,"3.90000 1.00000 -0.80000, 9.25000 0.10000 -0.85000"
1744,0.0000,Tx-Rx,0,-55.5203,"3.90000 1.00000 -0.80000, 8.95000 0.10000 -0.85000"
1745,0.0000,Tx-Rx,0,-55.2035,"3.90000 1.00000 -0.80000, 8.65000 0.10000 -0.85000"
1746,0.0000,Tx-Rx,0,-54.5801,"3.90000 1.00000 -0.80000, 8.35000 0.10000 -0.85000"
1747,0.0000,Tx-Rx,0,-53.8418,"3.90000 1.00000 -0.80000, 8.05000 0.10000 -0.85000"
1748,0.0000,Tx-Rx,0,-53.5540,"3.90000 1.00000 -0.80000, 7.75000 0.10000 -0.85000"
1749,0.0000,Tx-Rx,0,-52.8641,"3.90000 1.00000 -0.80000, 7.45000 0.10000 -0.85000"
1750,0.0000,Tx-Rx,0,-52.2221,"3.90000 1.00000 -0.80000, 7.15000 0.10000 -0.85000"
1751,0.0000,Tx-Rx,0,-51.7074,"3.90000 1.00000 -0.80000, 6.85000 0.10000 -0.85000"
1752,0.0000,Tx-Rx,0,-52.9458,"3.90000 1.00000 -0.80000, 6.55000 0.10000 -0.85000"
1753,0.0000,Tx-Rx,0,-54.9356,"3.90000 1.00000 -0.80000, 6.25000 0.10000 -0.85000"
1754,0.0000,Tx-Rx,0,-54.1129,"3.90000 1.00000 -0.80000, 5.95000 0.10000 -0.85000"
1755,0.0000,Tx-Rx,0,-53.5002,"3.90000 1.00000 -0.80000, 5.65000 0.10000 -0.85000"
1756,0.0000,Tx-Rx,0,-53.5838,"3.90000 1.00000 -0.80000, 5.35000 0.10000 -0.85000"
1757,0.0000,Tx-Rx,0,-52.3437,"3.90000 1.00000 -0.80000, 5.05000 0.10000 -0.85000"
1758,0.0000,Tx-Rx,0,-46.4451,"3.90000 1.00000 -0.80000, 4.75000 0.10000 -0.85000"
1759,0.0000,Tx-Rx,0,-46.4552,"3.90000 1.00000 -0.80000, 4.45000 0.10000 -0.85000"
1760,0.0000,Tx-Rx,0,-45.0743,"3.90000 1.00000 -0.80000, 4.15000 0.10000 -0.85000"
1761,0.0000,Tx-Rx,0,-44.4727,"3.90000 1.00000 -0.80000, 3.85000 0.10000 -0.85000"
1762,0.0000,Tx-Rx,0,-46.2211,"3.90000 1.00000 -0.80000, 3.55000 0.10000 -0.85000"
1763,0.0000,Tx-Rx,0,-44.1096,"3.90000 1.00000 -0.80000, 3.25000 0.10000 -0.85000"
1764,0.0000,Tx-Rx,0,-50.1088,"3.90000 1.00000 -0.80000, 2.95000 0.10000 -0.85000"
1765,0.0000,Tx-Rx,0,-53.8023,"3.90000 1.00000 -0.80000, 2.65000 0.10000 -0.85000"
1766,0.0000,Tx-Rx,0,-53.8799,"3.90000 1.00000 -0.80000, 2.35000 0.10000 -0.85000"
1767,0.0000,Tx-Rx,0,-53.7851,"3.90000 1.00000 -0.80000, 2.05000 0.10000 -0.85000"
1768,0.0000,Tx-Rx,0,-54.8433,"3.90000 1.00000 -0.80000, 1.75000 0.10000 -0.85000"
1769,0.0000,Tx-Rx,0,-53.2094,"3.90000 1.00000 -0.80000, 1.45000 0.10000 -0.85000"
1770,0.0000,Tx-Rx,0,-51.1704,"3.90000 1.00000 -0.80000, 1.15000 0.10000 -0.85000"
1771,0.0000,Tx-Rx,0,-51.9244,"3.90000 1.00000 -0.80000, 0.85000 0.10000 -0.85000"
1772,0.0000,Tx-Rx,0,-52.3622,"3.90000 1.00000 -0.80000, 0.55000 0.10000 -0.85000"
1773,0.0000,Tx-Rx,0,-52.8170,"3.90000 1.00000 -0.80000, 0.25000 0.10000 -0.85000"
1774,0.0000,Tx-Rx,0,-53.6625,"3.90000 1.00000 -0.80000, -0.05000 0.10000 -0.85000"
1775,0.0000,Tx-Rx,0,-54.2751,"3.90000 1.00000 -0.80000, -0.35000 0.10000 -0.85000"
1776,0.0000,Tx-Rx,0,-54.6763,"3.90000 1.00000 -0.80000, -0.65000 0.10000 -0.85000"
1777,0.0000,Tx-Rx,0,-55.1261,"3.90000 1.00000 -0.80000, -0.95000 0.10000 -0.85000"
1778,0.0000,Tx-Rx,0,-55.8872,"3.90000 1.00000 -0.80000, -1.25000 0.10000 -0.85000"
1779,0.0000,Tx-Rx,0,-56.5629,"3.90000 1.00000 -0.80000, -1.55000 0.10000 -0.85000"
1780,0.0000,Tx-Rx,0,-57.1668,"3.90000 1.00000 -0.80000, -1.85000 0.10000 -0.85000"
1781,0.0000,Tx-Rx,0,-57.5989,"3.90000 1.00000 -0.80000, -2.15000 0.10000 -0.85000"
1782,0.0000,Tx-Rx,0,-57.6863,"3.90000 1.00000 -0.80000, -2.45000 0.10000 -0.85000"
1783,0.0000,Tx-Rx,0,-57.9790,"3.90000 1.00000 -0.80000, -2.75000 0.10000 -0.85000"
1784,0.0000,Tx-Rx,0,-58.1351,"3.90000 1.00000 -0.80000, -3.05000 0.10000 -0.85000"
1785,0.0000,Tx-Rx,0,-58.2902,"3.90000 1.00000 -0.80000, -3.35000 0.10000 -0.85000"
1786,0.0000,Tx-Rx,0,-58.6510,"3.90000 1.00000 -0.80000, -3.65000 0.10000 -0.85000"
1787,0.0000,Tx-Rx,0,-58.8734,"3.90000 1.00000 -0.80000, -3.95000 0.10000 -0.85000"
1788,0.0000,Tx-Rx,0,-59.6787,"3.90000 1.00000 -0.80000, -4.25000 0.10000 -0.85000"
1789,0.0000,Tx-Rx,0,-59.8723,"3.90000 1.00000 -0.80000, -4.55000 0.10000 -0.85000"
1790,0.0000,Tx-Rx,0,-58.4666,"3.90000 1.00000 -0.80000, -4.85000 0.10000 -0.85000"
1791,0.0000,Tx-Rx,0,-57.8504,"3.90000 1.00000 -0.80000, -5.15000 0.10000 -0.85000"
1792,0.0000,Tx-Rx,0,-57.9655,"3.90000 1.00000 -0.80000, -5.45000 0.10000 -0.85000"
1793,0.0000,Tx-Rx,0,-58.0323,"3.90000 1.00000 -0.80000, -5.75000 0.10000 -0.85000"
1794,0.0000,Tx-Rx,0,-59.0746,"3.90000 1.00000 -0.80000, -6.05000 0.10000 -0.85000"
1795,0.0000,Tx-Rx,0,-61.1481,"3.90000 1.00000 -0.80000, -6.35000 0.10000 -0.85000"
1796,0.0000,Tx-Rx,0,-61.9205,"3.90000 1.00000 -0.80000, -6.65000 0.10000 -0.85000"
1797,0.0000,Tx-Rx,0,-62.0050,"3.90000 1.00000 -0.80000, -6.95000 0.10000 -0.85000"
1798,0.0000,Tx-Rx,0,-62.1181,"3.90000 1.00000 -0.80000, -7.25000 0.10000 -0.85000"
1799,0.0000,Tx-Rx,0,-62.2265,"3.90000 1.00000 -0.80000, -7.55000 0.10000 -0.85000"
1800,0.0000,Tx-Rx,0,-62.5417,"3.90000 1.00000 -0.80000, -7.85000 0.10000 -0.85000"
1801,0.0000,Tx-Rx,0,-56.3268,"3.90000 1.00000 -0.80000, 9.85000 0.10000 -1.15000"
1802,0.0000,Tx-Rx,0,-56.1857,"3.90000 1.00000 -0.80000, 9.55000 0.10000 -1.15000"
1803,0.0000,Tx-Rx,0,-55.9122,"3.90000 1.00000 -0.80000, 9.25000 0.10000 -1.15000"
1804,0.0000,Tx-Rx,0,-55.2733,"3.90000 1.00000 -0.80000, 8.95000 0.10000 -1.15000"
1805,0.0000,Tx-Rx,0,-55.3332,"3.90000 1.00000 -0.80000, 8.65000 0.10000 -1.15000"
1806,0.0000,Tx-Rx,0,-54.6217,"3.90000 1.00000 -0.80000, 8.35000 0.10000 -1.15000"
1807,0.0000,Tx-Rx,0,-53.7620,"3.90000 1.00000 -0.80000, 8.05000 0.10000 -1.15000"
1808,0.0000,Tx-Rx,0,-53.3597,"3.90000 1.00000 -0.80000, 7.75000 0.10000 -1.15000"
1809,0.0000,Tx-Rx,0,-52.6689,"3.90000 1.00000 -0.80000, 7.45000 0.10000 -1.15000"
1810,0.0000,Tx-Rx,0,-52.0164,"3.90000 1.00000 -0.80000, 7.15000 0.10000 -1.15000"
1811,0.0000,Tx-Rx,0,-51.5852,"3.90000 1.00000 -0.80000, 6.85000 0.10000 -1.15000"
1812,0.0000,Tx-Rx,0,-52.9496,"3.90000 1.00000 -0.80000, 6.55000 0.10000 -1.15000"
1813,0.0000,Tx-Rx,0,-54.8097,"3.90000 1.00000 -0.80000, 6.25000 0.10000 -1.15000"
1814,0.0000,Tx-Rx,0,-53.3101,"3.90000 1.00000 -0.80000, 5.95000 0.10000 -1.15000"
1815,0.0000,Tx-Rx,0,-52.1334,"3.90000 1.00000 -0.80000, 5.65000 0.10000 -1.15000"
1816,0.0000,Tx-Rx,0,-52.6200,"3.90000 1.00000 -0.80000, 5.35000 0.10000 -1.15000"
1817,0.0000,Tx-Rx,0,-50.5576,"3.90000 1.00000 -0.80000, 5.05000 0.10000 -1.15000"
1818,0.0000,Tx-Rx,0,-46.5560,"3.90000 1.00000 -0.80000, 4.75000 0.10000 -1.15000"
1819,0.0000,Tx-Rx,0,-47.8156,"3.90000 1.00000 -0.80000, 4.45000 0.10000 -1.15000"
1820,0.0000,Tx-Rx,0,-49.2992,"3.90000 1.00000 -0.80000, 4.15000 0.10000 -1.15000"
1821,0.0000,Tx-Rx,0,-47.6777,"3.90000 1.00000 -0.80000, 3.85000 0.10000 -1.15000"
1822,0.0000,Tx-Rx,0,-48.8616,"3.90000 1.00000 -0.80000, 3.55000 0.10000 -1.15000"
1823,0.0000,Tx-Rx,0,-45.0111,"3.90000 1.00000 -0.80000, 3.25000 0.10000 -1.15000"
1824,0.0000,Tx-Rx,0,-50.5135,"3.90000 1.00000 -0.80000, 2.95000 0.10000 -1.15000"
1825,0.0000,Tx-Rx,0,-52.8188,"3.90000 1.00000 -0.80000, 2.65000 0.10000 -1.15000"
1826,0.0000,Tx-Rx,0,-52.5747,"3.90000 1.00000 -0.80000, 2.35000 0.10000 -1.15000"
1827,0.0000,Tx-Rx,0,-53.0069,"3.90000 1.00000 -0.80000, 2.05000 0.10000 -1.15000"
1828,0.0000,Tx-Rx,0,-54.5767,"3.90000 1.00000 -0.80000, 1.75000 0.10000 -1.15000"
1829,0.0000,Tx-Rx,0,-53.4356,"3.90000 1.00000 -0.80000, 1.45000 0.10000 -1.15000"
1830,0.0000,Tx-Rx,0,-51.1297,"3.90000 1.00000 -0.80000, 1.15000 0.10000 -1.15000"
1831,0.0000,Tx-Rx,0,-51.7797,"3.90000 1.00000 -0.80000, 0.85000 0.10000 -1.15000"
1832,0.0000,Tx-Rx,0,-52.3750,"3.90000 1.00000 -0.80000, 0.55000 0.10000 -1.15000"
1833,0.0000,Tx-Rx,0,-52.8873,"3.90000 1.00000 -0.80000, 0.25000 0.10000 -1.15000"
1834,0.0000,Tx-Rx,0,-53.5302,"3.90000 1.00000 -0.80000, -0.05000 0.10000 -1.15000"
1835,0.0000,Tx-Rx,0,-54.2564,"3.90000 1.00000 -0.80000, -0.35000 0.10000 -1.15000"
1836,0.0000,Tx-Rx,0,-54.7065,"3.90000 1.00000 -0.80000, -0.65000 0.10000 -1.15000"
1837,0.0000,Tx-Rx,0,-55.2683,"3.90000 1.00000 -0.80000, -0.95000 0.10000 -1.15000"
1838,0.0000,Tx-Rx,0,-56.0813,"3.90000 1.00000 -0.80000, -1.25000 0.10000 -1.15000"
1839,0.0000,Tx-Rx,0,-56.4506,"3.90000 1.00000 -0.80000, -1.55000 0.10000 -1.15000"
1840,0.0000,Tx-Rx,0,-56.7401,"3.90000 1.00000 -0.80000, -1.85000 0.10000 -1.15000"
1841,0.0000,Tx-Rx,0,-57.0695,"3.90000 1.00000 -0.80000, -2.15000 0.10000 -1.15000"
1842,0.0000,Tx-Rx,0,-57.4224,"3.90000 1.00000 -0.80000, -2.45000 0.10000 -1.15000"
1843,0.0000,Tx-Rx,0,-58.0678,"3.90000 1.00000 -0.80000, -2.75000 0.10000 -1.15000"
1844,0.0000,Tx-Rx,0,-58.4537,"3.90000 1.00000 -0.80000, -3.05000 0.10000 -1.15000"
1845,0.0000,Tx-Rx,0,-58.7262,"3.90000 1.00000 -0.80000, -3.35000 0.10000 -1.15000"
1846,0.0000,Tx-Rx,0,-58.5460,"3.90000 1.00000 -0.80000, -3.65000 0.10000 -1.15000"
1847,0.0000,Tx-Rx,0,-58.6604,"3.90000 1.00000 -0.80000, -3.95000 0.10000 -1.15000"
1848,0.0000,Tx-Rx,0,-58.1670,"3.90000 1.00000 -0.80000, -4.25000 0.10000 -1.15000"
1849,0.0000,Tx-Rx,0,-57.1821,"3.90000 1.00000 -0.80000, -4.55000 0.10000 -1.15000"
1850,0.0000,Tx-Rx,0,-57.3940,"3.90000 1.00000 -0.80000, -4.85000 0.10000 -1.15000"
1851,0.0000,Tx-Rx,0,-57.5849,"3.90000 1.00000 -0.80000, -5.15000 0.10000 -1.15000"
1852,0.0000,Tx-Rx,0,-58.3447,"3.90000 1.00000 -0.80000, -5.45000 0.10000 -1.15000"
1853,0.0000,Tx-Rx,0,-60.4456,"3.90000 1.00000 -0.80000, -5.75000 0.10000 -1.15000"
1854,0.0000,Tx-Rx,0,-61.1345,"3.90000 1.00000 -0.80000, -6.05000 0.10000 -1.15000"
1855,0.0000,Tx-Rx,0,-61.2875,"3.90000 1.00000 -0.80000, -6.35000 0.10000 -1.15000"
1856,0.0000,Tx-Rx,0,-61.1623,"3.90000 1.00000 -0.80000, -6.65000 0.10000 -1.15000"
1857,0.0000,Tx-Rx,0,-61.4962,"3.90000 1.00000 -0.80000, -6.95000 0.10000 -1.15000"
1858,0.0000,Tx-Rx,0,-61.8830,"3.90000 1.00000 -0.80000, -7.25000 0.10000 -1.15000"
1859,0.0000,Tx-Rx,0,-61.7234,"3.90000 1.00000 -0.80000, -7.55000 0.10000 -1.15000"
1860,0.0000,Tx-Rx,0,-61.6465,"3.90000 1.00000 -0.80000, -7.85000 0.10000 -1.15000"
1861,0.0000,Tx-Rx,0,-55.5897,"3.90000 1.00000 -0.80000, 9.85000 0.10000 -1.45000"
1862,0.0000,Tx-Rx,0,-56.9623,"3.90000 1.00000 -0.80000, 9.55000 0.10000 -1.45000"
1863,0.0000,Tx-Rx,0,-57.6351,"3.90000 1.00000 -0.80000, 9.25000 0.10000 -1.45000"
1864,0.0000,Tx-Rx,0,-56.6345,"3.90000 1.00000 -0.80000, 8.95000 0.10000 -1.45000"
1865,0.0000,Tx-Rx,0,-55.7962,"3.90000 1.00000 -0.80000, 8.65000 0.10000 -1.45000"
1866,0.0000,Tx-Rx,0,-54.5480,"3.90000 1.00000 -0.80000, 8.35000 0.10000 -1.45000"
1867,0.0000,Tx-Rx,0,-53.6550,"3.90000 1.00000 -0.80000, 8.05000 0.10000 -1.45000"
1868,0.0000,Tx-Rx,0,-53.1964,"3.90000 1.00000 -0.80000, 7.75000 0.10000 -1.45000"
1869,0.0000,Tx-Rx,0,-51.4679,"3.90000 1.00000 -0.80000, 7.45000 0.10000 -1.45000"
1870,0.0000,Tx-Rx,0,-49.4306,"3.90000 1.00000 -0.80000, 7.15000 0.10000 -1.45000"
1871,0.0000,Tx-Rx,0,-49.5215,"3.90000 1.00000 -0.80000, 6.85000 0.10000 -1.45000"
1872,0.0000,Tx-Rx,0,-50.4038,"3.90000 1.00000 -0.80000, 6.55000 0.10000 -1.45000"
1873,0.0000,Tx-Rx,0,-52.4362,"3.90000 1.00000 -0.80000, 6.25000 0.10000 -1.45000"
1874,0.0000,Tx-Rx,0,-52.7359,"3.90000 1.00000 -0.80000, 5.95000 0.10000 -1.45000"
1875,0.0000,Tx-Rx,0,-51.3054,"3.90000 1.00000 -0.80000, 5.65000 0.10000 -1.45000"
1876,0.0000,Tx-Rx,0,-48.8999,"3.90000 1.00000 -0.80000, 5.35000 0.10000 -1.45000"
1877,0.0000,Tx-Rx,0,-47.1670,"3.90000 1.00000 -0.80000, 5.05000 0.10000 -1.45000"
1878,0.0000,Tx-Rx,0,-46.3297,"3.90000 1.00000 -0.80000, 4.75000 0.10000 -1.45000"
1879,0.0000,Tx-Rx,0,-50.6053,"3.90000 1.00000 -0.80000, 4.45000 0.10000 -1.45000"
1880,0.0000,Tx-Rx,0,-50.3618,"3.90000 1.00000 -0.80000, 4.15000 0.10000 -1.45000"
1881,0.0000,Tx-Rx,0,-47.9163,"3.90000 1.00000 -0.80000, 3.85000 0.10000 -1.45000"
1882,0.0000,Tx-Rx,0,-52.5849,"3.90000 1.00000 -0.80000, 3.55000 0.10000 -1.45000"
1883,0.0000,Tx-Rx,0,-45.5827,"3.90000 1.00000 -0.80000, 3.25000 0.10000 -1.45000"
1884,0.0000,Tx-Rx,0,-46.1257,"3.90000 1.00000 -0.80000, 2.95000 0.10000 -1.45000"
1885,0.0000,Tx-Rx,0,-47.6492,"3.90000 1.00000 -0.80000, 2.65000 0.10000 -1.45000"
1886,0.0000,Tx-Rx,0,-49.9643,"3.90000 1.00000 -0.80000, 2.35000 0.10000 -1.45000"
1887,0.0000,Tx-Rx,0,-50.7819,"3.90000 1.00000 -0.80000, 2.05000 0.10000 -1.45000"
1888,0.0000,Tx-Rx,0,-50.5216,"3.90000 1.00000 -0.80000, 1.75000 0.10000 -1.45000"
1889,0.0000,Tx-Rx,0,-49.2612,"3.90000 1.00000 -0.80000, 1.45000 0.10000 -1.45000"
1890,0.0000,Tx-Rx,0,-48.4579,"3.90000 1.00000 -0.80000, 1.15000 0.10000 -1.45000"
1891,0.0000,Tx-Rx,0,-50.2748,"3.90000 1.00000 -0.80000, 0.85000 0.10000 -1.45000"
1892,0.0000,Tx-Rx,0,-52.3765,"3.90000 1.00000 -0.80000, 0.55000 0.10000 -1.45000"
1893,0.0000,Tx-Rx,0,-52.9647,"3.90000 1.00000 -0.80000, 0.25000 0.10000 -1.45000"
1894,0.0000,Tx-Rx,0,-53.5578,"3.90000 1.00000 -0.80000, -0.05000 0.10000 -1.45000"
1895,0.0000,Tx-Rx,0,-54.2324,"3.90000 1.00000 -0.80000, -0.35000 0.10000 -1.45000"
1896,0.0000,Tx-Rx,0,-54.6891,"3.90000 1.00000 -0.80000, -0.65000 0.10000 -1.45000"
1897,0.0000,Tx-Rx,0,-55.4999,"3.90000 1.00000 -0.80000, -0.95000 0.10000 -1.45000"
1898,0.0000,Tx-Rx,0,-56.2365,"3.90000 1.00000 -0.80000, -1.25000 0.10000 -1.45000"
1899,0.0000,Tx-Rx,0,-56.6195,"3.90000 1.00000 -0.80000, -1.55000 0.10000 -1.45000"
1900,0.0000,Tx-Rx,0,-56.9529,"3.90000 1.00000 -0.80000, -1.85000 0.10000 -1.45000"
1901,0.0000,Tx-Rx,0,-57.0213,"3.90000 1.00000 -0.80000, -2.15000 0.10000 -1.45000"
1902,0.0000,Tx-Rx,0,-57.4300,"3.90000 1.00000 -0.80000, -2.45000 0.10000 -1.45000"
1903,0.0000,Tx-Rx,0,-57.8811,"3.90000 1.00000 -0.80000, -2.75000 0.10000 -1.45000"
1904,0.0000,Tx-Rx,0,-58.4225,"3.90000 1.00000 -0.80000, -3.05000 0.10000 -1.45000"
1905,0.0000,Tx-Rx,0,-58.7293,"3.90000 1.00000 -0.80000, -3.35000 0.10000 -1.45000"
1906,0.0000,Tx-Rx,0,-58.9182,"3.90000 1.00000 -0.80000, -3.65000 0.10000 -1.45000"
1907,0.0000,Tx-Rx,0,-57.5298,"3.90000 1.00000 -0.80000, -3.95000 0.10000 -1.45000"
1908,0.0000,Tx-Rx,0,-56.5495,"3.90000 1.00000 -0.80000, -4.25000 0.10000 -1.45000"
1909,0.0000,Tx-Rx,0,-56.4375,"3.90000 1.00000 -0.80000, -4.55000 0.10000 -1.45000"
1910,0.0000,Tx-Rx,0,-56.6402,"3.90000 1.00000 -0.80000, -4.85000 0.10000 -1.45000"
1911,0.0000,Tx-Rx,0,-58.5944,"3.90000 1.00000 -0.80000, -5.15000 0.10000 -1.45000"
1912,0.0000,Tx-Rx,0,-62.0483,"3.90000 1.00000 -0.80000, -5.45000 0.10000 -1.45000"
1913,0.0000,Tx-Rx,0,-63.3334,"3.90000 1.00000 -0.80000, -5.75000 0.10000 -1.45000"
1914,0.0000,Tx-Rx,0,-63.2751,"3.90000 1.00000 -0.80000, -6.05000 0.10000 -1.45000"
1915,0.0000,Tx-Rx,0,-63.0405,"3.90000 1.00000 -0.80000, -6.35000 0.10000 -1.45000"
1916,0.0000,Tx-Rx,0,-62.8203,"3.90000 1.00000 -0.80000, -6.65000 0.10000 -1.45000"
1917,0.0000,Tx-Rx,0,-62.3475,"3.90000 1.00000 -0.80000, -6.95000 0.10000 -1.45000"
1918,0.0000,Tx-Rx,0,-61.9450,"3.90000 1.00000 -0.80000, -7.25000 0.10000 -1.45000"
1919,0.0000,Tx-Rx,0,-62.4166,"3.90000 1.00000 -0.80000, -7.55000 0.10000 -1.45000"
1920,0.0000,Tx-Rx,0,-62.9497,"3.90000 1.00000 -0.80000, -7.85000 0.10000 -1.45000"
1921,0.0000,Tx-Rx,0,-51.5381,"3.90000 1.00000 -0.80000, 9.85000 0.10000 -1.75000"
1922,0.0000,Tx-Rx,0,-51.3445,"3.90000 1.00000 -0.80000, 9.55000 0.10000 -1.75000"
1923,0.0000,Tx-Rx,0,-51.4919,"3.90000 1.00000 -0.80000, 9.25000 0.10000 -1.75000"
1924,0.0000,Tx-Rx,0,-51.8142,"3.90000 1.00000 -0.80000, 8.95000 0.10000 -1.75000"
1925,0.0000,Tx-Rx,0,-51.5013,"3.90000 1.00000 -0.80000, 8.65000 0.10000 -1.75000"
1926,0.0000,Tx-Rx,0,-50.9411,"3.90000 1.00000 -0.80000, 8.35000 0.10000 -1.75000"
1927,0.0000,Tx-Rx,0,-49.5699,"3.90000 1.00000 -0.80000, 8.05000 0.10000 -1.75000"
1928,0.0000,Tx-Rx,0,-48.1092,"3.90000 1.00000 -0.80000, 7.75000 0.10000 -1.75000"
1929,0.0000,Tx-Rx,0,-47.3772,"3.90000 1.00000 -0.80000, 7.45000 0.10000 -1.75000"
1930,0.0000,Tx-Rx,0,-46.6410,"3.90000 1.00000 -0.80000, 7.15000 0.10000 -1.75000"
1931,0.0000,Tx-Rx,0,-47.2312,"3.90000 1.00000 -0.80000, 6.85000 0.10000 -1.75000"
1932,0.0000,Tx-Rx,0,-49.4026,"3.90000 1.00000 -0.80000, 6.55000 0.10000 -1.75000"
1933,0.0000,Tx-Rx,0,-53.0572,"3.90000 1.00000 -0.80000, 6.25000 0.10000 -1.75000"
1934,0.0000,Tx-Rx,0,-51.6478,"3.90000 1.00000 -0.80000, 5.95000 0.10000 -1.75000"
1935,0.0000,Tx-Rx,0,-50.2864,"3.90000 1.00000 -0.80000, 5.65000 0.10000 -1.75000"
1936,0.0000,Tx-Rx,0,-49.0914,"3.90000 1.00000 -0.80000, 5.35000 0.10000 -1.75000"
1937,0.0000,Tx-Rx,0,-48.2469,"3.90000 1.00000 -0.80000, 5.05000 0.10000 -1.75000"
1938,0.0000,Tx-Rx,0,-51.6794,"3.90000 1.00000 -0.80000, 4.75000 0.10000 -1.75000"
1939,0.0000,Tx-Rx,0,-54.0840,"3.90000 1.00000 -0.80000, 4.45000 0.10000 -1.75000"
1940,0.0000,Tx-Rx,0,-53.3439,"3.90000 1.00000 -0.80000, 4.15000 0.10000 -1.75000"
1941,0.0000,Tx-Rx,0,-52.4950,"3.90000 1.00000 -0.80000, 3.85000 0.10000 -1.75000"
1942,0.0000,Tx-Rx,0,-53.9892,"3.90000 1.00000 -0.80000, 3.55000 0.10000 -1.75000"
1943,0.0000,Tx-Rx,0,-49.7243,"3.90000 1.00000 -0.80000, 3.25000 0.10000 -1.75000"
1944,0.0000,Tx-Rx,0,-46.8438,"3.90000 1.00000 -0.80000, 2.95000 0.10000 -1.75000"
1945,0.0000,Tx-Rx,0,-47.8328,"3.90000 1.00000 -0.80000, 2.65000 0.10000 -1.75000"
1946,0.0000,Tx-Rx,0,-48.6182,"3.90000 1.00000 -0.80000, 2.35000 0.10000 -1.75000"
1947,0.0000,Tx-Rx,0,-49.5183,"3.90000 1.00000 -0.80000, 2.05000 0.10000 -1.75000"
1948,0.0000,Tx-Rx,0,-51.0962,"3.90000 1.00000 -0.80000, 1.75000 0.10000 -1.75000"
1949,0.0000,Tx-Rx,0,-49.6150,"3.90000 1.00000 -0.80000, 1.45000 0.10000 -1.75000"
1950,0.0000,Tx-Rx,0,-48.8835,"3.90000 1.00000 -0.80000, 1.15000 0.10000 -1.75000"
1951,0.0000,Tx-Rx,0,-46.3746,"3.90000 1.00000 -0.80000, 0.85000 0.10000 -1.75000"
1952,0.0000,Tx-Rx,0,-46.8384,"3.90000 1.00000 -0.80000, 0.55000 0.10000 -1.75000"
1953,0.0000,Tx-Rx,0,-48.4514,"3.90000 1.00000 -0.80000, 0.25000 0.10000 -1.75000"
1954,0.0000,Tx-Rx,0,-50.2366,"3.90000 1.00000 -0.80000, -0.05000 0.10000 -1.75000"
1955,0.0000,Tx-Rx,0,-52.7621,"3.90000 1.00000 -0.80000, -0.35000 0.10000 -1.75000"
1956,0.0000,Tx-Rx,0,-54.7504,"3.90000 1.00000 -0.80000, -0.65000 0.10000 -1.75000"
1957,0.0000,Tx-Rx,0,-55.6221,"3.90000 1.00000 -0.80000, -0.95000 0.10000 -1.75000"
1958,0.0000,Tx-Rx,0,-56.0443,"3.90000 1.00000 -0.80000, -1.25000 0.10000 -1.75000"
1959,0.0000,Tx-Rx,0,-56.4294,"3.90000 1.00000 -0.80000, -1.55000 0.10000 -1.75000"
1960,0.0000,Tx-Rx,0,-56.6178,"3.90000 1.00000 -0.80000, -1.85000 0.10000 -1.75000"
1961,0.0000,Tx-Rx,0,-57.0784,"3.90000 1.00000 -0.80000, -2.15000 0.10000 -1.75000"
1962,0.0000,Tx-Rx,0,-57.5017,"3.90000 1.00000 -0.80000, -2.45000 0.10000 -1.75000"
1963,0.0000,Tx-Rx,0,-57.8501,"3.90000 1.00000 -0.80000, -2.75000 0.10000 -1.75000"
1964,0.0000,Tx-Rx,0,-57.7763,"3.90000 1.00000 -0.80000, -3.05000 0.10000 -1.75000"
1965,0.0000,Tx-Rx,0,-57.4869,"3.90000 1.00000 -0.80000, -3.35000 0.10000 -1.75000"
1966,0.0000,Tx-Rx,0,-56.3566,"3.90000 1.00000 -0.80000, -3.65000 0.10000 -1.75000"
1967,0.0000,Tx-Rx,0,-56.1049,"3.90000 1.00000 -0.80000, -3.95000 0.10000 -1.75000"
1968,0.0000,Tx-Rx,0,-56.4184,"3.90000 1.00000 -0.80000, -4.25000 0.10000 -1.75000"
1969,0.0000,Tx-Rx,0,-56.3257,"3.90000 1.00000 -0.80000, -4.55000 0.10000 -1.75000"
1970,0.0000,Tx-Rx,0,-56.1391,"3.90000 1.00000 -0.80000, -4.85000 0.10000 -1.75000"
1971,0.0000,Tx-Rx,0,-59.2843,"3.90000 1.00000 -0.80000, -5.15000 0.10000 -1.75000"
1972,0.0000,Tx-Rx,0,-65.2660,"3.90000 1.00000 -0.80000, -5.45000 0.10000 -1.75000"
1973,0.0000,Tx-Rx,0,-79.9356,"3.90000 1.00000 -0.80000, -5.75000 0.10000 -1.75000"
1974,0.0000,Tx-Rx,0,-77.8350,"3.90000 1.00000 -0.80000, -6.05000 0.10000 -1.75000"
1975,0.0000,Tx-Rx,0,-81.2514,"3.90000 1.00000 -0.80000, -6.35000 0.10000 -1.75000"
1976,0.0000,Tx-Rx,0,-75.0018,"3.90000 1.00000 -0.80000, -6.65000 0.10000 -1.75000"
1977,0.0000,Tx-Rx,0,-72.0944,"3.90000 1.00000 -0.80000, -6.95000 0.10000 -1.75000"
1978,0.0000,Tx-Rx,0,-69.9240,"3.90000 1.00000 -0.80000, -7.25000 0.10000 -1.75000"
1979,0.0000,Tx-Rx,0,-65.9713,"3.90000 1.00000 -0.80000, -7.55000 0.10000 -1.75000"
1980,0.0000,Tx-Rx,0,-62.1402,"3.90000 1.00000 -0.80000, -7.85000 0.10000 -1.75000"
1981,0.0000,Tx-Rx,0,-58.5227,"3.90000 1.00000 -0.80000, 9.85000 0.10000 -2.05000"
1982,0.0000,Tx-Rx,0,-56.2257,"3.90000 1.00000 -0.80000, 9.55000 0.10000 -2.05000"
1983,0.0000,Tx-Rx,0,-54.0659,"3.90000 1.00000 -0.80000, 9.25000 0.10000 -2.05000"
1984,0.0000,Tx-Rx,0,-52.8429,"3.90000 1.00000 -0.80000, 8.95000 0.10000 -2.05000"
1985,0.0000,Tx-Rx,0,-52.4560,"3.90000 1.00000 -0.80000, 8.65000 0.10000 -2.05000"
1986,0.0000,Tx-Rx,0,-52.1994,"3.90000 1.00000 -0.80000, 8.35000 0.10000 -2.05000"
1987,0.0000,Tx-Rx,0,-50.4911,"3.90000 1.00000 -0.80000, 8.05000 0.10000 -2.05000"
1988,0.0000,Tx-Rx,0,-47.6493,"3.90000 1.00000 -0.80000, 7.75000 0.10000 -2.05000"
1989,0.0000,Tx-Rx,0,-47.3083,"3.90000 1.00000 -0.80000, 7.45000 0.10000 -2.05000"
1990,0.0000,Tx-Rx,0,-46.7737,"3.90000 1.00000 -0.80000, 7.15000 0.10000 -2.05000"
1991,0.0000,Tx-Rx,0,-46.3782,"3.90000 1.00000 -0.80000, 6.85000 0.10000 -2.05000"
1992,0.0000,Tx-Rx,0,-48.8030,"3.90000 1.00000 -0.80000, 6.55000 0.10000 -2.05000"
1993,0.0000,Tx-Rx,0,-52.7191,"3.90000 1.00000 -0.80000, 6.25000 0.10000 -2.05000"
1994,0.0000,Tx-Rx,0,-51.9685,"3.90000 1.00000 -0.80000, 5.95000 0.10000 -2.05000"
1995,0.0000,Tx-Rx,0,-50.9597,"3.90000 1.00000 -0.80000, 5.65000 0.10000 -2.05000"
1996,0.0000,Tx-Rx,0,-49.7643,"3.90000 1.00000 -0.80000, 5.35000 0.10000 -2.05000"
1997,0.0000,Tx-Rx,0,-49.6425,"3.90000 1.00000 -0.80000, 5.05000 0.10000 -2.05000"
1998,0.0000,Tx-Rx,0,-52.1878,"3.90000 1.00000 -0.80000, 4.75000 0.10000 -2.05000"
1999,0.0000,Tx-Rx,0,-53.4161,"3.90000 1.00000 -0.80000, 4.45000 0.10000 -2.05000"
2000,0.0000,Tx-Rx,0,-53.1524,"3.90000 1.00000 -0.80000, 4.15000 0.10000 -2.05000"
2001,0.0000,Tx-Rx,0,-52.8458,"3.90000 1.00000 -0.80000, 3.85000 0.10000 -2.05000"
2002,0.0000,Tx-Rx,0,-53.4992,"3.90000 1.00000 -0.80000, 3.55000 0.10000 -2.05000"
2003,0.0000,Tx-Rx,0,-51.1379,"3.90000 1.00000 -0.80000, 3.25000 0.10000 -2.05000"
2004,0.0000,Tx-Rx,0,-47.8334,"3.90000 1.00000 -0.80000, 2.95000 0.10000 -2.05000"
2005,0.0000,Tx-Rx,0,-48.5088,"3.90000 1.00000 -0.80000, 2.65000 0.10000 -2.05000"
2006,0.0000,Tx-Rx,0,-49.2366,"3.90000 1.00000 -0.80000, 2.35000 0.10000 -2.05000"
2007,0.0000,Tx-Rx,0,-49.5815,"3.90000 1.00000 -0.80000, 2.05000 0.10000 -2.05000"
2008,0.0000,Tx-Rx,0,-49.5181,"3.90000 1.00000 -0.80000, 1.75000 0.10000 -2.05000"
2009,0.0000,Tx-Rx,0,-47.1512,"3.90000 1.00000 -0.80000, 1.45000 0.10000 -2.05000"
2010,0.0000,Tx-Rx,0,-45.2257,"3.90000 1.00000 -0.80000, 1.15000 0.10000 -2.05000"
2011,0.0000,Tx-Rx,0,-45.8304,"3.90000 1.00000 -0.80000, 0.85000 0.10000 -2.05000"
2012,0.0000,Tx-Rx,0,-46.5637,"3.90000 1.00000 -0.80000, 0.55000 0.10000 -2.05000"
2013,0.0000,Tx-Rx,0,-47.2220,"3.90000 1.00000 -0.80000, 0.25000 0.10000 -2.05000"
2014,0.0000,Tx-Rx,0,-47.7445,"3.90000 1.00000 -0.80000, -0.05000 0.10000 -2.05000"
2015,0.0000,Tx-Rx,0,-48.2396,"3.90000 1.00000 -0.80000, -0.35000 0.10000 -2.05000"
2016,0.0000,Tx-Rx,0,-49.0528,"3.90000 1.00000 -0.80000, -0.65000 0.10000 -2.05000"
2017,0.0000,Tx-Rx,0,-50.6119,"3.90000 1.00000 -0.80000, -0.95000 0.10000 -2.05000"
2018,0.0000,Tx-Rx,0,-52.4710,"3.90000 1.00000 -0.80000, -1.25000 0.10000 -2.05000"
2019,0.0000,Tx-Rx,0,-54.6537,"3.90000 1.00000 -0.80000, -1.55000 0.10000 -2.05000"
2020,0.0000,Tx-Rx,0,-56.3857,"3.90000 1.00000 -0.80000, -1.85000 0.10000 -2.05000"
2021,0.0000,Tx-Rx,0,-56.9575,"3.90000 1.00000 -0.80000, -2.15000 0.10000 -2.05000"
2022,0.0000,Tx-Rx,0,-57.5153,"3.90000 1.00000 -0.80000, -2.45000 0.10000 -2.05000"
2023,0.0000,Tx-Rx,0,-57.7958,"3.90000 1.00000 -0.80000, -2.75000 0.10000 -2.05000"
2024,0.0000,Tx-Rx,0,-56.9593,"3.90000 1.00000 -0.80000, -3.05000 0.10000 -2.05000"
2025,0.0000,Tx-Rx,0,-55.8873,"3.90000 1.00000 -0.80000, -3.35000 0.10000 -2.05000"
2026,0.0000,Tx-Rx,0,-55.7645,"3.90000 1.00000 -0.80000, -3.65000 0.10000 -2.05000"
2027,0.0000,Tx-Rx,0,-55.8914,"3.90000 1.00000 -0.80000, -3.95000 0.10000 -2.05000"
2028,0.0000,Tx-Rx,0,-56.1041,"3.90000 1.00000 -0.80000, -4.25000 0.10000 -2.05000"
2029,0.0000,Tx-Rx,0,-56.1994,"3.90000 1.00000 -0.80000, -4.55000 0.10000 -2.05000"
2030,0.0000,Tx-Rx,0,-56.3525,"3.90000 1.00000 -0.80000, -4.85000 0.10000 -2.05000"
2031,0.0000,Tx-Rx,0,-58.0703,"3.90000 1.00000 -0.80000, -5.15000 0.10000 -2.05000"
2032,0.0000,Tx-Rx,0,-61.3501,"3.90000 1.00000 -0.80000, -5.45000 0.10000 -2.05000"
2033,0.0000,Tx-Rx,0,-67.5694,"3.90000 1.00000 -0.80000, -5.75000 0.10000 -2.05000"
2034,0.0000,Tx-Rx,0,-68.3365,"3.90000 1.00000 -0.80000, -6.05000 0.10000 -2.05000"
2035,0.0000,Tx-Rx,0,-69.6468,"3.90000 1.00000 -0.80000, -6.35000 0.10000 -2.05000"
2036,0.0000,Tx-Rx,0,-68.5758,"3.90000 1.00000 -0.80000, -6.65000 0.10000 -2.05000"
2037,0.0000,Tx-Rx,0,-65.8368,"3.90000 1.00000 -0.80000, -6.95000 0.10000 -2.05000"
2038,0.0000,Tx-Rx,0,-61.8289,"3.90000 1.00000 -0.80000, -7.25000 0.10000 -2.05000"
2039,0.0000,Tx-Rx,0,-60.5121,"3.90000 1.00000 -0.80000, -7.55000 0.10000 -2.05000"
2040,0.0000,Tx-Rx,0,-61.6303,"3.90000 1.00000 -0.80000, -7.85000 0.10000 -2.05000"
2041,0.0000,Tx-Rx,0,-85.0201,"3.90000 1.00000 -0.80000, 9.85000 0.10000 -2.35000"
2042,0.0000,Tx-Rx,0,-83.1460,"3.90000 1.00000 -0.80000, 9.55000 0.10000 -2.35000"
2043,0.0000,Tx-Rx,0,-80.0789,"3.90000 1.00000 -0.80000, 9.25000 0.10000 -2.35000"
2044,0.0000,Tx-Rx,0,-78.1094,"3.90000 1.00000 -0.80000, 8.95000 0.10000 -2.35000"
2045,0.0000,Tx-Rx,0,-75.4665,"3.90000 1.00000 -0.80000, 8.65000 0.10000 -2.35000"
2046,0.0000,Tx-Rx,0,-74.7757,"3.90000 1.00000 -0.80000, 8.35000 0.10000 -2.35000"
2047,0.0000,Tx-Rx,0,-52.6821,"3.90000 1.00000 -0.80000, 8.05000 0.10000 -2.35000"
2048,0.0000,Tx-Rx,0,-47.6182,"3.90000 1.00000 -0.80000, 7.75000 0.10000 -2.35000"
2049,0.0000,Tx-Rx,0,-47.3082,"3.90000 1.00000 -0.80000, 7.45000 0.10000 -2.35000"
2050,0.0000,Tx-Rx,0,-46.9986,"3.90000 1.00000 -0.80000, 7.15000 0.10000 -2.35000"
2051,0.0000,Tx-Rx,0,-46.5941,"3.90000 1.00000 -0.80000, 6.85000 0.10000 -2.35000"
2052,0.0000,Tx-Rx,0,-49.1381,"3.90000 1.00000 -0.80000, 6.55000 0.10000 -2.35000"
2053,0.0000,Tx-Rx,0,-53.0907,"3.90000 1.00000 -0.80000, 6.25000 0.10000 -2.35000"
2054,0.0000,Tx-Rx,0,-52.5081,"3.90000 1.00000 -0.80000, 5.95000 0.10000 -2.35000"
2055,0.0000,Tx-Rx,0,-51.3699,"3.90000 1.00000 -0.80000, 5.65000 0.10000 -2.35000"
2056,0.0000,Tx-Rx,0,-50.1094,"3.90000 1.00000 -0.80000, 5.35000 0.10000 -2.35000"
2057,0.0000,Tx-Rx,0,-50.0864,"3.90000 1.00000 -0.80000, 5.05000 0.10000 -2.35000"
2058,0.0000,Tx-Rx,0,-52.1584,"3.90000 1.00000 -0.80000, 4.75000 0.10000 -2.35000"
2059,0.0000,Tx-Rx,0,-53.4562,"3.90000 1.00000 -0.80000, 4.45000 0.10000 -2.35000"
2060,0.0000,Tx-Rx,0,-53.4629,"3.90000 1.00000 -0.80000, 4.15000 0.10000 -2.35000"
2061,0.0000,Tx-Rx,0,-53.1664,"3.90000 1.00000 -0.80000, 3.85000 0.10000 -2.35000"
2062,0.0000,Tx-Rx,0,-53.7386,"3.90000 1.00000 -0.80000, 3.55000 0.10000 -2.35000"
2063,0.0000,Tx-Rx,0,-51.7146,"3.90000 1.00000 -0.80000, 3.25000 0.10000 -2.35000"
2064,0.0000,Tx-Rx,0,-48.7562,"3.90000 1.00000 -0.80000, 2.95000 0.10000 -2.35000"
2065,0.0000,Tx-Rx,0,-49.0862,"3.90000 1.00000 -0.80000, 2.65000 0.10000 -2.35000"
2066,0.0000,Tx-Rx,0,-49.6920,"3.90000 1.00000 -0.80000, 2.35000 0.10000 -2.35000"
2067,0.0000,Tx-Rx,0,-50.0368,"3.90000 1.00000 -0.80000, 2.05000 0.10000 -2.35000"
2068,0.0000,Tx-Rx,0,-49.8941,"3.90000 1.00000 -0.80000, 1.75000 0.10000 -2.35000"
2069,0.0000,Tx-Rx,0,-47.5219,"3.90000 1.00000 -0.80000, 1.45000 0.10000 -2.35000"
2070,0.0000,Tx-Rx,0,-45.7162,"3.90000 1.00000 -0.80000, 1.15000 0.10000 -2.35000"
2071,0.0000,Tx-Rx,0,-46.3288,"3.90000 1.00000 -0.80000, 0.85000 0.10000 -2.35000"
2072,0.0000,Tx-Rx,0,-46.8630,"3.90000 1.00000 -0.80000, 0.55000 0.10000 -2.35000"
2073,0.0000,Tx-Rx,0,-47.3724,"3.90000 1.00000 -0.80000, 0.25000 0.10000 -2.35000"
2074,0.0000,Tx-Rx,0,-47.8500,"3.90000 1.00000 -0.80000, -0.05000 0.10000 -2.35000"
2075,0.0000,Tx-Rx,0,-48.4139,"3.90000 1.00000 -0.80000, -0.35000 0.10000 -2.35000"
2076,0.0000,Tx-Rx,0,-48.9601,"3.90000 1.00000 -0.80000, -0.65000 0.10000 -2.35000"
2077,0.0000,Tx-Rx,0,-49.3565,"3.90000 1.00000 -0.80000, -0.95000 0.10000 -2.35000"
2078,0.0000,Tx-Rx,0,-49.6401,"3.90000 1.00000 -0.80000, -1.25000 0.10000 -2.35000"
2079,0.0000,Tx-Rx,0,-50.1419,"3.90000 1.00000 -0.80000, -1.55000 0.10000 -2.35000"
2080,0.0000,Tx-Rx,0,-50.9417,"3.90000 1.00000 -0.80000, -1.85000 0.10000 -2.35000"
2081,0.0000,Tx-Rx,0,-52.3847,"3.90000 1.00000 -0.80000, -2.15000 0.10000 -2.35000"
2082,0.0000,Tx-Rx,0,-54.1553,"3.90000 1.00000 -0.80000, -2.45000 0.10000 -2.35000"
2083,0.0000,Tx-Rx,0,-54.9779,"3.90000 1.00000 -0.80000, -2.75000 0.10000 -2.35000"
2084,0.0000,Tx-Rx,0,-55.5665,"3.90000 1.00000 -0.80000, -3.05000 0.10000 -2.35000"
2085,0.0000,Tx-Rx,0,-55.7177,"3.90000 1.00000 -0.80000, -3.35000 0.10000 -2.35000"
2086,0.0000,Tx-Rx,0,-55.9919,"3.90000 1.00000 -0.80000, -3.65000 0.10000 -2.35000"
2087,0.0000,Tx-Rx,0,-56.2301,"3.90000 1.00000 -0.80000, -3.95000 0.10000 -2.35000"
2088,0.0000,Tx-Rx,0,-56.3389,"3.90000 1.00000 -0.80000, -4.25000 0.10000 -2.35000"
2089,0.0000,Tx-Rx,0,-56.5369,"3.90000 1.00000 -0.80000, -4.55000 0.10000 -2.35000"
2090,0.0000,Tx-Rx,0,-57.0140,"3.90000 1.00000 -0.80000, -4.85000 0.10000 -2.35000"
2091,0.0000,Tx-Rx,0,-58.8426,"3.90000 1.00000 -0.80000, -5.15000 0.10000 -2.35000"
2092,0.0000,Tx-Rx,0,-59.9214,"3.90000 1.00000 -0.80000, -5.45000 0.10000 -2.35000"
2093,0.0000,Tx-Rx,0,-59.2240,"3.90000 1.00000 -0.80000, -5.75000 0.10000 -2.35000"
2094,0.0000,Tx-Rx,0,-59.9515,"3.90000 1.00000 -0.80000, -6.05000 0.10000 -2.35000"
2095,0.0000,Tx-Rx,0,-60.6323,"3.90000 1.00000 -0.80000, -6.35000 0.10000 -2.35000"
2096,0.0000,Tx-Rx,0,-59.2337,"3.90000 1.00000 -0.80000, -6.65000 0.10000 -2.35000"
2097,0.0000,Tx-Rx,0,-58.6414,"3.90000 1.00000 -0.80000, -6.95000 0.10000 -2.35000"
2098,0.0000,Tx-Rx,0,-59.7394,"3.90000 1.00000 -0.80000, -7.25000 0.10000 -2.35000"
2099,0.0000,Tx-Rx,0,-60.4777,"3.90000 1.00000 -0.80000, -7.55000 0.10000 -2.35000"
2100,0.0000,Tx-Rx,0,-60.4610,"3.90000 1.00000 -0.80000, -7.85000 0.10000 -2.35000"
2101,0.0000,Tx-Rx,0,-77.6061,"3.90000 1.00000 -0.80000, 9.85000 0.10000 -2.65000"
2102,0.0000,Tx-Rx,0,-76.6839,"3.90000 1.00000 -0.80000, 9.55000 0.10000 -2.65000"
2103,0.0000,Tx-Rx,0,-77.1037,"3.90000 1.00000 -0.80000, 9.25000 0.10000 -2.65000"
2104,0.0000,Tx-Rx,0,-75.4655,"3.90000 1.00000 -0.80000, 8.95000 0.10000 -2.65000"
2105,0.0000,Tx-Rx,0,-76.0191,"3.90000 1.00000 -0.80000, 8.65000 0.10000 -2.65000"
2106,0.0000,Tx-Rx,0,-75.0283,"3.90000 1.00000 -0.80000, 8.35000 0.10000 -2.65000"
2107,0.0000,Tx-Rx,0,-52.8894,"3.90000 1.00000 -0.80000, 8.05000 0.10000 -2.65000"
2108,0.0000,Tx-Rx,0,-47.9340,"3.90000 1.00000 -0.80000, 7.75000 0.10000 -2.65000"
2109,0.0000,Tx-Rx,0,-47.5546,"3.90000 1.00000 -0.80000, 7.45000 0.10000 -2.65000"
2110,0.0000,Tx-Rx,0,-47.2236,"3.90000 1.00000 -0.80000, 7.15000 0.10000 -2.65000"
2111,0.0000,Tx-Rx,0,-46.7948,"3.90000 1.00000 -0.80000, 6.85000 0.10000 -2.65000"
2112,0.0000,Tx-Rx,0,-49.2380,"3.90000 1.00000 -0.80000, 6.55000 0.10000 -2.65000"
2113,0.0000,Tx-Rx,0,-52.7070,"3.90000 1.00000 -0.80000, 6.25000 0.10000 -2.65000"
2114,0.0000,Tx-Rx,0,-52.4712,"3.90000 1.00000 -0.80000, 5.95000 0.10000 -2.65000"
2115,0.0000,Tx-Rx,0,-51.0801,"3.90000 1.00000 -0.80000, 5.65000 0.10000 -2.65000"
2116,0.0000,Tx-Rx,0,-50.4630,"3.90000 1.00000 -0.80000, 5.35000 0.10000 -2.65000"
2117,0.0000,Tx-Rx,0,-50.5519,"3.90000 1.00000 -0.80000, 5.05000 0.10000 -2.65000"
2118,0.0000,Tx-Rx,0,-52.4527,"3.90000 1.00000 -0.80000, 4.75000 0.10000 -2.65000"
2119,0.0000,Tx-Rx,0,-52.7447,"3.90000 1.00000 -0.80000, 4.45000 0.10000 -2.65000"
2120,0.0000,Tx-Rx,0,-52.3131,"3.90000 1.00000 -0.80000, 4.15000 0.10000 -2.65000"
2121,0.0000,Tx-Rx,0,-52.5674,"3.90000 1.00000 -0.80000, 3.85000 0.10000 -2.65000"
2122,0.0000,Tx-Rx,0,-52.0497,"3.90000 1.00000 -0.80000, 3.55000 0.10000 -2.65000"
2123,0.0000,Tx-Rx,0,-51.7851,"3.90000 1.00000 -0.80000, 3.25000 0.10000 -2.65000"
2124,0.0000,Tx-Rx,0,-49.5745,"3.90000 1.00000 -0.80000, 2.95000 0.10000 -2.65000"
2125,0.0000,Tx-Rx,0,-49.8990,"3.90000 1.00000 -0.80000, 2.65000 0.10000 -2.65000"
2126,0.0000,Tx-Rx,0,-49.8806,"3.90000 1.00000 -0.80000, 2.35000 0.10000 -2.65000"
2127,0.0000,Tx-Rx,0,-50.3270,"3.90000 1.00000 -0.80000, 2.05000 0.10000 -2.65000"
2128,0.0000,Tx-Rx,0,-50.2823,"3.90000 1.00000 -0.80000, 1.75000 0.10000 -2.65000"
2129,0.0000,Tx-Rx,0,-47.8374,"3.90000 1.00000 -0.80000, 1.45000 0.10000 -2.65000"
2130,0.0000,Tx-Rx,0,-46.0556,"3.90000 1.00000 -0.80000, 1.15000 0.10000 -2.65000"
2131,0.0000,Tx-Rx,0,-46.7293,"3.90000 1.00000 -0.80000, 0.85000 0.10000 -2.65000"
2132,0.0000,Tx-Rx,0,-47.2216,"3.90000 1.00000 -0.80000, 0.55000 0.10000 -2.65000"
2133,0.0000,Tx-Rx,0,-47.8959,"3.90000 1.00000 -0.80000, 0.25000 0.10000 -2.65000"
2134,0.0000,Tx-Rx,0,-48.2217,"3.90000 1.00000 -0.80000, -0.05000 0.10000 -2.65000"
2135,0.0000,Tx-Rx,0,-48.6624,"3.90000 1.00000 -0.80000, -0.35000 0.10000 -2.65000"
2136,0.0000,Tx-Rx,0,-49.3578,"3.90000 1.00000 -0.80000, -0.65000 0.10000 -2.65000"
2137,0.0000,Tx-Rx,0,-49.6642,"3.90000 1.00000 -0.80000, -0.95000 0.10000 -2.65000"
2138,0.0000,Tx-Rx,0,-49.9919,"3.90000 1.00000 -0.80000, -1.25000 0.10000 -2.65000"
2139,0.0000,Tx-Rx,0,-50.4170,"3.90000 1.00000 -0.80000, -1.55000 0.10000 -2.65000"
2140,0.0000,Tx-Rx,0,-50.7360,"3.90000 1.00000 -0.80000, -1.85000 0.10000 -2.65000"
2141,0.0000,Tx-Rx,0,-50.9830,"3.90000 1.00000 -0.80000, -2.15000 0.10000 -2.65000"
2142,0.0000,Tx-Rx,0,-50.6116,"3.90000 1.00000 -0.80000, -2.45000 0.10000 -2.65000"
2143,0.0000,Tx-Rx,0,-50.8087,"3.90000 1.00000 -0.80000, -2.75000 0.10000 -2.65000"
2144,0.0000,Tx-Rx,0,-51.5045,"3.90000 1.00000 -0.80000, -3.05000 0.10000 -2.65000"
2145,0.0000,Tx-Rx,0,-52.5950,"3.90000 1.00000 -0.80000, -3.35000 0.10000 -2.65000"
2146,0.0000,Tx-Rx,0,-53.8404,"3.90000 1.00000 -0.80000, -3.65000 0.10000 -2.65000"
2147,0.0000,Tx-Rx,0,-55.0981,"3.90000 1.00000 -0.80000, -3.95000 0.10000 -2.65000"
2148,0.0000,Tx-Rx,0,-56.4768,"3.90000 1.00000 -0.80000, -4.25000 0.10000 -2.65000"
2149,0.0000,Tx-Rx,0,-58.2283,"3.90000 1.00000 -0.80000, -4.55000 0.10000 -2.65000"
2150,0.0000,Tx-Rx,0,-60.1467,"3.90000 1.00000 -0.80000, -4.85000 0.10000 -2.65000"
2151,0.0000,Tx-Rx,0,-60.3352,"3.90000 1.00000 -0.80000, -5.15000 0.10000 -2.65000"
2152,0.0000,Tx-Rx,0,-60.5801,"3.90000 1.00000 -0.80000, -5.45000 0.10000 -2.65000"
2153,0.0000,Tx-Rx,0,-59.3510,"3.90000 1.00000 -0.80000, -5.75000 0.10000 -2.65000"
2154,0.0000,Tx-Rx,0,-57.8600,"3.90000 1.00000 -0.80000, -6.05000 0.10000 -2.65000"
2155,0.0000,Tx-Rx,0,-57.8220,"3.90000 1.00000 -0.80000, -6.35000 0.10000 -2.65000"
2156,0.0000,Tx-Rx,0,-58.5798,"3.90000 1.00000 -0.80000, -6.65000 0.10000 -2.65000"
2157,0.0000,Tx-Rx,0,-58.1231,"3.90000 1.00000 -0.80000, -6.95000 0.10000 -2.65000"
2158,0.0000,Tx-Rx,0,-57.6628,"3.90000 1.00000 -0.80000, -7.25000 0.10000 -2.65000"
2159,0.0000,Tx-Rx,0,-57.6387,"3.90000 1.00000 -0.80000, -7.55000 0.10000 -2.65000"
2160,0.0000,Tx-Rx,0,-57.3007,"3.90000 1.00000 -0.80000, -7.85000 0.10000 -2.65000"
2161,0.0000,Tx-Rx,0,-77.8344,"3.90000 1.00000 -0.80000, 9.85000 0.10000 -2.95000"
2162,0.0000,Tx-Rx,0,-76.9624,"3.90000 1.00000 -0.80000, 9.55000 0.10000 -2.95000"
2163,0.0000,Tx-Rx,0,-77.0564,"3.90000 1.00000 -0.80000, 9.25000 0.10000 -2.95000"
2164,0.0000,Tx-Rx,0,-76.4961,"3.90000 1.00000 -0.80000, 8.95000 0.10000 -2.95000"
2165,0.0000,Tx-Rx,0,-76.4696,"3.90000 1.00000 -0.80000, 8.65000 0.10000 -2.95000"
2166,0.0000,Tx-Rx,0,-75.6687,"3.90000 1.00000 -0.80000, 8.35000 0.10000 -2.95000"
2167,0.0000,Tx-Rx,0,-53.0337,"3.90000 1.00000 -0.80000, 8.05000 0.10000 -2.95000"
2168,0.0000,Tx-Rx,0,-48.1517,"3.90000 1.00000 -0.80000, 7.75000 0.10000 -2.95000"
2169,0.0000,Tx-Rx,0,-47.7709,"3.90000 1.00000 -0.80000, 7.45000 0.10000 -2.95000"
2170,0.0000,Tx-Rx,0,-47.5179,"3.90000 1.00000 -0.80000, 7.15000 0.10000 -2.95000"
2171,0.0000,Tx-Rx,0,-47.1437,"3.90000 1.00000 -0.80000, 6.85000 0.10000 -2.95000"
2172,0.0000,Tx-Rx,0,-49.6745,"3.90000 1.00000 -0.80000, 6.55000 0.10000 -2.95000"
2173,0.0000,Tx-Rx,0,-53.0241,"3.90000 1.00000 -0.80000, 6.25000 0.10000 -2.95000"
2174,0.0000,Tx-Rx,0,-51.4670,"3.90000 1.00000 -0.80000, 5.95000 0.10000 -2.95000"
2175,0.0000,Tx-Rx,0,-50.7717,"3.90000 1.00000 -0.80000, 5.65000 0.10000 -2.95000"
2176,0.0000,Tx-Rx,0,-50.3257,"3.90000 1.00000 -0.80000, 5.35000 0.10000 -2.95000"
2177,0.0000,Tx-Rx,0,-50.5019,"3.90000 1.00000 -0.80000, 5.05000 0.10000 -2.95000"
2178,0.0000,Tx-Rx,0,-52.9637,"3.90000 1.00000 -0.80000, 4.75000 0.10000 -2.95000"
2179,0.0000,Tx-Rx,0,-52.0128,"3.90000 1.00000 -0.80000, 4.45000 0.10000 -2.95000"
2180,0.0000,Tx-Rx,0,-51.9267,"3.90000 1.00000 -0.80000, 4.15000 0.10000 -2.95000"
2181,0.0000,Tx-Rx,0,-52.2319,"3.90000 1.00000 -0.80000, 3.85000 0.10000 -2.95000"
2182,0.0000,Tx-Rx,0,-52.2315,"3.90000 1.00000 -0.80000, 3.55000 0.10000 -2.95000"
2183,0.0000,Tx-Rx,0,-52.1568,"3.90000 1.00000 -0.80000, 3.25000 0.10000 -2.95000"
2184,0.0000,Tx-Rx,0,-49.9319,"3.90000 1.00000 -0.80000, 2.95000 0.10000 -2.95000"
2185,0.0000,Tx-Rx,0,-50.2962,"3.90000 1.00000 -0.80000, 2.65000 0.10000 -2.95000"
2186,0.0000,Tx-Rx,0,-50.5037,"3.90000 1.00000 -0.80000, 2.35000 0.10000 -2.95000"
2187,0.0000,Tx-Rx,0,-50.3112,"3.90000 1.00000 -0.80000, 2.05000 0.10000 -2.95000"
2188,0.0000,Tx-Rx,0,-50.6209,"3.90000 1.00000 -0.80000, 1.75000 0.10000 -2.95000"
2189,0.0000,Tx-Rx,0,-47.9892,"3.90000 1.00000 -0.80000, 1.45000 0.10000 -2.95000"
2190,0.0000,Tx-Rx,0,-46.4313,"3.90000 1.00000 -0.80000, 1.15000 0.10000 -2.95000"
2191,0.0000,Tx-Rx,0,-47.0333,"3.90000 1.00000 -0.80000, 0.85000 0.10000 -2.95000"
2192,0.0000,Tx-Rx,0,-47.6304,"3.90000 1.00000 -0.80000, 0.55000 0.10000 -2.95000"
2193,0.0000,Tx-Rx,0,-48.1565,"3.90000 1.00000 -0.80000, 0.25000 0.10000 -2.95000"
2194,0.0000,Tx-Rx,0,-48.6306,"3.90000 1.00000 -0.80000, -0.05000 0.10000 -2.95000"
2195,0.0000,Tx-Rx,0,-49.0330,"3.90000 1.00000 -0.80000, -0.35000 0.10000 -2.95000"
2196,0.0000,Tx-Rx,0,-49.4648,"3.90000 1.00000 -0.80000, -0.65000 0.10000 -2.95000"
2197,0.0000,Tx-Rx,0,-49.9602,"3.90000 1.00000 -0.80000, -0.95000 0.10000 -2.95000"
2198,0.0000,Tx-Rx,0,-50.3712,"3.90000 1.00000 -0.80000, -1.25000 0.10000 -2.95000"
2199,0.0000,Tx-Rx,0,-50.6728,"3.90000 1.00000 -0.80000, -1.55000 0.10000 -2.95000"
2200,0.0000,Tx-Rx,0,-50.6385,"3.90000 1.00000 -0.80000, -1.85000 0.10000 -2.95000"
2201,0.0000,Tx-Rx,0,-50.5222,"3.90000 1.00000 -0.80000, -2.15000 0.10000 -2.95000"
2202,0.0000,Tx-Rx,0,-50.7579,"3.90000 1.00000 -0.80000, -2.45000 0.10000 -2.95000"
2203,0.0000,Tx-Rx,0,-50.8836,"3.90000 1.00000 -0.80000, -2.75000 0.10000 -2.95000"
2204,0.0000,Tx-Rx,0,-51.0957,"3.90000 1.00000 -0.80000, -3.05000 0.10000 -2.95000"
2205,0.0000,Tx-Rx,0,-51.2887,"3.90000 1.00000 -0.80000, -3.35000 0.10000 -2.95000"
2206,0.0000,Tx-Rx,0,-51.5845,"3.90000 1.00000 -0.80000, -3.65000 0.10000 -2.95000"
2207,0.0000,Tx-Rx,0,-52.4336,"3.90000 1.00000 -0.80000, -3.95000 0.10000 -2.95000"
2208,0.0000,Tx-Rx,0,-53.5817,"3.90000 1.00000 -0.80000, -4.25000 0.10000 -2.95000"
2209,0.0000,Tx-Rx,0,-55.0251,"3.90000 1.00000 -0.80000, -4.55000 0.10000 -2.95000"
2210,0.0000,Tx-Rx,0,-56.6987,"3.90000 1.00000 -0.80000, -4.85000 0.10000 -2.95000"
2211,0.0000,Tx-Rx,0,-57.4061,"3.90000 1.00000 -0.80000, -5.15000 0.10000 -2.95000"
2212,0.0000,Tx-Rx,0,-57.1388,"3.90000 1.00000 -0.80000, -5.45000 0.10000 -2.95000"
2213,0.0000,Tx-Rx,0,-56.6408,"3.90000 1.00000 -0.80000, -5.75000 0.10000 -2.95000"
2214,0.0000,Tx-Rx,0,-58.5814,"3.90000 1.00000 -0.80000, -6.05000 0.10000 -2.95000"
2215,0.0000,Tx-Rx,0,-60.6149,"3.90000 1.00000 -0.80000, -6.35000 0.10000 -2.95000"
2216,0.0000,Tx-Rx,0,-57.7825,"3.90000 1.00000 -0.80000, -6.65000 0.10000 -2.95000"
2217,0.0000,Tx-Rx,0,-56.8931,"3.90000 1.00000 -0.80000, -6.95000 0.10000 -2.95000"
2218,0.0000,Tx-Rx,0,-57.0596,"3.90000 1.00000 -0.80000, -7.25000 0.10000 -2.95000"
2219,0.0000,Tx-Rx,0,-57.4367,"3.90000 1.00000 -0.80000, -7.55000 0.10000 -2.95000"
2220,0.0000,Tx-Rx,0,-57.4026,"3.90000 1.00000 -0.80000, -7.85000 0.10000 -2.95000"
2221,0.0000,Tx-Rx,0,-77.9510,"3.90000 1.00000 -0.80000, 9.85000 0.10000 -3.25000"
2222,0.0000,Tx-Rx,0,-77.5212,"3.90000 1.00000 -0.80000, 9.55000 0.10000 -3.25000"
2223,0.0000,Tx-Rx,0,-76.2296,"3.90000 1.00000 -0.80000, 9.25000 0.10000 -3.25000"
2224,0.0000,Tx-Rx,0,-77.2388,"3.90000 1.00000 -0.80000, 8.95000 0.10000 -3.25000"
2225,0.0000,Tx-Rx,0,-76.4213,"3.90000 1.00000 -0.80000, 8.65000 0.10000 -3.25000"
2226,0.0000,Tx-Rx,0,-75.6724,"3.90000 1.00000 -0.80000, 8.35000 0.10000 -3.25000"
2227,0.0000,Tx-Rx,0,-53.2662,"3.90000 1.00000 -0.80000, 8.05000 0.10000 -3.25000"
2228,0.0000,Tx-Rx,0,-48.3471,"3.90000 1.00000 -0.80000, 7.75000 0.10000 -3.25000"
2229,0.0000,Tx-Rx,0,-48.0060,"3.90000 1.00000 -0.80000, 7.45000 0.10000 -3.25000"
2230,0.0000,Tx-Rx,0,-47.8031,"3.90000 1.00000 -0.80000, 7.15000 0.10000 -3.25000"
2231,0.0000,Tx-Rx,0,-47.5058,"3.90000 1.00000 -0.80000, 6.85000 0.10000 -3.25000"
2232,0.0000,Tx-Rx,0,-50.1264,"3.90000 1.00000 -0.80000, 6.55000 0.10000 -3.25000"
2233,0.0000,Tx-Rx,0,-51.9026,"3.90000 1.00000 -0.80000, 6.25000 0.10000 -3.25000"
2234,0.0000,Tx-Rx,0,-50.8346,"3.90000 1.00000 -0.80000, 5.95000 0.10000 -3.25000"
2235,0.0000,Tx-Rx,0,-50.5234,"3.90000 1.00000 -0.80000, 5.65000 0.10000 -3.25000"
2236,0.0000,Tx-Rx,0,-50.1729,"3.90000 1.00000 -0.80000, 5.35000 0.10000 -3.25000"
2237,0.0000,Tx-Rx,0,-50.2721,"3.90000 1.00000 -0.80000, 5.05000 0.10000 -3.25000"
2238,0.0000,Tx-Rx,0,-52.7731,"3.90000 1.00000 -0.80000, 4.75000 0.10000 -3.25000"
2239,0.0000,Tx-Rx,0,-51.0650,"3.90000 1.00000 -0.80000, 4.45000 0.10000 -3.25000"
2240,0.0000,Tx-Rx,0,-51.1731,"3.90000 1.00000 -0.80000, 4.15000 0.10000 -3.25000"
2241,0.0000,Tx-Rx,0,-51.2022,"3.90000 1.00000 -0.80000, 3.85000 0.10000 -3.25000"
2242,0.0000,Tx-Rx,0,-51.3523,"3.90000 1.00000 -0.80000, 3.55000 0.10000 -3.25000"
2243,0.0000,Tx-Rx,0,-52.0554,"3.90000 1.00000 -0.80000, 3.25000 0.10000 -3.25000"
2244,0.0000,Tx-Rx,0,-50.0193,"3.90000 1.00000 -0.80000, 2.95000 0.10000 -3.25000"
2245,0.0000,Tx-Rx,0,-50.4292,"3.90000 1.00000 -0.80000, 2.65000 0.10000 -3.25000"
2246,0.0000,Tx-Rx,0,-50.7033,"3.90000 1.00000 -0.80000, 2.35000 0.10000 -3.25000"
2247,0.0000,Tx-Rx,0,-50.8290,"3.90000 1.00000 -0.80000, 2.05000 0.10000 -3.25000"
2248,0.0000,Tx-Rx,0,-50.7635,"3.90000 1.00000 -0.80000, 1.75000 0.10000 -3.25000"
2249,0.0000,Tx-Rx,0,-48.5414,"3.90000 1.00000 -0.80000, 1.45000 0.10000 -3.25000"
2250,0.0000,Tx-Rx,0,-46.7567,"3.90000 1.00000 -0.80000, 1.15000 0.10000 -3.25000"
2251,0.0000,Tx-Rx,0,-47.5030,"3.90000 1.00000 -0.80000, 0.85000 0.10000 -3.25000"
2252,0.0000,Tx-Rx,0,-47.9471,"3.90000 1.00000 -0.80000, 0.55000 0.10000 -3.25000"
2253,0.0000,Tx-Rx,0,-48.3012,"3.90000 1.00000 -0.80000, 0.25000 0.10000 -3.25000"
2254,0.0000,Tx-Rx,0,-48.6932,"3.90000 1.00000 -0.80000, -0.05000 0.10000 -3.25000"
2255,0.0000,Tx-Rx,0,-49.3719,"3.90000 1.00000 -0.80000, -0.35000 0.10000 -3.25000"
2256,0.0000,Tx-Rx,0,-49.7571,"3.90000 1.00000 -0.80000, -0.65000 0.10000 -3.25000"
2257,0.0000,Tx-Rx,0,-50.2674,"3.90000 1.00000 -0.80000, -0.95000 0.10000 -3.25000"
2258,0.0000,Tx-Rx,0,-50.5167,"3.90000 1.00000 -0.80000, -1.25000 0.10000 -3.25000"
2259,0.0000,Tx-Rx,0,-50.2232,"3.90000 1.00000 -0.80000, -1.55000 0.10000 -3.25000"
2260,0.0000,Tx-Rx,0,-50.2469,"3.90000 1.00000 -0.80000, -1.85000 0.10000 -3.25000"
2261,0.0000,Tx-Rx,0,-50.4514,"3.90000 1.00000 -0.80000, -2.15000 0.10000 -3.25000"
2262,0.0000,Tx-Rx,0,-50.7609,"3.90000 1.00000 -0.80000, -2.45000 0.10000 -3.25000"
2263,0.0000,Tx-Rx,0,-50.9600,"3.90000 1.00000 -0.80000, -2.75000 0.10000 -3.25000"
2264,0.0000,Tx-Rx,0,-51.2778,"3.90000 1.00000 -0.80000, -3.05000 0.10000 -3.25000"
2265,0.0000,Tx-Rx,0,-52.0174,"3.90000 1.00000 -0.80000, -3.35000 0.10000 -3.25000"
2266,0.0000,Tx-Rx,0,-52.7939,"3.90000 1.00000 -0.80000, -3.65000 0.10000 -3.25000"
2267,0.0000,Tx-Rx,0,-53.1266,"3.90000 1.00000 -0.80000, -3.95000 0.10000 -3.25000"
2268,0.0000,Tx-Rx,0,-53.2255,"3.90000 1.00000 -0.80000, -4.25000 0.10000 -3.25000"
2269,0.0000,Tx-Rx,0,-52.9681,"3.90000 1.00000 -0.80000, -4.55000 0.10000 -3.25000"
2270,0.0000,Tx-Rx,0,-52.5098,"3.90000 1.00000 -0.80000, -4.85000 0.10000 -3.25000"
2271,0.0000,Tx-Rx,0,-52.6313,"3.90000 1.00000 -0.80000, -5.15000 0.10000 -3.25000"
2272,0.0000,Tx-Rx,0,-53.1699,"3.90000 1.00000 -0.80000, -5.45000 0.10000 -3.25000"
2273,0.0000,Tx-Rx,0,-54.0187,"3.90000 1.00000 -0.80000, -5.75000 0.10000 -3.25000"
2274,0.0000,Tx-Rx,0,-55.1809,"3.90000 1.00000 -0.80000, -6.05000 0.10000 -3.25000"
2275,0.0000,Tx-Rx,0,-56.3621,"3.90000 1.00000 -0.80000, -6.35000 0.10000 -3.25000"
2276,0.0000,Tx-Rx,0,-57.2611,"3.90000 1.00000 -0.80000, -6.65000 0.10000 -3.25000"
2277,0.0000,Tx-Rx,0,-57.2942,"3.90000 1.00000 -0.80000, -6.95000 0.10000 -3.25000"
2278,0.0000,Tx-Rx,0,-57.0739,"3.90000 1.00000 -0.80000, -7.25000 0.10000 -3.25000"
2279,0.0000,Tx-Rx,0,-57.1495,"3.90000 1.00000 -0.80000, -7.55000 0.10000 -3.25000"
2280,0.0000,Tx-Rx,0,-57.6586,"3.90000 1.00000 -0.80000, -7.85000 0.10000 -3.25000"
2281,0.0000,Tx-Rx,0,-77.3952,"3.90000 1.00000 -0.80000, 9.85000 0.10000 -3.55000"
2282,0.0000,Tx-Rx,0,-77.0935,"3.90000 1.00000 -0.80000, 9.55000 0.10000 -3.55000"
2283,0.0000,Tx-Rx,0,-77.8128,"3.90000 1.00000 -0.80000, 9.25000 0.10000 -3.55000"
2284,0.0000,Tx-Rx,0,-77.4325,"3.90000 1.00000 -0.80000, 8.95000 0.10000 -3.55000"
2285,0.0000,Tx-Rx,0,-76.7779,"3.90000 1.00000 -0.80000, 8.65000 0.10000 -3.55000"
2286,0.0000,Tx-Rx,0,-76.0735,"3.90000 1.00000 -0.80000, 8.35000 0.10000 -3.55000"
2287,0.0000,Tx-Rx,0,-53.4555,"3.90000 1.00000 -0.80000, 8.05000 0.10000 -3.55000"
2288,0.0000,Tx-Rx,0,-48.5432,"3.90000 1.00000 -0.80000, 7.75000 0.10000 -3.55000"
2289,0.0000,Tx-Rx,0,-48.2657,"3.90000 1.00000 -0.80000, 7.45000 0.10000 -3.55000"
2290,0.0000,Tx-Rx,0,-48.0583,"3.90000 1.00000 -0.80000, 7.15000 0.10000 -3.55000"
2291,0.0000,Tx-Rx,0,-47.8613,"3.90000 1.00000 -0.80000, 6.85000 0.10000 -3.55000"
2292,0.0000,Tx-Rx,0,-49.0864,"3.90000 1.00000 -0.80000, 6.55000 0.10000 -3.55000"
2293,0.0000,Tx-Rx,0,-49.1723,"3.90000 1.00000 -0.80000, 6.25000 0.10000 -3.55000"
2294,0.0000,Tx-Rx,0,-49.0491,"3.90000 1.00000 -0.80000, 5.95000 0.10000 -3.55000"
2295,0.0000,Tx-Rx,0,-48.8602,"3.90000 1.00000 -0.80000, 5.65000 0.10000 -3.55000"
2296,0.0000,Tx-Rx,0,-48.6225,"3.90000 1.00000 -0.80000, 5.35000 0.10000 -3.55000"
2297,0.0000,Tx-Rx,0,-49.2856,"3.90000 1.00000 -0.80000, 5.05000 0.10000 -3.55000"
2298,0.0000,Tx-Rx,0,-51.1516,"3.90000 1.00000 -0.80000, 4.75000 0.10000 -3.55000"
2299,0.0000,Tx-Rx,0,-50.4277,"3.90000 1.00000 -0.80000, 4.45000 0.10000 -3.55000"
2300,0.0000,Tx-Rx,0,-50.3684,"3.90000 1.00000 -0.80000, 4.15000 0.10000 -3.55000"
2301,0.0000,Tx-Rx,0,-50.4304,"3.90000 1.00000 -0.80000, 3.85000 0.10000 -3.55000"
2302,0.0000,Tx-Rx,0,-50.4322,"3.90000 1.00000 -0.80000, 3.55000 0.10000 -3.55000"
2303,0.0000,Tx-Rx,0,-51.2746,"3.90000 1.00000 -0.80000, 3.25000 0.10000 -3.55000"
2304,0.0000,Tx-Rx,0,-48.8948,"3.90000 1.00000 -0.80000, 2.95000 0.10000 -3.55000"
2305,0.0000,Tx-Rx,0,-49.0289,"3.90000 1.00000 -0.80000, 2.65000 0.10000 -3.55000"
2306,0.0000,Tx-Rx,0,-49.7734,"3.90000 1.00000 -0.80000, 2.35000 0.10000 -3.55000"
2307,0.0000,Tx-Rx,0,-49.9715,"3.90000 1.00000 -0.80000, 2.05000 0.10000 -3.55000"
2308,0.0000,Tx-Rx,0,-50.4550,"3.90000 1.00000 -0.80000, 1.75000 0.10000 -3.55000"
2309,0.0000,Tx-Rx,0,-48.7149,"3.90000 1.00000 -0.80000, 1.45000 0.10000 -3.55000"
2310,0.0000,Tx-Rx,0,-47.1405,"3.90000 1.00000 -0.80000, 1.15000 0.10000 -3.55000"
2311,0.0000,Tx-Rx,0,-47.7062,"3.90000 1.00000 -0.80000, 0.85000 0.10000 -3.55000"
2312,0.0000,Tx-Rx,0,-48.1291,"3.90000 1.00000 -0.80000, 0.55000 0.10000 -3.55000"
2313,0.0000,Tx-Rx,0,-48.5602,"3.90000 1.00000 -0.80000, 0.25000 0.10000 -3.55000"
2314,0.0000,Tx-Rx,0,-49.0985,"3.90000 1.00000 -0.80000, -0.05000 0.10000 -3.55000"
2315,0.0000,Tx-Rx,0,-49.6204,"3.90000 1.00000 -0.80000, -0.35000 0.10000 -3.55000"
2316,0.0000,Tx-Rx,0,-50.1248,"3.90000 1.00000 -0.80000, -0.65000 0.10000 -3.55000"
2317,0.0000,Tx-Rx,0,-50.1402,"3.90000 1.00000 -0.80000, -0.95000 0.10000 -3.55000"
2318,0.0000,Tx-Rx,0,-49.9348,"3.90000 1.00000 -0.80000, -1.25000 0.10000 -3.55000"
2319,0.0000,Tx-Rx,0,-50.1035,"3.90000 1.00000 -0.80000, -1.55000 0.10000 -3.55000"
2320,0.0000,Tx-Rx,0,-50.3428,"3.90000 1.00000 -0.80000, -1.85000 0.10000 -3.55000"
2321,0.0000,Tx-Rx,0,-50.5471,"3.90000 1.00000 -0.80000, -2.15000 0.10000 -3.55000"
2322,0.0000,Tx-Rx,0,-50.8364,"3.90000 1.00000 -0.80000, -2.45000 0.10000 -3.55000"
2323,0.0000,Tx-Rx,0,-51.4807,"3.90000 1.00000 -0.80000, -2.75000 0.10000 -3.55000"
2324,0.0000,Tx-Rx,0,-52.2827,"3.90000 1.00000 -0.80000, -3.05000 0.10000 -3.55000"
2325,0.0000,Tx-Rx,0,-52.6938,"3.90000 1.00000 -0.80000, -3.35000 0.10000 -3.55000"
2326,0.0000,Tx-Rx,0,-53.0276,"3.90000 1.00000 -0.80000, -3.65000 0.10000 -3.55000"
2327,0.0000,Tx-Rx,0,-52.5429,"3.90000 1.00000 -0.80000, -3.95000 0.10000 -3.55000"
2328,0.0000,Tx-Rx,0,-52.2263,"3.90000 1.00000 -0.80000, -4.25000 0.10000 -3.55000"
2329,0.0000,Tx-Rx,0,-52.2639,"3.90000 1.00000 -0.80000, -4.55000 0.10000 -3.55000"
2330,0.0000,Tx-Rx,0,-52.4883,"3.90000 1.00000 -0.80000, -4.85000 0.10000 -3.55000"
2331,0.0000,Tx-Rx,0,-52.5810,"3.90000 1.00000 -0.80000, -5.15000 0.10000 -3.55000"
2332,0.0000,Tx-Rx,0,-52.8119,"3.90000 1.00000 -0.80000, -5.45000 0.10000 -3.55000"
2333,0.0000,Tx-Rx,0,-52.8675,"3.90000 1.00000 -0.80000, -5.75000 0.10000 -3.55000"
2334,0.0000,Tx-Rx,0,-53.0371,"3.90000 1.00000 -0.80000, -6.05000 0.10000 -3.55000"
2335,0.0000,Tx-Rx,0,-53.5911,"3.90000 1.00000 -0.80000, -6.35000 0.10000 -3.55000"
2336,0.0000,Tx-Rx,0,-53.8569,"3.90000 1.00000 -0.80000, -6.65000 0.10000 -3.55000"
2337,0.0000,Tx-Rx,0,-54.6795,"3.90000 1.00000 -0.80000, -6.95000 0.10000 -3.55000"
2338,0.0000,Tx-Rx,0,-55.9954,"3.90000 1.00000 -0.80000, -7.25000 0.10000 -3.55000"
2339,0.0000,Tx-Rx,0,-57.0322,"3.90000 1.00000 -0.80000, -7.55000 0.10000 -3.55000"
2340,0.0000,Tx-Rx,0,-57.9069,"3.90000 1.00000 -0.80000, -7.85000 0.10000 -3.55000"
2341,0.0000,Tx-Rx,0,-78.3988,"3.90000 1.00000 -0.80000, 9.85000 0.10000 -3.85000"
2342,0.0000,Tx-Rx,0,-77.9348,"3.90000 1.00000 -0.80000, 9.55000 0.10000 -3.85000"
2343,0.0000,Tx-Rx,0,-78.6565,"3.90000 1.00000 -0.80000, 9.25000 0.10000 -3.85000"
2344,0.0000,Tx-Rx,0,-77.8389,"3.90000 1.00000 -0.80000, 8.95000 0.10000 -3.85000"
2345,0.0000,Tx-Rx,0,-77.1177,"3.90000 1.00000 -0.80000, 8.65000 0.10000 -3.85000"
2346,0.0000,Tx-Rx,0,-76.0517,"3.90000 1.00000 -0.80000, 8.35000 0.10000 -3.85000"
2347,0.0000,Tx-Rx,0,-53.6605,"3.90000 1.00000 -0.80000, 8.05000 0.10000 -3.85000"
2348,0.0000,Tx-Rx,0,-48.7505,"3.90000 1.00000 -0.80000, 7.75000 0.10000 -3.85000"
2349,0.0000,Tx-Rx,0,-48.5182,"3.90000 1.00000 -0.80000, 7.45000 0.10000 -3.85000"
2350,0.0000,Tx-Rx,0,-48.3578,"3.90000 1.00000 -0.80000, 7.15000 0.10000 -3.85000"
2351,0.0000,Tx-Rx,0,-47.9743,"3.90000 1.00000 -0.80000, 6.85000 0.10000 -3.85000"
2352,0.0000,Tx-Rx,0,-47.2234,"3.90000 1.00000 -0.80000, 6.55000 0.10000 -3.85000"
2353,0.0000,Tx-Rx,0,-46.9192,"3.90000 1.00000 -0.80000, 6.25000 0.10000 -3.85000"
2354,0.0000,Tx-Rx,0,-46.5975,"3.90000 1.00000 -0.80000, 5.95000 0.10000 -3.85000"
2355,0.0000,Tx-Rx,0,-46.3152,"3.90000 1.00000 -0.80000, 5.65000 0.10000 -3.85000"
2356,0.0000,Tx-Rx,0,-46.0244,"3.90000 1.00000 -0.80000, 5.35000 0.10000 -3.85000"
2357,0.0000,Tx-Rx,0,-47.0396,"3.90000 1.00000 -0.80000, 5.05000 0.10000 -3.85000"
2358,0.0000,Tx-Rx,0,-48.5322,"3.90000 1.00000 -0.80000, 4.75000 0.10000 -3.85000"
2359,0.0000,Tx-Rx,0,-48.6667,"3.90000 1.00000 -0.80000, 4.45000 0.10000 -3.85000"
2360,0.0000,Tx-Rx,0,-48.3684,"3.90000 1.00000 -0.80000, 4.15000 0.10000 -3.85000"
2361,0.0000,Tx-Rx,0,-48.1197,"3.90000 1.00000 -0.80000, 3.85000 0.10000 -3.85000"
2362,0.0000,Tx-Rx,0,-48.7941,"3.90000 1.00000 -0.80000, 3.55000 0.10000 -3.85000"
2363,0.0000,Tx-Rx,0,-48.6882,"3.90000 1.00000 -0.80000, 3.25000 0.10000 -3.85000"
2364,0.0000,Tx-Rx,0,-45.5889,"3.90000 1.00000 -0.80000, 2.95000 0.10000 -3.85000"
2365,0.0000,Tx-Rx,0,-45.8531,"3.90000 1.00000 -0.80000, 2.65000 0.10000 -3.85000"
2366,0.0000,Tx-Rx,0,-46.0549,"3.90000 1.00000 -0.80000, 2.35000 0.10000 -3.85000"
2367,0.0000,Tx-Rx,0,-46.4228,"3.90000 1.00000 -0.80000, 2.05000 0.10000 -3.85000"
2368,0.0000,Tx-Rx,0,-46.8675,"3.90000 1.00000 -0.80000, 1.75000 0.10000 -3.85000"
2369,0.0000,Tx-Rx,0,-47.1354,"3.90000 1.00000 -0.80000, 1.45000 0.10000 -3.85000"
2370,0.0000,Tx-Rx,0,-47.6115,"3.90000 1.00000 -0.80000, 1.15000 0.10000 -3.85000"
2371,0.0000,Tx-Rx,0,-47.9293,"3.90000 1.00000 -0.80000, 0.85000 0.10000 -3.85000"
2372,0.0000,Tx-Rx,0,-48.3639,"3.90000 1.00000 -0.80000, 0.55000 0.10000 -3.85000"
2373,0.0000,Tx-Rx,0,-48.6327,"3.90000 1.00000 -0.80000, 0.25000 0.10000 -3.85000"
2374,0.0000,Tx-Rx,0,-51.8007,"3.90000 1.00000 -0.80000, -0.05000 0.10000 -3.85000"
2375,0.0000,Tx-Rx,0,-50.8676,"3.90000 1.00000 -0.80000, -0.35000 0.10000 -3.85000"
2376,0.0000,Tx-Rx,0,-49.6534,"3.90000 1.00000 -0.80000, -0.65000 0.10000 -3.85000"
2377,0.0000,Tx-Rx,0,-49.5773,"3.90000 1.00000 -0.80000, -0.95000 0.10000 -3.85000"
2378,0.0000,Tx-Rx,0,-49.6946,"3.90000 1.00000 -0.80000, -1.25000 0.10000 -3.85000"
2379,0.0000,Tx-Rx,0,-50.0863,"3.90000 1.00000 -0.80000, -1.55000 0.10000 -3.85000"
2380,0.0000,Tx-Rx,0,-50.3767,"3.90000 1.00000 -0.80000, -1.85000 0.10000 -3.85000"
2381,0.0000,Tx-Rx,0,-50.9408,"3.90000 1.00000 -0.80000, -2.15000 0.10000 -3.85000"
2382,0.0000,Tx-Rx,0,-51.9829,"3.90000 1.00000 -0.80000, -2.45000 0.10000 -3.85000"
2383,0.0000,Tx-Rx,0,-52.4582,"3.90000 1.00000 -0.80000, -2.75000 0.10000 -3.85000"
2384,0.0000,Tx-Rx,0,-52.3065,"3.90000 1.00000 -0.80000, -3.05000 0.10000 -3.85000"
2385,0.0000,Tx-Rx,0,-51.6171,"3.90000 1.00000 -0.80000, -3.35000 0.10000 -3.85000"
2386,0.0000,Tx-Rx,0,-51.7245,"3.90000 1.00000 -0.80000, -3.65000 0.10000 -3.85000"
2387,0.0000,Tx-Rx,0,-52.0982,"3.90000 1.00000 -0.80000, -3.95000 0.10000 -3.85000"
2388,0.0000,Tx-Rx,0,-52.1142,"3.90000 1.00000 -0.80000, -4.25000 0.10000 -3.85000"
2389,0.0000,Tx-Rx,0,-52.4262,"3.90000 1.00000 -0.80000, -4.55000 0.10000 -3.85000"
2390,0.0000,Tx-Rx,0,-52.5902,"3.90000 1.00000 -0.80000, -4.85000 0.10000 -3.85000"
2391,0.0000,Tx-Rx,0,-52.6744,"3.90000 1.00000 -0.80000, -5.15000 0.10000 -3.85000"
2392,0.0000,Tx-Rx,0,-52.7228,"3.90000 1.00000 -0.80000, -5.45000 0.10000 -3.85000"
2393,0.0000,Tx-Rx,0,-53.0273,"3.90000 1.00000 -0.80000, -5.75000 0.10000 -3.85000"
2394,0.0000,Tx-Rx,0,-52.9509,"3.90000 1.00000 -0.80000, -6.05000 0.10000 -3.85000"
2395,0.0000,Tx-Rx,0,-52.8330,"3.90000 1.00000 -0.80000, -6.35000 0.10000 -3.85000"
2396,0.0000,Tx-Rx,0,-54.1983,"3.90000 1.00000 -0.80000, -6.65000 0.10000 -3.85000"
2397,0.0000,Tx-Rx,0,-54.3858,"3.90000 1.00000 -0.80000, -6.95000 0.10000 -3.85000"
2398,0.0000,Tx-Rx,0,-54.0793,"3.90000 1.00000 -0.80000, -7.25000 0.10000 -3.85000"
2399,0.0000,Tx-Rx,0,-54.1314,"3.90000 1.00000 -0.80000, -7.55000 0.10000 -3.85000"
2400,0.0000,Tx-Rx,0,-54.1521,"3.90000 1.00000 -0.80000, -7.85000 0.10000 -3.85000"
2401,0.0000,Tx-Rx,0,-79.1891,"3.90000 1.00000 -0.80000, 9.85000 0.10000 -4.15000"
2402,0.0000,Tx-Rx,0,-78.8022,"3.90000 1.00000 -0.80000, 9.55000 0.10000 -4.15000"
2403,0.0000,Tx-Rx,0,-78.0728,"3.90000 1.00000 -0.80000, 9.25000 0.10000 -4.15000"
2404,0.0000,Tx-Rx,0,-77.1615,"3.90000 1.00000 -0.80000, 8.95000 0.10000 -4.15000"
2405,0.0000,Tx-Rx,0,-78.5511,"3.90000 1.00000 -0.80000, 8.65000 0.10000 -4.15000"
2406,0.0000,Tx-Rx,0,-77.1649,"3.90000 1.00000 -0.80000, 8.35000 0.10000 -4.15000"
2407,0.0000,Tx-Rx,0,-53.8796,"3.90000 1.00000 -0.80000, 8.05000 0.10000 -4.15000"
2408,0.0000,Tx-Rx,0,-48.9746,"3.90000 1.00000 -0.80000, 7.75000 0.10000 -4.15000"
2409,0.0000,Tx-Rx,0,-48.7767,"3.90000 1.00000 -0.80000, 7.45000 0.10000 -4.15000"
2410,0.0000,Tx-Rx,0,-48.5532,"3.90000 1.00000 -0.80000, 7.15000 0.10000 -4.15000"
2411,0.0000,Tx-Rx,0,-47.9903,"3.90000 1.00000 -0.80000, 6.85000 0.10000 -4.15000"
2412,0.0000,Tx-Rx,0,-47.7307,"3.90000 1.00000 -0.80000, 6.55000 0.10000 -4.15000"
2413,0.0000,Tx-Rx,0,-47.4519,"3.90000 1.00000 -0.80000, 6.25000 0.10000 -4.15000"
2414,0.0000,Tx-Rx,0,-47.2739,"3.90000 1.00000 -0.80000, 5.95000 0.10000 -4.15000"
2415,0.0000,Tx-Rx,0,-46.9035,"3.90000 1.00000 -0.80000, 5.65000 0.10000 -4.15000"
2416,0.0000,Tx-Rx,0,-46.7322,"3.90000 1.00000 -0.80000, 5.35000 0.10000 -4.15000"
2417,0.0000,Tx-Rx,0,-47.1879,"3.90000 1.00000 -0.80000, 5.05000 0.10000 -4.15000"
2418,0.0000,Tx-Rx,0,-47.8869,"3.90000 1.00000 -0.80000, 4.75000 0.10000 -4.15000"
2419,0.0000,Tx-Rx,0,-47.4738,"3.90000 1.00000 -0.80000, 4.45000 0.10000 -4.15000"
2420,0.0000,Tx-Rx,0,-47.5349,"3.90000 1.00000 -0.80000, 4.15000 0.10000 -4.15000"
2421,0.0000,Tx-Rx,0,-47.3211,"3.90000 1.00000 -0.80000, 3.85000 0.10000 -4.15000"
2422,0.0000,Tx-Rx,0,-47.3632,"3.90000 1.00000 -0.80000, 3.55000 0.10000 -4.15000"
2423,0.0000,Tx-Rx,0,-47.1977,"3.90000 1.00000 -0.80000, 3.25000 0.10000 -4.15000"
2424,0.0000,Tx-Rx,0,-46.5602,"3.90000 1.00000 -0.80000, 2.95000 0.10000 -4.15000"
2425,0.0000,Tx-Rx,0,-46.4815,"3.90000 1.00000 -0.80000, 2.65000 0.10000 -4.15000"
2426,0.0000,Tx-Rx,0,-46.8650,"3.90000 1.00000 -0.80000, 2.35000 0.10000 -4.15000"
2427,0.0000,Tx-Rx,0,-47.0519,"3.90000 1.00000 -0.80000, 2.05000 0.10000 -4.15000"
2428,0.0000,Tx-Rx,0,-47.3595,"3.90000 1.00000 -0.80000, 1.75000 0.10000 -4.15000"
2429,0.0000,Tx-Rx,0,-47.6355,"3.90000 1.00000 -0.80000, 1.45000 0.10000 -4.15000"
2430,0.0000,Tx-Rx,0,-48.0635,"3.90000 1.00000 -0.80000, 1.15000 0.10000 -4.15000"
2431,0.0000,Tx-Rx,0,-48.2725,"3.90000 1.00000 -0.80000, 0.85000 0.10000 -4.15000"
2432,0.0000,Tx-Rx,0,-48.2237,"3.90000 1.00000 -0.80000, 0.55000 0.10000 -4.15000"
2433,0.0000,Tx-Rx,0,-48.4348,"3.90000 1.00000 -0.80000, 0.25000 0.10000 -4.15000"
2434,0.0000,Tx-Rx,0,-52.6303,"3.90000 1.00000 -0.80000, -0.05000 0.10000 -4.15000"
2435,0.0000,Tx-Rx,0,-58.8763,"3.90000 1.00000 -0.80000, -0.35000 0.10000 -4.15000"
2436,0.0000,Tx-Rx,0,-63.7696,"3.90000 1.00000 -0.80000, -0.65000 0.10000 -4.15000"
2437,0.0000,Tx-Rx,0,-67.5982,"3.90000 1.00000 -0.80000, -0.95000 0.10000 -4.15000"
2438,0.0000,Tx-Rx,0,-66.7978,"3.90000 1.00000 -0.80000, -1.25000 0.10000 -4.15000"
2439,0.0000,Tx-Rx,0,-67.6395,"3.90000 1.00000 -0.80000, -1.55000 0.10000 -4.15000"
2440,0.0000,Tx-Rx,0,-70.5669,"3.90000 1.00000 -0.80000, -1.85000 0.10000 -4.15000"
2441,0.0000,Tx-Rx,0,-57.6386,"3.90000 1.00000 -0.80000, -2.15000 0.10000 -4.15000"
2442,0.0000,Tx-Rx,0,-53.3929,"3.90000 1.00000 -0.80000, -2.45000 0.10000 -4.15000"
2443,0.0000,Tx-Rx,0,-52.7558,"3.90000 1.00000 -0.80000, -2.75000 0.10000 -4.15000"
2444,0.0000,Tx-Rx,0,-53.4403,"3.90000 1.00000 -0.80000, -3.05000 0.10000 -4.15000"
2445,0.0000,Tx-Rx,0,-56.6632,"3.90000 1.00000 -0.80000, -3.35000 0.10000 -4.15000"
2446,0.0000,Tx-Rx,0,-65.8243,"3.90000 1.00000 -0.80000, -3.65000 0.10000 -4.15000"
2447,0.0000,Tx-Rx,0,-79.7528,"3.90000 1.00000 -0.80000, -3.95000 0.10000 -4.15000"
2448,0.0000,Tx-Rx,0,-66.1284,"3.90000 1.00000 -0.80000, -4.25000 0.10000 -4.15000"
2449,0.0000,Tx-Rx,0,-61.5667,"3.90000 1.00000 -0.80000, -4.55000 0.10000 -4.15000"
2450,0.0000,Tx-Rx,0,-59.7643,"3.90000 1.00000 -0.80000, -4.85000 0.10000 -4.15000"
2451,0.0000,Tx-Rx,0,-59.8815,"3.90000 1.00000 -0.80000, -5.15000 0.10000 -4.15000"
2452,0.0000,Tx-Rx,0,-61.4972,"3.90000 1.00000 -0.80000, -5.45000 0.10000 -4.15000"
2453,0.0000,Tx-Rx,0,-64.4770,"3.90000 1.00000 -0.80000, -5.75000 0.10000 -4.15000"
2454,0.0000,Tx-Rx,0,-67.2063,"3.90000 1.00000 -0.80000, -6.05000 0.10000 -4.15000"
2455,0.0000,Tx-Rx,0,-73.4410,"3.90000 1.00000 -0.80000, -6.35000 0.10000 -4.15000"
2456,0.0000,Tx-Rx,0,-71.8276,"3.90000 1.00000 -0.80000, -6.65000 0.10000 -4.15000"
2457,0.0000,Tx-Rx,0,-75.0171,"3.90000 1.00000 -0.80000, -6.95000 0.10000 -4.15000"
2458,0.0000,Tx-Rx,0,-76.0095,"3.90000 1.00000 -0.80000, -7.25000 0.10000 -4.15000"
2459,0.0000,Tx-Rx,0,-77.2040,"3.90000 1.00000 -0.80000, -7.55000 0.10000 -4.15000"
2460,0.0000,Tx-Rx,0,-74.9242,"3.90000 1.00000 -0.80000, -7.85000 0.10000 -4.15000"
2461,0.0000,Tx-Rx,0,-78.8627,"3.90000 1.00000 -0.80000, 9.85000 0.10000 -4.45000"
2462,0.0000,Tx-Rx,0,-78.0320,"3.90000 1.00000 -0.80000, 9.55000 0.10000 -4.45000"
2463,0.0000,Tx-Rx,0,-78.7314,"3.90000 1.00000 -0.80000, 9.25000 0.10000 -4.45000"
2464,0.0000,Tx-Rx,0,-77.5608,"3.90000 1.00000 -0.80000, 8.95000 0.10000 -4.45000"
2465,0.0000,Tx-Rx,0,-78.4023,"3.90000 1.00000 -0.80000, 8.65000 0.10000 -4.45000"
2466,0.0000,Tx-Rx,0,-77.5834,"3.90000 1.00000 -0.80000, 8.35000 0.10000 -4.45000"
2467,0.0000,Tx-Rx,0,-54.0937,"3.90000 1.00000 -0.80000, 8.05000 0.10000 -4.45000"
2468,0.0000,Tx-Rx,0,-49.1705,"3.90000 1.00000 -0.80000, 7.75000 0.10000 -4.45000"
2469,0.0000,Tx-Rx,0,-48.9477,"3.90000 1.00000 -0.80000, 7.45000 0.10000 -4.45000"
2470,0.0000,Tx-Rx,0,-48.5399,"3.90000 1.00000 -0.80000, 7.15000 0.10000 -4.45000"
2471,0.0000,Tx-Rx,0,-48.3163,"3.90000 1.00000 -0.80000, 6.85000 0.10000 -4.45000"
2472,0.0000,Tx-Rx,0,-48.0735,"3.90000 1.00000 -0.80000, 6.55000 0.10000 -4.45000"
2473,0.0000,Tx-Rx,0,-47.8190,"3.90000 1.00000 -0.80000, 6.25000 0.10000 -4.45000"
2474,0.0000,Tx-Rx,0,-47.6295,"3.90000 1.00000 -0.80000, 5.95000 0.10000 -4.45000"
2475,0.0000,Tx-Rx,0,-47.3768,"3.90000 1.00000 -0.80000, 5.65000 0.10000 -4.45000"
2476,0.0000,Tx-Rx,0,-47.3187,"3.90000 1.00000 -0.80000, 5.35000 0.10000 -4.45000"
2477,0.0000,Tx-Rx,0,-47.1205,"3.90000 1.00000 -0.80000, 5.05000 0.10000 -4.45000"
2478,0.0000,Tx-Rx,0,-46.7458,"3.90000 1.00000 -0.80000, 4.75000 0.10000 -4.45000"
2479,0.0000,Tx-Rx,0,-46.7264,"3.90000 1.00000 -0.80000, 4.45000 0.10000 -4.45000"
2480,0.0000,Tx-Rx,0,-46.7918,"3.90000 1.00000 -0.80000, 4.15000 0.10000 -4.45000"
2481,0.0000,Tx-Rx,0,-46.4966,"3.90000 1.00000 -0.80000, 3.85000 0.10000 -4.45000"
2482,0.0000,Tx-Rx,0,-46.5622,"3.90000 1.00000 -0.80000, 3.55000 0.10000 -4.45000"
2483,0.0000,Tx-Rx,0,-46.7594,"3.90000 1.00000 -0.80000, 3.25000 0.10000 -4.45000"
2484,0.0000,Tx-Rx,0,-47.2480,"3.90000 1.00000 -0.80000, 2.95000 0.10000 -4.45000"
2485,0.0000,Tx-Rx,0,-47.0708,"3.90000 1.00000 -0.80000, 2.65000 0.10000 -4.45000"
2486,0.0000,Tx-Rx,0,-47.2628,"3.90000 1.00000 -0.80000, 2.35000 0.10000 -4.45000"
2487,0.0000,Tx-Rx,0,-47.4531,"3.90000 1.00000 -0.80000, 2.05000 0.10000 -4.45000"
2488,0.0000,Tx-Rx,0,-47.8716,"3.90000 1.00000 -0.80000, 1.75000 0.10000 -4.45000"
2489,0.0000,Tx-Rx,0,-48.0404,"3.90000 1.00000 -0.80000, 1.45000 0.10000 -4.45000"
2490,0.0000,Tx-Rx,0,-48.2809,"3.90000 1.00000 -0.80000, 1.15000 0.10000 -4.45000"
2491,0.0000,Tx-Rx,0,-48.1797,"3.90000 1.00000 -0.80000, 0.85000 0.10000 -4.45000"
2492,0.0000,Tx-Rx,0,-48.2822,"3.90000 1.00000 -0.80000, 0.55000 0.10000 -4.45000"
2493,0.0000,Tx-Rx,0,-48.7732,"3.90000 1.00000 -0.80000, 0.25000 0.10000 -4.45000"
2494,0.0000,Tx-Rx,0,-50.0039,"3.90000 1.00000 -0.80000, -0.05000 0.10000 -4.45000"
2495,0.0000,Tx-Rx,0,-55.7297,"3.90000 1.00000 -0.80000, -0.35000 0.10000 -4.45000"
2496,0.0000,Tx-Rx,0,-60.9635,"3.90000 1.00000 -0.80000, -0.65000 0.10000 -4.45000"
2497,0.0000,Tx-Rx,0,-64.9795,"3.90000 1.00000 -0.80000, -0.95000 0.10000 -4.45000"
2498,0.0000,Tx-Rx,0,-68.9924,"3.90000 1.00000 -0.80000, -1.25000 0.10000 -4.45000"
2499,0.0000,Tx-Rx,0,-72.4035,"3.90000 1.00000 -0.80000, -1.55000 0.10000 -4.45000"
2500,0.0000,Tx-Rx,0,-72.1641,"3.90000 1.00000 -0.80000, -1.85000 0.10000 -4.45000"
2501,0.0000,Tx-Rx,0,-72.4601,"3.90000 1.00000 -0.80000, -2.15000 0.10000 -4.45000"
2502,0.0000,Tx-Rx,0,-70.9255,"3.90000 1.00000 -0.80000, -2.45000 0.10000 -4.45000"
2503,0.0000,Tx-Rx,0,-57.2938,"3.90000 1.00000 -0.80000, -2.75000 0.10000 -4.45000"
2504,0.0000,Tx-Rx,0,-53.7442,"3.90000 1.00000 -0.80000, -3.05000 0.10000 -4.45000"
2505,0.0000,Tx-Rx,0,-53.4269,"3.90000 1.00000 -0.80000, -3.35000 0.10000 -4.45000"
2506,0.0000,Tx-Rx,0,-53.7812,"3.90000 1.00000 -0.80000, -3.65000 0.10000 -4.45000"
2507,0.0000,Tx-Rx,0,-55.4041,"3.90000 1.00000 -0.80000, -3.95000 0.10000 -4.45000"
2508,0.0000,Tx-Rx,0,-58.3242,"3.90000 1.00000 -0.80000, -4.25000 0.10000 -4.45000"
2509,0.0000,Tx-Rx,0,-60.7261,"3.90000 1.00000 -0.80000, -4.55000 0.10000 -4.45000"
2510,0.0000,Tx-Rx,0,-64.8716,"3.90000 1.00000 -0.80000, -4.85000 0.10000 -4.45000"
2511,0.0000,Tx-Rx,0,-74.3924,"3.90000 1.00000 -0.80000, -5.15000 0.10000 -4.45000"
2512,0.0000,Tx-Rx,0,-69.5350,"3.90000 1.00000 -0.80000, -5.45000 0.10000 -4.45000"
2513,0.0000,Tx-Rx,0,-65.4640,"3.90000 1.00000 -0.80000, -5.75000 0.10000 -4.45000"
2514,0.0000,Tx-Rx,0,-64.4301,"3.90000 1.00000 -0.80000, -6.05000 0.10000 -4.45000"
2515,0.0000,Tx-Rx,0,-64.9980,"3.90000 1.00000 -0.80000, -6.35000 0.10000 -4.45000"
2516,0.0000,Tx-Rx,0,-66.8480,"3.90000 1.00000 -0.80000, -6.65000 0.10000 -4.45000"
2517,0.0000,Tx-Rx,0,-73.2129,"3.90000 1.00000 -0.80000, -6.95000 0.10000 -4.45000"
2518,0.0000,Tx-Rx,0,-73.4432,"3.90000 1.00000 -0.80000, -7.25000 0.10000 -4.45000"
2519,0.0000,Tx-Rx,0,-71.2053,"3.90000 1.00000 -0.80000, -7.55000 0.10000 -4.45000"
2520,0.0000,Tx-Rx,0,-71.6858,"3.90000 1.00000 -0.80000, -7.85000 0.10000 -4.45000"
2521,0.0000,Tx-Rx,0,-79.0428,"3.90000 1.00000 -0.80000, 9.85000 0.10000 -4.75000"
2522,0.0000,Tx-Rx,0,-79.2077,"3.90000 1.00000 -0.80000, 9.55000 0.10000 -4.75000"
2523,0.0000,Tx-Rx,0,-78.4013,"3.90000 1.00000 -0.80000, 9.25000 0.10000 -4.75000"
2524,0.0000,Tx-Rx,0,-78.8518,"3.90000 1.00000 -0.80000, 8.95000 0.10000 -4.75000"
2525,0.0000,Tx-Rx,0,-78.2149,"3.90000 1.00000 -0.80000, 8.65000 0.10000 -4.75000"
2526,0.0000,Tx-Rx,0,-77.2259,"3.90000 1.00000 -0.80000, 8.35000 0.10000 -4.75000"
2527,0.0000,Tx-Rx,0,-54.2756,"3.90000 1.00000 -0.80000, 8.05000 0.10000 -4.75000"
2528,0.0000,Tx-Rx,0,-49.3645,"3.90000 1.00000 -0.80000, 7.75000 0.10000 -4.75000"
2529,0.0000,Tx-Rx,0,-48.9829,"3.90000 1.00000 -0.80000, 7.45000 0.10000 -4.75000"
2530,0.0000,Tx-Rx,0,-48.7324,"3.90000 1.00000 -0.80000, 7.15000 0.10000 -4.75000"
2531,0.0000,Tx-Rx,0,-48.6421,"3.90000 1.00000 -0.80000, 6.85000 0.10000 -4.75000"
2532,0.0000,Tx-Rx,0,-48.4242,"3.90000 1.00000 -0.80000, 6.55000 0.10000 -4.75000"
2533,0.0000,Tx-Rx,0,-48.1587,"3.90000 1.00000 -0.80000, 6.25000 0.10000 -4.75000"
2534,0.0000,Tx-Rx,0,-48.0023,"3.90000 1.00000 -0.80000, 5.95000 0.10000 -4.75000"
2535,0.0000,Tx-Rx,0,-47.8317,"3.90000 1.00000 -0.80000, 5.65000 0.10000 -4.75000"
2536,0.0000,Tx-Rx,0,-47.9139,"3.90000 1.00000 -0.80000, 5.35000 0.10000 -4.75000"
2537,0.0000,Tx-Rx,0,-47.4969,"3.90000 1.00000 -0.80000, 5.05000 0.10000 -4.75000"
2538,0.0000,Tx-Rx,0,-47.4102,"3.90000 1.00000 -0.80000, 4.75000 0.10000 -4.75000"
2539,0.0000,Tx-Rx,0,-47.2784,"3.90000 1.00000 -0.80000, 4.45000 0.10000 -4.75000"
2540,0.0000,Tx-Rx,0,-47.3186,"3.90000 1.00000 -0.80000, 4.15000 0.10000 -4.75000"
2541,0.0000,Tx-Rx,0,-47.2666,"3.90000 1.00000 -0.80000, 3.85000 0.10000 -4.75000"
2542,0.0000,Tx-Rx,0,-47.4392,"3.90000 1.00000 -0.80000, 3.55000 0.10000 -4.75000"
2543,0.0000,Tx-Rx,0,-47.3296,"3.90000 1.00000 -0.80000, 3.25000 0.10000 -4.75000"
2544,0.0000,Tx-Rx,0,-47.7636,"3.90000 1.00000 -0.80000, 2.95000 0.10000 -4.75000"
2545,0.0000,Tx-Rx,0,-47.5219,"3.90000 1.00000 -0.80000, 2.65000 0.10000 -4.75000"
2546,0.0000,Tx-Rx,0,-47.7246,"3.90000 1.00000 -0.80000, 2.35000 0.10000 -4.75000"
2547,0.0000,Tx-Rx,0,-47.5524,"3.90000 1.00000 -0.80000, 2.05000 0.10000 -4.75000"
2548,0.0000,Tx-Rx,0,-48.2842,"3.90000 1.00000 -0.80000, 1.75000 0.10000 -4.75000"
2549,0.0000,Tx-Rx,0,-48.2766,"3.90000 1.00000 -0.80000, 1.45000 0.10000 -4.75000"
2550,0.0000,Tx-Rx,0,-48.3013,"3.90000 1.00000 -0.80000, 1.15000 0.10000 -4.75000"
2551,0.0000,Tx-Rx,0,-48.4462,"3.90000 1.00000 -0.80000, 0.85000 0.10000 -4.75000"
2552,0.0000,Tx-Rx,0,-48.9849,"3.90000 1.00000 -0.80000, 0.55000 0.10000 -4.75000"
2553,0.0000,Tx-Rx,0,-49.3929,"3.90000 1.00000 -0.80000, 0.25000 0.10000 -4.75000"
2554,0.0000,Tx-Rx,0,-49.7487,"3.90000 1.00000 -0.80000, -0.05000 0.10000 -4.75000"
2555,0.0000,Tx-Rx,0,-50.5907,"3.90000 1.00000 -0.80000, -0.35000 0.10000 -4.75000"
2556,0.0000,Tx-Rx,0,-55.2835,"3.90000 1.00000 -0.80000, -0.65000 0.10000 -4.75000"
2557,0.0000,Tx-Rx,0,-60.3943,"3.90000 1.00000 -0.80000, -0.95000 0.10000 -4.75000"
2558,0.0000,Tx-Rx,0,-65.7469,"3.90000 1.00000 -0.80000, -1.25000 0.10000 -4.75000"
2559,0.0000,Tx-Rx,0,-68.5866,"3.90000 1.00000 -0.80000, -1.55000 0.10000 -4.75000"
2560,0.0000,Tx-Rx,0,-71.4677,"3.90000 1.00000 -0.80000, -1.85000 0.10000 -4.75000"
2561,0.0000,Tx-Rx,0,-72.0115,"3.90000 1.00000 -0.80000, -2.15000 0.10000 -4.75000"
2562,0.0000,Tx-Rx,0,-71.3149,"3.90000 1.00000 -0.80000, -2.45000 0.10000 -4.75000"
2563,0.0000,Tx-Rx,0,-72.3158,"3.90000 1.00000 -0.80000, -2.75000 0.10000 -4.75000"
2564,0.0000,Tx-Rx,0,-66.8204,"3.90000 1.00000 -0.80000, -3.05000 0.10000 -4.75000"
2565,0.0000,Tx-Rx,0,-56.6020,"3.90000 1.00000 -0.80000, -3.35000 0.10000 -4.75000"
2566,0.0000,Tx-Rx,0,-63.0383,"3.90000 1.00000 -0.80000, -3.65000 0.10000 -4.75000"
2567,0.0000,Tx-Rx,0,-65.7642,"3.90000 1.00000 -0.80000, -3.95000 0.10000 -4.75000"
2568,0.0000,Tx-Rx,0,-67.8492,"3.90000 1.00000 -0.80000, -4.25000 0.10000 -4.75000"
2569,0.0000,Tx-Rx,0,-70.5421,"3.90000 1.00000 -0.80000, -4.55000 0.10000 -4.75000"
2570,0.0000,Tx-Rx,0,-71.5870,"3.90000 1.00000 -0.80000, -4.85000 0.10000 -4.75000"
2571,0.0000,Tx-Rx,0,-73.8458,"3.90000 1.00000 -0.80000, -5.15000 0.10000 -4.75000"
2572,0.0000,Tx-Rx,0,-77.5703,"3.90000 1.00000 -0.80000, -5.45000 0.10000 -4.75000"
2573,0.0000,Tx-Rx,0,-80.1873,"3.90000 1.00000 -0.80000, -5.75000 0.10000 -4.75000"
2574,0.0000,Tx-Rx,0,-70.1727,"3.90000 1.00000 -0.80000, -6.05000 0.10000 -4.75000"
2575,0.0000,Tx-Rx,0,-65.6084,"3.90000 1.00000 -0.80000, -6.35000 0.10000 -4.75000"
2576,0.0000,Tx-Rx,0,-64.3975,"3.90000 1.00000 -0.80000, -6.65000 0.10000 -4.75000"
2577,0.0000,Tx-Rx,0,-63.8251,"3.90000 1.00000 -0.80000, -6.95000 0.10000 -4.75000"
2578,0.0000,Tx-Rx,0,-64.4491,"3.90000 1.00000 -0.80000, -7.25000 0.10000 -4.75000"
2579,0.0000,Tx-Rx,0,-69.4619,"3.90000 1.00000 -0.80000, -7.55000 0.10000 -4.75000"
2580,0.0000,Tx-Rx,0,-84.6293,"3.90000 1.00000 -0.80000, -7.85000 0.10000 -4.75000"
2581,0.0000,Tx-Rx,0,-80.9340,"3.90000 1.00000 -0.80000, 9.85000 0.10000 -5.05000"
2582,0.0000,Tx-Rx,0,-78.9217,"3.90000 1.00000 -0.80000, 9.55000 0.10000 -5.05000"
2583,0.0000,Tx-Rx,0,-79.3945,"3.90000 1.00000 -0.80000, 9.25000 0.10000 -5.05000"
2584,0.0000,Tx-Rx,0,-79.2065,"3.90000 1.00000 -0.80000, 8.95000 0.10000 -5.05000"
2585,0.0000,Tx-Rx,0,-80.0755,"3.90000 1.00000 -0.80000, 8.65000 0.10000 -5.05000"
2586,0.0000,Tx-Rx,0,-77.2561,"3.90000 1.00000 -0.80000, 8.35000 0.10000 -5.05000"
2587,0.0000,Tx-Rx,0,-54.4229,"3.90000 1.00000 -0.80000, 8.05000 0.10000 -5.05000"
2588,0.0000,Tx-Rx,0,-49.4097,"3.90000 1.00000 -0.80000, 7.75000 0.10000 -5.05000"
2589,0.0000,Tx-Rx,0,-49.1915,"3.90000 1.00000 -0.80000, 7.45000 0.10000 -5.05000"
2590,0.0000,Tx-Rx,0,-49.1069,"3.90000 1.00000 -0.80000, 7.15000 0.10000 -5.05000"
2591,0.0000,Tx-Rx,0,-48.9227,"3.90000 1.00000 -0.80000, 6.85000 0.10000 -5.05000"
2592,0.0000,Tx-Rx,0,-48.8011,"3.90000 1.00000 -0.80000, 6.55000 0.10000 -5.05000"
2593,0.0000,Tx-Rx,0,-48.5117,"3.90000 1.00000 -0.80000, 6.25000 0.10000 -5.05000"
2594,0.0000,Tx-Rx,0,-48.4346,"3.90000 1.00000 -0.80000, 5.95000 0.10000 -5.05000"
2595,0.0000,Tx-Rx,0,-48.2641,"3.90000 1.00000 -0.80000, 5.65000 0.10000 -5.05000"
2596,0.0000,Tx-Rx,0,-48.3602,"3.90000 1.00000 -0.80000, 5.35000 0.10000 -5.05000"
2597,0.0000,Tx-Rx,0,-48.0068,"3.90000 1.00000 -0.80000, 5.05000 0.10000 -5.05000"
2598,0.0000,Tx-Rx,0,-47.8645,"3.90000 1.00000 -0.80000, 4.75000 0.10000 -5.05000"
2599,0.0000,Tx-Rx,0,-47.8924,"3.90000 1.00000 -0.80000, 4.45000 0.10000 -5.05000"
2600,0.0000,Tx-Rx,0,-47.9107,"3.90000 1.00000 -0.80000, 4.15000 0.10000 -5.05000"
2601,0.0000,Tx-Rx,0,-47.7445,"3.90000 1.00000 -0.80000, 3.85000 0.10000 -5.05000"
2602,0.0000,Tx-Rx,0,-47.7527,"3.90000 1.00000 -0.80000, 3.55000 0.10000 -5.05000"
2603,0.0000,Tx-Rx,0,-47.8635,"3.90000 1.00000 -0.80000, 3.25000 0.10000 -5.05000"
2604,0.0000,Tx-Rx,0,-48.1392,"3.90000 1.00000 -0.80000, 2.95000 0.10000 -5.05000"
2605,0.0000,Tx-Rx,0,-48.1348,"3.90000 1.00000 -0.80000, 2.65000 0.10000 -5.05000"
2606,0.0000,Tx-Rx,0,-48.1931,"3.90000 1.00000 -0.80000, 2.35000 0.10000 -5.05000"
2607,0.0000,Tx-Rx,0,-47.9359,"3.90000 1.00000 -0.80000, 2.05000 0.10000 -5.05000"
2608,0.0000,Tx-Rx,0,-48.3949,"3.90000 1.00000 -0.80000, 1.75000 0.10000 -5.05000"
2609,0.0000,Tx-Rx,0,-48.4142,"3.90000 1.00000 -0.80000, 1.45000 0.10000 -5.05000"
2610,0.0000,Tx-Rx,0,-48.6590,"3.90000 1.00000 -0.80000, 1.15000 0.10000 -5.05000"
2611,0.0000,Tx-Rx,0,-49.1063,"3.90000 1.00000 -0.80000, 0.85000 0.10000 -5.05000"
2612,0.0000,Tx-Rx,0,-49.5679,"3.90000 1.00000 -0.80000, 0.55000 0.10000 -5.05000"
2613,0.0000,Tx-Rx,0,-49.8648,"3.90000 1.00000 -0.80000, 0.25000 0.10000 -5.05000"
2614,0.0000,Tx-Rx,0,-50.0162,"3.90000 1.00000 -0.80000, -0.05000 0.10000 -5.05000"
2615,0.0000,Tx-Rx,0,-50.5727,"3.90000 1.00000 -0.80000, -0.35000 0.10000 -5.05000"
2616,0.0000,Tx-Rx,0,-51.0110,"3.90000 1.00000 -0.80000, -0.65000 0.10000 -5.05000"
2617,0.0000,Tx-Rx,0,-54.9673,"3.90000 1.00000 -0.80000, -0.95000 0.10000 -5.05000"
2618,0.0000,Tx-Rx,0,-60.7957,"3.90000 1.00000 -0.80000, -1.25000 0.10000 -5.05000"
2619,0.0000,Tx-Rx,0,-64.8025,"3.90000 1.00000 -0.80000, -1.55000 0.10000 -5.05000"
2620,0.0000,Tx-Rx,0,-65.3117,"3.90000 1.00000 -0.80000, -1.85000 0.10000 -5.05000"
2621,0.0000,Tx-Rx,0,-66.0479,"3.90000 1.00000 -0.80000, -2.15000 0.10000 -5.05000"
2622,0.0000,Tx-Rx,0,-66.8459,"3.90000 1.00000 -0.80000, -2.45000 0.10000 -5.05000"
2623,0.0000,Tx-Rx,0,-66.0445,"3.90000 1.00000 -0.80000, -2.75000 0.10000 -5.05000"
2624,0.0000,Tx-Rx,0,-66.8543,"3.90000 1.00000 -0.80000, -3.05000 0.10000 -5.05000"
2625,0.0000,Tx-Rx,0,-63.0038,"3.90000 1.00000 -0.80000, -3.35000 0.10000 -5.05000"
2626,0.0000,Tx-Rx,0,-74.2265,"3.90000 1.00000 -0.80000, -3.65000 0.10000 -5.05000"
2627,0.0000,Tx-Rx,0,-66.1286,"3.90000 1.00000 -0.80000, -3.95000 0.10000 -5.05000"
2628,0.0000,Tx-Rx,0,-67.7321,"3.90000 1.00000 -0.80000, -4.25000 0.10000 -5.05000"
2629,0.0000,Tx-Rx,0,-70.5054,"3.90000 1.00000 -0.80000, -4.55000 0.10000 -5.05000"
2630,0.0000,Tx-Rx,0,-72.6498,"3.90000 1.00000 -0.80000, -4.85000 0.10000 -5.05000"
2631,0.0000,Tx-Rx,0,-73.2621,"3.90000 1.00000 -0.80000, -5.15000 0.10000 -5.05000"
2632,0.0000,Tx-Rx,0,-74.3983,"3.90000 1.00000 -0.80000, -5.45000 0.10000 -5.05000"
2633,0.0000,Tx-Rx,0,-71.7119,"3.90000 1.00000 -0.80000, -5.75000 0.10000 -5.05000"
2634,0.0000,Tx-Rx,0,-69.4581,"3.90000 1.00000 -0.80000, -6.05000 0.10000 -5.05000"
2635,0.0000,Tx-Rx,0,-68.0541,"3.90000 1.00000 -0.80000, -6.35000 0.10000 -5.05000"
2636,0.0000,Tx-Rx,0,-68.0286,"3.90000 1.00000 -0.80000, -6.65000 0.10000 -5.05000"
2637,0.0000,Tx-Rx,0,-65.9824,"3.90000 1.00000 -0.80000, -6.95000 0.10000 -5.05000"
2638,0.0000,Tx-Rx,0,-65.0448,"3.90000 1.00000 -0.80000, -7.25000 0.10000 -5.05000"
2639,0.0000,Tx-Rx,0,-66.2319,"3.90000 1.00000 -0.80000, -7.55000 0.10000 -5.05000"
2640,0.0000,Tx-Rx,0,-75.4542,"3.90000 1.00000 -0.80000, -7.85000 0.10000 -5.05000"
2641,0.0000,Tx-Rx,0,-79.5212,"3.90000 1.00000 -0.80000, 9.85000 0.10000 -5.35000"
2642,0.0000,Tx-Rx,0,-79.5805,"3.90000 1.00000 -0.80000, 9.55000 0.10000 -5.35000"
2643,0.0000,Tx-Rx,0,-80.3019,"3.90000 1.00000 -0.80000, 9.25000 0.10000 -5.35000"
2644,0.0000,Tx-Rx,0,-79.2831,"3.90000 1.00000 -0.80000, 8.95000 0.10000 -5.35000"
2645,0.0000,Tx-Rx,0,-79.2693,"3.90000 1.00000 -0.80000, 8.65000 0.10000 -5.35000"
2646,0.0000,Tx-Rx,0,-78.9218,"3.90000 1.00000 -0.80000, 8.35000 0.10000 -5.35000"
2647,0.0000,Tx-Rx,0,-54.3902,"3.90000 1.00000 -0.80000, 8.05000 0.10000 -5.35000"
2648,0.0000,Tx-Rx,0,-49.6365,"3.90000 1.00000 -0.80000, 7.75000 0.10000 -5.35000"
2649,0.0000,Tx-Rx,0,-49.2970,"3.90000 1.00000 -0.80000, 7.45000 0.10000 -5.35000"
2650,0.0000,Tx-Rx,0,-49.4932,"3.90000 1.00000 -0.80000, 7.15000 0.10000 -5.35000"
2651,0.0000,Tx-Rx,0,-49.2738,"3.90000 1.00000 -0.80000, 6.85000 0.10000 -5.35000"
2652,0.0000,Tx-Rx,0,-49.0798,"3.90000 1.00000 -0.80000, 6.55000 0.10000 -5.35000"
2653,0.0000,Tx-Rx,0,-48.8774,"3.90000 1.00000 -0.80000, 6.25000 0.10000 -5.35000"
2654,0.0000,Tx-Rx,0,-48.8180,"3.90000 1.00000 -0.80000, 5.95000 0.10000 -5.35000"
2655,0.0000,Tx-Rx,0,-48.7478,"3.90000 1.00000 -0.80000, 5.65000 0.10000 -5.35000"
2656,0.0000,Tx-Rx,0,-48.6460,"3.90000 1.00000 -0.80000, 5.35000 0.10000 -5.35000"
2657,0.0000,Tx-Rx,0,-48.2347,"3.90000 1.00000 -0.80000, 5.05000 0.10000 -5.35000"
2658,0.0000,Tx-Rx,0,-48.1745,"3.90000 1.00000 -0.80000, 4.75000 0.10000 -5.35000"
2659,0.0000,Tx-Rx,0,-48.7929,"3.90000 1.00000 -0.80000, 4.45000 0.10000 -5.35000"
2660,0.0000,Tx-Rx,0,-48.3214,"3.90000 1.00000 -0.80000, 4.15000 0.10000 -5.35000"
2661,0.0000,Tx-Rx,0,-48.2334,"3.90000 1.00000 -0.80000, 3.85000 0.10000 -5.35000"
2662,0.0000,Tx-Rx,0,-48.2519,"3.90000 1.00000 -0.80000, 3.55000 0.10000 -5.35000"
2663,0.0000,Tx-Rx,0,-48.1838,"3.90000 1.00000 -0.80000, 3.25000 0.10000 -5.35000"
2664,0.0000,Tx-Rx,0,-48.3595,"3.90000 1.00000 -0.80000, 2.95000 0.10000 -5.35000"
2665,0.0000,Tx-Rx,0,-48.5372,"3.90000 1.00000 -0.80000, 2.65000 0.10000 -5.35000"
2666,0.0000,Tx-Rx,0,-48.5187,"3.90000 1.00000 -0.80000, 2.35000 0.10000 -5.35000"
2667,0.0000,Tx-Rx,0,-48.0704,"3.90000 1.00000 -0.80000, 2.05000 0.10000 -5.35000"
2668,0.0000,Tx-Rx,0,-48.5920,"3.90000 1.00000 -0.80000, 1.75000 0.10000 -5.35000"
2669,0.0000,Tx-Rx,0,-48.7562,"3.90000 1.00000 -0.80000, 1.45000 0.10000 -5.35000"
2670,0.0000,Tx-Rx,0,-49.3047,"3.90000 1.00000 -0.80000, 1.15000 0.10000 -5.35000"
2671,0.0000,Tx-Rx,0,-49.6390,"3.90000 1.00000 -0.80000, 0.85000 0.10000 -5.35000"
2672,0.0000,Tx-Rx,0,-49.8351,"3.90000 1.00000 -0.80000, 0.55000 0.10000 -5.35000"
2673,0.0000,Tx-Rx,0,-50.0151,"3.90000 1.00000 -0.80000, 0.25000 0.10000 -5.35000"
2674,0.0000,Tx-Rx,0,-51.5029,"3.90000 1.00000 -0.80000, -0.05000 0.10000 -5.35000"
2675,0.0000,Tx-Rx,0,-50.9173,"3.90000 1.00000 -0.80000, -0.35000 0.10000 -5.35000"
2676,0.0000,Tx-Rx,0,-51.1060,"3.90000 1.00000 -0.80000, -0.65000 0.10000 -5.35000"
2677,0.0000,Tx-Rx,0,-51.3407,"3.90000 1.00000 -0.80000, -0.95000 0.10000 -5.35000"
2678,0.0000,Tx-Rx,0,-54.4323,"3.90000 1.00000 -0.80000, -1.25000 0.10000 -5.35000"
2679,0.0000,Tx-Rx,0,-61.0162,"3.90000 1.00000 -0.80000, -1.55000 0.10000 -5.35000"
2680,0.0000,Tx-Rx,0,-64.9682,"3.90000 1.00000 -0.80000, -1.85000 0.10000 -5.35000"
2681,0.0000,Tx-Rx,0,-64.1307,"3.90000 1.00000 -0.80000, -2.15000 0.10000 -5.35000"
2682,0.0000,Tx-Rx,0,-63.8851,"3.90000 1.00000 -0.80000, -2.45000 0.10000 -5.35000"
2683,0.0000,Tx-Rx,0,-64.6686,"3.90000 1.00000 -0.80000, -2.75000 0.10000 -5.35000"
2684,0.0000,Tx-Rx,0,-61.4302,"3.90000 1.00000 -0.80000, -3.05000 0.10000 -5.35000"
2685,0.0000,Tx-Rx,0,-65.7951,"3.90000 1.00000 -0.80000, -3.35000 0.10000 -5.35000"
2686,0.0000,Tx-Rx,0,-69.5950,"3.90000 1.00000 -0.80000, -3.65000 0.10000 -5.35000"
2687,0.0000,Tx-Rx,0,-73.8435,"3.90000 1.00000 -0.80000, -3.95000 0.10000 -5.35000"
2688,0.0000,Tx-Rx,0,-76.9439,"3.90000 1.00000 -0.80000, -4.25000 0.10000 -5.35000"
2689,0.0000,Tx-Rx,0,-74.7290,"3.90000 1.00000 -0.80000, -4.55000 0.10000 -5.35000"
2690,0.0000,Tx-Rx,0,-71.2488,"3.90000 1.00000 -0.80000, -4.85000 0.10000 -5.35000"
2691,0.0000,Tx-Rx,0,-68.4631,"3.90000 1.00000 -0.80000, -5.15000 0.10000 -5.35000"
2692,0.0000,Tx-Rx,0,-68.3173,"3.90000 1.00000 -0.80000, -5.45000 0.10000 -5.35000"
2693,0.0000,Tx-Rx,0,-70.2308,"3.90000 1.00000 -0.80000, -5.75000 0.10000 -5.35000"
2694,0.0000,Tx-Rx,0,-73.7621,"3.90000 1.00000 -0.80000, -6.05000 0.10000 -5.35000"
2695,0.0000,Tx-Rx,0,-73.0323,"3.90000 1.00000 -0.80000, -6.35000 0.10000 -5.35000"
2696,0.0000,Tx-Rx,0,-70.4134,"3.90000 1.00000 -0.80000, -6.65000 0.10000 -5.35000"
2697,0.0000,Tx-Rx,0,-71.8706,"3.90000 1.00000 -0.80000, -6.95000 0.10000 -5.35000"
2698,0.0000,Tx-Rx,0,-68.4197,"3.90000 1.00000 -0.80000, -7.25000 0.10000 -5.35000"
2699,0.0000,Tx-Rx,0,-67.4351,"3.90000 1.00000 -0.80000, -7.55000 0.10000 -5.35000"
2700,0.0000,Tx-Rx,0,-76.9037,"3.90000 1.00000 -0.80000, -7.85000 0.10000 -5.35000"
2701,0.0000,Tx-Rx,0,-80.4673,"3.90000 1.00000 -0.80000, 9.85000 0.10000 -5.65000"
2702,0.0000,Tx-Rx,0,-79.1875,"3.90000 1.00000 -0.80000, 9.55000 0.10000 -5.65000"
2703,0.0000,Tx-Rx,0,-82.0513,"3.90000 1.00000 -0.80000, 9.25000 0.10000 -5.65000"
2704,0.0000,Tx-Rx,0,-80.3745,"3.90000 1.00000 -0.80000, 8.95000 0.10000 -5.65000"
2705,0.0000,Tx-Rx,0,-79.8271,"3.90000 1.00000 -0.80000, 8.65000 0.10000 -5.65000"
2706,0.0000,Tx-Rx,0,-79.6327,"3.90000 1.00000 -0.80000, 8.35000 0.10000 -5.65000"
2707,0.0000,Tx-Rx,0,-54.6890,"3.90000 1.00000 -0.80000, 8.05000 0.10000 -5.65000"
2708,0.0000,Tx-Rx,0,-49.8507,"3.90000 1.00000 -0.80000, 7.75000 0.10000 -5.65000"
2709,0.0000,Tx-Rx,0,-49.5422,"3.90000 1.00000 -0.80000, 7.45000 0.10000 -5.65000"
2710,0.0000,Tx-Rx,0,-49.6569,"3.90000 1.00000 -0.80000, 7.15000 0.10000 -5.65000"
2711,0.0000,Tx-Rx,0,-49.5530,"3.90000 1.00000 -0.80000, 6.85000 0.10000 -5.65000"
2712,0.0000,Tx-Rx,0,-49.3843,"3.90000 1.00000 -0.80000, 6.55000 0.10000 -5.65000"
2713,0.0000,Tx-Rx,0,-49.2234,"3.90000 1.00000 -0.80000, 6.25000 0.10000 -5.65000"
2714,0.0000,Tx-Rx,0,-49.0877,"3.90000 1.00000 -0.80000, 5.95000 0.10000 -5.65000"
2715,0.0000,Tx-Rx,0,-49.1466,"3.90000 1.00000 -0.80000, 5.65000 0.10000 -5.65000"
2716,0.0000,Tx-Rx,0,-48.9569,"3.90000 1.00000 -0.80000, 5.35000 0.10000 -5.65000"
2717,0.0000,Tx-Rx,0,-48.7569,"3.90000 1.00000 -0.80000, 5.05000 0.10000 -5.65000"
2718,0.0000,Tx-Rx,0,-48.6316,"3.90000 1.00000 -0.80000, 4.75000 0.10000 -5.65000"
2719,0.0000,Tx-Rx,0,-49.3265,"3.90000 1.00000 -0.80000, 4.45000 0.10000 -5.65000"
2720,0.0000,Tx-Rx,0,-48.7268,"3.90000 1.00000 -0.80000, 4.15000 0.10000 -5.65000"
2721,0.0000,Tx-Rx,0,-48.6852,"3.90000 1.00000 -0.80000, 3.85000 0.10000 -5.65000"
2722,0.0000,Tx-Rx,0,-48.7035,"3.90000 1.00000 -0.80000, 3.55000 0.10000 -5.65000"
2723,0.0000,Tx-Rx,0,-48.9051,"3.90000 1.00000 -0.80000, 3.25000 0.10000 -5.65000"
2724,0.0000,Tx-Rx,0,-48.9899,"3.90000 1.00000 -0.80000, 2.95000 0.10000 -5.65000"
2725,0.0000,Tx-Rx,0,-48.9226,"3.90000 1.00000 -0.80000, 2.65000 0.10000 -5.65000"
2726,0.0000,Tx-Rx,0,-48.6498,"3.90000 1.00000 -0.80000, 2.35000 0.10000 -5.65000"
2727,0.0000,Tx-Rx,0,-48.3777,"3.90000 1.00000 -0.80000, 2.05000 0.10000 -5.65000"
2728,0.0000,Tx-Rx,0,-48.8646,"3.90000 1.00000 -0.80000, 1.75000 0.10000 -5.65000"
2729,0.0000,Tx-Rx,0,-49.4359,"3.90000 1.00000 -0.80000, 1.45000 0.10000 -5.65000"
2730,0.0000,Tx-Rx,0,-49.6716,"3.90000 1.00000 -0.80000, 1.15000 0.10000 -5.65000"
2731,0.0000,Tx-Rx,0,-49.8885,"3.90000 1.00000 -0.80000, 0.85000 0.10000 -5.65000"
2732,0.0000,Tx-Rx,0,-50.0438,"3.90000 1.00000 -0.80000, 0.55000 0.10000 -5.65000"
2733,0.0000,Tx-Rx,0,-49.6660,"3.90000 1.00000 -0.80000, 0.25000 0.10000 -5.65000"
2734,0.0000,Tx-Rx,0,-54.0280,"3.90000 1.00000 -0.80000, -0.05000 0.10000 -5.65000"
2735,0.0000,Tx-Rx,0,-53.7734,"3.90000 1.00000 -0.80000, -0.35000 0.10000 -5.65000"
2736,0.0000,Tx-Rx,0,-51.3836,"3.90000 1.00000 -0.80000, -0.65000 0.10000 -5.65000"
2737,0.0000,Tx-Rx,0,-51.5776,"3.90000 1.00000 -0.80000, -0.95000 0.10000 -5.65000"
2738,0.0000,Tx-Rx,0,-51.7557,"3.90000 1.00000 -0.80000, -1.25000 0.10000 -5.65000"
2739,0.0000,Tx-Rx,0,-53.9892,"3.90000 1.00000 -0.80000, -1.55000 0.10000 -5.65000"
2740,0.0000,Tx-Rx,0,-60.4182,"3.90000 1.00000 -0.80000, -1.85000 0.10000 -5.65000"
2741,0.0000,Tx-Rx,0,-64.9908,"3.90000 1.00000 -0.80000, -2.15000 0.10000 -5.65000"
2742,0.0000,Tx-Rx,0,-65.6795,"3.90000 1.00000 -0.80000, -2.45000 0.10000 -5.65000"
2743,0.0000,Tx-Rx,0,-61.5519,"3.90000 1.00000 -0.80000, -2.75000 0.10000 -5.65000"
2744,0.0000,Tx-Rx,0,-63.9562,"3.90000 1.00000 -0.80000, -3.05000 0.10000 -5.65000"
2745,0.0000,Tx-Rx,0,-65.2501,"3.90000 1.00000 -0.80000, -3.35000 0.10000 -5.65000"
2746,0.0000,Tx-Rx,0,-65.6087,"3.90000 1.00000 -0.80000, -3.65000 0.10000 -5.65000"
2747,0.0000,Tx-Rx,0,-65.5676,"3.90000 1.00000 -0.80000, -3.95000 0.10000 -5.65000"
2748,0.0000,Tx-Rx,0,-65.5643,"3.90000 1.00000 -0.80000, -4.25000 0.10000 -5.65000"
2749,0.0000,Tx-Rx,0,-66.2254,"3.90000 1.00000 -0.80000, -4.55000 0.10000 -5.65000"
2750,0.0000,Tx-Rx,0,-68.7448,"3.90000 1.00000 -0.80000, -4.85000 0.10000 -5.65000"
2751,0.0000,Tx-Rx,0,-72.8468,"3.90000 1.00000 -0.80000, -5.15000 0.10000 -5.65000"
2752,0.0000,Tx-Rx,0,-74.3787,"3.90000 1.00000 -0.80000, -5.45000 0.10000 -5.65000"
2753,0.0000,Tx-Rx,0,-71.5184,"3.90000 1.00000 -0.80000, -5.75000 0.10000 -5.65000"
2754,0.0000,Tx-Rx,0,-71.2067,"3.90000 1.00000 -0.80000, -6.05000 0.10000 -5.65000"
2755,0.0000,Tx-Rx,0,-70.8753,"3.90000 1.00000 -0.80000, -6.35000 0.10000 -5.65000"
2756,0.0000,Tx-Rx,0,-71.8981,"3.90000 1.00000 -0.80000, -6.65000 0.10000 -5.65000"
2757,0.0000,Tx-Rx,0,-72.6695,"3.90000 1.00000 -0.80000, -6.95000 0.10000 -5.65000"
2758,0.0000,Tx-Rx,0,-75.1656,"3.90000 1.00000 -0.80000, -7.25000 0.10000 -5.65000"
2759,0.0000,Tx-Rx,0,-75.9001,"3.90000 1.00000 -0.80000, -7.55000 0.10000 -5.65000"
2760,0.0000,Tx-Rx,0,-77.5210,"3.90000 1.00000 -0.80000, -7.85000 0.10000 -5.65000"
2761,0.0000,Tx-Rx,0,-82.7370,"3.90000 1.00000 -0.80000, 9.85000 0.10000 -5.95000"
2762,0.0000,Tx-Rx,0,-80.4338,"3.90000 1.00000 -0.80000, 9.55000 0.10000 -5.95000"
2763,0.0000,Tx-Rx,0,-82.2642,"3.90000 1.00000 -0.80000, 9.25000 0.10000 -5.95000"
2764,0.0000,Tx-Rx,0,-79.8880,"3.90000 1.00000 -0.80000, 8.95000 0.10000 -5.95000"
2765,0.0000,Tx-Rx,0,-80.9611,"3.90000 1.00000 -0.80000, 8.65000 0.10000 -5.95000"
2766,0.0000,Tx-Rx,0,-80.1764,"3.90000 1.00000 -0.80000, 8.35000 0.10000 -5.95000"
2767,0.0000,Tx-Rx,0,-54.9160,"3.90000 1.00000 -0.80000, 8.05000 0.10000 -5.95000"
2768,0.0000,Tx-Rx,0,-50.0225,"3.90000 1.00000 -0.80000, 7.75000 0.10000 -5.95000"
2769,0.0000,Tx-Rx,0,-49.7630,"3.90000 1.00000 -0.80000, 7.45000 0.10000 -5.95000"
2770,0.0000,Tx-Rx,0,-49.9116,"3.90000 1.00000 -0.80000, 7.15000 0.10000 -5.95000"
2771,0.0000,Tx-Rx,0,-49.8593,"3.90000 1.00000 -0.80000, 6.85000 0.10000 -5.95000"
2772,0.0000,Tx-Rx,0,-49.6388,"3.90000 1.00000 -0.80000, 6.55000 0.10000 -5.95000"
2773,0.0000,Tx-Rx,0,-49.5890,"3.90000 1.00000 -0.80000, 6.25000 0.10000 -5.95000"
2774,0.0000,Tx-Rx,0,-49.4622,"3.90000 1.00000 -0.80000, 5.95000 0.10000 -5.95000"
2775,0.0000,Tx-Rx,0,-49.4699,"3.90000 1.00000 -0.80000, 5.65000 0.10000 -5.95000"
2776,0.0000,Tx-Rx,0,-49.2164,"3.90000 1.00000 -0.80000, 5.35000 0.10000 -5.95000"
2777,0.0000,Tx-Rx,0,-49.0796,"3.90000 1.00000 -0.80000, 5.05000 0.10000 -5.95000"
2778,0.0000,Tx-Rx,0,-49.0271,"3.90000 1.00000 -0.80000, 4.75000 0.10000 -5.95000"
2779,0.0000,Tx-Rx,0,-49.6421,"3.90000 1.00000 -0.80000, 4.45000 0.10000 -5.95000"
2780,0.0000,Tx-Rx,0,-49.1786,"3.90000 1.00000 -0.80000, 4.15000 0.10000 -5.95000"
2781,0.0000,Tx-Rx,0,-49.4097,"3.90000 1.00000 -0.80000, 3.85000 0.10000 -5.95000"
2782,0.0000,Tx-Rx,0,-49.2356,"3.90000 1.00000 -0.80000, 3.55000 0.10000 -5.95000"
2783,0.0000,Tx-Rx,0,-50.2219,"3.90000 1.00000 -0.80000, 3.25000 0.10000 -5.95000"
2784,0.0000,Tx-Rx,0,-49.0939,"3.90000 1.00000 -0.80000, 2.95000 0.10000 -5.95000"
2785,0.0000,Tx-Rx,0,-49.1803,"3.90000 1.00000 -0.80000, 2.65000 0.10000 -5.95000"
2786,0.0000,Tx-Rx,0,-49.0525,"3.90000 1.00000 -0.80000, 2.35000 0.10000 -5.95000"
2787,0.0000,Tx-Rx,0,-48.7423,"3.90000 1.00000 -0.80000, 2.05000 0.10000 -5.95000"
2788,0.0000,Tx-Rx,0,-49.4514,"3.90000 1.00000 -0.80000, 1.75000 0.10000 -5.95000"
2789,0.0000,Tx-Rx,0,-49.7932,"3.90000 1.00000 -0.80000, 1.45000 0.10000 -5.95000"
2790,0.0000,Tx-Rx,0,-49.9890,"3.90000 1.00000 -0.80000, 1.15000 0.10000 -5.95000"
2791,0.0000,Tx-Rx,0,-50.1712,"3.90000 1.00000 -0.80000, 0.85000 0.10000 -5.95000"
2792,0.0000,Tx-Rx,0,-49.8997,"3.90000 1.00000 -0.80000, 0.55000 0.10000 -5.95000"
2793,0.0000,Tx-Rx,0,-49.6701,"3.90000 1.00000 -0.80000, 0.25000 0.10000 -5.95000"
2794,0.0000,Tx-Rx,0,-54.4084,"3.90000 1.00000 -0.80000, -0.05000 0.10000 -5.95000"
2795,0.0000,Tx-Rx,0,-68.1204,"3.90000 1.00000 -0.80000, -0.35000 0.10000 -5.95000"
2796,0.0000,Tx-Rx,0,-53.4536,"3.90000 1.00000 -0.80000, -0.65000 0.10000 -5.95000"
2797,0.0000,Tx-Rx,0,-51.7953,"3.90000 1.00000 -0.80000, -0.95000 0.10000 -5.95000"
2798,0.0000,Tx-Rx,0,-51.9774,"3.90000 1.00000 -0.80000, -1.25000 0.10000 -5.95000"
2799,0.0000,Tx-Rx,0,-52.2185,"3.90000 1.00000 -0.80000, -1.55000 0.10000 -5.95000"
2800,0.0000,Tx-Rx,0,-53.9031,"3.90000 1.00000 -0.80000, -1.85000 0.10000 -5.95000"
2801,0.0000,Tx-Rx,0,-60.9290,"3.90000 1.00000 -0.80000, -2.15000 0.10000 -5.95000"
2802,0.0000,Tx-Rx,0,-61.7084,"3.90000 1.00000 -0.80000, -2.45000 0.10000 -5.95000"
2803,0.0000,Tx-Rx,0,-63.5169,"3.90000 1.00000 -0.80000, -2.75000 0.10000 -5.95000"
2804,0.0000,Tx-Rx,0,-65.4514,"3.90000 1.00000 -0.80000, -3.05000 0.10000 -5.95000"
2805,0.0000,Tx-Rx,0,-64.3941,"3.90000 1.00000 -0.80000, -3.35000 0.10000 -5.95000"
2806,0.0000,Tx-Rx,0,-63.9090,"3.90000 1.00000 -0.80000, -3.65000 0.10000 -5.95000"
2807,0.0000,Tx-Rx,0,-64.4440,"3.90000 1.00000 -0.80000, -3.95000 0.10000 -5.95000"
2808,0.0000,Tx-Rx,0,-65.4518,"3.90000 1.00000 -0.80000, -4.25000 0.10000 -5.95000"
2809,0.0000,Tx-Rx,0,-66.1485,"3.90000 1.00000 -0.80000, -4.55000 0.10000 -5.95000"
2810,0.0000,Tx-Rx,0,-66.2738,"3.90000 1.00000 -0.80000, -4.85000 0.10000 -5.95000"
2811,0.0000,Tx-Rx,0,-66.6288,"3.90000 1.00000 -0.80000, -5.15000 0.10000 -5.95000"
2812,0.0000,Tx-Rx,0,-67.6914,"3.90000 1.00000 -0.80000, -5.45000 0.10000 -5.95000"
2813,0.0000,Tx-Rx,0,-68.8953,"3.90000 1.00000 -0.80000, -5.75000 0.10000 -5.95000"
2814,0.0000,Tx-Rx,0,-71.3549,"3.90000 1.00000 -0.80000, -6.05000 0.10000 -5.95000"
2815,0.0000,Tx-Rx,0,-74.2854,"3.90000 1.00000 -0.80000, -6.35000 0.10000 -5.95000"
2816,0.0000,Tx-Rx,0,-73.5604,"3.90000 1.00000 -0.80000, -6.65000 0.10000 -5.95000"
2817,0.0000,Tx-Rx,0,-73.2325,"3.90000 1.00000 -0.80000, -6.95000 0.10000 -5.95000"
2818,0.0000,Tx-Rx,0,-72.1481,"3.90000 1.00000 -0.80000, -7.25000 0.10000 -5.95000"
2819,0.0000,Tx-Rx,0,-72.7033,"3.90000 1.00000 -0.80000, -7.55000 0.10000 -5.95000"
2820,0.0000,Tx-Rx,0,-80.9157,"3.90000 1.00000 -0.80000, -7.85000 0.10000 -5.95000"
2821,0.0000,Tx-Rx,0,-81.8572,"3.90000 1.00000 -0.80000, 9.85000 0.10000 -6.25000"
2822,0.0000,Tx-Rx,0,-79.7532,"3.90000 1.00000 -0.80000, 9.55000 0.10000 -6.25000"
2823,0.0000,Tx-Rx,0,-80.0728,"3.90000 1.00000 -0.80000, 9.25000 0.10000 -6.25000"
2824,0.0000,Tx-Rx,0,-80.9837,"3.90000 1.00000 -0.80000, 8.95000 0.10000 -6.25000"
2825,0.0000,Tx-Rx,0,-80.5572,"3.90000 1.00000 -0.80000, 8.65000 0.10000 -6.25000"
2826,0.0000,Tx-Rx,0,-80.7510,"3.90000 1.00000 -0.80000, 8.35000 0.10000 -6.25000"
2827,0.0000,Tx-Rx,0,-55.0674,"3.90000 1.00000 -0.80000, 8.05000 0.10000 -6.25000"
2828,0.0000,Tx-Rx,0,-50.2280,"3.90000 1.00000 -0.80000, 7.75000 0.10000 -6.25000"
2829,0.0000,Tx-Rx,0,-49.9534,"3.90000 1.00000 -0.80000, 7.45000 0.10000 -6.25000"
2830,0.0000,Tx-Rx,0,-50.0994,"3.90000 1.00000 -0.80000, 7.15000 0.10000 -6.25000"
2831,0.0000,Tx-Rx,0,-50.0643,"3.90000 1.00000 -0.80000, 6.85000 0.10000 -6.25000"
2832,0.0000,Tx-Rx,0,-49.9900,"3.90000 1.00000 -0.80000, 6.55000 0.10000 -6.25000"
2833,0.0000,Tx-Rx,0,-49.7981,"3.90000 1.00000 -0.80000, 6.25000 0.10000 -6.25000"
2834,0.0000,Tx-Rx,0,-49.7772,"3.90000 1.00000 -0.80000, 5.95000 0.10000 -6.25000"
2835,0.0000,Tx-Rx,0,-49.7619,"3.90000 1.00000 -0.80000, 5.65000 0.10000 -6.25000"
2836,0.0000,Tx-Rx,0,-49.5890,"3.90000 1.00000 -0.80000, 5.35000 0.10000 -6.25000"
2837,0.0000,Tx-Rx,0,-49.4418,"3.90000 1.00000 -0.80000, 5.05000 0.10000 -6.25000"
2838,0.0000,Tx-Rx,0,-49.4346,"3.90000 1.00000 -0.80000, 4.75000 0.10000 -6.25000"
2839,0.0000,Tx-Rx,0,-49.9514,"3.90000 1.00000 -0.80000, 4.45000 0.10000 -6.25000"
2840,0.0000,Tx-Rx,0,-49.4730,"3.90000 1.00000 -0.80000, 4.15000 0.10000 -6.25000"
2841,0.0000,Tx-Rx,0,-50.5711,"3.90000 1.00000 -0.80000, 3.85000 0.10000 -6.25000"
2842,0.0000,Tx-Rx,0,-49.5487,"3.90000 1.00000 -0.80000, 3.55000 0.10000 -6.25000"
2843,0.0000,Tx-Rx,0,-50.2790,"3.90000 1.00000 -0.80000, 3.25000 0.10000 -6.25000"
2844,0.0000,Tx-Rx,0,-49.3719,"3.90000 1.00000 -0.80000, 2.95000 0.10000 -6.25000"
2845,0.0000,Tx-Rx,0,-49.4775,"3.90000 1.00000 -0.80000, 2.65000 0.10000 -6.25000"
2846,0.0000,Tx-Rx,0,-49.4674,"3.90000 1.00000 -0.80000, 2.35000 0.10000 -6.25000"
2847,0.0000,Tx-Rx,0,-49.4686,"3.90000 1.00000 -0.80000, 2.05000 0.10000 -6.25000"
2848,0.0000,Tx-Rx,0,-49.7388,"3.90000 1.00000 -0.80000, 1.75000 0.10000 -6.25000"
2849,0.0000,Tx-Rx,0,-50.0652,"3.90000 1.00000 -0.80000, 1.45000 0.10000 -6.25000"
2850,0.0000,Tx-Rx,0,-50.1991,"3.90000 1.00000 -0.80000, 1.15000 0.10000 -6.25000"
2851,0.0000,Tx-Rx,0,-50.0250,"3.90000 1.00000 -0.80000, 0.85000 0.10000 -6.25000"
2852,0.0000,Tx-Rx,0,-49.8205,"3.90000 1.00000 -0.80000, 0.55000 0.10000 -6.25000"
2853,0.0000,Tx-Rx,0,-49.7922,"3.90000 1.00000 -0.80000, 0.25000 0.10000 -6.25000"
2854,0.0000,Tx-Rx,0,-54.5274,"3.90000 1.00000 -0.80000, -0.05000 0.10000 -6.25000"
2855,0.0000,Tx-Rx,0,-68.0664,"3.90000 1.00000 -0.80000, -0.35000 0.10000 -6.25000"
2856,0.0000,Tx-Rx,0,-64.3741,"3.90000 1.00000 -0.80000, -0.65000 0.10000 -6.25000"
2857,0.0000,Tx-Rx,0,-53.3429,"3.90000 1.00000 -0.80000, -0.95000 0.10000 -6.25000"
2858,0.0000,Tx-Rx,0,-52.1687,"3.90000 1.00000 -0.80000, -1.25000 0.10000 -6.25000"
2859,0.0000,Tx-Rx,0,-52.3468,"3.90000 1.00000 -0.80000, -1.55000 0.10000 -6.25000"
2860,0.0000,Tx-Rx,0,-52.6031,"3.90000 1.00000 -0.80000, -1.85000 0.10000 -6.25000"
2861,0.0000,Tx-Rx,0,-53.4735,"3.90000 1.00000 -0.80000, -2.15000 0.10000 -6.25000"
2862,0.0000,Tx-Rx,0,-60.1777,"3.90000 1.00000 -0.80000, -2.45000 0.10000 -6.25000"
2863,0.0000,Tx-Rx,0,-68.8561,"3.90000 1.00000 -0.80000, -2.75000 0.10000 -6.25000"
2864,0.0000,Tx-Rx,0,-67.2316,"3.90000 1.00000 -0.80000, -3.05000 0.10000 -6.25000"
2865,0.0000,Tx-Rx,0,-66.9320,"3.90000 1.00000 -0.80000, -3.35000 0.10000 -6.25000"
2866,0.0000,Tx-Rx,0,-66.3341,"3.90000 1.00000 -0.80000, -3.65000 0.10000 -6.25000"
2867,0.0000,Tx-Rx,0,-65.7849,"3.90000 1.00000 -0.80000, -3.95000 0.10000 -6.25000"
2868,0.0000,Tx-Rx,0,-64.8649,"3.90000 1.00000 -0.80000, -4.25000 0.10000 -6.25000"
2869,0.0000,Tx-Rx,0,-65.4351,"3.90000 1.00000 -0.80000, -4.55000 0.10000 -6.25000"
2870,0.0000,Tx-Rx,0,-65.2515,"3.90000 1.00000 -0.80000, -4.85000 0.10000 -6.25000"
2871,0.0000,Tx-Rx,0,-65.4375,"3.90000 1.00000 -0.80000, -5.15000 0.10000 -6.25000"
2872,0.0000,Tx-Rx,0,-65.7803,"3.90000 1.00000 -0.80000, -5.45000 0.10000 -6.25000"
2873,0.0000,Tx-Rx,0,-66.0124,"3.90000 1.00000 -0.80000, -5.75000 0.10000 -6.25000"
2874,0.0000,Tx-Rx,0,-66.2311,"3.90000 1.00000 -0.80000, -6.05000 0.10000 -6.25000"
2875,0.0000,Tx-Rx,0,-67.5312,"3.90000 1.00000 -0.80000, -6.35000 0.10000 -6.25000"
2876,0.0000,Tx-Rx,0,-69.5278,"3.90000 1.00000 -0.80000, -6.65000 0.10000 -6.25000"
2877,0.0000,Tx-Rx,0,-71.8794,"3.90000 1.00000 -0.80000, -6.95000 0.10000 -6.25000"
2878,0.0000,Tx-Rx,0,-73.0883,"3.90000 1.00000 -0.80000, -7.25000 0.10000 -6.25000"
2879,0.0000,Tx-Rx,0,-80.5044,"3.90000 1.00000 -0.80000, -7.55000 0.10000 -6.25000"
2880,0.0000,Tx-Rx,0,-84.7353,"3.90000 1.00000 -0.80000, -7.85000 0.10000 -6.25000"
2881,0.0000,Tx-Rx,0,-81.5044,"3.90000 1.00000 -0.80000, 9.85000 0.10000 -6.55000"
2882,0.0000,Tx-Rx,0,-81.0050,"3.90000 1.00000 -0.80000, 9.55000 0.10000 -6.55000"
2883,0.0000,Tx-Rx,0,-80.9408,"3.90000 1.00000 -0.80000, 9.25000 0.10000 -6.55000"
2884,0.0000,Tx-Rx,0,-81.3509,"3.90000 1.00000 -0.80000, 8.95000 0.10000 -6.55000"
2885,0.0000,Tx-Rx,0,-80.0415,"3.90000 1.00000 -0.80000, 8.65000 0.10000 -6.55000"
2886,0.0000,Tx-Rx,0,-81.2948,"3.90000 1.00000 -0.80000, 8.35000 0.10000 -6.55000"
2887,0.0000,Tx-Rx,0,-55.2296,"3.90000 1.00000 -0.80000, 8.05000 0.10000 -6.55000"
2888,0.0000,Tx-Rx,0,-50.3636,"3.90000 1.00000 -0.80000, 7.75000 0.10000 -6.55000"
2889,0.0000,Tx-Rx,0,-50.1459,"3.90000 1.00000 -0.80000, 7.45000 0.10000 -6.55000"
2890,0.0000,Tx-Rx,0,-50.3560,"3.90000 1.00000 -0.80000, 7.15000 0.10000 -6.55000"
2891,0.0000,Tx-Rx,0,-50.3121,"3.90000 1.00000 -0.80000, 6.85000 0.10000 -6.55000"
2892,0.0000,Tx-Rx,0,-50.2041,"3.90000 1.00000 -0.80000, 6.55000 0.10000 -6.55000"
2893,0.0000,Tx-Rx,0,-50.0345,"3.90000 1.00000 -0.80000, 6.25000 0.10000 -6.55000"
2894,0.0000,Tx-Rx,0,-50.1430,"3.90000 1.00000 -0.80000, 5.95000 0.10000 -6.55000"
2895,0.0000,Tx-Rx,0,-49.9614,"3.90000 1.00000 -0.80000, 5.65000 0.10000 -6.55000"
2896,0.0000,Tx-Rx,0,-49.8773,"3.90000 1.00000 -0.80000, 5.35000 0.10000 -6.55000"
2897,0.0000,Tx-Rx,0,-49.8499,"3.90000 1.00000 -0.80000, 5.05000 0.10000 -6.55000"
2898,0.0000,Tx-Rx,0,-49.7960,"3.90000 1.00000 -0.80000, 4.75000 0.10000 -6.55000"
2899,0.0000,Tx-Rx,0,-50.2081,"3.90000 1.00000 -0.80000, 4.45000 0.10000 -6.55000"
2900,0.0000,Tx-Rx,0,-50.4479,"3.90000 1.00000 -0.80000, 4.15000 0.10000 -6.55000"
2901,0.0000,Tx-Rx,0,-51.2772,"3.90000 1.00000 -0.80000, 3.85000 0.10000 -6.55000"
2902,0.0000,Tx-Rx,0,-49.5285,"3.90000 1.00000 -0.80000, 3.55000 0.10000 -6.55000"
2903,0.0000,Tx-Rx,0,-50.6062,"3.90000 1.00000 -0.80000, 3.25000 0.10000 -6.55000"
2904,0.0000,Tx-Rx,0,-49.8673,"3.90000 1.00000 -0.80000, 2.95000 0.10000 -6.55000"
2905,0.0000,Tx-Rx,0,-49.9463,"3.90000 1.00000 -0.80000, 2.65000 0.10000 -6.55000"
2906,0.0000,Tx-Rx,0,-50.2301,"3.90000 1.00000 -0.80000, 2.35000 0.10000 -6.55000"
2907,0.0000,Tx-Rx,0,-50.1021,"3.90000 1.00000 -0.80000, 2.05000 0.10000 -6.55000"
2908,0.0000,Tx-Rx,0,-50.0013,"3.90000 1.00000 -0.80000, 1.75000 0.10000 -6.55000"
2909,0.0000,Tx-Rx,0,-50.4057,"3.90000 1.00000 -0.80000, 1.45000 0.10000 -6.55000"
2910,0.0000,Tx-Rx,0,-50.2403,"3.90000 1.00000 -0.80000, 1.15000 0.10000 -6.55000"
2911,0.0000,Tx-Rx,0,-49.9520,"3.90000 1.00000 -0.80000, 0.85000 0.10000 -6.55000"
2912,0.0000,Tx-Rx,0,-49.9507,"3.90000 1.00000 -0.80000, 0.55000 0.10000 -6.55000"
2913,0.0000,Tx-Rx,0,-49.9966,"3.90000 1.00000 -0.80000, 0.25000 0.10000 -6.55000"
2914,0.0000,Tx-Rx,0,-54.6714,"3.90000 1.00000 -0.80000, -0.05000 0.10000 -6.55000"
2915,0.0000,Tx-Rx,0,-68.1671,"3.90000 1.00000 -0.80000, -0.35000 0.10000 -6.55000"
2916,0.0000,Tx-Rx,0,-74.7934,"3.90000 1.00000 -0.80000, -0.65000 0.10000 -6.55000"
2917,0.0000,Tx-Rx,0,-63.7528,"3.90000 1.00000 -0.80000, -0.95000 0.10000 -6.55000"
2918,0.0000,Tx-Rx,0,-53.3797,"3.90000 1.00000 -0.80000, -1.25000 0.10000 -6.55000"
2919,0.0000,Tx-Rx,0,-52.4676,"3.90000 1.00000 -0.80000, -1.55000 0.10000 -6.55000"
2920,0.0000,Tx-Rx,0,-52.4721,"3.90000 1.00000 -0.80000, -1.85000 0.10000 -6.55000"
2921,0.0000,Tx-Rx,0,-51.6551,"3.90000 1.00000 -0.80000, -2.15000 0.10000 -6.55000"
2922,0.0000,Tx-Rx,0,-54.5479,"3.90000 1.00000 -0.80000, -2.45000 0.10000 -6.55000"
2923,0.0000,Tx-Rx,0,-120.0000,"3.90000 1.00000 -0.80000, -2.75000 0.10000 -6.55000"
2924,0.0000,Tx-Rx,0,-120.0000,"3.90000 1.00000 -0.80000, -3.05000 0.10000 -6.55000"
2925,0.0000,Tx-Rx,0,-91.7970,"3.90000 1.00000 -0.80000, -3.35000 0.10000 -6.55000"
2926,0.0000,Tx-Rx,0,-85.0326,"3.90000 1.00000 -0.80000, -3.65000 0.10000 -6.55000"
2927,0.0000,Tx-Rx,0,-75.0402,"3.90000 1.00000 -0.80000, -3.95000 0.10000 -6.55000"
2928,0.0000,Tx-Rx,0,-73.7130,"3.90000 1.00000 -0.80000, -4.25000 0.10000 -6.55000"
2929,0.0000,Tx-Rx,0,-73.6303,"3.90000 1.00000 -0.80000, -4.55000 0.10000 -6.55000"
2930,0.0000,Tx-Rx,0,-73.9265,"3.90000 1.00000 -0.80000, -4.85000 0.10000 -6.55000"
2931,0.0000,Tx-Rx,0,-74.1127,"3.90000 1.00000 -0.80000, -5.15000 0.10000 -6.55000"
2932,0.0000,Tx-Rx,0,-73.9969,"3.90000 1.00000 -0.80000, -5.45000 0.10000 -6.55000"
2933,0.0000,Tx-Rx,0,-74.5307,"3.90000 1.00000 -0.80000, -5.75000 0.10000 -6.55000"
2934,0.0000,Tx-Rx,0,-74.1319,"3.90000 1.00000 -0.80000, -6.05000 0.10000 -6.55000"
2935,0.0000,Tx-Rx,0,-74.8035,"3.90000 1.00000 -0.80000, -6.35000 0.10000 -6.55000"
2936,0.0000,Tx-Rx,0,-74.8504,"3.90000 1.00000 -0.80000, -6.65000 0.10000 -6.55000"
2937,0.0000,Tx-Rx,0,-77.2934,"3.90000 1.00000 -0.80000, -6.95000 0.10000 -6.55000"
2938,0.0000,Tx-Rx,0,-83.1976,"3.90000 1.00000 -0.80000, -7.25000 0.10000 -6.55000"
2939,0.0000,Tx-Rx,0,-83.7647,"3.90000 1.00000 -0.80000, -7.55000 0.10000 -6.55000"
2940,0.0000,Tx-Rx,0,-84.3872,"3.90000 1.00000 -0.80000, -7.85000 0.10000 -6.55000"
2941,0.0000,Tx-Rx,0,-82.8614,"3.90000 1.00000 -0.80000, 9.85000 0.10000 -6.85000"
2942,0.0000,Tx-Rx,0,-82.6437,"3.90000 1.00000 -0.80000, 9.55000 0.10000 -6.85000"
2943,0.0000,Tx-Rx,0,-81.5671,"3.90000 1.00000 -0.80000, 9.25000 0.10000 -6.85000"
2944,0.0000,Tx-Rx,0,-81.9524,"3.90000 1.00000 -0.80000, 8.95000 0.10000 -6.85000"
2945,0.0000,Tx-Rx,0,-82.2432,"3.90000 1.00000 -0.80000, 8.65000 0.10000 -6.85000"
2946,0.0000,Tx-Rx,0,-81.1541,"3.90000 1.00000 -0.80000, 8.35000 0.10000 -6.85000"
2947,0.0000,Tx-Rx,0,-55.3403,"3.90000 1.00000 -0.80000, 8.05000 0.10000 -6.85000"
2948,0.0000,Tx-Rx,0,-50.5189,"3.90000 1.00000 -0.80000, 7.75000 0.10000 -6.85000"
2949,0.0000,Tx-Rx,0,-50.3058,"3.90000 1.00000 -0.80000, 7.45000 0.10000 -6.85000"
2950,0.0000,Tx-Rx,0,-50.5926,"3.90000 1.00000 -0.80000, 7.15000 0.10000 -6.85000"
2951,0.0000,Tx-Rx,0,-50.4738,"3.90000 1.00000 -0.80000, 6.85000 0.10000 -6.85000"
2952,0.0000,Tx-Rx,0,-50.3958,"3.90000 1.00000 -0.80000, 6.55000 0.10000 -6.85000"
2953,0.0000,Tx-Rx,0,-50.2386,"3.90000 1.00000 -0.80000, 6.25000 0.10000 -6.85000"
2954,0.0000,Tx-Rx,0,-50.3591,"3.90000 1.00000 -0.80000, 5.95000 0.10000 -6.85000"
2955,0.0000,Tx-Rx,0,-50.1688,"3.90000 1.00000 -0.80000, 5.65000 0.10000 -6.85000"
2956,0.0000,Tx-Rx,0,-50.2371,"3.90000 1.00000 -0.80000, 5.35000 0.10000 -6.85000"
2957,0.0000,Tx-Rx,0,-49.9742,"3.90000 1.00000 -0.80000, 5.05000 0.10000 -6.85000"
2958,0.0000,Tx-Rx,0,-50.1493,"3.90000 1.00000 -0.80000, 4.75000 0.10000 -6.85000"
2959,0.0000,Tx-Rx,0,-50.0610,"3.90000 1.00000 -0.80000, 4.45000 0.10000 -6.85000"
2960,0.0000,Tx-Rx,0,-50.8140,"3.90000 1.00000 -0.80000, 4.15000 0.10000 -6.85000"
2961,0.0000,Tx-Rx,0,-51.0838,"3.90000 1.00000 -0.80000, 3.85000 0.10000 -6.85000"
2962,0.0000,Tx-Rx,0,-49.7911,"3.90000 1.00000 -0.80000, 3.55000 0.10000 -6.85000"
2963,0.0000,Tx-Rx,0,-50.8654,"3.90000 1.00000 -0.80000, 3.25000 0.10000 -6.85000"
2964,0.0000,Tx-Rx,0,-50.1617,"3.90000 1.00000 -0.80000, 2.95000 0.10000 -6.85000"
2965,0.0000,Tx-Rx,0,-50.3779,"3.90000 1.00000 -0.80000, 2.65000 0.10000 -6.85000"
2966,0.0000,Tx-Rx,0,-50.5030,"3.90000 1.00000 -0.80000, 2.35000 0.10000 -6.85000"
2967,0.0000,Tx-Rx,0,-50.5370,"3.90000 1.00000 -0.80000, 2.05000 0.10000 -6.85000"
2968,0.0000,Tx-Rx,0,-50.4432,"3.90000 1.00000 -0.80000, 1.75000 0.10000 -6.85000"
2969,0.0000,Tx-Rx,0,-50.3888,"3.90000 1.00000 -0.80000, 1.45000 0.10000 -6.85000"
2970,0.0000,Tx-Rx,0,-50.0943,"3.90000 1.00000 -0.80000, 1.15000 0.10000 -6.85000"
2971,0.0000,Tx-Rx,0,-50.1224,"3.90000 1.00000 -0.80000, 0.85000 0.10000 -6.85000"
2972,0.0000,Tx-Rx,0,-50.1296,"3.90000 1.00000 -0.80000, 0.55000 0.10000 -6.85000"
2973,0.0000,Tx-Rx,0,-50.1411,"3.90000 1.00000 -0.80000, 0.25000 0.10000 -6.85000"
2974,0.0000,Tx-Rx,0,-54.9459,"3.90000 1.00000 -0.80000, -0.05000 0.10000 -6.85000"
2975,0.0000,Tx-Rx,0,-68.8944,"3.90000 1.00000 -0.80000, -0.35000 0.10000 -6.85000"
2976,0.0000,Tx-Rx,0,-73.5370,"3.90000 1.00000 -0.80000, -0.65000 0.10000 -6.85000"
2977,0.0000,Tx-Rx,0,-71.7547,"3.90000 1.00000 -0.80000, -0.95000 0.10000 -6.85000"
2978,0.0000,Tx-Rx,0,-61.7897,"3.90000 1.00000 -0.80000, -1.25000 0.10000 -6.85000"
2979,0.0000,Tx-Rx,0,-53.3162,"3.90000 1.00000 -0.80000, -1.55000 0.10000 -6.85000"
2980,0.0000,Tx-Rx,0,-51.3799,"3.90000 1.00000 -0.80000, -1.85000 0.10000 -6.85000"
2981,0.0000,Tx-Rx,0,-50.2424,"3.90000 1.00000 -0.80000, -2.15000 0.10000 -6.85000"
2982,0.0000,Tx-Rx,0,-54.2836,"3.90000 1.00000 -0.80000, -2.45000 0.10000 -6.85000"
2983,0.0000,Tx-Rx,0,-120.0000,"3.90000 1.00000 -0.80000, -2.75000 0.10000 -6.85000"
2984,0.0000,Tx-Rx,0,-120.0000,"3.90000 1.00000 -0.80000, -3.05000 0.10000 -6.85000"
2985,0.0000,Tx-Rx,0,-93.2505,"3.90000 1.00000 -0.80000, -3.35000 0.10000 -6.85000"
2986,0.0000,Tx-Rx,0,-92.2995,"3.90000 1.00000 -0.80000, -3.65000 0.10000 -6.85000"
2987,0.0000,Tx-Rx,0,-90.0018,"3.90000 1.00000 -0.80000, -3.95000 0.10000 -6.85000"
2988,0.0000,Tx-Rx,0,-87.5193,"3.90000 1.00000 -0.80000, -4.25000 0.10000 -6.85000"
2989,0.0000,Tx-Rx,0,-84.8610,"3.90000 1.00000 -0.80000, -4.55000 0.10000 -6.85000"
2990,0.0000,Tx-Rx,0,-82.1016,"3.90000 1.00000 -0.80000, -4.85000 0.10000 -6.85000"
2991,0.0000,Tx-Rx,0,-81.3094,"3.90000 1.00000 -0.80000, -5.15000 0.10000 -6.85000"
2992,0.0000,Tx-Rx,0,-79.5661,"3.90000 1.00000 -0.80000, -5.45000 0.10000 -6.85000"
2993,0.0000,Tx-Rx,0,-79.4808,"3.90000 1.00000 -0.80000, -5.75000 0.10000 -6.85000"
2994,0.0000,Tx-Rx,0,-79.1931,"3.90000 1.00000 -0.80000, -6.05000 0.10000 -6.85000"
2995,0.0000,Tx-Rx,0,-79.8289,"3.90000 1.00000 -0.80000, -6.35000 0.10000 -6.85000"
2996,0.0000,Tx-Rx,0,-80.4846,"3.90000 1.00000 -0.80000, -6.65000 0.10000 -6.85000"
2997,0.0000,Tx-Rx,0,-81.6425,"3.90000 1.00000 -0.80000, -6.95000 0.10000 -6.85000"
2998,0.0000,Tx-Rx,0,-80.8122,"3.90000 1.00000 -0.80000, -7.25000 0.10000 -6.85000"
2999,0.0000,Tx-Rx,0,-80.4022,"3.90000 1.00000 -0.80000, -7.55000 0.10000 -6.85000"
3000,0.0000,Tx-Rx,0,-81.1734,"3.90000 1.00000 -0.80000, -7.85000 0.10000 -6.85000"
