Rx_Number,Path_Power_dBm,Interaction_Description,Total_Interactions_for_Path,RSS_dBm,Interaction_Coordinates
1,0.0000,Tx-Rx,0,-89.7901,"-3.90000 0.80000 1.00000, -9.85000 -7.85000 0.10000"
2,0.0000,Tx-Rx,0,-92.2650,"-3.90000 0.80000 1.00000, -9.55000 -7.85000 0.10000"
3,0.0000,Tx-Rx,0,-87.5162,"-3.90000 0.80000 1.00000, -9.25000 -7.85000 0.10000"
4,0.0000,Tx-Rx,0,-87.0312,"-3.90000 0.80000 1.00000, -8.95000 -7.85000 0.10000"
5,0.0000,Tx-Rx,0,-82.6028,"-3.90000 0.80000 1.00000, -8.65000 -7.85000 0.10000"
6,0.0000,Tx-Rx,0,-88.3339,"-3.90000 0.80000 1.00000, -8.35000 -7.85000 0.10000"
7,0.0000,Tx-Rx,0,-71.5413,"-3.90000 0.80000 1.00000, -8.05000 -7.85000 0.10000"
8,0.0000,Tx-Rx,0,-63.7716,"-3.90000 0.80000 1.00000, -7.75000 -7.85000 0.10000"
9,0.0000,Tx-Rx,0,-65.8786,"-3.90000 0.80000 1.00000, -7.45000 -7.85000 0.10000"
10,0.0000,Tx-Rx,0,-63.3097,"-3.90000 0.80000 1.00000, -7.15000 -7.85000 0.10000"
11,0.0000,Tx-Rx,0,-65.1620,"-3.90000 0.80000 1.00000, -6.85000 -7.85000 0.10000"
12,0.0000,Tx-Rx,0,-61.4261,"-3.90000 0.80000 1.00000, -6.55000 -7.85000 0.10000"
13,0.0000,Tx-Rx,0,-58.4128,"-3.90000 0.80000 1.00000, -6.25000 -7.85000 0.10000"
14,0.0000,Tx-Rx,0,-55.2768,"-3.90000 0.80000 1.00000, -5.95000 -7.85000 0.10000"
15,0.0000,Tx-Rx,0,-55.0071,"-3.90000 0.80000 1.00000, -5.65000 -7.85000 0.10000"
16,0.0000,Tx-Rx,0,-53.7574,"-3.90000 0.80000 1.00000, -5.35000 -7.85000 0.10000"
17,0.0000,Tx-Rx,0,-54.4647,"-3.90000 0.80000 1.00000, -5.05000 -7.85000 0.10000"
18,0.0000,Tx-Rx,0,-53.4615,"-3.90000 0.80000 1.00000, -4.75000 -7.85000 0.10000"
19,0.0000,Tx-Rx,0,-53.1411,"-3.90000 0.80000 1.00000, -4.45000 -7.85000 0.10000"
20,0.0000,Tx-Rx,0,-52.9590,"-3.90000 0.80000 1.00000, -4.15000 -7.85000 0.10000"
21,0.0000,Tx-Rx,0,-52.7677,"-3.90000 0.80000 1.00000, -3.85000 -7.85000 0.10000"
22,0.0000,Tx-Rx,0,-52.9948,"-3.90000 0.80000 1.00000, -3.55000 -7.85000 0.10000"
23,0.0000,Tx-Rx,0,-53.4568,"-3.90000 0.80000 1.00000, -3.25000 -7.85000 0.10000"
24,0.0000,Tx-Rx,0,-53.5154,"-3.90000 0.80000 1.00000, -2.95000 -7.85000 0.10000"
25,0.0000,Tx-Rx,0,-53.7937,"-3.90000 0.80000 1.00000, -2.65000 -7.85000 0.10000"
26,0.0000,Tx-Rx,0,-54.0562,"-3.90000 0.80000 1.00000, -2.35000 -7.85000 0.10000"
27,0.0000,Tx-Rx,0,-54.0757,"-3.90000 0.80000 1.00000, -2.05000 -7.85000 0.10000"
28,0.0000,Tx-Rx,0,-54.1088,"-3.90000 0.80000 1.00000, -1.75000 -7.85000 0.10000"
29,0.0000,Tx-Rx,0,-54.1176,"-3.90000 0.80000 1.00000, -1.45000 -7.85000 0.10000"
30,0.0000,Tx-Rx,0,-53.2880,"-3.90000 0.80000 1.00000, -1.15000 -7.85000 0.10000"
31,0.0000,Tx-Rx,0,-52.9357,"-3.90000 0.80000 1.00000, -0.85000 -7.85000 0.10000"
32,0.0000,Tx-Rx,0,-52.1894,"-3.90000 0.80000 1.00000, -0.55000 -7.85000 0.10000"
33,0.0000,Tx-Rx,0,-52.0203,"-3.90000 0.80000 1.00000, -0.25000 -7.85000 0.10000"
34,0.0000,Tx-Rx,0,-56.8770,"-3.90000 0.80000 1.00000, 0.05000 -7.85000 0.10000"
35,0.0000,Tx-Rx,0,-71.2769,"-3.90000 0.80000 1.00000, 0.35000 -7.85000 0.10000"
36,0.0000,Tx-Rx,0,-73.2053,"-3.90000 0.80000 1.00000, 0.65000 -7.85000 0.10000"
37,0.0000,Tx-Rx,0,-76.9242,"-3.90000 0.80000 1.00000, 0.95000 -7.85000 0.10000"
38,0.0000,Tx-Rx,0,-72.2135,"-3.90000 0.80000 1.00000, 1.25000 -7.85000 0.10000"
39,0.0000,Tx-Rx,0,-77.6151,"-3.90000 0.80000 1.00000, 1.55000 -7.85000 0.10000"
40,0.0000,Tx-Rx,0,-82.5980,"-3.90000 0.80000 1.00000, 1.85000 -7.85000 0.10000"
41,0.0000,Tx-Rx,0,-78.6547,"-3.90000 0.80000 1.00000, 2.15000 -7.85000 0.10000"
42,0.0000,Tx-Rx,0,-71.5955,"-3.90000 0.80000 1.00000, 2.45000 -7.85000 0.10000"
43,0.0000,Tx-Rx,0,-88.8987,"-3.90000 0.80000 1.00000, 2.75000 -7.85000 0.10000"
44,0.0000,Tx-Rx,0,-120.0000,"-3.90000 0.80000 1.00000, 3.05000 -7.85000 0.10000"
45,0.0000,Tx-Rx,0,-120.0000,"-3.90000 0.80000 1.00000, 3.35000 -7.85000 0.10000"
46,0.0000,Tx-Rx,0,-101.0244,"-3.90000 0.80000 1.00000, 3.65000 -7.85000 0.10000"
47,0.0000,Tx-Rx,0,-73.3186,"-3.90000 0.80000 1.00000, 3.95000 -7.85000 0.10000"
48,0.0000,Tx-Rx,0,-71.5740,"-3.90000 0.80000 1.00000, 4.25000 -7.85000 0.10000"
49,0.0000,Tx-Rx,0,-82.5205,"-3.90000 0.80000 1.00000, 4.55000 -7.85000 0.10000"
50,0.0000,Tx-Rx,0,-94.3232,"-3.90000 0.80000 1.00000, 4.85000 -7.85000 0.10000"
51,0.0000,Tx-Rx,0,-100.0286,"-3.90000 0.80000 1.00000, 5.15000 -7.85000 0.10000"
52,0.0000,Tx-Rx,0,-97.9284,"-3.90000 0.80000 1.00000, 5.45000 -7.85000 0.10000"
53,0.0000,Tx-Rx,0,-82.8735,"-3.90000 0.80000 1.00000, 5.75000 -7.85000 0.10000"
54,0.0000,Tx-Rx,0,-91.6775,"-3.90000 0.80000 1.00000, 6.05000 -7.85000 0.10000"
55,0.0000,Tx-Rx,0,-101.4772,"-3.90000 0.80000 1.00000, 6.35000 -7.85000 0.10000"
56,0.0000,Tx-Rx,0,-108.2514,"-3.90000 0.80000 1.00000, 6.65000 -7.85000 0.10000"
57,0.0000,Tx-Rx,0,-108.9604,"-3.90000 0.80000 1.00000, 6.95000 -7.85000 0.10000"
58,0.0000,Tx-Rx,0,-100.3233,"-3.90000 0.80000 1.00000, 7.25000 -7.85000 0.10000"
59,0.0000,Tx-Rx,0,-92.9838,"-3.90000 0.80000 1.00000, 7.55000 -7.85000 0.10000"
60,0.0000,Tx-Rx,0,-84.8162,"-3.90000 0.80000 1.00000, 7.85000 -7.85000 0.10000"
61,0.0000,Tx-Rx,0,-91.4193,"-3.90000 0.80000 1.00000, -9.85000 -7.55000 0.10000"
62,0.0000,Tx-Rx,0,-91.8122,"-3.90000 0.80000 1.00000, -9.55000 -7.55000 0.10000"
63,0.0000,Tx-Rx,0,-89.9523,"-3.90000 0.80000 1.00000, -9.25000 -7.55000 0.10000"
64,0.0000,Tx-Rx,0,-87.7294,"-3.90000 0.80000 1.00000, -8.95000 -7.55000 0.10000"
65,0.0000,Tx-Rx,0,-86.4225,"-3.90000 0.80000 1.00000, -8.65000 -7.55000 0.10000"
66,0.0000,Tx-Rx,0,-83.6946,"-3.90000 0.80000 1.00000, -8.35000 -7.55000 0.10000"
67,0.0000,Tx-Rx,0,-65.6982,"-3.90000 0.80000 1.00000, -8.05000 -7.55000 0.10000"
68,0.0000,Tx-Rx,0,-60.5137,"-3.90000 0.80000 1.00000, -7.75000 -7.55000 0.10000"
69,0.0000,Tx-Rx,0,-63.4026,"-3.90000 0.80000 1.00000, -7.45000 -7.55000 0.10000"
70,0.0000,Tx-Rx,0,-60.5686,"-3.90000 0.80000 1.00000, -7.15000 -7.55000 0.10000"
71,0.0000,Tx-Rx,0,-63.1923,"-3.90000 0.80000 1.00000, -6.85000 -7.55000 0.10000"
72,0.0000,Tx-Rx,0,-58.4480,"-3.90000 0.80000 1.00000, -6.55000 -7.55000 0.10000"
73,0.0000,Tx-Rx,0,-56.1541,"-3.90000 0.80000 1.00000, -6.25000 -7.55000 0.10000"
74,0.0000,Tx-Rx,0,-54.6268,"-3.90000 0.80000 1.00000, -5.95000 -7.55000 0.10000"
75,0.0000,Tx-Rx,0,-54.1239,"-3.90000 0.80000 1.00000, -5.65000 -7.55000 0.10000"
76,0.0000,Tx-Rx,0,-53.6437,"-3.90000 0.80000 1.00000, -5.35000 -7.55000 0.10000"
77,0.0000,Tx-Rx,0,-53.7091,"-3.90000 0.80000 1.00000, -5.05000 -7.55000 0.10000"
78,0.0000,Tx-Rx,0,-53.0916,"-3.90000 0.80000 1.00000, -4.75000 -7.55000 0.10000"
79,0.0000,Tx-Rx,0,-52.9166,"-3.90000 0.80000 1.00000, -4.45000 -7.55000 0.10000"
80,0.0000,Tx-Rx,0,-52.6000,"-3.90000 0.80000 1.00000, -4.15000 -7.55000 0.10000"
81,0.0000,Tx-Rx,0,-52.6834,"-3.90000 0.80000 1.00000, -3.85000 -7.55000 0.10000"
82,0.0000,Tx-Rx,0,-52.6649,"-3.90000 0.80000 1.00000, -3.55000 -7.55000 0.10000"
83,0.0000,Tx-Rx,0,-52.9687,"-3.90000 0.80000 1.00000, -3.25000 -7.55000 0.10000"
84,0.0000,Tx-Rx,0,-53.5807,"-3.90000 0.80000 1.00000, -2.95000 -7.55000 0.10000"
85,0.0000,Tx-Rx,0,-53.6654,"-3.90000 0.80000 1.00000, -2.65000 -7.55000 0.10000"
86,0.0000,Tx-Rx,0,-53.7292,"-3.90000 0.80000 1.00000, -2.35000 -7.55000 0.10000"
87,0.0000,Tx-Rx,0,-53.7885,"-3.90000 0.80000 1.00000, -2.05000 -7.55000 0.10000"
88,0.0000,Tx-Rx,0,-53.7881,"-3.90000 0.80000 1.00000, -1.75000 -7.55000 0.10000"
89,0.0000,Tx-Rx,0,-53.6741,"-3.90000 0.80000 1.00000, -1.45000 -7.55000 0.10000"
90,0.0000,Tx-Rx,0,-53.4726,"-3.90000 0.80000 1.00000, -1.15000 -7.55000 0.10000"
91,0.0000,Tx-Rx,0,-52.5185,"-3.90000 0.80000 1.00000, -0.85000 -7.55000 0.10000"
92,0.0000,Tx-Rx,0,-51.9756,"-3.90000 0.80000 1.00000, -0.55000 -7.55000 0.10000"
93,0.0000,Tx-Rx,0,-52.0049,"-3.90000 0.80000 1.00000, -0.25000 -7.55000 0.10000"
94,0.0000,Tx-Rx,0,-56.8386,"-3.90000 0.80000 1.00000, 0.05000 -7.55000 0.10000"
95,0.0000,Tx-Rx,0,-73.2163,"-3.90000 0.80000 1.00000, 0.35000 -7.55000 0.10000"
96,0.0000,Tx-Rx,0,-72.6189,"-3.90000 0.80000 1.00000, 0.65000 -7.55000 0.10000"
97,0.0000,Tx-Rx,0,-75.0093,"-3.90000 0.80000 1.00000, 0.95000 -7.55000 0.10000"
98,0.0000,Tx-Rx,0,-72.6739,"-3.90000 0.80000 1.00000, 1.25000 -7.55000 0.10000"
99,0.0000,Tx-Rx,0,-76.2695,"-3.90000 0.80000 1.00000, 1.55000 -7.55000 0.10000"
100,0.0000,Tx-Rx,0,-80.9272,"-3.90000 0.80000 1.00000, 1.85000 -7.55000 0.10000"
101,0.0000,Tx-Rx,0,-78.6851,"-3.90000 0.80000 1.00000, 2.15000 -7.55000 0.10000"
102,0.0000,Tx-Rx,0,-70.8784,"-3.90000 0.80000 1.00000, 2.45000 -7.55000 0.10000"
103,0.0000,Tx-Rx,0,-83.3566,"-3.90000 0.80000 1.00000, 2.75000 -7.55000 0.10000"
104,0.0000,Tx-Rx,0,-85.8698,"-3.90000 0.80000 1.00000, 3.05000 -7.55000 0.10000"
105,0.0000,Tx-Rx,0,-85.9140,"-3.90000 0.80000 1.00000, 3.35000 -7.55000 0.10000"
106,0.0000,Tx-Rx,0,-87.1353,"-3.90000 0.80000 1.00000, 3.65000 -7.55000 0.10000"
107,0.0000,Tx-Rx,0,-70.4566,"-3.90000 0.80000 1.00000, 3.95000 -7.55000 0.10000"
108,0.0000,Tx-Rx,0,-72.2651,"-3.90000 0.80000 1.00000, 4.25000 -7.55000 0.10000"
109,0.0000,Tx-Rx,0,-84.2216,"-3.90000 0.80000 1.00000, 4.55000 -7.55000 0.10000"
110,0.0000,Tx-Rx,0,-94.7936,"-3.90000 0.80000 1.00000, 4.85000 -7.55000 0.10000"
111,0.0000,Tx-Rx,0,-100.2372,"-3.90000 0.80000 1.00000, 5.15000 -7.55000 0.10000"
112,0.0000,Tx-Rx,0,-95.3023,"-3.90000 0.80000 1.00000, 5.45000 -7.55000 0.10000"
113,0.0000,Tx-Rx,0,-81.2422,"-3.90000 0.80000 1.00000, 5.75000 -7.55000 0.10000"
114,0.0000,Tx-Rx,0,-90.7481,"-3.90000 0.80000 1.00000, 6.05000 -7.55000 0.10000"
115,0.0000,Tx-Rx,0,-98.5100,"-3.90000 0.80000 1.00000, 6.35000 -7.55000 0.10000"
116,0.0000,Tx-Rx,0,-120.0000,"-3.90000 0.80000 1.00000, 6.65000 -7.55000 0.10000"
117,0.0000,Tx-Rx,0,-120.0000,"-3.90000 0.80000 1.00000, 6.95000 -7.55000 0.10000"
118,0.0000,Tx-Rx,0,-120.0000,"-3.90000 0.80000 1.00000, 7.25000 -7.55000 0.10000"
119,0.0000,Tx-Rx,0,-94.1406,"-3.90000 0.80000 1.00000, 7.55000 -7.55000 0.10000"
120,0.0000,Tx-Rx,0,-85.9855,"-3.90000 0.80000 1.00000, 7.85000 -7.55000 0.10000"
121,0.0000,Tx-Rx,0,-90.2320,"-3.90000 0.80000 1.00000, -9.85000 -7.25000 0.10000"
122,0.0000,Tx-Rx,0,-90.5740,"-3.90000 0.80000 1.00000, -9.55000 -7.25000 0.10000"
123,0.0000,Tx-Rx,0,-90.7543,"-3.90000 0.80000 1.00000, -9.25000 -7.25000 0.10000"
124,0.0000,Tx-Rx,0,-89.1953,"-3.90000 0.80000 1.00000, -8.95000 -7.25000 0.10000"
125,0.0000,Tx-Rx,0,-84.3799,"-3.90000 0.80000 1.00000, -8.65000 -7.25000 0.10000"
126,0.0000,Tx-Rx,0,-82.5166,"-3.90000 0.80000 1.00000, -8.35000 -7.25000 0.10000"
127,0.0000,Tx-Rx,0,-58.6973,"-3.90000 0.80000 1.00000, -8.05000 -7.25000 0.10000"
128,0.0000,Tx-Rx,0,-54.8674,"-3.90000 0.80000 1.00000, -7.75000 -7.25000 0.10000"
129,0.0000,Tx-Rx,0,-55.0612,"-3.90000 0.80000 1.00000, -7.45000 -7.25000 0.10000"
130,0.0000,Tx-Rx,0,-56.7256,"-3.90000 0.80000 1.00000, -7.15000 -7.25000 0.10000"
131,0.0000,Tx-Rx,0,-57.0153,"-3.90000 0.80000 1.00000, -6.85000 -7.25000 0.10000"
132,0.0000,Tx-Rx,0,-56.4559,"-3.90000 0.80000 1.00000, -6.55000 -7.25000 0.10000"
133,0.0000,Tx-Rx,0,-55.1757,"-3.90000 0.80000 1.00000, -6.25000 -7.25000 0.10000"
134,0.0000,Tx-Rx,0,-55.1782,"-3.90000 0.80000 1.00000, -5.95000 -7.25000 0.10000"
135,0.0000,Tx-Rx,0,-53.7528,"-3.90000 0.80000 1.00000, -5.65000 -7.25000 0.10000"
136,0.0000,Tx-Rx,0,-53.5431,"-3.90000 0.80000 1.00000, -5.35000 -7.25000 0.10000"
137,0.0000,Tx-Rx,0,-53.1924,"-3.90000 0.80000 1.00000, -5.05000 -7.25000 0.10000"
138,0.0000,Tx-Rx,0,-52.9301,"-3.90000 0.80000 1.00000, -4.75000 -7.25000 0.10000"
139,0.0000,Tx-Rx,0,-52.7143,"-3.90000 0.80000 1.00000, -4.45000 -7.25000 0.10000"
140,0.0000,Tx-Rx,0,-52.5345,"-3.90000 0.80000 1.00000, -4.15000 -7.25000 0.10000"
141,0.0000,Tx-Rx,0,-52.5362,"-3.90000 0.80000 1.00000, -3.85000 -7.25000 0.10000"
142,0.0000,Tx-Rx,0,-52.5822,"-3.90000 0.80000 1.00000, -3.55000 -7.25000 0.10000"
143,0.0000,Tx-Rx,0,-52.8047,"-3.90000 0.80000 1.00000, -3.25000 -7.25000 0.10000"
144,0.0000,Tx-Rx,0,-53.1476,"-3.90000 0.80000 1.00000, -2.95000 -7.25000 0.10000"
145,0.0000,Tx-Rx,0,-53.4769,"-3.90000 0.80000 1.00000, -2.65000 -7.25000 0.10000"
146,0.0000,Tx-Rx,0,-53.5291,"-3.90000 0.80000 1.00000, -2.35000 -7.25000 0.10000"
147,0.0000,Tx-Rx,0,-53.5560,"-3.90000 0.80000 1.00000, -2.05000 -7.25000 0.10000"
148,0.0000,Tx-Rx,0,-53.4890,"-3.90000 0.80000 1.00000, -1.75000 -7.25000 0.10000"
149,0.0000,Tx-Rx,0,-53.5712,"-3.90000 0.80000 1.00000, -1.45000 -7.25000 0.10000"
150,0.0000,Tx-Rx,0,-53.4827,"-3.90000 0.80000 1.00000, -1.15000 -7.25000 0.10000"
151,0.0000,Tx-Rx,0,-52.5033,"-3.90000 0.80000 1.00000, -0.85000 -7.25000 0.10000"
152,0.0000,Tx-Rx,0,-51.8319,"-3.90000 0.80000 1.00000, -0.55000 -7.25000 0.10000"
153,0.0000,Tx-Rx,0,-51.8650,"-3.90000 0.80000 1.00000, -0.25000 -7.25000 0.10000"
154,0.0000,Tx-Rx,0,-56.6604,"-3.90000 0.80000 1.00000, 0.05000 -7.25000 0.10000"
155,0.0000,Tx-Rx,0,-75.7101,"-3.90000 0.80000 1.00000, 0.35000 -7.25000 0.10000"
156,0.0000,Tx-Rx,0,-72.6745,"-3.90000 0.80000 1.00000, 0.65000 -7.25000 0.10000"
157,0.0000,Tx-Rx,0,-73.5349,"-3.90000 0.80000 1.00000, 0.95000 -7.25000 0.10000"
158,0.0000,Tx-Rx,0,-73.8419,"-3.90000 0.80000 1.00000, 1.25000 -7.25000 0.10000"
159,0.0000,Tx-Rx,0,-73.1056,"-3.90000 0.80000 1.00000, 1.55000 -7.25000 0.10000"
160,0.0000,Tx-Rx,0,-80.3561,"-3.90000 0.80000 1.00000, 1.85000 -7.25000 0.10000"
161,0.0000,Tx-Rx,0,-78.0873,"-3.90000 0.80000 1.00000, 2.15000 -7.25000 0.10000"
162,0.0000,Tx-Rx,0,-69.9769,"-3.90000 0.80000 1.00000, 2.45000 -7.25000 0.10000"
163,0.0000,Tx-Rx,0,-81.5172,"-3.90000 0.80000 1.00000, 2.75000 -7.25000 0.10000"
164,0.0000,Tx-Rx,0,-85.3348,"-3.90000 0.80000 1.00000, 3.05000 -7.25000 0.10000"
165,0.0000,Tx-Rx,0,-86.2680,"-3.90000 0.80000 1.00000, 3.35000 -7.25000 0.10000"
166,0.0000,Tx-Rx,0,-76.4526,"-3.90000 0.80000 1.00000, 3.65000 -7.25000 0.10000"
167,0.0000,Tx-Rx,0,-69.7596,"-3.90000 0.80000 1.00000, 3.95000 -7.25000 0.10000"
168,0.0000,Tx-Rx,0,-73.7181,"-3.90000 0.80000 1.00000, 4.25000 -7.25000 0.10000"
169,0.0000,Tx-Rx,0,-84.4721,"-3.90000 0.80000 1.00000, 4.55000 -7.25000 0.10000"
170,0.0000,Tx-Rx,0,-93.3490,"-3.90000 0.80000 1.00000, 4.85000 -7.25000 0.10000"
171,0.0000,Tx-Rx,0,-95.2460,"-3.90000 0.80000 1.00000, 5.15000 -7.25000 0.10000"
172,0.0000,Tx-Rx,0,-95.1722,"-3.90000 0.80000 1.00000, 5.45000 -7.25000 0.10000"
173,0.0000,Tx-Rx,0,-79.1999,"-3.90000 0.80000 1.00000, 5.75000 -7.25000 0.10000"
174,0.0000,Tx-Rx,0,-92.7294,"-3.90000 0.80000 1.00000, 6.05000 -7.25000 0.10000"
175,0.0000,Tx-Rx,0,-89.8713,"-3.90000 0.80000 1.00000, 6.35000 -7.25000 0.10000"
176,0.0000,Tx-Rx,0,-87.6375,"-3.90000 0.80000 1.00000, 6.65000 -7.25000 0.10000"
177,0.0000,Tx-Rx,0,-90.1708,"-3.90000 0.80000 1.00000, 6.95000 -7.25000 0.10000"
178,0.0000,Tx-Rx,0,-89.3248,"-3.90000 0.80000 1.00000, 7.25000 -7.25000 0.10000"
179,0.0000,Tx-Rx,0,-87.1020,"-3.90000 0.80000 1.00000, 7.55000 -7.25000 0.10000"
180,0.0000,Tx-Rx,0,-83.6721,"-3.90000 0.80000 1.00000, 7.85000 -7.25000 0.10000"
181,0.0000,Tx-Rx,0,-91.6558,"-3.90000 0.80000 1.00000, -9.85000 -6.95000 0.10000"
182,0.0000,Tx-Rx,0,-90.9330,"-3.90000 0.80000 1.00000, -9.55000 -6.95000 0.10000"
183,0.0000,Tx-Rx,0,-90.6274,"-3.90000 0.80000 1.00000, -9.25000 -6.95000 0.10000"
184,0.0000,Tx-Rx,0,-91.2050,"-3.90000 0.80000 1.00000, -8.95000 -6.95000 0.10000"
185,0.0000,Tx-Rx,0,-85.9271,"-3.90000 0.80000 1.00000, -8.65000 -6.95000 0.10000"
186,0.0000,Tx-Rx,0,-82.8185,"-3.90000 0.80000 1.00000, -8.35000 -6.95000 0.10000"
187,0.0000,Tx-Rx,0,-56.2569,"-3.90000 0.80000 1.00000, -8.05000 -6.95000 0.10000"
188,0.0000,Tx-Rx,0,-51.4651,"-3.90000 0.80000 1.00000, -7.75000 -6.95000 0.10000"
189,0.0000,Tx-Rx,0,-51.8118,"-3.90000 0.80000 1.00000, -7.45000 -6.95000 0.10000"
190,0.0000,Tx-Rx,0,-53.4287,"-3.90000 0.80000 1.00000, -7.15000 -6.95000 0.10000"
191,0.0000,Tx-Rx,0,-53.3018,"-3.90000 0.80000 1.00000, -6.85000 -6.95000 0.10000"
192,0.0000,Tx-Rx,0,-56.2379,"-3.90000 0.80000 1.00000, -6.55000 -6.95000 0.10000"
193,0.0000,Tx-Rx,0,-54.4045,"-3.90000 0.80000 1.00000, -6.25000 -6.95000 0.10000"
194,0.0000,Tx-Rx,0,-55.8772,"-3.90000 0.80000 1.00000, -5.95000 -6.95000 0.10000"
195,0.0000,Tx-Rx,0,-53.1664,"-3.90000 0.80000 1.00000, -5.65000 -6.95000 0.10000"
196,0.0000,Tx-Rx,0,-54.0024,"-3.90000 0.80000 1.00000, -5.35000 -6.95000 0.10000"
197,0.0000,Tx-Rx,0,-52.6280,"-3.90000 0.80000 1.00000, -5.05000 -6.95000 0.10000"
198,0.0000,Tx-Rx,0,-52.1137,"-3.90000 0.80000 1.00000, -4.75000 -6.95000 0.10000"
199,0.0000,Tx-Rx,0,-52.5542,"-3.90000 0.80000 1.00000, -4.45000 -6.95000 0.10000"
200,0.0000,Tx-Rx,0,-52.7369,"-3.90000 0.80000 1.00000, -4.15000 -6.95000 0.10000"
201,0.0000,Tx-Rx,0,-52.5665,"-3.90000 0.80000 1.00000, -3.85000 -6.95000 0.10000"
202,0.0000,Tx-Rx,0,-52.7729,"-3.90000 0.80000 1.00000, -3.55000 -6.95000 0.10000"
203,0.0000,Tx-Rx,0,-52.7571,"-3.90000 0.80000 1.00000, -3.25000 -6.95000 0.10000"
204,0.0000,Tx-Rx,0,-52.5842,"-3.90000 0.80000 1.00000, -2.95000 -6.95000 0.10000"
205,0.0000,Tx-Rx,0,-53.0279,"-3.90000 0.80000 1.00000, -2.65000 -6.95000 0.10000"
206,0.0000,Tx-Rx,0,-53.1905,"-3.90000 0.80000 1.00000, -2.35000 -6.95000 0.10000"
207,0.0000,Tx-Rx,0,-53.2323,"-3.90000 0.80000 1.00000, -2.05000 -6.95000 0.10000"
208,0.0000,Tx-Rx,0,-53.2063,"-3.90000 0.80000 1.00000, -1.75000 -6.95000 0.10000"
209,0.0000,Tx-Rx,0,-53.3529,"-3.90000 0.80000 1.00000, -1.45000 -6.95000 0.10000"
210,0.0000,Tx-Rx,0,-53.1300,"-3.90000 0.80000 1.00000, -1.15000 -6.95000 0.10000"
211,0.0000,Tx-Rx,0,-52.6842,"-3.90000 0.80000 1.00000, -0.85000 -6.95000 0.10000"
212,0.0000,Tx-Rx,0,-51.6010,"-3.90000 0.80000 1.00000, -0.55000 -6.95000 0.10000"
213,0.0000,Tx-Rx,0,-51.6038,"-3.90000 0.80000 1.00000, -0.25000 -6.95000 0.10000"
214,0.0000,Tx-Rx,0,-56.3157,"-3.90000 0.80000 1.00000, 0.05000 -6.95000 0.10000"
215,0.0000,Tx-Rx,0,-77.3369,"-3.90000 0.80000 1.00000, 0.35000 -6.95000 0.10000"
216,0.0000,Tx-Rx,0,-73.6830,"-3.90000 0.80000 1.00000, 0.65000 -6.95000 0.10000"
217,0.0000,Tx-Rx,0,-72.8426,"-3.90000 0.80000 1.00000, 0.95000 -6.95000 0.10000"
218,0.0000,Tx-Rx,0,-75.8241,"-3.90000 0.80000 1.00000, 1.25000 -6.95000 0.10000"
219,0.0000,Tx-Rx,0,-71.6396,"-3.90000 0.80000 1.00000, 1.55000 -6.95000 0.10000"
220,0.0000,Tx-Rx,0,-78.6177,"-3.90000 0.80000 1.00000, 1.85000 -6.95000 0.10000"
221,0.0000,Tx-Rx,0,-77.8675,"-3.90000 0.80000 1.00000, 2.15000 -6.95000 0.10000"
222,0.0000,Tx-Rx,0,-68.9098,"-3.90000 0.80000 1.00000, 2.45000 -6.95000 0.10000"
223,0.0000,Tx-Rx,0,-72.8618,"-3.90000 0.80000 1.00000, 2.75000 -6.95000 0.10000"
224,0.0000,Tx-Rx,0,-73.1467,"-3.90000 0.80000 1.00000, 3.05000 -6.95000 0.10000"
225,0.0000,Tx-Rx,0,-77.4603,"-3.90000 0.80000 1.00000, 3.35000 -6.95000 0.10000"
226,0.0000,Tx-Rx,0,-71.0984,"-3.90000 0.80000 1.00000, 3.65000 -6.95000 0.10000"
227,0.0000,Tx-Rx,0,-70.9144,"-3.90000 0.80000 1.00000, 3.95000 -6.95000 0.10000"
228,0.0000,Tx-Rx,0,-73.5300,"-3.90000 0.80000 1.00000, 4.25000 -6.95000 0.10000"
229,0.0000,Tx-Rx,0,-79.7859,"-3.90000 0.80000 1.00000, 4.55000 -6.95000 0.10000"
230,0.0000,Tx-Rx,0,-87.6897,"-3.90000 0.80000 1.00000, 4.85000 -6.95000 0.10000"
231,0.0000,Tx-Rx,0,-90.0242,"-3.90000 0.80000 1.00000, 5.15000 -6.95000 0.10000"
232,0.0000,Tx-Rx,0,-88.6769,"-3.90000 0.80000 1.00000, 5.45000 -6.95000 0.10000"
233,0.0000,Tx-Rx,0,-82.2580,"-3.90000 0.80000 1.00000, 5.75000 -6.95000 0.10000"
234,0.0000,Tx-Rx,0,-87.8963,"-3.90000 0.80000 1.00000, 6.05000 -6.95000 0.10000"
235,0.0000,Tx-Rx,0,-89.5304,"-3.90000 0.80000 1.00000, 6.35000 -6.95000 0.10000"
236,0.0000,Tx-Rx,0,-85.8604,"-3.90000 0.80000 1.00000, 6.65000 -6.95000 0.10000"
237,0.0000,Tx-Rx,0,-87.6148,"-3.90000 0.80000 1.00000, 6.95000 -6.95000 0.10000"
238,0.0000,Tx-Rx,0,-83.7485,"-3.90000 0.80000 1.00000, 7.25000 -6.95000 0.10000"
239,0.0000,Tx-Rx,0,-82.0915,"-3.90000 0.80000 1.00000, 7.55000 -6.95000 0.10000"
240,0.0000,Tx-Rx,0,-79.8020,"-3.90000 0.80000 1.00000, 7.85000 -6.95000 0.10000"
241,0.0000,Tx-Rx,0,-92.7204,"-3.90000 0.80000 1.00000, -9.85000 -6.65000 0.10000"
242,0.0000,Tx-Rx,0,-90.6112,"-3.90000 0.80000 1.00000, -9.55000 -6.65000 0.10000"
243,0.0000,Tx-Rx,0,-90.0442,"-3.90000 0.80000 1.00000, -9.25000 -6.65000 0.10000"
244,0.0000,Tx-Rx,0,-89.6541,"-3.90000 0.80000 1.00000, -8.95000 -6.65000 0.10000"
245,0.0000,Tx-Rx,0,-88.7259,"-3.90000 0.80000 1.00000, -8.65000 -6.65000 0.10000"
246,0.0000,Tx-Rx,0,-82.3051,"-3.90000 0.80000 1.00000, -8.35000 -6.65000 0.10000"
247,0.0000,Tx-Rx,0,-55.9792,"-3.90000 0.80000 1.00000, -8.05000 -6.65000 0.10000"
248,0.0000,Tx-Rx,0,-51.3656,"-3.90000 0.80000 1.00000, -7.75000 -6.65000 0.10000"
249,0.0000,Tx-Rx,0,-52.1076,"-3.90000 0.80000 1.00000, -7.45000 -6.65000 0.10000"
250,0.0000,Tx-Rx,0,-52.8573,"-3.90000 0.80000 1.00000, -7.15000 -6.65000 0.10000"
251,0.0000,Tx-Rx,0,-53.5025,"-3.90000 0.80000 1.00000, -6.85000 -6.65000 0.10000"
252,0.0000,Tx-Rx,0,-58.4607,"-3.90000 0.80000 1.00000, -6.55000 -6.65000 0.10000"
253,0.0000,Tx-Rx,0,-57.7396,"-3.90000 0.80000 1.00000, -6.25000 -6.65000 0.10000"
254,0.0000,Tx-Rx,0,-57.8195,"-3.90000 0.80000 1.00000, -5.95000 -6.65000 0.10000"
255,0.0000,Tx-Rx,0,-56.1352,"-3.90000 0.80000 1.00000, -5.65000 -6.65000 0.10000"
256,0.0000,Tx-Rx,0,-56.7095,"-3.90000 0.80000 1.00000, -5.35000 -6.65000 0.10000"
257,0.0000,Tx-Rx,0,-55.2937,"-3.90000 0.80000 1.00000, -5.05000 -6.65000 0.10000"
258,0.0000,Tx-Rx,0,-54.9048,"-3.90000 0.80000 1.00000, -4.75000 -6.65000 0.10000"
259,0.0000,Tx-Rx,0,-54.9866,"-3.90000 0.80000 1.00000, -4.45000 -6.65000 0.10000"
260,0.0000,Tx-Rx,0,-55.6795,"-3.90000 0.80000 1.00000, -4.15000 -6.65000 0.10000"
261,0.0000,Tx-Rx,0,-56.3612,"-3.90000 0.80000 1.00000, -3.85000 -6.65000 0.10000"
262,0.0000,Tx-Rx,0,-55.5467,"-3.90000 0.80000 1.00000, -3.55000 -6.65000 0.10000"
263,0.0000,Tx-Rx,0,-55.1442,"-3.90000 0.80000 1.00000, -3.25000 -6.65000 0.10000"
264,0.0000,Tx-Rx,0,-54.8961,"-3.90000 0.80000 1.00000, -2.95000 -6.65000 0.10000"
265,0.0000,Tx-Rx,0,-54.8413,"-3.90000 0.80000 1.00000, -2.65000 -6.65000 0.10000"
266,0.0000,Tx-Rx,0,-55.4482,"-3.90000 0.80000 1.00000, -2.35000 -6.65000 0.10000"
267,0.0000,Tx-Rx,0,-55.4581,"-3.90000 0.80000 1.00000, -2.05000 -6.65000 0.10000"
268,0.0000,Tx-Rx,0,-55.4843,"-3.90000 0.80000 1.00000, -1.75000 -6.65000 0.10000"
269,0.0000,Tx-Rx,0,-55.3101,"-3.90000 0.80000 1.00000, -1.45000 -6.65000 0.10000"
270,0.0000,Tx-Rx,0,-52.6014,"-3.90000 0.80000 1.00000, -1.15000 -6.65000 0.10000"
271,0.0000,Tx-Rx,0,-52.6222,"-3.90000 0.80000 1.00000, -0.85000 -6.65000 0.10000"
272,0.0000,Tx-Rx,0,-51.8032,"-3.90000 0.80000 1.00000, -0.55000 -6.65000 0.10000"
273,0.0000,Tx-Rx,0,-51.5000,"-3.90000 0.80000 1.00000, -0.25000 -6.65000 0.10000"
274,0.0000,Tx-Rx,0,-56.3099,"-3.90000 0.80000 1.00000, 0.05000 -6.65000 0.10000"
275,0.0000,Tx-Rx,0,-78.0975,"-3.90000 0.80000 1.00000, 0.35000 -6.65000 0.10000"
276,0.0000,Tx-Rx,0,-75.9233,"-3.90000 0.80000 1.00000, 0.65000 -6.65000 0.10000"
277,0.0000,Tx-Rx,0,-72.5510,"-3.90000 0.80000 1.00000, 0.95000 -6.65000 0.10000"
278,0.0000,Tx-Rx,0,-74.1403,"-3.90000 0.80000 1.00000, 1.25000 -6.65000 0.10000"
279,0.0000,Tx-Rx,0,-72.2786,"-3.90000 0.80000 1.00000, 1.55000 -6.65000 0.10000"
280,0.0000,Tx-Rx,0,-75.3479,"-3.90000 0.80000 1.00000, 1.85000 -6.65000 0.10000"
281,0.0000,Tx-Rx,0,-76.5604,"-3.90000 0.80000 1.00000, 2.15000 -6.65000 0.10000"
282,0.0000,Tx-Rx,0,-67.9643,"-3.90000 0.80000 1.00000, 2.45000 -6.65000 0.10000"
283,0.0000,Tx-Rx,0,-67.6867,"-3.90000 0.80000 1.00000, 2.75000 -6.65000 0.10000"
284,0.0000,Tx-Rx,0,-67.9592,"-3.90000 0.80000 1.00000, 3.05000 -6.65000 0.10000"
285,0.0000,Tx-Rx,0,-74.1300,"-3.90000 0.80000 1.00000, 3.35000 -6.65000 0.10000"
286,0.0000,Tx-Rx,0,-69.6143,"-3.90000 0.80000 1.00000, 3.65000 -6.65000 0.10000"
287,0.0000,Tx-Rx,0,-72.6680,"-3.90000 0.80000 1.00000, 3.95000 -6.65000 0.10000"
288,0.0000,Tx-Rx,0,-73.9675,"-3.90000 0.80000 1.00000, 4.25000 -6.65000 0.10000"
289,0.0000,Tx-Rx,0,-76.7528,"-3.90000 0.80000 1.00000, 4.55000 -6.65000 0.10000"
290,0.0000,Tx-Rx,0,-79.8408,"-3.90000 0.80000 1.00000, 4.85000 -6.65000 0.10000"
291,0.0000,Tx-Rx,0,-82.7136,"-3.90000 0.80000 1.00000, 5.15000 -6.65000 0.10000"
292,0.0000,Tx-Rx,0,-82.4152,"-3.90000 0.80000 1.00000, 5.45000 -6.65000 0.10000"
293,0.0000,Tx-Rx,0,-75.8473,"-3.90000 0.80000 1.00000, 5.75000 -6.65000 0.10000"
294,0.0000,Tx-Rx,0,-84.8041,"-3.90000 0.80000 1.00000, 6.05000 -6.65000 0.10000"
295,0.0000,Tx-Rx,0,-83.5572,"-3.90000 0.80000 1.00000, 6.35000 -6.65000 0.10000"
296,0.0000,Tx-Rx,0,-84.0011,"-3.90000 0.80000 1.00000, 6.65000 -6.65000 0.10000"
297,0.0000,Tx-Rx,0,-81.0526,"-3.90000 0.80000 1.00000, 6.95000 -6.65000 0.10000"
298,0.0000,Tx-Rx,0,-77.4714,"-3.90000 0.80000 1.00000, 7.25000 -6.65000 0.10000"
299,0.0000,Tx-Rx,0,-76.0714,"-3.90000 0.80000 1.00000, 7.55000 -6.65000 0.10000"
300,0.0000,Tx-Rx,0,-76.2236,"-3.90000 0.80000 1.00000, 7.85000 -6.65000 0.10000"
301,0.0000,Tx-Rx,0,-91.6320,"-3.90000 0.80000 1.00000, -9.85000 -6.35000 0.10000"
302,0.0000,Tx-Rx,0,-92.3650,"-3.90000 0.80000 1.00000, -9.55000 -6.35000 0.10000"
303,0.0000,Tx-Rx,0,-90.6266,"-3.90000 0.80000 1.00000, -9.25000 -6.35000 0.10000"
304,0.0000,Tx-Rx,0,-90.5546,"-3.90000 0.80000 1.00000, -8.95000 -6.35000 0.10000"
305,0.0000,Tx-Rx,0,-90.6087,"-3.90000 0.80000 1.00000, -8.65000 -6.35000 0.10000"
306,0.0000,Tx-Rx,0,-85.4932,"-3.90000 0.80000 1.00000, -8.35000 -6.35000 0.10000"
307,0.0000,Tx-Rx,0,-56.1856,"-3.90000 0.80000 1.00000, -8.05000 -6.35000 0.10000"
308,0.0000,Tx-Rx,0,-51.7277,"-3.90000 0.80000 1.00000, -7.75000 -6.35000 0.10000"
309,0.0000,Tx-Rx,0,-52.0978,"-3.90000 0.80000 1.00000, -7.45000 -6.35000 0.10000"
310,0.0000,Tx-Rx,0,-52.2563,"-3.90000 0.80000 1.00000, -7.15000 -6.35000 0.10000"
311,0.0000,Tx-Rx,0,-53.9516,"-3.90000 0.80000 1.00000, -6.85000 -6.35000 0.10000"
312,0.0000,Tx-Rx,0,-54.4561,"-3.90000 0.80000 1.00000, -6.55000 -6.35000 0.10000"
313,0.0000,Tx-Rx,0,-58.9706,"-3.90000 0.80000 1.00000, -6.25000 -6.35000 0.10000"
314,0.0000,Tx-Rx,0,-58.3321,"-3.90000 0.80000 1.00000, -5.95000 -6.35000 0.10000"
315,0.0000,Tx-Rx,0,-57.1177,"-3.90000 0.80000 1.00000, -5.65000 -6.35000 0.10000"
316,0.0000,Tx-Rx,0,-57.3386,"-3.90000 0.80000 1.00000, -5.35000 -6.35000 0.10000"
317,0.0000,Tx-Rx,0,-56.9047,"-3.90000 0.80000 1.00000, -5.05000 -6.35000 0.10000"
318,0.0000,Tx-Rx,0,-57.3012,"-3.90000 0.80000 1.00000, -4.75000 -6.35000 0.10000"
319,0.0000,Tx-Rx,0,-57.4714,"-3.90000 0.80000 1.00000, -4.45000 -6.35000 0.10000"
320,0.0000,Tx-Rx,0,-58.0865,"-3.90000 0.80000 1.00000, -4.15000 -6.35000 0.10000"
321,0.0000,Tx-Rx,0,-59.3098,"-3.90000 0.80000 1.00000, -3.85000 -6.35000 0.10000"
322,0.0000,Tx-Rx,0,-59.2700,"-3.90000 0.80000 1.00000, -3.55000 -6.35000 0.10000"
323,0.0000,Tx-Rx,0,-57.7962,"-3.90000 0.80000 1.00000, -3.25000 -6.35000 0.10000"
324,0.0000,Tx-Rx,0,-56.9016,"-3.90000 0.80000 1.00000, -2.95000 -6.35000 0.10000"
325,0.0000,Tx-Rx,0,-56.8313,"-3.90000 0.80000 1.00000, -2.65000 -6.35000 0.10000"
326,0.0000,Tx-Rx,0,-56.4991,"-3.90000 0.80000 1.00000, -2.35000 -6.35000 0.10000"
327,0.0000,Tx-Rx,0,-57.9090,"-3.90000 0.80000 1.00000, -2.05000 -6.35000 0.10000"
328,0.0000,Tx-Rx,0,-58.5385,"-3.90000 0.80000 1.00000, -1.75000 -6.35000 0.10000"
329,0.0000,Tx-Rx,0,-57.5039,"-3.90000 0.80000 1.00000, -1.45000 -6.35000 0.10000"
330,0.0000,Tx-Rx,0,-52.3658,"-3.90000 0.80000 1.00000, -1.15000 -6.35000 0.10000"
331,0.0000,Tx-Rx,0,-52.3793,"-3.90000 0.80000 1.00000, -0.85000 -6.35000 0.10000"
332,0.0000,Tx-Rx,0,-52.0099,"-3.90000 0.80000 1.00000, -0.55000 -6.35000 0.10000"
333,0.0000,Tx-Rx,0,-51.4755,"-3.90000 0.80000 1.00000, -0.25000 -6.35000 0.10000"
334,0.0000,Tx-Rx,0,-56.2829,"-3.90000 0.80000 1.00000, 0.05000 -6.35000 0.10000"
335,0.0000,Tx-Rx,0,-77.2470,"-3.90000 0.80000 1.00000, 0.35000 -6.35000 0.10000"
336,0.0000,Tx-Rx,0,-78.0984,"-3.90000 0.80000 1.00000, 0.65000 -6.35000 0.10000"
337,0.0000,Tx-Rx,0,-73.0384,"-3.90000 0.80000 1.00000, 0.95000 -6.35000 0.10000"
338,0.0000,Tx-Rx,0,-72.4486,"-3.90000 0.80000 1.00000, 1.25000 -6.35000 0.10000"
339,0.0000,Tx-Rx,0,-75.2997,"-3.90000 0.80000 1.00000, 1.55000 -6.35000 0.10000"
340,0.0000,Tx-Rx,0,-73.4802,"-3.90000 0.80000 1.00000, 1.85000 -6.35000 0.10000"
341,0.0000,Tx-Rx,0,-71.3853,"-3.90000 0.80000 1.00000, 2.15000 -6.35000 0.10000"
342,0.0000,Tx-Rx,0,-67.6341,"-3.90000 0.80000 1.00000, 2.45000 -6.35000 0.10000"
343,0.0000,Tx-Rx,0,-67.4353,"-3.90000 0.80000 1.00000, 2.75000 -6.35000 0.10000"
344,0.0000,Tx-Rx,0,-69.0957,"-3.90000 0.80000 1.00000, 3.05000 -6.35000 0.10000"
345,0.0000,Tx-Rx,0,-72.3292,"-3.90000 0.80000 1.00000, 3.35000 -6.35000 0.10000"
346,0.0000,Tx-Rx,0,-70.1958,"-3.90000 0.80000 1.00000, 3.65000 -6.35000 0.10000"
347,0.0000,Tx-Rx,0,-73.0408,"-3.90000 0.80000 1.00000, 3.95000 -6.35000 0.10000"
348,0.0000,Tx-Rx,0,-76.8114,"-3.90000 0.80000 1.00000, 4.25000 -6.35000 0.10000"
349,0.0000,Tx-Rx,0,-77.8620,"-3.90000 0.80000 1.00000, 4.55000 -6.35000 0.10000"
350,0.0000,Tx-Rx,0,-77.7786,"-3.90000 0.80000 1.00000, 4.85000 -6.35000 0.10000"
351,0.0000,Tx-Rx,0,-80.1777,"-3.90000 0.80000 1.00000, 5.15000 -6.35000 0.10000"
352,0.0000,Tx-Rx,0,-81.2719,"-3.90000 0.80000 1.00000, 5.45000 -6.35000 0.10000"
353,0.0000,Tx-Rx,0,-76.7794,"-3.90000 0.80000 1.00000, 5.75000 -6.35000 0.10000"
354,0.0000,Tx-Rx,0,-82.1773,"-3.90000 0.80000 1.00000, 6.05000 -6.35000 0.10000"
355,0.0000,Tx-Rx,0,-84.9256,"-3.90000 0.80000 1.00000, 6.35000 -6.35000 0.10000"
356,0.0000,Tx-Rx,0,-81.1889,"-3.90000 0.80000 1.00000, 6.65000 -6.35000 0.10000"
357,0.0000,Tx-Rx,0,-77.6401,"-3.90000 0.80000 1.00000, 6.95000 -6.35000 0.10000"
358,0.0000,Tx-Rx,0,-76.6917,"-3.90000 0.80000 1.00000, 7.25000 -6.35000 0.10000"
359,0.0000,Tx-Rx,0,-75.9142,"-3.90000 0.80000 1.00000, 7.55000 -6.35000 0.10000"
360,0.0000,Tx-Rx,0,-77.6684,"-3.90000 0.80000 1.00000, 7.85000 -6.35000 0.10000"
361,0.0000,Tx-Rx,0,-85.2804,"-3.90000 0.80000 1.00000, -9.85000 -6.05000 0.10000"
362,0.0000,Tx-Rx,0,-90.0539,"-3.90000 0.80000 1.00000, -9.55000 -6.05000 0.10000"
363,0.0000,Tx-Rx,0,-90.2044,"-3.90000 0.80000 1.00000, -9.25000 -6.05000 0.10000"
364,0.0000,Tx-Rx,0,-88.7555,"-3.90000 0.80000 1.00000, -8.95000 -6.05000 0.10000"
365,0.0000,Tx-Rx,0,-87.8267,"-3.90000 0.80000 1.00000, -8.65000 -6.05000 0.10000"
366,0.0000,Tx-Rx,0,-87.9065,"-3.90000 0.80000 1.00000, -8.35000 -6.05000 0.10000"
367,0.0000,Tx-Rx,0,-56.0738,"-3.90000 0.80000 1.00000, -8.05000 -6.05000 0.10000"
368,0.0000,Tx-Rx,0,-51.9887,"-3.90000 0.80000 1.00000, -7.75000 -6.05000 0.10000"
369,0.0000,Tx-Rx,0,-51.7403,"-3.90000 0.80000 1.00000, -7.45000 -6.05000 0.10000"
370,0.0000,Tx-Rx,0,-52.1510,"-3.90000 0.80000 1.00000, -7.15000 -6.05000 0.10000"
371,0.0000,Tx-Rx,0,-53.5214,"-3.90000 0.80000 1.00000, -6.85000 -6.05000 0.10000"
372,0.0000,Tx-Rx,0,-53.7709,"-3.90000 0.80000 1.00000, -6.55000 -6.05000 0.10000"
373,0.0000,Tx-Rx,0,-58.1489,"-3.90000 0.80000 1.00000, -6.25000 -6.05000 0.10000"
374,0.0000,Tx-Rx,0,-57.7509,"-3.90000 0.80000 1.00000, -5.95000 -6.05000 0.10000"
375,0.0000,Tx-Rx,0,-56.3986,"-3.90000 0.80000 1.00000, -5.65000 -6.05000 0.10000"
376,0.0000,Tx-Rx,0,-57.5051,"-3.90000 0.80000 1.00000, -5.35000 -6.05000 0.10000"
377,0.0000,Tx-Rx,0,-57.4081,"-3.90000 0.80000 1.00000, -5.05000 -6.05000 0.10000"
378,0.0000,Tx-Rx,0,-58.0255,"-3.90000 0.80000 1.00000, -4.75000 -6.05000 0.10000"
379,0.0000,Tx-Rx,0,-59.4143,"-3.90000 0.80000 1.00000, -4.45000 -6.05000 0.10000"
380,0.0000,Tx-Rx,0,-58.8510,"-3.90000 0.80000 1.00000, -4.15000 -6.05000 0.10000"
381,0.0000,Tx-Rx,0,-58.3901,"-3.90000 0.80000 1.00000, -3.85000 -6.05000 0.10000"
382,0.0000,Tx-Rx,0,-59.1757,"-3.90000 0.80000 1.00000, -3.55000 -6.05000 0.10000"
383,0.0000,Tx-Rx,0,-59.3616,"-3.90000 0.80000 1.00000, -3.25000 -6.05000 0.10000"
384,0.0000,Tx-Rx,0,-58.1056,"-3.90000 0.80000 1.00000, -2.95000 -6.05000 0.10000"
385,0.0000,Tx-Rx,0,-56.8559,"-3.90000 0.80000 1.00000, -2.65000 -6.05000 0.10000"
386,0.0000,Tx-Rx,0,-56.4500,"-3.90000 0.80000 1.00000, -2.35000 -6.05000 0.10000"
387,0.0000,Tx-Rx,0,-56.4666,"-3.90000 0.80000 1.00000, -2.05000 -6.05000 0.10000"
388,0.0000,Tx-Rx,0,-58.4444,"-3.90000 0.80000 1.00000, -1.75000 -6.05000 0.10000"
389,0.0000,Tx-Rx,0,-56.5921,"-3.90000 0.80000 1.00000, -1.45000 -6.05000 0.10000"
390,0.0000,Tx-Rx,0,-51.9993,"-3.90000 0.80000 1.00000, -1.15000 -6.05000 0.10000"
391,0.0000,Tx-Rx,0,-52.0906,"-3.90000 0.80000 1.00000, -0.85000 -6.05000 0.10000"
392,0.0000,Tx-Rx,0,-51.8064,"-3.90000 0.80000 1.00000, -0.55000 -6.05000 0.10000"
393,0.0000,Tx-Rx,0,-51.7706,"-3.90000 0.80000 1.00000, -0.25000 -6.05000 0.10000"
394,0.0000,Tx-Rx,0,-56.0246,"-3.90000 0.80000 1.00000, 0.05000 -6.05000 0.10000"
395,0.0000,Tx-Rx,0,-77.4910,"-3.90000 0.80000 1.00000, 0.35000 -6.05000 0.10000"
396,0.0000,Tx-Rx,0,-78.6660,"-3.90000 0.80000 1.00000, 0.65000 -6.05000 0.10000"
397,0.0000,Tx-Rx,0,-74.3702,"-3.90000 0.80000 1.00000, 0.95000 -6.05000 0.10000"
398,0.0000,Tx-Rx,0,-71.5705,"-3.90000 0.80000 1.00000, 1.25000 -6.05000 0.10000"
399,0.0000,Tx-Rx,0,-75.8460,"-3.90000 0.80000 1.00000, 1.55000 -6.05000 0.10000"
400,0.0000,Tx-Rx,0,-71.2913,"-3.90000 0.80000 1.00000, 1.85000 -6.05000 0.10000"
401,0.0000,Tx-Rx,0,-68.7275,"-3.90000 0.80000 1.00000, 2.15000 -6.05000 0.10000"
402,0.0000,Tx-Rx,0,-67.3520,"-3.90000 0.80000 1.00000, 2.45000 -6.05000 0.10000"
403,0.0000,Tx-Rx,0,-67.6939,"-3.90000 0.80000 1.00000, 2.75000 -6.05000 0.10000"
404,0.0000,Tx-Rx,0,-71.6257,"-3.90000 0.80000 1.00000, 3.05000 -6.05000 0.10000"
405,0.0000,Tx-Rx,0,-70.0669,"-3.90000 0.80000 1.00000, 3.35000 -6.05000 0.10000"
406,0.0000,Tx-Rx,0,-72.3897,"-3.90000 0.80000 1.00000, 3.65000 -6.05000 0.10000"
407,0.0000,Tx-Rx,0,-74.4314,"-3.90000 0.80000 1.00000, 3.95000 -6.05000 0.10000"
408,0.0000,Tx-Rx,0,-79.6409,"-3.90000 0.80000 1.00000, 4.25000 -6.05000 0.10000"
409,0.0000,Tx-Rx,0,-78.7998,"-3.90000 0.80000 1.00000, 4.55000 -6.05000 0.10000"
410,0.0000,Tx-Rx,0,-78.2142,"-3.90000 0.80000 1.00000, 4.85000 -6.05000 0.10000"
411,0.0000,Tx-Rx,0,-79.4938,"-3.90000 0.80000 1.00000, 5.15000 -6.05000 0.10000"
412,0.0000,Tx-Rx,0,-80.0102,"-3.90000 0.80000 1.00000, 5.45000 -6.05000 0.10000"
413,0.0000,Tx-Rx,0,-79.8524,"-3.90000 0.80000 1.00000, 5.75000 -6.05000 0.10000"
414,0.0000,Tx-Rx,0,-84.5945,"-3.90000 0.80000 1.00000, 6.05000 -6.05000 0.10000"
415,0.0000,Tx-Rx,0,-80.4175,"-3.90000 0.80000 1.00000, 6.35000 -6.05000 0.10000"
416,0.0000,Tx-Rx,0,-78.7148,"-3.90000 0.80000 1.00000, 6.65000 -6.05000 0.10000"
417,0.0000,Tx-Rx,0,-77.0357,"-3.90000 0.80000 1.00000, 6.95000 -6.05000 0.10000"
418,0.0000,Tx-Rx,0,-76.0633,"-3.90000 0.80000 1.00000, 7.25000 -6.05000 0.10000"
419,0.0000,Tx-Rx,0,-77.7762,"-3.90000 0.80000 1.00000, 7.55000 -6.05000 0.10000"
420,0.0000,Tx-Rx,0,-76.9107,"-3.90000 0.80000 1.00000, 7.85000 -6.05000 0.10000"
421,0.0000,Tx-Rx,0,-82.3743,"-3.90000 0.80000 1.00000, -9.85000 -5.75000 0.10000"
422,0.0000,Tx-Rx,0,-85.2809,"-3.90000 0.80000 1.00000, -9.55000 -5.75000 0.10000"
423,0.0000,Tx-Rx,0,-90.0078,"-3.90000 0.80000 1.00000, -9.25000 -5.75000 0.10000"
424,0.0000,Tx-Rx,0,-88.8338,"-3.90000 0.80000 1.00000, -8.95000 -5.75000 0.10000"
425,0.0000,Tx-Rx,0,-88.5783,"-3.90000 0.80000 1.00000, -8.65000 -5.75000 0.10000"
426,0.0000,Tx-Rx,0,-87.0273,"-3.90000 0.80000 1.00000, -8.35000 -5.75000 0.10000"
427,0.0000,Tx-Rx,0,-59.2177,"-3.90000 0.80000 1.00000, -8.05000 -5.75000 0.10000"
428,0.0000,Tx-Rx,0,-51.9812,"-3.90000 0.80000 1.00000, -7.75000 -5.75000 0.10000"
429,0.0000,Tx-Rx,0,-51.4613,"-3.90000 0.80000 1.00000, -7.45000 -5.75000 0.10000"
430,0.0000,Tx-Rx,0,-51.9037,"-3.90000 0.80000 1.00000, -7.15000 -5.75000 0.10000"
431,0.0000,Tx-Rx,0,-52.4654,"-3.90000 0.80000 1.00000, -6.85000 -5.75000 0.10000"
432,0.0000,Tx-Rx,0,-55.1086,"-3.90000 0.80000 1.00000, -6.55000 -5.75000 0.10000"
433,0.0000,Tx-Rx,0,-57.5912,"-3.90000 0.80000 1.00000, -6.25000 -5.75000 0.10000"
434,0.0000,Tx-Rx,0,-57.1950,"-3.90000 0.80000 1.00000, -5.95000 -5.75000 0.10000"
435,0.0000,Tx-Rx,0,-56.2113,"-3.90000 0.80000 1.00000, -5.65000 -5.75000 0.10000"
436,0.0000,Tx-Rx,0,-57.5045,"-3.90000 0.80000 1.00000, -5.35000 -5.75000 0.10000"
437,0.0000,Tx-Rx,0,-58.4767,"-3.90000 0.80000 1.00000, -5.05000 -5.75000 0.10000"
438,0.0000,Tx-Rx,0,-59.7308,"-3.90000 0.80000 1.00000, -4.75000 -5.75000 0.10000"
439,0.0000,Tx-Rx,0,-60.0872,"-3.90000 0.80000 1.00000, -4.45000 -5.75000 0.10000"
440,0.0000,Tx-Rx,0,-59.8010,"-3.90000 0.80000 1.00000, -4.15000 -5.75000 0.10000"
441,0.0000,Tx-Rx,0,-59.7904,"-3.90000 0.80000 1.00000, -3.85000 -5.75000 0.10000"
442,0.0000,Tx-Rx,0,-58.7395,"-3.90000 0.80000 1.00000, -3.55000 -5.75000 0.10000"
443,0.0000,Tx-Rx,0,-59.7020,"-3.90000 0.80000 1.00000, -3.25000 -5.75000 0.10000"
444,0.0000,Tx-Rx,0,-59.7371,"-3.90000 0.80000 1.00000, -2.95000 -5.75000 0.10000"
445,0.0000,Tx-Rx,0,-57.8242,"-3.90000 0.80000 1.00000, -2.65000 -5.75000 0.10000"
446,0.0000,Tx-Rx,0,-56.8288,"-3.90000 0.80000 1.00000, -2.35000 -5.75000 0.10000"
447,0.0000,Tx-Rx,0,-56.4575,"-3.90000 0.80000 1.00000, -2.05000 -5.75000 0.10000"
448,0.0000,Tx-Rx,0,-56.6637,"-3.90000 0.80000 1.00000, -1.75000 -5.75000 0.10000"
449,0.0000,Tx-Rx,0,-55.8354,"-3.90000 0.80000 1.00000, -1.45000 -5.75000 0.10000"
450,0.0000,Tx-Rx,0,-51.7938,"-3.90000 0.80000 1.00000, -1.15000 -5.75000 0.10000"
451,0.0000,Tx-Rx,0,-51.7733,"-3.90000 0.80000 1.00000, -0.85000 -5.75000 0.10000"
452,0.0000,Tx-Rx,0,-51.5207,"-3.90000 0.80000 1.00000, -0.55000 -5.75000 0.10000"
453,0.0000,Tx-Rx,0,-51.9731,"-3.90000 0.80000 1.00000, -0.25000 -5.75000 0.10000"
454,0.0000,Tx-Rx,0,-57.4084,"-3.90000 0.80000 1.00000, 0.05000 -5.75000 0.10000"
455,0.0000,Tx-Rx,0,-77.5641,"-3.90000 0.80000 1.00000, 0.35000 -5.75000 0.10000"
456,0.0000,Tx-Rx,0,-79.4215,"-3.90000 0.80000 1.00000, 0.65000 -5.75000 0.10000"
457,0.0000,Tx-Rx,0,-76.7466,"-3.90000 0.80000 1.00000, 0.95000 -5.75000 0.10000"
458,0.0000,Tx-Rx,0,-71.7475,"-3.90000 0.80000 1.00000, 1.25000 -5.75000 0.10000"
459,0.0000,Tx-Rx,0,-73.3087,"-3.90000 0.80000 1.00000, 1.55000 -5.75000 0.10000"
460,0.0000,Tx-Rx,0,-71.4992,"-3.90000 0.80000 1.00000, 1.85000 -5.75000 0.10000"
461,0.0000,Tx-Rx,0,-67.0557,"-3.90000 0.80000 1.00000, 2.15000 -5.75000 0.10000"
462,0.0000,Tx-Rx,0,-67.5404,"-3.90000 0.80000 1.00000, 2.45000 -5.75000 0.10000"
463,0.0000,Tx-Rx,0,-67.9423,"-3.90000 0.80000 1.00000, 2.75000 -5.75000 0.10000"
464,0.0000,Tx-Rx,0,-75.4213,"-3.90000 0.80000 1.00000, 3.05000 -5.75000 0.10000"
465,0.0000,Tx-Rx,0,-69.1016,"-3.90000 0.80000 1.00000, 3.35000 -5.75000 0.10000"
466,0.0000,Tx-Rx,0,-73.7174,"-3.90000 0.80000 1.00000, 3.65000 -5.75000 0.10000"
467,0.0000,Tx-Rx,0,-77.4698,"-3.90000 0.80000 1.00000, 3.95000 -5.75000 0.10000"
468,0.0000,Tx-Rx,0,-83.4441,"-3.90000 0.80000 1.00000, 4.25000 -5.75000 0.10000"
469,0.0000,Tx-Rx,0,-80.8454,"-3.90000 0.80000 1.00000, 4.55000 -5.75000 0.10000"
470,0.0000,Tx-Rx,0,-77.5737,"-3.90000 0.80000 1.00000, 4.85000 -5.75000 0.10000"
471,0.0000,Tx-Rx,0,-78.6675,"-3.90000 0.80000 1.00000, 5.15000 -5.75000 0.10000"
472,0.0000,Tx-Rx,0,-78.7309,"-3.90000 0.80000 1.00000, 5.45000 -5.75000 0.10000"
473,0.0000,Tx-Rx,0,-77.5165,"-3.90000 0.80000 1.00000, 5.75000 -5.75000 0.10000"
474,0.0000,Tx-Rx,0,-78.6078,"-3.90000 0.80000 1.00000, 6.05000 -5.75000 0.10000"
475,0.0000,Tx-Rx,0,-78.5701,"-3.90000 0.80000 1.00000, 6.35000 -5.75000 0.10000"
476,0.0000,Tx-Rx,0,-77.0665,"-3.90000 0.80000 1.00000, 6.65000 -5.75000 0.10000"
477,0.0000,Tx-Rx,0,-76.6828,"-3.90000 0.80000 1.00000, 6.95000 -5.75000 0.10000"
478,0.0000,Tx-Rx,0,-78.1481,"-3.90000 0.80000 1.00000, 7.25000 -5.75000 0.10000"
479,0.0000,Tx-Rx,0,-77.9512,"-3.90000 0.80000 1.00000, 7.55000 -5.75000 0.10000"
480,0.0000,Tx-Rx,0,-76.5902,"-3.90000 0.80000 1.00000, 7.85000 -5.75000 0.10000"
481,0.0000,Tx-Rx,0,-81.9062,"-3.90000 0.80000 1.00000, -9.85000 -5.45000 0.10000"
482,0.0000,Tx-Rx,0,-82.4454,"-3.90000 0.80000 1.00000, -9.55000 -5.45000 0.10000"
483,0.0000,Tx-Rx,0,-86.5107,"-3.90000 0.80000 1.00000, -9.25000 -5.45000 0.10000"
484,0.0000,Tx-Rx,0,-86.7252,"-3.90000 0.80000 1.00000, -8.95000 -5.45000 0.10000"
485,0.0000,Tx-Rx,0,-87.9495,"-3.90000 0.80000 1.00000, -8.65000 -5.45000 0.10000"
486,0.0000,Tx-Rx,0,-87.3252,"-3.90000 0.80000 1.00000, -8.35000 -5.45000 0.10000"
487,0.0000,Tx-Rx,0,-61.8050,"-3.90000 0.80000 1.00000, -8.05000 -5.45000 0.10000"
488,0.0000,Tx-Rx,0,-53.0497,"-3.90000 0.80000 1.00000, -7.75000 -5.45000 0.10000"
489,0.0000,Tx-Rx,0,-51.3846,"-3.90000 0.80000 1.00000, -7.45000 -5.45000 0.10000"
490,0.0000,Tx-Rx,0,-51.6445,"-3.90000 0.80000 1.00000, -7.15000 -5.45000 0.10000"
491,0.0000,Tx-Rx,0,-52.1074,"-3.90000 0.80000 1.00000, -6.85000 -5.45000 0.10000"
492,0.0000,Tx-Rx,0,-53.2918,"-3.90000 0.80000 1.00000, -6.55000 -5.45000 0.10000"
493,0.0000,Tx-Rx,0,-56.6269,"-3.90000 0.80000 1.00000, -6.25000 -5.45000 0.10000"
494,0.0000,Tx-Rx,0,-56.7370,"-3.90000 0.80000 1.00000, -5.95000 -5.45000 0.10000"
495,0.0000,Tx-Rx,0,-56.3928,"-3.90000 0.80000 1.00000, -5.65000 -5.45000 0.10000"
496,0.0000,Tx-Rx,0,-58.6890,"-3.90000 0.80000 1.00000, -5.35000 -5.45000 0.10000"
497,0.0000,Tx-Rx,0,-59.8019,"-3.90000 0.80000 1.00000, -5.05000 -5.45000 0.10000"
498,0.0000,Tx-Rx,0,-59.5683,"-3.90000 0.80000 1.00000, -4.75000 -5.45000 0.10000"
499,0.0000,Tx-Rx,0,-59.8720,"-3.90000 0.80000 1.00000, -4.45000 -5.45000 0.10000"
500,0.0000,Tx-Rx,0,-59.3353,"-3.90000 0.80000 1.00000, -4.15000 -5.45000 0.10000"
501,0.0000,Tx-Rx,0,-59.4981,"-3.90000 0.80000 1.00000, -3.85000 -5.45000 0.10000"
502,0.0000,Tx-Rx,0,-59.7120,"-3.90000 0.80000 1.00000, -3.55000 -5.45000 0.10000"
503,0.0000,Tx-Rx,0,-58.6340,"-3.90000 0.80000 1.00000, -3.25000 -5.45000 0.10000"
504,0.0000,Tx-Rx,0,-58.9893,"-3.90000 0.80000 1.00000, -2.95000 -5.45000 0.10000"
505,0.0000,Tx-Rx,0,-58.8721,"-3.90000 0.80000 1.00000, -2.65000 -5.45000 0.10000"
506,0.0000,Tx-Rx,0,-57.6223,"-3.90000 0.80000 1.00000, -2.35000 -5.45000 0.10000"
507,0.0000,Tx-Rx,0,-56.5325,"-3.90000 0.80000 1.00000, -2.05000 -5.45000 0.10000"
508,0.0000,Tx-Rx,0,-55.1915,"-3.90000 0.80000 1.00000, -1.75000 -5.45000 0.10000"
509,0.0000,Tx-Rx,0,-54.6785,"-3.90000 0.80000 1.00000, -1.45000 -5.45000 0.10000"
510,0.0000,Tx-Rx,0,-51.4361,"-3.90000 0.80000 1.00000, -1.15000 -5.45000 0.10000"
511,0.0000,Tx-Rx,0,-51.6244,"-3.90000 0.80000 1.00000, -0.85000 -5.45000 0.10000"
512,0.0000,Tx-Rx,0,-51.8804,"-3.90000 0.80000 1.00000, -0.55000 -5.45000 0.10000"
513,0.0000,Tx-Rx,0,-52.8521,"-3.90000 0.80000 1.00000, -0.25000 -5.45000 0.10000"
514,0.0000,Tx-Rx,0,-61.1829,"-3.90000 0.80000 1.00000, 0.05000 -5.45000 0.10000"
515,0.0000,Tx-Rx,0,-78.6606,"-3.90000 0.80000 1.00000, 0.35000 -5.45000 0.10000"
516,0.0000,Tx-Rx,0,-79.2273,"-3.90000 0.80000 1.00000, 0.65000 -5.45000 0.10000"
517,0.0000,Tx-Rx,0,-77.1837,"-3.90000 0.80000 1.00000, 0.95000 -5.45000 0.10000"
518,0.0000,Tx-Rx,0,-72.9249,"-3.90000 0.80000 1.00000, 1.25000 -5.45000 0.10000"
519,0.0000,Tx-Rx,0,-71.8603,"-3.90000 0.80000 1.00000, 1.55000 -5.45000 0.10000"
520,0.0000,Tx-Rx,0,-70.2887,"-3.90000 0.80000 1.00000, 1.85000 -5.45000 0.10000"
521,0.0000,Tx-Rx,0,-66.0069,"-3.90000 0.80000 1.00000, 2.15000 -5.45000 0.10000"
522,0.0000,Tx-Rx,0,-67.3212,"-3.90000 0.80000 1.00000, 2.45000 -5.45000 0.10000"
523,0.0000,Tx-Rx,0,-69.7914,"-3.90000 0.80000 1.00000, 2.75000 -5.45000 0.10000"
524,0.0000,Tx-Rx,0,-71.7447,"-3.90000 0.80000 1.00000, 3.05000 -5.45000 0.10000"
525,0.0000,Tx-Rx,0,-70.6989,"-3.90000 0.80000 1.00000, 3.35000 -5.45000 0.10000"
526,0.0000,Tx-Rx,0,-74.2768,"-3.90000 0.80000 1.00000, 3.65000 -5.45000 0.10000"
527,0.0000,Tx-Rx,0,-83.2436,"-3.90000 0.80000 1.00000, 3.95000 -5.45000 0.10000"
528,0.0000,Tx-Rx,0,-82.8176,"-3.90000 0.80000 1.00000, 4.25000 -5.45000 0.10000"
529,0.0000,Tx-Rx,0,-83.1768,"-3.90000 0.80000 1.00000, 4.55000 -5.45000 0.10000"
530,0.0000,Tx-Rx,0,-79.1194,"-3.90000 0.80000 1.00000, 4.85000 -5.45000 0.10000"
531,0.0000,Tx-Rx,0,-78.9121,"-3.90000 0.80000 1.00000, 5.15000 -5.45000 0.10000"
532,0.0000,Tx-Rx,0,-79.4706,"-3.90000 0.80000 1.00000, 5.45000 -5.45000 0.10000"
533,0.0000,Tx-Rx,0,-76.9590,"-3.90000 0.80000 1.00000, 5.75000 -5.45000 0.10000"
534,0.0000,Tx-Rx,0,-75.0062,"-3.90000 0.80000 1.00000, 6.05000 -5.45000 0.10000"
535,0.0000,Tx-Rx,0,-76.5406,"-3.90000 0.80000 1.00000, 6.35000 -5.45000 0.10000"
536,0.0000,Tx-Rx,0,-77.3816,"-3.90000 0.80000 1.00000, 6.65000 -5.45000 0.10000"
537,0.0000,Tx-Rx,0,-77.8043,"-3.90000 0.80000 1.00000, 6.95000 -5.45000 0.10000"
538,0.0000,Tx-Rx,0,-77.6895,"-3.90000 0.80000 1.00000, 7.25000 -5.45000 0.10000"
539,0.0000,Tx-Rx,0,-77.9536,"-3.90000 0.80000 1.00000, 7.55000 -5.45000 0.10000"
540,0.0000,Tx-Rx,0,-76.6969,"-3.90000 0.80000 1.00000, 7.85000 -5.45000 0.10000"
541,0.0000,Tx-Rx,0,-82.3210,"-3.90000 0.80000 1.00000, -9.85000 -5.15000 0.10000"
542,0.0000,Tx-Rx,0,-81.0368,"-3.90000 0.80000 1.00000, -9.55000 -5.15000 0.10000"
543,0.0000,Tx-Rx,0,-82.9854,"-3.90000 0.80000 1.00000, -9.25000 -5.15000 0.10000"
544,0.0000,Tx-Rx,0,-85.9316,"-3.90000 0.80000 1.00000, -8.95000 -5.15000 0.10000"
545,0.0000,Tx-Rx,0,-85.8488,"-3.90000 0.80000 1.00000, -8.65000 -5.15000 0.10000"
546,0.0000,Tx-Rx,0,-85.2372,"-3.90000 0.80000 1.00000, -8.35000 -5.15000 0.10000"
547,0.0000,Tx-Rx,0,-59.8633,"-3.90000 0.80000 1.00000, -8.05000 -5.15000 0.10000"
548,0.0000,Tx-Rx,0,-55.3655,"-3.90000 0.80000 1.00000, -7.75000 -5.15000 0.10000"
549,0.0000,Tx-Rx,0,-52.5396,"-3.90000 0.80000 1.00000, -7.45000 -5.15000 0.10000"
550,0.0000,Tx-Rx,0,-51.6542,"-3.90000 0.80000 1.00000, -7.15000 -5.15000 0.10000"
551,0.0000,Tx-Rx,0,-51.4095,"-3.90000 0.80000 1.00000, -6.85000 -5.15000 0.10000"
552,0.0000,Tx-Rx,0,-52.2268,"-3.90000 0.80000 1.00000, -6.55000 -5.15000 0.10000"
553,0.0000,Tx-Rx,0,-55.5382,"-3.90000 0.80000 1.00000, -6.25000 -5.15000 0.10000"
554,0.0000,Tx-Rx,0,-56.7777,"-3.90000 0.80000 1.00000, -5.95000 -5.15000 0.10000"
555,0.0000,Tx-Rx,0,-57.9774,"-3.90000 0.80000 1.00000, -5.65000 -5.15000 0.10000"
556,0.0000,Tx-Rx,0,-59.6453,"-3.90000 0.80000 1.00000, -5.35000 -5.15000 0.10000"
557,0.0000,Tx-Rx,0,-59.6053,"-3.90000 0.80000 1.00000, -5.05000 -5.15000 0.10000"
558,0.0000,Tx-Rx,0,-59.5770,"-3.90000 0.80000 1.00000, -4.75000 -5.15000 0.10000"
559,0.0000,Tx-Rx,0,-59.8936,"-3.90000 0.80000 1.00000, -4.45000 -5.15000 0.10000"
560,0.0000,Tx-Rx,0,-59.6759,"-3.90000 0.80000 1.00000, -4.15000 -5.15000 0.10000"
561,0.0000,Tx-Rx,0,-59.5173,"-3.90000 0.80000 1.00000, -3.85000 -5.15000 0.10000"
562,0.0000,Tx-Rx,0,-59.4780,"-3.90000 0.80000 1.00000, -3.55000 -5.15000 0.10000"
563,0.0000,Tx-Rx,0,-59.7608,"-3.90000 0.80000 1.00000, -3.25000 -5.15000 0.10000"
564,0.0000,Tx-Rx,0,-58.3695,"-3.90000 0.80000 1.00000, -2.95000 -5.15000 0.10000"
565,0.0000,Tx-Rx,0,-58.6944,"-3.90000 0.80000 1.00000, -2.65000 -5.15000 0.10000"
566,0.0000,Tx-Rx,0,-59.0106,"-3.90000 0.80000 1.00000, -2.35000 -5.15000 0.10000"
567,0.0000,Tx-Rx,0,-57.2820,"-3.90000 0.80000 1.00000, -2.05000 -5.15000 0.10000"
568,0.0000,Tx-Rx,0,-54.7748,"-3.90000 0.80000 1.00000, -1.75000 -5.15000 0.10000"
569,0.0000,Tx-Rx,0,-53.7685,"-3.90000 0.80000 1.00000, -1.45000 -5.15000 0.10000"
570,0.0000,Tx-Rx,0,-50.7222,"-3.90000 0.80000 1.00000, -1.15000 -5.15000 0.10000"
571,0.0000,Tx-Rx,0,-51.4755,"-3.90000 0.80000 1.00000, -0.85000 -5.15000 0.10000"
572,0.0000,Tx-Rx,0,-52.1100,"-3.90000 0.80000 1.00000, -0.55000 -5.15000 0.10000"
573,0.0000,Tx-Rx,0,-55.3782,"-3.90000 0.80000 1.00000, -0.25000 -5.15000 0.10000"
574,0.0000,Tx-Rx,0,-61.0602,"-3.90000 0.80000 1.00000, 0.05000 -5.15000 0.10000"
575,0.0000,Tx-Rx,0,-79.8323,"-3.90000 0.80000 1.00000, 0.35000 -5.15000 0.10000"
576,0.0000,Tx-Rx,0,-78.7073,"-3.90000 0.80000 1.00000, 0.65000 -5.15000 0.10000"
577,0.0000,Tx-Rx,0,-76.9486,"-3.90000 0.80000 1.00000, 0.95000 -5.15000 0.10000"
578,0.0000,Tx-Rx,0,-74.4618,"-3.90000 0.80000 1.00000, 1.25000 -5.15000 0.10000"
579,0.0000,Tx-Rx,0,-71.6259,"-3.90000 0.80000 1.00000, 1.55000 -5.15000 0.10000"
580,0.0000,Tx-Rx,0,-68.4140,"-3.90000 0.80000 1.00000, 1.85000 -5.15000 0.10000"
581,0.0000,Tx-Rx,0,-65.9813,"-3.90000 0.80000 1.00000, 2.15000 -5.15000 0.10000"
582,0.0000,Tx-Rx,0,-66.8297,"-3.90000 0.80000 1.00000, 2.45000 -5.15000 0.10000"
583,0.0000,Tx-Rx,0,-72.4068,"-3.90000 0.80000 1.00000, 2.75000 -5.15000 0.10000"
584,0.0000,Tx-Rx,0,-69.7621,"-3.90000 0.80000 1.00000, 3.05000 -5.15000 0.10000"
585,0.0000,Tx-Rx,0,-72.5207,"-3.90000 0.80000 1.00000, 3.35000 -5.15000 0.10000"
586,0.0000,Tx-Rx,0,-74.7046,"-3.90000 0.80000 1.00000, 3.65000 -5.15000 0.10000"
587,0.0000,Tx-Rx,0,-82.4289,"-3.90000 0.80000 1.00000, 3.95000 -5.15000 0.10000"
588,0.0000,Tx-Rx,0,-84.2962,"-3.90000 0.80000 1.00000, 4.25000 -5.15000 0.10000"
589,0.0000,Tx-Rx,0,-85.3312,"-3.90000 0.80000 1.00000, 4.55000 -5.15000 0.10000"
590,0.0000,Tx-Rx,0,-81.6938,"-3.90000 0.80000 1.00000, 4.85000 -5.15000 0.10000"
591,0.0000,Tx-Rx,0,-78.1982,"-3.90000 0.80000 1.00000, 5.15000 -5.15000 0.10000"
592,0.0000,Tx-Rx,0,-79.5733,"-3.90000 0.80000 1.00000, 5.45000 -5.15000 0.10000"
593,0.0000,Tx-Rx,0,-76.1795,"-3.90000 0.80000 1.00000, 5.75000 -5.15000 0.10000"
594,0.0000,Tx-Rx,0,-72.4576,"-3.90000 0.80000 1.00000, 6.05000 -5.15000 0.10000"
595,0.0000,Tx-Rx,0,-74.5013,"-3.90000 0.80000 1.00000, 6.35000 -5.15000 0.10000"
596,0.0000,Tx-Rx,0,-76.0728,"-3.90000 0.80000 1.00000, 6.65000 -5.15000 0.10000"
597,0.0000,Tx-Rx,0,-76.8453,"-3.90000 0.80000 1.00000, 6.95000 -5.15000 0.10000"
598,0.0000,Tx-Rx,0,-75.8526,"-3.90000 0.80000 1.00000, 7.25000 -5.15000 0.10000"
599,0.0000,Tx-Rx,0,-76.3705,"-3.90000 0.80000 1.00000, 7.55000 -5.15000 0.10000"
600,0.0000,Tx-Rx,0,-77.3344,"-3.90000 0.80000 1.00000, 7.85000 -5.15000 0.10000"
601,0.0000,Tx-Rx,0,-81.1494,"-3.90000 0.80000 1.00000, -9.85000 -4.85000 0.10000"
602,0.0000,Tx-Rx,0,-80.1603,"-3.90000 0.80000 1.00000, -9.55000 -4.85000 0.10000"
603,0.0000,Tx-Rx,0,-80.1076,"-3.90000 0.80000 1.00000, -9.25000 -4.85000 0.10000"
604,0.0000,Tx-Rx,0,-81.6731,"-3.90000 0.80000 1.00000, -8.95000 -4.85000 0.10000"
605,0.0000,Tx-Rx,0,-86.5878,"-3.90000 0.80000 1.00000, -8.65000 -4.85000 0.10000"
606,0.0000,Tx-Rx,0,-87.1654,"-3.90000 0.80000 1.00000, -8.35000 -4.85000 0.10000"
607,0.0000,Tx-Rx,0,-59.6408,"-3.90000 0.80000 1.00000, -8.05000 -4.85000 0.10000"
608,0.0000,Tx-Rx,0,-55.3302,"-3.90000 0.80000 1.00000, -7.75000 -4.85000 0.10000"
609,0.0000,Tx-Rx,0,-54.4478,"-3.90000 0.80000 1.00000, -7.45000 -4.85000 0.10000"
610,0.0000,Tx-Rx,0,-51.1117,"-3.90000 0.80000 1.00000, -7.15000 -4.85000 0.10000"
611,0.0000,Tx-Rx,0,-50.8611,"-3.90000 0.80000 1.00000, -6.85000 -4.85000 0.10000"
612,0.0000,Tx-Rx,0,-51.9866,"-3.90000 0.80000 1.00000, -6.55000 -4.85000 0.10000"
613,0.0000,Tx-Rx,0,-56.4257,"-3.90000 0.80000 1.00000, -6.25000 -4.85000 0.10000"
614,0.0000,Tx-Rx,0,-57.2874,"-3.90000 0.80000 1.00000, -5.95000 -4.85000 0.10000"
615,0.0000,Tx-Rx,0,-59.7734,"-3.90000 0.80000 1.00000, -5.65000 -4.85000 0.10000"
616,0.0000,Tx-Rx,0,-59.6052,"-3.90000 0.80000 1.00000, -5.35000 -4.85000 0.10000"
617,0.0000,Tx-Rx,0,-59.4140,"-3.90000 0.80000 1.00000, -5.05000 -4.85000 0.10000"
618,0.0000,Tx-Rx,0,-59.8102,"-3.90000 0.80000 1.00000, -4.75000 -4.85000 0.10000"
619,0.0000,Tx-Rx,0,-59.9264,"-3.90000 0.80000 1.00000, -4.45000 -4.85000 0.10000"
620,0.0000,Tx-Rx,0,-59.9400,"-3.90000 0.80000 1.00000, -4.15000 -4.85000 0.10000"
621,0.0000,Tx-Rx,0,-59.4683,"-3.90000 0.80000 1.00000, -3.85000 -4.85000 0.10000"
622,0.0000,Tx-Rx,0,-59.3700,"-3.90000 0.80000 1.00000, -3.55000 -4.85000 0.10000"
623,0.0000,Tx-Rx,0,-59.5784,"-3.90000 0.80000 1.00000, -3.25000 -4.85000 0.10000"
624,0.0000,Tx-Rx,0,-59.1384,"-3.90000 0.80000 1.00000, -2.95000 -4.85000 0.10000"
625,0.0000,Tx-Rx,0,-58.4876,"-3.90000 0.80000 1.00000, -2.65000 -4.85000 0.10000"
626,0.0000,Tx-Rx,0,-58.3955,"-3.90000 0.80000 1.00000, -2.35000 -4.85000 0.10000"
627,0.0000,Tx-Rx,0,-57.6243,"-3.90000 0.80000 1.00000, -2.05000 -4.85000 0.10000"
628,0.0000,Tx-Rx,0,-55.1974,"-3.90000 0.80000 1.00000, -1.75000 -4.85000 0.10000"
629,0.0000,Tx-Rx,0,-53.7368,"-3.90000 0.80000 1.00000, -1.45000 -4.85000 0.10000"
630,0.0000,Tx-Rx,0,-50.0761,"-3.90000 0.80000 1.00000, -1.15000 -4.85000 0.10000"
631,0.0000,Tx-Rx,0,-51.2222,"-3.90000 0.80000 1.00000, -0.85000 -4.85000 0.10000"
632,0.0000,Tx-Rx,0,-53.1632,"-3.90000 0.80000 1.00000, -0.55000 -4.85000 0.10000"
633,0.0000,Tx-Rx,0,-56.3315,"-3.90000 0.80000 1.00000, -0.25000 -4.85000 0.10000"
634,0.0000,Tx-Rx,0,-60.8753,"-3.90000 0.80000 1.00000, 0.05000 -4.85000 0.10000"
635,0.0000,Tx-Rx,0,-81.6581,"-3.90000 0.80000 1.00000, 0.35000 -4.85000 0.10000"
636,0.0000,Tx-Rx,0,-78.3533,"-3.90000 0.80000 1.00000, 0.65000 -4.85000 0.10000"
637,0.0000,Tx-Rx,0,-75.3806,"-3.90000 0.80000 1.00000, 0.95000 -4.85000 0.10000"
638,0.0000,Tx-Rx,0,-74.8058,"-3.90000 0.80000 1.00000, 1.25000 -4.85000 0.10000"
639,0.0000,Tx-Rx,0,-71.6574,"-3.90000 0.80000 1.00000, 1.55000 -4.85000 0.10000"
640,0.0000,Tx-Rx,0,-66.6992,"-3.90000 0.80000 1.00000, 1.85000 -4.85000 0.10000"
641,0.0000,Tx-Rx,0,-66.5191,"-3.90000 0.80000 1.00000, 2.15000 -4.85000 0.10000"
642,0.0000,Tx-Rx,0,-66.9157,"-3.90000 0.80000 1.00000, 2.45000 -4.85000 0.10000"
643,0.0000,Tx-Rx,0,-73.7116,"-3.90000 0.80000 1.00000, 2.75000 -4.85000 0.10000"
644,0.0000,Tx-Rx,0,-68.7466,"-3.90000 0.80000 1.00000, 3.05000 -4.85000 0.10000"
645,0.0000,Tx-Rx,0,-73.0953,"-3.90000 0.80000 1.00000, 3.35000 -4.85000 0.10000"
646,0.0000,Tx-Rx,0,-77.8060,"-3.90000 0.80000 1.00000, 3.65000 -4.85000 0.10000"
647,0.0000,Tx-Rx,0,-79.9440,"-3.90000 0.80000 1.00000, 3.95000 -4.85000 0.10000"
648,0.0000,Tx-Rx,0,-83.7907,"-3.90000 0.80000 1.00000, 4.25000 -4.85000 0.10000"
649,0.0000,Tx-Rx,0,-84.0910,"-3.90000 0.80000 1.00000, 4.55000 -4.85000 0.10000"
650,0.0000,Tx-Rx,0,-87.7718,"-3.90000 0.80000 1.00000, 4.85000 -4.85000 0.10000"
651,0.0000,Tx-Rx,0,-79.9365,"-3.90000 0.80000 1.00000, 5.15000 -4.85000 0.10000"
652,0.0000,Tx-Rx,0,-77.9175,"-3.90000 0.80000 1.00000, 5.45000 -4.85000 0.10000"
653,0.0000,Tx-Rx,0,-75.6519,"-3.90000 0.80000 1.00000, 5.75000 -4.85000 0.10000"
654,0.0000,Tx-Rx,0,-71.2916,"-3.90000 0.80000 1.00000, 6.05000 -4.85000 0.10000"
655,0.0000,Tx-Rx,0,-75.0398,"-3.90000 0.80000 1.00000, 6.35000 -4.85000 0.10000"
656,0.0000,Tx-Rx,0,-74.8808,"-3.90000 0.80000 1.00000, 6.65000 -4.85000 0.10000"
657,0.0000,Tx-Rx,0,-75.6142,"-3.90000 0.80000 1.00000, 6.95000 -4.85000 0.10000"
658,0.0000,Tx-Rx,0,-74.1746,"-3.90000 0.80000 1.00000, 7.25000 -4.85000 0.10000"
659,0.0000,Tx-Rx,0,-78.0021,"-3.90000 0.80000 1.00000, 7.55000 -4.85000 0.10000"
660,0.0000,Tx-Rx,0,-79.2167,"-3.90000 0.80000 1.00000, 7.85000 -4.85000 0.10000"
661,0.0000,Tx-Rx,0,-84.1644,"-3.90000 0.80000 1.00000, -9.85000 -4.55000 0.10000"
662,0.0000,Tx-Rx,0,-80.6985,"-3.90000 0.80000 1.00000, -9.55000 -4.55000 0.10000"
663,0.0000,Tx-Rx,0,-80.3747,"-3.90000 0.80000 1.00000, -9.25000 -4.55000 0.10000"
664,0.0000,Tx-Rx,0,-78.6452,"-3.90000 0.80000 1.00000, -8.95000 -4.55000 0.10000"
665,0.0000,Tx-Rx,0,-81.2288,"-3.90000 0.80000 1.00000, -8.65000 -4.55000 0.10000"
666,0.0000,Tx-Rx,0,-85.6408,"-3.90000 0.80000 1.00000, -8.35000 -4.55000 0.10000"
667,0.0000,Tx-Rx,0,-60.2957,"-3.90000 0.80000 1.00000, -8.05000 -4.55000 0.10000"
668,0.0000,Tx-Rx,0,-55.5276,"-3.90000 0.80000 1.00000, -7.75000 -4.55000 0.10000"
669,0.0000,Tx-Rx,0,-54.0279,"-3.90000 0.80000 1.00000, -7.45000 -4.55000 0.10000"
670,0.0000,Tx-Rx,0,-51.5002,"-3.90000 0.80000 1.00000, -7.15000 -4.55000 0.10000"
671,0.0000,Tx-Rx,0,-50.5133,"-3.90000 0.80000 1.00000, -6.85000 -4.55000 0.10000"
672,0.0000,Tx-Rx,0,-51.9459,"-3.90000 0.80000 1.00000, -6.55000 -4.55000 0.10000"
673,0.0000,Tx-Rx,0,-58.3619,"-3.90000 0.80000 1.00000, -6.25000 -4.55000 0.10000"
674,0.0000,Tx-Rx,0,-58.6121,"-3.90000 0.80000 1.00000, -5.95000 -4.55000 0.10000"
675,0.0000,Tx-Rx,0,-58.0659,"-3.90000 0.80000 1.00000, -5.65000 -4.55000 0.10000"
676,0.0000,Tx-Rx,0,-59.4710,"-3.90000 0.80000 1.00000, -5.35000 -4.55000 0.10000"
677,0.0000,Tx-Rx,0,-59.6276,"-3.90000 0.80000 1.00000, -5.05000 -4.55000 0.10000"
678,0.0000,Tx-Rx,0,-59.7022,"-3.90000 0.80000 1.00000, -4.75000 -4.55000 0.10000"
679,0.0000,Tx-Rx,0,-59.7625,"-3.90000 0.80000 1.00000, -4.45000 -4.55000 0.10000"
680,0.0000,Tx-Rx,0,-59.7328,"-3.90000 0.80000 1.00000, -4.15000 -4.55000 0.10000"
681,0.0000,Tx-Rx,0,-59.3998,"-3.90000 0.80000 1.00000, -3.85000 -4.55000 0.10000"
682,0.0000,Tx-Rx,0,-59.1527,"-3.90000 0.80000 1.00000, -3.55000 -4.55000 0.10000"
683,0.0000,Tx-Rx,0,-59.0886,"-3.90000 0.80000 1.00000, -3.25000 -4.55000 0.10000"
684,0.0000,Tx-Rx,0,-58.9062,"-3.90000 0.80000 1.00000, -2.95000 -4.55000 0.10000"
685,0.0000,Tx-Rx,0,-59.0142,"-3.90000 0.80000 1.00000, -2.65000 -4.55000 0.10000"
686,0.0000,Tx-Rx,0,-58.3757,"-3.90000 0.80000 1.00000, -2.35000 -4.55000 0.10000"
687,0.0000,Tx-Rx,0,-56.2257,"-3.90000 0.80000 1.00000, -2.05000 -4.55000 0.10000"
688,0.0000,Tx-Rx,0,-55.8716,"-3.90000 0.80000 1.00000, -1.75000 -4.55000 0.10000"
689,0.0000,Tx-Rx,0,-53.7786,"-3.90000 0.80000 1.00000, -1.45000 -4.55000 0.10000"
690,0.0000,Tx-Rx,0,-50.4321,"-3.90000 0.80000 1.00000, -1.15000 -4.55000 0.10000"
691,0.0000,Tx-Rx,0,-50.8140,"-3.90000 0.80000 1.00000, -0.85000 -4.55000 0.10000"
692,0.0000,Tx-Rx,0,-55.0564,"-3.90000 0.80000 1.00000, -0.55000 -4.55000 0.10000"
693,0.0000,Tx-Rx,0,-56.3754,"-3.90000 0.80000 1.00000, -0.25000 -4.55000 0.10000"
694,0.0000,Tx-Rx,0,-61.6819,"-3.90000 0.80000 1.00000, 0.05000 -4.55000 0.10000"
695,0.0000,Tx-Rx,0,-82.4516,"-3.90000 0.80000 1.00000, 0.35000 -4.55000 0.10000"
696,0.0000,Tx-Rx,0,-77.2847,"-3.90000 0.80000 1.00000, 0.65000 -4.55000 0.10000"
697,0.0000,Tx-Rx,0,-76.0376,"-3.90000 0.80000 1.00000, 0.95000 -4.55000 0.10000"
698,0.0000,Tx-Rx,0,-74.9686,"-3.90000 0.80000 1.00000, 1.25000 -4.55000 0.10000"
699,0.0000,Tx-Rx,0,-70.9156,"-3.90000 0.80000 1.00000, 1.55000 -4.55000 0.10000"
700,0.0000,Tx-Rx,0,-65.9657,"-3.90000 0.80000 1.00000, 1.85000 -4.55000 0.10000"
701,0.0000,Tx-Rx,0,-66.8263,"-3.90000 0.80000 1.00000, 2.15000 -4.55000 0.10000"
702,0.0000,Tx-Rx,0,-67.2985,"-3.90000 0.80000 1.00000, 2.45000 -4.55000 0.10000"
703,0.0000,Tx-Rx,0,-69.6310,"-3.90000 0.80000 1.00000, 2.75000 -4.55000 0.10000"
704,0.0000,Tx-Rx,0,-71.2907,"-3.90000 0.80000 1.00000, 3.05000 -4.55000 0.10000"
705,0.0000,Tx-Rx,0,-73.4840,"-3.90000 0.80000 1.00000, 3.35000 -4.55000 0.10000"
706,0.0000,Tx-Rx,0,-76.7797,"-3.90000 0.80000 1.00000, 3.65000 -4.55000 0.10000"
707,0.0000,Tx-Rx,0,-78.5104,"-3.90000 0.80000 1.00000, 3.95000 -4.55000 0.10000"
708,0.0000,Tx-Rx,0,-81.9440,"-3.90000 0.80000 1.00000, 4.25000 -4.55000 0.10000"
709,0.0000,Tx-Rx,0,-82.2667,"-3.90000 0.80000 1.00000, 4.55000 -4.55000 0.10000"
710,0.0000,Tx-Rx,0,-85.7328,"-3.90000 0.80000 1.00000, 4.85000 -4.55000 0.10000"
711,0.0000,Tx-Rx,0,-79.5854,"-3.90000 0.80000 1.00000, 5.15000 -4.55000 0.10000"
712,0.0000,Tx-Rx,0,-76.5530,"-3.90000 0.80000 1.00000, 5.45000 -4.55000 0.10000"
713,0.0000,Tx-Rx,0,-74.4347,"-3.90000 0.80000 1.00000, 5.75000 -4.55000 0.10000"
714,0.0000,Tx-Rx,0,-73.9685,"-3.90000 0.80000 1.00000, 6.05000 -4.55000 0.10000"
715,0.0000,Tx-Rx,0,-74.6297,"-3.90000 0.80000 1.00000, 6.35000 -4.55000 0.10000"
716,0.0000,Tx-Rx,0,-74.6823,"-3.90000 0.80000 1.00000, 6.65000 -4.55000 0.10000"
717,0.0000,Tx-Rx,0,-72.8948,"-3.90000 0.80000 1.00000, 6.95000 -4.55000 0.10000"
718,0.0000,Tx-Rx,0,-76.5661,"-3.90000 0.80000 1.00000, 7.25000 -4.55000 0.10000"
719,0.0000,Tx-Rx,0,-80.1563,"-3.90000 0.80000 1.00000, 7.55000 -4.55000 0.10000"
720,0.0000,Tx-Rx,0,-80.0416,"-3.90000 0.80000 1.00000, 7.85000 -4.55000 0.10000"
721,0.0000,Tx-Rx,0,-86.7331,"-3.90000 0.80000 1.00000, -9.85000 -4.25000 0.10000"
722,0.0000,Tx-Rx,0,-85.4104,"-3.90000 0.80000 1.00000, -9.55000 -4.25000 0.10000"
723,0.0000,Tx-Rx,0,-79.4004,"-3.90000 0.80000 1.00000, -9.25000 -4.25000 0.10000"
724,0.0000,Tx-Rx,0,-79.6938,"-3.90000 0.80000 1.00000, -8.95000 -4.25000 0.10000"
725,0.0000,Tx-Rx,0,-79.9491,"-3.90000 0.80000 1.00000, -8.65000 -4.25000 0.10000"
726,0.0000,Tx-Rx,0,-80.9863,"-3.90000 0.80000 1.00000, -8.35000 -4.25000 0.10000"
727,0.0000,Tx-Rx,0,-60.8505,"-3.90000 0.80000 1.00000, -8.05000 -4.25000 0.10000"
728,0.0000,Tx-Rx,0,-55.4236,"-3.90000 0.80000 1.00000, -7.75000 -4.25000 0.10000"
729,0.0000,Tx-Rx,0,-53.5107,"-3.90000 0.80000 1.00000, -7.45000 -4.25000 0.10000"
730,0.0000,Tx-Rx,0,-53.5394,"-3.90000 0.80000 1.00000, -7.15000 -4.25000 0.10000"
731,0.0000,Tx-Rx,0,-51.3388,"-3.90000 0.80000 1.00000, -6.85000 -4.25000 0.10000"
732,0.0000,Tx-Rx,0,-54.7098,"-3.90000 0.80000 1.00000, -6.55000 -4.25000 0.10000"
733,0.0000,Tx-Rx,0,-58.4513,"-3.90000 0.80000 1.00000, -6.25000 -4.25000 0.10000"
734,0.0000,Tx-Rx,0,-58.7440,"-3.90000 0.80000 1.00000, -5.95000 -4.25000 0.10000"
735,0.0000,Tx-Rx,0,-57.7525,"-3.90000 0.80000 1.00000, -5.65000 -4.25000 0.10000"
736,0.0000,Tx-Rx,0,-58.1843,"-3.90000 0.80000 1.00000, -5.35000 -4.25000 0.10000"
737,0.0000,Tx-Rx,0,-59.4207,"-3.90000 0.80000 1.00000, -5.05000 -4.25000 0.10000"
738,0.0000,Tx-Rx,0,-59.2324,"-3.90000 0.80000 1.00000, -4.75000 -4.25000 0.10000"
739,0.0000,Tx-Rx,0,-59.6525,"-3.90000 0.80000 1.00000, -4.45000 -4.25000 0.10000"
740,0.0000,Tx-Rx,0,-59.3597,"-3.90000 0.80000 1.00000, -4.15000 -4.25000 0.10000"
741,0.0000,Tx-Rx,0,-58.7260,"-3.90000 0.80000 1.00000, -3.85000 -4.25000 0.10000"
742,0.0000,Tx-Rx,0,-57.9762,"-3.90000 0.80000 1.00000, -3.55000 -4.25000 0.10000"
743,0.0000,Tx-Rx,0,-58.5875,"-3.90000 0.80000 1.00000, -3.25000 -4.25000 0.10000"
744,0.0000,Tx-Rx,0,-58.8200,"-3.90000 0.80000 1.00000, -2.95000 -4.25000 0.10000"
745,0.0000,Tx-Rx,0,-58.8823,"-3.90000 0.80000 1.00000, -2.65000 -4.25000 0.10000"
746,0.0000,Tx-Rx,0,-57.9581,"-3.90000 0.80000 1.00000, -2.35000 -4.25000 0.10000"
747,0.0000,Tx-Rx,0,-56.3783,"-3.90000 0.80000 1.00000, -2.05000 -4.25000 0.10000"
748,0.0000,Tx-Rx,0,-55.3303,"-3.90000 0.80000 1.00000, -1.75000 -4.25000 0.10000"
749,0.0000,Tx-Rx,0,-56.3834,"-3.90000 0.80000 1.00000, -1.45000 -4.25000 0.10000"
750,0.0000,Tx-Rx,0,-54.4855,"-3.90000 0.80000 1.00000, -1.15000 -4.25000 0.10000"
751,0.0000,Tx-Rx,0,-53.0571,"-3.90000 0.80000 1.00000, -0.85000 -4.25000 0.10000"
752,0.0000,Tx-Rx,0,-54.1412,"-3.90000 0.80000 1.00000, -0.55000 -4.25000 0.10000"
753,0.0000,Tx-Rx,0,-56.3586,"-3.90000 0.80000 1.00000, -0.25000 -4.25000 0.10000"
754,0.0000,Tx-Rx,0,-62.3724,"-3.90000 0.80000 1.00000, 0.05000 -4.25000 0.10000"
755,0.0000,Tx-Rx,0,-78.9456,"-3.90000 0.80000 1.00000, 0.35000 -4.25000 0.10000"
756,0.0000,Tx-Rx,0,-76.7708,"-3.90000 0.80000 1.00000, 0.65000 -4.25000 0.10000"
757,0.0000,Tx-Rx,0,-74.7993,"-3.90000 0.80000 1.00000, 0.95000 -4.25000 0.10000"
758,0.0000,Tx-Rx,0,-76.4340,"-3.90000 0.80000 1.00000, 1.25000 -4.25000 0.10000"
759,0.0000,Tx-Rx,0,-69.3376,"-3.90000 0.80000 1.00000, 1.55000 -4.25000 0.10000"
760,0.0000,Tx-Rx,0,-65.9296,"-3.90000 0.80000 1.00000, 1.85000 -4.25000 0.10000"
761,0.0000,Tx-Rx,0,-66.6220,"-3.90000 0.80000 1.00000, 2.15000 -4.25000 0.10000"
762,0.0000,Tx-Rx,0,-67.7071,"-3.90000 0.80000 1.00000, 2.45000 -4.25000 0.10000"
763,0.0000,Tx-Rx,0,-67.3819,"-3.90000 0.80000 1.00000, 2.75000 -4.25000 0.10000"
764,0.0000,Tx-Rx,0,-72.2743,"-3.90000 0.80000 1.00000, 3.05000 -4.25000 0.10000"
765,0.0000,Tx-Rx,0,-75.0507,"-3.90000 0.80000 1.00000, 3.35000 -4.25000 0.10000"
766,0.0000,Tx-Rx,0,-75.4792,"-3.90000 0.80000 1.00000, 3.65000 -4.25000 0.10000"
767,0.0000,Tx-Rx,0,-75.6133,"-3.90000 0.80000 1.00000, 3.95000 -4.25000 0.10000"
768,0.0000,Tx-Rx,0,-79.7850,"-3.90000 0.80000 1.00000, 4.25000 -4.25000 0.10000"
769,0.0000,Tx-Rx,0,-80.4343,"-3.90000 0.80000 1.00000, 4.55000 -4.25000 0.10000"
770,0.0000,Tx-Rx,0,-76.6979,"-3.90000 0.80000 1.00000, 4.85000 -4.25000 0.10000"
771,0.0000,Tx-Rx,0,-76.0610,"-3.90000 0.80000 1.00000, 5.15000 -4.25000 0.10000"
772,0.0000,Tx-Rx,0,-75.2389,"-3.90000 0.80000 1.00000, 5.45000 -4.25000 0.10000"
773,0.0000,Tx-Rx,0,-75.4697,"-3.90000 0.80000 1.00000, 5.75000 -4.25000 0.10000"
774,0.0000,Tx-Rx,0,-74.1401,"-3.90000 0.80000 1.00000, 6.05000 -4.25000 0.10000"
775,0.0000,Tx-Rx,0,-73.7852,"-3.90000 0.80000 1.00000, 6.35000 -4.25000 0.10000"
776,0.0000,Tx-Rx,0,-72.3883,"-3.90000 0.80000 1.00000, 6.65000 -4.25000 0.10000"
777,0.0000,Tx-Rx,0,-75.4860,"-3.90000 0.80000 1.00000, 6.95000 -4.25000 0.10000"
778,0.0000,Tx-Rx,0,-78.4457,"-3.90000 0.80000 1.00000, 7.25000 -4.25000 0.10000"
779,0.0000,Tx-Rx,0,-76.9041,"-3.90000 0.80000 1.00000, 7.55000 -4.25000 0.10000"
780,0.0000,Tx-Rx,0,-76.9717,"-3.90000 0.80000 1.00000, 7.85000 -4.25000 0.10000"
781,0.0000,Tx-Rx,0,-85.5693,"-3.90000 0.80000 1.00000, -9.85000 -3.95000 0.10000"
782,0.0000,Tx-Rx,0,-85.8252,"-3.90000 0.80000 1.00000, -9.55000 -3.95000 0.10000"
783,0.0000,Tx-Rx,0,-83.3259,"-3.90000 0.80000 1.00000, -9.25000 -3.95000 0.10000"
784,0.0000,Tx-Rx,0,-79.6306,"-3.90000 0.80000 1.00000, -8.95000 -3.95000 0.10000"
785,0.0000,Tx-Rx,0,-79.6281,"-3.90000 0.80000 1.00000, -8.65000 -3.95000 0.10000"
786,0.0000,Tx-Rx,0,-79.1423,"-3.90000 0.80000 1.00000, -8.35000 -3.95000 0.10000"
787,0.0000,Tx-Rx,0,-58.4569,"-3.90000 0.80000 1.00000, -8.05000 -3.95000 0.10000"
788,0.0000,Tx-Rx,0,-54.3588,"-3.90000 0.80000 1.00000, -7.75000 -3.95000 0.10000"
789,0.0000,Tx-Rx,0,-54.1458,"-3.90000 0.80000 1.00000, -7.45000 -3.95000 0.10000"
790,0.0000,Tx-Rx,0,-54.0999,"-3.90000 0.80000 1.00000, -7.15000 -3.95000 0.10000"
791,0.0000,Tx-Rx,0,-56.5036,"-3.90000 0.80000 1.00000, -6.85000 -3.95000 0.10000"
792,0.0000,Tx-Rx,0,-56.7801,"-3.90000 0.80000 1.00000, -6.55000 -3.95000 0.10000"
793,0.0000,Tx-Rx,0,-58.6100,"-3.90000 0.80000 1.00000, -6.25000 -3.95000 0.10000"
794,0.0000,Tx-Rx,0,-57.5451,"-3.90000 0.80000 1.00000, -5.95000 -3.95000 0.10000"
795,0.0000,Tx-Rx,0,-58.5783,"-3.90000 0.80000 1.00000, -5.65000 -3.95000 0.10000"
796,0.0000,Tx-Rx,0,-56.7605,"-3.90000 0.80000 1.00000, -5.35000 -3.95000 0.10000"
797,0.0000,Tx-Rx,0,-58.6659,"-3.90000 0.80000 1.00000, -5.05000 -3.95000 0.10000"
798,0.0000,Tx-Rx,0,-58.6105,"-3.90000 0.80000 1.00000, -4.75000 -3.95000 0.10000"
799,0.0000,Tx-Rx,0,-58.3255,"-3.90000 0.80000 1.00000, -4.45000 -3.95000 0.10000"
800,0.0000,Tx-Rx,0,-58.2441,"-3.90000 0.80000 1.00000, -4.15000 -3.95000 0.10000"
801,0.0000,Tx-Rx,0,-58.0956,"-3.90000 0.80000 1.00000, -3.85000 -3.95000 0.10000"
802,0.0000,Tx-Rx,0,-57.7012,"-3.90000 0.80000 1.00000, -3.55000 -3.95000 0.10000"
803,0.0000,Tx-Rx,0,-58.0832,"-3.90000 0.80000 1.00000, -3.25000 -3.95000 0.10000"
804,0.0000,Tx-Rx,0,-58.7791,"-3.90000 0.80000 1.00000, -2.95000 -3.95000 0.10000"
805,0.0000,Tx-Rx,0,-58.7816,"-3.90000 0.80000 1.00000, -2.65000 -3.95000 0.10000"
806,0.0000,Tx-Rx,0,-57.1586,"-3.90000 0.80000 1.00000, -2.35000 -3.95000 0.10000"
807,0.0000,Tx-Rx,0,-56.4261,"-3.90000 0.80000 1.00000, -2.05000 -3.95000 0.10000"
808,0.0000,Tx-Rx,0,-56.2079,"-3.90000 0.80000 1.00000, -1.75000 -3.95000 0.10000"
809,0.0000,Tx-Rx,0,-57.1740,"-3.90000 0.80000 1.00000, -1.45000 -3.95000 0.10000"
810,0.0000,Tx-Rx,0,-55.3940,"-3.90000 0.80000 1.00000, -1.15000 -3.95000 0.10000"
811,0.0000,Tx-Rx,0,-54.8764,"-3.90000 0.80000 1.00000, -0.85000 -3.95000 0.10000"
812,0.0000,Tx-Rx,0,-54.0694,"-3.90000 0.80000 1.00000, -0.55000 -3.95000 0.10000"
813,0.0000,Tx-Rx,0,-54.7989,"-3.90000 0.80000 1.00000, -0.25000 -3.95000 0.10000"
814,0.0000,Tx-Rx,0,-60.8549,"-3.90000 0.80000 1.00000, 0.05000 -3.95000 0.10000"
815,0.0000,Tx-Rx,0,-77.0856,"-3.90000 0.80000 1.00000, 0.35000 -3.95000 0.10000"
816,0.0000,Tx-Rx,0,-75.8936,"-3.90000 0.80000 1.00000, 0.65000 -3.95000 0.10000"
817,0.0000,Tx-Rx,0,-75.1170,"-3.90000 0.80000 1.00000, 0.95000 -3.95000 0.10000"
818,0.0000,Tx-Rx,0,-77.7046,"-3.90000 0.80000 1.00000, 1.25000 -3.95000 0.10000"
819,0.0000,Tx-Rx,0,-67.4573,"-3.90000 0.80000 1.00000, 1.55000 -3.95000 0.10000"
820,0.0000,Tx-Rx,0,-66.2177,"-3.90000 0.80000 1.00000, 1.85000 -3.95000 0.10000"
821,0.0000,Tx-Rx,0,-66.4356,"-3.90000 0.80000 1.00000, 2.15000 -3.95000 0.10000"
822,0.0000,Tx-Rx,0,-66.8535,"-3.90000 0.80000 1.00000, 2.45000 -3.95000 0.10000"
823,0.0000,Tx-Rx,0,-66.6943,"-3.90000 0.80000 1.00000, 2.75000 -3.95000 0.10000"
824,0.0000,Tx-Rx,0,-71.4741,"-3.90000 0.80000 1.00000, 3.05000 -3.95000 0.10000"
825,0.0000,Tx-Rx,0,-73.8429,"-3.90000 0.80000 1.00000, 3.35000 -3.95000 0.10000"
826,0.0000,Tx-Rx,0,-75.0450,"-3.90000 0.80000 1.00000, 3.65000 -3.95000 0.10000"
827,0.0000,Tx-Rx,0,-74.9080,"-3.90000 0.80000 1.00000, 3.95000 -3.95000 0.10000"
828,0.0000,Tx-Rx,0,-74.1076,"-3.90000 0.80000 1.00000, 4.25000 -3.95000 0.10000"
829,0.0000,Tx-Rx,0,-72.6922,"-3.90000 0.80000 1.00000, 4.55000 -3.95000 0.10000"
830,0.0000,Tx-Rx,0,-73.2122,"-3.90000 0.80000 1.00000, 4.85000 -3.95000 0.10000"
831,0.0000,Tx-Rx,0,-74.6313,"-3.90000 0.80000 1.00000, 5.15000 -3.95000 0.10000"
832,0.0000,Tx-Rx,0,-74.5443,"-3.90000 0.80000 1.00000, 5.45000 -3.95000 0.10000"
833,0.0000,Tx-Rx,0,-75.6594,"-3.90000 0.80000 1.00000, 5.75000 -3.95000 0.10000"
834,0.0000,Tx-Rx,0,-75.8059,"-3.90000 0.80000 1.00000, 6.05000 -3.95000 0.10000"
835,0.0000,Tx-Rx,0,-71.7662,"-3.90000 0.80000 1.00000, 6.35000 -3.95000 0.10000"
836,0.0000,Tx-Rx,0,-74.5315,"-3.90000 0.80000 1.00000, 6.65000 -3.95000 0.10000"
837,0.0000,Tx-Rx,0,-78.9211,"-3.90000 0.80000 1.00000, 6.95000 -3.95000 0.10000"
838,0.0000,Tx-Rx,0,-76.0494,"-3.90000 0.80000 1.00000, 7.25000 -3.95000 0.10000"
839,0.0000,Tx-Rx,0,-75.2908,"-3.90000 0.80000 1.00000, 7.55000 -3.95000 0.10000"
840,0.0000,Tx-Rx,0,-74.1555,"-3.90000 0.80000 1.00000, 7.85000 -3.95000 0.10000"
841,0.0000,Tx-Rx,0,-87.5522,"-3.90000 0.80000 1.00000, -9.85000 -3.65000 0.10000"
842,0.0000,Tx-Rx,0,-85.1355,"-3.90000 0.80000 1.00000, -9.55000 -3.65000 0.10000"
843,0.0000,Tx-Rx,0,-84.6242,"-3.90000 0.80000 1.00000, -9.25000 -3.65000 0.10000"
844,0.0000,Tx-Rx,0,-83.2550,"-3.90000 0.80000 1.00000, -8.95000 -3.65000 0.10000"
845,0.0000,Tx-Rx,0,-79.7433,"-3.90000 0.80000 1.00000, -8.65000 -3.65000 0.10000"
846,0.0000,Tx-Rx,0,-77.1617,"-3.90000 0.80000 1.00000, -8.35000 -3.65000 0.10000"
847,0.0000,Tx-Rx,0,-54.5239,"-3.90000 0.80000 1.00000, -8.05000 -3.65000 0.10000"
848,0.0000,Tx-Rx,0,-51.4196,"-3.90000 0.80000 1.00000, -7.75000 -3.65000 0.10000"
849,0.0000,Tx-Rx,0,-54.3188,"-3.90000 0.80000 1.00000, -7.45000 -3.65000 0.10000"
850,0.0000,Tx-Rx,0,-56.1230,"-3.90000 0.80000 1.00000, -7.15000 -3.65000 0.10000"
851,0.0000,Tx-Rx,0,-55.7989,"-3.90000 0.80000 1.00000, -6.85000 -3.65000 0.10000"
852,0.0000,Tx-Rx,0,-54.2201,"-3.90000 0.80000 1.00000, -6.55000 -3.65000 0.10000"
853,0.0000,Tx-Rx,0,-58.0345,"-3.90000 0.80000 1.00000, -6.25000 -3.65000 0.10000"
854,0.0000,Tx-Rx,0,-57.5606,"-3.90000 0.80000 1.00000, -5.95000 -3.65000 0.10000"
855,0.0000,Tx-Rx,0,-57.8040,"-3.90000 0.80000 1.00000, -5.65000 -3.65000 0.10000"
856,0.0000,Tx-Rx,0,-57.1464,"-3.90000 0.80000 1.00000, -5.35000 -3.65000 0.10000"
857,0.0000,Tx-Rx,0,-55.6216,"-3.90000 0.80000 1.00000, -5.05000 -3.65000 0.10000"
858,0.0000,Tx-Rx,0,-57.4516,"-3.90000 0.80000 1.00000, -4.75000 -3.65000 0.10000"
859,0.0000,Tx-Rx,0,-57.9323,"-3.90000 0.80000 1.00000, -4.45000 -3.65000 0.10000"
860,0.0000,Tx-Rx,0,-57.8642,"-3.90000 0.80000 1.00000, -4.15000 -3.65000 0.10000"
861,0.0000,Tx-Rx,0,-57.6463,"-3.90000 0.80000 1.00000, -3.85000 -3.65000 0.10000"
862,0.0000,Tx-Rx,0,-57.5444,"-3.90000 0.80000 1.00000, -3.55000 -3.65000 0.10000"
863,0.0000,Tx-Rx,0,-58.0958,"-3.90000 0.80000 1.00000, -3.25000 -3.65000 0.10000"
864,0.0000,Tx-Rx,0,-58.1774,"-3.90000 0.80000 1.00000, -2.95000 -3.65000 0.10000"
865,0.0000,Tx-Rx,0,-57.7111,"-3.90000 0.80000 1.00000, -2.65000 -3.65000 0.10000"
866,0.0000,Tx-Rx,0,-56.7238,"-3.90000 0.80000 1.00000, -2.35000 -3.65000 0.10000"
867,0.0000,Tx-Rx,0,-56.0338,"-3.90000 0.80000 1.00000, -2.05000 -3.65000 0.10000"
868,0.0000,Tx-Rx,0,-57.6841,"-3.90000 0.80000 1.00000, -1.75000 -3.65000 0.10000"
869,0.0000,Tx-Rx,0,-55.6411,"-3.90000 0.80000 1.00000, -1.45000 -3.65000 0.10000"
870,0.0000,Tx-Rx,0,-53.5487,"-3.90000 0.80000 1.00000, -1.15000 -3.65000 0.10000"
871,0.0000,Tx-Rx,0,-55.5688,"-3.90000 0.80000 1.00000, -0.85000 -3.65000 0.10000"
872,0.0000,Tx-Rx,0,-55.3414,"-3.90000 0.80000 1.00000, -0.55000 -3.65000 0.10000"
873,0.0000,Tx-Rx,0,-52.8118,"-3.90000 0.80000 1.00000, -0.25000 -3.65000 0.10000"
874,0.0000,Tx-Rx,0,-54.6900,"-3.90000 0.80000 1.00000, 0.05000 -3.65000 0.10000"
875,0.0000,Tx-Rx,0,-76.8168,"-3.90000 0.80000 1.00000, 0.35000 -3.65000 0.10000"
876,0.0000,Tx-Rx,0,-76.9359,"-3.90000 0.80000 1.00000, 0.65000 -3.65000 0.10000"
877,0.0000,Tx-Rx,0,-75.5363,"-3.90000 0.80000 1.00000, 0.95000 -3.65000 0.10000"
878,0.0000,Tx-Rx,0,-73.1934,"-3.90000 0.80000 1.00000, 1.25000 -3.65000 0.10000"
879,0.0000,Tx-Rx,0,-66.7583,"-3.90000 0.80000 1.00000, 1.55000 -3.65000 0.10000"
880,0.0000,Tx-Rx,0,-66.5186,"-3.90000 0.80000 1.00000, 1.85000 -3.65000 0.10000"
881,0.0000,Tx-Rx,0,-66.2306,"-3.90000 0.80000 1.00000, 2.15000 -3.65000 0.10000"
882,0.0000,Tx-Rx,0,-66.5971,"-3.90000 0.80000 1.00000, 2.45000 -3.65000 0.10000"
883,0.0000,Tx-Rx,0,-68.5054,"-3.90000 0.80000 1.00000, 2.75000 -3.65000 0.10000"
884,0.0000,Tx-Rx,0,-71.0701,"-3.90000 0.80000 1.00000, 3.05000 -3.65000 0.10000"
885,0.0000,Tx-Rx,0,-72.9930,"-3.90000 0.80000 1.00000, 3.35000 -3.65000 0.10000"
886,0.0000,Tx-Rx,0,-72.3756,"-3.90000 0.80000 1.00000, 3.65000 -3.65000 0.10000"
887,0.0000,Tx-Rx,0,-73.3505,"-3.90000 0.80000 1.00000, 3.95000 -3.65000 0.10000"
888,0.0000,Tx-Rx,0,-72.3813,"-3.90000 0.80000 1.00000, 4.25000 -3.65000 0.10000"
889,0.0000,Tx-Rx,0,-72.1582,"-3.90000 0.80000 1.00000, 4.55000 -3.65000 0.10000"
890,0.0000,Tx-Rx,0,-71.9729,"-3.90000 0.80000 1.00000, 4.85000 -3.65000 0.10000"
891,0.0000,Tx-Rx,0,-72.4183,"-3.90000 0.80000 1.00000, 5.15000 -3.65000 0.10000"
892,0.0000,Tx-Rx,0,-75.9163,"-3.90000 0.80000 1.00000, 5.45000 -3.65000 0.10000"
893,0.0000,Tx-Rx,0,-74.3525,"-3.90000 0.80000 1.00000, 5.75000 -3.65000 0.10000"
894,0.0000,Tx-Rx,0,-74.1323,"-3.90000 0.80000 1.00000, 6.05000 -3.65000 0.10000"
895,0.0000,Tx-Rx,0,-72.6442,"-3.90000 0.80000 1.00000, 6.35000 -3.65000 0.10000"
896,0.0000,Tx-Rx,0,-78.9601,"-3.90000 0.80000 1.00000, 6.65000 -3.65000 0.10000"
897,0.0000,Tx-Rx,0,-75.7816,"-3.90000 0.80000 1.00000, 6.95000 -3.65000 0.10000"
898,0.0000,Tx-Rx,0,-75.2775,"-3.90000 0.80000 1.00000, 7.25000 -3.65000 0.10000"
899,0.0000,Tx-Rx,0,-73.7735,"-3.90000 0.80000 1.00000, 7.55000 -3.65000 0.10000"
900,0.0000,Tx-Rx,0,-72.1828,"-3.90000 0.80000 1.00000, 7.85000 -3.65000 0.10000"
901,0.0000,Tx-Rx,0,-87.4302,"-3.90000 0.80000 1.00000, -9.85000 -3.35000 0.10000"
902,0.0000,Tx-Rx,0,-87.4421,"-3.90000 0.80000 1.00000, -9.55000 -3.35000 0.10000"
903,0.0000,Tx-Rx,0,-84.8986,"-3.90000 0.80000 1.00000, -9.25000 -3.35000 0.10000"
904,0.0000,Tx-Rx,0,-85.6429,"-3.90000 0.80000 1.00000, -8.95000 -3.35000 0.10000"
905,0.0000,Tx-Rx,0,-83.3652,"-3.90000 0.80000 1.00000, -8.65000 -3.35000 0.10000"
906,0.0000,Tx-Rx,0,-78.5171,"-3.90000 0.80000 1.00000, -8.35000 -3.35000 0.10000"
907,0.0000,Tx-Rx,0,-54.3846,"-3.90000 0.80000 1.00000, -8.05000 -3.35000 0.10000"
908,0.0000,Tx-Rx,0,-49.4330,"-3.90000 0.80000 1.00000, -7.75000 -3.35000 0.10000"
909,0.0000,Tx-Rx,0,-52.5437,"-3.90000 0.80000 1.00000, -7.45000 -3.35000 0.10000"
910,0.0000,Tx-Rx,0,-57.2121,"-3.90000 0.80000 1.00000, -7.15000 -3.35000 0.10000"
911,0.0000,Tx-Rx,0,-55.6540,"-3.90000 0.80000 1.00000, -6.85000 -3.35000 0.10000"
912,0.0000,Tx-Rx,0,-56.0828,"-3.90000 0.80000 1.00000, -6.55000 -3.35000 0.10000"
913,0.0000,Tx-Rx,0,-56.3164,"-3.90000 0.80000 1.00000, -6.25000 -3.35000 0.10000"
914,0.0000,Tx-Rx,0,-56.7713,"-3.90000 0.80000 1.00000, -5.95000 -3.35000 0.10000"
915,0.0000,Tx-Rx,0,-56.2962,"-3.90000 0.80000 1.00000, -5.65000 -3.35000 0.10000"
916,0.0000,Tx-Rx,0,-56.7056,"-3.90000 0.80000 1.00000, -5.35000 -3.35000 0.10000"
917,0.0000,Tx-Rx,0,-56.0177,"-3.90000 0.80000 1.00000, -5.05000 -3.35000 0.10000"
918,0.0000,Tx-Rx,0,-55.4027,"-3.90000 0.80000 1.00000, -4.75000 -3.35000 0.10000"
919,0.0000,Tx-Rx,0,-57.0055,"-3.90000 0.80000 1.00000, -4.45000 -3.35000 0.10000"
920,0.0000,Tx-Rx,0,-57.0483,"-3.90000 0.80000 1.00000, -4.15000 -3.35000 0.10000"
921,0.0000,Tx-Rx,0,-57.3218,"-3.90000 0.80000 1.00000, -3.85000 -3.35000 0.10000"
922,0.0000,Tx-Rx,0,-57.2939,"-3.90000 0.80000 1.00000, -3.55000 -3.35000 0.10000"
923,0.0000,Tx-Rx,0,-58.0618,"-3.90000 0.80000 1.00000, -3.25000 -3.35000 0.10000"
924,0.0000,Tx-Rx,0,-57.9940,"-3.90000 0.80000 1.00000, -2.95000 -3.35000 0.10000"
925,0.0000,Tx-Rx,0,-56.9512,"-3.90000 0.80000 1.00000, -2.65000 -3.35000 0.10000"
926,0.0000,Tx-Rx,0,-56.4453,"-3.90000 0.80000 1.00000, -2.35000 -3.35000 0.10000"
927,0.0000,Tx-Rx,0,-56.9870,"-3.90000 0.80000 1.00000, -2.05000 -3.35000 0.10000"
928,0.0000,Tx-Rx,0,-57.3531,"-3.90000 0.80000 1.00000, -1.75000 -3.35000 0.10000"
929,0.0000,Tx-Rx,0,-56.4695,"-3.90000 0.80000 1.00000, -1.45000 -3.35000 0.10000"
930,0.0000,Tx-Rx,0,-55.1159,"-3.90000 0.80000 1.00000, -1.15000 -3.35000 0.10000"
931,0.0000,Tx-Rx,0,-55.9655,"-3.90000 0.80000 1.00000, -0.85000 -3.35000 0.10000"
932,0.0000,Tx-Rx,0,-54.8883,"-3.90000 0.80000 1.00000, -0.55000 -3.35000 0.10000"
933,0.0000,Tx-Rx,0,-49.8163,"-3.90000 0.80000 1.00000, -0.25000 -3.35000 0.10000"
934,0.0000,Tx-Rx,0,-54.3070,"-3.90000 0.80000 1.00000, 0.05000 -3.35000 0.10000"
935,0.0000,Tx-Rx,0,-78.5627,"-3.90000 0.80000 1.00000, 0.35000 -3.35000 0.10000"
936,0.0000,Tx-Rx,0,-76.5125,"-3.90000 0.80000 1.00000, 0.65000 -3.35000 0.10000"
937,0.0000,Tx-Rx,0,-76.2336,"-3.90000 0.80000 1.00000, 0.95000 -3.35000 0.10000"
938,0.0000,Tx-Rx,0,-69.4636,"-3.90000 0.80000 1.00000, 1.25000 -3.35000 0.10000"
939,0.0000,Tx-Rx,0,-66.6519,"-3.90000 0.80000 1.00000, 1.55000 -3.35000 0.10000"
940,0.0000,Tx-Rx,0,-66.5360,"-3.90000 0.80000 1.00000, 1.85000 -3.35000 0.10000"
941,0.0000,Tx-Rx,0,-66.3140,"-3.90000 0.80000 1.00000, 2.15000 -3.35000 0.10000"
942,0.0000,Tx-Rx,0,-66.3641,"-3.90000 0.80000 1.00000, 2.45000 -3.35000 0.10000"
943,0.0000,Tx-Rx,0,-68.8863,"-3.90000 0.80000 1.00000, 2.75000 -3.35000 0.10000"
944,0.0000,Tx-Rx,0,-75.9320,"-3.90000 0.80000 1.00000, 3.05000 -3.35000 0.10000"
945,0.0000,Tx-Rx,0,-73.7748,"-3.90000 0.80000 1.00000, 3.35000 -3.35000 0.10000"
946,0.0000,Tx-Rx,0,-72.6907,"-3.90000 0.80000 1.00000, 3.65000 -3.35000 0.10000"
947,0.0000,Tx-Rx,0,-71.1510,"-3.90000 0.80000 1.00000, 3.95000 -3.35000 0.10000"
948,0.0000,Tx-Rx,0,-71.2688,"-3.90000 0.80000 1.00000, 4.25000 -3.35000 0.10000"
949,0.0000,Tx-Rx,0,-72.1838,"-3.90000 0.80000 1.00000, 4.55000 -3.35000 0.10000"
950,0.0000,Tx-Rx,0,-72.7488,"-3.90000 0.80000 1.00000, 4.85000 -3.35000 0.10000"
951,0.0000,Tx-Rx,0,-71.2616,"-3.90000 0.80000 1.00000, 5.15000 -3.35000 0.10000"
952,0.0000,Tx-Rx,0,-70.7417,"-3.90000 0.80000 1.00000, 5.45000 -3.35000 0.10000"
953,0.0000,Tx-Rx,0,-73.5386,"-3.90000 0.80000 1.00000, 5.75000 -3.35000 0.10000"
954,0.0000,Tx-Rx,0,-73.3386,"-3.90000 0.80000 1.00000, 6.05000 -3.35000 0.10000"
955,0.0000,Tx-Rx,0,-76.6083,"-3.90000 0.80000 1.00000, 6.35000 -3.35000 0.10000"
956,0.0000,Tx-Rx,0,-77.8760,"-3.90000 0.80000 1.00000, 6.65000 -3.35000 0.10000"
957,0.0000,Tx-Rx,0,-75.5875,"-3.90000 0.80000 1.00000, 6.95000 -3.35000 0.10000"
958,0.0000,Tx-Rx,0,-73.0903,"-3.90000 0.80000 1.00000, 7.25000 -3.35000 0.10000"
959,0.0000,Tx-Rx,0,-72.1196,"-3.90000 0.80000 1.00000, 7.55000 -3.35000 0.10000"
960,0.0000,Tx-Rx,0,-72.3519,"-3.90000 0.80000 1.00000, 7.85000 -3.35000 0.10000"
961,0.0000,Tx-Rx,0,-69.2948,"-3.90000 0.80000 1.00000, -9.85000 -3.05000 0.10000"
962,0.0000,Tx-Rx,0,-67.0100,"-3.90000 0.80000 1.00000, -9.55000 -3.05000 0.10000"
963,0.0000,Tx-Rx,0,-64.7433,"-3.90000 0.80000 1.00000, -9.25000 -3.05000 0.10000"
964,0.0000,Tx-Rx,0,-60.8023,"-3.90000 0.80000 1.00000, -8.95000 -3.05000 0.10000"
965,0.0000,Tx-Rx,0,-60.5443,"-3.90000 0.80000 1.00000, -8.65000 -3.05000 0.10000"
966,0.0000,Tx-Rx,0,-60.4155,"-3.90000 0.80000 1.00000, -8.35000 -3.05000 0.10000"
967,0.0000,Tx-Rx,0,-53.8061,"-3.90000 0.80000 1.00000, -8.05000 -3.05000 0.10000"
968,0.0000,Tx-Rx,0,-49.9696,"-3.90000 0.80000 1.00000, -7.75000 -3.05000 0.10000"
969,0.0000,Tx-Rx,0,-49.9532,"-3.90000 0.80000 1.00000, -7.45000 -3.05000 0.10000"
970,0.0000,Tx-Rx,0,-53.5122,"-3.90000 0.80000 1.00000, -7.15000 -3.05000 0.10000"
971,0.0000,Tx-Rx,0,-56.0701,"-3.90000 0.80000 1.00000, -6.85000 -3.05000 0.10000"
972,0.0000,Tx-Rx,0,-55.5089,"-3.90000 0.80000 1.00000, -6.55000 -3.05000 0.10000"
973,0.0000,Tx-Rx,0,-55.8276,"-3.90000 0.80000 1.00000, -6.25000 -3.05000 0.10000"
974,0.0000,Tx-Rx,0,-55.6503,"-3.90000 0.80000 1.00000, -5.95000 -3.05000 0.10000"
975,0.0000,Tx-Rx,0,-56.0016,"-3.90000 0.80000 1.00000, -5.65000 -3.05000 0.10000"
976,0.0000,Tx-Rx,0,-56.4692,"-3.90000 0.80000 1.00000, -5.35000 -3.05000 0.10000"
977,0.0000,Tx-Rx,0,-56.0251,"-3.90000 0.80000 1.00000, -5.05000 -3.05000 0.10000"
978,0.0000,Tx-Rx,0,-55.7069,"-3.90000 0.80000 1.00000, -4.75000 -3.05000 0.10000"
979,0.0000,Tx-Rx,0,-55.6975,"-3.90000 0.80000 1.00000, -4.45000 -3.05000 0.10000"
980,0.0000,Tx-Rx,0,-56.3623,"-3.90000 0.80000 1.00000, -4.15000 -3.05000 0.10000"
981,0.0000,Tx-Rx,0,-57.2329,"-3.90000 0.80000 1.00000, -3.85000 -3.05000 0.10000"
982,0.0000,Tx-Rx,0,-57.5097,"-3.90000 0.80000 1.00000, -3.55000 -3.05000 0.10000"
983,0.0000,Tx-Rx,0,-58.1584,"-3.90000 0.80000 1.00000, -3.25000 -3.05000 0.10000"
984,0.0000,Tx-Rx,0,-57.0040,"-3.90000 0.80000 1.00000, -2.95000 -3.05000 0.10000"
985,0.0000,Tx-Rx,0,-56.6901,"-3.90000 0.80000 1.00000, -2.65000 -3.05000 0.10000"
986,0.0000,Tx-Rx,0,-56.3237,"-3.90000 0.80000 1.00000, -2.35000 -3.05000 0.10000"
987,0.0000,Tx-Rx,0,-57.3364,"-3.90000 0.80000 1.00000, -2.05000 -3.05000 0.10000"
988,0.0000,Tx-Rx,0,-56.1874,"-3.90000 0.80000 1.00000, -1.75000 -3.05000 0.10000"
989,0.0000,Tx-Rx,0,-56.9409,"-3.90000 0.80000 1.00000, -1.45000 -3.05000 0.10000"
990,0.0000,Tx-Rx,0,-55.4748,"-3.90000 0.80000 1.00000, -1.15000 -3.05000 0.10000"
991,0.0000,Tx-Rx,0,-55.4643,"-3.90000 0.80000 1.00000, -0.85000 -3.05000 0.10000"
992,0.0000,Tx-Rx,0,-50.1236,"-3.90000 0.80000 1.00000, -0.55000 -3.05000 0.10000"
993,0.0000,Tx-Rx,0,-49.7611,"-3.90000 0.80000 1.00000, -0.25000 -3.05000 0.10000"
994,0.0000,Tx-Rx,0,-55.8079,"-3.90000 0.80000 1.00000, 0.05000 -3.05000 0.10000"
995,0.0000,Tx-Rx,0,-79.9466,"-3.90000 0.80000 1.00000, 0.35000 -3.05000 0.10000"
996,0.0000,Tx-Rx,0,-74.6176,"-3.90000 0.80000 1.00000, 0.65000 -3.05000 0.10000"
997,0.0000,Tx-Rx,0,-76.6242,"-3.90000 0.80000 1.00000, 0.95000 -3.05000 0.10000"
998,0.0000,Tx-Rx,0,-67.4715,"-3.90000 0.80000 1.00000, 1.25000 -3.05000 0.10000"
999,0.0000,Tx-Rx,0,-66.4635,"-3.90000 0.80000 1.00000, 1.55000 -3.05000 0.10000"
1000,0.0000,Tx-Rx,0,-66.2752,"-3.90000 0.80000 1.00000, 1.85000 -3.05000 0.10000"
1001,0.0000,Tx-Rx,0,-65.9659,"-3.90000 0.80000 1.00000, 2.15000 -3.05000 0.10000"
1002,0.0000,Tx-Rx,0,-66.2504,"-3.90000 0.80000 1.00000, 2.45000 -3.05000 0.10000"
1003,0.0000,Tx-Rx,0,-68.3745,"-3.90000 0.80000 1.00000, 2.75000 -3.05000 0.10000"
1004,0.0000,Tx-Rx,0,-75.3075,"-3.90000 0.80000 1.00000, 3.05000 -3.05000 0.10000"
1005,0.0000,Tx-Rx,0,-76.2370,"-3.90000 0.80000 1.00000, 3.35000 -3.05000 0.10000"
1006,0.0000,Tx-Rx,0,-72.7098,"-3.90000 0.80000 1.00000, 3.65000 -3.05000 0.10000"
1007,0.0000,Tx-Rx,0,-70.0855,"-3.90000 0.80000 1.00000, 3.95000 -3.05000 0.10000"
1008,0.0000,Tx-Rx,0,-69.6100,"-3.90000 0.80000 1.00000, 4.25000 -3.05000 0.10000"
1009,0.0000,Tx-Rx,0,-69.5337,"-3.90000 0.80000 1.00000, 4.55000 -3.05000 0.10000"
1010,0.0000,Tx-Rx,0,-70.6447,"-3.90000 0.80000 1.00000, 4.85000 -3.05000 0.10000"
1011,0.0000,Tx-Rx,0,-69.5522,"-3.90000 0.80000 1.00000, 5.15000 -3.05000 0.10000"
1012,0.0000,Tx-Rx,0,-68.6570,"-3.90000 0.80000 1.00000, 5.45000 -3.05000 0.10000"
1013,0.0000,Tx-Rx,0,-68.5506,"-3.90000 0.80000 1.00000, 5.75000 -3.05000 0.10000"
1014,0.0000,Tx-Rx,0,-71.9652,"-3.90000 0.80000 1.00000, 6.05000 -3.05000 0.10000"
1015,0.0000,Tx-Rx,0,-73.1211,"-3.90000 0.80000 1.00000, 6.35000 -3.05000 0.10000"
1016,0.0000,Tx-Rx,0,-73.3303,"-3.90000 0.80000 1.00000, 6.65000 -3.05000 0.10000"
1017,0.0000,Tx-Rx,0,-71.8565,"-3.90000 0.80000 1.00000, 6.95000 -3.05000 0.10000"
1018,0.0000,Tx-Rx,0,-72.4761,"-3.90000 0.80000 1.00000, 7.25000 -3.05000 0.10000"
1019,0.0000,Tx-Rx,0,-72.2056,"-3.90000 0.80000 1.00000, 7.55000 -3.05000 0.10000"
1020,0.0000,Tx-Rx,0,-72.0493,"-3.90000 0.80000 1.00000, 7.85000 -3.05000 0.10000"
1021,0.0000,Tx-Rx,0,-64.0264,"-3.90000 0.80000 1.00000, -9.85000 -2.75000 0.10000"
1022,0.0000,Tx-Rx,0,-62.3809,"-3.90000 0.80000 1.00000, -9.55000 -2.75000 0.10000"
1023,0.0000,Tx-Rx,0,-60.4969,"-3.90000 0.80000 1.00000, -9.25000 -2.75000 0.10000"
1024,0.0000,Tx-Rx,0,-59.1571,"-3.90000 0.80000 1.00000, -8.95000 -2.75000 0.10000"
1025,0.0000,Tx-Rx,0,-56.3342,"-3.90000 0.80000 1.00000, -8.65000 -2.75000 0.10000"
1026,0.0000,Tx-Rx,0,-55.4381,"-3.90000 0.80000 1.00000, -8.35000 -2.75000 0.10000"
1027,0.0000,Tx-Rx,0,-55.6575,"-3.90000 0.80000 1.00000, -8.05000 -2.75000 0.10000"
1028,0.0000,Tx-Rx,0,-51.4159,"-3.90000 0.80000 1.00000, -7.75000 -2.75000 0.10000"
1029,0.0000,Tx-Rx,0,-49.6075,"-3.90000 0.80000 1.00000, -7.45000 -2.75000 0.10000"
1030,0.0000,Tx-Rx,0,-49.4974,"-3.90000 0.80000 1.00000, -7.15000 -2.75000 0.10000"
1031,0.0000,Tx-Rx,0,-53.6696,"-3.90000 0.80000 1.00000, -6.85000 -2.75000 0.10000"
1032,0.0000,Tx-Rx,0,-55.7387,"-3.90000 0.80000 1.00000, -6.55000 -2.75000 0.10000"
1033,0.0000,Tx-Rx,0,-56.1243,"-3.90000 0.80000 1.00000, -6.25000 -2.75000 0.10000"
1034,0.0000,Tx-Rx,0,-55.3013,"-3.90000 0.80000 1.00000, -5.95000 -2.75000 0.10000"
1035,0.0000,Tx-Rx,0,-55.8042,"-3.90000 0.80000 1.00000, -5.65000 -2.75000 0.10000"
1036,0.0000,Tx-Rx,0,-55.7291,"-3.90000 0.80000 1.00000, -5.35000 -2.75000 0.10000"
1037,0.0000,Tx-Rx,0,-56.2987,"-3.90000 0.80000 1.00000, -5.05000 -2.75000 0.10000"
1038,0.0000,Tx-Rx,0,-56.2785,"-3.90000 0.80000 1.00000, -4.75000 -2.75000 0.10000"
1039,0.0000,Tx-Rx,0,-56.1309,"-3.90000 0.80000 1.00000, -4.45000 -2.75000 0.10000"
1040,0.0000,Tx-Rx,0,-56.1421,"-3.90000 0.80000 1.00000, -4.15000 -2.75000 0.10000"
1041,0.0000,Tx-Rx,0,-57.1856,"-3.90000 0.80000 1.00000, -3.85000 -2.75000 0.10000"
1042,0.0000,Tx-Rx,0,-56.9285,"-3.90000 0.80000 1.00000, -3.55000 -2.75000 0.10000"
1043,0.0000,Tx-Rx,0,-56.7328,"-3.90000 0.80000 1.00000, -3.25000 -2.75000 0.10000"
1044,0.0000,Tx-Rx,0,-56.3340,"-3.90000 0.80000 1.00000, -2.95000 -2.75000 0.10000"
1045,0.0000,Tx-Rx,0,-56.6531,"-3.90000 0.80000 1.00000, -2.65000 -2.75000 0.10000"
1046,0.0000,Tx-Rx,0,-57.0163,"-3.90000 0.80000 1.00000, -2.35000 -2.75000 0.10000"
1047,0.0000,Tx-Rx,0,-55.2030,"-3.90000 0.80000 1.00000, -2.05000 -2.75000 0.10000"
1048,0.0000,Tx-Rx,0,-56.5583,"-3.90000 0.80000 1.00000, -1.75000 -2.75000 0.10000"
1049,0.0000,Tx-Rx,0,-56.3137,"-3.90000 0.80000 1.00000, -1.45000 -2.75000 0.10000"
1050,0.0000,Tx-Rx,0,-54.6001,"-3.90000 0.80000 1.00000, -1.15000 -2.75000 0.10000"
1051,0.0000,Tx-Rx,0,-49.7960,"-3.90000 0.80000 1.00000, -0.85000 -2.75000 0.10000"
1052,0.0000,Tx-Rx,0,-48.9763,"-3.90000 0.80000 1.00000, -0.55000 -2.75000 0.10000"
1053,0.0000,Tx-Rx,0,-51.5646,"-3.90000 0.80000 1.00000, -0.25000 -2.75000 0.10000"
1054,0.0000,Tx-Rx,0,-57.3773,"-3.90000 0.80000 1.00000, 0.05000 -2.75000 0.10000"
1055,0.0000,Tx-Rx,0,-77.5066,"-3.90000 0.80000 1.00000, 0.35000 -2.75000 0.10000"
1056,0.0000,Tx-Rx,0,-74.5732,"-3.90000 0.80000 1.00000, 0.65000 -2.75000 0.10000"
1057,0.0000,Tx-Rx,0,-73.2046,"-3.90000 0.80000 1.00000, 0.95000 -2.75000 0.10000"
1058,0.0000,Tx-Rx,0,-66.3327,"-3.90000 0.80000 1.00000, 1.25000 -2.75000 0.10000"
1059,0.0000,Tx-Rx,0,-66.0100,"-3.90000 0.80000 1.00000, 1.55000 -2.75000 0.10000"
1060,0.0000,Tx-Rx,0,-65.8120,"-3.90000 0.80000 1.00000, 1.85000 -2.75000 0.10000"
1061,0.0000,Tx-Rx,0,-65.7698,"-3.90000 0.80000 1.00000, 2.15000 -2.75000 0.10000"
1062,0.0000,Tx-Rx,0,-66.1689,"-3.90000 0.80000 1.00000, 2.45000 -2.75000 0.10000"
1063,0.0000,Tx-Rx,0,-71.8873,"-3.90000 0.80000 1.00000, 2.75000 -2.75000 0.10000"
1064,0.0000,Tx-Rx,0,-76.4716,"-3.90000 0.80000 1.00000, 3.05000 -2.75000 0.10000"
1065,0.0000,Tx-Rx,0,-73.7214,"-3.90000 0.80000 1.00000, 3.35000 -2.75000 0.10000"
1066,0.0000,Tx-Rx,0,-72.4589,"-3.90000 0.80000 1.00000, 3.65000 -2.75000 0.10000"
1067,0.0000,Tx-Rx,0,-72.0672,"-3.90000 0.80000 1.00000, 3.95000 -2.75000 0.10000"
1068,0.0000,Tx-Rx,0,-70.7617,"-3.90000 0.80000 1.00000, 4.25000 -2.75000 0.10000"
1069,0.0000,Tx-Rx,0,-68.5926,"-3.90000 0.80000 1.00000, 4.55000 -2.75000 0.10000"
1070,0.0000,Tx-Rx,0,-68.7499,"-3.90000 0.80000 1.00000, 4.85000 -2.75000 0.10000"
1071,0.0000,Tx-Rx,0,-69.2567,"-3.90000 0.80000 1.00000, 5.15000 -2.75000 0.10000"
1072,0.0000,Tx-Rx,0,-68.1289,"-3.90000 0.80000 1.00000, 5.45000 -2.75000 0.10000"
1073,0.0000,Tx-Rx,0,-69.2835,"-3.90000 0.80000 1.00000, 5.75000 -2.75000 0.10000"
1074,0.0000,Tx-Rx,0,-69.1882,"-3.90000 0.80000 1.00000, 6.05000 -2.75000 0.10000"
1075,0.0000,Tx-Rx,0,-70.4291,"-3.90000 0.80000 1.00000, 6.35000 -2.75000 0.10000"
1076,0.0000,Tx-Rx,0,-70.6742,"-3.90000 0.80000 1.00000, 6.65000 -2.75000 0.10000"
1077,0.0000,Tx-Rx,0,-71.9728,"-3.90000 0.80000 1.00000, 6.95000 -2.75000 0.10000"
1078,0.0000,Tx-Rx,0,-72.4101,"-3.90000 0.80000 1.00000, 7.25000 -2.75000 0.10000"
1079,0.0000,Tx-Rx,0,-72.0448,"-3.90000 0.80000 1.00000, 7.55000 -2.75000 0.10000"
1080,0.0000,Tx-Rx,0,-71.8901,"-3.90000 0.80000 1.00000, 7.85000 -2.75000 0.10000"
1081,0.0000,Tx-Rx,0,-60.6110,"-3.90000 0.80000 1.00000, -9.85000 -2.45000 0.10000"
1082,0.0000,Tx-Rx,0,-60.4423,"-3.90000 0.80000 1.00000, -9.55000 -2.45000 0.10000"
1083,0.0000,Tx-Rx,0,-60.0549,"-3.90000 0.80000 1.00000, -9.25000 -2.45000 0.10000"
1084,0.0000,Tx-Rx,0,-59.0439,"-3.90000 0.80000 1.00000, -8.95000 -2.45000 0.10000"
1085,0.0000,Tx-Rx,0,-57.7463,"-3.90000 0.80000 1.00000, -8.65000 -2.45000 0.10000"
1086,0.0000,Tx-Rx,0,-55.7997,"-3.90000 0.80000 1.00000, -8.35000 -2.45000 0.10000"
1087,0.0000,Tx-Rx,0,-55.0636,"-3.90000 0.80000 1.00000, -8.05000 -2.45000 0.10000"
1088,0.0000,Tx-Rx,0,-54.5024,"-3.90000 0.80000 1.00000, -7.75000 -2.45000 0.10000"
1089,0.0000,Tx-Rx,0,-51.3395,"-3.90000 0.80000 1.00000, -7.45000 -2.45000 0.10000"
1090,0.0000,Tx-Rx,0,-48.8702,"-3.90000 0.80000 1.00000, -7.15000 -2.45000 0.10000"
1091,0.0000,Tx-Rx,0,-50.3659,"-3.90000 0.80000 1.00000, -6.85000 -2.45000 0.10000"
1092,0.0000,Tx-Rx,0,-55.9709,"-3.90000 0.80000 1.00000, -6.55000 -2.45000 0.10000"
1093,0.0000,Tx-Rx,0,-56.1266,"-3.90000 0.80000 1.00000, -6.25000 -2.45000 0.10000"
1094,0.0000,Tx-Rx,0,-55.8645,"-3.90000 0.80000 1.00000, -5.95000 -2.45000 0.10000"
1095,0.0000,Tx-Rx,0,-55.3331,"-3.90000 0.80000 1.00000, -5.65000 -2.45000 0.10000"
1096,0.0000,Tx-Rx,0,-55.7392,"-3.90000 0.80000 1.00000, -5.35000 -2.45000 0.10000"
1097,0.0000,Tx-Rx,0,-56.5330,"-3.90000 0.80000 1.00000, -5.05000 -2.45000 0.10000"
1098,0.0000,Tx-Rx,0,-56.1783,"-3.90000 0.80000 1.00000, -4.75000 -2.45000 0.10000"
1099,0.0000,Tx-Rx,0,-56.3281,"-3.90000 0.80000 1.00000, -4.45000 -2.45000 0.10000"
1100,0.0000,Tx-Rx,0,-55.7023,"-3.90000 0.80000 1.00000, -4.15000 -2.45000 0.10000"
1101,0.0000,Tx-Rx,0,-56.1573,"-3.90000 0.80000 1.00000, -3.85000 -2.45000 0.10000"
1102,0.0000,Tx-Rx,0,-56.3816,"-3.90000 0.80000 1.00000, -3.55000 -2.45000 0.10000"
1103,0.0000,Tx-Rx,0,-56.0577,"-3.90000 0.80000 1.00000, -3.25000 -2.45000 0.10000"
1104,0.0000,Tx-Rx,0,-55.2691,"-3.90000 0.80000 1.00000, -2.95000 -2.45000 0.10000"
1105,0.0000,Tx-Rx,0,-55.4932,"-3.90000 0.80000 1.00000, -2.65000 -2.45000 0.10000"
1106,0.0000,Tx-Rx,0,-53.9909,"-3.90000 0.80000 1.00000, -2.35000 -2.45000 0.10000"
1107,0.0000,Tx-Rx,0,-53.3011,"-3.90000 0.80000 1.00000, -2.05000 -2.45000 0.10000"
1108,0.0000,Tx-Rx,0,-54.2675,"-3.90000 0.80000 1.00000, -1.75000 -2.45000 0.10000"
1109,0.0000,Tx-Rx,0,-54.2386,"-3.90000 0.80000 1.00000, -1.45000 -2.45000 0.10000"
1110,0.0000,Tx-Rx,0,-53.6245,"-3.90000 0.80000 1.00000, -1.15000 -2.45000 0.10000"
1111,0.0000,Tx-Rx,0,-49.3632,"-3.90000 0.80000 1.00000, -0.85000 -2.45000 0.10000"
1112,0.0000,Tx-Rx,0,-51.1790,"-3.90000 0.80000 1.00000, -0.55000 -2.45000 0.10000"
1113,0.0000,Tx-Rx,0,-52.5445,"-3.90000 0.80000 1.00000, -0.25000 -2.45000 0.10000"
1114,0.0000,Tx-Rx,0,-57.4535,"-3.90000 0.80000 1.00000, 0.05000 -2.45000 0.10000"
1115,0.0000,Tx-Rx,0,-77.5342,"-3.90000 0.80000 1.00000, 0.35000 -2.45000 0.10000"
1116,0.0000,Tx-Rx,0,-74.6584,"-3.90000 0.80000 1.00000, 0.65000 -2.45000 0.10000"
1117,0.0000,Tx-Rx,0,-68.6119,"-3.90000 0.80000 1.00000, 0.95000 -2.45000 0.10000"
1118,0.0000,Tx-Rx,0,-65.9518,"-3.90000 0.80000 1.00000, 1.25000 -2.45000 0.10000"
1119,0.0000,Tx-Rx,0,-65.7937,"-3.90000 0.80000 1.00000, 1.55000 -2.45000 0.10000"
1120,0.0000,Tx-Rx,0,-65.7399,"-3.90000 0.80000 1.00000, 1.85000 -2.45000 0.10000"
1121,0.0000,Tx-Rx,0,-65.7898,"-3.90000 0.80000 1.00000, 2.15000 -2.45000 0.10000"
1122,0.0000,Tx-Rx,0,-67.0713,"-3.90000 0.80000 1.00000, 2.45000 -2.45000 0.10000"
1123,0.0000,Tx-Rx,0,-76.7419,"-3.90000 0.80000 1.00000, 2.75000 -2.45000 0.10000"
1124,0.0000,Tx-Rx,0,-72.7020,"-3.90000 0.80000 1.00000, 3.05000 -2.45000 0.10000"
1125,0.0000,Tx-Rx,0,-71.8288,"-3.90000 0.80000 1.00000, 3.35000 -2.45000 0.10000"
1126,0.0000,Tx-Rx,0,-72.0851,"-3.90000 0.80000 1.00000, 3.65000 -2.45000 0.10000"
1127,0.0000,Tx-Rx,0,-72.0899,"-3.90000 0.80000 1.00000, 3.95000 -2.45000 0.10000"
1128,0.0000,Tx-Rx,0,-71.5311,"-3.90000 0.80000 1.00000, 4.25000 -2.45000 0.10000"
1129,0.0000,Tx-Rx,0,-71.1912,"-3.90000 0.80000 1.00000, 4.55000 -2.45000 0.10000"
1130,0.0000,Tx-Rx,0,-69.7053,"-3.90000 0.80000 1.00000, 4.85000 -2.45000 0.10000"
1131,0.0000,Tx-Rx,0,-67.9099,"-3.90000 0.80000 1.00000, 5.15000 -2.45000 0.10000"
1132,0.0000,Tx-Rx,0,-68.4948,"-3.90000 0.80000 1.00000, 5.45000 -2.45000 0.10000"
1133,0.0000,Tx-Rx,0,-69.4656,"-3.90000 0.80000 1.00000, 5.75000 -2.45000 0.10000"
1134,0.0000,Tx-Rx,0,-68.6711,"-3.90000 0.80000 1.00000, 6.05000 -2.45000 0.10000"
1135,0.0000,Tx-Rx,0,-67.9905,"-3.90000 0.80000 1.00000, 6.35000 -2.45000 0.10000"
1136,0.0000,Tx-Rx,0,-68.4443,"-3.90000 0.80000 1.00000, 6.65000 -2.45000 0.10000"
1137,0.0000,Tx-Rx,0,-70.7550,"-3.90000 0.80000 1.00000, 6.95000 -2.45000 0.10000"
1138,0.0000,Tx-Rx,0,-72.1322,"-3.90000 0.80000 1.00000, 7.25000 -2.45000 0.10000"
1139,0.0000,Tx-Rx,0,-72.2879,"-3.90000 0.80000 1.00000, 7.55000 -2.45000 0.10000"
1140,0.0000,Tx-Rx,0,-75.3434,"-3.90000 0.80000 1.00000, 7.85000 -2.45000 0.10000"
1141,0.0000,Tx-Rx,0,-57.7682,"-3.90000 0.80000 1.00000, -9.85000 -2.15000 0.10000"
1142,0.0000,Tx-Rx,0,-56.9988,"-3.90000 0.80000 1.00000, -9.55000 -2.15000 0.10000"
1143,0.0000,Tx-Rx,0,-55.9245,"-3.90000 0.80000 1.00000, -9.25000 -2.15000 0.10000"
1144,0.0000,Tx-Rx,0,-55.0114,"-3.90000 0.80000 1.00000, -8.95000 -2.15000 0.10000"
1145,0.0000,Tx-Rx,0,-55.2361,"-3.90000 0.80000 1.00000, -8.65000 -2.15000 0.10000"
1146,0.0000,Tx-Rx,0,-54.9291,"-3.90000 0.80000 1.00000, -8.35000 -2.15000 0.10000"
1147,0.0000,Tx-Rx,0,-54.2024,"-3.90000 0.80000 1.00000, -8.05000 -2.15000 0.10000"
1148,0.0000,Tx-Rx,0,-54.1287,"-3.90000 0.80000 1.00000, -7.75000 -2.15000 0.10000"
1149,0.0000,Tx-Rx,0,-54.5654,"-3.90000 0.80000 1.00000, -7.45000 -2.15000 0.10000"
1150,0.0000,Tx-Rx,0,-51.3411,"-3.90000 0.80000 1.00000, -7.15000 -2.15000 0.10000"
1151,0.0000,Tx-Rx,0,-51.7269,"-3.90000 0.80000 1.00000, -6.85000 -2.15000 0.10000"
1152,0.0000,Tx-Rx,0,-56.1176,"-3.90000 0.80000 1.00000, -6.55000 -2.15000 0.10000"
1153,0.0000,Tx-Rx,0,-56.6536,"-3.90000 0.80000 1.00000, -6.25000 -2.15000 0.10000"
1154,0.0000,Tx-Rx,0,-56.4569,"-3.90000 0.80000 1.00000, -5.95000 -2.15000 0.10000"
1155,0.0000,Tx-Rx,0,-54.9918,"-3.90000 0.80000 1.00000, -5.65000 -2.15000 0.10000"
1156,0.0000,Tx-Rx,0,-55.9893,"-3.90000 0.80000 1.00000, -5.35000 -2.15000 0.10000"
1157,0.0000,Tx-Rx,0,-56.2840,"-3.90000 0.80000 1.00000, -5.05000 -2.15000 0.10000"
1158,0.0000,Tx-Rx,0,-53.9597,"-3.90000 0.80000 1.00000, -4.75000 -2.15000 0.10000"
1159,0.0000,Tx-Rx,0,-55.2171,"-3.90000 0.80000 1.00000, -4.45000 -2.15000 0.10000"
1160,0.0000,Tx-Rx,0,-55.2781,"-3.90000 0.80000 1.00000, -4.15000 -2.15000 0.10000"
1161,0.0000,Tx-Rx,0,-54.0758,"-3.90000 0.80000 1.00000, -3.85000 -2.15000 0.10000"
1162,0.0000,Tx-Rx,0,-54.4860,"-3.90000 0.80000 1.00000, -3.55000 -2.15000 0.10000"
1163,0.0000,Tx-Rx,0,-52.1420,"-3.90000 0.80000 1.00000, -3.25000 -2.15000 0.10000"
1164,0.0000,Tx-Rx,0,-53.0949,"-3.90000 0.80000 1.00000, -2.95000 -2.15000 0.10000"
1165,0.0000,Tx-Rx,0,-52.5074,"-3.90000 0.80000 1.00000, -2.65000 -2.15000 0.10000"
1166,0.0000,Tx-Rx,0,-51.9772,"-3.90000 0.80000 1.00000, -2.35000 -2.15000 0.10000"
1167,0.0000,Tx-Rx,0,-52.7559,"-3.90000 0.80000 1.00000, -2.05000 -2.15000 0.10000"
1168,0.0000,Tx-Rx,0,-53.7552,"-3.90000 0.80000 1.00000, -1.75000 -2.15000 0.10000"
1169,0.0000,Tx-Rx,0,-53.9768,"-3.90000 0.80000 1.00000, -1.45000 -2.15000 0.10000"
1170,0.0000,Tx-Rx,0,-52.3273,"-3.90000 0.80000 1.00000, -1.15000 -2.15000 0.10000"
1171,0.0000,Tx-Rx,0,-51.9016,"-3.90000 0.80000 1.00000, -0.85000 -2.15000 0.10000"
1172,0.0000,Tx-Rx,0,-52.6861,"-3.90000 0.80000 1.00000, -0.55000 -2.15000 0.10000"
1173,0.0000,Tx-Rx,0,-53.0969,"-3.90000 0.80000 1.00000, -0.25000 -2.15000 0.10000"
1174,0.0000,Tx-Rx,0,-58.1761,"-3.90000 0.80000 1.00000, 0.05000 -2.15000 0.10000"
1175,0.0000,Tx-Rx,0,-75.9851,"-3.90000 0.80000 1.00000, 0.35000 -2.15000 0.10000"
1176,0.0000,Tx-Rx,0,-74.0245,"-3.90000 0.80000 1.00000, 0.65000 -2.15000 0.10000"
1177,0.0000,Tx-Rx,0,-66.8825,"-3.90000 0.80000 1.00000, 0.95000 -2.15000 0.10000"
1178,0.0000,Tx-Rx,0,-65.6047,"-3.90000 0.80000 1.00000, 1.25000 -2.15000 0.10000"
1179,0.0000,Tx-Rx,0,-65.5732,"-3.90000 0.80000 1.00000, 1.55000 -2.15000 0.10000"
1180,0.0000,Tx-Rx,0,-65.4253,"-3.90000 0.80000 1.00000, 1.85000 -2.15000 0.10000"
1181,0.0000,Tx-Rx,0,-65.7316,"-3.90000 0.80000 1.00000, 2.15000 -2.15000 0.10000"
1182,0.0000,Tx-Rx,0,-69.5724,"-3.90000 0.80000 1.00000, 2.45000 -2.15000 0.10000"
1183,0.0000,Tx-Rx,0,-72.3014,"-3.90000 0.80000 1.00000, 2.75000 -2.15000 0.10000"
1184,0.0000,Tx-Rx,0,-70.7713,"-3.90000 0.80000 1.00000, 3.05000 -2.15000 0.10000"
1185,0.0000,Tx-Rx,0,-71.1671,"-3.90000 0.80000 1.00000, 3.35000 -2.15000 0.10000"
1186,0.0000,Tx-Rx,0,-71.2388,"-3.90000 0.80000 1.00000, 3.65000 -2.15000 0.10000"
1187,0.0000,Tx-Rx,0,-71.3755,"-3.90000 0.80000 1.00000, 3.95000 -2.15000 0.10000"
1188,0.0000,Tx-Rx,0,-71.0359,"-3.90000 0.80000 1.00000, 4.25000 -2.15000 0.10000"
1189,0.0000,Tx-Rx,0,-71.5309,"-3.90000 0.80000 1.00000, 4.55000 -2.15000 0.10000"
1190,0.0000,Tx-Rx,0,-70.2034,"-3.90000 0.80000 1.00000, 4.85000 -2.15000 0.10000"
1191,0.0000,Tx-Rx,0,-68.4433,"-3.90000 0.80000 1.00000, 5.15000 -2.15000 0.10000"
1192,0.0000,Tx-Rx,0,-68.0134,"-3.90000 0.80000 1.00000, 5.45000 -2.15000 0.10000"
1193,0.0000,Tx-Rx,0,-67.8256,"-3.90000 0.80000 1.00000, 5.75000 -2.15000 0.10000"
1194,0.0000,Tx-Rx,0,-67.9566,"-3.90000 0.80000 1.00000, 6.05000 -2.15000 0.10000"
1195,0.0000,Tx-Rx,0,-67.5405,"-3.90000 0.80000 1.00000, 6.35000 -2.15000 0.10000"
1196,0.0000,Tx-Rx,0,-67.7923,"-3.90000 0.80000 1.00000, 6.65000 -2.15000 0.10000"
1197,0.0000,Tx-Rx,0,-68.5980,"-3.90000 0.80000 1.00000, 6.95000 -2.15000 0.10000"
1198,0.0000,Tx-Rx,0,-70.3611,"-3.90000 0.80000 1.00000, 7.25000 -2.15000 0.10000"
1199,0.0000,Tx-Rx,0,-75.8578,"-3.90000 0.80000 1.00000, 7.55000 -2.15000 0.10000"
1200,0.0000,Tx-Rx,0,-76.6633,"-3.90000 0.80000 1.00000, 7.85000 -2.15000 0.10000"
1201,0.0000,Tx-Rx,0,-53.0210,"-3.90000 0.80000 1.00000, -9.85000 -1.85000 0.10000"
1202,0.0000,Tx-Rx,0,-55.2420,"-3.90000 0.80000 1.00000, -9.55000 -1.85000 0.10000"
1203,0.0000,Tx-Rx,0,-55.6751,"-3.90000 0.80000 1.00000, -9.25000 -1.85000 0.10000"
1204,0.0000,Tx-Rx,0,-55.2545,"-3.90000 0.80000 1.00000, -8.95000 -1.85000 0.10000"
1205,0.0000,Tx-Rx,0,-55.2913,"-3.90000 0.80000 1.00000, -8.65000 -1.85000 0.10000"
1206,0.0000,Tx-Rx,0,-54.9049,"-3.90000 0.80000 1.00000, -8.35000 -1.85000 0.10000"
1207,0.0000,Tx-Rx,0,-54.4793,"-3.90000 0.80000 1.00000, -8.05000 -1.85000 0.10000"
1208,0.0000,Tx-Rx,0,-54.3519,"-3.90000 0.80000 1.00000, -7.75000 -1.85000 0.10000"
1209,0.0000,Tx-Rx,0,-54.5772,"-3.90000 0.80000 1.00000, -7.45000 -1.85000 0.10000"
1210,0.0000,Tx-Rx,0,-54.5962,"-3.90000 0.80000 1.00000, -7.15000 -1.85000 0.10000"
1211,0.0000,Tx-Rx,0,-53.9151,"-3.90000 0.80000 1.00000, -6.85000 -1.85000 0.10000"
1212,0.0000,Tx-Rx,0,-52.1522,"-3.90000 0.80000 1.00000, -6.55000 -1.85000 0.10000"
1213,0.0000,Tx-Rx,0,-56.5990,"-3.90000 0.80000 1.00000, -6.25000 -1.85000 0.10000"
1214,0.0000,Tx-Rx,0,-57.8338,"-3.90000 0.80000 1.00000, -5.95000 -1.85000 0.10000"
1215,0.0000,Tx-Rx,0,-56.9331,"-3.90000 0.80000 1.00000, -5.65000 -1.85000 0.10000"
1216,0.0000,Tx-Rx,0,-56.4179,"-3.90000 0.80000 1.00000, -5.35000 -1.85000 0.10000"
1217,0.0000,Tx-Rx,0,-56.8802,"-3.90000 0.80000 1.00000, -5.05000 -1.85000 0.10000"
1218,0.0000,Tx-Rx,0,-54.4418,"-3.90000 0.80000 1.00000, -4.75000 -1.85000 0.10000"
1219,0.0000,Tx-Rx,0,-53.3175,"-3.90000 0.80000 1.00000, -4.45000 -1.85000 0.10000"
1220,0.0000,Tx-Rx,0,-52.5946,"-3.90000 0.80000 1.00000, -4.15000 -1.85000 0.10000"
1221,0.0000,Tx-Rx,0,-51.7771,"-3.90000 0.80000 1.00000, -3.85000 -1.85000 0.10000"
1222,0.0000,Tx-Rx,0,-52.0308,"-3.90000 0.80000 1.00000, -3.55000 -1.85000 0.10000"
1223,0.0000,Tx-Rx,0,-51.4831,"-3.90000 0.80000 1.00000, -3.25000 -1.85000 0.10000"
1224,0.0000,Tx-Rx,0,-52.9940,"-3.90000 0.80000 1.00000, -2.95000 -1.85000 0.10000"
1225,0.0000,Tx-Rx,0,-52.3611,"-3.90000 0.80000 1.00000, -2.65000 -1.85000 0.10000"
1226,0.0000,Tx-Rx,0,-52.3816,"-3.90000 0.80000 1.00000, -2.35000 -1.85000 0.10000"
1227,0.0000,Tx-Rx,0,-53.1797,"-3.90000 0.80000 1.00000, -2.05000 -1.85000 0.10000"
1228,0.0000,Tx-Rx,0,-53.5116,"-3.90000 0.80000 1.00000, -1.75000 -1.85000 0.10000"
1229,0.0000,Tx-Rx,0,-51.5712,"-3.90000 0.80000 1.00000, -1.45000 -1.85000 0.10000"
1230,0.0000,Tx-Rx,0,-50.9195,"-3.90000 0.80000 1.00000, -1.15000 -1.85000 0.10000"
1231,0.0000,Tx-Rx,0,-53.6267,"-3.90000 0.80000 1.00000, -0.85000 -1.85000 0.10000"
1232,0.0000,Tx-Rx,0,-53.8106,"-3.90000 0.80000 1.00000, -0.55000 -1.85000 0.10000"
1233,0.0000,Tx-Rx,0,-54.1132,"-3.90000 0.80000 1.00000, -0.25000 -1.85000 0.10000"
1234,0.0000,Tx-Rx,0,-59.0917,"-3.90000 0.80000 1.00000, 0.05000 -1.85000 0.10000"
1235,0.0000,Tx-Rx,0,-72.7575,"-3.90000 0.80000 1.00000, 0.35000 -1.85000 0.10000"
1236,0.0000,Tx-Rx,0,-71.7592,"-3.90000 0.80000 1.00000, 0.65000 -1.85000 0.10000"
1237,0.0000,Tx-Rx,0,-65.5922,"-3.90000 0.80000 1.00000, 0.95000 -1.85000 0.10000"
1238,0.0000,Tx-Rx,0,-65.4732,"-3.90000 0.80000 1.00000, 1.25000 -1.85000 0.10000"
1239,0.0000,Tx-Rx,0,-65.0620,"-3.90000 0.80000 1.00000, 1.55000 -1.85000 0.10000"
1240,0.0000,Tx-Rx,0,-65.3596,"-3.90000 0.80000 1.00000, 1.85000 -1.85000 0.10000"
1241,0.0000,Tx-Rx,0,-66.0519,"-3.90000 0.80000 1.00000, 2.15000 -1.85000 0.10000"
1242,0.0000,Tx-Rx,0,-71.6682,"-3.90000 0.80000 1.00000, 2.45000 -1.85000 0.10000"
1243,0.0000,Tx-Rx,0,-70.8623,"-3.90000 0.80000 1.00000, 2.75000 -1.85000 0.10000"
1244,0.0000,Tx-Rx,0,-70.5745,"-3.90000 0.80000 1.00000, 3.05000 -1.85000 0.10000"
1245,0.0000,Tx-Rx,0,-70.7291,"-3.90000 0.80000 1.00000, 3.35000 -1.85000 0.10000"
1246,0.0000,Tx-Rx,0,-70.8106,"-3.90000 0.80000 1.00000, 3.65000 -1.85000 0.10000"
1247,0.0000,Tx-Rx,0,-71.2995,"-3.90000 0.80000 1.00000, 3.95000 -1.85000 0.10000"
1248,0.0000,Tx-Rx,0,-71.2186,"-3.90000 0.80000 1.00000, 4.25000 -1.85000 0.10000"
1249,0.0000,Tx-Rx,0,-70.6677,"-3.90000 0.80000 1.00000, 4.55000 -1.85000 0.10000"
1250,0.0000,Tx-Rx,0,-68.3225,"-3.90000 0.80000 1.00000, 4.85000 -1.85000 0.10000"
1251,0.0000,Tx-Rx,0,-70.7628,"-3.90000 0.80000 1.00000, 5.15000 -1.85000 0.10000"
1252,0.0000,Tx-Rx,0,-70.3307,"-3.90000 0.80000 1.00000, 5.45000 -1.85000 0.10000"
1253,0.0000,Tx-Rx,0,-68.9312,"-3.90000 0.80000 1.00000, 5.75000 -1.85000 0.10000"
1254,0.0000,Tx-Rx,0,-67.7240,"-3.90000 0.80000 1.00000, 6.05000 -1.85000 0.10000"
1255,0.0000,Tx-Rx,0,-67.5462,"-3.90000 0.80000 1.00000, 6.35000 -1.85000 0.10000"
1256,0.0000,Tx-Rx,0,-67.1468,"-3.90000 0.80000 1.00000, 6.65000 -1.85000 0.10000"
1257,0.0000,Tx-Rx,0,-68.1334,"-3.90000 0.80000 1.00000, 6.95000 -1.85000 0.10000"
1258,0.0000,Tx-Rx,0,-69.3294,"-3.90000 0.80000 1.00000, 7.25000 -1.85000 0.10000"
1259,0.0000,Tx-Rx,0,-71.3837,"-3.90000 0.80000 1.00000, 7.55000 -1.85000 0.10000"
1260,0.0000,Tx-Rx,0,-76.8801,"-3.90000 0.80000 1.00000, 7.85000 -1.85000 0.10000"
1261,0.0000,Tx-Rx,0,-50.9390,"-3.90000 0.80000 1.00000, -9.85000 -1.55000 0.10000"
1262,0.0000,Tx-Rx,0,-50.8849,"-3.90000 0.80000 1.00000, -9.55000 -1.55000 0.10000"
1263,0.0000,Tx-Rx,0,-51.9278,"-3.90000 0.80000 1.00000, -9.25000 -1.55000 0.10000"
1264,0.0000,Tx-Rx,0,-53.9399,"-3.90000 0.80000 1.00000, -8.95000 -1.55000 0.10000"
1265,0.0000,Tx-Rx,0,-55.5375,"-3.90000 0.80000 1.00000, -8.65000 -1.55000 0.10000"
1266,0.0000,Tx-Rx,0,-55.6200,"-3.90000 0.80000 1.00000, -8.35000 -1.55000 0.10000"
1267,0.0000,Tx-Rx,0,-55.0015,"-3.90000 0.80000 1.00000, -8.05000 -1.55000 0.10000"
1268,0.0000,Tx-Rx,0,-55.1617,"-3.90000 0.80000 1.00000, -7.75000 -1.55000 0.10000"
1269,0.0000,Tx-Rx,0,-54.6131,"-3.90000 0.80000 1.00000, -7.45000 -1.55000 0.10000"
1270,0.0000,Tx-Rx,0,-54.2207,"-3.90000 0.80000 1.00000, -7.15000 -1.55000 0.10000"
1271,0.0000,Tx-Rx,0,-53.8180,"-3.90000 0.80000 1.00000, -6.85000 -1.55000 0.10000"
1272,0.0000,Tx-Rx,0,-53.4400,"-3.90000 0.80000 1.00000, -6.55000 -1.55000 0.10000"
1273,0.0000,Tx-Rx,0,-54.6092,"-3.90000 0.80000 1.00000, -6.25000 -1.55000 0.10000"
1274,0.0000,Tx-Rx,0,-55.8407,"-3.90000 0.80000 1.00000, -5.95000 -1.55000 0.10000"
1275,0.0000,Tx-Rx,0,-54.9706,"-3.90000 0.80000 1.00000, -5.65000 -1.55000 0.10000"
1276,0.0000,Tx-Rx,0,-53.7919,"-3.90000 0.80000 1.00000, -5.35000 -1.55000 0.10000"
1277,0.0000,Tx-Rx,0,-53.1095,"-3.90000 0.80000 1.00000, -5.05000 -1.55000 0.10000"
1278,0.0000,Tx-Rx,0,-52.1291,"-3.90000 0.80000 1.00000, -4.75000 -1.55000 0.10000"
1279,0.0000,Tx-Rx,0,-52.4472,"-3.90000 0.80000 1.00000, -4.45000 -1.55000 0.10000"
1280,0.0000,Tx-Rx,0,-51.5237,"-3.90000 0.80000 1.00000, -4.15000 -1.55000 0.10000"
1281,0.0000,Tx-Rx,0,-51.0906,"-3.90000 0.80000 1.00000, -3.85000 -1.55000 0.10000"
1282,0.0000,Tx-Rx,0,-52.2022,"-3.90000 0.80000 1.00000, -3.55000 -1.55000 0.10000"
1283,0.0000,Tx-Rx,0,-52.5266,"-3.90000 0.80000 1.00000, -3.25000 -1.55000 0.10000"
1284,0.0000,Tx-Rx,0,-53.6783,"-3.90000 0.80000 1.00000, -2.95000 -1.55000 0.10000"
1285,0.0000,Tx-Rx,0,-54.7269,"-3.90000 0.80000 1.00000, -2.65000 -1.55000 0.10000"
1286,0.0000,Tx-Rx,0,-55.3250,"-3.90000 0.80000 1.00000, -2.35000 -1.55000 0.10000"
1287,0.0000,Tx-Rx,0,-55.2267,"-3.90000 0.80000 1.00000, -2.05000 -1.55000 0.10000"
1288,0.0000,Tx-Rx,0,-52.9915,"-3.90000 0.80000 1.00000, -1.75000 -1.55000 0.10000"
1289,0.0000,Tx-Rx,0,-53.6468,"-3.90000 0.80000 1.00000, -1.45000 -1.55000 0.10000"
1290,0.0000,Tx-Rx,0,-52.2089,"-3.90000 0.80000 1.00000, -1.15000 -1.55000 0.10000"
1291,0.0000,Tx-Rx,0,-52.5823,"-3.90000 0.80000 1.00000, -0.85000 -1.55000 0.10000"
1292,0.0000,Tx-Rx,0,-53.3921,"-3.90000 0.80000 1.00000, -0.55000 -1.55000 0.10000"
1293,0.0000,Tx-Rx,0,-53.9817,"-3.90000 0.80000 1.00000, -0.25000 -1.55000 0.10000"
1294,0.0000,Tx-Rx,0,-58.5614,"-3.90000 0.80000 1.00000, 0.05000 -1.55000 0.10000"
1295,0.0000,Tx-Rx,0,-67.9590,"-3.90000 0.80000 1.00000, 0.35000 -1.55000 0.10000"
1296,0.0000,Tx-Rx,0,-68.2043,"-3.90000 0.80000 1.00000, 0.65000 -1.55000 0.10000"
1297,0.0000,Tx-Rx,0,-65.2120,"-3.90000 0.80000 1.00000, 0.95000 -1.55000 0.10000"
1298,0.0000,Tx-Rx,0,-65.1833,"-3.90000 0.80000 1.00000, 1.25000 -1.55000 0.10000"
1299,0.0000,Tx-Rx,0,-65.2617,"-3.90000 0.80000 1.00000, 1.55000 -1.55000 0.10000"
1300,0.0000,Tx-Rx,0,-65.2312,"-3.90000 0.80000 1.00000, 1.85000 -1.55000 0.10000"
1301,0.0000,Tx-Rx,0,-67.2315,"-3.90000 0.80000 1.00000, 2.15000 -1.55000 0.10000"
1302,0.0000,Tx-Rx,0,-70.1126,"-3.90000 0.80000 1.00000, 2.45000 -1.55000 0.10000"
1303,0.0000,Tx-Rx,0,-70.7027,"-3.90000 0.80000 1.00000, 2.75000 -1.55000 0.10000"
1304,0.0000,Tx-Rx,0,-70.7562,"-3.90000 0.80000 1.00000, 3.05000 -1.55000 0.10000"
1305,0.0000,Tx-Rx,0,-70.5437,"-3.90000 0.80000 1.00000, 3.35000 -1.55000 0.10000"
1306,0.0000,Tx-Rx,0,-70.9662,"-3.90000 0.80000 1.00000, 3.65000 -1.55000 0.10000"
1307,0.0000,Tx-Rx,0,-70.7858,"-3.90000 0.80000 1.00000, 3.95000 -1.55000 0.10000"
1308,0.0000,Tx-Rx,0,-71.1140,"-3.90000 0.80000 1.00000, 4.25000 -1.55000 0.10000"
1309,0.0000,Tx-Rx,0,-67.8809,"-3.90000 0.80000 1.00000, 4.55000 -1.55000 0.10000"
1310,0.0000,Tx-Rx,0,-69.9137,"-3.90000 0.80000 1.00000, 4.85000 -1.55000 0.10000"
1311,0.0000,Tx-Rx,0,-70.7145,"-3.90000 0.80000 1.00000, 5.15000 -1.55000 0.10000"
1312,0.0000,Tx-Rx,0,-70.9246,"-3.90000 0.80000 1.00000, 5.45000 -1.55000 0.10000"
1313,0.0000,Tx-Rx,0,-70.0664,"-3.90000 0.80000 1.00000, 5.75000 -1.55000 0.10000"
1314,0.0000,Tx-Rx,0,-70.1051,"-3.90000 0.80000 1.00000, 6.05000 -1.55000 0.10000"
1315,0.0000,Tx-Rx,0,-68.1967,"-3.90000 0.80000 1.00000, 6.35000 -1.55000 0.10000"
1316,0.0000,Tx-Rx,0,-68.2780,"-3.90000 0.80000 1.00000, 6.65000 -1.55000 0.10000"
1317,0.0000,Tx-Rx,0,-68.3986,"-3.90000 0.80000 1.00000, 6.95000 -1.55000 0.10000"
1318,0.0000,Tx-Rx,0,-69.3382,"-3.90000 0.80000 1.00000, 7.25000 -1.55000 0.10000"
1319,0.0000,Tx-Rx,0,-69.3375,"-3.90000 0.80000 1.00000, 7.55000 -1.55000 0.10000"
1320,0.0000,Tx-Rx,0,-66.9953,"-3.90000 0.80000 1.00000, 7.85000 -1.55000 0.10000"
1321,0.0000,Tx-Rx,0,-51.2355,"-3.90000 0.80000 1.00000, -9.85000 -1.25000 0.10000"
1322,0.0000,Tx-Rx,0,-50.8718,"-3.90000 0.80000 1.00000, -9.55000 -1.25000 0.10000"
1323,0.0000,Tx-Rx,0,-50.8246,"-3.90000 0.80000 1.00000, -9.25000 -1.25000 0.10000"
1324,0.0000,Tx-Rx,0,-50.4243,"-3.90000 0.80000 1.00000, -8.95000 -1.25000 0.10000"
1325,0.0000,Tx-Rx,0,-50.8865,"-3.90000 0.80000 1.00000, -8.65000 -1.25000 0.10000"
1326,0.0000,Tx-Rx,0,-52.4304,"-3.90000 0.80000 1.00000, -8.35000 -1.25000 0.10000"
1327,0.0000,Tx-Rx,0,-54.4313,"-3.90000 0.80000 1.00000, -8.05000 -1.25000 0.10000"
1328,0.0000,Tx-Rx,0,-54.8583,"-3.90000 0.80000 1.00000, -7.75000 -1.25000 0.10000"
1329,0.0000,Tx-Rx,0,-54.6124,"-3.90000 0.80000 1.00000, -7.45000 -1.25000 0.10000"
1330,0.0000,Tx-Rx,0,-54.1608,"-3.90000 0.80000 1.00000, -7.15000 -1.25000 0.10000"
1331,0.0000,Tx-Rx,0,-52.6593,"-3.90000 0.80000 1.00000, -6.85000 -1.25000 0.10000"
1332,0.0000,Tx-Rx,0,-52.0570,"-3.90000 0.80000 1.00000, -6.55000 -1.25000 0.10000"
1333,0.0000,Tx-Rx,0,-52.0058,"-3.90000 0.80000 1.00000, -6.25000 -1.25000 0.10000"
1334,0.0000,Tx-Rx,0,-50.4841,"-3.90000 0.80000 1.00000, -5.95000 -1.25000 0.10000"
1335,0.0000,Tx-Rx,0,-51.3707,"-3.90000 0.80000 1.00000, -5.65000 -1.25000 0.10000"
1336,0.0000,Tx-Rx,0,-51.8347,"-3.90000 0.80000 1.00000, -5.35000 -1.25000 0.10000"
1337,0.0000,Tx-Rx,0,-52.1824,"-3.90000 0.80000 1.00000, -5.05000 -1.25000 0.10000"
1338,0.0000,Tx-Rx,0,-52.5732,"-3.90000 0.80000 1.00000, -4.75000 -1.25000 0.10000"
1339,0.0000,Tx-Rx,0,-54.1874,"-3.90000 0.80000 1.00000, -4.45000 -1.25000 0.10000"
1340,0.0000,Tx-Rx,0,-53.2418,"-3.90000 0.80000 1.00000, -4.15000 -1.25000 0.10000"
1341,0.0000,Tx-Rx,0,-52.4252,"-3.90000 0.80000 1.00000, -3.85000 -1.25000 0.10000"
1342,0.0000,Tx-Rx,0,-55.9401,"-3.90000 0.80000 1.00000, -3.55000 -1.25000 0.10000"
1343,0.0000,Tx-Rx,0,-55.6859,"-3.90000 0.80000 1.00000, -3.25000 -1.25000 0.10000"
1344,0.0000,Tx-Rx,0,-54.3639,"-3.90000 0.80000 1.00000, -2.95000 -1.25000 0.10000"
1345,0.0000,Tx-Rx,0,-55.7285,"-3.90000 0.80000 1.00000, -2.65000 -1.25000 0.10000"
1346,0.0000,Tx-Rx,0,-55.1956,"-3.90000 0.80000 1.00000, -2.35000 -1.25000 0.10000"
1347,0.0000,Tx-Rx,0,-52.1406,"-3.90000 0.80000 1.00000, -2.05000 -1.25000 0.10000"
1348,0.0000,Tx-Rx,0,-53.9976,"-3.90000 0.80000 1.00000, -1.75000 -1.25000 0.10000"
1349,0.0000,Tx-Rx,0,-53.9265,"-3.90000 0.80000 1.00000, -1.45000 -1.25000 0.10000"
1350,0.0000,Tx-Rx,0,-52.0638,"-3.90000 0.80000 1.00000, -1.15000 -1.25000 0.10000"
1351,0.0000,Tx-Rx,0,-52.3932,"-3.90000 0.80000 1.00000, -0.85000 -1.25000 0.10000"
1352,0.0000,Tx-Rx,0,-52.3531,"-3.90000 0.80000 1.00000, -0.55000 -1.25000 0.10000"
1353,0.0000,Tx-Rx,0,-52.1258,"-3.90000 0.80000 1.00000, -0.25000 -1.25000 0.10000"
1354,0.0000,Tx-Rx,0,-55.3159,"-3.90000 0.80000 1.00000, 0.05000 -1.25000 0.10000"
1355,0.0000,Tx-Rx,0,-66.9072,"-3.90000 0.80000 1.00000, 0.35000 -1.25000 0.10000"
1356,0.0000,Tx-Rx,0,-64.5687,"-3.90000 0.80000 1.00000, 0.65000 -1.25000 0.10000"
1357,0.0000,Tx-Rx,0,-64.5513,"-3.90000 0.80000 1.00000, 0.95000 -1.25000 0.10000"
1358,0.0000,Tx-Rx,0,-65.2405,"-3.90000 0.80000 1.00000, 1.25000 -1.25000 0.10000"
1359,0.0000,Tx-Rx,0,-65.1409,"-3.90000 0.80000 1.00000, 1.55000 -1.25000 0.10000"
1360,0.0000,Tx-Rx,0,-64.8019,"-3.90000 0.80000 1.00000, 1.85000 -1.25000 0.10000"
1361,0.0000,Tx-Rx,0,-68.8182,"-3.90000 0.80000 1.00000, 2.15000 -1.25000 0.10000"
1362,0.0000,Tx-Rx,0,-69.9845,"-3.90000 0.80000 1.00000, 2.45000 -1.25000 0.10000"
1363,0.0000,Tx-Rx,0,-70.0299,"-3.90000 0.80000 1.00000, 2.75000 -1.25000 0.10000"
1364,0.0000,Tx-Rx,0,-70.3183,"-3.90000 0.80000 1.00000, 3.05000 -1.25000 0.10000"
1365,0.0000,Tx-Rx,0,-70.2881,"-3.90000 0.80000 1.00000, 3.35000 -1.25000 0.10000"
1366,0.0000,Tx-Rx,0,-70.1740,"-3.90000 0.80000 1.00000, 3.65000 -1.25000 0.10000"
1367,0.0000,Tx-Rx,0,-71.5906,"-3.90000 0.80000 1.00000, 3.95000 -1.25000 0.10000"
1368,0.0000,Tx-Rx,0,-67.6536,"-3.90000 0.80000 1.00000, 4.25000 -1.25000 0.10000"
1369,0.0000,Tx-Rx,0,-69.8914,"-3.90000 0.80000 1.00000, 4.55000 -1.25000 0.10000"
1370,0.0000,Tx-Rx,0,-70.4338,"-3.90000 0.80000 1.00000, 4.85000 -1.25000 0.10000"
1371,0.0000,Tx-Rx,0,-70.5763,"-3.90000 0.80000 1.00000, 5.15000 -1.25000 0.10000"
1372,0.0000,Tx-Rx,0,-71.0651,"-3.90000 0.80000 1.00000, 5.45000 -1.25000 0.10000"
1373,0.0000,Tx-Rx,0,-70.6564,"-3.90000 0.80000 1.00000, 5.75000 -1.25000 0.10000"
1374,0.0000,Tx-Rx,0,-71.8566,"-3.90000 0.80000 1.00000, 6.05000 -1.25000 0.10000"
1375,0.0000,Tx-Rx,0,-75.3877,"-3.90000 0.80000 1.00000, 6.35000 -1.25000 0.10000"
1376,0.0000,Tx-Rx,0,-71.3782,"-3.90000 0.80000 1.00000, 6.65000 -1.25000 0.10000"
1377,0.0000,Tx-Rx,0,-68.4364,"-3.90000 0.80000 1.00000, 6.95000 -1.25000 0.10000"
1378,0.0000,Tx-Rx,0,-68.8216,"-3.90000 0.80000 1.00000, 7.25000 -1.25000 0.10000"
1379,0.0000,Tx-Rx,0,-64.7474,"-3.90000 0.80000 1.00000, 7.55000 -1.25000 0.10000"
1380,0.0000,Tx-Rx,0,-62.3514,"-3.90000 0.80000 1.00000, 7.85000 -1.25000 0.10000"
1381,0.0000,Tx-Rx,0,-65.6823,"-3.90000 0.80000 1.00000, -9.85000 -0.95000 0.10000"
1382,0.0000,Tx-Rx,0,-56.2265,"-3.90000 0.80000 1.00000, -9.55000 -0.95000 0.10000"
1383,0.0000,Tx-Rx,0,-52.7958,"-3.90000 0.80000 1.00000, -9.25000 -0.95000 0.10000"
1384,0.0000,Tx-Rx,0,-50.5196,"-3.90000 0.80000 1.00000, -8.95000 -0.95000 0.10000"
1385,0.0000,Tx-Rx,0,-49.7289,"-3.90000 0.80000 1.00000, -8.65000 -0.95000 0.10000"
1386,0.0000,Tx-Rx,0,-49.1431,"-3.90000 0.80000 1.00000, -8.35000 -0.95000 0.10000"
1387,0.0000,Tx-Rx,0,-49.1949,"-3.90000 0.80000 1.00000, -8.05000 -0.95000 0.10000"
1388,0.0000,Tx-Rx,0,-49.8112,"-3.90000 0.80000 1.00000, -7.75000 -0.95000 0.10000"
1389,0.0000,Tx-Rx,0,-50.5429,"-3.90000 0.80000 1.00000, -7.45000 -0.95000 0.10000"
1390,0.0000,Tx-Rx,0,-50.0284,"-3.90000 0.80000 1.00000, -7.15000 -0.95000 0.10000"
1391,0.0000,Tx-Rx,0,-49.6671,"-3.90000 0.80000 1.00000, -6.85000 -0.95000 0.10000"
1392,0.0000,Tx-Rx,0,-50.1822,"-3.90000 0.80000 1.00000, -6.55000 -0.95000 0.10000"
1393,0.0000,Tx-Rx,0,-51.4097,"-3.90000 0.80000 1.00000, -6.25000 -0.95000 0.10000"
1394,0.0000,Tx-Rx,0,-51.5714,"-3.90000 0.80000 1.00000, -5.95000 -0.95000 0.10000"
1395,0.0000,Tx-Rx,0,-51.0504,"-3.90000 0.80000 1.00000, -5.65000 -0.95000 0.10000"
1396,0.0000,Tx-Rx,0,-52.6521,"-3.90000 0.80000 1.00000, -5.35000 -0.95000 0.10000"
1397,0.0000,Tx-Rx,0,-53.2199,"-3.90000 0.80000 1.00000, -5.05000 -0.95000 0.10000"
1398,0.0000,Tx-Rx,0,-51.4966,"-3.90000 0.80000 1.00000, -4.75000 -0.95000 0.10000"
1399,0.0000,Tx-Rx,0,-56.2017,"-3.90000 0.80000 1.00000, -4.45000 -0.95000 0.10000"
1400,0.0000,Tx-Rx,0,-53.1697,"-3.90000 0.80000 1.00000, -4.15000 -0.95000 0.10000"
1401,0.0000,Tx-Rx,0,-51.3841,"-3.90000 0.80000 1.00000, -3.85000 -0.95000 0.10000"
1402,0.0000,Tx-Rx,0,-55.0000,"-3.90000 0.80000 1.00000, -3.55000 -0.95000 0.10000"
1403,0.0000,Tx-Rx,0,-52.9281,"-3.90000 0.80000 1.00000, -3.25000 -0.95000 0.10000"
1404,0.0000,Tx-Rx,0,-52.5946,"-3.90000 0.80000 1.00000, -2.95000 -0.95000 0.10000"
1405,0.0000,Tx-Rx,0,-54.2106,"-3.90000 0.80000 1.00000, -2.65000 -0.95000 0.10000"
1406,0.0000,Tx-Rx,0,-52.9741,"-3.90000 0.80000 1.00000, -2.35000 -0.95000 0.10000"
1407,0.0000,Tx-Rx,0,-53.1087,"-3.90000 0.80000 1.00000, -2.05000 -0.95000 0.10000"
1408,0.0000,Tx-Rx,0,-54.6932,"-3.90000 0.80000 1.00000, -1.75000 -0.95000 0.10000"
1409,0.0000,Tx-Rx,0,-53.8746,"-3.90000 0.80000 1.00000, -1.45000 -0.95000 0.10000"
1410,0.0000,Tx-Rx,0,-51.9464,"-3.90000 0.80000 1.00000, -1.15000 -0.95000 0.10000"
1411,0.0000,Tx-Rx,0,-51.7187,"-3.90000 0.80000 1.00000, -0.85000 -0.95000 0.10000"
1412,0.0000,Tx-Rx,0,-49.2701,"-3.90000 0.80000 1.00000, -0.55000 -0.95000 0.10000"
1413,0.0000,Tx-Rx,0,-47.7718,"-3.90000 0.80000 1.00000, -0.25000 -0.95000 0.10000"
1414,0.0000,Tx-Rx,0,-52.3216,"-3.90000 0.80000 1.00000, 0.05000 -0.95000 0.10000"
1415,0.0000,Tx-Rx,0,-66.9415,"-3.90000 0.80000 1.00000, 0.35000 -0.95000 0.10000"
1416,0.0000,Tx-Rx,0,-63.7844,"-3.90000 0.80000 1.00000, 0.65000 -0.95000 0.10000"
1417,0.0000,Tx-Rx,0,-63.5089,"-3.90000 0.80000 1.00000, 0.95000 -0.95000 0.10000"
1418,0.0000,Tx-Rx,0,-63.6490,"-3.90000 0.80000 1.00000, 1.25000 -0.95000 0.10000"
1419,0.0000,Tx-Rx,0,-64.2855,"-3.90000 0.80000 1.00000, 1.55000 -0.95000 0.10000"
1420,0.0000,Tx-Rx,0,-65.2770,"-3.90000 0.80000 1.00000, 1.85000 -0.95000 0.10000"
1421,0.0000,Tx-Rx,0,-68.8472,"-3.90000 0.80000 1.00000, 2.15000 -0.95000 0.10000"
1422,0.0000,Tx-Rx,0,-69.4716,"-3.90000 0.80000 1.00000, 2.45000 -0.95000 0.10000"
1423,0.0000,Tx-Rx,0,-70.0167,"-3.90000 0.80000 1.00000, 2.75000 -0.95000 0.10000"
1424,0.0000,Tx-Rx,0,-70.1268,"-3.90000 0.80000 1.00000, 3.05000 -0.95000 0.10000"
1425,0.0000,Tx-Rx,0,-70.0065,"-3.90000 0.80000 1.00000, 3.35000 -0.95000 0.10000"
1426,0.0000,Tx-Rx,0,-71.7729,"-3.90000 0.80000 1.00000, 3.65000 -0.95000 0.10000"
1427,0.0000,Tx-Rx,0,-68.7872,"-3.90000 0.80000 1.00000, 3.95000 -0.95000 0.10000"
1428,0.0000,Tx-Rx,0,-69.4348,"-3.90000 0.80000 1.00000, 4.25000 -0.95000 0.10000"
1429,0.0000,Tx-Rx,0,-70.6797,"-3.90000 0.80000 1.00000, 4.55000 -0.95000 0.10000"
1430,0.0000,Tx-Rx,0,-70.8160,"-3.90000 0.80000 1.00000, 4.85000 -0.95000 0.10000"
1431,0.0000,Tx-Rx,0,-70.8398,"-3.90000 0.80000 1.00000, 5.15000 -0.95000 0.10000"
1432,0.0000,Tx-Rx,0,-70.6809,"-3.90000 0.80000 1.00000, 5.45000 -0.95000 0.10000"
1433,0.0000,Tx-Rx,0,-71.8411,"-3.90000 0.80000 1.00000, 5.75000 -0.95000 0.10000"
1434,0.0000,Tx-Rx,0,-73.8765,"-3.90000 0.80000 1.00000, 6.05000 -0.95000 0.10000"
1435,0.0000,Tx-Rx,0,-77.6556,"-3.90000 0.80000 1.00000, 6.35000 -0.95000 0.10000"
1436,0.0000,Tx-Rx,0,-77.4555,"-3.90000 0.80000 1.00000, 6.65000 -0.95000 0.10000"
1437,0.0000,Tx-Rx,0,-69.1041,"-3.90000 0.80000 1.00000, 6.95000 -0.95000 0.10000"
1438,0.0000,Tx-Rx,0,-63.6247,"-3.90000 0.80000 1.00000, 7.25000 -0.95000 0.10000"
1439,0.0000,Tx-Rx,0,-61.8395,"-3.90000 0.80000 1.00000, 7.55000 -0.95000 0.10000"
1440,0.0000,Tx-Rx,0,-61.6689,"-3.90000 0.80000 1.00000, 7.85000 -0.95000 0.10000"
1441,0.0000,Tx-Rx,0,-71.6165,"-3.90000 0.80000 1.00000, -9.85000 -0.65000 0.10000"
1442,0.0000,Tx-Rx,0,-71.8361,"-3.90000 0.80000 1.00000, -9.55000 -0.65000 0.10000"
1443,0.0000,Tx-Rx,0,-70.6614,"-3.90000 0.80000 1.00000, -9.25000 -0.65000 0.10000"
1444,0.0000,Tx-Rx,0,-67.4496,"-3.90000 0.80000 1.00000, -8.95000 -0.65000 0.10000"
1445,0.0000,Tx-Rx,0,-54.4517,"-3.90000 0.80000 1.00000, -8.65000 -0.65000 0.10000"
1446,0.0000,Tx-Rx,0,-46.8616,"-3.90000 0.80000 1.00000, -8.35000 -0.65000 0.10000"
1447,0.0000,Tx-Rx,0,-46.4208,"-3.90000 0.80000 1.00000, -8.05000 -0.65000 0.10000"
1448,0.0000,Tx-Rx,0,-46.3615,"-3.90000 0.80000 1.00000, -7.75000 -0.65000 0.10000"
1449,0.0000,Tx-Rx,0,-46.5877,"-3.90000 0.80000 1.00000, -7.45000 -0.65000 0.10000"
1450,0.0000,Tx-Rx,0,-47.7601,"-3.90000 0.80000 1.00000, -7.15000 -0.65000 0.10000"
1451,0.0000,Tx-Rx,0,-49.9933,"-3.90000 0.80000 1.00000, -6.85000 -0.65000 0.10000"
1452,0.0000,Tx-Rx,0,-52.5072,"-3.90000 0.80000 1.00000, -6.55000 -0.65000 0.10000"
1453,0.0000,Tx-Rx,0,-54.2711,"-3.90000 0.80000 1.00000, -6.25000 -0.65000 0.10000"
1454,0.0000,Tx-Rx,0,-54.3010,"-3.90000 0.80000 1.00000, -5.95000 -0.65000 0.10000"
1455,0.0000,Tx-Rx,0,-54.0134,"-3.90000 0.80000 1.00000, -5.65000 -0.65000 0.10000"
1456,0.0000,Tx-Rx,0,-53.9070,"-3.90000 0.80000 1.00000, -5.35000 -0.65000 0.10000"
1457,0.0000,Tx-Rx,0,-54.3183,"-3.90000 0.80000 1.00000, -5.05000 -0.65000 0.10000"
1458,0.0000,Tx-Rx,0,-51.4110,"-3.90000 0.80000 1.00000, -4.75000 -0.65000 0.10000"
1459,0.0000,Tx-Rx,0,-52.8970,"-3.90000 0.80000 1.00000, -4.45000 -0.65000 0.10000"
1460,0.0000,Tx-Rx,0,-51.4319,"-3.90000 0.80000 1.00000, -4.15000 -0.65000 0.10000"
1461,0.0000,Tx-Rx,0,-49.8696,"-3.90000 0.80000 1.00000, -3.85000 -0.65000 0.10000"
1462,0.0000,Tx-Rx,0,-53.2946,"-3.90000 0.80000 1.00000, -3.55000 -0.65000 0.10000"
1463,0.0000,Tx-Rx,0,-49.7409,"-3.90000 0.80000 1.00000, -3.25000 -0.65000 0.10000"
1464,0.0000,Tx-Rx,0,-54.2026,"-3.90000 0.80000 1.00000, -2.95000 -0.65000 0.10000"
1465,0.0000,Tx-Rx,0,-54.3266,"-3.90000 0.80000 1.00000, -2.65000 -0.65000 0.10000"
1466,0.0000,Tx-Rx,0,-54.3422,"-3.90000 0.80000 1.00000, -2.35000 -0.65000 0.10000"
1467,0.0000,Tx-Rx,0,-54.4609,"-3.90000 0.80000 1.00000, -2.05000 -0.65000 0.10000"
1468,0.0000,Tx-Rx,0,-54.6485,"-3.90000 0.80000 1.00000, -1.75000 -0.65000 0.10000"
1469,0.0000,Tx-Rx,0,-54.1473,"-3.90000 0.80000 1.00000, -1.45000 -0.65000 0.10000"
1470,0.0000,Tx-Rx,0,-51.1006,"-3.90000 0.80000 1.00000, -1.15000 -0.65000 0.10000"
1471,0.0000,Tx-Rx,0,-47.1044,"-3.90000 0.80000 1.00000, -0.85000 -0.65000 0.10000"
1472,0.0000,Tx-Rx,0,-46.8061,"-3.90000 0.80000 1.00000, -0.55000 -0.65000 0.10000"
1473,0.0000,Tx-Rx,0,-47.0422,"-3.90000 0.80000 1.00000, -0.25000 -0.65000 0.10000"
1474,0.0000,Tx-Rx,0,-52.0082,"-3.90000 0.80000 1.00000, 0.05000 -0.65000 0.10000"
1475,0.0000,Tx-Rx,0,-66.4521,"-3.90000 0.80000 1.00000, 0.35000 -0.65000 0.10000"
1476,0.0000,Tx-Rx,0,-63.3379,"-3.90000 0.80000 1.00000, 0.65000 -0.65000 0.10000"
1477,0.0000,Tx-Rx,0,-63.3822,"-3.90000 0.80000 1.00000, 0.95000 -0.65000 0.10000"
1478,0.0000,Tx-Rx,0,-62.9534,"-3.90000 0.80000 1.00000, 1.25000 -0.65000 0.10000"
1479,0.0000,Tx-Rx,0,-62.6813,"-3.90000 0.80000 1.00000, 1.55000 -0.65000 0.10000"
1480,0.0000,Tx-Rx,0,-65.8838,"-3.90000 0.80000 1.00000, 1.85000 -0.65000 0.10000"
1481,0.0000,Tx-Rx,0,-69.6309,"-3.90000 0.80000 1.00000, 2.15000 -0.65000 0.10000"
1482,0.0000,Tx-Rx,0,-69.4130,"-3.90000 0.80000 1.00000, 2.45000 -0.65000 0.10000"
1483,0.0000,Tx-Rx,0,-69.0659,"-3.90000 0.80000 1.00000, 2.75000 -0.65000 0.10000"
1484,0.0000,Tx-Rx,0,-70.2268,"-3.90000 0.80000 1.00000, 3.05000 -0.65000 0.10000"
1485,0.0000,Tx-Rx,0,-72.8624,"-3.90000 0.80000 1.00000, 3.35000 -0.65000 0.10000"
1486,0.0000,Tx-Rx,0,-70.0193,"-3.90000 0.80000 1.00000, 3.65000 -0.65000 0.10000"
1487,0.0000,Tx-Rx,0,-69.4536,"-3.90000 0.80000 1.00000, 3.95000 -0.65000 0.10000"
1488,0.0000,Tx-Rx,0,-71.4920,"-3.90000 0.80000 1.00000, 4.25000 -0.65000 0.10000"
1489,0.0000,Tx-Rx,0,-71.4086,"-3.90000 0.80000 1.00000, 4.55000 -0.65000 0.10000"
1490,0.0000,Tx-Rx,0,-70.9959,"-3.90000 0.80000 1.00000, 4.85000 -0.65000 0.10000"
1491,0.0000,Tx-Rx,0,-70.6184,"-3.90000 0.80000 1.00000, 5.15000 -0.65000 0.10000"
1492,0.0000,Tx-Rx,0,-72.3568,"-3.90000 0.80000 1.00000, 5.45000 -0.65000 0.10000"
1493,0.0000,Tx-Rx,0,-76.3148,"-3.90000 0.80000 1.00000, 5.75000 -0.65000 0.10000"
1494,0.0000,Tx-Rx,0,-76.4324,"-3.90000 0.80000 1.00000, 6.05000 -0.65000 0.10000"
1495,0.0000,Tx-Rx,0,-74.4206,"-3.90000 0.80000 1.00000, 6.35000 -0.65000 0.10000"
1496,0.0000,Tx-Rx,0,-68.0479,"-3.90000 0.80000 1.00000, 6.65000 -0.65000 0.10000"
1497,0.0000,Tx-Rx,0,-63.1255,"-3.90000 0.80000 1.00000, 6.95000 -0.65000 0.10000"
1498,0.0000,Tx-Rx,0,-62.1125,"-3.90000 0.80000 1.00000, 7.25000 -0.65000 0.10000"
1499,0.0000,Tx-Rx,0,-61.9084,"-3.90000 0.80000 1.00000, 7.55000 -0.65000 0.10000"
1500,0.0000,Tx-Rx,0,-61.5147,"-3.90000 0.80000 1.00000, 7.85000 -0.65000 0.10000"
1501,0.0000,Tx-Rx,0,-64.8673,"-3.90000 0.80000 1.00000, -9.85000 -0.35000 0.10000"
1502,0.0000,Tx-Rx,0,-65.5314,"-3.90000 0.80000 1.00000, -9.55000 -0.35000 0.10000"
1503,0.0000,Tx-Rx,0,-65.9396,"-3.90000 0.80000 1.00000, -9.25000 -0.35000 0.10000"
1504,0.0000,Tx-Rx,0,-91.7681,"-3.90000 0.80000 1.00000, -8.95000 -0.35000 0.10000"
1505,0.0000,Tx-Rx,0,-60.9003,"-3.90000 0.80000 1.00000, -8.65000 -0.35000 0.10000"
1506,0.0000,Tx-Rx,0,-48.1748,"-3.90000 0.80000 1.00000, -8.35000 -0.35000 0.10000"
1507,0.0000,Tx-Rx,0,-47.7851,"-3.90000 0.80000 1.00000, -8.05000 -0.35000 0.10000"
1508,0.0000,Tx-Rx,0,-47.3159,"-3.90000 0.80000 1.00000, -7.75000 -0.35000 0.10000"
1509,0.0000,Tx-Rx,0,-46.9835,"-3.90000 0.80000 1.00000, -7.45000 -0.35000 0.10000"
1510,0.0000,Tx-Rx,0,-46.5916,"-3.90000 0.80000 1.00000, -7.15000 -0.35000 0.10000"
1511,0.0000,Tx-Rx,0,-48.6937,"-3.90000 0.80000 1.00000, -6.85000 -0.35000 0.10000"
1512,0.0000,Tx-Rx,0,-54.0801,"-3.90000 0.80000 1.00000, -6.55000 -0.35000 0.10000"
1513,0.0000,Tx-Rx,0,-55.6353,"-3.90000 0.80000 1.00000, -6.25000 -0.35000 0.10000"
1514,0.0000,Tx-Rx,0,-55.3799,"-3.90000 0.80000 1.00000, -5.95000 -0.35000 0.10000"
1515,0.0000,Tx-Rx,0,-54.7821,"-3.90000 0.80000 1.00000, -5.65000 -0.35000 0.10000"
1516,0.0000,Tx-Rx,0,-55.1467,"-3.90000 0.80000 1.00000, -5.35000 -0.35000 0.10000"
1517,0.0000,Tx-Rx,0,-54.5203,"-3.90000 0.80000 1.00000, -5.05000 -0.35000 0.10000"
1518,0.0000,Tx-Rx,0,-50.2212,"-3.90000 0.80000 1.00000, -4.75000 -0.35000 0.10000"
1519,0.0000,Tx-Rx,0,-52.1031,"-3.90000 0.80000 1.00000, -4.45000 -0.35000 0.10000"
1520,0.0000,Tx-Rx,0,-49.8584,"-3.90000 0.80000 1.00000, -4.15000 -0.35000 0.10000"
1521,0.0000,Tx-Rx,0,-48.3155,"-3.90000 0.80000 1.00000, -3.85000 -0.35000 0.10000"
1522,0.0000,Tx-Rx,0,-51.8059,"-3.90000 0.80000 1.00000, -3.55000 -0.35000 0.10000"
1523,0.0000,Tx-Rx,0,-48.7701,"-3.90000 0.80000 1.00000, -3.25000 -0.35000 0.10000"
1524,0.0000,Tx-Rx,0,-53.2770,"-3.90000 0.80000 1.00000, -2.95000 -0.35000 0.10000"
1525,0.0000,Tx-Rx,0,-55.6753,"-3.90000 0.80000 1.00000, -2.65000 -0.35000 0.10000"
1526,0.0000,Tx-Rx,0,-54.7191,"-3.90000 0.80000 1.00000, -2.35000 -0.35000 0.10000"
1527,0.0000,Tx-Rx,0,-54.7300,"-3.90000 0.80000 1.00000, -2.05000 -0.35000 0.10000"
1528,0.0000,Tx-Rx,0,-54.6031,"-3.90000 0.80000 1.00000, -1.75000 -0.35000 0.10000"
1529,0.0000,Tx-Rx,0,-51.0557,"-3.90000 0.80000 1.00000, -1.45000 -0.35000 0.10000"
1530,0.0000,Tx-Rx,0,-47.4791,"-3.90000 0.80000 1.00000, -1.15000 -0.35000 0.10000"
1531,0.0000,Tx-Rx,0,-46.0606,"-3.90000 0.80000 1.00000, -0.85000 -0.35000 0.10000"
1532,0.0000,Tx-Rx,0,-46.3264,"-3.90000 0.80000 1.00000, -0.55000 -0.35000 0.10000"
1533,0.0000,Tx-Rx,0,-46.7988,"-3.90000 0.80000 1.00000, -0.25000 -0.35000 0.10000"
1534,0.0000,Tx-Rx,0,-51.9281,"-3.90000 0.80000 1.00000, 0.05000 -0.35000 0.10000"
1535,0.0000,Tx-Rx,0,-66.5518,"-3.90000 0.80000 1.00000, 0.35000 -0.35000 0.10000"
1536,0.0000,Tx-Rx,0,-64.6014,"-3.90000 0.80000 1.00000, 0.65000 -0.35000 0.10000"
1537,0.0000,Tx-Rx,0,-63.2122,"-3.90000 0.80000 1.00000, 0.95000 -0.35000 0.10000"
1538,0.0000,Tx-Rx,0,-62.4135,"-3.90000 0.80000 1.00000, 1.25000 -0.35000 0.10000"
1539,0.0000,Tx-Rx,0,-62.8187,"-3.90000 0.80000 1.00000, 1.55000 -0.35000 0.10000"
1540,0.0000,Tx-Rx,0,-65.6803,"-3.90000 0.80000 1.00000, 1.85000 -0.35000 0.10000"
1541,0.0000,Tx-Rx,0,-66.3364,"-3.90000 0.80000 1.00000, 2.15000 -0.35000 0.10000"
1542,0.0000,Tx-Rx,0,-68.7792,"-3.90000 0.80000 1.00000, 2.45000 -0.35000 0.10000"
1543,0.0000,Tx-Rx,0,-70.7179,"-3.90000 0.80000 1.00000, 2.75000 -0.35000 0.10000"
1544,0.0000,Tx-Rx,0,-72.1423,"-3.90000 0.80000 1.00000, 3.05000 -0.35000 0.10000"
1545,0.0000,Tx-Rx,0,-69.6808,"-3.90000 0.80000 1.00000, 3.35000 -0.35000 0.10000"
1546,0.0000,Tx-Rx,0,-68.4397,"-3.90000 0.80000 1.00000, 3.65000 -0.35000 0.10000"
1547,0.0000,Tx-Rx,0,-71.2320,"-3.90000 0.80000 1.00000, 3.95000 -0.35000 0.10000"
1548,0.0000,Tx-Rx,0,-71.8411,"-3.90000 0.80000 1.00000, 4.25000 -0.35000 0.10000"
1549,0.0000,Tx-Rx,0,-71.5094,"-3.90000 0.80000 1.00000, 4.55000 -0.35000 0.10000"
1550,0.0000,Tx-Rx,0,-70.3810,"-3.90000 0.80000 1.00000, 4.85000 -0.35000 0.10000"
1551,0.0000,Tx-Rx,0,-72.9446,"-3.90000 0.80000 1.00000, 5.15000 -0.35000 0.10000"
1552,0.0000,Tx-Rx,0,-76.2418,"-3.90000 0.80000 1.00000, 5.45000 -0.35000 0.10000"
1553,0.0000,Tx-Rx,0,-76.9670,"-3.90000 0.80000 1.00000, 5.75000 -0.35000 0.10000"
1554,0.0000,Tx-Rx,0,-73.7703,"-3.90000 0.80000 1.00000, 6.05000 -0.35000 0.10000"
1555,0.0000,Tx-Rx,0,-65.2180,"-3.90000 0.80000 1.00000, 6.35000 -0.35000 0.10000"
1556,0.0000,Tx-Rx,0,-62.1974,"-3.90000 0.80000 1.00000, 6.65000 -0.35000 0.10000"
1557,0.0000,Tx-Rx,0,-61.7541,"-3.90000 0.80000 1.00000, 6.95000 -0.35000 0.10000"
1558,0.0000,Tx-Rx,0,-61.8566,"-3.90000 0.80000 1.00000, 7.25000 -0.35000 0.10000"
1559,0.0000,Tx-Rx,0,-62.0403,"-3.90000 0.80000 1.00000, 7.55000 -0.35000 0.10000"
1560,0.0000,Tx-Rx,0,-63.6314,"-3.90000 0.80000 1.00000, 7.85000 -0.35000 0.10000"
1561,0.0000,Tx-Rx,0,-56.3690,"-3.90000 0.80000 1.00000, -9.85000 -0.05000 0.10000"
1562,0.0000,Tx-Rx,0,-56.2608,"-3.90000 0.80000 1.00000, -9.55000 -0.05000 0.10000"
1563,0.0000,Tx-Rx,0,-56.5258,"-3.90000 0.80000 1.00000, -9.25000 -0.05000 0.10000"
1564,0.0000,Tx-Rx,0,-56.7937,"-3.90000 0.80000 1.00000, -8.95000 -0.05000 0.10000"
1565,0.0000,Tx-Rx,0,-56.3469,"-3.90000 0.80000 1.00000, -8.65000 -0.05000 0.10000"
1566,0.0000,Tx-Rx,0,-53.3100,"-3.90000 0.80000 1.00000, -8.35000 -0.05000 0.10000"
1567,0.0000,Tx-Rx,0,-53.7186,"-3.90000 0.80000 1.00000, -8.05000 -0.05000 0.10000"
1568,0.0000,Tx-Rx,0,-52.2788,"-3.90000 0.80000 1.00000, -7.75000 -0.05000 0.10000"
1569,0.0000,Tx-Rx,0,-49.8644,"-3.90000 0.80000 1.00000, -7.45000 -0.05000 0.10000"
1570,0.0000,Tx-Rx,0,-47.8077,"-3.90000 0.80000 1.00000, -7.15000 -0.05000 0.10000"
1571,0.0000,Tx-Rx,0,-49.8286,"-3.90000 0.80000 1.00000, -6.85000 -0.05000 0.10000"
1572,0.0000,Tx-Rx,0,-50.8385,"-3.90000 0.80000 1.00000, -6.55000 -0.05000 0.10000"
1573,0.0000,Tx-Rx,0,-54.4837,"-3.90000 0.80000 1.00000, -6.25000 -0.05000 0.10000"
1574,0.0000,Tx-Rx,0,-54.4147,"-3.90000 0.80000 1.00000, -5.95000 -0.05000 0.10000"
1575,0.0000,Tx-Rx,0,-54.7972,"-3.90000 0.80000 1.00000, -5.65000 -0.05000 0.10000"
1576,0.0000,Tx-Rx,0,-54.1134,"-3.90000 0.80000 1.00000, -5.35000 -0.05000 0.10000"
1577,0.0000,Tx-Rx,0,-54.1600,"-3.90000 0.80000 1.00000, -5.05000 -0.05000 0.10000"
1578,0.0000,Tx-Rx,0,-48.4078,"-3.90000 0.80000 1.00000, -4.75000 -0.05000 0.10000"
1579,0.0000,Tx-Rx,0,-49.7545,"-3.90000 0.80000 1.00000, -4.45000 -0.05000 0.10000"
1580,0.0000,Tx-Rx,0,-48.1221,"-3.90000 0.80000 1.00000, -4.15000 -0.05000 0.10000"
1581,0.0000,Tx-Rx,0,-46.7361,"-3.90000 0.80000 1.00000, -3.85000 -0.05000 0.10000"
1582,0.0000,Tx-Rx,0,-50.0235,"-3.90000 0.80000 1.00000, -3.55000 -0.05000 0.10000"
1583,0.0000,Tx-Rx,0,-46.4965,"-3.90000 0.80000 1.00000, -3.25000 -0.05000 0.10000"
1584,0.0000,Tx-Rx,0,-50.3191,"-3.90000 0.80000 1.00000, -2.95000 -0.05000 0.10000"
1585,0.0000,Tx-Rx,0,-52.3223,"-3.90000 0.80000 1.00000, -2.65000 -0.05000 0.10000"
1586,0.0000,Tx-Rx,0,-52.1997,"-3.90000 0.80000 1.00000, -2.35000 -0.05000 0.10000"
1587,0.0000,Tx-Rx,0,-51.3406,"-3.90000 0.80000 1.00000, -2.05000 -0.05000 0.10000"
1588,0.0000,Tx-Rx,0,-52.0699,"-3.90000 0.80000 1.00000, -1.75000 -0.05000 0.10000"
1589,0.0000,Tx-Rx,0,-50.2473,"-3.90000 0.80000 1.00000, -1.45000 -0.05000 0.10000"
1590,0.0000,Tx-Rx,0,-49.5670,"-3.90000 0.80000 1.00000, -1.15000 -0.05000 0.10000"
1591,0.0000,Tx-Rx,0,-46.4293,"-3.90000 0.80000 1.00000, -0.85000 -0.05000 0.10000"
1592,0.0000,Tx-Rx,0,-47.4827,"-3.90000 0.80000 1.00000, -0.55000 -0.05000 0.10000"
1593,0.0000,Tx-Rx,0,-48.9250,"-3.90000 0.80000 1.00000, -0.25000 -0.05000 0.10000"
1594,0.0000,Tx-Rx,0,-54.5605,"-3.90000 0.80000 1.00000, 0.05000 -0.05000 0.10000"
1595,0.0000,Tx-Rx,0,-65.2867,"-3.90000 0.80000 1.00000, 0.35000 -0.05000 0.10000"
1596,0.0000,Tx-Rx,0,-64.4981,"-3.90000 0.80000 1.00000, 0.65000 -0.05000 0.10000"
1597,0.0000,Tx-Rx,0,-63.9266,"-3.90000 0.80000 1.00000, 0.95000 -0.05000 0.10000"
1598,0.0000,Tx-Rx,0,-63.4615,"-3.90000 0.80000 1.00000, 1.25000 -0.05000 0.10000"
1599,0.0000,Tx-Rx,0,-63.9915,"-3.90000 0.80000 1.00000, 1.55000 -0.05000 0.10000"
1600,0.0000,Tx-Rx,0,-65.4447,"-3.90000 0.80000 1.00000, 1.85000 -0.05000 0.10000"
1601,0.0000,Tx-Rx,0,-65.9990,"-3.90000 0.80000 1.00000, 2.15000 -0.05000 0.10000"
1602,0.0000,Tx-Rx,0,-66.3318,"-3.90000 0.80000 1.00000, 2.45000 -0.05000 0.10000"
1603,0.0000,Tx-Rx,0,-68.1593,"-3.90000 0.80000 1.00000, 2.75000 -0.05000 0.10000"
1604,0.0000,Tx-Rx,0,-71.1308,"-3.90000 0.80000 1.00000, 3.05000 -0.05000 0.10000"
1605,0.0000,Tx-Rx,0,-68.0194,"-3.90000 0.80000 1.00000, 3.35000 -0.05000 0.10000"
1606,0.0000,Tx-Rx,0,-70.6465,"-3.90000 0.80000 1.00000, 3.65000 -0.05000 0.10000"
1607,0.0000,Tx-Rx,0,-69.9196,"-3.90000 0.80000 1.00000, 3.95000 -0.05000 0.10000"
1608,0.0000,Tx-Rx,0,-70.2716,"-3.90000 0.80000 1.00000, 4.25000 -0.05000 0.10000"
1609,0.0000,Tx-Rx,0,-70.7758,"-3.90000 0.80000 1.00000, 4.55000 -0.05000 0.10000"
1610,0.0000,Tx-Rx,0,-72.7331,"-3.90000 0.80000 1.00000, 4.85000 -0.05000 0.10000"
1611,0.0000,Tx-Rx,0,-74.5371,"-3.90000 0.80000 1.00000, 5.15000 -0.05000 0.10000"
1612,0.0000,Tx-Rx,0,-74.0051,"-3.90000 0.80000 1.00000, 5.45000 -0.05000 0.10000"
1613,0.0000,Tx-Rx,0,-69.2814,"-3.90000 0.80000 1.00000, 5.75000 -0.05000 0.10000"
1614,0.0000,Tx-Rx,0,-63.4490,"-3.90000 0.80000 1.00000, 6.05000 -0.05000 0.10000"
1615,0.0000,Tx-Rx,0,-61.6169,"-3.90000 0.80000 1.00000, 6.35000 -0.05000 0.10000"
1616,0.0000,Tx-Rx,0,-61.6225,"-3.90000 0.80000 1.00000, 6.65000 -0.05000 0.10000"
1617,0.0000,Tx-Rx,0,-61.7077,"-3.90000 0.80000 1.00000, 6.95000 -0.05000 0.10000"
1618,0.0000,Tx-Rx,0,-62.1053,"-3.90000 0.80000 1.00000, 7.25000 -0.05000 0.10000"
1619,0.0000,Tx-Rx,0,-66.5406,"-3.90000 0.80000 1.00000, 7.55000 -0.05000 0.10000"
1620,0.0000,Tx-Rx,0,-75.5938,"-3.90000 0.80000 1.00000, 7.85000 -0.05000 0.10000"
1621,0.0000,Tx-Rx,0,-56.7734,"-3.90000 0.80000 1.00000, -9.85000 0.25000 0.10000"
1622,0.0000,Tx-Rx,0,-56.6900,"-3.90000 0.80000 1.00000, -9.55000 0.25000 0.10000"
1623,0.0000,Tx-Rx,0,-56.3836,"-3.90000 0.80000 1.00000, -9.25000 0.25000 0.10000"
1624,0.0000,Tx-Rx,0,-55.5458,"-3.90000 0.80000 1.00000, -8.95000 0.25000 0.10000"
1625,0.0000,Tx-Rx,0,-54.6970,"-3.90000 0.80000 1.00000, -8.65000 0.25000 0.10000"
1626,0.0000,Tx-Rx,0,-54.0738,"-3.90000 0.80000 1.00000, -8.35000 0.25000 0.10000"
1627,0.0000,Tx-Rx,0,-53.9293,"-3.90000 0.80000 1.00000, -8.05000 0.25000 0.10000"
1628,0.0000,Tx-Rx,0,-53.4760,"-3.90000 0.80000 1.00000, -7.75000 0.25000 0.10000"
1629,0.0000,Tx-Rx,0,-52.8668,"-3.90000 0.80000 1.00000, -7.45000 0.25000 0.10000"
1630,0.0000,Tx-Rx,0,-52.2613,"-3.90000 0.80000 1.00000, -7.15000 0.25000 0.10000"
1631,0.0000,Tx-Rx,0,-51.7333,"-3.90000 0.80000 1.00000, -6.85000 0.25000 0.10000"
1632,0.0000,Tx-Rx,0,-52.1664,"-3.90000 0.80000 1.00000, -6.55000 0.25000 0.10000"
1633,0.0000,Tx-Rx,0,-53.5192,"-3.90000 0.80000 1.00000, -6.25000 0.25000 0.10000"
1634,0.0000,Tx-Rx,0,-51.6162,"-3.90000 0.80000 1.00000, -5.95000 0.25000 0.10000"
1635,0.0000,Tx-Rx,0,-51.5294,"-3.90000 0.80000 1.00000, -5.65000 0.25000 0.10000"
1636,0.0000,Tx-Rx,0,-51.9194,"-3.90000 0.80000 1.00000, -5.35000 0.25000 0.10000"
1637,0.0000,Tx-Rx,0,-49.0284,"-3.90000 0.80000 1.00000, -5.05000 0.25000 0.10000"
1638,0.0000,Tx-Rx,0,-45.8115,"-3.90000 0.80000 1.00000, -4.75000 0.25000 0.10000"
1639,0.0000,Tx-Rx,0,-47.6700,"-3.90000 0.80000 1.00000, -4.45000 0.25000 0.10000"
1640,0.0000,Tx-Rx,0,-46.1691,"-3.90000 0.80000 1.00000, -4.15000 0.25000 0.10000"
1641,0.0000,Tx-Rx,0,-45.0075,"-3.90000 0.80000 1.00000, -3.85000 0.25000 0.10000"
1642,0.0000,Tx-Rx,0,-47.9218,"-3.90000 0.80000 1.00000, -3.55000 0.25000 0.10000"
1643,0.0000,Tx-Rx,0,-45.0803,"-3.90000 0.80000 1.00000, -3.25000 0.25000 0.10000"
1644,0.0000,Tx-Rx,0,-46.6933,"-3.90000 0.80000 1.00000, -2.95000 0.25000 0.10000"
1645,0.0000,Tx-Rx,0,-48.1981,"-3.90000 0.80000 1.00000, -2.65000 0.25000 0.10000"
1646,0.0000,Tx-Rx,0,-50.4242,"-3.90000 0.80000 1.00000, -2.35000 0.25000 0.10000"
1647,0.0000,Tx-Rx,0,-50.3548,"-3.90000 0.80000 1.00000, -2.05000 0.25000 0.10000"
1648,0.0000,Tx-Rx,0,-50.6734,"-3.90000 0.80000 1.00000, -1.75000 0.25000 0.10000"
1649,0.0000,Tx-Rx,0,-49.7957,"-3.90000 0.80000 1.00000, -1.45000 0.25000 0.10000"
1650,0.0000,Tx-Rx,0,-48.7389,"-3.90000 0.80000 1.00000, -1.15000 0.25000 0.10000"
1651,0.0000,Tx-Rx,0,-51.3322,"-3.90000 0.80000 1.00000, -0.85000 0.25000 0.10000"
1652,0.0000,Tx-Rx,0,-52.1405,"-3.90000 0.80000 1.00000, -0.55000 0.25000 0.10000"
1653,0.0000,Tx-Rx,0,-52.6053,"-3.90000 0.80000 1.00000, -0.25000 0.25000 0.10000"
1654,0.0000,Tx-Rx,0,-57.1407,"-3.90000 0.80000 1.00000, 0.05000 0.25000 0.10000"
1655,0.0000,Tx-Rx,0,-63.7219,"-3.90000 0.80000 1.00000, 0.35000 0.25000 0.10000"
1656,0.0000,Tx-Rx,0,-63.5083,"-3.90000 0.80000 1.00000, 0.65000 0.25000 0.10000"
1657,0.0000,Tx-Rx,0,-63.4807,"-3.90000 0.80000 1.00000, 0.95000 0.25000 0.10000"
1658,0.0000,Tx-Rx,0,-63.6763,"-3.90000 0.80000 1.00000, 1.25000 0.25000 0.10000"
1659,0.0000,Tx-Rx,0,-68.3622,"-3.90000 0.80000 1.00000, 1.55000 0.25000 0.10000"
1660,0.0000,Tx-Rx,0,-67.3611,"-3.90000 0.80000 1.00000, 1.85000 0.25000 0.10000"
1661,0.0000,Tx-Rx,0,-65.9530,"-3.90000 0.80000 1.00000, 2.15000 0.25000 0.10000"
1662,0.0000,Tx-Rx,0,-65.8297,"-3.90000 0.80000 1.00000, 2.45000 0.25000 0.10000"
1663,0.0000,Tx-Rx,0,-65.5364,"-3.90000 0.80000 1.00000, 2.75000 0.25000 0.10000"
1664,0.0000,Tx-Rx,0,-64.3660,"-3.90000 0.80000 1.00000, 3.05000 0.25000 0.10000"
1665,0.0000,Tx-Rx,0,-67.6637,"-3.90000 0.80000 1.00000, 3.35000 0.25000 0.10000"
1666,0.0000,Tx-Rx,0,-70.0736,"-3.90000 0.80000 1.00000, 3.65000 0.25000 0.10000"
1667,0.0000,Tx-Rx,0,-69.8122,"-3.90000 0.80000 1.00000, 3.95000 0.25000 0.10000"
1668,0.0000,Tx-Rx,0,-70.0796,"-3.90000 0.80000 1.00000, 4.25000 0.25000 0.10000"
1669,0.0000,Tx-Rx,0,-70.9837,"-3.90000 0.80000 1.00000, 4.55000 0.25000 0.10000"
1670,0.0000,Tx-Rx,0,-71.9623,"-3.90000 0.80000 1.00000, 4.85000 0.25000 0.10000"
1671,0.0000,Tx-Rx,0,-72.3617,"-3.90000 0.80000 1.00000, 5.15000 0.25000 0.10000"
1672,0.0000,Tx-Rx,0,-66.2326,"-3.90000 0.80000 1.00000, 5.45000 0.25000 0.10000"
1673,0.0000,Tx-Rx,0,-62.0532,"-3.90000 0.80000 1.00000, 5.75000 0.25000 0.10000"
1674,0.0000,Tx-Rx,0,-61.2724,"-3.90000 0.80000 1.00000, 6.05000 0.25000 0.10000"
1675,0.0000,Tx-Rx,0,-61.3776,"-3.90000 0.80000 1.00000, 6.35000 0.25000 0.10000"
1676,0.0000,Tx-Rx,0,-61.4349,"-3.90000 0.80000 1.00000, 6.65000 0.25000 0.10000"
1677,0.0000,Tx-Rx,0,-63.8279,"-3.90000 0.80000 1.00000, 6.95000 0.25000 0.10000"
1678,0.0000,Tx-Rx,0,-71.0148,"-3.90000 0.80000 1.00000, 7.25000 0.25000 0.10000"
1679,0.0000,Tx-Rx,0,-74.6232,"-3.90000 0.80000 1.00000, 7.55000 0.25000 0.10000"
1680,0.0000,Tx-Rx,0,-77.7607,"-3.90000 0.80000 1.00000, 7.85000 0.25000 0.10000"
1681,0.0000,Tx-Rx,0,-57.3553,"-3.90000 0.80000 1.00000, -9.85000 0.55000 0.10000"
1682,0.0000,Tx-Rx,0,-57.0199,"-3.90000 0.80000 1.00000, -9.55000 0.55000 0.10000"
1683,0.0000,Tx-Rx,0,-56.6693,"-3.90000 0.80000 1.00000, -9.25000 0.55000 0.10000"
1684,0.0000,Tx-Rx,0,-55.6137,"-3.90000 0.80000 1.00000, -8.95000 0.55000 0.10000"
1685,0.0000,Tx-Rx,0,-55.0287,"-3.90000 0.80000 1.00000, -8.65000 0.55000 0.10000"
1686,0.0000,Tx-Rx,0,-54.3309,"-3.90000 0.80000 1.00000, -8.35000 0.55000 0.10000"
1687,0.0000,Tx-Rx,0,-53.8851,"-3.90000 0.80000 1.00000, -8.05000 0.55000 0.10000"
1688,0.0000,Tx-Rx,0,-53.5477,"-3.90000 0.80000 1.00000, -7.75000 0.55000 0.10000"
1689,0.0000,Tx-Rx,0,-52.8461,"-3.90000 0.80000 1.00000, -7.45000 0.55000 0.10000"
1690,0.0000,Tx-Rx,0,-52.2489,"-3.90000 0.80000 1.00000, -7.15000 0.55000 0.10000"
1691,0.0000,Tx-Rx,0,-51.7021,"-3.90000 0.80000 1.00000, -6.85000 0.55000 0.10000"
1692,0.0000,Tx-Rx,0,-52.9180,"-3.90000 0.80000 1.00000, -6.55000 0.55000 0.10000"
1693,0.0000,Tx-Rx,0,-55.1061,"-3.90000 0.80000 1.00000, -6.25000 0.55000 0.10000"
1694,0.0000,Tx-Rx,0,-54.1523,"-3.90000 0.80000 1.00000, -5.95000 0.55000 0.10000"
1695,0.0000,Tx-Rx,0,-53.2514,"-3.90000 0.80000 1.00000, -5.65000 0.55000 0.10000"
1696,0.0000,Tx-Rx,0,-53.0785,"-3.90000 0.80000 1.00000, -5.35000 0.55000 0.10000"
1697,0.0000,Tx-Rx,0,-52.6046,"-3.90000 0.80000 1.00000, -5.05000 0.55000 0.10000"
1698,0.0000,Tx-Rx,0,-46.8849,"-3.90000 0.80000 1.00000, -4.75000 0.55000 0.10000"
1699,0.0000,Tx-Rx,0,-46.7880,"-3.90000 0.80000 1.00000, -4.45000 0.55000 0.10000"
1700,0.0000,Tx-Rx,0,-45.6610,"-3.90000 0.80000 1.00000, -4.15000 0.55000 0.10000"
1701,0.0000,Tx-Rx,0,-44.8647,"-3.90000 0.80000 1.00000, -3.85000 0.55000 0.10000"
1702,0.0000,Tx-Rx,0,-46.8814,"-3.90000 0.80000 1.00000, -3.55000 0.55000 0.10000"
1703,0.0000,Tx-Rx,0,-44.7831,"-3.90000 0.80000 1.00000, -3.25000 0.55000 0.10000"
1704,0.0000,Tx-Rx,0,-50.8405,"-3.90000 0.80000 1.00000, -2.95000 0.55000 0.10000"
1705,0.0000,Tx-Rx,0,-52.9317,"-3.90000 0.80000 1.00000, -2.65000 0.55000 0.10000"
1706,0.0000,Tx-Rx,0,-52.8830,"-3.90000 0.80000 1.00000, -2.35000 0.55000 0.10000"
1707,0.0000,Tx-Rx,0,-53.5903,"-3.90000 0.80000 1.00000, -2.05000 0.55000 0.10000"
1708,0.0000,Tx-Rx,0,-54.3357,"-3.90000 0.80000 1.00000, -1.75000 0.55000 0.10000"
1709,0.0000,Tx-Rx,0,-52.9343,"-3.90000 0.80000 1.00000, -1.45000 0.55000 0.10000"
1710,0.0000,Tx-Rx,0,-51.2328,"-3.90000 0.80000 1.00000, -1.15000 0.55000 0.10000"
1711,0.0000,Tx-Rx,0,-51.6952,"-3.90000 0.80000 1.00000, -0.85000 0.55000 0.10000"
1712,0.0000,Tx-Rx,0,-52.1155,"-3.90000 0.80000 1.00000, -0.55000 0.55000 0.10000"
1713,0.0000,Tx-Rx,0,-52.6324,"-3.90000 0.80000 1.00000, -0.25000 0.55000 0.10000"
1714,0.0000,Tx-Rx,0,-56.4360,"-3.90000 0.80000 1.00000, 0.05000 0.55000 0.10000"
1715,0.0000,Tx-Rx,0,-60.4278,"-3.90000 0.80000 1.00000, 0.35000 0.55000 0.10000"
1716,0.0000,Tx-Rx,0,-60.3998,"-3.90000 0.80000 1.00000, 0.65000 0.55000 0.10000"
1717,0.0000,Tx-Rx,0,-60.4462,"-3.90000 0.80000 1.00000, 0.95000 0.55000 0.10000"
1718,0.0000,Tx-Rx,0,-61.0237,"-3.90000 0.80000 1.00000, 1.25000 0.55000 0.10000"
1719,0.0000,Tx-Rx,0,-62.3610,"-3.90000 0.80000 1.00000, 1.55000 0.55000 0.10000"
1720,0.0000,Tx-Rx,0,-62.3665,"-3.90000 0.80000 1.00000, 1.85000 0.55000 0.10000"
1721,0.0000,Tx-Rx,0,-62.3800,"-3.90000 0.80000 1.00000, 2.15000 0.55000 0.10000"
1722,0.0000,Tx-Rx,0,-61.5033,"-3.90000 0.80000 1.00000, 2.45000 0.55000 0.10000"
1723,0.0000,Tx-Rx,0,-60.6451,"-3.90000 0.80000 1.00000, 2.75000 0.55000 0.10000"
1724,0.0000,Tx-Rx,0,-60.8370,"-3.90000 0.80000 1.00000, 3.05000 0.55000 0.10000"
1725,0.0000,Tx-Rx,0,-60.8933,"-3.90000 0.80000 1.00000, 3.35000 0.55000 0.10000"
1726,0.0000,Tx-Rx,0,-61.2110,"-3.90000 0.80000 1.00000, 3.65000 0.55000 0.10000"
1727,0.0000,Tx-Rx,0,-62.2355,"-3.90000 0.80000 1.00000, 3.95000 0.55000 0.10000"
1728,0.0000,Tx-Rx,0,-62.4362,"-3.90000 0.80000 1.00000, 4.25000 0.55000 0.10000"
1729,0.0000,Tx-Rx,0,-62.6101,"-3.90000 0.80000 1.00000, 4.55000 0.55000 0.10000"
1730,0.0000,Tx-Rx,0,-62.5153,"-3.90000 0.80000 1.00000, 4.85000 0.55000 0.10000"
1731,0.0000,Tx-Rx,0,-60.2706,"-3.90000 0.80000 1.00000, 5.15000 0.55000 0.10000"
1732,0.0000,Tx-Rx,0,-58.8430,"-3.90000 0.80000 1.00000, 5.45000 0.55000 0.10000"
1733,0.0000,Tx-Rx,0,-58.8180,"-3.90000 0.80000 1.00000, 5.75000 0.55000 0.10000"
1734,0.0000,Tx-Rx,0,-58.9404,"-3.90000 0.80000 1.00000, 6.05000 0.55000 0.10000"
1735,0.0000,Tx-Rx,0,-59.4694,"-3.90000 0.80000 1.00000, 6.35000 0.55000 0.10000"
1736,0.0000,Tx-Rx,0,-61.7454,"-3.90000 0.80000 1.00000, 6.65000 0.55000 0.10000"
1737,0.0000,Tx-Rx,0,-62.8643,"-3.90000 0.80000 1.00000, 6.95000 0.55000 0.10000"
1738,0.0000,Tx-Rx,0,-62.6164,"-3.90000 0.80000 1.00000, 7.25000 0.55000 0.10000"
1739,0.0000,Tx-Rx,0,-62.9048,"-3.90000 0.80000 1.00000, 7.55000 0.55000 0.10000"
1740,0.0000,Tx-Rx,0,-63.0027,"-3.90000 0.80000 1.00000, 7.85000 0.55000 0.10000"
1741,0.0000,Tx-Rx,0,-57.5063,"-3.90000 0.80000 1.00000, -9.85000 0.85000 0.10000"
1742,0.0000,Tx-Rx,0,-57.1534,"-3.90000 0.80000 1.00000, -9.55000 0.85000 0.10000"
1743,0.0000,Tx-Rx,0,-56.6129,"-3.90000 0.80000 1.00000, -9.25000 0.85000 0.10000"
1744,0.0000,Tx-Rx,0,-55.5203,"-3.90000 0.80000 1.00000, -8.95000 0.85000 0.10000"
1745,0.0000,Tx-Rx,0,-55.2035,"-3.90000 0.80000 1.00000, -8.65000 0.85000 0.10000"
1746,0.0000,Tx-Rx,0,-54.5801,"-3.90000 0.80000 1.00000, -8.35000 0.85000 0.10000"
1747,0.0000,Tx-Rx,0,-53.8418,"-3.90000 0.80000 1.00000, -8.05000 0.85000 0.10000"
1748,0.0000,Tx-Rx,0,-53.5540,"-3.90000 0.80000 1.00000, -7.75000 0.85000 0.10000"
1749,0.0000,Tx-Rx,0,-52.8573,"-3.90000 0.80000 1.00000, -7.45000 0.85000 0.10000"
1750,0.0000,Tx-Rx,0,-52.2221,"-3.90000 0.80000 1.00000, -7.15000 0.85000 0.10000"
1751,0.0000,Tx-Rx,0,-51.7074,"-3.90000 0.80000 1.00000, -6.85000 0.85000 0.10000"
1752,0.0000,Tx-Rx,0,-52.9459,"-3.90000 0.80000 1.00000, -6.55000 0.85000 0.10000"
1753,0.0000,Tx-Rx,0,-54.9357,"-3.90000 0.80000 1.00000, -6.25000 0.85000 0.10000"
1754,0.0000,Tx-Rx,0,-54.1129,"-3.90000 0.80000 1.00000, -5.95000 0.85000 0.10000"
1755,0.0000,Tx-Rx,0,-53.5002,"-3.90000 0.80000 1.00000, -5.65000 0.85000 0.10000"
1756,0.0000,Tx-Rx,0,-53.5838,"-3.90000 0.80000 1.00000, -5.35000 0.85000 0.10000"
1757,0.0000,Tx-Rx,0,-52.3436,"-3.90000 0.80000 1.00000, -5.05000 0.85000 0.10000"
1758,0.0000,Tx-Rx,0,-46.4451,"-3.90000 0.80000 1.00000, -4.75000 0.85000 0.10000"
1759,0.0000,Tx-Rx,0,-46.4552,"-3.90000 0.80000 1.00000, -4.45000 0.85000 0.10000"
1760,0.0000,Tx-Rx,0,-45.0743,"-3.90000 0.80000 1.00000, -4.15000 0.85000 0.10000"
1761,0.0000,Tx-Rx,0,-44.4727,"-3.90000 0.80000 1.00000, -3.85000 0.85000 0.10000"
1762,0.0000,Tx-Rx,0,-46.2211,"-3.90000 0.80000 1.00000, -3.55000 0.85000 0.10000"
1763,0.0000,Tx-Rx,0,-44.1096,"-3.90000 0.80000 1.00000, -3.25000 0.85000 0.10000"
1764,0.0000,Tx-Rx,0,-50.1087,"-3.90000 0.80000 1.00000, -2.95000 0.85000 0.10000"
1765,0.0000,Tx-Rx,0,-53.8023,"-3.90000 0.80000 1.00000, -2.65000 0.85000 0.10000"
1766,0.0000,Tx-Rx,0,-53.8799,"-3.90000 0.80000 1.00000, -2.35000 0.85000 0.10000"
1767,0.0000,Tx-Rx,0,-53.7836,"-3.90000 0.80000 1.00000, -2.05000 0.85000 0.10000"
1768,0.0000,Tx-Rx,0,-54.8435,"-3.90000 0.80000 1.00000, -1.75000 0.85000 0.10000"
1769,0.0000,Tx-Rx,0,-53.2093,"-3.90000 0.80000 1.00000, -1.45000 0.85000 0.10000"
1770,0.0000,Tx-Rx,0,-51.1704,"-3.90000 0.80000 1.00000, -1.15000 0.85000 0.10000"
1771,0.0000,Tx-Rx,0,-51.9244,"-3.90000 0.80000 1.00000, -0.85000 0.85000 0.10000"
1772,0.0000,Tx-Rx,0,-52.3625,"-3.90000 0.80000 1.00000, -0.55000 0.85000 0.10000"
1773,0.0000,Tx-Rx,0,-52.8179,"-3.90000 0.80000 1.00000, -0.25000 0.85000 0.10000"
1774,0.0000,Tx-Rx,0,-53.6624,"-3.90000 0.80000 1.00000, 0.05000 0.85000 0.10000"
1775,0.0000,Tx-Rx,0,-54.2752,"-3.90000 0.80000 1.00000, 0.35000 0.85000 0.10000"
1776,0.0000,Tx-Rx,0,-54.6763,"-3.90000 0.80000 1.00000, 0.65000 0.85000 0.10000"
1777,0.0000,Tx-Rx,0,-55.1261,"-3.90000 0.80000 1.00000, 0.95000 0.85000 0.10000"
1778,0.0000,Tx-Rx,0,-55.8872,"-3.90000 0.80000 1.00000, 1.25000 0.85000 0.10000"
1779,0.0000,Tx-Rx,0,-56.5628,"-3.90000 0.80000 1.00000, 1.55000 0.85000 0.10000"
1780,0.0000,Tx-Rx,0,-57.1669,"-3.90000 0.80000 1.00000, 1.85000 0.85000 0.10000"
1781,0.0000,Tx-Rx,0,-57.5989,"-3.90000 0.80000 1.00000, 2.15000 0.85000 0.10000"
1782,0.0000,Tx-Rx,0,-57.6860,"-3.90000 0.80000 1.00000, 2.45000 0.85000 0.10000"
1783,0.0000,Tx-Rx,0,-57.9789,"-3.90000 0.80000 1.00000, 2.75000 0.85000 0.10000"
1784,0.0000,Tx-Rx,0,-58.1352,"-3.90000 0.80000 1.00000, 3.05000 0.85000 0.10000"
1785,0.0000,Tx-Rx,0,-58.2901,"-3.90000 0.80000 1.00000, 3.35000 0.85000 0.10000"
1786,0.0000,Tx-Rx,0,-58.6509,"-3.90000 0.80000 1.00000, 3.65000 0.85000 0.10000"
1787,0.0000,Tx-Rx,0,-58.8735,"-3.90000 0.80000 1.00000, 3.95000 0.85000 0.10000"
1788,0.0000,Tx-Rx,0,-59.6786,"-3.90000 0.80000 1.00000, 4.25000 0.85000 0.10000"
1789,0.0000,Tx-Rx,0,-59.8722,"-3.90000 0.80000 1.00000, 4.55000 0.85000 0.10000"
1790,0.0000,Tx-Rx,0,-58.4667,"-3.90000 0.80000 1.00000, 4.85000 0.85000 0.10000"
1791,0.0000,Tx-Rx,0,-57.8504,"-3.90000 0.80000 1.00000, 5.15000 0.85000 0.10000"
1792,0.0000,Tx-Rx,0,-57.9656,"-3.90000 0.80000 1.00000, 5.45000 0.85000 0.10000"
1793,0.0000,Tx-Rx,0,-58.0321,"-3.90000 0.80000 1.00000, 5.75000 0.85000 0.10000"
1794,0.0000,Tx-Rx,0,-59.0747,"-3.90000 0.80000 1.00000, 6.05000 0.85000 0.10000"
1795,0.0000,Tx-Rx,0,-61.1482,"-3.90000 0.80000 1.00000, 6.35000 0.85000 0.10000"
1796,0.0000,Tx-Rx,0,-61.9205,"-3.90000 0.80000 1.00000, 6.65000 0.85000 0.10000"
1797,0.0000,Tx-Rx,0,-62.0050,"-3.90000 0.80000 1.00000, 6.95000 0.85000 0.10000"
1798,0.0000,Tx-Rx,0,-62.1181,"-3.90000 0.80000 1.00000, 7.25000 0.85000 0.10000"
1799,0.0000,Tx-Rx,0,-62.2262,"-3.90000 0.80000 1.00000, 7.55000 0.85000 0.10000"
1800,0.0000,Tx-Rx,0,-62.5398,"-3.90000 0.80000 1.00000, 7.85000 0.85000 0.10000"
1801,0.0000,Tx-Rx,0,-56.3267,"-3.90000 0.80000 1.00000, -9.85000 1.15000 0.10000"
1802,0.0000,Tx-Rx,0,-56.1857,"-3.90000 0.80000 1.00000, -9.55000 1.15000 0.10000"
1803,0.0000,Tx-Rx,0,-55.9122,"-3.90000 0.80000 1.00000, -9.25000 1.15000 0.10000"
1804,0.0000,Tx-Rx,0,-55.2733,"-3.90000 0.80000 1.00000, -8.95000 1.15000 0.10000"
1805,0.0000,Tx-Rx,0,-55.3332,"-3.90000 0.80000 1.00000, -8.65000 1.15000 0.10000"
1806,0.0000,Tx-Rx,0,-54.6217,"-3.90000 0.80000 1.00000, -8.35000 1.15000 0.10000"
1807,0.0000,Tx-Rx,0,-53.7620,"-3.90000 0.80000 1.00000, -8.05000 1.15000 0.10000"
1808,0.0000,Tx-Rx,0,-53.3586,"-3.90000 0.80000 1.00000, -7.75000 1.15000 0.10000"
1809,0.0000,Tx-Rx,0,-52.6664,"-3.90000 0.80000 1.00000, -7.45000 1.15000 0.10000"
1810,0.0000,Tx-Rx,0,-52.0167,"-3.90000 0.80000 1.00000, -7.15000 1.15000 0.10000"
1811,0.0000,Tx-Rx,0,-51.5853,"-3.90000 0.80000 1.00000, -6.85000 1.15000 0.10000"
1812,0.0000,Tx-Rx,0,-52.9496,"-3.90000 0.80000 1.00000, -6.55000 1.15000 0.10000"
1813,0.0000,Tx-Rx,0,-54.8097,"-3.90000 0.80000 1.00000, -6.25000 1.15000 0.10000"
1814,0.0000,Tx-Rx,0,-53.3101,"-3.90000 0.80000 1.00000, -5.95000 1.15000 0.10000"
1815,0.0000,Tx-Rx,0,-52.1334,"-3.90000 0.80000 1.00000, -5.65000 1.15000 0.10000"
1816,0.0000,Tx-Rx,0,-52.6200,"-3.90000 0.80000 1.00000, -5.35000 1.15000 0.10000"
1817,0.0000,Tx-Rx,0,-50.5576,"-3.90000 0.80000 1.00000, -5.05000 1.15000 0.10000"
1818,0.0000,Tx-Rx,0,-46.5560,"-3.90000 0.80000 1.00000, -4.75000 1.15000 0.10000"
1819,0.0000,Tx-Rx,0,-47.8156,"-3.90000 0.80000 1.00000, -4.45000 1.15000 0.10000"
1820,0.0000,Tx-Rx,0,-49.2992,"-3.90000 0.80000 1.00000, -4.15000 1.15000 0.10000"
1821,0.0000,Tx-Rx,0,-47.6777,"-3.90000 0.80000 1.00000, -3.85000 1.15000 0.10000"
1822,0.0000,Tx-Rx,0,-48.8616,"-3.90000 0.80000 1.00000, -3.55000 1.15000 0.10000"
1823,0.0000,Tx-Rx,0,-45.0111,"-3.90000 0.80000 1.00000, -3.25000 1.15000 0.10000"
1824,0.0000,Tx-Rx,0,-50.5135,"-3.90000 0.80000 1.00000, -2.95000 1.15000 0.10000"
1825,0.0000,Tx-Rx,0,-52.8187,"-3.90000 0.80000 1.00000, -2.65000 1.15000 0.10000"
1826,0.0000,Tx-Rx,0,-52.5747,"-3.90000 0.80000 1.00000, -2.35000 1.15000 0.10000"
1827,0.0000,Tx-Rx,0,-53.0068,"-3.90000 0.80000 1.00000, -2.05000 1.15000 0.10000"
1828,0.0000,Tx-Rx,0,-54.5769,"-3.90000 0.80000 1.00000, -1.75000 1.15000 0.10000"
1829,0.0000,Tx-Rx,0,-53.4355,"-3.90000 0.80000 1.00000, -1.45000 1.15000 0.10000"
1830,0.0000,Tx-Rx,0,-51.1297,"-3.90000 0.80000 1.00000, -1.15000 1.15000 0.10000"
1831,0.0000,Tx-Rx,0,-51.7797,"-3.90000 0.80000 1.00000, -0.85000 1.15000 0.10000"
1832,0.0000,Tx-Rx,0,-52.3750,"-3.90000 0.80000 1.00000, -0.55000 1.15000 0.10000"
1833,0.0000,Tx-Rx,0,-52.8873,"-3.90000 0.80000 1.00000, -0.25000 1.15000 0.10000"
1834,0.0000,Tx-Rx,0,-53.5299,"-3.90000 0.80000 1.00000, 0.05000 1.15000 0.10000"
1835,0.0000,Tx-Rx,0,-54.2556,"-3.90000 0.80000 1.00000, 0.35000 1.15000 0.10000"
1836,0.0000,Tx-Rx,0,-54.7065,"-3.90000 0.80000 1.00000, 0.65000 1.15000 0.10000"
1837,0.0000,Tx-Rx,0,-55.2683,"-3.90000 0.80000 1.00000, 0.95000 1.15000 0.10000"
1838,0.0000,Tx-Rx,0,-56.0812,"-3.90000 0.80000 1.00000, 1.25000 1.15000 0.10000"
1839,0.0000,Tx-Rx,0,-56.4507,"-3.90000 0.80000 1.00000, 1.55000 1.15000 0.10000"
1840,0.0000,Tx-Rx,0,-56.7403,"-3.90000 0.80000 1.00000, 1.85000 1.15000 0.10000"
1841,0.0000,Tx-Rx,0,-57.0691,"-3.90000 0.80000 1.00000, 2.15000 1.15000 0.10000"
1842,0.0000,Tx-Rx,0,-57.4223,"-3.90000 0.80000 1.00000, 2.45000 1.15000 0.10000"
1843,0.0000,Tx-Rx,0,-58.0677,"-3.90000 0.80000 1.00000, 2.75000 1.15000 0.10000"
1844,0.0000,Tx-Rx,0,-58.4537,"-3.90000 0.80000 1.00000, 3.05000 1.15000 0.10000"
1845,0.0000,Tx-Rx,0,-58.7260,"-3.90000 0.80000 1.00000, 3.35000 1.15000 0.10000"
1846,0.0000,Tx-Rx,0,-58.5458,"-3.90000 0.80000 1.00000, 3.65000 1.15000 0.10000"
1847,0.0000,Tx-Rx,0,-58.6605,"-3.90000 0.80000 1.00000, 3.95000 1.15000 0.10000"
1848,0.0000,Tx-Rx,0,-58.1670,"-3.90000 0.80000 1.00000, 4.25000 1.15000 0.10000"
1849,0.0000,Tx-Rx,0,-57.1822,"-3.90000 0.80000 1.00000, 4.55000 1.15000 0.10000"
1850,0.0000,Tx-Rx,0,-57.3942,"-3.90000 0.80000 1.00000, 4.85000 1.15000 0.10000"
1851,0.0000,Tx-Rx,0,-57.5852,"-3.90000 0.80000 1.00000, 5.15000 1.15000 0.10000"
1852,0.0000,Tx-Rx,0,-58.3447,"-3.90000 0.80000 1.00000, 5.45000 1.15000 0.10000"
1853,0.0000,Tx-Rx,0,-60.4458,"-3.90000 0.80000 1.00000, 5.75000 1.15000 0.10000"
1854,0.0000,Tx-Rx,0,-61.1347,"-3.90000 0.80000 1.00000, 6.05000 1.15000 0.10000"
1855,0.0000,Tx-Rx,0,-61.2875,"-3.90000 0.80000 1.00000, 6.35000 1.15000 0.10000"
1856,0.0000,Tx-Rx,0,-61.1623,"-3.90000 0.80000 1.00000, 6.65000 1.15000 0.10000"
1857,0.0000,Tx-Rx,0,-61.4962,"-3.90000 0.80000 1.00000, 6.95000 1.15000 0.10000"
1858,0.0000,Tx-Rx,0,-61.8830,"-3.90000 0.80000 1.00000, 7.25000 1.15000 0.10000"
1859,0.0000,Tx-Rx,0,-61.7232,"-3.90000 0.80000 1.00000, 7.55000 1.15000 0.10000"
1860,0.0000,Tx-Rx,0,-61.6451,"-3.90000 0.80000 1.00000, 7.85000 1.15000 0.10000"
1861,0.0000,Tx-Rx,0,-55.5897,"-3.90000 0.80000 1.00000, -9.85000 1.45000 0.10000"
1862,0.0000,Tx-Rx,0,-56.9623,"-3.90000 0.80000 1.00000, -9.55000 1.45000 0.10000"
1863,0.0000,Tx-Rx,0,-57.6351,"-3.90000 0.80000 1.00000, -9.25000 1.45000 0.10000"
1864,0.0000,Tx-Rx,0,-56.6345,"-3.90000 0.80000 1.00000, -8.95000 1.45000 0.10000"
1865,0.0000,Tx-Rx,0,-55.7965,"-3.90000 0.80000 1.00000, -8.65000 1.45000 0.10000"
1866,0.0000,Tx-Rx,0,-54.5480,"-3.90000 0.80000 1.00000, -8.35000 1.45000 0.10000"
1867,0.0000,Tx-Rx,0,-53.6555,"-3.90000 0.80000 1.00000, -8.05000 1.45000 0.10000"
1868,0.0000,Tx-Rx,0,-53.1968,"-3.90000 0.80000 1.00000, -7.75000 1.45000 0.10000"
1869,0.0000,Tx-Rx,0,-51.4680,"-3.90000 0.80000 1.00000, -7.45000 1.45000 0.10000"
1870,0.0000,Tx-Rx,0,-49.4305,"-3.90000 0.80000 1.00000, -7.15000 1.45000 0.10000"
1871,0.0000,Tx-Rx,0,-49.5216,"-3.90000 0.80000 1.00000, -6.85000 1.45000 0.10000"
1872,0.0000,Tx-Rx,0,-50.4038,"-3.90000 0.80000 1.00000, -6.55000 1.45000 0.10000"
1873,0.0000,Tx-Rx,0,-52.4362,"-3.90000 0.80000 1.00000, -6.25000 1.45000 0.10000"
1874,0.0000,Tx-Rx,0,-52.7359,"-3.90000 0.80000 1.00000, -5.95000 1.45000 0.10000"
1875,0.0000,Tx-Rx,0,-51.3054,"-3.90000 0.80000 1.00000, -5.65000 1.45000 0.10000"
1876,0.0000,Tx-Rx,0,-48.8999,"-3.90000 0.80000 1.00000, -5.35000 1.45000 0.10000"
1877,0.0000,Tx-Rx,0,-47.1670,"-3.90000 0.80000 1.00000, -5.05000 1.45000 0.10000"
1878,0.0000,Tx-Rx,0,-46.3297,"-3.90000 0.80000 1.00000, -4.75000 1.45000 0.10000"
1879,0.0000,Tx-Rx,0,-50.6053,"-3.90000 0.80000 1.00000, -4.45000 1.45000 0.10000"
1880,0.0000,Tx-Rx,0,-50.3618,"-3.90000 0.80000 1.00000, -4.15000 1.45000 0.10000"
1881,0.0000,Tx-Rx,0,-47.9163,"-3.90000 0.80000 1.00000, -3.85000 1.45000 0.10000"
1882,0.0000,Tx-Rx,0,-52.5849,"-3.90000 0.80000 1.00000, -3.55000 1.45000 0.10000"
1883,0.0000,Tx-Rx,0,-45.5827,"-3.90000 0.80000 1.00000, -3.25000 1.45000 0.10000"
1884,0.0000,Tx-Rx,0,-46.1257,"-3.90000 0.80000 1.00000, -2.95000 1.45000 0.10000"
1885,0.0000,Tx-Rx,0,-47.6492,"-3.90000 0.80000 1.00000, -2.65000 1.45000 0.10000"
1886,0.0000,Tx-Rx,0,-49.9643,"-3.90000 0.80000 1.00000, -2.35000 1.45000 0.10000"
1887,0.0000,Tx-Rx,0,-50.7819,"-3.90000 0.80000 1.00000, -2.05000 1.45000 0.10000"
1888,0.0000,Tx-Rx,0,-50.5216,"-3.90000 0.80000 1.00000, -1.75000 1.45000 0.10000"
1889,0.0000,Tx-Rx,0,-49.2611,"-3.90000 0.80000 1.00000, -1.45000 1.45000 0.10000"
1890,0.0000,Tx-Rx,0,-48.4578,"-3.90000 0.80000 1.00000, -1.15000 1.45000 0.10000"
1891,0.0000,Tx-Rx,0,-50.2748,"-3.90000 0.80000 1.00000, -0.85000 1.45000 0.10000"
1892,0.0000,Tx-Rx,0,-52.3765,"-3.90000 0.80000 1.00000, -0.55000 1.45000 0.10000"
1893,0.0000,Tx-Rx,0,-52.9647,"-3.90000 0.80000 1.00000, -0.25000 1.45000 0.10000"
1894,0.0000,Tx-Rx,0,-53.5579,"-3.90000 0.80000 1.00000, 0.05000 1.45000 0.10000"
1895,0.0000,Tx-Rx,0,-54.2323,"-3.90000 0.80000 1.00000, 0.35000 1.45000 0.10000"
1896,0.0000,Tx-Rx,0,-54.6889,"-3.90000 0.80000 1.00000, 0.65000 1.45000 0.10000"
1897,0.0000,Tx-Rx,0,-55.4999,"-3.90000 0.80000 1.00000, 0.95000 1.45000 0.10000"
1898,0.0000,Tx-Rx,0,-56.2365,"-3.90000 0.80000 1.00000, 1.25000 1.45000 0.10000"
1899,0.0000,Tx-Rx,0,-56.6196,"-3.90000 0.80000 1.00000, 1.55000 1.45000 0.10000"
1900,0.0000,Tx-Rx,0,-56.9530,"-3.90000 0.80000 1.00000, 1.85000 1.45000 0.10000"
1901,0.0000,Tx-Rx,0,-57.0212,"-3.90000 0.80000 1.00000, 2.15000 1.45000 0.10000"
1902,0.0000,Tx-Rx,0,-57.4301,"-3.90000 0.80000 1.00000, 2.45000 1.45000 0.10000"
1903,0.0000,Tx-Rx,0,-57.8810,"-3.90000 0.80000 1.00000, 2.75000 1.45000 0.10000"
1904,0.0000,Tx-Rx,0,-58.4223,"-3.90000 0.80000 1.00000, 3.05000 1.45000 0.10000"
1905,0.0000,Tx-Rx,0,-58.7292,"-3.90000 0.80000 1.00000, 3.35000 1.45000 0.10000"
1906,0.0000,Tx-Rx,0,-58.9179,"-3.90000 0.80000 1.00000, 3.65000 1.45000 0.10000"
1907,0.0000,Tx-Rx,0,-57.5300,"-3.90000 0.80000 1.00000, 3.95000 1.45000 0.10000"
1908,0.0000,Tx-Rx,0,-56.5493,"-3.90000 0.80000 1.00000, 4.25000 1.45000 0.10000"
1909,0.0000,Tx-Rx,0,-56.4375,"-3.90000 0.80000 1.00000, 4.55000 1.45000 0.10000"
1910,0.0000,Tx-Rx,0,-56.6401,"-3.90000 0.80000 1.00000, 4.85000 1.45000 0.10000"
1911,0.0000,Tx-Rx,0,-58.5942,"-3.90000 0.80000 1.00000, 5.15000 1.45000 0.10000"
1912,0.0000,Tx-Rx,0,-62.0485,"-3.90000 0.80000 1.00000, 5.45000 1.45000 0.10000"
1913,0.0000,Tx-Rx,0,-63.3336,"-3.90000 0.80000 1.00000, 5.75000 1.45000 0.10000"
1914,0.0000,Tx-Rx,0,-63.2752,"-3.90000 0.80000 1.00000, 6.05000 1.45000 0.10000"
1915,0.0000,Tx-Rx,0,-63.0405,"-3.90000 0.80000 1.00000, 6.35000 1.45000 0.10000"
1916,0.0000,Tx-Rx,0,-62.8203,"-3.90000 0.80000 1.00000, 6.65000 1.45000 0.10000"
1917,0.0000,Tx-Rx,0,-62.3475,"-3.90000 0.80000 1.00000, 6.95000 1.45000 0.10000"
1918,0.0000,Tx-Rx,0,-61.9450,"-3.90000 0.80000 1.00000, 7.25000 1.45000 0.10000"
1919,0.0000,Tx-Rx,0,-62.4166,"-3.90000 0.80000 1.00000, 7.55000 1.45000 0.10000"
1920,0.0000,Tx-Rx,0,-62.9479,"-3.90000 0.80000 1.00000, 7.85000 1.45000 0.10000"
1921,0.0000,Tx-Rx,0,-51.5381,"-3.90000 0.80000 1.00000, -9.85000 1.75000 0.10000"
1922,0.0000,Tx-Rx,0,-51.3444,"-3.90000 0.80000 1.00000, -9.55000 1.75000 0.10000"
1923,0.0000,Tx-Rx,0,-51.4920,"-3.90000 0.80000 1.00000, -9.25000 1.75000 0.10000"
1924,0.0000,Tx-Rx,0,-51.8145,"-3.90000 0.80000 1.00000, -8.95000 1.75000 0.10000"
1925,0.0000,Tx-Rx,0,-51.5011,"-3.90000 0.80000 1.00000, -8.65000 1.75000 0.10000"
1926,0.0000,Tx-Rx,0,-50.9410,"-3.90000 0.80000 1.00000, -8.35000 1.75000 0.10000"
1927,0.0000,Tx-Rx,0,-49.5700,"-3.90000 0.80000 1.00000, -8.05000 1.75000 0.10000"
1928,0.0000,Tx-Rx,0,-48.0856,"-3.90000 0.80000 1.00000, -7.75000 1.75000 0.10000"
1929,0.0000,Tx-Rx,0,-47.3791,"-3.90000 0.80000 1.00000, -7.45000 1.75000 0.10000"
1930,0.0000,Tx-Rx,0,-46.6331,"-3.90000 0.80000 1.00000, -7.15000 1.75000 0.10000"
1931,0.0000,Tx-Rx,0,-47.2303,"-3.90000 0.80000 1.00000, -6.85000 1.75000 0.10000"
1932,0.0000,Tx-Rx,0,-49.4026,"-3.90000 0.80000 1.00000, -6.55000 1.75000 0.10000"
1933,0.0000,Tx-Rx,0,-53.0573,"-3.90000 0.80000 1.00000, -6.25000 1.75000 0.10000"
1934,0.0000,Tx-Rx,0,-51.6478,"-3.90000 0.80000 1.00000, -5.95000 1.75000 0.10000"
1935,0.0000,Tx-Rx,0,-50.2864,"-3.90000 0.80000 1.00000, -5.65000 1.75000 0.10000"
1936,0.0000,Tx-Rx,0,-49.0914,"-3.90000 0.80000 1.00000, -5.35000 1.75000 0.10000"
1937,0.0000,Tx-Rx,0,-48.2469,"-3.90000 0.80000 1.00000, -5.05000 1.75000 0.10000"
1938,0.0000,Tx-Rx,0,-51.6793,"-3.90000 0.80000 1.00000, -4.75000 1.75000 0.10000"
1939,0.0000,Tx-Rx,0,-54.0840,"-3.90000 0.80000 1.00000, -4.45000 1.75000 0.10000"
1940,0.0000,Tx-Rx,0,-53.3439,"-3.90000 0.80000 1.00000, -4.15000 1.75000 0.10000"
1941,0.0000,Tx-Rx,0,-52.4949,"-3.90000 0.80000 1.00000, -3.85000 1.75000 0.10000"
1942,0.0000,Tx-Rx,0,-53.9892,"-3.90000 0.80000 1.00000, -3.55000 1.75000 0.10000"
1943,0.0000,Tx-Rx,0,-49.7243,"-3.90000 0.80000 1.00000, -3.25000 1.75000 0.10000"
1944,0.0000,Tx-Rx,0,-46.8438,"-3.90000 0.80000 1.00000, -2.95000 1.75000 0.10000"
1945,0.0000,Tx-Rx,0,-47.8328,"-3.90000 0.80000 1.00000, -2.65000 1.75000 0.10000"
1946,0.0000,Tx-Rx,0,-48.6182,"-3.90000 0.80000 1.00000, -2.35000 1.75000 0.10000"
1947,0.0000,Tx-Rx,0,-49.5184,"-3.90000 0.80000 1.00000, -2.05000 1.75000 0.10000"
1948,0.0000,Tx-Rx,0,-51.0962,"-3.90000 0.80000 1.00000, -1.75000 1.75000 0.10000"
1949,0.0000,Tx-Rx,0,-49.6150,"-3.90000 0.80000 1.00000, -1.45000 1.75000 0.10000"
1950,0.0000,Tx-Rx,0,-48.8835,"-3.90000 0.80000 1.00000, -1.15000 1.75000 0.10000"
1951,0.0000,Tx-Rx,0,-46.3696,"-3.90000 0.80000 1.00000, -0.85000 1.75000 0.10000"
1952,0.0000,Tx-Rx,0,-46.8376,"-3.90000 0.80000 1.00000, -0.55000 1.75000 0.10000"
1953,0.0000,Tx-Rx,0,-48.4515,"-3.90000 0.80000 1.00000, -0.25000 1.75000 0.10000"
1954,0.0000,Tx-Rx,0,-50.2366,"-3.90000 0.80000 1.00000, 0.05000 1.75000 0.10000"
1955,0.0000,Tx-Rx,0,-52.7621,"-3.90000 0.80000 1.00000, 0.35000 1.75000 0.10000"
1956,0.0000,Tx-Rx,0,-54.7506,"-3.90000 0.80000 1.00000, 0.65000 1.75000 0.10000"
1957,0.0000,Tx-Rx,0,-55.6227,"-3.90000 0.80000 1.00000, 0.95000 1.75000 0.10000"
1958,0.0000,Tx-Rx,0,-56.0442,"-3.90000 0.80000 1.00000, 1.25000 1.75000 0.10000"
1959,0.0000,Tx-Rx,0,-56.4296,"-3.90000 0.80000 1.00000, 1.55000 1.75000 0.10000"
1960,0.0000,Tx-Rx,0,-56.6177,"-3.90000 0.80000 1.00000, 1.85000 1.75000 0.10000"
1961,0.0000,Tx-Rx,0,-57.0783,"-3.90000 0.80000 1.00000, 2.15000 1.75000 0.10000"
1962,0.0000,Tx-Rx,0,-57.5019,"-3.90000 0.80000 1.00000, 2.45000 1.75000 0.10000"
1963,0.0000,Tx-Rx,0,-57.8501,"-3.90000 0.80000 1.00000, 2.75000 1.75000 0.10000"
1964,0.0000,Tx-Rx,0,-57.7760,"-3.90000 0.80000 1.00000, 3.05000 1.75000 0.10000"
1965,0.0000,Tx-Rx,0,-57.4867,"-3.90000 0.80000 1.00000, 3.35000 1.75000 0.10000"
1966,0.0000,Tx-Rx,0,-56.3568,"-3.90000 0.80000 1.00000, 3.65000 1.75000 0.10000"
1967,0.0000,Tx-Rx,0,-56.1050,"-3.90000 0.80000 1.00000, 3.95000 1.75000 0.10000"
1968,0.0000,Tx-Rx,0,-56.4184,"-3.90000 0.80000 1.00000, 4.25000 1.75000 0.10000"
1969,0.0000,Tx-Rx,0,-56.3254,"-3.90000 0.80000 1.00000, 4.55000 1.75000 0.10000"
1970,0.0000,Tx-Rx,0,-56.1393,"-3.90000 0.80000 1.00000, 4.85000 1.75000 0.10000"
1971,0.0000,Tx-Rx,0,-59.2843,"-3.90000 0.80000 1.00000, 5.15000 1.75000 0.10000"
1972,0.0000,Tx-Rx,0,-65.2660,"-3.90000 0.80000 1.00000, 5.45000 1.75000 0.10000"
1973,0.0000,Tx-Rx,0,-79.9356,"-3.90000 0.80000 1.00000, 5.75000 1.75000 0.10000"
1974,0.0000,Tx-Rx,0,-77.8350,"-3.90000 0.80000 1.00000, 6.05000 1.75000 0.10000"
1975,0.0000,Tx-Rx,0,-81.2514,"-3.90000 0.80000 1.00000, 6.35000 1.75000 0.10000"
1976,0.0000,Tx-Rx,0,-75.0018,"-3.90000 0.80000 1.00000, 6.65000 1.75000 0.10000"
1977,0.0000,Tx-Rx,0,-72.0944,"-3.90000 0.80000 1.00000, 6.95000 1.75000 0.10000"
1978,0.0000,Tx-Rx,0,-69.9240,"-3.90000 0.80000 1.00000, 7.25000 1.75000 0.10000"
1979,0.0000,Tx-Rx,0,-65.9713,"-3.90000 0.80000 1.00000, 7.55000 1.75000 0.10000"
1980,0.0000,Tx-Rx,0,-62.1392,"-3.90000 0.80000 1.00000, 7.85000 1.75000 0.10000"
1981,0.0000,Tx-Rx,0,-58.5227,"-3.90000 0.80000 1.00000, -9.85000 2.05000 0.10000"
1982,0.0000,Tx-Rx,0,-56.2258,"-3.90000 0.80000 1.00000, -9.55000 2.05000 0.10000"
1983,0.0000,Tx-Rx,0,-54.0661,"-3.90000 0.80000 1.00000, -9.25000 2.05000 0.10000"
1984,0.0000,Tx-Rx,0,-52.8429,"-3.90000 0.80000 1.00000, -8.95000 2.05000 0.10000"
1985,0.0000,Tx-Rx,0,-52.4561,"-3.90000 0.80000 1.00000, -8.65000 2.05000 0.10000"
1986,0.0000,Tx-Rx,0,-52.1994,"-3.90000 0.80000 1.00000, -8.35000 2.05000 0.10000"
1987,0.0000,Tx-Rx,0,-50.5092,"-3.90000 0.80000 1.00000, -8.05000 2.05000 0.10000"
1988,0.0000,Tx-Rx,0,-47.6540,"-3.90000 0.80000 1.00000, -7.75000 2.05000 0.10000"
1989,0.0000,Tx-Rx,0,-47.2951,"-3.90000 0.80000 1.00000, -7.45000 2.05000 0.10000"
1990,0.0000,Tx-Rx,0,-46.7810,"-3.90000 0.80000 1.00000, -7.15000 2.05000 0.10000"
1991,0.0000,Tx-Rx,0,-46.3731,"-3.90000 0.80000 1.00000, -6.85000 2.05000 0.10000"
1992,0.0000,Tx-Rx,0,-48.8029,"-3.90000 0.80000 1.00000, -6.55000 2.05000 0.10000"
1993,0.0000,Tx-Rx,0,-52.7192,"-3.90000 0.80000 1.00000, -6.25000 2.05000 0.10000"
1994,0.0000,Tx-Rx,0,-51.9685,"-3.90000 0.80000 1.00000, -5.95000 2.05000 0.10000"
1995,0.0000,Tx-Rx,0,-50.9597,"-3.90000 0.80000 1.00000, -5.65000 2.05000 0.10000"
1996,0.0000,Tx-Rx,0,-49.7643,"-3.90000 0.80000 1.00000, -5.35000 2.05000 0.10000"
1997,0.0000,Tx-Rx,0,-49.6425,"-3.90000 0.80000 1.00000, -5.05000 2.05000 0.10000"
1998,0.0000,Tx-Rx,0,-52.1878,"-3.90000 0.80000 1.00000, -4.75000 2.05000 0.10000"
1999,0.0000,Tx-Rx,0,-53.4161,"-3.90000 0.80000 1.00000, -4.45000 2.05000 0.10000"
2000,0.0000,Tx-Rx,0,-53.1524,"-3.90000 0.80000 1.00000, -4.15000 2.05000 0.10000"
2001,0.0000,Tx-Rx,0,-52.8458,"-3.90000 0.80000 1.00000, -3.85000 2.05000 0.10000"
2002,0.0000,Tx-Rx,0,-53.4991,"-3.90000 0.80000 1.00000, -3.55000 2.05000 0.10000"
2003,0.0000,Tx-Rx,0,-51.1379,"-3.90000 0.80000 1.00000, -3.25000 2.05000 0.10000"
2004,0.0000,Tx-Rx,0,-47.8334,"-3.90000 0.80000 1.00000, -2.95000 2.05000 0.10000"
2005,0.0000,Tx-Rx,0,-48.5088,"-3.90000 0.80000 1.00000, -2.65000 2.05000 0.10000"
2006,0.0000,Tx-Rx,0,-49.2366,"-3.90000 0.80000 1.00000, -2.35000 2.05000 0.10000"
2007,0.0000,Tx-Rx,0,-49.5815,"-3.90000 0.80000 1.00000, -2.05000 2.05000 0.10000"
2008,0.0000,Tx-Rx,0,-49.5181,"-3.90000 0.80000 1.00000, -1.75000 2.05000 0.10000"
2009,0.0000,Tx-Rx,0,-47.1512,"-3.90000 0.80000 1.00000, -1.45000 2.05000 0.10000"
2010,0.0000,Tx-Rx,0,-45.2257,"-3.90000 0.80000 1.00000, -1.15000 2.05000 0.10000"
2011,0.0000,Tx-Rx,0,-45.8309,"-3.90000 0.80000 1.00000, -0.85000 2.05000 0.10000"
2012,0.0000,Tx-Rx,0,-46.5518,"-3.90000 0.80000 1.00000, -0.55000 2.05000 0.10000"
2013,0.0000,Tx-Rx,0,-47.2312,"-3.90000 0.80000 1.00000, -0.25000 2.05000 0.10000"
2014,0.0000,Tx-Rx,0,-47.7457,"-3.90000 0.80000 1.00000, 0.05000 2.05000 0.10000"
2015,0.0000,Tx-Rx,0,-48.2396,"-3.90000 0.80000 1.00000, 0.35000 2.05000 0.10000"
2016,0.0000,Tx-Rx,0,-49.0527,"-3.90000 0.80000 1.00000, 0.65000 2.05000 0.10000"
2017,0.0000,Tx-Rx,0,-50.6119,"-3.90000 0.80000 1.00000, 0.95000 2.05000 0.10000"
2018,0.0000,Tx-Rx,0,-52.4709,"-3.90000 0.80000 1.00000, 1.25000 2.05000 0.10000"
2019,0.0000,Tx-Rx,0,-54.6537,"-3.90000 0.80000 1.00000, 1.55000 2.05000 0.10000"
2020,0.0000,Tx-Rx,0,-56.3859,"-3.90000 0.80000 1.00000, 1.85000 2.05000 0.10000"
2021,0.0000,Tx-Rx,0,-56.9577,"-3.90000 0.80000 1.00000, 2.15000 2.05000 0.10000"
2022,0.0000,Tx-Rx,0,-57.5153,"-3.90000 0.80000 1.00000, 2.45000 2.05000 0.10000"
2023,0.0000,Tx-Rx,0,-57.7958,"-3.90000 0.80000 1.00000, 2.75000 2.05000 0.10000"
2024,0.0000,Tx-Rx,0,-56.9593,"-3.90000 0.80000 1.00000, 3.05000 2.05000 0.10000"
2025,0.0000,Tx-Rx,0,-55.8873,"-3.90000 0.80000 1.00000, 3.35000 2.05000 0.10000"
2026,0.0000,Tx-Rx,0,-55.7646,"-3.90000 0.80000 1.00000, 3.65000 2.05000 0.10000"
2027,0.0000,Tx-Rx,0,-55.8912,"-3.90000 0.80000 1.00000, 3.95000 2.05000 0.10000"
2028,0.0000,Tx-Rx,0,-56.1041,"-3.90000 0.80000 1.00000, 4.25000 2.05000 0.10000"
2029,0.0000,Tx-Rx,0,-56.1993,"-3.90000 0.80000 1.00000, 4.55000 2.05000 0.10000"
2030,0.0000,Tx-Rx,0,-56.3525,"-3.90000 0.80000 1.00000, 4.85000 2.05000 0.10000"
2031,0.0000,Tx-Rx,0,-58.0704,"-3.90000 0.80000 1.00000, 5.15000 2.05000 0.10000"
2032,0.0000,Tx-Rx,0,-61.3502,"-3.90000 0.80000 1.00000, 5.45000 2.05000 0.10000"
2033,0.0000,Tx-Rx,0,-67.5691,"-3.90000 0.80000 1.00000, 5.75000 2.05000 0.10000"
2034,0.0000,Tx-Rx,0,-68.3386,"-3.90000 0.80000 1.00000, 6.05000 2.05000 0.10000"
2035,0.0000,Tx-Rx,0,-69.6503,"-3.90000 0.80000 1.00000, 6.35000 2.05000 0.10000"
2036,0.0000,Tx-Rx,0,-68.5744,"-3.90000 0.80000 1.00000, 6.65000 2.05000 0.10000"
2037,0.0000,Tx-Rx,0,-65.8376,"-3.90000 0.80000 1.00000, 6.95000 2.05000 0.10000"
2038,0.0000,Tx-Rx,0,-61.8297,"-3.90000 0.80000 1.00000, 7.25000 2.05000 0.10000"
2039,0.0000,Tx-Rx,0,-60.5118,"-3.90000 0.80000 1.00000, 7.55000 2.05000 0.10000"
2040,0.0000,Tx-Rx,0,-61.6293,"-3.90000 0.80000 1.00000, 7.85000 2.05000 0.10000"
2041,0.0000,Tx-Rx,0,-85.0201,"-3.90000 0.80000 1.00000, -9.85000 2.35000 0.10000"
2042,0.0000,Tx-Rx,0,-83.1460,"-3.90000 0.80000 1.00000, -9.55000 2.35000 0.10000"
2043,0.0000,Tx-Rx,0,-80.0789,"-3.90000 0.80000 1.00000, -9.25000 2.35000 0.10000"
2044,0.0000,Tx-Rx,0,-78.1094,"-3.90000 0.80000 1.00000, -8.95000 2.35000 0.10000"
2045,0.0000,Tx-Rx,0,-75.4665,"-3.90000 0.80000 1.00000, -8.65000 2.35000 0.10000"
2046,0.0000,Tx-Rx,0,-74.7757,"-3.90000 0.80000 1.00000, -8.35000 2.35000 0.10000"
2047,0.0000,Tx-Rx,0,-52.6353,"-3.90000 0.80000 1.00000, -8.05000 2.35000 0.10000"
2048,0.0000,Tx-Rx,0,-47.6409,"-3.90000 0.80000 1.00000, -7.75000 2.35000 0.10000"
2049,0.0000,Tx-Rx,0,-47.3209,"-3.90000 0.80000 1.00000, -7.45000 2.35000 0.10000"
2050,0.0000,Tx-Rx,0,-46.9998,"-3.90000 0.80000 1.00000, -7.15000 2.35000 0.10000"
2051,0.0000,Tx-Rx,0,-46.5930,"-3.90000 0.80000 1.00000, -6.85000 2.35000 0.10000"
2052,0.0000,Tx-Rx,0,-49.1384,"-3.90000 0.80000 1.00000, -6.55000 2.35000 0.10000"
2053,0.0000,Tx-Rx,0,-53.0907,"-3.90000 0.80000 1.00000, -6.25000 2.35000 0.10000"
2054,0.0000,Tx-Rx,0,-52.5081,"-3.90000 0.80000 1.00000, -5.95000 2.35000 0.10000"
2055,0.0000,Tx-Rx,0,-51.3699,"-3.90000 0.80000 1.00000, -5.65000 2.35000 0.10000"
2056,0.0000,Tx-Rx,0,-50.1095,"-3.90000 0.80000 1.00000, -5.35000 2.35000 0.10000"
2057,0.0000,Tx-Rx,0,-50.0864,"-3.90000 0.80000 1.00000, -5.05000 2.35000 0.10000"
2058,0.0000,Tx-Rx,0,-52.1584,"-3.90000 0.80000 1.00000, -4.75000 2.35000 0.10000"
2059,0.0000,Tx-Rx,0,-53.4561,"-3.90000 0.80000 1.00000, -4.45000 2.35000 0.10000"
2060,0.0000,Tx-Rx,0,-53.4629,"-3.90000 0.80000 1.00000, -4.15000 2.35000 0.10000"
2061,0.0000,Tx-Rx,0,-53.1664,"-3.90000 0.80000 1.00000, -3.85000 2.35000 0.10000"
2062,0.0000,Tx-Rx,0,-53.7387,"-3.90000 0.80000 1.00000, -3.55000 2.35000 0.10000"
2063,0.0000,Tx-Rx,0,-51.7146,"-3.90000 0.80000 1.00000, -3.25000 2.35000 0.10000"
2064,0.0000,Tx-Rx,0,-48.7562,"-3.90000 0.80000 1.00000, -2.95000 2.35000 0.10000"
2065,0.0000,Tx-Rx,0,-49.0862,"-3.90000 0.80000 1.00000, -2.65000 2.35000 0.10000"
2066,0.0000,Tx-Rx,0,-49.6920,"-3.90000 0.80000 1.00000, -2.35000 2.35000 0.10000"
2067,0.0000,Tx-Rx,0,-50.0368,"-3.90000 0.80000 1.00000, -2.05000 2.35000 0.10000"
2068,0.0000,Tx-Rx,0,-49.8942,"-3.90000 0.80000 1.00000, -1.75000 2.35000 0.10000"
2069,0.0000,Tx-Rx,0,-47.5219,"-3.90000 0.80000 1.00000, -1.45000 2.35000 0.10000"
2070,0.0000,Tx-Rx,0,-45.7162,"-3.90000 0.80000 1.00000, -1.15000 2.35000 0.10000"
2071,0.0000,Tx-Rx,0,-46.3288,"-3.90000 0.80000 1.00000, -0.85000 2.35000 0.10000"
2072,0.0000,Tx-Rx,0,-46.8630,"-3.90000 0.80000 1.00000, -0.55000 2.35000 0.10000"
2073,0.0000,Tx-Rx,0,-47.3756,"-3.90000 0.80000 1.00000, -0.25000 2.35000 0.10000"
2074,0.0000,Tx-Rx,0,-47.8530,"-3.90000 0.80000 1.00000, 0.05000 2.35000 0.10000"
2075,0.0000,Tx-Rx,0,-48.4118,"-3.90000 0.80000 1.00000, 0.35000 2.35000 0.10000"
2076,0.0000,Tx-Rx,0,-48.9621,"-3.90000 0.80000 1.00000, 0.65000 2.35000 0.10000"
2077,0.0000,Tx-Rx,0,-49.3565,"-3.90000 0.80000 1.00000, 0.95000 2.35000 0.10000"
2078,0.0000,Tx-Rx,0,-49.6401,"-3.90000 0.80000 1.00000, 1.25000 2.35000 0.10000"
2079,0.0000,Tx-Rx,0,-50.1419,"-3.90000 0.80000 1.00000, 1.55000 2.35000 0.10000"
2080,0.0000,Tx-Rx,0,-50.9416,"-3.90000 0.80000 1.00000, 1.85000 2.35000 0.10000"
2081,0.0000,Tx-Rx,0,-52.3844,"-3.90000 0.80000 1.00000, 2.15000 2.35000 0.10000"
2082,0.0000,Tx-Rx,0,-54.1553,"-3.90000 0.80000 1.00000, 2.45000 2.35000 0.10000"
2083,0.0000,Tx-Rx,0,-54.9777,"-3.90000 0.80000 1.00000, 2.75000 2.35000 0.10000"
2084,0.0000,Tx-Rx,0,-55.5666,"-3.90000 0.80000 1.00000, 3.05000 2.35000 0.10000"
2085,0.0000,Tx-Rx,0,-55.7175,"-3.90000 0.80000 1.00000, 3.35000 2.35000 0.10000"
2086,0.0000,Tx-Rx,0,-55.9919,"-3.90000 0.80000 1.00000, 3.65000 2.35000 0.10000"
2087,0.0000,Tx-Rx,0,-56.2300,"-3.90000 0.80000 1.00000, 3.95000 2.35000 0.10000"
2088,0.0000,Tx-Rx,0,-56.3386,"-3.90000 0.80000 1.00000, 4.25000 2.35000 0.10000"
2089,0.0000,Tx-Rx,0,-56.5368,"-3.90000 0.80000 1.00000, 4.55000 2.35000 0.10000"
2090,0.0000,Tx-Rx,0,-57.0140,"-3.90000 0.80000 1.00000, 4.85000 2.35000 0.10000"
2091,0.0000,Tx-Rx,0,-58.8427,"-3.90000 0.80000 1.00000, 5.15000 2.35000 0.10000"
2092,0.0000,Tx-Rx,0,-59.9210,"-3.90000 0.80000 1.00000, 5.45000 2.35000 0.10000"
2093,0.0000,Tx-Rx,0,-59.2236,"-3.90000 0.80000 1.00000, 5.75000 2.35000 0.10000"
2094,0.0000,Tx-Rx,0,-59.9513,"-3.90000 0.80000 1.00000, 6.05000 2.35000 0.10000"
2095,0.0000,Tx-Rx,0,-60.6323,"-3.90000 0.80000 1.00000, 6.35000 2.35000 0.10000"
2096,0.0000,Tx-Rx,0,-59.2333,"-3.90000 0.80000 1.00000, 6.65000 2.35000 0.10000"
2097,0.0000,Tx-Rx,0,-58.6418,"-3.90000 0.80000 1.00000, 6.95000 2.35000 0.10000"
2098,0.0000,Tx-Rx,0,-59.7394,"-3.90000 0.80000 1.00000, 7.25000 2.35000 0.10000"
2099,0.0000,Tx-Rx,0,-60.4782,"-3.90000 0.80000 1.00000, 7.55000 2.35000 0.10000"
2100,0.0000,Tx-Rx,0,-60.4616,"-3.90000 0.80000 1.00000, 7.85000 2.35000 0.10000"
2101,0.0000,Tx-Rx,0,-77.6061,"-3.90000 0.80000 1.00000, -9.85000 2.65000 0.10000"
2102,0.0000,Tx-Rx,0,-76.6839,"-3.90000 0.80000 1.00000, -9.55000 2.65000 0.10000"
2103,0.0000,Tx-Rx,0,-77.1037,"-3.90000 0.80000 1.00000, -9.25000 2.65000 0.10000"
2104,0.0000,Tx-Rx,0,-75.4655,"-3.90000 0.80000 1.00000, -8.95000 2.65000 0.10000"
2105,0.0000,Tx-Rx,0,-76.0191,"-3.90000 0.80000 1.00000, -8.65000 2.65000 0.10000"
2106,0.0000,Tx-Rx,0,-75.0283,"-3.90000 0.80000 1.00000, -8.35000 2.65000 0.10000"
2107,0.0000,Tx-Rx,0,-52.8845,"-3.90000 0.80000 1.00000, -8.05000 2.65000 0.10000"
2108,0.0000,Tx-Rx,0,-47.9289,"-3.90000 0.80000 1.00000, -7.75000 2.65000 0.10000"
2109,0.0000,Tx-Rx,0,-47.5557,"-3.90000 0.80000 1.00000, -7.45000 2.65000 0.10000"
2110,0.0000,Tx-Rx,0,-47.2236,"-3.90000 0.80000 1.00000, -7.15000 2.65000 0.10000"
2111,0.0000,Tx-Rx,0,-46.7945,"-3.90000 0.80000 1.00000, -6.85000 2.65000 0.10000"
2112,0.0000,Tx-Rx,0,-49.2373,"-3.90000 0.80000 1.00000, -6.55000 2.65000 0.10000"
2113,0.0000,Tx-Rx,0,-52.7066,"-3.90000 0.80000 1.00000, -6.25000 2.65000 0.10000"
2114,0.0000,Tx-Rx,0,-52.4712,"-3.90000 0.80000 1.00000, -5.95000 2.65000 0.10000"
2115,0.0000,Tx-Rx,0,-51.0801,"-3.90000 0.80000 1.00000, -5.65000 2.65000 0.10000"
2116,0.0000,Tx-Rx,0,-50.4629,"-3.90000 0.80000 1.00000, -5.35000 2.65000 0.10000"
2117,0.0000,Tx-Rx,0,-50.5519,"-3.90000 0.80000 1.00000, -5.05000 2.65000 0.10000"
2118,0.0000,Tx-Rx,0,-52.4527,"-3.90000 0.80000 1.00000, -4.75000 2.65000 0.10000"
2119,0.0000,Tx-Rx,0,-52.7447,"-3.90000 0.80000 1.00000, -4.45000 2.65000 0.10000"
2120,0.0000,Tx-Rx,0,-52.3131,"-3.90000 0.80000 1.00000, -4.15000 2.65000 0.10000"
2121,0.0000,Tx-Rx,0,-52.5674,"-3.90000 0.80000 1.00000, -3.85000 2.65000 0.10000"
2122,0.0000,Tx-Rx,0,-52.0497,"-3.90000 0.80000 1.00000, -3.55000 2.65000 0.10000"
2123,0.0000,Tx-Rx,0,-51.7851,"-3.90000 0.80000 1.00000, -3.25000 2.65000 0.10000"
2124,0.0000,Tx-Rx,0,-49.5746,"-3.90000 0.80000 1.00000, -2.95000 2.65000 0.10000"
2125,0.0000,Tx-Rx,0,-49.8990,"-3.90000 0.80000 1.00000, -2.65000 2.65000 0.10000"
2126,0.0000,Tx-Rx,0,-49.8806,"-3.90000 0.80000 1.00000, -2.35000 2.65000 0.10000"
2127,0.0000,Tx-Rx,0,-50.3270,"-3.90000 0.80000 1.00000, -2.05000 2.65000 0.10000"
2128,0.0000,Tx-Rx,0,-50.2824,"-3.90000 0.80000 1.00000, -1.75000 2.65000 0.10000"
2129,0.0000,Tx-Rx,0,-47.8374,"-3.90000 0.80000 1.00000, -1.45000 2.65000 0.10000"
2130,0.0000,Tx-Rx,0,-46.0556,"-3.90000 0.80000 1.00000, -1.15000 2.65000 0.10000"
2131,0.0000,Tx-Rx,0,-46.7293,"-3.90000 0.80000 1.00000, -0.85000 2.65000 0.10000"
2132,0.0000,Tx-Rx,0,-47.2216,"-3.90000 0.80000 1.00000, -0.55000 2.65000 0.10000"
2133,0.0000,Tx-Rx,0,-47.8958,"-3.90000 0.80000 1.00000, -0.25000 2.65000 0.10000"
2134,0.0000,Tx-Rx,0,-48.2217,"-3.90000 0.80000 1.00000, 0.05000 2.65000 0.10000"
2135,0.0000,Tx-Rx,0,-48.6626,"-3.90000 0.80000 1.00000, 0.35000 2.65000 0.10000"
2136,0.0000,Tx-Rx,0,-49.3585,"-3.90000 0.80000 1.00000, 0.65000 2.65000 0.10000"
2137,0.0000,Tx-Rx,0,-49.6664,"-3.90000 0.80000 1.00000, 0.95000 2.65000 0.10000"
2138,0.0000,Tx-Rx,0,-49.9915,"-3.90000 0.80000 1.00000, 1.25000 2.65000 0.10000"
2139,0.0000,Tx-Rx,0,-50.4138,"-3.90000 0.80000 1.00000, 1.55000 2.65000 0.10000"
2140,0.0000,Tx-Rx,0,-50.7360,"-3.90000 0.80000 1.00000, 1.85000 2.65000 0.10000"
2141,0.0000,Tx-Rx,0,-50.9830,"-3.90000 0.80000 1.00000, 2.15000 2.65000 0.10000"
2142,0.0000,Tx-Rx,0,-50.6116,"-3.90000 0.80000 1.00000, 2.45000 2.65000 0.10000"
2143,0.0000,Tx-Rx,0,-50.8086,"-3.90000 0.80000 1.00000, 2.75000 2.65000 0.10000"
2144,0.0000,Tx-Rx,0,-51.5045,"-3.90000 0.80000 1.00000, 3.05000 2.65000 0.10000"
2145,0.0000,Tx-Rx,0,-52.5950,"-3.90000 0.80000 1.00000, 3.35000 2.65000 0.10000"
2146,0.0000,Tx-Rx,0,-53.8404,"-3.90000 0.80000 1.00000, 3.65000 2.65000 0.10000"
2147,0.0000,Tx-Rx,0,-55.0984,"-3.90000 0.80000 1.00000, 3.95000 2.65000 0.10000"
2148,0.0000,Tx-Rx,0,-56.4768,"-3.90000 0.80000 1.00000, 4.25000 2.65000 0.10000"
2149,0.0000,Tx-Rx,0,-58.2284,"-3.90000 0.80000 1.00000, 4.55000 2.65000 0.10000"
2150,0.0000,Tx-Rx,0,-60.1468,"-3.90000 0.80000 1.00000, 4.85000 2.65000 0.10000"
2151,0.0000,Tx-Rx,0,-60.3356,"-3.90000 0.80000 1.00000, 5.15000 2.65000 0.10000"
2152,0.0000,Tx-Rx,0,-60.5797,"-3.90000 0.80000 1.00000, 5.45000 2.65000 0.10000"
2153,0.0000,Tx-Rx,0,-59.3509,"-3.90000 0.80000 1.00000, 5.75000 2.65000 0.10000"
2154,0.0000,Tx-Rx,0,-57.8602,"-3.90000 0.80000 1.00000, 6.05000 2.65000 0.10000"
2155,0.0000,Tx-Rx,0,-57.8218,"-3.90000 0.80000 1.00000, 6.35000 2.65000 0.10000"
2156,0.0000,Tx-Rx,0,-58.5795,"-3.90000 0.80000 1.00000, 6.65000 2.65000 0.10000"
2157,0.0000,Tx-Rx,0,-58.1229,"-3.90000 0.80000 1.00000, 6.95000 2.65000 0.10000"
2158,0.0000,Tx-Rx,0,-57.6626,"-3.90000 0.80000 1.00000, 7.25000 2.65000 0.10000"
2159,0.0000,Tx-Rx,0,-57.6387,"-3.90000 0.80000 1.00000, 7.55000 2.65000 0.10000"
2160,0.0000,Tx-Rx,0,-57.3009,"-3.90000 0.80000 1.00000, 7.85000 2.65000 0.10000"
2161,0.0000,Tx-Rx,0,-77.8344,"-3.90000 0.80000 1.00000, -9.85000 2.95000 0.10000"
2162,0.0000,Tx-Rx,0,-76.9624,"-3.90000 0.80000 1.00000, -9.55000 2.95000 0.10000"
2163,0.0000,Tx-Rx,0,-77.0564,"-3.90000 0.80000 1.00000, -9.25000 2.95000 0.10000"
2164,0.0000,Tx-Rx,0,-76.4961,"-3.90000 0.80000 1.00000, -8.95000 2.95000 0.10000"
2165,0.0000,Tx-Rx,0,-76.4696,"-3.90000 0.80000 1.00000, -8.65000 2.95000 0.10000"
2166,0.0000,Tx-Rx,0,-75.6687,"-3.90000 0.80000 1.00000, -8.35000 2.95000 0.10000"
2167,0.0000,Tx-Rx,0,-53.0262,"-3.90000 0.80000 1.00000, -8.05000 2.95000 0.10000"
2168,0.0000,Tx-Rx,0,-48.1444,"-3.90000 0.80000 1.00000, -7.75000 2.95000 0.10000"
2169,0.0000,Tx-Rx,0,-47.7697,"-3.90000 0.80000 1.00000, -7.45000 2.95000 0.10000"
2170,0.0000,Tx-Rx,0,-47.5169,"-3.90000 0.80000 1.00000, -7.15000 2.95000 0.10000"
2171,0.0000,Tx-Rx,0,-47.1456,"-3.90000 0.80000 1.00000, -6.85000 2.95000 0.10000"
2172,0.0000,Tx-Rx,0,-49.6764,"-3.90000 0.80000 1.00000, -6.55000 2.95000 0.10000"
2173,0.0000,Tx-Rx,0,-53.0229,"-3.90000 0.80000 1.00000, -6.25000 2.95000 0.10000"
2174,0.0000,Tx-Rx,0,-51.4669,"-3.90000 0.80000 1.00000, -5.95000 2.95000 0.10000"
2175,0.0000,Tx-Rx,0,-50.7717,"-3.90000 0.80000 1.00000, -5.65000 2.95000 0.10000"
2176,0.0000,Tx-Rx,0,-50.3257,"-3.90000 0.80000 1.00000, -5.35000 2.95000 0.10000"
2177,0.0000,Tx-Rx,0,-50.5019,"-3.90000 0.80000 1.00000, -5.05000 2.95000 0.10000"
2178,0.0000,Tx-Rx,0,-52.9635,"-3.90000 0.80000 1.00000, -4.75000 2.95000 0.10000"
2179,0.0000,Tx-Rx,0,-52.0128,"-3.90000 0.80000 1.00000, -4.45000 2.95000 0.10000"
2180,0.0000,Tx-Rx,0,-51.9267,"-3.90000 0.80000 1.00000, -4.15000 2.95000 0.10000"
2181,0.0000,Tx-Rx,0,-52.2319,"-3.90000 0.80000 1.00000, -3.85000 2.95000 0.10000"
2182,0.0000,Tx-Rx,0,-52.2316,"-3.90000 0.80000 1.00000, -3.55000 2.95000 0.10000"
2183,0.0000,Tx-Rx,0,-52.1569,"-3.90000 0.80000 1.00000, -3.25000 2.95000 0.10000"
2184,0.0000,Tx-Rx,0,-49.9318,"-3.90000 0.80000 1.00000, -2.95000 2.95000 0.10000"
2185,0.0000,Tx-Rx,0,-50.2962,"-3.90000 0.80000 1.00000, -2.65000 2.95000 0.10000"
2186,0.0000,Tx-Rx,0,-50.5037,"-3.90000 0.80000 1.00000, -2.35000 2.95000 0.10000"
2187,0.0000,Tx-Rx,0,-50.3112,"-3.90000 0.80000 1.00000, -2.05000 2.95000 0.10000"
2188,0.0000,Tx-Rx,0,-50.6208,"-3.90000 0.80000 1.00000, -1.75000 2.95000 0.10000"
2189,0.0000,Tx-Rx,0,-47.9892,"-3.90000 0.80000 1.00000, -1.45000 2.95000 0.10000"
2190,0.0000,Tx-Rx,0,-46.4313,"-3.90000 0.80000 1.00000, -1.15000 2.95000 0.10000"
2191,0.0000,Tx-Rx,0,-47.0333,"-3.90000 0.80000 1.00000, -0.85000 2.95000 0.10000"
2192,0.0000,Tx-Rx,0,-47.6304,"-3.90000 0.80000 1.00000, -0.55000 2.95000 0.10000"
2193,0.0000,Tx-Rx,0,-48.1565,"-3.90000 0.80000 1.00000, -0.25000 2.95000 0.10000"
2194,0.0000,Tx-Rx,0,-48.6306,"-3.90000 0.80000 1.00000, 0.05000 2.95000 0.10000"
2195,0.0000,Tx-Rx,0,-49.0330,"-3.90000 0.80000 1.00000, 0.35000 2.95000 0.10000"
2196,0.0000,Tx-Rx,0,-49.4647,"-3.90000 0.80000 1.00000, 0.65000 2.95000 0.10000"
2197,0.0000,Tx-Rx,0,-49.9602,"-3.90000 0.80000 1.00000, 0.95000 2.95000 0.10000"
2198,0.0000,Tx-Rx,0,-50.3723,"-3.90000 0.80000 1.00000, 1.25000 2.95000 0.10000"
2199,0.0000,Tx-Rx,0,-50.6475,"-3.90000 0.80000 1.00000, 1.55000 2.95000 0.10000"
2200,0.0000,Tx-Rx,0,-50.6461,"-3.90000 0.80000 1.00000, 1.85000 2.95000 0.10000"
2201,0.0000,Tx-Rx,0,-50.5213,"-3.90000 0.80000 1.00000, 2.15000 2.95000 0.10000"
2202,0.0000,Tx-Rx,0,-50.7580,"-3.90000 0.80000 1.00000, 2.45000 2.95000 0.10000"
2203,0.0000,Tx-Rx,0,-50.8836,"-3.90000 0.80000 1.00000, 2.75000 2.95000 0.10000"
2204,0.0000,Tx-Rx,0,-51.0956,"-3.90000 0.80000 1.00000, 3.05000 2.95000 0.10000"
2205,0.0000,Tx-Rx,0,-51.2888,"-3.90000 0.80000 1.00000, 3.35000 2.95000 0.10000"
2206,0.0000,Tx-Rx,0,-51.5845,"-3.90000 0.80000 1.00000, 3.65000 2.95000 0.10000"
2207,0.0000,Tx-Rx,0,-52.4336,"-3.90000 0.80000 1.00000, 3.95000 2.95000 0.10000"
2208,0.0000,Tx-Rx,0,-53.5817,"-3.90000 0.80000 1.00000, 4.25000 2.95000 0.10000"
2209,0.0000,Tx-Rx,0,-55.0246,"-3.90000 0.80000 1.00000, 4.55000 2.95000 0.10000"
2210,0.0000,Tx-Rx,0,-56.6984,"-3.90000 0.80000 1.00000, 4.85000 2.95000 0.10000"
2211,0.0000,Tx-Rx,0,-57.4066,"-3.90000 0.80000 1.00000, 5.15000 2.95000 0.10000"
2212,0.0000,Tx-Rx,0,-57.1390,"-3.90000 0.80000 1.00000, 5.45000 2.95000 0.10000"
2213,0.0000,Tx-Rx,0,-56.6407,"-3.90000 0.80000 1.00000, 5.75000 2.95000 0.10000"
2214,0.0000,Tx-Rx,0,-58.5809,"-3.90000 0.80000 1.00000, 6.05000 2.95000 0.10000"
2215,0.0000,Tx-Rx,0,-60.6147,"-3.90000 0.80000 1.00000, 6.35000 2.95000 0.10000"
2216,0.0000,Tx-Rx,0,-57.7823,"-3.90000 0.80000 1.00000, 6.65000 2.95000 0.10000"
2217,0.0000,Tx-Rx,0,-56.8924,"-3.90000 0.80000 1.00000, 6.95000 2.95000 0.10000"
2218,0.0000,Tx-Rx,0,-57.0596,"-3.90000 0.80000 1.00000, 7.25000 2.95000 0.10000"
2219,0.0000,Tx-Rx,0,-57.4367,"-3.90000 0.80000 1.00000, 7.55000 2.95000 0.10000"
2220,0.0000,Tx-Rx,0,-57.4027,"-3.90000 0.80000 1.00000, 7.85000 2.95000 0.10000"
2221,0.0000,Tx-Rx,0,-77.9510,"-3.90000 0.80000 1.00000, -9.85000 3.25000 0.10000"
2222,0.0000,Tx-Rx,0,-77.5212,"-3.90000 0.80000 1.00000, -9.55000 3.25000 0.10000"
2223,0.0000,Tx-Rx,0,-76.2296,"-3.90000 0.80000 1.00000, -9.25000 3.25000 0.10000"
2224,0.0000,Tx-Rx,0,-77.2388,"-3.90000 0.80000 1.00000, -8.95000 3.25000 0.10000"
2225,0.0000,Tx-Rx,0,-76.4213,"-3.90000 0.80000 1.00000, -8.65000 3.25000 0.10000"
2226,0.0000,Tx-Rx,0,-75.6724,"-3.90000 0.80000 1.00000, -8.35000 3.25000 0.10000"
2227,0.0000,Tx-Rx,0,-53.2700,"-3.90000 0.80000 1.00000, -8.05000 3.25000 0.10000"
2228,0.0000,Tx-Rx,0,-48.3461,"-3.90000 0.80000 1.00000, -7.75000 3.25000 0.10000"
2229,0.0000,Tx-Rx,0,-48.0071,"-3.90000 0.80000 1.00000, -7.45000 3.25000 0.10000"
2230,0.0000,Tx-Rx,0,-47.8027,"-3.90000 0.80000 1.00000, -7.15000 3.25000 0.10000"
2231,0.0000,Tx-Rx,0,-47.5049,"-3.90000 0.80000 1.00000, -6.85000 3.25000 0.10000"
2232,0.0000,Tx-Rx,0,-50.1271,"-3.90000 0.80000 1.00000, -6.55000 3.25000 0.10000"
2233,0.0000,Tx-Rx,0,-51.9001,"-3.90000 0.80000 1.00000, -6.25000 3.25000 0.10000"
2234,0.0000,Tx-Rx,0,-50.8339,"-3.90000 0.80000 1.00000, -5.95000 3.25000 0.10000"
2235,0.0000,Tx-Rx,0,-50.5234,"-3.90000 0.80000 1.00000, -5.65000 3.25000 0.10000"
2236,0.0000,Tx-Rx,0,-50.1729,"-3.90000 0.80000 1.00000, -5.35000 3.25000 0.10000"
2237,0.0000,Tx-Rx,0,-50.2721,"-3.90000 0.80000 1.00000, -5.05000 3.25000 0.10000"
2238,0.0000,Tx-Rx,0,-52.7730,"-3.90000 0.80000 1.00000, -4.75000 3.25000 0.10000"
2239,0.0000,Tx-Rx,0,-51.0650,"-3.90000 0.80000 1.00000, -4.45000 3.25000 0.10000"
2240,0.0000,Tx-Rx,0,-51.1731,"-3.90000 0.80000 1.00000, -4.15000 3.25000 0.10000"
2241,0.0000,Tx-Rx,0,-51.2022,"-3.90000 0.80000 1.00000, -3.85000 3.25000 0.10000"
2242,0.0000,Tx-Rx,0,-51.3523,"-3.90000 0.80000 1.00000, -3.55000 3.25000 0.10000"
2243,0.0000,Tx-Rx,0,-52.0554,"-3.90000 0.80000 1.00000, -3.25000 3.25000 0.10000"
2244,0.0000,Tx-Rx,0,-50.0193,"-3.90000 0.80000 1.00000, -2.95000 3.25000 0.10000"
2245,0.0000,Tx-Rx,0,-50.4293,"-3.90000 0.80000 1.00000, -2.65000 3.25000 0.10000"
2246,0.0000,Tx-Rx,0,-50.7033,"-3.90000 0.80000 1.00000, -2.35000 3.25000 0.10000"
2247,0.0000,Tx-Rx,0,-50.8290,"-3.90000 0.80000 1.00000, -2.05000 3.25000 0.10000"
2248,0.0000,Tx-Rx,0,-50.7635,"-3.90000 0.80000 1.00000, -1.75000 3.25000 0.10000"
2249,0.0000,Tx-Rx,0,-48.5414,"-3.90000 0.80000 1.00000, -1.45000 3.25000 0.10000"
2250,0.0000,Tx-Rx,0,-46.7567,"-3.90000 0.80000 1.00000, -1.15000 3.25000 0.10000"
2251,0.0000,Tx-Rx,0,-47.5030,"-3.90000 0.80000 1.00000, -0.85000 3.25000 0.10000"
2252,0.0000,Tx-Rx,0,-47.9471,"-3.90000 0.80000 1.00000, -0.55000 3.25000 0.10000"
2253,0.0000,Tx-Rx,0,-48.3011,"-3.90000 0.80000 1.00000, -0.25000 3.25000 0.10000"
2254,0.0000,Tx-Rx,0,-48.6932,"-3.90000 0.80000 1.00000, 0.05000 3.25000 0.10000"
2255,0.0000,Tx-Rx,0,-49.3718,"-3.90000 0.80000 1.00000, 0.35000 3.25000 0.10000"
2256,0.0000,Tx-Rx,0,-49.7571,"-3.90000 0.80000 1.00000, 0.65000 3.25000 0.10000"
2257,0.0000,Tx-Rx,0,-50.2672,"-3.90000 0.80000 1.00000, 0.95000 3.25000 0.10000"
2258,0.0000,Tx-Rx,0,-50.5166,"-3.90000 0.80000 1.00000, 1.25000 3.25000 0.10000"
2259,0.0000,Tx-Rx,0,-50.2234,"-3.90000 0.80000 1.00000, 1.55000 3.25000 0.10000"
2260,0.0000,Tx-Rx,0,-50.2469,"-3.90000 0.80000 1.00000, 1.85000 3.25000 0.10000"
2261,0.0000,Tx-Rx,0,-50.4532,"-3.90000 0.80000 1.00000, 2.15000 3.25000 0.10000"
2262,0.0000,Tx-Rx,0,-50.7626,"-3.90000 0.80000 1.00000, 2.45000 3.25000 0.10000"
2263,0.0000,Tx-Rx,0,-50.9599,"-3.90000 0.80000 1.00000, 2.75000 3.25000 0.10000"
2264,0.0000,Tx-Rx,0,-51.2769,"-3.90000 0.80000 1.00000, 3.05000 3.25000 0.10000"
2265,0.0000,Tx-Rx,0,-52.0173,"-3.90000 0.80000 1.00000, 3.35000 3.25000 0.10000"
2266,0.0000,Tx-Rx,0,-52.7940,"-3.90000 0.80000 1.00000, 3.65000 3.25000 0.10000"
2267,0.0000,Tx-Rx,0,-53.1266,"-3.90000 0.80000 1.00000, 3.95000 3.25000 0.10000"
2268,0.0000,Tx-Rx,0,-53.2256,"-3.90000 0.80000 1.00000, 4.25000 3.25000 0.10000"
2269,0.0000,Tx-Rx,0,-52.9681,"-3.90000 0.80000 1.00000, 4.55000 3.25000 0.10000"
2270,0.0000,Tx-Rx,0,-52.5097,"-3.90000 0.80000 1.00000, 4.85000 3.25000 0.10000"
2271,0.0000,Tx-Rx,0,-52.6311,"-3.90000 0.80000 1.00000, 5.15000 3.25000 0.10000"
2272,0.0000,Tx-Rx,0,-53.1698,"-3.90000 0.80000 1.00000, 5.45000 3.25000 0.10000"
2273,0.0000,Tx-Rx,0,-54.0189,"-3.90000 0.80000 1.00000, 5.75000 3.25000 0.10000"
2274,0.0000,Tx-Rx,0,-55.1813,"-3.90000 0.80000 1.00000, 6.05000 3.25000 0.10000"
2275,0.0000,Tx-Rx,0,-56.3625,"-3.90000 0.80000 1.00000, 6.35000 3.25000 0.10000"
2276,0.0000,Tx-Rx,0,-57.2605,"-3.90000 0.80000 1.00000, 6.65000 3.25000 0.10000"
2277,0.0000,Tx-Rx,0,-57.2946,"-3.90000 0.80000 1.00000, 6.95000 3.25000 0.10000"
2278,0.0000,Tx-Rx,0,-57.0738,"-3.90000 0.80000 1.00000, 7.25000 3.25000 0.10000"
2279,0.0000,Tx-Rx,0,-57.1497,"-3.90000 0.80000 1.00000, 7.55000 3.25000 0.10000"
2280,0.0000,Tx-Rx,0,-57.6582,"-3.90000 0.80000 1.00000, 7.85000 3.25000 0.10000"
2281,0.0000,Tx-Rx,0,-77.3952,"-3.90000 0.80000 1.00000, -9.85000 3.55000 0.10000"
2282,0.0000,Tx-Rx,0,-77.0935,"-3.90000 0.80000 1.00000, -9.55000 3.55000 0.10000"
2283,0.0000,Tx-Rx,0,-77.8128,"-3.90000 0.80000 1.00000, -9.25000 3.55000 0.10000"
2284,0.0000,Tx-Rx,0,-77.4325,"-3.90000 0.80000 1.00000, -8.95000 3.55000 0.10000"
2285,0.0000,Tx-Rx,0,-76.7779,"-3.90000 0.80000 1.00000, -8.65000 3.55000 0.10000"
2286,0.0000,Tx-Rx,0,-76.0735,"-3.90000 0.80000 1.00000, -8.35000 3.55000 0.10000"
2287,0.0000,Tx-Rx,0,-53.4563,"-3.90000 0.80000 1.00000, -8.05000 3.55000 0.10000"
2288,0.0000,Tx-Rx,0,-48.5443,"-3.90000 0.80000 1.00000, -7.75000 3.55000 0.10000"
2289,0.0000,Tx-Rx,0,-48.2647,"-3.90000 0.80000 1.00000, -7.45000 3.55000 0.10000"
2290,0.0000,Tx-Rx,0,-48.0588,"-3.90000 0.80000 1.00000, -7.15000 3.55000 0.10000"
2291,0.0000,Tx-Rx,0,-47.8599,"-3.90000 0.80000 1.00000, -6.85000 3.55000 0.10000"
2292,0.0000,Tx-Rx,0,-49.0869,"-3.90000 0.80000 1.00000, -6.55000 3.55000 0.10000"
2293,0.0000,Tx-Rx,0,-49.1723,"-3.90000 0.80000 1.00000, -6.25000 3.55000 0.10000"
2294,0.0000,Tx-Rx,0,-49.0492,"-3.90000 0.80000 1.00000, -5.95000 3.55000 0.10000"
2295,0.0000,Tx-Rx,0,-48.8601,"-3.90000 0.80000 1.00000, -5.65000 3.55000 0.10000"
2296,0.0000,Tx-Rx,0,-48.6225,"-3.90000 0.80000 1.00000, -5.35000 3.55000 0.10000"
2297,0.0000,Tx-Rx,0,-49.2855,"-3.90000 0.80000 1.00000, -5.05000 3.55000 0.10000"
2298,0.0000,Tx-Rx,0,-51.1516,"-3.90000 0.80000 1.00000, -4.75000 3.55000 0.10000"
2299,0.0000,Tx-Rx,0,-50.4277,"-3.90000 0.80000 1.00000, -4.45000 3.55000 0.10000"
2300,0.0000,Tx-Rx,0,-50.3685,"-3.90000 0.80000 1.00000, -4.15000 3.55000 0.10000"
2301,0.0000,Tx-Rx,0,-50.4304,"-3.90000 0.80000 1.00000, -3.85000 3.55000 0.10000"
2302,0.0000,Tx-Rx,0,-50.4322,"-3.90000 0.80000 1.00000, -3.55000 3.55000 0.10000"
2303,0.0000,Tx-Rx,0,-51.2747,"-3.90000 0.80000 1.00000, -3.25000 3.55000 0.10000"
2304,0.0000,Tx-Rx,0,-48.8948,"-3.90000 0.80000 1.00000, -2.95000 3.55000 0.10000"
2305,0.0000,Tx-Rx,0,-49.0289,"-3.90000 0.80000 1.00000, -2.65000 3.55000 0.10000"
2306,0.0000,Tx-Rx,0,-49.7734,"-3.90000 0.80000 1.00000, -2.35000 3.55000 0.10000"
2307,0.0000,Tx-Rx,0,-49.9715,"-3.90000 0.80000 1.00000, -2.05000 3.55000 0.10000"
2308,0.0000,Tx-Rx,0,-50.4550,"-3.90000 0.80000 1.00000, -1.75000 3.55000 0.10000"
2309,0.0000,Tx-Rx,0,-48.7149,"-3.90000 0.80000 1.00000, -1.45000 3.55000 0.10000"
2310,0.0000,Tx-Rx,0,-47.1405,"-3.90000 0.80000 1.00000, -1.15000 3.55000 0.10000"
2311,0.0000,Tx-Rx,0,-47.7062,"-3.90000 0.80000 1.00000, -0.85000 3.55000 0.10000"
2312,0.0000,Tx-Rx,0,-48.1291,"-3.90000 0.80000 1.00000, -0.55000 3.55000 0.10000"
2313,0.0000,Tx-Rx,0,-48.5602,"-3.90000 0.80000 1.00000, -0.25000 3.55000 0.10000"
2314,0.0000,Tx-Rx,0,-49.0985,"-3.90000 0.80000 1.00000, 0.05000 3.55000 0.10000"
2315,0.0000,Tx-Rx,0,-49.6204,"-3.90000 0.80000 1.00000, 0.35000 3.55000 0.10000"
2316,0.0000,Tx-Rx,0,-50.1249,"-3.90000 0.80000 1.00000, 0.65000 3.55000 0.10000"
2317,0.0000,Tx-Rx,0,-50.1404,"-3.90000 0.80000 1.00000, 0.95000 3.55000 0.10000"
2318,0.0000,Tx-Rx,0,-49.9346,"-3.90000 0.80000 1.00000, 1.25000 3.55000 0.10000"
2319,0.0000,Tx-Rx,0,-50.1034,"-3.90000 0.80000 1.00000, 1.55000 3.55000 0.10000"
2320,0.0000,Tx-Rx,0,-50.3428,"-3.90000 0.80000 1.00000, 1.85000 3.55000 0.10000"
2321,0.0000,Tx-Rx,0,-50.5471,"-3.90000 0.80000 1.00000, 2.15000 3.55000 0.10000"
2322,0.0000,Tx-Rx,0,-50.8363,"-3.90000 0.80000 1.00000, 2.45000 3.55000 0.10000"
2323,0.0000,Tx-Rx,0,-51.4808,"-3.90000 0.80000 1.00000, 2.75000 3.55000 0.10000"
2324,0.0000,Tx-Rx,0,-52.2840,"-3.90000 0.80000 1.00000, 3.05000 3.55000 0.10000"
2325,0.0000,Tx-Rx,0,-52.6935,"-3.90000 0.80000 1.00000, 3.35000 3.55000 0.10000"
2326,0.0000,Tx-Rx,0,-53.0287,"-3.90000 0.80000 1.00000, 3.65000 3.55000 0.10000"
2327,0.0000,Tx-Rx,0,-52.5432,"-3.90000 0.80000 1.00000, 3.95000 3.55000 0.10000"
2328,0.0000,Tx-Rx,0,-52.2264,"-3.90000 0.80000 1.00000, 4.25000 3.55000 0.10000"
2329,0.0000,Tx-Rx,0,-52.2642,"-3.90000 0.80000 1.00000, 4.55000 3.55000 0.10000"
2330,0.0000,Tx-Rx,0,-52.4880,"-3.90000 0.80000 1.00000, 4.85000 3.55000 0.10000"
2331,0.0000,Tx-Rx,0,-52.5811,"-3.90000 0.80000 1.00000, 5.15000 3.55000 0.10000"
2332,0.0000,Tx-Rx,0,-52.8118,"-3.90000 0.80000 1.00000, 5.45000 3.55000 0.10000"
2333,0.0000,Tx-Rx,0,-52.8675,"-3.90000 0.80000 1.00000, 5.75000 3.55000 0.10000"
2334,0.0000,Tx-Rx,0,-53.0370,"-3.90000 0.80000 1.00000, 6.05000 3.55000 0.10000"
2335,0.0000,Tx-Rx,0,-53.5914,"-3.90000 0.80000 1.00000, 6.35000 3.55000 0.10000"
2336,0.0000,Tx-Rx,0,-53.8571,"-3.90000 0.80000 1.00000, 6.65000 3.55000 0.10000"
2337,0.0000,Tx-Rx,0,-54.6794,"-3.90000 0.80000 1.00000, 6.95000 3.55000 0.10000"
2338,0.0000,Tx-Rx,0,-55.9958,"-3.90000 0.80000 1.00000, 7.25000 3.55000 0.10000"
2339,0.0000,Tx-Rx,0,-57.0320,"-3.90000 0.80000 1.00000, 7.55000 3.55000 0.10000"
2340,0.0000,Tx-Rx,0,-57.9072,"-3.90000 0.80000 1.00000, 7.85000 3.55000 0.10000"
2341,0.0000,Tx-Rx,0,-78.3988,"-3.90000 0.80000 1.00000, -9.85000 3.85000 0.10000"
2342,0.0000,Tx-Rx,0,-77.9348,"-3.90000 0.80000 1.00000, -9.55000 3.85000 0.10000"
2343,0.0000,Tx-Rx,0,-78.6565,"-3.90000 0.80000 1.00000, -9.25000 3.85000 0.10000"
2344,0.0000,Tx-Rx,0,-77.8389,"-3.90000 0.80000 1.00000, -8.95000 3.85000 0.10000"
2345,0.0000,Tx-Rx,0,-77.1177,"-3.90000 0.80000 1.00000, -8.65000 3.85000 0.10000"
2346,0.0000,Tx-Rx,0,-76.0517,"-3.90000 0.80000 1.00000, -8.35000 3.85000 0.10000"
2347,0.0000,Tx-Rx,0,-53.6603,"-3.90000 0.80000 1.00000, -8.05000 3.85000 0.10000"
2348,0.0000,Tx-Rx,0,-48.7515,"-3.90000 0.80000 1.00000, -7.75000 3.85000 0.10000"
2349,0.0000,Tx-Rx,0,-48.5183,"-3.90000 0.80000 1.00000, -7.45000 3.85000 0.10000"
2350,0.0000,Tx-Rx,0,-48.3579,"-3.90000 0.80000 1.00000, -7.15000 3.85000 0.10000"
2351,0.0000,Tx-Rx,0,-47.9751,"-3.90000 0.80000 1.00000, -6.85000 3.85000 0.10000"
2352,0.0000,Tx-Rx,0,-47.2234,"-3.90000 0.80000 1.00000, -6.55000 3.85000 0.10000"
2353,0.0000,Tx-Rx,0,-46.9202,"-3.90000 0.80000 1.00000, -6.25000 3.85000 0.10000"
2354,0.0000,Tx-Rx,0,-46.5978,"-3.90000 0.80000 1.00000, -5.95000 3.85000 0.10000"
2355,0.0000,Tx-Rx,0,-46.3150,"-3.90000 0.80000 1.00000, -5.65000 3.85000 0.10000"
2356,0.0000,Tx-Rx,0,-46.0246,"-3.90000 0.80000 1.00000, -5.35000 3.85000 0.10000"
2357,0.0000,Tx-Rx,0,-47.0395,"-3.90000 0.80000 1.00000, -5.05000 3.85000 0.10000"
2358,0.0000,Tx-Rx,0,-48.5321,"-3.90000 0.80000 1.00000, -4.75000 3.85000 0.10000"
2359,0.0000,Tx-Rx,0,-48.6666,"-3.90000 0.80000 1.00000, -4.45000 3.85000 0.10000"
2360,0.0000,Tx-Rx,0,-48.3684,"-3.90000 0.80000 1.00000, -4.15000 3.85000 0.10000"
2361,0.0000,Tx-Rx,0,-48.1197,"-3.90000 0.80000 1.00000, -3.85000 3.85000 0.10000"
2362,0.0000,Tx-Rx,0,-48.7940,"-3.90000 0.80000 1.00000, -3.55000 3.85000 0.10000"
2363,0.0000,Tx-Rx,0,-48.6882,"-3.90000 0.80000 1.00000, -3.25000 3.85000 0.10000"
2364,0.0000,Tx-Rx,0,-45.5889,"-3.90000 0.80000 1.00000, -2.95000 3.85000 0.10000"
2365,0.0000,Tx-Rx,0,-45.8532,"-3.90000 0.80000 1.00000, -2.65000 3.85000 0.10000"
2366,0.0000,Tx-Rx,0,-46.0549,"-3.90000 0.80000 1.00000, -2.35000 3.85000 0.10000"
2367,0.0000,Tx-Rx,0,-46.4228,"-3.90000 0.80000 1.00000, -2.05000 3.85000 0.10000"
2368,0.0000,Tx-Rx,0,-46.8675,"-3.90000 0.80000 1.00000, -1.75000 3.85000 0.10000"
2369,0.0000,Tx-Rx,0,-47.1354,"-3.90000 0.80000 1.00000, -1.45000 3.85000 0.10000"
2370,0.0000,Tx-Rx,0,-47.6115,"-3.90000 0.80000 1.00000, -1.15000 3.85000 0.10000"
2371,0.0000,Tx-Rx,0,-47.9293,"-3.90000 0.80000 1.00000, -0.85000 3.85000 0.10000"
2372,0.0000,Tx-Rx,0,-48.3639,"-3.90000 0.80000 1.00000, -0.55000 3.85000 0.10000"
2373,0.0000,Tx-Rx,0,-48.6327,"-3.90000 0.80000 1.00000, -0.25000 3.85000 0.10000"
2374,0.0000,Tx-Rx,0,-51.8007,"-3.90000 0.80000 1.00000, 0.05000 3.85000 0.10000"
2375,0.0000,Tx-Rx,0,-50.8679,"-3.90000 0.80000 1.00000, 0.35000 3.85000 0.10000"
2376,0.0000,Tx-Rx,0,-49.6531,"-3.90000 0.80000 1.00000, 0.65000 3.85000 0.10000"
2377,0.0000,Tx-Rx,0,-49.5776,"-3.90000 0.80000 1.00000, 0.95000 3.85000 0.10000"
2378,0.0000,Tx-Rx,0,-49.6948,"-3.90000 0.80000 1.00000, 1.25000 3.85000 0.10000"
2379,0.0000,Tx-Rx,0,-50.0864,"-3.90000 0.80000 1.00000, 1.55000 3.85000 0.10000"
2380,0.0000,Tx-Rx,0,-50.3765,"-3.90000 0.80000 1.00000, 1.85000 3.85000 0.10000"
2381,0.0000,Tx-Rx,0,-50.9408,"-3.90000 0.80000 1.00000, 2.15000 3.85000 0.10000"
2382,0.0000,Tx-Rx,0,-51.9831,"-3.90000 0.80000 1.00000, 2.45000 3.85000 0.10000"
2383,0.0000,Tx-Rx,0,-52.4583,"-3.90000 0.80000 1.00000, 2.75000 3.85000 0.10000"
2384,0.0000,Tx-Rx,0,-52.3061,"-3.90000 0.80000 1.00000, 3.05000 3.85000 0.10000"
2385,0.0000,Tx-Rx,0,-51.6169,"-3.90000 0.80000 1.00000, 3.35000 3.85000 0.10000"
2386,0.0000,Tx-Rx,0,-51.7244,"-3.90000 0.80000 1.00000, 3.65000 3.85000 0.10000"
2387,0.0000,Tx-Rx,0,-52.0961,"-3.90000 0.80000 1.00000, 3.95000 3.85000 0.10000"
2388,0.0000,Tx-Rx,0,-52.1154,"-3.90000 0.80000 1.00000, 4.25000 3.85000 0.10000"
2389,0.0000,Tx-Rx,0,-52.4234,"-3.90000 0.80000 1.00000, 4.55000 3.85000 0.10000"
2390,0.0000,Tx-Rx,0,-52.5899,"-3.90000 0.80000 1.00000, 4.85000 3.85000 0.10000"
2391,0.0000,Tx-Rx,0,-52.6745,"-3.90000 0.80000 1.00000, 5.15000 3.85000 0.10000"
2392,0.0000,Tx-Rx,0,-52.7228,"-3.90000 0.80000 1.00000, 5.45000 3.85000 0.10000"
2393,0.0000,Tx-Rx,0,-53.0274,"-3.90000 0.80000 1.00000, 5.75000 3.85000 0.10000"
2394,0.0000,Tx-Rx,0,-52.9514,"-3.90000 0.80000 1.00000, 6.05000 3.85000 0.10000"
2395,0.0000,Tx-Rx,0,-52.8330,"-3.90000 0.80000 1.00000, 6.35000 3.85000 0.10000"
2396,0.0000,Tx-Rx,0,-54.1985,"-3.90000 0.80000 1.00000, 6.65000 3.85000 0.10000"
2397,0.0000,Tx-Rx,0,-54.3854,"-3.90000 0.80000 1.00000, 6.95000 3.85000 0.10000"
2398,0.0000,Tx-Rx,0,-54.0792,"-3.90000 0.80000 1.00000, 7.25000 3.85000 0.10000"
2399,0.0000,Tx-Rx,0,-54.1317,"-3.90000 0.80000 1.00000, 7.55000 3.85000 0.10000"
2400,0.0000,Tx-Rx,0,-54.1522,"-3.90000 0.80000 1.00000, 7.85000 3.85000 0.10000"
2401,0.0000,Tx-Rx,0,-79.1891,"-3.90000 0.80000 1.00000, -9.85000 4.15000 0.10000"
2402,0.0000,Tx-Rx,0,-78.8022,"-3.90000 0.80000 1.00000, -9.55000 4.15000 0.10000"
2403,0.0000,Tx-Rx,0,-78.0728,"-3.90000 0.80000 1.00000, -9.25000 4.15000 0.10000"
2404,0.0000,Tx-Rx,0,-77.1615,"-3.90000 0.80000 1.00000, -8.95000 4.15000 0.10000"
2405,0.0000,Tx-Rx,0,-78.5511,"-3.90000 0.80000 1.00000, -8.65000 4.15000 0.10000"
2406,0.0000,Tx-Rx,0,-77.1649,"-3.90000 0.80000 1.00000, -8.35000 4.15000 0.10000"
2407,0.0000,Tx-Rx,0,-53.8811,"-3.90000 0.80000 1.00000, -8.05000 4.15000 0.10000"
2408,0.0000,Tx-Rx,0,-48.9758,"-3.90000 0.80000 1.00000, -7.75000 4.15000 0.10000"
2409,0.0000,Tx-Rx,0,-48.7767,"-3.90000 0.80000 1.00000, -7.45000 4.15000 0.10000"
2410,0.0000,Tx-Rx,0,-48.5535,"-3.90000 0.80000 1.00000, -7.15000 4.15000 0.10000"
2411,0.0000,Tx-Rx,0,-47.9914,"-3.90000 0.80000 1.00000, -6.85000 4.15000 0.10000"
2412,0.0000,Tx-Rx,0,-47.7320,"-3.90000 0.80000 1.00000, -6.55000 4.15000 0.10000"
2413,0.0000,Tx-Rx,0,-47.4528,"-3.90000 0.80000 1.00000, -6.25000 4.15000 0.10000"
2414,0.0000,Tx-Rx,0,-47.2737,"-3.90000 0.80000 1.00000, -5.95000 4.15000 0.10000"
2415,0.0000,Tx-Rx,0,-46.9032,"-3.90000 0.80000 1.00000, -5.65000 4.15000 0.10000"
2416,0.0000,Tx-Rx,0,-46.7322,"-3.90000 0.80000 1.00000, -5.35000 4.15000 0.10000"
2417,0.0000,Tx-Rx,0,-47.1882,"-3.90000 0.80000 1.00000, -5.05000 4.15000 0.10000"
2418,0.0000,Tx-Rx,0,-47.8867,"-3.90000 0.80000 1.00000, -4.75000 4.15000 0.10000"
2419,0.0000,Tx-Rx,0,-47.4737,"-3.90000 0.80000 1.00000, -4.45000 4.15000 0.10000"
2420,0.0000,Tx-Rx,0,-47.5350,"-3.90000 0.80000 1.00000, -4.15000 4.15000 0.10000"
2421,0.0000,Tx-Rx,0,-47.3212,"-3.90000 0.80000 1.00000, -3.85000 4.15000 0.10000"
2422,0.0000,Tx-Rx,0,-47.3633,"-3.90000 0.80000 1.00000, -3.55000 4.15000 0.10000"
2423,0.0000,Tx-Rx,0,-47.1978,"-3.90000 0.80000 1.00000, -3.25000 4.15000 0.10000"
2424,0.0000,Tx-Rx,0,-46.5602,"-3.90000 0.80000 1.00000, -2.95000 4.15000 0.10000"
2425,0.0000,Tx-Rx,0,-46.4815,"-3.90000 0.80000 1.00000, -2.65000 4.15000 0.10000"
2426,0.0000,Tx-Rx,0,-46.8650,"-3.90000 0.80000 1.00000, -2.35000 4.15000 0.10000"
2427,0.0000,Tx-Rx,0,-47.0519,"-3.90000 0.80000 1.00000, -2.05000 4.15000 0.10000"
2428,0.0000,Tx-Rx,0,-47.3595,"-3.90000 0.80000 1.00000, -1.75000 4.15000 0.10000"
2429,0.0000,Tx-Rx,0,-47.6355,"-3.90000 0.80000 1.00000, -1.45000 4.15000 0.10000"
2430,0.0000,Tx-Rx,0,-48.0635,"-3.90000 0.80000 1.00000, -1.15000 4.15000 0.10000"
2431,0.0000,Tx-Rx,0,-48.2725,"-3.90000 0.80000 1.00000, -0.85000 4.15000 0.10000"
2432,0.0000,Tx-Rx,0,-48.2236,"-3.90000 0.80000 1.00000, -0.55000 4.15000 0.10000"
2433,0.0000,Tx-Rx,0,-48.4348,"-3.90000 0.80000 1.00000, -0.25000 4.15000 0.10000"
2434,0.0000,Tx-Rx,0,-52.6304,"-3.90000 0.80000 1.00000, 0.05000 4.15000 0.10000"
2435,0.0000,Tx-Rx,0,-58.8763,"-3.90000 0.80000 1.00000, 0.35000 4.15000 0.10000"
2436,0.0000,Tx-Rx,0,-63.7696,"-3.90000 0.80000 1.00000, 0.65000 4.15000 0.10000"
2437,0.0000,Tx-Rx,0,-67.5982,"-3.90000 0.80000 1.00000, 0.95000 4.15000 0.10000"
2438,0.0000,Tx-Rx,0,-66.7978,"-3.90000 0.80000 1.00000, 1.25000 4.15000 0.10000"
2439,0.0000,Tx-Rx,0,-67.6395,"-3.90000 0.80000 1.00000, 1.55000 4.15000 0.10000"
2440,0.0000,Tx-Rx,0,-70.5668,"-3.90000 0.80000 1.00000, 1.85000 4.15000 0.10000"
2441,0.0000,Tx-Rx,0,-57.6378,"-3.90000 0.80000 1.00000, 2.15000 4.15000 0.10000"
2442,0.0000,Tx-Rx,0,-53.3921,"-3.90000 0.80000 1.00000, 2.45000 4.15000 0.10000"
2443,0.0000,Tx-Rx,0,-52.7555,"-3.90000 0.80000 1.00000, 2.75000 4.15000 0.10000"
2444,0.0000,Tx-Rx,0,-53.4402,"-3.90000 0.80000 1.00000, 3.05000 4.15000 0.10000"
2445,0.0000,Tx-Rx,0,-56.6619,"-3.90000 0.80000 1.00000, 3.35000 4.15000 0.10000"
2446,0.0000,Tx-Rx,0,-65.8189,"-3.90000 0.80000 1.00000, 3.65000 4.15000 0.10000"
2447,0.0000,Tx-Rx,0,-79.7475,"-3.90000 0.80000 1.00000, 3.95000 4.15000 0.10000"
2448,0.0000,Tx-Rx,0,-66.1344,"-3.90000 0.80000 1.00000, 4.25000 4.15000 0.10000"
2449,0.0000,Tx-Rx,0,-61.5678,"-3.90000 0.80000 1.00000, 4.55000 4.15000 0.10000"
2450,0.0000,Tx-Rx,0,-59.7616,"-3.90000 0.80000 1.00000, 4.85000 4.15000 0.10000"
2451,0.0000,Tx-Rx,0,-59.8802,"-3.90000 0.80000 1.00000, 5.15000 4.15000 0.10000"
2452,0.0000,Tx-Rx,0,-61.4970,"-3.90000 0.80000 1.00000, 5.45000 4.15000 0.10000"
2453,0.0000,Tx-Rx,0,-64.4780,"-3.90000 0.80000 1.00000, 5.75000 4.15000 0.10000"
2454,0.0000,Tx-Rx,0,-67.2044,"-3.90000 0.80000 1.00000, 6.05000 4.15000 0.10000"
2455,0.0000,Tx-Rx,0,-73.4413,"-3.90000 0.80000 1.00000, 6.35000 4.15000 0.10000"
2456,0.0000,Tx-Rx,0,-71.8277,"-3.90000 0.80000 1.00000, 6.65000 4.15000 0.10000"
2457,0.0000,Tx-Rx,0,-75.0176,"-3.90000 0.80000 1.00000, 6.95000 4.15000 0.10000"
2458,0.0000,Tx-Rx,0,-76.0086,"-3.90000 0.80000 1.00000, 7.25000 4.15000 0.10000"
2459,0.0000,Tx-Rx,0,-77.2029,"-3.90000 0.80000 1.00000, 7.55000 4.15000 0.10000"
2460,0.0000,Tx-Rx,0,-74.9239,"-3.90000 0.80000 1.00000, 7.85000 4.15000 0.10000"
2461,0.0000,Tx-Rx,0,-78.8627,"-3.90000 0.80000 1.00000, -9.85000 4.45000 0.10000"
2462,0.0000,Tx-Rx,0,-78.0320,"-3.90000 0.80000 1.00000, -9.55000 4.45000 0.10000"
2463,0.0000,Tx-Rx,0,-78.7314,"-3.90000 0.80000 1.00000, -9.25000 4.45000 0.10000"
2464,0.0000,Tx-Rx,0,-77.5608,"-3.90000 0.80000 1.00000, -8.95000 4.45000 0.10000"
2465,0.0000,Tx-Rx,0,-78.4023,"-3.90000 0.80000 1.00000, -8.65000 4.45000 0.10000"
2466,0.0000,Tx-Rx,0,-77.5834,"-3.90000 0.80000 1.00000, -8.35000 4.45000 0.10000"
2467,0.0000,Tx-Rx,0,-54.0954,"-3.90000 0.80000 1.00000, -8.05000 4.45000 0.10000"
2468,0.0000,Tx-Rx,0,-49.1724,"-3.90000 0.80000 1.00000, -7.75000 4.45000 0.10000"
2469,0.0000,Tx-Rx,0,-48.9478,"-3.90000 0.80000 1.00000, -7.45000 4.45000 0.10000"
2470,0.0000,Tx-Rx,0,-48.5402,"-3.90000 0.80000 1.00000, -7.15000 4.45000 0.10000"
2471,0.0000,Tx-Rx,0,-48.3162,"-3.90000 0.80000 1.00000, -6.85000 4.45000 0.10000"
2472,0.0000,Tx-Rx,0,-48.0737,"-3.90000 0.80000 1.00000, -6.55000 4.45000 0.10000"
2473,0.0000,Tx-Rx,0,-47.8189,"-3.90000 0.80000 1.00000, -6.25000 4.45000 0.10000"
2474,0.0000,Tx-Rx,0,-47.6294,"-3.90000 0.80000 1.00000, -5.95000 4.45000 0.10000"
2475,0.0000,Tx-Rx,0,-47.3763,"-3.90000 0.80000 1.00000, -5.65000 4.45000 0.10000"
2476,0.0000,Tx-Rx,0,-47.3186,"-3.90000 0.80000 1.00000, -5.35000 4.45000 0.10000"
2477,0.0000,Tx-Rx,0,-47.1206,"-3.90000 0.80000 1.00000, -5.05000 4.45000 0.10000"
2478,0.0000,Tx-Rx,0,-46.7456,"-3.90000 0.80000 1.00000, -4.75000 4.45000 0.10000"
2479,0.0000,Tx-Rx,0,-46.7263,"-3.90000 0.80000 1.00000, -4.45000 4.45000 0.10000"
2480,0.0000,Tx-Rx,0,-46.7918,"-3.90000 0.80000 1.00000, -4.15000 4.45000 0.10000"
2481,0.0000,Tx-Rx,0,-46.4964,"-3.90000 0.80000 1.00000, -3.85000 4.45000 0.10000"
2482,0.0000,Tx-Rx,0,-46.5622,"-3.90000 0.80000 1.00000, -3.55000 4.45000 0.10000"
2483,0.0000,Tx-Rx,0,-46.7593,"-3.90000 0.80000 1.00000, -3.25000 4.45000 0.10000"
2484,0.0000,Tx-Rx,0,-47.2479,"-3.90000 0.80000 1.00000, -2.95000 4.45000 0.10000"
2485,0.0000,Tx-Rx,0,-47.0708,"-3.90000 0.80000 1.00000, -2.65000 4.45000 0.10000"
2486,0.0000,Tx-Rx,0,-47.2627,"-3.90000 0.80000 1.00000, -2.35000 4.45000 0.10000"
2487,0.0000,Tx-Rx,0,-47.4531,"-3.90000 0.80000 1.00000, -2.05000 4.45000 0.10000"
2488,0.0000,Tx-Rx,0,-47.8715,"-3.90000 0.80000 1.00000, -1.75000 4.45000 0.10000"
2489,0.0000,Tx-Rx,0,-48.0405,"-3.90000 0.80000 1.00000, -1.45000 4.45000 0.10000"
2490,0.0000,Tx-Rx,0,-48.2809,"-3.90000 0.80000 1.00000, -1.15000 4.45000 0.10000"
2491,0.0000,Tx-Rx,0,-48.1796,"-3.90000 0.80000 1.00000, -0.85000 4.45000 0.10000"
2492,0.0000,Tx-Rx,0,-48.2823,"-3.90000 0.80000 1.00000, -0.55000 4.45000 0.10000"
2493,0.0000,Tx-Rx,0,-48.7731,"-3.90000 0.80000 1.00000, -0.25000 4.45000 0.10000"
2494,0.0000,Tx-Rx,0,-50.0039,"-3.90000 0.80000 1.00000, 0.05000 4.45000 0.10000"
2495,0.0000,Tx-Rx,0,-55.7297,"-3.90000 0.80000 1.00000, 0.35000 4.45000 0.10000"
2496,0.0000,Tx-Rx,0,-60.9635,"-3.90000 0.80000 1.00000, 0.65000 4.45000 0.10000"
2497,0.0000,Tx-Rx,0,-64.9795,"-3.90000 0.80000 1.00000, 0.95000 4.45000 0.10000"
2498,0.0000,Tx-Rx,0,-68.9924,"-3.90000 0.80000 1.00000, 1.25000 4.45000 0.10000"
2499,0.0000,Tx-Rx,0,-72.4037,"-3.90000 0.80000 1.00000, 1.55000 4.45000 0.10000"
2500,0.0000,Tx-Rx,0,-72.1641,"-3.90000 0.80000 1.00000, 1.85000 4.45000 0.10000"
2501,0.0000,Tx-Rx,0,-72.4601,"-3.90000 0.80000 1.00000, 2.15000 4.45000 0.10000"
2502,0.0000,Tx-Rx,0,-70.9255,"-3.90000 0.80000 1.00000, 2.45000 4.45000 0.10000"
2503,0.0000,Tx-Rx,0,-57.2941,"-3.90000 0.80000 1.00000, 2.75000 4.45000 0.10000"
2504,0.0000,Tx-Rx,0,-53.7436,"-3.90000 0.80000 1.00000, 3.05000 4.45000 0.10000"
2505,0.0000,Tx-Rx,0,-53.4269,"-3.90000 0.80000 1.00000, 3.35000 4.45000 0.10000"
2506,0.0000,Tx-Rx,0,-53.7812,"-3.90000 0.80000 1.00000, 3.65000 4.45000 0.10000"
2507,0.0000,Tx-Rx,0,-55.4041,"-3.90000 0.80000 1.00000, 3.95000 4.45000 0.10000"
2508,0.0000,Tx-Rx,0,-58.3242,"-3.90000 0.80000 1.00000, 4.25000 4.45000 0.10000"
2509,0.0000,Tx-Rx,0,-60.7264,"-3.90000 0.80000 1.00000, 4.55000 4.45000 0.10000"
2510,0.0000,Tx-Rx,0,-64.8724,"-3.90000 0.80000 1.00000, 4.85000 4.45000 0.10000"
2511,0.0000,Tx-Rx,0,-74.3822,"-3.90000 0.80000 1.00000, 5.15000 4.45000 0.10000"
2512,0.0000,Tx-Rx,0,-69.5395,"-3.90000 0.80000 1.00000, 5.45000 4.45000 0.10000"
2513,0.0000,Tx-Rx,0,-65.4660,"-3.90000 0.80000 1.00000, 5.75000 4.45000 0.10000"
2514,0.0000,Tx-Rx,0,-64.4265,"-3.90000 0.80000 1.00000, 6.05000 4.45000 0.10000"
2515,0.0000,Tx-Rx,0,-64.9976,"-3.90000 0.80000 1.00000, 6.35000 4.45000 0.10000"
2516,0.0000,Tx-Rx,0,-66.8481,"-3.90000 0.80000 1.00000, 6.65000 4.45000 0.10000"
2517,0.0000,Tx-Rx,0,-73.1978,"-3.90000 0.80000 1.00000, 6.95000 4.45000 0.10000"
2518,0.0000,Tx-Rx,0,-73.4247,"-3.90000 0.80000 1.00000, 7.25000 4.45000 0.10000"
2519,0.0000,Tx-Rx,0,-71.2078,"-3.90000 0.80000 1.00000, 7.55000 4.45000 0.10000"
2520,0.0000,Tx-Rx,0,-71.6920,"-3.90000 0.80000 1.00000, 7.85000 4.45000 0.10000"
2521,0.0000,Tx-Rx,0,-79.0428,"-3.90000 0.80000 1.00000, -9.85000 4.75000 0.10000"
2522,0.0000,Tx-Rx,0,-79.2077,"-3.90000 0.80000 1.00000, -9.55000 4.75000 0.10000"
2523,0.0000,Tx-Rx,0,-78.4013,"-3.90000 0.80000 1.00000, -9.25000 4.75000 0.10000"
2524,0.0000,Tx-Rx,0,-78.8518,"-3.90000 0.80000 1.00000, -8.95000 4.75000 0.10000"
2525,0.0000,Tx-Rx,0,-78.2149,"-3.90000 0.80000 1.00000, -8.65000 4.75000 0.10000"
2526,0.0000,Tx-Rx,0,-77.2259,"-3.90000 0.80000 1.00000, -8.35000 4.75000 0.10000"
2527,0.0000,Tx-Rx,0,-54.2773,"-3.90000 0.80000 1.00000, -8.05000 4.75000 0.10000"
2528,0.0000,Tx-Rx,0,-49.3642,"-3.90000 0.80000 1.00000, -7.75000 4.75000 0.10000"
2529,0.0000,Tx-Rx,0,-48.9844,"-3.90000 0.80000 1.00000, -7.45000 4.75000 0.10000"
2530,0.0000,Tx-Rx,0,-48.7323,"-3.90000 0.80000 1.00000, -7.15000 4.75000 0.10000"
2531,0.0000,Tx-Rx,0,-48.6430,"-3.90000 0.80000 1.00000, -6.85000 4.75000 0.10000"
2532,0.0000,Tx-Rx,0,-48.4253,"-3.90000 0.80000 1.00000, -6.55000 4.75000 0.10000"
2533,0.0000,Tx-Rx,0,-48.1585,"-3.90000 0.80000 1.00000, -6.25000 4.75000 0.10000"
2534,0.0000,Tx-Rx,0,-48.0021,"-3.90000 0.80000 1.00000, -5.95000 4.75000 0.10000"
2535,0.0000,Tx-Rx,0,-47.8315,"-3.90000 0.80000 1.00000, -5.65000 4.75000 0.10000"
2536,0.0000,Tx-Rx,0,-47.9140,"-3.90000 0.80000 1.00000, -5.35000 4.75000 0.10000"
2537,0.0000,Tx-Rx,0,-47.4967,"-3.90000 0.80000 1.00000, -5.05000 4.75000 0.10000"
2538,0.0000,Tx-Rx,0,-47.4099,"-3.90000 0.80000 1.00000, -4.75000 4.75000 0.10000"
2539,0.0000,Tx-Rx,0,-47.2784,"-3.90000 0.80000 1.00000, -4.45000 4.75000 0.10000"
2540,0.0000,Tx-Rx,0,-47.3186,"-3.90000 0.80000 1.00000, -4.15000 4.75000 0.10000"
2541,0.0000,Tx-Rx,0,-47.2665,"-3.90000 0.80000 1.00000, -3.85000 4.75000 0.10000"
2542,0.0000,Tx-Rx,0,-47.4392,"-3.90000 0.80000 1.00000, -3.55000 4.75000 0.10000"
2543,0.0000,Tx-Rx,0,-47.3295,"-3.90000 0.80000 1.00000, -3.25000 4.75000 0.10000"
2544,0.0000,Tx-Rx,0,-47.7637,"-3.90000 0.80000 1.00000, -2.95000 4.75000 0.10000"
2545,0.0000,Tx-Rx,0,-47.5219,"-3.90000 0.80000 1.00000, -2.65000 4.75000 0.10000"
2546,0.0000,Tx-Rx,0,-47.7246,"-3.90000 0.80000 1.00000, -2.35000 4.75000 0.10000"
2547,0.0000,Tx-Rx,0,-47.5524,"-3.90000 0.80000 1.00000, -2.05000 4.75000 0.10000"
2548,0.0000,Tx-Rx,0,-48.2843,"-3.90000 0.80000 1.00000, -1.75000 4.75000 0.10000"
2549,0.0000,Tx-Rx,0,-48.2765,"-3.90000 0.80000 1.00000, -1.45000 4.75000 0.10000"
2550,0.0000,Tx-Rx,0,-48.3013,"-3.90000 0.80000 1.00000, -1.15000 4.75000 0.10000"
2551,0.0000,Tx-Rx,0,-48.4463,"-3.90000 0.80000 1.00000, -0.85000 4.75000 0.10000"
2552,0.0000,Tx-Rx,0,-48.9847,"-3.90000 0.80000 1.00000, -0.55000 4.75000 0.10000"
2553,0.0000,Tx-Rx,0,-49.3930,"-3.90000 0.80000 1.00000, -0.25000 4.75000 0.10000"
2554,0.0000,Tx-Rx,0,-49.7487,"-3.90000 0.80000 1.00000, 0.05000 4.75000 0.10000"
2555,0.0000,Tx-Rx,0,-50.5908,"-3.90000 0.80000 1.00000, 0.35000 4.75000 0.10000"
2556,0.0000,Tx-Rx,0,-55.2834,"-3.90000 0.80000 1.00000, 0.65000 4.75000 0.10000"
2557,0.0000,Tx-Rx,0,-60.3943,"-3.90000 0.80000 1.00000, 0.95000 4.75000 0.10000"
2558,0.0000,Tx-Rx,0,-65.7469,"-3.90000 0.80000 1.00000, 1.25000 4.75000 0.10000"
2559,0.0000,Tx-Rx,0,-68.5866,"-3.90000 0.80000 1.00000, 1.55000 4.75000 0.10000"
2560,0.0000,Tx-Rx,0,-71.4677,"-3.90000 0.80000 1.00000, 1.85000 4.75000 0.10000"
2561,0.0000,Tx-Rx,0,-72.0115,"-3.90000 0.80000 1.00000, 2.15000 4.75000 0.10000"
2562,0.0000,Tx-Rx,0,-71.3149,"-3.90000 0.80000 1.00000, 2.45000 4.75000 0.10000"
2563,0.0000,Tx-Rx,0,-72.3158,"-3.90000 0.80000 1.00000, 2.75000 4.75000 0.10000"
2564,0.0000,Tx-Rx,0,-66.8195,"-3.90000 0.80000 1.00000, 3.05000 4.75000 0.10000"
2565,0.0000,Tx-Rx,0,-56.6025,"-3.90000 0.80000 1.00000, 3.35000 4.75000 0.10000"
2566,0.0000,Tx-Rx,0,-63.0383,"-3.90000 0.80000 1.00000, 3.65000 4.75000 0.10000"
2567,0.0000,Tx-Rx,0,-65.7642,"-3.90000 0.80000 1.00000, 3.95000 4.75000 0.10000"
2568,0.0000,Tx-Rx,0,-67.8492,"-3.90000 0.80000 1.00000, 4.25000 4.75000 0.10000"
2569,0.0000,Tx-Rx,0,-70.5421,"-3.90000 0.80000 1.00000, 4.55000 4.75000 0.10000"
2570,0.0000,Tx-Rx,0,-71.5870,"-3.90000 0.80000 1.00000, 4.85000 4.75000 0.10000"
2571,0.0000,Tx-Rx,0,-73.8458,"-3.90000 0.80000 1.00000, 5.15000 4.75000 0.10000"
2572,0.0000,Tx-Rx,0,-77.5703,"-3.90000 0.80000 1.00000, 5.45000 4.75000 0.10000"
2573,0.0000,Tx-Rx,0,-80.1878,"-3.90000 0.80000 1.00000, 5.75000 4.75000 0.10000"
2574,0.0000,Tx-Rx,0,-70.1729,"-3.90000 0.80000 1.00000, 6.05000 4.75000 0.10000"
2575,0.0000,Tx-Rx,0,-65.6083,"-3.90000 0.80000 1.00000, 6.35000 4.75000 0.10000"
2576,0.0000,Tx-Rx,0,-64.3976,"-3.90000 0.80000 1.00000, 6.65000 4.75000 0.10000"
2577,0.0000,Tx-Rx,0,-63.8250,"-3.90000 0.80000 1.00000, 6.95000 4.75000 0.10000"
2578,0.0000,Tx-Rx,0,-64.4482,"-3.90000 0.80000 1.00000, 7.25000 4.75000 0.10000"
2579,0.0000,Tx-Rx,0,-69.4629,"-3.90000 0.80000 1.00000, 7.55000 4.75000 0.10000"
2580,0.0000,Tx-Rx,0,-84.6293,"-3.90000 0.80000 1.00000, 7.85000 4.75000 0.10000"
2581,0.0000,Tx-Rx,0,-80.9340,"-3.90000 0.80000 1.00000, -9.85000 5.05000 0.10000"
2582,0.0000,Tx-Rx,0,-78.9217,"-3.90000 0.80000 1.00000, -9.55000 5.05000 0.10000"
2583,0.0000,Tx-Rx,0,-79.3945,"-3.90000 0.80000 1.00000, -9.25000 5.05000 0.10000"
2584,0.0000,Tx-Rx,0,-79.2065,"-3.90000 0.80000 1.00000, -8.95000 5.05000 0.10000"
2585,0.0000,Tx-Rx,0,-80.0755,"-3.90000 0.80000 1.00000, -8.65000 5.05000 0.10000"
2586,0.0000,Tx-Rx,0,-77.2561,"-3.90000 0.80000 1.00000, -8.35000 5.05000 0.10000"
2587,0.0000,Tx-Rx,0,-54.4257,"-3.90000 0.80000 1.00000, -8.05000 5.05000 0.10000"
2588,0.0000,Tx-Rx,0,-49.4096,"-3.90000 0.80000 1.00000, -7.75000 5.05000 0.10000"
2589,0.0000,Tx-Rx,0,-49.1921,"-3.90000 0.80000 1.00000, -7.45000 5.05000 0.10000"
2590,0.0000,Tx-Rx,0,-49.1079,"-3.90000 0.80000 1.00000, -7.15000 5.05000 0.10000"
2591,0.0000,Tx-Rx,0,-48.9219,"-3.90000 0.80000 1.00000, -6.85000 5.05000 0.10000"
2592,0.0000,Tx-Rx,0,-48.8014,"-3.90000 0.80000 1.00000, -6.55000 5.05000 0.10000"
2593,0.0000,Tx-Rx,0,-48.5118,"-3.90000 0.80000 1.00000, -6.25000 5.05000 0.10000"
2594,0.0000,Tx-Rx,0,-48.4349,"-3.90000 0.80000 1.00000, -5.95000 5.05000 0.10000"
2595,0.0000,Tx-Rx,0,-48.2639,"-3.90000 0.80000 1.00000, -5.65000 5.05000 0.10000"
2596,0.0000,Tx-Rx,0,-48.3598,"-3.90000 0.80000 1.00000, -5.35000 5.05000 0.10000"
2597,0.0000,Tx-Rx,0,-48.0066,"-3.90000 0.80000 1.00000, -5.05000 5.05000 0.10000"
2598,0.0000,Tx-Rx,0,-47.8647,"-3.90000 0.80000 1.00000, -4.75000 5.05000 0.10000"
2599,0.0000,Tx-Rx,0,-47.8926,"-3.90000 0.80000 1.00000, -4.45000 5.05000 0.10000"
2600,0.0000,Tx-Rx,0,-47.9106,"-3.90000 0.80000 1.00000, -4.15000 5.05000 0.10000"
2601,0.0000,Tx-Rx,0,-47.7444,"-3.90000 0.80000 1.00000, -3.85000 5.05000 0.10000"
2602,0.0000,Tx-Rx,0,-47.7526,"-3.90000 0.80000 1.00000, -3.55000 5.05000 0.10000"
2603,0.0000,Tx-Rx,0,-47.8635,"-3.90000 0.80000 1.00000, -3.25000 5.05000 0.10000"
2604,0.0000,Tx-Rx,0,-48.1392,"-3.90000 0.80000 1.00000, -2.95000 5.05000 0.10000"
2605,0.0000,Tx-Rx,0,-48.1349,"-3.90000 0.80000 1.00000, -2.65000 5.05000 0.10000"
2606,0.0000,Tx-Rx,0,-48.1930,"-3.90000 0.80000 1.00000, -2.35000 5.05000 0.10000"
2607,0.0000,Tx-Rx,0,-47.9360,"-3.90000 0.80000 1.00000, -2.05000 5.05000 0.10000"
2608,0.0000,Tx-Rx,0,-48.3948,"-3.90000 0.80000 1.00000, -1.75000 5.05000 0.10000"
2609,0.0000,Tx-Rx,0,-48.4141,"-3.90000 0.80000 1.00000, -1.45000 5.05000 0.10000"
2610,0.0000,Tx-Rx,0,-48.6591,"-3.90000 0.80000 1.00000, -1.15000 5.05000 0.10000"
2611,0.0000,Tx-Rx,0,-49.1062,"-3.90000 0.80000 1.00000, -0.85000 5.05000 0.10000"
2612,0.0000,Tx-Rx,0,-49.5678,"-3.90000 0.80000 1.00000, -0.55000 5.05000 0.10000"
2613,0.0000,Tx-Rx,0,-49.8648,"-3.90000 0.80000 1.00000, -0.25000 5.05000 0.10000"
2614,0.0000,Tx-Rx,0,-50.0162,"-3.90000 0.80000 1.00000, 0.05000 5.05000 0.10000"
2615,0.0000,Tx-Rx,0,-50.5728,"-3.90000 0.80000 1.00000, 0.35000 5.05000 0.10000"
2616,0.0000,Tx-Rx,0,-51.0110,"-3.90000 0.80000 1.00000, 0.65000 5.05000 0.10000"
2617,0.0000,Tx-Rx,0,-54.9674,"-3.90000 0.80000 1.00000, 0.95000 5.05000 0.10000"
2618,0.0000,Tx-Rx,0,-60.7957,"-3.90000 0.80000 1.00000, 1.25000 5.05000 0.10000"
2619,0.0000,Tx-Rx,0,-64.8025,"-3.90000 0.80000 1.00000, 1.55000 5.05000 0.10000"
2620,0.0000,Tx-Rx,0,-65.3117,"-3.90000 0.80000 1.00000, 1.85000 5.05000 0.10000"
2621,0.0000,Tx-Rx,0,-66.0478,"-3.90000 0.80000 1.00000, 2.15000 5.05000 0.10000"
2622,0.0000,Tx-Rx,0,-66.8459,"-3.90000 0.80000 1.00000, 2.45000 5.05000 0.10000"
2623,0.0000,Tx-Rx,0,-66.0445,"-3.90000 0.80000 1.00000, 2.75000 5.05000 0.10000"
2624,0.0000,Tx-Rx,0,-66.8542,"-3.90000 0.80000 1.00000, 3.05000 5.05000 0.10000"
2625,0.0000,Tx-Rx,0,-63.0042,"-3.90000 0.80000 1.00000, 3.35000 5.05000 0.10000"
2626,0.0000,Tx-Rx,0,-74.2265,"-3.90000 0.80000 1.00000, 3.65000 5.05000 0.10000"
2627,0.0000,Tx-Rx,0,-66.1286,"-3.90000 0.80000 1.00000, 3.95000 5.05000 0.10000"
2628,0.0000,Tx-Rx,0,-67.7321,"-3.90000 0.80000 1.00000, 4.25000 5.05000 0.10000"
2629,0.0000,Tx-Rx,0,-70.5052,"-3.90000 0.80000 1.00000, 4.55000 5.05000 0.10000"
2630,0.0000,Tx-Rx,0,-72.6499,"-3.90000 0.80000 1.00000, 4.85000 5.05000 0.10000"
2631,0.0000,Tx-Rx,0,-73.2622,"-3.90000 0.80000 1.00000, 5.15000 5.05000 0.10000"
2632,0.0000,Tx-Rx,0,-74.3983,"-3.90000 0.80000 1.00000, 5.45000 5.05000 0.10000"
2633,0.0000,Tx-Rx,0,-71.7120,"-3.90000 0.80000 1.00000, 5.75000 5.05000 0.10000"
2634,0.0000,Tx-Rx,0,-69.4581,"-3.90000 0.80000 1.00000, 6.05000 5.05000 0.10000"
2635,0.0000,Tx-Rx,0,-68.0541,"-3.90000 0.80000 1.00000, 6.35000 5.05000 0.10000"
2636,0.0000,Tx-Rx,0,-68.0286,"-3.90000 0.80000 1.00000, 6.65000 5.05000 0.10000"
2637,0.0000,Tx-Rx,0,-65.9824,"-3.90000 0.80000 1.00000, 6.95000 5.05000 0.10000"
2638,0.0000,Tx-Rx,0,-65.0448,"-3.90000 0.80000 1.00000, 7.25000 5.05000 0.10000"
2639,0.0000,Tx-Rx,0,-66.2320,"-3.90000 0.80000 1.00000, 7.55000 5.05000 0.10000"
2640,0.0000,Tx-Rx,0,-75.4542,"-3.90000 0.80000 1.00000, 7.85000 5.05000 0.10000"
2641,0.0000,Tx-Rx,0,-79.5212,"-3.90000 0.80000 1.00000, -9.85000 5.35000 0.10000"
2642,0.0000,Tx-Rx,0,-79.5805,"-3.90000 0.80000 1.00000, -9.55000 5.35000 0.10000"
2643,0.0000,Tx-Rx,0,-80.3019,"-3.90000 0.80000 1.00000, -9.25000 5.35000 0.10000"
2644,0.0000,Tx-Rx,0,-79.2831,"-3.90000 0.80000 1.00000, -8.95000 5.35000 0.10000"
2645,0.0000,Tx-Rx,0,-79.2693,"-3.90000 0.80000 1.00000, -8.65000 5.35000 0.10000"
2646,0.0000,Tx-Rx,0,-78.9218,"-3.90000 0.80000 1.00000, -8.35000 5.35000 0.10000"
2647,0.0000,Tx-Rx,0,-54.3889,"-3.90000 0.80000 1.00000, -8.05000 5.35000 0.10000"
2648,0.0000,Tx-Rx,0,-49.6365,"-3.90000 0.80000 1.00000, -7.75000 5.35000 0.10000"
2649,0.0000,Tx-Rx,0,-49.2977,"-3.90000 0.80000 1.00000, -7.45000 5.35000 0.10000"
2650,0.0000,Tx-Rx,0,-49.4920,"-3.90000 0.80000 1.00000, -7.15000 5.35000 0.10000"
2651,0.0000,Tx-Rx,0,-49.2734,"-3.90000 0.80000 1.00000, -6.85000 5.35000 0.10000"
2652,0.0000,Tx-Rx,0,-49.0804,"-3.90000 0.80000 1.00000, -6.55000 5.35000 0.10000"
2653,0.0000,Tx-Rx,0,-48.8772,"-3.90000 0.80000 1.00000, -6.25000 5.35000 0.10000"
2654,0.0000,Tx-Rx,0,-48.8178,"-3.90000 0.80000 1.00000, -5.95000 5.35000 0.10000"
2655,0.0000,Tx-Rx,0,-48.7477,"-3.90000 0.80000 1.00000, -5.65000 5.35000 0.10000"
2656,0.0000,Tx-Rx,0,-48.6455,"-3.90000 0.80000 1.00000, -5.35000 5.35000 0.10000"
2657,0.0000,Tx-Rx,0,-48.2345,"-3.90000 0.80000 1.00000, -5.05000 5.35000 0.10000"
2658,0.0000,Tx-Rx,0,-48.1745,"-3.90000 0.80000 1.00000, -4.75000 5.35000 0.10000"
2659,0.0000,Tx-Rx,0,-48.7929,"-3.90000 0.80000 1.00000, -4.45000 5.35000 0.10000"
2660,0.0000,Tx-Rx,0,-48.3214,"-3.90000 0.80000 1.00000, -4.15000 5.35000 0.10000"
2661,0.0000,Tx-Rx,0,-48.2335,"-3.90000 0.80000 1.00000, -3.85000 5.35000 0.10000"
2662,0.0000,Tx-Rx,0,-48.2518,"-3.90000 0.80000 1.00000, -3.55000 5.35000 0.10000"
2663,0.0000,Tx-Rx,0,-48.1839,"-3.90000 0.80000 1.00000, -3.25000 5.35000 0.10000"
2664,0.0000,Tx-Rx,0,-48.3593,"-3.90000 0.80000 1.00000, -2.95000 5.35000 0.10000"
2665,0.0000,Tx-Rx,0,-48.5372,"-3.90000 0.80000 1.00000, -2.65000 5.35000 0.10000"
2666,0.0000,Tx-Rx,0,-48.5187,"-3.90000 0.80000 1.00000, -2.35000 5.35000 0.10000"
2667,0.0000,Tx-Rx,0,-48.0706,"-3.90000 0.80000 1.00000, -2.05000 5.35000 0.10000"
2668,0.0000,Tx-Rx,0,-48.5921,"-3.90000 0.80000 1.00000, -1.75000 5.35000 0.10000"
2669,0.0000,Tx-Rx,0,-48.7563,"-3.90000 0.80000 1.00000, -1.45000 5.35000 0.10000"
2670,0.0000,Tx-Rx,0,-49.3047,"-3.90000 0.80000 1.00000, -1.15000 5.35000 0.10000"
2671,0.0000,Tx-Rx,0,-49.6391,"-3.90000 0.80000 1.00000, -0.85000 5.35000 0.10000"
2672,0.0000,Tx-Rx,0,-49.8351,"-3.90000 0.80000 1.00000, -0.55000 5.35000 0.10000"
2673,0.0000,Tx-Rx,0,-50.0152,"-3.90000 0.80000 1.00000, -0.25000 5.35000 0.10000"
2674,0.0000,Tx-Rx,0,-51.5029,"-3.90000 0.80000 1.00000, 0.05000 5.35000 0.10000"
2675,0.0000,Tx-Rx,0,-50.9172,"-3.90000 0.80000 1.00000, 0.35000 5.35000 0.10000"
2676,0.0000,Tx-Rx,0,-51.1058,"-3.90000 0.80000 1.00000, 0.65000 5.35000 0.10000"
2677,0.0000,Tx-Rx,0,-51.3407,"-3.90000 0.80000 1.00000, 0.95000 5.35000 0.10000"
2678,0.0000,Tx-Rx,0,-54.4323,"-3.90000 0.80000 1.00000, 1.25000 5.35000 0.10000"
2679,0.0000,Tx-Rx,0,-61.0162,"-3.90000 0.80000 1.00000, 1.55000 5.35000 0.10000"
2680,0.0000,Tx-Rx,0,-64.9683,"-3.90000 0.80000 1.00000, 1.85000 5.35000 0.10000"
2681,0.0000,Tx-Rx,0,-64.1307,"-3.90000 0.80000 1.00000, 2.15000 5.35000 0.10000"
2682,0.0000,Tx-Rx,0,-63.8851,"-3.90000 0.80000 1.00000, 2.45000 5.35000 0.10000"
2683,0.0000,Tx-Rx,0,-64.6686,"-3.90000 0.80000 1.00000, 2.75000 5.35000 0.10000"
2684,0.0000,Tx-Rx,0,-61.4302,"-3.90000 0.80000 1.00000, 3.05000 5.35000 0.10000"
2685,0.0000,Tx-Rx,0,-65.7951,"-3.90000 0.80000 1.00000, 3.35000 5.35000 0.10000"
2686,0.0000,Tx-Rx,0,-69.5950,"-3.90000 0.80000 1.00000, 3.65000 5.35000 0.10000"
2687,0.0000,Tx-Rx,0,-73.8437,"-3.90000 0.80000 1.00000, 3.95000 5.35000 0.10000"
2688,0.0000,Tx-Rx,0,-76.9440,"-3.90000 0.80000 1.00000, 4.25000 5.35000 0.10000"
2689,0.0000,Tx-Rx,0,-74.7290,"-3.90000 0.80000 1.00000, 4.55000 5.35000 0.10000"
2690,0.0000,Tx-Rx,0,-71.2488,"-3.90000 0.80000 1.00000, 4.85000 5.35000 0.10000"
2691,0.0000,Tx-Rx,0,-68.4631,"-3.90000 0.80000 1.00000, 5.15000 5.35000 0.10000"
2692,0.0000,Tx-Rx,0,-68.3173,"-3.90000 0.80000 1.00000, 5.45000 5.35000 0.10000"
2693,0.0000,Tx-Rx,0,-70.2308,"-3.90000 0.80000 1.00000, 5.75000 5.35000 0.10000"
2694,0.0000,Tx-Rx,0,-73.7622,"-3.90000 0.80000 1.00000, 6.05000 5.35000 0.10000"
2695,0.0000,Tx-Rx,0,-73.0322,"-3.90000 0.80000 1.00000, 6.35000 5.35000 0.10000"
2696,0.0000,Tx-Rx,0,-70.4134,"-3.90000 0.80000 1.00000, 6.65000 5.35000 0.10000"
2697,0.0000,Tx-Rx,0,-71.8706,"-3.90000 0.80000 1.00000, 6.95000 5.35000 0.10000"
2698,0.0000,Tx-Rx,0,-68.4197,"-3.90000 0.80000 1.00000, 7.25000 5.35000 0.10000"
2699,0.0000,Tx-Rx,0,-67.4351,"-3.90000 0.80000 1.00000, 7.55000 5.35000 0.10000"
2700,0.0000,Tx-Rx,0,-76.9037,"-3.90000 0.80000 1.00000, 7.85000 5.35000 0.10000"
2701,0.0000,Tx-Rx,0,-80.4673,"-3.90000 0.80000 1.00000, -9.85000 5.65000 0.10000"
2702,0.0000,Tx-Rx,0,-79.1875,"-3.90000 0.80000 1.00000, -9.55000 5.65000 0.10000"
2703,0.0000,Tx-Rx,0,-82.0513,"-3.90000 0.80000 1.00000, -9.25000 5.65000 0.10000"
2704,0.0000,Tx-Rx,0,-80.3745,"-3.90000 0.80000 1.00000, -8.95000 5.65000 0.10000"
2705,0.0000,Tx-Rx,0,-79.8271,"-3.90000 0.80000 1.00000, -8.65000 5.65000 0.10000"
2706,0.0000,Tx-Rx,0,-79.6327,"-3.90000 0.80000 1.00000, -8.35000 5.65000 0.10000"
2707,0.0000,Tx-Rx,0,-54.6914,"-3.90000 0.80000 1.00000, -8.05000 5.65000 0.10000"
2708,0.0000,Tx-Rx,0,-49.8509,"-3.90000 0.80000 1.00000, -7.75000 5.65000 0.10000"
2709,0.0000,Tx-Rx,0,-49.5431,"-3.90000 0.80000 1.00000, -7.45000 5.65000 0.10000"
2710,0.0000,Tx-Rx,0,-49.6577,"-3.90000 0.80000 1.00000, -7.15000 5.65000 0.10000"
2711,0.0000,Tx-Rx,0,-49.5534,"-3.90000 0.80000 1.00000, -6.85000 5.65000 0.10000"
2712,0.0000,Tx-Rx,0,-49.3840,"-3.90000 0.80000 1.00000, -6.55000 5.65000 0.10000"
2713,0.0000,Tx-Rx,0,-49.2237,"-3.90000 0.80000 1.00000, -6.25000 5.65000 0.10000"
2714,0.0000,Tx-Rx,0,-49.0876,"-3.90000 0.80000 1.00000, -5.95000 5.65000 0.10000"
2715,0.0000,Tx-Rx,0,-49.1469,"-3.90000 0.80000 1.00000, -5.65000 5.65000 0.10000"
2716,0.0000,Tx-Rx,0,-48.9572,"-3.90000 0.80000 1.00000, -5.35000 5.65000 0.10000"
2717,0.0000,Tx-Rx,0,-48.7569,"-3.90000 0.80000 1.00000, -5.05000 5.65000 0.10000"
2718,0.0000,Tx-Rx,0,-48.6315,"-3.90000 0.80000 1.00000, -4.75000 5.65000 0.10000"
2719,0.0000,Tx-Rx,0,-49.3266,"-3.90000 0.80000 1.00000, -4.45000 5.65000 0.10000"
2720,0.0000,Tx-Rx,0,-48.7268,"-3.90000 0.80000 1.00000, -4.15000 5.65000 0.10000"
2721,0.0000,Tx-Rx,0,-48.6852,"-3.90000 0.80000 1.00000, -3.85000 5.65000 0.10000"
2722,0.0000,Tx-Rx,0,-48.7036,"-3.90000 0.80000 1.00000, -3.55000 5.65000 0.10000"
2723,0.0000,Tx-Rx,0,-48.9051,"-3.90000 0.80000 1.00000, -3.25000 5.65000 0.10000"
2724,0.0000,Tx-Rx,0,-48.9899,"-3.90000 0.80000 1.00000, -2.95000 5.65000 0.10000"
2725,0.0000,Tx-Rx,0,-48.9225,"-3.90000 0.80000 1.00000, -2.65000 5.65000 0.10000"
2726,0.0000,Tx-Rx,0,-48.6499,"-3.90000 0.80000 1.00000, -2.35000 5.65000 0.10000"
2727,0.0000,Tx-Rx,0,-48.3777,"-3.90000 0.80000 1.00000, -2.05000 5.65000 0.10000"
2728,0.0000,Tx-Rx,0,-48.8647,"-3.90000 0.80000 1.00000, -1.75000 5.65000 0.10000"
2729,0.0000,Tx-Rx,0,-49.4361,"-3.90000 0.80000 1.00000, -1.45000 5.65000 0.10000"
2730,0.0000,Tx-Rx,0,-49.6714,"-3.90000 0.80000 1.00000, -1.15000 5.65000 0.10000"
2731,0.0000,Tx-Rx,0,-49.8885,"-3.90000 0.80000 1.00000, -0.85000 5.65000 0.10000"
2732,0.0000,Tx-Rx,0,-50.0437,"-3.90000 0.80000 1.00000, -0.55000 5.65000 0.10000"
2733,0.0000,Tx-Rx,0,-49.6661,"-3.90000 0.80000 1.00000, -0.25000 5.65000 0.10000"
2734,0.0000,Tx-Rx,0,-54.0280,"-3.90000 0.80000 1.00000, 0.05000 5.65000 0.10000"
2735,0.0000,Tx-Rx,0,-53.7734,"-3.90000 0.80000 1.00000, 0.35000 5.65000 0.10000"
2736,0.0000,Tx-Rx,0,-51.3836,"-3.90000 0.80000 1.00000, 0.65000 5.65000 0.10000"
2737,0.0000,Tx-Rx,0,-51.5776,"-3.90000 0.80000 1.00000, 0.95000 5.65000 0.10000"
2738,0.0000,Tx-Rx,0,-51.7557,"-3.90000 0.80000 1.00000, 1.25000 5.65000 0.10000"
2739,0.0000,Tx-Rx,0,-53.9892,"-3.90000 0.80000 1.00000, 1.55000 5.65000 0.10000"
2740,0.0000,Tx-Rx,0,-60.4182,"-3.90000 0.80000 1.00000, 1.85000 5.65000 0.10000"
2741,0.0000,Tx-Rx,0,-64.9908,"-3.90000 0.80000 1.00000, 2.15000 5.65000 0.10000"
2742,0.0000,Tx-Rx,0,-65.6795,"-3.90000 0.80000 1.00000, 2.45000 5.65000 0.10000"
2743,0.0000,Tx-Rx,0,-61.5519,"-3.90000 0.80000 1.00000, 2.75000 5.65000 0.10000"
2744,0.0000,Tx-Rx,0,-63.9562,"-3.90000 0.80000 1.00000, 3.05000 5.65000 0.10000"
2745,0.0000,Tx-Rx,0,-65.2501,"-3.90000 0.80000 1.00000, 3.35000 5.65000 0.10000"
2746,0.0000,Tx-Rx,0,-65.6087,"-3.90000 0.80000 1.00000, 3.65000 5.65000 0.10000"
2747,0.0000,Tx-Rx,0,-65.5676,"-3.90000 0.80000 1.00000, 3.95000 5.65000 0.10000"
2748,0.0000,Tx-Rx,0,-65.5643,"-3.90000 0.80000 1.00000, 4.25000 5.65000 0.10000"
2749,0.0000,Tx-Rx,0,-66.2254,"-3.90000 0.80000 1.00000, 4.55000 5.65000 0.10000"
2750,0.0000,Tx-Rx,0,-68.7448,"-3.90000 0.80000 1.00000, 4.85000 5.65000 0.10000"
2751,0.0000,Tx-Rx,0,-72.8468,"-3.90000 0.80000 1.00000, 5.15000 5.65000 0.10000"
2752,0.0000,Tx-Rx,0,-74.3787,"-3.90000 0.80000 1.00000, 5.45000 5.65000 0.10000"
2753,0.0000,Tx-Rx,0,-71.5184,"-3.90000 0.80000 1.00000, 5.75000 5.65000 0.10000"
2754,0.0000,Tx-Rx,0,-71.2067,"-3.90000 0.80000 1.00000, 6.05000 5.65000 0.10000"
2755,0.0000,Tx-Rx,0,-70.8753,"-3.90000 0.80000 1.00000, 6.35000 5.65000 0.10000"
2756,0.0000,Tx-Rx,0,-71.8981,"-3.90000 0.80000 1.00000, 6.65000 5.65000 0.10000"
2757,0.0000,Tx-Rx,0,-72.6695,"-3.90000 0.80000 1.00000, 6.95000 5.65000 0.10000"
2758,0.0000,Tx-Rx,0,-75.1657,"-3.90000 0.80000 1.00000, 7.25000 5.65000 0.10000"
2759,0.0000,Tx-Rx,0,-75.9003,"-3.90000 0.80000 1.00000, 7.55000 5.65000 0.10000"
2760,0.0000,Tx-Rx,0,-77.5210,"-3.90000 0.80000 1.00000, 7.85000 5.65000 0.10000"
2761,0.0000,Tx-Rx,0,-82.7370,"-3.90000 0.80000 1.00000, -9.85000 5.95000 0.10000"
2762,0.0000,Tx-Rx,0,-80.4338,"-3.90000 0.80000 1.00000, -9.55000 5.95000 0.10000"
2763,0.0000,Tx-Rx,0,-82.2642,"-3.90000 0.80000 1.00000, -9.25000 5.95000 0.10000"
2764,0.0000,Tx-Rx,0,-79.8880,"-3.90000 0.80000 1.00000, -8.95000 5.95000 0.10000"
2765,0.0000,Tx-Rx,0,-80.9611,"-3.90000 0.80000 1.00000, -8.65000 5.95000 0.10000"
2766,0.0000,Tx-Rx,0,-80.1764,"-3.90000 0.80000 1.00000, -8.35000 5.95000 0.10000"
2767,0.0000,Tx-Rx,0,-54.9169,"-3.90000 0.80000 1.00000, -8.05000 5.95000 0.10000"
2768,0.0000,Tx-Rx,0,-50.0212,"-3.90000 0.80000 1.00000, -7.75000 5.95000 0.10000"
2769,0.0000,Tx-Rx,0,-49.7622,"-3.90000 0.80000 1.00000, -7.45000 5.95000 0.10000"
2770,0.0000,Tx-Rx,0,-49.9124,"-3.90000 0.80000 1.00000, -7.15000 5.95000 0.10000"
2771,0.0000,Tx-Rx,0,-49.8599,"-3.90000 0.80000 1.00000, -6.85000 5.95000 0.10000"
2772,0.0000,Tx-Rx,0,-49.6387,"-3.90000 0.80000 1.00000, -6.55000 5.95000 0.10000"
2773,0.0000,Tx-Rx,0,-49.5885,"-3.90000 0.80000 1.00000, -6.25000 5.95000 0.10000"
2774,0.0000,Tx-Rx,0,-49.4626,"-3.90000 0.80000 1.00000, -5.95000 5.95000 0.10000"
2775,0.0000,Tx-Rx,0,-49.4698,"-3.90000 0.80000 1.00000, -5.65000 5.95000 0.10000"
2776,0.0000,Tx-Rx,0,-49.2164,"-3.90000 0.80000 1.00000, -5.35000 5.95000 0.10000"
2777,0.0000,Tx-Rx,0,-49.0795,"-3.90000 0.80000 1.00000, -5.05000 5.95000 0.10000"
2778,0.0000,Tx-Rx,0,-49.0269,"-3.90000 0.80000 1.00000, -4.75000 5.95000 0.10000"
2779,0.0000,Tx-Rx,0,-49.6423,"-3.90000 0.80000 1.00000, -4.45000 5.95000 0.10000"
2780,0.0000,Tx-Rx,0,-49.1786,"-3.90000 0.80000 1.00000, -4.15000 5.95000 0.10000"
2781,0.0000,Tx-Rx,0,-49.4098,"-3.90000 0.80000 1.00000, -3.85000 5.95000 0.10000"
2782,0.0000,Tx-Rx,0,-49.2354,"-3.90000 0.80000 1.00000, -3.55000 5.95000 0.10000"
2783,0.0000,Tx-Rx,0,-50.2217,"-3.90000 0.80000 1.00000, -3.25000 5.95000 0.10000"
2784,0.0000,Tx-Rx,0,-49.0940,"-3.90000 0.80000 1.00000, -2.95000 5.95000 0.10000"
2785,0.0000,Tx-Rx,0,-49.1805,"-3.90000 0.80000 1.00000, -2.65000 5.95000 0.10000"
2786,0.0000,Tx-Rx,0,-49.0528,"-3.90000 0.80000 1.00000, -2.35000 5.95000 0.10000"
2787,0.0000,Tx-Rx,0,-48.7423,"-3.90000 0.80000 1.00000, -2.05000 5.95000 0.10000"
2788,0.0000,Tx-Rx,0,-49.4512,"-3.90000 0.80000 1.00000, -1.75000 5.95000 0.10000"
2789,0.0000,Tx-Rx,0,-49.7933,"-3.90000 0.80000 1.00000, -1.45000 5.95000 0.10000"
2790,0.0000,Tx-Rx,0,-49.9890,"-3.90000 0.80000 1.00000, -1.15000 5.95000 0.10000"
2791,0.0000,Tx-Rx,0,-50.1711,"-3.90000 0.80000 1.00000, -0.85000 5.95000 0.10000"
2792,0.0000,Tx-Rx,0,-49.8997,"-3.90000 0.80000 1.00000, -0.55000 5.95000 0.10000"
2793,0.0000,Tx-Rx,0,-49.6701,"-3.90000 0.80000 1.00000, -0.25000 5.95000 0.10000"
2794,0.0000,Tx-Rx,0,-54.4085,"-3.90000 0.80000 1.00000, 0.05000 5.95000 0.10000"
2795,0.0000,Tx-Rx,0,-68.1204,"-3.90000 0.80000 1.00000, 0.35000 5.95000 0.10000"
2796,0.0000,Tx-Rx,0,-53.4536,"-3.90000 0.80000 1.00000, 0.65000 5.95000 0.10000"
2797,0.0000,Tx-Rx,0,-51.7953,"-3.90000 0.80000 1.00000, 0.95000 5.95000 0.10000"
2798,0.0000,Tx-Rx,0,-51.9774,"-3.90000 0.80000 1.00000, 1.25000 5.95000 0.10000"
2799,0.0000,Tx-Rx,0,-52.2185,"-3.90000 0.80000 1.00000, 1.55000 5.95000 0.10000"
2800,0.0000,Tx-Rx,0,-53.9031,"-3.90000 0.80000 1.00000, 1.85000 5.95000 0.10000"
2801,0.0000,Tx-Rx,0,-60.9290,"-3.90000 0.80000 1.00000, 2.15000 5.95000 0.10000"
2802,0.0000,Tx-Rx,0,-61.7084,"-3.90000 0.80000 1.00000, 2.45000 5.95000 0.10000"
2803,0.0000,Tx-Rx,0,-63.5169,"-3.90000 0.80000 1.00000, 2.75000 5.95000 0.10000"
2804,0.0000,Tx-Rx,0,-65.4513,"-3.90000 0.80000 1.00000, 3.05000 5.95000 0.10000"
2805,0.0000,Tx-Rx,0,-64.3941,"-3.90000 0.80000 1.00000, 3.35000 5.95000 0.10000"
2806,0.0000,Tx-Rx,0,-63.9090,"-3.90000 0.80000 1.00000, 3.65000 5.95000 0.10000"
2807,0.0000,Tx-Rx,0,-64.4440,"-3.90000 0.80000 1.00000, 3.95000 5.95000 0.10000"
2808,0.0000,Tx-Rx,0,-65.4518,"-3.90000 0.80000 1.00000, 4.25000 5.95000 0.10000"
2809,0.0000,Tx-Rx,0,-66.1485,"-3.90000 0.80000 1.00000, 4.55000 5.95000 0.10000"
2810,0.0000,Tx-Rx,0,-66.2738,"-3.90000 0.80000 1.00000, 4.85000 5.95000 0.10000"
2811,0.0000,Tx-Rx,0,-66.6288,"-3.90000 0.80000 1.00000, 5.15000 5.95000 0.10000"
2812,0.0000,Tx-Rx,0,-67.6914,"-3.90000 0.80000 1.00000, 5.45000 5.95000 0.10000"
2813,0.0000,Tx-Rx,0,-68.8953,"-3.90000 0.80000 1.00000, 5.75000 5.95000 0.10000"
2814,0.0000,Tx-Rx,0,-71.3549,"-3.90000 0.80000 1.00000, 6.05000 5.95000 0.10000"
2815,0.0000,Tx-Rx,0,-74.2854,"-3.90000 0.80000 1.00000, 6.35000 5.95000 0.10000"
2816,0.0000,Tx-Rx,0,-73.5604,"-3.90000 0.80000 1.00000, 6.65000 5.95000 0.10000"
2817,0.0000,Tx-Rx,0,-73.2325,"-3.90000 0.80000 1.00000, 6.95000 5.95000 0.10000"
2818,0.0000,Tx-Rx,0,-72.1480,"-3.90000 0.80000 1.00000, 7.25000 5.95000 0.10000"
2819,0.0000,Tx-Rx,0,-72.7034,"-3.90000 0.80000 1.00000, 7.55000 5.95000 0.10000"
2820,0.0000,Tx-Rx,0,-80.9157,"-3.90000 0.80000 1.00000, 7.85000 5.95000 0.10000"
2821,0.0000,Tx-Rx,0,-81.8572,"-3.90000 0.80000 1.00000, -9.85000 6.25000 0.10000"
2822,0.0000,Tx-Rx,0,-79.7532,"-3.90000 0.80000 1.00000, -9.55000 6.25000 0.10000"
2823,0.0000,Tx-Rx,0,-80.0728,"-3.90000 0.80000 1.00000, -9.25000 6.25000 0.10000"
2824,0.0000,Tx-Rx,0,-80.9837,"-3.90000 0.80000 1.00000, -8.95000 6.25000 0.10000"
2825,0.0000,Tx-Rx,0,-80.5572,"-3.90000 0.80000 1.00000, -8.65000 6.25000 0.10000"
2826,0.0000,Tx-Rx,0,-80.7510,"-3.90000 0.80000 1.00000, -8.35000 6.25000 0.10000"
2827,0.0000,Tx-Rx,0,-55.0663,"-3.90000 0.80000 1.00000, -8.05000 6.25000 0.10000"
2828,0.0000,Tx-Rx,0,-50.2280,"-3.90000 0.80000 1.00000, -7.75000 6.25000 0.10000"
2829,0.0000,Tx-Rx,0,-49.9558,"-3.90000 0.80000 1.00000, -7.45000 6.25000 0.10000"
2830,0.0000,Tx-Rx,0,-50.0979,"-3.90000 0.80000 1.00000, -7.15000 6.25000 0.10000"
2831,0.0000,Tx-Rx,0,-50.0641,"-3.90000 0.80000 1.00000, -6.85000 6.25000 0.10000"
2832,0.0000,Tx-Rx,0,-49.9894,"-3.90000 0.80000 1.00000, -6.55000 6.25000 0.10000"
2833,0.0000,Tx-Rx,0,-49.7980,"-3.90000 0.80000 1.00000, -6.25000 6.25000 0.10000"
2834,0.0000,Tx-Rx,0,-49.7769,"-3.90000 0.80000 1.00000, -5.95000 6.25000 0.10000"
2835,0.0000,Tx-Rx,0,-49.7621,"-3.90000 0.80000 1.00000, -5.65000 6.25000 0.10000"
2836,0.0000,Tx-Rx,0,-49.5887,"-3.90000 0.80000 1.00000, -5.35000 6.25000 0.10000"
2837,0.0000,Tx-Rx,0,-49.4419,"-3.90000 0.80000 1.00000, -5.05000 6.25000 0.10000"
2838,0.0000,Tx-Rx,0,-49.4343,"-3.90000 0.80000 1.00000, -4.75000 6.25000 0.10000"
2839,0.0000,Tx-Rx,0,-49.9515,"-3.90000 0.80000 1.00000, -4.45000 6.25000 0.10000"
2840,0.0000,Tx-Rx,0,-49.4731,"-3.90000 0.80000 1.00000, -4.15000 6.25000 0.10000"
2841,0.0000,Tx-Rx,0,-50.5713,"-3.90000 0.80000 1.00000, -3.85000 6.25000 0.10000"
2842,0.0000,Tx-Rx,0,-49.5483,"-3.90000 0.80000 1.00000, -3.55000 6.25000 0.10000"
2843,0.0000,Tx-Rx,0,-50.2788,"-3.90000 0.80000 1.00000, -3.25000 6.25000 0.10000"
2844,0.0000,Tx-Rx,0,-49.3720,"-3.90000 0.80000 1.00000, -2.95000 6.25000 0.10000"
2845,0.0000,Tx-Rx,0,-49.4774,"-3.90000 0.80000 1.00000, -2.65000 6.25000 0.10000"
2846,0.0000,Tx-Rx,0,-49.4673,"-3.90000 0.80000 1.00000, -2.35000 6.25000 0.10000"
2847,0.0000,Tx-Rx,0,-49.4687,"-3.90000 0.80000 1.00000, -2.05000 6.25000 0.10000"
2848,0.0000,Tx-Rx,0,-49.7389,"-3.90000 0.80000 1.00000, -1.75000 6.25000 0.10000"
2849,0.0000,Tx-Rx,0,-50.0654,"-3.90000 0.80000 1.00000, -1.45000 6.25000 0.10000"
2850,0.0000,Tx-Rx,0,-50.1989,"-3.90000 0.80000 1.00000, -1.15000 6.25000 0.10000"
2851,0.0000,Tx-Rx,0,-50.0250,"-3.90000 0.80000 1.00000, -0.85000 6.25000 0.10000"
2852,0.0000,Tx-Rx,0,-49.8205,"-3.90000 0.80000 1.00000, -0.55000 6.25000 0.10000"
2853,0.0000,Tx-Rx,0,-49.7922,"-3.90000 0.80000 1.00000, -0.25000 6.25000 0.10000"
2854,0.0000,Tx-Rx,0,-54.5273,"-3.90000 0.80000 1.00000, 0.05000 6.25000 0.10000"
2855,0.0000,Tx-Rx,0,-68.0664,"-3.90000 0.80000 1.00000, 0.35000 6.25000 0.10000"
2856,0.0000,Tx-Rx,0,-64.3741,"-3.90000 0.80000 1.00000, 0.65000 6.25000 0.10000"
2857,0.0000,Tx-Rx,0,-53.3429,"-3.90000 0.80000 1.00000, 0.95000 6.25000 0.10000"
2858,0.0000,Tx-Rx,0,-52.1687,"-3.90000 0.80000 1.00000, 1.25000 6.25000 0.10000"
2859,0.0000,Tx-Rx,0,-52.3468,"-3.90000 0.80000 1.00000, 1.55000 6.25000 0.10000"
2860,0.0000,Tx-Rx,0,-52.6031,"-3.90000 0.80000 1.00000, 1.85000 6.25000 0.10000"
2861,0.0000,Tx-Rx,0,-53.4735,"-3.90000 0.80000 1.00000, 2.15000 6.25000 0.10000"
2862,0.0000,Tx-Rx,0,-60.1777,"-3.90000 0.80000 1.00000, 2.45000 6.25000 0.10000"
2863,0.0000,Tx-Rx,0,-68.8561,"-3.90000 0.80000 1.00000, 2.75000 6.25000 0.10000"
2864,0.0000,Tx-Rx,0,-67.2316,"-3.90000 0.80000 1.00000, 3.05000 6.25000 0.10000"
2865,0.0000,Tx-Rx,0,-66.9320,"-3.90000 0.80000 1.00000, 3.35000 6.25000 0.10000"
2866,0.0000,Tx-Rx,0,-66.3341,"-3.90000 0.80000 1.00000, 3.65000 6.25000 0.10000"
2867,0.0000,Tx-Rx,0,-65.7849,"-3.90000 0.80000 1.00000, 3.95000 6.25000 0.10000"
2868,0.0000,Tx-Rx,0,-64.8649,"-3.90000 0.80000 1.00000, 4.25000 6.25000 0.10000"
2869,0.0000,Tx-Rx,0,-65.4351,"-3.90000 0.80000 1.00000, 4.55000 6.25000 0.10000"
2870,0.0000,Tx-Rx,0,-65.2515,"-3.90000 0.80000 1.00000, 4.85000 6.25000 0.10000"
2871,0.0000,Tx-Rx,0,-65.4375,"-3.90000 0.80000 1.00000, 5.15000 6.25000 0.10000"
2872,0.0000,Tx-Rx,0,-65.7803,"-3.90000 0.80000 1.00000, 5.45000 6.25000 0.10000"
2873,0.0000,Tx-Rx,0,-66.0124,"-3.90000 0.80000 1.00000, 5.75000 6.25000 0.10000"
2874,0.0000,Tx-Rx,0,-66.2311,"-3.90000 0.80000 1.00000, 6.05000 6.25000 0.10000"
2875,0.0000,Tx-Rx,0,-67.5312,"-3.90000 0.80000 1.00000, 6.35000 6.25000 0.10000"
2876,0.0000,Tx-Rx,0,-69.5278,"-3.90000 0.80000 1.00000, 6.65000 6.25000 0.10000"
2877,0.0000,Tx-Rx,0,-71.8794,"-3.90000 0.80000 1.00000, 6.95000 6.25000 0.10000"
2878,0.0000,Tx-Rx,0,-73.0883,"-3.90000 0.80000 1.00000, 7.25000 6.25000 0.10000"
2879,0.0000,Tx-Rx,0,-80.5044,"-3.90000 0.80000 1.00000, 7.55000 6.25000 0.10000"
2880,0.0000,Tx-Rx,0,-84.7353,"-3.90000 0.80000 1.00000, 7.85000 6.25000 0.10000"
2881,0.0000,Tx-Rx,0,-81.5044,"-3.90000 0.80000 1.00000, -9.85000 6.55000 0.10000"
2882,0.0000,Tx-Rx,0,-81.0050,"-3.90000 0.80000 1.00000, -9.55000 6.55000 0.10000"
2883,0.0000,Tx-Rx,0,-80.9408,"-3.90000 0.80000 1.00000, -9.25000 6.55000 0.10000"
2884,0.0000,Tx-Rx,0,-81.3509,"-3.90000 0.80000 1.00000, -8.95000 6.55000 0.10000"
2885,0.0000,Tx-Rx,0,-80.0415,"-3.90000 0.80000 1.00000, -8.65000 6.55000 0.10000"
2886,0.0000,Tx-Rx,0,-81.2948,"-3.90000 0.80000 1.00000, -8.35000 6.55000 0.10000"
2887,0.0000,Tx-Rx,0,-55.2286,"-3.90000 0.80000 1.00000, -8.05000 6.55000 0.10000"
2888,0.0000,Tx-Rx,0,-50.3631,"-3.90000 0.80000 1.00000, -7.75000 6.55000 0.10000"
2889,0.0000,Tx-Rx,0,-50.1458,"-3.90000 0.80000 1.00000, -7.45000 6.55000 0.10000"
2890,0.0000,Tx-Rx,0,-50.3564,"-3.90000 0.80000 1.00000, -7.15000 6.55000 0.10000"
2891,0.0000,Tx-Rx,0,-50.3117,"-3.90000 0.80000 1.00000, -6.85000 6.55000 0.10000"
2892,0.0000,Tx-Rx,0,-50.2043,"-3.90000 0.80000 1.00000, -6.55000 6.55000 0.10000"
2893,0.0000,Tx-Rx,0,-50.0338,"-3.90000 0.80000 1.00000, -6.25000 6.55000 0.10000"
2894,0.0000,Tx-Rx,0,-50.1420,"-3.90000 0.80000 1.00000, -5.95000 6.55000 0.10000"
2895,0.0000,Tx-Rx,0,-49.9616,"-3.90000 0.80000 1.00000, -5.65000 6.55000 0.10000"
2896,0.0000,Tx-Rx,0,-49.8770,"-3.90000 0.80000 1.00000, -5.35000 6.55000 0.10000"
2897,0.0000,Tx-Rx,0,-49.8501,"-3.90000 0.80000 1.00000, -5.05000 6.55000 0.10000"
2898,0.0000,Tx-Rx,0,-49.7956,"-3.90000 0.80000 1.00000, -4.75000 6.55000 0.10000"
2899,0.0000,Tx-Rx,0,-50.2081,"-3.90000 0.80000 1.00000, -4.45000 6.55000 0.10000"
2900,0.0000,Tx-Rx,0,-50.4478,"-3.90000 0.80000 1.00000, -4.15000 6.55000 0.10000"
2901,0.0000,Tx-Rx,0,-51.2766,"-3.90000 0.80000 1.00000, -3.85000 6.55000 0.10000"
2902,0.0000,Tx-Rx,0,-49.5282,"-3.90000 0.80000 1.00000, -3.55000 6.55000 0.10000"
2903,0.0000,Tx-Rx,0,-50.6062,"-3.90000 0.80000 1.00000, -3.25000 6.55000 0.10000"
2904,0.0000,Tx-Rx,0,-49.8671,"-3.90000 0.80000 1.00000, -2.95000 6.55000 0.10000"
2905,0.0000,Tx-Rx,0,-49.9460,"-3.90000 0.80000 1.00000, -2.65000 6.55000 0.10000"
2906,0.0000,Tx-Rx,0,-50.2304,"-3.90000 0.80000 1.00000, -2.35000 6.55000 0.10000"
2907,0.0000,Tx-Rx,0,-50.1020,"-3.90000 0.80000 1.00000, -2.05000 6.55000 0.10000"
2908,0.0000,Tx-Rx,0,-50.0013,"-3.90000 0.80000 1.00000, -1.75000 6.55000 0.10000"
2909,0.0000,Tx-Rx,0,-50.4057,"-3.90000 0.80000 1.00000, -1.45000 6.55000 0.10000"
2910,0.0000,Tx-Rx,0,-50.2402,"-3.90000 0.80000 1.00000, -1.15000 6.55000 0.10000"
2911,0.0000,Tx-Rx,0,-49.9520,"-3.90000 0.80000 1.00000, -0.85000 6.55000 0.10000"
2912,0.0000,Tx-Rx,0,-49.9507,"-3.90000 0.80000 1.00000, -0.55000 6.55000 0.10000"
2913,0.0000,Tx-Rx,0,-49.9966,"-3.90000 0.80000 1.00000, -0.25000 6.55000 0.10000"
2914,0.0000,Tx-Rx,0,-54.6714,"-3.90000 0.80000 1.00000, 0.05000 6.55000 0.10000"
2915,0.0000,Tx-Rx,0,-68.1671,"-3.90000 0.80000 1.00000, 0.35000 6.55000 0.10000"
2916,0.0000,Tx-Rx,0,-74.7934,"-3.90000 0.80000 1.00000, 0.65000 6.55000 0.10000"
2917,0.0000,Tx-Rx,0,-63.7528,"-3.90000 0.80000 1.00000, 0.95000 6.55000 0.10000"
2918,0.0000,Tx-Rx,0,-53.3797,"-3.90000 0.80000 1.00000, 1.25000 6.55000 0.10000"
2919,0.0000,Tx-Rx,0,-52.4676,"-3.90000 0.80000 1.00000, 1.55000 6.55000 0.10000"
2920,0.0000,Tx-Rx,0,-52.4721,"-3.90000 0.80000 1.00000, 1.85000 6.55000 0.10000"
2921,0.0000,Tx-Rx,0,-51.6551,"-3.90000 0.80000 1.00000, 2.15000 6.55000 0.10000"
2922,0.0000,Tx-Rx,0,-54.5479,"-3.90000 0.80000 1.00000, 2.45000 6.55000 0.10000"
2923,0.0000,Tx-Rx,0,-120.0000,"-3.90000 0.80000 1.00000, 2.75000 6.55000 0.10000"
2924,0.0000,Tx-Rx,0,-120.0000,"-3.90000 0.80000 1.00000, 3.05000 6.55000 0.10000"
2925,0.0000,Tx-Rx,0,-91.7970,"-3.90000 0.80000 1.00000, 3.35000 6.55000 0.10000"
2926,0.0000,Tx-Rx,0,-85.0326,"-3.90000 0.80000 1.00000, 3.65000 6.55000 0.10000"
2927,0.0000,Tx-Rx,0,-75.0402,"-3.90000 0.80000 1.00000, 3.95000 6.55000 0.10000"
2928,0.0000,Tx-Rx,0,-73.7130,"-3.90000 0.80000 1.00000, 4.25000 6.55000 0.10000"
2929,0.0000,Tx-Rx,0,-73.6303,"-3.90000 0.80000 1.00000, 4.55000 6.55000 0.10000"
2930,0.0000,Tx-Rx,0,-73.9265,"-3.90000 0.80000 1.00000, 4.85000 6.55000 0.10000"
2931,0.0000,Tx-Rx,0,-74.1127,"-3.90000 0.80000 1.00000, 5.15000 6.55000 0.10000"
2932,0.0000,Tx-Rx,0,-73.9969,"-3.90000 0.80000 1.00000, 5.45000 6.55000 0.10000"
2933,0.0000,Tx-Rx,0,-74.5307,"-3.90000 0.80000 1.00000, 5.75000 6.55000 0.10000"
2934,0.0000,Tx-Rx,0,-74.1319,"-3.90000 0.80000 1.00000, 6.05000 6.55000 0.10000"
2935,0.0000,Tx-Rx,0,-74.8035,"-3.90000 0.80000 1.00000, 6.35000 6.55000 0.10000"
2936,0.0000,Tx-Rx,0,-74.8504,"-3.90000 0.80000 1.00000, 6.65000 6.55000 0.10000"
2937,0.0000,Tx-Rx,0,-77.2934,"-3.90000 0.80000 1.00000, 6.95000 6.55000 0.10000"
2938,0.0000,Tx-Rx,0,-83.1976,"-3.90000 0.80000 1.00000, 7.25000 6.55000 0.10000"
2939,0.0000,Tx-Rx,0,-83.7647,"-3.90000 0.80000 1.00000, 7.55000 6.55000 0.10000"
2940,0.0000,Tx-Rx,0,-84.3872,"-3.90000 0.80000 1.00000, 7.85000 6.55000 0.10000"
2941,0.0000,Tx-Rx,0,-82.8614,"-3.90000 0.80000 1.00000, -9.85000 6.85000 0.10000"
2942,0.0000,Tx-Rx,0,-82.6437,"-3.90000 0.80000 1.00000, -9.55000 6.85000 0.10000"
2943,0.0000,Tx-Rx,0,-81.5671,"-3.90000 0.80000 1.00000, -9.25000 6.85000 0.10000"
2944,0.0000,Tx-Rx,0,-81.9524,"-3.90000 0.80000 1.00000, -8.95000 6.85000 0.10000"
2945,0.0000,Tx-Rx,0,-82.2432,"-3.90000 0.80000 1.00000, -8.65000 6.85000 0.10000"
2946,0.0000,Tx-Rx,0,-81.1541,"-3.90000 0.80000 1.00000, -8.35000 6.85000 0.10000"
2947,0.0000,Tx-Rx,0,-55.3409,"-3.90000 0.80000 1.00000, -8.05000 6.85000 0.10000"
2948,0.0000,Tx-Rx,0,-50.5182,"-3.90000 0.80000 1.00000, -7.75000 6.85000 0.10000"
2949,0.0000,Tx-Rx,0,-50.3068,"-3.90000 0.80000 1.00000, -7.45000 6.85000 0.10000"
2950,0.0000,Tx-Rx,0,-50.5931,"-3.90000 0.80000 1.00000, -7.15000 6.85000 0.10000"
2951,0.0000,Tx-Rx,0,-50.4743,"-3.90000 0.80000 1.00000, -6.85000 6.85000 0.10000"
2952,0.0000,Tx-Rx,0,-50.3962,"-3.90000 0.80000 1.00000, -6.55000 6.85000 0.10000"
2953,0.0000,Tx-Rx,0,-50.2386,"-3.90000 0.80000 1.00000, -6.25000 6.85000 0.10000"
2954,0.0000,Tx-Rx,0,-50.3588,"-3.90000 0.80000 1.00000, -5.95000 6.85000 0.10000"
2955,0.0000,Tx-Rx,0,-50.1681,"-3.90000 0.80000 1.00000, -5.65000 6.85000 0.10000"
2956,0.0000,Tx-Rx,0,-50.2369,"-3.90000 0.80000 1.00000, -5.35000 6.85000 0.10000"
2957,0.0000,Tx-Rx,0,-49.9740,"-3.90000 0.80000 1.00000, -5.05000 6.85000 0.10000"
2958,0.0000,Tx-Rx,0,-50.1495,"-3.90000 0.80000 1.00000, -4.75000 6.85000 0.10000"
2959,0.0000,Tx-Rx,0,-50.0610,"-3.90000 0.80000 1.00000, -4.45000 6.85000 0.10000"
2960,0.0000,Tx-Rx,0,-50.8143,"-3.90000 0.80000 1.00000, -4.15000 6.85000 0.10000"
2961,0.0000,Tx-Rx,0,-51.0840,"-3.90000 0.80000 1.00000, -3.85000 6.85000 0.10000"
2962,0.0000,Tx-Rx,0,-49.7909,"-3.90000 0.80000 1.00000, -3.55000 6.85000 0.10000"
2963,0.0000,Tx-Rx,0,-50.8653,"-3.90000 0.80000 1.00000, -3.25000 6.85000 0.10000"
2964,0.0000,Tx-Rx,0,-50.1615,"-3.90000 0.80000 1.00000, -2.95000 6.85000 0.10000"
2965,0.0000,Tx-Rx,0,-50.3780,"-3.90000 0.80000 1.00000, -2.65000 6.85000 0.10000"
2966,0.0000,Tx-Rx,0,-50.5029,"-3.90000 0.80000 1.00000, -2.35000 6.85000 0.10000"
2967,0.0000,Tx-Rx,0,-50.5369,"-3.90000 0.80000 1.00000, -2.05000 6.85000 0.10000"
2968,0.0000,Tx-Rx,0,-50.4432,"-3.90000 0.80000 1.00000, -1.75000 6.85000 0.10000"
2969,0.0000,Tx-Rx,0,-50.3888,"-3.90000 0.80000 1.00000, -1.45000 6.85000 0.10000"
2970,0.0000,Tx-Rx,0,-50.0943,"-3.90000 0.80000 1.00000, -1.15000 6.85000 0.10000"
2971,0.0000,Tx-Rx,0,-50.1224,"-3.90000 0.80000 1.00000, -0.85000 6.85000 0.10000"
2972,0.0000,Tx-Rx,0,-50.1295,"-3.90000 0.80000 1.00000, -0.55000 6.85000 0.10000"
2973,0.0000,Tx-Rx,0,-50.1410,"-3.90000 0.80000 1.00000, -0.25000 6.85000 0.10000"
2974,0.0000,Tx-Rx,0,-54.9458,"-3.90000 0.80000 1.00000, 0.05000 6.85000 0.10000"
2975,0.0000,Tx-Rx,0,-68.8944,"-3.90000 0.80000 1.00000, 0.35000 6.85000 0.10000"
2976,0.0000,Tx-Rx,0,-73.5370,"-3.90000 0.80000 1.00000, 0.65000 6.85000 0.10000"
2977,0.0000,Tx-Rx,0,-71.7547,"-3.90000 0.80000 1.00000, 0.95000 6.85000 0.10000"
2978,0.0000,Tx-Rx,0,-61.7895,"-3.90000 0.80000 1.00000, 1.25000 6.85000 0.10000"
2979,0.0000,Tx-Rx,0,-53.3162,"-3.90000 0.80000 1.00000, 1.55000 6.85000 0.10000"
2980,0.0000,Tx-Rx,0,-51.3799,"-3.90000 0.80000 1.00000, 1.85000 6.85000 0.10000"
2981,0.0000,Tx-Rx,0,-50.2424,"-3.90000 0.80000 1.00000, 2.15000 6.85000 0.10000"
2982,0.0000,Tx-Rx,0,-54.2836,"-3.90000 0.80000 1.00000, 2.45000 6.85000 0.10000"
2983,0.0000,Tx-Rx,0,-120.0000,"-3.90000 0.80000 1.00000, 2.75000 6.85000 0.10000"
2984,0.0000,Tx-Rx,0,-120.0000,"-3.90000 0.80000 1.00000, 3.05000 6.85000 0.10000"
2985,0.0000,Tx-Rx,0,-93.2505,"-3.90000 0.80000 1.00000, 3.35000 6.85000 0.10000"
2986,0.0000,Tx-Rx,0,-92.2995,"-3.90000 0.80000 1.00000, 3.65000 6.85000 0.10000"
2987,0.0000,Tx-Rx,0,-90.0018,"-3.90000 0.80000 1.00000, 3.95000 6.85000 0.10000"
2988,0.0000,Tx-Rx,0,-87.5193,"-3.90000 0.80000 1.00000, 4.25000 6.85000 0.10000"
2989,0.0000,Tx-Rx,0,-84.8610,"-3.90000 0.80000 1.00000, 4.55000 6.85000 0.10000"
2990,0.0000,Tx-Rx,0,-82.1016,"-3.90000 0.80000 1.00000, 4.85000 6.85000 0.10000"
2991,0.0000,Tx-Rx,0,-81.3094,"-3.90000 0.80000 1.00000, 5.15000 6.85000 0.10000"
2992,0.0000,Tx-Rx,0,-79.5661,"-3.90000 0.80000 1.00000, 5.45000 6.85000 0.10000"
2993,0.0000,Tx-Rx,0,-79.4808,"-3.90000 0.80000 1.00000, 5.75000 6.85000 0.10000"
2994,0.0000,Tx-Rx,0,-79.1931,"-3.90000 0.80000 1.00000, 6.05000 6.85000 0.10000"
2995,0.0000,Tx-Rx,0,-79.8289,"-3.90000 0.80000 1.00000, 6.35000 6.85000 0.10000"
2996,0.0000,Tx-Rx,0,-80.4846,"-3.90000 0.80000 1.00000, 6.65000 6.85000 0.10000"
2997,0.0000,Tx-Rx,0,-81.6425,"-3.90000 0.80000 1.00000, 6.95000 6.85000 0.10000"
2998,0.0000,Tx-Rx,0,-80.8122,"-3.90000 0.80000 1.00000, 7.25000 6.85000 0.10000"
2999,0.0000,Tx-Rx,0,-80.4022,"-3.90000 0.80000 1.00000, 7.55000 6.85000 0.10000"
3000,0.0000,Tx-Rx,0,-81.1734,"-3.90000 0.80000 1.00000, 7.85000 6.85000 0.10000"
