Rx_Number,Path_Power_dBm,Interaction_Description,Total_Interactions_for_Path,RSS_dBm,Interaction_Coordinates
1,0.0000,Tx-Rx,0,-120.0000,"7.30900 2.93800 0.90000, -9.85000 -7.85000 0.10000"
2,0.0000,Tx-Rx,0,-102.0284,"7.30900 2.93800 0.90000, -9.55000 -7.85000 0.10000"
3,0.0000,Tx-Rx,0,-120.0000,"7.30900 2.93800 0.90000, -9.25000 -7.85000 0.10000"
4,0.0000,Tx-Rx,0,-120.0000,"7.30900 2.93800 0.90000, -8.95000 -7.85000 0.10000"
5,0.0000,Tx-Rx,0,-120.0000,"7.30900 2.93800 0.90000, -8.65000 -7.85000 0.10000"
6,0.0000,Tx-Rx,0,-120.0000,"7.30900 2.93800 0.90000, -8.35000 -7.85000 0.10000"
7,0.0000,Tx-Rx,0,-108.8702,"7.30900 2.93800 0.90000, -8.05000 -7.85000 0.10000"
8,0.0000,Tx-Rx,0,-96.7635,"7.30900 2.93800 0.90000, -7.75000 -7.85000 0.10000"
9,0.0000,Tx-Rx,0,-110.2262,"7.30900 2.93800 0.90000, -7.45000 -7.85000 0.10000"
10,0.0000,Tx-Rx,0,-96.8872,"7.30900 2.93800 0.90000, -7.15000 -7.85000 0.10000"
11,0.0000,Tx-Rx,0,-91.4183,"7.30900 2.93800 0.90000, -6.85000 -7.85000 0.10000"
12,0.0000,Tx-Rx,0,-86.7397,"7.30900 2.93800 0.90000, -6.55000 -7.85000 0.10000"
13,0.0000,Tx-Rx,0,-83.4130,"7.30900 2.93800 0.90000, -6.25000 -7.85000 0.10000"
14,0.0000,Tx-Rx,0,-76.5640,"7.30900 2.93800 0.90000, -5.95000 -7.85000 0.10000"
15,0.0000,Tx-Rx,0,-74.4589,"7.30900 2.93800 0.90000, -5.65000 -7.85000 0.10000"
16,0.0000,Tx-Rx,0,-75.4629,"7.30900 2.93800 0.90000, -5.35000 -7.85000 0.10000"
17,0.0000,Tx-Rx,0,-75.8687,"7.30900 2.93800 0.90000, -5.05000 -7.85000 0.10000"
18,0.0000,Tx-Rx,0,-75.1372,"7.30900 2.93800 0.90000, -4.75000 -7.85000 0.10000"
19,0.0000,Tx-Rx,0,-79.7457,"7.30900 2.93800 0.90000, -4.45000 -7.85000 0.10000"
20,0.0000,Tx-Rx,0,-81.1016,"7.30900 2.93800 0.90000, -4.15000 -7.85000 0.10000"
21,0.0000,Tx-Rx,0,-81.2707,"7.30900 2.93800 0.90000, -3.85000 -7.85000 0.10000"
22,0.0000,Tx-Rx,0,-84.3680,"7.30900 2.93800 0.90000, -3.55000 -7.85000 0.10000"
23,0.0000,Tx-Rx,0,-86.2131,"7.30900 2.93800 0.90000, -3.25000 -7.85000 0.10000"
24,0.0000,Tx-Rx,0,-80.8960,"7.30900 2.93800 0.90000, -2.95000 -7.85000 0.10000"
25,0.0000,Tx-Rx,0,-78.2327,"7.30900 2.93800 0.90000, -2.65000 -7.85000 0.10000"
26,0.0000,Tx-Rx,0,-80.4014,"7.30900 2.93800 0.90000, -2.35000 -7.85000 0.10000"
27,0.0000,Tx-Rx,0,-82.9473,"7.30900 2.93800 0.90000, -2.05000 -7.85000 0.10000"
28,0.0000,Tx-Rx,0,-76.6734,"7.30900 2.93800 0.90000, -1.75000 -7.85000 0.10000"
29,0.0000,Tx-Rx,0,-75.7776,"7.30900 2.93800 0.90000, -1.45000 -7.85000 0.10000"
30,0.0000,Tx-Rx,0,-77.0315,"7.30900 2.93800 0.90000, -1.15000 -7.85000 0.10000"
31,0.0000,Tx-Rx,0,-78.3544,"7.30900 2.93800 0.90000, -0.85000 -7.85000 0.10000"
32,0.0000,Tx-Rx,0,-79.2261,"7.30900 2.93800 0.90000, -0.55000 -7.85000 0.10000"
33,0.0000,Tx-Rx,0,-78.9937,"7.30900 2.93800 0.90000, -0.25000 -7.85000 0.10000"
34,0.0000,Tx-Rx,0,-71.3730,"7.30900 2.93800 0.90000, 0.05000 -7.85000 0.10000"
35,0.0000,Tx-Rx,0,-69.3731,"7.30900 2.93800 0.90000, 0.35000 -7.85000 0.10000"
36,0.0000,Tx-Rx,0,-67.7325,"7.30900 2.93800 0.90000, 0.65000 -7.85000 0.10000"
37,0.0000,Tx-Rx,0,-69.3769,"7.30900 2.93800 0.90000, 0.95000 -7.85000 0.10000"
38,0.0000,Tx-Rx,0,-73.7468,"7.30900 2.93800 0.90000, 1.25000 -7.85000 0.10000"
39,0.0000,Tx-Rx,0,-75.0102,"7.30900 2.93800 0.90000, 1.55000 -7.85000 0.10000"
40,0.0000,Tx-Rx,0,-75.7664,"7.30900 2.93800 0.90000, 1.85000 -7.85000 0.10000"
41,0.0000,Tx-Rx,0,-77.6976,"7.30900 2.93800 0.90000, 2.15000 -7.85000 0.10000"
42,0.0000,Tx-Rx,0,-78.0457,"7.30900 2.93800 0.90000, 2.45000 -7.85000 0.10000"
43,0.0000,Tx-Rx,0,-81.0961,"7.30900 2.93800 0.90000, 2.75000 -7.85000 0.10000"
44,0.0000,Tx-Rx,0,-120.0000,"7.30900 2.93800 0.90000, 3.05000 -7.85000 0.10000"
45,0.0000,Tx-Rx,0,-114.9700,"7.30900 2.93800 0.90000, 3.35000 -7.85000 0.10000"
46,0.0000,Tx-Rx,0,-80.0141,"7.30900 2.93800 0.90000, 3.65000 -7.85000 0.10000"
47,0.0000,Tx-Rx,0,-77.8372,"7.30900 2.93800 0.90000, 3.95000 -7.85000 0.10000"
48,0.0000,Tx-Rx,0,-76.8170,"7.30900 2.93800 0.90000, 4.25000 -7.85000 0.10000"
49,0.0000,Tx-Rx,0,-72.6126,"7.30900 2.93800 0.90000, 4.55000 -7.85000 0.10000"
50,0.0000,Tx-Rx,0,-73.5195,"7.30900 2.93800 0.90000, 4.85000 -7.85000 0.10000"
51,0.0000,Tx-Rx,0,-76.9473,"7.30900 2.93800 0.90000, 5.15000 -7.85000 0.10000"
52,0.0000,Tx-Rx,0,-78.4069,"7.30900 2.93800 0.90000, 5.45000 -7.85000 0.10000"
53,0.0000,Tx-Rx,0,-78.2660,"7.30900 2.93800 0.90000, 5.75000 -7.85000 0.10000"
54,0.0000,Tx-Rx,0,-78.2548,"7.30900 2.93800 0.90000, 6.05000 -7.85000 0.10000"
55,0.0000,Tx-Rx,0,-77.7101,"7.30900 2.93800 0.90000, 6.35000 -7.85000 0.10000"
56,0.0000,Tx-Rx,0,-74.3766,"7.30900 2.93800 0.90000, 6.65000 -7.85000 0.10000"
57,0.0000,Tx-Rx,0,-70.1501,"7.30900 2.93800 0.90000, 6.95000 -7.85000 0.10000"
58,0.0000,Tx-Rx,0,-69.5085,"7.30900 2.93800 0.90000, 7.25000 -7.85000 0.10000"
59,0.0000,Tx-Rx,0,-70.8910,"7.30900 2.93800 0.90000, 7.55000 -7.85000 0.10000"
60,0.0000,Tx-Rx,0,-74.5222,"7.30900 2.93800 0.90000, 7.85000 -7.85000 0.10000"
61,0.0000,Tx-Rx,0,-97.2107,"7.30900 2.93800 0.90000, -9.85000 -7.55000 0.10000"
62,0.0000,Tx-Rx,0,-120.0000,"7.30900 2.93800 0.90000, -9.55000 -7.55000 0.10000"
63,0.0000,Tx-Rx,0,-120.0000,"7.30900 2.93800 0.90000, -9.25000 -7.55000 0.10000"
64,0.0000,Tx-Rx,0,-99.1582,"7.30900 2.93800 0.90000, -8.95000 -7.55000 0.10000"
65,0.0000,Tx-Rx,0,-120.0000,"7.30900 2.93800 0.90000, -8.65000 -7.55000 0.10000"
66,0.0000,Tx-Rx,0,-116.4870,"7.30900 2.93800 0.90000, -8.35000 -7.55000 0.10000"
67,0.0000,Tx-Rx,0,-92.1422,"7.30900 2.93800 0.90000, -8.05000 -7.55000 0.10000"
68,0.0000,Tx-Rx,0,-120.0000,"7.30900 2.93800 0.90000, -7.75000 -7.55000 0.10000"
69,0.0000,Tx-Rx,0,-106.2232,"7.30900 2.93800 0.90000, -7.45000 -7.55000 0.10000"
70,0.0000,Tx-Rx,0,-96.0505,"7.30900 2.93800 0.90000, -7.15000 -7.55000 0.10000"
71,0.0000,Tx-Rx,0,-87.5018,"7.30900 2.93800 0.90000, -6.85000 -7.55000 0.10000"
72,0.0000,Tx-Rx,0,-86.4631,"7.30900 2.93800 0.90000, -6.55000 -7.55000 0.10000"
73,0.0000,Tx-Rx,0,-79.7878,"7.30900 2.93800 0.90000, -6.25000 -7.55000 0.10000"
74,0.0000,Tx-Rx,0,-76.4297,"7.30900 2.93800 0.90000, -5.95000 -7.55000 0.10000"
75,0.0000,Tx-Rx,0,-75.5144,"7.30900 2.93800 0.90000, -5.65000 -7.55000 0.10000"
76,0.0000,Tx-Rx,0,-75.4430,"7.30900 2.93800 0.90000, -5.35000 -7.55000 0.10000"
77,0.0000,Tx-Rx,0,-75.4361,"7.30900 2.93800 0.90000, -5.05000 -7.55000 0.10000"
78,0.0000,Tx-Rx,0,-75.6614,"7.30900 2.93800 0.90000, -4.75000 -7.55000 0.10000"
79,0.0000,Tx-Rx,0,-77.0054,"7.30900 2.93800 0.90000, -4.45000 -7.55000 0.10000"
80,0.0000,Tx-Rx,0,-81.4207,"7.30900 2.93800 0.90000, -4.15000 -7.55000 0.10000"
81,0.0000,Tx-Rx,0,-79.8940,"7.30900 2.93800 0.90000, -3.85000 -7.55000 0.10000"
82,0.0000,Tx-Rx,0,-82.4655,"7.30900 2.93800 0.90000, -3.55000 -7.55000 0.10000"
83,0.0000,Tx-Rx,0,-80.5089,"7.30900 2.93800 0.90000, -3.25000 -7.55000 0.10000"
84,0.0000,Tx-Rx,0,-79.1121,"7.30900 2.93800 0.90000, -2.95000 -7.55000 0.10000"
85,0.0000,Tx-Rx,0,-81.2270,"7.30900 2.93800 0.90000, -2.65000 -7.55000 0.10000"
86,0.0000,Tx-Rx,0,-76.8555,"7.30900 2.93800 0.90000, -2.35000 -7.55000 0.10000"
87,0.0000,Tx-Rx,0,-74.2455,"7.30900 2.93800 0.90000, -2.05000 -7.55000 0.10000"
88,0.0000,Tx-Rx,0,-77.9089,"7.30900 2.93800 0.90000, -1.75000 -7.55000 0.10000"
89,0.0000,Tx-Rx,0,-79.5283,"7.30900 2.93800 0.90000, -1.45000 -7.55000 0.10000"
90,0.0000,Tx-Rx,0,-80.5065,"7.30900 2.93800 0.90000, -1.15000 -7.55000 0.10000"
91,0.0000,Tx-Rx,0,-78.6153,"7.30900 2.93800 0.90000, -0.85000 -7.55000 0.10000"
92,0.0000,Tx-Rx,0,-77.6158,"7.30900 2.93800 0.90000, -0.55000 -7.55000 0.10000"
93,0.0000,Tx-Rx,0,-78.0597,"7.30900 2.93800 0.90000, -0.25000 -7.55000 0.10000"
94,0.0000,Tx-Rx,0,-69.1733,"7.30900 2.93800 0.90000, 0.05000 -7.55000 0.10000"
95,0.0000,Tx-Rx,0,-67.6006,"7.30900 2.93800 0.90000, 0.35000 -7.55000 0.10000"
96,0.0000,Tx-Rx,0,-67.9463,"7.30900 2.93800 0.90000, 0.65000 -7.55000 0.10000"
97,0.0000,Tx-Rx,0,-70.7511,"7.30900 2.93800 0.90000, 0.95000 -7.55000 0.10000"
98,0.0000,Tx-Rx,0,-73.2665,"7.30900 2.93800 0.90000, 1.25000 -7.55000 0.10000"
99,0.0000,Tx-Rx,0,-73.9963,"7.30900 2.93800 0.90000, 1.55000 -7.55000 0.10000"
100,0.0000,Tx-Rx,0,-76.2158,"7.30900 2.93800 0.90000, 1.85000 -7.55000 0.10000"
101,0.0000,Tx-Rx,0,-75.1361,"7.30900 2.93800 0.90000, 2.15000 -7.55000 0.10000"
102,0.0000,Tx-Rx,0,-70.7197,"7.30900 2.93800 0.90000, 2.45000 -7.55000 0.10000"
103,0.0000,Tx-Rx,0,-77.2605,"7.30900 2.93800 0.90000, 2.75000 -7.55000 0.10000"
104,0.0000,Tx-Rx,0,-77.5703,"7.30900 2.93800 0.90000, 3.05000 -7.55000 0.10000"
105,0.0000,Tx-Rx,0,-88.1756,"7.30900 2.93800 0.90000, 3.35000 -7.55000 0.10000"
106,0.0000,Tx-Rx,0,-79.3567,"7.30900 2.93800 0.90000, 3.65000 -7.55000 0.10000"
107,0.0000,Tx-Rx,0,-77.4367,"7.30900 2.93800 0.90000, 3.95000 -7.55000 0.10000"
108,0.0000,Tx-Rx,0,-67.5960,"7.30900 2.93800 0.90000, 4.25000 -7.55000 0.10000"
109,0.0000,Tx-Rx,0,-66.1772,"7.30900 2.93800 0.90000, 4.55000 -7.55000 0.10000"
110,0.0000,Tx-Rx,0,-76.1120,"7.30900 2.93800 0.90000, 4.85000 -7.55000 0.10000"
111,0.0000,Tx-Rx,0,-76.8233,"7.30900 2.93800 0.90000, 5.15000 -7.55000 0.10000"
112,0.0000,Tx-Rx,0,-79.1877,"7.30900 2.93800 0.90000, 5.45000 -7.55000 0.10000"
113,0.0000,Tx-Rx,0,-78.5689,"7.30900 2.93800 0.90000, 5.75000 -7.55000 0.10000"
114,0.0000,Tx-Rx,0,-78.2522,"7.30900 2.93800 0.90000, 6.05000 -7.55000 0.10000"
115,0.0000,Tx-Rx,0,-73.8706,"7.30900 2.93800 0.90000, 6.35000 -7.55000 0.10000"
116,0.0000,Tx-Rx,0,-70.2267,"7.30900 2.93800 0.90000, 6.65000 -7.55000 0.10000"
117,0.0000,Tx-Rx,0,-70.0174,"7.30900 2.93800 0.90000, 6.95000 -7.55000 0.10000"
118,0.0000,Tx-Rx,0,-72.6463,"7.30900 2.93800 0.90000, 7.25000 -7.55000 0.10000"
119,0.0000,Tx-Rx,0,-74.0718,"7.30900 2.93800 0.90000, 7.55000 -7.55000 0.10000"
120,0.0000,Tx-Rx,0,-73.7480,"7.30900 2.93800 0.90000, 7.85000 -7.55000 0.10000"
121,0.0000,Tx-Rx,0,-120.0000,"7.30900 2.93800 0.90000, -9.85000 -7.25000 0.10000"
122,0.0000,Tx-Rx,0,-120.0000,"7.30900 2.93800 0.90000, -9.55000 -7.25000 0.10000"
123,0.0000,Tx-Rx,0,-120.0000,"7.30900 2.93800 0.90000, -9.25000 -7.25000 0.10000"
124,0.0000,Tx-Rx,0,-97.3470,"7.30900 2.93800 0.90000, -8.95000 -7.25000 0.10000"
125,0.0000,Tx-Rx,0,-97.4314,"7.30900 2.93800 0.90000, -8.65000 -7.25000 0.10000"
126,0.0000,Tx-Rx,0,-96.2094,"7.30900 2.93800 0.90000, -8.35000 -7.25000 0.10000"
127,0.0000,Tx-Rx,0,-90.3676,"7.30900 2.93800 0.90000, -8.05000 -7.25000 0.10000"
128,0.0000,Tx-Rx,0,-79.9011,"7.30900 2.93800 0.90000, -7.75000 -7.25000 0.10000"
129,0.0000,Tx-Rx,0,-81.9173,"7.30900 2.93800 0.90000, -7.45000 -7.25000 0.10000"
130,0.0000,Tx-Rx,0,-81.4067,"7.30900 2.93800 0.90000, -7.15000 -7.25000 0.10000"
131,0.0000,Tx-Rx,0,-83.8731,"7.30900 2.93800 0.90000, -6.85000 -7.25000 0.10000"
132,0.0000,Tx-Rx,0,-78.6457,"7.30900 2.93800 0.90000, -6.55000 -7.25000 0.10000"
133,0.0000,Tx-Rx,0,-80.8803,"7.30900 2.93800 0.90000, -6.25000 -7.25000 0.10000"
134,0.0000,Tx-Rx,0,-75.7486,"7.30900 2.93800 0.90000, -5.95000 -7.25000 0.10000"
135,0.0000,Tx-Rx,0,-75.0127,"7.30900 2.93800 0.90000, -5.65000 -7.25000 0.10000"
136,0.0000,Tx-Rx,0,-75.5867,"7.30900 2.93800 0.90000, -5.35000 -7.25000 0.10000"
137,0.0000,Tx-Rx,0,-75.7139,"7.30900 2.93800 0.90000, -5.05000 -7.25000 0.10000"
138,0.0000,Tx-Rx,0,-75.8760,"7.30900 2.93800 0.90000, -4.75000 -7.25000 0.10000"
139,0.0000,Tx-Rx,0,-76.1243,"7.30900 2.93800 0.90000, -4.45000 -7.25000 0.10000"
140,0.0000,Tx-Rx,0,-78.8199,"7.30900 2.93800 0.90000, -4.15000 -7.25000 0.10000"
141,0.0000,Tx-Rx,0,-80.8121,"7.30900 2.93800 0.90000, -3.85000 -7.25000 0.10000"
142,0.0000,Tx-Rx,0,-80.9540,"7.30900 2.93800 0.90000, -3.55000 -7.25000 0.10000"
143,0.0000,Tx-Rx,0,-78.9110,"7.30900 2.93800 0.90000, -3.25000 -7.25000 0.10000"
144,0.0000,Tx-Rx,0,-77.8222,"7.30900 2.93800 0.90000, -2.95000 -7.25000 0.10000"
145,0.0000,Tx-Rx,0,-75.4979,"7.30900 2.93800 0.90000, -2.65000 -7.25000 0.10000"
146,0.0000,Tx-Rx,0,-78.4103,"7.30900 2.93800 0.90000, -2.35000 -7.25000 0.10000"
147,0.0000,Tx-Rx,0,-77.1973,"7.30900 2.93800 0.90000, -2.05000 -7.25000 0.10000"
148,0.0000,Tx-Rx,0,-80.1453,"7.30900 2.93800 0.90000, -1.75000 -7.25000 0.10000"
149,0.0000,Tx-Rx,0,-80.1705,"7.30900 2.93800 0.90000, -1.45000 -7.25000 0.10000"
150,0.0000,Tx-Rx,0,-80.5380,"7.30900 2.93800 0.90000, -1.15000 -7.25000 0.10000"
151,0.0000,Tx-Rx,0,-81.3455,"7.30900 2.93800 0.90000, -0.85000 -7.25000 0.10000"
152,0.0000,Tx-Rx,0,-78.5036,"7.30900 2.93800 0.90000, -0.55000 -7.25000 0.10000"
153,0.0000,Tx-Rx,0,-73.8420,"7.30900 2.93800 0.90000, -0.25000 -7.25000 0.10000"
154,0.0000,Tx-Rx,0,-68.1105,"7.30900 2.93800 0.90000, 0.05000 -7.25000 0.10000"
155,0.0000,Tx-Rx,0,-66.1188,"7.30900 2.93800 0.90000, 0.35000 -7.25000 0.10000"
156,0.0000,Tx-Rx,0,-69.0290,"7.30900 2.93800 0.90000, 0.65000 -7.25000 0.10000"
157,0.0000,Tx-Rx,0,-71.0522,"7.30900 2.93800 0.90000, 0.95000 -7.25000 0.10000"
158,0.0000,Tx-Rx,0,-72.4858,"7.30900 2.93800 0.90000, 1.25000 -7.25000 0.10000"
159,0.0000,Tx-Rx,0,-75.3417,"7.30900 2.93800 0.90000, 1.55000 -7.25000 0.10000"
160,0.0000,Tx-Rx,0,-75.3349,"7.30900 2.93800 0.90000, 1.85000 -7.25000 0.10000"
161,0.0000,Tx-Rx,0,-70.3398,"7.30900 2.93800 0.90000, 2.15000 -7.25000 0.10000"
162,0.0000,Tx-Rx,0,-68.6612,"7.30900 2.93800 0.90000, 2.45000 -7.25000 0.10000"
163,0.0000,Tx-Rx,0,-75.9117,"7.30900 2.93800 0.90000, 2.75000 -7.25000 0.10000"
164,0.0000,Tx-Rx,0,-84.7908,"7.30900 2.93800 0.90000, 3.05000 -7.25000 0.10000"
165,0.0000,Tx-Rx,0,-89.5181,"7.30900 2.93800 0.90000, 3.35000 -7.25000 0.10000"
166,0.0000,Tx-Rx,0,-79.6535,"7.30900 2.93800 0.90000, 3.65000 -7.25000 0.10000"
167,0.0000,Tx-Rx,0,-66.8141,"7.30900 2.93800 0.90000, 3.95000 -7.25000 0.10000"
168,0.0000,Tx-Rx,0,-64.3189,"7.30900 2.93800 0.90000, 4.25000 -7.25000 0.10000"
169,0.0000,Tx-Rx,0,-68.7771,"7.30900 2.93800 0.90000, 4.55000 -7.25000 0.10000"
170,0.0000,Tx-Rx,0,-77.0837,"7.30900 2.93800 0.90000, 4.85000 -7.25000 0.10000"
171,0.0000,Tx-Rx,0,-79.3803,"7.30900 2.93800 0.90000, 5.15000 -7.25000 0.10000"
172,0.0000,Tx-Rx,0,-83.1148,"7.30900 2.93800 0.90000, 5.45000 -7.25000 0.10000"
173,0.0000,Tx-Rx,0,-78.7358,"7.30900 2.93800 0.90000, 5.75000 -7.25000 0.10000"
174,0.0000,Tx-Rx,0,-72.9663,"7.30900 2.93800 0.90000, 6.05000 -7.25000 0.10000"
175,0.0000,Tx-Rx,0,-69.9961,"7.30900 2.93800 0.90000, 6.35000 -7.25000 0.10000"
176,0.0000,Tx-Rx,0,-70.2417,"7.30900 2.93800 0.90000, 6.65000 -7.25000 0.10000"
177,0.0000,Tx-Rx,0,-73.2817,"7.30900 2.93800 0.90000, 6.95000 -7.25000 0.10000"
178,0.0000,Tx-Rx,0,-75.9056,"7.30900 2.93800 0.90000, 7.25000 -7.25000 0.10000"
179,0.0000,Tx-Rx,0,-75.3037,"7.30900 2.93800 0.90000, 7.55000 -7.25000 0.10000"
180,0.0000,Tx-Rx,0,-74.1326,"7.30900 2.93800 0.90000, 7.85000 -7.25000 0.10000"
181,0.0000,Tx-Rx,0,-120.0000,"7.30900 2.93800 0.90000, -9.85000 -6.95000 0.10000"
182,0.0000,Tx-Rx,0,-116.7886,"7.30900 2.93800 0.90000, -9.55000 -6.95000 0.10000"
183,0.0000,Tx-Rx,0,-116.9518,"7.30900 2.93800 0.90000, -9.25000 -6.95000 0.10000"
184,0.0000,Tx-Rx,0,-120.0000,"7.30900 2.93800 0.90000, -8.95000 -6.95000 0.10000"
185,0.0000,Tx-Rx,0,-120.0000,"7.30900 2.93800 0.90000, -8.65000 -6.95000 0.10000"
186,0.0000,Tx-Rx,0,-97.2098,"7.30900 2.93800 0.90000, -8.35000 -6.95000 0.10000"
187,0.0000,Tx-Rx,0,-82.2366,"7.30900 2.93800 0.90000, -8.05000 -6.95000 0.10000"
188,0.0000,Tx-Rx,0,-77.7764,"7.30900 2.93800 0.90000, -7.75000 -6.95000 0.10000"
189,0.0000,Tx-Rx,0,-78.8775,"7.30900 2.93800 0.90000, -7.45000 -6.95000 0.10000"
190,0.0000,Tx-Rx,0,-81.2494,"7.30900 2.93800 0.90000, -7.15000 -6.95000 0.10000"
191,0.0000,Tx-Rx,0,-79.3804,"7.30900 2.93800 0.90000, -6.85000 -6.95000 0.10000"
192,0.0000,Tx-Rx,0,-76.7048,"7.30900 2.93800 0.90000, -6.55000 -6.95000 0.10000"
193,0.0000,Tx-Rx,0,-78.1429,"7.30900 2.93800 0.90000, -6.25000 -6.95000 0.10000"
194,0.0000,Tx-Rx,0,-76.0140,"7.30900 2.93800 0.90000, -5.95000 -6.95000 0.10000"
195,0.0000,Tx-Rx,0,-75.2547,"7.30900 2.93800 0.90000, -5.65000 -6.95000 0.10000"
196,0.0000,Tx-Rx,0,-75.0587,"7.30900 2.93800 0.90000, -5.35000 -6.95000 0.10000"
197,0.0000,Tx-Rx,0,-75.4844,"7.30900 2.93800 0.90000, -5.05000 -6.95000 0.10000"
198,0.0000,Tx-Rx,0,-75.8505,"7.30900 2.93800 0.90000, -4.75000 -6.95000 0.10000"
199,0.0000,Tx-Rx,0,-75.6189,"7.30900 2.93800 0.90000, -4.45000 -6.95000 0.10000"
200,0.0000,Tx-Rx,0,-76.8980,"7.30900 2.93800 0.90000, -4.15000 -6.95000 0.10000"
201,0.0000,Tx-Rx,0,-80.2675,"7.30900 2.93800 0.90000, -3.85000 -6.95000 0.10000"
202,0.0000,Tx-Rx,0,-77.1668,"7.30900 2.93800 0.90000, -3.55000 -6.95000 0.10000"
203,0.0000,Tx-Rx,0,-74.6099,"7.30900 2.93800 0.90000, -3.25000 -6.95000 0.10000"
204,0.0000,Tx-Rx,0,-76.5103,"7.30900 2.93800 0.90000, -2.95000 -6.95000 0.10000"
205,0.0000,Tx-Rx,0,-80.7967,"7.30900 2.93800 0.90000, -2.65000 -6.95000 0.10000"
206,0.0000,Tx-Rx,0,-78.9881,"7.30900 2.93800 0.90000, -2.35000 -6.95000 0.10000"
207,0.0000,Tx-Rx,0,-75.5885,"7.30900 2.93800 0.90000, -2.05000 -6.95000 0.10000"
208,0.0000,Tx-Rx,0,-79.6577,"7.30900 2.93800 0.90000, -1.75000 -6.95000 0.10000"
209,0.0000,Tx-Rx,0,-80.8285,"7.30900 2.93800 0.90000, -1.45000 -6.95000 0.10000"
210,0.0000,Tx-Rx,0,-81.3946,"7.30900 2.93800 0.90000, -1.15000 -6.95000 0.10000"
211,0.0000,Tx-Rx,0,-78.8229,"7.30900 2.93800 0.90000, -0.85000 -6.95000 0.10000"
212,0.0000,Tx-Rx,0,-74.2736,"7.30900 2.93800 0.90000, -0.55000 -6.95000 0.10000"
213,0.0000,Tx-Rx,0,-78.3117,"7.30900 2.93800 0.90000, -0.25000 -6.95000 0.10000"
214,0.0000,Tx-Rx,0,-66.7580,"7.30900 2.93800 0.90000, 0.05000 -6.95000 0.10000"
215,0.0000,Tx-Rx,0,-65.9775,"7.30900 2.93800 0.90000, 0.35000 -6.95000 0.10000"
216,0.0000,Tx-Rx,0,-68.6187,"7.30900 2.93800 0.90000, 0.65000 -6.95000 0.10000"
217,0.0000,Tx-Rx,0,-71.4517,"7.30900 2.93800 0.90000, 0.95000 -6.95000 0.10000"
218,0.0000,Tx-Rx,0,-71.8264,"7.30900 2.93800 0.90000, 1.25000 -6.95000 0.10000"
219,0.0000,Tx-Rx,0,-73.9248,"7.30900 2.93800 0.90000, 1.55000 -6.95000 0.10000"
220,0.0000,Tx-Rx,0,-70.3163,"7.30900 2.93800 0.90000, 1.85000 -6.95000 0.10000"
221,0.0000,Tx-Rx,0,-68.5589,"7.30900 2.93800 0.90000, 2.15000 -6.95000 0.10000"
222,0.0000,Tx-Rx,0,-67.2472,"7.30900 2.93800 0.90000, 2.45000 -6.95000 0.10000"
223,0.0000,Tx-Rx,0,-71.8842,"7.30900 2.93800 0.90000, 2.75000 -6.95000 0.10000"
224,0.0000,Tx-Rx,0,-72.1760,"7.30900 2.93800 0.90000, 3.05000 -6.95000 0.10000"
225,0.0000,Tx-Rx,0,-71.0287,"7.30900 2.93800 0.90000, 3.35000 -6.95000 0.10000"
226,0.0000,Tx-Rx,0,-65.7063,"7.30900 2.93800 0.90000, 3.65000 -6.95000 0.10000"
227,0.0000,Tx-Rx,0,-64.3315,"7.30900 2.93800 0.90000, 3.95000 -6.95000 0.10000"
228,0.0000,Tx-Rx,0,-66.7026,"7.30900 2.93800 0.90000, 4.25000 -6.95000 0.10000"
229,0.0000,Tx-Rx,0,-68.6505,"7.30900 2.93800 0.90000, 4.55000 -6.95000 0.10000"
230,0.0000,Tx-Rx,0,-75.1870,"7.30900 2.93800 0.90000, 4.85000 -6.95000 0.10000"
231,0.0000,Tx-Rx,0,-77.4705,"7.30900 2.93800 0.90000, 5.15000 -6.95000 0.10000"
232,0.0000,Tx-Rx,0,-78.0915,"7.30900 2.93800 0.90000, 5.45000 -6.95000 0.10000"
233,0.0000,Tx-Rx,0,-72.2846,"7.30900 2.93800 0.90000, 5.75000 -6.95000 0.10000"
234,0.0000,Tx-Rx,0,-70.0416,"7.30900 2.93800 0.90000, 6.05000 -6.95000 0.10000"
235,0.0000,Tx-Rx,0,-70.3078,"7.30900 2.93800 0.90000, 6.35000 -6.95000 0.10000"
236,0.0000,Tx-Rx,0,-73.9829,"7.30900 2.93800 0.90000, 6.65000 -6.95000 0.10000"
237,0.0000,Tx-Rx,0,-75.0626,"7.30900 2.93800 0.90000, 6.95000 -6.95000 0.10000"
238,0.0000,Tx-Rx,0,-74.9377,"7.30900 2.93800 0.90000, 7.25000 -6.95000 0.10000"
239,0.0000,Tx-Rx,0,-75.0886,"7.30900 2.93800 0.90000, 7.55000 -6.95000 0.10000"
240,0.0000,Tx-Rx,0,-71.4790,"7.30900 2.93800 0.90000, 7.85000 -6.95000 0.10000"
241,0.0000,Tx-Rx,0,-112.7683,"7.30900 2.93800 0.90000, -9.85000 -6.65000 0.10000"
242,0.0000,Tx-Rx,0,-120.0000,"7.30900 2.93800 0.90000, -9.55000 -6.65000 0.10000"
243,0.0000,Tx-Rx,0,-111.5408,"7.30900 2.93800 0.90000, -9.25000 -6.65000 0.10000"
244,0.0000,Tx-Rx,0,-113.8727,"7.30900 2.93800 0.90000, -8.95000 -6.65000 0.10000"
245,0.0000,Tx-Rx,0,-109.6028,"7.30900 2.93800 0.90000, -8.65000 -6.65000 0.10000"
246,0.0000,Tx-Rx,0,-112.8827,"7.30900 2.93800 0.90000, -8.35000 -6.65000 0.10000"
247,0.0000,Tx-Rx,0,-86.4680,"7.30900 2.93800 0.90000, -8.05000 -6.65000 0.10000"
248,0.0000,Tx-Rx,0,-78.3249,"7.30900 2.93800 0.90000, -7.75000 -6.65000 0.10000"
249,0.0000,Tx-Rx,0,-77.4230,"7.30900 2.93800 0.90000, -7.45000 -6.65000 0.10000"
250,0.0000,Tx-Rx,0,-77.6854,"7.30900 2.93800 0.90000, -7.15000 -6.65000 0.10000"
251,0.0000,Tx-Rx,0,-80.3905,"7.30900 2.93800 0.90000, -6.85000 -6.65000 0.10000"
252,0.0000,Tx-Rx,0,-79.8262,"7.30900 2.93800 0.90000, -6.55000 -6.65000 0.10000"
253,0.0000,Tx-Rx,0,-74.8534,"7.30900 2.93800 0.90000, -6.25000 -6.65000 0.10000"
254,0.0000,Tx-Rx,0,-76.9174,"7.30900 2.93800 0.90000, -5.95000 -6.65000 0.10000"
255,0.0000,Tx-Rx,0,-73.4520,"7.30900 2.93800 0.90000, -5.65000 -6.65000 0.10000"
256,0.0000,Tx-Rx,0,-74.6678,"7.30900 2.93800 0.90000, -5.35000 -6.65000 0.10000"
257,0.0000,Tx-Rx,0,-75.2079,"7.30900 2.93800 0.90000, -5.05000 -6.65000 0.10000"
258,0.0000,Tx-Rx,0,-75.4445,"7.30900 2.93800 0.90000, -4.75000 -6.65000 0.10000"
259,0.0000,Tx-Rx,0,-75.3941,"7.30900 2.93800 0.90000, -4.45000 -6.65000 0.10000"
260,0.0000,Tx-Rx,0,-75.5710,"7.30900 2.93800 0.90000, -4.15000 -6.65000 0.10000"
261,0.0000,Tx-Rx,0,-74.8241,"7.30900 2.93800 0.90000, -3.85000 -6.65000 0.10000"
262,0.0000,Tx-Rx,0,-73.7387,"7.30900 2.93800 0.90000, -3.55000 -6.65000 0.10000"
263,0.0000,Tx-Rx,0,-77.8538,"7.30900 2.93800 0.90000, -3.25000 -6.65000 0.10000"
264,0.0000,Tx-Rx,0,-80.7589,"7.30900 2.93800 0.90000, -2.95000 -6.65000 0.10000"
265,0.0000,Tx-Rx,0,-79.6523,"7.30900 2.93800 0.90000, -2.65000 -6.65000 0.10000"
266,0.0000,Tx-Rx,0,-79.9568,"7.30900 2.93800 0.90000, -2.35000 -6.65000 0.10000"
267,0.0000,Tx-Rx,0,-76.4226,"7.30900 2.93800 0.90000, -2.05000 -6.65000 0.10000"
268,0.0000,Tx-Rx,0,-79.6315,"7.30900 2.93800 0.90000, -1.75000 -6.65000 0.10000"
269,0.0000,Tx-Rx,0,-79.8433,"7.30900 2.93800 0.90000, -1.45000 -6.65000 0.10000"
270,0.0000,Tx-Rx,0,-78.0335,"7.30900 2.93800 0.90000, -1.15000 -6.65000 0.10000"
271,0.0000,Tx-Rx,0,-75.4410,"7.30900 2.93800 0.90000, -0.85000 -6.65000 0.10000"
272,0.0000,Tx-Rx,0,-79.1338,"7.30900 2.93800 0.90000, -0.55000 -6.65000 0.10000"
273,0.0000,Tx-Rx,0,-81.3695,"7.30900 2.93800 0.90000, -0.25000 -6.65000 0.10000"
274,0.0000,Tx-Rx,0,-65.1977,"7.30900 2.93800 0.90000, 0.05000 -6.65000 0.10000"
275,0.0000,Tx-Rx,0,-66.4642,"7.30900 2.93800 0.90000, 0.35000 -6.65000 0.10000"
276,0.0000,Tx-Rx,0,-67.9384,"7.30900 2.93800 0.90000, 0.65000 -6.65000 0.10000"
277,0.0000,Tx-Rx,0,-69.9589,"7.30900 2.93800 0.90000, 0.95000 -6.65000 0.10000"
278,0.0000,Tx-Rx,0,-71.3285,"7.30900 2.93800 0.90000, 1.25000 -6.65000 0.10000"
279,0.0000,Tx-Rx,0,-70.8174,"7.30900 2.93800 0.90000, 1.55000 -6.65000 0.10000"
280,0.0000,Tx-Rx,0,-68.2261,"7.30900 2.93800 0.90000, 1.85000 -6.65000 0.10000"
281,0.0000,Tx-Rx,0,-67.0065,"7.30900 2.93800 0.90000, 2.15000 -6.65000 0.10000"
282,0.0000,Tx-Rx,0,-66.4874,"7.30900 2.93800 0.90000, 2.45000 -6.65000 0.10000"
283,0.0000,Tx-Rx,0,-66.1698,"7.30900 2.93800 0.90000, 2.75000 -6.65000 0.10000"
284,0.0000,Tx-Rx,0,-65.4382,"7.30900 2.93800 0.90000, 3.05000 -6.65000 0.10000"
285,0.0000,Tx-Rx,0,-63.2140,"7.30900 2.93800 0.90000, 3.35000 -6.65000 0.10000"
286,0.0000,Tx-Rx,0,-64.4533,"7.30900 2.93800 0.90000, 3.65000 -6.65000 0.10000"
287,0.0000,Tx-Rx,0,-66.5880,"7.30900 2.93800 0.90000, 3.95000 -6.65000 0.10000"
288,0.0000,Tx-Rx,0,-67.2735,"7.30900 2.93800 0.90000, 4.25000 -6.65000 0.10000"
289,0.0000,Tx-Rx,0,-70.0307,"7.30900 2.93800 0.90000, 4.55000 -6.65000 0.10000"
290,0.0000,Tx-Rx,0,-72.3851,"7.30900 2.93800 0.90000, 4.85000 -6.65000 0.10000"
291,0.0000,Tx-Rx,0,-72.9880,"7.30900 2.93800 0.90000, 5.15000 -6.65000 0.10000"
292,0.0000,Tx-Rx,0,-71.3880,"7.30900 2.93800 0.90000, 5.45000 -6.65000 0.10000"
293,0.0000,Tx-Rx,0,-69.8052,"7.30900 2.93800 0.90000, 5.75000 -6.65000 0.10000"
294,0.0000,Tx-Rx,0,-70.6012,"7.30900 2.93800 0.90000, 6.05000 -6.65000 0.10000"
295,0.0000,Tx-Rx,0,-74.4850,"7.30900 2.93800 0.90000, 6.35000 -6.65000 0.10000"
296,0.0000,Tx-Rx,0,-75.0832,"7.30900 2.93800 0.90000, 6.65000 -6.65000 0.10000"
297,0.0000,Tx-Rx,0,-74.1905,"7.30900 2.93800 0.90000, 6.95000 -6.65000 0.10000"
298,0.0000,Tx-Rx,0,-73.2569,"7.30900 2.93800 0.90000, 7.25000 -6.65000 0.10000"
299,0.0000,Tx-Rx,0,-72.4171,"7.30900 2.93800 0.90000, 7.55000 -6.65000 0.10000"
300,0.0000,Tx-Rx,0,-71.9833,"7.30900 2.93800 0.90000, 7.85000 -6.65000 0.10000"
301,0.0000,Tx-Rx,0,-116.7102,"7.30900 2.93800 0.90000, -9.85000 -6.35000 0.10000"
302,0.0000,Tx-Rx,0,-110.8607,"7.30900 2.93800 0.90000, -9.55000 -6.35000 0.10000"
303,0.0000,Tx-Rx,0,-111.5973,"7.30900 2.93800 0.90000, -9.25000 -6.35000 0.10000"
304,0.0000,Tx-Rx,0,-110.5724,"7.30900 2.93800 0.90000, -8.95000 -6.35000 0.10000"
305,0.0000,Tx-Rx,0,-120.0000,"7.30900 2.93800 0.90000, -8.65000 -6.35000 0.10000"
306,0.0000,Tx-Rx,0,-103.8118,"7.30900 2.93800 0.90000, -8.35000 -6.35000 0.10000"
307,0.0000,Tx-Rx,0,-89.5573,"7.30900 2.93800 0.90000, -8.05000 -6.35000 0.10000"
308,0.0000,Tx-Rx,0,-81.3176,"7.30900 2.93800 0.90000, -7.75000 -6.35000 0.10000"
309,0.0000,Tx-Rx,0,-79.7946,"7.30900 2.93800 0.90000, -7.45000 -6.35000 0.10000"
310,0.0000,Tx-Rx,0,-76.4536,"7.30900 2.93800 0.90000, -7.15000 -6.35000 0.10000"
311,0.0000,Tx-Rx,0,-75.9628,"7.30900 2.93800 0.90000, -6.85000 -6.35000 0.10000"
312,0.0000,Tx-Rx,0,-76.9238,"7.30900 2.93800 0.90000, -6.55000 -6.35000 0.10000"
313,0.0000,Tx-Rx,0,-74.6726,"7.30900 2.93800 0.90000, -6.25000 -6.35000 0.10000"
314,0.0000,Tx-Rx,0,-74.4781,"7.30900 2.93800 0.90000, -5.95000 -6.35000 0.10000"
315,0.0000,Tx-Rx,0,-73.9582,"7.30900 2.93800 0.90000, -5.65000 -6.35000 0.10000"
316,0.0000,Tx-Rx,0,-73.3727,"7.30900 2.93800 0.90000, -5.35000 -6.35000 0.10000"
317,0.0000,Tx-Rx,0,-74.0258,"7.30900 2.93800 0.90000, -5.05000 -6.35000 0.10000"
318,0.0000,Tx-Rx,0,-74.2334,"7.30900 2.93800 0.90000, -4.75000 -6.35000 0.10000"
319,0.0000,Tx-Rx,0,-74.0575,"7.30900 2.93800 0.90000, -4.45000 -6.35000 0.10000"
320,0.0000,Tx-Rx,0,-72.4754,"7.30900 2.93800 0.90000, -4.15000 -6.35000 0.10000"
321,0.0000,Tx-Rx,0,-73.3788,"7.30900 2.93800 0.90000, -3.85000 -6.35000 0.10000"
322,0.0000,Tx-Rx,0,-77.5293,"7.30900 2.93800 0.90000, -3.55000 -6.35000 0.10000"
323,0.0000,Tx-Rx,0,-78.4665,"7.30900 2.93800 0.90000, -3.25000 -6.35000 0.10000"
324,0.0000,Tx-Rx,0,-77.2731,"7.30900 2.93800 0.90000, -2.95000 -6.35000 0.10000"
325,0.0000,Tx-Rx,0,-77.2909,"7.30900 2.93800 0.90000, -2.65000 -6.35000 0.10000"
326,0.0000,Tx-Rx,0,-78.5873,"7.30900 2.93800 0.90000, -2.35000 -6.35000 0.10000"
327,0.0000,Tx-Rx,0,-73.9211,"7.30900 2.93800 0.90000, -2.05000 -6.35000 0.10000"
328,0.0000,Tx-Rx,0,-80.6276,"7.30900 2.93800 0.90000, -1.75000 -6.35000 0.10000"
329,0.0000,Tx-Rx,0,-79.9967,"7.30900 2.93800 0.90000, -1.45000 -6.35000 0.10000"
330,0.0000,Tx-Rx,0,-75.4683,"7.30900 2.93800 0.90000, -1.15000 -6.35000 0.10000"
331,0.0000,Tx-Rx,0,-79.0017,"7.30900 2.93800 0.90000, -0.85000 -6.35000 0.10000"
332,0.0000,Tx-Rx,0,-79.8419,"7.30900 2.93800 0.90000, -0.55000 -6.35000 0.10000"
333,0.0000,Tx-Rx,0,-81.3907,"7.30900 2.93800 0.90000, -0.25000 -6.35000 0.10000"
334,0.0000,Tx-Rx,0,-64.8271,"7.30900 2.93800 0.90000, 0.05000 -6.35000 0.10000"
335,0.0000,Tx-Rx,0,-65.6505,"7.30900 2.93800 0.90000, 0.35000 -6.35000 0.10000"
336,0.0000,Tx-Rx,0,-67.7870,"7.30900 2.93800 0.90000, 0.65000 -6.35000 0.10000"
337,0.0000,Tx-Rx,0,-67.9124,"7.30900 2.93800 0.90000, 0.95000 -6.35000 0.10000"
338,0.0000,Tx-Rx,0,-69.2767,"7.30900 2.93800 0.90000, 1.25000 -6.35000 0.10000"
339,0.0000,Tx-Rx,0,-67.1632,"7.30900 2.93800 0.90000, 1.55000 -6.35000 0.10000"
340,0.0000,Tx-Rx,0,-66.6975,"7.30900 2.93800 0.90000, 1.85000 -6.35000 0.10000"
341,0.0000,Tx-Rx,0,-66.2251,"7.30900 2.93800 0.90000, 2.15000 -6.35000 0.10000"
342,0.0000,Tx-Rx,0,-65.9517,"7.30900 2.93800 0.90000, 2.45000 -6.35000 0.10000"
343,0.0000,Tx-Rx,0,-65.1553,"7.30900 2.93800 0.90000, 2.75000 -6.35000 0.10000"
344,0.0000,Tx-Rx,0,-62.9373,"7.30900 2.93800 0.90000, 3.05000 -6.35000 0.10000"
345,0.0000,Tx-Rx,0,-64.7458,"7.30900 2.93800 0.90000, 3.35000 -6.35000 0.10000"
346,0.0000,Tx-Rx,0,-66.2791,"7.30900 2.93800 0.90000, 3.65000 -6.35000 0.10000"
347,0.0000,Tx-Rx,0,-67.0817,"7.30900 2.93800 0.90000, 3.95000 -6.35000 0.10000"
348,0.0000,Tx-Rx,0,-70.1835,"7.30900 2.93800 0.90000, 4.25000 -6.35000 0.10000"
349,0.0000,Tx-Rx,0,-72.5983,"7.30900 2.93800 0.90000, 4.55000 -6.35000 0.10000"
350,0.0000,Tx-Rx,0,-72.9076,"7.30900 2.93800 0.90000, 4.85000 -6.35000 0.10000"
351,0.0000,Tx-Rx,0,-70.7619,"7.30900 2.93800 0.90000, 5.15000 -6.35000 0.10000"
352,0.0000,Tx-Rx,0,-69.6687,"7.30900 2.93800 0.90000, 5.45000 -6.35000 0.10000"
353,0.0000,Tx-Rx,0,-70.6771,"7.30900 2.93800 0.90000, 5.75000 -6.35000 0.10000"
354,0.0000,Tx-Rx,0,-74.9931,"7.30900 2.93800 0.90000, 6.05000 -6.35000 0.10000"
355,0.0000,Tx-Rx,0,-75.0237,"7.30900 2.93800 0.90000, 6.35000 -6.35000 0.10000"
356,0.0000,Tx-Rx,0,-73.0218,"7.30900 2.93800 0.90000, 6.65000 -6.35000 0.10000"
357,0.0000,Tx-Rx,0,-72.3389,"7.30900 2.93800 0.90000, 6.95000 -6.35000 0.10000"
358,0.0000,Tx-Rx,0,-75.6042,"7.30900 2.93800 0.90000, 7.25000 -6.35000 0.10000"
359,0.0000,Tx-Rx,0,-76.4028,"7.30900 2.93800 0.90000, 7.55000 -6.35000 0.10000"
360,0.0000,Tx-Rx,0,-76.7654,"7.30900 2.93800 0.90000, 7.85000 -6.35000 0.10000"
361,0.0000,Tx-Rx,0,-116.6109,"7.30900 2.93800 0.90000, -9.85000 -6.05000 0.10000"
362,0.0000,Tx-Rx,0,-116.5655,"7.30900 2.93800 0.90000, -9.55000 -6.05000 0.10000"
363,0.0000,Tx-Rx,0,-116.3802,"7.30900 2.93800 0.90000, -9.25000 -6.05000 0.10000"
364,0.0000,Tx-Rx,0,-108.2564,"7.30900 2.93800 0.90000, -8.95000 -6.05000 0.10000"
365,0.0000,Tx-Rx,0,-113.5053,"7.30900 2.93800 0.90000, -8.65000 -6.05000 0.10000"
366,0.0000,Tx-Rx,0,-111.5075,"7.30900 2.93800 0.90000, -8.35000 -6.05000 0.10000"
367,0.0000,Tx-Rx,0,-87.2717,"7.30900 2.93800 0.90000, -8.05000 -6.05000 0.10000"
368,0.0000,Tx-Rx,0,-82.4676,"7.30900 2.93800 0.90000, -7.75000 -6.05000 0.10000"
369,0.0000,Tx-Rx,0,-82.8703,"7.30900 2.93800 0.90000, -7.45000 -6.05000 0.10000"
370,0.0000,Tx-Rx,0,-82.3992,"7.30900 2.93800 0.90000, -7.15000 -6.05000 0.10000"
371,0.0000,Tx-Rx,0,-81.0498,"7.30900 2.93800 0.90000, -6.85000 -6.05000 0.10000"
372,0.0000,Tx-Rx,0,-77.8287,"7.30900 2.93800 0.90000, -6.55000 -6.05000 0.10000"
373,0.0000,Tx-Rx,0,-75.6933,"7.30900 2.93800 0.90000, -6.25000 -6.05000 0.10000"
374,0.0000,Tx-Rx,0,-72.8164,"7.30900 2.93800 0.90000, -5.95000 -6.05000 0.10000"
375,0.0000,Tx-Rx,0,-73.4450,"7.30900 2.93800 0.90000, -5.65000 -6.05000 0.10000"
376,0.0000,Tx-Rx,0,-72.7322,"7.30900 2.93800 0.90000, -5.35000 -6.05000 0.10000"
377,0.0000,Tx-Rx,0,-73.5395,"7.30900 2.93800 0.90000, -5.05000 -6.05000 0.10000"
378,0.0000,Tx-Rx,0,-71.4058,"7.30900 2.93800 0.90000, -4.75000 -6.05000 0.10000"
379,0.0000,Tx-Rx,0,-72.1016,"7.30900 2.93800 0.90000, -4.45000 -6.05000 0.10000"
380,0.0000,Tx-Rx,0,-72.3462,"7.30900 2.93800 0.90000, -4.15000 -6.05000 0.10000"
381,0.0000,Tx-Rx,0,-73.7916,"7.30900 2.93800 0.90000, -3.85000 -6.05000 0.10000"
382,0.0000,Tx-Rx,0,-77.4376,"7.30900 2.93800 0.90000, -3.55000 -6.05000 0.10000"
383,0.0000,Tx-Rx,0,-78.5482,"7.30900 2.93800 0.90000, -3.25000 -6.05000 0.10000"
384,0.0000,Tx-Rx,0,-78.2830,"7.30900 2.93800 0.90000, -2.95000 -6.05000 0.10000"
385,0.0000,Tx-Rx,0,-77.8692,"7.30900 2.93800 0.90000, -2.65000 -6.05000 0.10000"
386,0.0000,Tx-Rx,0,-79.6451,"7.30900 2.93800 0.90000, -2.35000 -6.05000 0.10000"
387,0.0000,Tx-Rx,0,-80.6652,"7.30900 2.93800 0.90000, -2.05000 -6.05000 0.10000"
388,0.0000,Tx-Rx,0,-75.4001,"7.30900 2.93800 0.90000, -1.75000 -6.05000 0.10000"
389,0.0000,Tx-Rx,0,-75.2844,"7.30900 2.93800 0.90000, -1.45000 -6.05000 0.10000"
390,0.0000,Tx-Rx,0,-77.8080,"7.30900 2.93800 0.90000, -1.15000 -6.05000 0.10000"
391,0.0000,Tx-Rx,0,-79.1092,"7.30900 2.93800 0.90000, -0.85000 -6.05000 0.10000"
392,0.0000,Tx-Rx,0,-79.4498,"7.30900 2.93800 0.90000, -0.55000 -6.05000 0.10000"
393,0.0000,Tx-Rx,0,-78.4716,"7.30900 2.93800 0.90000, -0.25000 -6.05000 0.10000"
394,0.0000,Tx-Rx,0,-65.5460,"7.30900 2.93800 0.90000, 0.05000 -6.05000 0.10000"
395,0.0000,Tx-Rx,0,-64.3669,"7.30900 2.93800 0.90000, 0.35000 -6.05000 0.10000"
396,0.0000,Tx-Rx,0,-67.6392,"7.30900 2.93800 0.90000, 0.65000 -6.05000 0.10000"
397,0.0000,Tx-Rx,0,-67.1651,"7.30900 2.93800 0.90000, 0.95000 -6.05000 0.10000"
398,0.0000,Tx-Rx,0,-65.5803,"7.30900 2.93800 0.90000, 1.25000 -6.05000 0.10000"
399,0.0000,Tx-Rx,0,-66.0251,"7.30900 2.93800 0.90000, 1.55000 -6.05000 0.10000"
400,0.0000,Tx-Rx,0,-65.7807,"7.30900 2.93800 0.90000, 1.85000 -6.05000 0.10000"
401,0.0000,Tx-Rx,0,-65.6091,"7.30900 2.93800 0.90000, 2.15000 -6.05000 0.10000"
402,0.0000,Tx-Rx,0,-64.5748,"7.30900 2.93800 0.90000, 2.45000 -6.05000 0.10000"
403,0.0000,Tx-Rx,0,-62.7851,"7.30900 2.93800 0.90000, 2.75000 -6.05000 0.10000"
404,0.0000,Tx-Rx,0,-65.0802,"7.30900 2.93800 0.90000, 3.05000 -6.05000 0.10000"
405,0.0000,Tx-Rx,0,-66.4895,"7.30900 2.93800 0.90000, 3.35000 -6.05000 0.10000"
406,0.0000,Tx-Rx,0,-67.3068,"7.30900 2.93800 0.90000, 3.65000 -6.05000 0.10000"
407,0.0000,Tx-Rx,0,-70.1787,"7.30900 2.93800 0.90000, 3.95000 -6.05000 0.10000"
408,0.0000,Tx-Rx,0,-72.2701,"7.30900 2.93800 0.90000, 4.25000 -6.05000 0.10000"
409,0.0000,Tx-Rx,0,-72.2722,"7.30900 2.93800 0.90000, 4.55000 -6.05000 0.10000"
410,0.0000,Tx-Rx,0,-70.3945,"7.30900 2.93800 0.90000, 4.85000 -6.05000 0.10000"
411,0.0000,Tx-Rx,0,-69.5066,"7.30900 2.93800 0.90000, 5.15000 -6.05000 0.10000"
412,0.0000,Tx-Rx,0,-70.3707,"7.30900 2.93800 0.90000, 5.45000 -6.05000 0.10000"
413,0.0000,Tx-Rx,0,-73.0659,"7.30900 2.93800 0.90000, 5.75000 -6.05000 0.10000"
414,0.0000,Tx-Rx,0,-74.6662,"7.30900 2.93800 0.90000, 6.05000 -6.05000 0.10000"
415,0.0000,Tx-Rx,0,-74.2248,"7.30900 2.93800 0.90000, 6.35000 -6.05000 0.10000"
416,0.0000,Tx-Rx,0,-74.2558,"7.30900 2.93800 0.90000, 6.65000 -6.05000 0.10000"
417,0.0000,Tx-Rx,0,-76.1724,"7.30900 2.93800 0.90000, 6.95000 -6.05000 0.10000"
418,0.0000,Tx-Rx,0,-76.9620,"7.30900 2.93800 0.90000, 7.25000 -6.05000 0.10000"
419,0.0000,Tx-Rx,0,-77.3029,"7.30900 2.93800 0.90000, 7.55000 -6.05000 0.10000"
420,0.0000,Tx-Rx,0,-77.1901,"7.30900 2.93800 0.90000, 7.85000 -6.05000 0.10000"
421,0.0000,Tx-Rx,0,-114.9416,"7.30900 2.93800 0.90000, -9.85000 -5.75000 0.10000"
422,0.0000,Tx-Rx,0,-113.8517,"7.30900 2.93800 0.90000, -9.55000 -5.75000 0.10000"
423,0.0000,Tx-Rx,0,-111.9537,"7.30900 2.93800 0.90000, -9.25000 -5.75000 0.10000"
424,0.0000,Tx-Rx,0,-112.0190,"7.30900 2.93800 0.90000, -8.95000 -5.75000 0.10000"
425,0.0000,Tx-Rx,0,-113.9209,"7.30900 2.93800 0.90000, -8.65000 -5.75000 0.10000"
426,0.0000,Tx-Rx,0,-114.9833,"7.30900 2.93800 0.90000, -8.35000 -5.75000 0.10000"
427,0.0000,Tx-Rx,0,-85.5182,"7.30900 2.93800 0.90000, -8.05000 -5.75000 0.10000"
428,0.0000,Tx-Rx,0,-82.7498,"7.30900 2.93800 0.90000, -7.75000 -5.75000 0.10000"
429,0.0000,Tx-Rx,0,-80.6365,"7.30900 2.93800 0.90000, -7.45000 -5.75000 0.10000"
430,0.0000,Tx-Rx,0,-83.4512,"7.30900 2.93800 0.90000, -7.15000 -5.75000 0.10000"
431,0.0000,Tx-Rx,0,-82.9141,"7.30900 2.93800 0.90000, -6.85000 -5.75000 0.10000"
432,0.0000,Tx-Rx,0,-81.4245,"7.30900 2.93800 0.90000, -6.55000 -5.75000 0.10000"
433,0.0000,Tx-Rx,0,-83.2776,"7.30900 2.93800 0.90000, -6.25000 -5.75000 0.10000"
434,0.0000,Tx-Rx,0,-77.3705,"7.30900 2.93800 0.90000, -5.95000 -5.75000 0.10000"
435,0.0000,Tx-Rx,0,-73.2642,"7.30900 2.93800 0.90000, -5.65000 -5.75000 0.10000"
436,0.0000,Tx-Rx,0,-72.0448,"7.30900 2.93800 0.90000, -5.35000 -5.75000 0.10000"
437,0.0000,Tx-Rx,0,-70.7266,"7.30900 2.93800 0.90000, -5.05000 -5.75000 0.10000"
438,0.0000,Tx-Rx,0,-72.2778,"7.30900 2.93800 0.90000, -4.75000 -5.75000 0.10000"
439,0.0000,Tx-Rx,0,-71.8096,"7.30900 2.93800 0.90000, -4.45000 -5.75000 0.10000"
440,0.0000,Tx-Rx,0,-72.0513,"7.30900 2.93800 0.90000, -4.15000 -5.75000 0.10000"
441,0.0000,Tx-Rx,0,-73.0972,"7.30900 2.93800 0.90000, -3.85000 -5.75000 0.10000"
442,0.0000,Tx-Rx,0,-74.0967,"7.30900 2.93800 0.90000, -3.55000 -5.75000 0.10000"
443,0.0000,Tx-Rx,0,-77.3918,"7.30900 2.93800 0.90000, -3.25000 -5.75000 0.10000"
444,0.0000,Tx-Rx,0,-78.5191,"7.30900 2.93800 0.90000, -2.95000 -5.75000 0.10000"
445,0.0000,Tx-Rx,0,-79.6982,"7.30900 2.93800 0.90000, -2.65000 -5.75000 0.10000"
446,0.0000,Tx-Rx,0,-80.2364,"7.30900 2.93800 0.90000, -2.35000 -5.75000 0.10000"
447,0.0000,Tx-Rx,0,-78.4594,"7.30900 2.93800 0.90000, -2.05000 -5.75000 0.10000"
448,0.0000,Tx-Rx,0,-72.3584,"7.30900 2.93800 0.90000, -1.75000 -5.75000 0.10000"
449,0.0000,Tx-Rx,0,-77.6870,"7.30900 2.93800 0.90000, -1.45000 -5.75000 0.10000"
450,0.0000,Tx-Rx,0,-76.3086,"7.30900 2.93800 0.90000, -1.15000 -5.75000 0.10000"
451,0.0000,Tx-Rx,0,-76.0821,"7.30900 2.93800 0.90000, -0.85000 -5.75000 0.10000"
452,0.0000,Tx-Rx,0,-78.5039,"7.30900 2.93800 0.90000, -0.55000 -5.75000 0.10000"
453,0.0000,Tx-Rx,0,-79.4036,"7.30900 2.93800 0.90000, -0.25000 -5.75000 0.10000"
454,0.0000,Tx-Rx,0,-67.7315,"7.30900 2.93800 0.90000, 0.05000 -5.75000 0.10000"
455,0.0000,Tx-Rx,0,-64.8939,"7.30900 2.93800 0.90000, 0.35000 -5.75000 0.10000"
456,0.0000,Tx-Rx,0,-66.0602,"7.30900 2.93800 0.90000, 0.65000 -5.75000 0.10000"
457,0.0000,Tx-Rx,0,-65.3170,"7.30900 2.93800 0.90000, 0.95000 -5.75000 0.10000"
458,0.0000,Tx-Rx,0,-64.6641,"7.30900 2.93800 0.90000, 1.25000 -5.75000 0.10000"
459,0.0000,Tx-Rx,0,-64.6865,"7.30900 2.93800 0.90000, 1.55000 -5.75000 0.10000"
460,0.0000,Tx-Rx,0,-64.9952,"7.30900 2.93800 0.90000, 1.85000 -5.75000 0.10000"
461,0.0000,Tx-Rx,0,-64.0338,"7.30900 2.93800 0.90000, 2.15000 -5.75000 0.10000"
462,0.0000,Tx-Rx,0,-62.6337,"7.30900 2.93800 0.90000, 2.45000 -5.75000 0.10000"
463,0.0000,Tx-Rx,0,-65.0657,"7.30900 2.93800 0.90000, 2.75000 -5.75000 0.10000"
464,0.0000,Tx-Rx,0,-66.5368,"7.30900 2.93800 0.90000, 3.05000 -5.75000 0.10000"
465,0.0000,Tx-Rx,0,-67.7736,"7.30900 2.93800 0.90000, 3.35000 -5.75000 0.10000"
466,0.0000,Tx-Rx,0,-70.1767,"7.30900 2.93800 0.90000, 3.65000 -5.75000 0.10000"
467,0.0000,Tx-Rx,0,-72.1227,"7.30900 2.93800 0.90000, 3.95000 -5.75000 0.10000"
468,0.0000,Tx-Rx,0,-72.7951,"7.30900 2.93800 0.90000, 4.25000 -5.75000 0.10000"
469,0.0000,Tx-Rx,0,-69.8792,"7.30900 2.93800 0.90000, 4.55000 -5.75000 0.10000"
470,0.0000,Tx-Rx,0,-69.2422,"7.30900 2.93800 0.90000, 4.85000 -5.75000 0.10000"
471,0.0000,Tx-Rx,0,-70.3742,"7.30900 2.93800 0.90000, 5.15000 -5.75000 0.10000"
472,0.0000,Tx-Rx,0,-72.5636,"7.30900 2.93800 0.90000, 5.45000 -5.75000 0.10000"
473,0.0000,Tx-Rx,0,-74.3013,"7.30900 2.93800 0.90000, 5.75000 -5.75000 0.10000"
474,0.0000,Tx-Rx,0,-74.5811,"7.30900 2.93800 0.90000, 6.05000 -5.75000 0.10000"
475,0.0000,Tx-Rx,0,-74.9660,"7.30900 2.93800 0.90000, 6.35000 -5.75000 0.10000"
476,0.0000,Tx-Rx,0,-75.8453,"7.30900 2.93800 0.90000, 6.65000 -5.75000 0.10000"
477,0.0000,Tx-Rx,0,-76.0122,"7.30900 2.93800 0.90000, 6.95000 -5.75000 0.10000"
478,0.0000,Tx-Rx,0,-76.8873,"7.30900 2.93800 0.90000, 7.25000 -5.75000 0.10000"
479,0.0000,Tx-Rx,0,-77.2675,"7.30900 2.93800 0.90000, 7.55000 -5.75000 0.10000"
480,0.0000,Tx-Rx,0,-77.2489,"7.30900 2.93800 0.90000, 7.85000 -5.75000 0.10000"
481,0.0000,Tx-Rx,0,-99.9023,"7.30900 2.93800 0.90000, -9.85000 -5.45000 0.10000"
482,0.0000,Tx-Rx,0,-111.4194,"7.30900 2.93800 0.90000, -9.55000 -5.45000 0.10000"
483,0.0000,Tx-Rx,0,-111.4110,"7.30900 2.93800 0.90000, -9.25000 -5.45000 0.10000"
484,0.0000,Tx-Rx,0,-111.5714,"7.30900 2.93800 0.90000, -8.95000 -5.45000 0.10000"
485,0.0000,Tx-Rx,0,-120.0000,"7.30900 2.93800 0.90000, -8.65000 -5.45000 0.10000"
486,0.0000,Tx-Rx,0,-120.0000,"7.30900 2.93800 0.90000, -8.35000 -5.45000 0.10000"
487,0.0000,Tx-Rx,0,-86.8200,"7.30900 2.93800 0.90000, -8.05000 -5.45000 0.10000"
488,0.0000,Tx-Rx,0,-80.3677,"7.30900 2.93800 0.90000, -7.75000 -5.45000 0.10000"
489,0.0000,Tx-Rx,0,-81.7074,"7.30900 2.93800 0.90000, -7.45000 -5.45000 0.10000"
490,0.0000,Tx-Rx,0,-82.6743,"7.30900 2.93800 0.90000, -7.15000 -5.45000 0.10000"
491,0.0000,Tx-Rx,0,-81.6755,"7.30900 2.93800 0.90000, -6.85000 -5.45000 0.10000"
492,0.0000,Tx-Rx,0,-81.6875,"7.30900 2.93800 0.90000, -6.55000 -5.45000 0.10000"
493,0.0000,Tx-Rx,0,-79.4670,"7.30900 2.93800 0.90000, -6.25000 -5.45000 0.10000"
494,0.0000,Tx-Rx,0,-76.3204,"7.30900 2.93800 0.90000, -5.95000 -5.45000 0.10000"
495,0.0000,Tx-Rx,0,-72.9333,"7.30900 2.93800 0.90000, -5.65000 -5.45000 0.10000"
496,0.0000,Tx-Rx,0,-72.9287,"7.30900 2.93800 0.90000, -5.35000 -5.45000 0.10000"
497,0.0000,Tx-Rx,0,-72.9212,"7.30900 2.93800 0.90000, -5.05000 -5.45000 0.10000"
498,0.0000,Tx-Rx,0,-71.4565,"7.30900 2.93800 0.90000, -4.75000 -5.45000 0.10000"
499,0.0000,Tx-Rx,0,-71.7813,"7.30900 2.93800 0.90000, -4.45000 -5.45000 0.10000"
500,0.0000,Tx-Rx,0,-72.9004,"7.30900 2.93800 0.90000, -4.15000 -5.45000 0.10000"
501,0.0000,Tx-Rx,0,-72.9282,"7.30900 2.93800 0.90000, -3.85000 -5.45000 0.10000"
502,0.0000,Tx-Rx,0,-72.8646,"7.30900 2.93800 0.90000, -3.55000 -5.45000 0.10000"
503,0.0000,Tx-Rx,0,-74.8035,"7.30900 2.93800 0.90000, -3.25000 -5.45000 0.10000"
504,0.0000,Tx-Rx,0,-75.3005,"7.30900 2.93800 0.90000, -2.95000 -5.45000 0.10000"
505,0.0000,Tx-Rx,0,-77.4896,"7.30900 2.93800 0.90000, -2.65000 -5.45000 0.10000"
506,0.0000,Tx-Rx,0,-76.2731,"7.30900 2.93800 0.90000, -2.35000 -5.45000 0.10000"
507,0.0000,Tx-Rx,0,-74.3189,"7.30900 2.93800 0.90000, -2.05000 -5.45000 0.10000"
508,0.0000,Tx-Rx,0,-75.8919,"7.30900 2.93800 0.90000, -1.75000 -5.45000 0.10000"
509,0.0000,Tx-Rx,0,-76.2247,"7.30900 2.93800 0.90000, -1.45000 -5.45000 0.10000"
510,0.0000,Tx-Rx,0,-77.4235,"7.30900 2.93800 0.90000, -1.15000 -5.45000 0.10000"
511,0.0000,Tx-Rx,0,-77.6458,"7.30900 2.93800 0.90000, -0.85000 -5.45000 0.10000"
512,0.0000,Tx-Rx,0,-77.9491,"7.30900 2.93800 0.90000, -0.55000 -5.45000 0.10000"
513,0.0000,Tx-Rx,0,-77.3377,"7.30900 2.93800 0.90000, -0.25000 -5.45000 0.10000"
514,0.0000,Tx-Rx,0,-69.1499,"7.30900 2.93800 0.90000, 0.05000 -5.45000 0.10000"
515,0.0000,Tx-Rx,0,-64.9128,"7.30900 2.93800 0.90000, 0.35000 -5.45000 0.10000"
516,0.0000,Tx-Rx,0,-63.6075,"7.30900 2.93800 0.90000, 0.65000 -5.45000 0.10000"
517,0.0000,Tx-Rx,0,-64.9823,"7.30900 2.93800 0.90000, 0.95000 -5.45000 0.10000"
518,0.0000,Tx-Rx,0,-64.1815,"7.30900 2.93800 0.90000, 1.25000 -5.45000 0.10000"
519,0.0000,Tx-Rx,0,-63.2469,"7.30900 2.93800 0.90000, 1.55000 -5.45000 0.10000"
520,0.0000,Tx-Rx,0,-63.1021,"7.30900 2.93800 0.90000, 1.85000 -5.45000 0.10000"
521,0.0000,Tx-Rx,0,-62.2858,"7.30900 2.93800 0.90000, 2.15000 -5.45000 0.10000"
522,0.0000,Tx-Rx,0,-65.2179,"7.30900 2.93800 0.90000, 2.45000 -5.45000 0.10000"
523,0.0000,Tx-Rx,0,-66.6648,"7.30900 2.93800 0.90000, 2.75000 -5.45000 0.10000"
524,0.0000,Tx-Rx,0,-67.9553,"7.30900 2.93800 0.90000, 3.05000 -5.45000 0.10000"
525,0.0000,Tx-Rx,0,-70.8054,"7.30900 2.93800 0.90000, 3.35000 -5.45000 0.10000"
526,0.0000,Tx-Rx,0,-73.1729,"7.30900 2.93800 0.90000, 3.65000 -5.45000 0.10000"
527,0.0000,Tx-Rx,0,-73.1079,"7.30900 2.93800 0.90000, 3.95000 -5.45000 0.10000"
528,0.0000,Tx-Rx,0,-69.6811,"7.30900 2.93800 0.90000, 4.25000 -5.45000 0.10000"
529,0.0000,Tx-Rx,0,-69.1261,"7.30900 2.93800 0.90000, 4.55000 -5.45000 0.10000"
530,0.0000,Tx-Rx,0,-70.7280,"7.30900 2.93800 0.90000, 4.85000 -5.45000 0.10000"
531,0.0000,Tx-Rx,0,-72.5714,"7.30900 2.93800 0.90000, 5.15000 -5.45000 0.10000"
532,0.0000,Tx-Rx,0,-74.6349,"7.30900 2.93800 0.90000, 5.45000 -5.45000 0.10000"
533,0.0000,Tx-Rx,0,-75.2161,"7.30900 2.93800 0.90000, 5.75000 -5.45000 0.10000"
534,0.0000,Tx-Rx,0,-75.0361,"7.30900 2.93800 0.90000, 6.05000 -5.45000 0.10000"
535,0.0000,Tx-Rx,0,-75.1280,"7.30900 2.93800 0.90000, 6.35000 -5.45000 0.10000"
536,0.0000,Tx-Rx,0,-76.1491,"7.30900 2.93800 0.90000, 6.65000 -5.45000 0.10000"
537,0.0000,Tx-Rx,0,-75.9508,"7.30900 2.93800 0.90000, 6.95000 -5.45000 0.10000"
538,0.0000,Tx-Rx,0,-77.0688,"7.30900 2.93800 0.90000, 7.25000 -5.45000 0.10000"
539,0.0000,Tx-Rx,0,-76.7505,"7.30900 2.93800 0.90000, 7.55000 -5.45000 0.10000"
540,0.0000,Tx-Rx,0,-76.7429,"7.30900 2.93800 0.90000, 7.85000 -5.45000 0.10000"
541,0.0000,Tx-Rx,0,-94.5604,"7.30900 2.93800 0.90000, -9.85000 -5.15000 0.10000"
542,0.0000,Tx-Rx,0,-97.7850,"7.30900 2.93800 0.90000, -9.55000 -5.15000 0.10000"
543,0.0000,Tx-Rx,0,-110.1492,"7.30900 2.93800 0.90000, -9.25000 -5.15000 0.10000"
544,0.0000,Tx-Rx,0,-120.0000,"7.30900 2.93800 0.90000, -8.95000 -5.15000 0.10000"
545,0.0000,Tx-Rx,0,-98.8905,"7.30900 2.93800 0.90000, -8.65000 -5.15000 0.10000"
546,0.0000,Tx-Rx,0,-114.8742,"7.30900 2.93800 0.90000, -8.35000 -5.15000 0.10000"
547,0.0000,Tx-Rx,0,-82.6320,"7.30900 2.93800 0.90000, -8.05000 -5.15000 0.10000"
548,0.0000,Tx-Rx,0,-80.0192,"7.30900 2.93800 0.90000, -7.75000 -5.15000 0.10000"
549,0.0000,Tx-Rx,0,-82.9809,"7.30900 2.93800 0.90000, -7.45000 -5.15000 0.10000"
550,0.0000,Tx-Rx,0,-81.1748,"7.30900 2.93800 0.90000, -7.15000 -5.15000 0.10000"
551,0.0000,Tx-Rx,0,-80.7798,"7.30900 2.93800 0.90000, -6.85000 -5.15000 0.10000"
552,0.0000,Tx-Rx,0,-79.3240,"7.30900 2.93800 0.90000, -6.55000 -5.15000 0.10000"
553,0.0000,Tx-Rx,0,-74.7918,"7.30900 2.93800 0.90000, -6.25000 -5.15000 0.10000"
554,0.0000,Tx-Rx,0,-75.9485,"7.30900 2.93800 0.90000, -5.95000 -5.15000 0.10000"
555,0.0000,Tx-Rx,0,-77.2321,"7.30900 2.93800 0.90000, -5.65000 -5.15000 0.10000"
556,0.0000,Tx-Rx,0,-74.0282,"7.30900 2.93800 0.90000, -5.35000 -5.15000 0.10000"
557,0.0000,Tx-Rx,0,-73.2454,"7.30900 2.93800 0.90000, -5.05000 -5.15000 0.10000"
558,0.0000,Tx-Rx,0,-71.9940,"7.30900 2.93800 0.90000, -4.75000 -5.15000 0.10000"
559,0.0000,Tx-Rx,0,-72.4842,"7.30900 2.93800 0.90000, -4.45000 -5.15000 0.10000"
560,0.0000,Tx-Rx,0,-72.2930,"7.30900 2.93800 0.90000, -4.15000 -5.15000 0.10000"
561,0.0000,Tx-Rx,0,-72.8988,"7.30900 2.93800 0.90000, -3.85000 -5.15000 0.10000"
562,0.0000,Tx-Rx,0,-73.3700,"7.30900 2.93800 0.90000, -3.55000 -5.15000 0.10000"
563,0.0000,Tx-Rx,0,-73.3089,"7.30900 2.93800 0.90000, -3.25000 -5.15000 0.10000"
564,0.0000,Tx-Rx,0,-74.1652,"7.30900 2.93800 0.90000, -2.95000 -5.15000 0.10000"
565,0.0000,Tx-Rx,0,-74.4038,"7.30900 2.93800 0.90000, -2.65000 -5.15000 0.10000"
566,0.0000,Tx-Rx,0,-71.8483,"7.30900 2.93800 0.90000, -2.35000 -5.15000 0.10000"
567,0.0000,Tx-Rx,0,-73.7473,"7.30900 2.93800 0.90000, -2.05000 -5.15000 0.10000"
568,0.0000,Tx-Rx,0,-73.3196,"7.30900 2.93800 0.90000, -1.75000 -5.15000 0.10000"
569,0.0000,Tx-Rx,0,-76.7732,"7.30900 2.93800 0.90000, -1.45000 -5.15000 0.10000"
570,0.0000,Tx-Rx,0,-77.4392,"7.30900 2.93800 0.90000, -1.15000 -5.15000 0.10000"
571,0.0000,Tx-Rx,0,-76.7425,"7.30900 2.93800 0.90000, -0.85000 -5.15000 0.10000"
572,0.0000,Tx-Rx,0,-75.2213,"7.30900 2.93800 0.90000, -0.55000 -5.15000 0.10000"
573,0.0000,Tx-Rx,0,-75.0588,"7.30900 2.93800 0.90000, -0.25000 -5.15000 0.10000"
574,0.0000,Tx-Rx,0,-68.8975,"7.30900 2.93800 0.90000, 0.05000 -5.15000 0.10000"
575,0.0000,Tx-Rx,0,-64.3134,"7.30900 2.93800 0.90000, 0.35000 -5.15000 0.10000"
576,0.0000,Tx-Rx,0,-63.0789,"7.30900 2.93800 0.90000, 0.65000 -5.15000 0.10000"
577,0.0000,Tx-Rx,0,-64.2596,"7.30900 2.93800 0.90000, 0.95000 -5.15000 0.10000"
578,0.0000,Tx-Rx,0,-63.2583,"7.30900 2.93800 0.90000, 1.25000 -5.15000 0.10000"
579,0.0000,Tx-Rx,0,-62.0800,"7.30900 2.93800 0.90000, 1.55000 -5.15000 0.10000"
580,0.0000,Tx-Rx,0,-61.7411,"7.30900 2.93800 0.90000, 1.85000 -5.15000 0.10000"
581,0.0000,Tx-Rx,0,-65.0993,"7.30900 2.93800 0.90000, 2.15000 -5.15000 0.10000"
582,0.0000,Tx-Rx,0,-67.2201,"7.30900 2.93800 0.90000, 2.45000 -5.15000 0.10000"
583,0.0000,Tx-Rx,0,-68.1714,"7.30900 2.93800 0.90000, 2.75000 -5.15000 0.10000"
584,0.0000,Tx-Rx,0,-70.8372,"7.30900 2.93800 0.90000, 3.05000 -5.15000 0.10000"
585,0.0000,Tx-Rx,0,-74.5792,"7.30900 2.93800 0.90000, 3.35000 -5.15000 0.10000"
586,0.0000,Tx-Rx,0,-74.4853,"7.30900 2.93800 0.90000, 3.65000 -5.15000 0.10000"
587,0.0000,Tx-Rx,0,-70.1797,"7.30900 2.93800 0.90000, 3.95000 -5.15000 0.10000"
588,0.0000,Tx-Rx,0,-69.3490,"7.30900 2.93800 0.90000, 4.25000 -5.15000 0.10000"
589,0.0000,Tx-Rx,0,-71.0762,"7.30900 2.93800 0.90000, 4.55000 -5.15000 0.10000"
590,0.0000,Tx-Rx,0,-73.7811,"7.30900 2.93800 0.90000, 4.85000 -5.15000 0.10000"
591,0.0000,Tx-Rx,0,-77.6330,"7.30900 2.93800 0.90000, 5.15000 -5.15000 0.10000"
592,0.0000,Tx-Rx,0,-76.2617,"7.30900 2.93800 0.90000, 5.45000 -5.15000 0.10000"
593,0.0000,Tx-Rx,0,-76.3861,"7.30900 2.93800 0.90000, 5.75000 -5.15000 0.10000"
594,0.0000,Tx-Rx,0,-76.8400,"7.30900 2.93800 0.90000, 6.05000 -5.15000 0.10000"
595,0.0000,Tx-Rx,0,-76.7112,"7.30900 2.93800 0.90000, 6.35000 -5.15000 0.10000"
596,0.0000,Tx-Rx,0,-77.1523,"7.30900 2.93800 0.90000, 6.65000 -5.15000 0.10000"
597,0.0000,Tx-Rx,0,-77.4130,"7.30900 2.93800 0.90000, 6.95000 -5.15000 0.10000"
598,0.0000,Tx-Rx,0,-76.8710,"7.30900 2.93800 0.90000, 7.25000 -5.15000 0.10000"
599,0.0000,Tx-Rx,0,-77.1742,"7.30900 2.93800 0.90000, 7.55000 -5.15000 0.10000"
600,0.0000,Tx-Rx,0,-78.9912,"7.30900 2.93800 0.90000, 7.85000 -5.15000 0.10000"
601,0.0000,Tx-Rx,0,-105.6949,"7.30900 2.93800 0.90000, -9.85000 -4.85000 0.10000"
602,0.0000,Tx-Rx,0,-99.9343,"7.30900 2.93800 0.90000, -9.55000 -4.85000 0.10000"
603,0.0000,Tx-Rx,0,-88.1847,"7.30900 2.93800 0.90000, -9.25000 -4.85000 0.10000"
604,0.0000,Tx-Rx,0,-120.0000,"7.30900 2.93800 0.90000, -8.95000 -4.85000 0.10000"
605,0.0000,Tx-Rx,0,-114.1649,"7.30900 2.93800 0.90000, -8.65000 -4.85000 0.10000"
606,0.0000,Tx-Rx,0,-94.9960,"7.30900 2.93800 0.90000, -8.35000 -4.85000 0.10000"
607,0.0000,Tx-Rx,0,-81.5648,"7.30900 2.93800 0.90000, -8.05000 -4.85000 0.10000"
608,0.0000,Tx-Rx,0,-77.7342,"7.30900 2.93800 0.90000, -7.75000 -4.85000 0.10000"
609,0.0000,Tx-Rx,0,-79.0444,"7.30900 2.93800 0.90000, -7.45000 -4.85000 0.10000"
610,0.0000,Tx-Rx,0,-81.3311,"7.30900 2.93800 0.90000, -7.15000 -4.85000 0.10000"
611,0.0000,Tx-Rx,0,-76.1649,"7.30900 2.93800 0.90000, -6.85000 -4.85000 0.10000"
612,0.0000,Tx-Rx,0,-74.6987,"7.30900 2.93800 0.90000, -6.55000 -4.85000 0.10000"
613,0.0000,Tx-Rx,0,-75.6417,"7.30900 2.93800 0.90000, -6.25000 -4.85000 0.10000"
614,0.0000,Tx-Rx,0,-77.7489,"7.30900 2.93800 0.90000, -5.95000 -4.85000 0.10000"
615,0.0000,Tx-Rx,0,-78.6493,"7.30900 2.93800 0.90000, -5.65000 -4.85000 0.10000"
616,0.0000,Tx-Rx,0,-76.0319,"7.30900 2.93800 0.90000, -5.35000 -4.85000 0.10000"
617,0.0000,Tx-Rx,0,-73.0806,"7.30900 2.93800 0.90000, -5.05000 -4.85000 0.10000"
618,0.0000,Tx-Rx,0,-73.7375,"7.30900 2.93800 0.90000, -4.75000 -4.85000 0.10000"
619,0.0000,Tx-Rx,0,-74.4463,"7.30900 2.93800 0.90000, -4.45000 -4.85000 0.10000"
620,0.0000,Tx-Rx,0,-74.1157,"7.30900 2.93800 0.90000, -4.15000 -4.85000 0.10000"
621,0.0000,Tx-Rx,0,-73.0073,"7.30900 2.93800 0.90000, -3.85000 -4.85000 0.10000"
622,0.0000,Tx-Rx,0,-71.9548,"7.30900 2.93800 0.90000, -3.55000 -4.85000 0.10000"
623,0.0000,Tx-Rx,0,-72.3532,"7.30900 2.93800 0.90000, -3.25000 -4.85000 0.10000"
624,0.0000,Tx-Rx,0,-72.6737,"7.30900 2.93800 0.90000, -2.95000 -4.85000 0.10000"
625,0.0000,Tx-Rx,0,-72.4687,"7.30900 2.93800 0.90000, -2.65000 -4.85000 0.10000"
626,0.0000,Tx-Rx,0,-73.2655,"7.30900 2.93800 0.90000, -2.35000 -4.85000 0.10000"
627,0.0000,Tx-Rx,0,-73.2928,"7.30900 2.93800 0.90000, -2.05000 -4.85000 0.10000"
628,0.0000,Tx-Rx,0,-72.4926,"7.30900 2.93800 0.90000, -1.75000 -4.85000 0.10000"
629,0.0000,Tx-Rx,0,-73.7820,"7.30900 2.93800 0.90000, -1.45000 -4.85000 0.10000"
630,0.0000,Tx-Rx,0,-74.0455,"7.30900 2.93800 0.90000, -1.15000 -4.85000 0.10000"
631,0.0000,Tx-Rx,0,-75.5676,"7.30900 2.93800 0.90000, -0.85000 -4.85000 0.10000"
632,0.0000,Tx-Rx,0,-75.1398,"7.30900 2.93800 0.90000, -0.55000 -4.85000 0.10000"
633,0.0000,Tx-Rx,0,-74.5660,"7.30900 2.93800 0.90000, -0.25000 -4.85000 0.10000"
634,0.0000,Tx-Rx,0,-64.4351,"7.30900 2.93800 0.90000, 0.05000 -4.85000 0.10000"
635,0.0000,Tx-Rx,0,-64.8518,"7.30900 2.93800 0.90000, 0.35000 -4.85000 0.10000"
636,0.0000,Tx-Rx,0,-62.8853,"7.30900 2.93800 0.90000, 0.65000 -4.85000 0.10000"
637,0.0000,Tx-Rx,0,-61.9945,"7.30900 2.93800 0.90000, 0.95000 -4.85000 0.10000"
638,0.0000,Tx-Rx,0,-61.5867,"7.30900 2.93800 0.90000, 1.25000 -4.85000 0.10000"
639,0.0000,Tx-Rx,0,-61.8088,"7.30900 2.93800 0.90000, 1.55000 -4.85000 0.10000"
640,0.0000,Tx-Rx,0,-64.0541,"7.30900 2.93800 0.90000, 1.85000 -4.85000 0.10000"
641,0.0000,Tx-Rx,0,-66.0599,"7.30900 2.93800 0.90000, 2.15000 -4.85000 0.10000"
642,0.0000,Tx-Rx,0,-67.7526,"7.30900 2.93800 0.90000, 2.45000 -4.85000 0.10000"
643,0.0000,Tx-Rx,0,-70.8181,"7.30900 2.93800 0.90000, 2.75000 -4.85000 0.10000"
644,0.0000,Tx-Rx,0,-74.5281,"7.30900 2.93800 0.90000, 3.05000 -4.85000 0.10000"
645,0.0000,Tx-Rx,0,-73.5617,"7.30900 2.93800 0.90000, 3.35000 -4.85000 0.10000"
646,0.0000,Tx-Rx,0,-69.7989,"7.30900 2.93800 0.90000, 3.65000 -4.85000 0.10000"
647,0.0000,Tx-Rx,0,-69.5254,"7.30900 2.93800 0.90000, 3.95000 -4.85000 0.10000"
648,0.0000,Tx-Rx,0,-72.1067,"7.30900 2.93800 0.90000, 4.25000 -4.85000 0.10000"
649,0.0000,Tx-Rx,0,-74.3168,"7.30900 2.93800 0.90000, 4.55000 -4.85000 0.10000"
650,0.0000,Tx-Rx,0,-78.0924,"7.30900 2.93800 0.90000, 4.85000 -4.85000 0.10000"
651,0.0000,Tx-Rx,0,-77.9755,"7.30900 2.93800 0.90000, 5.15000 -4.85000 0.10000"
652,0.0000,Tx-Rx,0,-76.4361,"7.30900 2.93800 0.90000, 5.45000 -4.85000 0.10000"
653,0.0000,Tx-Rx,0,-75.9381,"7.30900 2.93800 0.90000, 5.75000 -4.85000 0.10000"
654,0.0000,Tx-Rx,0,-74.9271,"7.30900 2.93800 0.90000, 6.05000 -4.85000 0.10000"
655,0.0000,Tx-Rx,0,-74.7609,"7.30900 2.93800 0.90000, 6.35000 -4.85000 0.10000"
656,0.0000,Tx-Rx,0,-75.8175,"7.30900 2.93800 0.90000, 6.65000 -4.85000 0.10000"
657,0.0000,Tx-Rx,0,-76.8279,"7.30900 2.93800 0.90000, 6.95000 -4.85000 0.10000"
658,0.0000,Tx-Rx,0,-77.1787,"7.30900 2.93800 0.90000, 7.25000 -4.85000 0.10000"
659,0.0000,Tx-Rx,0,-69.3524,"7.30900 2.93800 0.90000, 7.55000 -4.85000 0.10000"
660,0.0000,Tx-Rx,0,-79.0837,"7.30900 2.93800 0.90000, 7.85000 -4.85000 0.10000"
661,0.0000,Tx-Rx,0,-100.7420,"7.30900 2.93800 0.90000, -9.85000 -4.55000 0.10000"
662,0.0000,Tx-Rx,0,-93.7130,"7.30900 2.93800 0.90000, -9.55000 -4.55000 0.10000"
663,0.0000,Tx-Rx,0,-104.0638,"7.30900 2.93800 0.90000, -9.25000 -4.55000 0.10000"
664,0.0000,Tx-Rx,0,-98.0788,"7.30900 2.93800 0.90000, -8.95000 -4.55000 0.10000"
665,0.0000,Tx-Rx,0,-95.2654,"7.30900 2.93800 0.90000, -8.65000 -4.55000 0.10000"
666,0.0000,Tx-Rx,0,-112.1462,"7.30900 2.93800 0.90000, -8.35000 -4.55000 0.10000"
667,0.0000,Tx-Rx,0,-86.4280,"7.30900 2.93800 0.90000, -8.05000 -4.55000 0.10000"
668,0.0000,Tx-Rx,0,-82.1271,"7.30900 2.93800 0.90000, -7.75000 -4.55000 0.10000"
669,0.0000,Tx-Rx,0,-75.5237,"7.30900 2.93800 0.90000, -7.45000 -4.55000 0.10000"
670,0.0000,Tx-Rx,0,-73.4907,"7.30900 2.93800 0.90000, -7.15000 -4.55000 0.10000"
671,0.0000,Tx-Rx,0,-75.3304,"7.30900 2.93800 0.90000, -6.85000 -4.55000 0.10000"
672,0.0000,Tx-Rx,0,-75.9540,"7.30900 2.93800 0.90000, -6.55000 -4.55000 0.10000"
673,0.0000,Tx-Rx,0,-76.2238,"7.30900 2.93800 0.90000, -6.25000 -4.55000 0.10000"
674,0.0000,Tx-Rx,0,-77.3830,"7.30900 2.93800 0.90000, -5.95000 -4.55000 0.10000"
675,0.0000,Tx-Rx,0,-78.9351,"7.30900 2.93800 0.90000, -5.65000 -4.55000 0.10000"
676,0.0000,Tx-Rx,0,-76.4995,"7.30900 2.93800 0.90000, -5.35000 -4.55000 0.10000"
677,0.0000,Tx-Rx,0,-74.0742,"7.30900 2.93800 0.90000, -5.05000 -4.55000 0.10000"
678,0.0000,Tx-Rx,0,-74.7795,"7.30900 2.93800 0.90000, -4.75000 -4.55000 0.10000"
679,0.0000,Tx-Rx,0,-73.4750,"7.30900 2.93800 0.90000, -4.45000 -4.55000 0.10000"
680,0.0000,Tx-Rx,0,-73.8182,"7.30900 2.93800 0.90000, -4.15000 -4.55000 0.10000"
681,0.0000,Tx-Rx,0,-72.9874,"7.30900 2.93800 0.90000, -3.85000 -4.55000 0.10000"
682,0.0000,Tx-Rx,0,-73.0664,"7.30900 2.93800 0.90000, -3.55000 -4.55000 0.10000"
683,0.0000,Tx-Rx,0,-72.1417,"7.30900 2.93800 0.90000, -3.25000 -4.55000 0.10000"
684,0.0000,Tx-Rx,0,-71.1389,"7.30900 2.93800 0.90000, -2.95000 -4.55000 0.10000"
685,0.0000,Tx-Rx,0,-72.7051,"7.30900 2.93800 0.90000, -2.65000 -4.55000 0.10000"
686,0.0000,Tx-Rx,0,-72.8364,"7.30900 2.93800 0.90000, -2.35000 -4.55000 0.10000"
687,0.0000,Tx-Rx,0,-73.4650,"7.30900 2.93800 0.90000, -2.05000 -4.55000 0.10000"
688,0.0000,Tx-Rx,0,-73.2349,"7.30900 2.93800 0.90000, -1.75000 -4.55000 0.10000"
689,0.0000,Tx-Rx,0,-71.1853,"7.30900 2.93800 0.90000, -1.45000 -4.55000 0.10000"
690,0.0000,Tx-Rx,0,-73.1386,"7.30900 2.93800 0.90000, -1.15000 -4.55000 0.10000"
691,0.0000,Tx-Rx,0,-72.7519,"7.30900 2.93800 0.90000, -0.85000 -4.55000 0.10000"
692,0.0000,Tx-Rx,0,-74.0106,"7.30900 2.93800 0.90000, -0.55000 -4.55000 0.10000"
693,0.0000,Tx-Rx,0,-73.4431,"7.30900 2.93800 0.90000, -0.25000 -4.55000 0.10000"
694,0.0000,Tx-Rx,0,-59.8222,"7.30900 2.93800 0.90000, 0.05000 -4.55000 0.10000"
695,0.0000,Tx-Rx,0,-61.2478,"7.30900 2.93800 0.90000, 0.35000 -4.55000 0.10000"
696,0.0000,Tx-Rx,0,-62.4086,"7.30900 2.93800 0.90000, 0.65000 -4.55000 0.10000"
697,0.0000,Tx-Rx,0,-60.1639,"7.30900 2.93800 0.90000, 0.95000 -4.55000 0.10000"
698,0.0000,Tx-Rx,0,-61.2767,"7.30900 2.93800 0.90000, 1.25000 -4.55000 0.10000"
699,0.0000,Tx-Rx,0,-64.3564,"7.30900 2.93800 0.90000, 1.55000 -4.55000 0.10000"
700,0.0000,Tx-Rx,0,-64.7991,"7.30900 2.93800 0.90000, 1.85000 -4.55000 0.10000"
701,0.0000,Tx-Rx,0,-65.9361,"7.30900 2.93800 0.90000, 2.15000 -4.55000 0.10000"
702,0.0000,Tx-Rx,0,-68.7534,"7.30900 2.93800 0.90000, 2.45000 -4.55000 0.10000"
703,0.0000,Tx-Rx,0,-72.7521,"7.30900 2.93800 0.90000, 2.75000 -4.55000 0.10000"
704,0.0000,Tx-Rx,0,-71.9681,"7.30900 2.93800 0.90000, 3.05000 -4.55000 0.10000"
705,0.0000,Tx-Rx,0,-68.5065,"7.30900 2.93800 0.90000, 3.35000 -4.55000 0.10000"
706,0.0000,Tx-Rx,0,-69.0067,"7.30900 2.93800 0.90000, 3.65000 -4.55000 0.10000"
707,0.0000,Tx-Rx,0,-71.5278,"7.30900 2.93800 0.90000, 3.95000 -4.55000 0.10000"
708,0.0000,Tx-Rx,0,-74.3910,"7.30900 2.93800 0.90000, 4.25000 -4.55000 0.10000"
709,0.0000,Tx-Rx,0,-76.8074,"7.30900 2.93800 0.90000, 4.55000 -4.55000 0.10000"
710,0.0000,Tx-Rx,0,-78.4414,"7.30900 2.93800 0.90000, 4.85000 -4.55000 0.10000"
711,0.0000,Tx-Rx,0,-76.2166,"7.30900 2.93800 0.90000, 5.15000 -4.55000 0.10000"
712,0.0000,Tx-Rx,0,-75.3900,"7.30900 2.93800 0.90000, 5.45000 -4.55000 0.10000"
713,0.0000,Tx-Rx,0,-72.5796,"7.30900 2.93800 0.90000, 5.75000 -4.55000 0.10000"
714,0.0000,Tx-Rx,0,-72.9275,"7.30900 2.93800 0.90000, 6.05000 -4.55000 0.10000"
715,0.0000,Tx-Rx,0,-72.1121,"7.30900 2.93800 0.90000, 6.35000 -4.55000 0.10000"
716,0.0000,Tx-Rx,0,-72.1388,"7.30900 2.93800 0.90000, 6.65000 -4.55000 0.10000"
717,0.0000,Tx-Rx,0,-74.4767,"7.30900 2.93800 0.90000, 6.95000 -4.55000 0.10000"
718,0.0000,Tx-Rx,0,-74.2792,"7.30900 2.93800 0.90000, 7.25000 -4.55000 0.10000"
719,0.0000,Tx-Rx,0,-68.8741,"7.30900 2.93800 0.90000, 7.55000 -4.55000 0.10000"
720,0.0000,Tx-Rx,0,-73.1224,"7.30900 2.93800 0.90000, 7.85000 -4.55000 0.10000"
721,0.0000,Tx-Rx,0,-100.8448,"7.30900 2.93800 0.90000, -9.85000 -4.25000 0.10000"
722,0.0000,Tx-Rx,0,-101.5863,"7.30900 2.93800 0.90000, -9.55000 -4.25000 0.10000"
723,0.0000,Tx-Rx,0,-103.2514,"7.30900 2.93800 0.90000, -9.25000 -4.25000 0.10000"
724,0.0000,Tx-Rx,0,-94.8322,"7.30900 2.93800 0.90000, -8.95000 -4.25000 0.10000"
725,0.0000,Tx-Rx,0,-104.1571,"7.30900 2.93800 0.90000, -8.65000 -4.25000 0.10000"
726,0.0000,Tx-Rx,0,-92.2153,"7.30900 2.93800 0.90000, -8.35000 -4.25000 0.10000"
727,0.0000,Tx-Rx,0,-80.5910,"7.30900 2.93800 0.90000, -8.05000 -4.25000 0.10000"
728,0.0000,Tx-Rx,0,-74.5331,"7.30900 2.93800 0.90000, -7.75000 -4.25000 0.10000"
729,0.0000,Tx-Rx,0,-75.0829,"7.30900 2.93800 0.90000, -7.45000 -4.25000 0.10000"
730,0.0000,Tx-Rx,0,-77.9256,"7.30900 2.93800 0.90000, -7.15000 -4.25000 0.10000"
731,0.0000,Tx-Rx,0,-77.0936,"7.30900 2.93800 0.90000, -6.85000 -4.25000 0.10000"
732,0.0000,Tx-Rx,0,-77.6379,"7.30900 2.93800 0.90000, -6.55000 -4.25000 0.10000"
733,0.0000,Tx-Rx,0,-76.6235,"7.30900 2.93800 0.90000, -6.25000 -4.25000 0.10000"
734,0.0000,Tx-Rx,0,-74.1228,"7.30900 2.93800 0.90000, -5.95000 -4.25000 0.10000"
735,0.0000,Tx-Rx,0,-75.7006,"7.30900 2.93800 0.90000, -5.65000 -4.25000 0.10000"
736,0.0000,Tx-Rx,0,-76.6975,"7.30900 2.93800 0.90000, -5.35000 -4.25000 0.10000"
737,0.0000,Tx-Rx,0,-78.3620,"7.30900 2.93800 0.90000, -5.05000 -4.25000 0.10000"
738,0.0000,Tx-Rx,0,-73.9613,"7.30900 2.93800 0.90000, -4.75000 -4.25000 0.10000"
739,0.0000,Tx-Rx,0,-73.0512,"7.30900 2.93800 0.90000, -4.45000 -4.25000 0.10000"
740,0.0000,Tx-Rx,0,-72.9789,"7.30900 2.93800 0.90000, -4.15000 -4.25000 0.10000"
741,0.0000,Tx-Rx,0,-72.4100,"7.30900 2.93800 0.90000, -3.85000 -4.25000 0.10000"
742,0.0000,Tx-Rx,0,-71.8449,"7.30900 2.93800 0.90000, -3.55000 -4.25000 0.10000"
743,0.0000,Tx-Rx,0,-71.0728,"7.30900 2.93800 0.90000, -3.25000 -4.25000 0.10000"
744,0.0000,Tx-Rx,0,-71.2686,"7.30900 2.93800 0.90000, -2.95000 -4.25000 0.10000"
745,0.0000,Tx-Rx,0,-72.0951,"7.30900 2.93800 0.90000, -2.65000 -4.25000 0.10000"
746,0.0000,Tx-Rx,0,-71.9146,"7.30900 2.93800 0.90000, -2.35000 -4.25000 0.10000"
747,0.0000,Tx-Rx,0,-72.7771,"7.30900 2.93800 0.90000, -2.05000 -4.25000 0.10000"
748,0.0000,Tx-Rx,0,-72.0440,"7.30900 2.93800 0.90000, -1.75000 -4.25000 0.10000"
749,0.0000,Tx-Rx,0,-72.3458,"7.30900 2.93800 0.90000, -1.45000 -4.25000 0.10000"
750,0.0000,Tx-Rx,0,-73.1501,"7.30900 2.93800 0.90000, -1.15000 -4.25000 0.10000"
751,0.0000,Tx-Rx,0,-72.4426,"7.30900 2.93800 0.90000, -0.85000 -4.25000 0.10000"
752,0.0000,Tx-Rx,0,-71.1401,"7.30900 2.93800 0.90000, -0.55000 -4.25000 0.10000"
753,0.0000,Tx-Rx,0,-69.7205,"7.30900 2.93800 0.90000, -0.25000 -4.25000 0.10000"
754,0.0000,Tx-Rx,0,-59.7314,"7.30900 2.93800 0.90000, 0.05000 -4.25000 0.10000"
755,0.0000,Tx-Rx,0,-58.0188,"7.30900 2.93800 0.90000, 0.35000 -4.25000 0.10000"
756,0.0000,Tx-Rx,0,-59.9727,"7.30900 2.93800 0.90000, 0.65000 -4.25000 0.10000"
757,0.0000,Tx-Rx,0,-60.7636,"7.30900 2.93800 0.90000, 0.95000 -4.25000 0.10000"
758,0.0000,Tx-Rx,0,-62.3784,"7.30900 2.93800 0.90000, 1.25000 -4.25000 0.10000"
759,0.0000,Tx-Rx,0,-64.5803,"7.30900 2.93800 0.90000, 1.55000 -4.25000 0.10000"
760,0.0000,Tx-Rx,0,-64.7513,"7.30900 2.93800 0.90000, 1.85000 -4.25000 0.10000"
761,0.0000,Tx-Rx,0,-65.0854,"7.30900 2.93800 0.90000, 2.15000 -4.25000 0.10000"
762,0.0000,Tx-Rx,0,-67.4267,"7.30900 2.93800 0.90000, 2.45000 -4.25000 0.10000"
763,0.0000,Tx-Rx,0,-69.4953,"7.30900 2.93800 0.90000, 2.75000 -4.25000 0.10000"
764,0.0000,Tx-Rx,0,-67.2165,"7.30900 2.93800 0.90000, 3.05000 -4.25000 0.10000"
765,0.0000,Tx-Rx,0,-66.8594,"7.30900 2.93800 0.90000, 3.35000 -4.25000 0.10000"
766,0.0000,Tx-Rx,0,-67.1369,"7.30900 2.93800 0.90000, 3.65000 -4.25000 0.10000"
767,0.0000,Tx-Rx,0,-68.0782,"7.30900 2.93800 0.90000, 3.95000 -4.25000 0.10000"
768,0.0000,Tx-Rx,0,-68.5704,"7.30900 2.93800 0.90000, 4.25000 -4.25000 0.10000"
769,0.0000,Tx-Rx,0,-72.1856,"7.30900 2.93800 0.90000, 4.55000 -4.25000 0.10000"
770,0.0000,Tx-Rx,0,-73.7435,"7.30900 2.93800 0.90000, 4.85000 -4.25000 0.10000"
771,0.0000,Tx-Rx,0,-75.3154,"7.30900 2.93800 0.90000, 5.15000 -4.25000 0.10000"
772,0.0000,Tx-Rx,0,-72.4661,"7.30900 2.93800 0.90000, 5.45000 -4.25000 0.10000"
773,0.0000,Tx-Rx,0,-72.3478,"7.30900 2.93800 0.90000, 5.75000 -4.25000 0.10000"
774,0.0000,Tx-Rx,0,-71.1138,"7.30900 2.93800 0.90000, 6.05000 -4.25000 0.10000"
775,0.0000,Tx-Rx,0,-70.9077,"7.30900 2.93800 0.90000, 6.35000 -4.25000 0.10000"
776,0.0000,Tx-Rx,0,-72.9630,"7.30900 2.93800 0.90000, 6.65000 -4.25000 0.10000"
777,0.0000,Tx-Rx,0,-72.8241,"7.30900 2.93800 0.90000, 6.95000 -4.25000 0.10000"
778,0.0000,Tx-Rx,0,-72.8425,"7.30900 2.93800 0.90000, 7.25000 -4.25000 0.10000"
779,0.0000,Tx-Rx,0,-72.8085,"7.30900 2.93800 0.90000, 7.55000 -4.25000 0.10000"
780,0.0000,Tx-Rx,0,-72.8864,"7.30900 2.93800 0.90000, 7.85000 -4.25000 0.10000"
781,0.0000,Tx-Rx,0,-104.4969,"7.30900 2.93800 0.90000, -9.85000 -3.95000 0.10000"
782,0.0000,Tx-Rx,0,-97.0548,"7.30900 2.93800 0.90000, -9.55000 -3.95000 0.10000"
783,0.0000,Tx-Rx,0,-94.4339,"7.30900 2.93800 0.90000, -9.25000 -3.95000 0.10000"
784,0.0000,Tx-Rx,0,-99.9661,"7.30900 2.93800 0.90000, -8.95000 -3.95000 0.10000"
785,0.0000,Tx-Rx,0,-94.1865,"7.30900 2.93800 0.90000, -8.65000 -3.95000 0.10000"
786,0.0000,Tx-Rx,0,-97.0345,"7.30900 2.93800 0.90000, -8.35000 -3.95000 0.10000"
787,0.0000,Tx-Rx,0,-71.8057,"7.30900 2.93800 0.90000, -8.05000 -3.95000 0.10000"
788,0.0000,Tx-Rx,0,-67.5081,"7.30900 2.93800 0.90000, -7.75000 -3.95000 0.10000"
789,0.0000,Tx-Rx,0,-73.0909,"7.30900 2.93800 0.90000, -7.45000 -3.95000 0.10000"
790,0.0000,Tx-Rx,0,-77.4788,"7.30900 2.93800 0.90000, -7.15000 -3.95000 0.10000"
791,0.0000,Tx-Rx,0,-77.3005,"7.30900 2.93800 0.90000, -6.85000 -3.95000 0.10000"
792,0.0000,Tx-Rx,0,-78.3549,"7.30900 2.93800 0.90000, -6.55000 -3.95000 0.10000"
793,0.0000,Tx-Rx,0,-79.7646,"7.30900 2.93800 0.90000, -6.25000 -3.95000 0.10000"
794,0.0000,Tx-Rx,0,-78.1892,"7.30900 2.93800 0.90000, -5.95000 -3.95000 0.10000"
795,0.0000,Tx-Rx,0,-76.0017,"7.30900 2.93800 0.90000, -5.65000 -3.95000 0.10000"
796,0.0000,Tx-Rx,0,-75.8299,"7.30900 2.93800 0.90000, -5.35000 -3.95000 0.10000"
797,0.0000,Tx-Rx,0,-74.6128,"7.30900 2.93800 0.90000, -5.05000 -3.95000 0.10000"
798,0.0000,Tx-Rx,0,-73.1902,"7.30900 2.93800 0.90000, -4.75000 -3.95000 0.10000"
799,0.0000,Tx-Rx,0,-72.4402,"7.30900 2.93800 0.90000, -4.45000 -3.95000 0.10000"
800,0.0000,Tx-Rx,0,-72.6908,"7.30900 2.93800 0.90000, -4.15000 -3.95000 0.10000"
801,0.0000,Tx-Rx,0,-72.1816,"7.30900 2.93800 0.90000, -3.85000 -3.95000 0.10000"
802,0.0000,Tx-Rx,0,-71.5967,"7.30900 2.93800 0.90000, -3.55000 -3.95000 0.10000"
803,0.0000,Tx-Rx,0,-71.1191,"7.30900 2.93800 0.90000, -3.25000 -3.95000 0.10000"
804,0.0000,Tx-Rx,0,-70.7452,"7.30900 2.93800 0.90000, -2.95000 -3.95000 0.10000"
805,0.0000,Tx-Rx,0,-70.5367,"7.30900 2.93800 0.90000, -2.65000 -3.95000 0.10000"
806,0.0000,Tx-Rx,0,-71.7830,"7.30900 2.93800 0.90000, -2.35000 -3.95000 0.10000"
807,0.0000,Tx-Rx,0,-72.3696,"7.30900 2.93800 0.90000, -2.05000 -3.95000 0.10000"
808,0.0000,Tx-Rx,0,-73.5529,"7.30900 2.93800 0.90000, -1.75000 -3.95000 0.10000"
809,0.0000,Tx-Rx,0,-72.1197,"7.30900 2.93800 0.90000, -1.45000 -3.95000 0.10000"
810,0.0000,Tx-Rx,0,-71.3526,"7.30900 2.93800 0.90000, -1.15000 -3.95000 0.10000"
811,0.0000,Tx-Rx,0,-69.7407,"7.30900 2.93800 0.90000, -0.85000 -3.95000 0.10000"
812,0.0000,Tx-Rx,0,-66.4338,"7.30900 2.93800 0.90000, -0.55000 -3.95000 0.10000"
813,0.0000,Tx-Rx,0,-67.1392,"7.30900 2.93800 0.90000, -0.25000 -3.95000 0.10000"
814,0.0000,Tx-Rx,0,-58.8484,"7.30900 2.93800 0.90000, 0.05000 -3.95000 0.10000"
815,0.0000,Tx-Rx,0,-57.4543,"7.30900 2.93800 0.90000, 0.35000 -3.95000 0.10000"
816,0.0000,Tx-Rx,0,-57.6486,"7.30900 2.93800 0.90000, 0.65000 -3.95000 0.10000"
817,0.0000,Tx-Rx,0,-60.6466,"7.30900 2.93800 0.90000, 0.95000 -3.95000 0.10000"
818,0.0000,Tx-Rx,0,-61.7157,"7.30900 2.93800 0.90000, 1.25000 -3.95000 0.10000"
819,0.0000,Tx-Rx,0,-62.5346,"7.30900 2.93800 0.90000, 1.55000 -3.95000 0.10000"
820,0.0000,Tx-Rx,0,-63.0867,"7.30900 2.93800 0.90000, 1.85000 -3.95000 0.10000"
821,0.0000,Tx-Rx,0,-64.5361,"7.30900 2.93800 0.90000, 2.15000 -3.95000 0.10000"
822,0.0000,Tx-Rx,0,-64.0881,"7.30900 2.93800 0.90000, 2.45000 -3.95000 0.10000"
823,0.0000,Tx-Rx,0,-63.9546,"7.30900 2.93800 0.90000, 2.75000 -3.95000 0.10000"
824,0.0000,Tx-Rx,0,-64.5290,"7.30900 2.93800 0.90000, 3.05000 -3.95000 0.10000"
825,0.0000,Tx-Rx,0,-65.4748,"7.30900 2.93800 0.90000, 3.35000 -3.95000 0.10000"
826,0.0000,Tx-Rx,0,-62.6479,"7.30900 2.93800 0.90000, 3.65000 -3.95000 0.10000"
827,0.0000,Tx-Rx,0,-64.1026,"7.30900 2.93800 0.90000, 3.95000 -3.95000 0.10000"
828,0.0000,Tx-Rx,0,-63.9204,"7.30900 2.93800 0.90000, 4.25000 -3.95000 0.10000"
829,0.0000,Tx-Rx,0,-67.4185,"7.30900 2.93800 0.90000, 4.55000 -3.95000 0.10000"
830,0.0000,Tx-Rx,0,-70.3118,"7.30900 2.93800 0.90000, 4.85000 -3.95000 0.10000"
831,0.0000,Tx-Rx,0,-70.9313,"7.30900 2.93800 0.90000, 5.15000 -3.95000 0.10000"
832,0.0000,Tx-Rx,0,-71.6293,"7.30900 2.93800 0.90000, 5.45000 -3.95000 0.10000"
833,0.0000,Tx-Rx,0,-71.9383,"7.30900 2.93800 0.90000, 5.75000 -3.95000 0.10000"
834,0.0000,Tx-Rx,0,-68.4867,"7.30900 2.93800 0.90000, 6.05000 -3.95000 0.10000"
835,0.0000,Tx-Rx,0,-67.4811,"7.30900 2.93800 0.90000, 6.35000 -3.95000 0.10000"
836,0.0000,Tx-Rx,0,-67.5827,"7.30900 2.93800 0.90000, 6.65000 -3.95000 0.10000"
837,0.0000,Tx-Rx,0,-68.1096,"7.30900 2.93800 0.90000, 6.95000 -3.95000 0.10000"
838,0.0000,Tx-Rx,0,-68.6248,"7.30900 2.93800 0.90000, 7.25000 -3.95000 0.10000"
839,0.0000,Tx-Rx,0,-68.6247,"7.30900 2.93800 0.90000, 7.55000 -3.95000 0.10000"
840,0.0000,Tx-Rx,0,-69.1389,"7.30900 2.93800 0.90000, 7.85000 -3.95000 0.10000"
841,0.0000,Tx-Rx,0,-106.7904,"7.30900 2.93800 0.90000, -9.85000 -3.65000 0.10000"
842,0.0000,Tx-Rx,0,-96.2093,"7.30900 2.93800 0.90000, -9.55000 -3.65000 0.10000"
843,0.0000,Tx-Rx,0,-98.0035,"7.30900 2.93800 0.90000, -9.25000 -3.65000 0.10000"
844,0.0000,Tx-Rx,0,-100.2539,"7.30900 2.93800 0.90000, -8.95000 -3.65000 0.10000"
845,0.0000,Tx-Rx,0,-96.0764,"7.30900 2.93800 0.90000, -8.65000 -3.65000 0.10000"
846,0.0000,Tx-Rx,0,-99.7795,"7.30900 2.93800 0.90000, -8.35000 -3.65000 0.10000"
847,0.0000,Tx-Rx,0,-74.5286,"7.30900 2.93800 0.90000, -8.05000 -3.65000 0.10000"
848,0.0000,Tx-Rx,0,-69.6627,"7.30900 2.93800 0.90000, -7.75000 -3.65000 0.10000"
849,0.0000,Tx-Rx,0,-67.1258,"7.30900 2.93800 0.90000, -7.45000 -3.65000 0.10000"
850,0.0000,Tx-Rx,0,-68.2828,"7.30900 2.93800 0.90000, -7.15000 -3.65000 0.10000"
851,0.0000,Tx-Rx,0,-77.9017,"7.30900 2.93800 0.90000, -6.85000 -3.65000 0.10000"
852,0.0000,Tx-Rx,0,-79.9186,"7.30900 2.93800 0.90000, -6.55000 -3.65000 0.10000"
853,0.0000,Tx-Rx,0,-78.4201,"7.30900 2.93800 0.90000, -6.25000 -3.65000 0.10000"
854,0.0000,Tx-Rx,0,-75.2892,"7.30900 2.93800 0.90000, -5.95000 -3.65000 0.10000"
855,0.0000,Tx-Rx,0,-76.1687,"7.30900 2.93800 0.90000, -5.65000 -3.65000 0.10000"
856,0.0000,Tx-Rx,0,-75.6380,"7.30900 2.93800 0.90000, -5.35000 -3.65000 0.10000"
857,0.0000,Tx-Rx,0,-73.6269,"7.30900 2.93800 0.90000, -5.05000 -3.65000 0.10000"
858,0.0000,Tx-Rx,0,-74.6817,"7.30900 2.93800 0.90000, -4.75000 -3.65000 0.10000"
859,0.0000,Tx-Rx,0,-72.1114,"7.30900 2.93800 0.90000, -4.45000 -3.65000 0.10000"
860,0.0000,Tx-Rx,0,-70.6542,"7.30900 2.93800 0.90000, -4.15000 -3.65000 0.10000"
861,0.0000,Tx-Rx,0,-70.1992,"7.30900 2.93800 0.90000, -3.85000 -3.65000 0.10000"
862,0.0000,Tx-Rx,0,-69.8045,"7.30900 2.93800 0.90000, -3.55000 -3.65000 0.10000"
863,0.0000,Tx-Rx,0,-69.7748,"7.30900 2.93800 0.90000, -3.25000 -3.65000 0.10000"
864,0.0000,Tx-Rx,0,-71.0225,"7.30900 2.93800 0.90000, -2.95000 -3.65000 0.10000"
865,0.0000,Tx-Rx,0,-71.4909,"7.30900 2.93800 0.90000, -2.65000 -3.65000 0.10000"
866,0.0000,Tx-Rx,0,-72.5789,"7.30900 2.93800 0.90000, -2.35000 -3.65000 0.10000"
867,0.0000,Tx-Rx,0,-72.5604,"7.30900 2.93800 0.90000, -2.05000 -3.65000 0.10000"
868,0.0000,Tx-Rx,0,-70.3764,"7.30900 2.93800 0.90000, -1.75000 -3.65000 0.10000"
869,0.0000,Tx-Rx,0,-67.7936,"7.30900 2.93800 0.90000, -1.45000 -3.65000 0.10000"
870,0.0000,Tx-Rx,0,-68.4646,"7.30900 2.93800 0.90000, -1.15000 -3.65000 0.10000"
871,0.0000,Tx-Rx,0,-67.8865,"7.30900 2.93800 0.90000, -0.85000 -3.65000 0.10000"
872,0.0000,Tx-Rx,0,-65.9744,"7.30900 2.93800 0.90000, -0.55000 -3.65000 0.10000"
873,0.0000,Tx-Rx,0,-66.6952,"7.30900 2.93800 0.90000, -0.25000 -3.65000 0.10000"
874,0.0000,Tx-Rx,0,-57.2989,"7.30900 2.93800 0.90000, 0.05000 -3.65000 0.10000"
875,0.0000,Tx-Rx,0,-57.4831,"7.30900 2.93800 0.90000, 0.35000 -3.65000 0.10000"
876,0.0000,Tx-Rx,0,-57.7611,"7.30900 2.93800 0.90000, 0.65000 -3.65000 0.10000"
877,0.0000,Tx-Rx,0,-58.1783,"7.30900 2.93800 0.90000, 0.95000 -3.65000 0.10000"
878,0.0000,Tx-Rx,0,-60.9771,"7.30900 2.93800 0.90000, 1.25000 -3.65000 0.10000"
879,0.0000,Tx-Rx,0,-63.0114,"7.30900 2.93800 0.90000, 1.55000 -3.65000 0.10000"
880,0.0000,Tx-Rx,0,-64.6530,"7.30900 2.93800 0.90000, 1.85000 -3.65000 0.10000"
881,0.0000,Tx-Rx,0,-65.4460,"7.30900 2.93800 0.90000, 2.15000 -3.65000 0.10000"
882,0.0000,Tx-Rx,0,-65.6068,"7.30900 2.93800 0.90000, 2.45000 -3.65000 0.10000"
883,0.0000,Tx-Rx,0,-65.0399,"7.30900 2.93800 0.90000, 2.75000 -3.65000 0.10000"
884,0.0000,Tx-Rx,0,-65.4921,"7.30900 2.93800 0.90000, 3.05000 -3.65000 0.10000"
885,0.0000,Tx-Rx,0,-66.9359,"7.30900 2.93800 0.90000, 3.35000 -3.65000 0.10000"
886,0.0000,Tx-Rx,0,-64.4155,"7.30900 2.93800 0.90000, 3.65000 -3.65000 0.10000"
887,0.0000,Tx-Rx,0,-63.2828,"7.30900 2.93800 0.90000, 3.95000 -3.65000 0.10000"
888,0.0000,Tx-Rx,0,-63.8307,"7.30900 2.93800 0.90000, 4.25000 -3.65000 0.10000"
889,0.0000,Tx-Rx,0,-64.4359,"7.30900 2.93800 0.90000, 4.55000 -3.65000 0.10000"
890,0.0000,Tx-Rx,0,-68.1873,"7.30900 2.93800 0.90000, 4.85000 -3.65000 0.10000"
891,0.0000,Tx-Rx,0,-70.5628,"7.30900 2.93800 0.90000, 5.15000 -3.65000 0.10000"
892,0.0000,Tx-Rx,0,-71.2612,"7.30900 2.93800 0.90000, 5.45000 -3.65000 0.10000"
893,0.0000,Tx-Rx,0,-71.9437,"7.30900 2.93800 0.90000, 5.75000 -3.65000 0.10000"
894,0.0000,Tx-Rx,0,-65.3845,"7.30900 2.93800 0.90000, 6.05000 -3.65000 0.10000"
895,0.0000,Tx-Rx,0,-64.2712,"7.30900 2.93800 0.90000, 6.35000 -3.65000 0.10000"
896,0.0000,Tx-Rx,0,-65.0368,"7.30900 2.93800 0.90000, 6.65000 -3.65000 0.10000"
897,0.0000,Tx-Rx,0,-65.4145,"7.30900 2.93800 0.90000, 6.95000 -3.65000 0.10000"
898,0.0000,Tx-Rx,0,-65.9790,"7.30900 2.93800 0.90000, 7.25000 -3.65000 0.10000"
899,0.0000,Tx-Rx,0,-66.1063,"7.30900 2.93800 0.90000, 7.55000 -3.65000 0.10000"
900,0.0000,Tx-Rx,0,-66.0257,"7.30900 2.93800 0.90000, 7.85000 -3.65000 0.10000"
901,0.0000,Tx-Rx,0,-92.1284,"7.30900 2.93800 0.90000, -9.85000 -3.35000 0.10000"
902,0.0000,Tx-Rx,0,-92.5867,"7.30900 2.93800 0.90000, -9.55000 -3.35000 0.10000"
903,0.0000,Tx-Rx,0,-99.4024,"7.30900 2.93800 0.90000, -9.25000 -3.35000 0.10000"
904,0.0000,Tx-Rx,0,-109.0160,"7.30900 2.93800 0.90000, -8.95000 -3.35000 0.10000"
905,0.0000,Tx-Rx,0,-99.1840,"7.30900 2.93800 0.90000, -8.65000 -3.35000 0.10000"
906,0.0000,Tx-Rx,0,-94.5811,"7.30900 2.93800 0.90000, -8.35000 -3.35000 0.10000"
907,0.0000,Tx-Rx,0,-74.1979,"7.30900 2.93800 0.90000, -8.05000 -3.35000 0.10000"
908,0.0000,Tx-Rx,0,-69.6507,"7.30900 2.93800 0.90000, -7.75000 -3.35000 0.10000"
909,0.0000,Tx-Rx,0,-69.0049,"7.30900 2.93800 0.90000, -7.45000 -3.35000 0.10000"
910,0.0000,Tx-Rx,0,-69.1086,"7.30900 2.93800 0.90000, -7.15000 -3.35000 0.10000"
911,0.0000,Tx-Rx,0,-67.0120,"7.30900 2.93800 0.90000, -6.85000 -3.35000 0.10000"
912,0.0000,Tx-Rx,0,-70.0329,"7.30900 2.93800 0.90000, -6.55000 -3.35000 0.10000"
913,0.0000,Tx-Rx,0,-74.4236,"7.30900 2.93800 0.90000, -6.25000 -3.35000 0.10000"
914,0.0000,Tx-Rx,0,-73.5148,"7.30900 2.93800 0.90000, -5.95000 -3.35000 0.10000"
915,0.0000,Tx-Rx,0,-74.0855,"7.30900 2.93800 0.90000, -5.65000 -3.35000 0.10000"
916,0.0000,Tx-Rx,0,-74.1486,"7.30900 2.93800 0.90000, -5.35000 -3.35000 0.10000"
917,0.0000,Tx-Rx,0,-73.2779,"7.30900 2.93800 0.90000, -5.05000 -3.35000 0.10000"
918,0.0000,Tx-Rx,0,-72.8794,"7.30900 2.93800 0.90000, -4.75000 -3.35000 0.10000"
919,0.0000,Tx-Rx,0,-72.3714,"7.30900 2.93800 0.90000, -4.45000 -3.35000 0.10000"
920,0.0000,Tx-Rx,0,-71.0176,"7.30900 2.93800 0.90000, -4.15000 -3.35000 0.10000"
921,0.0000,Tx-Rx,0,-70.5981,"7.30900 2.93800 0.90000, -3.85000 -3.35000 0.10000"
922,0.0000,Tx-Rx,0,-69.8130,"7.30900 2.93800 0.90000, -3.55000 -3.35000 0.10000"
923,0.0000,Tx-Rx,0,-69.1685,"7.30900 2.93800 0.90000, -3.25000 -3.35000 0.10000"
924,0.0000,Tx-Rx,0,-69.7894,"7.30900 2.93800 0.90000, -2.95000 -3.35000 0.10000"
925,0.0000,Tx-Rx,0,-69.6491,"7.30900 2.93800 0.90000, -2.65000 -3.35000 0.10000"
926,0.0000,Tx-Rx,0,-68.0239,"7.30900 2.93800 0.90000, -2.35000 -3.35000 0.10000"
927,0.0000,Tx-Rx,0,-67.9360,"7.30900 2.93800 0.90000, -2.05000 -3.35000 0.10000"
928,0.0000,Tx-Rx,0,-66.4535,"7.30900 2.93800 0.90000, -1.75000 -3.35000 0.10000"
929,0.0000,Tx-Rx,0,-66.4210,"7.30900 2.93800 0.90000, -1.45000 -3.35000 0.10000"
930,0.0000,Tx-Rx,0,-66.2895,"7.30900 2.93800 0.90000, -1.15000 -3.35000 0.10000"
931,0.0000,Tx-Rx,0,-66.8235,"7.30900 2.93800 0.90000, -0.85000 -3.35000 0.10000"
932,0.0000,Tx-Rx,0,-67.3235,"7.30900 2.93800 0.90000, -0.55000 -3.35000 0.10000"
933,0.0000,Tx-Rx,0,-68.5870,"7.30900 2.93800 0.90000, -0.25000 -3.35000 0.10000"
934,0.0000,Tx-Rx,0,-57.8255,"7.30900 2.93800 0.90000, 0.05000 -3.35000 0.10000"
935,0.0000,Tx-Rx,0,-55.4623,"7.30900 2.93800 0.90000, 0.35000 -3.35000 0.10000"
936,0.0000,Tx-Rx,0,-57.2868,"7.30900 2.93800 0.90000, 0.65000 -3.35000 0.10000"
937,0.0000,Tx-Rx,0,-57.4211,"7.30900 2.93800 0.90000, 0.95000 -3.35000 0.10000"
938,0.0000,Tx-Rx,0,-58.1732,"7.30900 2.93800 0.90000, 1.25000 -3.35000 0.10000"
939,0.0000,Tx-Rx,0,-60.6134,"7.30900 2.93800 0.90000, 1.55000 -3.35000 0.10000"
940,0.0000,Tx-Rx,0,-64.6124,"7.30900 2.93800 0.90000, 1.85000 -3.35000 0.10000"
941,0.0000,Tx-Rx,0,-65.0500,"7.30900 2.93800 0.90000, 2.15000 -3.35000 0.10000"
942,0.0000,Tx-Rx,0,-65.5415,"7.30900 2.93800 0.90000, 2.45000 -3.35000 0.10000"
943,0.0000,Tx-Rx,0,-66.3710,"7.30900 2.93800 0.90000, 2.75000 -3.35000 0.10000"
944,0.0000,Tx-Rx,0,-65.6483,"7.30900 2.93800 0.90000, 3.05000 -3.35000 0.10000"
945,0.0000,Tx-Rx,0,-66.7089,"7.30900 2.93800 0.90000, 3.35000 -3.35000 0.10000"
946,0.0000,Tx-Rx,0,-66.5744,"7.30900 2.93800 0.90000, 3.65000 -3.35000 0.10000"
947,0.0000,Tx-Rx,0,-64.7291,"7.30900 2.93800 0.90000, 3.95000 -3.35000 0.10000"
948,0.0000,Tx-Rx,0,-66.0515,"7.30900 2.93800 0.90000, 4.25000 -3.35000 0.10000"
949,0.0000,Tx-Rx,0,-64.9521,"7.30900 2.93800 0.90000, 4.55000 -3.35000 0.10000"
950,0.0000,Tx-Rx,0,-67.3082,"7.30900 2.93800 0.90000, 4.85000 -3.35000 0.10000"
951,0.0000,Tx-Rx,0,-71.6823,"7.30900 2.93800 0.90000, 5.15000 -3.35000 0.10000"
952,0.0000,Tx-Rx,0,-71.5599,"7.30900 2.93800 0.90000, 5.45000 -3.35000 0.10000"
953,0.0000,Tx-Rx,0,-70.5643,"7.30900 2.93800 0.90000, 5.75000 -3.35000 0.10000"
954,0.0000,Tx-Rx,0,-64.7421,"7.30900 2.93800 0.90000, 6.05000 -3.35000 0.10000"
955,0.0000,Tx-Rx,0,-63.4577,"7.30900 2.93800 0.90000, 6.35000 -3.35000 0.10000"
956,0.0000,Tx-Rx,0,-64.2665,"7.30900 2.93800 0.90000, 6.65000 -3.35000 0.10000"
957,0.0000,Tx-Rx,0,-64.7914,"7.30900 2.93800 0.90000, 6.95000 -3.35000 0.10000"
958,0.0000,Tx-Rx,0,-65.2829,"7.30900 2.93800 0.90000, 7.25000 -3.35000 0.10000"
959,0.0000,Tx-Rx,0,-65.3131,"7.30900 2.93800 0.90000, 7.55000 -3.35000 0.10000"
960,0.0000,Tx-Rx,0,-65.1827,"7.30900 2.93800 0.90000, 7.85000 -3.35000 0.10000"
961,0.0000,Tx-Rx,0,-78.0400,"7.30900 2.93800 0.90000, -9.85000 -3.05000 0.10000"
962,0.0000,Tx-Rx,0,-73.2940,"7.30900 2.93800 0.90000, -9.55000 -3.05000 0.10000"
963,0.0000,Tx-Rx,0,-68.3731,"7.30900 2.93800 0.90000, -9.25000 -3.05000 0.10000"
964,0.0000,Tx-Rx,0,-67.9447,"7.30900 2.93800 0.90000, -8.95000 -3.05000 0.10000"
965,0.0000,Tx-Rx,0,-73.9437,"7.30900 2.93800 0.90000, -8.65000 -3.05000 0.10000"
966,0.0000,Tx-Rx,0,-73.8275,"7.30900 2.93800 0.90000, -8.35000 -3.05000 0.10000"
967,0.0000,Tx-Rx,0,-72.5645,"7.30900 2.93800 0.90000, -8.05000 -3.05000 0.10000"
968,0.0000,Tx-Rx,0,-69.4441,"7.30900 2.93800 0.90000, -7.75000 -3.05000 0.10000"
969,0.0000,Tx-Rx,0,-69.1334,"7.30900 2.93800 0.90000, -7.45000 -3.05000 0.10000"
970,0.0000,Tx-Rx,0,-68.7576,"7.30900 2.93800 0.90000, -7.15000 -3.05000 0.10000"
971,0.0000,Tx-Rx,0,-68.2190,"7.30900 2.93800 0.90000, -6.85000 -3.05000 0.10000"
972,0.0000,Tx-Rx,0,-67.0918,"7.30900 2.93800 0.90000, -6.55000 -3.05000 0.10000"
973,0.0000,Tx-Rx,0,-65.8273,"7.30900 2.93800 0.90000, -6.25000 -3.05000 0.10000"
974,0.0000,Tx-Rx,0,-68.3755,"7.30900 2.93800 0.90000, -5.95000 -3.05000 0.10000"
975,0.0000,Tx-Rx,0,-70.1368,"7.30900 2.93800 0.90000, -5.65000 -3.05000 0.10000"
976,0.0000,Tx-Rx,0,-70.7825,"7.30900 2.93800 0.90000, -5.35000 -3.05000 0.10000"
977,0.0000,Tx-Rx,0,-71.9169,"7.30900 2.93800 0.90000, -5.05000 -3.05000 0.10000"
978,0.0000,Tx-Rx,0,-71.8303,"7.30900 2.93800 0.90000, -4.75000 -3.05000 0.10000"
979,0.0000,Tx-Rx,0,-71.6309,"7.30900 2.93800 0.90000, -4.45000 -3.05000 0.10000"
980,0.0000,Tx-Rx,0,-70.3784,"7.30900 2.93800 0.90000, -4.15000 -3.05000 0.10000"
981,0.0000,Tx-Rx,0,-69.0228,"7.30900 2.93800 0.90000, -3.85000 -3.05000 0.10000"
982,0.0000,Tx-Rx,0,-68.7077,"7.30900 2.93800 0.90000, -3.55000 -3.05000 0.10000"
983,0.0000,Tx-Rx,0,-68.4129,"7.30900 2.93800 0.90000, -3.25000 -3.05000 0.10000"
984,0.0000,Tx-Rx,0,-66.7561,"7.30900 2.93800 0.90000, -2.95000 -3.05000 0.10000"
985,0.0000,Tx-Rx,0,-66.1734,"7.30900 2.93800 0.90000, -2.65000 -3.05000 0.10000"
986,0.0000,Tx-Rx,0,-65.9265,"7.30900 2.93800 0.90000, -2.35000 -3.05000 0.10000"
987,0.0000,Tx-Rx,0,-66.7438,"7.30900 2.93800 0.90000, -2.05000 -3.05000 0.10000"
988,0.0000,Tx-Rx,0,-66.4335,"7.30900 2.93800 0.90000, -1.75000 -3.05000 0.10000"
989,0.0000,Tx-Rx,0,-67.3663,"7.30900 2.93800 0.90000, -1.45000 -3.05000 0.10000"
990,0.0000,Tx-Rx,0,-67.0711,"7.30900 2.93800 0.90000, -1.15000 -3.05000 0.10000"
991,0.0000,Tx-Rx,0,-68.0958,"7.30900 2.93800 0.90000, -0.85000 -3.05000 0.10000"
992,0.0000,Tx-Rx,0,-68.7504,"7.30900 2.93800 0.90000, -0.55000 -3.05000 0.10000"
993,0.0000,Tx-Rx,0,-69.2845,"7.30900 2.93800 0.90000, -0.25000 -3.05000 0.10000"
994,0.0000,Tx-Rx,0,-60.3004,"7.30900 2.93800 0.90000, 0.05000 -3.05000 0.10000"
995,0.0000,Tx-Rx,0,-57.2484,"7.30900 2.93800 0.90000, 0.35000 -3.05000 0.10000"
996,0.0000,Tx-Rx,0,-55.5885,"7.30900 2.93800 0.90000, 0.65000 -3.05000 0.10000"
997,0.0000,Tx-Rx,0,-57.0306,"7.30900 2.93800 0.90000, 0.95000 -3.05000 0.10000"
998,0.0000,Tx-Rx,0,-56.8952,"7.30900 2.93800 0.90000, 1.25000 -3.05000 0.10000"
999,0.0000,Tx-Rx,0,-56.9901,"7.30900 2.93800 0.90000, 1.55000 -3.05000 0.10000"
1000,0.0000,Tx-Rx,0,-61.8008,"7.30900 2.93800 0.90000, 1.85000 -3.05000 0.10000"
1001,0.0000,Tx-Rx,0,-65.3276,"7.30900 2.93800 0.90000, 2.15000 -3.05000 0.10000"
1002,0.0000,Tx-Rx,0,-65.3016,"7.30900 2.93800 0.90000, 2.45000 -3.05000 0.10000"
1003,0.0000,Tx-Rx,0,-65.9616,"7.30900 2.93800 0.90000, 2.75000 -3.05000 0.10000"
1004,0.0000,Tx-Rx,0,-65.7832,"7.30900 2.93800 0.90000, 3.05000 -3.05000 0.10000"
1005,0.0000,Tx-Rx,0,-68.3250,"7.30900 2.93800 0.90000, 3.35000 -3.05000 0.10000"
1006,0.0000,Tx-Rx,0,-68.2013,"7.30900 2.93800 0.90000, 3.65000 -3.05000 0.10000"
1007,0.0000,Tx-Rx,0,-66.7569,"7.30900 2.93800 0.90000, 3.95000 -3.05000 0.10000"
1008,0.0000,Tx-Rx,0,-67.8478,"7.30900 2.93800 0.90000, 4.25000 -3.05000 0.10000"
1009,0.0000,Tx-Rx,0,-67.6617,"7.30900 2.93800 0.90000, 4.55000 -3.05000 0.10000"
1010,0.0000,Tx-Rx,0,-66.8079,"7.30900 2.93800 0.90000, 4.85000 -3.05000 0.10000"
1011,0.0000,Tx-Rx,0,-69.1809,"7.30900 2.93800 0.90000, 5.15000 -3.05000 0.10000"
1012,0.0000,Tx-Rx,0,-70.7464,"7.30900 2.93800 0.90000, 5.45000 -3.05000 0.10000"
1013,0.0000,Tx-Rx,0,-70.6653,"7.30900 2.93800 0.90000, 5.75000 -3.05000 0.10000"
1014,0.0000,Tx-Rx,0,-64.3588,"7.30900 2.93800 0.90000, 6.05000 -3.05000 0.10000"
1015,0.0000,Tx-Rx,0,-63.7256,"7.30900 2.93800 0.90000, 6.35000 -3.05000 0.10000"
1016,0.0000,Tx-Rx,0,-64.0636,"7.30900 2.93800 0.90000, 6.65000 -3.05000 0.10000"
1017,0.0000,Tx-Rx,0,-64.0806,"7.30900 2.93800 0.90000, 6.95000 -3.05000 0.10000"
1018,0.0000,Tx-Rx,0,-64.2797,"7.30900 2.93800 0.90000, 7.25000 -3.05000 0.10000"
1019,0.0000,Tx-Rx,0,-64.1503,"7.30900 2.93800 0.90000, 7.55000 -3.05000 0.10000"
1020,0.0000,Tx-Rx,0,-63.6601,"7.30900 2.93800 0.90000, 7.85000 -3.05000 0.10000"
1021,0.0000,Tx-Rx,0,-69.4940,"7.30900 2.93800 0.90000, -9.85000 -2.75000 0.10000"
1022,0.0000,Tx-Rx,0,-68.1635,"7.30900 2.93800 0.90000, -9.55000 -2.75000 0.10000"
1023,0.0000,Tx-Rx,0,-68.6393,"7.30900 2.93800 0.90000, -9.25000 -2.75000 0.10000"
1024,0.0000,Tx-Rx,0,-66.1428,"7.30900 2.93800 0.90000, -8.95000 -2.75000 0.10000"
1025,0.0000,Tx-Rx,0,-64.3919,"7.30900 2.93800 0.90000, -8.65000 -2.75000 0.10000"
1026,0.0000,Tx-Rx,0,-66.3962,"7.30900 2.93800 0.90000, -8.35000 -2.75000 0.10000"
1027,0.0000,Tx-Rx,0,-69.3531,"7.30900 2.93800 0.90000, -8.05000 -2.75000 0.10000"
1028,0.0000,Tx-Rx,0,-69.2148,"7.30900 2.93800 0.90000, -7.75000 -2.75000 0.10000"
1029,0.0000,Tx-Rx,0,-67.6185,"7.30900 2.93800 0.90000, -7.45000 -2.75000 0.10000"
1030,0.0000,Tx-Rx,0,-66.2841,"7.30900 2.93800 0.90000, -7.15000 -2.75000 0.10000"
1031,0.0000,Tx-Rx,0,-66.2725,"7.30900 2.93800 0.90000, -6.85000 -2.75000 0.10000"
1032,0.0000,Tx-Rx,0,-65.8057,"7.30900 2.93800 0.90000, -6.55000 -2.75000 0.10000"
1033,0.0000,Tx-Rx,0,-66.2087,"7.30900 2.93800 0.90000, -6.25000 -2.75000 0.10000"
1034,0.0000,Tx-Rx,0,-65.1511,"7.30900 2.93800 0.90000, -5.95000 -2.75000 0.10000"
1035,0.0000,Tx-Rx,0,-65.7750,"7.30900 2.93800 0.90000, -5.65000 -2.75000 0.10000"
1036,0.0000,Tx-Rx,0,-69.0033,"7.30900 2.93800 0.90000, -5.35000 -2.75000 0.10000"
1037,0.0000,Tx-Rx,0,-69.8143,"7.30900 2.93800 0.90000, -5.05000 -2.75000 0.10000"
1038,0.0000,Tx-Rx,0,-70.7261,"7.30900 2.93800 0.90000, -4.75000 -2.75000 0.10000"
1039,0.0000,Tx-Rx,0,-70.9269,"7.30900 2.93800 0.90000, -4.45000 -2.75000 0.10000"
1040,0.0000,Tx-Rx,0,-71.2331,"7.30900 2.93800 0.90000, -4.15000 -2.75000 0.10000"
1041,0.0000,Tx-Rx,0,-67.2417,"7.30900 2.93800 0.90000, -3.85000 -2.75000 0.10000"
1042,0.0000,Tx-Rx,0,-66.1786,"7.30900 2.93800 0.90000, -3.55000 -2.75000 0.10000"
1043,0.0000,Tx-Rx,0,-65.2121,"7.30900 2.93800 0.90000, -3.25000 -2.75000 0.10000"
1044,0.0000,Tx-Rx,0,-65.0584,"7.30900 2.93800 0.90000, -2.95000 -2.75000 0.10000"
1045,0.0000,Tx-Rx,0,-65.7885,"7.30900 2.93800 0.90000, -2.65000 -2.75000 0.10000"
1046,0.0000,Tx-Rx,0,-65.8259,"7.30900 2.93800 0.90000, -2.35000 -2.75000 0.10000"
1047,0.0000,Tx-Rx,0,-66.7525,"7.30900 2.93800 0.90000, -2.05000 -2.75000 0.10000"
1048,0.0000,Tx-Rx,0,-68.6389,"7.30900 2.93800 0.90000, -1.75000 -2.75000 0.10000"
1049,0.0000,Tx-Rx,0,-71.2992,"7.30900 2.93800 0.90000, -1.45000 -2.75000 0.10000"
1050,0.0000,Tx-Rx,0,-71.4443,"7.30900 2.93800 0.90000, -1.15000 -2.75000 0.10000"
1051,0.0000,Tx-Rx,0,-69.9037,"7.30900 2.93800 0.90000, -0.85000 -2.75000 0.10000"
1052,0.0000,Tx-Rx,0,-68.7549,"7.30900 2.93800 0.90000, -0.55000 -2.75000 0.10000"
1053,0.0000,Tx-Rx,0,-69.1292,"7.30900 2.93800 0.90000, -0.25000 -2.75000 0.10000"
1054,0.0000,Tx-Rx,0,-60.1573,"7.30900 2.93800 0.90000, 0.05000 -2.75000 0.10000"
1055,0.0000,Tx-Rx,0,-58.5759,"7.30900 2.93800 0.90000, 0.35000 -2.75000 0.10000"
1056,0.0000,Tx-Rx,0,-57.6363,"7.30900 2.93800 0.90000, 0.65000 -2.75000 0.10000"
1057,0.0000,Tx-Rx,0,-56.5698,"7.30900 2.93800 0.90000, 0.95000 -2.75000 0.10000"
1058,0.0000,Tx-Rx,0,-57.8016,"7.30900 2.93800 0.90000, 1.25000 -2.75000 0.10000"
1059,0.0000,Tx-Rx,0,-57.4032,"7.30900 2.93800 0.90000, 1.55000 -2.75000 0.10000"
1060,0.0000,Tx-Rx,0,-58.7332,"7.30900 2.93800 0.90000, 1.85000 -2.75000 0.10000"
1061,0.0000,Tx-Rx,0,-63.5951,"7.30900 2.93800 0.90000, 2.15000 -2.75000 0.10000"
1062,0.0000,Tx-Rx,0,-64.8062,"7.30900 2.93800 0.90000, 2.45000 -2.75000 0.10000"
1063,0.0000,Tx-Rx,0,-63.6717,"7.30900 2.93800 0.90000, 2.75000 -2.75000 0.10000"
1064,0.0000,Tx-Rx,0,-64.3411,"7.30900 2.93800 0.90000, 3.05000 -2.75000 0.10000"
1065,0.0000,Tx-Rx,0,-64.0288,"7.30900 2.93800 0.90000, 3.35000 -2.75000 0.10000"
1066,0.0000,Tx-Rx,0,-63.9113,"7.30900 2.93800 0.90000, 3.65000 -2.75000 0.10000"
1067,0.0000,Tx-Rx,0,-63.6948,"7.30900 2.93800 0.90000, 3.95000 -2.75000 0.10000"
1068,0.0000,Tx-Rx,0,-61.5557,"7.30900 2.93800 0.90000, 4.25000 -2.75000 0.10000"
1069,0.0000,Tx-Rx,0,-62.4508,"7.30900 2.93800 0.90000, 4.55000 -2.75000 0.10000"
1070,0.0000,Tx-Rx,0,-62.1332,"7.30900 2.93800 0.90000, 4.85000 -2.75000 0.10000"
1071,0.0000,Tx-Rx,0,-66.1630,"7.30900 2.93800 0.90000, 5.15000 -2.75000 0.10000"
1072,0.0000,Tx-Rx,0,-69.0756,"7.30900 2.93800 0.90000, 5.45000 -2.75000 0.10000"
1073,0.0000,Tx-Rx,0,-71.7804,"7.30900 2.93800 0.90000, 5.75000 -2.75000 0.10000"
1074,0.0000,Tx-Rx,0,-63.7731,"7.30900 2.93800 0.90000, 6.05000 -2.75000 0.10000"
1075,0.0000,Tx-Rx,0,-63.5056,"7.30900 2.93800 0.90000, 6.35000 -2.75000 0.10000"
1076,0.0000,Tx-Rx,0,-63.3819,"7.30900 2.93800 0.90000, 6.65000 -2.75000 0.10000"
1077,0.0000,Tx-Rx,0,-63.2877,"7.30900 2.93800 0.90000, 6.95000 -2.75000 0.10000"
1078,0.0000,Tx-Rx,0,-62.7426,"7.30900 2.93800 0.90000, 7.25000 -2.75000 0.10000"
1079,0.0000,Tx-Rx,0,-61.9078,"7.30900 2.93800 0.90000, 7.55000 -2.75000 0.10000"
1080,0.0000,Tx-Rx,0,-61.5245,"7.30900 2.93800 0.90000, 7.85000 -2.75000 0.10000"
1081,0.0000,Tx-Rx,0,-62.0326,"7.30900 2.93800 0.90000, -9.85000 -2.45000 0.10000"
1082,0.0000,Tx-Rx,0,-64.6209,"7.30900 2.93800 0.90000, -9.55000 -2.45000 0.10000"
1083,0.0000,Tx-Rx,0,-64.8809,"7.30900 2.93800 0.90000, -9.25000 -2.45000 0.10000"
1084,0.0000,Tx-Rx,0,-64.9559,"7.30900 2.93800 0.90000, -8.95000 -2.45000 0.10000"
1085,0.0000,Tx-Rx,0,-64.0889,"7.30900 2.93800 0.90000, -8.65000 -2.45000 0.10000"
1086,0.0000,Tx-Rx,0,-62.4718,"7.30900 2.93800 0.90000, -8.35000 -2.45000 0.10000"
1087,0.0000,Tx-Rx,0,-62.7339,"7.30900 2.93800 0.90000, -8.05000 -2.45000 0.10000"
1088,0.0000,Tx-Rx,0,-63.7769,"7.30900 2.93800 0.90000, -7.75000 -2.45000 0.10000"
1089,0.0000,Tx-Rx,0,-65.1694,"7.30900 2.93800 0.90000, -7.45000 -2.45000 0.10000"
1090,0.0000,Tx-Rx,0,-65.2944,"7.30900 2.93800 0.90000, -7.15000 -2.45000 0.10000"
1091,0.0000,Tx-Rx,0,-65.1745,"7.30900 2.93800 0.90000, -6.85000 -2.45000 0.10000"
1092,0.0000,Tx-Rx,0,-65.4777,"7.30900 2.93800 0.90000, -6.55000 -2.45000 0.10000"
1093,0.0000,Tx-Rx,0,-65.7470,"7.30900 2.93800 0.90000, -6.25000 -2.45000 0.10000"
1094,0.0000,Tx-Rx,0,-65.4213,"7.30900 2.93800 0.90000, -5.95000 -2.45000 0.10000"
1095,0.0000,Tx-Rx,0,-65.6758,"7.30900 2.93800 0.90000, -5.65000 -2.45000 0.10000"
1096,0.0000,Tx-Rx,0,-64.9233,"7.30900 2.93800 0.90000, -5.35000 -2.45000 0.10000"
1097,0.0000,Tx-Rx,0,-67.0523,"7.30900 2.93800 0.90000, -5.05000 -2.45000 0.10000"
1098,0.0000,Tx-Rx,0,-70.0013,"7.30900 2.93800 0.90000, -4.75000 -2.45000 0.10000"
1099,0.0000,Tx-Rx,0,-67.2984,"7.30900 2.93800 0.90000, -4.45000 -2.45000 0.10000"
1100,0.0000,Tx-Rx,0,-66.1916,"7.30900 2.93800 0.90000, -4.15000 -2.45000 0.10000"
1101,0.0000,Tx-Rx,0,-66.0017,"7.30900 2.93800 0.90000, -3.85000 -2.45000 0.10000"
1102,0.0000,Tx-Rx,0,-65.7936,"7.30900 2.93800 0.90000, -3.55000 -2.45000 0.10000"
1103,0.0000,Tx-Rx,0,-66.5566,"7.30900 2.93800 0.90000, -3.25000 -2.45000 0.10000"
1104,0.0000,Tx-Rx,0,-66.6699,"7.30900 2.93800 0.90000, -2.95000 -2.45000 0.10000"
1105,0.0000,Tx-Rx,0,-67.2410,"7.30900 2.93800 0.90000, -2.65000 -2.45000 0.10000"
1106,0.0000,Tx-Rx,0,-68.9230,"7.30900 2.93800 0.90000, -2.35000 -2.45000 0.10000"
1107,0.0000,Tx-Rx,0,-69.4057,"7.30900 2.93800 0.90000, -2.05000 -2.45000 0.10000"
1108,0.0000,Tx-Rx,0,-69.5347,"7.30900 2.93800 0.90000, -1.75000 -2.45000 0.10000"
1109,0.0000,Tx-Rx,0,-69.0493,"7.30900 2.93800 0.90000, -1.45000 -2.45000 0.10000"
1110,0.0000,Tx-Rx,0,-69.2190,"7.30900 2.93800 0.90000, -1.15000 -2.45000 0.10000"
1111,0.0000,Tx-Rx,0,-68.9204,"7.30900 2.93800 0.90000, -0.85000 -2.45000 0.10000"
1112,0.0000,Tx-Rx,0,-68.1797,"7.30900 2.93800 0.90000, -0.55000 -2.45000 0.10000"
1113,0.0000,Tx-Rx,0,-66.9261,"7.30900 2.93800 0.90000, -0.25000 -2.45000 0.10000"
1114,0.0000,Tx-Rx,0,-59.9612,"7.30900 2.93800 0.90000, 0.05000 -2.45000 0.10000"
1115,0.0000,Tx-Rx,0,-58.5814,"7.30900 2.93800 0.90000, 0.35000 -2.45000 0.10000"
1116,0.0000,Tx-Rx,0,-58.5153,"7.30900 2.93800 0.90000, 0.65000 -2.45000 0.10000"
1117,0.0000,Tx-Rx,0,-58.9364,"7.30900 2.93800 0.90000, 0.95000 -2.45000 0.10000"
1118,0.0000,Tx-Rx,0,-61.5947,"7.30900 2.93800 0.90000, 1.25000 -2.45000 0.10000"
1119,0.0000,Tx-Rx,0,-61.6971,"7.30900 2.93800 0.90000, 1.55000 -2.45000 0.10000"
1120,0.0000,Tx-Rx,0,-61.2675,"7.30900 2.93800 0.90000, 1.85000 -2.45000 0.10000"
1121,0.0000,Tx-Rx,0,-61.1268,"7.30900 2.93800 0.90000, 2.15000 -2.45000 0.10000"
1122,0.0000,Tx-Rx,0,-58.6254,"7.30900 2.93800 0.90000, 2.45000 -2.45000 0.10000"
1123,0.0000,Tx-Rx,0,-57.2271,"7.30900 2.93800 0.90000, 2.75000 -2.45000 0.10000"
1124,0.0000,Tx-Rx,0,-56.0105,"7.30900 2.93800 0.90000, 3.05000 -2.45000 0.10000"
1125,0.0000,Tx-Rx,0,-55.9626,"7.30900 2.93800 0.90000, 3.35000 -2.45000 0.10000"
1126,0.0000,Tx-Rx,0,-55.5884,"7.30900 2.93800 0.90000, 3.65000 -2.45000 0.10000"
1127,0.0000,Tx-Rx,0,-55.5909,"7.30900 2.93800 0.90000, 3.95000 -2.45000 0.10000"
1128,0.0000,Tx-Rx,0,-54.3067,"7.30900 2.93800 0.90000, 4.25000 -2.45000 0.10000"
1129,0.0000,Tx-Rx,0,-55.2957,"7.30900 2.93800 0.90000, 4.55000 -2.45000 0.10000"
1130,0.0000,Tx-Rx,0,-56.5534,"7.30900 2.93800 0.90000, 4.85000 -2.45000 0.10000"
1131,0.0000,Tx-Rx,0,-61.9722,"7.30900 2.93800 0.90000, 5.15000 -2.45000 0.10000"
1132,0.0000,Tx-Rx,0,-68.6605,"7.30900 2.93800 0.90000, 5.45000 -2.45000 0.10000"
1133,0.0000,Tx-Rx,0,-70.1191,"7.30900 2.93800 0.90000, 5.75000 -2.45000 0.10000"
1134,0.0000,Tx-Rx,0,-62.1339,"7.30900 2.93800 0.90000, 6.05000 -2.45000 0.10000"
1135,0.0000,Tx-Rx,0,-62.3844,"7.30900 2.93800 0.90000, 6.35000 -2.45000 0.10000"
1136,0.0000,Tx-Rx,0,-61.5760,"7.30900 2.93800 0.90000, 6.65000 -2.45000 0.10000"
1137,0.0000,Tx-Rx,0,-61.1037,"7.30900 2.93800 0.90000, 6.95000 -2.45000 0.10000"
1138,0.0000,Tx-Rx,0,-61.1432,"7.30900 2.93800 0.90000, 7.25000 -2.45000 0.10000"
1139,0.0000,Tx-Rx,0,-61.1577,"7.30900 2.93800 0.90000, 7.55000 -2.45000 0.10000"
1140,0.0000,Tx-Rx,0,-61.1033,"7.30900 2.93800 0.90000, 7.85000 -2.45000 0.10000"
1141,0.0000,Tx-Rx,0,-56.2807,"7.30900 2.93800 0.90000, -9.85000 -2.15000 0.10000"
1142,0.0000,Tx-Rx,0,-57.1588,"7.30900 2.93800 0.90000, -9.55000 -2.15000 0.10000"
1143,0.0000,Tx-Rx,0,-58.1044,"7.30900 2.93800 0.90000, -9.25000 -2.15000 0.10000"
1144,0.0000,Tx-Rx,0,-59.6427,"7.30900 2.93800 0.90000, -8.95000 -2.15000 0.10000"
1145,0.0000,Tx-Rx,0,-61.0990,"7.30900 2.93800 0.90000, -8.65000 -2.15000 0.10000"
1146,0.0000,Tx-Rx,0,-60.6867,"7.30900 2.93800 0.90000, -8.35000 -2.15000 0.10000"
1147,0.0000,Tx-Rx,0,-60.3531,"7.30900 2.93800 0.90000, -8.05000 -2.15000 0.10000"
1148,0.0000,Tx-Rx,0,-61.0684,"7.30900 2.93800 0.90000, -7.75000 -2.15000 0.10000"
1149,0.0000,Tx-Rx,0,-61.9493,"7.30900 2.93800 0.90000, -7.45000 -2.15000 0.10000"
1150,0.0000,Tx-Rx,0,-63.6303,"7.30900 2.93800 0.90000, -7.15000 -2.15000 0.10000"
1151,0.0000,Tx-Rx,0,-66.0597,"7.30900 2.93800 0.90000, -6.85000 -2.15000 0.10000"
1152,0.0000,Tx-Rx,0,-66.1295,"7.30900 2.93800 0.90000, -6.55000 -2.15000 0.10000"
1153,0.0000,Tx-Rx,0,-65.4918,"7.30900 2.93800 0.90000, -6.25000 -2.15000 0.10000"
1154,0.0000,Tx-Rx,0,-65.2474,"7.30900 2.93800 0.90000, -5.95000 -2.15000 0.10000"
1155,0.0000,Tx-Rx,0,-65.5515,"7.30900 2.93800 0.90000, -5.65000 -2.15000 0.10000"
1156,0.0000,Tx-Rx,0,-65.5837,"7.30900 2.93800 0.90000, -5.35000 -2.15000 0.10000"
1157,0.0000,Tx-Rx,0,-64.4942,"7.30900 2.93800 0.90000, -5.05000 -2.15000 0.10000"
1158,0.0000,Tx-Rx,0,-64.0832,"7.30900 2.93800 0.90000, -4.75000 -2.15000 0.10000"
1159,0.0000,Tx-Rx,0,-65.3973,"7.30900 2.93800 0.90000, -4.45000 -2.15000 0.10000"
1160,0.0000,Tx-Rx,0,-66.0520,"7.30900 2.93800 0.90000, -4.15000 -2.15000 0.10000"
1161,0.0000,Tx-Rx,0,-66.4490,"7.30900 2.93800 0.90000, -3.85000 -2.15000 0.10000"
1162,0.0000,Tx-Rx,0,-66.2749,"7.30900 2.93800 0.90000, -3.55000 -2.15000 0.10000"
1163,0.0000,Tx-Rx,0,-67.9001,"7.30900 2.93800 0.90000, -3.25000 -2.15000 0.10000"
1164,0.0000,Tx-Rx,0,-69.4285,"7.30900 2.93800 0.90000, -2.95000 -2.15000 0.10000"
1165,0.0000,Tx-Rx,0,-69.7717,"7.30900 2.93800 0.90000, -2.65000 -2.15000 0.10000"
1166,0.0000,Tx-Rx,0,-68.7556,"7.30900 2.93800 0.90000, -2.35000 -2.15000 0.10000"
1167,0.0000,Tx-Rx,0,-68.8598,"7.30900 2.93800 0.90000, -2.05000 -2.15000 0.10000"
1168,0.0000,Tx-Rx,0,-67.9864,"7.30900 2.93800 0.90000, -1.75000 -2.15000 0.10000"
1169,0.0000,Tx-Rx,0,-67.5122,"7.30900 2.93800 0.90000, -1.45000 -2.15000 0.10000"
1170,0.0000,Tx-Rx,0,-66.5703,"7.30900 2.93800 0.90000, -1.15000 -2.15000 0.10000"
1171,0.0000,Tx-Rx,0,-66.5028,"7.30900 2.93800 0.90000, -0.85000 -2.15000 0.10000"
1172,0.0000,Tx-Rx,0,-65.5877,"7.30900 2.93800 0.90000, -0.55000 -2.15000 0.10000"
1173,0.0000,Tx-Rx,0,-63.2977,"7.30900 2.93800 0.90000, -0.25000 -2.15000 0.10000"
1174,0.0000,Tx-Rx,0,-60.1695,"7.30900 2.93800 0.90000, 0.05000 -2.15000 0.10000"
1175,0.0000,Tx-Rx,0,-58.6813,"7.30900 2.93800 0.90000, 0.35000 -2.15000 0.10000"
1176,0.0000,Tx-Rx,0,-58.4921,"7.30900 2.93800 0.90000, 0.65000 -2.15000 0.10000"
1177,0.0000,Tx-Rx,0,-58.5321,"7.30900 2.93800 0.90000, 0.95000 -2.15000 0.10000"
1178,0.0000,Tx-Rx,0,-58.9381,"7.30900 2.93800 0.90000, 1.25000 -2.15000 0.10000"
1179,0.0000,Tx-Rx,0,-62.1680,"7.30900 2.93800 0.90000, 1.55000 -2.15000 0.10000"
1180,0.0000,Tx-Rx,0,-61.9730,"7.30900 2.93800 0.90000, 1.85000 -2.15000 0.10000"
1181,0.0000,Tx-Rx,0,-61.5724,"7.30900 2.93800 0.90000, 2.15000 -2.15000 0.10000"
1182,0.0000,Tx-Rx,0,-60.3296,"7.30900 2.93800 0.90000, 2.45000 -2.15000 0.10000"
1183,0.0000,Tx-Rx,0,-56.7474,"7.30900 2.93800 0.90000, 2.75000 -2.15000 0.10000"
1184,0.0000,Tx-Rx,0,-56.0481,"7.30900 2.93800 0.90000, 3.05000 -2.15000 0.10000"
1185,0.0000,Tx-Rx,0,-55.9495,"7.30900 2.93800 0.90000, 3.35000 -2.15000 0.10000"
1186,0.0000,Tx-Rx,0,-55.4017,"7.30900 2.93800 0.90000, 3.65000 -2.15000 0.10000"
1187,0.0000,Tx-Rx,0,-55.3253,"7.30900 2.93800 0.90000, 3.95000 -2.15000 0.10000"
1188,0.0000,Tx-Rx,0,-55.0985,"7.30900 2.93800 0.90000, 4.25000 -2.15000 0.10000"
1189,0.0000,Tx-Rx,0,-53.3915,"7.30900 2.93800 0.90000, 4.55000 -2.15000 0.10000"
1190,0.0000,Tx-Rx,0,-55.2136,"7.30900 2.93800 0.90000, 4.85000 -2.15000 0.10000"
1191,0.0000,Tx-Rx,0,-56.2979,"7.30900 2.93800 0.90000, 5.15000 -2.15000 0.10000"
1192,0.0000,Tx-Rx,0,-59.2759,"7.30900 2.93800 0.90000, 5.45000 -2.15000 0.10000"
1193,0.0000,Tx-Rx,0,-59.2135,"7.30900 2.93800 0.90000, 5.75000 -2.15000 0.10000"
1194,0.0000,Tx-Rx,0,-58.8140,"7.30900 2.93800 0.90000, 6.05000 -2.15000 0.10000"
1195,0.0000,Tx-Rx,0,-59.8508,"7.30900 2.93800 0.90000, 6.35000 -2.15000 0.10000"
1196,0.0000,Tx-Rx,0,-60.6735,"7.30900 2.93800 0.90000, 6.65000 -2.15000 0.10000"
1197,0.0000,Tx-Rx,0,-60.6166,"7.30900 2.93800 0.90000, 6.95000 -2.15000 0.10000"
1198,0.0000,Tx-Rx,0,-60.7933,"7.30900 2.93800 0.90000, 7.25000 -2.15000 0.10000"
1199,0.0000,Tx-Rx,0,-60.6556,"7.30900 2.93800 0.90000, 7.55000 -2.15000 0.10000"
1200,0.0000,Tx-Rx,0,-60.6148,"7.30900 2.93800 0.90000, 7.85000 -2.15000 0.10000"
1201,0.0000,Tx-Rx,0,-55.6732,"7.30900 2.93800 0.90000, -9.85000 -1.85000 0.10000"
1202,0.0000,Tx-Rx,0,-54.8557,"7.30900 2.93800 0.90000, -9.55000 -1.85000 0.10000"
1203,0.0000,Tx-Rx,0,-55.1138,"7.30900 2.93800 0.90000, -9.25000 -1.85000 0.10000"
1204,0.0000,Tx-Rx,0,-55.0180,"7.30900 2.93800 0.90000, -8.95000 -1.85000 0.10000"
1205,0.0000,Tx-Rx,0,-56.7327,"7.30900 2.93800 0.90000, -8.65000 -1.85000 0.10000"
1206,0.0000,Tx-Rx,0,-57.8758,"7.30900 2.93800 0.90000, -8.35000 -1.85000 0.10000"
1207,0.0000,Tx-Rx,0,-59.5109,"7.30900 2.93800 0.90000, -8.05000 -1.85000 0.10000"
1208,0.0000,Tx-Rx,0,-60.7862,"7.30900 2.93800 0.90000, -7.75000 -1.85000 0.10000"
1209,0.0000,Tx-Rx,0,-60.3396,"7.30900 2.93800 0.90000, -7.45000 -1.85000 0.10000"
1210,0.0000,Tx-Rx,0,-60.2728,"7.30900 2.93800 0.90000, -7.15000 -1.85000 0.10000"
1211,0.0000,Tx-Rx,0,-61.3689,"7.30900 2.93800 0.90000, -6.85000 -1.85000 0.10000"
1212,0.0000,Tx-Rx,0,-63.3990,"7.30900 2.93800 0.90000, -6.55000 -1.85000 0.10000"
1213,0.0000,Tx-Rx,0,-66.1865,"7.30900 2.93800 0.90000, -6.25000 -1.85000 0.10000"
1214,0.0000,Tx-Rx,0,-66.3948,"7.30900 2.93800 0.90000, -5.95000 -1.85000 0.10000"
1215,0.0000,Tx-Rx,0,-66.1101,"7.30900 2.93800 0.90000, -5.65000 -1.85000 0.10000"
1216,0.0000,Tx-Rx,0,-64.8248,"7.30900 2.93800 0.90000, -5.35000 -1.85000 0.10000"
1217,0.0000,Tx-Rx,0,-64.7430,"7.30900 2.93800 0.90000, -5.05000 -1.85000 0.10000"
1218,0.0000,Tx-Rx,0,-64.5982,"7.30900 2.93800 0.90000, -4.75000 -1.85000 0.10000"
1219,0.0000,Tx-Rx,0,-63.7850,"7.30900 2.93800 0.90000, -4.45000 -1.85000 0.10000"
1220,0.0000,Tx-Rx,0,-64.5292,"7.30900 2.93800 0.90000, -4.15000 -1.85000 0.10000"
1221,0.0000,Tx-Rx,0,-68.3815,"7.30900 2.93800 0.90000, -3.85000 -1.85000 0.10000"
1222,0.0000,Tx-Rx,0,-70.1014,"7.30900 2.93800 0.90000, -3.55000 -1.85000 0.10000"
1223,0.0000,Tx-Rx,0,-70.6226,"7.30900 2.93800 0.90000, -3.25000 -1.85000 0.10000"
1224,0.0000,Tx-Rx,0,-67.3156,"7.30900 2.93800 0.90000, -2.95000 -1.85000 0.10000"
1225,0.0000,Tx-Rx,0,-64.4643,"7.30900 2.93800 0.90000, -2.65000 -1.85000 0.10000"
1226,0.0000,Tx-Rx,0,-64.3431,"7.30900 2.93800 0.90000, -2.35000 -1.85000 0.10000"
1227,0.0000,Tx-Rx,0,-63.4819,"7.30900 2.93800 0.90000, -2.05000 -1.85000 0.10000"
1228,0.0000,Tx-Rx,0,-63.4788,"7.30900 2.93800 0.90000, -1.75000 -1.85000 0.10000"
1229,0.0000,Tx-Rx,0,-65.4571,"7.30900 2.93800 0.90000, -1.45000 -1.85000 0.10000"
1230,0.0000,Tx-Rx,0,-67.0197,"7.30900 2.93800 0.90000, -1.15000 -1.85000 0.10000"
1231,0.0000,Tx-Rx,0,-66.8311,"7.30900 2.93800 0.90000, -0.85000 -1.85000 0.10000"
1232,0.0000,Tx-Rx,0,-67.7173,"7.30900 2.93800 0.90000, -0.55000 -1.85000 0.10000"
1233,0.0000,Tx-Rx,0,-71.4773,"7.30900 2.93800 0.90000, -0.25000 -1.85000 0.10000"
1234,0.0000,Tx-Rx,0,-60.1647,"7.30900 2.93800 0.90000, 0.05000 -1.85000 0.10000"
1235,0.0000,Tx-Rx,0,-58.3604,"7.30900 2.93800 0.90000, 0.35000 -1.85000 0.10000"
1236,0.0000,Tx-Rx,0,-58.2428,"7.30900 2.93800 0.90000, 0.65000 -1.85000 0.10000"
1237,0.0000,Tx-Rx,0,-58.1729,"7.30900 2.93800 0.90000, 0.95000 -1.85000 0.10000"
1238,0.0000,Tx-Rx,0,-58.5382,"7.30900 2.93800 0.90000, 1.25000 -1.85000 0.10000"
1239,0.0000,Tx-Rx,0,-59.3936,"7.30900 2.93800 0.90000, 1.55000 -1.85000 0.10000"
1240,0.0000,Tx-Rx,0,-61.9399,"7.30900 2.93800 0.90000, 1.85000 -1.85000 0.10000"
1241,0.0000,Tx-Rx,0,-59.5761,"7.30900 2.93800 0.90000, 2.15000 -1.85000 0.10000"
1242,0.0000,Tx-Rx,0,-58.5301,"7.30900 2.93800 0.90000, 2.45000 -1.85000 0.10000"
1243,0.0000,Tx-Rx,0,-58.0329,"7.30900 2.93800 0.90000, 2.75000 -1.85000 0.10000"
1244,0.0000,Tx-Rx,0,-55.7550,"7.30900 2.93800 0.90000, 3.05000 -1.85000 0.10000"
1245,0.0000,Tx-Rx,0,-54.9655,"7.30900 2.93800 0.90000, 3.35000 -1.85000 0.10000"
1246,0.0000,Tx-Rx,0,-54.9901,"7.30900 2.93800 0.90000, 3.65000 -1.85000 0.10000"
1247,0.0000,Tx-Rx,0,-54.6585,"7.30900 2.93800 0.90000, 3.95000 -1.85000 0.10000"
1248,0.0000,Tx-Rx,0,-54.4217,"7.30900 2.93800 0.90000, 4.25000 -1.85000 0.10000"
1249,0.0000,Tx-Rx,0,-54.7927,"7.30900 2.93800 0.90000, 4.55000 -1.85000 0.10000"
1250,0.0000,Tx-Rx,0,-56.0292,"7.30900 2.93800 0.90000, 4.85000 -1.85000 0.10000"
1251,0.0000,Tx-Rx,0,-56.8321,"7.30900 2.93800 0.90000, 5.15000 -1.85000 0.10000"
1252,0.0000,Tx-Rx,0,-57.2210,"7.30900 2.93800 0.90000, 5.45000 -1.85000 0.10000"
1253,0.0000,Tx-Rx,0,-57.9323,"7.30900 2.93800 0.90000, 5.75000 -1.85000 0.10000"
1254,0.0000,Tx-Rx,0,-58.0709,"7.30900 2.93800 0.90000, 6.05000 -1.85000 0.10000"
1255,0.0000,Tx-Rx,0,-58.2004,"7.30900 2.93800 0.90000, 6.35000 -1.85000 0.10000"
1256,0.0000,Tx-Rx,0,-59.8766,"7.30900 2.93800 0.90000, 6.65000 -1.85000 0.10000"
1257,0.0000,Tx-Rx,0,-59.9736,"7.30900 2.93800 0.90000, 6.95000 -1.85000 0.10000"
1258,0.0000,Tx-Rx,0,-60.0788,"7.30900 2.93800 0.90000, 7.25000 -1.85000 0.10000"
1259,0.0000,Tx-Rx,0,-59.9957,"7.30900 2.93800 0.90000, 7.55000 -1.85000 0.10000"
1260,0.0000,Tx-Rx,0,-60.0456,"7.30900 2.93800 0.90000, 7.85000 -1.85000 0.10000"
1261,0.0000,Tx-Rx,0,-54.8499,"7.30900 2.93800 0.90000, -9.85000 -1.55000 0.10000"
1262,0.0000,Tx-Rx,0,-54.7076,"7.30900 2.93800 0.90000, -9.55000 -1.55000 0.10000"
1263,0.0000,Tx-Rx,0,-55.0846,"7.30900 2.93800 0.90000, -9.25000 -1.55000 0.10000"
1264,0.0000,Tx-Rx,0,-54.9753,"7.30900 2.93800 0.90000, -8.95000 -1.55000 0.10000"
1265,0.0000,Tx-Rx,0,-55.0425,"7.30900 2.93800 0.90000, -8.65000 -1.55000 0.10000"
1266,0.0000,Tx-Rx,0,-54.8152,"7.30900 2.93800 0.90000, -8.35000 -1.55000 0.10000"
1267,0.0000,Tx-Rx,0,-55.1182,"7.30900 2.93800 0.90000, -8.05000 -1.55000 0.10000"
1268,0.0000,Tx-Rx,0,-55.6988,"7.30900 2.93800 0.90000, -7.75000 -1.55000 0.10000"
1269,0.0000,Tx-Rx,0,-57.2752,"7.30900 2.93800 0.90000, -7.45000 -1.55000 0.10000"
1270,0.0000,Tx-Rx,0,-58.7302,"7.30900 2.93800 0.90000, -7.15000 -1.55000 0.10000"
1271,0.0000,Tx-Rx,0,-60.5302,"7.30900 2.93800 0.90000, -6.85000 -1.55000 0.10000"
1272,0.0000,Tx-Rx,0,-61.9657,"7.30900 2.93800 0.90000, -6.55000 -1.55000 0.10000"
1273,0.0000,Tx-Rx,0,-62.2312,"7.30900 2.93800 0.90000, -6.25000 -1.55000 0.10000"
1274,0.0000,Tx-Rx,0,-62.8414,"7.30900 2.93800 0.90000, -5.95000 -1.55000 0.10000"
1275,0.0000,Tx-Rx,0,-63.8656,"7.30900 2.93800 0.90000, -5.65000 -1.55000 0.10000"
1276,0.0000,Tx-Rx,0,-63.4694,"7.30900 2.93800 0.90000, -5.35000 -1.55000 0.10000"
1277,0.0000,Tx-Rx,0,-64.0515,"7.30900 2.93800 0.90000, -5.05000 -1.55000 0.10000"
1278,0.0000,Tx-Rx,0,-64.6565,"7.30900 2.93800 0.90000, -4.75000 -1.55000 0.10000"
1279,0.0000,Tx-Rx,0,-64.9877,"7.30900 2.93800 0.90000, -4.45000 -1.55000 0.10000"
1280,0.0000,Tx-Rx,0,-62.5926,"7.30900 2.93800 0.90000, -4.15000 -1.55000 0.10000"
1281,0.0000,Tx-Rx,0,-60.5205,"7.30900 2.93800 0.90000, -3.85000 -1.55000 0.10000"
1282,0.0000,Tx-Rx,0,-60.3437,"7.30900 2.93800 0.90000, -3.55000 -1.55000 0.10000"
1283,0.0000,Tx-Rx,0,-60.4116,"7.30900 2.93800 0.90000, -3.25000 -1.55000 0.10000"
1284,0.0000,Tx-Rx,0,-60.5244,"7.30900 2.93800 0.90000, -2.95000 -1.55000 0.10000"
1285,0.0000,Tx-Rx,0,-62.4218,"7.30900 2.93800 0.90000, -2.65000 -1.55000 0.10000"
1286,0.0000,Tx-Rx,0,-64.1917,"7.30900 2.93800 0.90000, -2.35000 -1.55000 0.10000"
1287,0.0000,Tx-Rx,0,-67.1401,"7.30900 2.93800 0.90000, -2.05000 -1.55000 0.10000"
1288,0.0000,Tx-Rx,0,-71.6371,"7.30900 2.93800 0.90000, -1.75000 -1.55000 0.10000"
1289,0.0000,Tx-Rx,0,-72.6164,"7.30900 2.93800 0.90000, -1.45000 -1.55000 0.10000"
1290,0.0000,Tx-Rx,0,-78.1485,"7.30900 2.93800 0.90000, -1.15000 -1.55000 0.10000"
1291,0.0000,Tx-Rx,0,-80.6021,"7.30900 2.93800 0.90000, -0.85000 -1.55000 0.10000"
1292,0.0000,Tx-Rx,0,-76.0899,"7.30900 2.93800 0.90000, -0.55000 -1.55000 0.10000"
1293,0.0000,Tx-Rx,0,-73.0473,"7.30900 2.93800 0.90000, -0.25000 -1.55000 0.10000"
1294,0.0000,Tx-Rx,0,-59.7369,"7.30900 2.93800 0.90000, 0.05000 -1.55000 0.10000"
1295,0.0000,Tx-Rx,0,-58.0014,"7.30900 2.93800 0.90000, 0.35000 -1.55000 0.10000"
1296,0.0000,Tx-Rx,0,-57.9054,"7.30900 2.93800 0.90000, 0.65000 -1.55000 0.10000"
1297,0.0000,Tx-Rx,0,-57.9536,"7.30900 2.93800 0.90000, 0.95000 -1.55000 0.10000"
1298,0.0000,Tx-Rx,0,-58.1868,"7.30900 2.93800 0.90000, 1.25000 -1.55000 0.10000"
1299,0.0000,Tx-Rx,0,-58.3452,"7.30900 2.93800 0.90000, 1.55000 -1.55000 0.10000"
1300,0.0000,Tx-Rx,0,-58.7164,"7.30900 2.93800 0.90000, 1.85000 -1.55000 0.10000"
1301,0.0000,Tx-Rx,0,-58.2577,"7.30900 2.93800 0.90000, 2.15000 -1.55000 0.10000"
1302,0.0000,Tx-Rx,0,-57.4194,"7.30900 2.93800 0.90000, 2.45000 -1.55000 0.10000"
1303,0.0000,Tx-Rx,0,-57.1825,"7.30900 2.93800 0.90000, 2.75000 -1.55000 0.10000"
1304,0.0000,Tx-Rx,0,-56.6780,"7.30900 2.93800 0.90000, 3.05000 -1.55000 0.10000"
1305,0.0000,Tx-Rx,0,-55.3948,"7.30900 2.93800 0.90000, 3.35000 -1.55000 0.10000"
1306,0.0000,Tx-Rx,0,-55.0908,"7.30900 2.93800 0.90000, 3.65000 -1.55000 0.10000"
1307,0.0000,Tx-Rx,0,-54.7255,"7.30900 2.93800 0.90000, 3.95000 -1.55000 0.10000"
1308,0.0000,Tx-Rx,0,-54.6485,"7.30900 2.93800 0.90000, 4.25000 -1.55000 0.10000"
1309,0.0000,Tx-Rx,0,-54.9979,"7.30900 2.93800 0.90000, 4.55000 -1.55000 0.10000"
1310,0.0000,Tx-Rx,0,-55.0328,"7.30900 2.93800 0.90000, 4.85000 -1.55000 0.10000"
1311,0.0000,Tx-Rx,0,-56.5436,"7.30900 2.93800 0.90000, 5.15000 -1.55000 0.10000"
1312,0.0000,Tx-Rx,0,-56.4252,"7.30900 2.93800 0.90000, 5.45000 -1.55000 0.10000"
1313,0.0000,Tx-Rx,0,-57.6371,"7.30900 2.93800 0.90000, 5.75000 -1.55000 0.10000"
1314,0.0000,Tx-Rx,0,-57.6424,"7.30900 2.93800 0.90000, 6.05000 -1.55000 0.10000"
1315,0.0000,Tx-Rx,0,-57.4895,"7.30900 2.93800 0.90000, 6.35000 -1.55000 0.10000"
1316,0.0000,Tx-Rx,0,-58.7372,"7.30900 2.93800 0.90000, 6.65000 -1.55000 0.10000"
1317,0.0000,Tx-Rx,0,-59.6749,"7.30900 2.93800 0.90000, 6.95000 -1.55000 0.10000"
1318,0.0000,Tx-Rx,0,-59.8625,"7.30900 2.93800 0.90000, 7.25000 -1.55000 0.10000"
1319,0.0000,Tx-Rx,0,-59.7678,"7.30900 2.93800 0.90000, 7.55000 -1.55000 0.10000"
1320,0.0000,Tx-Rx,0,-59.7878,"7.30900 2.93800 0.90000, 7.85000 -1.55000 0.10000"
1321,0.0000,Tx-Rx,0,-55.5102,"7.30900 2.93800 0.90000, -9.85000 -1.25000 0.10000"
1322,0.0000,Tx-Rx,0,-55.1078,"7.30900 2.93800 0.90000, -9.55000 -1.25000 0.10000"
1323,0.0000,Tx-Rx,0,-55.1036,"7.30900 2.93800 0.90000, -9.25000 -1.25000 0.10000"
1324,0.0000,Tx-Rx,0,-55.2778,"7.30900 2.93800 0.90000, -8.95000 -1.25000 0.10000"
1325,0.0000,Tx-Rx,0,-54.5670,"7.30900 2.93800 0.90000, -8.65000 -1.25000 0.10000"
1326,0.0000,Tx-Rx,0,-55.2225,"7.30900 2.93800 0.90000, -8.35000 -1.25000 0.10000"
1327,0.0000,Tx-Rx,0,-55.2271,"7.30900 2.93800 0.90000, -8.05000 -1.25000 0.10000"
1328,0.0000,Tx-Rx,0,-55.0993,"7.30900 2.93800 0.90000, -7.75000 -1.25000 0.10000"
1329,0.0000,Tx-Rx,0,-54.4128,"7.30900 2.93800 0.90000, -7.45000 -1.25000 0.10000"
1330,0.0000,Tx-Rx,0,-54.4498,"7.30900 2.93800 0.90000, -7.15000 -1.25000 0.10000"
1331,0.0000,Tx-Rx,0,-54.6457,"7.30900 2.93800 0.90000, -6.85000 -1.25000 0.10000"
1332,0.0000,Tx-Rx,0,-56.2716,"7.30900 2.93800 0.90000, -6.55000 -1.25000 0.10000"
1333,0.0000,Tx-Rx,0,-57.6010,"7.30900 2.93800 0.90000, -6.25000 -1.25000 0.10000"
1334,0.0000,Tx-Rx,0,-58.6217,"7.30900 2.93800 0.90000, -5.95000 -1.25000 0.10000"
1335,0.0000,Tx-Rx,0,-58.6200,"7.30900 2.93800 0.90000, -5.65000 -1.25000 0.10000"
1336,0.0000,Tx-Rx,0,-58.2967,"7.30900 2.93800 0.90000, -5.35000 -1.25000 0.10000"
1337,0.0000,Tx-Rx,0,-58.1602,"7.30900 2.93800 0.90000, -5.05000 -1.25000 0.10000"
1338,0.0000,Tx-Rx,0,-58.5218,"7.30900 2.93800 0.90000, -4.75000 -1.25000 0.10000"
1339,0.0000,Tx-Rx,0,-59.0091,"7.30900 2.93800 0.90000, -4.45000 -1.25000 0.10000"
1340,0.0000,Tx-Rx,0,-60.5162,"7.30900 2.93800 0.90000, -4.15000 -1.25000 0.10000"
1341,0.0000,Tx-Rx,0,-63.3868,"7.30900 2.93800 0.90000, -3.85000 -1.25000 0.10000"
1342,0.0000,Tx-Rx,0,-64.1102,"7.30900 2.93800 0.90000, -3.55000 -1.25000 0.10000"
1343,0.0000,Tx-Rx,0,-63.9909,"7.30900 2.93800 0.90000, -3.25000 -1.25000 0.10000"
1344,0.0000,Tx-Rx,0,-67.0166,"7.30900 2.93800 0.90000, -2.95000 -1.25000 0.10000"
1345,0.0000,Tx-Rx,0,-68.6514,"7.30900 2.93800 0.90000, -2.65000 -1.25000 0.10000"
1346,0.0000,Tx-Rx,0,-70.1107,"7.30900 2.93800 0.90000, -2.35000 -1.25000 0.10000"
1347,0.0000,Tx-Rx,0,-72.7887,"7.30900 2.93800 0.90000, -2.05000 -1.25000 0.10000"
1348,0.0000,Tx-Rx,0,-71.9354,"7.30900 2.93800 0.90000, -1.75000 -1.25000 0.10000"
1349,0.0000,Tx-Rx,0,-72.1822,"7.30900 2.93800 0.90000, -1.45000 -1.25000 0.10000"
1350,0.0000,Tx-Rx,0,-74.8339,"7.30900 2.93800 0.90000, -1.15000 -1.25000 0.10000"
1351,0.0000,Tx-Rx,0,-76.6948,"7.30900 2.93800 0.90000, -0.85000 -1.25000 0.10000"
1352,0.0000,Tx-Rx,0,-75.8787,"7.30900 2.93800 0.90000, -0.55000 -1.25000 0.10000"
1353,0.0000,Tx-Rx,0,-68.2616,"7.30900 2.93800 0.90000, -0.25000 -1.25000 0.10000"
1354,0.0000,Tx-Rx,0,-59.2369,"7.30900 2.93800 0.90000, 0.05000 -1.25000 0.10000"
1355,0.0000,Tx-Rx,0,-57.6636,"7.30900 2.93800 0.90000, 0.35000 -1.25000 0.10000"
1356,0.0000,Tx-Rx,0,-57.5995,"7.30900 2.93800 0.90000, 0.65000 -1.25000 0.10000"
1357,0.0000,Tx-Rx,0,-57.5796,"7.30900 2.93800 0.90000, 0.95000 -1.25000 0.10000"
1358,0.0000,Tx-Rx,0,-57.8691,"7.30900 2.93800 0.90000, 1.25000 -1.25000 0.10000"
1359,0.0000,Tx-Rx,0,-57.6902,"7.30900 2.93800 0.90000, 1.55000 -1.25000 0.10000"
1360,0.0000,Tx-Rx,0,-56.6419,"7.30900 2.93800 0.90000, 1.85000 -1.25000 0.10000"
1361,0.0000,Tx-Rx,0,-57.1177,"7.30900 2.93800 0.90000, 2.15000 -1.25000 0.10000"
1362,0.0000,Tx-Rx,0,-57.9279,"7.30900 2.93800 0.90000, 2.45000 -1.25000 0.10000"
1363,0.0000,Tx-Rx,0,-57.6876,"7.30900 2.93800 0.90000, 2.75000 -1.25000 0.10000"
1364,0.0000,Tx-Rx,0,-57.3330,"7.30900 2.93800 0.90000, 3.05000 -1.25000 0.10000"
1365,0.0000,Tx-Rx,0,-56.5637,"7.30900 2.93800 0.90000, 3.35000 -1.25000 0.10000"
1366,0.0000,Tx-Rx,0,-55.0697,"7.30900 2.93800 0.90000, 3.65000 -1.25000 0.10000"
1367,0.0000,Tx-Rx,0,-54.5426,"7.30900 2.93800 0.90000, 3.95000 -1.25000 0.10000"
1368,0.0000,Tx-Rx,0,-55.2092,"7.30900 2.93800 0.90000, 4.25000 -1.25000 0.10000"
1369,0.0000,Tx-Rx,0,-55.6385,"7.30900 2.93800 0.90000, 4.55000 -1.25000 0.10000"
1370,0.0000,Tx-Rx,0,-55.2968,"7.30900 2.93800 0.90000, 4.85000 -1.25000 0.10000"
1371,0.0000,Tx-Rx,0,-56.2738,"7.30900 2.93800 0.90000, 5.15000 -1.25000 0.10000"
1372,0.0000,Tx-Rx,0,-57.5633,"7.30900 2.93800 0.90000, 5.45000 -1.25000 0.10000"
1373,0.0000,Tx-Rx,0,-57.4375,"7.30900 2.93800 0.90000, 5.75000 -1.25000 0.10000"
1374,0.0000,Tx-Rx,0,-57.3793,"7.30900 2.93800 0.90000, 6.05000 -1.25000 0.10000"
1375,0.0000,Tx-Rx,0,-57.1988,"7.30900 2.93800 0.90000, 6.35000 -1.25000 0.10000"
1376,0.0000,Tx-Rx,0,-57.5727,"7.30900 2.93800 0.90000, 6.65000 -1.25000 0.10000"
1377,0.0000,Tx-Rx,0,-59.4588,"7.30900 2.93800 0.90000, 6.95000 -1.25000 0.10000"
1378,0.0000,Tx-Rx,0,-59.9312,"7.30900 2.93800 0.90000, 7.25000 -1.25000 0.10000"
1379,0.0000,Tx-Rx,0,-60.0402,"7.30900 2.93800 0.90000, 7.55000 -1.25000 0.10000"
1380,0.0000,Tx-Rx,0,-59.8641,"7.30900 2.93800 0.90000, 7.85000 -1.25000 0.10000"
1381,0.0000,Tx-Rx,0,-58.7494,"7.30900 2.93800 0.90000, -9.85000 -0.95000 0.10000"
1382,0.0000,Tx-Rx,0,-57.0959,"7.30900 2.93800 0.90000, -9.55000 -0.95000 0.10000"
1383,0.0000,Tx-Rx,0,-55.4465,"7.30900 2.93800 0.90000, -9.25000 -0.95000 0.10000"
1384,0.0000,Tx-Rx,0,-55.2272,"7.30900 2.93800 0.90000, -8.95000 -0.95000 0.10000"
1385,0.0000,Tx-Rx,0,-55.2064,"7.30900 2.93800 0.90000, -8.65000 -0.95000 0.10000"
1386,0.0000,Tx-Rx,0,-55.0077,"7.30900 2.93800 0.90000, -8.35000 -0.95000 0.10000"
1387,0.0000,Tx-Rx,0,-55.3358,"7.30900 2.93800 0.90000, -8.05000 -0.95000 0.10000"
1388,0.0000,Tx-Rx,0,-54.3504,"7.30900 2.93800 0.90000, -7.75000 -0.95000 0.10000"
1389,0.0000,Tx-Rx,0,-53.3909,"7.30900 2.93800 0.90000, -7.45000 -0.95000 0.10000"
1390,0.0000,Tx-Rx,0,-52.7111,"7.30900 2.93800 0.90000, -7.15000 -0.95000 0.10000"
1391,0.0000,Tx-Rx,0,-52.7959,"7.30900 2.93800 0.90000, -6.85000 -0.95000 0.10000"
1392,0.0000,Tx-Rx,0,-52.4373,"7.30900 2.93800 0.90000, -6.55000 -0.95000 0.10000"
1393,0.0000,Tx-Rx,0,-52.9230,"7.30900 2.93800 0.90000, -6.25000 -0.95000 0.10000"
1394,0.0000,Tx-Rx,0,-53.2011,"7.30900 2.93800 0.90000, -5.95000 -0.95000 0.10000"
1395,0.0000,Tx-Rx,0,-54.0648,"7.30900 2.93800 0.90000, -5.65000 -0.95000 0.10000"
1396,0.0000,Tx-Rx,0,-54.7785,"7.30900 2.93800 0.90000, -5.35000 -0.95000 0.10000"
1397,0.0000,Tx-Rx,0,-56.0117,"7.30900 2.93800 0.90000, -5.05000 -0.95000 0.10000"
1398,0.0000,Tx-Rx,0,-58.5158,"7.30900 2.93800 0.90000, -4.75000 -0.95000 0.10000"
1399,0.0000,Tx-Rx,0,-61.2568,"7.30900 2.93800 0.90000, -4.45000 -0.95000 0.10000"
1400,0.0000,Tx-Rx,0,-60.5283,"7.30900 2.93800 0.90000, -4.15000 -0.95000 0.10000"
1401,0.0000,Tx-Rx,0,-61.2020,"7.30900 2.93800 0.90000, -3.85000 -0.95000 0.10000"
1402,0.0000,Tx-Rx,0,-62.7807,"7.30900 2.93800 0.90000, -3.55000 -0.95000 0.10000"
1403,0.0000,Tx-Rx,0,-61.3763,"7.30900 2.93800 0.90000, -3.25000 -0.95000 0.10000"
1404,0.0000,Tx-Rx,0,-60.4410,"7.30900 2.93800 0.90000, -2.95000 -0.95000 0.10000"
1405,0.0000,Tx-Rx,0,-63.6316,"7.30900 2.93800 0.90000, -2.65000 -0.95000 0.10000"
1406,0.0000,Tx-Rx,0,-69.7129,"7.30900 2.93800 0.90000, -2.35000 -0.95000 0.10000"
1407,0.0000,Tx-Rx,0,-70.7035,"7.30900 2.93800 0.90000, -2.05000 -0.95000 0.10000"
1408,0.0000,Tx-Rx,0,-70.0963,"7.30900 2.93800 0.90000, -1.75000 -0.95000 0.10000"
1409,0.0000,Tx-Rx,0,-70.5391,"7.30900 2.93800 0.90000, -1.45000 -0.95000 0.10000"
1410,0.0000,Tx-Rx,0,-70.6312,"7.30900 2.93800 0.90000, -1.15000 -0.95000 0.10000"
1411,0.0000,Tx-Rx,0,-72.8590,"7.30900 2.93800 0.90000, -0.85000 -0.95000 0.10000"
1412,0.0000,Tx-Rx,0,-73.2939,"7.30900 2.93800 0.90000, -0.55000 -0.95000 0.10000"
1413,0.0000,Tx-Rx,0,-72.4307,"7.30900 2.93800 0.90000, -0.25000 -0.95000 0.10000"
1414,0.0000,Tx-Rx,0,-59.2478,"7.30900 2.93800 0.90000, 0.05000 -0.95000 0.10000"
1415,0.0000,Tx-Rx,0,-57.5423,"7.30900 2.93800 0.90000, 0.35000 -0.95000 0.10000"
1416,0.0000,Tx-Rx,0,-57.4178,"7.30900 2.93800 0.90000, 0.65000 -0.95000 0.10000"
1417,0.0000,Tx-Rx,0,-57.3312,"7.30900 2.93800 0.90000, 0.95000 -0.95000 0.10000"
1418,0.0000,Tx-Rx,0,-57.2223,"7.30900 2.93800 0.90000, 1.25000 -0.95000 0.10000"
1419,0.0000,Tx-Rx,0,-56.8310,"7.30900 2.93800 0.90000, 1.55000 -0.95000 0.10000"
1420,0.0000,Tx-Rx,0,-56.2373,"7.30900 2.93800 0.90000, 1.85000 -0.95000 0.10000"
1421,0.0000,Tx-Rx,0,-56.1241,"7.30900 2.93800 0.90000, 2.15000 -0.95000 0.10000"
1422,0.0000,Tx-Rx,0,-57.0949,"7.30900 2.93800 0.90000, 2.45000 -0.95000 0.10000"
1423,0.0000,Tx-Rx,0,-57.5827,"7.30900 2.93800 0.90000, 2.75000 -0.95000 0.10000"
1424,0.0000,Tx-Rx,0,-57.0763,"7.30900 2.93800 0.90000, 3.05000 -0.95000 0.10000"
1425,0.0000,Tx-Rx,0,-56.7126,"7.30900 2.93800 0.90000, 3.35000 -0.95000 0.10000"
1426,0.0000,Tx-Rx,0,-56.0585,"7.30900 2.93800 0.90000, 3.65000 -0.95000 0.10000"
1427,0.0000,Tx-Rx,0,-55.1460,"7.30900 2.93800 0.90000, 3.95000 -0.95000 0.10000"
1428,0.0000,Tx-Rx,0,-55.3822,"7.30900 2.93800 0.90000, 4.25000 -0.95000 0.10000"
1429,0.0000,Tx-Rx,0,-55.4660,"7.30900 2.93800 0.90000, 4.55000 -0.95000 0.10000"
1430,0.0000,Tx-Rx,0,-55.5711,"7.30900 2.93800 0.90000, 4.85000 -0.95000 0.10000"
1431,0.0000,Tx-Rx,0,-56.0334,"7.30900 2.93800 0.90000, 5.15000 -0.95000 0.10000"
1432,0.0000,Tx-Rx,0,-58.6807,"7.30900 2.93800 0.90000, 5.45000 -0.95000 0.10000"
1433,0.0000,Tx-Rx,0,-58.3629,"7.30900 2.93800 0.90000, 5.75000 -0.95000 0.10000"
1434,0.0000,Tx-Rx,0,-58.3446,"7.30900 2.93800 0.90000, 6.05000 -0.95000 0.10000"
1435,0.0000,Tx-Rx,0,-58.1652,"7.30900 2.93800 0.90000, 6.35000 -0.95000 0.10000"
1436,0.0000,Tx-Rx,0,-57.9245,"7.30900 2.93800 0.90000, 6.65000 -0.95000 0.10000"
1437,0.0000,Tx-Rx,0,-59.5856,"7.30900 2.93800 0.90000, 6.95000 -0.95000 0.10000"
1438,0.0000,Tx-Rx,0,-60.4441,"7.30900 2.93800 0.90000, 7.25000 -0.95000 0.10000"
1439,0.0000,Tx-Rx,0,-60.4041,"7.30900 2.93800 0.90000, 7.55000 -0.95000 0.10000"
1440,0.0000,Tx-Rx,0,-60.2170,"7.30900 2.93800 0.90000, 7.85000 -0.95000 0.10000"
1441,0.0000,Tx-Rx,0,-67.8824,"7.30900 2.93800 0.90000, -9.85000 -0.65000 0.10000"
1442,0.0000,Tx-Rx,0,-69.3799,"7.30900 2.93800 0.90000, -9.55000 -0.65000 0.10000"
1443,0.0000,Tx-Rx,0,-70.4207,"7.30900 2.93800 0.90000, -9.25000 -0.65000 0.10000"
1444,0.0000,Tx-Rx,0,-66.1200,"7.30900 2.93800 0.90000, -8.95000 -0.65000 0.10000"
1445,0.0000,Tx-Rx,0,-59.3044,"7.30900 2.93800 0.90000, -8.65000 -0.65000 0.10000"
1446,0.0000,Tx-Rx,0,-52.6237,"7.30900 2.93800 0.90000, -8.35000 -0.65000 0.10000"
1447,0.0000,Tx-Rx,0,-52.1119,"7.30900 2.93800 0.90000, -8.05000 -0.65000 0.10000"
1448,0.0000,Tx-Rx,0,-51.7086,"7.30900 2.93800 0.90000, -7.75000 -0.65000 0.10000"
1449,0.0000,Tx-Rx,0,-52.4242,"7.30900 2.93800 0.90000, -7.45000 -0.65000 0.10000"
1450,0.0000,Tx-Rx,0,-52.2488,"7.30900 2.93800 0.90000, -7.15000 -0.65000 0.10000"
1451,0.0000,Tx-Rx,0,-52.6895,"7.30900 2.93800 0.90000, -6.85000 -0.65000 0.10000"
1452,0.0000,Tx-Rx,0,-52.4789,"7.30900 2.93800 0.90000, -6.55000 -0.65000 0.10000"
1453,0.0000,Tx-Rx,0,-53.4189,"7.30900 2.93800 0.90000, -6.25000 -0.65000 0.10000"
1454,0.0000,Tx-Rx,0,-53.5452,"7.30900 2.93800 0.90000, -5.95000 -0.65000 0.10000"
1455,0.0000,Tx-Rx,0,-53.8932,"7.30900 2.93800 0.90000, -5.65000 -0.65000 0.10000"
1456,0.0000,Tx-Rx,0,-54.6189,"7.30900 2.93800 0.90000, -5.35000 -0.65000 0.10000"
1457,0.0000,Tx-Rx,0,-53.9467,"7.30900 2.93800 0.90000, -5.05000 -0.65000 0.10000"
1458,0.0000,Tx-Rx,0,-55.4898,"7.30900 2.93800 0.90000, -4.75000 -0.65000 0.10000"
1459,0.0000,Tx-Rx,0,-56.6030,"7.30900 2.93800 0.90000, -4.45000 -0.65000 0.10000"
1460,0.0000,Tx-Rx,0,-58.5709,"7.30900 2.93800 0.90000, -4.15000 -0.65000 0.10000"
1461,0.0000,Tx-Rx,0,-59.5773,"7.30900 2.93800 0.90000, -3.85000 -0.65000 0.10000"
1462,0.0000,Tx-Rx,0,-59.4060,"7.30900 2.93800 0.90000, -3.55000 -0.65000 0.10000"
1463,0.0000,Tx-Rx,0,-59.7586,"7.30900 2.93800 0.90000, -3.25000 -0.65000 0.10000"
1464,0.0000,Tx-Rx,0,-59.6172,"7.30900 2.93800 0.90000, -2.95000 -0.65000 0.10000"
1465,0.0000,Tx-Rx,0,-59.1937,"7.30900 2.93800 0.90000, -2.65000 -0.65000 0.10000"
1466,0.0000,Tx-Rx,0,-60.0879,"7.30900 2.93800 0.90000, -2.35000 -0.65000 0.10000"
1467,0.0000,Tx-Rx,0,-64.5209,"7.30900 2.93800 0.90000, -2.05000 -0.65000 0.10000"
1468,0.0000,Tx-Rx,0,-68.1741,"7.30900 2.93800 0.90000, -1.75000 -0.65000 0.10000"
1469,0.0000,Tx-Rx,0,-68.6203,"7.30900 2.93800 0.90000, -1.45000 -0.65000 0.10000"
1470,0.0000,Tx-Rx,0,-68.5361,"7.30900 2.93800 0.90000, -1.15000 -0.65000 0.10000"
1471,0.0000,Tx-Rx,0,-69.0852,"7.30900 2.93800 0.90000, -0.85000 -0.65000 0.10000"
1472,0.0000,Tx-Rx,0,-69.5663,"7.30900 2.93800 0.90000, -0.55000 -0.65000 0.10000"
1473,0.0000,Tx-Rx,0,-69.2179,"7.30900 2.93800 0.90000, -0.25000 -0.65000 0.10000"
1474,0.0000,Tx-Rx,0,-58.9078,"7.30900 2.93800 0.90000, 0.05000 -0.65000 0.10000"
1475,0.0000,Tx-Rx,0,-57.1417,"7.30900 2.93800 0.90000, 0.35000 -0.65000 0.10000"
1476,0.0000,Tx-Rx,0,-56.8569,"7.30900 2.93800 0.90000, 0.65000 -0.65000 0.10000"
1477,0.0000,Tx-Rx,0,-56.8900,"7.30900 2.93800 0.90000, 0.95000 -0.65000 0.10000"
1478,0.0000,Tx-Rx,0,-56.5861,"7.30900 2.93800 0.90000, 1.25000 -0.65000 0.10000"
1479,0.0000,Tx-Rx,0,-56.1290,"7.30900 2.93800 0.90000, 1.55000 -0.65000 0.10000"
1480,0.0000,Tx-Rx,0,-55.7357,"7.30900 2.93800 0.90000, 1.85000 -0.65000 0.10000"
1481,0.0000,Tx-Rx,0,-55.4900,"7.30900 2.93800 0.90000, 2.15000 -0.65000 0.10000"
1482,0.0000,Tx-Rx,0,-55.4820,"7.30900 2.93800 0.90000, 2.45000 -0.65000 0.10000"
1483,0.0000,Tx-Rx,0,-57.0154,"7.30900 2.93800 0.90000, 2.75000 -0.65000 0.10000"
1484,0.0000,Tx-Rx,0,-57.1236,"7.30900 2.93800 0.90000, 3.05000 -0.65000 0.10000"
1485,0.0000,Tx-Rx,0,-56.7364,"7.30900 2.93800 0.90000, 3.35000 -0.65000 0.10000"
1486,0.0000,Tx-Rx,0,-56.2206,"7.30900 2.93800 0.90000, 3.65000 -0.65000 0.10000"
1487,0.0000,Tx-Rx,0,-56.5009,"7.30900 2.93800 0.90000, 3.95000 -0.65000 0.10000"
1488,0.0000,Tx-Rx,0,-55.8442,"7.30900 2.93800 0.90000, 4.25000 -0.65000 0.10000"
1489,0.0000,Tx-Rx,0,-56.0067,"7.30900 2.93800 0.90000, 4.55000 -0.65000 0.10000"
1490,0.0000,Tx-Rx,0,-56.2465,"7.30900 2.93800 0.90000, 4.85000 -0.65000 0.10000"
1491,0.0000,Tx-Rx,0,-56.4365,"7.30900 2.93800 0.90000, 5.15000 -0.65000 0.10000"
1492,0.0000,Tx-Rx,0,-58.1189,"7.30900 2.93800 0.90000, 5.45000 -0.65000 0.10000"
1493,0.0000,Tx-Rx,0,-64.0450,"7.30900 2.93800 0.90000, 5.75000 -0.65000 0.10000"
1494,0.0000,Tx-Rx,0,-70.0192,"7.30900 2.93800 0.90000, 6.05000 -0.65000 0.10000"
1495,0.0000,Tx-Rx,0,-69.8344,"7.30900 2.93800 0.90000, 6.35000 -0.65000 0.10000"
1496,0.0000,Tx-Rx,0,-70.4758,"7.30900 2.93800 0.90000, 6.65000 -0.65000 0.10000"
1497,0.0000,Tx-Rx,0,-70.4566,"7.30900 2.93800 0.90000, 6.95000 -0.65000 0.10000"
1498,0.0000,Tx-Rx,0,-70.4722,"7.30900 2.93800 0.90000, 7.25000 -0.65000 0.10000"
1499,0.0000,Tx-Rx,0,-71.0691,"7.30900 2.93800 0.90000, 7.55000 -0.65000 0.10000"
1500,0.0000,Tx-Rx,0,-71.6476,"7.30900 2.93800 0.90000, 7.85000 -0.65000 0.10000"
1501,0.0000,Tx-Rx,0,-62.5661,"7.30900 2.93800 0.90000, -9.85000 -0.35000 0.10000"
1502,0.0000,Tx-Rx,0,-63.7605,"7.30900 2.93800 0.90000, -9.55000 -0.35000 0.10000"
1503,0.0000,Tx-Rx,0,-64.4638,"7.30900 2.93800 0.90000, -9.25000 -0.35000 0.10000"
1504,0.0000,Tx-Rx,0,-85.9553,"7.30900 2.93800 0.90000, -8.95000 -0.35000 0.10000"
1505,0.0000,Tx-Rx,0,-64.7141,"7.30900 2.93800 0.90000, -8.65000 -0.35000 0.10000"
1506,0.0000,Tx-Rx,0,-52.3495,"7.30900 2.93800 0.90000, -8.35000 -0.35000 0.10000"
1507,0.0000,Tx-Rx,0,-52.2410,"7.30900 2.93800 0.90000, -8.05000 -0.35000 0.10000"
1508,0.0000,Tx-Rx,0,-52.6245,"7.30900 2.93800 0.90000, -7.75000 -0.35000 0.10000"
1509,0.0000,Tx-Rx,0,-52.6770,"7.30900 2.93800 0.90000, -7.45000 -0.35000 0.10000"
1510,0.0000,Tx-Rx,0,-52.3801,"7.30900 2.93800 0.90000, -7.15000 -0.35000 0.10000"
1511,0.0000,Tx-Rx,0,-52.5614,"7.30900 2.93800 0.90000, -6.85000 -0.35000 0.10000"
1512,0.0000,Tx-Rx,0,-52.8578,"7.30900 2.93800 0.90000, -6.55000 -0.35000 0.10000"
1513,0.0000,Tx-Rx,0,-54.1324,"7.30900 2.93800 0.90000, -6.25000 -0.35000 0.10000"
1514,0.0000,Tx-Rx,0,-54.3928,"7.30900 2.93800 0.90000, -5.95000 -0.35000 0.10000"
1515,0.0000,Tx-Rx,0,-54.0659,"7.30900 2.93800 0.90000, -5.65000 -0.35000 0.10000"
1516,0.0000,Tx-Rx,0,-55.1516,"7.30900 2.93800 0.90000, -5.35000 -0.35000 0.10000"
1517,0.0000,Tx-Rx,0,-55.5158,"7.30900 2.93800 0.90000, -5.05000 -0.35000 0.10000"
1518,0.0000,Tx-Rx,0,-55.0689,"7.30900 2.93800 0.90000, -4.75000 -0.35000 0.10000"
1519,0.0000,Tx-Rx,0,-55.3780,"7.30900 2.93800 0.90000, -4.45000 -0.35000 0.10000"
1520,0.0000,Tx-Rx,0,-55.1631,"7.30900 2.93800 0.90000, -4.15000 -0.35000 0.10000"
1521,0.0000,Tx-Rx,0,-55.4115,"7.30900 2.93800 0.90000, -3.85000 -0.35000 0.10000"
1522,0.0000,Tx-Rx,0,-55.9309,"7.30900 2.93800 0.90000, -3.55000 -0.35000 0.10000"
1523,0.0000,Tx-Rx,0,-56.5404,"7.30900 2.93800 0.90000, -3.25000 -0.35000 0.10000"
1524,0.0000,Tx-Rx,0,-58.3574,"7.30900 2.93800 0.90000, -2.95000 -0.35000 0.10000"
1525,0.0000,Tx-Rx,0,-59.2957,"7.30900 2.93800 0.90000, -2.65000 -0.35000 0.10000"
1526,0.0000,Tx-Rx,0,-58.8538,"7.30900 2.93800 0.90000, -2.35000 -0.35000 0.10000"
1527,0.0000,Tx-Rx,0,-58.8826,"7.30900 2.93800 0.90000, -2.05000 -0.35000 0.10000"
1528,0.0000,Tx-Rx,0,-60.5600,"7.30900 2.93800 0.90000, -1.75000 -0.35000 0.10000"
1529,0.0000,Tx-Rx,0,-64.9849,"7.30900 2.93800 0.90000, -1.45000 -0.35000 0.10000"
1530,0.0000,Tx-Rx,0,-65.7197,"7.30900 2.93800 0.90000, -1.15000 -0.35000 0.10000"
1531,0.0000,Tx-Rx,0,-66.0009,"7.30900 2.93800 0.90000, -0.85000 -0.35000 0.10000"
1532,0.0000,Tx-Rx,0,-66.9879,"7.30900 2.93800 0.90000, -0.55000 -0.35000 0.10000"
1533,0.0000,Tx-Rx,0,-66.8780,"7.30900 2.93800 0.90000, -0.25000 -0.35000 0.10000"
1534,0.0000,Tx-Rx,0,-58.1447,"7.30900 2.93800 0.90000, 0.05000 -0.35000 0.10000"
1535,0.0000,Tx-Rx,0,-56.5354,"7.30900 2.93800 0.90000, 0.35000 -0.35000 0.10000"
1536,0.0000,Tx-Rx,0,-56.4417,"7.30900 2.93800 0.90000, 0.65000 -0.35000 0.10000"
1537,0.0000,Tx-Rx,0,-55.6682,"7.30900 2.93800 0.90000, 0.95000 -0.35000 0.10000"
1538,0.0000,Tx-Rx,0,-54.8748,"7.30900 2.93800 0.90000, 1.25000 -0.35000 0.10000"
1539,0.0000,Tx-Rx,0,-54.9360,"7.30900 2.93800 0.90000, 1.55000 -0.35000 0.10000"
1540,0.0000,Tx-Rx,0,-55.0577,"7.30900 2.93800 0.90000, 1.85000 -0.35000 0.10000"
1541,0.0000,Tx-Rx,0,-55.1023,"7.30900 2.93800 0.90000, 2.15000 -0.35000 0.10000"
1542,0.0000,Tx-Rx,0,-55.0282,"7.30900 2.93800 0.90000, 2.45000 -0.35000 0.10000"
1543,0.0000,Tx-Rx,0,-56.2028,"7.30900 2.93800 0.90000, 2.75000 -0.35000 0.10000"
1544,0.0000,Tx-Rx,0,-56.6788,"7.30900 2.93800 0.90000, 3.05000 -0.35000 0.10000"
1545,0.0000,Tx-Rx,0,-57.0668,"7.30900 2.93800 0.90000, 3.35000 -0.35000 0.10000"
1546,0.0000,Tx-Rx,0,-57.2912,"7.30900 2.93800 0.90000, 3.65000 -0.35000 0.10000"
1547,0.0000,Tx-Rx,0,-58.5155,"7.30900 2.93800 0.90000, 3.95000 -0.35000 0.10000"
1548,0.0000,Tx-Rx,0,-57.2548,"7.30900 2.93800 0.90000, 4.25000 -0.35000 0.10000"
1549,0.0000,Tx-Rx,0,-56.3083,"7.30900 2.93800 0.90000, 4.55000 -0.35000 0.10000"
1550,0.0000,Tx-Rx,0,-55.9629,"7.30900 2.93800 0.90000, 4.85000 -0.35000 0.10000"
1551,0.0000,Tx-Rx,0,-56.5627,"7.30900 2.93800 0.90000, 5.15000 -0.35000 0.10000"
1552,0.0000,Tx-Rx,0,-56.8931,"7.30900 2.93800 0.90000, 5.45000 -0.35000 0.10000"
1553,0.0000,Tx-Rx,0,-63.3029,"7.30900 2.93800 0.90000, 5.75000 -0.35000 0.10000"
1554,0.0000,Tx-Rx,0,-70.5725,"7.30900 2.93800 0.90000, 6.05000 -0.35000 0.10000"
1555,0.0000,Tx-Rx,0,-70.9414,"7.30900 2.93800 0.90000, 6.35000 -0.35000 0.10000"
1556,0.0000,Tx-Rx,0,-71.7826,"7.30900 2.93800 0.90000, 6.65000 -0.35000 0.10000"
1557,0.0000,Tx-Rx,0,-71.2303,"7.30900 2.93800 0.90000, 6.95000 -0.35000 0.10000"
1558,0.0000,Tx-Rx,0,-70.8957,"7.30900 2.93800 0.90000, 7.25000 -0.35000 0.10000"
1559,0.0000,Tx-Rx,0,-69.7389,"7.30900 2.93800 0.90000, 7.55000 -0.35000 0.10000"
1560,0.0000,Tx-Rx,0,-70.0983,"7.30900 2.93800 0.90000, 7.85000 -0.35000 0.10000"
1561,0.0000,Tx-Rx,0,-55.9845,"7.30900 2.93800 0.90000, -9.85000 -0.05000 0.10000"
1562,0.0000,Tx-Rx,0,-55.1078,"7.30900 2.93800 0.90000, -9.55000 -0.05000 0.10000"
1563,0.0000,Tx-Rx,0,-54.9190,"7.30900 2.93800 0.90000, -9.25000 -0.05000 0.10000"
1564,0.0000,Tx-Rx,0,-55.1285,"7.30900 2.93800 0.90000, -8.95000 -0.05000 0.10000"
1565,0.0000,Tx-Rx,0,-56.3325,"7.30900 2.93800 0.90000, -8.65000 -0.05000 0.10000"
1566,0.0000,Tx-Rx,0,-53.9031,"7.30900 2.93800 0.90000, -8.35000 -0.05000 0.10000"
1567,0.0000,Tx-Rx,0,-54.1908,"7.30900 2.93800 0.90000, -8.05000 -0.05000 0.10000"
1568,0.0000,Tx-Rx,0,-54.2728,"7.30900 2.93800 0.90000, -7.75000 -0.05000 0.10000"
1569,0.0000,Tx-Rx,0,-54.3995,"7.30900 2.93800 0.90000, -7.45000 -0.05000 0.10000"
1570,0.0000,Tx-Rx,0,-54.4587,"7.30900 2.93800 0.90000, -7.15000 -0.05000 0.10000"
1571,0.0000,Tx-Rx,0,-54.8551,"7.30900 2.93800 0.90000, -6.85000 -0.05000 0.10000"
1572,0.0000,Tx-Rx,0,-54.5028,"7.30900 2.93800 0.90000, -6.55000 -0.05000 0.10000"
1573,0.0000,Tx-Rx,0,-54.8858,"7.30900 2.93800 0.90000, -6.25000 -0.05000 0.10000"
1574,0.0000,Tx-Rx,0,-54.8531,"7.30900 2.93800 0.90000, -5.95000 -0.05000 0.10000"
1575,0.0000,Tx-Rx,0,-54.2460,"7.30900 2.93800 0.90000, -5.65000 -0.05000 0.10000"
1576,0.0000,Tx-Rx,0,-54.4953,"7.30900 2.93800 0.90000, -5.35000 -0.05000 0.10000"
1577,0.0000,Tx-Rx,0,-54.8762,"7.30900 2.93800 0.90000, -5.05000 -0.05000 0.10000"
1578,0.0000,Tx-Rx,0,-55.5464,"7.30900 2.93800 0.90000, -4.75000 -0.05000 0.10000"
1579,0.0000,Tx-Rx,0,-54.7836,"7.30900 2.93800 0.90000, -4.45000 -0.05000 0.10000"
1580,0.0000,Tx-Rx,0,-54.5387,"7.30900 2.93800 0.90000, -4.15000 -0.05000 0.10000"
1581,0.0000,Tx-Rx,0,-54.3634,"7.30900 2.93800 0.90000, -3.85000 -0.05000 0.10000"
1582,0.0000,Tx-Rx,0,-53.9599,"7.30900 2.93800 0.90000, -3.55000 -0.05000 0.10000"
1583,0.0000,Tx-Rx,0,-53.8714,"7.30900 2.93800 0.90000, -3.25000 -0.05000 0.10000"
1584,0.0000,Tx-Rx,0,-53.7748,"7.30900 2.93800 0.90000, -2.95000 -0.05000 0.10000"
1585,0.0000,Tx-Rx,0,-54.2412,"7.30900 2.93800 0.90000, -2.65000 -0.05000 0.10000"
1586,0.0000,Tx-Rx,0,-55.2421,"7.30900 2.93800 0.90000, -2.35000 -0.05000 0.10000"
1587,0.0000,Tx-Rx,0,-57.0266,"7.30900 2.93800 0.90000, -2.05000 -0.05000 0.10000"
1588,0.0000,Tx-Rx,0,-58.4651,"7.30900 2.93800 0.90000, -1.75000 -0.05000 0.10000"
1589,0.0000,Tx-Rx,0,-58.8316,"7.30900 2.93800 0.90000, -1.45000 -0.05000 0.10000"
1590,0.0000,Tx-Rx,0,-61.6345,"7.30900 2.93800 0.90000, -1.15000 -0.05000 0.10000"
1591,0.0000,Tx-Rx,0,-65.5329,"7.30900 2.93800 0.90000, -0.85000 -0.05000 0.10000"
1592,0.0000,Tx-Rx,0,-66.1003,"7.30900 2.93800 0.90000, -0.55000 -0.05000 0.10000"
1593,0.0000,Tx-Rx,0,-66.6597,"7.30900 2.93800 0.90000, -0.25000 -0.05000 0.10000"
1594,0.0000,Tx-Rx,0,-57.0899,"7.30900 2.93800 0.90000, 0.05000 -0.05000 0.10000"
1595,0.0000,Tx-Rx,0,-55.3692,"7.30900 2.93800 0.90000, 0.35000 -0.05000 0.10000"
1596,0.0000,Tx-Rx,0,-54.7771,"7.30900 2.93800 0.90000, 0.65000 -0.05000 0.10000"
1597,0.0000,Tx-Rx,0,-54.2426,"7.30900 2.93800 0.90000, 0.95000 -0.05000 0.10000"
1598,0.0000,Tx-Rx,0,-54.4677,"7.30900 2.93800 0.90000, 1.25000 -0.05000 0.10000"
1599,0.0000,Tx-Rx,0,-54.9645,"7.30900 2.93800 0.90000, 1.55000 -0.05000 0.10000"
1600,0.0000,Tx-Rx,0,-54.9800,"7.30900 2.93800 0.90000, 1.85000 -0.05000 0.10000"
1601,0.0000,Tx-Rx,0,-55.0760,"7.30900 2.93800 0.90000, 2.15000 -0.05000 0.10000"
1602,0.0000,Tx-Rx,0,-55.2357,"7.30900 2.93800 0.90000, 2.45000 -0.05000 0.10000"
1603,0.0000,Tx-Rx,0,-56.9494,"7.30900 2.93800 0.90000, 2.75000 -0.05000 0.10000"
1604,0.0000,Tx-Rx,0,-57.0931,"7.30900 2.93800 0.90000, 3.05000 -0.05000 0.10000"
1605,0.0000,Tx-Rx,0,-57.2761,"7.30900 2.93800 0.90000, 3.35000 -0.05000 0.10000"
1606,0.0000,Tx-Rx,0,-59.0787,"7.30900 2.93800 0.90000, 3.65000 -0.05000 0.10000"
1607,0.0000,Tx-Rx,0,-59.4100,"7.30900 2.93800 0.90000, 3.95000 -0.05000 0.10000"
1608,0.0000,Tx-Rx,0,-59.1149,"7.30900 2.93800 0.90000, 4.25000 -0.05000 0.10000"
1609,0.0000,Tx-Rx,0,-57.5635,"7.30900 2.93800 0.90000, 4.55000 -0.05000 0.10000"
1610,0.0000,Tx-Rx,0,-56.4422,"7.30900 2.93800 0.90000, 4.85000 -0.05000 0.10000"
1611,0.0000,Tx-Rx,0,-56.3919,"7.30900 2.93800 0.90000, 5.15000 -0.05000 0.10000"
1612,0.0000,Tx-Rx,0,-56.2342,"7.30900 2.93800 0.90000, 5.45000 -0.05000 0.10000"
1613,0.0000,Tx-Rx,0,-59.6945,"7.30900 2.93800 0.90000, 5.75000 -0.05000 0.10000"
1614,0.0000,Tx-Rx,0,-68.3640,"7.30900 2.93800 0.90000, 6.05000 -0.05000 0.10000"
1615,0.0000,Tx-Rx,0,-69.5675,"7.30900 2.93800 0.90000, 6.35000 -0.05000 0.10000"
1616,0.0000,Tx-Rx,0,-68.1278,"7.30900 2.93800 0.90000, 6.65000 -0.05000 0.10000"
1617,0.0000,Tx-Rx,0,-68.8468,"7.30900 2.93800 0.90000, 6.95000 -0.05000 0.10000"
1618,0.0000,Tx-Rx,0,-68.7372,"7.30900 2.93800 0.90000, 7.25000 -0.05000 0.10000"
1619,0.0000,Tx-Rx,0,-68.9501,"7.30900 2.93800 0.90000, 7.55000 -0.05000 0.10000"
1620,0.0000,Tx-Rx,0,-69.2569,"7.30900 2.93800 0.90000, 7.85000 -0.05000 0.10000"
1621,0.0000,Tx-Rx,0,-57.9968,"7.30900 2.93800 0.90000, -9.85000 0.25000 0.10000"
1622,0.0000,Tx-Rx,0,-59.0532,"7.30900 2.93800 0.90000, -9.55000 0.25000 0.10000"
1623,0.0000,Tx-Rx,0,-59.2091,"7.30900 2.93800 0.90000, -9.25000 0.25000 0.10000"
1624,0.0000,Tx-Rx,0,-59.0360,"7.30900 2.93800 0.90000, -8.95000 0.25000 0.10000"
1625,0.0000,Tx-Rx,0,-57.5481,"7.30900 2.93800 0.90000, -8.65000 0.25000 0.10000"
1626,0.0000,Tx-Rx,0,-56.4613,"7.30900 2.93800 0.90000, -8.35000 0.25000 0.10000"
1627,0.0000,Tx-Rx,0,-55.7665,"7.30900 2.93800 0.90000, -8.05000 0.25000 0.10000"
1628,0.0000,Tx-Rx,0,-54.9347,"7.30900 2.93800 0.90000, -7.75000 0.25000 0.10000"
1629,0.0000,Tx-Rx,0,-54.4382,"7.30900 2.93800 0.90000, -7.45000 0.25000 0.10000"
1630,0.0000,Tx-Rx,0,-53.7947,"7.30900 2.93800 0.90000, -7.15000 0.25000 0.10000"
1631,0.0000,Tx-Rx,0,-53.6055,"7.30900 2.93800 0.90000, -6.85000 0.25000 0.10000"
1632,0.0000,Tx-Rx,0,-53.1086,"7.30900 2.93800 0.90000, -6.55000 0.25000 0.10000"
1633,0.0000,Tx-Rx,0,-54.6119,"7.30900 2.93800 0.90000, -6.25000 0.25000 0.10000"
1634,0.0000,Tx-Rx,0,-54.2573,"7.30900 2.93800 0.90000, -5.95000 0.25000 0.10000"
1635,0.0000,Tx-Rx,0,-54.5501,"7.30900 2.93800 0.90000, -5.65000 0.25000 0.10000"
1636,0.0000,Tx-Rx,0,-54.8656,"7.30900 2.93800 0.90000, -5.35000 0.25000 0.10000"
1637,0.0000,Tx-Rx,0,-55.5628,"7.30900 2.93800 0.90000, -5.05000 0.25000 0.10000"
1638,0.0000,Tx-Rx,0,-54.9764,"7.30900 2.93800 0.90000, -4.75000 0.25000 0.10000"
1639,0.0000,Tx-Rx,0,-55.1782,"7.30900 2.93800 0.90000, -4.45000 0.25000 0.10000"
1640,0.0000,Tx-Rx,0,-55.2846,"7.30900 2.93800 0.90000, -4.15000 0.25000 0.10000"
1641,0.0000,Tx-Rx,0,-55.0118,"7.30900 2.93800 0.90000, -3.85000 0.25000 0.10000"
1642,0.0000,Tx-Rx,0,-54.4045,"7.30900 2.93800 0.90000, -3.55000 0.25000 0.10000"
1643,0.0000,Tx-Rx,0,-53.6975,"7.30900 2.93800 0.90000, -3.25000 0.25000 0.10000"
1644,0.0000,Tx-Rx,0,-53.6314,"7.30900 2.93800 0.90000, -2.95000 0.25000 0.10000"
1645,0.0000,Tx-Rx,0,-53.6183,"7.30900 2.93800 0.90000, -2.65000 0.25000 0.10000"
1646,0.0000,Tx-Rx,0,-53.2875,"7.30900 2.93800 0.90000, -2.35000 0.25000 0.10000"
1647,0.0000,Tx-Rx,0,-53.1398,"7.30900 2.93800 0.90000, -2.05000 0.25000 0.10000"
1648,0.0000,Tx-Rx,0,-53.3457,"7.30900 2.93800 0.90000, -1.75000 0.25000 0.10000"
1649,0.0000,Tx-Rx,0,-54.3917,"7.30900 2.93800 0.90000, -1.45000 0.25000 0.10000"
1650,0.0000,Tx-Rx,0,-56.0374,"7.30900 2.93800 0.90000, -1.15000 0.25000 0.10000"
1651,0.0000,Tx-Rx,0,-59.0404,"7.30900 2.93800 0.90000, -0.85000 0.25000 0.10000"
1652,0.0000,Tx-Rx,0,-64.4104,"7.30900 2.93800 0.90000, -0.55000 0.25000 0.10000"
1653,0.0000,Tx-Rx,0,-71.7476,"7.30900 2.93800 0.90000, -0.25000 0.25000 0.10000"
1654,0.0000,Tx-Rx,0,-52.7397,"7.30900 2.93800 0.90000, 0.05000 0.25000 0.10000"
1655,0.0000,Tx-Rx,0,-51.5690,"7.30900 2.93800 0.90000, 0.35000 0.25000 0.10000"
1656,0.0000,Tx-Rx,0,-52.7054,"7.30900 2.93800 0.90000, 0.65000 0.25000 0.10000"
1657,0.0000,Tx-Rx,0,-54.0587,"7.30900 2.93800 0.90000, 0.95000 0.25000 0.10000"
1658,0.0000,Tx-Rx,0,-54.2797,"7.30900 2.93800 0.90000, 1.25000 0.25000 0.10000"
1659,0.0000,Tx-Rx,0,-54.8900,"7.30900 2.93800 0.90000, 1.55000 0.25000 0.10000"
1660,0.0000,Tx-Rx,0,-55.3080,"7.30900 2.93800 0.90000, 1.85000 0.25000 0.10000"
1661,0.0000,Tx-Rx,0,-55.3200,"7.30900 2.93800 0.90000, 2.15000 0.25000 0.10000"
1662,0.0000,Tx-Rx,0,-55.2039,"7.30900 2.93800 0.90000, 2.45000 0.25000 0.10000"
1663,0.0000,Tx-Rx,0,-56.7144,"7.30900 2.93800 0.90000, 2.75000 0.25000 0.10000"
1664,0.0000,Tx-Rx,0,-56.7264,"7.30900 2.93800 0.90000, 3.05000 0.25000 0.10000"
1665,0.0000,Tx-Rx,0,-57.2146,"7.30900 2.93800 0.90000, 3.35000 0.25000 0.10000"
1666,0.0000,Tx-Rx,0,-58.7703,"7.30900 2.93800 0.90000, 3.65000 0.25000 0.10000"
1667,0.0000,Tx-Rx,0,-58.8365,"7.30900 2.93800 0.90000, 3.95000 0.25000 0.10000"
1668,0.0000,Tx-Rx,0,-58.0210,"7.30900 2.93800 0.90000, 4.25000 0.25000 0.10000"
1669,0.0000,Tx-Rx,0,-56.7080,"7.30900 2.93800 0.90000, 4.55000 0.25000 0.10000"
1670,0.0000,Tx-Rx,0,-55.6196,"7.30900 2.93800 0.90000, 4.85000 0.25000 0.10000"
1671,0.0000,Tx-Rx,0,-55.4948,"7.30900 2.93800 0.90000, 5.15000 0.25000 0.10000"
1672,0.0000,Tx-Rx,0,-55.2485,"7.30900 2.93800 0.90000, 5.45000 0.25000 0.10000"
1673,0.0000,Tx-Rx,0,-56.0796,"7.30900 2.93800 0.90000, 5.75000 0.25000 0.10000"
1674,0.0000,Tx-Rx,0,-64.0274,"7.30900 2.93800 0.90000, 6.05000 0.25000 0.10000"
1675,0.0000,Tx-Rx,0,-70.1753,"7.30900 2.93800 0.90000, 6.35000 0.25000 0.10000"
1676,0.0000,Tx-Rx,0,-70.7320,"7.30900 2.93800 0.90000, 6.65000 0.25000 0.10000"
1677,0.0000,Tx-Rx,0,-70.6573,"7.30900 2.93800 0.90000, 6.95000 0.25000 0.10000"
1678,0.0000,Tx-Rx,0,-70.4604,"7.30900 2.93800 0.90000, 7.25000 0.25000 0.10000"
1679,0.0000,Tx-Rx,0,-70.1690,"7.30900 2.93800 0.90000, 7.55000 0.25000 0.10000"
1680,0.0000,Tx-Rx,0,-70.2184,"7.30900 2.93800 0.90000, 7.85000 0.25000 0.10000"
1681,0.0000,Tx-Rx,0,-56.8327,"7.30900 2.93800 0.90000, -9.85000 0.55000 0.10000"
1682,0.0000,Tx-Rx,0,-57.1280,"7.30900 2.93800 0.90000, -9.55000 0.55000 0.10000"
1683,0.0000,Tx-Rx,0,-57.6756,"7.30900 2.93800 0.90000, -9.25000 0.55000 0.10000"
1684,0.0000,Tx-Rx,0,-58.3869,"7.30900 2.93800 0.90000, -8.95000 0.55000 0.10000"
1685,0.0000,Tx-Rx,0,-59.3727,"7.30900 2.93800 0.90000, -8.65000 0.55000 0.10000"
1686,0.0000,Tx-Rx,0,-59.1217,"7.30900 2.93800 0.90000, -8.35000 0.55000 0.10000"
1687,0.0000,Tx-Rx,0,-58.3988,"7.30900 2.93800 0.90000, -8.05000 0.55000 0.10000"
1688,0.0000,Tx-Rx,0,-57.3711,"7.30900 2.93800 0.90000, -7.75000 0.55000 0.10000"
1689,0.0000,Tx-Rx,0,-56.5977,"7.30900 2.93800 0.90000, -7.45000 0.55000 0.10000"
1690,0.0000,Tx-Rx,0,-56.1354,"7.30900 2.93800 0.90000, -7.15000 0.55000 0.10000"
1691,0.0000,Tx-Rx,0,-55.9700,"7.30900 2.93800 0.90000, -6.85000 0.55000 0.10000"
1692,0.0000,Tx-Rx,0,-55.4824,"7.30900 2.93800 0.90000, -6.55000 0.55000 0.10000"
1693,0.0000,Tx-Rx,0,-55.5145,"7.30900 2.93800 0.90000, -6.25000 0.55000 0.10000"
1694,0.0000,Tx-Rx,0,-55.0089,"7.30900 2.93800 0.90000, -5.95000 0.55000 0.10000"
1695,0.0000,Tx-Rx,0,-54.6668,"7.30900 2.93800 0.90000, -5.65000 0.55000 0.10000"
1696,0.0000,Tx-Rx,0,-53.7273,"7.30900 2.93800 0.90000, -5.35000 0.55000 0.10000"
1697,0.0000,Tx-Rx,0,-54.5113,"7.30900 2.93800 0.90000, -5.05000 0.55000 0.10000"
1698,0.0000,Tx-Rx,0,-54.8523,"7.30900 2.93800 0.90000, -4.75000 0.55000 0.10000"
1699,0.0000,Tx-Rx,0,-54.8420,"7.30900 2.93800 0.90000, -4.45000 0.55000 0.10000"
1700,0.0000,Tx-Rx,0,-54.0407,"7.30900 2.93800 0.90000, -4.15000 0.55000 0.10000"
1701,0.0000,Tx-Rx,0,-54.2841,"7.30900 2.93800 0.90000, -3.85000 0.55000 0.10000"
1702,0.0000,Tx-Rx,0,-53.9145,"7.30900 2.93800 0.90000, -3.55000 0.55000 0.10000"
1703,0.0000,Tx-Rx,0,-53.7270,"7.30900 2.93800 0.90000, -3.25000 0.55000 0.10000"
1704,0.0000,Tx-Rx,0,-53.5804,"7.30900 2.93800 0.90000, -2.95000 0.55000 0.10000"
1705,0.0000,Tx-Rx,0,-53.4938,"7.30900 2.93800 0.90000, -2.65000 0.55000 0.10000"
1706,0.0000,Tx-Rx,0,-53.2877,"7.30900 2.93800 0.90000, -2.35000 0.55000 0.10000"
1707,0.0000,Tx-Rx,0,-53.0442,"7.30900 2.93800 0.90000, -2.05000 0.55000 0.10000"
1708,0.0000,Tx-Rx,0,-52.8029,"7.30900 2.93800 0.90000, -1.75000 0.55000 0.10000"
1709,0.0000,Tx-Rx,0,-52.5703,"7.30900 2.93800 0.90000, -1.45000 0.55000 0.10000"
1710,0.0000,Tx-Rx,0,-52.3687,"7.30900 2.93800 0.90000, -1.15000 0.55000 0.10000"
1711,0.0000,Tx-Rx,0,-52.3470,"7.30900 2.93800 0.90000, -0.85000 0.55000 0.10000"
1712,0.0000,Tx-Rx,0,-53.1459,"7.30900 2.93800 0.90000, -0.55000 0.55000 0.10000"
1713,0.0000,Tx-Rx,0,-55.4717,"7.30900 2.93800 0.90000, -0.25000 0.55000 0.10000"
1714,0.0000,Tx-Rx,0,-52.1526,"7.30900 2.93800 0.90000, 0.05000 0.55000 0.10000"
1715,0.0000,Tx-Rx,0,-50.5103,"7.30900 2.93800 0.90000, 0.35000 0.55000 0.10000"
1716,0.0000,Tx-Rx,0,-50.2781,"7.30900 2.93800 0.90000, 0.65000 0.55000 0.10000"
1717,0.0000,Tx-Rx,0,-50.6113,"7.30900 2.93800 0.90000, 0.95000 0.55000 0.10000"
1718,0.0000,Tx-Rx,0,-51.8144,"7.30900 2.93800 0.90000, 1.25000 0.55000 0.10000"
1719,0.0000,Tx-Rx,0,-53.6182,"7.30900 2.93800 0.90000, 1.55000 0.55000 0.10000"
1720,0.0000,Tx-Rx,0,-54.4131,"7.30900 2.93800 0.90000, 1.85000 0.55000 0.10000"
1721,0.0000,Tx-Rx,0,-54.4451,"7.30900 2.93800 0.90000, 2.15000 0.55000 0.10000"
1722,0.0000,Tx-Rx,0,-54.4520,"7.30900 2.93800 0.90000, 2.45000 0.55000 0.10000"
1723,0.0000,Tx-Rx,0,-56.0087,"7.30900 2.93800 0.90000, 2.75000 0.55000 0.10000"
1724,0.0000,Tx-Rx,0,-56.0941,"7.30900 2.93800 0.90000, 3.05000 0.55000 0.10000"
1725,0.0000,Tx-Rx,0,-57.1801,"7.30900 2.93800 0.90000, 3.35000 0.55000 0.10000"
1726,0.0000,Tx-Rx,0,-57.8832,"7.30900 2.93800 0.90000, 3.65000 0.55000 0.10000"
1727,0.0000,Tx-Rx,0,-58.3164,"7.30900 2.93800 0.90000, 3.95000 0.55000 0.10000"
1728,0.0000,Tx-Rx,0,-58.4419,"7.30900 2.93800 0.90000, 4.25000 0.55000 0.10000"
1729,0.0000,Tx-Rx,0,-57.5022,"7.30900 2.93800 0.90000, 4.55000 0.55000 0.10000"
1730,0.0000,Tx-Rx,0,-55.9676,"7.30900 2.93800 0.90000, 4.85000 0.55000 0.10000"
1731,0.0000,Tx-Rx,0,-55.1048,"7.30900 2.93800 0.90000, 5.15000 0.55000 0.10000"
1732,0.0000,Tx-Rx,0,-55.0213,"7.30900 2.93800 0.90000, 5.45000 0.55000 0.10000"
1733,0.0000,Tx-Rx,0,-54.8519,"7.30900 2.93800 0.90000, 5.75000 0.55000 0.10000"
1734,0.0000,Tx-Rx,0,-57.7726,"7.30900 2.93800 0.90000, 6.05000 0.55000 0.10000"
1735,0.0000,Tx-Rx,0,-69.5126,"7.30900 2.93800 0.90000, 6.35000 0.55000 0.10000"
1736,0.0000,Tx-Rx,0,-69.9309,"7.30900 2.93800 0.90000, 6.65000 0.55000 0.10000"
1737,0.0000,Tx-Rx,0,-69.0406,"7.30900 2.93800 0.90000, 6.95000 0.55000 0.10000"
1738,0.0000,Tx-Rx,0,-68.9421,"7.30900 2.93800 0.90000, 7.25000 0.55000 0.10000"
1739,0.0000,Tx-Rx,0,-68.9878,"7.30900 2.93800 0.90000, 7.55000 0.55000 0.10000"
1740,0.0000,Tx-Rx,0,-69.0192,"7.30900 2.93800 0.90000, 7.85000 0.55000 0.10000"
1741,0.0000,Tx-Rx,0,-54.7989,"7.30900 2.93800 0.90000, -9.85000 0.85000 0.10000"
1742,0.0000,Tx-Rx,0,-54.4532,"7.30900 2.93800 0.90000, -9.55000 0.85000 0.10000"
1743,0.0000,Tx-Rx,0,-54.3355,"7.30900 2.93800 0.90000, -9.25000 0.85000 0.10000"
1744,0.0000,Tx-Rx,0,-54.1213,"7.30900 2.93800 0.90000, -8.95000 0.85000 0.10000"
1745,0.0000,Tx-Rx,0,-54.1745,"7.30900 2.93800 0.90000, -8.65000 0.85000 0.10000"
1746,0.0000,Tx-Rx,0,-54.8608,"7.30900 2.93800 0.90000, -8.35000 0.85000 0.10000"
1747,0.0000,Tx-Rx,0,-55.3649,"7.30900 2.93800 0.90000, -8.05000 0.85000 0.10000"
1748,0.0000,Tx-Rx,0,-55.8820,"7.30900 2.93800 0.90000, -7.75000 0.85000 0.10000"
1749,0.0000,Tx-Rx,0,-55.8782,"7.30900 2.93800 0.90000, -7.45000 0.85000 0.10000"
1750,0.0000,Tx-Rx,0,-56.7277,"7.30900 2.93800 0.90000, -7.15000 0.85000 0.10000"
1751,0.0000,Tx-Rx,0,-56.7229,"7.30900 2.93800 0.90000, -6.85000 0.85000 0.10000"
1752,0.0000,Tx-Rx,0,-56.6946,"7.30900 2.93800 0.90000, -6.55000 0.85000 0.10000"
1753,0.0000,Tx-Rx,0,-57.0553,"7.30900 2.93800 0.90000, -6.25000 0.85000 0.10000"
1754,0.0000,Tx-Rx,0,-57.0738,"7.30900 2.93800 0.90000, -5.95000 0.85000 0.10000"
1755,0.0000,Tx-Rx,0,-57.7981,"7.30900 2.93800 0.90000, -5.65000 0.85000 0.10000"
1756,0.0000,Tx-Rx,0,-58.2055,"7.30900 2.93800 0.90000, -5.35000 0.85000 0.10000"
1757,0.0000,Tx-Rx,0,-59.5133,"7.30900 2.93800 0.90000, -5.05000 0.85000 0.10000"
1758,0.0000,Tx-Rx,0,-59.6069,"7.30900 2.93800 0.90000, -4.75000 0.85000 0.10000"
1759,0.0000,Tx-Rx,0,-57.4968,"7.30900 2.93800 0.90000, -4.45000 0.85000 0.10000"
1760,0.0000,Tx-Rx,0,-56.0688,"7.30900 2.93800 0.90000, -4.15000 0.85000 0.10000"
1761,0.0000,Tx-Rx,0,-55.0685,"7.30900 2.93800 0.90000, -3.85000 0.85000 0.10000"
1762,0.0000,Tx-Rx,0,-53.8263,"7.30900 2.93800 0.90000, -3.55000 0.85000 0.10000"
1763,0.0000,Tx-Rx,0,-53.5795,"7.30900 2.93800 0.90000, -3.25000 0.85000 0.10000"
1764,0.0000,Tx-Rx,0,-53.2951,"7.30900 2.93800 0.90000, -2.95000 0.85000 0.10000"
1765,0.0000,Tx-Rx,0,-53.2040,"7.30900 2.93800 0.90000, -2.65000 0.85000 0.10000"
1766,0.0000,Tx-Rx,0,-52.9608,"7.30900 2.93800 0.90000, -2.35000 0.85000 0.10000"
1767,0.0000,Tx-Rx,0,-52.8483,"7.30900 2.93800 0.90000, -2.05000 0.85000 0.10000"
1768,0.0000,Tx-Rx,0,-52.6466,"7.30900 2.93800 0.90000, -1.75000 0.85000 0.10000"
1769,0.0000,Tx-Rx,0,-52.4894,"7.30900 2.93800 0.90000, -1.45000 0.85000 0.10000"
1770,0.0000,Tx-Rx,0,-52.2938,"7.30900 2.93800 0.90000, -1.15000 0.85000 0.10000"
1771,0.0000,Tx-Rx,0,-51.9802,"7.30900 2.93800 0.90000, -0.85000 0.85000 0.10000"
1772,0.0000,Tx-Rx,0,-51.6917,"7.30900 2.93800 0.90000, -0.55000 0.85000 0.10000"
1773,0.0000,Tx-Rx,0,-51.5050,"7.30900 2.93800 0.90000, -0.25000 0.85000 0.10000"
1774,0.0000,Tx-Rx,0,-50.9857,"7.30900 2.93800 0.90000, 0.05000 0.85000 0.10000"
1775,0.0000,Tx-Rx,0,-50.5699,"7.30900 2.93800 0.90000, 0.35000 0.85000 0.10000"
1776,0.0000,Tx-Rx,0,-50.3428,"7.30900 2.93800 0.90000, 0.65000 0.85000 0.10000"
1777,0.0000,Tx-Rx,0,-50.0620,"7.30900 2.93800 0.90000, 0.95000 0.85000 0.10000"
1778,0.0000,Tx-Rx,0,-49.8361,"7.30900 2.93800 0.90000, 1.25000 0.85000 0.10000"
1779,0.0000,Tx-Rx,0,-49.6412,"7.30900 2.93800 0.90000, 1.55000 0.85000 0.10000"
1780,0.0000,Tx-Rx,0,-50.4014,"7.30900 2.93800 0.90000, 1.85000 0.85000 0.10000"
1781,0.0000,Tx-Rx,0,-51.8600,"7.30900 2.93800 0.90000, 2.15000 0.85000 0.10000"
1782,0.0000,Tx-Rx,0,-53.6802,"7.30900 2.93800 0.90000, 2.45000 0.85000 0.10000"
1783,0.0000,Tx-Rx,0,-55.2833,"7.30900 2.93800 0.90000, 2.75000 0.85000 0.10000"
1784,0.0000,Tx-Rx,0,-55.8965,"7.30900 2.93800 0.90000, 3.05000 0.85000 0.10000"
1785,0.0000,Tx-Rx,0,-56.5866,"7.30900 2.93800 0.90000, 3.35000 0.85000 0.10000"
1786,0.0000,Tx-Rx,0,-56.7252,"7.30900 2.93800 0.90000, 3.65000 0.85000 0.10000"
1787,0.0000,Tx-Rx,0,-58.2015,"7.30900 2.93800 0.90000, 3.95000 0.85000 0.10000"
1788,0.0000,Tx-Rx,0,-62.5313,"7.30900 2.93800 0.90000, 4.25000 0.85000 0.10000"
1789,0.0000,Tx-Rx,0,-62.8085,"7.30900 2.93800 0.90000, 4.55000 0.85000 0.10000"
1790,0.0000,Tx-Rx,0,-59.1225,"7.30900 2.93800 0.90000, 4.85000 0.85000 0.10000"
1791,0.0000,Tx-Rx,0,-55.1089,"7.30900 2.93800 0.90000, 5.15000 0.85000 0.10000"
1792,0.0000,Tx-Rx,0,-54.2771,"7.30900 2.93800 0.90000, 5.45000 0.85000 0.10000"
1793,0.0000,Tx-Rx,0,-54.1465,"7.30900 2.93800 0.90000, 5.75000 0.85000 0.10000"
1794,0.0000,Tx-Rx,0,-53.7775,"7.30900 2.93800 0.90000, 6.05000 0.85000 0.10000"
1795,0.0000,Tx-Rx,0,-59.9214,"7.30900 2.93800 0.90000, 6.35000 0.85000 0.10000"
1796,0.0000,Tx-Rx,0,-75.9205,"7.30900 2.93800 0.90000, 6.65000 0.85000 0.10000"
1797,0.0000,Tx-Rx,0,-78.3994,"7.30900 2.93800 0.90000, 6.95000 0.85000 0.10000"
1798,0.0000,Tx-Rx,0,-79.7054,"7.30900 2.93800 0.90000, 7.25000 0.85000 0.10000"
1799,0.0000,Tx-Rx,0,-79.6703,"7.30900 2.93800 0.90000, 7.55000 0.85000 0.10000"
1800,0.0000,Tx-Rx,0,-79.8310,"7.30900 2.93800 0.90000, 7.85000 0.85000 0.10000"
1801,0.0000,Tx-Rx,0,-58.2214,"7.30900 2.93800 0.90000, -9.85000 1.15000 0.10000"
1802,0.0000,Tx-Rx,0,-56.9496,"7.30900 2.93800 0.90000, -9.55000 1.15000 0.10000"
1803,0.0000,Tx-Rx,0,-55.5093,"7.30900 2.93800 0.90000, -9.25000 1.15000 0.10000"
1804,0.0000,Tx-Rx,0,-55.4964,"7.30900 2.93800 0.90000, -8.95000 1.15000 0.10000"
1805,0.0000,Tx-Rx,0,-54.8889,"7.30900 2.93800 0.90000, -8.65000 1.15000 0.10000"
1806,0.0000,Tx-Rx,0,-54.7466,"7.30900 2.93800 0.90000, -8.35000 1.15000 0.10000"
1807,0.0000,Tx-Rx,0,-54.2994,"7.30900 2.93800 0.90000, -8.05000 1.15000 0.10000"
1808,0.0000,Tx-Rx,0,-54.3437,"7.30900 2.93800 0.90000, -7.75000 1.15000 0.10000"
1809,0.0000,Tx-Rx,0,-54.2012,"7.30900 2.93800 0.90000, -7.45000 1.15000 0.10000"
1810,0.0000,Tx-Rx,0,-54.0865,"7.30900 2.93800 0.90000, -7.15000 1.15000 0.10000"
1811,0.0000,Tx-Rx,0,-53.9638,"7.30900 2.93800 0.90000, -6.85000 1.15000 0.10000"
1812,0.0000,Tx-Rx,0,-53.7973,"7.30900 2.93800 0.90000, -6.55000 1.15000 0.10000"
1813,0.0000,Tx-Rx,0,-54.4261,"7.30900 2.93800 0.90000, -6.25000 1.15000 0.10000"
1814,0.0000,Tx-Rx,0,-53.8538,"7.30900 2.93800 0.90000, -5.95000 1.15000 0.10000"
1815,0.0000,Tx-Rx,0,-54.2030,"7.30900 2.93800 0.90000, -5.65000 1.15000 0.10000"
1816,0.0000,Tx-Rx,0,-53.9488,"7.30900 2.93800 0.90000, -5.35000 1.15000 0.10000"
1817,0.0000,Tx-Rx,0,-54.9341,"7.30900 2.93800 0.90000, -5.05000 1.15000 0.10000"
1818,0.0000,Tx-Rx,0,-56.5401,"7.30900 2.93800 0.90000, -4.75000 1.15000 0.10000"
1819,0.0000,Tx-Rx,0,-58.0731,"7.30900 2.93800 0.90000, -4.45000 1.15000 0.10000"
1820,0.0000,Tx-Rx,0,-58.6459,"7.30900 2.93800 0.90000, -4.15000 1.15000 0.10000"
1821,0.0000,Tx-Rx,0,-56.1998,"7.30900 2.93800 0.90000, -3.85000 1.15000 0.10000"
1822,0.0000,Tx-Rx,0,-53.9095,"7.30900 2.93800 0.90000, -3.55000 1.15000 0.10000"
1823,0.0000,Tx-Rx,0,-53.5539,"7.30900 2.93800 0.90000, -3.25000 1.15000 0.10000"
1824,0.0000,Tx-Rx,0,-53.3771,"7.30900 2.93800 0.90000, -2.95000 1.15000 0.10000"
1825,0.0000,Tx-Rx,0,-53.2196,"7.30900 2.93800 0.90000, -2.65000 1.15000 0.10000"
1826,0.0000,Tx-Rx,0,-52.9691,"7.30900 2.93800 0.90000, -2.35000 1.15000 0.10000"
1827,0.0000,Tx-Rx,0,-52.6651,"7.30900 2.93800 0.90000, -2.05000 1.15000 0.10000"
1828,0.0000,Tx-Rx,0,-52.5345,"7.30900 2.93800 0.90000, -1.75000 1.15000 0.10000"
1829,0.0000,Tx-Rx,0,-52.2503,"7.30900 2.93800 0.90000, -1.45000 1.15000 0.10000"
1830,0.0000,Tx-Rx,0,-51.9755,"7.30900 2.93800 0.90000, -1.15000 1.15000 0.10000"
1831,0.0000,Tx-Rx,0,-51.8492,"7.30900 2.93800 0.90000, -0.85000 1.15000 0.10000"
1832,0.0000,Tx-Rx,0,-51.6169,"7.30900 2.93800 0.90000, -0.55000 1.15000 0.10000"
1833,0.0000,Tx-Rx,0,-51.1434,"7.30900 2.93800 0.90000, -0.25000 1.15000 0.10000"
1834,0.0000,Tx-Rx,0,-50.8285,"7.30900 2.93800 0.90000, 0.05000 1.15000 0.10000"
1835,0.0000,Tx-Rx,0,-50.5072,"7.30900 2.93800 0.90000, 0.35000 1.15000 0.10000"
1836,0.0000,Tx-Rx,0,-50.2719,"7.30900 2.93800 0.90000, 0.65000 1.15000 0.10000"
1837,0.0000,Tx-Rx,0,-49.9560,"7.30900 2.93800 0.90000, 0.95000 1.15000 0.10000"
1838,0.0000,Tx-Rx,0,-49.7412,"7.30900 2.93800 0.90000, 1.25000 1.15000 0.10000"
1839,0.0000,Tx-Rx,0,-49.5287,"7.30900 2.93800 0.90000, 1.55000 1.15000 0.10000"
1840,0.0000,Tx-Rx,0,-49.1503,"7.30900 2.93800 0.90000, 1.85000 1.15000 0.10000"
1841,0.0000,Tx-Rx,0,-48.7132,"7.30900 2.93800 0.90000, 2.15000 1.15000 0.10000"
1842,0.0000,Tx-Rx,0,-48.7587,"7.30900 2.93800 0.90000, 2.45000 1.15000 0.10000"
1843,0.0000,Tx-Rx,0,-50.4771,"7.30900 2.93800 0.90000, 2.75000 1.15000 0.10000"
1844,0.0000,Tx-Rx,0,-53.4786,"7.30900 2.93800 0.90000, 3.05000 1.15000 0.10000"
1845,0.0000,Tx-Rx,0,-55.3884,"7.30900 2.93800 0.90000, 3.35000 1.15000 0.10000"
1846,0.0000,Tx-Rx,0,-55.6039,"7.30900 2.93800 0.90000, 3.65000 1.15000 0.10000"
1847,0.0000,Tx-Rx,0,-56.2244,"7.30900 2.93800 0.90000, 3.95000 1.15000 0.10000"
1848,0.0000,Tx-Rx,0,-61.5514,"7.30900 2.93800 0.90000, 4.25000 1.15000 0.10000"
1849,0.0000,Tx-Rx,0,-65.0830,"7.30900 2.93800 0.90000, 4.55000 1.15000 0.10000"
1850,0.0000,Tx-Rx,0,-66.1964,"7.30900 2.93800 0.90000, 4.85000 1.15000 0.10000"
1851,0.0000,Tx-Rx,0,-60.5507,"7.30900 2.93800 0.90000, 5.15000 1.15000 0.10000"
1852,0.0000,Tx-Rx,0,-54.8928,"7.30900 2.93800 0.90000, 5.45000 1.15000 0.10000"
1853,0.0000,Tx-Rx,0,-54.0564,"7.30900 2.93800 0.90000, 5.75000 1.15000 0.10000"
1854,0.0000,Tx-Rx,0,-53.6334,"7.30900 2.93800 0.90000, 6.05000 1.15000 0.10000"
1855,0.0000,Tx-Rx,0,-52.3853,"7.30900 2.93800 0.90000, 6.35000 1.15000 0.10000"
1856,0.0000,Tx-Rx,0,-51.4697,"7.30900 2.93800 0.90000, 6.65000 1.15000 0.10000"
1857,0.0000,Tx-Rx,0,-50.2762,"7.30900 2.93800 0.90000, 6.95000 1.15000 0.10000"
1858,0.0000,Tx-Rx,0,-42.6825,"7.30900 2.93800 0.90000, 7.25000 1.15000 0.10000"
1859,0.0000,Tx-Rx,0,-42.7958,"7.30900 2.93800 0.90000, 7.55000 1.15000 0.10000"
1860,0.0000,Tx-Rx,0,-43.4437,"7.30900 2.93800 0.90000, 7.85000 1.15000 0.10000"
1861,0.0000,Tx-Rx,0,-54.7868,"7.30900 2.93800 0.90000, -9.85000 1.45000 0.10000"
1862,0.0000,Tx-Rx,0,-54.5746,"7.30900 2.93800 0.90000, -9.55000 1.45000 0.10000"
1863,0.0000,Tx-Rx,0,-54.8088,"7.30900 2.93800 0.90000, -9.25000 1.45000 0.10000"
1864,0.0000,Tx-Rx,0,-54.9977,"7.30900 2.93800 0.90000, -8.95000 1.45000 0.10000"
1865,0.0000,Tx-Rx,0,-55.0831,"7.30900 2.93800 0.90000, -8.65000 1.45000 0.10000"
1866,0.0000,Tx-Rx,0,-54.4063,"7.30900 2.93800 0.90000, -8.35000 1.45000 0.10000"
1867,0.0000,Tx-Rx,0,-54.2437,"7.30900 2.93800 0.90000, -8.05000 1.45000 0.10000"
1868,0.0000,Tx-Rx,0,-54.0179,"7.30900 2.93800 0.90000, -7.75000 1.45000 0.10000"
1869,0.0000,Tx-Rx,0,-53.8188,"7.30900 2.93800 0.90000, -7.45000 1.45000 0.10000"
1870,0.0000,Tx-Rx,0,-53.5901,"7.30900 2.93800 0.90000, -7.15000 1.45000 0.10000"
1871,0.0000,Tx-Rx,0,-53.6242,"7.30900 2.93800 0.90000, -6.85000 1.45000 0.10000"
1872,0.0000,Tx-Rx,0,-53.4077,"7.30900 2.93800 0.90000, -6.55000 1.45000 0.10000"
1873,0.0000,Tx-Rx,0,-53.8462,"7.30900 2.93800 0.90000, -6.25000 1.45000 0.10000"
1874,0.0000,Tx-Rx,0,-53.9633,"7.30900 2.93800 0.90000, -5.95000 1.45000 0.10000"
1875,0.0000,Tx-Rx,0,-53.8191,"7.30900 2.93800 0.90000, -5.65000 1.45000 0.10000"
1876,0.0000,Tx-Rx,0,-53.3815,"7.30900 2.93800 0.90000, -5.35000 1.45000 0.10000"
1877,0.0000,Tx-Rx,0,-52.9271,"7.30900 2.93800 0.90000, -5.05000 1.45000 0.10000"
1878,0.0000,Tx-Rx,0,-53.2094,"7.30900 2.93800 0.90000, -4.75000 1.45000 0.10000"
1879,0.0000,Tx-Rx,0,-53.1141,"7.30900 2.93800 0.90000, -4.45000 1.45000 0.10000"
1880,0.0000,Tx-Rx,0,-52.6115,"7.30900 2.93800 0.90000, -4.15000 1.45000 0.10000"
1881,0.0000,Tx-Rx,0,-53.4256,"7.30900 2.93800 0.90000, -3.85000 1.45000 0.10000"
1882,0.0000,Tx-Rx,0,-53.2407,"7.30900 2.93800 0.90000, -3.55000 1.45000 0.10000"
1883,0.0000,Tx-Rx,0,-53.2554,"7.30900 2.93800 0.90000, -3.25000 1.45000 0.10000"
1884,0.0000,Tx-Rx,0,-53.3840,"7.30900 2.93800 0.90000, -2.95000 1.45000 0.10000"
1885,0.0000,Tx-Rx,0,-53.1648,"7.30900 2.93800 0.90000, -2.65000 1.45000 0.10000"
1886,0.0000,Tx-Rx,0,-53.0310,"7.30900 2.93800 0.90000, -2.35000 1.45000 0.10000"
1887,0.0000,Tx-Rx,0,-52.7914,"7.30900 2.93800 0.90000, -2.05000 1.45000 0.10000"
1888,0.0000,Tx-Rx,0,-52.3149,"7.30900 2.93800 0.90000, -1.75000 1.45000 0.10000"
1889,0.0000,Tx-Rx,0,-52.1979,"7.30900 2.93800 0.90000, -1.45000 1.45000 0.10000"
1890,0.0000,Tx-Rx,0,-51.8620,"7.30900 2.93800 0.90000, -1.15000 1.45000 0.10000"
1891,0.0000,Tx-Rx,0,-51.7856,"7.30900 2.93800 0.90000, -0.85000 1.45000 0.10000"
1892,0.0000,Tx-Rx,0,-51.2326,"7.30900 2.93800 0.90000, -0.55000 1.45000 0.10000"
1893,0.0000,Tx-Rx,0,-50.7809,"7.30900 2.93800 0.90000, -0.25000 1.45000 0.10000"
1894,0.0000,Tx-Rx,0,-50.5946,"7.30900 2.93800 0.90000, 0.05000 1.45000 0.10000"
1895,0.0000,Tx-Rx,0,-50.2644,"7.30900 2.93800 0.90000, 0.35000 1.45000 0.10000"
1896,0.0000,Tx-Rx,0,-50.0758,"7.30900 2.93800 0.90000, 0.65000 1.45000 0.10000"
1897,0.0000,Tx-Rx,0,-49.8584,"7.30900 2.93800 0.90000, 0.95000 1.45000 0.10000"
1898,0.0000,Tx-Rx,0,-49.6048,"7.30900 2.93800 0.90000, 1.25000 1.45000 0.10000"
1899,0.0000,Tx-Rx,0,-49.4589,"7.30900 2.93800 0.90000, 1.55000 1.45000 0.10000"
1900,0.0000,Tx-Rx,0,-49.0103,"7.30900 2.93800 0.90000, 1.85000 1.45000 0.10000"
1901,0.0000,Tx-Rx,0,-48.5556,"7.30900 2.93800 0.90000, 2.15000 1.45000 0.10000"
1902,0.0000,Tx-Rx,0,-48.0146,"7.30900 2.93800 0.90000, 2.45000 1.45000 0.10000"
1903,0.0000,Tx-Rx,0,-48.0457,"7.30900 2.93800 0.90000, 2.75000 1.45000 0.10000"
1904,0.0000,Tx-Rx,0,-47.7996,"7.30900 2.93800 0.90000, 3.05000 1.45000 0.10000"
1905,0.0000,Tx-Rx,0,-48.4586,"7.30900 2.93800 0.90000, 3.35000 1.45000 0.10000"
1906,0.0000,Tx-Rx,0,-50.3106,"7.30900 2.93800 0.90000, 3.65000 1.45000 0.10000"
1907,0.0000,Tx-Rx,0,-53.5114,"7.30900 2.93800 0.90000, 3.95000 1.45000 0.10000"
1908,0.0000,Tx-Rx,0,-56.4518,"7.30900 2.93800 0.90000, 4.25000 1.45000 0.10000"
1909,0.0000,Tx-Rx,0,-60.0011,"7.30900 2.93800 0.90000, 4.55000 1.45000 0.10000"
1910,0.0000,Tx-Rx,0,-63.2931,"7.30900 2.93800 0.90000, 4.85000 1.45000 0.10000"
1911,0.0000,Tx-Rx,0,-66.5557,"7.30900 2.93800 0.90000, 5.15000 1.45000 0.10000"
1912,0.0000,Tx-Rx,0,-64.8965,"7.30900 2.93800 0.90000, 5.45000 1.45000 0.10000"
1913,0.0000,Tx-Rx,0,-52.4661,"7.30900 2.93800 0.90000, 5.75000 1.45000 0.10000"
1914,0.0000,Tx-Rx,0,-51.4053,"7.30900 2.93800 0.90000, 6.05000 1.45000 0.10000"
1915,0.0000,Tx-Rx,0,-51.2137,"7.30900 2.93800 0.90000, 6.35000 1.45000 0.10000"
1916,0.0000,Tx-Rx,0,-46.6509,"7.30900 2.93800 0.90000, 6.65000 1.45000 0.10000"
1917,0.0000,Tx-Rx,0,-48.0587,"7.30900 2.93800 0.90000, 6.95000 1.45000 0.10000"
1918,0.0000,Tx-Rx,0,-39.5552,"7.30900 2.93800 0.90000, 7.25000 1.45000 0.10000"
1919,0.0000,Tx-Rx,0,-39.8394,"7.30900 2.93800 0.90000, 7.55000 1.45000 0.10000"
1920,0.0000,Tx-Rx,0,-40.2066,"7.30900 2.93800 0.90000, 7.85000 1.45000 0.10000"
1921,0.0000,Tx-Rx,0,-55.8199,"7.30900 2.93800 0.90000, -9.85000 1.75000 0.10000"
1922,0.0000,Tx-Rx,0,-55.3074,"7.30900 2.93800 0.90000, -9.55000 1.75000 0.10000"
1923,0.0000,Tx-Rx,0,-54.9935,"7.30900 2.93800 0.90000, -9.25000 1.75000 0.10000"
1924,0.0000,Tx-Rx,0,-54.6399,"7.30900 2.93800 0.90000, -8.95000 1.75000 0.10000"
1925,0.0000,Tx-Rx,0,-54.3124,"7.30900 2.93800 0.90000, -8.65000 1.75000 0.10000"
1926,0.0000,Tx-Rx,0,-54.0456,"7.30900 2.93800 0.90000, -8.35000 1.75000 0.10000"
1927,0.0000,Tx-Rx,0,-53.9458,"7.30900 2.93800 0.90000, -8.05000 1.75000 0.10000"
1928,0.0000,Tx-Rx,0,-53.6633,"7.30900 2.93800 0.90000, -7.75000 1.75000 0.10000"
1929,0.0000,Tx-Rx,0,-54.7542,"7.30900 2.93800 0.90000, -7.45000 1.75000 0.10000"
1930,0.0000,Tx-Rx,0,-54.5738,"7.30900 2.93800 0.90000, -7.15000 1.75000 0.10000"
1931,0.0000,Tx-Rx,0,-54.0912,"7.30900 2.93800 0.90000, -6.85000 1.75000 0.10000"
1932,0.0000,Tx-Rx,0,-54.2945,"7.30900 2.93800 0.90000, -6.55000 1.75000 0.10000"
1933,0.0000,Tx-Rx,0,-55.1247,"7.30900 2.93800 0.90000, -6.25000 1.75000 0.10000"
1934,0.0000,Tx-Rx,0,-55.7991,"7.30900 2.93800 0.90000, -5.95000 1.75000 0.10000"
1935,0.0000,Tx-Rx,0,-55.2384,"7.30900 2.93800 0.90000, -5.65000 1.75000 0.10000"
1936,0.0000,Tx-Rx,0,-55.0844,"7.30900 2.93800 0.90000, -5.35000 1.75000 0.10000"
1937,0.0000,Tx-Rx,0,-54.6738,"7.30900 2.93800 0.90000, -5.05000 1.75000 0.10000"
1938,0.0000,Tx-Rx,0,-55.1442,"7.30900 2.93800 0.90000, -4.75000 1.75000 0.10000"
1939,0.0000,Tx-Rx,0,-54.9053,"7.30900 2.93800 0.90000, -4.45000 1.75000 0.10000"
1940,0.0000,Tx-Rx,0,-54.0477,"7.30900 2.93800 0.90000, -4.15000 1.75000 0.10000"
1941,0.0000,Tx-Rx,0,-53.4873,"7.30900 2.93800 0.90000, -3.85000 1.75000 0.10000"
1942,0.0000,Tx-Rx,0,-53.0577,"7.30900 2.93800 0.90000, -3.55000 1.75000 0.10000"
1943,0.0000,Tx-Rx,0,-52.9208,"7.30900 2.93800 0.90000, -3.25000 1.75000 0.10000"
1944,0.0000,Tx-Rx,0,-52.7281,"7.30900 2.93800 0.90000, -2.95000 1.75000 0.10000"
1945,0.0000,Tx-Rx,0,-52.6902,"7.30900 2.93800 0.90000, -2.65000 1.75000 0.10000"
1946,0.0000,Tx-Rx,0,-52.8108,"7.30900 2.93800 0.90000, -2.35000 1.75000 0.10000"
1947,0.0000,Tx-Rx,0,-52.6207,"7.30900 2.93800 0.90000, -2.05000 1.75000 0.10000"
1948,0.0000,Tx-Rx,0,-52.4497,"7.30900 2.93800 0.90000, -1.75000 1.75000 0.10000"
1949,0.0000,Tx-Rx,0,-51.9468,"7.30900 2.93800 0.90000, -1.45000 1.75000 0.10000"
1950,0.0000,Tx-Rx,0,-51.6655,"7.30900 2.93800 0.90000, -1.15000 1.75000 0.10000"
1951,0.0000,Tx-Rx,0,-51.2820,"7.30900 2.93800 0.90000, -0.85000 1.75000 0.10000"
1952,0.0000,Tx-Rx,0,-50.7834,"7.30900 2.93800 0.90000, -0.55000 1.75000 0.10000"
1953,0.0000,Tx-Rx,0,-50.6003,"7.30900 2.93800 0.90000, -0.25000 1.75000 0.10000"
1954,0.0000,Tx-Rx,0,-50.3634,"7.30900 2.93800 0.90000, 0.05000 1.75000 0.10000"
1955,0.0000,Tx-Rx,0,-50.0227,"7.30900 2.93800 0.90000, 0.35000 1.75000 0.10000"
1956,0.0000,Tx-Rx,0,-49.8137,"7.30900 2.93800 0.90000, 0.65000 1.75000 0.10000"
1957,0.0000,Tx-Rx,0,-49.5553,"7.30900 2.93800 0.90000, 0.95000 1.75000 0.10000"
1958,0.0000,Tx-Rx,0,-49.2941,"7.30900 2.93800 0.90000, 1.25000 1.75000 0.10000"
1959,0.0000,Tx-Rx,0,-49.1944,"7.30900 2.93800 0.90000, 1.55000 1.75000 0.10000"
1960,0.0000,Tx-Rx,0,-48.9412,"7.30900 2.93800 0.90000, 1.85000 1.75000 0.10000"
1961,0.0000,Tx-Rx,0,-48.4582,"7.30900 2.93800 0.90000, 2.15000 1.75000 0.10000"
1962,0.0000,Tx-Rx,0,-48.0031,"7.30900 2.93800 0.90000, 2.45000 1.75000 0.10000"
1963,0.0000,Tx-Rx,0,-48.0496,"7.30900 2.93800 0.90000, 2.75000 1.75000 0.10000"
1964,0.0000,Tx-Rx,0,-47.5695,"7.30900 2.93800 0.90000, 3.05000 1.75000 0.10000"
1965,0.0000,Tx-Rx,0,-47.0195,"7.30900 2.93800 0.90000, 3.35000 1.75000 0.10000"
1966,0.0000,Tx-Rx,0,-45.9360,"7.30900 2.93800 0.90000, 3.65000 1.75000 0.10000"
1967,0.0000,Tx-Rx,0,-45.7634,"7.30900 2.93800 0.90000, 3.95000 1.75000 0.10000"
1968,0.0000,Tx-Rx,0,-46.9029,"7.30900 2.93800 0.90000, 4.25000 1.75000 0.10000"
1969,0.0000,Tx-Rx,0,-51.0716,"7.30900 2.93800 0.90000, 4.55000 1.75000 0.10000"
1970,0.0000,Tx-Rx,0,-57.9239,"7.30900 2.93800 0.90000, 4.85000 1.75000 0.10000"
1971,0.0000,Tx-Rx,0,-61.4546,"7.30900 2.93800 0.90000, 5.15000 1.75000 0.10000"
1972,0.0000,Tx-Rx,0,-63.3095,"7.30900 2.93800 0.90000, 5.45000 1.75000 0.10000"
1973,0.0000,Tx-Rx,0,-50.7567,"7.30900 2.93800 0.90000, 5.75000 1.75000 0.10000"
1974,0.0000,Tx-Rx,0,-48.3738,"7.30900 2.93800 0.90000, 6.05000 1.75000 0.10000"
1975,0.0000,Tx-Rx,0,-48.2273,"7.30900 2.93800 0.90000, 6.35000 1.75000 0.10000"
1976,0.0000,Tx-Rx,0,-40.4136,"7.30900 2.93800 0.90000, 6.65000 1.75000 0.10000"
1977,0.0000,Tx-Rx,0,-43.4892,"7.30900 2.93800 0.90000, 6.95000 1.75000 0.10000"
1978,0.0000,Tx-Rx,0,-39.3864,"7.30900 2.93800 0.90000, 7.25000 1.75000 0.10000"
1979,0.0000,Tx-Rx,0,-39.4581,"7.30900 2.93800 0.90000, 7.55000 1.75000 0.10000"
1980,0.0000,Tx-Rx,0,-39.5524,"7.30900 2.93800 0.90000, 7.85000 1.75000 0.10000"
1981,0.0000,Tx-Rx,0,-63.5028,"7.30900 2.93800 0.90000, -9.85000 2.05000 0.10000"
1982,0.0000,Tx-Rx,0,-62.3856,"7.30900 2.93800 0.90000, -9.55000 2.05000 0.10000"
1983,0.0000,Tx-Rx,0,-61.6511,"7.30900 2.93800 0.90000, -9.25000 2.05000 0.10000"
1984,0.0000,Tx-Rx,0,-61.9540,"7.30900 2.93800 0.90000, -8.95000 2.05000 0.10000"
1985,0.0000,Tx-Rx,0,-61.8280,"7.30900 2.93800 0.90000, -8.65000 2.05000 0.10000"
1986,0.0000,Tx-Rx,0,-61.7581,"7.30900 2.93800 0.90000, -8.35000 2.05000 0.10000"
1987,0.0000,Tx-Rx,0,-58.3855,"7.30900 2.93800 0.90000, -8.05000 2.05000 0.10000"
1988,0.0000,Tx-Rx,0,-55.3898,"7.30900 2.93800 0.90000, -7.75000 2.05000 0.10000"
1989,0.0000,Tx-Rx,0,-55.2960,"7.30900 2.93800 0.90000, -7.45000 2.05000 0.10000"
1990,0.0000,Tx-Rx,0,-55.1785,"7.30900 2.93800 0.90000, -7.15000 2.05000 0.10000"
1991,0.0000,Tx-Rx,0,-54.7913,"7.30900 2.93800 0.90000, -6.85000 2.05000 0.10000"
1992,0.0000,Tx-Rx,0,-54.6042,"7.30900 2.93800 0.90000, -6.55000 2.05000 0.10000"
1993,0.0000,Tx-Rx,0,-55.6169,"7.30900 2.93800 0.90000, -6.25000 2.05000 0.10000"
1994,0.0000,Tx-Rx,0,-55.8198,"7.30900 2.93800 0.90000, -5.95000 2.05000 0.10000"
1995,0.0000,Tx-Rx,0,-55.9799,"7.30900 2.93800 0.90000, -5.65000 2.05000 0.10000"
1996,0.0000,Tx-Rx,0,-55.9336,"7.30900 2.93800 0.90000, -5.35000 2.05000 0.10000"
1997,0.0000,Tx-Rx,0,-55.7863,"7.30900 2.93800 0.90000, -5.05000 2.05000 0.10000"
1998,0.0000,Tx-Rx,0,-55.7239,"7.30900 2.93800 0.90000, -4.75000 2.05000 0.10000"
1999,0.0000,Tx-Rx,0,-55.5255,"7.30900 2.93800 0.90000, -4.45000 2.05000 0.10000"
2000,0.0000,Tx-Rx,0,-55.2317,"7.30900 2.93800 0.90000, -4.15000 2.05000 0.10000"
2001,0.0000,Tx-Rx,0,-54.7852,"7.30900 2.93800 0.90000, -3.85000 2.05000 0.10000"
2002,0.0000,Tx-Rx,0,-54.1743,"7.30900 2.93800 0.90000, -3.55000 2.05000 0.10000"
2003,0.0000,Tx-Rx,0,-53.9188,"7.30900 2.93800 0.90000, -3.25000 2.05000 0.10000"
2004,0.0000,Tx-Rx,0,-53.4472,"7.30900 2.93800 0.90000, -2.95000 2.05000 0.10000"
2005,0.0000,Tx-Rx,0,-52.8630,"7.30900 2.93800 0.90000, -2.65000 2.05000 0.10000"
2006,0.0000,Tx-Rx,0,-52.5756,"7.30900 2.93800 0.90000, -2.35000 2.05000 0.10000"
2007,0.0000,Tx-Rx,0,-52.4496,"7.30900 2.93800 0.90000, -2.05000 2.05000 0.10000"
2008,0.0000,Tx-Rx,0,-52.2850,"7.30900 2.93800 0.90000, -1.75000 2.05000 0.10000"
2009,0.0000,Tx-Rx,0,-52.2282,"7.30900 2.93800 0.90000, -1.45000 2.05000 0.10000"
2010,0.0000,Tx-Rx,0,-51.8423,"7.30900 2.93800 0.90000, -1.15000 2.05000 0.10000"
2011,0.0000,Tx-Rx,0,-50.9350,"7.30900 2.93800 0.90000, -0.85000 2.05000 0.10000"
2012,0.0000,Tx-Rx,0,-50.6812,"7.30900 2.93800 0.90000, -0.55000 2.05000 0.10000"
2013,0.0000,Tx-Rx,0,-50.4224,"7.30900 2.93800 0.90000, -0.25000 2.05000 0.10000"
2014,0.0000,Tx-Rx,0,-50.2511,"7.30900 2.93800 0.90000, 0.05000 2.05000 0.10000"
2015,0.0000,Tx-Rx,0,-50.0474,"7.30900 2.93800 0.90000, 0.35000 2.05000 0.10000"
2016,0.0000,Tx-Rx,0,-49.7279,"7.30900 2.93800 0.90000, 0.65000 2.05000 0.10000"
2017,0.0000,Tx-Rx,0,-49.5340,"7.30900 2.93800 0.90000, 0.95000 2.05000 0.10000"
2018,0.0000,Tx-Rx,0,-49.4795,"7.30900 2.93800 0.90000, 1.25000 2.05000 0.10000"
2019,0.0000,Tx-Rx,0,-49.1782,"7.30900 2.93800 0.90000, 1.55000 2.05000 0.10000"
2020,0.0000,Tx-Rx,0,-48.7482,"7.30900 2.93800 0.90000, 1.85000 2.05000 0.10000"
2021,0.0000,Tx-Rx,0,-48.3251,"7.30900 2.93800 0.90000, 2.15000 2.05000 0.10000"
2022,0.0000,Tx-Rx,0,-48.1143,"7.30900 2.93800 0.90000, 2.45000 2.05000 0.10000"
2023,0.0000,Tx-Rx,0,-48.2372,"7.30900 2.93800 0.90000, 2.75000 2.05000 0.10000"
2024,0.0000,Tx-Rx,0,-47.6888,"7.30900 2.93800 0.90000, 3.05000 2.05000 0.10000"
2025,0.0000,Tx-Rx,0,-47.0408,"7.30900 2.93800 0.90000, 3.35000 2.05000 0.10000"
2026,0.0000,Tx-Rx,0,-45.7730,"7.30900 2.93800 0.90000, 3.65000 2.05000 0.10000"
2027,0.0000,Tx-Rx,0,-44.9315,"7.30900 2.93800 0.90000, 3.95000 2.05000 0.10000"
2028,0.0000,Tx-Rx,0,-43.9802,"7.30900 2.93800 0.90000, 4.25000 2.05000 0.10000"
2029,0.0000,Tx-Rx,0,-42.9043,"7.30900 2.93800 0.90000, 4.55000 2.05000 0.10000"
2030,0.0000,Tx-Rx,0,-44.8557,"7.30900 2.93800 0.90000, 4.85000 2.05000 0.10000"
2031,0.0000,Tx-Rx,0,-44.3069,"7.30900 2.93800 0.90000, 5.15000 2.05000 0.10000"
2032,0.0000,Tx-Rx,0,-44.6796,"7.30900 2.93800 0.90000, 5.45000 2.05000 0.10000"
2033,0.0000,Tx-Rx,0,-43.5621,"7.30900 2.93800 0.90000, 5.75000 2.05000 0.10000"
2034,0.0000,Tx-Rx,0,-42.5918,"7.30900 2.93800 0.90000, 6.05000 2.05000 0.10000"
2035,0.0000,Tx-Rx,0,-41.4538,"7.30900 2.93800 0.90000, 6.35000 2.05000 0.10000"
2036,0.0000,Tx-Rx,0,-38.3289,"7.30900 2.93800 0.90000, 6.65000 2.05000 0.10000"
2037,0.0000,Tx-Rx,0,-40.9753,"7.30900 2.93800 0.90000, 6.95000 2.05000 0.10000"
2038,0.0000,Tx-Rx,0,-38.6377,"7.30900 2.93800 0.90000, 7.25000 2.05000 0.10000"
2039,0.0000,Tx-Rx,0,-38.5764,"7.30900 2.93800 0.90000, 7.55000 2.05000 0.10000"
2040,0.0000,Tx-Rx,0,-38.7853,"7.30900 2.93800 0.90000, 7.85000 2.05000 0.10000"
2041,0.0000,Tx-Rx,0,-83.5793,"7.30900 2.93800 0.90000, -9.85000 2.35000 0.10000"
2042,0.0000,Tx-Rx,0,-79.8611,"7.30900 2.93800 0.90000, -9.55000 2.35000 0.10000"
2043,0.0000,Tx-Rx,0,-82.6684,"7.30900 2.93800 0.90000, -9.25000 2.35000 0.10000"
2044,0.0000,Tx-Rx,0,-81.1062,"7.30900 2.93800 0.90000, -8.95000 2.35000 0.10000"
2045,0.0000,Tx-Rx,0,-80.2797,"7.30900 2.93800 0.90000, -8.65000 2.35000 0.10000"
2046,0.0000,Tx-Rx,0,-82.0445,"7.30900 2.93800 0.90000, -8.35000 2.35000 0.10000"
2047,0.0000,Tx-Rx,0,-60.2989,"7.30900 2.93800 0.90000, -8.05000 2.35000 0.10000"
2048,0.0000,Tx-Rx,0,-55.1245,"7.30900 2.93800 0.90000, -7.75000 2.35000 0.10000"
2049,0.0000,Tx-Rx,0,-54.9827,"7.30900 2.93800 0.90000, -7.45000 2.35000 0.10000"
2050,0.0000,Tx-Rx,0,-54.8602,"7.30900 2.93800 0.90000, -7.15000 2.35000 0.10000"
2051,0.0000,Tx-Rx,0,-54.8105,"7.30900 2.93800 0.90000, -6.85000 2.35000 0.10000"
2052,0.0000,Tx-Rx,0,-54.3895,"7.30900 2.93800 0.90000, -6.55000 2.35000 0.10000"
2053,0.0000,Tx-Rx,0,-55.8339,"7.30900 2.93800 0.90000, -6.25000 2.35000 0.10000"
2054,0.0000,Tx-Rx,0,-56.1429,"7.30900 2.93800 0.90000, -5.95000 2.35000 0.10000"
2055,0.0000,Tx-Rx,0,-56.2181,"7.30900 2.93800 0.90000, -5.65000 2.35000 0.10000"
2056,0.0000,Tx-Rx,0,-55.9319,"7.30900 2.93800 0.90000, -5.35000 2.35000 0.10000"
2057,0.0000,Tx-Rx,0,-55.9417,"7.30900 2.93800 0.90000, -5.05000 2.35000 0.10000"
2058,0.0000,Tx-Rx,0,-55.9354,"7.30900 2.93800 0.90000, -4.75000 2.35000 0.10000"
2059,0.0000,Tx-Rx,0,-55.7098,"7.30900 2.93800 0.90000, -4.45000 2.35000 0.10000"
2060,0.0000,Tx-Rx,0,-55.5602,"7.30900 2.93800 0.90000, -4.15000 2.35000 0.10000"
2061,0.0000,Tx-Rx,0,-55.3934,"7.30900 2.93800 0.90000, -3.85000 2.35000 0.10000"
2062,0.0000,Tx-Rx,0,-55.1021,"7.30900 2.93800 0.90000, -3.55000 2.35000 0.10000"
2063,0.0000,Tx-Rx,0,-55.4751,"7.30900 2.93800 0.90000, -3.25000 2.35000 0.10000"
2064,0.0000,Tx-Rx,0,-55.1702,"7.30900 2.93800 0.90000, -2.95000 2.35000 0.10000"
2065,0.0000,Tx-Rx,0,-54.7118,"7.30900 2.93800 0.90000, -2.65000 2.35000 0.10000"
2066,0.0000,Tx-Rx,0,-53.9971,"7.30900 2.93800 0.90000, -2.35000 2.35000 0.10000"
2067,0.0000,Tx-Rx,0,-53.2269,"7.30900 2.93800 0.90000, -2.05000 2.35000 0.10000"
2068,0.0000,Tx-Rx,0,-52.5743,"7.30900 2.93800 0.90000, -1.75000 2.35000 0.10000"
2069,0.0000,Tx-Rx,0,-52.3463,"7.30900 2.93800 0.90000, -1.45000 2.35000 0.10000"
2070,0.0000,Tx-Rx,0,-53.7724,"7.30900 2.93800 0.90000, -1.15000 2.35000 0.10000"
2071,0.0000,Tx-Rx,0,-54.7922,"7.30900 2.93800 0.90000, -0.85000 2.35000 0.10000"
2072,0.0000,Tx-Rx,0,-54.0711,"7.30900 2.93800 0.90000, -0.55000 2.35000 0.10000"
2073,0.0000,Tx-Rx,0,-53.4592,"7.30900 2.93800 0.90000, -0.25000 2.35000 0.10000"
2074,0.0000,Tx-Rx,0,-52.9078,"7.30900 2.93800 0.90000, 0.05000 2.35000 0.10000"
2075,0.0000,Tx-Rx,0,-52.3073,"7.30900 2.93800 0.90000, 0.35000 2.35000 0.10000"
2076,0.0000,Tx-Rx,0,-52.0625,"7.30900 2.93800 0.90000, 0.65000 2.35000 0.10000"
2077,0.0000,Tx-Rx,0,-51.2807,"7.30900 2.93800 0.90000, 0.95000 2.35000 0.10000"
2078,0.0000,Tx-Rx,0,-50.8226,"7.30900 2.93800 0.90000, 1.25000 2.35000 0.10000"
2079,0.0000,Tx-Rx,0,-50.4020,"7.30900 2.93800 0.90000, 1.55000 2.35000 0.10000"
2080,0.0000,Tx-Rx,0,-49.8694,"7.30900 2.93800 0.90000, 1.85000 2.35000 0.10000"
2081,0.0000,Tx-Rx,0,-49.8881,"7.30900 2.93800 0.90000, 2.15000 2.35000 0.10000"
2082,0.0000,Tx-Rx,0,-52.9400,"7.30900 2.93800 0.90000, 2.45000 2.35000 0.10000"
2083,0.0000,Tx-Rx,0,-54.0947,"7.30900 2.93800 0.90000, 2.75000 2.35000 0.10000"
2084,0.0000,Tx-Rx,0,-52.7619,"7.30900 2.93800 0.90000, 3.05000 2.35000 0.10000"
2085,0.0000,Tx-Rx,0,-51.5357,"7.30900 2.93800 0.90000, 3.35000 2.35000 0.10000"
2086,0.0000,Tx-Rx,0,-49.8816,"7.30900 2.93800 0.90000, 3.65000 2.35000 0.10000"
2087,0.0000,Tx-Rx,0,-47.7710,"7.30900 2.93800 0.90000, 3.95000 2.35000 0.10000"
2088,0.0000,Tx-Rx,0,-45.4393,"7.30900 2.93800 0.90000, 4.25000 2.35000 0.10000"
2089,0.0000,Tx-Rx,0,-42.4770,"7.30900 2.93800 0.90000, 4.55000 2.35000 0.10000"
2090,0.0000,Tx-Rx,0,-43.3858,"7.30900 2.93800 0.90000, 4.85000 2.35000 0.10000"
2091,0.0000,Tx-Rx,0,-41.8237,"7.30900 2.93800 0.90000, 5.15000 2.35000 0.10000"
2092,0.0000,Tx-Rx,0,-41.8504,"7.30900 2.93800 0.90000, 5.45000 2.35000 0.10000"
2093,0.0000,Tx-Rx,0,-40.4396,"7.30900 2.93800 0.90000, 5.75000 2.35000 0.10000"
2094,0.0000,Tx-Rx,0,-39.3777,"7.30900 2.93800 0.90000, 6.05000 2.35000 0.10000"
2095,0.0000,Tx-Rx,0,-38.3704,"7.30900 2.93800 0.90000, 6.35000 2.35000 0.10000"
2096,0.0000,Tx-Rx,0,-36.9713,"7.30900 2.93800 0.90000, 6.65000 2.35000 0.10000"
2097,0.0000,Tx-Rx,0,-39.5221,"7.30900 2.93800 0.90000, 6.95000 2.35000 0.10000"
2098,0.0000,Tx-Rx,0,-37.7839,"7.30900 2.93800 0.90000, 7.25000 2.35000 0.10000"
2099,0.0000,Tx-Rx,0,-37.9366,"7.30900 2.93800 0.90000, 7.55000 2.35000 0.10000"
2100,0.0000,Tx-Rx,0,-38.1887,"7.30900 2.93800 0.90000, 7.85000 2.35000 0.10000"
2101,0.0000,Tx-Rx,0,-90.1144,"7.30900 2.93800 0.90000, -9.85000 2.65000 0.10000"
2102,0.0000,Tx-Rx,0,-80.5924,"7.30900 2.93800 0.90000, -9.55000 2.65000 0.10000"
2103,0.0000,Tx-Rx,0,-81.4947,"7.30900 2.93800 0.90000, -9.25000 2.65000 0.10000"
2104,0.0000,Tx-Rx,0,-80.9510,"7.30900 2.93800 0.90000, -8.95000 2.65000 0.10000"
2105,0.0000,Tx-Rx,0,-83.5787,"7.30900 2.93800 0.90000, -8.65000 2.65000 0.10000"
2106,0.0000,Tx-Rx,0,-81.0444,"7.30900 2.93800 0.90000, -8.35000 2.65000 0.10000"
2107,0.0000,Tx-Rx,0,-59.8747,"7.30900 2.93800 0.90000, -8.05000 2.65000 0.10000"
2108,0.0000,Tx-Rx,0,-55.3027,"7.30900 2.93800 0.90000, -7.75000 2.65000 0.10000"
2109,0.0000,Tx-Rx,0,-54.8841,"7.30900 2.93800 0.90000, -7.45000 2.65000 0.10000"
2110,0.0000,Tx-Rx,0,-54.8849,"7.30900 2.93800 0.90000, -7.15000 2.65000 0.10000"
2111,0.0000,Tx-Rx,0,-54.7852,"7.30900 2.93800 0.90000, -6.85000 2.65000 0.10000"
2112,0.0000,Tx-Rx,0,-54.8690,"7.30900 2.93800 0.90000, -6.55000 2.65000 0.10000"
2113,0.0000,Tx-Rx,0,-55.9081,"7.30900 2.93800 0.90000, -6.25000 2.65000 0.10000"
2114,0.0000,Tx-Rx,0,-56.2919,"7.30900 2.93800 0.90000, -5.95000 2.65000 0.10000"
2115,0.0000,Tx-Rx,0,-56.1534,"7.30900 2.93800 0.90000, -5.65000 2.65000 0.10000"
2116,0.0000,Tx-Rx,0,-56.2047,"7.30900 2.93800 0.90000, -5.35000 2.65000 0.10000"
2117,0.0000,Tx-Rx,0,-56.0008,"7.30900 2.93800 0.90000, -5.05000 2.65000 0.10000"
2118,0.0000,Tx-Rx,0,-55.8673,"7.30900 2.93800 0.90000, -4.75000 2.65000 0.10000"
2119,0.0000,Tx-Rx,0,-55.7277,"7.30900 2.93800 0.90000, -4.45000 2.65000 0.10000"
2120,0.0000,Tx-Rx,0,-55.6297,"7.30900 2.93800 0.90000, -4.15000 2.65000 0.10000"
2121,0.0000,Tx-Rx,0,-55.3414,"7.30900 2.93800 0.90000, -3.85000 2.65000 0.10000"
2122,0.0000,Tx-Rx,0,-55.3578,"7.30900 2.93800 0.90000, -3.55000 2.65000 0.10000"
2123,0.0000,Tx-Rx,0,-55.8054,"7.30900 2.93800 0.90000, -3.25000 2.65000 0.10000"
2124,0.0000,Tx-Rx,0,-56.1061,"7.30900 2.93800 0.90000, -2.95000 2.65000 0.10000"
2125,0.0000,Tx-Rx,0,-55.6774,"7.30900 2.93800 0.90000, -2.65000 2.65000 0.10000"
2126,0.0000,Tx-Rx,0,-54.9199,"7.30900 2.93800 0.90000, -2.35000 2.65000 0.10000"
2127,0.0000,Tx-Rx,0,-54.2376,"7.30900 2.93800 0.90000, -2.05000 2.65000 0.10000"
2128,0.0000,Tx-Rx,0,-53.8922,"7.30900 2.93800 0.90000, -1.75000 2.65000 0.10000"
2129,0.0000,Tx-Rx,0,-53.0760,"7.30900 2.93800 0.90000, -1.45000 2.65000 0.10000"
2130,0.0000,Tx-Rx,0,-54.2559,"7.30900 2.93800 0.90000, -1.15000 2.65000 0.10000"
2131,0.0000,Tx-Rx,0,-55.1877,"7.30900 2.93800 0.90000, -0.85000 2.65000 0.10000"
2132,0.0000,Tx-Rx,0,-54.6562,"7.30900 2.93800 0.90000, -0.55000 2.65000 0.10000"
2133,0.0000,Tx-Rx,0,-54.4171,"7.30900 2.93800 0.90000, -0.25000 2.65000 0.10000"
2134,0.0000,Tx-Rx,0,-54.1145,"7.30900 2.93800 0.90000, 0.05000 2.65000 0.10000"
2135,0.0000,Tx-Rx,0,-53.7565,"7.30900 2.93800 0.90000, 0.35000 2.65000 0.10000"
2136,0.0000,Tx-Rx,0,-53.4067,"7.30900 2.93800 0.90000, 0.65000 2.65000 0.10000"
2137,0.0000,Tx-Rx,0,-53.4788,"7.30900 2.93800 0.90000, 0.95000 2.65000 0.10000"
2138,0.0000,Tx-Rx,0,-52.8643,"7.30900 2.93800 0.90000, 1.25000 2.65000 0.10000"
2139,0.0000,Tx-Rx,0,-52.4634,"7.30900 2.93800 0.90000, 1.55000 2.65000 0.10000"
2140,0.0000,Tx-Rx,0,-52.2046,"7.30900 2.93800 0.90000, 1.85000 2.65000 0.10000"
2141,0.0000,Tx-Rx,0,-52.2520,"7.30900 2.93800 0.90000, 2.15000 2.65000 0.10000"
2142,0.0000,Tx-Rx,0,-52.6773,"7.30900 2.93800 0.90000, 2.45000 2.65000 0.10000"
2143,0.0000,Tx-Rx,0,-55.0277,"7.30900 2.93800 0.90000, 2.75000 2.65000 0.10000"
2144,0.0000,Tx-Rx,0,-54.7559,"7.30900 2.93800 0.90000, 3.05000 2.65000 0.10000"
2145,0.0000,Tx-Rx,0,-52.4478,"7.30900 2.93800 0.90000, 3.35000 2.65000 0.10000"
2146,0.0000,Tx-Rx,0,-49.5592,"7.30900 2.93800 0.90000, 3.65000 2.65000 0.10000"
2147,0.0000,Tx-Rx,0,-47.4707,"7.30900 2.93800 0.90000, 3.95000 2.65000 0.10000"
2148,0.0000,Tx-Rx,0,-46.5090,"7.30900 2.93800 0.90000, 4.25000 2.65000 0.10000"
2149,0.0000,Tx-Rx,0,-45.4781,"7.30900 2.93800 0.90000, 4.55000 2.65000 0.10000"
2150,0.0000,Tx-Rx,0,-47.0807,"7.30900 2.93800 0.90000, 4.85000 2.65000 0.10000"
2151,0.0000,Tx-Rx,0,-46.2155,"7.30900 2.93800 0.90000, 5.15000 2.65000 0.10000"
2152,0.0000,Tx-Rx,0,-47.1034,"7.30900 2.93800 0.90000, 5.45000 2.65000 0.10000"
2153,0.0000,Tx-Rx,0,-43.1668,"7.30900 2.93800 0.90000, 5.75000 2.65000 0.10000"
2154,0.0000,Tx-Rx,0,-39.2866,"7.30900 2.93800 0.90000, 6.05000 2.65000 0.10000"
2155,0.0000,Tx-Rx,0,-37.8479,"7.30900 2.93800 0.90000, 6.35000 2.65000 0.10000"
2156,0.0000,Tx-Rx,0,-36.1761,"7.30900 2.93800 0.90000, 6.65000 2.65000 0.10000"
2157,0.0000,Tx-Rx,0,-38.2455,"7.30900 2.93800 0.90000, 6.95000 2.65000 0.10000"
2158,0.0000,Tx-Rx,0,-37.7050,"7.30900 2.93800 0.90000, 7.25000 2.65000 0.10000"
2159,0.0000,Tx-Rx,0,-37.5907,"7.30900 2.93800 0.90000, 7.55000 2.65000 0.10000"
2160,0.0000,Tx-Rx,0,-37.7690,"7.30900 2.93800 0.90000, 7.85000 2.65000 0.10000"
2161,0.0000,Tx-Rx,0,-81.0704,"7.30900 2.93800 0.90000, -9.85000 2.95000 0.10000"
2162,0.0000,Tx-Rx,0,-83.0955,"7.30900 2.93800 0.90000, -9.55000 2.95000 0.10000"
2163,0.0000,Tx-Rx,0,-80.8948,"7.30900 2.93800 0.90000, -9.25000 2.95000 0.10000"
2164,0.0000,Tx-Rx,0,-81.4871,"7.30900 2.93800 0.90000, -8.95000 2.95000 0.10000"
2165,0.0000,Tx-Rx,0,-80.9960,"7.30900 2.93800 0.90000, -8.65000 2.95000 0.10000"
2166,0.0000,Tx-Rx,0,-80.5829,"7.30900 2.93800 0.90000, -8.35000 2.95000 0.10000"
2167,0.0000,Tx-Rx,0,-59.8636,"7.30900 2.93800 0.90000, -8.05000 2.95000 0.10000"
2168,0.0000,Tx-Rx,0,-55.2433,"7.30900 2.93800 0.90000, -7.75000 2.95000 0.10000"
2169,0.0000,Tx-Rx,0,-55.1147,"7.30900 2.93800 0.90000, -7.45000 2.95000 0.10000"
2170,0.0000,Tx-Rx,0,-55.1073,"7.30900 2.93800 0.90000, -7.15000 2.95000 0.10000"
2171,0.0000,Tx-Rx,0,-54.9669,"7.30900 2.93800 0.90000, -6.85000 2.95000 0.10000"
2172,0.0000,Tx-Rx,0,-54.9246,"7.30900 2.93800 0.90000, -6.55000 2.95000 0.10000"
2173,0.0000,Tx-Rx,0,-56.0245,"7.30900 2.93800 0.90000, -6.25000 2.95000 0.10000"
2174,0.0000,Tx-Rx,0,-56.3720,"7.30900 2.93800 0.90000, -5.95000 2.95000 0.10000"
2175,0.0000,Tx-Rx,0,-56.2972,"7.30900 2.93800 0.90000, -5.65000 2.95000 0.10000"
2176,0.0000,Tx-Rx,0,-56.2859,"7.30900 2.93800 0.90000, -5.35000 2.95000 0.10000"
2177,0.0000,Tx-Rx,0,-55.9108,"7.30900 2.93800 0.90000, -5.05000 2.95000 0.10000"
2178,0.0000,Tx-Rx,0,-55.8610,"7.30900 2.93800 0.90000, -4.75000 2.95000 0.10000"
2179,0.0000,Tx-Rx,0,-55.8498,"7.30900 2.93800 0.90000, -4.45000 2.95000 0.10000"
2180,0.0000,Tx-Rx,0,-55.7021,"7.30900 2.93800 0.90000, -4.15000 2.95000 0.10000"
2181,0.0000,Tx-Rx,0,-55.5554,"7.30900 2.93800 0.90000, -3.85000 2.95000 0.10000"
2182,0.0000,Tx-Rx,0,-55.3500,"7.30900 2.93800 0.90000, -3.55000 2.95000 0.10000"
2183,0.0000,Tx-Rx,0,-55.8009,"7.30900 2.93800 0.90000, -3.25000 2.95000 0.10000"
2184,0.0000,Tx-Rx,0,-55.9724,"7.30900 2.93800 0.90000, -2.95000 2.95000 0.10000"
2185,0.0000,Tx-Rx,0,-55.9038,"7.30900 2.93800 0.90000, -2.65000 2.95000 0.10000"
2186,0.0000,Tx-Rx,0,-55.6870,"7.30900 2.93800 0.90000, -2.35000 2.95000 0.10000"
2187,0.0000,Tx-Rx,0,-55.1267,"7.30900 2.93800 0.90000, -2.05000 2.95000 0.10000"
2188,0.0000,Tx-Rx,0,-54.0882,"7.30900 2.93800 0.90000, -1.75000 2.95000 0.10000"
2189,0.0000,Tx-Rx,0,-53.5326,"7.30900 2.93800 0.90000, -1.45000 2.95000 0.10000"
2190,0.0000,Tx-Rx,0,-55.4353,"7.30900 2.93800 0.90000, -1.15000 2.95000 0.10000"
2191,0.0000,Tx-Rx,0,-57.6254,"7.30900 2.93800 0.90000, -0.85000 2.95000 0.10000"
2192,0.0000,Tx-Rx,0,-57.0757,"7.30900 2.93800 0.90000, -0.55000 2.95000 0.10000"
2193,0.0000,Tx-Rx,0,-56.0330,"7.30900 2.93800 0.90000, -0.25000 2.95000 0.10000"
2194,0.0000,Tx-Rx,0,-55.0287,"7.30900 2.93800 0.90000, 0.05000 2.95000 0.10000"
2195,0.0000,Tx-Rx,0,-53.8817,"7.30900 2.93800 0.90000, 0.35000 2.95000 0.10000"
2196,0.0000,Tx-Rx,0,-53.5404,"7.30900 2.93800 0.90000, 0.65000 2.95000 0.10000"
2197,0.0000,Tx-Rx,0,-53.4164,"7.30900 2.93800 0.90000, 0.95000 2.95000 0.10000"
2198,0.0000,Tx-Rx,0,-53.1975,"7.30900 2.93800 0.90000, 1.25000 2.95000 0.10000"
2199,0.0000,Tx-Rx,0,-52.7292,"7.30900 2.93800 0.90000, 1.55000 2.95000 0.10000"
2200,0.0000,Tx-Rx,0,-52.4006,"7.30900 2.93800 0.90000, 1.85000 2.95000 0.10000"
2201,0.0000,Tx-Rx,0,-52.3968,"7.30900 2.93800 0.90000, 2.15000 2.95000 0.10000"
2202,0.0000,Tx-Rx,0,-51.9372,"7.30900 2.93800 0.90000, 2.45000 2.95000 0.10000"
2203,0.0000,Tx-Rx,0,-50.7154,"7.30900 2.93800 0.90000, 2.75000 2.95000 0.10000"
2204,0.0000,Tx-Rx,0,-49.8441,"7.30900 2.93800 0.90000, 3.05000 2.95000 0.10000"
2205,0.0000,Tx-Rx,0,-48.8545,"7.30900 2.93800 0.90000, 3.35000 2.95000 0.10000"
2206,0.0000,Tx-Rx,0,-48.4978,"7.30900 2.93800 0.90000, 3.65000 2.95000 0.10000"
2207,0.0000,Tx-Rx,0,-48.5325,"7.30900 2.93800 0.90000, 3.95000 2.95000 0.10000"
2208,0.0000,Tx-Rx,0,-48.0613,"7.30900 2.93800 0.90000, 4.25000 2.95000 0.10000"
2209,0.0000,Tx-Rx,0,-47.0903,"7.30900 2.93800 0.90000, 4.55000 2.95000 0.10000"
2210,0.0000,Tx-Rx,0,-49.3224,"7.30900 2.93800 0.90000, 4.85000 2.95000 0.10000"
2211,0.0000,Tx-Rx,0,-49.0354,"7.30900 2.93800 0.90000, 5.15000 2.95000 0.10000"
2212,0.0000,Tx-Rx,0,-49.5117,"7.30900 2.93800 0.90000, 5.45000 2.95000 0.10000"
2213,0.0000,Tx-Rx,0,-45.0531,"7.30900 2.93800 0.90000, 5.75000 2.95000 0.10000"
2214,0.0000,Tx-Rx,0,-41.3328,"7.30900 2.93800 0.90000, 6.05000 2.95000 0.10000"
2215,0.0000,Tx-Rx,0,-37.6385,"7.30900 2.93800 0.90000, 6.35000 2.95000 0.10000"
2216,0.0000,Tx-Rx,0,-35.8288,"7.30900 2.93800 0.90000, 6.65000 2.95000 0.10000"
2217,0.0000,Tx-Rx,0,-37.3534,"7.30900 2.93800 0.90000, 6.95000 2.95000 0.10000"
2218,0.0000,Tx-Rx,0,-38.0739,"7.30900 2.93800 0.90000, 7.25000 2.95000 0.10000"
2219,0.0000,Tx-Rx,0,-37.6173,"7.30900 2.93800 0.90000, 7.55000 2.95000 0.10000"
2220,0.0000,Tx-Rx,0,-37.7257,"7.30900 2.93800 0.90000, 7.85000 2.95000 0.10000"
2221,0.0000,Tx-Rx,0,-85.8748,"7.30900 2.93800 0.90000, -9.85000 3.25000 0.10000"
2222,0.0000,Tx-Rx,0,-81.0414,"7.30900 2.93800 0.90000, -9.55000 3.25000 0.10000"
2223,0.0000,Tx-Rx,0,-81.4764,"7.30900 2.93800 0.90000, -9.25000 3.25000 0.10000"
2224,0.0000,Tx-Rx,0,-83.4604,"7.30900 2.93800 0.90000, -8.95000 3.25000 0.10000"
2225,0.0000,Tx-Rx,0,-80.9255,"7.30900 2.93800 0.90000, -8.65000 3.25000 0.10000"
2226,0.0000,Tx-Rx,0,-82.7430,"7.30900 2.93800 0.90000, -8.35000 3.25000 0.10000"
2227,0.0000,Tx-Rx,0,-60.1401,"7.30900 2.93800 0.90000, -8.05000 3.25000 0.10000"
2228,0.0000,Tx-Rx,0,-55.2547,"7.30900 2.93800 0.90000, -7.75000 3.25000 0.10000"
2229,0.0000,Tx-Rx,0,-55.3123,"7.30900 2.93800 0.90000, -7.45000 3.25000 0.10000"
2230,0.0000,Tx-Rx,0,-55.1915,"7.30900 2.93800 0.90000, -7.15000 3.25000 0.10000"
2231,0.0000,Tx-Rx,0,-54.8252,"7.30900 2.93800 0.90000, -6.85000 3.25000 0.10000"
2232,0.0000,Tx-Rx,0,-54.9452,"7.30900 2.93800 0.90000, -6.55000 3.25000 0.10000"
2233,0.0000,Tx-Rx,0,-55.6745,"7.30900 2.93800 0.90000, -6.25000 3.25000 0.10000"
2234,0.0000,Tx-Rx,0,-56.3641,"7.30900 2.93800 0.90000, -5.95000 3.25000 0.10000"
2235,0.0000,Tx-Rx,0,-56.3798,"7.30900 2.93800 0.90000, -5.65000 3.25000 0.10000"
2236,0.0000,Tx-Rx,0,-55.8342,"7.30900 2.93800 0.90000, -5.35000 3.25000 0.10000"
2237,0.0000,Tx-Rx,0,-56.1392,"7.30900 2.93800 0.90000, -5.05000 3.25000 0.10000"
2238,0.0000,Tx-Rx,0,-55.9951,"7.30900 2.93800 0.90000, -4.75000 3.25000 0.10000"
2239,0.0000,Tx-Rx,0,-55.9183,"7.30900 2.93800 0.90000, -4.45000 3.25000 0.10000"
2240,0.0000,Tx-Rx,0,-55.7063,"7.30900 2.93800 0.90000, -4.15000 3.25000 0.10000"
2241,0.0000,Tx-Rx,0,-55.5791,"7.30900 2.93800 0.90000, -3.85000 3.25000 0.10000"
2242,0.0000,Tx-Rx,0,-55.3797,"7.30900 2.93800 0.90000, -3.55000 3.25000 0.10000"
2243,0.0000,Tx-Rx,0,-55.9574,"7.30900 2.93800 0.90000, -3.25000 3.25000 0.10000"
2244,0.0000,Tx-Rx,0,-56.1683,"7.30900 2.93800 0.90000, -2.95000 3.25000 0.10000"
2245,0.0000,Tx-Rx,0,-55.9192,"7.30900 2.93800 0.90000, -2.65000 3.25000 0.10000"
2246,0.0000,Tx-Rx,0,-55.5345,"7.30900 2.93800 0.90000, -2.35000 3.25000 0.10000"
2247,0.0000,Tx-Rx,0,-54.7737,"7.30900 2.93800 0.90000, -2.05000 3.25000 0.10000"
2248,0.0000,Tx-Rx,0,-54.5645,"7.30900 2.93800 0.90000, -1.75000 3.25000 0.10000"
2249,0.0000,Tx-Rx,0,-54.3006,"7.30900 2.93800 0.90000, -1.45000 3.25000 0.10000"
2250,0.0000,Tx-Rx,0,-56.4179,"7.30900 2.93800 0.90000, -1.15000 3.25000 0.10000"
2251,0.0000,Tx-Rx,0,-58.3825,"7.30900 2.93800 0.90000, -0.85000 3.25000 0.10000"
2252,0.0000,Tx-Rx,0,-57.4962,"7.30900 2.93800 0.90000, -0.55000 3.25000 0.10000"
2253,0.0000,Tx-Rx,0,-57.1396,"7.30900 2.93800 0.90000, -0.25000 3.25000 0.10000"
2254,0.0000,Tx-Rx,0,-57.1035,"7.30900 2.93800 0.90000, 0.05000 3.25000 0.10000"
2255,0.0000,Tx-Rx,0,-57.3717,"7.30900 2.93800 0.90000, 0.35000 3.25000 0.10000"
2256,0.0000,Tx-Rx,0,-56.0874,"7.30900 2.93800 0.90000, 0.65000 3.25000 0.10000"
2257,0.0000,Tx-Rx,0,-54.3516,"7.30900 2.93800 0.90000, 0.95000 3.25000 0.10000"
2258,0.0000,Tx-Rx,0,-52.9168,"7.30900 2.93800 0.90000, 1.25000 3.25000 0.10000"
2259,0.0000,Tx-Rx,0,-52.2528,"7.30900 2.93800 0.90000, 1.55000 3.25000 0.10000"
2260,0.0000,Tx-Rx,0,-51.5643,"7.30900 2.93800 0.90000, 1.85000 3.25000 0.10000"
2261,0.0000,Tx-Rx,0,-50.1383,"7.30900 2.93800 0.90000, 2.15000 3.25000 0.10000"
2262,0.0000,Tx-Rx,0,-48.9733,"7.30900 2.93800 0.90000, 2.45000 3.25000 0.10000"
2263,0.0000,Tx-Rx,0,-48.5588,"7.30900 2.93800 0.90000, 2.75000 3.25000 0.10000"
2264,0.0000,Tx-Rx,0,-48.4424,"7.30900 2.93800 0.90000, 3.05000 3.25000 0.10000"
2265,0.0000,Tx-Rx,0,-48.0367,"7.30900 2.93800 0.90000, 3.35000 3.25000 0.10000"
2266,0.0000,Tx-Rx,0,-47.5470,"7.30900 2.93800 0.90000, 3.65000 3.25000 0.10000"
2267,0.0000,Tx-Rx,0,-47.3220,"7.30900 2.93800 0.90000, 3.95000 3.25000 0.10000"
2268,0.0000,Tx-Rx,0,-46.9616,"7.30900 2.93800 0.90000, 4.25000 3.25000 0.10000"
2269,0.0000,Tx-Rx,0,-47.1455,"7.30900 2.93800 0.90000, 4.55000 3.25000 0.10000"
2270,0.0000,Tx-Rx,0,-47.7280,"7.30900 2.93800 0.90000, 4.85000 3.25000 0.10000"
2271,0.0000,Tx-Rx,0,-46.6533,"7.30900 2.93800 0.90000, 5.15000 3.25000 0.10000"
2272,0.0000,Tx-Rx,0,-44.4819,"7.30900 2.93800 0.90000, 5.45000 3.25000 0.10000"
2273,0.0000,Tx-Rx,0,-40.8746,"7.30900 2.93800 0.90000, 5.75000 3.25000 0.10000"
2274,0.0000,Tx-Rx,0,-39.3092,"7.30900 2.93800 0.90000, 6.05000 3.25000 0.10000"
2275,0.0000,Tx-Rx,0,-37.7975,"7.30900 2.93800 0.90000, 6.35000 3.25000 0.10000"
2276,0.0000,Tx-Rx,0,-36.1449,"7.30900 2.93800 0.90000, 6.65000 3.25000 0.10000"
2277,0.0000,Tx-Rx,0,-37.0678,"7.30900 2.93800 0.90000, 6.95000 3.25000 0.10000"
2278,0.0000,Tx-Rx,0,-38.3211,"7.30900 2.93800 0.90000, 7.25000 3.25000 0.10000"
2279,0.0000,Tx-Rx,0,-37.4093,"7.30900 2.93800 0.90000, 7.55000 3.25000 0.10000"
2280,0.0000,Tx-Rx,0,-37.8007,"7.30900 2.93800 0.90000, 7.85000 3.25000 0.10000"
2281,0.0000,Tx-Rx,0,-83.6925,"7.30900 2.93800 0.90000, -9.85000 3.55000 0.10000"
2282,0.0000,Tx-Rx,0,-80.9863,"7.30900 2.93800 0.90000, -9.55000 3.55000 0.10000"
2283,0.0000,Tx-Rx,0,-81.2746,"7.30900 2.93800 0.90000, -9.25000 3.55000 0.10000"
2284,0.0000,Tx-Rx,0,-83.9946,"7.30900 2.93800 0.90000, -8.95000 3.55000 0.10000"
2285,0.0000,Tx-Rx,0,-81.8844,"7.30900 2.93800 0.90000, -8.65000 3.55000 0.10000"
2286,0.0000,Tx-Rx,0,-81.8123,"7.30900 2.93800 0.90000, -8.35000 3.55000 0.10000"
2287,0.0000,Tx-Rx,0,-59.9339,"7.30900 2.93800 0.90000, -8.05000 3.55000 0.10000"
2288,0.0000,Tx-Rx,0,-55.6508,"7.30900 2.93800 0.90000, -7.75000 3.55000 0.10000"
2289,0.0000,Tx-Rx,0,-55.2452,"7.30900 2.93800 0.90000, -7.45000 3.55000 0.10000"
2290,0.0000,Tx-Rx,0,-55.2480,"7.30900 2.93800 0.90000, -7.15000 3.55000 0.10000"
2291,0.0000,Tx-Rx,0,-55.3689,"7.30900 2.93800 0.90000, -6.85000 3.55000 0.10000"
2292,0.0000,Tx-Rx,0,-55.4509,"7.30900 2.93800 0.90000, -6.55000 3.55000 0.10000"
2293,0.0000,Tx-Rx,0,-55.8025,"7.30900 2.93800 0.90000, -6.25000 3.55000 0.10000"
2294,0.0000,Tx-Rx,0,-56.3912,"7.30900 2.93800 0.90000, -5.95000 3.55000 0.10000"
2295,0.0000,Tx-Rx,0,-56.3766,"7.30900 2.93800 0.90000, -5.65000 3.55000 0.10000"
2296,0.0000,Tx-Rx,0,-56.2090,"7.30900 2.93800 0.90000, -5.35000 3.55000 0.10000"
2297,0.0000,Tx-Rx,0,-56.0077,"7.30900 2.93800 0.90000, -5.05000 3.55000 0.10000"
2298,0.0000,Tx-Rx,0,-55.8795,"7.30900 2.93800 0.90000, -4.75000 3.55000 0.10000"
2299,0.0000,Tx-Rx,0,-55.7329,"7.30900 2.93800 0.90000, -4.45000 3.55000 0.10000"
2300,0.0000,Tx-Rx,0,-55.6913,"7.30900 2.93800 0.90000, -4.15000 3.55000 0.10000"
2301,0.0000,Tx-Rx,0,-55.5584,"7.30900 2.93800 0.90000, -3.85000 3.55000 0.10000"
2302,0.0000,Tx-Rx,0,-55.7310,"7.30900 2.93800 0.90000, -3.55000 3.55000 0.10000"
2303,0.0000,Tx-Rx,0,-56.4454,"7.30900 2.93800 0.90000, -3.25000 3.55000 0.10000"
2304,0.0000,Tx-Rx,0,-57.0660,"7.30900 2.93800 0.90000, -2.95000 3.55000 0.10000"
2305,0.0000,Tx-Rx,0,-57.0602,"7.30900 2.93800 0.90000, -2.65000 3.55000 0.10000"
2306,0.0000,Tx-Rx,0,-56.5322,"7.30900 2.93800 0.90000, -2.35000 3.55000 0.10000"
2307,0.0000,Tx-Rx,0,-56.5687,"7.30900 2.93800 0.90000, -2.05000 3.55000 0.10000"
2308,0.0000,Tx-Rx,0,-56.9432,"7.30900 2.93800 0.90000, -1.75000 3.55000 0.10000"
2309,0.0000,Tx-Rx,0,-57.3061,"7.30900 2.93800 0.90000, -1.45000 3.55000 0.10000"
2310,0.0000,Tx-Rx,0,-59.1995,"7.30900 2.93800 0.90000, -1.15000 3.55000 0.10000"
2311,0.0000,Tx-Rx,0,-60.0464,"7.30900 2.93800 0.90000, -0.85000 3.55000 0.10000"
2312,0.0000,Tx-Rx,0,-59.4054,"7.30900 2.93800 0.90000, -0.55000 3.55000 0.10000"
2313,0.0000,Tx-Rx,0,-57.6954,"7.30900 2.93800 0.90000, -0.25000 3.55000 0.10000"
2314,0.0000,Tx-Rx,0,-56.3301,"7.30900 2.93800 0.90000, 0.05000 3.55000 0.10000"
2315,0.0000,Tx-Rx,0,-55.9914,"7.30900 2.93800 0.90000, 0.35000 3.55000 0.10000"
2316,0.0000,Tx-Rx,0,-56.1195,"7.30900 2.93800 0.90000, 0.65000 3.55000 0.10000"
2317,0.0000,Tx-Rx,0,-56.3500,"7.30900 2.93800 0.90000, 0.95000 3.55000 0.10000"
2318,0.0000,Tx-Rx,0,-54.6773,"7.30900 2.93800 0.90000, 1.25000 3.55000 0.10000"
2319,0.0000,Tx-Rx,0,-52.1834,"7.30900 2.93800 0.90000, 1.55000 3.55000 0.10000"
2320,0.0000,Tx-Rx,0,-50.4952,"7.30900 2.93800 0.90000, 1.85000 3.55000 0.10000"
2321,0.0000,Tx-Rx,0,-49.3759,"7.30900 2.93800 0.90000, 2.15000 3.55000 0.10000"
2322,0.0000,Tx-Rx,0,-48.7644,"7.30900 2.93800 0.90000, 2.45000 3.55000 0.10000"
2323,0.0000,Tx-Rx,0,-48.5212,"7.30900 2.93800 0.90000, 2.75000 3.55000 0.10000"
2324,0.0000,Tx-Rx,0,-48.3081,"7.30900 2.93800 0.90000, 3.05000 3.55000 0.10000"
2325,0.0000,Tx-Rx,0,-47.7833,"7.30900 2.93800 0.90000, 3.35000 3.55000 0.10000"
2326,0.0000,Tx-Rx,0,-47.1976,"7.30900 2.93800 0.90000, 3.65000 3.55000 0.10000"
2327,0.0000,Tx-Rx,0,-47.0340,"7.30900 2.93800 0.90000, 3.95000 3.55000 0.10000"
2328,0.0000,Tx-Rx,0,-46.8283,"7.30900 2.93800 0.90000, 4.25000 3.55000 0.10000"
2329,0.0000,Tx-Rx,0,-45.2865,"7.30900 2.93800 0.90000, 4.55000 3.55000 0.10000"
2330,0.0000,Tx-Rx,0,-43.7735,"7.30900 2.93800 0.90000, 4.85000 3.55000 0.10000"
2331,0.0000,Tx-Rx,0,-42.1512,"7.30900 2.93800 0.90000, 5.15000 3.55000 0.10000"
2332,0.0000,Tx-Rx,0,-41.1237,"7.30900 2.93800 0.90000, 5.45000 3.55000 0.10000"
2333,0.0000,Tx-Rx,0,-40.2867,"7.30900 2.93800 0.90000, 5.75000 3.55000 0.10000"
2334,0.0000,Tx-Rx,0,-39.3515,"7.30900 2.93800 0.90000, 6.05000 3.55000 0.10000"
2335,0.0000,Tx-Rx,0,-38.3011,"7.30900 2.93800 0.90000, 6.35000 3.55000 0.10000"
2336,0.0000,Tx-Rx,0,-36.8186,"7.30900 2.93800 0.90000, 6.65000 3.55000 0.10000"
2337,0.0000,Tx-Rx,0,-37.4962,"7.30900 2.93800 0.90000, 6.95000 3.55000 0.10000"
2338,0.0000,Tx-Rx,0,-38.8140,"7.30900 2.93800 0.90000, 7.25000 3.55000 0.10000"
2339,0.0000,Tx-Rx,0,-37.8711,"7.30900 2.93800 0.90000, 7.55000 3.55000 0.10000"
2340,0.0000,Tx-Rx,0,-38.3186,"7.30900 2.93800 0.90000, 7.85000 3.55000 0.10000"
2341,0.0000,Tx-Rx,0,-85.1850,"7.30900 2.93800 0.90000, -9.85000 3.85000 0.10000"
2342,0.0000,Tx-Rx,0,-84.0286,"7.30900 2.93800 0.90000, -9.55000 3.85000 0.10000"
2343,0.0000,Tx-Rx,0,-83.2177,"7.30900 2.93800 0.90000, -9.25000 3.85000 0.10000"
2344,0.0000,Tx-Rx,0,-82.5965,"7.30900 2.93800 0.90000, -8.95000 3.85000 0.10000"
2345,0.0000,Tx-Rx,0,-81.4712,"7.30900 2.93800 0.90000, -8.65000 3.85000 0.10000"
2346,0.0000,Tx-Rx,0,-80.9094,"7.30900 2.93800 0.90000, -8.35000 3.85000 0.10000"
2347,0.0000,Tx-Rx,0,-62.0628,"7.30900 2.93800 0.90000, -8.05000 3.85000 0.10000"
2348,0.0000,Tx-Rx,0,-57.3739,"7.30900 2.93800 0.90000, -7.75000 3.85000 0.10000"
2349,0.0000,Tx-Rx,0,-57.4419,"7.30900 2.93800 0.90000, -7.45000 3.85000 0.10000"
2350,0.0000,Tx-Rx,0,-57.5210,"7.30900 2.93800 0.90000, -7.15000 3.85000 0.10000"
2351,0.0000,Tx-Rx,0,-57.8326,"7.30900 2.93800 0.90000, -6.85000 3.85000 0.10000"
2352,0.0000,Tx-Rx,0,-57.8893,"7.30900 2.93800 0.90000, -6.55000 3.85000 0.10000"
2353,0.0000,Tx-Rx,0,-58.3183,"7.30900 2.93800 0.90000, -6.25000 3.85000 0.10000"
2354,0.0000,Tx-Rx,0,-58.8307,"7.30900 2.93800 0.90000, -5.95000 3.85000 0.10000"
2355,0.0000,Tx-Rx,0,-59.1378,"7.30900 2.93800 0.90000, -5.65000 3.85000 0.10000"
2356,0.0000,Tx-Rx,0,-59.7607,"7.30900 2.93800 0.90000, -5.35000 3.85000 0.10000"
2357,0.0000,Tx-Rx,0,-59.9753,"7.30900 2.93800 0.90000, -5.05000 3.85000 0.10000"
2358,0.0000,Tx-Rx,0,-60.8437,"7.30900 2.93800 0.90000, -4.75000 3.85000 0.10000"
2359,0.0000,Tx-Rx,0,-62.0948,"7.30900 2.93800 0.90000, -4.45000 3.85000 0.10000"
2360,0.0000,Tx-Rx,0,-62.9699,"7.30900 2.93800 0.90000, -4.15000 3.85000 0.10000"
2361,0.0000,Tx-Rx,0,-65.0139,"7.30900 2.93800 0.90000, -3.85000 3.85000 0.10000"
2362,0.0000,Tx-Rx,0,-64.9742,"7.30900 2.93800 0.90000, -3.55000 3.85000 0.10000"
2363,0.0000,Tx-Rx,0,-65.2086,"7.30900 2.93800 0.90000, -3.25000 3.85000 0.10000"
2364,0.0000,Tx-Rx,0,-64.8359,"7.30900 2.93800 0.90000, -2.95000 3.85000 0.10000"
2365,0.0000,Tx-Rx,0,-62.4228,"7.30900 2.93800 0.90000, -2.65000 3.85000 0.10000"
2366,0.0000,Tx-Rx,0,-61.8263,"7.30900 2.93800 0.90000, -2.35000 3.85000 0.10000"
2367,0.0000,Tx-Rx,0,-61.7458,"7.30900 2.93800 0.90000, -2.05000 3.85000 0.10000"
2368,0.0000,Tx-Rx,0,-61.8521,"7.30900 2.93800 0.90000, -1.75000 3.85000 0.10000"
2369,0.0000,Tx-Rx,0,-62.1877,"7.30900 2.93800 0.90000, -1.45000 3.85000 0.10000"
2370,0.0000,Tx-Rx,0,-62.1150,"7.30900 2.93800 0.90000, -1.15000 3.85000 0.10000"
2371,0.0000,Tx-Rx,0,-62.0997,"7.30900 2.93800 0.90000, -0.85000 3.85000 0.10000"
2372,0.0000,Tx-Rx,0,-62.4499,"7.30900 2.93800 0.90000, -0.55000 3.85000 0.10000"
2373,0.0000,Tx-Rx,0,-62.9981,"7.30900 2.93800 0.90000, -0.25000 3.85000 0.10000"
2374,0.0000,Tx-Rx,0,-57.7643,"7.30900 2.93800 0.90000, 0.05000 3.85000 0.10000"
2375,0.0000,Tx-Rx,0,-54.8233,"7.30900 2.93800 0.90000, 0.35000 3.85000 0.10000"
2376,0.0000,Tx-Rx,0,-53.2260,"7.30900 2.93800 0.90000, 0.65000 3.85000 0.10000"
2377,0.0000,Tx-Rx,0,-52.1279,"7.30900 2.93800 0.90000, 0.95000 3.85000 0.10000"
2378,0.0000,Tx-Rx,0,-51.9529,"7.30900 2.93800 0.90000, 1.25000 3.85000 0.10000"
2379,0.0000,Tx-Rx,0,-52.2865,"7.30900 2.93800 0.90000, 1.55000 3.85000 0.10000"
2380,0.0000,Tx-Rx,0,-52.6542,"7.30900 2.93800 0.90000, 1.85000 3.85000 0.10000"
2381,0.0000,Tx-Rx,0,-52.3331,"7.30900 2.93800 0.90000, 2.15000 3.85000 0.10000"
2382,0.0000,Tx-Rx,0,-51.1782,"7.30900 2.93800 0.90000, 2.45000 3.85000 0.10000"
2383,0.0000,Tx-Rx,0,-49.6678,"7.30900 2.93800 0.90000, 2.75000 3.85000 0.10000"
2384,0.0000,Tx-Rx,0,-48.3936,"7.30900 2.93800 0.90000, 3.05000 3.85000 0.10000"
2385,0.0000,Tx-Rx,0,-47.1611,"7.30900 2.93800 0.90000, 3.35000 3.85000 0.10000"
2386,0.0000,Tx-Rx,0,-46.0120,"7.30900 2.93800 0.90000, 3.65000 3.85000 0.10000"
2387,0.0000,Tx-Rx,0,-45.0347,"7.30900 2.93800 0.90000, 3.95000 3.85000 0.10000"
2388,0.0000,Tx-Rx,0,-43.9498,"7.30900 2.93800 0.90000, 4.25000 3.85000 0.10000"
2389,0.0000,Tx-Rx,0,-43.4334,"7.30900 2.93800 0.90000, 4.55000 3.85000 0.10000"
2390,0.0000,Tx-Rx,0,-42.9554,"7.30900 2.93800 0.90000, 4.85000 3.85000 0.10000"
2391,0.0000,Tx-Rx,0,-42.1229,"7.30900 2.93800 0.90000, 5.15000 3.85000 0.10000"
2392,0.0000,Tx-Rx,0,-41.3666,"7.30900 2.93800 0.90000, 5.45000 3.85000 0.10000"
2393,0.0000,Tx-Rx,0,-40.5874,"7.30900 2.93800 0.90000, 5.75000 3.85000 0.10000"
2394,0.0000,Tx-Rx,0,-39.2025,"7.30900 2.93800 0.90000, 6.05000 3.85000 0.10000"
2395,0.0000,Tx-Rx,0,-39.0117,"7.30900 2.93800 0.90000, 6.35000 3.85000 0.10000"
2396,0.0000,Tx-Rx,0,-38.0295,"7.30900 2.93800 0.90000, 6.65000 3.85000 0.10000"
2397,0.0000,Tx-Rx,0,-38.2179,"7.30900 2.93800 0.90000, 6.95000 3.85000 0.10000"
2398,0.0000,Tx-Rx,0,-39.7546,"7.30900 2.93800 0.90000, 7.25000 3.85000 0.10000"
2399,0.0000,Tx-Rx,0,-38.7566,"7.30900 2.93800 0.90000, 7.55000 3.85000 0.10000"
2400,0.0000,Tx-Rx,0,-39.3630,"7.30900 2.93800 0.90000, 7.85000 3.85000 0.10000"
2401,0.0000,Tx-Rx,0,-87.6381,"7.30900 2.93800 0.90000, -9.85000 4.15000 0.10000"
2402,0.0000,Tx-Rx,0,-89.1881,"7.30900 2.93800 0.90000, -9.55000 4.15000 0.10000"
2403,0.0000,Tx-Rx,0,-88.1243,"7.30900 2.93800 0.90000, -9.25000 4.15000 0.10000"
2404,0.0000,Tx-Rx,0,-91.1579,"7.30900 2.93800 0.90000, -8.95000 4.15000 0.10000"
2405,0.0000,Tx-Rx,0,-87.9029,"7.30900 2.93800 0.90000, -8.65000 4.15000 0.10000"
2406,0.0000,Tx-Rx,0,-89.5613,"7.30900 2.93800 0.90000, -8.35000 4.15000 0.10000"
2407,0.0000,Tx-Rx,0,-71.0493,"7.30900 2.93800 0.90000, -8.05000 4.15000 0.10000"
2408,0.0000,Tx-Rx,0,-66.3039,"7.30900 2.93800 0.90000, -7.75000 4.15000 0.10000"
2409,0.0000,Tx-Rx,0,-66.1988,"7.30900 2.93800 0.90000, -7.45000 4.15000 0.10000"
2410,0.0000,Tx-Rx,0,-67.2614,"7.30900 2.93800 0.90000, -7.15000 4.15000 0.10000"
2411,0.0000,Tx-Rx,0,-67.6666,"7.30900 2.93800 0.90000, -6.85000 4.15000 0.10000"
2412,0.0000,Tx-Rx,0,-67.0126,"7.30900 2.93800 0.90000, -6.55000 4.15000 0.10000"
2413,0.0000,Tx-Rx,0,-66.4799,"7.30900 2.93800 0.90000, -6.25000 4.15000 0.10000"
2414,0.0000,Tx-Rx,0,-66.6140,"7.30900 2.93800 0.90000, -5.95000 4.15000 0.10000"
2415,0.0000,Tx-Rx,0,-66.4804,"7.30900 2.93800 0.90000, -5.65000 4.15000 0.10000"
2416,0.0000,Tx-Rx,0,-66.5251,"7.30900 2.93800 0.90000, -5.35000 4.15000 0.10000"
2417,0.0000,Tx-Rx,0,-66.2981,"7.30900 2.93800 0.90000, -5.05000 4.15000 0.10000"
2418,0.0000,Tx-Rx,0,-66.4346,"7.30900 2.93800 0.90000, -4.75000 4.15000 0.10000"
2419,0.0000,Tx-Rx,0,-66.3070,"7.30900 2.93800 0.90000, -4.45000 4.15000 0.10000"
2420,0.0000,Tx-Rx,0,-66.5254,"7.30900 2.93800 0.90000, -4.15000 4.15000 0.10000"
2421,0.0000,Tx-Rx,0,-67.5600,"7.30900 2.93800 0.90000, -3.85000 4.15000 0.10000"
2422,0.0000,Tx-Rx,0,-67.7158,"7.30900 2.93800 0.90000, -3.55000 4.15000 0.10000"
2423,0.0000,Tx-Rx,0,-67.0198,"7.30900 2.93800 0.90000, -3.25000 4.15000 0.10000"
2424,0.0000,Tx-Rx,0,-63.4979,"7.30900 2.93800 0.90000, -2.95000 4.15000 0.10000"
2425,0.0000,Tx-Rx,0,-62.6855,"7.30900 2.93800 0.90000, -2.65000 4.15000 0.10000"
2426,0.0000,Tx-Rx,0,-62.7700,"7.30900 2.93800 0.90000, -2.35000 4.15000 0.10000"
2427,0.0000,Tx-Rx,0,-62.8183,"7.30900 2.93800 0.90000, -2.05000 4.15000 0.10000"
2428,0.0000,Tx-Rx,0,-62.9036,"7.30900 2.93800 0.90000, -1.75000 4.15000 0.10000"
2429,0.0000,Tx-Rx,0,-62.8902,"7.30900 2.93800 0.90000, -1.45000 4.15000 0.10000"
2430,0.0000,Tx-Rx,0,-62.9179,"7.30900 2.93800 0.90000, -1.15000 4.15000 0.10000"
2431,0.0000,Tx-Rx,0,-62.8492,"7.30900 2.93800 0.90000, -0.85000 4.15000 0.10000"
2432,0.0000,Tx-Rx,0,-62.8609,"7.30900 2.93800 0.90000, -0.55000 4.15000 0.10000"
2433,0.0000,Tx-Rx,0,-65.6429,"7.30900 2.93800 0.90000, -0.25000 4.15000 0.10000"
2434,0.0000,Tx-Rx,0,-71.2368,"7.30900 2.93800 0.90000, 0.05000 4.15000 0.10000"
2435,0.0000,Tx-Rx,0,-73.7889,"7.30900 2.93800 0.90000, 0.35000 4.15000 0.10000"
2436,0.0000,Tx-Rx,0,-68.3029,"7.30900 2.93800 0.90000, 0.65000 4.15000 0.10000"
2437,0.0000,Tx-Rx,0,-64.2369,"7.30900 2.93800 0.90000, 0.95000 4.15000 0.10000"
2438,0.0000,Tx-Rx,0,-61.9309,"7.30900 2.93800 0.90000, 1.25000 4.15000 0.10000"
2439,0.0000,Tx-Rx,0,-57.2456,"7.30900 2.93800 0.90000, 1.55000 4.15000 0.10000"
2440,0.0000,Tx-Rx,0,-54.0924,"7.30900 2.93800 0.90000, 1.85000 4.15000 0.10000"
2441,0.0000,Tx-Rx,0,-53.2454,"7.30900 2.93800 0.90000, 2.15000 4.15000 0.10000"
2442,0.0000,Tx-Rx,0,-53.4057,"7.30900 2.93800 0.90000, 2.45000 4.15000 0.10000"
2443,0.0000,Tx-Rx,0,-56.2827,"7.30900 2.93800 0.90000, 2.75000 4.15000 0.10000"
2444,0.0000,Tx-Rx,0,-68.1909,"7.30900 2.93800 0.90000, 3.05000 4.15000 0.10000"
2445,0.0000,Tx-Rx,0,-76.6867,"7.30900 2.93800 0.90000, 3.35000 4.15000 0.10000"
2446,0.0000,Tx-Rx,0,-75.7909,"7.30900 2.93800 0.90000, 3.65000 4.15000 0.10000"
2447,0.0000,Tx-Rx,0,-76.2649,"7.30900 2.93800 0.90000, 3.95000 4.15000 0.10000"
2448,0.0000,Tx-Rx,0,-76.1561,"7.30900 2.93800 0.90000, 4.25000 4.15000 0.10000"
2449,0.0000,Tx-Rx,0,-75.3189,"7.30900 2.93800 0.90000, 4.55000 4.15000 0.10000"
2450,0.0000,Tx-Rx,0,-74.0855,"7.30900 2.93800 0.90000, 4.85000 4.15000 0.10000"
2451,0.0000,Tx-Rx,0,-73.0243,"7.30900 2.93800 0.90000, 5.15000 4.15000 0.10000"
2452,0.0000,Tx-Rx,0,-71.9134,"7.30900 2.93800 0.90000, 5.45000 4.15000 0.10000"
2453,0.0000,Tx-Rx,0,-70.0246,"7.30900 2.93800 0.90000, 5.75000 4.15000 0.10000"
2454,0.0000,Tx-Rx,0,-67.9413,"7.30900 2.93800 0.90000, 6.05000 4.15000 0.10000"
2455,0.0000,Tx-Rx,0,-68.6045,"7.30900 2.93800 0.90000, 6.35000 4.15000 0.10000"
2456,0.0000,Tx-Rx,0,-65.6759,"7.30900 2.93800 0.90000, 6.65000 4.15000 0.10000"
2457,0.0000,Tx-Rx,0,-65.7901,"7.30900 2.93800 0.90000, 6.95000 4.15000 0.10000"
2458,0.0000,Tx-Rx,0,-66.9128,"7.30900 2.93800 0.90000, 7.25000 4.15000 0.10000"
2459,0.0000,Tx-Rx,0,-65.7734,"7.30900 2.93800 0.90000, 7.55000 4.15000 0.10000"
2460,0.0000,Tx-Rx,0,-66.6676,"7.30900 2.93800 0.90000, 7.85000 4.15000 0.10000"
2461,0.0000,Tx-Rx,0,-102.2432,"7.30900 2.93800 0.90000, -9.85000 4.45000 0.10000"
2462,0.0000,Tx-Rx,0,-98.7187,"7.30900 2.93800 0.90000, -9.55000 4.45000 0.10000"
2463,0.0000,Tx-Rx,0,-108.3744,"7.30900 2.93800 0.90000, -9.25000 4.45000 0.10000"
2464,0.0000,Tx-Rx,0,-103.6284,"7.30900 2.93800 0.90000, -8.95000 4.45000 0.10000"
2465,0.0000,Tx-Rx,0,-101.6164,"7.30900 2.93800 0.90000, -8.65000 4.45000 0.10000"
2466,0.0000,Tx-Rx,0,-99.7278,"7.30900 2.93800 0.90000, -8.35000 4.45000 0.10000"
2467,0.0000,Tx-Rx,0,-81.0613,"7.30900 2.93800 0.90000, -8.05000 4.45000 0.10000"
2468,0.0000,Tx-Rx,0,-72.9652,"7.30900 2.93800 0.90000, -7.75000 4.45000 0.10000"
2469,0.0000,Tx-Rx,0,-71.0901,"7.30900 2.93800 0.90000, -7.45000 4.45000 0.10000"
2470,0.0000,Tx-Rx,0,-71.9757,"7.30900 2.93800 0.90000, -7.15000 4.45000 0.10000"
2471,0.0000,Tx-Rx,0,-73.4053,"7.30900 2.93800 0.90000, -6.85000 4.45000 0.10000"
2472,0.0000,Tx-Rx,0,-72.7934,"7.30900 2.93800 0.90000, -6.55000 4.45000 0.10000"
2473,0.0000,Tx-Rx,0,-72.3800,"7.30900 2.93800 0.90000, -6.25000 4.45000 0.10000"
2474,0.0000,Tx-Rx,0,-72.5084,"7.30900 2.93800 0.90000, -5.95000 4.45000 0.10000"
2475,0.0000,Tx-Rx,0,-72.5321,"7.30900 2.93800 0.90000, -5.65000 4.45000 0.10000"
2476,0.0000,Tx-Rx,0,-71.0355,"7.30900 2.93800 0.90000, -5.35000 4.45000 0.10000"
2477,0.0000,Tx-Rx,0,-72.4780,"7.30900 2.93800 0.90000, -5.05000 4.45000 0.10000"
2478,0.0000,Tx-Rx,0,-71.8180,"7.30900 2.93800 0.90000, -4.75000 4.45000 0.10000"
2479,0.0000,Tx-Rx,0,-71.1996,"7.30900 2.93800 0.90000, -4.45000 4.45000 0.10000"
2480,0.0000,Tx-Rx,0,-71.1722,"7.30900 2.93800 0.90000, -4.15000 4.45000 0.10000"
2481,0.0000,Tx-Rx,0,-71.3357,"7.30900 2.93800 0.90000, -3.85000 4.45000 0.10000"
2482,0.0000,Tx-Rx,0,-71.4279,"7.30900 2.93800 0.90000, -3.55000 4.45000 0.10000"
2483,0.0000,Tx-Rx,0,-65.3789,"7.30900 2.93800 0.90000, -3.25000 4.45000 0.10000"
2484,0.0000,Tx-Rx,0,-63.6966,"7.30900 2.93800 0.90000, -2.95000 4.45000 0.10000"
2485,0.0000,Tx-Rx,0,-63.5803,"7.30900 2.93800 0.90000, -2.65000 4.45000 0.10000"
2486,0.0000,Tx-Rx,0,-63.3607,"7.30900 2.93800 0.90000, -2.35000 4.45000 0.10000"
2487,0.0000,Tx-Rx,0,-63.0454,"7.30900 2.93800 0.90000, -2.05000 4.45000 0.10000"
2488,0.0000,Tx-Rx,0,-63.0186,"7.30900 2.93800 0.90000, -1.75000 4.45000 0.10000"
2489,0.0000,Tx-Rx,0,-63.1124,"7.30900 2.93800 0.90000, -1.45000 4.45000 0.10000"
2490,0.0000,Tx-Rx,0,-63.0213,"7.30900 2.93800 0.90000, -1.15000 4.45000 0.10000"
2491,0.0000,Tx-Rx,0,-62.5963,"7.30900 2.93800 0.90000, -0.85000 4.45000 0.10000"
2492,0.0000,Tx-Rx,0,-62.3387,"7.30900 2.93800 0.90000, -0.55000 4.45000 0.10000"
2493,0.0000,Tx-Rx,0,-63.5378,"7.30900 2.93800 0.90000, -0.25000 4.45000 0.10000"
2494,0.0000,Tx-Rx,0,-61.3543,"7.30900 2.93800 0.90000, 0.05000 4.45000 0.10000"
2495,0.0000,Tx-Rx,0,-60.4938,"7.30900 2.93800 0.90000, 0.35000 4.45000 0.10000"
2496,0.0000,Tx-Rx,0,-60.5858,"7.30900 2.93800 0.90000, 0.65000 4.45000 0.10000"
2497,0.0000,Tx-Rx,0,-60.7155,"7.30900 2.93800 0.90000, 0.95000 4.45000 0.10000"
2498,0.0000,Tx-Rx,0,-59.8546,"7.30900 2.93800 0.90000, 1.25000 4.45000 0.10000"
2499,0.0000,Tx-Rx,0,-59.5049,"7.30900 2.93800 0.90000, 1.55000 4.45000 0.10000"
2500,0.0000,Tx-Rx,0,-59.6339,"7.30900 2.93800 0.90000, 1.85000 4.45000 0.10000"
2501,0.0000,Tx-Rx,0,-59.8702,"7.30900 2.93800 0.90000, 2.15000 4.45000 0.10000"
2502,0.0000,Tx-Rx,0,-63.5034,"7.30900 2.93800 0.90000, 2.45000 4.45000 0.10000"
2503,0.0000,Tx-Rx,0,-69.7248,"7.30900 2.93800 0.90000, 2.75000 4.45000 0.10000"
2504,0.0000,Tx-Rx,0,-71.8371,"7.30900 2.93800 0.90000, 3.05000 4.45000 0.10000"
2505,0.0000,Tx-Rx,0,-71.7991,"7.30900 2.93800 0.90000, 3.35000 4.45000 0.10000"
2506,0.0000,Tx-Rx,0,-72.2837,"7.30900 2.93800 0.90000, 3.65000 4.45000 0.10000"
2507,0.0000,Tx-Rx,0,-72.2055,"7.30900 2.93800 0.90000, 3.95000 4.45000 0.10000"
2508,0.0000,Tx-Rx,0,-71.7164,"7.30900 2.93800 0.90000, 4.25000 4.45000 0.10000"
2509,0.0000,Tx-Rx,0,-71.4848,"7.30900 2.93800 0.90000, 4.55000 4.45000 0.10000"
2510,0.0000,Tx-Rx,0,-70.7432,"7.30900 2.93800 0.90000, 4.85000 4.45000 0.10000"
2511,0.0000,Tx-Rx,0,-70.8832,"7.30900 2.93800 0.90000, 5.15000 4.45000 0.10000"
2512,0.0000,Tx-Rx,0,-69.7576,"7.30900 2.93800 0.90000, 5.45000 4.45000 0.10000"
2513,0.0000,Tx-Rx,0,-68.5214,"7.30900 2.93800 0.90000, 5.75000 4.45000 0.10000"
2514,0.0000,Tx-Rx,0,-69.1806,"7.30900 2.93800 0.90000, 6.05000 4.45000 0.10000"
2515,0.0000,Tx-Rx,0,-67.2754,"7.30900 2.93800 0.90000, 6.35000 4.45000 0.10000"
2516,0.0000,Tx-Rx,0,-66.0097,"7.30900 2.93800 0.90000, 6.65000 4.45000 0.10000"
2517,0.0000,Tx-Rx,0,-67.4125,"7.30900 2.93800 0.90000, 6.95000 4.45000 0.10000"
2518,0.0000,Tx-Rx,0,-66.9861,"7.30900 2.93800 0.90000, 7.25000 4.45000 0.10000"
2519,0.0000,Tx-Rx,0,-66.5463,"7.30900 2.93800 0.90000, 7.55000 4.45000 0.10000"
2520,0.0000,Tx-Rx,0,-66.7555,"7.30900 2.93800 0.90000, 7.85000 4.45000 0.10000"
2521,0.0000,Tx-Rx,0,-100.0739,"7.30900 2.93800 0.90000, -9.85000 4.75000 0.10000"
2522,0.0000,Tx-Rx,0,-103.2012,"7.30900 2.93800 0.90000, -9.55000 4.75000 0.10000"
2523,0.0000,Tx-Rx,0,-100.2158,"7.30900 2.93800 0.90000, -9.25000 4.75000 0.10000"
2524,0.0000,Tx-Rx,0,-103.4300,"7.30900 2.93800 0.90000, -8.95000 4.75000 0.10000"
2525,0.0000,Tx-Rx,0,-102.6473,"7.30900 2.93800 0.90000, -8.65000 4.75000 0.10000"
2526,0.0000,Tx-Rx,0,-105.3329,"7.30900 2.93800 0.90000, -8.35000 4.75000 0.10000"
2527,0.0000,Tx-Rx,0,-83.9721,"7.30900 2.93800 0.90000, -8.05000 4.75000 0.10000"
2528,0.0000,Tx-Rx,0,-78.9427,"7.30900 2.93800 0.90000, -7.75000 4.75000 0.10000"
2529,0.0000,Tx-Rx,0,-73.8617,"7.30900 2.93800 0.90000, -7.45000 4.75000 0.10000"
2530,0.0000,Tx-Rx,0,-72.6137,"7.30900 2.93800 0.90000, -7.15000 4.75000 0.10000"
2531,0.0000,Tx-Rx,0,-73.8492,"7.30900 2.93800 0.90000, -6.85000 4.75000 0.10000"
2532,0.0000,Tx-Rx,0,-74.1550,"7.30900 2.93800 0.90000, -6.55000 4.75000 0.10000"
2533,0.0000,Tx-Rx,0,-73.7576,"7.30900 2.93800 0.90000, -6.25000 4.75000 0.10000"
2534,0.0000,Tx-Rx,0,-73.4509,"7.30900 2.93800 0.90000, -5.95000 4.75000 0.10000"
2535,0.0000,Tx-Rx,0,-73.6762,"7.30900 2.93800 0.90000, -5.65000 4.75000 0.10000"
2536,0.0000,Tx-Rx,0,-73.3383,"7.30900 2.93800 0.90000, -5.35000 4.75000 0.10000"
2537,0.0000,Tx-Rx,0,-73.0233,"7.30900 2.93800 0.90000, -5.05000 4.75000 0.10000"
2538,0.0000,Tx-Rx,0,-72.7107,"7.30900 2.93800 0.90000, -4.75000 4.75000 0.10000"
2539,0.0000,Tx-Rx,0,-72.0402,"7.30900 2.93800 0.90000, -4.45000 4.75000 0.10000"
2540,0.0000,Tx-Rx,0,-72.6813,"7.30900 2.93800 0.90000, -4.15000 4.75000 0.10000"
2541,0.0000,Tx-Rx,0,-73.0411,"7.30900 2.93800 0.90000, -3.85000 4.75000 0.10000"
2542,0.0000,Tx-Rx,0,-67.5507,"7.30900 2.93800 0.90000, -3.55000 4.75000 0.10000"
2543,0.0000,Tx-Rx,0,-65.4461,"7.30900 2.93800 0.90000, -3.25000 4.75000 0.10000"
2544,0.0000,Tx-Rx,0,-65.0147,"7.30900 2.93800 0.90000, -2.95000 4.75000 0.10000"
2545,0.0000,Tx-Rx,0,-64.8710,"7.30900 2.93800 0.90000, -2.65000 4.75000 0.10000"
2546,0.0000,Tx-Rx,0,-64.4964,"7.30900 2.93800 0.90000, -2.35000 4.75000 0.10000"
2547,0.0000,Tx-Rx,0,-62.8116,"7.30900 2.93800 0.90000, -2.05000 4.75000 0.10000"
2548,0.0000,Tx-Rx,0,-62.5787,"7.30900 2.93800 0.90000, -1.75000 4.75000 0.10000"
2549,0.0000,Tx-Rx,0,-62.5382,"7.30900 2.93800 0.90000, -1.45000 4.75000 0.10000"
2550,0.0000,Tx-Rx,0,-60.5824,"7.30900 2.93800 0.90000, -1.15000 4.75000 0.10000"
2551,0.0000,Tx-Rx,0,-60.3453,"7.30900 2.93800 0.90000, -0.85000 4.75000 0.10000"
2552,0.0000,Tx-Rx,0,-63.0556,"7.30900 2.93800 0.90000, -0.55000 4.75000 0.10000"
2553,0.0000,Tx-Rx,0,-65.3286,"7.30900 2.93800 0.90000, -0.25000 4.75000 0.10000"
2554,0.0000,Tx-Rx,0,-66.4507,"7.30900 2.93800 0.90000, 0.05000 4.75000 0.10000"
2555,0.0000,Tx-Rx,0,-67.7863,"7.30900 2.93800 0.90000, 0.35000 4.75000 0.10000"
2556,0.0000,Tx-Rx,0,-63.9598,"7.30900 2.93800 0.90000, 0.65000 4.75000 0.10000"
2557,0.0000,Tx-Rx,0,-62.3546,"7.30900 2.93800 0.90000, 0.95000 4.75000 0.10000"
2558,0.0000,Tx-Rx,0,-62.7163,"7.30900 2.93800 0.90000, 1.25000 4.75000 0.10000"
2559,0.0000,Tx-Rx,0,-63.2369,"7.30900 2.93800 0.90000, 1.55000 4.75000 0.10000"
2560,0.0000,Tx-Rx,0,-65.6252,"7.30900 2.93800 0.90000, 1.85000 4.75000 0.10000"
2561,0.0000,Tx-Rx,0,-69.4165,"7.30900 2.93800 0.90000, 2.15000 4.75000 0.10000"
2562,0.0000,Tx-Rx,0,-68.7099,"7.30900 2.93800 0.90000, 2.45000 4.75000 0.10000"
2563,0.0000,Tx-Rx,0,-68.7241,"7.30900 2.93800 0.90000, 2.75000 4.75000 0.10000"
2564,0.0000,Tx-Rx,0,-69.7863,"7.30900 2.93800 0.90000, 3.05000 4.75000 0.10000"
2565,0.0000,Tx-Rx,0,-69.6395,"7.30900 2.93800 0.90000, 3.35000 4.75000 0.10000"
2566,0.0000,Tx-Rx,0,-77.4770,"7.30900 2.93800 0.90000, 3.65000 4.75000 0.10000"
2567,0.0000,Tx-Rx,0,-77.9082,"7.30900 2.93800 0.90000, 3.95000 4.75000 0.10000"
2568,0.0000,Tx-Rx,0,-78.1851,"7.30900 2.93800 0.90000, 4.25000 4.75000 0.10000"
2569,0.0000,Tx-Rx,0,-78.1113,"7.30900 2.93800 0.90000, 4.55000 4.75000 0.10000"
2570,0.0000,Tx-Rx,0,-79.5339,"7.30900 2.93800 0.90000, 4.85000 4.75000 0.10000"
2571,0.0000,Tx-Rx,0,-77.6536,"7.30900 2.93800 0.90000, 5.15000 4.75000 0.10000"
2572,0.0000,Tx-Rx,0,-78.7129,"7.30900 2.93800 0.90000, 5.45000 4.75000 0.10000"
2573,0.0000,Tx-Rx,0,-74.9569,"7.30900 2.93800 0.90000, 5.75000 4.75000 0.10000"
2574,0.0000,Tx-Rx,0,-73.1588,"7.30900 2.93800 0.90000, 6.05000 4.75000 0.10000"
2575,0.0000,Tx-Rx,0,-72.0542,"7.30900 2.93800 0.90000, 6.35000 4.75000 0.10000"
2576,0.0000,Tx-Rx,0,-71.7341,"7.30900 2.93800 0.90000, 6.65000 4.75000 0.10000"
2577,0.0000,Tx-Rx,0,-69.6798,"7.30900 2.93800 0.90000, 6.95000 4.75000 0.10000"
2578,0.0000,Tx-Rx,0,-68.1377,"7.30900 2.93800 0.90000, 7.25000 4.75000 0.10000"
2579,0.0000,Tx-Rx,0,-70.2530,"7.30900 2.93800 0.90000, 7.55000 4.75000 0.10000"
2580,0.0000,Tx-Rx,0,-76.2906,"7.30900 2.93800 0.90000, 7.85000 4.75000 0.10000"
2581,0.0000,Tx-Rx,0,-120.0000,"7.30900 2.93800 0.90000, -9.85000 5.05000 0.10000"
2582,0.0000,Tx-Rx,0,-120.0000,"7.30900 2.93800 0.90000, -9.55000 5.05000 0.10000"
2583,0.0000,Tx-Rx,0,-120.0000,"7.30900 2.93800 0.90000, -9.25000 5.05000 0.10000"
2584,0.0000,Tx-Rx,0,-113.4602,"7.30900 2.93800 0.90000, -8.95000 5.05000 0.10000"
2585,0.0000,Tx-Rx,0,-108.8670,"7.30900 2.93800 0.90000, -8.65000 5.05000 0.10000"
2586,0.0000,Tx-Rx,0,-104.0393,"7.30900 2.93800 0.90000, -8.35000 5.05000 0.10000"
2587,0.0000,Tx-Rx,0,-83.2073,"7.30900 2.93800 0.90000, -8.05000 5.05000 0.10000"
2588,0.0000,Tx-Rx,0,-78.1635,"7.30900 2.93800 0.90000, -7.75000 5.05000 0.10000"
2589,0.0000,Tx-Rx,0,-77.1870,"7.30900 2.93800 0.90000, -7.45000 5.05000 0.10000"
2590,0.0000,Tx-Rx,0,-73.1485,"7.30900 2.93800 0.90000, -7.15000 5.05000 0.10000"
2591,0.0000,Tx-Rx,0,-72.9920,"7.30900 2.93800 0.90000, -6.85000 5.05000 0.10000"
2592,0.0000,Tx-Rx,0,-73.8919,"7.30900 2.93800 0.90000, -6.55000 5.05000 0.10000"
2593,0.0000,Tx-Rx,0,-73.9601,"7.30900 2.93800 0.90000, -6.25000 5.05000 0.10000"
2594,0.0000,Tx-Rx,0,-73.8658,"7.30900 2.93800 0.90000, -5.95000 5.05000 0.10000"
2595,0.0000,Tx-Rx,0,-73.2813,"7.30900 2.93800 0.90000, -5.65000 5.05000 0.10000"
2596,0.0000,Tx-Rx,0,-73.3969,"7.30900 2.93800 0.90000, -5.35000 5.05000 0.10000"
2597,0.0000,Tx-Rx,0,-72.8962,"7.30900 2.93800 0.90000, -5.05000 5.05000 0.10000"
2598,0.0000,Tx-Rx,0,-72.6805,"7.30900 2.93800 0.90000, -4.75000 5.05000 0.10000"
2599,0.0000,Tx-Rx,0,-73.3539,"7.30900 2.93800 0.90000, -4.45000 5.05000 0.10000"
2600,0.0000,Tx-Rx,0,-70.1385,"7.30900 2.93800 0.90000, -4.15000 5.05000 0.10000"
2601,0.0000,Tx-Rx,0,-65.4016,"7.30900 2.93800 0.90000, -3.85000 5.05000 0.10000"
2602,0.0000,Tx-Rx,0,-63.8506,"7.30900 2.93800 0.90000, -3.55000 5.05000 0.10000"
2603,0.0000,Tx-Rx,0,-62.0037,"7.30900 2.93800 0.90000, -3.25000 5.05000 0.10000"
2604,0.0000,Tx-Rx,0,-62.9588,"7.30900 2.93800 0.90000, -2.95000 5.05000 0.10000"
2605,0.0000,Tx-Rx,0,-62.4665,"7.30900 2.93800 0.90000, -2.65000 5.05000 0.10000"
2606,0.0000,Tx-Rx,0,-62.5637,"7.30900 2.93800 0.90000, -2.35000 5.05000 0.10000"
2607,0.0000,Tx-Rx,0,-62.8799,"7.30900 2.93800 0.90000, -2.05000 5.05000 0.10000"
2608,0.0000,Tx-Rx,0,-63.2626,"7.30900 2.93800 0.90000, -1.75000 5.05000 0.10000"
2609,0.0000,Tx-Rx,0,-63.9422,"7.30900 2.93800 0.90000, -1.45000 5.05000 0.10000"
2610,0.0000,Tx-Rx,0,-64.0212,"7.30900 2.93800 0.90000, -1.15000 5.05000 0.10000"
2611,0.0000,Tx-Rx,0,-68.3433,"7.30900 2.93800 0.90000, -0.85000 5.05000 0.10000"
2612,0.0000,Tx-Rx,0,-75.9741,"7.30900 2.93800 0.90000, -0.55000 5.05000 0.10000"
2613,0.0000,Tx-Rx,0,-73.5446,"7.30900 2.93800 0.90000, -0.25000 5.05000 0.10000"
2614,0.0000,Tx-Rx,0,-66.6194,"7.30900 2.93800 0.90000, 0.05000 5.05000 0.10000"
2615,0.0000,Tx-Rx,0,-63.8876,"7.30900 2.93800 0.90000, 0.35000 5.05000 0.10000"
2616,0.0000,Tx-Rx,0,-63.9795,"7.30900 2.93800 0.90000, 0.65000 5.05000 0.10000"
2617,0.0000,Tx-Rx,0,-64.1502,"7.30900 2.93800 0.90000, 0.95000 5.05000 0.10000"
2618,0.0000,Tx-Rx,0,-65.4482,"7.30900 2.93800 0.90000, 1.25000 5.05000 0.10000"
2619,0.0000,Tx-Rx,0,-71.1777,"7.30900 2.93800 0.90000, 1.55000 5.05000 0.10000"
2620,0.0000,Tx-Rx,0,-73.9364,"7.30900 2.93800 0.90000, 1.85000 5.05000 0.10000"
2621,0.0000,Tx-Rx,0,-74.7276,"7.30900 2.93800 0.90000, 2.15000 5.05000 0.10000"
2622,0.0000,Tx-Rx,0,-72.6952,"7.30900 2.93800 0.90000, 2.45000 5.05000 0.10000"
2623,0.0000,Tx-Rx,0,-75.2830,"7.30900 2.93800 0.90000, 2.75000 5.05000 0.10000"
2624,0.0000,Tx-Rx,0,-75.6137,"7.30900 2.93800 0.90000, 3.05000 5.05000 0.10000"
2625,0.0000,Tx-Rx,0,-74.8967,"7.30900 2.93800 0.90000, 3.35000 5.05000 0.10000"
2626,0.0000,Tx-Rx,0,-81.5114,"7.30900 2.93800 0.90000, 3.65000 5.05000 0.10000"
2627,0.0000,Tx-Rx,0,-81.0947,"7.30900 2.93800 0.90000, 3.95000 5.05000 0.10000"
2628,0.0000,Tx-Rx,0,-80.0146,"7.30900 2.93800 0.90000, 4.25000 5.05000 0.10000"
2629,0.0000,Tx-Rx,0,-79.7154,"7.30900 2.93800 0.90000, 4.55000 5.05000 0.10000"
2630,0.0000,Tx-Rx,0,-79.8877,"7.30900 2.93800 0.90000, 4.85000 5.05000 0.10000"
2631,0.0000,Tx-Rx,0,-80.1571,"7.30900 2.93800 0.90000, 5.15000 5.05000 0.10000"
2632,0.0000,Tx-Rx,0,-79.5226,"7.30900 2.93800 0.90000, 5.45000 5.05000 0.10000"
2633,0.0000,Tx-Rx,0,-75.0135,"7.30900 2.93800 0.90000, 5.75000 5.05000 0.10000"
2634,0.0000,Tx-Rx,0,-70.9686,"7.30900 2.93800 0.90000, 6.05000 5.05000 0.10000"
2635,0.0000,Tx-Rx,0,-71.1771,"7.30900 2.93800 0.90000, 6.35000 5.05000 0.10000"
2636,0.0000,Tx-Rx,0,-70.3951,"7.30900 2.93800 0.90000, 6.65000 5.05000 0.10000"
2637,0.0000,Tx-Rx,0,-69.6852,"7.30900 2.93800 0.90000, 6.95000 5.05000 0.10000"
2638,0.0000,Tx-Rx,0,-69.4614,"7.30900 2.93800 0.90000, 7.25000 5.05000 0.10000"
2639,0.0000,Tx-Rx,0,-71.5685,"7.30900 2.93800 0.90000, 7.55000 5.05000 0.10000"
2640,0.0000,Tx-Rx,0,-77.2507,"7.30900 2.93800 0.90000, 7.85000 5.05000 0.10000"
2641,0.0000,Tx-Rx,0,-120.0000,"7.30900 2.93800 0.90000, -9.85000 5.35000 0.10000"
2642,0.0000,Tx-Rx,0,-120.0000,"7.30900 2.93800 0.90000, -9.55000 5.35000 0.10000"
2643,0.0000,Tx-Rx,0,-120.0000,"7.30900 2.93800 0.90000, -9.25000 5.35000 0.10000"
2644,0.0000,Tx-Rx,0,-120.0000,"7.30900 2.93800 0.90000, -8.95000 5.35000 0.10000"
2645,0.0000,Tx-Rx,0,-120.0000,"7.30900 2.93800 0.90000, -8.65000 5.35000 0.10000"
2646,0.0000,Tx-Rx,0,-107.9335,"7.30900 2.93800 0.90000, -8.35000 5.35000 0.10000"
2647,0.0000,Tx-Rx,0,-85.5380,"7.30900 2.93800 0.90000, -8.05000 5.35000 0.10000"
2648,0.0000,Tx-Rx,0,-80.2900,"7.30900 2.93800 0.90000, -7.75000 5.35000 0.10000"
2649,0.0000,Tx-Rx,0,-78.1674,"7.30900 2.93800 0.90000, -7.45000 5.35000 0.10000"
2650,0.0000,Tx-Rx,0,-77.5052,"7.30900 2.93800 0.90000, -7.15000 5.35000 0.10000"
2651,0.0000,Tx-Rx,0,-72.7472,"7.30900 2.93800 0.90000, -6.85000 5.35000 0.10000"
2652,0.0000,Tx-Rx,0,-66.8399,"7.30900 2.93800 0.90000, -6.55000 5.35000 0.10000"
2653,0.0000,Tx-Rx,0,-65.4104,"7.30900 2.93800 0.90000, -6.25000 5.35000 0.10000"
2654,0.0000,Tx-Rx,0,-62.5398,"7.30900 2.93800 0.90000, -5.95000 5.35000 0.10000"
2655,0.0000,Tx-Rx,0,-64.9218,"7.30900 2.93800 0.90000, -5.65000 5.35000 0.10000"
2656,0.0000,Tx-Rx,0,-71.5072,"7.30900 2.93800 0.90000, -5.35000 5.35000 0.10000"
2657,0.0000,Tx-Rx,0,-71.7008,"7.30900 2.93800 0.90000, -5.05000 5.35000 0.10000"
2658,0.0000,Tx-Rx,0,-67.5562,"7.30900 2.93800 0.90000, -4.75000 5.35000 0.10000"
2659,0.0000,Tx-Rx,0,-68.7295,"7.30900 2.93800 0.90000, -4.45000 5.35000 0.10000"
2660,0.0000,Tx-Rx,0,-64.6590,"7.30900 2.93800 0.90000, -4.15000 5.35000 0.10000"
2661,0.0000,Tx-Rx,0,-63.6697,"7.30900 2.93800 0.90000, -3.85000 5.35000 0.10000"
2662,0.0000,Tx-Rx,0,-62.7177,"7.30900 2.93800 0.90000, -3.55000 5.35000 0.10000"
2663,0.0000,Tx-Rx,0,-63.3138,"7.30900 2.93800 0.90000, -3.25000 5.35000 0.10000"
2664,0.0000,Tx-Rx,0,-63.8414,"7.30900 2.93800 0.90000, -2.95000 5.35000 0.10000"
2665,0.0000,Tx-Rx,0,-64.3094,"7.30900 2.93800 0.90000, -2.65000 5.35000 0.10000"
2666,0.0000,Tx-Rx,0,-64.8321,"7.30900 2.93800 0.90000, -2.35000 5.35000 0.10000"
2667,0.0000,Tx-Rx,0,-64.9184,"7.30900 2.93800 0.90000, -2.05000 5.35000 0.10000"
2668,0.0000,Tx-Rx,0,-64.7654,"7.30900 2.93800 0.90000, -1.75000 5.35000 0.10000"
2669,0.0000,Tx-Rx,0,-64.8577,"7.30900 2.93800 0.90000, -1.45000 5.35000 0.10000"
2670,0.0000,Tx-Rx,0,-66.3618,"7.30900 2.93800 0.90000, -1.15000 5.35000 0.10000"
2671,0.0000,Tx-Rx,0,-78.6463,"7.30900 2.93800 0.90000, -0.85000 5.35000 0.10000"
2672,0.0000,Tx-Rx,0,-77.9078,"7.30900 2.93800 0.90000, -0.55000 5.35000 0.10000"
2673,0.0000,Tx-Rx,0,-78.0685,"7.30900 2.93800 0.90000, -0.25000 5.35000 0.10000"
2674,0.0000,Tx-Rx,0,-75.8978,"7.30900 2.93800 0.90000, 0.05000 5.35000 0.10000"
2675,0.0000,Tx-Rx,0,-70.6778,"7.30900 2.93800 0.90000, 0.35000 5.35000 0.10000"
2676,0.0000,Tx-Rx,0,-70.5626,"7.30900 2.93800 0.90000, 0.65000 5.35000 0.10000"
2677,0.0000,Tx-Rx,0,-71.7734,"7.30900 2.93800 0.90000, 0.95000 5.35000 0.10000"
2678,0.0000,Tx-Rx,0,-74.5196,"7.30900 2.93800 0.90000, 1.25000 5.35000 0.10000"
2679,0.0000,Tx-Rx,0,-75.2820,"7.30900 2.93800 0.90000, 1.55000 5.35000 0.10000"
2680,0.0000,Tx-Rx,0,-77.2055,"7.30900 2.93800 0.90000, 1.85000 5.35000 0.10000"
2681,0.0000,Tx-Rx,0,-75.1955,"7.30900 2.93800 0.90000, 2.15000 5.35000 0.10000"
2682,0.0000,Tx-Rx,0,-73.7037,"7.30900 2.93800 0.90000, 2.45000 5.35000 0.10000"
2683,0.0000,Tx-Rx,0,-77.3893,"7.30900 2.93800 0.90000, 2.75000 5.35000 0.10000"
2684,0.0000,Tx-Rx,0,-78.9046,"7.30900 2.93800 0.90000, 3.05000 5.35000 0.10000"
2685,0.0000,Tx-Rx,0,-79.5933,"7.30900 2.93800 0.90000, 3.35000 5.35000 0.10000"
2686,0.0000,Tx-Rx,0,-80.2833,"7.30900 2.93800 0.90000, 3.65000 5.35000 0.10000"
2687,0.0000,Tx-Rx,0,-80.1426,"7.30900 2.93800 0.90000, 3.95000 5.35000 0.10000"
2688,0.0000,Tx-Rx,0,-80.4779,"7.30900 2.93800 0.90000, 4.25000 5.35000 0.10000"
2689,0.0000,Tx-Rx,0,-80.5969,"7.30900 2.93800 0.90000, 4.55000 5.35000 0.10000"
2690,0.0000,Tx-Rx,0,-80.2985,"7.30900 2.93800 0.90000, 4.85000 5.35000 0.10000"
2691,0.0000,Tx-Rx,0,-80.1573,"7.30900 2.93800 0.90000, 5.15000 5.35000 0.10000"
2692,0.0000,Tx-Rx,0,-78.8742,"7.30900 2.93800 0.90000, 5.45000 5.35000 0.10000"
2693,0.0000,Tx-Rx,0,-72.9319,"7.30900 2.93800 0.90000, 5.75000 5.35000 0.10000"
2694,0.0000,Tx-Rx,0,-70.6849,"7.30900 2.93800 0.90000, 6.05000 5.35000 0.10000"
2695,0.0000,Tx-Rx,0,-71.3005,"7.30900 2.93800 0.90000, 6.35000 5.35000 0.10000"
2696,0.0000,Tx-Rx,0,-71.0573,"7.30900 2.93800 0.90000, 6.65000 5.35000 0.10000"
2697,0.0000,Tx-Rx,0,-70.6624,"7.30900 2.93800 0.90000, 6.95000 5.35000 0.10000"
2698,0.0000,Tx-Rx,0,-70.2062,"7.30900 2.93800 0.90000, 7.25000 5.35000 0.10000"
2699,0.0000,Tx-Rx,0,-71.7563,"7.30900 2.93800 0.90000, 7.55000 5.35000 0.10000"
2700,0.0000,Tx-Rx,0,-81.2687,"7.30900 2.93800 0.90000, 7.85000 5.35000 0.10000"
2701,0.0000,Tx-Rx,0,-120.0000,"7.30900 2.93800 0.90000, -9.85000 5.65000 0.10000"
2702,0.0000,Tx-Rx,0,-103.5085,"7.30900 2.93800 0.90000, -9.55000 5.65000 0.10000"
2703,0.0000,Tx-Rx,0,-103.7599,"7.30900 2.93800 0.90000, -9.25000 5.65000 0.10000"
2704,0.0000,Tx-Rx,0,-103.8135,"7.30900 2.93800 0.90000, -8.95000 5.65000 0.10000"
2705,0.0000,Tx-Rx,0,-120.0000,"7.30900 2.93800 0.90000, -8.65000 5.65000 0.10000"
2706,0.0000,Tx-Rx,0,-102.8132,"7.30900 2.93800 0.90000, -8.35000 5.65000 0.10000"
2707,0.0000,Tx-Rx,0,-75.2471,"7.30900 2.93800 0.90000, -8.05000 5.65000 0.10000"
2708,0.0000,Tx-Rx,0,-78.2619,"7.30900 2.93800 0.90000, -7.75000 5.65000 0.10000"
2709,0.0000,Tx-Rx,0,-64.3106,"7.30900 2.93800 0.90000, -7.45000 5.65000 0.10000"
2710,0.0000,Tx-Rx,0,-61.2838,"7.30900 2.93800 0.90000, -7.15000 5.65000 0.10000"
2711,0.0000,Tx-Rx,0,-60.1988,"7.30900 2.93800 0.90000, -6.85000 5.65000 0.10000"
2712,0.0000,Tx-Rx,0,-59.9542,"7.30900 2.93800 0.90000, -6.55000 5.65000 0.10000"
2713,0.0000,Tx-Rx,0,-64.1203,"7.30900 2.93800 0.90000, -6.25000 5.65000 0.10000"
2714,0.0000,Tx-Rx,0,-66.5675,"7.30900 2.93800 0.90000, -5.95000 5.65000 0.10000"
2715,0.0000,Tx-Rx,0,-68.7195,"7.30900 2.93800 0.90000, -5.65000 5.65000 0.10000"
2716,0.0000,Tx-Rx,0,-70.0562,"7.30900 2.93800 0.90000, -5.35000 5.65000 0.10000"
2717,0.0000,Tx-Rx,0,-63.9441,"7.30900 2.93800 0.90000, -5.05000 5.65000 0.10000"
2718,0.0000,Tx-Rx,0,-68.8293,"7.30900 2.93800 0.90000, -4.75000 5.65000 0.10000"
2719,0.0000,Tx-Rx,0,-66.1783,"7.30900 2.93800 0.90000, -4.45000 5.65000 0.10000"
2720,0.0000,Tx-Rx,0,-62.9931,"7.30900 2.93800 0.90000, -4.15000 5.65000 0.10000"
2721,0.0000,Tx-Rx,0,-64.2359,"7.30900 2.93800 0.90000, -3.85000 5.65000 0.10000"
2722,0.0000,Tx-Rx,0,-64.6402,"7.30900 2.93800 0.90000, -3.55000 5.65000 0.10000"
2723,0.0000,Tx-Rx,0,-64.9257,"7.30900 2.93800 0.90000, -3.25000 5.65000 0.10000"
2724,0.0000,Tx-Rx,0,-65.1446,"7.30900 2.93800 0.90000, -2.95000 5.65000 0.10000"
2725,0.0000,Tx-Rx,0,-65.2321,"7.30900 2.93800 0.90000, -2.65000 5.65000 0.10000"
2726,0.0000,Tx-Rx,0,-65.0992,"7.30900 2.93800 0.90000, -2.35000 5.65000 0.10000"
2727,0.0000,Tx-Rx,0,-65.1144,"7.30900 2.93800 0.90000, -2.05000 5.65000 0.10000"
2728,0.0000,Tx-Rx,0,-65.2798,"7.30900 2.93800 0.90000, -1.75000 5.65000 0.10000"
2729,0.0000,Tx-Rx,0,-65.2260,"7.30900 2.93800 0.90000, -1.45000 5.65000 0.10000"
2730,0.0000,Tx-Rx,0,-72.0743,"7.30900 2.93800 0.90000, -1.15000 5.65000 0.10000"
2731,0.0000,Tx-Rx,0,-76.1581,"7.30900 2.93800 0.90000, -0.85000 5.65000 0.10000"
2732,0.0000,Tx-Rx,0,-75.8839,"7.30900 2.93800 0.90000, -0.55000 5.65000 0.10000"
2733,0.0000,Tx-Rx,0,-76.1253,"7.30900 2.93800 0.90000, -0.25000 5.65000 0.10000"
2734,0.0000,Tx-Rx,0,-75.1347,"7.30900 2.93800 0.90000, 0.05000 5.65000 0.10000"
2735,0.0000,Tx-Rx,0,-74.4048,"7.30900 2.93800 0.90000, 0.35000 5.65000 0.10000"
2736,0.0000,Tx-Rx,0,-76.0221,"7.30900 2.93800 0.90000, 0.65000 5.65000 0.10000"
2737,0.0000,Tx-Rx,0,-79.8403,"7.30900 2.93800 0.90000, 0.95000 5.65000 0.10000"
2738,0.0000,Tx-Rx,0,-78.4163,"7.30900 2.93800 0.90000, 1.25000 5.65000 0.10000"
2739,0.0000,Tx-Rx,0,-76.2384,"7.30900 2.93800 0.90000, 1.55000 5.65000 0.10000"
2740,0.0000,Tx-Rx,0,-74.9260,"7.30900 2.93800 0.90000, 1.85000 5.65000 0.10000"
2741,0.0000,Tx-Rx,0,-74.2975,"7.30900 2.93800 0.90000, 2.15000 5.65000 0.10000"
2742,0.0000,Tx-Rx,0,-75.2475,"7.30900 2.93800 0.90000, 2.45000 5.65000 0.10000"
2743,0.0000,Tx-Rx,0,-80.8307,"7.30900 2.93800 0.90000, 2.75000 5.65000 0.10000"
2744,0.0000,Tx-Rx,0,-80.0903,"7.30900 2.93800 0.90000, 3.05000 5.65000 0.10000"
2745,0.0000,Tx-Rx,0,-77.5289,"7.30900 2.93800 0.90000, 3.35000 5.65000 0.10000"
2746,0.0000,Tx-Rx,0,-80.2809,"7.30900 2.93800 0.90000, 3.65000 5.65000 0.10000"
2747,0.0000,Tx-Rx,0,-82.3199,"7.30900 2.93800 0.90000, 3.95000 5.65000 0.10000"
2748,0.0000,Tx-Rx,0,-82.1447,"7.30900 2.93800 0.90000, 4.25000 5.65000 0.10000"
2749,0.0000,Tx-Rx,0,-81.1240,"7.30900 2.93800 0.90000, 4.55000 5.65000 0.10000"
2750,0.0000,Tx-Rx,0,-80.4527,"7.30900 2.93800 0.90000, 4.85000 5.65000 0.10000"
2751,0.0000,Tx-Rx,0,-78.7340,"7.30900 2.93800 0.90000, 5.15000 5.65000 0.10000"
2752,0.0000,Tx-Rx,0,-74.8989,"7.30900 2.93800 0.90000, 5.45000 5.65000 0.10000"
2753,0.0000,Tx-Rx,0,-72.2160,"7.30900 2.93800 0.90000, 5.75000 5.65000 0.10000"
2754,0.0000,Tx-Rx,0,-71.3036,"7.30900 2.93800 0.90000, 6.05000 5.65000 0.10000"
2755,0.0000,Tx-Rx,0,-71.5449,"7.30900 2.93800 0.90000, 6.35000 5.65000 0.10000"
2756,0.0000,Tx-Rx,0,-71.4329,"7.30900 2.93800 0.90000, 6.65000 5.65000 0.10000"
2757,0.0000,Tx-Rx,0,-71.4279,"7.30900 2.93800 0.90000, 6.95000 5.65000 0.10000"
2758,0.0000,Tx-Rx,0,-70.5500,"7.30900 2.93800 0.90000, 7.25000 5.65000 0.10000"
2759,0.0000,Tx-Rx,0,-72.0517,"7.30900 2.93800 0.90000, 7.55000 5.65000 0.10000"
2760,0.0000,Tx-Rx,0,-85.5219,"7.30900 2.93800 0.90000, 7.85000 5.65000 0.10000"
2761,0.0000,Tx-Rx,0,-115.9503,"7.30900 2.93800 0.90000, -9.85000 5.95000 0.10000"
2762,0.0000,Tx-Rx,0,-120.0000,"7.30900 2.93800 0.90000, -9.55000 5.95000 0.10000"
2763,0.0000,Tx-Rx,0,-120.0000,"7.30900 2.93800 0.90000, -9.25000 5.95000 0.10000"
2764,0.0000,Tx-Rx,0,-120.0000,"7.30900 2.93800 0.90000, -8.95000 5.95000 0.10000"
2765,0.0000,Tx-Rx,0,-120.0000,"7.30900 2.93800 0.90000, -8.65000 5.95000 0.10000"
2766,0.0000,Tx-Rx,0,-89.5222,"7.30900 2.93800 0.90000, -8.35000 5.95000 0.10000"
2767,0.0000,Tx-Rx,0,-63.9286,"7.30900 2.93800 0.90000, -8.05000 5.95000 0.10000"
2768,0.0000,Tx-Rx,0,-59.5497,"7.30900 2.93800 0.90000, -7.75000 5.95000 0.10000"
2769,0.0000,Tx-Rx,0,-60.5741,"7.30900 2.93800 0.90000, -7.45000 5.95000 0.10000"
2770,0.0000,Tx-Rx,0,-64.7525,"7.30900 2.93800 0.90000, -7.15000 5.95000 0.10000"
2771,0.0000,Tx-Rx,0,-72.2408,"7.30900 2.93800 0.90000, -6.85000 5.95000 0.10000"
2772,0.0000,Tx-Rx,0,-68.3110,"7.30900 2.93800 0.90000, -6.55000 5.95000 0.10000"
2773,0.0000,Tx-Rx,0,-67.8144,"7.30900 2.93800 0.90000, -6.25000 5.95000 0.10000"
2774,0.0000,Tx-Rx,0,-66.6578,"7.30900 2.93800 0.90000, -5.95000 5.95000 0.10000"
2775,0.0000,Tx-Rx,0,-74.0318,"7.30900 2.93800 0.90000, -5.65000 5.95000 0.10000"
2776,0.0000,Tx-Rx,0,-69.3740,"7.30900 2.93800 0.90000, -5.35000 5.95000 0.10000"
2777,0.0000,Tx-Rx,0,-73.5823,"7.30900 2.93800 0.90000, -5.05000 5.95000 0.10000"
2778,0.0000,Tx-Rx,0,-70.4534,"7.30900 2.93800 0.90000, -4.75000 5.95000 0.10000"
2779,0.0000,Tx-Rx,0,-65.0243,"7.30900 2.93800 0.90000, -4.45000 5.95000 0.10000"
2780,0.0000,Tx-Rx,0,-65.0387,"7.30900 2.93800 0.90000, -4.15000 5.95000 0.10000"
2781,0.0000,Tx-Rx,0,-64.7096,"7.30900 2.93800 0.90000, -3.85000 5.95000 0.10000"
2782,0.0000,Tx-Rx,0,-64.7791,"7.30900 2.93800 0.90000, -3.55000 5.95000 0.10000"
2783,0.0000,Tx-Rx,0,-65.7088,"7.30900 2.93800 0.90000, -3.25000 5.95000 0.10000"
2784,0.0000,Tx-Rx,0,-64.8916,"7.30900 2.93800 0.90000, -2.95000 5.95000 0.10000"
2785,0.0000,Tx-Rx,0,-65.3359,"7.30900 2.93800 0.90000, -2.65000 5.95000 0.10000"
2786,0.0000,Tx-Rx,0,-65.3442,"7.30900 2.93800 0.90000, -2.35000 5.95000 0.10000"
2787,0.0000,Tx-Rx,0,-65.1944,"7.30900 2.93800 0.90000, -2.05000 5.95000 0.10000"
2788,0.0000,Tx-Rx,0,-64.9798,"7.30900 2.93800 0.90000, -1.75000 5.95000 0.10000"
2789,0.0000,Tx-Rx,0,-68.3546,"7.30900 2.93800 0.90000, -1.45000 5.95000 0.10000"
2790,0.0000,Tx-Rx,0,-73.3354,"7.30900 2.93800 0.90000, -1.15000 5.95000 0.10000"
2791,0.0000,Tx-Rx,0,-74.6359,"7.30900 2.93800 0.90000, -0.85000 5.95000 0.10000"
2792,0.0000,Tx-Rx,0,-74.9220,"7.30900 2.93800 0.90000, -0.55000 5.95000 0.10000"
2793,0.0000,Tx-Rx,0,-81.9881,"7.30900 2.93800 0.90000, -0.25000 5.95000 0.10000"
2794,0.0000,Tx-Rx,0,-78.4233,"7.30900 2.93800 0.90000, 0.05000 5.95000 0.10000"
2795,0.0000,Tx-Rx,0,-77.1706,"7.30900 2.93800 0.90000, 0.35000 5.95000 0.10000"
2796,0.0000,Tx-Rx,0,-80.7987,"7.30900 2.93800 0.90000, 0.65000 5.95000 0.10000"
2797,0.0000,Tx-Rx,0,-82.9059,"7.30900 2.93800 0.90000, 0.95000 5.95000 0.10000"
2798,0.0000,Tx-Rx,0,-79.0397,"7.30900 2.93800 0.90000, 1.25000 5.95000 0.10000"
2799,0.0000,Tx-Rx,0,-76.8567,"7.30900 2.93800 0.90000, 1.55000 5.95000 0.10000"
2800,0.0000,Tx-Rx,0,-78.3012,"7.30900 2.93800 0.90000, 1.85000 5.95000 0.10000"
2801,0.0000,Tx-Rx,0,-75.2530,"7.30900 2.93800 0.90000, 2.15000 5.95000 0.10000"
2802,0.0000,Tx-Rx,0,-76.5625,"7.30900 2.93800 0.90000, 2.45000 5.95000 0.10000"
2803,0.0000,Tx-Rx,0,-76.2685,"7.30900 2.93800 0.90000, 2.75000 5.95000 0.10000"
2804,0.0000,Tx-Rx,0,-76.2298,"7.30900 2.93800 0.90000, 3.05000 5.95000 0.10000"
2805,0.0000,Tx-Rx,0,-78.5175,"7.30900 2.93800 0.90000, 3.35000 5.95000 0.10000"
2806,0.0000,Tx-Rx,0,-79.4016,"7.30900 2.93800 0.90000, 3.65000 5.95000 0.10000"
2807,0.0000,Tx-Rx,0,-79.1536,"7.30900 2.93800 0.90000, 3.95000 5.95000 0.10000"
2808,0.0000,Tx-Rx,0,-79.0152,"7.30900 2.93800 0.90000, 4.25000 5.95000 0.10000"
2809,0.0000,Tx-Rx,0,-79.7308,"7.30900 2.93800 0.90000, 4.55000 5.95000 0.10000"
2810,0.0000,Tx-Rx,0,-82.3290,"7.30900 2.93800 0.90000, 4.85000 5.95000 0.10000"
2811,0.0000,Tx-Rx,0,-77.7295,"7.30900 2.93800 0.90000, 5.15000 5.95000 0.10000"
2812,0.0000,Tx-Rx,0,-74.0456,"7.30900 2.93800 0.90000, 5.45000 5.95000 0.10000"
2813,0.0000,Tx-Rx,0,-72.8114,"7.30900 2.93800 0.90000, 5.75000 5.95000 0.10000"
2814,0.0000,Tx-Rx,0,-72.5194,"7.30900 2.93800 0.90000, 6.05000 5.95000 0.10000"
2815,0.0000,Tx-Rx,0,-72.4474,"7.30900 2.93800 0.90000, 6.35000 5.95000 0.10000"
2816,0.0000,Tx-Rx,0,-72.7431,"7.30900 2.93800 0.90000, 6.65000 5.95000 0.10000"
2817,0.0000,Tx-Rx,0,-72.8021,"7.30900 2.93800 0.90000, 6.95000 5.95000 0.10000"
2818,0.0000,Tx-Rx,0,-71.2477,"7.30900 2.93800 0.90000, 7.25000 5.95000 0.10000"
2819,0.0000,Tx-Rx,0,-72.9382,"7.30900 2.93800 0.90000, 7.55000 5.95000 0.10000"
2820,0.0000,Tx-Rx,0,-86.5669,"7.30900 2.93800 0.90000, 7.85000 5.95000 0.10000"
2821,0.0000,Tx-Rx,0,-112.7001,"7.30900 2.93800 0.90000, -9.85000 6.25000 0.10000"
2822,0.0000,Tx-Rx,0,-89.2328,"7.30900 2.93800 0.90000, -9.55000 6.25000 0.10000"
2823,0.0000,Tx-Rx,0,-86.0167,"7.30900 2.93800 0.90000, -9.25000 6.25000 0.10000"
2824,0.0000,Tx-Rx,0,-102.2481,"7.30900 2.93800 0.90000, -8.95000 6.25000 0.10000"
2825,0.0000,Tx-Rx,0,-88.8346,"7.30900 2.93800 0.90000, -8.65000 6.25000 0.10000"
2826,0.0000,Tx-Rx,0,-88.8497,"7.30900 2.93800 0.90000, -8.35000 6.25000 0.10000"
2827,0.0000,Tx-Rx,0,-73.3094,"7.30900 2.93800 0.90000, -8.05000 6.25000 0.10000"
2828,0.0000,Tx-Rx,0,-71.3451,"7.30900 2.93800 0.90000, -7.75000 6.25000 0.10000"
2829,0.0000,Tx-Rx,0,-68.8550,"7.30900 2.93800 0.90000, -7.45000 6.25000 0.10000"
2830,0.0000,Tx-Rx,0,-64.8825,"7.30900 2.93800 0.90000, -7.15000 6.25000 0.10000"
2831,0.0000,Tx-Rx,0,-69.4521,"7.30900 2.93800 0.90000, -6.85000 6.25000 0.10000"
2832,0.0000,Tx-Rx,0,-72.3166,"7.30900 2.93800 0.90000, -6.55000 6.25000 0.10000"
2833,0.0000,Tx-Rx,0,-74.6130,"7.30900 2.93800 0.90000, -6.25000 6.25000 0.10000"
2834,0.0000,Tx-Rx,0,-72.5786,"7.30900 2.93800 0.90000, -5.95000 6.25000 0.10000"
2835,0.0000,Tx-Rx,0,-73.9170,"7.30900 2.93800 0.90000, -5.65000 6.25000 0.10000"
2836,0.0000,Tx-Rx,0,-74.3940,"7.30900 2.93800 0.90000, -5.35000 6.25000 0.10000"
2837,0.0000,Tx-Rx,0,-71.0201,"7.30900 2.93800 0.90000, -5.05000 6.25000 0.10000"
2838,0.0000,Tx-Rx,0,-65.3820,"7.30900 2.93800 0.90000, -4.75000 6.25000 0.10000"
2839,0.0000,Tx-Rx,0,-65.1187,"7.30900 2.93800 0.90000, -4.45000 6.25000 0.10000"
2840,0.0000,Tx-Rx,0,-65.0806,"7.30900 2.93800 0.90000, -4.15000 6.25000 0.10000"
2841,0.0000,Tx-Rx,0,-65.0110,"7.30900 2.93800 0.90000, -3.85000 6.25000 0.10000"
2842,0.0000,Tx-Rx,0,-65.8596,"7.30900 2.93800 0.90000, -3.55000 6.25000 0.10000"
2843,0.0000,Tx-Rx,0,-65.0718,"7.30900 2.93800 0.90000, -3.25000 6.25000 0.10000"
2844,0.0000,Tx-Rx,0,-64.8099,"7.30900 2.93800 0.90000, -2.95000 6.25000 0.10000"
2845,0.0000,Tx-Rx,0,-65.0304,"7.30900 2.93800 0.90000, -2.65000 6.25000 0.10000"
2846,0.0000,Tx-Rx,0,-65.1978,"7.30900 2.93800 0.90000, -2.35000 6.25000 0.10000"
2847,0.0000,Tx-Rx,0,-65.0662,"7.30900 2.93800 0.90000, -2.05000 6.25000 0.10000"
2848,0.0000,Tx-Rx,0,-66.3225,"7.30900 2.93800 0.90000, -1.75000 6.25000 0.10000"
2849,0.0000,Tx-Rx,0,-76.3223,"7.30900 2.93800 0.90000, -1.45000 6.25000 0.10000"
2850,0.0000,Tx-Rx,0,-77.1500,"7.30900 2.93800 0.90000, -1.15000 6.25000 0.10000"
2851,0.0000,Tx-Rx,0,-79.4836,"7.30900 2.93800 0.90000, -0.85000 6.25000 0.10000"
2852,0.0000,Tx-Rx,0,-83.5383,"7.30900 2.93800 0.90000, -0.55000 6.25000 0.10000"
2853,0.0000,Tx-Rx,0,-79.2506,"7.30900 2.93800 0.90000, -0.25000 6.25000 0.10000"
2854,0.0000,Tx-Rx,0,-77.4962,"7.30900 2.93800 0.90000, 0.05000 6.25000 0.10000"
2855,0.0000,Tx-Rx,0,-81.3114,"7.30900 2.93800 0.90000, 0.35000 6.25000 0.10000"
2856,0.0000,Tx-Rx,0,-82.9254,"7.30900 2.93800 0.90000, 0.65000 6.25000 0.10000"
2857,0.0000,Tx-Rx,0,-82.8365,"7.30900 2.93800 0.90000, 0.95000 6.25000 0.10000"
2858,0.0000,Tx-Rx,0,-78.3123,"7.30900 2.93800 0.90000, 1.25000 6.25000 0.10000"
2859,0.0000,Tx-Rx,0,-77.4898,"7.30900 2.93800 0.90000, 1.55000 6.25000 0.10000"
2860,0.0000,Tx-Rx,0,-77.5121,"7.30900 2.93800 0.90000, 1.85000 6.25000 0.10000"
2861,0.0000,Tx-Rx,0,-75.9622,"7.30900 2.93800 0.90000, 2.15000 6.25000 0.10000"
2862,0.0000,Tx-Rx,0,-86.1111,"7.30900 2.93800 0.90000, 2.45000 6.25000 0.10000"
2863,0.0000,Tx-Rx,0,-86.3072,"7.30900 2.93800 0.90000, 2.75000 6.25000 0.10000"
2864,0.0000,Tx-Rx,0,-85.2148,"7.30900 2.93800 0.90000, 3.05000 6.25000 0.10000"
2865,0.0000,Tx-Rx,0,-80.4263,"7.30900 2.93800 0.90000, 3.35000 6.25000 0.10000"
2866,0.0000,Tx-Rx,0,-78.3209,"7.30900 2.93800 0.90000, 3.65000 6.25000 0.10000"
2867,0.0000,Tx-Rx,0,-77.1493,"7.30900 2.93800 0.90000, 3.95000 6.25000 0.10000"
2868,0.0000,Tx-Rx,0,-79.0429,"7.30900 2.93800 0.90000, 4.25000 6.25000 0.10000"
2869,0.0000,Tx-Rx,0,-77.6277,"7.30900 2.93800 0.90000, 4.55000 6.25000 0.10000"
2870,0.0000,Tx-Rx,0,-77.5647,"7.30900 2.93800 0.90000, 4.85000 6.25000 0.10000"
2871,0.0000,Tx-Rx,0,-74.8771,"7.30900 2.93800 0.90000, 5.15000 6.25000 0.10000"
2872,0.0000,Tx-Rx,0,-73.5997,"7.30900 2.93800 0.90000, 5.45000 6.25000 0.10000"
2873,0.0000,Tx-Rx,0,-76.2635,"7.30900 2.93800 0.90000, 5.75000 6.25000 0.10000"
2874,0.0000,Tx-Rx,0,-76.4270,"7.30900 2.93800 0.90000, 6.05000 6.25000 0.10000"
2875,0.0000,Tx-Rx,0,-73.8791,"7.30900 2.93800 0.90000, 6.35000 6.25000 0.10000"
2876,0.0000,Tx-Rx,0,-73.2455,"7.30900 2.93800 0.90000, 6.65000 6.25000 0.10000"
2877,0.0000,Tx-Rx,0,-73.4717,"7.30900 2.93800 0.90000, 6.95000 6.25000 0.10000"
2878,0.0000,Tx-Rx,0,-73.4400,"7.30900 2.93800 0.90000, 7.25000 6.25000 0.10000"
2879,0.0000,Tx-Rx,0,-83.9392,"7.30900 2.93800 0.90000, 7.55000 6.25000 0.10000"
2880,0.0000,Tx-Rx,0,-89.3403,"7.30900 2.93800 0.90000, 7.85000 6.25000 0.10000"
2881,0.0000,Tx-Rx,0,-83.9541,"7.30900 2.93800 0.90000, -9.85000 6.55000 0.10000"
2882,0.0000,Tx-Rx,0,-83.0660,"7.30900 2.93800 0.90000, -9.55000 6.55000 0.10000"
2883,0.0000,Tx-Rx,0,-89.0291,"7.30900 2.93800 0.90000, -9.25000 6.55000 0.10000"
2884,0.0000,Tx-Rx,0,-101.1968,"7.30900 2.93800 0.90000, -8.95000 6.55000 0.10000"
2885,0.0000,Tx-Rx,0,-96.4302,"7.30900 2.93800 0.90000, -8.65000 6.55000 0.10000"
2886,0.0000,Tx-Rx,0,-107.6416,"7.30900 2.93800 0.90000, -8.35000 6.55000 0.10000"
2887,0.0000,Tx-Rx,0,-88.7434,"7.30900 2.93800 0.90000, -8.05000 6.55000 0.10000"
2888,0.0000,Tx-Rx,0,-82.5912,"7.30900 2.93800 0.90000, -7.75000 6.55000 0.10000"
2889,0.0000,Tx-Rx,0,-82.1671,"7.30900 2.93800 0.90000, -7.45000 6.55000 0.10000"
2890,0.0000,Tx-Rx,0,-83.8711,"7.30900 2.93800 0.90000, -7.15000 6.55000 0.10000"
2891,0.0000,Tx-Rx,0,-73.2982,"7.30900 2.93800 0.90000, -6.85000 6.55000 0.10000"
2892,0.0000,Tx-Rx,0,-70.2661,"7.30900 2.93800 0.90000, -6.55000 6.55000 0.10000"
2893,0.0000,Tx-Rx,0,-67.7469,"7.30900 2.93800 0.90000, -6.25000 6.55000 0.10000"
2894,0.0000,Tx-Rx,0,-69.4977,"7.30900 2.93800 0.90000, -5.95000 6.55000 0.10000"
2895,0.0000,Tx-Rx,0,-70.0322,"7.30900 2.93800 0.90000, -5.65000 6.55000 0.10000"
2896,0.0000,Tx-Rx,0,-71.9774,"7.30900 2.93800 0.90000, -5.35000 6.55000 0.10000"
2897,0.0000,Tx-Rx,0,-65.9702,"7.30900 2.93800 0.90000, -5.05000 6.55000 0.10000"
2898,0.0000,Tx-Rx,0,-65.0577,"7.30900 2.93800 0.90000, -4.75000 6.55000 0.10000"
2899,0.0000,Tx-Rx,0,-65.7571,"7.30900 2.93800 0.90000, -4.45000 6.55000 0.10000"
2900,0.0000,Tx-Rx,0,-65.0139,"7.30900 2.93800 0.90000, -4.15000 6.55000 0.10000"
2901,0.0000,Tx-Rx,0,-65.5292,"7.30900 2.93800 0.90000, -3.85000 6.55000 0.10000"
2902,0.0000,Tx-Rx,0,-65.2649,"7.30900 2.93800 0.90000, -3.55000 6.55000 0.10000"
2903,0.0000,Tx-Rx,0,-64.6652,"7.30900 2.93800 0.90000, -3.25000 6.55000 0.10000"
2904,0.0000,Tx-Rx,0,-64.7201,"7.30900 2.93800 0.90000, -2.95000 6.55000 0.10000"
2905,0.0000,Tx-Rx,0,-64.7448,"7.30900 2.93800 0.90000, -2.65000 6.55000 0.10000"
2906,0.0000,Tx-Rx,0,-65.3810,"7.30900 2.93800 0.90000, -2.35000 6.55000 0.10000"
2907,0.0000,Tx-Rx,0,-66.0301,"7.30900 2.93800 0.90000, -2.05000 6.55000 0.10000"
2908,0.0000,Tx-Rx,0,-73.3741,"7.30900 2.93800 0.90000, -1.75000 6.55000 0.10000"
2909,0.0000,Tx-Rx,0,-78.6363,"7.30900 2.93800 0.90000, -1.45000 6.55000 0.10000"
2910,0.0000,Tx-Rx,0,-78.7825,"7.30900 2.93800 0.90000, -1.15000 6.55000 0.10000"
2911,0.0000,Tx-Rx,0,-81.2939,"7.30900 2.93800 0.90000, -0.85000 6.55000 0.10000"
2912,0.0000,Tx-Rx,0,-80.0379,"7.30900 2.93800 0.90000, -0.55000 6.55000 0.10000"
2913,0.0000,Tx-Rx,0,-84.2575,"7.30900 2.93800 0.90000, -0.25000 6.55000 0.10000"
2914,0.0000,Tx-Rx,0,-83.6890,"7.30900 2.93800 0.90000, 0.05000 6.55000 0.10000"
2915,0.0000,Tx-Rx,0,-84.4606,"7.30900 2.93800 0.90000, 0.35000 6.55000 0.10000"
2916,0.0000,Tx-Rx,0,-83.2162,"7.30900 2.93800 0.90000, 0.65000 6.55000 0.10000"
2917,0.0000,Tx-Rx,0,-81.3586,"7.30900 2.93800 0.90000, 0.95000 6.55000 0.10000"
2918,0.0000,Tx-Rx,0,-78.2038,"7.30900 2.93800 0.90000, 1.25000 6.55000 0.10000"
2919,0.0000,Tx-Rx,0,-78.0905,"7.30900 2.93800 0.90000, 1.55000 6.55000 0.10000"
2920,0.0000,Tx-Rx,0,-76.3473,"7.30900 2.93800 0.90000, 1.85000 6.55000 0.10000"
2921,0.0000,Tx-Rx,0,-77.8586,"7.30900 2.93800 0.90000, 2.15000 6.55000 0.10000"
2922,0.0000,Tx-Rx,0,-90.7881,"7.30900 2.93800 0.90000, 2.45000 6.55000 0.10000"
2923,0.0000,Tx-Rx,0,-120.0000,"7.30900 2.93800 0.90000, 2.75000 6.55000 0.10000"
2924,0.0000,Tx-Rx,0,-120.0000,"7.30900 2.93800 0.90000, 3.05000 6.55000 0.10000"
2925,0.0000,Tx-Rx,0,-89.7585,"7.30900 2.93800 0.90000, 3.35000 6.55000 0.10000"
2926,0.0000,Tx-Rx,0,-95.3038,"7.30900 2.93800 0.90000, 3.65000 6.55000 0.10000"
2927,0.0000,Tx-Rx,0,-91.5139,"7.30900 2.93800 0.90000, 3.95000 6.55000 0.10000"
2928,0.0000,Tx-Rx,0,-84.8449,"7.30900 2.93800 0.90000, 4.25000 6.55000 0.10000"
2929,0.0000,Tx-Rx,0,-83.3436,"7.30900 2.93800 0.90000, 4.55000 6.55000 0.10000"
2930,0.0000,Tx-Rx,0,-82.4902,"7.30900 2.93800 0.90000, 4.85000 6.55000 0.10000"
2931,0.0000,Tx-Rx,0,-84.2712,"7.30900 2.93800 0.90000, 5.15000 6.55000 0.10000"
2932,0.0000,Tx-Rx,0,-85.3806,"7.30900 2.93800 0.90000, 5.45000 6.55000 0.10000"
2933,0.0000,Tx-Rx,0,-89.5809,"7.30900 2.93800 0.90000, 5.75000 6.55000 0.10000"
2934,0.0000,Tx-Rx,0,-89.4983,"7.30900 2.93800 0.90000, 6.05000 6.55000 0.10000"
2935,0.0000,Tx-Rx,0,-86.4646,"7.30900 2.93800 0.90000, 6.35000 6.55000 0.10000"
2936,0.0000,Tx-Rx,0,-86.5130,"7.30900 2.93800 0.90000, 6.65000 6.55000 0.10000"
2937,0.0000,Tx-Rx,0,-86.2638,"7.30900 2.93800 0.90000, 6.95000 6.55000 0.10000"
2938,0.0000,Tx-Rx,0,-85.1458,"7.30900 2.93800 0.90000, 7.25000 6.55000 0.10000"
2939,0.0000,Tx-Rx,0,-85.9240,"7.30900 2.93800 0.90000, 7.55000 6.55000 0.10000"
2940,0.0000,Tx-Rx,0,-94.5727,"7.30900 2.93800 0.90000, 7.85000 6.55000 0.10000"
2941,0.0000,Tx-Rx,0,-102.2333,"7.30900 2.93800 0.90000, -9.85000 6.85000 0.10000"
2942,0.0000,Tx-Rx,0,-107.7287,"7.30900 2.93800 0.90000, -9.55000 6.85000 0.10000"
2943,0.0000,Tx-Rx,0,-117.6376,"7.30900 2.93800 0.90000, -9.25000 6.85000 0.10000"
2944,0.0000,Tx-Rx,0,-118.5940,"7.30900 2.93800 0.90000, -8.95000 6.85000 0.10000"
2945,0.0000,Tx-Rx,0,-119.0235,"7.30900 2.93800 0.90000, -8.65000 6.85000 0.10000"
2946,0.0000,Tx-Rx,0,-120.0000,"7.30900 2.93800 0.90000, -8.35000 6.85000 0.10000"
2947,0.0000,Tx-Rx,0,-91.5199,"7.30900 2.93800 0.90000, -8.05000 6.85000 0.10000"
2948,0.0000,Tx-Rx,0,-89.2757,"7.30900 2.93800 0.90000, -7.75000 6.85000 0.10000"
2949,0.0000,Tx-Rx,0,-92.6294,"7.30900 2.93800 0.90000, -7.45000 6.85000 0.10000"
2950,0.0000,Tx-Rx,0,-86.4594,"7.30900 2.93800 0.90000, -7.15000 6.85000 0.10000"
2951,0.0000,Tx-Rx,0,-86.0311,"7.30900 2.93800 0.90000, -6.85000 6.85000 0.10000"
2952,0.0000,Tx-Rx,0,-81.2987,"7.30900 2.93800 0.90000, -6.55000 6.85000 0.10000"
2953,0.0000,Tx-Rx,0,-80.9681,"7.30900 2.93800 0.90000, -6.25000 6.85000 0.10000"
2954,0.0000,Tx-Rx,0,-76.7746,"7.30900 2.93800 0.90000, -5.95000 6.85000 0.10000"
2955,0.0000,Tx-Rx,0,-69.4745,"7.30900 2.93800 0.90000, -5.65000 6.85000 0.10000"
2956,0.0000,Tx-Rx,0,-64.7543,"7.30900 2.93800 0.90000, -5.35000 6.85000 0.10000"
2957,0.0000,Tx-Rx,0,-64.2734,"7.30900 2.93800 0.90000, -5.05000 6.85000 0.10000"
2958,0.0000,Tx-Rx,0,-64.6626,"7.30900 2.93800 0.90000, -4.75000 6.85000 0.10000"
2959,0.0000,Tx-Rx,0,-65.3318,"7.30900 2.93800 0.90000, -4.45000 6.85000 0.10000"
2960,0.0000,Tx-Rx,0,-65.0980,"7.30900 2.93800 0.90000, -4.15000 6.85000 0.10000"
2961,0.0000,Tx-Rx,0,-65.1339,"7.30900 2.93800 0.90000, -3.85000 6.85000 0.10000"
2962,0.0000,Tx-Rx,0,-65.0715,"7.30900 2.93800 0.90000, -3.55000 6.85000 0.10000"
2963,0.0000,Tx-Rx,0,-65.0601,"7.30900 2.93800 0.90000, -3.25000 6.85000 0.10000"
2964,0.0000,Tx-Rx,0,-64.9475,"7.30900 2.93800 0.90000, -2.95000 6.85000 0.10000"
2965,0.0000,Tx-Rx,0,-65.0653,"7.30900 2.93800 0.90000, -2.65000 6.85000 0.10000"
2966,0.0000,Tx-Rx,0,-65.2357,"7.30900 2.93800 0.90000, -2.35000 6.85000 0.10000"
2967,0.0000,Tx-Rx,0,-69.3537,"7.30900 2.93800 0.90000, -2.05000 6.85000 0.10000"
2968,0.0000,Tx-Rx,0,-79.2526,"7.30900 2.93800 0.90000, -1.75000 6.85000 0.10000"
2969,0.0000,Tx-Rx,0,-78.1954,"7.30900 2.93800 0.90000, -1.45000 6.85000 0.10000"
2970,0.0000,Tx-Rx,0,-82.3722,"7.30900 2.93800 0.90000, -1.15000 6.85000 0.10000"
2971,0.0000,Tx-Rx,0,-85.8601,"7.30900 2.93800 0.90000, -0.85000 6.85000 0.10000"
2972,0.0000,Tx-Rx,0,-86.9436,"7.30900 2.93800 0.90000, -0.55000 6.85000 0.10000"
2973,0.0000,Tx-Rx,0,-82.3043,"7.30900 2.93800 0.90000, -0.25000 6.85000 0.10000"
2974,0.0000,Tx-Rx,0,-85.6038,"7.30900 2.93800 0.90000, 0.05000 6.85000 0.10000"
2975,0.0000,Tx-Rx,0,-87.4719,"7.30900 2.93800 0.90000, 0.35000 6.85000 0.10000"
2976,0.0000,Tx-Rx,0,-87.3977,"7.30900 2.93800 0.90000, 0.65000 6.85000 0.10000"
2977,0.0000,Tx-Rx,0,-79.4071,"7.30900 2.93800 0.90000, 0.95000 6.85000 0.10000"
2978,0.0000,Tx-Rx,0,-78.5932,"7.30900 2.93800 0.90000, 1.25000 6.85000 0.10000"
2979,0.0000,Tx-Rx,0,-77.9481,"7.30900 2.93800 0.90000, 1.55000 6.85000 0.10000"
2980,0.0000,Tx-Rx,0,-75.2716,"7.30900 2.93800 0.90000, 1.85000 6.85000 0.10000"
2981,0.0000,Tx-Rx,0,-79.5150,"7.30900 2.93800 0.90000, 2.15000 6.85000 0.10000"
2982,0.0000,Tx-Rx,0,-92.7423,"7.30900 2.93800 0.90000, 2.45000 6.85000 0.10000"
2983,0.0000,Tx-Rx,0,-120.0000,"7.30900 2.93800 0.90000, 2.75000 6.85000 0.10000"
2984,0.0000,Tx-Rx,0,-120.0000,"7.30900 2.93800 0.90000, 3.05000 6.85000 0.10000"
2985,0.0000,Tx-Rx,0,-95.5759,"7.30900 2.93800 0.90000, 3.35000 6.85000 0.10000"
2986,0.0000,Tx-Rx,0,-94.1233,"7.30900 2.93800 0.90000, 3.65000 6.85000 0.10000"
2987,0.0000,Tx-Rx,0,-94.6675,"7.30900 2.93800 0.90000, 3.95000 6.85000 0.10000"
2988,0.0000,Tx-Rx,0,-94.9608,"7.30900 2.93800 0.90000, 4.25000 6.85000 0.10000"
2989,0.0000,Tx-Rx,0,-94.1045,"7.30900 2.93800 0.90000, 4.55000 6.85000 0.10000"
2990,0.0000,Tx-Rx,0,-92.9508,"7.30900 2.93800 0.90000, 4.85000 6.85000 0.10000"
2991,0.0000,Tx-Rx,0,-90.8397,"7.30900 2.93800 0.90000, 5.15000 6.85000 0.10000"
2992,0.0000,Tx-Rx,0,-90.3967,"7.30900 2.93800 0.90000, 5.45000 6.85000 0.10000"
2993,0.0000,Tx-Rx,0,-89.9512,"7.30900 2.93800 0.90000, 5.75000 6.85000 0.10000"
2994,0.0000,Tx-Rx,0,-88.6916,"7.30900 2.93800 0.90000, 6.05000 6.85000 0.10000"
2995,0.0000,Tx-Rx,0,-86.2059,"7.30900 2.93800 0.90000, 6.35000 6.85000 0.10000"
2996,0.0000,Tx-Rx,0,-86.6866,"7.30900 2.93800 0.90000, 6.65000 6.85000 0.10000"
2997,0.0000,Tx-Rx,0,-88.2145,"7.30900 2.93800 0.90000, 6.95000 6.85000 0.10000"
2998,0.0000,Tx-Rx,0,-87.6599,"7.30900 2.93800 0.90000, 7.25000 6.85000 0.10000"
2999,0.0000,Tx-Rx,0,-87.8282,"7.30900 2.93800 0.90000, 7.55000 6.85000 0.10000"
3000,0.0000,Tx-Rx,0,-102.8116,"7.30900 2.93800 0.90000, 7.85000 6.85000 0.10000"
