Rx_Number,Path_Power_dBm,Interaction_Description,Total_Interactions_for_Path,RSS_dBm,Interaction_Coordinates
1,0.0000,Tx-Rx,0,-135.7301,"0.15000 -4.90000 1.10000, -9.85000 -7.85000 0.10000"
2,0.0000,Tx-Rx,0,-270.0000,"0.15000 -4.90000 1.10000, -9.55000 -7.85000 0.10000"
3,0.0000,Tx-Rx,0,-270.0000,"0.15000 -4.90000 1.10000, -9.25000 -7.85000 0.10000"
4,0.0000,Tx-Rx,0,-270.0000,"0.15000 -4.90000 1.10000, -8.95000 -7.85000 0.10000"
5,0.0000,Tx-Rx,0,-270.0000,"0.15000 -4.90000 1.10000, -8.65000 -7.85000 0.10000"
6,0.0000,Tx-Rx,0,-270.0000,"0.15000 -4.90000 1.10000, -8.35000 -7.85000 0.10000"
7,0.0000,Tx-Rx,0,-98.5558,"0.15000 -4.90000 1.10000, -8.05000 -7.85000 0.10000"
8,0.0000,Tx-Rx,0,-104.5456,"0.15000 -4.90000 1.10000, -7.75000 -7.85000 0.10000"
9,0.0000,Tx-Rx,0,-95.1596,"0.15000 -4.90000 1.10000, -7.45000 -7.85000 0.10000"
10,0.0000,Tx-Rx,0,-93.3741,"0.15000 -4.90000 1.10000, -7.15000 -7.85000 0.10000"
11,0.0000,Tx-Rx,0,-88.4819,"0.15000 -4.90000 1.10000, -6.85000 -7.85000 0.10000"
12,0.0000,Tx-Rx,0,-84.1817,"0.15000 -4.90000 1.10000, -6.55000 -7.85000 0.10000"
13,0.0000,Tx-Rx,0,-80.8911,"0.15000 -4.90000 1.10000, -6.25000 -7.85000 0.10000"
14,0.0000,Tx-Rx,0,-77.0136,"0.15000 -4.90000 1.10000, -5.95000 -7.85000 0.10000"
15,0.0000,Tx-Rx,0,-75.5486,"0.15000 -4.90000 1.10000, -5.65000 -7.85000 0.10000"
16,0.0000,Tx-Rx,0,-75.5498,"0.15000 -4.90000 1.10000, -5.35000 -7.85000 0.10000"
17,0.0000,Tx-Rx,0,-75.2062,"0.15000 -4.90000 1.10000, -5.05000 -7.85000 0.10000"
18,0.0000,Tx-Rx,0,-74.3640,"0.15000 -4.90000 1.10000, -4.75000 -7.85000 0.10000"
19,0.0000,Tx-Rx,0,-74.8845,"0.15000 -4.90000 1.10000, -4.45000 -7.85000 0.10000"
20,0.0000,Tx-Rx,0,-74.4772,"0.15000 -4.90000 1.10000, -4.15000 -7.85000 0.10000"
21,0.0000,Tx-Rx,0,-74.2989,"0.15000 -4.90000 1.10000, -3.85000 -7.85000 0.10000"
22,0.0000,Tx-Rx,0,-74.6566,"0.15000 -4.90000 1.10000, -3.55000 -7.85000 0.10000"
23,0.0000,Tx-Rx,0,-74.5993,"0.15000 -4.90000 1.10000, -3.25000 -7.85000 0.10000"
24,0.0000,Tx-Rx,0,-74.4555,"0.15000 -4.90000 1.10000, -2.95000 -7.85000 0.10000"
25,0.0000,Tx-Rx,0,-74.1354,"0.15000 -4.90000 1.10000, -2.65000 -7.85000 0.10000"
26,0.0000,Tx-Rx,0,-74.6790,"0.15000 -4.90000 1.10000, -2.35000 -7.85000 0.10000"
27,0.0000,Tx-Rx,0,-81.1011,"0.15000 -4.90000 1.10000, -2.05000 -7.85000 0.10000"
28,0.0000,Tx-Rx,0,-82.6021,"0.15000 -4.90000 1.10000, -1.75000 -7.85000 0.10000"
29,0.0000,Tx-Rx,0,-83.9422,"0.15000 -4.90000 1.10000, -1.45000 -7.85000 0.10000"
30,0.0000,Tx-Rx,0,-83.1261,"0.15000 -4.90000 1.10000, -1.15000 -7.85000 0.10000"
31,0.0000,Tx-Rx,0,-84.7994,"0.15000 -4.90000 1.10000, -0.85000 -7.85000 0.10000"
32,0.0000,Tx-Rx,0,-79.1383,"0.15000 -4.90000 1.10000, -0.55000 -7.85000 0.10000"
33,0.0000,Tx-Rx,0,-77.9176,"0.15000 -4.90000 1.10000, -0.25000 -7.85000 0.10000"
34,0.0000,Tx-Rx,0,-54.3628,"0.15000 -4.90000 1.10000, 0.05000 -7.85000 0.10000"
35,0.0000,Tx-Rx,0,-52.9673,"0.15000 -4.90000 1.10000, 0.35000 -7.85000 0.10000"
36,0.0000,Tx-Rx,0,-53.3788,"0.15000 -4.90000 1.10000, 0.65000 -7.85000 0.10000"
37,0.0000,Tx-Rx,0,-53.5381,"0.15000 -4.90000 1.10000, 0.95000 -7.85000 0.10000"
38,0.0000,Tx-Rx,0,-53.8002,"0.15000 -4.90000 1.10000, 1.25000 -7.85000 0.10000"
39,0.0000,Tx-Rx,0,-54.4971,"0.15000 -4.90000 1.10000, 1.55000 -7.85000 0.10000"
40,0.0000,Tx-Rx,0,-51.6124,"0.15000 -4.90000 1.10000, 1.85000 -7.85000 0.10000"
41,0.0000,Tx-Rx,0,-51.1230,"0.15000 -4.90000 1.10000, 2.15000 -7.85000 0.10000"
42,0.0000,Tx-Rx,0,-46.4723,"0.15000 -4.90000 1.10000, 2.45000 -7.85000 0.10000"
43,0.0000,Tx-Rx,0,-56.4054,"0.15000 -4.90000 1.10000, 2.75000 -7.85000 0.10000"
44,0.0000,Tx-Rx,0,-63.8614,"0.15000 -4.90000 1.10000, 3.05000 -7.85000 0.10000"
45,0.0000,Tx-Rx,0,-64.2009,"0.15000 -4.90000 1.10000, 3.35000 -7.85000 0.10000"
46,0.0000,Tx-Rx,0,-64.2625,"0.15000 -4.90000 1.10000, 3.65000 -7.85000 0.10000"
47,0.0000,Tx-Rx,0,-64.1014,"0.15000 -4.90000 1.10000, 3.95000 -7.85000 0.10000"
48,0.0000,Tx-Rx,0,-65.6366,"0.15000 -4.90000 1.10000, 4.25000 -7.85000 0.10000"
49,0.0000,Tx-Rx,0,-66.6570,"0.15000 -4.90000 1.10000, 4.55000 -7.85000 0.10000"
50,0.0000,Tx-Rx,0,-70.6264,"0.15000 -4.90000 1.10000, 4.85000 -7.85000 0.10000"
51,0.0000,Tx-Rx,0,-63.7418,"0.15000 -4.90000 1.10000, 5.15000 -7.85000 0.10000"
52,0.0000,Tx-Rx,0,-61.4220,"0.15000 -4.90000 1.10000, 5.45000 -7.85000 0.10000"
53,0.0000,Tx-Rx,0,-65.4751,"0.15000 -4.90000 1.10000, 5.75000 -7.85000 0.10000"
54,0.0000,Tx-Rx,0,-67.5376,"0.15000 -4.90000 1.10000, 6.05000 -7.85000 0.10000"
55,0.0000,Tx-Rx,0,-68.4155,"0.15000 -4.90000 1.10000, 6.35000 -7.85000 0.10000"
56,0.0000,Tx-Rx,0,-68.8450,"0.15000 -4.90000 1.10000, 6.65000 -7.85000 0.10000"
57,0.0000,Tx-Rx,0,-67.6893,"0.15000 -4.90000 1.10000, 6.95000 -7.85000 0.10000"
58,0.0000,Tx-Rx,0,-66.5059,"0.15000 -4.90000 1.10000, 7.25000 -7.85000 0.10000"
59,0.0000,Tx-Rx,0,-64.6032,"0.15000 -4.90000 1.10000, 7.55000 -7.85000 0.10000"
60,0.0000,Tx-Rx,0,-63.3525,"0.15000 -4.90000 1.10000, 7.85000 -7.85000 0.10000"
61,0.0000,Tx-Rx,0,-145.3527,"0.15000 -4.90000 1.10000, -9.85000 -7.55000 0.10000"
62,0.0000,Tx-Rx,0,-132.5285,"0.15000 -4.90000 1.10000, -9.55000 -7.55000 0.10000"
63,0.0000,Tx-Rx,0,-102.3146,"0.15000 -4.90000 1.10000, -9.25000 -7.55000 0.10000"
64,0.0000,Tx-Rx,0,-102.4183,"0.15000 -4.90000 1.10000, -8.95000 -7.55000 0.10000"
65,0.0000,Tx-Rx,0,-270.0000,"0.15000 -4.90000 1.10000, -8.65000 -7.55000 0.10000"
66,0.0000,Tx-Rx,0,-270.0000,"0.15000 -4.90000 1.10000, -8.35000 -7.55000 0.10000"
67,0.0000,Tx-Rx,0,-270.0000,"0.15000 -4.90000 1.10000, -8.05000 -7.55000 0.10000"
68,0.0000,Tx-Rx,0,-97.5864,"0.15000 -4.90000 1.10000, -7.75000 -7.55000 0.10000"
69,0.0000,Tx-Rx,0,-90.2431,"0.15000 -4.90000 1.10000, -7.45000 -7.55000 0.10000"
70,0.0000,Tx-Rx,0,-87.8076,"0.15000 -4.90000 1.10000, -7.15000 -7.55000 0.10000"
71,0.0000,Tx-Rx,0,-89.5496,"0.15000 -4.90000 1.10000, -6.85000 -7.55000 0.10000"
72,0.0000,Tx-Rx,0,-85.6006,"0.15000 -4.90000 1.10000, -6.55000 -7.55000 0.10000"
73,0.0000,Tx-Rx,0,-81.1991,"0.15000 -4.90000 1.10000, -6.25000 -7.55000 0.10000"
74,0.0000,Tx-Rx,0,-76.3404,"0.15000 -4.90000 1.10000, -5.95000 -7.55000 0.10000"
75,0.0000,Tx-Rx,0,-75.0310,"0.15000 -4.90000 1.10000, -5.65000 -7.55000 0.10000"
76,0.0000,Tx-Rx,0,-75.2462,"0.15000 -4.90000 1.10000, -5.35000 -7.55000 0.10000"
77,0.0000,Tx-Rx,0,-75.0246,"0.15000 -4.90000 1.10000, -5.05000 -7.55000 0.10000"
78,0.0000,Tx-Rx,0,-74.7741,"0.15000 -4.90000 1.10000, -4.75000 -7.55000 0.10000"
79,0.0000,Tx-Rx,0,-74.7931,"0.15000 -4.90000 1.10000, -4.45000 -7.55000 0.10000"
80,0.0000,Tx-Rx,0,-74.7557,"0.15000 -4.90000 1.10000, -4.15000 -7.55000 0.10000"
81,0.0000,Tx-Rx,0,-74.4070,"0.15000 -4.90000 1.10000, -3.85000 -7.55000 0.10000"
82,0.0000,Tx-Rx,0,-74.2362,"0.15000 -4.90000 1.10000, -3.55000 -7.55000 0.10000"
83,0.0000,Tx-Rx,0,-74.2136,"0.15000 -4.90000 1.10000, -3.25000 -7.55000 0.10000"
84,0.0000,Tx-Rx,0,-74.1475,"0.15000 -4.90000 1.10000, -2.95000 -7.55000 0.10000"
85,0.0000,Tx-Rx,0,-73.9210,"0.15000 -4.90000 1.10000, -2.65000 -7.55000 0.10000"
86,0.0000,Tx-Rx,0,-73.8367,"0.15000 -4.90000 1.10000, -2.35000 -7.55000 0.10000"
87,0.0000,Tx-Rx,0,-80.0536,"0.15000 -4.90000 1.10000, -2.05000 -7.55000 0.10000"
88,0.0000,Tx-Rx,0,-81.2690,"0.15000 -4.90000 1.10000, -1.75000 -7.55000 0.10000"
89,0.0000,Tx-Rx,0,-82.2604,"0.15000 -4.90000 1.10000, -1.45000 -7.55000 0.10000"
90,0.0000,Tx-Rx,0,-83.8084,"0.15000 -4.90000 1.10000, -1.15000 -7.55000 0.10000"
91,0.0000,Tx-Rx,0,-84.5600,"0.15000 -4.90000 1.10000, -0.85000 -7.55000 0.10000"
92,0.0000,Tx-Rx,0,-78.6771,"0.15000 -4.90000 1.10000, -0.55000 -7.55000 0.10000"
93,0.0000,Tx-Rx,0,-77.4104,"0.15000 -4.90000 1.10000, -0.25000 -7.55000 0.10000"
94,0.0000,Tx-Rx,0,-53.3035,"0.15000 -4.90000 1.10000, 0.05000 -7.55000 0.10000"
95,0.0000,Tx-Rx,0,-51.9013,"0.15000 -4.90000 1.10000, 0.35000 -7.55000 0.10000"
96,0.0000,Tx-Rx,0,-52.3669,"0.15000 -4.90000 1.10000, 0.65000 -7.55000 0.10000"
97,0.0000,Tx-Rx,0,-52.6992,"0.15000 -4.90000 1.10000, 0.95000 -7.55000 0.10000"
98,0.0000,Tx-Rx,0,-53.0926,"0.15000 -4.90000 1.10000, 1.25000 -7.55000 0.10000"
99,0.0000,Tx-Rx,0,-52.2809,"0.15000 -4.90000 1.10000, 1.55000 -7.55000 0.10000"
100,0.0000,Tx-Rx,0,-51.1179,"0.15000 -4.90000 1.10000, 1.85000 -7.55000 0.10000"
101,0.0000,Tx-Rx,0,-50.4264,"0.15000 -4.90000 1.10000, 2.15000 -7.55000 0.10000"
102,0.0000,Tx-Rx,0,-46.1019,"0.15000 -4.90000 1.10000, 2.45000 -7.55000 0.10000"
103,0.0000,Tx-Rx,0,-55.1070,"0.15000 -4.90000 1.10000, 2.75000 -7.55000 0.10000"
104,0.0000,Tx-Rx,0,-56.0749,"0.15000 -4.90000 1.10000, 3.05000 -7.55000 0.10000"
105,0.0000,Tx-Rx,0,-58.6867,"0.15000 -4.90000 1.10000, 3.35000 -7.55000 0.10000"
106,0.0000,Tx-Rx,0,-61.0234,"0.15000 -4.90000 1.10000, 3.65000 -7.55000 0.10000"
107,0.0000,Tx-Rx,0,-59.9811,"0.15000 -4.90000 1.10000, 3.95000 -7.55000 0.10000"
108,0.0000,Tx-Rx,0,-59.7749,"0.15000 -4.90000 1.10000, 4.25000 -7.55000 0.10000"
109,0.0000,Tx-Rx,0,-59.3203,"0.15000 -4.90000 1.10000, 4.55000 -7.55000 0.10000"
110,0.0000,Tx-Rx,0,-58.6744,"0.15000 -4.90000 1.10000, 4.85000 -7.55000 0.10000"
111,0.0000,Tx-Rx,0,-57.3218,"0.15000 -4.90000 1.10000, 5.15000 -7.55000 0.10000"
112,0.0000,Tx-Rx,0,-57.9898,"0.15000 -4.90000 1.10000, 5.45000 -7.55000 0.10000"
113,0.0000,Tx-Rx,0,-62.4653,"0.15000 -4.90000 1.10000, 5.75000 -7.55000 0.10000"
114,0.0000,Tx-Rx,0,-64.4324,"0.15000 -4.90000 1.10000, 6.05000 -7.55000 0.10000"
115,0.0000,Tx-Rx,0,-70.0176,"0.15000 -4.90000 1.10000, 6.35000 -7.55000 0.10000"
116,0.0000,Tx-Rx,0,-270.0000,"0.15000 -4.90000 1.10000, 6.65000 -7.55000 0.10000"
117,0.0000,Tx-Rx,0,-270.0000,"0.15000 -4.90000 1.10000, 6.95000 -7.55000 0.10000"
118,0.0000,Tx-Rx,0,-270.0000,"0.15000 -4.90000 1.10000, 7.25000 -7.55000 0.10000"
119,0.0000,Tx-Rx,0,-60.0973,"0.15000 -4.90000 1.10000, 7.55000 -7.55000 0.10000"
120,0.0000,Tx-Rx,0,-56.8049,"0.15000 -4.90000 1.10000, 7.85000 -7.55000 0.10000"
121,0.0000,Tx-Rx,0,-113.0963,"0.15000 -4.90000 1.10000, -9.85000 -7.25000 0.10000"
122,0.0000,Tx-Rx,0,-121.7182,"0.15000 -4.90000 1.10000, -9.55000 -7.25000 0.10000"
123,0.0000,Tx-Rx,0,-144.1095,"0.15000 -4.90000 1.10000, -9.25000 -7.25000 0.10000"
124,0.0000,Tx-Rx,0,-131.3905,"0.15000 -4.90000 1.10000, -8.95000 -7.25000 0.10000"
125,0.0000,Tx-Rx,0,-129.4502,"0.15000 -4.90000 1.10000, -8.65000 -7.25000 0.10000"
126,0.0000,Tx-Rx,0,-99.3011,"0.15000 -4.90000 1.10000, -8.35000 -7.25000 0.10000"
127,0.0000,Tx-Rx,0,-88.1940,"0.15000 -4.90000 1.10000, -8.05000 -7.25000 0.10000"
128,0.0000,Tx-Rx,0,-84.3994,"0.15000 -4.90000 1.10000, -7.75000 -7.25000 0.10000"
129,0.0000,Tx-Rx,0,-83.3762,"0.15000 -4.90000 1.10000, -7.45000 -7.25000 0.10000"
130,0.0000,Tx-Rx,0,-81.0544,"0.15000 -4.90000 1.10000, -7.15000 -7.25000 0.10000"
131,0.0000,Tx-Rx,0,-78.7027,"0.15000 -4.90000 1.10000, -6.85000 -7.25000 0.10000"
132,0.0000,Tx-Rx,0,-79.3296,"0.15000 -4.90000 1.10000, -6.55000 -7.25000 0.10000"
133,0.0000,Tx-Rx,0,-76.9373,"0.15000 -4.90000 1.10000, -6.25000 -7.25000 0.10000"
134,0.0000,Tx-Rx,0,-76.1341,"0.15000 -4.90000 1.10000, -5.95000 -7.25000 0.10000"
135,0.0000,Tx-Rx,0,-75.1187,"0.15000 -4.90000 1.10000, -5.65000 -7.25000 0.10000"
136,0.0000,Tx-Rx,0,-74.7962,"0.15000 -4.90000 1.10000, -5.35000 -7.25000 0.10000"
137,0.0000,Tx-Rx,0,-74.6757,"0.15000 -4.90000 1.10000, -5.05000 -7.25000 0.10000"
138,0.0000,Tx-Rx,0,-75.2303,"0.15000 -4.90000 1.10000, -4.75000 -7.25000 0.10000"
139,0.0000,Tx-Rx,0,-74.5912,"0.15000 -4.90000 1.10000, -4.45000 -7.25000 0.10000"
140,0.0000,Tx-Rx,0,-74.6448,"0.15000 -4.90000 1.10000, -4.15000 -7.25000 0.10000"
141,0.0000,Tx-Rx,0,-74.4849,"0.15000 -4.90000 1.10000, -3.85000 -7.25000 0.10000"
142,0.0000,Tx-Rx,0,-73.9272,"0.15000 -4.90000 1.10000, -3.55000 -7.25000 0.10000"
143,0.0000,Tx-Rx,0,-74.0682,"0.15000 -4.90000 1.10000, -3.25000 -7.25000 0.10000"
144,0.0000,Tx-Rx,0,-73.7192,"0.15000 -4.90000 1.10000, -2.95000 -7.25000 0.10000"
145,0.0000,Tx-Rx,0,-73.5981,"0.15000 -4.90000 1.10000, -2.65000 -7.25000 0.10000"
146,0.0000,Tx-Rx,0,-73.1481,"0.15000 -4.90000 1.10000, -2.35000 -7.25000 0.10000"
147,0.0000,Tx-Rx,0,-79.4750,"0.15000 -4.90000 1.10000, -2.05000 -7.25000 0.10000"
148,0.0000,Tx-Rx,0,-80.8544,"0.15000 -4.90000 1.10000, -1.75000 -7.25000 0.10000"
149,0.0000,Tx-Rx,0,-82.3127,"0.15000 -4.90000 1.10000, -1.45000 -7.25000 0.10000"
150,0.0000,Tx-Rx,0,-81.8713,"0.15000 -4.90000 1.10000, -1.15000 -7.25000 0.10000"
151,0.0000,Tx-Rx,0,-83.3178,"0.15000 -4.90000 1.10000, -0.85000 -7.25000 0.10000"
152,0.0000,Tx-Rx,0,-77.6205,"0.15000 -4.90000 1.10000, -0.55000 -7.25000 0.10000"
153,0.0000,Tx-Rx,0,-77.4242,"0.15000 -4.90000 1.10000, -0.25000 -7.25000 0.10000"
154,0.0000,Tx-Rx,0,-51.9901,"0.15000 -4.90000 1.10000, 0.05000 -7.25000 0.10000"
155,0.0000,Tx-Rx,0,-50.6871,"0.15000 -4.90000 1.10000, 0.35000 -7.25000 0.10000"
156,0.0000,Tx-Rx,0,-51.2186,"0.15000 -4.90000 1.10000, 0.65000 -7.25000 0.10000"
157,0.0000,Tx-Rx,0,-51.7947,"0.15000 -4.90000 1.10000, 0.95000 -7.25000 0.10000"
158,0.0000,Tx-Rx,0,-51.1729,"0.15000 -4.90000 1.10000, 1.25000 -7.25000 0.10000"
159,0.0000,Tx-Rx,0,-50.9034,"0.15000 -4.90000 1.10000, 1.55000 -7.25000 0.10000"
160,0.0000,Tx-Rx,0,-50.7055,"0.15000 -4.90000 1.10000, 1.85000 -7.25000 0.10000"
161,0.0000,Tx-Rx,0,-49.6024,"0.15000 -4.90000 1.10000, 2.15000 -7.25000 0.10000"
162,0.0000,Tx-Rx,0,-45.6211,"0.15000 -4.90000 1.10000, 2.45000 -7.25000 0.10000"
163,0.0000,Tx-Rx,0,-53.9890,"0.15000 -4.90000 1.10000, 2.75000 -7.25000 0.10000"
164,0.0000,Tx-Rx,0,-57.9162,"0.15000 -4.90000 1.10000, 3.05000 -7.25000 0.10000"
165,0.0000,Tx-Rx,0,-63.4741,"0.15000 -4.90000 1.10000, 3.35000 -7.25000 0.10000"
166,0.0000,Tx-Rx,0,-63.9640,"0.15000 -4.90000 1.10000, 3.65000 -7.25000 0.10000"
167,0.0000,Tx-Rx,0,-56.6866,"0.15000 -4.90000 1.10000, 3.95000 -7.25000 0.10000"
168,0.0000,Tx-Rx,0,-50.2310,"0.15000 -4.90000 1.10000, 4.25000 -7.25000 0.10000"
169,0.0000,Tx-Rx,0,-50.3460,"0.15000 -4.90000 1.10000, 4.55000 -7.25000 0.10000"
170,0.0000,Tx-Rx,0,-56.8446,"0.15000 -4.90000 1.10000, 4.85000 -7.25000 0.10000"
171,0.0000,Tx-Rx,0,-57.8434,"0.15000 -4.90000 1.10000, 5.15000 -7.25000 0.10000"
172,0.0000,Tx-Rx,0,-59.9832,"0.15000 -4.90000 1.10000, 5.45000 -7.25000 0.10000"
173,0.0000,Tx-Rx,0,-60.2816,"0.15000 -4.90000 1.10000, 5.75000 -7.25000 0.10000"
174,0.0000,Tx-Rx,0,-59.1298,"0.15000 -4.90000 1.10000, 6.05000 -7.25000 0.10000"
175,0.0000,Tx-Rx,0,-55.6471,"0.15000 -4.90000 1.10000, 6.35000 -7.25000 0.10000"
176,0.0000,Tx-Rx,0,-53.2607,"0.15000 -4.90000 1.10000, 6.65000 -7.25000 0.10000"
177,0.0000,Tx-Rx,0,-51.6969,"0.15000 -4.90000 1.10000, 6.95000 -7.25000 0.10000"
178,0.0000,Tx-Rx,0,-50.8484,"0.15000 -4.90000 1.10000, 7.25000 -7.25000 0.10000"
179,0.0000,Tx-Rx,0,-50.4185,"0.15000 -4.90000 1.10000, 7.55000 -7.25000 0.10000"
180,0.0000,Tx-Rx,0,-50.5521,"0.15000 -4.90000 1.10000, 7.85000 -7.25000 0.10000"
181,0.0000,Tx-Rx,0,-122.1227,"0.15000 -4.90000 1.10000, -9.85000 -6.95000 0.10000"
182,0.0000,Tx-Rx,0,-119.8639,"0.15000 -4.90000 1.10000, -9.55000 -6.95000 0.10000"
183,0.0000,Tx-Rx,0,-123.3155,"0.15000 -4.90000 1.10000, -9.25000 -6.95000 0.10000"
184,0.0000,Tx-Rx,0,-121.5238,"0.15000 -4.90000 1.10000, -8.95000 -6.95000 0.10000"
185,0.0000,Tx-Rx,0,-101.5584,"0.15000 -4.90000 1.10000, -8.65000 -6.95000 0.10000"
186,0.0000,Tx-Rx,0,-102.7265,"0.15000 -4.90000 1.10000, -8.35000 -6.95000 0.10000"
187,0.0000,Tx-Rx,0,-83.0746,"0.15000 -4.90000 1.10000, -8.05000 -6.95000 0.10000"
188,0.0000,Tx-Rx,0,-77.0967,"0.15000 -4.90000 1.10000, -7.75000 -6.95000 0.10000"
189,0.0000,Tx-Rx,0,-77.9409,"0.15000 -4.90000 1.10000, -7.45000 -6.95000 0.10000"
190,0.0000,Tx-Rx,0,-77.4246,"0.15000 -4.90000 1.10000, -7.15000 -6.95000 0.10000"
191,0.0000,Tx-Rx,0,-78.4243,"0.15000 -4.90000 1.10000, -6.85000 -6.95000 0.10000"
192,0.0000,Tx-Rx,0,-77.7194,"0.15000 -4.90000 1.10000, -6.55000 -6.95000 0.10000"
193,0.0000,Tx-Rx,0,-76.3624,"0.15000 -4.90000 1.10000, -6.25000 -6.95000 0.10000"
194,0.0000,Tx-Rx,0,-75.8145,"0.15000 -4.90000 1.10000, -5.95000 -6.95000 0.10000"
195,0.0000,Tx-Rx,0,-75.2418,"0.15000 -4.90000 1.10000, -5.65000 -6.95000 0.10000"
196,0.0000,Tx-Rx,0,-75.2723,"0.15000 -4.90000 1.10000, -5.35000 -6.95000 0.10000"
197,0.0000,Tx-Rx,0,-74.5264,"0.15000 -4.90000 1.10000, -5.05000 -6.95000 0.10000"
198,0.0000,Tx-Rx,0,-74.2661,"0.15000 -4.90000 1.10000, -4.75000 -6.95000 0.10000"
199,0.0000,Tx-Rx,0,-74.2251,"0.15000 -4.90000 1.10000, -4.45000 -6.95000 0.10000"
200,0.0000,Tx-Rx,0,-73.5302,"0.15000 -4.90000 1.10000, -4.15000 -6.95000 0.10000"
201,0.0000,Tx-Rx,0,-74.0895,"0.15000 -4.90000 1.10000, -3.85000 -6.95000 0.10000"
202,0.0000,Tx-Rx,0,-73.8819,"0.15000 -4.90000 1.10000, -3.55000 -6.95000 0.10000"
203,0.0000,Tx-Rx,0,-73.2325,"0.15000 -4.90000 1.10000, -3.25000 -6.95000 0.10000"
204,0.0000,Tx-Rx,0,-73.0296,"0.15000 -4.90000 1.10000, -2.95000 -6.95000 0.10000"
205,0.0000,Tx-Rx,0,-72.4711,"0.15000 -4.90000 1.10000, -2.65000 -6.95000 0.10000"
206,0.0000,Tx-Rx,0,-73.2218,"0.15000 -4.90000 1.10000, -2.35000 -6.95000 0.10000"
207,0.0000,Tx-Rx,0,-79.0978,"0.15000 -4.90000 1.10000, -2.05000 -6.95000 0.10000"
208,0.0000,Tx-Rx,0,-80.0084,"0.15000 -4.90000 1.10000, -1.75000 -6.95000 0.10000"
209,0.0000,Tx-Rx,0,-80.8551,"0.15000 -4.90000 1.10000, -1.45000 -6.95000 0.10000"
210,0.0000,Tx-Rx,0,-81.1926,"0.15000 -4.90000 1.10000, -1.15000 -6.95000 0.10000"
211,0.0000,Tx-Rx,0,-81.4212,"0.15000 -4.90000 1.10000, -0.85000 -6.95000 0.10000"
212,0.0000,Tx-Rx,0,-77.8767,"0.15000 -4.90000 1.10000, -0.55000 -6.95000 0.10000"
213,0.0000,Tx-Rx,0,-76.8912,"0.15000 -4.90000 1.10000, -0.25000 -6.95000 0.10000"
214,0.0000,Tx-Rx,0,-50.6687,"0.15000 -4.90000 1.10000, 0.05000 -6.95000 0.10000"
215,0.0000,Tx-Rx,0,-49.3804,"0.15000 -4.90000 1.10000, 0.35000 -6.95000 0.10000"
216,0.0000,Tx-Rx,0,-50.0129,"0.15000 -4.90000 1.10000, 0.65000 -6.95000 0.10000"
217,0.0000,Tx-Rx,0,-49.9045,"0.15000 -4.90000 1.10000, 0.95000 -6.95000 0.10000"
218,0.0000,Tx-Rx,0,-49.5136,"0.15000 -4.90000 1.10000, 1.25000 -6.95000 0.10000"
219,0.0000,Tx-Rx,0,-49.9741,"0.15000 -4.90000 1.10000, 1.55000 -6.95000 0.10000"
220,0.0000,Tx-Rx,0,-49.4612,"0.15000 -4.90000 1.10000, 1.85000 -6.95000 0.10000"
221,0.0000,Tx-Rx,0,-49.5225,"0.15000 -4.90000 1.10000, 2.15000 -6.95000 0.10000"
222,0.0000,Tx-Rx,0,-45.4514,"0.15000 -4.90000 1.10000, 2.45000 -6.95000 0.10000"
223,0.0000,Tx-Rx,0,-50.6515,"0.15000 -4.90000 1.10000, 2.75000 -6.95000 0.10000"
224,0.0000,Tx-Rx,0,-52.0793,"0.15000 -4.90000 1.10000, 3.05000 -6.95000 0.10000"
225,0.0000,Tx-Rx,0,-52.2265,"0.15000 -4.90000 1.10000, 3.35000 -6.95000 0.10000"
226,0.0000,Tx-Rx,0,-51.1277,"0.15000 -4.90000 1.10000, 3.65000 -6.95000 0.10000"
227,0.0000,Tx-Rx,0,-48.4417,"0.15000 -4.90000 1.10000, 3.95000 -6.95000 0.10000"
228,0.0000,Tx-Rx,0,-48.4984,"0.15000 -4.90000 1.10000, 4.25000 -6.95000 0.10000"
229,0.0000,Tx-Rx,0,-50.0439,"0.15000 -4.90000 1.10000, 4.55000 -6.95000 0.10000"
230,0.0000,Tx-Rx,0,-53.1331,"0.15000 -4.90000 1.10000, 4.85000 -6.95000 0.10000"
231,0.0000,Tx-Rx,0,-53.6570,"0.15000 -4.90000 1.10000, 5.15000 -6.95000 0.10000"
232,0.0000,Tx-Rx,0,-53.8542,"0.15000 -4.90000 1.10000, 5.45000 -6.95000 0.10000"
233,0.0000,Tx-Rx,0,-52.3727,"0.15000 -4.90000 1.10000, 5.75000 -6.95000 0.10000"
234,0.0000,Tx-Rx,0,-51.0784,"0.15000 -4.90000 1.10000, 6.05000 -6.95000 0.10000"
235,0.0000,Tx-Rx,0,-51.0702,"0.15000 -4.90000 1.10000, 6.35000 -6.95000 0.10000"
236,0.0000,Tx-Rx,0,-51.2928,"0.15000 -4.90000 1.10000, 6.65000 -6.95000 0.10000"
237,0.0000,Tx-Rx,0,-51.2498,"0.15000 -4.90000 1.10000, 6.95000 -6.95000 0.10000"
238,0.0000,Tx-Rx,0,-51.0612,"0.15000 -4.90000 1.10000, 7.25000 -6.95000 0.10000"
239,0.0000,Tx-Rx,0,-50.6220,"0.15000 -4.90000 1.10000, 7.55000 -6.95000 0.10000"
240,0.0000,Tx-Rx,0,-49.9984,"0.15000 -4.90000 1.10000, 7.85000 -6.95000 0.10000"
241,0.0000,Tx-Rx,0,-97.1758,"0.15000 -4.90000 1.10000, -9.85000 -6.65000 0.10000"
242,0.0000,Tx-Rx,0,-107.0078,"0.15000 -4.90000 1.10000, -9.55000 -6.65000 0.10000"
243,0.0000,Tx-Rx,0,-100.9877,"0.15000 -4.90000 1.10000, -9.25000 -6.65000 0.10000"
244,0.0000,Tx-Rx,0,-102.4400,"0.15000 -4.90000 1.10000, -8.95000 -6.65000 0.10000"
245,0.0000,Tx-Rx,0,-104.0209,"0.15000 -4.90000 1.10000, -8.65000 -6.65000 0.10000"
246,0.0000,Tx-Rx,0,-101.5572,"0.15000 -4.90000 1.10000, -8.35000 -6.65000 0.10000"
247,0.0000,Tx-Rx,0,-81.9281,"0.15000 -4.90000 1.10000, -8.05000 -6.65000 0.10000"
248,0.0000,Tx-Rx,0,-78.1769,"0.15000 -4.90000 1.10000, -7.75000 -6.65000 0.10000"
249,0.0000,Tx-Rx,0,-79.3271,"0.15000 -4.90000 1.10000, -7.45000 -6.65000 0.10000"
250,0.0000,Tx-Rx,0,-78.6763,"0.15000 -4.90000 1.10000, -7.15000 -6.65000 0.10000"
251,0.0000,Tx-Rx,0,-80.2867,"0.15000 -4.90000 1.10000, -6.85000 -6.65000 0.10000"
252,0.0000,Tx-Rx,0,-79.2787,"0.15000 -4.90000 1.10000, -6.55000 -6.65000 0.10000"
253,0.0000,Tx-Rx,0,-77.3524,"0.15000 -4.90000 1.10000, -6.25000 -6.65000 0.10000"
254,0.0000,Tx-Rx,0,-76.4762,"0.15000 -4.90000 1.10000, -5.95000 -6.65000 0.10000"
255,0.0000,Tx-Rx,0,-75.4763,"0.15000 -4.90000 1.10000, -5.65000 -6.65000 0.10000"
256,0.0000,Tx-Rx,0,-74.8387,"0.15000 -4.90000 1.10000, -5.35000 -6.65000 0.10000"
257,0.0000,Tx-Rx,0,-75.2029,"0.15000 -4.90000 1.10000, -5.05000 -6.65000 0.10000"
258,0.0000,Tx-Rx,0,-74.3452,"0.15000 -4.90000 1.10000, -4.75000 -6.65000 0.10000"
259,0.0000,Tx-Rx,0,-73.8048,"0.15000 -4.90000 1.10000, -4.45000 -6.65000 0.10000"
260,0.0000,Tx-Rx,0,-74.1183,"0.15000 -4.90000 1.10000, -4.15000 -6.65000 0.10000"
261,0.0000,Tx-Rx,0,-73.2440,"0.15000 -4.90000 1.10000, -3.85000 -6.65000 0.10000"
262,0.0000,Tx-Rx,0,-73.2556,"0.15000 -4.90000 1.10000, -3.55000 -6.65000 0.10000"
263,0.0000,Tx-Rx,0,-73.2826,"0.15000 -4.90000 1.10000, -3.25000 -6.65000 0.10000"
264,0.0000,Tx-Rx,0,-73.4461,"0.15000 -4.90000 1.10000, -2.95000 -6.65000 0.10000"
265,0.0000,Tx-Rx,0,-72.5550,"0.15000 -4.90000 1.10000, -2.65000 -6.65000 0.10000"
266,0.0000,Tx-Rx,0,-72.3739,"0.15000 -4.90000 1.10000, -2.35000 -6.65000 0.10000"
267,0.0000,Tx-Rx,0,-78.4040,"0.15000 -4.90000 1.10000, -2.05000 -6.65000 0.10000"
268,0.0000,Tx-Rx,0,-78.7651,"0.15000 -4.90000 1.10000, -1.75000 -6.65000 0.10000"
269,0.0000,Tx-Rx,0,-79.2044,"0.15000 -4.90000 1.10000, -1.45000 -6.65000 0.10000"
270,0.0000,Tx-Rx,0,-79.7002,"0.15000 -4.90000 1.10000, -1.15000 -6.65000 0.10000"
271,0.0000,Tx-Rx,0,-79.5541,"0.15000 -4.90000 1.10000, -0.85000 -6.65000 0.10000"
272,0.0000,Tx-Rx,0,-77.4128,"0.15000 -4.90000 1.10000, -0.55000 -6.65000 0.10000"
273,0.0000,Tx-Rx,0,-76.5572,"0.15000 -4.90000 1.10000, -0.25000 -6.65000 0.10000"
274,0.0000,Tx-Rx,0,-49.3374,"0.15000 -4.90000 1.10000, 0.05000 -6.65000 0.10000"
275,0.0000,Tx-Rx,0,-47.9261,"0.15000 -4.90000 1.10000, 0.35000 -6.65000 0.10000"
276,0.0000,Tx-Rx,0,-48.2024,"0.15000 -4.90000 1.10000, 0.65000 -6.65000 0.10000"
277,0.0000,Tx-Rx,0,-48.4171,"0.15000 -4.90000 1.10000, 0.95000 -6.65000 0.10000"
278,0.0000,Tx-Rx,0,-48.6804,"0.15000 -4.90000 1.10000, 1.25000 -6.65000 0.10000"
279,0.0000,Tx-Rx,0,-49.1509,"0.15000 -4.90000 1.10000, 1.55000 -6.65000 0.10000"
280,0.0000,Tx-Rx,0,-49.0494,"0.15000 -4.90000 1.10000, 1.85000 -6.65000 0.10000"
281,0.0000,Tx-Rx,0,-48.7403,"0.15000 -4.90000 1.10000, 2.15000 -6.65000 0.10000"
282,0.0000,Tx-Rx,0,-45.1379,"0.15000 -4.90000 1.10000, 2.45000 -6.65000 0.10000"
283,0.0000,Tx-Rx,0,-45.7094,"0.15000 -4.90000 1.10000, 2.75000 -6.65000 0.10000"
284,0.0000,Tx-Rx,0,-46.1584,"0.15000 -4.90000 1.10000, 3.05000 -6.65000 0.10000"
285,0.0000,Tx-Rx,0,-46.5708,"0.15000 -4.90000 1.10000, 3.35000 -6.65000 0.10000"
286,0.0000,Tx-Rx,0,-46.9556,"0.15000 -4.90000 1.10000, 3.65000 -6.65000 0.10000"
287,0.0000,Tx-Rx,0,-47.5961,"0.15000 -4.90000 1.10000, 3.95000 -6.65000 0.10000"
288,0.0000,Tx-Rx,0,-48.4012,"0.15000 -4.90000 1.10000, 4.25000 -6.65000 0.10000"
289,0.0000,Tx-Rx,0,-48.8767,"0.15000 -4.90000 1.10000, 4.55000 -6.65000 0.10000"
290,0.0000,Tx-Rx,0,-49.1712,"0.15000 -4.90000 1.10000, 4.85000 -6.65000 0.10000"
291,0.0000,Tx-Rx,0,-49.0165,"0.15000 -4.90000 1.10000, 5.15000 -6.65000 0.10000"
292,0.0000,Tx-Rx,0,-49.0292,"0.15000 -4.90000 1.10000, 5.45000 -6.65000 0.10000"
293,0.0000,Tx-Rx,0,-49.3307,"0.15000 -4.90000 1.10000, 5.75000 -6.65000 0.10000"
294,0.0000,Tx-Rx,0,-49.9357,"0.15000 -4.90000 1.10000, 6.05000 -6.65000 0.10000"
295,0.0000,Tx-Rx,0,-50.4891,"0.15000 -4.90000 1.10000, 6.35000 -6.65000 0.10000"
296,0.0000,Tx-Rx,0,-51.1745,"0.15000 -4.90000 1.10000, 6.65000 -6.65000 0.10000"
297,0.0000,Tx-Rx,0,-50.7019,"0.15000 -4.90000 1.10000, 6.95000 -6.65000 0.10000"
298,0.0000,Tx-Rx,0,-51.2979,"0.15000 -4.90000 1.10000, 7.25000 -6.65000 0.10000"
299,0.0000,Tx-Rx,0,-51.7250,"0.15000 -4.90000 1.10000, 7.55000 -6.65000 0.10000"
300,0.0000,Tx-Rx,0,-51.9109,"0.15000 -4.90000 1.10000, 7.85000 -6.65000 0.10000"
301,0.0000,Tx-Rx,0,-111.3022,"0.15000 -4.90000 1.10000, -9.85000 -6.35000 0.10000"
302,0.0000,Tx-Rx,0,-114.2799,"0.15000 -4.90000 1.10000, -9.55000 -6.35000 0.10000"
303,0.0000,Tx-Rx,0,-101.2476,"0.15000 -4.90000 1.10000, -9.25000 -6.35000 0.10000"
304,0.0000,Tx-Rx,0,-102.2001,"0.15000 -4.90000 1.10000, -8.95000 -6.35000 0.10000"
305,0.0000,Tx-Rx,0,-102.5136,"0.15000 -4.90000 1.10000, -8.65000 -6.35000 0.10000"
306,0.0000,Tx-Rx,0,-106.4322,"0.15000 -4.90000 1.10000, -8.35000 -6.35000 0.10000"
307,0.0000,Tx-Rx,0,-81.8250,"0.15000 -4.90000 1.10000, -8.05000 -6.35000 0.10000"
308,0.0000,Tx-Rx,0,-77.5010,"0.15000 -4.90000 1.10000, -7.75000 -6.35000 0.10000"
309,0.0000,Tx-Rx,0,-76.1336,"0.15000 -4.90000 1.10000, -7.45000 -6.35000 0.10000"
310,0.0000,Tx-Rx,0,-77.0510,"0.15000 -4.90000 1.10000, -7.15000 -6.35000 0.10000"
311,0.0000,Tx-Rx,0,-76.9825,"0.15000 -4.90000 1.10000, -6.85000 -6.35000 0.10000"
312,0.0000,Tx-Rx,0,-77.4578,"0.15000 -4.90000 1.10000, -6.55000 -6.35000 0.10000"
313,0.0000,Tx-Rx,0,-77.3245,"0.15000 -4.90000 1.10000, -6.25000 -6.35000 0.10000"
314,0.0000,Tx-Rx,0,-76.8209,"0.15000 -4.90000 1.10000, -5.95000 -6.35000 0.10000"
315,0.0000,Tx-Rx,0,-75.5793,"0.15000 -4.90000 1.10000, -5.65000 -6.35000 0.10000"
316,0.0000,Tx-Rx,0,-75.5453,"0.15000 -4.90000 1.10000, -5.35000 -6.35000 0.10000"
317,0.0000,Tx-Rx,0,-74.4251,"0.15000 -4.90000 1.10000, -5.05000 -6.35000 0.10000"
318,0.0000,Tx-Rx,0,-74.4768,"0.15000 -4.90000 1.10000, -4.75000 -6.35000 0.10000"
319,0.0000,Tx-Rx,0,-73.8309,"0.15000 -4.90000 1.10000, -4.45000 -6.35000 0.10000"
320,0.0000,Tx-Rx,0,-73.7820,"0.15000 -4.90000 1.10000, -4.15000 -6.35000 0.10000"
321,0.0000,Tx-Rx,0,-73.2808,"0.15000 -4.90000 1.10000, -3.85000 -6.35000 0.10000"
322,0.0000,Tx-Rx,0,-72.9854,"0.15000 -4.90000 1.10000, -3.55000 -6.35000 0.10000"
323,0.0000,Tx-Rx,0,-72.2962,"0.15000 -4.90000 1.10000, -3.25000 -6.35000 0.10000"
324,0.0000,Tx-Rx,0,-72.2620,"0.15000 -4.90000 1.10000, -2.95000 -6.35000 0.10000"
325,0.0000,Tx-Rx,0,-71.8690,"0.15000 -4.90000 1.10000, -2.65000 -6.35000 0.10000"
326,0.0000,Tx-Rx,0,-71.4100,"0.15000 -4.90000 1.10000, -2.35000 -6.35000 0.10000"
327,0.0000,Tx-Rx,0,-76.7599,"0.15000 -4.90000 1.10000, -2.05000 -6.35000 0.10000"
328,0.0000,Tx-Rx,0,-77.1530,"0.15000 -4.90000 1.10000, -1.75000 -6.35000 0.10000"
329,0.0000,Tx-Rx,0,-78.0228,"0.15000 -4.90000 1.10000, -1.45000 -6.35000 0.10000"
330,0.0000,Tx-Rx,0,-77.7584,"0.15000 -4.90000 1.10000, -1.15000 -6.35000 0.10000"
331,0.0000,Tx-Rx,0,-78.1350,"0.15000 -4.90000 1.10000, -0.85000 -6.35000 0.10000"
332,0.0000,Tx-Rx,0,-76.4830,"0.15000 -4.90000 1.10000, -0.55000 -6.35000 0.10000"
333,0.0000,Tx-Rx,0,-76.3353,"0.15000 -4.90000 1.10000, -0.25000 -6.35000 0.10000"
334,0.0000,Tx-Rx,0,-47.9095,"0.15000 -4.90000 1.10000, 0.05000 -6.35000 0.10000"
335,0.0000,Tx-Rx,0,-46.4301,"0.15000 -4.90000 1.10000, 0.35000 -6.35000 0.10000"
336,0.0000,Tx-Rx,0,-46.8742,"0.15000 -4.90000 1.10000, 0.65000 -6.35000 0.10000"
337,0.0000,Tx-Rx,0,-47.3567,"0.15000 -4.90000 1.10000, 0.95000 -6.35000 0.10000"
338,0.0000,Tx-Rx,0,-47.8038,"0.15000 -4.90000 1.10000, 1.25000 -6.35000 0.10000"
339,0.0000,Tx-Rx,0,-48.5402,"0.15000 -4.90000 1.10000, 1.55000 -6.35000 0.10000"
340,0.0000,Tx-Rx,0,-48.2110,"0.15000 -4.90000 1.10000, 1.85000 -6.35000 0.10000"
341,0.0000,Tx-Rx,0,-48.2313,"0.15000 -4.90000 1.10000, 2.15000 -6.35000 0.10000"
342,0.0000,Tx-Rx,0,-44.5890,"0.15000 -4.90000 1.10000, 2.45000 -6.35000 0.10000"
343,0.0000,Tx-Rx,0,-45.2125,"0.15000 -4.90000 1.10000, 2.75000 -6.35000 0.10000"
344,0.0000,Tx-Rx,0,-46.1590,"0.15000 -4.90000 1.10000, 3.05000 -6.35000 0.10000"
345,0.0000,Tx-Rx,0,-46.6735,"0.15000 -4.90000 1.10000, 3.35000 -6.35000 0.10000"
346,0.0000,Tx-Rx,0,-46.9827,"0.15000 -4.90000 1.10000, 3.65000 -6.35000 0.10000"
347,0.0000,Tx-Rx,0,-47.5227,"0.15000 -4.90000 1.10000, 3.95000 -6.35000 0.10000"
348,0.0000,Tx-Rx,0,-47.8901,"0.15000 -4.90000 1.10000, 4.25000 -6.35000 0.10000"
349,0.0000,Tx-Rx,0,-48.5731,"0.15000 -4.90000 1.10000, 4.55000 -6.35000 0.10000"
350,0.0000,Tx-Rx,0,-49.4541,"0.15000 -4.90000 1.10000, 4.85000 -6.35000 0.10000"
351,0.0000,Tx-Rx,0,-49.6861,"0.15000 -4.90000 1.10000, 5.15000 -6.35000 0.10000"
352,0.0000,Tx-Rx,0,-49.9179,"0.15000 -4.90000 1.10000, 5.45000 -6.35000 0.10000"
353,0.0000,Tx-Rx,0,-49.8524,"0.15000 -4.90000 1.10000, 5.75000 -6.35000 0.10000"
354,0.0000,Tx-Rx,0,-49.6479,"0.15000 -4.90000 1.10000, 6.05000 -6.35000 0.10000"
355,0.0000,Tx-Rx,0,-49.7144,"0.15000 -4.90000 1.10000, 6.35000 -6.35000 0.10000"
356,0.0000,Tx-Rx,0,-50.2476,"0.15000 -4.90000 1.10000, 6.65000 -6.35000 0.10000"
357,0.0000,Tx-Rx,0,-50.3937,"0.15000 -4.90000 1.10000, 6.95000 -6.35000 0.10000"
358,0.0000,Tx-Rx,0,-51.2868,"0.15000 -4.90000 1.10000, 7.25000 -6.35000 0.10000"
359,0.0000,Tx-Rx,0,-51.7766,"0.15000 -4.90000 1.10000, 7.55000 -6.35000 0.10000"
360,0.0000,Tx-Rx,0,-52.1016,"0.15000 -4.90000 1.10000, 7.85000 -6.35000 0.10000"
361,0.0000,Tx-Rx,0,-97.9210,"0.15000 -4.90000 1.10000, -9.85000 -6.05000 0.10000"
362,0.0000,Tx-Rx,0,-109.7133,"0.15000 -4.90000 1.10000, -9.55000 -6.05000 0.10000"
363,0.0000,Tx-Rx,0,-101.5868,"0.15000 -4.90000 1.10000, -9.25000 -6.05000 0.10000"
364,0.0000,Tx-Rx,0,-101.4180,"0.15000 -4.90000 1.10000, -8.95000 -6.05000 0.10000"
365,0.0000,Tx-Rx,0,-109.4717,"0.15000 -4.90000 1.10000, -8.65000 -6.05000 0.10000"
366,0.0000,Tx-Rx,0,-120.5246,"0.15000 -4.90000 1.10000, -8.35000 -6.05000 0.10000"
367,0.0000,Tx-Rx,0,-83.3727,"0.15000 -4.90000 1.10000, -8.05000 -6.05000 0.10000"
368,0.0000,Tx-Rx,0,-76.7254,"0.15000 -4.90000 1.10000, -7.75000 -6.05000 0.10000"
369,0.0000,Tx-Rx,0,-76.6571,"0.15000 -4.90000 1.10000, -7.45000 -6.05000 0.10000"
370,0.0000,Tx-Rx,0,-76.4557,"0.15000 -4.90000 1.10000, -7.15000 -6.05000 0.10000"
371,0.0000,Tx-Rx,0,-76.1240,"0.15000 -4.90000 1.10000, -6.85000 -6.05000 0.10000"
372,0.0000,Tx-Rx,0,-76.0888,"0.15000 -4.90000 1.10000, -6.55000 -6.05000 0.10000"
373,0.0000,Tx-Rx,0,-75.0491,"0.15000 -4.90000 1.10000, -6.25000 -6.05000 0.10000"
374,0.0000,Tx-Rx,0,-75.3602,"0.15000 -4.90000 1.10000, -5.95000 -6.05000 0.10000"
375,0.0000,Tx-Rx,0,-75.4640,"0.15000 -4.90000 1.10000, -5.65000 -6.05000 0.10000"
376,0.0000,Tx-Rx,0,-74.4444,"0.15000 -4.90000 1.10000, -5.35000 -6.05000 0.10000"
377,0.0000,Tx-Rx,0,-74.4043,"0.15000 -4.90000 1.10000, -5.05000 -6.05000 0.10000"
378,0.0000,Tx-Rx,0,-74.3037,"0.15000 -4.90000 1.10000, -4.75000 -6.05000 0.10000"
379,0.0000,Tx-Rx,0,-73.8289,"0.15000 -4.90000 1.10000, -4.45000 -6.05000 0.10000"
380,0.0000,Tx-Rx,0,-74.1830,"0.15000 -4.90000 1.10000, -4.15000 -6.05000 0.10000"
381,0.0000,Tx-Rx,0,-73.1969,"0.15000 -4.90000 1.10000, -3.85000 -6.05000 0.10000"
382,0.0000,Tx-Rx,0,-72.5261,"0.15000 -4.90000 1.10000, -3.55000 -6.05000 0.10000"
383,0.0000,Tx-Rx,0,-71.9431,"0.15000 -4.90000 1.10000, -3.25000 -6.05000 0.10000"
384,0.0000,Tx-Rx,0,-71.5101,"0.15000 -4.90000 1.10000, -2.95000 -6.05000 0.10000"
385,0.0000,Tx-Rx,0,-70.9917,"0.15000 -4.90000 1.10000, -2.65000 -6.05000 0.10000"
386,0.0000,Tx-Rx,0,-70.6555,"0.15000 -4.90000 1.10000, -2.35000 -6.05000 0.10000"
387,0.0000,Tx-Rx,0,-76.3016,"0.15000 -4.90000 1.10000, -2.05000 -6.05000 0.10000"
388,0.0000,Tx-Rx,0,-76.6056,"0.15000 -4.90000 1.10000, -1.75000 -6.05000 0.10000"
389,0.0000,Tx-Rx,0,-76.4379,"0.15000 -4.90000 1.10000, -1.45000 -6.05000 0.10000"
390,0.0000,Tx-Rx,0,-76.0200,"0.15000 -4.90000 1.10000, -1.15000 -6.05000 0.10000"
391,0.0000,Tx-Rx,0,-76.0701,"0.15000 -4.90000 1.10000, -0.85000 -6.05000 0.10000"
392,0.0000,Tx-Rx,0,-75.0939,"0.15000 -4.90000 1.10000, -0.55000 -6.05000 0.10000"
393,0.0000,Tx-Rx,0,-75.2479,"0.15000 -4.90000 1.10000, -0.25000 -6.05000 0.10000"
394,0.0000,Tx-Rx,0,-46.4285,"0.15000 -4.90000 1.10000, 0.05000 -6.05000 0.10000"
395,0.0000,Tx-Rx,0,-45.0961,"0.15000 -4.90000 1.10000, 0.35000 -6.05000 0.10000"
396,0.0000,Tx-Rx,0,-45.7300,"0.15000 -4.90000 1.10000, 0.65000 -6.05000 0.10000"
397,0.0000,Tx-Rx,0,-46.3327,"0.15000 -4.90000 1.10000, 0.95000 -6.05000 0.10000"
398,0.0000,Tx-Rx,0,-46.9371,"0.15000 -4.90000 1.10000, 1.25000 -6.05000 0.10000"
399,0.0000,Tx-Rx,0,-47.5652,"0.15000 -4.90000 1.10000, 1.55000 -6.05000 0.10000"
400,0.0000,Tx-Rx,0,-47.5216,"0.15000 -4.90000 1.10000, 1.85000 -6.05000 0.10000"
401,0.0000,Tx-Rx,0,-47.8704,"0.15000 -4.90000 1.10000, 2.15000 -6.05000 0.10000"
402,0.0000,Tx-Rx,0,-44.2623,"0.15000 -4.90000 1.10000, 2.45000 -6.05000 0.10000"
403,0.0000,Tx-Rx,0,-44.9842,"0.15000 -4.90000 1.10000, 2.75000 -6.05000 0.10000"
404,0.0000,Tx-Rx,0,-45.7156,"0.15000 -4.90000 1.10000, 3.05000 -6.05000 0.10000"
405,0.0000,Tx-Rx,0,-46.6007,"0.15000 -4.90000 1.10000, 3.35000 -6.05000 0.10000"
406,0.0000,Tx-Rx,0,-47.0959,"0.15000 -4.90000 1.10000, 3.65000 -6.05000 0.10000"
407,0.0000,Tx-Rx,0,-47.4258,"0.15000 -4.90000 1.10000, 3.95000 -6.05000 0.10000"
408,0.0000,Tx-Rx,0,-47.9000,"0.15000 -4.90000 1.10000, 4.25000 -6.05000 0.10000"
409,0.0000,Tx-Rx,0,-48.1826,"0.15000 -4.90000 1.10000, 4.55000 -6.05000 0.10000"
410,0.0000,Tx-Rx,0,-48.6361,"0.15000 -4.90000 1.10000, 4.85000 -6.05000 0.10000"
411,0.0000,Tx-Rx,0,-49.2860,"0.15000 -4.90000 1.10000, 5.15000 -6.05000 0.10000"
412,0.0000,Tx-Rx,0,-49.7595,"0.15000 -4.90000 1.10000, 5.45000 -6.05000 0.10000"
413,0.0000,Tx-Rx,0,-50.1527,"0.15000 -4.90000 1.10000, 5.75000 -6.05000 0.10000"
414,0.0000,Tx-Rx,0,-50.7000,"0.15000 -4.90000 1.10000, 6.05000 -6.05000 0.10000"
415,0.0000,Tx-Rx,0,-50.7307,"0.15000 -4.90000 1.10000, 6.35000 -6.05000 0.10000"
416,0.0000,Tx-Rx,0,-50.5270,"0.15000 -4.90000 1.10000, 6.65000 -6.05000 0.10000"
417,0.0000,Tx-Rx,0,-50.2294,"0.15000 -4.90000 1.10000, 6.95000 -6.05000 0.10000"
418,0.0000,Tx-Rx,0,-50.3880,"0.15000 -4.90000 1.10000, 7.25000 -6.05000 0.10000"
419,0.0000,Tx-Rx,0,-50.7643,"0.15000 -4.90000 1.10000, 7.55000 -6.05000 0.10000"
420,0.0000,Tx-Rx,0,-51.3303,"0.15000 -4.90000 1.10000, 7.85000 -6.05000 0.10000"
421,0.0000,Tx-Rx,0,-108.3981,"0.15000 -4.90000 1.10000, -9.85000 -5.75000 0.10000"
422,0.0000,Tx-Rx,0,-111.0840,"0.15000 -4.90000 1.10000, -9.55000 -5.75000 0.10000"
423,0.0000,Tx-Rx,0,-111.6081,"0.15000 -4.90000 1.10000, -9.25000 -5.75000 0.10000"
424,0.0000,Tx-Rx,0,-111.7383,"0.15000 -4.90000 1.10000, -8.95000 -5.75000 0.10000"
425,0.0000,Tx-Rx,0,-101.4192,"0.15000 -4.90000 1.10000, -8.65000 -5.75000 0.10000"
426,0.0000,Tx-Rx,0,-99.1336,"0.15000 -4.90000 1.10000, -8.35000 -5.75000 0.10000"
427,0.0000,Tx-Rx,0,-83.2120,"0.15000 -4.90000 1.10000, -8.05000 -5.75000 0.10000"
428,0.0000,Tx-Rx,0,-78.9418,"0.15000 -4.90000 1.10000, -7.75000 -5.75000 0.10000"
429,0.0000,Tx-Rx,0,-78.8999,"0.15000 -4.90000 1.10000, -7.45000 -5.75000 0.10000"
430,0.0000,Tx-Rx,0,-77.5020,"0.15000 -4.90000 1.10000, -7.15000 -5.75000 0.10000"
431,0.0000,Tx-Rx,0,-76.7195,"0.15000 -4.90000 1.10000, -6.85000 -5.75000 0.10000"
432,0.0000,Tx-Rx,0,-76.1058,"0.15000 -4.90000 1.10000, -6.55000 -5.75000 0.10000"
433,0.0000,Tx-Rx,0,-75.2924,"0.15000 -4.90000 1.10000, -6.25000 -5.75000 0.10000"
434,0.0000,Tx-Rx,0,-75.8338,"0.15000 -4.90000 1.10000, -5.95000 -5.75000 0.10000"
435,0.0000,Tx-Rx,0,-75.0527,"0.15000 -4.90000 1.10000, -5.65000 -5.75000 0.10000"
436,0.0000,Tx-Rx,0,-74.4345,"0.15000 -4.90000 1.10000, -5.35000 -5.75000 0.10000"
437,0.0000,Tx-Rx,0,-74.3833,"0.15000 -4.90000 1.10000, -5.05000 -5.75000 0.10000"
438,0.0000,Tx-Rx,0,-74.3648,"0.15000 -4.90000 1.10000, -4.75000 -5.75000 0.10000"
439,0.0000,Tx-Rx,0,-74.3578,"0.15000 -4.90000 1.10000, -4.45000 -5.75000 0.10000"
440,0.0000,Tx-Rx,0,-73.4518,"0.15000 -4.90000 1.10000, -4.15000 -5.75000 0.10000"
441,0.0000,Tx-Rx,0,-72.7784,"0.15000 -4.90000 1.10000, -3.85000 -5.75000 0.10000"
442,0.0000,Tx-Rx,0,-72.9277,"0.15000 -4.90000 1.10000, -3.55000 -5.75000 0.10000"
443,0.0000,Tx-Rx,0,-71.6944,"0.15000 -4.90000 1.10000, -3.25000 -5.75000 0.10000"
444,0.0000,Tx-Rx,0,-71.6234,"0.15000 -4.90000 1.10000, -2.95000 -5.75000 0.10000"
445,0.0000,Tx-Rx,0,-71.1061,"0.15000 -4.90000 1.10000, -2.65000 -5.75000 0.10000"
446,0.0000,Tx-Rx,0,-69.9015,"0.15000 -4.90000 1.10000, -2.35000 -5.75000 0.10000"
447,0.0000,Tx-Rx,0,-74.7583,"0.15000 -4.90000 1.10000, -2.05000 -5.75000 0.10000"
448,0.0000,Tx-Rx,0,-75.1675,"0.15000 -4.90000 1.10000, -1.75000 -5.75000 0.10000"
449,0.0000,Tx-Rx,0,-74.8962,"0.15000 -4.90000 1.10000, -1.45000 -5.75000 0.10000"
450,0.0000,Tx-Rx,0,-74.4811,"0.15000 -4.90000 1.10000, -1.15000 -5.75000 0.10000"
451,0.0000,Tx-Rx,0,-74.1520,"0.15000 -4.90000 1.10000, -0.85000 -5.75000 0.10000"
452,0.0000,Tx-Rx,0,-73.1335,"0.15000 -4.90000 1.10000, -0.55000 -5.75000 0.10000"
453,0.0000,Tx-Rx,0,-73.9953,"0.15000 -4.90000 1.10000, -0.25000 -5.75000 0.10000"
454,0.0000,Tx-Rx,0,-44.9805,"0.15000 -4.90000 1.10000, 0.05000 -5.75000 0.10000"
455,0.0000,Tx-Rx,0,-43.8338,"0.15000 -4.90000 1.10000, 0.35000 -5.75000 0.10000"
456,0.0000,Tx-Rx,0,-44.5184,"0.15000 -4.90000 1.10000, 0.65000 -5.75000 0.10000"
457,0.0000,Tx-Rx,0,-45.4111,"0.15000 -4.90000 1.10000, 0.95000 -5.75000 0.10000"
458,0.0000,Tx-Rx,0,-46.1441,"0.15000 -4.90000 1.10000, 1.25000 -5.75000 0.10000"
459,0.0000,Tx-Rx,0,-46.7340,"0.15000 -4.90000 1.10000, 1.55000 -5.75000 0.10000"
460,0.0000,Tx-Rx,0,-46.9197,"0.15000 -4.90000 1.10000, 1.85000 -5.75000 0.10000"
461,0.0000,Tx-Rx,0,-47.2289,"0.15000 -4.90000 1.10000, 2.15000 -5.75000 0.10000"
462,0.0000,Tx-Rx,0,-43.8207,"0.15000 -4.90000 1.10000, 2.45000 -5.75000 0.10000"
463,0.0000,Tx-Rx,0,-44.7668,"0.15000 -4.90000 1.10000, 2.75000 -5.75000 0.10000"
464,0.0000,Tx-Rx,0,-45.6331,"0.15000 -4.90000 1.10000, 3.05000 -5.75000 0.10000"
465,0.0000,Tx-Rx,0,-46.2742,"0.15000 -4.90000 1.10000, 3.35000 -5.75000 0.10000"
466,0.0000,Tx-Rx,0,-47.0318,"0.15000 -4.90000 1.10000, 3.65000 -5.75000 0.10000"
467,0.0000,Tx-Rx,0,-47.5251,"0.15000 -4.90000 1.10000, 3.95000 -5.75000 0.10000"
468,0.0000,Tx-Rx,0,-47.8465,"0.15000 -4.90000 1.10000, 4.25000 -5.75000 0.10000"
469,0.0000,Tx-Rx,0,-48.2735,"0.15000 -4.90000 1.10000, 4.55000 -5.75000 0.10000"
470,0.0000,Tx-Rx,0,-48.6167,"0.15000 -4.90000 1.10000, 4.85000 -5.75000 0.10000"
471,0.0000,Tx-Rx,0,-48.9275,"0.15000 -4.90000 1.10000, 5.15000 -5.75000 0.10000"
472,0.0000,Tx-Rx,0,-49.5086,"0.15000 -4.90000 1.10000, 5.45000 -5.75000 0.10000"
473,0.0000,Tx-Rx,0,-49.8391,"0.15000 -4.90000 1.10000, 5.75000 -5.75000 0.10000"
474,0.0000,Tx-Rx,0,-50.1676,"0.15000 -4.90000 1.10000, 6.05000 -5.75000 0.10000"
475,0.0000,Tx-Rx,0,-50.1583,"0.15000 -4.90000 1.10000, 6.35000 -5.75000 0.10000"
476,0.0000,Tx-Rx,0,-50.6309,"0.15000 -4.90000 1.10000, 6.65000 -5.75000 0.10000"
477,0.0000,Tx-Rx,0,-50.4474,"0.15000 -4.90000 1.10000, 6.95000 -5.75000 0.10000"
478,0.0000,Tx-Rx,0,-50.4532,"0.15000 -4.90000 1.10000, 7.25000 -5.75000 0.10000"
479,0.0000,Tx-Rx,0,-50.6907,"0.15000 -4.90000 1.10000, 7.55000 -5.75000 0.10000"
480,0.0000,Tx-Rx,0,-50.8493,"0.15000 -4.90000 1.10000, 7.85000 -5.75000 0.10000"
481,0.0000,Tx-Rx,0,-108.1546,"0.15000 -4.90000 1.10000, -9.85000 -5.45000 0.10000"
482,0.0000,Tx-Rx,0,-111.5323,"0.15000 -4.90000 1.10000, -9.55000 -5.45000 0.10000"
483,0.0000,Tx-Rx,0,-101.2357,"0.15000 -4.90000 1.10000, -9.25000 -5.45000 0.10000"
484,0.0000,Tx-Rx,0,-108.7414,"0.15000 -4.90000 1.10000, -8.95000 -5.45000 0.10000"
485,0.0000,Tx-Rx,0,-109.5817,"0.15000 -4.90000 1.10000, -8.65000 -5.45000 0.10000"
486,0.0000,Tx-Rx,0,-106.7403,"0.15000 -4.90000 1.10000, -8.35000 -5.45000 0.10000"
487,0.0000,Tx-Rx,0,-82.8252,"0.15000 -4.90000 1.10000, -8.05000 -5.45000 0.10000"
488,0.0000,Tx-Rx,0,-78.7657,"0.15000 -4.90000 1.10000, -7.75000 -5.45000 0.10000"
489,0.0000,Tx-Rx,0,-78.7036,"0.15000 -4.90000 1.10000, -7.45000 -5.45000 0.10000"
490,0.0000,Tx-Rx,0,-78.6111,"0.15000 -4.90000 1.10000, -7.15000 -5.45000 0.10000"
491,0.0000,Tx-Rx,0,-79.1398,"0.15000 -4.90000 1.10000, -6.85000 -5.45000 0.10000"
492,0.0000,Tx-Rx,0,-77.3603,"0.15000 -4.90000 1.10000, -6.55000 -5.45000 0.10000"
493,0.0000,Tx-Rx,0,-77.4414,"0.15000 -4.90000 1.10000, -6.25000 -5.45000 0.10000"
494,0.0000,Tx-Rx,0,-76.8609,"0.15000 -4.90000 1.10000, -5.95000 -5.45000 0.10000"
495,0.0000,Tx-Rx,0,-76.5488,"0.15000 -4.90000 1.10000, -5.65000 -5.45000 0.10000"
496,0.0000,Tx-Rx,0,-75.5044,"0.15000 -4.90000 1.10000, -5.35000 -5.45000 0.10000"
497,0.0000,Tx-Rx,0,-74.4225,"0.15000 -4.90000 1.10000, -5.05000 -5.45000 0.10000"
498,0.0000,Tx-Rx,0,-74.0872,"0.15000 -4.90000 1.10000, -4.75000 -5.45000 0.10000"
499,0.0000,Tx-Rx,0,-73.6980,"0.15000 -4.90000 1.10000, -4.45000 -5.45000 0.10000"
500,0.0000,Tx-Rx,0,-73.0138,"0.15000 -4.90000 1.10000, -4.15000 -5.45000 0.10000"
501,0.0000,Tx-Rx,0,-72.4942,"0.15000 -4.90000 1.10000, -3.85000 -5.45000 0.10000"
502,0.0000,Tx-Rx,0,-72.0510,"0.15000 -4.90000 1.10000, -3.55000 -5.45000 0.10000"
503,0.0000,Tx-Rx,0,-71.8059,"0.15000 -4.90000 1.10000, -3.25000 -5.45000 0.10000"
504,0.0000,Tx-Rx,0,-71.1826,"0.15000 -4.90000 1.10000, -2.95000 -5.45000 0.10000"
505,0.0000,Tx-Rx,0,-70.5599,"0.15000 -4.90000 1.10000, -2.65000 -5.45000 0.10000"
506,0.0000,Tx-Rx,0,-69.8560,"0.15000 -4.90000 1.10000, -2.35000 -5.45000 0.10000"
507,0.0000,Tx-Rx,0,-74.8960,"0.15000 -4.90000 1.10000, -2.05000 -5.45000 0.10000"
508,0.0000,Tx-Rx,0,-74.3079,"0.15000 -4.90000 1.10000, -1.75000 -5.45000 0.10000"
509,0.0000,Tx-Rx,0,-74.2452,"0.15000 -4.90000 1.10000, -1.45000 -5.45000 0.10000"
510,0.0000,Tx-Rx,0,-73.4935,"0.15000 -4.90000 1.10000, -1.15000 -5.45000 0.10000"
511,0.0000,Tx-Rx,0,-72.7808,"0.15000 -4.90000 1.10000, -0.85000 -5.45000 0.10000"
512,0.0000,Tx-Rx,0,-71.5392,"0.15000 -4.90000 1.10000, -0.55000 -5.45000 0.10000"
513,0.0000,Tx-Rx,0,-71.9915,"0.15000 -4.90000 1.10000, -0.25000 -5.45000 0.10000"
514,0.0000,Tx-Rx,0,-43.8730,"0.15000 -4.90000 1.10000, 0.05000 -5.45000 0.10000"
515,0.0000,Tx-Rx,0,-42.8727,"0.15000 -4.90000 1.10000, 0.35000 -5.45000 0.10000"
516,0.0000,Tx-Rx,0,-43.4578,"0.15000 -4.90000 1.10000, 0.65000 -5.45000 0.10000"
517,0.0000,Tx-Rx,0,-44.6245,"0.15000 -4.90000 1.10000, 0.95000 -5.45000 0.10000"
518,0.0000,Tx-Rx,0,-45.5242,"0.15000 -4.90000 1.10000, 1.25000 -5.45000 0.10000"
519,0.0000,Tx-Rx,0,-46.3628,"0.15000 -4.90000 1.10000, 1.55000 -5.45000 0.10000"
520,0.0000,Tx-Rx,0,-46.6994,"0.15000 -4.90000 1.10000, 1.85000 -5.45000 0.10000"
521,0.0000,Tx-Rx,0,-47.1295,"0.15000 -4.90000 1.10000, 2.15000 -5.45000 0.10000"
522,0.0000,Tx-Rx,0,-43.7347,"0.15000 -4.90000 1.10000, 2.45000 -5.45000 0.10000"
523,0.0000,Tx-Rx,0,-44.4441,"0.15000 -4.90000 1.10000, 2.75000 -5.45000 0.10000"
524,0.0000,Tx-Rx,0,-45.3783,"0.15000 -4.90000 1.10000, 3.05000 -5.45000 0.10000"
525,0.0000,Tx-Rx,0,-46.2085,"0.15000 -4.90000 1.10000, 3.35000 -5.45000 0.10000"
526,0.0000,Tx-Rx,0,-46.7216,"0.15000 -4.90000 1.10000, 3.65000 -5.45000 0.10000"
527,0.0000,Tx-Rx,0,-47.4258,"0.15000 -4.90000 1.10000, 3.95000 -5.45000 0.10000"
528,0.0000,Tx-Rx,0,-47.9855,"0.15000 -4.90000 1.10000, 4.25000 -5.45000 0.10000"
529,0.0000,Tx-Rx,0,-48.3463,"0.15000 -4.90000 1.10000, 4.55000 -5.45000 0.10000"
530,0.0000,Tx-Rx,0,-48.7693,"0.15000 -4.90000 1.10000, 4.85000 -5.45000 0.10000"
531,0.0000,Tx-Rx,0,-49.1560,"0.15000 -4.90000 1.10000, 5.15000 -5.45000 0.10000"
532,0.0000,Tx-Rx,0,-49.4173,"0.15000 -4.90000 1.10000, 5.45000 -5.45000 0.10000"
533,0.0000,Tx-Rx,0,-49.8306,"0.15000 -4.90000 1.10000, 5.75000 -5.45000 0.10000"
534,0.0000,Tx-Rx,0,-50.1215,"0.15000 -4.90000 1.10000, 6.05000 -5.45000 0.10000"
535,0.0000,Tx-Rx,0,-50.5021,"0.15000 -4.90000 1.10000, 6.35000 -5.45000 0.10000"
536,0.0000,Tx-Rx,0,-50.5484,"0.15000 -4.90000 1.10000, 6.65000 -5.45000 0.10000"
537,0.0000,Tx-Rx,0,-50.4390,"0.15000 -4.90000 1.10000, 6.95000 -5.45000 0.10000"
538,0.0000,Tx-Rx,0,-50.4796,"0.15000 -4.90000 1.10000, 7.25000 -5.45000 0.10000"
539,0.0000,Tx-Rx,0,-50.8539,"0.15000 -4.90000 1.10000, 7.55000 -5.45000 0.10000"
540,0.0000,Tx-Rx,0,-51.0962,"0.15000 -4.90000 1.10000, 7.85000 -5.45000 0.10000"
541,0.0000,Tx-Rx,0,-101.2930,"0.15000 -4.90000 1.10000, -9.85000 -5.15000 0.10000"
542,0.0000,Tx-Rx,0,-114.5320,"0.15000 -4.90000 1.10000, -9.55000 -5.15000 0.10000"
543,0.0000,Tx-Rx,0,-101.7231,"0.15000 -4.90000 1.10000, -9.25000 -5.15000 0.10000"
544,0.0000,Tx-Rx,0,-101.9094,"0.15000 -4.90000 1.10000, -8.95000 -5.15000 0.10000"
545,0.0000,Tx-Rx,0,-101.6246,"0.15000 -4.90000 1.10000, -8.65000 -5.15000 0.10000"
546,0.0000,Tx-Rx,0,-101.4404,"0.15000 -4.90000 1.10000, -8.35000 -5.15000 0.10000"
547,0.0000,Tx-Rx,0,-81.3858,"0.15000 -4.90000 1.10000, -8.05000 -5.15000 0.10000"
548,0.0000,Tx-Rx,0,-76.0003,"0.15000 -4.90000 1.10000, -7.75000 -5.15000 0.10000"
549,0.0000,Tx-Rx,0,-76.7367,"0.15000 -4.90000 1.10000, -7.45000 -5.15000 0.10000"
550,0.0000,Tx-Rx,0,-76.7073,"0.15000 -4.90000 1.10000, -7.15000 -5.15000 0.10000"
551,0.0000,Tx-Rx,0,-75.6652,"0.15000 -4.90000 1.10000, -6.85000 -5.15000 0.10000"
552,0.0000,Tx-Rx,0,-75.4252,"0.15000 -4.90000 1.10000, -6.55000 -5.15000 0.10000"
553,0.0000,Tx-Rx,0,-75.8311,"0.15000 -4.90000 1.10000, -6.25000 -5.15000 0.10000"
554,0.0000,Tx-Rx,0,-75.3144,"0.15000 -4.90000 1.10000, -5.95000 -5.15000 0.10000"
555,0.0000,Tx-Rx,0,-75.4833,"0.15000 -4.90000 1.10000, -5.65000 -5.15000 0.10000"
556,0.0000,Tx-Rx,0,-75.1127,"0.15000 -4.90000 1.10000, -5.35000 -5.15000 0.10000"
557,0.0000,Tx-Rx,0,-74.5532,"0.15000 -4.90000 1.10000, -5.05000 -5.15000 0.10000"
558,0.0000,Tx-Rx,0,-74.0281,"0.15000 -4.90000 1.10000, -4.75000 -5.15000 0.10000"
559,0.0000,Tx-Rx,0,-73.7205,"0.15000 -4.90000 1.10000, -4.45000 -5.15000 0.10000"
560,0.0000,Tx-Rx,0,-73.6441,"0.15000 -4.90000 1.10000, -4.15000 -5.15000 0.10000"
561,0.0000,Tx-Rx,0,-72.7018,"0.15000 -4.90000 1.10000, -3.85000 -5.15000 0.10000"
562,0.0000,Tx-Rx,0,-72.1371,"0.15000 -4.90000 1.10000, -3.55000 -5.15000 0.10000"
563,0.0000,Tx-Rx,0,-71.8053,"0.15000 -4.90000 1.10000, -3.25000 -5.15000 0.10000"
564,0.0000,Tx-Rx,0,-70.6043,"0.15000 -4.90000 1.10000, -2.95000 -5.15000 0.10000"
565,0.0000,Tx-Rx,0,-70.0313,"0.15000 -4.90000 1.10000, -2.65000 -5.15000 0.10000"
566,0.0000,Tx-Rx,0,-69.5242,"0.15000 -4.90000 1.10000, -2.35000 -5.15000 0.10000"
567,0.0000,Tx-Rx,0,-74.6400,"0.15000 -4.90000 1.10000, -2.05000 -5.15000 0.10000"
568,0.0000,Tx-Rx,0,-74.0809,"0.15000 -4.90000 1.10000, -1.75000 -5.15000 0.10000"
569,0.0000,Tx-Rx,0,-73.8185,"0.15000 -4.90000 1.10000, -1.45000 -5.15000 0.10000"
570,0.0000,Tx-Rx,0,-72.7216,"0.15000 -4.90000 1.10000, -1.15000 -5.15000 0.10000"
571,0.0000,Tx-Rx,0,-71.4409,"0.15000 -4.90000 1.10000, -0.85000 -5.15000 0.10000"
572,0.0000,Tx-Rx,0,-69.9045,"0.15000 -4.90000 1.10000, -0.55000 -5.15000 0.10000"
573,0.0000,Tx-Rx,0,-69.5286,"0.15000 -4.90000 1.10000, -0.25000 -5.15000 0.10000"
574,0.0000,Tx-Rx,0,-43.4139,"0.15000 -4.90000 1.10000, 0.05000 -5.15000 0.10000"
575,0.0000,Tx-Rx,0,-42.4363,"0.15000 -4.90000 1.10000, 0.35000 -5.15000 0.10000"
576,0.0000,Tx-Rx,0,-43.0120,"0.15000 -4.90000 1.10000, 0.65000 -5.15000 0.10000"
577,0.0000,Tx-Rx,0,-44.1910,"0.15000 -4.90000 1.10000, 0.95000 -5.15000 0.10000"
578,0.0000,Tx-Rx,0,-45.1268,"0.15000 -4.90000 1.10000, 1.25000 -5.15000 0.10000"
579,0.0000,Tx-Rx,0,-45.8837,"0.15000 -4.90000 1.10000, 1.55000 -5.15000 0.10000"
580,0.0000,Tx-Rx,0,-46.3468,"0.15000 -4.90000 1.10000, 1.85000 -5.15000 0.10000"
581,0.0000,Tx-Rx,0,-46.6466,"0.15000 -4.90000 1.10000, 2.15000 -5.15000 0.10000"
582,0.0000,Tx-Rx,0,-43.4391,"0.15000 -4.90000 1.10000, 2.45000 -5.15000 0.10000"
583,0.0000,Tx-Rx,0,-44.4207,"0.15000 -4.90000 1.10000, 2.75000 -5.15000 0.10000"
584,0.0000,Tx-Rx,0,-45.2109,"0.15000 -4.90000 1.10000, 3.05000 -5.15000 0.10000"
585,0.0000,Tx-Rx,0,-46.1398,"0.15000 -4.90000 1.10000, 3.35000 -5.15000 0.10000"
586,0.0000,Tx-Rx,0,-46.7404,"0.15000 -4.90000 1.10000, 3.65000 -5.15000 0.10000"
587,0.0000,Tx-Rx,0,-47.4141,"0.15000 -4.90000 1.10000, 3.95000 -5.15000 0.10000"
588,0.0000,Tx-Rx,0,-47.8540,"0.15000 -4.90000 1.10000, 4.25000 -5.15000 0.10000"
589,0.0000,Tx-Rx,0,-48.4444,"0.15000 -4.90000 1.10000, 4.55000 -5.15000 0.10000"
590,0.0000,Tx-Rx,0,-48.9278,"0.15000 -4.90000 1.10000, 4.85000 -5.15000 0.10000"
591,0.0000,Tx-Rx,0,-49.2909,"0.15000 -4.90000 1.10000, 5.15000 -5.15000 0.10000"
592,0.0000,Tx-Rx,0,-49.4594,"0.15000 -4.90000 1.10000, 5.45000 -5.15000 0.10000"
593,0.0000,Tx-Rx,0,-49.8337,"0.15000 -4.90000 1.10000, 5.75000 -5.15000 0.10000"
594,0.0000,Tx-Rx,0,-50.1964,"0.15000 -4.90000 1.10000, 6.05000 -5.15000 0.10000"
595,0.0000,Tx-Rx,0,-50.3406,"0.15000 -4.90000 1.10000, 6.35000 -5.15000 0.10000"
596,0.0000,Tx-Rx,0,-50.5144,"0.15000 -4.90000 1.10000, 6.65000 -5.15000 0.10000"
597,0.0000,Tx-Rx,0,-50.5739,"0.15000 -4.90000 1.10000, 6.95000 -5.15000 0.10000"
598,0.0000,Tx-Rx,0,-50.6072,"0.15000 -4.90000 1.10000, 7.25000 -5.15000 0.10000"
599,0.0000,Tx-Rx,0,-50.8229,"0.15000 -4.90000 1.10000, 7.55000 -5.15000 0.10000"
600,0.0000,Tx-Rx,0,-50.9312,"0.15000 -4.90000 1.10000, 7.85000 -5.15000 0.10000"
601,0.0000,Tx-Rx,0,-114.5181,"0.15000 -4.90000 1.10000, -9.85000 -4.85000 0.10000"
602,0.0000,Tx-Rx,0,-98.9689,"0.15000 -4.90000 1.10000, -9.55000 -4.85000 0.10000"
603,0.0000,Tx-Rx,0,-108.7521,"0.15000 -4.90000 1.10000, -9.25000 -4.85000 0.10000"
604,0.0000,Tx-Rx,0,-144.0567,"0.15000 -4.90000 1.10000, -8.95000 -4.85000 0.10000"
605,0.0000,Tx-Rx,0,-106.1478,"0.15000 -4.90000 1.10000, -8.65000 -4.85000 0.10000"
606,0.0000,Tx-Rx,0,-102.5791,"0.15000 -4.90000 1.10000, -8.35000 -4.85000 0.10000"
607,0.0000,Tx-Rx,0,-81.3149,"0.15000 -4.90000 1.10000, -8.05000 -4.85000 0.10000"
608,0.0000,Tx-Rx,0,-75.7412,"0.15000 -4.90000 1.10000, -7.75000 -4.85000 0.10000"
609,0.0000,Tx-Rx,0,-75.9814,"0.15000 -4.90000 1.10000, -7.45000 -4.85000 0.10000"
610,0.0000,Tx-Rx,0,-75.3063,"0.15000 -4.90000 1.10000, -7.15000 -4.85000 0.10000"
611,0.0000,Tx-Rx,0,-75.3329,"0.15000 -4.90000 1.10000, -6.85000 -4.85000 0.10000"
612,0.0000,Tx-Rx,0,-75.5926,"0.15000 -4.90000 1.10000, -6.55000 -4.85000 0.10000"
613,0.0000,Tx-Rx,0,-75.5803,"0.15000 -4.90000 1.10000, -6.25000 -4.85000 0.10000"
614,0.0000,Tx-Rx,0,-75.4514,"0.15000 -4.90000 1.10000, -5.95000 -4.85000 0.10000"
615,0.0000,Tx-Rx,0,-75.2902,"0.15000 -4.90000 1.10000, -5.65000 -4.85000 0.10000"
616,0.0000,Tx-Rx,0,-74.9085,"0.15000 -4.90000 1.10000, -5.35000 -4.85000 0.10000"
617,0.0000,Tx-Rx,0,-74.1436,"0.15000 -4.90000 1.10000, -5.05000 -4.85000 0.10000"
618,0.0000,Tx-Rx,0,-74.0764,"0.15000 -4.90000 1.10000, -4.75000 -4.85000 0.10000"
619,0.0000,Tx-Rx,0,-73.6604,"0.15000 -4.90000 1.10000, -4.45000 -4.85000 0.10000"
620,0.0000,Tx-Rx,0,-73.3043,"0.15000 -4.90000 1.10000, -4.15000 -4.85000 0.10000"
621,0.0000,Tx-Rx,0,-72.6866,"0.15000 -4.90000 1.10000, -3.85000 -4.85000 0.10000"
622,0.0000,Tx-Rx,0,-72.2757,"0.15000 -4.90000 1.10000, -3.55000 -4.85000 0.10000"
623,0.0000,Tx-Rx,0,-71.2923,"0.15000 -4.90000 1.10000, -3.25000 -4.85000 0.10000"
624,0.0000,Tx-Rx,0,-70.6705,"0.15000 -4.90000 1.10000, -2.95000 -4.85000 0.10000"
625,0.0000,Tx-Rx,0,-70.2857,"0.15000 -4.90000 1.10000, -2.65000 -4.85000 0.10000"
626,0.0000,Tx-Rx,0,-69.6752,"0.15000 -4.90000 1.10000, -2.35000 -4.85000 0.10000"
627,0.0000,Tx-Rx,0,-74.4908,"0.15000 -4.90000 1.10000, -2.05000 -4.85000 0.10000"
628,0.0000,Tx-Rx,0,-74.0802,"0.15000 -4.90000 1.10000, -1.75000 -4.85000 0.10000"
629,0.0000,Tx-Rx,0,-73.5436,"0.15000 -4.90000 1.10000, -1.45000 -4.85000 0.10000"
630,0.0000,Tx-Rx,0,-72.4082,"0.15000 -4.90000 1.10000, -1.15000 -4.85000 0.10000"
631,0.0000,Tx-Rx,0,-71.2384,"0.15000 -4.90000 1.10000, -0.85000 -4.85000 0.10000"
632,0.0000,Tx-Rx,0,-69.2536,"0.15000 -4.90000 1.10000, -0.55000 -4.85000 0.10000"
633,0.0000,Tx-Rx,0,-68.4095,"0.15000 -4.90000 1.10000, -0.25000 -4.85000 0.10000"
634,0.0000,Tx-Rx,0,-43.7638,"0.15000 -4.90000 1.10000, 0.05000 -4.85000 0.10000"
635,0.0000,Tx-Rx,0,-42.4481,"0.15000 -4.90000 1.10000, 0.35000 -4.85000 0.10000"
636,0.0000,Tx-Rx,0,-42.9139,"0.15000 -4.90000 1.10000, 0.65000 -4.85000 0.10000"
637,0.0000,Tx-Rx,0,-44.1218,"0.15000 -4.90000 1.10000, 0.95000 -4.85000 0.10000"
638,0.0000,Tx-Rx,0,-45.0721,"0.15000 -4.90000 1.10000, 1.25000 -4.85000 0.10000"
639,0.0000,Tx-Rx,0,-45.8806,"0.15000 -4.90000 1.10000, 1.55000 -4.85000 0.10000"
640,0.0000,Tx-Rx,0,-46.3852,"0.15000 -4.90000 1.10000, 1.85000 -4.85000 0.10000"
641,0.0000,Tx-Rx,0,-46.6432,"0.15000 -4.90000 1.10000, 2.15000 -4.85000 0.10000"
642,0.0000,Tx-Rx,0,-43.4733,"0.15000 -4.90000 1.10000, 2.45000 -4.85000 0.10000"
643,0.0000,Tx-Rx,0,-44.2698,"0.15000 -4.90000 1.10000, 2.75000 -4.85000 0.10000"
644,0.0000,Tx-Rx,0,-45.1455,"0.15000 -4.90000 1.10000, 3.05000 -4.85000 0.10000"
645,0.0000,Tx-Rx,0,-45.9293,"0.15000 -4.90000 1.10000, 3.35000 -4.85000 0.10000"
646,0.0000,Tx-Rx,0,-46.5873,"0.15000 -4.90000 1.10000, 3.65000 -4.85000 0.10000"
647,0.0000,Tx-Rx,0,-47.1379,"0.15000 -4.90000 1.10000, 3.95000 -4.85000 0.10000"
648,0.0000,Tx-Rx,0,-47.7167,"0.15000 -4.90000 1.10000, 4.25000 -4.85000 0.10000"
649,0.0000,Tx-Rx,0,-48.2754,"0.15000 -4.90000 1.10000, 4.55000 -4.85000 0.10000"
650,0.0000,Tx-Rx,0,-48.6866,"0.15000 -4.90000 1.10000, 4.85000 -4.85000 0.10000"
651,0.0000,Tx-Rx,0,-49.1508,"0.15000 -4.90000 1.10000, 5.15000 -4.85000 0.10000"
652,0.0000,Tx-Rx,0,-49.3404,"0.15000 -4.90000 1.10000, 5.45000 -4.85000 0.10000"
653,0.0000,Tx-Rx,0,-49.6363,"0.15000 -4.90000 1.10000, 5.75000 -4.85000 0.10000"
654,0.0000,Tx-Rx,0,-49.8072,"0.15000 -4.90000 1.10000, 6.05000 -4.85000 0.10000"
655,0.0000,Tx-Rx,0,-50.0785,"0.15000 -4.90000 1.10000, 6.35000 -4.85000 0.10000"
656,0.0000,Tx-Rx,0,-50.5708,"0.15000 -4.90000 1.10000, 6.65000 -4.85000 0.10000"
657,0.0000,Tx-Rx,0,-50.6095,"0.15000 -4.90000 1.10000, 6.95000 -4.85000 0.10000"
658,0.0000,Tx-Rx,0,-50.5372,"0.15000 -4.90000 1.10000, 7.25000 -4.85000 0.10000"
659,0.0000,Tx-Rx,0,-50.5509,"0.15000 -4.90000 1.10000, 7.55000 -4.85000 0.10000"
660,0.0000,Tx-Rx,0,-50.5722,"0.15000 -4.90000 1.10000, 7.85000 -4.85000 0.10000"
661,0.0000,Tx-Rx,0,-131.5703,"0.15000 -4.90000 1.10000, -9.85000 -4.55000 0.10000"
662,0.0000,Tx-Rx,0,-102.0411,"0.15000 -4.90000 1.10000, -9.55000 -4.55000 0.10000"
663,0.0000,Tx-Rx,0,-108.8053,"0.15000 -4.90000 1.10000, -9.25000 -4.55000 0.10000"
664,0.0000,Tx-Rx,0,-99.0326,"0.15000 -4.90000 1.10000, -8.95000 -4.55000 0.10000"
665,0.0000,Tx-Rx,0,-101.6102,"0.15000 -4.90000 1.10000, -8.65000 -4.55000 0.10000"
666,0.0000,Tx-Rx,0,-101.8376,"0.15000 -4.90000 1.10000, -8.35000 -4.55000 0.10000"
667,0.0000,Tx-Rx,0,-80.3935,"0.15000 -4.90000 1.10000, -8.05000 -4.55000 0.10000"
668,0.0000,Tx-Rx,0,-76.3761,"0.15000 -4.90000 1.10000, -7.75000 -4.55000 0.10000"
669,0.0000,Tx-Rx,0,-75.8386,"0.15000 -4.90000 1.10000, -7.45000 -4.55000 0.10000"
670,0.0000,Tx-Rx,0,-75.9978,"0.15000 -4.90000 1.10000, -7.15000 -4.55000 0.10000"
671,0.0000,Tx-Rx,0,-76.5906,"0.15000 -4.90000 1.10000, -6.85000 -4.55000 0.10000"
672,0.0000,Tx-Rx,0,-76.2547,"0.15000 -4.90000 1.10000, -6.55000 -4.55000 0.10000"
673,0.0000,Tx-Rx,0,-75.9661,"0.15000 -4.90000 1.10000, -6.25000 -4.55000 0.10000"
674,0.0000,Tx-Rx,0,-75.5370,"0.15000 -4.90000 1.10000, -5.95000 -4.55000 0.10000"
675,0.0000,Tx-Rx,0,-74.9677,"0.15000 -4.90000 1.10000, -5.65000 -4.55000 0.10000"
676,0.0000,Tx-Rx,0,-75.1386,"0.15000 -4.90000 1.10000, -5.35000 -4.55000 0.10000"
677,0.0000,Tx-Rx,0,-74.8360,"0.15000 -4.90000 1.10000, -5.05000 -4.55000 0.10000"
678,0.0000,Tx-Rx,0,-74.9735,"0.15000 -4.90000 1.10000, -4.75000 -4.55000 0.10000"
679,0.0000,Tx-Rx,0,-73.8010,"0.15000 -4.90000 1.10000, -4.45000 -4.55000 0.10000"
680,0.0000,Tx-Rx,0,-72.9727,"0.15000 -4.90000 1.10000, -4.15000 -4.55000 0.10000"
681,0.0000,Tx-Rx,0,-72.5255,"0.15000 -4.90000 1.10000, -3.85000 -4.55000 0.10000"
682,0.0000,Tx-Rx,0,-71.9395,"0.15000 -4.90000 1.10000, -3.55000 -4.55000 0.10000"
683,0.0000,Tx-Rx,0,-71.8349,"0.15000 -4.90000 1.10000, -3.25000 -4.55000 0.10000"
684,0.0000,Tx-Rx,0,-71.1096,"0.15000 -4.90000 1.10000, -2.95000 -4.55000 0.10000"
685,0.0000,Tx-Rx,0,-70.6699,"0.15000 -4.90000 1.10000, -2.65000 -4.55000 0.10000"
686,0.0000,Tx-Rx,0,-69.7003,"0.15000 -4.90000 1.10000, -2.35000 -4.55000 0.10000"
687,0.0000,Tx-Rx,0,-74.7213,"0.15000 -4.90000 1.10000, -2.05000 -4.55000 0.10000"
688,0.0000,Tx-Rx,0,-74.3105,"0.15000 -4.90000 1.10000, -1.75000 -4.55000 0.10000"
689,0.0000,Tx-Rx,0,-73.8816,"0.15000 -4.90000 1.10000, -1.45000 -4.55000 0.10000"
690,0.0000,Tx-Rx,0,-73.0142,"0.15000 -4.90000 1.10000, -1.15000 -4.55000 0.10000"
691,0.0000,Tx-Rx,0,-71.8105,"0.15000 -4.90000 1.10000, -0.85000 -4.55000 0.10000"
692,0.0000,Tx-Rx,0,-70.3691,"0.15000 -4.90000 1.10000, -0.55000 -4.55000 0.10000"
693,0.0000,Tx-Rx,0,-70.4029,"0.15000 -4.90000 1.10000, -0.25000 -4.55000 0.10000"
694,0.0000,Tx-Rx,0,-43.4443,"0.15000 -4.90000 1.10000, 0.05000 -4.55000 0.10000"
695,0.0000,Tx-Rx,0,-42.5188,"0.15000 -4.90000 1.10000, 0.35000 -4.55000 0.10000"
696,0.0000,Tx-Rx,0,-43.1027,"0.15000 -4.90000 1.10000, 0.65000 -4.55000 0.10000"
697,0.0000,Tx-Rx,0,-44.3181,"0.15000 -4.90000 1.10000, 0.95000 -4.55000 0.10000"
698,0.0000,Tx-Rx,0,-45.1557,"0.15000 -4.90000 1.10000, 1.25000 -4.55000 0.10000"
699,0.0000,Tx-Rx,0,-46.1914,"0.15000 -4.90000 1.10000, 1.55000 -4.55000 0.10000"
700,0.0000,Tx-Rx,0,-46.2680,"0.15000 -4.90000 1.10000, 1.85000 -4.55000 0.10000"
701,0.0000,Tx-Rx,0,-46.6030,"0.15000 -4.90000 1.10000, 2.15000 -4.55000 0.10000"
702,0.0000,Tx-Rx,0,-44.4787,"0.15000 -4.90000 1.10000, 2.45000 -4.55000 0.10000"
703,0.0000,Tx-Rx,0,-48.1977,"0.15000 -4.90000 1.10000, 2.75000 -4.55000 0.10000"
704,0.0000,Tx-Rx,0,-48.2867,"0.15000 -4.90000 1.10000, 3.05000 -4.55000 0.10000"
705,0.0000,Tx-Rx,0,-48.4822,"0.15000 -4.90000 1.10000, 3.35000 -4.55000 0.10000"
706,0.0000,Tx-Rx,0,-48.5294,"0.15000 -4.90000 1.10000, 3.65000 -4.55000 0.10000"
707,0.0000,Tx-Rx,0,-49.0314,"0.15000 -4.90000 1.10000, 3.95000 -4.55000 0.10000"
708,0.0000,Tx-Rx,0,-49.7903,"0.15000 -4.90000 1.10000, 4.25000 -4.55000 0.10000"
709,0.0000,Tx-Rx,0,-52.9815,"0.15000 -4.90000 1.10000, 4.55000 -4.55000 0.10000"
710,0.0000,Tx-Rx,0,-52.6182,"0.15000 -4.90000 1.10000, 4.85000 -4.55000 0.10000"
711,0.0000,Tx-Rx,0,-52.7763,"0.15000 -4.90000 1.10000, 5.15000 -4.55000 0.10000"
712,0.0000,Tx-Rx,0,-52.6754,"0.15000 -4.90000 1.10000, 5.45000 -4.55000 0.10000"
713,0.0000,Tx-Rx,0,-52.2399,"0.15000 -4.90000 1.10000, 5.75000 -4.55000 0.10000"
714,0.0000,Tx-Rx,0,-52.2050,"0.15000 -4.90000 1.10000, 6.05000 -4.55000 0.10000"
715,0.0000,Tx-Rx,0,-52.4252,"0.15000 -4.90000 1.10000, 6.35000 -4.55000 0.10000"
716,0.0000,Tx-Rx,0,-52.0444,"0.15000 -4.90000 1.10000, 6.65000 -4.55000 0.10000"
717,0.0000,Tx-Rx,0,-51.0642,"0.15000 -4.90000 1.10000, 6.95000 -4.55000 0.10000"
718,0.0000,Tx-Rx,0,-51.0515,"0.15000 -4.90000 1.10000, 7.25000 -4.55000 0.10000"
719,0.0000,Tx-Rx,0,-51.1631,"0.15000 -4.90000 1.10000, 7.55000 -4.55000 0.10000"
720,0.0000,Tx-Rx,0,-51.2808,"0.15000 -4.90000 1.10000, 7.85000 -4.55000 0.10000"
721,0.0000,Tx-Rx,0,-113.8384,"0.15000 -4.90000 1.10000, -9.85000 -4.25000 0.10000"
722,0.0000,Tx-Rx,0,-139.2644,"0.15000 -4.90000 1.10000, -9.55000 -4.25000 0.10000"
723,0.0000,Tx-Rx,0,-131.1783,"0.15000 -4.90000 1.10000, -9.25000 -4.25000 0.10000"
724,0.0000,Tx-Rx,0,-114.5630,"0.15000 -4.90000 1.10000, -8.95000 -4.25000 0.10000"
725,0.0000,Tx-Rx,0,-99.3833,"0.15000 -4.90000 1.10000, -8.65000 -4.25000 0.10000"
726,0.0000,Tx-Rx,0,-110.4026,"0.15000 -4.90000 1.10000, -8.35000 -4.25000 0.10000"
727,0.0000,Tx-Rx,0,-81.5850,"0.15000 -4.90000 1.10000, -8.05000 -4.25000 0.10000"
728,0.0000,Tx-Rx,0,-76.0420,"0.15000 -4.90000 1.10000, -7.75000 -4.25000 0.10000"
729,0.0000,Tx-Rx,0,-76.1708,"0.15000 -4.90000 1.10000, -7.45000 -4.25000 0.10000"
730,0.0000,Tx-Rx,0,-75.8365,"0.15000 -4.90000 1.10000, -7.15000 -4.25000 0.10000"
731,0.0000,Tx-Rx,0,-75.6222,"0.15000 -4.90000 1.10000, -6.85000 -4.25000 0.10000"
732,0.0000,Tx-Rx,0,-75.8053,"0.15000 -4.90000 1.10000, -6.55000 -4.25000 0.10000"
733,0.0000,Tx-Rx,0,-75.5109,"0.15000 -4.90000 1.10000, -6.25000 -4.25000 0.10000"
734,0.0000,Tx-Rx,0,-76.4863,"0.15000 -4.90000 1.10000, -5.95000 -4.25000 0.10000"
735,0.0000,Tx-Rx,0,-75.7512,"0.15000 -4.90000 1.10000, -5.65000 -4.25000 0.10000"
736,0.0000,Tx-Rx,0,-75.0133,"0.15000 -4.90000 1.10000, -5.35000 -4.25000 0.10000"
737,0.0000,Tx-Rx,0,-75.0458,"0.15000 -4.90000 1.10000, -5.05000 -4.25000 0.10000"
738,0.0000,Tx-Rx,0,-74.4522,"0.15000 -4.90000 1.10000, -4.75000 -4.25000 0.10000"
739,0.0000,Tx-Rx,0,-73.8928,"0.15000 -4.90000 1.10000, -4.45000 -4.25000 0.10000"
740,0.0000,Tx-Rx,0,-73.4286,"0.15000 -4.90000 1.10000, -4.15000 -4.25000 0.10000"
741,0.0000,Tx-Rx,0,-73.1002,"0.15000 -4.90000 1.10000, -3.85000 -4.25000 0.10000"
742,0.0000,Tx-Rx,0,-72.5234,"0.15000 -4.90000 1.10000, -3.55000 -4.25000 0.10000"
743,0.0000,Tx-Rx,0,-72.0906,"0.15000 -4.90000 1.10000, -3.25000 -4.25000 0.10000"
744,0.0000,Tx-Rx,0,-71.1992,"0.15000 -4.90000 1.10000, -2.95000 -4.25000 0.10000"
745,0.0000,Tx-Rx,0,-70.6366,"0.15000 -4.90000 1.10000, -2.65000 -4.25000 0.10000"
746,0.0000,Tx-Rx,0,-70.0479,"0.15000 -4.90000 1.10000, -2.35000 -4.25000 0.10000"
747,0.0000,Tx-Rx,0,-75.6290,"0.15000 -4.90000 1.10000, -2.05000 -4.25000 0.10000"
748,0.0000,Tx-Rx,0,-75.0651,"0.15000 -4.90000 1.10000, -1.75000 -4.25000 0.10000"
749,0.0000,Tx-Rx,0,-74.5794,"0.15000 -4.90000 1.10000, -1.45000 -4.25000 0.10000"
750,0.0000,Tx-Rx,0,-74.0142,"0.15000 -4.90000 1.10000, -1.15000 -4.25000 0.10000"
751,0.0000,Tx-Rx,0,-73.2210,"0.15000 -4.90000 1.10000, -0.85000 -4.25000 0.10000"
752,0.0000,Tx-Rx,0,-72.2095,"0.15000 -4.90000 1.10000, -0.55000 -4.25000 0.10000"
753,0.0000,Tx-Rx,0,-72.7626,"0.15000 -4.90000 1.10000, -0.25000 -4.25000 0.10000"
754,0.0000,Tx-Rx,0,-44.1743,"0.15000 -4.90000 1.10000, 0.05000 -4.25000 0.10000"
755,0.0000,Tx-Rx,0,-43.1534,"0.15000 -4.90000 1.10000, 0.35000 -4.25000 0.10000"
756,0.0000,Tx-Rx,0,-43.7546,"0.15000 -4.90000 1.10000, 0.65000 -4.25000 0.10000"
757,0.0000,Tx-Rx,0,-44.8820,"0.15000 -4.90000 1.10000, 0.95000 -4.25000 0.10000"
758,0.0000,Tx-Rx,0,-45.6263,"0.15000 -4.90000 1.10000, 1.25000 -4.25000 0.10000"
759,0.0000,Tx-Rx,0,-46.2874,"0.15000 -4.90000 1.10000, 1.55000 -4.25000 0.10000"
760,0.0000,Tx-Rx,0,-46.5077,"0.15000 -4.90000 1.10000, 1.85000 -4.25000 0.10000"
761,0.0000,Tx-Rx,0,-46.8156,"0.15000 -4.90000 1.10000, 2.15000 -4.25000 0.10000"
762,0.0000,Tx-Rx,0,-44.7540,"0.15000 -4.90000 1.10000, 2.45000 -4.25000 0.10000"
763,0.0000,Tx-Rx,0,-51.7788,"0.15000 -4.90000 1.10000, 2.75000 -4.25000 0.10000"
764,0.0000,Tx-Rx,0,-52.3321,"0.15000 -4.90000 1.10000, 3.05000 -4.25000 0.10000"
765,0.0000,Tx-Rx,0,-52.9211,"0.15000 -4.90000 1.10000, 3.35000 -4.25000 0.10000"
766,0.0000,Tx-Rx,0,-53.4998,"0.15000 -4.90000 1.10000, 3.65000 -4.25000 0.10000"
767,0.0000,Tx-Rx,0,-53.0854,"0.15000 -4.90000 1.10000, 3.95000 -4.25000 0.10000"
768,0.0000,Tx-Rx,0,-53.7045,"0.15000 -4.90000 1.10000, 4.25000 -4.25000 0.10000"
769,0.0000,Tx-Rx,0,-58.8364,"0.15000 -4.90000 1.10000, 4.55000 -4.25000 0.10000"
770,0.0000,Tx-Rx,0,-57.2808,"0.15000 -4.90000 1.10000, 4.85000 -4.25000 0.10000"
771,0.0000,Tx-Rx,0,-58.2266,"0.15000 -4.90000 1.10000, 5.15000 -4.25000 0.10000"
772,0.0000,Tx-Rx,0,-61.4991,"0.15000 -4.90000 1.10000, 5.45000 -4.25000 0.10000"
773,0.0000,Tx-Rx,0,-60.5294,"0.15000 -4.90000 1.10000, 5.75000 -4.25000 0.10000"
774,0.0000,Tx-Rx,0,-59.1131,"0.15000 -4.90000 1.10000, 6.05000 -4.25000 0.10000"
775,0.0000,Tx-Rx,0,-60.5527,"0.15000 -4.90000 1.10000, 6.35000 -4.25000 0.10000"
776,0.0000,Tx-Rx,0,-60.4278,"0.15000 -4.90000 1.10000, 6.65000 -4.25000 0.10000"
777,0.0000,Tx-Rx,0,-59.8246,"0.15000 -4.90000 1.10000, 6.95000 -4.25000 0.10000"
778,0.0000,Tx-Rx,0,-59.7295,"0.15000 -4.90000 1.10000, 7.25000 -4.25000 0.10000"
779,0.0000,Tx-Rx,0,-59.9760,"0.15000 -4.90000 1.10000, 7.55000 -4.25000 0.10000"
780,0.0000,Tx-Rx,0,-60.2200,"0.15000 -4.90000 1.10000, 7.85000 -4.25000 0.10000"
781,0.0000,Tx-Rx,0,-113.6839,"0.15000 -4.90000 1.10000, -9.85000 -3.95000 0.10000"
782,0.0000,Tx-Rx,0,-119.1229,"0.15000 -4.90000 1.10000, -9.55000 -3.95000 0.10000"
783,0.0000,Tx-Rx,0,-99.1933,"0.15000 -4.90000 1.10000, -9.25000 -3.95000 0.10000"
784,0.0000,Tx-Rx,0,-102.3783,"0.15000 -4.90000 1.10000, -8.95000 -3.95000 0.10000"
785,0.0000,Tx-Rx,0,-101.7216,"0.15000 -4.90000 1.10000, -8.65000 -3.95000 0.10000"
786,0.0000,Tx-Rx,0,-108.6068,"0.15000 -4.90000 1.10000, -8.35000 -3.95000 0.10000"
787,0.0000,Tx-Rx,0,-81.3569,"0.15000 -4.90000 1.10000, -8.05000 -3.95000 0.10000"
788,0.0000,Tx-Rx,0,-76.6601,"0.15000 -4.90000 1.10000, -7.75000 -3.95000 0.10000"
789,0.0000,Tx-Rx,0,-76.4951,"0.15000 -4.90000 1.10000, -7.45000 -3.95000 0.10000"
790,0.0000,Tx-Rx,0,-76.3615,"0.15000 -4.90000 1.10000, -7.15000 -3.95000 0.10000"
791,0.0000,Tx-Rx,0,-76.3170,"0.15000 -4.90000 1.10000, -6.85000 -3.95000 0.10000"
792,0.0000,Tx-Rx,0,-75.7092,"0.15000 -4.90000 1.10000, -6.55000 -3.95000 0.10000"
793,0.0000,Tx-Rx,0,-75.1674,"0.15000 -4.90000 1.10000, -6.25000 -3.95000 0.10000"
794,0.0000,Tx-Rx,0,-75.7508,"0.15000 -4.90000 1.10000, -5.95000 -3.95000 0.10000"
795,0.0000,Tx-Rx,0,-75.3362,"0.15000 -4.90000 1.10000, -5.65000 -3.95000 0.10000"
796,0.0000,Tx-Rx,0,-75.4265,"0.15000 -4.90000 1.10000, -5.35000 -3.95000 0.10000"
797,0.0000,Tx-Rx,0,-74.3970,"0.15000 -4.90000 1.10000, -5.05000 -3.95000 0.10000"
798,0.0000,Tx-Rx,0,-74.3830,"0.15000 -4.90000 1.10000, -4.75000 -3.95000 0.10000"
799,0.0000,Tx-Rx,0,-74.0454,"0.15000 -4.90000 1.10000, -4.45000 -3.95000 0.10000"
800,0.0000,Tx-Rx,0,-73.5788,"0.15000 -4.90000 1.10000, -4.15000 -3.95000 0.10000"
801,0.0000,Tx-Rx,0,-73.7055,"0.15000 -4.90000 1.10000, -3.85000 -3.95000 0.10000"
802,0.0000,Tx-Rx,0,-73.1008,"0.15000 -4.90000 1.10000, -3.55000 -3.95000 0.10000"
803,0.0000,Tx-Rx,0,-72.0128,"0.15000 -4.90000 1.10000, -3.25000 -3.95000 0.10000"
804,0.0000,Tx-Rx,0,-71.3107,"0.15000 -4.90000 1.10000, -2.95000 -3.95000 0.10000"
805,0.0000,Tx-Rx,0,-71.4550,"0.15000 -4.90000 1.10000, -2.65000 -3.95000 0.10000"
806,0.0000,Tx-Rx,0,-70.6238,"0.15000 -4.90000 1.10000, -2.35000 -3.95000 0.10000"
807,0.0000,Tx-Rx,0,-76.3944,"0.15000 -4.90000 1.10000, -2.05000 -3.95000 0.10000"
808,0.0000,Tx-Rx,0,-75.6027,"0.15000 -4.90000 1.10000, -1.75000 -3.95000 0.10000"
809,0.0000,Tx-Rx,0,-75.5048,"0.15000 -4.90000 1.10000, -1.45000 -3.95000 0.10000"
810,0.0000,Tx-Rx,0,-75.1431,"0.15000 -4.90000 1.10000, -1.15000 -3.95000 0.10000"
811,0.0000,Tx-Rx,0,-74.9783,"0.15000 -4.90000 1.10000, -0.85000 -3.95000 0.10000"
812,0.0000,Tx-Rx,0,-74.3447,"0.15000 -4.90000 1.10000, -0.55000 -3.95000 0.10000"
813,0.0000,Tx-Rx,0,-74.7361,"0.15000 -4.90000 1.10000, -0.25000 -3.95000 0.10000"
814,0.0000,Tx-Rx,0,-45.4006,"0.15000 -4.90000 1.10000, 0.05000 -3.95000 0.10000"
815,0.0000,Tx-Rx,0,-44.2015,"0.15000 -4.90000 1.10000, 0.35000 -3.95000 0.10000"
816,0.0000,Tx-Rx,0,-44.9480,"0.15000 -4.90000 1.10000, 0.65000 -3.95000 0.10000"
817,0.0000,Tx-Rx,0,-45.7933,"0.15000 -4.90000 1.10000, 0.95000 -3.95000 0.10000"
818,0.0000,Tx-Rx,0,-46.4582,"0.15000 -4.90000 1.10000, 1.25000 -3.95000 0.10000"
819,0.0000,Tx-Rx,0,-46.8442,"0.15000 -4.90000 1.10000, 1.55000 -3.95000 0.10000"
820,0.0000,Tx-Rx,0,-46.8165,"0.15000 -4.90000 1.10000, 1.85000 -3.95000 0.10000"
821,0.0000,Tx-Rx,0,-47.1186,"0.15000 -4.90000 1.10000, 2.15000 -3.95000 0.10000"
822,0.0000,Tx-Rx,0,-44.5989,"0.15000 -4.90000 1.10000, 2.45000 -3.95000 0.10000"
823,0.0000,Tx-Rx,0,-48.6925,"0.15000 -4.90000 1.10000, 2.75000 -3.95000 0.10000"
824,0.0000,Tx-Rx,0,-51.6499,"0.15000 -4.90000 1.10000, 3.05000 -3.95000 0.10000"
825,0.0000,Tx-Rx,0,-50.3576,"0.15000 -4.90000 1.10000, 3.35000 -3.95000 0.10000"
826,0.0000,Tx-Rx,0,-50.5232,"0.15000 -4.90000 1.10000, 3.65000 -3.95000 0.10000"
827,0.0000,Tx-Rx,0,-51.3297,"0.15000 -4.90000 1.10000, 3.95000 -3.95000 0.10000"
828,0.0000,Tx-Rx,0,-51.7397,"0.15000 -4.90000 1.10000, 4.25000 -3.95000 0.10000"
829,0.0000,Tx-Rx,0,-52.7495,"0.15000 -4.90000 1.10000, 4.55000 -3.95000 0.10000"
830,0.0000,Tx-Rx,0,-52.8114,"0.15000 -4.90000 1.10000, 4.85000 -3.95000 0.10000"
831,0.0000,Tx-Rx,0,-55.9406,"0.15000 -4.90000 1.10000, 5.15000 -3.95000 0.10000"
832,0.0000,Tx-Rx,0,-61.5639,"0.15000 -4.90000 1.10000, 5.45000 -3.95000 0.10000"
833,0.0000,Tx-Rx,0,-59.8348,"0.15000 -4.90000 1.10000, 5.75000 -3.95000 0.10000"
834,0.0000,Tx-Rx,0,-59.8248,"0.15000 -4.90000 1.10000, 6.05000 -3.95000 0.10000"
835,0.0000,Tx-Rx,0,-61.9145,"0.15000 -4.90000 1.10000, 6.35000 -3.95000 0.10000"
836,0.0000,Tx-Rx,0,-62.7957,"0.15000 -4.90000 1.10000, 6.65000 -3.95000 0.10000"
837,0.0000,Tx-Rx,0,-61.2848,"0.15000 -4.90000 1.10000, 6.95000 -3.95000 0.10000"
838,0.0000,Tx-Rx,0,-60.9800,"0.15000 -4.90000 1.10000, 7.25000 -3.95000 0.10000"
839,0.0000,Tx-Rx,0,-60.9475,"0.15000 -4.90000 1.10000, 7.55000 -3.95000 0.10000"
840,0.0000,Tx-Rx,0,-60.9210,"0.15000 -4.90000 1.10000, 7.85000 -3.95000 0.10000"
841,0.0000,Tx-Rx,0,-132.8621,"0.15000 -4.90000 1.10000, -9.85000 -3.65000 0.10000"
842,0.0000,Tx-Rx,0,-101.7629,"0.15000 -4.90000 1.10000, -9.55000 -3.65000 0.10000"
843,0.0000,Tx-Rx,0,-128.5606,"0.15000 -4.90000 1.10000, -9.25000 -3.65000 0.10000"
844,0.0000,Tx-Rx,0,-96.3963,"0.15000 -4.90000 1.10000, -8.95000 -3.65000 0.10000"
845,0.0000,Tx-Rx,0,-114.0215,"0.15000 -4.90000 1.10000, -8.65000 -3.65000 0.10000"
846,0.0000,Tx-Rx,0,-109.7242,"0.15000 -4.90000 1.10000, -8.35000 -3.65000 0.10000"
847,0.0000,Tx-Rx,0,-80.3202,"0.15000 -4.90000 1.10000, -8.05000 -3.65000 0.10000"
848,0.0000,Tx-Rx,0,-76.3180,"0.15000 -4.90000 1.10000, -7.75000 -3.65000 0.10000"
849,0.0000,Tx-Rx,0,-77.0616,"0.15000 -4.90000 1.10000, -7.45000 -3.65000 0.10000"
850,0.0000,Tx-Rx,0,-76.4287,"0.15000 -4.90000 1.10000, -7.15000 -3.65000 0.10000"
851,0.0000,Tx-Rx,0,-75.8751,"0.15000 -4.90000 1.10000, -6.85000 -3.65000 0.10000"
852,0.0000,Tx-Rx,0,-77.1478,"0.15000 -4.90000 1.10000, -6.55000 -3.65000 0.10000"
853,0.0000,Tx-Rx,0,-75.6012,"0.15000 -4.90000 1.10000, -6.25000 -3.65000 0.10000"
854,0.0000,Tx-Rx,0,-75.3991,"0.15000 -4.90000 1.10000, -5.95000 -3.65000 0.10000"
855,0.0000,Tx-Rx,0,-75.2586,"0.15000 -4.90000 1.10000, -5.65000 -3.65000 0.10000"
856,0.0000,Tx-Rx,0,-75.3796,"0.15000 -4.90000 1.10000, -5.35000 -3.65000 0.10000"
857,0.0000,Tx-Rx,0,-75.2383,"0.15000 -4.90000 1.10000, -5.05000 -3.65000 0.10000"
858,0.0000,Tx-Rx,0,-74.8279,"0.15000 -4.90000 1.10000, -4.75000 -3.65000 0.10000"
859,0.0000,Tx-Rx,0,-74.0021,"0.15000 -4.90000 1.10000, -4.45000 -3.65000 0.10000"
860,0.0000,Tx-Rx,0,-74.4713,"0.15000 -4.90000 1.10000, -4.15000 -3.65000 0.10000"
861,0.0000,Tx-Rx,0,-73.0955,"0.15000 -4.90000 1.10000, -3.85000 -3.65000 0.10000"
862,0.0000,Tx-Rx,0,-73.3824,"0.15000 -4.90000 1.10000, -3.55000 -3.65000 0.10000"
863,0.0000,Tx-Rx,0,-72.5370,"0.15000 -4.90000 1.10000, -3.25000 -3.65000 0.10000"
864,0.0000,Tx-Rx,0,-72.2663,"0.15000 -4.90000 1.10000, -2.95000 -3.65000 0.10000"
865,0.0000,Tx-Rx,0,-71.6580,"0.15000 -4.90000 1.10000, -2.65000 -3.65000 0.10000"
866,0.0000,Tx-Rx,0,-70.9804,"0.15000 -4.90000 1.10000, -2.35000 -3.65000 0.10000"
867,0.0000,Tx-Rx,0,-77.1053,"0.15000 -4.90000 1.10000, -2.05000 -3.65000 0.10000"
868,0.0000,Tx-Rx,0,-76.3313,"0.15000 -4.90000 1.10000, -1.75000 -3.65000 0.10000"
869,0.0000,Tx-Rx,0,-76.8117,"0.15000 -4.90000 1.10000, -1.45000 -3.65000 0.10000"
870,0.0000,Tx-Rx,0,-76.7363,"0.15000 -4.90000 1.10000, -1.15000 -3.65000 0.10000"
871,0.0000,Tx-Rx,0,-76.8794,"0.15000 -4.90000 1.10000, -0.85000 -3.65000 0.10000"
872,0.0000,Tx-Rx,0,-76.2676,"0.15000 -4.90000 1.10000, -0.55000 -3.65000 0.10000"
873,0.0000,Tx-Rx,0,-75.7795,"0.15000 -4.90000 1.10000, -0.25000 -3.65000 0.10000"
874,0.0000,Tx-Rx,0,-46.9194,"0.15000 -4.90000 1.10000, 0.05000 -3.65000 0.10000"
875,0.0000,Tx-Rx,0,-45.5416,"0.15000 -4.90000 1.10000, 0.35000 -3.65000 0.10000"
876,0.0000,Tx-Rx,0,-46.1279,"0.15000 -4.90000 1.10000, 0.65000 -3.65000 0.10000"
877,0.0000,Tx-Rx,0,-46.8361,"0.15000 -4.90000 1.10000, 0.95000 -3.65000 0.10000"
878,0.0000,Tx-Rx,0,-47.1712,"0.15000 -4.90000 1.10000, 1.25000 -3.65000 0.10000"
879,0.0000,Tx-Rx,0,-47.5395,"0.15000 -4.90000 1.10000, 1.55000 -3.65000 0.10000"
880,0.0000,Tx-Rx,0,-47.6782,"0.15000 -4.90000 1.10000, 1.85000 -3.65000 0.10000"
881,0.0000,Tx-Rx,0,-47.7661,"0.15000 -4.90000 1.10000, 2.15000 -3.65000 0.10000"
882,0.0000,Tx-Rx,0,-44.2730,"0.15000 -4.90000 1.10000, 2.45000 -3.65000 0.10000"
883,0.0000,Tx-Rx,0,-44.5781,"0.15000 -4.90000 1.10000, 2.75000 -3.65000 0.10000"
884,0.0000,Tx-Rx,0,-45.1509,"0.15000 -4.90000 1.10000, 3.05000 -3.65000 0.10000"
885,0.0000,Tx-Rx,0,-46.7790,"0.15000 -4.90000 1.10000, 3.35000 -3.65000 0.10000"
886,0.0000,Tx-Rx,0,-48.6774,"0.15000 -4.90000 1.10000, 3.65000 -3.65000 0.10000"
887,0.0000,Tx-Rx,0,-49.9749,"0.15000 -4.90000 1.10000, 3.95000 -3.65000 0.10000"
888,0.0000,Tx-Rx,0,-50.3970,"0.15000 -4.90000 1.10000, 4.25000 -3.65000 0.10000"
889,0.0000,Tx-Rx,0,-50.8679,"0.15000 -4.90000 1.10000, 4.55000 -3.65000 0.10000"
890,0.0000,Tx-Rx,0,-51.5640,"0.15000 -4.90000 1.10000, 4.85000 -3.65000 0.10000"
891,0.0000,Tx-Rx,0,-55.2293,"0.15000 -4.90000 1.10000, 5.15000 -3.65000 0.10000"
892,0.0000,Tx-Rx,0,-64.4545,"0.15000 -4.90000 1.10000, 5.45000 -3.65000 0.10000"
893,0.0000,Tx-Rx,0,-61.5936,"0.15000 -4.90000 1.10000, 5.75000 -3.65000 0.10000"
894,0.0000,Tx-Rx,0,-61.7585,"0.15000 -4.90000 1.10000, 6.05000 -3.65000 0.10000"
895,0.0000,Tx-Rx,0,-62.3656,"0.15000 -4.90000 1.10000, 6.35000 -3.65000 0.10000"
896,0.0000,Tx-Rx,0,-63.7927,"0.15000 -4.90000 1.10000, 6.65000 -3.65000 0.10000"
897,0.0000,Tx-Rx,0,-63.6091,"0.15000 -4.90000 1.10000, 6.95000 -3.65000 0.10000"
898,0.0000,Tx-Rx,0,-62.5798,"0.15000 -4.90000 1.10000, 7.25000 -3.65000 0.10000"
899,0.0000,Tx-Rx,0,-62.0267,"0.15000 -4.90000 1.10000, 7.55000 -3.65000 0.10000"
900,0.0000,Tx-Rx,0,-61.9047,"0.15000 -4.90000 1.10000, 7.85000 -3.65000 0.10000"
901,0.0000,Tx-Rx,0,-115.3062,"0.15000 -4.90000 1.10000, -9.85000 -3.35000 0.10000"
902,0.0000,Tx-Rx,0,-103.8249,"0.15000 -4.90000 1.10000, -9.55000 -3.35000 0.10000"
903,0.0000,Tx-Rx,0,-121.7773,"0.15000 -4.90000 1.10000, -9.25000 -3.35000 0.10000"
904,0.0000,Tx-Rx,0,-127.2676,"0.15000 -4.90000 1.10000, -8.95000 -3.35000 0.10000"
905,0.0000,Tx-Rx,0,-113.4865,"0.15000 -4.90000 1.10000, -8.65000 -3.35000 0.10000"
906,0.0000,Tx-Rx,0,-99.1931,"0.15000 -4.90000 1.10000, -8.35000 -3.35000 0.10000"
907,0.0000,Tx-Rx,0,-81.2126,"0.15000 -4.90000 1.10000, -8.05000 -3.35000 0.10000"
908,0.0000,Tx-Rx,0,-77.7218,"0.15000 -4.90000 1.10000, -7.75000 -3.35000 0.10000"
909,0.0000,Tx-Rx,0,-77.8847,"0.15000 -4.90000 1.10000, -7.45000 -3.35000 0.10000"
910,0.0000,Tx-Rx,0,-77.2840,"0.15000 -4.90000 1.10000, -7.15000 -3.35000 0.10000"
911,0.0000,Tx-Rx,0,-77.2055,"0.15000 -4.90000 1.10000, -6.85000 -3.35000 0.10000"
912,0.0000,Tx-Rx,0,-75.8510,"0.15000 -4.90000 1.10000, -6.55000 -3.35000 0.10000"
913,0.0000,Tx-Rx,0,-76.3160,"0.15000 -4.90000 1.10000, -6.25000 -3.35000 0.10000"
914,0.0000,Tx-Rx,0,-74.9384,"0.15000 -4.90000 1.10000, -5.95000 -3.35000 0.10000"
915,0.0000,Tx-Rx,0,-75.3408,"0.15000 -4.90000 1.10000, -5.65000 -3.35000 0.10000"
916,0.0000,Tx-Rx,0,-75.6018,"0.15000 -4.90000 1.10000, -5.35000 -3.35000 0.10000"
917,0.0000,Tx-Rx,0,-75.2646,"0.15000 -4.90000 1.10000, -5.05000 -3.35000 0.10000"
918,0.0000,Tx-Rx,0,-75.5948,"0.15000 -4.90000 1.10000, -4.75000 -3.35000 0.10000"
919,0.0000,Tx-Rx,0,-74.6195,"0.15000 -4.90000 1.10000, -4.45000 -3.35000 0.10000"
920,0.0000,Tx-Rx,0,-74.3112,"0.15000 -4.90000 1.10000, -4.15000 -3.35000 0.10000"
921,0.0000,Tx-Rx,0,-73.8996,"0.15000 -4.90000 1.10000, -3.85000 -3.35000 0.10000"
922,0.0000,Tx-Rx,0,-73.5357,"0.15000 -4.90000 1.10000, -3.55000 -3.35000 0.10000"
923,0.0000,Tx-Rx,0,-73.0549,"0.15000 -4.90000 1.10000, -3.25000 -3.35000 0.10000"
924,0.0000,Tx-Rx,0,-72.2628,"0.15000 -4.90000 1.10000, -2.95000 -3.35000 0.10000"
925,0.0000,Tx-Rx,0,-72.1757,"0.15000 -4.90000 1.10000, -2.65000 -3.35000 0.10000"
926,0.0000,Tx-Rx,0,-71.6519,"0.15000 -4.90000 1.10000, -2.35000 -3.35000 0.10000"
927,0.0000,Tx-Rx,0,-77.9722,"0.15000 -4.90000 1.10000, -2.05000 -3.35000 0.10000"
928,0.0000,Tx-Rx,0,-77.6430,"0.15000 -4.90000 1.10000, -1.75000 -3.35000 0.10000"
929,0.0000,Tx-Rx,0,-77.8271,"0.15000 -4.90000 1.10000, -1.45000 -3.35000 0.10000"
930,0.0000,Tx-Rx,0,-78.4489,"0.15000 -4.90000 1.10000, -1.15000 -3.35000 0.10000"
931,0.0000,Tx-Rx,0,-78.8362,"0.15000 -4.90000 1.10000, -0.85000 -3.35000 0.10000"
932,0.0000,Tx-Rx,0,-77.9435,"0.15000 -4.90000 1.10000, -0.55000 -3.35000 0.10000"
933,0.0000,Tx-Rx,0,-76.3646,"0.15000 -4.90000 1.10000, -0.25000 -3.35000 0.10000"
934,0.0000,Tx-Rx,0,-48.4391,"0.15000 -4.90000 1.10000, 0.05000 -3.35000 0.10000"
935,0.0000,Tx-Rx,0,-46.9382,"0.15000 -4.90000 1.10000, 0.35000 -3.35000 0.10000"
936,0.0000,Tx-Rx,0,-47.3157,"0.15000 -4.90000 1.10000, 0.65000 -3.35000 0.10000"
937,0.0000,Tx-Rx,0,-47.8291,"0.15000 -4.90000 1.10000, 0.95000 -3.35000 0.10000"
938,0.0000,Tx-Rx,0,-48.1992,"0.15000 -4.90000 1.10000, 1.25000 -3.35000 0.10000"
939,0.0000,Tx-Rx,0,-49.0614,"0.15000 -4.90000 1.10000, 1.55000 -3.35000 0.10000"
940,0.0000,Tx-Rx,0,-48.7685,"0.15000 -4.90000 1.10000, 1.85000 -3.35000 0.10000"
941,0.0000,Tx-Rx,0,-48.6763,"0.15000 -4.90000 1.10000, 2.15000 -3.35000 0.10000"
942,0.0000,Tx-Rx,0,-44.6899,"0.15000 -4.90000 1.10000, 2.45000 -3.35000 0.10000"
943,0.0000,Tx-Rx,0,-47.5607,"0.15000 -4.90000 1.10000, 2.75000 -3.35000 0.10000"
944,0.0000,Tx-Rx,0,-48.0705,"0.15000 -4.90000 1.10000, 3.05000 -3.35000 0.10000"
945,0.0000,Tx-Rx,0,-48.6409,"0.15000 -4.90000 1.10000, 3.35000 -3.35000 0.10000"
946,0.0000,Tx-Rx,0,-49.2197,"0.15000 -4.90000 1.10000, 3.65000 -3.35000 0.10000"
947,0.0000,Tx-Rx,0,-50.4286,"0.15000 -4.90000 1.10000, 3.95000 -3.35000 0.10000"
948,0.0000,Tx-Rx,0,-50.7561,"0.15000 -4.90000 1.10000, 4.25000 -3.35000 0.10000"
949,0.0000,Tx-Rx,0,-51.2547,"0.15000 -4.90000 1.10000, 4.55000 -3.35000 0.10000"
950,0.0000,Tx-Rx,0,-52.2281,"0.15000 -4.90000 1.10000, 4.85000 -3.35000 0.10000"
951,0.0000,Tx-Rx,0,-55.2201,"0.15000 -4.90000 1.10000, 5.15000 -3.35000 0.10000"
952,0.0000,Tx-Rx,0,-62.2399,"0.15000 -4.90000 1.10000, 5.45000 -3.35000 0.10000"
953,0.0000,Tx-Rx,0,-61.4757,"0.15000 -4.90000 1.10000, 5.75000 -3.35000 0.10000"
954,0.0000,Tx-Rx,0,-61.8147,"0.15000 -4.90000 1.10000, 6.05000 -3.35000 0.10000"
955,0.0000,Tx-Rx,0,-62.7393,"0.15000 -4.90000 1.10000, 6.35000 -3.35000 0.10000"
956,0.0000,Tx-Rx,0,-64.7426,"0.15000 -4.90000 1.10000, 6.65000 -3.35000 0.10000"
957,0.0000,Tx-Rx,0,-64.2463,"0.15000 -4.90000 1.10000, 6.95000 -3.35000 0.10000"
958,0.0000,Tx-Rx,0,-65.5109,"0.15000 -4.90000 1.10000, 7.25000 -3.35000 0.10000"
959,0.0000,Tx-Rx,0,-65.0555,"0.15000 -4.90000 1.10000, 7.55000 -3.35000 0.10000"
960,0.0000,Tx-Rx,0,-63.0531,"0.15000 -4.90000 1.10000, 7.85000 -3.35000 0.10000"
961,0.0000,Tx-Rx,0,-93.8505,"0.15000 -4.90000 1.10000, -9.85000 -3.05000 0.10000"
962,0.0000,Tx-Rx,0,-92.9107,"0.15000 -4.90000 1.10000, -9.55000 -3.05000 0.10000"
963,0.0000,Tx-Rx,0,-89.5670,"0.15000 -4.90000 1.10000, -9.25000 -3.05000 0.10000"
964,0.0000,Tx-Rx,0,-90.2506,"0.15000 -4.90000 1.10000, -8.95000 -3.05000 0.10000"
965,0.0000,Tx-Rx,0,-93.0492,"0.15000 -4.90000 1.10000, -8.65000 -3.05000 0.10000"
966,0.0000,Tx-Rx,0,-86.4562,"0.15000 -4.90000 1.10000, -8.35000 -3.05000 0.10000"
967,0.0000,Tx-Rx,0,-81.0267,"0.15000 -4.90000 1.10000, -8.05000 -3.05000 0.10000"
968,0.0000,Tx-Rx,0,-77.9230,"0.15000 -4.90000 1.10000, -7.75000 -3.05000 0.10000"
969,0.0000,Tx-Rx,0,-76.3929,"0.15000 -4.90000 1.10000, -7.45000 -3.05000 0.10000"
970,0.0000,Tx-Rx,0,-76.9230,"0.15000 -4.90000 1.10000, -7.15000 -3.05000 0.10000"
971,0.0000,Tx-Rx,0,-76.9034,"0.15000 -4.90000 1.10000, -6.85000 -3.05000 0.10000"
972,0.0000,Tx-Rx,0,-76.2327,"0.15000 -4.90000 1.10000, -6.55000 -3.05000 0.10000"
973,0.0000,Tx-Rx,0,-75.9712,"0.15000 -4.90000 1.10000, -6.25000 -3.05000 0.10000"
974,0.0000,Tx-Rx,0,-76.6706,"0.15000 -4.90000 1.10000, -5.95000 -3.05000 0.10000"
975,0.0000,Tx-Rx,0,-76.0155,"0.15000 -4.90000 1.10000, -5.65000 -3.05000 0.10000"
976,0.0000,Tx-Rx,0,-75.6087,"0.15000 -4.90000 1.10000, -5.35000 -3.05000 0.10000"
977,0.0000,Tx-Rx,0,-74.8818,"0.15000 -4.90000 1.10000, -5.05000 -3.05000 0.10000"
978,0.0000,Tx-Rx,0,-75.6188,"0.15000 -4.90000 1.10000, -4.75000 -3.05000 0.10000"
979,0.0000,Tx-Rx,0,-74.6985,"0.15000 -4.90000 1.10000, -4.45000 -3.05000 0.10000"
980,0.0000,Tx-Rx,0,-74.6739,"0.15000 -4.90000 1.10000, -4.15000 -3.05000 0.10000"
981,0.0000,Tx-Rx,0,-74.4491,"0.15000 -4.90000 1.10000, -3.85000 -3.05000 0.10000"
982,0.0000,Tx-Rx,0,-73.7107,"0.15000 -4.90000 1.10000, -3.55000 -3.05000 0.10000"
983,0.0000,Tx-Rx,0,-73.6524,"0.15000 -4.90000 1.10000, -3.25000 -3.05000 0.10000"
984,0.0000,Tx-Rx,0,-73.3470,"0.15000 -4.90000 1.10000, -2.95000 -3.05000 0.10000"
985,0.0000,Tx-Rx,0,-72.8824,"0.15000 -4.90000 1.10000, -2.65000 -3.05000 0.10000"
986,0.0000,Tx-Rx,0,-72.2221,"0.15000 -4.90000 1.10000, -2.35000 -3.05000 0.10000"
987,0.0000,Tx-Rx,0,-78.4449,"0.15000 -4.90000 1.10000, -2.05000 -3.05000 0.10000"
988,0.0000,Tx-Rx,0,-79.1055,"0.15000 -4.90000 1.10000, -1.75000 -3.05000 0.10000"
989,0.0000,Tx-Rx,0,-78.1718,"0.15000 -4.90000 1.10000, -1.45000 -3.05000 0.10000"
990,0.0000,Tx-Rx,0,-79.8937,"0.15000 -4.90000 1.10000, -1.15000 -3.05000 0.10000"
991,0.0000,Tx-Rx,0,-80.4840,"0.15000 -4.90000 1.10000, -0.85000 -3.05000 0.10000"
992,0.0000,Tx-Rx,0,-79.3676,"0.15000 -4.90000 1.10000, -0.55000 -3.05000 0.10000"
993,0.0000,Tx-Rx,0,-76.5216,"0.15000 -4.90000 1.10000, -0.25000 -3.05000 0.10000"
994,0.0000,Tx-Rx,0,-49.8612,"0.15000 -4.90000 1.10000, 0.05000 -3.05000 0.10000"
995,0.0000,Tx-Rx,0,-48.6553,"0.15000 -4.90000 1.10000, 0.35000 -3.05000 0.10000"
996,0.0000,Tx-Rx,0,-49.1990,"0.15000 -4.90000 1.10000, 0.65000 -3.05000 0.10000"
997,0.0000,Tx-Rx,0,-49.0971,"0.15000 -4.90000 1.10000, 0.95000 -3.05000 0.10000"
998,0.0000,Tx-Rx,0,-49.0158,"0.15000 -4.90000 1.10000, 1.25000 -3.05000 0.10000"
999,0.0000,Tx-Rx,0,-49.8155,"0.15000 -4.90000 1.10000, 1.55000 -3.05000 0.10000"
1000,0.0000,Tx-Rx,0,-49.0834,"0.15000 -4.90000 1.10000, 1.85000 -3.05000 0.10000"
1001,0.0000,Tx-Rx,0,-47.8685,"0.15000 -4.90000 1.10000, 2.15000 -3.05000 0.10000"
1002,0.0000,Tx-Rx,0,-45.2142,"0.15000 -4.90000 1.10000, 2.45000 -3.05000 0.10000"
1003,0.0000,Tx-Rx,0,-62.1059,"0.15000 -4.90000 1.10000, 2.75000 -3.05000 0.10000"
1004,0.0000,Tx-Rx,0,-60.0506,"0.15000 -4.90000 1.10000, 3.05000 -3.05000 0.10000"
1005,0.0000,Tx-Rx,0,-58.8650,"0.15000 -4.90000 1.10000, 3.35000 -3.05000 0.10000"
1006,0.0000,Tx-Rx,0,-59.0470,"0.15000 -4.90000 1.10000, 3.65000 -3.05000 0.10000"
1007,0.0000,Tx-Rx,0,-59.1558,"0.15000 -4.90000 1.10000, 3.95000 -3.05000 0.10000"
1008,0.0000,Tx-Rx,0,-59.2042,"0.15000 -4.90000 1.10000, 4.25000 -3.05000 0.10000"
1009,0.0000,Tx-Rx,0,-59.5506,"0.15000 -4.90000 1.10000, 4.55000 -3.05000 0.10000"
1010,0.0000,Tx-Rx,0,-60.0716,"0.15000 -4.90000 1.10000, 4.85000 -3.05000 0.10000"
1011,0.0000,Tx-Rx,0,-61.2450,"0.15000 -4.90000 1.10000, 5.15000 -3.05000 0.10000"
1012,0.0000,Tx-Rx,0,-61.8861,"0.15000 -4.90000 1.10000, 5.45000 -3.05000 0.10000"
1013,0.0000,Tx-Rx,0,-59.9399,"0.15000 -4.90000 1.10000, 5.75000 -3.05000 0.10000"
1014,0.0000,Tx-Rx,0,-60.0401,"0.15000 -4.90000 1.10000, 6.05000 -3.05000 0.10000"
1015,0.0000,Tx-Rx,0,-62.6007,"0.15000 -4.90000 1.10000, 6.35000 -3.05000 0.10000"
1016,0.0000,Tx-Rx,0,-64.4900,"0.15000 -4.90000 1.10000, 6.65000 -3.05000 0.10000"
1017,0.0000,Tx-Rx,0,-64.4087,"0.15000 -4.90000 1.10000, 6.95000 -3.05000 0.10000"
1018,0.0000,Tx-Rx,0,-65.1830,"0.15000 -4.90000 1.10000, 7.25000 -3.05000 0.10000"
1019,0.0000,Tx-Rx,0,-66.0702,"0.15000 -4.90000 1.10000, 7.55000 -3.05000 0.10000"
1020,0.0000,Tx-Rx,0,-66.2898,"0.15000 -4.90000 1.10000, 7.85000 -3.05000 0.10000"
1021,0.0000,Tx-Rx,0,-81.8404,"0.15000 -4.90000 1.10000, -9.85000 -2.75000 0.10000"
1022,0.0000,Tx-Rx,0,-81.9620,"0.15000 -4.90000 1.10000, -9.55000 -2.75000 0.10000"
1023,0.0000,Tx-Rx,0,-81.7883,"0.15000 -4.90000 1.10000, -9.25000 -2.75000 0.10000"
1024,0.0000,Tx-Rx,0,-79.6837,"0.15000 -4.90000 1.10000, -8.95000 -2.75000 0.10000"
1025,0.0000,Tx-Rx,0,-78.2924,"0.15000 -4.90000 1.10000, -8.65000 -2.75000 0.10000"
1026,0.0000,Tx-Rx,0,-79.1245,"0.15000 -4.90000 1.10000, -8.35000 -2.75000 0.10000"
1027,0.0000,Tx-Rx,0,-78.5888,"0.15000 -4.90000 1.10000, -8.05000 -2.75000 0.10000"
1028,0.0000,Tx-Rx,0,-77.6516,"0.15000 -4.90000 1.10000, -7.75000 -2.75000 0.10000"
1029,0.0000,Tx-Rx,0,-77.8260,"0.15000 -4.90000 1.10000, -7.45000 -2.75000 0.10000"
1030,0.0000,Tx-Rx,0,-77.8643,"0.15000 -4.90000 1.10000, -7.15000 -2.75000 0.10000"
1031,0.0000,Tx-Rx,0,-78.3360,"0.15000 -4.90000 1.10000, -6.85000 -2.75000 0.10000"
1032,0.0000,Tx-Rx,0,-77.5819,"0.15000 -4.90000 1.10000, -6.55000 -2.75000 0.10000"
1033,0.0000,Tx-Rx,0,-76.7270,"0.15000 -4.90000 1.10000, -6.25000 -2.75000 0.10000"
1034,0.0000,Tx-Rx,0,-76.7685,"0.15000 -4.90000 1.10000, -5.95000 -2.75000 0.10000"
1035,0.0000,Tx-Rx,0,-76.5896,"0.15000 -4.90000 1.10000, -5.65000 -2.75000 0.10000"
1036,0.0000,Tx-Rx,0,-75.8452,"0.15000 -4.90000 1.10000, -5.35000 -2.75000 0.10000"
1037,0.0000,Tx-Rx,0,-75.2366,"0.15000 -4.90000 1.10000, -5.05000 -2.75000 0.10000"
1038,0.0000,Tx-Rx,0,-74.8090,"0.15000 -4.90000 1.10000, -4.75000 -2.75000 0.10000"
1039,0.0000,Tx-Rx,0,-74.6498,"0.15000 -4.90000 1.10000, -4.45000 -2.75000 0.10000"
1040,0.0000,Tx-Rx,0,-74.3518,"0.15000 -4.90000 1.10000, -4.15000 -2.75000 0.10000"
1041,0.0000,Tx-Rx,0,-74.4124,"0.15000 -4.90000 1.10000, -3.85000 -2.75000 0.10000"
1042,0.0000,Tx-Rx,0,-74.1760,"0.15000 -4.90000 1.10000, -3.55000 -2.75000 0.10000"
1043,0.0000,Tx-Rx,0,-73.9862,"0.15000 -4.90000 1.10000, -3.25000 -2.75000 0.10000"
1044,0.0000,Tx-Rx,0,-74.0193,"0.15000 -4.90000 1.10000, -2.95000 -2.75000 0.10000"
1045,0.0000,Tx-Rx,0,-73.6052,"0.15000 -4.90000 1.10000, -2.65000 -2.75000 0.10000"
1046,0.0000,Tx-Rx,0,-73.4827,"0.15000 -4.90000 1.10000, -2.35000 -2.75000 0.10000"
1047,0.0000,Tx-Rx,0,-79.7402,"0.15000 -4.90000 1.10000, -2.05000 -2.75000 0.10000"
1048,0.0000,Tx-Rx,0,-80.6576,"0.15000 -4.90000 1.10000, -1.75000 -2.75000 0.10000"
1049,0.0000,Tx-Rx,0,-80.0491,"0.15000 -4.90000 1.10000, -1.45000 -2.75000 0.10000"
1050,0.0000,Tx-Rx,0,-79.5829,"0.15000 -4.90000 1.10000, -1.15000 -2.75000 0.10000"
1051,0.0000,Tx-Rx,0,-81.6265,"0.15000 -4.90000 1.10000, -0.85000 -2.75000 0.10000"
1052,0.0000,Tx-Rx,0,-80.8429,"0.15000 -4.90000 1.10000, -0.55000 -2.75000 0.10000"
1053,0.0000,Tx-Rx,0,-76.8825,"0.15000 -4.90000 1.10000, -0.25000 -2.75000 0.10000"
1054,0.0000,Tx-Rx,0,-51.2993,"0.15000 -4.90000 1.10000, 0.05000 -2.75000 0.10000"
1055,0.0000,Tx-Rx,0,-50.0090,"0.15000 -4.90000 1.10000, 0.35000 -2.75000 0.10000"
1056,0.0000,Tx-Rx,0,-50.6674,"0.15000 -4.90000 1.10000, 0.65000 -2.75000 0.10000"
1057,0.0000,Tx-Rx,0,-51.1728,"0.15000 -4.90000 1.10000, 0.95000 -2.75000 0.10000"
1058,0.0000,Tx-Rx,0,-50.1564,"0.15000 -4.90000 1.10000, 1.25000 -2.75000 0.10000"
1059,0.0000,Tx-Rx,0,-49.4896,"0.15000 -4.90000 1.10000, 1.55000 -2.75000 0.10000"
1060,0.0000,Tx-Rx,0,-48.9652,"0.15000 -4.90000 1.10000, 1.85000 -2.75000 0.10000"
1061,0.0000,Tx-Rx,0,-48.5500,"0.15000 -4.90000 1.10000, 2.15000 -2.75000 0.10000"
1062,0.0000,Tx-Rx,0,-45.7305,"0.15000 -4.90000 1.10000, 2.45000 -2.75000 0.10000"
1063,0.0000,Tx-Rx,0,-63.2055,"0.15000 -4.90000 1.10000, 2.75000 -2.75000 0.10000"
1064,0.0000,Tx-Rx,0,-65.1040,"0.15000 -4.90000 1.10000, 3.05000 -2.75000 0.10000"
1065,0.0000,Tx-Rx,0,-64.1576,"0.15000 -4.90000 1.10000, 3.35000 -2.75000 0.10000"
1066,0.0000,Tx-Rx,0,-62.5948,"0.15000 -4.90000 1.10000, 3.65000 -2.75000 0.10000"
1067,0.0000,Tx-Rx,0,-62.6561,"0.15000 -4.90000 1.10000, 3.95000 -2.75000 0.10000"
1068,0.0000,Tx-Rx,0,-62.5531,"0.15000 -4.90000 1.10000, 4.25000 -2.75000 0.10000"
1069,0.0000,Tx-Rx,0,-63.3645,"0.15000 -4.90000 1.10000, 4.55000 -2.75000 0.10000"
1070,0.0000,Tx-Rx,0,-63.8733,"0.15000 -4.90000 1.10000, 4.85000 -2.75000 0.10000"
1071,0.0000,Tx-Rx,0,-64.0729,"0.15000 -4.90000 1.10000, 5.15000 -2.75000 0.10000"
1072,0.0000,Tx-Rx,0,-62.9919,"0.15000 -4.90000 1.10000, 5.45000 -2.75000 0.10000"
1073,0.0000,Tx-Rx,0,-63.0778,"0.15000 -4.90000 1.10000, 5.75000 -2.75000 0.10000"
1074,0.0000,Tx-Rx,0,-65.3707,"0.15000 -4.90000 1.10000, 6.05000 -2.75000 0.10000"
1075,0.0000,Tx-Rx,0,-65.1584,"0.15000 -4.90000 1.10000, 6.35000 -2.75000 0.10000"
1076,0.0000,Tx-Rx,0,-64.5318,"0.15000 -4.90000 1.10000, 6.65000 -2.75000 0.10000"
1077,0.0000,Tx-Rx,0,-64.6389,"0.15000 -4.90000 1.10000, 6.95000 -2.75000 0.10000"
1078,0.0000,Tx-Rx,0,-65.1854,"0.15000 -4.90000 1.10000, 7.25000 -2.75000 0.10000"
1079,0.0000,Tx-Rx,0,-65.2712,"0.15000 -4.90000 1.10000, 7.55000 -2.75000 0.10000"
1080,0.0000,Tx-Rx,0,-67.5632,"0.15000 -4.90000 1.10000, 7.85000 -2.75000 0.10000"
1081,0.0000,Tx-Rx,0,-80.5885,"0.15000 -4.90000 1.10000, -9.85000 -2.45000 0.10000"
1082,0.0000,Tx-Rx,0,-80.1604,"0.15000 -4.90000 1.10000, -9.55000 -2.45000 0.10000"
1083,0.0000,Tx-Rx,0,-81.2072,"0.15000 -4.90000 1.10000, -9.25000 -2.45000 0.10000"
1084,0.0000,Tx-Rx,0,-81.5536,"0.15000 -4.90000 1.10000, -8.95000 -2.45000 0.10000"
1085,0.0000,Tx-Rx,0,-80.1997,"0.15000 -4.90000 1.10000, -8.65000 -2.45000 0.10000"
1086,0.0000,Tx-Rx,0,-77.7255,"0.15000 -4.90000 1.10000, -8.35000 -2.45000 0.10000"
1087,0.0000,Tx-Rx,0,-78.5738,"0.15000 -4.90000 1.10000, -8.05000 -2.45000 0.10000"
1088,0.0000,Tx-Rx,0,-77.6492,"0.15000 -4.90000 1.10000, -7.75000 -2.45000 0.10000"
1089,0.0000,Tx-Rx,0,-76.8643,"0.15000 -4.90000 1.10000, -7.45000 -2.45000 0.10000"
1090,0.0000,Tx-Rx,0,-77.4394,"0.15000 -4.90000 1.10000, -7.15000 -2.45000 0.10000"
1091,0.0000,Tx-Rx,0,-77.2332,"0.15000 -4.90000 1.10000, -6.85000 -2.45000 0.10000"
1092,0.0000,Tx-Rx,0,-78.0432,"0.15000 -4.90000 1.10000, -6.55000 -2.45000 0.10000"
1093,0.0000,Tx-Rx,0,-76.9431,"0.15000 -4.90000 1.10000, -6.25000 -2.45000 0.10000"
1094,0.0000,Tx-Rx,0,-76.5449,"0.15000 -4.90000 1.10000, -5.95000 -2.45000 0.10000"
1095,0.0000,Tx-Rx,0,-76.7929,"0.15000 -4.90000 1.10000, -5.65000 -2.45000 0.10000"
1096,0.0000,Tx-Rx,0,-76.6217,"0.15000 -4.90000 1.10000, -5.35000 -2.45000 0.10000"
1097,0.0000,Tx-Rx,0,-76.8293,"0.15000 -4.90000 1.10000, -5.05000 -2.45000 0.10000"
1098,0.0000,Tx-Rx,0,-75.3963,"0.15000 -4.90000 1.10000, -4.75000 -2.45000 0.10000"
1099,0.0000,Tx-Rx,0,-75.3689,"0.15000 -4.90000 1.10000, -4.45000 -2.45000 0.10000"
1100,0.0000,Tx-Rx,0,-75.2429,"0.15000 -4.90000 1.10000, -4.15000 -2.45000 0.10000"
1101,0.0000,Tx-Rx,0,-74.9980,"0.15000 -4.90000 1.10000, -3.85000 -2.45000 0.10000"
1102,0.0000,Tx-Rx,0,-74.9279,"0.15000 -4.90000 1.10000, -3.55000 -2.45000 0.10000"
1103,0.0000,Tx-Rx,0,-74.6578,"0.15000 -4.90000 1.10000, -3.25000 -2.45000 0.10000"
1104,0.0000,Tx-Rx,0,-74.3958,"0.15000 -4.90000 1.10000, -2.95000 -2.45000 0.10000"
1105,0.0000,Tx-Rx,0,-74.4223,"0.15000 -4.90000 1.10000, -2.65000 -2.45000 0.10000"
1106,0.0000,Tx-Rx,0,-74.5099,"0.15000 -4.90000 1.10000, -2.35000 -2.45000 0.10000"
1107,0.0000,Tx-Rx,0,-80.9654,"0.15000 -4.90000 1.10000, -2.05000 -2.45000 0.10000"
1108,0.0000,Tx-Rx,0,-81.5151,"0.15000 -4.90000 1.10000, -1.75000 -2.45000 0.10000"
1109,0.0000,Tx-Rx,0,-81.2325,"0.15000 -4.90000 1.10000, -1.45000 -2.45000 0.10000"
1110,0.0000,Tx-Rx,0,-81.6465,"0.15000 -4.90000 1.10000, -1.15000 -2.45000 0.10000"
1111,0.0000,Tx-Rx,0,-83.3313,"0.15000 -4.90000 1.10000, -0.85000 -2.45000 0.10000"
1112,0.0000,Tx-Rx,0,-81.0139,"0.15000 -4.90000 1.10000, -0.55000 -2.45000 0.10000"
1113,0.0000,Tx-Rx,0,-76.9011,"0.15000 -4.90000 1.10000, -0.25000 -2.45000 0.10000"
1114,0.0000,Tx-Rx,0,-52.6578,"0.15000 -4.90000 1.10000, 0.05000 -2.45000 0.10000"
1115,0.0000,Tx-Rx,0,-51.3357,"0.15000 -4.90000 1.10000, 0.35000 -2.45000 0.10000"
1116,0.0000,Tx-Rx,0,-51.8344,"0.15000 -4.90000 1.10000, 0.65000 -2.45000 0.10000"
1117,0.0000,Tx-Rx,0,-52.2407,"0.15000 -4.90000 1.10000, 0.95000 -2.45000 0.10000"
1118,0.0000,Tx-Rx,0,-51.0655,"0.15000 -4.90000 1.10000, 1.25000 -2.45000 0.10000"
1119,0.0000,Tx-Rx,0,-50.1699,"0.15000 -4.90000 1.10000, 1.55000 -2.45000 0.10000"
1120,0.0000,Tx-Rx,0,-49.4655,"0.15000 -4.90000 1.10000, 1.85000 -2.45000 0.10000"
1121,0.0000,Tx-Rx,0,-49.0239,"0.15000 -4.90000 1.10000, 2.15000 -2.45000 0.10000"
1122,0.0000,Tx-Rx,0,-46.2165,"0.15000 -4.90000 1.10000, 2.45000 -2.45000 0.10000"
1123,0.0000,Tx-Rx,0,-63.2856,"0.15000 -4.90000 1.10000, 2.75000 -2.45000 0.10000"
1124,0.0000,Tx-Rx,0,-64.7593,"0.15000 -4.90000 1.10000, 3.05000 -2.45000 0.10000"
1125,0.0000,Tx-Rx,0,-67.4959,"0.15000 -4.90000 1.10000, 3.35000 -2.45000 0.10000"
1126,0.0000,Tx-Rx,0,-67.1116,"0.15000 -4.90000 1.10000, 3.65000 -2.45000 0.10000"
1127,0.0000,Tx-Rx,0,-65.2364,"0.15000 -4.90000 1.10000, 3.95000 -2.45000 0.10000"
1128,0.0000,Tx-Rx,0,-64.0802,"0.15000 -4.90000 1.10000, 4.25000 -2.45000 0.10000"
1129,0.0000,Tx-Rx,0,-65.8446,"0.15000 -4.90000 1.10000, 4.55000 -2.45000 0.10000"
1130,0.0000,Tx-Rx,0,-65.9968,"0.15000 -4.90000 1.10000, 4.85000 -2.45000 0.10000"
1131,0.0000,Tx-Rx,0,-64.9818,"0.15000 -4.90000 1.10000, 5.15000 -2.45000 0.10000"
1132,0.0000,Tx-Rx,0,-64.5780,"0.15000 -4.90000 1.10000, 5.45000 -2.45000 0.10000"
1133,0.0000,Tx-Rx,0,-65.2490,"0.15000 -4.90000 1.10000, 5.75000 -2.45000 0.10000"
1134,0.0000,Tx-Rx,0,-65.2680,"0.15000 -4.90000 1.10000, 6.05000 -2.45000 0.10000"
1135,0.0000,Tx-Rx,0,-64.9827,"0.15000 -4.90000 1.10000, 6.35000 -2.45000 0.10000"
1136,0.0000,Tx-Rx,0,-65.9027,"0.15000 -4.90000 1.10000, 6.65000 -2.45000 0.10000"
1137,0.0000,Tx-Rx,0,-67.5879,"0.15000 -4.90000 1.10000, 6.95000 -2.45000 0.10000"
1138,0.0000,Tx-Rx,0,-66.8924,"0.15000 -4.90000 1.10000, 7.25000 -2.45000 0.10000"
1139,0.0000,Tx-Rx,0,-65.9892,"0.15000 -4.90000 1.10000, 7.55000 -2.45000 0.10000"
1140,0.0000,Tx-Rx,0,-67.4160,"0.15000 -4.90000 1.10000, 7.85000 -2.45000 0.10000"
1141,0.0000,Tx-Rx,0,-83.9526,"0.15000 -4.90000 1.10000, -9.85000 -2.15000 0.10000"
1142,0.0000,Tx-Rx,0,-83.0997,"0.15000 -4.90000 1.10000, -9.55000 -2.15000 0.10000"
1143,0.0000,Tx-Rx,0,-81.0986,"0.15000 -4.90000 1.10000, -9.25000 -2.15000 0.10000"
1144,0.0000,Tx-Rx,0,-79.8528,"0.15000 -4.90000 1.10000, -8.95000 -2.15000 0.10000"
1145,0.0000,Tx-Rx,0,-79.1396,"0.15000 -4.90000 1.10000, -8.65000 -2.15000 0.10000"
1146,0.0000,Tx-Rx,0,-78.9110,"0.15000 -4.90000 1.10000, -8.35000 -2.15000 0.10000"
1147,0.0000,Tx-Rx,0,-78.4008,"0.15000 -4.90000 1.10000, -8.05000 -2.15000 0.10000"
1148,0.0000,Tx-Rx,0,-78.2821,"0.15000 -4.90000 1.10000, -7.75000 -2.15000 0.10000"
1149,0.0000,Tx-Rx,0,-77.8967,"0.15000 -4.90000 1.10000, -7.45000 -2.15000 0.10000"
1150,0.0000,Tx-Rx,0,-78.1871,"0.15000 -4.90000 1.10000, -7.15000 -2.15000 0.10000"
1151,0.0000,Tx-Rx,0,-78.2818,"0.15000 -4.90000 1.10000, -6.85000 -2.15000 0.10000"
1152,0.0000,Tx-Rx,0,-77.9988,"0.15000 -4.90000 1.10000, -6.55000 -2.15000 0.10000"
1153,0.0000,Tx-Rx,0,-77.9631,"0.15000 -4.90000 1.10000, -6.25000 -2.15000 0.10000"
1154,0.0000,Tx-Rx,0,-76.6103,"0.15000 -4.90000 1.10000, -5.95000 -2.15000 0.10000"
1155,0.0000,Tx-Rx,0,-76.5572,"0.15000 -4.90000 1.10000, -5.65000 -2.15000 0.10000"
1156,0.0000,Tx-Rx,0,-77.1269,"0.15000 -4.90000 1.10000, -5.35000 -2.15000 0.10000"
1157,0.0000,Tx-Rx,0,-76.5067,"0.15000 -4.90000 1.10000, -5.05000 -2.15000 0.10000"
1158,0.0000,Tx-Rx,0,-75.7482,"0.15000 -4.90000 1.10000, -4.75000 -2.15000 0.10000"
1159,0.0000,Tx-Rx,0,-75.1250,"0.15000 -4.90000 1.10000, -4.45000 -2.15000 0.10000"
1160,0.0000,Tx-Rx,0,-75.5226,"0.15000 -4.90000 1.10000, -4.15000 -2.15000 0.10000"
1161,0.0000,Tx-Rx,0,-75.1624,"0.15000 -4.90000 1.10000, -3.85000 -2.15000 0.10000"
1162,0.0000,Tx-Rx,0,-75.3945,"0.15000 -4.90000 1.10000, -3.55000 -2.15000 0.10000"
1163,0.0000,Tx-Rx,0,-74.8390,"0.15000 -4.90000 1.10000, -3.25000 -2.15000 0.10000"
1164,0.0000,Tx-Rx,0,-74.6495,"0.15000 -4.90000 1.10000, -2.95000 -2.15000 0.10000"
1165,0.0000,Tx-Rx,0,-75.3659,"0.15000 -4.90000 1.10000, -2.65000 -2.15000 0.10000"
1166,0.0000,Tx-Rx,0,-74.8739,"0.15000 -4.90000 1.10000, -2.35000 -2.15000 0.10000"
1167,0.0000,Tx-Rx,0,-81.5733,"0.15000 -4.90000 1.10000, -2.05000 -2.15000 0.10000"
1168,0.0000,Tx-Rx,0,-82.3835,"0.15000 -4.90000 1.10000, -1.75000 -2.15000 0.10000"
1169,0.0000,Tx-Rx,0,-81.4726,"0.15000 -4.90000 1.10000, -1.45000 -2.15000 0.10000"
1170,0.0000,Tx-Rx,0,-82.8765,"0.15000 -4.90000 1.10000, -1.15000 -2.15000 0.10000"
1171,0.0000,Tx-Rx,0,-84.0726,"0.15000 -4.90000 1.10000, -0.85000 -2.15000 0.10000"
1172,0.0000,Tx-Rx,0,-82.6284,"0.15000 -4.90000 1.10000, -0.55000 -2.15000 0.10000"
1173,0.0000,Tx-Rx,0,-77.0435,"0.15000 -4.90000 1.10000, -0.25000 -2.15000 0.10000"
1174,0.0000,Tx-Rx,0,-52.9267,"0.15000 -4.90000 1.10000, 0.05000 -2.15000 0.10000"
1175,0.0000,Tx-Rx,0,-51.4760,"0.15000 -4.90000 1.10000, 0.35000 -2.15000 0.10000"
1176,0.0000,Tx-Rx,0,-51.9011,"0.15000 -4.90000 1.10000, 0.65000 -2.15000 0.10000"
1177,0.0000,Tx-Rx,0,-52.2948,"0.15000 -4.90000 1.10000, 0.95000 -2.15000 0.10000"
1178,0.0000,Tx-Rx,0,-51.1669,"0.15000 -4.90000 1.10000, 1.25000 -2.15000 0.10000"
1179,0.0000,Tx-Rx,0,-51.5881,"0.15000 -4.90000 1.10000, 1.55000 -2.15000 0.10000"
1180,0.0000,Tx-Rx,0,-50.0973,"0.15000 -4.90000 1.10000, 1.85000 -2.15000 0.10000"
1181,0.0000,Tx-Rx,0,-49.3958,"0.15000 -4.90000 1.10000, 2.15000 -2.15000 0.10000"
1182,0.0000,Tx-Rx,0,-46.8225,"0.15000 -4.90000 1.10000, 2.45000 -2.15000 0.10000"
1183,0.0000,Tx-Rx,0,-57.5388,"0.15000 -4.90000 1.10000, 2.75000 -2.15000 0.10000"
1184,0.0000,Tx-Rx,0,-64.7627,"0.15000 -4.90000 1.10000, 3.05000 -2.15000 0.10000"
1185,0.0000,Tx-Rx,0,-66.8361,"0.15000 -4.90000 1.10000, 3.35000 -2.15000 0.10000"
1186,0.0000,Tx-Rx,0,-68.1537,"0.15000 -4.90000 1.10000, 3.65000 -2.15000 0.10000"
1187,0.0000,Tx-Rx,0,-68.7990,"0.15000 -4.90000 1.10000, 3.95000 -2.15000 0.10000"
1188,0.0000,Tx-Rx,0,-65.2165,"0.15000 -4.90000 1.10000, 4.25000 -2.15000 0.10000"
1189,0.0000,Tx-Rx,0,-66.3665,"0.15000 -4.90000 1.10000, 4.55000 -2.15000 0.10000"
1190,0.0000,Tx-Rx,0,-66.1877,"0.15000 -4.90000 1.10000, 4.85000 -2.15000 0.10000"
1191,0.0000,Tx-Rx,0,-65.3257,"0.15000 -4.90000 1.10000, 5.15000 -2.15000 0.10000"
1192,0.0000,Tx-Rx,0,-65.0620,"0.15000 -4.90000 1.10000, 5.45000 -2.15000 0.10000"
1193,0.0000,Tx-Rx,0,-64.4170,"0.15000 -4.90000 1.10000, 5.75000 -2.15000 0.10000"
1194,0.0000,Tx-Rx,0,-64.2453,"0.15000 -4.90000 1.10000, 6.05000 -2.15000 0.10000"
1195,0.0000,Tx-Rx,0,-64.9343,"0.15000 -4.90000 1.10000, 6.35000 -2.15000 0.10000"
1196,0.0000,Tx-Rx,0,-65.0541,"0.15000 -4.90000 1.10000, 6.65000 -2.15000 0.10000"
1197,0.0000,Tx-Rx,0,-66.8807,"0.15000 -4.90000 1.10000, 6.95000 -2.15000 0.10000"
1198,0.0000,Tx-Rx,0,-66.4787,"0.15000 -4.90000 1.10000, 7.25000 -2.15000 0.10000"
1199,0.0000,Tx-Rx,0,-65.9743,"0.15000 -4.90000 1.10000, 7.55000 -2.15000 0.10000"
1200,0.0000,Tx-Rx,0,-64.8911,"0.15000 -4.90000 1.10000, 7.85000 -2.15000 0.10000"
1201,0.0000,Tx-Rx,0,-79.5457,"0.15000 -4.90000 1.10000, -9.85000 -1.85000 0.10000"
1202,0.0000,Tx-Rx,0,-79.3162,"0.15000 -4.90000 1.10000, -9.55000 -1.85000 0.10000"
1203,0.0000,Tx-Rx,0,-78.8753,"0.15000 -4.90000 1.10000, -9.25000 -1.85000 0.10000"
1204,0.0000,Tx-Rx,0,-78.4600,"0.15000 -4.90000 1.10000, -8.95000 -1.85000 0.10000"
1205,0.0000,Tx-Rx,0,-78.1344,"0.15000 -4.90000 1.10000, -8.65000 -1.85000 0.10000"
1206,0.0000,Tx-Rx,0,-78.6572,"0.15000 -4.90000 1.10000, -8.35000 -1.85000 0.10000"
1207,0.0000,Tx-Rx,0,-79.2620,"0.15000 -4.90000 1.10000, -8.05000 -1.85000 0.10000"
1208,0.0000,Tx-Rx,0,-78.8249,"0.15000 -4.90000 1.10000, -7.75000 -1.85000 0.10000"
1209,0.0000,Tx-Rx,0,-78.9761,"0.15000 -4.90000 1.10000, -7.45000 -1.85000 0.10000"
1210,0.0000,Tx-Rx,0,-77.6331,"0.15000 -4.90000 1.10000, -7.15000 -1.85000 0.10000"
1211,0.0000,Tx-Rx,0,-78.3453,"0.15000 -4.90000 1.10000, -6.85000 -1.85000 0.10000"
1212,0.0000,Tx-Rx,0,-78.0445,"0.15000 -4.90000 1.10000, -6.55000 -1.85000 0.10000"
1213,0.0000,Tx-Rx,0,-76.6119,"0.15000 -4.90000 1.10000, -6.25000 -1.85000 0.10000"
1214,0.0000,Tx-Rx,0,-77.7731,"0.15000 -4.90000 1.10000, -5.95000 -1.85000 0.10000"
1215,0.0000,Tx-Rx,0,-77.0108,"0.15000 -4.90000 1.10000, -5.65000 -1.85000 0.10000"
1216,0.0000,Tx-Rx,0,-77.0282,"0.15000 -4.90000 1.10000, -5.35000 -1.85000 0.10000"
1217,0.0000,Tx-Rx,0,-76.8637,"0.15000 -4.90000 1.10000, -5.05000 -1.85000 0.10000"
1218,0.0000,Tx-Rx,0,-77.1616,"0.15000 -4.90000 1.10000, -4.75000 -1.85000 0.10000"
1219,0.0000,Tx-Rx,0,-76.4148,"0.15000 -4.90000 1.10000, -4.45000 -1.85000 0.10000"
1220,0.0000,Tx-Rx,0,-76.9649,"0.15000 -4.90000 1.10000, -4.15000 -1.85000 0.10000"
1221,0.0000,Tx-Rx,0,-75.5091,"0.15000 -4.90000 1.10000, -3.85000 -1.85000 0.10000"
1222,0.0000,Tx-Rx,0,-75.4204,"0.15000 -4.90000 1.10000, -3.55000 -1.85000 0.10000"
1223,0.0000,Tx-Rx,0,-75.6677,"0.15000 -4.90000 1.10000, -3.25000 -1.85000 0.10000"
1224,0.0000,Tx-Rx,0,-75.9587,"0.15000 -4.90000 1.10000, -2.95000 -1.85000 0.10000"
1225,0.0000,Tx-Rx,0,-76.0867,"0.15000 -4.90000 1.10000, -2.65000 -1.85000 0.10000"
1226,0.0000,Tx-Rx,0,-75.9023,"0.15000 -4.90000 1.10000, -2.35000 -1.85000 0.10000"
1227,0.0000,Tx-Rx,0,-81.3660,"0.15000 -4.90000 1.10000, -2.05000 -1.85000 0.10000"
1228,0.0000,Tx-Rx,0,-83.4017,"0.15000 -4.90000 1.10000, -1.75000 -1.85000 0.10000"
1229,0.0000,Tx-Rx,0,-84.3933,"0.15000 -4.90000 1.10000, -1.45000 -1.85000 0.10000"
1230,0.0000,Tx-Rx,0,-81.0659,"0.15000 -4.90000 1.10000, -1.15000 -1.85000 0.10000"
1231,0.0000,Tx-Rx,0,-83.5442,"0.15000 -4.90000 1.10000, -0.85000 -1.85000 0.10000"
1232,0.0000,Tx-Rx,0,-83.5167,"0.15000 -4.90000 1.10000, -0.55000 -1.85000 0.10000"
1233,0.0000,Tx-Rx,0,-76.8431,"0.15000 -4.90000 1.10000, -0.25000 -1.85000 0.10000"
1234,0.0000,Tx-Rx,0,-53.8268,"0.15000 -4.90000 1.10000, 0.05000 -1.85000 0.10000"
1235,0.0000,Tx-Rx,0,-52.3112,"0.15000 -4.90000 1.10000, 0.35000 -1.85000 0.10000"
1236,0.0000,Tx-Rx,0,-52.6260,"0.15000 -4.90000 1.10000, 0.65000 -1.85000 0.10000"
1237,0.0000,Tx-Rx,0,-53.0294,"0.15000 -4.90000 1.10000, 0.95000 -1.85000 0.10000"
1238,0.0000,Tx-Rx,0,-51.7013,"0.15000 -4.90000 1.10000, 1.25000 -1.85000 0.10000"
1239,0.0000,Tx-Rx,0,-51.7976,"0.15000 -4.90000 1.10000, 1.55000 -1.85000 0.10000"
1240,0.0000,Tx-Rx,0,-51.6611,"0.15000 -4.90000 1.10000, 1.85000 -1.85000 0.10000"
1241,0.0000,Tx-Rx,0,-50.6388,"0.15000 -4.90000 1.10000, 2.15000 -1.85000 0.10000"
1242,0.0000,Tx-Rx,0,-47.2291,"0.15000 -4.90000 1.10000, 2.45000 -1.85000 0.10000"
1243,0.0000,Tx-Rx,0,-48.7238,"0.15000 -4.90000 1.10000, 2.75000 -1.85000 0.10000"
1244,0.0000,Tx-Rx,0,-58.6993,"0.15000 -4.90000 1.10000, 3.05000 -1.85000 0.10000"
1245,0.0000,Tx-Rx,0,-65.8715,"0.15000 -4.90000 1.10000, 3.35000 -1.85000 0.10000"
1246,0.0000,Tx-Rx,0,-66.7135,"0.15000 -4.90000 1.10000, 3.65000 -1.85000 0.10000"
1247,0.0000,Tx-Rx,0,-67.2953,"0.15000 -4.90000 1.10000, 3.95000 -1.85000 0.10000"
1248,0.0000,Tx-Rx,0,-66.1728,"0.15000 -4.90000 1.10000, 4.25000 -1.85000 0.10000"
1249,0.0000,Tx-Rx,0,-67.7112,"0.15000 -4.90000 1.10000, 4.55000 -1.85000 0.10000"
1250,0.0000,Tx-Rx,0,-66.4067,"0.15000 -4.90000 1.10000, 4.85000 -1.85000 0.10000"
1251,0.0000,Tx-Rx,0,-65.3351,"0.15000 -4.90000 1.10000, 5.15000 -1.85000 0.10000"
1252,0.0000,Tx-Rx,0,-65.1249,"0.15000 -4.90000 1.10000, 5.45000 -1.85000 0.10000"
1253,0.0000,Tx-Rx,0,-64.8892,"0.15000 -4.90000 1.10000, 5.75000 -1.85000 0.10000"
1254,0.0000,Tx-Rx,0,-64.6214,"0.15000 -4.90000 1.10000, 6.05000 -1.85000 0.10000"
1255,0.0000,Tx-Rx,0,-65.1482,"0.15000 -4.90000 1.10000, 6.35000 -1.85000 0.10000"
1256,0.0000,Tx-Rx,0,-64.9262,"0.15000 -4.90000 1.10000, 6.65000 -1.85000 0.10000"
1257,0.0000,Tx-Rx,0,-66.3739,"0.15000 -4.90000 1.10000, 6.95000 -1.85000 0.10000"
1258,0.0000,Tx-Rx,0,-67.0160,"0.15000 -4.90000 1.10000, 7.25000 -1.85000 0.10000"
1259,0.0000,Tx-Rx,0,-65.2751,"0.15000 -4.90000 1.10000, 7.55000 -1.85000 0.10000"
1260,0.0000,Tx-Rx,0,-61.9835,"0.15000 -4.90000 1.10000, 7.85000 -1.85000 0.10000"
1261,0.0000,Tx-Rx,0,-78.9661,"0.15000 -4.90000 1.10000, -9.85000 -1.55000 0.10000"
1262,0.0000,Tx-Rx,0,-79.6326,"0.15000 -4.90000 1.10000, -9.55000 -1.55000 0.10000"
1263,0.0000,Tx-Rx,0,-78.5749,"0.15000 -4.90000 1.10000, -9.25000 -1.55000 0.10000"
1264,0.0000,Tx-Rx,0,-79.6585,"0.15000 -4.90000 1.10000, -8.95000 -1.55000 0.10000"
1265,0.0000,Tx-Rx,0,-78.8971,"0.15000 -4.90000 1.10000, -8.65000 -1.55000 0.10000"
1266,0.0000,Tx-Rx,0,-77.7112,"0.15000 -4.90000 1.10000, -8.35000 -1.55000 0.10000"
1267,0.0000,Tx-Rx,0,-78.7105,"0.15000 -4.90000 1.10000, -8.05000 -1.55000 0.10000"
1268,0.0000,Tx-Rx,0,-79.2699,"0.15000 -4.90000 1.10000, -7.75000 -1.55000 0.10000"
1269,0.0000,Tx-Rx,0,-78.8611,"0.15000 -4.90000 1.10000, -7.45000 -1.55000 0.10000"
1270,0.0000,Tx-Rx,0,-78.8969,"0.15000 -4.90000 1.10000, -7.15000 -1.55000 0.10000"
1271,0.0000,Tx-Rx,0,-77.6747,"0.15000 -4.90000 1.10000, -6.85000 -1.55000 0.10000"
1272,0.0000,Tx-Rx,0,-77.1529,"0.15000 -4.90000 1.10000, -6.55000 -1.55000 0.10000"
1273,0.0000,Tx-Rx,0,-78.6772,"0.15000 -4.90000 1.10000, -6.25000 -1.55000 0.10000"
1274,0.0000,Tx-Rx,0,-77.9670,"0.15000 -4.90000 1.10000, -5.95000 -1.55000 0.10000"
1275,0.0000,Tx-Rx,0,-78.0042,"0.15000 -4.90000 1.10000, -5.65000 -1.55000 0.10000"
1276,0.0000,Tx-Rx,0,-77.6911,"0.15000 -4.90000 1.10000, -5.35000 -1.55000 0.10000"
1277,0.0000,Tx-Rx,0,-77.7022,"0.15000 -4.90000 1.10000, -5.05000 -1.55000 0.10000"
1278,0.0000,Tx-Rx,0,-76.6766,"0.15000 -4.90000 1.10000, -4.75000 -1.55000 0.10000"
1279,0.0000,Tx-Rx,0,-77.0648,"0.15000 -4.90000 1.10000, -4.45000 -1.55000 0.10000"
1280,0.0000,Tx-Rx,0,-76.2059,"0.15000 -4.90000 1.10000, -4.15000 -1.55000 0.10000"
1281,0.0000,Tx-Rx,0,-77.0023,"0.15000 -4.90000 1.10000, -3.85000 -1.55000 0.10000"
1282,0.0000,Tx-Rx,0,-76.3915,"0.15000 -4.90000 1.10000, -3.55000 -1.55000 0.10000"
1283,0.0000,Tx-Rx,0,-76.0248,"0.15000 -4.90000 1.10000, -3.25000 -1.55000 0.10000"
1284,0.0000,Tx-Rx,0,-75.7991,"0.15000 -4.90000 1.10000, -2.95000 -1.55000 0.10000"
1285,0.0000,Tx-Rx,0,-76.9102,"0.15000 -4.90000 1.10000, -2.65000 -1.55000 0.10000"
1286,0.0000,Tx-Rx,0,-76.5642,"0.15000 -4.90000 1.10000, -2.35000 -1.55000 0.10000"
1287,0.0000,Tx-Rx,0,-83.3006,"0.15000 -4.90000 1.10000, -2.05000 -1.55000 0.10000"
1288,0.0000,Tx-Rx,0,-84.2984,"0.15000 -4.90000 1.10000, -1.75000 -1.55000 0.10000"
1289,0.0000,Tx-Rx,0,-83.4842,"0.15000 -4.90000 1.10000, -1.45000 -1.55000 0.10000"
1290,0.0000,Tx-Rx,0,-83.2326,"0.15000 -4.90000 1.10000, -1.15000 -1.55000 0.10000"
1291,0.0000,Tx-Rx,0,-83.0519,"0.15000 -4.90000 1.10000, -0.85000 -1.55000 0.10000"
1292,0.0000,Tx-Rx,0,-84.0210,"0.15000 -4.90000 1.10000, -0.55000 -1.55000 0.10000"
1293,0.0000,Tx-Rx,0,-76.9298,"0.15000 -4.90000 1.10000, -0.25000 -1.55000 0.10000"
1294,0.0000,Tx-Rx,0,-54.6396,"0.15000 -4.90000 1.10000, 0.05000 -1.55000 0.10000"
1295,0.0000,Tx-Rx,0,-53.1149,"0.15000 -4.90000 1.10000, 0.35000 -1.55000 0.10000"
1296,0.0000,Tx-Rx,0,-53.4284,"0.15000 -4.90000 1.10000, 0.65000 -1.55000 0.10000"
1297,0.0000,Tx-Rx,0,-53.6857,"0.15000 -4.90000 1.10000, 0.95000 -1.55000 0.10000"
1298,0.0000,Tx-Rx,0,-52.1100,"0.15000 -4.90000 1.10000, 1.25000 -1.55000 0.10000"
1299,0.0000,Tx-Rx,0,-52.1342,"0.15000 -4.90000 1.10000, 1.55000 -1.55000 0.10000"
1300,0.0000,Tx-Rx,0,-53.7636,"0.15000 -4.90000 1.10000, 1.85000 -1.55000 0.10000"
1301,0.0000,Tx-Rx,0,-53.7873,"0.15000 -4.90000 1.10000, 2.15000 -1.55000 0.10000"
1302,0.0000,Tx-Rx,0,-47.6052,"0.15000 -4.90000 1.10000, 2.45000 -1.55000 0.10000"
1303,0.0000,Tx-Rx,0,-47.6702,"0.15000 -4.90000 1.10000, 2.75000 -1.55000 0.10000"
1304,0.0000,Tx-Rx,0,-49.6137,"0.15000 -4.90000 1.10000, 3.05000 -1.55000 0.10000"
1305,0.0000,Tx-Rx,0,-59.7168,"0.15000 -4.90000 1.10000, 3.35000 -1.55000 0.10000"
1306,0.0000,Tx-Rx,0,-61.7478,"0.15000 -4.90000 1.10000, 3.65000 -1.55000 0.10000"
1307,0.0000,Tx-Rx,0,-62.4636,"0.15000 -4.90000 1.10000, 3.95000 -1.55000 0.10000"
1308,0.0000,Tx-Rx,0,-62.9923,"0.15000 -4.90000 1.10000, 4.25000 -1.55000 0.10000"
1309,0.0000,Tx-Rx,0,-64.4611,"0.15000 -4.90000 1.10000, 4.55000 -1.55000 0.10000"
1310,0.0000,Tx-Rx,0,-63.9495,"0.15000 -4.90000 1.10000, 4.85000 -1.55000 0.10000"
1311,0.0000,Tx-Rx,0,-63.4045,"0.15000 -4.90000 1.10000, 5.15000 -1.55000 0.10000"
1312,0.0000,Tx-Rx,0,-63.5064,"0.15000 -4.90000 1.10000, 5.45000 -1.55000 0.10000"
1313,0.0000,Tx-Rx,0,-63.9150,"0.15000 -4.90000 1.10000, 5.75000 -1.55000 0.10000"
1314,0.0000,Tx-Rx,0,-63.9752,"0.15000 -4.90000 1.10000, 6.05000 -1.55000 0.10000"
1315,0.0000,Tx-Rx,0,-64.2414,"0.15000 -4.90000 1.10000, 6.35000 -1.55000 0.10000"
1316,0.0000,Tx-Rx,0,-65.7772,"0.15000 -4.90000 1.10000, 6.65000 -1.55000 0.10000"
1317,0.0000,Tx-Rx,0,-64.1872,"0.15000 -4.90000 1.10000, 6.95000 -1.55000 0.10000"
1318,0.0000,Tx-Rx,0,-65.7838,"0.15000 -4.90000 1.10000, 7.25000 -1.55000 0.10000"
1319,0.0000,Tx-Rx,0,-63.0853,"0.15000 -4.90000 1.10000, 7.55000 -1.55000 0.10000"
1320,0.0000,Tx-Rx,0,-62.1456,"0.15000 -4.90000 1.10000, 7.85000 -1.55000 0.10000"
1321,0.0000,Tx-Rx,0,-77.1735,"0.15000 -4.90000 1.10000, -9.85000 -1.25000 0.10000"
1322,0.0000,Tx-Rx,0,-78.1508,"0.15000 -4.90000 1.10000, -9.55000 -1.25000 0.10000"
1323,0.0000,Tx-Rx,0,-78.9834,"0.15000 -4.90000 1.10000, -9.25000 -1.25000 0.10000"
1324,0.0000,Tx-Rx,0,-80.2644,"0.15000 -4.90000 1.10000, -8.95000 -1.25000 0.10000"
1325,0.0000,Tx-Rx,0,-78.9087,"0.15000 -4.90000 1.10000, -8.65000 -1.25000 0.10000"
1326,0.0000,Tx-Rx,0,-77.8036,"0.15000 -4.90000 1.10000, -8.35000 -1.25000 0.10000"
1327,0.0000,Tx-Rx,0,-79.2619,"0.15000 -4.90000 1.10000, -8.05000 -1.25000 0.10000"
1328,0.0000,Tx-Rx,0,-77.8323,"0.15000 -4.90000 1.10000, -7.75000 -1.25000 0.10000"
1329,0.0000,Tx-Rx,0,-78.0041,"0.15000 -4.90000 1.10000, -7.45000 -1.25000 0.10000"
1330,0.0000,Tx-Rx,0,-78.9537,"0.15000 -4.90000 1.10000, -7.15000 -1.25000 0.10000"
1331,0.0000,Tx-Rx,0,-79.9686,"0.15000 -4.90000 1.10000, -6.85000 -1.25000 0.10000"
1332,0.0000,Tx-Rx,0,-78.2957,"0.15000 -4.90000 1.10000, -6.55000 -1.25000 0.10000"
1333,0.0000,Tx-Rx,0,-79.3879,"0.15000 -4.90000 1.10000, -6.25000 -1.25000 0.10000"
1334,0.0000,Tx-Rx,0,-78.1482,"0.15000 -4.90000 1.10000, -5.95000 -1.25000 0.10000"
1335,0.0000,Tx-Rx,0,-77.7256,"0.15000 -4.90000 1.10000, -5.65000 -1.25000 0.10000"
1336,0.0000,Tx-Rx,0,-78.5686,"0.15000 -4.90000 1.10000, -5.35000 -1.25000 0.10000"
1337,0.0000,Tx-Rx,0,-77.4098,"0.15000 -4.90000 1.10000, -5.05000 -1.25000 0.10000"
1338,0.0000,Tx-Rx,0,-77.4854,"0.15000 -4.90000 1.10000, -4.75000 -1.25000 0.10000"
1339,0.0000,Tx-Rx,0,-78.0691,"0.15000 -4.90000 1.10000, -4.45000 -1.25000 0.10000"
1340,0.0000,Tx-Rx,0,-77.0992,"0.15000 -4.90000 1.10000, -4.15000 -1.25000 0.10000"
1341,0.0000,Tx-Rx,0,-76.0248,"0.15000 -4.90000 1.10000, -3.85000 -1.25000 0.10000"
1342,0.0000,Tx-Rx,0,-77.3768,"0.15000 -4.90000 1.10000, -3.55000 -1.25000 0.10000"
1343,0.0000,Tx-Rx,0,-76.5903,"0.15000 -4.90000 1.10000, -3.25000 -1.25000 0.10000"
1344,0.0000,Tx-Rx,0,-76.5580,"0.15000 -4.90000 1.10000, -2.95000 -1.25000 0.10000"
1345,0.0000,Tx-Rx,0,-76.8333,"0.15000 -4.90000 1.10000, -2.65000 -1.25000 0.10000"
1346,0.0000,Tx-Rx,0,-78.0626,"0.15000 -4.90000 1.10000, -2.35000 -1.25000 0.10000"
1347,0.0000,Tx-Rx,0,-85.1261,"0.15000 -4.90000 1.10000, -2.05000 -1.25000 0.10000"
1348,0.0000,Tx-Rx,0,-84.8989,"0.15000 -4.90000 1.10000, -1.75000 -1.25000 0.10000"
1349,0.0000,Tx-Rx,0,-86.9623,"0.15000 -4.90000 1.10000, -1.45000 -1.25000 0.10000"
1350,0.0000,Tx-Rx,0,-82.1823,"0.15000 -4.90000 1.10000, -1.15000 -1.25000 0.10000"
1351,0.0000,Tx-Rx,0,-83.1178,"0.15000 -4.90000 1.10000, -0.85000 -1.25000 0.10000"
1352,0.0000,Tx-Rx,0,-84.4759,"0.15000 -4.90000 1.10000, -0.55000 -1.25000 0.10000"
1353,0.0000,Tx-Rx,0,-76.7276,"0.15000 -4.90000 1.10000, -0.25000 -1.25000 0.10000"
1354,0.0000,Tx-Rx,0,-57.3273,"0.15000 -4.90000 1.10000, 0.05000 -1.25000 0.10000"
1355,0.0000,Tx-Rx,0,-55.7261,"0.15000 -4.90000 1.10000, 0.35000 -1.25000 0.10000"
1356,0.0000,Tx-Rx,0,-55.8812,"0.15000 -4.90000 1.10000, 0.65000 -1.25000 0.10000"
1357,0.0000,Tx-Rx,0,-56.0238,"0.15000 -4.90000 1.10000, 0.95000 -1.25000 0.10000"
1358,0.0000,Tx-Rx,0,-53.4749,"0.15000 -4.90000 1.10000, 1.25000 -1.25000 0.10000"
1359,0.0000,Tx-Rx,0,-54.2303,"0.15000 -4.90000 1.10000, 1.55000 -1.25000 0.10000"
1360,0.0000,Tx-Rx,0,-57.7033,"0.15000 -4.90000 1.10000, 1.85000 -1.25000 0.10000"
1361,0.0000,Tx-Rx,0,-56.8951,"0.15000 -4.90000 1.10000, 2.15000 -1.25000 0.10000"
1362,0.0000,Tx-Rx,0,-47.9169,"0.15000 -4.90000 1.10000, 2.45000 -1.25000 0.10000"
1363,0.0000,Tx-Rx,0,-47.9162,"0.15000 -4.90000 1.10000, 2.75000 -1.25000 0.10000"
1364,0.0000,Tx-Rx,0,-48.5162,"0.15000 -4.90000 1.10000, 3.05000 -1.25000 0.10000"
1365,0.0000,Tx-Rx,0,-51.2551,"0.15000 -4.90000 1.10000, 3.35000 -1.25000 0.10000"
1366,0.0000,Tx-Rx,0,-60.3312,"0.15000 -4.90000 1.10000, 3.65000 -1.25000 0.10000"
1367,0.0000,Tx-Rx,0,-61.6512,"0.15000 -4.90000 1.10000, 3.95000 -1.25000 0.10000"
1368,0.0000,Tx-Rx,0,-63.5127,"0.15000 -4.90000 1.10000, 4.25000 -1.25000 0.10000"
1369,0.0000,Tx-Rx,0,-64.1766,"0.15000 -4.90000 1.10000, 4.55000 -1.25000 0.10000"
1370,0.0000,Tx-Rx,0,-63.7691,"0.15000 -4.90000 1.10000, 4.85000 -1.25000 0.10000"
1371,0.0000,Tx-Rx,0,-63.8247,"0.15000 -4.90000 1.10000, 5.15000 -1.25000 0.10000"
1372,0.0000,Tx-Rx,0,-63.6334,"0.15000 -4.90000 1.10000, 5.45000 -1.25000 0.10000"
1373,0.0000,Tx-Rx,0,-64.2532,"0.15000 -4.90000 1.10000, 5.75000 -1.25000 0.10000"
1374,0.0000,Tx-Rx,0,-64.3661,"0.15000 -4.90000 1.10000, 6.05000 -1.25000 0.10000"
1375,0.0000,Tx-Rx,0,-64.7799,"0.15000 -4.90000 1.10000, 6.35000 -1.25000 0.10000"
1376,0.0000,Tx-Rx,0,-65.4458,"0.15000 -4.90000 1.10000, 6.65000 -1.25000 0.10000"
1377,0.0000,Tx-Rx,0,-66.8309,"0.15000 -4.90000 1.10000, 6.95000 -1.25000 0.10000"
1378,0.0000,Tx-Rx,0,-62.6867,"0.15000 -4.90000 1.10000, 7.25000 -1.25000 0.10000"
1379,0.0000,Tx-Rx,0,-61.9263,"0.15000 -4.90000 1.10000, 7.55000 -1.25000 0.10000"
1380,0.0000,Tx-Rx,0,-63.0217,"0.15000 -4.90000 1.10000, 7.85000 -1.25000 0.10000"
1381,0.0000,Tx-Rx,0,-80.1599,"0.15000 -4.90000 1.10000, -9.85000 -0.95000 0.10000"
1382,0.0000,Tx-Rx,0,-77.8065,"0.15000 -4.90000 1.10000, -9.55000 -0.95000 0.10000"
1383,0.0000,Tx-Rx,0,-76.9687,"0.15000 -4.90000 1.10000, -9.25000 -0.95000 0.10000"
1384,0.0000,Tx-Rx,0,-78.2821,"0.15000 -4.90000 1.10000, -8.95000 -0.95000 0.10000"
1385,0.0000,Tx-Rx,0,-79.1058,"0.15000 -4.90000 1.10000, -8.65000 -0.95000 0.10000"
1386,0.0000,Tx-Rx,0,-78.5487,"0.15000 -4.90000 1.10000, -8.35000 -0.95000 0.10000"
1387,0.0000,Tx-Rx,0,-78.6930,"0.15000 -4.90000 1.10000, -8.05000 -0.95000 0.10000"
1388,0.0000,Tx-Rx,0,-78.4497,"0.15000 -4.90000 1.10000, -7.75000 -0.95000 0.10000"
1389,0.0000,Tx-Rx,0,-78.7783,"0.15000 -4.90000 1.10000, -7.45000 -0.95000 0.10000"
1390,0.0000,Tx-Rx,0,-78.6967,"0.15000 -4.90000 1.10000, -7.15000 -0.95000 0.10000"
1391,0.0000,Tx-Rx,0,-79.2047,"0.15000 -4.90000 1.10000, -6.85000 -0.95000 0.10000"
1392,0.0000,Tx-Rx,0,-78.5184,"0.15000 -4.90000 1.10000, -6.55000 -0.95000 0.10000"
1393,0.0000,Tx-Rx,0,-78.0680,"0.15000 -4.90000 1.10000, -6.25000 -0.95000 0.10000"
1394,0.0000,Tx-Rx,0,-78.5178,"0.15000 -4.90000 1.10000, -5.95000 -0.95000 0.10000"
1395,0.0000,Tx-Rx,0,-78.2469,"0.15000 -4.90000 1.10000, -5.65000 -0.95000 0.10000"
1396,0.0000,Tx-Rx,0,-77.9955,"0.15000 -4.90000 1.10000, -5.35000 -0.95000 0.10000"
1397,0.0000,Tx-Rx,0,-78.6814,"0.15000 -4.90000 1.10000, -5.05000 -0.95000 0.10000"
1398,0.0000,Tx-Rx,0,-82.1061,"0.15000 -4.90000 1.10000, -4.75000 -0.95000 0.10000"
1399,0.0000,Tx-Rx,0,-82.6500,"0.15000 -4.90000 1.10000, -4.45000 -0.95000 0.10000"
1400,0.0000,Tx-Rx,0,-78.2022,"0.15000 -4.90000 1.10000, -4.15000 -0.95000 0.10000"
1401,0.0000,Tx-Rx,0,-78.7094,"0.15000 -4.90000 1.10000, -3.85000 -0.95000 0.10000"
1402,0.0000,Tx-Rx,0,-81.9926,"0.15000 -4.90000 1.10000, -3.55000 -0.95000 0.10000"
1403,0.0000,Tx-Rx,0,-79.0374,"0.15000 -4.90000 1.10000, -3.25000 -0.95000 0.10000"
1404,0.0000,Tx-Rx,0,-76.8789,"0.15000 -4.90000 1.10000, -2.95000 -0.95000 0.10000"
1405,0.0000,Tx-Rx,0,-77.1498,"0.15000 -4.90000 1.10000, -2.65000 -0.95000 0.10000"
1406,0.0000,Tx-Rx,0,-79.7901,"0.15000 -4.90000 1.10000, -2.35000 -0.95000 0.10000"
1407,0.0000,Tx-Rx,0,-85.5503,"0.15000 -4.90000 1.10000, -2.05000 -0.95000 0.10000"
1408,0.0000,Tx-Rx,0,-86.0655,"0.15000 -4.90000 1.10000, -1.75000 -0.95000 0.10000"
1409,0.0000,Tx-Rx,0,-86.7790,"0.15000 -4.90000 1.10000, -1.45000 -0.95000 0.10000"
1410,0.0000,Tx-Rx,0,-81.7108,"0.15000 -4.90000 1.10000, -1.15000 -0.95000 0.10000"
1411,0.0000,Tx-Rx,0,-85.3219,"0.15000 -4.90000 1.10000, -0.85000 -0.95000 0.10000"
1412,0.0000,Tx-Rx,0,-84.2428,"0.15000 -4.90000 1.10000, -0.55000 -0.95000 0.10000"
1413,0.0000,Tx-Rx,0,-76.8883,"0.15000 -4.90000 1.10000, -0.25000 -0.95000 0.10000"
1414,0.0000,Tx-Rx,0,-59.1943,"0.15000 -4.90000 1.10000, 0.05000 -0.95000 0.10000"
1415,0.0000,Tx-Rx,0,-57.5572,"0.15000 -4.90000 1.10000, 0.35000 -0.95000 0.10000"
1416,0.0000,Tx-Rx,0,-57.2338,"0.15000 -4.90000 1.10000, 0.65000 -0.95000 0.10000"
1417,0.0000,Tx-Rx,0,-55.4722,"0.15000 -4.90000 1.10000, 0.95000 -0.95000 0.10000"
1418,0.0000,Tx-Rx,0,-54.6171,"0.15000 -4.90000 1.10000, 1.25000 -0.95000 0.10000"
1419,0.0000,Tx-Rx,0,-57.1388,"0.15000 -4.90000 1.10000, 1.55000 -0.95000 0.10000"
1420,0.0000,Tx-Rx,0,-56.3549,"0.15000 -4.90000 1.10000, 1.85000 -0.95000 0.10000"
1421,0.0000,Tx-Rx,0,-55.3450,"0.15000 -4.90000 1.10000, 2.15000 -0.95000 0.10000"
1422,0.0000,Tx-Rx,0,-51.2797,"0.15000 -4.90000 1.10000, 2.45000 -0.95000 0.10000"
1423,0.0000,Tx-Rx,0,-48.4430,"0.15000 -4.90000 1.10000, 2.75000 -0.95000 0.10000"
1424,0.0000,Tx-Rx,0,-48.6559,"0.15000 -4.90000 1.10000, 3.05000 -0.95000 0.10000"
1425,0.0000,Tx-Rx,0,-49.1788,"0.15000 -4.90000 1.10000, 3.35000 -0.95000 0.10000"
1426,0.0000,Tx-Rx,0,-52.8054,"0.15000 -4.90000 1.10000, 3.65000 -0.95000 0.10000"
1427,0.0000,Tx-Rx,0,-60.2759,"0.15000 -4.90000 1.10000, 3.95000 -0.95000 0.10000"
1428,0.0000,Tx-Rx,0,-63.1542,"0.15000 -4.90000 1.10000, 4.25000 -0.95000 0.10000"
1429,0.0000,Tx-Rx,0,-63.1871,"0.15000 -4.90000 1.10000, 4.55000 -0.95000 0.10000"
1430,0.0000,Tx-Rx,0,-63.5094,"0.15000 -4.90000 1.10000, 4.85000 -0.95000 0.10000"
1431,0.0000,Tx-Rx,0,-63.9287,"0.15000 -4.90000 1.10000, 5.15000 -0.95000 0.10000"
1432,0.0000,Tx-Rx,0,-64.2715,"0.15000 -4.90000 1.10000, 5.45000 -0.95000 0.10000"
1433,0.0000,Tx-Rx,0,-64.4365,"0.15000 -4.90000 1.10000, 5.75000 -0.95000 0.10000"
1434,0.0000,Tx-Rx,0,-64.2841,"0.15000 -4.90000 1.10000, 6.05000 -0.95000 0.10000"
1435,0.0000,Tx-Rx,0,-65.5181,"0.15000 -4.90000 1.10000, 6.35000 -0.95000 0.10000"
1436,0.0000,Tx-Rx,0,-65.1549,"0.15000 -4.90000 1.10000, 6.65000 -0.95000 0.10000"
1437,0.0000,Tx-Rx,0,-63.8731,"0.15000 -4.90000 1.10000, 6.95000 -0.95000 0.10000"
1438,0.0000,Tx-Rx,0,-61.9469,"0.15000 -4.90000 1.10000, 7.25000 -0.95000 0.10000"
1439,0.0000,Tx-Rx,0,-61.9273,"0.15000 -4.90000 1.10000, 7.55000 -0.95000 0.10000"
1440,0.0000,Tx-Rx,0,-63.3571,"0.15000 -4.90000 1.10000, 7.85000 -0.95000 0.10000"
1441,0.0000,Tx-Rx,0,-78.7833,"0.15000 -4.90000 1.10000, -9.85000 -0.65000 0.10000"
1442,0.0000,Tx-Rx,0,-80.0949,"0.15000 -4.90000 1.10000, -9.55000 -0.65000 0.10000"
1443,0.0000,Tx-Rx,0,-79.3919,"0.15000 -4.90000 1.10000, -9.25000 -0.65000 0.10000"
1444,0.0000,Tx-Rx,0,-81.3334,"0.15000 -4.90000 1.10000, -8.95000 -0.65000 0.10000"
1445,0.0000,Tx-Rx,0,-79.8454,"0.15000 -4.90000 1.10000, -8.65000 -0.65000 0.10000"
1446,0.0000,Tx-Rx,0,-77.9178,"0.15000 -4.90000 1.10000, -8.35000 -0.65000 0.10000"
1447,0.0000,Tx-Rx,0,-78.8911,"0.15000 -4.90000 1.10000, -8.05000 -0.65000 0.10000"
1448,0.0000,Tx-Rx,0,-78.6805,"0.15000 -4.90000 1.10000, -7.75000 -0.65000 0.10000"
1449,0.0000,Tx-Rx,0,-79.7506,"0.15000 -4.90000 1.10000, -7.45000 -0.65000 0.10000"
1450,0.0000,Tx-Rx,0,-78.9237,"0.15000 -4.90000 1.10000, -7.15000 -0.65000 0.10000"
1451,0.0000,Tx-Rx,0,-79.6577,"0.15000 -4.90000 1.10000, -6.85000 -0.65000 0.10000"
1452,0.0000,Tx-Rx,0,-78.9398,"0.15000 -4.90000 1.10000, -6.55000 -0.65000 0.10000"
1453,0.0000,Tx-Rx,0,-78.5636,"0.15000 -4.90000 1.10000, -6.25000 -0.65000 0.10000"
1454,0.0000,Tx-Rx,0,-78.7405,"0.15000 -4.90000 1.10000, -5.95000 -0.65000 0.10000"
1455,0.0000,Tx-Rx,0,-79.1839,"0.15000 -4.90000 1.10000, -5.65000 -0.65000 0.10000"
1456,0.0000,Tx-Rx,0,-78.6656,"0.15000 -4.90000 1.10000, -5.35000 -0.65000 0.10000"
1457,0.0000,Tx-Rx,0,-86.0521,"0.15000 -4.90000 1.10000, -5.05000 -0.65000 0.10000"
1458,0.0000,Tx-Rx,0,-84.6330,"0.15000 -4.90000 1.10000, -4.75000 -0.65000 0.10000"
1459,0.0000,Tx-Rx,0,-80.4109,"0.15000 -4.90000 1.10000, -4.45000 -0.65000 0.10000"
1460,0.0000,Tx-Rx,0,-79.3487,"0.15000 -4.90000 1.10000, -4.15000 -0.65000 0.10000"
1461,0.0000,Tx-Rx,0,-83.1897,"0.15000 -4.90000 1.10000, -3.85000 -0.65000 0.10000"
1462,0.0000,Tx-Rx,0,-82.2561,"0.15000 -4.90000 1.10000, -3.55000 -0.65000 0.10000"
1463,0.0000,Tx-Rx,0,-77.9424,"0.15000 -4.90000 1.10000, -3.25000 -0.65000 0.10000"
1464,0.0000,Tx-Rx,0,-76.9249,"0.15000 -4.90000 1.10000, -2.95000 -0.65000 0.10000"
1465,0.0000,Tx-Rx,0,-78.6143,"0.15000 -4.90000 1.10000, -2.65000 -0.65000 0.10000"
1466,0.0000,Tx-Rx,0,-82.1223,"0.15000 -4.90000 1.10000, -2.35000 -0.65000 0.10000"
1467,0.0000,Tx-Rx,0,-82.5688,"0.15000 -4.90000 1.10000, -2.05000 -0.65000 0.10000"
1468,0.0000,Tx-Rx,0,-83.6164,"0.15000 -4.90000 1.10000, -1.75000 -0.65000 0.10000"
1469,0.0000,Tx-Rx,0,-85.0408,"0.15000 -4.90000 1.10000, -1.45000 -0.65000 0.10000"
1470,0.0000,Tx-Rx,0,-85.5023,"0.15000 -4.90000 1.10000, -1.15000 -0.65000 0.10000"
1471,0.0000,Tx-Rx,0,-83.4027,"0.15000 -4.90000 1.10000, -0.85000 -0.65000 0.10000"
1472,0.0000,Tx-Rx,0,-84.4488,"0.15000 -4.90000 1.10000, -0.55000 -0.65000 0.10000"
1473,0.0000,Tx-Rx,0,-76.9458,"0.15000 -4.90000 1.10000, -0.25000 -0.65000 0.10000"
1474,0.0000,Tx-Rx,0,-55.8734,"0.15000 -4.90000 1.10000, 0.05000 -0.65000 0.10000"
1475,0.0000,Tx-Rx,0,-53.9648,"0.15000 -4.90000 1.10000, 0.35000 -0.65000 0.10000"
1476,0.0000,Tx-Rx,0,-52.8287,"0.15000 -4.90000 1.10000, 0.65000 -0.65000 0.10000"
1477,0.0000,Tx-Rx,0,-52.9629,"0.15000 -4.90000 1.10000, 0.95000 -0.65000 0.10000"
1478,0.0000,Tx-Rx,0,-54.3223,"0.15000 -4.90000 1.10000, 1.25000 -0.65000 0.10000"
1479,0.0000,Tx-Rx,0,-54.2735,"0.15000 -4.90000 1.10000, 1.55000 -0.65000 0.10000"
1480,0.0000,Tx-Rx,0,-54.4129,"0.15000 -4.90000 1.10000, 1.85000 -0.65000 0.10000"
1481,0.0000,Tx-Rx,0,-54.1730,"0.15000 -4.90000 1.10000, 2.15000 -0.65000 0.10000"
1482,0.0000,Tx-Rx,0,-53.4763,"0.15000 -4.90000 1.10000, 2.45000 -0.65000 0.10000"
1483,0.0000,Tx-Rx,0,-50.0430,"0.15000 -4.90000 1.10000, 2.75000 -0.65000 0.10000"
1484,0.0000,Tx-Rx,0,-49.2107,"0.15000 -4.90000 1.10000, 3.05000 -0.65000 0.10000"
1485,0.0000,Tx-Rx,0,-49.4329,"0.15000 -4.90000 1.10000, 3.35000 -0.65000 0.10000"
1486,0.0000,Tx-Rx,0,-49.7520,"0.15000 -4.90000 1.10000, 3.65000 -0.65000 0.10000"
1487,0.0000,Tx-Rx,0,-52.9396,"0.15000 -4.90000 1.10000, 3.95000 -0.65000 0.10000"
1488,0.0000,Tx-Rx,0,-59.8783,"0.15000 -4.90000 1.10000, 4.25000 -0.65000 0.10000"
1489,0.0000,Tx-Rx,0,-62.2831,"0.15000 -4.90000 1.10000, 4.55000 -0.65000 0.10000"
1490,0.0000,Tx-Rx,0,-63.3582,"0.15000 -4.90000 1.10000, 4.85000 -0.65000 0.10000"
1491,0.0000,Tx-Rx,0,-64.0066,"0.15000 -4.90000 1.10000, 5.15000 -0.65000 0.10000"
1492,0.0000,Tx-Rx,0,-64.2208,"0.15000 -4.90000 1.10000, 5.45000 -0.65000 0.10000"
1493,0.0000,Tx-Rx,0,-64.5323,"0.15000 -4.90000 1.10000, 5.75000 -0.65000 0.10000"
1494,0.0000,Tx-Rx,0,-65.6715,"0.15000 -4.90000 1.10000, 6.05000 -0.65000 0.10000"
1495,0.0000,Tx-Rx,0,-66.0027,"0.15000 -4.90000 1.10000, 6.35000 -0.65000 0.10000"
1496,0.0000,Tx-Rx,0,-64.2195,"0.15000 -4.90000 1.10000, 6.65000 -0.65000 0.10000"
1497,0.0000,Tx-Rx,0,-61.5506,"0.15000 -4.90000 1.10000, 6.95000 -0.65000 0.10000"
1498,0.0000,Tx-Rx,0,-62.1182,"0.15000 -4.90000 1.10000, 7.25000 -0.65000 0.10000"
1499,0.0000,Tx-Rx,0,-63.0973,"0.15000 -4.90000 1.10000, 7.55000 -0.65000 0.10000"
1500,0.0000,Tx-Rx,0,-65.5268,"0.15000 -4.90000 1.10000, 7.85000 -0.65000 0.10000"
1501,0.0000,Tx-Rx,0,-80.1002,"0.15000 -4.90000 1.10000, -9.85000 -0.35000 0.10000"
1502,0.0000,Tx-Rx,0,-84.5486,"0.15000 -4.90000 1.10000, -9.55000 -0.35000 0.10000"
1503,0.0000,Tx-Rx,0,-85.4065,"0.15000 -4.90000 1.10000, -9.25000 -0.35000 0.10000"
1504,0.0000,Tx-Rx,0,-270.0000,"0.15000 -4.90000 1.10000, -8.95000 -0.35000 0.10000"
1505,0.0000,Tx-Rx,0,-90.5700,"0.15000 -4.90000 1.10000, -8.65000 -0.35000 0.10000"
1506,0.0000,Tx-Rx,0,-77.5265,"0.15000 -4.90000 1.10000, -8.35000 -0.35000 0.10000"
1507,0.0000,Tx-Rx,0,-77.5152,"0.15000 -4.90000 1.10000, -8.05000 -0.35000 0.10000"
1508,0.0000,Tx-Rx,0,-78.2998,"0.15000 -4.90000 1.10000, -7.75000 -0.35000 0.10000"
1509,0.0000,Tx-Rx,0,-78.9179,"0.15000 -4.90000 1.10000, -7.45000 -0.35000 0.10000"
1510,0.0000,Tx-Rx,0,-78.8674,"0.15000 -4.90000 1.10000, -7.15000 -0.35000 0.10000"
1511,0.0000,Tx-Rx,0,-79.6497,"0.15000 -4.90000 1.10000, -6.85000 -0.35000 0.10000"
1512,0.0000,Tx-Rx,0,-78.8532,"0.15000 -4.90000 1.10000, -6.55000 -0.35000 0.10000"
1513,0.0000,Tx-Rx,0,-79.0504,"0.15000 -4.90000 1.10000, -6.25000 -0.35000 0.10000"
1514,0.0000,Tx-Rx,0,-78.3461,"0.15000 -4.90000 1.10000, -5.95000 -0.35000 0.10000"
1515,0.0000,Tx-Rx,0,-80.3768,"0.15000 -4.90000 1.10000, -5.65000 -0.35000 0.10000"
1516,0.0000,Tx-Rx,0,-82.6288,"0.15000 -4.90000 1.10000, -5.35000 -0.35000 0.10000"
1517,0.0000,Tx-Rx,0,-84.6391,"0.15000 -4.90000 1.10000, -5.05000 -0.35000 0.10000"
1518,0.0000,Tx-Rx,0,-79.6172,"0.15000 -4.90000 1.10000, -4.75000 -0.35000 0.10000"
1519,0.0000,Tx-Rx,0,-79.2596,"0.15000 -4.90000 1.10000, -4.45000 -0.35000 0.10000"
1520,0.0000,Tx-Rx,0,-83.6772,"0.15000 -4.90000 1.10000, -4.15000 -0.35000 0.10000"
1521,0.0000,Tx-Rx,0,-84.8576,"0.15000 -4.90000 1.10000, -3.85000 -0.35000 0.10000"
1522,0.0000,Tx-Rx,0,-80.5290,"0.15000 -4.90000 1.10000, -3.55000 -0.35000 0.10000"
1523,0.0000,Tx-Rx,0,-79.0135,"0.15000 -4.90000 1.10000, -3.25000 -0.35000 0.10000"
1524,0.0000,Tx-Rx,0,-78.3483,"0.15000 -4.90000 1.10000, -2.95000 -0.35000 0.10000"
1525,0.0000,Tx-Rx,0,-81.9076,"0.15000 -4.90000 1.10000, -2.65000 -0.35000 0.10000"
1526,0.0000,Tx-Rx,0,-82.4433,"0.15000 -4.90000 1.10000, -2.35000 -0.35000 0.10000"
1527,0.0000,Tx-Rx,0,-82.7892,"0.15000 -4.90000 1.10000, -2.05000 -0.35000 0.10000"
1528,0.0000,Tx-Rx,0,-82.5885,"0.15000 -4.90000 1.10000, -1.75000 -0.35000 0.10000"
1529,0.0000,Tx-Rx,0,-82.7956,"0.15000 -4.90000 1.10000, -1.45000 -0.35000 0.10000"
1530,0.0000,Tx-Rx,0,-84.7029,"0.15000 -4.90000 1.10000, -1.15000 -0.35000 0.10000"
1531,0.0000,Tx-Rx,0,-81.8002,"0.15000 -4.90000 1.10000, -0.85000 -0.35000 0.10000"
1532,0.0000,Tx-Rx,0,-83.5952,"0.15000 -4.90000 1.10000, -0.55000 -0.35000 0.10000"
1533,0.0000,Tx-Rx,0,-76.1703,"0.15000 -4.90000 1.10000, -0.25000 -0.35000 0.10000"
1534,0.0000,Tx-Rx,0,-55.1083,"0.15000 -4.90000 1.10000, 0.05000 -0.35000 0.10000"
1535,0.0000,Tx-Rx,0,-52.4603,"0.15000 -4.90000 1.10000, 0.35000 -0.35000 0.10000"
1536,0.0000,Tx-Rx,0,-52.2324,"0.15000 -4.90000 1.10000, 0.65000 -0.35000 0.10000"
1537,0.0000,Tx-Rx,0,-53.8328,"0.15000 -4.90000 1.10000, 0.95000 -0.35000 0.10000"
1538,0.0000,Tx-Rx,0,-54.0535,"0.15000 -4.90000 1.10000, 1.25000 -0.35000 0.10000"
1539,0.0000,Tx-Rx,0,-54.2569,"0.15000 -4.90000 1.10000, 1.55000 -0.35000 0.10000"
1540,0.0000,Tx-Rx,0,-54.0993,"0.15000 -4.90000 1.10000, 1.85000 -0.35000 0.10000"
1541,0.0000,Tx-Rx,0,-54.4418,"0.15000 -4.90000 1.10000, 2.15000 -0.35000 0.10000"
1542,0.0000,Tx-Rx,0,-54.3731,"0.15000 -4.90000 1.10000, 2.45000 -0.35000 0.10000"
1543,0.0000,Tx-Rx,0,-52.8234,"0.15000 -4.90000 1.10000, 2.75000 -0.35000 0.10000"
1544,0.0000,Tx-Rx,0,-49.5858,"0.15000 -4.90000 1.10000, 3.05000 -0.35000 0.10000"
1545,0.0000,Tx-Rx,0,-49.7794,"0.15000 -4.90000 1.10000, 3.35000 -0.35000 0.10000"
1546,0.0000,Tx-Rx,0,-50.0246,"0.15000 -4.90000 1.10000, 3.65000 -0.35000 0.10000"
1547,0.0000,Tx-Rx,0,-50.4288,"0.15000 -4.90000 1.10000, 3.95000 -0.35000 0.10000"
1548,0.0000,Tx-Rx,0,-52.6309,"0.15000 -4.90000 1.10000, 4.25000 -0.35000 0.10000"
1549,0.0000,Tx-Rx,0,-59.9981,"0.15000 -4.90000 1.10000, 4.55000 -0.35000 0.10000"
1550,0.0000,Tx-Rx,0,-62.4934,"0.15000 -4.90000 1.10000, 4.85000 -0.35000 0.10000"
1551,0.0000,Tx-Rx,0,-63.9590,"0.15000 -4.90000 1.10000, 5.15000 -0.35000 0.10000"
1552,0.0000,Tx-Rx,0,-64.3560,"0.15000 -4.90000 1.10000, 5.45000 -0.35000 0.10000"
1553,0.0000,Tx-Rx,0,-64.6021,"0.15000 -4.90000 1.10000, 5.75000 -0.35000 0.10000"
1554,0.0000,Tx-Rx,0,-66.3952,"0.15000 -4.90000 1.10000, 6.05000 -0.35000 0.10000"
1555,0.0000,Tx-Rx,0,-66.0522,"0.15000 -4.90000 1.10000, 6.35000 -0.35000 0.10000"
1556,0.0000,Tx-Rx,0,-61.6264,"0.15000 -4.90000 1.10000, 6.65000 -0.35000 0.10000"
1557,0.0000,Tx-Rx,0,-61.6108,"0.15000 -4.90000 1.10000, 6.95000 -0.35000 0.10000"
1558,0.0000,Tx-Rx,0,-62.1284,"0.15000 -4.90000 1.10000, 7.25000 -0.35000 0.10000"
1559,0.0000,Tx-Rx,0,-64.5671,"0.15000 -4.90000 1.10000, 7.55000 -0.35000 0.10000"
1560,0.0000,Tx-Rx,0,-67.3440,"0.15000 -4.90000 1.10000, 7.85000 -0.35000 0.10000"
1561,0.0000,Tx-Rx,0,-87.4377,"0.15000 -4.90000 1.10000, -9.85000 -0.05000 0.10000"
1562,0.0000,Tx-Rx,0,-85.3104,"0.15000 -4.90000 1.10000, -9.55000 -0.05000 0.10000"
1563,0.0000,Tx-Rx,0,-87.6954,"0.15000 -4.90000 1.10000, -9.25000 -0.05000 0.10000"
1564,0.0000,Tx-Rx,0,-91.8564,"0.15000 -4.90000 1.10000, -8.95000 -0.05000 0.10000"
1565,0.0000,Tx-Rx,0,-85.1766,"0.15000 -4.90000 1.10000, -8.65000 -0.05000 0.10000"
1566,0.0000,Tx-Rx,0,-78.1701,"0.15000 -4.90000 1.10000, -8.35000 -0.05000 0.10000"
1567,0.0000,Tx-Rx,0,-77.5476,"0.15000 -4.90000 1.10000, -8.05000 -0.05000 0.10000"
1568,0.0000,Tx-Rx,0,-77.6764,"0.15000 -4.90000 1.10000, -7.75000 -0.05000 0.10000"
1569,0.0000,Tx-Rx,0,-77.9524,"0.15000 -4.90000 1.10000, -7.45000 -0.05000 0.10000"
1570,0.0000,Tx-Rx,0,-78.3462,"0.15000 -4.90000 1.10000, -7.15000 -0.05000 0.10000"
1571,0.0000,Tx-Rx,0,-78.7096,"0.15000 -4.90000 1.10000, -6.85000 -0.05000 0.10000"
1572,0.0000,Tx-Rx,0,-79.2244,"0.15000 -4.90000 1.10000, -6.55000 -0.05000 0.10000"
1573,0.0000,Tx-Rx,0,-79.7110,"0.15000 -4.90000 1.10000, -6.25000 -0.05000 0.10000"
1574,0.0000,Tx-Rx,0,-82.5279,"0.15000 -4.90000 1.10000, -5.95000 -0.05000 0.10000"
1575,0.0000,Tx-Rx,0,-84.5031,"0.15000 -4.90000 1.10000, -5.65000 -0.05000 0.10000"
1576,0.0000,Tx-Rx,0,-82.8862,"0.15000 -4.90000 1.10000, -5.35000 -0.05000 0.10000"
1577,0.0000,Tx-Rx,0,-80.8787,"0.15000 -4.90000 1.10000, -5.05000 -0.05000 0.10000"
1578,0.0000,Tx-Rx,0,-78.9361,"0.15000 -4.90000 1.10000, -4.75000 -0.05000 0.10000"
1579,0.0000,Tx-Rx,0,-83.9201,"0.15000 -4.90000 1.10000, -4.45000 -0.05000 0.10000"
1580,0.0000,Tx-Rx,0,-84.9765,"0.15000 -4.90000 1.10000, -4.15000 -0.05000 0.10000"
1581,0.0000,Tx-Rx,0,-82.6144,"0.15000 -4.90000 1.10000, -3.85000 -0.05000 0.10000"
1582,0.0000,Tx-Rx,0,-79.3434,"0.15000 -4.90000 1.10000, -3.55000 -0.05000 0.10000"
1583,0.0000,Tx-Rx,0,-79.4531,"0.15000 -4.90000 1.10000, -3.25000 -0.05000 0.10000"
1584,0.0000,Tx-Rx,0,-82.5375,"0.15000 -4.90000 1.10000, -2.95000 -0.05000 0.10000"
1585,0.0000,Tx-Rx,0,-83.2047,"0.15000 -4.90000 1.10000, -2.65000 -0.05000 0.10000"
1586,0.0000,Tx-Rx,0,-82.5183,"0.15000 -4.90000 1.10000, -2.35000 -0.05000 0.10000"
1587,0.0000,Tx-Rx,0,-83.0012,"0.15000 -4.90000 1.10000, -2.05000 -0.05000 0.10000"
1588,0.0000,Tx-Rx,0,-83.2676,"0.15000 -4.90000 1.10000, -1.75000 -0.05000 0.10000"
1589,0.0000,Tx-Rx,0,-83.2841,"0.15000 -4.90000 1.10000, -1.45000 -0.05000 0.10000"
1590,0.0000,Tx-Rx,0,-82.9003,"0.15000 -4.90000 1.10000, -1.15000 -0.05000 0.10000"
1591,0.0000,Tx-Rx,0,-82.5028,"0.15000 -4.90000 1.10000, -0.85000 -0.05000 0.10000"
1592,0.0000,Tx-Rx,0,-83.9284,"0.15000 -4.90000 1.10000, -0.55000 -0.05000 0.10000"
1593,0.0000,Tx-Rx,0,-76.3222,"0.15000 -4.90000 1.10000, -0.25000 -0.05000 0.10000"
1594,0.0000,Tx-Rx,0,-54.3075,"0.15000 -4.90000 1.10000, 0.05000 -0.05000 0.10000"
1595,0.0000,Tx-Rx,0,-52.7213,"0.15000 -4.90000 1.10000, 0.35000 -0.05000 0.10000"
1596,0.0000,Tx-Rx,0,-53.8783,"0.15000 -4.90000 1.10000, 0.65000 -0.05000 0.10000"
1597,0.0000,Tx-Rx,0,-54.3148,"0.15000 -4.90000 1.10000, 0.95000 -0.05000 0.10000"
1598,0.0000,Tx-Rx,0,-54.3522,"0.15000 -4.90000 1.10000, 1.25000 -0.05000 0.10000"
1599,0.0000,Tx-Rx,0,-54.3414,"0.15000 -4.90000 1.10000, 1.55000 -0.05000 0.10000"
1600,0.0000,Tx-Rx,0,-54.8899,"0.15000 -4.90000 1.10000, 1.85000 -0.05000 0.10000"
1601,0.0000,Tx-Rx,0,-54.5668,"0.15000 -4.90000 1.10000, 2.15000 -0.05000 0.10000"
1602,0.0000,Tx-Rx,0,-54.1244,"0.15000 -4.90000 1.10000, 2.45000 -0.05000 0.10000"
1603,0.0000,Tx-Rx,0,-55.5554,"0.15000 -4.90000 1.10000, 2.75000 -0.05000 0.10000"
1604,0.0000,Tx-Rx,0,-51.8332,"0.15000 -4.90000 1.10000, 3.05000 -0.05000 0.10000"
1605,0.0000,Tx-Rx,0,-50.0114,"0.15000 -4.90000 1.10000, 3.35000 -0.05000 0.10000"
1606,0.0000,Tx-Rx,0,-50.4753,"0.15000 -4.90000 1.10000, 3.65000 -0.05000 0.10000"
1607,0.0000,Tx-Rx,0,-50.5434,"0.15000 -4.90000 1.10000, 3.95000 -0.05000 0.10000"
1608,0.0000,Tx-Rx,0,-50.8557,"0.15000 -4.90000 1.10000, 4.25000 -0.05000 0.10000"
1609,0.0000,Tx-Rx,0,-53.6358,"0.15000 -4.90000 1.10000, 4.55000 -0.05000 0.10000"
1610,0.0000,Tx-Rx,0,-60.7416,"0.15000 -4.90000 1.10000, 4.85000 -0.05000 0.10000"
1611,0.0000,Tx-Rx,0,-62.9868,"0.15000 -4.90000 1.10000, 5.15000 -0.05000 0.10000"
1612,0.0000,Tx-Rx,0,-63.9853,"0.15000 -4.90000 1.10000, 5.45000 -0.05000 0.10000"
1613,0.0000,Tx-Rx,0,-65.1215,"0.15000 -4.90000 1.10000, 5.75000 -0.05000 0.10000"
1614,0.0000,Tx-Rx,0,-66.5490,"0.15000 -4.90000 1.10000, 6.05000 -0.05000 0.10000"
1615,0.0000,Tx-Rx,0,-62.9234,"0.15000 -4.90000 1.10000, 6.35000 -0.05000 0.10000"
1616,0.0000,Tx-Rx,0,-61.8686,"0.15000 -4.90000 1.10000, 6.65000 -0.05000 0.10000"
1617,0.0000,Tx-Rx,0,-62.4357,"0.15000 -4.90000 1.10000, 6.95000 -0.05000 0.10000"
1618,0.0000,Tx-Rx,0,-63.1949,"0.15000 -4.90000 1.10000, 7.25000 -0.05000 0.10000"
1619,0.0000,Tx-Rx,0,-65.9381,"0.15000 -4.90000 1.10000, 7.55000 -0.05000 0.10000"
1620,0.0000,Tx-Rx,0,-67.3832,"0.15000 -4.90000 1.10000, 7.85000 -0.05000 0.10000"
1621,0.0000,Tx-Rx,0,-88.5231,"0.15000 -4.90000 1.10000, -9.85000 0.25000 0.10000"
1622,0.0000,Tx-Rx,0,-89.3169,"0.15000 -4.90000 1.10000, -9.55000 0.25000 0.10000"
1623,0.0000,Tx-Rx,0,-85.2142,"0.15000 -4.90000 1.10000, -9.25000 0.25000 0.10000"
1624,0.0000,Tx-Rx,0,-80.8908,"0.15000 -4.90000 1.10000, -8.95000 0.25000 0.10000"
1625,0.0000,Tx-Rx,0,-80.3050,"0.15000 -4.90000 1.10000, -8.65000 0.25000 0.10000"
1626,0.0000,Tx-Rx,0,-80.0837,"0.15000 -4.90000 1.10000, -8.35000 0.25000 0.10000"
1627,0.0000,Tx-Rx,0,-78.7986,"0.15000 -4.90000 1.10000, -8.05000 0.25000 0.10000"
1628,0.0000,Tx-Rx,0,-77.0846,"0.15000 -4.90000 1.10000, -7.75000 0.25000 0.10000"
1629,0.0000,Tx-Rx,0,-76.7034,"0.15000 -4.90000 1.10000, -7.45000 0.25000 0.10000"
1630,0.0000,Tx-Rx,0,-79.3471,"0.15000 -4.90000 1.10000, -7.15000 0.25000 0.10000"
1631,0.0000,Tx-Rx,0,-79.4673,"0.15000 -4.90000 1.10000, -6.85000 0.25000 0.10000"
1632,0.0000,Tx-Rx,0,-79.0212,"0.15000 -4.90000 1.10000, -6.55000 0.25000 0.10000"
1633,0.0000,Tx-Rx,0,-83.8245,"0.15000 -4.90000 1.10000, -6.25000 0.25000 0.10000"
1634,0.0000,Tx-Rx,0,-84.4710,"0.15000 -4.90000 1.10000, -5.95000 0.25000 0.10000"
1635,0.0000,Tx-Rx,0,-83.8924,"0.15000 -4.90000 1.10000, -5.65000 0.25000 0.10000"
1636,0.0000,Tx-Rx,0,-80.5509,"0.15000 -4.90000 1.10000, -5.35000 0.25000 0.10000"
1637,0.0000,Tx-Rx,0,-80.2692,"0.15000 -4.90000 1.10000, -5.05000 0.25000 0.10000"
1638,0.0000,Tx-Rx,0,-82.5920,"0.15000 -4.90000 1.10000, -4.75000 0.25000 0.10000"
1639,0.0000,Tx-Rx,0,-82.3014,"0.15000 -4.90000 1.10000, -4.45000 0.25000 0.10000"
1640,0.0000,Tx-Rx,0,-80.4388,"0.15000 -4.90000 1.10000, -4.15000 0.25000 0.10000"
1641,0.0000,Tx-Rx,0,-78.3252,"0.15000 -4.90000 1.10000, -3.85000 0.25000 0.10000"
1642,0.0000,Tx-Rx,0,-80.5465,"0.15000 -4.90000 1.10000, -3.55000 0.25000 0.10000"
1643,0.0000,Tx-Rx,0,-80.8453,"0.15000 -4.90000 1.10000, -3.25000 0.25000 0.10000"
1644,0.0000,Tx-Rx,0,-85.4477,"0.15000 -4.90000 1.10000, -2.95000 0.25000 0.10000"
1645,0.0000,Tx-Rx,0,-85.3711,"0.15000 -4.90000 1.10000, -2.65000 0.25000 0.10000"
1646,0.0000,Tx-Rx,0,-83.4046,"0.15000 -4.90000 1.10000, -2.35000 0.25000 0.10000"
1647,0.0000,Tx-Rx,0,-83.0326,"0.15000 -4.90000 1.10000, -2.05000 0.25000 0.10000"
1648,0.0000,Tx-Rx,0,-82.8517,"0.15000 -4.90000 1.10000, -1.75000 0.25000 0.10000"
1649,0.0000,Tx-Rx,0,-83.1693,"0.15000 -4.90000 1.10000, -1.45000 0.25000 0.10000"
1650,0.0000,Tx-Rx,0,-82.7091,"0.15000 -4.90000 1.10000, -1.15000 0.25000 0.10000"
1651,0.0000,Tx-Rx,0,-81.3313,"0.15000 -4.90000 1.10000, -0.85000 0.25000 0.10000"
1652,0.0000,Tx-Rx,0,-81.2773,"0.15000 -4.90000 1.10000, -0.55000 0.25000 0.10000"
1653,0.0000,Tx-Rx,0,-75.6067,"0.15000 -4.90000 1.10000, -0.25000 0.25000 0.10000"
1654,0.0000,Tx-Rx,0,-54.4612,"0.15000 -4.90000 1.10000, 0.05000 0.25000 0.10000"
1655,0.0000,Tx-Rx,0,-53.8331,"0.15000 -4.90000 1.10000, 0.35000 0.25000 0.10000"
1656,0.0000,Tx-Rx,0,-54.3606,"0.15000 -4.90000 1.10000, 0.65000 0.25000 0.10000"
1657,0.0000,Tx-Rx,0,-54.4804,"0.15000 -4.90000 1.10000, 0.95000 0.25000 0.10000"
1658,0.0000,Tx-Rx,0,-54.6090,"0.15000 -4.90000 1.10000, 1.25000 0.25000 0.10000"
1659,0.0000,Tx-Rx,0,-54.7223,"0.15000 -4.90000 1.10000, 1.55000 0.25000 0.10000"
1660,0.0000,Tx-Rx,0,-54.9582,"0.15000 -4.90000 1.10000, 1.85000 0.25000 0.10000"
1661,0.0000,Tx-Rx,0,-54.9901,"0.15000 -4.90000 1.10000, 2.15000 0.25000 0.10000"
1662,0.0000,Tx-Rx,0,-54.4106,"0.15000 -4.90000 1.10000, 2.45000 0.25000 0.10000"
1663,0.0000,Tx-Rx,0,-54.1287,"0.15000 -4.90000 1.10000, 2.75000 0.25000 0.10000"
1664,0.0000,Tx-Rx,0,-55.2062,"0.15000 -4.90000 1.10000, 3.05000 0.25000 0.10000"
1665,0.0000,Tx-Rx,0,-51.0972,"0.15000 -4.90000 1.10000, 3.35000 0.25000 0.10000"
1666,0.0000,Tx-Rx,0,-50.8178,"0.15000 -4.90000 1.10000, 3.65000 0.25000 0.10000"
1667,0.0000,Tx-Rx,0,-50.7580,"0.15000 -4.90000 1.10000, 3.95000 0.25000 0.10000"
1668,0.0000,Tx-Rx,0,-50.9846,"0.15000 -4.90000 1.10000, 4.25000 0.25000 0.10000"
1669,0.0000,Tx-Rx,0,-51.1583,"0.15000 -4.90000 1.10000, 4.55000 0.25000 0.10000"
1670,0.0000,Tx-Rx,0,-54.6452,"0.15000 -4.90000 1.10000, 4.85000 0.25000 0.10000"
1671,0.0000,Tx-Rx,0,-61.1222,"0.15000 -4.90000 1.10000, 5.15000 0.25000 0.10000"
1672,0.0000,Tx-Rx,0,-63.3952,"0.15000 -4.90000 1.10000, 5.45000 0.25000 0.10000"
1673,0.0000,Tx-Rx,0,-65.3649,"0.15000 -4.90000 1.10000, 5.75000 0.25000 0.10000"
1674,0.0000,Tx-Rx,0,-62.9080,"0.15000 -4.90000 1.10000, 6.05000 0.25000 0.10000"
1675,0.0000,Tx-Rx,0,-61.4295,"0.15000 -4.90000 1.10000, 6.35000 0.25000 0.10000"
1676,0.0000,Tx-Rx,0,-62.8077,"0.15000 -4.90000 1.10000, 6.65000 0.25000 0.10000"
1677,0.0000,Tx-Rx,0,-63.4179,"0.15000 -4.90000 1.10000, 6.95000 0.25000 0.10000"
1678,0.0000,Tx-Rx,0,-66.7231,"0.15000 -4.90000 1.10000, 7.25000 0.25000 0.10000"
1679,0.0000,Tx-Rx,0,-65.7976,"0.15000 -4.90000 1.10000, 7.55000 0.25000 0.10000"
1680,0.0000,Tx-Rx,0,-67.2238,"0.15000 -4.90000 1.10000, 7.85000 0.25000 0.10000"
1681,0.0000,Tx-Rx,0,-86.9505,"0.15000 -4.90000 1.10000, -9.85000 0.55000 0.10000"
1682,0.0000,Tx-Rx,0,-81.4691,"0.15000 -4.90000 1.10000, -9.55000 0.55000 0.10000"
1683,0.0000,Tx-Rx,0,-79.4610,"0.15000 -4.90000 1.10000, -9.25000 0.55000 0.10000"
1684,0.0000,Tx-Rx,0,-80.3417,"0.15000 -4.90000 1.10000, -8.95000 0.55000 0.10000"
1685,0.0000,Tx-Rx,0,-79.5699,"0.15000 -4.90000 1.10000, -8.65000 0.55000 0.10000"
1686,0.0000,Tx-Rx,0,-80.1597,"0.15000 -4.90000 1.10000, -8.35000 0.55000 0.10000"
1687,0.0000,Tx-Rx,0,-80.4284,"0.15000 -4.90000 1.10000, -8.05000 0.55000 0.10000"
1688,0.0000,Tx-Rx,0,-79.2705,"0.15000 -4.90000 1.10000, -7.75000 0.55000 0.10000"
1689,0.0000,Tx-Rx,0,-79.4539,"0.15000 -4.90000 1.10000, -7.45000 0.55000 0.10000"
1690,0.0000,Tx-Rx,0,-77.6770,"0.15000 -4.90000 1.10000, -7.15000 0.55000 0.10000"
1691,0.0000,Tx-Rx,0,-79.1576,"0.15000 -4.90000 1.10000, -6.85000 0.55000 0.10000"
1692,0.0000,Tx-Rx,0,-80.9742,"0.15000 -4.90000 1.10000, -6.55000 0.55000 0.10000"
1693,0.0000,Tx-Rx,0,-81.2762,"0.15000 -4.90000 1.10000, -6.25000 0.55000 0.10000"
1694,0.0000,Tx-Rx,0,-85.0946,"0.15000 -4.90000 1.10000, -5.95000 0.55000 0.10000"
1695,0.0000,Tx-Rx,0,-80.9292,"0.15000 -4.90000 1.10000, -5.65000 0.55000 0.10000"
1696,0.0000,Tx-Rx,0,-83.3456,"0.15000 -4.90000 1.10000, -5.35000 0.55000 0.10000"
1697,0.0000,Tx-Rx,0,-85.1225,"0.15000 -4.90000 1.10000, -5.05000 0.55000 0.10000"
1698,0.0000,Tx-Rx,0,-84.6168,"0.15000 -4.90000 1.10000, -4.75000 0.55000 0.10000"
1699,0.0000,Tx-Rx,0,-80.8484,"0.15000 -4.90000 1.10000, -4.45000 0.55000 0.10000"
1700,0.0000,Tx-Rx,0,-79.3060,"0.15000 -4.90000 1.10000, -4.15000 0.55000 0.10000"
1701,0.0000,Tx-Rx,0,-79.3158,"0.15000 -4.90000 1.10000, -3.85000 0.55000 0.10000"
1702,0.0000,Tx-Rx,0,-79.6658,"0.15000 -4.90000 1.10000, -3.55000 0.55000 0.10000"
1703,0.0000,Tx-Rx,0,-82.9698,"0.15000 -4.90000 1.10000, -3.25000 0.55000 0.10000"
1704,0.0000,Tx-Rx,0,-85.0638,"0.15000 -4.90000 1.10000, -2.95000 0.55000 0.10000"
1705,0.0000,Tx-Rx,0,-83.5775,"0.15000 -4.90000 1.10000, -2.65000 0.55000 0.10000"
1706,0.0000,Tx-Rx,0,-83.7499,"0.15000 -4.90000 1.10000, -2.35000 0.55000 0.10000"
1707,0.0000,Tx-Rx,0,-83.3962,"0.15000 -4.90000 1.10000, -2.05000 0.55000 0.10000"
1708,0.0000,Tx-Rx,0,-82.4426,"0.15000 -4.90000 1.10000, -1.75000 0.55000 0.10000"
1709,0.0000,Tx-Rx,0,-82.6902,"0.15000 -4.90000 1.10000, -1.45000 0.55000 0.10000"
1710,0.0000,Tx-Rx,0,-82.9429,"0.15000 -4.90000 1.10000, -1.15000 0.55000 0.10000"
1711,0.0000,Tx-Rx,0,-81.3432,"0.15000 -4.90000 1.10000, -0.85000 0.55000 0.10000"
1712,0.0000,Tx-Rx,0,-78.5417,"0.15000 -4.90000 1.10000, -0.55000 0.55000 0.10000"
1713,0.0000,Tx-Rx,0,-75.4448,"0.15000 -4.90000 1.10000, -0.25000 0.55000 0.10000"
1714,0.0000,Tx-Rx,0,-55.9852,"0.15000 -4.90000 1.10000, 0.05000 0.55000 0.10000"
1715,0.0000,Tx-Rx,0,-54.2449,"0.15000 -4.90000 1.10000, 0.35000 0.55000 0.10000"
1716,0.0000,Tx-Rx,0,-54.5398,"0.15000 -4.90000 1.10000, 0.65000 0.55000 0.10000"
1717,0.0000,Tx-Rx,0,-54.7892,"0.15000 -4.90000 1.10000, 0.95000 0.55000 0.10000"
1718,0.0000,Tx-Rx,0,-55.0501,"0.15000 -4.90000 1.10000, 1.25000 0.55000 0.10000"
1719,0.0000,Tx-Rx,0,-55.1183,"0.15000 -4.90000 1.10000, 1.55000 0.55000 0.10000"
1720,0.0000,Tx-Rx,0,-55.5884,"0.15000 -4.90000 1.10000, 1.85000 0.55000 0.10000"
1721,0.0000,Tx-Rx,0,-55.4832,"0.15000 -4.90000 1.10000, 2.15000 0.55000 0.10000"
1722,0.0000,Tx-Rx,0,-55.1748,"0.15000 -4.90000 1.10000, 2.45000 0.55000 0.10000"
1723,0.0000,Tx-Rx,0,-54.5199,"0.15000 -4.90000 1.10000, 2.75000 0.55000 0.10000"
1724,0.0000,Tx-Rx,0,-55.1016,"0.15000 -4.90000 1.10000, 3.05000 0.55000 0.10000"
1725,0.0000,Tx-Rx,0,-53.9545,"0.15000 -4.90000 1.10000, 3.35000 0.55000 0.10000"
1726,0.0000,Tx-Rx,0,-50.5174,"0.15000 -4.90000 1.10000, 3.65000 0.55000 0.10000"
1727,0.0000,Tx-Rx,0,-50.8067,"0.15000 -4.90000 1.10000, 3.95000 0.55000 0.10000"
1728,0.0000,Tx-Rx,0,-51.5293,"0.15000 -4.90000 1.10000, 4.25000 0.55000 0.10000"
1729,0.0000,Tx-Rx,0,-51.4042,"0.15000 -4.90000 1.10000, 4.55000 0.55000 0.10000"
1730,0.0000,Tx-Rx,0,-51.7967,"0.15000 -4.90000 1.10000, 4.85000 0.55000 0.10000"
1731,0.0000,Tx-Rx,0,-55.5522,"0.15000 -4.90000 1.10000, 5.15000 0.55000 0.10000"
1732,0.0000,Tx-Rx,0,-61.4738,"0.15000 -4.90000 1.10000, 5.45000 0.55000 0.10000"
1733,0.0000,Tx-Rx,0,-62.8064,"0.15000 -4.90000 1.10000, 5.75000 0.55000 0.10000"
1734,0.0000,Tx-Rx,0,-61.0504,"0.15000 -4.90000 1.10000, 6.05000 0.55000 0.10000"
1735,0.0000,Tx-Rx,0,-61.4191,"0.15000 -4.90000 1.10000, 6.35000 0.55000 0.10000"
1736,0.0000,Tx-Rx,0,-63.5771,"0.15000 -4.90000 1.10000, 6.65000 0.55000 0.10000"
1737,0.0000,Tx-Rx,0,-67.5107,"0.15000 -4.90000 1.10000, 6.95000 0.55000 0.10000"
1738,0.0000,Tx-Rx,0,-67.3758,"0.15000 -4.90000 1.10000, 7.25000 0.55000 0.10000"
1739,0.0000,Tx-Rx,0,-66.4949,"0.15000 -4.90000 1.10000, 7.55000 0.55000 0.10000"
1740,0.0000,Tx-Rx,0,-65.8093,"0.15000 -4.90000 1.10000, 7.85000 0.55000 0.10000"
1741,0.0000,Tx-Rx,0,-81.7984,"0.15000 -4.90000 1.10000, -9.85000 0.85000 0.10000"
1742,0.0000,Tx-Rx,0,-80.9125,"0.15000 -4.90000 1.10000, -9.55000 0.85000 0.10000"
1743,0.0000,Tx-Rx,0,-82.1668,"0.15000 -4.90000 1.10000, -9.25000 0.85000 0.10000"
1744,0.0000,Tx-Rx,0,-83.4360,"0.15000 -4.90000 1.10000, -8.95000 0.85000 0.10000"
1745,0.0000,Tx-Rx,0,-79.9576,"0.15000 -4.90000 1.10000, -8.65000 0.85000 0.10000"
1746,0.0000,Tx-Rx,0,-81.0852,"0.15000 -4.90000 1.10000, -8.35000 0.85000 0.10000"
1747,0.0000,Tx-Rx,0,-80.6569,"0.15000 -4.90000 1.10000, -8.05000 0.85000 0.10000"
1748,0.0000,Tx-Rx,0,-81.8432,"0.15000 -4.90000 1.10000, -7.75000 0.85000 0.10000"
1749,0.0000,Tx-Rx,0,-80.6409,"0.15000 -4.90000 1.10000, -7.45000 0.85000 0.10000"
1750,0.0000,Tx-Rx,0,-80.8351,"0.15000 -4.90000 1.10000, -7.15000 0.85000 0.10000"
1751,0.0000,Tx-Rx,0,-82.4907,"0.15000 -4.90000 1.10000, -6.85000 0.85000 0.10000"
1752,0.0000,Tx-Rx,0,-81.0946,"0.15000 -4.90000 1.10000, -6.55000 0.85000 0.10000"
1753,0.0000,Tx-Rx,0,-82.0163,"0.15000 -4.90000 1.10000, -6.25000 0.85000 0.10000"
1754,0.0000,Tx-Rx,0,-78.8039,"0.15000 -4.90000 1.10000, -5.95000 0.85000 0.10000"
1755,0.0000,Tx-Rx,0,-80.8538,"0.15000 -4.90000 1.10000, -5.65000 0.85000 0.10000"
1756,0.0000,Tx-Rx,0,-86.0923,"0.15000 -4.90000 1.10000, -5.35000 0.85000 0.10000"
1757,0.0000,Tx-Rx,0,-88.0069,"0.15000 -4.90000 1.10000, -5.05000 0.85000 0.10000"
1758,0.0000,Tx-Rx,0,-86.3151,"0.15000 -4.90000 1.10000, -4.75000 0.85000 0.10000"
1759,0.0000,Tx-Rx,0,-81.5660,"0.15000 -4.90000 1.10000, -4.45000 0.85000 0.10000"
1760,0.0000,Tx-Rx,0,-80.8853,"0.15000 -4.90000 1.10000, -4.15000 0.85000 0.10000"
1761,0.0000,Tx-Rx,0,-79.9389,"0.15000 -4.90000 1.10000, -3.85000 0.85000 0.10000"
1762,0.0000,Tx-Rx,0,-81.0428,"0.15000 -4.90000 1.10000, -3.55000 0.85000 0.10000"
1763,0.0000,Tx-Rx,0,-82.0278,"0.15000 -4.90000 1.10000, -3.25000 0.85000 0.10000"
1764,0.0000,Tx-Rx,0,-82.5398,"0.15000 -4.90000 1.10000, -2.95000 0.85000 0.10000"
1765,0.0000,Tx-Rx,0,-83.4082,"0.15000 -4.90000 1.10000, -2.65000 0.85000 0.10000"
1766,0.0000,Tx-Rx,0,-83.6045,"0.15000 -4.90000 1.10000, -2.35000 0.85000 0.10000"
1767,0.0000,Tx-Rx,0,-84.9119,"0.15000 -4.90000 1.10000, -2.05000 0.85000 0.10000"
1768,0.0000,Tx-Rx,0,-84.1333,"0.15000 -4.90000 1.10000, -1.75000 0.85000 0.10000"
1769,0.0000,Tx-Rx,0,-82.5287,"0.15000 -4.90000 1.10000, -1.45000 0.85000 0.10000"
1770,0.0000,Tx-Rx,0,-82.3830,"0.15000 -4.90000 1.10000, -1.15000 0.85000 0.10000"
1771,0.0000,Tx-Rx,0,-81.0274,"0.15000 -4.90000 1.10000, -0.85000 0.85000 0.10000"
1772,0.0000,Tx-Rx,0,-77.7377,"0.15000 -4.90000 1.10000, -0.55000 0.85000 0.10000"
1773,0.0000,Tx-Rx,0,-74.6133,"0.15000 -4.90000 1.10000, -0.25000 0.85000 0.10000"
1774,0.0000,Tx-Rx,0,-56.7837,"0.15000 -4.90000 1.10000, 0.05000 0.85000 0.10000"
1775,0.0000,Tx-Rx,0,-54.7824,"0.15000 -4.90000 1.10000, 0.35000 0.85000 0.10000"
1776,0.0000,Tx-Rx,0,-54.6716,"0.15000 -4.90000 1.10000, 0.65000 0.85000 0.10000"
1777,0.0000,Tx-Rx,0,-54.8480,"0.15000 -4.90000 1.10000, 0.95000 0.85000 0.10000"
1778,0.0000,Tx-Rx,0,-55.0906,"0.15000 -4.90000 1.10000, 1.25000 0.85000 0.10000"
1779,0.0000,Tx-Rx,0,-55.2891,"0.15000 -4.90000 1.10000, 1.55000 0.85000 0.10000"
1780,0.0000,Tx-Rx,0,-55.6637,"0.15000 -4.90000 1.10000, 1.85000 0.85000 0.10000"
1781,0.0000,Tx-Rx,0,-55.6804,"0.15000 -4.90000 1.10000, 2.15000 0.85000 0.10000"
1782,0.0000,Tx-Rx,0,-55.1315,"0.15000 -4.90000 1.10000, 2.45000 0.85000 0.10000"
1783,0.0000,Tx-Rx,0,-54.7212,"0.15000 -4.90000 1.10000, 2.75000 0.85000 0.10000"
1784,0.0000,Tx-Rx,0,-55.0726,"0.15000 -4.90000 1.10000, 3.05000 0.85000 0.10000"
1785,0.0000,Tx-Rx,0,-56.0364,"0.15000 -4.90000 1.10000, 3.35000 0.85000 0.10000"
1786,0.0000,Tx-Rx,0,-52.7229,"0.15000 -4.90000 1.10000, 3.65000 0.85000 0.10000"
1787,0.0000,Tx-Rx,0,-51.1642,"0.15000 -4.90000 1.10000, 3.95000 0.85000 0.10000"
1788,0.0000,Tx-Rx,0,-51.4725,"0.15000 -4.90000 1.10000, 4.25000 0.85000 0.10000"
1789,0.0000,Tx-Rx,0,-51.4146,"0.15000 -4.90000 1.10000, 4.55000 0.85000 0.10000"
1790,0.0000,Tx-Rx,0,-51.9954,"0.15000 -4.90000 1.10000, 4.85000 0.85000 0.10000"
1791,0.0000,Tx-Rx,0,-52.0082,"0.15000 -4.90000 1.10000, 5.15000 0.85000 0.10000"
1792,0.0000,Tx-Rx,0,-56.5436,"0.15000 -4.90000 1.10000, 5.45000 0.85000 0.10000"
1793,0.0000,Tx-Rx,0,-59.5975,"0.15000 -4.90000 1.10000, 5.75000 0.85000 0.10000"
1794,0.0000,Tx-Rx,0,-61.4098,"0.15000 -4.90000 1.10000, 6.05000 0.85000 0.10000"
1795,0.0000,Tx-Rx,0,-62.6850,"0.15000 -4.90000 1.10000, 6.35000 0.85000 0.10000"
1796,0.0000,Tx-Rx,0,-66.4944,"0.15000 -4.90000 1.10000, 6.65000 0.85000 0.10000"
1797,0.0000,Tx-Rx,0,-67.3086,"0.15000 -4.90000 1.10000, 6.95000 0.85000 0.10000"
1798,0.0000,Tx-Rx,0,-67.8864,"0.15000 -4.90000 1.10000, 7.25000 0.85000 0.10000"
1799,0.0000,Tx-Rx,0,-66.8019,"0.15000 -4.90000 1.10000, 7.55000 0.85000 0.10000"
1800,0.0000,Tx-Rx,0,-63.7431,"0.15000 -4.90000 1.10000, 7.85000 0.85000 0.10000"
1801,0.0000,Tx-Rx,0,-82.4948,"0.15000 -4.90000 1.10000, -9.85000 1.15000 0.10000"
1802,0.0000,Tx-Rx,0,-80.5058,"0.15000 -4.90000 1.10000, -9.55000 1.15000 0.10000"
1803,0.0000,Tx-Rx,0,-79.6602,"0.15000 -4.90000 1.10000, -9.25000 1.15000 0.10000"
1804,0.0000,Tx-Rx,0,-80.2727,"0.15000 -4.90000 1.10000, -8.95000 1.15000 0.10000"
1805,0.0000,Tx-Rx,0,-82.2267,"0.15000 -4.90000 1.10000, -8.65000 1.15000 0.10000"
1806,0.0000,Tx-Rx,0,-81.9489,"0.15000 -4.90000 1.10000, -8.35000 1.15000 0.10000"
1807,0.0000,Tx-Rx,0,-81.2040,"0.15000 -4.90000 1.10000, -8.05000 1.15000 0.10000"
1808,0.0000,Tx-Rx,0,-79.9301,"0.15000 -4.90000 1.10000, -7.75000 1.15000 0.10000"
1809,0.0000,Tx-Rx,0,-84.7564,"0.15000 -4.90000 1.10000, -7.45000 1.15000 0.10000"
1810,0.0000,Tx-Rx,0,-87.4795,"0.15000 -4.90000 1.10000, -7.15000 1.15000 0.10000"
1811,0.0000,Tx-Rx,0,-87.0615,"0.15000 -4.90000 1.10000, -6.85000 1.15000 0.10000"
1812,0.0000,Tx-Rx,0,-82.9199,"0.15000 -4.90000 1.10000, -6.55000 1.15000 0.10000"
1813,0.0000,Tx-Rx,0,-77.8605,"0.15000 -4.90000 1.10000, -6.25000 1.15000 0.10000"
1814,0.0000,Tx-Rx,0,-79.1777,"0.15000 -4.90000 1.10000, -5.95000 1.15000 0.10000"
1815,0.0000,Tx-Rx,0,-80.9944,"0.15000 -4.90000 1.10000, -5.65000 1.15000 0.10000"
1816,0.0000,Tx-Rx,0,-81.7496,"0.15000 -4.90000 1.10000, -5.35000 1.15000 0.10000"
1817,0.0000,Tx-Rx,0,-83.6098,"0.15000 -4.90000 1.10000, -5.05000 1.15000 0.10000"
1818,0.0000,Tx-Rx,0,-82.1869,"0.15000 -4.90000 1.10000, -4.75000 1.15000 0.10000"
1819,0.0000,Tx-Rx,0,-81.3463,"0.15000 -4.90000 1.10000, -4.45000 1.15000 0.10000"
1820,0.0000,Tx-Rx,0,-82.5555,"0.15000 -4.90000 1.10000, -4.15000 1.15000 0.10000"
1821,0.0000,Tx-Rx,0,-83.0628,"0.15000 -4.90000 1.10000, -3.85000 1.15000 0.10000"
1822,0.0000,Tx-Rx,0,-82.8278,"0.15000 -4.90000 1.10000, -3.55000 1.15000 0.10000"
1823,0.0000,Tx-Rx,0,-81.6474,"0.15000 -4.90000 1.10000, -3.25000 1.15000 0.10000"
1824,0.0000,Tx-Rx,0,-80.9369,"0.15000 -4.90000 1.10000, -2.95000 1.15000 0.10000"
1825,0.0000,Tx-Rx,0,-81.3260,"0.15000 -4.90000 1.10000, -2.65000 1.15000 0.10000"
1826,0.0000,Tx-Rx,0,-82.9304,"0.15000 -4.90000 1.10000, -2.35000 1.15000 0.10000"
1827,0.0000,Tx-Rx,0,-84.1872,"0.15000 -4.90000 1.10000, -2.05000 1.15000 0.10000"
1828,0.0000,Tx-Rx,0,-83.5463,"0.15000 -4.90000 1.10000, -1.75000 1.15000 0.10000"
1829,0.0000,Tx-Rx,0,-82.2379,"0.15000 -4.90000 1.10000, -1.45000 1.15000 0.10000"
1830,0.0000,Tx-Rx,0,-79.4909,"0.15000 -4.90000 1.10000, -1.15000 1.15000 0.10000"
1831,0.0000,Tx-Rx,0,-77.9253,"0.15000 -4.90000 1.10000, -0.85000 1.15000 0.10000"
1832,0.0000,Tx-Rx,0,-77.2145,"0.15000 -4.90000 1.10000, -0.55000 1.15000 0.10000"
1833,0.0000,Tx-Rx,0,-74.0064,"0.15000 -4.90000 1.10000, -0.25000 1.15000 0.10000"
1834,0.0000,Tx-Rx,0,-57.0807,"0.15000 -4.90000 1.10000, 0.05000 1.15000 0.10000"
1835,0.0000,Tx-Rx,0,-55.3381,"0.15000 -4.90000 1.10000, 0.35000 1.15000 0.10000"
1836,0.0000,Tx-Rx,0,-55.1384,"0.15000 -4.90000 1.10000, 0.65000 1.15000 0.10000"
1837,0.0000,Tx-Rx,0,-55.1127,"0.15000 -4.90000 1.10000, 0.95000 1.15000 0.10000"
1838,0.0000,Tx-Rx,0,-55.2943,"0.15000 -4.90000 1.10000, 1.25000 1.15000 0.10000"
1839,0.0000,Tx-Rx,0,-55.7035,"0.15000 -4.90000 1.10000, 1.55000 1.15000 0.10000"
1840,0.0000,Tx-Rx,0,-55.9038,"0.15000 -4.90000 1.10000, 1.85000 1.15000 0.10000"
1841,0.0000,Tx-Rx,0,-56.0469,"0.15000 -4.90000 1.10000, 2.15000 1.15000 0.10000"
1842,0.0000,Tx-Rx,0,-55.6541,"0.15000 -4.90000 1.10000, 2.45000 1.15000 0.10000"
1843,0.0000,Tx-Rx,0,-55.3408,"0.15000 -4.90000 1.10000, 2.75000 1.15000 0.10000"
1844,0.0000,Tx-Rx,0,-55.0272,"0.15000 -4.90000 1.10000, 3.05000 1.15000 0.10000"
1845,0.0000,Tx-Rx,0,-55.2152,"0.15000 -4.90000 1.10000, 3.35000 1.15000 0.10000"
1846,0.0000,Tx-Rx,0,-55.9208,"0.15000 -4.90000 1.10000, 3.65000 1.15000 0.10000"
1847,0.0000,Tx-Rx,0,-52.2213,"0.15000 -4.90000 1.10000, 3.95000 1.15000 0.10000"
1848,0.0000,Tx-Rx,0,-52.0663,"0.15000 -4.90000 1.10000, 4.25000 1.15000 0.10000"
1849,0.0000,Tx-Rx,0,-52.0444,"0.15000 -4.90000 1.10000, 4.55000 1.15000 0.10000"
1850,0.0000,Tx-Rx,0,-52.2207,"0.15000 -4.90000 1.10000, 4.85000 1.15000 0.10000"
1851,0.0000,Tx-Rx,0,-52.2871,"0.15000 -4.90000 1.10000, 5.15000 1.15000 0.10000"
1852,0.0000,Tx-Rx,0,-52.3093,"0.15000 -4.90000 1.10000, 5.45000 1.15000 0.10000"
1853,0.0000,Tx-Rx,0,-56.8121,"0.15000 -4.90000 1.10000, 5.75000 1.15000 0.10000"
1854,0.0000,Tx-Rx,0,-60.2790,"0.15000 -4.90000 1.10000, 6.05000 1.15000 0.10000"
1855,0.0000,Tx-Rx,0,-64.1452,"0.15000 -4.90000 1.10000, 6.35000 1.15000 0.10000"
1856,0.0000,Tx-Rx,0,-65.8050,"0.15000 -4.90000 1.10000, 6.65000 1.15000 0.10000"
1857,0.0000,Tx-Rx,0,-66.4482,"0.15000 -4.90000 1.10000, 6.95000 1.15000 0.10000"
1858,0.0000,Tx-Rx,0,-67.5077,"0.15000 -4.90000 1.10000, 7.25000 1.15000 0.10000"
1859,0.0000,Tx-Rx,0,-65.5708,"0.15000 -4.90000 1.10000, 7.55000 1.15000 0.10000"
1860,0.0000,Tx-Rx,0,-62.5967,"0.15000 -4.90000 1.10000, 7.85000 1.15000 0.10000"
1861,0.0000,Tx-Rx,0,-84.6201,"0.15000 -4.90000 1.10000, -9.85000 1.45000 0.10000"
1862,0.0000,Tx-Rx,0,-84.5034,"0.15000 -4.90000 1.10000, -9.55000 1.45000 0.10000"
1863,0.0000,Tx-Rx,0,-86.3639,"0.15000 -4.90000 1.10000, -9.25000 1.45000 0.10000"
1864,0.0000,Tx-Rx,0,-87.6966,"0.15000 -4.90000 1.10000, -8.95000 1.45000 0.10000"
1865,0.0000,Tx-Rx,0,-83.9658,"0.15000 -4.90000 1.10000, -8.65000 1.45000 0.10000"
1866,0.0000,Tx-Rx,0,-82.2792,"0.15000 -4.90000 1.10000, -8.35000 1.45000 0.10000"
1867,0.0000,Tx-Rx,0,-81.6400,"0.15000 -4.90000 1.10000, -8.05000 1.45000 0.10000"
1868,0.0000,Tx-Rx,0,-84.9835,"0.15000 -4.90000 1.10000, -7.75000 1.45000 0.10000"
1869,0.0000,Tx-Rx,0,-87.8991,"0.15000 -4.90000 1.10000, -7.45000 1.45000 0.10000"
1870,0.0000,Tx-Rx,0,-87.6348,"0.15000 -4.90000 1.10000, -7.15000 1.45000 0.10000"
1871,0.0000,Tx-Rx,0,-87.6941,"0.15000 -4.90000 1.10000, -6.85000 1.45000 0.10000"
1872,0.0000,Tx-Rx,0,-84.2026,"0.15000 -4.90000 1.10000, -6.55000 1.45000 0.10000"
1873,0.0000,Tx-Rx,0,-84.3294,"0.15000 -4.90000 1.10000, -6.25000 1.45000 0.10000"
1874,0.0000,Tx-Rx,0,-81.7673,"0.15000 -4.90000 1.10000, -5.95000 1.45000 0.10000"
1875,0.0000,Tx-Rx,0,-81.7900,"0.15000 -4.90000 1.10000, -5.65000 1.45000 0.10000"
1876,0.0000,Tx-Rx,0,-80.7271,"0.15000 -4.90000 1.10000, -5.35000 1.45000 0.10000"
1877,0.0000,Tx-Rx,0,-80.6385,"0.15000 -4.90000 1.10000, -5.05000 1.45000 0.10000"
1878,0.0000,Tx-Rx,0,-80.7293,"0.15000 -4.90000 1.10000, -4.75000 1.45000 0.10000"
1879,0.0000,Tx-Rx,0,-82.3782,"0.15000 -4.90000 1.10000, -4.45000 1.45000 0.10000"
1880,0.0000,Tx-Rx,0,-86.9590,"0.15000 -4.90000 1.10000, -4.15000 1.45000 0.10000"
1881,0.0000,Tx-Rx,0,-83.7341,"0.15000 -4.90000 1.10000, -3.85000 1.45000 0.10000"
1882,0.0000,Tx-Rx,0,-82.5317,"0.15000 -4.90000 1.10000, -3.55000 1.45000 0.10000"
1883,0.0000,Tx-Rx,0,-81.4700,"0.15000 -4.90000 1.10000, -3.25000 1.45000 0.10000"
1884,0.0000,Tx-Rx,0,-81.4357,"0.15000 -4.90000 1.10000, -2.95000 1.45000 0.10000"
1885,0.0000,Tx-Rx,0,-80.8837,"0.15000 -4.90000 1.10000, -2.65000 1.45000 0.10000"
1886,0.0000,Tx-Rx,0,-79.4981,"0.15000 -4.90000 1.10000, -2.35000 1.45000 0.10000"
1887,0.0000,Tx-Rx,0,-79.3542,"0.15000 -4.90000 1.10000, -2.05000 1.45000 0.10000"
1888,0.0000,Tx-Rx,0,-79.1812,"0.15000 -4.90000 1.10000, -1.75000 1.45000 0.10000"
1889,0.0000,Tx-Rx,0,-78.6542,"0.15000 -4.90000 1.10000, -1.45000 1.45000 0.10000"
1890,0.0000,Tx-Rx,0,-78.4158,"0.15000 -4.90000 1.10000, -1.15000 1.45000 0.10000"
1891,0.0000,Tx-Rx,0,-78.7228,"0.15000 -4.90000 1.10000, -0.85000 1.45000 0.10000"
1892,0.0000,Tx-Rx,0,-77.5927,"0.15000 -4.90000 1.10000, -0.55000 1.45000 0.10000"
1893,0.0000,Tx-Rx,0,-73.5823,"0.15000 -4.90000 1.10000, -0.25000 1.45000 0.10000"
1894,0.0000,Tx-Rx,0,-57.3828,"0.15000 -4.90000 1.10000, 0.05000 1.45000 0.10000"
1895,0.0000,Tx-Rx,0,-55.6290,"0.15000 -4.90000 1.10000, 0.35000 1.45000 0.10000"
1896,0.0000,Tx-Rx,0,-55.6681,"0.15000 -4.90000 1.10000, 0.65000 1.45000 0.10000"
1897,0.0000,Tx-Rx,0,-55.3898,"0.15000 -4.90000 1.10000, 0.95000 1.45000 0.10000"
1898,0.0000,Tx-Rx,0,-55.5622,"0.15000 -4.90000 1.10000, 1.25000 1.45000 0.10000"
1899,0.0000,Tx-Rx,0,-55.9540,"0.15000 -4.90000 1.10000, 1.55000 1.45000 0.10000"
1900,0.0000,Tx-Rx,0,-56.3073,"0.15000 -4.90000 1.10000, 1.85000 1.45000 0.10000"
1901,0.0000,Tx-Rx,0,-56.6388,"0.15000 -4.90000 1.10000, 2.15000 1.45000 0.10000"
1902,0.0000,Tx-Rx,0,-55.9379,"0.15000 -4.90000 1.10000, 2.45000 1.45000 0.10000"
1903,0.0000,Tx-Rx,0,-56.0343,"0.15000 -4.90000 1.10000, 2.75000 1.45000 0.10000"
1904,0.0000,Tx-Rx,0,-56.1540,"0.15000 -4.90000 1.10000, 3.05000 1.45000 0.10000"
1905,0.0000,Tx-Rx,0,-56.2601,"0.15000 -4.90000 1.10000, 3.35000 1.45000 0.10000"
1906,0.0000,Tx-Rx,0,-56.2249,"0.15000 -4.90000 1.10000, 3.65000 1.45000 0.10000"
1907,0.0000,Tx-Rx,0,-53.9661,"0.15000 -4.90000 1.10000, 3.95000 1.45000 0.10000"
1908,0.0000,Tx-Rx,0,-51.8180,"0.15000 -4.90000 1.10000, 4.25000 1.45000 0.10000"
1909,0.0000,Tx-Rx,0,-52.2243,"0.15000 -4.90000 1.10000, 4.55000 1.45000 0.10000"
1910,0.0000,Tx-Rx,0,-52.2924,"0.15000 -4.90000 1.10000, 4.85000 1.45000 0.10000"
1911,0.0000,Tx-Rx,0,-53.8201,"0.15000 -4.90000 1.10000, 5.15000 1.45000 0.10000"
1912,0.0000,Tx-Rx,0,-54.9954,"0.15000 -4.90000 1.10000, 5.45000 1.45000 0.10000"
1913,0.0000,Tx-Rx,0,-55.8951,"0.15000 -4.90000 1.10000, 5.75000 1.45000 0.10000"
1914,0.0000,Tx-Rx,0,-62.4382,"0.15000 -4.90000 1.10000, 6.05000 1.45000 0.10000"
1915,0.0000,Tx-Rx,0,-66.4512,"0.15000 -4.90000 1.10000, 6.35000 1.45000 0.10000"
1916,0.0000,Tx-Rx,0,-67.4830,"0.15000 -4.90000 1.10000, 6.65000 1.45000 0.10000"
1917,0.0000,Tx-Rx,0,-67.1885,"0.15000 -4.90000 1.10000, 6.95000 1.45000 0.10000"
1918,0.0000,Tx-Rx,0,-67.3793,"0.15000 -4.90000 1.10000, 7.25000 1.45000 0.10000"
1919,0.0000,Tx-Rx,0,-63.2064,"0.15000 -4.90000 1.10000, 7.55000 1.45000 0.10000"
1920,0.0000,Tx-Rx,0,-62.4385,"0.15000 -4.90000 1.10000, 7.85000 1.45000 0.10000"
1921,0.0000,Tx-Rx,0,-87.9293,"0.15000 -4.90000 1.10000, -9.85000 1.75000 0.10000"
1922,0.0000,Tx-Rx,0,-86.3734,"0.15000 -4.90000 1.10000, -9.55000 1.75000 0.10000"
1923,0.0000,Tx-Rx,0,-83.7634,"0.15000 -4.90000 1.10000, -9.25000 1.75000 0.10000"
1924,0.0000,Tx-Rx,0,-84.7121,"0.15000 -4.90000 1.10000, -8.95000 1.75000 0.10000"
1925,0.0000,Tx-Rx,0,-83.0074,"0.15000 -4.90000 1.10000, -8.65000 1.75000 0.10000"
1926,0.0000,Tx-Rx,0,-83.0255,"0.15000 -4.90000 1.10000, -8.35000 1.75000 0.10000"
1927,0.0000,Tx-Rx,0,-87.4303,"0.15000 -4.90000 1.10000, -8.05000 1.75000 0.10000"
1928,0.0000,Tx-Rx,0,-88.9469,"0.15000 -4.90000 1.10000, -7.75000 1.75000 0.10000"
1929,0.0000,Tx-Rx,0,-91.0746,"0.15000 -4.90000 1.10000, -7.45000 1.75000 0.10000"
1930,0.0000,Tx-Rx,0,-89.6886,"0.15000 -4.90000 1.10000, -7.15000 1.75000 0.10000"
1931,0.0000,Tx-Rx,0,-86.4532,"0.15000 -4.90000 1.10000, -6.85000 1.75000 0.10000"
1932,0.0000,Tx-Rx,0,-88.7292,"0.15000 -4.90000 1.10000, -6.55000 1.75000 0.10000"
1933,0.0000,Tx-Rx,0,-88.1764,"0.15000 -4.90000 1.10000, -6.25000 1.75000 0.10000"
1934,0.0000,Tx-Rx,0,-88.4242,"0.15000 -4.90000 1.10000, -5.95000 1.75000 0.10000"
1935,0.0000,Tx-Rx,0,-85.7763,"0.15000 -4.90000 1.10000, -5.65000 1.75000 0.10000"
1936,0.0000,Tx-Rx,0,-82.4513,"0.15000 -4.90000 1.10000, -5.35000 1.75000 0.10000"
1937,0.0000,Tx-Rx,0,-80.8152,"0.15000 -4.90000 1.10000, -5.05000 1.75000 0.10000"
1938,0.0000,Tx-Rx,0,-81.2778,"0.15000 -4.90000 1.10000, -4.75000 1.75000 0.10000"
1939,0.0000,Tx-Rx,0,-80.2889,"0.15000 -4.90000 1.10000, -4.45000 1.75000 0.10000"
1940,0.0000,Tx-Rx,0,-80.0568,"0.15000 -4.90000 1.10000, -4.15000 1.75000 0.10000"
1941,0.0000,Tx-Rx,0,-83.0617,"0.15000 -4.90000 1.10000, -3.85000 1.75000 0.10000"
1942,0.0000,Tx-Rx,0,-82.0201,"0.15000 -4.90000 1.10000, -3.55000 1.75000 0.10000"
1943,0.0000,Tx-Rx,0,-79.9842,"0.15000 -4.90000 1.10000, -3.25000 1.75000 0.10000"
1944,0.0000,Tx-Rx,0,-78.8584,"0.15000 -4.90000 1.10000, -2.95000 1.75000 0.10000"
1945,0.0000,Tx-Rx,0,-78.4215,"0.15000 -4.90000 1.10000, -2.65000 1.75000 0.10000"
1946,0.0000,Tx-Rx,0,-78.3251,"0.15000 -4.90000 1.10000, -2.35000 1.75000 0.10000"
1947,0.0000,Tx-Rx,0,-78.3491,"0.15000 -4.90000 1.10000, -2.05000 1.75000 0.10000"
1948,0.0000,Tx-Rx,0,-78.0793,"0.15000 -4.90000 1.10000, -1.75000 1.75000 0.10000"
1949,0.0000,Tx-Rx,0,-78.3579,"0.15000 -4.90000 1.10000, -1.45000 1.75000 0.10000"
1950,0.0000,Tx-Rx,0,-78.8295,"0.15000 -4.90000 1.10000, -1.15000 1.75000 0.10000"
1951,0.0000,Tx-Rx,0,-78.4926,"0.15000 -4.90000 1.10000, -0.85000 1.75000 0.10000"
1952,0.0000,Tx-Rx,0,-78.2006,"0.15000 -4.90000 1.10000, -0.55000 1.75000 0.10000"
1953,0.0000,Tx-Rx,0,-73.5059,"0.15000 -4.90000 1.10000, -0.25000 1.75000 0.10000"
1954,0.0000,Tx-Rx,0,-57.6814,"0.15000 -4.90000 1.10000, 0.05000 1.75000 0.10000"
1955,0.0000,Tx-Rx,0,-55.9164,"0.15000 -4.90000 1.10000, 0.35000 1.75000 0.10000"
1956,0.0000,Tx-Rx,0,-55.9071,"0.15000 -4.90000 1.10000, 0.65000 1.75000 0.10000"
1957,0.0000,Tx-Rx,0,-56.1916,"0.15000 -4.90000 1.10000, 0.95000 1.75000 0.10000"
1958,0.0000,Tx-Rx,0,-55.8525,"0.15000 -4.90000 1.10000, 1.25000 1.75000 0.10000"
1959,0.0000,Tx-Rx,0,-55.9502,"0.15000 -4.90000 1.10000, 1.55000 1.75000 0.10000"
1960,0.0000,Tx-Rx,0,-56.1380,"0.15000 -4.90000 1.10000, 1.85000 1.75000 0.10000"
1961,0.0000,Tx-Rx,0,-56.5437,"0.15000 -4.90000 1.10000, 2.15000 1.75000 0.10000"
1962,0.0000,Tx-Rx,0,-55.9237,"0.15000 -4.90000 1.10000, 2.45000 1.75000 0.10000"
1963,0.0000,Tx-Rx,0,-56.4906,"0.15000 -4.90000 1.10000, 2.75000 1.75000 0.10000"
1964,0.0000,Tx-Rx,0,-55.8166,"0.15000 -4.90000 1.10000, 3.05000 1.75000 0.10000"
1965,0.0000,Tx-Rx,0,-56.3799,"0.15000 -4.90000 1.10000, 3.35000 1.75000 0.10000"
1966,0.0000,Tx-Rx,0,-57.0872,"0.15000 -4.90000 1.10000, 3.65000 1.75000 0.10000"
1967,0.0000,Tx-Rx,0,-57.1681,"0.15000 -4.90000 1.10000, 3.95000 1.75000 0.10000"
1968,0.0000,Tx-Rx,0,-53.2747,"0.15000 -4.90000 1.10000, 4.25000 1.75000 0.10000"
1969,0.0000,Tx-Rx,0,-52.2413,"0.15000 -4.90000 1.10000, 4.55000 1.75000 0.10000"
1970,0.0000,Tx-Rx,0,-52.3966,"0.15000 -4.90000 1.10000, 4.85000 1.75000 0.10000"
1971,0.0000,Tx-Rx,0,-55.2968,"0.15000 -4.90000 1.10000, 5.15000 1.75000 0.10000"
1972,0.0000,Tx-Rx,0,-60.2676,"0.15000 -4.90000 1.10000, 5.45000 1.75000 0.10000"
1973,0.0000,Tx-Rx,0,-68.1525,"0.15000 -4.90000 1.10000, 5.75000 1.75000 0.10000"
1974,0.0000,Tx-Rx,0,-62.0828,"0.15000 -4.90000 1.10000, 6.05000 1.75000 0.10000"
1975,0.0000,Tx-Rx,0,-69.6766,"0.15000 -4.90000 1.10000, 6.35000 1.75000 0.10000"
1976,0.0000,Tx-Rx,0,-71.3385,"0.15000 -4.90000 1.10000, 6.65000 1.75000 0.10000"
1977,0.0000,Tx-Rx,0,-65.3886,"0.15000 -4.90000 1.10000, 6.95000 1.75000 0.10000"
1978,0.0000,Tx-Rx,0,-67.0671,"0.15000 -4.90000 1.10000, 7.25000 1.75000 0.10000"
1979,0.0000,Tx-Rx,0,-62.8684,"0.15000 -4.90000 1.10000, 7.55000 1.75000 0.10000"
1980,0.0000,Tx-Rx,0,-62.2726,"0.15000 -4.90000 1.10000, 7.85000 1.75000 0.10000"
1981,0.0000,Tx-Rx,0,-92.9263,"0.15000 -4.90000 1.10000, -9.85000 2.05000 0.10000"
1982,0.0000,Tx-Rx,0,-92.8177,"0.15000 -4.90000 1.10000, -9.55000 2.05000 0.10000"
1983,0.0000,Tx-Rx,0,-91.2588,"0.15000 -4.90000 1.10000, -9.25000 2.05000 0.10000"
1984,0.0000,Tx-Rx,0,-84.7098,"0.15000 -4.90000 1.10000, -8.95000 2.05000 0.10000"
1985,0.0000,Tx-Rx,0,-88.4672,"0.15000 -4.90000 1.10000, -8.65000 2.05000 0.10000"
1986,0.0000,Tx-Rx,0,-91.3642,"0.15000 -4.90000 1.10000, -8.35000 2.05000 0.10000"
1987,0.0000,Tx-Rx,0,-92.7168,"0.15000 -4.90000 1.10000, -8.05000 2.05000 0.10000"
1988,0.0000,Tx-Rx,0,-90.4146,"0.15000 -4.90000 1.10000, -7.75000 2.05000 0.10000"
1989,0.0000,Tx-Rx,0,-87.4061,"0.15000 -4.90000 1.10000, -7.45000 2.05000 0.10000"
1990,0.0000,Tx-Rx,0,-86.6828,"0.15000 -4.90000 1.10000, -7.15000 2.05000 0.10000"
1991,0.0000,Tx-Rx,0,-87.3436,"0.15000 -4.90000 1.10000, -6.85000 2.05000 0.10000"
1992,0.0000,Tx-Rx,0,-87.5214,"0.15000 -4.90000 1.10000, -6.55000 2.05000 0.10000"
1993,0.0000,Tx-Rx,0,-86.9086,"0.15000 -4.90000 1.10000, -6.25000 2.05000 0.10000"
1994,0.0000,Tx-Rx,0,-86.6888,"0.15000 -4.90000 1.10000, -5.95000 2.05000 0.10000"
1995,0.0000,Tx-Rx,0,-85.9407,"0.15000 -4.90000 1.10000, -5.65000 2.05000 0.10000"
1996,0.0000,Tx-Rx,0,-84.2017,"0.15000 -4.90000 1.10000, -5.35000 2.05000 0.10000"
1997,0.0000,Tx-Rx,0,-80.9982,"0.15000 -4.90000 1.10000, -5.05000 2.05000 0.10000"
1998,0.0000,Tx-Rx,0,-79.6388,"0.15000 -4.90000 1.10000, -4.75000 2.05000 0.10000"
1999,0.0000,Tx-Rx,0,-79.5264,"0.15000 -4.90000 1.10000, -4.45000 2.05000 0.10000"
2000,0.0000,Tx-Rx,0,-79.5565,"0.15000 -4.90000 1.10000, -4.15000 2.05000 0.10000"
2001,0.0000,Tx-Rx,0,-78.4504,"0.15000 -4.90000 1.10000, -3.85000 2.05000 0.10000"
2002,0.0000,Tx-Rx,0,-77.6171,"0.15000 -4.90000 1.10000, -3.55000 2.05000 0.10000"
2003,0.0000,Tx-Rx,0,-78.8179,"0.15000 -4.90000 1.10000, -3.25000 2.05000 0.10000"
2004,0.0000,Tx-Rx,0,-78.8536,"0.15000 -4.90000 1.10000, -2.95000 2.05000 0.10000"
2005,0.0000,Tx-Rx,0,-78.1118,"0.15000 -4.90000 1.10000, -2.65000 2.05000 0.10000"
2006,0.0000,Tx-Rx,0,-78.0426,"0.15000 -4.90000 1.10000, -2.35000 2.05000 0.10000"
2007,0.0000,Tx-Rx,0,-77.9049,"0.15000 -4.90000 1.10000, -2.05000 2.05000 0.10000"
2008,0.0000,Tx-Rx,0,-77.5132,"0.15000 -4.90000 1.10000, -1.75000 2.05000 0.10000"
2009,0.0000,Tx-Rx,0,-77.9519,"0.15000 -4.90000 1.10000, -1.45000 2.05000 0.10000"
2010,0.0000,Tx-Rx,0,-78.2481,"0.15000 -4.90000 1.10000, -1.15000 2.05000 0.10000"
2011,0.0000,Tx-Rx,0,-78.2051,"0.15000 -4.90000 1.10000, -0.85000 2.05000 0.10000"
2012,0.0000,Tx-Rx,0,-78.0621,"0.15000 -4.90000 1.10000, -0.55000 2.05000 0.10000"
2013,0.0000,Tx-Rx,0,-73.7990,"0.15000 -4.90000 1.10000, -0.25000 2.05000 0.10000"
2014,0.0000,Tx-Rx,0,-57.9596,"0.15000 -4.90000 1.10000, 0.05000 2.05000 0.10000"
2015,0.0000,Tx-Rx,0,-56.2077,"0.15000 -4.90000 1.10000, 0.35000 2.05000 0.10000"
2016,0.0000,Tx-Rx,0,-56.3052,"0.15000 -4.90000 1.10000, 0.65000 2.05000 0.10000"
2017,0.0000,Tx-Rx,0,-56.4090,"0.15000 -4.90000 1.10000, 0.95000 2.05000 0.10000"
2018,0.0000,Tx-Rx,0,-56.5145,"0.15000 -4.90000 1.10000, 1.25000 2.05000 0.10000"
2019,0.0000,Tx-Rx,0,-56.0184,"0.15000 -4.90000 1.10000, 1.55000 2.05000 0.10000"
2020,0.0000,Tx-Rx,0,-56.0194,"0.15000 -4.90000 1.10000, 1.85000 2.05000 0.10000"
2021,0.0000,Tx-Rx,0,-56.6172,"0.15000 -4.90000 1.10000, 2.15000 2.05000 0.10000"
2022,0.0000,Tx-Rx,0,-56.1044,"0.15000 -4.90000 1.10000, 2.45000 2.05000 0.10000"
2023,0.0000,Tx-Rx,0,-56.3072,"0.15000 -4.90000 1.10000, 2.75000 2.05000 0.10000"
2024,0.0000,Tx-Rx,0,-56.7937,"0.15000 -4.90000 1.10000, 3.05000 2.05000 0.10000"
2025,0.0000,Tx-Rx,0,-56.1560,"0.15000 -4.90000 1.10000, 3.35000 2.05000 0.10000"
2026,0.0000,Tx-Rx,0,-56.5700,"0.15000 -4.90000 1.10000, 3.65000 2.05000 0.10000"
2027,0.0000,Tx-Rx,0,-56.1127,"0.15000 -4.90000 1.10000, 3.95000 2.05000 0.10000"
2028,0.0000,Tx-Rx,0,-55.4220,"0.15000 -4.90000 1.10000, 4.25000 2.05000 0.10000"
2029,0.0000,Tx-Rx,0,-52.9060,"0.15000 -4.90000 1.10000, 4.55000 2.05000 0.10000"
2030,0.0000,Tx-Rx,0,-52.4132,"0.15000 -4.90000 1.10000, 4.85000 2.05000 0.10000"
2031,0.0000,Tx-Rx,0,-55.4650,"0.15000 -4.90000 1.10000, 5.15000 2.05000 0.10000"
2032,0.0000,Tx-Rx,0,-61.5945,"0.15000 -4.90000 1.10000, 5.45000 2.05000 0.10000"
2033,0.0000,Tx-Rx,0,-70.1138,"0.15000 -4.90000 1.10000, 5.75000 2.05000 0.10000"
2034,0.0000,Tx-Rx,0,-65.0080,"0.15000 -4.90000 1.10000, 6.05000 2.05000 0.10000"
2035,0.0000,Tx-Rx,0,-63.2619,"0.15000 -4.90000 1.10000, 6.35000 2.05000 0.10000"
2036,0.0000,Tx-Rx,0,-67.4764,"0.15000 -4.90000 1.10000, 6.65000 2.05000 0.10000"
2037,0.0000,Tx-Rx,0,-64.2587,"0.15000 -4.90000 1.10000, 6.95000 2.05000 0.10000"
2038,0.0000,Tx-Rx,0,-63.9385,"0.15000 -4.90000 1.10000, 7.25000 2.05000 0.10000"
2039,0.0000,Tx-Rx,0,-63.3131,"0.15000 -4.90000 1.10000, 7.55000 2.05000 0.10000"
2040,0.0000,Tx-Rx,0,-65.5469,"0.15000 -4.90000 1.10000, 7.85000 2.05000 0.10000"
2041,0.0000,Tx-Rx,0,-270.0000,"0.15000 -4.90000 1.10000, -9.85000 2.35000 0.10000"
2042,0.0000,Tx-Rx,0,-270.0000,"0.15000 -4.90000 1.10000, -9.55000 2.35000 0.10000"
2043,0.0000,Tx-Rx,0,-115.1485,"0.15000 -4.90000 1.10000, -9.25000 2.35000 0.10000"
2044,0.0000,Tx-Rx,0,-136.3350,"0.15000 -4.90000 1.10000, -8.95000 2.35000 0.10000"
2045,0.0000,Tx-Rx,0,-270.0000,"0.15000 -4.90000 1.10000, -8.65000 2.35000 0.10000"
2046,0.0000,Tx-Rx,0,-116.7194,"0.15000 -4.90000 1.10000, -8.35000 2.35000 0.10000"
2047,0.0000,Tx-Rx,0,-95.7812,"0.15000 -4.90000 1.10000, -8.05000 2.35000 0.10000"
2048,0.0000,Tx-Rx,0,-88.2653,"0.15000 -4.90000 1.10000, -7.75000 2.35000 0.10000"
2049,0.0000,Tx-Rx,0,-85.9778,"0.15000 -4.90000 1.10000, -7.45000 2.35000 0.10000"
2050,0.0000,Tx-Rx,0,-86.0351,"0.15000 -4.90000 1.10000, -7.15000 2.35000 0.10000"
2051,0.0000,Tx-Rx,0,-84.9506,"0.15000 -4.90000 1.10000, -6.85000 2.35000 0.10000"
2052,0.0000,Tx-Rx,0,-85.2470,"0.15000 -4.90000 1.10000, -6.55000 2.35000 0.10000"
2053,0.0000,Tx-Rx,0,-83.8033,"0.15000 -4.90000 1.10000, -6.25000 2.35000 0.10000"
2054,0.0000,Tx-Rx,0,-84.4317,"0.15000 -4.90000 1.10000, -5.95000 2.35000 0.10000"
2055,0.0000,Tx-Rx,0,-83.5907,"0.15000 -4.90000 1.10000, -5.65000 2.35000 0.10000"
2056,0.0000,Tx-Rx,0,-83.4819,"0.15000 -4.90000 1.10000, -5.35000 2.35000 0.10000"
2057,0.0000,Tx-Rx,0,-82.7130,"0.15000 -4.90000 1.10000, -5.05000 2.35000 0.10000"
2058,0.0000,Tx-Rx,0,-80.6025,"0.15000 -4.90000 1.10000, -4.75000 2.35000 0.10000"
2059,0.0000,Tx-Rx,0,-78.4099,"0.15000 -4.90000 1.10000, -4.45000 2.35000 0.10000"
2060,0.0000,Tx-Rx,0,-77.2753,"0.15000 -4.90000 1.10000, -4.15000 2.35000 0.10000"
2061,0.0000,Tx-Rx,0,-77.5517,"0.15000 -4.90000 1.10000, -3.85000 2.35000 0.10000"
2062,0.0000,Tx-Rx,0,-77.6762,"0.15000 -4.90000 1.10000, -3.55000 2.35000 0.10000"
2063,0.0000,Tx-Rx,0,-77.5139,"0.15000 -4.90000 1.10000, -3.25000 2.35000 0.10000"
2064,0.0000,Tx-Rx,0,-78.8794,"0.15000 -4.90000 1.10000, -2.95000 2.35000 0.10000"
2065,0.0000,Tx-Rx,0,-79.0232,"0.15000 -4.90000 1.10000, -2.65000 2.35000 0.10000"
2066,0.0000,Tx-Rx,0,-77.9355,"0.15000 -4.90000 1.10000, -2.35000 2.35000 0.10000"
2067,0.0000,Tx-Rx,0,-77.5610,"0.15000 -4.90000 1.10000, -2.05000 2.35000 0.10000"
2068,0.0000,Tx-Rx,0,-77.5829,"0.15000 -4.90000 1.10000, -1.75000 2.35000 0.10000"
2069,0.0000,Tx-Rx,0,-78.0179,"0.15000 -4.90000 1.10000, -1.45000 2.35000 0.10000"
2070,0.0000,Tx-Rx,0,-77.7228,"0.15000 -4.90000 1.10000, -1.15000 2.35000 0.10000"
2071,0.0000,Tx-Rx,0,-77.7360,"0.15000 -4.90000 1.10000, -0.85000 2.35000 0.10000"
2072,0.0000,Tx-Rx,0,-77.9614,"0.15000 -4.90000 1.10000, -0.55000 2.35000 0.10000"
2073,0.0000,Tx-Rx,0,-73.7478,"0.15000 -4.90000 1.10000, -0.25000 2.35000 0.10000"
2074,0.0000,Tx-Rx,0,-58.2287,"0.15000 -4.90000 1.10000, 0.05000 2.35000 0.10000"
2075,0.0000,Tx-Rx,0,-56.5624,"0.15000 -4.90000 1.10000, 0.35000 2.35000 0.10000"
2076,0.0000,Tx-Rx,0,-56.4406,"0.15000 -4.90000 1.10000, 0.65000 2.35000 0.10000"
2077,0.0000,Tx-Rx,0,-56.6530,"0.15000 -4.90000 1.10000, 0.95000 2.35000 0.10000"
2078,0.0000,Tx-Rx,0,-56.7538,"0.15000 -4.90000 1.10000, 1.25000 2.35000 0.10000"
2079,0.0000,Tx-Rx,0,-56.9798,"0.15000 -4.90000 1.10000, 1.55000 2.35000 0.10000"
2080,0.0000,Tx-Rx,0,-56.7884,"0.15000 -4.90000 1.10000, 1.85000 2.35000 0.10000"
2081,0.0000,Tx-Rx,0,-56.3322,"0.15000 -4.90000 1.10000, 2.15000 2.35000 0.10000"
2082,0.0000,Tx-Rx,0,-56.5927,"0.15000 -4.90000 1.10000, 2.45000 2.35000 0.10000"
2083,0.0000,Tx-Rx,0,-56.4520,"0.15000 -4.90000 1.10000, 2.75000 2.35000 0.10000"
2084,0.0000,Tx-Rx,0,-56.9537,"0.15000 -4.90000 1.10000, 3.05000 2.35000 0.10000"
2085,0.0000,Tx-Rx,0,-56.0013,"0.15000 -4.90000 1.10000, 3.35000 2.35000 0.10000"
2086,0.0000,Tx-Rx,0,-56.7004,"0.15000 -4.90000 1.10000, 3.65000 2.35000 0.10000"
2087,0.0000,Tx-Rx,0,-55.6303,"0.15000 -4.90000 1.10000, 3.95000 2.35000 0.10000"
2088,0.0000,Tx-Rx,0,-58.4807,"0.15000 -4.90000 1.10000, 4.25000 2.35000 0.10000"
2089,0.0000,Tx-Rx,0,-53.7146,"0.15000 -4.90000 1.10000, 4.55000 2.35000 0.10000"
2090,0.0000,Tx-Rx,0,-52.8885,"0.15000 -4.90000 1.10000, 4.85000 2.35000 0.10000"
2091,0.0000,Tx-Rx,0,-53.6890,"0.15000 -4.90000 1.10000, 5.15000 2.35000 0.10000"
2092,0.0000,Tx-Rx,0,-61.2403,"0.15000 -4.90000 1.10000, 5.45000 2.35000 0.10000"
2093,0.0000,Tx-Rx,0,-66.0140,"0.15000 -4.90000 1.10000, 5.75000 2.35000 0.10000"
2094,0.0000,Tx-Rx,0,-68.6180,"0.15000 -4.90000 1.10000, 6.05000 2.35000 0.10000"
2095,0.0000,Tx-Rx,0,-68.4674,"0.15000 -4.90000 1.10000, 6.35000 2.35000 0.10000"
2096,0.0000,Tx-Rx,0,-63.6502,"0.15000 -4.90000 1.10000, 6.65000 2.35000 0.10000"
2097,0.0000,Tx-Rx,0,-63.5496,"0.15000 -4.90000 1.10000, 6.95000 2.35000 0.10000"
2098,0.0000,Tx-Rx,0,-63.3907,"0.15000 -4.90000 1.10000, 7.25000 2.35000 0.10000"
2099,0.0000,Tx-Rx,0,-64.5256,"0.15000 -4.90000 1.10000, 7.55000 2.35000 0.10000"
2100,0.0000,Tx-Rx,0,-75.4526,"0.15000 -4.90000 1.10000, 7.85000 2.35000 0.10000"
2101,0.0000,Tx-Rx,0,-120.3896,"0.15000 -4.90000 1.10000, -9.85000 2.65000 0.10000"
2102,0.0000,Tx-Rx,0,-120.5199,"0.15000 -4.90000 1.10000, -9.55000 2.65000 0.10000"
2103,0.0000,Tx-Rx,0,-122.3869,"0.15000 -4.90000 1.10000, -9.25000 2.65000 0.10000"
2104,0.0000,Tx-Rx,0,-119.2817,"0.15000 -4.90000 1.10000, -8.95000 2.65000 0.10000"
2105,0.0000,Tx-Rx,0,-118.1284,"0.15000 -4.90000 1.10000, -8.65000 2.65000 0.10000"
2106,0.0000,Tx-Rx,0,-112.9040,"0.15000 -4.90000 1.10000, -8.35000 2.65000 0.10000"
2107,0.0000,Tx-Rx,0,-89.3113,"0.15000 -4.90000 1.10000, -8.05000 2.65000 0.10000"
2108,0.0000,Tx-Rx,0,-84.1778,"0.15000 -4.90000 1.10000, -7.75000 2.65000 0.10000"
2109,0.0000,Tx-Rx,0,-84.7477,"0.15000 -4.90000 1.10000, -7.45000 2.65000 0.10000"
2110,0.0000,Tx-Rx,0,-84.8479,"0.15000 -4.90000 1.10000, -7.15000 2.65000 0.10000"
2111,0.0000,Tx-Rx,0,-85.1629,"0.15000 -4.90000 1.10000, -6.85000 2.65000 0.10000"
2112,0.0000,Tx-Rx,0,-85.0328,"0.15000 -4.90000 1.10000, -6.55000 2.65000 0.10000"
2113,0.0000,Tx-Rx,0,-83.2070,"0.15000 -4.90000 1.10000, -6.25000 2.65000 0.10000"
2114,0.0000,Tx-Rx,0,-81.6895,"0.15000 -4.90000 1.10000, -5.95000 2.65000 0.10000"
2115,0.0000,Tx-Rx,0,-80.4744,"0.15000 -4.90000 1.10000, -5.65000 2.65000 0.10000"
2116,0.0000,Tx-Rx,0,-79.1993,"0.15000 -4.90000 1.10000, -5.35000 2.65000 0.10000"
2117,0.0000,Tx-Rx,0,-78.8332,"0.15000 -4.90000 1.10000, -5.05000 2.65000 0.10000"
2118,0.0000,Tx-Rx,0,-78.9240,"0.15000 -4.90000 1.10000, -4.75000 2.65000 0.10000"
2119,0.0000,Tx-Rx,0,-79.0073,"0.15000 -4.90000 1.10000, -4.45000 2.65000 0.10000"
2120,0.0000,Tx-Rx,0,-78.3960,"0.15000 -4.90000 1.10000, -4.15000 2.65000 0.10000"
2121,0.0000,Tx-Rx,0,-77.3640,"0.15000 -4.90000 1.10000, -3.85000 2.65000 0.10000"
2122,0.0000,Tx-Rx,0,-77.7143,"0.15000 -4.90000 1.10000, -3.55000 2.65000 0.10000"
2123,0.0000,Tx-Rx,0,-77.7269,"0.15000 -4.90000 1.10000, -3.25000 2.65000 0.10000"
2124,0.0000,Tx-Rx,0,-78.0441,"0.15000 -4.90000 1.10000, -2.95000 2.65000 0.10000"
2125,0.0000,Tx-Rx,0,-77.3025,"0.15000 -4.90000 1.10000, -2.65000 2.65000 0.10000"
2126,0.0000,Tx-Rx,0,-77.7514,"0.15000 -4.90000 1.10000, -2.35000 2.65000 0.10000"
2127,0.0000,Tx-Rx,0,-78.3256,"0.15000 -4.90000 1.10000, -2.05000 2.65000 0.10000"
2128,0.0000,Tx-Rx,0,-78.1362,"0.15000 -4.90000 1.10000, -1.75000 2.65000 0.10000"
2129,0.0000,Tx-Rx,0,-78.0386,"0.15000 -4.90000 1.10000, -1.45000 2.65000 0.10000"
2130,0.0000,Tx-Rx,0,-78.1732,"0.15000 -4.90000 1.10000, -1.15000 2.65000 0.10000"
2131,0.0000,Tx-Rx,0,-77.8864,"0.15000 -4.90000 1.10000, -0.85000 2.65000 0.10000"
2132,0.0000,Tx-Rx,0,-78.0386,"0.15000 -4.90000 1.10000, -0.55000 2.65000 0.10000"
2133,0.0000,Tx-Rx,0,-73.8871,"0.15000 -4.90000 1.10000, -0.25000 2.65000 0.10000"
2134,0.0000,Tx-Rx,0,-58.5241,"0.15000 -4.90000 1.10000, 0.05000 2.65000 0.10000"
2135,0.0000,Tx-Rx,0,-56.7499,"0.15000 -4.90000 1.10000, 0.35000 2.65000 0.10000"
2136,0.0000,Tx-Rx,0,-56.5259,"0.15000 -4.90000 1.10000, 0.65000 2.65000 0.10000"
2137,0.0000,Tx-Rx,0,-56.7152,"0.15000 -4.90000 1.10000, 0.95000 2.65000 0.10000"
2138,0.0000,Tx-Rx,0,-56.8898,"0.15000 -4.90000 1.10000, 1.25000 2.65000 0.10000"
2139,0.0000,Tx-Rx,0,-57.3327,"0.15000 -4.90000 1.10000, 1.55000 2.65000 0.10000"
2140,0.0000,Tx-Rx,0,-57.4265,"0.15000 -4.90000 1.10000, 1.85000 2.65000 0.10000"
2141,0.0000,Tx-Rx,0,-57.1303,"0.15000 -4.90000 1.10000, 2.15000 2.65000 0.10000"
2142,0.0000,Tx-Rx,0,-56.4827,"0.15000 -4.90000 1.10000, 2.45000 2.65000 0.10000"
2143,0.0000,Tx-Rx,0,-57.0800,"0.15000 -4.90000 1.10000, 2.75000 2.65000 0.10000"
2144,0.0000,Tx-Rx,0,-57.4166,"0.15000 -4.90000 1.10000, 3.05000 2.65000 0.10000"
2145,0.0000,Tx-Rx,0,-57.1541,"0.15000 -4.90000 1.10000, 3.35000 2.65000 0.10000"
2146,0.0000,Tx-Rx,0,-56.7882,"0.15000 -4.90000 1.10000, 3.65000 2.65000 0.10000"
2147,0.0000,Tx-Rx,0,-56.9208,"0.15000 -4.90000 1.10000, 3.95000 2.65000 0.10000"
2148,0.0000,Tx-Rx,0,-57.1610,"0.15000 -4.90000 1.10000, 4.25000 2.65000 0.10000"
2149,0.0000,Tx-Rx,0,-55.5890,"0.15000 -4.90000 1.10000, 4.55000 2.65000 0.10000"
2150,0.0000,Tx-Rx,0,-53.3722,"0.15000 -4.90000 1.10000, 4.85000 2.65000 0.10000"
2151,0.0000,Tx-Rx,0,-53.5876,"0.15000 -4.90000 1.10000, 5.15000 2.65000 0.10000"
2152,0.0000,Tx-Rx,0,-55.2103,"0.15000 -4.90000 1.10000, 5.45000 2.65000 0.10000"
2153,0.0000,Tx-Rx,0,-64.3992,"0.15000 -4.90000 1.10000, 5.75000 2.65000 0.10000"
2154,0.0000,Tx-Rx,0,-68.7007,"0.15000 -4.90000 1.10000, 6.05000 2.65000 0.10000"
2155,0.0000,Tx-Rx,0,-67.4076,"0.15000 -4.90000 1.10000, 6.35000 2.65000 0.10000"
2156,0.0000,Tx-Rx,0,-63.0509,"0.15000 -4.90000 1.10000, 6.65000 2.65000 0.10000"
2157,0.0000,Tx-Rx,0,-62.7956,"0.15000 -4.90000 1.10000, 6.95000 2.65000 0.10000"
2158,0.0000,Tx-Rx,0,-63.3424,"0.15000 -4.90000 1.10000, 7.25000 2.65000 0.10000"
2159,0.0000,Tx-Rx,0,-70.9769,"0.15000 -4.90000 1.10000, 7.55000 2.65000 0.10000"
2160,0.0000,Tx-Rx,0,-76.8966,"0.15000 -4.90000 1.10000, 7.85000 2.65000 0.10000"
2161,0.0000,Tx-Rx,0,-109.7043,"0.15000 -4.90000 1.10000, -9.85000 2.95000 0.10000"
2162,0.0000,Tx-Rx,0,-108.8789,"0.15000 -4.90000 1.10000, -9.55000 2.95000 0.10000"
2163,0.0000,Tx-Rx,0,-112.7102,"0.15000 -4.90000 1.10000, -9.25000 2.95000 0.10000"
2164,0.0000,Tx-Rx,0,-107.9136,"0.15000 -4.90000 1.10000, -8.95000 2.95000 0.10000"
2165,0.0000,Tx-Rx,0,-111.4696,"0.15000 -4.90000 1.10000, -8.65000 2.95000 0.10000"
2166,0.0000,Tx-Rx,0,-114.1509,"0.15000 -4.90000 1.10000, -8.35000 2.95000 0.10000"
2167,0.0000,Tx-Rx,0,-91.1831,"0.15000 -4.90000 1.10000, -8.05000 2.95000 0.10000"
2168,0.0000,Tx-Rx,0,-85.3873,"0.15000 -4.90000 1.10000, -7.75000 2.95000 0.10000"
2169,0.0000,Tx-Rx,0,-85.9051,"0.15000 -4.90000 1.10000, -7.45000 2.95000 0.10000"
2170,0.0000,Tx-Rx,0,-84.3404,"0.15000 -4.90000 1.10000, -7.15000 2.95000 0.10000"
2171,0.0000,Tx-Rx,0,-83.5537,"0.15000 -4.90000 1.10000, -6.85000 2.95000 0.10000"
2172,0.0000,Tx-Rx,0,-80.6449,"0.15000 -4.90000 1.10000, -6.55000 2.95000 0.10000"
2173,0.0000,Tx-Rx,0,-79.0683,"0.15000 -4.90000 1.10000, -6.25000 2.95000 0.10000"
2174,0.0000,Tx-Rx,0,-77.5494,"0.15000 -4.90000 1.10000, -5.95000 2.95000 0.10000"
2175,0.0000,Tx-Rx,0,-78.6497,"0.15000 -4.90000 1.10000, -5.65000 2.95000 0.10000"
2176,0.0000,Tx-Rx,0,-78.6567,"0.15000 -4.90000 1.10000, -5.35000 2.95000 0.10000"
2177,0.0000,Tx-Rx,0,-78.8680,"0.15000 -4.90000 1.10000, -5.05000 2.95000 0.10000"
2178,0.0000,Tx-Rx,0,-78.9040,"0.15000 -4.90000 1.10000, -4.75000 2.95000 0.10000"
2179,0.0000,Tx-Rx,0,-78.9559,"0.15000 -4.90000 1.10000, -4.45000 2.95000 0.10000"
2180,0.0000,Tx-Rx,0,-78.8283,"0.15000 -4.90000 1.10000, -4.15000 2.95000 0.10000"
2181,0.0000,Tx-Rx,0,-79.0037,"0.15000 -4.90000 1.10000, -3.85000 2.95000 0.10000"
2182,0.0000,Tx-Rx,0,-77.2837,"0.15000 -4.90000 1.10000, -3.55000 2.95000 0.10000"
2183,0.0000,Tx-Rx,0,-77.9805,"0.15000 -4.90000 1.10000, -3.25000 2.95000 0.10000"
2184,0.0000,Tx-Rx,0,-77.0535,"0.15000 -4.90000 1.10000, -2.95000 2.95000 0.10000"
2185,0.0000,Tx-Rx,0,-77.0045,"0.15000 -4.90000 1.10000, -2.65000 2.95000 0.10000"
2186,0.0000,Tx-Rx,0,-77.3750,"0.15000 -4.90000 1.10000, -2.35000 2.95000 0.10000"
2187,0.0000,Tx-Rx,0,-78.7587,"0.15000 -4.90000 1.10000, -2.05000 2.95000 0.10000"
2188,0.0000,Tx-Rx,0,-79.0387,"0.15000 -4.90000 1.10000, -1.75000 2.95000 0.10000"
2189,0.0000,Tx-Rx,0,-79.1089,"0.15000 -4.90000 1.10000, -1.45000 2.95000 0.10000"
2190,0.0000,Tx-Rx,0,-78.2384,"0.15000 -4.90000 1.10000, -1.15000 2.95000 0.10000"
2191,0.0000,Tx-Rx,0,-77.6515,"0.15000 -4.90000 1.10000, -0.85000 2.95000 0.10000"
2192,0.0000,Tx-Rx,0,-77.2619,"0.15000 -4.90000 1.10000, -0.55000 2.95000 0.10000"
2193,0.0000,Tx-Rx,0,-73.9137,"0.15000 -4.90000 1.10000, -0.25000 2.95000 0.10000"
2194,0.0000,Tx-Rx,0,-58.7687,"0.15000 -4.90000 1.10000, 0.05000 2.95000 0.10000"
2195,0.0000,Tx-Rx,0,-56.9953,"0.15000 -4.90000 1.10000, 0.35000 2.95000 0.10000"
2196,0.0000,Tx-Rx,0,-56.8588,"0.15000 -4.90000 1.10000, 0.65000 2.95000 0.10000"
2197,0.0000,Tx-Rx,0,-57.0882,"0.15000 -4.90000 1.10000, 0.95000 2.95000 0.10000"
2198,0.0000,Tx-Rx,0,-57.3391,"0.15000 -4.90000 1.10000, 1.25000 2.95000 0.10000"
2199,0.0000,Tx-Rx,0,-57.1078,"0.15000 -4.90000 1.10000, 1.55000 2.95000 0.10000"
2200,0.0000,Tx-Rx,0,-57.5120,"0.15000 -4.90000 1.10000, 1.85000 2.95000 0.10000"
2201,0.0000,Tx-Rx,0,-57.7867,"0.15000 -4.90000 1.10000, 2.15000 2.95000 0.10000"
2202,0.0000,Tx-Rx,0,-56.8292,"0.15000 -4.90000 1.10000, 2.45000 2.95000 0.10000"
2203,0.0000,Tx-Rx,0,-56.8618,"0.15000 -4.90000 1.10000, 2.75000 2.95000 0.10000"
2204,0.0000,Tx-Rx,0,-57.0441,"0.15000 -4.90000 1.10000, 3.05000 2.95000 0.10000"
2205,0.0000,Tx-Rx,0,-57.3068,"0.15000 -4.90000 1.10000, 3.35000 2.95000 0.10000"
2206,0.0000,Tx-Rx,0,-57.6250,"0.15000 -4.90000 1.10000, 3.65000 2.95000 0.10000"
2207,0.0000,Tx-Rx,0,-56.8066,"0.15000 -4.90000 1.10000, 3.95000 2.95000 0.10000"
2208,0.0000,Tx-Rx,0,-56.7952,"0.15000 -4.90000 1.10000, 4.25000 2.95000 0.10000"
2209,0.0000,Tx-Rx,0,-57.4102,"0.15000 -4.90000 1.10000, 4.55000 2.95000 0.10000"
2210,0.0000,Tx-Rx,0,-55.2103,"0.15000 -4.90000 1.10000, 4.85000 2.95000 0.10000"
2211,0.0000,Tx-Rx,0,-53.9996,"0.15000 -4.90000 1.10000, 5.15000 2.95000 0.10000"
2212,0.0000,Tx-Rx,0,-53.4441,"0.15000 -4.90000 1.10000, 5.45000 2.95000 0.10000"
2213,0.0000,Tx-Rx,0,-57.4357,"0.15000 -4.90000 1.10000, 5.75000 2.95000 0.10000"
2214,0.0000,Tx-Rx,0,-68.2153,"0.15000 -4.90000 1.10000, 6.05000 2.95000 0.10000"
2215,0.0000,Tx-Rx,0,-63.9654,"0.15000 -4.90000 1.10000, 6.35000 2.95000 0.10000"
2216,0.0000,Tx-Rx,0,-63.0086,"0.15000 -4.90000 1.10000, 6.65000 2.95000 0.10000"
2217,0.0000,Tx-Rx,0,-62.5715,"0.15000 -4.90000 1.10000, 6.95000 2.95000 0.10000"
2218,0.0000,Tx-Rx,0,-66.3232,"0.15000 -4.90000 1.10000, 7.25000 2.95000 0.10000"
2219,0.0000,Tx-Rx,0,-73.9573,"0.15000 -4.90000 1.10000, 7.55000 2.95000 0.10000"
2220,0.0000,Tx-Rx,0,-76.0423,"0.15000 -4.90000 1.10000, 7.85000 2.95000 0.10000"
2221,0.0000,Tx-Rx,0,-111.4815,"0.15000 -4.90000 1.10000, -9.85000 3.25000 0.10000"
2222,0.0000,Tx-Rx,0,-100.5489,"0.15000 -4.90000 1.10000, -9.55000 3.25000 0.10000"
2223,0.0000,Tx-Rx,0,-109.9932,"0.15000 -4.90000 1.10000, -9.25000 3.25000 0.10000"
2224,0.0000,Tx-Rx,0,-118.7700,"0.15000 -4.90000 1.10000, -8.95000 3.25000 0.10000"
2225,0.0000,Tx-Rx,0,-108.0845,"0.15000 -4.90000 1.10000, -8.65000 3.25000 0.10000"
2226,0.0000,Tx-Rx,0,-109.8685,"0.15000 -4.90000 1.10000, -8.35000 3.25000 0.10000"
2227,0.0000,Tx-Rx,0,-90.7323,"0.15000 -4.90000 1.10000, -8.05000 3.25000 0.10000"
2228,0.0000,Tx-Rx,0,-84.3642,"0.15000 -4.90000 1.10000, -7.75000 3.25000 0.10000"
2229,0.0000,Tx-Rx,0,-81.3982,"0.15000 -4.90000 1.10000, -7.45000 3.25000 0.10000"
2230,0.0000,Tx-Rx,0,-79.4655,"0.15000 -4.90000 1.10000, -7.15000 3.25000 0.10000"
2231,0.0000,Tx-Rx,0,-78.5740,"0.15000 -4.90000 1.10000, -6.85000 3.25000 0.10000"
2232,0.0000,Tx-Rx,0,-78.2649,"0.15000 -4.90000 1.10000, -6.55000 3.25000 0.10000"
2233,0.0000,Tx-Rx,0,-77.4566,"0.15000 -4.90000 1.10000, -6.25000 3.25000 0.10000"
2234,0.0000,Tx-Rx,0,-78.0802,"0.15000 -4.90000 1.10000, -5.95000 3.25000 0.10000"
2235,0.0000,Tx-Rx,0,-78.4508,"0.15000 -4.90000 1.10000, -5.65000 3.25000 0.10000"
2236,0.0000,Tx-Rx,0,-78.8513,"0.15000 -4.90000 1.10000, -5.35000 3.25000 0.10000"
2237,0.0000,Tx-Rx,0,-78.9033,"0.15000 -4.90000 1.10000, -5.05000 3.25000 0.10000"
2238,0.0000,Tx-Rx,0,-78.9161,"0.15000 -4.90000 1.10000, -4.75000 3.25000 0.10000"
2239,0.0000,Tx-Rx,0,-78.8375,"0.15000 -4.90000 1.10000, -4.45000 3.25000 0.10000"
2240,0.0000,Tx-Rx,0,-78.8172,"0.15000 -4.90000 1.10000, -4.15000 3.25000 0.10000"
2241,0.0000,Tx-Rx,0,-78.6938,"0.15000 -4.90000 1.10000, -3.85000 3.25000 0.10000"
2242,0.0000,Tx-Rx,0,-78.8510,"0.15000 -4.90000 1.10000, -3.55000 3.25000 0.10000"
2243,0.0000,Tx-Rx,0,-78.0473,"0.15000 -4.90000 1.10000, -3.25000 3.25000 0.10000"
2244,0.0000,Tx-Rx,0,-77.8183,"0.15000 -4.90000 1.10000, -2.95000 3.25000 0.10000"
2245,0.0000,Tx-Rx,0,-77.7440,"0.15000 -4.90000 1.10000, -2.65000 3.25000 0.10000"
2246,0.0000,Tx-Rx,0,-78.0508,"0.15000 -4.90000 1.10000, -2.35000 3.25000 0.10000"
2247,0.0000,Tx-Rx,0,-77.5458,"0.15000 -4.90000 1.10000, -2.05000 3.25000 0.10000"
2248,0.0000,Tx-Rx,0,-77.8276,"0.15000 -4.90000 1.10000, -1.75000 3.25000 0.10000"
2249,0.0000,Tx-Rx,0,-78.0777,"0.15000 -4.90000 1.10000, -1.45000 3.25000 0.10000"
2250,0.0000,Tx-Rx,0,-78.1257,"0.15000 -4.90000 1.10000, -1.15000 3.25000 0.10000"
2251,0.0000,Tx-Rx,0,-76.7143,"0.15000 -4.90000 1.10000, -0.85000 3.25000 0.10000"
2252,0.0000,Tx-Rx,0,-72.4972,"0.15000 -4.90000 1.10000, -0.55000 3.25000 0.10000"
2253,0.0000,Tx-Rx,0,-72.7582,"0.15000 -4.90000 1.10000, -0.25000 3.25000 0.10000"
2254,0.0000,Tx-Rx,0,-58.9220,"0.15000 -4.90000 1.10000, 0.05000 3.25000 0.10000"
2255,0.0000,Tx-Rx,0,-57.0191,"0.15000 -4.90000 1.10000, 0.35000 3.25000 0.10000"
2256,0.0000,Tx-Rx,0,-57.1835,"0.15000 -4.90000 1.10000, 0.65000 3.25000 0.10000"
2257,0.0000,Tx-Rx,0,-57.3135,"0.15000 -4.90000 1.10000, 0.95000 3.25000 0.10000"
2258,0.0000,Tx-Rx,0,-57.4703,"0.15000 -4.90000 1.10000, 1.25000 3.25000 0.10000"
2259,0.0000,Tx-Rx,0,-57.5140,"0.15000 -4.90000 1.10000, 1.55000 3.25000 0.10000"
2260,0.0000,Tx-Rx,0,-57.9215,"0.15000 -4.90000 1.10000, 1.85000 3.25000 0.10000"
2261,0.0000,Tx-Rx,0,-58.0956,"0.15000 -4.90000 1.10000, 2.15000 3.25000 0.10000"
2262,0.0000,Tx-Rx,0,-57.9389,"0.15000 -4.90000 1.10000, 2.45000 3.25000 0.10000"
2263,0.0000,Tx-Rx,0,-57.4851,"0.15000 -4.90000 1.10000, 2.75000 3.25000 0.10000"
2264,0.0000,Tx-Rx,0,-56.9129,"0.15000 -4.90000 1.10000, 3.05000 3.25000 0.10000"
2265,0.0000,Tx-Rx,0,-57.1211,"0.15000 -4.90000 1.10000, 3.35000 3.25000 0.10000"
2266,0.0000,Tx-Rx,0,-57.2435,"0.15000 -4.90000 1.10000, 3.65000 3.25000 0.10000"
2267,0.0000,Tx-Rx,0,-56.2943,"0.15000 -4.90000 1.10000, 3.95000 3.25000 0.10000"
2268,0.0000,Tx-Rx,0,-56.5701,"0.15000 -4.90000 1.10000, 4.25000 3.25000 0.10000"
2269,0.0000,Tx-Rx,0,-57.0540,"0.15000 -4.90000 1.10000, 4.55000 3.25000 0.10000"
2270,0.0000,Tx-Rx,0,-56.7028,"0.15000 -4.90000 1.10000, 4.85000 3.25000 0.10000"
2271,0.0000,Tx-Rx,0,-54.6128,"0.15000 -4.90000 1.10000, 5.15000 3.25000 0.10000"
2272,0.0000,Tx-Rx,0,-54.2320,"0.15000 -4.90000 1.10000, 5.45000 3.25000 0.10000"
2273,0.0000,Tx-Rx,0,-53.9474,"0.15000 -4.90000 1.10000, 5.75000 3.25000 0.10000"
2274,0.0000,Tx-Rx,0,-59.1426,"0.15000 -4.90000 1.10000, 6.05000 3.25000 0.10000"
2275,0.0000,Tx-Rx,0,-62.6269,"0.15000 -4.90000 1.10000, 6.35000 3.25000 0.10000"
2276,0.0000,Tx-Rx,0,-62.7476,"0.15000 -4.90000 1.10000, 6.65000 3.25000 0.10000"
2277,0.0000,Tx-Rx,0,-64.5580,"0.15000 -4.90000 1.10000, 6.95000 3.25000 0.10000"
2278,0.0000,Tx-Rx,0,-69.8678,"0.15000 -4.90000 1.10000, 7.25000 3.25000 0.10000"
2279,0.0000,Tx-Rx,0,-71.7165,"0.15000 -4.90000 1.10000, 7.55000 3.25000 0.10000"
2280,0.0000,Tx-Rx,0,-73.8224,"0.15000 -4.90000 1.10000, 7.85000 3.25000 0.10000"
2281,0.0000,Tx-Rx,0,-111.6574,"0.15000 -4.90000 1.10000, -9.85000 3.55000 0.10000"
2282,0.0000,Tx-Rx,0,-133.7639,"0.15000 -4.90000 1.10000, -9.55000 3.55000 0.10000"
2283,0.0000,Tx-Rx,0,-107.4018,"0.15000 -4.90000 1.10000, -9.25000 3.55000 0.10000"
2284,0.0000,Tx-Rx,0,-103.9698,"0.15000 -4.90000 1.10000, -8.95000 3.55000 0.10000"
2285,0.0000,Tx-Rx,0,-110.0566,"0.15000 -4.90000 1.10000, -8.65000 3.55000 0.10000"
2286,0.0000,Tx-Rx,0,-101.3592,"0.15000 -4.90000 1.10000, -8.35000 3.55000 0.10000"
2287,0.0000,Tx-Rx,0,-83.4839,"0.15000 -4.90000 1.10000, -8.05000 3.55000 0.10000"
2288,0.0000,Tx-Rx,0,-78.2286,"0.15000 -4.90000 1.10000, -7.75000 3.55000 0.10000"
2289,0.0000,Tx-Rx,0,-78.2789,"0.15000 -4.90000 1.10000, -7.45000 3.55000 0.10000"
2290,0.0000,Tx-Rx,0,-78.3514,"0.15000 -4.90000 1.10000, -7.15000 3.55000 0.10000"
2291,0.0000,Tx-Rx,0,-78.2863,"0.15000 -4.90000 1.10000, -6.85000 3.55000 0.10000"
2292,0.0000,Tx-Rx,0,-77.8020,"0.15000 -4.90000 1.10000, -6.55000 3.55000 0.10000"
2293,0.0000,Tx-Rx,0,-77.9678,"0.15000 -4.90000 1.10000, -6.25000 3.55000 0.10000"
2294,0.0000,Tx-Rx,0,-78.7044,"0.15000 -4.90000 1.10000, -5.95000 3.55000 0.10000"
2295,0.0000,Tx-Rx,0,-78.6496,"0.15000 -4.90000 1.10000, -5.65000 3.55000 0.10000"
2296,0.0000,Tx-Rx,0,-78.6622,"0.15000 -4.90000 1.10000, -5.35000 3.55000 0.10000"
2297,0.0000,Tx-Rx,0,-78.8455,"0.15000 -4.90000 1.10000, -5.05000 3.55000 0.10000"
2298,0.0000,Tx-Rx,0,-79.0828,"0.15000 -4.90000 1.10000, -4.75000 3.55000 0.10000"
2299,0.0000,Tx-Rx,0,-79.0851,"0.15000 -4.90000 1.10000, -4.45000 3.55000 0.10000"
2300,0.0000,Tx-Rx,0,-78.8609,"0.15000 -4.90000 1.10000, -4.15000 3.55000 0.10000"
2301,0.0000,Tx-Rx,0,-79.0377,"0.15000 -4.90000 1.10000, -3.85000 3.55000 0.10000"
2302,0.0000,Tx-Rx,0,-78.5278,"0.15000 -4.90000 1.10000, -3.55000 3.55000 0.10000"
2303,0.0000,Tx-Rx,0,-78.5914,"0.15000 -4.90000 1.10000, -3.25000 3.55000 0.10000"
2304,0.0000,Tx-Rx,0,-79.1236,"0.15000 -4.90000 1.10000, -2.95000 3.55000 0.10000"
2305,0.0000,Tx-Rx,0,-78.5328,"0.15000 -4.90000 1.10000, -2.65000 3.55000 0.10000"
2306,0.0000,Tx-Rx,0,-78.0620,"0.15000 -4.90000 1.10000, -2.35000 3.55000 0.10000"
2307,0.0000,Tx-Rx,0,-77.4241,"0.15000 -4.90000 1.10000, -2.05000 3.55000 0.10000"
2308,0.0000,Tx-Rx,0,-78.0597,"0.15000 -4.90000 1.10000, -1.75000 3.55000 0.10000"
2309,0.0000,Tx-Rx,0,-75.9551,"0.15000 -4.90000 1.10000, -1.45000 3.55000 0.10000"
2310,0.0000,Tx-Rx,0,-77.5614,"0.15000 -4.90000 1.10000, -1.15000 3.55000 0.10000"
2311,0.0000,Tx-Rx,0,-76.2870,"0.15000 -4.90000 1.10000, -0.85000 3.55000 0.10000"
2312,0.0000,Tx-Rx,0,-77.8114,"0.15000 -4.90000 1.10000, -0.55000 3.55000 0.10000"
2313,0.0000,Tx-Rx,0,-73.5967,"0.15000 -4.90000 1.10000, -0.25000 3.55000 0.10000"
2314,0.0000,Tx-Rx,0,-59.0826,"0.15000 -4.90000 1.10000, 0.05000 3.55000 0.10000"
2315,0.0000,Tx-Rx,0,-57.4272,"0.15000 -4.90000 1.10000, 0.35000 3.55000 0.10000"
2316,0.0000,Tx-Rx,0,-57.1410,"0.15000 -4.90000 1.10000, 0.65000 3.55000 0.10000"
2317,0.0000,Tx-Rx,0,-57.5133,"0.15000 -4.90000 1.10000, 0.95000 3.55000 0.10000"
2318,0.0000,Tx-Rx,0,-57.1071,"0.15000 -4.90000 1.10000, 1.25000 3.55000 0.10000"
2319,0.0000,Tx-Rx,0,-57.7269,"0.15000 -4.90000 1.10000, 1.55000 3.55000 0.10000"
2320,0.0000,Tx-Rx,0,-57.7430,"0.15000 -4.90000 1.10000, 1.85000 3.55000 0.10000"
2321,0.0000,Tx-Rx,0,-58.2148,"0.15000 -4.90000 1.10000, 2.15000 3.55000 0.10000"
2322,0.0000,Tx-Rx,0,-58.0741,"0.15000 -4.90000 1.10000, 2.45000 3.55000 0.10000"
2323,0.0000,Tx-Rx,0,-57.5476,"0.15000 -4.90000 1.10000, 2.75000 3.55000 0.10000"
2324,0.0000,Tx-Rx,0,-57.2008,"0.15000 -4.90000 1.10000, 3.05000 3.55000 0.10000"
2325,0.0000,Tx-Rx,0,-56.0554,"0.15000 -4.90000 1.10000, 3.35000 3.55000 0.10000"
2326,0.0000,Tx-Rx,0,-56.2043,"0.15000 -4.90000 1.10000, 3.65000 3.55000 0.10000"
2327,0.0000,Tx-Rx,0,-56.4403,"0.15000 -4.90000 1.10000, 3.95000 3.55000 0.10000"
2328,0.0000,Tx-Rx,0,-57.2985,"0.15000 -4.90000 1.10000, 4.25000 3.55000 0.10000"
2329,0.0000,Tx-Rx,0,-57.7084,"0.15000 -4.90000 1.10000, 4.55000 3.55000 0.10000"
2330,0.0000,Tx-Rx,0,-58.4368,"0.15000 -4.90000 1.10000, 4.85000 3.55000 0.10000"
2331,0.0000,Tx-Rx,0,-57.4053,"0.15000 -4.90000 1.10000, 5.15000 3.55000 0.10000"
2332,0.0000,Tx-Rx,0,-54.0364,"0.15000 -4.90000 1.10000, 5.45000 3.55000 0.10000"
2333,0.0000,Tx-Rx,0,-54.1146,"0.15000 -4.90000 1.10000, 5.75000 3.55000 0.10000"
2334,0.0000,Tx-Rx,0,-54.2551,"0.15000 -4.90000 1.10000, 6.05000 3.55000 0.10000"
2335,0.0000,Tx-Rx,0,-61.1394,"0.15000 -4.90000 1.10000, 6.35000 3.55000 0.10000"
2336,0.0000,Tx-Rx,0,-62.8888,"0.15000 -4.90000 1.10000, 6.65000 3.55000 0.10000"
2337,0.0000,Tx-Rx,0,-70.2382,"0.15000 -4.90000 1.10000, 6.95000 3.55000 0.10000"
2338,0.0000,Tx-Rx,0,-72.5248,"0.15000 -4.90000 1.10000, 7.25000 3.55000 0.10000"
2339,0.0000,Tx-Rx,0,-69.8702,"0.15000 -4.90000 1.10000, 7.55000 3.55000 0.10000"
2340,0.0000,Tx-Rx,0,-71.6235,"0.15000 -4.90000 1.10000, 7.85000 3.55000 0.10000"
2341,0.0000,Tx-Rx,0,-112.9724,"0.15000 -4.90000 1.10000, -9.85000 3.85000 0.10000"
2342,0.0000,Tx-Rx,0,-103.2943,"0.15000 -4.90000 1.10000, -9.55000 3.85000 0.10000"
2343,0.0000,Tx-Rx,0,-110.0749,"0.15000 -4.90000 1.10000, -9.25000 3.85000 0.10000"
2344,0.0000,Tx-Rx,0,-99.7564,"0.15000 -4.90000 1.10000, -8.95000 3.85000 0.10000"
2345,0.0000,Tx-Rx,0,-103.3932,"0.15000 -4.90000 1.10000, -8.65000 3.85000 0.10000"
2346,0.0000,Tx-Rx,0,-102.8984,"0.15000 -4.90000 1.10000, -8.35000 3.85000 0.10000"
2347,0.0000,Tx-Rx,0,-82.0468,"0.15000 -4.90000 1.10000, -8.05000 3.85000 0.10000"
2348,0.0000,Tx-Rx,0,-77.0627,"0.15000 -4.90000 1.10000, -7.75000 3.85000 0.10000"
2349,0.0000,Tx-Rx,0,-77.7056,"0.15000 -4.90000 1.10000, -7.45000 3.85000 0.10000"
2350,0.0000,Tx-Rx,0,-78.0491,"0.15000 -4.90000 1.10000, -7.15000 3.85000 0.10000"
2351,0.0000,Tx-Rx,0,-78.1766,"0.15000 -4.90000 1.10000, -6.85000 3.85000 0.10000"
2352,0.0000,Tx-Rx,0,-78.1268,"0.15000 -4.90000 1.10000, -6.55000 3.85000 0.10000"
2353,0.0000,Tx-Rx,0,-78.5148,"0.15000 -4.90000 1.10000, -6.25000 3.85000 0.10000"
2354,0.0000,Tx-Rx,0,-78.9938,"0.15000 -4.90000 1.10000, -5.95000 3.85000 0.10000"
2355,0.0000,Tx-Rx,0,-79.1905,"0.15000 -4.90000 1.10000, -5.65000 3.85000 0.10000"
2356,0.0000,Tx-Rx,0,-79.2579,"0.15000 -4.90000 1.10000, -5.35000 3.85000 0.10000"
2357,0.0000,Tx-Rx,0,-79.4991,"0.15000 -4.90000 1.10000, -5.05000 3.85000 0.10000"
2358,0.0000,Tx-Rx,0,-79.3538,"0.15000 -4.90000 1.10000, -4.75000 3.85000 0.10000"
2359,0.0000,Tx-Rx,0,-79.2143,"0.15000 -4.90000 1.10000, -4.45000 3.85000 0.10000"
2360,0.0000,Tx-Rx,0,-79.0174,"0.15000 -4.90000 1.10000, -4.15000 3.85000 0.10000"
2361,0.0000,Tx-Rx,0,-78.7299,"0.15000 -4.90000 1.10000, -3.85000 3.85000 0.10000"
2362,0.0000,Tx-Rx,0,-78.7302,"0.15000 -4.90000 1.10000, -3.55000 3.85000 0.10000"
2363,0.0000,Tx-Rx,0,-78.9087,"0.15000 -4.90000 1.10000, -3.25000 3.85000 0.10000"
2364,0.0000,Tx-Rx,0,-79.2551,"0.15000 -4.90000 1.10000, -2.95000 3.85000 0.10000"
2365,0.0000,Tx-Rx,0,-79.4031,"0.15000 -4.90000 1.10000, -2.65000 3.85000 0.10000"
2366,0.0000,Tx-Rx,0,-78.9818,"0.15000 -4.90000 1.10000, -2.35000 3.85000 0.10000"
2367,0.0000,Tx-Rx,0,-77.9785,"0.15000 -4.90000 1.10000, -2.05000 3.85000 0.10000"
2368,0.0000,Tx-Rx,0,-76.7445,"0.15000 -4.90000 1.10000, -1.75000 3.85000 0.10000"
2369,0.0000,Tx-Rx,0,-76.5071,"0.15000 -4.90000 1.10000, -1.45000 3.85000 0.10000"
2370,0.0000,Tx-Rx,0,-76.0873,"0.15000 -4.90000 1.10000, -1.15000 3.85000 0.10000"
2371,0.0000,Tx-Rx,0,-76.9144,"0.15000 -4.90000 1.10000, -0.85000 3.85000 0.10000"
2372,0.0000,Tx-Rx,0,-77.0955,"0.15000 -4.90000 1.10000, -0.55000 3.85000 0.10000"
2373,0.0000,Tx-Rx,0,-74.1913,"0.15000 -4.90000 1.10000, -0.25000 3.85000 0.10000"
2374,0.0000,Tx-Rx,0,-59.3069,"0.15000 -4.90000 1.10000, 0.05000 3.85000 0.10000"
2375,0.0000,Tx-Rx,0,-57.4169,"0.15000 -4.90000 1.10000, 0.35000 3.85000 0.10000"
2376,0.0000,Tx-Rx,0,-57.6621,"0.15000 -4.90000 1.10000, 0.65000 3.85000 0.10000"
2377,0.0000,Tx-Rx,0,-57.4725,"0.15000 -4.90000 1.10000, 0.95000 3.85000 0.10000"
2378,0.0000,Tx-Rx,0,-57.8623,"0.15000 -4.90000 1.10000, 1.25000 3.85000 0.10000"
2379,0.0000,Tx-Rx,0,-58.0139,"0.15000 -4.90000 1.10000, 1.55000 3.85000 0.10000"
2380,0.0000,Tx-Rx,0,-58.1095,"0.15000 -4.90000 1.10000, 1.85000 3.85000 0.10000"
2381,0.0000,Tx-Rx,0,-58.7400,"0.15000 -4.90000 1.10000, 2.15000 3.85000 0.10000"
2382,0.0000,Tx-Rx,0,-58.3804,"0.15000 -4.90000 1.10000, 2.45000 3.85000 0.10000"
2383,0.0000,Tx-Rx,0,-58.2137,"0.15000 -4.90000 1.10000, 2.75000 3.85000 0.10000"
2384,0.0000,Tx-Rx,0,-57.1651,"0.15000 -4.90000 1.10000, 3.05000 3.85000 0.10000"
2385,0.0000,Tx-Rx,0,-56.1996,"0.15000 -4.90000 1.10000, 3.35000 3.85000 0.10000"
2386,0.0000,Tx-Rx,0,-56.1267,"0.15000 -4.90000 1.10000, 3.65000 3.85000 0.10000"
2387,0.0000,Tx-Rx,0,-57.2470,"0.15000 -4.90000 1.10000, 3.95000 3.85000 0.10000"
2388,0.0000,Tx-Rx,0,-57.5097,"0.15000 -4.90000 1.10000, 4.25000 3.85000 0.10000"
2389,0.0000,Tx-Rx,0,-58.3635,"0.15000 -4.90000 1.10000, 4.55000 3.85000 0.10000"
2390,0.0000,Tx-Rx,0,-59.4409,"0.15000 -4.90000 1.10000, 4.85000 3.85000 0.10000"
2391,0.0000,Tx-Rx,0,-58.0972,"0.15000 -4.90000 1.10000, 5.15000 3.85000 0.10000"
2392,0.0000,Tx-Rx,0,-55.8341,"0.15000 -4.90000 1.10000, 5.45000 3.85000 0.10000"
2393,0.0000,Tx-Rx,0,-54.2073,"0.15000 -4.90000 1.10000, 5.75000 3.85000 0.10000"
2394,0.0000,Tx-Rx,0,-53.9311,"0.15000 -4.90000 1.10000, 6.05000 3.85000 0.10000"
2395,0.0000,Tx-Rx,0,-56.0289,"0.15000 -4.90000 1.10000, 6.35000 3.85000 0.10000"
2396,0.0000,Tx-Rx,0,-65.5600,"0.15000 -4.90000 1.10000, 6.65000 3.85000 0.10000"
2397,0.0000,Tx-Rx,0,-69.8164,"0.15000 -4.90000 1.10000, 6.95000 3.85000 0.10000"
2398,0.0000,Tx-Rx,0,-72.7447,"0.15000 -4.90000 1.10000, 7.25000 3.85000 0.10000"
2399,0.0000,Tx-Rx,0,-73.0722,"0.15000 -4.90000 1.10000, 7.55000 3.85000 0.10000"
2400,0.0000,Tx-Rx,0,-69.4359,"0.15000 -4.90000 1.10000, 7.85000 3.85000 0.10000"
2401,0.0000,Tx-Rx,0,-109.8963,"0.15000 -4.90000 1.10000, -9.85000 4.15000 0.10000"
2402,0.0000,Tx-Rx,0,-111.5199,"0.15000 -4.90000 1.10000, -9.55000 4.15000 0.10000"
2403,0.0000,Tx-Rx,0,-104.2296,"0.15000 -4.90000 1.10000, -9.25000 4.15000 0.10000"
2404,0.0000,Tx-Rx,0,-104.7236,"0.15000 -4.90000 1.10000, -8.95000 4.15000 0.10000"
2405,0.0000,Tx-Rx,0,-105.1628,"0.15000 -4.90000 1.10000, -8.65000 4.15000 0.10000"
2406,0.0000,Tx-Rx,0,-105.5570,"0.15000 -4.90000 1.10000, -8.35000 4.15000 0.10000"
2407,0.0000,Tx-Rx,0,-82.8889,"0.15000 -4.90000 1.10000, -8.05000 4.15000 0.10000"
2408,0.0000,Tx-Rx,0,-78.0456,"0.15000 -4.90000 1.10000, -7.75000 4.15000 0.10000"
2409,0.0000,Tx-Rx,0,-78.1228,"0.15000 -4.90000 1.10000, -7.45000 4.15000 0.10000"
2410,0.0000,Tx-Rx,0,-78.2424,"0.15000 -4.90000 1.10000, -7.15000 4.15000 0.10000"
2411,0.0000,Tx-Rx,0,-78.5707,"0.15000 -4.90000 1.10000, -6.85000 4.15000 0.10000"
2412,0.0000,Tx-Rx,0,-78.4086,"0.15000 -4.90000 1.10000, -6.55000 4.15000 0.10000"
2413,0.0000,Tx-Rx,0,-79.0661,"0.15000 -4.90000 1.10000, -6.25000 4.15000 0.10000"
2414,0.0000,Tx-Rx,0,-79.3320,"0.15000 -4.90000 1.10000, -5.95000 4.15000 0.10000"
2415,0.0000,Tx-Rx,0,-79.4543,"0.15000 -4.90000 1.10000, -5.65000 4.15000 0.10000"
2416,0.0000,Tx-Rx,0,-79.4810,"0.15000 -4.90000 1.10000, -5.35000 4.15000 0.10000"
2417,0.0000,Tx-Rx,0,-79.2763,"0.15000 -4.90000 1.10000, -5.05000 4.15000 0.10000"
2418,0.0000,Tx-Rx,0,-78.9924,"0.15000 -4.90000 1.10000, -4.75000 4.15000 0.10000"
2419,0.0000,Tx-Rx,0,-78.9841,"0.15000 -4.90000 1.10000, -4.45000 4.15000 0.10000"
2420,0.0000,Tx-Rx,0,-78.6686,"0.15000 -4.90000 1.10000, -4.15000 4.15000 0.10000"
2421,0.0000,Tx-Rx,0,-78.4255,"0.15000 -4.90000 1.10000, -3.85000 4.15000 0.10000"
2422,0.0000,Tx-Rx,0,-78.9504,"0.15000 -4.90000 1.10000, -3.55000 4.15000 0.10000"
2423,0.0000,Tx-Rx,0,-78.9715,"0.15000 -4.90000 1.10000, -3.25000 4.15000 0.10000"
2424,0.0000,Tx-Rx,0,-79.0704,"0.15000 -4.90000 1.10000, -2.95000 4.15000 0.10000"
2425,0.0000,Tx-Rx,0,-78.8868,"0.15000 -4.90000 1.10000, -2.65000 4.15000 0.10000"
2426,0.0000,Tx-Rx,0,-78.5975,"0.15000 -4.90000 1.10000, -2.35000 4.15000 0.10000"
2427,0.0000,Tx-Rx,0,-77.5502,"0.15000 -4.90000 1.10000, -2.05000 4.15000 0.10000"
2428,0.0000,Tx-Rx,0,-77.3460,"0.15000 -4.90000 1.10000, -1.75000 4.15000 0.10000"
2429,0.0000,Tx-Rx,0,-76.6621,"0.15000 -4.90000 1.10000, -1.45000 4.15000 0.10000"
2430,0.0000,Tx-Rx,0,-77.3053,"0.15000 -4.90000 1.10000, -1.15000 4.15000 0.10000"
2431,0.0000,Tx-Rx,0,-77.9917,"0.15000 -4.90000 1.10000, -0.85000 4.15000 0.10000"
2432,0.0000,Tx-Rx,0,-80.2212,"0.15000 -4.90000 1.10000, -0.55000 4.15000 0.10000"
2433,0.0000,Tx-Rx,0,-75.1589,"0.15000 -4.90000 1.10000, -0.25000 4.15000 0.10000"
2434,0.0000,Tx-Rx,0,-66.7034,"0.15000 -4.90000 1.10000, 0.05000 4.15000 0.10000"
2435,0.0000,Tx-Rx,0,-83.0207,"0.15000 -4.90000 1.10000, 0.35000 4.15000 0.10000"
2436,0.0000,Tx-Rx,0,-82.7539,"0.15000 -4.90000 1.10000, 0.65000 4.15000 0.10000"
2437,0.0000,Tx-Rx,0,-82.5714,"0.15000 -4.90000 1.10000, 0.95000 4.15000 0.10000"
2438,0.0000,Tx-Rx,0,-82.8258,"0.15000 -4.90000 1.10000, 1.25000 4.15000 0.10000"
2439,0.0000,Tx-Rx,0,-82.6185,"0.15000 -4.90000 1.10000, 1.55000 4.15000 0.10000"
2440,0.0000,Tx-Rx,0,-80.0285,"0.15000 -4.90000 1.10000, 1.85000 4.15000 0.10000"
2441,0.0000,Tx-Rx,0,-58.7077,"0.15000 -4.90000 1.10000, 2.15000 4.15000 0.10000"
2442,0.0000,Tx-Rx,0,-58.7710,"0.15000 -4.90000 1.10000, 2.45000 4.15000 0.10000"
2443,0.0000,Tx-Rx,0,-58.8100,"0.15000 -4.90000 1.10000, 2.75000 4.15000 0.10000"
2444,0.0000,Tx-Rx,0,-58.5454,"0.15000 -4.90000 1.10000, 3.05000 4.15000 0.10000"
2445,0.0000,Tx-Rx,0,-60.4080,"0.15000 -4.90000 1.10000, 3.35000 4.15000 0.10000"
2446,0.0000,Tx-Rx,0,-64.6917,"0.15000 -4.90000 1.10000, 3.65000 4.15000 0.10000"
2447,0.0000,Tx-Rx,0,-82.8766,"0.15000 -4.90000 1.10000, 3.95000 4.15000 0.10000"
2448,0.0000,Tx-Rx,0,-84.2191,"0.15000 -4.90000 1.10000, 4.25000 4.15000 0.10000"
2449,0.0000,Tx-Rx,0,-86.0299,"0.15000 -4.90000 1.10000, 4.55000 4.15000 0.10000"
2450,0.0000,Tx-Rx,0,-87.3428,"0.15000 -4.90000 1.10000, 4.85000 4.15000 0.10000"
2451,0.0000,Tx-Rx,0,-86.1666,"0.15000 -4.90000 1.10000, 5.15000 4.15000 0.10000"
2452,0.0000,Tx-Rx,0,-87.1952,"0.15000 -4.90000 1.10000, 5.45000 4.15000 0.10000"
2453,0.0000,Tx-Rx,0,-83.2901,"0.15000 -4.90000 1.10000, 5.75000 4.15000 0.10000"
2454,0.0000,Tx-Rx,0,-83.1339,"0.15000 -4.90000 1.10000, 6.05000 4.15000 0.10000"
2455,0.0000,Tx-Rx,0,-81.3677,"0.15000 -4.90000 1.10000, 6.35000 4.15000 0.10000"
2456,0.0000,Tx-Rx,0,-85.8483,"0.15000 -4.90000 1.10000, 6.65000 4.15000 0.10000"
2457,0.0000,Tx-Rx,0,-96.9094,"0.15000 -4.90000 1.10000, 6.95000 4.15000 0.10000"
2458,0.0000,Tx-Rx,0,-98.9709,"0.15000 -4.90000 1.10000, 7.25000 4.15000 0.10000"
2459,0.0000,Tx-Rx,0,-106.5683,"0.15000 -4.90000 1.10000, 7.55000 4.15000 0.10000"
2460,0.0000,Tx-Rx,0,-95.3538,"0.15000 -4.90000 1.10000, 7.85000 4.15000 0.10000"
2461,0.0000,Tx-Rx,0,-106.0405,"0.15000 -4.90000 1.10000, -9.85000 4.45000 0.10000"
2462,0.0000,Tx-Rx,0,-103.4928,"0.15000 -4.90000 1.10000, -9.55000 4.45000 0.10000"
2463,0.0000,Tx-Rx,0,-106.6880,"0.15000 -4.90000 1.10000, -9.25000 4.45000 0.10000"
2464,0.0000,Tx-Rx,0,-102.9934,"0.15000 -4.90000 1.10000, -8.95000 4.45000 0.10000"
2465,0.0000,Tx-Rx,0,-108.4226,"0.15000 -4.90000 1.10000, -8.65000 4.45000 0.10000"
2466,0.0000,Tx-Rx,0,-104.9682,"0.15000 -4.90000 1.10000, -8.35000 4.45000 0.10000"
2467,0.0000,Tx-Rx,0,-83.3628,"0.15000 -4.90000 1.10000, -8.05000 4.45000 0.10000"
2468,0.0000,Tx-Rx,0,-78.2407,"0.15000 -4.90000 1.10000, -7.75000 4.45000 0.10000"
2469,0.0000,Tx-Rx,0,-78.2963,"0.15000 -4.90000 1.10000, -7.45000 4.45000 0.10000"
2470,0.0000,Tx-Rx,0,-77.9948,"0.15000 -4.90000 1.10000, -7.15000 4.45000 0.10000"
2471,0.0000,Tx-Rx,0,-78.4728,"0.15000 -4.90000 1.10000, -6.85000 4.45000 0.10000"
2472,0.0000,Tx-Rx,0,-78.8966,"0.15000 -4.90000 1.10000, -6.55000 4.45000 0.10000"
2473,0.0000,Tx-Rx,0,-78.6758,"0.15000 -4.90000 1.10000, -6.25000 4.45000 0.10000"
2474,0.0000,Tx-Rx,0,-78.6698,"0.15000 -4.90000 1.10000, -5.95000 4.45000 0.10000"
2475,0.0000,Tx-Rx,0,-78.8583,"0.15000 -4.90000 1.10000, -5.65000 4.45000 0.10000"
2476,0.0000,Tx-Rx,0,-78.8629,"0.15000 -4.90000 1.10000, -5.35000 4.45000 0.10000"
2477,0.0000,Tx-Rx,0,-78.7551,"0.15000 -4.90000 1.10000, -5.05000 4.45000 0.10000"
2478,0.0000,Tx-Rx,0,-78.3789,"0.15000 -4.90000 1.10000, -4.75000 4.45000 0.10000"
2479,0.0000,Tx-Rx,0,-78.5824,"0.15000 -4.90000 1.10000, -4.45000 4.45000 0.10000"
2480,0.0000,Tx-Rx,0,-78.8500,"0.15000 -4.90000 1.10000, -4.15000 4.45000 0.10000"
2481,0.0000,Tx-Rx,0,-78.8203,"0.15000 -4.90000 1.10000, -3.85000 4.45000 0.10000"
2482,0.0000,Tx-Rx,0,-79.0453,"0.15000 -4.90000 1.10000, -3.55000 4.45000 0.10000"
2483,0.0000,Tx-Rx,0,-79.0966,"0.15000 -4.90000 1.10000, -3.25000 4.45000 0.10000"
2484,0.0000,Tx-Rx,0,-78.3433,"0.15000 -4.90000 1.10000, -2.95000 4.45000 0.10000"
2485,0.0000,Tx-Rx,0,-78.5551,"0.15000 -4.90000 1.10000, -2.65000 4.45000 0.10000"
2486,0.0000,Tx-Rx,0,-77.9152,"0.15000 -4.90000 1.10000, -2.35000 4.45000 0.10000"
2487,0.0000,Tx-Rx,0,-75.9990,"0.15000 -4.90000 1.10000, -2.05000 4.45000 0.10000"
2488,0.0000,Tx-Rx,0,-77.2132,"0.15000 -4.90000 1.10000, -1.75000 4.45000 0.10000"
2489,0.0000,Tx-Rx,0,-78.5936,"0.15000 -4.90000 1.10000, -1.45000 4.45000 0.10000"
2490,0.0000,Tx-Rx,0,-78.3753,"0.15000 -4.90000 1.10000, -1.15000 4.45000 0.10000"
2491,0.0000,Tx-Rx,0,-79.1072,"0.15000 -4.90000 1.10000, -0.85000 4.45000 0.10000"
2492,0.0000,Tx-Rx,0,-81.4346,"0.15000 -4.90000 1.10000, -0.55000 4.45000 0.10000"
2493,0.0000,Tx-Rx,0,-74.8763,"0.15000 -4.90000 1.10000, -0.25000 4.45000 0.10000"
2494,0.0000,Tx-Rx,0,-66.7393,"0.15000 -4.90000 1.10000, 0.05000 4.45000 0.10000"
2495,0.0000,Tx-Rx,0,-82.4986,"0.15000 -4.90000 1.10000, 0.35000 4.45000 0.10000"
2496,0.0000,Tx-Rx,0,-82.2393,"0.15000 -4.90000 1.10000, 0.65000 4.45000 0.10000"
2497,0.0000,Tx-Rx,0,-82.8965,"0.15000 -4.90000 1.10000, 0.95000 4.45000 0.10000"
2498,0.0000,Tx-Rx,0,-82.9059,"0.15000 -4.90000 1.10000, 1.25000 4.45000 0.10000"
2499,0.0000,Tx-Rx,0,-83.0434,"0.15000 -4.90000 1.10000, 1.55000 4.45000 0.10000"
2500,0.0000,Tx-Rx,0,-80.3820,"0.15000 -4.90000 1.10000, 1.85000 4.45000 0.10000"
2501,0.0000,Tx-Rx,0,-60.9108,"0.15000 -4.90000 1.10000, 2.15000 4.45000 0.10000"
2502,0.0000,Tx-Rx,0,-58.7854,"0.15000 -4.90000 1.10000, 2.45000 4.45000 0.10000"
2503,0.0000,Tx-Rx,0,-58.3140,"0.15000 -4.90000 1.10000, 2.75000 4.45000 0.10000"
2504,0.0000,Tx-Rx,0,-57.8323,"0.15000 -4.90000 1.10000, 3.05000 4.45000 0.10000"
2505,0.0000,Tx-Rx,0,-60.2876,"0.15000 -4.90000 1.10000, 3.35000 4.45000 0.10000"
2506,0.0000,Tx-Rx,0,-67.0886,"0.15000 -4.90000 1.10000, 3.65000 4.45000 0.10000"
2507,0.0000,Tx-Rx,0,-82.6847,"0.15000 -4.90000 1.10000, 3.95000 4.45000 0.10000"
2508,0.0000,Tx-Rx,0,-84.1550,"0.15000 -4.90000 1.10000, 4.25000 4.45000 0.10000"
2509,0.0000,Tx-Rx,0,-85.6322,"0.15000 -4.90000 1.10000, 4.55000 4.45000 0.10000"
2510,0.0000,Tx-Rx,0,-85.4556,"0.15000 -4.90000 1.10000, 4.85000 4.45000 0.10000"
2511,0.0000,Tx-Rx,0,-87.4412,"0.15000 -4.90000 1.10000, 5.15000 4.45000 0.10000"
2512,0.0000,Tx-Rx,0,-88.4428,"0.15000 -4.90000 1.10000, 5.45000 4.45000 0.10000"
2513,0.0000,Tx-Rx,0,-84.4368,"0.15000 -4.90000 1.10000, 5.75000 4.45000 0.10000"
2514,0.0000,Tx-Rx,0,-81.5491,"0.15000 -4.90000 1.10000, 6.05000 4.45000 0.10000"
2515,0.0000,Tx-Rx,0,-83.5102,"0.15000 -4.90000 1.10000, 6.35000 4.45000 0.10000"
2516,0.0000,Tx-Rx,0,-80.5134,"0.15000 -4.90000 1.10000, 6.65000 4.45000 0.10000"
2517,0.0000,Tx-Rx,0,-89.4949,"0.15000 -4.90000 1.10000, 6.95000 4.45000 0.10000"
2518,0.0000,Tx-Rx,0,-98.5516,"0.15000 -4.90000 1.10000, 7.25000 4.45000 0.10000"
2519,0.0000,Tx-Rx,0,-99.8186,"0.15000 -4.90000 1.10000, 7.55000 4.45000 0.10000"
2520,0.0000,Tx-Rx,0,-110.4982,"0.15000 -4.90000 1.10000, 7.85000 4.45000 0.10000"
2521,0.0000,Tx-Rx,0,-103.0205,"0.15000 -4.90000 1.10000, -9.85000 4.75000 0.10000"
2522,0.0000,Tx-Rx,0,-104.3876,"0.15000 -4.90000 1.10000, -9.55000 4.75000 0.10000"
2523,0.0000,Tx-Rx,0,-102.4847,"0.15000 -4.90000 1.10000, -9.25000 4.75000 0.10000"
2524,0.0000,Tx-Rx,0,-104.4555,"0.15000 -4.90000 1.10000, -8.95000 4.75000 0.10000"
2525,0.0000,Tx-Rx,0,-109.9371,"0.15000 -4.90000 1.10000, -8.65000 4.75000 0.10000"
2526,0.0000,Tx-Rx,0,-103.9542,"0.15000 -4.90000 1.10000, -8.35000 4.75000 0.10000"
2527,0.0000,Tx-Rx,0,-83.6295,"0.15000 -4.90000 1.10000, -8.05000 4.75000 0.10000"
2528,0.0000,Tx-Rx,0,-78.4217,"0.15000 -4.90000 1.10000, -7.75000 4.75000 0.10000"
2529,0.0000,Tx-Rx,0,-78.0261,"0.15000 -4.90000 1.10000, -7.45000 4.75000 0.10000"
2530,0.0000,Tx-Rx,0,-78.3707,"0.15000 -4.90000 1.10000, -7.15000 4.75000 0.10000"
2531,0.0000,Tx-Rx,0,-78.2561,"0.15000 -4.90000 1.10000, -6.85000 4.75000 0.10000"
2532,0.0000,Tx-Rx,0,-78.6443,"0.15000 -4.90000 1.10000, -6.55000 4.75000 0.10000"
2533,0.0000,Tx-Rx,0,-78.6129,"0.15000 -4.90000 1.10000, -6.25000 4.75000 0.10000"
2534,0.0000,Tx-Rx,0,-78.6854,"0.15000 -4.90000 1.10000, -5.95000 4.75000 0.10000"
2535,0.0000,Tx-Rx,0,-78.3852,"0.15000 -4.90000 1.10000, -5.65000 4.75000 0.10000"
2536,0.0000,Tx-Rx,0,-78.2086,"0.15000 -4.90000 1.10000, -5.35000 4.75000 0.10000"
2537,0.0000,Tx-Rx,0,-78.3600,"0.15000 -4.90000 1.10000, -5.05000 4.75000 0.10000"
2538,0.0000,Tx-Rx,0,-77.9375,"0.15000 -4.90000 1.10000, -4.75000 4.75000 0.10000"
2539,0.0000,Tx-Rx,0,-78.2458,"0.15000 -4.90000 1.10000, -4.45000 4.75000 0.10000"
2540,0.0000,Tx-Rx,0,-78.3969,"0.15000 -4.90000 1.10000, -4.15000 4.75000 0.10000"
2541,0.0000,Tx-Rx,0,-78.8280,"0.15000 -4.90000 1.10000, -3.85000 4.75000 0.10000"
2542,0.0000,Tx-Rx,0,-78.5342,"0.15000 -4.90000 1.10000, -3.55000 4.75000 0.10000"
2543,0.0000,Tx-Rx,0,-78.5264,"0.15000 -4.90000 1.10000, -3.25000 4.75000 0.10000"
2544,0.0000,Tx-Rx,0,-78.1265,"0.15000 -4.90000 1.10000, -2.95000 4.75000 0.10000"
2545,0.0000,Tx-Rx,0,-76.9118,"0.15000 -4.90000 1.10000, -2.65000 4.75000 0.10000"
2546,0.0000,Tx-Rx,0,-76.8283,"0.15000 -4.90000 1.10000, -2.35000 4.75000 0.10000"
2547,0.0000,Tx-Rx,0,-79.1748,"0.15000 -4.90000 1.10000, -2.05000 4.75000 0.10000"
2548,0.0000,Tx-Rx,0,-79.2906,"0.15000 -4.90000 1.10000, -1.75000 4.75000 0.10000"
2549,0.0000,Tx-Rx,0,-81.1312,"0.15000 -4.90000 1.10000, -1.45000 4.75000 0.10000"
2550,0.0000,Tx-Rx,0,-82.0308,"0.15000 -4.90000 1.10000, -1.15000 4.75000 0.10000"
2551,0.0000,Tx-Rx,0,-82.9658,"0.15000 -4.90000 1.10000, -0.85000 4.75000 0.10000"
2552,0.0000,Tx-Rx,0,-82.4267,"0.15000 -4.90000 1.10000, -0.55000 4.75000 0.10000"
2553,0.0000,Tx-Rx,0,-72.5999,"0.15000 -4.90000 1.10000, -0.25000 4.75000 0.10000"
2554,0.0000,Tx-Rx,0,-67.3722,"0.15000 -4.90000 1.10000, 0.05000 4.75000 0.10000"
2555,0.0000,Tx-Rx,0,-81.2839,"0.15000 -4.90000 1.10000, 0.35000 4.75000 0.10000"
2556,0.0000,Tx-Rx,0,-79.8870,"0.15000 -4.90000 1.10000, 0.65000 4.75000 0.10000"
2557,0.0000,Tx-Rx,0,-82.4636,"0.15000 -4.90000 1.10000, 0.95000 4.75000 0.10000"
2558,0.0000,Tx-Rx,0,-82.1760,"0.15000 -4.90000 1.10000, 1.25000 4.75000 0.10000"
2559,0.0000,Tx-Rx,0,-81.9789,"0.15000 -4.90000 1.10000, 1.55000 4.75000 0.10000"
2560,0.0000,Tx-Rx,0,-78.9508,"0.15000 -4.90000 1.10000, 1.85000 4.75000 0.10000"
2561,0.0000,Tx-Rx,0,-62.3823,"0.15000 -4.90000 1.10000, 2.15000 4.75000 0.10000"
2562,0.0000,Tx-Rx,0,-58.5305,"0.15000 -4.90000 1.10000, 2.45000 4.75000 0.10000"
2563,0.0000,Tx-Rx,0,-58.1059,"0.15000 -4.90000 1.10000, 2.75000 4.75000 0.10000"
2564,0.0000,Tx-Rx,0,-57.0105,"0.15000 -4.90000 1.10000, 3.05000 4.75000 0.10000"
2565,0.0000,Tx-Rx,0,-59.7865,"0.15000 -4.90000 1.10000, 3.35000 4.75000 0.10000"
2566,0.0000,Tx-Rx,0,-79.0052,"0.15000 -4.90000 1.10000, 3.65000 4.75000 0.10000"
2567,0.0000,Tx-Rx,0,-87.2434,"0.15000 -4.90000 1.10000, 3.95000 4.75000 0.10000"
2568,0.0000,Tx-Rx,0,-88.8416,"0.15000 -4.90000 1.10000, 4.25000 4.75000 0.10000"
2569,0.0000,Tx-Rx,0,-96.0258,"0.15000 -4.90000 1.10000, 4.55000 4.75000 0.10000"
2570,0.0000,Tx-Rx,0,-99.7587,"0.15000 -4.90000 1.10000, 4.85000 4.75000 0.10000"
2571,0.0000,Tx-Rx,0,-95.3144,"0.15000 -4.90000 1.10000, 5.15000 4.75000 0.10000"
2572,0.0000,Tx-Rx,0,-97.7535,"0.15000 -4.90000 1.10000, 5.45000 4.75000 0.10000"
2573,0.0000,Tx-Rx,0,-97.1898,"0.15000 -4.90000 1.10000, 5.75000 4.75000 0.10000"
2574,0.0000,Tx-Rx,0,-82.2262,"0.15000 -4.90000 1.10000, 6.05000 4.75000 0.10000"
2575,0.0000,Tx-Rx,0,-81.8178,"0.15000 -4.90000 1.10000, 6.35000 4.75000 0.10000"
2576,0.0000,Tx-Rx,0,-80.3953,"0.15000 -4.90000 1.10000, 6.65000 4.75000 0.10000"
2577,0.0000,Tx-Rx,0,-83.9604,"0.15000 -4.90000 1.10000, 6.95000 4.75000 0.10000"
2578,0.0000,Tx-Rx,0,-95.8697,"0.15000 -4.90000 1.10000, 7.25000 4.75000 0.10000"
2579,0.0000,Tx-Rx,0,-99.0627,"0.15000 -4.90000 1.10000, 7.55000 4.75000 0.10000"
2580,0.0000,Tx-Rx,0,-105.1688,"0.15000 -4.90000 1.10000, 7.85000 4.75000 0.10000"
2581,0.0000,Tx-Rx,0,-105.5982,"0.15000 -4.90000 1.10000, -9.85000 5.05000 0.10000"
2582,0.0000,Tx-Rx,0,-105.4382,"0.15000 -4.90000 1.10000, -9.55000 5.05000 0.10000"
2583,0.0000,Tx-Rx,0,-103.8309,"0.15000 -4.90000 1.10000, -9.25000 5.05000 0.10000"
2584,0.0000,Tx-Rx,0,-104.9641,"0.15000 -4.90000 1.10000, -8.95000 5.05000 0.10000"
2585,0.0000,Tx-Rx,0,-103.7076,"0.15000 -4.90000 1.10000, -8.65000 5.05000 0.10000"
2586,0.0000,Tx-Rx,0,-104.0613,"0.15000 -4.90000 1.10000, -8.35000 5.05000 0.10000"
2587,0.0000,Tx-Rx,0,-82.5039,"0.15000 -4.90000 1.10000, -8.05000 5.05000 0.10000"
2588,0.0000,Tx-Rx,0,-78.4880,"0.15000 -4.90000 1.10000, -7.75000 5.05000 0.10000"
2589,0.0000,Tx-Rx,0,-78.6318,"0.15000 -4.90000 1.10000, -7.45000 5.05000 0.10000"
2590,0.0000,Tx-Rx,0,-78.5731,"0.15000 -4.90000 1.10000, -7.15000 5.05000 0.10000"
2591,0.0000,Tx-Rx,0,-78.4628,"0.15000 -4.90000 1.10000, -6.85000 5.05000 0.10000"
2592,0.0000,Tx-Rx,0,-78.3569,"0.15000 -4.90000 1.10000, -6.55000 5.05000 0.10000"
2593,0.0000,Tx-Rx,0,-78.2508,"0.15000 -4.90000 1.10000, -6.25000 5.05000 0.10000"
2594,0.0000,Tx-Rx,0,-78.2080,"0.15000 -4.90000 1.10000, -5.95000 5.05000 0.10000"
2595,0.0000,Tx-Rx,0,-78.2870,"0.15000 -4.90000 1.10000, -5.65000 5.05000 0.10000"
2596,0.0000,Tx-Rx,0,-78.1640,"0.15000 -4.90000 1.10000, -5.35000 5.05000 0.10000"
2597,0.0000,Tx-Rx,0,-77.9637,"0.15000 -4.90000 1.10000, -5.05000 5.05000 0.10000"
2598,0.0000,Tx-Rx,0,-78.1048,"0.15000 -4.90000 1.10000, -4.75000 5.05000 0.10000"
2599,0.0000,Tx-Rx,0,-77.8540,"0.15000 -4.90000 1.10000, -4.45000 5.05000 0.10000"
2600,0.0000,Tx-Rx,0,-77.9218,"0.15000 -4.90000 1.10000, -4.15000 5.05000 0.10000"
2601,0.0000,Tx-Rx,0,-78.3909,"0.15000 -4.90000 1.10000, -3.85000 5.05000 0.10000"
2602,0.0000,Tx-Rx,0,-78.2315,"0.15000 -4.90000 1.10000, -3.55000 5.05000 0.10000"
2603,0.0000,Tx-Rx,0,-77.6609,"0.15000 -4.90000 1.10000, -3.25000 5.05000 0.10000"
2604,0.0000,Tx-Rx,0,-77.8504,"0.15000 -4.90000 1.10000, -2.95000 5.05000 0.10000"
2605,0.0000,Tx-Rx,0,-77.1500,"0.15000 -4.90000 1.10000, -2.65000 5.05000 0.10000"
2606,0.0000,Tx-Rx,0,-78.7754,"0.15000 -4.90000 1.10000, -2.35000 5.05000 0.10000"
2607,0.0000,Tx-Rx,0,-81.3540,"0.15000 -4.90000 1.10000, -2.05000 5.05000 0.10000"
2608,0.0000,Tx-Rx,0,-80.4839,"0.15000 -4.90000 1.10000, -1.75000 5.05000 0.10000"
2609,0.0000,Tx-Rx,0,-82.8320,"0.15000 -4.90000 1.10000, -1.45000 5.05000 0.10000"
2610,0.0000,Tx-Rx,0,-84.8638,"0.15000 -4.90000 1.10000, -1.15000 5.05000 0.10000"
2611,0.0000,Tx-Rx,0,-83.6552,"0.15000 -4.90000 1.10000, -0.85000 5.05000 0.10000"
2612,0.0000,Tx-Rx,0,-85.2201,"0.15000 -4.90000 1.10000, -0.55000 5.05000 0.10000"
2613,0.0000,Tx-Rx,0,-72.0155,"0.15000 -4.90000 1.10000, -0.25000 5.05000 0.10000"
2614,0.0000,Tx-Rx,0,-67.5871,"0.15000 -4.90000 1.10000, 0.05000 5.05000 0.10000"
2615,0.0000,Tx-Rx,0,-81.4067,"0.15000 -4.90000 1.10000, 0.35000 5.05000 0.10000"
2616,0.0000,Tx-Rx,0,-81.9219,"0.15000 -4.90000 1.10000, 0.65000 5.05000 0.10000"
2617,0.0000,Tx-Rx,0,-80.3982,"0.15000 -4.90000 1.10000, 0.95000 5.05000 0.10000"
2618,0.0000,Tx-Rx,0,-79.0550,"0.15000 -4.90000 1.10000, 1.25000 5.05000 0.10000"
2619,0.0000,Tx-Rx,0,-80.4058,"0.15000 -4.90000 1.10000, 1.55000 5.05000 0.10000"
2620,0.0000,Tx-Rx,0,-80.1417,"0.15000 -4.90000 1.10000, 1.85000 5.05000 0.10000"
2621,0.0000,Tx-Rx,0,-65.3997,"0.15000 -4.90000 1.10000, 2.15000 5.05000 0.10000"
2622,0.0000,Tx-Rx,0,-59.0351,"0.15000 -4.90000 1.10000, 2.45000 5.05000 0.10000"
2623,0.0000,Tx-Rx,0,-58.3439,"0.15000 -4.90000 1.10000, 2.75000 5.05000 0.10000"
2624,0.0000,Tx-Rx,0,-57.1427,"0.15000 -4.90000 1.10000, 3.05000 5.05000 0.10000"
2625,0.0000,Tx-Rx,0,-58.4496,"0.15000 -4.90000 1.10000, 3.35000 5.05000 0.10000"
2626,0.0000,Tx-Rx,0,-75.0120,"0.15000 -4.90000 1.10000, 3.65000 5.05000 0.10000"
2627,0.0000,Tx-Rx,0,-77.7500,"0.15000 -4.90000 1.10000, 3.95000 5.05000 0.10000"
2628,0.0000,Tx-Rx,0,-83.1861,"0.15000 -4.90000 1.10000, 4.25000 5.05000 0.10000"
2629,0.0000,Tx-Rx,0,-92.2894,"0.15000 -4.90000 1.10000, 4.55000 5.05000 0.10000"
2630,0.0000,Tx-Rx,0,-102.0334,"0.15000 -4.90000 1.10000, 4.85000 5.05000 0.10000"
2631,0.0000,Tx-Rx,0,-98.2942,"0.15000 -4.90000 1.10000, 5.15000 5.05000 0.10000"
2632,0.0000,Tx-Rx,0,-104.2069,"0.15000 -4.90000 1.10000, 5.45000 5.05000 0.10000"
2633,0.0000,Tx-Rx,0,-100.8141,"0.15000 -4.90000 1.10000, 5.75000 5.05000 0.10000"
2634,0.0000,Tx-Rx,0,-84.6511,"0.15000 -4.90000 1.10000, 6.05000 5.05000 0.10000"
2635,0.0000,Tx-Rx,0,-82.3784,"0.15000 -4.90000 1.10000, 6.35000 5.05000 0.10000"
2636,0.0000,Tx-Rx,0,-82.7156,"0.15000 -4.90000 1.10000, 6.65000 5.05000 0.10000"
2637,0.0000,Tx-Rx,0,-82.9876,"0.15000 -4.90000 1.10000, 6.95000 5.05000 0.10000"
2638,0.0000,Tx-Rx,0,-85.8847,"0.15000 -4.90000 1.10000, 7.25000 5.05000 0.10000"
2639,0.0000,Tx-Rx,0,-98.8421,"0.15000 -4.90000 1.10000, 7.55000 5.05000 0.10000"
2640,0.0000,Tx-Rx,0,-116.5295,"0.15000 -4.90000 1.10000, 7.85000 5.05000 0.10000"
2641,0.0000,Tx-Rx,0,-104.2995,"0.15000 -4.90000 1.10000, -9.85000 5.35000 0.10000"
2642,0.0000,Tx-Rx,0,-106.9353,"0.15000 -4.90000 1.10000, -9.55000 5.35000 0.10000"
2643,0.0000,Tx-Rx,0,-103.1925,"0.15000 -4.90000 1.10000, -9.25000 5.35000 0.10000"
2644,0.0000,Tx-Rx,0,-105.5729,"0.15000 -4.90000 1.10000, -8.95000 5.35000 0.10000"
2645,0.0000,Tx-Rx,0,-109.9516,"0.15000 -4.90000 1.10000, -8.65000 5.35000 0.10000"
2646,0.0000,Tx-Rx,0,-104.7552,"0.15000 -4.90000 1.10000, -8.35000 5.35000 0.10000"
2647,0.0000,Tx-Rx,0,-83.3792,"0.15000 -4.90000 1.10000, -8.05000 5.35000 0.10000"
2648,0.0000,Tx-Rx,0,-78.0305,"0.15000 -4.90000 1.10000, -7.75000 5.35000 0.10000"
2649,0.0000,Tx-Rx,0,-78.2109,"0.15000 -4.90000 1.10000, -7.45000 5.35000 0.10000"
2650,0.0000,Tx-Rx,0,-78.5425,"0.15000 -4.90000 1.10000, -7.15000 5.35000 0.10000"
2651,0.0000,Tx-Rx,0,-78.0516,"0.15000 -4.90000 1.10000, -6.85000 5.35000 0.10000"
2652,0.0000,Tx-Rx,0,-75.9563,"0.15000 -4.90000 1.10000, -6.55000 5.35000 0.10000"
2653,0.0000,Tx-Rx,0,-75.6045,"0.15000 -4.90000 1.10000, -6.25000 5.35000 0.10000"
2654,0.0000,Tx-Rx,0,-75.5809,"0.15000 -4.90000 1.10000, -5.95000 5.35000 0.10000"
2655,0.0000,Tx-Rx,0,-76.2308,"0.15000 -4.90000 1.10000, -5.65000 5.35000 0.10000"
2656,0.0000,Tx-Rx,0,-76.1976,"0.15000 -4.90000 1.10000, -5.35000 5.35000 0.10000"
2657,0.0000,Tx-Rx,0,-77.0705,"0.15000 -4.90000 1.10000, -5.05000 5.35000 0.10000"
2658,0.0000,Tx-Rx,0,-78.2428,"0.15000 -4.90000 1.10000, -4.75000 5.35000 0.10000"
2659,0.0000,Tx-Rx,0,-78.9659,"0.15000 -4.90000 1.10000, -4.45000 5.35000 0.10000"
2660,0.0000,Tx-Rx,0,-78.1135,"0.15000 -4.90000 1.10000, -4.15000 5.35000 0.10000"
2661,0.0000,Tx-Rx,0,-77.9937,"0.15000 -4.90000 1.10000, -3.85000 5.35000 0.10000"
2662,0.0000,Tx-Rx,0,-77.6435,"0.15000 -4.90000 1.10000, -3.55000 5.35000 0.10000"
2663,0.0000,Tx-Rx,0,-76.7669,"0.15000 -4.90000 1.10000, -3.25000 5.35000 0.10000"
2664,0.0000,Tx-Rx,0,-78.5253,"0.15000 -4.90000 1.10000, -2.95000 5.35000 0.10000"
2665,0.0000,Tx-Rx,0,-79.0113,"0.15000 -4.90000 1.10000, -2.65000 5.35000 0.10000"
2666,0.0000,Tx-Rx,0,-78.6600,"0.15000 -4.90000 1.10000, -2.35000 5.35000 0.10000"
2667,0.0000,Tx-Rx,0,-79.1956,"0.15000 -4.90000 1.10000, -2.05000 5.35000 0.10000"
2668,0.0000,Tx-Rx,0,-83.8149,"0.15000 -4.90000 1.10000, -1.75000 5.35000 0.10000"
2669,0.0000,Tx-Rx,0,-83.3763,"0.15000 -4.90000 1.10000, -1.45000 5.35000 0.10000"
2670,0.0000,Tx-Rx,0,-83.5696,"0.15000 -4.90000 1.10000, -1.15000 5.35000 0.10000"
2671,0.0000,Tx-Rx,0,-83.1055,"0.15000 -4.90000 1.10000, -0.85000 5.35000 0.10000"
2672,0.0000,Tx-Rx,0,-85.6390,"0.15000 -4.90000 1.10000, -0.55000 5.35000 0.10000"
2673,0.0000,Tx-Rx,0,-71.1491,"0.15000 -4.90000 1.10000, -0.25000 5.35000 0.10000"
2674,0.0000,Tx-Rx,0,-68.2347,"0.15000 -4.90000 1.10000, 0.05000 5.35000 0.10000"
2675,0.0000,Tx-Rx,0,-81.7254,"0.15000 -4.90000 1.10000, 0.35000 5.35000 0.10000"
2676,0.0000,Tx-Rx,0,-79.6622,"0.15000 -4.90000 1.10000, 0.65000 5.35000 0.10000"
2677,0.0000,Tx-Rx,0,-78.3626,"0.15000 -4.90000 1.10000, 0.95000 5.35000 0.10000"
2678,0.0000,Tx-Rx,0,-79.1671,"0.15000 -4.90000 1.10000, 1.25000 5.35000 0.10000"
2679,0.0000,Tx-Rx,0,-79.8979,"0.15000 -4.90000 1.10000, 1.55000 5.35000 0.10000"
2680,0.0000,Tx-Rx,0,-80.3325,"0.15000 -4.90000 1.10000, 1.85000 5.35000 0.10000"
2681,0.0000,Tx-Rx,0,-70.5211,"0.15000 -4.90000 1.10000, 2.15000 5.35000 0.10000"
2682,0.0000,Tx-Rx,0,-59.7212,"0.15000 -4.90000 1.10000, 2.45000 5.35000 0.10000"
2683,0.0000,Tx-Rx,0,-57.8388,"0.15000 -4.90000 1.10000, 2.75000 5.35000 0.10000"
2684,0.0000,Tx-Rx,0,-57.3695,"0.15000 -4.90000 1.10000, 3.05000 5.35000 0.10000"
2685,0.0000,Tx-Rx,0,-57.5303,"0.15000 -4.90000 1.10000, 3.35000 5.35000 0.10000"
2686,0.0000,Tx-Rx,0,-72.2478,"0.15000 -4.90000 1.10000, 3.65000 5.35000 0.10000"
2687,0.0000,Tx-Rx,0,-73.4302,"0.15000 -4.90000 1.10000, 3.95000 5.35000 0.10000"
2688,0.0000,Tx-Rx,0,-80.3656,"0.15000 -4.90000 1.10000, 4.25000 5.35000 0.10000"
2689,0.0000,Tx-Rx,0,-93.1193,"0.15000 -4.90000 1.10000, 4.55000 5.35000 0.10000"
2690,0.0000,Tx-Rx,0,-90.8799,"0.15000 -4.90000 1.10000, 4.85000 5.35000 0.10000"
2691,0.0000,Tx-Rx,0,-93.3634,"0.15000 -4.90000 1.10000, 5.15000 5.35000 0.10000"
2692,0.0000,Tx-Rx,0,-96.1244,"0.15000 -4.90000 1.10000, 5.45000 5.35000 0.10000"
2693,0.0000,Tx-Rx,0,-95.8137,"0.15000 -4.90000 1.10000, 5.75000 5.35000 0.10000"
2694,0.0000,Tx-Rx,0,-105.3074,"0.15000 -4.90000 1.10000, 6.05000 5.35000 0.10000"
2695,0.0000,Tx-Rx,0,-84.3803,"0.15000 -4.90000 1.10000, 6.35000 5.35000 0.10000"
2696,0.0000,Tx-Rx,0,-81.3976,"0.15000 -4.90000 1.10000, 6.65000 5.35000 0.10000"
2697,0.0000,Tx-Rx,0,-81.9829,"0.15000 -4.90000 1.10000, 6.95000 5.35000 0.10000"
2698,0.0000,Tx-Rx,0,-80.5213,"0.15000 -4.90000 1.10000, 7.25000 5.35000 0.10000"
2699,0.0000,Tx-Rx,0,-89.6793,"0.15000 -4.90000 1.10000, 7.55000 5.35000 0.10000"
2700,0.0000,Tx-Rx,0,-112.2045,"0.15000 -4.90000 1.10000, 7.85000 5.35000 0.10000"
2701,0.0000,Tx-Rx,0,-104.9551,"0.15000 -4.90000 1.10000, -9.85000 5.65000 0.10000"
2702,0.0000,Tx-Rx,0,-106.1747,"0.15000 -4.90000 1.10000, -9.55000 5.65000 0.10000"
2703,0.0000,Tx-Rx,0,-109.6355,"0.15000 -4.90000 1.10000, -9.25000 5.65000 0.10000"
2704,0.0000,Tx-Rx,0,-105.1162,"0.15000 -4.90000 1.10000, -8.95000 5.65000 0.10000"
2705,0.0000,Tx-Rx,0,-105.1509,"0.15000 -4.90000 1.10000, -8.65000 5.65000 0.10000"
2706,0.0000,Tx-Rx,0,-104.5366,"0.15000 -4.90000 1.10000, -8.35000 5.65000 0.10000"
2707,0.0000,Tx-Rx,0,-83.1227,"0.15000 -4.90000 1.10000, -8.05000 5.65000 0.10000"
2708,0.0000,Tx-Rx,0,-78.5060,"0.15000 -4.90000 1.10000, -7.75000 5.65000 0.10000"
2709,0.0000,Tx-Rx,0,-78.6057,"0.15000 -4.90000 1.10000, -7.45000 5.65000 0.10000"
2710,0.0000,Tx-Rx,0,-78.0949,"0.15000 -4.90000 1.10000, -7.15000 5.65000 0.10000"
2711,0.0000,Tx-Rx,0,-78.1323,"0.15000 -4.90000 1.10000, -6.85000 5.65000 0.10000"
2712,0.0000,Tx-Rx,0,-77.6042,"0.15000 -4.90000 1.10000, -6.55000 5.65000 0.10000"
2713,0.0000,Tx-Rx,0,-77.5977,"0.15000 -4.90000 1.10000, -6.25000 5.65000 0.10000"
2714,0.0000,Tx-Rx,0,-77.6368,"0.15000 -4.90000 1.10000, -5.95000 5.65000 0.10000"
2715,0.0000,Tx-Rx,0,-77.4306,"0.15000 -4.90000 1.10000, -5.65000 5.65000 0.10000"
2716,0.0000,Tx-Rx,0,-77.5507,"0.15000 -4.90000 1.10000, -5.35000 5.65000 0.10000"
2717,0.0000,Tx-Rx,0,-77.7639,"0.15000 -4.90000 1.10000, -5.05000 5.65000 0.10000"
2718,0.0000,Tx-Rx,0,-78.7213,"0.15000 -4.90000 1.10000, -4.75000 5.65000 0.10000"
2719,0.0000,Tx-Rx,0,-78.2266,"0.15000 -4.90000 1.10000, -4.45000 5.65000 0.10000"
2720,0.0000,Tx-Rx,0,-77.7890,"0.15000 -4.90000 1.10000, -4.15000 5.65000 0.10000"
2721,0.0000,Tx-Rx,0,-77.3834,"0.15000 -4.90000 1.10000, -3.85000 5.65000 0.10000"
2722,0.0000,Tx-Rx,0,-78.7847,"0.15000 -4.90000 1.10000, -3.55000 5.65000 0.10000"
2723,0.0000,Tx-Rx,0,-79.4715,"0.15000 -4.90000 1.10000, -3.25000 5.65000 0.10000"
2724,0.0000,Tx-Rx,0,-79.8107,"0.15000 -4.90000 1.10000, -2.95000 5.65000 0.10000"
2725,0.0000,Tx-Rx,0,-78.4692,"0.15000 -4.90000 1.10000, -2.65000 5.65000 0.10000"
2726,0.0000,Tx-Rx,0,-78.4575,"0.15000 -4.90000 1.10000, -2.35000 5.65000 0.10000"
2727,0.0000,Tx-Rx,0,-82.7125,"0.15000 -4.90000 1.10000, -2.05000 5.65000 0.10000"
2728,0.0000,Tx-Rx,0,-84.7073,"0.15000 -4.90000 1.10000, -1.75000 5.65000 0.10000"
2729,0.0000,Tx-Rx,0,-83.9700,"0.15000 -4.90000 1.10000, -1.45000 5.65000 0.10000"
2730,0.0000,Tx-Rx,0,-84.7983,"0.15000 -4.90000 1.10000, -1.15000 5.65000 0.10000"
2731,0.0000,Tx-Rx,0,-84.6568,"0.15000 -4.90000 1.10000, -0.85000 5.65000 0.10000"
2732,0.0000,Tx-Rx,0,-86.3559,"0.15000 -4.90000 1.10000, -0.55000 5.65000 0.10000"
2733,0.0000,Tx-Rx,0,-70.4339,"0.15000 -4.90000 1.10000, -0.25000 5.65000 0.10000"
2734,0.0000,Tx-Rx,0,-68.6158,"0.15000 -4.90000 1.10000, 0.05000 5.65000 0.10000"
2735,0.0000,Tx-Rx,0,-79.3350,"0.15000 -4.90000 1.10000, 0.35000 5.65000 0.10000"
2736,0.0000,Tx-Rx,0,-80.5105,"0.15000 -4.90000 1.10000, 0.65000 5.65000 0.10000"
2737,0.0000,Tx-Rx,0,-79.7879,"0.15000 -4.90000 1.10000, 0.95000 5.65000 0.10000"
2738,0.0000,Tx-Rx,0,-79.9883,"0.15000 -4.90000 1.10000, 1.25000 5.65000 0.10000"
2739,0.0000,Tx-Rx,0,-79.2682,"0.15000 -4.90000 1.10000, 1.55000 5.65000 0.10000"
2740,0.0000,Tx-Rx,0,-80.2015,"0.15000 -4.90000 1.10000, 1.85000 5.65000 0.10000"
2741,0.0000,Tx-Rx,0,-79.2119,"0.15000 -4.90000 1.10000, 2.15000 5.65000 0.10000"
2742,0.0000,Tx-Rx,0,-59.7216,"0.15000 -4.90000 1.10000, 2.45000 5.65000 0.10000"
2743,0.0000,Tx-Rx,0,-57.0696,"0.15000 -4.90000 1.10000, 2.75000 5.65000 0.10000"
2744,0.0000,Tx-Rx,0,-57.2972,"0.15000 -4.90000 1.10000, 3.05000 5.65000 0.10000"
2745,0.0000,Tx-Rx,0,-57.8587,"0.15000 -4.90000 1.10000, 3.35000 5.65000 0.10000"
2746,0.0000,Tx-Rx,0,-65.9010,"0.15000 -4.90000 1.10000, 3.65000 5.65000 0.10000"
2747,0.0000,Tx-Rx,0,-74.0766,"0.15000 -4.90000 1.10000, 3.95000 5.65000 0.10000"
2748,0.0000,Tx-Rx,0,-83.7113,"0.15000 -4.90000 1.10000, 4.25000 5.65000 0.10000"
2749,0.0000,Tx-Rx,0,-95.2193,"0.15000 -4.90000 1.10000, 4.55000 5.65000 0.10000"
2750,0.0000,Tx-Rx,0,-97.5619,"0.15000 -4.90000 1.10000, 4.85000 5.65000 0.10000"
2751,0.0000,Tx-Rx,0,-97.1864,"0.15000 -4.90000 1.10000, 5.15000 5.65000 0.10000"
2752,0.0000,Tx-Rx,0,-92.1590,"0.15000 -4.90000 1.10000, 5.45000 5.65000 0.10000"
2753,0.0000,Tx-Rx,0,-96.2010,"0.15000 -4.90000 1.10000, 5.75000 5.65000 0.10000"
2754,0.0000,Tx-Rx,0,-99.7076,"0.15000 -4.90000 1.10000, 6.05000 5.65000 0.10000"
2755,0.0000,Tx-Rx,0,-93.7623,"0.15000 -4.90000 1.10000, 6.35000 5.65000 0.10000"
2756,0.0000,Tx-Rx,0,-82.7428,"0.15000 -4.90000 1.10000, 6.65000 5.65000 0.10000"
2757,0.0000,Tx-Rx,0,-82.4693,"0.15000 -4.90000 1.10000, 6.95000 5.65000 0.10000"
2758,0.0000,Tx-Rx,0,-81.9119,"0.15000 -4.90000 1.10000, 7.25000 5.65000 0.10000"
2759,0.0000,Tx-Rx,0,-83.6131,"0.15000 -4.90000 1.10000, 7.55000 5.65000 0.10000"
2760,0.0000,Tx-Rx,0,-102.1082,"0.15000 -4.90000 1.10000, 7.85000 5.65000 0.10000"
2761,0.0000,Tx-Rx,0,-105.8048,"0.15000 -4.90000 1.10000, -9.85000 5.95000 0.10000"
2762,0.0000,Tx-Rx,0,-103.2346,"0.15000 -4.90000 1.10000, -9.55000 5.95000 0.10000"
2763,0.0000,Tx-Rx,0,-105.0820,"0.15000 -4.90000 1.10000, -9.25000 5.95000 0.10000"
2764,0.0000,Tx-Rx,0,-104.9493,"0.15000 -4.90000 1.10000, -8.95000 5.95000 0.10000"
2765,0.0000,Tx-Rx,0,-104.4574,"0.15000 -4.90000 1.10000, -8.65000 5.95000 0.10000"
2766,0.0000,Tx-Rx,0,-104.3977,"0.15000 -4.90000 1.10000, -8.35000 5.95000 0.10000"
2767,0.0000,Tx-Rx,0,-83.0845,"0.15000 -4.90000 1.10000, -8.05000 5.95000 0.10000"
2768,0.0000,Tx-Rx,0,-78.4042,"0.15000 -4.90000 1.10000, -7.75000 5.95000 0.10000"
2769,0.0000,Tx-Rx,0,-78.3318,"0.15000 -4.90000 1.10000, -7.45000 5.95000 0.10000"
2770,0.0000,Tx-Rx,0,-77.9427,"0.15000 -4.90000 1.10000, -7.15000 5.95000 0.10000"
2771,0.0000,Tx-Rx,0,-77.9687,"0.15000 -4.90000 1.10000, -6.85000 5.95000 0.10000"
2772,0.0000,Tx-Rx,0,-78.1003,"0.15000 -4.90000 1.10000, -6.55000 5.95000 0.10000"
2773,0.0000,Tx-Rx,0,-77.8038,"0.15000 -4.90000 1.10000, -6.25000 5.95000 0.10000"
2774,0.0000,Tx-Rx,0,-77.3084,"0.15000 -4.90000 1.10000, -5.95000 5.95000 0.10000"
2775,0.0000,Tx-Rx,0,-77.1478,"0.15000 -4.90000 1.10000, -5.65000 5.95000 0.10000"
2776,0.0000,Tx-Rx,0,-77.7061,"0.15000 -4.90000 1.10000, -5.35000 5.95000 0.10000"
2777,0.0000,Tx-Rx,0,-78.5771,"0.15000 -4.90000 1.10000, -5.05000 5.95000 0.10000"
2778,0.0000,Tx-Rx,0,-78.4887,"0.15000 -4.90000 1.10000, -4.75000 5.95000 0.10000"
2779,0.0000,Tx-Rx,0,-78.3111,"0.15000 -4.90000 1.10000, -4.45000 5.95000 0.10000"
2780,0.0000,Tx-Rx,0,-79.8989,"0.15000 -4.90000 1.10000, -4.15000 5.95000 0.10000"
2781,0.0000,Tx-Rx,0,-79.0784,"0.15000 -4.90000 1.10000, -3.85000 5.95000 0.10000"
2782,0.0000,Tx-Rx,0,-80.3622,"0.15000 -4.90000 1.10000, -3.55000 5.95000 0.10000"
2783,0.0000,Tx-Rx,0,-80.1102,"0.15000 -4.90000 1.10000, -3.25000 5.95000 0.10000"
2784,0.0000,Tx-Rx,0,-79.2379,"0.15000 -4.90000 1.10000, -2.95000 5.95000 0.10000"
2785,0.0000,Tx-Rx,0,-81.7229,"0.15000 -4.90000 1.10000, -2.65000 5.95000 0.10000"
2786,0.0000,Tx-Rx,0,-83.5615,"0.15000 -4.90000 1.10000, -2.35000 5.95000 0.10000"
2787,0.0000,Tx-Rx,0,-83.8064,"0.15000 -4.90000 1.10000, -2.05000 5.95000 0.10000"
2788,0.0000,Tx-Rx,0,-83.2542,"0.15000 -4.90000 1.10000, -1.75000 5.95000 0.10000"
2789,0.0000,Tx-Rx,0,-83.3087,"0.15000 -4.90000 1.10000, -1.45000 5.95000 0.10000"
2790,0.0000,Tx-Rx,0,-83.7439,"0.15000 -4.90000 1.10000, -1.15000 5.95000 0.10000"
2791,0.0000,Tx-Rx,0,-84.4959,"0.15000 -4.90000 1.10000, -0.85000 5.95000 0.10000"
2792,0.0000,Tx-Rx,0,-85.2362,"0.15000 -4.90000 1.10000, -0.55000 5.95000 0.10000"
2793,0.0000,Tx-Rx,0,-70.2189,"0.15000 -4.90000 1.10000, -0.25000 5.95000 0.10000"
2794,0.0000,Tx-Rx,0,-68.9741,"0.15000 -4.90000 1.10000, 0.05000 5.95000 0.10000"
2795,0.0000,Tx-Rx,0,-81.7392,"0.15000 -4.90000 1.10000, 0.35000 5.95000 0.10000"
2796,0.0000,Tx-Rx,0,-79.3823,"0.15000 -4.90000 1.10000, 0.65000 5.95000 0.10000"
2797,0.0000,Tx-Rx,0,-81.7295,"0.15000 -4.90000 1.10000, 0.95000 5.95000 0.10000"
2798,0.0000,Tx-Rx,0,-81.2313,"0.15000 -4.90000 1.10000, 1.25000 5.95000 0.10000"
2799,0.0000,Tx-Rx,0,-80.1266,"0.15000 -4.90000 1.10000, 1.55000 5.95000 0.10000"
2800,0.0000,Tx-Rx,0,-80.1439,"0.15000 -4.90000 1.10000, 1.85000 5.95000 0.10000"
2801,0.0000,Tx-Rx,0,-78.2761,"0.15000 -4.90000 1.10000, 2.15000 5.95000 0.10000"
2802,0.0000,Tx-Rx,0,-61.3363,"0.15000 -4.90000 1.10000, 2.45000 5.95000 0.10000"
2803,0.0000,Tx-Rx,0,-57.2140,"0.15000 -4.90000 1.10000, 2.75000 5.95000 0.10000"
2804,0.0000,Tx-Rx,0,-57.2620,"0.15000 -4.90000 1.10000, 3.05000 5.95000 0.10000"
2805,0.0000,Tx-Rx,0,-58.4602,"0.15000 -4.90000 1.10000, 3.35000 5.95000 0.10000"
2806,0.0000,Tx-Rx,0,-63.0762,"0.15000 -4.90000 1.10000, 3.65000 5.95000 0.10000"
2807,0.0000,Tx-Rx,0,-76.8355,"0.15000 -4.90000 1.10000, 3.95000 5.95000 0.10000"
2808,0.0000,Tx-Rx,0,-85.3261,"0.15000 -4.90000 1.10000, 4.25000 5.95000 0.10000"
2809,0.0000,Tx-Rx,0,-92.5946,"0.15000 -4.90000 1.10000, 4.55000 5.95000 0.10000"
2810,0.0000,Tx-Rx,0,-94.3906,"0.15000 -4.90000 1.10000, 4.85000 5.95000 0.10000"
2811,0.0000,Tx-Rx,0,-97.0358,"0.15000 -4.90000 1.10000, 5.15000 5.95000 0.10000"
2812,0.0000,Tx-Rx,0,-96.3425,"0.15000 -4.90000 1.10000, 5.45000 5.95000 0.10000"
2813,0.0000,Tx-Rx,0,-96.4670,"0.15000 -4.90000 1.10000, 5.75000 5.95000 0.10000"
2814,0.0000,Tx-Rx,0,-100.7489,"0.15000 -4.90000 1.10000, 6.05000 5.95000 0.10000"
2815,0.0000,Tx-Rx,0,-99.3693,"0.15000 -4.90000 1.10000, 6.35000 5.95000 0.10000"
2816,0.0000,Tx-Rx,0,-84.2856,"0.15000 -4.90000 1.10000, 6.65000 5.95000 0.10000"
2817,0.0000,Tx-Rx,0,-82.3489,"0.15000 -4.90000 1.10000, 6.95000 5.95000 0.10000"
2818,0.0000,Tx-Rx,0,-83.6829,"0.15000 -4.90000 1.10000, 7.25000 5.95000 0.10000"
2819,0.0000,Tx-Rx,0,-82.5017,"0.15000 -4.90000 1.10000, 7.55000 5.95000 0.10000"
2820,0.0000,Tx-Rx,0,-95.3843,"0.15000 -4.90000 1.10000, 7.85000 5.95000 0.10000"
2821,0.0000,Tx-Rx,0,-109.3760,"0.15000 -4.90000 1.10000, -9.85000 6.25000 0.10000"
2822,0.0000,Tx-Rx,0,-105.6549,"0.15000 -4.90000 1.10000, -9.55000 6.25000 0.10000"
2823,0.0000,Tx-Rx,0,-107.9793,"0.15000 -4.90000 1.10000, -9.25000 6.25000 0.10000"
2824,0.0000,Tx-Rx,0,-102.6784,"0.15000 -4.90000 1.10000, -8.95000 6.25000 0.10000"
2825,0.0000,Tx-Rx,0,-102.6208,"0.15000 -4.90000 1.10000, -8.65000 6.25000 0.10000"
2826,0.0000,Tx-Rx,0,-103.7659,"0.15000 -4.90000 1.10000, -8.35000 6.25000 0.10000"
2827,0.0000,Tx-Rx,0,-82.7643,"0.15000 -4.90000 1.10000, -8.05000 6.25000 0.10000"
2828,0.0000,Tx-Rx,0,-78.0539,"0.15000 -4.90000 1.10000, -7.75000 6.25000 0.10000"
2829,0.0000,Tx-Rx,0,-77.9441,"0.15000 -4.90000 1.10000, -7.45000 6.25000 0.10000"
2830,0.0000,Tx-Rx,0,-78.1112,"0.15000 -4.90000 1.10000, -7.15000 6.25000 0.10000"
2831,0.0000,Tx-Rx,0,-77.9251,"0.15000 -4.90000 1.10000, -6.85000 6.25000 0.10000"
2832,0.0000,Tx-Rx,0,-77.8067,"0.15000 -4.90000 1.10000, -6.55000 6.25000 0.10000"
2833,0.0000,Tx-Rx,0,-77.6767,"0.15000 -4.90000 1.10000, -6.25000 6.25000 0.10000"
2834,0.0000,Tx-Rx,0,-77.5852,"0.15000 -4.90000 1.10000, -5.95000 6.25000 0.10000"
2835,0.0000,Tx-Rx,0,-77.3303,"0.15000 -4.90000 1.10000, -5.65000 6.25000 0.10000"
2836,0.0000,Tx-Rx,0,-78.8761,"0.15000 -4.90000 1.10000, -5.35000 6.25000 0.10000"
2837,0.0000,Tx-Rx,0,-78.2242,"0.15000 -4.90000 1.10000, -5.05000 6.25000 0.10000"
2838,0.0000,Tx-Rx,0,-78.3187,"0.15000 -4.90000 1.10000, -4.75000 6.25000 0.10000"
2839,0.0000,Tx-Rx,0,-82.1546,"0.15000 -4.90000 1.10000, -4.45000 6.25000 0.10000"
2840,0.0000,Tx-Rx,0,-81.4019,"0.15000 -4.90000 1.10000, -4.15000 6.25000 0.10000"
2841,0.0000,Tx-Rx,0,-78.1671,"0.15000 -4.90000 1.10000, -3.85000 6.25000 0.10000"
2842,0.0000,Tx-Rx,0,-78.7065,"0.15000 -4.90000 1.10000, -3.55000 6.25000 0.10000"
2843,0.0000,Tx-Rx,0,-80.4655,"0.15000 -4.90000 1.10000, -3.25000 6.25000 0.10000"
2844,0.0000,Tx-Rx,0,-81.8659,"0.15000 -4.90000 1.10000, -2.95000 6.25000 0.10000"
2845,0.0000,Tx-Rx,0,-84.2088,"0.15000 -4.90000 1.10000, -2.65000 6.25000 0.10000"
2846,0.0000,Tx-Rx,0,-84.5599,"0.15000 -4.90000 1.10000, -2.35000 6.25000 0.10000"
2847,0.0000,Tx-Rx,0,-83.4652,"0.15000 -4.90000 1.10000, -2.05000 6.25000 0.10000"
2848,0.0000,Tx-Rx,0,-83.2155,"0.15000 -4.90000 1.10000, -1.75000 6.25000 0.10000"
2849,0.0000,Tx-Rx,0,-82.6365,"0.15000 -4.90000 1.10000, -1.45000 6.25000 0.10000"
2850,0.0000,Tx-Rx,0,-83.5085,"0.15000 -4.90000 1.10000, -1.15000 6.25000 0.10000"
2851,0.0000,Tx-Rx,0,-83.8354,"0.15000 -4.90000 1.10000, -0.85000 6.25000 0.10000"
2852,0.0000,Tx-Rx,0,-84.3739,"0.15000 -4.90000 1.10000, -0.55000 6.25000 0.10000"
2853,0.0000,Tx-Rx,0,-69.3403,"0.15000 -4.90000 1.10000, -0.25000 6.25000 0.10000"
2854,0.0000,Tx-Rx,0,-69.8032,"0.15000 -4.90000 1.10000, 0.05000 6.25000 0.10000"
2855,0.0000,Tx-Rx,0,-81.4658,"0.15000 -4.90000 1.10000, 0.35000 6.25000 0.10000"
2856,0.0000,Tx-Rx,0,-81.2716,"0.15000 -4.90000 1.10000, 0.65000 6.25000 0.10000"
2857,0.0000,Tx-Rx,0,-80.2522,"0.15000 -4.90000 1.10000, 0.95000 6.25000 0.10000"
2858,0.0000,Tx-Rx,0,-81.3721,"0.15000 -4.90000 1.10000, 1.25000 6.25000 0.10000"
2859,0.0000,Tx-Rx,0,-81.2891,"0.15000 -4.90000 1.10000, 1.55000 6.25000 0.10000"
2860,0.0000,Tx-Rx,0,-82.3566,"0.15000 -4.90000 1.10000, 1.85000 6.25000 0.10000"
2861,0.0000,Tx-Rx,0,-80.1955,"0.15000 -4.90000 1.10000, 2.15000 6.25000 0.10000"
2862,0.0000,Tx-Rx,0,-64.8065,"0.15000 -4.90000 1.10000, 2.45000 6.25000 0.10000"
2863,0.0000,Tx-Rx,0,-60.8839,"0.15000 -4.90000 1.10000, 2.75000 6.25000 0.10000"
2864,0.0000,Tx-Rx,0,-61.0958,"0.15000 -4.90000 1.10000, 3.05000 6.25000 0.10000"
2865,0.0000,Tx-Rx,0,-60.1167,"0.15000 -4.90000 1.10000, 3.35000 6.25000 0.10000"
2866,0.0000,Tx-Rx,0,-61.1440,"0.15000 -4.90000 1.10000, 3.65000 6.25000 0.10000"
2867,0.0000,Tx-Rx,0,-77.2196,"0.15000 -4.90000 1.10000, 3.95000 6.25000 0.10000"
2868,0.0000,Tx-Rx,0,-85.5589,"0.15000 -4.90000 1.10000, 4.25000 6.25000 0.10000"
2869,0.0000,Tx-Rx,0,-90.6028,"0.15000 -4.90000 1.10000, 4.55000 6.25000 0.10000"
2870,0.0000,Tx-Rx,0,-97.3011,"0.15000 -4.90000 1.10000, 4.85000 6.25000 0.10000"
2871,0.0000,Tx-Rx,0,-96.7999,"0.15000 -4.90000 1.10000, 5.15000 6.25000 0.10000"
2872,0.0000,Tx-Rx,0,-96.7740,"0.15000 -4.90000 1.10000, 5.45000 6.25000 0.10000"
2873,0.0000,Tx-Rx,0,-97.2244,"0.15000 -4.90000 1.10000, 5.75000 6.25000 0.10000"
2874,0.0000,Tx-Rx,0,-96.9848,"0.15000 -4.90000 1.10000, 6.05000 6.25000 0.10000"
2875,0.0000,Tx-Rx,0,-97.3756,"0.15000 -4.90000 1.10000, 6.35000 6.25000 0.10000"
2876,0.0000,Tx-Rx,0,-96.4256,"0.15000 -4.90000 1.10000, 6.65000 6.25000 0.10000"
2877,0.0000,Tx-Rx,0,-84.9919,"0.15000 -4.90000 1.10000, 6.95000 6.25000 0.10000"
2878,0.0000,Tx-Rx,0,-80.7807,"0.15000 -4.90000 1.10000, 7.25000 6.25000 0.10000"
2879,0.0000,Tx-Rx,0,-88.5968,"0.15000 -4.90000 1.10000, 7.55000 6.25000 0.10000"
2880,0.0000,Tx-Rx,0,-94.0714,"0.15000 -4.90000 1.10000, 7.85000 6.25000 0.10000"
2881,0.0000,Tx-Rx,0,-105.7669,"0.15000 -4.90000 1.10000, -9.85000 6.55000 0.10000"
2882,0.0000,Tx-Rx,0,-104.6758,"0.15000 -4.90000 1.10000, -9.55000 6.55000 0.10000"
2883,0.0000,Tx-Rx,0,-107.4456,"0.15000 -4.90000 1.10000, -9.25000 6.55000 0.10000"
2884,0.0000,Tx-Rx,0,-105.8712,"0.15000 -4.90000 1.10000, -8.95000 6.55000 0.10000"
2885,0.0000,Tx-Rx,0,-104.8758,"0.15000 -4.90000 1.10000, -8.65000 6.55000 0.10000"
2886,0.0000,Tx-Rx,0,-107.7123,"0.15000 -4.90000 1.10000, -8.35000 6.55000 0.10000"
2887,0.0000,Tx-Rx,0,-82.6038,"0.15000 -4.90000 1.10000, -8.05000 6.55000 0.10000"
2888,0.0000,Tx-Rx,0,-77.9319,"0.15000 -4.90000 1.10000, -7.75000 6.55000 0.10000"
2889,0.0000,Tx-Rx,0,-77.9827,"0.15000 -4.90000 1.10000, -7.45000 6.55000 0.10000"
2890,0.0000,Tx-Rx,0,-77.7891,"0.15000 -4.90000 1.10000, -7.15000 6.55000 0.10000"
2891,0.0000,Tx-Rx,0,-77.7481,"0.15000 -4.90000 1.10000, -6.85000 6.55000 0.10000"
2892,0.0000,Tx-Rx,0,-77.5962,"0.15000 -4.90000 1.10000, -6.55000 6.55000 0.10000"
2893,0.0000,Tx-Rx,0,-77.5886,"0.15000 -4.90000 1.10000, -6.25000 6.55000 0.10000"
2894,0.0000,Tx-Rx,0,-77.9498,"0.15000 -4.90000 1.10000, -5.95000 6.55000 0.10000"
2895,0.0000,Tx-Rx,0,-77.6734,"0.15000 -4.90000 1.10000, -5.65000 6.55000 0.10000"
2896,0.0000,Tx-Rx,0,-79.0292,"0.15000 -4.90000 1.10000, -5.35000 6.55000 0.10000"
2897,0.0000,Tx-Rx,0,-80.1192,"0.15000 -4.90000 1.10000, -5.05000 6.55000 0.10000"
2898,0.0000,Tx-Rx,0,-80.1161,"0.15000 -4.90000 1.10000, -4.75000 6.55000 0.10000"
2899,0.0000,Tx-Rx,0,-79.6782,"0.15000 -4.90000 1.10000, -4.45000 6.55000 0.10000"
2900,0.0000,Tx-Rx,0,-81.9316,"0.15000 -4.90000 1.10000, -4.15000 6.55000 0.10000"
2901,0.0000,Tx-Rx,0,-80.3378,"0.15000 -4.90000 1.10000, -3.85000 6.55000 0.10000"
2902,0.0000,Tx-Rx,0,-80.2795,"0.15000 -4.90000 1.10000, -3.55000 6.55000 0.10000"
2903,0.0000,Tx-Rx,0,-81.9442,"0.15000 -4.90000 1.10000, -3.25000 6.55000 0.10000"
2904,0.0000,Tx-Rx,0,-83.6733,"0.15000 -4.90000 1.10000, -2.95000 6.55000 0.10000"
2905,0.0000,Tx-Rx,0,-84.5329,"0.15000 -4.90000 1.10000, -2.65000 6.55000 0.10000"
2906,0.0000,Tx-Rx,0,-84.1659,"0.15000 -4.90000 1.10000, -2.35000 6.55000 0.10000"
2907,0.0000,Tx-Rx,0,-85.0205,"0.15000 -4.90000 1.10000, -2.05000 6.55000 0.10000"
2908,0.0000,Tx-Rx,0,-84.5219,"0.15000 -4.90000 1.10000, -1.75000 6.55000 0.10000"
2909,0.0000,Tx-Rx,0,-84.3952,"0.15000 -4.90000 1.10000, -1.45000 6.55000 0.10000"
2910,0.0000,Tx-Rx,0,-84.5712,"0.15000 -4.90000 1.10000, -1.15000 6.55000 0.10000"
2911,0.0000,Tx-Rx,0,-84.6105,"0.15000 -4.90000 1.10000, -0.85000 6.55000 0.10000"
2912,0.0000,Tx-Rx,0,-84.7231,"0.15000 -4.90000 1.10000, -0.55000 6.55000 0.10000"
2913,0.0000,Tx-Rx,0,-69.3445,"0.15000 -4.90000 1.10000, -0.25000 6.55000 0.10000"
2914,0.0000,Tx-Rx,0,-69.8502,"0.15000 -4.90000 1.10000, 0.05000 6.55000 0.10000"
2915,0.0000,Tx-Rx,0,-82.2719,"0.15000 -4.90000 1.10000, 0.35000 6.55000 0.10000"
2916,0.0000,Tx-Rx,0,-81.2095,"0.15000 -4.90000 1.10000, 0.65000 6.55000 0.10000"
2917,0.0000,Tx-Rx,0,-82.4800,"0.15000 -4.90000 1.10000, 0.95000 6.55000 0.10000"
2918,0.0000,Tx-Rx,0,-82.1455,"0.15000 -4.90000 1.10000, 1.25000 6.55000 0.10000"
2919,0.0000,Tx-Rx,0,-80.9084,"0.15000 -4.90000 1.10000, 1.55000 6.55000 0.10000"
2920,0.0000,Tx-Rx,0,-80.6724,"0.15000 -4.90000 1.10000, 1.85000 6.55000 0.10000"
2921,0.0000,Tx-Rx,0,-79.9813,"0.15000 -4.90000 1.10000, 2.15000 6.55000 0.10000"
2922,0.0000,Tx-Rx,0,-80.5048,"0.15000 -4.90000 1.10000, 2.45000 6.55000 0.10000"
2923,0.0000,Tx-Rx,0,-270.0000,"0.15000 -4.90000 1.10000, 2.75000 6.55000 0.10000"
2924,0.0000,Tx-Rx,0,-270.0000,"0.15000 -4.90000 1.10000, 3.05000 6.55000 0.10000"
2925,0.0000,Tx-Rx,0,-64.0027,"0.15000 -4.90000 1.10000, 3.35000 6.55000 0.10000"
2926,0.0000,Tx-Rx,0,-68.1500,"0.15000 -4.90000 1.10000, 3.65000 6.55000 0.10000"
2927,0.0000,Tx-Rx,0,-76.5180,"0.15000 -4.90000 1.10000, 3.95000 6.55000 0.10000"
2928,0.0000,Tx-Rx,0,-91.1493,"0.15000 -4.90000 1.10000, 4.25000 6.55000 0.10000"
2929,0.0000,Tx-Rx,0,-95.2563,"0.15000 -4.90000 1.10000, 4.55000 6.55000 0.10000"
2930,0.0000,Tx-Rx,0,-109.8275,"0.15000 -4.90000 1.10000, 4.85000 6.55000 0.10000"
2931,0.0000,Tx-Rx,0,-107.8176,"0.15000 -4.90000 1.10000, 5.15000 6.55000 0.10000"
2932,0.0000,Tx-Rx,0,-100.4820,"0.15000 -4.90000 1.10000, 5.45000 6.55000 0.10000"
2933,0.0000,Tx-Rx,0,-110.9145,"0.15000 -4.90000 1.10000, 5.75000 6.55000 0.10000"
2934,0.0000,Tx-Rx,0,-109.7564,"0.15000 -4.90000 1.10000, 6.05000 6.55000 0.10000"
2935,0.0000,Tx-Rx,0,-106.7432,"0.15000 -4.90000 1.10000, 6.35000 6.55000 0.10000"
2936,0.0000,Tx-Rx,0,-105.7203,"0.15000 -4.90000 1.10000, 6.65000 6.55000 0.10000"
2937,0.0000,Tx-Rx,0,-95.0503,"0.15000 -4.90000 1.10000, 6.95000 6.55000 0.10000"
2938,0.0000,Tx-Rx,0,-89.2272,"0.15000 -4.90000 1.10000, 7.25000 6.55000 0.10000"
2939,0.0000,Tx-Rx,0,-90.9139,"0.15000 -4.90000 1.10000, 7.55000 6.55000 0.10000"
2940,0.0000,Tx-Rx,0,-91.6036,"0.15000 -4.90000 1.10000, 7.85000 6.55000 0.10000"
2941,0.0000,Tx-Rx,0,-104.7382,"0.15000 -4.90000 1.10000, -9.85000 6.85000 0.10000"
2942,0.0000,Tx-Rx,0,-104.9108,"0.15000 -4.90000 1.10000, -9.55000 6.85000 0.10000"
2943,0.0000,Tx-Rx,0,-105.3185,"0.15000 -4.90000 1.10000, -9.25000 6.85000 0.10000"
2944,0.0000,Tx-Rx,0,-105.3364,"0.15000 -4.90000 1.10000, -8.95000 6.85000 0.10000"
2945,0.0000,Tx-Rx,0,-106.3412,"0.15000 -4.90000 1.10000, -8.65000 6.85000 0.10000"
2946,0.0000,Tx-Rx,0,-109.1752,"0.15000 -4.90000 1.10000, -8.35000 6.85000 0.10000"
2947,0.0000,Tx-Rx,0,-81.8725,"0.15000 -4.90000 1.10000, -8.05000 6.85000 0.10000"
2948,0.0000,Tx-Rx,0,-77.1003,"0.15000 -4.90000 1.10000, -7.75000 6.85000 0.10000"
2949,0.0000,Tx-Rx,0,-77.0510,"0.15000 -4.90000 1.10000, -7.45000 6.85000 0.10000"
2950,0.0000,Tx-Rx,0,-77.0184,"0.15000 -4.90000 1.10000, -7.15000 6.85000 0.10000"
2951,0.0000,Tx-Rx,0,-77.2392,"0.15000 -4.90000 1.10000, -6.85000 6.85000 0.10000"
2952,0.0000,Tx-Rx,0,-77.1155,"0.15000 -4.90000 1.10000, -6.55000 6.85000 0.10000"
2953,0.0000,Tx-Rx,0,-77.7409,"0.15000 -4.90000 1.10000, -6.25000 6.85000 0.10000"
2954,0.0000,Tx-Rx,0,-79.3308,"0.15000 -4.90000 1.10000, -5.95000 6.85000 0.10000"
2955,0.0000,Tx-Rx,0,-80.8226,"0.15000 -4.90000 1.10000, -5.65000 6.85000 0.10000"
2956,0.0000,Tx-Rx,0,-79.3086,"0.15000 -4.90000 1.10000, -5.35000 6.85000 0.10000"
2957,0.0000,Tx-Rx,0,-78.3245,"0.15000 -4.90000 1.10000, -5.05000 6.85000 0.10000"
2958,0.0000,Tx-Rx,0,-79.0707,"0.15000 -4.90000 1.10000, -4.75000 6.85000 0.10000"
2959,0.0000,Tx-Rx,0,-81.2742,"0.15000 -4.90000 1.10000, -4.45000 6.85000 0.10000"
2960,0.0000,Tx-Rx,0,-81.0637,"0.15000 -4.90000 1.10000, -4.15000 6.85000 0.10000"
2961,0.0000,Tx-Rx,0,-80.2939,"0.15000 -4.90000 1.10000, -3.85000 6.85000 0.10000"
2962,0.0000,Tx-Rx,0,-82.1245,"0.15000 -4.90000 1.10000, -3.55000 6.85000 0.10000"
2963,0.0000,Tx-Rx,0,-83.9303,"0.15000 -4.90000 1.10000, -3.25000 6.85000 0.10000"
2964,0.0000,Tx-Rx,0,-84.2401,"0.15000 -4.90000 1.10000, -2.95000 6.85000 0.10000"
2965,0.0000,Tx-Rx,0,-83.9877,"0.15000 -4.90000 1.10000, -2.65000 6.85000 0.10000"
2966,0.0000,Tx-Rx,0,-84.1725,"0.15000 -4.90000 1.10000, -2.35000 6.85000 0.10000"
2967,0.0000,Tx-Rx,0,-83.9384,"0.15000 -4.90000 1.10000, -2.05000 6.85000 0.10000"
2968,0.0000,Tx-Rx,0,-84.0751,"0.15000 -4.90000 1.10000, -1.75000 6.85000 0.10000"
2969,0.0000,Tx-Rx,0,-85.7512,"0.15000 -4.90000 1.10000, -1.45000 6.85000 0.10000"
2970,0.0000,Tx-Rx,0,-85.0463,"0.15000 -4.90000 1.10000, -1.15000 6.85000 0.10000"
2971,0.0000,Tx-Rx,0,-83.8793,"0.15000 -4.90000 1.10000, -0.85000 6.85000 0.10000"
2972,0.0000,Tx-Rx,0,-84.2312,"0.15000 -4.90000 1.10000, -0.55000 6.85000 0.10000"
2973,0.0000,Tx-Rx,0,-68.9435,"0.15000 -4.90000 1.10000, -0.25000 6.85000 0.10000"
2974,0.0000,Tx-Rx,0,-70.4021,"0.15000 -4.90000 1.10000, 0.05000 6.85000 0.10000"
2975,0.0000,Tx-Rx,0,-80.6899,"0.15000 -4.90000 1.10000, 0.35000 6.85000 0.10000"
2976,0.0000,Tx-Rx,0,-83.0113,"0.15000 -4.90000 1.10000, 0.65000 6.85000 0.10000"
2977,0.0000,Tx-Rx,0,-82.5474,"0.15000 -4.90000 1.10000, 0.95000 6.85000 0.10000"
2978,0.0000,Tx-Rx,0,-81.3222,"0.15000 -4.90000 1.10000, 1.25000 6.85000 0.10000"
2979,0.0000,Tx-Rx,0,-80.3831,"0.15000 -4.90000 1.10000, 1.55000 6.85000 0.10000"
2980,0.0000,Tx-Rx,0,-80.0183,"0.15000 -4.90000 1.10000, 1.85000 6.85000 0.10000"
2981,0.0000,Tx-Rx,0,-80.8195,"0.15000 -4.90000 1.10000, 2.15000 6.85000 0.10000"
2982,0.0000,Tx-Rx,0,-80.6404,"0.15000 -4.90000 1.10000, 2.45000 6.85000 0.10000"
2983,0.0000,Tx-Rx,0,-270.0000,"0.15000 -4.90000 1.10000, 2.75000 6.85000 0.10000"
2984,0.0000,Tx-Rx,0,-270.0000,"0.15000 -4.90000 1.10000, 3.05000 6.85000 0.10000"
2985,0.0000,Tx-Rx,0,-65.8638,"0.15000 -4.90000 1.10000, 3.35000 6.85000 0.10000"
2986,0.0000,Tx-Rx,0,-69.8060,"0.15000 -4.90000 1.10000, 3.65000 6.85000 0.10000"
2987,0.0000,Tx-Rx,0,-72.7777,"0.15000 -4.90000 1.10000, 3.95000 6.85000 0.10000"
2988,0.0000,Tx-Rx,0,-96.6284,"0.15000 -4.90000 1.10000, 4.25000 6.85000 0.10000"
2989,0.0000,Tx-Rx,0,-98.2711,"0.15000 -4.90000 1.10000, 4.55000 6.85000 0.10000"
2990,0.0000,Tx-Rx,0,-106.4143,"0.15000 -4.90000 1.10000, 4.85000 6.85000 0.10000"
2991,0.0000,Tx-Rx,0,-114.2826,"0.15000 -4.90000 1.10000, 5.15000 6.85000 0.10000"
2992,0.0000,Tx-Rx,0,-112.4938,"0.15000 -4.90000 1.10000, 5.45000 6.85000 0.10000"
2993,0.0000,Tx-Rx,0,-118.8801,"0.15000 -4.90000 1.10000, 5.75000 6.85000 0.10000"
2994,0.0000,Tx-Rx,0,-111.3184,"0.15000 -4.90000 1.10000, 6.05000 6.85000 0.10000"
2995,0.0000,Tx-Rx,0,-113.0201,"0.15000 -4.90000 1.10000, 6.35000 6.85000 0.10000"
2996,0.0000,Tx-Rx,0,-113.3654,"0.15000 -4.90000 1.10000, 6.65000 6.85000 0.10000"
2997,0.0000,Tx-Rx,0,-95.5028,"0.15000 -4.90000 1.10000, 6.95000 6.85000 0.10000"
2998,0.0000,Tx-Rx,0,-93.3377,"0.15000 -4.90000 1.10000, 7.25000 6.85000 0.10000"
2999,0.0000,Tx-Rx,0,-91.8471,"0.15000 -4.90000 1.10000, 7.55000 6.85000 0.10000"
3000,0.0000,Tx-Rx,0,-93.7873,"0.15000 -4.90000 1.10000, 7.85000 6.85000 0.10000"
