Rx_Number,Path_Power_dBm,Interaction_Description,Total_Interactions_for_Path,RSS_dBm,Interaction_Coordinates
1,0.0000,Tx-Rx,0,-120.0000,"7.30900 2.93800 0.90000, -9.85000 -7.85000 0.10000"
2,0.0000,Tx-Rx,0,-102.0284,"7.30900 2.93800 0.90000, -9.55000 -7.85000 0.10000"
3,0.0000,Tx-Rx,0,-120.0000,"7.30900 2.93800 0.90000, -9.25000 -7.85000 0.10000"
4,0.0000,Tx-Rx,0,-120.0000,"7.30900 2.93800 0.90000, -8.95000 -7.85000 0.10000"
5,0.0000,Tx-Rx,0,-120.0000,"7.30900 2.93800 0.90000, -8.65000 -7.85000 0.10000"
6,0.0000,Tx-Rx,0,-120.0000,"7.30900 2.93800 0.90000, -8.35000 -7.85000 0.10000"
7,0.0000,Tx-Rx,0,-117.0040,"7.30900 2.93800 0.90000, -8.05000 -7.85000 0.10000"
8,0.0000,Tx-Rx,0,-96.7635,"7.30900 2.93800 0.90000, -7.75000 -7.85000 0.10000"
9,0.0000,Tx-Rx,0,-110.2262,"7.30900 2.93800 0.90000, -7.45000 -7.85000 0.10000"
10,0.0000,Tx-Rx,0,-96.8872,"7.30900 2.93800 0.90000, -7.15000 -7.85000 0.10000"
11,0.0000,Tx-Rx,0,-91.4183,"7.30900 2.93800 0.90000, -6.85000 -7.85000 0.10000"
12,0.0000,Tx-Rx,0,-86.6716,"7.30900 2.93800 0.90000, -6.55000 -7.85000 0.10000"
13,0.0000,Tx-Rx,0,-83.4680,"7.30900 2.93800 0.90000, -6.25000 -7.85000 0.10000"
14,0.0000,Tx-Rx,0,-75.3706,"7.30900 2.93800 0.90000, -5.95000 -7.85000 0.10000"
15,0.0000,Tx-Rx,0,-72.8206,"7.30900 2.93800 0.90000, -5.65000 -7.85000 0.10000"
16,0.0000,Tx-Rx,0,-73.6355,"7.30900 2.93800 0.90000, -5.35000 -7.85000 0.10000"
17,0.0000,Tx-Rx,0,-74.9867,"7.30900 2.93800 0.90000, -5.05000 -7.85000 0.10000"
18,0.0000,Tx-Rx,0,-74.3710,"7.30900 2.93800 0.90000, -4.75000 -7.85000 0.10000"
19,0.0000,Tx-Rx,0,-74.9746,"7.30900 2.93800 0.90000, -4.45000 -7.85000 0.10000"
20,0.0000,Tx-Rx,0,-78.1377,"7.30900 2.93800 0.90000, -4.15000 -7.85000 0.10000"
21,0.0000,Tx-Rx,0,-80.8277,"7.30900 2.93800 0.90000, -3.85000 -7.85000 0.10000"
22,0.0000,Tx-Rx,0,-84.1531,"7.30900 2.93800 0.90000, -3.55000 -7.85000 0.10000"
23,0.0000,Tx-Rx,0,-85.1949,"7.30900 2.93800 0.90000, -3.25000 -7.85000 0.10000"
24,0.0000,Tx-Rx,0,-80.3920,"7.30900 2.93800 0.90000, -2.95000 -7.85000 0.10000"
25,0.0000,Tx-Rx,0,-78.2213,"7.30900 2.93800 0.90000, -2.65000 -7.85000 0.10000"
26,0.0000,Tx-Rx,0,-80.3352,"7.30900 2.93800 0.90000, -2.35000 -7.85000 0.10000"
27,0.0000,Tx-Rx,0,-83.0312,"7.30900 2.93800 0.90000, -2.05000 -7.85000 0.10000"
28,0.0000,Tx-Rx,0,-76.7732,"7.30900 2.93800 0.90000, -1.75000 -7.85000 0.10000"
29,0.0000,Tx-Rx,0,-75.7746,"7.30900 2.93800 0.90000, -1.45000 -7.85000 0.10000"
30,0.0000,Tx-Rx,0,-77.0437,"7.30900 2.93800 0.90000, -1.15000 -7.85000 0.10000"
31,0.0000,Tx-Rx,0,-78.4159,"7.30900 2.93800 0.90000, -0.85000 -7.85000 0.10000"
32,0.0000,Tx-Rx,0,-79.2993,"7.30900 2.93800 0.90000, -0.55000 -7.85000 0.10000"
33,0.0000,Tx-Rx,0,-78.9932,"7.30900 2.93800 0.90000, -0.25000 -7.85000 0.10000"
34,0.0000,Tx-Rx,0,-69.1849,"7.30900 2.93800 0.90000, 0.05000 -7.85000 0.10000"
35,0.0000,Tx-Rx,0,-67.4715,"7.30900 2.93800 0.90000, 0.35000 -7.85000 0.10000"
36,0.0000,Tx-Rx,0,-67.4021,"7.30900 2.93800 0.90000, 0.65000 -7.85000 0.10000"
37,0.0000,Tx-Rx,0,-67.4881,"7.30900 2.93800 0.90000, 0.95000 -7.85000 0.10000"
38,0.0000,Tx-Rx,0,-67.6239,"7.30900 2.93800 0.90000, 1.25000 -7.85000 0.10000"
39,0.0000,Tx-Rx,0,-67.9853,"7.30900 2.93800 0.90000, 1.55000 -7.85000 0.10000"
40,0.0000,Tx-Rx,0,-68.0529,"7.30900 2.93800 0.90000, 1.85000 -7.85000 0.10000"
41,0.0000,Tx-Rx,0,-73.2579,"7.30900 2.93800 0.90000, 2.15000 -7.85000 0.10000"
42,0.0000,Tx-Rx,0,-78.5501,"7.30900 2.93800 0.90000, 2.45000 -7.85000 0.10000"
43,0.0000,Tx-Rx,0,-81.0409,"7.30900 2.93800 0.90000, 2.75000 -7.85000 0.10000"
44,0.0000,Tx-Rx,0,-97.2962,"7.30900 2.93800 0.90000, 3.05000 -7.85000 0.10000"
45,0.0000,Tx-Rx,0,-97.8950,"7.30900 2.93800 0.90000, 3.35000 -7.85000 0.10000"
46,0.0000,Tx-Rx,0,-83.0098,"7.30900 2.93800 0.90000, 3.65000 -7.85000 0.10000"
47,0.0000,Tx-Rx,0,-72.5838,"7.30900 2.93800 0.90000, 3.95000 -7.85000 0.10000"
48,0.0000,Tx-Rx,0,-73.0304,"7.30900 2.93800 0.90000, 4.25000 -7.85000 0.10000"
49,0.0000,Tx-Rx,0,-72.2791,"7.30900 2.93800 0.90000, 4.55000 -7.85000 0.10000"
50,0.0000,Tx-Rx,0,-71.3511,"7.30900 2.93800 0.90000, 4.85000 -7.85000 0.10000"
51,0.0000,Tx-Rx,0,-65.1896,"7.30900 2.93800 0.90000, 5.15000 -7.85000 0.10000"
52,0.0000,Tx-Rx,0,-62.5621,"7.30900 2.93800 0.90000, 5.45000 -7.85000 0.10000"
53,0.0000,Tx-Rx,0,-52.8466,"7.30900 2.93800 0.90000, 5.75000 -7.85000 0.10000"
54,0.0000,Tx-Rx,0,-54.0615,"7.30900 2.93800 0.90000, 6.05000 -7.85000 0.10000"
55,0.0000,Tx-Rx,0,-53.9475,"7.30900 2.93800 0.90000, 6.35000 -7.85000 0.10000"
56,0.0000,Tx-Rx,0,-52.6450,"7.30900 2.93800 0.90000, 6.65000 -7.85000 0.10000"
57,0.0000,Tx-Rx,0,-51.7741,"7.30900 2.93800 0.90000, 6.95000 -7.85000 0.10000"
58,0.0000,Tx-Rx,0,-52.0741,"7.30900 2.93800 0.90000, 7.25000 -7.85000 0.10000"
59,0.0000,Tx-Rx,0,-52.9019,"7.30900 2.93800 0.90000, 7.55000 -7.85000 0.10000"
60,0.0000,Tx-Rx,0,-52.9406,"7.30900 2.93800 0.90000, 7.85000 -7.85000 0.10000"
61,0.0000,Tx-Rx,0,-97.2107,"7.30900 2.93800 0.90000, -9.85000 -7.55000 0.10000"
62,0.0000,Tx-Rx,0,-120.0000,"7.30900 2.93800 0.90000, -9.55000 -7.55000 0.10000"
63,0.0000,Tx-Rx,0,-120.0000,"7.30900 2.93800 0.90000, -9.25000 -7.55000 0.10000"
64,0.0000,Tx-Rx,0,-99.1582,"7.30900 2.93800 0.90000, -8.95000 -7.55000 0.10000"
65,0.0000,Tx-Rx,0,-120.0000,"7.30900 2.93800 0.90000, -8.65000 -7.55000 0.10000"
66,0.0000,Tx-Rx,0,-116.4870,"7.30900 2.93800 0.90000, -8.35000 -7.55000 0.10000"
67,0.0000,Tx-Rx,0,-92.1405,"7.30900 2.93800 0.90000, -8.05000 -7.55000 0.10000"
68,0.0000,Tx-Rx,0,-120.0000,"7.30900 2.93800 0.90000, -7.75000 -7.55000 0.10000"
69,0.0000,Tx-Rx,0,-103.0776,"7.30900 2.93800 0.90000, -7.45000 -7.55000 0.10000"
70,0.0000,Tx-Rx,0,-94.7219,"7.30900 2.93800 0.90000, -7.15000 -7.55000 0.10000"
71,0.0000,Tx-Rx,0,-87.2911,"7.30900 2.93800 0.90000, -6.85000 -7.55000 0.10000"
72,0.0000,Tx-Rx,0,-85.7423,"7.30900 2.93800 0.90000, -6.55000 -7.55000 0.10000"
73,0.0000,Tx-Rx,0,-79.6740,"7.30900 2.93800 0.90000, -6.25000 -7.55000 0.10000"
74,0.0000,Tx-Rx,0,-76.1065,"7.30900 2.93800 0.90000, -5.95000 -7.55000 0.10000"
75,0.0000,Tx-Rx,0,-73.8090,"7.30900 2.93800 0.90000, -5.65000 -7.55000 0.10000"
76,0.0000,Tx-Rx,0,-73.6362,"7.30900 2.93800 0.90000, -5.35000 -7.55000 0.10000"
77,0.0000,Tx-Rx,0,-73.9342,"7.30900 2.93800 0.90000, -5.05000 -7.55000 0.10000"
78,0.0000,Tx-Rx,0,-74.4779,"7.30900 2.93800 0.90000, -4.75000 -7.55000 0.10000"
79,0.0000,Tx-Rx,0,-75.1460,"7.30900 2.93800 0.90000, -4.45000 -7.55000 0.10000"
80,0.0000,Tx-Rx,0,-76.1782,"7.30900 2.93800 0.90000, -4.15000 -7.55000 0.10000"
81,0.0000,Tx-Rx,0,-79.6224,"7.30900 2.93800 0.90000, -3.85000 -7.55000 0.10000"
82,0.0000,Tx-Rx,0,-81.9233,"7.30900 2.93800 0.90000, -3.55000 -7.55000 0.10000"
83,0.0000,Tx-Rx,0,-80.3286,"7.30900 2.93800 0.90000, -3.25000 -7.55000 0.10000"
84,0.0000,Tx-Rx,0,-78.7682,"7.30900 2.93800 0.90000, -2.95000 -7.55000 0.10000"
85,0.0000,Tx-Rx,0,-80.8832,"7.30900 2.93800 0.90000, -2.65000 -7.55000 0.10000"
86,0.0000,Tx-Rx,0,-76.8492,"7.30900 2.93800 0.90000, -2.35000 -7.55000 0.10000"
87,0.0000,Tx-Rx,0,-74.3175,"7.30900 2.93800 0.90000, -2.05000 -7.55000 0.10000"
88,0.0000,Tx-Rx,0,-77.9782,"7.30900 2.93800 0.90000, -1.75000 -7.55000 0.10000"
89,0.0000,Tx-Rx,0,-79.5109,"7.30900 2.93800 0.90000, -1.45000 -7.55000 0.10000"
90,0.0000,Tx-Rx,0,-80.5139,"7.30900 2.93800 0.90000, -1.15000 -7.55000 0.10000"
91,0.0000,Tx-Rx,0,-78.6767,"7.30900 2.93800 0.90000, -0.85000 -7.55000 0.10000"
92,0.0000,Tx-Rx,0,-77.7026,"7.30900 2.93800 0.90000, -0.55000 -7.55000 0.10000"
93,0.0000,Tx-Rx,0,-78.0933,"7.30900 2.93800 0.90000, -0.25000 -7.55000 0.10000"
94,0.0000,Tx-Rx,0,-69.0194,"7.30900 2.93800 0.90000, 0.05000 -7.55000 0.10000"
95,0.0000,Tx-Rx,0,-67.5304,"7.30900 2.93800 0.90000, 0.35000 -7.55000 0.10000"
96,0.0000,Tx-Rx,0,-67.3735,"7.30900 2.93800 0.90000, 0.65000 -7.55000 0.10000"
97,0.0000,Tx-Rx,0,-67.4751,"7.30900 2.93800 0.90000, 0.95000 -7.55000 0.10000"
98,0.0000,Tx-Rx,0,-67.7475,"7.30900 2.93800 0.90000, 1.25000 -7.55000 0.10000"
99,0.0000,Tx-Rx,0,-67.6489,"7.30900 2.93800 0.90000, 1.55000 -7.55000 0.10000"
100,0.0000,Tx-Rx,0,-68.4361,"7.30900 2.93800 0.90000, 1.85000 -7.55000 0.10000"
101,0.0000,Tx-Rx,0,-68.9582,"7.30900 2.93800 0.90000, 2.15000 -7.55000 0.10000"
102,0.0000,Tx-Rx,0,-70.8834,"7.30900 2.93800 0.90000, 2.45000 -7.55000 0.10000"
103,0.0000,Tx-Rx,0,-76.0774,"7.30900 2.93800 0.90000, 2.75000 -7.55000 0.10000"
104,0.0000,Tx-Rx,0,-76.1872,"7.30900 2.93800 0.90000, 3.05000 -7.55000 0.10000"
105,0.0000,Tx-Rx,0,-81.2512,"7.30900 2.93800 0.90000, 3.35000 -7.55000 0.10000"
106,0.0000,Tx-Rx,0,-75.1990,"7.30900 2.93800 0.90000, 3.65000 -7.55000 0.10000"
107,0.0000,Tx-Rx,0,-73.4032,"7.30900 2.93800 0.90000, 3.95000 -7.55000 0.10000"
108,0.0000,Tx-Rx,0,-66.6322,"7.30900 2.93800 0.90000, 4.25000 -7.55000 0.10000"
109,0.0000,Tx-Rx,0,-66.4865,"7.30900 2.93800 0.90000, 4.55000 -7.55000 0.10000"
110,0.0000,Tx-Rx,0,-73.0897,"7.30900 2.93800 0.90000, 4.85000 -7.55000 0.10000"
111,0.0000,Tx-Rx,0,-66.3048,"7.30900 2.93800 0.90000, 5.15000 -7.55000 0.10000"
112,0.0000,Tx-Rx,0,-62.0765,"7.30900 2.93800 0.90000, 5.45000 -7.55000 0.10000"
113,0.0000,Tx-Rx,0,-52.8941,"7.30900 2.93800 0.90000, 5.75000 -7.55000 0.10000"
114,0.0000,Tx-Rx,0,-53.7516,"7.30900 2.93800 0.90000, 6.05000 -7.55000 0.10000"
115,0.0000,Tx-Rx,0,-53.5834,"7.30900 2.93800 0.90000, 6.35000 -7.55000 0.10000"
116,0.0000,Tx-Rx,0,-51.9295,"7.30900 2.93800 0.90000, 6.65000 -7.55000 0.10000"
117,0.0000,Tx-Rx,0,-51.7001,"7.30900 2.93800 0.90000, 6.95000 -7.55000 0.10000"
118,0.0000,Tx-Rx,0,-52.0308,"7.30900 2.93800 0.90000, 7.25000 -7.55000 0.10000"
119,0.0000,Tx-Rx,0,-52.6813,"7.30900 2.93800 0.90000, 7.55000 -7.55000 0.10000"
120,0.0000,Tx-Rx,0,-52.6525,"7.30900 2.93800 0.90000, 7.85000 -7.55000 0.10000"
121,0.0000,Tx-Rx,0,-120.0000,"7.30900 2.93800 0.90000, -9.85000 -7.25000 0.10000"
122,0.0000,Tx-Rx,0,-120.0000,"7.30900 2.93800 0.90000, -9.55000 -7.25000 0.10000"
123,0.0000,Tx-Rx,0,-120.0000,"7.30900 2.93800 0.90000, -9.25000 -7.25000 0.10000"
124,0.0000,Tx-Rx,0,-97.3470,"7.30900 2.93800 0.90000, -8.95000 -7.25000 0.10000"
125,0.0000,Tx-Rx,0,-97.4314,"7.30900 2.93800 0.90000, -8.65000 -7.25000 0.10000"
126,0.0000,Tx-Rx,0,-96.2094,"7.30900 2.93800 0.90000, -8.35000 -7.25000 0.10000"
127,0.0000,Tx-Rx,0,-90.2473,"7.30900 2.93800 0.90000, -8.05000 -7.25000 0.10000"
128,0.0000,Tx-Rx,0,-79.7493,"7.30900 2.93800 0.90000, -7.75000 -7.25000 0.10000"
129,0.0000,Tx-Rx,0,-81.7444,"7.30900 2.93800 0.90000, -7.45000 -7.25000 0.10000"
130,0.0000,Tx-Rx,0,-81.2199,"7.30900 2.93800 0.90000, -7.15000 -7.25000 0.10000"
131,0.0000,Tx-Rx,0,-83.3581,"7.30900 2.93800 0.90000, -6.85000 -7.25000 0.10000"
132,0.0000,Tx-Rx,0,-78.4201,"7.30900 2.93800 0.90000, -6.55000 -7.25000 0.10000"
133,0.0000,Tx-Rx,0,-80.6782,"7.30900 2.93800 0.90000, -6.25000 -7.25000 0.10000"
134,0.0000,Tx-Rx,0,-75.4202,"7.30900 2.93800 0.90000, -5.95000 -7.25000 0.10000"
135,0.0000,Tx-Rx,0,-73.9457,"7.30900 2.93800 0.90000, -5.65000 -7.25000 0.10000"
136,0.0000,Tx-Rx,0,-73.6865,"7.30900 2.93800 0.90000, -5.35000 -7.25000 0.10000"
137,0.0000,Tx-Rx,0,-73.6413,"7.30900 2.93800 0.90000, -5.05000 -7.25000 0.10000"
138,0.0000,Tx-Rx,0,-74.5059,"7.30900 2.93800 0.90000, -4.75000 -7.25000 0.10000"
139,0.0000,Tx-Rx,0,-75.5487,"7.30900 2.93800 0.90000, -4.45000 -7.25000 0.10000"
140,0.0000,Tx-Rx,0,-74.9037,"7.30900 2.93800 0.90000, -4.15000 -7.25000 0.10000"
141,0.0000,Tx-Rx,0,-78.0008,"7.30900 2.93800 0.90000, -3.85000 -7.25000 0.10000"
142,0.0000,Tx-Rx,0,-80.6009,"7.30900 2.93800 0.90000, -3.55000 -7.25000 0.10000"
143,0.0000,Tx-Rx,0,-78.8541,"7.30900 2.93800 0.90000, -3.25000 -7.25000 0.10000"
144,0.0000,Tx-Rx,0,-77.6187,"7.30900 2.93800 0.90000, -2.95000 -7.25000 0.10000"
145,0.0000,Tx-Rx,0,-75.3987,"7.30900 2.93800 0.90000, -2.65000 -7.25000 0.10000"
146,0.0000,Tx-Rx,0,-78.4008,"7.30900 2.93800 0.90000, -2.35000 -7.25000 0.10000"
147,0.0000,Tx-Rx,0,-77.2376,"7.30900 2.93800 0.90000, -2.05000 -7.25000 0.10000"
148,0.0000,Tx-Rx,0,-80.1594,"7.30900 2.93800 0.90000, -1.75000 -7.25000 0.10000"
149,0.0000,Tx-Rx,0,-80.1880,"7.30900 2.93800 0.90000, -1.45000 -7.25000 0.10000"
150,0.0000,Tx-Rx,0,-80.6012,"7.30900 2.93800 0.90000, -1.15000 -7.25000 0.10000"
151,0.0000,Tx-Rx,0,-81.3831,"7.30900 2.93800 0.90000, -0.85000 -7.25000 0.10000"
152,0.0000,Tx-Rx,0,-78.7348,"7.30900 2.93800 0.90000, -0.55000 -7.25000 0.10000"
153,0.0000,Tx-Rx,0,-73.9836,"7.30900 2.93800 0.90000, -0.25000 -7.25000 0.10000"
154,0.0000,Tx-Rx,0,-68.9491,"7.30900 2.93800 0.90000, 0.05000 -7.25000 0.10000"
155,0.0000,Tx-Rx,0,-67.5290,"7.30900 2.93800 0.90000, 0.35000 -7.25000 0.10000"
156,0.0000,Tx-Rx,0,-67.4363,"7.30900 2.93800 0.90000, 0.65000 -7.25000 0.10000"
157,0.0000,Tx-Rx,0,-67.3739,"7.30900 2.93800 0.90000, 0.95000 -7.25000 0.10000"
158,0.0000,Tx-Rx,0,-67.8128,"7.30900 2.93800 0.90000, 1.25000 -7.25000 0.10000"
159,0.0000,Tx-Rx,0,-67.9918,"7.30900 2.93800 0.90000, 1.55000 -7.25000 0.10000"
160,0.0000,Tx-Rx,0,-68.3394,"7.30900 2.93800 0.90000, 1.85000 -7.25000 0.10000"
161,0.0000,Tx-Rx,0,-67.0816,"7.30900 2.93800 0.90000, 2.15000 -7.25000 0.10000"
162,0.0000,Tx-Rx,0,-67.4334,"7.30900 2.93800 0.90000, 2.45000 -7.25000 0.10000"
163,0.0000,Tx-Rx,0,-75.7678,"7.30900 2.93800 0.90000, 2.75000 -7.25000 0.10000"
164,0.0000,Tx-Rx,0,-83.9228,"7.30900 2.93800 0.90000, 3.05000 -7.25000 0.10000"
165,0.0000,Tx-Rx,0,-83.8505,"7.30900 2.93800 0.90000, 3.35000 -7.25000 0.10000"
166,0.0000,Tx-Rx,0,-70.3118,"7.30900 2.93800 0.90000, 3.65000 -7.25000 0.10000"
167,0.0000,Tx-Rx,0,-67.0207,"7.30900 2.93800 0.90000, 3.95000 -7.25000 0.10000"
168,0.0000,Tx-Rx,0,-64.2165,"7.30900 2.93800 0.90000, 4.25000 -7.25000 0.10000"
169,0.0000,Tx-Rx,0,-69.3902,"7.30900 2.93800 0.90000, 4.55000 -7.25000 0.10000"
170,0.0000,Tx-Rx,0,-72.9462,"7.30900 2.93800 0.90000, 4.85000 -7.25000 0.10000"
171,0.0000,Tx-Rx,0,-68.4076,"7.30900 2.93800 0.90000, 5.15000 -7.25000 0.10000"
172,0.0000,Tx-Rx,0,-62.4631,"7.30900 2.93800 0.90000, 5.45000 -7.25000 0.10000"
173,0.0000,Tx-Rx,0,-52.9361,"7.30900 2.93800 0.90000, 5.75000 -7.25000 0.10000"
174,0.0000,Tx-Rx,0,-53.4736,"7.30900 2.93800 0.90000, 6.05000 -7.25000 0.10000"
175,0.0000,Tx-Rx,0,-53.4172,"7.30900 2.93800 0.90000, 6.35000 -7.25000 0.10000"
176,0.0000,Tx-Rx,0,-51.5097,"7.30900 2.93800 0.90000, 6.65000 -7.25000 0.10000"
177,0.0000,Tx-Rx,0,-51.5368,"7.30900 2.93800 0.90000, 6.95000 -7.25000 0.10000"
178,0.0000,Tx-Rx,0,-52.1663,"7.30900 2.93800 0.90000, 7.25000 -7.25000 0.10000"
179,0.0000,Tx-Rx,0,-52.5294,"7.30900 2.93800 0.90000, 7.55000 -7.25000 0.10000"
180,0.0000,Tx-Rx,0,-52.4777,"7.30900 2.93800 0.90000, 7.85000 -7.25000 0.10000"
181,0.0000,Tx-Rx,0,-120.0000,"7.30900 2.93800 0.90000, -9.85000 -6.95000 0.10000"
182,0.0000,Tx-Rx,0,-116.7886,"7.30900 2.93800 0.90000, -9.55000 -6.95000 0.10000"
183,0.0000,Tx-Rx,0,-116.9518,"7.30900 2.93800 0.90000, -9.25000 -6.95000 0.10000"
184,0.0000,Tx-Rx,0,-120.0000,"7.30900 2.93800 0.90000, -8.95000 -6.95000 0.10000"
185,0.0000,Tx-Rx,0,-120.0000,"7.30900 2.93800 0.90000, -8.65000 -6.95000 0.10000"
186,0.0000,Tx-Rx,0,-97.2098,"7.30900 2.93800 0.90000, -8.35000 -6.95000 0.10000"
187,0.0000,Tx-Rx,0,-82.1313,"7.30900 2.93800 0.90000, -8.05000 -6.95000 0.10000"
188,0.0000,Tx-Rx,0,-77.7298,"7.30900 2.93800 0.90000, -7.75000 -6.95000 0.10000"
189,0.0000,Tx-Rx,0,-78.7372,"7.30900 2.93800 0.90000, -7.45000 -6.95000 0.10000"
190,0.0000,Tx-Rx,0,-80.9551,"7.30900 2.93800 0.90000, -7.15000 -6.95000 0.10000"
191,0.0000,Tx-Rx,0,-78.9073,"7.30900 2.93800 0.90000, -6.85000 -6.95000 0.10000"
192,0.0000,Tx-Rx,0,-76.5535,"7.30900 2.93800 0.90000, -6.55000 -6.95000 0.10000"
193,0.0000,Tx-Rx,0,-77.8470,"7.30900 2.93800 0.90000, -6.25000 -6.95000 0.10000"
194,0.0000,Tx-Rx,0,-75.6349,"7.30900 2.93800 0.90000, -5.95000 -6.95000 0.10000"
195,0.0000,Tx-Rx,0,-74.7999,"7.30900 2.93800 0.90000, -5.65000 -6.95000 0.10000"
196,0.0000,Tx-Rx,0,-73.4269,"7.30900 2.93800 0.90000, -5.35000 -6.95000 0.10000"
197,0.0000,Tx-Rx,0,-73.4060,"7.30900 2.93800 0.90000, -5.05000 -6.95000 0.10000"
198,0.0000,Tx-Rx,0,-74.0907,"7.30900 2.93800 0.90000, -4.75000 -6.95000 0.10000"
199,0.0000,Tx-Rx,0,-74.9398,"7.30900 2.93800 0.90000, -4.45000 -6.95000 0.10000"
200,0.0000,Tx-Rx,0,-75.2522,"7.30900 2.93800 0.90000, -4.15000 -6.95000 0.10000"
201,0.0000,Tx-Rx,0,-75.7558,"7.30900 2.93800 0.90000, -3.85000 -6.95000 0.10000"
202,0.0000,Tx-Rx,0,-76.9522,"7.30900 2.93800 0.90000, -3.55000 -6.95000 0.10000"
203,0.0000,Tx-Rx,0,-74.5705,"7.30900 2.93800 0.90000, -3.25000 -6.95000 0.10000"
204,0.0000,Tx-Rx,0,-76.4177,"7.30900 2.93800 0.90000, -2.95000 -6.95000 0.10000"
205,0.0000,Tx-Rx,0,-80.3649,"7.30900 2.93800 0.90000, -2.65000 -6.95000 0.10000"
206,0.0000,Tx-Rx,0,-79.1597,"7.30900 2.93800 0.90000, -2.35000 -6.95000 0.10000"
207,0.0000,Tx-Rx,0,-75.6022,"7.30900 2.93800 0.90000, -2.05000 -6.95000 0.10000"
208,0.0000,Tx-Rx,0,-79.6784,"7.30900 2.93800 0.90000, -1.75000 -6.95000 0.10000"
209,0.0000,Tx-Rx,0,-80.8326,"7.30900 2.93800 0.90000, -1.45000 -6.95000 0.10000"
210,0.0000,Tx-Rx,0,-81.4280,"7.30900 2.93800 0.90000, -1.15000 -6.95000 0.10000"
211,0.0000,Tx-Rx,0,-78.9213,"7.30900 2.93800 0.90000, -0.85000 -6.95000 0.10000"
212,0.0000,Tx-Rx,0,-74.8607,"7.30900 2.93800 0.90000, -0.55000 -6.95000 0.10000"
213,0.0000,Tx-Rx,0,-79.5899,"7.30900 2.93800 0.90000, -0.25000 -6.95000 0.10000"
214,0.0000,Tx-Rx,0,-69.3163,"7.30900 2.93800 0.90000, 0.05000 -6.95000 0.10000"
215,0.0000,Tx-Rx,0,-67.4898,"7.30900 2.93800 0.90000, 0.35000 -6.95000 0.10000"
216,0.0000,Tx-Rx,0,-67.4885,"7.30900 2.93800 0.90000, 0.65000 -6.95000 0.10000"
217,0.0000,Tx-Rx,0,-67.4498,"7.30900 2.93800 0.90000, 0.95000 -6.95000 0.10000"
218,0.0000,Tx-Rx,0,-67.7756,"7.30900 2.93800 0.90000, 1.25000 -6.95000 0.10000"
219,0.0000,Tx-Rx,0,-67.7978,"7.30900 2.93800 0.90000, 1.55000 -6.95000 0.10000"
220,0.0000,Tx-Rx,0,-66.7588,"7.30900 2.93800 0.90000, 1.85000 -6.95000 0.10000"
221,0.0000,Tx-Rx,0,-66.2195,"7.30900 2.93800 0.90000, 2.15000 -6.95000 0.10000"
222,0.0000,Tx-Rx,0,-65.0139,"7.30900 2.93800 0.90000, 2.45000 -6.95000 0.10000"
223,0.0000,Tx-Rx,0,-69.8959,"7.30900 2.93800 0.90000, 2.75000 -6.95000 0.10000"
224,0.0000,Tx-Rx,0,-69.8442,"7.30900 2.93800 0.90000, 3.05000 -6.95000 0.10000"
225,0.0000,Tx-Rx,0,-69.3682,"7.30900 2.93800 0.90000, 3.35000 -6.95000 0.10000"
226,0.0000,Tx-Rx,0,-64.3267,"7.30900 2.93800 0.90000, 3.65000 -6.95000 0.10000"
227,0.0000,Tx-Rx,0,-64.8067,"7.30900 2.93800 0.90000, 3.95000 -6.95000 0.10000"
228,0.0000,Tx-Rx,0,-66.5399,"7.30900 2.93800 0.90000, 4.25000 -6.95000 0.10000"
229,0.0000,Tx-Rx,0,-69.1480,"7.30900 2.93800 0.90000, 4.55000 -6.95000 0.10000"
230,0.0000,Tx-Rx,0,-70.4341,"7.30900 2.93800 0.90000, 4.85000 -6.95000 0.10000"
231,0.0000,Tx-Rx,0,-67.8464,"7.30900 2.93800 0.90000, 5.15000 -6.95000 0.10000"
232,0.0000,Tx-Rx,0,-60.6997,"7.30900 2.93800 0.90000, 5.45000 -6.95000 0.10000"
233,0.0000,Tx-Rx,0,-52.9291,"7.30900 2.93800 0.90000, 5.75000 -6.95000 0.10000"
234,0.0000,Tx-Rx,0,-53.1875,"7.30900 2.93800 0.90000, 6.05000 -6.95000 0.10000"
235,0.0000,Tx-Rx,0,-52.9336,"7.30900 2.93800 0.90000, 6.35000 -6.95000 0.10000"
236,0.0000,Tx-Rx,0,-51.4173,"7.30900 2.93800 0.90000, 6.65000 -6.95000 0.10000"
237,0.0000,Tx-Rx,0,-51.2475,"7.30900 2.93800 0.90000, 6.95000 -6.95000 0.10000"
238,0.0000,Tx-Rx,0,-52.1406,"7.30900 2.93800 0.90000, 7.25000 -6.95000 0.10000"
239,0.0000,Tx-Rx,0,-52.3966,"7.30900 2.93800 0.90000, 7.55000 -6.95000 0.10000"
240,0.0000,Tx-Rx,0,-52.3039,"7.30900 2.93800 0.90000, 7.85000 -6.95000 0.10000"
241,0.0000,Tx-Rx,0,-112.7683,"7.30900 2.93800 0.90000, -9.85000 -6.65000 0.10000"
242,0.0000,Tx-Rx,0,-120.0000,"7.30900 2.93800 0.90000, -9.55000 -6.65000 0.10000"
243,0.0000,Tx-Rx,0,-111.5408,"7.30900 2.93800 0.90000, -9.25000 -6.65000 0.10000"
244,0.0000,Tx-Rx,0,-113.8727,"7.30900 2.93800 0.90000, -8.95000 -6.65000 0.10000"
245,0.0000,Tx-Rx,0,-109.6028,"7.30900 2.93800 0.90000, -8.65000 -6.65000 0.10000"
246,0.0000,Tx-Rx,0,-112.8827,"7.30900 2.93800 0.90000, -8.35000 -6.65000 0.10000"
247,0.0000,Tx-Rx,0,-86.5259,"7.30900 2.93800 0.90000, -8.05000 -6.65000 0.10000"
248,0.0000,Tx-Rx,0,-78.1968,"7.30900 2.93800 0.90000, -7.75000 -6.65000 0.10000"
249,0.0000,Tx-Rx,0,-77.5852,"7.30900 2.93800 0.90000, -7.45000 -6.65000 0.10000"
250,0.0000,Tx-Rx,0,-77.5542,"7.30900 2.93800 0.90000, -7.15000 -6.65000 0.10000"
251,0.0000,Tx-Rx,0,-80.0148,"7.30900 2.93800 0.90000, -6.85000 -6.65000 0.10000"
252,0.0000,Tx-Rx,0,-79.6702,"7.30900 2.93800 0.90000, -6.55000 -6.65000 0.10000"
253,0.0000,Tx-Rx,0,-74.5583,"7.30900 2.93800 0.90000, -6.25000 -6.65000 0.10000"
254,0.0000,Tx-Rx,0,-76.5260,"7.30900 2.93800 0.90000, -5.95000 -6.65000 0.10000"
255,0.0000,Tx-Rx,0,-73.3699,"7.30900 2.93800 0.90000, -5.65000 -6.65000 0.10000"
256,0.0000,Tx-Rx,0,-73.4565,"7.30900 2.93800 0.90000, -5.35000 -6.65000 0.10000"
257,0.0000,Tx-Rx,0,-73.1564,"7.30900 2.93800 0.90000, -5.05000 -6.65000 0.10000"
258,0.0000,Tx-Rx,0,-73.4384,"7.30900 2.93800 0.90000, -4.75000 -6.65000 0.10000"
259,0.0000,Tx-Rx,0,-74.5343,"7.30900 2.93800 0.90000, -4.45000 -6.65000 0.10000"
260,0.0000,Tx-Rx,0,-75.1863,"7.30900 2.93800 0.90000, -4.15000 -6.65000 0.10000"
261,0.0000,Tx-Rx,0,-72.7370,"7.30900 2.93800 0.90000, -3.85000 -6.65000 0.10000"
262,0.0000,Tx-Rx,0,-73.2164,"7.30900 2.93800 0.90000, -3.55000 -6.65000 0.10000"
263,0.0000,Tx-Rx,0,-77.8223,"7.30900 2.93800 0.90000, -3.25000 -6.65000 0.10000"
264,0.0000,Tx-Rx,0,-81.1029,"7.30900 2.93800 0.90000, -2.95000 -6.65000 0.10000"
265,0.0000,Tx-Rx,0,-79.6723,"7.30900 2.93800 0.90000, -2.65000 -6.65000 0.10000"
266,0.0000,Tx-Rx,0,-79.8185,"7.30900 2.93800 0.90000, -2.35000 -6.65000 0.10000"
267,0.0000,Tx-Rx,0,-76.4457,"7.30900 2.93800 0.90000, -2.05000 -6.65000 0.10000"
268,0.0000,Tx-Rx,0,-79.6708,"7.30900 2.93800 0.90000, -1.75000 -6.65000 0.10000"
269,0.0000,Tx-Rx,0,-79.8352,"7.30900 2.93800 0.90000, -1.45000 -6.65000 0.10000"
270,0.0000,Tx-Rx,0,-78.4625,"7.30900 2.93800 0.90000, -1.15000 -6.65000 0.10000"
271,0.0000,Tx-Rx,0,-74.7428,"7.30900 2.93800 0.90000, -0.85000 -6.65000 0.10000"
272,0.0000,Tx-Rx,0,-78.7812,"7.30900 2.93800 0.90000, -0.55000 -6.65000 0.10000"
273,0.0000,Tx-Rx,0,-81.4261,"7.30900 2.93800 0.90000, -0.25000 -6.65000 0.10000"
274,0.0000,Tx-Rx,0,-69.2656,"7.30900 2.93800 0.90000, 0.05000 -6.65000 0.10000"
275,0.0000,Tx-Rx,0,-67.3768,"7.30900 2.93800 0.90000, 0.35000 -6.65000 0.10000"
276,0.0000,Tx-Rx,0,-67.4745,"7.30900 2.93800 0.90000, 0.65000 -6.65000 0.10000"
277,0.0000,Tx-Rx,0,-67.4364,"7.30900 2.93800 0.90000, 0.95000 -6.65000 0.10000"
278,0.0000,Tx-Rx,0,-67.6326,"7.30900 2.93800 0.90000, 1.25000 -6.65000 0.10000"
279,0.0000,Tx-Rx,0,-67.0716,"7.30900 2.93800 0.90000, 1.55000 -6.65000 0.10000"
280,0.0000,Tx-Rx,0,-65.7920,"7.30900 2.93800 0.90000, 1.85000 -6.65000 0.10000"
281,0.0000,Tx-Rx,0,-65.0614,"7.30900 2.93800 0.90000, 2.15000 -6.65000 0.10000"
282,0.0000,Tx-Rx,0,-64.2948,"7.30900 2.93800 0.90000, 2.45000 -6.65000 0.10000"
283,0.0000,Tx-Rx,0,-64.1608,"7.30900 2.93800 0.90000, 2.75000 -6.65000 0.10000"
284,0.0000,Tx-Rx,0,-63.8317,"7.30900 2.93800 0.90000, 3.05000 -6.65000 0.10000"
285,0.0000,Tx-Rx,0,-62.2019,"7.30900 2.93800 0.90000, 3.35000 -6.65000 0.10000"
286,0.0000,Tx-Rx,0,-63.3579,"7.30900 2.93800 0.90000, 3.65000 -6.65000 0.10000"
287,0.0000,Tx-Rx,0,-65.8751,"7.30900 2.93800 0.90000, 3.95000 -6.65000 0.10000"
288,0.0000,Tx-Rx,0,-67.7905,"7.30900 2.93800 0.90000, 4.25000 -6.65000 0.10000"
289,0.0000,Tx-Rx,0,-69.1604,"7.30900 2.93800 0.90000, 4.55000 -6.65000 0.10000"
290,0.0000,Tx-Rx,0,-67.5957,"7.30900 2.93800 0.90000, 4.85000 -6.65000 0.10000"
291,0.0000,Tx-Rx,0,-64.3437,"7.30900 2.93800 0.90000, 5.15000 -6.65000 0.10000"
292,0.0000,Tx-Rx,0,-58.1765,"7.30900 2.93800 0.90000, 5.45000 -6.65000 0.10000"
293,0.0000,Tx-Rx,0,-53.1283,"7.30900 2.93800 0.90000, 5.75000 -6.65000 0.10000"
294,0.0000,Tx-Rx,0,-52.9676,"7.30900 2.93800 0.90000, 6.05000 -6.65000 0.10000"
295,0.0000,Tx-Rx,0,-52.3145,"7.30900 2.93800 0.90000, 6.35000 -6.65000 0.10000"
296,0.0000,Tx-Rx,0,-51.4385,"7.30900 2.93800 0.90000, 6.65000 -6.65000 0.10000"
297,0.0000,Tx-Rx,0,-51.0201,"7.30900 2.93800 0.90000, 6.95000 -6.65000 0.10000"
298,0.0000,Tx-Rx,0,-52.2133,"7.30900 2.93800 0.90000, 7.25000 -6.65000 0.10000"
299,0.0000,Tx-Rx,0,-52.2500,"7.30900 2.93800 0.90000, 7.55000 -6.65000 0.10000"
300,0.0000,Tx-Rx,0,-52.1430,"7.30900 2.93800 0.90000, 7.85000 -6.65000 0.10000"
301,0.0000,Tx-Rx,0,-116.7102,"7.30900 2.93800 0.90000, -9.85000 -6.35000 0.10000"
302,0.0000,Tx-Rx,0,-110.8607,"7.30900 2.93800 0.90000, -9.55000 -6.35000 0.10000"
303,0.0000,Tx-Rx,0,-111.5973,"7.30900 2.93800 0.90000, -9.25000 -6.35000 0.10000"
304,0.0000,Tx-Rx,0,-110.5724,"7.30900 2.93800 0.90000, -8.95000 -6.35000 0.10000"
305,0.0000,Tx-Rx,0,-120.0000,"7.30900 2.93800 0.90000, -8.65000 -6.35000 0.10000"
306,0.0000,Tx-Rx,0,-103.8118,"7.30900 2.93800 0.90000, -8.35000 -6.35000 0.10000"
307,0.0000,Tx-Rx,0,-89.6737,"7.30900 2.93800 0.90000, -8.05000 -6.35000 0.10000"
308,0.0000,Tx-Rx,0,-81.3000,"7.30900 2.93800 0.90000, -7.75000 -6.35000 0.10000"
309,0.0000,Tx-Rx,0,-79.7406,"7.30900 2.93800 0.90000, -7.45000 -6.35000 0.10000"
310,0.0000,Tx-Rx,0,-76.4797,"7.30900 2.93800 0.90000, -7.15000 -6.35000 0.10000"
311,0.0000,Tx-Rx,0,-76.0126,"7.30900 2.93800 0.90000, -6.85000 -6.35000 0.10000"
312,0.0000,Tx-Rx,0,-76.6885,"7.30900 2.93800 0.90000, -6.55000 -6.35000 0.10000"
313,0.0000,Tx-Rx,0,-74.3376,"7.30900 2.93800 0.90000, -6.25000 -6.35000 0.10000"
314,0.0000,Tx-Rx,0,-74.3865,"7.30900 2.93800 0.90000, -5.95000 -6.35000 0.10000"
315,0.0000,Tx-Rx,0,-73.8304,"7.30900 2.93800 0.90000, -5.65000 -6.35000 0.10000"
316,0.0000,Tx-Rx,0,-72.8642,"7.30900 2.93800 0.90000, -5.35000 -6.35000 0.10000"
317,0.0000,Tx-Rx,0,-72.4427,"7.30900 2.93800 0.90000, -5.05000 -6.35000 0.10000"
318,0.0000,Tx-Rx,0,-72.5810,"7.30900 2.93800 0.90000, -4.75000 -6.35000 0.10000"
319,0.0000,Tx-Rx,0,-72.9536,"7.30900 2.93800 0.90000, -4.45000 -6.35000 0.10000"
320,0.0000,Tx-Rx,0,-72.1622,"7.30900 2.93800 0.90000, -4.15000 -6.35000 0.10000"
321,0.0000,Tx-Rx,0,-72.6085,"7.30900 2.93800 0.90000, -3.85000 -6.35000 0.10000"
322,0.0000,Tx-Rx,0,-74.5581,"7.30900 2.93800 0.90000, -3.55000 -6.35000 0.10000"
323,0.0000,Tx-Rx,0,-78.4460,"7.30900 2.93800 0.90000, -3.25000 -6.35000 0.10000"
324,0.0000,Tx-Rx,0,-77.4346,"7.30900 2.93800 0.90000, -2.95000 -6.35000 0.10000"
325,0.0000,Tx-Rx,0,-77.2386,"7.30900 2.93800 0.90000, -2.65000 -6.35000 0.10000"
326,0.0000,Tx-Rx,0,-78.4061,"7.30900 2.93800 0.90000, -2.35000 -6.35000 0.10000"
327,0.0000,Tx-Rx,0,-73.9249,"7.30900 2.93800 0.90000, -2.05000 -6.35000 0.10000"
328,0.0000,Tx-Rx,0,-80.7033,"7.30900 2.93800 0.90000, -1.75000 -6.35000 0.10000"
329,0.0000,Tx-Rx,0,-79.5722,"7.30900 2.93800 0.90000, -1.45000 -6.35000 0.10000"
330,0.0000,Tx-Rx,0,-74.8895,"7.30900 2.93800 0.90000, -1.15000 -6.35000 0.10000"
331,0.0000,Tx-Rx,0,-79.0016,"7.30900 2.93800 0.90000, -0.85000 -6.35000 0.10000"
332,0.0000,Tx-Rx,0,-79.8208,"7.30900 2.93800 0.90000, -0.55000 -6.35000 0.10000"
333,0.0000,Tx-Rx,0,-81.3735,"7.30900 2.93800 0.90000, -0.25000 -6.35000 0.10000"
334,0.0000,Tx-Rx,0,-69.1099,"7.30900 2.93800 0.90000, 0.05000 -6.35000 0.10000"
335,0.0000,Tx-Rx,0,-67.3936,"7.30900 2.93800 0.90000, 0.35000 -6.35000 0.10000"
336,0.0000,Tx-Rx,0,-67.3268,"7.30900 2.93800 0.90000, 0.65000 -6.35000 0.10000"
337,0.0000,Tx-Rx,0,-67.4010,"7.30900 2.93800 0.90000, 0.95000 -6.35000 0.10000"
338,0.0000,Tx-Rx,0,-66.6908,"7.30900 2.93800 0.90000, 1.25000 -6.35000 0.10000"
339,0.0000,Tx-Rx,0,-65.3864,"7.30900 2.93800 0.90000, 1.55000 -6.35000 0.10000"
340,0.0000,Tx-Rx,0,-64.9073,"7.30900 2.93800 0.90000, 1.85000 -6.35000 0.10000"
341,0.0000,Tx-Rx,0,-64.4158,"7.30900 2.93800 0.90000, 2.15000 -6.35000 0.10000"
342,0.0000,Tx-Rx,0,-64.1591,"7.30900 2.93800 0.90000, 2.45000 -6.35000 0.10000"
343,0.0000,Tx-Rx,0,-63.7998,"7.30900 2.93800 0.90000, 2.75000 -6.35000 0.10000"
344,0.0000,Tx-Rx,0,-62.0595,"7.30900 2.93800 0.90000, 3.05000 -6.35000 0.10000"
345,0.0000,Tx-Rx,0,-63.3946,"7.30900 2.93800 0.90000, 3.35000 -6.35000 0.10000"
346,0.0000,Tx-Rx,0,-64.6147,"7.30900 2.93800 0.90000, 3.65000 -6.35000 0.10000"
347,0.0000,Tx-Rx,0,-65.0958,"7.30900 2.93800 0.90000, 3.95000 -6.35000 0.10000"
348,0.0000,Tx-Rx,0,-70.2847,"7.30900 2.93800 0.90000, 4.25000 -6.35000 0.10000"
349,0.0000,Tx-Rx,0,-69.3433,"7.30900 2.93800 0.90000, 4.55000 -6.35000 0.10000"
350,0.0000,Tx-Rx,0,-68.7525,"7.30900 2.93800 0.90000, 4.85000 -6.35000 0.10000"
351,0.0000,Tx-Rx,0,-63.8362,"7.30900 2.93800 0.90000, 5.15000 -6.35000 0.10000"
352,0.0000,Tx-Rx,0,-59.1629,"7.30900 2.93800 0.90000, 5.45000 -6.35000 0.10000"
353,0.0000,Tx-Rx,0,-53.4599,"7.30900 2.93800 0.90000, 5.75000 -6.35000 0.10000"
354,0.0000,Tx-Rx,0,-52.7109,"7.30900 2.93800 0.90000, 6.05000 -6.35000 0.10000"
355,0.0000,Tx-Rx,0,-51.8714,"7.30900 2.93800 0.90000, 6.35000 -6.35000 0.10000"
356,0.0000,Tx-Rx,0,-51.1665,"7.30900 2.93800 0.90000, 6.65000 -6.35000 0.10000"
357,0.0000,Tx-Rx,0,-51.0749,"7.30900 2.93800 0.90000, 6.95000 -6.35000 0.10000"
358,0.0000,Tx-Rx,0,-52.1897,"7.30900 2.93800 0.90000, 7.25000 -6.35000 0.10000"
359,0.0000,Tx-Rx,0,-52.0576,"7.30900 2.93800 0.90000, 7.55000 -6.35000 0.10000"
360,0.0000,Tx-Rx,0,-52.0401,"7.30900 2.93800 0.90000, 7.85000 -6.35000 0.10000"
361,0.0000,Tx-Rx,0,-116.6109,"7.30900 2.93800 0.90000, -9.85000 -6.05000 0.10000"
362,0.0000,Tx-Rx,0,-116.5655,"7.30900 2.93800 0.90000, -9.55000 -6.05000 0.10000"
363,0.0000,Tx-Rx,0,-116.3802,"7.30900 2.93800 0.90000, -9.25000 -6.05000 0.10000"
364,0.0000,Tx-Rx,0,-108.2564,"7.30900 2.93800 0.90000, -8.95000 -6.05000 0.10000"
365,0.0000,Tx-Rx,0,-113.5053,"7.30900 2.93800 0.90000, -8.65000 -6.05000 0.10000"
366,0.0000,Tx-Rx,0,-111.5075,"7.30900 2.93800 0.90000, -8.35000 -6.05000 0.10000"
367,0.0000,Tx-Rx,0,-87.3161,"7.30900 2.93800 0.90000, -8.05000 -6.05000 0.10000"
368,0.0000,Tx-Rx,0,-82.5804,"7.30900 2.93800 0.90000, -7.75000 -6.05000 0.10000"
369,0.0000,Tx-Rx,0,-82.9119,"7.30900 2.93800 0.90000, -7.45000 -6.05000 0.10000"
370,0.0000,Tx-Rx,0,-82.2222,"7.30900 2.93800 0.90000, -7.15000 -6.05000 0.10000"
371,0.0000,Tx-Rx,0,-80.8416,"7.30900 2.93800 0.90000, -6.85000 -6.05000 0.10000"
372,0.0000,Tx-Rx,0,-77.3449,"7.30900 2.93800 0.90000, -6.55000 -6.05000 0.10000"
373,0.0000,Tx-Rx,0,-75.5927,"7.30900 2.93800 0.90000, -6.25000 -6.05000 0.10000"
374,0.0000,Tx-Rx,0,-72.8095,"7.30900 2.93800 0.90000, -5.95000 -6.05000 0.10000"
375,0.0000,Tx-Rx,0,-73.2524,"7.30900 2.93800 0.90000, -5.65000 -6.05000 0.10000"
376,0.0000,Tx-Rx,0,-72.3897,"7.30900 2.93800 0.90000, -5.35000 -6.05000 0.10000"
377,0.0000,Tx-Rx,0,-72.5223,"7.30900 2.93800 0.90000, -5.05000 -6.05000 0.10000"
378,0.0000,Tx-Rx,0,-70.5140,"7.30900 2.93800 0.90000, -4.75000 -6.05000 0.10000"
379,0.0000,Tx-Rx,0,-71.0935,"7.30900 2.93800 0.90000, -4.45000 -6.05000 0.10000"
380,0.0000,Tx-Rx,0,-71.9064,"7.30900 2.93800 0.90000, -4.15000 -6.05000 0.10000"
381,0.0000,Tx-Rx,0,-73.5485,"7.30900 2.93800 0.90000, -3.85000 -6.05000 0.10000"
382,0.0000,Tx-Rx,0,-74.2423,"7.30900 2.93800 0.90000, -3.55000 -6.05000 0.10000"
383,0.0000,Tx-Rx,0,-77.1911,"7.30900 2.93800 0.90000, -3.25000 -6.05000 0.10000"
384,0.0000,Tx-Rx,0,-78.2119,"7.30900 2.93800 0.90000, -2.95000 -6.05000 0.10000"
385,0.0000,Tx-Rx,0,-77.9804,"7.30900 2.93800 0.90000, -2.65000 -6.05000 0.10000"
386,0.0000,Tx-Rx,0,-79.9417,"7.30900 2.93800 0.90000, -2.35000 -6.05000 0.10000"
387,0.0000,Tx-Rx,0,-80.6806,"7.30900 2.93800 0.90000, -2.05000 -6.05000 0.10000"
388,0.0000,Tx-Rx,0,-75.3643,"7.30900 2.93800 0.90000, -1.75000 -6.05000 0.10000"
389,0.0000,Tx-Rx,0,-75.3806,"7.30900 2.93800 0.90000, -1.45000 -6.05000 0.10000"
390,0.0000,Tx-Rx,0,-77.8715,"7.30900 2.93800 0.90000, -1.15000 -6.05000 0.10000"
391,0.0000,Tx-Rx,0,-79.1028,"7.30900 2.93800 0.90000, -0.85000 -6.05000 0.10000"
392,0.0000,Tx-Rx,0,-79.4341,"7.30900 2.93800 0.90000, -0.55000 -6.05000 0.10000"
393,0.0000,Tx-Rx,0,-78.4541,"7.30900 2.93800 0.90000, -0.25000 -6.05000 0.10000"
394,0.0000,Tx-Rx,0,-68.8529,"7.30900 2.93800 0.90000, 0.05000 -6.05000 0.10000"
395,0.0000,Tx-Rx,0,-67.3451,"7.30900 2.93800 0.90000, 0.35000 -6.05000 0.10000"
396,0.0000,Tx-Rx,0,-67.2357,"7.30900 2.93800 0.90000, 0.65000 -6.05000 0.10000"
397,0.0000,Tx-Rx,0,-66.8952,"7.30900 2.93800 0.90000, 0.95000 -6.05000 0.10000"
398,0.0000,Tx-Rx,0,-65.0403,"7.30900 2.93800 0.90000, 1.25000 -6.05000 0.10000"
399,0.0000,Tx-Rx,0,-64.6052,"7.30900 2.93800 0.90000, 1.55000 -6.05000 0.10000"
400,0.0000,Tx-Rx,0,-64.4607,"7.30900 2.93800 0.90000, 1.85000 -6.05000 0.10000"
401,0.0000,Tx-Rx,0,-64.1021,"7.30900 2.93800 0.90000, 2.15000 -6.05000 0.10000"
402,0.0000,Tx-Rx,0,-63.6774,"7.30900 2.93800 0.90000, 2.45000 -6.05000 0.10000"
403,0.0000,Tx-Rx,0,-62.0751,"7.30900 2.93800 0.90000, 2.75000 -6.05000 0.10000"
404,0.0000,Tx-Rx,0,-63.7427,"7.30900 2.93800 0.90000, 3.05000 -6.05000 0.10000"
405,0.0000,Tx-Rx,0,-64.6728,"7.30900 2.93800 0.90000, 3.35000 -6.05000 0.10000"
406,0.0000,Tx-Rx,0,-64.4914,"7.30900 2.93800 0.90000, 3.65000 -6.05000 0.10000"
407,0.0000,Tx-Rx,0,-65.3420,"7.30900 2.93800 0.90000, 3.95000 -6.05000 0.10000"
408,0.0000,Tx-Rx,0,-68.9147,"7.30900 2.93800 0.90000, 4.25000 -6.05000 0.10000"
409,0.0000,Tx-Rx,0,-69.0932,"7.30900 2.93800 0.90000, 4.55000 -6.05000 0.10000"
410,0.0000,Tx-Rx,0,-67.9780,"7.30900 2.93800 0.90000, 4.85000 -6.05000 0.10000"
411,0.0000,Tx-Rx,0,-63.5756,"7.30900 2.93800 0.90000, 5.15000 -6.05000 0.10000"
412,0.0000,Tx-Rx,0,-60.5701,"7.30900 2.93800 0.90000, 5.45000 -6.05000 0.10000"
413,0.0000,Tx-Rx,0,-55.2082,"7.30900 2.93800 0.90000, 5.75000 -6.05000 0.10000"
414,0.0000,Tx-Rx,0,-55.2036,"7.30900 2.93800 0.90000, 6.05000 -6.05000 0.10000"
415,0.0000,Tx-Rx,0,-54.4354,"7.30900 2.93800 0.90000, 6.35000 -6.05000 0.10000"
416,0.0000,Tx-Rx,0,-53.3484,"7.30900 2.93800 0.90000, 6.65000 -6.05000 0.10000"
417,0.0000,Tx-Rx,0,-54.2698,"7.30900 2.93800 0.90000, 6.95000 -6.05000 0.10000"
418,0.0000,Tx-Rx,0,-56.1349,"7.30900 2.93800 0.90000, 7.25000 -6.05000 0.10000"
419,0.0000,Tx-Rx,0,-55.4183,"7.30900 2.93800 0.90000, 7.55000 -6.05000 0.10000"
420,0.0000,Tx-Rx,0,-56.0448,"7.30900 2.93800 0.90000, 7.85000 -6.05000 0.10000"
421,0.0000,Tx-Rx,0,-114.9416,"7.30900 2.93800 0.90000, -9.85000 -5.75000 0.10000"
422,0.0000,Tx-Rx,0,-113.8517,"7.30900 2.93800 0.90000, -9.55000 -5.75000 0.10000"
423,0.0000,Tx-Rx,0,-111.9537,"7.30900 2.93800 0.90000, -9.25000 -5.75000 0.10000"
424,0.0000,Tx-Rx,0,-112.0190,"7.30900 2.93800 0.90000, -8.95000 -5.75000 0.10000"
425,0.0000,Tx-Rx,0,-113.9209,"7.30900 2.93800 0.90000, -8.65000 -5.75000 0.10000"
426,0.0000,Tx-Rx,0,-114.9833,"7.30900 2.93800 0.90000, -8.35000 -5.75000 0.10000"
427,0.0000,Tx-Rx,0,-85.4784,"7.30900 2.93800 0.90000, -8.05000 -5.75000 0.10000"
428,0.0000,Tx-Rx,0,-82.7033,"7.30900 2.93800 0.90000, -7.75000 -5.75000 0.10000"
429,0.0000,Tx-Rx,0,-80.5087,"7.30900 2.93800 0.90000, -7.45000 -5.75000 0.10000"
430,0.0000,Tx-Rx,0,-83.3048,"7.30900 2.93800 0.90000, -7.15000 -5.75000 0.10000"
431,0.0000,Tx-Rx,0,-82.4286,"7.30900 2.93800 0.90000, -6.85000 -5.75000 0.10000"
432,0.0000,Tx-Rx,0,-80.1775,"7.30900 2.93800 0.90000, -6.55000 -5.75000 0.10000"
433,0.0000,Tx-Rx,0,-82.9561,"7.30900 2.93800 0.90000, -6.25000 -5.75000 0.10000"
434,0.0000,Tx-Rx,0,-77.1720,"7.30900 2.93800 0.90000, -5.95000 -5.75000 0.10000"
435,0.0000,Tx-Rx,0,-72.9532,"7.30900 2.93800 0.90000, -5.65000 -5.75000 0.10000"
436,0.0000,Tx-Rx,0,-71.8979,"7.30900 2.93800 0.90000, -5.35000 -5.75000 0.10000"
437,0.0000,Tx-Rx,0,-70.5185,"7.30900 2.93800 0.90000, -5.05000 -5.75000 0.10000"
438,0.0000,Tx-Rx,0,-71.2227,"7.30900 2.93800 0.90000, -4.75000 -5.75000 0.10000"
439,0.0000,Tx-Rx,0,-70.7988,"7.30900 2.93800 0.90000, -4.45000 -5.75000 0.10000"
440,0.0000,Tx-Rx,0,-71.3932,"7.30900 2.93800 0.90000, -4.15000 -5.75000 0.10000"
441,0.0000,Tx-Rx,0,-72.7484,"7.30900 2.93800 0.90000, -3.85000 -5.75000 0.10000"
442,0.0000,Tx-Rx,0,-73.1260,"7.30900 2.93800 0.90000, -3.55000 -5.75000 0.10000"
443,0.0000,Tx-Rx,0,-74.2938,"7.30900 2.93800 0.90000, -3.25000 -5.75000 0.10000"
444,0.0000,Tx-Rx,0,-78.6132,"7.30900 2.93800 0.90000, -2.95000 -5.75000 0.10000"
445,0.0000,Tx-Rx,0,-79.6581,"7.30900 2.93800 0.90000, -2.65000 -5.75000 0.10000"
446,0.0000,Tx-Rx,0,-80.4314,"7.30900 2.93800 0.90000, -2.35000 -5.75000 0.10000"
447,0.0000,Tx-Rx,0,-78.4703,"7.30900 2.93800 0.90000, -2.05000 -5.75000 0.10000"
448,0.0000,Tx-Rx,0,-72.8628,"7.30900 2.93800 0.90000, -1.75000 -5.75000 0.10000"
449,0.0000,Tx-Rx,0,-77.3580,"7.30900 2.93800 0.90000, -1.45000 -5.75000 0.10000"
450,0.0000,Tx-Rx,0,-76.3104,"7.30900 2.93800 0.90000, -1.15000 -5.75000 0.10000"
451,0.0000,Tx-Rx,0,-76.0785,"7.30900 2.93800 0.90000, -0.85000 -5.75000 0.10000"
452,0.0000,Tx-Rx,0,-78.4944,"7.30900 2.93800 0.90000, -0.55000 -5.75000 0.10000"
453,0.0000,Tx-Rx,0,-79.3918,"7.30900 2.93800 0.90000, -0.25000 -5.75000 0.10000"
454,0.0000,Tx-Rx,0,-68.8305,"7.30900 2.93800 0.90000, 0.05000 -5.75000 0.10000"
455,0.0000,Tx-Rx,0,-67.2582,"7.30900 2.93800 0.90000, 0.35000 -5.75000 0.10000"
456,0.0000,Tx-Rx,0,-66.9446,"7.30900 2.93800 0.90000, 0.65000 -5.75000 0.10000"
457,0.0000,Tx-Rx,0,-65.1145,"7.30900 2.93800 0.90000, 0.95000 -5.75000 0.10000"
458,0.0000,Tx-Rx,0,-64.5739,"7.30900 2.93800 0.90000, 1.25000 -5.75000 0.10000"
459,0.0000,Tx-Rx,0,-64.1072,"7.30900 2.93800 0.90000, 1.55000 -5.75000 0.10000"
460,0.0000,Tx-Rx,0,-64.2865,"7.30900 2.93800 0.90000, 1.85000 -5.75000 0.10000"
461,0.0000,Tx-Rx,0,-63.2535,"7.30900 2.93800 0.90000, 2.15000 -5.75000 0.10000"
462,0.0000,Tx-Rx,0,-62.0310,"7.30900 2.93800 0.90000, 2.45000 -5.75000 0.10000"
463,0.0000,Tx-Rx,0,-63.9539,"7.30900 2.93800 0.90000, 2.75000 -5.75000 0.10000"
464,0.0000,Tx-Rx,0,-64.8518,"7.30900 2.93800 0.90000, 3.05000 -5.75000 0.10000"
465,0.0000,Tx-Rx,0,-64.8958,"7.30900 2.93800 0.90000, 3.35000 -5.75000 0.10000"
466,0.0000,Tx-Rx,0,-65.2144,"7.30900 2.93800 0.90000, 3.65000 -5.75000 0.10000"
467,0.0000,Tx-Rx,0,-65.1854,"7.30900 2.93800 0.90000, 3.95000 -5.75000 0.10000"
468,0.0000,Tx-Rx,0,-66.3830,"7.30900 2.93800 0.90000, 4.25000 -5.75000 0.10000"
469,0.0000,Tx-Rx,0,-68.1187,"7.30900 2.93800 0.90000, 4.55000 -5.75000 0.10000"
470,0.0000,Tx-Rx,0,-67.1786,"7.30900 2.93800 0.90000, 4.85000 -5.75000 0.10000"
471,0.0000,Tx-Rx,0,-64.3957,"7.30900 2.93800 0.90000, 5.15000 -5.75000 0.10000"
472,0.0000,Tx-Rx,0,-60.5828,"7.30900 2.93800 0.90000, 5.45000 -5.75000 0.10000"
473,0.0000,Tx-Rx,0,-56.5020,"7.30900 2.93800 0.90000, 5.75000 -5.75000 0.10000"
474,0.0000,Tx-Rx,0,-56.2353,"7.30900 2.93800 0.90000, 6.05000 -5.75000 0.10000"
475,0.0000,Tx-Rx,0,-55.2115,"7.30900 2.93800 0.90000, 6.35000 -5.75000 0.10000"
476,0.0000,Tx-Rx,0,-54.2276,"7.30900 2.93800 0.90000, 6.65000 -5.75000 0.10000"
477,0.0000,Tx-Rx,0,-56.7430,"7.30900 2.93800 0.90000, 6.95000 -5.75000 0.10000"
478,0.0000,Tx-Rx,0,-58.6145,"7.30900 2.93800 0.90000, 7.25000 -5.75000 0.10000"
479,0.0000,Tx-Rx,0,-57.9329,"7.30900 2.93800 0.90000, 7.55000 -5.75000 0.10000"
480,0.0000,Tx-Rx,0,-58.1137,"7.30900 2.93800 0.90000, 7.85000 -5.75000 0.10000"
481,0.0000,Tx-Rx,0,-99.9023,"7.30900 2.93800 0.90000, -9.85000 -5.45000 0.10000"
482,0.0000,Tx-Rx,0,-111.4194,"7.30900 2.93800 0.90000, -9.55000 -5.45000 0.10000"
483,0.0000,Tx-Rx,0,-111.4110,"7.30900 2.93800 0.90000, -9.25000 -5.45000 0.10000"
484,0.0000,Tx-Rx,0,-111.5714,"7.30900 2.93800 0.90000, -8.95000 -5.45000 0.10000"
485,0.0000,Tx-Rx,0,-120.0000,"7.30900 2.93800 0.90000, -8.65000 -5.45000 0.10000"
486,0.0000,Tx-Rx,0,-120.0000,"7.30900 2.93800 0.90000, -8.35000 -5.45000 0.10000"
487,0.0000,Tx-Rx,0,-86.8189,"7.30900 2.93800 0.90000, -8.05000 -5.45000 0.10000"
488,0.0000,Tx-Rx,0,-80.3465,"7.30900 2.93800 0.90000, -7.75000 -5.45000 0.10000"
489,0.0000,Tx-Rx,0,-81.4678,"7.30900 2.93800 0.90000, -7.45000 -5.45000 0.10000"
490,0.0000,Tx-Rx,0,-82.7340,"7.30900 2.93800 0.90000, -7.15000 -5.45000 0.10000"
491,0.0000,Tx-Rx,0,-81.0398,"7.30900 2.93800 0.90000, -6.85000 -5.45000 0.10000"
492,0.0000,Tx-Rx,0,-80.8947,"7.30900 2.93800 0.90000, -6.55000 -5.45000 0.10000"
493,0.0000,Tx-Rx,0,-79.3162,"7.30900 2.93800 0.90000, -6.25000 -5.45000 0.10000"
494,0.0000,Tx-Rx,0,-75.8778,"7.30900 2.93800 0.90000, -5.95000 -5.45000 0.10000"
495,0.0000,Tx-Rx,0,-72.6531,"7.30900 2.93800 0.90000, -5.65000 -5.45000 0.10000"
496,0.0000,Tx-Rx,0,-72.8636,"7.30900 2.93800 0.90000, -5.35000 -5.45000 0.10000"
497,0.0000,Tx-Rx,0,-72.8174,"7.30900 2.93800 0.90000, -5.05000 -5.45000 0.10000"
498,0.0000,Tx-Rx,0,-70.7523,"7.30900 2.93800 0.90000, -4.75000 -5.45000 0.10000"
499,0.0000,Tx-Rx,0,-70.8588,"7.30900 2.93800 0.90000, -4.45000 -5.45000 0.10000"
500,0.0000,Tx-Rx,0,-71.7984,"7.30900 2.93800 0.90000, -4.15000 -5.45000 0.10000"
501,0.0000,Tx-Rx,0,-72.4596,"7.30900 2.93800 0.90000, -3.85000 -5.45000 0.10000"
502,0.0000,Tx-Rx,0,-72.7108,"7.30900 2.93800 0.90000, -3.55000 -5.45000 0.10000"
503,0.0000,Tx-Rx,0,-72.7645,"7.30900 2.93800 0.90000, -3.25000 -5.45000 0.10000"
504,0.0000,Tx-Rx,0,-74.3715,"7.30900 2.93800 0.90000, -2.95000 -5.45000 0.10000"
505,0.0000,Tx-Rx,0,-77.6586,"7.30900 2.93800 0.90000, -2.65000 -5.45000 0.10000"
506,0.0000,Tx-Rx,0,-76.2147,"7.30900 2.93800 0.90000, -2.35000 -5.45000 0.10000"
507,0.0000,Tx-Rx,0,-74.9850,"7.30900 2.93800 0.90000, -2.05000 -5.45000 0.10000"
508,0.0000,Tx-Rx,0,-75.9607,"7.30900 2.93800 0.90000, -1.75000 -5.45000 0.10000"
509,0.0000,Tx-Rx,0,-76.3290,"7.30900 2.93800 0.90000, -1.45000 -5.45000 0.10000"
510,0.0000,Tx-Rx,0,-77.4162,"7.30900 2.93800 0.90000, -1.15000 -5.45000 0.10000"
511,0.0000,Tx-Rx,0,-77.6330,"7.30900 2.93800 0.90000, -0.85000 -5.45000 0.10000"
512,0.0000,Tx-Rx,0,-77.9410,"7.30900 2.93800 0.90000, -0.55000 -5.45000 0.10000"
513,0.0000,Tx-Rx,0,-77.3347,"7.30900 2.93800 0.90000, -0.25000 -5.45000 0.10000"
514,0.0000,Tx-Rx,0,-68.4610,"7.30900 2.93800 0.90000, 0.05000 -5.45000 0.10000"
515,0.0000,Tx-Rx,0,-66.9400,"7.30900 2.93800 0.90000, 0.35000 -5.45000 0.10000"
516,0.0000,Tx-Rx,0,-65.0344,"7.30900 2.93800 0.90000, 0.65000 -5.45000 0.10000"
517,0.0000,Tx-Rx,0,-64.7907,"7.30900 2.93800 0.90000, 0.95000 -5.45000 0.10000"
518,0.0000,Tx-Rx,0,-64.0577,"7.30900 2.93800 0.90000, 1.25000 -5.45000 0.10000"
519,0.0000,Tx-Rx,0,-63.7192,"7.30900 2.93800 0.90000, 1.55000 -5.45000 0.10000"
520,0.0000,Tx-Rx,0,-63.2483,"7.30900 2.93800 0.90000, 1.85000 -5.45000 0.10000"
521,0.0000,Tx-Rx,0,-62.1176,"7.30900 2.93800 0.90000, 2.15000 -5.45000 0.10000"
522,0.0000,Tx-Rx,0,-64.5088,"7.30900 2.93800 0.90000, 2.45000 -5.45000 0.10000"
523,0.0000,Tx-Rx,0,-65.2288,"7.30900 2.93800 0.90000, 2.75000 -5.45000 0.10000"
524,0.0000,Tx-Rx,0,-65.2591,"7.30900 2.93800 0.90000, 3.05000 -5.45000 0.10000"
525,0.0000,Tx-Rx,0,-66.1731,"7.30900 2.93800 0.90000, 3.35000 -5.45000 0.10000"
526,0.0000,Tx-Rx,0,-66.5245,"7.30900 2.93800 0.90000, 3.65000 -5.45000 0.10000"
527,0.0000,Tx-Rx,0,-65.7416,"7.30900 2.93800 0.90000, 3.95000 -5.45000 0.10000"
528,0.0000,Tx-Rx,0,-64.2890,"7.30900 2.93800 0.90000, 4.25000 -5.45000 0.10000"
529,0.0000,Tx-Rx,0,-67.1918,"7.30900 2.93800 0.90000, 4.55000 -5.45000 0.10000"
530,0.0000,Tx-Rx,0,-66.8315,"7.30900 2.93800 0.90000, 4.85000 -5.45000 0.10000"
531,0.0000,Tx-Rx,0,-65.9272,"7.30900 2.93800 0.90000, 5.15000 -5.45000 0.10000"
532,0.0000,Tx-Rx,0,-60.5449,"7.30900 2.93800 0.90000, 5.45000 -5.45000 0.10000"
533,0.0000,Tx-Rx,0,-58.2181,"7.30900 2.93800 0.90000, 5.75000 -5.45000 0.10000"
534,0.0000,Tx-Rx,0,-55.4131,"7.30900 2.93800 0.90000, 6.05000 -5.45000 0.10000"
535,0.0000,Tx-Rx,0,-54.5100,"7.30900 2.93800 0.90000, 6.35000 -5.45000 0.10000"
536,0.0000,Tx-Rx,0,-54.1195,"7.30900 2.93800 0.90000, 6.65000 -5.45000 0.10000"
537,0.0000,Tx-Rx,0,-57.9240,"7.30900 2.93800 0.90000, 6.95000 -5.45000 0.10000"
538,0.0000,Tx-Rx,0,-58.3698,"7.30900 2.93800 0.90000, 7.25000 -5.45000 0.10000"
539,0.0000,Tx-Rx,0,-58.0938,"7.30900 2.93800 0.90000, 7.55000 -5.45000 0.10000"
540,0.0000,Tx-Rx,0,-57.7983,"7.30900 2.93800 0.90000, 7.85000 -5.45000 0.10000"
541,0.0000,Tx-Rx,0,-94.5604,"7.30900 2.93800 0.90000, -9.85000 -5.15000 0.10000"
542,0.0000,Tx-Rx,0,-97.7850,"7.30900 2.93800 0.90000, -9.55000 -5.15000 0.10000"
543,0.0000,Tx-Rx,0,-110.1492,"7.30900 2.93800 0.90000, -9.25000 -5.15000 0.10000"
544,0.0000,Tx-Rx,0,-120.0000,"7.30900 2.93800 0.90000, -8.95000 -5.15000 0.10000"
545,0.0000,Tx-Rx,0,-98.8905,"7.30900 2.93800 0.90000, -8.65000 -5.15000 0.10000"
546,0.0000,Tx-Rx,0,-114.8742,"7.30900 2.93800 0.90000, -8.35000 -5.15000 0.10000"
547,0.0000,Tx-Rx,0,-82.6420,"7.30900 2.93800 0.90000, -8.05000 -5.15000 0.10000"
548,0.0000,Tx-Rx,0,-79.9957,"7.30900 2.93800 0.90000, -7.75000 -5.15000 0.10000"
549,0.0000,Tx-Rx,0,-82.9443,"7.30900 2.93800 0.90000, -7.45000 -5.15000 0.10000"
550,0.0000,Tx-Rx,0,-80.9889,"7.30900 2.93800 0.90000, -7.15000 -5.15000 0.10000"
551,0.0000,Tx-Rx,0,-80.1155,"7.30900 2.93800 0.90000, -6.85000 -5.15000 0.10000"
552,0.0000,Tx-Rx,0,-78.9991,"7.30900 2.93800 0.90000, -6.55000 -5.15000 0.10000"
553,0.0000,Tx-Rx,0,-74.6618,"7.30900 2.93800 0.90000, -6.25000 -5.15000 0.10000"
554,0.0000,Tx-Rx,0,-75.4082,"7.30900 2.93800 0.90000, -5.95000 -5.15000 0.10000"
555,0.0000,Tx-Rx,0,-76.7819,"7.30900 2.93800 0.90000, -5.65000 -5.15000 0.10000"
556,0.0000,Tx-Rx,0,-73.9639,"7.30900 2.93800 0.90000, -5.35000 -5.15000 0.10000"
557,0.0000,Tx-Rx,0,-73.2093,"7.30900 2.93800 0.90000, -5.05000 -5.15000 0.10000"
558,0.0000,Tx-Rx,0,-71.6974,"7.30900 2.93800 0.90000, -4.75000 -5.15000 0.10000"
559,0.0000,Tx-Rx,0,-71.4308,"7.30900 2.93800 0.90000, -4.45000 -5.15000 0.10000"
560,0.0000,Tx-Rx,0,-71.1408,"7.30900 2.93800 0.90000, -4.15000 -5.15000 0.10000"
561,0.0000,Tx-Rx,0,-72.2392,"7.30900 2.93800 0.90000, -3.85000 -5.15000 0.10000"
562,0.0000,Tx-Rx,0,-73.1255,"7.30900 2.93800 0.90000, -3.55000 -5.15000 0.10000"
563,0.0000,Tx-Rx,0,-72.5045,"7.30900 2.93800 0.90000, -3.25000 -5.15000 0.10000"
564,0.0000,Tx-Rx,0,-72.4045,"7.30900 2.93800 0.90000, -2.95000 -5.15000 0.10000"
565,0.0000,Tx-Rx,0,-74.3561,"7.30900 2.93800 0.90000, -2.65000 -5.15000 0.10000"
566,0.0000,Tx-Rx,0,-71.8549,"7.30900 2.93800 0.90000, -2.35000 -5.15000 0.10000"
567,0.0000,Tx-Rx,0,-73.8354,"7.30900 2.93800 0.90000, -2.05000 -5.15000 0.10000"
568,0.0000,Tx-Rx,0,-73.3816,"7.30900 2.93800 0.90000, -1.75000 -5.15000 0.10000"
569,0.0000,Tx-Rx,0,-76.8900,"7.30900 2.93800 0.90000, -1.45000 -5.15000 0.10000"
570,0.0000,Tx-Rx,0,-77.4294,"7.30900 2.93800 0.90000, -1.15000 -5.15000 0.10000"
571,0.0000,Tx-Rx,0,-76.7374,"7.30900 2.93800 0.90000, -0.85000 -5.15000 0.10000"
572,0.0000,Tx-Rx,0,-75.2144,"7.30900 2.93800 0.90000, -0.55000 -5.15000 0.10000"
573,0.0000,Tx-Rx,0,-75.0493,"7.30900 2.93800 0.90000, -0.25000 -5.15000 0.10000"
574,0.0000,Tx-Rx,0,-68.0624,"7.30900 2.93800 0.90000, 0.05000 -5.15000 0.10000"
575,0.0000,Tx-Rx,0,-64.7970,"7.30900 2.93800 0.90000, 0.35000 -5.15000 0.10000"
576,0.0000,Tx-Rx,0,-64.8617,"7.30900 2.93800 0.90000, 0.65000 -5.15000 0.10000"
577,0.0000,Tx-Rx,0,-64.8404,"7.30900 2.93800 0.90000, 0.95000 -5.15000 0.10000"
578,0.0000,Tx-Rx,0,-63.6404,"7.30900 2.93800 0.90000, 1.25000 -5.15000 0.10000"
579,0.0000,Tx-Rx,0,-62.6089,"7.30900 2.93800 0.90000, 1.55000 -5.15000 0.10000"
580,0.0000,Tx-Rx,0,-62.3549,"7.30900 2.93800 0.90000, 1.85000 -5.15000 0.10000"
581,0.0000,Tx-Rx,0,-65.2885,"7.30900 2.93800 0.90000, 2.15000 -5.15000 0.10000"
582,0.0000,Tx-Rx,0,-66.6149,"7.30900 2.93800 0.90000, 2.45000 -5.15000 0.10000"
583,0.0000,Tx-Rx,0,-66.8202,"7.30900 2.93800 0.90000, 2.75000 -5.15000 0.10000"
584,0.0000,Tx-Rx,0,-68.2607,"7.30900 2.93800 0.90000, 3.05000 -5.15000 0.10000"
585,0.0000,Tx-Rx,0,-69.7453,"7.30900 2.93800 0.90000, 3.35000 -5.15000 0.10000"
586,0.0000,Tx-Rx,0,-69.8806,"7.30900 2.93800 0.90000, 3.65000 -5.15000 0.10000"
587,0.0000,Tx-Rx,0,-67.5495,"7.30900 2.93800 0.90000, 3.95000 -5.15000 0.10000"
588,0.0000,Tx-Rx,0,-64.9583,"7.30900 2.93800 0.90000, 4.25000 -5.15000 0.10000"
589,0.0000,Tx-Rx,0,-65.8511,"7.30900 2.93800 0.90000, 4.55000 -5.15000 0.10000"
590,0.0000,Tx-Rx,0,-71.0773,"7.30900 2.93800 0.90000, 4.85000 -5.15000 0.10000"
591,0.0000,Tx-Rx,0,-70.9416,"7.30900 2.93800 0.90000, 5.15000 -5.15000 0.10000"
592,0.0000,Tx-Rx,0,-65.2576,"7.30900 2.93800 0.90000, 5.45000 -5.15000 0.10000"
593,0.0000,Tx-Rx,0,-64.0583,"7.30900 2.93800 0.90000, 5.75000 -5.15000 0.10000"
594,0.0000,Tx-Rx,0,-54.4922,"7.30900 2.93800 0.90000, 6.05000 -5.15000 0.10000"
595,0.0000,Tx-Rx,0,-54.4336,"7.30900 2.93800 0.90000, 6.35000 -5.15000 0.10000"
596,0.0000,Tx-Rx,0,-54.3794,"7.30900 2.93800 0.90000, 6.65000 -5.15000 0.10000"
597,0.0000,Tx-Rx,0,-58.8535,"7.30900 2.93800 0.90000, 6.95000 -5.15000 0.10000"
598,0.0000,Tx-Rx,0,-58.8009,"7.30900 2.93800 0.90000, 7.25000 -5.15000 0.10000"
599,0.0000,Tx-Rx,0,-58.4331,"7.30900 2.93800 0.90000, 7.55000 -5.15000 0.10000"
600,0.0000,Tx-Rx,0,-57.9146,"7.30900 2.93800 0.90000, 7.85000 -5.15000 0.10000"
601,0.0000,Tx-Rx,0,-105.6949,"7.30900 2.93800 0.90000, -9.85000 -4.85000 0.10000"
602,0.0000,Tx-Rx,0,-99.9343,"7.30900 2.93800 0.90000, -9.55000 -4.85000 0.10000"
603,0.0000,Tx-Rx,0,-88.1847,"7.30900 2.93800 0.90000, -9.25000 -4.85000 0.10000"
604,0.0000,Tx-Rx,0,-120.0000,"7.30900 2.93800 0.90000, -8.95000 -4.85000 0.10000"
605,0.0000,Tx-Rx,0,-114.1649,"7.30900 2.93800 0.90000, -8.65000 -4.85000 0.10000"
606,0.0000,Tx-Rx,0,-94.9960,"7.30900 2.93800 0.90000, -8.35000 -4.85000 0.10000"
607,0.0000,Tx-Rx,0,-81.5498,"7.30900 2.93800 0.90000, -8.05000 -4.85000 0.10000"
608,0.0000,Tx-Rx,0,-77.6649,"7.30900 2.93800 0.90000, -7.75000 -4.85000 0.10000"
609,0.0000,Tx-Rx,0,-79.0069,"7.30900 2.93800 0.90000, -7.45000 -4.85000 0.10000"
610,0.0000,Tx-Rx,0,-81.0192,"7.30900 2.93800 0.90000, -7.15000 -4.85000 0.10000"
611,0.0000,Tx-Rx,0,-75.9348,"7.30900 2.93800 0.90000, -6.85000 -4.85000 0.10000"
612,0.0000,Tx-Rx,0,-74.6065,"7.30900 2.93800 0.90000, -6.55000 -4.85000 0.10000"
613,0.0000,Tx-Rx,0,-75.3325,"7.30900 2.93800 0.90000, -6.25000 -4.85000 0.10000"
614,0.0000,Tx-Rx,0,-77.0064,"7.30900 2.93800 0.90000, -5.95000 -4.85000 0.10000"
615,0.0000,Tx-Rx,0,-78.3836,"7.30900 2.93800 0.90000, -5.65000 -4.85000 0.10000"
616,0.0000,Tx-Rx,0,-75.9385,"7.30900 2.93800 0.90000, -5.35000 -4.85000 0.10000"
617,0.0000,Tx-Rx,0,-73.0735,"7.30900 2.93800 0.90000, -5.05000 -4.85000 0.10000"
618,0.0000,Tx-Rx,0,-73.7008,"7.30900 2.93800 0.90000, -4.75000 -4.85000 0.10000"
619,0.0000,Tx-Rx,0,-73.0967,"7.30900 2.93800 0.90000, -4.45000 -4.85000 0.10000"
620,0.0000,Tx-Rx,0,-72.4629,"7.30900 2.93800 0.90000, -4.15000 -4.85000 0.10000"
621,0.0000,Tx-Rx,0,-72.0282,"7.30900 2.93800 0.90000, -3.85000 -4.85000 0.10000"
622,0.0000,Tx-Rx,0,-71.6714,"7.30900 2.93800 0.90000, -3.55000 -4.85000 0.10000"
623,0.0000,Tx-Rx,0,-72.1805,"7.30900 2.93800 0.90000, -3.25000 -4.85000 0.10000"
624,0.0000,Tx-Rx,0,-71.2269,"7.30900 2.93800 0.90000, -2.95000 -4.85000 0.10000"
625,0.0000,Tx-Rx,0,-71.9540,"7.30900 2.93800 0.90000, -2.65000 -4.85000 0.10000"
626,0.0000,Tx-Rx,0,-73.2329,"7.30900 2.93800 0.90000, -2.35000 -4.85000 0.10000"
627,0.0000,Tx-Rx,0,-73.2118,"7.30900 2.93800 0.90000, -2.05000 -4.85000 0.10000"
628,0.0000,Tx-Rx,0,-72.5284,"7.30900 2.93800 0.90000, -1.75000 -4.85000 0.10000"
629,0.0000,Tx-Rx,0,-73.8457,"7.30900 2.93800 0.90000, -1.45000 -4.85000 0.10000"
630,0.0000,Tx-Rx,0,-74.2223,"7.30900 2.93800 0.90000, -1.15000 -4.85000 0.10000"
631,0.0000,Tx-Rx,0,-75.6380,"7.30900 2.93800 0.90000, -0.85000 -4.85000 0.10000"
632,0.0000,Tx-Rx,0,-75.1322,"7.30900 2.93800 0.90000, -0.55000 -4.85000 0.10000"
633,0.0000,Tx-Rx,0,-74.5595,"7.30900 2.93800 0.90000, -0.25000 -4.85000 0.10000"
634,0.0000,Tx-Rx,0,-64.0753,"7.30900 2.93800 0.90000, 0.05000 -4.85000 0.10000"
635,0.0000,Tx-Rx,0,-64.5495,"7.30900 2.93800 0.90000, 0.35000 -4.85000 0.10000"
636,0.0000,Tx-Rx,0,-64.5497,"7.30900 2.93800 0.90000, 0.65000 -4.85000 0.10000"
637,0.0000,Tx-Rx,0,-63.6115,"7.30900 2.93800 0.90000, 0.95000 -4.85000 0.10000"
638,0.0000,Tx-Rx,0,-61.9935,"7.30900 2.93800 0.90000, 1.25000 -4.85000 0.10000"
639,0.0000,Tx-Rx,0,-62.2197,"7.30900 2.93800 0.90000, 1.55000 -4.85000 0.10000"
640,0.0000,Tx-Rx,0,-64.6373,"7.30900 2.93800 0.90000, 1.85000 -4.85000 0.10000"
641,0.0000,Tx-Rx,0,-66.0197,"7.30900 2.93800 0.90000, 2.15000 -4.85000 0.10000"
642,0.0000,Tx-Rx,0,-67.0796,"7.30900 2.93800 0.90000, 2.45000 -4.85000 0.10000"
643,0.0000,Tx-Rx,0,-69.5560,"7.30900 2.93800 0.90000, 2.75000 -4.85000 0.10000"
644,0.0000,Tx-Rx,0,-71.7563,"7.30900 2.93800 0.90000, 3.05000 -4.85000 0.10000"
645,0.0000,Tx-Rx,0,-71.4004,"7.30900 2.93800 0.90000, 3.35000 -4.85000 0.10000"
646,0.0000,Tx-Rx,0,-68.6525,"7.30900 2.93800 0.90000, 3.65000 -4.85000 0.10000"
647,0.0000,Tx-Rx,0,-68.3983,"7.30900 2.93800 0.90000, 3.95000 -4.85000 0.10000"
648,0.0000,Tx-Rx,0,-68.0048,"7.30900 2.93800 0.90000, 4.25000 -4.85000 0.10000"
649,0.0000,Tx-Rx,0,-65.0625,"7.30900 2.93800 0.90000, 4.55000 -4.85000 0.10000"
650,0.0000,Tx-Rx,0,-75.0873,"7.30900 2.93800 0.90000, 4.85000 -4.85000 0.10000"
651,0.0000,Tx-Rx,0,-73.7836,"7.30900 2.93800 0.90000, 5.15000 -4.85000 0.10000"
652,0.0000,Tx-Rx,0,-66.8105,"7.30900 2.93800 0.90000, 5.45000 -4.85000 0.10000"
653,0.0000,Tx-Rx,0,-62.3518,"7.30900 2.93800 0.90000, 5.75000 -4.85000 0.10000"
654,0.0000,Tx-Rx,0,-53.9447,"7.30900 2.93800 0.90000, 6.05000 -4.85000 0.10000"
655,0.0000,Tx-Rx,0,-53.8252,"7.30900 2.93800 0.90000, 6.35000 -4.85000 0.10000"
656,0.0000,Tx-Rx,0,-55.3630,"7.30900 2.93800 0.90000, 6.65000 -4.85000 0.10000"
657,0.0000,Tx-Rx,0,-58.9318,"7.30900 2.93800 0.90000, 6.95000 -4.85000 0.10000"
658,0.0000,Tx-Rx,0,-58.9513,"7.30900 2.93800 0.90000, 7.25000 -4.85000 0.10000"
659,0.0000,Tx-Rx,0,-58.4397,"7.30900 2.93800 0.90000, 7.55000 -4.85000 0.10000"
660,0.0000,Tx-Rx,0,-58.0061,"7.30900 2.93800 0.90000, 7.85000 -4.85000 0.10000"
661,0.0000,Tx-Rx,0,-100.7420,"7.30900 2.93800 0.90000, -9.85000 -4.55000 0.10000"
662,0.0000,Tx-Rx,0,-93.7130,"7.30900 2.93800 0.90000, -9.55000 -4.55000 0.10000"
663,0.0000,Tx-Rx,0,-104.0638,"7.30900 2.93800 0.90000, -9.25000 -4.55000 0.10000"
664,0.0000,Tx-Rx,0,-98.0788,"7.30900 2.93800 0.90000, -8.95000 -4.55000 0.10000"
665,0.0000,Tx-Rx,0,-95.2654,"7.30900 2.93800 0.90000, -8.65000 -4.55000 0.10000"
666,0.0000,Tx-Rx,0,-112.1462,"7.30900 2.93800 0.90000, -8.35000 -4.55000 0.10000"
667,0.0000,Tx-Rx,0,-86.6234,"7.30900 2.93800 0.90000, -8.05000 -4.55000 0.10000"
668,0.0000,Tx-Rx,0,-82.1697,"7.30900 2.93800 0.90000, -7.75000 -4.55000 0.10000"
669,0.0000,Tx-Rx,0,-75.5205,"7.30900 2.93800 0.90000, -7.45000 -4.55000 0.10000"
670,0.0000,Tx-Rx,0,-73.4184,"7.30900 2.93800 0.90000, -7.15000 -4.55000 0.10000"
671,0.0000,Tx-Rx,0,-75.1659,"7.30900 2.93800 0.90000, -6.85000 -4.55000 0.10000"
672,0.0000,Tx-Rx,0,-75.8218,"7.30900 2.93800 0.90000, -6.55000 -4.55000 0.10000"
673,0.0000,Tx-Rx,0,-75.7330,"7.30900 2.93800 0.90000, -6.25000 -4.55000 0.10000"
674,0.0000,Tx-Rx,0,-77.0289,"7.30900 2.93800 0.90000, -5.95000 -4.55000 0.10000"
675,0.0000,Tx-Rx,0,-78.7135,"7.30900 2.93800 0.90000, -5.65000 -4.55000 0.10000"
676,0.0000,Tx-Rx,0,-76.4013,"7.30900 2.93800 0.90000, -5.35000 -4.55000 0.10000"
677,0.0000,Tx-Rx,0,-74.0757,"7.30900 2.93800 0.90000, -5.05000 -4.55000 0.10000"
678,0.0000,Tx-Rx,0,-74.7708,"7.30900 2.93800 0.90000, -4.75000 -4.55000 0.10000"
679,0.0000,Tx-Rx,0,-72.9234,"7.30900 2.93800 0.90000, -4.45000 -4.55000 0.10000"
680,0.0000,Tx-Rx,0,-72.3162,"7.30900 2.93800 0.90000, -4.15000 -4.55000 0.10000"
681,0.0000,Tx-Rx,0,-71.6899,"7.30900 2.93800 0.90000, -3.85000 -4.55000 0.10000"
682,0.0000,Tx-Rx,0,-72.5262,"7.30900 2.93800 0.90000, -3.55000 -4.55000 0.10000"
683,0.0000,Tx-Rx,0,-72.0003,"7.30900 2.93800 0.90000, -3.25000 -4.55000 0.10000"
684,0.0000,Tx-Rx,0,-70.7392,"7.30900 2.93800 0.90000, -2.95000 -4.55000 0.10000"
685,0.0000,Tx-Rx,0,-71.3886,"7.30900 2.93800 0.90000, -2.65000 -4.55000 0.10000"
686,0.0000,Tx-Rx,0,-72.7727,"7.30900 2.93800 0.90000, -2.35000 -4.55000 0.10000"
687,0.0000,Tx-Rx,0,-73.3839,"7.30900 2.93800 0.90000, -2.05000 -4.55000 0.10000"
688,0.0000,Tx-Rx,0,-73.1923,"7.30900 2.93800 0.90000, -1.75000 -4.55000 0.10000"
689,0.0000,Tx-Rx,0,-71.2429,"7.30900 2.93800 0.90000, -1.45000 -4.55000 0.10000"
690,0.0000,Tx-Rx,0,-73.2575,"7.30900 2.93800 0.90000, -1.15000 -4.55000 0.10000"
691,0.0000,Tx-Rx,0,-72.7998,"7.30900 2.93800 0.90000, -0.85000 -4.55000 0.10000"
692,0.0000,Tx-Rx,0,-74.1040,"7.30900 2.93800 0.90000, -0.55000 -4.55000 0.10000"
693,0.0000,Tx-Rx,0,-73.4418,"7.30900 2.93800 0.90000, -0.25000 -4.55000 0.10000"
694,0.0000,Tx-Rx,0,-60.4841,"7.30900 2.93800 0.90000, 0.05000 -4.55000 0.10000"
695,0.0000,Tx-Rx,0,-61.2949,"7.30900 2.93800 0.90000, 0.35000 -4.55000 0.10000"
696,0.0000,Tx-Rx,0,-63.6102,"7.30900 2.93800 0.90000, 0.65000 -4.55000 0.10000"
697,0.0000,Tx-Rx,0,-61.6418,"7.30900 2.93800 0.90000, 0.95000 -4.55000 0.10000"
698,0.0000,Tx-Rx,0,-62.0322,"7.30900 2.93800 0.90000, 1.25000 -4.55000 0.10000"
699,0.0000,Tx-Rx,0,-64.5062,"7.30900 2.93800 0.90000, 1.55000 -4.55000 0.10000"
700,0.0000,Tx-Rx,0,-64.3594,"7.30900 2.93800 0.90000, 1.85000 -4.55000 0.10000"
701,0.0000,Tx-Rx,0,-65.4187,"7.30900 2.93800 0.90000, 2.15000 -4.55000 0.10000"
702,0.0000,Tx-Rx,0,-67.8102,"7.30900 2.93800 0.90000, 2.45000 -4.55000 0.10000"
703,0.0000,Tx-Rx,0,-69.1892,"7.30900 2.93800 0.90000, 2.75000 -4.55000 0.10000"
704,0.0000,Tx-Rx,0,-68.4549,"7.30900 2.93800 0.90000, 3.05000 -4.55000 0.10000"
705,0.0000,Tx-Rx,0,-66.4665,"7.30900 2.93800 0.90000, 3.35000 -4.55000 0.10000"
706,0.0000,Tx-Rx,0,-66.4553,"7.30900 2.93800 0.90000, 3.65000 -4.55000 0.10000"
707,0.0000,Tx-Rx,0,-67.3843,"7.30900 2.93800 0.90000, 3.95000 -4.55000 0.10000"
708,0.0000,Tx-Rx,0,-70.1472,"7.30900 2.93800 0.90000, 4.25000 -4.55000 0.10000"
709,0.0000,Tx-Rx,0,-64.1981,"7.30900 2.93800 0.90000, 4.55000 -4.55000 0.10000"
710,0.0000,Tx-Rx,0,-69.7564,"7.30900 2.93800 0.90000, 4.85000 -4.55000 0.10000"
711,0.0000,Tx-Rx,0,-68.7753,"7.30900 2.93800 0.90000, 5.15000 -4.55000 0.10000"
712,0.0000,Tx-Rx,0,-64.4590,"7.30900 2.93800 0.90000, 5.45000 -4.55000 0.10000"
713,0.0000,Tx-Rx,0,-58.2434,"7.30900 2.93800 0.90000, 5.75000 -4.55000 0.10000"
714,0.0000,Tx-Rx,0,-53.1268,"7.30900 2.93800 0.90000, 6.05000 -4.55000 0.10000"
715,0.0000,Tx-Rx,0,-53.4446,"7.30900 2.93800 0.90000, 6.35000 -4.55000 0.10000"
716,0.0000,Tx-Rx,0,-56.5541,"7.30900 2.93800 0.90000, 6.65000 -4.55000 0.10000"
717,0.0000,Tx-Rx,0,-59.2291,"7.30900 2.93800 0.90000, 6.95000 -4.55000 0.10000"
718,0.0000,Tx-Rx,0,-59.4783,"7.30900 2.93800 0.90000, 7.25000 -4.55000 0.10000"
719,0.0000,Tx-Rx,0,-58.7698,"7.30900 2.93800 0.90000, 7.55000 -4.55000 0.10000"
720,0.0000,Tx-Rx,0,-58.2166,"7.30900 2.93800 0.90000, 7.85000 -4.55000 0.10000"
721,0.0000,Tx-Rx,0,-100.8448,"7.30900 2.93800 0.90000, -9.85000 -4.25000 0.10000"
722,0.0000,Tx-Rx,0,-101.5863,"7.30900 2.93800 0.90000, -9.55000 -4.25000 0.10000"
723,0.0000,Tx-Rx,0,-103.2514,"7.30900 2.93800 0.90000, -9.25000 -4.25000 0.10000"
724,0.0000,Tx-Rx,0,-94.8322,"7.30900 2.93800 0.90000, -8.95000 -4.25000 0.10000"
725,0.0000,Tx-Rx,0,-104.1571,"7.30900 2.93800 0.90000, -8.65000 -4.25000 0.10000"
726,0.0000,Tx-Rx,0,-92.2153,"7.30900 2.93800 0.90000, -8.35000 -4.25000 0.10000"
727,0.0000,Tx-Rx,0,-80.6793,"7.30900 2.93800 0.90000, -8.05000 -4.25000 0.10000"
728,0.0000,Tx-Rx,0,-74.5753,"7.30900 2.93800 0.90000, -7.75000 -4.25000 0.10000"
729,0.0000,Tx-Rx,0,-75.0878,"7.30900 2.93800 0.90000, -7.45000 -4.25000 0.10000"
730,0.0000,Tx-Rx,0,-77.6167,"7.30900 2.93800 0.90000, -7.15000 -4.25000 0.10000"
731,0.0000,Tx-Rx,0,-76.9804,"7.30900 2.93800 0.90000, -6.85000 -4.25000 0.10000"
732,0.0000,Tx-Rx,0,-77.0359,"7.30900 2.93800 0.90000, -6.55000 -4.25000 0.10000"
733,0.0000,Tx-Rx,0,-76.0403,"7.30900 2.93800 0.90000, -6.25000 -4.25000 0.10000"
734,0.0000,Tx-Rx,0,-74.0516,"7.30900 2.93800 0.90000, -5.95000 -4.25000 0.10000"
735,0.0000,Tx-Rx,0,-75.6488,"7.30900 2.93800 0.90000, -5.65000 -4.25000 0.10000"
736,0.0000,Tx-Rx,0,-76.6042,"7.30900 2.93800 0.90000, -5.35000 -4.25000 0.10000"
737,0.0000,Tx-Rx,0,-78.3415,"7.30900 2.93800 0.90000, -5.05000 -4.25000 0.10000"
738,0.0000,Tx-Rx,0,-73.9669,"7.30900 2.93800 0.90000, -4.75000 -4.25000 0.10000"
739,0.0000,Tx-Rx,0,-72.9864,"7.30900 2.93800 0.90000, -4.45000 -4.25000 0.10000"
740,0.0000,Tx-Rx,0,-71.8650,"7.30900 2.93800 0.90000, -4.15000 -4.25000 0.10000"
741,0.0000,Tx-Rx,0,-71.2412,"7.30900 2.93800 0.90000, -3.85000 -4.25000 0.10000"
742,0.0000,Tx-Rx,0,-71.1780,"7.30900 2.93800 0.90000, -3.55000 -4.25000 0.10000"
743,0.0000,Tx-Rx,0,-71.0004,"7.30900 2.93800 0.90000, -3.25000 -4.25000 0.10000"
744,0.0000,Tx-Rx,0,-71.1782,"7.30900 2.93800 0.90000, -2.95000 -4.25000 0.10000"
745,0.0000,Tx-Rx,0,-70.7771,"7.30900 2.93800 0.90000, -2.65000 -4.25000 0.10000"
746,0.0000,Tx-Rx,0,-71.5189,"7.30900 2.93800 0.90000, -2.35000 -4.25000 0.10000"
747,0.0000,Tx-Rx,0,-72.6987,"7.30900 2.93800 0.90000, -2.05000 -4.25000 0.10000"
748,0.0000,Tx-Rx,0,-72.0171,"7.30900 2.93800 0.90000, -1.75000 -4.25000 0.10000"
749,0.0000,Tx-Rx,0,-72.3351,"7.30900 2.93800 0.90000, -1.45000 -4.25000 0.10000"
750,0.0000,Tx-Rx,0,-73.1804,"7.30900 2.93800 0.90000, -1.15000 -4.25000 0.10000"
751,0.0000,Tx-Rx,0,-72.5449,"7.30900 2.93800 0.90000, -0.85000 -4.25000 0.10000"
752,0.0000,Tx-Rx,0,-71.2061,"7.30900 2.93800 0.90000, -0.55000 -4.25000 0.10000"
753,0.0000,Tx-Rx,0,-69.7658,"7.30900 2.93800 0.90000, -0.25000 -4.25000 0.10000"
754,0.0000,Tx-Rx,0,-60.1908,"7.30900 2.93800 0.90000, 0.05000 -4.25000 0.10000"
755,0.0000,Tx-Rx,0,-58.0254,"7.30900 2.93800 0.90000, 0.35000 -4.25000 0.10000"
756,0.0000,Tx-Rx,0,-59.9788,"7.30900 2.93800 0.90000, 0.65000 -4.25000 0.10000"
757,0.0000,Tx-Rx,0,-62.2305,"7.30900 2.93800 0.90000, 0.95000 -4.25000 0.10000"
758,0.0000,Tx-Rx,0,-63.5999,"7.30900 2.93800 0.90000, 1.25000 -4.25000 0.10000"
759,0.0000,Tx-Rx,0,-64.1633,"7.30900 2.93800 0.90000, 1.55000 -4.25000 0.10000"
760,0.0000,Tx-Rx,0,-64.0873,"7.30900 2.93800 0.90000, 1.85000 -4.25000 0.10000"
761,0.0000,Tx-Rx,0,-64.6567,"7.30900 2.93800 0.90000, 2.15000 -4.25000 0.10000"
762,0.0000,Tx-Rx,0,-66.9340,"7.30900 2.93800 0.90000, 2.45000 -4.25000 0.10000"
763,0.0000,Tx-Rx,0,-65.9376,"7.30900 2.93800 0.90000, 2.75000 -4.25000 0.10000"
764,0.0000,Tx-Rx,0,-64.4229,"7.30900 2.93800 0.90000, 3.05000 -4.25000 0.10000"
765,0.0000,Tx-Rx,0,-64.4608,"7.30900 2.93800 0.90000, 3.35000 -4.25000 0.10000"
766,0.0000,Tx-Rx,0,-65.0747,"7.30900 2.93800 0.90000, 3.65000 -4.25000 0.10000"
767,0.0000,Tx-Rx,0,-64.8241,"7.30900 2.93800 0.90000, 3.95000 -4.25000 0.10000"
768,0.0000,Tx-Rx,0,-66.7725,"7.30900 2.93800 0.90000, 4.25000 -4.25000 0.10000"
769,0.0000,Tx-Rx,0,-62.6426,"7.30900 2.93800 0.90000, 4.55000 -4.25000 0.10000"
770,0.0000,Tx-Rx,0,-67.8204,"7.30900 2.93800 0.90000, 4.85000 -4.25000 0.10000"
771,0.0000,Tx-Rx,0,-68.8434,"7.30900 2.93800 0.90000, 5.15000 -4.25000 0.10000"
772,0.0000,Tx-Rx,0,-65.1111,"7.30900 2.93800 0.90000, 5.45000 -4.25000 0.10000"
773,0.0000,Tx-Rx,0,-57.4001,"7.30900 2.93800 0.90000, 5.75000 -4.25000 0.10000"
774,0.0000,Tx-Rx,0,-52.5013,"7.30900 2.93800 0.90000, 6.05000 -4.25000 0.10000"
775,0.0000,Tx-Rx,0,-53.0481,"7.30900 2.93800 0.90000, 6.35000 -4.25000 0.10000"
776,0.0000,Tx-Rx,0,-57.9816,"7.30900 2.93800 0.90000, 6.65000 -4.25000 0.10000"
777,0.0000,Tx-Rx,0,-58.9372,"7.30900 2.93800 0.90000, 6.95000 -4.25000 0.10000"
778,0.0000,Tx-Rx,0,-58.9813,"7.30900 2.93800 0.90000, 7.25000 -4.25000 0.10000"
779,0.0000,Tx-Rx,0,-58.3216,"7.30900 2.93800 0.90000, 7.55000 -4.25000 0.10000"
780,0.0000,Tx-Rx,0,-57.9840,"7.30900 2.93800 0.90000, 7.85000 -4.25000 0.10000"
781,0.0000,Tx-Rx,0,-104.4969,"7.30900 2.93800 0.90000, -9.85000 -3.95000 0.10000"
782,0.0000,Tx-Rx,0,-97.0548,"7.30900 2.93800 0.90000, -9.55000 -3.95000 0.10000"
783,0.0000,Tx-Rx,0,-94.4339,"7.30900 2.93800 0.90000, -9.25000 -3.95000 0.10000"
784,0.0000,Tx-Rx,0,-99.9661,"7.30900 2.93800 0.90000, -8.95000 -3.95000 0.10000"
785,0.0000,Tx-Rx,0,-94.1865,"7.30900 2.93800 0.90000, -8.65000 -3.95000 0.10000"
786,0.0000,Tx-Rx,0,-97.0345,"7.30900 2.93800 0.90000, -8.35000 -3.95000 0.10000"
787,0.0000,Tx-Rx,0,-71.8198,"7.30900 2.93800 0.90000, -8.05000 -3.95000 0.10000"
788,0.0000,Tx-Rx,0,-67.5231,"7.30900 2.93800 0.90000, -7.75000 -3.95000 0.10000"
789,0.0000,Tx-Rx,0,-73.0808,"7.30900 2.93800 0.90000, -7.45000 -3.95000 0.10000"
790,0.0000,Tx-Rx,0,-77.3963,"7.30900 2.93800 0.90000, -7.15000 -3.95000 0.10000"
791,0.0000,Tx-Rx,0,-77.1213,"7.30900 2.93800 0.90000, -6.85000 -3.95000 0.10000"
792,0.0000,Tx-Rx,0,-77.3556,"7.30900 2.93800 0.90000, -6.55000 -3.95000 0.10000"
793,0.0000,Tx-Rx,0,-79.0646,"7.30900 2.93800 0.90000, -6.25000 -3.95000 0.10000"
794,0.0000,Tx-Rx,0,-78.0468,"7.30900 2.93800 0.90000, -5.95000 -3.95000 0.10000"
795,0.0000,Tx-Rx,0,-75.9695,"7.30900 2.93800 0.90000, -5.65000 -3.95000 0.10000"
796,0.0000,Tx-Rx,0,-75.7958,"7.30900 2.93800 0.90000, -5.35000 -3.95000 0.10000"
797,0.0000,Tx-Rx,0,-74.5790,"7.30900 2.93800 0.90000, -5.05000 -3.95000 0.10000"
798,0.0000,Tx-Rx,0,-73.2071,"7.30900 2.93800 0.90000, -4.75000 -3.95000 0.10000"
799,0.0000,Tx-Rx,0,-72.4265,"7.30900 2.93800 0.90000, -4.45000 -3.95000 0.10000"
800,0.0000,Tx-Rx,0,-72.1769,"7.30900 2.93800 0.90000, -4.15000 -3.95000 0.10000"
801,0.0000,Tx-Rx,0,-71.0003,"7.30900 2.93800 0.90000, -3.85000 -3.95000 0.10000"
802,0.0000,Tx-Rx,0,-70.6225,"7.30900 2.93800 0.90000, -3.55000 -3.95000 0.10000"
803,0.0000,Tx-Rx,0,-70.8633,"7.30900 2.93800 0.90000, -3.25000 -3.95000 0.10000"
804,0.0000,Tx-Rx,0,-70.6494,"7.30900 2.93800 0.90000, -2.95000 -3.95000 0.10000"
805,0.0000,Tx-Rx,0,-70.1319,"7.30900 2.93800 0.90000, -2.65000 -3.95000 0.10000"
806,0.0000,Tx-Rx,0,-70.6081,"7.30900 2.93800 0.90000, -2.35000 -3.95000 0.10000"
807,0.0000,Tx-Rx,0,-72.3195,"7.30900 2.93800 0.90000, -2.05000 -3.95000 0.10000"
808,0.0000,Tx-Rx,0,-73.4564,"7.30900 2.93800 0.90000, -1.75000 -3.95000 0.10000"
809,0.0000,Tx-Rx,0,-72.0870,"7.30900 2.93800 0.90000, -1.45000 -3.95000 0.10000"
810,0.0000,Tx-Rx,0,-71.3712,"7.30900 2.93800 0.90000, -1.15000 -3.95000 0.10000"
811,0.0000,Tx-Rx,0,-69.7526,"7.30900 2.93800 0.90000, -0.85000 -3.95000 0.10000"
812,0.0000,Tx-Rx,0,-66.4345,"7.30900 2.93800 0.90000, -0.55000 -3.95000 0.10000"
813,0.0000,Tx-Rx,0,-67.1576,"7.30900 2.93800 0.90000, -0.25000 -3.95000 0.10000"
814,0.0000,Tx-Rx,0,-60.7264,"7.30900 2.93800 0.90000, 0.05000 -3.95000 0.10000"
815,0.0000,Tx-Rx,0,-57.4192,"7.30900 2.93800 0.90000, 0.35000 -3.95000 0.10000"
816,0.0000,Tx-Rx,0,-58.2428,"7.30900 2.93800 0.90000, 0.65000 -3.95000 0.10000"
817,0.0000,Tx-Rx,0,-61.2238,"7.30900 2.93800 0.90000, 0.95000 -3.95000 0.10000"
818,0.0000,Tx-Rx,0,-63.1925,"7.30900 2.93800 0.90000, 1.25000 -3.95000 0.10000"
819,0.0000,Tx-Rx,0,-62.6431,"7.30900 2.93800 0.90000, 1.55000 -3.95000 0.10000"
820,0.0000,Tx-Rx,0,-62.5943,"7.30900 2.93800 0.90000, 1.85000 -3.95000 0.10000"
821,0.0000,Tx-Rx,0,-64.1071,"7.30900 2.93800 0.90000, 2.15000 -3.95000 0.10000"
822,0.0000,Tx-Rx,0,-63.8193,"7.30900 2.93800 0.90000, 2.45000 -3.95000 0.10000"
823,0.0000,Tx-Rx,0,-63.2413,"7.30900 2.93800 0.90000, 2.75000 -3.95000 0.10000"
824,0.0000,Tx-Rx,0,-63.3139,"7.30900 2.93800 0.90000, 3.05000 -3.95000 0.10000"
825,0.0000,Tx-Rx,0,-63.8305,"7.30900 2.93800 0.90000, 3.35000 -3.95000 0.10000"
826,0.0000,Tx-Rx,0,-64.1979,"7.30900 2.93800 0.90000, 3.65000 -3.95000 0.10000"
827,0.0000,Tx-Rx,0,-63.7462,"7.30900 2.93800 0.90000, 3.95000 -3.95000 0.10000"
828,0.0000,Tx-Rx,0,-63.9202,"7.30900 2.93800 0.90000, 4.25000 -3.95000 0.10000"
829,0.0000,Tx-Rx,0,-61.7655,"7.30900 2.93800 0.90000, 4.55000 -3.95000 0.10000"
830,0.0000,Tx-Rx,0,-65.8965,"7.30900 2.93800 0.90000, 4.85000 -3.95000 0.10000"
831,0.0000,Tx-Rx,0,-64.1229,"7.30900 2.93800 0.90000, 5.15000 -3.95000 0.10000"
832,0.0000,Tx-Rx,0,-63.6201,"7.30900 2.93800 0.90000, 5.45000 -3.95000 0.10000"
833,0.0000,Tx-Rx,0,-57.7957,"7.30900 2.93800 0.90000, 5.75000 -3.95000 0.10000"
834,0.0000,Tx-Rx,0,-51.9223,"7.30900 2.93800 0.90000, 6.05000 -3.95000 0.10000"
835,0.0000,Tx-Rx,0,-53.0011,"7.30900 2.93800 0.90000, 6.35000 -3.95000 0.10000"
836,0.0000,Tx-Rx,0,-58.3967,"7.30900 2.93800 0.90000, 6.65000 -3.95000 0.10000"
837,0.0000,Tx-Rx,0,-58.3248,"7.30900 2.93800 0.90000, 6.95000 -3.95000 0.10000"
838,0.0000,Tx-Rx,0,-57.7299,"7.30900 2.93800 0.90000, 7.25000 -3.95000 0.10000"
839,0.0000,Tx-Rx,0,-57.8161,"7.30900 2.93800 0.90000, 7.55000 -3.95000 0.10000"
840,0.0000,Tx-Rx,0,-57.3396,"7.30900 2.93800 0.90000, 7.85000 -3.95000 0.10000"
841,0.0000,Tx-Rx,0,-106.7904,"7.30900 2.93800 0.90000, -9.85000 -3.65000 0.10000"
842,0.0000,Tx-Rx,0,-96.2093,"7.30900 2.93800 0.90000, -9.55000 -3.65000 0.10000"
843,0.0000,Tx-Rx,0,-98.0035,"7.30900 2.93800 0.90000, -9.25000 -3.65000 0.10000"
844,0.0000,Tx-Rx,0,-100.2539,"7.30900 2.93800 0.90000, -8.95000 -3.65000 0.10000"
845,0.0000,Tx-Rx,0,-96.0764,"7.30900 2.93800 0.90000, -8.65000 -3.65000 0.10000"
846,0.0000,Tx-Rx,0,-99.7795,"7.30900 2.93800 0.90000, -8.35000 -3.65000 0.10000"
847,0.0000,Tx-Rx,0,-74.5668,"7.30900 2.93800 0.90000, -8.05000 -3.65000 0.10000"
848,0.0000,Tx-Rx,0,-69.6781,"7.30900 2.93800 0.90000, -7.75000 -3.65000 0.10000"
849,0.0000,Tx-Rx,0,-67.1153,"7.30900 2.93800 0.90000, -7.45000 -3.65000 0.10000"
850,0.0000,Tx-Rx,0,-68.2899,"7.30900 2.93800 0.90000, -7.15000 -3.65000 0.10000"
851,0.0000,Tx-Rx,0,-77.5705,"7.30900 2.93800 0.90000, -6.85000 -3.65000 0.10000"
852,0.0000,Tx-Rx,0,-78.8436,"7.30900 2.93800 0.90000, -6.55000 -3.65000 0.10000"
853,0.0000,Tx-Rx,0,-78.2129,"7.30900 2.93800 0.90000, -6.25000 -3.65000 0.10000"
854,0.0000,Tx-Rx,0,-75.2156,"7.30900 2.93800 0.90000, -5.95000 -3.65000 0.10000"
855,0.0000,Tx-Rx,0,-76.1352,"7.30900 2.93800 0.90000, -5.65000 -3.65000 0.10000"
856,0.0000,Tx-Rx,0,-75.6382,"7.30900 2.93800 0.90000, -5.35000 -3.65000 0.10000"
857,0.0000,Tx-Rx,0,-73.6128,"7.30900 2.93800 0.90000, -5.05000 -3.65000 0.10000"
858,0.0000,Tx-Rx,0,-74.6649,"7.30900 2.93800 0.90000, -4.75000 -3.65000 0.10000"
859,0.0000,Tx-Rx,0,-72.1020,"7.30900 2.93800 0.90000, -4.45000 -3.65000 0.10000"
860,0.0000,Tx-Rx,0,-70.5757,"7.30900 2.93800 0.90000, -4.15000 -3.65000 0.10000"
861,0.0000,Tx-Rx,0,-69.5538,"7.30900 2.93800 0.90000, -3.85000 -3.65000 0.10000"
862,0.0000,Tx-Rx,0,-69.0133,"7.30900 2.93800 0.90000, -3.55000 -3.65000 0.10000"
863,0.0000,Tx-Rx,0,-69.4170,"7.30900 2.93800 0.90000, -3.25000 -3.65000 0.10000"
864,0.0000,Tx-Rx,0,-70.9079,"7.30900 2.93800 0.90000, -2.95000 -3.65000 0.10000"
865,0.0000,Tx-Rx,0,-71.4071,"7.30900 2.93800 0.90000, -2.65000 -3.65000 0.10000"
866,0.0000,Tx-Rx,0,-71.0779,"7.30900 2.93800 0.90000, -2.35000 -3.65000 0.10000"
867,0.0000,Tx-Rx,0,-72.0548,"7.30900 2.93800 0.90000, -2.05000 -3.65000 0.10000"
868,0.0000,Tx-Rx,0,-70.3452,"7.30900 2.93800 0.90000, -1.75000 -3.65000 0.10000"
869,0.0000,Tx-Rx,0,-67.7829,"7.30900 2.93800 0.90000, -1.45000 -3.65000 0.10000"
870,0.0000,Tx-Rx,0,-68.4714,"7.30900 2.93800 0.90000, -1.15000 -3.65000 0.10000"
871,0.0000,Tx-Rx,0,-67.8824,"7.30900 2.93800 0.90000, -0.85000 -3.65000 0.10000"
872,0.0000,Tx-Rx,0,-65.9756,"7.30900 2.93800 0.90000, -0.55000 -3.65000 0.10000"
873,0.0000,Tx-Rx,0,-66.7114,"7.30900 2.93800 0.90000, -0.25000 -3.65000 0.10000"
874,0.0000,Tx-Rx,0,-57.9171,"7.30900 2.93800 0.90000, 0.05000 -3.65000 0.10000"
875,0.0000,Tx-Rx,0,-58.3271,"7.30900 2.93800 0.90000, 0.35000 -3.65000 0.10000"
876,0.0000,Tx-Rx,0,-58.5356,"7.30900 2.93800 0.90000, 0.65000 -3.65000 0.10000"
877,0.0000,Tx-Rx,0,-58.7344,"7.30900 2.93800 0.90000, 0.95000 -3.65000 0.10000"
878,0.0000,Tx-Rx,0,-61.6623,"7.30900 2.93800 0.90000, 1.25000 -3.65000 0.10000"
879,0.0000,Tx-Rx,0,-64.5760,"7.30900 2.93800 0.90000, 1.55000 -3.65000 0.10000"
880,0.0000,Tx-Rx,0,-64.1445,"7.30900 2.93800 0.90000, 1.85000 -3.65000 0.10000"
881,0.0000,Tx-Rx,0,-64.8506,"7.30900 2.93800 0.90000, 2.15000 -3.65000 0.10000"
882,0.0000,Tx-Rx,0,-64.6658,"7.30900 2.93800 0.90000, 2.45000 -3.65000 0.10000"
883,0.0000,Tx-Rx,0,-63.8030,"7.30900 2.93800 0.90000, 2.75000 -3.65000 0.10000"
884,0.0000,Tx-Rx,0,-64.3909,"7.30900 2.93800 0.90000, 3.05000 -3.65000 0.10000"
885,0.0000,Tx-Rx,0,-65.1178,"7.30900 2.93800 0.90000, 3.35000 -3.65000 0.10000"
886,0.0000,Tx-Rx,0,-66.0567,"7.30900 2.93800 0.90000, 3.65000 -3.65000 0.10000"
887,0.0000,Tx-Rx,0,-66.0234,"7.30900 2.93800 0.90000, 3.95000 -3.65000 0.10000"
888,0.0000,Tx-Rx,0,-64.3957,"7.30900 2.93800 0.90000, 4.25000 -3.65000 0.10000"
889,0.0000,Tx-Rx,0,-63.2284,"7.30900 2.93800 0.90000, 4.55000 -3.65000 0.10000"
890,0.0000,Tx-Rx,0,-65.7370,"7.30900 2.93800 0.90000, 4.85000 -3.65000 0.10000"
891,0.0000,Tx-Rx,0,-64.4950,"7.30900 2.93800 0.90000, 5.15000 -3.65000 0.10000"
892,0.0000,Tx-Rx,0,-64.4932,"7.30900 2.93800 0.90000, 5.45000 -3.65000 0.10000"
893,0.0000,Tx-Rx,0,-59.2951,"7.30900 2.93800 0.90000, 5.75000 -3.65000 0.10000"
894,0.0000,Tx-Rx,0,-51.1913,"7.30900 2.93800 0.90000, 6.05000 -3.65000 0.10000"
895,0.0000,Tx-Rx,0,-53.0066,"7.30900 2.93800 0.90000, 6.35000 -3.65000 0.10000"
896,0.0000,Tx-Rx,0,-56.7898,"7.30900 2.93800 0.90000, 6.65000 -3.65000 0.10000"
897,0.0000,Tx-Rx,0,-56.5667,"7.30900 2.93800 0.90000, 6.95000 -3.65000 0.10000"
898,0.0000,Tx-Rx,0,-56.4074,"7.30900 2.93800 0.90000, 7.25000 -3.65000 0.10000"
899,0.0000,Tx-Rx,0,-56.3281,"7.30900 2.93800 0.90000, 7.55000 -3.65000 0.10000"
900,0.0000,Tx-Rx,0,-55.8446,"7.30900 2.93800 0.90000, 7.85000 -3.65000 0.10000"
901,0.0000,Tx-Rx,0,-92.1284,"7.30900 2.93800 0.90000, -9.85000 -3.35000 0.10000"
902,0.0000,Tx-Rx,0,-92.5867,"7.30900 2.93800 0.90000, -9.55000 -3.35000 0.10000"
903,0.0000,Tx-Rx,0,-99.4024,"7.30900 2.93800 0.90000, -9.25000 -3.35000 0.10000"
904,0.0000,Tx-Rx,0,-109.0160,"7.30900 2.93800 0.90000, -8.95000 -3.35000 0.10000"
905,0.0000,Tx-Rx,0,-99.1840,"7.30900 2.93800 0.90000, -8.65000 -3.35000 0.10000"
906,0.0000,Tx-Rx,0,-94.5811,"7.30900 2.93800 0.90000, -8.35000 -3.35000 0.10000"
907,0.0000,Tx-Rx,0,-74.2301,"7.30900 2.93800 0.90000, -8.05000 -3.35000 0.10000"
908,0.0000,Tx-Rx,0,-69.6494,"7.30900 2.93800 0.90000, -7.75000 -3.35000 0.10000"
909,0.0000,Tx-Rx,0,-68.9827,"7.30900 2.93800 0.90000, -7.45000 -3.35000 0.10000"
910,0.0000,Tx-Rx,0,-69.1042,"7.30900 2.93800 0.90000, -7.15000 -3.35000 0.10000"
911,0.0000,Tx-Rx,0,-66.9614,"7.30900 2.93800 0.90000, -6.85000 -3.35000 0.10000"
912,0.0000,Tx-Rx,0,-69.9772,"7.30900 2.93800 0.90000, -6.55000 -3.35000 0.10000"
913,0.0000,Tx-Rx,0,-74.3747,"7.30900 2.93800 0.90000, -6.25000 -3.35000 0.10000"
914,0.0000,Tx-Rx,0,-73.4761,"7.30900 2.93800 0.90000, -5.95000 -3.35000 0.10000"
915,0.0000,Tx-Rx,0,-74.0851,"7.30900 2.93800 0.90000, -5.65000 -3.35000 0.10000"
916,0.0000,Tx-Rx,0,-74.1805,"7.30900 2.93800 0.90000, -5.35000 -3.35000 0.10000"
917,0.0000,Tx-Rx,0,-73.2601,"7.30900 2.93800 0.90000, -5.05000 -3.35000 0.10000"
918,0.0000,Tx-Rx,0,-72.8561,"7.30900 2.93800 0.90000, -4.75000 -3.35000 0.10000"
919,0.0000,Tx-Rx,0,-72.3605,"7.30900 2.93800 0.90000, -4.45000 -3.35000 0.10000"
920,0.0000,Tx-Rx,0,-71.0127,"7.30900 2.93800 0.90000, -4.15000 -3.35000 0.10000"
921,0.0000,Tx-Rx,0,-70.1451,"7.30900 2.93800 0.90000, -3.85000 -3.35000 0.10000"
922,0.0000,Tx-Rx,0,-69.1626,"7.30900 2.93800 0.90000, -3.55000 -3.35000 0.10000"
923,0.0000,Tx-Rx,0,-68.6343,"7.30900 2.93800 0.90000, -3.25000 -3.35000 0.10000"
924,0.0000,Tx-Rx,0,-69.6414,"7.30900 2.93800 0.90000, -2.95000 -3.35000 0.10000"
925,0.0000,Tx-Rx,0,-69.5921,"7.30900 2.93800 0.90000, -2.65000 -3.35000 0.10000"
926,0.0000,Tx-Rx,0,-67.7815,"7.30900 2.93800 0.90000, -2.35000 -3.35000 0.10000"
927,0.0000,Tx-Rx,0,-67.3862,"7.30900 2.93800 0.90000, -2.05000 -3.35000 0.10000"
928,0.0000,Tx-Rx,0,-66.4348,"7.30900 2.93800 0.90000, -1.75000 -3.35000 0.10000"
929,0.0000,Tx-Rx,0,-66.4025,"7.30900 2.93800 0.90000, -1.45000 -3.35000 0.10000"
930,0.0000,Tx-Rx,0,-66.2871,"7.30900 2.93800 0.90000, -1.15000 -3.35000 0.10000"
931,0.0000,Tx-Rx,0,-66.8240,"7.30900 2.93800 0.90000, -0.85000 -3.35000 0.10000"
932,0.0000,Tx-Rx,0,-67.3200,"7.30900 2.93800 0.90000, -0.55000 -3.35000 0.10000"
933,0.0000,Tx-Rx,0,-68.6276,"7.30900 2.93800 0.90000, -0.25000 -3.35000 0.10000"
934,0.0000,Tx-Rx,0,-58.0977,"7.30900 2.93800 0.90000, 0.05000 -3.35000 0.10000"
935,0.0000,Tx-Rx,0,-56.0051,"7.30900 2.93800 0.90000, 0.35000 -3.35000 0.10000"
936,0.0000,Tx-Rx,0,-58.5412,"7.30900 2.93800 0.90000, 0.65000 -3.35000 0.10000"
937,0.0000,Tx-Rx,0,-58.1240,"7.30900 2.93800 0.90000, 0.95000 -3.35000 0.10000"
938,0.0000,Tx-Rx,0,-57.7059,"7.30900 2.93800 0.90000, 1.25000 -3.35000 0.10000"
939,0.0000,Tx-Rx,0,-61.5969,"7.30900 2.93800 0.90000, 1.55000 -3.35000 0.10000"
940,0.0000,Tx-Rx,0,-64.9098,"7.30900 2.93800 0.90000, 1.85000 -3.35000 0.10000"
941,0.0000,Tx-Rx,0,-64.1915,"7.30900 2.93800 0.90000, 2.15000 -3.35000 0.10000"
942,0.0000,Tx-Rx,0,-64.5401,"7.30900 2.93800 0.90000, 2.45000 -3.35000 0.10000"
943,0.0000,Tx-Rx,0,-64.9508,"7.30900 2.93800 0.90000, 2.75000 -3.35000 0.10000"
944,0.0000,Tx-Rx,0,-64.1880,"7.30900 2.93800 0.90000, 3.05000 -3.35000 0.10000"
945,0.0000,Tx-Rx,0,-64.8289,"7.30900 2.93800 0.90000, 3.35000 -3.35000 0.10000"
946,0.0000,Tx-Rx,0,-66.1915,"7.30900 2.93800 0.90000, 3.65000 -3.35000 0.10000"
947,0.0000,Tx-Rx,0,-66.0700,"7.30900 2.93800 0.90000, 3.95000 -3.35000 0.10000"
948,0.0000,Tx-Rx,0,-64.0815,"7.30900 2.93800 0.90000, 4.25000 -3.35000 0.10000"
949,0.0000,Tx-Rx,0,-64.0719,"7.30900 2.93800 0.90000, 4.55000 -3.35000 0.10000"
950,0.0000,Tx-Rx,0,-64.5008,"7.30900 2.93800 0.90000, 4.85000 -3.35000 0.10000"
951,0.0000,Tx-Rx,0,-64.2798,"7.30900 2.93800 0.90000, 5.15000 -3.35000 0.10000"
952,0.0000,Tx-Rx,0,-64.2629,"7.30900 2.93800 0.90000, 5.45000 -3.35000 0.10000"
953,0.0000,Tx-Rx,0,-60.9144,"7.30900 2.93800 0.90000, 5.75000 -3.35000 0.10000"
954,0.0000,Tx-Rx,0,-50.5958,"7.30900 2.93800 0.90000, 6.05000 -3.35000 0.10000"
955,0.0000,Tx-Rx,0,-53.2047,"7.30900 2.93800 0.90000, 6.35000 -3.35000 0.10000"
956,0.0000,Tx-Rx,0,-56.4126,"7.30900 2.93800 0.90000, 6.65000 -3.35000 0.10000"
957,0.0000,Tx-Rx,0,-56.4100,"7.30900 2.93800 0.90000, 6.95000 -3.35000 0.10000"
958,0.0000,Tx-Rx,0,-56.2123,"7.30900 2.93800 0.90000, 7.25000 -3.35000 0.10000"
959,0.0000,Tx-Rx,0,-56.2143,"7.30900 2.93800 0.90000, 7.55000 -3.35000 0.10000"
960,0.0000,Tx-Rx,0,-55.4050,"7.30900 2.93800 0.90000, 7.85000 -3.35000 0.10000"
961,0.0000,Tx-Rx,0,-78.0515,"7.30900 2.93800 0.90000, -9.85000 -3.05000 0.10000"
962,0.0000,Tx-Rx,0,-73.2940,"7.30900 2.93800 0.90000, -9.55000 -3.05000 0.10000"
963,0.0000,Tx-Rx,0,-68.3748,"7.30900 2.93800 0.90000, -9.25000 -3.05000 0.10000"
964,0.0000,Tx-Rx,0,-67.9453,"7.30900 2.93800 0.90000, -8.95000 -3.05000 0.10000"
965,0.0000,Tx-Rx,0,-73.9819,"7.30900 2.93800 0.90000, -8.65000 -3.05000 0.10000"
966,0.0000,Tx-Rx,0,-73.8437,"7.30900 2.93800 0.90000, -8.35000 -3.05000 0.10000"
967,0.0000,Tx-Rx,0,-72.5675,"7.30900 2.93800 0.90000, -8.05000 -3.05000 0.10000"
968,0.0000,Tx-Rx,0,-69.4454,"7.30900 2.93800 0.90000, -7.75000 -3.05000 0.10000"
969,0.0000,Tx-Rx,0,-69.1445,"7.30900 2.93800 0.90000, -7.45000 -3.05000 0.10000"
970,0.0000,Tx-Rx,0,-68.7185,"7.30900 2.93800 0.90000, -7.15000 -3.05000 0.10000"
971,0.0000,Tx-Rx,0,-68.1633,"7.30900 2.93800 0.90000, -6.85000 -3.05000 0.10000"
972,0.0000,Tx-Rx,0,-67.0881,"7.30900 2.93800 0.90000, -6.55000 -3.05000 0.10000"
973,0.0000,Tx-Rx,0,-65.8291,"7.30900 2.93800 0.90000, -6.25000 -3.05000 0.10000"
974,0.0000,Tx-Rx,0,-68.3839,"7.30900 2.93800 0.90000, -5.95000 -3.05000 0.10000"
975,0.0000,Tx-Rx,0,-70.1553,"7.30900 2.93800 0.90000, -5.65000 -3.05000 0.10000"
976,0.0000,Tx-Rx,0,-70.7879,"7.30900 2.93800 0.90000, -5.35000 -3.05000 0.10000"
977,0.0000,Tx-Rx,0,-71.9143,"7.30900 2.93800 0.90000, -5.05000 -3.05000 0.10000"
978,0.0000,Tx-Rx,0,-71.8238,"7.30900 2.93800 0.90000, -4.75000 -3.05000 0.10000"
979,0.0000,Tx-Rx,0,-71.6192,"7.30900 2.93800 0.90000, -4.45000 -3.05000 0.10000"
980,0.0000,Tx-Rx,0,-70.3690,"7.30900 2.93800 0.90000, -4.15000 -3.05000 0.10000"
981,0.0000,Tx-Rx,0,-68.9347,"7.30900 2.93800 0.90000, -3.85000 -3.05000 0.10000"
982,0.0000,Tx-Rx,0,-68.1557,"7.30900 2.93800 0.90000, -3.55000 -3.05000 0.10000"
983,0.0000,Tx-Rx,0,-67.8936,"7.30900 2.93800 0.90000, -3.25000 -3.05000 0.10000"
984,0.0000,Tx-Rx,0,-66.6864,"7.30900 2.93800 0.90000, -2.95000 -3.05000 0.10000"
985,0.0000,Tx-Rx,0,-66.1469,"7.30900 2.93800 0.90000, -2.65000 -3.05000 0.10000"
986,0.0000,Tx-Rx,0,-65.9037,"7.30900 2.93800 0.90000, -2.35000 -3.05000 0.10000"
987,0.0000,Tx-Rx,0,-66.2849,"7.30900 2.93800 0.90000, -2.05000 -3.05000 0.10000"
988,0.0000,Tx-Rx,0,-66.2980,"7.30900 2.93800 0.90000, -1.75000 -3.05000 0.10000"
989,0.0000,Tx-Rx,0,-67.3427,"7.30900 2.93800 0.90000, -1.45000 -3.05000 0.10000"
990,0.0000,Tx-Rx,0,-67.0869,"7.30900 2.93800 0.90000, -1.15000 -3.05000 0.10000"
991,0.0000,Tx-Rx,0,-68.0983,"7.30900 2.93800 0.90000, -0.85000 -3.05000 0.10000"
992,0.0000,Tx-Rx,0,-68.7478,"7.30900 2.93800 0.90000, -0.55000 -3.05000 0.10000"
993,0.0000,Tx-Rx,0,-69.2848,"7.30900 2.93800 0.90000, -0.25000 -3.05000 0.10000"
994,0.0000,Tx-Rx,0,-60.5877,"7.30900 2.93800 0.90000, 0.05000 -3.05000 0.10000"
995,0.0000,Tx-Rx,0,-57.4383,"7.30900 2.93800 0.90000, 0.35000 -3.05000 0.10000"
996,0.0000,Tx-Rx,0,-56.2552,"7.30900 2.93800 0.90000, 0.65000 -3.05000 0.10000"
997,0.0000,Tx-Rx,0,-58.5559,"7.30900 2.93800 0.90000, 0.95000 -3.05000 0.10000"
998,0.0000,Tx-Rx,0,-57.6265,"7.30900 2.93800 0.90000, 1.25000 -3.05000 0.10000"
999,0.0000,Tx-Rx,0,-57.5472,"7.30900 2.93800 0.90000, 1.55000 -3.05000 0.10000"
1000,0.0000,Tx-Rx,0,-62.5895,"7.30900 2.93800 0.90000, 1.85000 -3.05000 0.10000"
1001,0.0000,Tx-Rx,0,-65.1020,"7.30900 2.93800 0.90000, 2.15000 -3.05000 0.10000"
1002,0.0000,Tx-Rx,0,-64.3844,"7.30900 2.93800 0.90000, 2.45000 -3.05000 0.10000"
1003,0.0000,Tx-Rx,0,-64.4936,"7.30900 2.93800 0.90000, 2.75000 -3.05000 0.10000"
1004,0.0000,Tx-Rx,0,-64.3343,"7.30900 2.93800 0.90000, 3.05000 -3.05000 0.10000"
1005,0.0000,Tx-Rx,0,-65.7241,"7.30900 2.93800 0.90000, 3.35000 -3.05000 0.10000"
1006,0.0000,Tx-Rx,0,-67.1239,"7.30900 2.93800 0.90000, 3.65000 -3.05000 0.10000"
1007,0.0000,Tx-Rx,0,-65.8360,"7.30900 2.93800 0.90000, 3.95000 -3.05000 0.10000"
1008,0.0000,Tx-Rx,0,-64.8501,"7.30900 2.93800 0.90000, 4.25000 -3.05000 0.10000"
1009,0.0000,Tx-Rx,0,-64.5725,"7.30900 2.93800 0.90000, 4.55000 -3.05000 0.10000"
1010,0.0000,Tx-Rx,0,-64.1511,"7.30900 2.93800 0.90000, 4.85000 -3.05000 0.10000"
1011,0.0000,Tx-Rx,0,-63.1895,"7.30900 2.93800 0.90000, 5.15000 -3.05000 0.10000"
1012,0.0000,Tx-Rx,0,-63.1280,"7.30900 2.93800 0.90000, 5.45000 -3.05000 0.10000"
1013,0.0000,Tx-Rx,0,-62.2092,"7.30900 2.93800 0.90000, 5.75000 -3.05000 0.10000"
1014,0.0000,Tx-Rx,0,-50.1913,"7.30900 2.93800 0.90000, 6.05000 -3.05000 0.10000"
1015,0.0000,Tx-Rx,0,-53.1992,"7.30900 2.93800 0.90000, 6.35000 -3.05000 0.10000"
1016,0.0000,Tx-Rx,0,-56.1209,"7.30900 2.93800 0.90000, 6.65000 -3.05000 0.10000"
1017,0.0000,Tx-Rx,0,-56.2317,"7.30900 2.93800 0.90000, 6.95000 -3.05000 0.10000"
1018,0.0000,Tx-Rx,0,-55.8214,"7.30900 2.93800 0.90000, 7.25000 -3.05000 0.10000"
1019,0.0000,Tx-Rx,0,-55.6662,"7.30900 2.93800 0.90000, 7.55000 -3.05000 0.10000"
1020,0.0000,Tx-Rx,0,-55.1386,"7.30900 2.93800 0.90000, 7.85000 -3.05000 0.10000"
1021,0.0000,Tx-Rx,0,-69.4927,"7.30900 2.93800 0.90000, -9.85000 -2.75000 0.10000"
1022,0.0000,Tx-Rx,0,-68.1635,"7.30900 2.93800 0.90000, -9.55000 -2.75000 0.10000"
1023,0.0000,Tx-Rx,0,-68.6398,"7.30900 2.93800 0.90000, -9.25000 -2.75000 0.10000"
1024,0.0000,Tx-Rx,0,-66.1482,"7.30900 2.93800 0.90000, -8.95000 -2.75000 0.10000"
1025,0.0000,Tx-Rx,0,-64.4008,"7.30900 2.93800 0.90000, -8.65000 -2.75000 0.10000"
1026,0.0000,Tx-Rx,0,-66.4140,"7.30900 2.93800 0.90000, -8.35000 -2.75000 0.10000"
1027,0.0000,Tx-Rx,0,-69.3524,"7.30900 2.93800 0.90000, -8.05000 -2.75000 0.10000"
1028,0.0000,Tx-Rx,0,-69.1885,"7.30900 2.93800 0.90000, -7.75000 -2.75000 0.10000"
1029,0.0000,Tx-Rx,0,-67.6268,"7.30900 2.93800 0.90000, -7.45000 -2.75000 0.10000"
1030,0.0000,Tx-Rx,0,-66.2417,"7.30900 2.93800 0.90000, -7.15000 -2.75000 0.10000"
1031,0.0000,Tx-Rx,0,-66.2606,"7.30900 2.93800 0.90000, -6.85000 -2.75000 0.10000"
1032,0.0000,Tx-Rx,0,-65.8036,"7.30900 2.93800 0.90000, -6.55000 -2.75000 0.10000"
1033,0.0000,Tx-Rx,0,-66.2017,"7.30900 2.93800 0.90000, -6.25000 -2.75000 0.10000"
1034,0.0000,Tx-Rx,0,-65.1550,"7.30900 2.93800 0.90000, -5.95000 -2.75000 0.10000"
1035,0.0000,Tx-Rx,0,-65.7776,"7.30900 2.93800 0.90000, -5.65000 -2.75000 0.10000"
1036,0.0000,Tx-Rx,0,-69.0196,"7.30900 2.93800 0.90000, -5.35000 -2.75000 0.10000"
1037,0.0000,Tx-Rx,0,-69.8355,"7.30900 2.93800 0.90000, -5.05000 -2.75000 0.10000"
1038,0.0000,Tx-Rx,0,-70.7055,"7.30900 2.93800 0.90000, -4.75000 -2.75000 0.10000"
1039,0.0000,Tx-Rx,0,-70.9232,"7.30900 2.93800 0.90000, -4.45000 -2.75000 0.10000"
1040,0.0000,Tx-Rx,0,-71.2316,"7.30900 2.93800 0.90000, -4.15000 -2.75000 0.10000"
1041,0.0000,Tx-Rx,0,-67.2343,"7.30900 2.93800 0.90000, -3.85000 -2.75000 0.10000"
1042,0.0000,Tx-Rx,0,-65.9780,"7.30900 2.93800 0.90000, -3.55000 -2.75000 0.10000"
1043,0.0000,Tx-Rx,0,-64.9599,"7.30900 2.93800 0.90000, -3.25000 -2.75000 0.10000"
1044,0.0000,Tx-Rx,0,-64.9255,"7.30900 2.93800 0.90000, -2.95000 -2.75000 0.10000"
1045,0.0000,Tx-Rx,0,-65.7563,"7.30900 2.93800 0.90000, -2.65000 -2.75000 0.10000"
1046,0.0000,Tx-Rx,0,-65.7972,"7.30900 2.93800 0.90000, -2.35000 -2.75000 0.10000"
1047,0.0000,Tx-Rx,0,-66.5554,"7.30900 2.93800 0.90000, -2.05000 -2.75000 0.10000"
1048,0.0000,Tx-Rx,0,-67.9319,"7.30900 2.93800 0.90000, -1.75000 -2.75000 0.10000"
1049,0.0000,Tx-Rx,0,-71.1944,"7.30900 2.93800 0.90000, -1.45000 -2.75000 0.10000"
1050,0.0000,Tx-Rx,0,-71.4908,"7.30900 2.93800 0.90000, -1.15000 -2.75000 0.10000"
1051,0.0000,Tx-Rx,0,-69.8926,"7.30900 2.93800 0.90000, -0.85000 -2.75000 0.10000"
1052,0.0000,Tx-Rx,0,-68.7532,"7.30900 2.93800 0.90000, -0.55000 -2.75000 0.10000"
1053,0.0000,Tx-Rx,0,-69.1334,"7.30900 2.93800 0.90000, -0.25000 -2.75000 0.10000"
1054,0.0000,Tx-Rx,0,-60.3703,"7.30900 2.93800 0.90000, 0.05000 -2.75000 0.10000"
1055,0.0000,Tx-Rx,0,-58.6977,"7.30900 2.93800 0.90000, 0.35000 -2.75000 0.10000"
1056,0.0000,Tx-Rx,0,-57.6263,"7.30900 2.93800 0.90000, 0.65000 -2.75000 0.10000"
1057,0.0000,Tx-Rx,0,-57.1115,"7.30900 2.93800 0.90000, 0.95000 -2.75000 0.10000"
1058,0.0000,Tx-Rx,0,-59.3289,"7.30900 2.93800 0.90000, 1.25000 -2.75000 0.10000"
1059,0.0000,Tx-Rx,0,-58.6053,"7.30900 2.93800 0.90000, 1.55000 -2.75000 0.10000"
1060,0.0000,Tx-Rx,0,-59.5870,"7.30900 2.93800 0.90000, 1.85000 -2.75000 0.10000"
1061,0.0000,Tx-Rx,0,-63.7410,"7.30900 2.93800 0.90000, 2.15000 -2.75000 0.10000"
1062,0.0000,Tx-Rx,0,-64.7440,"7.30900 2.93800 0.90000, 2.45000 -2.75000 0.10000"
1063,0.0000,Tx-Rx,0,-63.1461,"7.30900 2.93800 0.90000, 2.75000 -2.75000 0.10000"
1064,0.0000,Tx-Rx,0,-63.3618,"7.30900 2.93800 0.90000, 3.05000 -2.75000 0.10000"
1065,0.0000,Tx-Rx,0,-62.7105,"7.30900 2.93800 0.90000, 3.35000 -2.75000 0.10000"
1066,0.0000,Tx-Rx,0,-63.4198,"7.30900 2.93800 0.90000, 3.65000 -2.75000 0.10000"
1067,0.0000,Tx-Rx,0,-63.1883,"7.30900 2.93800 0.90000, 3.95000 -2.75000 0.10000"
1068,0.0000,Tx-Rx,0,-62.6000,"7.30900 2.93800 0.90000, 4.25000 -2.75000 0.10000"
1069,0.0000,Tx-Rx,0,-62.2835,"7.30900 2.93800 0.90000, 4.55000 -2.75000 0.10000"
1070,0.0000,Tx-Rx,0,-62.1943,"7.30900 2.93800 0.90000, 4.85000 -2.75000 0.10000"
1071,0.0000,Tx-Rx,0,-61.2329,"7.30900 2.93800 0.90000, 5.15000 -2.75000 0.10000"
1072,0.0000,Tx-Rx,0,-60.5041,"7.30900 2.93800 0.90000, 5.45000 -2.75000 0.10000"
1073,0.0000,Tx-Rx,0,-60.9640,"7.30900 2.93800 0.90000, 5.75000 -2.75000 0.10000"
1074,0.0000,Tx-Rx,0,-50.2496,"7.30900 2.93800 0.90000, 6.05000 -2.75000 0.10000"
1075,0.0000,Tx-Rx,0,-52.8569,"7.30900 2.93800 0.90000, 6.35000 -2.75000 0.10000"
1076,0.0000,Tx-Rx,0,-55.7521,"7.30900 2.93800 0.90000, 6.65000 -2.75000 0.10000"
1077,0.0000,Tx-Rx,0,-55.6783,"7.30900 2.93800 0.90000, 6.95000 -2.75000 0.10000"
1078,0.0000,Tx-Rx,0,-55.0470,"7.30900 2.93800 0.90000, 7.25000 -2.75000 0.10000"
1079,0.0000,Tx-Rx,0,-54.7817,"7.30900 2.93800 0.90000, 7.55000 -2.75000 0.10000"
1080,0.0000,Tx-Rx,0,-54.4365,"7.30900 2.93800 0.90000, 7.85000 -2.75000 0.10000"
1081,0.0000,Tx-Rx,0,-62.0266,"7.30900 2.93800 0.90000, -9.85000 -2.45000 0.10000"
1082,0.0000,Tx-Rx,0,-64.6358,"7.30900 2.93800 0.90000, -9.55000 -2.45000 0.10000"
1083,0.0000,Tx-Rx,0,-64.8414,"7.30900 2.93800 0.90000, -9.25000 -2.45000 0.10000"
1084,0.0000,Tx-Rx,0,-64.9781,"7.30900 2.93800 0.90000, -8.95000 -2.45000 0.10000"
1085,0.0000,Tx-Rx,0,-64.0775,"7.30900 2.93800 0.90000, -8.65000 -2.45000 0.10000"
1086,0.0000,Tx-Rx,0,-62.4762,"7.30900 2.93800 0.90000, -8.35000 -2.45000 0.10000"
1087,0.0000,Tx-Rx,0,-62.7304,"7.30900 2.93800 0.90000, -8.05000 -2.45000 0.10000"
1088,0.0000,Tx-Rx,0,-63.7784,"7.30900 2.93800 0.90000, -7.75000 -2.45000 0.10000"
1089,0.0000,Tx-Rx,0,-65.1563,"7.30900 2.93800 0.90000, -7.45000 -2.45000 0.10000"
1090,0.0000,Tx-Rx,0,-65.2662,"7.30900 2.93800 0.90000, -7.15000 -2.45000 0.10000"
1091,0.0000,Tx-Rx,0,-65.1591,"7.30900 2.93800 0.90000, -6.85000 -2.45000 0.10000"
1092,0.0000,Tx-Rx,0,-65.4688,"7.30900 2.93800 0.90000, -6.55000 -2.45000 0.10000"
1093,0.0000,Tx-Rx,0,-65.7436,"7.30900 2.93800 0.90000, -6.25000 -2.45000 0.10000"
1094,0.0000,Tx-Rx,0,-65.4121,"7.30900 2.93800 0.90000, -5.95000 -2.45000 0.10000"
1095,0.0000,Tx-Rx,0,-65.6727,"7.30900 2.93800 0.90000, -5.65000 -2.45000 0.10000"
1096,0.0000,Tx-Rx,0,-64.9238,"7.30900 2.93800 0.90000, -5.35000 -2.45000 0.10000"
1097,0.0000,Tx-Rx,0,-67.0578,"7.30900 2.93800 0.90000, -5.05000 -2.45000 0.10000"
1098,0.0000,Tx-Rx,0,-69.9891,"7.30900 2.93800 0.90000, -4.75000 -2.45000 0.10000"
1099,0.0000,Tx-Rx,0,-67.2925,"7.30900 2.93800 0.90000, -4.45000 -2.45000 0.10000"
1100,0.0000,Tx-Rx,0,-66.1943,"7.30900 2.93800 0.90000, -4.15000 -2.45000 0.10000"
1101,0.0000,Tx-Rx,0,-65.9895,"7.30900 2.93800 0.90000, -3.85000 -2.45000 0.10000"
1102,0.0000,Tx-Rx,0,-65.7146,"7.30900 2.93800 0.90000, -3.55000 -2.45000 0.10000"
1103,0.0000,Tx-Rx,0,-66.2344,"7.30900 2.93800 0.90000, -3.25000 -2.45000 0.10000"
1104,0.0000,Tx-Rx,0,-66.3143,"7.30900 2.93800 0.90000, -2.95000 -2.45000 0.10000"
1105,0.0000,Tx-Rx,0,-67.1852,"7.30900 2.93800 0.90000, -2.65000 -2.45000 0.10000"
1106,0.0000,Tx-Rx,0,-68.8688,"7.30900 2.93800 0.90000, -2.35000 -2.45000 0.10000"
1107,0.0000,Tx-Rx,0,-69.3244,"7.30900 2.93800 0.90000, -2.05000 -2.45000 0.10000"
1108,0.0000,Tx-Rx,0,-68.6169,"7.30900 2.93800 0.90000, -1.75000 -2.45000 0.10000"
1109,0.0000,Tx-Rx,0,-68.7999,"7.30900 2.93800 0.90000, -1.45000 -2.45000 0.10000"
1110,0.0000,Tx-Rx,0,-69.1485,"7.30900 2.93800 0.90000, -1.15000 -2.45000 0.10000"
1111,0.0000,Tx-Rx,0,-68.8987,"7.30900 2.93800 0.90000, -0.85000 -2.45000 0.10000"
1112,0.0000,Tx-Rx,0,-68.1838,"7.30900 2.93800 0.90000, -0.55000 -2.45000 0.10000"
1113,0.0000,Tx-Rx,0,-66.9275,"7.30900 2.93800 0.90000, -0.25000 -2.45000 0.10000"
1114,0.0000,Tx-Rx,0,-60.0313,"7.30900 2.93800 0.90000, 0.05000 -2.45000 0.10000"
1115,0.0000,Tx-Rx,0,-58.6577,"7.30900 2.93800 0.90000, 0.35000 -2.45000 0.10000"
1116,0.0000,Tx-Rx,0,-58.5439,"7.30900 2.93800 0.90000, 0.65000 -2.45000 0.10000"
1117,0.0000,Tx-Rx,0,-59.0424,"7.30900 2.93800 0.90000, 0.95000 -2.45000 0.10000"
1118,0.0000,Tx-Rx,0,-61.8585,"7.30900 2.93800 0.90000, 1.25000 -2.45000 0.10000"
1119,0.0000,Tx-Rx,0,-62.3792,"7.30900 2.93800 0.90000, 1.55000 -2.45000 0.10000"
1120,0.0000,Tx-Rx,0,-62.0049,"7.30900 2.93800 0.90000, 1.85000 -2.45000 0.10000"
1121,0.0000,Tx-Rx,0,-61.5859,"7.30900 2.93800 0.90000, 2.15000 -2.45000 0.10000"
1122,0.0000,Tx-Rx,0,-58.8326,"7.30900 2.93800 0.90000, 2.45000 -2.45000 0.10000"
1123,0.0000,Tx-Rx,0,-57.0532,"7.30900 2.93800 0.90000, 2.75000 -2.45000 0.10000"
1124,0.0000,Tx-Rx,0,-56.3658,"7.30900 2.93800 0.90000, 3.05000 -2.45000 0.10000"
1125,0.0000,Tx-Rx,0,-56.0338,"7.30900 2.93800 0.90000, 3.35000 -2.45000 0.10000"
1126,0.0000,Tx-Rx,0,-55.4389,"7.30900 2.93800 0.90000, 3.65000 -2.45000 0.10000"
1127,0.0000,Tx-Rx,0,-55.3752,"7.30900 2.93800 0.90000, 3.95000 -2.45000 0.10000"
1128,0.0000,Tx-Rx,0,-55.6131,"7.30900 2.93800 0.90000, 4.25000 -2.45000 0.10000"
1129,0.0000,Tx-Rx,0,-54.8898,"7.30900 2.93800 0.90000, 4.55000 -2.45000 0.10000"
1130,0.0000,Tx-Rx,0,-55.2102,"7.30900 2.93800 0.90000, 4.85000 -2.45000 0.10000"
1131,0.0000,Tx-Rx,0,-54.4692,"7.30900 2.93800 0.90000, 5.15000 -2.45000 0.10000"
1132,0.0000,Tx-Rx,0,-54.5985,"7.30900 2.93800 0.90000, 5.45000 -2.45000 0.10000"
1133,0.0000,Tx-Rx,0,-56.0564,"7.30900 2.93800 0.90000, 5.75000 -2.45000 0.10000"
1134,0.0000,Tx-Rx,0,-53.3761,"7.30900 2.93800 0.90000, 6.05000 -2.45000 0.10000"
1135,0.0000,Tx-Rx,0,-54.8183,"7.30900 2.93800 0.90000, 6.35000 -2.45000 0.10000"
1136,0.0000,Tx-Rx,0,-54.3359,"7.30900 2.93800 0.90000, 6.65000 -2.45000 0.10000"
1137,0.0000,Tx-Rx,0,-52.8674,"7.30900 2.93800 0.90000, 6.95000 -2.45000 0.10000"
1138,0.0000,Tx-Rx,0,-52.4775,"7.30900 2.93800 0.90000, 7.25000 -2.45000 0.10000"
1139,0.0000,Tx-Rx,0,-52.3446,"7.30900 2.93800 0.90000, 7.55000 -2.45000 0.10000"
1140,0.0000,Tx-Rx,0,-52.2052,"7.30900 2.93800 0.90000, 7.85000 -2.45000 0.10000"
1141,0.0000,Tx-Rx,0,-56.4719,"7.30900 2.93800 0.90000, -9.85000 -2.15000 0.10000"
1142,0.0000,Tx-Rx,0,-57.1451,"7.30900 2.93800 0.90000, -9.55000 -2.15000 0.10000"
1143,0.0000,Tx-Rx,0,-57.0839,"7.30900 2.93800 0.90000, -9.25000 -2.15000 0.10000"
1144,0.0000,Tx-Rx,0,-59.6355,"7.30900 2.93800 0.90000, -8.95000 -2.15000 0.10000"
1145,0.0000,Tx-Rx,0,-61.0347,"7.30900 2.93800 0.90000, -8.65000 -2.15000 0.10000"
1146,0.0000,Tx-Rx,0,-60.7605,"7.30900 2.93800 0.90000, -8.35000 -2.15000 0.10000"
1147,0.0000,Tx-Rx,0,-60.3536,"7.30900 2.93800 0.90000, -8.05000 -2.15000 0.10000"
1148,0.0000,Tx-Rx,0,-61.0709,"7.30900 2.93800 0.90000, -7.75000 -2.15000 0.10000"
1149,0.0000,Tx-Rx,0,-61.9443,"7.30900 2.93800 0.90000, -7.45000 -2.15000 0.10000"
1150,0.0000,Tx-Rx,0,-63.6192,"7.30900 2.93800 0.90000, -7.15000 -2.15000 0.10000"
1151,0.0000,Tx-Rx,0,-66.0341,"7.30900 2.93800 0.90000, -6.85000 -2.15000 0.10000"
1152,0.0000,Tx-Rx,0,-66.1196,"7.30900 2.93800 0.90000, -6.55000 -2.15000 0.10000"
1153,0.0000,Tx-Rx,0,-65.4919,"7.30900 2.93800 0.90000, -6.25000 -2.15000 0.10000"
1154,0.0000,Tx-Rx,0,-65.2403,"7.30900 2.93800 0.90000, -5.95000 -2.15000 0.10000"
1155,0.0000,Tx-Rx,0,-65.5426,"7.30900 2.93800 0.90000, -5.65000 -2.15000 0.10000"
1156,0.0000,Tx-Rx,0,-65.5809,"7.30900 2.93800 0.90000, -5.35000 -2.15000 0.10000"
1157,0.0000,Tx-Rx,0,-64.4929,"7.30900 2.93800 0.90000, -5.05000 -2.15000 0.10000"
1158,0.0000,Tx-Rx,0,-64.0834,"7.30900 2.93800 0.90000, -4.75000 -2.15000 0.10000"
1159,0.0000,Tx-Rx,0,-65.3956,"7.30900 2.93800 0.90000, -4.45000 -2.15000 0.10000"
1160,0.0000,Tx-Rx,0,-66.0523,"7.30900 2.93800 0.90000, -4.15000 -2.15000 0.10000"
1161,0.0000,Tx-Rx,0,-66.4431,"7.30900 2.93800 0.90000, -3.85000 -2.15000 0.10000"
1162,0.0000,Tx-Rx,0,-66.2700,"7.30900 2.93800 0.90000, -3.55000 -2.15000 0.10000"
1163,0.0000,Tx-Rx,0,-67.5184,"7.30900 2.93800 0.90000, -3.25000 -2.15000 0.10000"
1164,0.0000,Tx-Rx,0,-68.8143,"7.30900 2.93800 0.90000, -2.95000 -2.15000 0.10000"
1165,0.0000,Tx-Rx,0,-69.4629,"7.30900 2.93800 0.90000, -2.65000 -2.15000 0.10000"
1166,0.0000,Tx-Rx,0,-68.7010,"7.30900 2.93800 0.90000, -2.35000 -2.15000 0.10000"
1167,0.0000,Tx-Rx,0,-68.7994,"7.30900 2.93800 0.90000, -2.05000 -2.15000 0.10000"
1168,0.0000,Tx-Rx,0,-67.7216,"7.30900 2.93800 0.90000, -1.75000 -2.15000 0.10000"
1169,0.0000,Tx-Rx,0,-66.9370,"7.30900 2.93800 0.90000, -1.45000 -2.15000 0.10000"
1170,0.0000,Tx-Rx,0,-66.5261,"7.30900 2.93800 0.90000, -1.15000 -2.15000 0.10000"
1171,0.0000,Tx-Rx,0,-66.4795,"7.30900 2.93800 0.90000, -0.85000 -2.15000 0.10000"
1172,0.0000,Tx-Rx,0,-65.5875,"7.30900 2.93800 0.90000, -0.55000 -2.15000 0.10000"
1173,0.0000,Tx-Rx,0,-63.2971,"7.30900 2.93800 0.90000, -0.25000 -2.15000 0.10000"
1174,0.0000,Tx-Rx,0,-60.1853,"7.30900 2.93800 0.90000, 0.05000 -2.15000 0.10000"
1175,0.0000,Tx-Rx,0,-58.7388,"7.30900 2.93800 0.90000, 0.35000 -2.15000 0.10000"
1176,0.0000,Tx-Rx,0,-58.5215,"7.30900 2.93800 0.90000, 0.65000 -2.15000 0.10000"
1177,0.0000,Tx-Rx,0,-58.5503,"7.30900 2.93800 0.90000, 0.95000 -2.15000 0.10000"
1178,0.0000,Tx-Rx,0,-58.9771,"7.30900 2.93800 0.90000, 1.25000 -2.15000 0.10000"
1179,0.0000,Tx-Rx,0,-62.0964,"7.30900 2.93800 0.90000, 1.55000 -2.15000 0.10000"
1180,0.0000,Tx-Rx,0,-62.4224,"7.30900 2.93800 0.90000, 1.85000 -2.15000 0.10000"
1181,0.0000,Tx-Rx,0,-62.0196,"7.30900 2.93800 0.90000, 2.15000 -2.15000 0.10000"
1182,0.0000,Tx-Rx,0,-60.9007,"7.30900 2.93800 0.90000, 2.45000 -2.15000 0.10000"
1183,0.0000,Tx-Rx,0,-56.7930,"7.30900 2.93800 0.90000, 2.75000 -2.15000 0.10000"
1184,0.0000,Tx-Rx,0,-56.2237,"7.30900 2.93800 0.90000, 3.05000 -2.15000 0.10000"
1185,0.0000,Tx-Rx,0,-55.4956,"7.30900 2.93800 0.90000, 3.35000 -2.15000 0.10000"
1186,0.0000,Tx-Rx,0,-54.9452,"7.30900 2.93800 0.90000, 3.65000 -2.15000 0.10000"
1187,0.0000,Tx-Rx,0,-54.6116,"7.30900 2.93800 0.90000, 3.95000 -2.15000 0.10000"
1188,0.0000,Tx-Rx,0,-54.4095,"7.30900 2.93800 0.90000, 4.25000 -2.15000 0.10000"
1189,0.0000,Tx-Rx,0,-54.0919,"7.30900 2.93800 0.90000, 4.55000 -2.15000 0.10000"
1190,0.0000,Tx-Rx,0,-54.6862,"7.30900 2.93800 0.90000, 4.85000 -2.15000 0.10000"
1191,0.0000,Tx-Rx,0,-53.8440,"7.30900 2.93800 0.90000, 5.15000 -2.15000 0.10000"
1192,0.0000,Tx-Rx,0,-53.4607,"7.30900 2.93800 0.90000, 5.45000 -2.15000 0.10000"
1193,0.0000,Tx-Rx,0,-53.0047,"7.30900 2.93800 0.90000, 5.75000 -2.15000 0.10000"
1194,0.0000,Tx-Rx,0,-53.0021,"7.30900 2.93800 0.90000, 6.05000 -2.15000 0.10000"
1195,0.0000,Tx-Rx,0,-54.3599,"7.30900 2.93800 0.90000, 6.35000 -2.15000 0.10000"
1196,0.0000,Tx-Rx,0,-55.1201,"7.30900 2.93800 0.90000, 6.65000 -2.15000 0.10000"
1197,0.0000,Tx-Rx,0,-51.3173,"7.30900 2.93800 0.90000, 6.95000 -2.15000 0.10000"
1198,0.0000,Tx-Rx,0,-51.1258,"7.30900 2.93800 0.90000, 7.25000 -2.15000 0.10000"
1199,0.0000,Tx-Rx,0,-50.9240,"7.30900 2.93800 0.90000, 7.55000 -2.15000 0.10000"
1200,0.0000,Tx-Rx,0,-50.8609,"7.30900 2.93800 0.90000, 7.85000 -2.15000 0.10000"
1201,0.0000,Tx-Rx,0,-55.6436,"7.30900 2.93800 0.90000, -9.85000 -1.85000 0.10000"
1202,0.0000,Tx-Rx,0,-54.8849,"7.30900 2.93800 0.90000, -9.55000 -1.85000 0.10000"
1203,0.0000,Tx-Rx,0,-54.7036,"7.30900 2.93800 0.90000, -9.25000 -1.85000 0.10000"
1204,0.0000,Tx-Rx,0,-55.3188,"7.30900 2.93800 0.90000, -8.95000 -1.85000 0.10000"
1205,0.0000,Tx-Rx,0,-55.9229,"7.30900 2.93800 0.90000, -8.65000 -1.85000 0.10000"
1206,0.0000,Tx-Rx,0,-57.8629,"7.30900 2.93800 0.90000, -8.35000 -1.85000 0.10000"
1207,0.0000,Tx-Rx,0,-59.5099,"7.30900 2.93800 0.90000, -8.05000 -1.85000 0.10000"
1208,0.0000,Tx-Rx,0,-60.7844,"7.30900 2.93800 0.90000, -7.75000 -1.85000 0.10000"
1209,0.0000,Tx-Rx,0,-60.3871,"7.30900 2.93800 0.90000, -7.45000 -1.85000 0.10000"
1210,0.0000,Tx-Rx,0,-60.2672,"7.30900 2.93800 0.90000, -7.15000 -1.85000 0.10000"
1211,0.0000,Tx-Rx,0,-61.3587,"7.30900 2.93800 0.90000, -6.85000 -1.85000 0.10000"
1212,0.0000,Tx-Rx,0,-63.3931,"7.30900 2.93800 0.90000, -6.55000 -1.85000 0.10000"
1213,0.0000,Tx-Rx,0,-66.1829,"7.30900 2.93800 0.90000, -6.25000 -1.85000 0.10000"
1214,0.0000,Tx-Rx,0,-66.3951,"7.30900 2.93800 0.90000, -5.95000 -1.85000 0.10000"
1215,0.0000,Tx-Rx,0,-66.1091,"7.30900 2.93800 0.90000, -5.65000 -1.85000 0.10000"
1216,0.0000,Tx-Rx,0,-64.8349,"7.30900 2.93800 0.90000, -5.35000 -1.85000 0.10000"
1217,0.0000,Tx-Rx,0,-64.7743,"7.30900 2.93800 0.90000, -5.05000 -1.85000 0.10000"
1218,0.0000,Tx-Rx,0,-64.5969,"7.30900 2.93800 0.90000, -4.75000 -1.85000 0.10000"
1219,0.0000,Tx-Rx,0,-63.7804,"7.30900 2.93800 0.90000, -4.45000 -1.85000 0.10000"
1220,0.0000,Tx-Rx,0,-64.5315,"7.30900 2.93800 0.90000, -4.15000 -1.85000 0.10000"
1221,0.0000,Tx-Rx,0,-68.3804,"7.30900 2.93800 0.90000, -3.85000 -1.85000 0.10000"
1222,0.0000,Tx-Rx,0,-70.0902,"7.30900 2.93800 0.90000, -3.55000 -1.85000 0.10000"
1223,0.0000,Tx-Rx,0,-70.3153,"7.30900 2.93800 0.90000, -3.25000 -1.85000 0.10000"
1224,0.0000,Tx-Rx,0,-66.9117,"7.30900 2.93800 0.90000, -2.95000 -1.85000 0.10000"
1225,0.0000,Tx-Rx,0,-64.2869,"7.30900 2.93800 0.90000, -2.65000 -1.85000 0.10000"
1226,0.0000,Tx-Rx,0,-64.3249,"7.30900 2.93800 0.90000, -2.35000 -1.85000 0.10000"
1227,0.0000,Tx-Rx,0,-63.4640,"7.30900 2.93800 0.90000, -2.05000 -1.85000 0.10000"
1228,0.0000,Tx-Rx,0,-63.4537,"7.30900 2.93800 0.90000, -1.75000 -1.85000 0.10000"
1229,0.0000,Tx-Rx,0,-65.0902,"7.30900 2.93800 0.90000, -1.45000 -1.85000 0.10000"
1230,0.0000,Tx-Rx,0,-66.8363,"7.30900 2.93800 0.90000, -1.15000 -1.85000 0.10000"
1231,0.0000,Tx-Rx,0,-66.7938,"7.30900 2.93800 0.90000, -0.85000 -1.85000 0.10000"
1232,0.0000,Tx-Rx,0,-67.7166,"7.30900 2.93800 0.90000, -0.55000 -1.85000 0.10000"
1233,0.0000,Tx-Rx,0,-71.4741,"7.30900 2.93800 0.90000, -0.25000 -1.85000 0.10000"
1234,0.0000,Tx-Rx,0,-60.1535,"7.30900 2.93800 0.90000, 0.05000 -1.85000 0.10000"
1235,0.0000,Tx-Rx,0,-58.3762,"7.30900 2.93800 0.90000, 0.35000 -1.85000 0.10000"
1236,0.0000,Tx-Rx,0,-58.2688,"7.30900 2.93800 0.90000, 0.65000 -1.85000 0.10000"
1237,0.0000,Tx-Rx,0,-58.1568,"7.30900 2.93800 0.90000, 0.95000 -1.85000 0.10000"
1238,0.0000,Tx-Rx,0,-58.5583,"7.30900 2.93800 0.90000, 1.25000 -1.85000 0.10000"
1239,0.0000,Tx-Rx,0,-59.4048,"7.30900 2.93800 0.90000, 1.55000 -1.85000 0.10000"
1240,0.0000,Tx-Rx,0,-62.1111,"7.30900 2.93800 0.90000, 1.85000 -1.85000 0.10000"
1241,0.0000,Tx-Rx,0,-59.9670,"7.30900 2.93800 0.90000, 2.15000 -1.85000 0.10000"
1242,0.0000,Tx-Rx,0,-58.8370,"7.30900 2.93800 0.90000, 2.45000 -1.85000 0.10000"
1243,0.0000,Tx-Rx,0,-58.0505,"7.30900 2.93800 0.90000, 2.75000 -1.85000 0.10000"
1244,0.0000,Tx-Rx,0,-55.8026,"7.30900 2.93800 0.90000, 3.05000 -1.85000 0.10000"
1245,0.0000,Tx-Rx,0,-55.0788,"7.30900 2.93800 0.90000, 3.35000 -1.85000 0.10000"
1246,0.0000,Tx-Rx,0,-54.6329,"7.30900 2.93800 0.90000, 3.65000 -1.85000 0.10000"
1247,0.0000,Tx-Rx,0,-54.2896,"7.30900 2.93800 0.90000, 3.95000 -1.85000 0.10000"
1248,0.0000,Tx-Rx,0,-54.0410,"7.30900 2.93800 0.90000, 4.25000 -1.85000 0.10000"
1249,0.0000,Tx-Rx,0,-53.6119,"7.30900 2.93800 0.90000, 4.55000 -1.85000 0.10000"
1250,0.0000,Tx-Rx,0,-54.0207,"7.30900 2.93800 0.90000, 4.85000 -1.85000 0.10000"
1251,0.0000,Tx-Rx,0,-53.0688,"7.30900 2.93800 0.90000, 5.15000 -1.85000 0.10000"
1252,0.0000,Tx-Rx,0,-52.3496,"7.30900 2.93800 0.90000, 5.45000 -1.85000 0.10000"
1253,0.0000,Tx-Rx,0,-52.0730,"7.30900 2.93800 0.90000, 5.75000 -1.85000 0.10000"
1254,0.0000,Tx-Rx,0,-52.0812,"7.30900 2.93800 0.90000, 6.05000 -1.85000 0.10000"
1255,0.0000,Tx-Rx,0,-53.4789,"7.30900 2.93800 0.90000, 6.35000 -1.85000 0.10000"
1256,0.0000,Tx-Rx,0,-55.7420,"7.30900 2.93800 0.90000, 6.65000 -1.85000 0.10000"
1257,0.0000,Tx-Rx,0,-50.9561,"7.30900 2.93800 0.90000, 6.95000 -1.85000 0.10000"
1258,0.0000,Tx-Rx,0,-50.5636,"7.30900 2.93800 0.90000, 7.25000 -1.85000 0.10000"
1259,0.0000,Tx-Rx,0,-50.3049,"7.30900 2.93800 0.90000, 7.55000 -1.85000 0.10000"
1260,0.0000,Tx-Rx,0,-50.3199,"7.30900 2.93800 0.90000, 7.85000 -1.85000 0.10000"
1261,0.0000,Tx-Rx,0,-54.8921,"7.30900 2.93800 0.90000, -9.85000 -1.55000 0.10000"
1262,0.0000,Tx-Rx,0,-54.8671,"7.30900 2.93800 0.90000, -9.55000 -1.55000 0.10000"
1263,0.0000,Tx-Rx,0,-54.3921,"7.30900 2.93800 0.90000, -9.25000 -1.55000 0.10000"
1264,0.0000,Tx-Rx,0,-55.4586,"7.30900 2.93800 0.90000, -8.95000 -1.55000 0.10000"
1265,0.0000,Tx-Rx,0,-55.1057,"7.30900 2.93800 0.90000, -8.65000 -1.55000 0.10000"
1266,0.0000,Tx-Rx,0,-53.9937,"7.30900 2.93800 0.90000, -8.35000 -1.55000 0.10000"
1267,0.0000,Tx-Rx,0,-55.1055,"7.30900 2.93800 0.90000, -8.05000 -1.55000 0.10000"
1268,0.0000,Tx-Rx,0,-55.8289,"7.30900 2.93800 0.90000, -7.75000 -1.55000 0.10000"
1269,0.0000,Tx-Rx,0,-57.4602,"7.30900 2.93800 0.90000, -7.45000 -1.55000 0.10000"
1270,0.0000,Tx-Rx,0,-58.6806,"7.30900 2.93800 0.90000, -7.15000 -1.55000 0.10000"
1271,0.0000,Tx-Rx,0,-60.5223,"7.30900 2.93800 0.90000, -6.85000 -1.55000 0.10000"
1272,0.0000,Tx-Rx,0,-61.8872,"7.30900 2.93800 0.90000, -6.55000 -1.55000 0.10000"
1273,0.0000,Tx-Rx,0,-62.2265,"7.30900 2.93800 0.90000, -6.25000 -1.55000 0.10000"
1274,0.0000,Tx-Rx,0,-62.8386,"7.30900 2.93800 0.90000, -5.95000 -1.55000 0.10000"
1275,0.0000,Tx-Rx,0,-63.8615,"7.30900 2.93800 0.90000, -5.65000 -1.55000 0.10000"
1276,0.0000,Tx-Rx,0,-63.4613,"7.30900 2.93800 0.90000, -5.35000 -1.55000 0.10000"
1277,0.0000,Tx-Rx,0,-64.0472,"7.30900 2.93800 0.90000, -5.05000 -1.55000 0.10000"
1278,0.0000,Tx-Rx,0,-64.6723,"7.30900 2.93800 0.90000, -4.75000 -1.55000 0.10000"
1279,0.0000,Tx-Rx,0,-64.9833,"7.30900 2.93800 0.90000, -4.45000 -1.55000 0.10000"
1280,0.0000,Tx-Rx,0,-62.5889,"7.30900 2.93800 0.90000, -4.15000 -1.55000 0.10000"
1281,0.0000,Tx-Rx,0,-60.5211,"7.30900 2.93800 0.90000, -3.85000 -1.55000 0.10000"
1282,0.0000,Tx-Rx,0,-60.3505,"7.30900 2.93800 0.90000, -3.55000 -1.55000 0.10000"
1283,0.0000,Tx-Rx,0,-60.4121,"7.30900 2.93800 0.90000, -3.25000 -1.55000 0.10000"
1284,0.0000,Tx-Rx,0,-60.4425,"7.30900 2.93800 0.90000, -2.95000 -1.55000 0.10000"
1285,0.0000,Tx-Rx,0,-62.2700,"7.30900 2.93800 0.90000, -2.65000 -1.55000 0.10000"
1286,0.0000,Tx-Rx,0,-64.1433,"7.30900 2.93800 0.90000, -2.35000 -1.55000 0.10000"
1287,0.0000,Tx-Rx,0,-67.1241,"7.30900 2.93800 0.90000, -2.05000 -1.55000 0.10000"
1288,0.0000,Tx-Rx,0,-71.4927,"7.30900 2.93800 0.90000, -1.75000 -1.55000 0.10000"
1289,0.0000,Tx-Rx,0,-71.8679,"7.30900 2.93800 0.90000, -1.45000 -1.55000 0.10000"
1290,0.0000,Tx-Rx,0,-73.9355,"7.30900 2.93800 0.90000, -1.15000 -1.55000 0.10000"
1291,0.0000,Tx-Rx,0,-79.5459,"7.30900 2.93800 0.90000, -0.85000 -1.55000 0.10000"
1292,0.0000,Tx-Rx,0,-75.9570,"7.30900 2.93800 0.90000, -0.55000 -1.55000 0.10000"
1293,0.0000,Tx-Rx,0,-73.0434,"7.30900 2.93800 0.90000, -0.25000 -1.55000 0.10000"
1294,0.0000,Tx-Rx,0,-59.7040,"7.30900 2.93800 0.90000, 0.05000 -1.55000 0.10000"
1295,0.0000,Tx-Rx,0,-58.0203,"7.30900 2.93800 0.90000, 0.35000 -1.55000 0.10000"
1296,0.0000,Tx-Rx,0,-57.9225,"7.30900 2.93800 0.90000, 0.65000 -1.55000 0.10000"
1297,0.0000,Tx-Rx,0,-57.9471,"7.30900 2.93800 0.90000, 0.95000 -1.55000 0.10000"
1298,0.0000,Tx-Rx,0,-58.1627,"7.30900 2.93800 0.90000, 1.25000 -1.55000 0.10000"
1299,0.0000,Tx-Rx,0,-58.3698,"7.30900 2.93800 0.90000, 1.55000 -1.55000 0.10000"
1300,0.0000,Tx-Rx,0,-59.0141,"7.30900 2.93800 0.90000, 1.85000 -1.55000 0.10000"
1301,0.0000,Tx-Rx,0,-58.5042,"7.30900 2.93800 0.90000, 2.15000 -1.55000 0.10000"
1302,0.0000,Tx-Rx,0,-57.5593,"7.30900 2.93800 0.90000, 2.45000 -1.55000 0.10000"
1303,0.0000,Tx-Rx,0,-57.2872,"7.30900 2.93800 0.90000, 2.75000 -1.55000 0.10000"
1304,0.0000,Tx-Rx,0,-56.7503,"7.30900 2.93800 0.90000, 3.05000 -1.55000 0.10000"
1305,0.0000,Tx-Rx,0,-55.3150,"7.30900 2.93800 0.90000, 3.35000 -1.55000 0.10000"
1306,0.0000,Tx-Rx,0,-54.6672,"7.30900 2.93800 0.90000, 3.65000 -1.55000 0.10000"
1307,0.0000,Tx-Rx,0,-54.5419,"7.30900 2.93800 0.90000, 3.95000 -1.55000 0.10000"
1308,0.0000,Tx-Rx,0,-53.7596,"7.30900 2.93800 0.90000, 4.25000 -1.55000 0.10000"
1309,0.0000,Tx-Rx,0,-53.5860,"7.30900 2.93800 0.90000, 4.55000 -1.55000 0.10000"
1310,0.0000,Tx-Rx,0,-53.8469,"7.30900 2.93800 0.90000, 4.85000 -1.55000 0.10000"
1311,0.0000,Tx-Rx,0,-53.3009,"7.30900 2.93800 0.90000, 5.15000 -1.55000 0.10000"
1312,0.0000,Tx-Rx,0,-52.7382,"7.30900 2.93800 0.90000, 5.45000 -1.55000 0.10000"
1313,0.0000,Tx-Rx,0,-52.2315,"7.30900 2.93800 0.90000, 5.75000 -1.55000 0.10000"
1314,0.0000,Tx-Rx,0,-52.1843,"7.30900 2.93800 0.90000, 6.05000 -1.55000 0.10000"
1315,0.0000,Tx-Rx,0,-53.2946,"7.30900 2.93800 0.90000, 6.35000 -1.55000 0.10000"
1316,0.0000,Tx-Rx,0,-55.5525,"7.30900 2.93800 0.90000, 6.65000 -1.55000 0.10000"
1317,0.0000,Tx-Rx,0,-51.0033,"7.30900 2.93800 0.90000, 6.95000 -1.55000 0.10000"
1318,0.0000,Tx-Rx,0,-50.0730,"7.30900 2.93800 0.90000, 7.25000 -1.55000 0.10000"
1319,0.0000,Tx-Rx,0,-49.7369,"7.30900 2.93800 0.90000, 7.55000 -1.55000 0.10000"
1320,0.0000,Tx-Rx,0,-49.5857,"7.30900 2.93800 0.90000, 7.85000 -1.55000 0.10000"
1321,0.0000,Tx-Rx,0,-54.8710,"7.30900 2.93800 0.90000, -9.85000 -1.25000 0.10000"
1322,0.0000,Tx-Rx,0,-55.1500,"7.30900 2.93800 0.90000, -9.55000 -1.25000 0.10000"
1323,0.0000,Tx-Rx,0,-55.1883,"7.30900 2.93800 0.90000, -9.25000 -1.25000 0.10000"
1324,0.0000,Tx-Rx,0,-54.7051,"7.30900 2.93800 0.90000, -8.95000 -1.25000 0.10000"
1325,0.0000,Tx-Rx,0,-54.4680,"7.30900 2.93800 0.90000, -8.65000 -1.25000 0.10000"
1326,0.0000,Tx-Rx,0,-54.7088,"7.30900 2.93800 0.90000, -8.35000 -1.25000 0.10000"
1327,0.0000,Tx-Rx,0,-55.2205,"7.30900 2.93800 0.90000, -8.05000 -1.25000 0.10000"
1328,0.0000,Tx-Rx,0,-55.2081,"7.30900 2.93800 0.90000, -7.75000 -1.25000 0.10000"
1329,0.0000,Tx-Rx,0,-53.8145,"7.30900 2.93800 0.90000, -7.45000 -1.25000 0.10000"
1330,0.0000,Tx-Rx,0,-54.5219,"7.30900 2.93800 0.90000, -7.15000 -1.25000 0.10000"
1331,0.0000,Tx-Rx,0,-54.1165,"7.30900 2.93800 0.90000, -6.85000 -1.25000 0.10000"
1332,0.0000,Tx-Rx,0,-56.2622,"7.30900 2.93800 0.90000, -6.55000 -1.25000 0.10000"
1333,0.0000,Tx-Rx,0,-57.4047,"7.30900 2.93800 0.90000, -6.25000 -1.25000 0.10000"
1334,0.0000,Tx-Rx,0,-58.6283,"7.30900 2.93800 0.90000, -5.95000 -1.25000 0.10000"
1335,0.0000,Tx-Rx,0,-58.6195,"7.30900 2.93800 0.90000, -5.65000 -1.25000 0.10000"
1336,0.0000,Tx-Rx,0,-58.2967,"7.30900 2.93800 0.90000, -5.35000 -1.25000 0.10000"
1337,0.0000,Tx-Rx,0,-58.1583,"7.30900 2.93800 0.90000, -5.05000 -1.25000 0.10000"
1338,0.0000,Tx-Rx,0,-58.5215,"7.30900 2.93800 0.90000, -4.75000 -1.25000 0.10000"
1339,0.0000,Tx-Rx,0,-59.0083,"7.30900 2.93800 0.90000, -4.45000 -1.25000 0.10000"
1340,0.0000,Tx-Rx,0,-60.5131,"7.30900 2.93800 0.90000, -4.15000 -1.25000 0.10000"
1341,0.0000,Tx-Rx,0,-63.3867,"7.30900 2.93800 0.90000, -3.85000 -1.25000 0.10000"
1342,0.0000,Tx-Rx,0,-64.1104,"7.30900 2.93800 0.90000, -3.55000 -1.25000 0.10000"
1343,0.0000,Tx-Rx,0,-63.9968,"7.30900 2.93800 0.90000, -3.25000 -1.25000 0.10000"
1344,0.0000,Tx-Rx,0,-66.8721,"7.30900 2.93800 0.90000, -2.95000 -1.25000 0.10000"
1345,0.0000,Tx-Rx,0,-68.0926,"7.30900 2.93800 0.90000, -2.65000 -1.25000 0.10000"
1346,0.0000,Tx-Rx,0,-69.6736,"7.30900 2.93800 0.90000, -2.35000 -1.25000 0.10000"
1347,0.0000,Tx-Rx,0,-72.6937,"7.30900 2.93800 0.90000, -2.05000 -1.25000 0.10000"
1348,0.0000,Tx-Rx,0,-71.8202,"7.30900 2.93800 0.90000, -1.75000 -1.25000 0.10000"
1349,0.0000,Tx-Rx,0,-71.9709,"7.30900 2.93800 0.90000, -1.45000 -1.25000 0.10000"
1350,0.0000,Tx-Rx,0,-72.1414,"7.30900 2.93800 0.90000, -1.15000 -1.25000 0.10000"
1351,0.0000,Tx-Rx,0,-75.2185,"7.30900 2.93800 0.90000, -0.85000 -1.25000 0.10000"
1352,0.0000,Tx-Rx,0,-75.7164,"7.30900 2.93800 0.90000, -0.55000 -1.25000 0.10000"
1353,0.0000,Tx-Rx,0,-68.2600,"7.30900 2.93800 0.90000, -0.25000 -1.25000 0.10000"
1354,0.0000,Tx-Rx,0,-59.2958,"7.30900 2.93800 0.90000, 0.05000 -1.25000 0.10000"
1355,0.0000,Tx-Rx,0,-57.7323,"7.30900 2.93800 0.90000, 0.35000 -1.25000 0.10000"
1356,0.0000,Tx-Rx,0,-57.6191,"7.30900 2.93800 0.90000, 0.65000 -1.25000 0.10000"
1357,0.0000,Tx-Rx,0,-57.5641,"7.30900 2.93800 0.90000, 0.95000 -1.25000 0.10000"
1358,0.0000,Tx-Rx,0,-57.9485,"7.30900 2.93800 0.90000, 1.25000 -1.25000 0.10000"
1359,0.0000,Tx-Rx,0,-57.9289,"7.30900 2.93800 0.90000, 1.55000 -1.25000 0.10000"
1360,0.0000,Tx-Rx,0,-56.7435,"7.30900 2.93800 0.90000, 1.85000 -1.25000 0.10000"
1361,0.0000,Tx-Rx,0,-57.1214,"7.30900 2.93800 0.90000, 2.15000 -1.25000 0.10000"
1362,0.0000,Tx-Rx,0,-57.9881,"7.30900 2.93800 0.90000, 2.45000 -1.25000 0.10000"
1363,0.0000,Tx-Rx,0,-57.6344,"7.30900 2.93800 0.90000, 2.75000 -1.25000 0.10000"
1364,0.0000,Tx-Rx,0,-57.2265,"7.30900 2.93800 0.90000, 3.05000 -1.25000 0.10000"
1365,0.0000,Tx-Rx,0,-56.4476,"7.30900 2.93800 0.90000, 3.35000 -1.25000 0.10000"
1366,0.0000,Tx-Rx,0,-54.9551,"7.30900 2.93800 0.90000, 3.65000 -1.25000 0.10000"
1367,0.0000,Tx-Rx,0,-54.6305,"7.30900 2.93800 0.90000, 3.95000 -1.25000 0.10000"
1368,0.0000,Tx-Rx,0,-54.0607,"7.30900 2.93800 0.90000, 4.25000 -1.25000 0.10000"
1369,0.0000,Tx-Rx,0,-53.7961,"7.30900 2.93800 0.90000, 4.55000 -1.25000 0.10000"
1370,0.0000,Tx-Rx,0,-53.9380,"7.30900 2.93800 0.90000, 4.85000 -1.25000 0.10000"
1371,0.0000,Tx-Rx,0,-53.5544,"7.30900 2.93800 0.90000, 5.15000 -1.25000 0.10000"
1372,0.0000,Tx-Rx,0,-52.7636,"7.30900 2.93800 0.90000, 5.45000 -1.25000 0.10000"
1373,0.0000,Tx-Rx,0,-52.4862,"7.30900 2.93800 0.90000, 5.75000 -1.25000 0.10000"
1374,0.0000,Tx-Rx,0,-52.0773,"7.30900 2.93800 0.90000, 6.05000 -1.25000 0.10000"
1375,0.0000,Tx-Rx,0,-52.5170,"7.30900 2.93800 0.90000, 6.35000 -1.25000 0.10000"
1376,0.0000,Tx-Rx,0,-54.8020,"7.30900 2.93800 0.90000, 6.65000 -1.25000 0.10000"
1377,0.0000,Tx-Rx,0,-51.1192,"7.30900 2.93800 0.90000, 6.95000 -1.25000 0.10000"
1378,0.0000,Tx-Rx,0,-49.4359,"7.30900 2.93800 0.90000, 7.25000 -1.25000 0.10000"
1379,0.0000,Tx-Rx,0,-49.1692,"7.30900 2.93800 0.90000, 7.55000 -1.25000 0.10000"
1380,0.0000,Tx-Rx,0,-49.0718,"7.30900 2.93800 0.90000, 7.85000 -1.25000 0.10000"
1381,0.0000,Tx-Rx,0,-58.8471,"7.30900 2.93800 0.90000, -9.85000 -0.95000 0.10000"
1382,0.0000,Tx-Rx,0,-57.0969,"7.30900 2.93800 0.90000, -9.55000 -0.95000 0.10000"
1383,0.0000,Tx-Rx,0,-55.4850,"7.30900 2.93800 0.90000, -9.25000 -0.95000 0.10000"
1384,0.0000,Tx-Rx,0,-54.5401,"7.30900 2.93800 0.90000, -8.95000 -0.95000 0.10000"
1385,0.0000,Tx-Rx,0,-55.0867,"7.30900 2.93800 0.90000, -8.65000 -0.95000 0.10000"
1386,0.0000,Tx-Rx,0,-55.4858,"7.30900 2.93800 0.90000, -8.35000 -0.95000 0.10000"
1387,0.0000,Tx-Rx,0,-54.7910,"7.30900 2.93800 0.90000, -8.05000 -0.95000 0.10000"
1388,0.0000,Tx-Rx,0,-54.2451,"7.30900 2.93800 0.90000, -7.75000 -0.95000 0.10000"
1389,0.0000,Tx-Rx,0,-53.3211,"7.30900 2.93800 0.90000, -7.45000 -0.95000 0.10000"
1390,0.0000,Tx-Rx,0,-52.8212,"7.30900 2.93800 0.90000, -7.15000 -0.95000 0.10000"
1391,0.0000,Tx-Rx,0,-52.8624,"7.30900 2.93800 0.90000, -6.85000 -0.95000 0.10000"
1392,0.0000,Tx-Rx,0,-52.4038,"7.30900 2.93800 0.90000, -6.55000 -0.95000 0.10000"
1393,0.0000,Tx-Rx,0,-53.1006,"7.30900 2.93800 0.90000, -6.25000 -0.95000 0.10000"
1394,0.0000,Tx-Rx,0,-53.4864,"7.30900 2.93800 0.90000, -5.95000 -0.95000 0.10000"
1395,0.0000,Tx-Rx,0,-54.1332,"7.30900 2.93800 0.90000, -5.65000 -0.95000 0.10000"
1396,0.0000,Tx-Rx,0,-54.7856,"7.30900 2.93800 0.90000, -5.35000 -0.95000 0.10000"
1397,0.0000,Tx-Rx,0,-55.9926,"7.30900 2.93800 0.90000, -5.05000 -0.95000 0.10000"
1398,0.0000,Tx-Rx,0,-58.4700,"7.30900 2.93800 0.90000, -4.75000 -0.95000 0.10000"
1399,0.0000,Tx-Rx,0,-61.2018,"7.30900 2.93800 0.90000, -4.45000 -0.95000 0.10000"
1400,0.0000,Tx-Rx,0,-60.5233,"7.30900 2.93800 0.90000, -4.15000 -0.95000 0.10000"
1401,0.0000,Tx-Rx,0,-61.2033,"7.30900 2.93800 0.90000, -3.85000 -0.95000 0.10000"
1402,0.0000,Tx-Rx,0,-62.7810,"7.30900 2.93800 0.90000, -3.55000 -0.95000 0.10000"
1403,0.0000,Tx-Rx,0,-61.3792,"7.30900 2.93800 0.90000, -3.25000 -0.95000 0.10000"
1404,0.0000,Tx-Rx,0,-60.4403,"7.30900 2.93800 0.90000, -2.95000 -0.95000 0.10000"
1405,0.0000,Tx-Rx,0,-63.4498,"7.30900 2.93800 0.90000, -2.65000 -0.95000 0.10000"
1406,0.0000,Tx-Rx,0,-69.0141,"7.30900 2.93800 0.90000, -2.35000 -0.95000 0.10000"
1407,0.0000,Tx-Rx,0,-70.6427,"7.30900 2.93800 0.90000, -2.05000 -0.95000 0.10000"
1408,0.0000,Tx-Rx,0,-70.0322,"7.30900 2.93800 0.90000, -1.75000 -0.95000 0.10000"
1409,0.0000,Tx-Rx,0,-70.3936,"7.30900 2.93800 0.90000, -1.45000 -0.95000 0.10000"
1410,0.0000,Tx-Rx,0,-70.1798,"7.30900 2.93800 0.90000, -1.15000 -0.95000 0.10000"
1411,0.0000,Tx-Rx,0,-71.0653,"7.30900 2.93800 0.90000, -0.85000 -0.95000 0.10000"
1412,0.0000,Tx-Rx,0,-73.1519,"7.30900 2.93800 0.90000, -0.55000 -0.95000 0.10000"
1413,0.0000,Tx-Rx,0,-72.4263,"7.30900 2.93800 0.90000, -0.25000 -0.95000 0.10000"
1414,0.0000,Tx-Rx,0,-59.2098,"7.30900 2.93800 0.90000, 0.05000 -0.95000 0.10000"
1415,0.0000,Tx-Rx,0,-57.4016,"7.30900 2.93800 0.90000, 0.35000 -0.95000 0.10000"
1416,0.0000,Tx-Rx,0,-57.3518,"7.30900 2.93800 0.90000, 0.65000 -0.95000 0.10000"
1417,0.0000,Tx-Rx,0,-57.5402,"7.30900 2.93800 0.90000, 0.95000 -0.95000 0.10000"
1418,0.0000,Tx-Rx,0,-57.4322,"7.30900 2.93800 0.90000, 1.25000 -0.95000 0.10000"
1419,0.0000,Tx-Rx,0,-56.9074,"7.30900 2.93800 0.90000, 1.55000 -0.95000 0.10000"
1420,0.0000,Tx-Rx,0,-56.2475,"7.30900 2.93800 0.90000, 1.85000 -0.95000 0.10000"
1421,0.0000,Tx-Rx,0,-56.1217,"7.30900 2.93800 0.90000, 2.15000 -0.95000 0.10000"
1422,0.0000,Tx-Rx,0,-57.0470,"7.30900 2.93800 0.90000, 2.45000 -0.95000 0.10000"
1423,0.0000,Tx-Rx,0,-57.4367,"7.30900 2.93800 0.90000, 2.75000 -0.95000 0.10000"
1424,0.0000,Tx-Rx,0,-56.9954,"7.30900 2.93800 0.90000, 3.05000 -0.95000 0.10000"
1425,0.0000,Tx-Rx,0,-56.7251,"7.30900 2.93800 0.90000, 3.35000 -0.95000 0.10000"
1426,0.0000,Tx-Rx,0,-56.0277,"7.30900 2.93800 0.90000, 3.65000 -0.95000 0.10000"
1427,0.0000,Tx-Rx,0,-55.2298,"7.30900 2.93800 0.90000, 3.95000 -0.95000 0.10000"
1428,0.0000,Tx-Rx,0,-54.6476,"7.30900 2.93800 0.90000, 4.25000 -0.95000 0.10000"
1429,0.0000,Tx-Rx,0,-54.3173,"7.30900 2.93800 0.90000, 4.55000 -0.95000 0.10000"
1430,0.0000,Tx-Rx,0,-54.1764,"7.30900 2.93800 0.90000, 4.85000 -0.95000 0.10000"
1431,0.0000,Tx-Rx,0,-53.7915,"7.30900 2.93800 0.90000, 5.15000 -0.95000 0.10000"
1432,0.0000,Tx-Rx,0,-53.3946,"7.30900 2.93800 0.90000, 5.45000 -0.95000 0.10000"
1433,0.0000,Tx-Rx,0,-52.9509,"7.30900 2.93800 0.90000, 5.75000 -0.95000 0.10000"
1434,0.0000,Tx-Rx,0,-52.2587,"7.30900 2.93800 0.90000, 6.05000 -0.95000 0.10000"
1435,0.0000,Tx-Rx,0,-52.1970,"7.30900 2.93800 0.90000, 6.35000 -0.95000 0.10000"
1436,0.0000,Tx-Rx,0,-54.1006,"7.30900 2.93800 0.90000, 6.65000 -0.95000 0.10000"
1437,0.0000,Tx-Rx,0,-51.0372,"7.30900 2.93800 0.90000, 6.95000 -0.95000 0.10000"
1438,0.0000,Tx-Rx,0,-48.7288,"7.30900 2.93800 0.90000, 7.25000 -0.95000 0.10000"
1439,0.0000,Tx-Rx,0,-48.4547,"7.30900 2.93800 0.90000, 7.55000 -0.95000 0.10000"
1440,0.0000,Tx-Rx,0,-48.2834,"7.30900 2.93800 0.90000, 7.85000 -0.95000 0.10000"
1441,0.0000,Tx-Rx,0,-67.8489,"7.30900 2.93800 0.90000, -9.85000 -0.65000 0.10000"
1442,0.0000,Tx-Rx,0,-69.3676,"7.30900 2.93800 0.90000, -9.55000 -0.65000 0.10000"
1443,0.0000,Tx-Rx,0,-70.4164,"7.30900 2.93800 0.90000, -9.25000 -0.65000 0.10000"
1444,0.0000,Tx-Rx,0,-66.1122,"7.30900 2.93800 0.90000, -8.95000 -0.65000 0.10000"
1445,0.0000,Tx-Rx,0,-59.6102,"7.30900 2.93800 0.90000, -8.65000 -0.65000 0.10000"
1446,0.0000,Tx-Rx,0,-52.5675,"7.30900 2.93800 0.90000, -8.35000 -0.65000 0.10000"
1447,0.0000,Tx-Rx,0,-52.1258,"7.30900 2.93800 0.90000, -8.05000 -0.65000 0.10000"
1448,0.0000,Tx-Rx,0,-51.9098,"7.30900 2.93800 0.90000, -7.75000 -0.65000 0.10000"
1449,0.0000,Tx-Rx,0,-52.4225,"7.30900 2.93800 0.90000, -7.45000 -0.65000 0.10000"
1450,0.0000,Tx-Rx,0,-52.5027,"7.30900 2.93800 0.90000, -7.15000 -0.65000 0.10000"
1451,0.0000,Tx-Rx,0,-52.6997,"7.30900 2.93800 0.90000, -6.85000 -0.65000 0.10000"
1452,0.0000,Tx-Rx,0,-52.3964,"7.30900 2.93800 0.90000, -6.55000 -0.65000 0.10000"
1453,0.0000,Tx-Rx,0,-53.5532,"7.30900 2.93800 0.90000, -6.25000 -0.65000 0.10000"
1454,0.0000,Tx-Rx,0,-53.3034,"7.30900 2.93800 0.90000, -5.95000 -0.65000 0.10000"
1455,0.0000,Tx-Rx,0,-53.4708,"7.30900 2.93800 0.90000, -5.65000 -0.65000 0.10000"
1456,0.0000,Tx-Rx,0,-54.5834,"7.30900 2.93800 0.90000, -5.35000 -0.65000 0.10000"
1457,0.0000,Tx-Rx,0,-54.3050,"7.30900 2.93800 0.90000, -5.05000 -0.65000 0.10000"
1458,0.0000,Tx-Rx,0,-55.3877,"7.30900 2.93800 0.90000, -4.75000 -0.65000 0.10000"
1459,0.0000,Tx-Rx,0,-56.7550,"7.30900 2.93800 0.90000, -4.45000 -0.65000 0.10000"
1460,0.0000,Tx-Rx,0,-58.5942,"7.30900 2.93800 0.90000, -4.15000 -0.65000 0.10000"
1461,0.0000,Tx-Rx,0,-59.5072,"7.30900 2.93800 0.90000, -3.85000 -0.65000 0.10000"
1462,0.0000,Tx-Rx,0,-59.4364,"7.30900 2.93800 0.90000, -3.55000 -0.65000 0.10000"
1463,0.0000,Tx-Rx,0,-59.7504,"7.30900 2.93800 0.90000, -3.25000 -0.65000 0.10000"
1464,0.0000,Tx-Rx,0,-59.6203,"7.30900 2.93800 0.90000, -2.95000 -0.65000 0.10000"
1465,0.0000,Tx-Rx,0,-59.1586,"7.30900 2.93800 0.90000, -2.65000 -0.65000 0.10000"
1466,0.0000,Tx-Rx,0,-60.0015,"7.30900 2.93800 0.90000, -2.35000 -0.65000 0.10000"
1467,0.0000,Tx-Rx,0,-64.4161,"7.30900 2.93800 0.90000, -2.05000 -0.65000 0.10000"
1468,0.0000,Tx-Rx,0,-68.1483,"7.30900 2.93800 0.90000, -1.75000 -0.65000 0.10000"
1469,0.0000,Tx-Rx,0,-68.5477,"7.30900 2.93800 0.90000, -1.45000 -0.65000 0.10000"
1470,0.0000,Tx-Rx,0,-68.4286,"7.30900 2.93800 0.90000, -1.15000 -0.65000 0.10000"
1471,0.0000,Tx-Rx,0,-68.2068,"7.30900 2.93800 0.90000, -0.85000 -0.65000 0.10000"
1472,0.0000,Tx-Rx,0,-69.2447,"7.30900 2.93800 0.90000, -0.55000 -0.65000 0.10000"
1473,0.0000,Tx-Rx,0,-69.2052,"7.30900 2.93800 0.90000, -0.25000 -0.65000 0.10000"
1474,0.0000,Tx-Rx,0,-58.8196,"7.30900 2.93800 0.90000, 0.05000 -0.65000 0.10000"
1475,0.0000,Tx-Rx,0,-57.1789,"7.30900 2.93800 0.90000, 0.35000 -0.65000 0.10000"
1476,0.0000,Tx-Rx,0,-57.1083,"7.30900 2.93800 0.90000, 0.65000 -0.65000 0.10000"
1477,0.0000,Tx-Rx,0,-57.0916,"7.30900 2.93800 0.90000, 0.95000 -0.65000 0.10000"
1478,0.0000,Tx-Rx,0,-56.6196,"7.30900 2.93800 0.90000, 1.25000 -0.65000 0.10000"
1479,0.0000,Tx-Rx,0,-56.1218,"7.30900 2.93800 0.90000, 1.55000 -0.65000 0.10000"
1480,0.0000,Tx-Rx,0,-55.6848,"7.30900 2.93800 0.90000, 1.85000 -0.65000 0.10000"
1481,0.0000,Tx-Rx,0,-55.4556,"7.30900 2.93800 0.90000, 2.15000 -0.65000 0.10000"
1482,0.0000,Tx-Rx,0,-55.4455,"7.30900 2.93800 0.90000, 2.45000 -0.65000 0.10000"
1483,0.0000,Tx-Rx,0,-56.9247,"7.30900 2.93800 0.90000, 2.75000 -0.65000 0.10000"
1484,0.0000,Tx-Rx,0,-57.0243,"7.30900 2.93800 0.90000, 3.05000 -0.65000 0.10000"
1485,0.0000,Tx-Rx,0,-56.7567,"7.30900 2.93800 0.90000, 3.35000 -0.65000 0.10000"
1486,0.0000,Tx-Rx,0,-56.4888,"7.30900 2.93800 0.90000, 3.65000 -0.65000 0.10000"
1487,0.0000,Tx-Rx,0,-55.7897,"7.30900 2.93800 0.90000, 3.95000 -0.65000 0.10000"
1488,0.0000,Tx-Rx,0,-55.0551,"7.30900 2.93800 0.90000, 4.25000 -0.65000 0.10000"
1489,0.0000,Tx-Rx,0,-54.8245,"7.30900 2.93800 0.90000, 4.55000 -0.65000 0.10000"
1490,0.0000,Tx-Rx,0,-54.6280,"7.30900 2.93800 0.90000, 4.85000 -0.65000 0.10000"
1491,0.0000,Tx-Rx,0,-54.2755,"7.30900 2.93800 0.90000, 5.15000 -0.65000 0.10000"
1492,0.0000,Tx-Rx,0,-53.6853,"7.30900 2.93800 0.90000, 5.45000 -0.65000 0.10000"
1493,0.0000,Tx-Rx,0,-52.9629,"7.30900 2.93800 0.90000, 5.75000 -0.65000 0.10000"
1494,0.0000,Tx-Rx,0,-52.0442,"7.30900 2.93800 0.90000, 6.05000 -0.65000 0.10000"
1495,0.0000,Tx-Rx,0,-51.9493,"7.30900 2.93800 0.90000, 6.35000 -0.65000 0.10000"
1496,0.0000,Tx-Rx,0,-52.6702,"7.30900 2.93800 0.90000, 6.65000 -0.65000 0.10000"
1497,0.0000,Tx-Rx,0,-50.8413,"7.30900 2.93800 0.90000, 6.95000 -0.65000 0.10000"
1498,0.0000,Tx-Rx,0,-48.5220,"7.30900 2.93800 0.90000, 7.25000 -0.65000 0.10000"
1499,0.0000,Tx-Rx,0,-47.6303,"7.30900 2.93800 0.90000, 7.55000 -0.65000 0.10000"
1500,0.0000,Tx-Rx,0,-47.7018,"7.30900 2.93800 0.90000, 7.85000 -0.65000 0.10000"
1501,0.0000,Tx-Rx,0,-62.2854,"7.30900 2.93800 0.90000, -9.85000 -0.35000 0.10000"
1502,0.0000,Tx-Rx,0,-63.6786,"7.30900 2.93800 0.90000, -9.55000 -0.35000 0.10000"
1503,0.0000,Tx-Rx,0,-64.4553,"7.30900 2.93800 0.90000, -9.25000 -0.35000 0.10000"
1504,0.0000,Tx-Rx,0,-85.9553,"7.30900 2.93800 0.90000, -8.95000 -0.35000 0.10000"
1505,0.0000,Tx-Rx,0,-64.8966,"7.30900 2.93800 0.90000, -8.65000 -0.35000 0.10000"
1506,0.0000,Tx-Rx,0,-52.3270,"7.30900 2.93800 0.90000, -8.35000 -0.35000 0.10000"
1507,0.0000,Tx-Rx,0,-52.4950,"7.30900 2.93800 0.90000, -8.05000 -0.35000 0.10000"
1508,0.0000,Tx-Rx,0,-52.5933,"7.30900 2.93800 0.90000, -7.75000 -0.35000 0.10000"
1509,0.0000,Tx-Rx,0,-52.3758,"7.30900 2.93800 0.90000, -7.45000 -0.35000 0.10000"
1510,0.0000,Tx-Rx,0,-52.0930,"7.30900 2.93800 0.90000, -7.15000 -0.35000 0.10000"
1511,0.0000,Tx-Rx,0,-52.5709,"7.30900 2.93800 0.90000, -6.85000 -0.35000 0.10000"
1512,0.0000,Tx-Rx,0,-53.1015,"7.30900 2.93800 0.90000, -6.55000 -0.35000 0.10000"
1513,0.0000,Tx-Rx,0,-54.1518,"7.30900 2.93800 0.90000, -6.25000 -0.35000 0.10000"
1514,0.0000,Tx-Rx,0,-54.7204,"7.30900 2.93800 0.90000, -5.95000 -0.35000 0.10000"
1515,0.0000,Tx-Rx,0,-54.8216,"7.30900 2.93800 0.90000, -5.65000 -0.35000 0.10000"
1516,0.0000,Tx-Rx,0,-55.2642,"7.30900 2.93800 0.90000, -5.35000 -0.35000 0.10000"
1517,0.0000,Tx-Rx,0,-55.4418,"7.30900 2.93800 0.90000, -5.05000 -0.35000 0.10000"
1518,0.0000,Tx-Rx,0,-55.7039,"7.30900 2.93800 0.90000, -4.75000 -0.35000 0.10000"
1519,0.0000,Tx-Rx,0,-55.4094,"7.30900 2.93800 0.90000, -4.45000 -0.35000 0.10000"
1520,0.0000,Tx-Rx,0,-55.1252,"7.30900 2.93800 0.90000, -4.15000 -0.35000 0.10000"
1521,0.0000,Tx-Rx,0,-55.3773,"7.30900 2.93800 0.90000, -3.85000 -0.35000 0.10000"
1522,0.0000,Tx-Rx,0,-55.9975,"7.30900 2.93800 0.90000, -3.55000 -0.35000 0.10000"
1523,0.0000,Tx-Rx,0,-56.3991,"7.30900 2.93800 0.90000, -3.25000 -0.35000 0.10000"
1524,0.0000,Tx-Rx,0,-58.2614,"7.30900 2.93800 0.90000, -2.95000 -0.35000 0.10000"
1525,0.0000,Tx-Rx,0,-59.2693,"7.30900 2.93800 0.90000, -2.65000 -0.35000 0.10000"
1526,0.0000,Tx-Rx,0,-58.7895,"7.30900 2.93800 0.90000, -2.35000 -0.35000 0.10000"
1527,0.0000,Tx-Rx,0,-58.8313,"7.30900 2.93800 0.90000, -2.05000 -0.35000 0.10000"
1528,0.0000,Tx-Rx,0,-60.5585,"7.30900 2.93800 0.90000, -1.75000 -0.35000 0.10000"
1529,0.0000,Tx-Rx,0,-64.9697,"7.30900 2.93800 0.90000, -1.45000 -0.35000 0.10000"
1530,0.0000,Tx-Rx,0,-65.6757,"7.30900 2.93800 0.90000, -1.15000 -0.35000 0.10000"
1531,0.0000,Tx-Rx,0,-65.8116,"7.30900 2.93800 0.90000, -0.85000 -0.35000 0.10000"
1532,0.0000,Tx-Rx,0,-66.3965,"7.30900 2.93800 0.90000, -0.55000 -0.35000 0.10000"
1533,0.0000,Tx-Rx,0,-66.8728,"7.30900 2.93800 0.90000, -0.25000 -0.35000 0.10000"
1534,0.0000,Tx-Rx,0,-58.3209,"7.30900 2.93800 0.90000, 0.05000 -0.35000 0.10000"
1535,0.0000,Tx-Rx,0,-56.6732,"7.30900 2.93800 0.90000, 0.35000 -0.35000 0.10000"
1536,0.0000,Tx-Rx,0,-56.6754,"7.30900 2.93800 0.90000, 0.65000 -0.35000 0.10000"
1537,0.0000,Tx-Rx,0,-55.7194,"7.30900 2.93800 0.90000, 0.95000 -0.35000 0.10000"
1538,0.0000,Tx-Rx,0,-54.9049,"7.30900 2.93800 0.90000, 1.25000 -0.35000 0.10000"
1539,0.0000,Tx-Rx,0,-54.8807,"7.30900 2.93800 0.90000, 1.55000 -0.35000 0.10000"
1540,0.0000,Tx-Rx,0,-55.0155,"7.30900 2.93800 0.90000, 1.85000 -0.35000 0.10000"
1541,0.0000,Tx-Rx,0,-55.0526,"7.30900 2.93800 0.90000, 2.15000 -0.35000 0.10000"
1542,0.0000,Tx-Rx,0,-54.9783,"7.30900 2.93800 0.90000, 2.45000 -0.35000 0.10000"
1543,0.0000,Tx-Rx,0,-56.1548,"7.30900 2.93800 0.90000, 2.75000 -0.35000 0.10000"
1544,0.0000,Tx-Rx,0,-56.5951,"7.30900 2.93800 0.90000, 3.05000 -0.35000 0.10000"
1545,0.0000,Tx-Rx,0,-57.0604,"7.30900 2.93800 0.90000, 3.35000 -0.35000 0.10000"
1546,0.0000,Tx-Rx,0,-56.9725,"7.30900 2.93800 0.90000, 3.65000 -0.35000 0.10000"
1547,0.0000,Tx-Rx,0,-56.6968,"7.30900 2.93800 0.90000, 3.95000 -0.35000 0.10000"
1548,0.0000,Tx-Rx,0,-55.7382,"7.30900 2.93800 0.90000, 4.25000 -0.35000 0.10000"
1549,0.0000,Tx-Rx,0,-54.9686,"7.30900 2.93800 0.90000, 4.55000 -0.35000 0.10000"
1550,0.0000,Tx-Rx,0,-54.5538,"7.30900 2.93800 0.90000, 4.85000 -0.35000 0.10000"
1551,0.0000,Tx-Rx,0,-54.6381,"7.30900 2.93800 0.90000, 5.15000 -0.35000 0.10000"
1552,0.0000,Tx-Rx,0,-53.8989,"7.30900 2.93800 0.90000, 5.45000 -0.35000 0.10000"
1553,0.0000,Tx-Rx,0,-53.1217,"7.30900 2.93800 0.90000, 5.75000 -0.35000 0.10000"
1554,0.0000,Tx-Rx,0,-51.7970,"7.30900 2.93800 0.90000, 6.05000 -0.35000 0.10000"
1555,0.0000,Tx-Rx,0,-51.7038,"7.30900 2.93800 0.90000, 6.35000 -0.35000 0.10000"
1556,0.0000,Tx-Rx,0,-51.9467,"7.30900 2.93800 0.90000, 6.65000 -0.35000 0.10000"
1557,0.0000,Tx-Rx,0,-50.0874,"7.30900 2.93800 0.90000, 6.95000 -0.35000 0.10000"
1558,0.0000,Tx-Rx,0,-47.7855,"7.30900 2.93800 0.90000, 7.25000 -0.35000 0.10000"
1559,0.0000,Tx-Rx,0,-46.4672,"7.30900 2.93800 0.90000, 7.55000 -0.35000 0.10000"
1560,0.0000,Tx-Rx,0,-46.9357,"7.30900 2.93800 0.90000, 7.85000 -0.35000 0.10000"
1561,0.0000,Tx-Rx,0,-55.6452,"7.30900 2.93800 0.90000, -9.85000 -0.05000 0.10000"
1562,0.0000,Tx-Rx,0,-54.9610,"7.30900 2.93800 0.90000, -9.55000 -0.05000 0.10000"
1563,0.0000,Tx-Rx,0,-54.9017,"7.30900 2.93800 0.90000, -9.25000 -0.05000 0.10000"
1564,0.0000,Tx-Rx,0,-55.1806,"7.30900 2.93800 0.90000, -8.95000 -0.05000 0.10000"
1565,0.0000,Tx-Rx,0,-56.2958,"7.30900 2.93800 0.90000, -8.65000 -0.05000 0.10000"
1566,0.0000,Tx-Rx,0,-53.9548,"7.30900 2.93800 0.90000, -8.35000 -0.05000 0.10000"
1567,0.0000,Tx-Rx,0,-54.1527,"7.30900 2.93800 0.90000, -8.05000 -0.05000 0.10000"
1568,0.0000,Tx-Rx,0,-54.3238,"7.30900 2.93800 0.90000, -7.75000 -0.05000 0.10000"
1569,0.0000,Tx-Rx,0,-54.3706,"7.30900 2.93800 0.90000, -7.45000 -0.05000 0.10000"
1570,0.0000,Tx-Rx,0,-54.3478,"7.30900 2.93800 0.90000, -7.15000 -0.05000 0.10000"
1571,0.0000,Tx-Rx,0,-54.8511,"7.30900 2.93800 0.90000, -6.85000 -0.05000 0.10000"
1572,0.0000,Tx-Rx,0,-54.5364,"7.30900 2.93800 0.90000, -6.55000 -0.05000 0.10000"
1573,0.0000,Tx-Rx,0,-55.0376,"7.30900 2.93800 0.90000, -6.25000 -0.05000 0.10000"
1574,0.0000,Tx-Rx,0,-54.0640,"7.30900 2.93800 0.90000, -5.95000 -0.05000 0.10000"
1575,0.0000,Tx-Rx,0,-53.8536,"7.30900 2.93800 0.90000, -5.65000 -0.05000 0.10000"
1576,0.0000,Tx-Rx,0,-54.5234,"7.30900 2.93800 0.90000, -5.35000 -0.05000 0.10000"
1577,0.0000,Tx-Rx,0,-54.0588,"7.30900 2.93800 0.90000, -5.05000 -0.05000 0.10000"
1578,0.0000,Tx-Rx,0,-54.3979,"7.30900 2.93800 0.90000, -4.75000 -0.05000 0.10000"
1579,0.0000,Tx-Rx,0,-55.6050,"7.30900 2.93800 0.90000, -4.45000 -0.05000 0.10000"
1580,0.0000,Tx-Rx,0,-54.7634,"7.30900 2.93800 0.90000, -4.15000 -0.05000 0.10000"
1581,0.0000,Tx-Rx,0,-54.3819,"7.30900 2.93800 0.90000, -3.85000 -0.05000 0.10000"
1582,0.0000,Tx-Rx,0,-53.9304,"7.30900 2.93800 0.90000, -3.55000 -0.05000 0.10000"
1583,0.0000,Tx-Rx,0,-53.6509,"7.30900 2.93800 0.90000, -3.25000 -0.05000 0.10000"
1584,0.0000,Tx-Rx,0,-53.5359,"7.30900 2.93800 0.90000, -2.95000 -0.05000 0.10000"
1585,0.0000,Tx-Rx,0,-54.1965,"7.30900 2.93800 0.90000, -2.65000 -0.05000 0.10000"
1586,0.0000,Tx-Rx,0,-55.2042,"7.30900 2.93800 0.90000, -2.35000 -0.05000 0.10000"
1587,0.0000,Tx-Rx,0,-56.9627,"7.30900 2.93800 0.90000, -2.05000 -0.05000 0.10000"
1588,0.0000,Tx-Rx,0,-58.4261,"7.30900 2.93800 0.90000, -1.75000 -0.05000 0.10000"
1589,0.0000,Tx-Rx,0,-58.8315,"7.30900 2.93800 0.90000, -1.45000 -0.05000 0.10000"
1590,0.0000,Tx-Rx,0,-61.6219,"7.30900 2.93800 0.90000, -1.15000 -0.05000 0.10000"
1591,0.0000,Tx-Rx,0,-65.4717,"7.30900 2.93800 0.90000, -0.85000 -0.05000 0.10000"
1592,0.0000,Tx-Rx,0,-65.5359,"7.30900 2.93800 0.90000, -0.55000 -0.05000 0.10000"
1593,0.0000,Tx-Rx,0,-66.5081,"7.30900 2.93800 0.90000, -0.25000 -0.05000 0.10000"
1594,0.0000,Tx-Rx,0,-57.3934,"7.30900 2.93800 0.90000, 0.05000 -0.05000 0.10000"
1595,0.0000,Tx-Rx,0,-55.4804,"7.30900 2.93800 0.90000, 0.35000 -0.05000 0.10000"
1596,0.0000,Tx-Rx,0,-54.7728,"7.30900 2.93800 0.90000, 0.65000 -0.05000 0.10000"
1597,0.0000,Tx-Rx,0,-54.3107,"7.30900 2.93800 0.90000, 0.95000 -0.05000 0.10000"
1598,0.0000,Tx-Rx,0,-54.4378,"7.30900 2.93800 0.90000, 1.25000 -0.05000 0.10000"
1599,0.0000,Tx-Rx,0,-54.8572,"7.30900 2.93800 0.90000, 1.55000 -0.05000 0.10000"
1600,0.0000,Tx-Rx,0,-54.9655,"7.30900 2.93800 0.90000, 1.85000 -0.05000 0.10000"
1601,0.0000,Tx-Rx,0,-55.0508,"7.30900 2.93800 0.90000, 2.15000 -0.05000 0.10000"
1602,0.0000,Tx-Rx,0,-55.1705,"7.30900 2.93800 0.90000, 2.45000 -0.05000 0.10000"
1603,0.0000,Tx-Rx,0,-56.8588,"7.30900 2.93800 0.90000, 2.75000 -0.05000 0.10000"
1604,0.0000,Tx-Rx,0,-57.0697,"7.30900 2.93800 0.90000, 3.05000 -0.05000 0.10000"
1605,0.0000,Tx-Rx,0,-57.2516,"7.30900 2.93800 0.90000, 3.35000 -0.05000 0.10000"
1606,0.0000,Tx-Rx,0,-57.4378,"7.30900 2.93800 0.90000, 3.65000 -0.05000 0.10000"
1607,0.0000,Tx-Rx,0,-57.2860,"7.30900 2.93800 0.90000, 3.95000 -0.05000 0.10000"
1608,0.0000,Tx-Rx,0,-57.0417,"7.30900 2.93800 0.90000, 4.25000 -0.05000 0.10000"
1609,0.0000,Tx-Rx,0,-55.9953,"7.30900 2.93800 0.90000, 4.55000 -0.05000 0.10000"
1610,0.0000,Tx-Rx,0,-55.1444,"7.30900 2.93800 0.90000, 4.85000 -0.05000 0.10000"
1611,0.0000,Tx-Rx,0,-54.9151,"7.30900 2.93800 0.90000, 5.15000 -0.05000 0.10000"
1612,0.0000,Tx-Rx,0,-54.7688,"7.30900 2.93800 0.90000, 5.45000 -0.05000 0.10000"
1613,0.0000,Tx-Rx,0,-53.2207,"7.30900 2.93800 0.90000, 5.75000 -0.05000 0.10000"
1614,0.0000,Tx-Rx,0,-51.5373,"7.30900 2.93800 0.90000, 6.05000 -0.05000 0.10000"
1615,0.0000,Tx-Rx,0,-51.4197,"7.30900 2.93800 0.90000, 6.35000 -0.05000 0.10000"
1616,0.0000,Tx-Rx,0,-51.4113,"7.30900 2.93800 0.90000, 6.65000 -0.05000 0.10000"
1617,0.0000,Tx-Rx,0,-48.9776,"7.30900 2.93800 0.90000, 6.95000 -0.05000 0.10000"
1618,0.0000,Tx-Rx,0,-46.6210,"7.30900 2.93800 0.90000, 7.25000 -0.05000 0.10000"
1619,0.0000,Tx-Rx,0,-45.7268,"7.30900 2.93800 0.90000, 7.55000 -0.05000 0.10000"
1620,0.0000,Tx-Rx,0,-45.8629,"7.30900 2.93800 0.90000, 7.85000 -0.05000 0.10000"
1621,0.0000,Tx-Rx,0,-57.9859,"7.30900 2.93800 0.90000, -9.85000 0.25000 0.10000"
1622,0.0000,Tx-Rx,0,-59.0081,"7.30900 2.93800 0.90000, -9.55000 0.25000 0.10000"
1623,0.0000,Tx-Rx,0,-59.2114,"7.30900 2.93800 0.90000, -9.25000 0.25000 0.10000"
1624,0.0000,Tx-Rx,0,-59.0485,"7.30900 2.93800 0.90000, -8.95000 0.25000 0.10000"
1625,0.0000,Tx-Rx,0,-57.4829,"7.30900 2.93800 0.90000, -8.65000 0.25000 0.10000"
1626,0.0000,Tx-Rx,0,-56.4401,"7.30900 2.93800 0.90000, -8.35000 0.25000 0.10000"
1627,0.0000,Tx-Rx,0,-55.7129,"7.30900 2.93800 0.90000, -8.05000 0.25000 0.10000"
1628,0.0000,Tx-Rx,0,-54.9901,"7.30900 2.93800 0.90000, -7.75000 0.25000 0.10000"
1629,0.0000,Tx-Rx,0,-54.4421,"7.30900 2.93800 0.90000, -7.45000 0.25000 0.10000"
1630,0.0000,Tx-Rx,0,-53.7176,"7.30900 2.93800 0.90000, -7.15000 0.25000 0.10000"
1631,0.0000,Tx-Rx,0,-53.6015,"7.30900 2.93800 0.90000, -6.85000 0.25000 0.10000"
1632,0.0000,Tx-Rx,0,-53.6460,"7.30900 2.93800 0.90000, -6.55000 0.25000 0.10000"
1633,0.0000,Tx-Rx,0,-54.6603,"7.30900 2.93800 0.90000, -6.25000 0.25000 0.10000"
1634,0.0000,Tx-Rx,0,-54.8805,"7.30900 2.93800 0.90000, -5.95000 0.25000 0.10000"
1635,0.0000,Tx-Rx,0,-55.1457,"7.30900 2.93800 0.90000, -5.65000 0.25000 0.10000"
1636,0.0000,Tx-Rx,0,-54.5249,"7.30900 2.93800 0.90000, -5.35000 0.25000 0.10000"
1637,0.0000,Tx-Rx,0,-55.4769,"7.30900 2.93800 0.90000, -5.05000 0.25000 0.10000"
1638,0.0000,Tx-Rx,0,-55.3775,"7.30900 2.93800 0.90000, -4.75000 0.25000 0.10000"
1639,0.0000,Tx-Rx,0,-54.7771,"7.30900 2.93800 0.90000, -4.45000 0.25000 0.10000"
1640,0.0000,Tx-Rx,0,-54.9340,"7.30900 2.93800 0.90000, -4.15000 0.25000 0.10000"
1641,0.0000,Tx-Rx,0,-55.0386,"7.30900 2.93800 0.90000, -3.85000 0.25000 0.10000"
1642,0.0000,Tx-Rx,0,-54.4408,"7.30900 2.93800 0.90000, -3.55000 0.25000 0.10000"
1643,0.0000,Tx-Rx,0,-53.7347,"7.30900 2.93800 0.90000, -3.25000 0.25000 0.10000"
1644,0.0000,Tx-Rx,0,-53.6795,"7.30900 2.93800 0.90000, -2.95000 0.25000 0.10000"
1645,0.0000,Tx-Rx,0,-53.5052,"7.30900 2.93800 0.90000, -2.65000 0.25000 0.10000"
1646,0.0000,Tx-Rx,0,-53.2723,"7.30900 2.93800 0.90000, -2.35000 0.25000 0.10000"
1647,0.0000,Tx-Rx,0,-53.0765,"7.30900 2.93800 0.90000, -2.05000 0.25000 0.10000"
1648,0.0000,Tx-Rx,0,-53.3876,"7.30900 2.93800 0.90000, -1.75000 0.25000 0.10000"
1649,0.0000,Tx-Rx,0,-54.4102,"7.30900 2.93800 0.90000, -1.45000 0.25000 0.10000"
1650,0.0000,Tx-Rx,0,-55.9710,"7.30900 2.93800 0.90000, -1.15000 0.25000 0.10000"
1651,0.0000,Tx-Rx,0,-59.0295,"7.30900 2.93800 0.90000, -0.85000 0.25000 0.10000"
1652,0.0000,Tx-Rx,0,-64.2267,"7.30900 2.93800 0.90000, -0.55000 0.25000 0.10000"
1653,0.0000,Tx-Rx,0,-70.1201,"7.30900 2.93800 0.90000, -0.25000 0.25000 0.10000"
1654,0.0000,Tx-Rx,0,-52.8481,"7.30900 2.93800 0.90000, 0.05000 0.25000 0.10000"
1655,0.0000,Tx-Rx,0,-51.6553,"7.30900 2.93800 0.90000, 0.35000 0.25000 0.10000"
1656,0.0000,Tx-Rx,0,-52.7531,"7.30900 2.93800 0.90000, 0.65000 0.25000 0.10000"
1657,0.0000,Tx-Rx,0,-53.7913,"7.30900 2.93800 0.90000, 0.95000 0.25000 0.10000"
1658,0.0000,Tx-Rx,0,-54.3920,"7.30900 2.93800 0.90000, 1.25000 0.25000 0.10000"
1659,0.0000,Tx-Rx,0,-54.8632,"7.30900 2.93800 0.90000, 1.55000 0.25000 0.10000"
1660,0.0000,Tx-Rx,0,-55.2792,"7.30900 2.93800 0.90000, 1.85000 0.25000 0.10000"
1661,0.0000,Tx-Rx,0,-55.2646,"7.30900 2.93800 0.90000, 2.15000 0.25000 0.10000"
1662,0.0000,Tx-Rx,0,-55.1464,"7.30900 2.93800 0.90000, 2.45000 0.25000 0.10000"
1663,0.0000,Tx-Rx,0,-56.5982,"7.30900 2.93800 0.90000, 2.75000 0.25000 0.10000"
1664,0.0000,Tx-Rx,0,-56.6119,"7.30900 2.93800 0.90000, 3.05000 0.25000 0.10000"
1665,0.0000,Tx-Rx,0,-56.7516,"7.30900 2.93800 0.90000, 3.35000 0.25000 0.10000"
1666,0.0000,Tx-Rx,0,-56.8833,"7.30900 2.93800 0.90000, 3.65000 0.25000 0.10000"
1667,0.0000,Tx-Rx,0,-56.9402,"7.30900 2.93800 0.90000, 3.95000 0.25000 0.10000"
1668,0.0000,Tx-Rx,0,-56.4227,"7.30900 2.93800 0.90000, 4.25000 0.25000 0.10000"
1669,0.0000,Tx-Rx,0,-55.4059,"7.30900 2.93800 0.90000, 4.55000 0.25000 0.10000"
1670,0.0000,Tx-Rx,0,-54.5400,"7.30900 2.93800 0.90000, 4.85000 0.25000 0.10000"
1671,0.0000,Tx-Rx,0,-54.3815,"7.30900 2.93800 0.90000, 5.15000 0.25000 0.10000"
1672,0.0000,Tx-Rx,0,-54.7006,"7.30900 2.93800 0.90000, 5.45000 0.25000 0.10000"
1673,0.0000,Tx-Rx,0,-54.2451,"7.30900 2.93800 0.90000, 5.75000 0.25000 0.10000"
1674,0.0000,Tx-Rx,0,-50.4957,"7.30900 2.93800 0.90000, 6.05000 0.25000 0.10000"
1675,0.0000,Tx-Rx,0,-49.6560,"7.30900 2.93800 0.90000, 6.35000 0.25000 0.10000"
1676,0.0000,Tx-Rx,0,-51.0979,"7.30900 2.93800 0.90000, 6.65000 0.25000 0.10000"
1677,0.0000,Tx-Rx,0,-48.9735,"7.30900 2.93800 0.90000, 6.95000 0.25000 0.10000"
1678,0.0000,Tx-Rx,0,-45.2651,"7.30900 2.93800 0.90000, 7.25000 0.25000 0.10000"
1679,0.0000,Tx-Rx,0,-45.2997,"7.30900 2.93800 0.90000, 7.55000 0.25000 0.10000"
1680,0.0000,Tx-Rx,0,-45.1301,"7.30900 2.93800 0.90000, 7.85000 0.25000 0.10000"
1681,0.0000,Tx-Rx,0,-55.9382,"7.30900 2.93800 0.90000, -9.85000 0.55000 0.10000"
1682,0.0000,Tx-Rx,0,-56.8841,"7.30900 2.93800 0.90000, -9.55000 0.55000 0.10000"
1683,0.0000,Tx-Rx,0,-57.6946,"7.30900 2.93800 0.90000, -9.25000 0.55000 0.10000"
1684,0.0000,Tx-Rx,0,-58.3362,"7.30900 2.93800 0.90000, -8.95000 0.55000 0.10000"
1685,0.0000,Tx-Rx,0,-59.3325,"7.30900 2.93800 0.90000, -8.65000 0.55000 0.10000"
1686,0.0000,Tx-Rx,0,-59.1262,"7.30900 2.93800 0.90000, -8.35000 0.55000 0.10000"
1687,0.0000,Tx-Rx,0,-58.3834,"7.30900 2.93800 0.90000, -8.05000 0.55000 0.10000"
1688,0.0000,Tx-Rx,0,-57.4396,"7.30900 2.93800 0.90000, -7.75000 0.55000 0.10000"
1689,0.0000,Tx-Rx,0,-56.5612,"7.30900 2.93800 0.90000, -7.45000 0.55000 0.10000"
1690,0.0000,Tx-Rx,0,-56.1578,"7.30900 2.93800 0.90000, -7.15000 0.55000 0.10000"
1691,0.0000,Tx-Rx,0,-55.9905,"7.30900 2.93800 0.90000, -6.85000 0.55000 0.10000"
1692,0.0000,Tx-Rx,0,-55.9994,"7.30900 2.93800 0.90000, -6.55000 0.55000 0.10000"
1693,0.0000,Tx-Rx,0,-56.0298,"7.30900 2.93800 0.90000, -6.25000 0.55000 0.10000"
1694,0.0000,Tx-Rx,0,-54.8934,"7.30900 2.93800 0.90000, -5.95000 0.55000 0.10000"
1695,0.0000,Tx-Rx,0,-54.1548,"7.30900 2.93800 0.90000, -5.65000 0.55000 0.10000"
1696,0.0000,Tx-Rx,0,-53.5380,"7.30900 2.93800 0.90000, -5.35000 0.55000 0.10000"
1697,0.0000,Tx-Rx,0,-54.6798,"7.30900 2.93800 0.90000, -5.05000 0.55000 0.10000"
1698,0.0000,Tx-Rx,0,-54.8944,"7.30900 2.93800 0.90000, -4.75000 0.55000 0.10000"
1699,0.0000,Tx-Rx,0,-54.8493,"7.30900 2.93800 0.90000, -4.45000 0.55000 0.10000"
1700,0.0000,Tx-Rx,0,-54.1391,"7.30900 2.93800 0.90000, -4.15000 0.55000 0.10000"
1701,0.0000,Tx-Rx,0,-54.3622,"7.30900 2.93800 0.90000, -3.85000 0.55000 0.10000"
1702,0.0000,Tx-Rx,0,-54.0002,"7.30900 2.93800 0.90000, -3.55000 0.55000 0.10000"
1703,0.0000,Tx-Rx,0,-53.7626,"7.30900 2.93800 0.90000, -3.25000 0.55000 0.10000"
1704,0.0000,Tx-Rx,0,-53.6107,"7.30900 2.93800 0.90000, -2.95000 0.55000 0.10000"
1705,0.0000,Tx-Rx,0,-53.5224,"7.30900 2.93800 0.90000, -2.65000 0.55000 0.10000"
1706,0.0000,Tx-Rx,0,-53.3411,"7.30900 2.93800 0.90000, -2.35000 0.55000 0.10000"
1707,0.0000,Tx-Rx,0,-53.0314,"7.30900 2.93800 0.90000, -2.05000 0.55000 0.10000"
1708,0.0000,Tx-Rx,0,-52.7247,"7.30900 2.93800 0.90000, -1.75000 0.55000 0.10000"
1709,0.0000,Tx-Rx,0,-52.5821,"7.30900 2.93800 0.90000, -1.45000 0.55000 0.10000"
1710,0.0000,Tx-Rx,0,-52.3504,"7.30900 2.93800 0.90000, -1.15000 0.55000 0.10000"
1711,0.0000,Tx-Rx,0,-52.3453,"7.30900 2.93800 0.90000, -0.85000 0.55000 0.10000"
1712,0.0000,Tx-Rx,0,-53.1625,"7.30900 2.93800 0.90000, -0.55000 0.55000 0.10000"
1713,0.0000,Tx-Rx,0,-55.3536,"7.30900 2.93800 0.90000, -0.25000 0.55000 0.10000"
1714,0.0000,Tx-Rx,0,-52.1711,"7.30900 2.93800 0.90000, 0.05000 0.55000 0.10000"
1715,0.0000,Tx-Rx,0,-50.4703,"7.30900 2.93800 0.90000, 0.35000 0.55000 0.10000"
1716,0.0000,Tx-Rx,0,-50.2569,"7.30900 2.93800 0.90000, 0.65000 0.55000 0.10000"
1717,0.0000,Tx-Rx,0,-50.6192,"7.30900 2.93800 0.90000, 0.95000 0.55000 0.10000"
1718,0.0000,Tx-Rx,0,-51.8159,"7.30900 2.93800 0.90000, 1.25000 0.55000 0.10000"
1719,0.0000,Tx-Rx,0,-53.7805,"7.30900 2.93800 0.90000, 1.55000 0.55000 0.10000"
1720,0.0000,Tx-Rx,0,-54.3984,"7.30900 2.93800 0.90000, 1.85000 0.55000 0.10000"
1721,0.0000,Tx-Rx,0,-54.3704,"7.30900 2.93800 0.90000, 2.15000 0.55000 0.10000"
1722,0.0000,Tx-Rx,0,-54.4418,"7.30900 2.93800 0.90000, 2.45000 0.55000 0.10000"
1723,0.0000,Tx-Rx,0,-55.9901,"7.30900 2.93800 0.90000, 2.75000 0.55000 0.10000"
1724,0.0000,Tx-Rx,0,-56.1710,"7.30900 2.93800 0.90000, 3.05000 0.55000 0.10000"
1725,0.0000,Tx-Rx,0,-56.1523,"7.30900 2.93800 0.90000, 3.35000 0.55000 0.10000"
1726,0.0000,Tx-Rx,0,-56.4671,"7.30900 2.93800 0.90000, 3.65000 0.55000 0.10000"
1727,0.0000,Tx-Rx,0,-56.7894,"7.30900 2.93800 0.90000, 3.95000 0.55000 0.10000"
1728,0.0000,Tx-Rx,0,-56.8475,"7.30900 2.93800 0.90000, 4.25000 0.55000 0.10000"
1729,0.0000,Tx-Rx,0,-56.0638,"7.30900 2.93800 0.90000, 4.55000 0.55000 0.10000"
1730,0.0000,Tx-Rx,0,-54.8957,"7.30900 2.93800 0.90000, 4.85000 0.55000 0.10000"
1731,0.0000,Tx-Rx,0,-54.1558,"7.30900 2.93800 0.90000, 5.15000 0.55000 0.10000"
1732,0.0000,Tx-Rx,0,-54.7383,"7.30900 2.93800 0.90000, 5.45000 0.55000 0.10000"
1733,0.0000,Tx-Rx,0,-54.3343,"7.30900 2.93800 0.90000, 5.75000 0.55000 0.10000"
1734,0.0000,Tx-Rx,0,-52.8007,"7.30900 2.93800 0.90000, 6.05000 0.55000 0.10000"
1735,0.0000,Tx-Rx,0,-49.2431,"7.30900 2.93800 0.90000, 6.35000 0.55000 0.10000"
1736,0.0000,Tx-Rx,0,-50.0975,"7.30900 2.93800 0.90000, 6.65000 0.55000 0.10000"
1737,0.0000,Tx-Rx,0,-49.1007,"7.30900 2.93800 0.90000, 6.95000 0.55000 0.10000"
1738,0.0000,Tx-Rx,0,-44.1914,"7.30900 2.93800 0.90000, 7.25000 0.55000 0.10000"
1739,0.0000,Tx-Rx,0,-45.2018,"7.30900 2.93800 0.90000, 7.55000 0.55000 0.10000"
1740,0.0000,Tx-Rx,0,-44.6122,"7.30900 2.93800 0.90000, 7.85000 0.55000 0.10000"
1741,0.0000,Tx-Rx,0,-54.7730,"7.30900 2.93800 0.90000, -9.85000 0.85000 0.10000"
1742,0.0000,Tx-Rx,0,-54.4783,"7.30900 2.93800 0.90000, -9.55000 0.85000 0.10000"
1743,0.0000,Tx-Rx,0,-53.8642,"7.30900 2.93800 0.90000, -9.25000 0.85000 0.10000"
1744,0.0000,Tx-Rx,0,-53.6303,"7.30900 2.93800 0.90000, -8.95000 0.85000 0.10000"
1745,0.0000,Tx-Rx,0,-54.1041,"7.30900 2.93800 0.90000, -8.65000 0.85000 0.10000"
1746,0.0000,Tx-Rx,0,-55.0025,"7.30900 2.93800 0.90000, -8.35000 0.85000 0.10000"
1747,0.0000,Tx-Rx,0,-55.3919,"7.30900 2.93800 0.90000, -8.05000 0.85000 0.10000"
1748,0.0000,Tx-Rx,0,-55.7556,"7.30900 2.93800 0.90000, -7.75000 0.85000 0.10000"
1749,0.0000,Tx-Rx,0,-56.3876,"7.30900 2.93800 0.90000, -7.45000 0.85000 0.10000"
1750,0.0000,Tx-Rx,0,-56.7413,"7.30900 2.93800 0.90000, -7.15000 0.85000 0.10000"
1751,0.0000,Tx-Rx,0,-56.7254,"7.30900 2.93800 0.90000, -6.85000 0.85000 0.10000"
1752,0.0000,Tx-Rx,0,-56.6962,"7.30900 2.93800 0.90000, -6.55000 0.85000 0.10000"
1753,0.0000,Tx-Rx,0,-57.0401,"7.30900 2.93800 0.90000, -6.25000 0.85000 0.10000"
1754,0.0000,Tx-Rx,0,-57.0829,"7.30900 2.93800 0.90000, -5.95000 0.85000 0.10000"
1755,0.0000,Tx-Rx,0,-57.8118,"7.30900 2.93800 0.90000, -5.65000 0.85000 0.10000"
1756,0.0000,Tx-Rx,0,-58.1611,"7.30900 2.93800 0.90000, -5.35000 0.85000 0.10000"
1757,0.0000,Tx-Rx,0,-59.4498,"7.30900 2.93800 0.90000, -5.05000 0.85000 0.10000"
1758,0.0000,Tx-Rx,0,-59.3374,"7.30900 2.93800 0.90000, -4.75000 0.85000 0.10000"
1759,0.0000,Tx-Rx,0,-58.2465,"7.30900 2.93800 0.90000, -4.45000 0.85000 0.10000"
1760,0.0000,Tx-Rx,0,-56.7725,"7.30900 2.93800 0.90000, -4.15000 0.85000 0.10000"
1761,0.0000,Tx-Rx,0,-54.7742,"7.30900 2.93800 0.90000, -3.85000 0.85000 0.10000"
1762,0.0000,Tx-Rx,0,-53.9930,"7.30900 2.93800 0.90000, -3.55000 0.85000 0.10000"
1763,0.0000,Tx-Rx,0,-53.5521,"7.30900 2.93800 0.90000, -3.25000 0.85000 0.10000"
1764,0.0000,Tx-Rx,0,-53.4091,"7.30900 2.93800 0.90000, -2.95000 0.85000 0.10000"
1765,0.0000,Tx-Rx,0,-53.1986,"7.30900 2.93800 0.90000, -2.65000 0.85000 0.10000"
1766,0.0000,Tx-Rx,0,-53.0008,"7.30900 2.93800 0.90000, -2.35000 0.85000 0.10000"
1767,0.0000,Tx-Rx,0,-52.8140,"7.30900 2.93800 0.90000, -2.05000 0.85000 0.10000"
1768,0.0000,Tx-Rx,0,-52.5941,"7.30900 2.93800 0.90000, -1.75000 0.85000 0.10000"
1769,0.0000,Tx-Rx,0,-52.4775,"7.30900 2.93800 0.90000, -1.45000 0.85000 0.10000"
1770,0.0000,Tx-Rx,0,-52.2311,"7.30900 2.93800 0.90000, -1.15000 0.85000 0.10000"
1771,0.0000,Tx-Rx,0,-51.9653,"7.30900 2.93800 0.90000, -0.85000 0.85000 0.10000"
1772,0.0000,Tx-Rx,0,-51.8009,"7.30900 2.93800 0.90000, -0.55000 0.85000 0.10000"
1773,0.0000,Tx-Rx,0,-51.4906,"7.30900 2.93800 0.90000, -0.25000 0.85000 0.10000"
1774,0.0000,Tx-Rx,0,-50.9905,"7.30900 2.93800 0.90000, 0.05000 0.85000 0.10000"
1775,0.0000,Tx-Rx,0,-50.5607,"7.30900 2.93800 0.90000, 0.35000 0.85000 0.10000"
1776,0.0000,Tx-Rx,0,-50.3658,"7.30900 2.93800 0.90000, 0.65000 0.85000 0.10000"
1777,0.0000,Tx-Rx,0,-50.0517,"7.30900 2.93800 0.90000, 0.95000 0.85000 0.10000"
1778,0.0000,Tx-Rx,0,-49.8439,"7.30900 2.93800 0.90000, 1.25000 0.85000 0.10000"
1779,0.0000,Tx-Rx,0,-49.6851,"7.30900 2.93800 0.90000, 1.55000 0.85000 0.10000"
1780,0.0000,Tx-Rx,0,-50.4063,"7.30900 2.93800 0.90000, 1.85000 0.85000 0.10000"
1781,0.0000,Tx-Rx,0,-51.7568,"7.30900 2.93800 0.90000, 2.15000 0.85000 0.10000"
1782,0.0000,Tx-Rx,0,-53.4209,"7.30900 2.93800 0.90000, 2.45000 0.85000 0.10000"
1783,0.0000,Tx-Rx,0,-55.1213,"7.30900 2.93800 0.90000, 2.75000 0.85000 0.10000"
1784,0.0000,Tx-Rx,0,-55.4963,"7.30900 2.93800 0.90000, 3.05000 0.85000 0.10000"
1785,0.0000,Tx-Rx,0,-55.5215,"7.30900 2.93800 0.90000, 3.35000 0.85000 0.10000"
1786,0.0000,Tx-Rx,0,-55.6624,"7.30900 2.93800 0.90000, 3.65000 0.85000 0.10000"
1787,0.0000,Tx-Rx,0,-56.7401,"7.30900 2.93800 0.90000, 3.95000 0.85000 0.10000"
1788,0.0000,Tx-Rx,0,-59.4196,"7.30900 2.93800 0.90000, 4.25000 0.85000 0.10000"
1789,0.0000,Tx-Rx,0,-59.5588,"7.30900 2.93800 0.90000, 4.55000 0.85000 0.10000"
1790,0.0000,Tx-Rx,0,-57.3150,"7.30900 2.93800 0.90000, 4.85000 0.85000 0.10000"
1791,0.0000,Tx-Rx,0,-54.3272,"7.30900 2.93800 0.90000, 5.15000 0.85000 0.10000"
1792,0.0000,Tx-Rx,0,-54.2054,"7.30900 2.93800 0.90000, 5.45000 0.85000 0.10000"
1793,0.0000,Tx-Rx,0,-53.8487,"7.30900 2.93800 0.90000, 5.75000 0.85000 0.10000"
1794,0.0000,Tx-Rx,0,-53.7615,"7.30900 2.93800 0.90000, 6.05000 0.85000 0.10000"
1795,0.0000,Tx-Rx,0,-50.9192,"7.30900 2.93800 0.90000, 6.35000 0.85000 0.10000"
1796,0.0000,Tx-Rx,0,-49.9672,"7.30900 2.93800 0.90000, 6.65000 0.85000 0.10000"
1797,0.0000,Tx-Rx,0,-49.1525,"7.30900 2.93800 0.90000, 6.95000 0.85000 0.10000"
1798,0.0000,Tx-Rx,0,-43.2579,"7.30900 2.93800 0.90000, 7.25000 0.85000 0.10000"
1799,0.0000,Tx-Rx,0,-44.2966,"7.30900 2.93800 0.90000, 7.55000 0.85000 0.10000"
1800,0.0000,Tx-Rx,0,-44.0523,"7.30900 2.93800 0.90000, 7.85000 0.85000 0.10000"
1801,0.0000,Tx-Rx,0,-58.2975,"7.30900 2.93800 0.90000, -9.85000 1.15000 0.10000"
1802,0.0000,Tx-Rx,0,-56.9621,"7.30900 2.93800 0.90000, -9.55000 1.15000 0.10000"
1803,0.0000,Tx-Rx,0,-55.9039,"7.30900 2.93800 0.90000, -9.25000 1.15000 0.10000"
1804,0.0000,Tx-Rx,0,-55.5282,"7.30900 2.93800 0.90000, -8.95000 1.15000 0.10000"
1805,0.0000,Tx-Rx,0,-54.7139,"7.30900 2.93800 0.90000, -8.65000 1.15000 0.10000"
1806,0.0000,Tx-Rx,0,-54.6484,"7.30900 2.93800 0.90000, -8.35000 1.15000 0.10000"
1807,0.0000,Tx-Rx,0,-54.7080,"7.30900 2.93800 0.90000, -8.05000 1.15000 0.10000"
1808,0.0000,Tx-Rx,0,-54.5488,"7.30900 2.93800 0.90000, -7.75000 1.15000 0.10000"
1809,0.0000,Tx-Rx,0,-54.2677,"7.30900 2.93800 0.90000, -7.45000 1.15000 0.10000"
1810,0.0000,Tx-Rx,0,-54.0128,"7.30900 2.93800 0.90000, -7.15000 1.15000 0.10000"
1811,0.0000,Tx-Rx,0,-53.4447,"7.30900 2.93800 0.90000, -6.85000 1.15000 0.10000"
1812,0.0000,Tx-Rx,0,-53.8219,"7.30900 2.93800 0.90000, -6.55000 1.15000 0.10000"
1813,0.0000,Tx-Rx,0,-53.6751,"7.30900 2.93800 0.90000, -6.25000 1.15000 0.10000"
1814,0.0000,Tx-Rx,0,-53.7251,"7.30900 2.93800 0.90000, -5.95000 1.15000 0.10000"
1815,0.0000,Tx-Rx,0,-53.6972,"7.30900 2.93800 0.90000, -5.65000 1.15000 0.10000"
1816,0.0000,Tx-Rx,0,-53.8907,"7.30900 2.93800 0.90000, -5.35000 1.15000 0.10000"
1817,0.0000,Tx-Rx,0,-54.9457,"7.30900 2.93800 0.90000, -5.05000 1.15000 0.10000"
1818,0.0000,Tx-Rx,0,-56.5444,"7.30900 2.93800 0.90000, -4.75000 1.15000 0.10000"
1819,0.0000,Tx-Rx,0,-58.0497,"7.30900 2.93800 0.90000, -4.45000 1.15000 0.10000"
1820,0.0000,Tx-Rx,0,-58.6432,"7.30900 2.93800 0.90000, -4.15000 1.15000 0.10000"
1821,0.0000,Tx-Rx,0,-56.2369,"7.30900 2.93800 0.90000, -3.85000 1.15000 0.10000"
1822,0.0000,Tx-Rx,0,-53.9046,"7.30900 2.93800 0.90000, -3.55000 1.15000 0.10000"
1823,0.0000,Tx-Rx,0,-53.3965,"7.30900 2.93800 0.90000, -3.25000 1.15000 0.10000"
1824,0.0000,Tx-Rx,0,-53.3590,"7.30900 2.93800 0.90000, -2.95000 1.15000 0.10000"
1825,0.0000,Tx-Rx,0,-53.2094,"7.30900 2.93800 0.90000, -2.65000 1.15000 0.10000"
1826,0.0000,Tx-Rx,0,-53.0005,"7.30900 2.93800 0.90000, -2.35000 1.15000 0.10000"
1827,0.0000,Tx-Rx,0,-52.6934,"7.30900 2.93800 0.90000, -2.05000 1.15000 0.10000"
1828,0.0000,Tx-Rx,0,-52.5598,"7.30900 2.93800 0.90000, -1.75000 1.15000 0.10000"
1829,0.0000,Tx-Rx,0,-52.2587,"7.30900 2.93800 0.90000, -1.45000 1.15000 0.10000"
1830,0.0000,Tx-Rx,0,-52.0255,"7.30900 2.93800 0.90000, -1.15000 1.15000 0.10000"
1831,0.0000,Tx-Rx,0,-51.8009,"7.30900 2.93800 0.90000, -0.85000 1.15000 0.10000"
1832,0.0000,Tx-Rx,0,-51.6823,"7.30900 2.93800 0.90000, -0.55000 1.15000 0.10000"
1833,0.0000,Tx-Rx,0,-51.1780,"7.30900 2.93800 0.90000, -0.25000 1.15000 0.10000"
1834,0.0000,Tx-Rx,0,-50.8651,"7.30900 2.93800 0.90000, 0.05000 1.15000 0.10000"
1835,0.0000,Tx-Rx,0,-50.5374,"7.30900 2.93800 0.90000, 0.35000 1.15000 0.10000"
1836,0.0000,Tx-Rx,0,-50.1313,"7.30900 2.93800 0.90000, 0.65000 1.15000 0.10000"
1837,0.0000,Tx-Rx,0,-49.9593,"7.30900 2.93800 0.90000, 0.95000 1.15000 0.10000"
1838,0.0000,Tx-Rx,0,-49.8256,"7.30900 2.93800 0.90000, 1.25000 1.15000 0.10000"
1839,0.0000,Tx-Rx,0,-49.4960,"7.30900 2.93800 0.90000, 1.55000 1.15000 0.10000"
1840,0.0000,Tx-Rx,0,-49.1338,"7.30900 2.93800 0.90000, 1.85000 1.15000 0.10000"
1841,0.0000,Tx-Rx,0,-48.6789,"7.30900 2.93800 0.90000, 2.15000 1.15000 0.10000"
1842,0.0000,Tx-Rx,0,-48.7209,"7.30900 2.93800 0.90000, 2.45000 1.15000 0.10000"
1843,0.0000,Tx-Rx,0,-50.5498,"7.30900 2.93800 0.90000, 2.75000 1.15000 0.10000"
1844,0.0000,Tx-Rx,0,-52.9444,"7.30900 2.93800 0.90000, 3.05000 1.15000 0.10000"
1845,0.0000,Tx-Rx,0,-54.4504,"7.30900 2.93800 0.90000, 3.35000 1.15000 0.10000"
1846,0.0000,Tx-Rx,0,-54.8208,"7.30900 2.93800 0.90000, 3.65000 1.15000 0.10000"
1847,0.0000,Tx-Rx,0,-55.2791,"7.30900 2.93800 0.90000, 3.95000 1.15000 0.10000"
1848,0.0000,Tx-Rx,0,-58.9896,"7.30900 2.93800 0.90000, 4.25000 1.15000 0.10000"
1849,0.0000,Tx-Rx,0,-60.7446,"7.30900 2.93800 0.90000, 4.55000 1.15000 0.10000"
1850,0.0000,Tx-Rx,0,-61.0869,"7.30900 2.93800 0.90000, 4.85000 1.15000 0.10000"
1851,0.0000,Tx-Rx,0,-59.0281,"7.30900 2.93800 0.90000, 5.15000 1.15000 0.10000"
1852,0.0000,Tx-Rx,0,-54.8475,"7.30900 2.93800 0.90000, 5.45000 1.15000 0.10000"
1853,0.0000,Tx-Rx,0,-53.7896,"7.30900 2.93800 0.90000, 5.75000 1.15000 0.10000"
1854,0.0000,Tx-Rx,0,-53.6915,"7.30900 2.93800 0.90000, 6.05000 1.15000 0.10000"
1855,0.0000,Tx-Rx,0,-53.3550,"7.30900 2.93800 0.90000, 6.35000 1.15000 0.10000"
1856,0.0000,Tx-Rx,0,-51.6465,"7.30900 2.93800 0.90000, 6.65000 1.15000 0.10000"
1857,0.0000,Tx-Rx,0,-49.8767,"7.30900 2.93800 0.90000, 6.95000 1.15000 0.10000"
1858,0.0000,Tx-Rx,0,-42.6443,"7.30900 2.93800 0.90000, 7.25000 1.15000 0.10000"
1859,0.0000,Tx-Rx,0,-43.0393,"7.30900 2.93800 0.90000, 7.55000 1.15000 0.10000"
1860,0.0000,Tx-Rx,0,-43.5317,"7.30900 2.93800 0.90000, 7.85000 1.15000 0.10000"
1861,0.0000,Tx-Rx,0,-54.8228,"7.30900 2.93800 0.90000, -9.85000 1.45000 0.10000"
1862,0.0000,Tx-Rx,0,-54.6460,"7.30900 2.93800 0.90000, -9.55000 1.45000 0.10000"
1863,0.0000,Tx-Rx,0,-54.8346,"7.30900 2.93800 0.90000, -9.25000 1.45000 0.10000"
1864,0.0000,Tx-Rx,0,-54.9737,"7.30900 2.93800 0.90000, -8.95000 1.45000 0.10000"
1865,0.0000,Tx-Rx,0,-54.9771,"7.30900 2.93800 0.90000, -8.65000 1.45000 0.10000"
1866,0.0000,Tx-Rx,0,-54.4232,"7.30900 2.93800 0.90000, -8.35000 1.45000 0.10000"
1867,0.0000,Tx-Rx,0,-54.2582,"7.30900 2.93800 0.90000, -8.05000 1.45000 0.10000"
1868,0.0000,Tx-Rx,0,-53.9963,"7.30900 2.93800 0.90000, -7.75000 1.45000 0.10000"
1869,0.0000,Tx-Rx,0,-53.7970,"7.30900 2.93800 0.90000, -7.45000 1.45000 0.10000"
1870,0.0000,Tx-Rx,0,-53.8137,"7.30900 2.93800 0.90000, -7.15000 1.45000 0.10000"
1871,0.0000,Tx-Rx,0,-53.5732,"7.30900 2.93800 0.90000, -6.85000 1.45000 0.10000"
1872,0.0000,Tx-Rx,0,-53.4198,"7.30900 2.93800 0.90000, -6.55000 1.45000 0.10000"
1873,0.0000,Tx-Rx,0,-53.9762,"7.30900 2.93800 0.90000, -6.25000 1.45000 0.10000"
1874,0.0000,Tx-Rx,0,-53.8017,"7.30900 2.93800 0.90000, -5.95000 1.45000 0.10000"
1875,0.0000,Tx-Rx,0,-53.8743,"7.30900 2.93800 0.90000, -5.65000 1.45000 0.10000"
1876,0.0000,Tx-Rx,0,-53.3382,"7.30900 2.93800 0.90000, -5.35000 1.45000 0.10000"
1877,0.0000,Tx-Rx,0,-52.8635,"7.30900 2.93800 0.90000, -5.05000 1.45000 0.10000"
1878,0.0000,Tx-Rx,0,-53.5070,"7.30900 2.93800 0.90000, -4.75000 1.45000 0.10000"
1879,0.0000,Tx-Rx,0,-53.0058,"7.30900 2.93800 0.90000, -4.45000 1.45000 0.10000"
1880,0.0000,Tx-Rx,0,-52.8791,"7.30900 2.93800 0.90000, -4.15000 1.45000 0.10000"
1881,0.0000,Tx-Rx,0,-53.4789,"7.30900 2.93800 0.90000, -3.85000 1.45000 0.10000"
1882,0.0000,Tx-Rx,0,-53.2886,"7.30900 2.93800 0.90000, -3.55000 1.45000 0.10000"
1883,0.0000,Tx-Rx,0,-53.3588,"7.30900 2.93800 0.90000, -3.25000 1.45000 0.10000"
1884,0.0000,Tx-Rx,0,-53.3820,"7.30900 2.93800 0.90000, -2.95000 1.45000 0.10000"
1885,0.0000,Tx-Rx,0,-53.2208,"7.30900 2.93800 0.90000, -2.65000 1.45000 0.10000"
1886,0.0000,Tx-Rx,0,-52.9443,"7.30900 2.93800 0.90000, -2.35000 1.45000 0.10000"
1887,0.0000,Tx-Rx,0,-52.6981,"7.30900 2.93800 0.90000, -2.05000 1.45000 0.10000"
1888,0.0000,Tx-Rx,0,-52.3593,"7.30900 2.93800 0.90000, -1.75000 1.45000 0.10000"
1889,0.0000,Tx-Rx,0,-52.2584,"7.30900 2.93800 0.90000, -1.45000 1.45000 0.10000"
1890,0.0000,Tx-Rx,0,-51.8273,"7.30900 2.93800 0.90000, -1.15000 1.45000 0.10000"
1891,0.0000,Tx-Rx,0,-51.6840,"7.30900 2.93800 0.90000, -0.85000 1.45000 0.10000"
1892,0.0000,Tx-Rx,0,-51.2719,"7.30900 2.93800 0.90000, -0.55000 1.45000 0.10000"
1893,0.0000,Tx-Rx,0,-50.7974,"7.30900 2.93800 0.90000, -0.25000 1.45000 0.10000"
1894,0.0000,Tx-Rx,0,-50.5145,"7.30900 2.93800 0.90000, 0.05000 1.45000 0.10000"
1895,0.0000,Tx-Rx,0,-50.1769,"7.30900 2.93800 0.90000, 0.35000 1.45000 0.10000"
1896,0.0000,Tx-Rx,0,-50.0006,"7.30900 2.93800 0.90000, 0.65000 1.45000 0.10000"
1897,0.0000,Tx-Rx,0,-49.8604,"7.30900 2.93800 0.90000, 0.95000 1.45000 0.10000"
1898,0.0000,Tx-Rx,0,-49.6113,"7.30900 2.93800 0.90000, 1.25000 1.45000 0.10000"
1899,0.0000,Tx-Rx,0,-49.4526,"7.30900 2.93800 0.90000, 1.55000 1.45000 0.10000"
1900,0.0000,Tx-Rx,0,-49.0148,"7.30900 2.93800 0.90000, 1.85000 1.45000 0.10000"
1901,0.0000,Tx-Rx,0,-48.5341,"7.30900 2.93800 0.90000, 2.15000 1.45000 0.10000"
1902,0.0000,Tx-Rx,0,-48.0270,"7.30900 2.93800 0.90000, 2.45000 1.45000 0.10000"
1903,0.0000,Tx-Rx,0,-47.9572,"7.30900 2.93800 0.90000, 2.75000 1.45000 0.10000"
1904,0.0000,Tx-Rx,0,-47.6593,"7.30900 2.93800 0.90000, 3.05000 1.45000 0.10000"
1905,0.0000,Tx-Rx,0,-48.2467,"7.30900 2.93800 0.90000, 3.35000 1.45000 0.10000"
1906,0.0000,Tx-Rx,0,-50.0628,"7.30900 2.93800 0.90000, 3.65000 1.45000 0.10000"
1907,0.0000,Tx-Rx,0,-53.0149,"7.30900 2.93800 0.90000, 3.95000 1.45000 0.10000"
1908,0.0000,Tx-Rx,0,-55.5582,"7.30900 2.93800 0.90000, 4.25000 1.45000 0.10000"
1909,0.0000,Tx-Rx,0,-58.1804,"7.30900 2.93800 0.90000, 4.55000 1.45000 0.10000"
1910,0.0000,Tx-Rx,0,-59.9120,"7.30900 2.93800 0.90000, 4.85000 1.45000 0.10000"
1911,0.0000,Tx-Rx,0,-63.1116,"7.30900 2.93800 0.90000, 5.15000 1.45000 0.10000"
1912,0.0000,Tx-Rx,0,-64.0619,"7.30900 2.93800 0.90000, 5.45000 1.45000 0.10000"
1913,0.0000,Tx-Rx,0,-52.3104,"7.30900 2.93800 0.90000, 5.75000 1.45000 0.10000"
1914,0.0000,Tx-Rx,0,-51.3624,"7.30900 2.93800 0.90000, 6.05000 1.45000 0.10000"
1915,0.0000,Tx-Rx,0,-54.2861,"7.30900 2.93800 0.90000, 6.35000 1.45000 0.10000"
1916,0.0000,Tx-Rx,0,-47.8899,"7.30900 2.93800 0.90000, 6.65000 1.45000 0.10000"
1917,0.0000,Tx-Rx,0,-50.2922,"7.30900 2.93800 0.90000, 6.95000 1.45000 0.10000"
1918,0.0000,Tx-Rx,0,-41.9057,"7.30900 2.93800 0.90000, 7.25000 1.45000 0.10000"
1919,0.0000,Tx-Rx,0,-41.7865,"7.30900 2.93800 0.90000, 7.55000 1.45000 0.10000"
1920,0.0000,Tx-Rx,0,-42.3338,"7.30900 2.93800 0.90000, 7.85000 1.45000 0.10000"
1921,0.0000,Tx-Rx,0,-55.8464,"7.30900 2.93800 0.90000, -9.85000 1.75000 0.10000"
1922,0.0000,Tx-Rx,0,-55.3510,"7.30900 2.93800 0.90000, -9.55000 1.75000 0.10000"
1923,0.0000,Tx-Rx,0,-55.0211,"7.30900 2.93800 0.90000, -9.25000 1.75000 0.10000"
1924,0.0000,Tx-Rx,0,-54.6685,"7.30900 2.93800 0.90000, -8.95000 1.75000 0.10000"
1925,0.0000,Tx-Rx,0,-54.2926,"7.30900 2.93800 0.90000, -8.65000 1.75000 0.10000"
1926,0.0000,Tx-Rx,0,-54.0792,"7.30900 2.93800 0.90000, -8.35000 1.75000 0.10000"
1927,0.0000,Tx-Rx,0,-53.9284,"7.30900 2.93800 0.90000, -8.05000 1.75000 0.10000"
1928,0.0000,Tx-Rx,0,-53.9309,"7.30900 2.93800 0.90000, -7.75000 1.75000 0.10000"
1929,0.0000,Tx-Rx,0,-54.7422,"7.30900 2.93800 0.90000, -7.45000 1.75000 0.10000"
1930,0.0000,Tx-Rx,0,-54.6362,"7.30900 2.93800 0.90000, -7.15000 1.75000 0.10000"
1931,0.0000,Tx-Rx,0,-54.3571,"7.30900 2.93800 0.90000, -6.85000 1.75000 0.10000"
1932,0.0000,Tx-Rx,0,-54.2423,"7.30900 2.93800 0.90000, -6.55000 1.75000 0.10000"
1933,0.0000,Tx-Rx,0,-55.2607,"7.30900 2.93800 0.90000, -6.25000 1.75000 0.10000"
1934,0.0000,Tx-Rx,0,-55.7845,"7.30900 2.93800 0.90000, -5.95000 1.75000 0.10000"
1935,0.0000,Tx-Rx,0,-55.2769,"7.30900 2.93800 0.90000, -5.65000 1.75000 0.10000"
1936,0.0000,Tx-Rx,0,-55.0478,"7.30900 2.93800 0.90000, -5.35000 1.75000 0.10000"
1937,0.0000,Tx-Rx,0,-54.6277,"7.30900 2.93800 0.90000, -5.05000 1.75000 0.10000"
1938,0.0000,Tx-Rx,0,-55.1799,"7.30900 2.93800 0.90000, -4.75000 1.75000 0.10000"
1939,0.0000,Tx-Rx,0,-54.6360,"7.30900 2.93800 0.90000, -4.45000 1.75000 0.10000"
1940,0.0000,Tx-Rx,0,-54.1441,"7.30900 2.93800 0.90000, -4.15000 1.75000 0.10000"
1941,0.0000,Tx-Rx,0,-53.4448,"7.30900 2.93800 0.90000, -3.85000 1.75000 0.10000"
1942,0.0000,Tx-Rx,0,-53.0467,"7.30900 2.93800 0.90000, -3.55000 1.75000 0.10000"
1943,0.0000,Tx-Rx,0,-52.8894,"7.30900 2.93800 0.90000, -3.25000 1.75000 0.10000"
1944,0.0000,Tx-Rx,0,-52.8501,"7.30900 2.93800 0.90000, -2.95000 1.75000 0.10000"
1945,0.0000,Tx-Rx,0,-52.7973,"7.30900 2.93800 0.90000, -2.65000 1.75000 0.10000"
1946,0.0000,Tx-Rx,0,-52.8681,"7.30900 2.93800 0.90000, -2.35000 1.75000 0.10000"
1947,0.0000,Tx-Rx,0,-52.6546,"7.30900 2.93800 0.90000, -2.05000 1.75000 0.10000"
1948,0.0000,Tx-Rx,0,-52.3217,"7.30900 2.93800 0.90000, -1.75000 1.75000 0.10000"
1949,0.0000,Tx-Rx,0,-51.9491,"7.30900 2.93800 0.90000, -1.45000 1.75000 0.10000"
1950,0.0000,Tx-Rx,0,-51.7072,"7.30900 2.93800 0.90000, -1.15000 1.75000 0.10000"
1951,0.0000,Tx-Rx,0,-51.2772,"7.30900 2.93800 0.90000, -0.85000 1.75000 0.10000"
1952,0.0000,Tx-Rx,0,-50.9348,"7.30900 2.93800 0.90000, -0.55000 1.75000 0.10000"
1953,0.0000,Tx-Rx,0,-50.6952,"7.30900 2.93800 0.90000, -0.25000 1.75000 0.10000"
1954,0.0000,Tx-Rx,0,-50.3046,"7.30900 2.93800 0.90000, 0.05000 1.75000 0.10000"
1955,0.0000,Tx-Rx,0,-50.0372,"7.30900 2.93800 0.90000, 0.35000 1.75000 0.10000"
1956,0.0000,Tx-Rx,0,-49.6577,"7.30900 2.93800 0.90000, 0.65000 1.75000 0.10000"
1957,0.0000,Tx-Rx,0,-49.4979,"7.30900 2.93800 0.90000, 0.95000 1.75000 0.10000"
1958,0.0000,Tx-Rx,0,-49.2827,"7.30900 2.93800 0.90000, 1.25000 1.75000 0.10000"
1959,0.0000,Tx-Rx,0,-49.1416,"7.30900 2.93800 0.90000, 1.55000 1.75000 0.10000"
1960,0.0000,Tx-Rx,0,-48.8817,"7.30900 2.93800 0.90000, 1.85000 1.75000 0.10000"
1961,0.0000,Tx-Rx,0,-48.4342,"7.30900 2.93800 0.90000, 2.15000 1.75000 0.10000"
1962,0.0000,Tx-Rx,0,-47.9101,"7.30900 2.93800 0.90000, 2.45000 1.75000 0.10000"
1963,0.0000,Tx-Rx,0,-47.9016,"7.30900 2.93800 0.90000, 2.75000 1.75000 0.10000"
1964,0.0000,Tx-Rx,0,-47.4038,"7.30900 2.93800 0.90000, 3.05000 1.75000 0.10000"
1965,0.0000,Tx-Rx,0,-46.8413,"7.30900 2.93800 0.90000, 3.35000 1.75000 0.10000"
1966,0.0000,Tx-Rx,0,-45.8186,"7.30900 2.93800 0.90000, 3.65000 1.75000 0.10000"
1967,0.0000,Tx-Rx,0,-45.6371,"7.30900 2.93800 0.90000, 3.95000 1.75000 0.10000"
1968,0.0000,Tx-Rx,0,-46.8240,"7.30900 2.93800 0.90000, 4.25000 1.75000 0.10000"
1969,0.0000,Tx-Rx,0,-50.7603,"7.30900 2.93800 0.90000, 4.55000 1.75000 0.10000"
1970,0.0000,Tx-Rx,0,-56.7529,"7.30900 2.93800 0.90000, 4.85000 1.75000 0.10000"
1971,0.0000,Tx-Rx,0,-60.9366,"7.30900 2.93800 0.90000, 5.15000 1.75000 0.10000"
1972,0.0000,Tx-Rx,0,-63.2324,"7.30900 2.93800 0.90000, 5.45000 1.75000 0.10000"
1973,0.0000,Tx-Rx,0,-50.7523,"7.30900 2.93800 0.90000, 5.75000 1.75000 0.10000"
1974,0.0000,Tx-Rx,0,-48.4926,"7.30900 2.93800 0.90000, 6.05000 1.75000 0.10000"
1975,0.0000,Tx-Rx,0,-48.6086,"7.30900 2.93800 0.90000, 6.35000 1.75000 0.10000"
1976,0.0000,Tx-Rx,0,-40.4881,"7.30900 2.93800 0.90000, 6.65000 1.75000 0.10000"
1977,0.0000,Tx-Rx,0,-43.6401,"7.30900 2.93800 0.90000, 6.95000 1.75000 0.10000"
1978,0.0000,Tx-Rx,0,-40.7690,"7.30900 2.93800 0.90000, 7.25000 1.75000 0.10000"
1979,0.0000,Tx-Rx,0,-40.7181,"7.30900 2.93800 0.90000, 7.55000 1.75000 0.10000"
1980,0.0000,Tx-Rx,0,-40.6977,"7.30900 2.93800 0.90000, 7.85000 1.75000 0.10000"
1981,0.0000,Tx-Rx,0,-63.4422,"7.30900 2.93800 0.90000, -9.85000 2.05000 0.10000"
1982,0.0000,Tx-Rx,0,-62.4108,"7.30900 2.93800 0.90000, -9.55000 2.05000 0.10000"
1983,0.0000,Tx-Rx,0,-61.6706,"7.30900 2.93800 0.90000, -9.25000 2.05000 0.10000"
1984,0.0000,Tx-Rx,0,-62.0185,"7.30900 2.93800 0.90000, -8.95000 2.05000 0.10000"
1985,0.0000,Tx-Rx,0,-61.8701,"7.30900 2.93800 0.90000, -8.65000 2.05000 0.10000"
1986,0.0000,Tx-Rx,0,-61.6430,"7.30900 2.93800 0.90000, -8.35000 2.05000 0.10000"
1987,0.0000,Tx-Rx,0,-58.0937,"7.30900 2.93800 0.90000, -8.05000 2.05000 0.10000"
1988,0.0000,Tx-Rx,0,-55.5884,"7.30900 2.93800 0.90000, -7.75000 2.05000 0.10000"
1989,0.0000,Tx-Rx,0,-55.3440,"7.30900 2.93800 0.90000, -7.45000 2.05000 0.10000"
1990,0.0000,Tx-Rx,0,-55.0964,"7.30900 2.93800 0.90000, -7.15000 2.05000 0.10000"
1991,0.0000,Tx-Rx,0,-54.9479,"7.30900 2.93800 0.90000, -6.85000 2.05000 0.10000"
1992,0.0000,Tx-Rx,0,-54.3596,"7.30900 2.93800 0.90000, -6.55000 2.05000 0.10000"
1993,0.0000,Tx-Rx,0,-55.4016,"7.30900 2.93800 0.90000, -6.25000 2.05000 0.10000"
1994,0.0000,Tx-Rx,0,-56.0676,"7.30900 2.93800 0.90000, -5.95000 2.05000 0.10000"
1995,0.0000,Tx-Rx,0,-55.7330,"7.30900 2.93800 0.90000, -5.65000 2.05000 0.10000"
1996,0.0000,Tx-Rx,0,-55.8912,"7.30900 2.93800 0.90000, -5.35000 2.05000 0.10000"
1997,0.0000,Tx-Rx,0,-55.8518,"7.30900 2.93800 0.90000, -5.05000 2.05000 0.10000"
1998,0.0000,Tx-Rx,0,-55.5492,"7.30900 2.93800 0.90000, -4.75000 2.05000 0.10000"
1999,0.0000,Tx-Rx,0,-55.4474,"7.30900 2.93800 0.90000, -4.45000 2.05000 0.10000"
2000,0.0000,Tx-Rx,0,-55.3381,"7.30900 2.93800 0.90000, -4.15000 2.05000 0.10000"
2001,0.0000,Tx-Rx,0,-54.7543,"7.30900 2.93800 0.90000, -3.85000 2.05000 0.10000"
2002,0.0000,Tx-Rx,0,-54.0968,"7.30900 2.93800 0.90000, -3.55000 2.05000 0.10000"
2003,0.0000,Tx-Rx,0,-53.9226,"7.30900 2.93800 0.90000, -3.25000 2.05000 0.10000"
2004,0.0000,Tx-Rx,0,-53.3610,"7.30900 2.93800 0.90000, -2.95000 2.05000 0.10000"
2005,0.0000,Tx-Rx,0,-52.7300,"7.30900 2.93800 0.90000, -2.65000 2.05000 0.10000"
2006,0.0000,Tx-Rx,0,-52.4747,"7.30900 2.93800 0.90000, -2.35000 2.05000 0.10000"
2007,0.0000,Tx-Rx,0,-52.5013,"7.30900 2.93800 0.90000, -2.05000 2.05000 0.10000"
2008,0.0000,Tx-Rx,0,-52.3996,"7.30900 2.93800 0.90000, -1.75000 2.05000 0.10000"
2009,0.0000,Tx-Rx,0,-52.1649,"7.30900 2.93800 0.90000, -1.45000 2.05000 0.10000"
2010,0.0000,Tx-Rx,0,-51.7380,"7.30900 2.93800 0.90000, -1.15000 2.05000 0.10000"
2011,0.0000,Tx-Rx,0,-51.0335,"7.30900 2.93800 0.90000, -0.85000 2.05000 0.10000"
2012,0.0000,Tx-Rx,0,-50.6856,"7.30900 2.93800 0.90000, -0.55000 2.05000 0.10000"
2013,0.0000,Tx-Rx,0,-50.2953,"7.30900 2.93800 0.90000, -0.25000 2.05000 0.10000"
2014,0.0000,Tx-Rx,0,-50.1473,"7.30900 2.93800 0.90000, 0.05000 2.05000 0.10000"
2015,0.0000,Tx-Rx,0,-50.0048,"7.30900 2.93800 0.90000, 0.35000 2.05000 0.10000"
2016,0.0000,Tx-Rx,0,-49.6262,"7.30900 2.93800 0.90000, 0.65000 2.05000 0.10000"
2017,0.0000,Tx-Rx,0,-49.5449,"7.30900 2.93800 0.90000, 0.95000 2.05000 0.10000"
2018,0.0000,Tx-Rx,0,-49.4100,"7.30900 2.93800 0.90000, 1.25000 2.05000 0.10000"
2019,0.0000,Tx-Rx,0,-49.1344,"7.30900 2.93800 0.90000, 1.55000 2.05000 0.10000"
2020,0.0000,Tx-Rx,0,-48.6903,"7.30900 2.93800 0.90000, 1.85000 2.05000 0.10000"
2021,0.0000,Tx-Rx,0,-48.3130,"7.30900 2.93800 0.90000, 2.15000 2.05000 0.10000"
2022,0.0000,Tx-Rx,0,-47.9837,"7.30900 2.93800 0.90000, 2.45000 2.05000 0.10000"
2023,0.0000,Tx-Rx,0,-48.0430,"7.30900 2.93800 0.90000, 2.75000 2.05000 0.10000"
2024,0.0000,Tx-Rx,0,-47.4917,"7.30900 2.93800 0.90000, 3.05000 2.05000 0.10000"
2025,0.0000,Tx-Rx,0,-46.9082,"7.30900 2.93800 0.90000, 3.35000 2.05000 0.10000"
2026,0.0000,Tx-Rx,0,-45.6392,"7.30900 2.93800 0.90000, 3.65000 2.05000 0.10000"
2027,0.0000,Tx-Rx,0,-44.8702,"7.30900 2.93800 0.90000, 3.95000 2.05000 0.10000"
2028,0.0000,Tx-Rx,0,-43.9376,"7.30900 2.93800 0.90000, 4.25000 2.05000 0.10000"
2029,0.0000,Tx-Rx,0,-42.8684,"7.30900 2.93800 0.90000, 4.55000 2.05000 0.10000"
2030,0.0000,Tx-Rx,0,-44.8061,"7.30900 2.93800 0.90000, 4.85000 2.05000 0.10000"
2031,0.0000,Tx-Rx,0,-44.3173,"7.30900 2.93800 0.90000, 5.15000 2.05000 0.10000"
2032,0.0000,Tx-Rx,0,-44.6755,"7.30900 2.93800 0.90000, 5.45000 2.05000 0.10000"
2033,0.0000,Tx-Rx,0,-43.5585,"7.30900 2.93800 0.90000, 5.75000 2.05000 0.10000"
2034,0.0000,Tx-Rx,0,-42.6335,"7.30900 2.93800 0.90000, 6.05000 2.05000 0.10000"
2035,0.0000,Tx-Rx,0,-41.4589,"7.30900 2.93800 0.90000, 6.35000 2.05000 0.10000"
2036,0.0000,Tx-Rx,0,-38.3087,"7.30900 2.93800 0.90000, 6.65000 2.05000 0.10000"
2037,0.0000,Tx-Rx,0,-41.0768,"7.30900 2.93800 0.90000, 6.95000 2.05000 0.10000"
2038,0.0000,Tx-Rx,0,-39.5368,"7.30900 2.93800 0.90000, 7.25000 2.05000 0.10000"
2039,0.0000,Tx-Rx,0,-39.5025,"7.30900 2.93800 0.90000, 7.55000 2.05000 0.10000"
2040,0.0000,Tx-Rx,0,-39.6518,"7.30900 2.93800 0.90000, 7.85000 2.05000 0.10000"
2041,0.0000,Tx-Rx,0,-83.5793,"7.30900 2.93800 0.90000, -9.85000 2.35000 0.10000"
2042,0.0000,Tx-Rx,0,-79.8611,"7.30900 2.93800 0.90000, -9.55000 2.35000 0.10000"
2043,0.0000,Tx-Rx,0,-82.6684,"7.30900 2.93800 0.90000, -9.25000 2.35000 0.10000"
2044,0.0000,Tx-Rx,0,-81.1062,"7.30900 2.93800 0.90000, -8.95000 2.35000 0.10000"
2045,0.0000,Tx-Rx,0,-80.2812,"7.30900 2.93800 0.90000, -8.65000 2.35000 0.10000"
2046,0.0000,Tx-Rx,0,-82.0445,"7.30900 2.93800 0.90000, -8.35000 2.35000 0.10000"
2047,0.0000,Tx-Rx,0,-60.1852,"7.30900 2.93800 0.90000, -8.05000 2.35000 0.10000"
2048,0.0000,Tx-Rx,0,-55.1875,"7.30900 2.93800 0.90000, -7.75000 2.35000 0.10000"
2049,0.0000,Tx-Rx,0,-54.4960,"7.30900 2.93800 0.90000, -7.45000 2.35000 0.10000"
2050,0.0000,Tx-Rx,0,-54.9156,"7.30900 2.93800 0.90000, -7.15000 2.35000 0.10000"
2051,0.0000,Tx-Rx,0,-54.6512,"7.30900 2.93800 0.90000, -6.85000 2.35000 0.10000"
2052,0.0000,Tx-Rx,0,-54.6566,"7.30900 2.93800 0.90000, -6.55000 2.35000 0.10000"
2053,0.0000,Tx-Rx,0,-55.9662,"7.30900 2.93800 0.90000, -6.25000 2.35000 0.10000"
2054,0.0000,Tx-Rx,0,-56.2534,"7.30900 2.93800 0.90000, -5.95000 2.35000 0.10000"
2055,0.0000,Tx-Rx,0,-56.2058,"7.30900 2.93800 0.90000, -5.65000 2.35000 0.10000"
2056,0.0000,Tx-Rx,0,-55.9735,"7.30900 2.93800 0.90000, -5.35000 2.35000 0.10000"
2057,0.0000,Tx-Rx,0,-56.0922,"7.30900 2.93800 0.90000, -5.05000 2.35000 0.10000"
2058,0.0000,Tx-Rx,0,-55.8357,"7.30900 2.93800 0.90000, -4.75000 2.35000 0.10000"
2059,0.0000,Tx-Rx,0,-55.7409,"7.30900 2.93800 0.90000, -4.45000 2.35000 0.10000"
2060,0.0000,Tx-Rx,0,-55.5749,"7.30900 2.93800 0.90000, -4.15000 2.35000 0.10000"
2061,0.0000,Tx-Rx,0,-55.4493,"7.30900 2.93800 0.90000, -3.85000 2.35000 0.10000"
2062,0.0000,Tx-Rx,0,-55.1386,"7.30900 2.93800 0.90000, -3.55000 2.35000 0.10000"
2063,0.0000,Tx-Rx,0,-55.4428,"7.30900 2.93800 0.90000, -3.25000 2.35000 0.10000"
2064,0.0000,Tx-Rx,0,-55.1992,"7.30900 2.93800 0.90000, -2.95000 2.35000 0.10000"
2065,0.0000,Tx-Rx,0,-54.7045,"7.30900 2.93800 0.90000, -2.65000 2.35000 0.10000"
2066,0.0000,Tx-Rx,0,-53.9879,"7.30900 2.93800 0.90000, -2.35000 2.35000 0.10000"
2067,0.0000,Tx-Rx,0,-53.2149,"7.30900 2.93800 0.90000, -2.05000 2.35000 0.10000"
2068,0.0000,Tx-Rx,0,-52.5848,"7.30900 2.93800 0.90000, -1.75000 2.35000 0.10000"
2069,0.0000,Tx-Rx,0,-52.3006,"7.30900 2.93800 0.90000, -1.45000 2.35000 0.10000"
2070,0.0000,Tx-Rx,0,-53.7414,"7.30900 2.93800 0.90000, -1.15000 2.35000 0.10000"
2071,0.0000,Tx-Rx,0,-54.6753,"7.30900 2.93800 0.90000, -0.85000 2.35000 0.10000"
2072,0.0000,Tx-Rx,0,-54.0507,"7.30900 2.93800 0.90000, -0.55000 2.35000 0.10000"
2073,0.0000,Tx-Rx,0,-53.4374,"7.30900 2.93800 0.90000, -0.25000 2.35000 0.10000"
2074,0.0000,Tx-Rx,0,-52.8977,"7.30900 2.93800 0.90000, 0.05000 2.35000 0.10000"
2075,0.0000,Tx-Rx,0,-52.2223,"7.30900 2.93800 0.90000, 0.35000 2.35000 0.10000"
2076,0.0000,Tx-Rx,0,-51.9895,"7.30900 2.93800 0.90000, 0.65000 2.35000 0.10000"
2077,0.0000,Tx-Rx,0,-51.2005,"7.30900 2.93800 0.90000, 0.95000 2.35000 0.10000"
2078,0.0000,Tx-Rx,0,-50.9180,"7.30900 2.93800 0.90000, 1.25000 2.35000 0.10000"
2079,0.0000,Tx-Rx,0,-50.2248,"7.30900 2.93800 0.90000, 1.55000 2.35000 0.10000"
2080,0.0000,Tx-Rx,0,-49.7998,"7.30900 2.93800 0.90000, 1.85000 2.35000 0.10000"
2081,0.0000,Tx-Rx,0,-49.7972,"7.30900 2.93800 0.90000, 2.15000 2.35000 0.10000"
2082,0.0000,Tx-Rx,0,-52.5491,"7.30900 2.93800 0.90000, 2.45000 2.35000 0.10000"
2083,0.0000,Tx-Rx,0,-53.4616,"7.30900 2.93800 0.90000, 2.75000 2.35000 0.10000"
2084,0.0000,Tx-Rx,0,-52.3666,"7.30900 2.93800 0.90000, 3.05000 2.35000 0.10000"
2085,0.0000,Tx-Rx,0,-51.2654,"7.30900 2.93800 0.90000, 3.35000 2.35000 0.10000"
2086,0.0000,Tx-Rx,0,-49.6875,"7.30900 2.93800 0.90000, 3.65000 2.35000 0.10000"
2087,0.0000,Tx-Rx,0,-47.6827,"7.30900 2.93800 0.90000, 3.95000 2.35000 0.10000"
2088,0.0000,Tx-Rx,0,-45.3681,"7.30900 2.93800 0.90000, 4.25000 2.35000 0.10000"
2089,0.0000,Tx-Rx,0,-42.4412,"7.30900 2.93800 0.90000, 4.55000 2.35000 0.10000"
2090,0.0000,Tx-Rx,0,-43.3679,"7.30900 2.93800 0.90000, 4.85000 2.35000 0.10000"
2091,0.0000,Tx-Rx,0,-41.8333,"7.30900 2.93800 0.90000, 5.15000 2.35000 0.10000"
2092,0.0000,Tx-Rx,0,-41.8637,"7.30900 2.93800 0.90000, 5.45000 2.35000 0.10000"
2093,0.0000,Tx-Rx,0,-40.4460,"7.30900 2.93800 0.90000, 5.75000 2.35000 0.10000"
2094,0.0000,Tx-Rx,0,-39.3762,"7.30900 2.93800 0.90000, 6.05000 2.35000 0.10000"
2095,0.0000,Tx-Rx,0,-38.3747,"7.30900 2.93800 0.90000, 6.35000 2.35000 0.10000"
2096,0.0000,Tx-Rx,0,-36.9482,"7.30900 2.93800 0.90000, 6.65000 2.35000 0.10000"
2097,0.0000,Tx-Rx,0,-39.5910,"7.30900 2.93800 0.90000, 6.95000 2.35000 0.10000"
2098,0.0000,Tx-Rx,0,-38.3402,"7.30900 2.93800 0.90000, 7.25000 2.35000 0.10000"
2099,0.0000,Tx-Rx,0,-38.5776,"7.30900 2.93800 0.90000, 7.55000 2.35000 0.10000"
2100,0.0000,Tx-Rx,0,-38.8462,"7.30900 2.93800 0.90000, 7.85000 2.35000 0.10000"
2101,0.0000,Tx-Rx,0,-90.1144,"7.30900 2.93800 0.90000, -9.85000 2.65000 0.10000"
2102,0.0000,Tx-Rx,0,-80.5924,"7.30900 2.93800 0.90000, -9.55000 2.65000 0.10000"
2103,0.0000,Tx-Rx,0,-81.4947,"7.30900 2.93800 0.90000, -9.25000 2.65000 0.10000"
2104,0.0000,Tx-Rx,0,-80.9510,"7.30900 2.93800 0.90000, -8.95000 2.65000 0.10000"
2105,0.0000,Tx-Rx,0,-83.5787,"7.30900 2.93800 0.90000, -8.65000 2.65000 0.10000"
2106,0.0000,Tx-Rx,0,-81.0444,"7.30900 2.93800 0.90000, -8.35000 2.65000 0.10000"
2107,0.0000,Tx-Rx,0,-59.8757,"7.30900 2.93800 0.90000, -8.05000 2.65000 0.10000"
2108,0.0000,Tx-Rx,0,-55.1733,"7.30900 2.93800 0.90000, -7.75000 2.65000 0.10000"
2109,0.0000,Tx-Rx,0,-55.0419,"7.30900 2.93800 0.90000, -7.45000 2.65000 0.10000"
2110,0.0000,Tx-Rx,0,-55.1473,"7.30900 2.93800 0.90000, -7.15000 2.65000 0.10000"
2111,0.0000,Tx-Rx,0,-54.7321,"7.30900 2.93800 0.90000, -6.85000 2.65000 0.10000"
2112,0.0000,Tx-Rx,0,-54.6901,"7.30900 2.93800 0.90000, -6.55000 2.65000 0.10000"
2113,0.0000,Tx-Rx,0,-55.7153,"7.30900 2.93800 0.90000, -6.25000 2.65000 0.10000"
2114,0.0000,Tx-Rx,0,-56.4701,"7.30900 2.93800 0.90000, -5.95000 2.65000 0.10000"
2115,0.0000,Tx-Rx,0,-56.0490,"7.30900 2.93800 0.90000, -5.65000 2.65000 0.10000"
2116,0.0000,Tx-Rx,0,-55.8308,"7.30900 2.93800 0.90000, -5.35000 2.65000 0.10000"
2117,0.0000,Tx-Rx,0,-56.0406,"7.30900 2.93800 0.90000, -5.05000 2.65000 0.10000"
2118,0.0000,Tx-Rx,0,-55.9841,"7.30900 2.93800 0.90000, -4.75000 2.65000 0.10000"
2119,0.0000,Tx-Rx,0,-55.7245,"7.30900 2.93800 0.90000, -4.45000 2.65000 0.10000"
2120,0.0000,Tx-Rx,0,-55.5241,"7.30900 2.93800 0.90000, -4.15000 2.65000 0.10000"
2121,0.0000,Tx-Rx,0,-55.3613,"7.30900 2.93800 0.90000, -3.85000 2.65000 0.10000"
2122,0.0000,Tx-Rx,0,-55.2877,"7.30900 2.93800 0.90000, -3.55000 2.65000 0.10000"
2123,0.0000,Tx-Rx,0,-55.6617,"7.30900 2.93800 0.90000, -3.25000 2.65000 0.10000"
2124,0.0000,Tx-Rx,0,-56.0537,"7.30900 2.93800 0.90000, -2.95000 2.65000 0.10000"
2125,0.0000,Tx-Rx,0,-55.6793,"7.30900 2.93800 0.90000, -2.65000 2.65000 0.10000"
2126,0.0000,Tx-Rx,0,-54.9132,"7.30900 2.93800 0.90000, -2.35000 2.65000 0.10000"
2127,0.0000,Tx-Rx,0,-54.1799,"7.30900 2.93800 0.90000, -2.05000 2.65000 0.10000"
2128,0.0000,Tx-Rx,0,-53.8929,"7.30900 2.93800 0.90000, -1.75000 2.65000 0.10000"
2129,0.0000,Tx-Rx,0,-53.0500,"7.30900 2.93800 0.90000, -1.45000 2.65000 0.10000"
2130,0.0000,Tx-Rx,0,-54.2022,"7.30900 2.93800 0.90000, -1.15000 2.65000 0.10000"
2131,0.0000,Tx-Rx,0,-55.1220,"7.30900 2.93800 0.90000, -0.85000 2.65000 0.10000"
2132,0.0000,Tx-Rx,0,-54.6361,"7.30900 2.93800 0.90000, -0.55000 2.65000 0.10000"
2133,0.0000,Tx-Rx,0,-54.3795,"7.30900 2.93800 0.90000, -0.25000 2.65000 0.10000"
2134,0.0000,Tx-Rx,0,-54.0914,"7.30900 2.93800 0.90000, 0.05000 2.65000 0.10000"
2135,0.0000,Tx-Rx,0,-53.7327,"7.30900 2.93800 0.90000, 0.35000 2.65000 0.10000"
2136,0.0000,Tx-Rx,0,-53.3463,"7.30900 2.93800 0.90000, 0.65000 2.65000 0.10000"
2137,0.0000,Tx-Rx,0,-53.4510,"7.30900 2.93800 0.90000, 0.95000 2.65000 0.10000"
2138,0.0000,Tx-Rx,0,-52.7797,"7.30900 2.93800 0.90000, 1.25000 2.65000 0.10000"
2139,0.0000,Tx-Rx,0,-52.3810,"7.30900 2.93800 0.90000, 1.55000 2.65000 0.10000"
2140,0.0000,Tx-Rx,0,-52.0885,"7.30900 2.93800 0.90000, 1.85000 2.65000 0.10000"
2141,0.0000,Tx-Rx,0,-51.9767,"7.30900 2.93800 0.90000, 2.15000 2.65000 0.10000"
2142,0.0000,Tx-Rx,0,-52.1957,"7.30900 2.93800 0.90000, 2.45000 2.65000 0.10000"
2143,0.0000,Tx-Rx,0,-54.2457,"7.30900 2.93800 0.90000, 2.75000 2.65000 0.10000"
2144,0.0000,Tx-Rx,0,-53.9960,"7.30900 2.93800 0.90000, 3.05000 2.65000 0.10000"
2145,0.0000,Tx-Rx,0,-51.9977,"7.30900 2.93800 0.90000, 3.35000 2.65000 0.10000"
2146,0.0000,Tx-Rx,0,-49.3363,"7.30900 2.93800 0.90000, 3.65000 2.65000 0.10000"
2147,0.0000,Tx-Rx,0,-47.3466,"7.30900 2.93800 0.90000, 3.95000 2.65000 0.10000"
2148,0.0000,Tx-Rx,0,-46.4337,"7.30900 2.93800 0.90000, 4.25000 2.65000 0.10000"
2149,0.0000,Tx-Rx,0,-45.4085,"7.30900 2.93800 0.90000, 4.55000 2.65000 0.10000"
2150,0.0000,Tx-Rx,0,-47.0536,"7.30900 2.93800 0.90000, 4.85000 2.65000 0.10000"
2151,0.0000,Tx-Rx,0,-46.1843,"7.30900 2.93800 0.90000, 5.15000 2.65000 0.10000"
2152,0.0000,Tx-Rx,0,-47.1504,"7.30900 2.93800 0.90000, 5.45000 2.65000 0.10000"
2153,0.0000,Tx-Rx,0,-43.1697,"7.30900 2.93800 0.90000, 5.75000 2.65000 0.10000"
2154,0.0000,Tx-Rx,0,-39.2986,"7.30900 2.93800 0.90000, 6.05000 2.65000 0.10000"
2155,0.0000,Tx-Rx,0,-37.8596,"7.30900 2.93800 0.90000, 6.35000 2.65000 0.10000"
2156,0.0000,Tx-Rx,0,-36.1598,"7.30900 2.93800 0.90000, 6.65000 2.65000 0.10000"
2157,0.0000,Tx-Rx,0,-38.3139,"7.30900 2.93800 0.90000, 6.95000 2.65000 0.10000"
2158,0.0000,Tx-Rx,0,-38.0912,"7.30900 2.93800 0.90000, 7.25000 2.65000 0.10000"
2159,0.0000,Tx-Rx,0,-38.0361,"7.30900 2.93800 0.90000, 7.55000 2.65000 0.10000"
2160,0.0000,Tx-Rx,0,-38.2229,"7.30900 2.93800 0.90000, 7.85000 2.65000 0.10000"
2161,0.0000,Tx-Rx,0,-81.0704,"7.30900 2.93800 0.90000, -9.85000 2.95000 0.10000"
2162,0.0000,Tx-Rx,0,-83.0955,"7.30900 2.93800 0.90000, -9.55000 2.95000 0.10000"
2163,0.0000,Tx-Rx,0,-80.8948,"7.30900 2.93800 0.90000, -9.25000 2.95000 0.10000"
2164,0.0000,Tx-Rx,0,-81.4871,"7.30900 2.93800 0.90000, -8.95000 2.95000 0.10000"
2165,0.0000,Tx-Rx,0,-80.9960,"7.30900 2.93800 0.90000, -8.65000 2.95000 0.10000"
2166,0.0000,Tx-Rx,0,-80.5829,"7.30900 2.93800 0.90000, -8.35000 2.95000 0.10000"
2167,0.0000,Tx-Rx,0,-60.2896,"7.30900 2.93800 0.90000, -8.05000 2.95000 0.10000"
2168,0.0000,Tx-Rx,0,-55.4302,"7.30900 2.93800 0.90000, -7.75000 2.95000 0.10000"
2169,0.0000,Tx-Rx,0,-55.0376,"7.30900 2.93800 0.90000, -7.45000 2.95000 0.10000"
2170,0.0000,Tx-Rx,0,-55.0588,"7.30900 2.93800 0.90000, -7.15000 2.95000 0.10000"
2171,0.0000,Tx-Rx,0,-54.8086,"7.30900 2.93800 0.90000, -6.85000 2.95000 0.10000"
2172,0.0000,Tx-Rx,0,-54.8909,"7.30900 2.93800 0.90000, -6.55000 2.95000 0.10000"
2173,0.0000,Tx-Rx,0,-56.0669,"7.30900 2.93800 0.90000, -6.25000 2.95000 0.10000"
2174,0.0000,Tx-Rx,0,-56.5274,"7.30900 2.93800 0.90000, -5.95000 2.95000 0.10000"
2175,0.0000,Tx-Rx,0,-56.3964,"7.30900 2.93800 0.90000, -5.65000 2.95000 0.10000"
2176,0.0000,Tx-Rx,0,-56.3399,"7.30900 2.93800 0.90000, -5.35000 2.95000 0.10000"
2177,0.0000,Tx-Rx,0,-56.1749,"7.30900 2.93800 0.90000, -5.05000 2.95000 0.10000"
2178,0.0000,Tx-Rx,0,-56.0653,"7.30900 2.93800 0.90000, -4.75000 2.95000 0.10000"
2179,0.0000,Tx-Rx,0,-55.8591,"7.30900 2.93800 0.90000, -4.45000 2.95000 0.10000"
2180,0.0000,Tx-Rx,0,-55.7416,"7.30900 2.93800 0.90000, -4.15000 2.95000 0.10000"
2181,0.0000,Tx-Rx,0,-55.4732,"7.30900 2.93800 0.90000, -3.85000 2.95000 0.10000"
2182,0.0000,Tx-Rx,0,-55.3149,"7.30900 2.93800 0.90000, -3.55000 2.95000 0.10000"
2183,0.0000,Tx-Rx,0,-55.8703,"7.30900 2.93800 0.90000, -3.25000 2.95000 0.10000"
2184,0.0000,Tx-Rx,0,-56.1185,"7.30900 2.93800 0.90000, -2.95000 2.95000 0.10000"
2185,0.0000,Tx-Rx,0,-55.9110,"7.30900 2.93800 0.90000, -2.65000 2.95000 0.10000"
2186,0.0000,Tx-Rx,0,-55.6648,"7.30900 2.93800 0.90000, -2.35000 2.95000 0.10000"
2187,0.0000,Tx-Rx,0,-55.1060,"7.30900 2.93800 0.90000, -2.05000 2.95000 0.10000"
2188,0.0000,Tx-Rx,0,-54.0696,"7.30900 2.93800 0.90000, -1.75000 2.95000 0.10000"
2189,0.0000,Tx-Rx,0,-53.5189,"7.30900 2.93800 0.90000, -1.45000 2.95000 0.10000"
2190,0.0000,Tx-Rx,0,-55.3970,"7.30900 2.93800 0.90000, -1.15000 2.95000 0.10000"
2191,0.0000,Tx-Rx,0,-57.4893,"7.30900 2.93800 0.90000, -0.85000 2.95000 0.10000"
2192,0.0000,Tx-Rx,0,-56.9762,"7.30900 2.93800 0.90000, -0.55000 2.95000 0.10000"
2193,0.0000,Tx-Rx,0,-55.9715,"7.30900 2.93800 0.90000, -0.25000 2.95000 0.10000"
2194,0.0000,Tx-Rx,0,-54.9948,"7.30900 2.93800 0.90000, 0.05000 2.95000 0.10000"
2195,0.0000,Tx-Rx,0,-53.8489,"7.30900 2.93800 0.90000, 0.35000 2.95000 0.10000"
2196,0.0000,Tx-Rx,0,-53.5182,"7.30900 2.93800 0.90000, 0.65000 2.95000 0.10000"
2197,0.0000,Tx-Rx,0,-53.3517,"7.30900 2.93800 0.90000, 0.95000 2.95000 0.10000"
2198,0.0000,Tx-Rx,0,-53.0498,"7.30900 2.93800 0.90000, 1.25000 2.95000 0.10000"
2199,0.0000,Tx-Rx,0,-52.6117,"7.30900 2.93800 0.90000, 1.55000 2.95000 0.10000"
2200,0.0000,Tx-Rx,0,-52.2804,"7.30900 2.93800 0.90000, 1.85000 2.95000 0.10000"
2201,0.0000,Tx-Rx,0,-52.0089,"7.30900 2.93800 0.90000, 2.15000 2.95000 0.10000"
2202,0.0000,Tx-Rx,0,-51.5616,"7.30900 2.93800 0.90000, 2.45000 2.95000 0.10000"
2203,0.0000,Tx-Rx,0,-50.4010,"7.30900 2.93800 0.90000, 2.75000 2.95000 0.10000"
2204,0.0000,Tx-Rx,0,-49.5868,"7.30900 2.93800 0.90000, 3.05000 2.95000 0.10000"
2205,0.0000,Tx-Rx,0,-48.6850,"7.30900 2.93800 0.90000, 3.35000 2.95000 0.10000"
2206,0.0000,Tx-Rx,0,-48.3560,"7.30900 2.93800 0.90000, 3.65000 2.95000 0.10000"
2207,0.0000,Tx-Rx,0,-48.3850,"7.30900 2.93800 0.90000, 3.95000 2.95000 0.10000"
2208,0.0000,Tx-Rx,0,-47.9267,"7.30900 2.93800 0.90000, 4.25000 2.95000 0.10000"
2209,0.0000,Tx-Rx,0,-47.0027,"7.30900 2.93800 0.90000, 4.55000 2.95000 0.10000"
2210,0.0000,Tx-Rx,0,-49.3147,"7.30900 2.93800 0.90000, 4.85000 2.95000 0.10000"
2211,0.0000,Tx-Rx,0,-49.0643,"7.30900 2.93800 0.90000, 5.15000 2.95000 0.10000"
2212,0.0000,Tx-Rx,0,-49.5777,"7.30900 2.93800 0.90000, 5.45000 2.95000 0.10000"
2213,0.0000,Tx-Rx,0,-45.1049,"7.30900 2.93800 0.90000, 5.75000 2.95000 0.10000"
2214,0.0000,Tx-Rx,0,-41.3411,"7.30900 2.93800 0.90000, 6.05000 2.95000 0.10000"
2215,0.0000,Tx-Rx,0,-37.6439,"7.30900 2.93800 0.90000, 6.35000 2.95000 0.10000"
2216,0.0000,Tx-Rx,0,-35.8648,"7.30900 2.93800 0.90000, 6.65000 2.95000 0.10000"
2217,0.0000,Tx-Rx,0,-37.4003,"7.30900 2.93800 0.90000, 6.95000 2.95000 0.10000"
2218,0.0000,Tx-Rx,0,-38.4075,"7.30900 2.93800 0.90000, 7.25000 2.95000 0.10000"
2219,0.0000,Tx-Rx,0,-37.9276,"7.30900 2.93800 0.90000, 7.55000 2.95000 0.10000"
2220,0.0000,Tx-Rx,0,-38.1331,"7.30900 2.93800 0.90000, 7.85000 2.95000 0.10000"
2221,0.0000,Tx-Rx,0,-85.8748,"7.30900 2.93800 0.90000, -9.85000 3.25000 0.10000"
2222,0.0000,Tx-Rx,0,-81.0414,"7.30900 2.93800 0.90000, -9.55000 3.25000 0.10000"
2223,0.0000,Tx-Rx,0,-81.4764,"7.30900 2.93800 0.90000, -9.25000 3.25000 0.10000"
2224,0.0000,Tx-Rx,0,-83.4604,"7.30900 2.93800 0.90000, -8.95000 3.25000 0.10000"
2225,0.0000,Tx-Rx,0,-80.9255,"7.30900 2.93800 0.90000, -8.65000 3.25000 0.10000"
2226,0.0000,Tx-Rx,0,-82.7430,"7.30900 2.93800 0.90000, -8.35000 3.25000 0.10000"
2227,0.0000,Tx-Rx,0,-60.1493,"7.30900 2.93800 0.90000, -8.05000 3.25000 0.10000"
2228,0.0000,Tx-Rx,0,-55.3849,"7.30900 2.93800 0.90000, -7.75000 3.25000 0.10000"
2229,0.0000,Tx-Rx,0,-55.3252,"7.30900 2.93800 0.90000, -7.45000 3.25000 0.10000"
2230,0.0000,Tx-Rx,0,-55.1960,"7.30900 2.93800 0.90000, -7.15000 3.25000 0.10000"
2231,0.0000,Tx-Rx,0,-55.0638,"7.30900 2.93800 0.90000, -6.85000 3.25000 0.10000"
2232,0.0000,Tx-Rx,0,-54.9563,"7.30900 2.93800 0.90000, -6.55000 3.25000 0.10000"
2233,0.0000,Tx-Rx,0,-55.9261,"7.30900 2.93800 0.90000, -6.25000 3.25000 0.10000"
2234,0.0000,Tx-Rx,0,-56.3055,"7.30900 2.93800 0.90000, -5.95000 3.25000 0.10000"
2235,0.0000,Tx-Rx,0,-56.1994,"7.30900 2.93800 0.90000, -5.65000 3.25000 0.10000"
2236,0.0000,Tx-Rx,0,-56.2549,"7.30900 2.93800 0.90000, -5.35000 3.25000 0.10000"
2237,0.0000,Tx-Rx,0,-55.9993,"7.30900 2.93800 0.90000, -5.05000 3.25000 0.10000"
2238,0.0000,Tx-Rx,0,-56.0064,"7.30900 2.93800 0.90000, -4.75000 3.25000 0.10000"
2239,0.0000,Tx-Rx,0,-55.9201,"7.30900 2.93800 0.90000, -4.45000 3.25000 0.10000"
2240,0.0000,Tx-Rx,0,-55.7299,"7.30900 2.93800 0.90000, -4.15000 3.25000 0.10000"
2241,0.0000,Tx-Rx,0,-55.5622,"7.30900 2.93800 0.90000, -3.85000 3.25000 0.10000"
2242,0.0000,Tx-Rx,0,-55.3567,"7.30900 2.93800 0.90000, -3.55000 3.25000 0.10000"
2243,0.0000,Tx-Rx,0,-55.9433,"7.30900 2.93800 0.90000, -3.25000 3.25000 0.10000"
2244,0.0000,Tx-Rx,0,-56.1385,"7.30900 2.93800 0.90000, -2.95000 3.25000 0.10000"
2245,0.0000,Tx-Rx,0,-55.8737,"7.30900 2.93800 0.90000, -2.65000 3.25000 0.10000"
2246,0.0000,Tx-Rx,0,-55.5314,"7.30900 2.93800 0.90000, -2.35000 3.25000 0.10000"
2247,0.0000,Tx-Rx,0,-54.7590,"7.30900 2.93800 0.90000, -2.05000 3.25000 0.10000"
2248,0.0000,Tx-Rx,0,-54.5533,"7.30900 2.93800 0.90000, -1.75000 3.25000 0.10000"
2249,0.0000,Tx-Rx,0,-54.2794,"7.30900 2.93800 0.90000, -1.45000 3.25000 0.10000"
2250,0.0000,Tx-Rx,0,-56.3809,"7.30900 2.93800 0.90000, -1.15000 3.25000 0.10000"
2251,0.0000,Tx-Rx,0,-58.2131,"7.30900 2.93800 0.90000, -0.85000 3.25000 0.10000"
2252,0.0000,Tx-Rx,0,-57.3625,"7.30900 2.93800 0.90000, -0.55000 3.25000 0.10000"
2253,0.0000,Tx-Rx,0,-57.0347,"7.30900 2.93800 0.90000, -0.25000 3.25000 0.10000"
2254,0.0000,Tx-Rx,0,-57.0013,"7.30900 2.93800 0.90000, 0.05000 3.25000 0.10000"
2255,0.0000,Tx-Rx,0,-57.4654,"7.30900 2.93800 0.90000, 0.35000 3.25000 0.10000"
2256,0.0000,Tx-Rx,0,-56.0153,"7.30900 2.93800 0.90000, 0.65000 3.25000 0.10000"
2257,0.0000,Tx-Rx,0,-54.2998,"7.30900 2.93800 0.90000, 0.95000 3.25000 0.10000"
2258,0.0000,Tx-Rx,0,-52.7766,"7.30900 2.93800 0.90000, 1.25000 3.25000 0.10000"
2259,0.0000,Tx-Rx,0,-52.1384,"7.30900 2.93800 0.90000, 1.55000 3.25000 0.10000"
2260,0.0000,Tx-Rx,0,-51.3215,"7.30900 2.93800 0.90000, 1.85000 3.25000 0.10000"
2261,0.0000,Tx-Rx,0,-49.9127,"7.30900 2.93800 0.90000, 2.15000 3.25000 0.10000"
2262,0.0000,Tx-Rx,0,-48.8208,"7.30900 2.93800 0.90000, 2.45000 3.25000 0.10000"
2263,0.0000,Tx-Rx,0,-48.3662,"7.30900 2.93800 0.90000, 2.75000 3.25000 0.10000"
2264,0.0000,Tx-Rx,0,-48.2774,"7.30900 2.93800 0.90000, 3.05000 3.25000 0.10000"
2265,0.0000,Tx-Rx,0,-47.9186,"7.30900 2.93800 0.90000, 3.35000 3.25000 0.10000"
2266,0.0000,Tx-Rx,0,-47.4282,"7.30900 2.93800 0.90000, 3.65000 3.25000 0.10000"
2267,0.0000,Tx-Rx,0,-47.2212,"7.30900 2.93800 0.90000, 3.95000 3.25000 0.10000"
2268,0.0000,Tx-Rx,0,-46.8814,"7.30900 2.93800 0.90000, 4.25000 3.25000 0.10000"
2269,0.0000,Tx-Rx,0,-47.0834,"7.30900 2.93800 0.90000, 4.55000 3.25000 0.10000"
2270,0.0000,Tx-Rx,0,-47.7386,"7.30900 2.93800 0.90000, 4.85000 3.25000 0.10000"
2271,0.0000,Tx-Rx,0,-46.6667,"7.30900 2.93800 0.90000, 5.15000 3.25000 0.10000"
2272,0.0000,Tx-Rx,0,-44.5283,"7.30900 2.93800 0.90000, 5.45000 3.25000 0.10000"
2273,0.0000,Tx-Rx,0,-40.8822,"7.30900 2.93800 0.90000, 5.75000 3.25000 0.10000"
2274,0.0000,Tx-Rx,0,-39.3002,"7.30900 2.93800 0.90000, 6.05000 3.25000 0.10000"
2275,0.0000,Tx-Rx,0,-37.8011,"7.30900 2.93800 0.90000, 6.35000 3.25000 0.10000"
2276,0.0000,Tx-Rx,0,-36.1427,"7.30900 2.93800 0.90000, 6.65000 3.25000 0.10000"
2277,0.0000,Tx-Rx,0,-37.0540,"7.30900 2.93800 0.90000, 6.95000 3.25000 0.10000"
2278,0.0000,Tx-Rx,0,-38.6406,"7.30900 2.93800 0.90000, 7.25000 3.25000 0.10000"
2279,0.0000,Tx-Rx,0,-37.6739,"7.30900 2.93800 0.90000, 7.55000 3.25000 0.10000"
2280,0.0000,Tx-Rx,0,-38.1662,"7.30900 2.93800 0.90000, 7.85000 3.25000 0.10000"
2281,0.0000,Tx-Rx,0,-83.6925,"7.30900 2.93800 0.90000, -9.85000 3.55000 0.10000"
2282,0.0000,Tx-Rx,0,-80.9863,"7.30900 2.93800 0.90000, -9.55000 3.55000 0.10000"
2283,0.0000,Tx-Rx,0,-81.2746,"7.30900 2.93800 0.90000, -9.25000 3.55000 0.10000"
2284,0.0000,Tx-Rx,0,-83.9946,"7.30900 2.93800 0.90000, -8.95000 3.55000 0.10000"
2285,0.0000,Tx-Rx,0,-81.8844,"7.30900 2.93800 0.90000, -8.65000 3.55000 0.10000"
2286,0.0000,Tx-Rx,0,-81.8123,"7.30900 2.93800 0.90000, -8.35000 3.55000 0.10000"
2287,0.0000,Tx-Rx,0,-60.3500,"7.30900 2.93800 0.90000, -8.05000 3.55000 0.10000"
2288,0.0000,Tx-Rx,0,-55.4808,"7.30900 2.93800 0.90000, -7.75000 3.55000 0.10000"
2289,0.0000,Tx-Rx,0,-55.4966,"7.30900 2.93800 0.90000, -7.45000 3.55000 0.10000"
2290,0.0000,Tx-Rx,0,-55.5185,"7.30900 2.93800 0.90000, -7.15000 3.55000 0.10000"
2291,0.0000,Tx-Rx,0,-55.3050,"7.30900 2.93800 0.90000, -6.85000 3.55000 0.10000"
2292,0.0000,Tx-Rx,0,-55.4413,"7.30900 2.93800 0.90000, -6.55000 3.55000 0.10000"
2293,0.0000,Tx-Rx,0,-56.2743,"7.30900 2.93800 0.90000, -6.25000 3.55000 0.10000"
2294,0.0000,Tx-Rx,0,-56.4986,"7.30900 2.93800 0.90000, -5.95000 3.55000 0.10000"
2295,0.0000,Tx-Rx,0,-56.4140,"7.30900 2.93800 0.90000, -5.65000 3.55000 0.10000"
2296,0.0000,Tx-Rx,0,-56.2557,"7.30900 2.93800 0.90000, -5.35000 3.55000 0.10000"
2297,0.0000,Tx-Rx,0,-56.0680,"7.30900 2.93800 0.90000, -5.05000 3.55000 0.10000"
2298,0.0000,Tx-Rx,0,-55.8719,"7.30900 2.93800 0.90000, -4.75000 3.55000 0.10000"
2299,0.0000,Tx-Rx,0,-55.7563,"7.30900 2.93800 0.90000, -4.45000 3.55000 0.10000"
2300,0.0000,Tx-Rx,0,-55.6927,"7.30900 2.93800 0.90000, -4.15000 3.55000 0.10000"
2301,0.0000,Tx-Rx,0,-55.5498,"7.30900 2.93800 0.90000, -3.85000 3.55000 0.10000"
2302,0.0000,Tx-Rx,0,-55.7220,"7.30900 2.93800 0.90000, -3.55000 3.55000 0.10000"
2303,0.0000,Tx-Rx,0,-56.5259,"7.30900 2.93800 0.90000, -3.25000 3.55000 0.10000"
2304,0.0000,Tx-Rx,0,-56.9828,"7.30900 2.93800 0.90000, -2.95000 3.55000 0.10000"
2305,0.0000,Tx-Rx,0,-57.0178,"7.30900 2.93800 0.90000, -2.65000 3.55000 0.10000"
2306,0.0000,Tx-Rx,0,-56.4938,"7.30900 2.93800 0.90000, -2.35000 3.55000 0.10000"
2307,0.0000,Tx-Rx,0,-56.5456,"7.30900 2.93800 0.90000, -2.05000 3.55000 0.10000"
2308,0.0000,Tx-Rx,0,-56.9101,"7.30900 2.93800 0.90000, -1.75000 3.55000 0.10000"
2309,0.0000,Tx-Rx,0,-57.3305,"7.30900 2.93800 0.90000, -1.45000 3.55000 0.10000"
2310,0.0000,Tx-Rx,0,-59.0603,"7.30900 2.93800 0.90000, -1.15000 3.55000 0.10000"
2311,0.0000,Tx-Rx,0,-60.1388,"7.30900 2.93800 0.90000, -0.85000 3.55000 0.10000"
2312,0.0000,Tx-Rx,0,-59.3444,"7.30900 2.93800 0.90000, -0.55000 3.55000 0.10000"
2313,0.0000,Tx-Rx,0,-57.6060,"7.30900 2.93800 0.90000, -0.25000 3.55000 0.10000"
2314,0.0000,Tx-Rx,0,-56.3116,"7.30900 2.93800 0.90000, 0.05000 3.55000 0.10000"
2315,0.0000,Tx-Rx,0,-55.9924,"7.30900 2.93800 0.90000, 0.35000 3.55000 0.10000"
2316,0.0000,Tx-Rx,0,-55.9464,"7.30900 2.93800 0.90000, 0.65000 3.55000 0.10000"
2317,0.0000,Tx-Rx,0,-56.3242,"7.30900 2.93800 0.90000, 0.95000 3.55000 0.10000"
2318,0.0000,Tx-Rx,0,-54.4642,"7.30900 2.93800 0.90000, 1.25000 3.55000 0.10000"
2319,0.0000,Tx-Rx,0,-52.0253,"7.30900 2.93800 0.90000, 1.55000 3.55000 0.10000"
2320,0.0000,Tx-Rx,0,-50.2079,"7.30900 2.93800 0.90000, 1.85000 3.55000 0.10000"
2321,0.0000,Tx-Rx,0,-49.2256,"7.30900 2.93800 0.90000, 2.15000 3.55000 0.10000"
2322,0.0000,Tx-Rx,0,-48.5852,"7.30900 2.93800 0.90000, 2.45000 3.55000 0.10000"
2323,0.0000,Tx-Rx,0,-48.4187,"7.30900 2.93800 0.90000, 2.75000 3.55000 0.10000"
2324,0.0000,Tx-Rx,0,-48.1573,"7.30900 2.93800 0.90000, 3.05000 3.55000 0.10000"
2325,0.0000,Tx-Rx,0,-47.6527,"7.30900 2.93800 0.90000, 3.35000 3.55000 0.10000"
2326,0.0000,Tx-Rx,0,-47.0965,"7.30900 2.93800 0.90000, 3.65000 3.55000 0.10000"
2327,0.0000,Tx-Rx,0,-46.9310,"7.30900 2.93800 0.90000, 3.95000 3.55000 0.10000"
2328,0.0000,Tx-Rx,0,-46.7019,"7.30900 2.93800 0.90000, 4.25000 3.55000 0.10000"
2329,0.0000,Tx-Rx,0,-45.2009,"7.30900 2.93800 0.90000, 4.55000 3.55000 0.10000"
2330,0.0000,Tx-Rx,0,-43.7560,"7.30900 2.93800 0.90000, 4.85000 3.55000 0.10000"
2331,0.0000,Tx-Rx,0,-42.1704,"7.30900 2.93800 0.90000, 5.15000 3.55000 0.10000"
2332,0.0000,Tx-Rx,0,-41.1364,"7.30900 2.93800 0.90000, 5.45000 3.55000 0.10000"
2333,0.0000,Tx-Rx,0,-40.2921,"7.30900 2.93800 0.90000, 5.75000 3.55000 0.10000"
2334,0.0000,Tx-Rx,0,-39.3642,"7.30900 2.93800 0.90000, 6.05000 3.55000 0.10000"
2335,0.0000,Tx-Rx,0,-38.3401,"7.30900 2.93800 0.90000, 6.35000 3.55000 0.10000"
2336,0.0000,Tx-Rx,0,-36.8291,"7.30900 2.93800 0.90000, 6.65000 3.55000 0.10000"
2337,0.0000,Tx-Rx,0,-37.6238,"7.30900 2.93800 0.90000, 6.95000 3.55000 0.10000"
2338,0.0000,Tx-Rx,0,-39.1183,"7.30900 2.93800 0.90000, 7.25000 3.55000 0.10000"
2339,0.0000,Tx-Rx,0,-38.1473,"7.30900 2.93800 0.90000, 7.55000 3.55000 0.10000"
2340,0.0000,Tx-Rx,0,-38.6760,"7.30900 2.93800 0.90000, 7.85000 3.55000 0.10000"
2341,0.0000,Tx-Rx,0,-85.1850,"7.30900 2.93800 0.90000, -9.85000 3.85000 0.10000"
2342,0.0000,Tx-Rx,0,-84.0286,"7.30900 2.93800 0.90000, -9.55000 3.85000 0.10000"
2343,0.0000,Tx-Rx,0,-83.2177,"7.30900 2.93800 0.90000, -9.25000 3.85000 0.10000"
2344,0.0000,Tx-Rx,0,-82.5965,"7.30900 2.93800 0.90000, -8.95000 3.85000 0.10000"
2345,0.0000,Tx-Rx,0,-81.4712,"7.30900 2.93800 0.90000, -8.65000 3.85000 0.10000"
2346,0.0000,Tx-Rx,0,-80.9094,"7.30900 2.93800 0.90000, -8.35000 3.85000 0.10000"
2347,0.0000,Tx-Rx,0,-62.2026,"7.30900 2.93800 0.90000, -8.05000 3.85000 0.10000"
2348,0.0000,Tx-Rx,0,-57.4490,"7.30900 2.93800 0.90000, -7.75000 3.85000 0.10000"
2349,0.0000,Tx-Rx,0,-57.4905,"7.30900 2.93800 0.90000, -7.45000 3.85000 0.10000"
2350,0.0000,Tx-Rx,0,-57.6180,"7.30900 2.93800 0.90000, -7.15000 3.85000 0.10000"
2351,0.0000,Tx-Rx,0,-57.8478,"7.30900 2.93800 0.90000, -6.85000 3.85000 0.10000"
2352,0.0000,Tx-Rx,0,-57.9751,"7.30900 2.93800 0.90000, -6.55000 3.85000 0.10000"
2353,0.0000,Tx-Rx,0,-58.3595,"7.30900 2.93800 0.90000, -6.25000 3.85000 0.10000"
2354,0.0000,Tx-Rx,0,-58.7734,"7.30900 2.93800 0.90000, -5.95000 3.85000 0.10000"
2355,0.0000,Tx-Rx,0,-59.0065,"7.30900 2.93800 0.90000, -5.65000 3.85000 0.10000"
2356,0.0000,Tx-Rx,0,-59.6889,"7.30900 2.93800 0.90000, -5.35000 3.85000 0.10000"
2357,0.0000,Tx-Rx,0,-60.1413,"7.30900 2.93800 0.90000, -5.05000 3.85000 0.10000"
2358,0.0000,Tx-Rx,0,-61.0685,"7.30900 2.93800 0.90000, -4.75000 3.85000 0.10000"
2359,0.0000,Tx-Rx,0,-61.7790,"7.30900 2.93800 0.90000, -4.45000 3.85000 0.10000"
2360,0.0000,Tx-Rx,0,-62.8425,"7.30900 2.93800 0.90000, -4.15000 3.85000 0.10000"
2361,0.0000,Tx-Rx,0,-64.3720,"7.30900 2.93800 0.90000, -3.85000 3.85000 0.10000"
2362,0.0000,Tx-Rx,0,-64.8061,"7.30900 2.93800 0.90000, -3.55000 3.85000 0.10000"
2363,0.0000,Tx-Rx,0,-64.3247,"7.30900 2.93800 0.90000, -3.25000 3.85000 0.10000"
2364,0.0000,Tx-Rx,0,-65.3656,"7.30900 2.93800 0.90000, -2.95000 3.85000 0.10000"
2365,0.0000,Tx-Rx,0,-62.2621,"7.30900 2.93800 0.90000, -2.65000 3.85000 0.10000"
2366,0.0000,Tx-Rx,0,-61.9069,"7.30900 2.93800 0.90000, -2.35000 3.85000 0.10000"
2367,0.0000,Tx-Rx,0,-61.7551,"7.30900 2.93800 0.90000, -2.05000 3.85000 0.10000"
2368,0.0000,Tx-Rx,0,-61.6867,"7.30900 2.93800 0.90000, -1.75000 3.85000 0.10000"
2369,0.0000,Tx-Rx,0,-61.9471,"7.30900 2.93800 0.90000, -1.45000 3.85000 0.10000"
2370,0.0000,Tx-Rx,0,-61.9671,"7.30900 2.93800 0.90000, -1.15000 3.85000 0.10000"
2371,0.0000,Tx-Rx,0,-62.1201,"7.30900 2.93800 0.90000, -0.85000 3.85000 0.10000"
2372,0.0000,Tx-Rx,0,-62.1778,"7.30900 2.93800 0.90000, -0.55000 3.85000 0.10000"
2373,0.0000,Tx-Rx,0,-62.5815,"7.30900 2.93800 0.90000, -0.25000 3.85000 0.10000"
2374,0.0000,Tx-Rx,0,-57.6885,"7.30900 2.93800 0.90000, 0.05000 3.85000 0.10000"
2375,0.0000,Tx-Rx,0,-54.7274,"7.30900 2.93800 0.90000, 0.35000 3.85000 0.10000"
2376,0.0000,Tx-Rx,0,-53.1417,"7.30900 2.93800 0.90000, 0.65000 3.85000 0.10000"
2377,0.0000,Tx-Rx,0,-52.1000,"7.30900 2.93800 0.90000, 0.95000 3.85000 0.10000"
2378,0.0000,Tx-Rx,0,-51.7908,"7.30900 2.93800 0.90000, 1.25000 3.85000 0.10000"
2379,0.0000,Tx-Rx,0,-51.9513,"7.30900 2.93800 0.90000, 1.55000 3.85000 0.10000"
2380,0.0000,Tx-Rx,0,-52.1554,"7.30900 2.93800 0.90000, 1.85000 3.85000 0.10000"
2381,0.0000,Tx-Rx,0,-51.9144,"7.30900 2.93800 0.90000, 2.15000 3.85000 0.10000"
2382,0.0000,Tx-Rx,0,-50.9385,"7.30900 2.93800 0.90000, 2.45000 3.85000 0.10000"
2383,0.0000,Tx-Rx,0,-49.4135,"7.30900 2.93800 0.90000, 2.75000 3.85000 0.10000"
2384,0.0000,Tx-Rx,0,-48.3384,"7.30900 2.93800 0.90000, 3.05000 3.85000 0.10000"
2385,0.0000,Tx-Rx,0,-47.0736,"7.30900 2.93800 0.90000, 3.35000 3.85000 0.10000"
2386,0.0000,Tx-Rx,0,-45.9575,"7.30900 2.93800 0.90000, 3.65000 3.85000 0.10000"
2387,0.0000,Tx-Rx,0,-44.8928,"7.30900 2.93800 0.90000, 3.95000 3.85000 0.10000"
2388,0.0000,Tx-Rx,0,-43.9360,"7.30900 2.93800 0.90000, 4.25000 3.85000 0.10000"
2389,0.0000,Tx-Rx,0,-43.4184,"7.30900 2.93800 0.90000, 4.55000 3.85000 0.10000"
2390,0.0000,Tx-Rx,0,-42.9701,"7.30900 2.93800 0.90000, 4.85000 3.85000 0.10000"
2391,0.0000,Tx-Rx,0,-42.1369,"7.30900 2.93800 0.90000, 5.15000 3.85000 0.10000"
2392,0.0000,Tx-Rx,0,-41.3721,"7.30900 2.93800 0.90000, 5.45000 3.85000 0.10000"
2393,0.0000,Tx-Rx,0,-40.6006,"7.30900 2.93800 0.90000, 5.75000 3.85000 0.10000"
2394,0.0000,Tx-Rx,0,-39.2472,"7.30900 2.93800 0.90000, 6.05000 3.85000 0.10000"
2395,0.0000,Tx-Rx,0,-39.0401,"7.30900 2.93800 0.90000, 6.35000 3.85000 0.10000"
2396,0.0000,Tx-Rx,0,-38.0655,"7.30900 2.93800 0.90000, 6.65000 3.85000 0.10000"
2397,0.0000,Tx-Rx,0,-38.3266,"7.30900 2.93800 0.90000, 6.95000 3.85000 0.10000"
2398,0.0000,Tx-Rx,0,-40.0723,"7.30900 2.93800 0.90000, 7.25000 3.85000 0.10000"
2399,0.0000,Tx-Rx,0,-39.0770,"7.30900 2.93800 0.90000, 7.55000 3.85000 0.10000"
2400,0.0000,Tx-Rx,0,-39.7566,"7.30900 2.93800 0.90000, 7.85000 3.85000 0.10000"
2401,0.0000,Tx-Rx,0,-87.5240,"7.30900 2.93800 0.90000, -9.85000 4.15000 0.10000"
2402,0.0000,Tx-Rx,0,-89.1881,"7.30900 2.93800 0.90000, -9.55000 4.15000 0.10000"
2403,0.0000,Tx-Rx,0,-88.1243,"7.30900 2.93800 0.90000, -9.25000 4.15000 0.10000"
2404,0.0000,Tx-Rx,0,-91.1579,"7.30900 2.93800 0.90000, -8.95000 4.15000 0.10000"
2405,0.0000,Tx-Rx,0,-87.9029,"7.30900 2.93800 0.90000, -8.65000 4.15000 0.10000"
2406,0.0000,Tx-Rx,0,-89.5613,"7.30900 2.93800 0.90000, -8.35000 4.15000 0.10000"
2407,0.0000,Tx-Rx,0,-69.9305,"7.30900 2.93800 0.90000, -8.05000 4.15000 0.10000"
2408,0.0000,Tx-Rx,0,-66.2584,"7.30900 2.93800 0.90000, -7.75000 4.15000 0.10000"
2409,0.0000,Tx-Rx,0,-67.9702,"7.30900 2.93800 0.90000, -7.45000 4.15000 0.10000"
2410,0.0000,Tx-Rx,0,-68.2225,"7.30900 2.93800 0.90000, -7.15000 4.15000 0.10000"
2411,0.0000,Tx-Rx,0,-67.3771,"7.30900 2.93800 0.90000, -6.85000 4.15000 0.10000"
2412,0.0000,Tx-Rx,0,-66.7823,"7.30900 2.93800 0.90000, -6.55000 4.15000 0.10000"
2413,0.0000,Tx-Rx,0,-66.7109,"7.30900 2.93800 0.90000, -6.25000 4.15000 0.10000"
2414,0.0000,Tx-Rx,0,-66.9468,"7.30900 2.93800 0.90000, -5.95000 4.15000 0.10000"
2415,0.0000,Tx-Rx,0,-66.7686,"7.30900 2.93800 0.90000, -5.65000 4.15000 0.10000"
2416,0.0000,Tx-Rx,0,-66.6378,"7.30900 2.93800 0.90000, -5.35000 4.15000 0.10000"
2417,0.0000,Tx-Rx,0,-66.2177,"7.30900 2.93800 0.90000, -5.05000 4.15000 0.10000"
2418,0.0000,Tx-Rx,0,-66.1401,"7.30900 2.93800 0.90000, -4.75000 4.15000 0.10000"
2419,0.0000,Tx-Rx,0,-66.2887,"7.30900 2.93800 0.90000, -4.45000 4.15000 0.10000"
2420,0.0000,Tx-Rx,0,-66.5170,"7.30900 2.93800 0.90000, -4.15000 4.15000 0.10000"
2421,0.0000,Tx-Rx,0,-67.0091,"7.30900 2.93800 0.90000, -3.85000 4.15000 0.10000"
2422,0.0000,Tx-Rx,0,-67.2693,"7.30900 2.93800 0.90000, -3.55000 4.15000 0.10000"
2423,0.0000,Tx-Rx,0,-66.5158,"7.30900 2.93800 0.90000, -3.25000 4.15000 0.10000"
2424,0.0000,Tx-Rx,0,-63.3717,"7.30900 2.93800 0.90000, -2.95000 4.15000 0.10000"
2425,0.0000,Tx-Rx,0,-62.5570,"7.30900 2.93800 0.90000, -2.65000 4.15000 0.10000"
2426,0.0000,Tx-Rx,0,-62.6645,"7.30900 2.93800 0.90000, -2.35000 4.15000 0.10000"
2427,0.0000,Tx-Rx,0,-62.7059,"7.30900 2.93800 0.90000, -2.05000 4.15000 0.10000"
2428,0.0000,Tx-Rx,0,-62.7820,"7.30900 2.93800 0.90000, -1.75000 4.15000 0.10000"
2429,0.0000,Tx-Rx,0,-62.8142,"7.30900 2.93800 0.90000, -1.45000 4.15000 0.10000"
2430,0.0000,Tx-Rx,0,-62.7317,"7.30900 2.93800 0.90000, -1.15000 4.15000 0.10000"
2431,0.0000,Tx-Rx,0,-62.7375,"7.30900 2.93800 0.90000, -0.85000 4.15000 0.10000"
2432,0.0000,Tx-Rx,0,-62.3854,"7.30900 2.93800 0.90000, -0.55000 4.15000 0.10000"
2433,0.0000,Tx-Rx,0,-64.8992,"7.30900 2.93800 0.90000, -0.25000 4.15000 0.10000"
2434,0.0000,Tx-Rx,0,-69.6775,"7.30900 2.93800 0.90000, 0.05000 4.15000 0.10000"
2435,0.0000,Tx-Rx,0,-70.4809,"7.30900 2.93800 0.90000, 0.35000 4.15000 0.10000"
2436,0.0000,Tx-Rx,0,-66.6028,"7.30900 2.93800 0.90000, 0.65000 4.15000 0.10000"
2437,0.0000,Tx-Rx,0,-64.7145,"7.30900 2.93800 0.90000, 0.95000 4.15000 0.10000"
2438,0.0000,Tx-Rx,0,-61.3706,"7.30900 2.93800 0.90000, 1.25000 4.15000 0.10000"
2439,0.0000,Tx-Rx,0,-57.3953,"7.30900 2.93800 0.90000, 1.55000 4.15000 0.10000"
2440,0.0000,Tx-Rx,0,-54.0506,"7.30900 2.93800 0.90000, 1.85000 4.15000 0.10000"
2441,0.0000,Tx-Rx,0,-52.7190,"7.30900 2.93800 0.90000, 2.15000 4.15000 0.10000"
2442,0.0000,Tx-Rx,0,-53.0078,"7.30900 2.93800 0.90000, 2.45000 4.15000 0.10000"
2443,0.0000,Tx-Rx,0,-55.5488,"7.30900 2.93800 0.90000, 2.75000 4.15000 0.10000"
2444,0.0000,Tx-Rx,0,-66.3397,"7.30900 2.93800 0.90000, 3.05000 4.15000 0.10000"
2445,0.0000,Tx-Rx,0,-76.3463,"7.30900 2.93800 0.90000, 3.35000 4.15000 0.10000"
2446,0.0000,Tx-Rx,0,-75.6197,"7.30900 2.93800 0.90000, 3.65000 4.15000 0.10000"
2447,0.0000,Tx-Rx,0,-76.0152,"7.30900 2.93800 0.90000, 3.95000 4.15000 0.10000"
2448,0.0000,Tx-Rx,0,-75.9178,"7.30900 2.93800 0.90000, 4.25000 4.15000 0.10000"
2449,0.0000,Tx-Rx,0,-75.3028,"7.30900 2.93800 0.90000, 4.55000 4.15000 0.10000"
2450,0.0000,Tx-Rx,0,-74.0856,"7.30900 2.93800 0.90000, 4.85000 4.15000 0.10000"
2451,0.0000,Tx-Rx,0,-73.0255,"7.30900 2.93800 0.90000, 5.15000 4.15000 0.10000"
2452,0.0000,Tx-Rx,0,-71.9146,"7.30900 2.93800 0.90000, 5.45000 4.15000 0.10000"
2453,0.0000,Tx-Rx,0,-70.0461,"7.30900 2.93800 0.90000, 5.75000 4.15000 0.10000"
2454,0.0000,Tx-Rx,0,-68.0291,"7.30900 2.93800 0.90000, 6.05000 4.15000 0.10000"
2455,0.0000,Tx-Rx,0,-68.6190,"7.30900 2.93800 0.90000, 6.35000 4.15000 0.10000"
2456,0.0000,Tx-Rx,0,-65.6955,"7.30900 2.93800 0.90000, 6.65000 4.15000 0.10000"
2457,0.0000,Tx-Rx,0,-65.9340,"7.30900 2.93800 0.90000, 6.95000 4.15000 0.10000"
2458,0.0000,Tx-Rx,0,-67.2923,"7.30900 2.93800 0.90000, 7.25000 4.15000 0.10000"
2459,0.0000,Tx-Rx,0,-66.2141,"7.30900 2.93800 0.90000, 7.55000 4.15000 0.10000"
2460,0.0000,Tx-Rx,0,-67.0223,"7.30900 2.93800 0.90000, 7.85000 4.15000 0.10000"
2461,0.0000,Tx-Rx,0,-102.2432,"7.30900 2.93800 0.90000, -9.85000 4.45000 0.10000"
2462,0.0000,Tx-Rx,0,-98.7187,"7.30900 2.93800 0.90000, -9.55000 4.45000 0.10000"
2463,0.0000,Tx-Rx,0,-108.3744,"7.30900 2.93800 0.90000, -9.25000 4.45000 0.10000"
2464,0.0000,Tx-Rx,0,-103.6284,"7.30900 2.93800 0.90000, -8.95000 4.45000 0.10000"
2465,0.0000,Tx-Rx,0,-100.4428,"7.30900 2.93800 0.90000, -8.65000 4.45000 0.10000"
2466,0.0000,Tx-Rx,0,-98.9403,"7.30900 2.93800 0.90000, -8.35000 4.45000 0.10000"
2467,0.0000,Tx-Rx,0,-81.4907,"7.30900 2.93800 0.90000, -8.05000 4.45000 0.10000"
2468,0.0000,Tx-Rx,0,-73.0054,"7.30900 2.93800 0.90000, -7.75000 4.45000 0.10000"
2469,0.0000,Tx-Rx,0,-71.5855,"7.30900 2.93800 0.90000, -7.45000 4.45000 0.10000"
2470,0.0000,Tx-Rx,0,-71.8706,"7.30900 2.93800 0.90000, -7.15000 4.45000 0.10000"
2471,0.0000,Tx-Rx,0,-72.5089,"7.30900 2.93800 0.90000, -6.85000 4.45000 0.10000"
2472,0.0000,Tx-Rx,0,-72.5104,"7.30900 2.93800 0.90000, -6.55000 4.45000 0.10000"
2473,0.0000,Tx-Rx,0,-72.2299,"7.30900 2.93800 0.90000, -6.25000 4.45000 0.10000"
2474,0.0000,Tx-Rx,0,-72.4104,"7.30900 2.93800 0.90000, -5.95000 4.45000 0.10000"
2475,0.0000,Tx-Rx,0,-72.0722,"7.30900 2.93800 0.90000, -5.65000 4.45000 0.10000"
2476,0.0000,Tx-Rx,0,-70.1074,"7.30900 2.93800 0.90000, -5.35000 4.45000 0.10000"
2477,0.0000,Tx-Rx,0,-71.2186,"7.30900 2.93800 0.90000, -5.05000 4.45000 0.10000"
2478,0.0000,Tx-Rx,0,-71.0158,"7.30900 2.93800 0.90000, -4.75000 4.45000 0.10000"
2479,0.0000,Tx-Rx,0,-70.7487,"7.30900 2.93800 0.90000, -4.45000 4.45000 0.10000"
2480,0.0000,Tx-Rx,0,-70.4229,"7.30900 2.93800 0.90000, -4.15000 4.45000 0.10000"
2481,0.0000,Tx-Rx,0,-70.3011,"7.30900 2.93800 0.90000, -3.85000 4.45000 0.10000"
2482,0.0000,Tx-Rx,0,-70.7329,"7.30900 2.93800 0.90000, -3.55000 4.45000 0.10000"
2483,0.0000,Tx-Rx,0,-65.1383,"7.30900 2.93800 0.90000, -3.25000 4.45000 0.10000"
2484,0.0000,Tx-Rx,0,-63.5494,"7.30900 2.93800 0.90000, -2.95000 4.45000 0.10000"
2485,0.0000,Tx-Rx,0,-63.4105,"7.30900 2.93800 0.90000, -2.65000 4.45000 0.10000"
2486,0.0000,Tx-Rx,0,-63.2246,"7.30900 2.93800 0.90000, -2.35000 4.45000 0.10000"
2487,0.0000,Tx-Rx,0,-62.9451,"7.30900 2.93800 0.90000, -2.05000 4.45000 0.10000"
2488,0.0000,Tx-Rx,0,-62.9627,"7.30900 2.93800 0.90000, -1.75000 4.45000 0.10000"
2489,0.0000,Tx-Rx,0,-62.9513,"7.30900 2.93800 0.90000, -1.45000 4.45000 0.10000"
2490,0.0000,Tx-Rx,0,-62.5290,"7.30900 2.93800 0.90000, -1.15000 4.45000 0.10000"
2491,0.0000,Tx-Rx,0,-62.2671,"7.30900 2.93800 0.90000, -0.85000 4.45000 0.10000"
2492,0.0000,Tx-Rx,0,-61.8475,"7.30900 2.93800 0.90000, -0.55000 4.45000 0.10000"
2493,0.0000,Tx-Rx,0,-62.0666,"7.30900 2.93800 0.90000, -0.25000 4.45000 0.10000"
2494,0.0000,Tx-Rx,0,-60.5318,"7.30900 2.93800 0.90000, 0.05000 4.45000 0.10000"
2495,0.0000,Tx-Rx,0,-60.4588,"7.30900 2.93800 0.90000, 0.35000 4.45000 0.10000"
2496,0.0000,Tx-Rx,0,-60.0072,"7.30900 2.93800 0.90000, 0.65000 4.45000 0.10000"
2497,0.0000,Tx-Rx,0,-61.1110,"7.30900 2.93800 0.90000, 0.95000 4.45000 0.10000"
2498,0.0000,Tx-Rx,0,-60.2321,"7.30900 2.93800 0.90000, 1.25000 4.45000 0.10000"
2499,0.0000,Tx-Rx,0,-59.1793,"7.30900 2.93800 0.90000, 1.55000 4.45000 0.10000"
2500,0.0000,Tx-Rx,0,-58.3924,"7.30900 2.93800 0.90000, 1.85000 4.45000 0.10000"
2501,0.0000,Tx-Rx,0,-58.1587,"7.30900 2.93800 0.90000, 2.15000 4.45000 0.10000"
2502,0.0000,Tx-Rx,0,-60.3396,"7.30900 2.93800 0.90000, 2.45000 4.45000 0.10000"
2503,0.0000,Tx-Rx,0,-64.1047,"7.30900 2.93800 0.90000, 2.75000 4.45000 0.10000"
2504,0.0000,Tx-Rx,0,-71.1688,"7.30900 2.93800 0.90000, 3.05000 4.45000 0.10000"
2505,0.0000,Tx-Rx,0,-71.5878,"7.30900 2.93800 0.90000, 3.35000 4.45000 0.10000"
2506,0.0000,Tx-Rx,0,-72.2062,"7.30900 2.93800 0.90000, 3.65000 4.45000 0.10000"
2507,0.0000,Tx-Rx,0,-72.1315,"7.30900 2.93800 0.90000, 3.95000 4.45000 0.10000"
2508,0.0000,Tx-Rx,0,-71.6675,"7.30900 2.93800 0.90000, 4.25000 4.45000 0.10000"
2509,0.0000,Tx-Rx,0,-71.4796,"7.30900 2.93800 0.90000, 4.55000 4.45000 0.10000"
2510,0.0000,Tx-Rx,0,-70.7438,"7.30900 2.93800 0.90000, 4.85000 4.45000 0.10000"
2511,0.0000,Tx-Rx,0,-70.8837,"7.30900 2.93800 0.90000, 5.15000 4.45000 0.10000"
2512,0.0000,Tx-Rx,0,-69.7584,"7.30900 2.93800 0.90000, 5.45000 4.45000 0.10000"
2513,0.0000,Tx-Rx,0,-68.5832,"7.30900 2.93800 0.90000, 5.75000 4.45000 0.10000"
2514,0.0000,Tx-Rx,0,-69.2158,"7.30900 2.93800 0.90000, 6.05000 4.45000 0.10000"
2515,0.0000,Tx-Rx,0,-67.2784,"7.30900 2.93800 0.90000, 6.35000 4.45000 0.10000"
2516,0.0000,Tx-Rx,0,-66.0673,"7.30900 2.93800 0.90000, 6.65000 4.45000 0.10000"
2517,0.0000,Tx-Rx,0,-67.6624,"7.30900 2.93800 0.90000, 6.95000 4.45000 0.10000"
2518,0.0000,Tx-Rx,0,-67.3034,"7.30900 2.93800 0.90000, 7.25000 4.45000 0.10000"
2519,0.0000,Tx-Rx,0,-66.9613,"7.30900 2.93800 0.90000, 7.55000 4.45000 0.10000"
2520,0.0000,Tx-Rx,0,-67.0541,"7.30900 2.93800 0.90000, 7.85000 4.45000 0.10000"
2521,0.0000,Tx-Rx,0,-100.0739,"7.30900 2.93800 0.90000, -9.85000 4.75000 0.10000"
2522,0.0000,Tx-Rx,0,-101.5055,"7.30900 2.93800 0.90000, -9.55000 4.75000 0.10000"
2523,0.0000,Tx-Rx,0,-100.2158,"7.30900 2.93800 0.90000, -9.25000 4.75000 0.10000"
2524,0.0000,Tx-Rx,0,-103.4300,"7.30900 2.93800 0.90000, -8.95000 4.75000 0.10000"
2525,0.0000,Tx-Rx,0,-102.6473,"7.30900 2.93800 0.90000, -8.65000 4.75000 0.10000"
2526,0.0000,Tx-Rx,0,-105.3329,"7.30900 2.93800 0.90000, -8.35000 4.75000 0.10000"
2527,0.0000,Tx-Rx,0,-84.3601,"7.30900 2.93800 0.90000, -8.05000 4.75000 0.10000"
2528,0.0000,Tx-Rx,0,-78.8822,"7.30900 2.93800 0.90000, -7.75000 4.75000 0.10000"
2529,0.0000,Tx-Rx,0,-73.8093,"7.30900 2.93800 0.90000, -7.45000 4.75000 0.10000"
2530,0.0000,Tx-Rx,0,-72.5175,"7.30900 2.93800 0.90000, -7.15000 4.75000 0.10000"
2531,0.0000,Tx-Rx,0,-73.6377,"7.30900 2.93800 0.90000, -6.85000 4.75000 0.10000"
2532,0.0000,Tx-Rx,0,-73.9205,"7.30900 2.93800 0.90000, -6.55000 4.75000 0.10000"
2533,0.0000,Tx-Rx,0,-73.3755,"7.30900 2.93800 0.90000, -6.25000 4.75000 0.10000"
2534,0.0000,Tx-Rx,0,-72.8790,"7.30900 2.93800 0.90000, -5.95000 4.75000 0.10000"
2535,0.0000,Tx-Rx,0,-72.3674,"7.30900 2.93800 0.90000, -5.65000 4.75000 0.10000"
2536,0.0000,Tx-Rx,0,-72.8110,"7.30900 2.93800 0.90000, -5.35000 4.75000 0.10000"
2537,0.0000,Tx-Rx,0,-72.3068,"7.30900 2.93800 0.90000, -5.05000 4.75000 0.10000"
2538,0.0000,Tx-Rx,0,-71.9196,"7.30900 2.93800 0.90000, -4.75000 4.75000 0.10000"
2539,0.0000,Tx-Rx,0,-71.2709,"7.30900 2.93800 0.90000, -4.45000 4.75000 0.10000"
2540,0.0000,Tx-Rx,0,-71.8617,"7.30900 2.93800 0.90000, -4.15000 4.75000 0.10000"
2541,0.0000,Tx-Rx,0,-72.2075,"7.30900 2.93800 0.90000, -3.85000 4.75000 0.10000"
2542,0.0000,Tx-Rx,0,-67.3318,"7.30900 2.93800 0.90000, -3.55000 4.75000 0.10000"
2543,0.0000,Tx-Rx,0,-65.2730,"7.30900 2.93800 0.90000, -3.25000 4.75000 0.10000"
2544,0.0000,Tx-Rx,0,-65.0857,"7.30900 2.93800 0.90000, -2.95000 4.75000 0.10000"
2545,0.0000,Tx-Rx,0,-64.1394,"7.30900 2.93800 0.90000, -2.65000 4.75000 0.10000"
2546,0.0000,Tx-Rx,0,-63.9779,"7.30900 2.93800 0.90000, -2.35000 4.75000 0.10000"
2547,0.0000,Tx-Rx,0,-63.1839,"7.30900 2.93800 0.90000, -2.05000 4.75000 0.10000"
2548,0.0000,Tx-Rx,0,-63.3281,"7.30900 2.93800 0.90000, -1.75000 4.75000 0.10000"
2549,0.0000,Tx-Rx,0,-61.1687,"7.30900 2.93800 0.90000, -1.45000 4.75000 0.10000"
2550,0.0000,Tx-Rx,0,-61.0542,"7.30900 2.93800 0.90000, -1.15000 4.75000 0.10000"
2551,0.0000,Tx-Rx,0,-60.5315,"7.30900 2.93800 0.90000, -0.85000 4.75000 0.10000"
2552,0.0000,Tx-Rx,0,-63.5214,"7.30900 2.93800 0.90000, -0.55000 4.75000 0.10000"
2553,0.0000,Tx-Rx,0,-63.6435,"7.30900 2.93800 0.90000, -0.25000 4.75000 0.10000"
2554,0.0000,Tx-Rx,0,-68.3159,"7.30900 2.93800 0.90000, 0.05000 4.75000 0.10000"
2555,0.0000,Tx-Rx,0,-66.7613,"7.30900 2.93800 0.90000, 0.35000 4.75000 0.10000"
2556,0.0000,Tx-Rx,0,-63.5843,"7.30900 2.93800 0.90000, 0.65000 4.75000 0.10000"
2557,0.0000,Tx-Rx,0,-62.1726,"7.30900 2.93800 0.90000, 0.95000 4.75000 0.10000"
2558,0.0000,Tx-Rx,0,-62.6962,"7.30900 2.93800 0.90000, 1.25000 4.75000 0.10000"
2559,0.0000,Tx-Rx,0,-62.4120,"7.30900 2.93800 0.90000, 1.55000 4.75000 0.10000"
2560,0.0000,Tx-Rx,0,-61.6496,"7.30900 2.93800 0.90000, 1.85000 4.75000 0.10000"
2561,0.0000,Tx-Rx,0,-62.7147,"7.30900 2.93800 0.90000, 2.15000 4.75000 0.10000"
2562,0.0000,Tx-Rx,0,-63.3008,"7.30900 2.93800 0.90000, 2.45000 4.75000 0.10000"
2563,0.0000,Tx-Rx,0,-65.8764,"7.30900 2.93800 0.90000, 2.75000 4.75000 0.10000"
2564,0.0000,Tx-Rx,0,-69.3328,"7.30900 2.93800 0.90000, 3.05000 4.75000 0.10000"
2565,0.0000,Tx-Rx,0,-69.3788,"7.30900 2.93800 0.90000, 3.35000 4.75000 0.10000"
2566,0.0000,Tx-Rx,0,-77.4327,"7.30900 2.93800 0.90000, 3.65000 4.75000 0.10000"
2567,0.0000,Tx-Rx,0,-77.8891,"7.30900 2.93800 0.90000, 3.95000 4.75000 0.10000"
2568,0.0000,Tx-Rx,0,-78.1716,"7.30900 2.93800 0.90000, 4.25000 4.75000 0.10000"
2569,0.0000,Tx-Rx,0,-78.1112,"7.30900 2.93800 0.90000, 4.55000 4.75000 0.10000"
2570,0.0000,Tx-Rx,0,-79.5339,"7.30900 2.93800 0.90000, 4.85000 4.75000 0.10000"
2571,0.0000,Tx-Rx,0,-77.6536,"7.30900 2.93800 0.90000, 5.15000 4.75000 0.10000"
2572,0.0000,Tx-Rx,0,-78.7139,"7.30900 2.93800 0.90000, 5.45000 4.75000 0.10000"
2573,0.0000,Tx-Rx,0,-74.9952,"7.30900 2.93800 0.90000, 5.75000 4.75000 0.10000"
2574,0.0000,Tx-Rx,0,-73.1875,"7.30900 2.93800 0.90000, 6.05000 4.75000 0.10000"
2575,0.0000,Tx-Rx,0,-72.0635,"7.30900 2.93800 0.90000, 6.35000 4.75000 0.10000"
2576,0.0000,Tx-Rx,0,-71.8690,"7.30900 2.93800 0.90000, 6.65000 4.75000 0.10000"
2577,0.0000,Tx-Rx,0,-69.8624,"7.30900 2.93800 0.90000, 6.95000 4.75000 0.10000"
2578,0.0000,Tx-Rx,0,-68.4405,"7.30900 2.93800 0.90000, 7.25000 4.75000 0.10000"
2579,0.0000,Tx-Rx,0,-70.7137,"7.30900 2.93800 0.90000, 7.55000 4.75000 0.10000"
2580,0.0000,Tx-Rx,0,-76.5049,"7.30900 2.93800 0.90000, 7.85000 4.75000 0.10000"
2581,0.0000,Tx-Rx,0,-120.0000,"7.30900 2.93800 0.90000, -9.85000 5.05000 0.10000"
2582,0.0000,Tx-Rx,0,-120.0000,"7.30900 2.93800 0.90000, -9.55000 5.05000 0.10000"
2583,0.0000,Tx-Rx,0,-120.0000,"7.30900 2.93800 0.90000, -9.25000 5.05000 0.10000"
2584,0.0000,Tx-Rx,0,-105.7428,"7.30900 2.93800 0.90000, -8.95000 5.05000 0.10000"
2585,0.0000,Tx-Rx,0,-108.8670,"7.30900 2.93800 0.90000, -8.65000 5.05000 0.10000"
2586,0.0000,Tx-Rx,0,-104.0393,"7.30900 2.93800 0.90000, -8.35000 5.05000 0.10000"
2587,0.0000,Tx-Rx,0,-81.9800,"7.30900 2.93800 0.90000, -8.05000 5.05000 0.10000"
2588,0.0000,Tx-Rx,0,-77.9540,"7.30900 2.93800 0.90000, -7.75000 5.05000 0.10000"
2589,0.0000,Tx-Rx,0,-77.0193,"7.30900 2.93800 0.90000, -7.45000 5.05000 0.10000"
2590,0.0000,Tx-Rx,0,-73.1770,"7.30900 2.93800 0.90000, -7.15000 5.05000 0.10000"
2591,0.0000,Tx-Rx,0,-72.7171,"7.30900 2.93800 0.90000, -6.85000 5.05000 0.10000"
2592,0.0000,Tx-Rx,0,-73.5737,"7.30900 2.93800 0.90000, -6.55000 5.05000 0.10000"
2593,0.0000,Tx-Rx,0,-72.6411,"7.30900 2.93800 0.90000, -6.25000 5.05000 0.10000"
2594,0.0000,Tx-Rx,0,-72.2642,"7.30900 2.93800 0.90000, -5.95000 5.05000 0.10000"
2595,0.0000,Tx-Rx,0,-72.1423,"7.30900 2.93800 0.90000, -5.65000 5.05000 0.10000"
2596,0.0000,Tx-Rx,0,-72.3330,"7.30900 2.93800 0.90000, -5.35000 5.05000 0.10000"
2597,0.0000,Tx-Rx,0,-71.9392,"7.30900 2.93800 0.90000, -5.05000 5.05000 0.10000"
2598,0.0000,Tx-Rx,0,-71.7132,"7.30900 2.93800 0.90000, -4.75000 5.05000 0.10000"
2599,0.0000,Tx-Rx,0,-72.3025,"7.30900 2.93800 0.90000, -4.45000 5.05000 0.10000"
2600,0.0000,Tx-Rx,0,-70.3598,"7.30900 2.93800 0.90000, -4.15000 5.05000 0.10000"
2601,0.0000,Tx-Rx,0,-64.5989,"7.30900 2.93800 0.90000, -3.85000 5.05000 0.10000"
2602,0.0000,Tx-Rx,0,-64.0779,"7.30900 2.93800 0.90000, -3.55000 5.05000 0.10000"
2603,0.0000,Tx-Rx,0,-62.0232,"7.30900 2.93800 0.90000, -3.25000 5.05000 0.10000"
2604,0.0000,Tx-Rx,0,-62.1164,"7.30900 2.93800 0.90000, -2.95000 5.05000 0.10000"
2605,0.0000,Tx-Rx,0,-61.6840,"7.30900 2.93800 0.90000, -2.65000 5.05000 0.10000"
2606,0.0000,Tx-Rx,0,-61.8421,"7.30900 2.93800 0.90000, -2.35000 5.05000 0.10000"
2607,0.0000,Tx-Rx,0,-61.0704,"7.30900 2.93800 0.90000, -2.05000 5.05000 0.10000"
2608,0.0000,Tx-Rx,0,-62.4478,"7.30900 2.93800 0.90000, -1.75000 5.05000 0.10000"
2609,0.0000,Tx-Rx,0,-62.6670,"7.30900 2.93800 0.90000, -1.45000 5.05000 0.10000"
2610,0.0000,Tx-Rx,0,-63.6916,"7.30900 2.93800 0.90000, -1.15000 5.05000 0.10000"
2611,0.0000,Tx-Rx,0,-68.1231,"7.30900 2.93800 0.90000, -0.85000 5.05000 0.10000"
2612,0.0000,Tx-Rx,0,-74.5306,"7.30900 2.93800 0.90000, -0.55000 5.05000 0.10000"
2613,0.0000,Tx-Rx,0,-71.8921,"7.30900 2.93800 0.90000, -0.25000 5.05000 0.10000"
2614,0.0000,Tx-Rx,0,-65.7021,"7.30900 2.93800 0.90000, 0.05000 5.05000 0.10000"
2615,0.0000,Tx-Rx,0,-63.4267,"7.30900 2.93800 0.90000, 0.35000 5.05000 0.10000"
2616,0.0000,Tx-Rx,0,-63.6380,"7.30900 2.93800 0.90000, 0.65000 5.05000 0.10000"
2617,0.0000,Tx-Rx,0,-63.7716,"7.30900 2.93800 0.90000, 0.95000 5.05000 0.10000"
2618,0.0000,Tx-Rx,0,-65.1893,"7.30900 2.93800 0.90000, 1.25000 5.05000 0.10000"
2619,0.0000,Tx-Rx,0,-64.0483,"7.30900 2.93800 0.90000, 1.55000 5.05000 0.10000"
2620,0.0000,Tx-Rx,0,-63.0359,"7.30900 2.93800 0.90000, 1.85000 5.05000 0.10000"
2621,0.0000,Tx-Rx,0,-63.4222,"7.30900 2.93800 0.90000, 2.15000 5.05000 0.10000"
2622,0.0000,Tx-Rx,0,-64.2528,"7.30900 2.93800 0.90000, 2.45000 5.05000 0.10000"
2623,0.0000,Tx-Rx,0,-72.2023,"7.30900 2.93800 0.90000, 2.75000 5.05000 0.10000"
2624,0.0000,Tx-Rx,0,-74.0396,"7.30900 2.93800 0.90000, 3.05000 5.05000 0.10000"
2625,0.0000,Tx-Rx,0,-73.5984,"7.30900 2.93800 0.90000, 3.35000 5.05000 0.10000"
2626,0.0000,Tx-Rx,0,-80.7393,"7.30900 2.93800 0.90000, 3.65000 5.05000 0.10000"
2627,0.0000,Tx-Rx,0,-80.9983,"7.30900 2.93800 0.90000, 3.95000 5.05000 0.10000"
2628,0.0000,Tx-Rx,0,-79.9927,"7.30900 2.93800 0.90000, 4.25000 5.05000 0.10000"
2629,0.0000,Tx-Rx,0,-79.7815,"7.30900 2.93800 0.90000, 4.55000 5.05000 0.10000"
2630,0.0000,Tx-Rx,0,-79.9556,"7.30900 2.93800 0.90000, 4.85000 5.05000 0.10000"
2631,0.0000,Tx-Rx,0,-80.2135,"7.30900 2.93800 0.90000, 5.15000 5.05000 0.10000"
2632,0.0000,Tx-Rx,0,-79.5569,"7.30900 2.93800 0.90000, 5.45000 5.05000 0.10000"
2633,0.0000,Tx-Rx,0,-75.1159,"7.30900 2.93800 0.90000, 5.75000 5.05000 0.10000"
2634,0.0000,Tx-Rx,0,-71.0318,"7.30900 2.93800 0.90000, 6.05000 5.05000 0.10000"
2635,0.0000,Tx-Rx,0,-71.2491,"7.30900 2.93800 0.90000, 6.35000 5.05000 0.10000"
2636,0.0000,Tx-Rx,0,-70.4076,"7.30900 2.93800 0.90000, 6.65000 5.05000 0.10000"
2637,0.0000,Tx-Rx,0,-69.7755,"7.30900 2.93800 0.90000, 6.95000 5.05000 0.10000"
2638,0.0000,Tx-Rx,0,-69.6027,"7.30900 2.93800 0.90000, 7.25000 5.05000 0.10000"
2639,0.0000,Tx-Rx,0,-71.7037,"7.30900 2.93800 0.90000, 7.55000 5.05000 0.10000"
2640,0.0000,Tx-Rx,0,-77.3057,"7.30900 2.93800 0.90000, 7.85000 5.05000 0.10000"
2641,0.0000,Tx-Rx,0,-120.0000,"7.30900 2.93800 0.90000, -9.85000 5.35000 0.10000"
2642,0.0000,Tx-Rx,0,-120.0000,"7.30900 2.93800 0.90000, -9.55000 5.35000 0.10000"
2643,0.0000,Tx-Rx,0,-120.0000,"7.30900 2.93800 0.90000, -9.25000 5.35000 0.10000"
2644,0.0000,Tx-Rx,0,-120.0000,"7.30900 2.93800 0.90000, -8.95000 5.35000 0.10000"
2645,0.0000,Tx-Rx,0,-120.0000,"7.30900 2.93800 0.90000, -8.65000 5.35000 0.10000"
2646,0.0000,Tx-Rx,0,-107.9335,"7.30900 2.93800 0.90000, -8.35000 5.35000 0.10000"
2647,0.0000,Tx-Rx,0,-84.7622,"7.30900 2.93800 0.90000, -8.05000 5.35000 0.10000"
2648,0.0000,Tx-Rx,0,-79.2513,"7.30900 2.93800 0.90000, -7.75000 5.35000 0.10000"
2649,0.0000,Tx-Rx,0,-77.9584,"7.30900 2.93800 0.90000, -7.45000 5.35000 0.10000"
2650,0.0000,Tx-Rx,0,-76.9937,"7.30900 2.93800 0.90000, -7.15000 5.35000 0.10000"
2651,0.0000,Tx-Rx,0,-72.0154,"7.30900 2.93800 0.90000, -6.85000 5.35000 0.10000"
2652,0.0000,Tx-Rx,0,-66.5258,"7.30900 2.93800 0.90000, -6.55000 5.35000 0.10000"
2653,0.0000,Tx-Rx,0,-64.8018,"7.30900 2.93800 0.90000, -6.25000 5.35000 0.10000"
2654,0.0000,Tx-Rx,0,-62.4233,"7.30900 2.93800 0.90000, -5.95000 5.35000 0.10000"
2655,0.0000,Tx-Rx,0,-64.9573,"7.30900 2.93800 0.90000, -5.65000 5.35000 0.10000"
2656,0.0000,Tx-Rx,0,-67.5627,"7.30900 2.93800 0.90000, -5.35000 5.35000 0.10000"
2657,0.0000,Tx-Rx,0,-67.7578,"7.30900 2.93800 0.90000, -5.05000 5.35000 0.10000"
2658,0.0000,Tx-Rx,0,-68.3896,"7.30900 2.93800 0.90000, -4.75000 5.35000 0.10000"
2659,0.0000,Tx-Rx,0,-68.9167,"7.30900 2.93800 0.90000, -4.45000 5.35000 0.10000"
2660,0.0000,Tx-Rx,0,-62.9836,"7.30900 2.93800 0.90000, -4.15000 5.35000 0.10000"
2661,0.0000,Tx-Rx,0,-63.1181,"7.30900 2.93800 0.90000, -3.85000 5.35000 0.10000"
2662,0.0000,Tx-Rx,0,-63.4574,"7.30900 2.93800 0.90000, -3.55000 5.35000 0.10000"
2663,0.0000,Tx-Rx,0,-62.5146,"7.30900 2.93800 0.90000, -3.25000 5.35000 0.10000"
2664,0.0000,Tx-Rx,0,-64.5624,"7.30900 2.93800 0.90000, -2.95000 5.35000 0.10000"
2665,0.0000,Tx-Rx,0,-62.9536,"7.30900 2.93800 0.90000, -2.65000 5.35000 0.10000"
2666,0.0000,Tx-Rx,0,-64.7249,"7.30900 2.93800 0.90000, -2.35000 5.35000 0.10000"
2667,0.0000,Tx-Rx,0,-64.8463,"7.30900 2.93800 0.90000, -2.05000 5.35000 0.10000"
2668,0.0000,Tx-Rx,0,-64.6781,"7.30900 2.93800 0.90000, -1.75000 5.35000 0.10000"
2669,0.0000,Tx-Rx,0,-64.6938,"7.30900 2.93800 0.90000, -1.45000 5.35000 0.10000"
2670,0.0000,Tx-Rx,0,-66.1618,"7.30900 2.93800 0.90000, -1.15000 5.35000 0.10000"
2671,0.0000,Tx-Rx,0,-75.8899,"7.30900 2.93800 0.90000, -0.85000 5.35000 0.10000"
2672,0.0000,Tx-Rx,0,-76.6169,"7.30900 2.93800 0.90000, -0.55000 5.35000 0.10000"
2673,0.0000,Tx-Rx,0,-76.5935,"7.30900 2.93800 0.90000, -0.25000 5.35000 0.10000"
2674,0.0000,Tx-Rx,0,-71.7116,"7.30900 2.93800 0.90000, 0.05000 5.35000 0.10000"
2675,0.0000,Tx-Rx,0,-68.9832,"7.30900 2.93800 0.90000, 0.35000 5.35000 0.10000"
2676,0.0000,Tx-Rx,0,-68.9326,"7.30900 2.93800 0.90000, 0.65000 5.35000 0.10000"
2677,0.0000,Tx-Rx,0,-69.7746,"7.30900 2.93800 0.90000, 0.95000 5.35000 0.10000"
2678,0.0000,Tx-Rx,0,-67.8877,"7.30900 2.93800 0.90000, 1.25000 5.35000 0.10000"
2679,0.0000,Tx-Rx,0,-63.4227,"7.30900 2.93800 0.90000, 1.55000 5.35000 0.10000"
2680,0.0000,Tx-Rx,0,-63.4020,"7.30900 2.93800 0.90000, 1.85000 5.35000 0.10000"
2681,0.0000,Tx-Rx,0,-64.2733,"7.30900 2.93800 0.90000, 2.15000 5.35000 0.10000"
2682,0.0000,Tx-Rx,0,-65.9956,"7.30900 2.93800 0.90000, 2.45000 5.35000 0.10000"
2683,0.0000,Tx-Rx,0,-75.1285,"7.30900 2.93800 0.90000, 2.75000 5.35000 0.10000"
2684,0.0000,Tx-Rx,0,-76.1873,"7.30900 2.93800 0.90000, 3.05000 5.35000 0.10000"
2685,0.0000,Tx-Rx,0,-75.9592,"7.30900 2.93800 0.90000, 3.35000 5.35000 0.10000"
2686,0.0000,Tx-Rx,0,-78.3263,"7.30900 2.93800 0.90000, 3.65000 5.35000 0.10000"
2687,0.0000,Tx-Rx,0,-80.0403,"7.30900 2.93800 0.90000, 3.95000 5.35000 0.10000"
2688,0.0000,Tx-Rx,0,-80.3875,"7.30900 2.93800 0.90000, 4.25000 5.35000 0.10000"
2689,0.0000,Tx-Rx,0,-80.4951,"7.30900 2.93800 0.90000, 4.55000 5.35000 0.10000"
2690,0.0000,Tx-Rx,0,-80.3645,"7.30900 2.93800 0.90000, 4.85000 5.35000 0.10000"
2691,0.0000,Tx-Rx,0,-80.2324,"7.30900 2.93800 0.90000, 5.15000 5.35000 0.10000"
2692,0.0000,Tx-Rx,0,-78.9943,"7.30900 2.93800 0.90000, 5.45000 5.35000 0.10000"
2693,0.0000,Tx-Rx,0,-73.0358,"7.30900 2.93800 0.90000, 5.75000 5.35000 0.10000"
2694,0.0000,Tx-Rx,0,-70.9373,"7.30900 2.93800 0.90000, 6.05000 5.35000 0.10000"
2695,0.0000,Tx-Rx,0,-71.3856,"7.30900 2.93800 0.90000, 6.35000 5.35000 0.10000"
2696,0.0000,Tx-Rx,0,-71.0657,"7.30900 2.93800 0.90000, 6.65000 5.35000 0.10000"
2697,0.0000,Tx-Rx,0,-70.8190,"7.30900 2.93800 0.90000, 6.95000 5.35000 0.10000"
2698,0.0000,Tx-Rx,0,-70.3913,"7.30900 2.93800 0.90000, 7.25000 5.35000 0.10000"
2699,0.0000,Tx-Rx,0,-71.9361,"7.30900 2.93800 0.90000, 7.55000 5.35000 0.10000"
2700,0.0000,Tx-Rx,0,-81.2883,"7.30900 2.93800 0.90000, 7.85000 5.35000 0.10000"
2701,0.0000,Tx-Rx,0,-120.0000,"7.30900 2.93800 0.90000, -9.85000 5.65000 0.10000"
2702,0.0000,Tx-Rx,0,-101.6695,"7.30900 2.93800 0.90000, -9.55000 5.65000 0.10000"
2703,0.0000,Tx-Rx,0,-103.7599,"7.30900 2.93800 0.90000, -9.25000 5.65000 0.10000"
2704,0.0000,Tx-Rx,0,-100.6280,"7.30900 2.93800 0.90000, -8.95000 5.65000 0.10000"
2705,0.0000,Tx-Rx,0,-106.5560,"7.30900 2.93800 0.90000, -8.65000 5.65000 0.10000"
2706,0.0000,Tx-Rx,0,-102.8132,"7.30900 2.93800 0.90000, -8.35000 5.65000 0.10000"
2707,0.0000,Tx-Rx,0,-84.1447,"7.30900 2.93800 0.90000, -8.05000 5.65000 0.10000"
2708,0.0000,Tx-Rx,0,-77.6502,"7.30900 2.93800 0.90000, -7.75000 5.65000 0.10000"
2709,0.0000,Tx-Rx,0,-64.9226,"7.30900 2.93800 0.90000, -7.45000 5.65000 0.10000"
2710,0.0000,Tx-Rx,0,-60.5924,"7.30900 2.93800 0.90000, -7.15000 5.65000 0.10000"
2711,0.0000,Tx-Rx,0,-60.3935,"7.30900 2.93800 0.90000, -6.85000 5.65000 0.10000"
2712,0.0000,Tx-Rx,0,-60.0452,"7.30900 2.93800 0.90000, -6.55000 5.65000 0.10000"
2713,0.0000,Tx-Rx,0,-64.6813,"7.30900 2.93800 0.90000, -6.25000 5.65000 0.10000"
2714,0.0000,Tx-Rx,0,-69.7054,"7.30900 2.93800 0.90000, -5.95000 5.65000 0.10000"
2715,0.0000,Tx-Rx,0,-66.9262,"7.30900 2.93800 0.90000, -5.65000 5.65000 0.10000"
2716,0.0000,Tx-Rx,0,-65.0509,"7.30900 2.93800 0.90000, -5.35000 5.65000 0.10000"
2717,0.0000,Tx-Rx,0,-67.1107,"7.30900 2.93800 0.90000, -5.05000 5.65000 0.10000"
2718,0.0000,Tx-Rx,0,-63.7706,"7.30900 2.93800 0.90000, -4.75000 5.65000 0.10000"
2719,0.0000,Tx-Rx,0,-66.6901,"7.30900 2.93800 0.90000, -4.45000 5.65000 0.10000"
2720,0.0000,Tx-Rx,0,-63.8268,"7.30900 2.93800 0.90000, -4.15000 5.65000 0.10000"
2721,0.0000,Tx-Rx,0,-64.4753,"7.30900 2.93800 0.90000, -3.85000 5.65000 0.10000"
2722,0.0000,Tx-Rx,0,-64.5391,"7.30900 2.93800 0.90000, -3.55000 5.65000 0.10000"
2723,0.0000,Tx-Rx,0,-64.8577,"7.30900 2.93800 0.90000, -3.25000 5.65000 0.10000"
2724,0.0000,Tx-Rx,0,-65.0591,"7.30900 2.93800 0.90000, -2.95000 5.65000 0.10000"
2725,0.0000,Tx-Rx,0,-65.0673,"7.30900 2.93800 0.90000, -2.65000 5.65000 0.10000"
2726,0.0000,Tx-Rx,0,-64.9779,"7.30900 2.93800 0.90000, -2.35000 5.65000 0.10000"
2727,0.0000,Tx-Rx,0,-65.0293,"7.30900 2.93800 0.90000, -2.05000 5.65000 0.10000"
2728,0.0000,Tx-Rx,0,-65.0649,"7.30900 2.93800 0.90000, -1.75000 5.65000 0.10000"
2729,0.0000,Tx-Rx,0,-65.0367,"7.30900 2.93800 0.90000, -1.45000 5.65000 0.10000"
2730,0.0000,Tx-Rx,0,-71.4012,"7.30900 2.93800 0.90000, -1.15000 5.65000 0.10000"
2731,0.0000,Tx-Rx,0,-74.0983,"7.30900 2.93800 0.90000, -0.85000 5.65000 0.10000"
2732,0.0000,Tx-Rx,0,-75.1002,"7.30900 2.93800 0.90000, -0.55000 5.65000 0.10000"
2733,0.0000,Tx-Rx,0,-75.4734,"7.30900 2.93800 0.90000, -0.25000 5.65000 0.10000"
2734,0.0000,Tx-Rx,0,-71.8916,"7.30900 2.93800 0.90000, 0.05000 5.65000 0.10000"
2735,0.0000,Tx-Rx,0,-70.7754,"7.30900 2.93800 0.90000, 0.35000 5.65000 0.10000"
2736,0.0000,Tx-Rx,0,-71.7839,"7.30900 2.93800 0.90000, 0.65000 5.65000 0.10000"
2737,0.0000,Tx-Rx,0,-72.3296,"7.30900 2.93800 0.90000, 0.95000 5.65000 0.10000"
2738,0.0000,Tx-Rx,0,-65.2068,"7.30900 2.93800 0.90000, 1.25000 5.65000 0.10000"
2739,0.0000,Tx-Rx,0,-63.5307,"7.30900 2.93800 0.90000, 1.55000 5.65000 0.10000"
2740,0.0000,Tx-Rx,0,-63.7562,"7.30900 2.93800 0.90000, 1.85000 5.65000 0.10000"
2741,0.0000,Tx-Rx,0,-64.5799,"7.30900 2.93800 0.90000, 2.15000 5.65000 0.10000"
2742,0.0000,Tx-Rx,0,-68.9876,"7.30900 2.93800 0.90000, 2.45000 5.65000 0.10000"
2743,0.0000,Tx-Rx,0,-77.6493,"7.30900 2.93800 0.90000, 2.75000 5.65000 0.10000"
2744,0.0000,Tx-Rx,0,-76.7304,"7.30900 2.93800 0.90000, 3.05000 5.65000 0.10000"
2745,0.0000,Tx-Rx,0,-74.7881,"7.30900 2.93800 0.90000, 3.35000 5.65000 0.10000"
2746,0.0000,Tx-Rx,0,-77.6554,"7.30900 2.93800 0.90000, 3.65000 5.65000 0.10000"
2747,0.0000,Tx-Rx,0,-81.9589,"7.30900 2.93800 0.90000, 3.95000 5.65000 0.10000"
2748,0.0000,Tx-Rx,0,-81.8053,"7.30900 2.93800 0.90000, 4.25000 5.65000 0.10000"
2749,0.0000,Tx-Rx,0,-81.1499,"7.30900 2.93800 0.90000, 4.55000 5.65000 0.10000"
2750,0.0000,Tx-Rx,0,-80.5486,"7.30900 2.93800 0.90000, 4.85000 5.65000 0.10000"
2751,0.0000,Tx-Rx,0,-78.8880,"7.30900 2.93800 0.90000, 5.15000 5.65000 0.10000"
2752,0.0000,Tx-Rx,0,-74.9450,"7.30900 2.93800 0.90000, 5.45000 5.65000 0.10000"
2753,0.0000,Tx-Rx,0,-72.3165,"7.30900 2.93800 0.90000, 5.75000 5.65000 0.10000"
2754,0.0000,Tx-Rx,0,-71.4355,"7.30900 2.93800 0.90000, 6.05000 5.65000 0.10000"
2755,0.0000,Tx-Rx,0,-71.6128,"7.30900 2.93800 0.90000, 6.35000 5.65000 0.10000"
2756,0.0000,Tx-Rx,0,-71.4646,"7.30900 2.93800 0.90000, 6.65000 5.65000 0.10000"
2757,0.0000,Tx-Rx,0,-71.5602,"7.30900 2.93800 0.90000, 6.95000 5.65000 0.10000"
2758,0.0000,Tx-Rx,0,-70.7365,"7.30900 2.93800 0.90000, 7.25000 5.65000 0.10000"
2759,0.0000,Tx-Rx,0,-72.1763,"7.30900 2.93800 0.90000, 7.55000 5.65000 0.10000"
2760,0.0000,Tx-Rx,0,-85.5011,"7.30900 2.93800 0.90000, 7.85000 5.65000 0.10000"
2761,0.0000,Tx-Rx,0,-115.9503,"7.30900 2.93800 0.90000, -9.85000 5.95000 0.10000"
2762,0.0000,Tx-Rx,0,-120.0000,"7.30900 2.93800 0.90000, -9.55000 5.95000 0.10000"
2763,0.0000,Tx-Rx,0,-120.0000,"7.30900 2.93800 0.90000, -9.25000 5.95000 0.10000"
2764,0.0000,Tx-Rx,0,-120.0000,"7.30900 2.93800 0.90000, -8.95000 5.95000 0.10000"
2765,0.0000,Tx-Rx,0,-120.0000,"7.30900 2.93800 0.90000, -8.65000 5.95000 0.10000"
2766,0.0000,Tx-Rx,0,-89.5222,"7.30900 2.93800 0.90000, -8.35000 5.95000 0.10000"
2767,0.0000,Tx-Rx,0,-64.2369,"7.30900 2.93800 0.90000, -8.05000 5.95000 0.10000"
2768,0.0000,Tx-Rx,0,-60.1714,"7.30900 2.93800 0.90000, -7.75000 5.95000 0.10000"
2769,0.0000,Tx-Rx,0,-61.1111,"7.30900 2.93800 0.90000, -7.45000 5.95000 0.10000"
2770,0.0000,Tx-Rx,0,-63.9557,"7.30900 2.93800 0.90000, -7.15000 5.95000 0.10000"
2771,0.0000,Tx-Rx,0,-67.0041,"7.30900 2.93800 0.90000, -6.85000 5.95000 0.10000"
2772,0.0000,Tx-Rx,0,-70.4596,"7.30900 2.93800 0.90000, -6.55000 5.95000 0.10000"
2773,0.0000,Tx-Rx,0,-69.0971,"7.30900 2.93800 0.90000, -6.25000 5.95000 0.10000"
2774,0.0000,Tx-Rx,0,-69.8962,"7.30900 2.93800 0.90000, -5.95000 5.95000 0.10000"
2775,0.0000,Tx-Rx,0,-68.8206,"7.30900 2.93800 0.90000, -5.65000 5.95000 0.10000"
2776,0.0000,Tx-Rx,0,-72.0946,"7.30900 2.93800 0.90000, -5.35000 5.95000 0.10000"
2777,0.0000,Tx-Rx,0,-72.7141,"7.30900 2.93800 0.90000, -5.05000 5.95000 0.10000"
2778,0.0000,Tx-Rx,0,-70.0989,"7.30900 2.93800 0.90000, -4.75000 5.95000 0.10000"
2779,0.0000,Tx-Rx,0,-64.9215,"7.30900 2.93800 0.90000, -4.45000 5.95000 0.10000"
2780,0.0000,Tx-Rx,0,-64.9350,"7.30900 2.93800 0.90000, -4.15000 5.95000 0.10000"
2781,0.0000,Tx-Rx,0,-64.6948,"7.30900 2.93800 0.90000, -3.85000 5.95000 0.10000"
2782,0.0000,Tx-Rx,0,-64.6241,"7.30900 2.93800 0.90000, -3.55000 5.95000 0.10000"
2783,0.0000,Tx-Rx,0,-65.5964,"7.30900 2.93800 0.90000, -3.25000 5.95000 0.10000"
2784,0.0000,Tx-Rx,0,-64.7763,"7.30900 2.93800 0.90000, -2.95000 5.95000 0.10000"
2785,0.0000,Tx-Rx,0,-65.2943,"7.30900 2.93800 0.90000, -2.65000 5.95000 0.10000"
2786,0.0000,Tx-Rx,0,-65.2902,"7.30900 2.93800 0.90000, -2.35000 5.95000 0.10000"
2787,0.0000,Tx-Rx,0,-65.0772,"7.30900 2.93800 0.90000, -2.05000 5.95000 0.10000"
2788,0.0000,Tx-Rx,0,-64.7482,"7.30900 2.93800 0.90000, -1.75000 5.95000 0.10000"
2789,0.0000,Tx-Rx,0,-67.9729,"7.30900 2.93800 0.90000, -1.45000 5.95000 0.10000"
2790,0.0000,Tx-Rx,0,-72.3289,"7.30900 2.93800 0.90000, -1.15000 5.95000 0.10000"
2791,0.0000,Tx-Rx,0,-73.8438,"7.30900 2.93800 0.90000, -0.85000 5.95000 0.10000"
2792,0.0000,Tx-Rx,0,-74.3794,"7.30900 2.93800 0.90000, -0.55000 5.95000 0.10000"
2793,0.0000,Tx-Rx,0,-80.3740,"7.30900 2.93800 0.90000, -0.25000 5.95000 0.10000"
2794,0.0000,Tx-Rx,0,-75.1362,"7.30900 2.93800 0.90000, 0.05000 5.95000 0.10000"
2795,0.0000,Tx-Rx,0,-71.9395,"7.30900 2.93800 0.90000, 0.35000 5.95000 0.10000"
2796,0.0000,Tx-Rx,0,-72.5698,"7.30900 2.93800 0.90000, 0.65000 5.95000 0.10000"
2797,0.0000,Tx-Rx,0,-70.2737,"7.30900 2.93800 0.90000, 0.95000 5.95000 0.10000"
2798,0.0000,Tx-Rx,0,-63.8080,"7.30900 2.93800 0.90000, 1.25000 5.95000 0.10000"
2799,0.0000,Tx-Rx,0,-63.5200,"7.30900 2.93800 0.90000, 1.55000 5.95000 0.10000"
2800,0.0000,Tx-Rx,0,-64.6897,"7.30900 2.93800 0.90000, 1.85000 5.95000 0.10000"
2801,0.0000,Tx-Rx,0,-65.3073,"7.30900 2.93800 0.90000, 2.15000 5.95000 0.10000"
2802,0.0000,Tx-Rx,0,-73.6347,"7.30900 2.93800 0.90000, 2.45000 5.95000 0.10000"
2803,0.0000,Tx-Rx,0,-75.5958,"7.30900 2.93800 0.90000, 2.75000 5.95000 0.10000"
2804,0.0000,Tx-Rx,0,-74.4453,"7.30900 2.93800 0.90000, 3.05000 5.95000 0.10000"
2805,0.0000,Tx-Rx,0,-75.6206,"7.30900 2.93800 0.90000, 3.35000 5.95000 0.10000"
2806,0.0000,Tx-Rx,0,-76.7882,"7.30900 2.93800 0.90000, 3.65000 5.95000 0.10000"
2807,0.0000,Tx-Rx,0,-78.0951,"7.30900 2.93800 0.90000, 3.95000 5.95000 0.10000"
2808,0.0000,Tx-Rx,0,-78.9570,"7.30900 2.93800 0.90000, 4.25000 5.95000 0.10000"
2809,0.0000,Tx-Rx,0,-80.0179,"7.30900 2.93800 0.90000, 4.55000 5.95000 0.10000"
2810,0.0000,Tx-Rx,0,-82.9278,"7.30900 2.93800 0.90000, 4.85000 5.95000 0.10000"
2811,0.0000,Tx-Rx,0,-77.8559,"7.30900 2.93800 0.90000, 5.15000 5.95000 0.10000"
2812,0.0000,Tx-Rx,0,-74.0590,"7.30900 2.93800 0.90000, 5.45000 5.95000 0.10000"
2813,0.0000,Tx-Rx,0,-73.1694,"7.30900 2.93800 0.90000, 5.75000 5.95000 0.10000"
2814,0.0000,Tx-Rx,0,-72.9700,"7.30900 2.93800 0.90000, 6.05000 5.95000 0.10000"
2815,0.0000,Tx-Rx,0,-72.4742,"7.30900 2.93800 0.90000, 6.35000 5.95000 0.10000"
2816,0.0000,Tx-Rx,0,-72.7768,"7.30900 2.93800 0.90000, 6.65000 5.95000 0.10000"
2817,0.0000,Tx-Rx,0,-73.0258,"7.30900 2.93800 0.90000, 6.95000 5.95000 0.10000"
2818,0.0000,Tx-Rx,0,-71.7534,"7.30900 2.93800 0.90000, 7.25000 5.95000 0.10000"
2819,0.0000,Tx-Rx,0,-73.1712,"7.30900 2.93800 0.90000, 7.55000 5.95000 0.10000"
2820,0.0000,Tx-Rx,0,-86.7479,"7.30900 2.93800 0.90000, 7.85000 5.95000 0.10000"
2821,0.0000,Tx-Rx,0,-112.7001,"7.30900 2.93800 0.90000, -9.85000 6.25000 0.10000"
2822,0.0000,Tx-Rx,0,-89.2328,"7.30900 2.93800 0.90000, -9.55000 6.25000 0.10000"
2823,0.0000,Tx-Rx,0,-86.0167,"7.30900 2.93800 0.90000, -9.25000 6.25000 0.10000"
2824,0.0000,Tx-Rx,0,-102.2481,"7.30900 2.93800 0.90000, -8.95000 6.25000 0.10000"
2825,0.0000,Tx-Rx,0,-88.8346,"7.30900 2.93800 0.90000, -8.65000 6.25000 0.10000"
2826,0.0000,Tx-Rx,0,-88.8516,"7.30900 2.93800 0.90000, -8.35000 6.25000 0.10000"
2827,0.0000,Tx-Rx,0,-72.2726,"7.30900 2.93800 0.90000, -8.05000 6.25000 0.10000"
2828,0.0000,Tx-Rx,0,-68.8315,"7.30900 2.93800 0.90000, -7.75000 6.25000 0.10000"
2829,0.0000,Tx-Rx,0,-68.4106,"7.30900 2.93800 0.90000, -7.45000 6.25000 0.10000"
2830,0.0000,Tx-Rx,0,-67.0544,"7.30900 2.93800 0.90000, -7.15000 6.25000 0.10000"
2831,0.0000,Tx-Rx,0,-67.7142,"7.30900 2.93800 0.90000, -6.85000 6.25000 0.10000"
2832,0.0000,Tx-Rx,0,-71.3090,"7.30900 2.93800 0.90000, -6.55000 6.25000 0.10000"
2833,0.0000,Tx-Rx,0,-73.2624,"7.30900 2.93800 0.90000, -6.25000 6.25000 0.10000"
2834,0.0000,Tx-Rx,0,-71.8315,"7.30900 2.93800 0.90000, -5.95000 6.25000 0.10000"
2835,0.0000,Tx-Rx,0,-73.1032,"7.30900 2.93800 0.90000, -5.65000 6.25000 0.10000"
2836,0.0000,Tx-Rx,0,-73.5298,"7.30900 2.93800 0.90000, -5.35000 6.25000 0.10000"
2837,0.0000,Tx-Rx,0,-70.4323,"7.30900 2.93800 0.90000, -5.05000 6.25000 0.10000"
2838,0.0000,Tx-Rx,0,-65.3705,"7.30900 2.93800 0.90000, -4.75000 6.25000 0.10000"
2839,0.0000,Tx-Rx,0,-65.0159,"7.30900 2.93800 0.90000, -4.45000 6.25000 0.10000"
2840,0.0000,Tx-Rx,0,-65.0969,"7.30900 2.93800 0.90000, -4.15000 6.25000 0.10000"
2841,0.0000,Tx-Rx,0,-64.9534,"7.30900 2.93800 0.90000, -3.85000 6.25000 0.10000"
2842,0.0000,Tx-Rx,0,-65.7279,"7.30900 2.93800 0.90000, -3.55000 6.25000 0.10000"
2843,0.0000,Tx-Rx,0,-65.0024,"7.30900 2.93800 0.90000, -3.25000 6.25000 0.10000"
2844,0.0000,Tx-Rx,0,-64.7972,"7.30900 2.93800 0.90000, -2.95000 6.25000 0.10000"
2845,0.0000,Tx-Rx,0,-65.0185,"7.30900 2.93800 0.90000, -2.65000 6.25000 0.10000"
2846,0.0000,Tx-Rx,0,-65.1105,"7.30900 2.93800 0.90000, -2.35000 6.25000 0.10000"
2847,0.0000,Tx-Rx,0,-64.8509,"7.30900 2.93800 0.90000, -2.05000 6.25000 0.10000"
2848,0.0000,Tx-Rx,0,-66.0264,"7.30900 2.93800 0.90000, -1.75000 6.25000 0.10000"
2849,0.0000,Tx-Rx,0,-74.6229,"7.30900 2.93800 0.90000, -1.45000 6.25000 0.10000"
2850,0.0000,Tx-Rx,0,-75.8029,"7.30900 2.93800 0.90000, -1.15000 6.25000 0.10000"
2851,0.0000,Tx-Rx,0,-77.5592,"7.30900 2.93800 0.90000, -0.85000 6.25000 0.10000"
2852,0.0000,Tx-Rx,0,-80.3061,"7.30900 2.93800 0.90000, -0.55000 6.25000 0.10000"
2853,0.0000,Tx-Rx,0,-78.2722,"7.30900 2.93800 0.90000, -0.25000 6.25000 0.10000"
2854,0.0000,Tx-Rx,0,-77.3796,"7.30900 2.93800 0.90000, 0.05000 6.25000 0.10000"
2855,0.0000,Tx-Rx,0,-73.3566,"7.30900 2.93800 0.90000, 0.35000 6.25000 0.10000"
2856,0.0000,Tx-Rx,0,-71.5252,"7.30900 2.93800 0.90000, 0.65000 6.25000 0.10000"
2857,0.0000,Tx-Rx,0,-66.6043,"7.30900 2.93800 0.90000, 0.95000 6.25000 0.10000"
2858,0.0000,Tx-Rx,0,-63.5909,"7.30900 2.93800 0.90000, 1.25000 6.25000 0.10000"
2859,0.0000,Tx-Rx,0,-63.9320,"7.30900 2.93800 0.90000, 1.55000 6.25000 0.10000"
2860,0.0000,Tx-Rx,0,-65.1984,"7.30900 2.93800 0.90000, 1.85000 6.25000 0.10000"
2861,0.0000,Tx-Rx,0,-67.3852,"7.30900 2.93800 0.90000, 2.15000 6.25000 0.10000"
2862,0.0000,Tx-Rx,0,-79.3133,"7.30900 2.93800 0.90000, 2.45000 6.25000 0.10000"
2863,0.0000,Tx-Rx,0,-85.2307,"7.30900 2.93800 0.90000, 2.75000 6.25000 0.10000"
2864,0.0000,Tx-Rx,0,-80.9634,"7.30900 2.93800 0.90000, 3.05000 6.25000 0.10000"
2865,0.0000,Tx-Rx,0,-77.3438,"7.30900 2.93800 0.90000, 3.35000 6.25000 0.10000"
2866,0.0000,Tx-Rx,0,-76.3074,"7.30900 2.93800 0.90000, 3.65000 6.25000 0.10000"
2867,0.0000,Tx-Rx,0,-75.9586,"7.30900 2.93800 0.90000, 3.95000 6.25000 0.10000"
2868,0.0000,Tx-Rx,0,-79.1128,"7.30900 2.93800 0.90000, 4.25000 6.25000 0.10000"
2869,0.0000,Tx-Rx,0,-77.7312,"7.30900 2.93800 0.90000, 4.55000 6.25000 0.10000"
2870,0.0000,Tx-Rx,0,-77.6860,"7.30900 2.93800 0.90000, 4.85000 6.25000 0.10000"
2871,0.0000,Tx-Rx,0,-74.9332,"7.30900 2.93800 0.90000, 5.15000 6.25000 0.10000"
2872,0.0000,Tx-Rx,0,-73.6385,"7.30900 2.93800 0.90000, 5.45000 6.25000 0.10000"
2873,0.0000,Tx-Rx,0,-76.3586,"7.30900 2.93800 0.90000, 5.75000 6.25000 0.10000"
2874,0.0000,Tx-Rx,0,-76.7241,"7.30900 2.93800 0.90000, 6.05000 6.25000 0.10000"
2875,0.0000,Tx-Rx,0,-73.9048,"7.30900 2.93800 0.90000, 6.35000 6.25000 0.10000"
2876,0.0000,Tx-Rx,0,-73.2794,"7.30900 2.93800 0.90000, 6.65000 6.25000 0.10000"
2877,0.0000,Tx-Rx,0,-73.5924,"7.30900 2.93800 0.90000, 6.95000 6.25000 0.10000"
2878,0.0000,Tx-Rx,0,-73.6785,"7.30900 2.93800 0.90000, 7.25000 6.25000 0.10000"
2879,0.0000,Tx-Rx,0,-83.9655,"7.30900 2.93800 0.90000, 7.55000 6.25000 0.10000"
2880,0.0000,Tx-Rx,0,-89.3393,"7.30900 2.93800 0.90000, 7.85000 6.25000 0.10000"
2881,0.0000,Tx-Rx,0,-83.9541,"7.30900 2.93800 0.90000, -9.85000 6.55000 0.10000"
2882,0.0000,Tx-Rx,0,-83.0660,"7.30900 2.93800 0.90000, -9.55000 6.55000 0.10000"
2883,0.0000,Tx-Rx,0,-89.0307,"7.30900 2.93800 0.90000, -9.25000 6.55000 0.10000"
2884,0.0000,Tx-Rx,0,-101.2211,"7.30900 2.93800 0.90000, -8.95000 6.55000 0.10000"
2885,0.0000,Tx-Rx,0,-96.4629,"7.30900 2.93800 0.90000, -8.65000 6.55000 0.10000"
2886,0.0000,Tx-Rx,0,-104.1809,"7.30900 2.93800 0.90000, -8.35000 6.55000 0.10000"
2887,0.0000,Tx-Rx,0,-81.9907,"7.30900 2.93800 0.90000, -8.05000 6.55000 0.10000"
2888,0.0000,Tx-Rx,0,-77.2776,"7.30900 2.93800 0.90000, -7.75000 6.55000 0.10000"
2889,0.0000,Tx-Rx,0,-77.0626,"7.30900 2.93800 0.90000, -7.45000 6.55000 0.10000"
2890,0.0000,Tx-Rx,0,-78.1108,"7.30900 2.93800 0.90000, -7.15000 6.55000 0.10000"
2891,0.0000,Tx-Rx,0,-72.3360,"7.30900 2.93800 0.90000, -6.85000 6.55000 0.10000"
2892,0.0000,Tx-Rx,0,-69.8349,"7.30900 2.93800 0.90000, -6.55000 6.55000 0.10000"
2893,0.0000,Tx-Rx,0,-67.4166,"7.30900 2.93800 0.90000, -6.25000 6.55000 0.10000"
2894,0.0000,Tx-Rx,0,-69.0916,"7.30900 2.93800 0.90000, -5.95000 6.55000 0.10000"
2895,0.0000,Tx-Rx,0,-69.6849,"7.30900 2.93800 0.90000, -5.65000 6.55000 0.10000"
2896,0.0000,Tx-Rx,0,-70.7900,"7.30900 2.93800 0.90000, -5.35000 6.55000 0.10000"
2897,0.0000,Tx-Rx,0,-65.8293,"7.30900 2.93800 0.90000, -5.05000 6.55000 0.10000"
2898,0.0000,Tx-Rx,0,-64.8827,"7.30900 2.93800 0.90000, -4.75000 6.55000 0.10000"
2899,0.0000,Tx-Rx,0,-65.6427,"7.30900 2.93800 0.90000, -4.45000 6.55000 0.10000"
2900,0.0000,Tx-Rx,0,-64.9764,"7.30900 2.93800 0.90000, -4.15000 6.55000 0.10000"
2901,0.0000,Tx-Rx,0,-65.4134,"7.30900 2.93800 0.90000, -3.85000 6.55000 0.10000"
2902,0.0000,Tx-Rx,0,-65.1757,"7.30900 2.93800 0.90000, -3.55000 6.55000 0.10000"
2903,0.0000,Tx-Rx,0,-64.6622,"7.30900 2.93800 0.90000, -3.25000 6.55000 0.10000"
2904,0.0000,Tx-Rx,0,-64.7036,"7.30900 2.93800 0.90000, -2.95000 6.55000 0.10000"
2905,0.0000,Tx-Rx,0,-64.7265,"7.30900 2.93800 0.90000, -2.65000 6.55000 0.10000"
2906,0.0000,Tx-Rx,0,-65.2305,"7.30900 2.93800 0.90000, -2.35000 6.55000 0.10000"
2907,0.0000,Tx-Rx,0,-65.7325,"7.30900 2.93800 0.90000, -2.05000 6.55000 0.10000"
2908,0.0000,Tx-Rx,0,-72.2094,"7.30900 2.93800 0.90000, -1.75000 6.55000 0.10000"
2909,0.0000,Tx-Rx,0,-77.2087,"7.30900 2.93800 0.90000, -1.45000 6.55000 0.10000"
2910,0.0000,Tx-Rx,0,-76.7487,"7.30900 2.93800 0.90000, -1.15000 6.55000 0.10000"
2911,0.0000,Tx-Rx,0,-78.8844,"7.30900 2.93800 0.90000, -0.85000 6.55000 0.10000"
2912,0.0000,Tx-Rx,0,-78.7057,"7.30900 2.93800 0.90000, -0.55000 6.55000 0.10000"
2913,0.0000,Tx-Rx,0,-85.3148,"7.30900 2.93800 0.90000, -0.25000 6.55000 0.10000"
2914,0.0000,Tx-Rx,0,-80.6751,"7.30900 2.93800 0.90000, 0.05000 6.55000 0.10000"
2915,0.0000,Tx-Rx,0,-75.5429,"7.30900 2.93800 0.90000, 0.35000 6.55000 0.10000"
2916,0.0000,Tx-Rx,0,-70.2462,"7.30900 2.93800 0.90000, 0.65000 6.55000 0.10000"
2917,0.0000,Tx-Rx,0,-64.4875,"7.30900 2.93800 0.90000, 0.95000 6.55000 0.10000"
2918,0.0000,Tx-Rx,0,-63.6536,"7.30900 2.93800 0.90000, 1.25000 6.55000 0.10000"
2919,0.0000,Tx-Rx,0,-64.5400,"7.30900 2.93800 0.90000, 1.55000 6.55000 0.10000"
2920,0.0000,Tx-Rx,0,-65.2050,"7.30900 2.93800 0.90000, 1.85000 6.55000 0.10000"
2921,0.0000,Tx-Rx,0,-71.5175,"7.30900 2.93800 0.90000, 2.15000 6.55000 0.10000"
2922,0.0000,Tx-Rx,0,-85.1642,"7.30900 2.93800 0.90000, 2.45000 6.55000 0.10000"
2923,0.0000,Tx-Rx,0,-120.0000,"7.30900 2.93800 0.90000, 2.75000 6.55000 0.10000"
2924,0.0000,Tx-Rx,0,-120.0000,"7.30900 2.93800 0.90000, 3.05000 6.55000 0.10000"
2925,0.0000,Tx-Rx,0,-84.2586,"7.30900 2.93800 0.90000, 3.35000 6.55000 0.10000"
2926,0.0000,Tx-Rx,0,-88.3510,"7.30900 2.93800 0.90000, 3.65000 6.55000 0.10000"
2927,0.0000,Tx-Rx,0,-87.6680,"7.30900 2.93800 0.90000, 3.95000 6.55000 0.10000"
2928,0.0000,Tx-Rx,0,-84.5174,"7.30900 2.93800 0.90000, 4.25000 6.55000 0.10000"
2929,0.0000,Tx-Rx,0,-83.4039,"7.30900 2.93800 0.90000, 4.55000 6.55000 0.10000"
2930,0.0000,Tx-Rx,0,-82.5517,"7.30900 2.93800 0.90000, 4.85000 6.55000 0.10000"
2931,0.0000,Tx-Rx,0,-84.3624,"7.30900 2.93800 0.90000, 5.15000 6.55000 0.10000"
2932,0.0000,Tx-Rx,0,-85.4466,"7.30900 2.93800 0.90000, 5.45000 6.55000 0.10000"
2933,0.0000,Tx-Rx,0,-89.9545,"7.30900 2.93800 0.90000, 5.75000 6.55000 0.10000"
2934,0.0000,Tx-Rx,0,-89.7546,"7.30900 2.93800 0.90000, 6.05000 6.55000 0.10000"
2935,0.0000,Tx-Rx,0,-86.5564,"7.30900 2.93800 0.90000, 6.35000 6.55000 0.10000"
2936,0.0000,Tx-Rx,0,-86.6210,"7.30900 2.93800 0.90000, 6.65000 6.55000 0.10000"
2937,0.0000,Tx-Rx,0,-86.2575,"7.30900 2.93800 0.90000, 6.95000 6.55000 0.10000"
2938,0.0000,Tx-Rx,0,-85.0926,"7.30900 2.93800 0.90000, 7.25000 6.55000 0.10000"
2939,0.0000,Tx-Rx,0,-85.9415,"7.30900 2.93800 0.90000, 7.55000 6.55000 0.10000"
2940,0.0000,Tx-Rx,0,-94.8314,"7.30900 2.93800 0.90000, 7.85000 6.55000 0.10000"
2941,0.0000,Tx-Rx,0,-102.2333,"7.30900 2.93800 0.90000, -9.85000 6.85000 0.10000"
2942,0.0000,Tx-Rx,0,-107.7287,"7.30900 2.93800 0.90000, -9.55000 6.85000 0.10000"
2943,0.0000,Tx-Rx,0,-117.6376,"7.30900 2.93800 0.90000, -9.25000 6.85000 0.10000"
2944,0.0000,Tx-Rx,0,-99.7854,"7.30900 2.93800 0.90000, -8.95000 6.85000 0.10000"
2945,0.0000,Tx-Rx,0,-119.0235,"7.30900 2.93800 0.90000, -8.65000 6.85000 0.10000"
2946,0.0000,Tx-Rx,0,-120.0000,"7.30900 2.93800 0.90000, -8.35000 6.85000 0.10000"
2947,0.0000,Tx-Rx,0,-82.4488,"7.30900 2.93800 0.90000, -8.05000 6.85000 0.10000"
2948,0.0000,Tx-Rx,0,-78.2344,"7.30900 2.93800 0.90000, -7.75000 6.85000 0.10000"
2949,0.0000,Tx-Rx,0,-77.7046,"7.30900 2.93800 0.90000, -7.45000 6.85000 0.10000"
2950,0.0000,Tx-Rx,0,-78.3332,"7.30900 2.93800 0.90000, -7.15000 6.85000 0.10000"
2951,0.0000,Tx-Rx,0,-78.7961,"7.30900 2.93800 0.90000, -6.85000 6.85000 0.10000"
2952,0.0000,Tx-Rx,0,-77.8426,"7.30900 2.93800 0.90000, -6.55000 6.85000 0.10000"
2953,0.0000,Tx-Rx,0,-77.2305,"7.30900 2.93800 0.90000, -6.25000 6.85000 0.10000"
2954,0.0000,Tx-Rx,0,-74.1625,"7.30900 2.93800 0.90000, -5.95000 6.85000 0.10000"
2955,0.0000,Tx-Rx,0,-69.0987,"7.30900 2.93800 0.90000, -5.65000 6.85000 0.10000"
2956,0.0000,Tx-Rx,0,-64.6403,"7.30900 2.93800 0.90000, -5.35000 6.85000 0.10000"
2957,0.0000,Tx-Rx,0,-64.1810,"7.30900 2.93800 0.90000, -5.05000 6.85000 0.10000"
2958,0.0000,Tx-Rx,0,-64.5923,"7.30900 2.93800 0.90000, -4.75000 6.85000 0.10000"
2959,0.0000,Tx-Rx,0,-65.2756,"7.30900 2.93800 0.90000, -4.45000 6.85000 0.10000"
2960,0.0000,Tx-Rx,0,-64.9896,"7.30900 2.93800 0.90000, -4.15000 6.85000 0.10000"
2961,0.0000,Tx-Rx,0,-65.0678,"7.30900 2.93800 0.90000, -3.85000 6.85000 0.10000"
2962,0.0000,Tx-Rx,0,-65.0636,"7.30900 2.93800 0.90000, -3.55000 6.85000 0.10000"
2963,0.0000,Tx-Rx,0,-65.0490,"7.30900 2.93800 0.90000, -3.25000 6.85000 0.10000"
2964,0.0000,Tx-Rx,0,-64.9409,"7.30900 2.93800 0.90000, -2.95000 6.85000 0.10000"
2965,0.0000,Tx-Rx,0,-65.0134,"7.30900 2.93800 0.90000, -2.65000 6.85000 0.10000"
2966,0.0000,Tx-Rx,0,-65.0463,"7.30900 2.93800 0.90000, -2.35000 6.85000 0.10000"
2967,0.0000,Tx-Rx,0,-68.6767,"7.30900 2.93800 0.90000, -2.05000 6.85000 0.10000"
2968,0.0000,Tx-Rx,0,-76.0784,"7.30900 2.93800 0.90000, -1.75000 6.85000 0.10000"
2969,0.0000,Tx-Rx,0,-76.9726,"7.30900 2.93800 0.90000, -1.45000 6.85000 0.10000"
2970,0.0000,Tx-Rx,0,-78.0660,"7.30900 2.93800 0.90000, -1.15000 6.85000 0.10000"
2971,0.0000,Tx-Rx,0,-80.6946,"7.30900 2.93800 0.90000, -0.85000 6.85000 0.10000"
2972,0.0000,Tx-Rx,0,-83.9629,"7.30900 2.93800 0.90000, -0.55000 6.85000 0.10000"
2973,0.0000,Tx-Rx,0,-82.3069,"7.30900 2.93800 0.90000, -0.25000 6.85000 0.10000"
2974,0.0000,Tx-Rx,0,-83.2132,"7.30900 2.93800 0.90000, 0.05000 6.85000 0.10000"
2975,0.0000,Tx-Rx,0,-75.5789,"7.30900 2.93800 0.90000, 0.35000 6.85000 0.10000"
2976,0.0000,Tx-Rx,0,-67.4210,"7.30900 2.93800 0.90000, 0.65000 6.85000 0.10000"
2977,0.0000,Tx-Rx,0,-63.9387,"7.30900 2.93800 0.90000, 0.95000 6.85000 0.10000"
2978,0.0000,Tx-Rx,0,-64.1602,"7.30900 2.93800 0.90000, 1.25000 6.85000 0.10000"
2979,0.0000,Tx-Rx,0,-64.8890,"7.30900 2.93800 0.90000, 1.55000 6.85000 0.10000"
2980,0.0000,Tx-Rx,0,-65.9789,"7.30900 2.93800 0.90000, 1.85000 6.85000 0.10000"
2981,0.0000,Tx-Rx,0,-75.7075,"7.30900 2.93800 0.90000, 2.15000 6.85000 0.10000"
2982,0.0000,Tx-Rx,0,-91.9091,"7.30900 2.93800 0.90000, 2.45000 6.85000 0.10000"
2983,0.0000,Tx-Rx,0,-120.0000,"7.30900 2.93800 0.90000, 2.75000 6.85000 0.10000"
2984,0.0000,Tx-Rx,0,-120.0000,"7.30900 2.93800 0.90000, 3.05000 6.85000 0.10000"
2985,0.0000,Tx-Rx,0,-88.3292,"7.30900 2.93800 0.90000, 3.35000 6.85000 0.10000"
2986,0.0000,Tx-Rx,0,-88.8403,"7.30900 2.93800 0.90000, 3.65000 6.85000 0.10000"
2987,0.0000,Tx-Rx,0,-88.4272,"7.30900 2.93800 0.90000, 3.95000 6.85000 0.10000"
2988,0.0000,Tx-Rx,0,-89.6617,"7.30900 2.93800 0.90000, 4.25000 6.85000 0.10000"
2989,0.0000,Tx-Rx,0,-95.1599,"7.30900 2.93800 0.90000, 4.55000 6.85000 0.10000"
2990,0.0000,Tx-Rx,0,-94.1398,"7.30900 2.93800 0.90000, 4.85000 6.85000 0.10000"
2991,0.0000,Tx-Rx,0,-91.3032,"7.30900 2.93800 0.90000, 5.15000 6.85000 0.10000"
2992,0.0000,Tx-Rx,0,-90.5816,"7.30900 2.93800 0.90000, 5.45000 6.85000 0.10000"
2993,0.0000,Tx-Rx,0,-90.0231,"7.30900 2.93800 0.90000, 5.75000 6.85000 0.10000"
2994,0.0000,Tx-Rx,0,-88.8587,"7.30900 2.93800 0.90000, 6.05000 6.85000 0.10000"
2995,0.0000,Tx-Rx,0,-86.2793,"7.30900 2.93800 0.90000, 6.35000 6.85000 0.10000"
2996,0.0000,Tx-Rx,0,-86.8064,"7.30900 2.93800 0.90000, 6.65000 6.85000 0.10000"
2997,0.0000,Tx-Rx,0,-88.0729,"7.30900 2.93800 0.90000, 6.95000 6.85000 0.10000"
2998,0.0000,Tx-Rx,0,-87.4597,"7.30900 2.93800 0.90000, 7.25000 6.85000 0.10000"
2999,0.0000,Tx-Rx,0,-87.7095,"7.30900 2.93800 0.90000, 7.55000 6.85000 0.10000"
3000,0.0000,Tx-Rx,0,-102.4957,"7.30900 2.93800 0.90000, 7.85000 6.85000 0.10000"
