Rx_Number,Path_Power_dBm,Interaction_Description,Total_Interactions_for_Path,RSS_dBm,Interaction_Coordinates
1,0.0000,Tx-Rx,0,-89.2232,"-3.90000 0.80000 1.00000, -9.85000 -7.85000 0.10000"
2,0.0000,Tx-Rx,0,-92.1703,"-3.90000 0.80000 1.00000, -9.55000 -7.85000 0.10000"
3,0.0000,Tx-Rx,0,-87.5004,"-3.90000 0.80000 1.00000, -9.25000 -7.85000 0.10000"
4,0.0000,Tx-Rx,0,-87.0015,"-3.90000 0.80000 1.00000, -8.95000 -7.85000 0.10000"
5,0.0000,Tx-Rx,0,-82.6035,"-3.90000 0.80000 1.00000, -8.65000 -7.85000 0.10000"
6,0.0000,Tx-Rx,0,-88.3339,"-3.90000 0.80000 1.00000, -8.35000 -7.85000 0.10000"
7,0.0000,Tx-Rx,0,-70.9140,"-3.90000 0.80000 1.00000, -8.05000 -7.85000 0.10000"
8,0.0000,Tx-Rx,0,-63.7692,"-3.90000 0.80000 1.00000, -7.75000 -7.85000 0.10000"
9,0.0000,Tx-Rx,0,-65.8728,"-3.90000 0.80000 1.00000, -7.45000 -7.85000 0.10000"
10,0.0000,Tx-Rx,0,-63.2850,"-3.90000 0.80000 1.00000, -7.15000 -7.85000 0.10000"
11,0.0000,Tx-Rx,0,-65.1573,"-3.90000 0.80000 1.00000, -6.85000 -7.85000 0.10000"
12,0.0000,Tx-Rx,0,-61.4203,"-3.90000 0.80000 1.00000, -6.55000 -7.85000 0.10000"
13,0.0000,Tx-Rx,0,-58.4660,"-3.90000 0.80000 1.00000, -6.25000 -7.85000 0.10000"
14,0.0000,Tx-Rx,0,-55.2710,"-3.90000 0.80000 1.00000, -5.95000 -7.85000 0.10000"
15,0.0000,Tx-Rx,0,-55.0928,"-3.90000 0.80000 1.00000, -5.65000 -7.85000 0.10000"
16,0.0000,Tx-Rx,0,-53.7454,"-3.90000 0.80000 1.00000, -5.35000 -7.85000 0.10000"
17,0.0000,Tx-Rx,0,-54.4745,"-3.90000 0.80000 1.00000, -5.05000 -7.85000 0.10000"
18,0.0000,Tx-Rx,0,-53.4457,"-3.90000 0.80000 1.00000, -4.75000 -7.85000 0.10000"
19,0.0000,Tx-Rx,0,-53.1351,"-3.90000 0.80000 1.00000, -4.45000 -7.85000 0.10000"
20,0.0000,Tx-Rx,0,-52.9546,"-3.90000 0.80000 1.00000, -4.15000 -7.85000 0.10000"
21,0.0000,Tx-Rx,0,-52.3871,"-3.90000 0.80000 1.00000, -3.85000 -7.85000 0.10000"
22,0.0000,Tx-Rx,0,-52.5235,"-3.90000 0.80000 1.00000, -3.55000 -7.85000 0.10000"
23,0.0000,Tx-Rx,0,-53.4188,"-3.90000 0.80000 1.00000, -3.25000 -7.85000 0.10000"
24,0.0000,Tx-Rx,0,-53.5099,"-3.90000 0.80000 1.00000, -2.95000 -7.85000 0.10000"
25,0.0000,Tx-Rx,0,-53.7795,"-3.90000 0.80000 1.00000, -2.65000 -7.85000 0.10000"
26,0.0000,Tx-Rx,0,-53.9531,"-3.90000 0.80000 1.00000, -2.35000 -7.85000 0.10000"
27,0.0000,Tx-Rx,0,-53.9603,"-3.90000 0.80000 1.00000, -2.05000 -7.85000 0.10000"
28,0.0000,Tx-Rx,0,-54.0993,"-3.90000 0.80000 1.00000, -1.75000 -7.85000 0.10000"
29,0.0000,Tx-Rx,0,-54.1314,"-3.90000 0.80000 1.00000, -1.45000 -7.85000 0.10000"
30,0.0000,Tx-Rx,0,-53.2577,"-3.90000 0.80000 1.00000, -1.15000 -7.85000 0.10000"
31,0.0000,Tx-Rx,0,-52.5964,"-3.90000 0.80000 1.00000, -0.85000 -7.85000 0.10000"
32,0.0000,Tx-Rx,0,-51.8340,"-3.90000 0.80000 1.00000, -0.55000 -7.85000 0.10000"
33,0.0000,Tx-Rx,0,-51.7091,"-3.90000 0.80000 1.00000, -0.25000 -7.85000 0.10000"
34,0.0000,Tx-Rx,0,-56.5830,"-3.90000 0.80000 1.00000, 0.05000 -7.85000 0.10000"
35,0.0000,Tx-Rx,0,-71.2534,"-3.90000 0.80000 1.00000, 0.35000 -7.85000 0.10000"
36,0.0000,Tx-Rx,0,-73.1358,"-3.90000 0.80000 1.00000, 0.65000 -7.85000 0.10000"
37,0.0000,Tx-Rx,0,-76.8797,"-3.90000 0.80000 1.00000, 0.95000 -7.85000 0.10000"
38,0.0000,Tx-Rx,0,-72.2170,"-3.90000 0.80000 1.00000, 1.25000 -7.85000 0.10000"
39,0.0000,Tx-Rx,0,-77.6238,"-3.90000 0.80000 1.00000, 1.55000 -7.85000 0.10000"
40,0.0000,Tx-Rx,0,-82.6052,"-3.90000 0.80000 1.00000, 1.85000 -7.85000 0.10000"
41,0.0000,Tx-Rx,0,-78.6439,"-3.90000 0.80000 1.00000, 2.15000 -7.85000 0.10000"
42,0.0000,Tx-Rx,0,-71.5968,"-3.90000 0.80000 1.00000, 2.45000 -7.85000 0.10000"
43,0.0000,Tx-Rx,0,-88.9005,"-3.90000 0.80000 1.00000, 2.75000 -7.85000 0.10000"
44,0.0000,Tx-Rx,0,-270.0000,"-3.90000 0.80000 1.00000, 3.05000 -7.85000 0.10000"
45,0.0000,Tx-Rx,0,-270.0000,"-3.90000 0.80000 1.00000, 3.35000 -7.85000 0.10000"
46,0.0000,Tx-Rx,0,-101.0244,"-3.90000 0.80000 1.00000, 3.65000 -7.85000 0.10000"
47,0.0000,Tx-Rx,0,-73.3186,"-3.90000 0.80000 1.00000, 3.95000 -7.85000 0.10000"
48,0.0000,Tx-Rx,0,-71.5742,"-3.90000 0.80000 1.00000, 4.25000 -7.85000 0.10000"
49,0.0000,Tx-Rx,0,-82.5410,"-3.90000 0.80000 1.00000, 4.55000 -7.85000 0.10000"
50,0.0000,Tx-Rx,0,-94.3232,"-3.90000 0.80000 1.00000, 4.85000 -7.85000 0.10000"
51,0.0000,Tx-Rx,0,-100.0286,"-3.90000 0.80000 1.00000, 5.15000 -7.85000 0.10000"
52,0.0000,Tx-Rx,0,-97.6838,"-3.90000 0.80000 1.00000, 5.45000 -7.85000 0.10000"
53,0.0000,Tx-Rx,0,-82.6431,"-3.90000 0.80000 1.00000, 5.75000 -7.85000 0.10000"
54,0.0000,Tx-Rx,0,-88.7383,"-3.90000 0.80000 1.00000, 6.05000 -7.85000 0.10000"
55,0.0000,Tx-Rx,0,-91.5121,"-3.90000 0.80000 1.00000, 6.35000 -7.85000 0.10000"
56,0.0000,Tx-Rx,0,-91.8884,"-3.90000 0.80000 1.00000, 6.65000 -7.85000 0.10000"
57,0.0000,Tx-Rx,0,-92.6851,"-3.90000 0.80000 1.00000, 6.95000 -7.85000 0.10000"
58,0.0000,Tx-Rx,0,-89.1964,"-3.90000 0.80000 1.00000, 7.25000 -7.85000 0.10000"
59,0.0000,Tx-Rx,0,-88.2794,"-3.90000 0.80000 1.00000, 7.55000 -7.85000 0.10000"
60,0.0000,Tx-Rx,0,-83.9837,"-3.90000 0.80000 1.00000, 7.85000 -7.85000 0.10000"
61,0.0000,Tx-Rx,0,-90.9499,"-3.90000 0.80000 1.00000, -9.85000 -7.55000 0.10000"
62,0.0000,Tx-Rx,0,-92.2170,"-3.90000 0.80000 1.00000, -9.55000 -7.55000 0.10000"
63,0.0000,Tx-Rx,0,-90.2021,"-3.90000 0.80000 1.00000, -9.25000 -7.55000 0.10000"
64,0.0000,Tx-Rx,0,-87.8754,"-3.90000 0.80000 1.00000, -8.95000 -7.55000 0.10000"
65,0.0000,Tx-Rx,0,-86.3258,"-3.90000 0.80000 1.00000, -8.65000 -7.55000 0.10000"
66,0.0000,Tx-Rx,0,-83.6929,"-3.90000 0.80000 1.00000, -8.35000 -7.55000 0.10000"
67,0.0000,Tx-Rx,0,-65.4894,"-3.90000 0.80000 1.00000, -8.05000 -7.55000 0.10000"
68,0.0000,Tx-Rx,0,-60.5035,"-3.90000 0.80000 1.00000, -7.75000 -7.55000 0.10000"
69,0.0000,Tx-Rx,0,-63.3977,"-3.90000 0.80000 1.00000, -7.45000 -7.55000 0.10000"
70,0.0000,Tx-Rx,0,-60.5378,"-3.90000 0.80000 1.00000, -7.15000 -7.55000 0.10000"
71,0.0000,Tx-Rx,0,-63.1937,"-3.90000 0.80000 1.00000, -6.85000 -7.55000 0.10000"
72,0.0000,Tx-Rx,0,-58.4502,"-3.90000 0.80000 1.00000, -6.55000 -7.55000 0.10000"
73,0.0000,Tx-Rx,0,-56.1844,"-3.90000 0.80000 1.00000, -6.25000 -7.55000 0.10000"
74,0.0000,Tx-Rx,0,-54.6682,"-3.90000 0.80000 1.00000, -5.95000 -7.55000 0.10000"
75,0.0000,Tx-Rx,0,-54.1509,"-3.90000 0.80000 1.00000, -5.65000 -7.55000 0.10000"
76,0.0000,Tx-Rx,0,-53.6651,"-3.90000 0.80000 1.00000, -5.35000 -7.55000 0.10000"
77,0.0000,Tx-Rx,0,-53.6989,"-3.90000 0.80000 1.00000, -5.05000 -7.55000 0.10000"
78,0.0000,Tx-Rx,0,-53.0525,"-3.90000 0.80000 1.00000, -4.75000 -7.55000 0.10000"
79,0.0000,Tx-Rx,0,-52.9321,"-3.90000 0.80000 1.00000, -4.45000 -7.55000 0.10000"
80,0.0000,Tx-Rx,0,-52.4871,"-3.90000 0.80000 1.00000, -4.15000 -7.55000 0.10000"
81,0.0000,Tx-Rx,0,-52.1255,"-3.90000 0.80000 1.00000, -3.85000 -7.55000 0.10000"
82,0.0000,Tx-Rx,0,-52.6160,"-3.90000 0.80000 1.00000, -3.55000 -7.55000 0.10000"
83,0.0000,Tx-Rx,0,-52.8569,"-3.90000 0.80000 1.00000, -3.25000 -7.55000 0.10000"
84,0.0000,Tx-Rx,0,-53.5709,"-3.90000 0.80000 1.00000, -2.95000 -7.55000 0.10000"
85,0.0000,Tx-Rx,0,-53.6556,"-3.90000 0.80000 1.00000, -2.65000 -7.55000 0.10000"
86,0.0000,Tx-Rx,0,-53.6746,"-3.90000 0.80000 1.00000, -2.35000 -7.55000 0.10000"
87,0.0000,Tx-Rx,0,-53.7485,"-3.90000 0.80000 1.00000, -2.05000 -7.55000 0.10000"
88,0.0000,Tx-Rx,0,-53.7797,"-3.90000 0.80000 1.00000, -1.75000 -7.55000 0.10000"
89,0.0000,Tx-Rx,0,-53.6912,"-3.90000 0.80000 1.00000, -1.45000 -7.55000 0.10000"
90,0.0000,Tx-Rx,0,-53.2369,"-3.90000 0.80000 1.00000, -1.15000 -7.55000 0.10000"
91,0.0000,Tx-Rx,0,-52.2311,"-3.90000 0.80000 1.00000, -0.85000 -7.55000 0.10000"
92,0.0000,Tx-Rx,0,-51.6899,"-3.90000 0.80000 1.00000, -0.55000 -7.55000 0.10000"
93,0.0000,Tx-Rx,0,-51.7255,"-3.90000 0.80000 1.00000, -0.25000 -7.55000 0.10000"
94,0.0000,Tx-Rx,0,-56.4907,"-3.90000 0.80000 1.00000, 0.05000 -7.55000 0.10000"
95,0.0000,Tx-Rx,0,-73.1733,"-3.90000 0.80000 1.00000, 0.35000 -7.55000 0.10000"
96,0.0000,Tx-Rx,0,-72.5447,"-3.90000 0.80000 1.00000, 0.65000 -7.55000 0.10000"
97,0.0000,Tx-Rx,0,-74.9961,"-3.90000 0.80000 1.00000, 0.95000 -7.55000 0.10000"
98,0.0000,Tx-Rx,0,-72.6645,"-3.90000 0.80000 1.00000, 1.25000 -7.55000 0.10000"
99,0.0000,Tx-Rx,0,-76.2665,"-3.90000 0.80000 1.00000, 1.55000 -7.55000 0.10000"
100,0.0000,Tx-Rx,0,-80.9064,"-3.90000 0.80000 1.00000, 1.85000 -7.55000 0.10000"
101,0.0000,Tx-Rx,0,-78.6915,"-3.90000 0.80000 1.00000, 2.15000 -7.55000 0.10000"
102,0.0000,Tx-Rx,0,-70.8769,"-3.90000 0.80000 1.00000, 2.45000 -7.55000 0.10000"
103,0.0000,Tx-Rx,0,-83.3566,"-3.90000 0.80000 1.00000, 2.75000 -7.55000 0.10000"
104,0.0000,Tx-Rx,0,-85.8698,"-3.90000 0.80000 1.00000, 3.05000 -7.55000 0.10000"
105,0.0000,Tx-Rx,0,-85.9140,"-3.90000 0.80000 1.00000, 3.35000 -7.55000 0.10000"
106,0.0000,Tx-Rx,0,-87.1353,"-3.90000 0.80000 1.00000, 3.65000 -7.55000 0.10000"
107,0.0000,Tx-Rx,0,-70.4566,"-3.90000 0.80000 1.00000, 3.95000 -7.55000 0.10000"
108,0.0000,Tx-Rx,0,-72.2672,"-3.90000 0.80000 1.00000, 4.25000 -7.55000 0.10000"
109,0.0000,Tx-Rx,0,-84.3457,"-3.90000 0.80000 1.00000, 4.55000 -7.55000 0.10000"
110,0.0000,Tx-Rx,0,-94.7936,"-3.90000 0.80000 1.00000, 4.85000 -7.55000 0.10000"
111,0.0000,Tx-Rx,0,-100.2372,"-3.90000 0.80000 1.00000, 5.15000 -7.55000 0.10000"
112,0.0000,Tx-Rx,0,-95.1710,"-3.90000 0.80000 1.00000, 5.45000 -7.55000 0.10000"
113,0.0000,Tx-Rx,0,-81.2177,"-3.90000 0.80000 1.00000, 5.75000 -7.55000 0.10000"
114,0.0000,Tx-Rx,0,-89.5604,"-3.90000 0.80000 1.00000, 6.05000 -7.55000 0.10000"
115,0.0000,Tx-Rx,0,-91.3037,"-3.90000 0.80000 1.00000, 6.35000 -7.55000 0.10000"
116,0.0000,Tx-Rx,0,-87.0594,"-3.90000 0.80000 1.00000, 6.65000 -7.55000 0.10000"
117,0.0000,Tx-Rx,0,-88.6364,"-3.90000 0.80000 1.00000, 6.95000 -7.55000 0.10000"
118,0.0000,Tx-Rx,0,-87.6620,"-3.90000 0.80000 1.00000, 7.25000 -7.55000 0.10000"
119,0.0000,Tx-Rx,0,-87.0357,"-3.90000 0.80000 1.00000, 7.55000 -7.55000 0.10000"
120,0.0000,Tx-Rx,0,-84.6122,"-3.90000 0.80000 1.00000, 7.85000 -7.55000 0.10000"
121,0.0000,Tx-Rx,0,-90.8853,"-3.90000 0.80000 1.00000, -9.85000 -7.25000 0.10000"
122,0.0000,Tx-Rx,0,-90.6008,"-3.90000 0.80000 1.00000, -9.55000 -7.25000 0.10000"
123,0.0000,Tx-Rx,0,-91.0591,"-3.90000 0.80000 1.00000, -9.25000 -7.25000 0.10000"
124,0.0000,Tx-Rx,0,-89.1620,"-3.90000 0.80000 1.00000, -8.95000 -7.25000 0.10000"
125,0.0000,Tx-Rx,0,-84.3662,"-3.90000 0.80000 1.00000, -8.65000 -7.25000 0.10000"
126,0.0000,Tx-Rx,0,-82.5116,"-3.90000 0.80000 1.00000, -8.35000 -7.25000 0.10000"
127,0.0000,Tx-Rx,0,-58.6858,"-3.90000 0.80000 1.00000, -8.05000 -7.25000 0.10000"
128,0.0000,Tx-Rx,0,-54.8426,"-3.90000 0.80000 1.00000, -7.75000 -7.25000 0.10000"
129,0.0000,Tx-Rx,0,-55.0228,"-3.90000 0.80000 1.00000, -7.45000 -7.25000 0.10000"
130,0.0000,Tx-Rx,0,-56.6525,"-3.90000 0.80000 1.00000, -7.15000 -7.25000 0.10000"
131,0.0000,Tx-Rx,0,-57.0110,"-3.90000 0.80000 1.00000, -6.85000 -7.25000 0.10000"
132,0.0000,Tx-Rx,0,-56.4548,"-3.90000 0.80000 1.00000, -6.55000 -7.25000 0.10000"
133,0.0000,Tx-Rx,0,-55.1832,"-3.90000 0.80000 1.00000, -6.25000 -7.25000 0.10000"
134,0.0000,Tx-Rx,0,-55.3085,"-3.90000 0.80000 1.00000, -5.95000 -7.25000 0.10000"
135,0.0000,Tx-Rx,0,-53.7757,"-3.90000 0.80000 1.00000, -5.65000 -7.25000 0.10000"
136,0.0000,Tx-Rx,0,-53.6180,"-3.90000 0.80000 1.00000, -5.35000 -7.25000 0.10000"
137,0.0000,Tx-Rx,0,-53.1836,"-3.90000 0.80000 1.00000, -5.05000 -7.25000 0.10000"
138,0.0000,Tx-Rx,0,-52.9242,"-3.90000 0.80000 1.00000, -4.75000 -7.25000 0.10000"
139,0.0000,Tx-Rx,0,-52.7204,"-3.90000 0.80000 1.00000, -4.45000 -7.25000 0.10000"
140,0.0000,Tx-Rx,0,-52.0172,"-3.90000 0.80000 1.00000, -4.15000 -7.25000 0.10000"
141,0.0000,Tx-Rx,0,-52.3858,"-3.90000 0.80000 1.00000, -3.85000 -7.25000 0.10000"
142,0.0000,Tx-Rx,0,-52.5747,"-3.90000 0.80000 1.00000, -3.55000 -7.25000 0.10000"
143,0.0000,Tx-Rx,0,-52.7116,"-3.90000 0.80000 1.00000, -3.25000 -7.25000 0.10000"
144,0.0000,Tx-Rx,0,-53.0639,"-3.90000 0.80000 1.00000, -2.95000 -7.25000 0.10000"
145,0.0000,Tx-Rx,0,-53.3776,"-3.90000 0.80000 1.00000, -2.65000 -7.25000 0.10000"
146,0.0000,Tx-Rx,0,-53.4953,"-3.90000 0.80000 1.00000, -2.35000 -7.25000 0.10000"
147,0.0000,Tx-Rx,0,-53.5376,"-3.90000 0.80000 1.00000, -2.05000 -7.25000 0.10000"
148,0.0000,Tx-Rx,0,-53.4780,"-3.90000 0.80000 1.00000, -1.75000 -7.25000 0.10000"
149,0.0000,Tx-Rx,0,-53.3949,"-3.90000 0.80000 1.00000, -1.45000 -7.25000 0.10000"
150,0.0000,Tx-Rx,0,-53.1530,"-3.90000 0.80000 1.00000, -1.15000 -7.25000 0.10000"
151,0.0000,Tx-Rx,0,-52.2701,"-3.90000 0.80000 1.00000, -0.85000 -7.25000 0.10000"
152,0.0000,Tx-Rx,0,-51.6083,"-3.90000 0.80000 1.00000, -0.55000 -7.25000 0.10000"
153,0.0000,Tx-Rx,0,-51.5984,"-3.90000 0.80000 1.00000, -0.25000 -7.25000 0.10000"
154,0.0000,Tx-Rx,0,-56.3834,"-3.90000 0.80000 1.00000, 0.05000 -7.25000 0.10000"
155,0.0000,Tx-Rx,0,-75.6524,"-3.90000 0.80000 1.00000, 0.35000 -7.25000 0.10000"
156,0.0000,Tx-Rx,0,-72.6647,"-3.90000 0.80000 1.00000, 0.65000 -7.25000 0.10000"
157,0.0000,Tx-Rx,0,-73.5308,"-3.90000 0.80000 1.00000, 0.95000 -7.25000 0.10000"
158,0.0000,Tx-Rx,0,-73.8444,"-3.90000 0.80000 1.00000, 1.25000 -7.25000 0.10000"
159,0.0000,Tx-Rx,0,-73.0925,"-3.90000 0.80000 1.00000, 1.55000 -7.25000 0.10000"
160,0.0000,Tx-Rx,0,-80.2562,"-3.90000 0.80000 1.00000, 1.85000 -7.25000 0.10000"
161,0.0000,Tx-Rx,0,-78.0913,"-3.90000 0.80000 1.00000, 2.15000 -7.25000 0.10000"
162,0.0000,Tx-Rx,0,-69.9768,"-3.90000 0.80000 1.00000, 2.45000 -7.25000 0.10000"
163,0.0000,Tx-Rx,0,-81.5175,"-3.90000 0.80000 1.00000, 2.75000 -7.25000 0.10000"
164,0.0000,Tx-Rx,0,-85.3348,"-3.90000 0.80000 1.00000, 3.05000 -7.25000 0.10000"
165,0.0000,Tx-Rx,0,-86.2680,"-3.90000 0.80000 1.00000, 3.35000 -7.25000 0.10000"
166,0.0000,Tx-Rx,0,-76.4457,"-3.90000 0.80000 1.00000, 3.65000 -7.25000 0.10000"
167,0.0000,Tx-Rx,0,-69.7594,"-3.90000 0.80000 1.00000, 3.95000 -7.25000 0.10000"
168,0.0000,Tx-Rx,0,-73.7232,"-3.90000 0.80000 1.00000, 4.25000 -7.25000 0.10000"
169,0.0000,Tx-Rx,0,-84.4448,"-3.90000 0.80000 1.00000, 4.55000 -7.25000 0.10000"
170,0.0000,Tx-Rx,0,-93.3490,"-3.90000 0.80000 1.00000, 4.85000 -7.25000 0.10000"
171,0.0000,Tx-Rx,0,-95.2460,"-3.90000 0.80000 1.00000, 5.15000 -7.25000 0.10000"
172,0.0000,Tx-Rx,0,-95.1588,"-3.90000 0.80000 1.00000, 5.45000 -7.25000 0.10000"
173,0.0000,Tx-Rx,0,-79.1871,"-3.90000 0.80000 1.00000, 5.75000 -7.25000 0.10000"
174,0.0000,Tx-Rx,0,-92.7512,"-3.90000 0.80000 1.00000, 6.05000 -7.25000 0.10000"
175,0.0000,Tx-Rx,0,-89.1654,"-3.90000 0.80000 1.00000, 6.35000 -7.25000 0.10000"
176,0.0000,Tx-Rx,0,-85.4979,"-3.90000 0.80000 1.00000, 6.65000 -7.25000 0.10000"
177,0.0000,Tx-Rx,0,-88.3678,"-3.90000 0.80000 1.00000, 6.95000 -7.25000 0.10000"
178,0.0000,Tx-Rx,0,-87.7756,"-3.90000 0.80000 1.00000, 7.25000 -7.25000 0.10000"
179,0.0000,Tx-Rx,0,-88.5766,"-3.90000 0.80000 1.00000, 7.55000 -7.25000 0.10000"
180,0.0000,Tx-Rx,0,-83.3228,"-3.90000 0.80000 1.00000, 7.85000 -7.25000 0.10000"
181,0.0000,Tx-Rx,0,-93.5339,"-3.90000 0.80000 1.00000, -9.85000 -6.95000 0.10000"
182,0.0000,Tx-Rx,0,-90.6636,"-3.90000 0.80000 1.00000, -9.55000 -6.95000 0.10000"
183,0.0000,Tx-Rx,0,-90.3347,"-3.90000 0.80000 1.00000, -9.25000 -6.95000 0.10000"
184,0.0000,Tx-Rx,0,-91.5811,"-3.90000 0.80000 1.00000, -8.95000 -6.95000 0.10000"
185,0.0000,Tx-Rx,0,-85.9921,"-3.90000 0.80000 1.00000, -8.65000 -6.95000 0.10000"
186,0.0000,Tx-Rx,0,-82.8122,"-3.90000 0.80000 1.00000, -8.35000 -6.95000 0.10000"
187,0.0000,Tx-Rx,0,-56.1873,"-3.90000 0.80000 1.00000, -8.05000 -6.95000 0.10000"
188,0.0000,Tx-Rx,0,-51.3945,"-3.90000 0.80000 1.00000, -7.75000 -6.95000 0.10000"
189,0.0000,Tx-Rx,0,-51.7724,"-3.90000 0.80000 1.00000, -7.45000 -6.95000 0.10000"
190,0.0000,Tx-Rx,0,-53.3705,"-3.90000 0.80000 1.00000, -7.15000 -6.95000 0.10000"
191,0.0000,Tx-Rx,0,-53.2707,"-3.90000 0.80000 1.00000, -6.85000 -6.95000 0.10000"
192,0.0000,Tx-Rx,0,-56.2193,"-3.90000 0.80000 1.00000, -6.55000 -6.95000 0.10000"
193,0.0000,Tx-Rx,0,-54.4215,"-3.90000 0.80000 1.00000, -6.25000 -6.95000 0.10000"
194,0.0000,Tx-Rx,0,-56.0083,"-3.90000 0.80000 1.00000, -5.95000 -6.95000 0.10000"
195,0.0000,Tx-Rx,0,-53.1587,"-3.90000 0.80000 1.00000, -5.65000 -6.95000 0.10000"
196,0.0000,Tx-Rx,0,-54.0226,"-3.90000 0.80000 1.00000, -5.35000 -6.95000 0.10000"
197,0.0000,Tx-Rx,0,-52.6155,"-3.90000 0.80000 1.00000, -5.05000 -6.95000 0.10000"
198,0.0000,Tx-Rx,0,-52.1342,"-3.90000 0.80000 1.00000, -4.75000 -6.95000 0.10000"
199,0.0000,Tx-Rx,0,-52.3056,"-3.90000 0.80000 1.00000, -4.45000 -6.95000 0.10000"
200,0.0000,Tx-Rx,0,-52.3204,"-3.90000 0.80000 1.00000, -4.15000 -6.95000 0.10000"
201,0.0000,Tx-Rx,0,-52.5527,"-3.90000 0.80000 1.00000, -3.85000 -6.95000 0.10000"
202,0.0000,Tx-Rx,0,-52.7626,"-3.90000 0.80000 1.00000, -3.55000 -6.95000 0.10000"
203,0.0000,Tx-Rx,0,-52.7374,"-3.90000 0.80000 1.00000, -3.25000 -6.95000 0.10000"
204,0.0000,Tx-Rx,0,-52.4706,"-3.90000 0.80000 1.00000, -2.95000 -6.95000 0.10000"
205,0.0000,Tx-Rx,0,-52.9600,"-3.90000 0.80000 1.00000, -2.65000 -6.95000 0.10000"
206,0.0000,Tx-Rx,0,-53.1939,"-3.90000 0.80000 1.00000, -2.35000 -6.95000 0.10000"
207,0.0000,Tx-Rx,0,-53.2251,"-3.90000 0.80000 1.00000, -2.05000 -6.95000 0.10000"
208,0.0000,Tx-Rx,0,-53.1294,"-3.90000 0.80000 1.00000, -1.75000 -6.95000 0.10000"
209,0.0000,Tx-Rx,0,-53.0292,"-3.90000 0.80000 1.00000, -1.45000 -6.95000 0.10000"
210,0.0000,Tx-Rx,0,-52.8118,"-3.90000 0.80000 1.00000, -1.15000 -6.95000 0.10000"
211,0.0000,Tx-Rx,0,-52.4402,"-3.90000 0.80000 1.00000, -0.85000 -6.95000 0.10000"
212,0.0000,Tx-Rx,0,-51.4188,"-3.90000 0.80000 1.00000, -0.55000 -6.95000 0.10000"
213,0.0000,Tx-Rx,0,-51.3859,"-3.90000 0.80000 1.00000, -0.25000 -6.95000 0.10000"
214,0.0000,Tx-Rx,0,-56.0567,"-3.90000 0.80000 1.00000, 0.05000 -6.95000 0.10000"
215,0.0000,Tx-Rx,0,-77.2491,"-3.90000 0.80000 1.00000, 0.35000 -6.95000 0.10000"
216,0.0000,Tx-Rx,0,-73.6834,"-3.90000 0.80000 1.00000, 0.65000 -6.95000 0.10000"
217,0.0000,Tx-Rx,0,-72.8454,"-3.90000 0.80000 1.00000, 0.95000 -6.95000 0.10000"
218,0.0000,Tx-Rx,0,-75.8073,"-3.90000 0.80000 1.00000, 1.25000 -6.95000 0.10000"
219,0.0000,Tx-Rx,0,-71.6419,"-3.90000 0.80000 1.00000, 1.55000 -6.95000 0.10000"
220,0.0000,Tx-Rx,0,-78.6358,"-3.90000 0.80000 1.00000, 1.85000 -6.95000 0.10000"
221,0.0000,Tx-Rx,0,-77.8846,"-3.90000 0.80000 1.00000, 2.15000 -6.95000 0.10000"
222,0.0000,Tx-Rx,0,-68.8912,"-3.90000 0.80000 1.00000, 2.45000 -6.95000 0.10000"
223,0.0000,Tx-Rx,0,-72.8318,"-3.90000 0.80000 1.00000, 2.75000 -6.95000 0.10000"
224,0.0000,Tx-Rx,0,-73.1008,"-3.90000 0.80000 1.00000, 3.05000 -6.95000 0.10000"
225,0.0000,Tx-Rx,0,-77.3811,"-3.90000 0.80000 1.00000, 3.35000 -6.95000 0.10000"
226,0.0000,Tx-Rx,0,-71.0863,"-3.90000 0.80000 1.00000, 3.65000 -6.95000 0.10000"
227,0.0000,Tx-Rx,0,-70.9057,"-3.90000 0.80000 1.00000, 3.95000 -6.95000 0.10000"
228,0.0000,Tx-Rx,0,-73.5329,"-3.90000 0.80000 1.00000, 4.25000 -6.95000 0.10000"
229,0.0000,Tx-Rx,0,-79.7915,"-3.90000 0.80000 1.00000, 4.55000 -6.95000 0.10000"
230,0.0000,Tx-Rx,0,-87.6909,"-3.90000 0.80000 1.00000, 4.85000 -6.95000 0.10000"
231,0.0000,Tx-Rx,0,-90.3011,"-3.90000 0.80000 1.00000, 5.15000 -6.95000 0.10000"
232,0.0000,Tx-Rx,0,-88.7851,"-3.90000 0.80000 1.00000, 5.45000 -6.95000 0.10000"
233,0.0000,Tx-Rx,0,-82.2397,"-3.90000 0.80000 1.00000, 5.75000 -6.95000 0.10000"
234,0.0000,Tx-Rx,0,-88.1839,"-3.90000 0.80000 1.00000, 6.05000 -6.95000 0.10000"
235,0.0000,Tx-Rx,0,-89.5628,"-3.90000 0.80000 1.00000, 6.35000 -6.95000 0.10000"
236,0.0000,Tx-Rx,0,-85.9390,"-3.90000 0.80000 1.00000, 6.65000 -6.95000 0.10000"
237,0.0000,Tx-Rx,0,-87.5153,"-3.90000 0.80000 1.00000, 6.95000 -6.95000 0.10000"
238,0.0000,Tx-Rx,0,-84.7096,"-3.90000 0.80000 1.00000, 7.25000 -6.95000 0.10000"
239,0.0000,Tx-Rx,0,-82.5870,"-3.90000 0.80000 1.00000, 7.55000 -6.95000 0.10000"
240,0.0000,Tx-Rx,0,-80.0157,"-3.90000 0.80000 1.00000, 7.85000 -6.95000 0.10000"
241,0.0000,Tx-Rx,0,-93.3025,"-3.90000 0.80000 1.00000, -9.85000 -6.65000 0.10000"
242,0.0000,Tx-Rx,0,-92.1725,"-3.90000 0.80000 1.00000, -9.55000 -6.65000 0.10000"
243,0.0000,Tx-Rx,0,-90.0876,"-3.90000 0.80000 1.00000, -9.25000 -6.65000 0.10000"
244,0.0000,Tx-Rx,0,-89.9320,"-3.90000 0.80000 1.00000, -8.95000 -6.65000 0.10000"
245,0.0000,Tx-Rx,0,-88.8886,"-3.90000 0.80000 1.00000, -8.65000 -6.65000 0.10000"
246,0.0000,Tx-Rx,0,-82.2999,"-3.90000 0.80000 1.00000, -8.35000 -6.65000 0.10000"
247,0.0000,Tx-Rx,0,-55.9553,"-3.90000 0.80000 1.00000, -8.05000 -6.65000 0.10000"
248,0.0000,Tx-Rx,0,-51.3216,"-3.90000 0.80000 1.00000, -7.75000 -6.65000 0.10000"
249,0.0000,Tx-Rx,0,-52.0801,"-3.90000 0.80000 1.00000, -7.45000 -6.65000 0.10000"
250,0.0000,Tx-Rx,0,-52.8034,"-3.90000 0.80000 1.00000, -7.15000 -6.65000 0.10000"
251,0.0000,Tx-Rx,0,-53.4631,"-3.90000 0.80000 1.00000, -6.85000 -6.65000 0.10000"
252,0.0000,Tx-Rx,0,-58.4426,"-3.90000 0.80000 1.00000, -6.55000 -6.65000 0.10000"
253,0.0000,Tx-Rx,0,-57.9089,"-3.90000 0.80000 1.00000, -6.25000 -6.65000 0.10000"
254,0.0000,Tx-Rx,0,-57.8815,"-3.90000 0.80000 1.00000, -5.95000 -6.65000 0.10000"
255,0.0000,Tx-Rx,0,-56.1224,"-3.90000 0.80000 1.00000, -5.65000 -6.65000 0.10000"
256,0.0000,Tx-Rx,0,-56.6541,"-3.90000 0.80000 1.00000, -5.35000 -6.65000 0.10000"
257,0.0000,Tx-Rx,0,-55.3019,"-3.90000 0.80000 1.00000, -5.05000 -6.65000 0.10000"
258,0.0000,Tx-Rx,0,-54.9080,"-3.90000 0.80000 1.00000, -4.75000 -6.65000 0.10000"
259,0.0000,Tx-Rx,0,-54.0299,"-3.90000 0.80000 1.00000, -4.45000 -6.65000 0.10000"
260,0.0000,Tx-Rx,0,-55.6063,"-3.90000 0.80000 1.00000, -4.15000 -6.65000 0.10000"
261,0.0000,Tx-Rx,0,-56.3208,"-3.90000 0.80000 1.00000, -3.85000 -6.65000 0.10000"
262,0.0000,Tx-Rx,0,-55.5317,"-3.90000 0.80000 1.00000, -3.55000 -6.65000 0.10000"
263,0.0000,Tx-Rx,0,-55.1291,"-3.90000 0.80000 1.00000, -3.25000 -6.65000 0.10000"
264,0.0000,Tx-Rx,0,-54.7766,"-3.90000 0.80000 1.00000, -2.95000 -6.65000 0.10000"
265,0.0000,Tx-Rx,0,-54.7020,"-3.90000 0.80000 1.00000, -2.65000 -6.65000 0.10000"
266,0.0000,Tx-Rx,0,-55.4418,"-3.90000 0.80000 1.00000, -2.35000 -6.65000 0.10000"
267,0.0000,Tx-Rx,0,-55.4234,"-3.90000 0.80000 1.00000, -2.05000 -6.65000 0.10000"
268,0.0000,Tx-Rx,0,-55.0182,"-3.90000 0.80000 1.00000, -1.75000 -6.65000 0.10000"
269,0.0000,Tx-Rx,0,-54.7747,"-3.90000 0.80000 1.00000, -1.45000 -6.65000 0.10000"
270,0.0000,Tx-Rx,0,-52.3059,"-3.90000 0.80000 1.00000, -1.15000 -6.65000 0.10000"
271,0.0000,Tx-Rx,0,-52.3744,"-3.90000 0.80000 1.00000, -0.85000 -6.65000 0.10000"
272,0.0000,Tx-Rx,0,-51.6208,"-3.90000 0.80000 1.00000, -0.55000 -6.65000 0.10000"
273,0.0000,Tx-Rx,0,-51.3192,"-3.90000 0.80000 1.00000, -0.25000 -6.65000 0.10000"
274,0.0000,Tx-Rx,0,-56.2044,"-3.90000 0.80000 1.00000, 0.05000 -6.65000 0.10000"
275,0.0000,Tx-Rx,0,-78.0777,"-3.90000 0.80000 1.00000, 0.35000 -6.65000 0.10000"
276,0.0000,Tx-Rx,0,-75.9036,"-3.90000 0.80000 1.00000, 0.65000 -6.65000 0.10000"
277,0.0000,Tx-Rx,0,-72.5453,"-3.90000 0.80000 1.00000, 0.95000 -6.65000 0.10000"
278,0.0000,Tx-Rx,0,-74.1472,"-3.90000 0.80000 1.00000, 1.25000 -6.65000 0.10000"
279,0.0000,Tx-Rx,0,-72.2687,"-3.90000 0.80000 1.00000, 1.55000 -6.65000 0.10000"
280,0.0000,Tx-Rx,0,-75.3709,"-3.90000 0.80000 1.00000, 1.85000 -6.65000 0.10000"
281,0.0000,Tx-Rx,0,-76.5699,"-3.90000 0.80000 1.00000, 2.15000 -6.65000 0.10000"
282,0.0000,Tx-Rx,0,-67.9540,"-3.90000 0.80000 1.00000, 2.45000 -6.65000 0.10000"
283,0.0000,Tx-Rx,0,-67.6615,"-3.90000 0.80000 1.00000, 2.75000 -6.65000 0.10000"
284,0.0000,Tx-Rx,0,-67.9246,"-3.90000 0.80000 1.00000, 3.05000 -6.65000 0.10000"
285,0.0000,Tx-Rx,0,-73.8068,"-3.90000 0.80000 1.00000, 3.35000 -6.65000 0.10000"
286,0.0000,Tx-Rx,0,-69.5808,"-3.90000 0.80000 1.00000, 3.65000 -6.65000 0.10000"
287,0.0000,Tx-Rx,0,-72.6244,"-3.90000 0.80000 1.00000, 3.95000 -6.65000 0.10000"
288,0.0000,Tx-Rx,0,-73.9164,"-3.90000 0.80000 1.00000, 4.25000 -6.65000 0.10000"
289,0.0000,Tx-Rx,0,-76.7538,"-3.90000 0.80000 1.00000, 4.55000 -6.65000 0.10000"
290,0.0000,Tx-Rx,0,-79.8384,"-3.90000 0.80000 1.00000, 4.85000 -6.65000 0.10000"
291,0.0000,Tx-Rx,0,-82.7911,"-3.90000 0.80000 1.00000, 5.15000 -6.65000 0.10000"
292,0.0000,Tx-Rx,0,-82.4823,"-3.90000 0.80000 1.00000, 5.45000 -6.65000 0.10000"
293,0.0000,Tx-Rx,0,-75.8570,"-3.90000 0.80000 1.00000, 5.75000 -6.65000 0.10000"
294,0.0000,Tx-Rx,0,-84.8856,"-3.90000 0.80000 1.00000, 6.05000 -6.65000 0.10000"
295,0.0000,Tx-Rx,0,-83.5849,"-3.90000 0.80000 1.00000, 6.35000 -6.65000 0.10000"
296,0.0000,Tx-Rx,0,-83.9700,"-3.90000 0.80000 1.00000, 6.65000 -6.65000 0.10000"
297,0.0000,Tx-Rx,0,-80.8517,"-3.90000 0.80000 1.00000, 6.95000 -6.65000 0.10000"
298,0.0000,Tx-Rx,0,-77.4883,"-3.90000 0.80000 1.00000, 7.25000 -6.65000 0.10000"
299,0.0000,Tx-Rx,0,-76.1634,"-3.90000 0.80000 1.00000, 7.55000 -6.65000 0.10000"
300,0.0000,Tx-Rx,0,-76.3171,"-3.90000 0.80000 1.00000, 7.85000 -6.65000 0.10000"
301,0.0000,Tx-Rx,0,-92.1241,"-3.90000 0.80000 1.00000, -9.85000 -6.35000 0.10000"
302,0.0000,Tx-Rx,0,-92.9409,"-3.90000 0.80000 1.00000, -9.55000 -6.35000 0.10000"
303,0.0000,Tx-Rx,0,-90.2943,"-3.90000 0.80000 1.00000, -9.25000 -6.35000 0.10000"
304,0.0000,Tx-Rx,0,-90.8894,"-3.90000 0.80000 1.00000, -8.95000 -6.35000 0.10000"
305,0.0000,Tx-Rx,0,-90.4883,"-3.90000 0.80000 1.00000, -8.65000 -6.35000 0.10000"
306,0.0000,Tx-Rx,0,-85.4306,"-3.90000 0.80000 1.00000, -8.35000 -6.35000 0.10000"
307,0.0000,Tx-Rx,0,-56.1168,"-3.90000 0.80000 1.00000, -8.05000 -6.35000 0.10000"
308,0.0000,Tx-Rx,0,-51.6503,"-3.90000 0.80000 1.00000, -7.75000 -6.35000 0.10000"
309,0.0000,Tx-Rx,0,-52.0496,"-3.90000 0.80000 1.00000, -7.45000 -6.35000 0.10000"
310,0.0000,Tx-Rx,0,-52.2029,"-3.90000 0.80000 1.00000, -7.15000 -6.35000 0.10000"
311,0.0000,Tx-Rx,0,-53.9190,"-3.90000 0.80000 1.00000, -6.85000 -6.35000 0.10000"
312,0.0000,Tx-Rx,0,-54.4523,"-3.90000 0.80000 1.00000, -6.55000 -6.35000 0.10000"
313,0.0000,Tx-Rx,0,-59.3172,"-3.90000 0.80000 1.00000, -6.25000 -6.35000 0.10000"
314,0.0000,Tx-Rx,0,-58.3412,"-3.90000 0.80000 1.00000, -5.95000 -6.35000 0.10000"
315,0.0000,Tx-Rx,0,-57.0854,"-3.90000 0.80000 1.00000, -5.65000 -6.35000 0.10000"
316,0.0000,Tx-Rx,0,-57.3200,"-3.90000 0.80000 1.00000, -5.35000 -6.35000 0.10000"
317,0.0000,Tx-Rx,0,-56.9447,"-3.90000 0.80000 1.00000, -5.05000 -6.35000 0.10000"
318,0.0000,Tx-Rx,0,-56.1499,"-3.90000 0.80000 1.00000, -4.75000 -6.35000 0.10000"
319,0.0000,Tx-Rx,0,-56.9547,"-3.90000 0.80000 1.00000, -4.45000 -6.35000 0.10000"
320,0.0000,Tx-Rx,0,-58.0004,"-3.90000 0.80000 1.00000, -4.15000 -6.35000 0.10000"
321,0.0000,Tx-Rx,0,-59.1748,"-3.90000 0.80000 1.00000, -3.85000 -6.35000 0.10000"
322,0.0000,Tx-Rx,0,-59.2659,"-3.90000 0.80000 1.00000, -3.55000 -6.35000 0.10000"
323,0.0000,Tx-Rx,0,-57.7290,"-3.90000 0.80000 1.00000, -3.25000 -6.35000 0.10000"
324,0.0000,Tx-Rx,0,-56.8777,"-3.90000 0.80000 1.00000, -2.95000 -6.35000 0.10000"
325,0.0000,Tx-Rx,0,-56.6059,"-3.90000 0.80000 1.00000, -2.65000 -6.35000 0.10000"
326,0.0000,Tx-Rx,0,-56.4072,"-3.90000 0.80000 1.00000, -2.35000 -6.35000 0.10000"
327,0.0000,Tx-Rx,0,-57.3607,"-3.90000 0.80000 1.00000, -2.05000 -6.35000 0.10000"
328,0.0000,Tx-Rx,0,-57.5518,"-3.90000 0.80000 1.00000, -1.75000 -6.35000 0.10000"
329,0.0000,Tx-Rx,0,-56.7717,"-3.90000 0.80000 1.00000, -1.45000 -6.35000 0.10000"
330,0.0000,Tx-Rx,0,-52.1054,"-3.90000 0.80000 1.00000, -1.15000 -6.35000 0.10000"
331,0.0000,Tx-Rx,0,-52.1485,"-3.90000 0.80000 1.00000, -0.85000 -6.35000 0.10000"
332,0.0000,Tx-Rx,0,-51.8015,"-3.90000 0.80000 1.00000, -0.55000 -6.35000 0.10000"
333,0.0000,Tx-Rx,0,-51.4043,"-3.90000 0.80000 1.00000, -0.25000 -6.35000 0.10000"
334,0.0000,Tx-Rx,0,-56.2810,"-3.90000 0.80000 1.00000, 0.05000 -6.35000 0.10000"
335,0.0000,Tx-Rx,0,-77.2205,"-3.90000 0.80000 1.00000, 0.35000 -6.35000 0.10000"
336,0.0000,Tx-Rx,0,-78.0692,"-3.90000 0.80000 1.00000, 0.65000 -6.35000 0.10000"
337,0.0000,Tx-Rx,0,-73.0195,"-3.90000 0.80000 1.00000, 0.95000 -6.35000 0.10000"
338,0.0000,Tx-Rx,0,-72.4355,"-3.90000 0.80000 1.00000, 1.25000 -6.35000 0.10000"
339,0.0000,Tx-Rx,0,-75.2986,"-3.90000 0.80000 1.00000, 1.55000 -6.35000 0.10000"
340,0.0000,Tx-Rx,0,-73.4872,"-3.90000 0.80000 1.00000, 1.85000 -6.35000 0.10000"
341,0.0000,Tx-Rx,0,-71.3794,"-3.90000 0.80000 1.00000, 2.15000 -6.35000 0.10000"
342,0.0000,Tx-Rx,0,-67.6394,"-3.90000 0.80000 1.00000, 2.45000 -6.35000 0.10000"
343,0.0000,Tx-Rx,0,-67.4490,"-3.90000 0.80000 1.00000, 2.75000 -6.35000 0.10000"
344,0.0000,Tx-Rx,0,-69.1009,"-3.90000 0.80000 1.00000, 3.05000 -6.35000 0.10000"
345,0.0000,Tx-Rx,0,-72.3227,"-3.90000 0.80000 1.00000, 3.35000 -6.35000 0.10000"
346,0.0000,Tx-Rx,0,-70.1622,"-3.90000 0.80000 1.00000, 3.65000 -6.35000 0.10000"
347,0.0000,Tx-Rx,0,-73.0084,"-3.90000 0.80000 1.00000, 3.95000 -6.35000 0.10000"
348,0.0000,Tx-Rx,0,-76.7089,"-3.90000 0.80000 1.00000, 4.25000 -6.35000 0.10000"
349,0.0000,Tx-Rx,0,-77.7659,"-3.90000 0.80000 1.00000, 4.55000 -6.35000 0.10000"
350,0.0000,Tx-Rx,0,-77.7752,"-3.90000 0.80000 1.00000, 4.85000 -6.35000 0.10000"
351,0.0000,Tx-Rx,0,-80.2228,"-3.90000 0.80000 1.00000, 5.15000 -6.35000 0.10000"
352,0.0000,Tx-Rx,0,-81.3268,"-3.90000 0.80000 1.00000, 5.45000 -6.35000 0.10000"
353,0.0000,Tx-Rx,0,-76.8056,"-3.90000 0.80000 1.00000, 5.75000 -6.35000 0.10000"
354,0.0000,Tx-Rx,0,-82.1502,"-3.90000 0.80000 1.00000, 6.05000 -6.35000 0.10000"
355,0.0000,Tx-Rx,0,-84.7021,"-3.90000 0.80000 1.00000, 6.35000 -6.35000 0.10000"
356,0.0000,Tx-Rx,0,-81.1628,"-3.90000 0.80000 1.00000, 6.65000 -6.35000 0.10000"
357,0.0000,Tx-Rx,0,-77.4759,"-3.90000 0.80000 1.00000, 6.95000 -6.35000 0.10000"
358,0.0000,Tx-Rx,0,-76.7021,"-3.90000 0.80000 1.00000, 7.25000 -6.35000 0.10000"
359,0.0000,Tx-Rx,0,-76.0362,"-3.90000 0.80000 1.00000, 7.55000 -6.35000 0.10000"
360,0.0000,Tx-Rx,0,-77.8455,"-3.90000 0.80000 1.00000, 7.85000 -6.35000 0.10000"
361,0.0000,Tx-Rx,0,-85.2706,"-3.90000 0.80000 1.00000, -9.85000 -6.05000 0.10000"
362,0.0000,Tx-Rx,0,-89.9536,"-3.90000 0.80000 1.00000, -9.55000 -6.05000 0.10000"
363,0.0000,Tx-Rx,0,-90.7969,"-3.90000 0.80000 1.00000, -9.25000 -6.05000 0.10000"
364,0.0000,Tx-Rx,0,-88.5930,"-3.90000 0.80000 1.00000, -8.95000 -6.05000 0.10000"
365,0.0000,Tx-Rx,0,-87.5929,"-3.90000 0.80000 1.00000, -8.65000 -6.05000 0.10000"
366,0.0000,Tx-Rx,0,-87.8545,"-3.90000 0.80000 1.00000, -8.35000 -6.05000 0.10000"
367,0.0000,Tx-Rx,0,-56.0092,"-3.90000 0.80000 1.00000, -8.05000 -6.05000 0.10000"
368,0.0000,Tx-Rx,0,-51.9068,"-3.90000 0.80000 1.00000, -7.75000 -6.05000 0.10000"
369,0.0000,Tx-Rx,0,-51.7132,"-3.90000 0.80000 1.00000, -7.45000 -6.05000 0.10000"
370,0.0000,Tx-Rx,0,-52.1230,"-3.90000 0.80000 1.00000, -7.15000 -6.05000 0.10000"
371,0.0000,Tx-Rx,0,-53.4851,"-3.90000 0.80000 1.00000, -6.85000 -6.05000 0.10000"
372,0.0000,Tx-Rx,0,-53.8032,"-3.90000 0.80000 1.00000, -6.55000 -6.05000 0.10000"
373,0.0000,Tx-Rx,0,-58.2965,"-3.90000 0.80000 1.00000, -6.25000 -6.05000 0.10000"
374,0.0000,Tx-Rx,0,-57.6981,"-3.90000 0.80000 1.00000, -5.95000 -6.05000 0.10000"
375,0.0000,Tx-Rx,0,-56.3326,"-3.90000 0.80000 1.00000, -5.65000 -6.05000 0.10000"
376,0.0000,Tx-Rx,0,-57.4843,"-3.90000 0.80000 1.00000, -5.35000 -6.05000 0.10000"
377,0.0000,Tx-Rx,0,-57.0249,"-3.90000 0.80000 1.00000, -5.05000 -6.05000 0.10000"
378,0.0000,Tx-Rx,0,-56.5062,"-3.90000 0.80000 1.00000, -4.75000 -6.05000 0.10000"
379,0.0000,Tx-Rx,0,-59.2750,"-3.90000 0.80000 1.00000, -4.45000 -6.05000 0.10000"
380,0.0000,Tx-Rx,0,-58.7780,"-3.90000 0.80000 1.00000, -4.15000 -6.05000 0.10000"
381,0.0000,Tx-Rx,0,-58.3623,"-3.90000 0.80000 1.00000, -3.85000 -6.05000 0.10000"
382,0.0000,Tx-Rx,0,-59.1699,"-3.90000 0.80000 1.00000, -3.55000 -6.05000 0.10000"
383,0.0000,Tx-Rx,0,-59.2087,"-3.90000 0.80000 1.00000, -3.25000 -6.05000 0.10000"
384,0.0000,Tx-Rx,0,-58.1284,"-3.90000 0.80000 1.00000, -2.95000 -6.05000 0.10000"
385,0.0000,Tx-Rx,0,-56.8195,"-3.90000 0.80000 1.00000, -2.65000 -6.05000 0.10000"
386,0.0000,Tx-Rx,0,-55.9690,"-3.90000 0.80000 1.00000, -2.35000 -6.05000 0.10000"
387,0.0000,Tx-Rx,0,-55.8277,"-3.90000 0.80000 1.00000, -2.05000 -6.05000 0.10000"
388,0.0000,Tx-Rx,0,-57.4662,"-3.90000 0.80000 1.00000, -1.75000 -6.05000 0.10000"
389,0.0000,Tx-Rx,0,-55.9382,"-3.90000 0.80000 1.00000, -1.45000 -6.05000 0.10000"
390,0.0000,Tx-Rx,0,-51.8013,"-3.90000 0.80000 1.00000, -1.15000 -6.05000 0.10000"
391,0.0000,Tx-Rx,0,-51.9001,"-3.90000 0.80000 1.00000, -0.85000 -6.05000 0.10000"
392,0.0000,Tx-Rx,0,-51.6405,"-3.90000 0.80000 1.00000, -0.55000 -6.05000 0.10000"
393,0.0000,Tx-Rx,0,-51.7920,"-3.90000 0.80000 1.00000, -0.25000 -6.05000 0.10000"
394,0.0000,Tx-Rx,0,-56.0243,"-3.90000 0.80000 1.00000, 0.05000 -6.05000 0.10000"
395,0.0000,Tx-Rx,0,-77.4647,"-3.90000 0.80000 1.00000, 0.35000 -6.05000 0.10000"
396,0.0000,Tx-Rx,0,-78.6274,"-3.90000 0.80000 1.00000, 0.65000 -6.05000 0.10000"
397,0.0000,Tx-Rx,0,-74.3634,"-3.90000 0.80000 1.00000, 0.95000 -6.05000 0.10000"
398,0.0000,Tx-Rx,0,-71.5808,"-3.90000 0.80000 1.00000, 1.25000 -6.05000 0.10000"
399,0.0000,Tx-Rx,0,-75.8459,"-3.90000 0.80000 1.00000, 1.55000 -6.05000 0.10000"
400,0.0000,Tx-Rx,0,-71.2894,"-3.90000 0.80000 1.00000, 1.85000 -6.05000 0.10000"
401,0.0000,Tx-Rx,0,-68.7237,"-3.90000 0.80000 1.00000, 2.15000 -6.05000 0.10000"
402,0.0000,Tx-Rx,0,-67.3605,"-3.90000 0.80000 1.00000, 2.45000 -6.05000 0.10000"
403,0.0000,Tx-Rx,0,-67.7000,"-3.90000 0.80000 1.00000, 2.75000 -6.05000 0.10000"
404,0.0000,Tx-Rx,0,-71.6598,"-3.90000 0.80000 1.00000, 3.05000 -6.05000 0.10000"
405,0.0000,Tx-Rx,0,-70.0807,"-3.90000 0.80000 1.00000, 3.35000 -6.05000 0.10000"
406,0.0000,Tx-Rx,0,-72.3420,"-3.90000 0.80000 1.00000, 3.65000 -6.05000 0.10000"
407,0.0000,Tx-Rx,0,-74.4638,"-3.90000 0.80000 1.00000, 3.95000 -6.05000 0.10000"
408,0.0000,Tx-Rx,0,-79.5359,"-3.90000 0.80000 1.00000, 4.25000 -6.05000 0.10000"
409,0.0000,Tx-Rx,0,-78.6407,"-3.90000 0.80000 1.00000, 4.55000 -6.05000 0.10000"
410,0.0000,Tx-Rx,0,-78.1468,"-3.90000 0.80000 1.00000, 4.85000 -6.05000 0.10000"
411,0.0000,Tx-Rx,0,-79.4660,"-3.90000 0.80000 1.00000, 5.15000 -6.05000 0.10000"
412,0.0000,Tx-Rx,0,-80.0256,"-3.90000 0.80000 1.00000, 5.45000 -6.05000 0.10000"
413,0.0000,Tx-Rx,0,-79.8279,"-3.90000 0.80000 1.00000, 5.75000 -6.05000 0.10000"
414,0.0000,Tx-Rx,0,-84.5650,"-3.90000 0.80000 1.00000, 6.05000 -6.05000 0.10000"
415,0.0000,Tx-Rx,0,-80.4018,"-3.90000 0.80000 1.00000, 6.35000 -6.05000 0.10000"
416,0.0000,Tx-Rx,0,-78.5964,"-3.90000 0.80000 1.00000, 6.65000 -6.05000 0.10000"
417,0.0000,Tx-Rx,0,-77.0633,"-3.90000 0.80000 1.00000, 6.95000 -6.05000 0.10000"
418,0.0000,Tx-Rx,0,-76.0595,"-3.90000 0.80000 1.00000, 7.25000 -6.05000 0.10000"
419,0.0000,Tx-Rx,0,-77.9219,"-3.90000 0.80000 1.00000, 7.55000 -6.05000 0.10000"
420,0.0000,Tx-Rx,0,-77.3230,"-3.90000 0.80000 1.00000, 7.85000 -6.05000 0.10000"
421,0.0000,Tx-Rx,0,-82.5054,"-3.90000 0.80000 1.00000, -9.85000 -5.75000 0.10000"
422,0.0000,Tx-Rx,0,-85.5872,"-3.90000 0.80000 1.00000, -9.55000 -5.75000 0.10000"
423,0.0000,Tx-Rx,0,-89.8165,"-3.90000 0.80000 1.00000, -9.25000 -5.75000 0.10000"
424,0.0000,Tx-Rx,0,-88.7534,"-3.90000 0.80000 1.00000, -8.95000 -5.75000 0.10000"
425,0.0000,Tx-Rx,0,-88.5691,"-3.90000 0.80000 1.00000, -8.65000 -5.75000 0.10000"
426,0.0000,Tx-Rx,0,-87.0235,"-3.90000 0.80000 1.00000, -8.35000 -5.75000 0.10000"
427,0.0000,Tx-Rx,0,-59.0721,"-3.90000 0.80000 1.00000, -8.05000 -5.75000 0.10000"
428,0.0000,Tx-Rx,0,-51.8971,"-3.90000 0.80000 1.00000, -7.75000 -5.75000 0.10000"
429,0.0000,Tx-Rx,0,-51.4504,"-3.90000 0.80000 1.00000, -7.45000 -5.75000 0.10000"
430,0.0000,Tx-Rx,0,-51.8784,"-3.90000 0.80000 1.00000, -7.15000 -5.75000 0.10000"
431,0.0000,Tx-Rx,0,-52.4285,"-3.90000 0.80000 1.00000, -6.85000 -5.75000 0.10000"
432,0.0000,Tx-Rx,0,-55.2149,"-3.90000 0.80000 1.00000, -6.55000 -5.75000 0.10000"
433,0.0000,Tx-Rx,0,-57.5731,"-3.90000 0.80000 1.00000, -6.25000 -5.75000 0.10000"
434,0.0000,Tx-Rx,0,-57.1275,"-3.90000 0.80000 1.00000, -5.95000 -5.75000 0.10000"
435,0.0000,Tx-Rx,0,-56.1748,"-3.90000 0.80000 1.00000, -5.65000 -5.75000 0.10000"
436,0.0000,Tx-Rx,0,-57.4850,"-3.90000 0.80000 1.00000, -5.35000 -5.75000 0.10000"
437,0.0000,Tx-Rx,0,-56.6112,"-3.90000 0.80000 1.00000, -5.05000 -5.75000 0.10000"
438,0.0000,Tx-Rx,0,-59.5211,"-3.90000 0.80000 1.00000, -4.75000 -5.75000 0.10000"
439,0.0000,Tx-Rx,0,-60.0085,"-3.90000 0.80000 1.00000, -4.45000 -5.75000 0.10000"
440,0.0000,Tx-Rx,0,-59.7005,"-3.90000 0.80000 1.00000, -4.15000 -5.75000 0.10000"
441,0.0000,Tx-Rx,0,-59.7233,"-3.90000 0.80000 1.00000, -3.85000 -5.75000 0.10000"
442,0.0000,Tx-Rx,0,-58.5588,"-3.90000 0.80000 1.00000, -3.55000 -5.75000 0.10000"
443,0.0000,Tx-Rx,0,-59.7199,"-3.90000 0.80000 1.00000, -3.25000 -5.75000 0.10000"
444,0.0000,Tx-Rx,0,-59.7543,"-3.90000 0.80000 1.00000, -2.95000 -5.75000 0.10000"
445,0.0000,Tx-Rx,0,-57.6545,"-3.90000 0.80000 1.00000, -2.65000 -5.75000 0.10000"
446,0.0000,Tx-Rx,0,-56.0011,"-3.90000 0.80000 1.00000, -2.35000 -5.75000 0.10000"
447,0.0000,Tx-Rx,0,-55.6356,"-3.90000 0.80000 1.00000, -2.05000 -5.75000 0.10000"
448,0.0000,Tx-Rx,0,-56.0073,"-3.90000 0.80000 1.00000, -1.75000 -5.75000 0.10000"
449,0.0000,Tx-Rx,0,-55.2840,"-3.90000 0.80000 1.00000, -1.45000 -5.75000 0.10000"
450,0.0000,Tx-Rx,0,-51.5657,"-3.90000 0.80000 1.00000, -1.15000 -5.75000 0.10000"
451,0.0000,Tx-Rx,0,-51.5998,"-3.90000 0.80000 1.00000, -0.85000 -5.75000 0.10000"
452,0.0000,Tx-Rx,0,-51.4919,"-3.90000 0.80000 1.00000, -0.55000 -5.75000 0.10000"
453,0.0000,Tx-Rx,0,-51.9009,"-3.90000 0.80000 1.00000, -0.25000 -5.75000 0.10000"
454,0.0000,Tx-Rx,0,-57.4470,"-3.90000 0.80000 1.00000, 0.05000 -5.75000 0.10000"
455,0.0000,Tx-Rx,0,-77.5852,"-3.90000 0.80000 1.00000, 0.35000 -5.75000 0.10000"
456,0.0000,Tx-Rx,0,-79.4417,"-3.90000 0.80000 1.00000, 0.65000 -5.75000 0.10000"
457,0.0000,Tx-Rx,0,-76.8892,"-3.90000 0.80000 1.00000, 0.95000 -5.75000 0.10000"
458,0.0000,Tx-Rx,0,-71.7733,"-3.90000 0.80000 1.00000, 1.25000 -5.75000 0.10000"
459,0.0000,Tx-Rx,0,-73.3038,"-3.90000 0.80000 1.00000, 1.55000 -5.75000 0.10000"
460,0.0000,Tx-Rx,0,-71.4975,"-3.90000 0.80000 1.00000, 1.85000 -5.75000 0.10000"
461,0.0000,Tx-Rx,0,-67.0561,"-3.90000 0.80000 1.00000, 2.15000 -5.75000 0.10000"
462,0.0000,Tx-Rx,0,-67.5412,"-3.90000 0.80000 1.00000, 2.45000 -5.75000 0.10000"
463,0.0000,Tx-Rx,0,-67.9458,"-3.90000 0.80000 1.00000, 2.75000 -5.75000 0.10000"
464,0.0000,Tx-Rx,0,-75.4570,"-3.90000 0.80000 1.00000, 3.05000 -5.75000 0.10000"
465,0.0000,Tx-Rx,0,-69.1042,"-3.90000 0.80000 1.00000, 3.35000 -5.75000 0.10000"
466,0.0000,Tx-Rx,0,-73.7244,"-3.90000 0.80000 1.00000, 3.65000 -5.75000 0.10000"
467,0.0000,Tx-Rx,0,-77.3173,"-3.90000 0.80000 1.00000, 3.95000 -5.75000 0.10000"
468,0.0000,Tx-Rx,0,-83.3563,"-3.90000 0.80000 1.00000, 4.25000 -5.75000 0.10000"
469,0.0000,Tx-Rx,0,-80.6277,"-3.90000 0.80000 1.00000, 4.55000 -5.75000 0.10000"
470,0.0000,Tx-Rx,0,-77.4872,"-3.90000 0.80000 1.00000, 4.85000 -5.75000 0.10000"
471,0.0000,Tx-Rx,0,-78.5111,"-3.90000 0.80000 1.00000, 5.15000 -5.75000 0.10000"
472,0.0000,Tx-Rx,0,-78.6091,"-3.90000 0.80000 1.00000, 5.45000 -5.75000 0.10000"
473,0.0000,Tx-Rx,0,-77.5033,"-3.90000 0.80000 1.00000, 5.75000 -5.75000 0.10000"
474,0.0000,Tx-Rx,0,-78.6001,"-3.90000 0.80000 1.00000, 6.05000 -5.75000 0.10000"
475,0.0000,Tx-Rx,0,-78.5850,"-3.90000 0.80000 1.00000, 6.35000 -5.75000 0.10000"
476,0.0000,Tx-Rx,0,-76.9418,"-3.90000 0.80000 1.00000, 6.65000 -5.75000 0.10000"
477,0.0000,Tx-Rx,0,-76.6890,"-3.90000 0.80000 1.00000, 6.95000 -5.75000 0.10000"
478,0.0000,Tx-Rx,0,-78.1649,"-3.90000 0.80000 1.00000, 7.25000 -5.75000 0.10000"
479,0.0000,Tx-Rx,0,-77.9530,"-3.90000 0.80000 1.00000, 7.55000 -5.75000 0.10000"
480,0.0000,Tx-Rx,0,-76.8697,"-3.90000 0.80000 1.00000, 7.85000 -5.75000 0.10000"
481,0.0000,Tx-Rx,0,-81.9073,"-3.90000 0.80000 1.00000, -9.85000 -5.45000 0.10000"
482,0.0000,Tx-Rx,0,-82.4404,"-3.90000 0.80000 1.00000, -9.55000 -5.45000 0.10000"
483,0.0000,Tx-Rx,0,-86.3109,"-3.90000 0.80000 1.00000, -9.25000 -5.45000 0.10000"
484,0.0000,Tx-Rx,0,-86.7731,"-3.90000 0.80000 1.00000, -8.95000 -5.45000 0.10000"
485,0.0000,Tx-Rx,0,-87.8040,"-3.90000 0.80000 1.00000, -8.65000 -5.45000 0.10000"
486,0.0000,Tx-Rx,0,-87.2155,"-3.90000 0.80000 1.00000, -8.35000 -5.45000 0.10000"
487,0.0000,Tx-Rx,0,-61.5661,"-3.90000 0.80000 1.00000, -8.05000 -5.45000 0.10000"
488,0.0000,Tx-Rx,0,-52.9514,"-3.90000 0.80000 1.00000, -7.75000 -5.45000 0.10000"
489,0.0000,Tx-Rx,0,-51.3236,"-3.90000 0.80000 1.00000, -7.45000 -5.45000 0.10000"
490,0.0000,Tx-Rx,0,-51.5954,"-3.90000 0.80000 1.00000, -7.15000 -5.45000 0.10000"
491,0.0000,Tx-Rx,0,-52.0510,"-3.90000 0.80000 1.00000, -6.85000 -5.45000 0.10000"
492,0.0000,Tx-Rx,0,-53.3584,"-3.90000 0.80000 1.00000, -6.55000 -5.45000 0.10000"
493,0.0000,Tx-Rx,0,-56.5421,"-3.90000 0.80000 1.00000, -6.25000 -5.45000 0.10000"
494,0.0000,Tx-Rx,0,-56.7119,"-3.90000 0.80000 1.00000, -5.95000 -5.45000 0.10000"
495,0.0000,Tx-Rx,0,-56.3497,"-3.90000 0.80000 1.00000, -5.65000 -5.45000 0.10000"
496,0.0000,Tx-Rx,0,-57.2490,"-3.90000 0.80000 1.00000, -5.35000 -5.45000 0.10000"
497,0.0000,Tx-Rx,0,-58.5469,"-3.90000 0.80000 1.00000, -5.05000 -5.45000 0.10000"
498,0.0000,Tx-Rx,0,-59.4419,"-3.90000 0.80000 1.00000, -4.75000 -5.45000 0.10000"
499,0.0000,Tx-Rx,0,-59.8042,"-3.90000 0.80000 1.00000, -4.45000 -5.45000 0.10000"
500,0.0000,Tx-Rx,0,-59.2183,"-3.90000 0.80000 1.00000, -4.15000 -5.45000 0.10000"
501,0.0000,Tx-Rx,0,-59.3100,"-3.90000 0.80000 1.00000, -3.85000 -5.45000 0.10000"
502,0.0000,Tx-Rx,0,-59.5270,"-3.90000 0.80000 1.00000, -3.55000 -5.45000 0.10000"
503,0.0000,Tx-Rx,0,-58.6672,"-3.90000 0.80000 1.00000, -3.25000 -5.45000 0.10000"
504,0.0000,Tx-Rx,0,-58.9586,"-3.90000 0.80000 1.00000, -2.95000 -5.45000 0.10000"
505,0.0000,Tx-Rx,0,-57.9333,"-3.90000 0.80000 1.00000, -2.65000 -5.45000 0.10000"
506,0.0000,Tx-Rx,0,-56.7372,"-3.90000 0.80000 1.00000, -2.35000 -5.45000 0.10000"
507,0.0000,Tx-Rx,0,-55.6266,"-3.90000 0.80000 1.00000, -2.05000 -5.45000 0.10000"
508,0.0000,Tx-Rx,0,-54.6475,"-3.90000 0.80000 1.00000, -1.75000 -5.45000 0.10000"
509,0.0000,Tx-Rx,0,-54.3092,"-3.90000 0.80000 1.00000, -1.45000 -5.45000 0.10000"
510,0.0000,Tx-Rx,0,-51.2451,"-3.90000 0.80000 1.00000, -1.15000 -5.45000 0.10000"
511,0.0000,Tx-Rx,0,-51.5911,"-3.90000 0.80000 1.00000, -0.85000 -5.45000 0.10000"
512,0.0000,Tx-Rx,0,-51.8812,"-3.90000 0.80000 1.00000, -0.55000 -5.45000 0.10000"
513,0.0000,Tx-Rx,0,-52.8392,"-3.90000 0.80000 1.00000, -0.25000 -5.45000 0.10000"
514,0.0000,Tx-Rx,0,-61.1675,"-3.90000 0.80000 1.00000, 0.05000 -5.45000 0.10000"
515,0.0000,Tx-Rx,0,-78.6603,"-3.90000 0.80000 1.00000, 0.35000 -5.45000 0.10000"
516,0.0000,Tx-Rx,0,-79.2432,"-3.90000 0.80000 1.00000, 0.65000 -5.45000 0.10000"
517,0.0000,Tx-Rx,0,-77.1752,"-3.90000 0.80000 1.00000, 0.95000 -5.45000 0.10000"
518,0.0000,Tx-Rx,0,-72.9228,"-3.90000 0.80000 1.00000, 1.25000 -5.45000 0.10000"
519,0.0000,Tx-Rx,0,-71.8768,"-3.90000 0.80000 1.00000, 1.55000 -5.45000 0.10000"
520,0.0000,Tx-Rx,0,-70.2904,"-3.90000 0.80000 1.00000, 1.85000 -5.45000 0.10000"
521,0.0000,Tx-Rx,0,-66.0062,"-3.90000 0.80000 1.00000, 2.15000 -5.45000 0.10000"
522,0.0000,Tx-Rx,0,-67.3201,"-3.90000 0.80000 1.00000, 2.45000 -5.45000 0.10000"
523,0.0000,Tx-Rx,0,-69.7889,"-3.90000 0.80000 1.00000, 2.75000 -5.45000 0.10000"
524,0.0000,Tx-Rx,0,-71.7368,"-3.90000 0.80000 1.00000, 3.05000 -5.45000 0.10000"
525,0.0000,Tx-Rx,0,-70.6998,"-3.90000 0.80000 1.00000, 3.35000 -5.45000 0.10000"
526,0.0000,Tx-Rx,0,-74.3096,"-3.90000 0.80000 1.00000, 3.65000 -5.45000 0.10000"
527,0.0000,Tx-Rx,0,-82.6468,"-3.90000 0.80000 1.00000, 3.95000 -5.45000 0.10000"
528,0.0000,Tx-Rx,0,-82.8693,"-3.90000 0.80000 1.00000, 4.25000 -5.45000 0.10000"
529,0.0000,Tx-Rx,0,-83.0623,"-3.90000 0.80000 1.00000, 4.55000 -5.45000 0.10000"
530,0.0000,Tx-Rx,0,-79.0203,"-3.90000 0.80000 1.00000, 4.85000 -5.45000 0.10000"
531,0.0000,Tx-Rx,0,-78.7515,"-3.90000 0.80000 1.00000, 5.15000 -5.45000 0.10000"
532,0.0000,Tx-Rx,0,-79.2900,"-3.90000 0.80000 1.00000, 5.45000 -5.45000 0.10000"
533,0.0000,Tx-Rx,0,-76.8523,"-3.90000 0.80000 1.00000, 5.75000 -5.45000 0.10000"
534,0.0000,Tx-Rx,0,-75.0026,"-3.90000 0.80000 1.00000, 6.05000 -5.45000 0.10000"
535,0.0000,Tx-Rx,0,-76.5701,"-3.90000 0.80000 1.00000, 6.35000 -5.45000 0.10000"
536,0.0000,Tx-Rx,0,-77.2413,"-3.90000 0.80000 1.00000, 6.65000 -5.45000 0.10000"
537,0.0000,Tx-Rx,0,-77.8154,"-3.90000 0.80000 1.00000, 6.95000 -5.45000 0.10000"
538,0.0000,Tx-Rx,0,-77.6649,"-3.90000 0.80000 1.00000, 7.25000 -5.45000 0.10000"
539,0.0000,Tx-Rx,0,-77.9402,"-3.90000 0.80000 1.00000, 7.55000 -5.45000 0.10000"
540,0.0000,Tx-Rx,0,-76.7621,"-3.90000 0.80000 1.00000, 7.85000 -5.45000 0.10000"
541,0.0000,Tx-Rx,0,-82.3050,"-3.90000 0.80000 1.00000, -9.85000 -5.15000 0.10000"
542,0.0000,Tx-Rx,0,-81.0413,"-3.90000 0.80000 1.00000, -9.55000 -5.15000 0.10000"
543,0.0000,Tx-Rx,0,-82.8968,"-3.90000 0.80000 1.00000, -9.25000 -5.15000 0.10000"
544,0.0000,Tx-Rx,0,-85.8277,"-3.90000 0.80000 1.00000, -8.95000 -5.15000 0.10000"
545,0.0000,Tx-Rx,0,-85.7343,"-3.90000 0.80000 1.00000, -8.65000 -5.15000 0.10000"
546,0.0000,Tx-Rx,0,-85.1867,"-3.90000 0.80000 1.00000, -8.35000 -5.15000 0.10000"
547,0.0000,Tx-Rx,0,-59.7277,"-3.90000 0.80000 1.00000, -8.05000 -5.15000 0.10000"
548,0.0000,Tx-Rx,0,-55.2209,"-3.90000 0.80000 1.00000, -7.75000 -5.15000 0.10000"
549,0.0000,Tx-Rx,0,-52.4490,"-3.90000 0.80000 1.00000, -7.45000 -5.15000 0.10000"
550,0.0000,Tx-Rx,0,-51.6367,"-3.90000 0.80000 1.00000, -7.15000 -5.15000 0.10000"
551,0.0000,Tx-Rx,0,-51.4047,"-3.90000 0.80000 1.00000, -6.85000 -5.15000 0.10000"
552,0.0000,Tx-Rx,0,-52.2115,"-3.90000 0.80000 1.00000, -6.55000 -5.15000 0.10000"
553,0.0000,Tx-Rx,0,-55.4935,"-3.90000 0.80000 1.00000, -6.25000 -5.15000 0.10000"
554,0.0000,Tx-Rx,0,-56.7655,"-3.90000 0.80000 1.00000, -5.95000 -5.15000 0.10000"
555,0.0000,Tx-Rx,0,-57.6474,"-3.90000 0.80000 1.00000, -5.65000 -5.15000 0.10000"
556,0.0000,Tx-Rx,0,-57.2852,"-3.90000 0.80000 1.00000, -5.35000 -5.15000 0.10000"
557,0.0000,Tx-Rx,0,-59.5350,"-3.90000 0.80000 1.00000, -5.05000 -5.15000 0.10000"
558,0.0000,Tx-Rx,0,-59.4312,"-3.90000 0.80000 1.00000, -4.75000 -5.15000 0.10000"
559,0.0000,Tx-Rx,0,-59.8619,"-3.90000 0.80000 1.00000, -4.45000 -5.15000 0.10000"
560,0.0000,Tx-Rx,0,-59.5857,"-3.90000 0.80000 1.00000, -4.15000 -5.15000 0.10000"
561,0.0000,Tx-Rx,0,-59.2505,"-3.90000 0.80000 1.00000, -3.85000 -5.15000 0.10000"
562,0.0000,Tx-Rx,0,-59.4594,"-3.90000 0.80000 1.00000, -3.55000 -5.15000 0.10000"
563,0.0000,Tx-Rx,0,-59.7847,"-3.90000 0.80000 1.00000, -3.25000 -5.15000 0.10000"
564,0.0000,Tx-Rx,0,-57.7730,"-3.90000 0.80000 1.00000, -2.95000 -5.15000 0.10000"
565,0.0000,Tx-Rx,0,-57.5519,"-3.90000 0.80000 1.00000, -2.65000 -5.15000 0.10000"
566,0.0000,Tx-Rx,0,-57.7838,"-3.90000 0.80000 1.00000, -2.35000 -5.15000 0.10000"
567,0.0000,Tx-Rx,0,-56.3948,"-3.90000 0.80000 1.00000, -2.05000 -5.15000 0.10000"
568,0.0000,Tx-Rx,0,-54.2630,"-3.90000 0.80000 1.00000, -1.75000 -5.15000 0.10000"
569,0.0000,Tx-Rx,0,-53.4840,"-3.90000 0.80000 1.00000, -1.45000 -5.15000 0.10000"
570,0.0000,Tx-Rx,0,-50.7149,"-3.90000 0.80000 1.00000, -1.15000 -5.15000 0.10000"
571,0.0000,Tx-Rx,0,-51.4200,"-3.90000 0.80000 1.00000, -0.85000 -5.15000 0.10000"
572,0.0000,Tx-Rx,0,-52.0955,"-3.90000 0.80000 1.00000, -0.55000 -5.15000 0.10000"
573,0.0000,Tx-Rx,0,-55.3294,"-3.90000 0.80000 1.00000, -0.25000 -5.15000 0.10000"
574,0.0000,Tx-Rx,0,-61.0864,"-3.90000 0.80000 1.00000, 0.05000 -5.15000 0.10000"
575,0.0000,Tx-Rx,0,-79.8541,"-3.90000 0.80000 1.00000, 0.35000 -5.15000 0.10000"
576,0.0000,Tx-Rx,0,-78.7410,"-3.90000 0.80000 1.00000, 0.65000 -5.15000 0.10000"
577,0.0000,Tx-Rx,0,-76.9683,"-3.90000 0.80000 1.00000, 0.95000 -5.15000 0.10000"
578,0.0000,Tx-Rx,0,-74.4580,"-3.90000 0.80000 1.00000, 1.25000 -5.15000 0.10000"
579,0.0000,Tx-Rx,0,-71.6262,"-3.90000 0.80000 1.00000, 1.55000 -5.15000 0.10000"
580,0.0000,Tx-Rx,0,-68.4116,"-3.90000 0.80000 1.00000, 1.85000 -5.15000 0.10000"
581,0.0000,Tx-Rx,0,-65.9836,"-3.90000 0.80000 1.00000, 2.15000 -5.15000 0.10000"
582,0.0000,Tx-Rx,0,-66.8280,"-3.90000 0.80000 1.00000, 2.45000 -5.15000 0.10000"
583,0.0000,Tx-Rx,0,-72.4144,"-3.90000 0.80000 1.00000, 2.75000 -5.15000 0.10000"
584,0.0000,Tx-Rx,0,-69.7563,"-3.90000 0.80000 1.00000, 3.05000 -5.15000 0.10000"
585,0.0000,Tx-Rx,0,-72.5171,"-3.90000 0.80000 1.00000, 3.35000 -5.15000 0.10000"
586,0.0000,Tx-Rx,0,-74.7222,"-3.90000 0.80000 1.00000, 3.65000 -5.15000 0.10000"
587,0.0000,Tx-Rx,0,-82.4817,"-3.90000 0.80000 1.00000, 3.95000 -5.15000 0.10000"
588,0.0000,Tx-Rx,0,-82.8964,"-3.90000 0.80000 1.00000, 4.25000 -5.15000 0.10000"
589,0.0000,Tx-Rx,0,-85.1372,"-3.90000 0.80000 1.00000, 4.55000 -5.15000 0.10000"
590,0.0000,Tx-Rx,0,-81.6251,"-3.90000 0.80000 1.00000, 4.85000 -5.15000 0.10000"
591,0.0000,Tx-Rx,0,-77.7931,"-3.90000 0.80000 1.00000, 5.15000 -5.15000 0.10000"
592,0.0000,Tx-Rx,0,-78.7030,"-3.90000 0.80000 1.00000, 5.45000 -5.15000 0.10000"
593,0.0000,Tx-Rx,0,-75.1991,"-3.90000 0.80000 1.00000, 5.75000 -5.15000 0.10000"
594,0.0000,Tx-Rx,0,-72.0448,"-3.90000 0.80000 1.00000, 6.05000 -5.15000 0.10000"
595,0.0000,Tx-Rx,0,-74.4226,"-3.90000 0.80000 1.00000, 6.35000 -5.15000 0.10000"
596,0.0000,Tx-Rx,0,-75.9389,"-3.90000 0.80000 1.00000, 6.65000 -5.15000 0.10000"
597,0.0000,Tx-Rx,0,-76.8379,"-3.90000 0.80000 1.00000, 6.95000 -5.15000 0.10000"
598,0.0000,Tx-Rx,0,-75.8414,"-3.90000 0.80000 1.00000, 7.25000 -5.15000 0.10000"
599,0.0000,Tx-Rx,0,-76.3425,"-3.90000 0.80000 1.00000, 7.55000 -5.15000 0.10000"
600,0.0000,Tx-Rx,0,-77.2926,"-3.90000 0.80000 1.00000, 7.85000 -5.15000 0.10000"
601,0.0000,Tx-Rx,0,-81.1692,"-3.90000 0.80000 1.00000, -9.85000 -4.85000 0.10000"
602,0.0000,Tx-Rx,0,-80.2071,"-3.90000 0.80000 1.00000, -9.55000 -4.85000 0.10000"
603,0.0000,Tx-Rx,0,-80.1179,"-3.90000 0.80000 1.00000, -9.25000 -4.85000 0.10000"
604,0.0000,Tx-Rx,0,-81.6475,"-3.90000 0.80000 1.00000, -8.95000 -4.85000 0.10000"
605,0.0000,Tx-Rx,0,-86.5108,"-3.90000 0.80000 1.00000, -8.65000 -4.85000 0.10000"
606,0.0000,Tx-Rx,0,-87.2670,"-3.90000 0.80000 1.00000, -8.35000 -4.85000 0.10000"
607,0.0000,Tx-Rx,0,-59.5726,"-3.90000 0.80000 1.00000, -8.05000 -4.85000 0.10000"
608,0.0000,Tx-Rx,0,-55.1851,"-3.90000 0.80000 1.00000, -7.75000 -4.85000 0.10000"
609,0.0000,Tx-Rx,0,-54.2941,"-3.90000 0.80000 1.00000, -7.45000 -4.85000 0.10000"
610,0.0000,Tx-Rx,0,-51.0657,"-3.90000 0.80000 1.00000, -7.15000 -4.85000 0.10000"
611,0.0000,Tx-Rx,0,-50.8872,"-3.90000 0.80000 1.00000, -6.85000 -4.85000 0.10000"
612,0.0000,Tx-Rx,0,-51.9635,"-3.90000 0.80000 1.00000, -6.55000 -4.85000 0.10000"
613,0.0000,Tx-Rx,0,-56.3362,"-3.90000 0.80000 1.00000, -6.25000 -4.85000 0.10000"
614,0.0000,Tx-Rx,0,-57.2249,"-3.90000 0.80000 1.00000, -5.95000 -4.85000 0.10000"
615,0.0000,Tx-Rx,0,-57.2766,"-3.90000 0.80000 1.00000, -5.65000 -4.85000 0.10000"
616,0.0000,Tx-Rx,0,-59.1227,"-3.90000 0.80000 1.00000, -5.35000 -4.85000 0.10000"
617,0.0000,Tx-Rx,0,-59.3239,"-3.90000 0.80000 1.00000, -5.05000 -4.85000 0.10000"
618,0.0000,Tx-Rx,0,-59.6159,"-3.90000 0.80000 1.00000, -4.75000 -4.85000 0.10000"
619,0.0000,Tx-Rx,0,-59.7921,"-3.90000 0.80000 1.00000, -4.45000 -4.85000 0.10000"
620,0.0000,Tx-Rx,0,-59.6678,"-3.90000 0.80000 1.00000, -4.15000 -4.85000 0.10000"
621,0.0000,Tx-Rx,0,-59.3586,"-3.90000 0.80000 1.00000, -3.85000 -4.85000 0.10000"
622,0.0000,Tx-Rx,0,-59.3787,"-3.90000 0.80000 1.00000, -3.55000 -4.85000 0.10000"
623,0.0000,Tx-Rx,0,-59.2315,"-3.90000 0.80000 1.00000, -3.25000 -4.85000 0.10000"
624,0.0000,Tx-Rx,0,-57.8302,"-3.90000 0.80000 1.00000, -2.95000 -4.85000 0.10000"
625,0.0000,Tx-Rx,0,-57.4246,"-3.90000 0.80000 1.00000, -2.65000 -4.85000 0.10000"
626,0.0000,Tx-Rx,0,-57.2996,"-3.90000 0.80000 1.00000, -2.35000 -4.85000 0.10000"
627,0.0000,Tx-Rx,0,-56.7594,"-3.90000 0.80000 1.00000, -2.05000 -4.85000 0.10000"
628,0.0000,Tx-Rx,0,-54.6650,"-3.90000 0.80000 1.00000, -1.75000 -4.85000 0.10000"
629,0.0000,Tx-Rx,0,-53.5981,"-3.90000 0.80000 1.00000, -1.45000 -4.85000 0.10000"
630,0.0000,Tx-Rx,0,-50.0665,"-3.90000 0.80000 1.00000, -1.15000 -4.85000 0.10000"
631,0.0000,Tx-Rx,0,-51.2094,"-3.90000 0.80000 1.00000, -0.85000 -4.85000 0.10000"
632,0.0000,Tx-Rx,0,-53.1421,"-3.90000 0.80000 1.00000, -0.55000 -4.85000 0.10000"
633,0.0000,Tx-Rx,0,-56.3692,"-3.90000 0.80000 1.00000, -0.25000 -4.85000 0.10000"
634,0.0000,Tx-Rx,0,-60.8525,"-3.90000 0.80000 1.00000, 0.05000 -4.85000 0.10000"
635,0.0000,Tx-Rx,0,-81.6959,"-3.90000 0.80000 1.00000, 0.35000 -4.85000 0.10000"
636,0.0000,Tx-Rx,0,-78.3607,"-3.90000 0.80000 1.00000, 0.65000 -4.85000 0.10000"
637,0.0000,Tx-Rx,0,-75.3777,"-3.90000 0.80000 1.00000, 0.95000 -4.85000 0.10000"
638,0.0000,Tx-Rx,0,-74.8445,"-3.90000 0.80000 1.00000, 1.25000 -4.85000 0.10000"
639,0.0000,Tx-Rx,0,-71.6572,"-3.90000 0.80000 1.00000, 1.55000 -4.85000 0.10000"
640,0.0000,Tx-Rx,0,-66.6994,"-3.90000 0.80000 1.00000, 1.85000 -4.85000 0.10000"
641,0.0000,Tx-Rx,0,-66.5204,"-3.90000 0.80000 1.00000, 2.15000 -4.85000 0.10000"
642,0.0000,Tx-Rx,0,-66.9176,"-3.90000 0.80000 1.00000, 2.45000 -4.85000 0.10000"
643,0.0000,Tx-Rx,0,-73.7450,"-3.90000 0.80000 1.00000, 2.75000 -4.85000 0.10000"
644,0.0000,Tx-Rx,0,-68.7397,"-3.90000 0.80000 1.00000, 3.05000 -4.85000 0.10000"
645,0.0000,Tx-Rx,0,-73.1161,"-3.90000 0.80000 1.00000, 3.35000 -4.85000 0.10000"
646,0.0000,Tx-Rx,0,-77.8136,"-3.90000 0.80000 1.00000, 3.65000 -4.85000 0.10000"
647,0.0000,Tx-Rx,0,-79.9287,"-3.90000 0.80000 1.00000, 3.95000 -4.85000 0.10000"
648,0.0000,Tx-Rx,0,-83.0815,"-3.90000 0.80000 1.00000, 4.25000 -4.85000 0.10000"
649,0.0000,Tx-Rx,0,-82.8950,"-3.90000 0.80000 1.00000, 4.55000 -4.85000 0.10000"
650,0.0000,Tx-Rx,0,-86.3039,"-3.90000 0.80000 1.00000, 4.85000 -4.85000 0.10000"
651,0.0000,Tx-Rx,0,-79.8440,"-3.90000 0.80000 1.00000, 5.15000 -4.85000 0.10000"
652,0.0000,Tx-Rx,0,-77.6676,"-3.90000 0.80000 1.00000, 5.45000 -4.85000 0.10000"
653,0.0000,Tx-Rx,0,-75.3320,"-3.90000 0.80000 1.00000, 5.75000 -4.85000 0.10000"
654,0.0000,Tx-Rx,0,-70.9999,"-3.90000 0.80000 1.00000, 6.05000 -4.85000 0.10000"
655,0.0000,Tx-Rx,0,-73.8952,"-3.90000 0.80000 1.00000, 6.35000 -4.85000 0.10000"
656,0.0000,Tx-Rx,0,-74.3955,"-3.90000 0.80000 1.00000, 6.65000 -4.85000 0.10000"
657,0.0000,Tx-Rx,0,-75.5679,"-3.90000 0.80000 1.00000, 6.95000 -4.85000 0.10000"
658,0.0000,Tx-Rx,0,-74.2026,"-3.90000 0.80000 1.00000, 7.25000 -4.85000 0.10000"
659,0.0000,Tx-Rx,0,-78.0293,"-3.90000 0.80000 1.00000, 7.55000 -4.85000 0.10000"
660,0.0000,Tx-Rx,0,-79.1087,"-3.90000 0.80000 1.00000, 7.85000 -4.85000 0.10000"
661,0.0000,Tx-Rx,0,-84.1816,"-3.90000 0.80000 1.00000, -9.85000 -4.55000 0.10000"
662,0.0000,Tx-Rx,0,-80.7469,"-3.90000 0.80000 1.00000, -9.55000 -4.55000 0.10000"
663,0.0000,Tx-Rx,0,-80.4230,"-3.90000 0.80000 1.00000, -9.25000 -4.55000 0.10000"
664,0.0000,Tx-Rx,0,-78.6535,"-3.90000 0.80000 1.00000, -8.95000 -4.55000 0.10000"
665,0.0000,Tx-Rx,0,-81.2412,"-3.90000 0.80000 1.00000, -8.65000 -4.55000 0.10000"
666,0.0000,Tx-Rx,0,-85.6453,"-3.90000 0.80000 1.00000, -8.35000 -4.55000 0.10000"
667,0.0000,Tx-Rx,0,-60.2843,"-3.90000 0.80000 1.00000, -8.05000 -4.55000 0.10000"
668,0.0000,Tx-Rx,0,-55.3877,"-3.90000 0.80000 1.00000, -7.75000 -4.55000 0.10000"
669,0.0000,Tx-Rx,0,-53.8816,"-3.90000 0.80000 1.00000, -7.45000 -4.55000 0.10000"
670,0.0000,Tx-Rx,0,-51.4779,"-3.90000 0.80000 1.00000, -7.15000 -4.55000 0.10000"
671,0.0000,Tx-Rx,0,-50.5238,"-3.90000 0.80000 1.00000, -6.85000 -4.55000 0.10000"
672,0.0000,Tx-Rx,0,-51.8603,"-3.90000 0.80000 1.00000, -6.55000 -4.55000 0.10000"
673,0.0000,Tx-Rx,0,-58.2760,"-3.90000 0.80000 1.00000, -6.25000 -4.55000 0.10000"
674,0.0000,Tx-Rx,0,-57.5475,"-3.90000 0.80000 1.00000, -5.95000 -4.55000 0.10000"
675,0.0000,Tx-Rx,0,-56.5349,"-3.90000 0.80000 1.00000, -5.65000 -4.55000 0.10000"
676,0.0000,Tx-Rx,0,-59.4783,"-3.90000 0.80000 1.00000, -5.35000 -4.55000 0.10000"
677,0.0000,Tx-Rx,0,-59.5558,"-3.90000 0.80000 1.00000, -5.05000 -4.55000 0.10000"
678,0.0000,Tx-Rx,0,-59.4828,"-3.90000 0.80000 1.00000, -4.75000 -4.55000 0.10000"
679,0.0000,Tx-Rx,0,-59.4985,"-3.90000 0.80000 1.00000, -4.45000 -4.55000 0.10000"
680,0.0000,Tx-Rx,0,-59.5335,"-3.90000 0.80000 1.00000, -4.15000 -4.55000 0.10000"
681,0.0000,Tx-Rx,0,-59.3225,"-3.90000 0.80000 1.00000, -3.85000 -4.55000 0.10000"
682,0.0000,Tx-Rx,0,-59.0666,"-3.90000 0.80000 1.00000, -3.55000 -4.55000 0.10000"
683,0.0000,Tx-Rx,0,-57.8773,"-3.90000 0.80000 1.00000, -3.25000 -4.55000 0.10000"
684,0.0000,Tx-Rx,0,-57.6699,"-3.90000 0.80000 1.00000, -2.95000 -4.55000 0.10000"
685,0.0000,Tx-Rx,0,-57.7399,"-3.90000 0.80000 1.00000, -2.65000 -4.55000 0.10000"
686,0.0000,Tx-Rx,0,-57.3020,"-3.90000 0.80000 1.00000, -2.35000 -4.55000 0.10000"
687,0.0000,Tx-Rx,0,-55.6054,"-3.90000 0.80000 1.00000, -2.05000 -4.55000 0.10000"
688,0.0000,Tx-Rx,0,-55.6333,"-3.90000 0.80000 1.00000, -1.75000 -4.55000 0.10000"
689,0.0000,Tx-Rx,0,-53.6647,"-3.90000 0.80000 1.00000, -1.45000 -4.55000 0.10000"
690,0.0000,Tx-Rx,0,-50.4373,"-3.90000 0.80000 1.00000, -1.15000 -4.55000 0.10000"
691,0.0000,Tx-Rx,0,-50.7887,"-3.90000 0.80000 1.00000, -0.85000 -4.55000 0.10000"
692,0.0000,Tx-Rx,0,-55.1225,"-3.90000 0.80000 1.00000, -0.55000 -4.55000 0.10000"
693,0.0000,Tx-Rx,0,-56.4056,"-3.90000 0.80000 1.00000, -0.25000 -4.55000 0.10000"
694,0.0000,Tx-Rx,0,-61.7124,"-3.90000 0.80000 1.00000, 0.05000 -4.55000 0.10000"
695,0.0000,Tx-Rx,0,-82.4401,"-3.90000 0.80000 1.00000, 0.35000 -4.55000 0.10000"
696,0.0000,Tx-Rx,0,-77.2887,"-3.90000 0.80000 1.00000, 0.65000 -4.55000 0.10000"
697,0.0000,Tx-Rx,0,-76.0553,"-3.90000 0.80000 1.00000, 0.95000 -4.55000 0.10000"
698,0.0000,Tx-Rx,0,-74.9662,"-3.90000 0.80000 1.00000, 1.25000 -4.55000 0.10000"
699,0.0000,Tx-Rx,0,-70.9184,"-3.90000 0.80000 1.00000, 1.55000 -4.55000 0.10000"
700,0.0000,Tx-Rx,0,-65.9663,"-3.90000 0.80000 1.00000, 1.85000 -4.55000 0.10000"
701,0.0000,Tx-Rx,0,-66.8294,"-3.90000 0.80000 1.00000, 2.15000 -4.55000 0.10000"
702,0.0000,Tx-Rx,0,-67.3003,"-3.90000 0.80000 1.00000, 2.45000 -4.55000 0.10000"
703,0.0000,Tx-Rx,0,-69.6390,"-3.90000 0.80000 1.00000, 2.75000 -4.55000 0.10000"
704,0.0000,Tx-Rx,0,-71.2923,"-3.90000 0.80000 1.00000, 3.05000 -4.55000 0.10000"
705,0.0000,Tx-Rx,0,-73.4911,"-3.90000 0.80000 1.00000, 3.35000 -4.55000 0.10000"
706,0.0000,Tx-Rx,0,-76.7585,"-3.90000 0.80000 1.00000, 3.65000 -4.55000 0.10000"
707,0.0000,Tx-Rx,0,-78.4842,"-3.90000 0.80000 1.00000, 3.95000 -4.55000 0.10000"
708,0.0000,Tx-Rx,0,-81.9291,"-3.90000 0.80000 1.00000, 4.25000 -4.55000 0.10000"
709,0.0000,Tx-Rx,0,-81.0163,"-3.90000 0.80000 1.00000, 4.55000 -4.55000 0.10000"
710,0.0000,Tx-Rx,0,-85.2793,"-3.90000 0.80000 1.00000, 4.85000 -4.55000 0.10000"
711,0.0000,Tx-Rx,0,-79.3441,"-3.90000 0.80000 1.00000, 5.15000 -4.55000 0.10000"
712,0.0000,Tx-Rx,0,-76.4809,"-3.90000 0.80000 1.00000, 5.45000 -4.55000 0.10000"
713,0.0000,Tx-Rx,0,-74.4401,"-3.90000 0.80000 1.00000, 5.75000 -4.55000 0.10000"
714,0.0000,Tx-Rx,0,-73.8165,"-3.90000 0.80000 1.00000, 6.05000 -4.55000 0.10000"
715,0.0000,Tx-Rx,0,-74.2177,"-3.90000 0.80000 1.00000, 6.35000 -4.55000 0.10000"
716,0.0000,Tx-Rx,0,-73.9308,"-3.90000 0.80000 1.00000, 6.65000 -4.55000 0.10000"
717,0.0000,Tx-Rx,0,-72.2621,"-3.90000 0.80000 1.00000, 6.95000 -4.55000 0.10000"
718,0.0000,Tx-Rx,0,-76.1848,"-3.90000 0.80000 1.00000, 7.25000 -4.55000 0.10000"
719,0.0000,Tx-Rx,0,-80.4082,"-3.90000 0.80000 1.00000, 7.55000 -4.55000 0.10000"
720,0.0000,Tx-Rx,0,-79.9561,"-3.90000 0.80000 1.00000, 7.85000 -4.55000 0.10000"
721,0.0000,Tx-Rx,0,-86.7331,"-3.90000 0.80000 1.00000, -9.85000 -4.25000 0.10000"
722,0.0000,Tx-Rx,0,-85.4104,"-3.90000 0.80000 1.00000, -9.55000 -4.25000 0.10000"
723,0.0000,Tx-Rx,0,-79.4494,"-3.90000 0.80000 1.00000, -9.25000 -4.25000 0.10000"
724,0.0000,Tx-Rx,0,-79.7213,"-3.90000 0.80000 1.00000, -8.95000 -4.25000 0.10000"
725,0.0000,Tx-Rx,0,-79.9680,"-3.90000 0.80000 1.00000, -8.65000 -4.25000 0.10000"
726,0.0000,Tx-Rx,0,-80.9319,"-3.90000 0.80000 1.00000, -8.35000 -4.25000 0.10000"
727,0.0000,Tx-Rx,0,-60.8432,"-3.90000 0.80000 1.00000, -8.05000 -4.25000 0.10000"
728,0.0000,Tx-Rx,0,-55.3214,"-3.90000 0.80000 1.00000, -7.75000 -4.25000 0.10000"
729,0.0000,Tx-Rx,0,-53.3938,"-3.90000 0.80000 1.00000, -7.45000 -4.25000 0.10000"
730,0.0000,Tx-Rx,0,-53.5385,"-3.90000 0.80000 1.00000, -7.15000 -4.25000 0.10000"
731,0.0000,Tx-Rx,0,-51.2868,"-3.90000 0.80000 1.00000, -6.85000 -4.25000 0.10000"
732,0.0000,Tx-Rx,0,-54.6540,"-3.90000 0.80000 1.00000, -6.55000 -4.25000 0.10000"
733,0.0000,Tx-Rx,0,-58.2779,"-3.90000 0.80000 1.00000, -6.25000 -4.25000 0.10000"
734,0.0000,Tx-Rx,0,-56.6881,"-3.90000 0.80000 1.00000, -5.95000 -4.25000 0.10000"
735,0.0000,Tx-Rx,0,-57.6667,"-3.90000 0.80000 1.00000, -5.65000 -4.25000 0.10000"
736,0.0000,Tx-Rx,0,-58.0408,"-3.90000 0.80000 1.00000, -5.35000 -4.25000 0.10000"
737,0.0000,Tx-Rx,0,-59.2468,"-3.90000 0.80000 1.00000, -5.05000 -4.25000 0.10000"
738,0.0000,Tx-Rx,0,-59.0308,"-3.90000 0.80000 1.00000, -4.75000 -4.25000 0.10000"
739,0.0000,Tx-Rx,0,-59.3513,"-3.90000 0.80000 1.00000, -4.45000 -4.25000 0.10000"
740,0.0000,Tx-Rx,0,-59.1609,"-3.90000 0.80000 1.00000, -4.15000 -4.25000 0.10000"
741,0.0000,Tx-Rx,0,-58.6634,"-3.90000 0.80000 1.00000, -3.85000 -4.25000 0.10000"
742,0.0000,Tx-Rx,0,-57.2212,"-3.90000 0.80000 1.00000, -3.55000 -4.25000 0.10000"
743,0.0000,Tx-Rx,0,-57.3149,"-3.90000 0.80000 1.00000, -3.25000 -4.25000 0.10000"
744,0.0000,Tx-Rx,0,-57.6105,"-3.90000 0.80000 1.00000, -2.95000 -4.25000 0.10000"
745,0.0000,Tx-Rx,0,-57.6229,"-3.90000 0.80000 1.00000, -2.65000 -4.25000 0.10000"
746,0.0000,Tx-Rx,0,-57.0442,"-3.90000 0.80000 1.00000, -2.35000 -4.25000 0.10000"
747,0.0000,Tx-Rx,0,-56.0159,"-3.90000 0.80000 1.00000, -2.05000 -4.25000 0.10000"
748,0.0000,Tx-Rx,0,-55.3357,"-3.90000 0.80000 1.00000, -1.75000 -4.25000 0.10000"
749,0.0000,Tx-Rx,0,-56.2722,"-3.90000 0.80000 1.00000, -1.45000 -4.25000 0.10000"
750,0.0000,Tx-Rx,0,-54.3117,"-3.90000 0.80000 1.00000, -1.15000 -4.25000 0.10000"
751,0.0000,Tx-Rx,0,-53.1021,"-3.90000 0.80000 1.00000, -0.85000 -4.25000 0.10000"
752,0.0000,Tx-Rx,0,-54.1681,"-3.90000 0.80000 1.00000, -0.55000 -4.25000 0.10000"
753,0.0000,Tx-Rx,0,-56.4060,"-3.90000 0.80000 1.00000, -0.25000 -4.25000 0.10000"
754,0.0000,Tx-Rx,0,-62.4266,"-3.90000 0.80000 1.00000, 0.05000 -4.25000 0.10000"
755,0.0000,Tx-Rx,0,-78.9535,"-3.90000 0.80000 1.00000, 0.35000 -4.25000 0.10000"
756,0.0000,Tx-Rx,0,-76.7732,"-3.90000 0.80000 1.00000, 0.65000 -4.25000 0.10000"
757,0.0000,Tx-Rx,0,-74.8129,"-3.90000 0.80000 1.00000, 0.95000 -4.25000 0.10000"
758,0.0000,Tx-Rx,0,-76.4779,"-3.90000 0.80000 1.00000, 1.25000 -4.25000 0.10000"
759,0.0000,Tx-Rx,0,-69.3430,"-3.90000 0.80000 1.00000, 1.55000 -4.25000 0.10000"
760,0.0000,Tx-Rx,0,-65.9263,"-3.90000 0.80000 1.00000, 1.85000 -4.25000 0.10000"
761,0.0000,Tx-Rx,0,-66.6248,"-3.90000 0.80000 1.00000, 2.15000 -4.25000 0.10000"
762,0.0000,Tx-Rx,0,-67.7112,"-3.90000 0.80000 1.00000, 2.45000 -4.25000 0.10000"
763,0.0000,Tx-Rx,0,-67.3821,"-3.90000 0.80000 1.00000, 2.75000 -4.25000 0.10000"
764,0.0000,Tx-Rx,0,-72.2844,"-3.90000 0.80000 1.00000, 3.05000 -4.25000 0.10000"
765,0.0000,Tx-Rx,0,-75.0344,"-3.90000 0.80000 1.00000, 3.35000 -4.25000 0.10000"
766,0.0000,Tx-Rx,0,-75.5876,"-3.90000 0.80000 1.00000, 3.65000 -4.25000 0.10000"
767,0.0000,Tx-Rx,0,-75.5870,"-3.90000 0.80000 1.00000, 3.95000 -4.25000 0.10000"
768,0.0000,Tx-Rx,0,-79.7568,"-3.90000 0.80000 1.00000, 4.25000 -4.25000 0.10000"
769,0.0000,Tx-Rx,0,-80.2045,"-3.90000 0.80000 1.00000, 4.55000 -4.25000 0.10000"
770,0.0000,Tx-Rx,0,-76.4107,"-3.90000 0.80000 1.00000, 4.85000 -4.25000 0.10000"
771,0.0000,Tx-Rx,0,-75.9565,"-3.90000 0.80000 1.00000, 5.15000 -4.25000 0.10000"
772,0.0000,Tx-Rx,0,-75.1450,"-3.90000 0.80000 1.00000, 5.45000 -4.25000 0.10000"
773,0.0000,Tx-Rx,0,-75.3638,"-3.90000 0.80000 1.00000, 5.75000 -4.25000 0.10000"
774,0.0000,Tx-Rx,0,-74.1154,"-3.90000 0.80000 1.00000, 6.05000 -4.25000 0.10000"
775,0.0000,Tx-Rx,0,-73.6492,"-3.90000 0.80000 1.00000, 6.35000 -4.25000 0.10000"
776,0.0000,Tx-Rx,0,-72.2554,"-3.90000 0.80000 1.00000, 6.65000 -4.25000 0.10000"
777,0.0000,Tx-Rx,0,-74.9658,"-3.90000 0.80000 1.00000, 6.95000 -4.25000 0.10000"
778,0.0000,Tx-Rx,0,-76.6380,"-3.90000 0.80000 1.00000, 7.25000 -4.25000 0.10000"
779,0.0000,Tx-Rx,0,-75.7322,"-3.90000 0.80000 1.00000, 7.55000 -4.25000 0.10000"
780,0.0000,Tx-Rx,0,-76.7774,"-3.90000 0.80000 1.00000, 7.85000 -4.25000 0.10000"
781,0.0000,Tx-Rx,0,-85.5701,"-3.90000 0.80000 1.00000, -9.85000 -3.95000 0.10000"
782,0.0000,Tx-Rx,0,-85.9054,"-3.90000 0.80000 1.00000, -9.55000 -3.95000 0.10000"
783,0.0000,Tx-Rx,0,-83.4463,"-3.90000 0.80000 1.00000, -9.25000 -3.95000 0.10000"
784,0.0000,Tx-Rx,0,-79.6813,"-3.90000 0.80000 1.00000, -8.95000 -3.95000 0.10000"
785,0.0000,Tx-Rx,0,-79.6731,"-3.90000 0.80000 1.00000, -8.65000 -3.95000 0.10000"
786,0.0000,Tx-Rx,0,-79.1080,"-3.90000 0.80000 1.00000, -8.35000 -3.95000 0.10000"
787,0.0000,Tx-Rx,0,-58.4915,"-3.90000 0.80000 1.00000, -8.05000 -3.95000 0.10000"
788,0.0000,Tx-Rx,0,-54.3133,"-3.90000 0.80000 1.00000, -7.75000 -3.95000 0.10000"
789,0.0000,Tx-Rx,0,-53.9989,"-3.90000 0.80000 1.00000, -7.45000 -3.95000 0.10000"
790,0.0000,Tx-Rx,0,-54.1206,"-3.90000 0.80000 1.00000, -7.15000 -3.95000 0.10000"
791,0.0000,Tx-Rx,0,-56.2943,"-3.90000 0.80000 1.00000, -6.85000 -3.95000 0.10000"
792,0.0000,Tx-Rx,0,-56.6520,"-3.90000 0.80000 1.00000, -6.55000 -3.95000 0.10000"
793,0.0000,Tx-Rx,0,-56.7566,"-3.90000 0.80000 1.00000, -6.25000 -3.95000 0.10000"
794,0.0000,Tx-Rx,0,-57.0142,"-3.90000 0.80000 1.00000, -5.95000 -3.95000 0.10000"
795,0.0000,Tx-Rx,0,-58.5444,"-3.90000 0.80000 1.00000, -5.65000 -3.95000 0.10000"
796,0.0000,Tx-Rx,0,-56.6657,"-3.90000 0.80000 1.00000, -5.35000 -3.95000 0.10000"
797,0.0000,Tx-Rx,0,-58.3910,"-3.90000 0.80000 1.00000, -5.05000 -3.95000 0.10000"
798,0.0000,Tx-Rx,0,-58.2566,"-3.90000 0.80000 1.00000, -4.75000 -3.95000 0.10000"
799,0.0000,Tx-Rx,0,-58.1281,"-3.90000 0.80000 1.00000, -4.45000 -3.95000 0.10000"
800,0.0000,Tx-Rx,0,-58.1258,"-3.90000 0.80000 1.00000, -4.15000 -3.95000 0.10000"
801,0.0000,Tx-Rx,0,-57.5304,"-3.90000 0.80000 1.00000, -3.85000 -3.95000 0.10000"
802,0.0000,Tx-Rx,0,-56.5314,"-3.90000 0.80000 1.00000, -3.55000 -3.95000 0.10000"
803,0.0000,Tx-Rx,0,-56.9979,"-3.90000 0.80000 1.00000, -3.25000 -3.95000 0.10000"
804,0.0000,Tx-Rx,0,-57.4879,"-3.90000 0.80000 1.00000, -2.95000 -3.95000 0.10000"
805,0.0000,Tx-Rx,0,-57.5373,"-3.90000 0.80000 1.00000, -2.65000 -3.95000 0.10000"
806,0.0000,Tx-Rx,0,-56.5549,"-3.90000 0.80000 1.00000, -2.35000 -3.95000 0.10000"
807,0.0000,Tx-Rx,0,-56.3796,"-3.90000 0.80000 1.00000, -2.05000 -3.95000 0.10000"
808,0.0000,Tx-Rx,0,-56.0902,"-3.90000 0.80000 1.00000, -1.75000 -3.95000 0.10000"
809,0.0000,Tx-Rx,0,-56.9693,"-3.90000 0.80000 1.00000, -1.45000 -3.95000 0.10000"
810,0.0000,Tx-Rx,0,-55.2256,"-3.90000 0.80000 1.00000, -1.15000 -3.95000 0.10000"
811,0.0000,Tx-Rx,0,-54.8654,"-3.90000 0.80000 1.00000, -0.85000 -3.95000 0.10000"
812,0.0000,Tx-Rx,0,-54.1018,"-3.90000 0.80000 1.00000, -0.55000 -3.95000 0.10000"
813,0.0000,Tx-Rx,0,-54.8302,"-3.90000 0.80000 1.00000, -0.25000 -3.95000 0.10000"
814,0.0000,Tx-Rx,0,-60.9218,"-3.90000 0.80000 1.00000, 0.05000 -3.95000 0.10000"
815,0.0000,Tx-Rx,0,-77.1150,"-3.90000 0.80000 1.00000, 0.35000 -3.95000 0.10000"
816,0.0000,Tx-Rx,0,-75.9226,"-3.90000 0.80000 1.00000, 0.65000 -3.95000 0.10000"
817,0.0000,Tx-Rx,0,-75.1424,"-3.90000 0.80000 1.00000, 0.95000 -3.95000 0.10000"
818,0.0000,Tx-Rx,0,-77.7047,"-3.90000 0.80000 1.00000, 1.25000 -3.95000 0.10000"
819,0.0000,Tx-Rx,0,-67.4620,"-3.90000 0.80000 1.00000, 1.55000 -3.95000 0.10000"
820,0.0000,Tx-Rx,0,-66.2200,"-3.90000 0.80000 1.00000, 1.85000 -3.95000 0.10000"
821,0.0000,Tx-Rx,0,-66.4369,"-3.90000 0.80000 1.00000, 2.15000 -3.95000 0.10000"
822,0.0000,Tx-Rx,0,-66.8527,"-3.90000 0.80000 1.00000, 2.45000 -3.95000 0.10000"
823,0.0000,Tx-Rx,0,-66.6949,"-3.90000 0.80000 1.00000, 2.75000 -3.95000 0.10000"
824,0.0000,Tx-Rx,0,-71.4850,"-3.90000 0.80000 1.00000, 3.05000 -3.95000 0.10000"
825,0.0000,Tx-Rx,0,-73.8370,"-3.90000 0.80000 1.00000, 3.35000 -3.95000 0.10000"
826,0.0000,Tx-Rx,0,-75.0338,"-3.90000 0.80000 1.00000, 3.65000 -3.95000 0.10000"
827,0.0000,Tx-Rx,0,-74.9536,"-3.90000 0.80000 1.00000, 3.95000 -3.95000 0.10000"
828,0.0000,Tx-Rx,0,-74.1386,"-3.90000 0.80000 1.00000, 4.25000 -3.95000 0.10000"
829,0.0000,Tx-Rx,0,-72.6653,"-3.90000 0.80000 1.00000, 4.55000 -3.95000 0.10000"
830,0.0000,Tx-Rx,0,-73.0297,"-3.90000 0.80000 1.00000, 4.85000 -3.95000 0.10000"
831,0.0000,Tx-Rx,0,-74.5366,"-3.90000 0.80000 1.00000, 5.15000 -3.95000 0.10000"
832,0.0000,Tx-Rx,0,-74.4744,"-3.90000 0.80000 1.00000, 5.45000 -3.95000 0.10000"
833,0.0000,Tx-Rx,0,-75.5107,"-3.90000 0.80000 1.00000, 5.75000 -3.95000 0.10000"
834,0.0000,Tx-Rx,0,-75.5831,"-3.90000 0.80000 1.00000, 6.05000 -3.95000 0.10000"
835,0.0000,Tx-Rx,0,-71.7275,"-3.90000 0.80000 1.00000, 6.35000 -3.95000 0.10000"
836,0.0000,Tx-Rx,0,-74.5226,"-3.90000 0.80000 1.00000, 6.65000 -3.95000 0.10000"
837,0.0000,Tx-Rx,0,-78.6477,"-3.90000 0.80000 1.00000, 6.95000 -3.95000 0.10000"
838,0.0000,Tx-Rx,0,-75.5999,"-3.90000 0.80000 1.00000, 7.25000 -3.95000 0.10000"
839,0.0000,Tx-Rx,0,-74.5037,"-3.90000 0.80000 1.00000, 7.55000 -3.95000 0.10000"
840,0.0000,Tx-Rx,0,-71.5486,"-3.90000 0.80000 1.00000, 7.85000 -3.95000 0.10000"
841,0.0000,Tx-Rx,0,-87.5534,"-3.90000 0.80000 1.00000, -9.85000 -3.65000 0.10000"
842,0.0000,Tx-Rx,0,-85.1592,"-3.90000 0.80000 1.00000, -9.55000 -3.65000 0.10000"
843,0.0000,Tx-Rx,0,-84.8633,"-3.90000 0.80000 1.00000, -9.25000 -3.65000 0.10000"
844,0.0000,Tx-Rx,0,-83.4631,"-3.90000 0.80000 1.00000, -8.95000 -3.65000 0.10000"
845,0.0000,Tx-Rx,0,-79.8138,"-3.90000 0.80000 1.00000, -8.65000 -3.65000 0.10000"
846,0.0000,Tx-Rx,0,-77.1429,"-3.90000 0.80000 1.00000, -8.35000 -3.65000 0.10000"
847,0.0000,Tx-Rx,0,-54.5599,"-3.90000 0.80000 1.00000, -8.05000 -3.65000 0.10000"
848,0.0000,Tx-Rx,0,-51.4111,"-3.90000 0.80000 1.00000, -7.75000 -3.65000 0.10000"
849,0.0000,Tx-Rx,0,-54.2400,"-3.90000 0.80000 1.00000, -7.45000 -3.65000 0.10000"
850,0.0000,Tx-Rx,0,-56.0885,"-3.90000 0.80000 1.00000, -7.15000 -3.65000 0.10000"
851,0.0000,Tx-Rx,0,-55.5995,"-3.90000 0.80000 1.00000, -6.85000 -3.65000 0.10000"
852,0.0000,Tx-Rx,0,-53.8636,"-3.90000 0.80000 1.00000, -6.55000 -3.65000 0.10000"
853,0.0000,Tx-Rx,0,-56.3635,"-3.90000 0.80000 1.00000, -6.25000 -3.65000 0.10000"
854,0.0000,Tx-Rx,0,-57.5715,"-3.90000 0.80000 1.00000, -5.95000 -3.65000 0.10000"
855,0.0000,Tx-Rx,0,-57.7181,"-3.90000 0.80000 1.00000, -5.65000 -3.65000 0.10000"
856,0.0000,Tx-Rx,0,-57.0116,"-3.90000 0.80000 1.00000, -5.35000 -3.65000 0.10000"
857,0.0000,Tx-Rx,0,-55.4393,"-3.90000 0.80000 1.00000, -5.05000 -3.65000 0.10000"
858,0.0000,Tx-Rx,0,-57.2458,"-3.90000 0.80000 1.00000, -4.75000 -3.65000 0.10000"
859,0.0000,Tx-Rx,0,-57.6997,"-3.90000 0.80000 1.00000, -4.45000 -3.65000 0.10000"
860,0.0000,Tx-Rx,0,-57.5544,"-3.90000 0.80000 1.00000, -4.15000 -3.65000 0.10000"
861,0.0000,Tx-Rx,0,-56.3312,"-3.90000 0.80000 1.00000, -3.85000 -3.65000 0.10000"
862,0.0000,Tx-Rx,0,-56.3803,"-3.90000 0.80000 1.00000, -3.55000 -3.65000 0.10000"
863,0.0000,Tx-Rx,0,-56.9497,"-3.90000 0.80000 1.00000, -3.25000 -3.65000 0.10000"
864,0.0000,Tx-Rx,0,-57.0175,"-3.90000 0.80000 1.00000, -2.95000 -3.65000 0.10000"
865,0.0000,Tx-Rx,0,-56.8971,"-3.90000 0.80000 1.00000, -2.65000 -3.65000 0.10000"
866,0.0000,Tx-Rx,0,-56.6646,"-3.90000 0.80000 1.00000, -2.35000 -3.65000 0.10000"
867,0.0000,Tx-Rx,0,-55.9413,"-3.90000 0.80000 1.00000, -2.05000 -3.65000 0.10000"
868,0.0000,Tx-Rx,0,-57.4806,"-3.90000 0.80000 1.00000, -1.75000 -3.65000 0.10000"
869,0.0000,Tx-Rx,0,-55.6115,"-3.90000 0.80000 1.00000, -1.45000 -3.65000 0.10000"
870,0.0000,Tx-Rx,0,-53.5766,"-3.90000 0.80000 1.00000, -1.15000 -3.65000 0.10000"
871,0.0000,Tx-Rx,0,-55.4116,"-3.90000 0.80000 1.00000, -0.85000 -3.65000 0.10000"
872,0.0000,Tx-Rx,0,-55.3752,"-3.90000 0.80000 1.00000, -0.55000 -3.65000 0.10000"
873,0.0000,Tx-Rx,0,-52.8538,"-3.90000 0.80000 1.00000, -0.25000 -3.65000 0.10000"
874,0.0000,Tx-Rx,0,-54.7517,"-3.90000 0.80000 1.00000, 0.05000 -3.65000 0.10000"
875,0.0000,Tx-Rx,0,-76.8580,"-3.90000 0.80000 1.00000, 0.35000 -3.65000 0.10000"
876,0.0000,Tx-Rx,0,-76.9369,"-3.90000 0.80000 1.00000, 0.65000 -3.65000 0.10000"
877,0.0000,Tx-Rx,0,-75.5804,"-3.90000 0.80000 1.00000, 0.95000 -3.65000 0.10000"
878,0.0000,Tx-Rx,0,-73.1987,"-3.90000 0.80000 1.00000, 1.25000 -3.65000 0.10000"
879,0.0000,Tx-Rx,0,-66.7595,"-3.90000 0.80000 1.00000, 1.55000 -3.65000 0.10000"
880,0.0000,Tx-Rx,0,-66.5210,"-3.90000 0.80000 1.00000, 1.85000 -3.65000 0.10000"
881,0.0000,Tx-Rx,0,-66.2308,"-3.90000 0.80000 1.00000, 2.15000 -3.65000 0.10000"
882,0.0000,Tx-Rx,0,-66.5952,"-3.90000 0.80000 1.00000, 2.45000 -3.65000 0.10000"
883,0.0000,Tx-Rx,0,-68.5032,"-3.90000 0.80000 1.00000, 2.75000 -3.65000 0.10000"
884,0.0000,Tx-Rx,0,-71.0732,"-3.90000 0.80000 1.00000, 3.05000 -3.65000 0.10000"
885,0.0000,Tx-Rx,0,-72.9836,"-3.90000 0.80000 1.00000, 3.35000 -3.65000 0.10000"
886,0.0000,Tx-Rx,0,-72.3900,"-3.90000 0.80000 1.00000, 3.65000 -3.65000 0.10000"
887,0.0000,Tx-Rx,0,-73.3401,"-3.90000 0.80000 1.00000, 3.95000 -3.65000 0.10000"
888,0.0000,Tx-Rx,0,-72.3899,"-3.90000 0.80000 1.00000, 4.25000 -3.65000 0.10000"
889,0.0000,Tx-Rx,0,-72.1784,"-3.90000 0.80000 1.00000, 4.55000 -3.65000 0.10000"
890,0.0000,Tx-Rx,0,-71.9529,"-3.90000 0.80000 1.00000, 4.85000 -3.65000 0.10000"
891,0.0000,Tx-Rx,0,-72.2228,"-3.90000 0.80000 1.00000, 5.15000 -3.65000 0.10000"
892,0.0000,Tx-Rx,0,-75.8444,"-3.90000 0.80000 1.00000, 5.45000 -3.65000 0.10000"
893,0.0000,Tx-Rx,0,-74.2980,"-3.90000 0.80000 1.00000, 5.75000 -3.65000 0.10000"
894,0.0000,Tx-Rx,0,-73.9877,"-3.90000 0.80000 1.00000, 6.05000 -3.65000 0.10000"
895,0.0000,Tx-Rx,0,-72.6026,"-3.90000 0.80000 1.00000, 6.35000 -3.65000 0.10000"
896,0.0000,Tx-Rx,0,-78.6748,"-3.90000 0.80000 1.00000, 6.65000 -3.65000 0.10000"
897,0.0000,Tx-Rx,0,-75.6630,"-3.90000 0.80000 1.00000, 6.95000 -3.65000 0.10000"
898,0.0000,Tx-Rx,0,-73.4818,"-3.90000 0.80000 1.00000, 7.25000 -3.65000 0.10000"
899,0.0000,Tx-Rx,0,-70.6244,"-3.90000 0.80000 1.00000, 7.55000 -3.65000 0.10000"
900,0.0000,Tx-Rx,0,-70.1408,"-3.90000 0.80000 1.00000, 7.85000 -3.65000 0.10000"
901,0.0000,Tx-Rx,0,-87.4302,"-3.90000 0.80000 1.00000, -9.85000 -3.35000 0.10000"
902,0.0000,Tx-Rx,0,-87.4789,"-3.90000 0.80000 1.00000, -9.55000 -3.35000 0.10000"
903,0.0000,Tx-Rx,0,-85.1050,"-3.90000 0.80000 1.00000, -9.25000 -3.35000 0.10000"
904,0.0000,Tx-Rx,0,-85.8336,"-3.90000 0.80000 1.00000, -8.95000 -3.35000 0.10000"
905,0.0000,Tx-Rx,0,-83.3942,"-3.90000 0.80000 1.00000, -8.65000 -3.35000 0.10000"
906,0.0000,Tx-Rx,0,-78.1644,"-3.90000 0.80000 1.00000, -8.35000 -3.35000 0.10000"
907,0.0000,Tx-Rx,0,-54.4393,"-3.90000 0.80000 1.00000, -8.05000 -3.35000 0.10000"
908,0.0000,Tx-Rx,0,-49.4682,"-3.90000 0.80000 1.00000, -7.75000 -3.35000 0.10000"
909,0.0000,Tx-Rx,0,-52.5860,"-3.90000 0.80000 1.00000, -7.45000 -3.35000 0.10000"
910,0.0000,Tx-Rx,0,-57.0691,"-3.90000 0.80000 1.00000, -7.15000 -3.35000 0.10000"
911,0.0000,Tx-Rx,0,-55.5313,"-3.90000 0.80000 1.00000, -6.85000 -3.35000 0.10000"
912,0.0000,Tx-Rx,0,-54.6722,"-3.90000 0.80000 1.00000, -6.55000 -3.35000 0.10000"
913,0.0000,Tx-Rx,0,-56.1312,"-3.90000 0.80000 1.00000, -6.25000 -3.35000 0.10000"
914,0.0000,Tx-Rx,0,-56.7833,"-3.90000 0.80000 1.00000, -5.95000 -3.35000 0.10000"
915,0.0000,Tx-Rx,0,-56.2152,"-3.90000 0.80000 1.00000, -5.65000 -3.35000 0.10000"
916,0.0000,Tx-Rx,0,-56.5178,"-3.90000 0.80000 1.00000, -5.35000 -3.35000 0.10000"
917,0.0000,Tx-Rx,0,-55.8399,"-3.90000 0.80000 1.00000, -5.05000 -3.35000 0.10000"
918,0.0000,Tx-Rx,0,-55.2543,"-3.90000 0.80000 1.00000, -4.75000 -3.35000 0.10000"
919,0.0000,Tx-Rx,0,-56.7977,"-3.90000 0.80000 1.00000, -4.45000 -3.35000 0.10000"
920,0.0000,Tx-Rx,0,-56.0150,"-3.90000 0.80000 1.00000, -4.15000 -3.35000 0.10000"
921,0.0000,Tx-Rx,0,-55.9463,"-3.90000 0.80000 1.00000, -3.85000 -3.35000 0.10000"
922,0.0000,Tx-Rx,0,-56.2601,"-3.90000 0.80000 1.00000, -3.55000 -3.35000 0.10000"
923,0.0000,Tx-Rx,0,-56.8450,"-3.90000 0.80000 1.00000, -3.25000 -3.35000 0.10000"
924,0.0000,Tx-Rx,0,-56.9007,"-3.90000 0.80000 1.00000, -2.95000 -3.35000 0.10000"
925,0.0000,Tx-Rx,0,-56.8141,"-3.90000 0.80000 1.00000, -2.65000 -3.35000 0.10000"
926,0.0000,Tx-Rx,0,-56.3864,"-3.90000 0.80000 1.00000, -2.35000 -3.35000 0.10000"
927,0.0000,Tx-Rx,0,-56.8185,"-3.90000 0.80000 1.00000, -2.05000 -3.35000 0.10000"
928,0.0000,Tx-Rx,0,-57.3270,"-3.90000 0.80000 1.00000, -1.75000 -3.35000 0.10000"
929,0.0000,Tx-Rx,0,-56.5173,"-3.90000 0.80000 1.00000, -1.45000 -3.35000 0.10000"
930,0.0000,Tx-Rx,0,-55.1588,"-3.90000 0.80000 1.00000, -1.15000 -3.35000 0.10000"
931,0.0000,Tx-Rx,0,-55.8871,"-3.90000 0.80000 1.00000, -0.85000 -3.35000 0.10000"
932,0.0000,Tx-Rx,0,-54.8742,"-3.90000 0.80000 1.00000, -0.55000 -3.35000 0.10000"
933,0.0000,Tx-Rx,0,-49.8866,"-3.90000 0.80000 1.00000, -0.25000 -3.35000 0.10000"
934,0.0000,Tx-Rx,0,-54.3258,"-3.90000 0.80000 1.00000, 0.05000 -3.35000 0.10000"
935,0.0000,Tx-Rx,0,-78.6153,"-3.90000 0.80000 1.00000, 0.35000 -3.35000 0.10000"
936,0.0000,Tx-Rx,0,-76.5428,"-3.90000 0.80000 1.00000, 0.65000 -3.35000 0.10000"
937,0.0000,Tx-Rx,0,-76.2502,"-3.90000 0.80000 1.00000, 0.95000 -3.35000 0.10000"
938,0.0000,Tx-Rx,0,-69.4677,"-3.90000 0.80000 1.00000, 1.25000 -3.35000 0.10000"
939,0.0000,Tx-Rx,0,-66.6545,"-3.90000 0.80000 1.00000, 1.55000 -3.35000 0.10000"
940,0.0000,Tx-Rx,0,-66.5373,"-3.90000 0.80000 1.00000, 1.85000 -3.35000 0.10000"
941,0.0000,Tx-Rx,0,-66.3172,"-3.90000 0.80000 1.00000, 2.15000 -3.35000 0.10000"
942,0.0000,Tx-Rx,0,-66.3595,"-3.90000 0.80000 1.00000, 2.45000 -3.35000 0.10000"
943,0.0000,Tx-Rx,0,-68.8863,"-3.90000 0.80000 1.00000, 2.75000 -3.35000 0.10000"
944,0.0000,Tx-Rx,0,-75.9448,"-3.90000 0.80000 1.00000, 3.05000 -3.35000 0.10000"
945,0.0000,Tx-Rx,0,-73.8032,"-3.90000 0.80000 1.00000, 3.35000 -3.35000 0.10000"
946,0.0000,Tx-Rx,0,-72.7457,"-3.90000 0.80000 1.00000, 3.65000 -3.35000 0.10000"
947,0.0000,Tx-Rx,0,-71.1437,"-3.90000 0.80000 1.00000, 3.95000 -3.35000 0.10000"
948,0.0000,Tx-Rx,0,-71.2548,"-3.90000 0.80000 1.00000, 4.25000 -3.35000 0.10000"
949,0.0000,Tx-Rx,0,-72.1720,"-3.90000 0.80000 1.00000, 4.55000 -3.35000 0.10000"
950,0.0000,Tx-Rx,0,-72.7218,"-3.90000 0.80000 1.00000, 4.85000 -3.35000 0.10000"
951,0.0000,Tx-Rx,0,-71.1983,"-3.90000 0.80000 1.00000, 5.15000 -3.35000 0.10000"
952,0.0000,Tx-Rx,0,-70.6768,"-3.90000 0.80000 1.00000, 5.45000 -3.35000 0.10000"
953,0.0000,Tx-Rx,0,-73.4639,"-3.90000 0.80000 1.00000, 5.75000 -3.35000 0.10000"
954,0.0000,Tx-Rx,0,-73.1334,"-3.90000 0.80000 1.00000, 6.05000 -3.35000 0.10000"
955,0.0000,Tx-Rx,0,-76.3764,"-3.90000 0.80000 1.00000, 6.35000 -3.35000 0.10000"
956,0.0000,Tx-Rx,0,-75.1121,"-3.90000 0.80000 1.00000, 6.65000 -3.35000 0.10000"
957,0.0000,Tx-Rx,0,-71.5348,"-3.90000 0.80000 1.00000, 6.95000 -3.35000 0.10000"
958,0.0000,Tx-Rx,0,-70.5967,"-3.90000 0.80000 1.00000, 7.25000 -3.35000 0.10000"
959,0.0000,Tx-Rx,0,-70.7457,"-3.90000 0.80000 1.00000, 7.55000 -3.35000 0.10000"
960,0.0000,Tx-Rx,0,-71.4590,"-3.90000 0.80000 1.00000, 7.85000 -3.35000 0.10000"
961,0.0000,Tx-Rx,0,-69.2916,"-3.90000 0.80000 1.00000, -9.85000 -3.05000 0.10000"
962,0.0000,Tx-Rx,0,-67.0098,"-3.90000 0.80000 1.00000, -9.55000 -3.05000 0.10000"
963,0.0000,Tx-Rx,0,-64.8430,"-3.90000 0.80000 1.00000, -9.25000 -3.05000 0.10000"
964,0.0000,Tx-Rx,0,-60.7628,"-3.90000 0.80000 1.00000, -8.95000 -3.05000 0.10000"
965,0.0000,Tx-Rx,0,-60.4462,"-3.90000 0.80000 1.00000, -8.65000 -3.05000 0.10000"
966,0.0000,Tx-Rx,0,-60.3878,"-3.90000 0.80000 1.00000, -8.35000 -3.05000 0.10000"
967,0.0000,Tx-Rx,0,-53.8587,"-3.90000 0.80000 1.00000, -8.05000 -3.05000 0.10000"
968,0.0000,Tx-Rx,0,-49.9927,"-3.90000 0.80000 1.00000, -7.75000 -3.05000 0.10000"
969,0.0000,Tx-Rx,0,-49.9794,"-3.90000 0.80000 1.00000, -7.45000 -3.05000 0.10000"
970,0.0000,Tx-Rx,0,-53.3767,"-3.90000 0.80000 1.00000, -7.15000 -3.05000 0.10000"
971,0.0000,Tx-Rx,0,-55.0658,"-3.90000 0.80000 1.00000, -6.85000 -3.05000 0.10000"
972,0.0000,Tx-Rx,0,-54.9235,"-3.90000 0.80000 1.00000, -6.55000 -3.05000 0.10000"
973,0.0000,Tx-Rx,0,-55.7844,"-3.90000 0.80000 1.00000, -6.25000 -3.05000 0.10000"
974,0.0000,Tx-Rx,0,-55.6280,"-3.90000 0.80000 1.00000, -5.95000 -3.05000 0.10000"
975,0.0000,Tx-Rx,0,-55.9107,"-3.90000 0.80000 1.00000, -5.65000 -3.05000 0.10000"
976,0.0000,Tx-Rx,0,-56.2145,"-3.90000 0.80000 1.00000, -5.35000 -3.05000 0.10000"
977,0.0000,Tx-Rx,0,-55.8515,"-3.90000 0.80000 1.00000, -5.05000 -3.05000 0.10000"
978,0.0000,Tx-Rx,0,-55.5661,"-3.90000 0.80000 1.00000, -4.75000 -3.05000 0.10000"
979,0.0000,Tx-Rx,0,-55.1913,"-3.90000 0.80000 1.00000, -4.45000 -3.05000 0.10000"
980,0.0000,Tx-Rx,0,-55.1293,"-3.90000 0.80000 1.00000, -4.15000 -3.05000 0.10000"
981,0.0000,Tx-Rx,0,-55.9592,"-3.90000 0.80000 1.00000, -3.85000 -3.05000 0.10000"
982,0.0000,Tx-Rx,0,-56.3753,"-3.90000 0.80000 1.00000, -3.55000 -3.05000 0.10000"
983,0.0000,Tx-Rx,0,-56.9025,"-3.90000 0.80000 1.00000, -3.25000 -3.05000 0.10000"
984,0.0000,Tx-Rx,0,-56.6716,"-3.90000 0.80000 1.00000, -2.95000 -3.05000 0.10000"
985,0.0000,Tx-Rx,0,-56.6655,"-3.90000 0.80000 1.00000, -2.65000 -3.05000 0.10000"
986,0.0000,Tx-Rx,0,-56.2424,"-3.90000 0.80000 1.00000, -2.35000 -3.05000 0.10000"
987,0.0000,Tx-Rx,0,-57.2714,"-3.90000 0.80000 1.00000, -2.05000 -3.05000 0.10000"
988,0.0000,Tx-Rx,0,-56.2464,"-3.90000 0.80000 1.00000, -1.75000 -3.05000 0.10000"
989,0.0000,Tx-Rx,0,-57.0348,"-3.90000 0.80000 1.00000, -1.45000 -3.05000 0.10000"
990,0.0000,Tx-Rx,0,-55.4765,"-3.90000 0.80000 1.00000, -1.15000 -3.05000 0.10000"
991,0.0000,Tx-Rx,0,-55.5156,"-3.90000 0.80000 1.00000, -0.85000 -3.05000 0.10000"
992,0.0000,Tx-Rx,0,-50.0984,"-3.90000 0.80000 1.00000, -0.55000 -3.05000 0.10000"
993,0.0000,Tx-Rx,0,-49.7856,"-3.90000 0.80000 1.00000, -0.25000 -3.05000 0.10000"
994,0.0000,Tx-Rx,0,-55.8617,"-3.90000 0.80000 1.00000, 0.05000 -3.05000 0.10000"
995,0.0000,Tx-Rx,0,-80.0522,"-3.90000 0.80000 1.00000, 0.35000 -3.05000 0.10000"
996,0.0000,Tx-Rx,0,-74.6328,"-3.90000 0.80000 1.00000, 0.65000 -3.05000 0.10000"
997,0.0000,Tx-Rx,0,-76.6404,"-3.90000 0.80000 1.00000, 0.95000 -3.05000 0.10000"
998,0.0000,Tx-Rx,0,-67.4745,"-3.90000 0.80000 1.00000, 1.25000 -3.05000 0.10000"
999,0.0000,Tx-Rx,0,-66.4658,"-3.90000 0.80000 1.00000, 1.55000 -3.05000 0.10000"
1000,0.0000,Tx-Rx,0,-66.2758,"-3.90000 0.80000 1.00000, 1.85000 -3.05000 0.10000"
1001,0.0000,Tx-Rx,0,-65.9703,"-3.90000 0.80000 1.00000, 2.15000 -3.05000 0.10000"
1002,0.0000,Tx-Rx,0,-66.2449,"-3.90000 0.80000 1.00000, 2.45000 -3.05000 0.10000"
1003,0.0000,Tx-Rx,0,-68.3708,"-3.90000 0.80000 1.00000, 2.75000 -3.05000 0.10000"
1004,0.0000,Tx-Rx,0,-75.3150,"-3.90000 0.80000 1.00000, 3.05000 -3.05000 0.10000"
1005,0.0000,Tx-Rx,0,-76.2850,"-3.90000 0.80000 1.00000, 3.35000 -3.05000 0.10000"
1006,0.0000,Tx-Rx,0,-72.7058,"-3.90000 0.80000 1.00000, 3.65000 -3.05000 0.10000"
1007,0.0000,Tx-Rx,0,-70.0803,"-3.90000 0.80000 1.00000, 3.95000 -3.05000 0.10000"
1008,0.0000,Tx-Rx,0,-69.6062,"-3.90000 0.80000 1.00000, 4.25000 -3.05000 0.10000"
1009,0.0000,Tx-Rx,0,-69.5228,"-3.90000 0.80000 1.00000, 4.55000 -3.05000 0.10000"
1010,0.0000,Tx-Rx,0,-70.6364,"-3.90000 0.80000 1.00000, 4.85000 -3.05000 0.10000"
1011,0.0000,Tx-Rx,0,-69.5561,"-3.90000 0.80000 1.00000, 5.15000 -3.05000 0.10000"
1012,0.0000,Tx-Rx,0,-68.5289,"-3.90000 0.80000 1.00000, 5.45000 -3.05000 0.10000"
1013,0.0000,Tx-Rx,0,-68.5491,"-3.90000 0.80000 1.00000, 5.75000 -3.05000 0.10000"
1014,0.0000,Tx-Rx,0,-71.6018,"-3.90000 0.80000 1.00000, 6.05000 -3.05000 0.10000"
1015,0.0000,Tx-Rx,0,-70.0798,"-3.90000 0.80000 1.00000, 6.35000 -3.05000 0.10000"
1016,0.0000,Tx-Rx,0,-69.4152,"-3.90000 0.80000 1.00000, 6.65000 -3.05000 0.10000"
1017,0.0000,Tx-Rx,0,-70.1411,"-3.90000 0.80000 1.00000, 6.95000 -3.05000 0.10000"
1018,0.0000,Tx-Rx,0,-71.3669,"-3.90000 0.80000 1.00000, 7.25000 -3.05000 0.10000"
1019,0.0000,Tx-Rx,0,-71.6136,"-3.90000 0.80000 1.00000, 7.55000 -3.05000 0.10000"
1020,0.0000,Tx-Rx,0,-71.6155,"-3.90000 0.80000 1.00000, 7.85000 -3.05000 0.10000"
1021,0.0000,Tx-Rx,0,-64.0204,"-3.90000 0.80000 1.00000, -9.85000 -2.75000 0.10000"
1022,0.0000,Tx-Rx,0,-62.3835,"-3.90000 0.80000 1.00000, -9.55000 -2.75000 0.10000"
1023,0.0000,Tx-Rx,0,-60.5513,"-3.90000 0.80000 1.00000, -9.25000 -2.75000 0.10000"
1024,0.0000,Tx-Rx,0,-58.9997,"-3.90000 0.80000 1.00000, -8.95000 -2.75000 0.10000"
1025,0.0000,Tx-Rx,0,-56.3707,"-3.90000 0.80000 1.00000, -8.65000 -2.75000 0.10000"
1026,0.0000,Tx-Rx,0,-55.3450,"-3.90000 0.80000 1.00000, -8.35000 -2.75000 0.10000"
1027,0.0000,Tx-Rx,0,-55.7272,"-3.90000 0.80000 1.00000, -8.05000 -2.75000 0.10000"
1028,0.0000,Tx-Rx,0,-51.4822,"-3.90000 0.80000 1.00000, -7.75000 -2.75000 0.10000"
1029,0.0000,Tx-Rx,0,-49.5939,"-3.90000 0.80000 1.00000, -7.45000 -2.75000 0.10000"
1030,0.0000,Tx-Rx,0,-49.4089,"-3.90000 0.80000 1.00000, -7.15000 -2.75000 0.10000"
1031,0.0000,Tx-Rx,0,-52.8405,"-3.90000 0.80000 1.00000, -6.85000 -2.75000 0.10000"
1032,0.0000,Tx-Rx,0,-55.6607,"-3.90000 0.80000 1.00000, -6.55000 -2.75000 0.10000"
1033,0.0000,Tx-Rx,0,-56.1839,"-3.90000 0.80000 1.00000, -6.25000 -2.75000 0.10000"
1034,0.0000,Tx-Rx,0,-55.2427,"-3.90000 0.80000 1.00000, -5.95000 -2.75000 0.10000"
1035,0.0000,Tx-Rx,0,-55.6579,"-3.90000 0.80000 1.00000, -5.65000 -2.75000 0.10000"
1036,0.0000,Tx-Rx,0,-55.5920,"-3.90000 0.80000 1.00000, -5.35000 -2.75000 0.10000"
1037,0.0000,Tx-Rx,0,-56.1020,"-3.90000 0.80000 1.00000, -5.05000 -2.75000 0.10000"
1038,0.0000,Tx-Rx,0,-55.9656,"-3.90000 0.80000 1.00000, -4.75000 -2.75000 0.10000"
1039,0.0000,Tx-Rx,0,-55.0214,"-3.90000 0.80000 1.00000, -4.45000 -2.75000 0.10000"
1040,0.0000,Tx-Rx,0,-54.9067,"-3.90000 0.80000 1.00000, -4.15000 -2.75000 0.10000"
1041,0.0000,Tx-Rx,0,-56.0300,"-3.90000 0.80000 1.00000, -3.85000 -2.75000 0.10000"
1042,0.0000,Tx-Rx,0,-55.8455,"-3.90000 0.80000 1.00000, -3.55000 -2.75000 0.10000"
1043,0.0000,Tx-Rx,0,-56.1924,"-3.90000 0.80000 1.00000, -3.25000 -2.75000 0.10000"
1044,0.0000,Tx-Rx,0,-56.2453,"-3.90000 0.80000 1.00000, -2.95000 -2.75000 0.10000"
1045,0.0000,Tx-Rx,0,-56.5509,"-3.90000 0.80000 1.00000, -2.65000 -2.75000 0.10000"
1046,0.0000,Tx-Rx,0,-56.9254,"-3.90000 0.80000 1.00000, -2.35000 -2.75000 0.10000"
1047,0.0000,Tx-Rx,0,-55.2604,"-3.90000 0.80000 1.00000, -2.05000 -2.75000 0.10000"
1048,0.0000,Tx-Rx,0,-56.6724,"-3.90000 0.80000 1.00000, -1.75000 -2.75000 0.10000"
1049,0.0000,Tx-Rx,0,-56.3726,"-3.90000 0.80000 1.00000, -1.45000 -2.75000 0.10000"
1050,0.0000,Tx-Rx,0,-54.6072,"-3.90000 0.80000 1.00000, -1.15000 -2.75000 0.10000"
1051,0.0000,Tx-Rx,0,-49.8207,"-3.90000 0.80000 1.00000, -0.85000 -2.75000 0.10000"
1052,0.0000,Tx-Rx,0,-48.9920,"-3.90000 0.80000 1.00000, -0.55000 -2.75000 0.10000"
1053,0.0000,Tx-Rx,0,-51.5598,"-3.90000 0.80000 1.00000, -0.25000 -2.75000 0.10000"
1054,0.0000,Tx-Rx,0,-57.4638,"-3.90000 0.80000 1.00000, 0.05000 -2.75000 0.10000"
1055,0.0000,Tx-Rx,0,-77.5193,"-3.90000 0.80000 1.00000, 0.35000 -2.75000 0.10000"
1056,0.0000,Tx-Rx,0,-74.5858,"-3.90000 0.80000 1.00000, 0.65000 -2.75000 0.10000"
1057,0.0000,Tx-Rx,0,-73.2249,"-3.90000 0.80000 1.00000, 0.95000 -2.75000 0.10000"
1058,0.0000,Tx-Rx,0,-66.3346,"-3.90000 0.80000 1.00000, 1.25000 -2.75000 0.10000"
1059,0.0000,Tx-Rx,0,-66.0086,"-3.90000 0.80000 1.00000, 1.55000 -2.75000 0.10000"
1060,0.0000,Tx-Rx,0,-65.8140,"-3.90000 0.80000 1.00000, 1.85000 -2.75000 0.10000"
1061,0.0000,Tx-Rx,0,-65.7668,"-3.90000 0.80000 1.00000, 2.15000 -2.75000 0.10000"
1062,0.0000,Tx-Rx,0,-66.1516,"-3.90000 0.80000 1.00000, 2.45000 -2.75000 0.10000"
1063,0.0000,Tx-Rx,0,-71.8908,"-3.90000 0.80000 1.00000, 2.75000 -2.75000 0.10000"
1064,0.0000,Tx-Rx,0,-76.4346,"-3.90000 0.80000 1.00000, 3.05000 -2.75000 0.10000"
1065,0.0000,Tx-Rx,0,-73.6792,"-3.90000 0.80000 1.00000, 3.35000 -2.75000 0.10000"
1066,0.0000,Tx-Rx,0,-72.4400,"-3.90000 0.80000 1.00000, 3.65000 -2.75000 0.10000"
1067,0.0000,Tx-Rx,0,-72.0466,"-3.90000 0.80000 1.00000, 3.95000 -2.75000 0.10000"
1068,0.0000,Tx-Rx,0,-70.7157,"-3.90000 0.80000 1.00000, 4.25000 -2.75000 0.10000"
1069,0.0000,Tx-Rx,0,-68.5584,"-3.90000 0.80000 1.00000, 4.55000 -2.75000 0.10000"
1070,0.0000,Tx-Rx,0,-68.7105,"-3.90000 0.80000 1.00000, 4.85000 -2.75000 0.10000"
1071,0.0000,Tx-Rx,0,-69.2148,"-3.90000 0.80000 1.00000, 5.15000 -2.75000 0.10000"
1072,0.0000,Tx-Rx,0,-68.0290,"-3.90000 0.80000 1.00000, 5.45000 -2.75000 0.10000"
1073,0.0000,Tx-Rx,0,-67.4239,"-3.90000 0.80000 1.00000, 5.75000 -2.75000 0.10000"
1074,0.0000,Tx-Rx,0,-65.8124,"-3.90000 0.80000 1.00000, 6.05000 -2.75000 0.10000"
1075,0.0000,Tx-Rx,0,-67.6743,"-3.90000 0.80000 1.00000, 6.35000 -2.75000 0.10000"
1076,0.0000,Tx-Rx,0,-69.1888,"-3.90000 0.80000 1.00000, 6.65000 -2.75000 0.10000"
1077,0.0000,Tx-Rx,0,-71.3325,"-3.90000 0.80000 1.00000, 6.95000 -2.75000 0.10000"
1078,0.0000,Tx-Rx,0,-71.8126,"-3.90000 0.80000 1.00000, 7.25000 -2.75000 0.10000"
1079,0.0000,Tx-Rx,0,-71.5475,"-3.90000 0.80000 1.00000, 7.55000 -2.75000 0.10000"
1080,0.0000,Tx-Rx,0,-71.6006,"-3.90000 0.80000 1.00000, 7.85000 -2.75000 0.10000"
1081,0.0000,Tx-Rx,0,-60.5232,"-3.90000 0.80000 1.00000, -9.85000 -2.45000 0.10000"
1082,0.0000,Tx-Rx,0,-60.4950,"-3.90000 0.80000 1.00000, -9.55000 -2.45000 0.10000"
1083,0.0000,Tx-Rx,0,-58.9087,"-3.90000 0.80000 1.00000, -9.25000 -2.45000 0.10000"
1084,0.0000,Tx-Rx,0,-58.7671,"-3.90000 0.80000 1.00000, -8.95000 -2.45000 0.10000"
1085,0.0000,Tx-Rx,0,-57.9943,"-3.90000 0.80000 1.00000, -8.65000 -2.45000 0.10000"
1086,0.0000,Tx-Rx,0,-55.7642,"-3.90000 0.80000 1.00000, -8.35000 -2.45000 0.10000"
1087,0.0000,Tx-Rx,0,-55.1140,"-3.90000 0.80000 1.00000, -8.05000 -2.45000 0.10000"
1088,0.0000,Tx-Rx,0,-54.7918,"-3.90000 0.80000 1.00000, -7.75000 -2.45000 0.10000"
1089,0.0000,Tx-Rx,0,-51.3138,"-3.90000 0.80000 1.00000, -7.45000 -2.45000 0.10000"
1090,0.0000,Tx-Rx,0,-48.5513,"-3.90000 0.80000 1.00000, -7.15000 -2.45000 0.10000"
1091,0.0000,Tx-Rx,0,-50.2930,"-3.90000 0.80000 1.00000, -6.85000 -2.45000 0.10000"
1092,0.0000,Tx-Rx,0,-55.9092,"-3.90000 0.80000 1.00000, -6.55000 -2.45000 0.10000"
1093,0.0000,Tx-Rx,0,-56.2010,"-3.90000 0.80000 1.00000, -6.25000 -2.45000 0.10000"
1094,0.0000,Tx-Rx,0,-55.7846,"-3.90000 0.80000 1.00000, -5.95000 -2.45000 0.10000"
1095,0.0000,Tx-Rx,0,-55.2309,"-3.90000 0.80000 1.00000, -5.65000 -2.45000 0.10000"
1096,0.0000,Tx-Rx,0,-55.6481,"-3.90000 0.80000 1.00000, -5.35000 -2.45000 0.10000"
1097,0.0000,Tx-Rx,0,-56.3335,"-3.90000 0.80000 1.00000, -5.05000 -2.45000 0.10000"
1098,0.0000,Tx-Rx,0,-55.1845,"-3.90000 0.80000 1.00000, -4.75000 -2.45000 0.10000"
1099,0.0000,Tx-Rx,0,-55.1678,"-3.90000 0.80000 1.00000, -4.45000 -2.45000 0.10000"
1100,0.0000,Tx-Rx,0,-54.7862,"-3.90000 0.80000 1.00000, -4.15000 -2.45000 0.10000"
1101,0.0000,Tx-Rx,0,-55.1963,"-3.90000 0.80000 1.00000, -3.85000 -2.45000 0.10000"
1102,0.0000,Tx-Rx,0,-55.7215,"-3.90000 0.80000 1.00000, -3.55000 -2.45000 0.10000"
1103,0.0000,Tx-Rx,0,-55.9065,"-3.90000 0.80000 1.00000, -3.25000 -2.45000 0.10000"
1104,0.0000,Tx-Rx,0,-55.1387,"-3.90000 0.80000 1.00000, -2.95000 -2.45000 0.10000"
1105,0.0000,Tx-Rx,0,-55.3486,"-3.90000 0.80000 1.00000, -2.65000 -2.45000 0.10000"
1106,0.0000,Tx-Rx,0,-53.9616,"-3.90000 0.80000 1.00000, -2.35000 -2.45000 0.10000"
1107,0.0000,Tx-Rx,0,-53.3393,"-3.90000 0.80000 1.00000, -2.05000 -2.45000 0.10000"
1108,0.0000,Tx-Rx,0,-54.3086,"-3.90000 0.80000 1.00000, -1.75000 -2.45000 0.10000"
1109,0.0000,Tx-Rx,0,-54.2753,"-3.90000 0.80000 1.00000, -1.45000 -2.45000 0.10000"
1110,0.0000,Tx-Rx,0,-53.6667,"-3.90000 0.80000 1.00000, -1.15000 -2.45000 0.10000"
1111,0.0000,Tx-Rx,0,-49.3859,"-3.90000 0.80000 1.00000, -0.85000 -2.45000 0.10000"
1112,0.0000,Tx-Rx,0,-51.2178,"-3.90000 0.80000 1.00000, -0.55000 -2.45000 0.10000"
1113,0.0000,Tx-Rx,0,-52.5378,"-3.90000 0.80000 1.00000, -0.25000 -2.45000 0.10000"
1114,0.0000,Tx-Rx,0,-57.4412,"-3.90000 0.80000 1.00000, 0.05000 -2.45000 0.10000"
1115,0.0000,Tx-Rx,0,-77.5579,"-3.90000 0.80000 1.00000, 0.35000 -2.45000 0.10000"
1116,0.0000,Tx-Rx,0,-74.6714,"-3.90000 0.80000 1.00000, 0.65000 -2.45000 0.10000"
1117,0.0000,Tx-Rx,0,-68.6169,"-3.90000 0.80000 1.00000, 0.95000 -2.45000 0.10000"
1118,0.0000,Tx-Rx,0,-65.9529,"-3.90000 0.80000 1.00000, 1.25000 -2.45000 0.10000"
1119,0.0000,Tx-Rx,0,-65.7966,"-3.90000 0.80000 1.00000, 1.55000 -2.45000 0.10000"
1120,0.0000,Tx-Rx,0,-65.7386,"-3.90000 0.80000 1.00000, 1.85000 -2.45000 0.10000"
1121,0.0000,Tx-Rx,0,-65.7699,"-3.90000 0.80000 1.00000, 2.15000 -2.45000 0.10000"
1122,0.0000,Tx-Rx,0,-67.0538,"-3.90000 0.80000 1.00000, 2.45000 -2.45000 0.10000"
1123,0.0000,Tx-Rx,0,-76.4519,"-3.90000 0.80000 1.00000, 2.75000 -2.45000 0.10000"
1124,0.0000,Tx-Rx,0,-72.5701,"-3.90000 0.80000 1.00000, 3.05000 -2.45000 0.10000"
1125,0.0000,Tx-Rx,0,-71.7016,"-3.90000 0.80000 1.00000, 3.35000 -2.45000 0.10000"
1126,0.0000,Tx-Rx,0,-71.9145,"-3.90000 0.80000 1.00000, 3.65000 -2.45000 0.10000"
1127,0.0000,Tx-Rx,0,-71.8785,"-3.90000 0.80000 1.00000, 3.95000 -2.45000 0.10000"
1128,0.0000,Tx-Rx,0,-71.3291,"-3.90000 0.80000 1.00000, 4.25000 -2.45000 0.10000"
1129,0.0000,Tx-Rx,0,-71.0400,"-3.90000 0.80000 1.00000, 4.55000 -2.45000 0.10000"
1130,0.0000,Tx-Rx,0,-69.5733,"-3.90000 0.80000 1.00000, 4.85000 -2.45000 0.10000"
1131,0.0000,Tx-Rx,0,-67.0252,"-3.90000 0.80000 1.00000, 5.15000 -2.45000 0.10000"
1132,0.0000,Tx-Rx,0,-65.6170,"-3.90000 0.80000 1.00000, 5.45000 -2.45000 0.10000"
1133,0.0000,Tx-Rx,0,-65.8298,"-3.90000 0.80000 1.00000, 5.75000 -2.45000 0.10000"
1134,0.0000,Tx-Rx,0,-67.7305,"-3.90000 0.80000 1.00000, 6.05000 -2.45000 0.10000"
1135,0.0000,Tx-Rx,0,-67.6285,"-3.90000 0.80000 1.00000, 6.35000 -2.45000 0.10000"
1136,0.0000,Tx-Rx,0,-68.1949,"-3.90000 0.80000 1.00000, 6.65000 -2.45000 0.10000"
1137,0.0000,Tx-Rx,0,-70.4228,"-3.90000 0.80000 1.00000, 6.95000 -2.45000 0.10000"
1138,0.0000,Tx-Rx,0,-71.7653,"-3.90000 0.80000 1.00000, 7.25000 -2.45000 0.10000"
1139,0.0000,Tx-Rx,0,-71.7825,"-3.90000 0.80000 1.00000, 7.55000 -2.45000 0.10000"
1140,0.0000,Tx-Rx,0,-73.8017,"-3.90000 0.80000 1.00000, 7.85000 -2.45000 0.10000"
1141,0.0000,Tx-Rx,0,-57.6969,"-3.90000 0.80000 1.00000, -9.85000 -2.15000 0.10000"
1142,0.0000,Tx-Rx,0,-56.5332,"-3.90000 0.80000 1.00000, -9.55000 -2.15000 0.10000"
1143,0.0000,Tx-Rx,0,-54.7745,"-3.90000 0.80000 1.00000, -9.25000 -2.15000 0.10000"
1144,0.0000,Tx-Rx,0,-54.9401,"-3.90000 0.80000 1.00000, -8.95000 -2.15000 0.10000"
1145,0.0000,Tx-Rx,0,-55.3914,"-3.90000 0.80000 1.00000, -8.65000 -2.15000 0.10000"
1146,0.0000,Tx-Rx,0,-54.9565,"-3.90000 0.80000 1.00000, -8.35000 -2.15000 0.10000"
1147,0.0000,Tx-Rx,0,-54.2835,"-3.90000 0.80000 1.00000, -8.05000 -2.15000 0.10000"
1148,0.0000,Tx-Rx,0,-54.3549,"-3.90000 0.80000 1.00000, -7.75000 -2.15000 0.10000"
1149,0.0000,Tx-Rx,0,-54.0233,"-3.90000 0.80000 1.00000, -7.45000 -2.15000 0.10000"
1150,0.0000,Tx-Rx,0,-50.9638,"-3.90000 0.80000 1.00000, -7.15000 -2.15000 0.10000"
1151,0.0000,Tx-Rx,0,-51.6843,"-3.90000 0.80000 1.00000, -6.85000 -2.15000 0.10000"
1152,0.0000,Tx-Rx,0,-56.0753,"-3.90000 0.80000 1.00000, -6.55000 -2.15000 0.10000"
1153,0.0000,Tx-Rx,0,-56.6907,"-3.90000 0.80000 1.00000, -6.25000 -2.15000 0.10000"
1154,0.0000,Tx-Rx,0,-56.3180,"-3.90000 0.80000 1.00000, -5.95000 -2.15000 0.10000"
1155,0.0000,Tx-Rx,0,-54.9331,"-3.90000 0.80000 1.00000, -5.65000 -2.15000 0.10000"
1156,0.0000,Tx-Rx,0,-55.8669,"-3.90000 0.80000 1.00000, -5.35000 -2.15000 0.10000"
1157,0.0000,Tx-Rx,0,-55.5307,"-3.90000 0.80000 1.00000, -5.05000 -2.15000 0.10000"
1158,0.0000,Tx-Rx,0,-53.2093,"-3.90000 0.80000 1.00000, -4.75000 -2.15000 0.10000"
1159,0.0000,Tx-Rx,0,-54.2475,"-3.90000 0.80000 1.00000, -4.45000 -2.15000 0.10000"
1160,0.0000,Tx-Rx,0,-54.4685,"-3.90000 0.80000 1.00000, -4.15000 -2.15000 0.10000"
1161,0.0000,Tx-Rx,0,-53.5770,"-3.90000 0.80000 1.00000, -3.85000 -2.15000 0.10000"
1162,0.0000,Tx-Rx,0,-54.3417,"-3.90000 0.80000 1.00000, -3.55000 -2.15000 0.10000"
1163,0.0000,Tx-Rx,0,-52.0862,"-3.90000 0.80000 1.00000, -3.25000 -2.15000 0.10000"
1164,0.0000,Tx-Rx,0,-53.0082,"-3.90000 0.80000 1.00000, -2.95000 -2.15000 0.10000"
1165,0.0000,Tx-Rx,0,-52.4765,"-3.90000 0.80000 1.00000, -2.65000 -2.15000 0.10000"
1166,0.0000,Tx-Rx,0,-51.9749,"-3.90000 0.80000 1.00000, -2.35000 -2.15000 0.10000"
1167,0.0000,Tx-Rx,0,-52.7702,"-3.90000 0.80000 1.00000, -2.05000 -2.15000 0.10000"
1168,0.0000,Tx-Rx,0,-53.7601,"-3.90000 0.80000 1.00000, -1.75000 -2.15000 0.10000"
1169,0.0000,Tx-Rx,0,-54.0127,"-3.90000 0.80000 1.00000, -1.45000 -2.15000 0.10000"
1170,0.0000,Tx-Rx,0,-52.4135,"-3.90000 0.80000 1.00000, -1.15000 -2.15000 0.10000"
1171,0.0000,Tx-Rx,0,-51.9421,"-3.90000 0.80000 1.00000, -0.85000 -2.15000 0.10000"
1172,0.0000,Tx-Rx,0,-52.7421,"-3.90000 0.80000 1.00000, -0.55000 -2.15000 0.10000"
1173,0.0000,Tx-Rx,0,-53.1373,"-3.90000 0.80000 1.00000, -0.25000 -2.15000 0.10000"
1174,0.0000,Tx-Rx,0,-58.0966,"-3.90000 0.80000 1.00000, 0.05000 -2.15000 0.10000"
1175,0.0000,Tx-Rx,0,-75.9901,"-3.90000 0.80000 1.00000, 0.35000 -2.15000 0.10000"
1176,0.0000,Tx-Rx,0,-74.0330,"-3.90000 0.80000 1.00000, 0.65000 -2.15000 0.10000"
1177,0.0000,Tx-Rx,0,-66.8831,"-3.90000 0.80000 1.00000, 0.95000 -2.15000 0.10000"
1178,0.0000,Tx-Rx,0,-65.6048,"-3.90000 0.80000 1.00000, 1.25000 -2.15000 0.10000"
1179,0.0000,Tx-Rx,0,-65.5759,"-3.90000 0.80000 1.00000, 1.55000 -2.15000 0.10000"
1180,0.0000,Tx-Rx,0,-65.4163,"-3.90000 0.80000 1.00000, 1.85000 -2.15000 0.10000"
1181,0.0000,Tx-Rx,0,-65.7075,"-3.90000 0.80000 1.00000, 2.15000 -2.15000 0.10000"
1182,0.0000,Tx-Rx,0,-69.5593,"-3.90000 0.80000 1.00000, 2.45000 -2.15000 0.10000"
1183,0.0000,Tx-Rx,0,-72.3320,"-3.90000 0.80000 1.00000, 2.75000 -2.15000 0.10000"
1184,0.0000,Tx-Rx,0,-70.7229,"-3.90000 0.80000 1.00000, 3.05000 -2.15000 0.10000"
1185,0.0000,Tx-Rx,0,-71.0945,"-3.90000 0.80000 1.00000, 3.35000 -2.15000 0.10000"
1186,0.0000,Tx-Rx,0,-71.1427,"-3.90000 0.80000 1.00000, 3.65000 -2.15000 0.10000"
1187,0.0000,Tx-Rx,0,-71.2963,"-3.90000 0.80000 1.00000, 3.95000 -2.15000 0.10000"
1188,0.0000,Tx-Rx,0,-70.9390,"-3.90000 0.80000 1.00000, 4.25000 -2.15000 0.10000"
1189,0.0000,Tx-Rx,0,-70.7176,"-3.90000 0.80000 1.00000, 4.55000 -2.15000 0.10000"
1190,0.0000,Tx-Rx,0,-66.9278,"-3.90000 0.80000 1.00000, 4.85000 -2.15000 0.10000"
1191,0.0000,Tx-Rx,0,-64.9764,"-3.90000 0.80000 1.00000, 5.15000 -2.15000 0.10000"
1192,0.0000,Tx-Rx,0,-65.6463,"-3.90000 0.80000 1.00000, 5.45000 -2.15000 0.10000"
1193,0.0000,Tx-Rx,0,-67.1692,"-3.90000 0.80000 1.00000, 5.75000 -2.15000 0.10000"
1194,0.0000,Tx-Rx,0,-67.5416,"-3.90000 0.80000 1.00000, 6.05000 -2.15000 0.10000"
1195,0.0000,Tx-Rx,0,-67.3507,"-3.90000 0.80000 1.00000, 6.35000 -2.15000 0.10000"
1196,0.0000,Tx-Rx,0,-67.6142,"-3.90000 0.80000 1.00000, 6.65000 -2.15000 0.10000"
1197,0.0000,Tx-Rx,0,-68.4641,"-3.90000 0.80000 1.00000, 6.95000 -2.15000 0.10000"
1198,0.0000,Tx-Rx,0,-69.9870,"-3.90000 0.80000 1.00000, 7.25000 -2.15000 0.10000"
1199,0.0000,Tx-Rx,0,-73.9556,"-3.90000 0.80000 1.00000, 7.55000 -2.15000 0.10000"
1200,0.0000,Tx-Rx,0,-74.5900,"-3.90000 0.80000 1.00000, 7.85000 -2.15000 0.10000"
1201,0.0000,Tx-Rx,0,-53.0001,"-3.90000 0.80000 1.00000, -9.85000 -1.85000 0.10000"
1202,0.0000,Tx-Rx,0,-54.2677,"-3.90000 0.80000 1.00000, -9.55000 -1.85000 0.10000"
1203,0.0000,Tx-Rx,0,-55.4189,"-3.90000 0.80000 1.00000, -9.25000 -1.85000 0.10000"
1204,0.0000,Tx-Rx,0,-55.0042,"-3.90000 0.80000 1.00000, -8.95000 -1.85000 0.10000"
1205,0.0000,Tx-Rx,0,-55.3860,"-3.90000 0.80000 1.00000, -8.65000 -1.85000 0.10000"
1206,0.0000,Tx-Rx,0,-55.0715,"-3.90000 0.80000 1.00000, -8.35000 -1.85000 0.10000"
1207,0.0000,Tx-Rx,0,-54.6741,"-3.90000 0.80000 1.00000, -8.05000 -1.85000 0.10000"
1208,0.0000,Tx-Rx,0,-54.4056,"-3.90000 0.80000 1.00000, -7.75000 -1.85000 0.10000"
1209,0.0000,Tx-Rx,0,-53.3198,"-3.90000 0.80000 1.00000, -7.45000 -1.85000 0.10000"
1210,0.0000,Tx-Rx,0,-54.4526,"-3.90000 0.80000 1.00000, -7.15000 -1.85000 0.10000"
1211,0.0000,Tx-Rx,0,-53.8496,"-3.90000 0.80000 1.00000, -6.85000 -1.85000 0.10000"
1212,0.0000,Tx-Rx,0,-52.1394,"-3.90000 0.80000 1.00000, -6.55000 -1.85000 0.10000"
1213,0.0000,Tx-Rx,0,-56.4340,"-3.90000 0.80000 1.00000, -6.25000 -1.85000 0.10000"
1214,0.0000,Tx-Rx,0,-57.7241,"-3.90000 0.80000 1.00000, -5.95000 -1.85000 0.10000"
1215,0.0000,Tx-Rx,0,-56.8498,"-3.90000 0.80000 1.00000, -5.65000 -1.85000 0.10000"
1216,0.0000,Tx-Rx,0,-55.9280,"-3.90000 0.80000 1.00000, -5.35000 -1.85000 0.10000"
1217,0.0000,Tx-Rx,0,-55.4937,"-3.90000 0.80000 1.00000, -5.05000 -1.85000 0.10000"
1218,0.0000,Tx-Rx,0,-53.6284,"-3.90000 0.80000 1.00000, -4.75000 -1.85000 0.10000"
1219,0.0000,Tx-Rx,0,-52.7354,"-3.90000 0.80000 1.00000, -4.45000 -1.85000 0.10000"
1220,0.0000,Tx-Rx,0,-52.2022,"-3.90000 0.80000 1.00000, -4.15000 -1.85000 0.10000"
1221,0.0000,Tx-Rx,0,-51.6913,"-3.90000 0.80000 1.00000, -3.85000 -1.85000 0.10000"
1222,0.0000,Tx-Rx,0,-51.9718,"-3.90000 0.80000 1.00000, -3.55000 -1.85000 0.10000"
1223,0.0000,Tx-Rx,0,-51.4328,"-3.90000 0.80000 1.00000, -3.25000 -1.85000 0.10000"
1224,0.0000,Tx-Rx,0,-52.9665,"-3.90000 0.80000 1.00000, -2.95000 -1.85000 0.10000"
1225,0.0000,Tx-Rx,0,-52.3315,"-3.90000 0.80000 1.00000, -2.65000 -1.85000 0.10000"
1226,0.0000,Tx-Rx,0,-52.3740,"-3.90000 0.80000 1.00000, -2.35000 -1.85000 0.10000"
1227,0.0000,Tx-Rx,0,-53.1442,"-3.90000 0.80000 1.00000, -2.05000 -1.85000 0.10000"
1228,0.0000,Tx-Rx,0,-53.4872,"-3.90000 0.80000 1.00000, -1.75000 -1.85000 0.10000"
1229,0.0000,Tx-Rx,0,-51.6081,"-3.90000 0.80000 1.00000, -1.45000 -1.85000 0.10000"
1230,0.0000,Tx-Rx,0,-50.9651,"-3.90000 0.80000 1.00000, -1.15000 -1.85000 0.10000"
1231,0.0000,Tx-Rx,0,-53.7233,"-3.90000 0.80000 1.00000, -0.85000 -1.85000 0.10000"
1232,0.0000,Tx-Rx,0,-53.8802,"-3.90000 0.80000 1.00000, -0.55000 -1.85000 0.10000"
1233,0.0000,Tx-Rx,0,-54.1448,"-3.90000 0.80000 1.00000, -0.25000 -1.85000 0.10000"
1234,0.0000,Tx-Rx,0,-59.0743,"-3.90000 0.80000 1.00000, 0.05000 -1.85000 0.10000"
1235,0.0000,Tx-Rx,0,-72.7561,"-3.90000 0.80000 1.00000, 0.35000 -1.85000 0.10000"
1236,0.0000,Tx-Rx,0,-71.7746,"-3.90000 0.80000 1.00000, 0.65000 -1.85000 0.10000"
1237,0.0000,Tx-Rx,0,-65.5949,"-3.90000 0.80000 1.00000, 0.95000 -1.85000 0.10000"
1238,0.0000,Tx-Rx,0,-65.4744,"-3.90000 0.80000 1.00000, 1.25000 -1.85000 0.10000"
1239,0.0000,Tx-Rx,0,-65.0605,"-3.90000 0.80000 1.00000, 1.55000 -1.85000 0.10000"
1240,0.0000,Tx-Rx,0,-65.3361,"-3.90000 0.80000 1.00000, 1.85000 -1.85000 0.10000"
1241,0.0000,Tx-Rx,0,-66.0375,"-3.90000 0.80000 1.00000, 2.15000 -1.85000 0.10000"
1242,0.0000,Tx-Rx,0,-71.6441,"-3.90000 0.80000 1.00000, 2.45000 -1.85000 0.10000"
1243,0.0000,Tx-Rx,0,-70.8074,"-3.90000 0.80000 1.00000, 2.75000 -1.85000 0.10000"
1244,0.0000,Tx-Rx,0,-70.4938,"-3.90000 0.80000 1.00000, 3.05000 -1.85000 0.10000"
1245,0.0000,Tx-Rx,0,-70.6461,"-3.90000 0.80000 1.00000, 3.35000 -1.85000 0.10000"
1246,0.0000,Tx-Rx,0,-70.7386,"-3.90000 0.80000 1.00000, 3.65000 -1.85000 0.10000"
1247,0.0000,Tx-Rx,0,-71.0850,"-3.90000 0.80000 1.00000, 3.95000 -1.85000 0.10000"
1248,0.0000,Tx-Rx,0,-68.1009,"-3.90000 0.80000 1.00000, 4.25000 -1.85000 0.10000"
1249,0.0000,Tx-Rx,0,-65.8292,"-3.90000 0.80000 1.00000, 4.55000 -1.85000 0.10000"
1250,0.0000,Tx-Rx,0,-65.4274,"-3.90000 0.80000 1.00000, 4.85000 -1.85000 0.10000"
1251,0.0000,Tx-Rx,0,-69.0851,"-3.90000 0.80000 1.00000, 5.15000 -1.85000 0.10000"
1252,0.0000,Tx-Rx,0,-69.9470,"-3.90000 0.80000 1.00000, 5.45000 -1.85000 0.10000"
1253,0.0000,Tx-Rx,0,-68.5828,"-3.90000 0.80000 1.00000, 5.75000 -1.85000 0.10000"
1254,0.0000,Tx-Rx,0,-67.5461,"-3.90000 0.80000 1.00000, 6.05000 -1.85000 0.10000"
1255,0.0000,Tx-Rx,0,-67.1923,"-3.90000 0.80000 1.00000, 6.35000 -1.85000 0.10000"
1256,0.0000,Tx-Rx,0,-66.9376,"-3.90000 0.80000 1.00000, 6.65000 -1.85000 0.10000"
1257,0.0000,Tx-Rx,0,-67.7824,"-3.90000 0.80000 1.00000, 6.95000 -1.85000 0.10000"
1258,0.0000,Tx-Rx,0,-68.9015,"-3.90000 0.80000 1.00000, 7.25000 -1.85000 0.10000"
1259,0.0000,Tx-Rx,0,-70.9175,"-3.90000 0.80000 1.00000, 7.55000 -1.85000 0.10000"
1260,0.0000,Tx-Rx,0,-76.2032,"-3.90000 0.80000 1.00000, 7.85000 -1.85000 0.10000"
1261,0.0000,Tx-Rx,0,-50.6065,"-3.90000 0.80000 1.00000, -9.85000 -1.55000 0.10000"
1262,0.0000,Tx-Rx,0,-50.6620,"-3.90000 0.80000 1.00000, -9.55000 -1.55000 0.10000"
1263,0.0000,Tx-Rx,0,-51.9360,"-3.90000 0.80000 1.00000, -9.25000 -1.55000 0.10000"
1264,0.0000,Tx-Rx,0,-53.7902,"-3.90000 0.80000 1.00000, -8.95000 -1.55000 0.10000"
1265,0.0000,Tx-Rx,0,-55.5492,"-3.90000 0.80000 1.00000, -8.65000 -1.55000 0.10000"
1266,0.0000,Tx-Rx,0,-55.7623,"-3.90000 0.80000 1.00000, -8.35000 -1.55000 0.10000"
1267,0.0000,Tx-Rx,0,-55.3643,"-3.90000 0.80000 1.00000, -8.05000 -1.55000 0.10000"
1268,0.0000,Tx-Rx,0,-53.9247,"-3.90000 0.80000 1.00000, -7.75000 -1.55000 0.10000"
1269,0.0000,Tx-Rx,0,-54.2758,"-3.90000 0.80000 1.00000, -7.45000 -1.55000 0.10000"
1270,0.0000,Tx-Rx,0,-54.1304,"-3.90000 0.80000 1.00000, -7.15000 -1.55000 0.10000"
1271,0.0000,Tx-Rx,0,-53.7538,"-3.90000 0.80000 1.00000, -6.85000 -1.55000 0.10000"
1272,0.0000,Tx-Rx,0,-53.3902,"-3.90000 0.80000 1.00000, -6.55000 -1.55000 0.10000"
1273,0.0000,Tx-Rx,0,-54.5446,"-3.90000 0.80000 1.00000, -6.25000 -1.55000 0.10000"
1274,0.0000,Tx-Rx,0,-55.7810,"-3.90000 0.80000 1.00000, -5.95000 -1.55000 0.10000"
1275,0.0000,Tx-Rx,0,-54.8186,"-3.90000 0.80000 1.00000, -5.65000 -1.55000 0.10000"
1276,0.0000,Tx-Rx,0,-53.0767,"-3.90000 0.80000 1.00000, -5.35000 -1.55000 0.10000"
1277,0.0000,Tx-Rx,0,-52.4507,"-3.90000 0.80000 1.00000, -5.05000 -1.55000 0.10000"
1278,0.0000,Tx-Rx,0,-51.6410,"-3.90000 0.80000 1.00000, -4.75000 -1.55000 0.10000"
1279,0.0000,Tx-Rx,0,-52.0230,"-3.90000 0.80000 1.00000, -4.45000 -1.55000 0.10000"
1280,0.0000,Tx-Rx,0,-51.4371,"-3.90000 0.80000 1.00000, -4.15000 -1.55000 0.10000"
1281,0.0000,Tx-Rx,0,-51.0569,"-3.90000 0.80000 1.00000, -3.85000 -1.55000 0.10000"
1282,0.0000,Tx-Rx,0,-52.1370,"-3.90000 0.80000 1.00000, -3.55000 -1.55000 0.10000"
1283,0.0000,Tx-Rx,0,-52.5220,"-3.90000 0.80000 1.00000, -3.25000 -1.55000 0.10000"
1284,0.0000,Tx-Rx,0,-53.6481,"-3.90000 0.80000 1.00000, -2.95000 -1.55000 0.10000"
1285,0.0000,Tx-Rx,0,-54.7388,"-3.90000 0.80000 1.00000, -2.65000 -1.55000 0.10000"
1286,0.0000,Tx-Rx,0,-55.2806,"-3.90000 0.80000 1.00000, -2.35000 -1.55000 0.10000"
1287,0.0000,Tx-Rx,0,-55.1280,"-3.90000 0.80000 1.00000, -2.05000 -1.55000 0.10000"
1288,0.0000,Tx-Rx,0,-52.9139,"-3.90000 0.80000 1.00000, -1.75000 -1.55000 0.10000"
1289,0.0000,Tx-Rx,0,-53.6928,"-3.90000 0.80000 1.00000, -1.45000 -1.55000 0.10000"
1290,0.0000,Tx-Rx,0,-52.2596,"-3.90000 0.80000 1.00000, -1.15000 -1.55000 0.10000"
1291,0.0000,Tx-Rx,0,-52.6596,"-3.90000 0.80000 1.00000, -0.85000 -1.55000 0.10000"
1292,0.0000,Tx-Rx,0,-53.4545,"-3.90000 0.80000 1.00000, -0.55000 -1.55000 0.10000"
1293,0.0000,Tx-Rx,0,-53.9750,"-3.90000 0.80000 1.00000, -0.25000 -1.55000 0.10000"
1294,0.0000,Tx-Rx,0,-58.5738,"-3.90000 0.80000 1.00000, 0.05000 -1.55000 0.10000"
1295,0.0000,Tx-Rx,0,-67.9548,"-3.90000 0.80000 1.00000, 0.35000 -1.55000 0.10000"
1296,0.0000,Tx-Rx,0,-68.2067,"-3.90000 0.80000 1.00000, 0.65000 -1.55000 0.10000"
1297,0.0000,Tx-Rx,0,-65.2138,"-3.90000 0.80000 1.00000, 0.95000 -1.55000 0.10000"
1298,0.0000,Tx-Rx,0,-65.1832,"-3.90000 0.80000 1.00000, 1.25000 -1.55000 0.10000"
1299,0.0000,Tx-Rx,0,-65.2459,"-3.90000 0.80000 1.00000, 1.55000 -1.55000 0.10000"
1300,0.0000,Tx-Rx,0,-65.2065,"-3.90000 0.80000 1.00000, 1.85000 -1.55000 0.10000"
1301,0.0000,Tx-Rx,0,-67.2166,"-3.90000 0.80000 1.00000, 2.15000 -1.55000 0.10000"
1302,0.0000,Tx-Rx,0,-70.0779,"-3.90000 0.80000 1.00000, 2.45000 -1.55000 0.10000"
1303,0.0000,Tx-Rx,0,-70.6230,"-3.90000 0.80000 1.00000, 2.75000 -1.55000 0.10000"
1304,0.0000,Tx-Rx,0,-70.6688,"-3.90000 0.80000 1.00000, 3.05000 -1.55000 0.10000"
1305,0.0000,Tx-Rx,0,-70.4308,"-3.90000 0.80000 1.00000, 3.35000 -1.55000 0.10000"
1306,0.0000,Tx-Rx,0,-68.8683,"-3.90000 0.80000 1.00000, 3.65000 -1.55000 0.10000"
1307,0.0000,Tx-Rx,0,-66.0626,"-3.90000 0.80000 1.00000, 3.95000 -1.55000 0.10000"
1308,0.0000,Tx-Rx,0,-66.0947,"-3.90000 0.80000 1.00000, 4.25000 -1.55000 0.10000"
1309,0.0000,Tx-Rx,0,-66.4258,"-3.90000 0.80000 1.00000, 4.55000 -1.55000 0.10000"
1310,0.0000,Tx-Rx,0,-69.7136,"-3.90000 0.80000 1.00000, 4.85000 -1.55000 0.10000"
1311,0.0000,Tx-Rx,0,-70.2691,"-3.90000 0.80000 1.00000, 5.15000 -1.55000 0.10000"
1312,0.0000,Tx-Rx,0,-70.4438,"-3.90000 0.80000 1.00000, 5.45000 -1.55000 0.10000"
1313,0.0000,Tx-Rx,0,-69.6700,"-3.90000 0.80000 1.00000, 5.75000 -1.55000 0.10000"
1314,0.0000,Tx-Rx,0,-69.5969,"-3.90000 0.80000 1.00000, 6.05000 -1.55000 0.10000"
1315,0.0000,Tx-Rx,0,-67.3796,"-3.90000 0.80000 1.00000, 6.35000 -1.55000 0.10000"
1316,0.0000,Tx-Rx,0,-67.2284,"-3.90000 0.80000 1.00000, 6.65000 -1.55000 0.10000"
1317,0.0000,Tx-Rx,0,-67.6552,"-3.90000 0.80000 1.00000, 6.95000 -1.55000 0.10000"
1318,0.0000,Tx-Rx,0,-69.0932,"-3.90000 0.80000 1.00000, 7.25000 -1.55000 0.10000"
1319,0.0000,Tx-Rx,0,-69.3274,"-3.90000 0.80000 1.00000, 7.55000 -1.55000 0.10000"
1320,0.0000,Tx-Rx,0,-67.1734,"-3.90000 0.80000 1.00000, 7.85000 -1.55000 0.10000"
1321,0.0000,Tx-Rx,0,-50.3946,"-3.90000 0.80000 1.00000, -9.85000 -1.25000 0.10000"
1322,0.0000,Tx-Rx,0,-50.9313,"-3.90000 0.80000 1.00000, -9.55000 -1.25000 0.10000"
1323,0.0000,Tx-Rx,0,-50.8123,"-3.90000 0.80000 1.00000, -9.25000 -1.25000 0.10000"
1324,0.0000,Tx-Rx,0,-50.3855,"-3.90000 0.80000 1.00000, -8.95000 -1.25000 0.10000"
1325,0.0000,Tx-Rx,0,-50.8942,"-3.90000 0.80000 1.00000, -8.65000 -1.25000 0.10000"
1326,0.0000,Tx-Rx,0,-52.5774,"-3.90000 0.80000 1.00000, -8.35000 -1.25000 0.10000"
1327,0.0000,Tx-Rx,0,-54.2849,"-3.90000 0.80000 1.00000, -8.05000 -1.25000 0.10000"
1328,0.0000,Tx-Rx,0,-53.6395,"-3.90000 0.80000 1.00000, -7.75000 -1.25000 0.10000"
1329,0.0000,Tx-Rx,0,-54.6619,"-3.90000 0.80000 1.00000, -7.45000 -1.25000 0.10000"
1330,0.0000,Tx-Rx,0,-54.1003,"-3.90000 0.80000 1.00000, -7.15000 -1.25000 0.10000"
1331,0.0000,Tx-Rx,0,-52.6038,"-3.90000 0.80000 1.00000, -6.85000 -1.25000 0.10000"
1332,0.0000,Tx-Rx,0,-51.9759,"-3.90000 0.80000 1.00000, -6.55000 -1.25000 0.10000"
1333,0.0000,Tx-Rx,0,-51.9740,"-3.90000 0.80000 1.00000, -6.25000 -1.25000 0.10000"
1334,0.0000,Tx-Rx,0,-50.4623,"-3.90000 0.80000 1.00000, -5.95000 -1.25000 0.10000"
1335,0.0000,Tx-Rx,0,-51.0304,"-3.90000 0.80000 1.00000, -5.65000 -1.25000 0.10000"
1336,0.0000,Tx-Rx,0,-51.3048,"-3.90000 0.80000 1.00000, -5.35000 -1.25000 0.10000"
1337,0.0000,Tx-Rx,0,-51.6596,"-3.90000 0.80000 1.00000, -5.05000 -1.25000 0.10000"
1338,0.0000,Tx-Rx,0,-52.0481,"-3.90000 0.80000 1.00000, -4.75000 -1.25000 0.10000"
1339,0.0000,Tx-Rx,0,-53.8924,"-3.90000 0.80000 1.00000, -4.45000 -1.25000 0.10000"
1340,0.0000,Tx-Rx,0,-53.1626,"-3.90000 0.80000 1.00000, -4.15000 -1.25000 0.10000"
1341,0.0000,Tx-Rx,0,-52.3828,"-3.90000 0.80000 1.00000, -3.85000 -1.25000 0.10000"
1342,0.0000,Tx-Rx,0,-56.0186,"-3.90000 0.80000 1.00000, -3.55000 -1.25000 0.10000"
1343,0.0000,Tx-Rx,0,-55.6793,"-3.90000 0.80000 1.00000, -3.25000 -1.25000 0.10000"
1344,0.0000,Tx-Rx,0,-54.3735,"-3.90000 0.80000 1.00000, -2.95000 -1.25000 0.10000"
1345,0.0000,Tx-Rx,0,-55.7133,"-3.90000 0.80000 1.00000, -2.65000 -1.25000 0.10000"
1346,0.0000,Tx-Rx,0,-55.1448,"-3.90000 0.80000 1.00000, -2.35000 -1.25000 0.10000"
1347,0.0000,Tx-Rx,0,-52.0839,"-3.90000 0.80000 1.00000, -2.05000 -1.25000 0.10000"
1348,0.0000,Tx-Rx,0,-53.9587,"-3.90000 0.80000 1.00000, -1.75000 -1.25000 0.10000"
1349,0.0000,Tx-Rx,0,-53.9584,"-3.90000 0.80000 1.00000, -1.45000 -1.25000 0.10000"
1350,0.0000,Tx-Rx,0,-52.0822,"-3.90000 0.80000 1.00000, -1.15000 -1.25000 0.10000"
1351,0.0000,Tx-Rx,0,-52.4115,"-3.90000 0.80000 1.00000, -0.85000 -1.25000 0.10000"
1352,0.0000,Tx-Rx,0,-52.3689,"-3.90000 0.80000 1.00000, -0.55000 -1.25000 0.10000"
1353,0.0000,Tx-Rx,0,-52.1304,"-3.90000 0.80000 1.00000, -0.25000 -1.25000 0.10000"
1354,0.0000,Tx-Rx,0,-55.3433,"-3.90000 0.80000 1.00000, 0.05000 -1.25000 0.10000"
1355,0.0000,Tx-Rx,0,-66.9117,"-3.90000 0.80000 1.00000, 0.35000 -1.25000 0.10000"
1356,0.0000,Tx-Rx,0,-64.5665,"-3.90000 0.80000 1.00000, 0.65000 -1.25000 0.10000"
1357,0.0000,Tx-Rx,0,-64.5481,"-3.90000 0.80000 1.00000, 0.95000 -1.25000 0.10000"
1358,0.0000,Tx-Rx,0,-65.2238,"-3.90000 0.80000 1.00000, 1.25000 -1.25000 0.10000"
1359,0.0000,Tx-Rx,0,-65.1151,"-3.90000 0.80000 1.00000, 1.55000 -1.25000 0.10000"
1360,0.0000,Tx-Rx,0,-64.7832,"-3.90000 0.80000 1.00000, 1.85000 -1.25000 0.10000"
1361,0.0000,Tx-Rx,0,-68.7993,"-3.90000 0.80000 1.00000, 2.15000 -1.25000 0.10000"
1362,0.0000,Tx-Rx,0,-69.9000,"-3.90000 0.80000 1.00000, 2.45000 -1.25000 0.10000"
1363,0.0000,Tx-Rx,0,-69.9403,"-3.90000 0.80000 1.00000, 2.75000 -1.25000 0.10000"
1364,0.0000,Tx-Rx,0,-69.3074,"-3.90000 0.80000 1.00000, 3.05000 -1.25000 0.10000"
1365,0.0000,Tx-Rx,0,-66.3483,"-3.90000 0.80000 1.00000, 3.35000 -1.25000 0.10000"
1366,0.0000,Tx-Rx,0,-65.3571,"-3.90000 0.80000 1.00000, 3.65000 -1.25000 0.10000"
1367,0.0000,Tx-Rx,0,-67.7784,"-3.90000 0.80000 1.00000, 3.95000 -1.25000 0.10000"
1368,0.0000,Tx-Rx,0,-67.5016,"-3.90000 0.80000 1.00000, 4.25000 -1.25000 0.10000"
1369,0.0000,Tx-Rx,0,-69.6795,"-3.90000 0.80000 1.00000, 4.55000 -1.25000 0.10000"
1370,0.0000,Tx-Rx,0,-69.9746,"-3.90000 0.80000 1.00000, 4.85000 -1.25000 0.10000"
1371,0.0000,Tx-Rx,0,-70.1444,"-3.90000 0.80000 1.00000, 5.15000 -1.25000 0.10000"
1372,0.0000,Tx-Rx,0,-70.4853,"-3.90000 0.80000 1.00000, 5.45000 -1.25000 0.10000"
1373,0.0000,Tx-Rx,0,-70.2658,"-3.90000 0.80000 1.00000, 5.75000 -1.25000 0.10000"
1374,0.0000,Tx-Rx,0,-71.1915,"-3.90000 0.80000 1.00000, 6.05000 -1.25000 0.10000"
1375,0.0000,Tx-Rx,0,-73.6139,"-3.90000 0.80000 1.00000, 6.35000 -1.25000 0.10000"
1376,0.0000,Tx-Rx,0,-70.0379,"-3.90000 0.80000 1.00000, 6.65000 -1.25000 0.10000"
1377,0.0000,Tx-Rx,0,-67.4147,"-3.90000 0.80000 1.00000, 6.95000 -1.25000 0.10000"
1378,0.0000,Tx-Rx,0,-67.9588,"-3.90000 0.80000 1.00000, 7.25000 -1.25000 0.10000"
1379,0.0000,Tx-Rx,0,-64.6910,"-3.90000 0.80000 1.00000, 7.55000 -1.25000 0.10000"
1380,0.0000,Tx-Rx,0,-62.3733,"-3.90000 0.80000 1.00000, 7.85000 -1.25000 0.10000"
1381,0.0000,Tx-Rx,0,-55.6750,"-3.90000 0.80000 1.00000, -9.85000 -0.95000 0.10000"
1382,0.0000,Tx-Rx,0,-55.9135,"-3.90000 0.80000 1.00000, -9.55000 -0.95000 0.10000"
1383,0.0000,Tx-Rx,0,-52.6333,"-3.90000 0.80000 1.00000, -9.25000 -0.95000 0.10000"
1384,0.0000,Tx-Rx,0,-50.4591,"-3.90000 0.80000 1.00000, -8.95000 -0.95000 0.10000"
1385,0.0000,Tx-Rx,0,-49.6202,"-3.90000 0.80000 1.00000, -8.65000 -0.95000 0.10000"
1386,0.0000,Tx-Rx,0,-49.2184,"-3.90000 0.80000 1.00000, -8.35000 -0.95000 0.10000"
1387,0.0000,Tx-Rx,0,-48.7914,"-3.90000 0.80000 1.00000, -8.05000 -0.95000 0.10000"
1388,0.0000,Tx-Rx,0,-49.8060,"-3.90000 0.80000 1.00000, -7.75000 -0.95000 0.10000"
1389,0.0000,Tx-Rx,0,-50.5714,"-3.90000 0.80000 1.00000, -7.45000 -0.95000 0.10000"
1390,0.0000,Tx-Rx,0,-50.0143,"-3.90000 0.80000 1.00000, -7.15000 -0.95000 0.10000"
1391,0.0000,Tx-Rx,0,-49.6297,"-3.90000 0.80000 1.00000, -6.85000 -0.95000 0.10000"
1392,0.0000,Tx-Rx,0,-50.1328,"-3.90000 0.80000 1.00000, -6.55000 -0.95000 0.10000"
1393,0.0000,Tx-Rx,0,-51.3831,"-3.90000 0.80000 1.00000, -6.25000 -0.95000 0.10000"
1394,0.0000,Tx-Rx,0,-51.3408,"-3.90000 0.80000 1.00000, -5.95000 -0.95000 0.10000"
1395,0.0000,Tx-Rx,0,-50.5815,"-3.90000 0.80000 1.00000, -5.65000 -0.95000 0.10000"
1396,0.0000,Tx-Rx,0,-52.0308,"-3.90000 0.80000 1.00000, -5.35000 -0.95000 0.10000"
1397,0.0000,Tx-Rx,0,-52.5618,"-3.90000 0.80000 1.00000, -5.05000 -0.95000 0.10000"
1398,0.0000,Tx-Rx,0,-51.0988,"-3.90000 0.80000 1.00000, -4.75000 -0.95000 0.10000"
1399,0.0000,Tx-Rx,0,-55.7142,"-3.90000 0.80000 1.00000, -4.45000 -0.95000 0.10000"
1400,0.0000,Tx-Rx,0,-53.0778,"-3.90000 0.80000 1.00000, -4.15000 -0.95000 0.10000"
1401,0.0000,Tx-Rx,0,-51.4208,"-3.90000 0.80000 1.00000, -3.85000 -0.95000 0.10000"
1402,0.0000,Tx-Rx,0,-55.0696,"-3.90000 0.80000 1.00000, -3.55000 -0.95000 0.10000"
1403,0.0000,Tx-Rx,0,-52.9640,"-3.90000 0.80000 1.00000, -3.25000 -0.95000 0.10000"
1404,0.0000,Tx-Rx,0,-52.6441,"-3.90000 0.80000 1.00000, -2.95000 -0.95000 0.10000"
1405,0.0000,Tx-Rx,0,-54.1881,"-3.90000 0.80000 1.00000, -2.65000 -0.95000 0.10000"
1406,0.0000,Tx-Rx,0,-52.9753,"-3.90000 0.80000 1.00000, -2.35000 -0.95000 0.10000"
1407,0.0000,Tx-Rx,0,-53.0967,"-3.90000 0.80000 1.00000, -2.05000 -0.95000 0.10000"
1408,0.0000,Tx-Rx,0,-54.7162,"-3.90000 0.80000 1.00000, -1.75000 -0.95000 0.10000"
1409,0.0000,Tx-Rx,0,-53.8981,"-3.90000 0.80000 1.00000, -1.45000 -0.95000 0.10000"
1410,0.0000,Tx-Rx,0,-51.9549,"-3.90000 0.80000 1.00000, -1.15000 -0.95000 0.10000"
1411,0.0000,Tx-Rx,0,-51.6842,"-3.90000 0.80000 1.00000, -0.85000 -0.95000 0.10000"
1412,0.0000,Tx-Rx,0,-49.2490,"-3.90000 0.80000 1.00000, -0.55000 -0.95000 0.10000"
1413,0.0000,Tx-Rx,0,-47.7412,"-3.90000 0.80000 1.00000, -0.25000 -0.95000 0.10000"
1414,0.0000,Tx-Rx,0,-52.3362,"-3.90000 0.80000 1.00000, 0.05000 -0.95000 0.10000"
1415,0.0000,Tx-Rx,0,-66.9285,"-3.90000 0.80000 1.00000, 0.35000 -0.95000 0.10000"
1416,0.0000,Tx-Rx,0,-63.7787,"-3.90000 0.80000 1.00000, 0.65000 -0.95000 0.10000"
1417,0.0000,Tx-Rx,0,-63.5019,"-3.90000 0.80000 1.00000, 0.95000 -0.95000 0.10000"
1418,0.0000,Tx-Rx,0,-63.6369,"-3.90000 0.80000 1.00000, 1.25000 -0.95000 0.10000"
1419,0.0000,Tx-Rx,0,-64.2688,"-3.90000 0.80000 1.00000, 1.55000 -0.95000 0.10000"
1420,0.0000,Tx-Rx,0,-65.2532,"-3.90000 0.80000 1.00000, 1.85000 -0.95000 0.10000"
1421,0.0000,Tx-Rx,0,-68.7775,"-3.90000 0.80000 1.00000, 2.15000 -0.95000 0.10000"
1422,0.0000,Tx-Rx,0,-69.2421,"-3.90000 0.80000 1.00000, 2.45000 -0.95000 0.10000"
1423,0.0000,Tx-Rx,0,-66.8779,"-3.90000 0.80000 1.00000, 2.75000 -0.95000 0.10000"
1424,0.0000,Tx-Rx,0,-65.1095,"-3.90000 0.80000 1.00000, 3.05000 -0.95000 0.10000"
1425,0.0000,Tx-Rx,0,-66.4106,"-3.90000 0.80000 1.00000, 3.35000 -0.95000 0.10000"
1426,0.0000,Tx-Rx,0,-70.7130,"-3.90000 0.80000 1.00000, 3.65000 -0.95000 0.10000"
1427,0.0000,Tx-Rx,0,-68.6946,"-3.90000 0.80000 1.00000, 3.95000 -0.95000 0.10000"
1428,0.0000,Tx-Rx,0,-69.1378,"-3.90000 0.80000 1.00000, 4.25000 -0.95000 0.10000"
1429,0.0000,Tx-Rx,0,-70.1547,"-3.90000 0.80000 1.00000, 4.55000 -0.95000 0.10000"
1430,0.0000,Tx-Rx,0,-70.1985,"-3.90000 0.80000 1.00000, 4.85000 -0.95000 0.10000"
1431,0.0000,Tx-Rx,0,-70.3157,"-3.90000 0.80000 1.00000, 5.15000 -0.95000 0.10000"
1432,0.0000,Tx-Rx,0,-70.2289,"-3.90000 0.80000 1.00000, 5.45000 -0.95000 0.10000"
1433,0.0000,Tx-Rx,0,-71.1246,"-3.90000 0.80000 1.00000, 5.75000 -0.95000 0.10000"
1434,0.0000,Tx-Rx,0,-72.7981,"-3.90000 0.80000 1.00000, 6.05000 -0.95000 0.10000"
1435,0.0000,Tx-Rx,0,-76.6772,"-3.90000 0.80000 1.00000, 6.35000 -0.95000 0.10000"
1436,0.0000,Tx-Rx,0,-77.4937,"-3.90000 0.80000 1.00000, 6.65000 -0.95000 0.10000"
1437,0.0000,Tx-Rx,0,-68.9374,"-3.90000 0.80000 1.00000, 6.95000 -0.95000 0.10000"
1438,0.0000,Tx-Rx,0,-63.4142,"-3.90000 0.80000 1.00000, 7.25000 -0.95000 0.10000"
1439,0.0000,Tx-Rx,0,-61.6171,"-3.90000 0.80000 1.00000, 7.55000 -0.95000 0.10000"
1440,0.0000,Tx-Rx,0,-61.5102,"-3.90000 0.80000 1.00000, 7.85000 -0.95000 0.10000"
1441,0.0000,Tx-Rx,0,-59.3131,"-3.90000 0.80000 1.00000, -9.85000 -0.65000 0.10000"
1442,0.0000,Tx-Rx,0,-57.1686,"-3.90000 0.80000 1.00000, -9.55000 -0.65000 0.10000"
1443,0.0000,Tx-Rx,0,-68.3822,"-3.90000 0.80000 1.00000, -9.25000 -0.65000 0.10000"
1444,0.0000,Tx-Rx,0,-67.4874,"-3.90000 0.80000 1.00000, -8.95000 -0.65000 0.10000"
1445,0.0000,Tx-Rx,0,-54.4391,"-3.90000 0.80000 1.00000, -8.65000 -0.65000 0.10000"
1446,0.0000,Tx-Rx,0,-46.6838,"-3.90000 0.80000 1.00000, -8.35000 -0.65000 0.10000"
1447,0.0000,Tx-Rx,0,-46.3061,"-3.90000 0.80000 1.00000, -8.05000 -0.65000 0.10000"
1448,0.0000,Tx-Rx,0,-46.3892,"-3.90000 0.80000 1.00000, -7.75000 -0.65000 0.10000"
1449,0.0000,Tx-Rx,0,-46.6128,"-3.90000 0.80000 1.00000, -7.45000 -0.65000 0.10000"
1450,0.0000,Tx-Rx,0,-47.7325,"-3.90000 0.80000 1.00000, -7.15000 -0.65000 0.10000"
1451,0.0000,Tx-Rx,0,-49.9637,"-3.90000 0.80000 1.00000, -6.85000 -0.65000 0.10000"
1452,0.0000,Tx-Rx,0,-52.4245,"-3.90000 0.80000 1.00000, -6.55000 -0.65000 0.10000"
1453,0.0000,Tx-Rx,0,-54.0686,"-3.90000 0.80000 1.00000, -6.25000 -0.65000 0.10000"
1454,0.0000,Tx-Rx,0,-53.3697,"-3.90000 0.80000 1.00000, -5.95000 -0.65000 0.10000"
1455,0.0000,Tx-Rx,0,-53.1082,"-3.90000 0.80000 1.00000, -5.65000 -0.65000 0.10000"
1456,0.0000,Tx-Rx,0,-53.0764,"-3.90000 0.80000 1.00000, -5.35000 -0.65000 0.10000"
1457,0.0000,Tx-Rx,0,-53.4980,"-3.90000 0.80000 1.00000, -5.05000 -0.65000 0.10000"
1458,0.0000,Tx-Rx,0,-51.0263,"-3.90000 0.80000 1.00000, -4.75000 -0.65000 0.10000"
1459,0.0000,Tx-Rx,0,-52.6009,"-3.90000 0.80000 1.00000, -4.45000 -0.65000 0.10000"
1460,0.0000,Tx-Rx,0,-51.4521,"-3.90000 0.80000 1.00000, -4.15000 -0.65000 0.10000"
1461,0.0000,Tx-Rx,0,-49.8931,"-3.90000 0.80000 1.00000, -3.85000 -0.65000 0.10000"
1462,0.0000,Tx-Rx,0,-53.3708,"-3.90000 0.80000 1.00000, -3.55000 -0.65000 0.10000"
1463,0.0000,Tx-Rx,0,-49.7783,"-3.90000 0.80000 1.00000, -3.25000 -0.65000 0.10000"
1464,0.0000,Tx-Rx,0,-54.2434,"-3.90000 0.80000 1.00000, -2.95000 -0.65000 0.10000"
1465,0.0000,Tx-Rx,0,-54.3410,"-3.90000 0.80000 1.00000, -2.65000 -0.65000 0.10000"
1466,0.0000,Tx-Rx,0,-54.3571,"-3.90000 0.80000 1.00000, -2.35000 -0.65000 0.10000"
1467,0.0000,Tx-Rx,0,-54.4717,"-3.90000 0.80000 1.00000, -2.05000 -0.65000 0.10000"
1468,0.0000,Tx-Rx,0,-54.6672,"-3.90000 0.80000 1.00000, -1.75000 -0.65000 0.10000"
1469,0.0000,Tx-Rx,0,-54.1754,"-3.90000 0.80000 1.00000, -1.45000 -0.65000 0.10000"
1470,0.0000,Tx-Rx,0,-51.1039,"-3.90000 0.80000 1.00000, -1.15000 -0.65000 0.10000"
1471,0.0000,Tx-Rx,0,-47.0790,"-3.90000 0.80000 1.00000, -0.85000 -0.65000 0.10000"
1472,0.0000,Tx-Rx,0,-46.8036,"-3.90000 0.80000 1.00000, -0.55000 -0.65000 0.10000"
1473,0.0000,Tx-Rx,0,-47.0272,"-3.90000 0.80000 1.00000, -0.25000 -0.65000 0.10000"
1474,0.0000,Tx-Rx,0,-51.8877,"-3.90000 0.80000 1.00000, 0.05000 -0.65000 0.10000"
1475,0.0000,Tx-Rx,0,-66.4414,"-3.90000 0.80000 1.00000, 0.35000 -0.65000 0.10000"
1476,0.0000,Tx-Rx,0,-63.3321,"-3.90000 0.80000 1.00000, 0.65000 -0.65000 0.10000"
1477,0.0000,Tx-Rx,0,-63.3634,"-3.90000 0.80000 1.00000, 0.95000 -0.65000 0.10000"
1478,0.0000,Tx-Rx,0,-62.9436,"-3.90000 0.80000 1.00000, 1.25000 -0.65000 0.10000"
1479,0.0000,Tx-Rx,0,-62.6664,"-3.90000 0.80000 1.00000, 1.55000 -0.65000 0.10000"
1480,0.0000,Tx-Rx,0,-65.8448,"-3.90000 0.80000 1.00000, 1.85000 -0.65000 0.10000"
1481,0.0000,Tx-Rx,0,-67.4566,"-3.90000 0.80000 1.00000, 2.15000 -0.65000 0.10000"
1482,0.0000,Tx-Rx,0,-64.9700,"-3.90000 0.80000 1.00000, 2.45000 -0.65000 0.10000"
1483,0.0000,Tx-Rx,0,-65.3203,"-3.90000 0.80000 1.00000, 2.75000 -0.65000 0.10000"
1484,0.0000,Tx-Rx,0,-68.6780,"-3.90000 0.80000 1.00000, 3.05000 -0.65000 0.10000"
1485,0.0000,Tx-Rx,0,-72.6414,"-3.90000 0.80000 1.00000, 3.35000 -0.65000 0.10000"
1486,0.0000,Tx-Rx,0,-69.8433,"-3.90000 0.80000 1.00000, 3.65000 -0.65000 0.10000"
1487,0.0000,Tx-Rx,0,-69.1146,"-3.90000 0.80000 1.00000, 3.95000 -0.65000 0.10000"
1488,0.0000,Tx-Rx,0,-70.7286,"-3.90000 0.80000 1.00000, 4.25000 -0.65000 0.10000"
1489,0.0000,Tx-Rx,0,-70.6385,"-3.90000 0.80000 1.00000, 4.55000 -0.65000 0.10000"
1490,0.0000,Tx-Rx,0,-70.5341,"-3.90000 0.80000 1.00000, 4.85000 -0.65000 0.10000"
1491,0.0000,Tx-Rx,0,-70.1344,"-3.90000 0.80000 1.00000, 5.15000 -0.65000 0.10000"
1492,0.0000,Tx-Rx,0,-71.5750,"-3.90000 0.80000 1.00000, 5.45000 -0.65000 0.10000"
1493,0.0000,Tx-Rx,0,-74.9679,"-3.90000 0.80000 1.00000, 5.75000 -0.65000 0.10000"
1494,0.0000,Tx-Rx,0,-76.1614,"-3.90000 0.80000 1.00000, 6.05000 -0.65000 0.10000"
1495,0.0000,Tx-Rx,0,-74.4981,"-3.90000 0.80000 1.00000, 6.35000 -0.65000 0.10000"
1496,0.0000,Tx-Rx,0,-68.1329,"-3.90000 0.80000 1.00000, 6.65000 -0.65000 0.10000"
1497,0.0000,Tx-Rx,0,-63.1244,"-3.90000 0.80000 1.00000, 6.95000 -0.65000 0.10000"
1498,0.0000,Tx-Rx,0,-62.1084,"-3.90000 0.80000 1.00000, 7.25000 -0.65000 0.10000"
1499,0.0000,Tx-Rx,0,-61.8106,"-3.90000 0.80000 1.00000, 7.55000 -0.65000 0.10000"
1500,0.0000,Tx-Rx,0,-61.3068,"-3.90000 0.80000 1.00000, 7.85000 -0.65000 0.10000"
1501,0.0000,Tx-Rx,0,-64.8097,"-3.90000 0.80000 1.00000, -9.85000 -0.35000 0.10000"
1502,0.0000,Tx-Rx,0,-56.2445,"-3.90000 0.80000 1.00000, -9.55000 -0.35000 0.10000"
1503,0.0000,Tx-Rx,0,-59.0032,"-3.90000 0.80000 1.00000, -9.25000 -0.35000 0.10000"
1504,0.0000,Tx-Rx,0,-86.6678,"-3.90000 0.80000 1.00000, -8.95000 -0.35000 0.10000"
1505,0.0000,Tx-Rx,0,-60.3135,"-3.90000 0.80000 1.00000, -8.65000 -0.35000 0.10000"
1506,0.0000,Tx-Rx,0,-47.8403,"-3.90000 0.80000 1.00000, -8.35000 -0.35000 0.10000"
1507,0.0000,Tx-Rx,0,-47.7548,"-3.90000 0.80000 1.00000, -8.05000 -0.35000 0.10000"
1508,0.0000,Tx-Rx,0,-47.3046,"-3.90000 0.80000 1.00000, -7.75000 -0.35000 0.10000"
1509,0.0000,Tx-Rx,0,-47.0507,"-3.90000 0.80000 1.00000, -7.45000 -0.35000 0.10000"
1510,0.0000,Tx-Rx,0,-46.6429,"-3.90000 0.80000 1.00000, -7.15000 -0.35000 0.10000"
1511,0.0000,Tx-Rx,0,-48.6332,"-3.90000 0.80000 1.00000, -6.85000 -0.35000 0.10000"
1512,0.0000,Tx-Rx,0,-53.9542,"-3.90000 0.80000 1.00000, -6.55000 -0.35000 0.10000"
1513,0.0000,Tx-Rx,0,-54.5055,"-3.90000 0.80000 1.00000, -6.25000 -0.35000 0.10000"
1514,0.0000,Tx-Rx,0,-54.1452,"-3.90000 0.80000 1.00000, -5.95000 -0.35000 0.10000"
1515,0.0000,Tx-Rx,0,-53.6826,"-3.90000 0.80000 1.00000, -5.65000 -0.35000 0.10000"
1516,0.0000,Tx-Rx,0,-54.0630,"-3.90000 0.80000 1.00000, -5.35000 -0.35000 0.10000"
1517,0.0000,Tx-Rx,0,-53.7350,"-3.90000 0.80000 1.00000, -5.05000 -0.35000 0.10000"
1518,0.0000,Tx-Rx,0,-49.9614,"-3.90000 0.80000 1.00000, -4.75000 -0.35000 0.10000"
1519,0.0000,Tx-Rx,0,-52.1396,"-3.90000 0.80000 1.00000, -4.45000 -0.35000 0.10000"
1520,0.0000,Tx-Rx,0,-49.8887,"-3.90000 0.80000 1.00000, -4.15000 -0.35000 0.10000"
1521,0.0000,Tx-Rx,0,-48.3312,"-3.90000 0.80000 1.00000, -3.85000 -0.35000 0.10000"
1522,0.0000,Tx-Rx,0,-51.8616,"-3.90000 0.80000 1.00000, -3.55000 -0.35000 0.10000"
1523,0.0000,Tx-Rx,0,-48.7891,"-3.90000 0.80000 1.00000, -3.25000 -0.35000 0.10000"
1524,0.0000,Tx-Rx,0,-53.2963,"-3.90000 0.80000 1.00000, -2.95000 -0.35000 0.10000"
1525,0.0000,Tx-Rx,0,-55.7362,"-3.90000 0.80000 1.00000, -2.65000 -0.35000 0.10000"
1526,0.0000,Tx-Rx,0,-54.7896,"-3.90000 0.80000 1.00000, -2.35000 -0.35000 0.10000"
1527,0.0000,Tx-Rx,0,-54.7969,"-3.90000 0.80000 1.00000, -2.05000 -0.35000 0.10000"
1528,0.0000,Tx-Rx,0,-54.6541,"-3.90000 0.80000 1.00000, -1.75000 -0.35000 0.10000"
1529,0.0000,Tx-Rx,0,-51.0223,"-3.90000 0.80000 1.00000, -1.45000 -0.35000 0.10000"
1530,0.0000,Tx-Rx,0,-47.4612,"-3.90000 0.80000 1.00000, -1.15000 -0.35000 0.10000"
1531,0.0000,Tx-Rx,0,-46.0414,"-3.90000 0.80000 1.00000, -0.85000 -0.35000 0.10000"
1532,0.0000,Tx-Rx,0,-46.2892,"-3.90000 0.80000 1.00000, -0.55000 -0.35000 0.10000"
1533,0.0000,Tx-Rx,0,-46.6835,"-3.90000 0.80000 1.00000, -0.25000 -0.35000 0.10000"
1534,0.0000,Tx-Rx,0,-51.8268,"-3.90000 0.80000 1.00000, 0.05000 -0.35000 0.10000"
1535,0.0000,Tx-Rx,0,-66.5362,"-3.90000 0.80000 1.00000, 0.35000 -0.35000 0.10000"
1536,0.0000,Tx-Rx,0,-64.5840,"-3.90000 0.80000 1.00000, 0.65000 -0.35000 0.10000"
1537,0.0000,Tx-Rx,0,-63.1953,"-3.90000 0.80000 1.00000, 0.95000 -0.35000 0.10000"
1538,0.0000,Tx-Rx,0,-62.3985,"-3.90000 0.80000 1.00000, 1.25000 -0.35000 0.10000"
1539,0.0000,Tx-Rx,0,-62.5010,"-3.90000 0.80000 1.00000, 1.55000 -0.35000 0.10000"
1540,0.0000,Tx-Rx,0,-63.4732,"-3.90000 0.80000 1.00000, 1.85000 -0.35000 0.10000"
1541,0.0000,Tx-Rx,0,-63.5677,"-3.90000 0.80000 1.00000, 2.15000 -0.35000 0.10000"
1542,0.0000,Tx-Rx,0,-66.9411,"-3.90000 0.80000 1.00000, 2.45000 -0.35000 0.10000"
1543,0.0000,Tx-Rx,0,-70.5654,"-3.90000 0.80000 1.00000, 2.75000 -0.35000 0.10000"
1544,0.0000,Tx-Rx,0,-71.9867,"-3.90000 0.80000 1.00000, 3.05000 -0.35000 0.10000"
1545,0.0000,Tx-Rx,0,-69.4315,"-3.90000 0.80000 1.00000, 3.35000 -0.35000 0.10000"
1546,0.0000,Tx-Rx,0,-68.0655,"-3.90000 0.80000 1.00000, 3.65000 -0.35000 0.10000"
1547,0.0000,Tx-Rx,0,-70.3996,"-3.90000 0.80000 1.00000, 3.95000 -0.35000 0.10000"
1548,0.0000,Tx-Rx,0,-71.1435,"-3.90000 0.80000 1.00000, 4.25000 -0.35000 0.10000"
1549,0.0000,Tx-Rx,0,-71.0136,"-3.90000 0.80000 1.00000, 4.55000 -0.35000 0.10000"
1550,0.0000,Tx-Rx,0,-69.9769,"-3.90000 0.80000 1.00000, 4.85000 -0.35000 0.10000"
1551,0.0000,Tx-Rx,0,-72.1054,"-3.90000 0.80000 1.00000, 5.15000 -0.35000 0.10000"
1552,0.0000,Tx-Rx,0,-75.3751,"-3.90000 0.80000 1.00000, 5.45000 -0.35000 0.10000"
1553,0.0000,Tx-Rx,0,-76.9250,"-3.90000 0.80000 1.00000, 5.75000 -0.35000 0.10000"
1554,0.0000,Tx-Rx,0,-74.1090,"-3.90000 0.80000 1.00000, 6.05000 -0.35000 0.10000"
1555,0.0000,Tx-Rx,0,-65.2600,"-3.90000 0.80000 1.00000, 6.35000 -0.35000 0.10000"
1556,0.0000,Tx-Rx,0,-62.1949,"-3.90000 0.80000 1.00000, 6.65000 -0.35000 0.10000"
1557,0.0000,Tx-Rx,0,-61.7379,"-3.90000 0.80000 1.00000, 6.95000 -0.35000 0.10000"
1558,0.0000,Tx-Rx,0,-61.8187,"-3.90000 0.80000 1.00000, 7.25000 -0.35000 0.10000"
1559,0.0000,Tx-Rx,0,-61.9950,"-3.90000 0.80000 1.00000, 7.55000 -0.35000 0.10000"
1560,0.0000,Tx-Rx,0,-63.5656,"-3.90000 0.80000 1.00000, 7.85000 -0.35000 0.10000"
1561,0.0000,Tx-Rx,0,-56.3892,"-3.90000 0.80000 1.00000, -9.85000 -0.05000 0.10000"
1562,0.0000,Tx-Rx,0,-55.7324,"-3.90000 0.80000 1.00000, -9.55000 -0.05000 0.10000"
1563,0.0000,Tx-Rx,0,-52.5909,"-3.90000 0.80000 1.00000, -9.25000 -0.05000 0.10000"
1564,0.0000,Tx-Rx,0,-52.1301,"-3.90000 0.80000 1.00000, -8.95000 -0.05000 0.10000"
1565,0.0000,Tx-Rx,0,-52.3236,"-3.90000 0.80000 1.00000, -8.65000 -0.05000 0.10000"
1566,0.0000,Tx-Rx,0,-51.8938,"-3.90000 0.80000 1.00000, -8.35000 -0.05000 0.10000"
1567,0.0000,Tx-Rx,0,-53.6732,"-3.90000 0.80000 1.00000, -8.05000 -0.05000 0.10000"
1568,0.0000,Tx-Rx,0,-52.2987,"-3.90000 0.80000 1.00000, -7.75000 -0.05000 0.10000"
1569,0.0000,Tx-Rx,0,-49.8489,"-3.90000 0.80000 1.00000, -7.45000 -0.05000 0.10000"
1570,0.0000,Tx-Rx,0,-47.8802,"-3.90000 0.80000 1.00000, -7.15000 -0.05000 0.10000"
1571,0.0000,Tx-Rx,0,-49.8087,"-3.90000 0.80000 1.00000, -6.85000 -0.05000 0.10000"
1572,0.0000,Tx-Rx,0,-50.5072,"-3.90000 0.80000 1.00000, -6.55000 -0.05000 0.10000"
1573,0.0000,Tx-Rx,0,-53.3516,"-3.90000 0.80000 1.00000, -6.25000 -0.05000 0.10000"
1574,0.0000,Tx-Rx,0,-53.3786,"-3.90000 0.80000 1.00000, -5.95000 -0.05000 0.10000"
1575,0.0000,Tx-Rx,0,-53.7047,"-3.90000 0.80000 1.00000, -5.65000 -0.05000 0.10000"
1576,0.0000,Tx-Rx,0,-53.2780,"-3.90000 0.80000 1.00000, -5.35000 -0.05000 0.10000"
1577,0.0000,Tx-Rx,0,-53.5635,"-3.90000 0.80000 1.00000, -5.05000 -0.05000 0.10000"
1578,0.0000,Tx-Rx,0,-48.3938,"-3.90000 0.80000 1.00000, -4.75000 -0.05000 0.10000"
1579,0.0000,Tx-Rx,0,-49.7999,"-3.90000 0.80000 1.00000, -4.45000 -0.05000 0.10000"
1580,0.0000,Tx-Rx,0,-48.1453,"-3.90000 0.80000 1.00000, -4.15000 -0.05000 0.10000"
1581,0.0000,Tx-Rx,0,-46.7499,"-3.90000 0.80000 1.00000, -3.85000 -0.05000 0.10000"
1582,0.0000,Tx-Rx,0,-50.0583,"-3.90000 0.80000 1.00000, -3.55000 -0.05000 0.10000"
1583,0.0000,Tx-Rx,0,-46.5020,"-3.90000 0.80000 1.00000, -3.25000 -0.05000 0.10000"
1584,0.0000,Tx-Rx,0,-50.3338,"-3.90000 0.80000 1.00000, -2.95000 -0.05000 0.10000"
1585,0.0000,Tx-Rx,0,-52.3750,"-3.90000 0.80000 1.00000, -2.65000 -0.05000 0.10000"
1586,0.0000,Tx-Rx,0,-52.2604,"-3.90000 0.80000 1.00000, -2.35000 -0.05000 0.10000"
1587,0.0000,Tx-Rx,0,-51.3805,"-3.90000 0.80000 1.00000, -2.05000 -0.05000 0.10000"
1588,0.0000,Tx-Rx,0,-51.9641,"-3.90000 0.80000 1.00000, -1.75000 -0.05000 0.10000"
1589,0.0000,Tx-Rx,0,-50.2013,"-3.90000 0.80000 1.00000, -1.45000 -0.05000 0.10000"
1590,0.0000,Tx-Rx,0,-49.5552,"-3.90000 0.80000 1.00000, -1.15000 -0.05000 0.10000"
1591,0.0000,Tx-Rx,0,-46.3655,"-3.90000 0.80000 1.00000, -0.85000 -0.05000 0.10000"
1592,0.0000,Tx-Rx,0,-47.3279,"-3.90000 0.80000 1.00000, -0.55000 -0.05000 0.10000"
1593,0.0000,Tx-Rx,0,-48.7949,"-3.90000 0.80000 1.00000, -0.25000 -0.05000 0.10000"
1594,0.0000,Tx-Rx,0,-54.4226,"-3.90000 0.80000 1.00000, 0.05000 -0.05000 0.10000"
1595,0.0000,Tx-Rx,0,-65.2708,"-3.90000 0.80000 1.00000, 0.35000 -0.05000 0.10000"
1596,0.0000,Tx-Rx,0,-64.4826,"-3.90000 0.80000 1.00000, 0.65000 -0.05000 0.10000"
1597,0.0000,Tx-Rx,0,-63.7681,"-3.90000 0.80000 1.00000, 0.95000 -0.05000 0.10000"
1598,0.0000,Tx-Rx,0,-62.2545,"-3.90000 0.80000 1.00000, 1.25000 -0.05000 0.10000"
1599,0.0000,Tx-Rx,0,-61.9603,"-3.90000 0.80000 1.00000, 1.55000 -0.05000 0.10000"
1600,0.0000,Tx-Rx,0,-64.0651,"-3.90000 0.80000 1.00000, 1.85000 -0.05000 0.10000"
1601,0.0000,Tx-Rx,0,-65.8780,"-3.90000 0.80000 1.00000, 2.15000 -0.05000 0.10000"
1602,0.0000,Tx-Rx,0,-66.2729,"-3.90000 0.80000 1.00000, 2.45000 -0.05000 0.10000"
1603,0.0000,Tx-Rx,0,-68.0356,"-3.90000 0.80000 1.00000, 2.75000 -0.05000 0.10000"
1604,0.0000,Tx-Rx,0,-70.5590,"-3.90000 0.80000 1.00000, 3.05000 -0.05000 0.10000"
1605,0.0000,Tx-Rx,0,-67.5716,"-3.90000 0.80000 1.00000, 3.35000 -0.05000 0.10000"
1606,0.0000,Tx-Rx,0,-69.9967,"-3.90000 0.80000 1.00000, 3.65000 -0.05000 0.10000"
1607,0.0000,Tx-Rx,0,-69.5358,"-3.90000 0.80000 1.00000, 3.95000 -0.05000 0.10000"
1608,0.0000,Tx-Rx,0,-69.9999,"-3.90000 0.80000 1.00000, 4.25000 -0.05000 0.10000"
1609,0.0000,Tx-Rx,0,-70.3872,"-3.90000 0.80000 1.00000, 4.55000 -0.05000 0.10000"
1610,0.0000,Tx-Rx,0,-72.0606,"-3.90000 0.80000 1.00000, 4.85000 -0.05000 0.10000"
1611,0.0000,Tx-Rx,0,-74.1680,"-3.90000 0.80000 1.00000, 5.15000 -0.05000 0.10000"
1612,0.0000,Tx-Rx,0,-74.5074,"-3.90000 0.80000 1.00000, 5.45000 -0.05000 0.10000"
1613,0.0000,Tx-Rx,0,-69.5505,"-3.90000 0.80000 1.00000, 5.75000 -0.05000 0.10000"
1614,0.0000,Tx-Rx,0,-63.4453,"-3.90000 0.80000 1.00000, 6.05000 -0.05000 0.10000"
1615,0.0000,Tx-Rx,0,-61.5991,"-3.90000 0.80000 1.00000, 6.35000 -0.05000 0.10000"
1616,0.0000,Tx-Rx,0,-61.5946,"-3.90000 0.80000 1.00000, 6.65000 -0.05000 0.10000"
1617,0.0000,Tx-Rx,0,-61.6679,"-3.90000 0.80000 1.00000, 6.95000 -0.05000 0.10000"
1618,0.0000,Tx-Rx,0,-62.0694,"-3.90000 0.80000 1.00000, 7.25000 -0.05000 0.10000"
1619,0.0000,Tx-Rx,0,-66.5180,"-3.90000 0.80000 1.00000, 7.55000 -0.05000 0.10000"
1620,0.0000,Tx-Rx,0,-75.3299,"-3.90000 0.80000 1.00000, 7.85000 -0.05000 0.10000"
1621,0.0000,Tx-Rx,0,-56.7033,"-3.90000 0.80000 1.00000, -9.85000 0.25000 0.10000"
1622,0.0000,Tx-Rx,0,-56.4282,"-3.90000 0.80000 1.00000, -9.55000 0.25000 0.10000"
1623,0.0000,Tx-Rx,0,-52.2672,"-3.90000 0.80000 1.00000, -9.25000 0.25000 0.10000"
1624,0.0000,Tx-Rx,0,-50.2290,"-3.90000 0.80000 1.00000, -8.95000 0.25000 0.10000"
1625,0.0000,Tx-Rx,0,-51.0831,"-3.90000 0.80000 1.00000, -8.65000 0.25000 0.10000"
1626,0.0000,Tx-Rx,0,-51.1732,"-3.90000 0.80000 1.00000, -8.35000 0.25000 0.10000"
1627,0.0000,Tx-Rx,0,-53.5024,"-3.90000 0.80000 1.00000, -8.05000 0.25000 0.10000"
1628,0.0000,Tx-Rx,0,-53.4566,"-3.90000 0.80000 1.00000, -7.75000 0.25000 0.10000"
1629,0.0000,Tx-Rx,0,-52.9992,"-3.90000 0.80000 1.00000, -7.45000 0.25000 0.10000"
1630,0.0000,Tx-Rx,0,-52.3738,"-3.90000 0.80000 1.00000, -7.15000 0.25000 0.10000"
1631,0.0000,Tx-Rx,0,-51.5882,"-3.90000 0.80000 1.00000, -6.85000 0.25000 0.10000"
1632,0.0000,Tx-Rx,0,-51.3986,"-3.90000 0.80000 1.00000, -6.55000 0.25000 0.10000"
1633,0.0000,Tx-Rx,0,-52.5678,"-3.90000 0.80000 1.00000, -6.25000 0.25000 0.10000"
1634,0.0000,Tx-Rx,0,-51.0263,"-3.90000 0.80000 1.00000, -5.95000 0.25000 0.10000"
1635,0.0000,Tx-Rx,0,-50.9672,"-3.90000 0.80000 1.00000, -5.65000 0.25000 0.10000"
1636,0.0000,Tx-Rx,0,-51.4842,"-3.90000 0.80000 1.00000, -5.35000 0.25000 0.10000"
1637,0.0000,Tx-Rx,0,-49.0056,"-3.90000 0.80000 1.00000, -5.05000 0.25000 0.10000"
1638,0.0000,Tx-Rx,0,-45.8256,"-3.90000 0.80000 1.00000, -4.75000 0.25000 0.10000"
1639,0.0000,Tx-Rx,0,-47.6958,"-3.90000 0.80000 1.00000, -4.45000 0.25000 0.10000"
1640,0.0000,Tx-Rx,0,-46.1841,"-3.90000 0.80000 1.00000, -4.15000 0.25000 0.10000"
1641,0.0000,Tx-Rx,0,-45.0218,"-3.90000 0.80000 1.00000, -3.85000 0.25000 0.10000"
1642,0.0000,Tx-Rx,0,-47.9324,"-3.90000 0.80000 1.00000, -3.55000 0.25000 0.10000"
1643,0.0000,Tx-Rx,0,-45.0818,"-3.90000 0.80000 1.00000, -3.25000 0.25000 0.10000"
1644,0.0000,Tx-Rx,0,-46.7056,"-3.90000 0.80000 1.00000, -2.95000 0.25000 0.10000"
1645,0.0000,Tx-Rx,0,-48.2191,"-3.90000 0.80000 1.00000, -2.65000 0.25000 0.10000"
1646,0.0000,Tx-Rx,0,-50.4767,"-3.90000 0.80000 1.00000, -2.35000 0.25000 0.10000"
1647,0.0000,Tx-Rx,0,-50.3280,"-3.90000 0.80000 1.00000, -2.05000 0.25000 0.10000"
1648,0.0000,Tx-Rx,0,-50.7458,"-3.90000 0.80000 1.00000, -1.75000 0.25000 0.10000"
1649,0.0000,Tx-Rx,0,-49.7362,"-3.90000 0.80000 1.00000, -1.45000 0.25000 0.10000"
1650,0.0000,Tx-Rx,0,-48.6227,"-3.90000 0.80000 1.00000, -1.15000 0.25000 0.10000"
1651,0.0000,Tx-Rx,0,-51.0510,"-3.90000 0.80000 1.00000, -0.85000 0.25000 0.10000"
1652,0.0000,Tx-Rx,0,-51.8208,"-3.90000 0.80000 1.00000, -0.55000 0.25000 0.10000"
1653,0.0000,Tx-Rx,0,-52.3235,"-3.90000 0.80000 1.00000, -0.25000 0.25000 0.10000"
1654,0.0000,Tx-Rx,0,-56.8525,"-3.90000 0.80000 1.00000, 0.05000 0.25000 0.10000"
1655,0.0000,Tx-Rx,0,-63.6904,"-3.90000 0.80000 1.00000, 0.35000 0.25000 0.10000"
1656,0.0000,Tx-Rx,0,-62.5884,"-3.90000 0.80000 1.00000, 0.65000 0.25000 0.10000"
1657,0.0000,Tx-Rx,0,-61.5595,"-3.90000 0.80000 1.00000, 0.95000 0.25000 0.10000"
1658,0.0000,Tx-Rx,0,-62.3468,"-3.90000 0.80000 1.00000, 1.25000 0.25000 0.10000"
1659,0.0000,Tx-Rx,0,-67.8755,"-3.90000 0.80000 1.00000, 1.55000 0.25000 0.10000"
1660,0.0000,Tx-Rx,0,-67.2861,"-3.90000 0.80000 1.00000, 1.85000 0.25000 0.10000"
1661,0.0000,Tx-Rx,0,-65.8719,"-3.90000 0.80000 1.00000, 2.15000 0.25000 0.10000"
1662,0.0000,Tx-Rx,0,-65.6990,"-3.90000 0.80000 1.00000, 2.45000 0.25000 0.10000"
1663,0.0000,Tx-Rx,0,-65.3271,"-3.90000 0.80000 1.00000, 2.75000 0.25000 0.10000"
1664,0.0000,Tx-Rx,0,-64.1698,"-3.90000 0.80000 1.00000, 3.05000 0.25000 0.10000"
1665,0.0000,Tx-Rx,0,-67.3599,"-3.90000 0.80000 1.00000, 3.35000 0.25000 0.10000"
1666,0.0000,Tx-Rx,0,-69.7923,"-3.90000 0.80000 1.00000, 3.65000 0.25000 0.10000"
1667,0.0000,Tx-Rx,0,-69.5672,"-3.90000 0.80000 1.00000, 3.95000 0.25000 0.10000"
1668,0.0000,Tx-Rx,0,-69.6517,"-3.90000 0.80000 1.00000, 4.25000 0.25000 0.10000"
1669,0.0000,Tx-Rx,0,-70.6271,"-3.90000 0.80000 1.00000, 4.55000 0.25000 0.10000"
1670,0.0000,Tx-Rx,0,-72.0512,"-3.90000 0.80000 1.00000, 4.85000 0.25000 0.10000"
1671,0.0000,Tx-Rx,0,-73.0257,"-3.90000 0.80000 1.00000, 5.15000 0.25000 0.10000"
1672,0.0000,Tx-Rx,0,-66.2804,"-3.90000 0.80000 1.00000, 5.45000 0.25000 0.10000"
1673,0.0000,Tx-Rx,0,-62.0396,"-3.90000 0.80000 1.00000, 5.75000 0.25000 0.10000"
1674,0.0000,Tx-Rx,0,-61.2463,"-3.90000 0.80000 1.00000, 6.05000 0.25000 0.10000"
1675,0.0000,Tx-Rx,0,-61.3347,"-3.90000 0.80000 1.00000, 6.35000 0.25000 0.10000"
1676,0.0000,Tx-Rx,0,-61.4037,"-3.90000 0.80000 1.00000, 6.65000 0.25000 0.10000"
1677,0.0000,Tx-Rx,0,-63.8108,"-3.90000 0.80000 1.00000, 6.95000 0.25000 0.10000"
1678,0.0000,Tx-Rx,0,-70.9353,"-3.90000 0.80000 1.00000, 7.25000 0.25000 0.10000"
1679,0.0000,Tx-Rx,0,-74.4176,"-3.90000 0.80000 1.00000, 7.55000 0.25000 0.10000"
1680,0.0000,Tx-Rx,0,-77.6360,"-3.90000 0.80000 1.00000, 7.85000 0.25000 0.10000"
1681,0.0000,Tx-Rx,0,-57.0469,"-3.90000 0.80000 1.00000, -9.85000 0.55000 0.10000"
1682,0.0000,Tx-Rx,0,-54.2922,"-3.90000 0.80000 1.00000, -9.55000 0.55000 0.10000"
1683,0.0000,Tx-Rx,0,-52.9050,"-3.90000 0.80000 1.00000, -9.25000 0.55000 0.10000"
1684,0.0000,Tx-Rx,0,-51.8123,"-3.90000 0.80000 1.00000, -8.95000 0.55000 0.10000"
1685,0.0000,Tx-Rx,0,-51.5064,"-3.90000 0.80000 1.00000, -8.65000 0.55000 0.10000"
1686,0.0000,Tx-Rx,0,-51.0957,"-3.90000 0.80000 1.00000, -8.35000 0.55000 0.10000"
1687,0.0000,Tx-Rx,0,-51.7586,"-3.90000 0.80000 1.00000, -8.05000 0.55000 0.10000"
1688,0.0000,Tx-Rx,0,-53.4327,"-3.90000 0.80000 1.00000, -7.75000 0.55000 0.10000"
1689,0.0000,Tx-Rx,0,-53.0071,"-3.90000 0.80000 1.00000, -7.45000 0.55000 0.10000"
1690,0.0000,Tx-Rx,0,-52.2844,"-3.90000 0.80000 1.00000, -7.15000 0.55000 0.10000"
1691,0.0000,Tx-Rx,0,-51.1427,"-3.90000 0.80000 1.00000, -6.85000 0.55000 0.10000"
1692,0.0000,Tx-Rx,0,-51.9957,"-3.90000 0.80000 1.00000, -6.55000 0.55000 0.10000"
1693,0.0000,Tx-Rx,0,-53.7520,"-3.90000 0.80000 1.00000, -6.25000 0.55000 0.10000"
1694,0.0000,Tx-Rx,0,-53.1081,"-3.90000 0.80000 1.00000, -5.95000 0.55000 0.10000"
1695,0.0000,Tx-Rx,0,-52.5345,"-3.90000 0.80000 1.00000, -5.65000 0.55000 0.10000"
1696,0.0000,Tx-Rx,0,-53.0362,"-3.90000 0.80000 1.00000, -5.35000 0.55000 0.10000"
1697,0.0000,Tx-Rx,0,-52.5923,"-3.90000 0.80000 1.00000, -5.05000 0.55000 0.10000"
1698,0.0000,Tx-Rx,0,-46.9127,"-3.90000 0.80000 1.00000, -4.75000 0.55000 0.10000"
1699,0.0000,Tx-Rx,0,-46.8145,"-3.90000 0.80000 1.00000, -4.45000 0.55000 0.10000"
1700,0.0000,Tx-Rx,0,-45.6806,"-3.90000 0.80000 1.00000, -4.15000 0.55000 0.10000"
1701,0.0000,Tx-Rx,0,-44.8756,"-3.90000 0.80000 1.00000, -3.85000 0.55000 0.10000"
1702,0.0000,Tx-Rx,0,-46.8865,"-3.90000 0.80000 1.00000, -3.55000 0.55000 0.10000"
1703,0.0000,Tx-Rx,0,-44.7870,"-3.90000 0.80000 1.00000, -3.25000 0.55000 0.10000"
1704,0.0000,Tx-Rx,0,-50.8828,"-3.90000 0.80000 1.00000, -2.95000 0.55000 0.10000"
1705,0.0000,Tx-Rx,0,-53.0203,"-3.90000 0.80000 1.00000, -2.65000 0.55000 0.10000"
1706,0.0000,Tx-Rx,0,-52.9579,"-3.90000 0.80000 1.00000, -2.35000 0.55000 0.10000"
1707,0.0000,Tx-Rx,0,-53.6654,"-3.90000 0.80000 1.00000, -2.05000 0.55000 0.10000"
1708,0.0000,Tx-Rx,0,-54.1773,"-3.90000 0.80000 1.00000, -1.75000 0.55000 0.10000"
1709,0.0000,Tx-Rx,0,-52.6047,"-3.90000 0.80000 1.00000, -1.45000 0.55000 0.10000"
1710,0.0000,Tx-Rx,0,-50.9513,"-3.90000 0.80000 1.00000, -1.15000 0.55000 0.10000"
1711,0.0000,Tx-Rx,0,-51.4088,"-3.90000 0.80000 1.00000, -0.85000 0.55000 0.10000"
1712,0.0000,Tx-Rx,0,-51.8796,"-3.90000 0.80000 1.00000, -0.55000 0.55000 0.10000"
1713,0.0000,Tx-Rx,0,-52.3513,"-3.90000 0.80000 1.00000, -0.25000 0.55000 0.10000"
1714,0.0000,Tx-Rx,0,-56.0915,"-3.90000 0.80000 1.00000, 0.05000 0.55000 0.10000"
1715,0.0000,Tx-Rx,0,-59.4126,"-3.90000 0.80000 1.00000, 0.35000 0.55000 0.10000"
1716,0.0000,Tx-Rx,0,-59.5168,"-3.90000 0.80000 1.00000, 0.65000 0.55000 0.10000"
1717,0.0000,Tx-Rx,0,-60.2511,"-3.90000 0.80000 1.00000, 0.95000 0.55000 0.10000"
1718,0.0000,Tx-Rx,0,-61.0002,"-3.90000 0.80000 1.00000, 1.25000 0.55000 0.10000"
1719,0.0000,Tx-Rx,0,-62.3231,"-3.90000 0.80000 1.00000, 1.55000 0.55000 0.10000"
1720,0.0000,Tx-Rx,0,-62.3043,"-3.90000 0.80000 1.00000, 1.85000 0.55000 0.10000"
1721,0.0000,Tx-Rx,0,-62.3078,"-3.90000 0.80000 1.00000, 2.15000 0.55000 0.10000"
1722,0.0000,Tx-Rx,0,-61.4072,"-3.90000 0.80000 1.00000, 2.45000 0.55000 0.10000"
1723,0.0000,Tx-Rx,0,-60.5779,"-3.90000 0.80000 1.00000, 2.75000 0.55000 0.10000"
1724,0.0000,Tx-Rx,0,-60.7930,"-3.90000 0.80000 1.00000, 3.05000 0.55000 0.10000"
1725,0.0000,Tx-Rx,0,-60.8642,"-3.90000 0.80000 1.00000, 3.35000 0.55000 0.10000"
1726,0.0000,Tx-Rx,0,-61.1773,"-3.90000 0.80000 1.00000, 3.65000 0.55000 0.10000"
1727,0.0000,Tx-Rx,0,-62.1640,"-3.90000 0.80000 1.00000, 3.95000 0.55000 0.10000"
1728,0.0000,Tx-Rx,0,-62.4136,"-3.90000 0.80000 1.00000, 4.25000 0.55000 0.10000"
1729,0.0000,Tx-Rx,0,-62.6986,"-3.90000 0.80000 1.00000, 4.55000 0.55000 0.10000"
1730,0.0000,Tx-Rx,0,-62.5499,"-3.90000 0.80000 1.00000, 4.85000 0.55000 0.10000"
1731,0.0000,Tx-Rx,0,-60.2617,"-3.90000 0.80000 1.00000, 5.15000 0.55000 0.10000"
1732,0.0000,Tx-Rx,0,-58.8301,"-3.90000 0.80000 1.00000, 5.45000 0.55000 0.10000"
1733,0.0000,Tx-Rx,0,-58.8006,"-3.90000 0.80000 1.00000, 5.75000 0.55000 0.10000"
1734,0.0000,Tx-Rx,0,-58.9200,"-3.90000 0.80000 1.00000, 6.05000 0.55000 0.10000"
1735,0.0000,Tx-Rx,0,-59.4562,"-3.90000 0.80000 1.00000, 6.35000 0.55000 0.10000"
1736,0.0000,Tx-Rx,0,-61.7392,"-3.90000 0.80000 1.00000, 6.65000 0.55000 0.10000"
1737,0.0000,Tx-Rx,0,-62.8533,"-3.90000 0.80000 1.00000, 6.95000 0.55000 0.10000"
1738,0.0000,Tx-Rx,0,-62.6077,"-3.90000 0.80000 1.00000, 7.25000 0.55000 0.10000"
1739,0.0000,Tx-Rx,0,-62.8934,"-3.90000 0.80000 1.00000, 7.55000 0.55000 0.10000"
1740,0.0000,Tx-Rx,0,-62.9980,"-3.90000 0.80000 1.00000, 7.85000 0.55000 0.10000"
1741,0.0000,Tx-Rx,0,-55.3530,"-3.90000 0.80000 1.00000, -9.85000 0.85000 0.10000"
1742,0.0000,Tx-Rx,0,-53.2522,"-3.90000 0.80000 1.00000, -9.55000 0.85000 0.10000"
1743,0.0000,Tx-Rx,0,-53.2480,"-3.90000 0.80000 1.00000, -9.25000 0.85000 0.10000"
1744,0.0000,Tx-Rx,0,-55.2412,"-3.90000 0.80000 1.00000, -8.95000 0.85000 0.10000"
1745,0.0000,Tx-Rx,0,-51.9093,"-3.90000 0.80000 1.00000, -8.65000 0.85000 0.10000"
1746,0.0000,Tx-Rx,0,-51.1092,"-3.90000 0.80000 1.00000, -8.35000 0.85000 0.10000"
1747,0.0000,Tx-Rx,0,-50.6789,"-3.90000 0.80000 1.00000, -8.05000 0.85000 0.10000"
1748,0.0000,Tx-Rx,0,-52.7488,"-3.90000 0.80000 1.00000, -7.75000 0.85000 0.10000"
1749,0.0000,Tx-Rx,0,-52.8849,"-3.90000 0.80000 1.00000, -7.45000 0.85000 0.10000"
1750,0.0000,Tx-Rx,0,-51.7569,"-3.90000 0.80000 1.00000, -7.15000 0.85000 0.10000"
1751,0.0000,Tx-Rx,0,-51.0561,"-3.90000 0.80000 1.00000, -6.85000 0.85000 0.10000"
1752,0.0000,Tx-Rx,0,-52.0096,"-3.90000 0.80000 1.00000, -6.55000 0.85000 0.10000"
1753,0.0000,Tx-Rx,0,-53.6120,"-3.90000 0.80000 1.00000, -6.25000 0.85000 0.10000"
1754,0.0000,Tx-Rx,0,-53.0850,"-3.90000 0.80000 1.00000, -5.95000 0.85000 0.10000"
1755,0.0000,Tx-Rx,0,-53.3819,"-3.90000 0.80000 1.00000, -5.65000 0.85000 0.10000"
1756,0.0000,Tx-Rx,0,-53.6677,"-3.90000 0.80000 1.00000, -5.35000 0.85000 0.10000"
1757,0.0000,Tx-Rx,0,-52.3402,"-3.90000 0.80000 1.00000, -5.05000 0.85000 0.10000"
1758,0.0000,Tx-Rx,0,-46.4701,"-3.90000 0.80000 1.00000, -4.75000 0.85000 0.10000"
1759,0.0000,Tx-Rx,0,-46.4777,"-3.90000 0.80000 1.00000, -4.45000 0.85000 0.10000"
1760,0.0000,Tx-Rx,0,-45.0912,"-3.90000 0.80000 1.00000, -4.15000 0.85000 0.10000"
1761,0.0000,Tx-Rx,0,-44.4770,"-3.90000 0.80000 1.00000, -3.85000 0.85000 0.10000"
1762,0.0000,Tx-Rx,0,-46.2268,"-3.90000 0.80000 1.00000, -3.55000 0.85000 0.10000"
1763,0.0000,Tx-Rx,0,-44.1180,"-3.90000 0.80000 1.00000, -3.25000 0.85000 0.10000"
1764,0.0000,Tx-Rx,0,-50.1454,"-3.90000 0.80000 1.00000, -2.95000 0.85000 0.10000"
1765,0.0000,Tx-Rx,0,-53.8957,"-3.90000 0.80000 1.00000, -2.65000 0.85000 0.10000"
1766,0.0000,Tx-Rx,0,-53.9150,"-3.90000 0.80000 1.00000, -2.35000 0.85000 0.10000"
1767,0.0000,Tx-Rx,0,-53.5098,"-3.90000 0.80000 1.00000, -2.05000 0.85000 0.10000"
1768,0.0000,Tx-Rx,0,-54.3633,"-3.90000 0.80000 1.00000, -1.75000 0.85000 0.10000"
1769,0.0000,Tx-Rx,0,-52.7632,"-3.90000 0.80000 1.00000, -1.45000 0.85000 0.10000"
1770,0.0000,Tx-Rx,0,-50.9034,"-3.90000 0.80000 1.00000, -1.15000 0.85000 0.10000"
1771,0.0000,Tx-Rx,0,-51.6573,"-3.90000 0.80000 1.00000, -0.85000 0.85000 0.10000"
1772,0.0000,Tx-Rx,0,-52.1014,"-3.90000 0.80000 1.00000, -0.55000 0.85000 0.10000"
1773,0.0000,Tx-Rx,0,-52.5401,"-3.90000 0.80000 1.00000, -0.25000 0.85000 0.10000"
1774,0.0000,Tx-Rx,0,-53.4064,"-3.90000 0.80000 1.00000, 0.05000 0.85000 0.10000"
1775,0.0000,Tx-Rx,0,-54.1828,"-3.90000 0.80000 1.00000, 0.35000 0.85000 0.10000"
1776,0.0000,Tx-Rx,0,-54.6711,"-3.90000 0.80000 1.00000, 0.65000 0.85000 0.10000"
1777,0.0000,Tx-Rx,0,-55.1184,"-3.90000 0.80000 1.00000, 0.95000 0.85000 0.10000"
1778,0.0000,Tx-Rx,0,-55.8710,"-3.90000 0.80000 1.00000, 1.25000 0.85000 0.10000"
1779,0.0000,Tx-Rx,0,-56.5437,"-3.90000 0.80000 1.00000, 1.55000 0.85000 0.10000"
1780,0.0000,Tx-Rx,0,-57.1376,"-3.90000 0.80000 1.00000, 1.85000 0.85000 0.10000"
1781,0.0000,Tx-Rx,0,-57.5587,"-3.90000 0.80000 1.00000, 2.15000 0.85000 0.10000"
1782,0.0000,Tx-Rx,0,-57.6620,"-3.90000 0.80000 1.00000, 2.45000 0.85000 0.10000"
1783,0.0000,Tx-Rx,0,-57.9557,"-3.90000 0.80000 1.00000, 2.75000 0.85000 0.10000"
1784,0.0000,Tx-Rx,0,-58.1198,"-3.90000 0.80000 1.00000, 3.05000 0.85000 0.10000"
1785,0.0000,Tx-Rx,0,-58.2648,"-3.90000 0.80000 1.00000, 3.35000 0.85000 0.10000"
1786,0.0000,Tx-Rx,0,-58.6256,"-3.90000 0.80000 1.00000, 3.65000 0.85000 0.10000"
1787,0.0000,Tx-Rx,0,-58.8769,"-3.90000 0.80000 1.00000, 3.95000 0.85000 0.10000"
1788,0.0000,Tx-Rx,0,-59.7041,"-3.90000 0.80000 1.00000, 4.25000 0.85000 0.10000"
1789,0.0000,Tx-Rx,0,-59.8661,"-3.90000 0.80000 1.00000, 4.55000 0.85000 0.10000"
1790,0.0000,Tx-Rx,0,-58.4515,"-3.90000 0.80000 1.00000, 4.85000 0.85000 0.10000"
1791,0.0000,Tx-Rx,0,-57.8271,"-3.90000 0.80000 1.00000, 5.15000 0.85000 0.10000"
1792,0.0000,Tx-Rx,0,-57.9413,"-3.90000 0.80000 1.00000, 5.45000 0.85000 0.10000"
1793,0.0000,Tx-Rx,0,-58.0185,"-3.90000 0.80000 1.00000, 5.75000 0.85000 0.10000"
1794,0.0000,Tx-Rx,0,-59.0680,"-3.90000 0.80000 1.00000, 6.05000 0.85000 0.10000"
1795,0.0000,Tx-Rx,0,-61.1417,"-3.90000 0.80000 1.00000, 6.35000 0.85000 0.10000"
1796,0.0000,Tx-Rx,0,-61.9122,"-3.90000 0.80000 1.00000, 6.65000 0.85000 0.10000"
1797,0.0000,Tx-Rx,0,-61.9961,"-3.90000 0.80000 1.00000, 6.95000 0.85000 0.10000"
1798,0.0000,Tx-Rx,0,-62.1075,"-3.90000 0.80000 1.00000, 7.25000 0.85000 0.10000"
1799,0.0000,Tx-Rx,0,-62.2186,"-3.90000 0.80000 1.00000, 7.55000 0.85000 0.10000"
1800,0.0000,Tx-Rx,0,-62.5395,"-3.90000 0.80000 1.00000, 7.85000 0.85000 0.10000"
1801,0.0000,Tx-Rx,0,-53.0909,"-3.90000 0.80000 1.00000, -9.85000 1.15000 0.10000"
1802,0.0000,Tx-Rx,0,-52.9452,"-3.90000 0.80000 1.00000, -9.55000 1.15000 0.10000"
1803,0.0000,Tx-Rx,0,-54.7291,"-3.90000 0.80000 1.00000, -9.25000 1.15000 0.10000"
1804,0.0000,Tx-Rx,0,-55.3629,"-3.90000 0.80000 1.00000, -8.95000 1.15000 0.10000"
1805,0.0000,Tx-Rx,0,-54.2069,"-3.90000 0.80000 1.00000, -8.65000 1.15000 0.10000"
1806,0.0000,Tx-Rx,0,-51.0278,"-3.90000 0.80000 1.00000, -8.35000 1.15000 0.10000"
1807,0.0000,Tx-Rx,0,-50.6073,"-3.90000 0.80000 1.00000, -8.05000 1.15000 0.10000"
1808,0.0000,Tx-Rx,0,-50.9598,"-3.90000 0.80000 1.00000, -7.75000 1.15000 0.10000"
1809,0.0000,Tx-Rx,0,-52.2036,"-3.90000 0.80000 1.00000, -7.45000 1.15000 0.10000"
1810,0.0000,Tx-Rx,0,-51.2450,"-3.90000 0.80000 1.00000, -7.15000 1.15000 0.10000"
1811,0.0000,Tx-Rx,0,-50.9308,"-3.90000 0.80000 1.00000, -6.85000 1.15000 0.10000"
1812,0.0000,Tx-Rx,0,-52.0349,"-3.90000 0.80000 1.00000, -6.55000 1.15000 0.10000"
1813,0.0000,Tx-Rx,0,-53.5294,"-3.90000 0.80000 1.00000, -6.25000 1.15000 0.10000"
1814,0.0000,Tx-Rx,0,-53.0063,"-3.90000 0.80000 1.00000, -5.95000 1.15000 0.10000"
1815,0.0000,Tx-Rx,0,-52.1888,"-3.90000 0.80000 1.00000, -5.65000 1.15000 0.10000"
1816,0.0000,Tx-Rx,0,-52.7003,"-3.90000 0.80000 1.00000, -5.35000 1.15000 0.10000"
1817,0.0000,Tx-Rx,0,-50.5546,"-3.90000 0.80000 1.00000, -5.05000 1.15000 0.10000"
1818,0.0000,Tx-Rx,0,-46.5813,"-3.90000 0.80000 1.00000, -4.75000 1.15000 0.10000"
1819,0.0000,Tx-Rx,0,-47.8490,"-3.90000 0.80000 1.00000, -4.45000 1.15000 0.10000"
1820,0.0000,Tx-Rx,0,-49.3339,"-3.90000 0.80000 1.00000, -4.15000 1.15000 0.10000"
1821,0.0000,Tx-Rx,0,-47.6914,"-3.90000 0.80000 1.00000, -3.85000 1.15000 0.10000"
1822,0.0000,Tx-Rx,0,-48.8942,"-3.90000 0.80000 1.00000, -3.55000 1.15000 0.10000"
1823,0.0000,Tx-Rx,0,-45.0258,"-3.90000 0.80000 1.00000, -3.25000 1.15000 0.10000"
1824,0.0000,Tx-Rx,0,-50.5579,"-3.90000 0.80000 1.00000, -2.95000 1.15000 0.10000"
1825,0.0000,Tx-Rx,0,-52.7297,"-3.90000 0.80000 1.00000, -2.65000 1.15000 0.10000"
1826,0.0000,Tx-Rx,0,-52.3300,"-3.90000 0.80000 1.00000, -2.35000 1.15000 0.10000"
1827,0.0000,Tx-Rx,0,-52.6504,"-3.90000 0.80000 1.00000, -2.05000 1.15000 0.10000"
1828,0.0000,Tx-Rx,0,-54.0739,"-3.90000 0.80000 1.00000, -1.75000 1.15000 0.10000"
1829,0.0000,Tx-Rx,0,-52.9576,"-3.90000 0.80000 1.00000, -1.45000 1.15000 0.10000"
1830,0.0000,Tx-Rx,0,-50.8495,"-3.90000 0.80000 1.00000, -1.15000 1.15000 0.10000"
1831,0.0000,Tx-Rx,0,-51.5414,"-3.90000 0.80000 1.00000, -0.85000 1.15000 0.10000"
1832,0.0000,Tx-Rx,0,-52.1411,"-3.90000 0.80000 1.00000, -0.55000 1.15000 0.10000"
1833,0.0000,Tx-Rx,0,-52.7808,"-3.90000 0.80000 1.00000, -0.25000 1.15000 0.10000"
1834,0.0000,Tx-Rx,0,-53.5229,"-3.90000 0.80000 1.00000, 0.05000 1.15000 0.10000"
1835,0.0000,Tx-Rx,0,-54.2455,"-3.90000 0.80000 1.00000, 0.35000 1.15000 0.10000"
1836,0.0000,Tx-Rx,0,-54.6967,"-3.90000 0.80000 1.00000, 0.65000 1.15000 0.10000"
1837,0.0000,Tx-Rx,0,-55.2533,"-3.90000 0.80000 1.00000, 0.95000 1.15000 0.10000"
1838,0.0000,Tx-Rx,0,-56.0634,"-3.90000 0.80000 1.00000, 1.25000 1.15000 0.10000"
1839,0.0000,Tx-Rx,0,-56.4288,"-3.90000 0.80000 1.00000, 1.55000 1.15000 0.10000"
1840,0.0000,Tx-Rx,0,-56.7171,"-3.90000 0.80000 1.00000, 1.85000 1.15000 0.10000"
1841,0.0000,Tx-Rx,0,-57.0489,"-3.90000 0.80000 1.00000, 2.15000 1.15000 0.10000"
1842,0.0000,Tx-Rx,0,-57.4090,"-3.90000 0.80000 1.00000, 2.45000 1.15000 0.10000"
1843,0.0000,Tx-Rx,0,-58.0531,"-3.90000 0.80000 1.00000, 2.75000 1.15000 0.10000"
1844,0.0000,Tx-Rx,0,-58.4231,"-3.90000 0.80000 1.00000, 3.05000 1.15000 0.10000"
1845,0.0000,Tx-Rx,0,-58.7104,"-3.90000 0.80000 1.00000, 3.35000 1.15000 0.10000"
1846,0.0000,Tx-Rx,0,-58.5569,"-3.90000 0.80000 1.00000, 3.65000 1.15000 0.10000"
1847,0.0000,Tx-Rx,0,-58.6550,"-3.90000 0.80000 1.00000, 3.95000 1.15000 0.10000"
1848,0.0000,Tx-Rx,0,-58.1554,"-3.90000 0.80000 1.00000, 4.25000 1.15000 0.10000"
1849,0.0000,Tx-Rx,0,-57.1635,"-3.90000 0.80000 1.00000, 4.55000 1.15000 0.10000"
1850,0.0000,Tx-Rx,0,-57.3696,"-3.90000 0.80000 1.00000, 4.85000 1.15000 0.10000"
1851,0.0000,Tx-Rx,0,-57.5700,"-3.90000 0.80000 1.00000, 5.15000 1.15000 0.10000"
1852,0.0000,Tx-Rx,0,-58.3359,"-3.90000 0.80000 1.00000, 5.45000 1.15000 0.10000"
1853,0.0000,Tx-Rx,0,-60.4439,"-3.90000 0.80000 1.00000, 5.75000 1.15000 0.10000"
1854,0.0000,Tx-Rx,0,-61.1273,"-3.90000 0.80000 1.00000, 6.05000 1.15000 0.10000"
1855,0.0000,Tx-Rx,0,-61.2829,"-3.90000 0.80000 1.00000, 6.35000 1.15000 0.10000"
1856,0.0000,Tx-Rx,0,-61.1591,"-3.90000 0.80000 1.00000, 6.65000 1.15000 0.10000"
1857,0.0000,Tx-Rx,0,-61.4959,"-3.90000 0.80000 1.00000, 6.95000 1.15000 0.10000"
1858,0.0000,Tx-Rx,0,-61.8824,"-3.90000 0.80000 1.00000, 7.25000 1.15000 0.10000"
1859,0.0000,Tx-Rx,0,-61.7214,"-3.90000 0.80000 1.00000, 7.55000 1.15000 0.10000"
1860,0.0000,Tx-Rx,0,-61.6458,"-3.90000 0.80000 1.00000, 7.85000 1.15000 0.10000"
1861,0.0000,Tx-Rx,0,-53.6196,"-3.90000 0.80000 1.00000, -9.85000 1.45000 0.10000"
1862,0.0000,Tx-Rx,0,-55.9665,"-3.90000 0.80000 1.00000, -9.55000 1.45000 0.10000"
1863,0.0000,Tx-Rx,0,-57.5399,"-3.90000 0.80000 1.00000, -9.25000 1.45000 0.10000"
1864,0.0000,Tx-Rx,0,-56.5472,"-3.90000 0.80000 1.00000, -8.95000 1.45000 0.10000"
1865,0.0000,Tx-Rx,0,-55.7878,"-3.90000 0.80000 1.00000, -8.65000 1.45000 0.10000"
1866,0.0000,Tx-Rx,0,-51.8629,"-3.90000 0.80000 1.00000, -8.35000 1.45000 0.10000"
1867,0.0000,Tx-Rx,0,-50.4635,"-3.90000 0.80000 1.00000, -8.05000 1.45000 0.10000"
1868,0.0000,Tx-Rx,0,-50.0316,"-3.90000 0.80000 1.00000, -7.75000 1.45000 0.10000"
1869,0.0000,Tx-Rx,0,-49.9400,"-3.90000 0.80000 1.00000, -7.45000 1.45000 0.10000"
1870,0.0000,Tx-Rx,0,-48.9400,"-3.90000 0.80000 1.00000, -7.15000 1.45000 0.10000"
1871,0.0000,Tx-Rx,0,-49.0912,"-3.90000 0.80000 1.00000, -6.85000 1.45000 0.10000"
1872,0.0000,Tx-Rx,0,-49.8912,"-3.90000 0.80000 1.00000, -6.55000 1.45000 0.10000"
1873,0.0000,Tx-Rx,0,-52.0962,"-3.90000 0.80000 1.00000, -6.25000 1.45000 0.10000"
1874,0.0000,Tx-Rx,0,-52.7792,"-3.90000 0.80000 1.00000, -5.95000 1.45000 0.10000"
1875,0.0000,Tx-Rx,0,-51.3475,"-3.90000 0.80000 1.00000, -5.65000 1.45000 0.10000"
1876,0.0000,Tx-Rx,0,-48.9170,"-3.90000 0.80000 1.00000, -5.35000 1.45000 0.10000"
1877,0.0000,Tx-Rx,0,-47.1811,"-3.90000 0.80000 1.00000, -5.05000 1.45000 0.10000"
1878,0.0000,Tx-Rx,0,-46.3522,"-3.90000 0.80000 1.00000, -4.75000 1.45000 0.10000"
1879,0.0000,Tx-Rx,0,-50.6643,"-3.90000 0.80000 1.00000, -4.45000 1.45000 0.10000"
1880,0.0000,Tx-Rx,0,-50.4146,"-3.90000 0.80000 1.00000, -4.15000 1.45000 0.10000"
1881,0.0000,Tx-Rx,0,-47.9488,"-3.90000 0.80000 1.00000, -3.85000 1.45000 0.10000"
1882,0.0000,Tx-Rx,0,-52.6807,"-3.90000 0.80000 1.00000, -3.55000 1.45000 0.10000"
1883,0.0000,Tx-Rx,0,-45.5936,"-3.90000 0.80000 1.00000, -3.25000 1.45000 0.10000"
1884,0.0000,Tx-Rx,0,-46.0812,"-3.90000 0.80000 1.00000, -2.95000 1.45000 0.10000"
1885,0.0000,Tx-Rx,0,-47.5489,"-3.90000 0.80000 1.00000, -2.65000 1.45000 0.10000"
1886,0.0000,Tx-Rx,0,-49.7870,"-3.90000 0.80000 1.00000, -2.35000 1.45000 0.10000"
1887,0.0000,Tx-Rx,0,-50.5470,"-3.90000 0.80000 1.00000, -2.05000 1.45000 0.10000"
1888,0.0000,Tx-Rx,0,-50.2526,"-3.90000 0.80000 1.00000, -1.75000 1.45000 0.10000"
1889,0.0000,Tx-Rx,0,-49.0227,"-3.90000 0.80000 1.00000, -1.45000 1.45000 0.10000"
1890,0.0000,Tx-Rx,0,-48.3711,"-3.90000 0.80000 1.00000, -1.15000 1.45000 0.10000"
1891,0.0000,Tx-Rx,0,-50.1620,"-3.90000 0.80000 1.00000, -0.85000 1.45000 0.10000"
1892,0.0000,Tx-Rx,0,-52.3598,"-3.90000 0.80000 1.00000, -0.55000 1.45000 0.10000"
1893,0.0000,Tx-Rx,0,-52.9603,"-3.90000 0.80000 1.00000, -0.25000 1.45000 0.10000"
1894,0.0000,Tx-Rx,0,-53.5444,"-3.90000 0.80000 1.00000, 0.05000 1.45000 0.10000"
1895,0.0000,Tx-Rx,0,-54.2211,"-3.90000 0.80000 1.00000, 0.35000 1.45000 0.10000"
1896,0.0000,Tx-Rx,0,-54.6723,"-3.90000 0.80000 1.00000, 0.65000 1.45000 0.10000"
1897,0.0000,Tx-Rx,0,-55.4876,"-3.90000 0.80000 1.00000, 0.95000 1.45000 0.10000"
1898,0.0000,Tx-Rx,0,-56.2196,"-3.90000 0.80000 1.00000, 1.25000 1.45000 0.10000"
1899,0.0000,Tx-Rx,0,-56.5996,"-3.90000 0.80000 1.00000, 1.55000 1.45000 0.10000"
1900,0.0000,Tx-Rx,0,-56.9261,"-3.90000 0.80000 1.00000, 1.85000 1.45000 0.10000"
1901,0.0000,Tx-Rx,0,-57.0062,"-3.90000 0.80000 1.00000, 2.15000 1.45000 0.10000"
1902,0.0000,Tx-Rx,0,-57.4082,"-3.90000 0.80000 1.00000, 2.45000 1.45000 0.10000"
1903,0.0000,Tx-Rx,0,-57.8554,"-3.90000 0.80000 1.00000, 2.75000 1.45000 0.10000"
1904,0.0000,Tx-Rx,0,-58.4226,"-3.90000 0.80000 1.00000, 3.05000 1.45000 0.10000"
1905,0.0000,Tx-Rx,0,-58.7326,"-3.90000 0.80000 1.00000, 3.35000 1.45000 0.10000"
1906,0.0000,Tx-Rx,0,-58.9060,"-3.90000 0.80000 1.00000, 3.65000 1.45000 0.10000"
1907,0.0000,Tx-Rx,0,-57.5136,"-3.90000 0.80000 1.00000, 3.95000 1.45000 0.10000"
1908,0.0000,Tx-Rx,0,-56.5326,"-3.90000 0.80000 1.00000, 4.25000 1.45000 0.10000"
1909,0.0000,Tx-Rx,0,-56.4210,"-3.90000 0.80000 1.00000, 4.55000 1.45000 0.10000"
1910,0.0000,Tx-Rx,0,-56.6306,"-3.90000 0.80000 1.00000, 4.85000 1.45000 0.10000"
1911,0.0000,Tx-Rx,0,-58.5908,"-3.90000 0.80000 1.00000, 5.15000 1.45000 0.10000"
1912,0.0000,Tx-Rx,0,-62.0446,"-3.90000 0.80000 1.00000, 5.45000 1.45000 0.10000"
1913,0.0000,Tx-Rx,0,-63.3334,"-3.90000 0.80000 1.00000, 5.75000 1.45000 0.10000"
1914,0.0000,Tx-Rx,0,-63.2751,"-3.90000 0.80000 1.00000, 6.05000 1.45000 0.10000"
1915,0.0000,Tx-Rx,0,-63.0388,"-3.90000 0.80000 1.00000, 6.35000 1.45000 0.10000"
1916,0.0000,Tx-Rx,0,-62.8203,"-3.90000 0.80000 1.00000, 6.65000 1.45000 0.10000"
1917,0.0000,Tx-Rx,0,-62.3474,"-3.90000 0.80000 1.00000, 6.95000 1.45000 0.10000"
1918,0.0000,Tx-Rx,0,-61.9449,"-3.90000 0.80000 1.00000, 7.25000 1.45000 0.10000"
1919,0.0000,Tx-Rx,0,-62.4159,"-3.90000 0.80000 1.00000, 7.55000 1.45000 0.10000"
1920,0.0000,Tx-Rx,0,-62.9485,"-3.90000 0.80000 1.00000, 7.85000 1.45000 0.10000"
1921,0.0000,Tx-Rx,0,-51.0440,"-3.90000 0.80000 1.00000, -9.85000 1.75000 0.10000"
1922,0.0000,Tx-Rx,0,-51.0707,"-3.90000 0.80000 1.00000, -9.55000 1.75000 0.10000"
1923,0.0000,Tx-Rx,0,-51.4445,"-3.90000 0.80000 1.00000, -9.25000 1.75000 0.10000"
1924,0.0000,Tx-Rx,0,-51.8052,"-3.90000 0.80000 1.00000, -8.95000 1.75000 0.10000"
1925,0.0000,Tx-Rx,0,-51.4937,"-3.90000 0.80000 1.00000, -8.65000 1.75000 0.10000"
1926,0.0000,Tx-Rx,0,-50.7938,"-3.90000 0.80000 1.00000, -8.35000 1.75000 0.10000"
1927,0.0000,Tx-Rx,0,-48.1332,"-3.90000 0.80000 1.00000, -8.05000 1.75000 0.10000"
1928,0.0000,Tx-Rx,0,-46.5886,"-3.90000 0.80000 1.00000, -7.75000 1.75000 0.10000"
1929,0.0000,Tx-Rx,0,-46.0126,"-3.90000 0.80000 1.00000, -7.45000 1.75000 0.10000"
1930,0.0000,Tx-Rx,0,-46.3551,"-3.90000 0.80000 1.00000, -7.15000 1.75000 0.10000"
1931,0.0000,Tx-Rx,0,-46.9390,"-3.90000 0.80000 1.00000, -6.85000 1.75000 0.10000"
1932,0.0000,Tx-Rx,0,-49.2697,"-3.90000 0.80000 1.00000, -6.55000 1.75000 0.10000"
1933,0.0000,Tx-Rx,0,-52.9545,"-3.90000 0.80000 1.00000, -6.25000 1.75000 0.10000"
1934,0.0000,Tx-Rx,0,-51.7111,"-3.90000 0.80000 1.00000, -5.95000 1.75000 0.10000"
1935,0.0000,Tx-Rx,0,-50.3373,"-3.90000 0.80000 1.00000, -5.65000 1.75000 0.10000"
1936,0.0000,Tx-Rx,0,-49.0891,"-3.90000 0.80000 1.00000, -5.35000 1.75000 0.10000"
1937,0.0000,Tx-Rx,0,-48.2802,"-3.90000 0.80000 1.00000, -5.05000 1.75000 0.10000"
1938,0.0000,Tx-Rx,0,-51.7531,"-3.90000 0.80000 1.00000, -4.75000 1.75000 0.10000"
1939,0.0000,Tx-Rx,0,-54.1495,"-3.90000 0.80000 1.00000, -4.45000 1.75000 0.10000"
1940,0.0000,Tx-Rx,0,-53.4566,"-3.90000 0.80000 1.00000, -4.15000 1.75000 0.10000"
1941,0.0000,Tx-Rx,0,-52.5966,"-3.90000 0.80000 1.00000, -3.85000 1.75000 0.10000"
1942,0.0000,Tx-Rx,0,-53.9348,"-3.90000 0.80000 1.00000, -3.55000 1.75000 0.10000"
1943,0.0000,Tx-Rx,0,-49.5655,"-3.90000 0.80000 1.00000, -3.25000 1.75000 0.10000"
1944,0.0000,Tx-Rx,0,-46.7553,"-3.90000 0.80000 1.00000, -2.95000 1.75000 0.10000"
1945,0.0000,Tx-Rx,0,-47.7212,"-3.90000 0.80000 1.00000, -2.65000 1.75000 0.10000"
1946,0.0000,Tx-Rx,0,-48.5099,"-3.90000 0.80000 1.00000, -2.35000 1.75000 0.10000"
1947,0.0000,Tx-Rx,0,-49.3625,"-3.90000 0.80000 1.00000, -2.05000 1.75000 0.10000"
1948,0.0000,Tx-Rx,0,-50.8314,"-3.90000 0.80000 1.00000, -1.75000 1.75000 0.10000"
1949,0.0000,Tx-Rx,0,-49.4471,"-3.90000 0.80000 1.00000, -1.45000 1.75000 0.10000"
1950,0.0000,Tx-Rx,0,-48.8549,"-3.90000 0.80000 1.00000, -1.15000 1.75000 0.10000"
1951,0.0000,Tx-Rx,0,-46.3809,"-3.90000 0.80000 1.00000, -0.85000 1.75000 0.10000"
1952,0.0000,Tx-Rx,0,-46.7756,"-3.90000 0.80000 1.00000, -0.55000 1.75000 0.10000"
1953,0.0000,Tx-Rx,0,-48.4998,"-3.90000 0.80000 1.00000, -0.25000 1.75000 0.10000"
1954,0.0000,Tx-Rx,0,-50.2662,"-3.90000 0.80000 1.00000, 0.05000 1.75000 0.10000"
1955,0.0000,Tx-Rx,0,-52.7627,"-3.90000 0.80000 1.00000, 0.35000 1.75000 0.10000"
1956,0.0000,Tx-Rx,0,-54.7459,"-3.90000 0.80000 1.00000, 0.65000 1.75000 0.10000"
1957,0.0000,Tx-Rx,0,-55.6089,"-3.90000 0.80000 1.00000, 0.95000 1.75000 0.10000"
1958,0.0000,Tx-Rx,0,-56.0238,"-3.90000 0.80000 1.00000, 1.25000 1.75000 0.10000"
1959,0.0000,Tx-Rx,0,-56.4030,"-3.90000 0.80000 1.00000, 1.55000 1.75000 0.10000"
1960,0.0000,Tx-Rx,0,-56.6019,"-3.90000 0.80000 1.00000, 1.85000 1.75000 0.10000"
1961,0.0000,Tx-Rx,0,-57.0525,"-3.90000 0.80000 1.00000, 2.15000 1.75000 0.10000"
1962,0.0000,Tx-Rx,0,-57.5017,"-3.90000 0.80000 1.00000, 2.45000 1.75000 0.10000"
1963,0.0000,Tx-Rx,0,-57.8537,"-3.90000 0.80000 1.00000, 2.75000 1.75000 0.10000"
1964,0.0000,Tx-Rx,0,-57.7730,"-3.90000 0.80000 1.00000, 3.05000 1.75000 0.10000"
1965,0.0000,Tx-Rx,0,-57.4716,"-3.90000 0.80000 1.00000, 3.35000 1.75000 0.10000"
1966,0.0000,Tx-Rx,0,-56.3386,"-3.90000 0.80000 1.00000, 3.65000 1.75000 0.10000"
1967,0.0000,Tx-Rx,0,-56.0921,"-3.90000 0.80000 1.00000, 3.95000 1.75000 0.10000"
1968,0.0000,Tx-Rx,0,-56.4077,"-3.90000 0.80000 1.00000, 4.25000 1.75000 0.10000"
1969,0.0000,Tx-Rx,0,-56.3217,"-3.90000 0.80000 1.00000, 4.55000 1.75000 0.10000"
1970,0.0000,Tx-Rx,0,-56.1339,"-3.90000 0.80000 1.00000, 4.85000 1.75000 0.10000"
1971,0.0000,Tx-Rx,0,-59.2825,"-3.90000 0.80000 1.00000, 5.15000 1.75000 0.10000"
1972,0.0000,Tx-Rx,0,-65.2660,"-3.90000 0.80000 1.00000, 5.45000 1.75000 0.10000"
1973,0.0000,Tx-Rx,0,-79.9356,"-3.90000 0.80000 1.00000, 5.75000 1.75000 0.10000"
1974,0.0000,Tx-Rx,0,-77.8350,"-3.90000 0.80000 1.00000, 6.05000 1.75000 0.10000"
1975,0.0000,Tx-Rx,0,-81.2514,"-3.90000 0.80000 1.00000, 6.35000 1.75000 0.10000"
1976,0.0000,Tx-Rx,0,-75.0018,"-3.90000 0.80000 1.00000, 6.65000 1.75000 0.10000"
1977,0.0000,Tx-Rx,0,-72.0944,"-3.90000 0.80000 1.00000, 6.95000 1.75000 0.10000"
1978,0.0000,Tx-Rx,0,-69.9233,"-3.90000 0.80000 1.00000, 7.25000 1.75000 0.10000"
1979,0.0000,Tx-Rx,0,-65.9710,"-3.90000 0.80000 1.00000, 7.55000 1.75000 0.10000"
1980,0.0000,Tx-Rx,0,-62.1404,"-3.90000 0.80000 1.00000, 7.85000 1.75000 0.10000"
1981,0.0000,Tx-Rx,0,-58.1100,"-3.90000 0.80000 1.00000, -9.85000 2.05000 0.10000"
1982,0.0000,Tx-Rx,0,-55.7518,"-3.90000 0.80000 1.00000, -9.55000 2.05000 0.10000"
1983,0.0000,Tx-Rx,0,-54.0492,"-3.90000 0.80000 1.00000, -9.25000 2.05000 0.10000"
1984,0.0000,Tx-Rx,0,-52.8312,"-3.90000 0.80000 1.00000, -8.95000 2.05000 0.10000"
1985,0.0000,Tx-Rx,0,-52.4487,"-3.90000 0.80000 1.00000, -8.65000 2.05000 0.10000"
1986,0.0000,Tx-Rx,0,-52.1915,"-3.90000 0.80000 1.00000, -8.35000 2.05000 0.10000"
1987,0.0000,Tx-Rx,0,-49.4535,"-3.90000 0.80000 1.00000, -8.05000 2.05000 0.10000"
1988,0.0000,Tx-Rx,0,-46.1499,"-3.90000 0.80000 1.00000, -7.75000 2.05000 0.10000"
1989,0.0000,Tx-Rx,0,-45.7373,"-3.90000 0.80000 1.00000, -7.45000 2.05000 0.10000"
1990,0.0000,Tx-Rx,0,-45.9301,"-3.90000 0.80000 1.00000, -7.15000 2.05000 0.10000"
1991,0.0000,Tx-Rx,0,-46.2413,"-3.90000 0.80000 1.00000, -6.85000 2.05000 0.10000"
1992,0.0000,Tx-Rx,0,-48.8562,"-3.90000 0.80000 1.00000, -6.55000 2.05000 0.10000"
1993,0.0000,Tx-Rx,0,-52.6723,"-3.90000 0.80000 1.00000, -6.25000 2.05000 0.10000"
1994,0.0000,Tx-Rx,0,-52.0243,"-3.90000 0.80000 1.00000, -5.95000 2.05000 0.10000"
1995,0.0000,Tx-Rx,0,-51.0220,"-3.90000 0.80000 1.00000, -5.65000 2.05000 0.10000"
1996,0.0000,Tx-Rx,0,-49.7521,"-3.90000 0.80000 1.00000, -5.35000 2.05000 0.10000"
1997,0.0000,Tx-Rx,0,-49.6934,"-3.90000 0.80000 1.00000, -5.05000 2.05000 0.10000"
1998,0.0000,Tx-Rx,0,-52.2270,"-3.90000 0.80000 1.00000, -4.75000 2.05000 0.10000"
1999,0.0000,Tx-Rx,0,-53.5088,"-3.90000 0.80000 1.00000, -4.45000 2.05000 0.10000"
2000,0.0000,Tx-Rx,0,-53.2370,"-3.90000 0.80000 1.00000, -4.15000 2.05000 0.10000"
2001,0.0000,Tx-Rx,0,-52.6540,"-3.90000 0.80000 1.00000, -3.85000 2.05000 0.10000"
2002,0.0000,Tx-Rx,0,-53.0673,"-3.90000 0.80000 1.00000, -3.55000 2.05000 0.10000"
2003,0.0000,Tx-Rx,0,-50.8795,"-3.90000 0.80000 1.00000, -3.25000 2.05000 0.10000"
2004,0.0000,Tx-Rx,0,-47.7131,"-3.90000 0.80000 1.00000, -2.95000 2.05000 0.10000"
2005,0.0000,Tx-Rx,0,-48.3927,"-3.90000 0.80000 1.00000, -2.65000 2.05000 0.10000"
2006,0.0000,Tx-Rx,0,-49.0854,"-3.90000 0.80000 1.00000, -2.35000 2.05000 0.10000"
2007,0.0000,Tx-Rx,0,-49.3886,"-3.90000 0.80000 1.00000, -2.05000 2.05000 0.10000"
2008,0.0000,Tx-Rx,0,-49.3326,"-3.90000 0.80000 1.00000, -1.75000 2.05000 0.10000"
2009,0.0000,Tx-Rx,0,-47.1131,"-3.90000 0.80000 1.00000, -1.45000 2.05000 0.10000"
2010,0.0000,Tx-Rx,0,-45.2307,"-3.90000 0.80000 1.00000, -1.15000 2.05000 0.10000"
2011,0.0000,Tx-Rx,0,-45.8283,"-3.90000 0.80000 1.00000, -0.85000 2.05000 0.10000"
2012,0.0000,Tx-Rx,0,-46.5530,"-3.90000 0.80000 1.00000, -0.55000 2.05000 0.10000"
2013,0.0000,Tx-Rx,0,-47.2380,"-3.90000 0.80000 1.00000, -0.25000 2.05000 0.10000"
2014,0.0000,Tx-Rx,0,-47.7954,"-3.90000 0.80000 1.00000, 0.05000 2.05000 0.10000"
2015,0.0000,Tx-Rx,0,-48.2498,"-3.90000 0.80000 1.00000, 0.35000 2.05000 0.10000"
2016,0.0000,Tx-Rx,0,-49.1763,"-3.90000 0.80000 1.00000, 0.65000 2.05000 0.10000"
2017,0.0000,Tx-Rx,0,-50.6229,"-3.90000 0.80000 1.00000, 0.95000 2.05000 0.10000"
2018,0.0000,Tx-Rx,0,-52.6022,"-3.90000 0.80000 1.00000, 1.25000 2.05000 0.10000"
2019,0.0000,Tx-Rx,0,-54.6681,"-3.90000 0.80000 1.00000, 1.55000 2.05000 0.10000"
2020,0.0000,Tx-Rx,0,-56.3686,"-3.90000 0.80000 1.00000, 1.85000 2.05000 0.10000"
2021,0.0000,Tx-Rx,0,-56.9580,"-3.90000 0.80000 1.00000, 2.15000 2.05000 0.10000"
2022,0.0000,Tx-Rx,0,-57.5146,"-3.90000 0.80000 1.00000, 2.45000 2.05000 0.10000"
2023,0.0000,Tx-Rx,0,-57.7829,"-3.90000 0.80000 1.00000, 2.75000 2.05000 0.10000"
2024,0.0000,Tx-Rx,0,-56.9454,"-3.90000 0.80000 1.00000, 3.05000 2.05000 0.10000"
2025,0.0000,Tx-Rx,0,-55.8783,"-3.90000 0.80000 1.00000, 3.35000 2.05000 0.10000"
2026,0.0000,Tx-Rx,0,-55.7532,"-3.90000 0.80000 1.00000, 3.65000 2.05000 0.10000"
2027,0.0000,Tx-Rx,0,-55.8878,"-3.90000 0.80000 1.00000, 3.95000 2.05000 0.10000"
2028,0.0000,Tx-Rx,0,-56.1009,"-3.90000 0.80000 1.00000, 4.25000 2.05000 0.10000"
2029,0.0000,Tx-Rx,0,-56.1979,"-3.90000 0.80000 1.00000, 4.55000 2.05000 0.10000"
2030,0.0000,Tx-Rx,0,-56.3489,"-3.90000 0.80000 1.00000, 4.85000 2.05000 0.10000"
2031,0.0000,Tx-Rx,0,-58.0668,"-3.90000 0.80000 1.00000, 5.15000 2.05000 0.10000"
2032,0.0000,Tx-Rx,0,-61.3481,"-3.90000 0.80000 1.00000, 5.45000 2.05000 0.10000"
2033,0.0000,Tx-Rx,0,-67.5568,"-3.90000 0.80000 1.00000, 5.75000 2.05000 0.10000"
2034,0.0000,Tx-Rx,0,-68.3181,"-3.90000 0.80000 1.00000, 6.05000 2.05000 0.10000"
2035,0.0000,Tx-Rx,0,-69.6106,"-3.90000 0.80000 1.00000, 6.35000 2.05000 0.10000"
2036,0.0000,Tx-Rx,0,-68.5546,"-3.90000 0.80000 1.00000, 6.65000 2.05000 0.10000"
2037,0.0000,Tx-Rx,0,-65.8216,"-3.90000 0.80000 1.00000, 6.95000 2.05000 0.10000"
2038,0.0000,Tx-Rx,0,-61.8245,"-3.90000 0.80000 1.00000, 7.25000 2.05000 0.10000"
2039,0.0000,Tx-Rx,0,-60.5100,"-3.90000 0.80000 1.00000, 7.55000 2.05000 0.10000"
2040,0.0000,Tx-Rx,0,-61.6237,"-3.90000 0.80000 1.00000, 7.85000 2.05000 0.10000"
2041,0.0000,Tx-Rx,0,-85.4316,"-3.90000 0.80000 1.00000, -9.85000 2.35000 0.10000"
2042,0.0000,Tx-Rx,0,-82.9795,"-3.90000 0.80000 1.00000, -9.55000 2.35000 0.10000"
2043,0.0000,Tx-Rx,0,-78.8853,"-3.90000 0.80000 1.00000, -9.25000 2.35000 0.10000"
2044,0.0000,Tx-Rx,0,-77.3957,"-3.90000 0.80000 1.00000, -8.95000 2.35000 0.10000"
2045,0.0000,Tx-Rx,0,-74.1943,"-3.90000 0.80000 1.00000, -8.65000 2.35000 0.10000"
2046,0.0000,Tx-Rx,0,-73.5747,"-3.90000 0.80000 1.00000, -8.35000 2.35000 0.10000"
2047,0.0000,Tx-Rx,0,-51.0330,"-3.90000 0.80000 1.00000, -8.05000 2.35000 0.10000"
2048,0.0000,Tx-Rx,0,-46.0628,"-3.90000 0.80000 1.00000, -7.75000 2.35000 0.10000"
2049,0.0000,Tx-Rx,0,-45.7262,"-3.90000 0.80000 1.00000, -7.45000 2.35000 0.10000"
2050,0.0000,Tx-Rx,0,-45.6150,"-3.90000 0.80000 1.00000, -7.15000 2.35000 0.10000"
2051,0.0000,Tx-Rx,0,-46.4249,"-3.90000 0.80000 1.00000, -6.85000 2.35000 0.10000"
2052,0.0000,Tx-Rx,0,-49.2018,"-3.90000 0.80000 1.00000, -6.55000 2.35000 0.10000"
2053,0.0000,Tx-Rx,0,-53.1447,"-3.90000 0.80000 1.00000, -6.25000 2.35000 0.10000"
2054,0.0000,Tx-Rx,0,-52.5748,"-3.90000 0.80000 1.00000, -5.95000 2.35000 0.10000"
2055,0.0000,Tx-Rx,0,-51.4290,"-3.90000 0.80000 1.00000, -5.65000 2.35000 0.10000"
2056,0.0000,Tx-Rx,0,-50.1056,"-3.90000 0.80000 1.00000, -5.35000 2.35000 0.10000"
2057,0.0000,Tx-Rx,0,-50.1430,"-3.90000 0.80000 1.00000, -5.05000 2.35000 0.10000"
2058,0.0000,Tx-Rx,0,-52.1935,"-3.90000 0.80000 1.00000, -4.75000 2.35000 0.10000"
2059,0.0000,Tx-Rx,0,-53.4373,"-3.90000 0.80000 1.00000, -4.45000 2.35000 0.10000"
2060,0.0000,Tx-Rx,0,-53.0606,"-3.90000 0.80000 1.00000, -4.15000 2.35000 0.10000"
2061,0.0000,Tx-Rx,0,-52.7367,"-3.90000 0.80000 1.00000, -3.85000 2.35000 0.10000"
2062,0.0000,Tx-Rx,0,-53.2479,"-3.90000 0.80000 1.00000, -3.55000 2.35000 0.10000"
2063,0.0000,Tx-Rx,0,-51.3943,"-3.90000 0.80000 1.00000, -3.25000 2.35000 0.10000"
2064,0.0000,Tx-Rx,0,-48.6185,"-3.90000 0.80000 1.00000, -2.95000 2.35000 0.10000"
2065,0.0000,Tx-Rx,0,-48.9793,"-3.90000 0.80000 1.00000, -2.65000 2.35000 0.10000"
2066,0.0000,Tx-Rx,0,-49.6254,"-3.90000 0.80000 1.00000, -2.35000 2.35000 0.10000"
2067,0.0000,Tx-Rx,0,-49.9188,"-3.90000 0.80000 1.00000, -2.05000 2.35000 0.10000"
2068,0.0000,Tx-Rx,0,-49.8035,"-3.90000 0.80000 1.00000, -1.75000 2.35000 0.10000"
2069,0.0000,Tx-Rx,0,-47.4801,"-3.90000 0.80000 1.00000, -1.45000 2.35000 0.10000"
2070,0.0000,Tx-Rx,0,-45.6943,"-3.90000 0.80000 1.00000, -1.15000 2.35000 0.10000"
2071,0.0000,Tx-Rx,0,-46.3635,"-3.90000 0.80000 1.00000, -0.85000 2.35000 0.10000"
2072,0.0000,Tx-Rx,0,-46.8927,"-3.90000 0.80000 1.00000, -0.55000 2.35000 0.10000"
2073,0.0000,Tx-Rx,0,-47.3911,"-3.90000 0.80000 1.00000, -0.25000 2.35000 0.10000"
2074,0.0000,Tx-Rx,0,-47.8308,"-3.90000 0.80000 1.00000, 0.05000 2.35000 0.10000"
2075,0.0000,Tx-Rx,0,-48.3864,"-3.90000 0.80000 1.00000, 0.35000 2.35000 0.10000"
2076,0.0000,Tx-Rx,0,-48.9305,"-3.90000 0.80000 1.00000, 0.65000 2.35000 0.10000"
2077,0.0000,Tx-Rx,0,-49.3703,"-3.90000 0.80000 1.00000, 0.95000 2.35000 0.10000"
2078,0.0000,Tx-Rx,0,-49.5741,"-3.90000 0.80000 1.00000, 1.25000 2.35000 0.10000"
2079,0.0000,Tx-Rx,0,-50.0506,"-3.90000 0.80000 1.00000, 1.55000 2.35000 0.10000"
2080,0.0000,Tx-Rx,0,-50.8861,"-3.90000 0.80000 1.00000, 1.85000 2.35000 0.10000"
2081,0.0000,Tx-Rx,0,-52.5544,"-3.90000 0.80000 1.00000, 2.15000 2.35000 0.10000"
2082,0.0000,Tx-Rx,0,-54.0466,"-3.90000 0.80000 1.00000, 2.45000 2.35000 0.10000"
2083,0.0000,Tx-Rx,0,-54.9530,"-3.90000 0.80000 1.00000, 2.75000 2.35000 0.10000"
2084,0.0000,Tx-Rx,0,-55.5512,"-3.90000 0.80000 1.00000, 3.05000 2.35000 0.10000"
2085,0.0000,Tx-Rx,0,-55.7103,"-3.90000 0.80000 1.00000, 3.35000 2.35000 0.10000"
2086,0.0000,Tx-Rx,0,-55.9859,"-3.90000 0.80000 1.00000, 3.65000 2.35000 0.10000"
2087,0.0000,Tx-Rx,0,-56.2264,"-3.90000 0.80000 1.00000, 3.95000 2.35000 0.10000"
2088,0.0000,Tx-Rx,0,-56.3391,"-3.90000 0.80000 1.00000, 4.25000 2.35000 0.10000"
2089,0.0000,Tx-Rx,0,-56.5318,"-3.90000 0.80000 1.00000, 4.55000 2.35000 0.10000"
2090,0.0000,Tx-Rx,0,-57.0029,"-3.90000 0.80000 1.00000, 4.85000 2.35000 0.10000"
2091,0.0000,Tx-Rx,0,-58.8357,"-3.90000 0.80000 1.00000, 5.15000 2.35000 0.10000"
2092,0.0000,Tx-Rx,0,-59.9125,"-3.90000 0.80000 1.00000, 5.45000 2.35000 0.10000"
2093,0.0000,Tx-Rx,0,-59.2158,"-3.90000 0.80000 1.00000, 5.75000 2.35000 0.10000"
2094,0.0000,Tx-Rx,0,-59.9450,"-3.90000 0.80000 1.00000, 6.05000 2.35000 0.10000"
2095,0.0000,Tx-Rx,0,-60.6251,"-3.90000 0.80000 1.00000, 6.35000 2.35000 0.10000"
2096,0.0000,Tx-Rx,0,-59.2321,"-3.90000 0.80000 1.00000, 6.65000 2.35000 0.10000"
2097,0.0000,Tx-Rx,0,-58.6378,"-3.90000 0.80000 1.00000, 6.95000 2.35000 0.10000"
2098,0.0000,Tx-Rx,0,-59.7363,"-3.90000 0.80000 1.00000, 7.25000 2.35000 0.10000"
2099,0.0000,Tx-Rx,0,-60.4802,"-3.90000 0.80000 1.00000, 7.55000 2.35000 0.10000"
2100,0.0000,Tx-Rx,0,-60.4569,"-3.90000 0.80000 1.00000, 7.85000 2.35000 0.10000"
2101,0.0000,Tx-Rx,0,-77.5443,"-3.90000 0.80000 1.00000, -9.85000 2.65000 0.10000"
2102,0.0000,Tx-Rx,0,-76.5942,"-3.90000 0.80000 1.00000, -9.55000 2.65000 0.10000"
2103,0.0000,Tx-Rx,0,-76.8189,"-3.90000 0.80000 1.00000, -9.25000 2.65000 0.10000"
2104,0.0000,Tx-Rx,0,-75.2453,"-3.90000 0.80000 1.00000, -8.95000 2.65000 0.10000"
2105,0.0000,Tx-Rx,0,-75.5087,"-3.90000 0.80000 1.00000, -8.65000 2.65000 0.10000"
2106,0.0000,Tx-Rx,0,-74.1134,"-3.90000 0.80000 1.00000, -8.35000 2.65000 0.10000"
2107,0.0000,Tx-Rx,0,-51.0637,"-3.90000 0.80000 1.00000, -8.05000 2.65000 0.10000"
2108,0.0000,Tx-Rx,0,-46.2039,"-3.90000 0.80000 1.00000, -7.75000 2.65000 0.10000"
2109,0.0000,Tx-Rx,0,-45.9271,"-3.90000 0.80000 1.00000, -7.45000 2.65000 0.10000"
2110,0.0000,Tx-Rx,0,-45.8427,"-3.90000 0.80000 1.00000, -7.15000 2.65000 0.10000"
2111,0.0000,Tx-Rx,0,-45.9111,"-3.90000 0.80000 1.00000, -6.85000 2.65000 0.10000"
2112,0.0000,Tx-Rx,0,-49.2298,"-3.90000 0.80000 1.00000, -6.55000 2.65000 0.10000"
2113,0.0000,Tx-Rx,0,-52.8131,"-3.90000 0.80000 1.00000, -6.25000 2.65000 0.10000"
2114,0.0000,Tx-Rx,0,-52.5017,"-3.90000 0.80000 1.00000, -5.95000 2.65000 0.10000"
2115,0.0000,Tx-Rx,0,-51.1365,"-3.90000 0.80000 1.00000, -5.65000 2.65000 0.10000"
2116,0.0000,Tx-Rx,0,-50.4598,"-3.90000 0.80000 1.00000, -5.35000 2.65000 0.10000"
2117,0.0000,Tx-Rx,0,-50.5793,"-3.90000 0.80000 1.00000, -5.05000 2.65000 0.10000"
2118,0.0000,Tx-Rx,0,-52.3344,"-3.90000 0.80000 1.00000, -4.75000 2.65000 0.10000"
2119,0.0000,Tx-Rx,0,-52.3122,"-3.90000 0.80000 1.00000, -4.45000 2.65000 0.10000"
2120,0.0000,Tx-Rx,0,-51.9477,"-3.90000 0.80000 1.00000, -4.15000 2.65000 0.10000"
2121,0.0000,Tx-Rx,0,-52.1540,"-3.90000 0.80000 1.00000, -3.85000 2.65000 0.10000"
2122,0.0000,Tx-Rx,0,-51.6953,"-3.90000 0.80000 1.00000, -3.55000 2.65000 0.10000"
2123,0.0000,Tx-Rx,0,-51.5050,"-3.90000 0.80000 1.00000, -3.25000 2.65000 0.10000"
2124,0.0000,Tx-Rx,0,-49.5281,"-3.90000 0.80000 1.00000, -2.95000 2.65000 0.10000"
2125,0.0000,Tx-Rx,0,-49.9453,"-3.90000 0.80000 1.00000, -2.65000 2.65000 0.10000"
2126,0.0000,Tx-Rx,0,-49.7537,"-3.90000 0.80000 1.00000, -2.35000 2.65000 0.10000"
2127,0.0000,Tx-Rx,0,-50.1838,"-3.90000 0.80000 1.00000, -2.05000 2.65000 0.10000"
2128,0.0000,Tx-Rx,0,-50.2668,"-3.90000 0.80000 1.00000, -1.75000 2.65000 0.10000"
2129,0.0000,Tx-Rx,0,-47.8529,"-3.90000 0.80000 1.00000, -1.45000 2.65000 0.10000"
2130,0.0000,Tx-Rx,0,-46.0364,"-3.90000 0.80000 1.00000, -1.15000 2.65000 0.10000"
2131,0.0000,Tx-Rx,0,-46.7125,"-3.90000 0.80000 1.00000, -0.85000 2.65000 0.10000"
2132,0.0000,Tx-Rx,0,-47.2459,"-3.90000 0.80000 1.00000, -0.55000 2.65000 0.10000"
2133,0.0000,Tx-Rx,0,-47.8869,"-3.90000 0.80000 1.00000, -0.25000 2.65000 0.10000"
2134,0.0000,Tx-Rx,0,-48.1991,"-3.90000 0.80000 1.00000, 0.05000 2.65000 0.10000"
2135,0.0000,Tx-Rx,0,-48.6692,"-3.90000 0.80000 1.00000, 0.35000 2.65000 0.10000"
2136,0.0000,Tx-Rx,0,-49.3272,"-3.90000 0.80000 1.00000, 0.65000 2.65000 0.10000"
2137,0.0000,Tx-Rx,0,-49.6965,"-3.90000 0.80000 1.00000, 0.95000 2.65000 0.10000"
2138,0.0000,Tx-Rx,0,-50.0187,"-3.90000 0.80000 1.00000, 1.25000 2.65000 0.10000"
2139,0.0000,Tx-Rx,0,-50.4628,"-3.90000 0.80000 1.00000, 1.55000 2.65000 0.10000"
2140,0.0000,Tx-Rx,0,-50.6524,"-3.90000 0.80000 1.00000, 1.85000 2.65000 0.10000"
2141,0.0000,Tx-Rx,0,-51.0044,"-3.90000 0.80000 1.00000, 2.15000 2.65000 0.10000"
2142,0.0000,Tx-Rx,0,-50.6910,"-3.90000 0.80000 1.00000, 2.45000 2.65000 0.10000"
2143,0.0000,Tx-Rx,0,-50.8978,"-3.90000 0.80000 1.00000, 2.75000 2.65000 0.10000"
2144,0.0000,Tx-Rx,0,-51.6016,"-3.90000 0.80000 1.00000, 3.05000 2.65000 0.10000"
2145,0.0000,Tx-Rx,0,-52.6075,"-3.90000 0.80000 1.00000, 3.35000 2.65000 0.10000"
2146,0.0000,Tx-Rx,0,-53.8235,"-3.90000 0.80000 1.00000, 3.65000 2.65000 0.10000"
2147,0.0000,Tx-Rx,0,-55.0794,"-3.90000 0.80000 1.00000, 3.95000 2.65000 0.10000"
2148,0.0000,Tx-Rx,0,-56.4727,"-3.90000 0.80000 1.00000, 4.25000 2.65000 0.10000"
2149,0.0000,Tx-Rx,0,-58.2242,"-3.90000 0.80000 1.00000, 4.55000 2.65000 0.10000"
2150,0.0000,Tx-Rx,0,-60.1352,"-3.90000 0.80000 1.00000, 4.85000 2.65000 0.10000"
2151,0.0000,Tx-Rx,0,-60.3245,"-3.90000 0.80000 1.00000, 5.15000 2.65000 0.10000"
2152,0.0000,Tx-Rx,0,-60.5731,"-3.90000 0.80000 1.00000, 5.45000 2.65000 0.10000"
2153,0.0000,Tx-Rx,0,-59.3368,"-3.90000 0.80000 1.00000, 5.75000 2.65000 0.10000"
2154,0.0000,Tx-Rx,0,-57.8547,"-3.90000 0.80000 1.00000, 6.05000 2.65000 0.10000"
2155,0.0000,Tx-Rx,0,-57.8163,"-3.90000 0.80000 1.00000, 6.35000 2.65000 0.10000"
2156,0.0000,Tx-Rx,0,-58.5763,"-3.90000 0.80000 1.00000, 6.65000 2.65000 0.10000"
2157,0.0000,Tx-Rx,0,-58.1231,"-3.90000 0.80000 1.00000, 6.95000 2.65000 0.10000"
2158,0.0000,Tx-Rx,0,-57.6604,"-3.90000 0.80000 1.00000, 7.25000 2.65000 0.10000"
2159,0.0000,Tx-Rx,0,-57.6378,"-3.90000 0.80000 1.00000, 7.55000 2.65000 0.10000"
2160,0.0000,Tx-Rx,0,-57.2989,"-3.90000 0.80000 1.00000, 7.85000 2.65000 0.10000"
2161,0.0000,Tx-Rx,0,-77.6167,"-3.90000 0.80000 1.00000, -9.85000 2.95000 0.10000"
2162,0.0000,Tx-Rx,0,-76.7560,"-3.90000 0.80000 1.00000, -9.55000 2.95000 0.10000"
2163,0.0000,Tx-Rx,0,-76.9642,"-3.90000 0.80000 1.00000, -9.25000 2.95000 0.10000"
2164,0.0000,Tx-Rx,0,-76.1774,"-3.90000 0.80000 1.00000, -8.95000 2.95000 0.10000"
2165,0.0000,Tx-Rx,0,-76.3072,"-3.90000 0.80000 1.00000, -8.65000 2.95000 0.10000"
2166,0.0000,Tx-Rx,0,-74.8507,"-3.90000 0.80000 1.00000, -8.35000 2.95000 0.10000"
2167,0.0000,Tx-Rx,0,-51.0459,"-3.90000 0.80000 1.00000, -8.05000 2.95000 0.10000"
2168,0.0000,Tx-Rx,0,-46.3217,"-3.90000 0.80000 1.00000, -7.75000 2.95000 0.10000"
2169,0.0000,Tx-Rx,0,-46.1881,"-3.90000 0.80000 1.00000, -7.45000 2.95000 0.10000"
2170,0.0000,Tx-Rx,0,-46.0018,"-3.90000 0.80000 1.00000, -7.15000 2.95000 0.10000"
2171,0.0000,Tx-Rx,0,-45.6379,"-3.90000 0.80000 1.00000, -6.85000 2.95000 0.10000"
2172,0.0000,Tx-Rx,0,-49.0553,"-3.90000 0.80000 1.00000, -6.55000 2.95000 0.10000"
2173,0.0000,Tx-Rx,0,-53.1170,"-3.90000 0.80000 1.00000, -6.25000 2.95000 0.10000"
2174,0.0000,Tx-Rx,0,-51.4184,"-3.90000 0.80000 1.00000, -5.95000 2.95000 0.10000"
2175,0.0000,Tx-Rx,0,-50.6931,"-3.90000 0.80000 1.00000, -5.65000 2.95000 0.10000"
2176,0.0000,Tx-Rx,0,-50.2811,"-3.90000 0.80000 1.00000, -5.35000 2.95000 0.10000"
2177,0.0000,Tx-Rx,0,-50.2337,"-3.90000 0.80000 1.00000, -5.05000 2.95000 0.10000"
2178,0.0000,Tx-Rx,0,-52.3839,"-3.90000 0.80000 1.00000, -4.75000 2.95000 0.10000"
2179,0.0000,Tx-Rx,0,-51.6273,"-3.90000 0.80000 1.00000, -4.45000 2.95000 0.10000"
2180,0.0000,Tx-Rx,0,-51.5434,"-3.90000 0.80000 1.00000, -4.15000 2.95000 0.10000"
2181,0.0000,Tx-Rx,0,-51.8452,"-3.90000 0.80000 1.00000, -3.85000 2.95000 0.10000"
2182,0.0000,Tx-Rx,0,-52.0462,"-3.90000 0.80000 1.00000, -3.55000 2.95000 0.10000"
2183,0.0000,Tx-Rx,0,-52.2217,"-3.90000 0.80000 1.00000, -3.25000 2.95000 0.10000"
2184,0.0000,Tx-Rx,0,-50.0241,"-3.90000 0.80000 1.00000, -2.95000 2.95000 0.10000"
2185,0.0000,Tx-Rx,0,-50.2435,"-3.90000 0.80000 1.00000, -2.65000 2.95000 0.10000"
2186,0.0000,Tx-Rx,0,-50.3728,"-3.90000 0.80000 1.00000, -2.35000 2.95000 0.10000"
2187,0.0000,Tx-Rx,0,-50.1838,"-3.90000 0.80000 1.00000, -2.05000 2.95000 0.10000"
2188,0.0000,Tx-Rx,0,-50.6895,"-3.90000 0.80000 1.00000, -1.75000 2.95000 0.10000"
2189,0.0000,Tx-Rx,0,-48.0698,"-3.90000 0.80000 1.00000, -1.45000 2.95000 0.10000"
2190,0.0000,Tx-Rx,0,-46.4344,"-3.90000 0.80000 1.00000, -1.15000 2.95000 0.10000"
2191,0.0000,Tx-Rx,0,-47.0442,"-3.90000 0.80000 1.00000, -0.85000 2.95000 0.10000"
2192,0.0000,Tx-Rx,0,-47.6566,"-3.90000 0.80000 1.00000, -0.55000 2.95000 0.10000"
2193,0.0000,Tx-Rx,0,-48.1489,"-3.90000 0.80000 1.00000, -0.25000 2.95000 0.10000"
2194,0.0000,Tx-Rx,0,-48.6067,"-3.90000 0.80000 1.00000, 0.05000 2.95000 0.10000"
2195,0.0000,Tx-Rx,0,-49.0476,"-3.90000 0.80000 1.00000, 0.35000 2.95000 0.10000"
2196,0.0000,Tx-Rx,0,-49.4807,"-3.90000 0.80000 1.00000, 0.65000 2.95000 0.10000"
2197,0.0000,Tx-Rx,0,-49.9436,"-3.90000 0.80000 1.00000, 0.95000 2.95000 0.10000"
2198,0.0000,Tx-Rx,0,-50.4181,"-3.90000 0.80000 1.00000, 1.25000 2.95000 0.10000"
2199,0.0000,Tx-Rx,0,-50.6268,"-3.90000 0.80000 1.00000, 1.55000 2.95000 0.10000"
2200,0.0000,Tx-Rx,0,-50.6917,"-3.90000 0.80000 1.00000, 1.85000 2.95000 0.10000"
2201,0.0000,Tx-Rx,0,-50.5074,"-3.90000 0.80000 1.00000, 2.15000 2.95000 0.10000"
2202,0.0000,Tx-Rx,0,-50.7718,"-3.90000 0.80000 1.00000, 2.45000 2.95000 0.10000"
2203,0.0000,Tx-Rx,0,-50.8623,"-3.90000 0.80000 1.00000, 2.75000 2.95000 0.10000"
2204,0.0000,Tx-Rx,0,-51.0743,"-3.90000 0.80000 1.00000, 3.05000 2.95000 0.10000"
2205,0.0000,Tx-Rx,0,-51.3466,"-3.90000 0.80000 1.00000, 3.35000 2.95000 0.10000"
2206,0.0000,Tx-Rx,0,-51.6132,"-3.90000 0.80000 1.00000, 3.65000 2.95000 0.10000"
2207,0.0000,Tx-Rx,0,-52.3265,"-3.90000 0.80000 1.00000, 3.95000 2.95000 0.10000"
2208,0.0000,Tx-Rx,0,-53.4730,"-3.90000 0.80000 1.00000, 4.25000 2.95000 0.10000"
2209,0.0000,Tx-Rx,0,-54.9689,"-3.90000 0.80000 1.00000, 4.55000 2.95000 0.10000"
2210,0.0000,Tx-Rx,0,-56.7319,"-3.90000 0.80000 1.00000, 4.85000 2.95000 0.10000"
2211,0.0000,Tx-Rx,0,-57.3743,"-3.90000 0.80000 1.00000, 5.15000 2.95000 0.10000"
2212,0.0000,Tx-Rx,0,-57.1376,"-3.90000 0.80000 1.00000, 5.45000 2.95000 0.10000"
2213,0.0000,Tx-Rx,0,-56.6444,"-3.90000 0.80000 1.00000, 5.75000 2.95000 0.10000"
2214,0.0000,Tx-Rx,0,-58.5774,"-3.90000 0.80000 1.00000, 6.05000 2.95000 0.10000"
2215,0.0000,Tx-Rx,0,-60.6123,"-3.90000 0.80000 1.00000, 6.35000 2.95000 0.10000"
2216,0.0000,Tx-Rx,0,-57.7815,"-3.90000 0.80000 1.00000, 6.65000 2.95000 0.10000"
2217,0.0000,Tx-Rx,0,-56.8941,"-3.90000 0.80000 1.00000, 6.95000 2.95000 0.10000"
2218,0.0000,Tx-Rx,0,-57.0610,"-3.90000 0.80000 1.00000, 7.25000 2.95000 0.10000"
2219,0.0000,Tx-Rx,0,-57.4357,"-3.90000 0.80000 1.00000, 7.55000 2.95000 0.10000"
2220,0.0000,Tx-Rx,0,-57.4024,"-3.90000 0.80000 1.00000, 7.85000 2.95000 0.10000"
2221,0.0000,Tx-Rx,0,-77.8361,"-3.90000 0.80000 1.00000, -9.85000 3.25000 0.10000"
2222,0.0000,Tx-Rx,0,-77.3053,"-3.90000 0.80000 1.00000, -9.55000 3.25000 0.10000"
2223,0.0000,Tx-Rx,0,-76.1914,"-3.90000 0.80000 1.00000, -9.25000 3.25000 0.10000"
2224,0.0000,Tx-Rx,0,-77.2355,"-3.90000 0.80000 1.00000, -8.95000 3.25000 0.10000"
2225,0.0000,Tx-Rx,0,-76.0366,"-3.90000 0.80000 1.00000, -8.65000 3.25000 0.10000"
2226,0.0000,Tx-Rx,0,-75.6978,"-3.90000 0.80000 1.00000, -8.35000 3.25000 0.10000"
2227,0.0000,Tx-Rx,0,-51.3282,"-3.90000 0.80000 1.00000, -8.05000 3.25000 0.10000"
2228,0.0000,Tx-Rx,0,-46.5426,"-3.90000 0.80000 1.00000, -7.75000 3.25000 0.10000"
2229,0.0000,Tx-Rx,0,-46.2730,"-3.90000 0.80000 1.00000, -7.45000 3.25000 0.10000"
2230,0.0000,Tx-Rx,0,-46.1164,"-3.90000 0.80000 1.00000, -7.15000 3.25000 0.10000"
2231,0.0000,Tx-Rx,0,-45.8315,"-3.90000 0.80000 1.00000, -6.85000 3.25000 0.10000"
2232,0.0000,Tx-Rx,0,-47.7824,"-3.90000 0.80000 1.00000, -6.55000 3.25000 0.10000"
2233,0.0000,Tx-Rx,0,-51.9652,"-3.90000 0.80000 1.00000, -6.25000 3.25000 0.10000"
2234,0.0000,Tx-Rx,0,-50.8403,"-3.90000 0.80000 1.00000, -5.95000 3.25000 0.10000"
2235,0.0000,Tx-Rx,0,-50.3973,"-3.90000 0.80000 1.00000, -5.65000 3.25000 0.10000"
2236,0.0000,Tx-Rx,0,-49.8548,"-3.90000 0.80000 1.00000, -5.35000 3.25000 0.10000"
2237,0.0000,Tx-Rx,0,-49.9669,"-3.90000 0.80000 1.00000, -5.05000 3.25000 0.10000"
2238,0.0000,Tx-Rx,0,-52.2144,"-3.90000 0.80000 1.00000, -4.75000 3.25000 0.10000"
2239,0.0000,Tx-Rx,0,-50.6990,"-3.90000 0.80000 1.00000, -4.45000 3.25000 0.10000"
2240,0.0000,Tx-Rx,0,-50.9840,"-3.90000 0.80000 1.00000, -4.15000 3.25000 0.10000"
2241,0.0000,Tx-Rx,0,-51.2430,"-3.90000 0.80000 1.00000, -3.85000 3.25000 0.10000"
2242,0.0000,Tx-Rx,0,-51.4409,"-3.90000 0.80000 1.00000, -3.55000 3.25000 0.10000"
2243,0.0000,Tx-Rx,0,-52.2247,"-3.90000 0.80000 1.00000, -3.25000 3.25000 0.10000"
2244,0.0000,Tx-Rx,0,-50.0784,"-3.90000 0.80000 1.00000, -2.95000 3.25000 0.10000"
2245,0.0000,Tx-Rx,0,-50.3226,"-3.90000 0.80000 1.00000, -2.65000 3.25000 0.10000"
2246,0.0000,Tx-Rx,0,-50.5084,"-3.90000 0.80000 1.00000, -2.35000 3.25000 0.10000"
2247,0.0000,Tx-Rx,0,-50.7841,"-3.90000 0.80000 1.00000, -2.05000 3.25000 0.10000"
2248,0.0000,Tx-Rx,0,-50.7740,"-3.90000 0.80000 1.00000, -1.75000 3.25000 0.10000"
2249,0.0000,Tx-Rx,0,-48.5367,"-3.90000 0.80000 1.00000, -1.45000 3.25000 0.10000"
2250,0.0000,Tx-Rx,0,-46.7844,"-3.90000 0.80000 1.00000, -1.15000 3.25000 0.10000"
2251,0.0000,Tx-Rx,0,-47.4982,"-3.90000 0.80000 1.00000, -0.85000 3.25000 0.10000"
2252,0.0000,Tx-Rx,0,-47.9511,"-3.90000 0.80000 1.00000, -0.55000 3.25000 0.10000"
2253,0.0000,Tx-Rx,0,-48.2964,"-3.90000 0.80000 1.00000, -0.25000 3.25000 0.10000"
2254,0.0000,Tx-Rx,0,-48.6602,"-3.90000 0.80000 1.00000, 0.05000 3.25000 0.10000"
2255,0.0000,Tx-Rx,0,-49.3531,"-3.90000 0.80000 1.00000, 0.35000 3.25000 0.10000"
2256,0.0000,Tx-Rx,0,-49.7803,"-3.90000 0.80000 1.00000, 0.65000 3.25000 0.10000"
2257,0.0000,Tx-Rx,0,-50.3024,"-3.90000 0.80000 1.00000, 0.95000 3.25000 0.10000"
2258,0.0000,Tx-Rx,0,-50.4950,"-3.90000 0.80000 1.00000, 1.25000 3.25000 0.10000"
2259,0.0000,Tx-Rx,0,-50.2447,"-3.90000 0.80000 1.00000, 1.55000 3.25000 0.10000"
2260,0.0000,Tx-Rx,0,-50.2446,"-3.90000 0.80000 1.00000, 1.85000 3.25000 0.10000"
2261,0.0000,Tx-Rx,0,-50.5272,"-3.90000 0.80000 1.00000, 2.15000 3.25000 0.10000"
2262,0.0000,Tx-Rx,0,-50.7536,"-3.90000 0.80000 1.00000, 2.45000 3.25000 0.10000"
2263,0.0000,Tx-Rx,0,-51.0557,"-3.90000 0.80000 1.00000, 2.75000 3.25000 0.10000"
2264,0.0000,Tx-Rx,0,-51.2886,"-3.90000 0.80000 1.00000, 3.05000 3.25000 0.10000"
2265,0.0000,Tx-Rx,0,-51.9723,"-3.90000 0.80000 1.00000, 3.35000 3.25000 0.10000"
2266,0.0000,Tx-Rx,0,-52.7168,"-3.90000 0.80000 1.00000, 3.65000 3.25000 0.10000"
2267,0.0000,Tx-Rx,0,-52.8316,"-3.90000 0.80000 1.00000, 3.95000 3.25000 0.10000"
2268,0.0000,Tx-Rx,0,-53.1262,"-3.90000 0.80000 1.00000, 4.25000 3.25000 0.10000"
2269,0.0000,Tx-Rx,0,-52.8073,"-3.90000 0.80000 1.00000, 4.55000 3.25000 0.10000"
2270,0.0000,Tx-Rx,0,-52.4795,"-3.90000 0.80000 1.00000, 4.85000 3.25000 0.10000"
2271,0.0000,Tx-Rx,0,-52.5913,"-3.90000 0.80000 1.00000, 5.15000 3.25000 0.10000"
2272,0.0000,Tx-Rx,0,-53.0697,"-3.90000 0.80000 1.00000, 5.45000 3.25000 0.10000"
2273,0.0000,Tx-Rx,0,-53.9720,"-3.90000 0.80000 1.00000, 5.75000 3.25000 0.10000"
2274,0.0000,Tx-Rx,0,-55.1633,"-3.90000 0.80000 1.00000, 6.05000 3.25000 0.10000"
2275,0.0000,Tx-Rx,0,-56.3439,"-3.90000 0.80000 1.00000, 6.35000 3.25000 0.10000"
2276,0.0000,Tx-Rx,0,-57.2611,"-3.90000 0.80000 1.00000, 6.65000 3.25000 0.10000"
2277,0.0000,Tx-Rx,0,-57.2992,"-3.90000 0.80000 1.00000, 6.95000 3.25000 0.10000"
2278,0.0000,Tx-Rx,0,-57.0761,"-3.90000 0.80000 1.00000, 7.25000 3.25000 0.10000"
2279,0.0000,Tx-Rx,0,-57.1462,"-3.90000 0.80000 1.00000, 7.55000 3.25000 0.10000"
2280,0.0000,Tx-Rx,0,-57.6558,"-3.90000 0.80000 1.00000, 7.85000 3.25000 0.10000"
2281,0.0000,Tx-Rx,0,-77.1639,"-3.90000 0.80000 1.00000, -9.85000 3.55000 0.10000"
2282,0.0000,Tx-Rx,0,-76.8554,"-3.90000 0.80000 1.00000, -9.55000 3.55000 0.10000"
2283,0.0000,Tx-Rx,0,-77.6871,"-3.90000 0.80000 1.00000, -9.25000 3.55000 0.10000"
2284,0.0000,Tx-Rx,0,-77.4565,"-3.90000 0.80000 1.00000, -8.95000 3.55000 0.10000"
2285,0.0000,Tx-Rx,0,-76.7409,"-3.90000 0.80000 1.00000, -8.65000 3.55000 0.10000"
2286,0.0000,Tx-Rx,0,-75.8946,"-3.90000 0.80000 1.00000, -8.35000 3.55000 0.10000"
2287,0.0000,Tx-Rx,0,-53.2178,"-3.90000 0.80000 1.00000, -8.05000 3.55000 0.10000"
2288,0.0000,Tx-Rx,0,-47.0819,"-3.90000 0.80000 1.00000, -7.75000 3.55000 0.10000"
2289,0.0000,Tx-Rx,0,-46.3596,"-3.90000 0.80000 1.00000, -7.45000 3.55000 0.10000"
2290,0.0000,Tx-Rx,0,-46.2082,"-3.90000 0.80000 1.00000, -7.15000 3.55000 0.10000"
2291,0.0000,Tx-Rx,0,-45.9778,"-3.90000 0.80000 1.00000, -6.85000 3.55000 0.10000"
2292,0.0000,Tx-Rx,0,-46.5250,"-3.90000 0.80000 1.00000, -6.55000 3.55000 0.10000"
2293,0.0000,Tx-Rx,0,-48.2041,"-3.90000 0.80000 1.00000, -6.25000 3.55000 0.10000"
2294,0.0000,Tx-Rx,0,-48.6871,"-3.90000 0.80000 1.00000, -5.95000 3.55000 0.10000"
2295,0.0000,Tx-Rx,0,-48.4420,"-3.90000 0.80000 1.00000, -5.65000 3.55000 0.10000"
2296,0.0000,Tx-Rx,0,-48.4661,"-3.90000 0.80000 1.00000, -5.35000 3.55000 0.10000"
2297,0.0000,Tx-Rx,0,-49.0855,"-3.90000 0.80000 1.00000, -5.05000 3.55000 0.10000"
2298,0.0000,Tx-Rx,0,-51.1193,"-3.90000 0.80000 1.00000, -4.75000 3.55000 0.10000"
2299,0.0000,Tx-Rx,0,-50.4764,"-3.90000 0.80000 1.00000, -4.45000 3.55000 0.10000"
2300,0.0000,Tx-Rx,0,-50.3693,"-3.90000 0.80000 1.00000, -4.15000 3.55000 0.10000"
2301,0.0000,Tx-Rx,0,-50.4803,"-3.90000 0.80000 1.00000, -3.85000 3.55000 0.10000"
2302,0.0000,Tx-Rx,0,-50.3704,"-3.90000 0.80000 1.00000, -3.55000 3.55000 0.10000"
2303,0.0000,Tx-Rx,0,-51.3456,"-3.90000 0.80000 1.00000, -3.25000 3.55000 0.10000"
2304,0.0000,Tx-Rx,0,-48.9617,"-3.90000 0.80000 1.00000, -2.95000 3.55000 0.10000"
2305,0.0000,Tx-Rx,0,-48.9463,"-3.90000 0.80000 1.00000, -2.65000 3.55000 0.10000"
2306,0.0000,Tx-Rx,0,-49.6057,"-3.90000 0.80000 1.00000, -2.35000 3.55000 0.10000"
2307,0.0000,Tx-Rx,0,-49.9875,"-3.90000 0.80000 1.00000, -2.05000 3.55000 0.10000"
2308,0.0000,Tx-Rx,0,-50.4436,"-3.90000 0.80000 1.00000, -1.75000 3.55000 0.10000"
2309,0.0000,Tx-Rx,0,-48.6542,"-3.90000 0.80000 1.00000, -1.45000 3.55000 0.10000"
2310,0.0000,Tx-Rx,0,-47.1245,"-3.90000 0.80000 1.00000, -1.15000 3.55000 0.10000"
2311,0.0000,Tx-Rx,0,-47.7370,"-3.90000 0.80000 1.00000, -0.85000 3.55000 0.10000"
2312,0.0000,Tx-Rx,0,-48.1330,"-3.90000 0.80000 1.00000, -0.55000 3.55000 0.10000"
2313,0.0000,Tx-Rx,0,-48.5086,"-3.90000 0.80000 1.00000, -0.25000 3.55000 0.10000"
2314,0.0000,Tx-Rx,0,-49.1029,"-3.90000 0.80000 1.00000, 0.05000 3.55000 0.10000"
2315,0.0000,Tx-Rx,0,-49.6075,"-3.90000 0.80000 1.00000, 0.35000 3.55000 0.10000"
2316,0.0000,Tx-Rx,0,-50.1016,"-3.90000 0.80000 1.00000, 0.65000 3.55000 0.10000"
2317,0.0000,Tx-Rx,0,-50.1341,"-3.90000 0.80000 1.00000, 0.95000 3.55000 0.10000"
2318,0.0000,Tx-Rx,0,-49.9426,"-3.90000 0.80000 1.00000, 1.25000 3.55000 0.10000"
2319,0.0000,Tx-Rx,0,-50.1150,"-3.90000 0.80000 1.00000, 1.55000 3.55000 0.10000"
2320,0.0000,Tx-Rx,0,-50.3219,"-3.90000 0.80000 1.00000, 1.85000 3.55000 0.10000"
2321,0.0000,Tx-Rx,0,-50.5836,"-3.90000 0.80000 1.00000, 2.15000 3.55000 0.10000"
2322,0.0000,Tx-Rx,0,-50.8554,"-3.90000 0.80000 1.00000, 2.45000 3.55000 0.10000"
2323,0.0000,Tx-Rx,0,-51.5079,"-3.90000 0.80000 1.00000, 2.75000 3.55000 0.10000"
2324,0.0000,Tx-Rx,0,-52.2428,"-3.90000 0.80000 1.00000, 3.05000 3.55000 0.10000"
2325,0.0000,Tx-Rx,0,-52.6677,"-3.90000 0.80000 1.00000, 3.35000 3.55000 0.10000"
2326,0.0000,Tx-Rx,0,-53.0110,"-3.90000 0.80000 1.00000, 3.65000 3.55000 0.10000"
2327,0.0000,Tx-Rx,0,-52.5504,"-3.90000 0.80000 1.00000, 3.95000 3.55000 0.10000"
2328,0.0000,Tx-Rx,0,-52.2486,"-3.90000 0.80000 1.00000, 4.25000 3.55000 0.10000"
2329,0.0000,Tx-Rx,0,-52.3380,"-3.90000 0.80000 1.00000, 4.55000 3.55000 0.10000"
2330,0.0000,Tx-Rx,0,-52.3253,"-3.90000 0.80000 1.00000, 4.85000 3.55000 0.10000"
2331,0.0000,Tx-Rx,0,-52.5066,"-3.90000 0.80000 1.00000, 5.15000 3.55000 0.10000"
2332,0.0000,Tx-Rx,0,-52.9314,"-3.90000 0.80000 1.00000, 5.45000 3.55000 0.10000"
2333,0.0000,Tx-Rx,0,-52.9279,"-3.90000 0.80000 1.00000, 5.75000 3.55000 0.10000"
2334,0.0000,Tx-Rx,0,-53.0572,"-3.90000 0.80000 1.00000, 6.05000 3.55000 0.10000"
2335,0.0000,Tx-Rx,0,-53.4450,"-3.90000 0.80000 1.00000, 6.35000 3.55000 0.10000"
2336,0.0000,Tx-Rx,0,-53.8025,"-3.90000 0.80000 1.00000, 6.65000 3.55000 0.10000"
2337,0.0000,Tx-Rx,0,-54.6921,"-3.90000 0.80000 1.00000, 6.95000 3.55000 0.10000"
2338,0.0000,Tx-Rx,0,-55.9985,"-3.90000 0.80000 1.00000, 7.25000 3.55000 0.10000"
2339,0.0000,Tx-Rx,0,-57.0303,"-3.90000 0.80000 1.00000, 7.55000 3.55000 0.10000"
2340,0.0000,Tx-Rx,0,-57.9098,"-3.90000 0.80000 1.00000, 7.85000 3.55000 0.10000"
2341,0.0000,Tx-Rx,0,-78.3160,"-3.90000 0.80000 1.00000, -9.85000 3.85000 0.10000"
2342,0.0000,Tx-Rx,0,-77.7421,"-3.90000 0.80000 1.00000, -9.55000 3.85000 0.10000"
2343,0.0000,Tx-Rx,0,-78.8108,"-3.90000 0.80000 1.00000, -9.25000 3.85000 0.10000"
2344,0.0000,Tx-Rx,0,-77.9391,"-3.90000 0.80000 1.00000, -8.95000 3.85000 0.10000"
2345,0.0000,Tx-Rx,0,-77.1595,"-3.90000 0.80000 1.00000, -8.65000 3.85000 0.10000"
2346,0.0000,Tx-Rx,0,-75.9259,"-3.90000 0.80000 1.00000, -8.35000 3.85000 0.10000"
2347,0.0000,Tx-Rx,0,-53.6156,"-3.90000 0.80000 1.00000, -8.05000 3.85000 0.10000"
2348,0.0000,Tx-Rx,0,-48.5635,"-3.90000 0.80000 1.00000, -7.75000 3.85000 0.10000"
2349,0.0000,Tx-Rx,0,-46.8371,"-3.90000 0.80000 1.00000, -7.45000 3.85000 0.10000"
2350,0.0000,Tx-Rx,0,-46.2885,"-3.90000 0.80000 1.00000, -7.15000 3.85000 0.10000"
2351,0.0000,Tx-Rx,0,-45.9603,"-3.90000 0.80000 1.00000, -6.85000 3.85000 0.10000"
2352,0.0000,Tx-Rx,0,-45.2600,"-3.90000 0.80000 1.00000, -6.55000 3.85000 0.10000"
2353,0.0000,Tx-Rx,0,-45.0556,"-3.90000 0.80000 1.00000, -6.25000 3.85000 0.10000"
2354,0.0000,Tx-Rx,0,-46.2693,"-3.90000 0.80000 1.00000, -5.95000 3.85000 0.10000"
2355,0.0000,Tx-Rx,0,-46.1398,"-3.90000 0.80000 1.00000, -5.65000 3.85000 0.10000"
2356,0.0000,Tx-Rx,0,-45.9248,"-3.90000 0.80000 1.00000, -5.35000 3.85000 0.10000"
2357,0.0000,Tx-Rx,0,-46.9600,"-3.90000 0.80000 1.00000, -5.05000 3.85000 0.10000"
2358,0.0000,Tx-Rx,0,-48.6135,"-3.90000 0.80000 1.00000, -4.75000 3.85000 0.10000"
2359,0.0000,Tx-Rx,0,-48.6855,"-3.90000 0.80000 1.00000, -4.45000 3.85000 0.10000"
2360,0.0000,Tx-Rx,0,-48.3947,"-3.90000 0.80000 1.00000, -4.15000 3.85000 0.10000"
2361,0.0000,Tx-Rx,0,-48.1027,"-3.90000 0.80000 1.00000, -3.85000 3.85000 0.10000"
2362,0.0000,Tx-Rx,0,-48.8014,"-3.90000 0.80000 1.00000, -3.55000 3.85000 0.10000"
2363,0.0000,Tx-Rx,0,-48.7697,"-3.90000 0.80000 1.00000, -3.25000 3.85000 0.10000"
2364,0.0000,Tx-Rx,0,-45.5680,"-3.90000 0.80000 1.00000, -2.95000 3.85000 0.10000"
2365,0.0000,Tx-Rx,0,-45.8348,"-3.90000 0.80000 1.00000, -2.65000 3.85000 0.10000"
2366,0.0000,Tx-Rx,0,-46.0490,"-3.90000 0.80000 1.00000, -2.35000 3.85000 0.10000"
2367,0.0000,Tx-Rx,0,-46.4100,"-3.90000 0.80000 1.00000, -2.05000 3.85000 0.10000"
2368,0.0000,Tx-Rx,0,-46.8434,"-3.90000 0.80000 1.00000, -1.75000 3.85000 0.10000"
2369,0.0000,Tx-Rx,0,-47.1311,"-3.90000 0.80000 1.00000, -1.45000 3.85000 0.10000"
2370,0.0000,Tx-Rx,0,-47.6262,"-3.90000 0.80000 1.00000, -1.15000 3.85000 0.10000"
2371,0.0000,Tx-Rx,0,-47.9228,"-3.90000 0.80000 1.00000, -0.85000 3.85000 0.10000"
2372,0.0000,Tx-Rx,0,-48.3563,"-3.90000 0.80000 1.00000, -0.55000 3.85000 0.10000"
2373,0.0000,Tx-Rx,0,-48.6729,"-3.90000 0.80000 1.00000, -0.25000 3.85000 0.10000"
2374,0.0000,Tx-Rx,0,-51.8738,"-3.90000 0.80000 1.00000, 0.05000 3.85000 0.10000"
2375,0.0000,Tx-Rx,0,-50.8531,"-3.90000 0.80000 1.00000, 0.35000 3.85000 0.10000"
2376,0.0000,Tx-Rx,0,-49.6608,"-3.90000 0.80000 1.00000, 0.65000 3.85000 0.10000"
2377,0.0000,Tx-Rx,0,-49.5671,"-3.90000 0.80000 1.00000, 0.95000 3.85000 0.10000"
2378,0.0000,Tx-Rx,0,-49.6813,"-3.90000 0.80000 1.00000, 1.25000 3.85000 0.10000"
2379,0.0000,Tx-Rx,0,-50.0862,"-3.90000 0.80000 1.00000, 1.55000 3.85000 0.10000"
2380,0.0000,Tx-Rx,0,-50.3863,"-3.90000 0.80000 1.00000, 1.85000 3.85000 0.10000"
2381,0.0000,Tx-Rx,0,-50.9601,"-3.90000 0.80000 1.00000, 2.15000 3.85000 0.10000"
2382,0.0000,Tx-Rx,0,-51.9307,"-3.90000 0.80000 1.00000, 2.45000 3.85000 0.10000"
2383,0.0000,Tx-Rx,0,-52.4633,"-3.90000 0.80000 1.00000, 2.75000 3.85000 0.10000"
2384,0.0000,Tx-Rx,0,-52.3009,"-3.90000 0.80000 1.00000, 3.05000 3.85000 0.10000"
2385,0.0000,Tx-Rx,0,-51.5581,"-3.90000 0.80000 1.00000, 3.35000 3.85000 0.10000"
2386,0.0000,Tx-Rx,0,-51.8516,"-3.90000 0.80000 1.00000, 3.65000 3.85000 0.10000"
2387,0.0000,Tx-Rx,0,-51.9932,"-3.90000 0.80000 1.00000, 3.95000 3.85000 0.10000"
2388,0.0000,Tx-Rx,0,-52.1509,"-3.90000 0.80000 1.00000, 4.25000 3.85000 0.10000"
2389,0.0000,Tx-Rx,0,-52.4240,"-3.90000 0.80000 1.00000, 4.55000 3.85000 0.10000"
2390,0.0000,Tx-Rx,0,-52.5624,"-3.90000 0.80000 1.00000, 4.85000 3.85000 0.10000"
2391,0.0000,Tx-Rx,0,-52.5711,"-3.90000 0.80000 1.00000, 5.15000 3.85000 0.10000"
2392,0.0000,Tx-Rx,0,-52.8278,"-3.90000 0.80000 1.00000, 5.45000 3.85000 0.10000"
2393,0.0000,Tx-Rx,0,-52.8964,"-3.90000 0.80000 1.00000, 5.75000 3.85000 0.10000"
2394,0.0000,Tx-Rx,0,-53.0354,"-3.90000 0.80000 1.00000, 6.05000 3.85000 0.10000"
2395,0.0000,Tx-Rx,0,-52.9759,"-3.90000 0.80000 1.00000, 6.35000 3.85000 0.10000"
2396,0.0000,Tx-Rx,0,-54.5353,"-3.90000 0.80000 1.00000, 6.65000 3.85000 0.10000"
2397,0.0000,Tx-Rx,0,-54.4214,"-3.90000 0.80000 1.00000, 6.95000 3.85000 0.10000"
2398,0.0000,Tx-Rx,0,-54.1946,"-3.90000 0.80000 1.00000, 7.25000 3.85000 0.10000"
2399,0.0000,Tx-Rx,0,-53.9862,"-3.90000 0.80000 1.00000, 7.55000 3.85000 0.10000"
2400,0.0000,Tx-Rx,0,-54.1325,"-3.90000 0.80000 1.00000, 7.85000 3.85000 0.10000"
2401,0.0000,Tx-Rx,0,-78.9233,"-3.90000 0.80000 1.00000, -9.85000 4.15000 0.10000"
2402,0.0000,Tx-Rx,0,-78.9889,"-3.90000 0.80000 1.00000, -9.55000 4.15000 0.10000"
2403,0.0000,Tx-Rx,0,-78.1953,"-3.90000 0.80000 1.00000, -9.25000 4.15000 0.10000"
2404,0.0000,Tx-Rx,0,-77.2877,"-3.90000 0.80000 1.00000, -8.95000 4.15000 0.10000"
2405,0.0000,Tx-Rx,0,-78.5647,"-3.90000 0.80000 1.00000, -8.65000 4.15000 0.10000"
2406,0.0000,Tx-Rx,0,-77.1066,"-3.90000 0.80000 1.00000, -8.35000 4.15000 0.10000"
2407,0.0000,Tx-Rx,0,-53.8239,"-3.90000 0.80000 1.00000, -8.05000 4.15000 0.10000"
2408,0.0000,Tx-Rx,0,-48.9179,"-3.90000 0.80000 1.00000, -7.75000 4.15000 0.10000"
2409,0.0000,Tx-Rx,0,-48.5626,"-3.90000 0.80000 1.00000, -7.45000 4.15000 0.10000"
2410,0.0000,Tx-Rx,0,-46.6473,"-3.90000 0.80000 1.00000, -7.15000 4.15000 0.10000"
2411,0.0000,Tx-Rx,0,-45.6989,"-3.90000 0.80000 1.00000, -6.85000 4.15000 0.10000"
2412,0.0000,Tx-Rx,0,-45.3041,"-3.90000 0.80000 1.00000, -6.55000 4.15000 0.10000"
2413,0.0000,Tx-Rx,0,-45.0241,"-3.90000 0.80000 1.00000, -6.25000 4.15000 0.10000"
2414,0.0000,Tx-Rx,0,-45.8658,"-3.90000 0.80000 1.00000, -5.95000 4.15000 0.10000"
2415,0.0000,Tx-Rx,0,-46.8050,"-3.90000 0.80000 1.00000, -5.65000 4.15000 0.10000"
2416,0.0000,Tx-Rx,0,-46.7347,"-3.90000 0.80000 1.00000, -5.35000 4.15000 0.10000"
2417,0.0000,Tx-Rx,0,-47.1825,"-3.90000 0.80000 1.00000, -5.05000 4.15000 0.10000"
2418,0.0000,Tx-Rx,0,-47.9619,"-3.90000 0.80000 1.00000, -4.75000 4.15000 0.10000"
2419,0.0000,Tx-Rx,0,-47.4327,"-3.90000 0.80000 1.00000, -4.45000 4.15000 0.10000"
2420,0.0000,Tx-Rx,0,-47.6206,"-3.90000 0.80000 1.00000, -4.15000 4.15000 0.10000"
2421,0.0000,Tx-Rx,0,-47.3106,"-3.90000 0.80000 1.00000, -3.85000 4.15000 0.10000"
2422,0.0000,Tx-Rx,0,-47.4144,"-3.90000 0.80000 1.00000, -3.55000 4.15000 0.10000"
2423,0.0000,Tx-Rx,0,-47.1957,"-3.90000 0.80000 1.00000, -3.25000 4.15000 0.10000"
2424,0.0000,Tx-Rx,0,-46.5267,"-3.90000 0.80000 1.00000, -2.95000 4.15000 0.10000"
2425,0.0000,Tx-Rx,0,-46.4354,"-3.90000 0.80000 1.00000, -2.65000 4.15000 0.10000"
2426,0.0000,Tx-Rx,0,-46.8938,"-3.90000 0.80000 1.00000, -2.35000 4.15000 0.10000"
2427,0.0000,Tx-Rx,0,-47.0935,"-3.90000 0.80000 1.00000, -2.05000 4.15000 0.10000"
2428,0.0000,Tx-Rx,0,-47.3617,"-3.90000 0.80000 1.00000, -1.75000 4.15000 0.10000"
2429,0.0000,Tx-Rx,0,-47.6232,"-3.90000 0.80000 1.00000, -1.45000 4.15000 0.10000"
2430,0.0000,Tx-Rx,0,-48.0501,"-3.90000 0.80000 1.00000, -1.15000 4.15000 0.10000"
2431,0.0000,Tx-Rx,0,-48.2938,"-3.90000 0.80000 1.00000, -0.85000 4.15000 0.10000"
2432,0.0000,Tx-Rx,0,-48.2285,"-3.90000 0.80000 1.00000, -0.55000 4.15000 0.10000"
2433,0.0000,Tx-Rx,0,-48.4309,"-3.90000 0.80000 1.00000, -0.25000 4.15000 0.10000"
2434,0.0000,Tx-Rx,0,-52.6633,"-3.90000 0.80000 1.00000, 0.05000 4.15000 0.10000"
2435,0.0000,Tx-Rx,0,-59.1901,"-3.90000 0.80000 1.00000, 0.35000 4.15000 0.10000"
2436,0.0000,Tx-Rx,0,-65.2279,"-3.90000 0.80000 1.00000, 0.65000 4.15000 0.10000"
2437,0.0000,Tx-Rx,0,-73.0717,"-3.90000 0.80000 1.00000, 0.95000 4.15000 0.10000"
2438,0.0000,Tx-Rx,0,-69.9934,"-3.90000 0.80000 1.00000, 1.25000 4.15000 0.10000"
2439,0.0000,Tx-Rx,0,-70.9370,"-3.90000 0.80000 1.00000, 1.55000 4.15000 0.10000"
2440,0.0000,Tx-Rx,0,-73.0398,"-3.90000 0.80000 1.00000, 1.85000 4.15000 0.10000"
2441,0.0000,Tx-Rx,0,-57.7430,"-3.90000 0.80000 1.00000, 2.15000 4.15000 0.10000"
2442,0.0000,Tx-Rx,0,-53.3906,"-3.90000 0.80000 1.00000, 2.45000 4.15000 0.10000"
2443,0.0000,Tx-Rx,0,-52.7379,"-3.90000 0.80000 1.00000, 2.75000 4.15000 0.10000"
2444,0.0000,Tx-Rx,0,-53.4599,"-3.90000 0.80000 1.00000, 3.05000 4.15000 0.10000"
2445,0.0000,Tx-Rx,0,-56.5955,"-3.90000 0.80000 1.00000, 3.35000 4.15000 0.10000"
2446,0.0000,Tx-Rx,0,-65.8787,"-3.90000 0.80000 1.00000, 3.65000 4.15000 0.10000"
2447,0.0000,Tx-Rx,0,-79.6405,"-3.90000 0.80000 1.00000, 3.95000 4.15000 0.10000"
2448,0.0000,Tx-Rx,0,-66.1291,"-3.90000 0.80000 1.00000, 4.25000 4.15000 0.10000"
2449,0.0000,Tx-Rx,0,-61.5590,"-3.90000 0.80000 1.00000, 4.55000 4.15000 0.10000"
2450,0.0000,Tx-Rx,0,-59.7571,"-3.90000 0.80000 1.00000, 4.85000 4.15000 0.10000"
2451,0.0000,Tx-Rx,0,-59.8814,"-3.90000 0.80000 1.00000, 5.15000 4.15000 0.10000"
2452,0.0000,Tx-Rx,0,-61.4994,"-3.90000 0.80000 1.00000, 5.45000 4.15000 0.10000"
2453,0.0000,Tx-Rx,0,-64.4840,"-3.90000 0.80000 1.00000, 5.75000 4.15000 0.10000"
2454,0.0000,Tx-Rx,0,-67.2019,"-3.90000 0.80000 1.00000, 6.05000 4.15000 0.10000"
2455,0.0000,Tx-Rx,0,-73.4037,"-3.90000 0.80000 1.00000, 6.35000 4.15000 0.10000"
2456,0.0000,Tx-Rx,0,-71.7980,"-3.90000 0.80000 1.00000, 6.65000 4.15000 0.10000"
2457,0.0000,Tx-Rx,0,-75.0524,"-3.90000 0.80000 1.00000, 6.95000 4.15000 0.10000"
2458,0.0000,Tx-Rx,0,-76.2154,"-3.90000 0.80000 1.00000, 7.25000 4.15000 0.10000"
2459,0.0000,Tx-Rx,0,-77.6644,"-3.90000 0.80000 1.00000, 7.55000 4.15000 0.10000"
2460,0.0000,Tx-Rx,0,-75.0856,"-3.90000 0.80000 1.00000, 7.85000 4.15000 0.10000"
2461,0.0000,Tx-Rx,0,-78.5295,"-3.90000 0.80000 1.00000, -9.85000 4.45000 0.10000"
2462,0.0000,Tx-Rx,0,-78.1637,"-3.90000 0.80000 1.00000, -9.55000 4.45000 0.10000"
2463,0.0000,Tx-Rx,0,-78.9067,"-3.90000 0.80000 1.00000, -9.25000 4.45000 0.10000"
2464,0.0000,Tx-Rx,0,-77.7649,"-3.90000 0.80000 1.00000, -8.95000 4.45000 0.10000"
2465,0.0000,Tx-Rx,0,-78.5438,"-3.90000 0.80000 1.00000, -8.65000 4.45000 0.10000"
2466,0.0000,Tx-Rx,0,-77.5837,"-3.90000 0.80000 1.00000, -8.35000 4.45000 0.10000"
2467,0.0000,Tx-Rx,0,-54.0254,"-3.90000 0.80000 1.00000, -8.05000 4.45000 0.10000"
2468,0.0000,Tx-Rx,0,-49.1005,"-3.90000 0.80000 1.00000, -7.75000 4.45000 0.10000"
2469,0.0000,Tx-Rx,0,-48.8527,"-3.90000 0.80000 1.00000, -7.45000 4.45000 0.10000"
2470,0.0000,Tx-Rx,0,-52.6864,"-3.90000 0.80000 1.00000, -7.15000 4.45000 0.10000"
2471,0.0000,Tx-Rx,0,-270.0000,"-3.90000 0.80000 1.00000, -6.85000 4.45000 0.10000"
2472,0.0000,Tx-Rx,0,-270.0000,"-3.90000 0.80000 1.00000, -6.55000 4.45000 0.10000"
2473,0.0000,Tx-Rx,0,-103.4326,"-3.90000 0.80000 1.00000, -6.25000 4.45000 0.10000"
2474,0.0000,Tx-Rx,0,-50.3462,"-3.90000 0.80000 1.00000, -5.95000 4.45000 0.10000"
2475,0.0000,Tx-Rx,0,-47.2235,"-3.90000 0.80000 1.00000, -5.65000 4.45000 0.10000"
2476,0.0000,Tx-Rx,0,-47.3568,"-3.90000 0.80000 1.00000, -5.35000 4.45000 0.10000"
2477,0.0000,Tx-Rx,0,-47.1974,"-3.90000 0.80000 1.00000, -5.05000 4.45000 0.10000"
2478,0.0000,Tx-Rx,0,-46.7975,"-3.90000 0.80000 1.00000, -4.75000 4.45000 0.10000"
2479,0.0000,Tx-Rx,0,-46.7206,"-3.90000 0.80000 1.00000, -4.45000 4.45000 0.10000"
2480,0.0000,Tx-Rx,0,-46.7962,"-3.90000 0.80000 1.00000, -4.15000 4.45000 0.10000"
2481,0.0000,Tx-Rx,0,-46.5456,"-3.90000 0.80000 1.00000, -3.85000 4.45000 0.10000"
2482,0.0000,Tx-Rx,0,-46.5473,"-3.90000 0.80000 1.00000, -3.55000 4.45000 0.10000"
2483,0.0000,Tx-Rx,0,-46.7439,"-3.90000 0.80000 1.00000, -3.25000 4.45000 0.10000"
2484,0.0000,Tx-Rx,0,-47.1741,"-3.90000 0.80000 1.00000, -2.95000 4.45000 0.10000"
2485,0.0000,Tx-Rx,0,-47.0621,"-3.90000 0.80000 1.00000, -2.65000 4.45000 0.10000"
2486,0.0000,Tx-Rx,0,-47.2808,"-3.90000 0.80000 1.00000, -2.35000 4.45000 0.10000"
2487,0.0000,Tx-Rx,0,-47.4293,"-3.90000 0.80000 1.00000, -2.05000 4.45000 0.10000"
2488,0.0000,Tx-Rx,0,-47.8438,"-3.90000 0.80000 1.00000, -1.75000 4.45000 0.10000"
2489,0.0000,Tx-Rx,0,-48.0725,"-3.90000 0.80000 1.00000, -1.45000 4.45000 0.10000"
2490,0.0000,Tx-Rx,0,-48.2656,"-3.90000 0.80000 1.00000, -1.15000 4.45000 0.10000"
2491,0.0000,Tx-Rx,0,-48.1698,"-3.90000 0.80000 1.00000, -0.85000 4.45000 0.10000"
2492,0.0000,Tx-Rx,0,-48.3083,"-3.90000 0.80000 1.00000, -0.55000 4.45000 0.10000"
2493,0.0000,Tx-Rx,0,-48.7950,"-3.90000 0.80000 1.00000, -0.25000 4.45000 0.10000"
2494,0.0000,Tx-Rx,0,-50.0634,"-3.90000 0.80000 1.00000, 0.05000 4.45000 0.10000"
2495,0.0000,Tx-Rx,0,-55.8674,"-3.90000 0.80000 1.00000, 0.35000 4.45000 0.10000"
2496,0.0000,Tx-Rx,0,-61.4466,"-3.90000 0.80000 1.00000, 0.65000 4.45000 0.10000"
2497,0.0000,Tx-Rx,0,-66.5285,"-3.90000 0.80000 1.00000, 0.95000 4.45000 0.10000"
2498,0.0000,Tx-Rx,0,-72.5553,"-3.90000 0.80000 1.00000, 1.25000 4.45000 0.10000"
2499,0.0000,Tx-Rx,0,-75.1496,"-3.90000 0.80000 1.00000, 1.55000 4.45000 0.10000"
2500,0.0000,Tx-Rx,0,-74.6726,"-3.90000 0.80000 1.00000, 1.85000 4.45000 0.10000"
2501,0.0000,Tx-Rx,0,-74.7752,"-3.90000 0.80000 1.00000, 2.15000 4.45000 0.10000"
2502,0.0000,Tx-Rx,0,-72.0228,"-3.90000 0.80000 1.00000, 2.45000 4.45000 0.10000"
2503,0.0000,Tx-Rx,0,-57.2580,"-3.90000 0.80000 1.00000, 2.75000 4.45000 0.10000"
2504,0.0000,Tx-Rx,0,-53.7733,"-3.90000 0.80000 1.00000, 3.05000 4.45000 0.10000"
2505,0.0000,Tx-Rx,0,-53.4850,"-3.90000 0.80000 1.00000, 3.35000 4.45000 0.10000"
2506,0.0000,Tx-Rx,0,-53.7232,"-3.90000 0.80000 1.00000, 3.65000 4.45000 0.10000"
2507,0.0000,Tx-Rx,0,-55.4133,"-3.90000 0.80000 1.00000, 3.95000 4.45000 0.10000"
2508,0.0000,Tx-Rx,0,-58.3155,"-3.90000 0.80000 1.00000, 4.25000 4.45000 0.10000"
2509,0.0000,Tx-Rx,0,-60.7200,"-3.90000 0.80000 1.00000, 4.55000 4.45000 0.10000"
2510,0.0000,Tx-Rx,0,-64.8466,"-3.90000 0.80000 1.00000, 4.85000 4.45000 0.10000"
2511,0.0000,Tx-Rx,0,-74.2292,"-3.90000 0.80000 1.00000, 5.15000 4.45000 0.10000"
2512,0.0000,Tx-Rx,0,-69.4857,"-3.90000 0.80000 1.00000, 5.45000 4.45000 0.10000"
2513,0.0000,Tx-Rx,0,-65.4425,"-3.90000 0.80000 1.00000, 5.75000 4.45000 0.10000"
2514,0.0000,Tx-Rx,0,-64.4152,"-3.90000 0.80000 1.00000, 6.05000 4.45000 0.10000"
2515,0.0000,Tx-Rx,0,-64.9792,"-3.90000 0.80000 1.00000, 6.35000 4.45000 0.10000"
2516,0.0000,Tx-Rx,0,-66.8512,"-3.90000 0.80000 1.00000, 6.65000 4.45000 0.10000"
2517,0.0000,Tx-Rx,0,-73.3084,"-3.90000 0.80000 1.00000, 6.95000 4.45000 0.10000"
2518,0.0000,Tx-Rx,0,-73.5543,"-3.90000 0.80000 1.00000, 7.25000 4.45000 0.10000"
2519,0.0000,Tx-Rx,0,-71.2895,"-3.90000 0.80000 1.00000, 7.55000 4.45000 0.10000"
2520,0.0000,Tx-Rx,0,-71.7162,"-3.90000 0.80000 1.00000, 7.85000 4.45000 0.10000"
2521,0.0000,Tx-Rx,0,-78.9224,"-3.90000 0.80000 1.00000, -9.85000 4.75000 0.10000"
2522,0.0000,Tx-Rx,0,-79.2198,"-3.90000 0.80000 1.00000, -9.55000 4.75000 0.10000"
2523,0.0000,Tx-Rx,0,-78.5819,"-3.90000 0.80000 1.00000, -9.25000 4.75000 0.10000"
2524,0.0000,Tx-Rx,0,-79.0321,"-3.90000 0.80000 1.00000, -8.95000 4.75000 0.10000"
2525,0.0000,Tx-Rx,0,-78.3418,"-3.90000 0.80000 1.00000, -8.65000 4.75000 0.10000"
2526,0.0000,Tx-Rx,0,-77.3237,"-3.90000 0.80000 1.00000, -8.35000 4.75000 0.10000"
2527,0.0000,Tx-Rx,0,-54.1576,"-3.90000 0.80000 1.00000, -8.05000 4.75000 0.10000"
2528,0.0000,Tx-Rx,0,-49.0333,"-3.90000 0.80000 1.00000, -7.75000 4.75000 0.10000"
2529,0.0000,Tx-Rx,0,-51.1441,"-3.90000 0.80000 1.00000, -7.45000 4.75000 0.10000"
2530,0.0000,Tx-Rx,0,-55.3490,"-3.90000 0.80000 1.00000, -7.15000 4.75000 0.10000"
2531,0.0000,Tx-Rx,0,-59.4180,"-3.90000 0.80000 1.00000, -6.85000 4.75000 0.10000"
2532,0.0000,Tx-Rx,0,-60.0433,"-3.90000 0.80000 1.00000, -6.55000 4.75000 0.10000"
2533,0.0000,Tx-Rx,0,-59.8948,"-3.90000 0.80000 1.00000, -6.25000 4.75000 0.10000"
2534,0.0000,Tx-Rx,0,-49.7472,"-3.90000 0.80000 1.00000, -5.95000 4.75000 0.10000"
2535,0.0000,Tx-Rx,0,-46.4292,"-3.90000 0.80000 1.00000, -5.65000 4.75000 0.10000"
2536,0.0000,Tx-Rx,0,-48.0652,"-3.90000 0.80000 1.00000, -5.35000 4.75000 0.10000"
2537,0.0000,Tx-Rx,0,-47.6620,"-3.90000 0.80000 1.00000, -5.05000 4.75000 0.10000"
2538,0.0000,Tx-Rx,0,-47.3833,"-3.90000 0.80000 1.00000, -4.75000 4.75000 0.10000"
2539,0.0000,Tx-Rx,0,-47.3182,"-3.90000 0.80000 1.00000, -4.45000 4.75000 0.10000"
2540,0.0000,Tx-Rx,0,-47.3230,"-3.90000 0.80000 1.00000, -4.15000 4.75000 0.10000"
2541,0.0000,Tx-Rx,0,-47.2451,"-3.90000 0.80000 1.00000, -3.85000 4.75000 0.10000"
2542,0.0000,Tx-Rx,0,-47.3753,"-3.90000 0.80000 1.00000, -3.55000 4.75000 0.10000"
2543,0.0000,Tx-Rx,0,-47.2745,"-3.90000 0.80000 1.00000, -3.25000 4.75000 0.10000"
2544,0.0000,Tx-Rx,0,-47.7144,"-3.90000 0.80000 1.00000, -2.95000 4.75000 0.10000"
2545,0.0000,Tx-Rx,0,-47.5529,"-3.90000 0.80000 1.00000, -2.65000 4.75000 0.10000"
2546,0.0000,Tx-Rx,0,-47.7443,"-3.90000 0.80000 1.00000, -2.35000 4.75000 0.10000"
2547,0.0000,Tx-Rx,0,-47.5354,"-3.90000 0.80000 1.00000, -2.05000 4.75000 0.10000"
2548,0.0000,Tx-Rx,0,-48.2502,"-3.90000 0.80000 1.00000, -1.75000 4.75000 0.10000"
2549,0.0000,Tx-Rx,0,-48.2809,"-3.90000 0.80000 1.00000, -1.45000 4.75000 0.10000"
2550,0.0000,Tx-Rx,0,-48.3196,"-3.90000 0.80000 1.00000, -1.15000 4.75000 0.10000"
2551,0.0000,Tx-Rx,0,-48.4668,"-3.90000 0.80000 1.00000, -0.85000 4.75000 0.10000"
2552,0.0000,Tx-Rx,0,-49.0300,"-3.90000 0.80000 1.00000, -0.55000 4.75000 0.10000"
2553,0.0000,Tx-Rx,0,-49.4388,"-3.90000 0.80000 1.00000, -0.25000 4.75000 0.10000"
2554,0.0000,Tx-Rx,0,-49.7961,"-3.90000 0.80000 1.00000, 0.05000 4.75000 0.10000"
2555,0.0000,Tx-Rx,0,-50.6562,"-3.90000 0.80000 1.00000, 0.35000 4.75000 0.10000"
2556,0.0000,Tx-Rx,0,-55.4239,"-3.90000 0.80000 1.00000, 0.65000 4.75000 0.10000"
2557,0.0000,Tx-Rx,0,-60.4579,"-3.90000 0.80000 1.00000, 0.95000 4.75000 0.10000"
2558,0.0000,Tx-Rx,0,-65.7918,"-3.90000 0.80000 1.00000, 1.25000 4.75000 0.10000"
2559,0.0000,Tx-Rx,0,-69.3000,"-3.90000 0.80000 1.00000, 1.55000 4.75000 0.10000"
2560,0.0000,Tx-Rx,0,-73.3495,"-3.90000 0.80000 1.00000, 1.85000 4.75000 0.10000"
2561,0.0000,Tx-Rx,0,-74.1768,"-3.90000 0.80000 1.00000, 2.15000 4.75000 0.10000"
2562,0.0000,Tx-Rx,0,-73.1286,"-3.90000 0.80000 1.00000, 2.45000 4.75000 0.10000"
2563,0.0000,Tx-Rx,0,-74.6028,"-3.90000 0.80000 1.00000, 2.75000 4.75000 0.10000"
2564,0.0000,Tx-Rx,0,-67.2431,"-3.90000 0.80000 1.00000, 3.05000 4.75000 0.10000"
2565,0.0000,Tx-Rx,0,-56.6255,"-3.90000 0.80000 1.00000, 3.35000 4.75000 0.10000"
2566,0.0000,Tx-Rx,0,-63.0338,"-3.90000 0.80000 1.00000, 3.65000 4.75000 0.10000"
2567,0.0000,Tx-Rx,0,-65.7707,"-3.90000 0.80000 1.00000, 3.95000 4.75000 0.10000"
2568,0.0000,Tx-Rx,0,-67.8623,"-3.90000 0.80000 1.00000, 4.25000 4.75000 0.10000"
2569,0.0000,Tx-Rx,0,-70.5362,"-3.90000 0.80000 1.00000, 4.55000 4.75000 0.10000"
2570,0.0000,Tx-Rx,0,-71.5873,"-3.90000 0.80000 1.00000, 4.85000 4.75000 0.10000"
2571,0.0000,Tx-Rx,0,-73.8456,"-3.90000 0.80000 1.00000, 5.15000 4.75000 0.10000"
2572,0.0000,Tx-Rx,0,-77.5699,"-3.90000 0.80000 1.00000, 5.45000 4.75000 0.10000"
2573,0.0000,Tx-Rx,0,-80.1920,"-3.90000 0.80000 1.00000, 5.75000 4.75000 0.10000"
2574,0.0000,Tx-Rx,0,-70.1778,"-3.90000 0.80000 1.00000, 6.05000 4.75000 0.10000"
2575,0.0000,Tx-Rx,0,-65.6160,"-3.90000 0.80000 1.00000, 6.35000 4.75000 0.10000"
2576,0.0000,Tx-Rx,0,-64.4255,"-3.90000 0.80000 1.00000, 6.65000 4.75000 0.10000"
2577,0.0000,Tx-Rx,0,-63.8474,"-3.90000 0.80000 1.00000, 6.95000 4.75000 0.10000"
2578,0.0000,Tx-Rx,0,-64.4854,"-3.90000 0.80000 1.00000, 7.25000 4.75000 0.10000"
2579,0.0000,Tx-Rx,0,-69.5249,"-3.90000 0.80000 1.00000, 7.55000 4.75000 0.10000"
2580,0.0000,Tx-Rx,0,-84.7071,"-3.90000 0.80000 1.00000, 7.85000 4.75000 0.10000"
2581,0.0000,Tx-Rx,0,-80.9598,"-3.90000 0.80000 1.00000, -9.85000 5.05000 0.10000"
2582,0.0000,Tx-Rx,0,-78.9254,"-3.90000 0.80000 1.00000, -9.55000 5.05000 0.10000"
2583,0.0000,Tx-Rx,0,-79.4537,"-3.90000 0.80000 1.00000, -9.25000 5.05000 0.10000"
2584,0.0000,Tx-Rx,0,-79.3760,"-3.90000 0.80000 1.00000, -8.95000 5.05000 0.10000"
2585,0.0000,Tx-Rx,0,-80.1923,"-3.90000 0.80000 1.00000, -8.65000 5.05000 0.10000"
2586,0.0000,Tx-Rx,0,-77.2800,"-3.90000 0.80000 1.00000, -8.35000 5.05000 0.10000"
2587,0.0000,Tx-Rx,0,-53.7088,"-3.90000 0.80000 1.00000, -8.05000 5.05000 0.10000"
2588,0.0000,Tx-Rx,0,-50.9648,"-3.90000 0.80000 1.00000, -7.75000 5.05000 0.10000"
2589,0.0000,Tx-Rx,0,-54.9667,"-3.90000 0.80000 1.00000, -7.45000 5.05000 0.10000"
2590,0.0000,Tx-Rx,0,-55.3364,"-3.90000 0.80000 1.00000, -7.15000 5.05000 0.10000"
2591,0.0000,Tx-Rx,0,-55.5952,"-3.90000 0.80000 1.00000, -6.85000 5.05000 0.10000"
2592,0.0000,Tx-Rx,0,-57.3605,"-3.90000 0.80000 1.00000, -6.55000 5.05000 0.10000"
2593,0.0000,Tx-Rx,0,-56.5689,"-3.90000 0.80000 1.00000, -6.25000 5.05000 0.10000"
2594,0.0000,Tx-Rx,0,-48.8538,"-3.90000 0.80000 1.00000, -5.95000 5.05000 0.10000"
2595,0.0000,Tx-Rx,0,-46.4511,"-3.90000 0.80000 1.00000, -5.65000 5.05000 0.10000"
2596,0.0000,Tx-Rx,0,-47.9209,"-3.90000 0.80000 1.00000, -5.35000 5.05000 0.10000"
2597,0.0000,Tx-Rx,0,-48.2195,"-3.90000 0.80000 1.00000, -5.05000 5.05000 0.10000"
2598,0.0000,Tx-Rx,0,-48.0846,"-3.90000 0.80000 1.00000, -4.75000 5.05000 0.10000"
2599,0.0000,Tx-Rx,0,-47.8953,"-3.90000 0.80000 1.00000, -4.45000 5.05000 0.10000"
2600,0.0000,Tx-Rx,0,-47.8436,"-3.90000 0.80000 1.00000, -4.15000 5.05000 0.10000"
2601,0.0000,Tx-Rx,0,-47.7579,"-3.90000 0.80000 1.00000, -3.85000 5.05000 0.10000"
2602,0.0000,Tx-Rx,0,-47.6829,"-3.90000 0.80000 1.00000, -3.55000 5.05000 0.10000"
2603,0.0000,Tx-Rx,0,-47.8268,"-3.90000 0.80000 1.00000, -3.25000 5.05000 0.10000"
2604,0.0000,Tx-Rx,0,-48.1261,"-3.90000 0.80000 1.00000, -2.95000 5.05000 0.10000"
2605,0.0000,Tx-Rx,0,-48.1401,"-3.90000 0.80000 1.00000, -2.65000 5.05000 0.10000"
2606,0.0000,Tx-Rx,0,-48.2373,"-3.90000 0.80000 1.00000, -2.35000 5.05000 0.10000"
2607,0.0000,Tx-Rx,0,-47.9415,"-3.90000 0.80000 1.00000, -2.05000 5.05000 0.10000"
2608,0.0000,Tx-Rx,0,-48.4045,"-3.90000 0.80000 1.00000, -1.75000 5.05000 0.10000"
2609,0.0000,Tx-Rx,0,-48.4792,"-3.90000 0.80000 1.00000, -1.45000 5.05000 0.10000"
2610,0.0000,Tx-Rx,0,-48.6852,"-3.90000 0.80000 1.00000, -1.15000 5.05000 0.10000"
2611,0.0000,Tx-Rx,0,-49.1397,"-3.90000 0.80000 1.00000, -0.85000 5.05000 0.10000"
2612,0.0000,Tx-Rx,0,-49.6154,"-3.90000 0.80000 1.00000, -0.55000 5.05000 0.10000"
2613,0.0000,Tx-Rx,0,-49.9235,"-3.90000 0.80000 1.00000, -0.25000 5.05000 0.10000"
2614,0.0000,Tx-Rx,0,-50.0200,"-3.90000 0.80000 1.00000, 0.05000 5.05000 0.10000"
2615,0.0000,Tx-Rx,0,-50.5816,"-3.90000 0.80000 1.00000, 0.35000 5.05000 0.10000"
2616,0.0000,Tx-Rx,0,-51.0167,"-3.90000 0.80000 1.00000, 0.65000 5.05000 0.10000"
2617,0.0000,Tx-Rx,0,-54.9167,"-3.90000 0.80000 1.00000, 0.95000 5.05000 0.10000"
2618,0.0000,Tx-Rx,0,-60.7791,"-3.90000 0.80000 1.00000, 1.25000 5.05000 0.10000"
2619,0.0000,Tx-Rx,0,-64.7776,"-3.90000 0.80000 1.00000, 1.55000 5.05000 0.10000"
2620,0.0000,Tx-Rx,0,-65.5668,"-3.90000 0.80000 1.00000, 1.85000 5.05000 0.10000"
2621,0.0000,Tx-Rx,0,-66.4662,"-3.90000 0.80000 1.00000, 2.15000 5.05000 0.10000"
2622,0.0000,Tx-Rx,0,-67.3504,"-3.90000 0.80000 1.00000, 2.45000 5.05000 0.10000"
2623,0.0000,Tx-Rx,0,-66.4694,"-3.90000 0.80000 1.00000, 2.75000 5.05000 0.10000"
2624,0.0000,Tx-Rx,0,-67.3915,"-3.90000 0.80000 1.00000, 3.05000 5.05000 0.10000"
2625,0.0000,Tx-Rx,0,-63.1765,"-3.90000 0.80000 1.00000, 3.35000 5.05000 0.10000"
2626,0.0000,Tx-Rx,0,-74.3406,"-3.90000 0.80000 1.00000, 3.65000 5.05000 0.10000"
2627,0.0000,Tx-Rx,0,-66.1178,"-3.90000 0.80000 1.00000, 3.95000 5.05000 0.10000"
2628,0.0000,Tx-Rx,0,-67.7290,"-3.90000 0.80000 1.00000, 4.25000 5.05000 0.10000"
2629,0.0000,Tx-Rx,0,-70.5003,"-3.90000 0.80000 1.00000, 4.55000 5.05000 0.10000"
2630,0.0000,Tx-Rx,0,-72.6502,"-3.90000 0.80000 1.00000, 4.85000 5.05000 0.10000"
2631,0.0000,Tx-Rx,0,-73.2883,"-3.90000 0.80000 1.00000, 5.15000 5.05000 0.10000"
2632,0.0000,Tx-Rx,0,-74.5233,"-3.90000 0.80000 1.00000, 5.45000 5.05000 0.10000"
2633,0.0000,Tx-Rx,0,-71.8024,"-3.90000 0.80000 1.00000, 5.75000 5.05000 0.10000"
2634,0.0000,Tx-Rx,0,-69.5842,"-3.90000 0.80000 1.00000, 6.05000 5.05000 0.10000"
2635,0.0000,Tx-Rx,0,-68.1178,"-3.90000 0.80000 1.00000, 6.35000 5.05000 0.10000"
2636,0.0000,Tx-Rx,0,-68.1256,"-3.90000 0.80000 1.00000, 6.65000 5.05000 0.10000"
2637,0.0000,Tx-Rx,0,-66.0457,"-3.90000 0.80000 1.00000, 6.95000 5.05000 0.10000"
2638,0.0000,Tx-Rx,0,-65.0681,"-3.90000 0.80000 1.00000, 7.25000 5.05000 0.10000"
2639,0.0000,Tx-Rx,0,-66.2338,"-3.90000 0.80000 1.00000, 7.55000 5.05000 0.10000"
2640,0.0000,Tx-Rx,0,-75.4542,"-3.90000 0.80000 1.00000, 7.85000 5.05000 0.10000"
2641,0.0000,Tx-Rx,0,-79.5201,"-3.90000 0.80000 1.00000, -9.85000 5.35000 0.10000"
2642,0.0000,Tx-Rx,0,-79.5795,"-3.90000 0.80000 1.00000, -9.55000 5.35000 0.10000"
2643,0.0000,Tx-Rx,0,-80.3021,"-3.90000 0.80000 1.00000, -9.25000 5.35000 0.10000"
2644,0.0000,Tx-Rx,0,-79.4452,"-3.90000 0.80000 1.00000, -8.95000 5.35000 0.10000"
2645,0.0000,Tx-Rx,0,-78.9414,"-3.90000 0.80000 1.00000, -8.65000 5.35000 0.10000"
2646,0.0000,Tx-Rx,0,-78.3764,"-3.90000 0.80000 1.00000, -8.35000 5.35000 0.10000"
2647,0.0000,Tx-Rx,0,-58.5778,"-3.90000 0.80000 1.00000, -8.05000 5.35000 0.10000"
2648,0.0000,Tx-Rx,0,-54.6755,"-3.90000 0.80000 1.00000, -7.75000 5.35000 0.10000"
2649,0.0000,Tx-Rx,0,-55.2163,"-3.90000 0.80000 1.00000, -7.45000 5.35000 0.10000"
2650,0.0000,Tx-Rx,0,-55.2901,"-3.90000 0.80000 1.00000, -7.15000 5.35000 0.10000"
2651,0.0000,Tx-Rx,0,-55.5080,"-3.90000 0.80000 1.00000, -6.85000 5.35000 0.10000"
2652,0.0000,Tx-Rx,0,-55.6242,"-3.90000 0.80000 1.00000, -6.55000 5.35000 0.10000"
2653,0.0000,Tx-Rx,0,-51.1235,"-3.90000 0.80000 1.00000, -6.25000 5.35000 0.10000"
2654,0.0000,Tx-Rx,0,-49.0761,"-3.90000 0.80000 1.00000, -5.95000 5.35000 0.10000"
2655,0.0000,Tx-Rx,0,-48.1144,"-3.90000 0.80000 1.00000, -5.65000 5.35000 0.10000"
2656,0.0000,Tx-Rx,0,-46.9451,"-3.90000 0.80000 1.00000, -5.35000 5.35000 0.10000"
2657,0.0000,Tx-Rx,0,-48.2916,"-3.90000 0.80000 1.00000, -5.05000 5.35000 0.10000"
2658,0.0000,Tx-Rx,0,-48.3609,"-3.90000 0.80000 1.00000, -4.75000 5.35000 0.10000"
2659,0.0000,Tx-Rx,0,-48.9715,"-3.90000 0.80000 1.00000, -4.45000 5.35000 0.10000"
2660,0.0000,Tx-Rx,0,-48.4010,"-3.90000 0.80000 1.00000, -4.15000 5.35000 0.10000"
2661,0.0000,Tx-Rx,0,-48.0968,"-3.90000 0.80000 1.00000, -3.85000 5.35000 0.10000"
2662,0.0000,Tx-Rx,0,-48.1256,"-3.90000 0.80000 1.00000, -3.55000 5.35000 0.10000"
2663,0.0000,Tx-Rx,0,-48.1437,"-3.90000 0.80000 1.00000, -3.25000 5.35000 0.10000"
2664,0.0000,Tx-Rx,0,-48.3693,"-3.90000 0.80000 1.00000, -2.95000 5.35000 0.10000"
2665,0.0000,Tx-Rx,0,-48.5387,"-3.90000 0.80000 1.00000, -2.65000 5.35000 0.10000"
2666,0.0000,Tx-Rx,0,-48.4865,"-3.90000 0.80000 1.00000, -2.35000 5.35000 0.10000"
2667,0.0000,Tx-Rx,0,-48.0930,"-3.90000 0.80000 1.00000, -2.05000 5.35000 0.10000"
2668,0.0000,Tx-Rx,0,-48.6266,"-3.90000 0.80000 1.00000, -1.75000 5.35000 0.10000"
2669,0.0000,Tx-Rx,0,-48.7868,"-3.90000 0.80000 1.00000, -1.45000 5.35000 0.10000"
2670,0.0000,Tx-Rx,0,-49.3623,"-3.90000 0.80000 1.00000, -1.15000 5.35000 0.10000"
2671,0.0000,Tx-Rx,0,-49.6798,"-3.90000 0.80000 1.00000, -0.85000 5.35000 0.10000"
2672,0.0000,Tx-Rx,0,-49.8896,"-3.90000 0.80000 1.00000, -0.55000 5.35000 0.10000"
2673,0.0000,Tx-Rx,0,-50.0321,"-3.90000 0.80000 1.00000, -0.25000 5.35000 0.10000"
2674,0.0000,Tx-Rx,0,-51.5260,"-3.90000 0.80000 1.00000, 0.05000 5.35000 0.10000"
2675,0.0000,Tx-Rx,0,-50.8996,"-3.90000 0.80000 1.00000, 0.35000 5.35000 0.10000"
2676,0.0000,Tx-Rx,0,-51.1035,"-3.90000 0.80000 1.00000, 0.65000 5.35000 0.10000"
2677,0.0000,Tx-Rx,0,-51.2957,"-3.90000 0.80000 1.00000, 0.95000 5.35000 0.10000"
2678,0.0000,Tx-Rx,0,-54.4556,"-3.90000 0.80000 1.00000, 1.25000 5.35000 0.10000"
2679,0.0000,Tx-Rx,0,-60.9791,"-3.90000 0.80000 1.00000, 1.55000 5.35000 0.10000"
2680,0.0000,Tx-Rx,0,-64.8939,"-3.90000 0.80000 1.00000, 1.85000 5.35000 0.10000"
2681,0.0000,Tx-Rx,0,-64.2102,"-3.90000 0.80000 1.00000, 2.15000 5.35000 0.10000"
2682,0.0000,Tx-Rx,0,-64.1223,"-3.90000 0.80000 1.00000, 2.45000 5.35000 0.10000"
2683,0.0000,Tx-Rx,0,-64.9694,"-3.90000 0.80000 1.00000, 2.75000 5.35000 0.10000"
2684,0.0000,Tx-Rx,0,-61.5740,"-3.90000 0.80000 1.00000, 3.05000 5.35000 0.10000"
2685,0.0000,Tx-Rx,0,-66.1947,"-3.90000 0.80000 1.00000, 3.35000 5.35000 0.10000"
2686,0.0000,Tx-Rx,0,-70.4875,"-3.90000 0.80000 1.00000, 3.65000 5.35000 0.10000"
2687,0.0000,Tx-Rx,0,-74.5770,"-3.90000 0.80000 1.00000, 3.95000 5.35000 0.10000"
2688,0.0000,Tx-Rx,0,-76.6120,"-3.90000 0.80000 1.00000, 4.25000 5.35000 0.10000"
2689,0.0000,Tx-Rx,0,-74.3780,"-3.90000 0.80000 1.00000, 4.55000 5.35000 0.10000"
2690,0.0000,Tx-Rx,0,-71.1925,"-3.90000 0.80000 1.00000, 4.85000 5.35000 0.10000"
2691,0.0000,Tx-Rx,0,-68.4824,"-3.90000 0.80000 1.00000, 5.15000 5.35000 0.10000"
2692,0.0000,Tx-Rx,0,-68.4204,"-3.90000 0.80000 1.00000, 5.45000 5.35000 0.10000"
2693,0.0000,Tx-Rx,0,-70.3717,"-3.90000 0.80000 1.00000, 5.75000 5.35000 0.10000"
2694,0.0000,Tx-Rx,0,-74.0803,"-3.90000 0.80000 1.00000, 6.05000 5.35000 0.10000"
2695,0.0000,Tx-Rx,0,-73.3281,"-3.90000 0.80000 1.00000, 6.35000 5.35000 0.10000"
2696,0.0000,Tx-Rx,0,-70.5168,"-3.90000 0.80000 1.00000, 6.65000 5.35000 0.10000"
2697,0.0000,Tx-Rx,0,-71.8885,"-3.90000 0.80000 1.00000, 6.95000 5.35000 0.10000"
2698,0.0000,Tx-Rx,0,-68.4029,"-3.90000 0.80000 1.00000, 7.25000 5.35000 0.10000"
2699,0.0000,Tx-Rx,0,-67.4275,"-3.90000 0.80000 1.00000, 7.55000 5.35000 0.10000"
2700,0.0000,Tx-Rx,0,-76.9044,"-3.90000 0.80000 1.00000, 7.85000 5.35000 0.10000"
2701,0.0000,Tx-Rx,0,-80.4382,"-3.90000 0.80000 1.00000, -9.85000 5.65000 0.10000"
2702,0.0000,Tx-Rx,0,-79.1926,"-3.90000 0.80000 1.00000, -9.55000 5.65000 0.10000"
2703,0.0000,Tx-Rx,0,-81.9893,"-3.90000 0.80000 1.00000, -9.25000 5.65000 0.10000"
2704,0.0000,Tx-Rx,0,-79.6473,"-3.90000 0.80000 1.00000, -8.95000 5.65000 0.10000"
2705,0.0000,Tx-Rx,0,-79.1902,"-3.90000 0.80000 1.00000, -8.65000 5.65000 0.10000"
2706,0.0000,Tx-Rx,0,-81.9312,"-3.90000 0.80000 1.00000, -8.35000 5.65000 0.10000"
2707,0.0000,Tx-Rx,0,-66.3092,"-3.90000 0.80000 1.00000, -8.05000 5.65000 0.10000"
2708,0.0000,Tx-Rx,0,-58.3760,"-3.90000 0.80000 1.00000, -7.75000 5.65000 0.10000"
2709,0.0000,Tx-Rx,0,-54.8925,"-3.90000 0.80000 1.00000, -7.45000 5.65000 0.10000"
2710,0.0000,Tx-Rx,0,-55.0523,"-3.90000 0.80000 1.00000, -7.15000 5.65000 0.10000"
2711,0.0000,Tx-Rx,0,-55.4725,"-3.90000 0.80000 1.00000, -6.85000 5.65000 0.10000"
2712,0.0000,Tx-Rx,0,-54.5884,"-3.90000 0.80000 1.00000, -6.55000 5.65000 0.10000"
2713,0.0000,Tx-Rx,0,-49.1796,"-3.90000 0.80000 1.00000, -6.25000 5.65000 0.10000"
2714,0.0000,Tx-Rx,0,-49.2131,"-3.90000 0.80000 1.00000, -5.95000 5.65000 0.10000"
2715,0.0000,Tx-Rx,0,-49.2838,"-3.90000 0.80000 1.00000, -5.65000 5.65000 0.10000"
2716,0.0000,Tx-Rx,0,-47.2152,"-3.90000 0.80000 1.00000, -5.35000 5.65000 0.10000"
2717,0.0000,Tx-Rx,0,-48.0675,"-3.90000 0.80000 1.00000, -5.05000 5.65000 0.10000"
2718,0.0000,Tx-Rx,0,-48.7778,"-3.90000 0.80000 1.00000, -4.75000 5.65000 0.10000"
2719,0.0000,Tx-Rx,0,-49.5912,"-3.90000 0.80000 1.00000, -4.45000 5.65000 0.10000"
2720,0.0000,Tx-Rx,0,-48.9067,"-3.90000 0.80000 1.00000, -4.15000 5.65000 0.10000"
2721,0.0000,Tx-Rx,0,-48.6178,"-3.90000 0.80000 1.00000, -3.85000 5.65000 0.10000"
2722,0.0000,Tx-Rx,0,-48.6796,"-3.90000 0.80000 1.00000, -3.55000 5.65000 0.10000"
2723,0.0000,Tx-Rx,0,-48.8902,"-3.90000 0.80000 1.00000, -3.25000 5.65000 0.10000"
2724,0.0000,Tx-Rx,0,-48.9931,"-3.90000 0.80000 1.00000, -2.95000 5.65000 0.10000"
2725,0.0000,Tx-Rx,0,-48.9178,"-3.90000 0.80000 1.00000, -2.65000 5.65000 0.10000"
2726,0.0000,Tx-Rx,0,-48.6768,"-3.90000 0.80000 1.00000, -2.35000 5.65000 0.10000"
2727,0.0000,Tx-Rx,0,-48.4593,"-3.90000 0.80000 1.00000, -2.05000 5.65000 0.10000"
2728,0.0000,Tx-Rx,0,-48.9496,"-3.90000 0.80000 1.00000, -1.75000 5.65000 0.10000"
2729,0.0000,Tx-Rx,0,-49.4622,"-3.90000 0.80000 1.00000, -1.45000 5.65000 0.10000"
2730,0.0000,Tx-Rx,0,-49.7551,"-3.90000 0.80000 1.00000, -1.15000 5.65000 0.10000"
2731,0.0000,Tx-Rx,0,-49.9647,"-3.90000 0.80000 1.00000, -0.85000 5.65000 0.10000"
2732,0.0000,Tx-Rx,0,-50.0790,"-3.90000 0.80000 1.00000, -0.55000 5.65000 0.10000"
2733,0.0000,Tx-Rx,0,-49.6925,"-3.90000 0.80000 1.00000, -0.25000 5.65000 0.10000"
2734,0.0000,Tx-Rx,0,-54.0847,"-3.90000 0.80000 1.00000, 0.05000 5.65000 0.10000"
2735,0.0000,Tx-Rx,0,-53.7891,"-3.90000 0.80000 1.00000, 0.35000 5.65000 0.10000"
2736,0.0000,Tx-Rx,0,-51.4354,"-3.90000 0.80000 1.00000, 0.65000 5.65000 0.10000"
2737,0.0000,Tx-Rx,0,-51.5879,"-3.90000 0.80000 1.00000, 0.95000 5.65000 0.10000"
2738,0.0000,Tx-Rx,0,-51.7486,"-3.90000 0.80000 1.00000, 1.25000 5.65000 0.10000"
2739,0.0000,Tx-Rx,0,-54.0132,"-3.90000 0.80000 1.00000, 1.55000 5.65000 0.10000"
2740,0.0000,Tx-Rx,0,-60.4116,"-3.90000 0.80000 1.00000, 1.85000 5.65000 0.10000"
2741,0.0000,Tx-Rx,0,-64.9556,"-3.90000 0.80000 1.00000, 2.15000 5.65000 0.10000"
2742,0.0000,Tx-Rx,0,-65.6906,"-3.90000 0.80000 1.00000, 2.45000 5.65000 0.10000"
2743,0.0000,Tx-Rx,0,-61.6486,"-3.90000 0.80000 1.00000, 2.75000 5.65000 0.10000"
2744,0.0000,Tx-Rx,0,-64.1551,"-3.90000 0.80000 1.00000, 3.05000 5.65000 0.10000"
2745,0.0000,Tx-Rx,0,-65.4923,"-3.90000 0.80000 1.00000, 3.35000 5.65000 0.10000"
2746,0.0000,Tx-Rx,0,-65.9067,"-3.90000 0.80000 1.00000, 3.65000 5.65000 0.10000"
2747,0.0000,Tx-Rx,0,-65.8657,"-3.90000 0.80000 1.00000, 3.95000 5.65000 0.10000"
2748,0.0000,Tx-Rx,0,-65.7472,"-3.90000 0.80000 1.00000, 4.25000 5.65000 0.10000"
2749,0.0000,Tx-Rx,0,-66.2405,"-3.90000 0.80000 1.00000, 4.55000 5.65000 0.10000"
2750,0.0000,Tx-Rx,0,-68.7832,"-3.90000 0.80000 1.00000, 4.85000 5.65000 0.10000"
2751,0.0000,Tx-Rx,0,-73.0568,"-3.90000 0.80000 1.00000, 5.15000 5.65000 0.10000"
2752,0.0000,Tx-Rx,0,-74.6598,"-3.90000 0.80000 1.00000, 5.45000 5.65000 0.10000"
2753,0.0000,Tx-Rx,0,-71.6773,"-3.90000 0.80000 1.00000, 5.75000 5.65000 0.10000"
2754,0.0000,Tx-Rx,0,-71.3052,"-3.90000 0.80000 1.00000, 6.05000 5.65000 0.10000"
2755,0.0000,Tx-Rx,0,-70.9612,"-3.90000 0.80000 1.00000, 6.35000 5.65000 0.10000"
2756,0.0000,Tx-Rx,0,-71.7998,"-3.90000 0.80000 1.00000, 6.65000 5.65000 0.10000"
2757,0.0000,Tx-Rx,0,-72.5852,"-3.90000 0.80000 1.00000, 6.95000 5.65000 0.10000"
2758,0.0000,Tx-Rx,0,-74.9469,"-3.90000 0.80000 1.00000, 7.25000 5.65000 0.10000"
2759,0.0000,Tx-Rx,0,-75.8557,"-3.90000 0.80000 1.00000, 7.55000 5.65000 0.10000"
2760,0.0000,Tx-Rx,0,-77.5242,"-3.90000 0.80000 1.00000, 7.85000 5.65000 0.10000"
2761,0.0000,Tx-Rx,0,-82.7326,"-3.90000 0.80000 1.00000, -9.85000 5.95000 0.10000"
2762,0.0000,Tx-Rx,0,-80.1790,"-3.90000 0.80000 1.00000, -9.55000 5.95000 0.10000"
2763,0.0000,Tx-Rx,0,-81.1866,"-3.90000 0.80000 1.00000, -9.25000 5.95000 0.10000"
2764,0.0000,Tx-Rx,0,-79.0842,"-3.90000 0.80000 1.00000, -8.95000 5.95000 0.10000"
2765,0.0000,Tx-Rx,0,-82.8195,"-3.90000 0.80000 1.00000, -8.65000 5.95000 0.10000"
2766,0.0000,Tx-Rx,0,-93.7153,"-3.90000 0.80000 1.00000, -8.35000 5.95000 0.10000"
2767,0.0000,Tx-Rx,0,-67.2374,"-3.90000 0.80000 1.00000, -8.05000 5.95000 0.10000"
2768,0.0000,Tx-Rx,0,-62.5347,"-3.90000 0.80000 1.00000, -7.75000 5.95000 0.10000"
2769,0.0000,Tx-Rx,0,-56.6448,"-3.90000 0.80000 1.00000, -7.45000 5.95000 0.10000"
2770,0.0000,Tx-Rx,0,-55.1528,"-3.90000 0.80000 1.00000, -7.15000 5.95000 0.10000"
2771,0.0000,Tx-Rx,0,-55.0852,"-3.90000 0.80000 1.00000, -6.85000 5.95000 0.10000"
2772,0.0000,Tx-Rx,0,-51.2154,"-3.90000 0.80000 1.00000, -6.55000 5.95000 0.10000"
2773,0.0000,Tx-Rx,0,-49.4239,"-3.90000 0.80000 1.00000, -6.25000 5.95000 0.10000"
2774,0.0000,Tx-Rx,0,-49.5109,"-3.90000 0.80000 1.00000, -5.95000 5.95000 0.10000"
2775,0.0000,Tx-Rx,0,-49.5204,"-3.90000 0.80000 1.00000, -5.65000 5.95000 0.10000"
2776,0.0000,Tx-Rx,0,-48.5529,"-3.90000 0.80000 1.00000, -5.35000 5.95000 0.10000"
2777,0.0000,Tx-Rx,0,-47.2954,"-3.90000 0.80000 1.00000, -5.05000 5.95000 0.10000"
2778,0.0000,Tx-Rx,0,-48.9863,"-3.90000 0.80000 1.00000, -4.75000 5.95000 0.10000"
2779,0.0000,Tx-Rx,0,-49.8235,"-3.90000 0.80000 1.00000, -4.45000 5.95000 0.10000"
2780,0.0000,Tx-Rx,0,-49.2173,"-3.90000 0.80000 1.00000, -4.15000 5.95000 0.10000"
2781,0.0000,Tx-Rx,0,-49.4454,"-3.90000 0.80000 1.00000, -3.85000 5.95000 0.10000"
2782,0.0000,Tx-Rx,0,-49.3522,"-3.90000 0.80000 1.00000, -3.55000 5.95000 0.10000"
2783,0.0000,Tx-Rx,0,-50.4548,"-3.90000 0.80000 1.00000, -3.25000 5.95000 0.10000"
2784,0.0000,Tx-Rx,0,-49.2028,"-3.90000 0.80000 1.00000, -2.95000 5.95000 0.10000"
2785,0.0000,Tx-Rx,0,-49.2297,"-3.90000 0.80000 1.00000, -2.65000 5.95000 0.10000"
2786,0.0000,Tx-Rx,0,-49.0967,"-3.90000 0.80000 1.00000, -2.35000 5.95000 0.10000"
2787,0.0000,Tx-Rx,0,-48.7918,"-3.90000 0.80000 1.00000, -2.05000 5.95000 0.10000"
2788,0.0000,Tx-Rx,0,-49.4942,"-3.90000 0.80000 1.00000, -1.75000 5.95000 0.10000"
2789,0.0000,Tx-Rx,0,-49.7732,"-3.90000 0.80000 1.00000, -1.45000 5.95000 0.10000"
2790,0.0000,Tx-Rx,0,-50.0383,"-3.90000 0.80000 1.00000, -1.15000 5.95000 0.10000"
2791,0.0000,Tx-Rx,0,-50.2526,"-3.90000 0.80000 1.00000, -0.85000 5.95000 0.10000"
2792,0.0000,Tx-Rx,0,-49.9073,"-3.90000 0.80000 1.00000, -0.55000 5.95000 0.10000"
2793,0.0000,Tx-Rx,0,-49.7104,"-3.90000 0.80000 1.00000, -0.25000 5.95000 0.10000"
2794,0.0000,Tx-Rx,0,-54.4325,"-3.90000 0.80000 1.00000, 0.05000 5.95000 0.10000"
2795,0.0000,Tx-Rx,0,-68.1325,"-3.90000 0.80000 1.00000, 0.35000 5.95000 0.10000"
2796,0.0000,Tx-Rx,0,-53.4418,"-3.90000 0.80000 1.00000, 0.65000 5.95000 0.10000"
2797,0.0000,Tx-Rx,0,-51.8146,"-3.90000 0.80000 1.00000, 0.95000 5.95000 0.10000"
2798,0.0000,Tx-Rx,0,-51.9483,"-3.90000 0.80000 1.00000, 1.25000 5.95000 0.10000"
2799,0.0000,Tx-Rx,0,-52.1816,"-3.90000 0.80000 1.00000, 1.55000 5.95000 0.10000"
2800,0.0000,Tx-Rx,0,-53.9197,"-3.90000 0.80000 1.00000, 1.85000 5.95000 0.10000"
2801,0.0000,Tx-Rx,0,-60.9312,"-3.90000 0.80000 1.00000, 2.15000 5.95000 0.10000"
2802,0.0000,Tx-Rx,0,-61.7097,"-3.90000 0.80000 1.00000, 2.45000 5.95000 0.10000"
2803,0.0000,Tx-Rx,0,-63.5276,"-3.90000 0.80000 1.00000, 2.75000 5.95000 0.10000"
2804,0.0000,Tx-Rx,0,-65.6782,"-3.90000 0.80000 1.00000, 3.05000 5.95000 0.10000"
2805,0.0000,Tx-Rx,0,-64.6669,"-3.90000 0.80000 1.00000, 3.35000 5.95000 0.10000"
2806,0.0000,Tx-Rx,0,-64.1496,"-3.90000 0.80000 1.00000, 3.65000 5.95000 0.10000"
2807,0.0000,Tx-Rx,0,-64.7142,"-3.90000 0.80000 1.00000, 3.95000 5.95000 0.10000"
2808,0.0000,Tx-Rx,0,-65.8063,"-3.90000 0.80000 1.00000, 4.25000 5.95000 0.10000"
2809,0.0000,Tx-Rx,0,-66.5154,"-3.90000 0.80000 1.00000, 4.55000 5.95000 0.10000"
2810,0.0000,Tx-Rx,0,-66.4127,"-3.90000 0.80000 1.00000, 4.85000 5.95000 0.10000"
2811,0.0000,Tx-Rx,0,-66.5761,"-3.90000 0.80000 1.00000, 5.15000 5.95000 0.10000"
2812,0.0000,Tx-Rx,0,-67.6373,"-3.90000 0.80000 1.00000, 5.45000 5.95000 0.10000"
2813,0.0000,Tx-Rx,0,-68.7815,"-3.90000 0.80000 1.00000, 5.75000 5.95000 0.10000"
2814,0.0000,Tx-Rx,0,-71.2717,"-3.90000 0.80000 1.00000, 6.05000 5.95000 0.10000"
2815,0.0000,Tx-Rx,0,-74.2659,"-3.90000 0.80000 1.00000, 6.35000 5.95000 0.10000"
2816,0.0000,Tx-Rx,0,-73.5277,"-3.90000 0.80000 1.00000, 6.65000 5.95000 0.10000"
2817,0.0000,Tx-Rx,0,-73.1682,"-3.90000 0.80000 1.00000, 6.95000 5.95000 0.10000"
2818,0.0000,Tx-Rx,0,-72.0486,"-3.90000 0.80000 1.00000, 7.25000 5.95000 0.10000"
2819,0.0000,Tx-Rx,0,-72.6308,"-3.90000 0.80000 1.00000, 7.55000 5.95000 0.10000"
2820,0.0000,Tx-Rx,0,-80.9325,"-3.90000 0.80000 1.00000, 7.85000 5.95000 0.10000"
2821,0.0000,Tx-Rx,0,-81.3068,"-3.90000 0.80000 1.00000, -9.85000 6.25000 0.10000"
2822,0.0000,Tx-Rx,0,-79.1453,"-3.90000 0.80000 1.00000, -9.55000 6.25000 0.10000"
2823,0.0000,Tx-Rx,0,-79.4726,"-3.90000 0.80000 1.00000, -9.25000 6.25000 0.10000"
2824,0.0000,Tx-Rx,0,-81.5156,"-3.90000 0.80000 1.00000, -8.95000 6.25000 0.10000"
2825,0.0000,Tx-Rx,0,-87.4295,"-3.90000 0.80000 1.00000, -8.65000 6.25000 0.10000"
2826,0.0000,Tx-Rx,0,-95.2266,"-3.90000 0.80000 1.00000, -8.35000 6.25000 0.10000"
2827,0.0000,Tx-Rx,0,-67.8214,"-3.90000 0.80000 1.00000, -8.05000 6.25000 0.10000"
2828,0.0000,Tx-Rx,0,-62.6977,"-3.90000 0.80000 1.00000, -7.75000 6.25000 0.10000"
2829,0.0000,Tx-Rx,0,-58.9821,"-3.90000 0.80000 1.00000, -7.45000 6.25000 0.10000"
2830,0.0000,Tx-Rx,0,-56.7901,"-3.90000 0.80000 1.00000, -7.15000 6.25000 0.10000"
2831,0.0000,Tx-Rx,0,-54.1348,"-3.90000 0.80000 1.00000, -6.85000 6.25000 0.10000"
2832,0.0000,Tx-Rx,0,-49.7695,"-3.90000 0.80000 1.00000, -6.55000 6.25000 0.10000"
2833,0.0000,Tx-Rx,0,-49.7372,"-3.90000 0.80000 1.00000, -6.25000 6.25000 0.10000"
2834,0.0000,Tx-Rx,0,-49.8467,"-3.90000 0.80000 1.00000, -5.95000 6.25000 0.10000"
2835,0.0000,Tx-Rx,0,-49.7594,"-3.90000 0.80000 1.00000, -5.65000 6.25000 0.10000"
2836,0.0000,Tx-Rx,0,-49.3726,"-3.90000 0.80000 1.00000, -5.35000 6.25000 0.10000"
2837,0.0000,Tx-Rx,0,-47.7875,"-3.90000 0.80000 1.00000, -5.05000 6.25000 0.10000"
2838,0.0000,Tx-Rx,0,-48.4277,"-3.90000 0.80000 1.00000, -4.75000 6.25000 0.10000"
2839,0.0000,Tx-Rx,0,-49.9581,"-3.90000 0.80000 1.00000, -4.45000 6.25000 0.10000"
2840,0.0000,Tx-Rx,0,-49.4561,"-3.90000 0.80000 1.00000, -4.15000 6.25000 0.10000"
2841,0.0000,Tx-Rx,0,-50.6786,"-3.90000 0.80000 1.00000, -3.85000 6.25000 0.10000"
2842,0.0000,Tx-Rx,0,-49.7286,"-3.90000 0.80000 1.00000, -3.55000 6.25000 0.10000"
2843,0.0000,Tx-Rx,0,-50.5035,"-3.90000 0.80000 1.00000, -3.25000 6.25000 0.10000"
2844,0.0000,Tx-Rx,0,-49.5520,"-3.90000 0.80000 1.00000, -2.95000 6.25000 0.10000"
2845,0.0000,Tx-Rx,0,-49.6424,"-3.90000 0.80000 1.00000, -2.65000 6.25000 0.10000"
2846,0.0000,Tx-Rx,0,-49.5746,"-3.90000 0.80000 1.00000, -2.35000 6.25000 0.10000"
2847,0.0000,Tx-Rx,0,-49.5048,"-3.90000 0.80000 1.00000, -2.05000 6.25000 0.10000"
2848,0.0000,Tx-Rx,0,-49.7754,"-3.90000 0.80000 1.00000, -1.75000 6.25000 0.10000"
2849,0.0000,Tx-Rx,0,-50.1094,"-3.90000 0.80000 1.00000, -1.45000 6.25000 0.10000"
2850,0.0000,Tx-Rx,0,-50.2421,"-3.90000 0.80000 1.00000, -1.15000 6.25000 0.10000"
2851,0.0000,Tx-Rx,0,-50.0458,"-3.90000 0.80000 1.00000, -0.85000 6.25000 0.10000"
2852,0.0000,Tx-Rx,0,-49.8643,"-3.90000 0.80000 1.00000, -0.55000 6.25000 0.10000"
2853,0.0000,Tx-Rx,0,-49.8297,"-3.90000 0.80000 1.00000, -0.25000 6.25000 0.10000"
2854,0.0000,Tx-Rx,0,-54.5714,"-3.90000 0.80000 1.00000, 0.05000 6.25000 0.10000"
2855,0.0000,Tx-Rx,0,-68.0567,"-3.90000 0.80000 1.00000, 0.35000 6.25000 0.10000"
2856,0.0000,Tx-Rx,0,-64.4191,"-3.90000 0.80000 1.00000, 0.65000 6.25000 0.10000"
2857,0.0000,Tx-Rx,0,-53.3423,"-3.90000 0.80000 1.00000, 0.95000 6.25000 0.10000"
2858,0.0000,Tx-Rx,0,-52.1852,"-3.90000 0.80000 1.00000, 1.25000 6.25000 0.10000"
2859,0.0000,Tx-Rx,0,-52.3609,"-3.90000 0.80000 1.00000, 1.55000 6.25000 0.10000"
2860,0.0000,Tx-Rx,0,-52.5914,"-3.90000 0.80000 1.00000, 1.85000 6.25000 0.10000"
2861,0.0000,Tx-Rx,0,-53.5019,"-3.90000 0.80000 1.00000, 2.15000 6.25000 0.10000"
2862,0.0000,Tx-Rx,0,-60.1760,"-3.90000 0.80000 1.00000, 2.45000 6.25000 0.10000"
2863,0.0000,Tx-Rx,0,-68.8553,"-3.90000 0.80000 1.00000, 2.75000 6.25000 0.10000"
2864,0.0000,Tx-Rx,0,-67.2326,"-3.90000 0.80000 1.00000, 3.05000 6.25000 0.10000"
2865,0.0000,Tx-Rx,0,-67.1110,"-3.90000 0.80000 1.00000, 3.35000 6.25000 0.10000"
2866,0.0000,Tx-Rx,0,-66.7550,"-3.90000 0.80000 1.00000, 3.65000 6.25000 0.10000"
2867,0.0000,Tx-Rx,0,-66.1830,"-3.90000 0.80000 1.00000, 3.95000 6.25000 0.10000"
2868,0.0000,Tx-Rx,0,-65.1915,"-3.90000 0.80000 1.00000, 4.25000 6.25000 0.10000"
2869,0.0000,Tx-Rx,0,-65.8367,"-3.90000 0.80000 1.00000, 4.55000 6.25000 0.10000"
2870,0.0000,Tx-Rx,0,-65.6186,"-3.90000 0.80000 1.00000, 4.85000 6.25000 0.10000"
2871,0.0000,Tx-Rx,0,-65.7265,"-3.90000 0.80000 1.00000, 5.15000 6.25000 0.10000"
2872,0.0000,Tx-Rx,0,-65.8833,"-3.90000 0.80000 1.00000, 5.45000 6.25000 0.10000"
2873,0.0000,Tx-Rx,0,-66.0340,"-3.90000 0.80000 1.00000, 5.75000 6.25000 0.10000"
2874,0.0000,Tx-Rx,0,-66.2066,"-3.90000 0.80000 1.00000, 6.05000 6.25000 0.10000"
2875,0.0000,Tx-Rx,0,-67.5048,"-3.90000 0.80000 1.00000, 6.35000 6.25000 0.10000"
2876,0.0000,Tx-Rx,0,-69.5086,"-3.90000 0.80000 1.00000, 6.65000 6.25000 0.10000"
2877,0.0000,Tx-Rx,0,-71.8553,"-3.90000 0.80000 1.00000, 6.95000 6.25000 0.10000"
2878,0.0000,Tx-Rx,0,-73.0434,"-3.90000 0.80000 1.00000, 7.25000 6.25000 0.10000"
2879,0.0000,Tx-Rx,0,-80.5029,"-3.90000 0.80000 1.00000, 7.55000 6.25000 0.10000"
2880,0.0000,Tx-Rx,0,-84.7407,"-3.90000 0.80000 1.00000, 7.85000 6.25000 0.10000"
2881,0.0000,Tx-Rx,0,-80.8498,"-3.90000 0.80000 1.00000, -9.85000 6.55000 0.10000"
2882,0.0000,Tx-Rx,0,-80.4028,"-3.90000 0.80000 1.00000, -9.55000 6.55000 0.10000"
2883,0.0000,Tx-Rx,0,-82.2552,"-3.90000 0.80000 1.00000, -9.25000 6.55000 0.10000"
2884,0.0000,Tx-Rx,0,-92.9604,"-3.90000 0.80000 1.00000, -8.95000 6.55000 0.10000"
2885,0.0000,Tx-Rx,0,-95.6802,"-3.90000 0.80000 1.00000, -8.65000 6.55000 0.10000"
2886,0.0000,Tx-Rx,0,-93.3757,"-3.90000 0.80000 1.00000, -8.35000 6.55000 0.10000"
2887,0.0000,Tx-Rx,0,-69.0484,"-3.90000 0.80000 1.00000, -8.05000 6.55000 0.10000"
2888,0.0000,Tx-Rx,0,-62.1029,"-3.90000 0.80000 1.00000, -7.75000 6.55000 0.10000"
2889,0.0000,Tx-Rx,0,-60.9320,"-3.90000 0.80000 1.00000, -7.45000 6.55000 0.10000"
2890,0.0000,Tx-Rx,0,-57.7429,"-3.90000 0.80000 1.00000, -7.15000 6.55000 0.10000"
2891,0.0000,Tx-Rx,0,-52.0439,"-3.90000 0.80000 1.00000, -6.85000 6.55000 0.10000"
2892,0.0000,Tx-Rx,0,-49.9462,"-3.90000 0.80000 1.00000, -6.55000 6.55000 0.10000"
2893,0.0000,Tx-Rx,0,-50.0015,"-3.90000 0.80000 1.00000, -6.25000 6.55000 0.10000"
2894,0.0000,Tx-Rx,0,-50.0831,"-3.90000 0.80000 1.00000, -5.95000 6.55000 0.10000"
2895,0.0000,Tx-Rx,0,-49.8846,"-3.90000 0.80000 1.00000, -5.65000 6.55000 0.10000"
2896,0.0000,Tx-Rx,0,-49.7175,"-3.90000 0.80000 1.00000, -5.35000 6.55000 0.10000"
2897,0.0000,Tx-Rx,0,-49.0146,"-3.90000 0.80000 1.00000, -5.05000 6.55000 0.10000"
2898,0.0000,Tx-Rx,0,-47.7668,"-3.90000 0.80000 1.00000, -4.75000 6.55000 0.10000"
2899,0.0000,Tx-Rx,0,-49.6849,"-3.90000 0.80000 1.00000, -4.45000 6.55000 0.10000"
2900,0.0000,Tx-Rx,0,-50.3405,"-3.90000 0.80000 1.00000, -4.15000 6.55000 0.10000"
2901,0.0000,Tx-Rx,0,-51.5696,"-3.90000 0.80000 1.00000, -3.85000 6.55000 0.10000"
2902,0.0000,Tx-Rx,0,-49.8018,"-3.90000 0.80000 1.00000, -3.55000 6.55000 0.10000"
2903,0.0000,Tx-Rx,0,-50.9785,"-3.90000 0.80000 1.00000, -3.25000 6.55000 0.10000"
2904,0.0000,Tx-Rx,0,-50.1230,"-3.90000 0.80000 1.00000, -2.95000 6.55000 0.10000"
2905,0.0000,Tx-Rx,0,-50.1129,"-3.90000 0.80000 1.00000, -2.65000 6.55000 0.10000"
2906,0.0000,Tx-Rx,0,-50.4437,"-3.90000 0.80000 1.00000, -2.35000 6.55000 0.10000"
2907,0.0000,Tx-Rx,0,-50.2549,"-3.90000 0.80000 1.00000, -2.05000 6.55000 0.10000"
2908,0.0000,Tx-Rx,0,-50.1031,"-3.90000 0.80000 1.00000, -1.75000 6.55000 0.10000"
2909,0.0000,Tx-Rx,0,-50.4296,"-3.90000 0.80000 1.00000, -1.45000 6.55000 0.10000"
2910,0.0000,Tx-Rx,0,-50.2330,"-3.90000 0.80000 1.00000, -1.15000 6.55000 0.10000"
2911,0.0000,Tx-Rx,0,-49.9696,"-3.90000 0.80000 1.00000, -0.85000 6.55000 0.10000"
2912,0.0000,Tx-Rx,0,-50.0083,"-3.90000 0.80000 1.00000, -0.55000 6.55000 0.10000"
2913,0.0000,Tx-Rx,0,-50.0022,"-3.90000 0.80000 1.00000, -0.25000 6.55000 0.10000"
2914,0.0000,Tx-Rx,0,-54.6719,"-3.90000 0.80000 1.00000, 0.05000 6.55000 0.10000"
2915,0.0000,Tx-Rx,0,-68.1582,"-3.90000 0.80000 1.00000, 0.35000 6.55000 0.10000"
2916,0.0000,Tx-Rx,0,-74.7651,"-3.90000 0.80000 1.00000, 0.65000 6.55000 0.10000"
2917,0.0000,Tx-Rx,0,-63.7991,"-3.90000 0.80000 1.00000, 0.95000 6.55000 0.10000"
2918,0.0000,Tx-Rx,0,-53.4121,"-3.90000 0.80000 1.00000, 1.25000 6.55000 0.10000"
2919,0.0000,Tx-Rx,0,-52.4826,"-3.90000 0.80000 1.00000, 1.55000 6.55000 0.10000"
2920,0.0000,Tx-Rx,0,-52.4799,"-3.90000 0.80000 1.00000, 1.85000 6.55000 0.10000"
2921,0.0000,Tx-Rx,0,-51.6367,"-3.90000 0.80000 1.00000, 2.15000 6.55000 0.10000"
2922,0.0000,Tx-Rx,0,-54.5203,"-3.90000 0.80000 1.00000, 2.45000 6.55000 0.10000"
2923,0.0000,Tx-Rx,0,-270.0000,"-3.90000 0.80000 1.00000, 2.75000 6.55000 0.10000"
2924,0.0000,Tx-Rx,0,-270.0000,"-3.90000 0.80000 1.00000, 3.05000 6.55000 0.10000"
2925,0.0000,Tx-Rx,0,-91.7970,"-3.90000 0.80000 1.00000, 3.35000 6.55000 0.10000"
2926,0.0000,Tx-Rx,0,-87.7157,"-3.90000 0.80000 1.00000, 3.65000 6.55000 0.10000"
2927,0.0000,Tx-Rx,0,-75.6074,"-3.90000 0.80000 1.00000, 3.95000 6.55000 0.10000"
2928,0.0000,Tx-Rx,0,-74.1731,"-3.90000 0.80000 1.00000, 4.25000 6.55000 0.10000"
2929,0.0000,Tx-Rx,0,-74.0838,"-3.90000 0.80000 1.00000, 4.55000 6.55000 0.10000"
2930,0.0000,Tx-Rx,0,-74.4520,"-3.90000 0.80000 1.00000, 4.85000 6.55000 0.10000"
2931,0.0000,Tx-Rx,0,-74.6790,"-3.90000 0.80000 1.00000, 5.15000 6.55000 0.10000"
2932,0.0000,Tx-Rx,0,-74.3317,"-3.90000 0.80000 1.00000, 5.45000 6.55000 0.10000"
2933,0.0000,Tx-Rx,0,-74.6085,"-3.90000 0.80000 1.00000, 5.75000 6.55000 0.10000"
2934,0.0000,Tx-Rx,0,-74.1468,"-3.90000 0.80000 1.00000, 6.05000 6.55000 0.10000"
2935,0.0000,Tx-Rx,0,-74.8164,"-3.90000 0.80000 1.00000, 6.35000 6.55000 0.10000"
2936,0.0000,Tx-Rx,0,-74.8618,"-3.90000 0.80000 1.00000, 6.65000 6.55000 0.10000"
2937,0.0000,Tx-Rx,0,-77.3124,"-3.90000 0.80000 1.00000, 6.95000 6.55000 0.10000"
2938,0.0000,Tx-Rx,0,-83.1976,"-3.90000 0.80000 1.00000, 7.25000 6.55000 0.10000"
2939,0.0000,Tx-Rx,0,-83.7647,"-3.90000 0.80000 1.00000, 7.55000 6.55000 0.10000"
2940,0.0000,Tx-Rx,0,-84.3872,"-3.90000 0.80000 1.00000, 7.85000 6.55000 0.10000"
2941,0.0000,Tx-Rx,0,-82.2612,"-3.90000 0.80000 1.00000, -9.85000 6.85000 0.10000"
2942,0.0000,Tx-Rx,0,-82.8612,"-3.90000 0.80000 1.00000, -9.55000 6.85000 0.10000"
2943,0.0000,Tx-Rx,0,-96.3404,"-3.90000 0.80000 1.00000, -9.25000 6.85000 0.10000"
2944,0.0000,Tx-Rx,0,-99.4593,"-3.90000 0.80000 1.00000, -8.95000 6.85000 0.10000"
2945,0.0000,Tx-Rx,0,-95.3633,"-3.90000 0.80000 1.00000, -8.65000 6.85000 0.10000"
2946,0.0000,Tx-Rx,0,-97.0690,"-3.90000 0.80000 1.00000, -8.35000 6.85000 0.10000"
2947,0.0000,Tx-Rx,0,-68.4504,"-3.90000 0.80000 1.00000, -8.05000 6.85000 0.10000"
2948,0.0000,Tx-Rx,0,-61.4190,"-3.90000 0.80000 1.00000, -7.75000 6.85000 0.10000"
2949,0.0000,Tx-Rx,0,-61.3519,"-3.90000 0.80000 1.00000, -7.45000 6.85000 0.10000"
2950,0.0000,Tx-Rx,0,-56.9771,"-3.90000 0.80000 1.00000, -7.15000 6.85000 0.10000"
2951,0.0000,Tx-Rx,0,-50.8977,"-3.90000 0.80000 1.00000, -6.85000 6.85000 0.10000"
2952,0.0000,Tx-Rx,0,-50.5187,"-3.90000 0.80000 1.00000, -6.55000 6.85000 0.10000"
2953,0.0000,Tx-Rx,0,-50.2540,"-3.90000 0.80000 1.00000, -6.25000 6.85000 0.10000"
2954,0.0000,Tx-Rx,0,-50.2778,"-3.90000 0.80000 1.00000, -5.95000 6.85000 0.10000"
2955,0.0000,Tx-Rx,0,-50.0223,"-3.90000 0.80000 1.00000, -5.65000 6.85000 0.10000"
2956,0.0000,Tx-Rx,0,-50.0846,"-3.90000 0.80000 1.00000, -5.35000 6.85000 0.10000"
2957,0.0000,Tx-Rx,0,-49.7549,"-3.90000 0.80000 1.00000, -5.05000 6.85000 0.10000"
2958,0.0000,Tx-Rx,0,-48.3445,"-3.90000 0.80000 1.00000, -4.75000 6.85000 0.10000"
2959,0.0000,Tx-Rx,0,-48.3352,"-3.90000 0.80000 1.00000, -4.45000 6.85000 0.10000"
2960,0.0000,Tx-Rx,0,-50.8417,"-3.90000 0.80000 1.00000, -4.15000 6.85000 0.10000"
2961,0.0000,Tx-Rx,0,-51.3650,"-3.90000 0.80000 1.00000, -3.85000 6.85000 0.10000"
2962,0.0000,Tx-Rx,0,-50.0244,"-3.90000 0.80000 1.00000, -3.55000 6.85000 0.10000"
2963,0.0000,Tx-Rx,0,-51.1736,"-3.90000 0.80000 1.00000, -3.25000 6.85000 0.10000"
2964,0.0000,Tx-Rx,0,-50.4706,"-3.90000 0.80000 1.00000, -2.95000 6.85000 0.10000"
2965,0.0000,Tx-Rx,0,-50.6770,"-3.90000 0.80000 1.00000, -2.65000 6.85000 0.10000"
2966,0.0000,Tx-Rx,0,-50.7426,"-3.90000 0.80000 1.00000, -2.35000 6.85000 0.10000"
2967,0.0000,Tx-Rx,0,-50.7484,"-3.90000 0.80000 1.00000, -2.05000 6.85000 0.10000"
2968,0.0000,Tx-Rx,0,-50.6320,"-3.90000 0.80000 1.00000, -1.75000 6.85000 0.10000"
2969,0.0000,Tx-Rx,0,-50.5021,"-3.90000 0.80000 1.00000, -1.45000 6.85000 0.10000"
2970,0.0000,Tx-Rx,0,-50.1702,"-3.90000 0.80000 1.00000, -1.15000 6.85000 0.10000"
2971,0.0000,Tx-Rx,0,-50.1656,"-3.90000 0.80000 1.00000, -0.85000 6.85000 0.10000"
2972,0.0000,Tx-Rx,0,-50.1150,"-3.90000 0.80000 1.00000, -0.55000 6.85000 0.10000"
2973,0.0000,Tx-Rx,0,-50.1416,"-3.90000 0.80000 1.00000, -0.25000 6.85000 0.10000"
2974,0.0000,Tx-Rx,0,-54.9528,"-3.90000 0.80000 1.00000, 0.05000 6.85000 0.10000"
2975,0.0000,Tx-Rx,0,-68.8952,"-3.90000 0.80000 1.00000, 0.35000 6.85000 0.10000"
2976,0.0000,Tx-Rx,0,-73.5408,"-3.90000 0.80000 1.00000, 0.65000 6.85000 0.10000"
2977,0.0000,Tx-Rx,0,-71.9655,"-3.90000 0.80000 1.00000, 0.95000 6.85000 0.10000"
2978,0.0000,Tx-Rx,0,-61.7626,"-3.90000 0.80000 1.00000, 1.25000 6.85000 0.10000"
2979,0.0000,Tx-Rx,0,-53.3375,"-3.90000 0.80000 1.00000, 1.55000 6.85000 0.10000"
2980,0.0000,Tx-Rx,0,-51.3527,"-3.90000 0.80000 1.00000, 1.85000 6.85000 0.10000"
2981,0.0000,Tx-Rx,0,-50.2616,"-3.90000 0.80000 1.00000, 2.15000 6.85000 0.10000"
2982,0.0000,Tx-Rx,0,-54.2741,"-3.90000 0.80000 1.00000, 2.45000 6.85000 0.10000"
2983,0.0000,Tx-Rx,0,-270.0000,"-3.90000 0.80000 1.00000, 2.75000 6.85000 0.10000"
2984,0.0000,Tx-Rx,0,-270.0000,"-3.90000 0.80000 1.00000, 3.05000 6.85000 0.10000"
2985,0.0000,Tx-Rx,0,-93.2505,"-3.90000 0.80000 1.00000, 3.35000 6.85000 0.10000"
2986,0.0000,Tx-Rx,0,-92.2995,"-3.90000 0.80000 1.00000, 3.65000 6.85000 0.10000"
2987,0.0000,Tx-Rx,0,-90.3879,"-3.90000 0.80000 1.00000, 3.95000 6.85000 0.10000"
2988,0.0000,Tx-Rx,0,-90.8209,"-3.90000 0.80000 1.00000, 4.25000 6.85000 0.10000"
2989,0.0000,Tx-Rx,0,-88.0065,"-3.90000 0.80000 1.00000, 4.55000 6.85000 0.10000"
2990,0.0000,Tx-Rx,0,-83.3400,"-3.90000 0.80000 1.00000, 4.85000 6.85000 0.10000"
2991,0.0000,Tx-Rx,0,-82.4651,"-3.90000 0.80000 1.00000, 5.15000 6.85000 0.10000"
2992,0.0000,Tx-Rx,0,-80.4517,"-3.90000 0.80000 1.00000, 5.45000 6.85000 0.10000"
2993,0.0000,Tx-Rx,0,-80.1785,"-3.90000 0.80000 1.00000, 5.75000 6.85000 0.10000"
2994,0.0000,Tx-Rx,0,-79.6269,"-3.90000 0.80000 1.00000, 6.05000 6.85000 0.10000"
2995,0.0000,Tx-Rx,0,-79.9561,"-3.90000 0.80000 1.00000, 6.35000 6.85000 0.10000"
2996,0.0000,Tx-Rx,0,-80.5178,"-3.90000 0.80000 1.00000, 6.65000 6.85000 0.10000"
2997,0.0000,Tx-Rx,0,-81.6326,"-3.90000 0.80000 1.00000, 6.95000 6.85000 0.10000"
2998,0.0000,Tx-Rx,0,-80.8122,"-3.90000 0.80000 1.00000, 7.25000 6.85000 0.10000"
2999,0.0000,Tx-Rx,0,-80.4022,"-3.90000 0.80000 1.00000, 7.55000 6.85000 0.10000"
3000,0.0000,Tx-Rx,0,-81.1734,"-3.90000 0.80000 1.00000, 7.85000 6.85000 0.10000"
